{
    "source": {
        "content": "“西安交大二附院。患者等待近2个小时无人搭理”网页链接（使用#秒拍#录制,免流量看热门短视频!） ",
        "time": "17-3-20 21:16",
        "user id": "13023344",
        "tweet id": "EAHSH4jKp",
        "label": 1,
        "theme": null
    },
    "comment": [
        {
            "comment id": 0,
            "parent": -1,
            "children": [
                1,
                3,
                4,
                5,
                6,
                7,
                8
            ],
            "user id": "2955802360",
            "user name": "大喋喋ya",
            "content": "救死扶伤的地方居然就让一条本可以存活的生命消逝，虽然是制度的缺陷，但也是医院人情的冷漠，并没有把病人放在首位。",
            "time": "17-3-22 08:25"
        },
        {
            "comment id": 1,
            "parent": 0,
            "children": [],
            "user id": "2630601673",
            "user name": "Erkklwei",
            "content": "妹子，你被带节奏了，你看看全文和院方的监控视频。",
            "time": "17-3-22 11:57"
        },
        {
            "comment id": 2,
            "parent": 3,
            "children": [],
            "user id": "2955802360",
            "user name": "大喋喋ya",
            "content": "回复@Drleixing:你有病啊，我只是对于我知道的进行评论，一种看法而已，我觉得打你脸很爽。。。",
            "time": "17-3-22 10:55"
        },
        {
            "comment id": 3,
            "parent": 0,
            "children": [
                2
            ],
            "user id": "1410235754",
            "user name": "Drleixing",
            "content": "跟着造谣传谣的一起无脑喷，被打脸爽吗？",
            "time": "17-3-22 10:54"
        },
        {
            "comment id": 4,
            "parent": 0,
            "children": [],
            "user id": "5172227680",
            "user name": "生生syf",
            "content": "造谣者举报",
            "time": "17-3-22 09:28"
        },
        {
            "comment id": 5,
            "parent": 0,
            "children": [],
            "user id": "2955802360",
            "user name": "大喋喋ya",
            "content": "回复@咩咩等等蠢蠢:是我狭隘了，只看了标题党。",
            "time": "17-3-22 09:13"
        },
        {
            "comment id": 6,
            "parent": 0,
            "children": [],
            "user id": "5743537312",
            "user name": "啾咪君吖",
            "content": "谣言啊，几分钟就处理了",
            "time": "17-3-22 09:12"
        },
        {
            "comment id": 7,
            "parent": 0,
            "children": [],
            "user id": "2955802360",
            "user name": "大喋喋ya",
            "content": "回复@咩咩等等蠢蠢:所以是制度的缺陷啊。",
            "time": "17-3-22 08:37"
        },
        {
            "comment id": 8,
            "parent": 0,
            "children": [],
            "user id": "5148923826",
            "user name": "钮钴禄玉莹",
            "content": "图片评论 网页链接",
            "time": "17-3-22 08:30"
        },
        {
            "comment id": 9,
            "parent": -1,
            "children": [],
            "user id": "2607545951",
            "user name": "taotaooo",
            "content": "在医患关系并不和谐的今天，还有人用一个39秒毫无根据的视频造这种谣，希望所有造谣的人都被抓起来枪毙两小时 ​ ",
            "time": "17-3-22 09:09"
        },
        {
            "comment id": 10,
            "parent": -1,
            "children": [],
            "user id": "5148923826",
            "user name": "钮钴禄玉莹",
            "content": "造谣是要坐牢的 ",
            "time": "17-3-22 08:29"
        },
        {
            "comment id": 11,
            "parent": -1,
            "children": [],
            "user id": "5314795158",
            "user name": "Angela郭郭的污力天使",
            "content": "真不知道这么无中生有地给医护工作者抹黑，你们是涨工资了，还是觉得自己能百毒不侵了！长脑子了吗？就这么不负责任地转发是吗？转发前不调查吗？你就这么希望医患关系越来越紧张？既然你这么看不起医生，以后有病自己治，打死你都别去医院！",
            "time": "17-3-22 08:40"
        },
        {
            "comment id": 12,
            "parent": -1,
            "children": [],
            "user id": "5562570513",
            "user name": "Evil訞孽",
            "content": "造谣者shi啦 ",
            "time": "17-3-22 09:24"
        },
        {
            "comment id": 13,
            "parent": -1,
            "children": [],
            "user id": "2648554597",
            "user name": "叫我小胡子丽丽",
            "content": "还不删除的，是等着被医生起诉么？",
            "time": "17-3-22 09:15"
        },
        {
            "comment id": 14,
            "parent": -1,
            "children": [],
            "user id": "1717993514",
            "user name": "汉水179",
            "content": "一时造谣爽",
            "time": "17-3-22 08:50"
        },
        {
            "comment id": 15,
            "parent": -1,
            "children": [],
            "user id": "1774021421",
            "user name": "Hi田歌",
            "content": "你所转发的这些不实信息会给很多不明事实的群众多大误解你知道吗，没查明就肆意遐想转发医院就应该告你，你简直了，很多的矛盾都是这样产生的",
            "time": "17-3-22 08:39"
        },
        {
            "comment id": 16,
            "parent": -1,
            "children": [
                17
            ],
            "user id": "5970576502",
            "user name": "用户5970576502",
            "content": "救死扶伤，是医生的天职，病人进院，及不可待，无人搭理，医院太失职",
            "time": "17-3-20 21:28"
        },
        {
            "comment id": 17,
            "parent": 16,
            "children": [],
            "user id": "5979973613",
            "user name": "Winnie_WMR",
            "content": "谣言",
            "time": "17-3-22 08:39"
        },
        {
            "comment id": 18,
            "parent": -1,
            "children": [],
            "user id": "5358697777",
            "user name": "长沙县彭于晏",
            "content": "这种V改封！",
            "time": "17-3-22 08:59"
        },
        {
            "comment id": 19,
            "parent": -1,
            "children": [],
            "user id": "5447002093",
            "user name": "住在小困心里的懒懒",
            "content": "要不要脸，乱传谣言",
            "time": "17-3-22 09:02"
        }
    ]
}