{
    "source": {
        "content": "西安交大二附院。患者等待近2个小时无人搭理网页链接（使用#秒拍#录制，免流量看热门短视频！） ",
        "time": "17-3-20 21:35",
        "user id": "5137588951",
        "tweet id": "EAI0812jQ",
        "label": 1,
        "theme": null
    },
    "comment": [
        {
            "comment id": 0,
            "parent": -1,
            "children": [
                1,
                2,
                3,
                4,
                5,
                6
            ],
            "user id": "1741665860",
            "user name": "小M幸a运y",
            "content": "必须帮转！！",
            "time": "17-3-22 08:42"
        },
        {
            "comment id": 1,
            "parent": 0,
            "children": [],
            "user id": "5172227680",
            "user name": "生生syf",
            "content": "造谣，举报",
            "time": "17-3-22 09:26"
        },
        {
            "comment id": 2,
            "parent": 0,
            "children": [],
            "user id": "2424113037",
            "user name": "孜骆蘭Ddit",
            "content": "上网带脑。我到你微博看看你是不是真转了。",
            "time": "17-3-22 09:17"
        },
        {
            "comment id": 3,
            "parent": 0,
            "children": [],
            "user id": "5743537312",
            "user name": "啾咪君吖",
            "content": "谣言",
            "time": "17-3-22 09:12"
        },
        {
            "comment id": 4,
            "parent": 0,
            "children": [],
            "user id": "5358697777",
            "user name": "长沙县彭于晏",
            "content": "智障",
            "time": "17-3-22 08:58"
        },
        {
            "comment id": 5,
            "parent": 0,
            "children": [],
            "user id": "1884625381",
            "user name": "Jmmmmm_N",
            "content": "转你妹啊 是不是有病 早都辟谣了好不好 你最好别生病",
            "time": "17-3-22 08:52"
        },
        {
            "comment id": 6,
            "parent": 0,
            "children": [],
            "user id": "2692087783",
            "user name": "森焚",
            "content": "这消息是假的，辟谣了早就",
            "time": "17-3-22 08:47"
        },
        {
            "comment id": 7,
            "parent": -1,
            "children": [],
            "user id": "3024582745",
            "user name": "白茶清欢-zzz",
            "content": "@白茶清欢-zzz：脑子是个好东西希望你有，没了解清楚事情原委又在恶意煽动人群了 网页链接",
            "time": "17-3-22 08:47"
        },
        {
            "comment id": 8,
            "parent": -1,
            "children": [],
            "user id": "1774021421",
            "user name": "Hi田歌",
            "content": "你所转发的这些不实信息会给很多不明事实的群众多大误解你知道吗，没查明就肆意遐想转发医院就应该告你，你简直了，很多的矛盾都是这样产生的",
            "time": "17-3-22 08:39"
        },
        {
            "comment id": 9,
            "parent": -1,
            "children": [],
            "user id": "5172227680",
            "user name": "生生syf",
            "content": "举报造谣",
            "time": "17-3-22 09:26"
        },
        {
            "comment id": 10,
            "parent": -1,
            "children": [],
            "user id": "2132924411",
            "user name": "DoryHan",
            "content": "转发时请带上脑子啊，谢谢 网页链接",
            "time": "17-3-22 09:21"
        },
        {
            "comment id": 11,
            "parent": -1,
            "children": [],
            "user id": "2353477631",
            "user name": "祝你早安午安晚安一切安好",
            "content": "希望你能得绝症",
            "time": "17-3-22 08:54"
        },
        {
            "comment id": 12,
            "parent": -1,
            "children": [],
            "user id": "1884625381",
            "user name": "Jmmmmm_N",
            "content": "转你妹啊 是不是有病 早都辟谣了好不好 你最好别生病 医患关系就你这种人搞坏的",
            "time": "17-3-22 08:52"
        }
    ]
}