{
    "source": {
        "content": "#西安身边事#【爆料】@长安腊牛肉 来稿：西安交大二附院，一名受伤且血流不止的男子等待近2个小时无人搭理、抢救！大夫让先挂号再说，但伤者身上因无有效证件而无法挂号，就这样一直耗着！ （求知情者补充详情）via西安直播  网页链接 ",
        "time": "17-3-20 21:39",
        "user id": "5765298156",
        "tweet id": "EAI1Jjw7q",
        "label": 1,
        "theme": null
    },
    "comment": [
        {
            "comment id": 0,
            "parent": -1,
            "children": [],
            "user id": "5082181613",
            "user name": "放緃吥羁愛自遊",
            "content": "生命在医生面前不应该是高于一切的吗",
            "time": "17-3-20 21:49"
        },
        {
            "comment id": 1,
            "parent": -1,
            "children": [],
            "user id": "6018903450",
            "user name": "言嘛嘛2016--皇儿宝纸尿裤拉拉裤",
            "content": "有些医院医生和患者是仇人，医生巴不得你到医院之前就死掉，省得还得受累就你",
            "time": "17-3-23 22:12"
        },
        {
            "comment id": 2,
            "parent": -1,
            "children": [],
            "user id": "6068031547",
            "user name": "八块的微博",
            "content": "已截图举报，医生在救死扶伤，你们不问真假拿起来就喷，这到底是新闻还是造谣，好意思叫校园头条，再不祸害学生了，陕西人不需要你们这种自媒体@陕西网警巡查执法 ",
            "time": "17-3-21 22:37"
        },
        {
            "comment id": 3,
            "parent": -1,
            "children": [],
            "user id": "5802251652",
            "user name": "云月女巫",
            "content": "删了",
            "time": "17-3-22 02:38"
        },
        {
            "comment id": 4,
            "parent": -1,
            "children": [],
            "user id": "3253568300",
            "user name": "我是谁3253568300",
            "content": "医患关系紧张，是谁造成的，这个人要就这样死到这里了，医院承担这个责任吗",
            "time": "17-3-21 10:11"
        }
    ]
}