{
    "source": {
        "content": "#长沙身边事#据网友反映：买到的陈克明面条是橡胶做的？（视频@敏哒2 ） 秒拍视频 .  ",
        "time": "17-3-26 23:10",
        "user id": "5270056557",
        "tweet id": "EBDbNgzti",
        "label": 1,
        "theme": null
    },
    "comment": [
        {
            "comment id": 0,
            "parent": -1,
            "children": [],
            "user id": "1935622204",
            "user name": "在长沙",
            "content": "面粉中因含有蛋白质而具有水泡后粘黏的手感，这种物质俗称“面筋”。另外面粉还能爆炸呢，谁吃出火药味了？",
            "time": "17-3-27 09:28"
        },
        {
            "comment id": 1,
            "parent": -1,
            "children": [],
            "user id": "1935622204",
            "user name": "在长沙",
            "content": "假的",
            "time": "17-3-27 09:19"
        },
        {
            "comment id": 2,
            "parent": -1,
            "children": [],
            "user id": "3474891910",
            "user name": "说长沙",
            "content": "这应该是假的",
            "time": "17-3-26 23:17"
        },
        {
            "comment id": 3,
            "parent": -1,
            "children": [],
            "user id": "5353075597",
            "user name": "Lymh嗳",
            "content": "额，作为一个北方人从小吃面食长大这种挂面我小时候我爷爷经常做所以这是正常的好吗不懂别装懂别黑人家，更不要谣传。",
            "time": "17-3-27 00:23"
        },
        {
            "comment id": 4,
            "parent": -1,
            "children": [
                5
            ],
            "user id": "2721206533",
            "user name": "敏哒2",
            "content": "已做实验   明天会再上传",
            "time": "17-3-26 23:18"
        },
        {
            "comment id": 5,
            "parent": 4,
            "children": [],
            "user id": "2925691285",
            "user name": "重庆夢鳐舞蹈团艺术工作室",
            "content": "等待你的实验",
            "time": "17-3-27 11:29"
        },
        {
            "comment id": 6,
            "parent": -1,
            "children": [],
            "user id": "1940726404",
            "user name": "蜜筱塔嬄朵",
            "content": "面筋吧！读书时学过怎么把面条洗成面筋何况人家橡胶可不便宜",
            "time": "17-3-27 00:14"
        },
        {
            "comment id": 7,
            "parent": -1,
            "children": [],
            "user id": "3845686485",
            "user name": "愚蠢的土拨鼠Z",
            "content": "这是面筋好吧。。。。。。",
            "time": "17-3-26 23:12"
        },
        {
            "comment id": 8,
            "parent": -1,
            "children": [],
            "user id": "5619580452",
            "user name": "图图若-",
            "content": "最怕智障会用手机，传谣言不用付责任？",
            "time": "17-3-27 02:02"
        },
        {
            "comment id": 9,
            "parent": -1,
            "children": [],
            "user id": "2121585534",
            "user name": "Null己注销",
            "content": "不会是上次发紫菜的那个人吧？",
            "time": "17-3-28 07:50"
        },
        {
            "comment id": 10,
            "parent": -1,
            "children": [],
            "user id": "2925691285",
            "user name": "重庆夢鳐舞蹈团艺术工作室",
            "content": "真的是瞎说胡说海说的传播谣言哦！真会造谣这个人！一天没事干学人家发“紫菜”视频的一样传播谣言！没有常识在这里搞实验！把任何挂面泡水里好的挂面都会粘稠在一起！那叫做“面筋”！小心“陈克明”国家认证面条控告发视频着非法传播谣言造谣生事！",
            "time": "17-3-27 11:29"
        },
        {
            "comment id": 11,
            "parent": -1,
            "children": [],
            "user id": "1763345264",
            "user name": "水晶肉丸子",
            "content": "没文化真可怕",
            "time": "17-3-27 09:37"
        },
        {
            "comment id": 12,
            "parent": -1,
            "children": [],
            "user id": "5493352740",
            "user name": "知识浅薄的摩卡",
            "content": "是个人都看得出来是面筋",
            "time": "17-3-28 22:40"
        },
        {
            "comment id": 13,
            "parent": -1,
            "children": [],
            "user id": "2925691285",
            "user name": "重庆夢鳐舞蹈团艺术工作室",
            "content": "有面筋的面才是好面！ 本来我不太懂面！ 但是我都能看出面筋 发视频着造谣的是傻啊",
            "time": "17-3-27 11:20"
        },
        {
            "comment id": 14,
            "parent": -1,
            "children": [],
            "user id": "2722705363",
            "user name": "疯子笑笑笑笑笑哇",
            "content": "这位是在秀智商么？",
            "time": "17-3-27 09:40"
        },
        {
            "comment id": 15,
            "parent": -1,
            "children": [],
            "user id": "3589154960",
            "user name": "Hyf丶丶",
            "content": "@个斑马ww",
            "time": "17-5-31 18:35"
        },
        {
            "comment id": 16,
            "parent": -1,
            "children": [],
            "user id": "1743874431",
            "user name": "洋芋2005",
            "content": "面筋啊",
            "time": "17-3-31 10:25"
        },
        {
            "comment id": 17,
            "parent": -1,
            "children": [],
            "user id": "2880182782",
            "user name": "阿什利佛法",
            "content": "脑子是个好东西，可惜你没有",
            "time": "17-3-30 21:39"
        },
        {
            "comment id": 18,
            "parent": -1,
            "children": [],
            "user id": "2152181002",
            "user name": "晚安曾先森_",
            "content": "没常识还传谣，是有多可怕",
            "time": "17-3-30 02:34"
        },
        {
            "comment id": 19,
            "parent": -1,
            "children": [],
            "user id": "1213642822",
            "user name": "Arenas_m",
            "content": "现在传谣这么简单？",
            "time": "17-3-27 09:33"
        },
        {
            "comment id": 20,
            "parent": -1,
            "children": [],
            "user id": "6097110884",
            "user name": "金牌皇冠6097110884",
            "content": "没文化 不可怕 传谣言 真愚蠢",
            "time": "17-3-27 12:36"
        },
        {
            "comment id": 21,
            "parent": -1,
            "children": [],
            "user id": "6071000278",
            "user name": "桦霓N",
            "content": "面筋 大哥。。。",
            "time": "17-3-27 04:54"
        },
        {
            "comment id": 22,
            "parent": -1,
            "children": [],
            "user id": "2832565174",
            "user name": "偷得弗森半日闲",
            "content": "智商堪忧",
            "time": "19-6-1 22:41"
        }
    ]
}