{
    "source": {
        "content": "看到没有看到没有？这样的蛋制品谁敢买？ 秒拍视频 . ",
        "time": "17-3-29 19:37",
        "user id": "1796509274",
        "tweet id": "EC44M4pgq",
        "label": 1,
        "theme": null
    },
    "comment": [
        {
            "comment id": 0,
            "parent": -1,
            "children": [
                1
            ],
            "user id": "2528030487",
            "user name": "supersuper俗",
            "content": "鸭蛋   不敢买了可怕",
            "time": "17-3-30 08:09"
        },
        {
            "comment id": 1,
            "parent": 0,
            "children": [
                2
            ],
            "user id": "1796509274",
            "user name": "Nicky要努力微微笑",
            "content": "也不知道，以前吃没爱过这样的鸭蛋",
            "time": "17-3-30 08:27"
        },
        {
            "comment id": 2,
            "parent": 1,
            "children": [],
            "user id": "2528030487",
            "user name": "supersuper俗",
            "content": "回复@Nicky要努力微微笑:去乡下买鸭蛋吃",
            "time": "17-3-30 09:07"
        },
        {
            "comment id": 3,
            "parent": -1,
            "children": [
                4
            ],
            "user id": "1782779011",
            "user name": "卡拉的爸Z",
            "content": "这是什么蛋",
            "time": "17-3-29 20:02"
        },
        {
            "comment id": 4,
            "parent": 3,
            "children": [],
            "user id": "1796509274",
            "user name": "Nicky要努力微微笑",
            "content": "我感觉是鸭蛋",
            "time": "17-3-29 22:46"
        },
        {
            "comment id": 5,
            "parent": -1,
            "children": [
                6
            ],
            "user id": "5055937834",
            "user name": "小愚若大智",
            "content": "原来蛋都有假的",
            "time": "17-3-30 19:38"
        },
        {
            "comment id": 6,
            "parent": 5,
            "children": [],
            "user id": "1796509274",
            "user name": "Nicky要努力微微笑",
            "content": "假鸡蛋，假鸭蛋都有",
            "time": "17-3-31 23:27"
        },
        {
            "comment id": 7,
            "parent": -1,
            "children": [],
            "user id": "3742643640",
            "user name": "紫韵清香mm",
            "content": "这是一款玩具蛋，电视新闻已经辟谣了",
            "time": "17-4-10 18:18"
        },
        {
            "comment id": 8,
            "parent": -1,
            "children": [],
            "user id": "1777079155",
            "user name": "滑蛋超人",
            "content": "玩具蛋！玩具蛋！玩具蛋！你们会买塑料蛋壳的蛋吃吗？？？",
            "time": "17-4-13 23:36"
        },
        {
            "comment id": 9,
            "parent": -1,
            "children": [],
            "user id": "5836372936",
            "user name": "用户5836372936",
            "content": "中国人怎么这么牛逼，没有搞不出来的假货",
            "time": "17-4-15 08:56"
        }
    ]
}