{
    "source": {
        "content": "这是传说中的人造蛋吗？厉害了！#低调炫技#秒拍视频 ",
        "time": "17-4-1 09:01",
        "user id": "5724040979",
        "tweet id": "ECsc44Ziy",
        "label": 1,
        "theme": null
    },
    "comment": [
        {
            "comment id": 0,
            "parent": -1,
            "children": [],
            "user id": "6066478814",
            "user name": "-Damon哟",
            "content": "上次发紫菜是塑料那个人   现在可能还在打官司",
            "time": "17-4-1 10:32"
        },
        {
            "comment id": 1,
            "parent": -1,
            "children": [],
            "user id": "1339695651",
            "user name": "小水又二狼",
            "content": "即使从经济学理论上，人造蛋也是不划算的。成本高于鸡蛋。你知道一只肉鸡拿来生蛋，鸡蛋的成本是多少吗？造谣生事，举报你杠杠的。",
            "time": "17-4-1 12:42"
        },
        {
            "comment id": 2,
            "parent": -1,
            "children": [],
            "user id": "5654597235",
            "user name": "六分之四十",
            "content": "唯恐天下不乱，什么人啊",
            "time": "17-4-1 09:11"
        },
        {
            "comment id": 3,
            "parent": -1,
            "children": [],
            "user id": "5485984869",
            "user name": "陌里里里",
            "content": "这是玩具吧。。我还买过呢，往地上一摔就一摊",
            "time": "17-4-1 20:57"
        },
        {
            "comment id": 4,
            "parent": -1,
            "children": [],
            "user id": "1706947841",
            "user name": "万万没想到的事情真的发生了",
            "content": "淘宝搜韩国 玩具蛋  2.5-3.5一个 卖的可比鸡蛋贵多了",
            "time": "17-4-1 10:40"
        },
        {
            "comment id": 5,
            "parent": -1,
            "children": [],
            "user id": "3937307601",
            "user name": "瘦卟瞭",
            "content": "信的人就是文盲",
            "time": "17-4-1 22:34"
        },
        {
            "comment id": 6,
            "parent": -1,
            "children": [],
            "user id": "3563092803",
            "user name": "送你一把胡萝伯",
            "content": " ",
            "time": "17-4-1 17:24"
        },
        {
            "comment id": 7,
            "parent": -1,
            "children": [],
            "user id": "1827248533",
            "user name": "chenchanglv",
            "content": "转发微博",
            "time": "17-4-1 16:52"
        },
        {
            "comment id": 8,
            "parent": -1,
            "children": [],
            "user id": "3137077284",
            "user name": "皮皮虾的皮皮铺",
            "content": "真的吃过假鸡蛋，蛋黄可以拎起来，真正的鸡蛋蛋黄是散的",
            "time": "17-4-1 14:20"
        },
        {
            "comment id": 9,
            "parent": -1,
            "children": [],
            "user id": "6104888597",
            "user name": "西瓜白汽水",
            "content": "别拿吃的开玩笑",
            "time": "17-4-1 09:38"
        },
        {
            "comment id": 10,
            "parent": -1,
            "children": [],
            "user id": "1838042060",
            "user name": "阿琥肚子饿了",
            "content": "你家的鸡蛋蛋白是白色的啊",
            "time": "17-4-1 09:33"
        },
        {
            "comment id": 11,
            "parent": -1,
            "children": [],
            "user id": "5219863461",
            "user name": "浩子777",
            "content": "最讨厌造谣的",
            "time": "17-4-1 09:17"
        },
        {
            "comment id": 12,
            "parent": -1,
            "children": [],
            "user id": "1248511094",
            "user name": "健美经济学家",
            "content": "明显是玩具吧 要不然成本肯定比鸡蛋高啊",
            "time": "17-4-1 09:04"
        },
        {
            "comment id": 13,
            "parent": -1,
            "children": [],
            "user id": "1826678864",
            "user name": "阿淼不是外星人",
            "content": "不懂别乱转载  这是一种玩具",
            "time": "17-4-1 09:04"
        },
        {
            "comment id": 14,
            "parent": -1,
            "children": [],
            "user id": "6029838647",
            "user name": "吢太凉峩透42870",
            "content": "太没良心了",
            "time": "17-4-1 09:02"
        },
        {
            "comment id": 15,
            "parent": -1,
            "children": [],
            "user id": "3176941452",
            "user name": "ich-11",
            "content": "@Zwhhhhhh06",
            "time": "17-4-1 14:35"
        },
        {
            "comment id": 16,
            "parent": -1,
            "children": [],
            "user id": "5840287288",
            "user name": "逃不出的沦陷_roi甜",
            "content": "可是我想说很多年前，大概九几年的样子吧，我就在家里订的《故事会》上看见过卖做人造蛋机器的广告，这么多年我也糊涂，到底有没有人造蛋这个技术",
            "time": "17-4-4 21:39"
        },
        {
            "comment id": 17,
            "parent": -1,
            "children": [],
            "user id": "1770141873",
            "user name": "筱禾辰",
            "content": "的确是人造蛋。但请加上玩具。为了点击率真是什么都可以随便写了",
            "time": "17-4-1 14:28"
        },
        {
            "comment id": 18,
            "parent": -1,
            "children": [],
            "user id": "1922620247",
            "user name": "风絮若烟尘",
            "content": "看到那么多明真相的群众就放心了。上次那个塑料紫菜的，还有什么塑料米粉的，流氓没文化还以为自己有文化最可怕",
            "time": "17-4-1 13:11"
        },
        {
            "comment id": 19,
            "parent": -1,
            "children": [],
            "user id": "1901932370",
            "user name": "热情无双哥哥",
            "content": "转发微博",
            "time": "17-4-1 10:22"
        }
    ]
}