{
    "source": {
        "content": "泸州太伏校园打人事件 这难道不是真相？@新浪四川 @中国社会报 ",
        "time": "17-4-8 19:44",
        "user id": "1732976545",
        "tweet id": "EDAovmUi9",
        "label": 1,
        "theme": null
    },
    "comment": [
        {
            "comment id": 0,
            "parent": -1,
            "children": [
                3
            ],
            "user id": "5018821511",
            "user name": "伟伟or猪猪",
            "content": "但是孩子手腕地方的一个伤一模一样，就在手腕处，一样，为什么有的人非要说不一样，为什么",
            "time": "17-4-9 22:14"
        },
        {
            "comment id": 1,
            "parent": 3,
            "children": [],
            "user id": "5018821511",
            "user name": "伟伟or猪猪",
            "content": "回复@石瓢先生:我还是觉得就是赵鑫",
            "time": "17-4-11 15:50"
        },
        {
            "comment id": 2,
            "parent": 3,
            "children": [],
            "user id": "2095171241",
            "user name": "你吗呀是的",
            "content": "回复@石瓢先生:被抓的都好几个 不差一个封号的",
            "time": "17-4-9 22:29"
        },
        {
            "comment id": 3,
            "parent": 0,
            "children": [
                1,
                2
            ],
            "user id": "1732976545",
            "user name": "石瓢先生",
            "content": "我还被举报了",
            "time": "17-4-9 22:27"
        },
        {
            "comment id": 4,
            "parent": -1,
            "children": [
                5
            ],
            "user id": "5264739099",
            "user name": "渝创渝新",
            "content": "他们说这是剪辑的",
            "time": "17-4-8 20:19"
        },
        {
            "comment id": 5,
            "parent": 4,
            "children": [],
            "user id": "1732976545",
            "user name": "石瓢先生",
            "content": "只愿给个真相",
            "time": "17-4-8 20:20"
        },
        {
            "comment id": 6,
            "parent": -1,
            "children": [
                7
            ],
            "user id": "2095171241",
            "user name": "你吗呀是的",
            "content": "负面新闻全被删！！~！~ 微博已经不用正常使用了",
            "time": "17-4-8 19:57"
        },
        {
            "comment id": 7,
            "parent": 6,
            "children": [],
            "user id": "1732976545",
            "user name": "石瓢先生",
            "content": "觉得可怜 对人 对事",
            "time": "17-4-8 20:09"
        },
        {
            "comment id": 8,
            "parent": -1,
            "children": [
                9,
                10
            ],
            "user id": "5092815343",
            "user name": "天天82478",
            "content": "这个不是，这个是黑社会被打的，但是伤痕和赵鑫几乎一样 都是这种颜色 政府在强势洗白！！！",
            "time": "17-4-8 19:55"
        },
        {
            "comment id": 9,
            "parent": 8,
            "children": [],
            "user id": "1732976545",
            "user name": "石瓢先生",
            "content": "",
            "time": "17-4-8 20:08"
        },
        {
            "comment id": 10,
            "parent": 8,
            "children": [],
            "user id": "6077964626",
            "user name": "就这样飘来飘去8200112",
            "content": "难道是找了一个双胞胎的视频？背后的淤青，手腕的伤口位置，都是那么的巧合？",
            "time": "17-4-9 02:44"
        },
        {
            "comment id": 11,
            "parent": -1,
            "children": [],
            "user id": "1874390972",
            "user name": "技术小能手",
            "content": "这个人又不是泸州这个娃儿，麻烦你们这些所谓的正义的化身，找准当事人哈",
            "time": "17-4-8 22:45"
        },
        {
            "comment id": 12,
            "parent": -1,
            "children": [],
            "user id": "5177426288",
            "user name": "wgl724983725",
            "content": "你看到的是别人愿意的",
            "time": "17-4-8 20:12"
        },
        {
            "comment id": 13,
            "parent": -1,
            "children": [],
            "user id": "1893947514",
            "user name": "sykes_",
            "content": "这个是其他事件的视屏",
            "time": "17-4-8 20:08"
        },
        {
            "comment id": 14,
            "parent": -1,
            "children": [],
            "user id": "2502131681",
            "user name": "neonsheep",
            "content": "我也看到了 太吓人了",
            "time": "17-4-8 19:48"
        }
    ]
}