{
    "source": {
        "content": "海佳味紫菜=塑料袋？@海佳水产 @青岛交通广播FM897 网页链接 . ",
        "time": "17-2-18 17:15",
        "user id": "2011677365",
        "tweet id": "Ew7tSoLHy",
        "label": 1,
        "theme": null
    },
    "comment": [
        {
            "comment id": 0,
            "parent": -1,
            "children": [
                2,
                3,
                4
            ],
            "user id": "2459183611",
            "user name": "城市泥鳅",
            "content": "是不是塑料，点火试试",
            "time": "17-2-18 20:18"
        },
        {
            "comment id": 1,
            "parent": 2,
            "children": [],
            "user id": "5376089043",
            "user name": "Tcyi__",
            "content": "回复@浅爱--醉爱:风也有对错  邪风就是没事找事",
            "time": "17-2-20 22:34"
        },
        {
            "comment id": 2,
            "parent": 0,
            "children": [
                1
            ],
            "user id": "5031265109",
            "user name": "浅爱--醉爱",
            "content": "回复@JJLuo86:无风不起浪",
            "time": "17-2-19 22:43"
        },
        {
            "comment id": 3,
            "parent": 0,
            "children": [],
            "user id": "2459183611",
            "user name": "城市泥鳅",
            "content": "回复@JJLuo86:塑料和头发燃烧情况有区别的。",
            "time": "17-2-19 08:57"
        },
        {
            "comment id": 4,
            "parent": 0,
            "children": [],
            "user id": "2540824901",
            "user name": "小赵先生呀",
            "content": "对",
            "time": "17-2-18 21:02"
        },
        {
            "comment id": 5,
            "parent": -1,
            "children": [],
            "user id": "1840420737",
            "user name": "姜黄色毛衣",
            "content": "假的，塑料袋怎么可能吸水变软，塑料就不吸水啊，要有这种技术还做啥紫菜啊.....",
            "time": "17-2-21 14:27"
        },
        {
            "comment id": 6,
            "parent": -1,
            "children": [],
            "user id": "1868260080",
            "user name": "老施同学盼风轻云淡",
            "content": "大v请注意素质，不要转发造谣视频，已澄清过得东西这样会被追究法律责任的",
            "time": "17-2-19 14:16"
        },
        {
            "comment id": 7,
            "parent": -1,
            "children": [],
            "user id": "5726872880",
            "user name": "迷糊楠楠MM",
            "content": "只说一句，恶意传播网络谣言将负法律责任。   《最高人民法院、最高人民检察院关于办理利用信息网络实施诽谤等刑事案件适用法律若干问题的解释》第一条：具有下列情形之一的，应当认定为刑法第二百四十六条第一款规定的“捏造事实诽谤他人”：",
            "time": "17-2-18 22:13"
        },
        {
            "comment id": 8,
            "parent": -1,
            "children": [],
            "user id": "1965617805",
            "user name": "Ss方人也",
            "content": "完全谬论 我从小吃到大 怎么还没被毒死？",
            "time": "17-2-18 19:27"
        },
        {
            "comment id": 9,
            "parent": -1,
            "children": [],
            "user id": "5190850989",
            "user name": "g高飞不会飞",
            "content": "可以不造谣吗mdzz",
            "time": "17-3-1 10:19"
        },
        {
            "comment id": 10,
            "parent": -1,
            "children": [],
            "user id": "2178755832",
            "user name": "牛先生SS",
            "content": "请拿紫菜和塑料膜做燃烧实验对比，或将紫菜拿到有关质监部门检测，如有塑料成分或塑化剂，本人愿意承担一切法律责任。阿一波等紫菜厂家均已发表声明并已报警严惩造谣者，请勿传播网络谣言，谢谢！",
            "time": "17-2-20 00:53"
        },
        {
            "comment id": 11,
            "parent": -1,
            "children": [],
            "user id": "1862978014",
            "user name": "小布瓜-相机坏了",
            "content": "拍视频的是不是脑子有问题，紫菜和塑料袋分不清楚。是不是不知道紫菜长啥样。",
            "time": "17-2-19 01:44"
        },
        {
            "comment id": 12,
            "parent": -1,
            "children": [],
            "user id": "5349878890",
            "user name": "后生不讲武德",
            "content": "@微博辟谣",
            "time": "17-2-21 19:41"
        },
        {
            "comment id": 13,
            "parent": -1,
            "children": [],
            "user id": "2352192765",
            "user name": "心__扉",
            "content": "谣言一个！人民日报都辟谣了",
            "time": "17-2-19 23:17"
        }
    ]
}