{
    "source": {
        "content": "塑料袋紫菜的问题这么久了，国家工商总局，国家食药监局的都瞎吗？不仅紫菜问题，现在老百姓发现类似事情，第一反应是把视频发到网上让大家都看到，起到警示作用！\n这就是中国法律的悲哀，中国职能部门的不作为，让中国老百姓都忘了还有法律渠道，还可以举报！ 网页链接 . ",
        "time": "17-2-22 23:37",
        "user id": "2938775725",
        "tweet id": "EwLH3BEhO",
        "label": 1,
        "theme": null
    },
    "comment": [
        {
            "comment id": 0,
            "parent": -1,
            "children": [
                1
            ],
            "user id": "2271838874",
            "user name": "麦瑟尔夫人的鹅",
            "content": "都辟谣了，这种检验方法是不科学的！多读读书吧孩子。",
            "time": "17-3-21 11:51"
        },
        {
            "comment id": 1,
            "parent": 0,
            "children": [],
            "user id": "2938775725",
            "user name": "红的旗",
            "content": "孩子你妈啊孩子，你多大了？卖啥老！就算紫菜事件是假，苏丹红，三鹿奶粉，地沟油是真吧？各种假货毒食品少吗？没事少说让别人多读书，书读的多不代表你有思想！",
            "time": "17-3-21 16:14"
        },
        {
            "comment id": 2,
            "parent": -1,
            "children": [],
            "user id": "2038213677",
            "user name": "themightyi",
            "content": "怎么不说是避孕套呢",
            "time": "17-3-30 21:20"
        },
        {
            "comment id": 3,
            "parent": -1,
            "children": [],
            "user id": "3626867407",
            "user name": "OMG不要不要的",
            "content": "这是避孕套，还是用过的避孕套，您以后别吃了",
            "time": "17-4-3 10:21"
        },
        {
            "comment id": 4,
            "parent": -1,
            "children": [],
            "user id": "1716142730",
            "user name": "爱慕萨默",
            "content": "商家怎么样不知道，但是你这样做能给你的孩子做一个什么榜样？求真求实？照你这样说，我可能都没吃过真紫菜，请老师指点一下真紫菜应该是什么样的呗？",
            "time": "17-4-2 23:35"
        },
        {
            "comment id": 5,
            "parent": -1,
            "children": [],
            "user id": "3873236349",
            "user name": "stA股",
            "content": "@微博辟谣",
            "time": "17-3-21 18:32"
        },
        {
            "comment id": 6,
            "parent": -1,
            "children": [],
            "user id": "3340106722",
            "user name": "幽冥的天空3340106722",
            "content": "嘿嘿😁",
            "time": "17-3-20 22:54"
        },
        {
            "comment id": 7,
            "parent": -1,
            "children": [],
            "user id": "5993405800",
            "user name": "看着还像个少年",
            "content": "嗨黑心商家",
            "time": "17-3-20 20:57"
        },
        {
            "comment id": 8,
            "parent": -1,
            "children": [],
            "user id": "6168098501",
            "user name": "LSW107",
            "content": "@L1WENJ1NG B careful",
            "time": "17-3-21 20:10"
        }
    ]
}