{
    "source": {
        "content": "【#国民的力量#】韩国今天爆发大规模示威游行了！“人在国在，美韩同心，与中国决一死战！”（转）各方的棋都不好走了！ 秒拍视频 . ",
        "time": "17-3-6 11:15",
        "user id": "1497305883",
        "tweet id": "EyvXJ6NfT",
        "label": 1,
        "theme": null
    },
    "comment": [
        {
            "comment id": 0,
            "parent": -1,
            "children": [
                3
            ],
            "user id": "3322439060",
            "user name": "记忆金属",
            "content": "日韩已然成为了老美的殖民地。",
            "time": "17-3-15 19:30"
        },
        {
            "comment id": 1,
            "parent": 2,
            "children": [],
            "user id": "1497305883",
            "user name": "庞亚辉感悟营销",
            "content": "回复@记忆金属:",
            "time": "17-3-16 00:15"
        },
        {
            "comment id": 2,
            "parent": 3,
            "children": [
                1
            ],
            "user id": "3322439060",
            "user name": "记忆金属",
            "content": "回复@庞亚辉感悟营销:不过 韩国部分民众，还是挺好的。自己人围了乐天。",
            "time": "17-3-15 20:54"
        },
        {
            "comment id": 3,
            "parent": 0,
            "children": [
                2
            ],
            "user id": "1497305883",
            "user name": "庞亚辉感悟营销",
            "content": "",
            "time": "17-3-15 20:12"
        },
        {
            "comment id": 4,
            "parent": -1,
            "children": [
                5
            ],
            "user id": "1593393975",
            "user name": "bielikefusiji",
            "content": "",
            "time": "17-3-21 12:47"
        },
        {
            "comment id": 5,
            "parent": 4,
            "children": [],
            "user id": "1497305883",
            "user name": "庞亚辉感悟营销",
            "content": "☕",
            "time": "17-3-21 13:11"
        },
        {
            "comment id": 6,
            "parent": -1,
            "children": [
                7
            ],
            "user id": "5124850547",
            "user name": "嫲汝琶",
            "content": "为什么我们中国不会这么",
            "time": "17-3-16 18:30"
        },
        {
            "comment id": 7,
            "parent": 6,
            "children": [],
            "user id": "1497305883",
            "user name": "庞亚辉感悟营销",
            "content": "",
            "time": "17-3-16 19:15"
        },
        {
            "comment id": 8,
            "parent": -1,
            "children": [],
            "user id": "1497305883",
            "user name": "庞亚辉感悟营销",
            "content": "回复@枫叶-Jin 的赞:谢谢",
            "time": "17-3-21 22:34"
        },
        {
            "comment id": 9,
            "parent": -1,
            "children": [],
            "user id": "5650322053",
            "user name": "不随波逐流的一人",
            "content": "我不知道他们活的有什么意义",
            "time": "17-3-19 01:33"
        }
    ]
}