{
    "source": {
        "content": "#中国女子在澳闯红灯被电晕# 澳洲一中国女子过马路闯红灯，警察将其拦下欲处罚，女子撒泼，并拿出刀，无视警察开始打电话。警察在连续三次严重警告无效后，果断开电击枪将其击晕。还能说什么呢？ 网页链接 . ",
        "time": "17-3-10 11:07",
        "user id": "1850550517",
        "tweet id": "Ez7CAEINm",
        "label": 1,
        "theme": null
    },
    "comment": [
        {
            "comment id": 0,
            "parent": -1,
            "children": [],
            "user id": "5598450104",
            "user name": "书feng6",
            "content": "哈哈，电晕，好玩",
            "time": "17-3-10 11:26"
        },
        {
            "comment id": 1,
            "parent": -1,
            "children": [],
            "user id": "1440308564",
            "user name": "爱看电影的林肯",
            "content": "估计在国内人多的得用机枪扫",
            "time": "17-3-10 12:39"
        },
        {
            "comment id": 2,
            "parent": -1,
            "children": [],
            "user id": "1671509827",
            "user name": "严弘晨晨晨晨",
            "content": "你想说点什么你不怕爱国小粉红啊",
            "time": "17-3-10 11:10"
        },
        {
            "comment id": 3,
            "parent": -1,
            "children": [],
            "user id": "1434000777",
            "user name": "上古轩辕",
            "content": "国内和条子横惯了，出国后才发现套路不对……",
            "time": "17-3-10 14:26"
        },
        {
            "comment id": 4,
            "parent": -1,
            "children": [],
            "user id": "2001939972",
            "user name": "摇滚啤酒09",
            "content": "在法制国家使用武器对着警察？这已经是智商问题了吧",
            "time": "17-3-10 14:21"
        },
        {
            "comment id": 5,
            "parent": -1,
            "children": [],
            "user id": "2811347624",
            "user name": "韓堃堃",
            "content": "干得漂亮",
            "time": "17-3-10 13:22"
        },
        {
            "comment id": 6,
            "parent": -1,
            "children": [],
            "user id": "5837520903",
            "user name": "你能要点碧莲吗",
            "content": "漂亮",
            "time": "17-3-10 12:38"
        },
        {
            "comment id": 7,
            "parent": -1,
            "children": [],
            "user id": "1821780661",
            "user name": "Iphone10s",
            "content": "干的漂亮",
            "time": "17-3-10 12:01"
        },
        {
            "comment id": 8,
            "parent": -1,
            "children": [],
            "user id": "3598189691",
            "user name": "卡卡西hello",
            "content": "没毛病，外国人要在中国这样闹也要电~",
            "time": "17-3-10 11:36"
        },
        {
            "comment id": 9,
            "parent": -1,
            "children": [],
            "user id": "2737193381",
            "user name": "君临灬真",
            "content": "只能说打的没毛病",
            "time": "17-3-10 11:28"
        },
        {
            "comment id": 10,
            "parent": -1,
            "children": [],
            "user id": "2520362461",
            "user name": "今天开始学交易",
            "content": "为什么不击毙",
            "time": "17-3-10 11:18"
        },
        {
            "comment id": 11,
            "parent": -1,
            "children": [],
            "user id": "1449306632",
            "user name": "毛毛虫就是我啦",
            "content": "活该 以为是在中国呢？",
            "time": "17-3-10 11:16"
        },
        {
            "comment id": 12,
            "parent": -1,
            "children": [],
            "user id": "2406635883",
            "user name": "爱笑的眼睛cute",
            "content": "看来中国那套过马路方式在国外不行啊",
            "time": "17-3-10 11:12"
        },
        {
            "comment id": 13,
            "parent": -1,
            "children": [],
            "user id": "2806958680",
            "user name": "酷酷机",
            "content": "死了没？",
            "time": "17-3-10 11:11"
        },
        {
            "comment id": 14,
            "parent": -1,
            "children": [],
            "user id": "5067794106",
            "user name": "旭日兵王子",
            "content": "说明电击枪挺厉害",
            "time": "17-3-10 11:10"
        },
        {
            "comment id": 15,
            "parent": -1,
            "children": [],
            "user id": "2968341792",
            "user name": "clakvy",
            "content": "亚籍，没写是中国人 ",
            "time": "17-3-10 19:17"
        },
        {
            "comment id": 16,
            "parent": -1,
            "children": [],
            "user id": "5458746189",
            "user name": "王德发6666",
            "content": "想起了我们村长还组织老人去马来西亚。。。一群素质超低的老人啊！",
            "time": "17-3-10 12:05"
        },
        {
            "comment id": 17,
            "parent": -1,
            "children": [],
            "user id": "1876261551",
            "user name": "吾悦情",
            "content": "活该！判她！",
            "time": "17-3-10 11:44"
        }
    ]
}