{
    "source": {
        "content": "澳洲一中国女子过马路闯红灯，被警察击毙。素质真差！ 秒拍视频 . ",
        "time": "17-3-13 12:33",
        "user id": "5750737859",
        "tweet id": "EzAsYtSmh",
        "label": 1,
        "theme": null
    },
    "comment": [
        {
            "comment id": 0,
            "parent": -1,
            "children": [
                3
            ],
            "user id": "2901528067",
            "user name": "再不疯狂我们就老了sexy",
            "content": "不关是不是中国人闯红灯，那么多的警察难道就降服不了一个女人吗？女人拿枪威胁到他们了？干嘛一定要开枪呢？",
            "time": "17-3-21 11:27"
        },
        {
            "comment id": 1,
            "parent": 2,
            "children": [],
            "user id": "3992492617",
            "user name": "lanseboerte",
            "content": "回复@再不疯狂我们就老了sexy:嗯对",
            "time": "17-3-22 04:44"
        },
        {
            "comment id": 2,
            "parent": 3,
            "children": [
                1
            ],
            "user id": "2901528067",
            "user name": "再不疯狂我们就老了sexy",
            "content": "回复@lanseboerte:好吧，电击枪有那么大威力可以立马倒下？",
            "time": "17-3-21 21:21"
        },
        {
            "comment id": 3,
            "parent": 0,
            "children": [
                2
            ],
            "user id": "3992492617",
            "user name": "lanseboerte",
            "content": "电击枪而已啦",
            "time": "17-3-21 15:51"
        },
        {
            "comment id": 4,
            "parent": -1,
            "children": [
                5
            ],
            "user id": "5647961636",
            "user name": "风尚艺术装饰",
            "content": "亚裔的貌似是越南人 不是中国人 而且警察用的是电击枪 网络谣言跟风狗",
            "time": "17-3-15 14:17"
        },
        {
            "comment id": 5,
            "parent": 4,
            "children": [],
            "user id": "3992492617",
            "user name": "lanseboerte",
            "content": "回复@用户6146694843:你是越南人？",
            "time": "17-3-21 15:49"
        },
        {
            "comment id": 6,
            "parent": -1,
            "children": [],
            "user id": "2296718912",
            "user name": "Austen_Choi",
            "content": "sb，是因为她手里拿着刀可能想自杀，红个毛灯，没了解新闻就别bb，别忘了你自己也是中国人",
            "time": "17-3-15 02:06"
        },
        {
            "comment id": 7,
            "parent": -1,
            "children": [],
            "user id": "2643388921",
            "user name": "别猜大师兄的心思",
            "content": "博主全家被枪击，不谢",
            "time": "17-3-22 23:57"
        },
        {
            "comment id": 8,
            "parent": -1,
            "children": [],
            "user id": "3199394423",
            "user name": "NDG-P",
            "content": "在澳门 闯红灯的全是外国人",
            "time": "17-3-18 00:01"
        },
        {
            "comment id": 9,
            "parent": -1,
            "children": [],
            "user id": "2281007651",
            "user name": "小宥宇",
            "content": "嘿嘿嘿，不是华裔吗，怎么又成了中国女子了？",
            "time": "17-3-15 23:44"
        },
        {
            "comment id": 10,
            "parent": -1,
            "children": [],
            "user id": "5702151911",
            "user name": "黄金提莫",
            "content": "你又瞎几把在谣言？？？",
            "time": "17-3-14 19:55"
        },
        {
            "comment id": 11,
            "parent": -1,
            "children": [],
            "user id": "3544386592",
            "user name": "小峰同学bala",
            "content": "博主死全家",
            "time": "17-3-23 01:23"
        },
        {
            "comment id": 12,
            "parent": -1,
            "children": [],
            "user id": "6019619681",
            "user name": "追风少年達闻西",
            "content": "妖言惑众！",
            "time": "17-3-21 12:19"
        },
        {
            "comment id": 13,
            "parent": -1,
            "children": [],
            "user id": "5787066610",
            "user name": "直八大人",
            "content": "最爱举报这样的",
            "time": "17-3-18 22:08"
        },
        {
            "comment id": 14,
            "parent": -1,
            "children": [],
            "user id": "2717688770",
            "user name": "图图HJY",
            "content": "sb",
            "time": "17-3-17 21:08"
        },
        {
            "comment id": 15,
            "parent": -1,
            "children": [],
            "user id": "1974774857",
            "user name": "停0000",
            "content": "@髙髙髙髙髙髙髙鱼竿 注意安全啊",
            "time": "17-3-17 20:20"
        },
        {
            "comment id": 16,
            "parent": -1,
            "children": [],
            "user id": "5292454427",
            "user name": "帝的誓言",
            "content": "这些逼，不问青红照白，先喷再说，听风就是雨的，好像什么事不扯上点同胞就没有它们纯在的价值似得，标题党，脑残党。",
            "time": "17-3-16 00:43"
        },
        {
            "comment id": 17,
            "parent": -1,
            "children": [],
            "user id": "3187340861",
            "user name": "全宇宙最酷的ME",
            "content": "投诉一波 哪和你废话这么多。",
            "time": "17-3-16 00:14"
        },
        {
            "comment id": 18,
            "parent": -1,
            "children": [],
            "user id": "5892847096",
            "user name": "起风的那一瞬间",
            "content": "我天，遇到这种博主也是醉了",
            "time": "17-3-15 23:50"
        },
        {
            "comment id": 19,
            "parent": -1,
            "children": [],
            "user id": "3305455415",
            "user name": "hanlinzzz",
            "content": "击毙尼玛了戈壁 别黑澳洲好吗",
            "time": "17-3-15 12:28"
        },
        {
            "comment id": 20,
            "parent": -1,
            "children": [],
            "user id": "2018733055",
            "user name": "松想睡觉",
            "content": "乱套旧闻",
            "time": "17-3-14 20:16"
        },
        {
            "comment id": 21,
            "parent": -1,
            "children": [],
            "user id": "1781480515",
            "user name": "认真点面包",
            "content": "给你家孩子积德吧，要不死的就是你孩子的亲妈",
            "time": "17-3-21 03:17"
        },
        {
            "comment id": 22,
            "parent": -1,
            "children": [],
            "user id": "5671933549",
            "user name": "布茨克茨大娃",
            "content": "别乱黑兄弟，用事实说话好吧",
            "time": "17-3-15 16:21"
        },
        {
            "comment id": 23,
            "parent": -1,
            "children": [],
            "user id": "3736581294",
            "user name": "微冷yd",
            "content": "看视频只是站在路边吧？",
            "time": "17-3-14 19:40"
        },
        {
            "comment id": 24,
            "parent": -1,
            "children": [],
            "user id": "6134232885",
            "user name": "38号温柔型韭菜静待收割",
            "content": "活该",
            "time": "17-3-14 00:06"
        }
    ]
}