{
    "source": {
        "content": "不知真假，但应试教育的结果就非常可能出现这种情况。  ",
        "time": "17-4-30 09:08",
        "user id": "1853413274",
        "tweet id": "F0UbdaTGR",
        "label": 1,
        "theme": null
    },
    "comment": [
        {
            "comment id": 0,
            "parent": -1,
            "children": [
                1
            ],
            "user id": "5303173062",
            "user name": "元気桃花拾",
            "content": "",
            "time": "17-4-30 15:17"
        },
        {
            "comment id": 1,
            "parent": 0,
            "children": [],
            "user id": "1853413274",
            "user name": "李东琴lucy",
            "content": "",
            "time": "17-4-30 15:18"
        },
        {
            "comment id": 2,
            "parent": -1,
            "children": [],
            "user id": "5907533923",
            "user name": "怎么那么爱椰子",
            "content": "竟然没有山东的",
            "time": "17-5-1 22:32"
        },
        {
            "comment id": 3,
            "parent": -1,
            "children": [],
            "user id": "5303173062",
            "user name": "元気桃花拾",
            "content": "",
            "time": "17-4-30 15:17"
        },
        {
            "comment id": 4,
            "parent": -1,
            "children": [],
            "user id": "5303173062",
            "user name": "元気桃花拾",
            "content": "",
            "time": "17-4-30 15:17"
        },
        {
            "comment id": 5,
            "parent": -1,
            "children": [],
            "user id": "3293775935",
            "user name": "这该死的YingY",
            "content": "别总把矛头指向学校，那人家能考高分你就得要谁让高考只看分那，",
            "time": "17-5-29 22:04"
        },
        {
            "comment id": 6,
            "parent": -1,
            "children": [],
            "user id": "1220901167",
            "user name": "没事满地找牙",
            "content": "那么是不是意味着清华大学可以不以高考分数作为录取的标准呢？不能的话 评出这个又有啥意义啊…",
            "time": "17-5-29 16:37"
        },
        {
            "comment id": 7,
            "parent": -1,
            "children": [],
            "user id": "5589146884",
            "user name": "只为窃伊人一个smile",
            "content": "我们省的“高考工厂”中招了",
            "time": "17-4-30 17:30"
        },
        {
            "comment id": 8,
            "parent": -1,
            "children": [],
            "user id": "5973736351",
            "user name": "南方的童鞋",
            "content": "清华大学在下一盘大棋啊，到时候上清华大学全靠推荐，然后能上清华大学全是那些权二代，富二代。呵呵，",
            "time": "17-5-30 12:14"
        }
    ]
}