{
    "source": {
        "content": "#杭州身边事# 注意！注意！最新撬车窗方法，只要一把粗盐即可！车主朋友们必看！需转 秒拍视频 . ",
        "time": "17-5-5 15:39",
        "user id": "5816485383",
        "tweet id": "F1HS9ndH6",
        "label": 1,
        "theme": null
    },
    "comment": [
        {
            "comment id": 0,
            "parent": -1,
            "children": [],
            "user id": "5816485383",
            "user name": "杭城内外事",
            "content": "@微博客服 删此条微博",
            "time": "17-6-1 14:53"
        },
        {
            "comment id": 1,
            "parent": -1,
            "children": [],
            "user id": "2560057182",
            "user name": "不想长大咩咩羊",
            "content": "都市快报的记者做过实验，假的，根本不行，用火花塞上面的陶瓷碎片可以的",
            "time": "17-5-5 16:39"
        },
        {
            "comment id": 2,
            "parent": -1,
            "children": [],
            "user id": "3887645953",
            "user name": "杭州钱江通讯",
            "content": "厉害",
            "time": "17-5-10 09:04"
        },
        {
            "comment id": 3,
            "parent": -1,
            "children": [],
            "user id": "2924762115",
            "user name": "套中人柒月",
            "content": "这种视频就不要乱发了！如果是真的，“ 某些人”应该会学到很多有用的东西！假的也就更不要了",
            "time": "17-5-8 17:29"
        },
        {
            "comment id": 4,
            "parent": -1,
            "children": [],
            "user id": "2897796857",
            "user name": "方脸雅雅呀",
            "content": "没看懂这个视频",
            "time": "17-5-5 21:27"
        },
        {
            "comment id": 5,
            "parent": -1,
            "children": [],
            "user id": "3784355151",
            "user name": "王-安平",
            "content": "这么吊？",
            "time": "17-5-5 15:55"
        },
        {
            "comment id": 6,
            "parent": -1,
            "children": [],
            "user id": "1774671387",
            "user name": "易晓斌大魔王",
            "content": "你不说别人不知道",
            "time": "17-5-9 06:12"
        },
        {
            "comment id": 7,
            "parent": -1,
            "children": [],
            "user id": "5024527385",
            "user name": "阿龙-Aron",
            "content": "这个视频刚出来的时候就说是火花塞，你到现在还发，还说是粗盐，不知道算不算谣言？",
            "time": "17-5-6 16:03"
        },
        {
            "comment id": 8,
            "parent": -1,
            "children": [],
            "user id": "1238381032",
            "user name": "苏人山味",
            "content": "话说弄个大客车上那种破车窗玻璃的逃生锤不一样吗？",
            "time": "17-6-2 00:09"
        },
        {
            "comment id": 9,
            "parent": -1,
            "children": [],
            "user id": "3172373201",
            "user name": "HHhhfannn",
            "content": "腿都被打折了",
            "time": "17-6-1 20:10"
        },
        {
            "comment id": 10,
            "parent": -1,
            "children": [],
            "user id": "5596265990",
            "user name": "旭阳香的宝贝",
            "content": "突然发现小偷们都有个好脑子！",
            "time": "17-6-1 15:44"
        },
        {
            "comment id": 11,
            "parent": -1,
            "children": [],
            "user id": "2753612825",
            "user name": "我暂时找不到最合适的人",
            "content": "转发微博",
            "time": "17-6-1 13:02"
        },
        {
            "comment id": 12,
            "parent": -1,
            "children": [],
            "user id": "3132526931",
            "user name": "xc我喜欢何大宝",
            "content": "用155mm榴弹炮应该可以打开",
            "time": "17-5-17 22:59"
        },
        {
            "comment id": 13,
            "parent": -1,
            "children": [],
            "user id": "3300302930",
            "user name": "溢溢溢溢溢大师",
            "content": "所以腿被打断了么",
            "time": "17-5-14 19:09"
        },
        {
            "comment id": 14,
            "parent": -1,
            "children": [],
            "user id": "6140554974",
            "user name": "体贴的车车",
            "content": "印尼文",
            "time": "17-5-13 21:35"
        },
        {
            "comment id": 15,
            "parent": -1,
            "children": [],
            "user id": "5587018557",
            "user name": "2015_2019人民段子手一个好人",
            "content": "其实榔头也可以",
            "time": "17-5-12 19:49"
        },
        {
            "comment id": 16,
            "parent": -1,
            "children": [],
            "user id": "1868316000",
            "user name": "大诗人鹏鹏",
            "content": "可能记者知道是火花塞碎片，但是怕如实报道了，有人去模仿。",
            "time": "17-5-9 06:10"
        },
        {
            "comment id": 17,
            "parent": -1,
            "children": [],
            "user id": "5977309583",
            "user name": "金凤春风5977309583",
            "content": "被打的不轻",
            "time": "17-5-6 01:26"
        }
    ]
}