{
    "source": {
        "content": "据说，这大姨买到塑料大米了，3.75元一斤！\n这是真的吗？ 网页链接 . ",
        "time": "17-5-5 17:17",
        "user id": "2938775725",
        "tweet id": "F1IvVjBCn",
        "label": 1,
        "theme": null
    },
    "comment": [
        {
            "comment id": 0,
            "parent": -1,
            "children": [],
            "user id": "1808954020",
            "user name": "风满翼",
            "content": "被害妄想症",
            "time": "17-5-5 23:59"
        },
        {
            "comment id": 1,
            "parent": -1,
            "children": [],
            "user id": "5574125749",
            "user name": "国服第二神喷",
            "content": "这货就是个造谣机举报举报",
            "time": "17-5-6 14:33"
        },
        {
            "comment id": 2,
            "parent": -1,
            "children": [
                3
            ],
            "user id": "2697582813",
            "user name": "雪城飞燕",
            "content": "我想知道没煮熟之前是什么样子，难道生米粒也是一粒粒的小塑胶吗？会看不出来吗？",
            "time": "17-5-5 22:19"
        },
        {
            "comment id": 3,
            "parent": 2,
            "children": [
                4
            ],
            "user id": "1800133255",
            "user name": "九碗半",
            "content": "如果真是掺了小塑料粒，淘米的时候会浮起来吧",
            "time": "17-5-13 19:09"
        },
        {
            "comment id": 4,
            "parent": 3,
            "children": [],
            "user id": "2697582813",
            "user name": "雪城飞燕",
            "content": "回复@九碗半:电视已经辟谣了，是假的，塑料造价高于真米了，网上制作塑料大米视频其实人家是正规的工厂在做玩具塑料颗粒",
            "time": "17-5-14 20:44"
        },
        {
            "comment id": 5,
            "parent": -1,
            "children": [
                6
            ],
            "user id": "5373711609",
            "user name": "暗黑烈焰领主",
            "content": "你这样子转发五百条是要进去的",
            "time": "17-5-11 15:06"
        },
        {
            "comment id": 6,
            "parent": 5,
            "children": [],
            "user id": "6019307261",
            "user name": "谁谁abc",
            "content": "送她进去",
            "time": "17-6-2 07:04"
        },
        {
            "comment id": 7,
            "parent": -1,
            "children": [],
            "user id": "6059456189",
            "user name": "战斗在欧洲",
            "content": "脑残才信",
            "time": "17-5-5 21:46"
        },
        {
            "comment id": 8,
            "parent": -1,
            "children": [],
            "user id": "1650023555",
            "user name": "报单剩个三",
            "content": "，听这声音，年纪一大把了吧，没事去跳跳广场舞锻炼锻炼多活几年吧，坏人变老了啊，不懂别造谣。现在这微博不能上了，什么妖魔鬼怪都能冷不丁的跑出来吓你一跳",
            "time": "17-5-10 23:02"
        },
        {
            "comment id": 9,
            "parent": -1,
            "children": [],
            "user id": "1433610747",
            "user name": "幸福来之不易jyy",
            "content": "你先去做鉴定，确定后再说吧，不要妄下结论，就是投诉也得先确定啊。再说你家做饭水放得都多啊，看着正常的像有问题的，都不成型。",
            "time": "17-5-6 16:08"
        },
        {
            "comment id": 10,
            "parent": -1,
            "children": [],
            "user id": "5175973645",
            "user name": "沐凡麻Mu",
            "content": "造谣死全家",
            "time": "17-5-7 21:17"
        },
        {
            "comment id": 11,
            "parent": -1,
            "children": [],
            "user id": "5644170489",
            "user name": "谁家还没个傻孩子",
            "content": "前几天山东俩女的因造谣肉松饼掺棉花被拘留五日。我觉得你应该进去和他们一起住几天！",
            "time": "17-6-2 11:07"
        },
        {
            "comment id": 12,
            "parent": -1,
            "children": [],
            "user id": "2506301411",
            "user name": "哎奈小孩",
            "content": "哎 对了你家假米要是多 免费给我好不啦",
            "time": "17-6-1 15:34"
        },
        {
            "comment id": 13,
            "parent": -1,
            "children": [],
            "user id": "2219448632",
            "user name": "一只陌小蔡",
            "content": "谣言始于智障",
            "time": "17-5-11 14:11"
        },
        {
            "comment id": 14,
            "parent": -1,
            "children": [],
            "user id": "5657592814",
            "user name": "治成Ecaps024",
            "content": "你还是去主抱吧",
            "time": "17-5-6 20:32"
        },
        {
            "comment id": 15,
            "parent": -1,
            "children": [],
            "user id": "3193636613",
            "user name": "封坤伶",
            "content": "就是买到很陈旧的大米而已，",
            "time": "17-5-6 12:17"
        },
        {
            "comment id": 16,
            "parent": -1,
            "children": [],
            "user id": "3905596299",
            "user name": "遗莣旧时光",
            "content": "再生塑料一公斤10元，普通大米一公斤5元，人家傻啊。",
            "time": "17-5-9 17:22"
        },
        {
            "comment id": 17,
            "parent": -1,
            "children": [],
            "user id": "2706242650",
            "user name": "只伊人未觉",
            "content": "这阿姨是不是爆金沙河面条的那个？中国这么多假的都被她曝光了，她怎么补上天呢？",
            "time": "17-5-8 12:26"
        },
        {
            "comment id": 18,
            "parent": -1,
            "children": [],
            "user id": "1679496380",
            "user name": "Scarlett-Chyi",
            "content": "那指甲真恶心",
            "time": "17-5-6 07:25"
        },
        {
            "comment id": 19,
            "parent": -1,
            "children": [],
            "user id": "5187483237",
            "user name": "苦涩丶味",
            "content": "我有句妈卖批不知当讲不当讲",
            "time": "17-6-1 13:21"
        },
        {
            "comment id": 20,
            "parent": -1,
            "children": [],
            "user id": "1986824283",
            "user name": "把药借我嚼两粒",
            "content": "送她走......",
            "time": "17-6-2 11:00"
        },
        {
            "comment id": 21,
            "parent": -1,
            "children": [],
            "user id": "5901277928",
            "user name": "毛倩601",
            "content": "别闹了，已经辟谣说塑料颗粒比米还贵呢，从视频里看的出来，就是米饭蒸的时候一个水放多了，一个水放少了而已",
            "time": "17-6-2 10:16"
        },
        {
            "comment id": 22,
            "parent": -1,
            "children": [],
            "user id": "2315088923",
            "user name": "北骗西",
            "content": "你们都举报完了我怎么举报",
            "time": "17-6-1 23:40"
        },
        {
            "comment id": 23,
            "parent": -1,
            "children": [],
            "user id": "3957198972",
            "user name": "GRD瑞东",
            "content": "让这些大妈别玩手机了，真的，不好",
            "time": "17-6-1 18:44"
        },
        {
            "comment id": 24,
            "parent": -1,
            "children": [],
            "user id": "6114962765",
            "user name": "转身已是泪千行",
            "content": "看了评论   为什么你们都不相信那是假大米？  我是百分百的相信假大米比真大米多",
            "time": "17-6-1 17:29"
        },
        {
            "comment id": 25,
            "parent": -1,
            "children": [],
            "user id": "5850751401",
            "user name": "妄想症患者0728",
            "content": "我想知道  塑料蒸得熟不  塑料温度高了不会化掉么",
            "time": "17-6-1 13:29"
        },
        {
            "comment id": 26,
            "parent": -1,
            "children": [],
            "user id": "5865984798",
            "user name": "伽罗Macro",
            "content": "明事理的人还是很多的嘛……",
            "time": "17-6-1 12:58"
        },
        {
            "comment id": 27,
            "parent": -1,
            "children": [],
            "user id": "2334473295",
            "user name": "灵活系的胖子",
            "content": "用手搓不掉是你懒，不用水泡之后洗掉，放久了肯定干了难洗掉了，傻叉",
            "time": "17-6-1 12:37"
        },
        {
            "comment id": 28,
            "parent": -1,
            "children": [],
            "user id": "1810876475",
            "user name": "见到图片我哭了小麦庚11983",
            "content": "傻不傻，真要是塑料米，一日三餐的量，人早堵死了……不消化知道不",
            "time": "17-6-1 11:57"
        },
        {
            "comment id": 29,
            "parent": -1,
            "children": [],
            "user id": "1770182457",
            "user name": "女王_据说_高处不胜寒",
            "content": "你说退休的老大妈就跳跳广场舞抱抱孙子孙女呗 造啥谣啊 专门造谣 职业造谣",
            "time": "17-5-30 18:09"
        },
        {
            "comment id": 30,
            "parent": -1,
            "children": [],
            "user id": "3212830632",
            "user name": "Harmonyco",
            "content": "如果造谣的人会被枪毙，她是不是会被打成蜂窝煤啊？",
            "time": "17-5-29 22:31"
        },
        {
            "comment id": 31,
            "parent": -1,
            "children": [],
            "user id": "3293300653",
            "user name": "一枚姓刘的贝壳",
            "content": "搞得好像一斤塑料比一斤米贵一样",
            "time": "17-5-14 19:51"
        },
        {
            "comment id": 32,
            "parent": -1,
            "children": [],
            "user id": "3310897367",
            "user name": "Lin旺峰",
            "content": "谣言止于智者",
            "time": "17-5-13 23:33"
        },
        {
            "comment id": 33,
            "parent": -1,
            "children": [],
            "user id": "2378060143",
            "user name": "是你病二姐",
            "content": "没脑子又想红。",
            "time": "17-5-12 15:02"
        },
        {
            "comment id": 34,
            "parent": -1,
            "children": [],
            "user id": "2135589991",
            "user name": "兔子琼斯_",
            "content": "假的",
            "time": "17-5-11 12:20"
        },
        {
            "comment id": 35,
            "parent": -1,
            "children": [],
            "user id": "2706242650",
            "user name": "只伊人未觉",
            "content": "造谣生事",
            "time": "17-5-8 12:27"
        },
        {
            "comment id": 36,
            "parent": -1,
            "children": [],
            "user id": "2114796692",
            "user name": "耳东20",
            "content": "我擦，宁国口音？",
            "time": "17-5-7 19:54"
        },
        {
            "comment id": 37,
            "parent": -1,
            "children": [],
            "user id": "5486079182",
            "user name": "詹豆豆dd",
            "content": "搓不掉不会拿水泡泡碗在刷。。。",
            "time": "17-5-6 21:26"
        },
        {
            "comment id": 38,
            "parent": -1,
            "children": [
                39
            ],
            "user id": "2905052691",
            "user name": "正经的白白",
            "content": "塑料紫菜塑料包菜塑料海带塑料鸡蛋都已经阵亡了现在又来个塑料大米是几个意思",
            "time": "17-5-9 23:43"
        },
        {
            "comment id": 39,
            "parent": 38,
            "children": [],
            "user id": "5644170489",
            "user name": "谁家还没个傻孩子",
            "content": "菜都齐了，怎么少的了饭",
            "time": "17-6-2 11:10"
        },
        {
            "comment id": 40,
            "parent": -1,
            "children": [],
            "user id": "3238118811",
            "user name": "表露出来",
            "content": "塑胶比米还要贵，谁相信啊！",
            "time": "17-5-6 04:32"
        },
        {
            "comment id": 41,
            "parent": -1,
            "children": [],
            "user id": "1658124480",
            "user name": "享受生活吧99",
            "content": "这个就是个弱智的老女人，唉，太无语了，自媒体时代，什么猫啊狗啊都会出来溜一圈的。哦，错了，说猫和狗是侮辱了这些可爱的小动物！",
            "time": "17-6-1 20:45"
        },
        {
            "comment id": 42,
            "parent": -1,
            "children": [],
            "user id": "5527244883",
            "user name": "强壮嘉大宝",
            "content": "去你妈了逼",
            "time": "17-5-31 14:20"
        },
        {
            "comment id": 43,
            "parent": -1,
            "children": [],
            "user id": "5527599273",
            "user name": "方灵小女子",
            "content": "我们家事自己种的大米，想吃的可以来我们这里买哈",
            "time": "17-5-15 18:03"
        },
        {
            "comment id": 44,
            "parent": -1,
            "children": [],
            "user id": "1806066243",
            "user name": "vivian一只打瞌睡的猫",
            "content": "骗子",
            "time": "17-5-6 09:52"
        },
        {
            "comment id": 45,
            "parent": -1,
            "children": [],
            "user id": "6232789506",
            "user name": "怪人球",
            "content": "你是白痴吗？塑料都比大米贵，再说了塑料米蒸出来那么硬你会吃吗？你是白痴吗？",
            "time": "17-5-14 02:01"
        }
    ]
}