{
    "source": {
        "content": "还能放心的吃米吗？ 秒拍视频 . ",
        "time": "17-5-6 16:57",
        "user id": "5981971646",
        "tweet id": "F1ROjrizt",
        "label": 1,
        "theme": null
    },
    "comment": [
        {
            "comment id": 0,
            "parent": -1,
            "children": [
                1
            ],
            "user id": "5981971646",
            "user name": "下面忙赢",
            "content": "我也没说是米呀！呵呵",
            "time": "17-5-7 01:10"
        },
        {
            "comment id": 1,
            "parent": 0,
            "children": [],
            "user id": "5093956681",
            "user name": "无人机a祥子",
            "content": "看看你的标题，要么你是弱智，要么是无知！",
            "time": "17-5-7 12:00"
        },
        {
            "comment id": 2,
            "parent": -1,
            "children": [],
            "user id": "6054852626",
            "user name": "fjh云淡风轻",
            "content": "这是PE塑料，比米贵多了，半透明，你去塑料市场随便都能找到，怎么就成米了",
            "time": "17-5-6 17:40"
        },
        {
            "comment id": 3,
            "parent": -1,
            "children": [],
            "user id": "5746198243",
            "user name": "404丶Found",
            "content": "😂 ",
            "time": "17-5-7 14:00"
        },
        {
            "comment id": 4,
            "parent": -1,
            "children": [],
            "user id": "5681668239",
            "user name": "Handes20170",
            "content": "这个已经辟谣过了 好吧",
            "time": "17-5-7 00:47"
        },
        {
            "comment id": 5,
            "parent": -1,
            "children": [],
            "user id": "5093956681",
            "user name": "无人机a祥子",
            "content": "楼主，删了吧，你这属于造谣。",
            "time": "17-5-7 11:58"
        },
        {
            "comment id": 6,
            "parent": -1,
            "children": [],
            "user id": "2866707624",
            "user name": "我叫鲜",
            "content": "看评论放心系列",
            "time": "17-5-7 10:35"
        },
        {
            "comment id": 7,
            "parent": -1,
            "children": [],
            "user id": "6171420494",
            "user name": "青岛奶嘴猫",
            "content": "举报招摇",
            "time": "17-5-7 09:24"
        },
        {
            "comment id": 8,
            "parent": -1,
            "children": [],
            "user id": "5050775472",
            "user name": "这么长的名字应该没人注册",
            "content": "举报了",
            "time": "17-5-7 02:40"
        },
        {
            "comment id": 9,
            "parent": -1,
            "children": [],
            "user id": "3956725967",
            "user name": "雪妖_J",
            "content": "误导群众 已举报",
            "time": "17-5-7 02:24"
        },
        {
            "comment id": 10,
            "parent": -1,
            "children": [],
            "user id": "1813801465",
            "user name": "我胖虎从没啪过谁",
            "content": "重塑造粒，你踏马",
            "time": "17-5-7 01:45"
        },
        {
            "comment id": 11,
            "parent": -1,
            "children": [],
            "user id": "2029660897",
            "user name": "_Eisen",
            "content": "举报举报，看到整天传播这些的人就烦",
            "time": "17-5-7 01:18"
        },
        {
            "comment id": 12,
            "parent": -1,
            "children": [],
            "user id": "1644466377",
            "user name": "爱你在薪口难开",
            "content": "你484傻！",
            "time": "17-5-6 21:58"
        },
        {
            "comment id": 13,
            "parent": -1,
            "children": [],
            "user id": "5820996109",
            "user name": "豪叔一直很帅",
            "content": "傻缺。。。",
            "time": "17-5-7 15:24"
        }
    ]
}