{
    "source": {
        "content": "#一千二百个耳光#【保姆被打一千二百个耳光】四个女人轮流掌掴小保姆一千二百个耳光 ，直到小保姆被打晕在地才停止施暴。 称小保姆来自农村，一千块钱一个月照顾她们七十岁的母亲。老人说小保姆喂饭时有点烫，所以才被四个女的施暴，直到小保姆晕死才罢手。微博视频 ",
        "time": "17-5-16 07:23",
        "user id": "3201769621",
        "tweet id": "F3kkoqf2N",
        "label": 1,
        "theme": null
    },
    "comment": [
        {
            "comment id": 0,
            "parent": -1,
            "children": [
                2,
                3
            ],
            "user id": "2281249473",
            "user name": "马小气的失败大方",
            "content": "我们只想知道后续有没有被抓起来，就这样放放有什么用！",
            "time": "17-5-16 07:25"
        },
        {
            "comment id": 1,
            "parent": 2,
            "children": [],
            "user id": "2281249473",
            "user name": "马小气的失败大方",
            "content": "回复@手机用户3129184740:是啊！每次看见都很气氛！你发视频你把地址也发上啊！",
            "time": "17-5-16 07:52"
        },
        {
            "comment id": 2,
            "parent": 0,
            "children": [
                1
            ],
            "user id": "3129184740",
            "user name": "手机用户3129184740",
            "content": "这类货色应该灭绝了！",
            "time": "17-5-16 07:48"
        },
        {
            "comment id": 3,
            "parent": 0,
            "children": [],
            "user id": "5856722798",
            "user name": "就用涛声依旧这个名",
            "content": "校园暴力！怎么处理能想象出来的。。。",
            "time": "17-5-16 07:29"
        },
        {
            "comment id": 4,
            "parent": -1,
            "children": [
                6,
                7
            ],
            "user id": "5856722798",
            "user name": "就用涛声依旧这个名",
            "content": "不是的！是江苏盐城一个学校的校园暴力事件，已经处理过，好久了",
            "time": "17-5-16 07:25"
        },
        {
            "comment id": 5,
            "parent": 6,
            "children": [],
            "user id": "5456666898",
            "user name": "非正常人类研究中心主治医师",
            "content": "回复@永夜之黑暗2014:我看到了，但我看着他们确实不像学生，那女的挺像保姆的，几个人岁数都不小了，怎么可能是在学校",
            "time": "17-5-16 18:25"
        },
        {
            "comment id": 6,
            "parent": 4,
            "children": [
                5
            ],
            "user id": "5080620696",
            "user name": "永夜之黑暗2014",
            "content": "回复@大肚子的大兔子咬大兔子的大肚子:16年的事了校园暴力，这条微博都挂上不实消息了，你没看到？",
            "time": "17-5-16 18:00"
        },
        {
            "comment id": 7,
            "parent": 4,
            "children": [],
            "user id": "5456666898",
            "user name": "非正常人类研究中心主治医师",
            "content": "看样子不像学生，确实像保姆。",
            "time": "17-5-16 16:01"
        },
        {
            "comment id": 8,
            "parent": -1,
            "children": [
                9
            ],
            "user id": "2025660687",
            "user name": "LAO-T型杂志",
            "content": "这四个女的年纪都不大 十几岁而已吧 母亲70多岁了？博主是否核实过信息",
            "time": "17-5-16 07:43"
        },
        {
            "comment id": 9,
            "parent": 8,
            "children": [],
            "user id": "6168081398",
            "user name": "吃货总比痴货强r",
            "content": "你眼戳十几？那么厚的妆没看出来？",
            "time": "17-5-16 17:29"
        },
        {
            "comment id": 10,
            "parent": -1,
            "children": [],
            "user id": "5863459178",
            "user name": "瞎捣扯",
            "content": "每每看到这样的视频都不愿看下去！",
            "time": "17-5-16 07:25"
        },
        {
            "comment id": 11,
            "parent": -1,
            "children": [],
            "user id": "5905670026",
            "user name": "国民颜王",
            "content": "不反抗以为他们就会仁慈？！这就是奴性，任何时候我们都要反抗！",
            "time": "17-5-16 07:54"
        },
        {
            "comment id": 12,
            "parent": -1,
            "children": [],
            "user id": "5249490869",
            "user name": "当繁星遇到了春水",
            "content": "这群王八蛋",
            "time": "17-5-16 07:26"
        },
        {
            "comment id": 13,
            "parent": -1,
            "children": [],
            "user id": "2574808793",
            "user name": "Xinguooo7",
            "content": "实在看不下去了，无论什么情况，侮辱性的打人就是犯法，应该将动手打人的几个女垃圾捕起来教育教育！",
            "time": "17-5-16 07:29"
        },
        {
            "comment id": 14,
            "parent": -1,
            "children": [],
            "user id": "5691173472",
            "user name": "lzz和lyh",
            "content": "还笑呢，像这种打人者，给被害人带来的不仅是身体上的伤害，更大的是心灵上的创伤，如果不能受到严惩，怎么能让社会充满正能量！",
            "time": "17-5-16 07:34"
        },
        {
            "comment id": 15,
            "parent": -1,
            "children": [],
            "user id": "3097834943",
            "user name": "乐逸乐哈",
            "content": "咋不还手呢，取刀子啊!",
            "time": "17-5-16 07:30"
        },
        {
            "comment id": 16,
            "parent": -1,
            "children": [],
            "user id": "1823499327",
            "user name": "心升向阳",
            "content": "曝光这几个没良心的坏女人！",
            "time": "17-5-16 07:26"
        },
        {
            "comment id": 17,
            "parent": -1,
            "children": [],
            "user id": "2023574227",
            "user name": "吴丹一六六",
            "content": "以多欺少，倚强凌弱，这要是我一个后旋踢踹飞她，一拳让她起不来，这都什么素质啊",
            "time": "17-5-16 10:05"
        },
        {
            "comment id": 18,
            "parent": -1,
            "children": [],
            "user id": "1006462652",
            "user name": "清水洗尘_",
            "content": "令人发指！现在的人都怎么了？必须严惩！",
            "time": "17-5-16 07:57"
        },
        {
            "comment id": 19,
            "parent": -1,
            "children": [],
            "user id": "2597462574",
            "user name": "Candycat糖咪家伴手礼",
            "content": "超级无情的几个女人！该受到法律的制裁！还有拍视频的人你这又算什么！",
            "time": "17-5-16 07:46"
        },
        {
            "comment id": 20,
            "parent": -1,
            "children": [],
            "user id": "5446367550",
            "user name": "善者自善159",
            "content": "可以想象这种女人现在是这样子，结婚生孩子又会怎样教育孩子？不好好惩处她们，后患无穷！",
            "time": "17-5-16 09:47"
        },
        {
            "comment id": 21,
            "parent": -1,
            "children": [],
            "user id": "1762096033",
            "user name": "相田居士",
            "content": "如来、上帝、真主三方会谈后达成一致，真心祝福这一家人很快死光光。",
            "time": "17-5-16 08:43"
        },
        {
            "comment id": 22,
            "parent": -1,
            "children": [],
            "user id": "5070994643",
            "user name": "省油的灯--灯灯--",
            "content": "人肉，剁手，老太太养出来的女儿怎么全都这副德行？",
            "time": "17-5-16 08:09"
        },
        {
            "comment id": 23,
            "parent": -1,
            "children": [],
            "user id": "2642848190",
            "user name": "油炎狗佳",
            "content": "毒妇啊，为保姆打抱不平，像这样的人因该送进监狱蹲上十年八年的，太不是东西了……",
            "time": "17-5-16 07:27"
        },
        {
            "comment id": 24,
            "parent": -1,
            "children": [],
            "user id": "2283756515",
            "user name": "陈薏帆double儿",
            "content": "良心哪里去了呢？居然没有人出来阻止 心灵上的侮辱永远的是无法拟补的 这种恶意伤人的行为可以抓起来的 太气人了……",
            "time": "17-5-17 20:37"
        },
        {
            "comment id": 25,
            "parent": -1,
            "children": [],
            "user id": "1838896311",
            "user name": "雙児1314",
            "content": "这哪里是十几岁，全都一帮老娘们吗！。人老手也残！你们几个猪打死她多好啊！ 那样才解气！ 你们妈学校怎么教育你们的！你们是四个垃圾桶啊！装满垃圾往别人身上倒没道德！太没道德了！哎！弱肉强食啊！你们怎么不欺负城市的保姆呢？",
            "time": "17-5-16 08:42"
        },
        {
            "comment id": 26,
            "parent": -1,
            "children": [],
            "user id": "2781105107",
            "user name": "老兵村伊凡麵",
            "content": "后续呢",
            "time": "17-5-16 08:23"
        },
        {
            "comment id": 27,
            "parent": -1,
            "children": [],
            "user id": "3612978457",
            "user name": "脱离高级趣味的羊",
            "content": "弱者无助？",
            "time": "17-5-16 08:12"
        },
        {
            "comment id": 28,
            "parent": -1,
            "children": [],
            "user id": "1403807564",
            "user name": "和鸣锵锵",
            "content": "中国人教育出了问题……",
            "time": "17-5-16 07:28"
        },
        {
            "comment id": 29,
            "parent": -1,
            "children": [],
            "user id": "3128117750",
            "user name": "KOP归来哥",
            "content": "如果我的孩子被人家这样打，我不会报警也不会杀人，我会对几个施暴者挨个剁手，让他们（她们）永远再也不能用手再打人。",
            "time": "17-6-14 02:16"
        },
        {
            "comment id": 30,
            "parent": -1,
            "children": [],
            "user id": "3564182572",
            "user name": "子夜27",
            "content": "是谁生出这种货的！",
            "time": "17-6-4 06:27"
        },
        {
            "comment id": 31,
            "parent": -1,
            "children": [],
            "user id": "5234797881",
            "user name": "用户5234797881",
            "content": "不是说依法治国吗？",
            "time": "17-5-23 09:27"
        },
        {
            "comment id": 32,
            "parent": -1,
            "children": [],
            "user id": "5863330344",
            "user name": "大江ZHJ",
            "content": "这几个无知的女人 不如狗 昨天一起出门被车全撞死了",
            "time": "17-5-20 01:47"
        },
        {
            "comment id": 33,
            "parent": -1,
            "children": [],
            "user id": "5234797881",
            "user name": "用户5234797881",
            "content": "这是发生在解放前的事吧？",
            "time": "17-5-17 16:13"
        },
        {
            "comment id": 34,
            "parent": -1,
            "children": [],
            "user id": "5212014425",
            "user name": "王青争202",
            "content": "这群女人这样打人会有报应的",
            "time": "17-5-16 18:16"
        },
        {
            "comment id": 35,
            "parent": -1,
            "children": [],
            "user id": "3237725064",
            "user name": "ZJ小小执著",
            "content": "都已经辟谣了 还在这发保姆",
            "time": "17-5-16 17:31"
        },
        {
            "comment id": 36,
            "parent": -1,
            "children": [],
            "user id": "2405058227",
            "user name": "che_容易",
            "content": "怎么看都像成年人",
            "time": "17-5-16 16:19"
        },
        {
            "comment id": 37,
            "parent": -1,
            "children": [],
            "user id": "2405058227",
            "user name": "che_容易",
            "content": "都这样了咋还不真实了呢。这个社会呀",
            "time": "17-5-16 16:17"
        },
        {
            "comment id": 38,
            "parent": -1,
            "children": [],
            "user id": "2176083152",
            "user name": "迎风绽放的蔷薇",
            "content": "法律呢！法律呢！",
            "time": "17-5-16 16:07"
        },
        {
            "comment id": 39,
            "parent": -1,
            "children": [],
            "user id": "5805294169",
            "user name": "Christy_11315",
            "content": "再怎么不实，大家也都见不得一个姑娘这样被人打成这样",
            "time": "17-5-16 13:00"
        },
        {
            "comment id": 40,
            "parent": -1,
            "children": [],
            "user id": "5295126243",
            "user name": "睡睡酒醒",
            "content": "就这点钱还要受这样的罪，不值！",
            "time": "17-5-16 10:30"
        },
        {
            "comment id": 41,
            "parent": -1,
            "children": [],
            "user id": "2655079711",
            "user name": "恬恬颖宝宝",
            "content": "抓起来，他妈的",
            "time": "17-5-16 09:32"
        },
        {
            "comment id": 42,
            "parent": -1,
            "children": [],
            "user id": "2635535845",
            "user name": "YOYO__妈妈",
            "content": "我想知道谁拍的视频",
            "time": "17-5-16 09:22"
        },
        {
            "comment id": 43,
            "parent": -1,
            "children": [],
            "user id": "1684302910",
            "user name": "果子淼",
            "content": "@云音杳杳",
            "time": "17-5-16 08:25"
        },
        {
            "comment id": 44,
            "parent": -1,
            "children": [],
            "user id": "3477651072",
            "user name": "莫失聪聪",
            "content": "新闻内容不符实！传播谣言要坐牢！",
            "time": "17-5-16 08:20"
        },
        {
            "comment id": 45,
            "parent": -1,
            "children": [],
            "user id": "6042144084",
            "user name": "艾梦LJG",
            "content": "这是因为什么呀",
            "time": "17-5-16 08:14"
        },
        {
            "comment id": 46,
            "parent": -1,
            "children": [],
            "user id": "5648973625",
            "user name": "爱咋咋滴叭whocare",
            "content": "标题是假的，好久之前的事了，转发也不看看真假🙄",
            "time": "17-5-16 07:48"
        },
        {
            "comment id": 47,
            "parent": -1,
            "children": [],
            "user id": "5544504817",
            "user name": "陈仓西山老农",
            "content": "四個婊子一樣的婊子，應該先奸后殺",
            "time": "17-5-16 07:29"
        },
        {
            "comment id": 48,
            "parent": -1,
            "children": [],
            "user id": "3592170591",
            "user name": "中医理疗张小彩",
            "content": "自己没孝心，还打人，应该全抓起来",
            "time": "17-5-19 06:41"
        },
        {
            "comment id": 49,
            "parent": -1,
            "children": [],
            "user id": "2014617404",
            "user name": "匹夫3_854",
            "content": "你们既然说这个保姆不好，那解聘了就行，为什么这样凶残呢？",
            "time": "17-5-17 10:50"
        },
        {
            "comment id": 50,
            "parent": -1,
            "children": [],
            "user id": "5247079488",
            "user name": "眼里有justin",
            "content": "造谣明明就是校园暴力事件",
            "time": "17-5-16 17:28"
        },
        {
            "comment id": 51,
            "parent": -1,
            "children": [],
            "user id": "5887194611",
            "user name": "imyg17393",
            "content": "已经辟谣了",
            "time": "17-5-16 16:08"
        },
        {
            "comment id": 52,
            "parent": -1,
            "children": [],
            "user id": "6116795510",
            "user name": "皮皮皮皮克斯",
            "content": "不要造谣",
            "time": "17-5-16 13:52"
        },
        {
            "comment id": 53,
            "parent": -1,
            "children": [],
            "user id": "3835448718",
            "user name": "h吼吼_",
            "content": "可能是没遇到那种只想拿你家钱的那种保姆   才来  就可以把人弄死",
            "time": "17-5-16 11:07"
        },
        {
            "comment id": 54,
            "parent": -1,
            "children": [],
            "user id": "5625513263",
            "user name": "用户5625513263",
            "content": "这扯犊子的吧。她妈70岁？4  5十才生的？",
            "time": "17-5-16 10:59"
        },
        {
            "comment id": 55,
            "parent": -1,
            "children": [],
            "user id": "6124600815",
            "user name": "芳妮诗女装",
            "content": "一千块一个月 就算做的有些不对的地方 你们也不能这么欺负人，有事说事 请不要动手 如果你们这么厉害的话 请自己照顾老人 用不着请人 不要觉得你们花钱了 别人低你一等",
            "time": "17-5-16 10:51"
        },
        {
            "comment id": 56,
            "parent": -1,
            "children": [],
            "user id": "6038013617",
            "user name": "我被自己丑的吃不下饭了",
            "content": "臭女人！",
            "time": "17-5-16 08:33"
        },
        {
            "comment id": 57,
            "parent": -1,
            "children": [],
            "user id": "3436509254",
            "user name": "天空快乐云28",
            "content": "假的！",
            "time": "17-5-16 08:22"
        },
        {
            "comment id": 58,
            "parent": -1,
            "children": [],
            "user id": "2102146624",
            "user name": "山里清晨的风",
            "content": "革命的种子就这样被播下了",
            "time": "17-5-16 08:22"
        },
        {
            "comment id": 59,
            "parent": -1,
            "children": [],
            "user id": "5733459691",
            "user name": "顾你于南歌",
            "content": "瞎bb，这是霸凌视频，以前看过",
            "time": "17-5-16 08:18"
        },
        {
            "comment id": 60,
            "parent": -1,
            "children": [],
            "user id": "2963133653",
            "user name": "一品今生",
            "content": "我只想说中国要成为真正的法治国家就要对这种人严惩，要不然老百姓就会觉得你们什么都是喊口号。不要让法律躺在仓库里睡觉",
            "time": "17-5-16 08:14"
        },
        {
            "comment id": 61,
            "parent": -1,
            "children": [],
            "user id": "1061525431",
            "user name": "ohmygod6841",
            "content": "在我们国家，感觉这样的动手打人（只要不出人命）根本不算是犯法了。以往曝出的类似案例中，JC要么不管，要么就是“批评教育”了事。",
            "time": "17-5-16 07:52"
        },
        {
            "comment id": 62,
            "parent": -1,
            "children": [],
            "user id": "3083103750",
            "user name": "海盗旗FOX",
            "content": "无道德，无底线",
            "time": "17-5-16 07:31"
        },
        {
            "comment id": 63,
            "parent": -1,
            "children": [],
            "user id": "3112404024",
            "user name": "Yuliy不负",
            "content": "太过分了她们",
            "time": "17-5-16 07:29"
        }
    ]
}