{
    "source": {
        "content": "还在吃肉松蛋糕吗？快来看看！看你还敢不敢！#网红肉松蛋糕##食品安全##微博视频排行# 秒拍视频 ",
        "time": "17-5-20 15:53",
        "user id": "5278745522",
        "tweet id": "F3ZnjvSFj",
        "label": 1,
        "theme": null
    },
    "comment": [
        {
            "comment id": 0,
            "parent": -1,
            "children": [
                1,
                2,
                3,
                7
            ],
            "user id": "5459591808",
            "user name": "_Pannyo_",
            "content": "卧槽 我这礼拜还吃了个 😶",
            "time": "17-5-20 16:00"
        },
        {
            "comment id": 1,
            "parent": 0,
            "children": [],
            "user id": "2744097750",
            "user name": "ffdxfhbv",
            "content": "尼玛这不早辟谣了吗还在传",
            "time": "17-6-24 14:10"
        },
        {
            "comment id": 2,
            "parent": 0,
            "children": [],
            "user id": "2857627984",
            "user name": "SuperrrAdela",
            "content": "放嘴里嚼一嚼就知道了，棉花嚼不烂的，虽然现在食品质量让人忧心，但这些自作聪明得人真的加大了这种恐惧",
            "time": "17-6-15 17:28"
        },
        {
            "comment id": 3,
            "parent": 0,
            "children": [],
            "user id": "5721590669",
            "user name": "我除了吃还能睡吖",
            "content": "这个视频事造谣的，早都被曝光了",
            "time": "17-6-12 00:35"
        },
        {
            "comment id": 4,
            "parent": 5,
            "children": [],
            "user id": "5459591808",
            "user name": "_Pannyo_",
            "content": "回复@Monkey二叔:好的",
            "time": "17-5-20 17:13"
        },
        {
            "comment id": 5,
            "parent": 6,
            "children": [
                4
            ],
            "user id": "5278745522",
            "user name": "Monkey二叔",
            "content": "回复@_Pannyo_:多多注意食品安全",
            "time": "17-5-20 16:54"
        },
        {
            "comment id": 6,
            "parent": 7,
            "children": [
                5
            ],
            "user id": "5459591808",
            "user name": "_Pannyo_",
            "content": "回复@Monkey二叔:对啊 小店里卖的东西真的不敢乱吃了",
            "time": "17-5-20 16:05"
        },
        {
            "comment id": 7,
            "parent": 0,
            "children": [
                6
            ],
            "user id": "5278745522",
            "user name": "Monkey二叔",
            "content": "下次注意了",
            "time": "17-5-20 16:02"
        },
        {
            "comment id": 8,
            "parent": -1,
            "children": [],
            "user id": "5434391501",
            "user name": "橘子猫mini",
            "content": "@吃麻辣烫的大猩猩",
            "time": "17-5-20 23:20"
        },
        {
            "comment id": 9,
            "parent": -1,
            "children": [
                10
            ],
            "user id": "2386236525",
            "user name": "知愚知辱",
            "content": "无良商家    黑心作坊    监管缺失",
            "time": "17-6-13 04:08"
        },
        {
            "comment id": 10,
            "parent": 9,
            "children": [],
            "user id": "2744097750",
            "user name": "ffdxfhbv",
            "content": "早辟谣拉大哥",
            "time": "17-6-24 14:11"
        },
        {
            "comment id": 11,
            "parent": -1,
            "children": [],
            "user id": "2456050872",
            "user name": "考拉内购",
            "content": "老早辟谣了",
            "time": "17-6-12 09:53"
        },
        {
            "comment id": 12,
            "parent": -1,
            "children": [],
            "user id": "5204092437",
            "user name": "zzw心乱了",
            "content": "假的 辟谣了 肉松也可以被点燃",
            "time": "17-7-1 00:25"
        },
        {
            "comment id": 13,
            "parent": -1,
            "children": [],
            "user id": "5382371587",
            "user name": "自律就完事了嗷",
            "content": "真的别把人的智商想的太低，我难道在嚼棉花和肉松都不知道吗？  造谣的成本真的太低了",
            "time": "17-6-25 00:59"
        },
        {
            "comment id": 14,
            "parent": -1,
            "children": [],
            "user id": "6150626995",
            "user name": "唐3s",
            "content": "@山东公安 @山东省人民检察院 @山东高法 你玩完了告诉你！",
            "time": "17-6-12 18:44"
        },
        {
            "comment id": 15,
            "parent": -1,
            "children": [],
            "user id": "1937261551",
            "user name": "Ruk__",
            "content": "小心网警找上你，传播这种视频要拘留的",
            "time": "17-7-3 18:12"
        },
        {
            "comment id": 16,
            "parent": -1,
            "children": [],
            "user id": "2314112933",
            "user name": "韭菜之王D",
            "content": "老早就辟谣了,请你先去查一下在发布",
            "time": "17-6-14 23:15"
        }
    ]
}