{
    "source": {
        "content": "天呐！肉松蛋糕的肉松竟然是用棉花做的，太坑人了！ 秒拍视频 ",
        "time": "17-5-22 12:01",
        "user id": "1234411945",
        "tweet id": "F4gI4cPVY",
        "label": 1,
        "theme": null
    },
    "comment": [
        {
            "comment id": 0,
            "parent": -1,
            "children": [],
            "user id": "2890709850",
            "user name": "靳本翠",
            "content": "国家食药监局已辟谣，你都不看新闻的吗？肉松粉加了水就是很像湿棉花啊，这点常识没有嘛？你咋不录一段包饺子的视频说饺子捏起来和橡皮泥一样就是橡皮泥呢？傻X",
            "time": "17-5-22 17:38"
        },
        {
            "comment id": 1,
            "parent": -1,
            "children": [],
            "user id": "5162506250",
            "user name": "Lan蓝miao",
            "content": "没文化真阔怕，就怕烤箱不爆炸往蛋糕里掺棉花呗",
            "time": "17-5-22 15:48"
        },
        {
            "comment id": 2,
            "parent": -1,
            "children": [],
            "user id": "3319726173",
            "user name": "张梓琰1983",
            "content": "都辟谣了还发，脑子真是个好东西！",
            "time": "17-5-28 10:48"
        },
        {
            "comment id": 3,
            "parent": -1,
            "children": [],
            "user id": "5177494233",
            "user name": "ailjjjj",
            "content": "笑了",
            "time": "17-5-22 22:24"
        },
        {
            "comment id": 4,
            "parent": -1,
            "children": [],
            "user id": "3871745578",
            "user name": "周娅琪",
            "content": "看看新闻求真再发视频好吗？棉花你们嚼烂？",
            "time": "17-5-22 14:15"
        },
        {
            "comment id": 5,
            "parent": -1,
            "children": [],
            "user id": "2055288575",
            "user name": "苏小同学",
            "content": "呵呵",
            "time": "17-5-29 09:13"
        },
        {
            "comment id": 6,
            "parent": -1,
            "children": [],
            "user id": "2520335622",
            "user name": "小斌_exe",
            "content": "脑子是个好东西",
            "time": "17-5-26 06:30"
        },
        {
            "comment id": 7,
            "parent": -1,
            "children": [],
            "user id": "5089997431",
            "user name": "吵吵糙糙超超",
            "content": "你是脑子被棉花塞住了吗?",
            "time": "17-5-25 19:33"
        },
        {
            "comment id": 8,
            "parent": -1,
            "children": [],
            "user id": "1787910325",
            "user name": "luuuu大露",
            "content": "没脑子还出来害人",
            "time": "17-5-25 16:51"
        },
        {
            "comment id": 9,
            "parent": -1,
            "children": [],
            "user id": "2335409041",
            "user name": "謨娅霖",
            "content": "你也不怕被拘留",
            "time": "17-5-25 01:51"
        },
        {
            "comment id": 10,
            "parent": -1,
            "children": [],
            "user id": "3517256501",
            "user name": "原麦河谷",
            "content": "造谣！假的！",
            "time": "17-5-22 12:30"
        }
    ]
}