{
    "source": {
        "content": "#青岛头条# 为了艮悠悠的口感，蛋糕里面掺棉花？！青岛大妈这次简直是拯救了全人类 秒拍视频 ",
        "time": "17-5-22 18:32",
        "user id": "2271747543",
        "tweet id": "F4jgQenNS",
        "label": 1,
        "theme": null
    },
    "comment": [
        {
            "comment id": 0,
            "parent": -1,
            "children": [
                1,
                2,
                3,
                4,
                5,
                6,
                9,
                11,
                13
            ],
            "user id": "5039611780",
            "user name": "杀掉所有玫瑰",
            "content": "有毛病吧 棉花不要成本？ 干脆连米都不要吃好了 我还能造谣说米里面还掺了石灰粉呢",
            "time": "17-5-23 17:19"
        },
        {
            "comment id": 1,
            "parent": 0,
            "children": [],
            "user id": "5512764228",
            "user name": "LSP-盛世天平",
            "content": "我也感觉那一定不是棉花，",
            "time": "17-5-24 15:31"
        },
        {
            "comment id": 2,
            "parent": 0,
            "children": [],
            "user id": "2271747543",
            "user name": "青岛旅游人",
            "content": "回复@鹿不羁de夫人:视频里并没提肉松 谢谢。",
            "time": "17-5-24 14:28"
        },
        {
            "comment id": 3,
            "parent": 0,
            "children": [],
            "user id": "2271747543",
            "user name": "青岛旅游人",
            "content": "回复@鹿不羁de夫人:你从哪看出是拔丝蛋糕的？纸杯蛋糕也有不拔丝的",
            "time": "17-5-24 13:03"
        },
        {
            "comment id": 4,
            "parent": 0,
            "children": [],
            "user id": "3199270893",
            "user name": "来过唐山",
            "content": "这叫拔丝蛋糕，里面有肉松，才能拔丝",
            "time": "17-5-24 01:27"
        },
        {
            "comment id": 5,
            "parent": 0,
            "children": [],
            "user id": "2271747543",
            "user name": "青岛旅游人",
            "content": "回复@小欲诉:不过你要明白 中国市场这么大 无奇不有 很多事就是靠传播放大倒逼。",
            "time": "17-5-23 18:28"
        },
        {
            "comment id": 6,
            "parent": 0,
            "children": [],
            "user id": "2271747543",
            "user name": "青岛旅游人",
            "content": "回复@小欲诉:好的 那我删啦",
            "time": "17-5-23 18:25"
        },
        {
            "comment id": 7,
            "parent": 9,
            "children": [],
            "user id": "5039611780",
            "user name": "杀掉所有玫瑰",
            "content": "回复@青岛旅游人:该检测的怕是一些造谣者和传播者的脑壳……别回了 挺搞笑",
            "time": "17-5-23 18:11"
        },
        {
            "comment id": 8,
            "parent": 9,
            "children": [],
            "user id": "5039611780",
            "user name": "杀掉所有玫瑰",
            "content": "回复@青岛旅游人:作为一个大v在传播某些视频的时候能不能自己先去实践 再来决定是否转发传播 。食品安全该重视，难道网络信息可以随意吗？我真的讨厌这种拉低中国人智商的视频 丢人",
            "time": "17-5-23 17:57"
        },
        {
            "comment id": 9,
            "parent": 0,
            "children": [
                7,
                8
            ],
            "user id": "2271747543",
            "user name": "青岛旅游人",
            "content": "回复@小欲诉:大家都经常被骗 只不过现在大家对食品安全更敏感了…信息介质传的也更猛了",
            "time": "17-5-23 17:52"
        },
        {
            "comment id": 10,
            "parent": 11,
            "children": [],
            "user id": "5039611780",
            "user name": "杀掉所有玫瑰",
            "content": "回复@青岛旅游人:被骗的还是老年人居多呢",
            "time": "17-5-23 17:47"
        },
        {
            "comment id": 11,
            "parent": 0,
            "children": [
                10
            ],
            "user id": "2271747543",
            "user name": "青岛旅游人",
            "content": "回复@小欲诉:不要对中国人的智慧掉以轻心 当年的假鸡蛋你见识过么",
            "time": "17-5-23 17:44"
        },
        {
            "comment id": 12,
            "parent": 13,
            "children": [],
            "user id": "5039611780",
            "user name": "杀掉所有玫瑰",
            "content": "回复@青岛旅游人:我没有说肉松吧要不这样您去做个这样的蛋糕然后不停用水清洗看会不会有 行么 蛋糕用水搓出所谓的“棉花” 挺好笑",
            "time": "17-5-23 17:38"
        },
        {
            "comment id": 13,
            "parent": 0,
            "children": [
                12
            ],
            "user id": "2271747543",
            "user name": "青岛旅游人",
            "content": "现在的问题是 蛋糕里面掺没掺肉松视频里是纸杯蛋糕大妈没提肉松的事…有些卖的纸杯蛋糕是不含肉松的…",
            "time": "17-5-23 17:23"
        },
        {
            "comment id": 14,
            "parent": -1,
            "children": [
                33
            ],
            "user id": "3167012540",
            "user name": "克维恩妮wang",
            "content": "说要因为造谣惩罚无知大妈的高学历高智商大神们我看着也像棉花呢 大妈有恶意么你们就口口声声要惩罚 不派你们去前线代表月亮消灭恶势力真是屈了你的口才了",
            "time": "17-5-23 12:05"
        },
        {
            "comment id": 15,
            "parent": 16,
            "children": [],
            "user id": "5018757842",
            "user name": "只是一个路痴",
            "content": "回复@克维恩妮wang:不懂法永远都不是不守法的理由",
            "time": "17-12-25 11:24"
        },
        {
            "comment id": 16,
            "parent": 17,
            "children": [
                15
            ],
            "user id": "3167012540",
            "user name": "克维恩妮wang",
            "content": "回复@只是一个路痴:哦是吗，我没看到这个新闻后续，也搜不到大妈刑事拘留，所以在我看来你也是造谣，是不是你也应该被刑事拘留？老人没有接受过高等教育所犯下的过错说出的错话不能被原谅？如果法责无知，那天天都有人进监狱吧？多关注红黄蓝那种大家公认的违法之徒不好吗？天天追着人家大妈无心无知犯的错有劲没劲啊你？",
            "time": "17-12-23 17:43"
        },
        {
            "comment id": 17,
            "parent": 18,
            "children": [
                16
            ],
            "user id": "5018757842",
            "user name": "只是一个路痴",
            "content": "回复@克维恩妮wang:满清酷刑用没用我不知道，但是造谣的大妈确实被行政拘留了，从这个角度来看，我的谬论符合法律规定，情理之中，但也确实在我意料之外。",
            "time": "17-12-23 04:08"
        },
        {
            "comment id": 18,
            "parent": 20,
            "children": [
                17
            ],
            "user id": "3167012540",
            "user name": "克维恩妮wang",
            "content": "回复@只是一个路痴:好的，建议你满清酷刑用起来去惩罚大妈吧，不好意思这么久才看到你的谬论",
            "time": "17-12-22 18:44"
        },
        {
            "comment id": 19,
            "parent": 20,
            "children": [],
            "user id": "2271747543",
            "user name": "青岛旅游人",
            "content": "回复@只是一个路痴:关于口气方面，如果是青岛人，你懂的",
            "time": "17-5-26 17:34"
        },
        {
            "comment id": 20,
            "parent": 21,
            "children": [
                18,
                19
            ],
            "user id": "5018757842",
            "user name": "只是一个路痴",
            "content": "回复@青岛旅游人:你还是觉得大妈是弱者吗？大妈可一点都不弱，视频里信誓旦旦的口气，运用的炉火纯青的社会舆论，和在商店门口围观讨说法的群众。从任何一个层面我都看不出弱在哪。舌头底下压死人这道理，作为大V你应该比我清楚吧。",
            "time": "17-5-26 17:26"
        },
        {
            "comment id": 21,
            "parent": 23,
            "children": [
                20
            ],
            "user id": "2271747543",
            "user name": "青岛旅游人",
            "content": "回复@只是一个路痴:你觉得商家损失大，但是或许从另一个角度来说反倒做了宣传，假设检测结论对商家有利，商家之后恢复营业，那么说不定他的广告效益要反超这点损失，商家自己会衡量，不用你操心。此外，商家还有盈利的空间，对于大妈来说，即使大妈是无辜的，对她来说也再无所益处。",
            "time": "17-5-26 16:55"
        },
        {
            "comment id": 22,
            "parent": 23,
            "children": [],
            "user id": "2271747543",
            "user name": "青岛旅游人",
            "content": "回复@只是一个路痴:该谁承担就谁承担，该自己兜着就自己兜着，商家自己会衡量考虑，不用你操心。就像双方交通事故，就算对方全责，但除了保险理赔之外，那些浪费了的时间金钱或其他成本，有些你就得自己兜着了。",
            "time": "17-5-26 16:55"
        },
        {
            "comment id": 23,
            "parent": 26,
            "children": [
                21,
                22
            ],
            "user id": "5018757842",
            "user name": "只是一个路痴",
            "content": "回复@青岛旅游人:那么商家损失谁承担？因为被怀疑有食品安全风险被扣押的蛋糕和原材料在调查期间过期变质的损失谁负责？政府吗？",
            "time": "17-5-26 16:23"
        },
        {
            "comment id": 24,
            "parent": 26,
            "children": [],
            "user id": "5018757842",
            "user name": "只是一个路痴",
            "content": "回复@青岛旅游人:法律一样维护大妈名誉，大妈可以对损伤名誉的用户或平台提起民事诉讼，前提是她没有造谣。",
            "time": "17-5-26 16:19"
        },
        {
            "comment id": 25,
            "parent": 26,
            "children": [],
            "user id": "5018757842",
            "user name": "只是一个路痴",
            "content": "回复@青岛旅游人:这个事情有因才有果，首先是大妈视频引起社会舆论，属于行政责任。后面因为舆论受到诽谤，属于民事纠纷。",
            "time": "17-5-26 16:17"
        },
        {
            "comment id": 26,
            "parent": 27,
            "children": [
                23,
                24,
                25
            ],
            "user id": "2271747543",
            "user name": "青岛旅游人",
            "content": "回复@只是一个路痴:市场上那么多坑蒙拐骗短斤少两你看几个打12345的？青岛大虾不就这么火的？还有，和现在那些网友信口说大妈是造谣一样，恰好印证了大妈这也是正常的直觉反应，那么网友到底凭什么说大妈就是造谣，他们看到听到视频里有肉松了？凭什么现在在调查完之前就要诽谤大妈？大妈的名誉谁来捍卫？",
            "time": "17-5-26 16:08"
        },
        {
            "comment id": 27,
            "parent": 28,
            "children": [
                26
            ],
            "user id": "5018757842",
            "user name": "只是一个路痴",
            "content": "回复@青岛旅游人:打个12345还有很高的要求吗？普通老百姓不能打？再就是，商家的损失谁负责呢？凭什么让商家为大妈的善意初衷买单？",
            "time": "17-5-26 16:02"
        },
        {
            "comment id": 28,
            "parent": 29,
            "children": [
                27
            ],
            "user id": "2271747543",
            "user name": "青岛旅游人",
            "content": "回复@只是一个路痴:你这说法对于一个普通老百姓的生活日常觉得现实吗？或许大妈的初衷只是一个善意的提醒，在她的认知范围内和词库里就是棉花，或是只能确切地用棉花来形容。",
            "time": "17-5-26 15:56"
        },
        {
            "comment id": 29,
            "parent": 30,
            "children": [
                28
            ],
            "user id": "5018757842",
            "user name": "只是一个路痴",
            "content": "回复@青岛旅游人:不知道怎么形容可以问，不知道是什么东西也可以问，我们社会有公开咨询和维权的途径。饭不可以乱吃，话也不能乱说。随口一句掺棉花，如果商家没掺假，那给商家造成的损失谁负责？商家认倒霉？",
            "time": "17-5-26 15:27"
        },
        {
            "comment id": 30,
            "parent": 31,
            "children": [
                29
            ],
            "user id": "2271747543",
            "user name": "青岛旅游人",
            "content": "回复@只是一个路痴:作为一个普通百姓，如果换你觉得大妈用什么措辞来形容那个合适，你给大妈找个措词，教她说。",
            "time": "17-5-26 15:22"
        },
        {
            "comment id": 31,
            "parent": 32,
            "children": [
                30
            ],
            "user id": "5018757842",
            "user name": "只是一个路痴",
            "content": "回复@青岛旅游人:无辜吗？谁提出谁举证啊，在自己都没弄明白到底是什么的前提下，就凭猜测说是棉花。这算无辜吗？难道说话不应该有根有据吗？",
            "time": "17-5-26 15:18"
        },
        {
            "comment id": 32,
            "parent": 33,
            "children": [
                31
            ],
            "user id": "2271747543",
            "user name": "青岛旅游人",
            "content": "回复@只是一个路痴:法不责无辜",
            "time": "17-5-26 15:16"
        },
        {
            "comment id": 33,
            "parent": 14,
            "children": [
                32
            ],
            "user id": "5018757842",
            "user name": "只是一个路痴",
            "content": "所以带起节奏，引起恐慌不需要负责任吗？法不责众，法不责老？还是法不责无知？",
            "time": "17-5-26 15:15"
        },
        {
            "comment id": 34,
            "parent": -1,
            "children": [
                35
            ],
            "user id": "2271747543",
            "user name": "青岛旅游人",
            "content": "市南区食药局正密切关注检验情况，会依法处置。在官方没正式公布检验结果之前，大家就不要转发了哈，此博已被锁定，暂时无法删除",
            "time": "17-5-23 16:02"
        },
        {
            "comment id": 35,
            "parent": 34,
            "children": [],
            "user id": "1699115284",
            "user name": "我的知更",
            "content": "啊哈哈哈哈哈",
            "time": "17-5-23 23:07"
        },
        {
            "comment id": 36,
            "parent": -1,
            "children": [
                37
            ],
            "user id": "1922004745",
            "user name": "Shermy-Hoo",
            "content": "还需要检验",
            "time": "17-5-23 14:54"
        },
        {
            "comment id": 37,
            "parent": 36,
            "children": [],
            "user id": "2271747543",
            "user name": "青岛旅游人",
            "content": "嗯，在检验，官方也不敢盲目下结论。",
            "time": "17-5-23 15:01"
        },
        {
            "comment id": 38,
            "parent": -1,
            "children": [
                39,
                40,
                41,
                42,
                43
            ],
            "user id": "2271747543",
            "user name": "青岛旅游人",
            "content": "有网友说👉 网页链接",
            "time": "17-5-23 16:48"
        },
        {
            "comment id": 39,
            "parent": 38,
            "children": [],
            "user id": "3789880382",
            "user name": "长不到一米八五了",
            "content": "这个网友也是有点那个啥  具体是啥我就不说了  脑补一下吧",
            "time": "17-5-24 16:40"
        },
        {
            "comment id": 40,
            "parent": 38,
            "children": [],
            "user id": "3528652771",
            "user name": "熙攘星华-M",
            "content": "一看就是那个台湾的肉松拔丝蛋糕啊",
            "time": "17-5-24 10:46"
        },
        {
            "comment id": 41,
            "parent": 38,
            "children": [],
            "user id": "3199270893",
            "user name": "来过唐山",
            "content": "这叫拔丝蛋糕也叫肉松蛋糕，要加了肉松才能拔丝",
            "time": "17-5-24 01:29"
        },
        {
            "comment id": 42,
            "parent": 38,
            "children": [],
            "user id": "1704469045",
            "user name": "Magi--猪妖",
            "content": "哎 我来跟你们科普 是台湾的肉松蛋糕 晕死",
            "time": "17-5-23 19:54"
        },
        {
            "comment id": 43,
            "parent": 38,
            "children": [],
            "user id": "5672391195",
            "user name": "Sa撒先生",
            "content": "事实证明政府公信力完蛋。",
            "time": "17-5-23 16:50"
        },
        {
            "comment id": 44,
            "parent": -1,
            "children": [
                45,
                47
            ],
            "user id": "3464360170",
            "user name": "海蓝_18870",
            "content": "已经辟谣了，",
            "time": "17-5-23 14:04"
        },
        {
            "comment id": 45,
            "parent": 44,
            "children": [],
            "user id": "2271747543",
            "user name": "青岛旅游人",
            "content": "回复@么西么西1102:有网友说👉 查看图片",
            "time": "17-5-23 16:46"
        },
        {
            "comment id": 46,
            "parent": 47,
            "children": [],
            "user id": "1802292404",
            "user name": "bubu布布1205",
            "content": "回复@青岛旅游人:等消息吧，八九不离十了。 未在店中搜出棉花类物品，制造蛋糕的材料搜查了没有棉花。 退休大妈大爷的谣言还少吗 人家做企业开店容易吗，之前紫菜关了多少厂了",
            "time": "17-5-23 16:44"
        },
        {
            "comment id": 47,
            "parent": 44,
            "children": [
                46
            ],
            "user id": "2271747543",
            "user name": "青岛旅游人",
            "content": "严格的说 是官方已经拿去检测了，还没出结果。",
            "time": "17-5-23 14:23"
        },
        {
            "comment id": 48,
            "parent": -1,
            "children": [
                49
            ],
            "user id": "3548310690",
            "user name": "荣潇",
            "content": "哈哈哈哈 搞事情啊你",
            "time": "17-5-24 14:39"
        },
        {
            "comment id": 49,
            "parent": 48,
            "children": [],
            "user id": "2271747543",
            "user name": "青岛旅游人",
            "content": "来探视带上溪溪身边那些好吃的",
            "time": "17-5-24 17:14"
        },
        {
            "comment id": 50,
            "parent": -1,
            "children": [
                53
            ],
            "user id": "1372883360",
            "user name": "豆花今天闭麦了吗",
            "content": "po主被拘留了没有呢",
            "time": "17-5-24 14:47"
        },
        {
            "comment id": 51,
            "parent": 52,
            "children": [],
            "user id": "2271747543",
            "user name": "青岛旅游人",
            "content": "回复@碎了一地的诺言00:看你名字本身就是一个谣言",
            "time": "17-5-24 18:37"
        },
        {
            "comment id": 52,
            "parent": 53,
            "children": [
                51
            ],
            "user id": "5166961407",
            "user name": "碎了一地的诺言00",
            "content": "回复@青岛旅游人:那你赶紧再发一个谣言来啊",
            "time": "17-5-24 18:17"
        },
        {
            "comment id": 53,
            "parent": 50,
            "children": [
                52
            ],
            "user id": "2271747543",
            "user name": "青岛旅游人",
            "content": "还需再努力",
            "time": "17-5-24 17:13"
        },
        {
            "comment id": 54,
            "parent": -1,
            "children": [
                55
            ],
            "user id": "2271747543",
            "user name": "青岛旅游人",
            "content": "有网友说👉 网页链接",
            "time": "17-5-23 17:24"
        },
        {
            "comment id": 55,
            "parent": 54,
            "children": [],
            "user id": "3706097924",
            "user name": "sunsnow616",
            "content": "这位网友有证据吗？全部是他自己想象的。他说地球是方的，估计你也信。",
            "time": "17-5-24 08:51"
        },
        {
            "comment id": 56,
            "parent": -1,
            "children": [],
            "user id": "5672391195",
            "user name": "Sa撒先生",
            "content": "成天有大妈想搞点新闻。。。之前面条和粉条能燃烧也跑出来说假的。。玛德有机物不能燃烧正常吗？！",
            "time": "17-5-23 16:28"
        },
        {
            "comment id": 57,
            "parent": -1,
            "children": [],
            "user id": "6084236907",
            "user name": "葫芦娃没有籽",
            "content": "不就是肉松蛋糕吗很好吃啊",
            "time": "17-5-24 20:10"
        },
        {
            "comment id": 58,
            "parent": -1,
            "children": [],
            "user id": "2176385377",
            "user name": "青岛生活娱乐",
            "content": "#青岛辟谣#造谣#肉松饼是棉花做#的永康大叔已被拘留，青岛这位大姨准备好了没？",
            "time": "17-5-23 15:24"
        },
        {
            "comment id": 59,
            "parent": -1,
            "children": [],
            "user id": "5984098074",
            "user name": "lan烂好人",
            "content": "就算是和的面这样洗也能洗出面筋来，面筋啊不知道去科普一下，神经病一天录些视频，",
            "time": "17-5-24 22:39"
        },
        {
            "comment id": 60,
            "parent": -1,
            "children": [],
            "user id": "1042933667",
            "user name": "连云港百事通",
            "content": "就想问问棉花不要钱吗？",
            "time": "17-5-24 10:57"
        },
        {
            "comment id": 61,
            "parent": -1,
            "children": [],
            "user id": "1725323685",
            "user name": "宸熙庭枫",
            "content": "长点脑子行嘛！还是棉花在烤箱里就已经烧糊了！",
            "time": "17-5-23 22:36"
        },
        {
            "comment id": 62,
            "parent": -1,
            "children": [],
            "user id": "3181217315",
            "user name": "城阳LQQ",
            "content": "假的，这个大妈造谣",
            "time": "17-5-23 14:35"
        },
        {
            "comment id": 63,
            "parent": -1,
            "children": [],
            "user id": "6063114841",
            "user name": "显龙的日常",
            "content": "希望是谣言，要不然我们真成了一边吃祖国棉花一边批判人家跪舔美国空气好",
            "time": "17-5-23 09:17"
        },
        {
            "comment id": 64,
            "parent": -1,
            "children": [],
            "user id": "1781208985",
            "user name": "V趙尐桐V",
            "content": "肉松面包上的肉松是棉花做的？食药监部门辟谣】近日，全国各地都出现了这样质疑棉花肉松的视频，事情发生以后，一些地方的食药监部门也第一时间进行了抽检，确定这是造谣。据悉，大部分肉松蛋糕上面的肉松都是肉松粉做的，肉松粉的主要成分是豆类，不完全是肉，因此才会在水洗后变成白色丝条状，并不是",
            "time": "17-5-22 18:58"
        },
        {
            "comment id": 65,
            "parent": -1,
            "children": [],
            "user id": "5124334694",
            "user name": "甜甜甜仔s",
            "content": "这两个大妈已经被刑拘了",
            "time": "17-6-3 13:25"
        },
        {
            "comment id": 66,
            "parent": -1,
            "children": [],
            "user id": "5124334694",
            "user name": "甜甜甜仔s",
            "content": "现在外面还有拔丝蛋糕呢",
            "time": "17-5-24 10:05"
        },
        {
            "comment id": 67,
            "parent": -1,
            "children": [],
            "user id": "1967408445",
            "user name": "lsvalon",
            "content": "棉花那么贵 傻子在这么做",
            "time": "17-5-24 07:40"
        },
        {
            "comment id": 68,
            "parent": -1,
            "children": [],
            "user id": "3556098714",
            "user name": "胖子许侠客",
            "content": "放棉花到底有什么意义嘛？我真的不懂",
            "time": "17-5-24 16:42"
        },
        {
            "comment id": 69,
            "parent": -1,
            "children": [],
            "user id": "5151573536",
            "user name": "大明不见小明",
            "content": "坐等检测结果",
            "time": "17-5-23 14:40"
        },
        {
            "comment id": 70,
            "parent": -1,
            "children": [],
            "user id": "2113884465",
            "user name": "怪舒舒zZ",
            "content": "没文化真可怕～洗出来的东西可以干了烧一下呀，要是有烧焦羽毛味那就是肉松呀～",
            "time": "17-5-24 22:54"
        },
        {
            "comment id": 71,
            "parent": -1,
            "children": [],
            "user id": "5668164163",
            "user name": "甜甜的花生豆",
            "content": "这跟上回那个说紫菜的是一个人，已经辟谣了",
            "time": "17-5-24 17:43"
        },
        {
            "comment id": 72,
            "parent": -1,
            "children": [],
            "user id": "5621557147",
            "user name": "新兰永恒呵呵",
            "content": "这又不是棉花做的棉花很贵的好嘛？又不便宜的",
            "time": "17-5-24 16:57"
        },
        {
            "comment id": 73,
            "parent": -1,
            "children": [],
            "user id": "2494933702",
            "user name": "kiss-喵喵",
            "content": "棉花进了烤箱还能这么完整？觉得太扯了吧。",
            "time": "17-5-23 09:33"
        },
        {
            "comment id": 74,
            "parent": -1,
            "children": [],
            "user id": "2153068760",
            "user name": "我们说不求而得往往求而不得",
            "content": "就特么青岛大妈比事多！想骗钱还要误导别人，老不死的。",
            "time": "17-5-24 20:14"
        }
    ]
}