{
    "source": {
        "content": "#遂宁身边事# 【遂宁市场上的猪肉有虫，这不是谣言，我朋友就遇到了】  昨日（5月28日）中午，家住船山区油坊街的朋友在家煮饭，当捞起煮得半生不熟的猪肉的时候，朋友看到肥肉上面有红点，由于以前在网上看到视频介绍说猪肉有虫，每次煮肉的时候就特别注意，特意用夹子拨开看了一下，发现确实有虫，并且还是活的，以前听某专家解释可能是筋或者血管，认认真真观察后得出结论，这确实是虫，因为还在活动，筋或者血管与活体虫还是能够分辨出来，猪肉是在油坊街菜市场买的，放在冰箱软冻室冻了两天。这究竟是一种什么虫呢？@斗城小小帅  @科民自保  @SN柠檬哥  @The故事  @遂宁早晨  @爱折腾的贰姐  @遂宁同城  @A遂宁乖乖女  @爆料遂宁  @斗城小小帅  @憨豆婆婆Fan  @灵感收集者 秒拍视频",
        "time": "17-5-30 07:01",
        "user id": "6123089341",
        "tweet id": "F5satwUSp",
        "label": 1,
        "theme": null
    },
    "comment": [
        {
            "comment id": 0,
            "parent": -1,
            "children": [
                1,
                2,
                3
            ],
            "user id": "2757481051",
            "user name": "SN柠檬哥",
            "content": "你这让二师兄的身价暴跌的节奏",
            "time": "17-5-30 08:52"
        },
        {
            "comment id": 1,
            "parent": 0,
            "children": [],
            "user id": "6123089341",
            "user name": "徐员外床车自驾游",
            "content": "回复@斗城小小帅:是买的新鲜的，朋友拿回家冻了两天，昨天才拿出来煮。",
            "time": "17-5-30 09:40"
        },
        {
            "comment id": 2,
            "parent": 0,
            "children": [],
            "user id": "2757481051",
            "user name": "SN柠檬哥",
            "content": "回复@遂宁新发现:你这样考虑过二师兄的感受吗😊，今年的肉价还在下跌，怎么对的起养他的主人家呢😊",
            "time": "17-5-30 08:59"
        },
        {
            "comment id": 3,
            "parent": 0,
            "children": [],
            "user id": "6123089341",
            "user name": "徐员外床车自驾游",
            "content": "其实猪肉这种虫一直都有，几十年前的猪肉都有这种虫，只是我们遇到的几率很小。",
            "time": "17-5-30 08:55"
        },
        {
            "comment id": 4,
            "parent": -1,
            "children": [
                5,
                6
            ],
            "user id": "2913934745",
            "user name": "憨豆婆婆Fan",
            "content": "可怕",
            "time": "17-5-30 09:37"
        },
        {
            "comment id": 5,
            "parent": 4,
            "children": [],
            "user id": "6123089341",
            "user name": "徐员外床车自驾游",
            "content": "不怕不怕，切肉的时候，看到肉里面有异物就拨开看看。",
            "time": "17-5-30 09:40"
        },
        {
            "comment id": 6,
            "parent": 4,
            "children": [],
            "user id": "2913934745",
            "user name": "憨豆婆婆Fan",
            "content": "",
            "time": "17-5-30 09:56"
        },
        {
            "comment id": 7,
            "parent": -1,
            "children": [
                8
            ],
            "user id": "6123089341",
            "user name": "徐员外床车自驾游",
            "content": "举报我的人真的是没有文化，你们听到砖家叫兽的解释还是动脑子想一下，你看到是血管了吗？你遇到了吗？我发布这个我是我遇到了，我也仔细辨别了？砖家和叫兽的话不一定全对，不要人云亦云，动脑子想一下，上次水面事件我为什么没有转发？所谓的大米事件，我也为什么不转发？因为我动脑子想了",
            "time": "17-5-31 20:09"
        },
        {
            "comment id": 8,
            "parent": 7,
            "children": [],
            "user id": "3201659127",
            "user name": "遂宁微故事",
            "content": "有人举报？",
            "time": "17-5-31 20:13"
        },
        {
            "comment id": 9,
            "parent": -1,
            "children": [
                10
            ],
            "user id": "1812669710",
            "user name": "用户0112598556765",
            "content": "完了",
            "time": "17-5-30 09:32"
        },
        {
            "comment id": 10,
            "parent": 9,
            "children": [],
            "user id": "6123089341",
            "user name": "徐员外床车自驾游",
            "content": "大家煮肉的时候注意一下就可以了。",
            "time": "17-5-30 09:39"
        },
        {
            "comment id": 11,
            "parent": -1,
            "children": [
                12
            ],
            "user id": "3201659127",
            "user name": "遂宁微故事",
            "content": "杀猪匠，请你解释下为啥有虫",
            "time": "17-5-30 07:54"
        },
        {
            "comment id": 12,
            "parent": 11,
            "children": [],
            "user id": "6123089341",
            "user name": "徐员外床车自驾游",
            "content": "解释不了，俺不是砖家，也不是叫兽。",
            "time": "17-5-30 08:02"
        },
        {
            "comment id": 13,
            "parent": -1,
            "children": [
                14,
                15,
                16,
                17
            ],
            "user id": "2325315853",
            "user name": "像微风吹进心里",
            "content": "吓得我赶紧去买了几斤肉来煮煮看",
            "time": "17-5-30 10:30"
        },
        {
            "comment id": 14,
            "parent": 13,
            "children": [],
            "user id": "2325315853",
            "user name": "像微风吹进心里",
            "content": "回复@遂宁新发现:反正我是凑热闹不显事多",
            "time": "17-5-30 11:05"
        },
        {
            "comment id": 15,
            "parent": 13,
            "children": [],
            "user id": "6123089341",
            "user name": "徐员外床车自驾游",
            "content": "回复@YI桥清雨:这个需要我们自己去确认，先持怀疑态度，确定了再认同，不然我们就成了传谣的推手。",
            "time": "17-5-30 11:04"
        },
        {
            "comment id": 16,
            "parent": 13,
            "children": [],
            "user id": "2325315853",
            "user name": "像微风吹进心里",
            "content": "回复@遂宁新发现:遂宁最近这种事情好多 一会是面条是塑料的 一会又是撒子肉松饼是塑料的这个社会啊",
            "time": "17-5-30 11:00"
        },
        {
            "comment id": 17,
            "parent": 13,
            "children": [],
            "user id": "6123089341",
            "user name": "徐员外床车自驾游",
            "content": "这是小概率事件，并不是大概率事件。",
            "time": "17-5-30 10:58"
        },
        {
            "comment id": 18,
            "parent": -1,
            "children": [
                19
            ],
            "user id": "5596528225",
            "user name": "摄影师尤",
            "content": "这视频叫你拍的让我们看看拍的全是虚的",
            "time": "17-6-19 06:25"
        },
        {
            "comment id": 19,
            "parent": 18,
            "children": [
                20
            ],
            "user id": "6123089341",
            "user name": "徐员外床车自驾游",
            "content": "你们是专业的，我们是手机，不是一个概念。",
            "time": "17-6-19 07:02"
        },
        {
            "comment id": 20,
            "parent": 19,
            "children": [],
            "user id": "5596528225",
            "user name": "摄影师尤",
            "content": "回复@遂宁新发现:和手机。 相机没关系。  要你这么说手机都不能拍视频了",
            "time": "17-6-19 20:19"
        },
        {
            "comment id": 21,
            "parent": -1,
            "children": [],
            "user id": "5925385990",
            "user name": "年轻的欧妈桑",
            "content": "这些人书是不是读傻了，明明就是血管，我从你胸里扯出条血管来，我也说是虫吧，这些人整得二师兄无辜躺枪",
            "time": "17-10-27 15:02"
        },
        {
            "comment id": 22,
            "parent": -1,
            "children": [],
            "user id": "5639377870",
            "user name": "鱼塘主8888",
            "content": "我记得以前我也见过呀肉皮都会有血管的",
            "time": "17-6-29 17:44"
        },
        {
            "comment id": 23,
            "parent": -1,
            "children": [],
            "user id": "1791594261",
            "user name": "盐荒子孙",
            "content": "现在这些大妈没事就拍这种视频，真他妈闲的",
            "time": "17-6-28 22:02"
        },
        {
            "comment id": 24,
            "parent": -1,
            "children": [],
            "user id": "5081130754",
            "user name": "妞-你马叔叔",
            "content": "夏天肉里面最容易生虫，处理不当很正常的，如果是隔天没有买掉的肉或者太阳直晒过得都会起虫。",
            "time": "17-6-28 17:52"
        },
        {
            "comment id": 25,
            "parent": -1,
            "children": [],
            "user id": "5828892033",
            "user name": "优雅的疯子16112",
            "content": "换个摄像要得不   我啥子都没有看清楚",
            "time": "17-6-27 11:13"
        },
        {
            "comment id": 26,
            "parent": -1,
            "children": [],
            "user id": "5800663948",
            "user name": "我叫沈葡萄",
            "content": "就算有虫很奇怪吗？人的身体里面不也有寄生虫？动物有就更不奇怪了，又不是让你生吃。",
            "time": "17-6-19 21:49"
        },
        {
            "comment id": 27,
            "parent": -1,
            "children": [],
            "user id": "2453772231",
            "user name": "贰人最幸福",
            "content": "这是真的，也有碰到过，恶心死了，好久了都不敢再吃猪肉！",
            "time": "17-6-19 17:50"
        },
        {
            "comment id": 28,
            "parent": -1,
            "children": [
                29,
                30
            ],
            "user id": "2558269587",
            "user name": "空其哇",
            "content": "煮熟了给大家看能看出什么？我不信 ！你怎么不生的时候挑出虫来看看？ 假的",
            "time": "17-6-18 22:53"
        },
        {
            "comment id": 29,
            "parent": 28,
            "children": [],
            "user id": "6123089341",
            "user name": "徐员外床车自驾游",
            "content": "生肉看不到，只有半生不熟的时候最明显！",
            "time": "17-6-19 07:01"
        },
        {
            "comment id": 30,
            "parent": 28,
            "children": [],
            "user id": "2558269587",
            "user name": "空其哇",
            "content": "整假消息搏眼球，视频被处理了吧",
            "time": "17-7-16 21:42"
        },
        {
            "comment id": 31,
            "parent": -1,
            "children": [],
            "user id": "6008348686",
            "user name": "可爱一笑而过687",
            "content": "猪的毛细血管,不是虫",
            "time": "17-6-18 12:41"
        },
        {
            "comment id": 32,
            "parent": -1,
            "children": [],
            "user id": "6008348686",
            "user name": "可爱一笑而过687",
            "content": "是毛细血管,不是虫",
            "time": "17-6-18 12:39"
        },
        {
            "comment id": 33,
            "parent": -1,
            "children": [],
            "user id": "1881194990",
            "user name": "李李李萌萌萌哒",
            "content": "猪肉绦虫，寄生虫",
            "time": "17-6-17 15:55"
        },
        {
            "comment id": 34,
            "parent": -1,
            "children": [],
            "user id": "5088674137",
            "user name": "暴躁的我补钙",
            "content": "说看清楚没得 根本看不清楚啊 都是模糊的 个人感觉是假的 但还是被吓到了。不敢买猪肉吃了。这段时间猪肉又降价很凶...假的话传谣言的就该拉出去扔臭鸡蛋了",
            "time": "17-6-15 19:18"
        },
        {
            "comment id": 35,
            "parent": -1,
            "children": [
                36
            ],
            "user id": "5715532177",
            "user name": "吴忠维",
            "content": "你知道吗？如果在微博随意造谣  是要负法律责任的",
            "time": "17-6-14 03:27"
        },
        {
            "comment id": 36,
            "parent": 35,
            "children": [
                37
            ],
            "user id": "6123089341",
            "user name": "徐员外床车自驾游",
            "content": "我当然知道，并且非常清楚法律，微博官方给我定义为不实消息，我为什么不删？因为我知道这是事实。谢谢提醒",
            "time": "17-6-14 06:14"
        },
        {
            "comment id": 37,
            "parent": 36,
            "children": [],
            "user id": "5715532177",
            "user name": "吴忠维",
            "content": "回复@遂宁新发现:不谢",
            "time": "17-6-14 14:13"
        },
        {
            "comment id": 38,
            "parent": -1,
            "children": [
                39,
                40
            ],
            "user id": "5019115804",
            "user name": "用户愈",
            "content": "这虫子也是不怕开水烫呀。肉好像加热了吧",
            "time": "17-6-12 21:38"
        },
        {
            "comment id": 39,
            "parent": 38,
            "children": [],
            "user id": "5019115804",
            "user name": "用户愈",
            "content": "回复@遂宁新发现:",
            "time": "17-6-12 22:45"
        },
        {
            "comment id": 40,
            "parent": 38,
            "children": [],
            "user id": "6123089341",
            "user name": "徐员外床车自驾游",
            "content": "朋友疗了一下，准备做回锅肉！",
            "time": "17-6-12 22:23"
        },
        {
            "comment id": 41,
            "parent": -1,
            "children": [],
            "user id": "5019115804",
            "user name": "用户愈",
            "content": "确实拍的不清。真的看不出是血管还是虫子🐛。。猪肉里是有血管。。我i从来不在集市上买肉。我买肉金锣或龙大都可以",
            "time": "17-6-10 15:42"
        },
        {
            "comment id": 42,
            "parent": -1,
            "children": [
                43
            ],
            "user id": "5573190582",
            "user name": "晨风沐雨99",
            "content": "猪肉纤维",
            "time": "17-6-6 08:14"
        },
        {
            "comment id": 43,
            "parent": 42,
            "children": [],
            "user id": "6123089341",
            "user name": "徐员外床车自驾游",
            "content": "不是",
            "time": "17-6-6 12:14"
        },
        {
            "comment id": 44,
            "parent": -1,
            "children": [],
            "user id": "6116573545",
            "user name": "用户6116573545",
            "content": "这些事就该食品安全局出面证实，拿出证据来，比如现在的安居区横山镇的猪肉一样，死猪母猪没经检疫检验的都在上市销售，没人管现在，都乱翻了，只有吃出问题了才有人出面追问，查责任。追原头。",
            "time": "17-6-5 15:43"
        },
        {
            "comment id": 45,
            "parent": -1,
            "children": [],
            "user id": "5677490184",
            "user name": "遂宁小爆同学",
            "content": "#遂宁网事# ",
            "time": "17-5-30 09:05"
        },
        {
            "comment id": 46,
            "parent": -1,
            "children": [],
            "user id": "1946153160",
            "user name": "小伙子王同学",
            "content": "拍得都不清楚 怎么让我看清楚？",
            "time": "17-6-3 14:43"
        },
        {
            "comment id": 47,
            "parent": -1,
            "children": [],
            "user id": "2186427513",
            "user name": "邓阿卉呀",
            "content": "@其实已经与我无关 @Care乄 @斤亲子木 @PHX琳 我想想安安静静吃泡面",
            "time": "17-5-31 06:30"
        },
        {
            "comment id": 48,
            "parent": -1,
            "children": [],
            "user id": "2475505575",
            "user name": "逗逼界的元老",
            "content": "猪儿虫，没毛病！",
            "time": "17-6-4 00:07"
        },
        {
            "comment id": 49,
            "parent": -1,
            "children": [
                50
            ],
            "user id": "5788349786",
            "user name": "用户5788349786",
            "content": "那是肉的血管",
            "time": "17-5-31 12:44"
        },
        {
            "comment id": 50,
            "parent": 49,
            "children": [],
            "user id": "6123089341",
            "user name": "徐员外床车自驾游",
            "content": "还真的不是血管，血管不会动吧？假如是血管扯到了，他也不会连续动吧？",
            "time": "17-5-31 13:29"
        },
        {
            "comment id": 51,
            "parent": -1,
            "children": [
                52
            ],
            "user id": "2183226113",
            "user name": "--匡匡--",
            "content": "明明前段时间四川台就辟谣说是猪血管，现在还在传谣，可怕，请不要在乱传了",
            "time": "17-5-30 15:42"
        },
        {
            "comment id": 52,
            "parent": 51,
            "children": [],
            "user id": "6123089341",
            "user name": "徐员外床车自驾游",
            "content": "喊他到我家里来，我非叫他给我说清楚，是虫还是血管，如果是虫，我让他当着我们的面把这个肉吃下去，如果是血管，我该负什么责任，我就负什么责任。",
            "time": "17-5-30 16:50"
        },
        {
            "comment id": 53,
            "parent": -1,
            "children": [
                54
            ],
            "user id": "3188276700",
            "user name": "漫漫人生路O_O",
            "content": "上次是万禾的面，这又来猪肉。面就不说了，有常识的都懂，这猪肉嘛，就算有，也是少数。不要唯恐天下不乱，水果还有肉眼看不到的寄生虫呢？不要吃罗",
            "time": "17-5-30 14:10"
        },
        {
            "comment id": 54,
            "parent": 53,
            "children": [],
            "user id": "6123089341",
            "user name": "徐员外床车自驾游",
            "content": "我也说了是小概率事件，我提醒大家遇到这种有虫的猪肉别吃，好像没有什么不妥吧？",
            "time": "17-5-30 16:51"
        },
        {
            "comment id": 55,
            "parent": -1,
            "children": [
                56
            ],
            "user id": "6201737103",
            "user name": "乖宝宝笙安",
            "content": "感觉应该是筋吧",
            "time": "17-5-30 10:25"
        },
        {
            "comment id": 56,
            "parent": 55,
            "children": [],
            "user id": "6123089341",
            "user name": "徐员外床车自驾游",
            "content": "不是，因为以前听那些专家说过这个事情，所以特别注意了的。",
            "time": "17-5-30 10:58"
        }
    ]
}