{
    "source": {
        "content": "澳洲一中国女子过马路闯红灯，被警察拦住要处罚，女子开始撒泼，又从包里掏出一把刀，警察三次警告后她继续打电话直接被击毙！\n要记得，你们不是在中国，他们有权开枪，文明出游，文明出游啊。。。 网页链接 ",
        "time": "17-6-12 12:34",
        "user id": "2989580831",
        "tweet id": "F7sTVv5ek",
        "label": 1,
        "theme": null
    },
    "comment": [
        {
            "comment id": 0,
            "parent": -1,
            "children": [],
            "user id": "1795241710",
            "user name": "000000000000__",
            "content": "报道上出现了偏差 你们是要负责任的吧",
            "time": "17-6-12 12:46"
        },
        {
            "comment id": 1,
            "parent": -1,
            "children": [],
            "user id": "1687239217",
            "user name": "zhurensteven",
            "content": "事件发生在新南威尔士州Burwood 地区，报道明显有误，还请尽快更正。",
            "time": "17-6-12 12:53"
        },
        {
            "comment id": 2,
            "parent": -1,
            "children": [
                3
            ],
            "user id": "1777098481",
            "user name": "是个身手敏捷的胖子",
            "content": "拔刀是什么鬼，在中国闯红灯也不至于拔刀啊",
            "time": "17-6-12 12:43"
        },
        {
            "comment id": 3,
            "parent": 2,
            "children": [],
            "user id": "1650693157",
            "user name": "Tachikoma1990",
            "content": "刀客没见过？",
            "time": "17-6-12 12:48"
        },
        {
            "comment id": 4,
            "parent": -1,
            "children": [],
            "user id": "1525822187",
            "user name": "另一只破拖鞋",
            "content": "媒体断章取义，哗众取宠，能有点道德底线么？",
            "time": "17-6-12 12:53"
        },
        {
            "comment id": 5,
            "parent": -1,
            "children": [],
            "user id": "1673178134",
            "user name": "严守礼",
            "content": "这。。。。。。假如国内，肯定又要问怎么不打手？不打腿？哦，忘了，国内连枪都不能开。还是不对，连警棍都不能用，人家姑娘只是拿把刀，又没伤着别人，甚至都没威胁别人，你只能用嘴巴。",
            "time": "17-6-12 12:44"
        },
        {
            "comment id": 6,
            "parent": -1,
            "children": [],
            "user id": "1232144984",
            "user name": "陆陆还是陆陆",
            "content": "欧耶！",
            "time": "17-6-12 12:44"
        },
        {
            "comment id": 7,
            "parent": -1,
            "children": [],
            "user id": "1959783153",
            "user name": "锴锴齐",
            "content": "挺好的",
            "time": "17-6-12 12:40"
        },
        {
            "comment id": 8,
            "parent": -1,
            "children": [],
            "user id": "1429410174",
            "user name": "雷明1974214",
            "content": "404",
            "time": "17-6-12 20:28"
        },
        {
            "comment id": 9,
            "parent": -1,
            "children": [],
            "user id": "2825947620",
            "user name": "青春小月影",
            "content": "把人丢在国外咯",
            "time": "17-6-12 17:01"
        },
        {
            "comment id": 10,
            "parent": -1,
            "children": [],
            "user id": "1243461311",
            "user name": "xu_缘",
            "content": "哗众取宠",
            "time": "17-6-12 14:04"
        },
        {
            "comment id": 11,
            "parent": -1,
            "children": [],
            "user id": "1741216415",
            "user name": "鱿尼安ONION",
            "content": "哈？",
            "time": "17-6-12 13:03"
        },
        {
            "comment id": 12,
            "parent": -1,
            "children": [],
            "user id": "1869856955",
            "user name": "小神驴",
            "content": "只是击倒，不是击毙。",
            "time": "17-6-12 12:57"
        },
        {
            "comment id": 13,
            "parent": -1,
            "children": [],
            "user id": "2064420905",
            "user name": "我知道你在哪一边",
            "content": "成本问题",
            "time": "17-6-12 12:53"
        },
        {
            "comment id": 14,
            "parent": -1,
            "children": [],
            "user id": "1979338620",
            "user name": "-BeSomebody5号-",
            "content": "又是他妈半截信息，F",
            "time": "17-6-12 12:51"
        },
        {
            "comment id": 15,
            "parent": -1,
            "children": [],
            "user id": "1832396127",
            "user name": "Nice_涳潆",
            "content": "不要发假新闻。小心被查哦。",
            "time": "17-6-12 12:39"
        },
        {
            "comment id": 16,
            "parent": -1,
            "children": [],
            "user id": "1481543055",
            "user name": "奎哥窥网",
            "content": "报道出现偏差，你们是要负责任的",
            "time": "17-6-12 12:39"
        },
        {
            "comment id": 17,
            "parent": -1,
            "children": [],
            "user id": "1804816917",
            "user name": "Hoodrych為妳變強",
            "content": "假新闻，这女的是去讨工资的",
            "time": "17-6-12 12:38"
        },
        {
            "comment id": 18,
            "parent": -1,
            "children": [],
            "user id": "2149617760",
            "user name": "海牛喝咖啡",
            "content": "@嘟嘟爸爸2010  ",
            "time": "17-6-12 12:38"
        },
        {
            "comment id": 19,
            "parent": -1,
            "children": [],
            "user id": "1236989110",
            "user name": "R32军",
            "content": "应该让那个山东交警看看，跟一不讲规矩的外国人说那么多干嘛？",
            "time": "17-6-12 12:37"
        },
        {
            "comment id": 20,
            "parent": -1,
            "children": [],
            "user id": "1951758831",
            "user name": "滨海的风景",
            "content": "",
            "time": "17-6-12 12:35"
        },
        {
            "comment id": 21,
            "parent": -1,
            "children": [],
            "user id": "1774538034",
            "user name": "芥末_Wassbi",
            "content": "@我姓張名严予 (⊙o⊙)哇",
            "time": "17-6-12 12:35"
        }
    ]
}