{
    "source": {
        "content": "#22岁伴娘坠楼身亡# 22岁伴娘坠楼身亡，疑因伴郎团推搡所致6月13日，顺德均安一对年轻人结婚，接亲过程中，伴娘从4楼坠下抢救无效死亡，4楼部分栏杆已经缺失。有街坊怀疑死者并非是自己失足跌下，疑因伴郎团推搡所致，目前，事故原因调查中。关于现在的婚闹，你怎么看？ 小污碟的秒拍视频",
        "time": "17-6-15 13:32",
        "user id": "2950435410",
        "tweet id": "F7VzhBZDY",
        "label": 1,
        "theme": null
    },
    "comment": [
        {
            "comment id": 0,
            "parent": -1,
            "children": [
                1,
                2,
                3,
                6,
                7
            ],
            "user id": "2493368261",
            "user name": "吴长云ol",
            "content": "狐朋狗友  酒肉朋友  损友",
            "time": "17-6-16 11:10"
        },
        {
            "comment id": 1,
            "parent": 0,
            "children": [],
            "user id": "5947392816",
            "user name": "云上倾晖_",
            "content": "物以类聚",
            "time": "17-6-25 14:57"
        },
        {
            "comment id": 2,
            "parent": 0,
            "children": [],
            "user id": "5496243109",
            "user name": "在阳光下前行201501",
            "content": "回复@Leos0621:是的！",
            "time": "17-6-25 14:33"
        },
        {
            "comment id": 3,
            "parent": 0,
            "children": [],
            "user id": "6047805917",
            "user name": "取什么名字呢22",
            "content": "出了事，绝对不出来的也是酒肉朋友。。。。",
            "time": "17-6-21 19:50"
        },
        {
            "comment id": 4,
            "parent": 6,
            "children": [],
            "user id": "5139232867",
            "user name": "筱楠A",
            "content": "回复@生活就是平凡中有快乐:阁下你是哪国得",
            "time": "17-6-21 17:33"
        },
        {
            "comment id": 5,
            "parent": 6,
            "children": [],
            "user id": "2493368261",
            "user name": "吴长云ol",
            "content": "回复@生活就是平凡中有快乐:优雅而浪漫   温馨又和谐的婚礼",
            "time": "17-6-21 17:03"
        },
        {
            "comment id": 6,
            "parent": 0,
            "children": [
                4,
                5
            ],
            "user id": "5675882531",
            "user name": "生活就是平凡中有快乐",
            "content": "说得好，中国人大多数我看不起，太无聊骄傲",
            "time": "17-6-21 13:50"
        },
        {
            "comment id": 7,
            "parent": 0,
            "children": [],
            "user id": "5496243109",
            "user name": "在阳光下前行201501",
            "content": "物以类聚",
            "time": "17-6-19 18:17"
        },
        {
            "comment id": 8,
            "parent": -1,
            "children": [
                9,
                10,
                11,
                13,
                14,
                15,
                16,
                18,
                19,
                20,
                21,
                22,
                23,
                24,
                25,
                26,
                27,
                28,
                29,
                30,
                32,
                33
            ],
            "user id": "5721343540",
            "user name": "是美丽又可爱的我呀",
            "content": "这群人都该死！！大喜的日子！让害死人吗？",
            "time": "17-6-16 20:36"
        },
        {
            "comment id": 9,
            "parent": 8,
            "children": [],
            "user id": "2685544865",
            "user name": "江湖大头丁",
            "content": "回复@野蛮528:你说怎样就怎样咯",
            "time": "17-7-4 19:47"
        },
        {
            "comment id": 10,
            "parent": 8,
            "children": [],
            "user id": "6000442835",
            "user name": "F命是奶茶给的",
            "content": "回复@撒花撒哗:说了没死就没死！",
            "time": "17-7-4 14:22"
        },
        {
            "comment id": 11,
            "parent": 8,
            "children": [],
            "user id": "2685544865",
            "user name": "江湖大头丁",
            "content": "回复@野蛮528:死了",
            "time": "17-7-4 12:54"
        },
        {
            "comment id": 12,
            "parent": 14,
            "children": [],
            "user id": "6000442835",
            "user name": "F命是奶茶给的",
            "content": "回复@连路灯也好累:是的被喷的不是新朗，而且人也没死！",
            "time": "17-7-3 16:11"
        },
        {
            "comment id": 13,
            "parent": 8,
            "children": [],
            "user id": "6000442835",
            "user name": "F命是奶茶给的",
            "content": "回复@撒花撒哗:没死好吧，不知道你从那看来的文章说人家死了！",
            "time": "17-7-3 16:06"
        },
        {
            "comment id": 14,
            "parent": 8,
            "children": [
                12
            ],
            "user id": "3194102304",
            "user name": "连路灯也好累",
            "content": "不是新郎，好像也没死，别听他瞎说",
            "time": "17-7-2 00:59"
        },
        {
            "comment id": 15,
            "parent": 8,
            "children": [],
            "user id": "2387133462",
            "user name": "我是清祀",
            "content": "回复@撒花撒哗:然而这些伴郎是他的朋友，身边的人是什么样的多半他自己也是什么样的。所以他是被自己害死的。",
            "time": "17-7-1 08:16"
        },
        {
            "comment id": 16,
            "parent": 8,
            "children": [],
            "user id": "5660142870",
            "user name": "有了梦想谁都了不起",
            "content": "回复@撒花撒哗:天杀的闹婚者，喜事变丧事",
            "time": "17-6-26 09:24"
        },
        {
            "comment id": 17,
            "parent": 18,
            "children": [],
            "user id": "2685544865",
            "user name": "江湖大头丁",
            "content": "回复@有了梦想谁都了不起:死了，拍片肺里都是粉尘，那么多只灭火器一起喷，没见过这么闹的！",
            "time": "17-6-26 05:26"
        },
        {
            "comment id": 18,
            "parent": 8,
            "children": [
                17
            ],
            "user id": "5660142870",
            "user name": "有了梦想谁都了不起",
            "content": "回复@撒花撒哗:真的死了？这些人都得坐牢!",
            "time": "17-6-25 21:57"
        },
        {
            "comment id": 19,
            "parent": 8,
            "children": [],
            "user id": "3133062515",
            "user name": "弥水河畔的少年",
            "content": "回复@Tandwl:粉尘进入呼吸道了",
            "time": "17-6-25 20:35"
        },
        {
            "comment id": 20,
            "parent": 8,
            "children": [],
            "user id": "5631910461",
            "user name": "Salad_Mi",
            "content": "回复@撒花撒哗:怎么死的啊 被喷到眼睛？",
            "time": "17-6-25 20:10"
        },
        {
            "comment id": 21,
            "parent": 8,
            "children": [],
            "user id": "2770063061",
            "user name": "歡歌無弦CHN",
            "content": "回复@Leos0621:我说的是他说新娘解脱了这句！",
            "time": "17-6-25 13:29"
        },
        {
            "comment id": 22,
            "parent": 8,
            "children": [],
            "user id": "2770063061",
            "user name": "歡歌無弦CHN",
            "content": "回复@大王叫我小心孙悟空:你脑袋瓦特了吗？！！！！不会说话就闭嘴！！！",
            "time": "17-6-25 12:37"
        },
        {
            "comment id": 23,
            "parent": 8,
            "children": [],
            "user id": "1867931412",
            "user name": "大侠-GMJ",
            "content": "回复@撒花撒哗:新娘解脱了。",
            "time": "17-6-24 21:14"
        },
        {
            "comment id": 24,
            "parent": 8,
            "children": [],
            "user id": "2685544865",
            "user name": "江湖大头丁",
            "content": "回复@大王叫我小心孙悟空:新郎死了，不是喜事变丧事是什么？",
            "time": "17-6-24 18:35"
        },
        {
            "comment id": 25,
            "parent": 8,
            "children": [],
            "user id": "1867931412",
            "user name": "大侠-GMJ",
            "content": "回复@撒花撒哗:喜事变丧事",
            "time": "17-6-24 14:19"
        },
        {
            "comment id": 26,
            "parent": 8,
            "children": [],
            "user id": "2685544865",
            "user name": "江湖大头丁",
            "content": "回复@大王叫我小心孙悟空:这是几年前的事了，不信自己上网搜一搜",
            "time": "17-6-24 11:31"
        },
        {
            "comment id": 27,
            "parent": 8,
            "children": [],
            "user id": "1867931412",
            "user name": "大侠-GMJ",
            "content": "回复@撒花撒哗:骗人",
            "time": "17-6-24 09:30"
        },
        {
            "comment id": 28,
            "parent": 8,
            "children": [],
            "user id": "2685544865",
            "user name": "江湖大头丁",
            "content": "回复@-橘子子-:是，超级可怜！就因为这种恶作剧婚闹！",
            "time": "17-6-22 23:17"
        },
        {
            "comment id": 29,
            "parent": 8,
            "children": [],
            "user id": "1837247847",
            "user name": "SleepyheadatNight",
            "content": "回复@撒花撒哗:真的是这样吗？两家人太可怜了唉...",
            "time": "17-6-22 19:56"
        },
        {
            "comment id": 30,
            "parent": 8,
            "children": [],
            "user id": "2710012827",
            "user name": "毕士岩_",
            "content": "回复@撒花撒哗:这些人太可恶了，该死的不该是新郎！！！该是他们呀。",
            "time": "17-6-22 19:11"
        },
        {
            "comment id": 31,
            "parent": 32,
            "children": [],
            "user id": "2685544865",
            "user name": "江湖大头丁",
            "content": "回复@毕士岩_:是的，喜事变丧事，送医不治！",
            "time": "17-6-21 20:30"
        },
        {
            "comment id": 32,
            "parent": 8,
            "children": [
                31
            ],
            "user id": "2710012827",
            "user name": "毕士岩_",
            "content": "回复@撒花撒哗:人真没了？",
            "time": "17-6-21 19:41"
        },
        {
            "comment id": 33,
            "parent": 8,
            "children": [],
            "user id": "2685544865",
            "user name": "江湖大头丁",
            "content": "新郎这次真的被闹死了，送医不治身亡！",
            "time": "17-6-18 11:20"
        },
        {
            "comment id": 34,
            "parent": -1,
            "children": [
                35
            ],
            "user id": "6066018256",
            "user name": "义乌市米宝日用品厂",
            "content": "这闹的有点过了。把自己的快乐建立在别人痛苦之上。",
            "time": "17-6-16 11:23"
        },
        {
            "comment id": 35,
            "parent": 34,
            "children": [],
            "user id": "5491071811",
            "user name": "从前从前h9",
            "content": "大喜的日子闹成这样了，有意思吗！这是故意杀人吧，干粉灭火器啊，我不信喷的人不知道严重性",
            "time": "17-7-17 00:44"
        },
        {
            "comment id": 36,
            "parent": -1,
            "children": [
                37
            ],
            "user id": "1840382117",
            "user name": "许诺426",
            "content": "婚闹闹出人命的事情也不是一次两次了，不晓得这些人都是什么心态，感觉和个人素质有关…",
            "time": "17-6-16 17:34"
        },
        {
            "comment id": 37,
            "parent": 36,
            "children": [
                38
            ],
            "user id": "6203588269",
            "user name": "用户6203588269",
            "content": "不只是个人，是全部人。什么样的人交什么样的朋友",
            "time": "17-6-16 18:26"
        },
        {
            "comment id": 38,
            "parent": 37,
            "children": [],
            "user id": "1840382117",
            "user name": "许诺426",
            "content": "回复@用户6203588269:真理！",
            "time": "17-6-17 06:44"
        },
        {
            "comment id": 39,
            "parent": -1,
            "children": [
                40,
                41,
                42,
                44
            ],
            "user id": "5538038972",
            "user name": "王宝乾律师",
            "content": "我结婚谁要是敢这么闹，我当场就扇他大嘴巴子，不管是谁",
            "time": "17-6-25 18:13"
        },
        {
            "comment id": 40,
            "parent": 39,
            "children": [],
            "user id": "1880286484",
            "user name": "王思南",
            "content": "我觉得也是，真朋友不会大喜的日子琢磨着看你热闹。更别说把人弄成这样了。",
            "time": "17-7-17 08:07"
        },
        {
            "comment id": 41,
            "parent": 39,
            "children": [],
            "user id": "6017514273",
            "user name": "情何以可逃呢sex",
            "content": "给你牛逼的",
            "time": "17-7-16 07:29"
        },
        {
            "comment id": 42,
            "parent": 39,
            "children": [],
            "user id": "2727355387",
            "user name": "labixiaoxin天津",
            "content": "狠狠的扇",
            "time": "17-7-11 01:05"
        },
        {
            "comment id": 43,
            "parent": 44,
            "children": [],
            "user id": "5538038972",
            "user name": "王宝乾律师",
            "content": "回复@菇凉不坚强何以立足41775:这事婚礼举办前必须要先警告，闹婚礼的人是伴郎和堂表兄弟和关系好点的朋友，提前给他们说明，他们要是真敢闹，那不是庆祝是给新郎使绊，看笑话，那就不是兄弟不是好朋友。真正的好朋友不会劝你多喝酒喝醉",
            "time": "17-7-4 09:50"
        },
        {
            "comment id": 44,
            "parent": 39,
            "children": [
                43
            ],
            "user id": "6292818743",
            "user name": "菇凉不坚强何以立足41775",
            "content": "没那么闹，真闹了你也是没办法的，在场那么多人，你一个个扇，你试试！所以小伙子做事别那么冲动，以德服人",
            "time": "17-7-4 09:16"
        },
        {
            "comment id": 45,
            "parent": -1,
            "children": [],
            "user id": "5889294513",
            "user name": "美妞一生幸运",
            "content": "一群有病的年轻人！结婚能这么玩吗？个个都不想想嘛！那可是灭火器！我的乖乖",
            "time": "17-6-17 01:37"
        },
        {
            "comment id": 46,
            "parent": -1,
            "children": [],
            "user id": "5951862328",
            "user name": "用户5951862328",
            "content": "仔细看了两遍，先喷后送水的貌似只有一个人，最开始那些杂种都他妈跑了？",
            "time": "17-6-20 01:23"
        },
        {
            "comment id": 47,
            "parent": -1,
            "children": [],
            "user id": "2723165603",
            "user name": "医者忠诚",
            "content": "干粉灭火器，对人喷:等于窒息死亡。这是有多大的仇恨啊？夺妻之恨。。。。。。",
            "time": "17-6-19 22:44"
        },
        {
            "comment id": 48,
            "parent": -1,
            "children": [],
            "user id": "3558253121",
            "user name": "第一支利多卡因",
            "content": "这是朋友吗？这明显是借机整你！",
            "time": "17-6-20 14:03"
        },
        {
            "comment id": 49,
            "parent": -1,
            "children": [
                50
            ],
            "user id": "1878597847",
            "user name": "我是谁我在哪qqq",
            "content": "心痛被喷的好像是新郎  最后送院不治@Sum曦大大",
            "time": "17-6-26 03:00"
        },
        {
            "comment id": 50,
            "parent": 49,
            "children": [
                51
            ],
            "user id": "5204373220",
            "user name": "Sum曦大大",
            "content": "这群人就是有病，拿人生命开玩笑",
            "time": "17-6-26 07:30"
        },
        {
            "comment id": 51,
            "parent": 50,
            "children": [],
            "user id": "2727355387",
            "user name": "labixiaoxin天津",
            "content": "回复@Sum曦大大:无知所以无畏",
            "time": "17-7-11 01:06"
        },
        {
            "comment id": 52,
            "parent": -1,
            "children": [],
            "user id": "5422421673",
            "user name": "Yojxn",
            "content": "结婚叫人尽叫些瓜皮",
            "time": "17-6-18 08:55"
        },
        {
            "comment id": 53,
            "parent": -1,
            "children": [],
            "user id": "2411243281",
            "user name": "陈凡标",
            "content": "视频和小便的文字有毛关系，起码交代清楚是个类似案例啊，我还一直等伴娘从哪里掉下来呢，艹。",
            "time": "17-6-26 14:02"
        },
        {
            "comment id": 54,
            "parent": -1,
            "children": [
                55
            ],
            "user id": "3798297885",
            "user name": "9527wwq",
            "content": "都是一帮垃圾的80后！",
            "time": "17-6-18 14:06"
        },
        {
            "comment id": 55,
            "parent": 54,
            "children": [],
            "user id": "2270665910",
            "user name": "军仔小窝best",
            "content": "这跟几零后没有关系！",
            "time": "17-6-25 22:01"
        },
        {
            "comment id": 56,
            "parent": -1,
            "children": [
                60
            ],
            "user id": "5491909660",
            "user name": "韓磊磊磊磊lei",
            "content": "@麻辣味的柠檬糖",
            "time": "17-6-21 23:21"
        },
        {
            "comment id": 57,
            "parent": 58,
            "children": [],
            "user id": "5491909660",
            "user name": "韓磊磊磊磊lei",
            "content": "回复@麻辣味的柠檬糖:",
            "time": "17-6-21 23:50"
        },
        {
            "comment id": 58,
            "parent": 59,
            "children": [
                57
            ],
            "user id": "2166224353",
            "user name": "麻辣味的柠檬糖",
            "content": "回复@韓磊磊磊磊lei:灭火用的对着人玩？自己的命是命，别人的命就不是命了？",
            "time": "17-6-21 23:49"
        },
        {
            "comment id": 59,
            "parent": 60,
            "children": [
                58
            ],
            "user id": "5491909660",
            "user name": "韓磊磊磊磊lei",
            "content": "回复@麻辣味的柠檬糖:爆的那个应该是个灭火弹",
            "time": "17-6-21 23:42"
        },
        {
            "comment id": 60,
            "parent": 56,
            "children": [
                59
            ],
            "user id": "2166224353",
            "user name": "麻辣味的柠檬糖",
            "content": "干粉灭火器？结个婚，照死了玩啊！有病吧！",
            "time": "17-6-21 23:30"
        },
        {
            "comment id": 61,
            "parent": -1,
            "children": [],
            "user id": "5963760924",
            "user name": "英zz牛仔",
            "content": "结婚往往伴娘回出事，醉了",
            "time": "17-6-22 19:49"
        },
        {
            "comment id": 62,
            "parent": -1,
            "children": [
                63,
                64
            ],
            "user id": "1798403683",
            "user name": "多巴胺liu",
            "content": "这真的是悲剧！@安宇Ljw",
            "time": "17-6-26 16:51"
        },
        {
            "comment id": 63,
            "parent": 62,
            "children": [],
            "user id": "5703154829",
            "user name": "安宇Ljw",
            "content": "本来多开心一件事",
            "time": "17-6-28 19:03"
        },
        {
            "comment id": 64,
            "parent": 62,
            "children": [],
            "user id": "1798403683",
            "user name": "多巴胺liu",
            "content": "是啊！",
            "time": "17-6-28 19:51"
        },
        {
            "comment id": 65,
            "parent": -1,
            "children": [
                66
            ],
            "user id": "2624411461",
            "user name": "瑶瑶瑶瑶瑶瑶瑶瑶瑶瑶瑶瑶_",
            "content": "@一生有多久c 都不想结婚了",
            "time": "17-6-28 22:32"
        },
        {
            "comment id": 66,
            "parent": 65,
            "children": [],
            "user id": "5934554900",
            "user name": "JP男朋友",
            "content": "不怕，我没那样的朋友。",
            "time": "17-6-28 22:54"
        },
        {
            "comment id": 67,
            "parent": -1,
            "children": [],
            "user id": "5058642656",
            "user name": "摘苞米的猴子",
            "content": "垃圾朋友、低级趣味。",
            "time": "17-6-28 07:46"
        },
        {
            "comment id": 68,
            "parent": -1,
            "children": [],
            "user id": "5752941906",
            "user name": "Oo惜命oO",
            "content": "看把你们一个个能的，出事了，你们一个都脱离不了干系",
            "time": "17-6-27 22:46"
        },
        {
            "comment id": 69,
            "parent": -1,
            "children": [],
            "user id": "6045742495",
            "user name": "嘿哥哥我陪你呀",
            "content": "有病吧，结婚这么闹？这不是搞事的节奏么？？",
            "time": "17-6-26 09:15"
        },
        {
            "comment id": 70,
            "parent": -1,
            "children": [],
            "user id": "5383435835",
            "user name": "每天重复一次",
            "content": "婚闹……是热闹……不是闹心！闹事！能去这样闹心的，只能说明素质低下！我参加过好多次婚礼，就没这样的！",
            "time": "17-6-22 08:34"
        },
        {
            "comment id": 71,
            "parent": -1,
            "children": [],
            "user id": "3220450710",
            "user name": "思恩母婴宁武店",
            "content": "真他妈的疯了，玩得有个度吧，闹出事就鼻子都比脸大了，差不多就行了",
            "time": "17-6-20 01:35"
        },
        {
            "comment id": 72,
            "parent": -1,
            "children": [],
            "user id": "5997998723",
            "user name": "简尚小卖部",
            "content": "现在结婚不闹出点人命啥的都不行，闹吧以后肯定是，哥们我明天结婚你过来啊，对方肯定说不去我怕死",
            "time": "17-6-19 17:29"
        },
        {
            "comment id": 73,
            "parent": -1,
            "children": [
                74
            ],
            "user id": "5642319267",
            "user name": "192的徐大大",
            "content": "@梁丽斯- 顺德均安……",
            "time": "17-6-16 23:55"
        },
        {
            "comment id": 74,
            "parent": 73,
            "children": [
                75
            ],
            "user id": "1947514210",
            "user name": "梁丽斯-",
            "content": "早就知道了。就在家附近",
            "time": "17-6-18 22:19"
        },
        {
            "comment id": 75,
            "parent": 74,
            "children": [],
            "user id": "3293689291",
            "user name": "ZK德华",
            "content": "回复@梁丽斯-:死了？",
            "time": "17-6-20 13:01"
        },
        {
            "comment id": 76,
            "parent": -1,
            "children": [],
            "user id": "3266741144",
            "user name": "月啊月直接",
            "content": "能不能不要发婚闹的消息了。听到婚闹两个字就恶心得一逼",
            "time": "17-6-26 00:28"
        },
        {
            "comment id": 77,
            "parent": -1,
            "children": [
                78
            ],
            "user id": "2644873061",
            "user name": "Kongfff",
            "content": "@橡皮泥脸子就是我 真得有个度！",
            "time": "17-6-24 01:08"
        },
        {
            "comment id": 78,
            "parent": 77,
            "children": [],
            "user id": "1583153537",
            "user name": "橡皮泥脸子就是我",
            "content": "婚闹真心就是一群王八蛋",
            "time": "17-6-24 13:04"
        },
        {
            "comment id": 79,
            "parent": -1,
            "children": [],
            "user id": "5891090458",
            "user name": "或者明天65078",
            "content": "@chen是WilliamChen的chen",
            "time": "17-6-23 20:35"
        },
        {
            "comment id": 80,
            "parent": -1,
            "children": [],
            "user id": "5086179090",
            "user name": "优悠悠然",
            "content": "新郎结交的这些人太不是东西！",
            "time": "17-6-28 15:55"
        },
        {
            "comment id": 81,
            "parent": -1,
            "children": [],
            "user id": "1729955451",
            "user name": "咕噜咕噜酱油党",
            "content": "这种垃圾绝对不请，一群脑残",
            "time": "17-6-28 00:34"
        },
        {
            "comment id": 82,
            "parent": -1,
            "children": [],
            "user id": "5949596162",
            "user name": "旺仔牛奶煻",
            "content": "当新娘骂人的时候没有一个跑过去看看出什么事了嘛？",
            "time": "17-6-27 20:38"
        },
        {
            "comment id": 83,
            "parent": -1,
            "children": [],
            "user id": "5436504168",
            "user name": "独孤仙笙",
            "content": "悍马H2",
            "time": "17-6-26 20:07"
        },
        {
            "comment id": 84,
            "parent": -1,
            "children": [],
            "user id": "3149468013",
            "user name": "把你变成3",
            "content": "一帮垃圾",
            "time": "17-6-26 14:14"
        },
        {
            "comment id": 85,
            "parent": -1,
            "children": [],
            "user id": "1930171357",
            "user name": "乌青阿拉少",
            "content": "这标题跟视频有啥关系？",
            "time": "17-6-26 12:33"
        },
        {
            "comment id": 86,
            "parent": -1,
            "children": [],
            "user id": "2878662865",
            "user name": "汪gougou",
            "content": "@D-mwy 没素质",
            "time": "17-6-26 12:32"
        },
        {
            "comment id": 87,
            "parent": -1,
            "children": [],
            "user id": "5532426283",
            "user name": "鱼丸粗面DNF",
            "content": "一群人才",
            "time": "17-6-25 22:18"
        },
        {
            "comment id": 88,
            "parent": -1,
            "children": [],
            "user id": "5094861963",
            "user name": "bdkdbdk",
            "content": "我想看见这些人被判刑",
            "time": "17-6-25 16:51"
        },
        {
            "comment id": 89,
            "parent": -1,
            "children": [],
            "user id": "3863370886",
            "user name": "Dizzy-Fmi",
            "content": "没看懂",
            "time": "17-6-22 00:26"
        },
        {
            "comment id": 90,
            "parent": -1,
            "children": [],
            "user id": "5605710617",
            "user name": "木子弟弟喔",
            "content": "假 这视频去年就见过",
            "time": "17-6-21 20:48"
        },
        {
            "comment id": 91,
            "parent": -1,
            "children": [],
            "user id": "1575744247",
            "user name": "董小姐洋Soso",
            "content": "SB",
            "time": "17-6-21 18:00"
        },
        {
            "comment id": 92,
            "parent": -1,
            "children": [],
            "user id": "1772623845",
            "user name": "波了个波波池",
            "content": "拿个视频 换个文字过来蹭热度水别人 你有意思吗 你敢说这个视频是顺德的",
            "time": "17-6-20 12:57"
        },
        {
            "comment id": 93,
            "parent": -1,
            "children": [],
            "user id": "5946198848",
            "user name": "张庭的秘密O",
            "content": "这些人傻的么？这么多？这么大人不知道什么是安全意识嚒？不想说了，",
            "time": "17-6-19 21:05"
        },
        {
            "comment id": 94,
            "parent": -1,
            "children": [],
            "user id": "1627819301",
            "user name": "爱的海洋亚克西",
            "content": "如果坠楼身亡，谁该负责？",
            "time": "17-6-17 07:08"
        },
        {
            "comment id": 95,
            "parent": -1,
            "children": [],
            "user id": "2466998873",
            "user name": "绝世锦鲤",
            "content": "用手机看",
            "time": "17-6-15 13:34"
        },
        {
            "comment id": 96,
            "parent": -1,
            "children": [],
            "user id": "3020045561",
            "user name": "霓湖",
            "content": "喜事办成丧事，真尼玛有本事",
            "time": "17-6-20 13:37"
        },
        {
            "comment id": 97,
            "parent": -1,
            "children": [],
            "user id": "5987975025",
            "user name": "豆家的豆豆二两大",
            "content": "这都是什么朋友不要也罢，太过分了，人家好好的婚礼弄成这样，",
            "time": "17-6-16 16:58"
        },
        {
            "comment id": 98,
            "parent": -1,
            "children": [],
            "user id": "6219950008",
            "user name": "丫丫6219950008",
            "content": "等着警察叔叔来抓你们吧！",
            "time": "17-7-7 07:03"
        },
        {
            "comment id": 99,
            "parent": -1,
            "children": [],
            "user id": "5462419925",
            "user name": "_愚人节的的男一",
            "content": "我只能坐着看",
            "time": "17-6-27 12:04"
        },
        {
            "comment id": 100,
            "parent": -1,
            "children": [],
            "user id": "3981964000",
            "user name": "成都任渣渣",
            "content": "脑子是个好东西。希望你们有。",
            "time": "17-6-25 18:48"
        },
        {
            "comment id": 101,
            "parent": -1,
            "children": [],
            "user id": "5610268948",
            "user name": "昵称还木想好",
            "content": "也这样闹过别人吧",
            "time": "17-6-25 13:44"
        },
        {
            "comment id": 102,
            "parent": -1,
            "children": [],
            "user id": "2011271505",
            "user name": "shenping沉默的射手座",
            "content": "干粉直接喷人真是往死里干啊，是情敌还是有原因",
            "time": "17-6-24 05:46"
        },
        {
            "comment id": 103,
            "parent": -1,
            "children": [],
            "user id": "3945755262",
            "user name": "龘龍龓",
            "content": "喷死了，玩大了，懵逼了，悲剧了，坐牢了！",
            "time": "17-6-22 16:16"
        },
        {
            "comment id": 104,
            "parent": -1,
            "children": [],
            "user id": "2311900363",
            "user name": "苏师奶的苏先生",
            "content": "玩归玩  太过啦！思想问题",
            "time": "17-6-22 15:42"
        },
        {
            "comment id": 105,
            "parent": -1,
            "children": [],
            "user id": "1771567804",
            "user name": "djlpotvsla",
            "content": "结个婚就不能正经点儿，一群神经病，这婚结完了也得离",
            "time": "17-6-20 11:44"
        },
        {
            "comment id": 106,
            "parent": -1,
            "children": [],
            "user id": "5403217969",
            "user name": "杨史清",
            "content": "我估计友尽了！",
            "time": "17-6-18 21:10"
        },
        {
            "comment id": 107,
            "parent": -1,
            "children": [],
            "user id": "2178697741",
            "user name": "你有香菜吗",
            "content": "闹这个有什么用？脑残",
            "time": "17-6-16 18:25"
        },
        {
            "comment id": 108,
            "parent": -1,
            "children": [],
            "user id": "5863497954",
            "user name": "张冬梅Mo",
            "content": "拿灭火器当玩具呢 缺心眼儿",
            "time": "17-7-17 10:20"
        },
        {
            "comment id": 109,
            "parent": -1,
            "children": [],
            "user id": "2130849151",
            "user name": "Landviee",
            "content": "现在结婚闹起来没底线呢",
            "time": "17-7-17 08:55"
        },
        {
            "comment id": 110,
            "parent": -1,
            "children": [],
            "user id": "2591851487",
            "user name": "叫我芒果大王",
            "content": "干粉灭火器，我艹，会出人命",
            "time": "17-7-16 23:07"
        },
        {
            "comment id": 111,
            "parent": -1,
            "children": [],
            "user id": "5260968842",
            "user name": "那木moon",
            "content": "现在的结婚就跟神经病来砸场子一样",
            "time": "17-7-16 22:07"
        },
        {
            "comment id": 112,
            "parent": -1,
            "children": [],
            "user id": "5319097606",
            "user name": "耘祎",
            "content": "婚礼本应该是件很神圣又庄严的事 弄的如此低俗 可悲的人们",
            "time": "17-7-16 14:46"
        },
        {
            "comment id": 113,
            "parent": -1,
            "children": [],
            "user id": "3220354070",
            "user name": "一二三木头3220354070",
            "content": "有这些朋友活该死，",
            "time": "17-7-16 03:43"
        },
        {
            "comment id": 114,
            "parent": -1,
            "children": [],
            "user id": "5485921785",
            "user name": "就如白驹过隙",
            "content": "素质极差。",
            "time": "17-7-16 02:10"
        },
        {
            "comment id": 115,
            "parent": -1,
            "children": [],
            "user id": "5990976909",
            "user name": "潇-LXZ",
            "content": "结婚有这么闹的吗？神经病吧",
            "time": "17-7-16 00:31"
        },
        {
            "comment id": 116,
            "parent": -1,
            "children": [],
            "user id": "2759617785",
            "user name": "亮子嗯呢",
            "content": "文化是个好东西，可惜这些人没有。",
            "time": "17-7-15 17:28"
        },
        {
            "comment id": 117,
            "parent": -1,
            "children": [],
            "user id": "3202094262",
            "user name": "常州市极彩电子商务有限公司",
            "content": "发这段视频啥意思？图文不符，不是一件事",
            "time": "17-7-15 14:05"
        },
        {
            "comment id": 118,
            "parent": -1,
            "children": [],
            "user id": "5545536128",
            "user name": "国人一个8",
            "content": "这种事比比皆是    却没有引起重视",
            "time": "17-7-14 18:11"
        },
        {
            "comment id": 119,
            "parent": -1,
            "children": [],
            "user id": "2521818824",
            "user name": "老车说车",
            "content": "超级低俗",
            "time": "17-7-12 12:39"
        },
        {
            "comment id": 120,
            "parent": -1,
            "children": [],
            "user id": "5577560750",
            "user name": "尾戒拥有者",
            "content": "6666666",
            "time": "17-7-12 12:21"
        },
        {
            "comment id": 121,
            "parent": -1,
            "children": [],
            "user id": "6070650781",
            "user name": "细雨无声6070650781",
            "content": "没文化真可怕！",
            "time": "17-7-12 11:57"
        },
        {
            "comment id": 122,
            "parent": -1,
            "children": [],
            "user id": "5711662522",
            "user name": "巍多利亚港湾",
            "content": "看人家结婚你们想害死人家啊，",
            "time": "17-7-12 09:27"
        },
        {
            "comment id": 123,
            "parent": -1,
            "children": [],
            "user id": "2500983453",
            "user name": "就爱逗",
            "content": "一群傻货",
            "time": "17-7-12 08:53"
        },
        {
            "comment id": 124,
            "parent": -1,
            "children": [],
            "user id": "5973139285",
            "user name": "leoay_vb",
            "content": "一群无脑的狗",
            "time": "17-7-12 07:27"
        },
        {
            "comment id": 125,
            "parent": -1,
            "children": [],
            "user id": "5471085876",
            "user name": "韩菲诗--TITI酵素瘦",
            "content": "现在闹婚太不像话了",
            "time": "17-7-12 07:02"
        },
        {
            "comment id": 126,
            "parent": -1,
            "children": [],
            "user id": "3087026685",
            "user name": "鑫哥2012的围脖",
            "content": "此地民风不贾！",
            "time": "17-7-12 06:44"
        },
        {
            "comment id": 127,
            "parent": -1,
            "children": [],
            "user id": "3315390522",
            "user name": "金玉良阳",
            "content": "喜欢意外惊喜哦！",
            "time": "17-7-12 00:06"
        },
        {
            "comment id": 128,
            "parent": -1,
            "children": [],
            "user id": "2505334181",
            "user name": "迷路的人吖",
            "content": "妈逼的都是些神经病，",
            "time": "17-7-11 23:43"
        },
        {
            "comment id": 129,
            "parent": -1,
            "children": [],
            "user id": "5814093423",
            "user name": "十九是只狗",
            "content": "狗友",
            "time": "17-7-11 22:42"
        },
        {
            "comment id": 130,
            "parent": -1,
            "children": [],
            "user id": "5737566043",
            "user name": "飘沙镜沫",
            "content": "本来婚闹是挺好的一环节，只是现在很多都心大的不行，又不是小孩，还玩些自以为新颖只为整人的我也是醉了。看客觉得有意思，闹的也这么认为，没事故前一直降低下线……我记得我小时候参加婚礼的婚闹挺有爱的啊挺有分寸的啊。毕竟大喜的日子啊。",
            "time": "17-7-11 22:34"
        },
        {
            "comment id": 131,
            "parent": -1,
            "children": [],
            "user id": "6036620889",
            "user name": "放不下你68",
            "content": "一群智障",
            "time": "17-7-11 02:20"
        },
        {
            "comment id": 132,
            "parent": -1,
            "children": [],
            "user id": "2185636363",
            "user name": "RoninBowen",
            "content": "干粉灭火器兑水",
            "time": "17-7-10 22:17"
        }
    ]
}