{
    "source": {
        "content": "【奇葩】地球日星巴克自带杯免费，然后就…… 这画风绝了  ",
        "time": "17-6-23 00:10",
        "user id": "5255091266",
        "tweet id": "F93Joti2s",
        "label": 1,
        "theme": null
    },
    "comment": [
        {
            "comment id": 0,
            "parent": -1,
            "children": [
                1
            ],
            "user id": "2308790055",
            "user name": "Tsui-吹臣",
            "content": "@_榻榻",
            "time": "17-6-23 00:26"
        },
        {
            "comment id": 1,
            "parent": 0,
            "children": [],
            "user id": "3134825130",
            "user name": "Sjxbduskzbzudhkdj",
            "content": "最后哈哈哈哈哈哈",
            "time": "17-6-23 00:32"
        },
        {
            "comment id": 2,
            "parent": -1,
            "children": [],
            "user id": "2635243753",
            "user name": "yyiixxuuaann",
            "content": "我记得这是个实验，不是免费的，那个自带煲的好像还花了两百多块",
            "time": "17-6-23 02:17"
        },
        {
            "comment id": 3,
            "parent": -1,
            "children": [
                4
            ],
            "user id": "5558431806",
            "user name": "起起起名字真难",
            "content": "@边团子_  惊呆了",
            "time": "17-6-23 00:14"
        },
        {
            "comment id": 4,
            "parent": 3,
            "children": [],
            "user id": "2180750133",
            "user name": "Z_呆桃zzz",
            "content": "我也想喝",
            "time": "17-6-23 00:15"
        },
        {
            "comment id": 5,
            "parent": -1,
            "children": [],
            "user id": "6042667703",
            "user name": "那就请叫我李先生吧",
            "content": "假新闻！！！别乱传",
            "time": "17-6-23 12:49"
        },
        {
            "comment id": 6,
            "parent": -1,
            "children": [],
            "user id": "5983284369",
            "user name": "昵称蛮难整的啊",
            "content": "@哎呀哎呀小怪兽吖",
            "time": "17-6-23 02:01"
        },
        {
            "comment id": 7,
            "parent": -1,
            "children": [],
            "user id": "2189406967",
            "user name": "雄_Eric",
            "content": "@P树华",
            "time": "17-6-23 00:54"
        },
        {
            "comment id": 8,
            "parent": -1,
            "children": [],
            "user id": "2189406967",
            "user name": "雄_Eric",
            "content": "@ReneeC曦文",
            "time": "17-6-23 00:54"
        },
        {
            "comment id": 9,
            "parent": -1,
            "children": [],
            "user id": "5668948007",
            "user name": "尤睡一",
            "content": "谁都不扶，就服你",
            "time": "17-6-23 00:53"
        }
    ]
}