{
    "source": {
        "content": "水灾严重，来桂林只能看水了，龙胜受灾特严重。#广西师大抗洪抢险#风依兮兮vs奈何兮的秒拍视频（使用#秒拍#录制，免流量看热门短视频！） ",
        "time": "17-7-3 09:19",
        "user id": "5399473488",
        "tweet id": "FaDBu5XIn",
        "label": 1,
        "theme": null
    },
    "comment": [
        {
            "comment id": 0,
            "parent": -1,
            "children": [],
            "user id": "3262691514",
            "user name": "laliqueces",
            "content": "卧槽，我简直要骂人了。这个视频说是婺源的彩虹桥，下面有人辟谣，现在又说是桂林！造谣者死全家！",
            "time": "17-7-3 09:23"
        },
        {
            "comment id": 1,
            "parent": -1,
            "children": [],
            "user id": "3262691514",
            "user name": "laliqueces",
            "content": "造谣者死全家！",
            "time": "17-7-3 09:23"
        },
        {
            "comment id": 2,
            "parent": -1,
            "children": [],
            "user id": "2095451652",
            "user name": "想上岸的小黄06",
            "content": "麻烦删去好吗 不要在这里造谣了",
            "time": "17-7-3 10:24"
        },
        {
            "comment id": 3,
            "parent": -1,
            "children": [],
            "user id": "6094728645",
            "user name": "讓快樂常再",
            "content": "假的",
            "time": "17-7-6 09:45"
        },
        {
            "comment id": 4,
            "parent": -1,
            "children": [],
            "user id": "2620804391",
            "user name": "草民味道V",
            "content": "在大自然的力量面前，人真的很渺小。敬畏自然，珍爱地球，我们做到了多少呢？",
            "time": "17-7-3 22:31"
        },
        {
            "comment id": 5,
            "parent": -1,
            "children": [],
            "user id": "1839830684",
            "user name": "海盐不带味",
            "content": "这是我们宁乡市，死了很多人，造谣死全家",
            "time": "17-7-3 18:03"
        },
        {
            "comment id": 6,
            "parent": -1,
            "children": [],
            "user id": "2160098952",
            "user name": "詅兮miu",
            "content": "不要造谣了好嘛！这不是桂林的！",
            "time": "17-7-10 17:27"
        },
        {
            "comment id": 7,
            "parent": -1,
            "children": [],
            "user id": "5700434458",
            "user name": "保佑我考研有书读",
            "content": "好恐怖",
            "time": "17-7-3 23:57"
        },
        {
            "comment id": 8,
            "parent": -1,
            "children": [],
            "user id": "3134392427",
            "user name": "尹玉圣",
            "content": "廊桥？",
            "time": "17-7-3 22:38"
        },
        {
            "comment id": 9,
            "parent": -1,
            "children": [],
            "user id": "2160098952",
            "user name": "詅兮miu",
            "content": "不要造谣了好嘛！这不是桂林的！",
            "time": "17-7-3 21:30"
        },
        {
            "comment id": 10,
            "parent": -1,
            "children": [],
            "user id": "6128385687",
            "user name": "彭冉飞戈",
            "content": "希望关注这种博主的朋友都取关！",
            "time": "17-7-3 18:22"
        }
    ]
}