{
    "source": {
        "content": "连续大暴雨，湖南临湘遭遇洪水袭击，一家五口被洪水猛兽吞噬。 秒拍视频 ",
        "time": "17-7-2 18:19",
        "user id": "5092881464",
        "tweet id": "FaxIcFI5q",
        "label": 1,
        "theme": null
    },
    "comment": [
        {
            "comment id": 0,
            "parent": -1,
            "children": [],
            "user id": "2218423192",
            "user name": "养猫的西瓜",
            "content": "国外视频拿来造谣博眼球，尼玛B的",
            "time": "17-7-2 23:25"
        },
        {
            "comment id": 1,
            "parent": -1,
            "children": [],
            "user id": "3174288317",
            "user name": "天然锋",
            "content": "你确定这是临湘？我可是地地道道临湘人",
            "time": "17-7-2 18:28"
        },
        {
            "comment id": 2,
            "parent": -1,
            "children": [],
            "user id": "2920978931",
            "user name": "航大王丶走全球",
            "content": "谣言一张嘴 辟谣跑断腿",
            "time": "17-7-2 18:27"
        },
        {
            "comment id": 3,
            "parent": -1,
            "children": [],
            "user id": "3715130304",
            "user name": "桔子和盐",
            "content": "这是很久以前的视频",
            "time": "17-7-19 08:46"
        },
        {
            "comment id": 4,
            "parent": -1,
            "children": [],
            "user id": "3276840663",
            "user name": "扬州龙凤阁特色摄影",
            "content": "谣言！警察己在路上",
            "time": "17-7-5 15:02"
        },
        {
            "comment id": 5,
            "parent": -1,
            "children": [],
            "user id": "6275962369",
            "user name": "鬼知道我刚经历了什么",
            "content": "数五百，够数你就准备进去领盒饭吧",
            "time": "17-7-10 06:13"
        },
        {
            "comment id": 6,
            "parent": -1,
            "children": [],
            "user id": "1742156495",
            "user name": "Patton-Says",
            "content": "这特么是河道放水时候的事故，根本不是这一次洪水。",
            "time": "17-7-8 05:01"
        },
        {
            "comment id": 7,
            "parent": -1,
            "children": [],
            "user id": "5450852216",
            "user name": "彡共栩",
            "content": "人在大自然面前是多么渺小",
            "time": "17-7-21 23:48"
        },
        {
            "comment id": 8,
            "parent": -1,
            "children": [],
            "user id": "3986060467",
            "user name": "小小的小妖怪",
            "content": "当时放手也许不会都被冲走了……",
            "time": "17-7-21 13:55"
        },
        {
            "comment id": 9,
            "parent": -1,
            "children": [],
            "user id": "5590873344",
            "user name": "摄影师艺乐",
            "content": "上次看这个视频的时候，金星还在撸管",
            "time": "17-7-20 19:25"
        },
        {
            "comment id": 10,
            "parent": -1,
            "children": [],
            "user id": "2533927663",
            "user name": "貌似泰来",
            "content": "顶够五百，让警察找你吧",
            "time": "17-7-17 06:09"
        },
        {
            "comment id": 11,
            "parent": -1,
            "children": [],
            "user id": "5013165275",
            "user name": "北三环_",
            "content": "这是以前的视频吧 好像在哪看到过",
            "time": "17-7-2 18:26"
        },
        {
            "comment id": 12,
            "parent": -1,
            "children": [],
            "user id": "1797061430",
            "user name": "Free_Wyf",
            "content": "这个视频剪辑的好，明明就是国外。",
            "time": "17-7-6 14:06"
        },
        {
            "comment id": 13,
            "parent": -1,
            "children": [],
            "user id": "5529850289",
            "user name": "_木知木觉_",
            "content": "造谣是要负法律责任的，举报了",
            "time": "17-7-3 23:49"
        },
        {
            "comment id": 14,
            "parent": -1,
            "children": [],
            "user id": "1866930635",
            "user name": "又虚度一年",
            "content": "我看过原版，是印度的吧",
            "time": "17-7-10 04:06"
        },
        {
            "comment id": 15,
            "parent": -1,
            "children": [],
            "user id": "6018015725",
            "user name": "你没把我当朋友",
            "content": "网上造谣是要进监狱的",
            "time": "17-7-6 11:34"
        },
        {
            "comment id": 16,
            "parent": -1,
            "children": [],
            "user id": "1231226935",
            "user name": "Angelicwater",
            "content": "造谣",
            "time": "17-7-4 19:54"
        },
        {
            "comment id": 17,
            "parent": -1,
            "children": [],
            "user id": "3896924944",
            "user name": "公民呵乐呵",
            "content": "国外视频",
            "time": "17-7-2 18:35"
        },
        {
            "comment id": 18,
            "parent": -1,
            "children": [],
            "user id": "2485765133",
            "user name": "我的本宫",
            "content": "造谣",
            "time": "17-7-2 18:30"
        },
        {
            "comment id": 19,
            "parent": -1,
            "children": [],
            "user id": "5468641283",
            "user name": "嘟额嘿哈",
            "content": "尼玛 有病吧你",
            "time": "17-8-13 20:49"
        },
        {
            "comment id": 20,
            "parent": -1,
            "children": [],
            "user id": "6236549194",
            "user name": "别看我6236549194",
            "content": "谣言止于智者",
            "time": "17-7-29 21:09"
        },
        {
            "comment id": 21,
            "parent": -1,
            "children": [],
            "user id": "1919569613",
            "user name": "疯子Lee然后被占用",
            "content": "一拖四？",
            "time": "17-7-28 15:37"
        },
        {
            "comment id": 22,
            "parent": -1,
            "children": [],
            "user id": "5605722904",
            "user name": "L渐行渐远的脚步",
            "content": "凑500让你进去",
            "time": "17-7-26 22:43"
        },
        {
            "comment id": 23,
            "parent": -1,
            "children": [],
            "user id": "5543996813",
            "user name": "水水想考上研究僧",
            "content": "造谣，请你自重",
            "time": "17-7-25 16:24"
        },
        {
            "comment id": 24,
            "parent": -1,
            "children": [],
            "user id": "5265066338",
            "user name": "MistyRainSL",
            "content": "顶一下，早日够数，让警察叔叔来找你",
            "time": "17-7-25 10:17"
        },
        {
            "comment id": 25,
            "parent": -1,
            "children": [],
            "user id": "1951991085",
            "user name": "889SMG",
            "content": "你妈这是国外的好不？？",
            "time": "17-7-23 16:54"
        },
        {
            "comment id": 26,
            "parent": -1,
            "children": [],
            "user id": "6001501179",
            "user name": "发现王同学",
            "content": "举报",
            "time": "17-7-21 14:43"
        },
        {
            "comment id": 27,
            "parent": -1,
            "children": [],
            "user id": "1923119274",
            "user name": "还事物的本来面目",
            "content": "看得出来他们是临时逃生在自己家房顶上！被洪水冲走",
            "time": "17-7-21 12:19"
        },
        {
            "comment id": 28,
            "parent": -1,
            "children": [],
            "user id": "1923119274",
            "user name": "还事物的本来面目",
            "content": "揪心啊！后来呢怎么样了",
            "time": "17-7-21 12:16"
        },
        {
            "comment id": 29,
            "parent": -1,
            "children": [],
            "user id": "2394855083",
            "user name": "戴代Doris",
            "content": "@YuSweet_ @_wait97_",
            "time": "17-7-2 18:24"
        },
        {
            "comment id": 30,
            "parent": -1,
            "children": [],
            "user id": "1816964945",
            "user name": "幸运福之星",
            "content": "己举报",
            "time": "17-7-13 22:42"
        },
        {
            "comment id": 31,
            "parent": -1,
            "children": [],
            "user id": "5917143791",
            "user name": "兔女郎杜邦和杜帮333",
            "content": "这个算造谣不？",
            "time": "17-7-7 22:50"
        },
        {
            "comment id": 32,
            "parent": -1,
            "children": [],
            "user id": "6205333135",
            "user name": "河西De书生",
            "content": "艹谣，滚",
            "time": "17-7-4 15:08"
        },
        {
            "comment id": 33,
            "parent": -1,
            "children": [],
            "user id": "6296053044",
            "user name": "你养鱼啊",
            "content": "做為路口的一員我想說臨鄉岳陽只有城陵磯和陸城會被淹吧，其他的地區不會被淹的",
            "time": "17-7-20 09:23"
        }
    ]
}