{
    "source": {
        "content": "在西乡的朋友们要⚠️注意⚠️了，刚刚在西乡沃尔玛看发生严重恶性杀人事件，见人就砍，好像有四人团伙，现只抓住一个，其他在逃，请各位朋友最近不要在外逗留，早些回家.  网页链接   ",
        "time": "17-7-16 23:17",
        "user id": "1353266667",
        "tweet id": "FcHDYbrv9",
        "label": 1,
        "theme": null
    },
    "comment": [
        {
            "comment id": 0,
            "parent": -1,
            "children": [
                1,
                2
            ],
            "user id": "1811998497",
            "user name": "咪crophone",
            "content": "四人的视频有吗",
            "time": "17-7-17 08:09"
        },
        {
            "comment id": 1,
            "parent": 0,
            "children": [],
            "user id": "1811998497",
            "user name": "咪crophone",
            "content": "回复@日李万基:四个凶手的图有吗？",
            "time": "17-7-20 20:54"
        },
        {
            "comment id": 2,
            "parent": 0,
            "children": [],
            "user id": "1353266667",
            "user name": "苏叶子谈心理",
            "content": "视频很血腥，大部分被和谐了。",
            "time": "17-7-17 10:46"
        },
        {
            "comment id": 3,
            "parent": -1,
            "children": [],
            "user id": "1797986123",
            "user name": "李电池_",
            "content": "",
            "time": "17-7-17 09:13"
        },
        {
            "comment id": 4,
            "parent": -1,
            "children": [],
            "user id": "2007716244",
            "user name": "吴洋了二正",
            "content": "这种造谣的也有粉丝？",
            "time": "17-7-17 16:04"
        },
        {
            "comment id": 5,
            "parent": -1,
            "children": [],
            "user id": "2071005943",
            "user name": "凝视彼岸花开否",
            "content": "网页已经不可以打开了",
            "time": "17-7-17 01:22"
        },
        {
            "comment id": 6,
            "parent": -1,
            "children": [],
            "user id": "3184907124",
            "user name": "寶安鶏蛋",
            "content": "好害怕",
            "time": "17-7-16 23:18"
        }
    ]
}