{
    "source": {
        "content": "哩一幕太得人惊了，我哋住喺广东算好幸福啦！ 秒拍视频 ",
        "time": "17-7-17 17:05",
        "user id": "2038231024",
        "tweet id": "FcODnA4PF",
        "label": 1,
        "theme": null
    },
    "comment": [
        {
            "comment id": 0,
            "parent": -1,
            "children": [
                1,
                2
            ],
            "user id": "2038231024",
            "user name": "广州小姐姐",
            "content": "本视频左上角被打上水印为：‘河北邢台水灾’，并非本博主所为，由于内容来自互联网，这个水印没有得到及时删改是我们疏忽。内容已经被系统判定为不实信息，在这里向大家道歉！",
            "time": "17-7-20 13:40"
        },
        {
            "comment id": 1,
            "parent": 0,
            "children": [],
            "user id": "2038231024",
            "user name": "广州小姐姐",
            "content": "另外说句题外话，并非每个内容都令每个人都喜欢看，如果不实或不足，希望以和睦方式通过评论进行提示，我们会通过日后去改善！但恶言评论甚至举报，其实对我和你本人也没任何好处！每一个运营者都不容易，希望体谅一下。有时有的事情不一定要过于较真！",
            "time": "17-7-20 13:42"
        },
        {
            "comment id": 2,
            "parent": 0,
            "children": [],
            "user id": "1440541780",
            "user name": "摇到奈何桥",
            "content": "知道是不实信息你还不删除？就为了博眼球想赚人气，亏心不？",
            "time": "17-7-23 15:48"
        },
        {
            "comment id": 3,
            "parent": -1,
            "children": [],
            "user id": "2696750481",
            "user name": "D-源",
            "content": "河你妹啊   说日语的",
            "time": "17-7-17 18:42"
        },
        {
            "comment id": 4,
            "parent": -1,
            "children": [],
            "user id": "5721151995",
            "user name": "独善其身199902",
            "content": "稍微看一下就明白真伪，真心希望不是为了博眼球的。你这样发布不实消息可是违反法律要承担责任的。",
            "time": "17-7-23 07:30"
        },
        {
            "comment id": 5,
            "parent": -1,
            "children": [],
            "user id": "2639601353",
            "user name": "那些年唯爱BRYANT",
            "content": "这特么是日本那年的海啸，不知道就别特么误导人！",
            "time": "17-7-21 21:59"
        },
        {
            "comment id": 6,
            "parent": -1,
            "children": [],
            "user id": "6221936992",
            "user name": "时间就是一切CH",
            "content": "妈的智障这个是日本",
            "time": "17-7-19 10:02"
        },
        {
            "comment id": 7,
            "parent": -1,
            "children": [],
            "user id": "5609171835",
            "user name": "我绯闻男友",
            "content": "你个傻B  信不信我举报你啊 瞎扯蛋",
            "time": "17-7-19 05:47"
        },
        {
            "comment id": 8,
            "parent": -1,
            "children": [],
            "user id": "5768034614",
            "user name": "香水百合我心飞翔",
            "content": "还好，房子够结实！！！",
            "time": "17-7-18 09:30"
        }
    ]
}