{
    "source": {
        "content": "一个坏消息，\n某医院，\n一位年仅25岁的女子，\n不慎被自己养的宠物狗咬伤，得狂犬病，\n不治身亡。 网页链接 ",
        "time": "17-8-20 09:57",
        "user id": "1101928651",
        "tweet id": "FhWmuvmfT",
        "label": 1,
        "theme": null
    },
    "comment": [
        {
            "comment id": 0,
            "parent": -1,
            "children": [
                1
            ],
            "user id": "1912359220",
            "user name": "上帝之眼观天下",
            "content": "假的。北京青年报前两天报道了，是精神病患者，不是狂犬病。",
            "time": "17-8-20 10:06"
        },
        {
            "comment id": 1,
            "parent": 0,
            "children": [],
            "user id": "1101928651",
            "user name": "历史冷幽默",
            "content": "哦，谢谢。不过前几天报道好像真有被宠物狗咬伤得狂犬病的。",
            "time": "17-8-20 10:18"
        },
        {
            "comment id": 2,
            "parent": -1,
            "children": [
                3,
                4
            ],
            "user id": "2170723283",
            "user name": "既见君子云胡不喜051129",
            "content": "麻烦辟谣吧我妈看到这个都给我转发，我一看就觉得假。狂犬是畏光，这么亮患者早躲着了。而且狂犬是被病犬咬伤，一般流浪狗容易有狂犬，家养宠物犬定期疫苗，再不被病犬咬的情况下，不会有狂犬的。麻烦辟谣吧",
            "time": "17-8-21 21:49"
        },
        {
            "comment id": 3,
            "parent": 2,
            "children": [],
            "user id": "1101928651",
            "user name": "历史冷幽默",
            "content": "好的",
            "time": "17-8-25 15:41"
        },
        {
            "comment id": 4,
            "parent": 2,
            "children": [],
            "user id": "2705436631",
            "user name": "来自木星的PixyVicky",
            "content": "",
            "time": "17-8-25 14:46"
        },
        {
            "comment id": 5,
            "parent": -1,
            "children": [],
            "user id": "1101928651",
            "user name": "历史冷幽默",
            "content": "确定吗，那删了吧",
            "time": "17-8-20 10:13"
        },
        {
            "comment id": 6,
            "parent": -1,
            "children": [],
            "user id": "2915449947",
            "user name": "岳萍萍a",
            "content": "怪谁",
            "time": "17-8-20 10:00"
        },
        {
            "comment id": 7,
            "parent": -1,
            "children": [],
            "user id": "2816283061",
            "user name": "依依的1985",
            "content": "",
            "time": "17-8-20 10:52"
        },
        {
            "comment id": 8,
            "parent": -1,
            "children": [],
            "user id": "3192524387",
            "user name": "白发小老头儿",
            "content": "现在是养宠物盛行，似乎养个猫狗就变成了上等人有的人连亲娘老子都不管，却养着猫儿子狗孙子",
            "time": "17-8-20 10:33"
        }
    ]
}