{
    "source": {
        "content": "张家界又出事了？张家界不地震了么？哦，地震的那是九寨沟！\n张家界吊缆着火了？这是真的吗？ 冬季的贝加尔湖的微博视频 ",
        "time": "17-9-8 12:43",
        "user id": "2938775725",
        "tweet id": "FkQzm3qYP",
        "label": 1,
        "theme": null
    },
    "comment": [
        {
            "comment id": 0,
            "parent": -1,
            "children": [
                2,
                3
            ],
            "user id": "3150696265",
            "user name": "曹先生无所畏惧",
            "content": "目测就你妈在里面",
            "time": "17-10-3 16:17"
        },
        {
            "comment id": 1,
            "parent": 2,
            "children": [],
            "user id": "2938775725",
            "user name": "红的旗",
            "content": "回复@曹先生无所畏惧:你装你妈了个逼，练一身死人肉不知道自己姓啥了吧。",
            "time": "18-5-1 19:34"
        },
        {
            "comment id": 2,
            "parent": 0,
            "children": [
                1
            ],
            "user id": "3150696265",
            "user name": "曹先生无所畏惧",
            "content": "回复@冬季的贝加尔湖:啧啧，亲妈爆炸的人真的没法拯救",
            "time": "17-10-3 22:24"
        },
        {
            "comment id": 3,
            "parent": 0,
            "children": [],
            "user id": "2938775725",
            "user name": "红的旗",
            "content": "你妈让我艹死了",
            "time": "17-10-3 20:14"
        },
        {
            "comment id": 4,
            "parent": -1,
            "children": [
                5
            ],
            "user id": "5887898691",
            "user name": "完善个人资料nm",
            "content": "评到5000送你进去",
            "time": "17-10-5 10:53"
        },
        {
            "comment id": 5,
            "parent": 4,
            "children": [],
            "user id": "2938775725",
            "user name": "红的旗",
            "content": "进你妈逼，",
            "time": "18-5-1 19:35"
        },
        {
            "comment id": 6,
            "parent": -1,
            "children": [
                7
            ],
            "user id": "1637605530",
            "user name": "親愛的伽利略先生_",
            "content": "这样你会坐牢的兄弟，删了吧",
            "time": "17-10-3 21:36"
        },
        {
            "comment id": 7,
            "parent": 6,
            "children": [],
            "user id": "2938775725",
            "user name": "红的旗",
            "content": "你懂法。",
            "time": "18-5-1 19:35"
        },
        {
            "comment id": 8,
            "parent": -1,
            "children": [
                9
            ],
            "user id": "5635068460",
            "user name": "叫大王厉害了",
            "content": "信谣传谣的人我都不知道怎么形容，你是外国反华分子吗？",
            "time": "17-10-3 18:40"
        },
        {
            "comment id": 9,
            "parent": 8,
            "children": [],
            "user id": "2938775725",
            "user name": "红的旗",
            "content": "我是操你妈，我再问这是真的吗？你瞎？",
            "time": "17-10-3 20:12"
        },
        {
            "comment id": 10,
            "parent": -1,
            "children": [],
            "user id": "6030746045",
            "user name": "开冲锋舟的老船长",
            "content": "不传谣，不信谣",
            "time": "17-9-8 14:08"
        },
        {
            "comment id": 11,
            "parent": -1,
            "children": [],
            "user id": "5792763739",
            "user name": "写代码的咸鱼啊",
            "content": "你等着坐牢吧传播谣言",
            "time": "17-10-2 14:10"
        },
        {
            "comment id": 12,
            "parent": -1,
            "children": [],
            "user id": "3932604455",
            "user name": "像是远山的樵夫",
            "content": "你能积点口德？真特么恶心，还烧鸭，怕是烧你ma哦，沙避",
            "time": "17-10-3 08:36"
        },
        {
            "comment id": 13,
            "parent": -1,
            "children": [],
            "user id": "2164463822",
            "user name": "张家界自助游导游彭导",
            "content": "你毛病吧，不是张家界的",
            "time": "17-9-29 07:14"
        },
        {
            "comment id": 14,
            "parent": -1,
            "children": [
                15
            ],
            "user id": "2136828641",
            "user name": "狂野的呼唤啊",
            "content": "马来西亚",
            "time": "17-9-8 12:50"
        },
        {
            "comment id": 15,
            "parent": 14,
            "children": [],
            "user id": "5824390924",
            "user name": "恩赐一",
            "content": "普通话，我听到了",
            "time": "17-10-4 12:38"
        },
        {
            "comment id": 16,
            "parent": -1,
            "children": [],
            "user id": "5613810608",
            "user name": "生命来世",
            "content": "不是中国发生的！说的什么话都听不懂，假的",
            "time": "17-9-13 18:58"
        }
    ]
}