{
    "source": {
        "content": "现在和尚实习生待遇都这么好了？\n不说了，我要去投靠佛祖了 ",
        "time": "17-11-21 20:03",
        "user id": "2040531093",
        "tweet id": "Fw94AFm0g",
        "label": 1,
        "theme": null
    },
    "comment": [
        {
            "comment id": 0,
            "parent": -1,
            "children": [
                1
            ],
            "user id": "5033363220",
            "user name": "三观正确的胖ci",
            "content": "投靠这个词用的跟落草为寇的感觉似的，不是应该叫皈依么",
            "time": "17-11-21 20:06"
        },
        {
            "comment id": 1,
            "parent": 0,
            "children": [],
            "user id": "2040531093",
            "user name": "爆笑gif图",
            "content": "哈哈哈",
            "time": "17-11-21 22:14"
        },
        {
            "comment id": 2,
            "parent": -1,
            "children": [
                3
            ],
            "user id": "3842686141",
            "user name": "我明明是一个人",
            "content": "一看就是假的，没个本科研究生。你还想投靠佛祖？",
            "time": "17-11-21 20:05"
        },
        {
            "comment id": 3,
            "parent": 2,
            "children": [
                4
            ],
            "user id": "5533191796",
            "user name": "陈平四十八",
            "content": "哈哈哈哈佛祖要求好高",
            "time": "17-11-21 22:10"
        },
        {
            "comment id": 4,
            "parent": 3,
            "children": [],
            "user id": "3842686141",
            "user name": "我明明是一个人",
            "content": "回复@陈平四十八:这是一个人比人气死人的社会",
            "time": "17-11-21 22:35"
        },
        {
            "comment id": 5,
            "parent": -1,
            "children": [
                6,
                7,
                8
            ],
            "user id": "2089875097",
            "user name": "鹿部町苏角-",
            "content": "@StoRyni  我们去吧",
            "time": "17-11-22 11:50"
        },
        {
            "comment id": 6,
            "parent": 5,
            "children": [],
            "user id": "2798022941",
            "user name": "sukin_ou",
            "content": "cnm",
            "time": "17-11-22 13:42"
        },
        {
            "comment id": 7,
            "parent": 5,
            "children": [],
            "user id": "2089875097",
            "user name": "鹿部町苏角-",
            "content": "回复@StoRyni:我可以，你不行 哎...",
            "time": "17-11-22 13:13"
        },
        {
            "comment id": 8,
            "parent": 5,
            "children": [],
            "user id": "2798022941",
            "user name": "sukin_ou",
            "content": "重点。招和尚 。大姐",
            "time": "17-11-22 12:27"
        },
        {
            "comment id": 9,
            "parent": -1,
            "children": [],
            "user id": "5983407036",
            "user name": "专业邪茶施工厨",
            "content": "辟谣了，假的",
            "time": "17-11-21 20:03"
        },
        {
            "comment id": 10,
            "parent": -1,
            "children": [],
            "user id": "3058254517",
            "user name": "安东秋",
            "content": "辟谣过了",
            "time": "17-11-21 20:03"
        },
        {
            "comment id": 11,
            "parent": -1,
            "children": [],
            "user id": "6072076034",
            "user name": "如家精选成都建设路店",
            "content": "假。待遇这么好，是普通俗人可想的？",
            "time": "17-11-21 22:01"
        },
        {
            "comment id": 12,
            "parent": -1,
            "children": [],
            "user id": "5417314791",
            "user name": "ZAK1NAL",
            "content": "过期了啊～～",
            "time": "17-11-21 20:07"
        },
        {
            "comment id": 13,
            "parent": -1,
            "children": [],
            "user id": "2739462247",
            "user name": "陈庚大叔",
            "content": "苟富贵",
            "time": "17-11-21 20:04"
        },
        {
            "comment id": 14,
            "parent": -1,
            "children": [],
            "user id": "1788782691",
            "user name": "Yming烨",
            "content": "就算是真的都过期了",
            "time": "17-11-21 20:04"
        },
        {
            "comment id": 15,
            "parent": -1,
            "children": [],
            "user id": "5516213488",
            "user name": "AI踢足球的小杨",
            "content": "苏轼的寒山寺？",
            "time": "17-11-22 08:28"
        },
        {
            "comment id": 16,
            "parent": -1,
            "children": [],
            "user id": "1539591412",
            "user name": "河荷子",
            "content": "@Nick_zy",
            "time": "17-11-22 06:36"
        },
        {
            "comment id": 17,
            "parent": -1,
            "children": [],
            "user id": "5608006368",
            "user name": "敏哒大",
            "content": "简直6666",
            "time": "17-11-21 23:22"
        },
        {
            "comment id": 18,
            "parent": -1,
            "children": [],
            "user id": "1896802017",
            "user name": "加嘉C君",
            "content": "@地藏天之痕 记得南普陀的只招研究生以上学历，然后工资也是很高",
            "time": "17-11-21 21:32"
        },
        {
            "comment id": 19,
            "parent": -1,
            "children": [],
            "user id": "1668887611",
            "user name": "乘上梅利去冒险",
            "content": "看到最后一条如果还相信的人，真的可是去西天取个经什么的了",
            "time": "17-11-21 20:45"
        },
        {
            "comment id": 20,
            "parent": -1,
            "children": [],
            "user id": "1950843587",
            "user name": "只为等待那一瞬",
            "content": "上次相亲，碰到个信佛的……说每天在家都要念一段佛经，什么佛法大成，对我讲了半天的因果轮回……",
            "time": "17-11-21 20:43"
        },
        {
            "comment id": 21,
            "parent": -1,
            "children": [],
            "user id": "3919404164",
            "user name": "之厦",
            "content": "过期了，好可惜，不然我也去了",
            "time": "17-11-21 20:27"
        },
        {
            "comment id": 22,
            "parent": -1,
            "children": [],
            "user id": "2460549915",
            "user name": "WingsUnicon",
            "content": "应该都是佛学院定向分配了，哪里还有公开招的？",
            "time": "17-11-21 20:20"
        },
        {
            "comment id": 23,
            "parent": -1,
            "children": [],
            "user id": "3963083382",
            "user name": "L姓溫柔前妻",
            "content": "剃了脑瓜子应聘去吧 反正爱恨情仇啥都没有",
            "time": "17-11-21 20:07"
        },
        {
            "comment id": 24,
            "parent": -1,
            "children": [],
            "user id": "2034609087",
            "user name": "xkill2020",
            "content": "这是二龙山落草吧，大秤分金银",
            "time": "17-11-22 16:32"
        },
        {
            "comment id": 25,
            "parent": -1,
            "children": [],
            "user id": "3202819102",
            "user name": "塞巴斯蒂安24",
            "content": "瞎编胡扯蛋",
            "time": "17-11-22 16:11"
        },
        {
            "comment id": 26,
            "parent": -1,
            "children": [],
            "user id": "2915436415",
            "user name": "赵小困覺悟不夠",
            "content": "招聘和尚，男女不限，这也能当真，",
            "time": "17-11-21 20:50"
        }
    ]
}