{
    "source": {
        "content": "帮转：求转\n \n本人：王国军18637060228今天上午的5岁女儿在燕郊，102国道东，新锐时代东侧，新时代双语幼儿园门口附近被人拐走了，女儿能说出她妈妈的手机号码 从监控上看是被一个三十多岁女人抱走了现我们家老爷爷都急疯了 有知情者请告之 万分感谢 看到信息的兄弟姐妹留意一下 联系人 王国军18637060228如果看一眼懒得转的冷漠人也请你伸出手指按3秒 看到就转转吧 我们都会有孩子 谢谢你\n必有重谢  50万元整  谁的群多大家帮忙转发一下！好 人一生平安。",
        "time": "17-11-21 22:56",
        "user id": "1347471743",
        "tweet id": "Fwad2ABG2",
        "label": 1,
        "theme": null
    },
    "comment": [
        {
            "comment id": 0,
            "parent": -1,
            "children": [
                3
            ],
            "user id": "1583158742",
            "user name": "悠悠我心-小咏",
            "content": "这个王国军总是丢五岁女儿，一会上海一会北京 是谣言啦",
            "time": "17-11-22 01:35"
        },
        {
            "comment id": 1,
            "parent": 3,
            "children": [],
            "user id": "5965768491",
            "user name": "未曾经历过风雨你又怎知道彩虹",
            "content": "回复@何苗Rita:姐姐，你这么说不对哦，假消息就是网络垃圾信息，和大街上的小广告一样讨厌，我们应该共同抵制，所以必须有怀疑精神，不要轻信，很多假消息都是有套路的，去问一下度娘就知道了，很多假消息都只是换个名字、手机号、地址，然后其他内容一模一样的，很容易识别的",
            "time": "17-11-22 13:16"
        },
        {
            "comment id": 2,
            "parent": 3,
            "children": [],
            "user id": "1583158742",
            "user name": "悠悠我心-小咏",
            "content": "回复@何苗Rita:嗯嗯不冷漠",
            "time": "17-11-22 09:49"
        },
        {
            "comment id": 3,
            "parent": 0,
            "children": [
                1,
                2
            ],
            "user id": "1347471743",
            "user name": "何苗Rita",
            "content": "没关系 这种被骗一骗不碍事 …都因怀疑而冷漠就不好了！[壞笑]",
            "time": "17-11-22 09:38"
        },
        {
            "comment id": 4,
            "parent": -1,
            "children": [],
            "user id": "3432979130",
            "user name": "李不语慌兜兜",
            "content": "姐，这是谣言，警方已经辟谣了",
            "time": "17-11-22 00:24"
        },
        {
            "comment id": 5,
            "parent": -1,
            "children": [],
            "user id": "5913600565",
            "user name": "好人好事1992",
            "content": "",
            "time": "17-11-22 12:55"
        },
        {
            "comment id": 6,
            "parent": -1,
            "children": [],
            "user id": "6163673634",
            "user name": "毛竹90439",
            "content": "怎么老有坏人干这种抱孩子事，可怜天下父母心，",
            "time": "17-11-22 00:18"
        },
        {
            "comment id": 7,
            "parent": -1,
            "children": [],
            "user id": "1942835760",
            "user name": "Love唯挽秋",
            "content": "天啦，好可怕，希望孩子早点找到，我的微博没粉丝就不转发了，",
            "time": "17-11-21 23:20"
        },
        {
            "comment id": 8,
            "parent": -1,
            "children": [],
            "user id": "5357926766",
            "user name": "侯鑫雨",
            "content": "这孩子现在在三河香缇澜湾物业。已经通知过她家长过去了",
            "time": "17-11-22 19:06"
        }
    ]
}