{
    "source": {
        "content": "世风日下，人心不古！大街上抢人 Mr_霆的秒拍视频 ",
        "time": "18-3-28 09:41",
        "user id": "6160775946",
        "tweet id": "G9qP3k1TW",
        "label": 1,
        "theme": null
    },
    "comment": [
        {
            "comment id": 0,
            "parent": -1,
            "children": [
                1,
                2
            ],
            "user id": "5506321361",
            "user name": "爱荻森丶",
            "content": "什么鬼",
            "time": "18-3-28 10:25"
        },
        {
            "comment id": 1,
            "parent": 0,
            "children": [],
            "user id": "6160775946",
            "user name": "Mr_霆",
            "content": "抢人啊",
            "time": "18-3-28 14:44"
        },
        {
            "comment id": 2,
            "parent": 0,
            "children": [],
            "user id": "5506321361",
            "user name": "爱荻森丶",
            "content": "这是哪啊。。。。",
            "time": "18-3-28 14:45"
        },
        {
            "comment id": 3,
            "parent": -1,
            "children": [
                4
            ],
            "user id": "6015034737",
            "user name": "青岩峰峰11",
            "content": "不是袭胸吗",
            "time": "18-3-28 14:52"
        },
        {
            "comment id": 4,
            "parent": 3,
            "children": [],
            "user id": "6160775946",
            "user name": "Mr_霆",
            "content": "没看见是往车上拽吗？",
            "time": "18-3-28 15:22"
        }
    ]
}