{
    "source": {
        "content": "现实地狱，恶业成熟了。太可怕了！\n中国旅游团到美国参观一火山口，一名女游客不顾管理人员的阻拦，来到火山喷发的地方拍照，脚下一滑掉入火山熔岩流淌的岩浆中。  沙子海洋小鱼的秒拍视频 ",
        "time": "18-3-31 14:13",
        "user id": "2167658123",
        "tweet id": "G9UT4kois",
        "label": 1,
        "theme": null
    },
    "comment": [
        {
            "comment id": 0,
            "parent": -1,
            "children": [],
            "user id": "6066045679",
            "user name": "·宝莲灯·",
            "content": "阿弥陀佛🙏🙏🙏",
            "time": "18-4-2 08:28"
        },
        {
            "comment id": 1,
            "parent": -1,
            "children": [],
            "user id": "5481091736",
            "user name": "捌柒陆陆",
            "content": "这图P的，原图是水",
            "time": "18-4-2 09:43"
        },
        {
            "comment id": 2,
            "parent": -1,
            "children": [],
            "user id": "6340534432",
            "user name": "可能多半是一个假人",
            "content": "如果真的是火海 他应该不会离那么近吧",
            "time": "18-4-10 21:14"
        },
        {
            "comment id": 3,
            "parent": -1,
            "children": [],
            "user id": "2535247877",
            "user name": "大矛头",
            "content": "愚人节玩笑",
            "time": "18-4-2 00:17"
        },
        {
            "comment id": 4,
            "parent": -1,
            "children": [],
            "user id": "1828798730",
            "user name": "正夏天啊",
            "content": "@王志鹏WZP",
            "time": "18-4-1 23:09"
        },
        {
            "comment id": 5,
            "parent": -1,
            "children": [],
            "user id": "6186124737",
            "user name": "改个名都不行尼玛币",
            "content": "是鞋化了 滑下去了",
            "time": "18-4-1 14:52"
        }
    ]
}