{
    "source": {
        "content": "新西兰女总理带娃进联合国大会，一边开会，一边给孩子喂奶。评：这样的总理所执之政，一定是温柔善良的。 ",
        "time": "18-9-27 23:17",
        "user id": "1595575071",
        "tweet id": "GBln7Br91",
        "label": 1,
        "theme": null
    },
    "comment": [
        {
            "comment id": 0,
            "parent": -1,
            "children": [
                1
            ],
            "user id": "3028840570",
            "user name": "迎晨L",
            "content": "以前在工地上做工。有工友生的是女儿，公婆不喜欢就不给带，她就带到工地上，一边做工，一会儿就喂喂奶。…一转眼…这个女儿都结婚了！！！",
            "time": "18-9-27 23:31"
        },
        {
            "comment id": 1,
            "parent": 0,
            "children": [],
            "user id": "1595575071",
            "user name": "刘文华律师",
            "content": "生活不易",
            "time": "18-9-27 23:33"
        },
        {
            "comment id": 2,
            "parent": -1,
            "children": [],
            "user id": "2395196713",
            "user name": "阳山花非花",
            "content": "",
            "time": "18-9-27 23:19"
        },
        {
            "comment id": 3,
            "parent": -1,
            "children": [],
            "user id": "5984740632",
            "user name": "查理条顿骑士",
            "content": "人类，本来不就该这样吗？",
            "time": "18-9-28 06:03"
        },
        {
            "comment id": 4,
            "parent": -1,
            "children": [],
            "user id": "1180372055",
            "user name": "柳闻韶A",
            "content": "表演性太强！戏子政客的典型代表。",
            "time": "18-9-28 07:26"
        },
        {
            "comment id": 5,
            "parent": -1,
            "children": [],
            "user id": "6096145830",
            "user name": "鄂宜熊强",
            "content": "不贪不腐，没钱买奶粉，雇不起保姆呗！",
            "time": "18-9-29 21:45"
        },
        {
            "comment id": 6,
            "parent": -1,
            "children": [],
            "user id": "3624188385",
            "user name": "究极小揪揪",
            "content": "最后图片里喂奶的不是新西兰女总理。",
            "time": "18-9-28 07:57"
        },
        {
            "comment id": 7,
            "parent": -1,
            "children": [],
            "user id": "5838389314",
            "user name": "手停不下来2",
            "content": "唉，男人在干嘛？",
            "time": "18-9-28 01:27"
        },
        {
            "comment id": 8,
            "parent": -1,
            "children": [],
            "user id": "5532468813",
            "user name": "kevin6786",
            "content": "这是不是丧偶式育孩？",
            "time": "18-9-28 12:16"
        },
        {
            "comment id": 9,
            "parent": -1,
            "children": [],
            "user id": "2860160962",
            "user name": "实在卷不动了啊",
            "content": "个人觉得不妥，以后公司里上班女性是不是也能把孩子带去工位喂奶？",
            "time": "18-9-28 11:39"
        },
        {
            "comment id": 10,
            "parent": -1,
            "children": [],
            "user id": "6596140325",
            "user name": "永远的春天198705",
            "content": "一位伟大的母亲，用她的柔情托举了她的祖国。",
            "time": "18-9-28 02:14"
        },
        {
            "comment id": 11,
            "parent": -1,
            "children": [],
            "user id": "6001674373",
            "user name": "十年寒窗烤鸭",
            "content": "然后感觉也不专业",
            "time": "18-9-28 09:10"
        },
        {
            "comment id": 12,
            "parent": -1,
            "children": [],
            "user id": "6668410401",
            "user name": "梁馨美食",
            "content": "莫名的感动……",
            "time": "18-9-27 23:44"
        }
    ]
}