{
    "source": {
        "content": "孩子，老师在学校里不能把你怎么样，但社会可以[衰]#熊孩子公交车上玩闹被打 #后续：据警方通报，孩子7岁，放学后独自坐公交车回家，与男子并不相识，踢踹男子三脚后被暴打。经医院诊断，孩子只是左侧脸部软组织肿胀，后被父亲带回家，孩子家长没有要求赔偿，打人的小伙被警方拘留15日并罚款。家长表示非常开心，并坦言“早就想打他了”[允悲]  CGWR游戏排行的秒拍视频",
        "time": "18-5-1 11:25",
        "user id": "2574064485",
        "tweet id": "GeC2jlZmx",
        "label": 1,
        "theme": null
    },
    "comment": [
        {
            "comment id": 0,
            "parent": -1,
            "children": [],
            "user id": "1764599947",
            "user name": "王然后_____________________",
            "content": "莫名的喜感",
            "time": "18-5-1 11:45"
        },
        {
            "comment id": 1,
            "parent": -1,
            "children": [],
            "user id": "1957256133",
            "user name": "YS造型创始_赵晗",
            "content": "这位兄弟对中国广大深受熊孩子之害的青年们功莫大焉！他献祭了自己的名声，以一股震惊全国的新闻模式告诉所有全中国的熊孩子熊家长们，管！好！你！们！的！孩！子！！！ 发起众筹为兄弟解难！",
            "time": "18-5-3 14:44"
        },
        {
            "comment id": 2,
            "parent": -1,
            "children": [],
            "user id": "2242018194",
            "user name": "yi夜白",
            "content": "键盘侠 都不知道事情真相 就敢胡咧咧 你这种人就该被罚到倾家荡产 看看澎湃的新闻再来BB",
            "time": "18-5-9 09:14"
        },
        {
            "comment id": 3,
            "parent": -1,
            "children": [],
            "user id": "1884788244",
            "user name": "我还能成为奥特曼吗",
            "content": "求求你们这些不知名小媒体看看真正的报道再来转",
            "time": "18-5-1 23:21"
        },
        {
            "comment id": 4,
            "parent": -1,
            "children": [],
            "user id": "1869185282",
            "user name": "有法门名僧伽咤",
            "content": "熊孩子该",
            "time": "19-1-29 22:36"
        },
        {
            "comment id": 5,
            "parent": -1,
            "children": [],
            "user id": "6327176500",
            "user name": "凌若清欢",
            "content": "鼓掌👏",
            "time": "18-5-3 09:39"
        },
        {
            "comment id": 6,
            "parent": -1,
            "children": [],
            "user id": "6453803187",
            "user name": "b站黑狐王",
            "content": "这种造谣的微博赶紧删了行吗?",
            "time": "18-5-5 15:07"
        },
        {
            "comment id": 7,
            "parent": -1,
            "children": [
                8
            ],
            "user id": "6533703634",
            "user name": "埃米利娅",
            "content": "人家摔到脑震荡了还不严重的吗",
            "time": "18-5-1 23:07"
        },
        {
            "comment id": 8,
            "parent": 7,
            "children": [],
            "user id": "5117076891",
            "user name": "钟明-紫雪-小丑",
            "content": "医院说了脑震荡？新闻上没找到，给个链接好吗？",
            "time": "18-5-3 11:06"
        }
    ]
}