{
    "source": {
        "content": "哈尔滨市，夫妻跳楼，因为帮人砍价，卡里所有钱60多万，都没了。这砍价是真害人啊\n大家以后尽量别砍价发一些链接的东西了，真是害人害己啊！都转一下互相提醒，  ",
        "time": "18-4-29 10:10",
        "user id": "5967301053",
        "tweet id": "GeiGJuCsM",
        "label": 1,
        "theme": null
    },
    "comment": [
        {
            "comment id": 0,
            "parent": -1,
            "children": [
                1
            ],
            "user id": "5385977450",
            "user name": "三屠户的五毒俱全",
            "content": "@平安哈尔滨  @哈尔滨网警巡查执法",
            "time": "18-4-29 12:29"
        },
        {
            "comment id": 1,
            "parent": 0,
            "children": [
                2
            ],
            "user id": "3432203362",
            "user name": "麻城微客厅",
            "content": "",
            "time": "18-4-29 17:18"
        },
        {
            "comment id": 2,
            "parent": 1,
            "children": [],
            "user id": "5385977450",
            "user name": "三屠户的五毒俱全",
            "content": "@公安部打四黑除四害",
            "time": "18-4-29 12:52"
        },
        {
            "comment id": 3,
            "parent": -1,
            "children": [],
            "user id": "2400640945",
            "user name": "seasunou",
            "content": "不信谣不传谣，麻烦发出来前核实真实性，配图那么有时代性，能换个图吗",
            "time": "18-4-29 10:56"
        },
        {
            "comment id": 4,
            "parent": -1,
            "children": [],
            "user id": "1943909330",
            "user name": "圈圈园园圈圈175",
            "content": "不信谣不传谣，麻烦发出来前核实真实性，现在造谣是违法的",
            "time": "18-4-29 11:42"
        },
        {
            "comment id": 5,
            "parent": -1,
            "children": [],
            "user id": "2497195764",
            "user name": "沐芋泡",
            "content": "这是什么年代的像素？？怎么不去拍龙？",
            "time": "18-4-29 12:51"
        },
        {
            "comment id": 6,
            "parent": -1,
            "children": [],
            "user id": "5287441654",
            "user name": "柠檬白大褂",
            "content": "60多万？有钱人不买银行卡防盗险？",
            "time": "18-4-29 12:18"
        },
        {
            "comment id": 7,
            "parent": -1,
            "children": [],
            "user id": "1820047473",
            "user name": "装怂不装凶",
            "content": "造谣违法的，朋友",
            "time": "18-4-29 11:05"
        },
        {
            "comment id": 8,
            "parent": -1,
            "children": [],
            "user id": "6121831353",
            "user name": "缘来如此38073",
            "content": "货不对版，以假传假",
            "time": "18-4-29 12:46"
        },
        {
            "comment id": 9,
            "parent": -1,
            "children": [
                10
            ],
            "user id": "1675682942",
            "user name": "晶晶的梦想家",
            "content": "@哈尔滨新闻网 @哈尔滨日报 @哈尔滨身边事 @资讯哈尔滨 @平安哈尔滨 @拼多多 @拼多多商家服务官方微博 真假？请核实，发布公告",
            "time": "18-4-29 12:43"
        },
        {
            "comment id": 10,
            "parent": 9,
            "children": [],
            "user id": "3432203362",
            "user name": "麻城微客厅",
            "content": "",
            "time": "18-4-29 17:18"
        },
        {
            "comment id": 11,
            "parent": -1,
            "children": [],
            "user id": "1886430810",
            "user name": "夜夜失眠的oO夜神Oo",
            "content": "举报了",
            "time": "18-4-29 12:42"
        },
        {
            "comment id": 12,
            "parent": -1,
            "children": [],
            "user id": "1134538690",
            "user name": "Hywu777",
            "content": "视频是上海的",
            "time": "18-4-29 12:32"
        },
        {
            "comment id": 13,
            "parent": -1,
            "children": [],
            "user id": "3525684127",
            "user name": "Lossvivi",
            "content": "肯定是假的",
            "time": "18-4-29 12:11"
        },
        {
            "comment id": 14,
            "parent": -1,
            "children": [],
            "user id": "3854660621",
            "user name": "和兰花在Y起",
            "content": "@拼多多  @一起拼多多  拼多多的律师正在赶往中",
            "time": "18-4-29 11:10"
        },
        {
            "comment id": 15,
            "parent": -1,
            "children": [],
            "user id": "5379596883",
            "user name": "机智的张大花",
            "content": "转发要传唤的旁友",
            "time": "18-4-29 11:08"
        },
        {
            "comment id": 16,
            "parent": -1,
            "children": [],
            "user id": "5188175225",
            "user name": "弗拉基米尔-小志",
            "content": "不论事实，就盲目发消息！好好看看车牌号。。",
            "time": "18-4-29 11:12"
        },
        {
            "comment id": 17,
            "parent": -1,
            "children": [],
            "user id": "6124382766",
            "user name": "猫贪余温1111",
            "content": "真的谣言传起来就停不了，朋友圈一样的事，不一样的图",
            "time": "18-4-29 11:20"
        }
    ]
}