{
    "source": {
        "content": "哈尔滨市，夫妻跳楼，因为帮人砍价，卡里所有钱60多万，都没了。请别给我发砍价的链接，不帮任何人砍价，砍价的谨慎吧！[惊恐]自己看，有的人付代价。不法分子真的该杀。[菜刀][菜刀][菜刀] 网页链接 ",
        "time": "18-4-29 12:06",
        "user id": "1003796360",
        "tweet id": "GejrFbqfi",
        "label": 1,
        "theme": null
    },
    "comment": [
        {
            "comment id": 0,
            "parent": -1,
            "children": [
                1
            ],
            "user id": "1003796360",
            "user name": "文春书画艺术",
            "content": "正申请删除",
            "time": "18-4-29 22:28"
        },
        {
            "comment id": 1,
            "parent": 0,
            "children": [],
            "user id": "2149638234",
            "user name": "垟垟属土",
            "content": "不太懂，你是申请新浪删除你自己的这条微博吗？",
            "time": "18-4-30 08:39"
        },
        {
            "comment id": 2,
            "parent": -1,
            "children": [],
            "user id": "1003796360",
            "user name": "文春书画艺术",
            "content": "因怕大家被骗所以转发,但到底是啥情况，需要核实",
            "time": "18-4-29 22:31"
        },
        {
            "comment id": 3,
            "parent": -1,
            "children": [
                4,
                5
            ],
            "user id": "2400640945",
            "user name": "seasunou",
            "content": "不信谣不传谣，麻烦发出来前核实事件的真实性，谢谢",
            "time": "18-4-29 12:10"
        },
        {
            "comment id": 4,
            "parent": 3,
            "children": [],
            "user id": "5726847262",
            "user name": "泅渡so",
            "content": "+1",
            "time": "18-4-29 18:03"
        },
        {
            "comment id": 5,
            "parent": 3,
            "children": [],
            "user id": "5720611890",
            "user name": "很扑通的扑通话",
            "content": "支持",
            "time": "18-4-29 12:14"
        },
        {
            "comment id": 6,
            "parent": -1,
            "children": [],
            "user id": "1946873174",
            "user name": "钤山居士",
            "content": "标题一样视频不一样，造谣！！！！！救护车是上海的，口音是南方的，。。。。。。。。。。",
            "time": "18-4-29 13:13"
        },
        {
            "comment id": 7,
            "parent": -1,
            "children": [],
            "user id": "3824978936",
            "user name": "一根筋的杨二二",
            "content": "绝对是假的，因为这件事情我知道是哪发生的这件事情，但是具体原因不知道是什么，所以不能乱说，但发布消息这个人描述的问题原因肯定是假的，大家都别信",
            "time": "18-4-29 12:48"
        },
        {
            "comment id": 8,
            "parent": -1,
            "children": [],
            "user id": "5881880061",
            "user name": "黑帅李子哥",
            "content": "谣言传播者死妈柏。弟弟 臭弟弟",
            "time": "18-4-29 12:23"
        },
        {
            "comment id": 9,
            "parent": -1,
            "children": [],
            "user id": "2655179774",
            "user name": "AA孙振兴",
            "content": "造谣真的不犯法吗？",
            "time": "18-4-29 12:07"
        },
        {
            "comment id": 10,
            "parent": -1,
            "children": [],
            "user id": "1912732557",
            "user name": "努力减肥的梁先生",
            "content": "传谣也很可恨的～！",
            "time": "18-4-29 17:03"
        },
        {
            "comment id": 11,
            "parent": -1,
            "children": [],
            "user id": "5287441654",
            "user name": "柠檬白大褂",
            "content": "60多万？有钱人不买银行卡防盗险？",
            "time": "18-4-29 12:17"
        },
        {
            "comment id": 12,
            "parent": -1,
            "children": [],
            "user id": "2562348732",
            "user name": "我的独家记事本",
            "content": "麻烦发出来前核实事件的真实性，警方提醒了",
            "time": "18-4-29 19:10"
        },
        {
            "comment id": 13,
            "parent": -1,
            "children": [],
            "user id": "1770658143",
            "user name": "余生很重要吗",
            "content": "谣言止于智者",
            "time": "18-4-29 18:14"
        },
        {
            "comment id": 14,
            "parent": -1,
            "children": [],
            "user id": "1886430810",
            "user name": "夜夜失眠的oO夜神Oo",
            "content": "举报他",
            "time": "18-4-29 12:40"
        },
        {
            "comment id": 15,
            "parent": -1,
            "children": [],
            "user id": "1675682942",
            "user name": "晶晶的梦想家",
            "content": "@平安哈尔滨 真假？请核实情况，发布公告",
            "time": "18-4-29 12:24"
        },
        {
            "comment id": 16,
            "parent": -1,
            "children": [
                17
            ],
            "user id": "5385977450",
            "user name": "三屠户的五毒俱全",
            "content": "求真实？？？",
            "time": "18-4-29 12:19"
        },
        {
            "comment id": 17,
            "parent": 16,
            "children": [],
            "user id": "1770658143",
            "user name": "余生很重要吗",
            "content": "假的",
            "time": "18-4-29 18:15"
        },
        {
            "comment id": 18,
            "parent": -1,
            "children": [],
            "user id": "5525585450",
            "user name": "小霞6080",
            "content": "不信谣，不传谣，不乱点链接自保最好！",
            "time": "18-4-29 22:14"
        }
    ]
}