{
    "source": {
        "content": "当瑞士银行承诺公布外国人帐户资料时，华春莹代表政府暴跳如雷说：“造成一切后果由瑞士负责”。到底为什么？我想最根本的是怕动摇“国本”，怕中国“伤筋动骨”，一旦公布“国本”，这里面有可能包括“天子级别”的窃国大盗，这些名字一旦公布于世，他们不垮能行吗？贪官是无耻的，无论级别有多大，资格有多老，接受历史审判是必然的。",
        "time": "18-10-18 11:13",
        "user id": "5836318509",
        "tweet id": "GEsBPnaC3",
        "label": 1,
        "theme": null
    },
    "comment": [
        {
            "comment id": 0,
            "parent": -1,
            "children": [],
            "user id": "2762798695",
            "user name": "革命老区2022",
            "content": "公布吧，清者自清，浊者自浊！",
            "time": "18-10-18 22:31"
        },
        {
            "comment id": 1,
            "parent": -1,
            "children": [],
            "user id": "2762798695",
            "user name": "革命老区2022",
            "content": "是不是谣言不重要，重要的是，裸官必须公布国内外财产，并接受人民的审判！",
            "time": "18-10-24 11:23"
        },
        {
            "comment id": 2,
            "parent": -1,
            "children": [
                3,
                4
            ],
            "user id": "1835427460",
            "user name": "钓鱼岛主",
            "content": "严重怀疑这图是P的，视频资料在哪里？",
            "time": "18-10-19 10:10"
        },
        {
            "comment id": 3,
            "parent": 2,
            "children": [],
            "user id": "1282094897",
            "user name": "卧听风雨66",
            "content": "官员公开财产好了，由独立机构查个底朝天！有种都别投否决票呀，敢么？",
            "time": "18-10-23 13:03"
        },
        {
            "comment id": 4,
            "parent": 2,
            "children": [],
            "user id": "2121227044",
            "user name": "玄烨-777",
            "content": "现在左派沦落到捡当年公知的谣言了",
            "time": "18-10-21 22:49"
        },
        {
            "comment id": 5,
            "parent": -1,
            "children": [
                6
            ],
            "user id": "5696592699",
            "user name": "鼎级参考",
            "content": "//@真紫红: 这样的谣言竟堂而皇之的发，网警在吗？//@鼎级参考:转发了这么多天，咋还是显示只有三百次左右的转发呢？你是如何做到的？？//@冬冬峥嵘岁月: //@鼎级参考:这谣言还没超过500？？",
            "time": "18-10-22 15:29"
        },
        {
            "comment id": 6,
            "parent": 5,
            "children": [],
            "user id": "2762798695",
            "user name": "革命老区2022",
            "content": "应该说裸官的存在，公理正义在吗？",
            "time": "18-10-24 11:27"
        },
        {
            "comment id": 7,
            "parent": -1,
            "children": [],
            "user id": "1239253750",
            "user name": "金点子谭",
            "content": "明显造谣，造谣死全家",
            "time": "18-10-22 13:53"
        },
        {
            "comment id": 8,
            "parent": -1,
            "children": [],
            "user id": "2762798695",
            "user name": "革命老区2022",
            "content": "裸官就是一群贼，永远不会有正当性！",
            "time": "18-10-24 11:26"
        },
        {
            "comment id": 9,
            "parent": -1,
            "children": [],
            "user id": "5696592699",
            "user name": "鼎级参考",
            "content": "造谣可是要上税的哟！转发，力求超过500，引起关注！！！//@冬冬峥嵘岁月: 回复//@拉着行李进北大_372:转发微博",
            "time": "18-10-21 10:29"
        },
        {
            "comment id": 10,
            "parent": -1,
            "children": [],
            "user id": "6292947251",
            "user name": "怎奈轮回",
            "content": "造谣吗？或是还没有发生的现实吗？",
            "time": "18-10-22 07:23"
        },
        {
            "comment id": 11,
            "parent": -1,
            "children": [],
            "user id": "1018804513",
            "user name": "用户a8cpgi8ayq",
            "content": "国家的钱应该是公开的，百姓的钱是不怕见光，怕啥",
            "time": "18-10-21 20:30"
        },
        {
            "comment id": 12,
            "parent": -1,
            "children": [],
            "user id": "6556343670",
            "user name": "黔山牛哥",
            "content": "要让腐败分子没有安全的藏身之地！",
            "time": "18-10-21 21:39"
        },
        {
            "comment id": 13,
            "parent": -1,
            "children": [],
            "user id": "5696592699",
            "user name": "鼎级参考",
            "content": "这谣言还没超过500？？//@要点灯的人D: 看来，屁屁都不干净啊！//@冬冬峥嵘岁月: //@鼎级参考:造谣可是要上税的哟！转发，力求超过500，引起关注！！！//@冬冬峥嵘岁月: 回复//@拉着行李进北大_372:转发微博",
            "time": "18-10-21 22:36"
        },
        {
            "comment id": 14,
            "parent": -1,
            "children": [],
            "user id": "5696592699",
            "user name": "鼎级参考",
            "content": "//@京城悟: 造谣的P图。 //@鼎级参考：造谣可是要上税的哟！转发，力求超过500，引起关注！！！//@冬冬峥嵘岁月: 回复//@拉着行李进北大_372:转发微博",
            "time": "18-10-22 16:45"
        },
        {
            "comment id": 15,
            "parent": -1,
            "children": [],
            "user id": "3822346773",
            "user name": "粉红色的回忆1668",
            "content": "转发微博",
            "time": "18-10-18 11:27"
        },
        {
            "comment id": 16,
            "parent": -1,
            "children": [
                17
            ],
            "user id": "6397658441",
            "user name": "黄煜华投资",
            "content": "上文及上图是真的吗？",
            "time": "18-10-21 16:46"
        },
        {
            "comment id": 17,
            "parent": 16,
            "children": [],
            "user id": "6397658441",
            "user name": "黄煜华投资",
            "content": "谢谢",
            "time": "18-10-21 20:20"
        },
        {
            "comment id": 18,
            "parent": -1,
            "children": [],
            "user id": "3880137618",
            "user name": "大圆满尼五热培",
            "content": "不能公布、公布了、我的钱怎么办、",
            "time": "18-10-21 21:11"
        },
        {
            "comment id": 19,
            "parent": -1,
            "children": [],
            "user id": "1423337852",
            "user name": "Andy1021_安迪",
            "content": "造谣要被判刑的.....",
            "time": "18-10-21 20:46"
        },
        {
            "comment id": 20,
            "parent": -1,
            "children": [],
            "user id": "1600023750",
            "user name": "張小乜乜乜",
            "content": "一帮吃瓜群众P个图你们就在这意淫",
            "time": "18-10-22 02:25"
        },
        {
            "comment id": 21,
            "parent": -1,
            "children": [],
            "user id": "2157746682",
            "user name": "JackyFuuu",
            "content": "公布了大陆屁民也看不到，他们依然觉得外媒在造谣；另外，看得到的也无能为力",
            "time": "18-10-21 21:30"
        },
        {
            "comment id": 22,
            "parent": -1,
            "children": [],
            "user id": "5355833309",
            "user name": "双鱼座的么么打打",
            "content": "造谣",
            "time": "18-10-21 20:19"
        },
        {
            "comment id": 23,
            "parent": -1,
            "children": [],
            "user id": "5713158793",
            "user name": "鱼忘七秒31875",
            "content": "兄弟下回搞点真的来，求你了",
            "time": "18-10-21 20:41"
        },
        {
            "comment id": 24,
            "parent": -1,
            "children": [],
            "user id": "5698030656",
            "user name": "2015九九归一",
            "content": "@首都网警  这个算不算传谣？",
            "time": "18-10-18 23:25"
        },
        {
            "comment id": 25,
            "parent": -1,
            "children": [],
            "user id": "2526442487",
            "user name": "小狗2487",
            "content": "肯定是造谣了。",
            "time": "18-10-22 02:40"
        },
        {
            "comment id": 26,
            "parent": -1,
            "children": [],
            "user id": "6562556274",
            "user name": "贝壳05245",
            "content": "造谣，是要付行尸责任的",
            "time": "18-10-21 21:21"
        },
        {
            "comment id": 27,
            "parent": -1,
            "children": [],
            "user id": "1657811572",
            "user name": "飞奔向前的蜗牛",
            "content": "这种一眼假的新闻也有人相信？",
            "time": "18-10-21 20:48"
        },
        {
            "comment id": 28,
            "parent": -1,
            "children": [],
            "user id": "5585764408",
            "user name": "天才李小鱼",
            "content": "尊重事实，",
            "time": "18-10-23 16:17"
        },
        {
            "comment id": 29,
            "parent": -1,
            "children": [],
            "user id": "1719184447",
            "user name": "难无社长",
            "content": "造谣的P图。 //@鼎级参考：造谣可是要上税的哟！转发，力求超过500，引起关注！！！//@冬冬峥嵘岁月: 回复//@拉着行李进北大_372:转发微博",
            "time": "18-10-22 16:36"
        },
        {
            "comment id": 30,
            "parent": -1,
            "children": [],
            "user id": "3037397595",
            "user name": "吾国吾爱V",
            "content": "转发微博",
            "time": "18-10-22 13:48"
        },
        {
            "comment id": 31,
            "parent": -1,
            "children": [],
            "user id": "6033639552",
            "user name": "等待的心XHX",
            "content": "这个也能上热门！应该是真的吧？",
            "time": "18-10-21 21:01"
        },
        {
            "comment id": 32,
            "parent": -1,
            "children": [],
            "user id": "1929480375",
            "user name": "中原天地秀",
            "content": "不说话，转一下。//@独有英雄驱虎豹V: 转发微博",
            "time": "18-10-20 13:30"
        },
        {
            "comment id": 33,
            "parent": -1,
            "children": [],
            "user id": "6212456680",
            "user name": "种花曾当家",
            "content": "敲响丧钟的竟然是美帝，猫咪们懵逼了",
            "time": "18-10-18 22:23"
        }
    ]
}