{
    "source": {
        "content": "三名中国籍旅客从乌鲁木齐乘飞机前往伊朗德黑兰，非法携带21万欧元出境被海关查获！这么多钱带去不会和某组织有联系吧？想想后怕！西安流年的秒拍视频（上#秒拍#看我的最新短视频，下载秒拍->网页链接） ",
        "time": "18-10-21 22:18",
        "user id": "3088945540",
        "tweet id": "GEZfbjfuV",
        "label": 1,
        "theme": null
    },
    "comment": [
        {
            "comment id": 0,
            "parent": -1,
            "children": [
                1,
                2,
                4,
                6,
                7,
                9
            ],
            "user id": "1658483703",
            "user name": "没洗干净的葱",
            "content": "伊朗跟那些两码事啊，不要看到msl就等同了，伊朗是波斯，跟阿拉伯世仇，比中日之间仇还大。",
            "time": "18-10-22 00:10"
        },
        {
            "comment id": 1,
            "parent": 0,
            "children": [],
            "user id": "5305708492",
            "user name": "你有地方肿起来了",
            "content": "回复@君宜-:温和msl",
            "time": "18-10-22 11:41"
        },
        {
            "comment id": 2,
            "parent": 0,
            "children": [],
            "user id": "1658483703",
            "user name": "没洗干净的葱",
            "content": "回复@萌玄马:这么说来，只要是好的msl信徒，就是人好，跟宗教无关，凡是坏的msl信徒，那一定是宗教坏。预设立场。",
            "time": "18-10-22 02:06"
        },
        {
            "comment id": 3,
            "parent": 4,
            "children": [],
            "user id": "2637594060",
            "user name": "H希罗",
            "content": "回复@没洗干净的葱:那只是他们人好，和msl根本没关系",
            "time": "18-10-22 02:00"
        },
        {
            "comment id": 4,
            "parent": 0,
            "children": [
                3
            ],
            "user id": "1658483703",
            "user name": "没洗干净的葱",
            "content": "回复@萌玄马:既然你有msl朋友，就该知道，并不是所有msl都是穷凶极恶的。",
            "time": "18-10-22 01:53"
        },
        {
            "comment id": 5,
            "parent": 6,
            "children": [],
            "user id": "2637594060",
            "user name": "H希罗",
            "content": "回复@没洗干净的葱:继温和后又出现了开明派？？？我几个穆斯林朋友根本不介意我说这些",
            "time": "18-10-22 01:48"
        },
        {
            "comment id": 6,
            "parent": 0,
            "children": [
                5
            ],
            "user id": "1658483703",
            "user name": "没洗干净的葱",
            "content": "回复@萌玄马:知道msl里有开明派吗？我虽然不是msl，但是也知道其中有各种各样的派别。让妇女穿黑罩袍的是msl，允许妇女穿五颜六色衣服可以自由上街跳舞的也是msl。",
            "time": "18-10-22 01:33"
        },
        {
            "comment id": 7,
            "parent": 0,
            "children": [],
            "user id": "2637594060",
            "user name": "H希罗",
            "content": "穆斯林不管什么派，有好的么？",
            "time": "18-10-22 01:28"
        },
        {
            "comment id": 8,
            "parent": 9,
            "children": [],
            "user id": "1658483703",
            "user name": "没洗干净的葱",
            "content": "回复@西安流年:你跟msl还都是人呢，所以是人就都一样？不要通过标签看到一个片面的世界。",
            "time": "18-10-22 00:31"
        },
        {
            "comment id": 9,
            "parent": 0,
            "children": [
                8
            ],
            "user id": "3088945540",
            "user name": "西安流年",
            "content": "可信仰的都是安拉啊？",
            "time": "18-10-22 00:21"
        },
        {
            "comment id": 10,
            "parent": -1,
            "children": [
                13
            ],
            "user id": "1810989715",
            "user name": "风起的日子不看落花",
            "content": "东突才是西北msl的祖宗，伊朗是什叶派",
            "time": "18-10-21 22:26"
        },
        {
            "comment id": 11,
            "parent": 13,
            "children": [],
            "user id": "5685235273",
            "user name": "欧州知府",
            "content": "回复@西安流年:塔吉克族是中国的什叶派",
            "time": "18-10-24 00:03"
        },
        {
            "comment id": 12,
            "parent": 13,
            "children": [],
            "user id": "2676938591",
            "user name": "爱岗敬业黄金彪",
            "content": "回复@西安流年:什叶派打逊尼派，逊尼派谁都打。",
            "time": "18-10-22 00:10"
        },
        {
            "comment id": 13,
            "parent": 10,
            "children": [
                11,
                12
            ],
            "user id": "3088945540",
            "user name": "西安流年",
            "content": "什叶派是温和穆斯林？",
            "time": "18-10-21 22:30"
        },
        {
            "comment id": 14,
            "parent": -1,
            "children": [
                15
            ],
            "user id": "2647035631",
            "user name": "我和工头成了Homie",
            "content": "地窝堡名字都不对 现金不犯法 伊朗被经济制裁 生意人都是现金交易",
            "time": "18-10-22 00:20"
        },
        {
            "comment id": 15,
            "parent": 14,
            "children": [],
            "user id": "2647035631",
            "user name": "我和工头成了Homie",
            "content": "回复@我的爱人让我怎么爱你:未申报就是犯罪",
            "time": "18-10-22 00:43"
        },
        {
            "comment id": 16,
            "parent": -1,
            "children": [
                17
            ],
            "user id": "3947503633",
            "user name": "保持张力",
            "content": "@大碗刘 牛批",
            "time": "18-10-22 00:30"
        },
        {
            "comment id": 17,
            "parent": 16,
            "children": [],
            "user id": "5755264794",
            "user name": "大碗刘",
            "content": "有钱",
            "time": "18-10-22 08:55"
        },
        {
            "comment id": 18,
            "parent": -1,
            "children": [],
            "user id": "6100667745",
            "user name": "海阳12海洋3",
            "content": "//@graint：哈，以为X光机查不出啊？还是以为看X光机的是他们同伙啊？",
            "time": "18-10-22 00:08"
        },
        {
            "comment id": 19,
            "parent": -1,
            "children": [],
            "user id": "1658685764",
            "user name": "就爱灰闺女",
            "content": "波斯可没闲钱养那些糟烂玩意儿",
            "time": "18-10-22 06:24"
        },
        {
            "comment id": 20,
            "parent": -1,
            "children": [],
            "user id": "5864181936",
            "user name": "军事爆料圈",
            "content": "在新疆过安检！也不看看是什么地方！",
            "time": "18-10-22 01:24"
        },
        {
            "comment id": 21,
            "parent": -1,
            "children": [],
            "user id": "6389267306",
            "user name": "西环北路2222",
            "content": "2015年的旧闻。不要瞎带节奏",
            "time": "18-10-22 00:50"
        },
        {
            "comment id": 22,
            "parent": -1,
            "children": [],
            "user id": "1345642354",
            "user name": "zxmnju",
            "content": "和某组织有联系也不能走伊朗啊",
            "time": "18-10-22 10:00"
        }
    ]
}