{
    "source": {
        "content": "这是今天黄村庙发生的，以后了可别让孩子在坐这些个了，太危险了，妈妈当场就崩溃了，孩子脑袋都夹碎了 读懂临沂的秒拍视频 ",
        "time": "18-5-5 16:51",
        "user id": "6050270931",
        "tweet id": "GffSo1tln",
        "label": 1,
        "theme": null
    },
    "comment": [
        {
            "comment id": 0,
            "parent": -1,
            "children": [
                1,
                2,
                3
            ],
            "user id": "5721985310",
            "user name": "我看起来很好笑吗",
            "content": "辟谣：5月2日，濉溪大市场附近的儿童游乐设施发生意外事故，一名5岁男童头部受到重创。孩子随即被送往濉溪县医院治疗，其面部及眼部撕裂，鼻根部粉碎性骨折，并出现失血性休克。经过两个半小时清创缝合，男童转危为安。下一步，他还将接受一系列后续治疗。（淮北新闻网）",
            "time": "18-5-5 16:52"
        },
        {
            "comment id": 1,
            "parent": 0,
            "children": [],
            "user id": "1730901535",
            "user name": "an0nym0usx",
            "content": "眼部怎么样？",
            "time": "18-5-14 22:08"
        },
        {
            "comment id": 2,
            "parent": 0,
            "children": [],
            "user id": "6380682240",
            "user name": "锵剑慨歌",
            "content": "吓死了，我真以为那个孩子去世了",
            "time": "18-5-7 14:55"
        },
        {
            "comment id": 3,
            "parent": 0,
            "children": [],
            "user id": "3389574214",
            "user name": "安甜的绯闻男友",
            "content": "送你上去",
            "time": "18-5-5 16:52"
        },
        {
            "comment id": 4,
            "parent": -1,
            "children": [],
            "user id": "1848642863",
            "user name": "一隅小世界",
            "content": "评论里。（）",
            "time": "18-5-5 20:30"
        },
        {
            "comment id": 5,
            "parent": -1,
            "children": [],
            "user id": "5103852862",
            "user name": "临沂全搜索",
            "content": "黄村庙哪里",
            "time": "18-5-5 16:54"
        },
        {
            "comment id": 6,
            "parent": -1,
            "children": [],
            "user id": "5412128149",
            "user name": "畅玩临沂",
            "content": "",
            "time": "18-5-5 16:52"
        },
        {
            "comment id": 7,
            "parent": -1,
            "children": [
                8
            ],
            "user id": "1636996262",
            "user name": "小爱的大爱世界",
            "content": "@无奈的张仙森 小女孩好懂事，一直拉着妈妈，以后不带嘟他们坐这些了",
            "time": "18-5-7 00:04"
        },
        {
            "comment id": 8,
            "parent": 7,
            "children": [],
            "user id": "1596250870",
            "user name": "无奈的张仙森",
            "content": "敲懂事了肿么会这样，这个游戏设施不是就转的么？没有太大难度吧，怎么会夹到第一条评论有说小孩转危为安了，庆幸～",
            "time": "18-5-7 01:50"
        },
        {
            "comment id": 9,
            "parent": -1,
            "children": [],
            "user id": "3187264670",
            "user name": "反正最后大家都要s",
            "content": "看得很揪心，希望他没事，而且早点好起来。",
            "time": "18-5-6 18:53"
        },
        {
            "comment id": 10,
            "parent": -1,
            "children": [],
            "user id": "3988277859",
            "user name": "临沂王玉军",
            "content": "朋友圈里昨天就出来了，怎么还是今天，不知道不要乱发，博眼球",
            "time": "18-5-5 17:05"
        },
        {
            "comment id": 11,
            "parent": -1,
            "children": [],
            "user id": "2891782733",
            "user name": "Mister_戴",
            "content": "失血过多休克，医生救活了 ，伤的确实挺严重",
            "time": "18-5-10 16:34"
        },
        {
            "comment id": 12,
            "parent": -1,
            "children": [],
            "user id": "1934711700",
            "user name": "li-菲",
            "content": "好揪心",
            "time": "18-5-17 08:34"
        },
        {
            "comment id": 13,
            "parent": -1,
            "children": [],
            "user id": "5774772635",
            "user name": "重慶森林0916",
            "content": "？ 带地名营销？",
            "time": "18-5-6 21:22"
        },
        {
            "comment id": 14,
            "parent": -1,
            "children": [],
            "user id": "6632790991",
            "user name": "3594站地记者",
            "content": "造谣 封号 已举报",
            "time": "18-8-13 10:18"
        }
    ]
}