{
    "source": {
        "content": "追尾黑色高级车 ",
        "time": "18-10-26 13:10",
        "user id": "6731536438",
        "tweet id": "GFGMXdbcg",
        "label": 1,
        "theme": null
    },
    "comment": [
        {
            "comment id": 0,
            "parent": -1,
            "children": [
                1,
                2,
                3,
                4
            ],
            "user id": "1895417244",
            "user name": "_传火咸鱼_",
            "content": "怎么死的啊，，，好恐怖啊",
            "time": "18-10-26 13:12"
        },
        {
            "comment id": 1,
            "parent": 0,
            "children": [],
            "user id": "6032379631",
            "user name": "and-陈柯",
            "content": "造谣的 车主辟谣了",
            "time": "18-10-27 12:03"
        },
        {
            "comment id": 2,
            "parent": 0,
            "children": [],
            "user id": "1895417244",
            "user name": "_传火咸鱼_",
            "content": "回复 @Rodeese:翘丽来来",
            "time": "18-10-26 13:59"
        },
        {
            "comment id": 3,
            "parent": 0,
            "children": [],
            "user id": "5579958796",
            "user name": "我刚想玩就想弄成这样的",
            "content": "前排",
            "time": "18-10-26 13:57"
        },
        {
            "comment id": 4,
            "parent": 0,
            "children": [],
            "user id": "5748942754",
            "user name": "-Accelerator__re",
            "content": "前排围观撸撸上头条",
            "time": "18-10-26 13:36"
        },
        {
            "comment id": 5,
            "parent": -1,
            "children": [],
            "user id": "2138280923",
            "user name": "北白川清子",
            "content": "好可怕什么情况",
            "time": "18-10-26 15:43"
        },
        {
            "comment id": 6,
            "parent": -1,
            "children": [],
            "user id": "5134266886",
            "user name": "石極",
            "content": "真的话打个码吧",
            "time": "18-10-26 18:19"
        },
        {
            "comment id": 7,
            "parent": -1,
            "children": [],
            "user id": "1777629637",
            "user name": "宇宙第一倒霉蛋阿妤",
            "content": "@孤僻少女的自我救赎",
            "time": "18-10-26 15:47"
        },
        {
            "comment id": 8,
            "parent": -1,
            "children": [
                10
            ],
            "user id": "5392565246",
            "user name": "土豆泥030",
            "content": "已经辟谣了好伐",
            "time": "18-10-26 22:55"
        },
        {
            "comment id": 9,
            "parent": 10,
            "children": [],
            "user id": "6032379631",
            "user name": "and-陈柯",
            "content": "回复@艾老卡:头条",
            "time": "18-10-27 12:04"
        },
        {
            "comment id": 10,
            "parent": 8,
            "children": [
                9
            ],
            "user id": "6760023485",
            "user name": "咔卡咖喱",
            "content": "哪里？",
            "time": "18-10-27 00:44"
        },
        {
            "comment id": 11,
            "parent": -1,
            "children": [],
            "user id": "5822680948",
            "user name": "来个可口的女孩子",
            "content": "估计又要到，男女互换环节！",
            "time": "18-10-27 08:49"
        },
        {
            "comment id": 12,
            "parent": -1,
            "children": [],
            "user id": "6468043510",
            "user name": "我恐上学",
            "content": "牛批",
            "time": "18-10-26 13:11"
        },
        {
            "comment id": 13,
            "parent": -1,
            "children": [],
            "user id": "1764221733",
            "user name": "我是坏蛋徐妙妙",
            "content": "？？？",
            "time": "18-10-26 13:42"
        },
        {
            "comment id": 14,
            "parent": -1,
            "children": [],
            "user id": "3567135097",
            "user name": "吃陈明不吐陈明皮",
            "content": "@生前记",
            "time": "18-10-27 12:17"
        },
        {
            "comment id": 15,
            "parent": -1,
            "children": [],
            "user id": "5888013853",
            "user name": "星与阿崽",
            "content": "@此人远离城区",
            "time": "18-10-27 10:01"
        },
        {
            "comment id": 16,
            "parent": -1,
            "children": [
                17
            ],
            "user id": "6450847573",
            "user name": "喜欢的女生喜欢狗",
            "content": "@胡懒懒胡  ",
            "time": "18-10-27 10:35"
        },
        {
            "comment id": 17,
            "parent": 16,
            "children": [],
            "user id": "6290570490",
            "user name": "喜欢的男生喜欢猫",
            "content": "??",
            "time": "18-10-27 12:00"
        },
        {
            "comment id": 18,
            "parent": -1,
            "children": [],
            "user id": "3189305852",
            "user name": "-罗倩雯同学",
            "content": "@Mmmmmm-n",
            "time": "18-10-27 10:34"
        },
        {
            "comment id": 19,
            "parent": -1,
            "children": [],
            "user id": "3196122663",
            "user name": "XC没得求名堂",
            "content": "卧槽 强人锁男",
            "time": "18-10-27 10:14"
        },
        {
            "comment id": 20,
            "parent": -1,
            "children": [],
            "user id": "2349867391",
            "user name": "Vagabondr",
            "content": "@夏基芭彻督兹  什么鬼",
            "time": "18-10-27 09:29"
        },
        {
            "comment id": 21,
            "parent": -1,
            "children": [],
            "user id": "2353582395",
            "user name": "singoll",
            "content": "可怜 哎 逝者走好！",
            "time": "18-10-27 08:42"
        },
        {
            "comment id": 22,
            "parent": -1,
            "children": [],
            "user id": "5336818743",
            "user name": "我有醋-",
            "content": "???可怕",
            "time": "18-10-27 07:56"
        },
        {
            "comment id": 23,
            "parent": -1,
            "children": [],
            "user id": "5681499670",
            "user name": "韭菜花的皮燕子",
            "content": "@拉的不多-  男的？？？",
            "time": "18-10-27 07:50"
        },
        {
            "comment id": 24,
            "parent": -1,
            "children": [],
            "user id": "2138994291",
            "user name": "不知道幸福与否的填鸭餐",
            "content": "@贺呵呵呵呵哒  @Mno凌霄",
            "time": "18-10-27 00:11"
        },
        {
            "comment id": 25,
            "parent": -1,
            "children": [],
            "user id": "6211003770",
            "user name": "失衡引力",
            "content": "哪来的剑侠客",
            "time": "18-10-26 18:57"
        },
        {
            "comment id": 26,
            "parent": -1,
            "children": [],
            "user id": "3168431730",
            "user name": "都说了我不是光头",
            "content": "辟谣了",
            "time": "18-10-26 18:22"
        },
        {
            "comment id": 27,
            "parent": -1,
            "children": [],
            "user id": "1774276360",
            "user name": "等一场晚上的雨",
            "content": "@setz-",
            "time": "18-10-26 16:23"
        },
        {
            "comment id": 28,
            "parent": -1,
            "children": [],
            "user id": "1749622602",
            "user name": "三少爷观楼心月",
            "content": "这个就是怎么辟谣也逃脱不男同志裤子扒下来的和钢管树立一旁的",
            "time": "18-10-27 09:25"
        },
        {
            "comment id": 29,
            "parent": -1,
            "children": [],
            "user id": "3850679982",
            "user name": "Truman_F",
            "content": "@xzyyyyyyyyy1",
            "time": "18-10-27 09:22"
        },
        {
            "comment id": 30,
            "parent": -1,
            "children": [],
            "user id": "6795922894",
            "user name": "蜕变依公69278",
            "content": "一些冥冥中阻止你的，正是为了今天和明天，乃至以后的漫长岁月，让真正属于你的，最终属于你。有时候，你以为的归宿，其实只是过渡；你以为的过渡，其实就是归宿。",
            "time": "18-10-27 05:24"
        }
    ]
}