{
    "source": {
        "content": "#莆田爆料#就因为老婆跟同学聚会去KTV被老公当场活活打死现场竟然没有一个过去劝说的 邻糖果的秒拍视频 ",
        "time": "18-5-10 22:31",
        "user id": "5971672308",
        "tweet id": "Gg3eR65oy",
        "label": 1,
        "theme": null
    },
    "comment": [
        {
            "comment id": 0,
            "parent": -1,
            "children": [],
            "user id": "2594677542",
            "user name": "猫咪恋上猪",
            "content": "明明一开始在打那个坐着的服务员的。朋友圈都发了，说是抓小三反被老公打死了",
            "time": "18-5-11 01:16"
        },
        {
            "comment id": 1,
            "parent": -1,
            "children": [],
            "user id": "2046389205",
            "user name": "今年就是打工仔了",
            "content": "不是老婆去打小三吗然后反被丈夫打死吗",
            "time": "18-5-10 23:30"
        },
        {
            "comment id": 2,
            "parent": -1,
            "children": [],
            "user id": "5038233439",
            "user name": "茶茶烹兔",
            "content": "原配别白死哈，记住找小三和你老公索命去，吓个半身不遂什么的最好不过了，死了都便宜他们这对狗男女",
            "time": "18-5-11 17:32"
        },
        {
            "comment id": 3,
            "parent": -1,
            "children": [],
            "user id": "6144310055",
            "user name": "嘉人如初",
            "content": "这男的一点都不理智，太暴力了，旁边人没人报警吗？唉，眼不见为净",
            "time": "18-5-11 13:01"
        },
        {
            "comment id": 4,
            "parent": -1,
            "children": [],
            "user id": "3475235894",
            "user name": "安妮珮珮",
            "content": "这种男人后来怎么判刑怎么死呢",
            "time": "18-5-11 17:45"
        },
        {
            "comment id": 5,
            "parent": -1,
            "children": [],
            "user id": "2624427731",
            "user name": "nomiq",
            "content": "能尼玛少传谣吗？为了蹭热度，发尼玛些p话乱说？杀币也成不了网红",
            "time": "18-5-12 05:01"
        },
        {
            "comment id": 6,
            "parent": -1,
            "children": [
                7
            ],
            "user id": "5912426909",
            "user name": "多愁善感小宇宙",
            "content": "@小暖治好了无感症 你猜我联想到了啥",
            "time": "18-6-9 01:57"
        },
        {
            "comment id": 7,
            "parent": 6,
            "children": [
                8
            ],
            "user id": "2073576941",
            "user name": "小暖治好了无感症",
            "content": "你自己呗",
            "time": "18-6-9 02:06"
        },
        {
            "comment id": 8,
            "parent": 7,
            "children": [],
            "user id": "5912426909",
            "user name": "多愁善感小宇宙",
            "content": "回复@小暖治好了无感症:对对的可怕...",
            "time": "18-6-9 02:06"
        },
        {
            "comment id": 9,
            "parent": -1,
            "children": [],
            "user id": "3535306901",
            "user name": "潮人馆·小姐姐的店",
            "content": "胡乱传，明明就是服务员是小三被打的是正式",
            "time": "18-5-11 19:27"
        },
        {
            "comment id": 10,
            "parent": -1,
            "children": [],
            "user id": "3219133652",
            "user name": "性感小妖2013",
            "content": "最后拎着头撞墙，结发妻死在你的面前，你的孩子变成孤儿，你一时的冲动伤害三个家庭！你高兴吗？",
            "time": "18-7-20 10:30"
        },
        {
            "comment id": 11,
            "parent": -1,
            "children": [],
            "user id": "5064962909",
            "user name": "夏念Cloris",
            "content": "希望这是条假新闻，看着难受",
            "time": "18-7-9 21:06"
        },
        {
            "comment id": 12,
            "parent": -1,
            "children": [],
            "user id": "1812845003",
            "user name": "爱吃瓜的小喵酱",
            "content": "毛病，不就和同学聚会还被揍",
            "time": "18-6-11 20:34"
        },
        {
            "comment id": 13,
            "parent": -1,
            "children": [],
            "user id": "5972857277",
            "user name": "乔治番尼兔",
            "content": "这视频拍的！没有一个能说清的！",
            "time": "18-6-11 02:12"
        },
        {
            "comment id": 14,
            "parent": -1,
            "children": [],
            "user id": "6227650583",
            "user name": "快乐小飞象2017",
            "content": "可以没人性到这种程度",
            "time": "18-6-8 00:45"
        },
        {
            "comment id": 15,
            "parent": -1,
            "children": [],
            "user id": "5554043278",
            "user name": "鶴夢君",
            "content": "打女人，你就是個滓！",
            "time": "18-6-6 18:55"
        },
        {
            "comment id": 16,
            "parent": -1,
            "children": [],
            "user id": "5764684012",
            "user name": "碗里的积雨_芸_",
            "content": "@LizixuanMao",
            "time": "18-6-6 16:18"
        },
        {
            "comment id": 17,
            "parent": -1,
            "children": [],
            "user id": "2747063861",
            "user name": "like_tata",
            "content": "最恨这种围着看，也不拉一把的，你不帮忙，你走也行！！！",
            "time": "18-6-5 10:04"
        },
        {
            "comment id": 18,
            "parent": -1,
            "children": [],
            "user id": "5799415454",
            "user name": "王冬萍00565",
            "content": "我家这就是有一家，那女的去参加同学聚会，回来那男的就把她和她妈妈，就是杀人者的老婆和丈母娘给杀了，就留下孩子和爷爷。所以说呀，要看好自己的另一半是什么人，猜忌与不信任真的很可怕",
            "time": "18-6-2 16:56"
        },
        {
            "comment id": 19,
            "parent": -1,
            "children": [],
            "user id": "5718444279",
            "user name": "岳大矫情_",
            "content": "@WanWan-瑞妮 好可怜a",
            "time": "18-5-28 19:24"
        },
        {
            "comment id": 20,
            "parent": -1,
            "children": [],
            "user id": "5836078131",
            "user name": "芝士小熊不加糖",
            "content": "第三个版本",
            "time": "18-5-16 21:37"
        },
        {
            "comment id": 21,
            "parent": -1,
            "children": [],
            "user id": "3183820740",
            "user name": "Deeralice_",
            "content": "@万倩enough",
            "time": "18-5-16 10:55"
        },
        {
            "comment id": 22,
            "parent": -1,
            "children": [],
            "user id": "2871058411",
            "user name": "原姮",
            "content": "看不了自己老公 去打别的女人 结果被打死 也是真傻",
            "time": "18-5-15 19:07"
        },
        {
            "comment id": 23,
            "parent": -1,
            "children": [],
            "user id": "5331146122",
            "user name": "祝由士尔冬",
            "content": "博主可能也是个小san才会这样剪辑视频造谣吧，看转发已经20了，之后再被人转发，原配被打死，还有这种博主为了蹭热度而造谣，送我上去让大家看到。",
            "time": "18-5-14 22:48"
        },
        {
            "comment id": 24,
            "parent": -1,
            "children": [],
            "user id": "6159806736",
            "user name": "小露是我53719",
            "content": "这男该判死刑，渣男死不足惜",
            "time": "18-5-14 22:09"
        },
        {
            "comment id": 25,
            "parent": -1,
            "children": [],
            "user id": "3504267604",
            "user name": "蜜桃小丸子漫漫漫",
            "content": "这么热的天，看到这个让人觉得发寒，好可怕",
            "time": "18-5-14 13:54"
        },
        {
            "comment id": 26,
            "parent": -1,
            "children": [],
            "user id": "5639824636",
            "user name": "网友小刘1x_",
            "content": "男人打女人就是该死！",
            "time": "18-5-14 13:45"
        },
        {
            "comment id": 27,
            "parent": -1,
            "children": [],
            "user id": "5548156188",
            "user name": "ss溺于你心海",
            "content": "我的天啊，不管是因为什么原因，这样打一个手无缚鸡之力的女人，男的还是不是人啊，吓死我了！",
            "time": "18-5-11 14:15"
        },
        {
            "comment id": 28,
            "parent": -1,
            "children": [],
            "user id": "2561143705",
            "user name": "爱喝丸子汤呀",
            "content": "旁边的人都在看，录视频。也没个去帮忙的。祝拍视频的也被打死。",
            "time": "18-5-11 17:54"
        },
        {
            "comment id": 29,
            "parent": -1,
            "children": [],
            "user id": "5088546890",
            "user name": "感性的阿里小姐s",
            "content": "恐怖啊 居然为了一个三打死自己老婆",
            "time": "18-5-11 15:28"
        },
        {
            "comment id": 30,
            "parent": -1,
            "children": [
                31
            ],
            "user id": "6324760353",
            "user name": "小呀小蚂蚁呀",
            "content": "@BoyLot2 妈耶",
            "time": "18-5-11 10:40"
        },
        {
            "comment id": 31,
            "parent": 30,
            "children": [],
            "user id": "2644500393",
            "user name": "GNEToT",
            "content": "🙊🙊🙊",
            "time": "18-5-13 22:16"
        },
        {
            "comment id": 32,
            "parent": -1,
            "children": [],
            "user id": "6463557232",
            "user name": "vanuit",
            "content": "越看越来气，要是我早拿两把菜刀砍死那男的了",
            "time": "18-5-13 17:57"
        },
        {
            "comment id": 33,
            "parent": -1,
            "children": [],
            "user id": "5646271670",
            "user name": "NO2辉",
            "content": "纵使女人很想反抗但是块头再大的女人也没有男人的力气大",
            "time": "18-5-11 21:26"
        },
        {
            "comment id": 34,
            "parent": -1,
            "children": [],
            "user id": "6413567930",
            "user name": "李佳航I5",
            "content": "远离渣男",
            "time": "18-5-11 20:04"
        },
        {
            "comment id": 35,
            "parent": -1,
            "children": [],
            "user id": "6036995730",
            "user name": "89生命倒计时",
            "content": "曹尼玛。打女人。你不是个男人。",
            "time": "18-5-11 19:31"
        },
        {
            "comment id": 36,
            "parent": -1,
            "children": [],
            "user id": "2176618437",
            "user name": "睡不醒的夏小蕾",
            "content": "这个男的不能这么简单的让他死了吧?",
            "time": "18-5-11 17:27"
        },
        {
            "comment id": 37,
            "parent": -1,
            "children": [],
            "user id": "3292454237",
            "user name": "无尽芬芳Alice",
            "content": "应该找一帮子人去打，",
            "time": "18-5-11 16:19"
        },
        {
            "comment id": 38,
            "parent": -1,
            "children": [],
            "user id": "5542165136",
            "user name": "如烟0207",
            "content": "这种夫妻还在乎小三的存在吗？还犯得着为这种男人动手？爱是犯贱隐隐觉得有点道理。",
            "time": "18-5-11 16:06"
        },
        {
            "comment id": 39,
            "parent": -1,
            "children": [],
            "user id": "3855431839",
            "user name": "小苏珊一",
            "content": "祝旁边那些冷漠的人都死，陪陪那个可怜的女人",
            "time": "18-5-13 05:57"
        },
        {
            "comment id": 40,
            "parent": -1,
            "children": [],
            "user id": "5484536130",
            "user name": "二度思想",
            "content": "不是抓小三吗",
            "time": "18-5-11 09:30"
        },
        {
            "comment id": 41,
            "parent": -1,
            "children": [],
            "user id": "6438302832",
            "user name": "岁月静好小怪兽016",
            "content": "不敢劝说，你哪怕可以打个报警电话",
            "time": "18-5-13 18:49"
        },
        {
            "comment id": 42,
            "parent": -1,
            "children": [],
            "user id": "1707596334",
            "user name": "Amy-小美艾米",
            "content": "原配打小三，老公打原配。哎。",
            "time": "18-5-13 17:41"
        },
        {
            "comment id": 43,
            "parent": -1,
            "children": [],
            "user id": "3196737531",
            "user name": "ZHUANGLI1984",
            "content": "不管是什么这样打人太可怕了。旁边的人不知道报警吗！",
            "time": "18-5-12 20:44"
        },
        {
            "comment id": 44,
            "parent": -1,
            "children": [],
            "user id": "2250302280",
            "user name": "碧缘纤BIOIC-华可爱",
            "content": "@索纳森糖果_茜哥哥",
            "time": "18-5-12 16:49"
        },
        {
            "comment id": 45,
            "parent": -1,
            "children": [],
            "user id": "5438816509",
            "user name": "你不遗我不忘",
            "content": "旁边没帮忙劝阻的是不是也犯法了？",
            "time": "18-5-12 06:04"
        },
        {
            "comment id": 46,
            "parent": -1,
            "children": [],
            "user id": "5189712430",
            "user name": "爨爨欧买噶",
            "content": "这男的真该死，觉得自己很牛逼么",
            "time": "18-5-12 00:55"
        },
        {
            "comment id": 47,
            "parent": -1,
            "children": [],
            "user id": "5150988393",
            "user name": "我爱你啊123",
            "content": "瞎说什么，",
            "time": "18-5-11 23:51"
        },
        {
            "comment id": 48,
            "parent": -1,
            "children": [],
            "user id": "1879498020",
            "user name": "DOBY龙",
            "content": "所以我为什么要我妹练防身的东西",
            "time": "18-5-11 23:41"
        },
        {
            "comment id": 49,
            "parent": -1,
            "children": [],
            "user id": "5044134301",
            "user name": "多多爱易宝",
            "content": "真的死了吗？不敢相信",
            "time": "18-5-11 23:39"
        },
        {
            "comment id": 50,
            "parent": -1,
            "children": [],
            "user id": "6001895732",
            "user name": "人心DOU是怎么了",
            "content": "妈的，看着太吓人了，旁边的都死人吗，气死人了",
            "time": "18-5-11 21:20"
        },
        {
            "comment id": 51,
            "parent": -1,
            "children": [],
            "user id": "6007491867",
            "user name": "乔乔song",
            "content": "不是都有保安的吗",
            "time": "18-5-11 21:02"
        },
        {
            "comment id": 52,
            "parent": -1,
            "children": [],
            "user id": "6233209421",
            "user name": "搁浅mm大姑娘",
            "content": "人渣",
            "time": "18-5-11 18:23"
        },
        {
            "comment id": 53,
            "parent": -1,
            "children": [],
            "user id": "2254721230",
            "user name": "啊黑_先生",
            "content": "为什么要在垃圾堆垃圾堆垃圾堆找对象",
            "time": "18-5-11 15:23"
        },
        {
            "comment id": 54,
            "parent": -1,
            "children": [],
            "user id": "5800183172",
            "user name": "萍姊_",
            "content": "太可怕了",
            "time": "18-5-11 11:54"
        },
        {
            "comment id": 55,
            "parent": -1,
            "children": [],
            "user id": "5121577345",
            "user name": "知温凉人-",
            "content": "有点暴力啊",
            "time": "18-5-11 09:43"
        },
        {
            "comment id": 56,
            "parent": -1,
            "children": [],
            "user id": "1853213120",
            "user name": "嚣尘_陈绵钦",
            "content": "是哪里的？",
            "time": "18-5-11 01:42"
        },
        {
            "comment id": 57,
            "parent": -1,
            "children": [],
            "user id": "3516711771",
            "user name": "整天做梦的梦想家",
            "content": "愿你的性生活跟你的视频一样长",
            "time": "18-5-11 16:03"
        },
        {
            "comment id": 58,
            "parent": -1,
            "children": [],
            "user id": "5092791470",
            "user name": "纷飞6627",
            "content": "我觉得原配真的没必要抓什么小三，真牛逼的话直接把自己老公腿打折就行了。",
            "time": "18-5-12 22:49"
        },
        {
            "comment id": 59,
            "parent": -1,
            "children": [],
            "user id": "5803637851",
            "user name": "用户5803637851",
            "content": "看了心好塞啊",
            "time": "18-5-12 15:16"
        },
        {
            "comment id": 60,
            "parent": -1,
            "children": [],
            "user id": "6490963809",
            "user name": "捻度v",
            "content": "看这种男的比狗还不如，想让他生不如死，折磨几万次",
            "time": "18-5-12 10:57"
        },
        {
            "comment id": 61,
            "parent": -1,
            "children": [],
            "user id": "6528042233",
            "user name": "我喂河南人袋盐",
            "content": "昨天也是这个视频，标题是老婆出轨，老公打死老婆，他妈的我该相信谁？",
            "time": "18-5-11 22:00"
        }
    ]
}