{
    "source": {
        "content": "空姐遇害案。罪犯伏法！！   严惩不贷！！ XKXKXKXKX凡的秒拍视频 ",
        "time": "18-5-11 17:57",
        "user id": "5668278795",
        "tweet id": "GgaSjzohX",
        "label": 1,
        "theme": null
    },
    "comment": [
        {
            "comment id": 0,
            "parent": -1,
            "children": [
                1
            ],
            "user id": "2733808163",
            "user name": "聚鑫信用债务分析师",
            "content": "假的",
            "time": "18-5-11 18:01"
        },
        {
            "comment id": 1,
            "parent": 0,
            "children": [],
            "user id": "5668278795",
            "user name": "XKXKXKXKX凡",
            "content": "我希望是真的！真的",
            "time": "18-5-11 18:11"
        },
        {
            "comment id": 2,
            "parent": -1,
            "children": [
                3
            ],
            "user id": "5863260781",
            "user name": "Keiko02195",
            "content": "这不是吧，穿的衣服都是棉袄外套。现在都穿短袖了",
            "time": "18-5-11 18:04"
        },
        {
            "comment id": 3,
            "parent": 2,
            "children": [
                4
            ],
            "user id": "5668278795",
            "user name": "XKXKXKXKX凡",
            "content": "你们不希望这家伙伏法吗？",
            "time": "18-5-11 18:11"
        },
        {
            "comment id": 4,
            "parent": 3,
            "children": [],
            "user id": "5863260781",
            "user name": "Keiko02195",
            "content": "回复@XKXKXKXKX凡:肯定希望啊，但是这视频被抓的不是那恶魔",
            "time": "18-5-11 18:11"
        },
        {
            "comment id": 5,
            "parent": -1,
            "children": [],
            "user id": "2363123630",
            "user name": "九号楼的猫_",
            "content": "还在造谣",
            "time": "18-6-11 17:30"
        },
        {
            "comment id": 6,
            "parent": -1,
            "children": [],
            "user id": "1314114551",
            "user name": "走在薄冰上的小灰灰",
            "content": "别传播假的了",
            "time": "18-5-11 18:25"
        }
    ]
}