{
    "source": {
        "content": "#警方通报空姐遇害案#  林林小桃aa的秒拍视频 ",
        "time": "18-5-11 22:49",
        "user id": "6454007397",
        "tweet id": "GgcMHzDA3",
        "label": 1,
        "theme": null
    },
    "comment": [
        {
            "comment id": 0,
            "parent": -1,
            "children": [],
            "user id": "2408467333",
            "user name": "wo就是我_",
            "content": "用这事儿造谣，还有底线没？  是要负法律责任的",
            "time": "18-5-12 22:24"
        },
        {
            "comment id": 1,
            "parent": -1,
            "children": [],
            "user id": "3169474333",
            "user name": "希望喝水不长肉",
            "content": "傻么？那个司机都死了，有病",
            "time": "18-5-12 09:24"
        },
        {
            "comment id": 2,
            "parent": -1,
            "children": [],
            "user id": "5621222330",
            "user name": "没艾特的人儿",
            "content": "已报警@警察  ",
            "time": "18-5-13 20:07"
        },
        {
            "comment id": 3,
            "parent": -1,
            "children": [],
            "user id": "2702765885",
            "user name": "介介子子休",
            "content": "别几把造谣",
            "time": "18-5-11 23:01"
        },
        {
            "comment id": 4,
            "parent": -1,
            "children": [],
            "user id": "5386268038",
            "user name": "贰佰無有伍",
            "content": "造你妈谣",
            "time": "18-5-13 15:50"
        },
        {
            "comment id": 5,
            "parent": -1,
            "children": [],
            "user id": "5762962133",
            "user name": "LipMr",
            "content": "举报",
            "time": "18-5-13 14:58"
        },
        {
            "comment id": 6,
            "parent": -1,
            "children": [],
            "user id": "2217845933",
            "user name": "听说馬锦洪",
            "content": "别你妈造谣",
            "time": "18-5-13 14:35"
        },
        {
            "comment id": 7,
            "parent": -1,
            "children": [],
            "user id": "3481947637",
            "user name": "设计师冯帅帅",
            "content": "举报，造谣",
            "time": "18-5-12 20:37"
        },
        {
            "comment id": 8,
            "parent": -1,
            "children": [],
            "user id": "6354079518",
            "user name": "思乔124",
            "content": "结案了",
            "time": "18-5-12 13:37"
        },
        {
            "comment id": 9,
            "parent": -1,
            "children": [],
            "user id": "2887081437",
            "user name": "-ManbaOut-",
            "content": "@央视新闻  造谣怎么处理",
            "time": "18-5-12 12:22"
        },
        {
            "comment id": 10,
            "parent": -1,
            "children": [],
            "user id": "6445069538",
            "user name": "菜根子乐队",
            "content": "造谣是要负法律责任的",
            "time": "18-5-12 17:03"
        },
        {
            "comment id": 11,
            "parent": -1,
            "children": [],
            "user id": "2183312331",
            "user name": "战神凯哥之神",
            "content": "犯罪情节相对严重点的直接枪毙就得了，现在世界人口那么多，何必还浪费时间精力去关押罪犯的。也别判无期了，枪毙或者直接安乐死就好了。",
            "time": "18-5-12 10:50"
        },
        {
            "comment id": 12,
            "parent": -1,
            "children": [],
            "user id": "6438676943",
            "user name": "知足常乐oyyq",
            "content": "妈的这也是造谣！",
            "time": "18-5-12 00:03"
        },
        {
            "comment id": 13,
            "parent": -1,
            "children": [],
            "user id": "5289796550",
            "user name": "莫欺少年穷055",
            "content": "那个司机不是跳河死了吗？这还能造谣",
            "time": "18-6-6 21:22"
        },
        {
            "comment id": 14,
            "parent": -1,
            "children": [],
            "user id": "5132491857",
            "user name": "AaCcEc",
            "content": "造谣的 人血馒头好吃吗？",
            "time": "18-6-2 12:12"
        },
        {
            "comment id": 15,
            "parent": -1,
            "children": [],
            "user id": "5481283837",
            "user name": "TY若你懂我",
            "content": "直接举报就行了",
            "time": "18-5-16 04:40"
        },
        {
            "comment id": 16,
            "parent": -1,
            "children": [],
            "user id": "6458013136",
            "user name": "陶小陶非主流",
            "content": "赶紧删除吧",
            "time": "18-5-19 22:07"
        },
        {
            "comment id": 17,
            "parent": -1,
            "children": [],
            "user id": "2963567233",
            "user name": "辰辰6不6",
            "content": "已处理了网上还这么多",
            "time": "18-5-19 08:44"
        },
        {
            "comment id": 18,
            "parent": -1,
            "children": [],
            "user id": "6078332438",
            "user name": "爱吃爱笑爱闹爱粘人的胖胖",
            "content": "别造谣",
            "time": "18-5-16 19:04"
        },
        {
            "comment id": 19,
            "parent": -1,
            "children": [],
            "user id": "1259320234",
            "user name": "勇乐花园",
            "content": "不是已经死了吗？",
            "time": "18-5-15 20:59"
        },
        {
            "comment id": 20,
            "parent": -1,
            "children": [],
            "user id": "5679816339",
            "user name": "我希望是一只猫",
            "content": "谁造谣，谁坐牢",
            "time": "18-5-13 08:42"
        },
        {
            "comment id": 21,
            "parent": -1,
            "children": [],
            "user id": "2788445837",
            "user name": "讨厌的花生奶",
            "content": "不要造谣",
            "time": "18-5-12 13:45"
        },
        {
            "comment id": 22,
            "parent": -1,
            "children": [],
            "user id": "1955364574",
            "user name": "Edc_王东瀛",
            "content": "假的",
            "time": "18-5-11 23:16"
        },
        {
            "comment id": 23,
            "parent": -1,
            "children": [],
            "user id": "1952928230",
            "user name": "西子湖畔忘忧子",
            "content": "nmb,大热天的穿羽绒服。造谣，已举报！",
            "time": "18-5-12 16:59"
        },
        {
            "comment id": 24,
            "parent": -1,
            "children": [],
            "user id": "5336057138",
            "user name": "用户5336057138",
            "content": "真是尼玛有毛病",
            "time": "18-5-13 17:14"
        },
        {
            "comment id": 25,
            "parent": -1,
            "children": [],
            "user id": "3891482834",
            "user name": "Hold-on-always",
            "content": "别造谣了赶紧删了吧，追究起来要进局子的",
            "time": "18-5-13 14:50"
        },
        {
            "comment id": 26,
            "parent": -1,
            "children": [],
            "user id": "5541667630",
            "user name": "莱州君诺塑料造粒机械",
            "content": "这是假的视频。罪犯跳河溺亡",
            "time": "18-5-13 06:35"
        }
    ]
}