{
    "source": {
        "content": "空姐遇害的真凶被抓到了！过街老鼠人人喊打  兰特斯洛君子的秒拍视频 ",
        "time": "18-5-11 23:51",
        "user id": "6290514857",
        "tweet id": "GgdbK6kdD",
        "label": 1,
        "theme": null
    },
    "comment": [
        {
            "comment id": 0,
            "parent": -1,
            "children": [
                1
            ],
            "user id": "1757344905",
            "user name": "夏日之水晶",
            "content": "真的假的？",
            "time": "18-5-12 00:11"
        },
        {
            "comment id": 1,
            "parent": 0,
            "children": [],
            "user id": "6290514857",
            "user name": "摄影师thinker",
            "content": "我也是转别人的",
            "time": "18-5-12 07:57"
        },
        {
            "comment id": 2,
            "parent": -1,
            "children": [
                3
            ],
            "user id": "6125793605",
            "user name": "柠檬精啊z",
            "content": "看着不像啊",
            "time": "18-5-12 00:18"
        },
        {
            "comment id": 3,
            "parent": 2,
            "children": [],
            "user id": "6290514857",
            "user name": "摄影师thinker",
            "content": "看几遍？",
            "time": "18-5-12 07:57"
        },
        {
            "comment id": 4,
            "parent": -1,
            "children": [],
            "user id": "1660790940",
            "user name": "Affleckingood",
            "content": "真的假的？",
            "time": "18-5-12 00:03"
        },
        {
            "comment id": 5,
            "parent": -1,
            "children": [],
            "user id": "3151216940",
            "user name": "老子天下第3151216940",
            "content": "真假",
            "time": "18-5-12 00:03"
        }
    ]
}