{
    "source": {
        "content": "据说是川航航班挡风脱落之前画面，刚开始还以为是汽车的~后来一看不对，前面都是云彩……#wecar当讲不当讲# @WeCar视频自媒体联盟  自驾说车的秒拍视频 ",
        "time": "18-5-15 16:44",
        "user id": "6336168095",
        "tweet id": "GgM6E8VWB",
        "label": 1,
        "theme": null
    },
    "comment": [
        {
            "comment id": 0,
            "parent": -1,
            "children": [],
            "user id": "6336168095",
            "user name": "自驾说车",
            "content": "@精分了温爽 @文咖思吧_尹哲 @赵璞  @_李瑋恆 @北京电台DJ爽爽 @北京电台高歌  @大东老公 @蛋朝 @丁涛先森 @弗兰西斯_Blue @浩黑森 @卢立超RS @欧玛omar @战车二代目  @卡斯基汽车  @黄老爷车_ @许群  @二手车知识大讲堂  @GOING@穆杉伯男@新车评网@BoomBoomCar@微博汽车",
            "time": "18-5-15 16:46"
        },
        {
            "comment id": 1,
            "parent": -1,
            "children": [],
            "user id": "5996336633",
            "user name": "为你种下欢乐的种子",
            "content": "举报了不用谢",
            "time": "18-5-15 16:52"
        },
        {
            "comment id": 2,
            "parent": -1,
            "children": [],
            "user id": "5996336633",
            "user name": "为你种下欢乐的种子",
            "content": "@平安北京 @中国互联网举报中心 @12321举报中心 有人造谣哎",
            "time": "18-5-15 16:56"
        },
        {
            "comment id": 3,
            "parent": -1,
            "children": [],
            "user id": "6519077500",
            "user name": "东维运躇",
            "content": "实在是可怕",
            "time": "18-5-16 00:16"
        },
        {
            "comment id": 4,
            "parent": -1,
            "children": [],
            "user id": "6518414695",
            "user name": "乐巧乏",
            "content": "真是好吓人",
            "time": "18-5-16 00:15"
        },
        {
            "comment id": 5,
            "parent": -1,
            "children": [],
            "user id": "6516745728",
            "user name": "蓬寄山牵",
            "content": "都烧起来了",
            "time": "18-5-16 00:11"
        },
        {
            "comment id": 6,
            "parent": -1,
            "children": [],
            "user id": "6519058561",
            "user name": "晋鹏荤",
            "content": "真是好吓人",
            "time": "18-5-16 00:08"
        },
        {
            "comment id": 7,
            "parent": -1,
            "children": [],
            "user id": "6517268308",
            "user name": "丹晴度",
            "content": "都烧起来了",
            "time": "18-5-16 00:07"
        },
        {
            "comment id": 8,
            "parent": -1,
            "children": [],
            "user id": "6518921684",
            "user name": "龚程秋柏蘑",
            "content": "实在是可怕",
            "time": "18-5-16 00:06"
        },
        {
            "comment id": 9,
            "parent": -1,
            "children": [],
            "user id": "6514287457",
            "user name": "孤竹犯",
            "content": "我也是吓到了",
            "time": "18-5-16 00:15"
        },
        {
            "comment id": 10,
            "parent": -1,
            "children": [],
            "user id": "6516113089",
            "user name": "留冬双癣",
            "content": "都烧起来了",
            "time": "18-5-16 00:09"
        },
        {
            "comment id": 11,
            "parent": -1,
            "children": [],
            "user id": "6517394175",
            "user name": "却高旻伶",
            "content": "都烧起来了",
            "time": "18-5-16 00:06"
        }
    ]
}