{
    "source": {
        "content": "女孩玩“空中飞人”坠亡 ，操作员忘了系绳索，以后还敢玩吗？ 怪味淑女的秒拍视频 ",
        "time": "18-6-3 12:44",
        "user id": "5207835629",
        "tweet id": "GjDEKtmFi",
        "label": 1,
        "theme": null
    },
    "comment": [
        {
            "comment id": 0,
            "parent": -1,
            "children": [],
            "user id": "1966577005",
            "user name": "1974lyb",
            "content": "辟谣了，脚下有安全绳",
            "time": "18-6-3 15:22"
        },
        {
            "comment id": 1,
            "parent": -1,
            "children": [],
            "user id": "6116541031",
            "user name": "D丶culvert黄",
            "content": "都眼瞎吗？没看脚中间吗",
            "time": "18-6-5 17:03"
        },
        {
            "comment id": 2,
            "parent": -1,
            "children": [],
            "user id": "3251701347",
            "user name": "dsy638868",
            "content": "瞎说，当事人都辟谣了",
            "time": "18-6-3 19:23"
        },
        {
            "comment id": 3,
            "parent": -1,
            "children": [],
            "user id": "5827589968",
            "user name": "tangjiyang",
            "content": "自己傻就不要出来带着别人一起傻了",
            "time": "18-6-12 17:00"
        },
        {
            "comment id": 4,
            "parent": -1,
            "children": [],
            "user id": "1835659100",
            "user name": "Zh照青鲤",
            "content": "头皮发麻",
            "time": "18-6-3 13:39"
        },
        {
            "comment id": 5,
            "parent": -1,
            "children": [],
            "user id": "6049820832",
            "user name": "老街深巷金毛犬",
            "content": "无知真可怕",
            "time": "18-7-9 22:13"
        },
        {
            "comment id": 6,
            "parent": -1,
            "children": [],
            "user id": "3033894064",
            "user name": "圆圆圆小圆脸-",
            "content": "@杰士派啊哈啊哈",
            "time": "18-6-13 22:18"
        },
        {
            "comment id": 7,
            "parent": -1,
            "children": [],
            "user id": "6458657644",
            "user name": "TAO爱吃桃子嘛",
            "content": "当事人已经辟谣了，麻烦不要再传播了",
            "time": "18-6-13 12:48"
        },
        {
            "comment id": 8,
            "parent": -1,
            "children": [],
            "user id": "1736742173",
            "user name": "遭遇天堂蓝",
            "content": "上次蹦极 检查绳锁的要分两个教练 轮流查 自己再要查一遍 忘记这种事情是不可能的 谣言啊",
            "time": "18-6-13 02:42"
        },
        {
            "comment id": 9,
            "parent": -1,
            "children": [],
            "user id": "3635780050",
            "user name": "杰信双雄",
            "content": "脚上不是有东西吗",
            "time": "18-6-12 11:02"
        },
        {
            "comment id": 10,
            "parent": -1,
            "children": [],
            "user id": "5861168281",
            "user name": "你不会发现我是人机的",
            "content": "瞎说。这么高掉下去怎么可能有声音。",
            "time": "18-6-7 09:18"
        },
        {
            "comment id": 11,
            "parent": -1,
            "children": [],
            "user id": "6006622630",
            "user name": "闲来无事的闲",
            "content": "辟谣了还在发",
            "time": "18-6-3 16:18"
        },
        {
            "comment id": 12,
            "parent": -1,
            "children": [],
            "user id": "5331396539",
            "user name": "·乜圩·",
            "content": "小哥记忆离家出走了，把自己吓蒙了！",
            "time": "18-7-18 08:12"
        },
        {
            "comment id": 13,
            "parent": -1,
            "children": [],
            "user id": "5715073981",
            "user name": "Zmmmmmmnm",
            "content": "@Eil_vina",
            "time": "18-6-7 13:19"
        },
        {
            "comment id": 14,
            "parent": -1,
            "children": [],
            "user id": "3177162932",
            "user name": "XuuuHuiJuA",
            "content": "@奋斗男青年xhc",
            "time": "18-6-5 09:51"
        },
        {
            "comment id": 15,
            "parent": -1,
            "children": [],
            "user id": "5935363938",
            "user name": "不再见也别有留恋",
            "content": "让工作人员赔",
            "time": "18-6-3 14:41"
        },
        {
            "comment id": 16,
            "parent": -1,
            "children": [],
            "user id": "6011613808",
            "user name": "一股大蒜味的精彩",
            "content": "这娱乐场蹦极的头目预计完了，判刑最少死缓，还得赔偿，",
            "time": "18-7-13 20:27"
        }
    ]
}