{
    "source": {
        "content": "#合肥欢乐岛# ",
        "time": "18-5-31 17:52",
        "user id": "2262759352",
        "tweet id": "Gjdo0r2J1",
        "label": 1,
        "theme": null
    },
    "comment": [
        {
            "comment id": 0,
            "parent": -1,
            "children": [],
            "user id": "2262759352",
            "user name": "忙着变可耐",
            "content": "虾仁",
            "time": "18-5-31 17:52"
        },
        {
            "comment id": 1,
            "parent": -1,
            "children": [],
            "user id": "5200897427",
            "user name": "Yuanchang安",
            "content": "不能吧🌚",
            "time": "18-5-31 19:57"
        },
        {
            "comment id": 2,
            "parent": -1,
            "children": [],
            "user id": "5368816301",
            "user name": "Ghost112358",
            "content": "已经辟谣了，绳子绑在脚上啊",
            "time": "18-6-5 00:08"
        },
        {
            "comment id": 3,
            "parent": -1,
            "children": [],
            "user id": "1942882235",
            "user name": "axy668",
            "content": "都已经辟谣了怎么还在瞎传呢",
            "time": "18-6-3 09:29"
        },
        {
            "comment id": 4,
            "parent": -1,
            "children": [],
            "user id": "5823538840",
            "user name": "我kao袁华",
            "content": "然后那个“坠亡”的小姑娘爬起来说，，绳子我系脚上了，想不到吧。",
            "time": "18-6-6 15:35"
        },
        {
            "comment id": 5,
            "parent": -1,
            "children": [],
            "user id": "5539821485",
            "user name": "小舒小杨",
            "content": "没绑绳子",
            "time": "18-6-5 17:43"
        },
        {
            "comment id": 6,
            "parent": -1,
            "children": [],
            "user id": "5376492928",
            "user name": "不知谁在那",
            "content": "……绳子不是绑在脚上吗！！！！！",
            "time": "18-6-4 23:43"
        },
        {
            "comment id": 7,
            "parent": -1,
            "children": [],
            "user id": "2496784532",
            "user name": "坐等能辉55",
            "content": "视频不像是合肥的 合肥没这样的地方",
            "time": "18-6-2 07:04"
        },
        {
            "comment id": 8,
            "parent": -1,
            "children": [],
            "user id": "6081657039",
            "user name": "哈比最可爱了",
            "content": "我的天哪？？",
            "time": "18-6-1 11:25"
        }
    ]
}