{
    "source": {
        "content": "邯郸电视台新闻主播，台上突然心梗，年仅26岁！一点征兆都没有，生命只在一瞬间！\n        所以，不纠缠过去，别奢望未来，活在当下，注意身体健康。祝朋友们注意身体吧。 开明山核桃的秒拍视频 ",
        "time": "18-6-1 22:00",
        "user id": "3848735939",
        "tweet id": "GjordkgVe",
        "label": 1,
        "theme": null
    },
    "comment": [
        {
            "comment id": 0,
            "parent": -1,
            "children": [
                1,
                2
            ],
            "user id": "5620513132",
            "user name": "Mr核桃",
            "content": "年轻也不能这么拼哦。",
            "time": "18-6-3 23:32"
        },
        {
            "comment id": 1,
            "parent": 0,
            "children": [],
            "user id": "3848735939",
            "user name": "开明山核桃",
            "content": "爱自己 首先要爱自己的身体 ！",
            "time": "18-6-3 23:34"
        },
        {
            "comment id": 2,
            "parent": 0,
            "children": [],
            "user id": "5620513132",
            "user name": "Mr核桃",
            "content": "",
            "time": "18-6-3 23:40"
        },
        {
            "comment id": 3,
            "parent": -1,
            "children": [],
            "user id": "5551476731",
            "user name": "快乐的嗜酒少女",
            "content": "请辟谣好吗，这个只是主持人太累晕倒了，怎么无端端说成人家心梗死亡？要播人眼球也不是这样的，随手举报",
            "time": "18-6-3 20:03"
        },
        {
            "comment id": 4,
            "parent": -1,
            "children": [
                5
            ],
            "user id": "5734497845",
            "user name": "互联世界201510",
            "content": "这位主持人后来怎么样，一切还平安吗？🙏🙏🙏",
            "time": "18-6-2 22:56"
        },
        {
            "comment id": 5,
            "parent": 4,
            "children": [],
            "user id": "3227359747",
            "user name": "沉默不语的Baby",
            "content": "晕倒了，还好没事",
            "time": "18-6-4 21:11"
        }
    ]
}