{
    "source": {
        "content": "我是一名滴滴车司机，开黑色高级车，在车座上捡到一张高考准考证，李田所，24岁，考点在下北泽一中，请朋友们转发，让李田所联系这个号码11451419198。一定帮他群发一下，这孩子一家肯定急死了。扩散，扩散，别耽误孩子高考！（朋友转发）投稿：@落雪鸦杀 ",
        "time": "18-6-6 22:42",
        "user id": "6394313890",
        "tweet id": "Gk9R0gPiv",
        "label": 1,
        "theme": null
    },
    "comment": [
        {
            "comment id": 0,
            "parent": -1,
            "children": [],
            "user id": "2588488021",
            "user name": "STEVELI_Lwn",
            "content": "这 孩 子 肯 定 臭 死 了",
            "time": "18-6-6 22:44"
        },
        {
            "comment id": 1,
            "parent": -1,
            "children": [],
            "user id": "5689969616",
            "user name": "纸上的魔法少女",
            "content": "贵圈都特么什么弱智，什么东西能开玩笑什么东西不能开玩笑都弄不清楚。还有笑网警的",
            "time": "18-6-7 18:40"
        },
        {
            "comment id": 2,
            "parent": -1,
            "children": [
                3,
                4
            ],
            "user id": "1111096815",
            "user name": "瞳心糖",
            "content": "真的是什么玩笑能开什么不能开都不知道，这几天这类玩笑可不是随便开的，还有人嘲笑网警，真的以为自己在网上就是开了无敌的 ",
            "time": "18-6-7 19:21"
        },
        {
            "comment id": 3,
            "parent": 2,
            "children": [],
            "user id": "2990594814",
            "user name": "白石修",
            "content": "回复@-_-_human_-_-:人家网警也是本着认真负责，这么说不太合适吧",
            "time": "18-6-8 04:32"
        },
        {
            "comment id": 4,
            "parent": 2,
            "children": [],
            "user id": "1111096815",
            "user name": "瞳心糖",
            "content": "回复@-_-_human_-_-:我当然知道是假的，但是并不是随便拉一个路人都会仔细看完这些信息的好么，只会知道有个人 有个准考证 丢了 这样的信息",
            "time": "18-6-8 00:30"
        },
        {
            "comment id": 5,
            "parent": -1,
            "children": [
                6
            ],
            "user id": "5189184277",
            "user name": "再生系残缺品",
            "content": "网警都被臭味引过来了",
            "time": "18-6-7 15:34"
        },
        {
            "comment id": 6,
            "parent": 5,
            "children": [],
            "user id": "6992864942",
            "user name": "尘埃之灰SAKANA",
            "content": "银警察（有端联想）",
            "time": "19-8-6 01:28"
        },
        {
            "comment id": 7,
            "parent": -1,
            "children": [
                8
            ],
            "user id": "5732830587",
            "user name": "百连不出非洲帝王",
            "content": "帮帮孩子",
            "time": "18-6-7 00:42"
        },
        {
            "comment id": 8,
            "parent": 7,
            "children": [],
            "user id": "6358972585",
            "user name": "宇文倾城relic",
            "content": "帮 帮 孩 子",
            "time": "18-6-7 01:13"
        },
        {
            "comment id": 9,
            "parent": -1,
            "children": [],
            "user id": "2691133707",
            "user name": "是敲敲呀",
            "content": "就不要装高考生了吧都24岁的人了",
            "time": "18-6-7 19:50"
        },
        {
            "comment id": 10,
            "parent": -1,
            "children": [],
            "user id": "5887261964",
            "user name": "伏笔殿下",
            "content": "网警也不是主动上钩啊 是有人举报（迫真）",
            "time": "18-6-8 00:35"
        },
        {
            "comment id": 11,
            "parent": -1,
            "children": [],
            "user id": "1881967061",
            "user name": "彼时雾霭朦胧",
            "content": "总有脑残以为自己很幽默",
            "time": "18-6-7 22:48"
        },
        {
            "comment id": 12,
            "parent": -1,
            "children": [],
            "user id": "6018387635",
            "user name": "kujo美铃",
            "content": "您好，他是银警，您发布的信息为谣言。为避免不实信息的扩散，建议您将该账户自行删除。警方提示：根据《计算机信息网络国际联网安全保护管理办法》，利用互联网制作、复制、传播不实信息等扰乱社会秩序的，都属于违法行为。",
            "time": "18-6-7 19:08"
        },
        {
            "comment id": 13,
            "parent": -1,
            "children": [
                15,
                16
            ],
            "user id": "2552185591",
            "user name": "第六駆逐隊電",
            "content": "@青葉級重巡洋艦青葉  哈哈哈哈",
            "time": "18-6-7 18:35"
        },
        {
            "comment id": 14,
            "parent": 15,
            "children": [],
            "user id": "6521596705",
            "user name": "青葉型重巡洋艦青葉",
            "content": "回复@第六駆逐隊電:哈哈哈哈",
            "time": "18-6-7 18:38"
        },
        {
            "comment id": 15,
            "parent": 13,
            "children": [
                14
            ],
            "user id": "2552185591",
            "user name": "第六駆逐隊電",
            "content": "回复@青葉級重巡洋艦青葉:这孩子臭死了",
            "time": "18-6-7 18:38"
        },
        {
            "comment id": 16,
            "parent": 13,
            "children": [],
            "user id": "6521596705",
            "user name": "青葉型重巡洋艦青葉",
            "content": "哈哈哈哈不實消息笑死了",
            "time": "18-6-7 18:37"
        },
        {
            "comment id": 17,
            "parent": -1,
            "children": [],
            "user id": "1975342942",
            "user name": "白露型六番艦五月雨",
            "content": "玩过了，这种重要的时候就不要开这种玩笑了，没什么人会觉得幽默好玩的",
            "time": "18-6-8 09:08"
        },
        {
            "comment id": 18,
            "parent": -1,
            "children": [],
            "user id": "6304118154",
            "user name": "Sinob_",
            "content": "乱玩梗的bot是人间之屑",
            "time": "18-6-8 11:50"
        },
        {
            "comment id": 19,
            "parent": -1,
            "children": [],
            "user id": "3311117581",
            "user name": "琥珀与忘却的旅人",
            "content": "数学是114，模考是514，最近五三什么的有在做，最喜欢一对一类型的",
            "time": "18-6-7 21:46"
        },
        {
            "comment id": 20,
            "parent": -1,
            "children": [],
            "user id": "5514345055",
            "user name": "lxl亮lxl",
            "content": "李田所是韩国人",
            "time": "18-6-7 08:42"
        },
        {
            "comment id": 21,
            "parent": -1,
            "children": [],
            "user id": "5338147136",
            "user name": "DEEMoDIV",
            "content": "总有脑残小鬼自以为幽默，其实不知道在嗨些什么",
            "time": "18-6-8 01:05"
        },
        {
            "comment id": 22,
            "parent": -1,
            "children": [],
            "user id": "2101711971",
            "user name": "教皇厅侍从骑士小贺",
            "content": "哈哈哈哈哈警察都出现了",
            "time": "18-6-7 15:50"
        },
        {
            "comment id": 23,
            "parent": -1,
            "children": [],
            "user id": "5639572679",
            "user name": "咸鱼鱼lueluelue",
            "content": "所以你们觉得看出是假的就可以随意玩梗骂网警？不管真假的，你们有种继续皮，看看会不会被关照就是了，这是法律法规问题，弱智们。",
            "time": "18-6-8 00:45"
        },
        {
            "comment id": 24,
            "parent": -1,
            "children": [],
            "user id": "3555327740",
            "user name": "Code_404_Account_cancelled",
            "content": "扬州网警 V ：请立即删除！",
            "time": "18-6-9 02:39"
        },
        {
            "comment id": 25,
            "parent": -1,
            "children": [],
            "user id": "2140838092",
            "user name": "女武神符华",
            "content": "你♂要♂被♂出♂道♂力♂♂♂♂",
            "time": "18-6-8 00:01"
        },
        {
            "comment id": 26,
            "parent": -1,
            "children": [],
            "user id": "6459159118",
            "user name": "天才铁驭库柏",
            "content": "迫真帮助",
            "time": "18-6-7 10:10"
        },
        {
            "comment id": 27,
            "parent": -1,
            "children": [],
            "user id": "5474630853",
            "user name": "click或ph",
            "content": "搞个大新闻那就有意思了",
            "time": "18-6-7 21:05"
        },
        {
            "comment id": 28,
            "parent": -1,
            "children": [],
            "user id": "6513162165",
            "user name": "eya01rider",
            "content": "不实消息草",
            "time": "19-9-30 00:19"
        },
        {
            "comment id": 29,
            "parent": -1,
            "children": [],
            "user id": "2635579294",
            "user name": "Q桑从不正经",
            "content": "@殇斛熵",
            "time": "18-6-8 00:03"
        },
        {
            "comment id": 30,
            "parent": -1,
            "children": [],
            "user id": "5163827567",
            "user name": "牛油加麻加辣",
            "content": "@朱韬睿__ @朱韬睿__ @ServantOfSaber",
            "time": "18-6-7 23:22"
        },
        {
            "comment id": 31,
            "parent": -1,
            "children": [],
            "user id": "5249474052",
            "user name": "封司北",
            "content": "@并不励志的一刀君W",
            "time": "18-6-7 20:45"
        },
        {
            "comment id": 32,
            "parent": -1,
            "children": [],
            "user id": "2179186290",
            "user name": "AmeKrokodil",
            "content": "有趣吗",
            "time": "18-6-7 19:53"
        },
        {
            "comment id": 33,
            "parent": -1,
            "children": [],
            "user id": "5538067457",
            "user name": "疯狂膜法师",
            "content": "ddsq",
            "time": "18-6-9 22:30"
        },
        {
            "comment id": 34,
            "parent": -1,
            "children": [],
            "user id": "2480169405",
            "user name": "无罪之岛",
            "content": "圈地自萌无所谓，发在公共平台。。。。。",
            "time": "18-6-7 23:22"
        },
        {
            "comment id": 35,
            "parent": -1,
            "children": [],
            "user id": "5671558454",
            "user name": "世界的垃圾",
            "content": "傻屌",
            "time": "18-6-7 19:23"
        },
        {
            "comment id": 36,
            "parent": -1,
            "children": [],
            "user id": "3555327740",
            "user name": "Code_404_Account_cancelled",
            "content": "救救孩子",
            "time": "18-6-9 02:41"
        },
        {
            "comment id": 37,
            "parent": -1,
            "children": [],
            "user id": "1589159444",
            "user name": "坂道面包条_RT",
            "content": "草生，转念想又好像玩大了www",
            "time": "18-6-8 20:36"
        },
        {
            "comment id": 38,
            "parent": -1,
            "children": [],
            "user id": "5308751839",
            "user name": "3天摸鱼两天上网",
            "content": "13位的手机号吗",
            "time": "18-6-8 09:47"
        },
        {
            "comment id": 39,
            "parent": -1,
            "children": [],
            "user id": "2303062652",
            "user name": "DoobieWah",
            "content": "你圈可谓是睿智",
            "time": "18-6-8 09:44"
        },
        {
            "comment id": 40,
            "parent": -1,
            "children": [],
            "user id": "2801871830",
            "user name": "干洗机满血复活",
            "content": "我没懂这个梗，有没有好心人给我科普一下，谢谢了",
            "time": "18-6-8 00:18"
        },
        {
            "comment id": 41,
            "parent": -1,
            "children": [],
            "user id": "2634331267",
            "user name": "陈三喵",
            "content": "好臭的味道",
            "time": "18-6-7 23:19"
        },
        {
            "comment id": 42,
            "parent": -1,
            "children": [],
            "user id": "3991117567",
            "user name": "红黑色的林登万",
            "content": "淫警察出动",
            "time": "18-6-7 22:27"
        },
        {
            "comment id": 43,
            "parent": -1,
            "children": [],
            "user id": "3267152494",
            "user name": "正七价的氟离子",
            "content": "XSWL！！！",
            "time": "18-6-7 19:19"
        },
        {
            "comment id": 44,
            "parent": -1,
            "children": [],
            "user id": "1651162510",
            "user name": "奥德赛bingdi",
            "content": "请立刻删除",
            "time": "18-6-7 23:19"
        },
        {
            "comment id": 45,
            "parent": -1,
            "children": [],
            "user id": "6406717323",
            "user name": "Madagascans",
            "content": "inm营业即停",
            "time": "18-6-9 03:01"
        }
    ]
}