{
    "source": {
        "content": "这是河北邯郸电视台新闻主播，台上突然心梗，年仅26岁！一点征兆都没有，生命只在一瞬间！所以，不纠缠过去，别奢望未来，活在当下！ 风轻云淡y123的秒拍视频 ",
        "time": "18-6-19 12:36",
        "user id": "6291135441",
        "tweet id": "Gm4rfCbsM",
        "label": 1,
        "theme": null
    },
    "comment": [
        {
            "comment id": 0,
            "parent": -1,
            "children": [
                1,
                2,
                3
            ],
            "user id": "5532380053",
            "user name": "昵家",
            "content": "都说是谣言，主持人没事，只是低血糖 过度工作晕倒而已",
            "time": "18-6-20 00:31"
        },
        {
            "comment id": 1,
            "parent": 0,
            "children": [],
            "user id": "5532380053",
            "user name": "昵家",
            "content": "回复@雷雷啥时成6512239498:不客气，应该的",
            "time": "18-6-28 15:07"
        },
        {
            "comment id": 2,
            "parent": 0,
            "children": [],
            "user id": "6512239498",
            "user name": "雷雷一定梦想成真",
            "content": "谢谢辟谣，还是很担心她的",
            "time": "18-6-27 23:34"
        },
        {
            "comment id": 3,
            "parent": 0,
            "children": [],
            "user id": "1135444882",
            "user name": "zhtliuhao2007",
            "content": "摔的可够结实的。",
            "time": "18-6-25 19:43"
        },
        {
            "comment id": 4,
            "parent": -1,
            "children": [],
            "user id": "6003329770",
            "user name": "黄三岁yu",
            "content": "看到红色内内了",
            "time": "18-6-25 19:57"
        },
        {
            "comment id": 5,
            "parent": -1,
            "children": [],
            "user id": "3317604314",
            "user name": "师父不要我",
            "content": "怎会这么倒下，好像僵尸似的，腿那么小、应该本身身体有问题",
            "time": "18-6-26 07:58"
        }
    ]
}