{
    "source": {
        "content": "江西省今年高考700分以上157个，连加分共168个，600分以上竟然有两万四千人，700分都上不了北大清华，太牛了，真正的教育大省！ 山西状元在江西排269名，广东状元在江西168名，福建状元在江西153名，安徽状元在江西117名，湖北状元在江西69名，我只想知道我女朋友考的怎样？ ",
        "time": "18-6-23 12:47",
        "user id": "2489068317",
        "tweet id": "GmGdJ3ncJ",
        "label": 1,
        "theme": null
    },
    "comment": [
        {
            "comment id": 0,
            "parent": -1,
            "children": [
                1
            ],
            "user id": "5141918799",
            "user name": "元宝兮兮1122",
            "content": "这是段子啊，兄弟，他妈的全国各个省都是这个成绩",
            "time": "18-6-23 14:58"
        },
        {
            "comment id": 1,
            "parent": 0,
            "children": [],
            "user id": "2489068317",
            "user name": "低吸龙王",
            "content": "我信以为真了，你女朋友考的怎样",
            "time": "18-6-23 15:46"
        },
        {
            "comment id": 2,
            "parent": -1,
            "children": [
                3
            ],
            "user id": "5320024793",
            "user name": "再来五碗螺蛳粉_",
            "content": "身为江西学子表示压力真的大",
            "time": "18-6-23 12:49"
        },
        {
            "comment id": 3,
            "parent": 2,
            "children": [
                4
            ],
            "user id": "2489068317",
            "user name": "低吸龙王",
            "content": "加油",
            "time": "18-6-23 15:45"
        },
        {
            "comment id": 4,
            "parent": 3,
            "children": [],
            "user id": "5320024793",
            "user name": "再来五碗螺蛳粉_",
            "content": "回复@小刘是个好阿戏:哈哈11年考的早就毕业了",
            "time": "18-6-23 16:57"
        },
        {
            "comment id": 5,
            "parent": -1,
            "children": [
                6
            ],
            "user id": "2871745823",
            "user name": "-少年-你已不再年少_",
            "content": "图片评论 ",
            "time": "18-6-23 14:26"
        },
        {
            "comment id": 6,
            "parent": 5,
            "children": [],
            "user id": "2489068317",
            "user name": "低吸龙王",
            "content": "不要跟我表白，没有七百分",
            "time": "18-6-23 15:47"
        },
        {
            "comment id": 7,
            "parent": -1,
            "children": [
                8
            ],
            "user id": "3226448875",
            "user name": "symbol想回家",
            "content": "随便把江西改成别的省就ok",
            "time": "18-6-23 12:56"
        },
        {
            "comment id": 8,
            "parent": 7,
            "children": [],
            "user id": "2489068317",
            "user name": "低吸龙王",
            "content": "",
            "time": "18-6-23 15:45"
        },
        {
            "comment id": 9,
            "parent": -1,
            "children": [
                10,
                11
            ],
            "user id": "2204116410",
            "user name": "鼎盛风清",
            "content": "这个段子是谣言，江西理科600分以上8000多人",
            "time": "18-6-23 12:53"
        },
        {
            "comment id": 10,
            "parent": 9,
            "children": [],
            "user id": "2489068317",
            "user name": "低吸龙王",
            "content": "",
            "time": "18-6-23 15:45"
        },
        {
            "comment id": 11,
            "parent": 9,
            "children": [],
            "user id": "1856935442",
            "user name": "明日之晨y",
            "content": "山东确实2万多个600的",
            "time": "18-6-24 16:58"
        },
        {
            "comment id": 12,
            "parent": -1,
            "children": [
                13
            ],
            "user id": "1973893403",
            "user name": "Queen_欢",
            "content": "考的不行，准备炒股认识你",
            "time": "18-6-24 17:41"
        },
        {
            "comment id": 13,
            "parent": 12,
            "children": [],
            "user id": "2489068317",
            "user name": "低吸龙王",
            "content": "",
            "time": "18-6-24 17:45"
        },
        {
            "comment id": 14,
            "parent": -1,
            "children": [
                15
            ],
            "user id": "6350106735",
            "user name": "糖姗姗2012",
            "content": "河北700分以上的168人",
            "time": "18-6-23 15:36"
        },
        {
            "comment id": 15,
            "parent": 14,
            "children": [],
            "user id": "2489068317",
            "user name": "低吸龙王",
            "content": "",
            "time": "18-6-23 15:46"
        },
        {
            "comment id": 16,
            "parent": -1,
            "children": [
                17
            ],
            "user id": "3286002684",
            "user name": "妙手76",
            "content": "你们要是考过我大江苏的卷子就知道高考什么滋味了",
            "time": "18-6-23 14:27"
        },
        {
            "comment id": 17,
            "parent": 16,
            "children": [],
            "user id": "2489068317",
            "user name": "低吸龙王",
            "content": "abc分我之前知道",
            "time": "18-6-23 15:46"
        },
        {
            "comment id": 18,
            "parent": -1,
            "children": [],
            "user id": "3984998938",
            "user name": "吸烟喝酒",
            "content": "没脑子，举报一波",
            "time": "18-6-23 12:56"
        }
    ]
}