{
    "source": {
        "content": "“14岁男孩捅死第一名：对不起，我成不了‘别人家’的孩子。” ",
        "time": "18-6-23 14:18",
        "user id": "2182038504",
        "tweet id": "GmGOID6lF",
        "label": 1,
        "theme": null
    },
    "comment": [
        {
            "comment id": 0,
            "parent": -1,
            "children": [],
            "user id": "5099067631",
            "user name": "不要搞鬼w",
            "content": "人渣就是人渣别怨中国教育。那么多人都好好的就他变态",
            "time": "18-6-23 14:20"
        },
        {
            "comment id": 1,
            "parent": -1,
            "children": [
                2,
                3,
                4,
                14,
                15,
                16,
                17,
                18,
                22
            ],
            "user id": "2676388230",
            "user name": "大内蜜饯",
            "content": "第三名诡异的笑了",
            "time": "18-6-23 14:21"
        },
        {
            "comment id": 2,
            "parent": 1,
            "children": [],
            "user id": "6571992097",
            "user name": "用户6571992097",
            "content": "然后就被第四名捅死了",
            "time": "18-6-25 13:34"
        },
        {
            "comment id": 3,
            "parent": 1,
            "children": [],
            "user id": "5772954217",
            "user name": "温和不开水",
            "content": "你错了，第三名望着第四名，然后第四名看着第五名，最后班里齐刷刷的看着最后一名，，，，",
            "time": "18-6-25 11:05"
        },
        {
            "comment id": 4,
            "parent": 1,
            "children": [],
            "user id": "2676388230",
            "user name": "大内蜜饯",
            "content": "回复@---Mimmy---:说话真没力度，多上点学",
            "time": "18-6-24 15:44"
        },
        {
            "comment id": 5,
            "parent": 11,
            "children": [],
            "user id": "5152327148",
            "user name": "-阿米呀",
            "content": "回复@战略忽悠局台湾分局:这他妈就是个脑残",
            "time": "18-6-24 11:49"
        },
        {
            "comment id": 6,
            "parent": 22,
            "children": [],
            "user id": "5891136422",
            "user name": "今天不想笑u",
            "content": "回复@你看我可爱不qwq:你退学吧",
            "time": "18-6-23 23:48"
        },
        {
            "comment id": 7,
            "parent": 8,
            "children": [],
            "user id": "2676388230",
            "user name": "大内蜜饯",
            "content": "回复@联合光电00:哪个评论没人骂啊，看看多少赞吧，赶紧回吧，你妈正在收到凌辱",
            "time": "18-6-23 23:14"
        },
        {
            "comment id": 8,
            "parent": 10,
            "children": [
                7
            ],
            "user id": "6333460859",
            "user name": "联合光电00",
            "content": "回复@大内蜜饯:看到有人在骂你，我就心安了呢",
            "time": "18-6-23 22:55"
        },
        {
            "comment id": 9,
            "parent": 10,
            "children": [],
            "user id": "2199071124",
            "user name": "撸串子喝啤酒",
            "content": "回复@大内蜜饯:厉害了",
            "time": "18-6-23 17:22"
        },
        {
            "comment id": 10,
            "parent": 11,
            "children": [
                8,
                9
            ],
            "user id": "2676388230",
            "user name": "大内蜜饯",
            "content": "回复@战略忽悠局台湾分局:你居然在这种帖子下面皮，太没有良知了",
            "time": "18-6-23 16:23"
        },
        {
            "comment id": 11,
            "parent": 12,
            "children": [
                5,
                10
            ],
            "user id": "3699647207",
            "user name": "战略忽悠局台湾分局",
            "content": "回复@大内蜜饯:对啊，我的儿就是你啊",
            "time": "18-6-23 16:18"
        },
        {
            "comment id": 12,
            "parent": 16,
            "children": [
                11
            ],
            "user id": "2676388230",
            "user name": "大内蜜饯",
            "content": "回复@战略忽悠局台湾分局:当然不是了，是你们家的",
            "time": "18-6-23 15:32"
        },
        {
            "comment id": 13,
            "parent": 15,
            "children": [],
            "user id": "2676388230",
            "user name": "大内蜜饯",
            "content": "回复@联合光电00:圣母显灵了，那就不应该发出来，默哀就行了，你快回去吧，天快亮了",
            "time": "18-6-23 15:32"
        },
        {
            "comment id": 14,
            "parent": 1,
            "children": [],
            "user id": "1787104227",
            "user name": "鲤鱼鱼啊鲤鲤鱼",
            "content": "惊了 你是小说家吧！",
            "time": "18-6-23 15:19"
        },
        {
            "comment id": 15,
            "parent": 1,
            "children": [
                13
            ],
            "user id": "6333460859",
            "user name": "联合光电00",
            "content": "抖特🐴什么机灵？很有意思吗？",
            "time": "18-6-23 14:33"
        },
        {
            "comment id": 16,
            "parent": 1,
            "children": [
                12
            ],
            "user id": "3699647207",
            "user name": "战略忽悠局台湾分局",
            "content": "你们几个怎么这么贱啊，死的不是你们家孩子吗",
            "time": "18-6-23 14:27"
        },
        {
            "comment id": 17,
            "parent": 1,
            "children": [],
            "user id": "1680274594",
            "user name": "陳喬克_",
            "content": "感觉剧情复杂了起来……",
            "time": "18-6-23 14:27"
        },
        {
            "comment id": 18,
            "parent": 1,
            "children": [],
            "user id": "5526324522",
            "user name": "死亡骑士不是死掉的骑士",
            "content": "1000米赛跑，你超过了第三名，现在你是第几名？",
            "time": "18-6-23 14:27"
        },
        {
            "comment id": 19,
            "parent": 22,
            "children": [],
            "user id": "2682101290",
            "user name": "超儿要瘦到90斤",
            "content": "回复@你看我可爱不qwq:不不不，是直接成了第一名",
            "time": "18-6-23 14:23"
        },
        {
            "comment id": 20,
            "parent": 22,
            "children": [],
            "user id": "5448329130",
            "user name": "心悦君兮moon",
            "content": "回复@你看我可爱不qwq:不是 第三名就是第一名了 因为那个人肯定得被抓起来啊",
            "time": "18-6-23 14:23"
        },
        {
            "comment id": 21,
            "parent": 22,
            "children": [],
            "user id": "2165983703",
            "user name": "高陆麓",
            "content": "回复@你看我可爱不qwq:是第一",
            "time": "18-6-23 14:23"
        },
        {
            "comment id": 22,
            "parent": 1,
            "children": [
                6,
                19,
                20,
                21
            ],
            "user id": "5783395951",
            "user name": "你看我可爱不qwq",
            "content": "哎呀莫名成了第二好开森",
            "time": "18-6-23 14:22"
        },
        {
            "comment id": 23,
            "parent": -1,
            "children": [
                24,
                25
            ],
            "user id": "3206237582",
            "user name": "初中语文教师亓俊然",
            "content": "据临淄发布的通报来看，第二名杀死第一名这个也是谣言，详情请@临淄发布 ",
            "time": "18-6-23 14:30"
        },
        {
            "comment id": 24,
            "parent": 23,
            "children": [],
            "user id": "6047405254",
            "user name": "别扶我让我再躺会",
            "content": "回复@马叔叔susu:站那么高小心摔倒噢",
            "time": "18-6-24 14:49"
        },
        {
            "comment id": 25,
            "parent": 23,
            "children": [],
            "user id": "5676276405",
            "user name": "单纯的马叔叔",
            "content": "现在的媒体啊，拿着来路不明的截图，编一篇文章，就能调动无知网友的情绪。",
            "time": "18-6-24 10:41"
        },
        {
            "comment id": 26,
            "parent": -1,
            "children": [
                29,
                32,
                34,
                35,
                36,
                38,
                40,
                44,
                45,
                48,
                50,
                52,
                54
            ],
            "user id": "5605045248",
            "user name": "不含酒精的黑麦",
            "content": "遇到这种事，很多人下意识先怪父母，没有父母怪学校，没有学校怪社会，他们都忽略了一点，人渣天生就是人渣，送到孔子身边也就是个识字的恶棍罢了！！",
            "time": "18-6-23 14:24"
        },
        {
            "comment id": 27,
            "parent": 29,
            "children": [],
            "user id": "5605045248",
            "user name": "不含酒精的黑麦",
            "content": "回复@VGS_31:你觉得有什么好讨论的？你承认他是人渣，咱俩看法一致，用讨论么？你不同意，抱歉，这么小的一个孩子就敢因为他跟他父母之间的冲突关系去肆意剥夺别的无辜的孩子的生命，你就是说破大天去我也就认为他是个人渣，所以，你说的这些完全没有意义，你去找一个愿意跟你从他不是人渣这个出发点讨论的人，谢谢",
            "time": "18-6-24 17:52"
        },
        {
            "comment id": 28,
            "parent": 29,
            "children": [],
            "user id": "5605045248",
            "user name": "不含酒精的黑麦",
            "content": "回复@VGS_31:我谢谢你啊。你赶紧走吧，无缘无故给人扣帽子编想法，在这胡搅蛮缠，我还得跟你心平气和的说话？不好意思我不是你那种圣人，我所有的话都是在讨论这个人渣的人性，你一直在说这这那那的外界因素。",
            "time": "18-6-24 17:49"
        },
        {
            "comment id": 29,
            "parent": 26,
            "children": [
                27,
                28
            ],
            "user id": "5632206355",
            "user name": "VGS_31",
            "content": "回复@醋栗与酒丶:我并不想说服你，因为我知道对你这种人别人的话根本没用，但我要你明白我的话，你并没有站在道德制高点，你我理论本质相同，逻辑不同，还有我要提醒你一句，你已经在辩论中附加情绪了，所以以后我不会再回复你。",
            "time": "18-6-24 17:45"
        },
        {
            "comment id": 30,
            "parent": 32,
            "children": [],
            "user id": "5605045248",
            "user name": "不含酒精的黑麦",
            "content": "回复@VGS_31:别强行给别人加话，给自己加戏，那只会让你显得可笑罢了，你不是愿意抱着你的人之初，性本善活着么，您去吧，谁拦着你了，但是请你不要在这试图说服我了，谢谢，相比你的嘴，我更相信我得眼睛，我亲眼看到的东西，你承不承认，他都发生了。。。",
            "time": "18-6-24 17:40"
        },
        {
            "comment id": 31,
            "parent": 32,
            "children": [],
            "user id": "5605045248",
            "user name": "不含酒精的黑麦",
            "content": "回复@VGS_31:我有说过外界没责任？你怕不是瞎了还是自己编出来脑补出来的话？我的意思是他自身本身就是个恶棍，我不否认外界因素有一定的责任，但是就算没有这个所谓的外界因素，他该是什么东西依然是什么东西，他今天不为了这事杀人，你就敢保证他以后不为了别的事情杀人了？",
            "time": "18-6-24 17:37"
        },
        {
            "comment id": 32,
            "parent": 26,
            "children": [
                30,
                31
            ],
            "user id": "5632206355",
            "user name": "VGS_31",
            "content": "回复@醋栗与酒丶:呵呵呵呵呵呵呵，看来我和你无法对话了，你是从哪里搞来的神奇思想?我究竟哪句话为施暴者脱罪了，你明白“因素”“责任”'这两个词的意思吗?你认为责任全在施暴者，我认为外界影响也有责任，但主要责任是施暴者本身，我说清楚了吗?",
            "time": "18-6-24 17:33"
        },
        {
            "comment id": 33,
            "parent": 34,
            "children": [],
            "user id": "5605045248",
            "user name": "不含酒精的黑麦",
            "content": "回复@VGS_31:呵呵，好一句外界压迫，多么堂而皇之的理由，是啊，是因为他父母的压迫，殊不知这社会有多少孩子都在受着这种压迫甚至更厉害的压迫，现在你一句话把责任全推到父母身上了，呵呵呵呵呵呵呵，一个泯灭人性的畜生就这么让你把责任脱的干干净净，厉害了",
            "time": "18-6-24 17:28"
        },
        {
            "comment id": 34,
            "parent": 26,
            "children": [
                33
            ],
            "user id": "5632206355",
            "user name": "VGS_31",
            "content": "回复@岚北丶:不好意思看错了，如果你说的是神经疾病，似乎对这种事件和我的话都没有丝毫关系。。",
            "time": "18-6-24 17:19"
        },
        {
            "comment id": 35,
            "parent": 26,
            "children": [],
            "user id": "5632206355",
            "user name": "VGS_31",
            "content": "回复@岚北丶:有人天生冷漠，无法共情或有反社会情绪，但这只能算是构成精神疾病的一种的因素，所以，我可以明确的说，没有人出生就患有精神疾病。",
            "time": "18-6-24 17:18"
        },
        {
            "comment id": 36,
            "parent": 26,
            "children": [],
            "user id": "5632206355",
            "user name": "VGS_31",
            "content": "回复@醋栗与酒丶:我说既然受害者没有伤害施害者，而施害者却是有目的性的施暴，那就只有一种原因：外界压迫，我希望你可以动动你的小脑瓜思考我的话谢谢，简直汗颜",
            "time": "18-6-24 17:16"
        },
        {
            "comment id": 37,
            "parent": 38,
            "children": [],
            "user id": "5605045248",
            "user name": "不含酒精的黑麦",
            "content": "回复@别扶我让我再躺会:呵，你抱着你的人之初，性本善开心的活着吧，比起孔子，我更相信科学和自己的眼睛。。。。",
            "time": "18-6-24 15:37"
        },
        {
            "comment id": 38,
            "parent": 26,
            "children": [
                37
            ],
            "user id": "6047405254",
            "user name": "别扶我让我再躺会",
            "content": "有句话叫人之初性本善不知道你听过没，别把你自己绑的太紧了",
            "time": "18-6-24 14:54"
        },
        {
            "comment id": 39,
            "parent": 40,
            "children": [],
            "user id": "5605045248",
            "user name": "不含酒精的黑麦",
            "content": "回复@VGS_31:来，麻烦你解释一下这句话：就如同你所说的，受害者没对施害者做出伤害，那么施害者为什么要伤害受害者?它不是个精神病见人就砍吧，来，告诉我，受害者对施害者做出什么伤害了，来，说说。。。",
            "time": "18-6-24 10:56"
        },
        {
            "comment id": 40,
            "parent": 26,
            "children": [
                39
            ],
            "user id": "5632206355",
            "user name": "VGS_31",
            "content": "回复@醋栗与酒丶:就如同你所说的，受害者没对施害者做出伤害，那么施害者为什么要伤害受害者?它不是个精神病见人就砍吧，并且你不用重复杀人犯有罪，我没有为他们脱罪，只能说施害者也许天生冷漠，但家庭原因还是占比的，我再清楚的表达一次：外界环境存在责任。",
            "time": "18-6-24 10:46"
        },
        {
            "comment id": 41,
            "parent": 44,
            "children": [],
            "user id": "5605045248",
            "user name": "不含酒精的黑麦",
            "content": "回复@VGS_31:每个人的选择都出自自己的内心，对无辜者出手的人就是人渣，畜生，没得洗。。。",
            "time": "18-6-24 10:42"
        },
        {
            "comment id": 42,
            "parent": 44,
            "children": [],
            "user id": "5605045248",
            "user name": "不含酒精的黑麦",
            "content": "回复@VGS_31:而且，那个男孩做出的是反抗，是先有人伤害到了他，你觉得报道里死亡的这个人对杀人者有一点伤害么？要举例子麻烦举个恰当点的，这种强行类比毫无意义。。。",
            "time": "18-6-24 10:41"
        },
        {
            "comment id": 43,
            "parent": 44,
            "children": [],
            "user id": "5605045248",
            "user name": "不含酒精的黑麦",
            "content": "回复@VGS_31:你说的那位不是无赖的母亲是一个非法集资数额巨大的老赖，被她骗得家破人亡的有十几个家庭，所以她算是自作自受，他儿子是被那个当妈的坑了。。",
            "time": "18-6-24 10:39"
        },
        {
            "comment id": 44,
            "parent": 26,
            "children": [
                41,
                42,
                43
            ],
            "user id": "5632206355",
            "user name": "VGS_31",
            "content": "回复@醋栗与酒丶:你的话在一定程度上没错，但我从另一个角度看待，在怎么讨论事实也是如此，社会压迫不会消失，我也不会再继续表达了。",
            "time": "18-6-24 10:24"
        },
        {
            "comment id": 45,
            "parent": 26,
            "children": [],
            "user id": "5632206355",
            "user name": "VGS_31",
            "content": "回复@醋栗与酒丶:你的话让我想到了一个案件，一名高中生的企业家母亲因外债被讨债人欺压侮辱，但这位母亲并不是无赖，母子被逼到绝境，高中生举刀杀死了一名讨债人，高中生是犯罪要接受法律惩罚，但我不认为他是天生道德败坏不尊重生命，很多事不是非黑即白，我没有为它们脱罪，只是他们原本不是这样的。",
            "time": "18-6-24 10:21"
        },
        {
            "comment id": 46,
            "parent": 48,
            "children": [],
            "user id": "5605045248",
            "user name": "不含酒精的黑麦",
            "content": "回复@VGS_31:不管你受到了什么样的待遇，都不能成为你伤害无辜者的理由，唯一的理由就是他是个不尊重生命的人渣罢了。。。",
            "time": "18-6-24 10:15"
        },
        {
            "comment id": 47,
            "parent": 48,
            "children": [],
            "user id": "5605045248",
            "user name": "不含酒精的黑麦",
            "content": "回复@VGS_31:就算你没被比过你总知道这是个现象吧，那个年代全中国大多数家长都会这么教育孩子，又有几人因此杀人？不好的环境可以改变他人这是肯定的，所以为此改变生活方式堕落也是值得同情的，但是前提是不伤害他人，出去作奸犯科，甚至践踏，剥夺他人生命这种明显的人品问题就不要拿别的事情来找借口了。。",
            "time": "18-6-24 10:14"
        },
        {
            "comment id": 48,
            "parent": 26,
            "children": [
                46,
                47
            ],
            "user id": "5632206355",
            "user name": "VGS_31",
            "content": "回复@醋栗与酒丶:我从来没被父母拿别人家的孩子比较过，在他们的眼里我永远是最好的（题外话），我举个例子，我邻居的孩子，我们从小玩到大，她很善良喜欢小动物，但自从她父母离异母亲出走，她父亲对她动辄打骂后，她开始不学无术满口脏话谈恋爱喝酒泡吧，虽然没有偏激到杀人，但确确实实是变“恶”了。",
            "time": "18-6-24 10:03"
        },
        {
            "comment id": 49,
            "parent": 50,
            "children": [],
            "user id": "5605045248",
            "user name": "不含酒精的黑麦",
            "content": "回复@VGS_31:所以，那么你说清楚问题的关键了么？他们犯罪，到底是谁的责任？家庭？学校？社会？就拿帖子里这个畜生来说，大家都被用别人家的孩子教育过，包括你我，您为什么没去杀人？这种随意践踏别人生命的畜生还要为他扯一块家庭教育的遮羞布，他今天敢为了这件事杀人，明天不会为了别的事杀人么？",
            "time": "18-6-24 09:59"
        },
        {
            "comment id": 50,
            "parent": 26,
            "children": [
                49
            ],
            "user id": "5632206355",
            "user name": "VGS_31",
            "content": "回复@醋栗与酒丶:你这理解能力，我想表达的是反对你的天生人渣论，天生人渣确实是极少部分，我认为对那一部分因为学校社会家庭原因毁了一生的孩子不公，我没说他们生来善良，但我相信它们也不全是生来人渣，这未成年无罪的大帽子给我扣的",
            "time": "18-6-24 09:55"
        },
        {
            "comment id": 51,
            "parent": 52,
            "children": [],
            "user id": "5605045248",
            "user name": "不含酒精的黑麦",
            "content": "回复@VGS_31:呵呵，我以偏概全？OK，你就接着帮那些少年犯洗，自己犯了罪就怪父母，怪学校，怪社会，就是不怪他们自己，就因为他们是未成年，呵呵呵呵呵呵呵呵呵",
            "time": "18-6-24 09:50"
        },
        {
            "comment id": 52,
            "parent": 26,
            "children": [
                51
            ],
            "user id": "5632206355",
            "user name": "VGS_31",
            "content": "回复@醋栗与酒丶:世界之大无奇不有，但如果你非要以偏概全，以小博大，相信你所想相信的，那我没什么可说的，众人皆醉你独醒",
            "time": "18-6-24 09:42"
        },
        {
            "comment id": 53,
            "parent": 54,
            "children": [],
            "user id": "5605045248",
            "user name": "不含酒精的黑麦",
            "content": "回复@VGS_31:还在老生常谈这个论调？还人之初，性本善呢？科学报道我看到过，生活中的例子我也看到过，对不起，相对于孔子，我更相信自己的眼睛。。。",
            "time": "18-6-24 09:40"
        },
        {
            "comment id": 54,
            "parent": 26,
            "children": [
                53
            ],
            "user id": "5632206355",
            "user name": "VGS_31",
            "content": "孩子是一张白纸，看你在上面画什么了，每个孩子生来不同，懦弱或勇敢，但善恶不是与生自来的，是要人们去告诉它们，当然了，一部分人生来冷漠，难以共情或反社会，但这是少部分，所以还是要探讨父母，学校，社会。",
            "time": "18-6-24 09:37"
        },
        {
            "comment id": 55,
            "parent": -1,
            "children": [],
            "user id": "5708427443",
            "user name": "远赴人间惊鸿宴谈笑风声不动情",
            "content": "父母教育有问题他自己就没问题了？别什么都怪给父母。别人家的孩子的阴影里长大的孩子多了去了，都去杀人呗？服了。",
            "time": "18-6-23 14:25"
        },
        {
            "comment id": 56,
            "parent": -1,
            "children": [],
            "user id": "2168833857",
            "user name": "七夜的深夜",
            "content": "作为一个学新闻的学生，表示看完最纠结的是作者频繁的用据说这种词。",
            "time": "18-6-23 14:32"
        },
        {
            "comment id": 57,
            "parent": -1,
            "children": [
                58,
                59,
                60
            ],
            "user id": "1620364917",
            "user name": "SeasonSeasonW",
            "content": "为啥有的人（我）压力太大的时候只想自杀，有的人一有压力就想杀人呢？这个锅教育不背，压力也不背",
            "time": "18-6-23 14:43"
        },
        {
            "comment id": 58,
            "parent": 57,
            "children": [],
            "user id": "5381702828",
            "user name": "小炒熊猫",
            "content": "回复@海里有只猫__:人心本善，道理都懂，至于人渣论，是那些说人渣论的人都想把自己写的至高无上，每个人的极限、思维模式、感情着重点都不一样。比如我，我父母以前就天天拿我和别人比。我很纳闷，有时候也有过极端想法，那种想法一闪而过，取而代之的是那种想法实现以后我父母会怎么想？他在亲朋面前怎么抬头？",
            "time": "18-6-24 06:36"
        },
        {
            "comment id": 59,
            "parent": 57,
            "children": [],
            "user id": "5381702828",
            "user name": "小炒熊猫",
            "content": "回复@海里有只猫__:我说说我的看法吧，我觉得第一怪中国应试教育，某种程度上这种教育模式造就了当今社会的攀比心理。第二怪父母，多少父母能完完全全的把“自由”、选择权交给孩子手里？大多数90年代左右出生的人的父母，在教育上，对孩子都是施加很多压力，这个压力的背后，是当年他们自己的懊悔。",
            "time": "18-6-24 06:31"
        },
        {
            "comment id": 60,
            "parent": 57,
            "children": [],
            "user id": "1838560842",
            "user name": "独自在角落里低语",
            "content": "基因是有一定作用的，造成了一些人易冲动，有暴力倾向等，但是压力和教育占了主要的引导作用，也不能不背锅，评论里一堆天生人渣论，杀人犯是罪无可恕，那我觉得这么定论也实在不公平。",
            "time": "18-6-23 15:48"
        },
        {
            "comment id": 61,
            "parent": -1,
            "children": [],
            "user id": "1865932792",
            "user name": "浅浅浅黑色_",
            "content": "第二都不满意。。。。。我倒数第二。我就满意了",
            "time": "18-6-23 16:43"
        },
        {
            "comment id": 62,
            "parent": -1,
            "children": [],
            "user id": "3987989007",
            "user name": "给你亲妈一刀",
            "content": "@带带葫芦娃",
            "time": "18-6-23 16:35"
        },
        {
            "comment id": 63,
            "parent": -1,
            "children": [],
            "user id": "3960989879",
            "user name": "爱做梦是因为有病",
            "content": "我们倒数十几名 如果我要成为第一名的话 不敢想",
            "time": "18-6-23 16:27"
        },
        {
            "comment id": 64,
            "parent": -1,
            "children": [],
            "user id": "2950703461",
            "user name": "曾曾曾欢",
            "content": "人的成长真的是无数个一念之差所堆砌的啊。人来到这个世界本来就是一张白纸嘛，由父母，亲人，朋友，环境涂抹出不同的'性格'色彩。。。我们要相信每个人都能成长为一个好人的。",
            "time": "18-6-23 16:18"
        },
        {
            "comment id": 65,
            "parent": -1,
            "children": [],
            "user id": "2163065507",
            "user name": "有隻老虎",
            "content": "畜生就是畜生",
            "time": "18-6-23 16:17"
        },
        {
            "comment id": 66,
            "parent": -1,
            "children": [],
            "user id": "1935849595",
            "user name": "迷你狗-",
            "content": "我只看了标题，心里只有一句：做的好",
            "time": "18-6-23 16:16"
        },
        {
            "comment id": 67,
            "parent": -1,
            "children": [],
            "user id": "1925319742",
            "user name": "张议文hyc",
            "content": "心理问题吧",
            "time": "18-6-23 16:16"
        },
        {
            "comment id": 68,
            "parent": -1,
            "children": [],
            "user id": "1314889625",
            "user name": "二半仙21",
            "content": "但倒数第二对倒数第一一般都特别好",
            "time": "18-6-23 16:16"
        },
        {
            "comment id": 69,
            "parent": -1,
            "children": [],
            "user id": "2708580835",
            "user name": "Niklaus__H",
            "content": "@Csl陈淑玲",
            "time": "18-6-23 16:08"
        },
        {
            "comment id": 70,
            "parent": -1,
            "children": [],
            "user id": "5687645604",
            "user name": "时见鹿Y",
            "content": "明明是他自己的心理承受能力太差了好吗，有错不在自身找原因只会一味的去推卸责任这才是教育的错",
            "time": "18-6-23 16:01"
        },
        {
            "comment id": 71,
            "parent": -1,
            "children": [],
            "user id": "5252070415",
            "user name": "Jay丶遥远",
            "content": "天朝教育是有特色的  也许这就是他们所说的特色之一。",
            "time": "18-6-23 15:57"
        },
        {
            "comment id": 72,
            "parent": -1,
            "children": [],
            "user id": "5535852287",
            "user name": "他是个都比",
            "content": "打击不了我……特么的我现在才发现我不是天生强大，而是天生厚脸皮……死猪不怕疼",
            "time": "18-6-23 15:55"
        },
        {
            "comment id": 73,
            "parent": -1,
            "children": [],
            "user id": "2870095820",
            "user name": "cy1ccc",
            "content": "疯了 可怕@Lemonpiupiu",
            "time": "18-6-23 15:49"
        },
        {
            "comment id": 74,
            "parent": -1,
            "children": [],
            "user id": "1838560842",
            "user name": "独自在角落里低语",
            "content": "为什么评论里这么迷？？？",
            "time": "18-6-23 15:44"
        },
        {
            "comment id": 75,
            "parent": -1,
            "children": [],
            "user id": "1703106981",
            "user name": "幸亏你遇到了我",
            "content": "官方都辟谣了",
            "time": "18-6-23 15:42"
        },
        {
            "comment id": 76,
            "parent": -1,
            "children": [],
            "user id": "1571734454",
            "user name": "杰里酸",
            "content": "呵呵",
            "time": "18-6-23 15:40"
        },
        {
            "comment id": 77,
            "parent": -1,
            "children": [],
            "user id": "6182583913",
            "user name": "Shaw十七的信箱",
            "content": "最新调查不是和成绩无关吗？？？？",
            "time": "18-6-23 15:39"
        },
        {
            "comment id": 78,
            "parent": -1,
            "children": [],
            "user id": "2772893635",
            "user name": "丨柒鹰丨",
            "content": "我爸妈要求我前十名。。。感觉还是可以少杀几个就够了",
            "time": "18-6-23 15:38"
        },
        {
            "comment id": 79,
            "parent": -1,
            "children": [],
            "user id": "5034794545",
            "user name": "璐璐啊璐璐呢",
            "content": "@拉拉以拉拉  和你那天看的同一个作者 他观点真的很好诶",
            "time": "18-6-23 15:37"
        },
        {
            "comment id": 80,
            "parent": -1,
            "children": [],
            "user id": "3180126107",
            "user name": "___YzJ",
            "content": "这些压力都是日积月累出来的，不能说教育方式好不好，只能说那些孩子只是渴望父母的一句肯定、缺乏爱，但又不敢说罢了。于是就钻牛角尖做出一些无法改变的悲痛事实。",
            "time": "18-6-23 15:35"
        },
        {
            "comment id": 81,
            "parent": -1,
            "children": [],
            "user id": "3175361970",
            "user name": "烦思了没有昵称",
            "content": "初中我有一次也是考进班级前五名 之前的第五名被挤出去了 他还来问我还好我就那一次 真是瑟瑟发抖啊",
            "time": "18-6-23 15:33"
        },
        {
            "comment id": 82,
            "parent": -1,
            "children": [],
            "user id": "2639670367",
            "user name": "我最爱的是你啊-",
            "content": "@ClownRevege",
            "time": "18-6-23 15:18"
        },
        {
            "comment id": 83,
            "parent": -1,
            "children": [],
            "user id": "3963008494",
            "user name": "不加糖的忘崽崽",
            "content": "@C-ipanda 你看",
            "time": "18-6-23 15:14"
        },
        {
            "comment id": 84,
            "parent": -1,
            "children": [],
            "user id": "2305024612",
            "user name": "趁此身尚未老",
            "content": "我记得新闻是说凶手是第一名的孩子，第二名有次考试超过了第一名，原来的第一名杀了第二名",
            "time": "18-6-23 15:08"
        },
        {
            "comment id": 85,
            "parent": -1,
            "children": [],
            "user id": "1557167632",
            "user name": "墨玉诡兵",
            "content": "我爸就很少夸奖我，甚至在他明知道自己错了的时候也不会去主动承认，不知道为什么。教育方面的东西我都是到了大学之后考教师资格证、看漫画学会的，才知道很多东西其实都是错的。可是没人教我们，也没人教他们，可我不希望没有人教我们的下一代",
            "time": "18-6-23 15:05"
        },
        {
            "comment id": 86,
            "parent": -1,
            "children": [],
            "user id": "1760820703",
            "user name": "李的刘恬恬",
            "content": "看到 其实受害者早已经把这个受到威胁的事告诉了父母学校 为什么没有引起重视呢 每一次都是事情发生了才马后炮 为什么不能防止呢 家长应该陪同前后 学校老师也应该进行教育和凶手父母沟通啊 为什么当这不是事 事后才来后悔有什么用",
            "time": "18-6-23 15:00"
        },
        {
            "comment id": 87,
            "parent": -1,
            "children": [],
            "user id": "5524462395",
            "user name": "夏夏夏不凉",
            "content": "@OhJackyJoker  吓人",
            "time": "18-6-23 14:51"
        },
        {
            "comment id": 88,
            "parent": -1,
            "children": [],
            "user id": "5447564718",
            "user name": "一个除了傻乐就是傻乐的girl",
            "content": "这不是都辟谣了么已经？？？",
            "time": "18-6-23 14:41"
        },
        {
            "comment id": 89,
            "parent": -1,
            "children": [],
            "user id": "1901370683",
            "user name": "不愿透露姓名的米斯特钱",
            "content": "自媒体就是看热闹不嫌事大",
            "time": "18-6-23 14:41"
        },
        {
            "comment id": 90,
            "parent": -1,
            "children": [],
            "user id": "2754108123",
            "user name": "大仙儿女",
            "content": "未成年恐怕判不了死刑~",
            "time": "18-6-23 14:40"
        },
        {
            "comment id": 91,
            "parent": -1,
            "children": [],
            "user id": "2757229835",
            "user name": "不蒋道理_",
            "content": "不是说这个信息不实吗",
            "time": "18-6-23 14:40"
        },
        {
            "comment id": 92,
            "parent": -1,
            "children": [],
            "user id": "2353670747",
            "user name": "像诗人依赖着月亮r",
            "content": "@瘦丁丁丁丁",
            "time": "18-6-23 14:38"
        },
        {
            "comment id": 93,
            "parent": -1,
            "children": [],
            "user id": "5256288776",
            "user name": "张立智zlz",
            "content": "恩，你就是第一了，反正你又不用坐牢，接着上学，记住法律是保护未成年凶手的。",
            "time": "18-6-23 14:38"
        },
        {
            "comment id": 94,
            "parent": -1,
            "children": [],
            "user id": "5866546812",
            "user name": "暮行将赴宴",
            "content": "我不会成为这样的父母",
            "time": "18-6-23 14:35"
        },
        {
            "comment id": 95,
            "parent": -1,
            "children": [],
            "user id": "5046316037",
            "user name": "咪了个喵Fighting",
            "content": "哈哈！永远是别人家的好",
            "time": "18-6-23 14:31"
        },
        {
            "comment id": 96,
            "parent": -1,
            "children": [],
            "user id": "2118390390",
            "user name": "狼外公的小棉袄",
            "content": "本质还是一样，根本在于那部分家长没有理清，孩子不是你梦想的延续，他是有他自己的人生路的。你没到做的，关他什么事儿，为啥要他来完成？你当这是遗愿？鼓励教育和挫折教育本身没有错，错的人，过的是度…中国教育凭什么帮你们背锅？？？",
            "time": "18-6-23 14:28"
        },
        {
            "comment id": 97,
            "parent": -1,
            "children": [],
            "user id": "2253876644",
            "user name": "半夜被冻醒",
            "content": "赖家长？？赖学校？？谁小时候没有几个别人家的孩子陪着呢，一个个都变态去杀人啊",
            "time": "18-6-23 14:28"
        },
        {
            "comment id": 98,
            "parent": -1,
            "children": [],
            "user id": "1298901392",
            "user name": "翊湄向钱冲",
            "content": "@OH毛仔",
            "time": "18-6-23 14:25"
        },
        {
            "comment id": 99,
            "parent": -1,
            "children": [],
            "user id": "2065007743",
            "user name": "worryhi",
            "content": "麻烦凌迟这小孩",
            "time": "18-6-23 14:24"
        },
        {
            "comment id": 100,
            "parent": -1,
            "children": [],
            "user id": "5446612734",
            "user name": "阿诗玛的眼泪76977",
            "content": "父母失败的教育，让别人家的孩子的生命作为代价",
            "time": "18-6-23 14:24"
        },
        {
            "comment id": 101,
            "parent": -1,
            "children": [],
            "user id": "3987769608",
            "user name": "点点很可爱88",
            "content": "太恐怖了",
            "time": "18-6-23 14:24"
        },
        {
            "comment id": 102,
            "parent": -1,
            "children": [],
            "user id": "5303760282",
            "user name": "三明治叔叔",
            "content": "杀了他就是第一名，这观念谁给的？",
            "time": "18-6-23 14:22"
        },
        {
            "comment id": 103,
            "parent": -1,
            "children": [],
            "user id": "1434636150",
            "user name": "马甲同志",
            "content": "教育",
            "time": "18-6-23 14:21"
        },
        {
            "comment id": 104,
            "parent": -1,
            "children": [],
            "user id": "2997976547",
            "user name": "真滴不想努力了",
            "content": "人渣，早点打死，别长大了危害社会",
            "time": "18-6-23 14:21"
        },
        {
            "comment id": 105,
            "parent": -1,
            "children": [],
            "user id": "1757714631",
            "user name": "Nine_nine_____",
            "content": "@蝈蝈卷儿 @KiKi仙森",
            "time": "18-6-23 14:21"
        },
        {
            "comment id": 106,
            "parent": -1,
            "children": [],
            "user id": "5953530628",
            "user name": "伴芝妮涛数1314",
            "content": "唉",
            "time": "18-6-23 14:20"
        },
        {
            "comment id": 107,
            "parent": -1,
            "children": [],
            "user id": "3205727627",
            "user name": "开开心心每一天不可以吗",
            "content": "教育的悲哀…",
            "time": "18-6-23 14:20"
        },
        {
            "comment id": 108,
            "parent": -1,
            "children": [],
            "user id": "5351167808",
            "user name": "白乌鸦2013",
            "content": "妒忌心太重。",
            "time": "18-6-23 14:19"
        },
        {
            "comment id": 109,
            "parent": -1,
            "children": [],
            "user id": "2988360787",
            "user name": "潘潘小亲",
            "content": "@王大辣椒",
            "time": "18-6-23 14:19"
        },
        {
            "comment id": 110,
            "parent": -1,
            "children": [],
            "user id": "2427279683",
            "user name": "胖子贰佰四",
            "content": "这种事，曾经有很多，现在也不少，将来也还会有，因为…看评论区就知道了。",
            "time": "18-6-25 12:31"
        },
        {
            "comment id": 111,
            "parent": -1,
            "children": [],
            "user id": "2790297661",
            "user name": "In_me_thetiger_sniffs_therose",
            "content": "这么想想 我初中第二是个妹子 还是很庆幸的....",
            "time": "18-6-24 22:31"
        },
        {
            "comment id": 112,
            "parent": -1,
            "children": [],
            "user id": "1238076102",
            "user name": "最佳女友小蛮妖",
            "content": "已经辟谣了呀",
            "time": "18-6-24 14:21"
        },
        {
            "comment id": 113,
            "parent": -1,
            "children": [],
            "user id": "2983316515",
            "user name": "龍er菇凉",
            "content": "我同学就是因这样的原因被别人害死的，最后凶手靠精神病逃过了法律的制裁。",
            "time": "18-6-24 10:15"
        },
        {
            "comment id": 114,
            "parent": -1,
            "children": [],
            "user id": "3477677800",
            "user name": "秘密芋",
            "content": "的确，有的人需要鼓励有的人需要批评。可是如果连家长都不了解自己的孩子，谈何家长？又谈何教育？不过是把自己所认为的好强加于自己孩子的身上。",
            "time": "18-6-24 09:08"
        },
        {
            "comment id": 115,
            "parent": -1,
            "children": [],
            "user id": "5600446370",
            "user name": "Dy探险家",
            "content": "他父母才是真正的凶手 害了两个孩子 悲哀",
            "time": "18-6-24 05:43"
        },
        {
            "comment id": 116,
            "parent": -1,
            "children": [],
            "user id": "3206237582",
            "user name": "初中语文教师亓俊然",
            "content": "图片评论 ",
            "time": "18-6-23 14:29"
        },
        {
            "comment id": 117,
            "parent": -1,
            "children": [],
            "user id": "5212386564",
            "user name": "chaichaiwunai",
            "content": "谢第二名同学当年不杀之恩",
            "time": "18-6-24 14:18"
        },
        {
            "comment id": 118,
            "parent": -1,
            "children": [],
            "user id": "1798237975",
            "user name": "惠Blue",
            "content": "我从来都不care所谓“别人家的孩子”，我家人跟我说谁谁谁攒了多少钱多好多好的时候，我就会说，我不是别人家的孩子 也没生在别人家，你们亦不是别人家的父母，有什么可比性；工作了更是知道，我采购商品三家比价还需要同一品牌同一规格同一型号呢，何况别人家的孩子，我就呵呵一笑",
            "time": "18-7-3 22:15"
        },
        {
            "comment id": 119,
            "parent": -1,
            "children": [],
            "user id": "6459609682",
            "user name": "爱吃肉的孟肉肉",
            "content": "扎心了。每次都是别人家的孩子。真的我现在都参加工作了。依旧不满足。很多时候我都觉得我生错家庭了。应该流浪的。",
            "time": "18-6-25 09:45"
        },
        {
            "comment id": 120,
            "parent": -1,
            "children": [],
            "user id": "1844178212",
            "user name": "迷醉彩虹音",
            "content": "我们小时候都是在别人家孩子的阴影下长大的，但说实话杀人的可没听说过！",
            "time": "18-6-25 08:39"
        },
        {
            "comment id": 121,
            "parent": -1,
            "children": [],
            "user id": "6206487536",
            "user name": "这个四姐有点笨",
            "content": "父母是最好的老师，孩子成长过程中父母的三观会影响孩子一辈子",
            "time": "18-6-24 22:19"
        },
        {
            "comment id": 122,
            "parent": -1,
            "children": [],
            "user id": "1804040641",
            "user name": "胡小薇vivan",
            "content": "我妈就老把我和我堂哥比，问题学渣和学霸根本不是一个量级的啊！还好我健全的长大了。。。但也为此郁闷了好多年，唉",
            "time": "18-6-24 19:22"
        },
        {
            "comment id": 123,
            "parent": -1,
            "children": [],
            "user id": "1599825765",
            "user name": "猪窝里的田田宝",
            "content": "我就想知道，初中为啥开不开法律课",
            "time": "18-6-24 14:43"
        },
        {
            "comment id": 124,
            "parent": -1,
            "children": [],
            "user id": "5711316355",
            "user name": "中介的波妞",
            "content": "当年我们这儿的市状元，父母也是老师成功进入北大，但是没多久就退学了。听说是在学校测试不理想疯了。",
            "time": "18-6-24 14:20"
        },
        {
            "comment id": 125,
            "parent": -1,
            "children": [],
            "user id": "2027096043",
            "user name": "周_小小小",
            "content": "个人觉得与教育机制相比，家庭教育比较重要吧",
            "time": "18-6-24 14:18"
        },
        {
            "comment id": 126,
            "parent": -1,
            "children": [],
            "user id": "5415466320",
            "user name": "l记录小程的春夏秋冬l",
            "content": "我父母也没有拿我和别人比较过，弟弟也是，庆幸自己。",
            "time": "18-6-24 14:17"
        },
        {
            "comment id": 127,
            "parent": -1,
            "children": [],
            "user id": "2496146971",
            "user name": "一首小诗111",
            "content": "汗颜",
            "time": "18-6-24 14:11"
        },
        {
            "comment id": 128,
            "parent": -1,
            "children": [],
            "user id": "5201018795",
            "user name": "sawthesunset44times·",
            "content": "@层层第一可爱",
            "time": "18-6-24 14:03"
        },
        {
            "comment id": 129,
            "parent": -1,
            "children": [],
            "user id": "5611580419",
            "user name": "小涂爱分享",
            "content": "桌子",
            "time": "18-6-24 13:53"
        },
        {
            "comment id": 130,
            "parent": -1,
            "children": [],
            "user id": "2916594531",
            "user name": "old_Lambo",
            "content": "辣雞父母",
            "time": "18-6-24 13:50"
        },
        {
            "comment id": 131,
            "parent": -1,
            "children": [],
            "user id": "2161156565",
            "user name": "阿不babe",
            "content": "之前不是有个乒乓球运动员被大家调侃千年老二嘛，这些人也是够恶心的",
            "time": "18-6-24 13:46"
        },
        {
            "comment id": 132,
            "parent": -1,
            "children": [],
            "user id": "1785646182",
            "user name": "Mojo·X",
            "content": "只想知道这个杀人凶手会最后会怎样",
            "time": "18-6-24 13:38"
        },
        {
            "comment id": 133,
            "parent": -1,
            "children": [],
            "user id": "5821226972",
            "user name": "Blacktea1799",
            "content": "中国式“别人家的孩子”到底害了多少人，扭曲了多少人？",
            "time": "18-6-24 13:19"
        }
    ]
}