{
    "source": {
        "content": "这位赌徒，赌球输了就跳楼  波涛汹涌的你的秒拍视频 ",
        "time": "18-6-20 22:23",
        "user id": "2393346765",
        "tweet id": "GmhI9xCid",
        "label": 1,
        "theme": null
    },
    "comment": [
        {
            "comment id": 0,
            "parent": -1,
            "children": [
                1,
                2,
                3,
                4,
                6,
                7,
                8,
                9
            ],
            "user id": "6178259601",
            "user name": "世间孤独者",
            "content": "向右两步   蹲下跳跃    空中自由转体360°    完美着路",
            "time": "18-6-25 13:07"
        },
        {
            "comment id": 1,
            "parent": 0,
            "children": [],
            "user id": "6178259601",
            "user name": "世间孤独者",
            "content": "回复@海贼王894574640:你这种就是死了爹妈，被媳妇带了帽子，儿女不认你的东西，这样你都还不打算去死？操你妈的。",
            "time": "18-7-22 22:12"
        },
        {
            "comment id": 2,
            "parent": 0,
            "children": [],
            "user id": "6178259601",
            "user name": "世间孤独者",
            "content": "回复@50552gg:你全家都是sb？还是说你从小就没家人？",
            "time": "18-7-22 22:11"
        },
        {
            "comment id": 3,
            "parent": 0,
            "children": [],
            "user id": "5710070265",
            "user name": "稻叶大和",
            "content": "SB",
            "time": "18-7-22 00:50"
        },
        {
            "comment id": 4,
            "parent": 0,
            "children": [],
            "user id": "6178259601",
            "user name": "世间孤独者",
            "content": "回复@暴躁阿酒:他自己选择的跳楼   我自己说的我的     难不成他还是听了我的指挥来了个完美的360°旋转着路？",
            "time": "18-7-1 17:40"
        },
        {
            "comment id": 5,
            "parent": 6,
            "children": [],
            "user id": "6178259601",
            "user name": "世间孤独者",
            "content": "回复@逗比或毒蛇:人生自古谁无死？    早死晚死都得死。    死者和我有何相干？    与你又有何相干？",
            "time": "18-7-1 17:39"
        },
        {
            "comment id": 6,
            "parent": 0,
            "children": [
                5
            ],
            "user id": "3279105702",
            "user name": "逗比或毒蛇",
            "content": "有这玩笑无伤大雅，这种情况还来博眼球就是做事不过脑子",
            "time": "18-6-29 15:35"
        },
        {
            "comment id": 7,
            "parent": 0,
            "children": [],
            "user id": "5071796775",
            "user name": "临窗一叹",
            "content": "回复@刘宇泽yuze:还是那句话，人既然都死了，还是留点口德吧。输不起输得起都已经死了，尊重下死者，好吗",
            "time": "18-6-29 12:42"
        },
        {
            "comment id": 8,
            "parent": 0,
            "children": [],
            "user id": "5071796775",
            "user name": "临窗一叹",
            "content": "回复@刘宇泽yuze:但他也没损害到你的利益，干嘛这么说呢？对吧？",
            "time": "18-6-29 11:36"
        },
        {
            "comment id": 9,
            "parent": 0,
            "children": [],
            "user id": "5071796775",
            "user name": "临窗一叹",
            "content": "死者为大，留点口德",
            "time": "18-6-27 21:58"
        },
        {
            "comment id": 10,
            "parent": -1,
            "children": [],
            "user id": "5833684147",
            "user name": "范范总动员",
            "content": "南昌梦时代，今年5月的四连跳之一！周黑鸭可以证明…………每次都跳人家门口",
            "time": "18-6-20 23:38"
        },
        {
            "comment id": 11,
            "parent": -1,
            "children": [],
            "user id": "1191672481",
            "user name": "花间鹿vivi",
            "content": "处理的东西呢为什么我还能刷到？ ",
            "time": "18-6-26 10:03"
        },
        {
            "comment id": 12,
            "parent": -1,
            "children": [],
            "user id": "5358644418",
            "user name": "1个童",
            "content": "你是有病吧 这是南昌梦时代事件",
            "time": "18-6-22 11:34"
        },
        {
            "comment id": 13,
            "parent": -1,
            "children": [
                14
            ],
            "user id": "3739223403",
            "user name": "-Kinnsenn-",
            "content": "把人家自杀视频改掉题目良心不痛吗。",
            "time": "18-6-28 15:28"
        },
        {
            "comment id": 14,
            "parent": 13,
            "children": [
                15
            ],
            "user id": "2643191564",
            "user name": "Darlingsy-",
            "content": "这个年代，很多人已经不知耻不要脸了",
            "time": "18-7-22 15:14"
        },
        {
            "comment id": 15,
            "parent": 14,
            "children": [],
            "user id": "3739223403",
            "user name": "-Kinnsenn-",
            "content": "回复@Darlingsy-:是的",
            "time": "18-7-22 22:01"
        },
        {
            "comment id": 16,
            "parent": -1,
            "children": [],
            "user id": "2013238254",
            "user name": "步兵营里的步兵",
            "content": "发布这个视频的博主已被举报并且已经处罚。",
            "time": "18-6-25 21:17"
        },
        {
            "comment id": 17,
            "parent": -1,
            "children": [],
            "user id": "5221796036",
            "user name": "_呱呱哼",
            "content": "逝者安息",
            "time": "18-6-29 14:51"
        },
        {
            "comment id": 18,
            "parent": -1,
            "children": [],
            "user id": "3213802184",
            "user name": "大白爱兔子小姐",
            "content": "死了吗",
            "time": "18-6-27 18:44"
        },
        {
            "comment id": 19,
            "parent": -1,
            "children": [],
            "user id": "5659322912",
            "user name": "卫澧今天黑化了吗",
            "content": "666",
            "time": "18-6-21 19:29"
        },
        {
            "comment id": 20,
            "parent": -1,
            "children": [],
            "user id": "6367954047",
            "user name": "杨馨月92886",
            "content": "好羡慕他",
            "time": "18-6-29 16:30"
        },
        {
            "comment id": 21,
            "parent": -1,
            "children": [],
            "user id": "5626337214",
            "user name": "瘦猴儿大人",
            "content": "这种东西随便发会被封号的",
            "time": "18-6-28 14:54"
        },
        {
            "comment id": 22,
            "parent": -1,
            "children": [],
            "user id": "5382884730",
            "user name": "乱必须",
            "content": "这他妈是为情跳楼，南昌的别造谣",
            "time": "18-6-22 09:05"
        },
        {
            "comment id": 23,
            "parent": -1,
            "children": [],
            "user id": "3246321122",
            "user name": "MCCHIKEN",
            "content": "@Jennykobe-  恐怖",
            "time": "18-7-23 14:17"
        },
        {
            "comment id": 24,
            "parent": -1,
            "children": [],
            "user id": "2869006504",
            "user name": "Soongor7",
            "content": "@CDMMDC  @忧郁小郎君",
            "time": "18-7-23 10:26"
        },
        {
            "comment id": 25,
            "parent": -1,
            "children": [],
            "user id": "3854056120",
            "user name": "艾尼维亚蛋",
            "content": "@籽伊伊是SA特优生",
            "time": "18-7-7 18:41"
        },
        {
            "comment id": 26,
            "parent": -1,
            "children": [],
            "user id": "3214149682",
            "user name": "秀谷镇胖虎",
            "content": "造谣犯法，兄弟",
            "time": "18-7-5 08:51"
        },
        {
            "comment id": 27,
            "parent": -1,
            "children": [],
            "user id": "2403359174",
            "user name": "sonndx",
            "content": "胡乱散播信息才扣2分？",
            "time": "18-7-3 21:14"
        },
        {
            "comment id": 28,
            "parent": -1,
            "children": [],
            "user id": "3789405282",
            "user name": "相恋相望永相失",
            "content": "扯淡，不要造谣了，这个跳楼的时候世界杯还没开打",
            "time": "18-6-30 15:27"
        },
        {
            "comment id": 29,
            "parent": -1,
            "children": [],
            "user id": "2072224685",
            "user name": "oO雾里看花-水中望月Oo",
            "content": "假的，他是炒股跳的",
            "time": "18-6-29 21:26"
        },
        {
            "comment id": 30,
            "parent": -1,
            "children": [],
            "user id": "5542793380",
            "user name": "微波id",
            "content": "@嘻嘻嘻嘻悦",
            "time": "18-6-29 17:59"
        },
        {
            "comment id": 31,
            "parent": -1,
            "children": [],
            "user id": "5604298110",
            "user name": "Poseidon神殿",
            "content": "博主估計是脑抽，吓坏人了",
            "time": "18-6-29 16:03"
        },
        {
            "comment id": 32,
            "parent": -1,
            "children": [],
            "user id": "2988480987",
            "user name": "马小媛儿的微博昵称",
            "content": "@冯欢Med",
            "time": "18-6-29 12:37"
        },
        {
            "comment id": 33,
            "parent": -1,
            "children": [],
            "user id": "6374693533",
            "user name": "掀裙子的超人",
            "content": "傻屌博主",
            "time": "18-6-29 09:00"
        },
        {
            "comment id": 34,
            "parent": -1,
            "children": [],
            "user id": "2461592643",
            "user name": "FZ-5233",
            "content": "sb吧，到处造谣生事",
            "time": "18-6-29 00:49"
        },
        {
            "comment id": 35,
            "parent": -1,
            "children": [],
            "user id": "3217550732",
            "user name": "烟雾公子1",
            "content": "南京水游城",
            "time": "18-6-27 15:41"
        },
        {
            "comment id": 36,
            "parent": -1,
            "children": [],
            "user id": "5209473373",
            "user name": "墙打出头鸟",
            "content": "这是真的绝望的人  没丝毫犹豫",
            "time": "18-6-25 22:39"
        },
        {
            "comment id": 37,
            "parent": -1,
            "children": [],
            "user id": "1857011070",
            "user name": "秦始皇跟我姓哟",
            "content": "南昌",
            "time": "18-6-24 17:46"
        },
        {
            "comment id": 38,
            "parent": -1,
            "children": [],
            "user id": "6526911649",
            "user name": "玉翹201804",
            "content": "。。。為何下面的人在看熱鬧",
            "time": "18-7-22 20:26"
        },
        {
            "comment id": 39,
            "parent": -1,
            "children": [],
            "user id": "6439264566",
            "user name": "用户6439264566",
            "content": "都站在楼下等了一个小时就为看他跳下来的瞬间，啊，，，，，啊一声。然后满足的离开。",
            "time": "18-7-22 09:31"
        },
        {
            "comment id": 40,
            "parent": -1,
            "children": [],
            "user id": "6048467101",
            "user name": "攀登登攀6",
            "content": "楼主有病",
            "time": "18-7-21 21:14"
        }
    ]
}