{
    "source": {
        "content": "请帮忙辟谣一下 @合肥警方  视频疯狂传播合肥一蹦极工作人员忘记系绳索导致一个22岁姑娘导致蹦极死亡是真的吗？  我已经看到了很多个地区版本的文案了， 啊欠的秒拍视频 ",
        "time": "18-6-24 17:54",
        "user id": "2543713261",
        "tweet id": "GmREZjztS",
        "label": 1,
        "theme": null
    },
    "comment": [
        {
            "comment id": 0,
            "parent": -1,
            "children": [
                1
            ],
            "user id": "2562138683",
            "user name": "聂郑佳",
            "content": "原主已辟谣  这是新西兰 安全绳在脚下   可以搜相关新闻报道",
            "time": "18-6-24 18:23"
        },
        {
            "comment id": 1,
            "parent": 0,
            "children": [],
            "user id": "2543713261",
            "user name": "啊欠",
            "content": "感谢",
            "time": "18-6-24 18:28"
        },
        {
            "comment id": 2,
            "parent": -1,
            "children": [],
            "user id": "1774531175",
            "user name": "舒国华-中锐股份白酒板块",
            "content": "图片评论 ",
            "time": "18-6-26 23:27"
        },
        {
            "comment id": 3,
            "parent": -1,
            "children": [],
            "user id": "2353649753",
            "user name": "紧望劳资搞哼个阿",
            "content": "合肥没有蹦极，",
            "time": "18-6-28 14:05"
        },
        {
            "comment id": 4,
            "parent": -1,
            "children": [],
            "user id": "6470415442",
            "user name": "爱减肥的猪猪侠",
            "content": "能看到安全绳，仔细看就好",
            "time": "18-6-26 13:26"
        },
        {
            "comment id": 5,
            "parent": -1,
            "children": [],
            "user id": "3227954123",
            "user name": "甜味药水",
            "content": "裤裆中间为何物",
            "time": "18-6-26 20:43"
        },
        {
            "comment id": 6,
            "parent": -1,
            "children": [
                8,
                9,
                10,
                11
            ],
            "user id": "6154968446",
            "user name": "用户6154968446",
            "content": "这是真的，合肥欢乐岛游乐场发生的",
            "time": "18-6-26 19:03"
        },
        {
            "comment id": 7,
            "parent": 10,
            "children": [],
            "user id": "2626430383",
            "user name": "一万次跳跃",
            "content": "回复@家辉-Leung:视频配的不对，事情是合肥游乐场发生的空中飞人坠亡",
            "time": "18-6-29 19:24"
        },
        {
            "comment id": 8,
            "parent": 6,
            "children": [],
            "user id": "6034587971",
            "user name": "寒寒今天也很可爱",
            "content": "后续是:脚底有安全绳。女孩还在底下兴奋的吱哩哇呜",
            "time": "18-6-27 16:21"
        },
        {
            "comment id": 9,
            "parent": 6,
            "children": [],
            "user id": "3996448958",
            "user name": "冬天最南边的海",
            "content": "哈哈哈",
            "time": "18-6-27 13:14"
        },
        {
            "comment id": 10,
            "parent": 6,
            "children": [
                7
            ],
            "user id": "1996405741",
            "user name": "家辉-Leung",
            "content": "是呀，这是真的，死的还是你妈妈，葬礼我也去了，你爸我笑的多开心呢",
            "time": "18-6-26 19:58"
        },
        {
            "comment id": 11,
            "parent": 6,
            "children": [],
            "user id": "2908718377",
            "user name": "你兰今天在学什么",
            "content": "你妈发生的吗",
            "time": "18-6-26 19:42"
        },
        {
            "comment id": 12,
            "parent": -1,
            "children": [],
            "user id": "6183746059",
            "user name": "用户6183746059",
            "content": "合肥没有这样山",
            "time": "18-6-28 15:11"
        }
    ]
}