{
    "source": {
        "content": "合肥蹦极，工作人员忘系绳索了，将姑娘推了下去后发现没系绳索，断送年仅22岁女孩的生命！不要轻易把自己的生命交给别人…… 刘鼎洺的秒拍视频 ",
        "time": "18-6-24 19:47",
        "user id": "5349478951",
        "tweet id": "GmSoP2r4d",
        "label": 1,
        "theme": null
    },
    "comment": [
        {
            "comment id": 0,
            "parent": -1,
            "children": [],
            "user id": "6272492664",
            "user name": "懿读",
            "content": "刘鼎洺,晚上好！ ",
            "time": "18-6-24 19:48"
        },
        {
            "comment id": 1,
            "parent": -1,
            "children": [],
            "user id": "3767104431",
            "user name": "霞鹜齐飞的海岸线",
            "content": "图片评论 ",
            "time": "18-6-26 16:20"
        },
        {
            "comment id": 2,
            "parent": -1,
            "children": [],
            "user id": "3767104431",
            "user name": "霞鹜齐飞的海岸线",
            "content": "谣言止于智者，",
            "time": "18-6-26 16:19"
        },
        {
            "comment id": 3,
            "parent": -1,
            "children": [],
            "user id": "2356891993",
            "user name": "Virgo_大鹏",
            "content": "不要造谣，网警会找你的",
            "time": "18-6-26 10:58"
        },
        {
            "comment id": 4,
            "parent": -1,
            "children": [],
            "user id": "6207283221",
            "user name": "Becca默",
            "content": "造谣",
            "time": "18-6-25 21:36"
        },
        {
            "comment id": 5,
            "parent": -1,
            "children": [],
            "user id": "2353649753",
            "user name": "紧望劳资搞哼个阿",
            "content": "造谣的，合肥没有蹦极，",
            "time": "18-6-28 14:08"
        },
        {
            "comment id": 6,
            "parent": -1,
            "children": [],
            "user id": "6237412905",
            "user name": "A快乐的蔬菜18305146930",
            "content": "这是广东的，寄了脚，不要造谣",
            "time": "18-6-24 20:11"
        },
        {
            "comment id": 7,
            "parent": -1,
            "children": [],
            "user id": "1296775084",
            "user name": "爬上屋顶的cc喵",
            "content": "视频和文字不是一个事情好么，多早的视频了",
            "time": "18-6-25 15:13"
        }
    ]
}