{
    "source": {
        "content": "深圳罗湖口岸，海关欲没收该女子给孩子外购的奶粉，于是女子怒了，直接就地销毁她所购买的奶粉。\n\n网评：造不出放心的奶粉，却恬不知耻的限制人民用放心奶。 赵广军1的秒拍视频 ",
        "time": "18-6-22 12:27",
        "user id": "2745670985",
        "tweet id": "GmwFhh0m5",
        "label": 1,
        "theme": null
    },
    "comment": [
        {
            "comment id": 0,
            "parent": -1,
            "children": [
                2,
                5
            ],
            "user id": "1301352274",
            "user name": "卡拉杨杨",
            "content": "真视频，假新闻！地点在火车站商业街，制服人员是“市容！”，应该是占路被围，与海关没有半毛钱关系。",
            "time": "18-6-23 00:10"
        },
        {
            "comment id": 1,
            "parent": 2,
            "children": [],
            "user id": "1301352274",
            "user name": "卡拉杨杨",
            "content": "回复@-陈壮实c:衣服后面已写“市容”",
            "time": "18-6-25 14:39"
        },
        {
            "comment id": 2,
            "parent": 0,
            "children": [
                1
            ],
            "user id": "2889606827",
            "user name": "-陈壮实c",
            "content": "海关穿的衣服不是这样的",
            "time": "18-6-25 13:26"
        },
        {
            "comment id": 3,
            "parent": 5,
            "children": [],
            "user id": "3576001885",
            "user name": "wlk4568",
            "content": "回复@拽酷帅屌霸狂的一些事一些情:@12360海关热线  已辟谣",
            "time": "18-6-24 16:54"
        },
        {
            "comment id": 4,
            "parent": 5,
            "children": [],
            "user id": "1301352274",
            "user name": "卡拉杨杨",
            "content": "回复@拽酷帅屌霸狂的一些事一些情:半商半路的通道嘛，反正不在海关圈了，快递点门口，打包奶粉的平常一堆堆的……估计是被城管清场起冲突了。",
            "time": "18-6-24 00:25"
        },
        {
            "comment id": 5,
            "parent": 0,
            "children": [
                3,
                4
            ],
            "user id": "3156519940",
            "user name": "拽酷帅屌霸狂的一些事一些情",
            "content": "你确定？这不是在地下？",
            "time": "18-6-23 18:53"
        },
        {
            "comment id": 6,
            "parent": -1,
            "children": [
                8,
                10,
                11,
                12,
                14,
                15,
                18,
                20,
                21,
                22,
                23,
                24
            ],
            "user id": "1922730113",
            "user name": "不归vole",
            "content": "为什么没收？根据什么条例没收？不要只讲没收，不讲原因！",
            "time": "18-6-22 19:08"
        },
        {
            "comment id": 7,
            "parent": 8,
            "children": [],
            "user id": "5775031679",
            "user name": "都别看了早点睡吧",
            "content": "回复@任可_2012:你这种人就tm自私 自私到不行辣鸡",
            "time": "18-6-28 23:34"
        },
        {
            "comment id": 8,
            "parent": 6,
            "children": [
                7
            ],
            "user id": "2736809773",
            "user name": "任可_2012",
            "content": "回复@有想像力的人:圣母，你好！",
            "time": "18-6-28 16:37"
        },
        {
            "comment id": 9,
            "parent": 12,
            "children": [],
            "user id": "5775031679",
            "user name": "都别看了早点睡吧",
            "content": "回复@任可_2012:你说合理性？前几年被爆出三鹿奶粉事件后 大批水客去香港带奶粉回来搞到香港bb没奶粉吃这些新闻你没看过？限制的政策可是13.14年那时才出台的啊 如果是别的国家的人来我们中国买走我们的奶粉搞到你儿子没奶粉喝你怕是骂天骂地骂政府骂人家爸妈了吧",
            "time": "18-6-27 02:12"
        },
        {
            "comment id": 10,
            "parent": 6,
            "children": [],
            "user id": "2369255100",
            "user name": "Leonzhou_Your112",
            "content": "回复@hhh小满:那是香港那边的规定，不适用于深圳的",
            "time": "18-6-24 11:22"
        },
        {
            "comment id": 11,
            "parent": 6,
            "children": [],
            "user id": "6205892280",
            "user name": "斌斌27301",
            "content": "可以带四厅奶粉出海关的",
            "time": "18-6-23 20:08"
        },
        {
            "comment id": 12,
            "parent": 6,
            "children": [
                9
            ],
            "user id": "2736809773",
            "user name": "任可_2012",
            "content": "回复@来吹水吗:限制也不是维护港人的利益，一个自由贸易的地方限制只是顺部分GC的心，达成某种ZZZQ",
            "time": "18-6-23 15:16"
        },
        {
            "comment id": 13,
            "parent": 16,
            "children": [],
            "user id": "2736809773",
            "user name": "任可_2012",
            "content": "回复@豌豆上公主:内地制度下造不出放心奶，这难道不是核心",
            "time": "18-6-23 15:09"
        },
        {
            "comment id": 14,
            "parent": 6,
            "children": [],
            "user id": "3190879133",
            "user name": "Jess33",
            "content": "这不是在海关，是在地铁口。现场是市容巡查，没有海关人员。",
            "time": "18-6-23 14:30"
        },
        {
            "comment id": 15,
            "parent": 6,
            "children": [],
            "user id": "2081605041",
            "user name": "Yuan振杰",
            "content": "回復 @hhh小满:但是过了香港关中国海关不能限吧",
            "time": "18-6-23 13:51"
        },
        {
            "comment id": 16,
            "parent": 23,
            "children": [
                13
            ],
            "user id": "2161788652",
            "user name": "豌豆上公主",
            "content": "回复@Ella思晴:问题这个根本不是海关在执法，原破在造谣",
            "time": "18-6-23 13:30"
        },
        {
            "comment id": 17,
            "parent": 20,
            "children": [],
            "user id": "2161788652",
            "user name": "豌豆上公主",
            "content": "回复@任可_2012:合理性在何你去问香港政府吧，限奶令喝内地政府一毛钱的关系都没有",
            "time": "18-6-23 13:20"
        },
        {
            "comment id": 18,
            "parent": 6,
            "children": [],
            "user id": "1948595670",
            "user name": "小铃铛279",
            "content": "@卡拉杨杨: 真视频，假新闻！地点在火车站商业街，制服人员是“市容！”，应该是占路被围，与海关没有半毛钱关系。",
            "time": "18-6-23 13:20"
        },
        {
            "comment id": 19,
            "parent": 20,
            "children": [],
            "user id": "1922730113",
            "user name": "不归vole",
            "content": "回复@任可_2012:我的重点是这条微博在煽动情绪。另外，1800是香港人限制的。香港政府维护的是香港人的利益，这有问题吗？",
            "time": "18-6-23 09:25"
        },
        {
            "comment id": 20,
            "parent": 6,
            "children": [
                17,
                19
            ],
            "user id": "2736809773",
            "user name": "任可_2012",
            "content": "限制1800g的合理性是什么。奴性惯了……",
            "time": "18-6-23 08:51"
        },
        {
            "comment id": 21,
            "parent": 6,
            "children": [],
            "user id": "6245811085",
            "user name": "貮月十五",
            "content": "真事，我之前看了指示牌，讲水果不能过关。",
            "time": "18-6-23 07:50"
        },
        {
            "comment id": 22,
            "parent": 6,
            "children": [],
            "user id": "1922730113",
            "user name": "不归vole",
            "content": "回复@hhh小满:所以这个微博有问题，只说没收，不说违法，就是在煽动情绪",
            "time": "18-6-23 01:34"
        },
        {
            "comment id": 23,
            "parent": 6,
            "children": [
                16
            ],
            "user id": "5031393349",
            "user name": "Ella思晴",
            "content": "@Ella思晴：海关直接没收 证明 这个女人在海关已经列入水客黑名单",
            "time": "18-6-22 22:34"
        },
        {
            "comment id": 24,
            "parent": 6,
            "children": [],
            "user id": "2936367033",
            "user name": "有梦就要去追yw",
            "content": "枪杆子里，，，",
            "time": "18-6-22 21:28"
        },
        {
            "comment id": 25,
            "parent": -1,
            "children": [],
            "user id": "1773490502",
            "user name": "胖觅子",
            "content": "造谣死全家",
            "time": "18-6-23 13:02"
        },
        {
            "comment id": 26,
            "parent": -1,
            "children": [
                27
            ],
            "user id": "6260318188",
            "user name": "北倍儿",
            "content": "再补充一个，拍照那里不是关口严查区，估计不是海关没收。现场是深圳的警察，不是海关，不会没收东西，只负责现场安保问题！",
            "time": "18-6-22 17:52"
        },
        {
            "comment id": 27,
            "parent": 26,
            "children": [
                28
            ],
            "user id": "5132536152",
            "user name": "我和外国网友的日常",
            "content": "制服南湖市容巡查了解一下",
            "time": "18-6-23 16:05"
        },
        {
            "comment id": 28,
            "parent": 27,
            "children": [],
            "user id": "6260318188",
            "user name": "北倍儿",
            "content": "回复@荷荷荷hh:南湖也不是香港的！",
            "time": "18-6-24 01:54"
        },
        {
            "comment id": 29,
            "parent": -1,
            "children": [],
            "user id": "5031393349",
            "user name": "Ella思晴",
            "content": "这个女的绝对不是为自己孩子外购的 有见过一个孩子喝几个牌子奶粉吗？",
            "time": "18-6-23 08:55"
        },
        {
            "comment id": 30,
            "parent": -1,
            "children": [],
            "user id": "5845506033",
            "user name": "广式烧鸭腿饭",
            "content": "已举报造谣，不谢",
            "time": "18-6-23 13:03"
        },
        {
            "comment id": 31,
            "parent": -1,
            "children": [],
            "user id": "3307538380",
            "user name": "卖女孩儿的胖火柴",
            "content": "每人只能提两桶，还有，扔在地上可怜了清洁阿姨",
            "time": "18-6-22 21:06"
        },
        {
            "comment id": 32,
            "parent": -1,
            "children": [
                33,
                35
            ],
            "user id": "5889960174",
            "user name": "这货不是王可可",
            "content": "当然给用，每人一次两罐，你带多了要打税的嘛……！不交税当然就没收咯！",
            "time": "18-6-23 11:09"
        },
        {
            "comment id": 33,
            "parent": 32,
            "children": [],
            "user id": "5889960174",
            "user name": "这货不是王可可",
            "content": "说的就是香港啊……",
            "time": "18-6-25 11:11"
        },
        {
            "comment id": 34,
            "parent": 35,
            "children": [],
            "user id": "5889960174",
            "user name": "这货不是王可可",
            "content": "回复@CCBluelegend:说的就是深圳口岸，再说了15公斤奶粉也要分吧……你要是带婴儿一段二段奶粉，查到了一样要打税的.",
            "time": "18-6-23 20:11"
        },
        {
            "comment id": 35,
            "parent": 32,
            "children": [
                34
            ],
            "user id": "2349908384",
            "user name": "CCBluelegend",
            "content": "不用交税 我每年都从澳洲带15公斤奶粉 没海关拦我 只有香港有限购令避免港人没奶粉喝",
            "time": "18-6-23 17:20"
        },
        {
            "comment id": 36,
            "parent": -1,
            "children": [
                37,
                38,
                39,
                40
            ],
            "user id": "2526442290",
            "user name": "鱼先生Mr_sardine",
            "content": "我一直搞不懂，限购奶粉到底触碰了谁的利益？",
            "time": "18-6-23 12:52"
        },
        {
            "comment id": 37,
            "parent": 36,
            "children": [],
            "user id": "2526442290",
            "user name": "鱼先生Mr_sardine",
            "content": "回复@瓦素总统啦:可能政府有政府的考虑，另限购不是越限越紧张嘛。",
            "time": "18-6-24 13:10"
        },
        {
            "comment id": 38,
            "parent": 36,
            "children": [],
            "user id": "1717641870",
            "user name": "瓦素统统啦",
            "content": "香港特区政府规定，每位访港旅客每次最多只能携带两罐婴儿奶粉处境，容量都好像有规定不能超过多少毫升的。至于内地海关压根不会管你带多少奶粉啊，这不在我们的违禁品清单里的。",
            "time": "18-6-23 15:29"
        },
        {
            "comment id": 39,
            "parent": 36,
            "children": [],
            "user id": "1717641870",
            "user name": "瓦素统统啦",
            "content": "这件事的前因后果还是要说一说三鹿，自从三聚氰胺事件以后，香港的水货客奶粉生意空前火爆，于是很多奸商开始囤货造成市面奶粉荒的假象以便涨价牟利，这下香港本地人愤怒了，认为是内地人抢光了奶粉导致本地宝宝奶粉饥荒，一度出现蝗虫等侮辱性词汇形容内地人，最后香港政府做出了限制携带奶粉的决定。",
            "time": "18-6-23 15:26"
        },
        {
            "comment id": 40,
            "parent": 36,
            "children": [],
            "user id": "2161788652",
            "user name": "豌豆上公主",
            "content": "动了香港婴儿的利益，因为限购配方奶粉是香港政府在执行",
            "time": "18-6-23 13:31"
        },
        {
            "comment id": 41,
            "parent": -1,
            "children": [],
            "user id": "3821856559",
            "user name": "就是小多啊",
            "content": "不管怎么样，辛苦了那个清洁工",
            "time": "18-7-18 11:43"
        },
        {
            "comment id": 42,
            "parent": -1,
            "children": [],
            "user id": "6120938063",
            "user name": "王册君Qxs",
            "content": "做得好，不然也被穿制服的给私吞了",
            "time": "18-6-27 11:23"
        },
        {
            "comment id": 43,
            "parent": -1,
            "children": [],
            "user id": "5720441069",
            "user name": "Aim叶",
            "content": "@Aim叶：深圳范围一手楼盘，申请额外折扣，退定金，拿保留房。咨询私聊",
            "time": "18-6-25 03:38"
        },
        {
            "comment id": 44,
            "parent": -1,
            "children": [],
            "user id": "1731031362",
            "user name": "哇小姐的2月情节",
            "content": "假的吧，应该是个水客！这里也不是海关，海关不会给你拍摄的",
            "time": "18-6-25 01:38"
        },
        {
            "comment id": 45,
            "parent": -1,
            "children": [],
            "user id": "2097562782",
            "user name": "不增不减ing",
            "content": "造谣者断章取义",
            "time": "18-6-24 22:39"
        },
        {
            "comment id": 46,
            "parent": -1,
            "children": [],
            "user id": "5622597002",
            "user name": "Ubsyebdix",
            "content": "还记得三鹿妈？",
            "time": "18-6-24 17:09"
        },
        {
            "comment id": 47,
            "parent": -1,
            "children": [],
            "user id": "1803079024",
            "user name": "SHENGWEILI",
            "content": "哎，这是何必呢！！！",
            "time": "18-6-24 11:27"
        },
        {
            "comment id": 48,
            "parent": -1,
            "children": [],
            "user id": "1770953963",
            "user name": "一碗窝蛋煲仔饭",
            "content": "事发现场已不在海关监管区，已进入地铁，纯属营销号造谣看图说话。删了吧",
            "time": "18-6-24 09:56"
        },
        {
            "comment id": 49,
            "parent": -1,
            "children": [],
            "user id": "1990158511",
            "user name": "小螺1号",
            "content": "可惜了，这么多奶粉够我家姑娘吃一年该有吧！！！！",
            "time": "18-6-24 08:10"
        },
        {
            "comment id": 50,
            "parent": -1,
            "children": [],
            "user id": "3579682450",
            "user name": "Yuzuru茶",
            "content": "清洁工做错了什么…",
            "time": "18-6-24 00:48"
        },
        {
            "comment id": 51,
            "parent": -1,
            "children": [],
            "user id": "5195523059",
            "user name": "十等生",
            "content": "造谣已举报",
            "time": "18-6-23 23:01"
        },
        {
            "comment id": 52,
            "parent": -1,
            "children": [],
            "user id": "1741959572",
            "user name": "一个好人林先生",
            "content": "该查！",
            "time": "18-6-23 22:37"
        },
        {
            "comment id": 53,
            "parent": -1,
            "children": [],
            "user id": "5591881455",
            "user name": "一野摧城",
            "content": "造谣可耻，诚实可贵",
            "time": "18-6-23 22:24"
        },
        {
            "comment id": 54,
            "parent": -1,
            "children": [],
            "user id": "5986084799",
            "user name": "SmWeiAi",
            "content": "瞎造谣啥啊  真的是无语",
            "time": "18-6-23 18:18"
        },
        {
            "comment id": 55,
            "parent": -1,
            "children": [],
            "user id": "5563774728",
            "user name": "Mnzemx八肆",
            "content": "你咋这么能带节奏呢。",
            "time": "18-6-23 17:45"
        },
        {
            "comment id": 56,
            "parent": -1,
            "children": [],
            "user id": "6473076336",
            "user name": "王不留行的名单2009",
            "content": "一看就不是海关，瞎说",
            "time": "18-6-23 17:33"
        },
        {
            "comment id": 57,
            "parent": -1,
            "children": [],
            "user id": "2283559690",
            "user name": "深圳市沐原文化传播有限公司",
            "content": "不好意思  这里已经是深圳地铁了。欺负别人没去过罗湖关？",
            "time": "18-6-23 16:45"
        },
        {
            "comment id": 58,
            "parent": -1,
            "children": [],
            "user id": "5605083551",
            "user name": "麻烦是朋友ooo",
            "content": "捡起来，清洁阿姨不辛苦吗",
            "time": "18-6-23 16:15"
        },
        {
            "comment id": 59,
            "parent": -1,
            "children": [],
            "user id": "5932328926",
            "user name": "NNNNODLEHS",
            "content": "转 评 过500，大家配合下",
            "time": "18-6-23 15:01"
        },
        {
            "comment id": 60,
            "parent": -1,
            "children": [],
            "user id": "2824361934",
            "user name": "尤A-mor",
            "content": "放的屁真响",
            "time": "18-6-23 14:53"
        },
        {
            "comment id": 61,
            "parent": -1,
            "children": [],
            "user id": "1457214612",
            "user name": "浅浅的肉包",
            "content": "已举报。",
            "time": "18-6-23 13:58"
        },
        {
            "comment id": 62,
            "parent": -1,
            "children": [],
            "user id": "1076198364",
            "user name": "果冻YYYk_5",
            "content": "为转发过500贡献一下",
            "time": "18-6-23 13:26"
        },
        {
            "comment id": 63,
            "parent": -1,
            "children": [],
            "user id": "1948595670",
            "user name": "小铃铛279",
            "content": "造谣抹黑很顺手",
            "time": "18-6-23 13:19"
        },
        {
            "comment id": 64,
            "parent": -1,
            "children": [],
            "user id": "2460246227",
            "user name": "Asuka_Ki",
            "content": "走私不没收等着干嘛？",
            "time": "18-6-23 13:09"
        },
        {
            "comment id": 65,
            "parent": -1,
            "children": [],
            "user id": "1408632984",
            "user name": "小屁皮卡丘_0109",
            "content": "还是关税问题",
            "time": "18-6-23 10:34"
        },
        {
            "comment id": 66,
            "parent": -1,
            "children": [],
            "user id": "2184854965",
            "user name": "我的世界瞎了",
            "content": "玛德，这个网评怎么没法赞。",
            "time": "18-6-23 10:16"
        },
        {
            "comment id": 67,
            "parent": -1,
            "children": [],
            "user id": "5194618427",
            "user name": "晚奥陶纪",
            "content": "这应该是倒腾买卖奶粉的，罗湖口岸香港奶粉黑交易",
            "time": "18-6-23 07:32"
        },
        {
            "comment id": 68,
            "parent": -1,
            "children": [],
            "user id": "1788987631",
            "user name": "是你的小虾米哟",
            "content": "看样子是地铁",
            "time": "18-6-22 20:14"
        },
        {
            "comment id": 69,
            "parent": -1,
            "children": [],
            "user id": "6308211979",
            "user name": "咖啡豆的弟弟",
            "content": "你好，大概知道什么时间吗？",
            "time": "18-6-22 12:43"
        },
        {
            "comment id": 70,
            "parent": -1,
            "children": [],
            "user id": "6464370160",
            "user name": "活在当下6464370160",
            "content": "出香港时只能带两桶。估计多的不会给摔掉的机会。要坐牢的",
            "time": "18-6-27 12:17"
        },
        {
            "comment id": 71,
            "parent": -1,
            "children": [],
            "user id": "6293758034",
            "user name": "努力奋斗的小G",
            "content": "造谣，已举报，这种带节奏的。新浪还给上热门",
            "time": "18-6-25 09:19"
        },
        {
            "comment id": 72,
            "parent": -1,
            "children": [],
            "user id": "2683402253",
            "user name": "rokichaos",
            "content": "归根到底就是有些人对身体管理不放心觉得自然奶不如合成奶才有这么多事都母乳喂养不就什么事都没了",
            "time": "18-6-24 12:19"
        },
        {
            "comment id": 73,
            "parent": -1,
            "children": [],
            "user id": "6473497596",
            "user name": "xu许小武",
            "content": "都是为了生活，为何要咄咄逼人",
            "time": "18-6-24 11:18"
        },
        {
            "comment id": 74,
            "parent": -1,
            "children": [],
            "user id": "6427949604",
            "user name": "明天更美好一直在-721",
            "content": "虚假消息混淆视听！不允许带两罐（不含两罐）以上奶粉离港是香港方面的规定，我国大陆方面没有此限制规定。",
            "time": "18-6-23 16:58"
        },
        {
            "comment id": 75,
            "parent": -1,
            "children": [],
            "user id": "6245811085",
            "user name": "貮月十五",
            "content": "曾经有过在香港带水果回来，就是在通完内地最后关口过被拦截，然后啥都没讲就把水果扔旁边的垃圾桶，经我问了才说指了下提示牌，还有没说啥",
            "time": "18-6-23 07:44"
        },
        {
            "comment id": 76,
            "parent": -1,
            "children": [],
            "user id": "5614419553",
            "user name": "juwita201505",
            "content": "我觉得我们政府真的得思考下为啥宝妈要代购国外奶粉这个问题，国内的食品安全以及高物价真的让我们很无奈",
            "time": "18-7-7 21:54"
        },
        {
            "comment id": 77,
            "parent": -1,
            "children": [],
            "user id": "3576001885",
            "user name": "wlk4568",
            "content": "@12360海关热线  已辟谣 请@微博辟谣  处理此微博",
            "time": "18-6-24 16:54"
        },
        {
            "comment id": 78,
            "parent": -1,
            "children": [],
            "user id": "3015934180",
            "user name": "笑了-笑的泪",
            "content": "确定不是代购",
            "time": "18-6-24 10:49"
        },
        {
            "comment id": 79,
            "parent": -1,
            "children": [],
            "user id": "3516438460",
            "user name": "玩微博不值得取个名字",
            "content": "1.哪只眼睛看到是海关？2.拍摄地是地铁通道，黑色制服是“南湖市容巡查”。3.怎么确定这是一位母亲而不是职业代购走私？4中国配方奶粉2017年月月抽检合格率99.5%。5.过去两年内，欧洲屡发婴幼儿配方奶粉造假大案与配方奶粉污染大案。6过去两年内，香港多次召回不合格婴幼儿配方奶粉。",
            "time": "18-6-23 19:04"
        },
        {
            "comment id": 80,
            "parent": -1,
            "children": [],
            "user id": "1659553525",
            "user name": "古方山男",
            "content": "造谣死全家",
            "time": "18-6-23 13:09"
        },
        {
            "comment id": 81,
            "parent": -1,
            "children": [
                82
            ],
            "user id": "2645006320",
            "user name": "客官不要急",
            "content": "#微博辟谣# 事发现场已不在海关监管区，已进入地铁，纯属营销号造谣看图说话。麻烦看到的人帮忙举报",
            "time": "18-6-23 12:59"
        },
        {
            "comment id": 82,
            "parent": 81,
            "children": [],
            "user id": "2185801700",
            "user name": "une_enu",
            "content": "帮顶",
            "time": "18-6-23 13:01"
        },
        {
            "comment id": 83,
            "parent": -1,
            "children": [],
            "user id": "2859691454",
            "user name": "焼酒栗芝",
            "content": "深户可以一签多行，真的是自己孩子买的话，多去几次好了",
            "time": "18-6-23 09:52"
        },
        {
            "comment id": 84,
            "parent": -1,
            "children": [],
            "user id": "6002696536",
            "user name": "想要飞的人儿",
            "content": "一看就代购。这么多不同品牌。",
            "time": "18-6-23 09:00"
        },
        {
            "comment id": 85,
            "parent": -1,
            "children": [],
            "user id": "2645006320",
            "user name": "客官不要急",
            "content": "删了吧，省得我举报",
            "time": "18-6-22 21:18"
        },
        {
            "comment id": 86,
            "parent": -1,
            "children": [],
            "user id": "2645006320",
            "user name": "客官不要急",
            "content": "#微博辟谣# 事发现场已不在海关监管区，已进入地铁，纯属营销号造谣看图说话。",
            "time": "18-6-22 19:53"
        },
        {
            "comment id": 87,
            "parent": -1,
            "children": [
                92,
                95
            ],
            "user id": "6260318188",
            "user name": "北倍儿",
            "content": "1.香港限购奶粉，超2瓶要坐牢。不是简单的没收。 2.估计这女的要被起诉 3.就算不限购，只要带的东西不是合理自用，就要没收或者减税。这女的买的奶粉不是同一品牌，估计是代购。 以上是个人观点",
            "time": "18-6-22 17:50"
        },
        {
            "comment id": 88,
            "parent": 89,
            "children": [],
            "user id": "5973627448",
            "user name": "波多野189",
            "content": "回复@MOJO灰:你唔顺气（?）   垃圾  你有閪资格同我讲野?  弹开明白?",
            "time": "18-6-27 12:10"
        },
        {
            "comment id": 89,
            "parent": 90,
            "children": [
                88
            ],
            "user id": "1099035067",
            "user name": "MOJO灰",
            "content": "回复@波多野189:1.人家的评论，你让人家死开辣？ 2.国外政府辣么好，你就算国籍更改，也依然改变不了你流淌着你所谓垃圾国家的人的血液，换了国籍，顺便换个血吧？非政府人员的吃瓜群众？",
            "time": "18-6-27 11:53"
        },
        {
            "comment id": 90,
            "parent": 91,
            "children": [
                89
            ],
            "user id": "5973627448",
            "user name": "波多野189",
            "content": "回复@靠谱典:已经早就走啦， 唔洗你讲辣",
            "time": "18-6-23 10:48"
        },
        {
            "comment id": 91,
            "parent": 93,
            "children": [
                90
            ],
            "user id": "2357834453",
            "user name": "靠谱典",
            "content": "回复@波多野189:做中国人那么累、那就别在中国啊！",
            "time": "18-6-23 06:45"
        },
        {
            "comment id": 92,
            "parent": 87,
            "children": [],
            "user id": "1437993672",
            "user name": "爆裂飞车可达鸭",
            "content": "这位置已经在深圳境内了 你拿香港的法律管内地德事儿你是要造反吗",
            "time": "18-6-23 00:08"
        },
        {
            "comment id": 93,
            "parent": 94,
            "children": [
                91
            ],
            "user id": "5973627448",
            "user name": "波多野189",
            "content": "回复@北倍儿:说的自己好伟大，死开辣，",
            "time": "18-6-22 19:15"
        },
        {
            "comment id": 94,
            "parent": 95,
            "children": [
                93
            ],
            "user id": "6260318188",
            "user name": "北倍儿",
            "content": "回复@波多野189:中国是因为有你这种人才垃圾的，不要记错了因果",
            "time": "18-6-22 19:14"
        },
        {
            "comment id": 95,
            "parent": 87,
            "children": [
                94
            ],
            "user id": "5973627448",
            "user name": "波多野189",
            "content": "别说坐不坐牢了   反正一句话，政府垃圾 就代表全部了     所以出国不可以说自己是中国人  ，    要不然 很容易被骗，",
            "time": "18-6-22 18:59"
        }
    ]
}