{
    "source": {
        "content": "#石家庄# 事故刚刚发生在空中花园附近，风险就在身边。撞车时外卖小哥耳机上的线把喉管割断了，口中一直喷血，太可怕了！祈祷外卖小哥逃过这一劫。\n车多人多，路上一定安全第一！🙏🙏🙏#直播国际庄##国际庄#  网页链接 ",
        "time": "18-6-25 21:21",
        "user id": "1837586737",
        "tweet id": "Gn2rqiPpV",
        "label": 1,
        "theme": null
    },
    "comment": [
        {
            "comment id": 0,
            "parent": -1,
            "children": [
                1
            ],
            "user id": "5157053454",
            "user name": "7点30起床",
            "content": "根据@石家庄网警巡查执法，通报6月25日中午12:54分，石家庄建华大街东岗路南行200米左右南王村口附近发生两辆电动车相撞事故，事故中一人受伤较重，锁骨骨折，头部擦伤，伤者已经及时送医。至于网传的“伤者被佩戴的耳机肋断喉管”信息不实。请大家尊重事实，不要以讹传讹。",
            "time": "18-6-26 18:32"
        },
        {
            "comment id": 1,
            "parent": 0,
            "children": [],
            "user id": "1837586737",
            "user name": "直播国际庄",
            "content": "亲眼所见！",
            "time": "18-6-27 13:01"
        },
        {
            "comment id": 2,
            "parent": -1,
            "children": [],
            "user id": "2769859571",
            "user name": "Hei_武龙",
            "content": "送外卖的注意点 横冲直撞的骑电摩从来不看路还老骑车看手机 时间再紧也不能这样整 自己遭罪身边人也受连带。现在见到送外卖的都害怕 都特么有阴影",
            "time": "18-6-26 09:52"
        },
        {
            "comment id": 3,
            "parent": -1,
            "children": [],
            "user id": "2260943067",
            "user name": "Hawyer",
            "content": "有后续报道吗",
            "time": "18-6-26 16:53"
        },
        {
            "comment id": 4,
            "parent": -1,
            "children": [],
            "user id": "2219047377",
            "user name": "晶咪是个花婶婶",
            "content": "后续是怎样的  骑手怎么样了",
            "time": "18-6-26 13:15"
        },
        {
            "comment id": 5,
            "parent": -1,
            "children": [],
            "user id": "1224697132",
            "user name": "石家庄婚礼达人",
            "content": "#石家庄# 事故刚刚发生在空中花园附近，风险就在身边。撞车时外卖小哥耳机上的线把喉管割断了，口中一直喷血，太可怕了！祈祷外卖小哥逃过这一劫。 车多人多，路上一定安全第一！🙏🙏🙏#直播国际庄##国际庄#",
            "time": "18-6-25 21:23"
        }
    ]
}