{
    "source": {
        "content": "突发！石家庄外卖小哥戴耳机骑电车，撞了，据说是耳机把喉管勒断了！快递、外卖都太猛。希望人平安！其他人引以为戒。聊一毛钱的超话 网页链接 ",
        "time": "18-6-26 13:51",
        "user id": "2097274622",
        "tweet id": "Gn8Vh5mSI",
        "label": 1,
        "theme": null
    },
    "comment": [
        {
            "comment id": 0,
            "parent": -1,
            "children": [],
            "user id": "5549025440",
            "user name": "小澂子",
            "content": "已经辟谣了！跟耳机无关。",
            "time": "18-6-26 14:11"
        },
        {
            "comment id": 1,
            "parent": -1,
            "children": [],
            "user id": "1909725713",
            "user name": "倪一呀",
            "content": "太恐怖了！我之前也干过骑手，建议大家还是带蓝牙耳机吧，几单就跑出来了。为了自己的安全。🙏",
            "time": "18-6-26 13:59"
        },
        {
            "comment id": 2,
            "parent": -1,
            "children": [],
            "user id": "1878394720",
            "user name": "YzShiii",
            "content": "还是用蓝牙耳机吧，当然，骑车、开车的时候最好不要使用手机",
            "time": "18-6-26 14:37"
        },
        {
            "comment id": 3,
            "parent": -1,
            "children": [],
            "user id": "2623790293",
            "user name": "Shocker_17",
            "content": "对方那哥们也没想到骑个电动车能撞成这样 有保险么 怎么赔偿 🙏",
            "time": "18-6-26 21:09"
        },
        {
            "comment id": 4,
            "parent": -1,
            "children": [],
            "user id": "5508893206",
            "user name": "背包-张正冬",
            "content": "会不会是脖子上的挂件？",
            "time": "18-6-26 15:50"
        },
        {
            "comment id": 5,
            "parent": -1,
            "children": [],
            "user id": "5999845003",
            "user name": "曹兵冰",
            "content": "我昨天就看到了",
            "time": "18-6-26 15:07"
        },
        {
            "comment id": 6,
            "parent": -1,
            "children": [],
            "user id": "2415897215",
            "user name": "零零碎碎的小思绪_",
            "content": "但愿没大事",
            "time": "18-6-26 14:05"
        },
        {
            "comment id": 7,
            "parent": -1,
            "children": [],
            "user id": "2415897215",
            "user name": "零零碎碎的小思绪_",
            "content": "好结实的耳机",
            "time": "18-6-26 14:05"
        },
        {
            "comment id": 8,
            "parent": -1,
            "children": [],
            "user id": "1650615750",
            "user name": "有点个意思",
            "content": "估计要被自己的血淹死",
            "time": "18-6-26 13:56"
        },
        {
            "comment id": 9,
            "parent": -1,
            "children": [
                10,
                11,
                12
            ],
            "user id": "6542135066",
            "user name": "三鹿牌鸿毛药酒",
            "content": "河南人没一个好东西",
            "time": "18-6-26 13:53"
        },
        {
            "comment id": 10,
            "parent": 9,
            "children": [],
            "user id": "1850070134",
            "user name": "榴莲味的艺涵",
            "content": "你他妈的隔壁",
            "time": "18-6-26 23:08"
        },
        {
            "comment id": 11,
            "parent": 9,
            "children": [],
            "user id": "2699334661",
            "user name": "未来的路有你J",
            "content": "你他妈的给自己地址什么改改啊，别用河南，，，，辣鸡，，丢人",
            "time": "18-6-26 23:02"
        },
        {
            "comment id": 12,
            "parent": 9,
            "children": [],
            "user id": "2882886417",
            "user name": "六月初六僧",
            "content": "你是没脑子的人么？",
            "time": "18-6-26 13:57"
        },
        {
            "comment id": 13,
            "parent": -1,
            "children": [],
            "user id": "5537795663",
            "user name": "-丁毅",
            "content": "卧槽看的我浑身一激灵",
            "time": "18-6-26 13:53"
        }
    ]
}