{
    "source": {
        "content": "突发事件，昨天济宁高新区两电动车相撞，美团小哥被耳机线勒到，再次提醒大家。骑车千万别带耳机🎧，影响注意力还存在很大危险性。#济宁本地人# 济宁本地人的秒拍视频 ",
        "time": "18-6-26 18:43",
        "user id": "1997704702",
        "tweet id": "GnaPOvvuO",
        "label": 1,
        "theme": null
    },
    "comment": [
        {
            "comment id": 0,
            "parent": -1,
            "children": [
                1
            ],
            "user id": "5395596262",
            "user name": "嵩嵩赫赫",
            "content": "今天刚看了说是石家庄",
            "time": "18-6-26 19:47"
        },
        {
            "comment id": 1,
            "parent": 0,
            "children": [],
            "user id": "1997704702",
            "user name": "济宁本地人",
            "content": "好吧，注意骑车别带耳机就好，我听口音像是我们附近的",
            "time": "18-6-26 22:32"
        },
        {
            "comment id": 2,
            "parent": -1,
            "children": [],
            "user id": "1997704702",
            "user name": "济宁本地人",
            "content": "大家不要再转了，假的，对于没有判别视频真实性就发微博给大家道歉。博主本意是想告诉大家，骑车注意安全，带耳机是不正确的",
            "time": "18-7-3 18:17"
        },
        {
            "comment id": 3,
            "parent": -1,
            "children": [
                4
            ],
            "user id": "5501025089",
            "user name": "蒜水捞面",
            "content": "假的，不要再传了",
            "time": "18-6-26 18:45"
        },
        {
            "comment id": 4,
            "parent": 3,
            "children": [],
            "user id": "1997704702",
            "user name": "济宁本地人",
            "content": "嗯，至少骑车别带耳机🎧是对的，确实危险。",
            "time": "18-6-26 22:32"
        },
        {
            "comment id": 5,
            "parent": -1,
            "children": [],
            "user id": "6233965007",
            "user name": "_曉_斐",
            "content": "造谣传播者 丢人",
            "time": "18-7-2 13:54"
        }
    ]
}