{
    "source": {
        "content": "昨天刷爆朋友圈的视频，老婆拿了老公的钱买衣服被打，最后老婆跳楼？\n多么痛的结局 !所以女人啊！好好赚钱💰当你没有经济能力时，尽管你像花一样美，但你已经失去了任性的特权！ 女人一定要记住，经济独立才是你这辈子最大的特权！ 笑容背后那抹泪的秒拍视频 ",
        "time": "18-6-26 18:42",
        "user id": "5232510939",
        "tweet id": "GnaPm9DsO",
        "label": 1,
        "theme": null
    },
    "comment": [
        {
            "comment id": 0,
            "parent": -1,
            "children": [
                1,
                2,
                17
            ],
            "user id": "6526047271",
            "user name": "MatsonHuangXiuQuan",
            "content": "去把原视频看了再说话，发东西动动脑子。别人家说什么你就信什么。你在现场？",
            "time": "18-7-11 10:51"
        },
        {
            "comment id": 1,
            "parent": 0,
            "children": [],
            "user id": "5232510939",
            "user name": "笑容背后那抹泪",
            "content": "回复@_刹那芳华丶__:你全家都蠢",
            "time": "18-7-28 09:13"
        },
        {
            "comment id": 2,
            "parent": 0,
            "children": [],
            "user id": "2040587755",
            "user name": "__伯言丶__",
            "content": "这博主蠢的一比",
            "time": "18-7-27 14:23"
        },
        {
            "comment id": 3,
            "parent": 4,
            "children": [],
            "user id": "5232510939",
            "user name": "笑容背后那抹泪",
            "content": "回复@MatsonHuangXiuQuan:信球",
            "time": "18-7-14 21:33"
        },
        {
            "comment id": 4,
            "parent": 5,
            "children": [
                3
            ],
            "user id": "6526047271",
            "user name": "MatsonHuangXiuQuan",
            "content": "回复@笑容背后那抹泪:多看看书。看看新闻。远比你做微商有意义的多。微商就是变相传销。洗脑洗脑洗脑。",
            "time": "18-7-14 11:36"
        },
        {
            "comment id": 5,
            "parent": 8,
            "children": [
                4
            ],
            "user id": "5232510939",
            "user name": "笑容背后那抹泪",
            "content": "回复@男宾三位里面请:不知道网红？",
            "time": "18-7-14 08:42"
        },
        {
            "comment id": 6,
            "parent": 9,
            "children": [],
            "user id": "5232510939",
            "user name": "笑容背后那抹泪",
            "content": "回复@MatsonHuangXiuQuan:都是些闲人",
            "time": "18-7-14 08:42"
        },
        {
            "comment id": 7,
            "parent": 8,
            "children": [],
            "user id": "5232510939",
            "user name": "笑容背后那抹泪",
            "content": "回复@男宾三位里面请:你是不是活的像乞丐？",
            "time": "18-7-14 08:41"
        },
        {
            "comment id": 8,
            "parent": 9,
            "children": [
                5,
                7
            ],
            "user id": "5189682606",
            "user name": "男宾三位里面请",
            "content": "回复@MatsonHuangXiuQuan:她已经被微博处理了，还敢散播谣言呢，微博管理已经给反馈了，像这种人，就是社会最最最低层人员，自己活的不如意，然后想引战，她连乞丐都不如",
            "time": "18-7-13 17:43"
        },
        {
            "comment id": 9,
            "parent": 11,
            "children": [
                6,
                8
            ],
            "user id": "6526047271",
            "user name": "MatsonHuangXiuQuan",
            "content": "回复@笑容背后那抹泪:这个真没必要嫉妒，你文章阅读量高那是你有本事。 但不认同你张冠李戴。",
            "time": "18-7-13 12:04"
        },
        {
            "comment id": 10,
            "parent": 11,
            "children": [],
            "user id": "5189682606",
            "user name": "男宾三位里面请",
            "content": "回复@笑容背后那抹泪:你是不是活的很惨？",
            "time": "18-7-13 09:21"
        },
        {
            "comment id": 11,
            "parent": 12,
            "children": [
                9,
                10
            ],
            "user id": "5232510939",
            "user name": "笑容背后那抹泪",
            "content": "回复@MatsonHuangXiuQuan:你是嫉妒阅读量吧，现在多少男人就是这样。",
            "time": "18-7-13 08:07"
        },
        {
            "comment id": 12,
            "parent": 13,
            "children": [
                11
            ],
            "user id": "6526047271",
            "user name": "MatsonHuangXiuQuan",
            "content": "回复@笑容背后那抹泪:事实而已？自己去看看新闻吧。一叶障目还自以为是！",
            "time": "18-7-13 05:21"
        },
        {
            "comment id": 13,
            "parent": 14,
            "children": [
                12
            ],
            "user id": "5232510939",
            "user name": "笑容背后那抹泪",
            "content": "回复@MatsonHuangXiuQuan:你在现场。事实而已",
            "time": "18-7-12 22:45"
        },
        {
            "comment id": 14,
            "parent": 15,
            "children": [
                13
            ],
            "user id": "6526047271",
            "user name": "MatsonHuangXiuQuan",
            "content": "回复@笑容背后那抹泪:呵呵",
            "time": "18-7-12 09:11"
        },
        {
            "comment id": 15,
            "parent": 16,
            "children": [
                14
            ],
            "user id": "5232510939",
            "user name": "笑容背后那抹泪",
            "content": "回复@MatsonHuangXiuQuan:你在旁边看着里",
            "time": "18-7-12 07:58"
        },
        {
            "comment id": 16,
            "parent": 17,
            "children": [
                15
            ],
            "user id": "6526047271",
            "user name": "MatsonHuangXiuQuan",
            "content": "回复@笑容背后那抹泪:呵呵，第一个视频是这女的把孩子搞丢了还在那买衣服，老公找半天才找到，然后就出现视频里一幕。第二个视频已经是几年前的事了。事情不了解就别一天到晚毒鸡汤。🤙🤙🤙",
            "time": "18-7-12 04:09"
        },
        {
            "comment id": 17,
            "parent": 0,
            "children": [
                16
            ],
            "user id": "5232510939",
            "user name": "笑容背后那抹泪",
            "content": "你不会听，你没脑子，还是没耳朵不会听",
            "time": "18-7-11 12:55"
        },
        {
            "comment id": 18,
            "parent": -1,
            "children": [
                21,
                22
            ],
            "user id": "2127084230",
            "user name": "德克嘶特的姐姐叫蒂蒂",
            "content": "不造谣会死",
            "time": "18-7-9 14:00"
        },
        {
            "comment id": 19,
            "parent": 20,
            "children": [],
            "user id": "5232510939",
            "user name": "笑容背后那抹泪",
            "content": "回复@-蟑螂恶霸_:滚",
            "time": "18-7-22 07:26"
        },
        {
            "comment id": 20,
            "parent": 21,
            "children": [
                19
            ],
            "user id": "2026709442",
            "user name": "-蟑螂恶霸_",
            "content": "回复@笑容背后那抹泪:招摇一时爽 全家火葬场",
            "time": "18-7-21 23:25"
        },
        {
            "comment id": 21,
            "parent": 18,
            "children": [
                20
            ],
            "user id": "5232510939",
            "user name": "笑容背后那抹泪",
            "content": "你瞎不会还是聋不会看听",
            "time": "18-7-11 17:12"
        },
        {
            "comment id": 22,
            "parent": 18,
            "children": [],
            "user id": "5232510939",
            "user name": "笑容背后那抹泪",
            "content": "能文明说话不！！！是事实",
            "time": "18-7-9 21:29"
        },
        {
            "comment id": 23,
            "parent": -1,
            "children": [
                27
            ],
            "user id": "2026709442",
            "user name": "-蟑螂恶霸_",
            "content": "这智障大妈……",
            "time": "18-7-21 23:26"
        },
        {
            "comment id": 24,
            "parent": 25,
            "children": [],
            "user id": "2026709442",
            "user name": "-蟑螂恶霸_",
            "content": "回复@笑容背后那抹泪:河南",
            "time": "18-7-22 16:10"
        },
        {
            "comment id": 25,
            "parent": 26,
            "children": [
                24
            ],
            "user id": "5232510939",
            "user name": "笑容背后那抹泪",
            "content": "回复@-蟑螂恶霸_:我刚知道你老母亲去世",
            "time": "18-7-22 15:02"
        },
        {
            "comment id": 26,
            "parent": 27,
            "children": [
                25
            ],
            "user id": "2026709442",
            "user name": "-蟑螂恶霸_",
            "content": "回复@笑容背后那抹泪:你老母亲去世了吗？",
            "time": "18-7-22 11:09"
        },
        {
            "comment id": 27,
            "parent": 23,
            "children": [
                26
            ],
            "user id": "5232510939",
            "user name": "笑容背后那抹泪",
            "content": "你全家都是智障",
            "time": "18-7-22 07:26"
        },
        {
            "comment id": 28,
            "parent": -1,
            "children": [
                29,
                30
            ],
            "user id": "5898320240",
            "user name": "别虫嚷",
            "content": "此内容不实已处理😂 ，还在别楼张牙舞爪，博主脸疼不",
            "time": "18-7-22 02:39"
        },
        {
            "comment id": 29,
            "parent": 28,
            "children": [],
            "user id": "5232510939",
            "user name": "笑容背后那抹泪",
            "content": "滚",
            "time": "18-7-22 07:26"
        },
        {
            "comment id": 30,
            "parent": 28,
            "children": [],
            "user id": "5585915451",
            "user name": "小馄饨皮包饺子",
            "content": "最服气这种人，死皮赖脸的微博都处理了，还在自圆其说",
            "time": "18-7-29 17:13"
        },
        {
            "comment id": 31,
            "parent": -1,
            "children": [
                32,
                33
            ],
            "user id": "5625768102",
            "user name": "水煮春卷不放葱",
            "content": "微商最爱的题材",
            "time": "18-6-29 16:48"
        },
        {
            "comment id": 32,
            "parent": 31,
            "children": [],
            "user id": "5232510939",
            "user name": "笑容背后那抹泪",
            "content": "但是也是现实",
            "time": "18-7-3 22:24"
        },
        {
            "comment id": 33,
            "parent": 31,
            "children": [],
            "user id": "5232510939",
            "user name": "笑容背后那抹泪",
            "content": "的确",
            "time": "18-7-3 22:24"
        },
        {
            "comment id": 34,
            "parent": -1,
            "children": [
                35
            ],
            "user id": "5337841112",
            "user name": "浪好吖",
            "content": "微商编故事洗脑",
            "time": "18-7-4 15:36"
        },
        {
            "comment id": 35,
            "parent": 34,
            "children": [],
            "user id": "5232510939",
            "user name": "笑容背后那抹泪",
            "content": "这能编？",
            "time": "18-7-11 12:57"
        },
        {
            "comment id": 36,
            "parent": -1,
            "children": [
                37
            ],
            "user id": "5530459578",
            "user name": "慧仔01157286",
            "content": "挣钱还是要靠自己",
            "time": "18-7-4 12:17"
        },
        {
            "comment id": 37,
            "parent": 36,
            "children": [],
            "user id": "5232510939",
            "user name": "笑容背后那抹泪",
            "content": "的确",
            "time": "18-7-4 22:10"
        },
        {
            "comment id": 38,
            "parent": -1,
            "children": [
                39
            ],
            "user id": "1352618074",
            "user name": "一位不愿意透露姓名的吕晓峰先生",
            "content": "智障",
            "time": "18-7-13 12:20"
        },
        {
            "comment id": 39,
            "parent": 38,
            "children": [],
            "user id": "5232510939",
            "user name": "笑容背后那抹泪",
            "content": "你不智障可以无视",
            "time": "18-7-14 08:42"
        },
        {
            "comment id": 40,
            "parent": -1,
            "children": [
                41
            ],
            "user id": "6032604717",
            "user name": "壹銩銩i",
            "content": "早已经辟谣了，还发出来，想坐牢？",
            "time": "18-7-12 15:44"
        },
        {
            "comment id": 41,
            "parent": 40,
            "children": [],
            "user id": "5232510939",
            "user name": "笑容背后那抹泪",
            "content": "呵呵，不知道",
            "time": "18-7-12 22:45"
        },
        {
            "comment id": 42,
            "parent": -1,
            "children": [
                43
            ],
            "user id": "1747791927",
            "user name": "伫望pp",
            "content": "微商最爱题材",
            "time": "18-7-6 07:15"
        },
        {
            "comment id": 43,
            "parent": 42,
            "children": [],
            "user id": "5232510939",
            "user name": "笑容背后那抹泪",
            "content": "也是现实",
            "time": "18-7-6 23:44"
        },
        {
            "comment id": 44,
            "parent": -1,
            "children": [],
            "user id": "5232510939",
            "user name": "笑容背后那抹泪",
            "content": "回复@蓝蓝的天_28384 的表态:谢谢关注",
            "time": "18-7-7 22:12"
        },
        {
            "comment id": 45,
            "parent": -1,
            "children": [],
            "user id": "5232510939",
            "user name": "笑容背后那抹泪",
            "content": "麻烦有些人文明用户语，别丢人现眼，你可以选择闭嘴",
            "time": "18-7-11 17:15"
        },
        {
            "comment id": 46,
            "parent": -1,
            "children": [],
            "user id": "5232510939",
            "user name": "笑容背后那抹泪",
            "content": "回复@美美15669 的表态:谢谢",
            "time": "18-7-4 22:10"
        },
        {
            "comment id": 47,
            "parent": -1,
            "children": [],
            "user id": "5232510939",
            "user name": "笑容背后那抹泪",
            "content": "回复@美美15669 的表态:谢谢关注",
            "time": "18-7-3 22:23"
        },
        {
            "comment id": 48,
            "parent": -1,
            "children": [],
            "user id": "5232510939",
            "user name": "笑容背后那抹泪",
            "content": "回复@ezysunl 的表态:谢谢",
            "time": "18-7-1 08:19"
        },
        {
            "comment id": 49,
            "parent": -1,
            "children": [
                50
            ],
            "user id": "6478685357",
            "user name": "aa等待88",
            "content": "又是摇言",
            "time": "18-7-3 20:26"
        },
        {
            "comment id": 50,
            "parent": 49,
            "children": [],
            "user id": "5232510939",
            "user name": "笑容背后那抹泪",
            "content": "这个不是哦",
            "time": "18-7-3 22:23"
        },
        {
            "comment id": 51,
            "parent": -1,
            "children": [],
            "user id": "5242571755",
            "user name": "心浅悠",
            "content": "事实是这个孩子母亲把孩子弄丢了，还在没心没肺的买衣服，后来孩子被父亲找到了，所以气的动手了",
            "time": "18-7-21 19:48"
        }
    ]
}