{
    "source": {
        "content": "#合肥蹦极女孩# 传谣与辟谣\n一个吃瓜群众的自我救赎\n或者是一次深藏不漏的营销 苏州花骑部落户外--雨琪1973的秒拍视频 ",
        "time": "18-6-29 13:17",
        "user id": "1109137074",
        "tweet id": "GnAYNuqvf",
        "label": 1,
        "theme": null
    },
    "comment": [
        {
            "comment id": 0,
            "parent": -1,
            "children": [
                1,
                2,
                5,
                6,
                8,
                11,
                12,
                16,
                18,
                21,
                22
            ],
            "user id": "3031530823",
            "user name": "Instyle头像馆集",
            "content": "你全家死了你知道吗",
            "time": "18-7-5 07:57"
        },
        {
            "comment id": 1,
            "parent": 0,
            "children": [],
            "user id": "1109137074",
            "user name": "苏州花骑部落户外--雨琪1973",
            "content": "回复@繁华小布:请问你弄清楚了吗，人都有眼睛，就是没看到你的长到哪里去了",
            "time": "19-1-14 16:35"
        },
        {
            "comment id": 2,
            "parent": 0,
            "children": [],
            "user id": "1109137074",
            "user name": "苏州花骑部落户外--雨琪1973",
            "content": "回复@繁华小布:是的，要弄弄清楚才不会冤枉好人，不是争口舌之快，只图真相而已",
            "time": "18-8-24 08:20"
        },
        {
            "comment id": 3,
            "parent": 5,
            "children": [],
            "user id": "3031530823",
            "user name": "Instyle头像馆集",
            "content": "回复@苏州花骑部落户外--雨琪1973:自己没弄清楚就不要怪别人了，",
            "time": "18-7-31 18:44"
        },
        {
            "comment id": 4,
            "parent": 5,
            "children": [],
            "user id": "2725617707",
            "user name": "Me大大大大大柚子",
            "content": "回复@苏州花骑部落户外--雨琪1973:社会需要正能量应该被鼓励，希望你下次传播正能量时，还能带着当初单纯的心，不被影响，一个传递一个，星星之火 可以燎原。",
            "time": "18-7-23 05:25"
        },
        {
            "comment id": 5,
            "parent": 0,
            "children": [
                3,
                4
            ],
            "user id": "1109137074",
            "user name": "苏州花骑部落户外--雨琪1973",
            "content": "回复@繁华小布:您口中粉丝和我微博中的关注者不是一类人，他们不是脑残粉，而是在同一个人生观价值观圈子里有一样意识的人互相照应而已，没有人高高在上一呼百应，扭动世界滚轮的人也从来不是微博上呼风唤雨的人。可能眼睛看远一点，手指多点一下就能避免很多不必要的争吵",
            "time": "18-7-22 16:34"
        },
        {
            "comment id": 6,
            "parent": 0,
            "children": [],
            "user id": "1109137074",
            "user name": "苏州花骑部落户外--雨琪1973",
            "content": "回复@繁华小布:如果您不是在喷我 也请您喷的时候署名带姓，免得我回嘴的时候误伤。连发两条微博怎么了？不是明星大碗怎么了？就不能辟谣了？就不能有人关注了？我的微博没表达清楚引起误会是我不对，因为我没有考虑到这样一条小微博会引来这么多脏话。",
            "time": "18-7-22 16:32"
        },
        {
            "comment id": 7,
            "parent": 8,
            "children": [],
            "user id": "1109137074",
            "user name": "苏州花骑部落户外--雨琪1973",
            "content": "回复@Me大大大大大柚子:感谢理解，视频没有经过再次处理就直接上传会引起误会是我没有考虑到，浊者自浊清者自清，人群不同理解力也不同不用计较。毕竟世上不会有一件事能让所有人都认为是对的，还是感谢你的支持😊",
            "time": "18-7-22 16:23"
        },
        {
            "comment id": 8,
            "parent": 0,
            "children": [
                7
            ],
            "user id": "2725617707",
            "user name": "Me大大大大大柚子",
            "content": "回复@繁华小布:您随意，开心就好",
            "time": "18-7-19 11:27"
        },
        {
            "comment id": 9,
            "parent": 11,
            "children": [],
            "user id": "3031530823",
            "user name": "Instyle头像馆集",
            "content": "回复@Me大大大大大柚子:不对，你是清华毕业的，我是我奶奶交大的",
            "time": "18-7-19 11:23"
        },
        {
            "comment id": 10,
            "parent": 11,
            "children": [],
            "user id": "3031530823",
            "user name": "Instyle头像馆集",
            "content": "回复@Me大大大大大柚子:实话实说，我一个人骂他，你可以找我麻烦。现在不是我一个人，他不是很出名的，一般人不会去看他微博的。",
            "time": "18-7-19 11:21"
        },
        {
            "comment id": 11,
            "parent": 0,
            "children": [
                9,
                10
            ],
            "user id": "2725617707",
            "user name": "Me大大大大大柚子",
            "content": "回复@繁华小布:小女子不才，只是普通院校毕业，您说的都对，",
            "time": "18-7-19 11:21"
        },
        {
            "comment id": 12,
            "parent": 0,
            "children": [],
            "user id": "2725617707",
            "user name": "Me大大大大大柚子",
            "content": "回复@繁华小布:好吧，你说的都对",
            "time": "18-7-19 11:19"
        },
        {
            "comment id": 13,
            "parent": 16,
            "children": [],
            "user id": "3031530823",
            "user name": "Instyle头像馆集",
            "content": "回复@Me大大大大大柚子:自己不弄的明明白白，就算是误会你也怪不了别人。这种解释只有你这种高材生能理解，我们这种老百姓理解不了。",
            "time": "18-7-19 11:17"
        },
        {
            "comment id": 14,
            "parent": 16,
            "children": [],
            "user id": "3031530823",
            "user name": "Instyle头像馆集",
            "content": "回复@Me大大大大大柚子:那你只能怪微博只让我们这些骂他的人看到这条，而不是看到两条",
            "time": "18-7-19 11:15"
        },
        {
            "comment id": 15,
            "parent": 16,
            "children": [],
            "user id": "3031530823",
            "user name": "Instyle头像馆集",
            "content": "回复@Me大大大大大柚子:我刚看了一下解释在后面，这条微博就是没有解释，你以为是我一个人在骂他？",
            "time": "18-7-19 11:13"
        },
        {
            "comment id": 16,
            "parent": 0,
            "children": [
                13,
                14,
                15
            ],
            "user id": "2725617707",
            "user name": "Me大大大大大柚子",
            "content": "原文字.传言与辟谣，或者是一次营销操作，作者并没有说什么，大家要注意了，玩蹦极太恐怖了.人没了，请转发啥的，也没有忽悠让别人转发，从字面意思，不难理解作者想表达的思想吧，很难吗",
            "time": "18-7-19 11:12"
        },
        {
            "comment id": 17,
            "parent": 18,
            "children": [],
            "user id": "3031530823",
            "user name": "Instyle头像馆集",
            "content": "回复@Me大大大大大柚子:传谣与辟谣，然后下面还是原来的视频，是我脑子不好使，理解不了这意思？哪里解释了？",
            "time": "18-7-19 11:11"
        },
        {
            "comment id": 18,
            "parent": 0,
            "children": [
                17
            ],
            "user id": "2725617707",
            "user name": "Me大大大大大柚子",
            "content": "回复@繁华小布:图片评论 查看图片",
            "time": "18-7-19 11:10"
        },
        {
            "comment id": 19,
            "parent": 21,
            "children": [],
            "user id": "3031530823",
            "user name": "Instyle头像馆集",
            "content": "回复@Me大大大大大柚子:我看的很清楚好吗？没有任何解释，你看到了？在哪里？",
            "time": "18-7-19 10:57"
        },
        {
            "comment id": 20,
            "parent": 21,
            "children": [],
            "user id": "3031530823",
            "user name": "Instyle头像馆集",
            "content": "回复@Me大大大大大柚子:呵呵，他以为他粉丝很多？会看他的微博？所以要发两个？他以为他是谁？",
            "time": "18-7-19 10:57"
        },
        {
            "comment id": 21,
            "parent": 0,
            "children": [
                19,
                20
            ],
            "user id": "2725617707",
            "user name": "Me大大大大大柚子",
            "content": "能看清了再骂人吗，她是再辟谣，看微博不看字吗，人家好心提醒，还被你这么恶毒的骂，内心过的去吗",
            "time": "18-7-19 10:53"
        },
        {
            "comment id": 22,
            "parent": 0,
            "children": [],
            "user id": "1109137074",
            "user name": "苏州花骑部落户外--雨琪1973",
            "content": "恩 已经死了 拜你所赐 你开心了吗？请广大喷子们看清楚微博正文，并且本人连发两个微博是为澄清，而不是来传谣。",
            "time": "18-7-9 09:53"
        },
        {
            "comment id": 23,
            "parent": -1,
            "children": [
                24,
                25
            ],
            "user id": "6218284805",
            "user name": "啦啦啦123先森",
            "content": "已举报 不谢",
            "time": "18-6-30 20:34"
        },
        {
            "comment id": 24,
            "parent": 23,
            "children": [],
            "user id": "1109137074",
            "user name": "苏州花骑部落户外--雨琪1973",
            "content": "我就不懂了，你们举报的不看微博内容吗，我的本意是辟谣啊，并且直指此视频的制作者是在策划一起营销。连发两个微博辟谣好吗！！！！！",
            "time": "18-7-9 09:45"
        },
        {
            "comment id": 25,
            "parent": 23,
            "children": [],
            "user id": "6311230201",
            "user name": "药神来了",
            "content": "你成功了",
            "time": "18-7-4 20:39"
        },
        {
            "comment id": 26,
            "parent": -1,
            "children": [
                27
            ],
            "user id": "1153346201",
            "user name": "BBooool",
            "content": "傻缺吗？这谣言制造者，不怕被追究法律责任吗，合肥？你见过这么大的山？发之前先上网搜一下合肥蹦极长啥样。",
            "time": "18-7-5 08:16"
        },
        {
            "comment id": 27,
            "parent": 26,
            "children": [],
            "user id": "1109137074",
            "user name": "苏州花骑部落户外--雨琪1973",
            "content": "看微博内容了吗，我的本意是辟谣啊，并且直指此视频的制作者是在策划一起营销。连发两个微博辟谣好吗！！！！！",
            "time": "18-7-9 09:46"
        },
        {
            "comment id": 28,
            "parent": -1,
            "children": [
                29
            ],
            "user id": "6311230201",
            "user name": "药神来了",
            "content": "正在审核监督员，等着都给你们举报，你们越是不听话我越能完成监督员没月目标",
            "time": "18-7-4 17:54"
        },
        {
            "comment id": 29,
            "parent": 28,
            "children": [],
            "user id": "1109137074",
            "user name": "苏州花骑部落户外--雨琪1973",
            "content": "我就不懂了，你们举报的不看微博内容吗，我的本意是辟谣啊，并且直指此视频的制作者是在策划一起营销。连发两个微博辟谣好吗！！！！！",
            "time": "18-7-9 09:46"
        },
        {
            "comment id": 30,
            "parent": -1,
            "children": [
                31
            ],
            "user id": "5887187953",
            "user name": "牛牛是个大王",
            "content": "为了博眼球，什么都在这里瞎几把说",
            "time": "18-7-6 16:40"
        },
        {
            "comment id": 31,
            "parent": 30,
            "children": [
                32
            ],
            "user id": "1109137074",
            "user name": "苏州花骑部落户外--雨琪1973",
            "content": "呵呵一下  请看微博内容",
            "time": "18-7-9 09:49"
        },
        {
            "comment id": 32,
            "parent": 31,
            "children": [],
            "user id": "5887187953",
            "user name": "牛牛是个大王",
            "content": "回复@苏州花骑部落户外--雨琪1973:对不起，看了一下没看内容看错了，因为当时有些人拿这个刷热度，什么都在乱说，后来有我看了她本人的澄清视频，所以看到这些就有点烦，烦躁的同时就没耐心了，不好意思",
            "time": "18-7-9 13:00"
        },
        {
            "comment id": 33,
            "parent": -1,
            "children": [],
            "user id": "3896626400",
            "user name": "橙不再橙-",
            "content": "作者发的内容就没看，！眼睛啊",
            "time": "18-7-9 22:08"
        },
        {
            "comment id": 34,
            "parent": -1,
            "children": [
                35
            ],
            "user id": "3579268925",
            "user name": "M郑先森M",
            "content": "这个人分明就是在造谣，要举报你！事主早已声名自己没事人还在广西",
            "time": "18-7-7 05:18"
        },
        {
            "comment id": 35,
            "parent": 34,
            "children": [],
            "user id": "1109137074",
            "user name": "苏州花骑部落户外--雨琪1973",
            "content": "我就不懂了，你们举报的不看微博内容吗，我的本意是辟谣啊，并且直指此视频的制作者是在策划一起营销。连发两个微博辟谣好吗！！！！！",
            "time": "18-7-9 09:46"
        },
        {
            "comment id": 36,
            "parent": -1,
            "children": [
                37
            ],
            "user id": "5113242303",
            "user name": "半山地",
            "content": "既然你说的是真的，后续的相关视频或其他的报道来一些看看！",
            "time": "18-7-9 12:33"
        },
        {
            "comment id": 37,
            "parent": 36,
            "children": [],
            "user id": "1109137074",
            "user name": "苏州花骑部落户外--雨琪1973",
            "content": "这不是真的，这是有人故意拍视频制造噱头，女孩有绑安全绳，在脚上。我的本意也是辟谣，不是传播谣言",
            "time": "18-7-15 16:26"
        },
        {
            "comment id": 38,
            "parent": -1,
            "children": [
                39
            ],
            "user id": "2633786571",
            "user name": "异端__鸟语者",
            "content": "超过500了，已举报，不谢。",
            "time": "18-7-7 03:23"
        },
        {
            "comment id": 39,
            "parent": 38,
            "children": [],
            "user id": "1109137074",
            "user name": "苏州花骑部落户外--雨琪1973",
            "content": "微博文章内容也不看，随手就举报，被你们害惨了",
            "time": "18-7-15 16:36"
        },
        {
            "comment id": 40,
            "parent": -1,
            "children": [
                41
            ],
            "user id": "5540147299",
            "user name": "楚天千里清秋丶",
            "content": "早就辟谣了还传，举报了",
            "time": "18-7-6 23:04"
        },
        {
            "comment id": 41,
            "parent": 40,
            "children": [],
            "user id": "1109137074",
            "user name": "苏州花骑部落户外--雨琪1973",
            "content": "我就不懂了，你们举报的不看微博内容吗，我的本意是辟谣啊，并且直指此视频的制作者是在策划一起营销。连发两个微博辟谣好吗！！！！！举报前有看清楚吗，有理解作者的本意吗？？？",
            "time": "18-7-9 09:48"
        },
        {
            "comment id": 42,
            "parent": -1,
            "children": [
                43
            ],
            "user id": "3204999652",
            "user name": "假酒多喝了",
            "content": "辟谣了还在发？？？？这不举报一波？",
            "time": "18-7-6 22:02"
        },
        {
            "comment id": 43,
            "parent": 42,
            "children": [],
            "user id": "1109137074",
            "user name": "苏州花骑部落户外--雨琪1973",
            "content": "你们举报的不看微博内容吗，辟谣的微博看不出来吗，想说的是此视频的制作者是在策划一起营销。连发两个微博辟谣好吗！！！！！",
            "time": "18-7-9 09:48"
        },
        {
            "comment id": 44,
            "parent": -1,
            "children": [
                45
            ],
            "user id": "3188360494",
            "user name": "眯斯特孔",
            "content": "你这胡编乱造开心到哪呢？",
            "time": "18-7-6 07:23"
        },
        {
            "comment id": 45,
            "parent": 44,
            "children": [],
            "user id": "1109137074",
            "user name": "苏州花骑部落户外--雨琪1973",
            "content": "不开心，因为胡编乱造的不是我，我是来辟谣的，请看完微博再评论",
            "time": "18-7-15 16:36"
        },
        {
            "comment id": 46,
            "parent": -1,
            "children": [
                47
            ],
            "user id": "6316349395",
            "user name": "意中人00402",
            "content": "举报举报唉",
            "time": "18-7-6 01:51"
        },
        {
            "comment id": 47,
            "parent": 46,
            "children": [],
            "user id": "1109137074",
            "user name": "苏州花骑部落户外--雨琪1973",
            "content": "我就不懂了，你们举报的不看微博内容吗，我的本意是辟谣啊，并且直指此视频的制作者是在策划一起营销。连发两个微博辟谣好吗！！！！！",
            "time": "18-7-9 09:49"
        },
        {
            "comment id": 48,
            "parent": -1,
            "children": [
                49
            ],
            "user id": "6090589244",
            "user name": "WYATT442311",
            "content": "他妈的弱智",
            "time": "18-7-6 01:44"
        },
        {
            "comment id": 49,
            "parent": 48,
            "children": [],
            "user id": "1109137074",
            "user name": "苏州花骑部落户外--雨琪1973",
            "content": "谢谢，刚从医院出来请谅解，手抖字写不大原谅眼瞎的看不到",
            "time": "18-7-15 16:38"
        },
        {
            "comment id": 50,
            "parent": -1,
            "children": [
                51
            ],
            "user id": "5869554107",
            "user name": "灰佛尔帕斯特",
            "content": "已举报，",
            "time": "18-7-6 00:40"
        },
        {
            "comment id": 51,
            "parent": 50,
            "children": [],
            "user id": "1109137074",
            "user name": "苏州花骑部落户外--雨琪1973",
            "content": "微博都不看清楚，就是在折腾人",
            "time": "18-7-15 16:39"
        },
        {
            "comment id": 52,
            "parent": -1,
            "children": [
                53
            ],
            "user id": "3210080060",
            "user name": "我是大明星p",
            "content": "举报",
            "time": "18-7-5 22:14"
        },
        {
            "comment id": 53,
            "parent": 52,
            "children": [],
            "user id": "1109137074",
            "user name": "苏州花骑部落户外--雨琪1973",
            "content": "被你们害死了，微博文字都不仔细看",
            "time": "18-7-15 16:39"
        },
        {
            "comment id": 54,
            "parent": -1,
            "children": [
                55
            ],
            "user id": "2265778077",
            "user name": "_p-H",
            "content": "都澄清了，你这垃圾还发",
            "time": "18-7-5 20:40"
        },
        {
            "comment id": 55,
            "parent": 54,
            "children": [],
            "user id": "1109137074",
            "user name": "苏州花骑部落户外--雨琪1973",
            "content": "垃圾请看请微博的文字，并且请看我连发两个微博澄清此事",
            "time": "18-7-9 09:51"
        },
        {
            "comment id": 56,
            "parent": -1,
            "children": [
                57
            ],
            "user id": "5087666955",
            "user name": "其实我叫萨小满",
            "content": "已举报",
            "time": "18-7-5 15:58"
        },
        {
            "comment id": 57,
            "parent": 56,
            "children": [],
            "user id": "1109137074",
            "user name": "苏州花骑部落户外--雨琪1973",
            "content": "我就不懂了，你们举报的不看微博内容吗，我的本意是辟谣啊，并且直指此视频的制作者是在策划一起营销。连发两个微博辟谣好吗！！！！！",
            "time": "18-7-9 09:51"
        },
        {
            "comment id": 58,
            "parent": -1,
            "children": [],
            "user id": "2200778507",
            "user name": "_傾尘丶",
            "content": "哇，智障吧",
            "time": "18-7-5 01:51"
        },
        {
            "comment id": 59,
            "parent": -1,
            "children": [
                60
            ],
            "user id": "5113242303",
            "user name": "半山地",
            "content": "滚！傻叉！",
            "time": "18-7-4 20:29"
        },
        {
            "comment id": 60,
            "parent": 59,
            "children": [],
            "user id": "1109137074",
            "user name": "苏州花骑部落户外--雨琪1973",
            "content": "谢谢 喷子们不明事实的乱喷 祝天下傻叉能越滚越远",
            "time": "18-7-9 09:54"
        },
        {
            "comment id": 61,
            "parent": -1,
            "children": [
                62
            ],
            "user id": "5335646429",
            "user name": "小丑哥哥哥哥",
            "content": "举报再说",
            "time": "18-7-4 19:40"
        },
        {
            "comment id": 62,
            "parent": 61,
            "children": [],
            "user id": "1109137074",
            "user name": "苏州花骑部落户外--雨琪1973",
            "content": "我就不懂了，你们举报的不看微博内容吗，我的本意是辟谣啊，并且直指此视频的制作者是在策划一起营销。连发两个微博辟谣好吗！！！！！是啊 举报动动手指好轻松，不过作为一个人，眼睛还是有必要要长的。",
            "time": "18-7-9 09:55"
        },
        {
            "comment id": 63,
            "parent": -1,
            "children": [
                64
            ],
            "user id": "1401873855",
            "user name": "杠精大哥",
            "content": "你这编谣言的信息还没有辟谣的灵敏呢？辟谣都快2个月了。",
            "time": "18-7-4 18:20"
        },
        {
            "comment id": 64,
            "parent": 63,
            "children": [],
            "user id": "1109137074",
            "user name": "苏州花骑部落户外--雨琪1973",
            "content": "我也是辟谣，请看清楚",
            "time": "18-7-15 16:41"
        },
        {
            "comment id": 65,
            "parent": -1,
            "children": [
                66
            ],
            "user id": "5687767250",
            "user name": "LJG-冷风中的发丝",
            "content": "瞎子，已举报",
            "time": "18-7-4 18:18"
        },
        {
            "comment id": 66,
            "parent": 65,
            "children": [],
            "user id": "1109137074",
            "user name": "苏州花骑部落户外--雨琪1973",
            "content": "我就不懂了，你们举报的不看微博内容吗，我的本意是辟谣啊，并且直指此视频的制作者是在策划一起营销。连发两个微博辟谣好吗！！！！！对对对 瞎子 瞎子 没长眼的瞎子",
            "time": "18-7-9 09:56"
        },
        {
            "comment id": 67,
            "parent": -1,
            "children": [
                68
            ],
            "user id": "2532059503",
            "user name": "装满瞌睡的枕头",
            "content": "造谣的你去死吧",
            "time": "18-7-4 17:48"
        },
        {
            "comment id": 68,
            "parent": 67,
            "children": [],
            "user id": "1109137074",
            "user name": "苏州花骑部落户外--雨琪1973",
            "content": "我死了 你开心了？如果每个人都有一双明辨是非的眼睛 那么天底下冤死的人怕真的不止千千万啊",
            "time": "18-7-9 09:57"
        },
        {
            "comment id": 69,
            "parent": -1,
            "children": [],
            "user id": "2634302847",
            "user name": "打狼套杀",
            "content": "咱大合肥没这种山",
            "time": "18-7-6 08:06"
        },
        {
            "comment id": 70,
            "parent": -1,
            "children": [],
            "user id": "5661170897",
            "user name": "特想意创",
            "content": "我不敢骂人，谁替我骂那造谣的",
            "time": "18-7-6 07:25"
        },
        {
            "comment id": 71,
            "parent": -1,
            "children": [],
            "user id": "6070291099",
            "user name": "李振016",
            "content": "人才",
            "time": "18-7-6 06:33"
        },
        {
            "comment id": 72,
            "parent": -1,
            "children": [],
            "user id": "6069981923",
            "user name": "独行_201201",
            "content": "安全带在脚上，网上新闻不是辟遥了吗？这女孩活得好好的，不知道内情不要乱发。误导观众",
            "time": "18-7-6 05:51"
        },
        {
            "comment id": 73,
            "parent": -1,
            "children": [],
            "user id": "1070890207",
            "user name": "摄影师潘靖坤",
            "content": "谣言！",
            "time": "18-7-6 04:27"
        },
        {
            "comment id": 74,
            "parent": -1,
            "children": [],
            "user id": "6440218353",
            "user name": "烟灰飞cs神",
            "content": "谣言止于智者",
            "time": "18-7-6 04:11"
        },
        {
            "comment id": 75,
            "parent": -1,
            "children": [],
            "user id": "5149615755",
            "user name": "北极小宝蛋儿",
            "content": "又跑到合肥去了？",
            "time": "18-7-6 00:29"
        },
        {
            "comment id": 76,
            "parent": -1,
            "children": [],
            "user id": "5446329505",
            "user name": "秃头少女一米七",
            "content": "是不是傻哦，蹦极要真这么细的绳子，谁玩都得死…最开始造谣的人绝对没动脑子",
            "time": "18-7-6 00:19"
        },
        {
            "comment id": 77,
            "parent": -1,
            "children": [],
            "user id": "6092134785",
            "user name": "aicrou",
            "content": "真的要是系在腰上也得死",
            "time": "18-7-5 18:47"
        },
        {
            "comment id": 78,
            "parent": -1,
            "children": [],
            "user id": "1807339200",
            "user name": "Holamu_Ord",
            "content": "蹦极的绳子都是栓脚的",
            "time": "18-7-5 18:39"
        },
        {
            "comment id": 79,
            "parent": -1,
            "children": [],
            "user id": "5840087836",
            "user name": "阿刁临死前",
            "content": "绳子在脚上啊，不然绑脖子上让你看见才行？",
            "time": "18-7-5 18:00"
        },
        {
            "comment id": 80,
            "parent": -1,
            "children": [],
            "user id": "5570457190",
            "user name": "羊的酒窝",
            "content": "这个不是早就辟过谣了吗，怎么又有人发出来了",
            "time": "18-7-5 17:42"
        },
        {
            "comment id": 81,
            "parent": -1,
            "children": [],
            "user id": "5656021336",
            "user name": "趣多多严先生",
            "content": "怎么举报",
            "time": "18-7-5 16:56"
        },
        {
            "comment id": 82,
            "parent": -1,
            "children": [],
            "user id": "3886079323",
            "user name": "今天你好好学习早睡早起了吗",
            "content": "@草莓白胡子",
            "time": "18-7-5 16:14"
        },
        {
            "comment id": 83,
            "parent": -1,
            "children": [],
            "user id": "3298573291",
            "user name": "小时候很帅ool",
            "content": "不是在腿上绑着吗",
            "time": "18-7-5 16:04"
        },
        {
            "comment id": 84,
            "parent": -1,
            "children": [],
            "user id": "1875962627",
            "user name": "Loocker",
            "content": "这种视频适合发中老年人朋友圈",
            "time": "18-7-5 15:51"
        },
        {
            "comment id": 85,
            "parent": -1,
            "children": [],
            "user id": "5294880583",
            "user name": "_囍__________",
            "content": "弱智",
            "time": "18-7-5 14:56"
        },
        {
            "comment id": 86,
            "parent": -1,
            "children": [],
            "user id": "6558043044",
            "user name": "蒸汽朋克2018",
            "content": "开什么玩笑，这种事故怎么可能发生？都是检查好几遍才放手的。",
            "time": "18-7-5 09:24"
        },
        {
            "comment id": 87,
            "parent": -1,
            "children": [],
            "user id": "6135820088",
            "user name": "天玄地转",
            "content": "假消息",
            "time": "18-7-5 09:04"
        },
        {
            "comment id": 88,
            "parent": -1,
            "children": [],
            "user id": "5662385492",
            "user name": "A迈克尔-唐僧",
            "content": "工作人员的叫安全绳，明明在脚上绑着，只不过绳套颜色和裤子颜色一样！净胡说八道！",
            "time": "18-7-5 01:02"
        },
        {
            "comment id": 89,
            "parent": -1,
            "children": [],
            "user id": "5999366882",
            "user name": "发楽艾疯徳",
            "content": "人家工作人员腰上的绳子是保护自己的",
            "time": "18-7-5 00:39"
        },
        {
            "comment id": 90,
            "parent": -1,
            "children": [],
            "user id": "1951791453",
            "user name": "这位同学叫晓明",
            "content": "不知道别瞎说",
            "time": "18-7-4 23:36"
        },
        {
            "comment id": 91,
            "parent": -1,
            "children": [],
            "user id": "6360268122",
            "user name": "爱龙龙的小可爱z",
            "content": "这是假的",
            "time": "18-7-4 22:46"
        },
        {
            "comment id": 92,
            "parent": -1,
            "children": [],
            "user id": "1415059555",
            "user name": "永恒的冰715",
            "content": "瞎扯 工作人员不绑绳子 游客自己也会看啊 况且脚中间就是",
            "time": "18-7-4 22:43"
        },
        {
            "comment id": 93,
            "parent": -1,
            "children": [],
            "user id": "1940825443",
            "user name": "王丽-做受人尊敬的寿险人",
            "content": "真假不说 正常的寿险是不赔的",
            "time": "18-7-4 22:19"
        },
        {
            "comment id": 94,
            "parent": -1,
            "children": [],
            "user id": "5578256162",
            "user name": "Fanfanfanfan_",
            "content": "@楚WHH  恐怖",
            "time": "18-7-4 20:25"
        },
        {
            "comment id": 95,
            "parent": -1,
            "children": [],
            "user id": "6514979284",
            "user name": "霸天撩思D石头",
            "content": "世间事纷杂繁复，始终看不清",
            "time": "18-7-4 20:10"
        },
        {
            "comment id": 96,
            "parent": -1,
            "children": [],
            "user id": "6399602093",
            "user name": "小野人农夫三拳_88",
            "content": "她脚上是什么东西……?",
            "time": "18-7-4 19:07"
        },
        {
            "comment id": 97,
            "parent": -1,
            "children": [],
            "user id": "1376782453",
            "user name": "英俊没有优势",
            "content": "弱智散步谣言",
            "time": "18-7-4 18:38"
        },
        {
            "comment id": 98,
            "parent": -1,
            "children": [],
            "user id": "6029918905",
            "user name": "是小谢啊啊",
            "content": "别在这造谣了",
            "time": "18-7-4 17:17"
        },
        {
            "comment id": 99,
            "parent": -1,
            "children": [],
            "user id": "1872419820",
            "user name": "sbdswq",
            "content": "腿中间一根大黑粗不是绳子是什么？",
            "time": "18-7-4 11:10"
        },
        {
            "comment id": 100,
            "parent": -1,
            "children": [],
            "user id": "1246602523",
            "user name": "大熊OUT-MAN",
            "content": "别造谣好吗，绳子在脚上绑着，跳下去还有拉动绳索的声音",
            "time": "18-7-4 11:03"
        },
        {
            "comment id": 101,
            "parent": -1,
            "children": [],
            "user id": "5305290316",
            "user name": "花中宰相",
            "content": "流言止于智者！",
            "time": "18-7-3 16:06"
        },
        {
            "comment id": 102,
            "parent": -1,
            "children": [],
            "user id": "1894420834",
            "user name": "刘赣-",
            "content": "@铁靖雯丶",
            "time": "18-7-3 14:58"
        },
        {
            "comment id": 103,
            "parent": -1,
            "children": [],
            "user id": "2261078935",
            "user name": "精益生产凯",
            "content": "工作人员要系安全绳，女孩脚下有绳，蹦极的专用",
            "time": "18-7-2 13:21"
        },
        {
            "comment id": 104,
            "parent": -1,
            "children": [],
            "user id": "3916843462",
            "user name": "旺财Caic",
            "content": "@安妮道尔",
            "time": "18-7-1 06:43"
        },
        {
            "comment id": 105,
            "parent": -1,
            "children": [
                106
            ],
            "user id": "5544539475",
            "user name": "再来一杯芋圆奶茶",
            "content": "@山南水北lcy  马油",
            "time": "18-6-30 00:25"
        },
        {
            "comment id": 106,
            "parent": 105,
            "children": [],
            "user id": "6276765620",
            "user name": "第壹仟零壹名",
            "content": "....",
            "time": "18-6-30 00:46"
        }
    ]
}