{
    "source": {
        "content": "刚发生的，送外卖的小哥逆行形式，耳机线割喉，希望大家互相转告骑车的时候注意安全，还有就是耳机线存在安全隐患🙏🙏🙏一定要遵守交通规则！  阮后杰的秒拍视频 ",
        "time": "18-6-26 20:27",
        "user id": "5321834907",
        "tweet id": "Gnbw7jBTr",
        "label": 1,
        "theme": null
    },
    "comment": [
        {
            "comment id": 0,
            "parent": -1,
            "children": [
                3
            ],
            "user id": "5658336808",
            "user name": "艾草萌芽",
            "content": "那里的",
            "time": "18-6-27 09:47"
        },
        {
            "comment id": 1,
            "parent": 2,
            "children": [],
            "user id": "5321834907",
            "user name": "阮后杰",
            "content": "回复@艾草萌芽:耳机线把喉咙割断了，",
            "time": "18-6-27 09:51"
        },
        {
            "comment id": 2,
            "parent": 3,
            "children": [
                1
            ],
            "user id": "5658336808",
            "user name": "艾草萌芽",
            "content": "回复@阮后杰:他为什么抽",
            "time": "18-6-27 09:51"
        },
        {
            "comment id": 3,
            "parent": 0,
            "children": [
                2
            ],
            "user id": "5321834907",
            "user name": "阮后杰",
            "content": "商丘",
            "time": "18-6-27 09:48"
        },
        {
            "comment id": 4,
            "parent": -1,
            "children": [],
            "user id": "6055880623",
            "user name": "我是姐姐_我怕谁",
            "content": "根据@石家庄网警巡查执法 的通报，6月25日中午12:54分，石家庄建华大街东岗路南行200米左右南王村口附近发生两辆电动车相撞事故，事故中一人受伤较重，锁骨骨折，头部擦伤，伤者已经及时送医。至于网传的“伤者被佩戴的耳机肋断喉管”信息不实。请大家尊重事实，不要以讹传讹。",
            "time": "18-6-26 22:26"
        }
    ]
}