{
    "source": {
        "content": "合肥蹦极，工作人员忘系绳索了，将姑娘推了下去后发现没系绳索，绳子却在工作人员身上，由于工作人员严重失误，断送年仅22岁女孩的生命！不要轻易把自己的生命交给别人。不要去做冒险的娱乐活动。 yuhouchenguang的秒拍视频 ",
        "time": "18-6-27 14:21",
        "user id": "1909738287",
        "tweet id": "GnixMcG2l",
        "label": 1,
        "theme": null
    },
    "comment": [
        {
            "comment id": 0,
            "parent": -1,
            "children": [],
            "user id": "2237956911",
            "user name": "西瓜宝宝n",
            "content": "假",
            "time": "18-6-28 14:31"
        },
        {
            "comment id": 1,
            "parent": -1,
            "children": [],
            "user id": "2353649753",
            "user name": "紧望劳资搞哼个阿",
            "content": "合肥没有蹦极，",
            "time": "18-6-28 14:06"
        },
        {
            "comment id": 2,
            "parent": -1,
            "children": [],
            "user id": "2626430383",
            "user name": "一万次跳跃",
            "content": "视频配的不对，事情是合肥游乐场发生的空中飞人坠亡",
            "time": "18-6-29 19:23"
        },
        {
            "comment id": 3,
            "parent": -1,
            "children": [],
            "user id": "1306474285",
            "user name": "木上临风",
            "content": "辣鸡造谣者",
            "time": "18-6-28 14:32"
        },
        {
            "comment id": 4,
            "parent": -1,
            "children": [],
            "user id": "5802073576",
            "user name": "带带大方丈",
            "content": "造你妈谣呢？你个弱智",
            "time": "18-6-28 11:41"
        },
        {
            "comment id": 5,
            "parent": -1,
            "children": [],
            "user id": "3833851869",
            "user name": "不知道啊唔唔",
            "content": "不是合肥 合肥没有这么多山",
            "time": "18-6-27 16:06"
        },
        {
            "comment id": 6,
            "parent": -1,
            "children": [],
            "user id": "5816752144",
            "user name": "莫雨听风吟丶",
            "content": "你是虎逼吗？你瞎吧",
            "time": "18-6-27 15:16"
        },
        {
            "comment id": 7,
            "parent": -1,
            "children": [],
            "user id": "3762049957",
            "user name": "第一次充钱看正版",
            "content": "她腰上绑的是啥？多久的新闻了，现在拿出来?而且你确定这是在合肥？",
            "time": "18-6-27 15:11"
        },
        {
            "comment id": 8,
            "parent": -1,
            "children": [],
            "user id": "1216853250",
            "user name": "王小小文",
            "content": "微博是谣言的发源地",
            "time": "18-6-27 14:48"
        }
    ]
}