{
    "source": {
        "content": "合肥蹦极，工作人员忘系绳索了，将姑娘推了下去后发现没系绳索，绳子却在工作人员身上，由于工作人员严重失误，断送年仅22岁女孩的生命！不要轻易把自己的生命交给别人。不要去做冒险的娱乐活动。 军营摄影师的秒拍视频 ",
        "time": "18-6-29 01:53",
        "user id": "3995773157",
        "tweet id": "GnwvatdF9",
        "label": 1,
        "theme": null
    },
    "comment": [
        {
            "comment id": 0,
            "parent": -1,
            "children": [],
            "user id": "3995773157",
            "user name": "军营摄影师",
            "content": "辟谣辟谣了，这个消息不实，抱歉各位大佬",
            "time": "18-6-29 13:13"
        },
        {
            "comment id": 1,
            "parent": -1,
            "children": [
                2
            ],
            "user id": "5040789098",
            "user name": "XY守望者",
            "content": "绳子系在踏板下面，也就是说系在腿上，当过兵的还不知道吗？",
            "time": "18-6-29 02:11"
        },
        {
            "comment id": 2,
            "parent": 1,
            "children": [],
            "user id": "3995773157",
            "user name": "军营摄影师",
            "content": "",
            "time": "18-6-29 09:32"
        },
        {
            "comment id": 3,
            "parent": -1,
            "children": [
                4
            ],
            "user id": "6088683366",
            "user name": "爱唱歌的莫大叔",
            "content": "在脚上",
            "time": "18-6-29 06:39"
        },
        {
            "comment id": 4,
            "parent": 3,
            "children": [],
            "user id": "3995773157",
            "user name": "军营摄影师",
            "content": "别胡说，哪有",
            "time": "18-6-29 09:32"
        },
        {
            "comment id": 5,
            "parent": -1,
            "children": [
                6
            ],
            "user id": "1826247663",
            "user name": "乔家小然然",
            "content": "这个姑娘自己都出来辟谣了，大V发微博是不是自己要先求证一下 ",
            "time": "18-6-29 12:07"
        },
        {
            "comment id": 6,
            "parent": 5,
            "children": [],
            "user id": "3995773157",
            "user name": "军营摄影师",
            "content": "我也是在微信上看的",
            "time": "18-6-29 13:12"
        },
        {
            "comment id": 7,
            "parent": -1,
            "children": [],
            "user id": "2626430383",
            "user name": "一万次跳跃",
            "content": "视频配的不对，事情是合肥游乐场发生的空中飞人坠亡",
            "time": "18-6-29 19:23"
        },
        {
            "comment id": 8,
            "parent": -1,
            "children": [],
            "user id": "2104388074",
            "user name": "轻功海尚漂",
            "content": "真的假的",
            "time": "18-6-29 10:56"
        }
    ]
}