{
    "source": {
        "content": "成都暴雨，这雨下的太奇特了，你们感受一下什么是真正的局部大暴雨！幽默搞笑小猪的秒拍视频  ",
        "time": "18-7-2 13:34",
        "user id": "3264481913",
        "tweet id": "Go3nqnADL",
        "label": 1,
        "theme": null
    },
    "comment": [
        {
            "comment id": 0,
            "parent": -1,
            "children": [],
            "user id": "2178193772",
            "user name": "漆海毅",
            "content": "这是什么",
            "time": "18-7-2 13:37"
        },
        {
            "comment id": 1,
            "parent": -1,
            "children": [],
            "user id": "6128574776",
            "user name": "YXMMii",
            "content": "天漏了",
            "time": "18-7-2 17:05"
        },
        {
            "comment id": 2,
            "parent": -1,
            "children": [],
            "user id": "1818134234",
            "user name": "沼泽numa",
            "content": "是喷泉吧 仔细看的话没有到天那么高（老实人上线）",
            "time": "18-7-2 13:53"
        },
        {
            "comment id": 3,
            "parent": -1,
            "children": [],
            "user id": "5247496855",
            "user name": "不以青杏小",
            "content": "@成都共青团",
            "time": "18-7-2 13:51"
        },
        {
            "comment id": 4,
            "parent": -1,
            "children": [],
            "user id": "6330334475",
            "user name": "陳陳陳陳陳陳啊啊啊",
            "content": "怎么可能成这样",
            "time": "18-7-2 13:43"
        },
        {
            "comment id": 5,
            "parent": -1,
            "children": [],
            "user id": "6330334475",
            "user name": "陳陳陳陳陳陳啊啊啊",
            "content": "太假了",
            "time": "18-7-2 13:43"
        },
        {
            "comment id": 6,
            "parent": -1,
            "children": [],
            "user id": "3808593356",
            "user name": "AN冬哥",
            "content": "假",
            "time": "18-7-3 10:52"
        },
        {
            "comment id": 7,
            "parent": -1,
            "children": [],
            "user id": "3126437513",
            "user name": "小女子姓倪唤妲曳",
            "content": "@辣辣CT",
            "time": "18-7-3 22:02"
        },
        {
            "comment id": 8,
            "parent": -1,
            "children": [],
            "user id": "5505608079",
            "user name": "年龄大了很正常",
            "content": "大家不要慌，是我在渡劫啦",
            "time": "18-7-2 22:28"
        }
    ]
}