{
    "source": {
        "content": "【#泰国游船翻船#：50名中国游客失踪！】北京时间5日傍晚，两艘共载有127名中国游客的游船在泰国普吉海域发生倾覆。救援正在紧急进行！事故已造成1名中国游客溺亡，另有53人失踪（其中50人为中国公民），76名中国游客获救。祝愿平安，家人还等着你们回家！ 游侠Xiaopeng的微博视频 ",
        "time": "18-7-6 10:30",
        "user id": "1763681564",
        "tweet id": "GoDSpmeel",
        "label": 1,
        "theme": null
    },
    "comment": [
        {
            "comment id": 0,
            "parent": -1,
            "children": [
                1
            ],
            "user id": "1763681564",
            "user name": "游侠Xiaopeng",
            "content": "本人只看到该海难视频更直观，却未审核是否为此次事故的视频，在此向博友们道歉！#泰国游船翻船# 海难目前救起76名中国游客，依旧有49人失踪，愿平安归来🙏 网页链接 //@梦见飞天小肥猫:这个不是印尼的旗子吗",
            "time": "18-7-6 12:26"
        },
        {
            "comment id": 1,
            "parent": 0,
            "children": [],
            "user id": "5688969198",
            "user name": "望你懂mm",
            "content": "这个是上个月印尼翻船的视频，并不是本次普吉的。",
            "time": "18-7-6 17:17"
        },
        {
            "comment id": 2,
            "parent": -1,
            "children": [
                3
            ],
            "user id": "1776501403",
            "user name": "周身刀没把利的小山哥",
            "content": "太可怕了……天气不好真得不应该安排海上活动",
            "time": "18-7-6 11:22"
        },
        {
            "comment id": 3,
            "parent": 2,
            "children": [],
            "user id": "1763681564",
            "user name": "游侠Xiaopeng",
            "content": "是不是有警告还强行出海？",
            "time": "18-7-6 11:28"
        },
        {
            "comment id": 4,
            "parent": -1,
            "children": [
                6,
                7
            ],
            "user id": "1746538505",
            "user name": "zhuzhiyun",
            "content": "太可怕了！😨太可怕😱",
            "time": "18-7-6 10:37"
        },
        {
            "comment id": 5,
            "parent": 6,
            "children": [],
            "user id": "1763681564",
            "user name": "游侠Xiaopeng",
            "content": "回复@zhuzhiyun:但愿安好🙏",
            "time": "18-7-6 11:03"
        },
        {
            "comment id": 6,
            "parent": 4,
            "children": [
                5
            ],
            "user id": "1746538505",
            "user name": "zhuzhiyun",
            "content": "还有50个失踪的人找到没？大人可怜，跟去的小孩子更加可怜，太残忍了",
            "time": "18-7-6 11:00"
        },
        {
            "comment id": 7,
            "parent": 4,
            "children": [],
            "user id": "1763681564",
            "user name": "游侠Xiaopeng",
            "content": "白天不下雨，搜救工作会有利得多",
            "time": "18-7-6 10:42"
        },
        {
            "comment id": 8,
            "parent": -1,
            "children": [
                9
            ],
            "user id": "1717806111",
            "user name": "月光森林的遐想",
            "content": "和泰坦尼克号情景一模一样，掉在栏杆上",
            "time": "18-7-6 16:09"
        },
        {
            "comment id": 9,
            "parent": 8,
            "children": [],
            "user id": "1763681564",
            "user name": "游侠Xiaopeng",
            "content": "这个是印尼海难，泰国普吉海难气象比这个恶劣",
            "time": "18-7-6 16:20"
        },
        {
            "comment id": 10,
            "parent": -1,
            "children": [
                11
            ],
            "user id": "3894338567",
            "user name": "不起眼的小酸橙",
            "content": "都穿着救生衣，扒在栏杆上。只要到了水里飘着就好。跟着救生皮艇在一起就好了",
            "time": "18-7-6 17:05"
        },
        {
            "comment id": 11,
            "parent": 10,
            "children": [],
            "user id": "1763681564",
            "user name": "游侠Xiaopeng",
            "content": "不会游泳的和急促之间，会大大削弱救生衣的作用，昨天看到视频，一男子穿着救生衣被拖到救生艇旁。",
            "time": "18-7-6 17:27"
        },
        {
            "comment id": 12,
            "parent": -1,
            "children": [
                13
            ],
            "user id": "1733303454",
            "user name": "月下小小白兔",
            "content": "里面'怎么都是国外人",
            "time": "18-7-6 12:19"
        },
        {
            "comment id": 13,
            "parent": 12,
            "children": [],
            "user id": "1763681564",
            "user name": "游侠Xiaopeng",
            "content": "近镜头有个华人模样，但太多戴头巾的穆斯林，网友说这是印尼船的海难事故，非本次海难。",
            "time": "18-7-6 12:28"
        },
        {
            "comment id": 14,
            "parent": -1,
            "children": [
                15
            ],
            "user id": "1760246314",
            "user name": "想暴富的老猫",
            "content": "听说有个船沉了？那里面的人员…  愿平安",
            "time": "18-7-6 10:43"
        },
        {
            "comment id": 15,
            "parent": 14,
            "children": [],
            "user id": "1763681564",
            "user name": "游侠Xiaopeng",
            "content": "是三艘，两艘大船，一艘只有两人",
            "time": "18-7-6 10:46"
        },
        {
            "comment id": 16,
            "parent": -1,
            "children": [
                17
            ],
            "user id": "1631765114",
            "user name": "Freeowl",
            "content": "@邓邓巴波 @糯米小小卷 ……可怕",
            "time": "18-7-7 04:56"
        },
        {
            "comment id": 17,
            "parent": 16,
            "children": [],
            "user id": "1864669072",
            "user name": "邓邓巴波",
            "content": "这个微博的人说不是这次事故",
            "time": "18-7-7 09:45"
        },
        {
            "comment id": 18,
            "parent": -1,
            "children": [
                19
            ],
            "user id": "3605661050",
            "user name": "-Luckystone",
            "content": "@-小美鱼 这个",
            "time": "18-7-8 16:52"
        },
        {
            "comment id": 19,
            "parent": 18,
            "children": [],
            "user id": "2909693447",
            "user name": "小美鱼才不是加吉于",
            "content": "我的天",
            "time": "18-7-9 11:58"
        },
        {
            "comment id": 20,
            "parent": -1,
            "children": [],
            "user id": "1749277483",
            "user name": "雨夜依旧beautiful",
            "content": "发虚假信息举报",
            "time": "18-7-7 23:21"
        }
    ]
}