{
    "source": {
        "content": "#普吉翻船事件遇难人数#40条生命，就此逝去，生命的脆弱不堪，世事的无常变化，谴责已经没有意义，警示也无价值，我们只能继续祈祷，剩下的人平安归来（视频非本次事故视频，仅展示海上风浪之可怕)。。。 胡笳继续的微博视频 ",
        "time": "18-7-6 20:34",
        "user id": "1196369417",
        "tweet id": "GoHPRw0kw",
        "label": 1,
        "theme": null
    },
    "comment": [
        {
            "comment id": 0,
            "parent": -1,
            "children": [
                1,
                4
            ],
            "user id": "1196369417",
            "user name": "胡笳继续",
            "content": "有人说我蹭热度，说我遭报应，如果你觉得蹭就觉得吧，我旅行过几十个国家，曾被大雪封在唐古拉山口，曾遇到巨大风浪，在大马沙巴经历过小型的翻船事故，在这些经历中，有报应早报应了，我很简单的想告诉大家不要以为大海如平常所见的平稳美丽，它力量是极其恐怖的，如果讲这些有报应那就有吧，我不在乎",
            "time": "18-7-6 21:14"
        },
        {
            "comment id": 1,
            "parent": 0,
            "children": [],
            "user id": "5749972729",
            "user name": "安琪_babynevers",
            "content": "回复@最强掏粪王者:人家有钱关你啥事，工作利益和人心是可以相挂钩的？",
            "time": "18-7-6 22:00"
        },
        {
            "comment id": 2,
            "parent": 3,
            "children": [],
            "user id": "5749972729",
            "user name": "安琪_babynevers",
            "content": "回复@胡笳继续:我看了这次事件也没有像你这样发布一个虚假的视频，靠虚假视频博得别人眼球你觉得心里过得去？",
            "time": "18-7-6 21:27"
        },
        {
            "comment id": 3,
            "parent": 4,
            "children": [
                2
            ],
            "user id": "1196369417",
            "user name": "胡笳继续",
            "content": "回复@安琪_babynevers:你也看了这次事故，所以你也是蹭热度吗？只要是关心这次事件就是蹭热度吗？所有贴这个标签的全是蹭热度吗？这是什么逻辑？",
            "time": "18-7-6 21:24"
        },
        {
            "comment id": 4,
            "parent": 0,
            "children": [
                3
            ],
            "user id": "5749972729",
            "user name": "安琪_babynevers",
            "content": "不是蹭热度那你艾特本次事件干嘛，感慨人生啊，人还是低调一点好",
            "time": "18-7-6 21:23"
        },
        {
            "comment id": 5,
            "parent": -1,
            "children": [
                8,
                9
            ],
            "user id": "1771818187",
            "user name": "笑笑Cheer",
            "content": "评论里真是搞笑了，人家只是发视频显示人命脆弱自然可畏而已，为何这也需要被指责，难道有任何三观问题，败坏社会风气的行为吗？？是好是坏已经不能分辨，可悲。以小人之心度君子之腹，不过如此罢了。",
            "time": "18-7-6 22:30"
        },
        {
            "comment id": 6,
            "parent": 8,
            "children": [],
            "user id": "1196369417",
            "user name": "胡笳继续",
            "content": "回复@nicxue829:然而并没有人举报",
            "time": "18-7-8 16:09"
        },
        {
            "comment id": 7,
            "parent": 8,
            "children": [],
            "user id": "1771818187",
            "user name": "笑笑Cheer",
            "content": "回复@nicxue829:没改前我就看到了，感觉大家都搞错重点了好吧。",
            "time": "18-7-8 15:12"
        },
        {
            "comment id": 8,
            "parent": 5,
            "children": [
                6,
                7
            ],
            "user id": "1703949002",
            "user name": "nicxue829",
            "content": "他文章有改过。因为被多人举报了的原因吧！",
            "time": "18-7-8 14:55"
        },
        {
            "comment id": 9,
            "parent": 5,
            "children": [],
            "user id": "2708760315",
            "user name": "徐浩轩闯天涯",
            "content": "说的对",
            "time": "18-7-8 10:39"
        },
        {
            "comment id": 10,
            "parent": -1,
            "children": [
                14,
                15,
                17
            ],
            "user id": "1784404165",
            "user name": "CyrusD_",
            "content": "这视频是假的 别乱散播了",
            "time": "18-7-6 20:45"
        },
        {
            "comment id": 11,
            "parent": 15,
            "children": [],
            "user id": "5372341101",
            "user name": "公婆的摩的",
            "content": "回复@绝对零度323:7.3印尼的沉船事故",
            "time": "18-7-7 09:45"
        },
        {
            "comment id": 12,
            "parent": 15,
            "children": [],
            "user id": "1784404165",
            "user name": "CyrusD_",
            "content": "回复@绝对零度323:不是这次的 所以不希望大家被带偏 保持冷静 为逝者祈福 🕯️",
            "time": "18-7-7 00:03"
        },
        {
            "comment id": 13,
            "parent": 17,
            "children": [],
            "user id": "1784404165",
            "user name": "CyrusD_",
            "content": "回复@胡笳继续:你这篇微博带了普吉岛的标题 很容易带偏大家",
            "time": "18-7-7 00:01"
        },
        {
            "comment id": 14,
            "parent": 10,
            "children": [],
            "user id": "2095958143",
            "user name": "一首歌叫LY",
            "content": "确实不像",
            "time": "18-7-6 21:49"
        },
        {
            "comment id": 15,
            "parent": 10,
            "children": [
                11,
                12
            ],
            "user id": "5180291043",
            "user name": "绝对零度323",
            "content": "这不是这次的啊 我还以为这次的",
            "time": "18-7-6 21:18"
        },
        {
            "comment id": 16,
            "parent": 17,
            "children": [],
            "user id": "1703949002",
            "user name": "nicxue829",
            "content": "回复@胡笳继续:鸡蛋里挑骨头！想红想疯了！",
            "time": "18-7-6 21:14"
        },
        {
            "comment id": 17,
            "parent": 10,
            "children": [
                13,
                16
            ],
            "user id": "1196369417",
            "user name": "胡笳继续",
            "content": "我告诉你是这次的视频了吗？这难道不是海上遇到风浪的真实记录吗？难道你看不出人的生命的脆弱吗？",
            "time": "18-7-6 20:51"
        },
        {
            "comment id": 18,
            "parent": -1,
            "children": [
                19,
                20
            ],
            "user id": "6303013156",
            "user name": "xy啦啦啦10",
            "content": "是不是蹭热度你自己心里清楚也不怕遭报应",
            "time": "18-7-6 21:02"
        },
        {
            "comment id": 19,
            "parent": 18,
            "children": [],
            "user id": "1196369417",
            "user name": "胡笳继续",
            "content": "如果你觉得蹭就觉得吧，反正我经历真的海难，也经历过翻船，有报应早报应了，我很简单的想告诉大家不要以为大海如平常所见的平稳美丽，它的力量是极其恐怖的，如果讲这些有报应那就有吧",
            "time": "18-7-6 21:04"
        },
        {
            "comment id": 20,
            "parent": 18,
            "children": [],
            "user id": "2784887424",
            "user name": "zy要记事",
            "content": "还歪的很说上面评论的人",
            "time": "18-7-6 21:03"
        },
        {
            "comment id": 21,
            "parent": -1,
            "children": [
                22,
                23
            ],
            "user id": "1766875654",
            "user name": "没有你像离开水的鱼_",
            "content": "这视频里面有几个人看得出来是中国人的？！你他妈别在这个时候乱发假视频！！",
            "time": "18-7-6 20:50"
        },
        {
            "comment id": 22,
            "parent": 21,
            "children": [],
            "user id": "1196369417",
            "user name": "胡笳继续",
            "content": "你哪只眼睛看到我说这是这次的视频了吗？这难道不是海上遇到风浪的真实记录吗？难道你看不出人的生命的脆弱吗？理解能力有问题就别乱扯淡",
            "time": "18-7-6 20:52"
        },
        {
            "comment id": 23,
            "parent": 21,
            "children": [],
            "user id": "1766875654",
            "user name": "没有你像离开水的鱼_",
            "content": "你带的这个话题，别人都以为是现场视频，你看看其他网友的评论，都是以为这个视频是现场的，现在国人都关注这个事情！请你不要发别的视频造成别人的误会！",
            "time": "18-7-6 20:58"
        },
        {
            "comment id": 24,
            "parent": -1,
            "children": [
                25
            ],
            "user id": "3966240024",
            "user name": "Bobby-YLONG",
            "content": "举报了",
            "time": "18-7-6 21:33"
        },
        {
            "comment id": 25,
            "parent": 24,
            "children": [],
            "user id": "1196369417",
            "user name": "胡笳继续",
            "content": "多谢",
            "time": "18-7-6 21:42"
        },
        {
            "comment id": 26,
            "parent": -1,
            "children": [
                27
            ],
            "user id": "2577257494",
            "user name": "JoccyYoung",
            "content": "@Cyyx-黑牛 我妈说这种情况会游泳根本不好用",
            "time": "18-7-6 20:51"
        },
        {
            "comment id": 27,
            "parent": 26,
            "children": [],
            "user id": "1196369417",
            "user name": "胡笳继续",
            "content": "游泳确实不好用，我经常潜水，在真正的大海面前，人真的非常脆弱",
            "time": "18-7-6 20:53"
        },
        {
            "comment id": 28,
            "parent": -1,
            "children": [
                29,
                30
            ],
            "user id": "5245777172",
            "user name": "五条悟啥时候娶我",
            "content": "竟然是别的视频为什么不在原文说清楚啊 无语 你自己模糊不清的表达让人误会了招骂不正常吗",
            "time": "18-7-6 21:11"
        },
        {
            "comment id": 29,
            "parent": 28,
            "children": [],
            "user id": "6115334678",
            "user name": "张旧酒33",
            "content": "人家写了啊，自己眼瞎瞎bb个屁",
            "time": "18-7-7 18:19"
        },
        {
            "comment id": 30,
            "parent": 28,
            "children": [],
            "user id": "5767243365",
            "user name": "此昵称已被占用换一百个",
            "content": "不是写了吗？最后一行？",
            "time": "18-7-7 18:17"
        },
        {
            "comment id": 31,
            "parent": -1,
            "children": [
                32,
                33
            ],
            "user id": "2691613083",
            "user name": "Frankiefs",
            "content": "有病啊 蹭什么热度",
            "time": "18-7-6 21:06"
        },
        {
            "comment id": 32,
            "parent": 31,
            "children": [],
            "user id": "5245777172",
            "user name": "五条悟啥时候娶我",
            "content": "回复@最强掏粪王者:你是请来的托还是博主本人啊，热度没蹭起来就想直接打广告了？",
            "time": "18-7-6 21:34"
        },
        {
            "comment id": 33,
            "parent": 31,
            "children": [],
            "user id": "2691613083",
            "user name": "Frankiefs",
            "content": "回复@最强掏粪王者:一看你九年义务教育都没满吧",
            "time": "18-7-6 21:19"
        },
        {
            "comment id": 34,
            "parent": -1,
            "children": [],
            "user id": "2782797081",
            "user name": "从不晚睡",
            "content": "不是这次的视频为什么要加普吉的标题阿 蹭热度也要有个度谢谢",
            "time": "18-7-6 21:43"
        }
    ]
}