{
    "source": {
        "content": "泰国普吉岛沉船事故 诚实阿昆的微博视频 ",
        "time": "18-7-8 07:19",
        "user id": "2613211387",
        "tweet id": "GoVu48kAD",
        "label": 1,
        "theme": null
    },
    "comment": [
        {
            "comment id": 0,
            "parent": -1,
            "children": [],
            "user id": "3090763400",
            "user name": "只喝可乐的猫vv",
            "content": "请不要转发不实信息，这个明显不是这次沉船事故，。",
            "time": "18-7-8 09:37"
        },
        {
            "comment id": 1,
            "parent": -1,
            "children": [],
            "user id": "2740099605",
            "user name": "丽丽丽霞",
            "content": "太吓人了",
            "time": "18-7-8 07:48"
        },
        {
            "comment id": 2,
            "parent": -1,
            "children": [
                3
            ],
            "user id": "6576912411",
            "user name": "比纸巾还能扯的小姚",
            "content": "居然还有人拍",
            "time": "18-7-8 08:22"
        },
        {
            "comment id": 3,
            "parent": 2,
            "children": [
                4
            ],
            "user id": "3090763400",
            "user name": "只喝可乐的猫vv",
            "content": "这个不是这次沉船事故的轮船，这个昨天都辟谣le",
            "time": "18-7-8 09:38"
        },
        {
            "comment id": 4,
            "parent": 3,
            "children": [],
            "user id": "6576912411",
            "user name": "比纸巾还能扯的小姚",
            "content": "回复@只喝可乐的猫vv:哦哦哦，当时不清楚嘛",
            "time": "18-7-30 21:06"
        }
    ]
}