{
    "source": {
        "content": "天灾还是人祸？普吉岛沉船事故持续发酵，暴风骤雨，5米高浪，中国领馆工作组赶赴现场！ 芭妍周开菡的微博视频 ",
        "time": "18-7-8 10:54",
        "user id": "6134117939",
        "tweet id": "GoWTu1QDB",
        "label": 1,
        "theme": null
    },
    "comment": [
        {
            "comment id": 0,
            "parent": -1,
            "children": [],
            "user id": "6420404293",
            "user name": "花妍_94315",
            "content": "",
            "time": "18-7-9 11:47"
        },
        {
            "comment id": 1,
            "parent": -1,
            "children": [],
            "user id": "6420899011",
            "user name": "辣少爷",
            "content": "",
            "time": "18-7-9 11:45"
        },
        {
            "comment id": 2,
            "parent": -1,
            "children": [],
            "user id": "6420409979",
            "user name": "tongchou02",
            "content": "太可怕了",
            "time": "18-7-9 11:42"
        },
        {
            "comment id": 3,
            "parent": -1,
            "children": [],
            "user id": "5407342343",
            "user name": "水晶拨筋顏值爆表",
            "content": "恐怖大片😭",
            "time": "18-7-8 11:28"
        },
        {
            "comment id": 4,
            "parent": -1,
            "children": [],
            "user id": "6420404293",
            "user name": "花妍_94315",
            "content": "普吉岛的沉船事故持续发酵😭",
            "time": "18-7-8 11:17"
        },
        {
            "comment id": 5,
            "parent": -1,
            "children": [],
            "user id": "2277440050",
            "user name": "亮亮亮亮_包包包",
            "content": "别造谣这是印尼的沉船事件",
            "time": "18-7-9 00:11"
        },
        {
            "comment id": 6,
            "parent": -1,
            "children": [],
            "user id": "5153273079",
            "user name": "野驴叔叔",
            "content": "",
            "time": "18-7-8 11:42"
        }
    ]
}