{
    "source": {
        "content": "沉船现场#泰国游船翻船##泰国游船倾覆# 田林松的微博视频 ",
        "time": "18-7-8 17:20",
        "user id": "1836806713",
        "tweet id": "GoZpXCQCg",
        "label": 1,
        "theme": null
    },
    "comment": [
        {
            "comment id": 0,
            "parent": -1,
            "children": [
                2,
                4
            ],
            "user id": "1845439470",
            "user name": "种花家的小钱钱呢",
            "content": "这个视频不是泰国事故的，不要转了",
            "time": "18-7-8 17:21"
        },
        {
            "comment id": 1,
            "parent": 2,
            "children": [],
            "user id": "1845439470",
            "user name": "种花家的小钱钱呢",
            "content": "回复@HUIo0O:我是看报道了解的。一楼的人穿了救生衣，二楼的人穿救生衣比较少。船是后舱先进水，船头朝上90度沉入水中。从生还概率角度讲，穿救生衣比不穿救生衣生还的概率大，救生衣可以帮你浮在水中；第二，早跳比晚跳好。及时判断沉船并跳入海中，可以避免被船拖进海中并且大概率可以上救生艇或者被沿途船只救援",
            "time": "18-7-9 20:01"
        },
        {
            "comment id": 2,
            "parent": 0,
            "children": [
                1
            ],
            "user id": "1770747831",
            "user name": "HUIo0O",
            "content": "回复@浴血重生13:在船顶的生还的人多吗，我看还有抱着几个月的小孩，心疼死了，唉",
            "time": "18-7-9 16:31"
        },
        {
            "comment id": 3,
            "parent": 4,
            "children": [],
            "user id": "1845439470",
            "user name": "种花家的小钱钱呢",
            "content": "回复@HUIo0O:据说是印尼的，很早之前的视频",
            "time": "18-7-9 11:41"
        },
        {
            "comment id": 4,
            "parent": 0,
            "children": [
                3
            ],
            "user id": "1770747831",
            "user name": "HUIo0O",
            "content": "这是哪里的？",
            "time": "18-7-9 10:59"
        },
        {
            "comment id": 5,
            "parent": -1,
            "children": [],
            "user id": "2206701584",
            "user name": "悄悄的玩下微博",
            "content": "别瞎转，这不是",
            "time": "18-7-8 17:48"
        },
        {
            "comment id": 6,
            "parent": -1,
            "children": [],
            "user id": "2158057153",
            "user name": "富了贵儿",
            "content": "这明显不是泰国翻船的啊",
            "time": "18-7-8 17:28"
        },
        {
            "comment id": 7,
            "parent": -1,
            "children": [],
            "user id": "1855588087",
            "user name": "In_heaven821",
            "content": "举报了，脑子是个好东西",
            "time": "18-7-9 09:51"
        },
        {
            "comment id": 8,
            "parent": -1,
            "children": [],
            "user id": "2320607933",
            "user name": "阿福的小姊姊",
            "content": "想出名想疯了吧",
            "time": "18-7-8 17:30"
        },
        {
            "comment id": 9,
            "parent": -1,
            "children": [],
            "user id": "5051736858",
            "user name": "ginazsl",
            "content": "都不是中国人 造谣！！！！",
            "time": "18-7-8 23:44"
        },
        {
            "comment id": 10,
            "parent": -1,
            "children": [],
            "user id": "1976011227",
            "user name": "喵喵喵喵小肉",
            "content": "举报！蹭热度真特么可耻",
            "time": "18-7-9 11:36"
        },
        {
            "comment id": 11,
            "parent": -1,
            "children": [],
            "user id": "2510501500",
            "user name": "欢喜啦3",
            "content": "大家举报一波吧，这视频是印尼的",
            "time": "18-7-9 09:07"
        },
        {
            "comment id": 12,
            "parent": -1,
            "children": [],
            "user id": "3592384215",
            "user name": "小寶-呃",
            "content": "还清华大学的？？就这脑子",
            "time": "18-7-9 11:23"
        },
        {
            "comment id": 13,
            "parent": -1,
            "children": [],
            "user id": "2018070774",
            "user name": "飞舞造型",
            "content": "SB",
            "time": "18-7-9 11:10"
        },
        {
            "comment id": 14,
            "parent": -1,
            "children": [],
            "user id": "3640069962",
            "user name": "芷丁的忧郁",
            "content": "神经病",
            "time": "18-7-9 09:49"
        },
        {
            "comment id": 15,
            "parent": -1,
            "children": [],
            "user id": "1669756632",
            "user name": "不愿承认自己胖",
            "content": "造谣生事 带带脑子吧",
            "time": "18-7-9 02:25"
        },
        {
            "comment id": 16,
            "parent": -1,
            "children": [],
            "user id": "3603525012",
            "user name": "飞翔的荷兰人1110044",
            "content": "装傻还是真傻",
            "time": "18-7-8 17:57"
        },
        {
            "comment id": 17,
            "parent": -1,
            "children": [],
            "user id": "3029254540",
            "user name": "SwordmanX",
            "content": "老哥想去派出所喝茶吗",
            "time": "18-7-29 12:57"
        },
        {
            "comment id": 18,
            "parent": -1,
            "children": [],
            "user id": "1914264832",
            "user name": "发福了的兔子",
            "content": "明显不是这个船 也不是这个天气",
            "time": "18-7-12 17:53"
        },
        {
            "comment id": 19,
            "parent": -1,
            "children": [],
            "user id": "5089405720",
            "user name": "勇敢de向日葵",
            "content": "这好像印尼沉船事故",
            "time": "18-7-9 10:41"
        },
        {
            "comment id": 20,
            "parent": -1,
            "children": [],
            "user id": "2665771997",
            "user name": "呦呦鹿鸣-33",
            "content": "脑子是个好东西",
            "time": "18-7-8 23:42"
        },
        {
            "comment id": 21,
            "parent": -1,
            "children": [],
            "user id": "1808924000",
            "user name": "我一賤伱就笑丶",
            "content": "这不是",
            "time": "18-7-8 19:52"
        },
        {
            "comment id": 22,
            "parent": -1,
            "children": [],
            "user id": "2841794380",
            "user name": "森之于淼",
            "content": "这不是，翻的不是这船，翻船那天我见过那船",
            "time": "18-7-8 18:07"
        }
    ]
}