{
    "source": {
        "content": "警察超话  事发贵州凯里高速收费站，三名歹徒持刀砍死两名工作人员，被随后赶到的特警摆阵制服 网页链接 ",
        "time": "18-7-10 10:21",
        "user id": "1228527630",
        "tweet id": "Gpfx32cNb",
        "label": 1,
        "theme": null
    },
    "comment": [
        {
            "comment id": 0,
            "parent": -1,
            "children": [
                2
            ],
            "user id": "1415126582",
            "user name": "lcj37",
            "content": "很明显是反恐演练，如果有人感觉是真实的，那是因为排练了很多很多编了，排练照顾到每个细节，怎么走位，什么动作都固定的。",
            "time": "18-7-12 10:43"
        },
        {
            "comment id": 1,
            "parent": 2,
            "children": [],
            "user id": "5245452843",
            "user name": "大明湖畔的林哥哥",
            "content": "回复@也许明天42238:打脸了吧",
            "time": "18-7-24 18:37"
        },
        {
            "comment id": 2,
            "parent": 0,
            "children": [
                1
            ],
            "user id": "6294128212",
            "user name": "也许明天42238",
            "content": "放屁",
            "time": "18-7-14 15:21"
        },
        {
            "comment id": 3,
            "parent": -1,
            "children": [],
            "user id": "5819425793",
            "user name": "隔壁的大周",
            "content": "这个博主头有点傻。",
            "time": "18-7-14 20:34"
        },
        {
            "comment id": 4,
            "parent": -1,
            "children": [],
            "user id": "5242578889",
            "user name": "serendipity-仙女有只狗",
            "content": "这样的人死了都是活该的。这要在外国早就击毙了。让你们猖狂",
            "time": "18-7-20 01:37"
        },
        {
            "comment id": 5,
            "parent": -1,
            "children": [],
            "user id": "2215308607",
            "user name": "陆地之岛",
            "content": "简直浪费警力与以后的羁押宣判成本。对这样穷凶极恶的歹徒，就是击毙。",
            "time": "18-7-15 21:55"
        },
        {
            "comment id": 6,
            "parent": -1,
            "children": [],
            "user id": "5060003493",
            "user name": "Leo112987",
            "content": "为什么？  枪都是摆设么？  就算不打死他，为什么不朝腿部开枪？",
            "time": "18-7-15 09:30"
        },
        {
            "comment id": 7,
            "parent": -1,
            "children": [],
            "user id": "5775177208",
            "user name": "泡泡君喔",
            "content": "@贵州公安  @微博贵州  @贵州高速交警  @贵州省公安厅交警总队  @贵州凯里  @贵州网警巡查执法  @四级警长",
            "time": "18-7-23 15:55"
        },
        {
            "comment id": 8,
            "parent": -1,
            "children": [],
            "user id": "2751854023",
            "user name": "期待未来的自己呀",
            "content": "举报不了   草",
            "time": "18-7-20 17:47"
        },
        {
            "comment id": 9,
            "parent": -1,
            "children": [],
            "user id": "5243269859",
            "user name": "我是你的猫5",
            "content": "总有这样的败类出来危害社会",
            "time": "18-7-20 05:37"
        },
        {
            "comment id": 10,
            "parent": -1,
            "children": [],
            "user id": "5963511477",
            "user name": "风中劲草栋梁",
            "content": "是演戏吧",
            "time": "18-7-17 22:44"
        },
        {
            "comment id": 11,
            "parent": -1,
            "children": [],
            "user id": "1256575520",
            "user name": "天干物燥人心浮躁",
            "content": "看完视频还把这个当真的人，真心认知能力有问题",
            "time": "18-7-13 19:33"
        },
        {
            "comment id": 12,
            "parent": -1,
            "children": [],
            "user id": "3284616224",
            "user name": "assshow",
            "content": "警察为什么不直接开枪",
            "time": "18-7-11 19:31"
        },
        {
            "comment id": 13,
            "parent": -1,
            "children": [],
            "user id": "5532162120",
            "user name": "用户5532162120夏天",
            "content": "面对这种暴徒为什么不开枪？",
            "time": "18-7-12 07:51"
        },
        {
            "comment id": 14,
            "parent": -1,
            "children": [],
            "user id": "6436578150",
            "user name": "城市娱乐证明贪业大于造业",
            "content": "对待这些顽徒要刑法里面加上一条杀人偿命；刑上加刑；酷刑生效🉑️刑一警百之效！毛主席能成藏王六殿菩萨即效仿秦王之正威神气；",
            "time": "18-7-15 04:04"
        },
        {
            "comment id": 15,
            "parent": -1,
            "children": [],
            "user id": "5849600095",
            "user name": "寒岁三友之竹海一叶",
            "content": "回复@王子6268423658 的表态:",
            "time": "18-7-13 22:14"
        },
        {
            "comment id": 16,
            "parent": -1,
            "children": [],
            "user id": "5182847473",
            "user name": "一品雅德",
            "content": "像假",
            "time": "18-7-12 09:40"
        },
        {
            "comment id": 17,
            "parent": -1,
            "children": [],
            "user id": "3962137811",
            "user name": "凡人车事",
            "content": "博主还是删了吧",
            "time": "18-7-11 22:18"
        },
        {
            "comment id": 18,
            "parent": -1,
            "children": [
                19
            ],
            "user id": "5849600095",
            "user name": "寒岁三友之竹海一叶",
            "content": "为什么不击毙",
            "time": "18-7-11 20:37"
        },
        {
            "comment id": 19,
            "parent": 18,
            "children": [
                20
            ],
            "user id": "6050952756",
            "user name": "战龙飞",
            "content": "尼丫二货看半天难道看不出是在演练吗？",
            "time": "18-7-11 20:57"
        },
        {
            "comment id": 20,
            "parent": 19,
            "children": [],
            "user id": "5905377031",
            "user name": "wsw-f",
            "content": "回复@时尚拿度芭莎:原来如此",
            "time": "18-7-11 22:08"
        },
        {
            "comment id": 21,
            "parent": -1,
            "children": [],
            "user id": "2714383204",
            "user name": "冷若千寒helen",
            "content": "太恐怖了",
            "time": "18-7-11 16:09"
        }
    ]
}