{
    "source": {
        "content": "拉着狗出门不拴绳子的那些畜生们，强烈要求政府治理，[发怒]强烈呼吁：养狗的出门请套绳子！戴嘴套！不然别出门！不要总说你的狗乖，不咬人！那是没出事，出了事情你拿什么来弥补？有用吗，小孩都被你毁了！昨晚兰州体育馆附近，一小孩才3岁，被大狗把半边脸咬伤！赔偿能换回容颜吗？不要害人害己！请不要再把你嘴里的幺儿乖乖带出门害人！求转发！！不要点赞！（看都视频中孩子的妈妈痛苦的样子，心里很不是滋味） 边走边看LZ的微博视频",
        "time": "18-7-13 17:42",
        "user id": "1800423425",
        "tweet id": "GpKHm6dGC",
        "label": 1,
        "theme": null
    },
    "comment": [
        {
            "comment id": 0,
            "parent": -1,
            "children": [
                1,
                2,
                3
            ],
            "user id": "1746267963",
            "user name": "dnative",
            "content": "已经辟谣了",
            "time": "18-7-13 23:24"
        },
        {
            "comment id": 1,
            "parent": 0,
            "children": [],
            "user id": "1746267963",
            "user name": "dnative",
            "content": "回复 @用户6048466862:2018年6月28日19时许，我区居民黄某在体育馆附近遛狗，因看管不力，所带犬只造成两名儿童受惊，其中一名3岁男童受惊摔倒，头部碰到路边花台，右耳附近头皮处破裂伤，另一名未受伤。受伤男童后在医院做包扎处理，目前伤情无碍。经调解，黄某与男童家长达成医治赔偿协议。",
            "time": "18-7-14 12:00"
        },
        {
            "comment id": 2,
            "parent": 0,
            "children": [],
            "user id": "1746267963",
            "user name": "dnative",
            "content": "回复 @用户6048466862:昨晚温江体育馆“狗咬伤小孩”事件，你不想看看当事人怎么说？",
            "time": "18-7-14 11:58"
        },
        {
            "comment id": 3,
            "parent": 0,
            "children": [],
            "user id": "6048466862",
            "user name": "用户6048466862",
            "content": "求辟谣原文链接",
            "time": "18-7-14 11:54"
        },
        {
            "comment id": 4,
            "parent": -1,
            "children": [],
            "user id": "6048466862",
            "user name": "用户6048466862",
            "content": "和狗有关系，但不是狗咬的，去@攀枝花公安 看原文。",
            "time": "18-7-14 11:58"
        }
    ]
}