{
    "source": {
        "content": "今天濮阳加油站，因为天热，加油时拿手机扫二维码，当场引起爆炸，当场蹦死4人，愿大家开车加油时，炎热的夏天，千万别拿着手机加油啦！！！安全第一！！！  网页链接 ",
        "time": "18-7-19 20:28",
        "user id": "3900601257",
        "tweet id": "GqGlCEVFO",
        "label": 1,
        "theme": null
    },
    "comment": [
        {
            "comment id": 0,
            "parent": -1,
            "children": [],
            "user id": "5177944356",
            "user name": "丹丹ladydd",
            "content": "谣言止于智者",
            "time": "18-7-19 20:46"
        },
        {
            "comment id": 1,
            "parent": -1,
            "children": [],
            "user id": "1726595173",
            "user name": "江枫时评",
            "content": "谣言",
            "time": "18-7-19 21:00"
        },
        {
            "comment id": 2,
            "parent": -1,
            "children": [],
            "user id": "6570478091",
            "user name": "独秀的秀538",
            "content": "放你娘的螺旋屁",
            "time": "18-7-20 07:28"
        },
        {
            "comment id": 3,
            "parent": -1,
            "children": [],
            "user id": "6008378822",
            "user name": "巩亚平soyoung",
            "content": "转发500次，送你进去！",
            "time": "18-7-19 21:33"
        },
        {
            "comment id": 4,
            "parent": -1,
            "children": [],
            "user id": "6569396929",
            "user name": "CG你还可爱么",
            "content": "看清楚再说，散播谣言",
            "time": "18-7-19 20:31"
        }
    ]
}