{
    "source": {
        "content": "普吉岛翻船瞬间 西安透明自媒体的微博视频 ",
        "time": "18-7-17 07:38",
        "user id": "5678690954",
        "tweet id": "Gqisem7SZ",
        "label": 1,
        "theme": null
    },
    "comment": [
        {
            "comment id": 0,
            "parent": -1,
            "children": [
                1
            ],
            "user id": "1100835214",
            "user name": "古今易码",
            "content": "教训，愿去者安息！",
            "time": "18-7-17 15:45"
        },
        {
            "comment id": 1,
            "parent": 0,
            "children": [],
            "user id": "5678690954",
            "user name": "长安万里行",
            "content": "古今朋友好",
            "time": "18-7-17 17:01"
        },
        {
            "comment id": 2,
            "parent": -1,
            "children": [],
            "user id": "5678690954",
            "user name": "长安万里行",
            "content": "回复@唯她命83367 的表态:维她命朋友好",
            "time": "18-7-17 17:34"
        },
        {
            "comment id": 3,
            "parent": -1,
            "children": [],
            "user id": "5678690954",
            "user name": "长安万里行",
            "content": "风采朋友好",
            "time": "18-7-17 15:32"
        },
        {
            "comment id": 4,
            "parent": -1,
            "children": [],
            "user id": "5678690954",
            "user name": "长安万里行",
            "content": "后花园好",
            "time": "18-7-17 14:01"
        },
        {
            "comment id": 5,
            "parent": -1,
            "children": [],
            "user id": "5678690954",
            "user name": "长安万里行",
            "content": "回复@午夜飞行_爱思考 的表态:午夜朋友好",
            "time": "18-7-17 11:33"
        },
        {
            "comment id": 6,
            "parent": -1,
            "children": [],
            "user id": "5678690954",
            "user name": "长安万里行",
            "content": "回复@Aphrodite-CZX 的表态:朋友好",
            "time": "18-7-17 08:55"
        }
    ]
}