{
    "source": {
        "content": "成都暴雨天上像开了个洞一样 搞笑蜂的秒拍视频 ",
        "time": "18-7-17 23:19",
        "user id": "6348159335",
        "tweet id": "GqoCl8HPW",
        "label": 1,
        "theme": null
    },
    "comment": [
        {
            "comment id": 0,
            "parent": -1,
            "children": [],
            "user id": "3213077542",
            "user name": "艾登君",
            "content": "这是多伦多塔",
            "time": "18-7-19 13:32"
        },
        {
            "comment id": 1,
            "parent": -1,
            "children": [
                2
            ],
            "user id": "3717922252",
            "user name": "小哈尼儿SL",
            "content": "@MrPmuzik",
            "time": "18-7-18 18:39"
        },
        {
            "comment id": 2,
            "parent": 1,
            "children": [],
            "user id": "6389562861",
            "user name": "MrPmuzik",
            "content": "这个太帅了",
            "time": "18-7-19 09:26"
        },
        {
            "comment id": 3,
            "parent": -1,
            "children": [],
            "user id": "5623689930",
            "user name": "安琪拉饣",
            "content": "壮观！！",
            "time": "18-7-20 19:56"
        },
        {
            "comment id": 4,
            "parent": -1,
            "children": [],
            "user id": "6499562530",
            "user name": "我是女生爱宅着-678",
            "content": "洞还不小",
            "time": "18-7-18 19:01"
        },
        {
            "comment id": 5,
            "parent": -1,
            "children": [],
            "user id": "3761953520",
            "user name": "小猫真的黏人",
            "content": "奇异博士……",
            "time": "18-7-18 20:18"
        },
        {
            "comment id": 6,
            "parent": -1,
            "children": [],
            "user id": "5805072727",
            "user name": "V红博",
            "content": "这也太可怕了，不是真的吧",
            "time": "18-7-19 00:06"
        }
    ]
}