{
    "source": {
        "content": "假新闻 ",
        "time": "18-7-28 16:24",
        "user id": "2549709795",
        "tweet id": "Gs1BnbuV1",
        "label": 1,
        "theme": null
    },
    "comment": [
        {
            "comment id": 0,
            "parent": -1,
            "children": [
                1
            ],
            "user id": "2460981672",
            "user name": "杰西卡_白",
            "content": "都已经是不实消息了，为啥不让删除了呢",
            "time": "18-8-21 23:48"
        },
        {
            "comment id": 1,
            "parent": 0,
            "children": [],
            "user id": "2549709795",
            "user name": "互联网的点事儿",
            "content": "没法删除 我真的无语",
            "time": "18-8-29 20:09"
        },
        {
            "comment id": 2,
            "parent": -1,
            "children": [],
            "user id": "2439854134",
            "user name": "嫒尚晴de天空",
            "content": "这是个劫，升仙",
            "time": "18-7-29 15:39"
        },
        {
            "comment id": 3,
            "parent": -1,
            "children": [],
            "user id": "5314885102",
            "user name": "一个结了婚的女孩子",
            "content": "就想说 拿手机录视频的不怕被雷击吗",
            "time": "18-7-29 15:39"
        },
        {
            "comment id": 4,
            "parent": -1,
            "children": [],
            "user id": "6220606294",
            "user name": "OvO_乐乐",
            "content": "雷神",
            "time": "18-8-24 10:58"
        },
        {
            "comment id": 5,
            "parent": -1,
            "children": [],
            "user id": "1741916912",
            "user name": "contourdetection",
            "content": "假的",
            "time": "18-8-20 16:44"
        },
        {
            "comment id": 6,
            "parent": -1,
            "children": [],
            "user id": "2585436421",
            "user name": "悠闲的菁囡",
            "content": "人怎么会吊在半空",
            "time": "18-7-29 16:04"
        },
        {
            "comment id": 7,
            "parent": -1,
            "children": [],
            "user id": "3166278067",
            "user name": "青柠的柠檬味",
            "content": "你说得做多少坏事啊？？？",
            "time": "18-7-29 15:56"
        },
        {
            "comment id": 8,
            "parent": -1,
            "children": [
                9
            ],
            "user id": "5675565777",
            "user name": "安慕希pyf",
            "content": "@何涛灬",
            "time": "18-7-29 15:56"
        },
        {
            "comment id": 9,
            "parent": 8,
            "children": [],
            "user id": "5785267859",
            "user name": "阿姆罗的李阿宝",
            "content": "这不索尔嘛",
            "time": "18-7-29 18:30"
        },
        {
            "comment id": 10,
            "parent": -1,
            "children": [],
            "user id": "5406430364",
            "user name": "LQRLLL",
            "content": "@酸喵儿",
            "time": "18-7-29 15:48"
        },
        {
            "comment id": 11,
            "parent": -1,
            "children": [],
            "user id": "6052063900",
            "user name": "席洋洋118",
            "content": "游戏",
            "time": "18-7-29 15:31"
        },
        {
            "comment id": 12,
            "parent": -1,
            "children": [],
            "user id": "5137693530",
            "user name": "MA冠军",
            "content": "发毒誓了吧这是",
            "time": "18-7-29 15:29"
        },
        {
            "comment id": 13,
            "parent": -1,
            "children": [],
            "user id": "5300679918",
            "user name": "小小小小小小小贞",
            "content": "做了什么亏心事吗？",
            "time": "18-7-29 15:28"
        },
        {
            "comment id": 14,
            "parent": -1,
            "children": [],
            "user id": "3295342194",
            "user name": "云中漫步ABC12345",
            "content": "卧槽，有这事？",
            "time": "18-7-29 15:24"
        },
        {
            "comment id": 15,
            "parent": -1,
            "children": [],
            "user id": "2839045642",
            "user name": "Rabbit2424",
            "content": "@楠楠n0714",
            "time": "18-7-29 15:15"
        },
        {
            "comment id": 16,
            "parent": -1,
            "children": [],
            "user id": "5702860697",
            "user name": "華南-打鐵",
            "content": "他怎么上去的",
            "time": "18-7-29 14:13"
        },
        {
            "comment id": 17,
            "parent": -1,
            "children": [],
            "user id": "6005907492",
            "user name": "一片丹心_LV",
            "content": "何方道友在此渡劫",
            "time": "18-7-29 14:05"
        },
        {
            "comment id": 18,
            "parent": -1,
            "children": [],
            "user id": "1879577194",
            "user name": "蔺雅",
            "content": "闪电自带放大功能",
            "time": "18-7-29 13:53"
        },
        {
            "comment id": 19,
            "parent": -1,
            "children": [],
            "user id": "5635923227",
            "user name": "Mr徐Jia",
            "content": "渡劫成功了吗？",
            "time": "18-7-29 13:52"
        },
        {
            "comment id": 20,
            "parent": -1,
            "children": [],
            "user id": "5914151801",
            "user name": "VaKanDa",
            "content": "假的吧",
            "time": "18-7-29 13:48"
        },
        {
            "comment id": 21,
            "parent": -1,
            "children": [],
            "user id": "5261415799",
            "user name": "Akoasm-_1994",
            "content": "复仇者联盟4雷神崛起",
            "time": "18-7-29 13:46"
        },
        {
            "comment id": 22,
            "parent": -1,
            "children": [],
            "user id": "2370529337",
            "user name": "张zhzhang",
            "content": "@刘派瑞熙风 @永远的螃西辣蛋",
            "time": "18-7-29 13:39"
        },
        {
            "comment id": 23,
            "parent": -1,
            "children": [],
            "user id": "1570194481",
            "user name": "多蓝1984",
            "content": "这是个变成人样的精怪在渡劫吧",
            "time": "18-7-29 13:20"
        },
        {
            "comment id": 24,
            "parent": -1,
            "children": [],
            "user id": "1531408642",
            "user name": "Meee宝宝",
            "content": "是雷神本神了",
            "time": "18-7-29 13:16"
        },
        {
            "comment id": 25,
            "parent": -1,
            "children": [],
            "user id": "3612482700",
            "user name": "蛋蛋八号",
            "content": "不要大惊小怪了，就是飞升上仙历个劫",
            "time": "18-7-29 13:14"
        },
        {
            "comment id": 26,
            "parent": -1,
            "children": [],
            "user id": "5772450756",
            "user name": "酷喵阿旺",
            "content": "我的比你惨，没有谈过赔偿，直接砸",
            "time": "18-7-29 13:03"
        },
        {
            "comment id": 27,
            "parent": -1,
            "children": [
                28
            ],
            "user id": "3590616401",
            "user name": "山贼王阿",
            "content": "@我是你的阿沁姑娘 @整日神游 哇靠真的会被雷击中，都不敢出门了，就像吃鸡会被轰炸区轰炸到一样，我要相信轰炸区了",
            "time": "18-7-29 13:01"
        },
        {
            "comment id": 28,
            "parent": 27,
            "children": [],
            "user id": "5931225432",
            "user name": "榴莲泡芙没有榴莲",
            "content": "他们说这是很久以前一个游戏公司搞得",
            "time": "18-7-30 15:34"
        },
        {
            "comment id": 29,
            "parent": -1,
            "children": [],
            "user id": "2185823822",
            "user name": "福星高照王咩咩",
            "content": "这是在渡劫啊",
            "time": "18-7-29 12:59"
        },
        {
            "comment id": 30,
            "parent": -1,
            "children": [],
            "user id": "5185856654",
            "user name": "OUYong3",
            "content": "给我一个软件 我可以做的比这更优秀",
            "time": "18-7-29 12:57"
        },
        {
            "comment id": 31,
            "parent": -1,
            "children": [],
            "user id": "3196366573",
            "user name": "猫叔77777",
            "content": "这不是秦宇吗？又在装b了",
            "time": "18-7-29 11:27"
        },
        {
            "comment id": 32,
            "parent": -1,
            "children": [],
            "user id": "6321879942",
            "user name": "啦啦many",
            "content": "雷神，是你吗？",
            "time": "18-7-29 11:27"
        },
        {
            "comment id": 33,
            "parent": -1,
            "children": [],
            "user id": "5377200586",
            "user name": "画动漫的Jack",
            "content": "上次上海陆家嘴也有这个人在半空，结果是造谣，劝你传递正能量",
            "time": "18-7-29 11:24"
        },
        {
            "comment id": 34,
            "parent": -1,
            "children": [],
            "user id": "5982102963",
            "user name": "宁舒阿",
            "content": "@于先生家的小姑娘",
            "time": "18-7-29 11:20"
        },
        {
            "comment id": 35,
            "parent": -1,
            "children": [],
            "user id": "3425771062",
            "user name": "爱的呼呼Reche",
            "content": "渡劫飞升了",
            "time": "18-7-29 11:17"
        },
        {
            "comment id": 36,
            "parent": -1,
            "children": [],
            "user id": "2356116154",
            "user name": "JOY--琳",
            "content": "天呢，吓人，最后怎么样了",
            "time": "18-7-29 11:15"
        },
        {
            "comment id": 37,
            "parent": -1,
            "children": [],
            "user id": "6442326135",
            "user name": "夏天森系",
            "content": "这是咋回事？这是真的?",
            "time": "18-7-29 11:13"
        },
        {
            "comment id": 38,
            "parent": -1,
            "children": [],
            "user id": "3947243711",
            "user name": "心海印湛蓝",
            "content": "你这渡个劫就不能飞高点？让我们一直平凡的生活不好吗？",
            "time": "18-7-29 11:08"
        },
        {
            "comment id": 39,
            "parent": -1,
            "children": [],
            "user id": "5036320345",
            "user name": "wang二大爷",
            "content": "这大楼在上海，你说在青岛？",
            "time": "18-7-29 10:40"
        },
        {
            "comment id": 40,
            "parent": -1,
            "children": [],
            "user id": "2916234563",
            "user name": "真是搞笑888",
            "content": "。。厉害",
            "time": "18-7-29 10:33"
        },
        {
            "comment id": 41,
            "parent": -1,
            "children": [],
            "user id": "5062618355",
            "user name": "-炮萝天下第一",
            "content": "呃",
            "time": "18-7-29 10:33"
        },
        {
            "comment id": 42,
            "parent": -1,
            "children": [],
            "user id": "1460752360",
            "user name": "沼泽之花妖",
            "content": "一定是假的",
            "time": "18-7-29 10:32"
        },
        {
            "comment id": 43,
            "parent": -1,
            "children": [],
            "user id": "1627322463",
            "user name": "柒橙壹",
            "content": "复仇者联盟有新成员了",
            "time": "18-7-29 10:16"
        },
        {
            "comment id": 44,
            "parent": -1,
            "children": [],
            "user id": "2215662982",
            "user name": "老饭乔丹",
            "content": "@wsy-ever",
            "time": "18-7-29 10:15"
        },
        {
            "comment id": 45,
            "parent": -1,
            "children": [],
            "user id": "5461969789",
            "user name": "LOVEyue77yue",
            "content": "不像是真的",
            "time": "18-7-29 10:14"
        },
        {
            "comment id": 46,
            "parent": -1,
            "children": [],
            "user id": "3296867431",
            "user name": "世太凉c",
            "content": "是不是真的",
            "time": "18-7-29 10:06"
        },
        {
            "comment id": 47,
            "parent": -1,
            "children": [],
            "user id": "3205176772",
            "user name": "江前一坝曰李子",
            "content": "应该是在渡劫成仙吧。。",
            "time": "18-7-29 10:04"
        },
        {
            "comment id": 48,
            "parent": -1,
            "children": [],
            "user id": "3171766934",
            "user name": "法令紋丿",
            "content": "@川-3",
            "time": "18-7-29 10:01"
        },
        {
            "comment id": 49,
            "parent": -1,
            "children": [],
            "user id": "5172637885",
            "user name": "人生没有假如aaa",
            "content": "是不是真的哦哦，肯定是妖精",
            "time": "18-7-29 10:01"
        },
        {
            "comment id": 50,
            "parent": -1,
            "children": [],
            "user id": "2491432957",
            "user name": "江边草-做自己",
            "content": "真实发生？不是特效制作吗？",
            "time": "18-7-29 09:57"
        },
        {
            "comment id": 51,
            "parent": -1,
            "children": [],
            "user id": "2034391537",
            "user name": "玉笙袅袅掩昭华",
            "content": "希望是前任 王鹏",
            "time": "18-7-29 09:54"
        },
        {
            "comment id": 52,
            "parent": -1,
            "children": [],
            "user id": "6564058246",
            "user name": "雪_61",
            "content": "假的吧",
            "time": "18-7-29 09:53"
        },
        {
            "comment id": 53,
            "parent": -1,
            "children": [],
            "user id": "3087294197",
            "user name": "zlfxfmm",
            "content": "撇呢，雷电下玩手机的没被电击了？",
            "time": "18-7-29 09:53"
        },
        {
            "comment id": 54,
            "parent": -1,
            "children": [],
            "user id": "5323702305",
            "user name": "人的命爹注定",
            "content": "逼拍的不错",
            "time": "18-7-29 09:49"
        },
        {
            "comment id": 55,
            "parent": -1,
            "children": [],
            "user id": "2678978260",
            "user name": "nicoboubou",
            "content": "假",
            "time": "18-7-29 09:47"
        },
        {
            "comment id": 56,
            "parent": -1,
            "children": [],
            "user id": "6016118930",
            "user name": "独AI6M",
            "content": "我是雷神托尔，为了北方神的荣耀",
            "time": "18-7-29 09:46"
        },
        {
            "comment id": 57,
            "parent": -1,
            "children": [],
            "user id": "6351943817",
            "user name": "一个人的战斗1994",
            "content": "有人知道后续故事吗？",
            "time": "18-7-29 09:44"
        },
        {
            "comment id": 58,
            "parent": -1,
            "children": [],
            "user id": "5584374445",
            "user name": "HMS1992",
            "content": "上海爆雷，上海市政府金融办和银监会都表示无监管权，如此严重失职渎职却毫无补救措施，以拖延敷衍态度不了了之，以各个手段打压，请问上海市政府意义何在？我们强烈要求政府部门加入监督扶持平台正常运营偿还出借人本息，实现平台和出借人的双赢，而不是关一个人，拖死几百万人。引起上亿人的社会危机",
            "time": "18-7-29 09:38"
        },
        {
            "comment id": 59,
            "parent": -1,
            "children": [],
            "user id": "2397882287",
            "user name": "Mr荆小骚",
            "content": "@丁调调  艾尼路回到青海了",
            "time": "18-7-29 09:37"
        },
        {
            "comment id": 60,
            "parent": -1,
            "children": [],
            "user id": "3491195572",
            "user name": "xiao鑫Zai",
            "content": "这明显是在渡劫啊",
            "time": "18-7-29 09:32"
        },
        {
            "comment id": 61,
            "parent": -1,
            "children": [],
            "user id": "1143821910",
            "user name": "tianyu62",
            "content": "作为青岛银怎么木听说",
            "time": "18-7-29 09:01"
        },
        {
            "comment id": 62,
            "parent": -1,
            "children": [],
            "user id": "2664166353",
            "user name": "华丽小葵",
            "content": "好恐怖啊！这是犯了多大的天条，要带上天去惩罚😱",
            "time": "18-7-29 08:56"
        },
        {
            "comment id": 63,
            "parent": -1,
            "children": [],
            "user id": "1991426653",
            "user name": "LeeLi114",
            "content": "逼装大了",
            "time": "18-7-29 08:53"
        },
        {
            "comment id": 64,
            "parent": -1,
            "children": [],
            "user id": "3116051395",
            "user name": "Ariix雨露",
            "content": "怎么可能在上面漂浮着 不科学啊",
            "time": "18-7-29 08:50"
        },
        {
            "comment id": 65,
            "parent": -1,
            "children": [],
            "user id": "6521925689",
            "user name": "逍遥王我是女王大人5376",
            "content": "飞升上仙",
            "time": "18-7-29 08:49"
        },
        {
            "comment id": 66,
            "parent": -1,
            "children": [],
            "user id": "5860093053",
            "user name": "云杰71182",
            "content": "道友",
            "time": "18-7-29 08:45"
        },
        {
            "comment id": 67,
            "parent": -1,
            "children": [],
            "user id": "2149962980",
            "user name": "丹_独记忆",
            "content": "敢问，何方道友在此渡劫？",
            "time": "18-7-29 08:38"
        },
        {
            "comment id": 68,
            "parent": -1,
            "children": [],
            "user id": "6342266047",
            "user name": "nanjiejiuweihu",
            "content": "我去，吓人哦",
            "time": "18-7-29 08:32"
        },
        {
            "comment id": 69,
            "parent": -1,
            "children": [
                70
            ],
            "user id": "1768266233",
            "user name": "夏天爱小猪",
            "content": "@圣诞节de长筒袜  雷神来了",
            "time": "18-7-29 08:29"
        },
        {
            "comment id": 70,
            "parent": 69,
            "children": [],
            "user id": "1839337690",
            "user name": "L的四次方儿",
            "content": "不信",
            "time": "18-7-29 08:35"
        },
        {
            "comment id": 71,
            "parent": -1,
            "children": [],
            "user id": "5265252122",
            "user name": "我与自己流浪F",
            "content": "是夜华没错了",
            "time": "18-7-29 03:19"
        },
        {
            "comment id": 72,
            "parent": -1,
            "children": [],
            "user id": "6187327687",
            "user name": "周新瞄",
            "content": "。。。",
            "time": "18-7-29 02:48"
        },
        {
            "comment id": 73,
            "parent": -1,
            "children": [],
            "user id": "5486286671",
            "user name": "Eve1_max",
            "content": "去年就说是谣言了，今年还在传？",
            "time": "18-7-29 02:08"
        },
        {
            "comment id": 74,
            "parent": -1,
            "children": [],
            "user id": "1848873820",
            "user name": "不爱吃糖的丫头",
            "content": "他在渡劫",
            "time": "18-7-29 02:02"
        },
        {
            "comment id": 75,
            "parent": -1,
            "children": [],
            "user id": "1993812530",
            "user name": "你是我的荣光i",
            "content": "托尔",
            "time": "18-7-29 02:01"
        },
        {
            "comment id": 76,
            "parent": -1,
            "children": [],
            "user id": "5404731059",
            "user name": "王喉结没有低音炮",
            "content": "是哪位道友在此渡劫",
            "time": "18-7-29 01:33"
        },
        {
            "comment id": 77,
            "parent": -1,
            "children": [],
            "user id": "5550486488",
            "user name": "优雅灰兔",
            "content": "传说中的天打五雷轰",
            "time": "18-7-29 01:32"
        },
        {
            "comment id": 78,
            "parent": -1,
            "children": [],
            "user id": "1645717605",
            "user name": "你笑的很欧美",
            "content": "被电的是假疫苗主使人就解气了",
            "time": "18-7-29 01:17"
        },
        {
            "comment id": 79,
            "parent": -1,
            "children": [],
            "user id": "1246993721",
            "user name": "森蓝1982",
            "content": "还以为是万磁王",
            "time": "18-7-29 01:14"
        },
        {
            "comment id": 80,
            "parent": -1,
            "children": [],
            "user id": "6353587955",
            "user name": "孟琛丶",
            "content": "@有趣的肉多多  电脑做的特效吗",
            "time": "18-7-29 01:05"
        },
        {
            "comment id": 81,
            "parent": -1,
            "children": [],
            "user id": "2460775880",
            "user name": "uoinack",
            "content": "过了500咯哟",
            "time": "18-7-29 00:56"
        },
        {
            "comment id": 82,
            "parent": -1,
            "children": [],
            "user id": "6557809578",
            "user name": "你184682018",
            "content": "看你一脸无知的模样 真心为你感到可惜",
            "time": "18-7-29 00:54"
        },
        {
            "comment id": 83,
            "parent": -1,
            "children": [],
            "user id": "3145764315",
            "user name": "西街尾",
            "content": "雷神",
            "time": "18-7-29 00:52"
        }
    ]
}