{
    "source": {
        "content": "青岛暴雨，一人不幸被雷电击中吸浮在空中，场面十分惊人！ 网页链接 ",
        "time": "18-7-28 21:00",
        "user id": "2721879503",
        "tweet id": "Gs3ppjSLd",
        "label": 1,
        "theme": null
    },
    "comment": [
        {
            "comment id": 0,
            "parent": -1,
            "children": [
                1,
                2,
                3,
                4,
                5,
                6,
                7,
                8,
                9
            ],
            "user id": "3051972765",
            "user name": "赵英俊的小幸运",
            "content": "大家不要急，这是小编的爸爸在遭雷劈。",
            "time": "18-7-28 22:22"
        },
        {
            "comment id": 1,
            "parent": 0,
            "children": [],
            "user id": "5093688210",
            "user name": "用户zelplmheda",
            "content": "其实这是杭州人人爱家老板在遭雷劈，他诈骗百姓很多血汗钱，老天有眼了",
            "time": "18-7-30 20:38"
        },
        {
            "comment id": 2,
            "parent": 0,
            "children": [],
            "user id": "5568272619",
            "user name": "习惯等待的刺客",
            "content": "小便的爸爸长了一层楼那么高，大概有三米高！",
            "time": "18-7-29 22:03"
        },
        {
            "comment id": 3,
            "parent": 0,
            "children": [],
            "user id": "5264243050",
            "user name": "Bright_Zzzz",
            "content": "这种危急关头没时间p图，所以是真的",
            "time": "18-7-29 20:10"
        },
        {
            "comment id": 4,
            "parent": 0,
            "children": [],
            "user id": "6032772619",
            "user name": "移花宫宫宫宫宫主",
            "content": "哈哈哈哈哈哈哈哈哈哈哈笑掉头",
            "time": "18-7-29 19:58"
        },
        {
            "comment id": 5,
            "parent": 0,
            "children": [],
            "user id": "6586006281",
            "user name": "用户6586006281",
            "content": "完全正确",
            "time": "18-7-29 19:22"
        },
        {
            "comment id": 6,
            "parent": 0,
            "children": [],
            "user id": "5754390611",
            "user name": "angle_1013",
            "content": "不是他妈妈",
            "time": "18-7-29 18:59"
        },
        {
            "comment id": 7,
            "parent": 0,
            "children": [],
            "user id": "5380236736",
            "user name": "为了暗香",
            "content": "说的真他妈对",
            "time": "18-7-29 18:06"
        },
        {
            "comment id": 8,
            "parent": 0,
            "children": [],
            "user id": "5322782357",
            "user name": "陈不问1995",
            "content": "回复@用户6551628763:都说了好像是做游戏弄的，假的不能再假了",
            "time": "18-7-29 17:50"
        },
        {
            "comment id": 9,
            "parent": 0,
            "children": [],
            "user id": "6112309618",
            "user name": "chengle大馋鱼",
            "content": "没病吧",
            "time": "18-7-29 16:15"
        },
        {
            "comment id": 10,
            "parent": -1,
            "children": [
                11,
                12,
                13
            ],
            "user id": "5529916599",
            "user name": "一起过夜吗",
            "content": "卧槽  渡劫啊这是",
            "time": "18-7-28 21:07"
        },
        {
            "comment id": 11,
            "parent": 10,
            "children": [],
            "user id": "6584747784",
            "user name": "海贼子哦199009",
            "content": "估计满级了",
            "time": "18-7-29 21:00"
        },
        {
            "comment id": 12,
            "parent": 10,
            "children": [],
            "user id": "5514701406",
            "user name": "刷什么微博该滚去学习",
            "content": "上次还说是上海外滩",
            "time": "18-7-29 16:31"
        },
        {
            "comment id": 13,
            "parent": 10,
            "children": [],
            "user id": "1906125073",
            "user name": "梁的品格",
            "content": "18道天雷",
            "time": "18-7-29 09:39"
        },
        {
            "comment id": 14,
            "parent": -1,
            "children": [
                15,
                17,
                19
            ],
            "user id": "2292771884",
            "user name": "Tang_wang",
            "content": "时间：2017年9月14  坐标：上海   本是一个动画广告，但经过像@搞笑精选控 这样不负责任的媒体大肆改编 就成了谣言！ 谣言止于智者！",
            "time": "18-7-29 11:43"
        },
        {
            "comment id": 15,
            "parent": 14,
            "children": [],
            "user id": "6469563927",
            "user name": "骄傲A成",
            "content": "我已经举报了",
            "time": "18-7-29 17:48"
        },
        {
            "comment id": 16,
            "parent": 17,
            "children": [],
            "user id": "2292771884",
            "user name": "Tang_wang",
            "content": "回复@Tang_wang:上海中国平安金融大厦",
            "time": "18-7-29 17:41"
        },
        {
            "comment id": 17,
            "parent": 14,
            "children": [
                16
            ],
            "user id": "2292771884",
            "user name": "Tang_wang",
            "content": "上海的建筑 怎么跑青岛去了？海里漂过去的？ 网页链接",
            "time": "18-7-29 17:38"
        },
        {
            "comment id": 18,
            "parent": 19,
            "children": [],
            "user id": "2292771884",
            "user name": "Tang_wang",
            "content": "回复@FFSHZ:不涉及谁的利益，谁去自找麻烦的管。 年轻人尚且当真 更何况很多老年人不懂特效这个词，只会越传越夸张",
            "time": "18-7-29 17:22"
        },
        {
            "comment id": 19,
            "parent": 14,
            "children": [
                18
            ],
            "user id": "6159418660",
            "user name": "FFSHZ",
            "content": "对造谣者应该加以惩罚。",
            "time": "18-7-29 16:11"
        },
        {
            "comment id": 20,
            "parent": -1,
            "children": [
                21
            ],
            "user id": "2673556811",
            "user name": "桃子_啦啦",
            "content": "这也信的是傻子吗？造谣者会死的快的",
            "time": "18-7-28 22:01"
        },
        {
            "comment id": 21,
            "parent": 20,
            "children": [],
            "user id": "5039801318",
            "user name": "样俺的瑞吃",
            "content": "🌜脱单 🌛 🌜 恋人发展 🌛。。🌜 复合🌛 🌜 工作🌛 🌜考试 🌛 。。🌜 财运🌛 🌜寻找失物 🌛 。。。。。@测字和看面相的田夫子",
            "time": "18-7-29 19:46"
        },
        {
            "comment id": 22,
            "parent": -1,
            "children": [
                23
            ],
            "user id": "5541196662",
            "user name": "MrF凤",
            "content": "这是真的？",
            "time": "18-7-28 21:03"
        },
        {
            "comment id": 23,
            "parent": 22,
            "children": [],
            "user id": "3097348547",
            "user name": "乐乐leyin",
            "content": "假得，百度搜下",
            "time": "18-7-29 11:40"
        },
        {
            "comment id": 24,
            "parent": -1,
            "children": [],
            "user id": "6015100789",
            "user name": "上官钢丝",
            "content": "何方道友在此渡劫",
            "time": "18-7-29 07:29"
        },
        {
            "comment id": 25,
            "parent": -1,
            "children": [],
            "user id": "5641758213",
            "user name": "我的小辰兮",
            "content": "和旁边的楼层层高来对比，这个人至少有2层楼高",
            "time": "18-7-29 10:23"
        },
        {
            "comment id": 26,
            "parent": -1,
            "children": [],
            "user id": "5963952727",
            "user name": "byebyejzc",
            "content": "我差点就信了",
            "time": "18-7-28 21:41"
        },
        {
            "comment id": 27,
            "parent": -1,
            "children": [],
            "user id": "5558581494",
            "user name": "Hollyswine",
            "content": "你们这些凡人看什么看，这是老衲在渡劫的最后一难：被雷劈。",
            "time": "18-7-29 07:11"
        },
        {
            "comment id": 28,
            "parent": -1,
            "children": [],
            "user id": "6048644226",
            "user name": "二三亖567",
            "content": "够拘留了",
            "time": "18-7-29 13:54"
        },
        {
            "comment id": 29,
            "parent": -1,
            "children": [],
            "user id": "6027209305",
            "user name": "Cruve",
            "content": "渡劫？",
            "time": "18-7-29 13:47"
        },
        {
            "comment id": 30,
            "parent": -1,
            "children": [],
            "user id": "2520187980",
            "user name": "文才艺客",
            "content": "不看评论我还差点信了",
            "time": "18-7-29 13:39"
        },
        {
            "comment id": 31,
            "parent": -1,
            "children": [],
            "user id": "2909466033",
            "user name": "浅草被占用",
            "content": "雷神",
            "time": "18-7-29 13:02"
        },
        {
            "comment id": 32,
            "parent": -1,
            "children": [],
            "user id": "2146199473",
            "user name": "Elvi氵ra小蔓_",
            "content": "哪里看得到人形，早成灰了。",
            "time": "18-7-29 12:54"
        },
        {
            "comment id": 33,
            "parent": -1,
            "children": [],
            "user id": "2700193972",
            "user name": "潘晓丰_",
            "content": "造谣判几年",
            "time": "18-7-29 12:53"
        },
        {
            "comment id": 34,
            "parent": -1,
            "children": [],
            "user id": "6284296414",
            "user name": "king我就笑笑不说话",
            "content": "妖孽，看我紫宵神雷⚡",
            "time": "18-7-29 12:46"
        },
        {
            "comment id": 35,
            "parent": -1,
            "children": [],
            "user id": "1972510823",
            "user name": "-夕颜-橙",
            "content": "差点就信了",
            "time": "18-7-29 12:41"
        },
        {
            "comment id": 36,
            "parent": -1,
            "children": [],
            "user id": "5416551521",
            "user name": "玉皇大帝他干亲家母",
            "content": "这段视频在去年九月曾在网上热传，是一款手机游戏的创意广告，所谓的“雷电击人”是配合广告效果制作的特效，",
            "time": "18-7-29 12:11"
        },
        {
            "comment id": 37,
            "parent": -1,
            "children": [],
            "user id": "3140603420",
            "user name": "善问有慧",
            "content": "被雷劈死的，不是做恶多端，就是大逆不道，由天来处罚!",
            "time": "18-7-29 12:10"
        },
        {
            "comment id": 38,
            "parent": -1,
            "children": [],
            "user id": "2356801901",
            "user name": "用户or89ahav4p",
            "content": "小㾫到底这么会时",
            "time": "18-7-29 12:07"
        },
        {
            "comment id": 39,
            "parent": -1,
            "children": [],
            "user id": "1186308121",
            "user name": "春天的泥土_大地",
            "content": "假的",
            "time": "18-7-29 12:06"
        },
        {
            "comment id": 40,
            "parent": -1,
            "children": [],
            "user id": "3147726740",
            "user name": "彼岸的弑焱",
            "content": "技术不错",
            "time": "18-7-29 12:02"
        },
        {
            "comment id": 41,
            "parent": -1,
            "children": [],
            "user id": "1656374804",
            "user name": "开心的马骝",
            "content": "屌爆了",
            "time": "18-7-29 11:58"
        },
        {
            "comment id": 42,
            "parent": -1,
            "children": [],
            "user id": "2359010257",
            "user name": "脾气不好的fang",
            "content": "脑子想想都不可能，小编传播虚假信息是要坐牢的",
            "time": "18-7-29 11:17"
        },
        {
            "comment id": 43,
            "parent": -1,
            "children": [],
            "user id": "5897194894",
            "user name": "姚子涵han",
            "content": "不可能吧",
            "time": "18-7-29 11:14"
        },
        {
            "comment id": 44,
            "parent": -1,
            "children": [],
            "user id": "5802014039",
            "user name": "小二竟然",
            "content": "现在造谣都不犯法了？",
            "time": "18-7-29 09:45"
        },
        {
            "comment id": 45,
            "parent": -1,
            "children": [],
            "user id": "2882315244",
            "user name": "你有点酷啊",
            "content": "搞笑动图",
            "time": "18-7-29 09:08"
        },
        {
            "comment id": 46,
            "parent": -1,
            "children": [],
            "user id": "5829332231",
            "user name": "华华华Haunani",
            "content": "他还好吗",
            "time": "18-7-29 09:05"
        },
        {
            "comment id": 47,
            "parent": -1,
            "children": [],
            "user id": "5590343625",
            "user name": "暖玉wyl",
            "content": "发这种假视频要被抓",
            "time": "18-7-29 09:03"
        },
        {
            "comment id": 48,
            "parent": -1,
            "children": [],
            "user id": "5590343625",
            "user name": "暖玉wyl",
            "content": "不可能，制作的吧",
            "time": "18-7-29 09:01"
        },
        {
            "comment id": 49,
            "parent": -1,
            "children": [],
            "user id": "5844636293",
            "user name": "快乐的小草2016",
            "content": "我辈修道之仙人渡劫，渡过飞升，渡不过飞灰烟灭。",
            "time": "18-7-29 09:00"
        },
        {
            "comment id": 50,
            "parent": -1,
            "children": [],
            "user id": "6276314609",
            "user name": "繁华背后念天堂",
            "content": "何方道友在此渡劫",
            "time": "18-7-29 08:56"
        },
        {
            "comment id": 51,
            "parent": -1,
            "children": [],
            "user id": "5737838189",
            "user name": "女王大人的精品屋",
            "content": "这假的吧",
            "time": "18-7-29 08:54"
        },
        {
            "comment id": 52,
            "parent": -1,
            "children": [],
            "user id": "1436910083",
            "user name": "宝爷在上海",
            "content": "怎么会到天上去了呢？",
            "time": "18-7-29 08:45"
        },
        {
            "comment id": 53,
            "parent": -1,
            "children": [],
            "user id": "6104024585",
            "user name": "人心丶最复杂",
            "content": "这小编没脑子？",
            "time": "18-7-29 08:36"
        },
        {
            "comment id": 54,
            "parent": -1,
            "children": [],
            "user id": "5198297012",
            "user name": "集市养猫人J",
            "content": "这不是去年说上海渡劫视频吗。现在的自媒体真恶心。",
            "time": "18-7-29 08:31"
        },
        {
            "comment id": 55,
            "parent": -1,
            "children": [],
            "user id": "2318700845",
            "user name": "風景在缘台",
            "content": "国产闪电侠",
            "time": "18-7-29 08:19"
        },
        {
            "comment id": 56,
            "parent": -1,
            "children": [],
            "user id": "6233970786",
            "user name": "丽雪199011",
            "content": "这么厉害",
            "time": "18-7-29 08:13"
        },
        {
            "comment id": 57,
            "parent": -1,
            "children": [],
            "user id": "2525318465",
            "user name": "蒙圈的影视制作人",
            "content": "我草，要变身了",
            "time": "18-7-29 07:58"
        },
        {
            "comment id": 58,
            "parent": -1,
            "children": [],
            "user id": "5863074699",
            "user name": "忧伤的野驴",
            "content": "我去，这才是真正的渡劫啊",
            "time": "18-7-29 07:45"
        },
        {
            "comment id": 59,
            "parent": -1,
            "children": [],
            "user id": "5553282514",
            "user name": "九天66620",
            "content": "我想知道他渡劫成功没",
            "time": "18-7-29 06:56"
        },
        {
            "comment id": 60,
            "parent": -1,
            "children": [],
            "user id": "2318735272",
            "user name": "小熊的洞穴",
            "content": "索尔，是你吗？",
            "time": "18-7-29 01:00"
        },
        {
            "comment id": 61,
            "parent": -1,
            "children": [],
            "user id": "5855186352",
            "user name": "秦风大人的长生树",
            "content": "造谣入刑吗？",
            "time": "18-7-28 21:53"
        },
        {
            "comment id": 62,
            "parent": -1,
            "children": [],
            "user id": "5995644417",
            "user name": "熊熊熊熊熊熊哎",
            "content": "都说造谣了，还发？",
            "time": "18-7-28 21:05"
        },
        {
            "comment id": 63,
            "parent": -1,
            "children": [
                64
            ],
            "user id": "6551019559",
            "user name": "应怜我_",
            "content": "这东西很危险，我小时候被电死过",
            "time": "18-7-29 12:39"
        },
        {
            "comment id": 64,
            "parent": 63,
            "children": [],
            "user id": "1157821747",
            "user name": "我爱唱反调",
            "content": "",
            "time": "18-7-29 22:12"
        },
        {
            "comment id": 65,
            "parent": -1,
            "children": [],
            "user id": "6568668891",
            "user name": "用户qin阿一",
            "content": "渡劫成功了吗？绝对过金丹期了。",
            "time": "18-7-29 08:50"
        },
        {
            "comment id": 66,
            "parent": -1,
            "children": [],
            "user id": "6543919206",
            "user name": "用户6543919206",
            "content": "假的吧，",
            "time": "18-7-29 20:50"
        },
        {
            "comment id": 67,
            "parent": -1,
            "children": [],
            "user id": "5632744653",
            "user name": "用户5632744653",
            "content": "这视频引起恐慌，违法",
            "time": "18-7-29 08:54"
        },
        {
            "comment id": 68,
            "parent": -1,
            "children": [],
            "user id": "1707163585",
            "user name": "良宵佳人",
            "content": "这是造谣者本人吧！",
            "time": "18-7-29 07:48"
        },
        {
            "comment id": 69,
            "parent": -1,
            "children": [],
            "user id": "6065906703",
            "user name": "星语心愿尉",
            "content": "厉害了",
            "time": "18-7-28 21:23"
        }
    ]
}