{
    "source": {
        "content": "游泳时间被鲨鱼咬了 硬石兄的微博视频 ",
        "time": "18-7-29 14:05",
        "user id": "1412358800",
        "tweet id": "Gsa7tvYpC",
        "label": 1,
        "theme": null
    },
    "comment": [
        {
            "comment id": 0,
            "parent": -1,
            "children": [],
            "user id": "3841966271",
            "user name": "一颗酸柠檬ww",
            "content": "一堆说风凉话的 那是鲨鱼啊 就算真的咬人了 你们在现场早就逃了吧 还说什么救人 真的是搞笑",
            "time": "18-8-6 03:05"
        },
        {
            "comment id": 1,
            "parent": -1,
            "children": [
                2,
                3,
                5
            ],
            "user id": "6414783160",
            "user name": "芙蓉水上漂慕蓉笑笑",
            "content": "厉害咯，人就是这样，先围观，等到那个受伤的人死了，再来悲哀！就跟当年小悦悦事件一样。",
            "time": "18-8-3 05:59"
        },
        {
            "comment id": 2,
            "parent": 1,
            "children": [],
            "user id": "6414783160",
            "user name": "芙蓉水上漂慕蓉笑笑",
            "content": "回复@空痕绝恋:问题是我不会游戏，去那边干嘛？晒太阳啊！不好意思，我怕黑",
            "time": "18-8-12 20:26"
        },
        {
            "comment id": 3,
            "parent": 1,
            "children": [],
            "user id": "6301502966",
            "user name": "就爱吐星星",
            "content": "可是你要怎么救？你去救有用吗？",
            "time": "18-8-12 14:46"
        },
        {
            "comment id": 4,
            "parent": 5,
            "children": [],
            "user id": "6414783160",
            "user name": "芙蓉水上漂慕蓉笑笑",
            "content": "回复@傲兮依然守护兮:好吧",
            "time": "18-8-5 04:31"
        },
        {
            "comment id": 5,
            "parent": 1,
            "children": [
                4
            ],
            "user id": "5939105879",
            "user name": "傲兮依然守护兮",
            "content": "原来还有人记得小悦悦事件，我原以为过去这么长时间人们已经忘记了",
            "time": "18-8-4 11:59"
        },
        {
            "comment id": 6,
            "parent": -1,
            "children": [
                7
            ],
            "user id": "6069279849",
            "user name": "竇寶軍",
            "content": "全特妈拍照的，没有帮忙救一下",
            "time": "18-8-3 00:23"
        },
        {
            "comment id": 7,
            "parent": 6,
            "children": [],
            "user id": "6557268729",
            "user name": "小凈",
            "content": "見死不救之人，終有一天會得到被別人見死不救的果報。",
            "time": "18-8-3 22:48"
        },
        {
            "comment id": 8,
            "parent": -1,
            "children": [],
            "user id": "6388752670",
            "user name": "新时代儿童服装",
            "content": "没有人吧，鲨鱼在那里自己挣扎。如果鲨鱼在咬人，血汁满天飞，都吓跑了，还会在那里围观？",
            "time": "18-8-3 16:32"
        },
        {
            "comment id": 9,
            "parent": -1,
            "children": [],
            "user id": "6118668021",
            "user name": "为自己而活9606",
            "content": "没人帮忙，还在看热闹，你们出事了，还会有人帮你们么？当你们遇到危险时，向别人投去拜托的眼神。。。   一抬头，别人在拍视频，还说风凉话，开心不？动物都会救同伴，你们连动物都不如。",
            "time": "18-8-4 16:59"
        },
        {
            "comment id": 10,
            "parent": -1,
            "children": [],
            "user id": "5497172841",
            "user name": "布兜情怀",
            "content": "一堆人拿手机拍是什么鬼",
            "time": "18-8-3 20:28"
        },
        {
            "comment id": 11,
            "parent": -1,
            "children": [],
            "user id": "3901419308",
            "user name": "aaa小表弟",
            "content": "键盘侠啊。。鲨鱼啊！！！怎么救！！你倒是说个救法啊！！",
            "time": "18-8-6 00:24"
        },
        {
            "comment id": 12,
            "parent": -1,
            "children": [],
            "user id": "2238258074",
            "user name": "普通用户突然想改id",
            "content": "一年前的鲸鱼搁浅视频都辟谣过了… 鲨鱼怎么可能上浅滩咬人",
            "time": "18-8-5 17:00"
        },
        {
            "comment id": 13,
            "parent": -1,
            "children": [],
            "user id": "5961042619",
            "user name": "夜歌神剑无极限",
            "content": "看热闹不嫌事大",
            "time": "18-8-4 04:36"
        },
        {
            "comment id": 14,
            "parent": -1,
            "children": [],
            "user id": "3784027380",
            "user name": "准郎明",
            "content": "哪有人 你们眼睛都睁不开？",
            "time": "18-8-6 20:57"
        },
        {
            "comment id": 15,
            "parent": -1,
            "children": [],
            "user id": "3815756588",
            "user name": "失踪的老猫",
            "content": "有个白影子，深色短裤的人，",
            "time": "18-8-5 02:51"
        },
        {
            "comment id": 16,
            "parent": -1,
            "children": [],
            "user id": "6107678840",
            "user name": "Vodgaa",
            "content": "我看着也像搁浅了，鲨鱼又不是鳄鱼咬住人还会翻滚？就算是咬人了，咋救？赤手空拳跟鲨鱼在水里干？无脑键盘侠真是多",
            "time": "18-8-5 00:10"
        },
        {
            "comment id": 17,
            "parent": -1,
            "children": [],
            "user id": "3776486531",
            "user name": "一棵树菩提树",
            "content": "鲨鱼很少攻击人类，从有记录开始都不多，这个鲨鱼是搁浅了",
            "time": "18-8-4 19:24"
        }
    ]
}