{
    "source": {
        "content": "加油站里真的不能玩手机！！大家注意安全。 神吐槽了没的秒拍视频 ",
        "time": "18-7-29 17:21",
        "user id": "2691939561",
        "tweet id": "GsboS5uJS",
        "label": 1,
        "theme": null
    },
    "comment": [
        {
            "comment id": 0,
            "parent": -1,
            "children": [],
            "user id": "2431805205",
            "user name": "纃檽驛",
            "content": "遇见这种没头没尾的视频，最好先去百度真假。然后再传播！",
            "time": "18-7-29 17:32"
        },
        {
            "comment id": 1,
            "parent": -1,
            "children": [
                2
            ],
            "user id": "6473923795",
            "user name": "你这是在开玩笑",
            "content": "电磁波引爆，一国两智系列",
            "time": "18-7-29 17:44"
        },
        {
            "comment id": 2,
            "parent": 1,
            "children": [],
            "user id": "3004976225",
            "user name": "习淘先生",
            "content": "二营长，你他娘的电磁波呢……",
            "time": "18-7-29 17:47"
        },
        {
            "comment id": 3,
            "parent": -1,
            "children": [],
            "user id": "5525886072",
            "user name": "或许或与",
            "content": "你是不是对电磁波有什么误解",
            "time": "18-7-29 18:33"
        },
        {
            "comment id": 4,
            "parent": -1,
            "children": [],
            "user id": "1864582947",
            "user name": "汪卢哲",
            "content": "手机这么厉害？你以为是三星啊，自带炸弹功能。",
            "time": "18-7-29 18:24"
        },
        {
            "comment id": 5,
            "parent": -1,
            "children": [],
            "user id": "2971682441",
            "user name": "面对一片荆棘",
            "content": "放屁，这他妈是被人谋杀吧",
            "time": "18-7-29 17:26"
        },
        {
            "comment id": 6,
            "parent": -1,
            "children": [],
            "user id": "3136200531",
            "user name": "安丨之",
            "content": "@晚安你听见了吗",
            "time": "18-7-29 17:56"
        },
        {
            "comment id": 7,
            "parent": -1,
            "children": [],
            "user id": "5365893737",
            "user name": "圆圆的MAX",
            "content": "这是手机被黑的最惨的一次",
            "time": "18-7-29 18:03"
        },
        {
            "comment id": 8,
            "parent": -1,
            "children": [],
            "user id": "3749235632",
            "user name": "丼吉的唓車",
            "content": "哈哈哈哈哈玩手机是不对，可是这个不是手机导致的",
            "time": "18-7-29 18:22"
        },
        {
            "comment id": 9,
            "parent": -1,
            "children": [],
            "user id": "1101369523",
            "user name": "Mrwangshou登陆不了",
            "content": "智商堪忧",
            "time": "18-7-29 18:19"
        },
        {
            "comment id": 10,
            "parent": -1,
            "children": [],
            "user id": "5902201835",
            "user name": "吃瓜水友",
            "content": "加油机不用电泵？不电子表计数？车子点火不用电？",
            "time": "18-7-29 18:08"
        },
        {
            "comment id": 11,
            "parent": -1,
            "children": [],
            "user id": "1751598510",
            "user name": "没有以后的以后又怎样",
            "content": "这应该是加气时气罐爆炸了吧",
            "time": "18-7-29 17:50"
        },
        {
            "comment id": 12,
            "parent": -1,
            "children": [],
            "user id": "2459596941",
            "user name": "梓束叔",
            "content": "你加油站玩手机，加油站没事，车被炸了？？？",
            "time": "18-7-29 17:48"
        },
        {
            "comment id": 13,
            "parent": -1,
            "children": [],
            "user id": "6422813244",
            "user name": "华灯初上月圆依旧",
            "content": "@Z_YiiiiiiNGAnnn",
            "time": "18-7-29 17:44"
        },
        {
            "comment id": 14,
            "parent": -1,
            "children": [],
            "user id": "2733179324",
            "user name": "不听话打死你qwq",
            "content": "@L7iv3e @我是小小小小小苏 @夜半未央6",
            "time": "18-7-29 17:28"
        }
    ]
}