{
    "source": {
        "content": "昨天10点19分内蒙古锡盟东乌旗发生地壳推移。这是人类第一次用视频记录看到地壳运动！开眼了，大自然真是不可抗衡啊！ 光明创客的秒拍视频 ",
        "time": "18-8-3 20:32",
        "user id": "6190876355",
        "tweet id": "GsXN0uBKU",
        "label": 1,
        "theme": null
    },
    "comment": [
        {
            "comment id": 0,
            "parent": -1,
            "children": [],
            "user id": "6044739677",
            "user name": "SAQRAL_",
            "content": "瞎几把乱吹",
            "time": "18-8-4 01:07"
        },
        {
            "comment id": 1,
            "parent": -1,
            "children": [],
            "user id": "5932437993",
            "user name": "Dvlaan_",
            "content": "东乌旗没有这样的地方 别瞎说了",
            "time": "18-8-4 04:49"
        },
        {
            "comment id": 2,
            "parent": -1,
            "children": [],
            "user id": "6105795327",
            "user name": "MagsvrJab",
            "content": ".瞎几把乱吹",
            "time": "18-8-5 12:17"
        },
        {
            "comment id": 3,
            "parent": -1,
            "children": [],
            "user id": "2649375014",
            "user name": "飞翔的羊",
            "content": "你在这胡说尼玛呢",
            "time": "18-8-4 01:02"
        },
        {
            "comment id": 4,
            "parent": -1,
            "children": [],
            "user id": "3986044278",
            "user name": "Sai-n-a",
            "content": "东乌的哪儿",
            "time": "18-8-4 01:00"
        },
        {
            "comment id": 5,
            "parent": -1,
            "children": [],
            "user id": "6186442144",
            "user name": "XiNee-A",
            "content": "微博的怎么这么能吹呀",
            "time": "18-8-8 16:55"
        },
        {
            "comment id": 6,
            "parent": -1,
            "children": [],
            "user id": "3977767365",
            "user name": "如雾喜悦内蒙",
            "content": "总结一下  博主瞎鸡巴",
            "time": "18-8-6 13:06"
        },
        {
            "comment id": 7,
            "parent": -1,
            "children": [],
            "user id": "5974840127",
            "user name": "Heathery-sy",
            "content": "不是东乌",
            "time": "18-8-6 12:48"
        },
        {
            "comment id": 8,
            "parent": -1,
            "children": [],
            "user id": "2804279255",
            "user name": "人生几度秋凉2013",
            "content": "瞎鸡巴讲！！！！",
            "time": "18-8-5 09:31"
        },
        {
            "comment id": 9,
            "parent": -1,
            "children": [],
            "user id": "5064068865",
            "user name": "小王好饿---",
            "content": "别瞎说了好么，我就是东乌旗人",
            "time": "18-8-5 09:05"
        },
        {
            "comment id": 10,
            "parent": -1,
            "children": [],
            "user id": "6472328199",
            "user name": "洛洛洛13",
            "content": "说英文",
            "time": "18-8-4 18:57"
        },
        {
            "comment id": 11,
            "parent": -1,
            "children": [],
            "user id": "6186933082",
            "user name": "ulji4546",
            "content": "举报，谣言惑众",
            "time": "18-8-4 18:14"
        },
        {
            "comment id": 12,
            "parent": -1,
            "children": [],
            "user id": "3204697970",
            "user name": "光头大哥1973",
            "content": "投诉他",
            "time": "18-8-4 15:57"
        },
        {
            "comment id": 13,
            "parent": -1,
            "children": [],
            "user id": "5870002417",
            "user name": "甜蜜蜜201212",
            "content": "早就辟谣了，不是发生在内蒙古，是别的地方",
            "time": "18-8-4 15:45"
        },
        {
            "comment id": 14,
            "parent": -1,
            "children": [],
            "user id": "1824829901",
            "user name": "請叫我馬有理",
            "content": "瞎说八道",
            "time": "18-8-4 11:46"
        },
        {
            "comment id": 15,
            "parent": -1,
            "children": [],
            "user id": "6060204002",
            "user name": "丽华77120",
            "content": "成天瞎比比是不是你快要死了",
            "time": "18-8-4 11:39"
        },
        {
            "comment id": 16,
            "parent": -1,
            "children": [],
            "user id": "3085711533",
            "user name": "谢飞图片舍",
            "content": "我们东乌倒了霉了也是 只要是地壳运动 就是我们这里 为什么？",
            "time": "18-8-4 10:43"
        },
        {
            "comment id": 17,
            "parent": -1,
            "children": [],
            "user id": "1106576085",
            "user name": "草原老屋",
            "content": "别瞎说了，荒谬绝伦！我是东乌旗的。",
            "time": "18-8-4 09:39"
        },
        {
            "comment id": 18,
            "parent": -1,
            "children": [],
            "user id": "6032138324",
            "user name": "锡盟陈冠希",
            "content": "怎么一天天就当标题党呢？真是烦死这样的人了。不要点脸。",
            "time": "18-8-4 09:26"
        },
        {
            "comment id": 19,
            "parent": -1,
            "children": [],
            "user id": "3888157016",
            "user name": "DanityNamaa",
            "content": "东乌好多外国人啊 呵呵了",
            "time": "18-8-4 08:14"
        },
        {
            "comment id": 20,
            "parent": -1,
            "children": [],
            "user id": "6039591177",
            "user name": "wudabula0917",
            "content": "这不是东乌！！！！！",
            "time": "18-8-4 06:46"
        },
        {
            "comment id": 21,
            "parent": -1,
            "children": [],
            "user id": "2314221815",
            "user name": "本人乖乖怪",
            "content": "骗人",
            "time": "18-8-4 00:59"
        },
        {
            "comment id": 22,
            "parent": -1,
            "children": [],
            "user id": "2146343300",
            "user name": "_杨来电",
            "content": "你说你🐴呢",
            "time": "18-8-4 12:08"
        },
        {
            "comment id": 23,
            "parent": -1,
            "children": [],
            "user id": "6198174162",
            "user name": "Altntol",
            "content": "瞎几巴扯蛋",
            "time": "18-8-4 10:01"
        },
        {
            "comment id": 24,
            "parent": -1,
            "children": [],
            "user id": "6089392011",
            "user name": "安颖改个网名怎么这么难",
            "content": "这不是东乌旗",
            "time": "18-8-4 00:56"
        }
    ]
}