{
    "source": {
        "content": "老挝东南部阿速坡省地区在建的一座水电站大坝坍塌事故，50亿立方米洪水在几小时内下泄，场面太震撼了！ 老股民大张的秒拍视频 ",
        "time": "18-8-3 21:57",
        "user id": "1278226564",
        "tweet id": "GsYlfAkz1",
        "label": 1,
        "theme": null
    },
    "comment": [
        {
            "comment id": 0,
            "parent": -1,
            "children": [
                1,
                2
            ],
            "user id": "1278226564",
            "user name": "老股民大张",
            "content": "韩国工程建设公司(SK E&C)建的。",
            "time": "18-8-3 21:58"
        },
        {
            "comment id": 1,
            "parent": 0,
            "children": [],
            "user id": "1108816860",
            "user name": "涨停一万次",
            "content": "",
            "time": "18-8-3 22:17"
        },
        {
            "comment id": 2,
            "parent": 0,
            "children": [],
            "user id": "2154684030",
            "user name": "海豚998",
            "content": "韩国人可能都缺乏类似工程的施工和管理经验，做电子产品和影视剧韩国人在世界或者亚洲都是数一数二的，但建设水电站好像不是很在行。",
            "time": "18-8-3 22:01"
        },
        {
            "comment id": 3,
            "parent": -1,
            "children": [],
            "user id": "3087623131",
            "user name": "奔跑的何先森",
            "content": "这是日本海啸，好不…",
            "time": "18-8-4 09:33"
        },
        {
            "comment id": 4,
            "parent": -1,
            "children": [],
            "user id": "1108816860",
            "user name": "涨停一万次",
            "content": "利好中国海外工程项目",
            "time": "18-8-3 22:16"
        },
        {
            "comment id": 5,
            "parent": -1,
            "children": [],
            "user id": "2171396490",
            "user name": "是个明白混账人",
            "content": "韩国人造的",
            "time": "18-8-3 21:58"
        },
        {
            "comment id": 6,
            "parent": -1,
            "children": [],
            "user id": "3135972211",
            "user name": "小PONYO打怪兽",
            "content": "这是日本吧",
            "time": "18-8-4 22:19"
        },
        {
            "comment id": 7,
            "parent": -1,
            "children": [],
            "user id": "2526640393",
            "user name": "蚂蚁17910",
            "content": "网络上谣言就是这么被传来传去！",
            "time": "18-8-4 21:47"
        },
        {
            "comment id": 8,
            "parent": -1,
            "children": [],
            "user id": "5997203944",
            "user name": "紫如849",
            "content": "水火无情",
            "time": "18-8-3 22:04"
        }
    ]
}