{
    "source": {
        "content": "大自然面前，永远明白自己的渺小。\n\n内蒙古锡盟东乌旗发生地壳推移。这是人类第一次用视频记录看到地壳运动！开眼了，大自然真是不可抗衡啊！神圣的大自然！🙏🙏🙏 程_Queenfighting的秒拍视频 ",
        "time": "18-8-5 10:39",
        "user id": "5148563868",
        "tweet id": "GtcLi7fXe",
        "label": 1,
        "theme": null
    },
    "comment": [
        {
            "comment id": 0,
            "parent": -1,
            "children": [
                1,
                2,
                3
            ],
            "user id": "5522343302",
            "user name": "Natasha_o1_",
            "content": "你家东乌旗有这山？",
            "time": "18-8-5 20:14"
        },
        {
            "comment id": 1,
            "parent": 0,
            "children": [],
            "user id": "5148563868",
            "user name": "程暄淇",
            "content": "回复@namu_2017:我不删，你投诉我，我还就想微博封我号。",
            "time": "18-8-5 21:12"
        },
        {
            "comment id": 2,
            "parent": 0,
            "children": [],
            "user id": "5522343302",
            "user name": "Natasha_o1_",
            "content": "回复@程_Queenfighting:那你删了吧  我们东乌都是草原，人也没长这样",
            "time": "18-8-5 20:48"
        },
        {
            "comment id": 3,
            "parent": 0,
            "children": [],
            "user id": "5148563868",
            "user name": "程暄淇",
            "content": "我不知这是哪里的山，我只是觉得大自然很神奇。",
            "time": "18-8-5 20:34"
        },
        {
            "comment id": 4,
            "parent": -1,
            "children": [
                5,
                6,
                7,
                8
            ],
            "user id": "2608322173",
            "user name": "珍熙爸爸",
            "content": "知道错了还不删？",
            "time": "18-8-5 19:43"
        },
        {
            "comment id": 5,
            "parent": 4,
            "children": [],
            "user id": "5148563868",
            "user name": "程暄淇",
            "content": "因为根本不放心上，随便怎么骂都可以啊！",
            "time": "18-8-6 08:56"
        },
        {
            "comment id": 6,
            "parent": 4,
            "children": [],
            "user id": "2608322173",
            "user name": "珍熙爸爸",
            "content": "回复@程_Queenfighting:佩服，居然能跟自己的内心强大挂上钩，挨着骂还能给自己找台阶下，思路真是不一般，看样平时没少挨骂吧？",
            "time": "18-8-6 07:02"
        },
        {
            "comment id": 7,
            "parent": 4,
            "children": [],
            "user id": "5148563868",
            "user name": "程暄淇",
            "content": "内心强大的人随便别人怎么骂，我也是拷贝别人的。",
            "time": "18-8-5 20:33"
        },
        {
            "comment id": 8,
            "parent": 4,
            "children": [],
            "user id": "2608322173",
            "user name": "珍熙爸爸",
            "content": "是不是被别人骂特爽？",
            "time": "18-8-5 19:43"
        },
        {
            "comment id": 9,
            "parent": -1,
            "children": [
                10
            ],
            "user id": "1912002527",
            "user name": "国产菇凉一枚",
            "content": "胡说八道",
            "time": "18-8-5 15:32"
        },
        {
            "comment id": 10,
            "parent": 9,
            "children": [],
            "user id": "5148563868",
            "user name": "程暄淇",
            "content": "看别人说的。地壳推移应该是真的。",
            "time": "18-8-5 16:51"
        },
        {
            "comment id": 11,
            "parent": -1,
            "children": [
                12
            ],
            "user id": "1950200587",
            "user name": "BaiiseL",
            "content": "这不是东乌",
            "time": "18-8-5 15:21"
        },
        {
            "comment id": 12,
            "parent": 11,
            "children": [],
            "user id": "5148563868",
            "user name": "程暄淇",
            "content": "",
            "time": "18-8-5 16:52"
        },
        {
            "comment id": 13,
            "parent": -1,
            "children": [
                14
            ],
            "user id": "5483398268",
            "user name": "nramdl",
            "content": "不是东乌 别瞎比比了",
            "time": "18-8-5 15:28"
        },
        {
            "comment id": 14,
            "parent": 13,
            "children": [],
            "user id": "5148563868",
            "user name": "程暄淇",
            "content": "拷贝别人的",
            "time": "18-8-5 16:51"
        },
        {
            "comment id": 15,
            "parent": -1,
            "children": [],
            "user id": "5148563868",
            "user name": "程暄淇",
            "content": "为什么我把这条信息删掉了，怎么一直都在！",
            "time": "18-8-10 21:30"
        },
        {
            "comment id": 16,
            "parent": -1,
            "children": [
                17
            ],
            "user id": "5514455503",
            "user name": "风雨依然BURING",
            "content": "2333，神特么内蒙古",
            "time": "18-8-5 15:59"
        },
        {
            "comment id": 17,
            "parent": 16,
            "children": [],
            "user id": "5148563868",
            "user name": "程暄淇",
            "content": "我也是看别人说的",
            "time": "18-8-5 16:50"
        },
        {
            "comment id": 18,
            "parent": -1,
            "children": [],
            "user id": "5101520522",
            "user name": "SuiiiYee",
            "content": "锡盟人感觉很是荒唐可笑",
            "time": "18-8-6 00:54"
        },
        {
            "comment id": 19,
            "parent": -1,
            "children": [],
            "user id": "6006476432",
            "user name": "wendus",
            "content": "删了吧😄",
            "time": "18-8-6 12:19"
        },
        {
            "comment id": 20,
            "parent": -1,
            "children": [],
            "user id": "5833588339",
            "user name": "削个橘子皮吧",
            "content": "别发这种假新闻啦",
            "time": "18-8-6 12:36"
        }
    ]
}