{
    "source": {
        "content": "👆昨天10点19分内蒙古锡盟东乌旗发生地壳推移。人们常称呼为\"走蛟\"，地质上称呼为\"重力滑移\"。这是人类第一次用视频记录看到地壳运动！开眼了，大自然真是不可抗衡啊！  亻灬老樵的秒拍视频 ",
        "time": "18-8-14 18:35",
        "user id": "1714899425",
        "tweet id": "GuCINuOJ2",
        "label": 1,
        "theme": null
    },
    "comment": [
        {
            "comment id": 0,
            "parent": -1,
            "children": [],
            "user id": "5885222552",
            "user name": "Jankri",
            "content": "东乌旗人表示 这儿真没发生这种情况",
            "time": "18-8-15 00:25"
        },
        {
            "comment id": 1,
            "parent": -1,
            "children": [],
            "user id": "3960753924",
            "user name": "Suld-3",
            "content": "东乌旗没有这种建筑",
            "time": "18-8-15 07:54"
        },
        {
            "comment id": 2,
            "parent": -1,
            "children": [],
            "user id": "6493134970",
            "user name": "贾斯丁·杭盖",
            "content": "东乌旗发生地壳移动把你脑壳挤到了吧我是锡盟人我都没听说，打开视频还听有没有说蒙语的，结果一句听不懂",
            "time": "18-8-15 01:46"
        },
        {
            "comment id": 3,
            "parent": -1,
            "children": [],
            "user id": "6109168042",
            "user name": "深夜丧a",
            "content": "别造谣",
            "time": "18-8-16 22:20"
        },
        {
            "comment id": 4,
            "parent": -1,
            "children": [],
            "user id": "5790715801",
            "user name": "ALataa",
            "content": "你没脑子？",
            "time": "18-8-15 10:23"
        },
        {
            "comment id": 5,
            "parent": -1,
            "children": [],
            "user id": "5947116392",
            "user name": "Xnmgn",
            "content": "东你妈逼",
            "time": "18-8-15 07:28"
        },
        {
            "comment id": 6,
            "parent": -1,
            "children": [],
            "user id": "2608322173",
            "user name": "珍熙爸爸",
            "content": "东你麻痹",
            "time": "18-8-15 02:26"
        },
        {
            "comment id": 7,
            "parent": -1,
            "children": [],
            "user id": "2253632785",
            "user name": "把爱豆印在衣服上的顶针",
            "content": "东乌旗没这地形",
            "time": "18-8-15 00:36"
        },
        {
            "comment id": 8,
            "parent": -1,
            "children": [],
            "user id": "1714899425",
            "user name": "亻灬老樵",
            "content": "因为是在朋友微信群里看到，蒙语不懂，里面说话也听不清。所以按照群里的消息直接发布。算是奇观！没想到造成了困扰！对不起",
            "time": "18-8-26 17:59"
        }
    ]
}