{
    "source": {
        "content": "“跪下哭，你妈妈死了。”  网页链接  ",
        "time": "18-8-17 14:53",
        "user id": "6329822151",
        "tweet id": "Gv3yb9J8l",
        "label": 1,
        "theme": null
    },
    "comment": [
        {
            "comment id": 0,
            "parent": -1,
            "children": [
                1,
                2,
                3,
                6,
                8,
                9,
                10,
                11,
                12,
                14,
                15,
                16,
                17,
                18,
                19,
                20,
                21,
                22,
                23,
                24,
                25,
                26,
                27
            ],
            "user id": "6329822151",
            "user name": "辽阔草原锡林郭勒",
            "content": "官方辟谣：涉事女商贩头部轻微软组织挫伤，该男子系外聘安保公司保安员，已向女商贩支付1000元，双方达成调解。 ",
            "time": "18-8-18 06:20"
        },
        {
            "comment id": 1,
            "parent": 0,
            "children": [],
            "user id": "6196223120",
            "user name": "多喜欢你的温柔",
            "content": "意料之中",
            "time": "18-8-19 16:42"
        },
        {
            "comment id": 2,
            "parent": 0,
            "children": [],
            "user id": "3636061671",
            "user name": "被淹死的鱼150",
            "content": "临时工嘛，这个梗一点不好笑",
            "time": "18-8-18 19:36"
        },
        {
            "comment id": 3,
            "parent": 0,
            "children": [],
            "user id": "6544349787",
            "user name": "在时光中行走sunny",
            "content": "不是外聘人员就是临时工，能有点新意吗？",
            "time": "18-8-18 18:23"
        },
        {
            "comment id": 4,
            "parent": 7,
            "children": [],
            "user id": "5629796745",
            "user name": "Ziiphyng",
            "content": "回复@喆喆小镇:而且美国并不是人人都有枪，很多城市都是禁枪城市了解一下？",
            "time": "18-8-18 17:01"
        },
        {
            "comment id": 5,
            "parent": 7,
            "children": [],
            "user id": "5629796745",
            "user name": "Ziiphyng",
            "content": "回复@喆喆小镇:行吧，抗拒执法的点你也能讨论成人人有枪美国高危所以警察有击毙权，我看你就是不知道美国人民有多讨厌警察，警察暴力在美国早就是个问题了你跟我说这个？",
            "time": "18-8-18 17:00"
        },
        {
            "comment id": 6,
            "parent": 0,
            "children": [],
            "user id": "1497723352",
            "user name": "Target牛x",
            "content": "外聘保安该清理整顿了。如果不考察就用外聘保安，那么，还不如用狗。",
            "time": "18-8-18 16:19"
        },
        {
            "comment id": 7,
            "parent": 8,
            "children": [
                4,
                5
            ],
            "user id": "5639778805",
            "user name": "喆喆小镇",
            "content": "回复@Ziiphyng:你这种人不是蠢就是坏，美国公民几乎人人有枪，警察处于高危角色中，中国人有什么？随身特么的携带小匕首都是违法，有可比性？",
            "time": "18-8-18 16:04"
        },
        {
            "comment id": 8,
            "parent": 0,
            "children": [
                7
            ],
            "user id": "5629796745",
            "user name": "Ziiphyng",
            "content": "回复@香山客-大杨:你说的是警察，警察就是拥有权力，哪个国家都是",
            "time": "18-8-18 15:19"
        },
        {
            "comment id": 9,
            "parent": 0,
            "children": [],
            "user id": "2729026234",
            "user name": "我今天养猫了嘛",
            "content": "回复@汝瓷匠心传承:有",
            "time": "18-8-18 14:49"
        },
        {
            "comment id": 10,
            "parent": 0,
            "children": [],
            "user id": "5630471751",
            "user name": "用户5630471751",
            "content": "我给那个保安1000，他给我打，不往你命根踢才怪",
            "time": "18-8-18 14:08"
        },
        {
            "comment id": 11,
            "parent": 0,
            "children": [],
            "user id": "6361040720",
            "user name": "远去的前浪",
            "content": "21世纪最新背锅侠，临时工与外聘人员～",
            "time": "18-8-18 13:57"
        },
        {
            "comment id": 12,
            "parent": 0,
            "children": [],
            "user id": "5629796745",
            "user name": "Ziiphyng",
            "content": "回复@香山客-大杨:正规警察作为合法暴力机关你还想动粗？那美国警察看你手势不对还能掏枪击毙呢",
            "time": "18-8-18 13:50"
        },
        {
            "comment id": 13,
            "parent": 15,
            "children": [],
            "user id": "5214939939",
            "user name": "网名难起o",
            "content": "回复@lilac85627:楼主这是讽刺呢你看不出来？",
            "time": "18-8-18 12:50"
        },
        {
            "comment id": 14,
            "parent": 0,
            "children": [],
            "user id": "5539575190",
            "user name": "AJ8676BEBE_小AJ",
            "content": "人民币1000就可以解决问题(ﾟﾍﾟ?)??? 穿上制服就是可以为所欲为？ 那件制服代表什么？ 就是代表一个国家公务员？ 不是说「外包服务员」就可以解决一切！ 非常失望！",
            "time": "18-8-18 12:28"
        },
        {
            "comment id": 15,
            "parent": 0,
            "children": [
                13
            ],
            "user id": "5597233764",
            "user name": "lilac85627",
            "content": "单就他向小女孩儿说的这句话，给小女孩儿带来的精神伤害就远远不止1000块能弥补的。这个男人以后会结婚吧？也会有孩子吧？但愿他/她爸爸被打到横尸街头的时候，大家一起来说：来，跪到这里哭，你爸爸这个人渣终于死了，大快人心。",
            "time": "18-8-18 11:13"
        },
        {
            "comment id": 16,
            "parent": 0,
            "children": [],
            "user id": "1971452667",
            "user name": "行客无迹",
            "content": "最TM讨厌临时工的解释",
            "time": "18-8-18 11:02"
        },
        {
            "comment id": 17,
            "parent": 0,
            "children": [],
            "user id": "2330593223",
            "user name": "胡豆豆love",
            "content": "呵呵，太恶心吧",
            "time": "18-8-18 10:39"
        },
        {
            "comment id": 18,
            "parent": 0,
            "children": [],
            "user id": "6053273688",
            "user name": "双鱼座的Emily_21",
            "content": "不要脸的和解方式",
            "time": "18-8-18 10:02"
        },
        {
            "comment id": 19,
            "parent": 0,
            "children": [],
            "user id": "6053273688",
            "user name": "双鱼座的Emily_21",
            "content": "不应该关个十天半个月吗",
            "time": "18-8-18 10:02"
        },
        {
            "comment id": 20,
            "parent": 0,
            "children": [],
            "user id": "2989655467",
            "user name": "洛阳自在安闲",
            "content": "官方是在哪里辟的谣？有声明吗？",
            "time": "18-8-18 09:38"
        },
        {
            "comment id": 21,
            "parent": 0,
            "children": [],
            "user id": "2989655467",
            "user name": "洛阳自在安闲",
            "content": "真是一个好消息。",
            "time": "18-8-18 09:28"
        },
        {
            "comment id": 22,
            "parent": 0,
            "children": [],
            "user id": "6413514358",
            "user name": "冷风吴江",
            "content": "呵呵。又保安背锅",
            "time": "18-8-18 08:56"
        },
        {
            "comment id": 23,
            "parent": 0,
            "children": [],
            "user id": "5608081968",
            "user name": "锛雷手",
            "content": "官方可能把博主也同时和解了！",
            "time": "18-8-18 08:48"
        },
        {
            "comment id": 24,
            "parent": 0,
            "children": [],
            "user id": "6169142062",
            "user name": "我爱吃la",
            "content": "不出所料的临时工，",
            "time": "18-8-18 07:55"
        },
        {
            "comment id": 25,
            "parent": 0,
            "children": [],
            "user id": "5954782006",
            "user name": "道门猫猫云仙er",
            "content": "果然特么又是临时工",
            "time": "18-8-18 07:26"
        },
        {
            "comment id": 26,
            "parent": 0,
            "children": [],
            "user id": "1745793932",
            "user name": "九阳神功爱喝茶",
            "content": "披着公仆皮的临时工。",
            "time": "18-8-18 07:24"
        },
        {
            "comment id": 27,
            "parent": 0,
            "children": [],
            "user id": "6055199365",
            "user name": "用户6055199365",
            "content": "问题是只赔了1000? 厉害，佩服。",
            "time": "18-8-18 07:14"
        },
        {
            "comment id": 28,
            "parent": -1,
            "children": [
                29,
                31,
                32,
                33,
                34,
                35,
                36,
                37,
                39,
                40,
                41,
                42,
                43,
                45,
                47,
                48,
                49,
                50,
                51,
                52,
                54,
                55,
                56,
                57,
                58,
                59,
                62,
                63,
                64
            ],
            "user id": "6372075194",
            "user name": "地命海心619",
            "content": "谁都是爹妈生的，为啥就有人没长人心",
            "time": "18-8-17 14:56"
        },
        {
            "comment id": 29,
            "parent": 28,
            "children": [],
            "user id": "6372075194",
            "user name": "地命海心619",
            "content": "回复@木头lee李:如果别人这样说你，你的心情会如何?",
            "time": "18-8-18 11:53"
        },
        {
            "comment id": 30,
            "parent": 42,
            "children": [],
            "user id": "5634728479",
            "user name": "赞多在逃小娇妻",
            "content": "回复@地命海心619:嘴巴这么毒，心里得有多苦",
            "time": "18-8-18 11:19"
        },
        {
            "comment id": 31,
            "parent": 28,
            "children": [],
            "user id": "5634728479",
            "user name": "赞多在逃小娇妻",
            "content": "首先，是保安，不是城管，其次，女摊贩占道经营，后来双方没能协商好起了肢体冲突女摊贩假装倒地企图抵赖，然后保安恶语相向，女摊贩也不起，孩子吓得哇哇大叫继续装，最后派出所协调两千块钱啥都解决了",
            "time": "18-8-18 11:13"
        },
        {
            "comment id": 32,
            "parent": 28,
            "children": [],
            "user id": "2176235885",
            "user name": "Autumn周先生",
            "content": "临时工",
            "time": "18-8-18 10:08"
        },
        {
            "comment id": 33,
            "parent": 28,
            "children": [],
            "user id": "3354681894",
            "user name": "草食动物长颈鹿",
            "content": "是保安，不是城管",
            "time": "18-8-18 07:16"
        },
        {
            "comment id": 34,
            "parent": 28,
            "children": [],
            "user id": "2287471611",
            "user name": "第14000001种结果",
            "content": "为啥网友总是容易被这种没头没尾的视频牵着鼻子走",
            "time": "18-8-18 01:47"
        },
        {
            "comment id": 35,
            "parent": 28,
            "children": [],
            "user id": "3125834327",
            "user name": "ericchen55",
            "content": "回复@18L侽亽:是制度的问题，制度出问题这种事就绝不会是个案，同理，贪官的产生你说是个人的问题还是制度问题？",
            "time": "18-8-18 01:44"
        },
        {
            "comment id": 36,
            "parent": 28,
            "children": [],
            "user id": "1761344622",
            "user name": "爱蕊咔咔咔",
            "content": "不是男人",
            "time": "18-8-18 01:44"
        },
        {
            "comment id": 37,
            "parent": 28,
            "children": [],
            "user id": "5886863343",
            "user name": "柒日小僧",
            "content": "畜生一个。",
            "time": "18-8-18 01:42"
        },
        {
            "comment id": 38,
            "parent": 39,
            "children": [],
            "user id": "3125834327",
            "user name": "ericchen55",
            "content": "回复@Heraclers:是制度问题，好的制度可以让坏人变好，反之。",
            "time": "18-8-18 01:37"
        },
        {
            "comment id": 39,
            "parent": 28,
            "children": [
                38
            ],
            "user id": "2288499037",
            "user name": "Heraclers",
            "content": "回复@yn一念三千sq:别一口一个共党，换了别的党，执法的还是这帮垃圾！人性问题，别动不动共党！",
            "time": "18-8-18 01:03"
        },
        {
            "comment id": 40,
            "parent": 28,
            "children": [],
            "user id": "5261808928",
            "user name": "我好想出门好想变成现充啊",
            "content": "？",
            "time": "18-8-18 00:08"
        },
        {
            "comment id": 41,
            "parent": 28,
            "children": [],
            "user id": "1131361531",
            "user name": "steven智胜",
            "content": "又是东莞市，治安管理很重要，但是值勤人员素质更重要。切记，只有这样你才有机会脱掉世界工厂的帽子。",
            "time": "18-8-17 23:53"
        },
        {
            "comment id": 42,
            "parent": 28,
            "children": [
                30
            ],
            "user id": "6372075194",
            "user name": "地命海心619",
            "content": "回复@今日七点起床了吗:人家是不小心你是故意",
            "time": "18-8-17 23:46"
        },
        {
            "comment id": 43,
            "parent": 28,
            "children": [],
            "user id": "6372075194",
            "user name": "地命海心619",
            "content": "回复@今日七点起床了吗:别瞎几把说小心闪了舌头",
            "time": "18-8-17 23:45"
        },
        {
            "comment id": 44,
            "parent": 46,
            "children": [],
            "user id": "6372075194",
            "user name": "地命海心619",
            "content": "回复@濮濮小妞:我们就是dang国不分呀",
            "time": "18-8-17 23:43"
        },
        {
            "comment id": 45,
            "parent": 28,
            "children": [],
            "user id": "6544424003",
            "user name": "宇宙中超级渺小的一颗小人物",
            "content": "一般都是说这是临时工所为",
            "time": "18-8-17 23:42"
        },
        {
            "comment id": 46,
            "parent": 61,
            "children": [
                44
            ],
            "user id": "1889691410",
            "user name": "濮濮小妞",
            "content": "回复@地命海心619:不是国家，是GCD，和国没有关系，和执政的大有关系",
            "time": "18-8-17 23:36"
        },
        {
            "comment id": 47,
            "parent": 28,
            "children": [],
            "user id": "2929971325",
            "user name": "BigBigbiubiubiusss",
            "content": "临时工，临时工。有啥讨论的，都散了吧",
            "time": "18-8-17 23:31"
        },
        {
            "comment id": 48,
            "parent": 28,
            "children": [],
            "user id": "1972839353",
            "user name": "哲哲哲z丶",
            "content": "回复@yn一念三千sq:这么说就有点过了，国家近年发展很快，一些个人个体跟不上也是存在的。真的不要一杆子打死啊。如果一个国人在海外做了什么不法之事，别人都说我们中国人都是坏人，你有何感想啊。国家还是做了很多的好事，几十年前与现在，老百姓的生活好了多少真的一眼就能看到啊",
            "time": "18-8-17 23:21"
        },
        {
            "comment id": 49,
            "parent": 28,
            "children": [],
            "user id": "6053732557",
            "user name": "小疯子忘记了你",
            "content": "说实话，微博就偶尔看，不好多看，自己本来就有暴力倾向，感觉自己都想恐怖袭击了",
            "time": "18-8-17 23:13"
        },
        {
            "comment id": 50,
            "parent": 28,
            "children": [],
            "user id": "6273919978",
            "user name": "正在输入的天使-668",
            "content": "回复@yn一念三千sq:太直接了吧！不过还是要为你点赞！",
            "time": "18-8-17 23:08"
        },
        {
            "comment id": 51,
            "parent": 28,
            "children": [],
            "user id": "6321078246",
            "user name": "莽莽和花花",
            "content": "回复@yn一念三千sq:给你点赞 勇士",
            "time": "18-8-17 23:05"
        },
        {
            "comment id": 52,
            "parent": 28,
            "children": [],
            "user id": "6164176489",
            "user name": "庄庄东东",
            "content": "人是动物，人有时很可爱有时很伟大，但不可否认，人只是站直了的猴子，依然会做出畜牲干的事。",
            "time": "18-8-17 23:03"
        },
        {
            "comment id": 53,
            "parent": 63,
            "children": [],
            "user id": "2636434913",
            "user name": "科学随笔录",
            "content": "回复@Nicolas-Bin:是档妈生的。",
            "time": "18-8-17 23:02"
        },
        {
            "comment id": 54,
            "parent": 28,
            "children": [],
            "user id": "5499988981",
            "user name": "在网上冲浪千万不要用真实名字",
            "content": "回复@yn一念三千sq:别她吗的联想到共党，还不是你联系的时候",
            "time": "18-8-17 22:56"
        },
        {
            "comment id": 55,
            "parent": 28,
            "children": [],
            "user id": "5261808928",
            "user name": "我好想出门好想变成现充啊",
            "content": "回复 @地命海心619:你说的这些地球其他国家都有日本毒奶粉，美国三大假疫苗，法国假疫苗，太多了。。",
            "time": "18-8-17 22:54"
        },
        {
            "comment id": 56,
            "parent": 28,
            "children": [],
            "user id": "1730291517",
            "user name": "拥有18L的男人",
            "content": "呵！个别人的行为！上升国家高度！怎么不说全中国人！不说全世界？",
            "time": "18-8-17 22:50"
        },
        {
            "comment id": 57,
            "parent": 28,
            "children": [],
            "user id": "6504228101",
            "user name": "B站扛锄头",
            "content": "人性本恶",
            "time": "18-8-17 22:43"
        },
        {
            "comment id": 58,
            "parent": 28,
            "children": [],
            "user id": "6441631228",
            "user name": "袀亦然",
            "content": "回复@yn一念三千sq:敢说真话，厉害",
            "time": "18-8-17 22:37"
        },
        {
            "comment id": 59,
            "parent": 28,
            "children": [],
            "user id": "5995508194",
            "user name": "猜火车bj",
            "content": "底层的人有一点权力都不得了，太可怕了",
            "time": "18-8-17 22:01"
        },
        {
            "comment id": 60,
            "parent": 61,
            "children": [],
            "user id": "5573635730",
            "user name": "今天是一七年国庆",
            "content": "回复@地命海心619:还真有，还不少😓",
            "time": "18-8-17 21:42"
        },
        {
            "comment id": 61,
            "parent": 62,
            "children": [
                46,
                60
            ],
            "user id": "6372075194",
            "user name": "地命海心619",
            "content": "回复@山那边的水花:有那个国家对孩子这么狠呢？毒奶毒疫苗，人贩子，红黄蓝，狼校长。还有说扎心话的保安。",
            "time": "18-8-17 20:54"
        },
        {
            "comment id": 62,
            "parent": 28,
            "children": [
                61
            ],
            "user id": "3807039531",
            "user name": "山那边的水花",
            "content": "刚看了视频，是一个公司保安让女商贩离开公司门前无果发生口角打斗，打了一拳，不过跟一个小女孩讲这话确实太过份了",
            "time": "18-8-17 20:50"
        },
        {
            "comment id": 63,
            "parent": 28,
            "children": [
                53
            ],
            "user id": "5316909686",
            "user name": "Nicolas-Bin",
            "content": "同样都是爹妈生的，有没有爹妈养这是区别",
            "time": "18-8-17 20:46"
        },
        {
            "comment id": 64,
            "parent": 28,
            "children": [],
            "user id": "5255914857",
            "user name": "你给我按时睡觉",
            "content": "赞赞新时代",
            "time": "18-8-17 20:37"
        },
        {
            "comment id": 65,
            "parent": -1,
            "children": [
                66,
                67,
                68,
                69,
                70,
                71,
                72
            ],
            "user id": "2055417120",
            "user name": "2018612yyhh",
            "content": "@头条新闻 @人民日报 @凤凰网视频 @董郎行 @媒体人张晓磊 @央视新闻  百姓生活不容易，估计又是临时工",
            "time": "18-8-17 16:21"
        },
        {
            "comment id": 66,
            "parent": 65,
            "children": [],
            "user id": "6196223120",
            "user name": "多喜欢你的温柔",
            "content": "叫他们也没用，你又不是不知道大部分媒体是什么德行，天天给你发些正能量，你再一句厉害了我的国就完事了，正能量是正能量，这种事情是不大可能发的",
            "time": "18-8-19 16:41"
        },
        {
            "comment id": 67,
            "parent": 65,
            "children": [],
            "user id": "3354681894",
            "user name": "草食动物长颈鹿",
            "content": "别什么事都推临时工，上一条微博说保安，这里又看到说城管",
            "time": "18-8-18 07:17"
        },
        {
            "comment id": 68,
            "parent": 65,
            "children": [],
            "user id": "3905594180",
            "user name": "热心市民张二锤",
            "content": "@也白@他们不会看到的，装瞎的人最可怕！",
            "time": "18-8-18 02:03"
        },
        {
            "comment id": 69,
            "parent": 65,
            "children": [],
            "user id": "6268325365",
            "user name": "果子海苔",
            "content": "回复@穿反衣服的小浣熊:@搜狐新闻",
            "time": "18-8-18 00:35"
        },
        {
            "comment id": 70,
            "parent": 65,
            "children": [],
            "user id": "6206521386",
            "user name": "天天送优惠卷推好物",
            "content": "看到配图下面的话语，整个人难受，难受的是为什么人心会变成这个样子？这样小的一个小女孩，竟然对她说出这种话来，像城管，协警这种职位，出了事情就可以说是临时工，已经被开除，招工无任何要求，甚至很多地方有犯罪前科的人员也可以从事，这个打人者必须要揪出来，不是简单的赔礼道歉就行的",
            "time": "18-8-17 22:43"
        },
        {
            "comment id": 71,
            "parent": 65,
            "children": [],
            "user id": "6340172165",
            "user name": "使劲跑的小浣熊",
            "content": "人民日报就是微博版的新闻联播，不会放这种新闻的",
            "time": "18-8-17 20:00"
        },
        {
            "comment id": 72,
            "parent": 65,
            "children": [],
            "user id": "5106701750",
            "user name": "Cc偷鱼",
            "content": "你@了这么多他还是临时工",
            "time": "18-8-17 19:25"
        },
        {
            "comment id": 73,
            "parent": -1,
            "children": [],
            "user id": "3889777343",
            "user name": "五月的雪1984",
            "content": "你跪下，给摊主磕个头！",
            "time": "18-8-24 21:51"
        },
        {
            "comment id": 74,
            "parent": -1,
            "children": [],
            "user id": "5856133914",
            "user name": "曦爷",
            "content": "草，还有没有天理了",
            "time": "19-3-3 02:01"
        },
        {
            "comment id": 75,
            "parent": -1,
            "children": [],
            "user id": "6210720168",
            "user name": "a·小喵喵爱吃鱼",
            "content": "对小孩说这样的话，太过分了，这样的渣渣只配当个孤家寡人",
            "time": "18-8-23 18:19"
        },
        {
            "comment id": 76,
            "parent": -1,
            "children": [
                77,
                78,
                79,
                81,
                82,
                83,
                84,
                85,
                87,
                88,
                89
            ],
            "user id": "5867537419",
            "user name": "绝绝之绝",
            "content": "特色的毒瘤 专门欺负穷人的城管",
            "time": "18-8-17 14:55"
        },
        {
            "comment id": 77,
            "parent": 76,
            "children": [],
            "user id": "6355183078",
            "user name": "少年乘白驹",
            "content": "把穷人打的怀疑人生，被富人打的怀疑人生。",
            "time": "18-8-18 09:21"
        },
        {
            "comment id": 78,
            "parent": 76,
            "children": [],
            "user id": "5867537419",
            "user name": "绝绝之绝",
            "content": "回复@simulated丶36261:你放的屁驴唇不对马嘴可以滚了",
            "time": "18-8-18 06:07"
        },
        {
            "comment id": 79,
            "parent": 76,
            "children": [],
            "user id": "6473233484",
            "user name": "周致远歌",
            "content": "逼迫到了一定时候  这些狗比制服畜生会被大批量让有觉悟的老百姓杀绝",
            "time": "18-8-17 23:58"
        },
        {
            "comment id": 80,
            "parent": 81,
            "children": [],
            "user id": "5867537419",
            "user name": "绝绝之绝",
            "content": "回复@麻辣小虾世界:你妈逼",
            "time": "18-8-17 22:17"
        },
        {
            "comment id": 81,
            "parent": 76,
            "children": [
                80
            ],
            "user id": "1364863520",
            "user name": "麻辣小虾世界",
            "content": "你宛若一个智障",
            "time": "18-8-17 21:59"
        },
        {
            "comment id": 82,
            "parent": 76,
            "children": [],
            "user id": "5867537419",
            "user name": "绝绝之绝",
            "content": "回复@大眼喵喵166:是的",
            "time": "18-8-17 21:06"
        },
        {
            "comment id": 83,
            "parent": 76,
            "children": [],
            "user id": "1904883771",
            "user name": "冒意思",
            "content": "不是城管，请别被标题骗了",
            "time": "18-8-17 21:04"
        },
        {
            "comment id": 84,
            "parent": 76,
            "children": [],
            "user id": "5867537419",
            "user name": "绝绝之绝",
            "content": "回复@大眼喵喵166:指使城管的才是最恶毒的",
            "time": "18-8-17 20:43"
        },
        {
            "comment id": 85,
            "parent": 76,
            "children": [],
            "user id": "5867537419",
            "user name": "绝绝之绝",
            "content": "回复@大眼喵喵166:给穷人留条活路",
            "time": "18-8-17 20:35"
        },
        {
            "comment id": 86,
            "parent": 89,
            "children": [],
            "user id": "1004778043",
            "user name": "草莓没有酱",
            "content": "回复@我叫熊大宝:你是城管吧，当狗很荣耀吧 ",
            "time": "18-8-17 20:19"
        },
        {
            "comment id": 87,
            "parent": 76,
            "children": [],
            "user id": "6554545969",
            "user name": "用户6554545969",
            "content": "反正对城管没有什么好印象，就是地痞流氓",
            "time": "18-8-17 20:11"
        },
        {
            "comment id": 88,
            "parent": 76,
            "children": [],
            "user id": "5867537419",
            "user name": "绝绝之绝",
            "content": "你是什么狗逼",
            "time": "18-8-17 19:46"
        },
        {
            "comment id": 89,
            "parent": 76,
            "children": [
                86
            ],
            "user id": "2001149203",
            "user name": "我叫熊大宝",
            "content": "跟城管什么关系呢？带节奏狗才是最大的问题",
            "time": "18-8-17 18:06"
        },
        {
            "comment id": 90,
            "parent": -1,
            "children": [
                91,
                92
            ],
            "user id": "6149653422",
            "user name": "红景天南",
            "content": "无耻到令人瞠目结舌！面对幼小的孩子，没有一丝一毫的人性！畜牲不如！",
            "time": "18-8-17 17:35"
        },
        {
            "comment id": 91,
            "parent": 90,
            "children": [],
            "user id": "6149653422",
            "user name": "红景天南",
            "content": "回复@Jasmine茉莉J:社会将留给孩子恐怖的阴影",
            "time": "18-8-18 20:42"
        },
        {
            "comment id": 92,
            "parent": 90,
            "children": [],
            "user id": "2709183613",
            "user name": "tomatobomb",
            "content": "回复@权志龙治丧委员会123:小孩子做错了什么，保安又是什么东西轮得到他教育？？",
            "time": "18-8-18 14:44"
        },
        {
            "comment id": 93,
            "parent": -1,
            "children": [
                94,
                96,
                97
            ],
            "user id": "1935718004",
            "user name": "里里的在线日记",
            "content": "还好没死，看了太生气了",
            "time": "18-8-17 15:08"
        },
        {
            "comment id": 94,
            "parent": 93,
            "children": [],
            "user id": "5726146751",
            "user name": "Fox永远是最可爱的",
            "content": "额，那个女的伤的不重，她违规摆摊保安多次劝了不听，然后保安踢了她车，她冲上去打保安，保安回手，然后她就倒地上，后面鉴定也不严重",
            "time": "18-8-18 13:33"
        },
        {
            "comment id": 95,
            "parent": 96,
            "children": [],
            "user id": "2989655467",
            "user name": "洛阳自在安闲",
            "content": "回复@牛枝头:就是，把我难过了一下午",
            "time": "18-8-18 09:27"
        },
        {
            "comment id": 96,
            "parent": 93,
            "children": [
                95
            ],
            "user id": "1180679214",
            "user name": "牛枝头",
            "content": "回复@汝瓷匠心传承:是的，我也一样，心里一宽。看视频里面真的好像死了的。",
            "time": "18-8-17 22:15"
        },
        {
            "comment id": 97,
            "parent": 93,
            "children": [],
            "user id": "2989655467",
            "user name": "洛阳自在安闲",
            "content": "这是我听到最好的消息了，没死就好，一切还都可以解决。",
            "time": "18-8-17 17:41"
        },
        {
            "comment id": 98,
            "parent": -1,
            "children": [],
            "user id": "2685033873",
            "user name": "宫里行走",
            "content": "帮凶成为你的谋生手段时，你下手为啥不轻些，难道你不相信报应吗",
            "time": "18-8-17 15:01"
        },
        {
            "comment id": 99,
            "parent": -1,
            "children": [
                100
            ],
            "user id": "2073050757",
            "user name": "胡红一",
            "content": "不管你穿什么制服 ，当小孩子面做这种事 、说这种话 ，就特么是 —— 畜牲 ",
            "time": "18-8-17 23:29"
        },
        {
            "comment id": 100,
            "parent": 99,
            "children": [],
            "user id": "6630391318",
            "user name": "云淡风轻6630391318",
            "content": "如果有人当他小孩的面，对他也做这种事，不知他会有如何感想？",
            "time": "18-8-18 03:13"
        },
        {
            "comment id": 101,
            "parent": -1,
            "children": [
                102,
                103,
                104
            ],
            "user id": "2117146352",
            "user name": "半虹骑士",
            "content": "还有未来吗？",
            "time": "18-8-17 15:28"
        },
        {
            "comment id": 102,
            "parent": 101,
            "children": [],
            "user id": "5032151046",
            "user name": "忘归意难书",
            "content": "追求自由和真理的勇士啊，你离你的梦想国度，只不过是一瓶百草枯的距离",
            "time": "18-8-18 06:46"
        },
        {
            "comment id": 103,
            "parent": 101,
            "children": [],
            "user id": "5203317492",
            "user name": "DDraco-",
            "content": "有的，睡一觉做个中国梦就有了",
            "time": "18-8-18 00:40"
        },
        {
            "comment id": 104,
            "parent": 101,
            "children": [],
            "user id": "5506191120",
            "user name": "雨林Jungles",
            "content": "未来在梦里……",
            "time": "18-8-17 20:31"
        },
        {
            "comment id": 105,
            "parent": -1,
            "children": [
                106,
                107
            ],
            "user id": "3681457895",
            "user name": "衡阳人",
            "content": "如果是四大名族的话，这些城管立马下跪 给四大名族磕头认错。",
            "time": "18-8-17 16:27"
        },
        {
            "comment id": 106,
            "parent": 105,
            "children": [],
            "user id": "3905594180",
            "user name": "热心市民张二锤",
            "content": "磕头都不一定好使",
            "time": "18-8-18 02:04"
        },
        {
            "comment id": 107,
            "parent": 105,
            "children": [],
            "user id": "3022178537",
            "user name": "lzzz星",
            "content": "搞清事实再喷。这是保安，不是城管",
            "time": "18-8-17 21:51"
        },
        {
            "comment id": 108,
            "parent": -1,
            "children": [],
            "user id": "1431103474",
            "user name": "王凤建先生",
            "content": "这种劣根性是怎么遗传的？而且，比他祖宗有过之而无不及呀？",
            "time": "18-8-17 15:12"
        },
        {
            "comment id": 109,
            "parent": -1,
            "children": [],
            "user id": "1752197282",
            "user name": "粉嘟嘟努米团子",
            "content": "依法治国的实际行动",
            "time": "18-8-17 15:27"
        },
        {
            "comment id": 110,
            "parent": -1,
            "children": [],
            "user id": "1463419964",
            "user name": "九龙河",
            "content": "這個牲口。",
            "time": "18-8-17 15:12"
        },
        {
            "comment id": 111,
            "parent": -1,
            "children": [],
            "user id": "5096771998",
            "user name": "蜜蜂的刺2015",
            "content": "人间杂碎!",
            "time": "18-8-17 15:10"
        },
        {
            "comment id": 112,
            "parent": -1,
            "children": [],
            "user id": "2073050757",
            "user name": "胡红一",
            "content": "有视频 、有真相  网页链接  //@胡红一: 不管你穿什么制服 ，当小孩子面做这种事 、说这种话 ，就特么是 —— 畜牲 ",
            "time": "18-8-18 00:03"
        },
        {
            "comment id": 113,
            "parent": -1,
            "children": [],
            "user id": "2967034092",
            "user name": "略知1二",
            "content": "有些人惯于恃强凌弱，一旦披上执法的外衣就不知道自己姓什名谁！",
            "time": "18-8-18 09:53"
        },
        {
            "comment id": 114,
            "parent": -1,
            "children": [],
            "user id": "1783449437",
            "user name": "玫瑰人生2021",
            "content": "不是人",
            "time": "18-8-17 15:01"
        },
        {
            "comment id": 115,
            "parent": -1,
            "children": [],
            "user id": "1951129741",
            "user name": "编剧谷凯",
            "content": "畜牲。//@清华-75于华-郭: 畜牲，早晚遭报应！",
            "time": "18-8-17 21:18"
        },
        {
            "comment id": 116,
            "parent": -1,
            "children": [],
            "user id": "5584866198",
            "user name": "顺顺儿的顺儿",
            "content": "唉……",
            "time": "18-8-18 08:49"
        },
        {
            "comment id": 117,
            "parent": -1,
            "children": [],
            "user id": "6515284406",
            "user name": "BJ那山的红叶",
            "content": "更畜生的驯养人才能驯养出这类极品畜生//@梁冬的微博: //@老金来也:是畜生//@张洲:是临时工还是辅助工？//@吃土豆长大的: 谁养的。//@清华-75于华-郭: 畜牲，早晚遭报应！",
            "time": "18-8-18 00:04"
        },
        {
            "comment id": 118,
            "parent": -1,
            "children": [],
            "user id": "1431103474",
            "user name": "王凤建先生",
            "content": "再转",
            "time": "18-8-17 15:13"
        },
        {
            "comment id": 119,
            "parent": -1,
            "children": [],
            "user id": "5596010807",
            "user name": "iam張yi璠",
            "content": "我他妈，请人肉他出来",
            "time": "18-8-17 19:59"
        },
        {
            "comment id": 120,
            "parent": -1,
            "children": [],
            "user id": "2211968341",
            "user name": "证法于庭",
            "content": "对法律无敬畏之心，对幼童毫无关爱之心，文明和法制被你践踏，你还趾高气扬，种下了恶因，等着吃恶果吧！",
            "time": "18-8-17 23:59"
        },
        {
            "comment id": 121,
            "parent": -1,
            "children": [],
            "user id": "5907167046",
            "user name": "tytxie_",
            "content": "这是人吗？",
            "time": "18-8-17 23:47"
        },
        {
            "comment id": 122,
            "parent": -1,
            "children": [],
            "user id": "3173676962",
            "user name": "旅行的蛙",
            "content": "鬼畜都去当城管了吗？",
            "time": "18-8-17 23:34"
        },
        {
            "comment id": 123,
            "parent": -1,
            "children": [],
            "user id": "1999665037",
            "user name": "13954180696FXCK",
            "content": "过分了  看过这么多这个真的过分",
            "time": "18-8-17 23:21"
        },
        {
            "comment id": 124,
            "parent": -1,
            "children": [],
            "user id": "5302563551",
            "user name": "未来的大哥_827",
            "content": "从今以后他可以断子绝孙了。",
            "time": "18-8-17 22:47"
        },
        {
            "comment id": 125,
            "parent": -1,
            "children": [],
            "user id": "3806898544",
            "user name": "张琳琳ZLLzll",
            "content": "",
            "time": "18-8-17 22:38"
        },
        {
            "comment id": 126,
            "parent": -1,
            "children": [],
            "user id": "5797574896",
            "user name": "叫我王小雪",
            "content": "靠",
            "time": "18-8-17 22:30"
        },
        {
            "comment id": 127,
            "parent": -1,
            "children": [],
            "user id": "3391858934",
            "user name": "今天一起干饭",
            "content": "草泥马",
            "time": "18-8-17 21:55"
        },
        {
            "comment id": 128,
            "parent": -1,
            "children": [],
            "user id": "1013781684",
            "user name": "詹詹自喜beautiful",
            "content": "@法制日报",
            "time": "18-8-17 21:46"
        },
        {
            "comment id": 129,
            "parent": -1,
            "children": [],
            "user id": "1967411811",
            "user name": "指月之指_挖鼻孔",
            "content": "约人一起，打他，来报名",
            "time": "18-8-17 21:41"
        },
        {
            "comment id": 130,
            "parent": -1,
            "children": [],
            "user id": "1735079814",
            "user name": "豆雨声来",
            "content": "旁边几个男士抱着胳膊围观，哪怕上去安慰一下小女孩也行啊，真寒心。",
            "time": "18-8-17 21:36"
        },
        {
            "comment id": 131,
            "parent": -1,
            "children": [],
            "user id": "1867099473",
            "user name": "张洲",
            "content": "是临时工还是辅助工？//@吃土豆长大的: 谁养的。//@清华-75于华-郭: 畜牲，早晚遭报应！",
            "time": "18-8-17 21:26"
        },
        {
            "comment id": 132,
            "parent": -1,
            "children": [],
            "user id": "5024019418",
            "user name": "TJ·糖精夫妇",
            "content": "希望可以上热门重视起来这件事",
            "time": "18-8-17 21:20"
        },
        {
            "comment id": 133,
            "parent": -1,
            "children": [],
            "user id": "6050612533",
            "user name": "扁桃体不发炎o",
            "content": "人性本恶！！！ 善良的人是因为教育的好，自己领悟能力高 而恶人不是什么好东西，它的爹妈也不见得多优秀",
            "time": "18-8-17 21:13"
        },
        {
            "comment id": 134,
            "parent": -1,
            "children": [],
            "user id": "1502179097",
            "user name": "啵叽_",
            "content": "不管是城管还是保安，这么做都不是个人！",
            "time": "18-8-17 21:13"
        },
        {
            "comment id": 135,
            "parent": -1,
            "children": [],
            "user id": "1496867634",
            "user name": "nownow",
            "content": "请问一下，打死妈妈对着孩子说这种话…这还不是畜生的话，谁还是畜生。",
            "time": "18-8-17 21:04"
        },
        {
            "comment id": 136,
            "parent": -1,
            "children": [],
            "user id": "6506940145",
            "user name": "sam-ai",
            "content": "又是临时工？",
            "time": "18-8-17 21:03"
        },
        {
            "comment id": 137,
            "parent": -1,
            "children": [],
            "user id": "2749779635",
            "user name": "雷公坵",
            "content": "不管怎样，首先打人就不对，特别是当着孩子面，还加如此语言",
            "time": "18-8-17 22:08"
        },
        {
            "comment id": 138,
            "parent": -1,
            "children": [],
            "user id": "1769552117",
            "user name": "帮主vs药师",
            "content": "为什么还会存在这样的城管，我就不信没有人给他胆",
            "time": "18-8-17 20:46"
        },
        {
            "comment id": 139,
            "parent": -1,
            "children": [],
            "user id": "1098600674",
            "user name": "深海渔魜",
            "content": "厉害👍",
            "time": "18-8-17 20:27"
        },
        {
            "comment id": 140,
            "parent": -1,
            "children": [],
            "user id": "6246644874",
            "user name": "zbr188",
            "content": "弄死这个王八蛋！",
            "time": "18-8-17 20:15"
        },
        {
            "comment id": 141,
            "parent": -1,
            "children": [],
            "user id": "1792811291",
            "user name": "爱吃肉的达宝",
            "content": "打人的城管找到了@带带大师兄",
            "time": "18-8-17 20:00"
        },
        {
            "comment id": 142,
            "parent": -1,
            "children": [],
            "user id": "2028296035",
            "user name": "Joey-Z莹",
            "content": "还有这样的狗屎",
            "time": "18-8-17 20:00"
        },
        {
            "comment id": 143,
            "parent": -1,
            "children": [],
            "user id": "1757310767",
            "user name": "NotOther-worldlyAirAh",
            "content": "现在全是这种消息，看得我感觉全天下都是这种人了",
            "time": "18-8-17 19:59"
        },
        {
            "comment id": 144,
            "parent": -1,
            "children": [],
            "user id": "1390169375",
            "user name": "痛风克星my",
            "content": "畜生",
            "time": "18-8-17 19:58"
        },
        {
            "comment id": 145,
            "parent": -1,
            "children": [],
            "user id": "2072984975",
            "user name": "耶律Hulk",
            "content": "我一直都分不清城管和土匪！",
            "time": "18-8-17 19:50"
        },
        {
            "comment id": 146,
            "parent": -1,
            "children": [],
            "user id": "6094202862",
            "user name": "l某在斯",
            "content": "生活不易，互相理解吧，城管是维护作用的，不是山里的土匪",
            "time": "18-8-17 19:39"
        },
        {
            "comment id": 147,
            "parent": -1,
            "children": [],
            "user id": "2104773073",
            "user name": "天空yoyo36999",
            "content": "没事，是零时工",
            "time": "18-8-17 19:22"
        },
        {
            "comment id": 148,
            "parent": -1,
            "children": [],
            "user id": "5949918632",
            "user name": "苜蓿草00",
            "content": "城管你才死了，你全家都死了",
            "time": "18-8-17 19:12"
        },
        {
            "comment id": 149,
            "parent": -1,
            "children": [],
            "user id": "6450439283",
            "user name": "一夜一页一叶一",
            "content": "城管怎么都抢着向抗战时期的皇协军看齐啊！出了事都是临时工。没出事大摇大摆就像二狗子。",
            "time": "18-8-17 19:05"
        },
        {
            "comment id": 150,
            "parent": -1,
            "children": [],
            "user id": "5946058808",
            "user name": "祖an钉子户",
            "content": "烂",
            "time": "18-8-17 19:02"
        },
        {
            "comment id": 151,
            "parent": -1,
            "children": [],
            "user id": "5317987977",
            "user name": "徐尘木",
            "content": "城管一般不去@非诚勿扰 估计是怕一说职业全灭灯，您觉得呢？@孟非",
            "time": "18-8-17 16:32"
        },
        {
            "comment id": 152,
            "parent": -1,
            "children": [],
            "user id": "1958268677",
            "user name": "虾晃荡",
            "content": "国加引领着你的民众将向何处？迷茫",
            "time": "21-4-18 20:14"
        },
        {
            "comment id": 153,
            "parent": -1,
            "children": [],
            "user id": "5991185234",
            "user name": "胖砸不胖",
            "content": "辣鸡",
            "time": "18-9-2 06:48"
        },
        {
            "comment id": 154,
            "parent": -1,
            "children": [],
            "user id": "1762580663",
            "user name": "火奴鲁鲁gl",
            "content": "现在征服越来越会耍流氓了。自己不好出手，就找一堆背锅侠执法。",
            "time": "18-8-29 07:52"
        },
        {
            "comment id": 155,
            "parent": -1,
            "children": [],
            "user id": "5625589203",
            "user name": "_拍洋画画_",
            "content": "打人的惹事儿的都是外聘的",
            "time": "18-8-21 13:29"
        },
        {
            "comment id": 156,
            "parent": -1,
            "children": [],
            "user id": "6321773057",
            "user name": "伞兵一号X某人",
            "content": "我大清未亡啊！",
            "time": "18-8-21 11:45"
        },
        {
            "comment id": 157,
            "parent": -1,
            "children": [],
            "user id": "5535076266",
            "user name": "陈奕迅的老迷弟",
            "content": "这个城管即使不是打死人 他也存在着恐吓幼小女孩的实施 这次真的洗不清了",
            "time": "18-8-19 09:02"
        },
        {
            "comment id": 158,
            "parent": -1,
            "children": [],
            "user id": "6340361028",
            "user name": "名人堂用户",
            "content": "来来，我给你一千块钱 。你怎么打的我 ，就怎么打回去",
            "time": "18-8-18 23:13"
        },
        {
            "comment id": 159,
            "parent": -1,
            "children": [],
            "user id": "3030010011",
            "user name": "努力1努力3努力1努力4",
            "content": "临时工真强大，哪里需要就在哪里",
            "time": "18-8-18 20:38"
        },
        {
            "comment id": 160,
            "parent": -1,
            "children": [],
            "user id": "5495065849",
            "user name": "Tonejay",
            "content": "牲口",
            "time": "18-8-18 18:41"
        },
        {
            "comment id": 161,
            "parent": -1,
            "children": [],
            "user id": "5079873428",
            "user name": "蓝竹叶",
            "content": "哈哈哈哈",
            "time": "18-8-18 18:28"
        },
        {
            "comment id": 162,
            "parent": -1,
            "children": [],
            "user id": "2371136222",
            "user name": "一只嗷嗷嗷嗷呜",
            "content": "最好了解前因后果之后再发……",
            "time": "18-8-18 16:45"
        },
        {
            "comment id": 163,
            "parent": -1,
            "children": [],
            "user id": "1963072677",
            "user name": "YEAZZI",
            "content": "@妞猴儿",
            "time": "18-8-18 16:32"
        },
        {
            "comment id": 164,
            "parent": -1,
            "children": [],
            "user id": "5684617603",
            "user name": "橘虞森屿M",
            "content": "畜生",
            "time": "18-8-18 15:47"
        },
        {
            "comment id": 165,
            "parent": -1,
            "children": [],
            "user id": "6599156728",
            "user name": "现在是什么年月",
            "content": "心里难受。",
            "time": "18-8-18 15:40"
        },
        {
            "comment id": 166,
            "parent": -1,
            "children": [],
            "user id": "1927405443",
            "user name": "常青松青常",
            "content": "东莞还有杀人的保姆",
            "time": "18-8-18 15:01"
        },
        {
            "comment id": 167,
            "parent": -1,
            "children": [],
            "user id": "1839716833",
            "user name": "日常祈祷连夜暴富",
            "content": "有视频，看这次又该怎么说",
            "time": "18-8-18 14:54"
        },
        {
            "comment id": 168,
            "parent": -1,
            "children": [],
            "user id": "1971015423",
            "user name": "摩洛希亚米娜",
            "content": "来大连吧，我们这里的城管特别文明，因为城管被打死了，再没城管敢嘚瑟，都文明执法。",
            "time": "18-8-18 14:52"
        },
        {
            "comment id": 169,
            "parent": -1,
            "children": [],
            "user id": "6496436383",
            "user name": "AZhaiww",
            "content": "天啊 这是人吗 这是畜牲吧。。。。别人出来挣钱不就是为了一口饭 还这样吓唬小孩子  看到妈妈被打到地上小孩心里有多害怕啊",
            "time": "18-8-18 14:44"
        },
        {
            "comment id": 170,
            "parent": -1,
            "children": [],
            "user id": "2204422177",
            "user name": "菜市街小青年",
            "content": "",
            "time": "18-8-18 14:44"
        },
        {
            "comment id": 171,
            "parent": -1,
            "children": [],
            "user id": "5206965971",
            "user name": "风一样的小k",
            "content": "好可怜呀……",
            "time": "18-8-18 14:40"
        },
        {
            "comment id": 172,
            "parent": -1,
            "children": [],
            "user id": "1411234131",
            "user name": "梦与实",
            "content": "城管就是以前的狗腿子，装大了",
            "time": "18-8-18 14:32"
        },
        {
            "comment id": 173,
            "parent": -1,
            "children": [],
            "user id": "2854946172",
            "user name": "小滕想睡觉",
            "content": "中国梦，强国梦",
            "time": "18-8-18 14:20"
        },
        {
            "comment id": 174,
            "parent": -1,
            "children": [],
            "user id": "3085236541",
            "user name": "村长家的小二白",
            "content": "就算母亲再有错，也不能伤害孩子，自己没孩子吗？心真恶毒",
            "time": "18-8-18 13:47"
        }
    ]
}