{
    "source": {
        "content": "心中升起莫名的恨，禽兽穿戴衣冠的时候更加显露禽兽的本性！8月13日，广东东莞城管一拳打晕女摊主，城管打人之后还恐吓她女儿说“跪在这里哭，你知道吗，你妈死啦”！ 网页链接 ",
        "time": "18-8-17 20:45",
        "user id": "6582582224",
        "tweet id": "Gv5QV9yY9",
        "label": 1,
        "theme": null
    },
    "comment": [
        {
            "comment id": 0,
            "parent": -1,
            "children": [],
            "user id": "2726989822",
            "user name": "员外叔2012",
            "content": "是真的话，这货真不该活到明天。",
            "time": "18-8-17 21:12"
        },
        {
            "comment id": 1,
            "parent": -1,
            "children": [
                2
            ],
            "user id": "5682103993",
            "user name": "股十三郎",
            "content": "为了安抚黑社会，所以有了这个职业",
            "time": "18-8-17 21:20"
        },
        {
            "comment id": 2,
            "parent": 1,
            "children": [],
            "user id": "5178026607",
            "user name": "江湖說書先生",
            "content": " 有时候办不了的事，也得用黑社会，比如强拆民房 ……  这就是执政为民嘛",
            "time": "18-8-18 00:38"
        },
        {
            "comment id": 3,
            "parent": -1,
            "children": [],
            "user id": "1342325913",
            "user name": "顶层大花",
            "content": "真不是人，吓唬小孩，tmd就应该揍他一顿",
            "time": "18-8-17 21:34"
        },
        {
            "comment id": 4,
            "parent": -1,
            "children": [],
            "user id": "2011114647",
            "user name": "把爱举高",
            "content": "禽兽不如！",
            "time": "18-8-17 23:18"
        },
        {
            "comment id": 5,
            "parent": -1,
            "children": [],
            "user id": "5512208059",
            "user name": "不言吁",
            "content": "灭绝人性的畜生",
            "time": "18-8-17 21:40"
        },
        {
            "comment id": 6,
            "parent": -1,
            "children": [
                7
            ],
            "user id": "1571428663",
            "user name": "秦秦晓甜屎",
            "content": "这种人，不配有下一代！",
            "time": "18-8-17 21:39"
        },
        {
            "comment id": 7,
            "parent": 6,
            "children": [],
            "user id": "2461912717",
            "user name": "De_LeON",
            "content": "这种人就该生二胎",
            "time": "18-8-18 01:23"
        },
        {
            "comment id": 8,
            "parent": -1,
            "children": [],
            "user id": "2770039513",
            "user name": "道知画",
            "content": "下蛊！此劣顽，可做养gui之器！",
            "time": "18-8-17 21:34"
        },
        {
            "comment id": 9,
            "parent": -1,
            "children": [],
            "user id": "1400369631",
            "user name": "健康管理实践者",
            "content": "我向来是不惮以最坏的恶意来推测中国人的，然而我还不料，也不信会下劣凶残到这地步。",
            "time": "18-8-17 22:20"
        },
        {
            "comment id": 10,
            "parent": -1,
            "children": [
                11
            ],
            "user id": "1496867634",
            "user name": "nownow",
            "content": "来，视频证据。",
            "time": "18-8-17 21:04"
        },
        {
            "comment id": 11,
            "parent": 10,
            "children": [],
            "user id": "2538592795",
            "user name": "手机用户2538592795",
            "content": "假的，是小区的保安，因为已经澄清了。但是还是有一些为了博眼球的人，所以你懂的",
            "time": "18-8-27 15:15"
        },
        {
            "comment id": 12,
            "parent": -1,
            "children": [
                13,
                14,
                15
            ],
            "user id": "6498137521",
            "user name": "明海IPO",
            "content": "拿起手中的武器",
            "time": "18-8-17 20:59"
        },
        {
            "comment id": 13,
            "parent": 12,
            "children": [],
            "user id": "6196223120",
            "user name": "多喜欢你的温柔",
            "content": "宿舍丢钱无人管，黑人同学打篮球6P丢了能搞到小偷自己把手机拿回来，啧啧",
            "time": "18-8-19 16:55"
        },
        {
            "comment id": 14,
            "parent": 12,
            "children": [],
            "user id": "6504116529",
            "user name": "用户6504116529",
            "content": "他们秀肌肉，从来都不是恐吓别人的，是恐吓我们的",
            "time": "18-8-18 08:42"
        },
        {
            "comment id": 15,
            "parent": 12,
            "children": [],
            "user id": "5938074296",
            "user name": "大牌小店全球Go",
            "content": "菜刀实名制了解下",
            "time": "18-8-18 00:49"
        },
        {
            "comment id": 16,
            "parent": -1,
            "children": [],
            "user id": "1877100247",
            "user name": "bobbidibooooo",
            "content": "太过分了",
            "time": "18-8-17 21:38"
        },
        {
            "comment id": 17,
            "parent": -1,
            "children": [],
            "user id": "5437017255",
            "user name": "风中随想曲",
            "content": "慢慢变冷的人心！",
            "time": "18-8-17 23:31"
        },
        {
            "comment id": 18,
            "parent": -1,
            "children": [
                19
            ],
            "user id": "2719381330",
            "user name": "潇申客",
            "content": "这个城管就没有妻儿吗？怎么可以如此恐吓一个幼孩？孩子一辈子的心里阴影都难于消除 //@牛春宝: 禽兽不如//@雨农谈股:转发微博",
            "time": "18-8-17 22:09"
        },
        {
            "comment id": 19,
            "parent": 18,
            "children": [],
            "user id": "2538592795",
            "user name": "手机用户2538592795",
            "content": "为什么大家都只看标题，难道不想去了解事情的真相吗。这个是小区的保安，了解情况再喷好吗",
            "time": "18-8-27 15:17"
        },
        {
            "comment id": 20,
            "parent": -1,
            "children": [
                21
            ],
            "user id": "1505587313",
            "user name": "乱步Rampo",
            "content": "疯了吧？！？！正常人会说这种话吗！！！这个都不是革职的事情了，不判刑留着过年啊？",
            "time": "18-8-18 01:36"
        },
        {
            "comment id": 21,
            "parent": 20,
            "children": [],
            "user id": "5518801052",
            "user name": "起个名字好难QvQ",
            "content": "有些东西，如果影响恶劣到影响形象，可以当做没发生……",
            "time": "18-8-18 07:52"
        },
        {
            "comment id": 22,
            "parent": -1,
            "children": [],
            "user id": "2012275372",
            "user name": "沫小懒的懒",
            "content": "操 旁边的人咋这么冷血",
            "time": "18-8-17 21:25"
        },
        {
            "comment id": 23,
            "parent": -1,
            "children": [],
            "user id": "3102042495",
            "user name": "Alsseo",
            "content": "@公安部打四黑除四害 @东莞网警巡查执法",
            "time": "18-8-18 10:37"
        },
        {
            "comment id": 24,
            "parent": -1,
            "children": [],
            "user id": "2235929634",
            "user name": "精神资本打工人",
            "content": "@紫光阁  @维稳先锋卡菊轮  @真主钦点仁波刀  @公忠体国五十万  ",
            "time": "18-8-18 00:56"
        },
        {
            "comment id": 25,
            "parent": -1,
            "children": [],
            "user id": "3287476703",
            "user name": "宝琪爸爸",
            "content": "畜生",
            "time": "18-8-17 23:18"
        },
        {
            "comment id": 26,
            "parent": -1,
            "children": [],
            "user id": "1571428663",
            "user name": "秦秦晓甜屎",
            "content": "人渣！",
            "time": "18-8-17 21:38"
        },
        {
            "comment id": 27,
            "parent": -1,
            "children": [],
            "user id": "1584591237",
            "user name": "顺风顺水74",
            "content": "禽兽不如",
            "time": "18-8-17 21:25"
        },
        {
            "comment id": 28,
            "parent": -1,
            "children": [],
            "user id": "5822611647",
            "user name": "过分善良也是傻子",
            "content": "小女孩长大后一定要为你妈妈出气//@雨农谈股: 转发微博",
            "time": "18-8-17 21:08"
        },
        {
            "comment id": 29,
            "parent": -1,
            "children": [],
            "user id": "17949157",
            "user name": "真理阳光VVV",
            "content": "当某些地方有人摆摊的时候，说明这里就需要这些人摆摊，周围的消费者也需要这样一个购物的地方，他们应该是管理者的服务对象。有时候我们也许抱怨他们在某些繁忙的马路哪里摆，然这并不怪他们，要怪公共设施设计不到位，严格来说要追责。//@雨农谈股: 转发微博",
            "time": "18-8-17 21:01"
        },
        {
            "comment id": 30,
            "parent": -1,
            "children": [],
            "user id": "5668083098",
            "user name": "山东商会管理",
            "content": "就算不是城管，是保安，那也不该打人吧，急于澄清事实对，对于打人处理了吗？",
            "time": "18-8-19 06:50"
        },
        {
            "comment id": 31,
            "parent": -1,
            "children": [],
            "user id": "6011700965",
            "user name": "君子周而不比666",
            "content": "真想砸烂这个万恶的旧社会",
            "time": "18-8-18 00:02"
        },
        {
            "comment id": 32,
            "parent": -1,
            "children": [],
            "user id": "2726237425",
            "user name": "粤福记小刘",
            "content": "@中国青年报 @人民日报 @平安东莞 @澎湃新闻 @网易新闻 你们都来看看！",
            "time": "18-8-17 23:53"
        },
        {
            "comment id": 33,
            "parent": -1,
            "children": [],
            "user id": "1745331084",
            "user name": "kurtbush",
            "content": "@央视新闻",
            "time": "18-8-17 21:33"
        },
        {
            "comment id": 34,
            "parent": -1,
            "children": [],
            "user id": "5123483179",
            "user name": "jacksonWongTs",
            "content": "@平安东莞",
            "time": "18-8-18 10:45"
        },
        {
            "comment id": 35,
            "parent": -1,
            "children": [],
            "user id": "1172277884",
            "user name": "风满楼86599",
            "content": "人民当家做主了吗？ 老百姓都过上好日子了吗？ 还有贪官污吏吗？ 还有人骑在人民的头上作威作福吗？ 我们还在受外国人的欺辱吗？ 中国人真正的站起来了吗？ 我们的党还记得我们对人民的承诺吗？ 还有纠正错误的勇气吗？ 需要有人站出来的时候，还有人站出来吗？",
            "time": "18-8-18 04:10"
        },
        {
            "comment id": 36,
            "parent": -1,
            "children": [],
            "user id": "1601026221",
            "user name": "朝克毕力格",
            "content": "这畜生竟然恐吓幼孩",
            "time": "18-8-18 01:28"
        },
        {
            "comment id": 37,
            "parent": -1,
            "children": [],
            "user id": "1558058635",
            "user name": "孤帆一路前行",
            "content": "我在想：城管是谁聘请的？",
            "time": "18-8-17 21:27"
        },
        {
            "comment id": 38,
            "parent": -1,
            "children": [],
            "user id": "3754373394",
            "user name": "库里莫夫",
            "content": "这是谁的主意，让底层管理底层，加稻草",
            "time": "18-8-17 21:27"
        },
        {
            "comment id": 39,
            "parent": -1,
            "children": [],
            "user id": "2693794880",
            "user name": "于洋律师",
            "content": "轉發微博",
            "time": "18-8-17 21:22"
        },
        {
            "comment id": 40,
            "parent": -1,
            "children": [],
            "user id": "2299409943",
            "user name": "文娱达摩院",
            "content": "//@nownow: 来，视频证据。",
            "time": "18-8-17 21:05"
        },
        {
            "comment id": 41,
            "parent": -1,
            "children": [],
            "user id": "3885602128",
            "user name": "大骗子老鹰",
            "content": "周围的群众拿着馒头等血蘸",
            "time": "18-8-17 21:00"
        },
        {
            "comment id": 42,
            "parent": -1,
            "children": [],
            "user id": "1821507872",
            "user name": "刘开杰",
            "content": "这个是真实的，我朋友就在那里看到，告诉我，哎城管，呵呵",
            "time": "18-9-7 00:21"
        },
        {
            "comment id": 43,
            "parent": -1,
            "children": [],
            "user id": "5600324277",
            "user name": "飞翔的猪儿71",
            "content": "mmb,现代的土匪……",
            "time": "18-8-17 23:09"
        },
        {
            "comment id": 44,
            "parent": -1,
            "children": [],
            "user id": "6102536735",
            "user name": "过客6102536735",
            "content": "畜生",
            "time": "18-8-17 21:41"
        },
        {
            "comment id": 45,
            "parent": -1,
            "children": [],
            "user id": "2710484655",
            "user name": "反手就是一口奶",
            "content": "什么样的政府就有什么样的兵。",
            "time": "18-8-17 21:30"
        },
        {
            "comment id": 46,
            "parent": -1,
            "children": [],
            "user id": "6182293073",
            "user name": "彪啊飘啊44632",
            "content": "重点是：政府（领导）给的权利吧",
            "time": "19-6-9 18:47"
        },
        {
            "comment id": 47,
            "parent": -1,
            "children": [],
            "user id": "1840003770",
            "user name": "muge888",
            "content": "哎，你看的还很少，城管群殴摊主小贩的太多太多了，就连八十多岁的老人他们都打好几个了，闹出人命的，官方回复 临时城管，已被开除 了事。城管打人 抢东西最后城管大队分赃，太多太多了。本来今天心情不错 结果看了城管的视频气得头都在晕。都是多人城管打一个小贩。",
            "time": "18-10-8 10:25"
        },
        {
            "comment id": 48,
            "parent": -1,
            "children": [],
            "user id": "6344318465",
            "user name": "omi饭饭",
            "content": "城管都是要死的人！南京夫子庙城管见到小贩就打！",
            "time": "18-10-5 09:27"
        },
        {
            "comment id": 49,
            "parent": -1,
            "children": [],
            "user id": "1237655542",
            "user name": "加肥猫李晨",
            "content": "为什么被删了",
            "time": "18-9-5 21:23"
        },
        {
            "comment id": 50,
            "parent": -1,
            "children": [],
            "user id": "2599175161",
            "user name": "猫爪在上边",
            "content": "畜牲不如",
            "time": "18-8-18 22:14"
        },
        {
            "comment id": 51,
            "parent": -1,
            "children": [],
            "user id": "2450494244",
            "user name": "guoked",
            "content": "厉害了！",
            "time": "18-8-18 10:35"
        },
        {
            "comment id": 52,
            "parent": -1,
            "children": [],
            "user id": "5174613780",
            "user name": "用户5174613780",
            "content": "禽兽恶魔，恐吓弱小幼童，欺人太甚，拉出去毙了。",
            "time": "18-8-18 02:16"
        },
        {
            "comment id": 53,
            "parent": -1,
            "children": [],
            "user id": "1372965801",
            "user name": "先打小可爱",
            "content": "东莞也是珠三角核心城市，总觉得城市管理水平比周边的低一大截。",
            "time": "18-8-18 01:25"
        },
        {
            "comment id": 54,
            "parent": -1,
            "children": [],
            "user id": "6039779270",
            "user name": "一夏清橙",
            "content": "这个人可能不知道小孩子不仅在哭，心里还会认为穿这种衣服的就是坏人。",
            "time": "18-8-18 00:16"
        },
        {
            "comment id": 55,
            "parent": -1,
            "children": [],
            "user id": "3161328092",
            "user name": "煮茗8",
            "content": "什么样的主子养什么样的打手，这才是它们的本性……",
            "time": "18-8-17 23:36"
        },
        {
            "comment id": 56,
            "parent": -1,
            "children": [],
            "user id": "3256063810",
            "user name": "三鑫光明_69082",
            "content": "//@访民律师王学明: 取缔城管，还民平安！//@闵玉平V:我想对着孩子说一句:孩子，你知道“死了”意味着什么吗！",
            "time": "18-8-17 22:18"
        },
        {
            "comment id": 57,
            "parent": -1,
            "children": [],
            "user id": "2414939774",
            "user name": "新安侠客行",
            "content": "转发微博",
            "time": "18-8-17 21:27"
        },
        {
            "comment id": 58,
            "parent": -1,
            "children": [],
            "user id": "6510370060",
            "user name": "SZ续写未来",
            "content": "后面怎么处理了？？",
            "time": "18-8-17 21:04"
        },
        {
            "comment id": 59,
            "parent": -1,
            "children": [],
            "user id": "6724146045",
            "user name": "悠然的咸鱼",
            "content": "现在的社会越来越难活了随便有点权利就不把人当人啊",
            "time": "18-10-10 12:00"
        },
        {
            "comment id": 60,
            "parent": -1,
            "children": [],
            "user id": "6683183290",
            "user name": "夏唯言98495",
            "content": "打倒中国政府，解放中国百姓！不带假的",
            "time": "18-9-28 23:22"
        },
        {
            "comment id": 61,
            "parent": -1,
            "children": [],
            "user id": "6615944738",
            "user name": "望喜yl2018",
            "content": "爱打人的城管全家死光光。他们就是一群横行霸道，欺压百姓的恶棍，一群豢养的恶狗🐶，大家说该死不该死……",
            "time": "18-8-22 01:52"
        },
        {
            "comment id": 62,
            "parent": -1,
            "children": [],
            "user id": "3314904361",
            "user name": "Jesener",
            "content": "图片评论 网页链接",
            "time": "18-8-19 18:05"
        },
        {
            "comment id": 63,
            "parent": -1,
            "children": [],
            "user id": "6628382852",
            "user name": "意志玄铁",
            "content": "畜生！就算跟大人有矛盾，有必要伤及孩子吗？",
            "time": "18-8-17 22:27"
        },
        {
            "comment id": 64,
            "parent": -1,
            "children": [],
            "user id": "1773900723",
            "user name": "minzhuhao",
            "content": "头上三尺有神灵！人在做天在看！不是不报时辰未到！",
            "time": "18-8-17 21:56"
        },
        {
            "comment id": 65,
            "parent": -1,
            "children": [],
            "user id": "6528629114",
            "user name": "呆瓜剑凝",
            "content": "畜牲太多，太多。我们的社会怎么了？怎么尽是这样的人呀！面对弱小，就没有一点同情心吗？",
            "time": "18-8-17 21:52"
        },
        {
            "comment id": 66,
            "parent": -1,
            "children": [],
            "user id": "5953268968",
            "user name": "法术蜗牛",
            "content": "行径卑劣！对小朋友这样讲话，这到底是什么样的一支队伍？？#城管#",
            "time": "18-8-17 21:27"
        },
        {
            "comment id": 67,
            "parent": -1,
            "children": [],
            "user id": "1648036051",
            "user name": "点滴裂变",
            "content": "应该是禽兽不如！",
            "time": "18-8-17 21:08"
        },
        {
            "comment id": 68,
            "parent": -1,
            "children": [],
            "user id": "3065358875",
            "user name": "檀香的美丽人生",
            "content": "畜牲",
            "time": "18-8-17 21:03"
        },
        {
            "comment id": 69,
            "parent": -1,
            "children": [],
            "user id": "3960284437",
            "user name": "搞笑微博专栏排行榜",
            "content": "",
            "time": "18-8-17 21:02"
        }
    ]
}