{
    "source": {
        "content": "看看这馒头能吃吗，宝鸡人民生活在水深火热之中@宝鸡城事  楼市西安的微博视频 ",
        "time": "18-8-18 23:17",
        "user id": "2038644231",
        "tweet id": "GvghliHvC",
        "label": 1,
        "theme": null
    },
    "comment": [
        {
            "comment id": 0,
            "parent": -1,
            "children": [
                1
            ],
            "user id": "6072765008",
            "user name": "宝鸡同城",
            "content": "你的微博提到本地大V，想让你的微博获得更多关注，欢迎使用同城爆料>>网页链接",
            "time": "18-8-18 23:18"
        },
        {
            "comment id": 1,
            "parent": 0,
            "children": [],
            "user id": "2038644231",
            "user name": "楼市西安",
            "content": "帮忙转发一下",
            "time": "18-8-18 23:19"
        },
        {
            "comment id": 2,
            "parent": -1,
            "children": [
                3
            ],
            "user id": "3224393712",
            "user name": "宝鸡城事",
            "content": "不用谢 ",
            "time": "18-8-18 23:19"
        },
        {
            "comment id": 3,
            "parent": 2,
            "children": [],
            "user id": "2038644231",
            "user name": "楼市西安",
            "content": "哦，我在微信群里看到的，有的事不见的是假的，我之前就买过这样的馒头，在人人乐超市，馒头买回去蒸了两次，缩成一团了，硬硬的，很是吓人！",
            "time": "18-8-18 23:22"
        },
        {
            "comment id": 4,
            "parent": -1,
            "children": [],
            "user id": "3630306824",
            "user name": "宝鸡直播",
            "content": "谣言。已辟谣。",
            "time": "18-8-19 15:06"
        }
    ]
}