{
    "source": {
        "content": "七夕情人节那天，位于安徽省芜湖广电大厦地下停车场内，42岁的女主播与54岁的副总编情人玩车震，结果把副总编的命给玩丟了，目前女主播的己被警方控制，男的家属在闹。它告诉我们——做爱有风险，车震要小心！  网页链接 ",
        "time": "18-8-22 09:58",
        "user id": "1220970732",
        "tweet id": "GvMKScyHx",
        "label": 1,
        "theme": null
    },
    "comment": [
        {
            "comment id": 0,
            "parent": -1,
            "children": [],
            "user id": "1831904057",
            "user name": "中国黑老大",
            "content": "真假，好有戏剧性！！！",
            "time": "18-8-22 10:03"
        },
        {
            "comment id": 1,
            "parent": -1,
            "children": [
                2,
                3,
                4,
                5
            ],
            "user id": "1423766481",
            "user name": "阳光的贝乐儿",
            "content": "",
            "time": "18-8-22 10:15"
        },
        {
            "comment id": 2,
            "parent": 1,
            "children": [],
            "user id": "2414389390",
            "user name": "深南才子",
            "content": "回复@一粒微尘VVVV:老司机",
            "time": "18-8-30 14:41"
        },
        {
            "comment id": 3,
            "parent": 1,
            "children": [],
            "user id": "2415966962",
            "user name": "KavenLee2012",
            "content": "老司机",
            "time": "18-8-25 12:22"
        },
        {
            "comment id": 4,
            "parent": 1,
            "children": [],
            "user id": "2477892321",
            "user name": "梵克从不畏惧",
            "content": "没毛病",
            "time": "18-8-25 09:22"
        },
        {
            "comment id": 5,
            "parent": 1,
            "children": [],
            "user id": "5674773473",
            "user name": "用户5674773473",
            "content": "有道理！",
            "time": "18-8-23 15:09"
        },
        {
            "comment id": 6,
            "parent": -1,
            "children": [
                7
            ],
            "user id": "1052981322",
            "user name": "aimei姐",
            "content": "警方控制女主播是依据什么？犯罪了？",
            "time": "18-8-23 19:18"
        },
        {
            "comment id": 7,
            "parent": 6,
            "children": [],
            "user id": "5083874672",
            "user name": "_宝哥_7",
            "content": "要不然等着男方家属撕么，这种控制某种意义上来说是保护吧！",
            "time": "18-8-30 12:49"
        },
        {
            "comment id": 8,
            "parent": -1,
            "children": [],
            "user id": "1943260352",
            "user name": "张冰冰不算昵称吧",
            "content": "这叫什么？叫现世报。立刻报！",
            "time": "18-8-22 17:07"
        },
        {
            "comment id": 9,
            "parent": -1,
            "children": [],
            "user id": "1413634744",
            "user name": "皖宜望马楼",
            "content": "应该是想下车来穿裤子，空间大点，结果绊倒了，头碰到墙上了，挂了",
            "time": "18-8-22 22:17"
        },
        {
            "comment id": 10,
            "parent": -1,
            "children": [],
            "user id": "1424331327",
            "user name": "Naevia",
            "content": "这逼有毒",
            "time": "18-8-22 10:05"
        },
        {
            "comment id": 11,
            "parent": -1,
            "children": [],
            "user id": "1866401901",
            "user name": "核按钮777",
            "content": "每一个女主播背后基本都有一个领导包养。",
            "time": "18-8-24 10:05"
        },
        {
            "comment id": 12,
            "parent": -1,
            "children": [],
            "user id": "2629987003",
            "user name": "古都88888888",
            "content": "牛和逼，牛逼了，车震需保命，",
            "time": "18-8-22 10:32"
        },
        {
            "comment id": 13,
            "parent": -1,
            "children": [
                14
            ],
            "user id": "5288204275",
            "user name": "就是喜欢看你笑呀",
            "content": "@攸攸在",
            "time": "18-9-3 19:36"
        },
        {
            "comment id": 14,
            "parent": 13,
            "children": [],
            "user id": "1999440137",
            "user name": "攸攸在灬",
            "content": "亲爱的刷微博还是快",
            "time": "18-9-3 19:40"
        },
        {
            "comment id": 15,
            "parent": -1,
            "children": [
                16
            ],
            "user id": "1004340453",
            "user name": "兰兰的天028",
            "content": "腐败啊！这些党员干部怎么都喜欢这事呢、是因为从来不用烦赚钱吧",
            "time": "18-8-24 13:10"
        },
        {
            "comment id": 16,
            "parent": 15,
            "children": [],
            "user id": "2414389390",
            "user name": "深南才子",
            "content": "不一定非要是党员干部，非党员的一样",
            "time": "18-8-30 14:42"
        },
        {
            "comment id": 17,
            "parent": -1,
            "children": [],
            "user id": "6575050169",
            "user name": "心旷神怡的微博cindy",
            "content": "",
            "time": "18-8-23 08:22"
        },
        {
            "comment id": 18,
            "parent": -1,
            "children": [],
            "user id": "1772399530",
            "user name": "ZAmudsen",
            "content": "@Xuucl",
            "time": "18-8-22 12:49"
        },
        {
            "comment id": 19,
            "parent": -1,
            "children": [],
            "user id": "3738596574",
            "user name": "天津卫的孩子",
            "content": "伟哥的副作用太大",
            "time": "18-8-22 11:43"
        },
        {
            "comment id": 20,
            "parent": -1,
            "children": [],
            "user id": "5653429946",
            "user name": "水样冰凉",
            "content": "2018年七夕芜湖某大厦停车场54岁某局副局长与34岁女副处长车内加班谈工作后光荣牺牲。  车内长时间谈工作，姿势不对，体位得不到舒展，导致下车瞬间脚发麻、手又提着裤头、这么一摔、颅脑震荡加上心机梗塞等多种并发症同时触发，当场毙命。此视频为教育题材，加班有风险、工作需谨慎。",
            "time": "18-9-5 23:41"
        },
        {
            "comment id": 21,
            "parent": -1,
            "children": [],
            "user id": "5443543948",
            "user name": "FLOWER_CATMM",
            "content": "@星野洋子--",
            "time": "18-9-12 12:56"
        },
        {
            "comment id": 22,
            "parent": -1,
            "children": [],
            "user id": "1869685233",
            "user name": "躲在风里吻你",
            "content": "@尹瑞啦",
            "time": "18-9-7 22:26"
        },
        {
            "comment id": 23,
            "parent": -1,
            "children": [],
            "user id": "2323224855",
            "user name": "设计师川子",
            "content": "你这个视频太短，后面的更精彩",
            "time": "18-9-5 15:54"
        },
        {
            "comment id": 24,
            "parent": -1,
            "children": [],
            "user id": "1613747327",
            "user name": "Xixisoso7788",
            "content": "@不得了了___",
            "time": "18-8-25 14:28"
        },
        {
            "comment id": 25,
            "parent": -1,
            "children": [],
            "user id": "2649930075",
            "user name": "CV李二汪",
            "content": "这个车震正好有人偷拍了?拍这么久，很巧的嘛",
            "time": "18-8-25 04:15"
        },
        {
            "comment id": 26,
            "parent": -1,
            "children": [],
            "user id": "1731938374",
            "user name": "薇薇蓝1999",
            "content": "辟谣都出来了，不是电视台",
            "time": "18-8-24 17:31"
        },
        {
            "comment id": 27,
            "parent": -1,
            "children": [],
            "user id": "1421395360",
            "user name": "候鸟的天空1314",
            "content": "他呢射完要休息一会",
            "time": "18-8-24 15:05"
        },
        {
            "comment id": 28,
            "parent": -1,
            "children": [],
            "user id": "1799752494",
            "user name": "-张小月Coral",
            "content": "@张小昆Yoking",
            "time": "18-8-24 13:53"
        },
        {
            "comment id": 29,
            "parent": -1,
            "children": [],
            "user id": "2442166450",
            "user name": "丶听不到丶",
            "content": "@小黑牙缝妹-",
            "time": "18-8-24 10:04"
        },
        {
            "comment id": 30,
            "parent": -1,
            "children": [],
            "user id": "2035234623",
            "user name": "南风_li",
            "content": "谣言止于智者",
            "time": "18-8-23 21:18"
        },
        {
            "comment id": 31,
            "parent": -1,
            "children": [],
            "user id": "1944582694",
            "user name": "波伴糖",
            "content": "假的",
            "time": "18-8-23 17:04"
        }
    ]
}