{
    "source": {
        "content": "四川乐山中铁五局仁寿至屏山新高速公路13标 项目部殴打讨薪农民工致一人当场死亡  在这起事件中发生一死一伤  ",
        "time": "18-8-22 14:04",
        "user id": "5645939397",
        "tweet id": "GvOmTmrLA",
        "label": 1,
        "theme": null
    },
    "comment": [
        {
            "comment id": 0,
            "parent": -1,
            "children": [
                3,
                7,
                9,
                10
            ],
            "user id": "6015907492",
            "user name": "用户6015907492",
            "content": "可悲，过去这么长时间，居然看不到官方通报，心都凉了",
            "time": "18-8-23 00:29"
        },
        {
            "comment id": 1,
            "parent": 4,
            "children": [],
            "user id": "6676332498",
            "user name": "用户6676332498",
            "content": "回复@用户6015907492:先动手打人的是民工，他们也打伤了工作人员，而且他们还先围堵项目部打砸项目部，然后引起冲突，他们还恶意的拍摄部分视频，来制造假的舆论。不信你们可以去那里了解，我是用良心说话的。我说的是实话，民工是弱势群体，但是也不能为所欲为。",
            "time": "18-9-2 14:57"
        },
        {
            "comment id": 2,
            "parent": 4,
            "children": [],
            "user id": "5401347319",
            "user name": "李所不易",
            "content": "回复@用户6015907492:兄弟，看事情不是只看一面",
            "time": "18-8-24 07:58"
        },
        {
            "comment id": 3,
            "parent": 0,
            "children": [],
            "user id": "5321868089",
            "user name": "小生姓黄-huang",
            "content": "沐川公安有发通报，干工程都知道嘛。要钱未果，语言冲突，上升肢体冲突，😓 项目部和老板的锅。",
            "time": "18-8-24 01:51"
        },
        {
            "comment id": 4,
            "parent": 10,
            "children": [
                1,
                2
            ],
            "user id": "6015907492",
            "user name": "用户6015907492",
            "content": "回复@一石还需二石顶:看看吧，说不定会有结果呢",
            "time": "18-8-23 16:50"
        },
        {
            "comment id": 5,
            "parent": 6,
            "children": [],
            "user id": "6015907492",
            "user name": "用户6015907492",
            "content": "回复@李所不易:刚看了，只是说到控制了现场，然而打人的是谁，为什么要打人，这些都没有，而且网传并不是谣言哈，打人这件事确实实实在在存在的啊",
            "time": "18-8-23 16:49"
        },
        {
            "comment id": 6,
            "parent": 8,
            "children": [
                5
            ],
            "user id": "5401347319",
            "user name": "李所不易",
            "content": "回复@用户6015907492:直接搜沐川公安吧",
            "time": "18-8-23 15:38"
        },
        {
            "comment id": 7,
            "parent": 0,
            "children": [],
            "user id": "5645939397",
            "user name": "用户5645939397",
            "content": "地方政府肯定是帮着他们的 再说我微博有上传这起打人事件的视频",
            "time": "18-8-23 14:56"
        },
        {
            "comment id": 8,
            "parent": 9,
            "children": [
                6
            ],
            "user id": "6015907492",
            "user name": "用户6015907492",
            "content": "回复@李所不易:沐川公安的辟谣在哪里呢，发个过来看看吧，谢谢",
            "time": "18-8-23 12:21"
        },
        {
            "comment id": 9,
            "parent": 0,
            "children": [
                8
            ],
            "user id": "5401347319",
            "user name": "李所不易",
            "content": "沐川公安已经辟谣了，兄弟，何必跟风",
            "time": "18-8-23 10:43"
        },
        {
            "comment id": 10,
            "parent": 0,
            "children": [
                4
            ],
            "user id": "5577170122",
            "user name": "一石还需二石顶",
            "content": "自己想想中铁背后是什么，这些年此类事件发生了无数次，你有见过官方正确面对过吗？不是不了了之就是死无对证",
            "time": "18-8-23 01:06"
        },
        {
            "comment id": 11,
            "parent": -1,
            "children": [
                13,
                14,
                17,
                19,
                20,
                21,
                22,
                24,
                25,
                29,
                30,
                31,
                32,
                33,
                34,
                38,
                39,
                40,
                41,
                42,
                43,
                44,
                45,
                46
            ],
            "user id": "6192164351",
            "user name": "小男姐姐哇",
            "content": "博主，请慎言！人言可畏，并没有死人！老板卷钱跑了，就去人家项目闹事！警方正在调查，抓他们老板！！总会有个结果的！",
            "time": "18-8-22 16:26"
        },
        {
            "comment id": 12,
            "parent": 13,
            "children": [],
            "user id": "6105495495",
            "user name": "是山锅锅吖",
            "content": "回复@用户6676332498:儿子啊，你迟早被雷劈，恨我咋个跟你妈把你曰出来了",
            "time": "18-9-5 12:46"
        },
        {
            "comment id": 13,
            "parent": 11,
            "children": [
                12
            ],
            "user id": "6676332498",
            "user name": "用户6676332498",
            "content": "回复@四川轮滑山炮哥:你的家里人会为你丧尽天良遭天谴的哦",
            "time": "18-9-3 16:55"
        },
        {
            "comment id": 14,
            "parent": 11,
            "children": [],
            "user id": "6676332498",
            "user name": "用户6676332498",
            "content": "回复@四川轮滑山炮哥:你爹都这么说你的吧，孙子，别为害人间了，丧良心的事情干多了，你的家里人会遭到老天报应的，积点阴德吧",
            "time": "18-9-3 16:54"
        },
        {
            "comment id": 15,
            "parent": 17,
            "children": [],
            "user id": "6105495495",
            "user name": "是山锅锅吖",
            "content": "回复@用户6676332498:这么多年给你吃喝，没想到白眼狼一个",
            "time": "18-9-3 15:42"
        },
        {
            "comment id": 16,
            "parent": 17,
            "children": [],
            "user id": "6105495495",
            "user name": "是山锅锅吖",
            "content": "回复@用户6676332498:农民工就是你爹，怪我当初把你曰出来了，早知道一棍子打死算了，没想到祸害人间来了",
            "time": "18-9-3 15:41"
        },
        {
            "comment id": 17,
            "parent": 11,
            "children": [
                15,
                16
            ],
            "user id": "6676332498",
            "user name": "用户6676332498",
            "content": "回复@四川轮滑山炮哥:你真是蠢的无可救药，怪不得穷",
            "time": "18-9-3 09:18"
        },
        {
            "comment id": 18,
            "parent": 38,
            "children": [],
            "user id": "6676332498",
            "user name": "用户6676332498",
            "content": "回复@一石还需二石顶:要是民工先打的你爹，你还会这样说吗",
            "time": "18-9-2 14:46"
        },
        {
            "comment id": 19,
            "parent": 11,
            "children": [],
            "user id": "6676332498",
            "user name": "用户6676332498",
            "content": "回复@四川轮滑山炮哥:你昧着良心说话不怕天谴吗",
            "time": "18-9-2 14:44"
        },
        {
            "comment id": 20,
            "parent": 11,
            "children": [],
            "user id": "6664898062",
            "user name": "用户6664898062",
            "content": "故意打死民工，知法犯法，项目经理应该枪毙，才能平息民声",
            "time": "18-8-27 22:16"
        },
        {
            "comment id": 21,
            "parent": 11,
            "children": [],
            "user id": "6664898062",
            "user name": "用户6664898062",
            "content": "项目经理要枪毙才能平息民声",
            "time": "18-8-27 22:12"
        },
        {
            "comment id": 22,
            "parent": 11,
            "children": [],
            "user id": "6650928376",
            "user name": "记录点点滴滴619",
            "content": "中铁5局监管不利！",
            "time": "18-8-24 18:55"
        },
        {
            "comment id": 23,
            "parent": 45,
            "children": [],
            "user id": "1748842850",
            "user name": "路过的三好先森",
            "content": "回复@奔跑的酒剑仙001:不知道情况就别乱说，造谣是要负法律责任",
            "time": "18-8-24 11:48"
        },
        {
            "comment id": 24,
            "parent": 11,
            "children": [],
            "user id": "5756613595",
            "user name": "用户5756613595",
            "content": "作为家里的顶梁柱在外打工挣钱养家糊口是我们最基本最本能的要求！平时工资不能按时发放，我们让家里在外借钱维持生计我们忍了！年迈的父母生病，我们让家里在外借钱先垫上，我们忍了！可是，你们掰着手指算一算，还有几天就九月一号了？如果连自己的孩子上学都没钱，请你告诉我们，我们该不该要工资？",
            "time": "18-8-24 03:41"
        },
        {
            "comment id": 25,
            "parent": 11,
            "children": [],
            "user id": "6185640982",
            "user name": "用户6185640982",
            "content": "就是，不了解情况就不要乱发",
            "time": "18-8-23 16:56"
        },
        {
            "comment id": 26,
            "parent": 27,
            "children": [],
            "user id": "6192164351",
            "user name": "小男姐姐哇",
            "content": "回复@用户5645939397:朋友，你看公安都发布公告了！没有死人！不可乱讲！",
            "time": "18-8-23 16:46"
        },
        {
            "comment id": 27,
            "parent": 28,
            "children": [
                26
            ],
            "user id": "5645939397",
            "user name": "用户5645939397",
            "content": "回复@小男姐姐哇:合理的结果 你我都是贫民百姓 你告诉我怎么合理 不在网上曝光这些黑心单位 不让媒体知道 就靠当地政府鞥给你解决 做梦吧 在工地上用工单位打死人不止这一起",
            "time": "18-8-23 16:22"
        },
        {
            "comment id": 28,
            "parent": 32,
            "children": [
                27
            ],
            "user id": "6192164351",
            "user name": "小男姐姐哇",
            "content": "回复@用户6502787471:请注意你的言辞！我跟你无冤无仇，都想有个合理的结果！他们花了多少钱请你呀！不管是谁都一通骂！请理智点好吧！",
            "time": "18-8-23 16:16"
        },
        {
            "comment id": 29,
            "parent": 11,
            "children": [],
            "user id": "6105495495",
            "user name": "是山锅锅吖",
            "content": "而且警方介入了，事实就是项目部欠农民工血汗钱不给，还打人，伤人不说，还把农民工活活打死现场，这有假",
            "time": "18-8-23 15:39"
        },
        {
            "comment id": 30,
            "parent": 11,
            "children": [],
            "user id": "6105495495",
            "user name": "是山锅锅吖",
            "content": "你咋知道没死人，事实就是死人了，这些领导把我们农民工当作不是人，我们还维护他有鸟用",
            "time": "18-8-23 15:37"
        },
        {
            "comment id": 31,
            "parent": 11,
            "children": [],
            "user id": "6542209073",
            "user name": "用户6542209073",
            "content": "你看到过打人的视频没有？你在其中扮演了什么角色！",
            "time": "18-8-23 14:09"
        },
        {
            "comment id": 32,
            "parent": 11,
            "children": [
                28
            ],
            "user id": "6502787471",
            "user name": "用户6502787471",
            "content": "你也是个人啊，去你娘的，你他妈估计以后被人打死",
            "time": "18-8-23 09:31"
        },
        {
            "comment id": 33,
            "parent": 11,
            "children": [],
            "user id": "3269155567",
            "user name": "非得验证",
            "content": "打的是你，看你还这样说不？",
            "time": "18-8-23 06:57"
        },
        {
            "comment id": 34,
            "parent": 11,
            "children": [],
            "user id": "5873045382",
            "user name": "用户5873045382",
            "content": "你是五局请来的水军吧，那么多人拿着钢管打人你看不见，",
            "time": "18-8-23 06:26"
        },
        {
            "comment id": 35,
            "parent": 42,
            "children": [],
            "user id": "2620485943",
            "user name": "霸子军",
            "content": "回复@此生不能无悔:请看沐川官方微博，否则你怎么犯法的你都不知道",
            "time": "18-8-23 03:55"
        },
        {
            "comment id": 36,
            "parent": 44,
            "children": [],
            "user id": "6192164351",
            "user name": "小男姐姐哇",
            "content": "回复@来来我是1个菠菜菜菜菜菜菜菜:你在现场么？请不要妄言下定论！相信政府和法律部门会给出答案的！",
            "time": "18-8-23 03:43"
        },
        {
            "comment id": 37,
            "parent": 39,
            "children": [],
            "user id": "6192164351",
            "user name": "小男姐姐哇",
            "content": "回复@用户5645939397:请相信政府，法律！总会给大家一个结果！",
            "time": "18-8-23 03:42"
        },
        {
            "comment id": 38,
            "parent": 11,
            "children": [
                18
            ],
            "user id": "5577170122",
            "user name": "一石还需二石顶",
            "content": "不管咋样 项目部就能动手打人草菅人命吗？你特么几个意思？你是中铁喂的狗吗？",
            "time": "18-8-23 00:25"
        },
        {
            "comment id": 39,
            "parent": 11,
            "children": [
                37
            ],
            "user id": "5645939397",
            "user name": "用户5645939397",
            "content": "就是太可惜了 有很多项目部和包工老板打人事件 上传微博不通过 要是能通过就好了 可以揭开在偏远山区工作的农民工 是拿着半条命养家糊口的",
            "time": "18-8-22 22:11"
        },
        {
            "comment id": 40,
            "parent": 11,
            "children": [],
            "user id": "5645939397",
            "user name": "用户5645939397",
            "content": "你是河南的我也是 你是做什么的我也不想知道 有那么多视频在作证 如果事情在你的头上你会怎么做  就算是老板跑了你项目部之前为啥不落实 等到工人闹到项目部事情搞大了 然后项目部用武力解决 希望这些领导立马枪毙 再说你说没打死 为啥有跟评的就说有死亡的  这作何解释",
            "time": "18-8-22 22:02"
        },
        {
            "comment id": 41,
            "parent": 11,
            "children": [],
            "user id": "3828706263",
            "user name": "仗剑走天涯36",
            "content": "你是中铁五局派来的吧",
            "time": "18-8-22 21:58"
        },
        {
            "comment id": 42,
            "parent": 11,
            "children": [
                35
            ],
            "user id": "5765498085",
            "user name": "此生不能无悔",
            "content": "你知道没死？警察都来了！都拍照了！死亡后的现场拍照！什么人言可畏？这都不说？我们说什么？",
            "time": "18-8-22 21:55"
        },
        {
            "comment id": 43,
            "parent": 11,
            "children": [],
            "user id": "5645939397",
            "user name": "用户5645939397",
            "content": "老板卷钱跑了 难道老板承包这个项目没有滞纳金吗 像这样的事情不是一起两起了 像我们干这行的朋友圈经常在传某某项目部不发工资打人事件  远的不说就我这个工地半年了一分钱不见 项目部就不该管管吗 找到项目部就说老板跑了 老板跑了项目部就能打人了吗  你是做什么我不知道 但是人要站在别人角度想想",
            "time": "18-8-22 21:47"
        },
        {
            "comment id": 44,
            "parent": 11,
            "children": [
                36
            ],
            "user id": "2380697994",
            "user name": "来来我是1个菠菜菜菜菜菜菜菜",
            "content": "打死了一个，用铁棍打的",
            "time": "18-8-22 21:16"
        },
        {
            "comment id": 45,
            "parent": 11,
            "children": [
                23
            ],
            "user id": "6319049826",
            "user name": "奔跑的酒剑仙001",
            "content": "而且喊保安公司的打人这种行为本身就是错误的！",
            "time": "18-8-22 17:50"
        },
        {
            "comment id": 46,
            "parent": 11,
            "children": [],
            "user id": "6319049826",
            "user name": "奔跑的酒剑仙001",
            "content": "兄弟，死了一个。有一个抢救回来了",
            "time": "18-8-22 17:49"
        },
        {
            "comment id": 47,
            "parent": -1,
            "children": [
                48,
                49,
                50,
                52,
                53,
                54,
                55
            ],
            "user id": "5765498085",
            "user name": "此生不能无悔",
            "content": "不管什么原因！现在农民工死了！不要告诉我就这样算了！找安保公司打人，而且打死了！项目部负责人必须承担责任！中铁五局也要整改！不然到处都可以打死人！在我心里，我感觉现在的社会好黑暗！底层的人民完全没有什么安全感！人命太不值钱了！死的好随意啊！",
            "time": "18-8-22 22:00"
        },
        {
            "comment id": 48,
            "parent": 47,
            "children": [],
            "user id": "5505714879",
            "user name": "___淺傷",
            "content": "回复@用户6185640982:不论有没有死人  老板卷钱跑了 难道项目部就没有责任了吗  还有人是怎么受伤的",
            "time": "18-8-24 17:59"
        },
        {
            "comment id": 49,
            "parent": 47,
            "children": [],
            "user id": "6356771203",
            "user name": "用户6356771203",
            "content": "呼吁公安部  国务院安排工作组一查到底  解决此事  给我们农民工吃个定心丸",
            "time": "18-8-24 13:05"
        },
        {
            "comment id": 50,
            "parent": 47,
            "children": [],
            "user id": "6356771203",
            "user name": "用户6356771203",
            "content": "我就问一下为什么有人动手打了民工                  民工干了活  就该拿钱   这次就算没死人   情节极其恶劣  影响 特别巨大",
            "time": "18-8-24 12:57"
        },
        {
            "comment id": 51,
            "parent": 55,
            "children": [],
            "user id": "1748842850",
            "user name": "路过的三好先森",
            "content": "回复@一石还需二石顶:请不要乱造谣，这是要负法律责任的",
            "time": "18-8-24 11:50"
        },
        {
            "comment id": 52,
            "parent": 47,
            "children": [],
            "user id": "5321868089",
            "user name": "小生姓黄-huang",
            "content": "没有死人，6人受伤",
            "time": "18-8-24 01:52"
        },
        {
            "comment id": 53,
            "parent": 47,
            "children": [],
            "user id": "5645939397",
            "user name": "用户5645939397",
            "content": "回复@用户6185640982:没有死人 微博不给上传这样的视频要不我发出了给你看看 派出所在现场调查取证 两个人都躺地上了",
            "time": "18-8-23 15:43"
        },
        {
            "comment id": 54,
            "parent": 47,
            "children": [],
            "user id": "5364129883",
            "user name": "相忘吁生活",
            "content": "回复@用户6185640982:你亲眼见了？",
            "time": "18-8-23 13:19"
        },
        {
            "comment id": 55,
            "parent": 47,
            "children": [
                51
            ],
            "user id": "5577170122",
            "user name": "一石还需二石顶",
            "content": "中铁五局国企单位，背后是党和国家。这件事不论谁对谁错最后都是不了了之。只有任人宰割。很多真是信息视频在微博上发不出来的，不是被删就是发不出来。",
            "time": "18-8-23 00:55"
        },
        {
            "comment id": 56,
            "parent": -1,
            "children": [
                58,
                59
            ],
            "user id": "2951133505",
            "user name": "金成-贺",
            "content": "中铁五局真垃圾",
            "time": "18-8-22 19:02"
        },
        {
            "comment id": 57,
            "parent": 58,
            "children": [],
            "user id": "2951133505",
            "user name": "金成-贺",
            "content": "回复@用户5645939397:比如楼下公关这样的垃圾还公关",
            "time": "18-8-24 10:11"
        },
        {
            "comment id": 58,
            "parent": 56,
            "children": [
                57
            ],
            "user id": "5645939397",
            "user name": "用户5645939397",
            "content": "黑恶势力 穷人是无法低档的",
            "time": "18-8-24 00:13"
        },
        {
            "comment id": 59,
            "parent": 56,
            "children": [],
            "user id": "6192164351",
            "user name": "小男姐姐哇",
            "content": "恶意造谣已举报，请注意言辞！网警已介入！",
            "time": "18-8-23 17:35"
        },
        {
            "comment id": 60,
            "parent": -1,
            "children": [
                62,
                63,
                66
            ],
            "user id": "5401347319",
            "user name": "李所不易",
            "content": "很多人都不在现场，却阔阔而谈，人言可畏。",
            "time": "18-8-23 16:05"
        },
        {
            "comment id": 61,
            "parent": 64,
            "children": [],
            "user id": "5401347319",
            "user name": "李所不易",
            "content": "回复@用户5645939397:你怎么晓得我没遇到过",
            "time": "18-8-24 07:59"
        },
        {
            "comment id": 62,
            "parent": 60,
            "children": [],
            "user id": "5401347319",
            "user name": "李所不易",
            "content": "回复@H-ER二:等结果吧",
            "time": "18-8-24 07:58"
        },
        {
            "comment id": 63,
            "parent": 60,
            "children": [],
            "user id": "5855536693",
            "user name": "猪儿oh",
            "content": "请问你很了解吗？不懂你来说什么？",
            "time": "18-8-23 16:34"
        },
        {
            "comment id": 64,
            "parent": 65,
            "children": [
                61
            ],
            "user id": "5645939397",
            "user name": "用户5645939397",
            "content": "回复@李所不易:你没遇见过肯定会理智了 如果你见多了就不会这样说了",
            "time": "18-8-23 16:12"
        },
        {
            "comment id": 65,
            "parent": 66,
            "children": [
                64
            ],
            "user id": "5401347319",
            "user name": "李所不易",
            "content": "回复@用户5645939397:朋友，视频是否完整你想过吗？现在网上这样片面的事情还少吗？理智",
            "time": "18-8-23 16:07"
        },
        {
            "comment id": 66,
            "parent": 60,
            "children": [
                65
            ],
            "user id": "5645939397",
            "user name": "用户5645939397",
            "content": "看视频",
            "time": "18-8-23 16:06"
        },
        {
            "comment id": 67,
            "parent": -1,
            "children": [
                68,
                69
            ],
            "user id": "6105495495",
            "user name": "是山锅锅吖",
            "content": "这不是雇凶打人，而是雇凶杀人。如果没有农民工的辛苦付出，哪有这些当官的繁华世界，不知恩图报就算了反而杀掉了自己的衣食父母，农民工怎么了，要自己的血汗钱给自己子女上学，反过来得到的是暴力，伤了的人不说，死了的人作何感受，虽然他在另一个世界里去了，但是社会上以后还有没有这样的事情发生",
            "time": "18-8-23 15:36"
        },
        {
            "comment id": 68,
            "parent": 67,
            "children": [],
            "user id": "5645939397",
            "user name": "用户5645939397",
            "content": "懂你妈的比",
            "time": "18-8-30 23:19"
        },
        {
            "comment id": 69,
            "parent": 67,
            "children": [],
            "user id": "2945498383",
            "user name": "-橙子i",
            "content": "亏你还在隧道公司，真丢人可耻，有人冲到你们项目部，乱打乱杂，闹事，你怎么办？不打他么？他们是在食堂打的，出院子了么？",
            "time": "18-8-28 17:16"
        },
        {
            "comment id": 70,
            "parent": -1,
            "children": [
                71
            ],
            "user id": "6192164351",
            "user name": "小男姐姐哇",
            "content": "你发的内容有不实信息，有恶意造谣行为！沐川公安已发公告澄清！请不要再传谣言！请自重！",
            "time": "18-8-23 21:25"
        },
        {
            "comment id": 71,
            "parent": 70,
            "children": [],
            "user id": "5645939397",
            "user name": "用户5645939397",
            "content": "狗日 你说正清 图片视频发出来啊 贫嘴说 在微博上我真不想骂人 再说当地政府部门那个不是帮着有钱人的 你敢说他们没有关系 退一万步来说难道网上传的都是有导演 导的视频 视频中的钢管都是道具 黑恶势力中的一份子",
            "time": "18-8-23 23:59"
        },
        {
            "comment id": 72,
            "parent": -1,
            "children": [
                73,
                74
            ],
            "user id": "5645939397",
            "user name": "用户5645939397",
            "content": "信息不符的话为啥有人请求我删微博 做贼心虚吗",
            "time": "18-8-25 01:57"
        },
        {
            "comment id": 73,
            "parent": 72,
            "children": [],
            "user id": "6676332498",
            "user name": "用户6676332498",
            "content": "信息是假的，请不要蛊惑大众",
            "time": "18-9-3 10:16"
        },
        {
            "comment id": 74,
            "parent": 72,
            "children": [],
            "user id": "1748842850",
            "user name": "路过的三好先森",
            "content": "不是请求，是告诫你不要传递不实信息，这个属于造谣生事，是要负法律责任的",
            "time": "18-8-25 08:21"
        },
        {
            "comment id": 75,
            "parent": -1,
            "children": [
                76,
                77
            ],
            "user id": "5645939397",
            "user name": "用户5645939397",
            "content": "希望大家顶起 让更多人看到 还农民工一个公道",
            "time": "18-8-22 22:39"
        },
        {
            "comment id": 76,
            "parent": 75,
            "children": [],
            "user id": "6185640982",
            "user name": "用户6185640982",
            "content": "你完全就是扭曲事实，公安机关已进入调查，希望你们不要以谣传谣，扭曲事实真相",
            "time": "18-8-23 17:01"
        },
        {
            "comment id": 77,
            "parent": 75,
            "children": [],
            "user id": "5855536693",
            "user name": "猪儿oh",
            "content": "嗯嗯",
            "time": "18-8-22 22:58"
        },
        {
            "comment id": 78,
            "parent": -1,
            "children": [
                79,
                80,
                81,
                82
            ],
            "user id": "6096952647",
            "user name": "始终初衷",
            "content": "中铁五局仁寿至屏山新高速公路13标。这就是要保障农民工权益吗？@环球时报 @新浪财经 @美国驻华大使馆 @澎湃新闻 @盖得排行App李铁 @京铁共青团 @法制日报 @深蓝财经 @谢大博士001",
            "time": "18-8-22 18:53"
        },
        {
            "comment id": 79,
            "parent": 78,
            "children": [],
            "user id": "6105495495",
            "user name": "是山锅锅吖",
            "content": "回复@用户6185640982:事实就是事实，如果打的是你炮友，你会善罢甘休吗",
            "time": "18-8-28 15:24"
        },
        {
            "comment id": 80,
            "parent": 78,
            "children": [],
            "user id": "6105495495",
            "user name": "是山锅锅吖",
            "content": "回复@用户6185640982:@四川轮滑山炮哥：回复@用户6185640982:人言可畏，你炮友应该就是中铁五局的负责人吧，怪不得你这么维护他",
            "time": "18-8-28 15:23"
        },
        {
            "comment id": 81,
            "parent": 78,
            "children": [],
            "user id": "5645939397",
            "user name": "用户5645939397",
            "content": "回复@用户6185640982:俗话说得好 无风不起浪 你说没有 为啥有人说有呢 而且还有视频",
            "time": "18-8-23 15:46"
        },
        {
            "comment id": 82,
            "parent": 78,
            "children": [],
            "user id": "5855536693",
            "user name": "猪儿oh",
            "content": "我闲自己力量不够大啊！",
            "time": "18-8-22 22:25"
        },
        {
            "comment id": 83,
            "parent": -1,
            "children": [
                84,
                85,
                89,
                91,
                93,
                94
            ],
            "user id": "1729324781",
            "user name": "站着听情歌-林",
            "content": "@华西都市报  @成都大城小事  @成都热门排行榜  是真是假",
            "time": "18-8-22 14:56"
        },
        {
            "comment id": 84,
            "parent": 83,
            "children": [],
            "user id": "5756613595",
            "user name": "用户5756613595",
            "content": "人是死是活我不清楚但是那个视频让任何人看了都会气的浑身发抖，简直就是一帮畜牲",
            "time": "18-8-24 03:33"
        },
        {
            "comment id": 85,
            "parent": 83,
            "children": [],
            "user id": "6192164351",
            "user name": "小男姐姐哇",
            "content": "回复@H-ER二:你这种腿子行为不过如此，真相总会有的！请你说话严谨！你这样言语除非你是参与者！要不然你怎会如此！",
            "time": "18-8-23 13:48"
        },
        {
            "comment id": 86,
            "parent": 88,
            "children": [],
            "user id": "5855536693",
            "user name": "猪儿oh",
            "content": "回复@小男姐姐哇:你就说你收了人家多少钱？跑到这里来当狗，也是够辛苦的，你妈生你的时候肯定没想到你会这样给人当狗吧，当的如此甚好。",
            "time": "18-8-23 08:24"
        },
        {
            "comment id": 87,
            "parent": 88,
            "children": [],
            "user id": "5855536693",
            "user name": "猪儿oh",
            "content": "回复@小男姐姐哇:我只知道是中铁五局叫的人去打农民工，并且打死了一个，不给钱就打人是吧？我没有收任何人的好处，我只知道你这条狗到处乱叫，到处乱喷，不分青红皂白胡乱维护中铁五局。",
            "time": "18-8-23 08:22"
        },
        {
            "comment id": 88,
            "parent": 90,
            "children": [
                86,
                87
            ],
            "user id": "6192164351",
            "user name": "小男姐姐哇",
            "content": "回复@一石还需二石顶:相信政府和法律会给大家一个结果！",
            "time": "18-8-23 03:26"
        },
        {
            "comment id": 89,
            "parent": 83,
            "children": [],
            "user id": "6192164351",
            "user name": "小男姐姐哇",
            "content": "回复@H-ER二:请你不要人身攻击！请问你又扮演什么角色，别人给了你什么好处让你这样恶言伤人！请相信政府，相信法律，事实总会有结果！",
            "time": "18-8-23 03:25"
        },
        {
            "comment id": 90,
            "parent": 94,
            "children": [
                88
            ],
            "user id": "5577170122",
            "user name": "一石还需二石顶",
            "content": "回复@小男姐姐哇:怎么成了农民工滋事了，农民工血汗钱被人卷跑也是项目部的责任。为你中铁干了活就应该找你项目部要钱。农民工索要应得的血汗钱就被项目部殴打致死，就算没死也是杀人未遂。项目部这是要杀人灭口吗？被打被杀者是知道了你们什么不可告人的秘密吗？",
            "time": "18-8-23 00:50"
        },
        {
            "comment id": 91,
            "parent": 83,
            "children": [],
            "user id": "5765498085",
            "user name": "此生不能无悔",
            "content": "你侮辱了畜生！",
            "time": "18-8-22 23:07"
        },
        {
            "comment id": 92,
            "parent": 94,
            "children": [],
            "user id": "5855536693",
            "user name": "猪儿oh",
            "content": "回复@小男姐姐哇:曹尼玛，你是政府请来的吗？是个傻子都明白应该叫社会上的人来打人吗？啊？你是拿了别人钱的狗腿子吗？活该一辈子跟别人当狗，畜生。",
            "time": "18-8-22 22:18"
        },
        {
            "comment id": 93,
            "parent": 83,
            "children": [],
            "user id": "6328741874",
            "user name": "用户6328741874",
            "content": "那就应该打人?那么多视频都在，",
            "time": "18-8-22 20:26"
        },
        {
            "comment id": 94,
            "parent": 83,
            "children": [
                90,
                92
            ],
            "user id": "6192164351",
            "user name": "小男姐姐哇",
            "content": "不实信息！是他们劳务老板把工程款卷起跑了，当地公安局和劳动局下了定论，他们不该到项目部来聚众滋事，应找到他们老板，目前警方正在寻找他们老板！",
            "time": "18-8-22 16:16"
        },
        {
            "comment id": 95,
            "parent": -1,
            "children": [
                97,
                99
            ],
            "user id": "5832639993",
            "user name": "Yuan_罗罗罗",
            "content": "@人民日报  @澎湃新闻  @人民网  @中国日报  @中国新闻网",
            "time": "18-8-23 15:20"
        },
        {
            "comment id": 96,
            "parent": 97,
            "children": [],
            "user id": "5832639993",
            "user name": "Yuan_罗罗罗",
            "content": "回复@小男姐姐哇:那你的所有回复及评论，都是一边倒维护中铁五局，指责农民工，怒我直言不知你居心何在，扮演的什么角色？",
            "time": "18-8-27 19:40"
        },
        {
            "comment id": 97,
            "parent": 95,
            "children": [
                96
            ],
            "user id": "6192164351",
            "user name": "小男姐姐哇",
            "content": "回复@卖女孩的小火柴__luo:视频只是片面的！不知道起因就不要妄下定论！警方在调查中，静等结果吧！",
            "time": "18-8-24 17:18"
        },
        {
            "comment id": 98,
            "parent": 99,
            "children": [],
            "user id": "5832639993",
            "user name": "Yuan_罗罗罗",
            "content": "回复@小男姐姐哇:我这有现场拍的视频，要不要发给你？",
            "time": "18-8-24 12:16"
        },
        {
            "comment id": 99,
            "parent": 95,
            "children": [
                98
            ],
            "user id": "6192164351",
            "user name": "小男姐姐哇",
            "content": "博主所发信息不实，请慎重！",
            "time": "18-8-23 17:33"
        },
        {
            "comment id": 100,
            "parent": -1,
            "children": [
                101,
                102,
                104,
                106,
                107
            ],
            "user id": "5918955475",
            "user name": "喊我老田吧",
            "content": "转发微博",
            "time": "18-8-22 18:53"
        },
        {
            "comment id": 101,
            "parent": 100,
            "children": [],
            "user id": "5756613595",
            "user name": "用户5756613595",
            "content": "说视频是假的的人我他妈的想说请睁大你的钛合金狗眼好好看看，我知道你是五局养的狗，有本事你们把民工打你们的视频发出来让大家看看",
            "time": "18-8-24 03:45"
        },
        {
            "comment id": 102,
            "parent": 100,
            "children": [],
            "user id": "2620485943",
            "user name": "霸子军",
            "content": "回复@H-ER二:国企他还是个企业，不是政府，我想说的是既然公安已介入，你我平头百姓没有必要谣传，没有必要恶语伤人谣传是非，因为这些视频文字是扭曲事实真相，我们相信政府，相信沐川公安官方微博辟谣，谣传扭曲事实真相之人必将收到法律制裁",
            "time": "18-8-23 18:04"
        },
        {
            "comment id": 103,
            "parent": 104,
            "children": [],
            "user id": "5855536693",
            "user name": "猪儿oh",
            "content": "回复@霸子军:是国企兄弟，你不懂吗?什么文凭？",
            "time": "18-8-23 16:35"
        },
        {
            "comment id": 104,
            "parent": 100,
            "children": [
                103
            ],
            "user id": "2620485943",
            "user name": "霸子军",
            "content": "回复@H-ER二:中铁是企业，沐川公安是政府，这个道理你都不懂嘛",
            "time": "18-8-23 12:58"
        },
        {
            "comment id": 105,
            "parent": 106,
            "children": [],
            "user id": "5855536693",
            "user name": "猪儿oh",
            "content": "回复@霸子军:那请问中铁属于哪边的?是政府没错吧?",
            "time": "18-8-23 08:25"
        },
        {
            "comment id": 106,
            "parent": 100,
            "children": [
                105
            ],
            "user id": "2620485943",
            "user name": "霸子军",
            "content": "回复@H-ER二:请看沐川公安官方微博，不要怎么犯罪的都不知道",
            "time": "18-8-23 03:59"
        },
        {
            "comment id": 107,
            "parent": 100,
            "children": [],
            "user id": "5855536693",
            "user name": "猪儿oh",
            "content": "一定转起来",
            "time": "18-8-22 22:25"
        },
        {
            "comment id": 108,
            "parent": -1,
            "children": [
                109
            ],
            "user id": "5321868089",
            "user name": "小生姓黄-huang",
            "content": "1.我也是乐山人， 2.我也在工地干活，铁路隧道工程。 打工挣钱就是不容易，拿钱也困难，但是博主内容确实有点夸大，用事实说话， ",
            "time": "18-8-24 01:56"
        },
        {
            "comment id": 109,
            "parent": 108,
            "children": [],
            "user id": "5855536693",
            "user name": "猪儿oh",
            "content": "兄弟你不是绵阳的吗？头戴中铁二局的帽子。",
            "time": "18-8-24 07:37"
        },
        {
            "comment id": 110,
            "parent": -1,
            "children": [
                111
            ],
            "user id": "3303782621",
            "user name": "三环路上某男子_103",
            "content": "不管打死没打死，难道非得打死才叫事吗，都打的躺在血泊中了，你们公司的人都是什么心肠，中铁公司必须给广大农民工一个交代，不然以后谁还会去你公司做事，谁还敢去上班",
            "time": "18-8-23 10:32"
        },
        {
            "comment id": 111,
            "parent": 110,
            "children": [
                112
            ],
            "user id": "6015907492",
            "user name": "用户6015907492",
            "content": "所以这时候需要官方的说法，给大家一个明白！",
            "time": "18-8-23 16:53"
        },
        {
            "comment id": 112,
            "parent": 111,
            "children": [],
            "user id": "5832639993",
            "user name": "Yuan_罗罗罗",
            "content": "回复@用户6185640982:你在现场看的是农民工先动的手吗？明明就是中铁五局的人先动的手，统一服装全拿着钢管，农民工手无寸铁！水军真多！",
            "time": "18-8-27 19:43"
        },
        {
            "comment id": 113,
            "parent": -1,
            "children": [],
            "user id": "6105495495",
            "user name": "是山锅锅吖",
            "content": "还我农民工一个交代，血汗钱给我们，国家何在，政策何在",
            "time": "18-8-23 15:42"
        },
        {
            "comment id": 114,
            "parent": -1,
            "children": [],
            "user id": "2673629042",
            "user name": "终于等到你jonathan",
            "content": "@江宁公安在线  ",
            "time": "18-8-22 20:51"
        },
        {
            "comment id": 115,
            "parent": -1,
            "children": [],
            "user id": "5577170122",
            "user name": "一石还需二石顶",
            "content": "@令人战栗的腥闻  农民工实属不易，帮帮忙",
            "time": "18-8-23 01:14"
        },
        {
            "comment id": 116,
            "parent": -1,
            "children": [],
            "user id": "5855536693",
            "user name": "猪儿oh",
            "content": "@乐山日报  @安徽检察  @乐山中院",
            "time": "18-8-22 23:48"
        },
        {
            "comment id": 117,
            "parent": -1,
            "children": [],
            "user id": "5855536693",
            "user name": "猪儿oh",
            "content": "@新浪新闻  @北京检察  @黄埔检察  @检察日报  @山东省人民检察院  @_薛满pp-  @李亞有鸭梨  @央视新闻",
            "time": "18-8-22 22:43"
        },
        {
            "comment id": 118,
            "parent": -1,
            "children": [],
            "user id": "3296408111",
            "user name": "昨日青空woheni",
            "content": "根本就没死人，而且报道的太夸大其词了",
            "time": "18-9-2 10:36"
        },
        {
            "comment id": 119,
            "parent": -1,
            "children": [],
            "user id": "6105495495",
            "user name": "是山锅锅吖",
            "content": "我看新闻了，是一死六伤",
            "time": "18-8-28 17:23"
        },
        {
            "comment id": 120,
            "parent": -1,
            "children": [],
            "user id": "2945498383",
            "user name": "-橙子i",
            "content": "请各位群主，举报他，造谣，谁是谁非，请看官方通报",
            "time": "18-8-28 16:59"
        },
        {
            "comment id": 121,
            "parent": -1,
            "children": [],
            "user id": "2945498383",
            "user name": "-橙子i",
            "content": "闹事，他们是在项目部打的，又没去工人家里，有错么，工人的维权方式都不对，应该报警找警察，不应该找项目部，主要是项目部也是受害者，也报警了，你们这帮造谣的，早晚会受到法律的制裁",
            "time": "18-8-28 16:58"
        },
        {
            "comment id": 122,
            "parent": -1,
            "children": [],
            "user id": "2945498383",
            "user name": "-橙子i",
            "content": "你知道什么叫劳务合同么，你百度一下，你无知没有错，但是你造谣是要受到法律的制裁，什么叫做项目部不给钱，你看哪个项目部直接给工人钱？你是不是无知造谣，只和他签订劳务关系的一方付钱，你老板跑了，你们找他要啊，你们不是签订劳务关系了么，找你们老板要啊，关中铁5局屁事？你冲人家项目部",
            "time": "18-8-28 16:56"
        },
        {
            "comment id": 123,
            "parent": -1,
            "children": [],
            "user id": "2728868020",
            "user name": "青丝不堪绾丶",
            "content": "五局几公司啊",
            "time": "18-8-24 11:05"
        },
        {
            "comment id": 124,
            "parent": -1,
            "children": [
                125
            ],
            "user id": "2446330657",
            "user name": "虚-渡_611",
            "content": "沐川公安的微博已经通报，没有死人，正在调查，建议不要乱传等待进一步通报",
            "time": "18-8-24 10:17"
        },
        {
            "comment id": 125,
            "parent": 124,
            "children": [],
            "user id": "6105495495",
            "user name": "是山锅锅吖",
            "content": "@四川轮滑山炮哥：@虚-渡_611：沐川公安的微博已经通报，1死两伤，已经影响农民工的正常生活劳动，必须依法处置这群畜生的行为",
            "time": "18-8-28 15:28"
        },
        {
            "comment id": 126,
            "parent": -1,
            "children": [
                127
            ],
            "user id": "6094299349",
            "user name": "唐小馨和唐小妍",
            "content": "这种文章一定要顶上去  让那些人收到应有的惩罚",
            "time": "18-8-23 15:32"
        },
        {
            "comment id": 127,
            "parent": 126,
            "children": [],
            "user id": "6105495495",
            "user name": "是山锅锅吖",
            "content": "@虚-渡_611：沐川公安的微博已经通报，1死两伤，已经影响农民工的正常生活劳动，必须依法处置这群畜生的行为",
            "time": "18-8-28 15:27"
        },
        {
            "comment id": 128,
            "parent": -1,
            "children": [],
            "user id": "6356771203",
            "user name": "用户6356771203",
            "content": "就依你说是真的   那也应该早点出来处理  非得把事闹大了    才在这里说这些  有用没得",
            "time": "18-8-24 12:42"
        },
        {
            "comment id": 129,
            "parent": -1,
            "children": [],
            "user id": "6015907492",
            "user name": "用户6015907492",
            "content": "@中央电视台 中央中央人民广播电台 @南方都市报 @四川电视台新闻现场 @新浪网 @凤凰凤凰卫视 @凤凰网",
            "time": "18-8-23 00:40"
        },
        {
            "comment id": 130,
            "parent": -1,
            "children": [],
            "user id": "2547223893",
            "user name": "手机用户2547223893_892",
            "content": "工钱不应发与工程承包商，劳动局应监管",
            "time": "18-8-24 07:23"
        },
        {
            "comment id": 131,
            "parent": -1,
            "children": [],
            "user id": "6676332498",
            "user name": "用户6676332498",
            "content": "这个事情是假的，请大家慎重对待，",
            "time": "18-9-2 14:20"
        },
        {
            "comment id": 132,
            "parent": -1,
            "children": [],
            "user id": "6650928376",
            "user name": "记录点点滴滴619",
            "content": "项目部监管不利",
            "time": "18-8-24 23:44"
        },
        {
            "comment id": 133,
            "parent": -1,
            "children": [],
            "user id": "6650928376",
            "user name": "记录点点滴滴619",
            "content": "这个是真实事件",
            "time": "18-8-24 18:51"
        }
    ]
}