{
    "source": {
        "content": "#上海爆料#今天中午大华新村居民家中火灾防盗窗阻止了逃生活活，，，，，  网页链接 ",
        "time": "18-8-23 20:08",
        "user id": "6476423273",
        "tweet id": "Gw0b4o7rp",
        "label": 1,
        "theme": null
    },
    "comment": [
        {
            "comment id": 0,
            "parent": -1,
            "children": [],
            "user id": "6476423273",
            "user name": "列宁庄1918",
            "content": "回复@tomchap 的表态:謝谢！",
            "time": "18-9-9 10:07"
        },
        {
            "comment id": 1,
            "parent": -1,
            "children": [
                2,
                3,
                4,
                5,
                6,
                7,
                8,
                9,
                10,
                11,
                12,
                13,
                14
            ],
            "user id": "2261065134",
            "user name": "MissGanster-YY",
            "content": "恕我直言、这些消防…都没见过大世面的…平时也是该玩玩，说是认真，但根本没有能力",
            "time": "18-8-24 10:30"
        },
        {
            "comment id": 2,
            "parent": 1,
            "children": [],
            "user id": "5228118356",
            "user name": "方嘻嘻-",
            "content": "恕你直言，不好意思我就是喷子，你恕你🐎呢？",
            "time": "18-8-28 14:49"
        },
        {
            "comment id": 3,
            "parent": 1,
            "children": [],
            "user id": "1951779553",
            "user name": "小卤蛋啊呀呀",
            "content": "你行你上啊",
            "time": "18-8-28 14:32"
        },
        {
            "comment id": 4,
            "parent": 1,
            "children": [],
            "user id": "2261065134",
            "user name": "MissGanster-YY",
            "content": "回复@宇腾车身改色专营店:我们有权利质疑一切，包括政府",
            "time": "18-8-27 12:33"
        },
        {
            "comment id": 5,
            "parent": 1,
            "children": [],
            "user id": "2280686325",
            "user name": "LOL-mm",
            "content": "别秀智商了行吗，你有什么资格质疑消防员？连基本的尊重和感恩都没有的人。还是师范出来的，不要误人子弟了",
            "time": "18-8-27 03:42"
        },
        {
            "comment id": 6,
            "parent": 1,
            "children": [],
            "user id": "5856329986",
            "user name": "清籁音栖",
            "content": "回复@MissGangster-YY:那你用键盘去当消防兵了？很有能力？",
            "time": "18-8-27 00:29"
        },
        {
            "comment id": 7,
            "parent": 1,
            "children": [],
            "user id": "6573121179",
            "user name": "小九不喝酒呀",
            "content": "回复@陆XuFan:消防员是义务兵谢谢！再说了消防员的命不是命了？凭什么当消防员就要豁出命了！虽然救人要尽职尽力，但决定不应该以牺牲自己为代价的",
            "time": "18-8-26 20:08"
        },
        {
            "comment id": 8,
            "parent": 1,
            "children": [],
            "user id": "2266795901",
            "user name": "潘dapans",
            "content": "大多消防队消防员流动性太大，没几年就退伍就回家了，新队员上来经验不足，希望有更多的专职消防员，这样才是对消防员自身和需救人员的最大保障",
            "time": "18-8-26 12:47"
        },
        {
            "comment id": 9,
            "parent": 1,
            "children": [],
            "user id": "3298347213",
            "user name": "高境矮子王",
            "content": "他们是消防员这是他们的职业 就在他们选择当消防员时就要准备好顺时为人民牺牲 如果他们在救人时还想着我的命和那个人一样重要时 那人也不要救了 以后就取消消防局 不要浪费纳税人的钱了每个人都可以做消防员了",
            "time": "18-8-25 22:55"
        },
        {
            "comment id": 10,
            "parent": 1,
            "children": [],
            "user id": "2261065134",
            "user name": "MissGanster-YY",
            "content": "回复@可靠的小小庄仔:你很聪明吗亲爱的、什么学历啊、活得怎样啊，他们政府部门，就不允许犯错了？",
            "time": "18-8-25 20:56"
        },
        {
            "comment id": 11,
            "parent": 1,
            "children": [],
            "user id": "5902641927",
            "user name": "关于小熊喜欢的事",
            "content": "恕我直言，您是个sb",
            "time": "18-8-25 20:53"
        },
        {
            "comment id": 12,
            "parent": 1,
            "children": [],
            "user id": "5347594251",
            "user name": "好好想想宁配吗",
            "content": "你可真的秀，火灾的时候怎么没见你用键盘拯救死者啊？难道是你的键盘在关键时候不起作用？",
            "time": "18-8-25 14:42"
        },
        {
            "comment id": 13,
            "parent": 1,
            "children": [],
            "user id": "2766097811",
            "user name": "懒懒散散的勤快",
            "content": "打字这么容易，当个消防兵试试",
            "time": "18-8-25 10:37"
        },
        {
            "comment id": 14,
            "parent": 1,
            "children": [],
            "user id": "5551089883",
            "user name": "I47545",
            "content": "他们不是神，不要认为，出事情了，他们就是应该的，任何人都应该学会自救，而不是等待他们来救你",
            "time": "18-8-24 21:53"
        },
        {
            "comment id": 15,
            "parent": -1,
            "children": [
                16,
                17,
                18,
                19
            ],
            "user id": "1760640305",
            "user name": "Dear_LuLu爱猕猴桃",
            "content": "这个消防员...也是呵呵了",
            "time": "18-8-23 20:37"
        },
        {
            "comment id": 16,
            "parent": 15,
            "children": [],
            "user id": "1536879582",
            "user name": "童话镇Jessica",
            "content": "刚从工地回来啊？抬杠那么能",
            "time": "19-7-31 21:51"
        },
        {
            "comment id": 17,
            "parent": 15,
            "children": [],
            "user id": "1951779553",
            "user name": "小卤蛋啊呀呀",
            "content": "看把你能的",
            "time": "18-8-28 14:33"
        },
        {
            "comment id": 18,
            "parent": 15,
            "children": [],
            "user id": "2261946830",
            "user name": "伯纳乌晾衣服",
            "content": "键盘侠拿起你的键盘上",
            "time": "18-8-25 20:00"
        },
        {
            "comment id": 19,
            "parent": 15,
            "children": [],
            "user id": "5508680675",
            "user name": "Hyyxtl",
            "content": "那你去试试直接冲到火场中心，别把你的无知摆出来",
            "time": "18-8-24 10:26"
        },
        {
            "comment id": 20,
            "parent": -1,
            "children": [
                21,
                22,
                23,
                25
            ],
            "user id": "2206700774",
            "user name": "jin_bobo",
            "content": "人没有救出 谁的错？",
            "time": "18-8-24 15:44"
        },
        {
            "comment id": 21,
            "parent": 20,
            "children": [],
            "user id": "2206700774",
            "user name": "jin_bobo",
            "content": "回复@撸客洛:很自豪吗 牛x？丢上海人脸",
            "time": "18-8-26 22:27"
        },
        {
            "comment id": 22,
            "parent": 20,
            "children": [],
            "user id": "2206700774",
            "user name": "jin_bobo",
            "content": "回复@撸客洛:质疑可以吗 你不觉得你自己活得跟猪一样吗 你有提问的权利吗 服从安排是你的职责。先去学逻辑之后再来 中文很奥秘但是你不会用",
            "time": "18-8-26 22:20"
        },
        {
            "comment id": 23,
            "parent": 20,
            "children": [],
            "user id": "5347594251",
            "user name": "好好想想宁配吗",
            "content": "这么大的火你还有什么更好的办法？人没救出来在场的每一个人都比你难过，面对这种情况也真的是束手无策，别说的好像消防员喷一喷水就能轻松灭火，键盘侠别只知道敲键盘，哪怕你评论出一种合理的方法来解决以后这样的火灾该怎么处理都比你在这抬杠强啊🖕",
            "time": "18-8-25 14:49"
        },
        {
            "comment id": 24,
            "parent": 25,
            "children": [],
            "user id": "2206700774",
            "user name": "jin_bobo",
            "content": "回复@I47545:活该烧死？",
            "time": "18-8-24 23:41"
        },
        {
            "comment id": 25,
            "parent": 20,
            "children": [
                24
            ],
            "user id": "5551089883",
            "user name": "I47545",
            "content": "他们不是神",
            "time": "18-8-24 21:49"
        },
        {
            "comment id": 26,
            "parent": -1,
            "children": [
                27
            ],
            "user id": "1092282382",
            "user name": "悠米客",
            "content": "这个火灾是2016年2月2号下午发生的，并不是现在发生的，更不是大华新村的，而是虹口区的东汉阳路！",
            "time": "18-8-28 03:49"
        },
        {
            "comment id": 27,
            "parent": 26,
            "children": [],
            "user id": "5312395882",
            "user name": "seeyou黄",
            "content": "确实是，而且不是今年发生",
            "time": "18-11-15 16:48"
        },
        {
            "comment id": 28,
            "parent": -1,
            "children": [
                29,
                30
            ],
            "user id": "6349198904",
            "user name": "jingjing177",
            "content": "为什么一开始不散水呢！",
            "time": "18-8-24 01:34"
        },
        {
            "comment id": 29,
            "parent": 28,
            "children": [],
            "user id": "6349198904",
            "user name": "jingjing177",
            "content": "防盗网就是防人的，怎么救",
            "time": "18-8-28 17:02"
        },
        {
            "comment id": 30,
            "parent": 28,
            "children": [],
            "user id": "1951779553",
            "user name": "小卤蛋啊呀呀",
            "content": "因为要先救人，能救出来就十几秒的事",
            "time": "18-8-28 14:35"
        },
        {
            "comment id": 31,
            "parent": -1,
            "children": [],
            "user id": "3917328437",
            "user name": "真心实意最难得",
            "content": "不实消息就要标注出来，免得再有不知情的人被蒙骗",
            "time": "18-8-24 16:20"
        },
        {
            "comment id": 32,
            "parent": -1,
            "children": [],
            "user id": "2682767084",
            "user name": "今孔明--王佐之才",
            "content": "不管是哪年发生的事情，施救不力是肯定的！媒体渲染的所谓高科技消防器材并未见到用于实战！",
            "time": "18-8-23 21:46"
        },
        {
            "comment id": 33,
            "parent": -1,
            "children": [],
            "user id": "1688209464",
            "user name": "SAYONE-把艺术带上餐桌",
            "content": "先洒水呀，爬上去有啥用呀……你进不去，他出不来。",
            "time": "18-8-25 14:40"
        },
        {
            "comment id": 34,
            "parent": -1,
            "children": [],
            "user id": "2155873012",
            "user name": "江户川苛楠",
            "content": "博主散播信息有问题！多年前的事情!",
            "time": "18-8-23 21:35"
        },
        {
            "comment id": 35,
            "parent": -1,
            "children": [],
            "user id": "1727741794",
            "user name": "乐其网leqii",
            "content": "看来老房子确实要拆除呀，存在安全隐患（安全栓老化，防盗网到处安装）。从这样的场景中，也理解了党中央的政策。",
            "time": "18-8-28 20:41"
        },
        {
            "comment id": 36,
            "parent": -1,
            "children": [],
            "user id": "2320638653",
            "user name": "吃香菜必死星人",
            "content": "为什么16年的新闻现在再炒一遍？",
            "time": "18-8-27 12:25"
        },
        {
            "comment id": 37,
            "parent": -1,
            "children": [],
            "user id": "5341066282",
            "user name": "古德拜l",
            "content": "不实消息不应该不发布出来吗",
            "time": "18-8-25 19:58"
        },
        {
            "comment id": 38,
            "parent": -1,
            "children": [
                39
            ],
            "user id": "1748530794",
            "user name": "芬蒂克",
            "content": "这业务水平做消防",
            "time": "18-8-25 19:19"
        },
        {
            "comment id": 39,
            "parent": 38,
            "children": [],
            "user id": "6480327616",
            "user name": "akaneishe6480327616",
            "content": "先不说新闻是哪年的，就这个操作业务水平和实践能力都不是经常实战训练和培训的样子，太悠哉了。",
            "time": "18-8-28 08:02"
        },
        {
            "comment id": 40,
            "parent": -1,
            "children": [],
            "user id": "5363728669",
            "user name": "Wi-Fi-汪",
            "content": "我猜老式小区即使有消防栓也不一定有水或者压根没有消防栓吧。消防部队能那么快把水接上已经很厉害了还要怎么样",
            "time": "18-8-25 15:31"
        },
        {
            "comment id": 41,
            "parent": -1,
            "children": [],
            "user id": "5261602265",
            "user name": "微笑如斯ves",
            "content": "一群人说\"捣浆糊\"",
            "time": "18-8-25 14:48"
        },
        {
            "comment id": 42,
            "parent": -1,
            "children": [],
            "user id": "2812162607",
            "user name": "田黎的画",
            "content": "可是贴着防盗窗等人救也挺……这窗不是演电视说掰就掰开。",
            "time": "18-8-25 14:42"
        },
        {
            "comment id": 43,
            "parent": -1,
            "children": [],
            "user id": "2091530403",
            "user name": "陈掌柜拉二胡",
            "content": "@我从未走远_",
            "time": "18-8-25 13:48"
        },
        {
            "comment id": 44,
            "parent": -1,
            "children": [
                45
            ],
            "user id": "2617552545",
            "user name": "张涛群",
            "content": "现在治安这么好、搞什么防盗窗",
            "time": "18-8-24 10:34"
        },
        {
            "comment id": 45,
            "parent": 44,
            "children": [],
            "user id": "5982017847",
            "user name": "丨回笼教教主丨",
            "content": "因为yp",
            "time": "18-8-24 11:22"
        },
        {
            "comment id": 46,
            "parent": -1,
            "children": [],
            "user id": "2042145795",
            "user name": "夯瑟侬gooooooal花花0825",
            "content": "唉",
            "time": "18-8-24 09:32"
        },
        {
            "comment id": 47,
            "parent": -1,
            "children": [],
            "user id": "2036653821",
            "user name": "杜掌柜的魔都流浪记",
            "content": "天哪",
            "time": "18-8-23 20:25"
        },
        {
            "comment id": 48,
            "parent": -1,
            "children": [
                49
            ],
            "user id": "3502428041",
            "user name": "开心爸爸830",
            "content": "防盗结果防了自己。这也就是说：自私的后果。",
            "time": "18-8-25 10:14"
        },
        {
            "comment id": 49,
            "parent": 48,
            "children": [],
            "user id": "6134351487",
            "user name": "别致小可乐",
            "content": "把地址报出来，爬你家抢劫，好不好？保护个人财产叫自私？你这么大方送点钱给其他人",
            "time": "18-8-25 20:57"
        },
        {
            "comment id": 50,
            "parent": -1,
            "children": [],
            "user id": "5637738013",
            "user name": "上海桂媛",
            "content": "消防员爬上去干嘛呢？浪费时间，应该先喷水啊",
            "time": "18-8-26 20:01"
        },
        {
            "comment id": 51,
            "parent": -1,
            "children": [],
            "user id": "6612161835",
            "user name": "用户6612161835",
            "content": "告诉我开始为啥不喷水",
            "time": "18-8-25 15:01"
        },
        {
            "comment id": 52,
            "parent": -1,
            "children": [],
            "user id": "2036653821",
            "user name": "杜掌柜的魔都流浪记",
            "content": "辟谣，两年前的火灾 网页链接",
            "time": "18-8-23 20:45"
        }
    ]
}