{
    "source": {
        "content": "网传咸阳杀人碎尸案，求证？@咸阳公安  @咸阳身边事  @咸阳资讯快报 律师周开勇的微博视频 ",
        "time": "18-8-23 20:42",
        "user id": "3312328955",
        "tweet id": "Gw0oV5px2",
        "label": 1,
        "theme": null
    },
    "comment": [
        {
            "comment id": 0,
            "parent": -1,
            "children": [
                1,
                2,
                4,
                5,
                6,
                8
            ],
            "user id": "5866493808",
            "user name": "Carp鲤鱼王",
            "content": "公安不公布一是怕引起市民恐慌，二是不能把破案进度透露给未落网的犯人，你身为一名律师，这样在网络上宣扬，怕是不合乎职业操守吧",
            "time": "18-8-27 14:16"
        },
        {
            "comment id": 1,
            "parent": 0,
            "children": [],
            "user id": "5775255995",
            "user name": "战王shra",
            "content": "你在抽胡水",
            "time": "18-8-31 07:44"
        },
        {
            "comment id": 2,
            "parent": 0,
            "children": [],
            "user id": "2295581674",
            "user name": "我脑子里有个灯泡亮了",
            "content": "回复@新於酱:律师不是只管输赢，不分黑白的吗",
            "time": "18-8-31 06:43"
        },
        {
            "comment id": 3,
            "parent": 7,
            "children": [],
            "user id": "1132611953",
            "user name": "我好害怕自己会受到别人的伤害",
            "content": "回复@涂云乌鸦08145:说实在的，他标题说的就是网传，求证？没说就是啊",
            "time": "18-8-31 00:48"
        },
        {
            "comment id": 4,
            "parent": 0,
            "children": [],
            "user id": "5768128339",
            "user name": "被眷顾的夏天",
            "content": "不发微博 怎么能让你玩键盘呢",
            "time": "18-8-31 00:25"
        },
        {
            "comment id": 5,
            "parent": 0,
            "children": [],
            "user id": "1142744093",
            "user name": "想名字想不出来咋办",
            "content": "回复@dmb徐峰:也可能是意外的哦",
            "time": "18-8-30 21:14"
        },
        {
            "comment id": 6,
            "parent": 0,
            "children": [],
            "user id": "5733352871",
            "user name": "XXXXZi-22",
            "content": "这个律师真的没有职业道德",
            "time": "18-8-29 23:11"
        },
        {
            "comment id": 7,
            "parent": 8,
            "children": [
                3
            ],
            "user id": "6094979526",
            "user name": "涂云乌鸦08145",
            "content": "回复@律师周开勇:既然公安已经披露，您不觉得应该把您这个题目改一下么这样博关注不合适。",
            "time": "18-8-28 11:21"
        },
        {
            "comment id": 8,
            "parent": 0,
            "children": [
                7
            ],
            "user id": "3312328955",
            "user name": "律师周开勇",
            "content": "公安已披露，不是刑事案件。",
            "time": "18-8-27 21:04"
        },
        {
            "comment id": 9,
            "parent": -1,
            "children": [
                10,
                11,
                12,
                13,
                14,
                15,
                16,
                17,
                18,
                19,
                20,
                21,
                22,
                23,
                24,
                26,
                27,
                28
            ],
            "user id": "5170688889",
            "user name": "幸子是美少女",
            "content": "真实的事情，就在我们小区呢，吓得我都不敢回家",
            "time": "18-8-27 22:32"
        },
        {
            "comment id": 10,
            "parent": 9,
            "children": [],
            "user id": "5170688889",
            "user name": "幸子是美少女",
            "content": "回复@啦啦啦各自奔天涯:具体的不知道",
            "time": "18-9-4 11:29"
        },
        {
            "comment id": 11,
            "parent": 9,
            "children": [],
            "user id": "2454487252",
            "user name": "随風摇的-草",
            "content": "回复@别不做人啊兄dei:辣鸡狗",
            "time": "18-9-2 10:27"
        },
        {
            "comment id": 12,
            "parent": 9,
            "children": [],
            "user id": "2454487252",
            "user name": "随風摇的-草",
            "content": "回复@吱吱叽叽喳喳廷:屎多了吧你！",
            "time": "18-8-31 16:45"
        },
        {
            "comment id": 13,
            "parent": 9,
            "children": [],
            "user id": "2454487252",
            "user name": "随風摇的-草",
            "content": "回复@-Addiction-y:找你吧，小心点，别被鬼缠身！！",
            "time": "18-8-31 16:41"
        },
        {
            "comment id": 14,
            "parent": 9,
            "children": [],
            "user id": "6537555578",
            "user name": "惟爱坤坤0802",
            "content": "小姐姐别怕",
            "time": "18-8-30 23:15"
        },
        {
            "comment id": 15,
            "parent": 9,
            "children": [],
            "user id": "2205027110",
            "user name": "人間不値得丶",
            "content": "回复@随風摇的-草:孽畜",
            "time": "18-8-30 17:01"
        },
        {
            "comment id": 16,
            "parent": 9,
            "children": [],
            "user id": "3189917063",
            "user name": "一只羊仔_",
            "content": "回复@随風摇的-草:屎好吃吗？不够我在拉点给你 瞧给你嘴臭的",
            "time": "18-8-30 14:12"
        },
        {
            "comment id": 17,
            "parent": 9,
            "children": [],
            "user id": "3028094915",
            "user name": "尤姓气质学长",
            "content": "回复@随風摇的-草:shabi吧",
            "time": "18-8-30 13:12"
        },
        {
            "comment id": 18,
            "parent": 9,
            "children": [],
            "user id": "5865865251",
            "user name": "喵喵喵我是汪",
            "content": "回复@随風摇的-草:你疯了吧？？",
            "time": "18-8-30 12:18"
        },
        {
            "comment id": 19,
            "parent": 9,
            "children": [],
            "user id": "5214907644",
            "user name": "山奈bibibibi",
            "content": "回复@随風摇的-草:你有病吧",
            "time": "18-8-30 12:06"
        },
        {
            "comment id": 20,
            "parent": 9,
            "children": [],
            "user id": "2530778142",
            "user name": "hcWynnnnnn",
            "content": "回复@随風摇的-草:在？nmsl❤️",
            "time": "18-8-30 11:23"
        },
        {
            "comment id": 21,
            "parent": 9,
            "children": [],
            "user id": "1778704605",
            "user name": "吴邪的光头",
            "content": "回复@随風摇的-草:你有病吧？嘴巴里面养蛆了？？？",
            "time": "18-8-30 10:55"
        },
        {
            "comment id": 22,
            "parent": 9,
            "children": [],
            "user id": "6124763112",
            "user name": "treerice又在胡思乱想了",
            "content": "楼下有同个小区的姐妹，不敢回家可以结伴",
            "time": "18-8-29 21:55"
        },
        {
            "comment id": 23,
            "parent": 9,
            "children": [],
            "user id": "5170688889",
            "user name": "幸子是美少女",
            "content": "回复@HuYa_零杀吃鸡:才刚住进去",
            "time": "18-8-28 21:19"
        },
        {
            "comment id": 24,
            "parent": 9,
            "children": [],
            "user id": "5170688889",
            "user name": "幸子是美少女",
            "content": "回复@谢谢先生i:不知道",
            "time": "18-8-28 21:19"
        },
        {
            "comment id": 25,
            "parent": 27,
            "children": [],
            "user id": "3668019770",
            "user name": "七鸽NICE",
            "content": "回复@幸子是美少女:我看警察给回复说不是刑事案件 难道是自己跳的吗",
            "time": "18-8-28 21:14"
        },
        {
            "comment id": 26,
            "parent": 9,
            "children": [],
            "user id": "5686755127",
            "user name": "心理咨询师_MING",
            "content": "快搬家",
            "time": "18-8-28 21:09"
        },
        {
            "comment id": 27,
            "parent": 9,
            "children": [
                25
            ],
            "user id": "5170688889",
            "user name": "幸子是美少女",
            "content": "回复@谢谢先生i:保安一个一个的往楼上送呢",
            "time": "18-8-28 20:40"
        },
        {
            "comment id": 28,
            "parent": 9,
            "children": [],
            "user id": "3668019770",
            "user name": "七鸽NICE",
            "content": "这也太害怕了……",
            "time": "18-8-28 00:54"
        },
        {
            "comment id": 29,
            "parent": -1,
            "children": [
                30,
                31,
                32,
                34
            ],
            "user id": "5494175735",
            "user name": "养了一只楚涟碧",
            "content": "太可怕了，背一遍社会主义核心价值观",
            "time": "18-8-24 21:03"
        },
        {
            "comment id": 30,
            "parent": 29,
            "children": [],
            "user id": "3251968642",
            "user name": "圆了咕噜O3O",
            "content": "图片评论 查看图片",
            "time": "18-8-29 22:13"
        },
        {
            "comment id": 31,
            "parent": 29,
            "children": [],
            "user id": "5157090244",
            "user name": "D喵喵_",
            "content": "富强，民主，文明，和谐 自由，平等，公正，法治 爱国，敬业，诚信，友善",
            "time": "18-8-29 21:33"
        },
        {
            "comment id": 32,
            "parent": 29,
            "children": [],
            "user id": "2737083437",
            "user name": "熬夜容易猝死-",
            "content": "楼上是沙雕用户，不用理",
            "time": "18-8-29 20:37"
        },
        {
            "comment id": 33,
            "parent": 34,
            "children": [],
            "user id": "5494175735",
            "user name": "养了一只楚涟碧",
            "content": "回复@用户5307581555:我黑什么了？？？",
            "time": "18-8-26 00:25"
        },
        {
            "comment id": 34,
            "parent": 29,
            "children": [
                33
            ],
            "user id": "5307581555",
            "user name": "用户5307581555",
            "content": "有病吧，老是黑黑黑",
            "time": "18-8-26 00:15"
        },
        {
            "comment id": 35,
            "parent": -1,
            "children": [],
            "user id": "5032856644",
            "user name": "舟渡鸦",
            "content": "住这栋楼的居民心理阴影都有了，无意冒犯，早登极乐",
            "time": "18-8-27 13:21"
        },
        {
            "comment id": 36,
            "parent": -1,
            "children": [
                37,
                38,
                41,
                42,
                44,
                46,
                47
            ],
            "user id": "2597907162",
            "user name": "咸阳公安",
            "content": "@平-安兴平 已发布信息，证实非刑事案件。请大家不要轻信网络谣言！",
            "time": "18-8-25 20:16"
        },
        {
            "comment id": 37,
            "parent": 36,
            "children": [],
            "user id": "6554239624",
            "user name": "用户6554239624",
            "content": "没有公信力",
            "time": "18-8-30 18:48"
        },
        {
            "comment id": 38,
            "parent": 36,
            "children": [],
            "user id": "6380632532",
            "user name": "架的人吗我想吃好吃的",
            "content": "公信力太差",
            "time": "18-8-30 11:38"
        },
        {
            "comment id": 39,
            "parent": 46,
            "children": [],
            "user id": "5915782401",
            "user name": "开枪为你送行10334",
            "content": "回复@用户6113445927:碰到支架也会割断，麻烦用用脑",
            "time": "18-8-29 23:25"
        },
        {
            "comment id": 40,
            "parent": 43,
            "children": [],
            "user id": "1845285864",
            "user name": "一点鸢尾",
            "content": "回复@丢起来飞:以前看到一个案件，碎尸案，结论，自杀。落 下山洞没保全尸体",
            "time": "18-8-29 21:31"
        },
        {
            "comment id": 41,
            "parent": 36,
            "children": [],
            "user id": "5686755127",
            "user name": "心理咨询师_MING",
            "content": "求解",
            "time": "18-8-28 21:11"
        },
        {
            "comment id": 42,
            "parent": 36,
            "children": [],
            "user id": "6632324960",
            "user name": "用户6632324960",
            "content": "不信",
            "time": "18-8-28 12:59"
        },
        {
            "comment id": 43,
            "parent": 46,
            "children": [
                40
            ],
            "user id": "6529362524",
            "user name": "丢起来飞",
            "content": "回复@用户6113445927:14楼掉下来，人很可能就碎了",
            "time": "18-8-27 23:21"
        },
        {
            "comment id": 44,
            "parent": 36,
            "children": [],
            "user id": "6567314111",
            "user name": "坚持就是胜利-201806",
            "content": "腿是怎么没的，砍掉腿自己在跳下来",
            "time": "18-8-27 21:34"
        },
        {
            "comment id": 45,
            "parent": 46,
            "children": [],
            "user id": "2586390761",
            "user name": "5丨As",
            "content": "回复@用户6113445927:高空坠落，碎尸很正常",
            "time": "18-8-27 14:42"
        },
        {
            "comment id": 46,
            "parent": 36,
            "children": [
                39,
                43,
                45
            ],
            "user id": "6113445927",
            "user name": "用户6113445927",
            "content": "自己把自己剁了？什么逻辑？",
            "time": "18-8-27 13:45"
        },
        {
            "comment id": 47,
            "parent": 36,
            "children": [],
            "user id": "1459160653",
            "user name": "谢老旺",
            "content": "谁信你门们？！",
            "time": "18-8-27 11:45"
        },
        {
            "comment id": 48,
            "parent": -1,
            "children": [
                49,
                51,
                54,
                55
            ],
            "user id": "6231885055",
            "user name": "卖烧饼的小和尚",
            "content": "呃贼，这是哪啊，恐怖",
            "time": "18-8-25 08:09"
        },
        {
            "comment id": 49,
            "parent": 48,
            "children": [],
            "user id": "3322363614",
            "user name": "沫樵白杨",
            "content": "太不值得了如果这样",
            "time": "18-8-30 18:50"
        },
        {
            "comment id": 50,
            "parent": 55,
            "children": [],
            "user id": "3322363614",
            "user name": "沫樵白杨",
            "content": "回复@许盼盼30326:真的假的呀？",
            "time": "18-8-30 18:50"
        },
        {
            "comment id": 51,
            "parent": 48,
            "children": [],
            "user id": "5856878570",
            "user name": "妻子的秘密L",
            "content": "真不值，过不了就离婚呗，为这种人至于搭上自己的一辈子吗",
            "time": "18-8-30 18:16"
        },
        {
            "comment id": 52,
            "parent": 55,
            "children": [],
            "user id": "5974905352",
            "user name": "肥凯凯丶",
            "content": "回复@许盼盼30326:你是真不怕传谣言然后被抓紧去啊",
            "time": "18-8-30 13:20"
        },
        {
            "comment id": 53,
            "parent": 55,
            "children": [],
            "user id": "5633668947",
            "user name": "哦豁豁1",
            "content": "回复@许盼盼30326:转发多点我觉得你会进去包吃包住",
            "time": "18-8-30 02:26"
        },
        {
            "comment id": 54,
            "parent": 48,
            "children": [],
            "user id": "6520097608",
            "user name": "用户6520097608",
            "content": "真的吗？",
            "time": "18-8-25 14:33"
        },
        {
            "comment id": 55,
            "parent": 48,
            "children": [
                50,
                52,
                53
            ],
            "user id": "5332965485",
            "user name": "许盼盼30326",
            "content": "咸阳这。我家跟前的小区，男小三进门偷情，被下班的丈夫发现了。直接砍掉了左大腿，将男小三扔下楼。",
            "time": "18-8-25 09:45"
        },
        {
            "comment id": 56,
            "parent": -1,
            "children": [
                57,
                58,
                63
            ],
            "user id": "3861413435",
            "user name": "甜的蜜桃",
            "content": "真事 在我们小区",
            "time": "18-8-26 16:00"
        },
        {
            "comment id": 57,
            "parent": 56,
            "children": [],
            "user id": "6124763112",
            "user name": "treerice又在胡思乱想了",
            "content": "楼上有同小区的姐妹，不敢回家可以结伴",
            "time": "18-8-29 21:54"
        },
        {
            "comment id": 58,
            "parent": 56,
            "children": [],
            "user id": "6632324960",
            "user name": "用户6632324960",
            "content": "真事",
            "time": "18-8-28 13:00"
        },
        {
            "comment id": 59,
            "parent": 60,
            "children": [],
            "user id": "2562383213",
            "user name": "帅帅的蒋老师",
            "content": "回复@甜的蜜桃:好吧",
            "time": "18-8-27 14:59"
        },
        {
            "comment id": 60,
            "parent": 61,
            "children": [
                59
            ],
            "user id": "3861413435",
            "user name": "甜的蜜桃",
            "content": "回复@帅帅的蒋老师:谁知道呢",
            "time": "18-8-27 14:49"
        },
        {
            "comment id": 61,
            "parent": 62,
            "children": [
                60
            ],
            "user id": "2562383213",
            "user name": "帅帅的蒋老师",
            "content": "回复@甜的蜜桃:太吓人了，什么原因要杀人碎尸",
            "time": "18-8-27 14:48"
        },
        {
            "comment id": 62,
            "parent": 63,
            "children": [
                61
            ],
            "user id": "3861413435",
            "user name": "甜的蜜桃",
            "content": "回复@帅帅的蒋老师:纺织城这边",
            "time": "18-8-27 14:14"
        },
        {
            "comment id": 63,
            "parent": 56,
            "children": [
                62
            ],
            "user id": "2562383213",
            "user name": "帅帅的蒋老师",
            "content": "真的假的，你是哪里的",
            "time": "18-8-27 14:06"
        },
        {
            "comment id": 64,
            "parent": -1,
            "children": [],
            "user id": "1737300287",
            "user name": "_二十七",
            "content": "西安人有句俗语，在张就给你把腿卸了",
            "time": "18-8-25 16:36"
        },
        {
            "comment id": 65,
            "parent": -1,
            "children": [],
            "user id": "6042420169",
            "user name": "孙净颜的梦",
            "content": "这是分尸，不是碎尸",
            "time": "18-8-26 08:52"
        },
        {
            "comment id": 66,
            "parent": -1,
            "children": [],
            "user id": "1953944357",
            "user name": "菇凉请留步-",
            "content": "@雍庆喜要加油赚钱",
            "time": "18-8-30 00:11"
        },
        {
            "comment id": 67,
            "parent": -1,
            "children": [],
            "user id": "5651394510",
            "user name": "tuaanan",
            "content": "逝者安息",
            "time": "18-8-30 19:41"
        },
        {
            "comment id": 68,
            "parent": -1,
            "children": [],
            "user id": "3167670062",
            "user name": "段宜恩的小fafa",
            "content": "安息",
            "time": "18-8-30 00:09"
        },
        {
            "comment id": 69,
            "parent": -1,
            "children": [],
            "user id": "5578982757",
            "user name": "木木本木666",
            "content": "安息🙏🙏",
            "time": "18-8-30 00:08"
        },
        {
            "comment id": 70,
            "parent": -1,
            "children": [],
            "user id": "5020295779",
            "user name": "初离想吃奶贝",
            "content": "逝者安息🙏",
            "time": "18-8-29 23:12"
        },
        {
            "comment id": 71,
            "parent": -1,
            "children": [],
            "user id": "2454487252",
            "user name": "随風摇的-草",
            "content": "不是充气娃娃？报道好像说是充气娃娃",
            "time": "20-2-3 16:46"
        },
        {
            "comment id": 72,
            "parent": -1,
            "children": [],
            "user id": "2302147340",
            "user name": "李大钊同鞋",
            "content": "愿天堂没有痛苦走好",
            "time": "18-9-4 00:26"
        },
        {
            "comment id": 73,
            "parent": -1,
            "children": [],
            "user id": "5953970435",
            "user name": "哥是摩羯甜心",
            "content": "@97k大魔王",
            "time": "18-9-3 18:12"
        },
        {
            "comment id": 74,
            "parent": -1,
            "children": [],
            "user id": "6040257216",
            "user name": "一腔诗意全为你",
            "content": "逝者安息",
            "time": "18-8-31 06:51"
        },
        {
            "comment id": 75,
            "parent": -1,
            "children": [],
            "user id": "1881471761",
            "user name": "章魚恩",
            "content": "@Zachy_",
            "time": "18-8-31 05:08"
        },
        {
            "comment id": 76,
            "parent": -1,
            "children": [],
            "user id": "3061793873",
            "user name": "妮妮是仙女爸爸",
            "content": "",
            "time": "18-8-31 02:02"
        },
        {
            "comment id": 77,
            "parent": -1,
            "children": [],
            "user id": "2240340757",
            "user name": "柚子盐饼代言人",
            "content": "无意冒犯，逝者安息",
            "time": "18-8-31 00:21"
        },
        {
            "comment id": 78,
            "parent": -1,
            "children": [],
            "user id": "2827752394",
            "user name": "二百年后Xx",
            "content": "真，假？",
            "time": "18-8-30 23:52"
        },
        {
            "comment id": 79,
            "parent": -1,
            "children": [],
            "user id": "5878376539",
            "user name": "Wotaisha",
            "content": "无意冒犯，逝者安息🙏",
            "time": "18-8-30 23:13"
        },
        {
            "comment id": 80,
            "parent": -1,
            "children": [],
            "user id": "2456592541",
            "user name": "naissi",
            "content": "逝者安息",
            "time": "18-8-30 22:08"
        },
        {
            "comment id": 81,
            "parent": -1,
            "children": [],
            "user id": "1803839933",
            "user name": "麦兜_Boyd",
            "content": "感觉像跳楼摔碎了",
            "time": "18-8-30 21:50"
        },
        {
            "comment id": 82,
            "parent": -1,
            "children": [],
            "user id": "5124857812",
            "user name": "董佳委",
            "content": "@迪蹦蹦-",
            "time": "18-8-30 21:04"
        },
        {
            "comment id": 83,
            "parent": -1,
            "children": [],
            "user id": "5524731346",
            "user name": "张二蛋不需要关心",
            "content": "@尚贰建",
            "time": "18-8-30 18:50"
        },
        {
            "comment id": 84,
            "parent": -1,
            "children": [],
            "user id": "5524731346",
            "user name": "张二蛋不需要关心",
            "content": "图片评论 ",
            "time": "18-8-30 18:50"
        },
        {
            "comment id": 85,
            "parent": -1,
            "children": [],
            "user id": "2806865732",
            "user name": "二十三年脑血栓",
            "content": "@1996年3月30日",
            "time": "18-8-30 18:32"
        },
        {
            "comment id": 86,
            "parent": -1,
            "children": [],
            "user id": "5329517835",
            "user name": "小尼娜nina_",
            "content": "反",
            "time": "18-8-30 18:32"
        },
        {
            "comment id": 87,
            "parent": -1,
            "children": [],
            "user id": "1771143265",
            "user name": "Lady叮叮叮叮",
            "content": "无意冒犯，逝者安息",
            "time": "18-8-30 17:20"
        },
        {
            "comment id": 88,
            "parent": -1,
            "children": [],
            "user id": "2233892174",
            "user name": "Ur_Vang",
            "content": "@刺-鈺",
            "time": "18-8-30 16:55"
        },
        {
            "comment id": 89,
            "parent": -1,
            "children": [],
            "user id": "3591409964",
            "user name": "猪兔子46",
            "content": "安息🙏🙏🙏",
            "time": "18-8-30 15:58"
        },
        {
            "comment id": 90,
            "parent": -1,
            "children": [],
            "user id": "6209795569",
            "user name": "悍匪程大屁",
            "content": "无意冒犯，逝者安息🙏",
            "time": "18-8-30 14:42"
        },
        {
            "comment id": 91,
            "parent": -1,
            "children": [],
            "user id": "6084599773",
            "user name": "October16_",
            "content": "@抱抱你呀i",
            "time": "18-8-30 13:28"
        },
        {
            "comment id": 92,
            "parent": -1,
            "children": [
                93
            ],
            "user id": "3612354951",
            "user name": "与你偷看44次日落",
            "content": "@余生后有阳光  好可怕",
            "time": "18-8-30 12:55"
        },
        {
            "comment id": 93,
            "parent": 92,
            "children": [],
            "user id": "5985621411",
            "user name": "梦醒不见星",
            "content": "不怕不怕我在呢",
            "time": "18-8-30 14:12"
        },
        {
            "comment id": 94,
            "parent": -1,
            "children": [],
            "user id": "2796786975",
            "user name": "SilasXuXuXu",
            "content": "不是跳楼摔断的啊？不知道",
            "time": "18-8-30 12:41"
        },
        {
            "comment id": 95,
            "parent": -1,
            "children": [],
            "user id": "5351110960",
            "user name": "Dawn丁丁",
            "content": "安息，无意冒犯🙏",
            "time": "18-8-30 11:34"
        },
        {
            "comment id": 96,
            "parent": -1,
            "children": [],
            "user id": "2272667624",
            "user name": "用户7096534651111222",
            "content": "啥时候的事？",
            "time": "18-8-30 11:26"
        },
        {
            "comment id": 97,
            "parent": -1,
            "children": [],
            "user id": "5283210438",
            "user name": "我要改掉昵称",
            "content": "安息，无意冒犯🙏",
            "time": "18-8-30 10:06"
        },
        {
            "comment id": 98,
            "parent": -1,
            "children": [],
            "user id": "2454487252",
            "user name": "随風摇的-草",
            "content": "每天晚上楼主老是看见死者向他招手",
            "time": "18-8-30 10:05"
        },
        {
            "comment id": 99,
            "parent": -1,
            "children": [],
            "user id": "2943516794",
            "user name": "Candy-钱多多",
            "content": "@Vivi-林维维  @Fay-陈苗苗  评论有图",
            "time": "18-8-30 10:02"
        },
        {
            "comment id": 100,
            "parent": -1,
            "children": [],
            "user id": "2813648950",
            "user name": "oneonewinnie",
            "content": "🙏",
            "time": "18-8-30 09:41"
        },
        {
            "comment id": 101,
            "parent": -1,
            "children": [],
            "user id": "1737329833",
            "user name": "TO张伯伯",
            "content": "安息",
            "time": "18-8-30 09:18"
        },
        {
            "comment id": 102,
            "parent": -1,
            "children": [],
            "user id": "6558043044",
            "user name": "蒸汽朋克2018",
            "content": "这不算分尸吧？！就少一条腿？不过倒是心狠手辣。",
            "time": "18-8-30 08:43"
        },
        {
            "comment id": 103,
            "parent": -1,
            "children": [],
            "user id": "2037089897",
            "user name": "蜜柑呀呀",
            "content": "@全场九块九毛",
            "time": "18-8-30 08:37"
        },
        {
            "comment id": 104,
            "parent": -1,
            "children": [],
            "user id": "3165340825",
            "user name": "雍雍叹气",
            "content": "@Monster-Chan- @Henriques- @菇凉请留步-",
            "time": "18-8-30 07:55"
        },
        {
            "comment id": 105,
            "parent": -1,
            "children": [],
            "user id": "5907868113",
            "user name": "hhh小汪胡",
            "content": "安息🙏🙏🙏",
            "time": "18-8-30 06:45"
        },
        {
            "comment id": 106,
            "parent": -1,
            "children": [],
            "user id": "2775118801",
            "user name": "李减鸣",
            "content": "@也是fish",
            "time": "18-8-30 02:34"
        },
        {
            "comment id": 107,
            "parent": -1,
            "children": [],
            "user id": "2775118801",
            "user name": "李减鸣",
            "content": "@草里有鬼呀",
            "time": "18-8-30 02:33"
        },
        {
            "comment id": 108,
            "parent": -1,
            "children": [],
            "user id": "5092871169",
            "user name": "奇异果果儿kiwi",
            "content": "安息",
            "time": "18-8-29 23:51"
        },
        {
            "comment id": 109,
            "parent": -1,
            "children": [],
            "user id": "3199532900",
            "user name": "cly_vent",
            "content": "逝者安息",
            "time": "18-8-29 23:20"
        },
        {
            "comment id": 110,
            "parent": -1,
            "children": [],
            "user id": "6299883966",
            "user name": "乌云的乌吗",
            "content": "逝者安息🙏",
            "time": "18-8-29 23:06"
        },
        {
            "comment id": 111,
            "parent": -1,
            "children": [],
            "user id": "5754480708",
            "user name": "陈晨沉lan",
            "content": "富强，民主，文明，和谐 自由，平等，公正，法治 爱国，敬业，诚信，友善    富强，民主，文明，和谐 自由，平等，公正，法治 爱国，敬业，诚信，友善 富强，民主，文明，和谐 自由，平等，公正，法治 爱国，敬业，诚信，友善 富强，民主，文明，和谐 自由，平等，公正，法治 爱国，敬业，诚信，友善",
            "time": "18-8-29 23:02"
        },
        {
            "comment id": 112,
            "parent": -1,
            "children": [],
            "user id": "3973356941",
            "user name": "爱睡懒觉的熊熊熊",
            "content": "不看评论不知道是男的还是女的，男的看不到鸡鸡，女的看不到胸",
            "time": "18-8-29 22:26"
        },
        {
            "comment id": 113,
            "parent": -1,
            "children": [],
            "user id": "2967995361",
            "user name": "反派滚滚",
            "content": "@xxxSuaxxx 世界太危险",
            "time": "18-8-29 22:24"
        },
        {
            "comment id": 114,
            "parent": -1,
            "children": [],
            "user id": "5129684014",
            "user name": "阮小蒙",
            "content": "@会紧张的风儿  哇贼可怕！！",
            "time": "18-8-29 22:23"
        },
        {
            "comment id": 115,
            "parent": -1,
            "children": [],
            "user id": "5713214623",
            "user name": "网友胖凝",
            "content": "@萏窞",
            "time": "18-8-29 22:23"
        },
        {
            "comment id": 116,
            "parent": -1,
            "children": [],
            "user id": "5456734708",
            "user name": "太太阳是吃货",
            "content": "@OddxxG-",
            "time": "18-8-29 22:07"
        },
        {
            "comment id": 117,
            "parent": -1,
            "children": [],
            "user id": "2264005824",
            "user name": "青檸啤-",
            "content": "@W-krysal",
            "time": "18-8-29 21:55"
        },
        {
            "comment id": 118,
            "parent": -1,
            "children": [],
            "user id": "5303015304",
            "user name": "z是小星星啊x",
            "content": "早登极乐",
            "time": "18-8-29 21:54"
        },
        {
            "comment id": 119,
            "parent": -1,
            "children": [],
            "user id": "6313733173",
            "user name": "Wei女乔女乔",
            "content": "最近是怎么了。唉。逝者安息",
            "time": "18-8-29 22:29"
        },
        {
            "comment id": 120,
            "parent": -1,
            "children": [],
            "user id": "6368731314",
            "user name": "土木三班的同学",
            "content": "无意冒犯，逝者安息🙏🏻",
            "time": "18-8-29 21:55"
        },
        {
            "comment id": 121,
            "parent": -1,
            "children": [],
            "user id": "6232133425",
            "user name": "用户6232133425",
            "content": "谣传，请立即删除微博。",
            "time": "18-8-27 11:44"
        },
        {
            "comment id": 122,
            "parent": -1,
            "children": [],
            "user id": "6336810142",
            "user name": "如果还有明天lz",
            "content": "那个小区啊",
            "time": "18-8-25 17:49"
        },
        {
            "comment id": 123,
            "parent": -1,
            "children": [],
            "user id": "6653527120",
            "user name": "泪沾湿衣襟98720",
            "content": "无意冒犯",
            "time": "18-8-31 05:13"
        },
        {
            "comment id": 124,
            "parent": -1,
            "children": [],
            "user id": "6632324960",
            "user name": "用户6632324960",
            "content": "有点残忍",
            "time": "18-8-28 12:58"
        }
    ]
}