{
    "source": {
        "content": "雅加达亚运会中国裁判杨建平被日本选手喷水挑衅后忍无可忍冲上擂台摔倒日本教练踢翻日本选手……这个必须点个赞！用不着抗议！ 网页链接 ",
        "time": "18-8-29 10:39",
        "user id": "3305312594",
        "tweet id": "GwR0WaeSt",
        "label": 1,
        "theme": null
    },
    "comment": [
        {
            "comment id": 0,
            "parent": -1,
            "children": [],
            "user id": "3815896775",
            "user name": "泰城小青年",
            "content": "不是亚运会",
            "time": "18-8-30 22:01"
        },
        {
            "comment id": 1,
            "parent": -1,
            "children": [],
            "user id": "2773439745",
            "user name": "CZX陈忠孝",
            "content": "智商是个好东西",
            "time": "18-8-29 15:46"
        },
        {
            "comment id": 2,
            "parent": -1,
            "children": [],
            "user id": "1190734883",
            "user name": "隐姓埋名在博罗",
            "content": "呵。。2017年的视频",
            "time": "18-8-29 13:06"
        },
        {
            "comment id": 3,
            "parent": -1,
            "children": [],
            "user id": "3177470652",
            "user name": "侃爷不叫韦斯特",
            "content": "@侃爷不叫韦斯特：平时多看看有用的 就不会这么无知的没有自我认知能力",
            "time": "18-9-2 03:03"
        },
        {
            "comment id": 4,
            "parent": -1,
            "children": [],
            "user id": "5526223065",
            "user name": "天才阿悠",
            "content": "点赞没商量",
            "time": "18-8-29 11:27"
        },
        {
            "comment id": 5,
            "parent": -1,
            "children": [],
            "user id": "5526223065",
            "user name": "天才阿悠",
            "content": "杨建平：老子在亚洲 想打哪个打哪个",
            "time": "18-8-29 11:26"
        },
        {
            "comment id": 6,
            "parent": -1,
            "children": [],
            "user id": "5089448744",
            "user name": "入魔屠神",
            "content": "2017年11月30日拳星时代现场，正端坐在主席台的杨建平被选手吐满脸口水，场面一度失控，杨建平冲上擂台暴打挑衅者。引得擂台下数万观众较好，媒体也瞬间哗然！格斗世界跟踪报道发现这竟然是一场精心安排的戏”中华虎“杨建平现场指挥编排。 ",
            "time": "18-8-29 13:16"
        }
    ]
}