{
    "source": {
        "content": "#红星# 删除 ",
        "time": "18-8-29 21:44",
        "user id": "2145218077",
        "tweet id": "GwVn5eNbu",
        "label": 1,
        "theme": null
    },
    "comment": [
        {
            "comment id": 0,
            "parent": -1,
            "children": [
                2,
                4,
                7
            ],
            "user id": "3809691219",
            "user name": "莎里瓦莎里瓦",
            "content": "官网报的是公职人员死了3个，其他人受伤",
            "time": "18-8-30 00:57"
        },
        {
            "comment id": 1,
            "parent": 7,
            "children": [],
            "user id": "5702556247",
            "user name": "长发女子任小姐",
            "content": "回复@高冷的圣斗士20609:做自己的工作得罪谁了？各司其职而已，难道工作人员的生命就不是生命？",
            "time": "18-8-30 21:05"
        },
        {
            "comment id": 2,
            "parent": 0,
            "children": [],
            "user id": "5843941239",
            "user name": "一起吃火锅啊好不好",
            "content": "没有关心老百姓的死伤",
            "time": "18-8-30 16:33"
        },
        {
            "comment id": 3,
            "parent": 4,
            "children": [],
            "user id": "3809691219",
            "user name": "莎里瓦莎里瓦",
            "content": "回复@风茄儿2:葬德，不管是什么，那都是命嗯",
            "time": "18-8-30 12:22"
        },
        {
            "comment id": 4,
            "parent": 0,
            "children": [
                3
            ],
            "user id": "2330077095",
            "user name": "风茄儿2",
            "content": "打死了的就有编制，没打死的就是零时工，，",
            "time": "18-8-30 11:18"
        },
        {
            "comment id": 5,
            "parent": 7,
            "children": [],
            "user id": "6330376654",
            "user name": "普吉岛上的懒猫",
            "content": "回复@高冷的圣斗士20609:希望公安局拘留你的时候你不要表现得太谦虚",
            "time": "18-8-30 09:30"
        },
        {
            "comment id": 6,
            "parent": 7,
            "children": [],
            "user id": "3809691219",
            "user name": "莎里瓦莎里瓦",
            "content": "回复@高冷的圣斗士20609:我尊重每一个生命，不管他是什么身份",
            "time": "18-8-30 01:12"
        },
        {
            "comment id": 7,
            "parent": 0,
            "children": [
                1,
                5,
                6
            ],
            "user id": "5878663429",
            "user name": "高冷的圣斗士20609",
            "content": "不是工作人员  是畜生死了三个",
            "time": "18-8-30 01:05"
        },
        {
            "comment id": 8,
            "parent": -1,
            "children": [
                10,
                13,
                14,
                15,
                16
            ],
            "user id": "2041391621",
            "user name": "尾数_48",
            "content": "乱编，不造谣好吗",
            "time": "18-8-30 01:19"
        },
        {
            "comment id": 9,
            "parent": 13,
            "children": [],
            "user id": "5927196551",
            "user name": "北冥有条大鲤鱼哦",
            "content": "回复@尾数_48:维护官，就这样",
            "time": "18-8-31 19:09"
        },
        {
            "comment id": 10,
            "parent": 8,
            "children": [],
            "user id": "6602067978",
            "user name": "失去的青春888",
            "content": "看好你家隔壁老王",
            "time": "18-8-31 07:07"
        },
        {
            "comment id": 11,
            "parent": 13,
            "children": [],
            "user id": "6296105529",
            "user name": "男神我早已做够了",
            "content": "回复@尾数_48:兄弟 有钱一起挣呀",
            "time": "18-8-30 18:52"
        },
        {
            "comment id": 12,
            "parent": 13,
            "children": [],
            "user id": "2694874622",
            "user name": "带我远航吧海盗船长",
            "content": "回复@尾数_48:我附近发生的事我能不知道？",
            "time": "18-8-30 18:35"
        },
        {
            "comment id": 13,
            "parent": 8,
            "children": [
                9,
                11,
                12
            ],
            "user id": "2041391621",
            "user name": "尾数_48",
            "content": "回复@侬温柔:有啊，你家没有？有亲戚当官与这新闻有什么联系？开车撞人者他老婆就在乡政府上班，与本案有又什么联系吗？",
            "time": "18-8-30 18:33"
        },
        {
            "comment id": 14,
            "parent": 8,
            "children": [],
            "user id": "2041391621",
            "user name": "尾数_48",
            "content": "回复@ptm陈大铸:凭知道事情真相，可以不？",
            "time": "18-8-30 18:31"
        },
        {
            "comment id": 15,
            "parent": 8,
            "children": [],
            "user id": "5927196551",
            "user name": "北冥有条大鲤鱼哦",
            "content": "你家有亲戚是当官的？",
            "time": "18-8-30 12:36"
        },
        {
            "comment id": 16,
            "parent": 8,
            "children": [],
            "user id": "2694874622",
            "user name": "带我远航吧海盗船长",
            "content": "造谣？你凭什么说造谣",
            "time": "18-8-30 09:08"
        },
        {
            "comment id": 17,
            "parent": -1,
            "children": [
                18,
                19,
                20,
                21
            ],
            "user id": "5254886553",
            "user name": "一个逆流而上的馒头",
            "content": "你敢为你的言论负责么？你敢拍着胸脯说句句属实么？不要传谣言好吧",
            "time": "18-8-29 23:19"
        },
        {
            "comment id": 18,
            "parent": 17,
            "children": [],
            "user id": "5702556247",
            "user name": "长发女子任小姐",
            "content": "他会为他的造谣付出代价的，还有那个在微信上造谣的首发者。",
            "time": "18-8-30 21:07"
        },
        {
            "comment id": 19,
            "parent": 17,
            "children": [],
            "user id": "6296105529",
            "user name": "男神我早已做够了",
            "content": "回复@一个逆流而上的馒头:是你同学的父亲 有什么优越感吗？",
            "time": "18-8-30 18:53"
        },
        {
            "comment id": 20,
            "parent": 17,
            "children": [],
            "user id": "5927196551",
            "user name": "北冥有条大鲤鱼哦",
            "content": "人家并不是用小号，而是刚注册来看热闹",
            "time": "18-8-30 12:37"
        },
        {
            "comment id": 21,
            "parent": 17,
            "children": [],
            "user id": "6422367532",
            "user name": "用户6422367532",
            "content": "这是事实。",
            "time": "18-8-30 00:28"
        },
        {
            "comment id": 22,
            "parent": -1,
            "children": [
                23,
                24,
                25
            ],
            "user id": "5080453046",
            "user name": "安静的酒蒙子",
            "content": "十个字，造谣的是坏，传谣的是蠢。",
            "time": "18-8-30 12:27"
        },
        {
            "comment id": 23,
            "parent": 22,
            "children": [],
            "user id": "5702556247",
            "user name": "长发女子任小姐",
            "content": "回复@侬温柔:谁告诉你是交通事故？没有人说是交通事故！",
            "time": "18-8-30 21:08"
        },
        {
            "comment id": 24,
            "parent": 22,
            "children": [],
            "user id": "5080453046",
            "user name": "安静的酒蒙子",
            "content": "你问问博主出现场了，现场是什么情况？到底几个？还是那句造谣的是坏，传谣的是蠢。",
            "time": "18-8-30 16:40"
        },
        {
            "comment id": 25,
            "parent": 22,
            "children": [],
            "user id": "5927196551",
            "user name": "北冥有条大鲤鱼哦",
            "content": "你不明真相就别乱说，说造谣就造谣？没事实哪来造谣，难不成没事打死几个人说是拆迁办打的？事实在眼前，还串改事实上头条说是交通事故，去nmlgb的交通事故",
            "time": "18-8-30 12:41"
        },
        {
            "comment id": 26,
            "parent": -1,
            "children": [
                29
            ],
            "user id": "6283392773",
            "user name": "昵称越来越难写",
            "content": "这是真实事件，昨天织金县发生的事，并不是谣言，要说谣言官方公布的才算是，因为隐瞒事实。",
            "time": "18-8-30 17:39"
        },
        {
            "comment id": 27,
            "parent": 29,
            "children": [],
            "user id": "6602067978",
            "user name": "失去的青春888",
            "content": "回复@长发女子任小姐:我觉得你很认真的去评论！我也想说你肯定知道真相不然咋就那么多的“疑惑”",
            "time": "18-8-31 07:10"
        },
        {
            "comment id": 28,
            "parent": 29,
            "children": [],
            "user id": "6283392773",
            "user name": "昵称越来越难写",
            "content": "回复@长发女子任小姐:我就是本地的，你还想知道哪些？？？",
            "time": "18-8-30 21:10"
        },
        {
            "comment id": 29,
            "parent": 26,
            "children": [
                27,
                28
            ],
            "user id": "5702556247",
            "user name": "长发女子任小姐",
            "content": "你在现场？你全程参与？",
            "time": "18-8-30 21:09"
        },
        {
            "comment id": 30,
            "parent": -1,
            "children": [
                32,
                33,
                34,
                35
            ],
            "user id": "6258197064",
            "user name": "林枡枡",
            "content": "我有全部视频",
            "time": "18-8-30 09:41"
        },
        {
            "comment id": 31,
            "parent": 34,
            "children": [],
            "user id": "6258197064",
            "user name": "林枡枡",
            "content": "回复@不高不帅更不是富二代201604:加q1310945318",
            "time": "18-9-21 12:04"
        },
        {
            "comment id": 32,
            "parent": 30,
            "children": [],
            "user id": "6193449659",
            "user name": "用户6193449659",
            "content": "朋友给个视频好吗",
            "time": "18-8-31 21:30"
        },
        {
            "comment id": 33,
            "parent": 30,
            "children": [],
            "user id": "6602067978",
            "user name": "失去的青春888",
            "content": "你已被移出群聊",
            "time": "18-8-31 07:11"
        },
        {
            "comment id": 34,
            "parent": 30,
            "children": [
                31
            ],
            "user id": "5890876453",
            "user name": "不高不帅更不是富二代201604",
            "content": "发来看看",
            "time": "18-8-30 13:27"
        },
        {
            "comment id": 35,
            "parent": 30,
            "children": [],
            "user id": "2438004810",
            "user name": "炯炯有神43",
            "content": "你好牛掰啊",
            "time": "18-8-30 12:45"
        },
        {
            "comment id": 36,
            "parent": -1,
            "children": [
                37
            ],
            "user id": "5447309532",
            "user name": "钢铁侠爱你三千遍",
            "content": "看视频的时候就说恍惚看到有人头没了",
            "time": "18-8-30 20:00"
        },
        {
            "comment id": 37,
            "parent": 36,
            "children": [
                38
            ],
            "user id": "5702556247",
            "user name": "长发女子任小姐",
            "content": "什么人头没了，那只是一个工作人员当场死亡。为尊重死者用衣服盖着他的头",
            "time": "18-8-30 21:09"
        },
        {
            "comment id": 38,
            "parent": 37,
            "children": [],
            "user id": "5447309532",
            "user name": "钢铁侠爱你三千遍",
            "content": "回复@长发女子任小姐:看了几个视频确实是没有头的——",
            "time": "18-8-31 11:30"
        },
        {
            "comment id": 39,
            "parent": -1,
            "children": [
                40,
                50
            ],
            "user id": "2645128290",
            "user name": "你的我的Jacky_Cheung",
            "content": "《刑法修正案》在现行刑法第291条中增加了一款：“编造虚假的险情、疫情、灾情、警情，在信息网络或者其他媒体上传播，或者明知是上述虚假信息，故意在信息网络或者其他媒体上传播，严重扰乱社会秩序的，处3年以下有期徒刑、拘役或者管制；造成严重后果的，处3年以上7年以下有期徒刑。” 请不要乱传",
            "time": "18-8-30 12:52"
        },
        {
            "comment id": 40,
            "parent": 39,
            "children": [],
            "user id": "6602067978",
            "user name": "失去的青春888",
            "content": "你是做什么的？律师？教师！公务员？",
            "time": "18-8-31 07:13"
        },
        {
            "comment id": 41,
            "parent": 42,
            "children": [],
            "user id": "2645128290",
            "user name": "你的我的Jacky_Cheung",
            "content": "回复@用户6582553293:哈哈哈 简直是想到什么说什么 经过大脑了吗？对于你这种杠精那可以说你是杀人的家属吗",
            "time": "18-8-30 21:24"
        },
        {
            "comment id": 42,
            "parent": 43,
            "children": [
                41
            ],
            "user id": "6582553293",
            "user name": "用户6582553293",
            "content": "回复@你的我的Jacky_Cheung:肯定是规划局那些人😂",
            "time": "18-8-30 21:21"
        },
        {
            "comment id": 43,
            "parent": 44,
            "children": [
                42
            ],
            "user id": "2645128290",
            "user name": "你的我的Jacky_Cheung",
            "content": "回复@用户6582553293:我就是织金人 打脸不？",
            "time": "18-8-30 21:20"
        },
        {
            "comment id": 44,
            "parent": 47,
            "children": [
                43
            ],
            "user id": "6582553293",
            "user name": "用户6582553293",
            "content": "回复@你的我的Jacky_Cheung:还有就是我们本地人才晓得这些内幕  你不懂就别在这里和我扯",
            "time": "18-8-30 21:07"
        },
        {
            "comment id": 45,
            "parent": 47,
            "children": [],
            "user id": "6582553293",
            "user name": "用户6582553293",
            "content": "回复@你的我的Jacky_Cheung:并且我的不是小号  谢谢",
            "time": "18-8-30 21:07"
        },
        {
            "comment id": 46,
            "parent": 47,
            "children": [],
            "user id": "6582553293",
            "user name": "用户6582553293",
            "content": "回复@你的我的Jacky_Cheung:你不是本地就别乱说了  上新闻？请你去看一下织金台有放不得",
            "time": "18-8-30 21:07"
        },
        {
            "comment id": 47,
            "parent": 48,
            "children": [
                44,
                45,
                46
            ],
            "user id": "2645128290",
            "user name": "你的我的Jacky_Cheung",
            "content": "回复@用户6582553293:呵呵 别想得这么黑暗 该查的都在查 新闻都上了 就是你们这种传谣看热闹不嫌事大的 既然你觉得你很了解事情真相又觉得不平大可以光明正大的说 何必当键盘侠 开小号当杠精",
            "time": "18-8-30 20:33"
        },
        {
            "comment id": 48,
            "parent": 49,
            "children": [
                47
            ],
            "user id": "6582553293",
            "user name": "用户6582553293",
            "content": "回复@你的我的Jacky_Cheung:因为现在当官的要我们本地人禁口封锁消息  怕事情闹大中央查到把当官的停职查办",
            "time": "18-8-30 20:29"
        },
        {
            "comment id": 49,
            "parent": 50,
            "children": [
                48
            ],
            "user id": "2645128290",
            "user name": "你的我的Jacky_Cheung",
            "content": "回复@用户6582553293:呵呵 那么怎么只敢用小号发表评论呢",
            "time": "18-8-30 20:21"
        },
        {
            "comment id": 50,
            "parent": 39,
            "children": [
                49
            ],
            "user id": "6582553293",
            "user name": "用户6582553293",
            "content": "怎么没得一条法律是乱编文章判刑呢",
            "time": "18-8-30 20:17"
        },
        {
            "comment id": 51,
            "parent": -1,
            "children": [],
            "user id": "5254886553",
            "user name": "一个逆流而上的馒头",
            "content": "呵呵，删我评论？",
            "time": "18-8-29 23:19"
        }
    ]
}