{
    "source": {
        "content": "看了几遍很解气，对小日本就应该这样据说这是\n雅加达亚运会中国裁判杨建平被日本选手喷水挑衅后忍无可忍冲上擂台摔倒日本教练踢翻日本选手……这个必须点个赞！ 网页链接 ",
        "time": "18-8-29 23:31",
        "user id": "2050850067",
        "tweet id": "GwW4g6duE",
        "label": 1,
        "theme": null
    },
    "comment": [
        {
            "comment id": 0,
            "parent": -1,
            "children": [
                1
            ],
            "user id": "3815896775",
            "user name": "泰城小青年",
            "content": "不是亚运会",
            "time": "18-8-30 22:01"
        },
        {
            "comment id": 1,
            "parent": 0,
            "children": [],
            "user id": "2050850067",
            "user name": "清风-宜人",
            "content": "哈，我也是转发朋友的",
            "time": "18-8-30 22:53"
        },
        {
            "comment id": 2,
            "parent": -1,
            "children": [
                3
            ],
            "user id": "3177470652",
            "user name": "侃爷不叫韦斯特",
            "content": "@侃爷不叫韦斯特：平时多看看有用的 就不会这么无知的没有自我认知能力",
            "time": "18-9-2 03:02"
        },
        {
            "comment id": 3,
            "parent": 2,
            "children": [],
            "user id": "2050850067",
            "user name": "清风-宜人",
            "content": "狗眼",
            "time": "18-9-10 07:09"
        },
        {
            "comment id": 4,
            "parent": -1,
            "children": [],
            "user id": "5183245997",
            "user name": "blingbling小黑粉",
            "content": "不要乱传了。杨建平本人已经澄清这是当年的表演. 去他微博看",
            "time": "18-8-31 00:48"
        },
        {
            "comment id": 5,
            "parent": -1,
            "children": [],
            "user id": "5937795115",
            "user name": "tiesto股海寻l道",
            "content": "微信多少？加你进实盘",
            "time": "18-8-30 16:26"
        },
        {
            "comment id": 6,
            "parent": -1,
            "children": [],
            "user id": "6632192908",
            "user name": "Mr_Jeff29819",
            "content": "帅",
            "time": "18-8-30 12:43"
        }
    ]
}