{
    "source": {
        "content": "雅加达亚运会中国裁判杨建平，被日本选手喷水挑衅后，看到日本选手在台上，对被倒地的选手出手和侮辱，忍无可忍冲上擂台摔倒前来阻挠的日本教练。并一脚踢翻想再次攻击杨建平的日本选手……想知道中国功夫吗？这个必须点个赞！ 网页链接 ",
        "time": "18-8-30 13:54",
        "user id": "5919442525",
        "tweet id": "Gx1IQcLd7",
        "label": 1,
        "theme": null
    },
    "comment": [
        {
            "comment id": 0,
            "parent": -1,
            "children": [
                1
            ],
            "user id": "1430022531",
            "user name": "青梅煮酒论英雄hero",
            "content": "好！",
            "time": "18-8-30 18:55"
        },
        {
            "comment id": 1,
            "parent": 0,
            "children": [],
            "user id": "5919442525",
            "user name": "唐风汉俗",
            "content": "",
            "time": "18-8-30 19:23"
        },
        {
            "comment id": 2,
            "parent": -1,
            "children": [
                3,
                4,
                5
            ],
            "user id": "2663219711",
            "user name": "Si-小言",
            "content": "@清晰脱俗不胡闹 太帅了",
            "time": "18-8-31 08:57"
        },
        {
            "comment id": 3,
            "parent": 2,
            "children": [],
            "user id": "2663219711",
            "user name": "Si-小言",
            "content": "回复@Civilization天澤:知道是演的呀，但是只是觉得帅啊",
            "time": "18-8-31 12:37"
        },
        {
            "comment id": 4,
            "parent": 2,
            "children": [],
            "user id": "5730892078",
            "user name": "吾习于冷志成于冰",
            "content": "这是演的 摔角知道不..多少年前了 这博主骗粉 还雅加达..",
            "time": "18-8-31 10:50"
        },
        {
            "comment id": 5,
            "parent": 2,
            "children": [],
            "user id": "1950921295",
            "user name": "一介芝士",
            "content": "真是帅呆了，",
            "time": "18-8-31 09:02"
        },
        {
            "comment id": 6,
            "parent": -1,
            "children": [
                8,
                9
            ],
            "user id": "5183245997",
            "user name": "blingbling小黑粉",
            "content": "不要乱传了。杨建平本人已经澄清这是当年的表演. 去他微博看",
            "time": "18-8-31 00:46"
        },
        {
            "comment id": 7,
            "parent": 9,
            "children": [],
            "user id": "5183245997",
            "user name": "blingbling小黑粉",
            "content": "回复@柏小熊1987:就是他的名字",
            "time": "18-8-31 17:52"
        },
        {
            "comment id": 8,
            "parent": 6,
            "children": [],
            "user id": "5764704776",
            "user name": "勤奋的美妮",
            "content": "无论什么时候  中国人都不能背欺负尤其是日本人",
            "time": "18-8-31 10:40"
        },
        {
            "comment id": 9,
            "parent": 6,
            "children": [
                7
            ],
            "user id": "2714564932",
            "user name": "柏小熊1987",
            "content": "他微博号怎么搜",
            "time": "18-8-31 07:39"
        },
        {
            "comment id": 10,
            "parent": -1,
            "children": [
                12,
                13
            ],
            "user id": "3469268344",
            "user name": "爱橙子的小陶紫",
            "content": "见过本人，他公司开在我们万家丽。欢迎大家来长沙参观",
            "time": "18-8-31 10:51"
        },
        {
            "comment id": 11,
            "parent": 12,
            "children": [],
            "user id": "3469268344",
            "user name": "爱橙子的小陶紫",
            "content": "回复@小女人微博控:长沙万家丽国际，16楼",
            "time": "18-9-1 10:21"
        },
        {
            "comment id": 12,
            "parent": 10,
            "children": [
                11
            ],
            "user id": "2260250862",
            "user name": "小女人微博控",
            "content": "开在哪里？？？求回复！",
            "time": "18-9-1 02:02"
        },
        {
            "comment id": 13,
            "parent": 10,
            "children": [],
            "user id": "2260250862",
            "user name": "小女人微博控",
            "content": "真的？",
            "time": "18-9-1 02:01"
        },
        {
            "comment id": 14,
            "parent": -1,
            "children": [],
            "user id": "3126658221",
            "user name": "醉美茶都",
            "content": "标题党，扯淡的 还亚运会",
            "time": "18-9-1 16:00"
        },
        {
            "comment id": 15,
            "parent": -1,
            "children": [],
            "user id": "3391591832",
            "user name": "忉听徒说",
            "content": "多读书吧",
            "time": "18-8-31 07:03"
        },
        {
            "comment id": 16,
            "parent": -1,
            "children": [],
            "user id": "1352650841",
            "user name": "AngieTien7666",
            "content": "Good luck！[玫瑰]",
            "time": "18-8-30 20:10"
        },
        {
            "comment id": 17,
            "parent": -1,
            "children": [],
            "user id": "6543414001",
            "user name": "法舍道长",
            "content": "在中国，哥能当上这个裁判容易么，没点功夫怎么可能。",
            "time": "18-9-3 09:58"
        },
        {
            "comment id": 18,
            "parent": -1,
            "children": [],
            "user id": "1962980353",
            "user name": "Sn-5dip6",
            "content": "帅",
            "time": "18-9-2 12:44"
        },
        {
            "comment id": 19,
            "parent": -1,
            "children": [],
            "user id": "5803617045",
            "user name": "zyl小透明",
            "content": "",
            "time": "18-9-2 11:53"
        },
        {
            "comment id": 20,
            "parent": -1,
            "children": [],
            "user id": "6671283023",
            "user name": "善行900",
            "content": "这个太帅了，杨建平中国好爷们",
            "time": "18-8-31 13:55"
        }
    ]
}