{
    "source": {
        "content": "吃了那么久还没看出来，原来金龙鱼挂面是这样制做出来的，这些商家真的害人害己，太黑了  网页链接 ",
        "time": "18-8-31 09:29",
        "user id": "5373369259",
        "tweet id": "Gx9ptc3RP",
        "label": 1,
        "theme": null
    },
    "comment": [
        {
            "comment id": 0,
            "parent": -1,
            "children": [
                2,
                3,
                4,
                5,
                6,
                7,
                8
            ],
            "user id": "5373369259",
            "user name": "重庆赵大姐家政服务有限公司",
            "content": "你应该在金龙鱼上班吧？你弄点面粉在水里溶解试试看成不成面筋，骗人没人吃过面粉，我没文化，你头脑应该有病吧？",
            "time": "18-8-31 13:40"
        },
        {
            "comment id": 1,
            "parent": 6,
            "children": [],
            "user id": "5373369259",
            "user name": "重庆赵大姐家政服务有限公司",
            "content": "回复@爱我中华情2014:我是觉得有点占空间才删掉的，再也不看到你们这一群不文明垃圾评论，吃死你也不关我什么事，笨蛋",
            "time": "18-9-25 07:09"
        },
        {
            "comment id": 2,
            "parent": 0,
            "children": [],
            "user id": "5818726628",
            "user name": "不再痴狂了",
            "content": "回复@威言美兰走进新浪微博:你知不知道转发制造谣言是违法的",
            "time": "18-9-1 22:14"
        },
        {
            "comment id": 3,
            "parent": 0,
            "children": [],
            "user id": "5373369259",
            "user name": "重庆赵大姐家政服务有限公司",
            "content": "一个个都是神经病，不但素质低，文凭也低，只会懂得辱骂别人，并不懂得尊重别，还有文化，有文化会这样吗？",
            "time": "18-9-1 20:17"
        },
        {
            "comment id": 4,
            "parent": 0,
            "children": [],
            "user id": "1736927593",
            "user name": "哆哆橘",
            "content": "免费给你补课，那叫麸质，就是说的植物蛋白质！就是高筋面粉里面的筋，就是你们说的这面条有劲儿。。更通俗的说！这叫面筋，面粉洗面筋，面筋是洗出来的，不是水里长得！那个拍视频的会让企业受损，肯定会被提告。",
            "time": "18-8-31 22:17"
        },
        {
            "comment id": 5,
            "parent": 0,
            "children": [],
            "user id": "2649707841",
            "user name": "超凶的小傲娇",
            "content": "图片评论 网页链接",
            "time": "18-8-31 16:14"
        },
        {
            "comment id": 6,
            "parent": 0,
            "children": [
                1
            ],
            "user id": "5386996250",
            "user name": "爱我中华情2014",
            "content": "你敢对你说的话负责吗？别删除啊！警察叔叔会关怀你的",
            "time": "18-8-31 16:09"
        },
        {
            "comment id": 7,
            "parent": 0,
            "children": [],
            "user id": "3617419140",
            "user name": "橙橙的老母亲",
            "content": "你洗过面筋没？你知不知道面筋就是水里面洗出来的？还有我不是金龙鱼上班的，带点脑子吧，不行了你自己揉块儿面泡水里看看能不能出来面筋，",
            "time": "18-8-31 14:14"
        },
        {
            "comment id": 8,
            "parent": 0,
            "children": [],
            "user id": "2838938421",
            "user name": "UncleMuaa",
            "content": "大姐，给你科普一下，面粉里的碳含量还是很高的，所以烘干后的面条是可以点燃的，淀粉在水里泡时间长了是可以水解的，面筋就是这样来的",
            "time": "18-8-31 14:06"
        },
        {
            "comment id": 9,
            "parent": -1,
            "children": [
                10,
                11,
                12,
                13,
                14,
                15,
                16
            ],
            "user id": "5373369259",
            "user name": "重庆赵大姐家政服务有限公司",
            "content": "不要变论，有人在做实验，面条能点燃成一团火吗？难怪这么多人换上癌症状态，就是这些坑人的商家做出来的。",
            "time": "18-8-31 10:01"
        },
        {
            "comment id": 10,
            "parent": 9,
            "children": [],
            "user id": "5373369259",
            "user name": "重庆赵大姐家政服务有限公司",
            "content": "你神经有问题，你应该去精神科检查检查一下才对",
            "time": "18-9-3 17:37"
        },
        {
            "comment id": 11,
            "parent": 9,
            "children": [],
            "user id": "3929230399",
            "user name": "搓皴手艺人",
            "content": "来来来，跟我一起读，辩论，辩论，辩论。跟我一起读，粮食能着火，粮食能着火，粮食能着火。跟我一起读，我每天没在干别的，都在吃黑暗料理自杀，我每天没在干别的都在吃黑暗料理自杀，我每天没在干别的都在吃黑暗料理自杀",
            "time": "18-9-3 03:55"
        },
        {
            "comment id": 12,
            "parent": 9,
            "children": [],
            "user id": "5373369259",
            "user name": "重庆赵大姐家政服务有限公司",
            "content": "你也同样是弱智",
            "time": "18-9-1 20:13"
        },
        {
            "comment id": 13,
            "parent": 9,
            "children": [],
            "user id": "6025587392",
            "user name": "饕丶餮",
            "content": "你怕是没脑子，这种谣言都信，微信上的也信，服了",
            "time": "18-9-1 11:53"
        },
        {
            "comment id": 14,
            "parent": 9,
            "children": [],
            "user id": "3617419140",
            "user name": "橙橙的老母亲",
            "content": "回复@杰西卡7777888:是个弱智",
            "time": "18-8-31 14:15"
        },
        {
            "comment id": 15,
            "parent": 9,
            "children": [],
            "user id": "5220845768",
            "user name": "杰西卡阿姨呀",
            "content": "回复@郭淼1018:确实弱智",
            "time": "18-8-31 13:56"
        },
        {
            "comment id": 16,
            "parent": 9,
            "children": [],
            "user id": "5148878705",
            "user name": "-ww123456789",
            "content": "弱智",
            "time": "18-8-31 13:12"
        },
        {
            "comment id": 17,
            "parent": -1,
            "children": [
                19,
                20,
                21
            ],
            "user id": "5373369259",
            "user name": "重庆赵大姐家政服务有限公司",
            "content": "如果你们这些商家能做到有良知，能做到保证食品质量安全，别人会做实验或拍视频吗？赚钱要赚良心钱，你能骂得住一人的嘴，你能骂得住全国各地千千万万老百姓及消费者的嘴吗？老百姓的生命可贵，全国每一个老百姓包括每一个家庭都是消费者，他们担负着每一个人的生命和责任，特别是食品安全最重要。",
            "time": "18-9-6 00:16"
        },
        {
            "comment id": 18,
            "parent": 19,
            "children": [],
            "user id": "5373369259",
            "user name": "重庆赵大姐家政服务有限公司",
            "content": "回复@饕丶餮:你出了会侮辱别人，他还会什么？关你什么事，你有什么了不起，你也是个智障，你以为你智商很高吗？其实你智商太低大低，你知道吗？",
            "time": "18-9-9 20:00"
        },
        {
            "comment id": 19,
            "parent": 17,
            "children": [
                18
            ],
            "user id": "6025587392",
            "user name": "饕丶餮",
            "content": "智障不要回复我，免得侮辱我的智商",
            "time": "18-9-8 12:53"
        },
        {
            "comment id": 20,
            "parent": 17,
            "children": [],
            "user id": "5373369259",
            "user name": "重庆赵大姐家政服务有限公司",
            "content": "我从不赚黑心钱，我之前也做过餐饮，自己做老板，我从不做坑害老百姓的事，后来因家里有事原因没做了，很多顾客还来问我，为什么不做，你做得那么好，要知道你做得好，有人牵挂，你做的不好，有人处处辱骂，这就是老百姓的评价，你知道吗？",
            "time": "18-9-6 18:27"
        },
        {
            "comment id": 21,
            "parent": 17,
            "children": [],
            "user id": "2354515275",
            "user name": "F-Optimist",
            "content": "你现在就是赚黑心钱",
            "time": "18-9-6 14:45"
        },
        {
            "comment id": 22,
            "parent": -1,
            "children": [
                23,
                24,
                25,
                26
            ],
            "user id": "3854995128",
            "user name": "无昵妮",
            "content": "这就叫做没文化真可怕，但凡有点常识的人都能知道面制品本身泡水就会出面筋，面类也会点燃，粉尘爆炸没听说过吗？？？",
            "time": "18-8-31 12:33"
        },
        {
            "comment id": 23,
            "parent": 22,
            "children": [],
            "user id": "3854995128",
            "user name": "无昵妮",
            "content": "回复@威言美兰走进新浪微博:智障了吧，内容被封了吧",
            "time": "18-9-12 16:28"
        },
        {
            "comment id": 24,
            "parent": 22,
            "children": [],
            "user id": "5373369259",
            "user name": "重庆赵大姐家政服务有限公司",
            "content": "又一个神经病，你也应该去精神科检查检查一下才对",
            "time": "18-9-3 17:40"
        },
        {
            "comment id": 25,
            "parent": 22,
            "children": [],
            "user id": "3929230399",
            "user name": "搓皴手艺人",
            "content": "回复@威言美兰走进新浪微博:那就不要吃嘛。经过狗的多年临床试验，吃了屎的狗无一食物中毒而死，你可以一起吃",
            "time": "18-9-3 04:00"
        },
        {
            "comment id": 26,
            "parent": 22,
            "children": [],
            "user id": "5373369259",
            "user name": "重庆赵大姐家政服务有限公司",
            "content": "你有文化，终究还是帮别打工，受人挥手挥手来，人不要只会讲别人，而自己呢？也好不在哪里去，食品安全重要，保护身体健康更重要，人活更重要，人一旦没生命，一切都是空了吹，多爱惜生命比什么都重要。",
            "time": "18-9-1 23:53"
        },
        {
            "comment id": 27,
            "parent": -1,
            "children": [
                28,
                31
            ],
            "user id": "5373369259",
            "user name": "重庆赵大姐家政服务有限公司",
            "content": "为什么金龙鱼的走狗那么多？",
            "time": "18-9-1 19:54"
        },
        {
            "comment id": 28,
            "parent": 27,
            "children": [],
            "user id": "1846611994",
            "user name": "潘婕LGD_VPGAME",
            "content": "回复@威言美兰走进新浪微博:你这个垃圾人。语文没学过吧？只有默认你自己是智障你才能用到“也”。网友说你没文化确实真的。头像P的跟鬼一样，散播谣言还有脸。你违法了知道么？",
            "time": "18-9-9 21:06"
        },
        {
            "comment id": 29,
            "parent": 31,
            "children": [],
            "user id": "5373369259",
            "user name": "重庆赵大姐家政服务有限公司",
            "content": "回复@潘婕LGD_VPGAME:你神经病呀，关你什么事？你也是个智障，你不紧是个智障，而且素质太低，你也不要回呼我，我不想与你这种人浪费时间。",
            "time": "18-9-9 20:13"
        },
        {
            "comment id": 30,
            "parent": 31,
            "children": [],
            "user id": "6003361186",
            "user name": "救赎的荆棘丛",
            "content": "回复@潘婕LGD_VPGAME:绝对啊！看他发的那些评论不是智障也是精神不正常的东西！",
            "time": "18-9-8 11:45"
        },
        {
            "comment id": 31,
            "parent": 27,
            "children": [
                29,
                30
            ],
            "user id": "1846611994",
            "user name": "潘婕LGD_VPGAME",
            "content": "你这女的是不是智障",
            "time": "18-9-3 23:53"
        },
        {
            "comment id": 32,
            "parent": -1,
            "children": [
                33,
                34,
                35
            ],
            "user id": "5373369259",
            "user name": "重庆赵大姐家政服务有限公司",
            "content": "人这一辈子你尊重别人，别人也会尊重你，只会懂得去辱骂别人的人，其实他们不但没有素质，也没文化，即使书读再多就连尊重二字都不懂，又有何用？此视频并不是我所拍的，有种你去骂拍视频的人，醒醒吧？一群不知天又多高，地有多深的孩子，无论帮别人打工多少年终究也是打工，一旦有点不顺就被开除。",
            "time": "18-9-1 20:27"
        },
        {
            "comment id": 33,
            "parent": 32,
            "children": [],
            "user id": "5373369259",
            "user name": "重庆赵大姐家政服务有限公司",
            "content": "我们不要讨论这个问题好吗？讨论来讨论去又没人给你发奖，再说又与你无关，何必呢？",
            "time": "18-9-3 17:48"
        },
        {
            "comment id": 34,
            "parent": 32,
            "children": [],
            "user id": "6025587392",
            "user name": "饕丶餮",
            "content": "你看不出来是谣言？？？还要传！！！",
            "time": "18-9-2 01:59"
        },
        {
            "comment id": 35,
            "parent": 32,
            "children": [],
            "user id": "6025587392",
            "user name": "饕丶餮",
            "content": "你看不出来是谣言？？？还要传！！！",
            "time": "18-9-2 01:57"
        },
        {
            "comment id": 36,
            "parent": -1,
            "children": [
                37
            ],
            "user id": "5373369259",
            "user name": "重庆赵大姐家政服务有限公司",
            "content": "这样的挂面各大商场都有卖，还可以点成一团火，这样的挂面用胶袋加面粉制做能吃吗？",
            "time": "18-8-31 09:34"
        },
        {
            "comment id": 37,
            "parent": 36,
            "children": [],
            "user id": "5373369259",
            "user name": "重庆赵大姐家政服务有限公司",
            "content": "不要只骂别人，而自己呢？仍然是个大傻瓜蛋，食品安全最重要，有的商家为了金钱利益不顾及老百姓生命，包括自己也要每日每餐进用食物，难道你们也不注重食品安全吗？",
            "time": "18-9-1 23:38"
        },
        {
            "comment id": 38,
            "parent": -1,
            "children": [
                39,
                40,
                41,
                42
            ],
            "user id": "3821234029",
            "user name": "S_A_F_T",
            "content": "别吃挂面了，去吃屎吧，屎点不着，坑不了你这弱智",
            "time": "18-8-31 10:51"
        },
        {
            "comment id": 39,
            "parent": 38,
            "children": [],
            "user id": "3929230399",
            "user name": "搓皴手艺人",
            "content": "回复@威言美兰走进新浪微博:来来来，跟我读，出息，出息，出息。跟我读，没文化不可怕，可怕的是无知。没文化不可怕，可怕的是无知。没文化不可怕，可怕的是无知",
            "time": "18-9-3 03:58"
        },
        {
            "comment id": 40,
            "parent": 38,
            "children": [],
            "user id": "5287784364",
            "user name": "非常颓废的人",
            "content": "这个人真的好蠢啊 蠢得我已经无话可说了",
            "time": "18-9-2 20:11"
        },
        {
            "comment id": 41,
            "parent": 38,
            "children": [],
            "user id": "5373369259",
            "user name": "重庆赵大姐家政服务有限公司",
            "content": "文凭再高，书读的再多，沒创出出惜来，只会懂得去辱骂别人，你父母送你读书等于浪费金钱，你真可怜。",
            "time": "18-9-1 20:01"
        },
        {
            "comment id": 42,
            "parent": 38,
            "children": [],
            "user id": "5373369259",
            "user name": "重庆赵大姐家政服务有限公司",
            "content": "你也一样是个弱智，一辈子跟别人当走狗的滋味不好过吧？",
            "time": "18-9-1 19:57"
        },
        {
            "comment id": 43,
            "parent": -1,
            "children": [
                44,
                45,
                46
            ],
            "user id": "5386996250",
            "user name": "爱我中华情2014",
            "content": "没文化真可怕",
            "time": "18-8-31 13:15"
        },
        {
            "comment id": 44,
            "parent": 43,
            "children": [],
            "user id": "3929230399",
            "user name": "搓皴手艺人",
            "content": "回复@食肉AN:这种情况不要用反问句。估计他都不懂反问句，疑问句，肯定句",
            "time": "18-9-3 04:01"
        },
        {
            "comment id": 45,
            "parent": 43,
            "children": [],
            "user id": "2354515275",
            "user name": "F-Optimist",
            "content": "回复@威言美兰走进新浪微博:你在搞笑吗",
            "time": "18-9-2 18:57"
        },
        {
            "comment id": 46,
            "parent": 43,
            "children": [],
            "user id": "5373369259",
            "user name": "重庆赵大姐家政服务有限公司",
            "content": "你文化很高吗？为什么中央办公厅没有你位置？",
            "time": "18-9-1 19:17"
        },
        {
            "comment id": 47,
            "parent": -1,
            "children": [
                48
            ],
            "user id": "1744099507",
            "user name": "ZintheMid",
            "content": "咦被封了，如果是觉得金龙鱼黑，这表情啥意思",
            "time": "18-9-3 12:48"
        },
        {
            "comment id": 48,
            "parent": 47,
            "children": [],
            "user id": "5373369259",
            "user name": "重庆赵大姐家政服务有限公司",
            "content": "不要说那么多没有用的空话，你应该也是帮别打我拿一点工资，何必浪漫口舌之分，食品安全人人注重，难道你不注重吗？",
            "time": "18-9-6 10:37"
        },
        {
            "comment id": 49,
            "parent": -1,
            "children": [],
            "user id": "5373369259",
            "user name": "重庆赵大姐家政服务有限公司",
            "content": "有种你去找拍视频的人，全部都是弱智",
            "time": "18-9-1 19:10"
        },
        {
            "comment id": 50,
            "parent": -1,
            "children": [
                51,
                52,
                53
            ],
            "user id": "5373369259",
            "user name": "重庆赵大姐家政服务有限公司",
            "content": "你们这些无知骂也骂了，我为什么要删？如果你们文明一点不随便乱骂此者，我会考虑删掉，此视频并不是我所拍，我只是在微信群里看到的，为了老百姓的食品安全我转发一下此视频有错吗？难道你们没看到吗？网上到处都在传，你们这么会骂就去骂呗，会骂得你嘴疼的。",
            "time": "18-9-5 23:23"
        },
        {
            "comment id": 51,
            "parent": 50,
            "children": [],
            "user id": "3929230399",
            "user name": "搓皴手艺人",
            "content": "回复@威言美兰走进新浪微博:懂你还发，你这不是……算了，体谅你们那个年代",
            "time": "18-9-6 11:03"
        },
        {
            "comment id": 52,
            "parent": 50,
            "children": [],
            "user id": "5373369259",
            "user name": "重庆赵大姐家政服务有限公司",
            "content": "回复@我有店我骄傲了么:无需你解释，难道别人不懂吗？自以为自己了不起，自作聪明。",
            "time": "18-9-6 10:51"
        },
        {
            "comment id": 53,
            "parent": 50,
            "children": [],
            "user id": "3929230399",
            "user name": "搓皴手艺人",
            "content": "给你解释了你不信啊",
            "time": "18-9-6 10:06"
        },
        {
            "comment id": 54,
            "parent": -1,
            "children": [],
            "user id": "5185731678",
            "user name": "Wgnmdmz",
            "content": "别说点燃成火，你把磨成粉还可以爆炸。",
            "time": "18-8-31 11:42"
        },
        {
            "comment id": 55,
            "parent": -1,
            "children": [],
            "user id": "5776403962",
            "user name": "_L西樓",
            "content": "造谣",
            "time": "18-8-31 10:27"
        },
        {
            "comment id": 56,
            "parent": -1,
            "children": [],
            "user id": "2004715127",
            "user name": "Miao諾曼底的瑪格麗特",
            "content": "哈哈哈哈哈，怕是个傻子吧",
            "time": "18-9-17 10:42"
        },
        {
            "comment id": 57,
            "parent": -1,
            "children": [],
            "user id": "1941245747",
            "user name": "宇宙甜心畅畅张",
            "content": "小米定律安排了",
            "time": "18-9-3 09:16"
        },
        {
            "comment id": 58,
            "parent": -1,
            "children": [],
            "user id": "1798962595",
            "user name": "菠萝吹雪8419",
            "content": "粉尘爆炸",
            "time": "18-8-31 13:23"
        },
        {
            "comment id": 59,
            "parent": -1,
            "children": [],
            "user id": "6445321514",
            "user name": "薛玉宁死不屈",
            "content": "不但金龙鱼，你家的面条都能着，千万别吃",
            "time": "18-8-31 22:13"
        },
        {
            "comment id": 60,
            "parent": -1,
            "children": [],
            "user id": "2759511517",
            "user name": "Goodfornth",
            "content": "已举报",
            "time": "18-8-31 16:21"
        },
        {
            "comment id": 61,
            "parent": -1,
            "children": [],
            "user id": "3617419140",
            "user name": "橙橙的老母亲",
            "content": "简直没有脑子，",
            "time": "18-8-31 13:19"
        },
        {
            "comment id": 62,
            "parent": -1,
            "children": [],
            "user id": "5148878705",
            "user name": "-ww123456789",
            "content": "你真是弱智，这都信。",
            "time": "18-8-31 12:58"
        },
        {
            "comment id": 63,
            "parent": -1,
            "children": [],
            "user id": "2295867823",
            "user name": "jacobbbbbbbbbb",
            "content": "你自己去弄把细面点点就知道能不能点着了",
            "time": "18-8-31 11:21"
        },
        {
            "comment id": 64,
            "parent": -1,
            "children": [],
            "user id": "2427088242",
            "user name": "淡淡夜雨_",
            "content": "大姐 传谣是要负刑责的",
            "time": "18-9-5 23:26"
        },
        {
            "comment id": 65,
            "parent": -1,
            "children": [],
            "user id": "2374420241",
            "user name": "花放放_",
            "content": "@金龙鱼   @益海嘉里  你们公司对造谣的人不起诉吗？",
            "time": "18-9-5 19:36"
        },
        {
            "comment id": 66,
            "parent": -1,
            "children": [],
            "user id": "3196345887",
            "user name": "想要瘦点",
            "content": "虽然都说这个视频是谣言，但我还真不敢吃了，还在上大学的时候就天天吃金龙鱼的（泡面不健康），宿舍用小概率锅，几分钟就能熟，有时想喝汤粘稠一些的，面好像都煮不烂一样，汤还是挺清亮的。为了你自己，还是把视频删了吧，不然真的好多人喷",
            "time": "18-9-4 19:14"
        },
        {
            "comment id": 67,
            "parent": -1,
            "children": [],
            "user id": "2302730673",
            "user name": "无色小彩虹",
            "content": "没文化是多可怕。智商重灾区简直",
            "time": "18-9-2 21:45"
        },
        {
            "comment id": 68,
            "parent": -1,
            "children": [],
            "user id": "2354515275",
            "user name": "F-Optimist",
            "content": "你是大傻子吗",
            "time": "18-9-2 18:56"
        },
        {
            "comment id": 69,
            "parent": -1,
            "children": [],
            "user id": "5942909870",
            "user name": "在风流的道路越走越远",
            "content": "网警来敲门了 记得留门 传谣还振振有词 你咋想的喃",
            "time": "18-9-1 23:57"
        },
        {
            "comment id": 70,
            "parent": -1,
            "children": [],
            "user id": "2686330721",
            "user name": "Jessica-sang",
            "content": "传播谣言",
            "time": "18-9-1 17:33"
        },
        {
            "comment id": 71,
            "parent": -1,
            "children": [],
            "user id": "2427088242",
            "user name": "淡淡夜雨_",
            "content": "看年龄真的是最容易被谣言洗脑的人群",
            "time": "18-8-31 13:46"
        },
        {
            "comment id": 72,
            "parent": -1,
            "children": [],
            "user id": "3211649204",
            "user name": "莱那个啥",
            "content": "哈哈",
            "time": "18-8-31 13:40"
        },
        {
            "comment id": 73,
            "parent": -1,
            "children": [],
            "user id": "6023698219",
            "user name": "同哥哥201609",
            "content": "这他妈的面筋傻叼，还胶，脑子有屎啊",
            "time": "18-9-1 08:59"
        },
        {
            "comment id": 74,
            "parent": -1,
            "children": [],
            "user id": "6314864970",
            "user name": "用户6314864970",
            "content": "你敢在每立方米面粉浓度9.7的地方点根烟吗？",
            "time": "18-8-31 18:43"
        }
    ]
}