{
    "source": {
        "content": "这是前几天飞澳门的飞机✈️遇到切风，迫降深圳的，深圳宝安机场✈️  飞机怎么瞬间跟玩具一样掉下来[撇嘴] 帅哥他爸叶展铄的秒拍视频 ",
        "time": "18-9-10 19:42",
        "user id": "5887975637",
        "tweet id": "GyJHAuQb0",
        "label": 1,
        "theme": null
    },
    "comment": [
        {
            "comment id": 0,
            "parent": -1,
            "children": [
                1
            ],
            "user id": "5763177616",
            "user name": "摘星奎手",
            "content": "视频前半段是游戏里面的，现实客机根本不可能这样翻，这个拼接视频也有人信",
            "time": "18-9-12 20:34"
        },
        {
            "comment id": 1,
            "parent": 0,
            "children": [],
            "user id": "5887975637",
            "user name": "叶展铄一个不想变白的七零后",
            "content": "哪个游戏？",
            "time": "18-9-12 20:37"
        },
        {
            "comment id": 2,
            "parent": -1,
            "children": [],
            "user id": "5887975637",
            "user name": "叶展铄一个不想变白的七零后",
            "content": "将每一天当最后一天来过",
            "time": "18-9-12 10:30"
        },
        {
            "comment id": 3,
            "parent": -1,
            "children": [
                4
            ],
            "user id": "2657926645",
            "user name": "桃井MoMo_",
            "content": "@高价_收购二手航母 @米仓梨子 吓死人",
            "time": "18-9-11 13:23"
        },
        {
            "comment id": 4,
            "parent": 3,
            "children": [],
            "user id": "3835439625",
            "user name": "高价_收购二手航母",
            "content": "机长也是牛逼",
            "time": "18-9-11 23:14"
        },
        {
            "comment id": 5,
            "parent": -1,
            "children": [],
            "user id": "1820273457",
            "user name": "艺鑫啊",
            "content": "这是假的",
            "time": "18-9-13 12:53"
        },
        {
            "comment id": 6,
            "parent": -1,
            "children": [
                7
            ],
            "user id": "5613103711",
            "user name": "軒中軒82075",
            "content": "厉害了我的哥…",
            "time": "18-9-10 20:32"
        },
        {
            "comment id": 7,
            "parent": 6,
            "children": [],
            "user id": "2775443867",
            "user name": "紫棱1359",
            "content": "太吓人了",
            "time": "18-9-11 07:59"
        }
    ]
}