{
    "source": {
        "content": "长沙臭豆腐味道可以说非常不错了 ",
        "time": "18-9-8 03:00",
        "user id": "5201433975",
        "tweet id": "GykhHcI4f",
        "label": 1,
        "theme": null
    },
    "comment": [
        {
            "comment id": 0,
            "parent": -1,
            "children": [
                1,
                2,
                3,
                4,
                5,
                6,
                7,
                8
            ],
            "user id": "1642539613",
            "user name": "刘畅cielo",
            "content": "都辟谣了，你tm还转呢？",
            "time": "18-9-8 03:08"
        },
        {
            "comment id": 1,
            "parent": 0,
            "children": [],
            "user id": "1773510465",
            "user name": "何樯樯",
            "content": "看见大家都骂他我就放心了",
            "time": "18-9-8 17:37"
        },
        {
            "comment id": 2,
            "parent": 0,
            "children": [],
            "user id": "5629970475",
            "user name": "渣浪没我浪",
            "content": "回复@没吃你家大米嘎嘎嘎:P图",
            "time": "18-9-8 15:55"
        },
        {
            "comment id": 3,
            "parent": 0,
            "children": [],
            "user id": "5744761469",
            "user name": "科学狂人砒霜",
            "content": "回复@精致养猪人:话糙理不糙，我上去吐口痰。",
            "time": "18-9-8 14:56"
        },
        {
            "comment id": 4,
            "parent": 0,
            "children": [],
            "user id": "5348381734",
            "user name": "o叫什么不吃饭o",
            "content": "所以真相是什么呀",
            "time": "18-9-8 14:16"
        },
        {
            "comment id": 5,
            "parent": 0,
            "children": [],
            "user id": "6456771367",
            "user name": "放学别走了啊",
            "content": "这个博主想被起诉应该是，上次就因为这个图起诉了几个了",
            "time": "18-9-8 13:48"
        },
        {
            "comment id": 6,
            "parent": 0,
            "children": [],
            "user id": "6399869195",
            "user name": "窝是小学僧",
            "content": "辣鸡博主直接拉黑吧",
            "time": "18-9-8 11:16"
        },
        {
            "comment id": 7,
            "parent": 0,
            "children": [],
            "user id": "5908091037",
            "user name": "双兔尾",
            "content": "一年整个微博那点破内容，重复多少遍，sm的玩意",
            "time": "18-9-8 10:38"
        },
        {
            "comment id": 8,
            "parent": 0,
            "children": [],
            "user id": "6268153582",
            "user name": "Bohemainrhapsody",
            "content": "真的是服了这种号",
            "time": "18-9-8 09:00"
        },
        {
            "comment id": 9,
            "parent": -1,
            "children": [
                10
            ],
            "user id": "2902047037",
            "user name": "拽拽的姿态",
            "content": "永久拉黑",
            "time": "18-9-8 09:57"
        },
        {
            "comment id": 10,
            "parent": 9,
            "children": [],
            "user id": "1914772645",
            "user name": "把五月赶上山",
            "content": "大家别骂了，这种博猪已经死猪不怕开水烫了",
            "time": "18-9-8 12:31"
        },
        {
            "comment id": 11,
            "parent": -1,
            "children": [],
            "user id": "5029295515",
            "user name": "绿娃蛙蛙",
            "content": "这是我们湖南被黑的最惨的一次",
            "time": "18-9-8 03:16"
        },
        {
            "comment id": 12,
            "parent": -1,
            "children": [],
            "user id": "2902047037",
            "user name": "拽拽的姿态",
            "content": "最佩服这种营销号 ，没流量就造谣生事",
            "time": "18-9-8 09:57"
        },
        {
            "comment id": 13,
            "parent": -1,
            "children": [],
            "user id": "5718002881",
            "user name": "b站美女皆我妻",
            "content": "都他妈辟谣了，还发",
            "time": "18-9-8 14:40"
        },
        {
            "comment id": 14,
            "parent": -1,
            "children": [],
            "user id": "3085862451",
            "user name": "提拉加德",
            "content": "我点你🐎的赞",
            "time": "18-9-8 10:35"
        },
        {
            "comment id": 15,
            "parent": -1,
            "children": [
                16,
                17
            ],
            "user id": "3302289362",
            "user name": "别说掉马了",
            "content": "哈哈哈哈哈哈哈哈哈我不听！@一条爱吃肉的终极颜犬 @Hello也耶",
            "time": "18-9-8 14:51"
        },
        {
            "comment id": 16,
            "parent": 15,
            "children": [],
            "user id": "3959097909",
            "user name": "快乐冲塔呀呀",
            "content": "妈的！太吓人了吧！！！",
            "time": "18-9-8 20:07"
        },
        {
            "comment id": 17,
            "parent": 15,
            "children": [],
            "user id": "1797887222",
            "user name": "牙齐小姐最好命",
            "content": "哈哈哈哈哈哈哈哈哈 有毒",
            "time": "18-9-8 16:10"
        },
        {
            "comment id": 18,
            "parent": -1,
            "children": [
                19
            ],
            "user id": "1951791453",
            "user name": "这位同学叫晓明",
            "content": "@一怀中猫一 内容可能对你照成不适，酌情观看",
            "time": "18-9-8 11:09"
        },
        {
            "comment id": 19,
            "parent": 18,
            "children": [],
            "user id": "2750779693",
            "user name": "你宝贝宝贝呵呵Tan",
            "content": "p的",
            "time": "18-9-8 20:48"
        },
        {
            "comment id": 20,
            "parent": -1,
            "children": [],
            "user id": "6380750315",
            "user name": "路蝉西",
            "content": "还不删博呢？？？？",
            "time": "18-9-8 13:02"
        },
        {
            "comment id": 21,
            "parent": -1,
            "children": [],
            "user id": "3195633487",
            "user name": "兔咩咩夫妇",
            "content": "你是真不怕有人抓你啊？",
            "time": "18-9-8 16:29"
        },
        {
            "comment id": 22,
            "parent": -1,
            "children": [],
            "user id": "2810327292",
            "user name": "亲亲loveme",
            "content": "哈哈哈哈，对，没错！",
            "time": "18-9-8 05:50"
        },
        {
            "comment id": 23,
            "parent": -1,
            "children": [
                24
            ],
            "user id": "3972593537",
            "user name": "-应九六",
            "content": "@JaiwyJing 怕了吗",
            "time": "18-9-8 18:15"
        },
        {
            "comment id": 24,
            "parent": 23,
            "children": [],
            "user id": "3136401215",
            "user name": "JaiwyZhu",
            "content": "这个假的吧！！",
            "time": "18-9-8 18:16"
        },
        {
            "comment id": 25,
            "parent": -1,
            "children": [],
            "user id": "6547628819",
            "user name": "明媚阳光hao",
            "content": "？？？",
            "time": "18-9-8 13:31"
        },
        {
            "comment id": 26,
            "parent": -1,
            "children": [],
            "user id": "3994404935",
            "user name": "虎婧DD",
            "content": "@婧宝宝的小羊羔",
            "time": "18-9-8 12:50"
        },
        {
            "comment id": 27,
            "parent": -1,
            "children": [],
            "user id": "3288534921",
            "user name": "Aumeo1",
            "content": "",
            "time": "18-9-8 12:50"
        },
        {
            "comment id": 28,
            "parent": -1,
            "children": [],
            "user id": "5933680155",
            "user name": "疯不器",
            "content": "举报了不客气",
            "time": "18-9-8 10:25"
        },
        {
            "comment id": 29,
            "parent": -1,
            "children": [
                30
            ],
            "user id": "6082051915",
            "user name": "我想要的远在咫尺",
            "content": "@JASON萝",
            "time": "18-9-8 09:39"
        },
        {
            "comment id": 30,
            "parent": 29,
            "children": [],
            "user id": "3518997440",
            "user name": "清脆哈密瓜",
            "content": "十八年前的了",
            "time": "18-9-8 09:54"
        },
        {
            "comment id": 31,
            "parent": -1,
            "children": [],
            "user id": "5824576798",
            "user name": "芭蕉你个芭娜娜",
            "content": "假的，都辟谣了还发你🐴 呢",
            "time": "18-9-8 15:34"
        },
        {
            "comment id": 32,
            "parent": -1,
            "children": [],
            "user id": "1200855282",
            "user name": "芒果胖papa",
            "content": "已举报！！拉黑",
            "time": "18-9-8 13:09"
        },
        {
            "comment id": 33,
            "parent": -1,
            "children": [],
            "user id": "3782330313",
            "user name": "哎呀麻鸭c",
            "content": "早就辟谣了",
            "time": "18-9-8 10:39"
        },
        {
            "comment id": 34,
            "parent": -1,
            "children": [],
            "user id": "6289383167",
            "user name": "深巷的风凉夜的雨",
            "content": "Oh my god",
            "time": "18-9-8 20:41"
        },
        {
            "comment id": 35,
            "parent": -1,
            "children": [],
            "user id": "3321993634",
            "user name": "正在放烊",
            "content": "@王永远lgy",
            "time": "18-9-8 19:13"
        },
        {
            "comment id": 36,
            "parent": -1,
            "children": [],
            "user id": "3091606403",
            "user name": "白龙柏",
            "content": "已举报 不谢",
            "time": "18-9-8 17:13"
        },
        {
            "comment id": 37,
            "parent": -1,
            "children": [],
            "user id": "2644762944",
            "user name": "人间奶绿",
            "content": "拉黑了",
            "time": "18-9-8 16:10"
        },
        {
            "comment id": 38,
            "parent": -1,
            "children": [],
            "user id": "2141817974",
            "user name": "我在人间凑数的日子呦",
            "content": "@杨大鱼是双子座",
            "time": "18-9-8 15:57"
        },
        {
            "comment id": 39,
            "parent": -1,
            "children": [],
            "user id": "1812608582",
            "user name": "我还是不能改名字吗",
            "content": "你们都好激动发现了什么是不是很开心？",
            "time": "18-9-8 14:20"
        },
        {
            "comment id": 40,
            "parent": -1,
            "children": [],
            "user id": "5621380109",
            "user name": "官伯兰",
            "content": "假的",
            "time": "18-9-8 13:33"
        },
        {
            "comment id": 41,
            "parent": -1,
            "children": [],
            "user id": "1914772645",
            "user name": "把五月赶上山",
            "content": "去厂家举报他告他",
            "time": "18-9-8 12:32"
        },
        {
            "comment id": 42,
            "parent": -1,
            "children": [],
            "user id": "5979548696",
            "user name": "CIRCLE不可用",
            "content": "谣言",
            "time": "18-9-8 12:31"
        },
        {
            "comment id": 43,
            "parent": -1,
            "children": [],
            "user id": "2143381080",
            "user name": "Aegean丶老莫",
            "content": "已举报",
            "time": "18-9-8 12:30"
        },
        {
            "comment id": 44,
            "parent": -1,
            "children": [],
            "user id": "1826101703",
            "user name": "山的那边海的那边有一群森井病",
            "content": "已举报，此图已经被厂家证实是ps，而且已经辟谣了，再发这种图是对消费者的误导",
            "time": "18-9-8 12:28"
        },
        {
            "comment id": 45,
            "parent": -1,
            "children": [],
            "user id": "5044267754",
            "user name": "Rock_Dzz",
            "content": "@抵抗万有引力",
            "time": "18-9-8 12:16"
        },
        {
            "comment id": 46,
            "parent": -1,
            "children": [],
            "user id": "6430776729",
            "user name": "不知道就算了0",
            "content": "长这么大，没敢吃过",
            "time": "18-9-8 12:14"
        },
        {
            "comment id": 47,
            "parent": -1,
            "children": [],
            "user id": "2878080190",
            "user name": "阿勿00",
            "content": "p上去的吧",
            "time": "18-9-8 12:13"
        },
        {
            "comment id": 48,
            "parent": -1,
            "children": [],
            "user id": "1799596291",
            "user name": "28Frame",
            "content": "@哈喽角角 这吊",
            "time": "18-9-8 12:12"
        },
        {
            "comment id": 49,
            "parent": -1,
            "children": [],
            "user id": "5669731580",
            "user name": "雨来了sy",
            "content": "是真不怕造谣啊",
            "time": "18-9-8 12:11"
        },
        {
            "comment id": 50,
            "parent": -1,
            "children": [],
            "user id": "2215273643",
            "user name": "Belinda大贝啊",
            "content": "P上去的",
            "time": "18-9-8 12:09"
        },
        {
            "comment id": 51,
            "parent": -1,
            "children": [],
            "user id": "6039126119",
            "user name": "闳时竑拾",
            "content": "举报了",
            "time": "18-9-8 12:05"
        },
        {
            "comment id": 52,
            "parent": -1,
            "children": [],
            "user id": "1964051427",
            "user name": "人俗且怂",
            "content": "h",
            "time": "18-9-8 12:05"
        },
        {
            "comment id": 53,
            "parent": -1,
            "children": [],
            "user id": "6596879892",
            "user name": "对大自然的敬畏之心",
            "content": "本来就是屎尿啊",
            "time": "18-9-8 11:57"
        },
        {
            "comment id": 54,
            "parent": -1,
            "children": [],
            "user id": "2987937073",
            "user name": "lazy_feeling",
            "content": "造谣司马",
            "time": "18-9-8 11:53"
        },
        {
            "comment id": 55,
            "parent": -1,
            "children": [],
            "user id": "5760735334",
            "user name": "L1nC4",
            "content": "@M8Cxh",
            "time": "18-9-8 11:52"
        },
        {
            "comment id": 56,
            "parent": -1,
            "children": [],
            "user id": "5234129222",
            "user name": "源来似你j",
            "content": "举报加一",
            "time": "18-9-8 11:40"
        },
        {
            "comment id": 57,
            "parent": -1,
            "children": [],
            "user id": "1897440471",
            "user name": "鱼鱼子酱鱼子酱",
            "content": "拉黑",
            "time": "18-9-8 11:35"
        },
        {
            "comment id": 58,
            "parent": -1,
            "children": [],
            "user id": "5561814755",
            "user name": "onlywxda",
            "content": "@大丸子小橘子 哈哈哈哈哈",
            "time": "18-9-8 11:35"
        },
        {
            "comment id": 59,
            "parent": -1,
            "children": [],
            "user id": "2304300104",
            "user name": "大口大白",
            "content": "作为一个美食博主，你真的很不负责。1.这是很久前的热门了。2.很久前就被辟谣了",
            "time": "18-9-8 11:33"
        },
        {
            "comment id": 60,
            "parent": -1,
            "children": [],
            "user id": "6575962346",
            "user name": "唯一83431",
            "content": "。。。。",
            "time": "18-9-8 14:15"
        }
    ]
}