{
    "source": {
        "content": "这个小姑娘被拐卖到郑州，她说是望谟的，父亲姓张，认识的或者看到的帮转发一下，但愿早日找到亲人🙏🙏🙏🙏@歐陽娜娜Nana  帮忙转发下 贺氏有位小星星的微博视频 ",
        "time": "18-9-12 15:27",
        "user id": "6583431354",
        "tweet id": "Gz0T4tH1F",
        "label": 1,
        "theme": null
    },
    "comment": [
        {
            "comment id": 0,
            "parent": -1,
            "children": [
                1
            ],
            "user id": "5657255946",
            "user name": "金州网警巡查执法",
            "content": "该信息视频内容与事实不符合，请自行删除或更改该信息内容。经查证该受伤女孩为新乡延津榆林乡西王庄人，当时她和亲人刚刚遭遇一场交通事故。当地村民拍摄视频并在附近村庄微信群内寻找女孩家人，是走失不是被拐卖。目前小女孩早被家人认领回家中。",
            "time": "18-9-12 20:33"
        },
        {
            "comment id": 1,
            "parent": 0,
            "children": [],
            "user id": "6583431354",
            "user name": "贺氏有位小星星",
            "content": "先不管真假   看看小女孩身上的伤   走失还是被拐自有公论",
            "time": "18-9-13 20:04"
        },
        {
            "comment id": 2,
            "parent": -1,
            "children": [
                3,
                4
            ],
            "user id": "5296377711",
            "user name": "暖暖的笑2014",
            "content": "假的，不信你看",
            "time": "18-9-12 20:05"
        },
        {
            "comment id": 3,
            "parent": 2,
            "children": [],
            "user id": "6583431354",
            "user name": "贺氏有位小星星",
            "content": "不是就好  看着挺揪心的",
            "time": "18-9-12 23:26"
        },
        {
            "comment id": 4,
            "parent": 2,
            "children": [],
            "user id": "6583431354",
            "user name": "贺氏有位小星星",
            "content": "哦哦",
            "time": "18-9-12 23:25"
        },
        {
            "comment id": 5,
            "parent": -1,
            "children": [
                6
            ],
            "user id": "5527349550",
            "user name": "长在树上的蓝莓",
            "content": "假的，真的在这里网传：贵州望谟小女孩被拐卖到郑州？真相在这...",
            "time": "18-9-13 10:40"
        },
        {
            "comment id": 6,
            "parent": 5,
            "children": [],
            "user id": "6583431354",
            "user name": "贺氏有位小星星",
            "content": "哦哦   是这样吗",
            "time": "18-9-13 20:03"
        },
        {
            "comment id": 7,
            "parent": -1,
            "children": [],
            "user id": "5296377711",
            "user name": "暖暖的笑2014",
            "content": "微博正文",
            "time": "18-9-12 20:05"
        }
    ]
}