{
    "source": {
        "content": "“山竹”来了，香港实拍 初代寻常目的秒拍视频 ",
        "time": "18-9-16 12:00",
        "user id": "2072785553",
        "tweet id": "GzBeG8lvQ",
        "label": 1,
        "theme": null
    },
    "comment": [
        {
            "comment id": 0,
            "parent": -1,
            "children": [
                1
            ],
            "user id": "1772469872",
            "user name": "大飞鸡",
            "content": "明显不是香港，别造谣",
            "time": "18-9-16 12:15"
        },
        {
            "comment id": 1,
            "parent": 0,
            "children": [
                2
            ],
            "user id": "2072785553",
            "user name": "初代寻常目",
            "content": "小米定律啊，真是诚不我欺！",
            "time": "18-9-16 12:18"
        },
        {
            "comment id": 2,
            "parent": 1,
            "children": [],
            "user id": "1772469872",
            "user name": "大飞鸡",
            "content": "回复@初代寻常目:那你说说这是香港哪条路",
            "time": "18-9-16 13:08"
        },
        {
            "comment id": 3,
            "parent": -1,
            "children": [
                4
            ],
            "user id": "1766594050",
            "user name": "Better比利",
            "content": "你去探险了啊",
            "time": "18-9-16 16:05"
        },
        {
            "comment id": 4,
            "parent": 3,
            "children": [],
            "user id": "2072785553",
            "user name": "初代寻常目",
            "content": "同事拍的",
            "time": "18-9-16 16:36"
        },
        {
            "comment id": 5,
            "parent": -1,
            "children": [],
            "user id": "5417579569",
            "user name": "太卟專一",
            "content": "这是美国北卡附近",
            "time": "18-9-16 16:27"
        },
        {
            "comment id": 6,
            "parent": -1,
            "children": [],
            "user id": "6522335568",
            "user name": "ynwuu",
            "content": "香港没有那么了阔的空地吧！",
            "time": "18-9-16 12:41"
        }
    ]
}