{
    "source": {
        "content": "来自美国太空总署拍到的广东特大台风山竹， 世纪最强台风，现在广州有雨，还没感觉到台风的威力。听说珠海已经开始登陆了。#台风山竹# #广东台风# 夏日科技的秒拍视频 ",
        "time": "18-9-16 12:14",
        "user id": "6438682563",
        "tweet id": "GzBkrra7Q",
        "label": 1,
        "theme": null
    },
    "comment": [
        {
            "comment id": 0,
            "parent": -1,
            "children": [
                1
            ],
            "user id": "5883501170",
            "user name": "于智明0",
            "content": "大哥 现在你出去 你给我说 没太大感觉",
            "time": "18-9-16 17:04"
        },
        {
            "comment id": 1,
            "parent": 0,
            "children": [],
            "user id": "6438682563",
            "user name": "夏日科技",
            "content": "现在有感觉了啊，是中午没感觉。",
            "time": "18-9-16 17:26"
        },
        {
            "comment id": 2,
            "parent": -1,
            "children": [],
            "user id": "6438682563",
            "user name": "夏日科技",
            "content": "听说是很大，但是广州据说要下午6点后才登陆，不过目前在市区是没太大感觉",
            "time": "18-9-16 13:16"
        },
        {
            "comment id": 3,
            "parent": -1,
            "children": [
                4
            ],
            "user id": "2468765142",
            "user name": "是小荣先生",
            "content": "大哥已经辟谣了",
            "time": "18-9-16 19:06"
        },
        {
            "comment id": 4,
            "parent": 3,
            "children": [],
            "user id": "6438682563",
            "user name": "夏日科技",
            "content": "嗯，我看到了，这个不是山竹",
            "time": "18-9-17 12:26"
        },
        {
            "comment id": 5,
            "parent": -1,
            "children": [],
            "user id": "1803281513",
            "user name": "小路环游银河系",
            "content": "这个不是山竹",
            "time": "18-9-16 15:58"
        },
        {
            "comment id": 6,
            "parent": -1,
            "children": [],
            "user id": "2147398070",
            "user name": "Syzao",
            "content": "辟谣了",
            "time": "18-9-16 13:02"
        }
    ]
}