{
    "source": {
        "content": "#台风山竹##超强台风山竹##台风山竹袭来##山竹台风路径##台风山竹 广东##山竹来了# 释梦师的秒拍视频 ",
        "time": "18-9-16 13:26",
        "user id": "5458431732",
        "tweet id": "GzBNSFrRL",
        "label": 1,
        "theme": null
    },
    "comment": [
        {
            "comment id": 0,
            "parent": -1,
            "children": [],
            "user id": "2952615591",
            "user name": "YI_清",
            "content": "这个是谣言，是在美国发生的。刚看完辟谣。",
            "time": "18-9-16 13:49"
        },
        {
            "comment id": 1,
            "parent": -1,
            "children": [],
            "user id": "2974004047",
            "user name": "心灵捕手Jerry",
            "content": "就像好莱坞灾难片",
            "time": "18-9-16 13:35"
        },
        {
            "comment id": 2,
            "parent": -1,
            "children": [],
            "user id": "2808528834",
            "user name": "您的智商-余额不足",
            "content": "辟谣，这是发生在美国。。跟这次山竹没半毛钱关系",
            "time": "18-9-16 15:16"
        },
        {
            "comment id": 3,
            "parent": -1,
            "children": [],
            "user id": "3013603057",
            "user name": "小墨鱼右",
            "content": "这是假的吧",
            "time": "18-9-16 14:22"
        },
        {
            "comment id": 4,
            "parent": -1,
            "children": [],
            "user id": "6351153396",
            "user name": "徐月圆新ID",
            "content": "中国你什么时候见过这么多鸟？",
            "time": "18-9-16 16:11"
        },
        {
            "comment id": 5,
            "parent": -1,
            "children": [],
            "user id": "2797047767",
            "user name": "东南枝上的RED",
            "content": "造谣生事",
            "time": "18-9-16 16:06"
        },
        {
            "comment id": 6,
            "parent": -1,
            "children": [],
            "user id": "2189371845",
            "user name": "转角埋阔剑",
            "content": "朋友圈的视频一半都是旧视频",
            "time": "18-9-16 14:50"
        },
        {
            "comment id": 7,
            "parent": -1,
            "children": [],
            "user id": "6083531607",
            "user name": "Nobuts-",
            "content": "脑子呢",
            "time": "18-9-16 14:29"
        },
        {
            "comment id": 8,
            "parent": -1,
            "children": [],
            "user id": "5485768645",
            "user name": "酷酷姐儿",
            "content": "简直就像世界末日了",
            "time": "18-9-16 14:12"
        },
        {
            "comment id": 9,
            "parent": -1,
            "children": [],
            "user id": "5845640057",
            "user name": "王先生的女友蟹",
            "content": "不知为何，我觉得有点壮观有点心疼小鸟…",
            "time": "18-9-16 14:11"
        },
        {
            "comment id": 10,
            "parent": -1,
            "children": [],
            "user id": "1739490917",
            "user name": "C__小俊",
            "content": "你中了宇智波鼬的幻术了",
            "time": "18-9-16 16:33"
        },
        {
            "comment id": 11,
            "parent": -1,
            "children": [],
            "user id": "5485352929",
            "user name": "亲爱的信哥哥",
            "content": "我愚蠢的弟弟啊！",
            "time": "18-9-16 16:20"
        },
        {
            "comment id": 12,
            "parent": -1,
            "children": [],
            "user id": "5308999247",
            "user name": "聪聪明明伦伦",
            "content": "已经举报",
            "time": "18-9-16 16:19"
        },
        {
            "comment id": 13,
            "parent": -1,
            "children": [],
            "user id": "5774362629",
            "user name": "是杏里呀-",
            "content": "说在美国发生的我就想问一句，国外行驶方向不是在左边吗？",
            "time": "18-9-16 16:17"
        },
        {
            "comment id": 14,
            "parent": -1,
            "children": [],
            "user id": "3526873411",
            "user name": "春田花花童靴会",
            "content": "灾难片！！",
            "time": "18-9-16 15:04"
        },
        {
            "comment id": 15,
            "parent": -1,
            "children": [],
            "user id": "2052132055",
            "user name": "自由遇上你",
            "content": "哪里",
            "time": "18-9-16 13:36"
        },
        {
            "comment id": 16,
            "parent": -1,
            "children": [
                17
            ],
            "user id": "3502261583",
            "user name": "JIMYHt",
            "content": "阿妈贴压死",
            "time": "18-9-16 14:09"
        },
        {
            "comment id": 17,
            "parent": 16,
            "children": [],
            "user id": "2613472875",
            "user name": "_羽秋",
            "content": "寺库油民",
            "time": "18-9-16 14:14"
        },
        {
            "comment id": 18,
            "parent": -1,
            "children": [],
            "user id": "6697809203",
            "user name": "北冥有鱼_918",
            "content": "我的朋友圈里也有视频，可是怎么才能发到微博上？",
            "time": "18-9-16 13:43"
        },
        {
            "comment id": 19,
            "parent": -1,
            "children": [],
            "user id": "6697809203",
            "user name": "北冥有鱼_918",
            "content": "",
            "time": "18-9-16 13:41"
        }
    ]
}