{
    "source": {
        "content": "广东山竹真的有点厉害\n我姐从深圳发我的，ATM里的钱都吹出来了。。。不过没人敢捡。。。 圆滚滚的明月大魔王的秒拍视频 ",
        "time": "18-9-16 13:25",
        "user id": "1215636055",
        "tweet id": "GzBNrc9KP",
        "label": 1,
        "theme": null
    },
    "comment": [
        {
            "comment id": 0,
            "parent": -1,
            "children": [
                1
            ],
            "user id": "1242089705",
            "user name": "吃橘子就吐橘子皮",
            "content": "去年的视频了",
            "time": "18-9-16 13:51"
        },
        {
            "comment id": 1,
            "parent": 0,
            "children": [],
            "user id": "1215636055",
            "user name": "-明月大魔王-",
            "content": "真的吗",
            "time": "18-9-16 14:00"
        },
        {
            "comment id": 2,
            "parent": -1,
            "children": [
                3
            ],
            "user id": "5107991951",
            "user name": "蓝童学",
            "content": "台风天你姐还出门取钱啊？",
            "time": "18-9-16 15:03"
        },
        {
            "comment id": 3,
            "parent": 2,
            "children": [],
            "user id": "1215636055",
            "user name": "-明月大魔王-",
            "content": "当然在家。。不过发了我好多视频",
            "time": "18-9-16 15:04"
        },
        {
            "comment id": 4,
            "parent": -1,
            "children": [],
            "user id": "5395753954",
            "user name": "睡眼添添",
            "content": "钱和命。还是后者重要啊",
            "time": "18-9-16 13:29"
        },
        {
            "comment id": 5,
            "parent": -1,
            "children": [
                6,
                7
            ],
            "user id": "6133795297",
            "user name": "雩歌_",
            "content": "...这损失算谁的-。-",
            "time": "18-9-16 13:27"
        },
        {
            "comment id": 6,
            "parent": 5,
            "children": [],
            "user id": "5752882254",
            "user name": "别惹我哦我会旋转哦",
            "content": "废话，肯定是国家的啊",
            "time": "18-9-16 13:46"
        },
        {
            "comment id": 7,
            "parent": 5,
            "children": [],
            "user id": "2391197757",
            "user name": "疲惫的太阳Orz",
            "content": "其实里面没多少钱",
            "time": "18-9-16 18:06"
        },
        {
            "comment id": 8,
            "parent": -1,
            "children": [],
            "user id": "5084459273",
            "user name": "土豆宝宝-Mr纪",
            "content": "我去我去",
            "time": "18-9-16 13:28"
        },
        {
            "comment id": 9,
            "parent": -1,
            "children": [],
            "user id": "2446803171",
            "user name": "毛一毛一怪",
            "content": "今天看到首页有个人说钱吹他家窗户上了，他还捡了，emmm，那话怎么说来着？天上掉钱？",
            "time": "18-9-16 23:48"
        },
        {
            "comment id": 10,
            "parent": -1,
            "children": [],
            "user id": "3286829102",
            "user name": "皓是告白的皓",
            "content": "哇塞⊙ω⊙",
            "time": "18-9-16 13:55"
        },
        {
            "comment id": 11,
            "parent": -1,
            "children": [],
            "user id": "1198593913",
            "user name": "樱冢月儿",
            "content": "转发给朋友看，朋友说不太像ATM理论上ATM里的钱不打捆。。。觉得貌似也有道理",
            "time": "18-9-16 14:17"
        },
        {
            "comment id": 12,
            "parent": -1,
            "children": [],
            "user id": "3204958171",
            "user name": "·穿墻小柴·",
            "content": "哈哈哈哈哈哈我的妈真天上掉钱",
            "time": "18-9-16 13:34"
        },
        {
            "comment id": 13,
            "parent": -1,
            "children": [],
            "user id": "2174985451",
            "user name": "萌仙大魔王",
            "content": "只想说台风天真的别出门了 ",
            "time": "18-9-16 13:43"
        },
        {
            "comment id": 14,
            "parent": -1,
            "children": [],
            "user id": "5490426176",
            "user name": "书-_-呆子",
            "content": "卧槽",
            "time": "18-9-16 13:26"
        },
        {
            "comment id": 15,
            "parent": -1,
            "children": [],
            "user id": "1814004785",
            "user name": "紫空夜黎",
            "content": "这上去捡到要不要还，如果要还就亏大了",
            "time": "18-9-16 17:41"
        },
        {
            "comment id": 16,
            "parent": -1,
            "children": [],
            "user id": "6347330272",
            "user name": "2044Dontcry",
            "content": "@这不是屁这是屎的挣扎",
            "time": "18-9-16 14:30"
        },
        {
            "comment id": 17,
            "parent": -1,
            "children": [
                18
            ],
            "user id": "2573467001",
            "user name": "老细再嚟一碗",
            "content": "@D丁歪歪 天",
            "time": "18-9-16 19:15"
        },
        {
            "comment id": 18,
            "parent": 17,
            "children": [],
            "user id": "2878589215",
            "user name": "dddiyuyuan",
            "content": "我还在生气咋没来我这呢，我错了",
            "time": "18-9-16 19:42"
        },
        {
            "comment id": 19,
            "parent": -1,
            "children": [
                20
            ],
            "user id": "5032114931",
            "user name": "糖拧拧拧拧拧",
            "content": "@_主人主人芽蠛蝶 真的是大风吹来的钱",
            "time": "18-9-16 18:39"
        },
        {
            "comment id": 20,
            "parent": 19,
            "children": [],
            "user id": "1818932433",
            "user name": "_猫港渔未归",
            "content": "卧槽 真牛逼啊 那钱咋办啊 我想去捡啊 我不要命",
            "time": "18-9-16 19:13"
        }
    ]
}