{
    "source": {
        "content": "台风山竹肆虐广州！网友：感觉世界末日要来了，恐惧加心疼！#台风山竹袭来##台风山竹# 赤道蚂蚁的秒拍视频 ",
        "time": "18-9-16 12:41",
        "user id": "1657014247",
        "tweet id": "GzBvAxRYv",
        "label": 1,
        "theme": null
    },
    "comment": [
        {
            "comment id": 0,
            "parent": -1,
            "children": [],
            "user id": "3104402657",
            "user name": "污辣辣酱",
            "content": "这个视频不是山竹的…",
            "time": "18-9-16 13:00"
        },
        {
            "comment id": 1,
            "parent": -1,
            "children": [],
            "user id": "2615549155",
            "user name": "二师姐布布布",
            "content": "这段视频都发过多少次了，要不要这么假",
            "time": "18-9-16 13:04"
        },
        {
            "comment id": 2,
            "parent": -1,
            "children": [],
            "user id": "1901385655",
            "user name": "壹个小炮手",
            "content": "上次厦门来台风也是这个视频",
            "time": "18-9-16 12:45"
        },
        {
            "comment id": 3,
            "parent": -1,
            "children": [],
            "user id": "2360346154",
            "user name": "园子家的园子",
            "content": "气象局已经辟谣这个视频了",
            "time": "18-9-16 14:28"
        },
        {
            "comment id": 4,
            "parent": -1,
            "children": [],
            "user id": "5898620698",
            "user name": "通网资讯",
            "content": "🙏大家小心！",
            "time": "18-9-17 09:34"
        }
    ]
}