{
    "source": {
        "content": "信用集的秒拍视频",
        "time": "18-9-16 14:09",
        "user id": "2698193575",
        "tweet id": "GzC5276rW",
        "label": 1,
        "theme": null
    },
    "comment": [
        {
            "comment id": 0,
            "parent": -1,
            "children": [
                1,
                2
            ],
            "user id": "6069041324",
            "user name": "西安房房房",
            "content": "额！不带这样的吧！你说是捡呢？还是捡呢？还是捡呢？我们绝不含糊！捡了还给银行！",
            "time": "18-9-16 15:39"
        },
        {
            "comment id": 1,
            "parent": 0,
            "children": [],
            "user id": "2698193575",
            "user name": "信用集",
            "content": "快来学雷锋做好事",
            "time": "18-9-16 15:58"
        },
        {
            "comment id": 2,
            "parent": 0,
            "children": [],
            "user id": "6069041324",
            "user name": "西安房房房",
            "content": "",
            "time": "18-9-16 16:39"
        },
        {
            "comment id": 3,
            "parent": -1,
            "children": [
                4
            ],
            "user id": "2173897177",
            "user name": "周兴橙",
            "content": "印钞厂都是铁箱子…这个是假的",
            "time": "18-9-16 14:46"
        },
        {
            "comment id": 4,
            "parent": 3,
            "children": [],
            "user id": "2698193575",
            "user name": "信用集",
            "content": "",
            "time": "18-9-16 15:58"
        },
        {
            "comment id": 5,
            "parent": -1,
            "children": [
                6
            ],
            "user id": "3305883775",
            "user name": "甲方已签字",
            "content": "这不是 去年天鸽的时候？",
            "time": "18-9-16 16:16"
        },
        {
            "comment id": 6,
            "parent": 5,
            "children": [],
            "user id": "2698193575",
            "user name": "信用集",
            "content": "不晓得",
            "time": "18-9-16 16:17"
        },
        {
            "comment id": 7,
            "parent": -1,
            "children": [],
            "user id": "5823082872",
            "user name": "乐家人生活",
            "content": "都吹到我的口袋里。这大台风的还押运，辛苦了，这次责任不小。",
            "time": "18-9-16 16:03"
        },
        {
            "comment id": 8,
            "parent": -1,
            "children": [],
            "user id": "3277885114",
            "user name": "灬八戒不在家",
            "content": "@DR_StopMilkMe @_逸斯",
            "time": "18-9-16 16:07"
        },
        {
            "comment id": 9,
            "parent": -1,
            "children": [],
            "user id": "1847014172",
            "user name": "hhhhalloooo",
            "content": "捡钱啦",
            "time": "18-9-16 14:24"
        },
        {
            "comment id": 10,
            "parent": -1,
            "children": [],
            "user id": "5958082323",
            "user name": "溜溜的围脖",
            "content": "这可咋整啊",
            "time": "18-9-16 14:15"
        },
        {
            "comment id": 11,
            "parent": -1,
            "children": [],
            "user id": "1110669060",
            "user name": "那谁不在了",
            "content": "故意的吧",
            "time": "18-9-16 17:57"
        },
        {
            "comment id": 12,
            "parent": -1,
            "children": [],
            "user id": "5619158437",
            "user name": "乖乖小学生",
            "content": "😂 钱真有可能是大风吹来的",
            "time": "18-9-16 16:37"
        },
        {
            "comment id": 13,
            "parent": -1,
            "children": [],
            "user id": "3194838521",
            "user name": "我的女票有呆毛",
            "content": "@SunshineWen_818",
            "time": "18-9-16 16:22"
        },
        {
            "comment id": 14,
            "parent": -1,
            "children": [],
            "user id": "5214355961",
            "user name": "萨格拉斯经纪人",
            "content": "银行今天都停业……",
            "time": "18-9-16 16:16"
        },
        {
            "comment id": 15,
            "parent": -1,
            "children": [],
            "user id": "1320471657",
            "user name": "郎叔减肥塑型",
            "content": "@北京郎婶   出门捡钱去",
            "time": "18-9-16 14:15"
        },
        {
            "comment id": 16,
            "parent": -1,
            "children": [],
            "user id": "6610273936",
            "user name": "Autumn_199807",
            "content": "还上班呃",
            "time": "18-9-16 14:59"
        },
        {
            "comment id": 17,
            "parent": -1,
            "children": [],
            "user id": "6071491444",
            "user name": "安防帮",
            "content": "这就尴尬了//@小段玩安防: ",
            "time": "18-9-16 14:51"
        },
        {
            "comment id": 18,
            "parent": -1,
            "children": [],
            "user id": "1570779642",
            "user name": "米壳在路上",
            "content": "",
            "time": "18-9-16 14:50"
        }
    ]
}