{
    "source": {
        "content": "#台风山竹# 据说这是在深圳东门步行街、一家银行门口一箱人民币还没来得及抬上押运车、就被台风刮跑了。（视频来自朋友圈） 我爱掸东的微博视频 ",
        "time": "18-9-16 14:39",
        "user id": "2429640182",
        "tweet id": "GzChrg8AR",
        "label": 1,
        "theme": null
    },
    "comment": [
        {
            "comment id": 0,
            "parent": -1,
            "children": [
                1
            ],
            "user id": "6077035441",
            "user name": "早日实现梦想66",
            "content": "眼看着钱就在眼前不敢出去拿",
            "time": "18-9-16 14:46"
        },
        {
            "comment id": 1,
            "parent": 0,
            "children": [],
            "user id": "2429640182",
            "user name": "我爱掸东",
            "content": "人力在大自然灾害面前是没有办法的。",
            "time": "18-9-16 15:12"
        },
        {
            "comment id": 2,
            "parent": -1,
            "children": [
                3
            ],
            "user id": "3649759897",
            "user name": "Right超人",
            "content": "我要报警，山竹抢劫运钞车",
            "time": "18-9-16 14:49"
        },
        {
            "comment id": 3,
            "parent": 2,
            "children": [],
            "user id": "2429640182",
            "user name": "我爱掸东",
            "content": "关键是山竹归谁管，找谁报警！",
            "time": "18-9-16 15:11"
        },
        {
            "comment id": 4,
            "parent": -1,
            "children": [
                5
            ],
            "user id": "1846354833",
            "user name": "青山绿水长相知",
            "content": "山竹抢银行了",
            "time": "18-9-16 14:52"
        },
        {
            "comment id": 5,
            "parent": 4,
            "children": [],
            "user id": "2429640182",
            "user name": "我爱掸东",
            "content": "明抢，没法！",
            "time": "18-9-16 15:12"
        },
        {
            "comment id": 6,
            "parent": -1,
            "children": [],
            "user id": "5997137442",
            "user name": "Kaesar雷",
            "content": "真实版  钱是大风刮来的",
            "time": "18-9-16 15:13"
        },
        {
            "comment id": 7,
            "parent": -1,
            "children": [],
            "user id": "3523864051",
            "user name": "LYTboss",
            "content": "@L木子然 快来捡钱",
            "time": "18-9-16 15:11"
        },
        {
            "comment id": 8,
            "parent": -1,
            "children": [],
            "user id": "1804144887",
            "user name": "Sibyl-huang",
            "content": "@冷水鱼啊  ！！！",
            "time": "18-9-16 14:49"
        },
        {
            "comment id": 9,
            "parent": -1,
            "children": [],
            "user id": "1908140183",
            "user name": "拾光·掠影",
            "content": "完美诠释:钱是大风刮来的",
            "time": "18-9-16 16:35"
        },
        {
            "comment id": 10,
            "parent": -1,
            "children": [],
            "user id": "3568770605",
            "user name": "独立思考的池鳞君",
            "content": "@勤劳的花哥",
            "time": "18-9-16 14:47"
        }
    ]
}