{
    "source": {
        "content": "#深圳台风# 深圳平安大厦达到最大2米摆动值网页链接 ",
        "time": "18-9-16 14:42",
        "user id": "3508644382",
        "tweet id": "GzCiy77gs",
        "label": 1,
        "theme": null
    },
    "comment": [
        {
            "comment id": 0,
            "parent": -1,
            "children": [
                1,
                2,
                6,
                7
            ],
            "user id": "2129665284",
            "user name": "Xuyunannn",
            "content": "不是平安大厦吧",
            "time": "18-9-16 14:48"
        },
        {
            "comment id": 1,
            "parent": 0,
            "children": [],
            "user id": "1890792334",
            "user name": "FzMlYnaQdJg",
            "content": "这不是平安啊？",
            "time": "18-9-16 19:53"
        },
        {
            "comment id": 2,
            "parent": 0,
            "children": [],
            "user id": "5399598681",
            "user name": "单手玩漂移的小姐姐",
            "content": "深圳的中国民生银行大厦，不是平安大厦",
            "time": "18-9-16 19:38"
        },
        {
            "comment id": 3,
            "parent": 7,
            "children": [],
            "user id": "1926369371",
            "user name": "Kuitery",
            "content": "回复@中小企业主联谊会:中国第一高楼是上海的上海中心大厦，况且你这个不像平安大厦的设计",
            "time": "18-9-16 17:28"
        },
        {
            "comment id": 4,
            "parent": 7,
            "children": [],
            "user id": "1812292882",
            "user name": "Katrina404",
            "content": "回复@中小企业主联谊会:第二",
            "time": "18-9-16 17:11"
        },
        {
            "comment id": 5,
            "parent": 7,
            "children": [],
            "user id": "6384136170",
            "user name": "AngusNE",
            "content": "回复@中小企业主联谊会:睁着眼说瞎话",
            "time": "18-9-16 17:04"
        },
        {
            "comment id": 6,
            "parent": 0,
            "children": [],
            "user id": "2129576435",
            "user name": "wihomes",
            "content": "会不会倒了？",
            "time": "18-9-16 16:14"
        },
        {
            "comment id": 7,
            "parent": 0,
            "children": [
                3,
                4,
                5
            ],
            "user id": "3508644382",
            "user name": "中小企业主联谊会",
            "content": "中国第一高楼平安大厦#台风山竹#",
            "time": "18-9-16 14:51"
        },
        {
            "comment id": 8,
            "parent": -1,
            "children": [],
            "user id": "5075273672",
            "user name": "江阿橙啊",
            "content": "平你🐴的大厦，别造谣",
            "time": "18-9-16 15:32"
        },
        {
            "comment id": 9,
            "parent": -1,
            "children": [],
            "user id": "1850628722",
            "user name": "随遇而安的小木鱼",
            "content": "又要造谣，这栋楼不是平安大厦",
            "time": "18-9-16 15:09"
        },
        {
            "comment id": 10,
            "parent": -1,
            "children": [],
            "user id": "2172792324",
            "user name": "阿至律师",
            "content": "这个是山竹吗？山竹不是很好吃吗？",
            "time": "18-9-16 21:54"
        },
        {
            "comment id": 11,
            "parent": -1,
            "children": [],
            "user id": "1911693461",
            "user name": "鱼大浪大",
            "content": "风太大了！",
            "time": "18-9-19 20:07"
        },
        {
            "comment id": 12,
            "parent": -1,
            "children": [],
            "user id": "1608260215",
            "user name": "上帝蒎我来",
            "content": "不要造谣，这样显得你很白痴。这视频里的明显不是平安大厦",
            "time": "18-9-16 15:03"
        },
        {
            "comment id": 13,
            "parent": -1,
            "children": [],
            "user id": "1893101543",
            "user name": "Do_vesper",
            "content": "这个不是平安大厦，不要哗众取宠了",
            "time": "18-9-16 14:50"
        },
        {
            "comment id": 14,
            "parent": -1,
            "children": [],
            "user id": "1314624804",
            "user name": "二月花已红",
            "content": "有点儿脑子行不，这不是平安大厦。",
            "time": "18-9-16 15:28"
        },
        {
            "comment id": 15,
            "parent": -1,
            "children": [],
            "user id": "1883099655",
            "user name": "虾米1001",
            "content": "视频里是，民生银行新大厦",
            "time": "18-9-16 21:34"
        },
        {
            "comment id": 16,
            "parent": -1,
            "children": [],
            "user id": "3135720593",
            "user name": "潘十七",
            "content": "大家举报他",
            "time": "18-9-16 17:39"
        },
        {
            "comment id": 17,
            "parent": -1,
            "children": [],
            "user id": "3135720593",
            "user name": "潘十七",
            "content": "掉你🐎呢？招摇好玩吗？死🐎玩意",
            "time": "18-9-16 17:38"
        },
        {
            "comment id": 18,
            "parent": -1,
            "children": [],
            "user id": "2039923677",
            "user name": "WhiteSticker",
            "content": "这是深圳福田啊",
            "time": "18-9-16 17:06"
        },
        {
            "comment id": 19,
            "parent": -1,
            "children": [],
            "user id": "1305711562",
            "user name": "-WAI_KIN-",
            "content": "@ChanCarrieBaby",
            "time": "18-9-16 20:15"
        },
        {
            "comment id": 20,
            "parent": -1,
            "children": [],
            "user id": "2243723170",
            "user name": "Ddr36",
            "content": "谣言",
            "time": "18-9-16 19:00"
        },
        {
            "comment id": 21,
            "parent": -1,
            "children": [],
            "user id": "1868162951",
            "user name": "---Ivan77",
            "content": "这谣造的……",
            "time": "18-9-16 18:45"
        },
        {
            "comment id": 22,
            "parent": -1,
            "children": [],
            "user id": "1789204624",
            "user name": "魔都勒布朗",
            "content": "叫你🐎呢 傻批",
            "time": "18-9-16 18:45"
        },
        {
            "comment id": 23,
            "parent": -1,
            "children": [],
            "user id": "2144380293",
            "user name": "细水长流LJL",
            "content": "这不是平安大厦",
            "time": "18-9-16 17:41"
        },
        {
            "comment id": 24,
            "parent": -1,
            "children": [],
            "user id": "1738013204",
            "user name": "这画面太美了",
            "content": "别倒啊，倒了明天股市又要崩",
            "time": "18-9-16 17:30"
        },
        {
            "comment id": 25,
            "parent": -1,
            "children": [],
            "user id": "3837283427",
            "user name": "不知道叫什么名字hhaa",
            "content": "举报造谣者",
            "time": "18-9-16 17:28"
        },
        {
            "comment id": 26,
            "parent": -1,
            "children": [],
            "user id": "1444677991",
            "user name": "脉冲爆轰震空天飞机",
            "content": "这好像是广州那个高楼",
            "time": "18-9-16 17:01"
        },
        {
            "comment id": 27,
            "parent": -1,
            "children": [],
            "user id": "5127382596",
            "user name": "Miss密斯大小姐",
            "content": "造谣",
            "time": "18-9-16 15:23"
        },
        {
            "comment id": 28,
            "parent": -1,
            "children": [],
            "user id": "1789139390",
            "user name": "冰_弦",
            "content": "这是福田平安大厦？哪个角度拍的。对面应该是电信大厦？",
            "time": "18-9-16 15:14"
        },
        {
            "comment id": 29,
            "parent": -1,
            "children": [],
            "user id": "3317403951",
            "user name": "JXIN_Chen",
            "content": "平你🐎呢 这不是平安大厦傻叼",
            "time": "18-9-16 15:10"
        },
        {
            "comment id": 30,
            "parent": -1,
            "children": [],
            "user id": "2028804410",
            "user name": "啵啵崽的小括号",
            "content": "譁眾取寵",
            "time": "18-9-16 14:54"
        },
        {
            "comment id": 31,
            "parent": -1,
            "children": [],
            "user id": "5399598681",
            "user name": "单手玩漂移的小姐姐",
            "content": "这是深圳的中国民生银行，不是平安大厦，小心被举报造谣，查你家的水表哦",
            "time": "18-9-16 19:36"
        },
        {
            "comment id": 32,
            "parent": -1,
            "children": [],
            "user id": "5736801382",
            "user name": "似水虚度云云",
            "content": "不是平安大厦，请不要造谣。",
            "time": "18-9-16 18:59"
        },
        {
            "comment id": 33,
            "parent": -1,
            "children": [],
            "user id": "5669884030",
            "user name": "啃鸡腿的学生",
            "content": "垃圾，指鹿为马",
            "time": "18-9-16 17:09"
        },
        {
            "comment id": 34,
            "parent": -1,
            "children": [],
            "user id": "5646667352",
            "user name": "那就来一碗炒面吧",
            "content": "@只想吃瓜的鱼 天啊",
            "time": "18-9-16 15:24"
        },
        {
            "comment id": 35,
            "parent": -1,
            "children": [],
            "user id": "1894291231",
            "user name": "ZkIyyyy",
            "content": "这都不是平安 别造谣行吗 500转你就去监狱度假去",
            "time": "18-9-16 15:10"
        },
        {
            "comment id": 36,
            "parent": -1,
            "children": [
                40,
                42
            ],
            "user id": "2802054625",
            "user name": "啦咿呀呼",
            "content": "这是广州万菱汇",
            "time": "18-9-16 15:03"
        },
        {
            "comment id": 37,
            "parent": 38,
            "children": [],
            "user id": "1747315783",
            "user name": "放只风筝追飞机",
            "content": "回复@啦咿呀呼:喔，这是18年的，我都忘记为啥当时会这样回你，跟你说声抱歉",
            "time": "21-5-31 17:24"
        },
        {
            "comment id": 38,
            "parent": 40,
            "children": [
                37
            ],
            "user id": "2802054625",
            "user name": "啦咿呀呼",
            "content": "回复@放只风筝追飞机:个个人搜“广州万菱汇台风”，各个新闻都有，不得眼睛不得智商就不要跑到这来丢人现眼，还好意思骂人",
            "time": "21-5-31 17:19"
        },
        {
            "comment id": 39,
            "parent": 40,
            "children": [],
            "user id": "2802054625",
            "user name": "啦咿呀呼",
            "content": "回复@放只风筝追飞机:看看红色小字！！你发的已经是不实新闻了，你眼睛是可以捐了",
            "time": "21-5-31 17:13"
        },
        {
            "comment id": 40,
            "parent": 36,
            "children": [
                38,
                39
            ],
            "user id": "1747315783",
            "user name": "放只风筝追飞机",
            "content": "回复@用户f2r2vj9tph:眼睛瞎了可以捐了 查看图片",
            "time": "21-5-29 10:51"
        },
        {
            "comment id": 41,
            "parent": 42,
            "children": [],
            "user id": "2802054625",
            "user name": "啦咿呀呼",
            "content": "回复@放只风筝追飞机:你才造谣！不得眼睛看新闻！个人搜一下，微博现在都还有",
            "time": "21-5-29 10:41"
        },
        {
            "comment id": 42,
            "parent": 36,
            "children": [
                41
            ],
            "user id": "1747315783",
            "user name": "放只风筝追飞机",
            "content": "别造谣",
            "time": "18-9-16 16:24"
        }
    ]
}