{
    "source": {
        "content": "#台风山竹#台风超话 深圳地标，平安大厦，开始掉玻璃了你还扛得住吗？这台风太吓人了。希望大家都平安无事 股道笔记的微博视频 ",
        "time": "18-9-16 14:59",
        "user id": "2454655415",
        "tweet id": "GzCpzmBmb",
        "label": 1,
        "theme": null
    },
    "comment": [
        {
            "comment id": 0,
            "parent": -1,
            "children": [],
            "user id": "3194297634",
            "user name": "覃点哥",
            "content": "造谣信息，随手举报",
            "time": "18-9-16 15:13"
        },
        {
            "comment id": 1,
            "parent": -1,
            "children": [],
            "user id": "1873974131",
            "user name": "红红啊红",
            "content": "假的，官方已经辟谣。那是拍摄者窗户外的水珠",
            "time": "18-9-16 15:03"
        },
        {
            "comment id": 2,
            "parent": -1,
            "children": [],
            "user id": "6048035972",
            "user name": "爱吃橙子的少男",
            "content": "已辟谣，平安大厦并没有玻璃掉落。只是一些杂物纷飞，错觉。望不要散播谣言",
            "time": "18-9-16 15:03"
        },
        {
            "comment id": 3,
            "parent": -1,
            "children": [],
            "user id": "3348325150",
            "user name": "小村长er",
            "content": "@共青团中央 @新京报",
            "time": "18-9-16 15:03"
        },
        {
            "comment id": 4,
            "parent": -1,
            "children": [],
            "user id": "3348325150",
            "user name": "小村长er",
            "content": "官方说没掉玻璃，你这边说掉玻璃，自媒体舆论也是服",
            "time": "18-9-16 15:02"
        }
    ]
}