{
    "source": {
        "content": "美国太空总署拍摄到世纪最强太平洋恶魔风暴－“山竹”，据传刚落成的珠港澳大桥最高抵御至16级强风，而“山竹”会是强度高达17级的超大型台风🌪🌪🌪🌪这周六晚就要登陆珠江口香港澳门一带了。。 ",
        "time": "18-9-13 23:41",
        "user id": "1732773075",
        "tweet id": "GzdxZhESP",
        "label": 1,
        "theme": null
    },
    "comment": [
        {
            "comment id": 0,
            "parent": -1,
            "children": [
                1
            ],
            "user id": "5859502891",
            "user name": "DaQinaana",
            "content": "这个是美国的啥飓风不是“”山竹”",
            "time": "18-9-17 19:03"
        },
        {
            "comment id": 1,
            "parent": 0,
            "children": [],
            "user id": "1732773075",
            "user name": "为中之道",
            "content": "就是个意思示意",
            "time": "18-9-17 19:04"
        },
        {
            "comment id": 2,
            "parent": -1,
            "children": [
                3
            ],
            "user id": "2009067995",
            "user name": "Leanna_Ly",
            "content": "晚上才登陆是吗？",
            "time": "18-9-14 20:53"
        },
        {
            "comment id": 3,
            "parent": 2,
            "children": [],
            "user id": "1732773075",
            "user name": "为中之道",
            "content": "据说绕到阳江湛江那边了",
            "time": "18-9-14 21:13"
        },
        {
            "comment id": 4,
            "parent": -1,
            "children": [],
            "user id": "1676640554",
            "user name": "ssqsrq",
            "content": "這個圖好漂亮啊，八卦圖。",
            "time": "18-9-16 09:58"
        },
        {
            "comment id": 5,
            "parent": -1,
            "children": [],
            "user id": "1570287802",
            "user name": "風雨顺德人",
            "content": "天佑港珠澳大桥",
            "time": "18-9-14 13:57"
        },
        {
            "comment id": 6,
            "parent": -1,
            "children": [],
            "user id": "1990138111",
            "user name": "PedestrianMonk-ey",
            "content": "这照片不是",
            "time": "18-9-15 23:30"
        },
        {
            "comment id": 7,
            "parent": -1,
            "children": [],
            "user id": "1661996493",
            "user name": "亚洲城堡堡主",
            "content": "呃，这是美国的“佛罗伦斯”飓风。。。。",
            "time": "18-9-15 13:52"
        }
    ]
}