{
    "source": {
        "content": "#台风山竹#【钱真是大风刮来的】网曝深圳东门老街那里ATM机被吹飞了，到处是钱。 #山竹登陆广东台山# 买买提X的微博视频 ",
        "time": "18-9-16 19:05",
        "user id": "1434928235",
        "tweet id": "GzE1igowO",
        "label": 1,
        "theme": null
    },
    "comment": [
        {
            "comment id": 0,
            "parent": -1,
            "children": [],
            "user id": "1653076903",
            "user name": "交通安全蜀黍",
            "content": "钱真是大风刮来的",
            "time": "18-9-16 19:06"
        },
        {
            "comment id": 1,
            "parent": -1,
            "children": [],
            "user id": "1096882402",
            "user name": "GGooglee",
            "content": "真是傻得可以才相信ATM机都吹飞了",
            "time": "18-9-16 19:14"
        },
        {
            "comment id": 2,
            "parent": -1,
            "children": [],
            "user id": "3213010953",
            "user name": "十年不过一瞬间的时间",
            "content": "谁敢捡？",
            "time": "18-9-16 19:08"
        },
        {
            "comment id": 3,
            "parent": -1,
            "children": [],
            "user id": "5029580472",
            "user name": "不是三都",
            "content": "我感觉不是钱 是烟吧",
            "time": "18-9-16 19:08"
        },
        {
            "comment id": 4,
            "parent": -1,
            "children": [],
            "user id": "1949607064",
            "user name": "K水先生",
            "content": "不敢去捡，会没命",
            "time": "18-9-16 19:27"
        },
        {
            "comment id": 5,
            "parent": -1,
            "children": [],
            "user id": "2217386621",
            "user name": "班布的老娘",
            "content": "我天 谁敢去捡",
            "time": "18-9-16 19:06"
        },
        {
            "comment id": 6,
            "parent": -1,
            "children": [],
            "user id": "1236840801",
            "user name": "Mimo_摸",
            "content": "@陈猫同学",
            "time": "18-9-16 23:21"
        },
        {
            "comment id": 7,
            "parent": -1,
            "children": [
                8
            ],
            "user id": "6196965042",
            "user name": "季然1220",
            "content": "@c浩弟",
            "time": "18-9-16 23:32"
        },
        {
            "comment id": 8,
            "parent": 7,
            "children": [],
            "user id": "2845254593",
            "user name": "c浩弟",
            "content": "那是钱吗",
            "time": "18-9-17 02:07"
        },
        {
            "comment id": 9,
            "parent": -1,
            "children": [
                10
            ],
            "user id": "6009894621",
            "user name": "Tiger彪悍的猫生",
            "content": "咋没人去捡",
            "time": "18-9-16 19:07"
        },
        {
            "comment id": 10,
            "parent": 9,
            "children": [],
            "user id": "2507041732",
            "user name": "麦籽小姐",
            "content": "一风大二摄像头",
            "time": "18-9-16 19:19"
        },
        {
            "comment id": 11,
            "parent": -1,
            "children": [],
            "user id": "1738574884",
            "user name": "安德烈鲁森林林林林林林林林林林",
            "content": "这是去年的新闻，瞎JB说",
            "time": "18-9-16 21:28"
        },
        {
            "comment id": 12,
            "parent": -1,
            "children": [
                13
            ],
            "user id": "2935770832",
            "user name": "kana籽",
            "content": "@kana籹",
            "time": "18-9-16 19:51"
        },
        {
            "comment id": 13,
            "parent": 12,
            "children": [],
            "user id": "2105586842",
            "user name": "kana籹",
            "content": "估计没有人敢去捡🙈🙈🙈",
            "time": "18-9-16 19:52"
        },
        {
            "comment id": 14,
            "parent": -1,
            "children": [],
            "user id": "5705013668",
            "user name": "我是你眼里最亮的星星",
            "content": "你一定要先捡回家后，再数钱呦！",
            "time": "18-9-24 16:29"
        },
        {
            "comment id": 15,
            "parent": -1,
            "children": [],
            "user id": "5647594596",
            "user name": "EVO-4G63",
            "content": "@超级大琪哥",
            "time": "18-9-16 20:55"
        },
        {
            "comment id": 16,
            "parent": -1,
            "children": [],
            "user id": "2480107922",
            "user name": "噢喔噢噢-呀",
            "content": "@练就蛇蝎心肠",
            "time": "18-9-16 19:56"
        },
        {
            "comment id": 17,
            "parent": -1,
            "children": [],
            "user id": "1711923282",
            "user name": "熊猫N肆肆",
            "content": "@橙bigger",
            "time": "18-9-16 19:21"
        },
        {
            "comment id": 18,
            "parent": -1,
            "children": [],
            "user id": "3592693677",
            "user name": "不可敏灭wing",
            "content": "想去捡钱💰",
            "time": "18-9-16 19:16"
        },
        {
            "comment id": 19,
            "parent": -1,
            "children": [],
            "user id": "5885682164",
            "user name": "Looie222",
            "content": "@执着李帅 ATM机都吹走了，里头钱都吹走了",
            "time": "18-9-16 19:06"
        },
        {
            "comment id": 20,
            "parent": -1,
            "children": [],
            "user id": "5554108571",
            "user name": "邢博bobobobo",
            "content": "@小小小小甜儿啊",
            "time": "18-9-17 21:50"
        },
        {
            "comment id": 21,
            "parent": -1,
            "children": [],
            "user id": "6434245600",
            "user name": "李阿珊201712",
            "content": "@我是超级大喷子  快來撿錢",
            "time": "18-9-17 01:30"
        },
        {
            "comment id": 22,
            "parent": -1,
            "children": [],
            "user id": "2681290673",
            "user name": "Aurorahyper",
            "content": "@甲乙丙丁都有",
            "time": "18-9-16 21:18"
        },
        {
            "comment id": 23,
            "parent": -1,
            "children": [],
            "user id": "2935770832",
            "user name": "kana籽",
            "content": "@漫天纸飞机 @柚兹yui",
            "time": "18-9-16 19:52"
        },
        {
            "comment id": 24,
            "parent": -1,
            "children": [],
            "user id": "1712416285",
            "user name": "AMAKUSA_帆",
            "content": "我没忍住，笑出了声",
            "time": "18-9-16 19:46"
        },
        {
            "comment id": 25,
            "parent": -1,
            "children": [],
            "user id": "3959795612",
            "user name": "CASS技术",
            "content": "是不钱飞了",
            "time": "18-9-16 19:45"
        },
        {
            "comment id": 26,
            "parent": -1,
            "children": [],
            "user id": "5128577276",
            "user name": "洪先生19920521",
            "content": "不要命的跟我来，我等这一天等了很久了，能不能发就看这次了",
            "time": "18-9-16 19:36"
        },
        {
            "comment id": 27,
            "parent": -1,
            "children": [],
            "user id": "2958406287",
            "user name": "花棘豆子",
            "content": "那个方位都没有提款机",
            "time": "18-9-16 19:29"
        },
        {
            "comment id": 28,
            "parent": -1,
            "children": [],
            "user id": "2510299252",
            "user name": "krisenfest",
            "content": "神他喵ATM里的钱还是一沓沓捆好的",
            "time": "18-9-16 19:25"
        },
        {
            "comment id": 29,
            "parent": -1,
            "children": [],
            "user id": "6067861330",
            "user name": "我们的新欢与旧爱",
            "content": "烟",
            "time": "18-9-16 19:24"
        },
        {
            "comment id": 30,
            "parent": -1,
            "children": [],
            "user id": "1941210875",
            "user name": "old的时空",
            "content": "捡完还是得还回去呀",
            "time": "18-9-16 19:23"
        },
        {
            "comment id": 31,
            "parent": -1,
            "children": [],
            "user id": "1574920961",
            "user name": "大岳魔方-大连岳伟",
            "content": "是不是应该转发这个锦鲤啊，会不会太不厚道了",
            "time": "18-9-16 19:23"
        },
        {
            "comment id": 32,
            "parent": -1,
            "children": [],
            "user id": "2314145841",
            "user name": "辽宁昆叔",
            "content": "目测 三十万",
            "time": "18-9-16 19:18"
        },
        {
            "comment id": 33,
            "parent": -1,
            "children": [
                34
            ],
            "user id": "3158804500",
            "user name": "多啦西内",
            "content": "@差点就蠢死了",
            "time": "18-9-16 19:18"
        },
        {
            "comment id": 34,
            "parent": 33,
            "children": [],
            "user id": "2368792047",
            "user name": "不许这么说",
            "content": "",
            "time": "18-9-16 20:08"
        },
        {
            "comment id": 35,
            "parent": -1,
            "children": [],
            "user id": "2722744050",
            "user name": "_marchdeer",
            "content": "@肖肖肖---肖姑娘 @吴的日常",
            "time": "18-9-16 19:18"
        },
        {
            "comment id": 36,
            "parent": -1,
            "children": [],
            "user id": "3847065795",
            "user name": "浏阳河wuli",
            "content": "可惜都打水漂了",
            "time": "18-9-16 19:16"
        },
        {
            "comment id": 37,
            "parent": -1,
            "children": [],
            "user id": "5734173386",
            "user name": "10_yilin",
            "content": "@Tiansng",
            "time": "18-9-16 19:16"
        },
        {
            "comment id": 38,
            "parent": -1,
            "children": [],
            "user id": "2023086220",
            "user name": "转运喵喵喵",
            "content": "想捡",
            "time": "18-9-16 19:12"
        },
        {
            "comment id": 39,
            "parent": -1,
            "children": [],
            "user id": "5313089823",
            "user name": "郑哏哏呀",
            "content": "@伴你久嘎嘎",
            "time": "18-9-16 19:08"
        },
        {
            "comment id": 40,
            "parent": -1,
            "children": [],
            "user id": "2177977157",
            "user name": "叩爷儿",
            "content": "你",
            "time": "18-9-16 19:07"
        },
        {
            "comment id": 41,
            "parent": -1,
            "children": [],
            "user id": "2070515793",
            "user name": "脆那个皮啊",
            "content": "❗ ❗ ❗ ❗ ",
            "time": "18-9-16 19:06"
        },
        {
            "comment id": 42,
            "parent": -1,
            "children": [],
            "user id": "2276758117",
            "user name": "崔丹瑟儿",
            "content": "@郑星格儿",
            "time": "18-9-16 19:15"
        },
        {
            "comment id": 43,
            "parent": -1,
            "children": [
                44
            ],
            "user id": "1836119533",
            "user name": "啾啾小茉莉",
            "content": "连号的。捡到了，谁敢花？",
            "time": "18-9-16 19:22"
        },
        {
            "comment id": 44,
            "parent": 43,
            "children": [
                45
            ],
            "user id": "5453293080",
            "user name": "董46898",
            "content": "一张张花，去超市买东西，",
            "time": "18-9-16 20:13"
        },
        {
            "comment id": 45,
            "parent": 44,
            "children": [],
            "user id": "1836119533",
            "user name": "啾啾小茉莉",
            "content": "回复@董46898:就是说这些钱都记录了。",
            "time": "18-9-17 01:35"
        },
        {
            "comment id": 46,
            "parent": -1,
            "children": [],
            "user id": "6632375047",
            "user name": "taozi-79",
            "content": "不像钱！像",
            "time": "18-9-16 19:58"
        },
        {
            "comment id": 47,
            "parent": -1,
            "children": [],
            "user id": "5497210312",
            "user name": "无念且无语",
            "content": "去捡",
            "time": "18-9-16 19:06"
        },
        {
            "comment id": 48,
            "parent": -1,
            "children": [],
            "user id": "6647328635",
            "user name": "开心一次就好",
            "content": "不捡是傻瓜",
            "time": "18-9-16 19:10"
        },
        {
            "comment id": 49,
            "parent": -1,
            "children": [],
            "user id": "1719221765",
            "user name": "冬天121",
            "content": "简直逆天了！",
            "time": "18-9-16 19:09"
        }
    ]
}