{
    "source": {
        "content": "据说深圳东门老街那里atm机被吹飞了。事实证明，钱确实是大风刮来的~！ 神回复吐槽帝的秒拍视频 ",
        "time": "18-9-16 21:39",
        "user id": "2660243037",
        "tweet id": "GzF1S66u8",
        "label": 1,
        "theme": null
    },
    "comment": [
        {
            "comment id": 0,
            "parent": -1,
            "children": [
                1,
                2,
                3
            ],
            "user id": "6527024338",
            "user name": "蠢猪",
            "content": "原来天上真的会掉钱",
            "time": "18-9-16 21:49"
        },
        {
            "comment id": 1,
            "parent": 0,
            "children": [],
            "user id": "5124108221",
            "user name": "看到我就叫我去喝水",
            "content": "回复@天天想丧:你和蠢猪是搭档吗哪都有你们两个",
            "time": "18-9-16 22:54"
        },
        {
            "comment id": 2,
            "parent": 0,
            "children": [],
            "user id": "5155208496",
            "user name": "宋素雯",
            "content": "回复@天天想丧:真后悔没听你的。。。。。。。。。老子床板都笑飞了  哈哈哈哈哈哈哈哈哈哈哈哈哈哈哈哈哈哈哈哈哈哈哈哈哈哈哈哈哈哈哈哈哈哈哈哈哈哈哈哈哈哈哈哈哈哈哈哈哈哈哈哈哈哈哈哈",
            "time": "18-9-16 21:49"
        },
        {
            "comment id": 3,
            "parent": 0,
            "children": [],
            "user id": "1144425304",
            "user name": "王永迪DD",
            "content": "千万别看这个蠢猪的微博  你会回来感谢我的",
            "time": "18-9-16 21:49"
        },
        {
            "comment id": 4,
            "parent": -1,
            "children": [],
            "user id": "3058341617",
            "user name": "根号九等于3",
            "content": "辟谣了，这是天鸽的时候的，而且也不是ATM机器",
            "time": "18-9-16 21:56"
        },
        {
            "comment id": 5,
            "parent": -1,
            "children": [
                7,
                8
            ],
            "user id": "64324128",
            "user name": "V丶嵩屾晔",
            "content": "我要命。。 我捡了钱 风再把我一块儿给刮飞喽",
            "time": "18-9-16 21:42"
        },
        {
            "comment id": 6,
            "parent": 7,
            "children": [],
            "user id": "5395871737",
            "user name": "晓MIFans",
            "content": "回复@V丶嵩屾晔:",
            "time": "18-9-17 02:19"
        },
        {
            "comment id": 7,
            "parent": 5,
            "children": [
                6
            ],
            "user id": "64324128",
            "user name": "V丶嵩屾晔",
            "content": "回复@新财:别闹",
            "time": "18-9-17 01:05"
        },
        {
            "comment id": 8,
            "parent": 5,
            "children": [],
            "user id": "5395871737",
            "user name": "晓MIFans",
            "content": "来广东浪",
            "time": "18-9-16 22:19"
        },
        {
            "comment id": 9,
            "parent": -1,
            "children": [],
            "user id": "6189085500",
            "user name": "你怎么跟傻纸一样",
            "content": "是的🙉 ",
            "time": "18-9-16 21:49"
        },
        {
            "comment id": 10,
            "parent": -1,
            "children": [],
            "user id": "5774109137",
            "user name": "晚辅夜雨",
            "content": "银行：一条街的都必须给钱！离柜都不好使",
            "time": "18-9-16 23:04"
        },
        {
            "comment id": 11,
            "parent": -1,
            "children": [],
            "user id": "1632564161",
            "user name": "抽象虚空",
            "content": "要钱还是要命自己选",
            "time": "18-9-16 22:18"
        },
        {
            "comment id": 12,
            "parent": -1,
            "children": [],
            "user id": "3190836121",
            "user name": "大圣没有烦恼",
            "content": "也得凭本事去捡",
            "time": "18-9-17 01:41"
        },
        {
            "comment id": 13,
            "parent": -1,
            "children": [],
            "user id": "2167462813",
            "user name": "最美不过重逢w",
            "content": "@Suzy_凌寒高  ",
            "time": "18-9-16 21:52"
        },
        {
            "comment id": 14,
            "parent": -1,
            "children": [
                15
            ],
            "user id": "1808561684",
            "user name": "我没事就粗溜溜梅你别管我啦",
            "content": "@我不知道微博要叫什么名字 卧槽",
            "time": "18-9-17 05:55"
        },
        {
            "comment id": 15,
            "parent": 14,
            "children": [],
            "user id": "3029623395",
            "user name": "我不知道微博要叫什么名字",
            "content": "妈呀这也不敢去捡吧 感觉不仅飞钱还飞刀子呀",
            "time": "18-9-17 08:04"
        },
        {
            "comment id": 16,
            "parent": -1,
            "children": [],
            "user id": "2046560802",
            "user name": "冰淇淋红茶加奶盖波霸",
            "content": "@CBLUE66",
            "time": "18-9-16 22:04"
        },
        {
            "comment id": 17,
            "parent": -1,
            "children": [],
            "user id": "5462660155",
            "user name": "筱筱心愿lmy",
            "content": "视频是假的，想捡是真的",
            "time": "18-9-16 22:06"
        },
        {
            "comment id": 18,
            "parent": -1,
            "children": [],
            "user id": "2958756261",
            "user name": "奶油芒果酱",
            "content": "@芒果奶油酱",
            "time": "18-9-16 21:54"
        },
        {
            "comment id": 19,
            "parent": -1,
            "children": [],
            "user id": "1836125562",
            "user name": "姚奇龙",
            "content": "没命捡",
            "time": "18-9-16 21:54"
        },
        {
            "comment id": 20,
            "parent": -1,
            "children": [],
            "user id": "2760083947",
            "user name": "我不是朱段",
            "content": "钱真的是大风刮来的@青青子衿悠悠麻雀",
            "time": "18-9-16 21:51"
        },
        {
            "comment id": 21,
            "parent": -1,
            "children": [],
            "user id": "1980492351",
            "user name": "希希希希希希敏",
            "content": "@Psq_",
            "time": "18-9-16 21:46"
        },
        {
            "comment id": 22,
            "parent": -1,
            "children": [],
            "user id": "5324494437",
            "user name": "顾执执执执执_",
            "content": "这么大的风，也一定会有人出去捡钱",
            "time": "18-9-16 21:44"
        },
        {
            "comment id": 23,
            "parent": -1,
            "children": [],
            "user id": "5040931899",
            "user name": "情歌当唱",
            "content": "谣传  之前的",
            "time": "18-9-16 21:41"
        },
        {
            "comment id": 24,
            "parent": -1,
            "children": [],
            "user id": "1744109242",
            "user name": "YJH華",
            "content": "那是上年的",
            "time": "18-9-16 21:40"
        },
        {
            "comment id": 25,
            "parent": -1,
            "children": [],
            "user id": "1851059484",
            "user name": "Neil9995",
            "content": "@wqqLollipop",
            "time": "18-9-20 23:50"
        },
        {
            "comment id": 26,
            "parent": -1,
            "children": [],
            "user id": "5155793789",
            "user name": "Sophy想变鱼",
            "content": "@我叫陈文浩",
            "time": "18-9-20 22:37"
        },
        {
            "comment id": 27,
            "parent": -1,
            "children": [],
            "user id": "2149342571",
            "user name": "青春里飘扬的长裙",
            "content": "@Bell-bell-ring",
            "time": "18-9-18 20:23"
        },
        {
            "comment id": 28,
            "parent": -1,
            "children": [],
            "user id": "5606567209",
            "user name": "努力努力再努力MT",
            "content": "@无所事事李小草",
            "time": "18-9-17 20:07"
        },
        {
            "comment id": 29,
            "parent": -1,
            "children": [],
            "user id": "5458601002",
            "user name": "我就是小考拉",
            "content": "一个比一个造谣更可怕！真的告诉你100%网警来你家查水表",
            "time": "18-9-17 16:56"
        },
        {
            "comment id": 30,
            "parent": -1,
            "children": [],
            "user id": "2676643263",
            "user name": "在嗶一聲之後玩尋人遊戲",
            "content": "@Lok67",
            "time": "18-9-17 16:31"
        },
        {
            "comment id": 31,
            "parent": -1,
            "children": [],
            "user id": "2156775293",
            "user name": "我好像在哪儿见过您",
            "content": "假的，都没人抢",
            "time": "18-9-16 22:45"
        },
        {
            "comment id": 32,
            "parent": -1,
            "children": [],
            "user id": "5235590659",
            "user name": "常年自闭鸽子白",
            "content": "都辟谣了就不要再来搞一次了吧",
            "time": "18-9-16 21:45"
        },
        {
            "comment id": 33,
            "parent": -1,
            "children": [],
            "user id": "3120674041",
            "user name": "郭了个郭712",
            "content": "这是周黑鸭……",
            "time": "18-9-16 22:41"
        },
        {
            "comment id": 34,
            "parent": -1,
            "children": [],
            "user id": "5887073934",
            "user name": "莆田鞋可乐工作室",
            "content": "牛逼的是没去捡钱，而是录视频",
            "time": "18-10-5 01:53"
        },
        {
            "comment id": 35,
            "parent": -1,
            "children": [],
            "user id": "1883138142",
            "user name": "Venomous_Weird",
            "content": "粉转黑",
            "time": "18-9-16 21:49"
        },
        {
            "comment id": 36,
            "parent": -1,
            "children": [],
            "user id": "5505529198",
            "user name": "与三毛流浪",
            "content": "我亲眼看到的",
            "time": "18-9-16 22:43"
        },
        {
            "comment id": 37,
            "parent": -1,
            "children": [],
            "user id": "3305900110",
            "user name": "胶片机Film",
            "content": "@想带着狗跑路",
            "time": "18-9-16 22:05"
        },
        {
            "comment id": 38,
            "parent": -1,
            "children": [],
            "user id": "3319500123",
            "user name": "新的一年更加桑",
            "content": "这时候出去捡很容易丢命吧",
            "time": "18-9-16 21:59"
        }
    ]
}