{
    "source": {
        "content": "这“山竹”有点瘆人\n\n搞笑视频超话微博搞笑排行榜超话 搜查姬z的秒拍视频 ",
        "time": "18-9-15 22:51",
        "user id": "6517802865",
        "tweet id": "Gzw4unBdh",
        "label": 1,
        "theme": null
    },
    "comment": [
        {
            "comment id": 0,
            "parent": -1,
            "children": [
                1
            ],
            "user id": "1967088944",
            "user name": "大虾是猴子请来的烧饼丶",
            "content": "为什么有两个台风眼轮流？不懂",
            "time": "18-9-16 00:17"
        },
        {
            "comment id": 1,
            "parent": 0,
            "children": [],
            "user id": "2165338744",
            "user name": "反犬一苗",
            "content": "阴阳太极",
            "time": "18-9-16 01:36"
        },
        {
            "comment id": 2,
            "parent": -1,
            "children": [],
            "user id": "5409202406",
            "user name": "一纸深藏",
            "content": "这个不是山竹。",
            "time": "18-9-16 19:49"
        },
        {
            "comment id": 3,
            "parent": -1,
            "children": [],
            "user id": "2678094980",
            "user name": "周先生Frank",
            "content": "@永相远信1109 @贱小卫",
            "time": "18-9-16 06:56"
        },
        {
            "comment id": 4,
            "parent": -1,
            "children": [],
            "user id": "3195956562",
            "user name": "仓颉都造不出昵称",
            "content": "@没昵称的拆瑞",
            "time": "18-9-15 22:58"
        },
        {
            "comment id": 5,
            "parent": -1,
            "children": [],
            "user id": "5340981626",
            "user name": "Hap_y",
            "content": "呵呵，假的",
            "time": "18-9-16 23:25"
        },
        {
            "comment id": 6,
            "parent": -1,
            "children": [],
            "user id": "6576225898",
            "user name": "芝士莓莓卷_",
            "content": "害怕  福建人民听着外面狂风呼啸",
            "time": "18-9-15 22:59"
        },
        {
            "comment id": 7,
            "parent": -1,
            "children": [],
            "user id": "6516530724",
            "user name": "那就挽歌吧6516530724",
            "content": "诶呀妈",
            "time": "18-9-15 22:55"
        },
        {
            "comment id": 8,
            "parent": -1,
            "children": [],
            "user id": "3941994693",
            "user name": "樱茵似雪",
            "content": "中国气象局和气象台都辟谣了，这图是假的",
            "time": "18-9-16 11:36"
        }
    ]
}