{
    "source": {
        "content": "大的天灾前夕，动物总是最先感应到的，但愿这次台风过境不要太猛烈。😱😱😱😱 微博视频 ",
        "time": "18-9-15 23:43",
        "user id": "2127895894",
        "tweet id": "GzwpSyjXO",
        "label": 1,
        "theme": null
    },
    "comment": [
        {
            "comment id": 0,
            "parent": -1,
            "children": [],
            "user id": "2787538202",
            "user name": "seTh_w",
            "content": "哈哈哈 官方钦定造谣",
            "time": "18-9-16 15:02"
        },
        {
            "comment id": 1,
            "parent": -1,
            "children": [],
            "user id": "5124969738",
            "user name": "与妳同袍",
            "content": "@就想早睡觉",
            "time": "18-9-15 23:56"
        },
        {
            "comment id": 2,
            "parent": -1,
            "children": [],
            "user id": "5641204155",
            "user name": "ThreeCatYe",
            "content": "哟，骚猪，道德绑架别人又来这里骗粉了？我的小宝贝。你真是6啊。",
            "time": "18-9-17 04:41"
        },
        {
            "comment id": 3,
            "parent": -1,
            "children": [],
            "user id": "1732907263",
            "user name": "科比罗纳尔",
            "content": "造谣",
            "time": "18-9-16 04:21"
        },
        {
            "comment id": 4,
            "parent": -1,
            "children": [],
            "user id": "1414758622",
            "user name": "生活中的风景",
            "content": "不要转发",
            "time": "18-9-16 06:39"
        },
        {
            "comment id": 5,
            "parent": -1,
            "children": [],
            "user id": "1910431183",
            "user name": "简单再简单easy",
            "content": "世界大战里面也是这个场景",
            "time": "18-9-16 05:13"
        },
        {
            "comment id": 6,
            "parent": -1,
            "children": [],
            "user id": "1625202910",
            "user name": "温柔的铁锤妹妹",
            "content": "好可怕",
            "time": "18-9-16 00:02"
        },
        {
            "comment id": 7,
            "parent": -1,
            "children": [],
            "user id": "2790927347",
            "user name": "乐甜派乐天派",
            "content": "这是哪里",
            "time": "18-9-15 23:49"
        },
        {
            "comment id": 8,
            "parent": -1,
            "children": [],
            "user id": "1413206872",
            "user name": "齐玛蓝zimablue",
            "content": "末日的感觉",
            "time": "18-9-16 07:32"
        }
    ]
}