{
    "source": {
        "content": "刘海燕理科700分满分，美国哈佛大学全国冠军，中国人的骄傲，欢迎回国！👏👏👏@微视APP 花哥_Alen的微博视频 ",
        "time": "18-9-16 02:26",
        "user id": "2051678923",
        "tweet id": "Gzxu1EHld",
        "label": 1,
        "theme": null
    },
    "comment": [
        {
            "comment id": 0,
            "parent": -1,
            "children": [
                2,
                3
            ],
            "user id": "5236513525",
            "user name": "靖-哥哥",
            "content": "然而，老外并不在乎",
            "time": "18-9-16 08:04"
        },
        {
            "comment id": 1,
            "parent": 3,
            "children": [],
            "user id": "5236513525",
            "user name": "靖-哥哥",
            "content": "回复@花哥_Alen:前言不搭后语，我只是说了现状而已，很多老外都蔑视我国人",
            "time": "18-9-28 22:38"
        },
        {
            "comment id": 2,
            "parent": 0,
            "children": [],
            "user id": "5026299897",
            "user name": "肥牛金针菇--",
            "content": "你是老外？",
            "time": "18-9-28 15:16"
        },
        {
            "comment id": 3,
            "parent": 0,
            "children": [
                1
            ],
            "user id": "2051678923",
            "user name": "花哥_Alen",
            "content": "嗯！我觉得是时候支持下国产了！反正我买不起！",
            "time": "18-9-16 11:27"
        },
        {
            "comment id": 4,
            "parent": -1,
            "children": [],
            "user id": "2388772582",
            "user name": "晶体三极管",
            "content": "能不要造谣嘛我现在看见这个视频就想吐了",
            "time": "18-10-3 09:36"
        },
        {
            "comment id": 5,
            "parent": -1,
            "children": [],
            "user id": "2851239812",
            "user name": "花火不是摄影师",
            "content": "美国哈佛大学全国冠军什么鬼？？？",
            "time": "18-10-27 22:58"
        },
        {
            "comment id": 6,
            "parent": -1,
            "children": [],
            "user id": "5819444187",
            "user name": "衅皴哥",
            "content": "希望她的素质也和成绩一样优秀。",
            "time": "18-9-24 14:15"
        },
        {
            "comment id": 7,
            "parent": -1,
            "children": [],
            "user id": "3081616553",
            "user name": "要爱世界上最可爱的战战1005",
            "content": "大脑是被上帝亲吻过的",
            "time": "18-9-27 20:11"
        },
        {
            "comment id": 8,
            "parent": -1,
            "children": [],
            "user id": "2252850257",
            "user name": "爱新觉罗志强",
            "content": "收下我的膝盖吧！",
            "time": "18-9-26 15:34"
        }
    ]
}