{
    "source": {
        "content": "從1847年，澳門便頒佈法令宣佈賭博合法化。澳門向有“賭埠”之稱，博彩業在澳門歷史悠久，已有150多年歷史、受颱風“山竹”影響第一次停業休息兩天！ 陳齊齊飛的秒拍视频 ",
        "time": "18-9-16 04:00",
        "user id": "3135898311",
        "tweet id": "Gzy5RiVcW",
        "label": 1,
        "theme": null
    },
    "comment": [
        {
            "comment id": 0,
            "parent": -1,
            "children": [],
            "user id": "5609120674",
            "user name": "_CcYi岚",
            "content": "唔好搞笑啦呢都都唔系澳门来",
            "time": "18-9-16 09:30"
        },
        {
            "comment id": 1,
            "parent": -1,
            "children": [],
            "user id": "3171696184",
            "user name": "大概是你的假粉酱",
            "content": "保佑我家的落地玻璃[淚]不要停水停电，我家猫咪和艾瑞巴蒂都好 你拐个弯吧",
            "time": "18-9-16 07:13"
        },
        {
            "comment id": 2,
            "parent": -1,
            "children": [],
            "user id": "5976392356",
            "user name": "菜菜没名字",
            "content": "山竹让赌徒休息两天不错",
            "time": "18-9-16 05:29"
        },
        {
            "comment id": 3,
            "parent": -1,
            "children": [],
            "user id": "1980836783",
            "user name": "虎处",
            "content": "@Rain小小田",
            "time": "18-9-16 04:09"
        },
        {
            "comment id": 4,
            "parent": -1,
            "children": [],
            "user id": "2157638564",
            "user name": "昆德拉拉拉",
            "content": "这是哪里",
            "time": "18-9-16 04:02"
        },
        {
            "comment id": 5,
            "parent": -1,
            "children": [],
            "user id": "6128131211",
            "user name": "利威尔_baby",
            "content": "这不是美国的视频吗",
            "time": "18-9-16 04:45"
        },
        {
            "comment id": 6,
            "parent": -1,
            "children": [],
            "user id": "6655195154",
            "user name": "双子星星kila",
            "content": "好可怕的自然灾害",
            "time": "18-9-16 04:06"
        }
    ]
}