{
    "source": {
        "content": "听屋头的人说，自贡商业银行要倒闭了，排队取钱的人排起龙浪长  ",
        "time": "18-11-2 16:13",
        "user id": "6054844991",
        "tweet id": "H0Owy8l7r",
        "label": 1,
        "theme": null
    },
    "comment": [
        {
            "comment id": 0,
            "parent": -1,
            "children": [],
            "user id": "1800249685",
            "user name": "陈忠星Array",
            "content": "你还在吗",
            "time": "18-11-2 19:21"
        },
        {
            "comment id": 1,
            "parent": -1,
            "children": [],
            "user id": "3287222135",
            "user name": "明曰梦想家_",
            "content": "不能随便乱说话哦小姐姐，要付出代价的哦",
            "time": "18-11-2 17:56"
        },
        {
            "comment id": 2,
            "parent": -1,
            "children": [],
            "user id": "1907908307",
            "user name": "不再青春仍青春",
            "content": "博主也没造谣吧，他说听说要倒闭了",
            "time": "18-11-3 10:34"
        },
        {
            "comment id": 3,
            "parent": -1,
            "children": [],
            "user id": "2108598773",
            "user name": "SoPengwei",
            "content": "担心你进局子",
            "time": "18-11-2 20:39"
        },
        {
            "comment id": 4,
            "parent": -1,
            "children": [],
            "user id": "5596054788",
            "user name": "妈妈有狗亲我",
            "content": "我妈还专门打电话叫我取钱",
            "time": "18-11-2 22:34"
        },
        {
            "comment id": 5,
            "parent": -1,
            "children": [],
            "user id": "2193136483",
            "user name": "覆雨翻云00",
            "content": "赶紧修改，删除，不然后果严重",
            "time": "18-11-2 21:09"
        },
        {
            "comment id": 6,
            "parent": -1,
            "children": [],
            "user id": "6444932218",
            "user name": "急也急不得",
            "content": "第二句话，是要负责滴",
            "time": "18-11-2 17:05"
        },
        {
            "comment id": 7,
            "parent": -1,
            "children": [],
            "user id": "2093729682",
            "user name": "一面飞天镜",
            "content": "不删，你要出事哦",
            "time": "18-11-2 22:36"
        },
        {
            "comment id": 8,
            "parent": -1,
            "children": [],
            "user id": "6054844991",
            "user name": "芸芸茱莉",
            "content": "为什么删除不了，我删过很多次",
            "time": "18-11-6 11:53"
        },
        {
            "comment id": 9,
            "parent": -1,
            "children": [],
            "user id": "3951374376",
            "user name": "Domiii-",
            "content": "乱说话是要负责任的",
            "time": "18-11-2 18:48"
        },
        {
            "comment id": 10,
            "parent": -1,
            "children": [
                11,
                12,
                13
            ],
            "user id": "3001892731",
            "user name": "filenet",
            "content": "很多人排队，几百人啊。好夸张",
            "time": "18-11-2 18:26"
        },
        {
            "comment id": 11,
            "parent": 10,
            "children": [],
            "user id": "3001892731",
            "user name": "filenet",
            "content": "昨天下午银行挤满了人取钱，大家都看到的，这是事实，不能说吗？我有照片你要不要看嘛？",
            "time": "18-11-3 08:51"
        },
        {
            "comment id": 12,
            "parent": 10,
            "children": [],
            "user id": "3001892731",
            "user name": "filenet",
            "content": "截图什么？只谈事实，不造谣。法制社会",
            "time": "18-11-3 08:49"
        },
        {
            "comment id": 13,
            "parent": 10,
            "children": [],
            "user id": "3066200105",
            "user name": "茶百道冷萃茉莉茶加啵啵",
            "content": "哇大兄弟，你在现场么？你很懂哦，那么跳不怕被截图么？到处都有你",
            "time": "18-11-3 08:44"
        }
    ]
}