{
    "source": {
        "content": "文明执法？这就是你们的文明执法？一下又一下，为什么要如此残忍。明明已经没有反抗之力了，为什么要这么决绝？它们也是一条生命，它们也有生存的权利，狗狗被人类驯化于1.5万年前，至今陪伴了多少人度过了童年？又救过多少人于水深火热之中？它们没有发言权，难道它们连生存的权利也没有么？这发生在哪？\n        这发生在杭州，浙江省省会、中国一线城市、长江三角洲城市群中心城市、环杭州湾大湾区核心城市、杭州都市圈核心城市、沪嘉杭G60科创走廊中心城市、国际重要的电子商务中心，就是这么一个头衔众多的国际化大都市，竟然连它们生存的权利都要剥夺。这么一个一线大都市，连狗狗的生存空间都没有，即使你们要治理要整治，为何要用这么残忍的手段？人性何在？善良何在？文明又何在？口口声声文明执法，缺不断流出血腥，暴力的过程。这是看到的，那么我们看不到的时候呢？那恐怕更血腥，更暴力吧？\n@交通918徐琳  @交通918小麦  @杭州猫狗电台  @杭州交通918  @杭宠小哥哥  @爱宠物部落  @宠物领养  @宠物互助杭州站  @杭州宠物救助会  @杭州动物保护志愿者团队  @杭州iTA动保团队  @猫神传奇张先生  @陶十二  @乡村教师代言人-马云  @文艺泽  @1818黄金眼  @浙传流浪动物之家  @杭州发布  @央视新闻  @杭州城管",
        "time": "18-11-14 00:32",
        "user id": "2620823715",
        "tweet id": "H2xurB35n",
        "label": 1,
        "theme": null
    },
    "comment": [
        {
            "comment id": 0,
            "parent": -1,
            "children": [
                2,
                6
            ],
            "user id": "1955046543",
            "user name": "文艺泽",
            "content": "这是流浪狗吗？",
            "time": "18-11-14 07:41"
        },
        {
            "comment id": 1,
            "parent": 2,
            "children": [],
            "user id": "5161111151",
            "user name": "将军不喝酒",
            "content": "回复@小呀么小一块:你要是和你的组织，愿意收留大可以去收留。自己掏着圣母心浪费其他的社会资源。合适么？",
            "time": "18-12-30 18:01"
        },
        {
            "comment id": 2,
            "parent": 0,
            "children": [
                1
            ],
            "user id": "5515742476",
            "user name": "小呀么小一块",
            "content": "回复@唐吉诃德·多弗朗暗妹:难过，心疼流浪的毛孩子",
            "time": "18-11-17 13:08"
        },
        {
            "comment id": 3,
            "parent": 4,
            "children": [],
            "user id": "5560872423",
            "user name": "多弗朗暗妹",
            "content": "回复@小呀么小一块:人犯错 狗承担就好了 反正他们恨的是狗 又不敢拿人怎么样 他又不敢拿刀捅你",
            "time": "18-11-17 12:23"
        },
        {
            "comment id": 4,
            "parent": 5,
            "children": [
                3
            ],
            "user id": "5515742476",
            "user name": "小呀么小一块",
            "content": "回复@文艺泽:你们经了解，可以了解到狗吃人，狗拆家，狗杀人，他们说什么是什么！！！就是不让流浪狗火！！！他们没人养就必须死么！！！没人养又不是他们可以选的",
            "time": "18-11-17 11:45"
        },
        {
            "comment id": 5,
            "parent": 6,
            "children": [
                4
            ],
            "user id": "1955046543",
            "user name": "文艺泽",
            "content": "回复@杭州爱宠联盟动保团队:经向物业了解到：网友发布微博图片中的黑狗为流浪狗，已咬伤3位业主（1大2小）。打狗的是被咬伤孩子的父亲",
            "time": "18-11-14 13:53"
        },
        {
            "comment id": 6,
            "parent": 0,
            "children": [
                5
            ],
            "user id": "2620823715",
            "user name": "杭州爱宠联盟动保团队",
            "content": "不管是不是流浪狗，都不该如此对待吧？如此残忍的方式。",
            "time": "18-11-14 11:02"
        },
        {
            "comment id": 7,
            "parent": -1,
            "children": [
                8
            ],
            "user id": "2194058287",
            "user name": "陶十二",
            "content": "你还要发哈哈哈哈",
            "time": "18-11-14 15:06"
        },
        {
            "comment id": 8,
            "parent": 7,
            "children": [],
            "user id": "2620823715",
            "user name": "杭州爱宠联盟动保团队",
            "content": "豁出去了。。。",
            "time": "18-11-14 20:40"
        },
        {
            "comment id": 9,
            "parent": -1,
            "children": [
                10,
                11,
                13,
                14,
                15,
                16,
                17
            ],
            "user id": "1955046543",
            "user name": "文艺泽",
            "content": "我已经查清，这根本就不是执法，请原博停止造谣",
            "time": "18-11-14 14:25"
        },
        {
            "comment id": 10,
            "parent": 9,
            "children": [],
            "user id": "5560872423",
            "user name": "多弗朗暗妹",
            "content": "回复@你哭了吗哈:让你滚了？你瞎操心我的事干什么",
            "time": "18-11-17 12:20"
        },
        {
            "comment id": 11,
            "parent": 9,
            "children": [],
            "user id": "6711720549",
            "user name": "夏姬八曲德",
            "content": "回复@唐吉诃德·多弗朗暗妹:你说这话尴尬不？",
            "time": "18-11-17 03:00"
        },
        {
            "comment id": 12,
            "parent": 13,
            "children": [],
            "user id": "5560872423",
            "user name": "多弗朗暗妹",
            "content": "回复@文艺泽:你是滚着来的 全家都滚着来的",
            "time": "18-11-16 10:10"
        },
        {
            "comment id": 13,
            "parent": 9,
            "children": [
                12
            ],
            "user id": "1955046543",
            "user name": "文艺泽",
            "content": "回复@我卡布达觉得你很棒:狗奴是奴隶啊",
            "time": "18-11-15 16:03"
        },
        {
            "comment id": 14,
            "parent": 9,
            "children": [],
            "user id": "5137767214",
            "user name": "我卡布达今天想喝豆浆",
            "content": "卧槽辟谣还要被人骂？这些狗奴们都没脑子吗？",
            "time": "18-11-15 14:50"
        },
        {
            "comment id": 15,
            "parent": 9,
            "children": [],
            "user id": "1955046543",
            "user name": "文艺泽",
            "content": "回复@唐吉诃德·多弗朗暗妹:你滚着来？",
            "time": "18-11-15 12:35"
        },
        {
            "comment id": 16,
            "parent": 9,
            "children": [],
            "user id": "5560872423",
            "user name": "多弗朗暗妹",
            "content": "请你滚",
            "time": "18-11-15 12:16"
        },
        {
            "comment id": 17,
            "parent": 9,
            "children": [],
            "user id": "6146557097",
            "user name": "OTM的小丹",
            "content": "回复@小夹夹克:你他妈可以滚了",
            "time": "18-11-15 11:31"
        },
        {
            "comment id": 18,
            "parent": -1,
            "children": [
                20,
                22,
                24,
                26,
                27
            ],
            "user id": "2257961962",
            "user name": "芸子吃榴莲",
            "content": "我上传不了这个视频！新浪微博不让发！！如此残忍，如此没有人性！请勿文明执法，文明在哪里！揪出视频里的城管必须给惩罚处分，甚至开除，谁给他的权利当街杀狗？有没有想过现场的小孩老人看见能不能接受的了！？",
            "time": "18-11-14 00:43"
        },
        {
            "comment id": 19,
            "parent": 23,
            "children": [],
            "user id": "6711720549",
            "user name": "夏姬八曲德",
            "content": "回复@简贝壳的一方小天地:你自己新闻不会去看？",
            "time": "18-11-17 03:01"
        },
        {
            "comment id": 20,
            "parent": 18,
            "children": [],
            "user id": "6711720549",
            "user name": "夏姬八曲德",
            "content": "回复@无心沁:被咬了不处死那怎么办？新闻报道你眼瞎看不到？好好的人不做，喜欢把自己比做狗？",
            "time": "18-11-17 03:01"
        },
        {
            "comment id": 21,
            "parent": 22,
            "children": [],
            "user id": "2257961962",
            "user name": "芸子吃榴莲",
            "content": "回复@辣比小心啊:垃圾",
            "time": "18-11-15 10:09"
        },
        {
            "comment id": 22,
            "parent": 18,
            "children": [
                21
            ],
            "user id": "1806157484",
            "user name": "辣比小心啊",
            "content": "回复@无心沁:为狗作伥",
            "time": "18-11-15 08:28"
        },
        {
            "comment id": 23,
            "parent": 24,
            "children": [
                19
            ],
            "user id": "3973336814",
            "user name": "简贝壳的一方小天地",
            "content": "回复@自动删除垃圾记忆:你知道是疯狗吗？有证据吗？咬伤了哪个老人哪个小孩？",
            "time": "18-11-14 21:39"
        },
        {
            "comment id": 24,
            "parent": 18,
            "children": [
                23
            ],
            "user id": "2418807237",
            "user name": "自动删除垃圾记忆",
            "content": "回复@无心沁:疯狗不打死，留着咬你吗？",
            "time": "18-11-14 18:02"
        },
        {
            "comment id": 25,
            "parent": 27,
            "children": [],
            "user id": "2257961962",
            "user name": "芸子吃榴莲",
            "content": "回复@自动删除垃圾记忆:被咬了就要活活打死吗？何况有证据证明这狗咬人了吗？那你和人打架你就活该被打死吗",
            "time": "18-11-14 17:58"
        },
        {
            "comment id": 26,
            "parent": 18,
            "children": [],
            "user id": "2384475664",
            "user name": "莫名的云影",
            "content": "视频里哪里有城管，穿制服都是城管吗",
            "time": "18-11-14 15:58"
        },
        {
            "comment id": 27,
            "parent": 18,
            "children": [
                25
            ],
            "user id": "2418807237",
            "user name": "自动删除垃圾记忆",
            "content": "那你有没有想过被这狗咬伤的老人和小孩呢？",
            "time": "18-11-14 14:51"
        },
        {
            "comment id": 28,
            "parent": -1,
            "children": [
                29
            ],
            "user id": "1722443512",
            "user name": "花样背锅指纹",
            "content": "可我们信不过狂犬病疫苗..为了活下去只能出此下策啊..",
            "time": "18-11-14 14:39"
        },
        {
            "comment id": 29,
            "parent": 28,
            "children": [
                30
            ],
            "user id": "2140788937",
            "user name": "小陈脆脆饼",
            "content": "那能不能安乐死？？？街头暴力让孩子们看到都有心理阴影吧？？？？",
            "time": "18-11-15 01:04"
        },
        {
            "comment id": 30,
            "parent": 29,
            "children": [],
            "user id": "1722443512",
            "user name": "花样背锅指纹",
            "content": "回复@____2____:狂犬病的症状让患病犬只极难近身——而远程麻醉的开销和收益又是个问题；街道派出所可能配备手枪却不太可能配备麻醉枪来应对...至于小孩子..在安全面前考虑教育问题算是舍本逐末了。",
            "time": "18-11-15 03:00"
        },
        {
            "comment id": 31,
            "parent": -1,
            "children": [],
            "user id": "1889035074",
            "user name": "玻璃拉拉812",
            "content": "这里就是“天堂”杭州转出去让全世界看到！",
            "time": "18-11-14 03:05"
        },
        {
            "comment id": 32,
            "parent": -1,
            "children": [],
            "user id": "3836390918",
            "user name": "African_Sir",
            "content": "天朝城管的执法素质，这个真的是毋庸置疑的差，无论对人还是对狗，犬证办理动辄几千，这些钱，难道是买抓狗、杀狗的道具？还是进了某些畜生的口袋？把狗当宠物养的人，都支付得起这个费用，只是，这钱去哪了？但愿这个钱，能给流浪狗带来一些生机，如果做不到，这个钱，就给城管补补素质课@饭团菌zz  ",
            "time": "18-11-14 01:14"
        },
        {
            "comment id": 33,
            "parent": -1,
            "children": [],
            "user id": "3186611565",
            "user name": "你永远也叫不醒一个装睡的人",
            "content": "不管是什么狗，都不该这样当街暴力打死啊，我看了都发抖，小孩看到了不会有心理阴影吗？就算这条狗咬了人，也可以先麻醉了再处理掉啊",
            "time": "18-11-14 08:08"
        },
        {
            "comment id": 34,
            "parent": -1,
            "children": [],
            "user id": "6146557097",
            "user name": "OTM的小丹",
            "content": "这条狗咬了三个人！家长来复仇！这也怪城管啊！",
            "time": "18-11-15 11:22"
        },
        {
            "comment id": 35,
            "parent": -1,
            "children": [],
            "user id": "1862411982",
            "user name": "yushiko-叫我瞳大人",
            "content": "评论中某位都能讲以暴制恶，天经地义～还要说其他什么决定的手段不好！！呵 ",
            "time": "18-11-15 08:45"
        },
        {
            "comment id": 36,
            "parent": -1,
            "children": [],
            "user id": "3274632814",
            "user name": "蚂蚁总动员007",
            "content": "你可以说打狗的人残忍，但事实是这打狗的人是业主，边上两人是物业保安，跟执法半毛钱关系都没有，造谣是要付出法律责任的！",
            "time": "18-11-15 11:22"
        },
        {
            "comment id": 37,
            "parent": -1,
            "children": [
                38
            ],
            "user id": "3973336814",
            "user name": "简贝壳的一方小天地",
            "content": "这条狗咬人了吗？确定了吗？咬在哪里了？伤口在哪里？给不出就是造谣！有的人就是要借此机会泄愤！畜生不懂事，人还不如畜生吗？",
            "time": "18-11-14 17:10"
        },
        {
            "comment id": 38,
            "parent": 37,
            "children": [],
            "user id": "1791340837",
            "user name": "助理甲",
            "content": "咬了，我们楼一位业主的小孩。我们小区周边很多拆迁，多了好多流浪狗，白天还好，晚上出门都要被吓一跳。",
            "time": "18-11-14 20:30"
        }
    ]
}