{
    "source": {
        "content": "朋友圈看到的，就在家附近，快过年了，大家都要小心了。小朋友丢了，联系人曹艳，电话137 6261 2323  今天上午的2岁女儿在周浦大润发附近被人拐走了，女儿能说出她爸爸的手机号码 从监控上看是被一个四十多岁男人抱走了现我们家老太太都急疯了 有知情者请告之 万分感谢 看到信息的兄弟姐妹留意一下 联系人 张明均必有重谢  5万元整  谁的群多大家帮忙转发一下！好人一生平安。电话137 6261 2323 ",
        "time": "18-11-22 21:33",
        "user id": "3565792642",
        "tweet id": "H3Tap344O",
        "label": 1,
        "theme": null
    },
    "comment": [
        {
            "comment id": 0,
            "parent": -1,
            "children": [
                2
            ],
            "user id": "3565792642",
            "user name": "IamKJZ",
            "content": "骗人的，很生气😤",
            "time": "18-11-22 22:07"
        },
        {
            "comment id": 1,
            "parent": 2,
            "children": [],
            "user id": "3565792642",
            "user name": "IamKJZ",
            "content": "回复@发芽的豆子yoyo:不是，就是单纯骗人的，大家不要上当，我没有删是因为想让大家知道这个骗人的，自己朋友圈看到了也可以提醒自己的朋友。",
            "time": "18-11-23 17:53"
        },
        {
            "comment id": 2,
            "parent": 0,
            "children": [
                1
            ],
            "user id": "1936458694",
            "user name": "发芽的豆子yoyo",
            "content": "孩子找到了？",
            "time": "18-11-22 22:11"
        },
        {
            "comment id": 3,
            "parent": -1,
            "children": [
                4
            ],
            "user id": "1709006223",
            "user name": "_DoDoDoris_",
            "content": "我也在朋友圈看到，而且还转发了，不过不是写在周浦大润发被拐，而是我们当地的大润发，是不是骗人的？",
            "time": "18-11-22 22:36"
        },
        {
            "comment id": 4,
            "parent": 3,
            "children": [],
            "user id": "3565792642",
            "user name": "IamKJZ",
            "content": "骗人的，有人证实了",
            "time": "18-11-23 17:53"
        },
        {
            "comment id": 5,
            "parent": -1,
            "children": [],
            "user id": "5548353813",
            "user name": "我最爱p大了",
            "content": "这是个诈骗电话不要打 吸费",
            "time": "18-11-23 08:52"
        }
    ]
}