{
    "source": {
        "content": "美国一个街区发生爆炸，具体什么原因不详…… 长治吴沪先的秒拍视频 ",
        "time": "18-12-18 22:07",
        "user id": "6205554064",
        "tweet id": "H7Qv5Ctjo",
        "label": 1,
        "theme": null
    },
    "comment": [
        {
            "comment id": 0,
            "parent": -1,
            "children": [
                1,
                2,
                3,
                4
            ],
            "user id": "1920172907",
            "user name": "一种懒惰的执着",
            "content": "谣言，这是天津港的视频",
            "time": "18-12-19 09:18"
        },
        {
            "comment id": 1,
            "parent": 0,
            "children": [],
            "user id": "1935128367",
            "user name": "Jack-斯洛伐克2011",
            "content": "回复@Nicholas背包走天下:天津的老外明显韩国的多，哪有什么黑人",
            "time": "18-12-19 20:32"
        },
        {
            "comment id": 2,
            "parent": 0,
            "children": [],
            "user id": "5727303618",
            "user name": "chuquewushanfeiyunye",
            "content": "天津港的人英文不错",
            "time": "18-12-19 13:10"
        },
        {
            "comment id": 3,
            "parent": 0,
            "children": [],
            "user id": "2504614017",
            "user name": "Nicholaslyb",
            "content": "天津人英语还说得挺好，都是黑人口音",
            "time": "18-12-19 13:10"
        },
        {
            "comment id": 4,
            "parent": 0,
            "children": [],
            "user id": "6205554064",
            "user name": "长治吴沪先",
            "content": "谢谢🙏我的信息源不确定。",
            "time": "18-12-19 10:30"
        },
        {
            "comment id": 5,
            "parent": -1,
            "children": [
                6
            ],
            "user id": "3029265003",
            "user name": "oubaKK",
            "content": "微博巡逻搜索辟谣，已经找官方记者确认谣传。",
            "time": "18-12-19 20:54"
        },
        {
            "comment id": 6,
            "parent": 5,
            "children": [],
            "user id": "6205554064",
            "user name": "长治吴沪先",
            "content": "",
            "time": "18-12-19 21:26"
        },
        {
            "comment id": 7,
            "parent": -1,
            "children": [],
            "user id": "6179784278",
            "user name": "lywzbwzt",
            "content": "赶快删了吧！别在传谣",
            "time": "18-12-19 22:31"
        },
        {
            "comment id": 8,
            "parent": -1,
            "children": [],
            "user id": "1747569494",
            "user name": "love_lightsnow",
            "content": "谣言好吧，一点判断力都没有，",
            "time": "18-12-19 20:19"
        },
        {
            "comment id": 9,
            "parent": -1,
            "children": [],
            "user id": "2684458993",
            "user name": "贞鹏凡",
            "content": "美国曼哈顿发生爆炸",
            "time": "18-12-18 22:33"
        },
        {
            "comment id": 10,
            "parent": -1,
            "children": [],
            "user id": "2805965853",
            "user name": "智领569",
            "content": "知道原因吗？",
            "time": "18-12-19 08:24"
        },
        {
            "comment id": 11,
            "parent": -1,
            "children": [],
            "user id": "2286612764",
            "user name": "Gemini_wege",
            "content": "@倪二雅",
            "time": "18-12-19 00:11"
        }
    ]
}