{
    "source": {
        "content": "崔永元主持人[超话]超话就在 刚刚！！！\n\n         美国真的真的又出大事了！！！\n\n        纽约皇后区发生商业街大爆炸事件，\n又一次911。美国的电视已经在报道。\n\n        （商业收到重创，经济影响慎重。）\n\n     又有人或国家来背黑锅了 小鲜鱼与小鲜驴的微博视频 ",
        "time": "18-12-19 23:50",
        "user id": "6046113751",
        "tweet id": "H80BrceaW",
        "label": 1,
        "theme": null
    },
    "comment": [
        {
            "comment id": 0,
            "parent": -1,
            "children": [
                3
            ],
            "user id": "6046113751",
            "user name": "小鲜鱼与小鲜驴",
            "content": "再不让删除，我可继续转发的",
            "time": "18-12-21 18:14"
        },
        {
            "comment id": 1,
            "parent": 2,
            "children": [],
            "user id": "6599863967",
            "user name": "别名新鑫",
            "content": "回复@小鲜鱼与小鲜驴:",
            "time": "18-12-21 23:36"
        },
        {
            "comment id": 2,
            "parent": 3,
            "children": [
                1
            ],
            "user id": "6046113751",
            "user name": "小鲜鱼与小鲜驴",
            "content": "回复@别名新鑫:呵呵",
            "time": "18-12-21 22:01"
        },
        {
            "comment id": 3,
            "parent": 0,
            "children": [
                2
            ],
            "user id": "6599863967",
            "user name": "别名新鑫",
            "content": "",
            "time": "18-12-21 18:38"
        },
        {
            "comment id": 4,
            "parent": -1,
            "children": [],
            "user id": "6046113751",
            "user name": "小鲜鱼与小鲜驴",
            "content": "这么多无用的视频。都能发。TMD那些举报贪腐，曝光黑暗的视频一个也不让过",
            "time": "18-12-30 22:01"
        },
        {
            "comment id": 5,
            "parent": -1,
            "children": [
                6
            ],
            "user id": "5292002366",
            "user name": "扬州茉莉花1",
            "content": "烧的好！",
            "time": "18-12-24 00:04"
        },
        {
            "comment id": 6,
            "parent": 5,
            "children": [],
            "user id": "6046113751",
            "user name": "小鲜鱼与小鲜驴",
            "content": "假的。是咱们天津",
            "time": "18-12-24 21:47"
        },
        {
            "comment id": 7,
            "parent": -1,
            "children": [],
            "user id": "6046113751",
            "user name": "小鲜鱼与小鲜驴",
            "content": "大事件 ",
            "time": "18-12-19 23:51"
        },
        {
            "comment id": 8,
            "parent": -1,
            "children": [],
            "user id": "6046113751",
            "user name": "小鲜鱼与小鲜驴",
            "content": "回复@反腐电话17710741685举报部长 的表态:假的，是咱们天津那次爆炸事件",
            "time": "18-12-24 22:01"
        },
        {
            "comment id": 9,
            "parent": -1,
            "children": [],
            "user id": "6046113751",
            "user name": "小鲜鱼与小鲜驴",
            "content": "听！！！这爆炸声，牛逼吗？",
            "time": "18-12-22 23:36"
        },
        {
            "comment id": 10,
            "parent": -1,
            "children": [],
            "user id": "6046113751",
            "user name": "小鲜鱼与小鲜驴",
            "content": "回复@罗辑809 的表态:假的",
            "time": "18-12-31 20:26"
        },
        {
            "comment id": 11,
            "parent": -1,
            "children": [],
            "user id": "2585892427",
            "user name": "郭爱香666",
            "content": "假的",
            "time": "18-12-20 07:32"
        },
        {
            "comment id": 12,
            "parent": -1,
            "children": [],
            "user id": "6559074235",
            "user name": "如果这是一个人的情话",
            "content": "这是那年天津爆炸视频！不要传谣",
            "time": "18-12-20 00:29"
        },
        {
            "comment id": 13,
            "parent": -1,
            "children": [],
            "user id": "1667327061",
            "user name": "深沉的草地",
            "content": "又一个造谣的",
            "time": "18-12-20 02:07"
        },
        {
            "comment id": 14,
            "parent": -1,
            "children": [],
            "user id": "5292002366",
            "user name": "扬州茉莉花1",
            "content": "回复@反腐电话17710741685举报部长 的表态:欢迎新朋友欣赏雅评留香。下午好👏👏👏",
            "time": "18-12-25 14:01"
        },
        {
            "comment id": 15,
            "parent": -1,
            "children": [],
            "user id": "1772913161",
            "user name": "马克菠萝",
            "content": "现代义和团们得了“破坏美国妄想症”！",
            "time": "18-12-20 01:00"
        }
    ]
}