{
    "source": {
        "content": "美国纽约皇后区刚刚发生商业街大爆炸事件，又一次“911”！美国的电视已经在报道，我们静候央视今晚报道…… 8023-Maggie的微博视频 ",
        "time": "18-12-20 00:25",
        "user id": "2342409767",
        "tweet id": "H80PCgErh",
        "label": 1,
        "theme": null
    },
    "comment": [
        {
            "comment id": 0,
            "parent": -1,
            "children": [],
            "user id": "6559074235",
            "user name": "如果这是一个人的情话",
            "content": "这是那年天津爆炸视频！不要传谣",
            "time": "18-12-20 00:29"
        },
        {
            "comment id": 1,
            "parent": -1,
            "children": [],
            "user id": "1808034893",
            "user name": "传说中的晖姐",
            "content": "手机不错",
            "time": "18-12-20 14:45"
        },
        {
            "comment id": 2,
            "parent": -1,
            "children": [],
            "user id": "2490302210",
            "user name": "天涯淘气叔叔",
            "content": "扯淡！瞎传",
            "time": "18-12-20 06:35"
        },
        {
            "comment id": 3,
            "parent": -1,
            "children": [],
            "user id": "1667327061",
            "user name": "深沉的草地",
            "content": "组团造谣了",
            "time": "18-12-20 02:06"
        },
        {
            "comment id": 4,
            "parent": -1,
            "children": [
                5
            ],
            "user id": "1772913161",
            "user name": "马克菠萝",
            "content": "MD你是有破坏美国妄想症吧！",
            "time": "18-12-20 00:58"
        },
        {
            "comment id": 5,
            "parent": 4,
            "children": [],
            "user id": "5813513498",
            "user name": "cyril4567",
            "content": "确实太变态了！是个沙雕",
            "time": "19-6-14 02:37"
        },
        {
            "comment id": 6,
            "parent": -1,
            "children": [],
            "user id": "1458080317",
            "user name": "光明太子",
            "content": "坐等50条准备进去",
            "time": "18-12-20 08:07"
        }
    ]
}