{
    "source": {
        "content": "南京清洁工带上电子手环，休息二十分钟就触发警报好像本来是用来监测生命体征，怎么落实下来感觉变味儿了 ",
        "time": "21-1-4 12:31",
        "user id": "5511008040",
        "tweet id": "JBBue34qA",
        "label": 1,
        "theme": null
    },
    "comment": [
        {
            "comment id": 0,
            "parent": -1,
            "children": [
                2,
                3,
                5,
                11,
                15,
                16,
                17
            ],
            "user id": "1766823594",
            "user name": "博士偏头痛",
            "content": "18年的新闻21年发所以是“不实”，既然这样那20年的疫情21年说应该也是“不实”咯？——哦对不起，我忘了已经“不实”过一次了",
            "time": "21-1-4 16:49"
        },
        {
            "comment id": 1,
            "parent": 2,
            "children": [],
            "user id": "3218438307",
            "user name": "叛逆的能能",
            "content": "回复@米饭炒星星:",
            "time": "21-1-7 22:32"
        },
        {
            "comment id": 2,
            "parent": 0,
            "children": [
                1
            ],
            "user id": "5242844022",
            "user name": "米饭炒星星",
            "content": "@叛逆的能能 …",
            "time": "21-1-7 22:31"
        },
        {
            "comment id": 3,
            "parent": 0,
            "children": [],
            "user id": "6894109660",
            "user name": "强颜入世苦支离",
            "content": "快停止你不正确的集体记忆",
            "time": "21-1-5 04:39"
        },
        {
            "comment id": 4,
            "parent": 5,
            "children": [],
            "user id": "1766823594",
            "user name": "博士偏头痛",
            "content": "回复@出豕离兽:对啊，根本就不应该一刀切，客服联系发视频和发博人写清楚时间就好了，而且根据b站发视频的人说，ta留学生的视频也被退回了，就很无辜",
            "time": "21-1-5 01:12"
        },
        {
            "comment id": 5,
            "parent": 0,
            "children": [
                4
            ],
            "user id": "1000452535",
            "user name": "出豕离兽",
            "content": "禁言是应该的，只是这不实标签不合适，官方把老新闻备注在这条下面就行了。至于禁言，如果不搞的话，每个月删了重发一次就是新流量密码了",
            "time": "21-1-5 01:03"
        },
        {
            "comment id": 6,
            "parent": 7,
            "children": [],
            "user id": "1766823594",
            "user name": "博士偏头痛",
            "content": "回复@宋居寒人间花孔雀11:网络冲浪太不容易了哈哈哈",
            "time": "21-1-5 00:07"
        },
        {
            "comment id": 7,
            "parent": 8,
            "children": [
                6
            ],
            "user id": "5976063057",
            "user name": "宋居寒人间花孔雀11",
            "content": "回复@博士偏头痛:啊啊啊是吗，我还以为是骂人",
            "time": "21-1-5 00:06"
        },
        {
            "comment id": 8,
            "parent": 9,
            "children": [
                7
            ],
            "user id": "1766823594",
            "user name": "博士偏头痛",
            "content": "回复@宋居寒人间花孔雀11:哈哈哈我觉得那个是友军啊，因为用了引号",
            "time": "21-1-5 00:05"
        },
        {
            "comment id": 9,
            "parent": 10,
            "children": [
                8
            ],
            "user id": "5976063057",
            "user name": "宋居寒人间花孔雀11",
            "content": "回复@博士偏头痛:有人说你宣扬仇恨，我都笑死了居然现在还有人搞这个，这就是社会事实，说出来就宣扬仇恨了???",
            "time": "21-1-5 00:04"
        },
        {
            "comment id": 10,
            "parent": 11,
            "children": [
                9
            ],
            "user id": "1766823594",
            "user name": "博士偏头痛",
            "content": "回复@宋居寒人间花孔雀11:下面还有个人跟我杠呢，我寻思他可能就是b站截图里“18年的事21年不应该发”的一员吧",
            "time": "21-1-4 23:58"
        },
        {
            "comment id": 11,
            "parent": 0,
            "children": [
                10
            ],
            "user id": "5976063057",
            "user name": "宋居寒人间花孔雀11",
            "content": "太恶臭了",
            "time": "21-1-4 23:56"
        },
        {
            "comment id": 12,
            "parent": 13,
            "children": [],
            "user id": "1766823594",
            "user name": "博士偏头痛",
            "content": "回复@浪人浪语:很明显都不是，首先1.这不是新闻媒体发出来的，所以不是“新闻”，2.也不是狭义的“历史”，因为还没有严重到记事性。所以我认为这是一个社会现象，就像拼多多员工猝死一样；就和B站大大小小，严肃幽默的视频一样，都是社会的一面",
            "time": "21-1-4 23:32"
        },
        {
            "comment id": 13,
            "parent": 14,
            "children": [
                12
            ],
            "user id": "6568002553",
            "user name": "浪人浪语",
            "content": "回复@博士偏头痛:哦，所以这个是当新闻发的还是当历史发的？",
            "time": "21-1-4 23:27"
        },
        {
            "comment id": 14,
            "parent": 15,
            "children": [
                13
            ],
            "user id": "1766823594",
            "user name": "博士偏头痛",
            "content": "回复@浪人浪语:？？？你说什么屁话呢？新闻原来不是历史的一部分啊，那难道是未来？",
            "time": "21-1-4 23:24"
        },
        {
            "comment id": 15,
            "parent": 0,
            "children": [
                14
            ],
            "user id": "6568002553",
            "user name": "浪人浪语",
            "content": "新闻和历史是一回事？",
            "time": "21-1-4 23:15"
        },
        {
            "comment id": 16,
            "parent": 0,
            "children": [],
            "user id": "5694672640",
            "user name": "我是一粒花椒",
            "content": "“宣 扬 仇 恨”",
            "time": "21-1-4 20:12"
        },
        {
            "comment id": 17,
            "parent": 0,
            "children": [],
            "user id": "1766823594",
            "user name": "博士偏头痛",
            "content": "有胆子就把考研政治的史纲给去了，不然就是境外势力嗷，“2021年还学1921的旧闻，有点东西”",
            "time": "21-1-4 19:10"
        },
        {
            "comment id": 18,
            "parent": -1,
            "children": [
                19
            ],
            "user id": "6395048229",
            "user name": "Lighting_ml",
            "content": "看了看举报的信息，原来是真真实实发生过只不过是旧闻，还是震惊",
            "time": "21-1-4 16:53"
        },
        {
            "comment id": 19,
            "parent": 18,
            "children": [],
            "user id": "5337545054",
            "user name": "我这边好安静",
            "content": "真是绝了  看到微博提醒说是不实消息  点进去一看  原来只是不是“新闻”而已啊  以前发生过的事情居然也可以被称为不实消息了",
            "time": "21-1-5 03:43"
        },
        {
            "comment id": 20,
            "parent": -1,
            "children": [
                22,
                23,
                27,
                30,
                36,
                40,
                41,
                43,
                44,
                45,
                46,
                47,
                48,
                49,
                51,
                53
            ],
            "user id": "3708632785",
            "user name": "淑芬大大N",
            "content": "一个月不到两千块的工资 都是上了年纪的老人 太没有人情味了",
            "time": "21-1-4 12:32"
        },
        {
            "comment id": 21,
            "parent": 36,
            "children": [],
            "user id": "2723877983",
            "user name": "桐崎千棘c",
            "content": "回复@神_密:劳动合同是有  但是你指望那些大字不识几个的大爷大妈去和一个有完整法务部门的大公司打官司？只能说上有政策下有对策",
            "time": "21-1-14 16:26"
        },
        {
            "comment id": 22,
            "parent": 20,
            "children": [],
            "user id": "3255887470",
            "user name": "AN星火燎原",
            "content": "一个月650/800，八个月不发工资",
            "time": "21-1-6 08:15"
        },
        {
            "comment id": 23,
            "parent": 20,
            "children": [],
            "user id": "3859880949",
            "user name": "黄瓜多好吃",
            "content": "还有可能被克扣补贴（我外婆之前就是）",
            "time": "21-1-5 10:57"
        },
        {
            "comment id": 24,
            "parent": 25,
            "children": [],
            "user id": "2659318981",
            "user name": "水果玩家",
            "content": "回复@总有一天我也会有猫的:带编制的能拿六七千，我家附近有个带编制的现在退休都能拿六千多（2001年时他的工资才300）",
            "time": "21-1-4 19:55"
        },
        {
            "comment id": 25,
            "parent": 27,
            "children": [
                24
            ],
            "user id": "2146690095",
            "user name": "总有一天我也会有猫的",
            "content": "回复@水果玩家:带编制的吧",
            "time": "21-1-4 19:39"
        },
        {
            "comment id": 26,
            "parent": 36,
            "children": [],
            "user id": "5181289048",
            "user name": "睿睿仔呀",
            "content": "回复@神_密:真的，有合同的一般都有别的工作，他们挂名享受福利，然后把清洁工作以1/2甚至更低的酬劳外包出去。我家这边很多",
            "time": "21-1-4 19:13"
        },
        {
            "comment id": 27,
            "parent": 20,
            "children": [
                25
            ],
            "user id": "2659318981",
            "user name": "水果玩家",
            "content": "南京这环卫工资能拿近四千，而且还有五险（几个月前刚跟个环卫聊过），城里的，城外不知道",
            "time": "21-1-4 16:43"
        },
        {
            "comment id": 28,
            "parent": 38,
            "children": [],
            "user id": "3720479932",
            "user name": "犬夜叉的靖妹妹",
            "content": "回复@淑芬大大N:是的。",
            "time": "21-1-4 16:23"
        },
        {
            "comment id": 29,
            "parent": 35,
            "children": [],
            "user id": "5563452750",
            "user name": "每天都认真舔美颜的迪迪",
            "content": "回复@墨八宝:唉",
            "time": "21-1-4 16:06"
        },
        {
            "comment id": 30,
            "parent": 20,
            "children": [],
            "user id": "5563452750",
            "user name": "每天都认真舔美颜的迪迪",
            "content": "回复@清梦迢迢渡星河:是啊 一般这类老人家里子女都只能顾得上自己 几乎是义务劳动了他们",
            "time": "21-1-4 16:06"
        },
        {
            "comment id": 31,
            "parent": 38,
            "children": [],
            "user id": "2629873763",
            "user name": "清梦霁月",
            "content": "回复@淑芬大大N:可能是有正式工合同工之分？然后工资差异大吧。前两天的新闻焦作某地环卫工工资650元还被拖欠……",
            "time": "21-1-4 15:46"
        },
        {
            "comment id": 32,
            "parent": 38,
            "children": [],
            "user id": "3861200554",
            "user name": "小年大年啊",
            "content": "回复@淑芬大大N:我在广州花都，亲眼看到过，凌晨四点就有环卫工出来扫大街了",
            "time": "21-1-4 15:44"
        },
        {
            "comment id": 33,
            "parent": 37,
            "children": [],
            "user id": "2629873763",
            "user name": "清梦霁月",
            "content": "回复@每天都认真舔美颜的迪迪:昨天才看的新闻焦作某县环卫工一个月650块钱已经拖欠七八个月没发工资了，迫于无奈找媒体求助。难以想象最严重的疫情期间他们是怎么生活的。",
            "time": "21-1-4 15:44"
        },
        {
            "comment id": 34,
            "parent": 44,
            "children": [],
            "user id": "2386158012",
            "user name": "燃烧吧蛋挞",
            "content": "回复@WayDifferent:自信点把人也带上引号",
            "time": "21-1-4 15:16"
        },
        {
            "comment id": 35,
            "parent": 37,
            "children": [
                29
            ],
            "user id": "5547237520",
            "user name": "墨八宝",
            "content": "回复@每天都认真舔美颜的迪迪:我奶奶是10年左右做环卫工，那时候才600块，还会拖欠。",
            "time": "21-1-4 15:11"
        },
        {
            "comment id": 36,
            "parent": 20,
            "children": [
                21,
                26
            ],
            "user id": "5107471690",
            "user name": "神_密",
            "content": "据说有的甚至没有劳动合同不知真假！",
            "time": "21-1-4 14:48"
        },
        {
            "comment id": 37,
            "parent": 38,
            "children": [
                33,
                35
            ],
            "user id": "5563452750",
            "user name": "每天都认真舔美颜的迪迪",
            "content": "回复@淑芬大大N:是的 太压榨底层群众了 欺负年龄大的弱势群体",
            "time": "21-1-4 14:33"
        },
        {
            "comment id": 38,
            "parent": 39,
            "children": [
                28,
                31,
                32,
                37
            ],
            "user id": "3708632785",
            "user name": "淑芬大大N",
            "content": "回复@每天都认真舔美颜的迪迪:听说凌晨2-3点钟就要起床",
            "time": "21-1-4 14:29"
        },
        {
            "comment id": 39,
            "parent": 43,
            "children": [
                38
            ],
            "user id": "5563452750",
            "user name": "每天都认真舔美颜的迪迪",
            "content": "回复@淑芬大大N:前天听买钵钵糕的阿姨说环卫工一个月一千五 我眼睛都睁大了 太低了 他们付出的劳动对这个城市的价值不止一个月一千五吧",
            "time": "21-1-4 14:28"
        },
        {
            "comment id": 40,
            "parent": 20,
            "children": [],
            "user id": "5694087722",
            "user name": "无机物监测者",
            "content": "回复 @lightinginginging:我也记得很久之前的新闻",
            "time": "21-1-4 14:06"
        },
        {
            "comment id": 41,
            "parent": 20,
            "children": [],
            "user id": "3282431235",
            "user name": "Ever的好朋友",
            "content": "回复@lightinginginging:出来就取消了？ 所以是真的事情了？？？这是能出来不就是一个很阴间的事吗",
            "time": "21-1-4 13:58"
        },
        {
            "comment id": 42,
            "parent": 43,
            "children": [],
            "user id": "5998456154",
            "user name": "染丶丶丶丶丶",
            "content": "回复@淑芬大大N:可能是地方不同吧，我们这里超市普通打工都只有1800是平均工资，那环卫确实不可能到一千",
            "time": "21-1-4 13:58"
        },
        {
            "comment id": 43,
            "parent": 20,
            "children": [
                39,
                42
            ],
            "user id": "3708632785",
            "user name": "淑芬大大N",
            "content": "回复@lightinginginging:现在这些无良yxh太过分了",
            "time": "21-1-4 13:54"
        },
        {
            "comment id": 44,
            "parent": 20,
            "children": [
                34
            ],
            "user id": "5253739409",
            "user name": "WayDifferent",
            "content": "有人说了，都是因为他们“不够努力”",
            "time": "21-1-4 13:46"
        },
        {
            "comment id": 45,
            "parent": 20,
            "children": [],
            "user id": "2681060635",
            "user name": "尼古拉斯猫耳朵",
            "content": "图片评论 查看图片",
            "time": "21-1-4 13:45"
        },
        {
            "comment id": 46,
            "parent": 20,
            "children": [],
            "user id": "3708632785",
            "user name": "淑芬大大N",
            "content": "天哪，看了你们说的为什么会那么低？ 我在这边现在一个月能有1500的，还有1800的",
            "time": "21-1-4 13:35"
        },
        {
            "comment id": 47,
            "parent": 20,
            "children": [],
            "user id": "5836708812",
            "user name": "skankunt",
            "content": "一个月700",
            "time": "21-1-4 13:34"
        },
        {
            "comment id": 48,
            "parent": 20,
            "children": [],
            "user id": "1950387600",
            "user name": "墙头红杏哪颗甜",
            "content": "工资高也不该这样，真是绝了",
            "time": "21-1-4 13:17"
        },
        {
            "comment id": 49,
            "parent": 20,
            "children": [],
            "user id": "2735942763",
            "user name": "不过海海人生",
            "content": "拖欠工资那事还有一个月650的",
            "time": "21-1-4 13:16"
        },
        {
            "comment id": 50,
            "parent": 53,
            "children": [],
            "user id": "1882417031",
            "user name": "猫咪李小可",
            "content": "回复@梦梦梦昭:河南焦作",
            "time": "21-1-4 13:15"
        },
        {
            "comment id": 51,
            "parent": 20,
            "children": [],
            "user id": "7157004944",
            "user name": "正所无",
            "content": "… 我看好多一个月才八百",
            "time": "21-1-4 13:13"
        },
        {
            "comment id": 52,
            "parent": 53,
            "children": [],
            "user id": "3664150415",
            "user name": "去你大爷的昵称aaa",
            "content": "回复@梦梦梦昭:河南焦作，点名批评",
            "time": "21-1-4 13:12"
        },
        {
            "comment id": 53,
            "parent": 20,
            "children": [
                50,
                52
            ],
            "user id": "7323901686",
            "user name": "梦梦梦昭",
            "content": "一个月不到一千，有的地方还被拖欠八个月了。",
            "time": "21-1-4 12:58"
        },
        {
            "comment id": 54,
            "parent": -1,
            "children": [
                56,
                58,
                59,
                60,
                61,
                62,
                63,
                64,
                65,
                66,
                67,
                68,
                69,
                70,
                71,
                72,
                73,
                77,
                78,
                80,
                81,
                76,
                82
            ],
            "user id": "1678076007",
            "user name": "拉疯兔子",
            "content": "是奴隶社会嘛",
            "time": "21-1-4 12:35"
        },
        {
            "comment id": 55,
            "parent": 63,
            "children": [],
            "user id": "6045601340",
            "user name": "罗妙柏柏柏",
            "content": "回复@DavidJones-:这个不是监督扣钱用的评论里的例子，洗个垃圾桶停留时间过长怀疑你偷懒扣你钱，人家重点关心你偷懒哪想你会不会出事",
            "time": "21-1-7 16:37"
        },
        {
            "comment id": 56,
            "parent": 54,
            "children": [],
            "user id": "6569980176",
            "user name": "TT_Autumn",
            "content": "zb的手铐。",
            "time": "21-1-6 07:04"
        },
        {
            "comment id": 57,
            "parent": 63,
            "children": [],
            "user id": "5772132925",
            "user name": "自言自语大师决定送你一记头槌",
            "content": "回复@DavidJones-:那也不是以这个形式啊..... 参见一下Apple Watch的摔倒警报",
            "time": "21-1-5 11:32"
        },
        {
            "comment id": 58,
            "parent": 54,
            "children": [],
            "user id": "6912141149",
            "user name": "NH闪耀的星星",
            "content": "自信点，一直都是",
            "time": "21-1-4 22:26"
        },
        {
            "comment id": 59,
            "parent": 54,
            "children": [],
            "user id": "6377087696",
            "user name": "豪猪思密达",
            "content": "电子脚镣",
            "time": "21-1-4 22:02"
        },
        {
            "comment id": 60,
            "parent": 54,
            "children": [],
            "user id": "5836593554",
            "user name": "Ephemeralwilds",
            "content": "回复@云深不知处helen:@云深不知处helen",
            "time": "21-1-4 19:42"
        },
        {
            "comment id": 61,
            "parent": 54,
            "children": [],
            "user id": "6386958906",
            "user name": "某某人要飞升成仙",
            "content": "没错",
            "time": "21-1-4 19:37"
        },
        {
            "comment id": 62,
            "parent": 54,
            "children": [],
            "user id": "2422958907",
            "user name": "圣树与多尔克",
            "content": "是的",
            "time": "21-1-4 18:42"
        },
        {
            "comment id": 63,
            "parent": 54,
            "children": [
                55,
                57
            ],
            "user id": "7326935821",
            "user name": "DavidJones-",
            "content": "其实  环卫容易出交通事故 而且大多是老年人 工作性质也很累  万一在早上发病没人看到怎么办    这个东西不好评论",
            "time": "21-1-4 18:00"
        },
        {
            "comment id": 64,
            "parent": 54,
            "children": [],
            "user id": "7374780006",
            "user name": "titdon",
            "content": "bingo",
            "time": "21-1-4 17:57"
        },
        {
            "comment id": 65,
            "parent": 54,
            "children": [],
            "user id": "3754333941",
            "user name": "君君绝对不吃软糖",
            "content": "自信点，就是",
            "time": "21-1-4 17:44"
        },
        {
            "comment id": 66,
            "parent": 54,
            "children": [],
            "user id": "2214019065",
            "user name": "碧池不要踩我鞋",
            "content": "自信点 把嘛去掉",
            "time": "21-1-4 17:10"
        },
        {
            "comment id": 67,
            "parent": 54,
            "children": [],
            "user id": "3242621392",
            "user name": "绎听",
            "content": "回复@未尽杯酒:所以我就是在质问当权啊！因为最开始那个人评论是把锅甩给外包私有企业，而看不到真正的问题。",
            "time": "21-1-4 17:00"
        },
        {
            "comment id": 68,
            "parent": 54,
            "children": [],
            "user id": "7161859471",
            "user name": "一级八卦师",
            "content": "是的",
            "time": "21-1-4 16:08"
        },
        {
            "comment id": 69,
            "parent": 54,
            "children": [],
            "user id": "5729638846",
            "user name": "云上游鱼233",
            "content": "@一朵酒云",
            "time": "21-1-4 16:07"
        },
        {
            "comment id": 70,
            "parent": 54,
            "children": [],
            "user id": "5172014268",
            "user name": "Vehement_yes",
            "content": "老社会主义了",
            "time": "21-1-4 16:02"
        },
        {
            "comment id": 71,
            "parent": 54,
            "children": [],
            "user id": "6519285604",
            "user name": "安东尼丶cc",
            "content": "中国提前进入赛博朋克社会",
            "time": "21-1-4 15:27"
        },
        {
            "comment id": 72,
            "parent": 54,
            "children": [],
            "user id": "2440755204",
            "user name": "咖啡馆遇见小折耳",
            "content": "工业封建主义保留封建等级观念底层要孝敬听话管制，工业资本主义早就罢工了。@司马南 @侯虹斌 @段冬Arthur @库尔特",
            "time": "21-1-4 15:26"
        },
        {
            "comment id": 73,
            "parent": 54,
            "children": [],
            "user id": "3973099281",
            "user name": "超巨东契奇",
            "content": "胡说 这是社会主义社会",
            "time": "21-1-4 15:18"
        },
        {
            "comment id": 74,
            "parent": 79,
            "children": [],
            "user id": "7458477840",
            "user name": "明天一定122",
            "content": "回复@绎听:瞎说，特色主义怎么就是社会主义了",
            "time": "21-1-4 15:18"
        },
        {
            "comment id": 75,
            "parent": 79,
            "children": [],
            "user id": "6531165767",
            "user name": "猫猫叹气",
            "content": "回复@绎听:你进入社会就知道了，我也不跟你扯这么多，只说一句这是以前的新闻早改了，营销号成天拿钱搅浑水",
            "time": "21-1-4 14:44"
        },
        {
            "comment id": 77,
            "parent": 54,
            "children": [],
            "user id": "7372121617",
            "user name": "玄米坊主",
            "content": "在？奴隶社会还怕自己的财产累死呢",
            "time": "21-1-4 14:04"
        },
        {
            "comment id": 78,
            "parent": 54,
            "children": [],
            "user id": "7477832884",
            "user name": "EDC也是Edison",
            "content": "回复@我喜欢嘿嘿与很好:整不了洋人还整不了你？",
            "time": "21-1-4 13:52"
        },
        {
            "comment id": 79,
            "parent": 80,
            "children": [
                74,
                75
            ],
            "user id": "3242621392",
            "user name": "绎听",
            "content": "回复@猫猫叹气:私人资本那为啥没监管？劳动法虚设？我们不是社会主义国家？",
            "time": "21-1-4 13:48"
        },
        {
            "comment id": 80,
            "parent": 54,
            "children": [
                79
            ],
            "user id": "6531165767",
            "user name": "猫猫叹气",
            "content": "没进入社会学生真是太多了…现在环卫这类都是外包第三方公司，引入私人资本可不就是这样",
            "time": "21-1-4 13:27"
        },
        {
            "comment id": 81,
            "parent": 54,
            "children": [],
            "user id": "1928549831",
            "user name": "沙与珍珠y",
            "content": "资本主义条件下，工人工作时间分为：必要劳动时间，即为自己生产必要生活资料的时间；剩余劳动时间，即为资本家生产剩余价值的时间。在必要劳动时间不变的条件下，资本家对雇佣工人的剥削程度与工作时长正比，剩余劳动时间愈长，产生的剩余价值愈多，剥削程度也就愈高。",
            "time": "21-1-4 13:18"
        },
        {
            "comment id": 76,
            "parent": 54,
            "children": [],
            "user id": "1613007902",
            "user name": "平權錦衣衛",
            "content": "文化自信",
            "time": "21-1-4 13:15"
        },
        {
            "comment id": 82,
            "parent": 54,
            "children": [],
            "user id": "1613007902",
            "user name": "平權錦衣衛",
            "content": "文化自信",
            "time": "21-1-4 13:15"
        },
        {
            "comment id": 83,
            "parent": -1,
            "children": [
                85,
                90,
                91,
                92,
                94,
                96,
                97,
                101,
                102
            ],
            "user id": "5954863066",
            "user name": "每天梦想当咸鱼",
            "content": "up在下面说了这已经是18年的新闻了，现在已经没了。",
            "time": "21-1-4 12:57"
        },
        {
            "comment id": 84,
            "parent": 99,
            "children": [],
            "user id": "2373948065",
            "user name": "中寧小子",
            "content": "回复@是酸甜的桔子吖:问了，确实还是有手环的，停止不动不能超过20分钟",
            "time": "21-1-8 13:17"
        },
        {
            "comment id": 85,
            "parent": 83,
            "children": [],
            "user id": "5411616030",
            "user name": "我有驾照脚滑咬我呀",
            "content": "存在过 已经是事实了 讽刺了还举报不实",
            "time": "21-1-7 00:28"
        },
        {
            "comment id": 86,
            "parent": 89,
            "children": [],
            "user id": "5478314378",
            "user name": "懒上楼An",
            "content": "回复@晚晚今天暴富了吗:没权限，改不了",
            "time": "21-1-4 17:09"
        },
        {
            "comment id": 87,
            "parent": 94,
            "children": [],
            "user id": "3603363132",
            "user name": "洲鲸蛋兔",
            "content": "回复@jk吃饭日记:无语死了，我进去看举报信息，好几个举报，有说18年，19年，20年，博主一句话没说，就对面举报人胜诉了，呵呵",
            "time": "21-1-4 15:55"
        },
        {
            "comment id": 88,
            "parent": 91,
            "children": [],
            "user id": "7166656351",
            "user name": "液化病",
            "content": "回复@广南庸人:这样的不叫双性恋哦 这种只是花心而已啦",
            "time": "21-1-4 15:36"
        },
        {
            "comment id": 89,
            "parent": 90,
            "children": [
                86
            ],
            "user id": "3628285047",
            "user name": "晚晚今天暴富了吗",
            "content": "回复@懒上楼An:不是“也说明”，是“更说明”",
            "time": "21-1-4 15:36"
        },
        {
            "comment id": 90,
            "parent": 83,
            "children": [
                89
            ],
            "user id": "5478314378",
            "user name": "懒上楼An",
            "content": "就算是18年新闻，也说明这个要执行在在强奸犯身上的话并没有技术上的难度和成本上的高门槛。",
            "time": "21-1-4 15:29"
        },
        {
            "comment id": 91,
            "parent": 83,
            "children": [
                88
            ],
            "user id": "5605420999",
            "user name": "广南庸人",
            "content": "纨绔子弟喜欢辱骂普通人为何不吃牛排",
            "time": "21-1-4 15:26"
        },
        {
            "comment id": 92,
            "parent": 83,
            "children": [],
            "user id": "5605420999",
            "user name": "广南庸人",
            "content": "回复@液化病耻:纨绔子弟左拥右抱四处风流夜夜笙歌，异性早刺激不了纨绔子弟，他们要玩同性才有快感",
            "time": "21-1-4 15:26"
        },
        {
            "comment id": 93,
            "parent": 97,
            "children": [],
            "user id": "7166656351",
            "user name": "液化病",
            "content": "回复@广南庸人:………………跟双性恋有什么关系啊 又污名化双性恋",
            "time": "21-1-4 15:19"
        },
        {
            "comment id": 94,
            "parent": 83,
            "children": [
                87
            ],
            "user id": "6961562778",
            "user name": "jk吃饭日记",
            "content": "而且官方刚才还回应“已叫停”，这说明是真的发生过只不过现在被叫停了；微博还真是厚脸皮，合着原po陈述发生过的事情也等于“不实信息”了",
            "time": "21-1-4 15:06"
        },
        {
            "comment id": 95,
            "parent": 96,
            "children": [],
            "user id": "2693406904",
            "user name": "二十羊羽",
            "content": "回复@雨苒秋时:好",
            "time": "21-1-4 14:44"
        },
        {
            "comment id": 96,
            "parent": 83,
            "children": [
                95
            ],
            "user id": "5620367604",
            "user name": "雨苒秋时",
            "content": "回复@二十羊羽:图片给人打个码吧",
            "time": "21-1-4 14:43"
        },
        {
            "comment id": 97,
            "parent": 83,
            "children": [
                93
            ],
            "user id": "5605420999",
            "user name": "广南庸人",
            "content": "说没有的，大概平时没有什么生活经历，吃香喝辣玩男人玩女人天天双性恋乱搞在豪宅里吃了睡睡了吃偶尔上网问为啥不吃牛排",
            "time": "21-1-4 14:39"
        },
        {
            "comment id": 98,
            "parent": 99,
            "children": [],
            "user id": "2373948065",
            "user name": "中寧小子",
            "content": "回复@是酸甜的桔子吖:平时会遇到，我问问",
            "time": "21-1-4 13:50"
        },
        {
            "comment id": 99,
            "parent": 100,
            "children": [
                84,
                98
            ],
            "user id": "6605939953",
            "user name": "是酸甜的桔子吖",
            "content": "回复@中寧小子:建议你扫马路和扫社区的都看看哦，戴在手腕上不仔细看还看不到",
            "time": "21-1-4 13:43"
        },
        {
            "comment id": 100,
            "parent": 101,
            "children": [
                99
            ],
            "user id": "2373948065",
            "user name": "中寧小子",
            "content": "回复@是酸甜的桔子吖:哪个区？建邺没看到",
            "time": "21-1-4 13:40"
        },
        {
            "comment id": 101,
            "parent": 83,
            "children": [
                100
            ],
            "user id": "6605939953",
            "user name": "是酸甜的桔子吖",
            "content": "现在依旧是有的（我们家就有人是南京的环卫",
            "time": "21-1-4 13:16"
        },
        {
            "comment id": 102,
            "parent": 83,
            "children": [],
            "user id": "1766823594",
            "user name": "博士偏头痛",
            "content": "更讽刺了有没有。。。",
            "time": "21-1-4 13:12"
        },
        {
            "comment id": 103,
            "parent": -1,
            "children": [
                104
            ],
            "user id": "7318477738",
            "user name": "土拨鼠界扛把子",
            "content": "电子手铐？？？？",
            "time": "21-1-4 12:47"
        },
        {
            "comment id": 104,
            "parent": 103,
            "children": [],
            "user id": "5739219209",
            "user name": "HornPub春马",
            "content": "采购这个的钱够650发工资了吧",
            "time": "21-1-4 14:18"
        },
        {
            "comment id": 105,
            "parent": -1,
            "children": [
                106,
                107,
                108
            ],
            "user id": "5449588222",
            "user name": "風丨極",
            "content": "那些说，来工作这是为了挣钱，上级要监督所以安装这个无可厚非的，请你告诉我你从小到大，上学时有没有搞过小动作，上班时有没有摸过鱼。对于强奸犯都没普及的东西，怎么给个环卫工人用就合情合理了？",
            "time": "21-1-4 13:06"
        },
        {
            "comment id": 106,
            "parent": 105,
            "children": [],
            "user id": "3057488595",
            "user name": "真真烦死个人",
            "content": "因为这个东西吧它没那么先进，你可以给强奸犯配一个，但是强奸犯可以自己把它摘下来。",
            "time": "21-1-5 00:38"
        },
        {
            "comment id": 107,
            "parent": 105,
            "children": [],
            "user id": "7464701582",
            "user name": "0during",
            "content": "建议读一下《资本论》",
            "time": "21-1-4 18:04"
        },
        {
            "comment id": 108,
            "parent": 105,
            "children": [],
            "user id": "1219324497",
            "user name": "leevil-宇",
            "content": "因为对资本家来说，给罪犯戴电子脚镣没有增加利润，给工人带手铐可以增加产出。",
            "time": "21-1-4 17:13"
        },
        {
            "comment id": 109,
            "parent": -1,
            "children": [
                110,
                111,
                112,
                113
            ],
            "user id": "1915529831",
            "user name": "张忆安-龙战于野",
            "content": "强奸犯戴电子镣铐是法律问题，社会主人翁戴电子镣铐是什么问题？",
            "time": "21-1-4 13:13"
        },
        {
            "comment id": 110,
            "parent": 109,
            "children": [],
            "user id": "3057488595",
            "user name": "真真烦死个人",
            "content": "大家的想象力都挺丰富的，这个玩意随时可以摘，你见过这么方便的镣铐吗？",
            "time": "21-1-5 00:41"
        },
        {
            "comment id": 111,
            "parent": 109,
            "children": [],
            "user id": "3238147673",
            "user name": "鱼鱼忘记了",
            "content": "暗示社会主人翁比犯人更没人权",
            "time": "21-1-4 14:25"
        },
        {
            "comment id": 112,
            "parent": 109,
            "children": [],
            "user id": "5739219209",
            "user name": "HornPub春马",
            "content": "暗示社会主人翁也是饭人",
            "time": "21-1-4 14:19"
        },
        {
            "comment id": 113,
            "parent": 109,
            "children": [],
            "user id": "1626371930",
            "user name": "HIDD",
            "content": "那就要看政府管不管了",
            "time": "21-1-4 13:22"
        },
        {
            "comment id": 114,
            "parent": -1,
            "children": [
                115,
                116,
                117,
                118,
                119,
                120,
                121,
                122,
                123,
                124,
                125,
                126,
                127,
                128,
                129,
                130,
                131
            ],
            "user id": "2754671094",
            "user name": "煎茶2020学员",
            "content": "2021年发2018年的新闻，有点东西 ",
            "time": "21-1-4 13:01"
        },
        {
            "comment id": 115,
            "parent": 114,
            "children": [],
            "user id": "2968867513",
            "user name": "陆小凤大闹大观园",
            "content": "两年前难道不是新中国么？在新中国出现这种东西还这么理直气壮真是佩服",
            "time": "21-1-9 11:22"
        },
        {
            "comment id": 116,
            "parent": 114,
            "children": [],
            "user id": "5403971020",
            "user name": "zzoom2",
            "content": "其实我今天才知道这个事情 不管怎样是真实存在过的吧 或者现在依然在部分地区也存在 改个分区就是了没必要在这调侃的这么没人性吧",
            "time": "21-1-6 08:45"
        },
        {
            "comment id": 117,
            "parent": 114,
            "children": [],
            "user id": "5772132925",
            "user name": "自言自语大师决定送你一记头槌",
            "content": "...18年的事就不是事吗？我倒觉得提出来是好事，可不能忘了",
            "time": "21-1-5 11:34"
        },
        {
            "comment id": 118,
            "parent": 114,
            "children": [],
            "user id": "6605939953",
            "user name": "是酸甜的桔子吖",
            "content": "回复@abnormalaccounts:倒也没必要恶意诋毁，刚拍的照哈 查看图片",
            "time": "21-1-4 19:18"
        },
        {
            "comment id": 119,
            "parent": 114,
            "children": [],
            "user id": "5717693646",
            "user name": "平壤小聪明仔",
            "content": "境外势力？哪个？他妈的月球？不先反思一下自己的过错，首先怕别人抓住把柄",
            "time": "21-1-4 19:04"
        },
        {
            "comment id": 120,
            "parent": 114,
            "children": [],
            "user id": "2084918614",
            "user name": "蓮果RENKA",
            "content": "给境外势力递刀了，明白，无异议",
            "time": "21-1-4 15:54"
        },
        {
            "comment id": 121,
            "parent": 114,
            "children": [],
            "user id": "2629873763",
            "user name": "清梦霁月",
            "content": "即使是十年八年之前，给环卫工戴这个东西也是错的。希望澄清事实引以为戒顺便关注一下底层环卫工的生存问题 工资那么低有的地方还有拖欠工资的。",
            "time": "21-1-4 15:48"
        },
        {
            "comment id": 122,
            "parent": 114,
            "children": [],
            "user id": "3800932278",
            "user name": "le_fratboy",
            "content": "懂 明白",
            "time": "21-1-4 15:09"
        },
        {
            "comment id": 123,
            "parent": 114,
            "children": [],
            "user id": "3554819335",
            "user name": "浅春入慕",
            "content": "回复@abnormalaccounts:还带着只是取消了20分钟提醒功能，定位监视功能应该还在吧 查看图片",
            "time": "21-1-4 14:56"
        },
        {
            "comment id": 124,
            "parent": 114,
            "children": [],
            "user id": "1703645187",
            "user name": "所以今晚有早睡吗",
            "content": "回复@abnormalaccounts:这种东西在环卫工人身上出现过就已经很离谱了好吧…",
            "time": "21-1-4 14:50"
        },
        {
            "comment id": 125,
            "parent": 114,
            "children": [],
            "user id": "6551026113",
            "user name": "啊喂阿喂",
            "content": "回复@abnormalaccounts:你说的有图是新闻图吧，人家说的看到是生活中看到，搞不清逻辑关系是吗，能孝就孝，不能孝创造条件也要孝，带孝子",
            "time": "21-1-4 14:45"
        },
        {
            "comment id": 126,
            "parent": 114,
            "children": [],
            "user id": "6528332741",
            "user name": "随便起个昵称l",
            "content": "回复@斐FLY儿:男拳恐怖主义确实是收了境外势力的钱",
            "time": "21-1-4 14:39"
        },
        {
            "comment id": 127,
            "parent": 114,
            "children": [],
            "user id": "6411580045",
            "user name": "斐飞菲斐",
            "content": "又是收了境外势力钱的对吧",
            "time": "21-1-4 14:27"
        },
        {
            "comment id": 128,
            "parent": 114,
            "children": [],
            "user id": "3235850942",
            "user name": "喵喵超重力",
            "content": "咋了，又要说是境外势力？",
            "time": "21-1-4 14:25"
        },
        {
            "comment id": 129,
            "parent": 114,
            "children": [],
            "user id": "6551026113",
            "user name": "啊喂阿喂",
            "content": "回复@abnormalaccounts:你有图你张嘴就来？判断别人张口就来的依据什么？半斤八两搁这儿秀下限呢，太好孝了",
            "time": "21-1-4 14:21"
        },
        {
            "comment id": 130,
            "parent": 114,
            "children": [],
            "user id": "1954555801",
            "user name": "言者無罪90031",
            "content": "即便是十年前的新闻 也不应该",
            "time": "21-1-4 14:06"
        },
        {
            "comment id": 131,
            "parent": 114,
            "children": [],
            "user id": "5852346441",
            "user name": "一年之期了了无期",
            "content": "上面有个老哥说他家人在南京做环卫工 现在依然有这个东西",
            "time": "21-1-4 13:27"
        },
        {
            "comment id": 132,
            "parent": -1,
            "children": [],
            "user id": "1865511557",
            "user name": "来夜清辉宛如昨",
            "content": "这么夸张的",
            "time": "21-1-4 12:34"
        },
        {
            "comment id": 133,
            "parent": -1,
            "children": [
                134,
                135
            ],
            "user id": "1837516873",
            "user name": "番茄奈奈牛",
            "content": "西安有关部门表示已在默默关注~",
            "time": "21-1-4 12:53"
        },
        {
            "comment id": 134,
            "parent": 133,
            "children": [],
            "user id": "1837516873",
            "user name": "番茄奈奈牛",
            "content": "建议搜一下近几年西安环卫工人的各种奇葩遭遇",
            "time": "21-1-4 14:37"
        },
        {
            "comment id": 135,
            "parent": 133,
            "children": [],
            "user id": "1904582695",
            "user name": "月半茶袋子",
            "content": "回复@就不可结缘:大概意思是他们想效仿",
            "time": "21-1-4 13:24"
        },
        {
            "comment id": 136,
            "parent": -1,
            "children": [],
            "user id": "3710342935",
            "user name": "北极圈第一祝英抬杠",
            "content": "真 奴隶社会",
            "time": "21-1-4 13:00"
        },
        {
            "comment id": 137,
            "parent": -1,
            "children": [
                148,
                149,
                150
            ],
            "user id": "5827466829",
            "user name": "sujuanjuan-小水滴",
            "content": "18年的新闻但是已经叫停了 ",
            "time": "21-1-4 13:29"
        },
        {
            "comment id": 138,
            "parent": 139,
            "children": [],
            "user id": "5827466829",
            "user name": "sujuanjuan-小水滴",
            "content": "回复@是酸甜的桔子吖:收到我去联系报社啥的举报一下",
            "time": "21-1-4 21:26"
        },
        {
            "comment id": 139,
            "parent": 140,
            "children": [
                138
            ],
            "user id": "6605939953",
            "user name": "是酸甜的桔子吖",
            "content": "回复@sujuanjuan-小水滴:详细采访了下，主要功能是定位，离岗二十分钟就发警报，在工作区域休息倒是没有影响，就是一定要你在工作区域。戴这个表一天10块，不戴就没钱 查看图片",
            "time": "21-1-4 19:27"
        },
        {
            "comment id": 140,
            "parent": 143,
            "children": [
                139
            ],
            "user id": "5827466829",
            "user name": "sujuanjuan-小水滴",
            "content": "回复@是酸甜的桔子吖:我可以去举报一下",
            "time": "21-1-4 16:01"
        },
        {
            "comment id": 141,
            "parent": 143,
            "children": [],
            "user id": "6644834208",
            "user name": "要实现当天壮语",
            "content": "回复@是酸甜的桔子吖:好，我相信你",
            "time": "21-1-4 14:45"
        },
        {
            "comment id": 142,
            "parent": 145,
            "children": [],
            "user id": "6644834208",
            "user name": "要实现当天壮语",
            "content": "回复@啊喂阿喂:你误会了。。。我是让他俩对线我没说那是假的啊",
            "time": "21-1-4 14:45"
        },
        {
            "comment id": 143,
            "parent": 144,
            "children": [
                140,
                141
            ],
            "user id": "6605939953",
            "user name": "是酸甜的桔子吖",
            "content": "回复@sujuanjuan-小水滴:不是看到首页有人转我还以为全国都这样施行了就自己私下吐槽吐槽，小老百姓没这个能力和上级作对，毕竟还需要这份工作只能忍着",
            "time": "21-1-4 14:41"
        },
        {
            "comment id": 144,
            "parent": 146,
            "children": [
                143
            ],
            "user id": "5827466829",
            "user name": "sujuanjuan-小水滴",
            "content": "回复@是酸甜的桔子吖:[嘿哈]那继续媒体来一波？",
            "time": "21-1-4 14:36"
        },
        {
            "comment id": 145,
            "parent": 147,
            "children": [
                142
            ],
            "user id": "6551026113",
            "user name": "啊喂阿喂",
            "content": "回复@要实现当天壮语:这个脑子怎么写论文的",
            "time": "21-1-4 14:24"
        },
        {
            "comment id": 146,
            "parent": 147,
            "children": [
                144
            ],
            "user id": "6605939953",
            "user name": "是酸甜的桔子吖",
            "content": "回复@要实现当天壮语:等着我这几天去一趟拍给你们看，上个月去看还有的",
            "time": "21-1-4 14:01"
        },
        {
            "comment id": 147,
            "parent": 149,
            "children": [
                145,
                146
            ],
            "user id": "6644834208",
            "user name": "要实现当天壮语",
            "content": "回复@marginPower:@是酸甜的桔子吖 进来挨骂",
            "time": "21-1-4 13:44"
        },
        {
            "comment id": 148,
            "parent": 137,
            "children": [],
            "user id": "5827466829",
            "user name": "sujuanjuan-小水滴",
            "content": "分享图片 查看图片",
            "time": "21-1-4 13:43"
        },
        {
            "comment id": 149,
            "parent": 137,
            "children": [
                147
            ],
            "user id": "2617704551",
            "user name": "marginPower",
            "content": "回复@要实现当天壮语:那个是台蛙的网军",
            "time": "21-1-4 13:37"
        },
        {
            "comment id": 150,
            "parent": 137,
            "children": [],
            "user id": "5827466829",
            "user name": "sujuanjuan-小水滴",
            "content": "当时谬论一出来就已经停了",
            "time": "21-1-4 13:30"
        },
        {
            "comment id": 151,
            "parent": -1,
            "children": [],
            "user id": "1955010995",
            "user name": "-Gyue-",
            "content": "这是劳改吗？真的亏得想得出来",
            "time": "21-1-4 13:15"
        },
        {
            "comment id": 152,
            "parent": -1,
            "children": [],
            "user id": "2979623204",
            "user name": "einglueckspilzsein",
            "content": "？？？真就罪犯有人权 但是打工人没有",
            "time": "21-1-4 13:10"
        },
        {
            "comment id": 153,
            "parent": -1,
            "children": [
                154,
                158,
                159,
                160
            ],
            "user id": "1956426032",
            "user name": "咸鱼茄子金属喵",
            "content": "深圳也有……我还捡到过 后来托保安找到失主，那个扫地阿姨急死了说这个丢了得她们自己掏钱赔 ",
            "time": "21-1-4 14:33"
        },
        {
            "comment id": 154,
            "parent": 153,
            "children": [],
            "user id": "6516030233",
            "user name": "雏咲雾岛",
            "content": "好心疼啊……",
            "time": "21-1-4 18:24"
        },
        {
            "comment id": 155,
            "parent": 156,
            "children": [],
            "user id": "1956426032",
            "user name": "咸鱼茄子金属喵",
            "content": "回复@广南庸人:没有 布吉小角落 19年的事了",
            "time": "21-1-4 15:53"
        },
        {
            "comment id": 156,
            "parent": 157,
            "children": [
                155
            ],
            "user id": "5605420999",
            "user name": "广南庸人",
            "content": "回复@咸鱼茄子金属喵:龙岗市中心那个新城区的街道吗？",
            "time": "21-1-4 15:51"
        },
        {
            "comment id": 157,
            "parent": 158,
            "children": [
                156
            ],
            "user id": "1956426032",
            "user name": "咸鱼茄子金属喵",
            "content": "回复@广南庸人:龙岗这边哦",
            "time": "21-1-4 15:49"
        },
        {
            "comment id": 158,
            "parent": 153,
            "children": [
                157
            ],
            "user id": "5605420999",
            "user name": "广南庸人",
            "content": "市内，福田区对吗？以前好像见过",
            "time": "21-1-4 15:48"
        },
        {
            "comment id": 159,
            "parent": 153,
            "children": [],
            "user id": "6188486390",
            "user name": "简单是福14",
            "content": "自己掏钱赔，靠，好气啊",
            "time": "21-1-4 14:56"
        },
        {
            "comment id": 160,
            "parent": 153,
            "children": [],
            "user id": "1687419537",
            "user name": "美人赠我萌汗药",
            "content": "……",
            "time": "21-1-4 14:48"
        },
        {
            "comment id": 161,
            "parent": -1,
            "children": [],
            "user id": "7295131758",
            "user name": "Au糊涂神2019",
            "content": "我真的服了，就会欺负弱势群体，怎么不给强奸犯带",
            "time": "21-1-4 13:18"
        },
        {
            "comment id": 162,
            "parent": -1,
            "children": [],
            "user id": "5587968316",
            "user name": "好运悦悦崽",
            "content": "这是什么辣鸡行为",
            "time": "21-1-4 13:20"
        },
        {
            "comment id": 163,
            "parent": -1,
            "children": [],
            "user id": "5530999822",
            "user name": "FFFatong",
            "content": "上次等车的时候，清洁工阿姨跟我说，有一辆白色车的专门来拍照，哪里出现垃圾立马就拍，不管阿姨在忙什么拍了再说，一张照片就罚200.大冷天的车里人舒舒服服就把钱挣了，环卫工阿姨挣那点钱还不够扣的 坐标石家庄",
            "time": "21-1-4 15:47"
        },
        {
            "comment id": 164,
            "parent": -1,
            "children": [],
            "user id": "7295132958",
            "user name": "凤翅金盔泛妖光",
            "content": "怎么不给老板戴上监控脖套，一提加班俩字就电击？",
            "time": "21-1-4 14:35"
        },
        {
            "comment id": 165,
            "parent": -1,
            "children": [],
            "user id": "2921344845",
            "user name": "椰汁树下椰浆饭",
            "content": "无语",
            "time": "21-1-4 12:51"
        },
        {
            "comment id": 166,
            "parent": -1,
            "children": [],
            "user id": "6683100881",
            "user name": "病酒小玉",
            "content": "圖片評論 ",
            "time": "21-1-4 14:57"
        },
        {
            "comment id": 167,
            "parent": -1,
            "children": [],
            "user id": "3965654899",
            "user name": "Ss759Jy",
            "content": "好像nm病的不轻 回到解放前",
            "time": "21-1-4 14:55"
        },
        {
            "comment id": 168,
            "parent": -1,
            "children": [],
            "user id": "5034601980",
            "user name": "腦漿原液",
            "content": "强奸犯不戴监控环，给环卫工戴？就硬不做人呗？",
            "time": "21-1-4 18:08"
        },
        {
            "comment id": 169,
            "parent": -1,
            "children": [],
            "user id": "6620783328",
            "user name": "_花枳酒",
            "content": "南京真的无语了，南京人有一种迷之当地人高尚自信。",
            "time": "21-1-4 13:39"
        },
        {
            "comment id": 170,
            "parent": -1,
            "children": [],
            "user id": "5186364797",
            "user name": "Propriety",
            "content": "这不是很多年前的假新闻吗",
            "time": "21-1-4 16:06"
        },
        {
            "comment id": 171,
            "parent": -1,
            "children": [],
            "user id": "1394797971",
            "user name": "芙叁",
            "content": "18年的新闻了",
            "time": "21-1-4 12:56"
        },
        {
            "comment id": 172,
            "parent": -1,
            "children": [],
            "user id": "7295407908",
            "user name": "一只旅居北海道的小宅",
            "content": "怎么讲呢，越是基层的员工，就越容易受到这样严格的监管，日本也是一样的，也不知道为啥。这种细枝末节去纠结着有必要吗",
            "time": "21-1-4 14:25"
        },
        {
            "comment id": 173,
            "parent": -1,
            "children": [],
            "user id": "7098754018",
            "user name": "Heeleyo",
            "content": "他们有吧人当人看吗",
            "time": "21-1-4 14:14"
        },
        {
            "comment id": 174,
            "parent": -1,
            "children": [],
            "user id": "1664626662",
            "user name": "查拉吐司特垃圾",
            "content": "哇，回到原点了，奴隶制",
            "time": "21-1-4 13:32"
        },
        {
            "comment id": 175,
            "parent": -1,
            "children": [],
            "user id": "2640820255",
            "user name": "仙女湖郡",
            "content": "想起了头号玩家，契约工",
            "time": "21-1-4 13:26"
        },
        {
            "comment id": 176,
            "parent": -1,
            "children": [
                178,
                179
            ],
            "user id": "2962639527",
            "user name": "wrhxcyq",
            "content": "@江宁公安在线 @江宁婆婆 这样是否违法了",
            "time": "21-1-4 13:24"
        },
        {
            "comment id": 177,
            "parent": 178,
            "children": [],
            "user id": "5772132925",
            "user name": "自言自语大师决定送你一记头槌",
            "content": "回复@wrhxcyq:我没有在为网瘾机构开脱，相反我恨他们。但是我只是在告诉你他们是怎么存在的。而不是在说他们“合理”",
            "time": "21-1-10 01:54"
        },
        {
            "comment id": 178,
            "parent": 176,
            "children": [
                177
            ],
            "user id": "2962639527",
            "user name": "wrhxcyq",
            "content": "回复@Erebus_WeAreDead_WeAreGone:你这就是存在即合理呗",
            "time": "21-1-5 11:55"
        },
        {
            "comment id": 179,
            "parent": 176,
            "children": [],
            "user id": "5772132925",
            "user name": "自言自语大师决定送你一记头槌",
            "content": "这玩意能出现就说明是通过了正规渠道...你觉得艾特他们有用吗..",
            "time": "21-1-5 11:36"
        },
        {
            "comment id": 180,
            "parent": -1,
            "children": [],
            "user id": "5337111732",
            "user name": "全自动人工AI仐",
            "content": "什么是赛博朋克？这。...",
            "time": "21-1-4 12:50"
        },
        {
            "comment id": 181,
            "parent": -1,
            "children": [],
            "user id": "5658005368",
            "user name": "等待的KO",
            "content": "",
            "time": "21-1-6 03:02"
        },
        {
            "comment id": 182,
            "parent": -1,
            "children": [],
            "user id": "5754951028",
            "user name": "俺用飘柔",
            "content": "我去，牛逼",
            "time": "21-1-4 13:48"
        },
        {
            "comment id": 183,
            "parent": -1,
            "children": [],
            "user id": "2811476361",
            "user name": "桃der",
            "content": "哦呵",
            "time": "21-1-4 13:16"
        },
        {
            "comment id": 184,
            "parent": -1,
            "children": [],
            "user id": "5862993463",
            "user name": "幼儿园最优",
            "content": "脑子有毛病吧？",
            "time": "21-1-4 13:09"
        },
        {
            "comment id": 185,
            "parent": -1,
            "children": [],
            "user id": "3610316044",
            "user name": "五行少二",
            "content": "厉害了，电子脚环最多监控位置，",
            "time": "21-1-4 13:05"
        },
        {
            "comment id": 186,
            "parent": -1,
            "children": [],
            "user id": "6297645187",
            "user name": "流浪de小汪酱",
            "content": "不实消息？C你🐴听见没？",
            "time": "21-1-4 15:16"
        },
        {
            "comment id": 187,
            "parent": -1,
            "children": [],
            "user id": "7363799162",
            "user name": "蜂擎",
            "content": "虽然是过期了的新闻，但我好奇的是那时真的给环卫工戴上了这种电子器吗？",
            "time": "21-1-4 15:07"
        },
        {
            "comment id": 188,
            "parent": -1,
            "children": [],
            "user id": "5984575311",
            "user name": "非主流子美女女士D",
            "content": "//@潘多拉号森林:笑死了，本来应该是qjf的待遇，结果用在辛辛苦苦的劳动工人身上谁想出来的，呵呵//@石蕊试纸:强奸犯都没有的电子手环安在环卫工人身上",
            "time": "21-1-4 13:03"
        },
        {
            "comment id": 189,
            "parent": -1,
            "children": [],
            "user id": "6217607774",
            "user name": "岩冬冬",
            "content": "无限压榨",
            "time": "21-1-7 13:26"
        },
        {
            "comment id": 190,
            "parent": -1,
            "children": [],
            "user id": "1067138767",
            "user name": "賀_MAKI全世界最可愛",
            "content": "前段时间是谁说给抢劫犯戴电子脚环不现实的？这不是能实现嘛",
            "time": "21-1-4 18:30"
        },
        {
            "comment id": 191,
            "parent": -1,
            "children": [],
            "user id": "3754333941",
            "user name": "君君绝对不吃软糖",
            "content": "问题不是它是不是已经叫停或者取消。问题是，上面有人坐着老板椅想出了这种折磨人的办法，有人没有把普通人当做是人。",
            "time": "21-1-4 17:46"
        },
        {
            "comment id": 192,
            "parent": -1,
            "children": [],
            "user id": "5560674589",
            "user name": "冰摇糕糕茶",
            "content": "带的不是手环，是镣铐啊",
            "time": "21-1-4 16:34"
        },
        {
            "comment id": 193,
            "parent": -1,
            "children": [],
            "user id": "2697850084",
            "user name": "Riiiiichnan",
            "content": "恋童癖强奸犯没用的手环倒是用在清洁工身上了，好笑",
            "time": "21-1-4 16:10"
        },
        {
            "comment id": 194,
            "parent": -1,
            "children": [],
            "user id": "5174419272",
            "user name": "疾驰在校道上的YU",
            "content": "@安安馅泡芙",
            "time": "21-1-4 14:34"
        },
        {
            "comment id": 195,
            "parent": -1,
            "children": [],
            "user id": "5865589294",
            "user name": "Qnno",
            "content": "竟然还能有这种事@别让我烦",
            "time": "21-1-4 14:25"
        },
        {
            "comment id": 196,
            "parent": -1,
            "children": [],
            "user id": "5760457028",
            "user name": "亿点点盐也不是不行",
            "content": "#这是在干什么# ？",
            "time": "21-1-4 14:07"
        },
        {
            "comment id": 197,
            "parent": -1,
            "children": [],
            "user id": "3305747825",
            "user name": "省税校10届跨栏冠军",
            "content": "南京好像对环卫工一直都很苛刻",
            "time": "21-1-4 13:34"
        },
        {
            "comment id": 198,
            "parent": -1,
            "children": [],
            "user id": "2683501941",
            "user name": "祖传麒麟臂两米八",
            "content": "怎么舍不得给强奸犯和猥亵犯戴呢？是因为它们不喜欢吗？",
            "time": "21-1-4 13:16"
        },
        {
            "comment id": 199,
            "parent": -1,
            "children": [],
            "user id": "1880392023",
            "user name": "-箜箜-",
            "content": "把劳动人民当奴隶对待，这还是社会主义新中国吗？！",
            "time": "21-1-4 13:16"
        },
        {
            "comment id": 200,
            "parent": -1,
            "children": [],
            "user id": "6284708051",
            "user name": "猫脸猫眼睛",
            "content": "生活在解放前的感觉。。",
            "time": "21-1-9 14:41"
        },
        {
            "comment id": 201,
            "parent": -1,
            "children": [],
            "user id": "1960448885",
            "user name": "有只桃桃",
            "content": "",
            "time": "21-1-7 15:22"
        },
        {
            "comment id": 202,
            "parent": -1,
            "children": [],
            "user id": "1937477851",
            "user name": "你是一封信_我是邮差_",
            "content": "原来旧闻＝不实消息 牛的//@seventeenteen:真是绝了  看到微博提醒说是不实消息  点进去一看  原来只是不是“新闻”而已啊  以前发生过的事情居然也可以被称为不实消息了//@Lighting_ml:看了看举报的信息，原来是真真实实发生过只不过是旧闻，还是震惊",
            "time": "21-1-5 15:03"
        },
        {
            "comment id": 203,
            "parent": -1,
            "children": [],
            "user id": "2669305441",
            "user name": "忘密码了惹",
            "content": "惡毒社會",
            "time": "21-1-4 20:04"
        },
        {
            "comment id": 204,
            "parent": -1,
            "children": [],
            "user id": "2480030300",
            "user name": "阿拉蓓斯",
            "content": "你这号不封15天对不起群众吧",
            "time": "21-1-4 15:16"
        },
        {
            "comment id": 205,
            "parent": -1,
            "children": [],
            "user id": "5973784881",
            "user name": "世界第一笨dan",
            "content": "既然18年就能完成的技术 2021年了还没给强奸犯用上？",
            "time": "21-1-4 15:08"
        },
        {
            "comment id": 206,
            "parent": -1,
            "children": [],
            "user id": "1273880753",
            "user name": "养了三只猫的水瓶",
            "content": "真赛博朋克",
            "time": "21-1-4 14:05"
        },
        {
            "comment id": 207,
            "parent": -1,
            "children": [],
            "user id": "3688137592",
            "user name": "哈哈哈啊嗝少女",
            "content": "有病吗？",
            "time": "21-1-4 13:40"
        },
        {
            "comment id": 208,
            "parent": -1,
            "children": [],
            "user id": "6480383105",
            "user name": "--SyNn",
            "content": "无语子",
            "time": "21-1-4 13:25"
        },
        {
            "comment id": 209,
            "parent": -1,
            "children": [],
            "user id": "5145758570",
            "user name": "当机立断的阿尔库俄涅",
            "content": "啊？？？？？",
            "time": "21-1-4 13:00"
        },
        {
            "comment id": 210,
            "parent": -1,
            "children": [],
            "user id": "6168230405",
            "user name": "落小姬",
            "content": "？？？",
            "time": "21-1-4 12:34"
        },
        {
            "comment id": 211,
            "parent": -1,
            "children": [],
            "user id": "7326639567",
            "user name": "荔枝茯苓",
            "content": "旧闻＝不实信息，给爷整乐了",
            "time": "21-1-10 20:20"
        },
        {
            "comment id": 212,
            "parent": -1,
            "children": [
                213
            ],
            "user id": "2930183054",
            "user name": "-观测者",
            "content": "看辟谣里有人提是18年的事情，我想知道当时这事是真的吗，后续如何？有没有知道的。",
            "time": "21-1-4 15:33"
        },
        {
            "comment id": 213,
            "parent": 212,
            "children": [],
            "user id": "6605939953",
            "user name": "是酸甜的桔子吖",
            "content": "辟谣个啥呀，现在还有呢，不响警报啦而已，定位还是有的 查看图片",
            "time": "21-1-4 20:25"
        },
        {
            "comment id": 214,
            "parent": -1,
            "children": [],
            "user id": "6297590721",
            "user name": "抹茶菩提加奶盖",
            "content": "哈哈哈  被禁言了吧",
            "time": "21-1-4 14:56"
        },
        {
            "comment id": 215,
            "parent": -1,
            "children": [],
            "user id": "2173036952",
            "user name": "yyy-poplar2333",
            "content": "强奸犯都没那么难",
            "time": "21-1-4 14:55"
        },
        {
            "comment id": 216,
            "parent": -1,
            "children": [],
            "user id": "2269710922",
            "user name": "鋼筆様子",
            "content": "这管理部门，和想出这办法的 真他妈有病 //@小浪: ",
            "time": "21-1-4 14:42"
        },
        {
            "comment id": 217,
            "parent": -1,
            "children": [],
            "user id": "1878219871",
            "user name": "阳光淳影-",
            "content": "//@陨石老刀: //@xsun345://@张忆安-龙战于野: 强奸犯戴电子镣铐是法律问题，社会主人翁戴电子镣铐是什么问题？",
            "time": "21-1-4 14:38"
        },
        {
            "comment id": 218,
            "parent": -1,
            "children": [],
            "user id": "1789642824",
            "user name": "蕊儿00",
            "content": "强奸犯带手铐脚镣看来是完全可以实现的毕竟普通老百姓都能。",
            "time": "21-1-4 14:31"
        },
        {
            "comment id": 219,
            "parent": -1,
            "children": [],
            "user id": "1957354375",
            "user name": "-ForArielx",
            "content": "用尽了所有方法整清洁工，之前不是还按克称灰吗",
            "time": "21-1-4 14:31"
        },
        {
            "comment id": 220,
            "parent": -1,
            "children": [],
            "user id": "6034640844",
            "user name": "小白菜就是不吃鸡蛋",
            "content": "靠强奸犯不带？？给劳动人民带？？都能给劳动人民带那为什么强奸犯不能带？？",
            "time": "21-1-4 14:23"
        },
        {
            "comment id": 221,
            "parent": -1,
            "children": [],
            "user id": "2171367203",
            "user name": "小小啵同学",
            "content": "有毛病？？？",
            "time": "21-1-4 14:23"
        },
        {
            "comment id": 222,
            "parent": -1,
            "children": [],
            "user id": "6482853349",
            "user name": "请你吃哈哈镜",
            "content": "绝了   我以为回到了奴隶制社会",
            "time": "21-1-4 14:23"
        },
        {
            "comment id": 223,
            "parent": -1,
            "children": [],
            "user id": "6973460879",
            "user name": "ButterflyWaltz_",
            "content": "还真当自己是奴隶主啊这时现代社会吗？？？",
            "time": "21-1-4 14:21"
        },
        {
            "comment id": 224,
            "parent": -1,
            "children": [],
            "user id": "1662937863",
            "user name": "海边的天空",
            "content": "有些东西不是改了就可以的",
            "time": "21-1-4 14:14"
        },
        {
            "comment id": 225,
            "parent": -1,
            "children": [],
            "user id": "6746394150",
            "user name": "我就是小揪揪",
            "content": "再说一遍我们是什么体制的社会？奴隶制吧？",
            "time": "21-1-4 14:09"
        },
        {
            "comment id": 226,
            "parent": -1,
            "children": [],
            "user id": "1904719555",
            "user name": "胃口不好想休假",
            "content": "这尼玛…………",
            "time": "21-1-4 14:09"
        },
        {
            "comment id": 227,
            "parent": -1,
            "children": [],
            "user id": "1759232831",
            "user name": "Q_kai",
            "content": "好像南京一直对清洁工像对待畜牲一样",
            "time": "21-1-4 14:06"
        },
        {
            "comment id": 228,
            "parent": -1,
            "children": [],
            "user id": "1143008921",
            "user name": "懒蓓蓓",
            "content": "不想着给人多发点工资，净整些没用的花钱买这些东西。",
            "time": "21-1-4 14:05"
        }
    ]
}