{
    "source": {
        "content": "清洁工要求佩戴电子手环，除了定位功能之外，工人们只要在原地停留20分钟以上，就会触发报警声! ",
        "time": "21-1-4 13:52",
        "user id": "2726672453",
        "tweet id": "JBC0Y1AxG",
        "label": 1,
        "theme": null
    },
    "comment": [
        {
            "comment id": 0,
            "parent": -1,
            "children": [],
            "user id": "7063224086",
            "user name": "学学_-_",
            "content": "给强奸犯猥亵犯戴不好么？为什么要给劳动人民戴",
            "time": "21-1-4 13:54"
        },
        {
            "comment id": 1,
            "parent": -1,
            "children": [],
            "user id": "6374663459",
            "user name": "吃瓜人吃瓜魂",
            "content": "已经不是很懂这个社会了",
            "time": "21-1-4 13:53"
        },
        {
            "comment id": 2,
            "parent": -1,
            "children": [
                3
            ],
            "user id": "7185982222",
            "user name": "睡觉不停_吃饭不止",
            "content": "这太不公平了吧，有一种强制监管的感觉，环卫工停留时间还要限制",
            "time": "21-1-4 13:54"
        },
        {
            "comment id": 3,
            "parent": 2,
            "children": [],
            "user id": "7185982222",
            "user name": "睡觉不停_吃饭不止",
            "content": "",
            "time": "21-1-4 13:54"
        },
        {
            "comment id": 4,
            "parent": -1,
            "children": [],
            "user id": "5256995338",
            "user name": "门总家的花豆",
            "content": "电子手铐为什么要戴在人民的身上",
            "time": "21-1-4 13:54"
        },
        {
            "comment id": 5,
            "parent": -1,
            "children": [],
            "user id": "6734404773",
            "user name": "哆啦A梦要睡觉了",
            "content": "如果能按时完成每天的清扫任务，你管人家在哪停留多久？而且特殊情况呢",
            "time": "21-1-4 13:54"
        },
        {
            "comment id": 6,
            "parent": -1,
            "children": [],
            "user id": "7010398104",
            "user name": "摘一颗星星放在心里·",
            "content": "#这是在干什么#",
            "time": "21-1-4 13:54"
        },
        {
            "comment id": 7,
            "parent": -1,
            "children": [],
            "user id": "5758674525",
            "user name": "来世攀登星辰月亮·",
            "content": "有什么必要吗",
            "time": "21-1-4 13:52"
        },
        {
            "comment id": 8,
            "parent": -1,
            "children": [],
            "user id": "6112569650",
            "user name": "·忽闻江上",
            "content": "毫无人性",
            "time": "21-1-4 13:56"
        },
        {
            "comment id": 9,
            "parent": -1,
            "children": [],
            "user id": "2733133704",
            "user name": "砚砚肖",
            "content": "想出这种东西的人才该戴这玩意！",
            "time": "21-1-4 13:59"
        },
        {
            "comment id": 10,
            "parent": -1,
            "children": [],
            "user id": "6200102824",
            "user name": "曾嘉不行",
            "content": "有病吧，有病吧，你怎么不给你的领导戴上狗屁加油手环啊。",
            "time": "21-1-4 14:05"
        },
        {
            "comment id": 11,
            "parent": -1,
            "children": [],
            "user id": "5584582081",
            "user name": "Clinghui",
            "content": "？？迷惑",
            "time": "21-1-4 13:54"
        },
        {
            "comment id": 12,
            "parent": -1,
            "children": [],
            "user id": "5215421089",
            "user name": "Puppy馅儿",
            "content": "有人性吗",
            "time": "21-1-4 14:22"
        },
        {
            "comment id": 13,
            "parent": -1,
            "children": [],
            "user id": "7498566039",
            "user name": "消极哭唧唧达人",
            "content": "？这是在干什么",
            "time": "21-1-4 13:55"
        },
        {
            "comment id": 14,
            "parent": -1,
            "children": [],
            "user id": "5381846958",
            "user name": "铁锤今天瘦了吗",
            "content": "？？这是什么迷惑行为",
            "time": "21-1-4 13:53"
        },
        {
            "comment id": 15,
            "parent": -1,
            "children": [],
            "user id": "5200416743",
            "user name": "意气风发的Chris",
            "content": "扣分了吧，让你造谣",
            "time": "21-1-4 19:12"
        },
        {
            "comment id": 16,
            "parent": -1,
            "children": [],
            "user id": "3344405570",
            "user name": "芒果味儿的慕思耶",
            "content": "？？？",
            "time": "21-1-4 18:52"
        },
        {
            "comment id": 17,
            "parent": -1,
            "children": [],
            "user id": "5982866733",
            "user name": "碧落源澄澄",
            "content": "？？",
            "time": "21-1-4 17:29"
        },
        {
            "comment id": 18,
            "parent": -1,
            "children": [],
            "user id": "6676968873",
            "user name": "云深云浅缘起有广场",
            "content": "这规定有病",
            "time": "21-1-4 15:42"
        },
        {
            "comment id": 19,
            "parent": -1,
            "children": [],
            "user id": "6185208788",
            "user name": "西奥小点点",
            "content": "",
            "time": "21-1-4 15:17"
        },
        {
            "comment id": 20,
            "parent": -1,
            "children": [],
            "user id": "5046964359",
            "user name": "korinana",
            "content": "魔幻",
            "time": "21-1-4 15:02"
        },
        {
            "comment id": 21,
            "parent": -1,
            "children": [],
            "user id": "2619149827",
            "user name": "silentsink",
            "content": "？？？",
            "time": "21-1-4 14:52"
        },
        {
            "comment id": 22,
            "parent": -1,
            "children": [],
            "user id": "6045957134",
            "user name": "苏原_1025",
            "content": "欺负人",
            "time": "21-1-4 14:18"
        },
        {
            "comment id": 23,
            "parent": -1,
            "children": [],
            "user id": "5977163506",
            "user name": "鹿小熙和她的公主晴",
            "content": "？？？",
            "time": "21-1-4 14:11"
        },
        {
            "comment id": 24,
            "parent": -1,
            "children": [],
            "user id": "3614830103",
            "user name": "有事就直说",
            "content": "这是干什么？？？？？魔幻现实",
            "time": "21-1-4 14:06"
        },
        {
            "comment id": 25,
            "parent": -1,
            "children": [],
            "user id": "6268126254",
            "user name": "小北鼻让让",
            "content": "有病",
            "time": "21-1-4 14:05"
        },
        {
            "comment id": 26,
            "parent": -1,
            "children": [],
            "user id": "1763136477",
            "user name": "雷霆Lighting",
            "content": "神经病，该用的人不用",
            "time": "21-1-4 13:59"
        },
        {
            "comment id": 27,
            "parent": -1,
            "children": [],
            "user id": "7468227466",
            "user name": "·茶茶丸子·",
            "content": "为什么总这些毫无用处的形式主义",
            "time": "21-1-4 13:58"
        },
        {
            "comment id": 28,
            "parent": -1,
            "children": [],
            "user id": "5800407255",
            "user name": "自在星野_",
            "content": "无语",
            "time": "21-1-4 13:58"
        },
        {
            "comment id": 29,
            "parent": -1,
            "children": [],
            "user id": "6979934396",
            "user name": "-倒霉的草莓中了我的圈套-",
            "content": "有病啊",
            "time": "21-1-4 13:56"
        },
        {
            "comment id": 30,
            "parent": -1,
            "children": [],
            "user id": "1715876645",
            "user name": "多肉车厘全糖飞冰",
            "content": "？",
            "time": "21-1-4 13:55"
        },
        {
            "comment id": 31,
            "parent": -1,
            "children": [],
            "user id": "6499493985",
            "user name": "泽兰无芳草",
            "content": "？？？？",
            "time": "21-1-4 13:55"
        },
        {
            "comment id": 32,
            "parent": -1,
            "children": [],
            "user id": "5724813778",
            "user name": "抹茶不喜欢星冰乐了",
            "content": "太过分了吧？！！！那些强奸犯不见你们把惩罚机制落实得那么快？？？",
            "time": "21-1-4 13:55"
        },
        {
            "comment id": 33,
            "parent": -1,
            "children": [],
            "user id": "5843570428",
            "user name": "0kayf",
            "content": "？？",
            "time": "21-1-4 13:54"
        },
        {
            "comment id": 34,
            "parent": -1,
            "children": [],
            "user id": "5590971046",
            "user name": "叶迦流夜西",
            "content": "牛逼 这社会太魔幻了",
            "time": "21-1-4 13:53"
        },
        {
            "comment id": 35,
            "parent": -1,
            "children": [],
            "user id": "6023363731",
            "user name": "季节河-",
            "content": "",
            "time": "21-1-4 13:53"
        },
        {
            "comment id": 36,
            "parent": -1,
            "children": [],
            "user id": "7487741072",
            "user name": "-喵呜杏仁-",
            "content": "滚，别再欺负老百姓了！我上次还看见一个新闻说是要给学生带什么头环“紧箍咒”，说什么帮助集中注意力听课，这玩意为什么不用在那些心理扭曲犯罪者身上！",
            "time": "21-1-4 14:04"
        },
        {
            "comment id": 37,
            "parent": -1,
            "children": [],
            "user id": "2980672745",
            "user name": "宋茜我内人",
            "content": "？？？迷惑",
            "time": "21-1-4 13:53"
        },
        {
            "comment id": 38,
            "parent": -1,
            "children": [],
            "user id": "5838622755",
            "user name": "来一下留言屋",
            "content": "活在魔幻现实主义",
            "time": "21-1-7 16:22"
        },
        {
            "comment id": 39,
            "parent": -1,
            "children": [],
            "user id": "6307310917",
            "user name": "胖脸糊涂怪",
            "content": "是谁啊，为什么怎么做呢",
            "time": "21-1-5 12:24"
        },
        {
            "comment id": 40,
            "parent": -1,
            "children": [],
            "user id": "6307310917",
            "user name": "胖脸糊涂怪",
            "content": "有病，什么人都有呢",
            "time": "21-1-5 12:23"
        },
        {
            "comment id": 41,
            "parent": -1,
            "children": [],
            "user id": "2614301584",
            "user name": "兔子吃瓜不吐籽",
            "content": "？？？有病",
            "time": "21-1-4 17:43"
        },
        {
            "comment id": 42,
            "parent": -1,
            "children": [],
            "user id": "6097194620",
            "user name": "快乐小狗勾SN",
            "content": "？",
            "time": "21-1-4 17:29"
        },
        {
            "comment id": 43,
            "parent": -1,
            "children": [],
            "user id": "6990450719",
            "user name": "花下载",
            "content": "？？",
            "time": "21-1-4 17:25"
        },
        {
            "comment id": 44,
            "parent": -1,
            "children": [],
            "user id": "3613124782",
            "user name": "llama和yang",
            "content": "？？？？",
            "time": "21-1-4 17:04"
        },
        {
            "comment id": 45,
            "parent": -1,
            "children": [],
            "user id": "7328827411",
            "user name": "炸毛机灵鬼",
            "content": "普及给罪大恶极强奸犯吧服了",
            "time": "21-1-4 15:48"
        },
        {
            "comment id": 46,
            "parent": -1,
            "children": [],
            "user id": "6304603456",
            "user name": "粉色萌萌拳",
            "content": "这给罪犯戴的玩意儿吧",
            "time": "21-1-4 15:47"
        },
        {
            "comment id": 47,
            "parent": -1,
            "children": [],
            "user id": "6637980622",
            "user name": "甜橘仙女",
            "content": "吐了",
            "time": "21-1-4 15:39"
        },
        {
            "comment id": 48,
            "parent": -1,
            "children": [],
            "user id": "5711031287",
            "user name": "-·兔与·-",
            "content": "疯了吧疯了吧",
            "time": "21-1-4 15:14"
        },
        {
            "comment id": 49,
            "parent": -1,
            "children": [],
            "user id": "7514847114",
            "user name": "垮了垮了垮了",
            "content": "脑子有毛病吧",
            "time": "21-1-4 15:13"
        },
        {
            "comment id": 50,
            "parent": -1,
            "children": [],
            "user id": "5373286150",
            "user name": "Umbra蚀时的地球",
            "content": "？？？",
            "time": "21-1-4 14:47"
        },
        {
            "comment id": 51,
            "parent": -1,
            "children": [],
            "user id": "7145477885",
            "user name": "左耳朵在夏天",
            "content": "神经病",
            "time": "21-1-4 14:36"
        },
        {
            "comment id": 52,
            "parent": -1,
            "children": [],
            "user id": "5250014773",
            "user name": "青隽s",
            "content": "有病是有病吧 把马路清扫干净就好了啊 为什么还不让人休息啊",
            "time": "21-1-4 14:35"
        },
        {
            "comment id": 53,
            "parent": -1,
            "children": [],
            "user id": "7490669719",
            "user name": "财财兔Rabbit",
            "content": "？？？？？？？？？？？？？？？？？？？？？？？？？",
            "time": "21-1-4 14:23"
        },
        {
            "comment id": 54,
            "parent": -1,
            "children": [],
            "user id": "6543898055",
            "user name": "报告老师这里有狗",
            "content": "沃日有病吧靠",
            "time": "21-1-4 14:20"
        },
        {
            "comment id": 55,
            "parent": -1,
            "children": [],
            "user id": "1735888450",
            "user name": "CHERRYAYA",
            "content": "这根本是精神虐待！！！！！！",
            "time": "21-1-4 14:16"
        },
        {
            "comment id": 56,
            "parent": -1,
            "children": [],
            "user id": "6744179747",
            "user name": "逾越玥玥玥·",
            "content": "有病",
            "time": "21-1-4 14:12"
        },
        {
            "comment id": 57,
            "parent": -1,
            "children": [],
            "user id": "7034247923",
            "user name": "等等我问问我的",
            "content": "?擦",
            "time": "21-1-4 14:05"
        },
        {
            "comment id": 58,
            "parent": -1,
            "children": [],
            "user id": "2556469025",
            "user name": "红红火火猴子烊",
            "content": "这不是电子手铐啊…本意是监控生命，前两天不是清洁工连续出事死了两个吗，应该是因为这个原因搞的，只不过落实的时候变味了。有很多政策都是本意是好的，落实人不好，所以最后导致政策变味",
            "time": "21-1-4 14:01"
        },
        {
            "comment id": 59,
            "parent": -1,
            "children": [],
            "user id": "5974947773",
            "user name": "轻也",
            "content": "好可怕",
            "time": "21-1-4 13:59"
        },
        {
            "comment id": 60,
            "parent": -1,
            "children": [],
            "user id": "6541801174",
            "user name": "宋小珊de",
            "content": "这都是什么呀    这是人太多了 吗",
            "time": "21-1-4 13:58"
        },
        {
            "comment id": 61,
            "parent": -1,
            "children": [],
            "user id": "6570123695",
            "user name": "郑经人i",
            "content": "？",
            "time": "21-1-4 13:58"
        },
        {
            "comment id": 62,
            "parent": -1,
            "children": [],
            "user id": "7436276645",
            "user name": "悬崖上的KittyCat",
            "content": "神经病吧，谁想出来的",
            "time": "21-1-4 13:57"
        },
        {
            "comment id": 63,
            "parent": -1,
            "children": [],
            "user id": "5376103200",
            "user name": "艾JJJJJ",
            "content": "没必要吧",
            "time": "21-1-4 13:57"
        },
        {
            "comment id": 64,
            "parent": -1,
            "children": [],
            "user id": "6569142989",
            "user name": "小颖喜欢王源吖",
            "content": "？",
            "time": "21-1-4 13:57"
        },
        {
            "comment id": 65,
            "parent": -1,
            "children": [],
            "user id": "6837737243",
            "user name": "哀家笑看各种煞笔",
            "content": "人家把地扫好扫干净就得了 搞得像犯人一样有必要吗",
            "time": "21-1-4 13:55"
        },
        {
            "comment id": 66,
            "parent": -1,
            "children": [],
            "user id": "1211606420",
            "user name": "丹青鱼",
            "content": "真操行",
            "time": "21-1-4 13:55"
        },
        {
            "comment id": 67,
            "parent": -1,
            "children": [],
            "user id": "7063164841",
            "user name": "邪恶花胶鸡",
            "content": "那个脑子不好的人想的劝它给自己戴上",
            "time": "21-1-4 13:55"
        },
        {
            "comment id": 68,
            "parent": -1,
            "children": [],
            "user id": "3847369629",
            "user name": "丸子永远是小朋友",
            "content": "休息一下都不行(▼皿▼#)",
            "time": "21-1-4 13:54"
        },
        {
            "comment id": 69,
            "parent": -1,
            "children": [],
            "user id": "5233517052",
            "user name": "姬姬姬姬姬姬sir",
            "content": "绝了",
            "time": "21-1-4 13:54"
        },
        {
            "comment id": 70,
            "parent": -1,
            "children": [],
            "user id": "6431951382",
            "user name": "霁游時分",
            "content": "太过了吧",
            "time": "21-1-4 13:53"
        },
        {
            "comment id": 71,
            "parent": -1,
            "children": [],
            "user id": "5890887843",
            "user name": "白色的浪花一朵朵",
            "content": "奴隶主们这是花样百出啊",
            "time": "21-1-4 16:21"
        },
        {
            "comment id": 72,
            "parent": -1,
            "children": [],
            "user id": "5305182772",
            "user name": "五只羊就是我的生命意义",
            "content": "有病",
            "time": "21-1-4 15:06"
        },
        {
            "comment id": 73,
            "parent": -1,
            "children": [],
            "user id": "6288021037",
            "user name": "晴天天睛li",
            "content": "神经病，那些个领导，不把人当成人了",
            "time": "21-1-4 14:40"
        },
        {
            "comment id": 74,
            "parent": -1,
            "children": [],
            "user id": "5363671155",
            "user name": "醉漾轻舟压星河",
            "content": "有这技术用在强奸犯身上不好吗？",
            "time": "21-1-4 14:18"
        },
        {
            "comment id": 75,
            "parent": -1,
            "children": [],
            "user id": "5770741439",
            "user name": "lesyeuxdean",
            "content": "？",
            "time": "21-1-4 14:12"
        },
        {
            "comment id": 76,
            "parent": -1,
            "children": [],
            "user id": "2648690841",
            "user name": "LoLoLoLox",
            "content": "给强奸犯带不好吗？给劳工人民带，脑子又被屁股决定了吗",
            "time": "21-1-4 14:10"
        },
        {
            "comment id": 77,
            "parent": -1,
            "children": [],
            "user id": "2685702573",
            "user name": "颍河Gu事",
            "content": "罪犯吧这是",
            "time": "21-1-4 14:01"
        },
        {
            "comment id": 78,
            "parent": -1,
            "children": [],
            "user id": "2714299041",
            "user name": "NMLGDBxx",
            "content": "多剥削一点吧，呵呵",
            "time": "21-1-4 14:17"
        },
        {
            "comment id": 79,
            "parent": -1,
            "children": [],
            "user id": "6023487878",
            "user name": "不能一天不听歌",
            "content": "?",
            "time": "21-1-4 13:55"
        },
        {
            "comment id": 80,
            "parent": -1,
            "children": [],
            "user id": "6584007659",
            "user name": "Salt-眼镜崽",
            "content": "互动",
            "time": "21-1-4 14:08"
        }
    ]
}