{
    "source": {
        "content": "北京时间1月9日晚，印尼失联飞机在拉吉岛附近海域坠毁。机上有56名乘客，包括46名成人，7名儿童和3名婴儿。\n\n     #印尼客机坠毁现场发现遇难者遗骸#     #环球见闻#                 来个评论的微博视频 ",
        "time": "21-1-10 12:42",
        "user id": "5923135834",
        "tweet id": "JCw7Fmzze",
        "label": 1,
        "theme": null
    },
    "comment": [
        {
            "comment id": 0,
            "parent": -1,
            "children": [],
            "user id": "5917736079",
            "user name": "全搞笑也",
            "content": "来看看哦",
            "time": "21-1-10 14:45"
        },
        {
            "comment id": 1,
            "parent": -1,
            "children": [],
            "user id": "6078522958",
            "user name": "热门搞笑贴",
            "content": "",
            "time": "21-1-10 14:16"
        },
        {
            "comment id": 2,
            "parent": -1,
            "children": [],
            "user id": "6389694612",
            "user name": "一条神回复",
            "content": "",
            "time": "21-1-10 14:10"
        },
        {
            "comment id": 3,
            "parent": -1,
            "children": [],
            "user id": "6389694612",
            "user name": "一条神回复",
            "content": "[米奇比心][米奇比心][米奇比心]",
            "time": "21-1-10 13:25"
        },
        {
            "comment id": 4,
            "parent": -1,
            "children": [],
            "user id": "6070859384",
            "user name": "一颗陈了的橙子",
            "content": "假的吧",
            "time": "21-1-10 19:37"
        }
    ]
}