{
    "source": {
        "content": "#江苏镇江确诊病例父亲核酸阳性#上海一吻封全城，镇江一舞乱红尘\nnmlgb ",
        "time": "21-1-24 14:34",
        "user id": "1621053010",
        "tweet id": "JEEPY1Q1h",
        "label": 1,
        "theme": null
    },
    "comment": [
        {
            "comment id": 0,
            "parent": -1,
            "children": [],
            "user id": "3888849378",
            "user name": "西布DC",
            "content": "上海那个是谣言，不要再传了 ",
            "time": "21-1-24 14:35"
        },
        {
            "comment id": 1,
            "parent": -1,
            "children": [],
            "user id": "7425089754",
            "user name": "RebInLA",
            "content": "笑死",
            "time": "21-1-25 12:04"
        },
        {
            "comment id": 2,
            "parent": -1,
            "children": [],
            "user id": "2824493413",
            "user name": "拉轰的小裤衩",
            "content": "合辙押韵",
            "time": "21-1-24 15:09"
        },
        {
            "comment id": 3,
            "parent": -1,
            "children": [],
            "user id": "2629549701",
            "user name": "特大号风扇",
            "content": "能不传播谣言了吗",
            "time": "21-1-24 15:00"
        },
        {
            "comment id": 4,
            "parent": -1,
            "children": [],
            "user id": "1806312375",
            "user name": "Childrenhi",
            "content": "你很有才",
            "time": "21-1-24 15:45"
        },
        {
            "comment id": 5,
            "parent": -1,
            "children": [],
            "user id": "5213930145",
            "user name": "诺诺541",
            "content": "真的假的",
            "time": "21-1-24 14:48"
        }
    ]
}