{
    "source": {
        "content": "广州某校一英国女外教上门辅导英语，跟男学生约定，如果成绩好就奖励做X一次。还猥亵多名学生，监控拍下了这名女外教与学生在客厅上演激情动作片…#奇趣视频# 快乐微博维克多的微博视频 ",
        "time": "21-2-23 15:57",
        "user id": "5616918694",
        "tweet id": "K3gKfqGYv",
        "label": 1,
        "theme": null
    },
    "comment": [
        {
            "comment id": 0,
            "parent": -1,
            "children": [
                1,
                2,
                3
            ],
            "user id": "5951513455",
            "user name": "孤笑晚芙生",
            "content": "学校不好招生了？至于用这样的营销手段吗？我有个朋友想问下是哪所学校",
            "time": "21-2-23 23:38"
        },
        {
            "comment id": 1,
            "parent": 0,
            "children": [],
            "user id": "7541529631",
            "user name": "必上上外的tigerWu",
            "content": "无中生友",
            "time": "21-3-20 12:01"
        },
        {
            "comment id": 2,
            "parent": 0,
            "children": [],
            "user id": "6052109840",
            "user name": "可乐炸鸡和香水",
            "content": "无中生友",
            "time": "21-2-26 19:57"
        },
        {
            "comment id": 3,
            "parent": 0,
            "children": [],
            "user id": "2960986751",
            "user name": "卓耿斯",
            "content": "珠江水旁",
            "time": "21-2-25 09:03"
        },
        {
            "comment id": 4,
            "parent": -1,
            "children": [],
            "user id": "2810528314",
            "user name": "奋进的阿波",
            "content": "我突然对学英语产生了浓厚的兴趣。",
            "time": "21-2-23 16:51"
        },
        {
            "comment id": 5,
            "parent": -1,
            "children": [
                6,
                7,
                8,
                10,
                11,
                12,
                13
            ],
            "user id": "1723587135",
            "user name": "真龙天子12000",
            "content": "外教要都有这觉悟， 大陆学生的英语成绩早上去了。",
            "time": "21-2-23 16:53"
        },
        {
            "comment id": 6,
            "parent": 5,
            "children": [],
            "user id": "5850197074",
            "user name": "冯砚辞和冯尽欢",
            "content": "回复@圆妹妹的哥哥:学会了就跑路吗？",
            "time": "21-3-2 20:02"
        },
        {
            "comment id": 7,
            "parent": 5,
            "children": [],
            "user id": "6655551222",
            "user name": "剑八1373",
            "content": "找到英语学不好的原因了",
            "time": "21-2-25 09:35"
        },
        {
            "comment id": 8,
            "parent": 5,
            "children": [],
            "user id": "2775739057",
            "user name": "alien717",
            "content": "男外教都有这个觉悟",
            "time": "21-2-25 09:32"
        },
        {
            "comment id": 9,
            "parent": 10,
            "children": [],
            "user id": "5850197074",
            "user name": "冯砚辞和冯尽欢",
            "content": "回复@薛晓棒棒哒:看来你是老司机了",
            "time": "21-2-24 17:59"
        },
        {
            "comment id": 10,
            "parent": 5,
            "children": [
                9
            ],
            "user id": "6099907435",
            "user name": "薛晓棒棒哒",
            "content": "回复@蹦迪锦标赛冠军:有画面了",
            "time": "21-2-24 10:42"
        },
        {
            "comment id": 11,
            "parent": 5,
            "children": [],
            "user id": "1810096173",
            "user name": "诗情画意一滩狗屎",
            "content": "回复@蹦迪锦标赛冠军:康忙，北鼻",
            "time": "21-2-24 09:42"
        },
        {
            "comment id": 12,
            "parent": 5,
            "children": [],
            "user id": "5850197074",
            "user name": "冯砚辞和冯尽欢",
            "content": "相反！学生也许只能学会come on,oh yeah,oh fxxk。",
            "time": "21-2-24 09:15"
        },
        {
            "comment id": 13,
            "parent": 5,
            "children": [],
            "user id": "3839299596",
            "user name": "rtwmj",
            "content": "那得看是啥样了？这年头非英语母语国都来天朝敎英语了  像什么菲国巴国....",
            "time": "21-2-23 22:10"
        },
        {
            "comment id": 14,
            "parent": -1,
            "children": [
                15,
                16,
                17,
                18,
                19,
                20,
                21,
                22,
                23,
                24,
                25,
                26,
                27,
                28,
                29,
                30
            ],
            "user id": "2971728904",
            "user name": "纯洁即吾名-89",
            "content": "我有个朋友想请一个英语老师，有好心人把这个英语老师的联系电话给我吗？",
            "time": "21-2-23 23:03"
        },
        {
            "comment id": 15,
            "parent": 14,
            "children": [],
            "user id": "6262256100",
            "user name": "小言哥哥呀",
            "content": "无中生友",
            "time": "21-2-25 11:13"
        },
        {
            "comment id": 16,
            "parent": 14,
            "children": [],
            "user id": "2005227047",
            "user name": "小小小小小小丑小鸭",
            "content": "那个朋友是你吧",
            "time": "21-2-25 09:21"
        },
        {
            "comment id": 17,
            "parent": 14,
            "children": [],
            "user id": "5132873765",
            "user name": "东萍居士",
            "content": "拨打13159226088就可以了",
            "time": "21-2-25 09:17"
        },
        {
            "comment id": 18,
            "parent": 14,
            "children": [],
            "user id": "1710364654",
            "user name": "Wv要变身",
            "content": "图片评论 查看图片",
            "time": "21-2-25 03:32"
        },
        {
            "comment id": 19,
            "parent": 14,
            "children": [],
            "user id": "5742739455",
            "user name": "靳孟之家",
            "content": "污中生友",
            "time": "21-2-25 01:45"
        },
        {
            "comment id": 20,
            "parent": 14,
            "children": [],
            "user id": "5159792334",
            "user name": "小雨1997",
            "content": "无中生友",
            "time": "21-2-24 21:05"
        },
        {
            "comment id": 21,
            "parent": 14,
            "children": [],
            "user id": "3645430680",
            "user name": "筆唿",
            "content": "是你想吧",
            "time": "21-2-24 20:27"
        },
        {
            "comment id": 22,
            "parent": 14,
            "children": [],
            "user id": "5794040202",
            "user name": "卖家用脚垫的约等于不要钱",
            "content": "图片评论 查看图片",
            "time": "21-2-24 12:10"
        },
        {
            "comment id": 23,
            "parent": 14,
            "children": [],
            "user id": "6200177573",
            "user name": "老乡开下门12138",
            "content": "我就是他朋友，直接把号码发给我就好了",
            "time": "21-2-24 10:15"
        },
        {
            "comment id": 24,
            "parent": 14,
            "children": [],
            "user id": "1654567052",
            "user name": "feltfibre",
            "content": "无中生友",
            "time": "21-2-24 09:19"
        },
        {
            "comment id": 25,
            "parent": 14,
            "children": [],
            "user id": "3320927215",
            "user name": "留给墙角",
            "content": "无中生友？",
            "time": "21-2-24 09:00"
        },
        {
            "comment id": 26,
            "parent": 14,
            "children": [],
            "user id": "5829422943",
            "user name": "星期二下午没有台",
            "content": "你说的这个朋友是不是你自己",
            "time": "21-2-24 08:52"
        },
        {
            "comment id": 27,
            "parent": 14,
            "children": [],
            "user id": "7387781865",
            "user name": "骑手老K",
            "content": "无中生友啊",
            "time": "21-2-24 08:18"
        },
        {
            "comment id": 28,
            "parent": 14,
            "children": [],
            "user id": "2758601253",
            "user name": "有益物种",
            "content": "尴尬的是，你，请不起",
            "time": "21-2-24 08:16"
        },
        {
            "comment id": 29,
            "parent": 14,
            "children": [],
            "user id": "3836331110",
            "user name": "执念mo",
            "content": "110",
            "time": "21-2-24 07:25"
        },
        {
            "comment id": 30,
            "parent": 14,
            "children": [],
            "user id": "2485583434",
            "user name": "超然物外自风流",
            "content": "你说的这个朋友是你自己吗？？",
            "time": "21-2-24 00:20"
        },
        {
            "comment id": 31,
            "parent": -1,
            "children": [
                33,
                34,
                35,
                36,
                37,
                38
            ],
            "user id": "5874236627",
            "user name": "你相信光我们就是朋友",
            "content": "陈院长表示想学外语",
            "time": "21-2-23 20:42"
        },
        {
            "comment id": 32,
            "parent": 34,
            "children": [],
            "user id": "7201854652",
            "user name": "数据开普勒",
            "content": "回复@你相信光我们就是朋友:告诉你个秘密，没有光，也没有奥特曼👻毁灭吧哈哈",
            "time": "21-2-26 14:02"
        },
        {
            "comment id": 33,
            "parent": 31,
            "children": [],
            "user id": "5400497416",
            "user name": "星空下的碎影",
            "content": "陈院长一直在学英语",
            "time": "21-2-25 08:00"
        },
        {
            "comment id": 34,
            "parent": 31,
            "children": [
                32
            ],
            "user id": "5874236627",
            "user name": "你相信光我们就是朋友",
            "content": "回复@天诛影刀:你是鱼头怪吧，没有奥特曼那怪兽怎么跑的，m78星云怎么回事",
            "time": "21-2-25 07:45"
        },
        {
            "comment id": 35,
            "parent": 31,
            "children": [],
            "user id": "7201854652",
            "user name": "数据开普勒",
            "content": "告诉你一个残酷这个世界没有迪迦",
            "time": "21-2-25 07:34"
        },
        {
            "comment id": 36,
            "parent": 31,
            "children": [],
            "user id": "5634036549",
            "user name": "曾经我们年轻过丶",
            "content": "陈清泉表示肯定",
            "time": "21-2-25 06:14"
        },
        {
            "comment id": 37,
            "parent": 31,
            "children": [],
            "user id": "2662144917",
            "user name": "zhhspring",
            "content": "多学一门外语好啊！",
            "time": "21-2-24 19:41"
        },
        {
            "comment id": 38,
            "parent": 31,
            "children": [],
            "user id": "2102376365",
            "user name": "来自水瓶座的倔强",
            "content": "哈哈哈哈哈哈哈哈哈，这个梗也能想起来",
            "time": "21-2-24 07:43"
        },
        {
            "comment id": 39,
            "parent": -1,
            "children": [
                40,
                41,
                42,
                43,
                45,
                46,
                47,
                48,
                49
            ],
            "user id": "1816020631",
            "user name": "Special_A",
            "content": "这下面的评论有毒？这是性骚扰、猥亵啊，对学生会产生多大的影响没人考虑吗，对学生家庭、对学校产生多大的影响没人想过吗？难道是男生，就不需要保护吗？有人觉得这是占便宜了，真的，书白念了。",
            "time": "21-2-24 10:24"
        },
        {
            "comment id": 40,
            "parent": 39,
            "children": [],
            "user id": "1974517547",
            "user name": "大吐槽星人",
            "content": "真不会对学生产生多大影响",
            "time": "21-6-12 11:35"
        },
        {
            "comment id": 41,
            "parent": 39,
            "children": [],
            "user id": "5333572916",
            "user name": "人生如画xf",
            "content": "因为社会上有部分人都不是人，都是猪",
            "time": "21-4-4 18:18"
        },
        {
            "comment id": 42,
            "parent": 39,
            "children": [],
            "user id": "3134146303",
            "user name": "失眠的小南",
            "content": "长的好看，就不亏。丑的话就是骚扰。",
            "time": "21-2-25 12:33"
        },
        {
            "comment id": 43,
            "parent": 39,
            "children": [],
            "user id": "5622153403",
            "user name": "娱璇姬",
            "content": "所以说就怕说什么性别一换，底下多少女拳师跳脚啥啥啥的，也不看看这种事情评论区多少男的什么态度",
            "time": "21-2-25 12:18"
        },
        {
            "comment id": 44,
            "parent": 49,
            "children": [],
            "user id": "6532496923",
            "user name": "黑狗olo",
            "content": "回复@新氵良要倒闭了:让我默默承受吧",
            "time": "21-2-25 10:52"
        },
        {
            "comment id": 45,
            "parent": 39,
            "children": [],
            "user id": "5065155709",
            "user name": "拿我的小鸭子打爆你狗头",
            "content": "提高的成绩已经说明了一切",
            "time": "21-2-25 07:34"
        },
        {
            "comment id": 46,
            "parent": 39,
            "children": [],
            "user id": "7128593294",
            "user name": "一枝莨菪花",
            "content": "哈哈哈，抱歉道理我都懂，但我就是喜欢这种外教",
            "time": "21-2-25 05:50"
        },
        {
            "comment id": 47,
            "parent": 39,
            "children": [],
            "user id": "6514463532",
            "user name": "wsedtyghu",
            "content": "我只能说男人女人活在不同的世界",
            "time": "21-2-24 21:55"
        },
        {
            "comment id": 48,
            "parent": 39,
            "children": [],
            "user id": "6086896583",
            "user name": "山田孝之的食生活",
            "content": "人家学生都不愿意报警，还是家长装了监控才发现的，还不能说明问题吗",
            "time": "21-2-24 11:26"
        },
        {
            "comment id": 49,
            "parent": 39,
            "children": [
                44
            ],
            "user id": "6048326550",
            "user name": "新氵良要倒闭了",
            "content": "完全可以报警啊",
            "time": "21-2-24 10:39"
        },
        {
            "comment id": 50,
            "parent": -1,
            "children": [
                51,
                52,
                54,
                55,
                57,
                59
            ],
            "user id": "2347987977",
            "user name": "卖火烧的骨头",
            "content": "如果外教是尼妹的话，不知道评论里的各位会有什么想法",
            "time": "21-2-24 06:51"
        },
        {
            "comment id": 51,
            "parent": 50,
            "children": [],
            "user id": "7221076582",
            "user name": "山谷幽兰200503",
            "content": "？",
            "time": "22-5-15 19:33"
        },
        {
            "comment id": 52,
            "parent": 50,
            "children": [],
            "user id": "3202613754",
            "user name": "MMMM奔往春天的老马",
            "content": "呼叫女拳手",
            "time": "21-2-24 22:38"
        },
        {
            "comment id": 53,
            "parent": 57,
            "children": [],
            "user id": "6059440714",
            "user name": "洛兰路栏诺澜",
            "content": "回复@多思多烦忧:唱起来了～",
            "time": "21-2-24 12:24"
        },
        {
            "comment id": 54,
            "parent": 50,
            "children": [],
            "user id": "3007676155",
            "user name": "打球爱穿背带裤",
            "content": "回复@莱州荣军精神病院院长胖大海:紧是紧 但是🐔都是松的",
            "time": "21-2-24 10:13"
        },
        {
            "comment id": 55,
            "parent": 50,
            "children": [],
            "user id": "6533830484",
            "user name": "你还藏着熊掌啊",
            "content": "回复@荒野雄狮3:那么黑你都试过？？",
            "time": "21-2-24 10:11"
        },
        {
            "comment id": 56,
            "parent": 59,
            "children": [],
            "user id": "3007676155",
            "user name": "打球爱穿背带裤",
            "content": "回复@老犭者佩奇:一样的 确实比中国妹子紧点这种东西做多了 还是能感觉的出来宽松的",
            "time": "21-2-24 09:36"
        },
        {
            "comment id": 57,
            "parent": 50,
            "children": [
                53
            ],
            "user id": "5546514166",
            "user name": "多思多烦忧",
            "content": "关了灯眼前的模样......",
            "time": "21-2-24 08:59"
        },
        {
            "comment id": 58,
            "parent": 59,
            "children": [],
            "user id": "5479917404",
            "user name": "时光是个烂好人-",
            "content": "回复@老犭者佩奇:听谁说的？",
            "time": "21-2-24 08:40"
        },
        {
            "comment id": 59,
            "parent": 50,
            "children": [
                56,
                58
            ],
            "user id": "5625251657",
            "user name": "老犭者佩奇",
            "content": "听说黑妹更紧",
            "time": "21-2-24 08:30"
        },
        {
            "comment id": 60,
            "parent": -1,
            "children": [
                61,
                63,
                64,
                65,
                66,
                67
            ],
            "user id": "6899219026",
            "user name": "黑桃没有汁儿",
            "content": "？评论有事吗  换成男外教和女学生估计早就开始骂人了吧   祸害青少年啊   是你家孩子你乐意这样？",
            "time": "21-2-24 08:25"
        },
        {
            "comment id": 61,
            "parent": 60,
            "children": [],
            "user id": "2937725713",
            "user name": "别喊我我很忙",
            "content": "女学生就是变成一溜烟骂女生easygirl崇洋媚外了，男学生就是我愿意，呕，金针菇的双标",
            "time": "21-2-25 14:01"
        },
        {
            "comment id": 62,
            "parent": 63,
            "children": [],
            "user id": "6899219026",
            "user name": "黑桃没有汁儿",
            "content": "回复@记账掌柜:是的  但是你没发现女学生和外教全是骂女生的吗  很少看到有这些个评论吧  换成男性角色就觉得还有这种好事",
            "time": "21-2-25 09:14"
        },
        {
            "comment id": 63,
            "parent": 60,
            "children": [
                62
            ],
            "user id": "6899311076",
            "user name": "记账掌柜",
            "content": "有些女的不也喜欢外教嘛看到外国人就贴上去要联系方式和拍照的。男女都一样了，都有一群傻子",
            "time": "21-2-25 08:59"
        },
        {
            "comment id": 64,
            "parent": 60,
            "children": [],
            "user id": "6899219026",
            "user name": "黑桃没有汁儿",
            "content": "妈的  说愿意的  真是太随便了！一点都不洁身自爱！希望你们都是单身  以后也是  有女朋友不得多心寒",
            "time": "21-2-25 08:43"
        },
        {
            "comment id": 65,
            "parent": 60,
            "children": [],
            "user id": "6608365226",
            "user name": "前方路长怎能止步",
            "content": "当然乐意，她就是祸害我，我也是愿意的。",
            "time": "21-2-25 02:19"
        },
        {
            "comment id": 66,
            "parent": 60,
            "children": [],
            "user id": "5676257137",
            "user name": "lee帆帆帆",
            "content": "对于这种男的来说，要脸不要脸只是女的事情，男的只需要性就行了",
            "time": "21-2-24 21:03"
        },
        {
            "comment id": 67,
            "parent": 60,
            "children": [],
            "user id": "3985189398",
            "user name": "在下Mororo",
            "content": "好多猥琐恶臭男，好恶心",
            "time": "21-2-24 10:21"
        },
        {
            "comment id": 68,
            "parent": -1,
            "children": [],
            "user id": "2102276023",
            "user name": "先生阿Q",
            "content": "好老师",
            "time": "21-2-23 16:02"
        },
        {
            "comment id": 69,
            "parent": -1,
            "children": [
                70,
                71
            ],
            "user id": "2825067625",
            "user name": "汤中的鱼1972",
            "content": "性别一换，骂声过万！",
            "time": "21-2-23 22:22"
        },
        {
            "comment id": 70,
            "parent": 69,
            "children": [],
            "user id": "5634036549",
            "user name": "曾经我们年轻过丶",
            "content": "",
            "time": "21-2-25 06:15"
        },
        {
            "comment id": 71,
            "parent": 69,
            "children": [],
            "user id": "6372196808",
            "user name": "晋轩祈雨",
            "content": "所以我绝对不信“男女平等”这回事",
            "time": "21-2-24 22:24"
        },
        {
            "comment id": 72,
            "parent": -1,
            "children": [],
            "user id": "5544635770",
            "user name": "田园梦萦",
            "content": "我靠，这评论都是一股“泥石流\"啊不对，是“山洪暴发流”啊！",
            "time": "21-2-23 19:20"
        },
        {
            "comment id": 73,
            "parent": -1,
            "children": [],
            "user id": "7268440874",
            "user name": "小蝼依叶听春雨201907",
            "content": "比其他的物质奖励强多了！",
            "time": "21-2-23 16:38"
        },
        {
            "comment id": 74,
            "parent": -1,
            "children": [
                76
            ],
            "user id": "2810528314",
            "user name": "奋进的阿波",
            "content": "这是我第一次，在微博，一条评论居然有一千多个赞。太神奇了！ 大家心里活动？ 哈哈哈",
            "time": "21-2-25 11:45"
        },
        {
            "comment id": 75,
            "parent": 76,
            "children": [],
            "user id": "2810528314",
            "user name": "奋进的阿波",
            "content": "回复@mistr苗:是的，懂得人都懂！不懂的人，装懂！就怕一些人，喜欢站在道德高地，故作清高指责别人。。。",
            "time": "21-2-25 11:50"
        },
        {
            "comment id": 76,
            "parent": 74,
            "children": [
                75
            ],
            "user id": "2810207720",
            "user name": "mistr苗",
            "content": "只可意会，不可言传",
            "time": "21-2-25 11:46"
        },
        {
            "comment id": 77,
            "parent": -1,
            "children": [
                78
            ],
            "user id": "3542382581",
            "user name": "我是瘦子莫挨佬资",
            "content": "这种好事反正我是永远碰不到了",
            "time": "21-2-24 01:37"
        },
        {
            "comment id": 78,
            "parent": 77,
            "children": [],
            "user id": "3936482774",
            "user name": "马梵梵梵梵",
            "content": "这女的是个恋童癖 喜欢少年的",
            "time": "21-2-24 01:47"
        },
        {
            "comment id": 79,
            "parent": -1,
            "children": [],
            "user id": "1846415653",
            "user name": "HallianXu",
            "content": "老师还有档期吗？",
            "time": "21-2-23 16:08"
        },
        {
            "comment id": 80,
            "parent": -1,
            "children": [
                82
            ],
            "user id": "3787755830",
            "user name": "姥爷的嫁妆",
            "content": "@我是俗人麦子",
            "time": "21-2-25 08:45"
        },
        {
            "comment id": 81,
            "parent": 82,
            "children": [],
            "user id": "3787755830",
            "user name": "姥爷的嫁妆",
            "content": "回复@我是俗人麦子:耶斯！康木昂，啊啊啊！",
            "time": "21-2-25 18:42"
        },
        {
            "comment id": 82,
            "parent": 80,
            "children": [
                81
            ],
            "user id": "2195731942",
            "user name": "我是俗人麦子",
            "content": "你想学英语了吧",
            "time": "21-2-25 11:23"
        },
        {
            "comment id": 83,
            "parent": -1,
            "children": [
                84
            ],
            "user id": "1762203310",
            "user name": "容-永安",
            "content": "@use_au_yeung  我突然对学英语产生了浓厚的兴趣。",
            "time": "21-2-23 21:33"
        },
        {
            "comment id": 84,
            "parent": 83,
            "children": [],
            "user id": "1731960472",
            "user name": "use_au_yeung",
            "content": "老师还有档期吗？",
            "time": "21-2-23 22:20"
        },
        {
            "comment id": 85,
            "parent": -1,
            "children": [],
            "user id": "1661956643",
            "user name": "余衡信",
            "content": "我现在好想学外语，不要阻拦我赶快给我个电话号码有同样要求的同学点赞",
            "time": "21-2-24 23:48"
        },
        {
            "comment id": 86,
            "parent": -1,
            "children": [],
            "user id": "5627140791",
            "user name": "隐者流名",
            "content": "2021年荣获优秀外教荣誉称号",
            "time": "21-2-24 07:42"
        },
        {
            "comment id": 87,
            "parent": -1,
            "children": [
                88
            ],
            "user id": "2697760890",
            "user name": "一直18岁的二姐",
            "content": "@miumiu猪系你地叫噶 @李某某好想训大觉 妈呀",
            "time": "21-2-25 10:40"
        },
        {
            "comment id": 88,
            "parent": 87,
            "children": [],
            "user id": "1786608082",
            "user name": "李某某好想训大觉",
            "content": "不大相信",
            "time": "21-2-26 09:08"
        },
        {
            "comment id": 89,
            "parent": -1,
            "children": [],
            "user id": "2214651963",
            "user name": "苏吴春秋-宸宇",
            "content": "",
            "time": "21-2-24 06:14"
        },
        {
            "comment id": 90,
            "parent": -1,
            "children": [],
            "user id": "2787489361",
            "user name": "jeff-spring",
            "content": "强x，猥亵，种种事情，只保护女性。建议女老师放心做老师，法律不会坑害你的",
            "time": "21-2-25 07:38"
        },
        {
            "comment id": 91,
            "parent": -1,
            "children": [],
            "user id": "2230864832",
            "user name": "名字不一定要很长o",
            "content": "陈清泉：我在床上学英文，这不犯法吧。",
            "time": "21-2-24 22:27"
        },
        {
            "comment id": 92,
            "parent": -1,
            "children": [],
            "user id": "2532939155",
            "user name": "peacenomore",
            "content": "嗯哼",
            "time": "21-2-23 22:41"
        },
        {
            "comment id": 93,
            "parent": -1,
            "children": [],
            "user id": "1914264832",
            "user name": "发福了的兔子",
            "content": "想起了 台湾那部电影 老师给学生补课",
            "time": "21-2-24 10:37"
        },
        {
            "comment id": 94,
            "parent": -1,
            "children": [],
            "user id": "6526373538",
            "user name": "回连空间",
            "content": "真不容易，付出的太多。",
            "time": "21-2-24 09:52"
        },
        {
            "comment id": 95,
            "parent": -1,
            "children": [],
            "user id": "3933244961",
            "user name": "许浒的汻旿",
            "content": "欧美性解放半个多世纪了，白猪做人做事还有什么礼义廉耻？",
            "time": "21-2-25 06:30"
        },
        {
            "comment id": 96,
            "parent": -1,
            "children": [],
            "user id": "1673774177",
            "user name": "走肖V",
            "content": "我怀疑我爸把老师给的奖励吃了回扣了。",
            "time": "21-2-24 10:46"
        },
        {
            "comment id": 97,
            "parent": -1,
            "children": [],
            "user id": "5514821376",
            "user name": "上尉诗人sky",
            "content": "我觉得挺好的，西方文化不同，你是不能理解的？美国上个世纪的反越战运动就是性开放大运动。",
            "time": "21-2-24 09:52"
        },
        {
            "comment id": 98,
            "parent": -1,
            "children": [],
            "user id": "2912428193",
            "user name": "NorthSnowforest",
            "content": "好想学英语",
            "time": "21-2-24 07:19"
        },
        {
            "comment id": 99,
            "parent": -1,
            "children": [],
            "user id": "7019339398",
            "user name": "何空气94636",
            "content": "奇葩教学",
            "time": "21-2-24 01:45"
        },
        {
            "comment id": 100,
            "parent": -1,
            "children": [],
            "user id": "6019577622",
            "user name": "jeopardy_m",
            "content": "已经说了是假新闻了吧。。",
            "time": "21-2-27 08:56"
        },
        {
            "comment id": 101,
            "parent": -1,
            "children": [],
            "user id": "6374919762",
            "user name": "新疆舞蹈班",
            "content": "太刺激",
            "time": "21-2-26 21:48"
        },
        {
            "comment id": 102,
            "parent": -1,
            "children": [],
            "user id": "1898461985",
            "user name": "唐朝0314",
            "content": "我怎么碰不到这样的老师",
            "time": "21-2-25 16:23"
        },
        {
            "comment id": 103,
            "parent": -1,
            "children": [],
            "user id": "5598889145",
            "user name": "你脑袋是不是破掉了",
            "content": "这样才能学到精髓",
            "time": "21-2-25 14:14"
        },
        {
            "comment id": 104,
            "parent": -1,
            "children": [],
            "user id": "2607063192",
            "user name": "張沐之在此",
            "content": "采阳补阴",
            "time": "21-2-25 11:24"
        },
        {
            "comment id": 105,
            "parent": -1,
            "children": [],
            "user id": "6058005873",
            "user name": "今天的雨依旧很冷",
            "content": "@亚洲爱吃柠檬推广大使 刺激",
            "time": "21-2-25 09:49"
        },
        {
            "comment id": 106,
            "parent": -1,
            "children": [],
            "user id": "1722814592",
            "user name": "Rhl_Fuxin2016",
            "content": "德艺双馨！",
            "time": "21-2-25 09:03"
        },
        {
            "comment id": 107,
            "parent": -1,
            "children": [],
            "user id": "1450984917",
            "user name": "东北远乡人",
            "content": "一些同学终于找到英语考试不及格的原因",
            "time": "21-2-25 08:02"
        },
        {
            "comment id": 108,
            "parent": -1,
            "children": [],
            "user id": "5237766863",
            "user name": "五岳有清风",
            "content": "多来些",
            "time": "21-2-25 05:22"
        },
        {
            "comment id": 109,
            "parent": -1,
            "children": [],
            "user id": "2787017512",
            "user name": "合成军",
            "content": "好事永远到不了我的头上",
            "time": "21-2-25 01:38"
        },
        {
            "comment id": 110,
            "parent": -1,
            "children": [],
            "user id": "1742729835",
            "user name": "夜里好办事",
            "content": "好为人师",
            "time": "21-2-24 10:51"
        },
        {
            "comment id": 111,
            "parent": -1,
            "children": [],
            "user id": "6218015725",
            "user name": "昵称不可用ldp",
            "content": "还有这福利！",
            "time": "21-2-24 10:37"
        },
        {
            "comment id": 112,
            "parent": -1,
            "children": [],
            "user id": "6312779648",
            "user name": "墨鱼Ai",
            "content": "难道是陈院长学英语",
            "time": "21-2-24 10:27"
        },
        {
            "comment id": 113,
            "parent": -1,
            "children": [],
            "user id": "5300062932",
            "user name": "叶总好8666",
            "content": "“言传身教”的好老师",
            "time": "21-2-24 08:54"
        },
        {
            "comment id": 114,
            "parent": -1,
            "children": [],
            "user id": "3709590921",
            "user name": "银星8813",
            "content": "以讹传讹，是歪夸张。",
            "time": "21-2-24 08:11"
        },
        {
            "comment id": 115,
            "parent": -1,
            "children": [],
            "user id": "7026853497",
            "user name": "夏晓200109",
            "content": "评论里都是一群没女朋友的发情动物吗",
            "time": "21-2-24 06:14"
        },
        {
            "comment id": 116,
            "parent": -1,
            "children": [],
            "user id": "5708881082",
            "user name": "不是贴贴怪",
            "content": "我想康康监控",
            "time": "21-2-23 23:01"
        },
        {
            "comment id": 117,
            "parent": -1,
            "children": [],
            "user id": "1905061144",
            "user name": "白羽依紬",
            "content": "陈清泉真传",
            "time": "21-2-23 20:54"
        },
        {
            "comment id": 118,
            "parent": -1,
            "children": [],
            "user id": "1866125807",
            "user name": "干饭猫的老父亲",
            "content": "那个我想学英语课",
            "time": "21-2-23 20:29"
        },
        {
            "comment id": 119,
            "parent": -1,
            "children": [],
            "user id": "3918965213",
            "user name": "我是小不",
            "content": "哈哈哈哈，女外教表示在我们国外这种事难道不是很正常嘛。。。。。",
            "time": "21-2-25 11:35"
        },
        {
            "comment id": 120,
            "parent": -1,
            "children": [],
            "user id": "1966762065",
            "user name": "一只有想法的杨",
            "content": "但愿评论区很多人的孩子都可以碰到这样的家教",
            "time": "21-2-25 09:59"
        },
        {
            "comment id": 121,
            "parent": -1,
            "children": [],
            "user id": "2946368125",
            "user name": "Logan·Tang",
            "content": "没想到欧美也有这种剧情",
            "time": "21-2-25 08:38"
        },
        {
            "comment id": 122,
            "parent": -1,
            "children": [],
            "user id": "2799478147",
            "user name": "枸杞岛海盗",
            "content": "没别的，就是想多学一门外语。不知道还收不收学生",
            "time": "21-2-25 07:55"
        },
        {
            "comment id": 123,
            "parent": -1,
            "children": [],
            "user id": "2742693924",
            "user name": "华章文宇风",
            "content": "想知道那些男生英语水平是不是很好? 有效吗？",
            "time": "21-2-25 06:24"
        },
        {
            "comment id": 124,
            "parent": -1,
            "children": [],
            "user id": "1830719612",
            "user name": "YZTANGO",
            "content": "引进国外先进的性教育，值得推广哦",
            "time": "21-2-25 06:12"
        },
        {
            "comment id": 125,
            "parent": -1,
            "children": [],
            "user id": "1912021321",
            "user name": "有鬼能叫磨推钱",
            "content": "我有个朋友想看一下视频",
            "time": "21-2-24 22:39"
        },
        {
            "comment id": 126,
            "parent": -1,
            "children": [],
            "user id": "2312327647",
            "user name": "我的长枪长炮",
            "content": "我一个朋友想知道去哪里找这样的外教 ",
            "time": "21-2-24 22:06"
        },
        {
            "comment id": 127,
            "parent": -1,
            "children": [],
            "user id": "1636046270",
            "user name": "陳GG_",
            "content": "呵呵，虚伪，评论都是想要学英语的，就我想要视频？",
            "time": "21-2-24 11:17"
        },
        {
            "comment id": 128,
            "parent": -1,
            "children": [],
            "user id": "5463082077",
            "user name": "最好的我最好的我",
            "content": "这可能是他们人生最高光的时刻了",
            "time": "21-2-24 11:02"
        },
        {
            "comment id": 129,
            "parent": -1,
            "children": [],
            "user id": "5233640932",
            "user name": "仍是一颗不肯媚俗的心",
            "content": "赏罚分明",
            "time": "21-2-24 09:38"
        },
        {
            "comment id": 130,
            "parent": -1,
            "children": [],
            "user id": "6588795058",
            "user name": "日历会老",
            "content": "无人愿意上诉，那走司法公诉啊！！！！",
            "time": "21-2-24 09:08"
        },
        {
            "comment id": 131,
            "parent": -1,
            "children": [],
            "user id": "2642239602",
            "user name": "中指的等待OC",
            "content": "无人愿意上诉哈哈哈",
            "time": "21-2-24 08:50"
        },
        {
            "comment id": 132,
            "parent": -1,
            "children": [],
            "user id": "7213422558",
            "user name": "木溪DD",
            "content": "我有个朋友……",
            "time": "21-2-24 08:26"
        },
        {
            "comment id": 133,
            "parent": -1,
            "children": [],
            "user id": "7400758038",
            "user name": "傻傻的大聪明",
            "content": "外国无论男女都浪的一米啊……",
            "time": "21-2-24 08:21"
        },
        {
            "comment id": 134,
            "parent": -1,
            "children": [],
            "user id": "1951010373",
            "user name": "鱼香的糖醋",
            "content": "你们快出去，我在学外语呢",
            "time": "21-2-23 23:56"
        },
        {
            "comment id": 135,
            "parent": -1,
            "children": [],
            "user id": "5662572205",
            "user name": "凉笙墨染沧笙踏歌",
            "content": "这么好的老师，为什么要处罚她",
            "time": "21-2-23 23:09"
        },
        {
            "comment id": 136,
            "parent": -1,
            "children": [],
            "user id": "1703534972",
            "user name": "肉山大魔王嘿嘿",
            "content": "我有一个朋友想学英语，老师还有空吗？",
            "time": "21-2-23 22:26"
        },
        {
            "comment id": 137,
            "parent": -1,
            "children": [],
            "user id": "5450776182",
            "user name": "俗人泽亢",
            "content": "那个没良心的举报的？杖毙他。",
            "time": "21-7-22 09:45"
        },
        {
            "comment id": 138,
            "parent": -1,
            "children": [],
            "user id": "2890013513",
            "user name": "因诺维生",
            "content": "我能说这是为教育献身吗？",
            "time": "21-7-3 19:48"
        },
        {
            "comment id": 139,
            "parent": -1,
            "children": [],
            "user id": "2985368631",
            "user name": "大宝yuyuanlin",
            "content": "这总激励有助于提高成绩。",
            "time": "21-6-19 13:45"
        },
        {
            "comment id": 140,
            "parent": -1,
            "children": [],
            "user id": "3314435431",
            "user name": "弥什-亜_241",
            "content": "哪所学校，什么教育？",
            "time": "21-6-10 15:47"
        },
        {
            "comment id": 141,
            "parent": -1,
            "children": [],
            "user id": "7378799395",
            "user name": "亦辰慕晨",
            "content": "我缺那点流量？",
            "time": "21-6-4 17:23"
        },
        {
            "comment id": 142,
            "parent": -1,
            "children": [],
            "user id": "1950016312",
            "user name": "默契哩",
            "content": "现在的年轻学生都这么吃香了吗？",
            "time": "21-5-29 21:05"
        },
        {
            "comment id": 143,
            "parent": -1,
            "children": [],
            "user id": "5365898602",
            "user name": "贴盗部66722",
            "content": "好想学 英语  ，找个 这样好老师",
            "time": "21-5-22 12:03"
        },
        {
            "comment id": 144,
            "parent": -1,
            "children": [],
            "user id": "5333572916",
            "user name": "人生如画xf",
            "content": "鸡鸡鸡",
            "time": "21-5-12 16:18"
        },
        {
            "comment id": 145,
            "parent": -1,
            "children": [],
            "user id": "6934355579",
            "user name": "等我变白再改名喔",
            "content": "我也想学英语",
            "time": "21-4-12 11:51"
        },
        {
            "comment id": 146,
            "parent": -1,
            "children": [],
            "user id": "6191522569",
            "user name": "橡皮人YLX",
            "content": "我要学英语，马上",
            "time": "21-4-6 10:34"
        },
        {
            "comment id": 147,
            "parent": -1,
            "children": [],
            "user id": "3226430760",
            "user name": "tete12345678",
            "content": "太敬业精神了，广州学生好幸福",
            "time": "21-4-2 12:01"
        },
        {
            "comment id": 148,
            "parent": -1,
            "children": [],
            "user id": "5660448721",
            "user name": "再BB就爆你的料",
            "content": "良心老师",
            "time": "21-2-25 16:09"
        }
    ]
}