{
    "source": {
        "content": "网传广州一个学校的女外教猥亵数名男同学，跟男同学承诺只要成绩进步就能跟她嘿嘿嘿一次……\n\n在猥亵了5名男同学之后，终于被某学生家长发现，该家长表示自己通过家庭监控发现孩子和老师正在客厅行那苟且之事，愤而告到学校，由于无人愿意上诉，女外教被开除后已经返回英国。\n\n平时在爱情动作片里才能看到的情节，居然在现实中上演了，网上还流传了一张女外教的生活照，工作室的研究员们看完后纷纷表示自己也想补一补英语，就连我也萌生了类似的想法。\n \n当然，这照片的可信度几乎为零，大家养养眼就行，英国的女外教颜值不可能这么高，我特意查过了，图中的姑娘来自德国，名叫Chlos，生于1998年，是韩国潮流服饰chuu的御用模特，同时还是一名美食主播。\n\n看到没，搞量化投资的人，面对任何事情都他娘的这么严谨。",
        "time": "21-2-23 16:15",
        "user id": "5578663596",
        "tweet id": "K3gRt4QSV",
        "label": 1,
        "theme": null
    },
    "comment": [
        {
            "comment id": 0,
            "parent": -1,
            "children": [],
            "user id": "1737526177",
            "user name": "ShadowFiend_KingSkyWing",
            "content": "我英语成绩不好的原因找到了",
            "time": "21-2-23 16:26"
        },
        {
            "comment id": 1,
            "parent": -1,
            "children": [],
            "user id": "6004648486",
            "user name": "乄乁",
            "content": "这个是一个女模特啊",
            "time": "21-2-23 18:22"
        },
        {
            "comment id": 2,
            "parent": -1,
            "children": [],
            "user id": "2124129705",
            "user name": "纯粹极致",
            "content": "伦嫂看不看你微博",
            "time": "21-2-23 19:32"
        },
        {
            "comment id": 3,
            "parent": -1,
            "children": [],
            "user id": "3286637392",
            "user name": "我心向明月--唐山人",
            "content": "我想学外语",
            "time": "21-2-25 12:54"
        },
        {
            "comment id": 4,
            "parent": -1,
            "children": [],
            "user id": "1868305322",
            "user name": "Mstan90",
            "content": "你这么严谨，怎么没发现这消息是有人造谣呢？",
            "time": "21-2-25 23:25"
        },
        {
            "comment id": 5,
            "parent": -1,
            "children": [],
            "user id": "1669178274",
            "user name": "messageok",
            "content": "这么好的老师家长在想什么",
            "time": "21-2-25 13:14"
        },
        {
            "comment id": 6,
            "parent": -1,
            "children": [],
            "user id": "6172699805",
            "user name": "西牛贺洲的耍猴老道",
            "content": "陈清泉：看吧，我说这么学外语可以吧",
            "time": "21-2-25 11:32"
        },
        {
            "comment id": 7,
            "parent": -1,
            "children": [],
            "user id": "2023992980",
            "user name": "叻叻HUGO",
            "content": "这孩子也许这辈子斗不会原谅他的家长……",
            "time": "21-2-25 01:07"
        },
        {
            "comment id": 8,
            "parent": -1,
            "children": [],
            "user id": "7157266632",
            "user name": "剑桥秀琴",
            "content": "我寻思着这也不是外教啊",
            "time": "21-2-24 13:55"
        },
        {
            "comment id": 9,
            "parent": -1,
            "children": [],
            "user id": "6335370697",
            "user name": "小如同学学学学",
            "content": "怎么让人家无缘无故背锅啊。。。",
            "time": "21-2-23 21:20"
        },
        {
            "comment id": 10,
            "parent": -1,
            "children": [],
            "user id": "5565576876",
            "user name": "溪口小霸王在英国",
            "content": "这女的ins是多少啊",
            "time": "21-2-23 21:02"
        },
        {
            "comment id": 11,
            "parent": -1,
            "children": [],
            "user id": "7133422847",
            "user name": "小土豆儿1596",
            "content": "我早就猜到了英国人惯用首发，玩弄舆论他们是老手了，",
            "time": "21-2-23 16:39"
        },
        {
            "comment id": 12,
            "parent": -1,
            "children": [],
            "user id": "5260891336",
            "user name": "抱着冬天吃火锅",
            "content": "老伦啊胆子不小嘛",
            "time": "21-2-23 17:15"
        },
        {
            "comment id": 13,
            "parent": -1,
            "children": [],
            "user id": "7468087046",
            "user name": "14大仙人",
            "content": "@吃饱且不胖66",
            "time": "21-2-23 21:38"
        },
        {
            "comment id": 14,
            "parent": -1,
            "children": [],
            "user id": "1878677395",
            "user name": "股洛克",
            "content": "你真严谨",
            "time": "21-2-23 16:37"
        }
    ]
}