{
    "source": {
        "content": "¿？ ",
        "time": "21-3-15 17:08",
        "user id": "5014788526",
        "tweet id": "K6jKYDdOj",
        "label": 1,
        "theme": null
    },
    "comment": [
        {
            "comment id": 0,
            "parent": -1,
            "children": [
                2,
                5,
                6,
                7,
                9,
                12,
                13,
                14,
                16,
                17,
                18,
                19,
                20
            ],
            "user id": "5609059949",
            "user name": "喵喵收割机",
            "content": "你们不觉得恐怖吗",
            "time": "21-3-15 17:21"
        },
        {
            "comment id": 1,
            "parent": 2,
            "children": [],
            "user id": "5210061937",
            "user name": "Aldif_jfmimsaji",
            "content": "回复@画鱼Tech:为什么这一片在唱反调的公知主页全是在“反吹5g”？说你们不是有组织得“从内部开始瓦解”都不信",
            "time": "21-3-24 14:24"
        },
        {
            "comment id": 2,
            "parent": 0,
            "children": [
                1
            ],
            "user id": "6058186897",
            "user name": "画鱼Tech",
            "content": "回复@像星火追逐原野:淦，我踏马回你还让你产生优越性幻觉了啊，拉黑了",
            "time": "21-3-16 08:48"
        },
        {
            "comment id": 3,
            "parent": 9,
            "children": [],
            "user id": "2524489465",
            "user name": "找回夜南",
            "content": "回复@画鱼Tech:辟谣的东西跟你爹来个\"这是几年前的真实事件\"。我现在告诉你。我现在辟谣。你妈没死。",
            "time": "21-3-16 01:42"
        },
        {
            "comment id": 4,
            "parent": 9,
            "children": [],
            "user id": "2524489465",
            "user name": "找回夜南",
            "content": "回复@画鱼Tech:真给爷逗笑了。求求你买个粉吧。带个黄v隔着跟你爹充大尾巴狼呢？不是。你怎么这么低能呢？说实话你都没给我带来什么对线挑战性。",
            "time": "21-3-16 01:41"
        },
        {
            "comment id": 5,
            "parent": 0,
            "children": [],
            "user id": "5590470154",
            "user name": "碇真嗣H",
            "content": "石锤了，还真是假的",
            "time": "21-3-16 00:45"
        },
        {
            "comment id": 6,
            "parent": 0,
            "children": [],
            "user id": "6543122912",
            "user name": "p90-rush",
            "content": "这不河狸。",
            "time": "21-3-15 22:39"
        },
        {
            "comment id": 7,
            "parent": 0,
            "children": [],
            "user id": "6412567017",
            "user name": "白天鹅会叫黑天鹅泥鸽吗",
            "content": "即使设置了仅自己可见也是可以被爬虫爬到的",
            "time": "21-3-15 22:06"
        },
        {
            "comment id": 8,
            "parent": 9,
            "children": [],
            "user id": "1967830885",
            "user name": "肥版迪比亚路",
            "content": "回复@画鱼Tech:真实？建议你发一下微博",
            "time": "21-3-15 20:50"
        },
        {
            "comment id": 9,
            "parent": 0,
            "children": [
                3,
                4,
                8
            ],
            "user id": "6058186897",
            "user name": "画鱼Tech",
            "content": "像星火追逐的原野你踏马比的怎么不敢让人回复了？？？听懂我说的话了没？我说的是辟不辟谣的事儿吗？阅读理解不会建议回炉重造",
            "time": "21-3-15 20:21"
        },
        {
            "comment id": 10,
            "parent": 12,
            "children": [],
            "user id": "2524489465",
            "user name": "找回夜南",
            "content": "回复@画鱼Tech:你是不脑子有问题？不辟谣，你们有说法。辟谣，又是\"这种事能不辟谣吗\"  那国家辟你马谣呢？自以为什么都懂。什么都知道内幕。其实就是个傻卵。",
            "time": "21-3-15 19:46"
        },
        {
            "comment id": 11,
            "parent": 12,
            "children": [],
            "user id": "5400936173",
            "user name": "吴篱先生",
            "content": "回复@画鱼Tech:人们只相信自己愿意相信的事情",
            "time": "21-3-15 19:40"
        },
        {
            "comment id": 12,
            "parent": 0,
            "children": [
                10,
                11
            ],
            "user id": "6058186897",
            "user name": "画鱼Tech",
            "content": "回复@好好搬砖多多挣钱:这种事能不辟谣吗",
            "time": "21-3-15 19:29"
        },
        {
            "comment id": 13,
            "parent": 0,
            "children": [],
            "user id": "2459462521",
            "user name": "偷摸吃瓜安静如猹",
            "content": "回复 @画鱼Tech:都辟谣了了还真实新闻事件",
            "time": "21-3-15 19:26"
        },
        {
            "comment id": 14,
            "parent": 0,
            "children": [],
            "user id": "2448593113",
            "user name": "Liujx1996",
            "content": "回复@精神小伙每天困:又开始老大哥了是吧？嘴里除了1984还会啥，来点发条橙都好啊 网页链接",
            "time": "21-3-15 19:25"
        },
        {
            "comment id": 15,
            "parent": 20,
            "children": [],
            "user id": "6058186897",
            "user name": "画鱼Tech",
            "content": "回复@whimSYZ:这是几年前的真实新闻事件",
            "time": "21-3-15 19:21"
        },
        {
            "comment id": 16,
            "parent": 0,
            "children": [],
            "user id": "1624460304",
            "user name": "黑暗料理的日常",
            "content": "以前微博没限流前，我关注了800人一小时就能刷几百条。如果全微博的话这个数据多大？怎么看得过来？",
            "time": "21-3-15 18:31"
        },
        {
            "comment id": 17,
            "parent": 0,
            "children": [],
            "user id": "1201324602",
            "user name": "和七有关",
            "content": "人工要是真这么便宜，媒体也不会鼓吹人口红利消失这么多回了",
            "time": "21-3-15 17:56"
        },
        {
            "comment id": 18,
            "parent": 0,
            "children": [],
            "user id": "2524489465",
            "user name": "找回夜南",
            "content": "一张图事后辟谣反转的事儿多了去了。先别急着信。再者说就算是警察能看。人家也只抓违法的。不干坏事警察叔叔又抓不了谁。",
            "time": "21-3-15 17:55"
        },
        {
            "comment id": 19,
            "parent": 0,
            "children": [],
            "user id": "5538439225",
            "user name": "仙人龙_",
            "content": "机器人罢了，或者是新浪做的数据",
            "time": "21-3-15 17:36"
        },
        {
            "comment id": 20,
            "parent": 0,
            "children": [
                15
            ],
            "user id": "7473633836",
            "user name": "whimSYZ",
            "content": "这你也信",
            "time": "21-3-15 17:27"
        },
        {
            "comment id": 21,
            "parent": -1,
            "children": [
                22,
                23
            ],
            "user id": "3339446224",
            "user name": "汪巴爹的朋友圈",
            "content": "你好我是巡jing",
            "time": "21-3-15 17:09"
        },
        {
            "comment id": 22,
            "parent": 21,
            "children": [],
            "user id": "6586776154",
            "user name": "搬起品如的衣柜",
            "content": "巡jing走地jing",
            "time": "21-3-15 17:18"
        },
        {
            "comment id": 23,
            "parent": 21,
            "children": [],
            "user id": "3339446224",
            "user name": "汪巴爹的朋友圈",
            "content": "大家都是吗？",
            "time": "21-3-15 17:09"
        },
        {
            "comment id": 24,
            "parent": -1,
            "children": [
                25,
                26,
                27,
                28,
                29,
                30,
                31,
                32,
                33,
                34,
                35,
                36,
                37,
                38,
                39
            ],
            "user id": "3145665602",
            "user name": "卷毛的面包仔",
            "content": "不懂就问，可以反告侵犯隐私吗",
            "time": "21-3-15 17:22"
        },
        {
            "comment id": 25,
            "parent": 24,
            "children": [],
            "user id": "5865811096",
            "user name": "Ciohol",
            "content": "回复@jasont-:图都发绿了也就你这傻子信了",
            "time": "21-3-16 16:00"
        },
        {
            "comment id": 26,
            "parent": 24,
            "children": [],
            "user id": "3200641337",
            "user name": "三两碎银子",
            "content": "大家有点误会 原新闻是报道他因为没粉丝所以没点仅自己可看 这是误传还是故意曲解就不得而知了",
            "time": "21-3-16 10:18"
        },
        {
            "comment id": 27,
            "parent": 24,
            "children": [],
            "user id": "5672836873",
            "user name": "Yuuik丶水幕",
            "content": "回复@jasont-:你以为外国就有了啊",
            "time": "21-3-16 09:17"
        },
        {
            "comment id": 28,
            "parent": 24,
            "children": [],
            "user id": "6620837873",
            "user name": "HouseOFtheRisingSun",
            "content": "回复@jasont-:fbi在钓鱼的时候在座的各位都不一定会微博冲浪呢",
            "time": "21-3-16 02:14"
        },
        {
            "comment id": 29,
            "parent": 24,
            "children": [],
            "user id": "2169800733",
            "user name": "77Li77",
            "content": "回复@jasont-:照你这么说哪个国家的人有隐私权？",
            "time": "21-3-15 23:26"
        },
        {
            "comment id": 30,
            "parent": 24,
            "children": [],
            "user id": "6543122912",
            "user name": "p90-rush",
            "content": "你看一遍原博文",
            "time": "21-3-15 22:40"
        },
        {
            "comment id": 31,
            "parent": 24,
            "children": [],
            "user id": "3606874245",
            "user name": "Andrews_add",
            "content": "回复@Gakki对我wink:你说没有就没有？hapi",
            "time": "21-3-15 21:45"
        },
        {
            "comment id": 32,
            "parent": 24,
            "children": [],
            "user id": "7010364049",
            "user name": "陆九鼎",
            "content": "回复@TannnnnkMan:你太懂了",
            "time": "21-3-15 20:38"
        },
        {
            "comment id": 33,
            "parent": 24,
            "children": [],
            "user id": "6087829514",
            "user name": "我要喝抹茶绵绵冰",
            "content": "回复@TannnnnkMan:这你也信？网警天天没事干就高强度刷微博呗",
            "time": "21-3-15 19:19"
        },
        {
            "comment id": 34,
            "parent": 24,
            "children": [],
            "user id": "6375596362",
            "user name": "nuko7oo",
            "content": "不行。",
            "time": "21-3-15 18:59"
        },
        {
            "comment id": 35,
            "parent": 24,
            "children": [],
            "user id": "5906950506",
            "user name": "罐装的天才i",
            "content": "回复@张小MEN1:默克尔该找你主持公道",
            "time": "21-3-15 18:57"
        },
        {
            "comment id": 36,
            "parent": 24,
            "children": [],
            "user id": "1758201153",
            "user name": "Bruise1988",
            "content": "这首先不违宪？",
            "time": "21-3-15 18:26"
        },
        {
            "comment id": 37,
            "parent": 24,
            "children": [],
            "user id": "3473887850",
            "user name": "TorchWooLd",
            "content": "耐心解答：你可以把视频app卸载掉重新安装然后仔细阅读你注册的时候默认打勾的已同意用户手册。",
            "time": "21-3-15 17:37"
        },
        {
            "comment id": 38,
            "parent": 24,
            "children": [],
            "user id": "1278660534",
            "user name": "木头1018",
            "content": "现在，互联网服务企业做内容审查，是企业的义务了",
            "time": "21-3-15 17:33"
        },
        {
            "comment id": 39,
            "parent": 24,
            "children": [],
            "user id": "6577179207",
            "user name": "多喝热水我也爱你",
            "content": "可以 换个国籍吧",
            "time": "21-3-15 17:32"
        },
        {
            "comment id": 40,
            "parent": -1,
            "children": [
                42,
                44,
                45
            ],
            "user id": "2380986897",
            "user name": "钻天飞龙无敌鸡掰炫酷少女",
            "content": "卧槽???真的吗？?我发仅自己可见的赶紧的让人类毁灭会被出警吗？",
            "time": "21-3-15 17:44"
        },
        {
            "comment id": 41,
            "parent": 45,
            "children": [],
            "user id": "7386028728",
            "user name": "渣式L",
            "content": "回复@我真的好想吃牛排:😅😅😅😅😅😅",
            "time": "21-3-15 22:19"
        },
        {
            "comment id": 42,
            "parent": 40,
            "children": [],
            "user id": "1727536717",
            "user name": "九言不平凡",
            "content": "说脏话不会赔钱",
            "time": "21-3-15 20:13"
        },
        {
            "comment id": 43,
            "parent": 45,
            "children": [],
            "user id": "5625217318",
            "user name": "破晓阿西",
            "content": "回复@我真的好想吃牛排:哈哈哈哈哈哈哈哈rh警告",
            "time": "21-3-15 19:14"
        },
        {
            "comment id": 44,
            "parent": 40,
            "children": [],
            "user id": "2380986897",
            "user name": "钻天飞龙无敌鸡掰炫酷少女",
            "content": "回复@西瓜菠萝水蜜2005:哦哦哦哦",
            "time": "21-3-15 17:59"
        },
        {
            "comment id": 45,
            "parent": 40,
            "children": [
                41,
                43
            ],
            "user id": "6413623682",
            "user name": "我真的好想吃牛排",
            "content": "辱人类可以，辱G不行哈",
            "time": "21-3-15 17:46"
        },
        {
            "comment id": 46,
            "parent": -1,
            "children": [
                47,
                49,
                50,
                53
            ],
            "user id": "6966415585",
            "user name": "拼夕夕好物分享bot",
            "content": "所以真的违法吗？",
            "time": "21-3-15 17:09"
        },
        {
            "comment id": 47,
            "parent": 46,
            "children": [],
            "user id": "1582590352",
            "user name": "法大宝啊",
            "content": "不会的，因为主观上没有传播的故意",
            "time": "21-5-11 09:28"
        },
        {
            "comment id": 48,
            "parent": 50,
            "children": [],
            "user id": "3200641337",
            "user name": "三两碎银子",
            "content": "回复@一起逃去月球吧:关键那是故意曲解的新闻 利用人们的恐惧心博流量",
            "time": "21-3-16 10:20"
        },
        {
            "comment id": 49,
            "parent": 46,
            "children": [],
            "user id": "7490778268",
            "user name": "脑壳疼的小风",
            "content": "假的",
            "time": "21-3-16 10:20"
        },
        {
            "comment id": 50,
            "parent": 46,
            "children": [
                48
            ],
            "user id": "6103386820",
            "user name": "一起逃去月球吧",
            "content": "回复@浓绿柳敷:555555我真的信了怎么能这样骗孩子",
            "time": "21-3-15 22:14"
        },
        {
            "comment id": 51,
            "parent": 52,
            "children": [],
            "user id": "6202709468",
            "user name": "韶华寸阴尺璧",
            "content": "回复@一起逃去月球吧:别人说啥你都信",
            "time": "21-3-15 20:29"
        },
        {
            "comment id": 52,
            "parent": 53,
            "children": [
                51
            ],
            "user id": "6103386820",
            "user name": "一起逃去月球吧",
            "content": "回复@我想当欧皇子:？？？ 隔断时间都不行？",
            "time": "21-3-15 17:23"
        },
        {
            "comment id": 53,
            "parent": 46,
            "children": [
                52
            ],
            "user id": "5028354918",
            "user name": "我想当欧皇子",
            "content": "每天或者隔段时间就会搜关键词或者相关视频音频如有违规意图或涉及就会进行追踪的",
            "time": "21-3-15 17:21"
        },
        {
            "comment id": 54,
            "parent": -1,
            "children": [],
            "user id": "6415011865",
            "user name": "BowieTsuen",
            "content": "可以发给我 我手机内存大",
            "time": "21-3-15 17:10"
        },
        {
            "comment id": 55,
            "parent": -1,
            "children": [
                56
            ],
            "user id": "6157867245",
            "user name": "一天一发爆裂魔法",
            "content": "看这界面，感觉是好老的新闻了，不会只是段子吧",
            "time": "21-3-15 17:27"
        },
        {
            "comment id": 56,
            "parent": 55,
            "children": [],
            "user id": "1391753093",
            "user name": "GZ260520",
            "content": "正儿八经的新闻不会是这样，明显是段子",
            "time": "21-3-15 17:57"
        },
        {
            "comment id": 57,
            "parent": -1,
            "children": [
                58
            ],
            "user id": "3042486005",
            "user name": "再见热河",
            "content": "想求教下张三老师",
            "time": "21-3-15 17:18"
        },
        {
            "comment id": 58,
            "parent": 57,
            "children": [],
            "user id": "7419728739",
            "user name": "长沙逗霸街",
            "content": "别问，问就是寻衅滋事",
            "time": "21-3-15 17:41"
        },
        {
            "comment id": 59,
            "parent": -1,
            "children": [],
            "user id": "5334548269",
            "user name": "小疯子是我女神",
            "content": "图片评论 ",
            "time": "21-3-15 20:27"
        },
        {
            "comment id": 60,
            "parent": -1,
            "children": [],
            "user id": "5367556288",
            "user name": "分享",
            "content": "你好我是巡jing",
            "time": "21-3-15 17:10"
        },
        {
            "comment id": 61,
            "parent": -1,
            "children": [],
            "user id": "5667752521",
            "user name": "下岗打工妹",
            "content": "看看私人视频",
            "time": "21-3-15 17:09"
        },
        {
            "comment id": 62,
            "parent": -1,
            "children": [],
            "user id": "2476144807",
            "user name": "1UHRD",
            "content": "有没有老哥科普一下",
            "time": "21-3-15 17:11"
        },
        {
            "comment id": 63,
            "parent": -1,
            "children": [],
            "user id": "6097254895",
            "user name": "我是你二拉我其实不是我瞎打的",
            "content": "这假的吧",
            "time": "21-3-15 17:49"
        },
        {
            "comment id": 64,
            "parent": -1,
            "children": [],
            "user id": "3292459762",
            "user name": "塵陌的格式塔",
            "content": "这民警确实批事太多",
            "time": "21-3-15 17:26"
        },
        {
            "comment id": 65,
            "parent": -1,
            "children": [],
            "user id": "5122996194",
            "user name": "心情就像阴雨天_",
            "content": "RIP",
            "time": "21-3-20 22:45"
        },
        {
            "comment id": 66,
            "parent": -1,
            "children": [],
            "user id": "1352169880",
            "user name": "Asuka忠实粉丝",
            "content": "奠😅",
            "time": "21-3-20 13:29"
        },
        {
            "comment id": 67,
            "parent": -1,
            "children": [],
            "user id": "7079099391",
            "user name": "拓拔野村is",
            "content": "",
            "time": "21-3-15 18:20"
        },
        {
            "comment id": 68,
            "parent": -1,
            "children": [],
            "user id": "6554941774",
            "user name": "想吃猫头",
            "content": "哈哈哈哈哈哈哈哈哈哈哈哈",
            "time": "21-3-15 17:10"
        },
        {
            "comment id": 69,
            "parent": -1,
            "children": [],
            "user id": "6284941978",
            "user name": "yuyu227",
            "content": "明白了，以后不做了",
            "time": "21-3-15 17:09"
        },
        {
            "comment id": 70,
            "parent": -1,
            "children": [],
            "user id": "5342406371",
            "user name": "koukousang",
            "content": "辟谣了",
            "time": "21-3-15 23:42"
        },
        {
            "comment id": 71,
            "parent": -1,
            "children": [],
            "user id": "2046015457",
            "user name": "zanxas",
            "content": "主观想传视频，客观也是想传视频。并不存在传播的故意，真要算起来是过失传播。",
            "time": "21-3-15 17:47"
        },
        {
            "comment id": 72,
            "parent": -1,
            "children": [],
            "user id": "7380372022",
            "user name": "寒国明早就灭",
            "content": "哦天哪",
            "time": "21-3-15 17:38"
        },
        {
            "comment id": 73,
            "parent": -1,
            "children": [],
            "user id": "5641049276",
            "user name": "天才冯阿文",
            "content": "你怎么还没删掉这条",
            "time": "21-3-23 11:47"
        },
        {
            "comment id": 74,
            "parent": -1,
            "children": [],
            "user id": "5908966472",
            "user name": "OfficerGallagher",
            "content": "号没了？",
            "time": "21-3-23 10:55"
        },
        {
            "comment id": 75,
            "parent": -1,
            "children": [],
            "user id": "7275972234",
            "user name": "狼神神威激推人",
            "content": "“此内容为不实消息，已处理”",
            "time": "21-3-22 20:47"
        },
        {
            "comment id": 76,
            "parent": -1,
            "children": [],
            "user id": "1708974557",
            "user name": "新小目酱",
            "content": "我两个号经常互相分享",
            "time": "21-3-15 18:10"
        },
        {
            "comment id": 77,
            "parent": -1,
            "children": [],
            "user id": "2292319824",
            "user name": "为了十早z",
            "content": "臭脚巡",
            "time": "21-3-15 18:09"
        },
        {
            "comment id": 78,
            "parent": -1,
            "children": [],
            "user id": "1163473364",
            "user name": "_明天吃素",
            "content": "？？？",
            "time": "21-3-15 18:07"
        },
        {
            "comment id": 79,
            "parent": -1,
            "children": [],
            "user id": "1396271152",
            "user name": "絮大人_",
            "content": "@江宁公安在线 @江宁婆婆 真的吗？还是说造谣啊。",
            "time": "21-3-15 17:48"
        },
        {
            "comment id": 80,
            "parent": -1,
            "children": [],
            "user id": "7216452223",
            "user name": "ryukunkawaii",
            "content": "@一颗肥皂泡 内存不足哈哈哈哈哈哈哈这就是未来的你",
            "time": "21-3-15 17:47"
        },
        {
            "comment id": 81,
            "parent": -1,
            "children": [],
            "user id": "2273872117",
            "user name": "不充钱还想变强的咸鱼",
            "content": "B.B.B",
            "time": "21-3-15 17:41"
        },
        {
            "comment id": 82,
            "parent": -1,
            "children": [],
            "user id": "6495667471",
            "user name": "脑补no先生",
            "content": "仅自己可以见也要进审核的吧。",
            "time": "21-3-15 17:33"
        },
        {
            "comment id": 83,
            "parent": -1,
            "children": [],
            "user id": "5516655882",
            "user name": "wkdueksnwlfhe",
            "content": "我们国人没有欲望的啦，都是活佛",
            "time": "21-3-15 17:27"
        },
        {
            "comment id": 84,
            "parent": -1,
            "children": [],
            "user id": "6544672342",
            "user name": "溫柔變故",
            "content": "“此内容为不实消息 已处理”",
            "time": "21-3-15 23:56"
        },
        {
            "comment id": 85,
            "parent": -1,
            "children": [],
            "user id": "2792096451",
            "user name": "阿修罗的假期",
            "content": "在天朝屁民是没隐私的",
            "time": "21-3-15 17:57"
        },
        {
            "comment id": 86,
            "parent": -1,
            "children": [],
            "user id": "7458792205",
            "user name": "为两证奋斗",
            "content": "过于离谱，真实性存疑",
            "time": "21-3-15 18:47"
        },
        {
            "comment id": 87,
            "parent": -1,
            "children": [],
            "user id": "5276673801",
            "user name": "何必马革裹尸还1840",
            "content": "扯几把蛋",
            "time": "21-3-15 18:14"
        },
        {
            "comment id": 88,
            "parent": -1,
            "children": [],
            "user id": "2137208534",
            "user name": "Kiki李呀",
            "content": "我经常在网上发烧不得看的一清二楚了吗、淦",
            "time": "21-3-18 10:49"
        },
        {
            "comment id": 89,
            "parent": -1,
            "children": [],
            "user id": "6480532726",
            "user name": "我的平底锅呢0020",
            "content": "",
            "time": "21-3-15 21:56"
        },
        {
            "comment id": 90,
            "parent": -1,
            "children": [],
            "user id": "1881320895",
            "user name": "赏味不足",
            "content": "only me and me and me//@巍峰: →_→//@小天天:→_→//@小笨笨://@sunwear:想起了这个图    //@顾扯淡:我觉得是假的……",
            "time": "21-3-15 19:18"
        },
        {
            "comment id": 91,
            "parent": -1,
            "children": [],
            "user id": "1658187530",
            "user name": "老刀99",
            "content": "手机内存不足可以发给我，我代为保存！",
            "time": "21-3-15 17:20"
        },
        {
            "comment id": 92,
            "parent": -1,
            "children": [],
            "user id": "6047049530",
            "user name": "需要你教我做事吗",
            "content": "失去盼盼的第二天",
            "time": "21-3-16 23:31"
        },
        {
            "comment id": 93,
            "parent": -1,
            "children": [],
            "user id": "6055527603",
            "user name": "神灯夜种",
            "content": "很假，只有网警的数量多于网民的数量才可能发生这种情况",
            "time": "21-3-15 21:39"
        },
        {
            "comment id": 94,
            "parent": -1,
            "children": [],
            "user id": "2639211587",
            "user name": "自为旅人",
            "content": "从成本考虑，那么多警力花那么大功夫浪费在一个人身上，成本就不合适，觉得网警很闲？这说话的怕不是从德国哪个集中营地底下爬起来的什么东西吧，哪有那么多盖世太保？",
            "time": "21-3-15 19:37"
        },
        {
            "comment id": 95,
            "parent": -1,
            "children": [],
            "user id": "2034718127",
            "user name": "草莓蛋糕消化器",
            "content": "大老哥is watching you",
            "time": "21-3-15 17:26"
        },
        {
            "comment id": 96,
            "parent": -1,
            "children": [],
            "user id": "3889462259",
            "user name": "The-NM",
            "content": "@又外树ge",
            "time": "21-3-15 23:24"
        },
        {
            "comment id": 97,
            "parent": -1,
            "children": [],
            "user id": "1133892910",
            "user name": "建国门快枪手",
            "content": "老谣言了，这个人以为微博和微信一样，没人关注就看不到，上传了淫秽视频，根本么有设置仅自己可见",
            "time": "21-3-15 19:36"
        },
        {
            "comment id": 98,
            "parent": -1,
            "children": [
                99
            ],
            "user id": "6620880925",
            "user name": "我就是喜欢看小说",
            "content": "So，在中国没有隐私//@青光楚辞: 哈哈哈哈。//@脊令在原://@长沙逗霸街 :别问，问就是寻衅滋事//@再见热河 :想求教下张三老师",
            "time": "21-3-15 19:28"
        },
        {
            "comment id": 99,
            "parent": 98,
            "children": [],
            "user id": "1381051007",
            "user name": "北有领跑员",
            "content": "so你还是没有脑子",
            "time": "21-3-15 21:06"
        },
        {
            "comment id": 100,
            "parent": -1,
            "children": [],
            "user id": "3616333443",
            "user name": "佟少帅",
            "content": "@Sherly杨杨 ",
            "time": "21-3-15 19:23"
        },
        {
            "comment id": 101,
            "parent": -1,
            "children": [],
            "user id": "6365518486",
            "user name": "薯番佩",
            "content": "我记得是这傻子是因为以为微博跟微信一样，没有朋友发啥东西就像微信朋友圈一天只有自己可以看得到。",
            "time": "21-3-15 19:21"
        },
        {
            "comment id": 102,
            "parent": -1,
            "children": [
                103
            ],
            "user id": "5568507125",
            "user name": "ekameR2",
            "content": "@勒布朗的世界波 网络并非法外之地🚓",
            "time": "21-3-15 18:56"
        },
        {
            "comment id": 103,
            "parent": 102,
            "children": [],
            "user id": "6618969287",
            "user name": "勒布朗的世界波",
            "content": "爷发啥了？",
            "time": "21-3-15 19:19"
        },
        {
            "comment id": 104,
            "parent": -1,
            "children": [
                105
            ],
            "user id": "2593970615",
            "user name": "汤大基总帅",
            "content": "@笋人布里吉",
            "time": "21-3-15 18:45"
        },
        {
            "comment id": 105,
            "parent": 104,
            "children": [],
            "user id": "6971492456",
            "user name": "笋人布里吉",
            "content": "",
            "time": "21-3-15 18:51"
        }
    ]
}