{
    "source": {
        "content": "本来砍人的凶手杀完人应该紧张的睡不着，现在做梦都可以被自己学校的一顿操作笑醒了。如果我是想杀人的凶手那我应该会更加兴奋\n 毕竟我盯梢杀人下手快狠准 在楼道的监控盲区 我就是想让他死 而且事后眼睁睁看他躺在地上一个多小时没人管他  事后还有学校替我做公关撤热搜顺带着帮我擦屁股安慰受害人家属 我想杀的人只能被迫承认是自伤，以后应该也会有人模仿我作案把我封神。\n@郑州财经学院 #郑州财经学院#",
        "time": "21-3-24 11:42",
        "user id": "6602799435",
        "tweet id": "K7Et7E57d",
        "label": 1,
        "theme": null
    },
    "comment": [
        {
            "comment id": 0,
            "parent": -1,
            "children": [
                4,
                7,
                11,
                20,
                22
            ],
            "user id": "5342445647",
            "user name": "努力努力ilil",
            "content": "你在这凭几张截图 就定义一件事吗 你了解现场经过吗？ 你看到是他被人捅还是自己捅了吗  你的自信来源于网传的图片吗   你的自己行间都能看出你可能是个反社会的人",
            "time": "21-3-24 12:00"
        },
        {
            "comment id": 1,
            "parent": 11,
            "children": [],
            "user id": "5616524246",
            "user name": "珍妮玛世多-",
            "content": "回复@LMF169李嘉图:你又听到了？ 建议你去警察局吧  翻案靠你了",
            "time": "21-3-26 16:41"
        },
        {
            "comment id": 2,
            "parent": 11,
            "children": [],
            "user id": "5165347975",
            "user name": "小翁的僵尸粉",
            "content": "回复@LMF169李嘉图:脸疼不",
            "time": "21-3-25 15:04"
        },
        {
            "comment id": 3,
            "parent": 16,
            "children": [],
            "user id": "2167909687",
            "user name": "木之下芙莎绘小姐",
            "content": "回复@晨光下的小奶狮1号:郑财没有保研名额",
            "time": "21-3-25 09:07"
        },
        {
            "comment id": 4,
            "parent": 0,
            "children": [],
            "user id": "5153252415",
            "user name": "The-king-of-喵喵",
            "content": "啊这… 是不是能有人刚买完东西回来想不开在路上就自杀了…自杀是把所有后事都做完了没牵挂了的，你瞅他那样像活够了么",
            "time": "21-3-25 04:49"
        },
        {
            "comment id": 5,
            "parent": 11,
            "children": [],
            "user id": "5342445647",
            "user name": "努力努力ilil",
            "content": "回复@LMF169李嘉图:那你都知道人命换热度 你还在这 就地取材 片面的下定义？ 请问你不觉得自身逻辑就不通顺吗 一边觉得不能蹭死者热度 一边在 极力证明的论点 你挺搞笑的",
            "time": "21-3-24 21:23"
        },
        {
            "comment id": 6,
            "parent": 7,
            "children": [],
            "user id": "5342445647",
            "user name": "努力努力ilil",
            "content": "回复@小甜心铮会玩:请问我这句话 有肯定性答案吗 我说他一定是自杀和他杀吗？ 我只是在反驳他 屏几张照片几段对话就下定义而已 凡事讲证据",
            "time": "21-3-24 21:20"
        },
        {
            "comment id": 7,
            "parent": 0,
            "children": [
                6
            ],
            "user id": "6387819767",
            "user name": "小甜心铮会玩",
            "content": "你这个人真的很奇怪啊，真的杀人的话怎么可能随随便便掩盖，等警方官方通知就完事了",
            "time": "21-3-24 19:03"
        },
        {
            "comment id": 8,
            "parent": 11,
            "children": [],
            "user id": "5871811823",
            "user name": "冰可乐23333",
            "content": "回复@LMF169李嘉图:你在现场？你听到了还是看到了？",
            "time": "21-3-24 18:02"
        },
        {
            "comment id": 9,
            "parent": 11,
            "children": [],
            "user id": "5893041587",
            "user name": "酷男的杨能能",
            "content": "回复@LMF169李嘉图:不懂",
            "time": "21-3-24 17:58"
        },
        {
            "comment id": 10,
            "parent": 11,
            "children": [],
            "user id": "5717160029",
            "user name": "禾施",
            "content": "回复@LMF169李嘉图:学会两个词就乱用了吗，谁满口道德仁义了呢 我从来没说过一个正义与否的词汇 任何事情需要理性去看待绝不是像你这样胡搅蛮缠用自己自以为的理论站队",
            "time": "21-3-24 16:18"
        },
        {
            "comment id": 11,
            "parent": 0,
            "children": [
                1,
                2,
                5,
                8,
                9,
                10
            ],
            "user id": "6602799435",
            "user name": "LMF169李嘉图",
            "content": "回复@说爱你却总是词不达意:蹭热度蹭流量吗我需要吗，当人血馒头吃吗？这点热度和流量能把人命换回来吗！？学校需要的不就是死人不会说话吗？昨天刚过下午人都出事了，今天等人死了发的声明给受害人立抑郁症人设。只是怕受害者到了下面也没人还他公道罢了！这种人命换来的人热度给你你敢要吗？不怕折寿啊？",
            "time": "21-3-24 15:51"
        },
        {
            "comment id": 12,
            "parent": 13,
            "children": [],
            "user id": "6021551631",
            "user name": "如果太累就睡会觉吧",
            "content": "回复@LMF169李嘉图:你在现场么？等结果不行么？警方都没有定论呢，你都能断案了?自杀也好，他杀也好，别蹭死者流量热度了行么？",
            "time": "21-3-24 15:34"
        },
        {
            "comment id": 13,
            "parent": 18,
            "children": [
                12
            ],
            "user id": "6602799435",
            "user name": "LMF169李嘉图",
            "content": "回复@禾施:满口仁义道德实际是脑子被节奏带着走的傻瓜，聪明人跟智障是没什么好说的。",
            "time": "21-3-24 14:58"
        },
        {
            "comment id": 14,
            "parent": 17,
            "children": [],
            "user id": "7381247792",
            "user name": "荷包蛋不会拉肖邦",
            "content": "回复@穷哥们Nayo:可以求一下视频吗",
            "time": "21-3-24 14:47"
        },
        {
            "comment id": 15,
            "parent": 20,
            "children": [],
            "user id": "5314844302",
            "user name": "哥哥名字叫刘橙",
            "content": "回复@LMF169李嘉图:张口闭口人血馒头，搞笑呢？",
            "time": "21-3-24 14:12"
        },
        {
            "comment id": 16,
            "parent": 18,
            "children": [
                3
            ],
            "user id": "7432617798",
            "user name": "晨光下的小奶狮1号",
            "content": "回复@禾施:公关公关公关，目击证人已经在保研的路上了，小妹妹",
            "time": "21-3-24 13:59"
        },
        {
            "comment id": 17,
            "parent": 20,
            "children": [
                14
            ],
            "user id": "5862282174",
            "user name": "穷哥们Nayo",
            "content": "回复@LMF169李嘉图:反正我看的视频里他自己念叨着要割掉自己的生殖器",
            "time": "21-3-24 13:56"
        },
        {
            "comment id": 18,
            "parent": 20,
            "children": [
                13,
                16
            ],
            "user id": "5717160029",
            "user name": "禾施",
            "content": "回复@LMF169李嘉图:口口声声说别人吃人血馒头 明明吃人血馒头的是你自己。在学校有目击证人的情况下已经初步判定是自残了，警方调查结果没出来前就一口咬定是他杀 请问你有证据吗还是全凭自己臆想？",
            "time": "21-3-24 12:44"
        },
        {
            "comment id": 19,
            "parent": 20,
            "children": [],
            "user id": "5574069632",
            "user name": "不是乙方",
            "content": "回复@LMF169李嘉图:额……你是在现场听到的嘛……",
            "time": "21-3-24 12:42"
        },
        {
            "comment id": 20,
            "parent": 0,
            "children": [
                15,
                17,
                18,
                19
            ],
            "user id": "6602799435",
            "user name": "LMF169李嘉图",
            "content": "回复@久屿暖:因为楼梯口没有凶器，因为他一开始还能说话 因为他说了让人救他，因为他说他不想死但是失血太多救不了，懂吗？",
            "time": "21-3-24 12:32"
        },
        {
            "comment id": 21,
            "parent": 22,
            "children": [],
            "user id": "5893041587",
            "user name": "酷男的杨能能",
            "content": "回复@LMF169李嘉图:你为啥这么确定啊",
            "time": "21-3-24 12:26"
        },
        {
            "comment id": 22,
            "parent": 0,
            "children": [
                21
            ],
            "user id": "6602799435",
            "user name": "LMF169李嘉图",
            "content": "人血馒头好吃吗？下地狱的时候不怕受害者来找你吗？",
            "time": "21-3-24 12:16"
        },
        {
            "comment id": 23,
            "parent": -1,
            "children": [
                24,
                25,
                26
            ],
            "user id": "6617733393",
            "user name": "你的小鹿-",
            "content": "你有大🧊？ 你知道这么多介不介意我联系警察把你带走协助调查",
            "time": "21-3-24 11:48"
        },
        {
            "comment id": 24,
            "parent": 23,
            "children": [],
            "user id": "6651016792",
            "user name": "哗啦啦拉拉啦啦啦",
            "content": "粉饰太平",
            "time": "21-3-26 00:29"
        },
        {
            "comment id": 25,
            "parent": 23,
            "children": [],
            "user id": "6463668926",
            "user name": "哼唧_我才是光之美少女",
            "content": "我比较介意。建议你现在就联系jc，把猜测案情的一骨溜都拉走，要不然就对不起你那无处宣扬的正义感，小红 卫兵",
            "time": "21-3-24 14:27"
        },
        {
            "comment id": 26,
            "parent": 23,
            "children": [],
            "user id": "6602799435",
            "user name": "LMF169李嘉图",
            "content": "我如果是被杀还得承认自杀的那个知道你在吃我的人血馒头应该也会笑醒。",
            "time": "21-3-24 11:56"
        },
        {
            "comment id": 27,
            "parent": -1,
            "children": [
                29,
                30
            ],
            "user id": "2167909687",
            "user name": "木之下芙莎绘小姐",
            "content": "我也觉得是他杀 他肯定跑不了 但是你说的这有点扯了 多少把警察当傻子了",
            "time": "21-3-24 12:57"
        },
        {
            "comment id": 28,
            "parent": 29,
            "children": [],
            "user id": "6021551631",
            "user name": "如果太累就睡会觉吧",
            "content": "回复@霍YWL:那你信啥？这不信那不信，警方总比网友更可信吧，你难不成以为全天下的司法系统合起伙来就骗你一个大傻蛋呢。。。你要是信网友，信自己的推测，信脑补，那我们就丧失沟通基础了互相拉黑是最好的做法，拉黑钱告诉我一声，我也把你拉黑。",
            "time": "21-3-24 16:20"
        },
        {
            "comment id": 29,
            "parent": 27,
            "children": [
                28
            ],
            "user id": "6253229913",
            "user name": "霍YWL",
            "content": "回复@说爱你却总是词不达意:当然不相信警察，我未成年啥事没干乱拘留我什么证据都没有害的我在老家被人议论",
            "time": "21-3-24 16:17"
        },
        {
            "comment id": 30,
            "parent": 27,
            "children": [],
            "user id": "6021551631",
            "user name": "如果太累就睡会觉吧",
            "content": "如果是他杀，警察不会包庇的，学校可能为了名誉在洗白，但警方完全没必要。他们就这么不相信警察吗？",
            "time": "21-3-24 15:36"
        },
        {
            "comment id": 31,
            "parent": -1,
            "children": [
                32,
                33,
                34,
                35,
                36,
                37
            ],
            "user id": "5616524246",
            "user name": "珍妮玛世多-",
            "content": "哎呦 看您分析的  笑死！您脑子是进💩了？",
            "time": "21-3-26 11:20"
        },
        {
            "comment id": 32,
            "parent": 31,
            "children": [],
            "user id": "6666719994",
            "user name": "楚离98889",
            "content": "回复@LMF169李嘉图:河南郑州惠济区天河路36号郑州财经学院",
            "time": "21-3-26 16:31"
        },
        {
            "comment id": 33,
            "parent": 31,
            "children": [],
            "user id": "6132190928",
            "user name": "草莓味的呢L",
            "content": "回复@LMF169李嘉图:就你长个嘴会叭叭叭 你好像有那啥大病  把你的脑子捋正常了再说话吧你 天天就你会分析 那判案组没你真可惜 闭嘴吧你",
            "time": "21-3-26 16:31"
        },
        {
            "comment id": 34,
            "parent": 31,
            "children": [],
            "user id": "6666719994",
            "user name": "楚离98889",
            "content": "回复@LMF169李嘉图:来要不要来郑财再推推?",
            "time": "21-3-26 16:31"
        },
        {
            "comment id": 35,
            "parent": 31,
            "children": [],
            "user id": "6666719994",
            "user name": "楚离98889",
            "content": "回复@LMF169李嘉图:给你牛的叭叭叭就你长个嘴",
            "time": "21-3-26 16:30"
        },
        {
            "comment id": 36,
            "parent": 31,
            "children": [],
            "user id": "6666719994",
            "user name": "楚离98889",
            "content": "回复@LMF169李嘉图:奥利给吃多了吧你  福尔摩斯分斯",
            "time": "21-3-26 16:30"
        },
        {
            "comment id": 37,
            "parent": 31,
            "children": [],
            "user id": "5616524246",
            "user name": "珍妮玛世多-",
            "content": "回复@LMF169李嘉图:马桶都被你舔完了吧  山卡卡里的垃圾人！ 就给您牛逼毁了",
            "time": "21-3-26 16:27"
        },
        {
            "comment id": 38,
            "parent": -1,
            "children": [
                39
            ],
            "user id": "5314844302",
            "user name": "哥哥名字叫刘橙",
            "content": "别觉得自己多聪明好吗？举世皆浊我独清?警方又不是傻子。",
            "time": "21-3-24 14:11"
        },
        {
            "comment id": 39,
            "parent": 38,
            "children": [
                40
            ],
            "user id": "6602799435",
            "user name": "LMF169李嘉图",
            "content": "身处于权钱关系，“名校”声誉以及评估中被玩弄而不自知的人才是傻子。",
            "time": "21-3-24 15:17"
        },
        {
            "comment id": 40,
            "parent": 39,
            "children": [],
            "user id": "5314844302",
            "user name": "哥哥名字叫刘橙",
            "content": "回复@LMF169李嘉图:警方出公告了，别活在自己的世界里搞各种阴谋论了好吗？",
            "time": "21-3-26 00:16"
        },
        {
            "comment id": 41,
            "parent": -1,
            "children": [],
            "user id": "5847796199",
            "user name": "Ch_YiFAn",
            "content": "支持你",
            "time": "21-3-25 14:55"
        },
        {
            "comment id": 42,
            "parent": -1,
            "children": [],
            "user id": "5574422428",
            "user name": "·莫非万里·",
            "content": "此内容为不实消息，已处理 是什么鬼",
            "time": "21-3-26 22:25"
        },
        {
            "comment id": 43,
            "parent": -1,
            "children": [],
            "user id": "5456687068",
            "user name": "糕糕今天吃米饭了吗",
            "content": "你好像有个大病",
            "time": "21-3-25 06:19"
        },
        {
            "comment id": 44,
            "parent": -1,
            "children": [],
            "user id": "5752281159",
            "user name": "鹿鹿巷口",
            "content": "看到有目击者说自己目击全程，边上楼，边拿刀捅自己，后面宿管阿姨在后面没拦住，然后倒地了，有人打的120",
            "time": "21-3-24 12:07"
        },
        {
            "comment id": 45,
            "parent": -1,
            "children": [],
            "user id": "6296136378",
            "user name": "Y是你的小狐狸",
            "content": "是自杀吧 他杀不会找不到凶手 他室友没拦住 还误伤了",
            "time": "21-3-24 11:43"
        },
        {
            "comment id": 46,
            "parent": -1,
            "children": [],
            "user id": "6488979280",
            "user name": "王胖子ddd",
            "content": "谣言止于智者",
            "time": "21-3-25 01:22"
        },
        {
            "comment id": 47,
            "parent": -1,
            "children": [],
            "user id": "5675615873",
            "user name": "孙毛毛Silver",
            "content": "真以为造谣不用付出代价？",
            "time": "21-3-24 15:18"
        },
        {
            "comment id": 48,
            "parent": -1,
            "children": [],
            "user id": "5226394350",
            "user name": "今天一定管住嘴",
            "content": "借一步说话",
            "time": "21-3-24 11:45"
        },
        {
            "comment id": 49,
            "parent": -1,
            "children": [],
            "user id": "1942292305",
            "user name": "银河杀星见南瓜",
            "content": "不实言论可还行",
            "time": "21-3-26 13:13"
        },
        {
            "comment id": 50,
            "parent": -1,
            "children": [],
            "user id": "7200608241",
            "user name": "布朗熊呀熊",
            "content": "他在楼梯上摔下来，楼梯上有血，而不是说楼梯干净在平地捅，所以疑点重重，唉",
            "time": "21-3-25 08:55"
        },
        {
            "comment id": 51,
            "parent": -1,
            "children": [],
            "user id": "6675775618",
            "user name": "柒982018",
            "content": "我们相信警察👮，会出结果的。",
            "time": "21-3-24 19:55"
        },
        {
            "comment id": 52,
            "parent": -1,
            "children": [],
            "user id": "6671123066",
            "user name": "Elaboration_",
            "content": "整体发言就好像是有那大🧊 琼瑶都不敢这么写",
            "time": "21-3-24 19:14"
        },
        {
            "comment id": 53,
            "parent": -1,
            "children": [],
            "user id": "6242163277",
            "user name": "沫沫jcq",
            "content": "他刺的颈动脉，要是他杀，凶手会溅一身血的，他难道顶着一身血出监控死角吗，他难道不怕走出去的时候碰见其他人吗，要是他杀，干嘛在楼里，把他弄到更隐蔽的地方不好吗，现在不是以前那个处处没有监控的时候了。",
            "time": "21-3-24 18:21"
        },
        {
            "comment id": 54,
            "parent": -1,
            "children": [],
            "user id": "5491663621",
            "user name": "做的要比说得多",
            "content": "@江宁婆婆 联系带回详细询问",
            "time": "21-3-24 16:41"
        },
        {
            "comment id": 55,
            "parent": -1,
            "children": [],
            "user id": "6827358976",
            "user name": "梨子哥哥i",
            "content": "你真是个神经病",
            "time": "21-3-24 15:56"
        },
        {
            "comment id": 56,
            "parent": -1,
            "children": [],
            "user id": "5991869439",
            "user name": "LUVallSeasons",
            "content": "傻卵",
            "time": "21-3-24 14:40"
        },
        {
            "comment id": 57,
            "parent": -1,
            "children": [],
            "user id": "7299088965",
            "user name": "万心亦",
            "content": "我也很期待",
            "time": "21-3-24 14:38"
        },
        {
            "comment id": 58,
            "parent": -1,
            "children": [],
            "user id": "6914619553",
            "user name": "一棵什么都不懂的树",
            "content": "看过照片只能说他杀大多数会从脖子两侧动手而不是脖子正前方。",
            "time": "21-3-24 12:17"
        },
        {
            "comment id": 59,
            "parent": -1,
            "children": [],
            "user id": "6623462237",
            "user name": "数儿啊",
            "content": "你知道那么多这事给你是不是有关系啊，嫌疑人心理活动你都知道的一清二楚",
            "time": "21-3-24 11:54"
        },
        {
            "comment id": 60,
            "parent": -1,
            "children": [],
            "user id": "6422163879",
            "user name": "ShadowsD93",
            "content": "@平安郑州",
            "time": "21-3-24 11:50"
        },
        {
            "comment id": 61,
            "parent": -1,
            "children": [],
            "user id": "7189457519",
            "user name": "一碗牛肉拉面多放香菜",
            "content": "有病  小说看多了吧",
            "time": "21-3-24 11:49"
        },
        {
            "comment id": 62,
            "parent": -1,
            "children": [],
            "user id": "5222831642",
            "user name": "屎坨坨你恰不恰",
            "content": "你好像是有什么大病……",
            "time": "21-3-24 11:47"
        },
        {
            "comment id": 63,
            "parent": -1,
            "children": [],
            "user id": "5416212172",
            "user name": "星星醉在银河里",
            "content": "真的无语！有人看见的好不好 光天化日杀人！！！学校还在压热度！？！",
            "time": "21-3-24 11:45"
        },
        {
            "comment id": 64,
            "parent": -1,
            "children": [],
            "user id": "5985288920",
            "user name": "monesy1",
            "content": "你搁这玩太空狼人杀呢，警方肯定会侦查出来的",
            "time": "21-3-24 13:34"
        },
        {
            "comment id": 65,
            "parent": -1,
            "children": [],
            "user id": "6666719994",
            "user name": "楚离98889",
            "content": "你又知道了福尔摩斯分斯",
            "time": "21-3-26 11:20"
        },
        {
            "comment id": 66,
            "parent": -1,
            "children": [],
            "user id": "7207496829",
            "user name": "互联网金牌喷子选手",
            "content": "很难",
            "time": "21-3-24 17:40"
        },
        {
            "comment id": 67,
            "parent": -1,
            "children": [],
            "user id": "7319563527",
            "user name": "玲珑霏霏女子一枚",
            "content": "看到很多评论说手里还拿着吃的啊！凶器也不见。真的么？有人说自杀拿剪刀，有人说他杀。但是谁知道呢还是在走廊那里还拿着吃的东西",
            "time": "21-3-24 18:38"
        },
        {
            "comment id": 68,
            "parent": -1,
            "children": [],
            "user id": "6311568506",
            "user name": "晨晨不想努力le",
            "content": "楼主这啥狗 ",
            "time": "21-3-24 17:09"
        },
        {
            "comment id": 69,
            "parent": -1,
            "children": [],
            "user id": "6341781245",
            "user name": "晴崽oO",
            "content": "@莹莹不吃了v",
            "time": "21-3-24 12:41"
        },
        {
            "comment id": 70,
            "parent": -1,
            "children": [],
            "user id": "6505721212",
            "user name": "呜呼啦呼_",
            "content": "@阿欽的k 这世界真可怕",
            "time": "21-3-24 12:37"
        }
    ]
}