{
    "source": {
        "content": "耐克都被挂了一夜了装死的阿迪达斯才被想起来。\n\n王一博被黑粉拉出来问了几万遍有没有解约，却没有人记得国足和耐克刚续了十年。 ",
        "time": "21-3-25 11:06",
        "user id": "1654888711",
        "tweet id": "K7NENrUpC",
        "label": 1,
        "theme": null
    },
    "comment": [
        {
            "comment id": 0,
            "parent": -1,
            "children": [
                1,
                2
            ],
            "user id": "6441562826",
            "user name": "四川话推广大使",
            "content": "笑死啦，国足先解约吧",
            "time": "21-3-25 11:06"
        },
        {
            "comment id": 1,
            "parent": 0,
            "children": [],
            "user id": "7190496056",
            "user name": "贝影不逝",
            "content": "18年的事，被博主给拉出来",
            "time": "21-3-25 15:59"
        },
        {
            "comment id": 2,
            "parent": 0,
            "children": [],
            "user id": "6286366311",
            "user name": "纯纯大yuan种",
            "content": "18年的事",
            "time": "21-3-25 15:52"
        },
        {
            "comment id": 3,
            "parent": -1,
            "children": [],
            "user id": "5639772378",
            "user name": "落叶归根wo",
            "content": "黑只想看到结果大家骂他们想黑的艺人就开心了，不管你南西北，第一位出来终止合作也被黑骂太迟！",
            "time": "21-3-25 11:12"
        },
        {
            "comment id": 4,
            "parent": -1,
            "children": [
                5,
                6,
                7
            ],
            "user id": "5681724588",
            "user name": "Han蓝烟",
            "content": "黑子眼里只有王一博",
            "time": "21-3-25 16:30"
        },
        {
            "comment id": 5,
            "parent": 4,
            "children": [],
            "user id": "7190496056",
            "user name": "贝影不逝",
            "content": "回复@唯一不负:不管是哪一类黑子，他们眼里只有流量",
            "time": "21-3-25 17:44"
        },
        {
            "comment id": 6,
            "parent": 4,
            "children": [],
            "user id": "5681724588",
            "user name": "Han蓝烟",
            "content": "回复@贝影纯心:好吧，都懒得理黑子，狗屁膏药一样，哎",
            "time": "21-3-25 17:38"
        },
        {
            "comment id": 7,
            "parent": 4,
            "children": [],
            "user id": "7190496056",
            "user name": "贝影不逝",
            "content": "其实这张图是18年续约的照片，被这个博主给拿来乱带节奏",
            "time": "21-3-25 16:34"
        },
        {
            "comment id": 8,
            "parent": -1,
            "children": [],
            "user id": "5446891067",
            "user name": "85号的绿色曳光弹",
            "content": "就是觉得一博是小艺人能欺负的起，但是一博是有担当的人，哪怕后续有很多问题，他也第一时间站出来表达自己的态度",
            "time": "21-3-25 11:26"
        },
        {
            "comment id": 9,
            "parent": -1,
            "children": [
                10
            ],
            "user id": "5162621488",
            "user name": "天地放鹤",
            "content": "“国足就别拿出来说了 太臭了",
            "time": "21-3-25 11:08"
        },
        {
            "comment id": 10,
            "parent": 9,
            "children": [],
            "user id": "7190496056",
            "user name": "贝影不逝",
            "content": "这是18年的事，被博主趁机拿出来yx罢了",
            "time": "21-3-25 16:00"
        },
        {
            "comment id": 11,
            "parent": -1,
            "children": [],
            "user id": "7514374322",
            "user name": "好说再见啦",
            "content": "哈哈笑了！",
            "time": "21-3-25 11:07"
        },
        {
            "comment id": 12,
            "parent": -1,
            "children": [],
            "user id": "1946176165",
            "user name": "五羊羊羊羊",
            "content": "nt？这续约都是几年前的事情了，不是今天的蹭尼🐴热度。而且这些肯定会换掉的",
            "time": "21-3-25 12:16"
        },
        {
            "comment id": 13,
            "parent": -1,
            "children": [
                15,
                17,
                19,
                21,
                22
            ],
            "user id": "3796019264",
            "user name": "要蜜桃啵啵的小茶茶",
            "content": "这是国人的双标",
            "time": "21-3-25 11:08"
        },
        {
            "comment id": 14,
            "parent": 15,
            "children": [],
            "user id": "5536079790",
            "user name": "麦乐泡泡侠",
            "content": "回复@要蜜桃啵啵的小茶茶:粉籍？别拿你们饭圈那套恶心我，我不粉谁，单独说事就是粉籍？能别恶心我？你见过我超话挂谁的？到处叫你家多么冤枉，自己没点数！",
            "time": "21-3-26 09:58"
        },
        {
            "comment id": 15,
            "parent": 13,
            "children": [
                14
            ],
            "user id": "3796019264",
            "user name": "要蜜桃啵啵的小茶茶",
            "content": "回复@苟分王者:你爆粉籍了，呵呵。别回复见你回复我恶心。",
            "time": "21-3-26 08:38"
        },
        {
            "comment id": 16,
            "parent": 17,
            "children": [],
            "user id": "6286366311",
            "user name": "纯纯大yuan种",
            "content": "回复@要蜜桃啵啵的小茶茶:那个代言人没少捡漏吧？施华洛世奇不是他捡的？老是去和有劣迹的品牌合作，我想也别怪别人骂吧",
            "time": "21-3-25 23:15"
        },
        {
            "comment id": 17,
            "parent": 13,
            "children": [
                16
            ],
            "user id": "3796019264",
            "user name": "要蜜桃啵啵的小茶茶",
            "content": "回复@苟分王者:是做人不能双标，前一秒集中火力黑一个人，后一秒就是无辜的，应该去狙击品牌，不应该去狙击代言人，那被逼的那位难道不也是代言人，同样都是一个身份，咋滴？",
            "time": "21-3-25 23:13"
        },
        {
            "comment id": 18,
            "parent": 19,
            "children": [],
            "user id": "6286366311",
            "user name": "纯纯大yuan种",
            "content": "回复@要蜜桃啵啵的小茶茶:国足18年的事，怎么了？是你理解力不行还是咋的？还让我看时间？",
            "time": "21-3-25 22:47"
        },
        {
            "comment id": 19,
            "parent": 13,
            "children": [
                18
            ],
            "user id": "3796019264",
            "user name": "要蜜桃啵啵的小茶茶",
            "content": "回复@苟分王者:我感觉我实在浪费时间和你对话，但是我不介意教你：时间和日期。看的懂？",
            "time": "21-3-25 22:15"
        },
        {
            "comment id": 20,
            "parent": 21,
            "children": [],
            "user id": "6286366311",
            "user name": "纯纯大yuan种",
            "content": "回复@要蜜桃啵啵的小茶茶:3.25，怎么了？",
            "time": "21-3-25 17:58"
        },
        {
            "comment id": 21,
            "parent": 13,
            "children": [
                20
            ],
            "user id": "3796019264",
            "user name": "要蜜桃啵啵的小茶茶",
            "content": "回复@苟分王者:你看看我发的时间，别啥都不知道就乱评论",
            "time": "21-3-25 17:56"
        },
        {
            "comment id": 22,
            "parent": 13,
            "children": [],
            "user id": "6286366311",
            "user name": "纯纯大yuan种",
            "content": "你能去搜一搜？",
            "time": "21-3-25 15:54"
        },
        {
            "comment id": 23,
            "parent": -1,
            "children": [],
            "user id": "2414276632",
            "user name": "环游世界_SKYACTIV",
            "content": "这个合同2019年就签了，没脑子，只顾营销",
            "time": "21-3-25 11:10"
        },
        {
            "comment id": 24,
            "parent": -1,
            "children": [],
            "user id": "7282139767",
            "user name": "米妮是磊磊的憨憨吖",
            "content": "为什么上面写着不实消息还拿出来发呀？ ",
            "time": "21-3-26 07:32"
        },
        {
            "comment id": 25,
            "parent": -1,
            "children": [],
            "user id": "6088110767",
            "user name": "创意品格",
            "content": "因为他王一博是内娱的一块盾牌。挡枪挡箭挡脏水。所以王一博应该还有个外号叫王一盾。坚强的盾牌",
            "time": "21-3-25 14:37"
        },
        {
            "comment id": 26,
            "parent": -1,
            "children": [],
            "user id": "6375201725",
            "user name": "月上西楼VS独上兰舟",
            "content": "粉圈非要把自己往政治里面裹挟，天塌了又怎么会只砸一个人。",
            "time": "21-3-25 14:35"
        },
        {
            "comment id": 27,
            "parent": -1,
            "children": [],
            "user id": "7540624957",
            "user name": "我有一只小黄93886",
            "content": "这还能是为什么呢？因为他们不敢跟国足钢呗",
            "time": "21-3-25 11:14"
        },
        {
            "comment id": 28,
            "parent": -1,
            "children": [],
            "user id": "6423355821",
            "user name": "粉酷盖专用号",
            "content": "无人在意 总是把气撒在小明星身上",
            "time": "21-3-25 11:09"
        },
        {
            "comment id": 29,
            "parent": -1,
            "children": [],
            "user id": "7155211179",
            "user name": "摄影师鹿子",
            "content": "啊这",
            "time": "21-3-25 11:08"
        },
        {
            "comment id": 30,
            "parent": -1,
            "children": [],
            "user id": "5162621488",
            "user name": "天地放鹤",
            "content": "国足就别拿出来说了 太臭了",
            "time": "21-3-25 11:08"
        },
        {
            "comment id": 31,
            "parent": -1,
            "children": [],
            "user id": "6072292602",
            "user name": "大茜熙_",
            "content": "🇨🇳🇨🇳🇨🇳🇨🇳🇨🇳🇨🇳🇨🇳🇨🇳🇨🇳🇨🇳🇨🇳🇨🇳🇨🇳🇨🇳🇨🇳🇨🇳🇨🇳🇨🇳🇨🇳🇨🇳🇨🇳🇨🇳🇨🇳🇨🇳🇨🇳🇨🇳🇨🇳🇨🇳🇨🇳🇨🇳🇨🇳🇨🇳🇨🇳🇨🇳",
            "time": "21-3-25 11:08"
        },
        {
            "comment id": 32,
            "parent": -1,
            "children": [],
            "user id": "5499224413",
            "user name": "Bi85bobo",
            "content": "昨天：怎么还不解决？辱华艺人！ 今天：拉别家共沉沦！我们需要时间！ 真恶心",
            "time": "21-3-25 11:08"
        },
        {
            "comment id": 33,
            "parent": -1,
            "children": [],
            "user id": "6072292602",
            "user name": "大茜熙_",
            "content": "🇨🇳🇨🇳🇨🇳🇨🇳🇨🇳🇨🇳🇨🇳🇨🇳🇨🇳🇨🇳🇨🇳🇨🇳🇨🇳🇨🇳🇨🇳🇨🇳🇨🇳🇨🇳🇨🇳🇨🇳🇨🇳🇨🇳🇨🇳🇨🇳",
            "time": "21-3-25 11:08"
        },
        {
            "comment id": 34,
            "parent": -1,
            "children": [],
            "user id": "5906487895",
            "user name": "JTsafariii---名导演金田君",
            "content": "哈哈哈哈哈哈",
            "time": "21-3-25 11:08"
        },
        {
            "comment id": 35,
            "parent": -1,
            "children": [],
            "user id": "1780292247",
            "user name": "老的马",
            "content": "国足和耐克没关系，这臭脚配得上",
            "time": "21-3-25 11:07"
        },
        {
            "comment id": 36,
            "parent": -1,
            "children": [],
            "user id": "6471217330",
            "user name": "赵艺呢",
            "content": "哈哈哈哈哈笑死了😂",
            "time": "21-3-25 11:07"
        },
        {
            "comment id": 37,
            "parent": -1,
            "children": [],
            "user id": "1901475712",
            "user name": "-弹指间-心无间-",
            "content": "贼尴尬",
            "time": "21-3-25 11:07"
        },
        {
            "comment id": 38,
            "parent": -1,
            "children": [],
            "user id": "5499224413",
            "user name": "Bi85bobo",
            "content": "王一博内🐟防火墙实锤！",
            "time": "21-3-25 11:07"
        },
        {
            "comment id": 39,
            "parent": -1,
            "children": [],
            "user id": "7559755175",
            "user name": "Honey-xmt5879",
            "content": "真的心疼",
            "time": "21-3-25 11:11"
        },
        {
            "comment id": 40,
            "parent": -1,
            "children": [],
            "user id": "7031390310",
            "user name": "傷87828",
            "content": "脸都不要了",
            "time": "21-3-25 11:09"
        },
        {
            "comment id": 41,
            "parent": -1,
            "children": [
                42
            ],
            "user id": "7194690816",
            "user name": "呆桃奶冻要啵啵",
            "content": "@禁止偷鱼 😓",
            "time": "21-3-25 15:37"
        },
        {
            "comment id": 42,
            "parent": 41,
            "children": [],
            "user id": "6152192456",
            "user name": "禁止偷鱼",
            "content": "不管，我们专注自家，不听yxh的言论",
            "time": "21-3-25 16:34"
        },
        {
            "comment id": 43,
            "parent": -1,
            "children": [],
            "user id": "2478395315",
            "user name": "小狂多24K纯帅",
            "content": "哎呦  这才是最该发声的  但人家不怕 人家国企 就不解约",
            "time": "21-3-25 13:54"
        },
        {
            "comment id": 44,
            "parent": -1,
            "children": [
                45
            ],
            "user id": "7354233362",
            "user name": "冰火人的森林",
            "content": "@THE0-孔雪儿 笑死",
            "time": "21-3-25 11:09"
        },
        {
            "comment id": 45,
            "parent": 44,
            "children": [],
            "user id": "7274103768",
            "user name": "__给你宇宙",
            "content": "？？？服了",
            "time": "21-3-25 11:10"
        },
        {
            "comment id": 46,
            "parent": -1,
            "children": [],
            "user id": "6341992014",
            "user name": "Aiser-Go",
            "content": "呵呵，转移视线是吧",
            "time": "21-3-25 11:07"
        }
    ]
}