{
    "source": {
        "content": "#太原理工大学老师# 🐮🍺上课放错视频\n哈哈哈哈嗝 \n这老师品味还不错  ",
        "time": "21-4-12 20:53",
        "user id": "6275961585",
        "tweet id": "KaBcl6GS8",
        "label": 1,
        "theme": null
    },
    "comment": [
        {
            "comment id": 0,
            "parent": -1,
            "children": [
                1
            ],
            "user id": "5688615477",
            "user name": "城北小麻花",
            "content": "本校生，1、座椅不一样（标配黄棕色连体座椅.2、口音特征明显（sb博主听不出来哪儿的吗？3、虽不能保证每个人觉悟有多高，如果真有这种事你觉得我们学生真会在一边笑、一边拍视频吗？4、已举报、造谣biss！",
            "time": "21-4-12 21:25"
        },
        {
            "comment id": 1,
            "parent": 0,
            "children": [],
            "user id": "7361818106",
            "user name": "猪蹄子ppp",
            "content": "是台湾的一个高中，18年的老视频",
            "time": "21-4-12 21:44"
        },
        {
            "comment id": 2,
            "parent": -1,
            "children": [
                3,
                4,
                5,
                6
            ],
            "user id": "7361818106",
            "user name": "猪蹄子ppp",
            "content": "已辟谣了就不要带话题了",
            "time": "21-4-12 21:10"
        },
        {
            "comment id": 3,
            "parent": 2,
            "children": [],
            "user id": "6332819208",
            "user name": "Katya快快乐乐呀",
            "content": "回复@何以歌曰:你哪个同学在哪个学校？",
            "time": "21-4-13 11:30"
        },
        {
            "comment id": 4,
            "parent": 2,
            "children": [],
            "user id": "5554837294",
            "user name": "秋Petrichor_LL",
            "content": "回复@何以歌曰:哪个校区？哪个专业？在哪栋教学楼？让你同学仔细说说呗？",
            "time": "21-4-13 10:08"
        },
        {
            "comment id": 5,
            "parent": 2,
            "children": [],
            "user id": "7361818106",
            "user name": "猪蹄子ppp",
            "content": "回复@何以歌曰:你同学台湾人？",
            "time": "21-4-13 10:02"
        },
        {
            "comment id": 6,
            "parent": 2,
            "children": [],
            "user id": "7382410746",
            "user name": "该用户不在2021",
            "content": "视频是真的，老师上课放错视频也是真的，只是不知道到底是不是太原的那个老师",
            "time": "21-4-12 21:25"
        },
        {
            "comment id": 7,
            "parent": -1,
            "children": [],
            "user id": "5964098142",
            "user name": "未曾谋面藤井树",
            "content": "分享图片 ",
            "time": "21-4-12 21:48"
        },
        {
            "comment id": 8,
            "parent": -1,
            "children": [
                9
            ],
            "user id": "5998204922",
            "user name": "那她还在嘛",
            "content": "啊有视频",
            "time": "21-4-13 11:44"
        },
        {
            "comment id": 9,
            "parent": 8,
            "children": [],
            "user id": "6275961585",
            "user name": "木琰拓哉",
            "content": "有",
            "time": "21-4-13 12:47"
        },
        {
            "comment id": 10,
            "parent": -1,
            "children": [],
            "user id": "7271487484",
            "user name": "忘崽牛奶99282",
            "content": "造谣有意思吗？",
            "time": "21-4-12 22:56"
        }
    ]
}