{
    "source": {
        "content": "太原理工大学老师放错视频，路子野    顺势改为性教育课挺好 ",
        "time": "21-4-12 23:18",
        "user id": "5722666864",
        "tweet id": "KaC8ZoXwr",
        "label": 1,
        "theme": null
    },
    "comment": [
        {
            "comment id": 0,
            "parent": -1,
            "children": [
                1
            ],
            "user id": "7361818106",
            "user name": "猪蹄子ppp",
            "content": "听不出来台湾口音？还是没长耳朵？",
            "time": "21-4-13 11:09"
        },
        {
            "comment id": 1,
            "parent": 0,
            "children": [],
            "user id": "5722666864",
            "user name": "翕玺裼隰氣蟋粞",
            "content": "全世界所有所有台湾这个地方的人讲台湾话？ 文盲？",
            "time": "21-4-13 12:49"
        },
        {
            "comment id": 2,
            "parent": -1,
            "children": [],
            "user id": "5722666864",
            "user name": "翕玺裼隰氣蟋粞",
            "content": "在此道歉，谣言已辟。但死🐴人想来PK，欢迎👏",
            "time": "21-4-13 12:53"
        },
        {
            "comment id": 3,
            "parent": -1,
            "children": [],
            "user id": "5554837294",
            "user name": "秋Petrichor_LL",
            "content": "谣言止于智者",
            "time": "21-4-13 10:10"
        },
        {
            "comment id": 4,
            "parent": -1,
            "children": [],
            "user id": "5998204922",
            "user name": "那她还在嘛",
            "content": "有视频嘛",
            "time": "21-4-13 11:43"
        },
        {
            "comment id": 5,
            "parent": -1,
            "children": [],
            "user id": "7265339205",
            "user name": "emo1bo",
            "content": "你在现场？散布谣言要付法律责任的",
            "time": "21-4-13 08:26"
        },
        {
            "comment id": 6,
            "parent": -1,
            "children": [],
            "user id": "7479209550",
            "user name": "再不通过我就不要名字了",
            "content": "兄弟，澄清了，假的，18年就有了",
            "time": "21-4-13 01:06"
        }
    ]
}