{
    "source": {
        "content": "江西科技职业学院醉酒女生被拖进男生宿舍\n这事儿有后续吗？ ",
        "time": "21-9-28 12:42",
        "user id": "7374376576",
        "tweet id": "KAfcVqaoG",
        "label": 1,
        "theme": null
    },
    "comment": [
        {
            "comment id": 0,
            "parent": -1,
            "children": [
                2,
                3,
                4,
                5,
                6,
                7
            ],
            "user id": "7374376576",
            "user name": "小丑别难过",
            "content": "官博辟谣，具体案情明日公布 ",
            "time": "21-9-28 15:56"
        },
        {
            "comment id": 1,
            "parent": 6,
            "children": [],
            "user id": "5145610206",
            "user name": "ayeuuu",
            "content": "回复@鱼子酱朵吖:我也觉得",
            "time": "21-9-29 10:02"
        },
        {
            "comment id": 2,
            "parent": 0,
            "children": [],
            "user id": "6134279344",
            "user name": "雾岛之樱ss",
            "content": "可信？女生在男生寝室是谣言嘛？",
            "time": "21-9-29 09:46"
        },
        {
            "comment id": 3,
            "parent": 0,
            "children": [],
            "user id": "7542487590",
            "user name": "汽水味的雯雯",
            "content": "真实事件",
            "time": "21-9-28 23:58"
        },
        {
            "comment id": 4,
            "parent": 0,
            "children": [],
            "user id": "5127489746",
            "user name": "WGJRK",
            "content": "回复@我是07啊:对，再去搜一下他们学校的寝室图片就知道了",
            "time": "21-9-28 23:51"
        },
        {
            "comment id": 5,
            "parent": 0,
            "children": [],
            "user id": "7139840806",
            "user name": "泡椒鸡杂米线",
            "content": "所以为什么会有女生在男生宿舍呢？还在地上铺了毯子，然后那个群里语音是什么意思",
            "time": "21-9-28 19:18"
        },
        {
            "comment id": 6,
            "parent": 0,
            "children": [
                1
            ],
            "user id": "5538014790",
            "user name": "鱼子酱朵吖",
            "content": "学校花钱把消息封了，为了好招生",
            "time": "21-9-28 18:31"
        },
        {
            "comment id": 7,
            "parent": 0,
            "children": [],
            "user id": "7404730557",
            "user name": "这个姐姐敲可爱",
            "content": "原委呢，为什么会地上铺了被子两个女生东倒西歪在上面？叫声又是什么？",
            "time": "21-9-28 17:58"
        },
        {
            "comment id": 8,
            "parent": -1,
            "children": [
                9,
                10,
                11,
                14,
                15,
                17,
                26,
                28,
                29,
                30
            ],
            "user id": "6229037045",
            "user name": "彤啊彤___",
            "content": "这是什么时代，蛆遍地爬",
            "time": "21-9-28 12:44"
        },
        {
            "comment id": 9,
            "parent": 8,
            "children": [],
            "user id": "6697909018",
            "user name": "掉猫猫",
            "content": "回复@0露垂鲜泽:现在结果出来了，是造谣",
            "time": "21-9-30 18:10"
        },
        {
            "comment id": 10,
            "parent": 8,
            "children": [],
            "user id": "6229037045",
            "user name": "彤啊彤___",
            "content": "回复@提灯挂绳:是说中你了吗",
            "time": "21-9-29 21:17"
        },
        {
            "comment id": 11,
            "parent": 8,
            "children": [],
            "user id": "6697909018",
            "user name": "掉猫猫",
            "content": "回复@0露垂鲜泽:假的，我们学校阳台不长这样，床架也不一样",
            "time": "21-9-29 17:28"
        },
        {
            "comment id": 12,
            "parent": 18,
            "children": [],
            "user id": "7488834658",
            "user name": "我真的不知道该起什么昵称啊",
            "content": "回复@lucky火焰:不好意思，看了一圈只有骂人的和吵架的，实在是没有带节奏的，如果在网上看到这么恶心的是还没有人感到愤怒那才是令人不寒而栗",
            "time": "21-9-29 08:57"
        },
        {
            "comment id": 13,
            "parent": 26,
            "children": [],
            "user id": "5523012938",
            "user name": "斜野-",
            "content": "回复@电子竞技救我gou命:爬",
            "time": "21-9-29 07:56"
        },
        {
            "comment id": 14,
            "parent": 8,
            "children": [],
            "user id": "7172076878",
            "user name": "丨丨能饮一杯无",
            "content": "回复@大港城牛十三:是真的，我朋友江科的，学校怕名誉问题，",
            "time": "21-9-29 01:01"
        },
        {
            "comment id": 15,
            "parent": 8,
            "children": [],
            "user id": "6697909018",
            "user name": "掉猫猫",
            "content": "回复@0露垂鲜泽:新余学院的宿舍不是这样子的",
            "time": "21-9-29 00:09"
        },
        {
            "comment id": 16,
            "parent": 19,
            "children": [],
            "user id": "6229037045",
            "user name": "彤啊彤___",
            "content": "回复@我真的不知道该起什么昵称啊:他是男的，假装女的而已你看他微博转发评论的都是什么女拳什么的。不要和他说太多，因为没有🧠",
            "time": "21-9-28 23:20"
        },
        {
            "comment id": 17,
            "parent": 8,
            "children": [],
            "user id": "6229037045",
            "user name": "彤啊彤___",
            "content": "回复@0露垂鲜泽:恐怖",
            "time": "21-9-28 23:19"
        },
        {
            "comment id": 18,
            "parent": 19,
            "children": [
                12
            ],
            "user id": "6924563239",
            "user name": "lucky火焰",
            "content": "回复@我真的不知道该起什么昵称啊:如果是男生脑残口嗨，那么学校严厉处分是跑不了的。如果是无良自媒体造谣恰性别对立饭，谁来处理它们？还有围绕着这个拙劣的谣言传播，楼里一窝窝添油加醋带节奏的货，有一说一，除了博主即时辟谣，它们有没有一丝丝反省，还在傻嗨，这是蠢还是坏？",
            "time": "21-9-28 20:53"
        },
        {
            "comment id": 19,
            "parent": 20,
            "children": [
                16,
                18
            ],
            "user id": "7488834658",
            "user name": "我真的不知道该起什么昵称啊",
            "content": "回复@lucky火焰:OK，如果这是假新闻，那么群里面的那些男的就是在猥琐口嗨，放出记录的人也是群里的人，这个放出记录的人就是在造黄谣，同样是又猥琐又坏，重点难道不应该是骂他们？",
            "time": "21-9-28 20:21"
        },
        {
            "comment id": 20,
            "parent": 21,
            "children": [
                19
            ],
            "user id": "6924563239",
            "user name": "lucky火焰",
            "content": "回复@很困的KK:笑死，看假新闻报团自嗨的不反省自己智商，还居然有脸说别人，这智商看了真有点闹心",
            "time": "21-9-28 19:19"
        },
        {
            "comment id": 21,
            "parent": 22,
            "children": [
                20
            ],
            "user id": "5187910553",
            "user name": "很困的KK",
            "content": "回复@lucky火焰:急了急了您真是可笑，NT还会输入PRO MAX真是有大🧊，祝您早日康复NT",
            "time": "21-9-28 19:16"
        },
        {
            "comment id": 22,
            "parent": 23,
            "children": [
                21
            ],
            "user id": "6924563239",
            "user name": "lucky火焰",
            "content": "回复@很困的KK:看您的表现当然不是NT了，至少是NT PROMAX",
            "time": "21-9-28 19:14"
        },
        {
            "comment id": 23,
            "parent": 24,
            "children": [
                22
            ],
            "user id": "5187910553",
            "user name": "很困的KK",
            "content": "回复@lucky火焰:呵呵你以为你有脑子吗？真是NT",
            "time": "21-9-28 19:10"
        },
        {
            "comment id": 24,
            "parent": 25,
            "children": [
                23
            ],
            "user id": "6924563239",
            "user name": "lucky火焰",
            "content": "回复@很困的KK:呵呵，某些人看假新闻high的不要不要的，这是有脑子的表现？",
            "time": "21-9-28 19:04"
        },
        {
            "comment id": 25,
            "parent": 29,
            "children": [
                24
            ],
            "user id": "5187910553",
            "user name": "很困的KK",
            "content": "回复@lucky火焰:你还知道脑子这种器官？",
            "time": "21-9-28 18:37"
        },
        {
            "comment id": 26,
            "parent": 8,
            "children": [
                13
            ],
            "user id": "5502779179",
            "user name": "电子竞技救我gou命",
            "content": "那要不你光速重开？",
            "time": "21-9-28 17:19"
        },
        {
            "comment id": 27,
            "parent": 29,
            "children": [],
            "user id": "6229037045",
            "user name": "彤啊彤___",
            "content": "回复@lucky火焰:知道了，你没有脑子",
            "time": "21-9-28 17:06"
        },
        {
            "comment id": 28,
            "parent": 8,
            "children": [],
            "user id": "6229037045",
            "user name": "彤啊彤___",
            "content": "回复@圆滚滚肉乎乎-:没有区别，性质一样恶劣",
            "time": "21-9-28 17:06"
        },
        {
            "comment id": 29,
            "parent": 8,
            "children": [
                25,
                27
            ],
            "user id": "6924563239",
            "user name": "lucky火焰",
            "content": "脑子是好东西",
            "time": "21-9-28 16:12"
        },
        {
            "comment id": 30,
            "parent": 8,
            "children": [],
            "user id": "7689555639",
            "user name": "小玩具收藏夹",
            "content": "我还以为是印度新闻，这跟印度黑公交有什么区别吗",
            "time": "21-9-28 14:31"
        },
        {
            "comment id": 31,
            "parent": -1,
            "children": [
                32,
                33,
                36
            ],
            "user id": "6015759766",
            "user name": "涉嫌挑拨对立已封禁",
            "content": "我擦，这不要坐牢的吗……",
            "time": "21-9-28 12:44"
        },
        {
            "comment id": 32,
            "parent": 31,
            "children": [],
            "user id": "5529857545",
            "user name": "222Pqy",
            "content": "女的同意不就不坐牢了",
            "time": "21-9-30 00:59"
        },
        {
            "comment id": 33,
            "parent": 31,
            "children": [],
            "user id": "6314673596",
            "user name": "gadfan",
            "content": "假的，不要网上说什么都信",
            "time": "21-9-29 21:23"
        },
        {
            "comment id": 34,
            "parent": 36,
            "children": [],
            "user id": "6314673596",
            "user name": "gadfan",
            "content": "回复@过气麻烦先生:少数民族不归地球管？",
            "time": "21-9-29 21:22"
        },
        {
            "comment id": 35,
            "parent": 36,
            "children": [],
            "user id": "6015759766",
            "user name": "涉嫌挑拨对立已封禁",
            "content": "回复@过气麻烦先生:什么说法",
            "time": "21-9-28 23:26"
        },
        {
            "comment id": 36,
            "parent": 31,
            "children": [
                34,
                35
            ],
            "user id": "6062616084",
            "user name": "过气麻烦先生",
            "content": "坐不了说是少数民族不犯法",
            "time": "21-9-28 23:25"
        },
        {
            "comment id": 37,
            "parent": -1,
            "children": [
                38
            ],
            "user id": "1843706784",
            "user name": "阿樱_欧气满满哦w",
            "content": "这事儿还有后续吗？？？怎么什么新闻都没有呢？？！？！",
            "time": "21-9-28 12:44"
        },
        {
            "comment id": 38,
            "parent": 37,
            "children": [],
            "user id": "6728070693",
            "user name": "吴小迪能",
            "content": "昨天下午就传到我们学校了。希望严惩",
            "time": "21-9-28 14:35"
        },
        {
            "comment id": 39,
            "parent": -1,
            "children": [
                41,
                43,
                44,
                45,
                47,
                50,
                52,
                54
            ],
            "user id": "1580004337",
            "user name": "面膜世家第五代传人",
            "content": "在学校都敢干这种事 读了这么多年感觉还跟原始人一样 离现代文明还很远",
            "time": "21-9-28 12:59"
        },
        {
            "comment id": 40,
            "parent": 41,
            "children": [],
            "user id": "7238476633",
            "user name": "贞zi不忘挖井人",
            "content": "回复@袜子还是穿上好:我的小踩殉了，举报批却美美隐身，不是举报批索了我的小踩的命吗? !豆王你只顾堂哥有孕之喜，何曾还记得料帝与你的孩子!小踩还不满3岁，封禁封到只会吐泡泡，不治而死啊!臣妾抱着小踩的尸首，想跑到阎罗殿求满殿神佛，要索命就索我的命，别索小踩的命啊!",
            "time": "22-4-7 15:46"
        },
        {
            "comment id": 41,
            "parent": 39,
            "children": [
                40
            ],
            "user id": "5892171673",
            "user name": "袜子还是穿上好",
            "content": "回复 @贞zi不忘挖井人:长得被时速120的卡车撞飞后脑浆飞出来狗闻了还尿了泡尿被抬到殡仪馆在福尔马林里泡了一周后又被强间犯在脸上坐了两屁股一样还敢在这里对别人说这说那啊这你特么一家人死法真是多种多样啊",
            "time": "22-4-7 15:10"
        },
        {
            "comment id": 42,
            "parent": 43,
            "children": [],
            "user id": "7238476633",
            "user name": "贞zi不忘挖井人",
            "content": "回复@袜子还是穿上好:长得被时速120的卡车撞飞后脑浆飞出来狗闻了还尿了泡尿被抬到殡仪馆在福尔马林里泡了一周后又被强间犯在脸上坐了两屁股一样还敢在这里对别人说这说那啊",
            "time": "22-4-7 13:28"
        },
        {
            "comment id": 43,
            "parent": 39,
            "children": [
                42
            ],
            "user id": "5892171673",
            "user name": "袜子还是穿上好",
            "content": "回复 @贞zi不忘挖井人:阅读理解有问题？上网都没整明白，你在网上全家四了多少次",
            "time": "22-4-7 11:48"
        },
        {
            "comment id": 44,
            "parent": 39,
            "children": [],
            "user id": "7377736101",
            "user name": "明清知吾道",
            "content": "她自己觉得自己年老年老色衰，老公又老是去p，想留住老公给他纳个美的，她给自己老公撮合的又不止这一个",
            "time": "21-9-29 18:37"
        },
        {
            "comment id": 45,
            "parent": 39,
            "children": [],
            "user id": "7377736101",
            "user name": "明清知吾道",
            "content": "回复@元始天尊祖龙:她老公可没说不想纳个尤物为妾，只认为自己穷养不了人家。她们家穷死了，也就用结拜来套住人家，来供自己老公享乐。你还真以为女同情深？你已经骂女性了，还好意思说自己边角料？",
            "time": "21-9-29 18:25"
        },
        {
            "comment id": 46,
            "parent": 47,
            "children": [],
            "user id": "5652563728",
            "user name": "不回河",
            "content": "回复@明清知吾道:随便你呗，理亏了就找这些边角毛病",
            "time": "21-9-29 17:31"
        },
        {
            "comment id": 47,
            "parent": 39,
            "children": [
                46
            ],
            "user id": "7377736101",
            "user name": "明清知吾道",
            "content": "回复@元始天尊祖龙:反驳就反驳呗，直接这么称呼女人，那称呼男人时也可以叫吊男人吗？还是称呼金针菇屌男人？",
            "time": "21-9-29 16:26"
        },
        {
            "comment id": 48,
            "parent": 50,
            "children": [],
            "user id": "7238476633",
            "user name": "贞zi不忘挖井人",
            "content": "回复@袜子还是穿上好:不知道，只知道你四全价了",
            "time": "21-9-29 11:29"
        },
        {
            "comment id": 49,
            "parent": 52,
            "children": [],
            "user id": "1580004337",
            "user name": "面膜世家第五代传人",
            "content": "回复@明清知吾道:现代文明 有个东西叫法律。我们国家 有个东西叫社会主义",
            "time": "21-9-28 18:27"
        },
        {
            "comment id": 50,
            "parent": 39,
            "children": [
                48
            ],
            "user id": "5892171673",
            "user name": "袜子还是穿上好",
            "content": "回复@元始天尊祖龙:那就男的大多喜欢这种女同？",
            "time": "21-9-28 15:30"
        },
        {
            "comment id": 51,
            "parent": 52,
            "children": [],
            "user id": "5652563728",
            "user name": "不回河",
            "content": "回复@明清知吾道:给你懂完了，那个b女人自己就是个女同，她想和jinv在一起，才撮合老公纳个妾。",
            "time": "21-9-28 15:23"
        },
        {
            "comment id": 52,
            "parent": 39,
            "children": [
                49,
                51
            ],
            "user id": "7377736101",
            "user name": "明清知吾道",
            "content": "回复@城阙儿:去看浮生六记吧，那里会告诉你，男人喜欢什么样的妻子。给公公物色姬妾，给老公谋划纳妓女为妾，这样的妻子被新时代的文人称赞为“可爱的女人”    这怎么是我黄呢？是男性这么做了啊，又不是我让他们这么做的 太冤枉人了",
            "time": "21-9-28 14:35"
        },
        {
            "comment id": 53,
            "parent": 54,
            "children": [],
            "user id": "6996056586",
            "user name": "脱贫无捷径勤劳是根本332211",
            "content": "回复@明清知吾道:你离大谱，不要掂着脑子里的黄色废料什么样儿的话张口就来",
            "time": "21-9-28 14:27"
        },
        {
            "comment id": 54,
            "parent": 39,
            "children": [
                53
            ],
            "user id": "7377736101",
            "user name": "明清知吾道",
            "content": "想多了吧，读书人才更喜欢这样啊，才子们多喜欢有妻 有妾 有ji nv  有红颜知己的人生",
            "time": "21-9-28 14:18"
        },
        {
            "comment id": 55,
            "parent": -1,
            "children": [],
            "user id": "7295986574",
            "user name": "T4czzzzzj",
            "content": "我靠  不是人啊  這是真的嗎",
            "time": "21-9-28 12:44"
        },
        {
            "comment id": 56,
            "parent": -1,
            "children": [],
            "user id": "5225628119",
            "user name": "TvxxLafs",
            "content": "太他妈恶心了",
            "time": "21-9-28 12:51"
        },
        {
            "comment id": 57,
            "parent": -1,
            "children": [
                58,
                59
            ],
            "user id": "5995961098",
            "user name": "藤原菜子",
            "content": "这他妈和南京大屠杀的时候那些日本蛆有什么区别",
            "time": "21-9-28 14:05"
        },
        {
            "comment id": 58,
            "parent": 57,
            "children": [],
            "user id": "7377736101",
            "user name": "明清知吾道",
            "content": "区别在于国籍不一样，其他的没区别",
            "time": "21-9-28 14:19"
        },
        {
            "comment id": 59,
            "parent": 57,
            "children": [],
            "user id": "7569457992",
            "user name": "不瘦10斤不答辩不改名",
            "content": "无区别",
            "time": "21-9-29 01:51"
        },
        {
            "comment id": 60,
            "parent": -1,
            "children": [
                63,
                65
            ],
            "user id": "6035996309",
            "user name": "kasaasa",
            "content": "宿管看不到吗",
            "time": "21-9-28 12:57"
        },
        {
            "comment id": 61,
            "parent": 64,
            "children": [],
            "user id": "7643456385",
            "user name": "小小城199705",
            "content": "回复@kasaasa:wc",
            "time": "21-9-29 01:10"
        },
        {
            "comment id": 62,
            "parent": 63,
            "children": [],
            "user id": "7643456385",
            "user name": "小小城199705",
            "content": "回复@与你朝朝又暮暮:",
            "time": "21-9-29 01:10"
        },
        {
            "comment id": 63,
            "parent": 60,
            "children": [
                62
            ],
            "user id": "5631968759",
            "user name": "与你朝朝又暮暮",
            "content": "我们学校宿管五六点就下班了",
            "time": "21-9-28 23:06"
        },
        {
            "comment id": 64,
            "parent": 65,
            "children": [
                61
            ],
            "user id": "6035996309",
            "user name": "kasaasa",
            "content": "回复@JJJiso_:啊我们学校还抓了2个男扮女装的猥琐男的过…可能有的学校严格有的不怎么严",
            "time": "21-9-28 13:47"
        },
        {
            "comment id": 65,
            "parent": 60,
            "children": [
                64
            ],
            "user id": "7189934850",
            "user name": "JJJiso_",
            "content": "我们学校男寝基本不管…随便进出…女寝管得严",
            "time": "21-9-28 13:07"
        },
        {
            "comment id": 66,
            "parent": -1,
            "children": [],
            "user id": "7569048101",
            "user name": "芸崽喜欢巧乐兹",
            "content": "有些跳脚男不要说怪女生喝醉了之类的，喝醉就可以qj了?",
            "time": "21-9-28 14:11"
        },
        {
            "comment id": 67,
            "parent": -1,
            "children": [],
            "user id": "2319609494",
            "user name": "·R1ceeeeeee飯·",
            "content": "真他吗恐怖。。这是2021吗",
            "time": "21-9-28 12:59"
        },
        {
            "comment id": 68,
            "parent": -1,
            "children": [
                69,
                70,
                71,
                72
            ],
            "user id": "7384293908",
            "user name": "69岁低保户",
            "content": "假的吧，学校官方都辟谣了，听说是喝醉的女生赖着男生寝室不走，大喊大叫，聊天记录纯属这群男的口嗨，不过带头口嗨的好像进局子了",
            "time": "21-9-28 15:48"
        },
        {
            "comment id": 69,
            "parent": 68,
            "children": [],
            "user id": "7330558609",
            "user name": "爱吃的小兔兔66",
            "content": "口嗨？又是口嗨？",
            "time": "21-9-29 13:45"
        },
        {
            "comment id": 70,
            "parent": 68,
            "children": [],
            "user id": "1993114533",
            "user name": "mmmiiij",
            "content": "我也觉得是。就算搞也不可能直接拉去宿舍那么光明正大，这男的很明显口嗨装b的",
            "time": "21-9-28 19:36"
        },
        {
            "comment id": 71,
            "parent": 68,
            "children": [],
            "user id": "5878399109",
            "user name": "嘎嘣脆可乐煎蛋",
            "content": "还是再继续等学校后续的回应吧，只是看这个聊天记录，是真的会觉得很窒息啊哎",
            "time": "21-9-28 16:52"
        },
        {
            "comment id": 72,
            "parent": 68,
            "children": [],
            "user id": "5665387167",
            "user name": "大人k西",
            "content": "真的吗 看聊天记录感觉好绝望 是假的就太好了",
            "time": "21-9-28 16:47"
        },
        {
            "comment id": 73,
            "parent": -1,
            "children": [
                74
            ],
            "user id": "3828672389",
            "user name": "璐萁-罗宾",
            "content": "哇哦 快看，这就是要保卫咱们国家的男人呢",
            "time": "21-9-28 17:01"
        },
        {
            "comment id": 74,
            "parent": 73,
            "children": [],
            "user id": "6632218233",
            "user name": "我普通平凡的生活",
            "content": "在遍地都是本满地都是专的时代上大学已经不能成为一件荣誉事了",
            "time": "21-9-28 20:39"
        },
        {
            "comment id": 75,
            "parent": -1,
            "children": [
                76
            ],
            "user id": "6741113285",
            "user name": "u悲伤鱼丸面",
            "content": "这也太可怕了...是都没见过女的吗...",
            "time": "21-9-28 13:40"
        },
        {
            "comment id": 76,
            "parent": 75,
            "children": [],
            "user id": "6645354428",
            "user name": "加糖也不甜的面",
            "content": "救命啊，感觉是一群潜在强奸犯",
            "time": "21-10-19 10:45"
        },
        {
            "comment id": 77,
            "parent": -1,
            "children": [],
            "user id": "5656085716",
            "user name": "-zsrjsx-",
            "content": "为什么会有这样的人啊真的太可怕了",
            "time": "21-9-28 12:50"
        },
        {
            "comment id": 78,
            "parent": -1,
            "children": [],
            "user id": "5824345749",
            "user name": "张微坷",
            "content": "这不是犯罪吗？",
            "time": "21-9-28 13:23"
        },
        {
            "comment id": 79,
            "parent": -1,
            "children": [],
            "user id": "3932021648",
            "user name": "美味的炸鸡腿谁不爱yyy",
            "content": "操！ ",
            "time": "21-9-28 12:52"
        },
        {
            "comment id": 80,
            "parent": -1,
            "children": [
                82,
                83
            ],
            "user id": "6049755600",
            "user name": "你是笨蛋吧你",
            "content": "@-大胖子你  我之前的学校",
            "time": "21-9-28 18:52"
        },
        {
            "comment id": 81,
            "parent": 82,
            "children": [],
            "user id": "6049755600",
            "user name": "你是笨蛋吧你",
            "content": "回复@-大胖子你:确实",
            "time": "21-9-29 08:48"
        },
        {
            "comment id": 82,
            "parent": 80,
            "children": [
                81
            ],
            "user id": "5174789039",
            "user name": "-大胖子你",
            "content": "所以 真的不能喝多了 太危险了 一滩烂泥，手无缚鸡之力毫无知觉就是在玩命",
            "time": "21-9-28 22:59"
        },
        {
            "comment id": 83,
            "parent": 80,
            "children": [],
            "user id": "5174789039",
            "user name": "-大胖子你",
            "content": "真恶心！",
            "time": "21-9-28 22:37"
        },
        {
            "comment id": 84,
            "parent": -1,
            "children": [],
            "user id": "7058752377",
            "user name": "晚安飞飞鱼emo版",
            "content": "🤮",
            "time": "21-9-28 13:06"
        },
        {
            "comment id": 85,
            "parent": -1,
            "children": [],
            "user id": "2831641801",
            "user name": "伍六七八九-",
            "content": "那个群里喊的最欢是真恶心",
            "time": "21-9-28 14:46"
        },
        {
            "comment id": 86,
            "parent": -1,
            "children": [],
            "user id": "5925460861",
            "user name": "能不能叫我美女",
            "content": "恶臭",
            "time": "21-9-28 13:20"
        },
        {
            "comment id": 87,
            "parent": -1,
            "children": [],
            "user id": "7555015024",
            "user name": "健身年轻十岁",
            "content": "这就是这个国家的栋梁吗",
            "time": "21-9-28 14:40"
        },
        {
            "comment id": 88,
            "parent": -1,
            "children": [],
            "user id": "3896127981",
            "user name": "会越来越好的双子x",
            "content": "md，真的话全下地狱吧，永世不得超生那种",
            "time": "21-9-28 13:09"
        },
        {
            "comment id": 89,
            "parent": -1,
            "children": [],
            "user id": "6120450110",
            "user name": "小范小范好好吃饭",
            "content": "？？？？？？",
            "time": "21-9-28 12:44"
        },
        {
            "comment id": 90,
            "parent": -1,
            "children": [],
            "user id": "5464116277",
            "user name": "子子不困",
            "content": "我靠我靠这是真事？",
            "time": "21-9-28 15:00"
        },
        {
            "comment id": 91,
            "parent": -1,
            "children": [],
            "user id": "3932021648",
            "user name": "美味的炸鸡腿谁不爱yyy",
            "content": "蝈蝈",
            "time": "21-9-28 12:55"
        },
        {
            "comment id": 92,
            "parent": -1,
            "children": [
                93
            ],
            "user id": "3098936673",
            "user name": "-今晚睡个好觉zzZ-",
            "content": "@刘昀逸Yui",
            "time": "21-9-28 18:25"
        },
        {
            "comment id": 93,
            "parent": 92,
            "children": [
                94
            ],
            "user id": "3186120072",
            "user name": "·踩著星星散步·",
            "content": "昨天看到的🍉 还以为是我们学校",
            "time": "21-9-28 19:18"
        },
        {
            "comment id": 94,
            "parent": 93,
            "children": [],
            "user id": "3098936673",
            "user name": "-今晚睡个好觉zzZ-",
            "content": "回复@刘昀逸Yui:我都没听过这个学校",
            "time": "21-9-28 19:20"
        },
        {
            "comment id": 95,
            "parent": -1,
            "children": [],
            "user id": "5017020671",
            "user name": "卧大槽的小小罐子",
            "content": "嫖娼的都开除了。这不得开除加坐牢？赶紧戴上银镯子吧",
            "time": "21-9-28 15:30"
        },
        {
            "comment id": 96,
            "parent": -1,
            "children": [],
            "user id": "6576070330",
            "user name": "丨远离疯批的第一天丨",
            "content": "印度新闻",
            "time": "21-9-28 14:57"
        },
        {
            "comment id": 97,
            "parent": -1,
            "children": [
                98
            ],
            "user id": "5403938339",
            "user name": "看你吃螺狮粉",
            "content": "@淡橙色香气 ",
            "time": "21-9-28 14:33"
        },
        {
            "comment id": 98,
            "parent": 97,
            "children": [],
            "user id": "2240491807",
            "user name": "开摆小天后",
            "content": "恶心极了 捏妈",
            "time": "21-9-28 16:06"
        },
        {
            "comment id": 99,
            "parent": -1,
            "children": [],
            "user id": "5176106235",
            "user name": "日落前拥吻吗",
            "content": "到底都是什么蛆啊？这种人也配读书？？",
            "time": "21-9-28 14:09"
        },
        {
            "comment id": 100,
            "parent": -1,
            "children": [
                101
            ],
            "user id": "5809571565",
            "user name": "一口秋葵",
            "content": "@人有趣儿_",
            "time": "21-9-28 18:35"
        },
        {
            "comment id": 101,
            "parent": 100,
            "children": [],
            "user id": "5254765569",
            "user name": "人有趣儿_",
            "content": "真恶心！！",
            "time": "21-9-29 11:25"
        },
        {
            "comment id": 102,
            "parent": -1,
            "children": [],
            "user id": "6824111604",
            "user name": "xyhpfdww",
            "content": "艹",
            "time": "21-9-28 14:03"
        },
        {
            "comment id": 103,
            "parent": -1,
            "children": [],
            "user id": "3877083005",
            "user name": "Roll_SnowBall",
            "content": "这些男的真想给他们剁吊",
            "time": "21-9-28 15:25"
        },
        {
            "comment id": 104,
            "parent": -1,
            "children": [],
            "user id": "6227392606",
            "user name": "月亮只在月亮上跳绳",
            "content": "我真无语真的大无语",
            "time": "21-9-28 14:24"
        },
        {
            "comment id": 105,
            "parent": -1,
            "children": [],
            "user id": "3252313742",
            "user name": "怪物咖喱酱o3o",
            "content": "太恶心了 什么世道 进去蹲两年吧",
            "time": "21-9-28 13:50"
        },
        {
            "comment id": 106,
            "parent": -1,
            "children": [
                107
            ],
            "user id": "2667438473",
            "user name": "陳Ellie",
            "content": "@那我气死你算了",
            "time": "21-9-28 22:21"
        },
        {
            "comment id": 107,
            "parent": 106,
            "children": [],
            "user id": "3740811345",
            "user name": "UoZLinG_",
            "content": "卧槽好恶心",
            "time": "21-9-28 22:35"
        },
        {
            "comment id": 108,
            "parent": -1,
            "children": [],
            "user id": "5723166531",
            "user name": "浅荆",
            "content": "@Aurora春和",
            "time": "21-9-28 16:41"
        },
        {
            "comment id": 109,
            "parent": -1,
            "children": [],
            "user id": "5723166531",
            "user name": "浅荆",
            "content": "@Aurora春和 我真的吐了",
            "time": "21-9-28 16:39"
        },
        {
            "comment id": 110,
            "parent": -1,
            "children": [],
            "user id": "3176116394",
            "user name": "啾一口甜梨",
            "content": "批瘾犯了？？",
            "time": "21-9-28 15:31"
        },
        {
            "comment id": 111,
            "parent": -1,
            "children": [],
            "user id": "5866068459",
            "user name": "猥琐的蓝毛",
            "content": "这些人真吓人",
            "time": "21-9-28 14:20"
        },
        {
            "comment id": 112,
            "parent": -1,
            "children": [],
            "user id": "6172865420",
            "user name": "麻辣网友",
            "content": "@小狗不烦 魔幻",
            "time": "21-9-28 14:13"
        },
        {
            "comment id": 113,
            "parent": -1,
            "children": [],
            "user id": "1682773477",
            "user name": "Jiamengii",
            "content": "这辈子没搞过女的吗 ",
            "time": "21-9-28 14:05"
        },
        {
            "comment id": 114,
            "parent": -1,
            "children": [],
            "user id": "6309307454",
            "user name": "信江Brothers",
            "content": "服了",
            "time": "21-9-28 13:42"
        },
        {
            "comment id": 115,
            "parent": -1,
            "children": [],
            "user id": "6130556092",
            "user name": "uchisabishii",
            "content": "卧槽 md？念大学都念到蛆里面去了？ ",
            "time": "21-9-28 14:23"
        },
        {
            "comment id": 116,
            "parent": -1,
            "children": [],
            "user id": "5658422208",
            "user name": "陈坤的黑妹",
            "content": "这不是强奸吗？",
            "time": "21-9-28 18:53"
        },
        {
            "comment id": 117,
            "parent": -1,
            "children": [],
            "user id": "6558448631",
            "user name": "清闻酒十八",
            "content": "这些蛆就他妈离谱",
            "time": "21-9-29 08:51"
        },
        {
            "comment id": 118,
            "parent": -1,
            "children": [],
            "user id": "6559289563",
            "user name": "见yu起意",
            "content": "听说是那两个女生自己去男生寝室喝酒的",
            "time": "21-9-29 00:09"
        },
        {
            "comment id": 119,
            "parent": -1,
            "children": [],
            "user id": "3295530592",
            "user name": "naixH",
            "content": "@sjwslxxx",
            "time": "21-9-28 23:28"
        },
        {
            "comment id": 120,
            "parent": -1,
            "children": [],
            "user id": "1799462392",
            "user name": "Sharecc_cc",
            "content": "@M_sherri",
            "time": "21-9-28 23:21"
        },
        {
            "comment id": 121,
            "parent": -1,
            "children": [],
            "user id": "5839989155",
            "user name": "别抢我猫",
            "content": "@唐女士今天不能发脾气 艹",
            "time": "21-9-28 22:37"
        },
        {
            "comment id": 122,
            "parent": -1,
            "children": [],
            "user id": "5631705857",
            "user name": "宠宠玛丽",
            "content": "坐牢吧",
            "time": "21-9-28 21:57"
        },
        {
            "comment id": 123,
            "parent": -1,
            "children": [],
            "user id": "5262452641",
            "user name": "邱马克Q_MARK",
            "content": "@陳Ellie",
            "time": "21-9-28 21:39"
        },
        {
            "comment id": 124,
            "parent": -1,
            "children": [],
            "user id": "6166354308",
            "user name": "怪物梧桐树",
            "content": "这什么 男宿舍没有正常人吗？？？",
            "time": "21-9-28 21:18"
        },
        {
            "comment id": 125,
            "parent": -1,
            "children": [],
            "user id": "7164022065",
            "user name": "仲春碎碎念",
            "content": "吐了…",
            "time": "21-9-28 20:12"
        },
        {
            "comment id": 126,
            "parent": -1,
            "children": [],
            "user id": "5571510484",
            "user name": "管好你zj_",
            "content": "辟谣了，假的",
            "time": "21-9-28 19:40"
        },
        {
            "comment id": 127,
            "parent": -1,
            "children": [],
            "user id": "6077524104",
            "user name": "无问彼苍",
            "content": "这个男的不逮出来？",
            "time": "21-9-28 19:07"
        },
        {
            "comment id": 128,
            "parent": -1,
            "children": [],
            "user id": "3138037435",
            "user name": "张青岑",
            "content": "如果是造谣，希望全抓了",
            "time": "21-9-28 18:57"
        },
        {
            "comment id": 129,
            "parent": -1,
            "children": [],
            "user id": "7004658058",
            "user name": "南望星里",
            "content": "@周少女与灰烬_unique",
            "time": "21-9-28 18:48"
        },
        {
            "comment id": 130,
            "parent": -1,
            "children": [
                131
            ],
            "user id": "6109760106",
            "user name": "小10的奇思妙想",
            "content": "@Cheese就是胖周周",
            "time": "21-9-28 18:20"
        },
        {
            "comment id": 131,
            "parent": 130,
            "children": [],
            "user id": "6014738254",
            "user name": "Cheese就是胖周周",
            "content": "天呐",
            "time": "21-9-28 18:23"
        },
        {
            "comment id": 132,
            "parent": -1,
            "children": [
                133
            ],
            "user id": "2613414037",
            "user name": "奶茶喝不胖我-",
            "content": "@努力变成翘臀辣妹 不知真假",
            "time": "21-9-28 17:11"
        },
        {
            "comment id": 133,
            "parent": 132,
            "children": [],
            "user id": "1964918893",
            "user name": "努力变成翘臀辣妹",
            "content": "卧槽。。。",
            "time": "21-9-28 17:13"
        },
        {
            "comment id": 134,
            "parent": -1,
            "children": [],
            "user id": "7034619125",
            "user name": "千鹤需要鑫动力",
            "content": "草",
            "time": "21-9-28 15:54"
        },
        {
            "comment id": 135,
            "parent": -1,
            "children": [],
            "user id": "6614043569",
            "user name": "杨呢yo",
            "content": "在学校都能发生这种事情？？？",
            "time": "21-9-28 15:45"
        },
        {
            "comment id": 136,
            "parent": -1,
            "children": [],
            "user id": "5662303920",
            "user name": "我最多能保证不自杀",
            "content": "割以永治",
            "time": "21-9-28 15:12"
        },
        {
            "comment id": 137,
            "parent": -1,
            "children": [],
            "user id": "5019792697",
            "user name": "橘猫种菜",
            "content": "？？？？",
            "time": "21-9-28 15:06"
        },
        {
            "comment id": 138,
            "parent": -1,
            "children": [],
            "user id": "5594778943",
            "user name": "小颜的honey啊",
            "content": "？？？",
            "time": "21-9-28 14:49"
        },
        {
            "comment id": 139,
            "parent": -1,
            "children": [],
            "user id": "6027260229",
            "user name": "热爱钻研学习",
            "content": "校领导不管吗",
            "time": "21-9-28 14:31"
        },
        {
            "comment id": 140,
            "parent": -1,
            "children": [
                141
            ],
            "user id": "5970172964",
            "user name": "小金制药有限公司",
            "content": "就是进宿舍了但是没出事吧",
            "time": "21-9-28 14:28"
        },
        {
            "comment id": 141,
            "parent": 140,
            "children": [],
            "user id": "6345341202",
            "user name": "你的迷妹cp",
            "content": "被轮了",
            "time": "21-9-28 14:42"
        },
        {
            "comment id": 142,
            "parent": -1,
            "children": [],
            "user id": "6569012201",
            "user name": "甜甜圈koi_",
            "content": "太可怕了救命",
            "time": "21-9-28 14:22"
        },
        {
            "comment id": 143,
            "parent": -1,
            "children": [],
            "user id": "2140749895",
            "user name": "___白夜_",
            "content": "这是2021吗 真阳刚",
            "time": "21-9-28 14:19"
        },
        {
            "comment id": 144,
            "parent": -1,
            "children": [],
            "user id": "6896646484",
            "user name": "戴着奇怪面具的人",
            "content": "真吐了 怎么这种男的还没死绝",
            "time": "21-9-28 14:09"
        },
        {
            "comment id": 145,
            "parent": -1,
            "children": [],
            "user id": "5145610206",
            "user name": "ayeuuu",
            "content": "确定不坐牢？强奸啊这是",
            "time": "21-9-28 13:56"
        },
        {
            "comment id": 146,
            "parent": -1,
            "children": [],
            "user id": "6264880994",
            "user name": "钥钥只想和你摘月亮",
            "content": "恶心吐了",
            "time": "21-9-28 13:56"
        },
        {
            "comment id": 147,
            "parent": -1,
            "children": [],
            "user id": "2179963152",
            "user name": "iKaylaa-",
            "content": "蛆虫满地爬？？",
            "time": "21-9-28 13:51"
        },
        {
            "comment id": 148,
            "parent": -1,
            "children": [],
            "user id": "6071824397",
            "user name": "乌鱼霞",
            "content": "？？？？？？？我踏马，魔幻了",
            "time": "21-9-28 13:51"
        },
        {
            "comment id": 149,
            "parent": -1,
            "children": [],
            "user id": "5457214774",
            "user name": "KeepAwakeL",
            "content": "？？？？",
            "time": "21-9-28 13:50"
        },
        {
            "comment id": 150,
            "parent": -1,
            "children": [],
            "user id": "7386436339",
            "user name": "奶桃小琴",
            "content": "我的天",
            "time": "21-9-28 13:49"
        },
        {
            "comment id": 151,
            "parent": -1,
            "children": [],
            "user id": "7462631920",
            "user name": "羚羊公主yy",
            "content": "捏妈 这群里还有女的",
            "time": "21-9-28 13:48"
        },
        {
            "comment id": 152,
            "parent": -1,
            "children": [],
            "user id": "5592861640",
            "user name": "常常常幸运",
            "content": "坐牢吧 这是强奸吧",
            "time": "21-9-28 13:43"
        },
        {
            "comment id": 153,
            "parent": -1,
            "children": [],
            "user id": "1822693413",
            "user name": "___chain_______",
            "content": "？？？？？这不是懂不懂法的事了吧？？",
            "time": "21-9-28 13:30"
        }
    ]
}