{
    "source": {
        "content": "江西科技积业学校  若兮-199108的微博视频 ",
        "time": "21-9-28 17:04",
        "user id": "7558825818",
        "tweet id": "KAgV8qmDz",
        "label": 1,
        "theme": null
    },
    "comment": [
        {
            "comment id": 0,
            "parent": -1,
            "children": [
                1
            ],
            "user id": "6073518400",
            "user name": "简单点_199709",
            "content": "不知道你对公安局的发布怎么说，已举报",
            "time": "21-9-29 10:05"
        },
        {
            "comment id": 1,
            "parent": 0,
            "children": [],
            "user id": "7558825818",
            "user name": "若兮-199108",
            "content": "学校为了不影响明年对各地的招生！呃，随便找了个人替罪",
            "time": "21-10-1 12:27"
        },
        {
            "comment id": 2,
            "parent": -1,
            "children": [
                3
            ],
            "user id": "5855000550",
            "user name": "不劳春风为我忧c",
            "content": "造谣没🐴",
            "time": "21-9-29 11:47"
        },
        {
            "comment id": 3,
            "parent": 2,
            "children": [],
            "user id": "7558825818",
            "user name": "若兮-199108",
            "content": "我要是造谣的话，我就不在这跟你瞎扯了",
            "time": "21-10-1 12:27"
        },
        {
            "comment id": 4,
            "parent": -1,
            "children": [
                5
            ],
            "user id": "6073518400",
            "user name": "简单点_199709",
            "content": "关注你了！等待明天警方公布！要么举报你要么等实锤",
            "time": "21-9-29 01:55"
        },
        {
            "comment id": 5,
            "parent": 4,
            "children": [],
            "user id": "7558825818",
            "user name": "若兮-199108",
            "content": "可以呀，那就期待吧",
            "time": "21-10-1 12:28"
        },
        {
            "comment id": 6,
            "parent": -1,
            "children": [
                7
            ],
            "user id": "6147093129",
            "user name": "今天晚饭取消",
            "content": "还搁这传谣呢",
            "time": "21-9-28 18:11"
        },
        {
            "comment id": 7,
            "parent": 6,
            "children": [],
            "user id": "7558825818",
            "user name": "若兮-199108",
            "content": "你才搁着造谣",
            "time": "21-10-29 16:05"
        },
        {
            "comment id": 8,
            "parent": -1,
            "children": [],
            "user id": "7558825818",
            "user name": "若兮-199108",
            "content": "所以要好好读书！不要去技校",
            "time": "21-10-1 12:28"
        },
        {
            "comment id": 9,
            "parent": -1,
            "children": [],
            "user id": "6314937337",
            "user name": "小指i91575",
            "content": "那聊天记录先是喊人，再后面信息说隔壁已经在叫，难道不是真的有实际行为了，一直在说是女生喝醉酒了走进了男寝，聊天记录是是拖？而且那么多男寝就进了1314？而且女孩子走进男寝宿管人呢？不要都在那说造谣，楼梯口都有监控，为什么不查查，如果没有会报警处理需要这么久？",
            "time": "21-9-28 21:08"
        },
        {
            "comment id": 10,
            "parent": -1,
            "children": [],
            "user id": "6749687999",
            "user name": "汉堡就是力量ZMT",
            "content": "是真的吗？怎么能这样",
            "time": "21-9-28 23:43"
        },
        {
            "comment id": 11,
            "parent": -1,
            "children": [],
            "user id": "5373145909",
            "user name": "月亮弃",
            "content": "真的假的啊",
            "time": "21-9-28 19:12"
        },
        {
            "comment id": 12,
            "parent": -1,
            "children": [],
            "user id": "5824142639",
            "user name": "螺蛳粉好好吃的说",
            "content": "@江西科技职业学院官方",
            "time": "21-9-28 19:42"
        }
    ]
}