{
    "source": {
        "content": "女司机驾车随意变道，被人阻止后开窗破骂，结果被对方揪下车暴打 #金牌解说##金牌混剪# 网页链接 ",
        "time": "21-10-9 13:52",
        "user id": "2533150493",
        "tweet id": "KBVmM8DAf",
        "label": 1,
        "theme": null
    },
    "comment": [
        {
            "comment id": 0,
            "parent": -1,
            "children": [
                1,
                5,
                6,
                7,
                8,
                14,
                15,
                16
            ],
            "user id": "1969691363",
            "user name": "在下蘑菇蘑菇兔",
            "content": "她开车不对，应该由警察罚她，而不应该是一个暴力男殴打她。这楼里的人都疯了吗！",
            "time": "21-10-11 13:12"
        },
        {
            "comment id": 1,
            "parent": 0,
            "children": [],
            "user id": "2364791960",
            "user name": "大王叫我来巡山呐啊__",
            "content": "生气不是可以随便施暴的理由",
            "time": "21-12-18 19:58"
        },
        {
            "comment id": 2,
            "parent": 3,
            "children": [],
            "user id": "1969691363",
            "user name": "在下蘑菇蘑菇兔",
            "content": "回复@飞扬的青春fly:反弹！祝你早日伏法",
            "time": "21-12-16 03:48"
        },
        {
            "comment id": 3,
            "parent": 4,
            "children": [
                2
            ],
            "user id": "5259322950",
            "user name": "飞扬的青春fly",
            "content": "回复@在下蘑菇蘑菇兔:圣母女表",
            "time": "21-12-16 00:08"
        },
        {
            "comment id": 4,
            "parent": 5,
            "children": [
                3
            ],
            "user id": "1969691363",
            "user name": "在下蘑菇蘑菇兔",
            "content": "回复@极度深寒0906:你跟我说了一样的话然后@ 我？",
            "time": "21-11-25 17:00"
        },
        {
            "comment id": 5,
            "parent": 0,
            "children": [
                4
            ],
            "user id": "1865356757",
            "user name": "极度深寒0906",
            "content": "动手的男子自有警察去处理，我们看个心理解气就好。你疯了吗？",
            "time": "21-11-24 14:03"
        },
        {
            "comment id": 6,
            "parent": 0,
            "children": [],
            "user id": "6386247896",
            "user name": "阿拉木图的老莫",
            "content": "这个事情就是告诫某些惹人不嫌事大的，自己做事无下限的时候，就总会有报应，恶人还需恶人磨",
            "time": "21-11-13 22:16"
        },
        {
            "comment id": 7,
            "parent": 0,
            "children": [],
            "user id": "1969691363",
            "user name": "在下蘑菇蘑菇兔",
            "content": "祝你早日暴力打人，早日伏法",
            "time": "21-11-4 12:03"
        },
        {
            "comment id": 8,
            "parent": 0,
            "children": [],
            "user id": "6681905660",
            "user name": "十全十美欢欢喜喜",
            "content": "你真是圣母，希望你以后开车，天天碰到这样的",
            "time": "21-11-4 10:56"
        },
        {
            "comment id": 9,
            "parent": 11,
            "children": [],
            "user id": "1813673582",
            "user name": "不用涂防晒霜也不会黑的白鸽",
            "content": "回复@在下蘑菇蘑菇兔:那如果这个男司机真的被她别到撞到人，这个责任谁负责，你发挥一下你伟大的思维警察会判谁的责任呢",
            "time": "21-10-15 18:26"
        },
        {
            "comment id": 10,
            "parent": 11,
            "children": [],
            "user id": "1813673582",
            "user name": "不用涂防晒霜也不会黑的白鸽",
            "content": "回复@在下蘑菇蘑菇兔:莫经人事不要在这装圣母，你那么振振有词你怎么不去帮这女的，张口闭口你的高级别文化，你不知道世上有多少这种被欺负的老实人",
            "time": "21-10-15 18:23"
        },
        {
            "comment id": 11,
            "parent": 12,
            "children": [
                9,
                10
            ],
            "user id": "1969691363",
            "user name": "在下蘑菇蘑菇兔",
            "content": "回复@不用涂防晒霜也不会黑的白鸽:打人犯不犯法？同样 杀人偿命不？遇到解决不了的事情，就用暴力解决，爽是爽了，和野蛮人有什么区别？ 楼里有人说打的好，你不思考马上被带节奏说“我也是”，你几十年受的教育教你这样盲从的？",
            "time": "21-10-15 18:12"
        },
        {
            "comment id": 12,
            "parent": 13,
            "children": [
                11
            ],
            "user id": "1813673582",
            "user name": "不用涂防晒霜也不会黑的白鸽",
            "content": "回复@在下蘑菇蘑菇兔:那你说这男的为什么要打她，就这么简单",
            "time": "21-10-15 07:23"
        },
        {
            "comment id": 13,
            "parent": 14,
            "children": [
                12
            ],
            "user id": "1969691363",
            "user name": "在下蘑菇蘑菇兔",
            "content": "回复@不用涂防晒霜也不会黑的白鸽:但是我们生活在一个法制社会不是？那下一次看见更可恨的是不是也可以杀人了？大家在说以暴制暴是对的？",
            "time": "21-10-15 06:33"
        },
        {
            "comment id": 14,
            "parent": 0,
            "children": [
                13
            ],
            "user id": "1813673582",
            "user name": "不用涂防晒霜也不会黑的白鸽",
            "content": "我是个女的我都想打她，差点别到撞人，而且男司机车上还有小孩，看着都火，是啊打人不对，但是打得好→_→",
            "time": "21-10-13 22:41"
        },
        {
            "comment id": 15,
            "parent": 0,
            "children": [],
            "user id": "1725147803",
            "user name": "做一只更好的大兔子",
            "content": "而且她故意别车差点让男司机装上路边的人，是你你气不气啊",
            "time": "21-10-12 18:32"
        },
        {
            "comment id": 16,
            "parent": 0,
            "children": [],
            "user id": "1725147803",
            "user name": "做一只更好的大兔子",
            "content": "这是15年的事情，被有心人拿出来说事，你觉得是谁疯了",
            "time": "21-10-12 18:31"
        },
        {
            "comment id": 17,
            "parent": -1,
            "children": [],
            "user id": "1588800603",
            "user name": "在北京看风景的猫",
            "content": "打的好",
            "time": "21-10-9 15:42"
        },
        {
            "comment id": 18,
            "parent": -1,
            "children": [],
            "user id": "2188343403",
            "user name": "就叫信仰y",
            "content": "打的太轻",
            "time": "21-10-9 19:03"
        },
        {
            "comment id": 19,
            "parent": -1,
            "children": [],
            "user id": "3187923553",
            "user name": "韬理天下",
            "content": "这样子的人驾车会发生车祸害人害己！",
            "time": "21-10-9 21:25"
        },
        {
            "comment id": 20,
            "parent": -1,
            "children": [],
            "user id": "5578515882",
            "user name": "木头_77909",
            "content": "嗯，下雨了，回家收衣服",
            "time": "21-10-9 15:51"
        },
        {
            "comment id": 21,
            "parent": -1,
            "children": [],
            "user id": "3292032777",
            "user name": "左小小13",
            "content": "语言暴力一样是暴力，她先动嘴的",
            "time": "21-10-10 22:08"
        },
        {
            "comment id": 22,
            "parent": -1,
            "children": [],
            "user id": "2156053441",
            "user name": "杰哥11033",
            "content": "虽然说活该不应该，但是真是打得好",
            "time": "21-10-10 16:42"
        },
        {
            "comment id": 23,
            "parent": -1,
            "children": [],
            "user id": "3187923553",
            "user name": "韬理天下",
            "content": "遇到了硬货！",
            "time": "21-10-9 21:21"
        },
        {
            "comment id": 24,
            "parent": -1,
            "children": [],
            "user id": "2114975334",
            "user name": "疯疯癫癫的阿修罗",
            "content": "活该挨揍，活该挨你所谓的攻击，第一次别车，可以认为你没看见或者并非故意，后面你骂骂咧咧，甩来甩去，不是故意谁信？曝光了还不认错。我的观点，男司机动手法律肯定不认可，但就是打得好。",
            "time": "21-10-29 22:15"
        },
        {
            "comment id": 25,
            "parent": -1,
            "children": [],
            "user id": "5277785154",
            "user name": "恍惚梦一场_y",
            "content": "揍她就对了",
            "time": "21-12-1 09:36"
        },
        {
            "comment id": 26,
            "parent": -1,
            "children": [],
            "user id": "2825731573",
            "user name": "小女琳琳有点射",
            "content": "支持打",
            "time": "21-10-15 14:24"
        },
        {
            "comment id": 27,
            "parent": -1,
            "children": [],
            "user id": "6509094556",
            "user name": "ai上优秀滴公籽",
            "content": "祸从口出",
            "time": "21-10-12 09:11"
        },
        {
            "comment id": 28,
            "parent": -1,
            "children": [],
            "user id": "2339550012",
            "user name": "不羁的李先生",
            "content": "活该",
            "time": "21-12-15 13:12"
        },
        {
            "comment id": 29,
            "parent": -1,
            "children": [],
            "user id": "2788667611",
            "user name": "vangoode",
            "content": "女司机违法变道还骂人     可以处罚他 男司机蓄意伤人  给人造成重伤  可以起诉",
            "time": "21-11-16 19:47"
        },
        {
            "comment id": 30,
            "parent": -1,
            "children": [],
            "user id": "5867794604",
            "user name": "WyxSir-",
            "content": "这种沙雕就得有人教育",
            "time": "21-10-18 14:23"
        },
        {
            "comment id": 31,
            "parent": -1,
            "children": [],
            "user id": "2505724191",
            "user name": "小镇上的太阳",
            "content": "都不是好东西。",
            "time": "21-10-17 20:38"
        },
        {
            "comment id": 32,
            "parent": -1,
            "children": [],
            "user id": "5608454950",
            "user name": "不吐槽的猫_",
            "content": "莫名舒适",
            "time": "21-10-11 12:58"
        }
    ]
}