{
    "source": {
        "content": "女司机驾车随意变道，被人阻止后开窗破骂，结果被对方揪下车暴打 军武季的微博视频 ",
        "time": "21-10-10 15:20",
        "user id": "2178514797",
        "tweet id": "KC5mVvMO1",
        "label": 1,
        "theme": null
    },
    "comment": [
        {
            "comment id": 0,
            "parent": -1,
            "children": [],
            "user id": "7475398647",
            "user name": "JZ20201981",
            "content": "跟男女对立没啥关系，这女的就是该挨揍，危及了家人安全谁都会急，只是可怜了这个司机，没掌握好分寸，把女的搞个轻伤出来最后留个案底对自己和下一代都有蛮大影响。",
            "time": "21-10-10 22:47"
        },
        {
            "comment id": 1,
            "parent": -1,
            "children": [
                2,
                4,
                5,
                6,
                10,
                11,
                13,
                14,
                15,
                16,
                17,
                18,
                19,
                20,
                21,
                22,
                23,
                25,
                26,
                28,
                29,
                30,
                31,
                33,
                35,
                36
            ],
            "user id": "1944167977",
            "user name": "樱桃牛奶girl",
            "content": "明明是男的暴力殴打女方，搞得全部厌女症网络攻击女生，看了太气愤了",
            "time": "21-10-10 15:33"
        },
        {
            "comment id": 2,
            "parent": 1,
            "children": [],
            "user id": "5339787103",
            "user name": "黔北小民",
            "content": "你真是调起性别对立的个草包批，",
            "time": "21-10-11 21:13"
        },
        {
            "comment id": 3,
            "parent": 4,
            "children": [],
            "user id": "2045633521",
            "user name": "狂野塞伦盖蒂",
            "content": "回复@红蓝交织:我就是男的，先借他十个胆儿碰我一个手指头试试……",
            "time": "21-10-11 12:57"
        },
        {
            "comment id": 4,
            "parent": 1,
            "children": [
                3
            ],
            "user id": "1227461362",
            "user name": "红蓝交织",
            "content": "你这话说的，这如果是男的别车，可能已经被打死了",
            "time": "21-10-11 10:44"
        },
        {
            "comment id": 5,
            "parent": 1,
            "children": [],
            "user id": "5975412325",
            "user name": "中二咆哮豆",
            "content": "欠揍就该打 与性别无关",
            "time": "21-10-11 09:12"
        },
        {
            "comment id": 6,
            "parent": 1,
            "children": [],
            "user id": "5575356864",
            "user name": "zywET",
            "content": "因果报应懂吗 ，女的故意别车被打 ，男的暴力打人坐牢 ，都不是好东西，都女的被打 被网暴，男的坐牢 被网暴 ，都受到了报应。 这就是因果报应 没有无缘无故的恨",
            "time": "21-10-10 20:29"
        },
        {
            "comment id": 7,
            "parent": 30,
            "children": [],
            "user id": "7583763237",
            "user name": "猴子_201711",
            "content": "回复@青檀树下:别车有蓄意谋杀的嫌疑，只是靠被别者妥善处理，才没发生车毁人亡。男的太火爆了，可是他面对的是劫后余生。这个女的太恶毒了，是在谋杀！",
            "time": "21-10-10 20:13"
        },
        {
            "comment id": 8,
            "parent": 23,
            "children": [],
            "user id": "7583763237",
            "user name": "猴子_201711",
            "content": "回复@创新联盟V:路怒症，其实我是个火爆脾气，但是开车从来不发火，没必要。",
            "time": "21-10-10 20:10"
        },
        {
            "comment id": 9,
            "parent": 36,
            "children": [],
            "user id": "7583763237",
            "user name": "猴子_201711",
            "content": "回复@樱桃牛奶girl:其实恶意别车也是刑事犯罪！",
            "time": "21-10-10 20:08"
        },
        {
            "comment id": 10,
            "parent": 1,
            "children": [],
            "user id": "5872156949",
            "user name": "爱吃榴莲的小老虎",
            "content": "你还是别出来丢人现眼了",
            "time": "21-10-10 19:49"
        },
        {
            "comment id": 11,
            "parent": 1,
            "children": [],
            "user id": "6364639107",
            "user name": "乐呵呵的小鹿",
            "content": "印象中第一件反转事件",
            "time": "21-10-10 19:09"
        },
        {
            "comment id": 12,
            "parent": 36,
            "children": [],
            "user id": "6753078213",
            "user name": "深蓝香槟124",
            "content": "回复@樱桃牛奶girl:这女的就是活该，视频刚开始的时候只说自己挨打，不说为什么揍它，就两个字，活！该！要是我车里有小孩它敢这么别我，我也揍它。",
            "time": "21-10-10 19:06"
        },
        {
            "comment id": 13,
            "parent": 1,
            "children": [],
            "user id": "6753078213",
            "user name": "深蓝香槟124",
            "content": "这女的还好意思说不是故意别别的，不是故意别车怎么就把人家别停，然后骂人？",
            "time": "21-10-10 19:02"
        },
        {
            "comment id": 14,
            "parent": 1,
            "children": [],
            "user id": "2650753285",
            "user name": "Dylan有写不完的论文",
            "content": "理智点说啊，问题不在男女上，问题在于：在拥挤的交通要道来回变道，很有可能造成连环事故，如果路上有公交或者大货车油罐车，发生严重挤压事故都有可能。男的那样打人确实太狠了，但是抛开性别，一个人马路上做出如此危害公共安全的行为，警告了还回怼，那这顿打是自己挣的。",
            "time": "21-10-10 18:59"
        },
        {
            "comment id": 15,
            "parent": 1,
            "children": [],
            "user id": "3964855999",
            "user name": "独脚龙9",
            "content": "女方水军？",
            "time": "21-10-10 18:30"
        },
        {
            "comment id": 16,
            "parent": 1,
            "children": [],
            "user id": "6544318513",
            "user name": "脆弱的大漠古烟",
            "content": "你就是个瞎子",
            "time": "21-10-10 18:20"
        },
        {
            "comment id": 17,
            "parent": 1,
            "children": [],
            "user id": "7119777048",
            "user name": "下次见面有糖",
            "content": "你恶意别我男朋友的车，我也要抽你",
            "time": "21-10-10 18:10"
        },
        {
            "comment id": 18,
            "parent": 1,
            "children": [],
            "user id": "2694103263",
            "user name": "沉静是海11",
            "content": "脑残",
            "time": "21-10-10 17:56"
        },
        {
            "comment id": 19,
            "parent": 1,
            "children": [],
            "user id": "2696610787",
            "user name": "旭阳爸",
            "content": "你给她一样的人！挨次暴揍就舒服了。",
            "time": "21-10-10 17:54"
        },
        {
            "comment id": 20,
            "parent": 1,
            "children": [],
            "user id": "5494443429",
            "user name": "撬壳吃榴莲",
            "content": "煽动性别对立的都没🐴",
            "time": "21-10-10 17:41"
        },
        {
            "comment id": 21,
            "parent": 1,
            "children": [],
            "user id": "1909932465",
            "user name": "土豪荣",
            "content": "哦，原来你就是网络中那种反智女拳……",
            "time": "21-10-10 17:37"
        },
        {
            "comment id": 22,
            "parent": 1,
            "children": [],
            "user id": "2045633521",
            "user name": "狂野塞伦盖蒂",
            "content": "这小编还是别当了，男司机是“被别”，女司机就是“被阻止”，这双标可以去CNN当总编了……[牛牛哒][牛牛哒][牛牛哒]",
            "time": "21-10-10 17:13"
        },
        {
            "comment id": 23,
            "parent": 1,
            "children": [
                8
            ],
            "user id": "1183125861",
            "user name": "创新联盟V",
            "content": "看如下评论，大都一批不懂得谦让的祸害，这个男驾确实不冷静。还说什么呢？",
            "time": "21-10-10 16:59"
        },
        {
            "comment id": 24,
            "parent": 28,
            "children": [],
            "user id": "5794715542",
            "user name": "Mr牧炎",
            "content": "回复@烟雨江南-123:这女的叫卢某琴好像",
            "time": "21-10-10 16:53"
        },
        {
            "comment id": 25,
            "parent": 1,
            "children": [],
            "user id": "1008292830",
            "user name": "智商感人的糊涂书生",
            "content": "你深有体会",
            "time": "21-10-10 16:45"
        },
        {
            "comment id": 26,
            "parent": 1,
            "children": [],
            "user id": "5699601860",
            "user name": "左右护犊子容易吗",
            "content": "哈哈我儿子在车上。敢这样多次别我的车，我连你家人都不会放过。",
            "time": "21-10-10 16:28"
        },
        {
            "comment id": 27,
            "parent": 36,
            "children": [],
            "user id": "6479029722",
            "user name": "炒面太干换代汤的行不",
            "content": "回复@樱桃牛奶girl:我车里有小孩，你敢别我，一样死里揍你",
            "time": "21-10-10 16:26"
        },
        {
            "comment id": 28,
            "parent": 1,
            "children": [
                24
            ],
            "user id": "6130751247",
            "user name": "烟雨江南-123",
            "content": "这视频大概13年前后的，又翻出来炒，兄弟水军吧",
            "time": "21-10-10 16:21"
        },
        {
            "comment id": 29,
            "parent": 1,
            "children": [],
            "user id": "1143642703",
            "user name": "精神科小伙",
            "content": "这事跟性别有关系吗？？你别在这煽风点火好吗？恶意别车活该被打，不管男的女的都一样",
            "time": "21-10-10 16:20"
        },
        {
            "comment id": 30,
            "parent": 1,
            "children": [
                7
            ],
            "user id": "1837344581",
            "user name": "青檀树下",
            "content": "你要是恶意别车，你也会挨揍。",
            "time": "21-10-10 16:19"
        },
        {
            "comment id": 31,
            "parent": 1,
            "children": [],
            "user id": "6499661421",
            "user name": "傻孩子们的六分仪",
            "content": "多大仇恨，搞不好出车祸会死人的，小孩还在车里！",
            "time": "21-10-10 16:18"
        },
        {
            "comment id": 32,
            "parent": 36,
            "children": [],
            "user id": "7359161265",
            "user name": "种花家兔子-",
            "content": "回复@樱桃牛奶girl:希望中国的“女拳”都赶紧死！",
            "time": "21-10-10 16:13"
        },
        {
            "comment id": 33,
            "parent": 1,
            "children": [],
            "user id": "1863421285",
            "user name": "亮眼看不透",
            "content": "几年前的事，把事情搞清楚再打拳吧，这女的违章驾驶，还故意挑衅别车",
            "time": "21-10-10 16:07"
        },
        {
            "comment id": 34,
            "parent": 36,
            "children": [],
            "user id": "6453062376",
            "user name": "梓萌巴巴",
            "content": "回复@樱桃牛奶girl:换做是你，如果因此造成交通事故，伤害到你的家人，你也会有打死那女的心！",
            "time": "21-10-10 16:06"
        },
        {
            "comment id": 35,
            "parent": 1,
            "children": [],
            "user id": "5337139482",
            "user name": "豹子吃包子65320",
            "content": "母狗你别车的时候怎么不说呢 男司机一家老小都在车上 被别的差点撞到路边行人",
            "time": "21-10-10 15:58"
        },
        {
            "comment id": 36,
            "parent": 1,
            "children": [
                9,
                12,
                27,
                32,
                34
            ],
            "user id": "1944167977",
            "user name": "樱桃牛奶girl",
            "content": "有的人站着说话不腰疼啊，男的往死里打女的，有多大的仇恨？这是刑事案件了",
            "time": "21-10-10 15:35"
        },
        {
            "comment id": 37,
            "parent": -1,
            "children": [
                38,
                39,
                40
            ],
            "user id": "6728766729",
            "user name": "痕迹Lifi",
            "content": "这女的被打活该…它想让别人的车 撞击无辜的路人…泥🐴…心狗黑的…活该被打…",
            "time": "21-10-10 15:39"
        },
        {
            "comment id": 38,
            "parent": 37,
            "children": [],
            "user id": "3969445431",
            "user name": "昨天偷吃了月亮",
            "content": "打人就对了？？看来你也就是这种玩意",
            "time": "21-10-10 19:04"
        },
        {
            "comment id": 39,
            "parent": 37,
            "children": [],
            "user id": "6130751247",
            "user name": "烟雨江南-123",
            "content": "这视频大概13年前后的，又翻出来炒，博主兄弟是水军吧",
            "time": "21-10-10 16:21"
        },
        {
            "comment id": 40,
            "parent": 37,
            "children": [],
            "user id": "6579816853",
            "user name": "狸猫小迷弟",
            "content": "主要是车上还有小孩子，影响到家人的安全。不过男司机也不太理智，把人打成那样",
            "time": "21-10-10 16:01"
        },
        {
            "comment id": 41,
            "parent": -1,
            "children": [
                42
            ],
            "user id": "1104101482",
            "user name": "碣石卫总兵",
            "content": "N年前的事情了",
            "time": "21-10-10 15:23"
        },
        {
            "comment id": 42,
            "parent": 41,
            "children": [],
            "user id": "6578906222",
            "user name": "碳基生物13",
            "content": "翻翻旧账好拿出来搞男女对立",
            "time": "21-10-10 15:33"
        },
        {
            "comment id": 43,
            "parent": -1,
            "children": [
                45
            ],
            "user id": "1497180501",
            "user name": "人生何必较真儿",
            "content": "随意变道尤其是不打转向灯的人，只能说“该！”",
            "time": "21-10-10 15:32"
        },
        {
            "comment id": 44,
            "parent": 45,
            "children": [],
            "user id": "1497180501",
            "user name": "人生何必较真儿",
            "content": "回复@Wool君:勇敢、大声地说出来！",
            "time": "21-10-11 22:59"
        },
        {
            "comment id": 45,
            "parent": 43,
            "children": [
                44
            ],
            "user id": "5849921002",
            "user name": "Wool君",
            "content": "不打转向灯真的…最好…",
            "time": "21-10-11 02:12"
        },
        {
            "comment id": 46,
            "parent": -1,
            "children": [
                49,
                50
            ],
            "user id": "6569593343",
            "user name": "买个新WIFI",
            "content": "确定是悔过了吗？还“小小的变道行为”",
            "time": "21-10-10 15:49"
        },
        {
            "comment id": 47,
            "parent": 48,
            "children": [],
            "user id": "1740109910",
            "user name": "喇叭叭aa",
            "content": "回复@买个新WIFI:女司机一味扮无辜扮弱者！你看她明明刻意别车还口出不逊就知道她平时怎么个开车！纯粹是自己挑事在先，活该被打的，只是遇到了狠人而已，而且被打以后没有发现有一点意识到自己过份的",
            "time": "21-10-10 22:26"
        },
        {
            "comment id": 48,
            "parent": 49,
            "children": [
                47
            ],
            "user id": "6569593343",
            "user name": "买个新WIFI",
            "content": "回复@喇叭叭aa:只是没评价男司机的行为，不代表我就认为男司机做的对，男的路怒症，并且下手太狠。 女司机有错在先，别车真的很烦人的，连续别车就更过分了",
            "time": "21-10-10 18:44"
        },
        {
            "comment id": 49,
            "parent": 46,
            "children": [
                48
            ],
            "user id": "1740109910",
            "user name": "喇叭叭aa",
            "content": "说话就往自己好的方向说",
            "time": "21-10-10 17:01"
        },
        {
            "comment id": 50,
            "parent": 46,
            "children": [],
            "user id": "6499661421",
            "user name": "傻孩子们的六分仪",
            "content": "那个男的一定被气死了！",
            "time": "21-10-10 16:19"
        },
        {
            "comment id": 51,
            "parent": -1,
            "children": [],
            "user id": "2858730882",
            "user name": "普通小爵色",
            "content": "这女的太狠，别视频车往路边无辜的人撞，自己装尼玛个小清纯！",
            "time": "21-10-10 15:33"
        },
        {
            "comment id": 52,
            "parent": -1,
            "children": [],
            "user id": "6056543746",
            "user name": "青梅煮酒9213",
            "content": "几年前的旧事又翻出来，卢女侠不但经常别车，而且开房频率非常不一般，出事后好多人拿钱到医院喊那婆娘下来卖。几年后成都女兵张XX，在凉山有闹事。所以遇见成都女司机小心点。两件事详情可自行百度。",
            "time": "21-10-10 15:45"
        },
        {
            "comment id": 53,
            "parent": -1,
            "children": [
                54,
                55,
                56,
                57,
                59,
                61,
                62
            ],
            "user id": "6175880970",
            "user name": "多闻多见的家属",
            "content": "就问一句，如果女司机换成泰森你打吗？归根结底是欺软怕硬，和气愤无关！",
            "time": "21-10-10 16:50"
        },
        {
            "comment id": 54,
            "parent": 53,
            "children": [],
            "user id": "5975412325",
            "user name": "中二咆哮豆",
            "content": "可以咬泰森耳朵",
            "time": "21-10-11 09:13"
        },
        {
            "comment id": 55,
            "parent": 53,
            "children": [],
            "user id": "3787263511",
            "user name": "高山仰止115",
            "content": "说到点子上了，这男的有暴力倾向",
            "time": "21-10-11 03:17"
        },
        {
            "comment id": 56,
            "parent": 53,
            "children": [],
            "user id": "5849921002",
            "user name": "Wool君",
            "content": "就问一句，如果女司机别的你的车，你一家老小都在车上你打不打？归根到底你还是喜欢敲键盘，和视频无关！",
            "time": "21-10-11 02:15"
        },
        {
            "comment id": 57,
            "parent": 53,
            "children": [],
            "user id": "5348057712",
            "user name": "洋奴4KPlus",
            "content": "网络正义使者，善良巨人他来了",
            "time": "21-10-10 23:17"
        },
        {
            "comment id": 58,
            "parent": 61,
            "children": [],
            "user id": "2045633521",
            "user name": "狂野塞伦盖蒂",
            "content": "回复@猴子_201711:就这么个赖瓜样儿还想杀泰森，轻挥一下拳头就颈折颅骨碎脑袋被炮弹崩了似的……",
            "time": "21-10-10 22:22"
        },
        {
            "comment id": 59,
            "parent": 53,
            "children": [],
            "user id": "2264753047",
            "user name": "请把你面具放下",
            "content": "你嘴张开～吃点💩",
            "time": "21-10-10 21:58"
        },
        {
            "comment id": 60,
            "parent": 62,
            "children": [],
            "user id": "6175880970",
            "user name": "多闻多见的家属",
            "content": "回复@叽哩哇啦激励:报警啊",
            "time": "21-10-10 21:13"
        },
        {
            "comment id": 61,
            "parent": 53,
            "children": [
                58
            ],
            "user id": "7583763237",
            "user name": "猴子_201711",
            "content": "不打，杀了他。",
            "time": "21-10-10 20:19"
        },
        {
            "comment id": 62,
            "parent": 53,
            "children": [
                60
            ],
            "user id": "7041307112",
            "user name": "叽哩哇啦激励",
            "content": "就问一句，你家老小受到伤害你干不干?还和气愤无关?",
            "time": "21-10-10 18:03"
        },
        {
            "comment id": 63,
            "parent": -1,
            "children": [
                67,
                69,
                70
            ],
            "user id": "3270844500",
            "user name": "ewring",
            "content": "后来那个男的怎么样了，啥结果",
            "time": "21-10-10 15:31"
        },
        {
            "comment id": 64,
            "parent": 69,
            "children": [],
            "user id": "6235207845",
            "user name": "班卒",
            "content": "回复@三思而后行0317:视频说不追究了么",
            "time": "21-10-10 20:47"
        },
        {
            "comment id": 65,
            "parent": 69,
            "children": [],
            "user id": "7583763237",
            "user name": "猴子_201711",
            "content": "回复@三思而后行0317:那法官与女的有没有亲密关系？别车也是违法犯罪。",
            "time": "21-10-10 20:19"
        },
        {
            "comment id": 66,
            "parent": 67,
            "children": [],
            "user id": "3270844500",
            "user name": "ewring",
            "content": "回复@青檀树下:还是低调一点好，太招摇了，底裤都被扯了",
            "time": "21-10-10 20:18"
        },
        {
            "comment id": 67,
            "parent": 63,
            "children": [
                66
            ],
            "user id": "1837344581",
            "user name": "青檀树下",
            "content": "女的被人肉了，开房记录，电话号码，甚至生理期都被扒出来了。",
            "time": "21-10-10 19:05"
        },
        {
            "comment id": 68,
            "parent": 70,
            "children": [],
            "user id": "7212310287",
            "user name": "诸葛丿羽扇53641",
            "content": "回复@青梅煮酒9213:判刑了还算没怎样？",
            "time": "21-10-10 16:47"
        },
        {
            "comment id": 69,
            "parent": 63,
            "children": [
                64,
                65
            ],
            "user id": "7388081851",
            "user name": "三思而后行0317",
            "content": "男的被判刑了",
            "time": "21-10-10 16:32"
        },
        {
            "comment id": 70,
            "parent": 63,
            "children": [
                68
            ],
            "user id": "6056543746",
            "user name": "青梅煮酒9213",
            "content": "男的没怎样，是女的怎样了，百度一下成都卢女侠。",
            "time": "21-10-10 15:47"
        },
        {
            "comment id": 71,
            "parent": -1,
            "children": [],
            "user id": "7200515408",
            "user name": "嘻嘻不是哈",
            "content": "别车还嘴脏的人真是讨厌！！！",
            "time": "21-10-10 18:34"
        },
        {
            "comment id": 72,
            "parent": -1,
            "children": [],
            "user id": "1018739132",
            "user name": "武侯小熊猫",
            "content": "咎由自取，恶人自有恶人收。",
            "time": "21-10-10 16:12"
        },
        {
            "comment id": 73,
            "parent": -1,
            "children": [],
            "user id": "5016161641",
            "user name": "万斛山前伍某某",
            "content": "素质太差都是这样。不嫌丢人",
            "time": "21-10-10 19:43"
        },
        {
            "comment id": 74,
            "parent": -1,
            "children": [],
            "user id": "2235172501",
            "user name": "感恩我是奇迹女王",
            "content": "多年前的新闻拿出来说事 真是没事找事",
            "time": "21-10-10 18:53"
        },
        {
            "comment id": 75,
            "parent": -1,
            "children": [
                76
            ],
            "user id": "6130751247",
            "user name": "烟雨江南-123",
            "content": "这视频大概13年前后的，又翻出来炒，兄弟水军吧",
            "time": "21-10-10 16:20"
        },
        {
            "comment id": 76,
            "parent": 75,
            "children": [],
            "user id": "6235207845",
            "user name": "班卒",
            "content": "收钱办事",
            "time": "21-10-10 20:50"
        },
        {
            "comment id": 77,
            "parent": -1,
            "children": [],
            "user id": "2442772853",
            "user name": "輝長順",
            "content": "没啥新闻了？翻旧帐？",
            "time": "21-10-10 16:16"
        },
        {
            "comment id": 78,
            "parent": -1,
            "children": [],
            "user id": "2424248955",
            "user name": "原谅帽派送专员9527",
            "content": "哦吼厉害了，虽然说，打人是不对的，但是，知道原因后就非常解恨了。",
            "time": "21-10-10 15:56"
        },
        {
            "comment id": 79,
            "parent": -1,
            "children": [],
            "user id": "1630520741",
            "user name": "鹤伴黛溪瞰炊烟",
            "content": "如果没有视频，什么后果？",
            "time": "21-10-10 15:27"
        },
        {
            "comment id": 80,
            "parent": -1,
            "children": [],
            "user id": "1028765987",
            "user name": "快乐的养基",
            "content": "多少年的事了，还炒",
            "time": "21-10-10 15:26"
        },
        {
            "comment id": 81,
            "parent": -1,
            "children": [],
            "user id": "1418721617",
            "user name": "东君jj",
            "content": "无论什么人，有错就承认，引以为戒吧。",
            "time": "21-10-10 17:14"
        },
        {
            "comment id": 82,
            "parent": -1,
            "children": [],
            "user id": "1863887225",
            "user name": "冯-加-连",
            "content": "反正是女司机，让对方打完后上车一踩油门同归于尽不好吗",
            "time": "21-10-10 16:57"
        },
        {
            "comment id": 83,
            "parent": -1,
            "children": [],
            "user id": "1805344275",
            "user name": "殓房镇暴兵团",
            "content": "成都0一看到和自己抢男人的女人就来气！",
            "time": "21-10-10 16:43"
        },
        {
            "comment id": 84,
            "parent": -1,
            "children": [],
            "user id": "2081995761",
            "user name": "在80米高空",
            "content": "没有无缘无故的爱，也没有无缘无故的恨，都应该反思！！！",
            "time": "21-10-10 15:29"
        },
        {
            "comment id": 85,
            "parent": -1,
            "children": [],
            "user id": "2079557433",
            "user name": "雪-八角树",
            "content": "嗯，一对没道德的夫妻，能养出什么高尚的子女？请求法官站在更高的角度申辩男司机无罪！陪医药费就可以了。",
            "time": "21-10-11 00:23"
        },
        {
            "comment id": 86,
            "parent": -1,
            "children": [],
            "user id": "1596987345",
            "user name": "西安老方A",
            "content": "方老视点超话  随意变道引起的一顿暴打，你怎么看。",
            "time": "21-10-10 21:40"
        },
        {
            "comment id": 87,
            "parent": -1,
            "children": [],
            "user id": "5698027942",
            "user name": "梦想追逐者play",
            "content": "女性社会地位提高了，就是乱，内乱的乱",
            "time": "21-10-10 20:09"
        },
        {
            "comment id": 88,
            "parent": -1,
            "children": [],
            "user id": "7474657473",
            "user name": "三千常用字",
            "content": "好几年前的事了，炒冷饭？",
            "time": "21-10-10 18:08"
        },
        {
            "comment id": 89,
            "parent": -1,
            "children": [],
            "user id": "1431894501",
            "user name": "滋润牛",
            "content": "舒服",
            "time": "21-10-10 16:35"
        },
        {
            "comment id": 90,
            "parent": -1,
            "children": [],
            "user id": "3828469470",
            "user name": "原來是正經嬸兒",
            "content": "这女的被打的活该。让他好好长长记性",
            "time": "21-10-10 16:05"
        },
        {
            "comment id": 91,
            "parent": -1,
            "children": [],
            "user id": "1998383683",
            "user name": "您的输入不存在",
            "content": "活该活该！",
            "time": "21-10-10 15:44"
        },
        {
            "comment id": 92,
            "parent": -1,
            "children": [],
            "user id": "2561183557",
            "user name": "这都能被删评拉黑",
            "content": "你一个军事博主，放四五年前的新闻，合适吗",
            "time": "21-10-10 19:04"
        },
        {
            "comment id": 93,
            "parent": -1,
            "children": [],
            "user id": "3374656554",
            "user name": "打铁还需自身硬Plus",
            "content": "很久以前的事情了，建议博主删了吧，或者注明时间",
            "time": "21-10-10 17:56"
        },
        {
            "comment id": 94,
            "parent": -1,
            "children": [],
            "user id": "5539286949",
            "user name": "十月初五的月光1109",
            "content": "别车骂人垃圾，打人打成这样是显得他打没能力还手的很威风吗？明明双方都有问题的事情，又来挑拨两性矛盾？",
            "time": "21-10-10 17:31"
        },
        {
            "comment id": 95,
            "parent": -1,
            "children": [],
            "user id": "6458237907",
            "user name": "漂泊的云_2020",
            "content": "这是很几年前发生在成都娇子立交下的一幕，咋个又有人发出来炒冷饭！",
            "time": "21-10-10 17:20"
        },
        {
            "comment id": 96,
            "parent": -1,
            "children": [],
            "user id": "1405003244",
            "user name": "搞笑王5001",
            "content": "两人都有路怒症，其实都不适合开车。",
            "time": "21-10-10 15:45"
        },
        {
            "comment id": 97,
            "parent": -1,
            "children": [],
            "user id": "6569569406",
            "user name": "放弃幻想准备硬磕",
            "content": "十年前的视频",
            "time": "21-10-10 15:29"
        },
        {
            "comment id": 98,
            "parent": -1,
            "children": [],
            "user id": "1872180473",
            "user name": "Kwan-Jie",
            "content": "很久了还翻出来",
            "time": "21-10-10 15:23"
        },
        {
            "comment id": 99,
            "parent": -1,
            "children": [],
            "user id": "3967188396",
            "user name": "岁月anwen",
            "content": "有血性，打的好。在外面没有惯你的",
            "time": "21-10-12 09:53"
        },
        {
            "comment id": 100,
            "parent": -1,
            "children": [],
            "user id": "3921629825",
            "user name": "X琴瑟琵琶X",
            "content": "八百年前的新闻了",
            "time": "21-10-11 14:24"
        },
        {
            "comment id": 101,
            "parent": -1,
            "children": [],
            "user id": "1790682431",
            "user name": "风筝飞啊飞",
            "content": "上面都说是不实信息，已处理了。",
            "time": "21-10-11 11:42"
        },
        {
            "comment id": 102,
            "parent": -1,
            "children": [],
            "user id": "1227461362",
            "user name": "红蓝交织",
            "content": "一个是危害公共安全，一个暴力行凶，自已看下轻重",
            "time": "21-10-11 10:44"
        },
        {
            "comment id": 103,
            "parent": -1,
            "children": [],
            "user id": "6861312957",
            "user name": "大J不会飞",
            "content": "该打！",
            "time": "21-10-11 10:30"
        },
        {
            "comment id": 104,
            "parent": -1,
            "children": [],
            "user id": "1564461995",
            "user name": "Sisi_cai",
            "content": "如果出了车祸，就不是被打这么简单了！",
            "time": "21-10-11 09:00"
        },
        {
            "comment id": 105,
            "parent": -1,
            "children": [],
            "user id": "3787263511",
            "user name": "高山仰止115",
            "content": "有暴力倾向的人，在家喜欢随便找个理由打家里人，不打人他心里特别烦，也算是属于一种心理疾病吧",
            "time": "21-10-11 03:15"
        },
        {
            "comment id": 106,
            "parent": -1,
            "children": [],
            "user id": "2158939904",
            "user name": "大城城啊",
            "content": "好解恨",
            "time": "21-10-11 01:48"
        },
        {
            "comment id": 107,
            "parent": -1,
            "children": [],
            "user id": "1932427904",
            "user name": "我勒个去大少",
            "content": "几十年的新闻了，公安部门清清楚楚调查，结论女的问题",
            "time": "21-10-11 01:41"
        },
        {
            "comment id": 108,
            "parent": -1,
            "children": [],
            "user id": "6536476678",
            "user name": "HCY的HXR",
            "content": "追究彼此的责任各负其责",
            "time": "21-10-11 01:00"
        },
        {
            "comment id": 109,
            "parent": -1,
            "children": [],
            "user id": "2252190562",
            "user name": "秋风萧萧剑水寒",
            "content": "活该，不管是男司机女司机以为开了个车不让道不让行人很多，还骂人还故意用车威胁，这样的恶人被比你更恶的收拾只能是活该，一点也不同情。",
            "time": "21-10-10 23:47"
        },
        {
            "comment id": 110,
            "parent": -1,
            "children": [],
            "user id": "5520442899",
            "user name": "放开那条板凳07897",
            "content": "这么有本事，这女的怎么不去别大货车，或者更牛逼点，去铁路别火车去。",
            "time": "21-10-10 23:27"
        },
        {
            "comment id": 111,
            "parent": -1,
            "children": [],
            "user id": "5532101725",
            "user name": "这世界看不懂的太多",
            "content": "虽然是几年前的事情了，但是现在拿出来仍然有警示和教育意义！！不要拿时间久远来搪塞自己那不规的行为！",
            "time": "21-10-10 23:24"
        },
        {
            "comment id": 112,
            "parent": -1,
            "children": [],
            "user id": "5532101725",
            "user name": "这世界看不懂的太多",
            "content": "怎么没打死她呢！真可惜！",
            "time": "21-10-10 23:17"
        },
        {
            "comment id": 113,
            "parent": -1,
            "children": [],
            "user id": "5532101725",
            "user name": "这世界看不懂的太多",
            "content": "活该！！这种女人害人害己！！交通事故全是这些垃圾造成的！拿别人的生命不当一回事！还嘴犟的很！",
            "time": "21-10-10 23:11"
        },
        {
            "comment id": 114,
            "parent": -1,
            "children": [],
            "user id": "1874453067",
            "user name": "梁赞playboy",
            "content": "打人就不对了，娶回家啊，多般配的一对。",
            "time": "21-10-10 22:56"
        },
        {
            "comment id": 115,
            "parent": -1,
            "children": [],
            "user id": "5334114183",
            "user name": "暴富上岸的咸鱼魔法师",
            "content": "这事儿和性别无关，两个“人”的行为都有错，有些评论别动不动就搞男女对立",
            "time": "21-10-10 22:53"
        },
        {
            "comment id": 116,
            "parent": -1,
            "children": [],
            "user id": "6297791342",
            "user name": "洋村守护者",
            "content": "这女的该打",
            "time": "21-10-10 22:35"
        },
        {
            "comment id": 117,
            "parent": -1,
            "children": [],
            "user id": "5662169379",
            "user name": "炒股-快乐-挖掘-价值",
            "content": "这种女人该被教育",
            "time": "21-10-10 21:58"
        },
        {
            "comment id": 118,
            "parent": -1,
            "children": [],
            "user id": "1145738473",
            "user name": "_逐牧苍野_",
            "content": "前面还觉得女士有理，但看到后面，这女的真是活该，就该让社会去教育！",
            "time": "21-10-10 21:56"
        },
        {
            "comment id": 119,
            "parent": -1,
            "children": [],
            "user id": "7506894476",
            "user name": "苍狼95270",
            "content": "看来这个男司机是刚提拔的小科级干部",
            "time": "21-10-10 21:54"
        },
        {
            "comment id": 120,
            "parent": -1,
            "children": [],
            "user id": "7221551026",
            "user name": "階芯角落",
            "content": "这就是还好没发生车祸啊。她这样开车但凡后面的车反应慢点后果可能都比这严重啊。她有小孩在车里还这样开车，可见平时是怎么样的人。",
            "time": "21-10-10 21:20"
        },
        {
            "comment id": 121,
            "parent": -1,
            "children": [],
            "user id": "6370501280",
            "user name": "张议7891",
            "content": "扑的只一拳，正打在鼻子上，打得鲜血迸流，鼻子歪在半边，却便似开了个油酱铺，咸的、酸的、辣的一发都滚出来。 提起拳头来就眼眶际眉梢只一拳，打得眼棱缝裂，乌珠迸出，也似开了个彩帛铺，红的、黑的、紫的都绽将出来。 又只一拳，太阳上正着，却似做了一个全堂水陆的道场，磬儿、钹儿、铙儿一齐响。",
            "time": "21-10-10 21:14"
        },
        {
            "comment id": 122,
            "parent": -1,
            "children": [],
            "user id": "3292853805",
            "user name": "阿呱走你哈哈哈哈哈",
            "content": "恶人自有恶人磨，活该",
            "time": "21-10-10 20:55"
        },
        {
            "comment id": 123,
            "parent": -1,
            "children": [],
            "user id": "2514590344",
            "user name": "小骗子爱小蚊子",
            "content": "这样打人是要进去的！",
            "time": "21-10-10 20:49"
        },
        {
            "comment id": 124,
            "parent": -1,
            "children": [],
            "user id": "7515475871",
            "user name": "随便一个名字巴",
            "content": "女拳又高潮了？",
            "time": "21-10-10 20:32"
        },
        {
            "comment id": 125,
            "parent": -1,
            "children": [],
            "user id": "2828730551",
            "user name": "cbapu",
            "content": "打人不对",
            "time": "21-10-10 20:16"
        },
        {
            "comment id": 126,
            "parent": -1,
            "children": [],
            "user id": "6554511304",
            "user name": "全好网民",
            "content": "打死一个少一个",
            "time": "21-10-10 20:07"
        },
        {
            "comment id": 127,
            "parent": -1,
            "children": [],
            "user id": "2906550607",
            "user name": "兔爷他哥",
            "content": "没想到这个女的是先别人家。欠收拾",
            "time": "21-10-10 20:02"
        },
        {
            "comment id": 128,
            "parent": -1,
            "children": [],
            "user id": "2109098310",
            "user name": "耐心宽容06",
            "content": "路怒",
            "time": "21-10-10 19:47"
        },
        {
            "comment id": 129,
            "parent": -1,
            "children": [],
            "user id": "6057955577",
            "user name": "大女人顺其自然-732016",
            "content": "为啥打她？",
            "time": "21-10-10 17:22"
        },
        {
            "comment id": 130,
            "parent": -1,
            "children": [],
            "user id": "2664972053",
            "user name": "华西华东",
            "content": "随意变道被提醒，正常不是应该表示歉意吗？",
            "time": "21-10-10 17:19"
        },
        {
            "comment id": 131,
            "parent": -1,
            "children": [],
            "user id": "2618225090",
            "user name": "过期烟鬼",
            "content": "这又是多少年前的坟",
            "time": "21-10-10 17:18"
        },
        {
            "comment id": 132,
            "parent": -1,
            "children": [],
            "user id": "1081358112",
            "user name": "风清夜寂",
            "content": "随意变道挨打活该！你怎么不想随意变道给后车造成的安全隐患呢？万一后车发生交通事故呢？你一溜烟跑了，人家也是一家老小都在车上",
            "time": "21-10-10 17:16"
        },
        {
            "comment id": 133,
            "parent": -1,
            "children": [],
            "user id": "1266525245",
            "user name": "菩提树下浮生若梦",
            "content": "就是随便的一个变道没想到这么严重的结果？差点就让后车撞到行人了，正常人都不会殴打她？正常人都会打她的！",
            "time": "21-10-10 17:16"
        },
        {
            "comment id": 134,
            "parent": -1,
            "children": [],
            "user id": "7406920600",
            "user name": "老定很淡定",
            "content": "老黄历了，又拿出来炒？收了女拳的钱吗？",
            "time": "21-10-10 17:14"
        },
        {
            "comment id": 135,
            "parent": -1,
            "children": [],
            "user id": "6923905607",
            "user name": "栀子峻",
            "content": "爹妈不教育的社会都会帮忙教育",
            "time": "21-10-10 17:13"
        },
        {
            "comment id": 136,
            "parent": -1,
            "children": [],
            "user id": "6575510432",
            "user name": "米老虎55",
            "content": "👏👏👏",
            "time": "21-10-10 17:12"
        },
        {
            "comment id": 137,
            "parent": -1,
            "children": [],
            "user id": "5112378516",
            "user name": "也是情哥JS",
            "content": "对每个遵纪守法的驾驶员来说，打人者是为他们而打",
            "time": "21-10-10 17:11"
        },
        {
            "comment id": 138,
            "parent": -1,
            "children": [],
            "user id": "1559556484",
            "user name": "坏兔TU",
            "content": "这女的确实欠扁",
            "time": "21-10-10 17:11"
        },
        {
            "comment id": 139,
            "parent": -1,
            "children": [],
            "user id": "7381785753",
            "user name": "南之冥",
            "content": "被盗号了吗",
            "time": "21-10-10 17:11"
        },
        {
            "comment id": 140,
            "parent": -1,
            "children": [],
            "user id": "1626694381",
            "user name": "秋水安蓝123",
            "content": "男的打人不对，但这女的说无意的变道？看起来不像呀，还变了几次了",
            "time": "21-10-10 17:09"
        },
        {
            "comment id": 141,
            "parent": -1,
            "children": [],
            "user id": "1736625932",
            "user name": "颜真卿的脑残粉zyz",
            "content": "好多年的视频了",
            "time": "21-10-10 17:06"
        }
    ]
}