{
    "source": {
        "content": "教育部新政策。\n我早觉得小学六年太浪费时间。 ",
        "time": "21-10-13 20:36",
        "user id": "1794276635",
        "tweet id": "KCzItnPbb",
        "label": 1,
        "theme": null
    },
    "comment": [
        {
            "comment id": 0,
            "parent": -1,
            "children": [
                4,
                5,
                6,
                7,
                8,
                9,
                10,
                11
            ],
            "user id": "2012987645",
            "user name": "赏金猎人-01",
            "content": "关键还是要家长转变观念，技术工人、社会地位的观念要改变",
            "time": "21-10-17 19:01"
        },
        {
            "comment id": 1,
            "parent": 3,
            "children": [],
            "user id": "2133592275",
            "user name": "ICT观察员",
            "content": "回复@赏金猎人-01:月薪买得起房，养的活家啊",
            "time": "21-10-25 18:36"
        },
        {
            "comment id": 2,
            "parent": 3,
            "children": [],
            "user id": "6971008330",
            "user name": "梵大爷2016",
            "content": "回复@赏金猎人-01:薪酬变了，社会地位就变了。",
            "time": "21-10-21 22:22"
        },
        {
            "comment id": 3,
            "parent": 7,
            "children": [
                1,
                2
            ],
            "user id": "2012987645",
            "user name": "赏金猎人-01",
            "content": "回复@ICT观察员:何谓是有产业价值的职位？现在的毕业生很多眼高手低，但心比天高",
            "time": "21-10-19 21:39"
        },
        {
            "comment id": 4,
            "parent": 0,
            "children": [],
            "user id": "2012987645",
            "user name": "赏金猎人-01",
            "content": "回复@李梵1996:感觉薪酬只是一部分，关键还是社会地位，你会很骄傲地说：我们家孩子在某某单位工作，而不会自豪地说我们家孩子在某某厂子工作",
            "time": "21-10-19 21:38"
        },
        {
            "comment id": 5,
            "parent": 0,
            "children": [],
            "user id": "2713435394",
            "user name": "蓝翔挖掘机学院首席",
            "content": "要能把技术工人待遇提上去  大家挤破头也会去的",
            "time": "21-10-17 20:29"
        },
        {
            "comment id": 6,
            "parent": 0,
            "children": [],
            "user id": "5182082670",
            "user name": "不醉不会1986",
            "content": "蓝领和技术工人还是不一样的，没有学历，考不了证，顶多也就是个农民工。",
            "time": "21-10-17 19:54"
        },
        {
            "comment id": 7,
            "parent": 0,
            "children": [
                3
            ],
            "user id": "2133592275",
            "user name": "ICT观察员",
            "content": "不是家长转变观念，是产业要有有价值的职位给毕业生",
            "time": "21-10-17 19:51"
        },
        {
            "comment id": 8,
            "parent": 0,
            "children": [],
            "user id": "2191801574",
            "user name": "snowluna",
            "content": "简单，明年开始央企事业单位的一线全部从职高招人，蓝领就立马吃香了",
            "time": "21-10-17 19:32"
        },
        {
            "comment id": 9,
            "parent": 0,
            "children": [],
            "user id": "2590332544",
            "user name": "Mr黑冰",
            "content": "技术工人薪资待遇上来，家长观念自然改变",
            "time": "21-10-17 19:17"
        },
        {
            "comment id": 10,
            "parent": 0,
            "children": [],
            "user id": "6971008330",
            "user name": "梵大爷2016",
            "content": "不是家长观念改变，而是薪酬体系的改变才是根本。",
            "time": "21-10-17 19:06"
        },
        {
            "comment id": 11,
            "parent": 0,
            "children": [],
            "user id": "1794276635",
            "user name": "全好学的谷粒",
            "content": "是",
            "time": "21-10-17 19:02"
        },
        {
            "comment id": 12,
            "parent": -1,
            "children": [
                13,
                14,
                16,
                17
            ],
            "user id": "2082925597",
            "user name": "王草莓森喜庆",
            "content": "试点了一些城市 不是全国",
            "time": "21-10-17 17:40"
        },
        {
            "comment id": 13,
            "parent": 12,
            "children": [],
            "user id": "1794276635",
            "user name": "全好学的谷粒",
            "content": "回复@下雪天的妍大壮:",
            "time": "21-10-17 21:04"
        },
        {
            "comment id": 14,
            "parent": 12,
            "children": [],
            "user id": "2082925597",
            "user name": "王草莓森喜庆",
            "content": "回复@梵繁烦:试点试点 不是全国 查看图片",
            "time": "21-10-17 20:51"
        },
        {
            "comment id": 15,
            "parent": 16,
            "children": [],
            "user id": "2873862562",
            "user name": "大航海的Captain163",
            "content": "回复@谢姑娘在江湖:并没有  广州现在全市都垃圾分类2年了  分错了会被监督的阿姨吼",
            "time": "21-10-17 19:34"
        },
        {
            "comment id": 16,
            "parent": 12,
            "children": [
                15
            ],
            "user id": "5142008682",
            "user name": "谢姑娘在江湖",
            "content": "回复@梵繁烦:看能否吧 垃圾分类也先试点了 如今消无声息的",
            "time": "21-10-17 19:13"
        },
        {
            "comment id": 17,
            "parent": 12,
            "children": [],
            "user id": "5072921468",
            "user name": "陆小羽上分之旅",
            "content": "必须全国，要不就脱节了",
            "time": "21-10-17 18:58"
        },
        {
            "comment id": 18,
            "parent": -1,
            "children": [],
            "user id": "5653068176",
            "user name": "重庆范德彪",
            "content": "造谣500要判刑的",
            "time": "21-10-17 16:27"
        },
        {
            "comment id": 19,
            "parent": -1,
            "children": [
                20,
                21,
                22
            ],
            "user id": "2860705110",
            "user name": "未来大叔-慢递服务",
            "content": "这绝对是脑残的人想出来的，不可能是做教育的想的",
            "time": "21-10-17 17:27"
        },
        {
            "comment id": 20,
            "parent": 19,
            "children": [],
            "user id": "2860705110",
            "user name": "未来大叔-慢递服务",
            "content": "欧洲的教育好不好？看看他们这一代的年轻人的情况心里就明白，我不是成功的教育，是精英设计的巩固自己利益的分层教育。就像美国教育说世界第一，结果确实百分之一的人是世界第一，但99%的人永远的底层，得认了我就当底层，但是我明事理也行，结果呢反智的一抓一大把，难到这跟教育没有一点问题吗？",
            "time": "21-10-17 23:00"
        },
        {
            "comment id": 21,
            "parent": 19,
            "children": [],
            "user id": "5599196497",
            "user name": "哎呀呀招财喵喵喵",
            "content": "欧洲好些国家都是这种教育制度，人家都好多年了。。这种制度有肉眼可见的好处就是让普通人不用为教育焦虑，不同教育目标的家庭都可以获得对应的教育资源，精英阶层的当然就另算了他们有自己的渠道，独立于无论啥教育制度之外。当然坏处就是久了会阶级固化，虽然中间大两头小的固话也不是坏事",
            "time": "21-10-17 20:43"
        },
        {
            "comment id": 22,
            "parent": 19,
            "children": [],
            "user id": "5410998409",
            "user name": "超级无敌小飞侠z",
            "content": "这样才合理吧",
            "time": "21-10-17 19:37"
        },
        {
            "comment id": 23,
            "parent": -1,
            "children": [
                25,
                26
            ],
            "user id": "3052619657",
            "user name": "天地孤影任我行451",
            "content": "提前参加工作，延迟退休，这是一盘大棋啊",
            "time": "21-10-17 18:49"
        },
        {
            "comment id": 24,
            "parent": 26,
            "children": [],
            "user id": "5625445463",
            "user name": "桐生戦兎rabbit",
            "content": "回复@问酒酒:",
            "time": "21-10-17 23:23"
        },
        {
            "comment id": 25,
            "parent": 23,
            "children": [],
            "user id": "5671220940",
            "user name": "豆芽儿肉炒饼",
            "content": "提前参加工作是为了生孩子啦",
            "time": "21-10-17 19:19"
        },
        {
            "comment id": 26,
            "parent": 23,
            "children": [
                24
            ],
            "user id": "3630548295",
            "user name": "问酒酒",
            "content": "@Unlimited_14 @桐生戦兎rabbit ",
            "time": "21-10-17 19:14"
        },
        {
            "comment id": 27,
            "parent": -1,
            "children": [
                28
            ],
            "user id": "6091899308",
            "user name": "金融科学家",
            "content": "很快就来了 因为这样每个人可以多交三年社保 比延迟退休有用多了 也没人有怨言 只是苦了这帮小娃子 可能活不到退休那天",
            "time": "21-10-17 17:22"
        },
        {
            "comment id": 28,
            "parent": 27,
            "children": [],
            "user id": "3786135030",
            "user name": "你要战便作战0",
            "content": "工龄才49年，不多！",
            "time": "21-10-17 20:37"
        },
        {
            "comment id": 29,
            "parent": -1,
            "children": [
                30
            ],
            "user id": "5515658405",
            "user name": "Jackson_92",
            "content": "如果这样执行下去，原来6+3+3=12年，现在只要4+3+2=9年！无论什么学历后的就业、结婚什么的都要比现在提早3年，而且一生也要为国家多贡献3年(不算延时退休)。应该是奔着这3年去的！高！实在的高！！！",
            "time": "21-10-17 17:01"
        },
        {
            "comment id": 30,
            "parent": 29,
            "children": [],
            "user id": "6021664128",
            "user name": "Rafael-A",
            "content": "你就看这些吗？没看到好处吗？",
            "time": "21-10-17 19:22"
        },
        {
            "comment id": 31,
            "parent": -1,
            "children": [
                32,
                33
            ],
            "user id": "1791542450",
            "user name": "ailsa雯雯",
            "content": "瞎折腾，这部长谁选出来的，有病",
            "time": "21-10-17 19:19"
        },
        {
            "comment id": 32,
            "parent": 31,
            "children": [],
            "user id": "3786135030",
            "user name": "你要战便作战0",
            "content": "反正不是老百姓",
            "time": "21-10-17 20:38"
        },
        {
            "comment id": 33,
            "parent": 31,
            "children": [],
            "user id": "3211530542",
            "user name": "我爱小三2019",
            "content": "谁选出来的？这个似乎不用问吧！",
            "time": "21-10-17 20:04"
        },
        {
            "comment id": 34,
            "parent": -1,
            "children": [
                35
            ],
            "user id": "6004972825",
            "user name": "爬金箍棒的蜗牛君",
            "content": "单单看了就知道操作难度大",
            "time": "21-10-17 16:22"
        },
        {
            "comment id": 35,
            "parent": 34,
            "children": [
                36
            ],
            "user id": "5643262896",
            "user name": "青台啊青苔",
            "content": "不是大，是不可能，因为技术工人工资摆在那里",
            "time": "21-10-17 19:21"
        },
        {
            "comment id": 36,
            "parent": 35,
            "children": [],
            "user id": "6004972825",
            "user name": "爬金箍棒的蜗牛君",
            "content": "回复@青台啊青苔:科学技术是第一生产力",
            "time": "21-10-17 20:00"
        },
        {
            "comment id": 37,
            "parent": -1,
            "children": [],
            "user id": "7413631972",
            "user name": "凌晨的红领巾",
            "content": "这件事最可惜的地方，它居然是真的，未来就是用知识分野阶层，用速成制造工人，用降低标准培养人才，用所谓的早发现天才分类人民。",
            "time": "21-10-17 18:38"
        },
        {
            "comment id": 38,
            "parent": -1,
            "children": [],
            "user id": "3878237270",
            "user name": "耶梦佳得0",
            "content": "12年变成9年，也就是说相当于初三就进入社会，16岁都没有，算不算童工？国家成年年龄是不是也要跟着改？从未见过一个国家受教育时间越改越少，几辈人辛苦建设新中国，就是让自己的后代童年更短工作更久更加被剥削吗？",
            "time": "21-10-17 18:08"
        },
        {
            "comment id": 39,
            "parent": -1,
            "children": [],
            "user id": "6332770976",
            "user name": "楸落乐队",
            "content": "支持普及高中",
            "time": "21-10-17 19:32"
        },
        {
            "comment id": 40,
            "parent": -1,
            "children": [],
            "user id": "5593338317",
            "user name": "耿直的男朋友",
            "content": "抓紧毕业打工才是正事",
            "time": "21-10-17 16:24"
        },
        {
            "comment id": 41,
            "parent": -1,
            "children": [],
            "user id": "3944618220",
            "user name": "illPeniCillin",
            "content": "不愧是“城市菜地”里出来的东西",
            "time": "21-10-17 16:05"
        },
        {
            "comment id": 42,
            "parent": -1,
            "children": [],
            "user id": "6821696255",
            "user name": "在啃竹子的熊猫",
            "content": "首先需要有大学的基础底子，然后再进行专项技术培训，要改革的是大学体制吧，现在大学生轻轻松松一进社会啥都不会，太需要改革了，大学体制应该改为2年理论+2年专项技术培训，和社会接轨。小学初高中是打基础千万不能缩减，大学取消高考，宽进严出。",
            "time": "21-10-17 20:35"
        },
        {
            "comment id": 43,
            "parent": -1,
            "children": [],
            "user id": "6432202194",
            "user name": "小邋遢涂山兔兔",
            "content": "我是我们那里第一批读六年级的。之前就没有六年级。你们说加就加说减就减",
            "time": "21-10-17 19:05"
        },
        {
            "comment id": 44,
            "parent": -1,
            "children": [],
            "user id": "7370915244",
            "user name": "快去喝开水啦",
            "content": "风气岂是几年就能变的",
            "time": "21-10-17 18:51"
        },
        {
            "comment id": 45,
            "parent": -1,
            "children": [],
            "user id": "7606323844",
            "user name": "AnnieCheers2021",
            "content": "感觉这样一改，又会是一通卷",
            "time": "21-10-17 18:49"
        },
        {
            "comment id": 46,
            "parent": -1,
            "children": [],
            "user id": "6188414782",
            "user name": "天山为锷",
            "content": "也不知道真假",
            "time": "21-10-17 18:28"
        },
        {
            "comment id": 47,
            "parent": -1,
            "children": [],
            "user id": "2088004277",
            "user name": "树儿妈",
            "content": "这是他自己觉得的吗？这不就是现搬的德国教育模式吗？",
            "time": "21-10-17 20:17"
        },
        {
            "comment id": 48,
            "parent": -1,
            "children": [],
            "user id": "1886366431",
            "user name": "乃武乃文-小覃",
            "content": "如能实现，列位仙班",
            "time": "21-10-17 20:12"
        },
        {
            "comment id": 49,
            "parent": -1,
            "children": [],
            "user id": "2162780947",
            "user name": "腹黑兔兔兔",
            "content": "十六七岁就把人逼到社会去做苦力",
            "time": "21-10-17 20:02"
        },
        {
            "comment id": 50,
            "parent": -1,
            "children": [],
            "user id": "2968130454",
            "user name": "鴦當浮壹大白",
            "content": "穷人再无翻身之日",
            "time": "21-10-17 19:56"
        },
        {
            "comment id": 51,
            "parent": -1,
            "children": [],
            "user id": "6265768210",
            "user name": "茨2025",
            "content": "毕业太晚，生娃就太晚，小学变四年初中两年很合适",
            "time": "21-10-17 19:43"
        },
        {
            "comment id": 52,
            "parent": -1,
            "children": [],
            "user id": "5722972798",
            "user name": "沐雨听凨",
            "content": "我觉得留学生太多浪费我们的资源",
            "time": "21-10-17 19:39"
        },
        {
            "comment id": 53,
            "parent": -1,
            "children": [],
            "user id": "5863435102",
            "user name": "杨y先j生l",
            "content": "觉得本科四年才有点浪费，那些课程两年就能结束。",
            "time": "21-10-17 16:35"
        },
        {
            "comment id": 54,
            "parent": -1,
            "children": [],
            "user id": "1791542450",
            "user name": "ailsa雯雯",
            "content": "我倡仪让所有官员的孩子回国，接受政府双减的反复实验，如果能做到这样，我愿意躺平",
            "time": "21-10-20 18:00"
        },
        {
            "comment id": 55,
            "parent": -1,
            "children": [],
            "user id": "6098708092",
            "user name": "回到童年数星星",
            "content": "大学教的课程严重与社会脱节，这个不考虑解决，就一刀切的制定新政策。",
            "time": "21-10-17 20:51"
        },
        {
            "comment id": 56,
            "parent": -1,
            "children": [],
            "user id": "2809315524",
            "user name": "思緒飄緲",
            "content": "呵呵，政策制定人群家的儿子女子们一个个继续大学深造海外留学然后回来做管理层，真棒👏🏻",
            "time": "21-10-17 19:18"
        },
        {
            "comment id": 57,
            "parent": -1,
            "children": [],
            "user id": "5738160197",
            "user name": "就他陈平安最烦人",
            "content": "百目无她，百书智华，君当醒悟，强我中华​",
            "time": "21-10-17 19:17"
        },
        {
            "comment id": 58,
            "parent": -1,
            "children": [],
            "user id": "1943052632",
            "user name": "站台之间的空隙",
            "content": "早点出来接受社会的毒打",
            "time": "21-10-17 19:14"
        },
        {
            "comment id": 59,
            "parent": -1,
            "children": [],
            "user id": "7538583338",
            "user name": "千江月0066",
            "content": "赞👍",
            "time": "21-10-17 19:13"
        },
        {
            "comment id": 60,
            "parent": -1,
            "children": [],
            "user id": "1640804947",
            "user name": "刘若铮",
            "content": "技术工人工资人均15000+的话大家再也不排斥技校了",
            "time": "21-10-17 19:12"
        },
        {
            "comment id": 61,
            "parent": -1,
            "children": [],
            "user id": "5408126050",
            "user name": "柳叶8白菀",
            "content": "提高工人待遇就行了，不仅要提高，还要宣传，你看以前为啥都抢着进场当工人，因为那个时候农民靠天吃饭，又累环境又不好挣的工分少",
            "time": "21-10-17 19:08"
        },
        {
            "comment id": 62,
            "parent": -1,
            "children": [],
            "user id": "7387813556",
            "user name": "博主放响屁",
            "content": "本末倒置，你只管提高工人待遇。自然有人去做技工",
            "time": "21-10-17 19:08"
        },
        {
            "comment id": 63,
            "parent": -1,
            "children": [],
            "user id": "5311347719",
            "user name": "杆子粥",
            "content": "悲催的时代，可怜的孩子，这又是跟哪个国家学的？要学你学到精髓啊，尽整些皮毛，没那个胆就别咋咋呼呼瞎折腾",
            "time": "21-10-17 19:07"
        },
        {
            "comment id": 64,
            "parent": -1,
            "children": [],
            "user id": "5936737155",
            "user name": "神叨崔",
            "content": "招工难想没想过工资低的问题？",
            "time": "21-10-17 19:04"
        },
        {
            "comment id": 65,
            "parent": -1,
            "children": [],
            "user id": "5636997678",
            "user name": "opgherrr",
            "content": "工资待遇解决了，人都是用脚投票的",
            "time": "21-10-17 19:04"
        },
        {
            "comment id": 66,
            "parent": -1,
            "children": [],
            "user id": "5874793120",
            "user name": "鵼亓屲",
            "content": "牛逼，如果是真的，韭菜们可以早点上岗被割了",
            "time": "21-10-17 18:53"
        },
        {
            "comment id": 67,
            "parent": -1,
            "children": [],
            "user id": "2948398641",
            "user name": "黄河渤海滨州光彩",
            "content": "有一条能落实了我就给他磕头",
            "time": "21-10-17 18:53"
        },
        {
            "comment id": 68,
            "parent": -1,
            "children": [],
            "user id": "1575494630",
            "user name": "三迁越甲",
            "content": "学制要缩短，教育要革命，工农兵免考上大学生才是王道",
            "time": "21-10-17 18:52"
        },
        {
            "comment id": 69,
            "parent": -1,
            "children": [],
            "user id": "6089453965",
            "user name": "骑猪猪找妞妞",
            "content": "如果这是真的，那就只能讲我们国家的教改宗旨就是社会化培养流水线上的技术工人，这只是教育的一部分功能而已。",
            "time": "21-10-17 18:51"
        },
        {
            "comment id": 70,
            "parent": -1,
            "children": [],
            "user id": "6327689538",
            "user name": "深海里的青蛙",
            "content": "孩子是国之未来，请慎重对待……",
            "time": "21-10-17 18:45"
        },
        {
            "comment id": 71,
            "parent": -1,
            "children": [],
            "user id": "5136455012",
            "user name": "上帝与我一起奋斗",
            "content": "要以后延长交养老保险累计时间那更操蛋了，比如十五改二十年、二十五年退休就得多交钱了",
            "time": "21-10-17 18:43"
        },
        {
            "comment id": 72,
            "parent": -1,
            "children": [],
            "user id": "1698772017",
            "user name": "山路上的传教士",
            "content": "赞同普及高中教育",
            "time": "21-10-17 18:42"
        },
        {
            "comment id": 73,
            "parent": -1,
            "children": [],
            "user id": "1634209217",
            "user name": "SK8wr",
            "content": "难难难",
            "time": "21-10-17 18:41"
        },
        {
            "comment id": 74,
            "parent": -1,
            "children": [],
            "user id": "6697772589",
            "user name": "前哨7366",
            "content": "胡说八道",
            "time": "21-10-17 18:40"
        },
        {
            "comment id": 75,
            "parent": -1,
            "children": [],
            "user id": "2359065757",
            "user name": "在路上cwer",
            "content": "造谣的不要太假了，图片P的不像样了。为啥就那两条颜色不对模糊不清，公众号名字也被P了",
            "time": "21-10-17 18:37"
        },
        {
            "comment id": 76,
            "parent": -1,
            "children": [],
            "user id": "5901432954",
            "user name": "努力学习与逍遥",
            "content": "??????????????????????",
            "time": "21-10-17 16:11"
        },
        {
            "comment id": 77,
            "parent": -1,
            "children": [],
            "user id": "1286437330",
            "user name": "教育人老吕",
            "content": "存阅。",
            "time": "21-10-17 15:42"
        },
        {
            "comment id": 78,
            "parent": -1,
            "children": [],
            "user id": "1088361205",
            "user name": "寒冬911",
            "content": "孩子太遭罪了，坚决不生了",
            "time": "21-10-17 15:41"
        },
        {
            "comment id": 79,
            "parent": -1,
            "children": [],
            "user id": "5556629369",
            "user name": "烈焰O_O",
            "content": "说得好，下次别再说了",
            "time": "21-10-17 15:40"
        },
        {
            "comment id": 80,
            "parent": -1,
            "children": [],
            "user id": "5220342913",
            "user name": "绿植保养",
            "content": "大跃进",
            "time": "21-10-17 14:24"
        },
        {
            "comment id": 81,
            "parent": -1,
            "children": [],
            "user id": "6789028505",
            "user name": "o蜡笔没了小新k",
            "content": "说的好听 鬼才信",
            "time": "21-10-17 12:43"
        },
        {
            "comment id": 82,
            "parent": -1,
            "children": [],
            "user id": "6083701663",
            "user name": "牛肉膏蛋白胨儿",
            "content": "高中确实是2年就把东西学完了",
            "time": "21-10-17 18:30"
        },
        {
            "comment id": 83,
            "parent": -1,
            "children": [],
            "user id": "2732585832",
            "user name": "妞妞要像星星一样闪闪发亮",
            "content": "6年小学的确没必要",
            "time": "21-10-17 20:38"
        },
        {
            "comment id": 84,
            "parent": -1,
            "children": [],
            "user id": "6616245589",
            "user name": "心动三生",
            "content": "20岁就大学毕业工作了……",
            "time": "21-10-17 19:34"
        },
        {
            "comment id": 85,
            "parent": -1,
            "children": [],
            "user id": "7399594004",
            "user name": "走在路上29364",
            "content": "当教育资源的不平衡真正得到改变后再\"扯犊孑\"吧！",
            "time": "21-10-17 19:24"
        },
        {
            "comment id": 86,
            "parent": -1,
            "children": [],
            "user id": "6526592431",
            "user name": "tqblinds",
            "content": "可行，是这么回事",
            "time": "21-10-17 19:22"
        },
        {
            "comment id": 87,
            "parent": -1,
            "children": [],
            "user id": "6452434455",
            "user name": "情燃四季800",
            "content": "确实是个牛狠人",
            "time": "21-10-17 18:43"
        },
        {
            "comment id": 88,
            "parent": -1,
            "children": [],
            "user id": "6197465253",
            "user name": "白苦瓜和红苋菜",
            "content": "博主自己想出来的吧",
            "time": "21-10-17 18:29"
        },
        {
            "comment id": 89,
            "parent": -1,
            "children": [],
            "user id": "7587983988",
            "user name": "别了我的桂",
            "content": "看实施吧",
            "time": "21-10-17 18:23"
        },
        {
            "comment id": 90,
            "parent": -1,
            "children": [],
            "user id": "3204483317",
            "user name": "海底小饼干",
            "content": "从教育的角度上看还不错，但是技工待遇，保障等上的差异确实需要改善。",
            "time": "21-10-17 17:15"
        },
        {
            "comment id": 91,
            "parent": -1,
            "children": [],
            "user id": "6175861301",
            "user name": "博微情深",
            "content": "这些主张，我在10年前的课堂上就给学生讲过。可见，不是我有预见性，是多数人都知道问题所在，但就是没人主动去解决。",
            "time": "21-10-17 17:02"
        },
        {
            "comment id": 92,
            "parent": -1,
            "children": [],
            "user id": "6109464164",
            "user name": "两名男子街头相遇yu",
            "content": "理想很美好，现实很骨感。看看评论就知道了",
            "time": "21-10-17 16:17"
        },
        {
            "comment id": 93,
            "parent": -1,
            "children": [],
            "user id": "7640270150",
            "user name": "tao123cui",
            "content": "切中要害。",
            "time": "21-10-17 13:41"
        },
        {
            "comment id": 94,
            "parent": -1,
            "children": [],
            "user id": "7185278419",
            "user name": "无奈的揭谛僧",
            "content": "瞎扯淡的公众号",
            "time": "21-10-17 19:56"
        },
        {
            "comment id": 95,
            "parent": -1,
            "children": [],
            "user id": "1935484935",
            "user name": "时间2060",
            "content": "提早成为社会生产力应对老年化，够狠",
            "time": "21-10-17 19:46"
        },
        {
            "comment id": 96,
            "parent": -1,
            "children": [],
            "user id": "2944313563",
            "user name": "斯坦尼库图宝",
            "content": "别扯淡了，p图技术都不过关，还好意思编瞎话",
            "time": "21-10-17 17:58"
        },
        {
            "comment id": 97,
            "parent": -1,
            "children": [],
            "user id": "7504473825",
            "user name": "小哥Dian丶",
            "content": "然后再把结婚限龄提前3年这波操作厉害啊",
            "time": "21-10-17 17:15"
        },
        {
            "comment id": 98,
            "parent": -1,
            "children": [],
            "user id": "6441850485",
            "user name": "Last萧炎丶",
            "content": "其实这样是有好处的，早点毕业，工作",
            "time": "21-10-17 17:11"
        },
        {
            "comment id": 99,
            "parent": -1,
            "children": [],
            "user id": "2908868597",
            "user name": "胖头鱼头真很大",
            "content": "实现了吗？",
            "time": "21-10-17 13:16"
        },
        {
            "comment id": 100,
            "parent": -1,
            "children": [],
            "user id": "1016653775",
            "user name": "幸福的羊hz",
            "content": "高中录取率得大幅提高",
            "time": "21-10-17 07:52"
        }
    ]
}