{
    "source": {
        "content": "小学四年，高中二年，高中分特高，普高，职高？ ",
        "time": "21-10-17 15:31",
        "user id": "2626683933",
        "tweet id": "KD9qS6YFe",
        "label": 1,
        "theme": null
    },
    "comment": [
        {
            "comment id": 0,
            "parent": -1,
            "children": [],
            "user id": "2281003412",
            "user name": "牛牛的悠然时光",
            "content": "学制已经辟谣了",
            "time": "21-10-18 10:17"
        },
        {
            "comment id": 1,
            "parent": -1,
            "children": [],
            "user id": "1371128552",
            "user name": "短睫毛遛小爪子",
            "content": "双减之后来这个？要疯了",
            "time": "21-10-17 22:06"
        },
        {
            "comment id": 2,
            "parent": -1,
            "children": [],
            "user id": "3034965567",
            "user name": "童话与函数",
            "content": "看的瑟瑟发抖",
            "time": "21-10-17 17:35"
        },
        {
            "comment id": 3,
            "parent": -1,
            "children": [],
            "user id": "3617099721",
            "user name": "暖粒粒kit",
            "content": "提前进入共产主义",
            "time": "21-10-17 15:50"
        },
        {
            "comment id": 4,
            "parent": -1,
            "children": [],
            "user id": "2212676330",
            "user name": "GEEE一家",
            "content": "真的吗",
            "time": "21-10-17 20:36"
        }
    ]
}