{
    "source": {
        "content": "这个政策，不仅仅是对学区房的新一轮暴击，而且关系到国计民生，千千万万的家庭。也是趋势，更是未来！ ",
        "time": "21-10-17 21:53",
        "user id": "3162982101",
        "tweet id": "KDbVIzDtF",
        "label": 1,
        "theme": null
    },
    "comment": [
        {
            "comment id": 0,
            "parent": -1,
            "children": [],
            "user id": "2044689855",
            "user name": "redd89",
            "content": "图二 图三已经辟谣了",
            "time": "21-10-17 22:26"
        },
        {
            "comment id": 1,
            "parent": -1,
            "children": [
                2,
                3,
                4
            ],
            "user id": "5644604761",
            "user name": "是个民人",
            "content": "早点毕业早点打工交社保吗",
            "time": "21-10-18 09:01"
        },
        {
            "comment id": 2,
            "parent": 1,
            "children": [],
            "user id": "2497195611",
            "user name": "天赐狂god",
            "content": "一边早点打工交社保。一边延退没人要",
            "time": "21-10-18 19:13"
        },
        {
            "comment id": 3,
            "parent": 1,
            "children": [],
            "user id": "5636054460",
            "user name": "rainyshen烟花半醒",
            "content": "是的。早点打工 生孩子",
            "time": "21-10-18 13:16"
        },
        {
            "comment id": 4,
            "parent": 1,
            "children": [],
            "user id": "5183532315",
            "user name": "你是恋恋酱的鹿",
            "content": "早点毕业生三胎呀如果再不生，过几年再改改35岁高龄产妇的定义",
            "time": "21-10-18 11:44"
        },
        {
            "comment id": 5,
            "parent": -1,
            "children": [
                6
            ],
            "user id": "1246006901",
            "user name": "琴瑟合鸣___",
            "content": "猪也是这么想的。。",
            "time": "21-10-18 06:17"
        },
        {
            "comment id": 6,
            "parent": 5,
            "children": [],
            "user id": "7305543433",
            "user name": "凤生于雏",
            "content": "脑积水",
            "time": "21-10-18 14:29"
        },
        {
            "comment id": 7,
            "parent": -1,
            "children": [],
            "user id": "7540875979",
            "user name": "闪烁的蓝色天空",
            "content": "对学区房有影响？看不明白",
            "time": "21-10-18 06:04"
        },
        {
            "comment id": 8,
            "parent": -1,
            "children": [],
            "user id": "6975677821",
            "user name": "一个有身份证的普通人",
            "content": "动手了",
            "time": "21-10-17 22:17"
        },
        {
            "comment id": 9,
            "parent": -1,
            "children": [],
            "user id": "2911314893",
            "user name": "豆米二重奏",
            "content": "我们这边教育局官微都辟谣了",
            "time": "21-10-18 22:13"
        },
        {
            "comment id": 10,
            "parent": -1,
            "children": [],
            "user id": "3510988670",
            "user name": "辣椒炒肉是至爱",
            "content": "我国基础教育改革内容官宣、瞎扯段子臆造办法莫去乱编。",
            "time": "21-10-18 10:11"
        },
        {
            "comment id": 11,
            "parent": -1,
            "children": [],
            "user id": "1828267017",
            "user name": "土心s",
            "content": "还好是假的，不然我想把豆豆籍贯改回去了",
            "time": "21-10-18 10:09"
        },
        {
            "comment id": 12,
            "parent": -1,
            "children": [],
            "user id": "3279251080",
            "user name": "癞蛤蟆翘二郎腿-",
            "content": "全凭一张图，内容全靠编。让小学生读完高中课程你试试，毛还没长齐呢",
            "time": "21-10-18 10:53"
        },
        {
            "comment id": 13,
            "parent": -1,
            "children": [],
            "user id": "6243319243",
            "user name": "问你钱养膘",
            "content": "造谣合适吗",
            "time": "21-10-18 09:58"
        },
        {
            "comment id": 14,
            "parent": -1,
            "children": [],
            "user id": "6436024821",
            "user name": "李明5338",
            "content": "真是乱来！",
            "time": "21-10-18 23:03"
        },
        {
            "comment id": 15,
            "parent": -1,
            "children": [],
            "user id": "7388321032",
            "user name": "仗剑天涯霜满天",
            "content": "大学来一个没亿万资产不能进，一亿至10亿（含10亿）三类本、11亿至20亿（含20亿）二类本，21至50亿一类本（含50亿），51亿以后清华北大，不是G二代不许进，G二代按级别分不就完了。天天没事拿孩子的教育这瞎搞。",
            "time": "21-10-18 20:06"
        },
        {
            "comment id": 16,
            "parent": -1,
            "children": [],
            "user id": "1727364890",
            "user name": "RebeccaJaden",
            "content": "辟谣了！",
            "time": "21-10-18 19:16"
        },
        {
            "comment id": 17,
            "parent": -1,
            "children": [],
            "user id": "2207429233",
            "user name": "尴尬的名字",
            "content": "再不删就变成传谣了。",
            "time": "21-10-18 18:49"
        },
        {
            "comment id": 18,
            "parent": -1,
            "children": [],
            "user id": "1426165502",
            "user name": "54睡神V",
            "content": "6岁上学，上到15岁上大学？出主意的不是蠢就是坏",
            "time": "21-10-18 18:10"
        },
        {
            "comment id": 19,
            "parent": -1,
            "children": [],
            "user id": "1786240845",
            "user name": "给有卵用",
            "content": "云南省东川市以前就是小学五年制初中三年制。",
            "time": "21-10-18 16:59"
        },
        {
            "comment id": 20,
            "parent": -1,
            "children": [],
            "user id": "6548810429",
            "user name": "小时候超能吃的",
            "content": "第一次听讲按网传试点方案",
            "time": "21-10-21 02:04"
        },
        {
            "comment id": 21,
            "parent": -1,
            "children": [],
            "user id": "1586954147",
            "user name": "楚储",
            "content": "都辟谣了还发",
            "time": "21-10-20 21:49"
        },
        {
            "comment id": 22,
            "parent": -1,
            "children": [],
            "user id": "6632965031",
            "user name": "苏柏拉图亚",
            "content": "高中2年学个寂寞",
            "time": "21-10-20 14:05"
        },
        {
            "comment id": 23,
            "parent": -1,
            "children": [],
            "user id": "7222893568",
            "user name": "飞翔天使20021",
            "content": "韭菜速成法？……",
            "time": "21-10-20 06:40"
        },
        {
            "comment id": 24,
            "parent": -1,
            "children": [],
            "user id": "7389720872",
            "user name": "天山来客0398",
            "content": "如果收入、待遇、地位不能提升，高级蓝领还是农民工的称呼，一切都是空谈，工业4.0更是屁话",
            "time": "21-10-20 00:58"
        },
        {
            "comment id": 25,
            "parent": -1,
            "children": [],
            "user id": "1878169273",
            "user name": "我以桃花赊春风",
            "content": "假的",
            "time": "21-10-19 11:07"
        },
        {
            "comment id": 26,
            "parent": -1,
            "children": [],
            "user id": "6436024821",
            "user name": "李明5338",
            "content": "别折腾老百姓了，好不？？",
            "time": "21-10-18 23:04"
        },
        {
            "comment id": 27,
            "parent": -1,
            "children": [],
            "user id": "5465041476",
            "user name": "思优君V",
            "content": "这个搞法不可能！把小学改回五年，中学也五年，十年义务教育还更加科学些",
            "time": "21-10-18 20:43"
        },
        {
            "comment id": 28,
            "parent": -1,
            "children": [],
            "user id": "1961579024",
            "user name": "大老虎1111",
            "content": "宜昌市越来越火了",
            "time": "21-10-18 19:09"
        },
        {
            "comment id": 29,
            "parent": -1,
            "children": [],
            "user id": "7355016277",
            "user name": "薇薇露娜安",
            "content": "如此算下来15岁上大学.18岁大学毕业工作了？",
            "time": "21-10-18 18:55"
        },
        {
            "comment id": 30,
            "parent": -1,
            "children": [],
            "user id": "3050887197",
            "user name": "Jeremy_liudj",
            "content": "辟谣了",
            "time": "21-10-18 18:18"
        },
        {
            "comment id": 31,
            "parent": -1,
            "children": [],
            "user id": "1734583352",
            "user name": "sylar730",
            "content": "为啥其他地方都是市，西安搞个区",
            "time": "21-10-18 16:13"
        },
        {
            "comment id": 32,
            "parent": -1,
            "children": [],
            "user id": "5898403775",
            "user name": "小鱼妹妹小玥",
            "content": "为了督促大家早婚早育也是操碎了心",
            "time": "21-10-18 16:04"
        },
        {
            "comment id": 33,
            "parent": -1,
            "children": [],
            "user id": "2272523612",
            "user name": "国画小匠字大池",
            "content": "好事",
            "time": "21-10-18 15:45"
        },
        {
            "comment id": 34,
            "parent": -1,
            "children": [],
            "user id": "2375751264",
            "user name": "廖XX1120",
            "content": "图二图三已经辟谣了，发的人已经封号了，作为官微，你也想封号吗？",
            "time": "21-10-18 15:35"
        },
        {
            "comment id": 35,
            "parent": -1,
            "children": [],
            "user id": "2088004277",
            "user name": "树儿妈",
            "content": "图3已辟谣，坐标重庆！！",
            "time": "21-10-18 15:31"
        },
        {
            "comment id": 36,
            "parent": -1,
            "children": [],
            "user id": "5970344373",
            "user name": "美子MMZi",
            "content": "这是让娃儿们出来就早点打工？确定这叫素质培养？猪脑子想的吧？",
            "time": "21-10-18 14:59"
        },
        {
            "comment id": 37,
            "parent": -1,
            "children": [],
            "user id": "2191933811",
            "user name": "Lucky179847",
            "content": "终于迎来教育改革",
            "time": "21-10-18 14:31"
        },
        {
            "comment id": 38,
            "parent": -1,
            "children": [],
            "user id": "5015005238",
            "user name": "fang妞妞哦",
            "content": "已经向金华教育部分确认是谣传",
            "time": "21-10-18 14:09"
        },
        {
            "comment id": 39,
            "parent": -1,
            "children": [],
            "user id": "1026367737",
            "user name": "punisher1911",
            "content": "造谣是要判刑的",
            "time": "21-10-18 13:51"
        },
        {
            "comment id": 40,
            "parent": -1,
            "children": [],
            "user id": "3085289895",
            "user name": "吃胡萝卜的小狮子",
            "content": "正式文件？",
            "time": "21-10-18 13:23"
        },
        {
            "comment id": 41,
            "parent": -1,
            "children": [],
            "user id": "6165546410",
            "user name": "Handsome星矢",
            "content": "假的不能再假",
            "time": "21-10-18 12:19"
        },
        {
            "comment id": 42,
            "parent": -1,
            "children": [],
            "user id": "5598143915",
            "user name": "六月十四晴",
            "content": "有意思吗？",
            "time": "21-10-18 12:17"
        },
        {
            "comment id": 43,
            "parent": -1,
            "children": [],
            "user id": "6994695130",
            "user name": "平静的紫玉米",
            "content": "已辟谣",
            "time": "21-10-18 12:10"
        },
        {
            "comment id": 44,
            "parent": -1,
            "children": [],
            "user id": "7434624868",
            "user name": "金牛座不想说",
            "content": "真正打击学区房的，是大区域几家学校随机派位。谁都不知道自己会派到哪所学校。",
            "time": "21-10-18 11:57"
        },
        {
            "comment id": 45,
            "parent": -1,
            "children": [],
            "user id": "2105752715",
            "user name": "D-xlin",
            "content": "还大V呢，发东西都不核实一下",
            "time": "21-10-18 11:07"
        },
        {
            "comment id": 46,
            "parent": -1,
            "children": [
                47
            ],
            "user id": "1150335314",
            "user name": "微微娃2017",
            "content": "卖房的最爱造谣",
            "time": "21-10-18 09:55"
        },
        {
            "comment id": 47,
            "parent": 46,
            "children": [],
            "user id": "7434624868",
            "user name": "金牛座不想说",
            "content": "你冤枉博主了，博主一直唱衰楼市",
            "time": "21-10-18 11:52"
        },
        {
            "comment id": 48,
            "parent": -1,
            "children": [],
            "user id": "1150335314",
            "user name": "微微娃2017",
            "content": "假的！",
            "time": "21-10-18 09:55"
        },
        {
            "comment id": 49,
            "parent": -1,
            "children": [],
            "user id": "6891432695",
            "user name": "吾乃闲杂人等",
            "content": "“蓝领”两个字不可能出现在公文里面",
            "time": "21-10-18 09:50"
        },
        {
            "comment id": 50,
            "parent": -1,
            "children": [],
            "user id": "2346372275",
            "user name": "zy315351965",
            "content": "已举报",
            "time": "21-10-21 16:16"
        },
        {
            "comment id": 51,
            "parent": -1,
            "children": [],
            "user id": "6492141222",
            "user name": "林西三环北6492141222",
            "content": "已经辟谣了。",
            "time": "21-10-20 07:43"
        },
        {
            "comment id": 52,
            "parent": -1,
            "children": [],
            "user id": "7378889096",
            "user name": "该批评就得说",
            "content": "要是真的就要骂娘了",
            "time": "21-10-18 18:41"
        },
        {
            "comment id": 53,
            "parent": -1,
            "children": [],
            "user id": "5122680009",
            "user name": "瑞瑞爱2014",
            "content": "一半上技校，一半上大学",
            "time": "21-10-18 17:26"
        },
        {
            "comment id": 54,
            "parent": -1,
            "children": [],
            "user id": "7285336657",
            "user name": "矢车菊q天空39469",
            "content": "15岁毕业工作 可是好多学生心智都没成熟！",
            "time": "21-10-18 15:54"
        },
        {
            "comment id": 55,
            "parent": -1,
            "children": [],
            "user id": "3567072393",
            "user name": "黄衫无隐的夏天",
            "content": "缩短学制，一缩3年？把小学改为5年还好，初高中慎重！",
            "time": "21-10-18 13:37"
        },
        {
            "comment id": 56,
            "parent": -1,
            "children": [],
            "user id": "5564685043",
            "user name": "公橙的橙公",
            "content": "辟谣",
            "time": "21-10-18 12:28"
        },
        {
            "comment id": 57,
            "parent": -1,
            "children": [],
            "user id": "6086604530",
            "user name": "就是爱幻想1314",
            "content": "按网传进行试点改革 这话还能更假一点吗",
            "time": "21-10-18 11:57"
        },
        {
            "comment id": 58,
            "parent": -1,
            "children": [],
            "user id": "5385700461",
            "user name": "黑狗晓琪",
            "content": "好",
            "time": "21-10-18 10:59"
        },
        {
            "comment id": 59,
            "parent": -1,
            "children": [],
            "user id": "7452391877",
            "user name": "梦回大唐刘皇叔",
            "content": "信了就是傻子",
            "time": "21-10-18 10:47"
        },
        {
            "comment id": 60,
            "parent": -1,
            "children": [],
            "user id": "6415214778",
            "user name": "海的饼干2020",
            "content": "十几岁的孩子就去工厂上班吗？扯淡呢。",
            "time": "21-10-17 23:38"
        },
        {
            "comment id": 61,
            "parent": -1,
            "children": [],
            "user id": "6126910302",
            "user name": "了个天呐",
            "content": "@街角-孤放的烟花 ",
            "time": "21-10-18 15:33"
        },
        {
            "comment id": 62,
            "parent": -1,
            "children": [],
            "user id": "5867656215",
            "user name": "好多女拳蛆",
            "content": "这是谣言啊，同志们，微博大V都是没底线的造谣啊",
            "time": "21-10-18 14:34"
        }
    ]
}