{
    "source": {
        "content": "川普总统又露面了。瓜众哼唱着酒干倘卖无：多么熟悉的身影，陪我多少年风和雨，从来不需要想起，永远也不会忘记。 ",
        "time": "21-5-9 07:55",
        "user id": "6914968045",
        "tweet id": "KeCDElrqU",
        "label": 1,
        "theme": null
    },
    "comment": [
        {
            "comment id": 0,
            "parent": -1,
            "children": [],
            "user id": "1635058373",
            "user name": "sunny872",
            "content": "这个造型 这个裤腰的高度，多么的熟悉。",
            "time": "21-5-9 07:56"
        },
        {
            "comment id": 1,
            "parent": -1,
            "children": [
                2,
                3,
                5,
                6,
                7,
                8,
                9,
                10,
                11,
                12,
                13,
                14,
                15,
                16,
                17,
                18,
                19,
                20,
                21
            ],
            "user id": "2799824981",
            "user name": "我就试试看一年能不能改",
            "content": "图片评论 ",
            "time": "21-5-9 08:07"
        },
        {
            "comment id": 2,
            "parent": 1,
            "children": [],
            "user id": "2193899770",
            "user name": "加碘湿用焰",
            "content": "你要负泽任的",
            "time": "21-5-11 11:56"
        },
        {
            "comment id": 3,
            "parent": 1,
            "children": [],
            "user id": "1011292062",
            "user name": "西红柿蓝师傅",
            "content": "@小菊小菊天天摸鱼 哈哈哈哈哈哈哈哈哈",
            "time": "21-5-9 18:18"
        },
        {
            "comment id": 4,
            "parent": 5,
            "children": [],
            "user id": "5532813439",
            "user name": "英格兰外郭语研纠生",
            "content": "回复@Joeeeee想次火锅:哈哈哈哈哈哈哈",
            "time": "21-5-9 18:17"
        },
        {
            "comment id": 5,
            "parent": 1,
            "children": [
                4
            ],
            "user id": "3666192323",
            "user name": "Joeeeee想次火锅",
            "content": "@祖安销售兰义德",
            "time": "21-5-9 18:15"
        },
        {
            "comment id": 6,
            "parent": 1,
            "children": [],
            "user id": "2425589667",
            "user name": "花心爆米花",
            "content": "@正在刷新WIN 哈哈哈哈哈哈",
            "time": "21-5-9 16:53"
        },
        {
            "comment id": 7,
            "parent": 1,
            "children": [],
            "user id": "1157365317",
            "user name": "luna_norrington",
            "content": "@EGEJJJAKPL 哈哈哈哈哈哈哈",
            "time": "21-5-9 16:27"
        },
        {
            "comment id": 8,
            "parent": 1,
            "children": [],
            "user id": "5539739672",
            "user name": "Chamyuko",
            "content": "海绵宝宝是吧",
            "time": "21-5-9 15:17"
        },
        {
            "comment id": 9,
            "parent": 1,
            "children": [],
            "user id": "1763161984",
            "user name": "阡陌之上荼蘼花开",
            "content": "死亡名单＋1",
            "time": "21-5-9 15:16"
        },
        {
            "comment id": 10,
            "parent": 1,
            "children": [],
            "user id": "5532573889",
            "user name": "扣脚老攻佐耳钉",
            "content": "头像又有了",
            "time": "21-5-9 15:10"
        },
        {
            "comment id": 11,
            "parent": 1,
            "children": [],
            "user id": "5183548602",
            "user name": "李先森有翅膀",
            "content": "@江图社",
            "time": "21-5-9 14:42"
        },
        {
            "comment id": 12,
            "parent": 1,
            "children": [],
            "user id": "1750825951",
            "user name": "薰年国醒",
            "content": "胸前的红领巾迎风飘扬，与脚边上冒着骚气的水滴相互辉映，实在的鲜艳夺目。",
            "time": "21-5-9 13:48"
        },
        {
            "comment id": 13,
            "parent": 1,
            "children": [],
            "user id": "2296638663",
            "user name": "想养招财猫把它手砍掉的少吕弟弟",
            "content": "子弹滞销",
            "time": "21-5-9 11:15"
        },
        {
            "comment id": 14,
            "parent": 1,
            "children": [],
            "user id": "7439258693",
            "user name": "勇者换成4K来了",
            "content": "回复 @齐小亮QJL:东施效颦",
            "time": "21-5-9 11:08"
        },
        {
            "comment id": 15,
            "parent": 1,
            "children": [],
            "user id": "7385419828",
            "user name": "酸辣粉大人",
            "content": "",
            "time": "21-5-9 10:45"
        },
        {
            "comment id": 16,
            "parent": 1,
            "children": [],
            "user id": "1920471337",
            "user name": "齐小亮QJL",
            "content": "@勇者换成4K来了",
            "time": "21-5-9 10:38"
        },
        {
            "comment id": 17,
            "parent": 1,
            "children": [],
            "user id": "7436580318",
            "user name": "织梦鸽",
            "content": "",
            "time": "21-5-9 10:19"
        },
        {
            "comment id": 18,
            "parent": 1,
            "children": [],
            "user id": "2392652143",
            "user name": "橘皮儿女士",
            "content": "hhhhhhhhhhhhh",
            "time": "21-5-9 09:26"
        },
        {
            "comment id": 19,
            "parent": 1,
            "children": [],
            "user id": "1088152403",
            "user name": "暗搓搓不留名",
            "content": "沙雕网友什么图都有",
            "time": "21-5-9 09:02"
        },
        {
            "comment id": 20,
            "parent": 1,
            "children": [],
            "user id": "6556752316",
            "user name": "寿山monkey",
            "content": "乔木这里也排队枪毙了？",
            "time": "21-5-9 08:58"
        },
        {
            "comment id": 21,
            "parent": 1,
            "children": [],
            "user id": "1574866874",
            "user name": "已有守望者",
            "content": "这个月还有加急名单",
            "time": "21-5-9 08:14"
        },
        {
            "comment id": 22,
            "parent": -1,
            "children": [
                23,
                24,
                25,
                26
            ],
            "user id": "2245007000",
            "user name": "弃日弄舟",
            "content": "这装扮是在致敬长者",
            "time": "21-5-9 07:56"
        },
        {
            "comment id": 23,
            "parent": 22,
            "children": [],
            "user id": "7536000759",
            "user name": "蝦片Shisui",
            "content": "P的",
            "time": "21-5-9 18:44"
        },
        {
            "comment id": 24,
            "parent": 22,
            "children": [],
            "user id": "3960520842",
            "user name": "听听风看看浪",
            "content": "人间喜剧",
            "time": "21-5-9 11:37"
        },
        {
            "comment id": 25,
            "parent": 22,
            "children": [],
            "user id": "2679239921",
            "user name": "江湖小同学",
            "content": "真·把裤腰提到胳肢窝",
            "time": "21-5-9 08:54"
        },
        {
            "comment id": 26,
            "parent": 22,
            "children": [],
            "user id": "1648759153",
            "user name": "马马胡胡",
            "content": "第一反应也是这个",
            "time": "21-5-9 07:59"
        },
        {
            "comment id": 27,
            "parent": -1,
            "children": [
                28,
                29,
                32,
                33,
                34,
                39,
                40,
                41,
                42
            ],
            "user id": "2790212757",
            "user name": "郑在搞e",
            "content": "东方的哪个国家我没有去过。",
            "time": "21-5-9 07:59"
        },
        {
            "comment id": 28,
            "parent": 27,
            "children": [],
            "user id": "5281440571",
            "user name": "桃子脸的皮蛋",
            "content": "这层太欢乐了",
            "time": "21-5-13 12:12"
        },
        {
            "comment id": 29,
            "parent": 27,
            "children": [],
            "user id": "3206657261",
            "user name": "谁是班长站出来",
            "content": "回复@m_a_g_i_c_b_i_r_d:所以啊媒体還要提高自己的知識水平，識得唔識得噶？",
            "time": "21-5-10 10:13"
        },
        {
            "comment id": 30,
            "parent": 32,
            "children": [],
            "user id": "1169264447",
            "user name": "森焱4526",
            "content": "回复@谁是班长站出来:错，原话是“中国那个胡锡进，那比你们不知道要高到哪里去咧，我和他谈笑风生”",
            "time": "21-5-10 10:03"
        },
        {
            "comment id": 31,
            "parent": 36,
            "children": [],
            "user id": "1696408943",
            "user name": "山药在改变",
            "content": "回复@枫哥邀我钓鱼:比你们不知道高到哪里去了",
            "time": "21-5-9 21:58"
        },
        {
            "comment id": 32,
            "parent": 27,
            "children": [
                30
            ],
            "user id": "3206657261",
            "user name": "谁是班长站出来",
            "content": "回复@无趣之人s:我以-1s荐轩辕",
            "time": "21-5-9 19:32"
        },
        {
            "comment id": 33,
            "parent": 27,
            "children": [],
            "user id": "5564014897",
            "user name": "张子跃ZzY",
            "content": "回复@身经百战见的多啦:美国共和党代表美国先进生产力的发展要求，代表美国先进文化的前进方向，代表美国最广大人民的根本利益。",
            "time": "21-5-9 16:13"
        },
        {
            "comment id": 34,
            "parent": 27,
            "children": [],
            "user id": "2331690567",
            "user name": "单粒子不可约图1PI",
            "content": "一律不得和中国经商，这个对美国的命运影响是很大的",
            "time": "21-5-9 15:06"
        },
        {
            "comment id": 35,
            "parent": 36,
            "children": [],
            "user id": "3206657261",
            "user name": "谁是班长站出来",
            "content": "回复@枫哥邀我钓鱼:图片评论 查看图片",
            "time": "21-5-9 14:32"
        },
        {
            "comment id": 36,
            "parent": 37,
            "children": [
                31,
                35
            ],
            "user id": "7524998250",
            "user name": "枫哥邀我钓鱼",
            "content": "回复@谁是班长站出来:",
            "time": "21-5-9 14:11"
        },
        {
            "comment id": 37,
            "parent": 42,
            "children": [
                36
            ],
            "user id": "3206657261",
            "user name": "谁是班长站出来",
            "content": "回复@枫哥邀我钓鱼:原话是“中国那个胡锡进，比你们高明的多啦！我和他谈笑风生。”",
            "time": "21-5-9 12:47"
        },
        {
            "comment id": 38,
            "parent": 42,
            "children": [],
            "user id": "7480739147",
            "user name": "一位成绩不佳的小同志",
            "content": "回复@枫哥邀我钓鱼:666",
            "time": "21-5-9 12:32"
        },
        {
            "comment id": 39,
            "parent": 27,
            "children": [],
            "user id": "5761214459",
            "user name": "一路有你--2020",
            "content": "做了一点微小的工作",
            "time": "21-5-9 11:53"
        },
        {
            "comment id": 40,
            "parent": 27,
            "children": [],
            "user id": "7395173941",
            "user name": "会飞的饼干2020",
            "content": "我一个纽约的商人，怎么就跑华盛顿当总统了？当时我就发了两句推",
            "time": "21-5-9 10:31"
        },
        {
            "comment id": 41,
            "parent": 27,
            "children": [],
            "user id": "2001004045",
            "user name": "YandereAnn",
            "content": "你们呐，还是图样图森破！",
            "time": "21-5-9 10:26"
        },
        {
            "comment id": 42,
            "parent": 27,
            "children": [
                37,
                38
            ],
            "user id": "7524998250",
            "user name": "枫哥邀我钓鱼",
            "content": "中国那个胡锡进，我与他谈笑风生。",
            "time": "21-5-9 10:23"
        },
        {
            "comment id": 43,
            "parent": -1,
            "children": [
                44,
                45,
                47,
                48,
                49,
                50,
                51,
                52,
                53
            ],
            "user id": "3599158797",
            "user name": "维经港美IPO",
            "content": "图片评论 ",
            "time": "21-5-9 12:42"
        },
        {
            "comment id": 44,
            "parent": 43,
            "children": [],
            "user id": "7432829492",
            "user name": "方奶奶夸我是极左",
            "content": "咋把总统的裤腰带给P下去啦？",
            "time": "21-5-15 22:34"
        },
        {
            "comment id": 45,
            "parent": 43,
            "children": [],
            "user id": "6245209528",
            "user name": "月簫天樞",
            "content": "上去",
            "time": "21-5-9 21:08"
        },
        {
            "comment id": 46,
            "parent": 47,
            "children": [],
            "user id": "3599158797",
            "user name": "维经港美IPO",
            "content": "回复@八月的小尾:哈哈哈这不是卡公主",
            "time": "21-5-9 18:45"
        },
        {
            "comment id": 47,
            "parent": 43,
            "children": [
                46
            ],
            "user id": "2200594410",
            "user name": "八月的小尾",
            "content": "我看的亮点是后面的肥版伊万卡",
            "time": "21-5-9 18:44"
        },
        {
            "comment id": 48,
            "parent": 43,
            "children": [],
            "user id": "2517465570",
            "user name": "舔狗男孩258",
            "content": "@黑历史打脸bot",
            "time": "21-5-9 17:23"
        },
        {
            "comment id": 49,
            "parent": 43,
            "children": [],
            "user id": "5667410618",
            "user name": "线叶绣线菊",
            "content": "上去。",
            "time": "21-5-9 16:29"
        },
        {
            "comment id": 50,
            "parent": 43,
            "children": [],
            "user id": "7414881065",
            "user name": "林·亚斯汀",
            "content": "上去",
            "time": "21-5-9 15:06"
        },
        {
            "comment id": 51,
            "parent": 43,
            "children": [],
            "user id": "1712096963",
            "user name": "Kimi不哭站起来撸",
            "content": "上去",
            "time": "21-5-9 14:43"
        },
        {
            "comment id": 52,
            "parent": 43,
            "children": [],
            "user id": "6939872002",
            "user name": "三星手机还有人用吗",
            "content": "上去",
            "time": "21-5-9 14:23"
        },
        {
            "comment id": 53,
            "parent": 43,
            "children": [],
            "user id": "5946286709",
            "user name": "昨夜星辰何处寻",
            "content": "P图真无聊。",
            "time": "21-5-9 14:02"
        },
        {
            "comment id": 54,
            "parent": -1,
            "children": [
                56
            ],
            "user id": "2198653982",
            "user name": "奔跑的超啊",
            "content": "个人的成功固然要靠自我奋斗，但也要考虑历史的进程",
            "time": "21-5-9 07:59"
        },
        {
            "comment id": 55,
            "parent": 56,
            "children": [],
            "user id": "3217042852",
            "user name": "生命终究难舍蓝蓝的白云天de",
            "content": "回复@女孩就要穿短裙啊:嗯 查看图片",
            "time": "21-5-9 18:08"
        },
        {
            "comment id": 56,
            "parent": 54,
            "children": [
                55
            ],
            "user id": "6083806924",
            "user name": "女孩就要穿短裙啊",
            "content": "行程",
            "time": "21-5-9 14:17"
        },
        {
            "comment id": 57,
            "parent": -1,
            "children": [
                58
            ],
            "user id": "3496170192",
            "user name": "ARS_后防今天补齐了么",
            "content": "看到这裤子的高度我就直奔评论区",
            "time": "21-5-9 08:06"
        },
        {
            "comment id": 58,
            "parent": 57,
            "children": [],
            "user id": "2637727384",
            "user name": "Sgt·Harris",
            "content": "你直奔靶场吧",
            "time": "21-5-9 14:57"
        },
        {
            "comment id": 59,
            "parent": -1,
            "children": [
                60,
                61,
                62,
                63,
                64,
                65,
                66,
                67,
                68,
                69,
                70
            ],
            "user id": "7412946431",
            "user name": "汉镇国公",
            "content": "高腰裤是傻子标配",
            "time": "21-5-9 08:30"
        },
        {
            "comment id": 60,
            "parent": 59,
            "children": [],
            "user id": "5707507047",
            "user name": "孔德堏",
            "content": "乱弹琴！naive！",
            "time": "21-5-12 22:14"
        },
        {
            "comment id": 61,
            "parent": 59,
            "children": [],
            "user id": "1896886715",
            "user name": "LIUCTM",
            "content": "姿势水平要提高",
            "time": "21-5-9 15:48"
        },
        {
            "comment id": 62,
            "parent": 59,
            "children": [],
            "user id": "7015261342",
            "user name": "dumato土木茄",
            "content": "你们年轻人还是要提高自己的知识水平",
            "time": "21-5-9 14:43"
        },
        {
            "comment id": 63,
            "parent": 59,
            "children": [],
            "user id": "5968292178",
            "user name": "闪现点燃ADC",
            "content": "马上把你续了",
            "time": "21-5-9 14:25"
        },
        {
            "comment id": 64,
            "parent": 59,
            "children": [],
            "user id": "6004726896",
            "user name": "F-abao",
            "content": "你啊，可以就地枪决了",
            "time": "21-5-9 14:16"
        },
        {
            "comment id": 65,
            "parent": 59,
            "children": [],
            "user id": "7378223768",
            "user name": "Poincare定理",
            "content": "naïve",
            "time": "21-5-9 14:10"
        },
        {
            "comment id": 66,
            "parent": 59,
            "children": [],
            "user id": "5342806153",
            "user name": "Morphine冰激凌",
            "content": "图样图森跑",
            "time": "21-5-9 14:06"
        },
        {
            "comment id": 67,
            "parent": 59,
            "children": [],
            "user id": "6330138700",
            "user name": "聚乙烯醇i",
            "content": "你啊 还是图样图森破",
            "time": "21-5-9 13:43"
        },
        {
            "comment id": 68,
            "parent": 59,
            "children": [],
            "user id": "5674084567",
            "user name": "帝国洛丽塔",
            "content": "年轻人谨言慎行",
            "time": "21-5-9 13:37"
        },
        {
            "comment id": 69,
            "parent": 59,
            "children": [],
            "user id": "2050037562",
            "user name": "F-Scarlet",
            "content": "年轻人莫要乱说话 查看图片",
            "time": "21-5-9 11:31"
        },
        {
            "comment id": 70,
            "parent": 59,
            "children": [],
            "user id": "2244077950",
            "user name": "米修_rt",
            "content": "把这家伙拉出去续了",
            "time": "21-5-9 10:43"
        },
        {
            "comment id": 71,
            "parent": -1,
            "children": [
                72,
                73
            ],
            "user id": "7456815153",
            "user name": "小小楼儿321",
            "content": "胸口以下全是腿",
            "time": "21-5-9 08:00"
        },
        {
            "comment id": 72,
            "parent": 71,
            "children": [],
            "user id": "1103291562",
            "user name": "古木听蝉2016",
            "content": "这腰带还是系下了点。如果在脖子下就完美了",
            "time": "21-5-9 09:06"
        },
        {
            "comment id": 73,
            "parent": 71,
            "children": [],
            "user id": "1637697804",
            "user name": "用户ie5tsohkvp",
            "content": "这图是P的",
            "time": "21-5-9 16:18"
        },
        {
            "comment id": 74,
            "parent": -1,
            "children": [
                76,
                77,
                78,
                83,
                84,
                85
            ],
            "user id": "7442634873",
            "user name": "三落三起家康公",
            "content": "那时我就念了两句诗",
            "time": "21-5-9 08:40"
        },
        {
            "comment id": 75,
            "parent": 81,
            "children": [],
            "user id": "6512581321",
            "user name": "萨摩耶耶耶啵啵啵",
            "content": "回复@战斗毛beta:韩国历史剧《第五共和国》",
            "time": "21-5-15 10:41"
        },
        {
            "comment id": 76,
            "parent": 74,
            "children": [],
            "user id": "3515250634",
            "user name": "赤景绣衣",
            "content": "沟里郭家生思怡，起姻伙夫必娶之",
            "time": "21-5-9 21:14"
        },
        {
            "comment id": 77,
            "parent": 74,
            "children": [],
            "user id": "2556685875",
            "user name": "金台寺开光田螺",
            "content": "苟",
            "time": "21-5-9 16:43"
        },
        {
            "comment id": 78,
            "parent": 74,
            "children": [],
            "user id": "7124426203",
            "user name": "热翔今天夺冠了吗",
            "content": "图片评论 查看图片",
            "time": "21-5-9 15:05"
        },
        {
            "comment id": 79,
            "parent": 81,
            "children": [],
            "user id": "7442634873",
            "user name": "三落三起家康公",
            "content": "回复@战斗毛beta:五共",
            "time": "21-5-9 13:08"
        },
        {
            "comment id": 80,
            "parent": 84,
            "children": [],
            "user id": "2126583552",
            "user name": "數星枕白泽",
            "content": "回复@里耿鬼:求个原图～！",
            "time": "21-5-9 13:06"
        },
        {
            "comment id": 81,
            "parent": 83,
            "children": [
                75,
                79
            ],
            "user id": "1502834734",
            "user name": "战斗毛beta",
            "content": "回复@三落三起家康公:这是啥戏？",
            "time": "21-5-9 12:26"
        },
        {
            "comment id": 82,
            "parent": 84,
            "children": [],
            "user id": "3853072046",
            "user name": "安东诺夫设计局编外干事",
            "content": "回复@里耿鬼:求无印良品",
            "time": "21-5-9 11:06"
        },
        {
            "comment id": 83,
            "parent": 74,
            "children": [
                81
            ],
            "user id": "7442634873",
            "user name": "三落三起家康公",
            "content": "图片评论 查看图片",
            "time": "21-5-9 11:02"
        },
        {
            "comment id": 84,
            "parent": 74,
            "children": [
                80,
                82
            ],
            "user id": "5884843536",
            "user name": "里耿鬼",
            "content": " 查看图片",
            "time": "21-5-9 10:51"
        },
        {
            "comment id": 85,
            "parent": 74,
            "children": [],
            "user id": "2135478115",
            "user name": "朱达咩",
            "content": "苟利国家生死以",
            "time": "21-5-9 10:34"
        },
        {
            "comment id": 86,
            "parent": -1,
            "children": [
                87
            ],
            "user id": "2009124661",
            "user name": "到上流击水",
            "content": "这胸襟打扮，想起了敬爱的江学长",
            "time": "21-5-9 08:51"
        },
        {
            "comment id": 87,
            "parent": 86,
            "children": [],
            "user id": "7465279170",
            "user name": "浪迹天地间二",
            "content": "图羊图森破",
            "time": "21-5-11 07:25"
        },
        {
            "comment id": 88,
            "parent": -1,
            "children": [
                89
            ],
            "user id": "6776937732",
            "user name": "蔷薇-999",
            "content": "这裤子帅",
            "time": "21-5-9 07:56"
        },
        {
            "comment id": 89,
            "parent": 88,
            "children": [],
            "user id": "7263730644",
            "user name": "村民老梁的新号",
            "content": "我也是只关注裤子了。",
            "time": "21-5-9 07:57"
        },
        {
            "comment id": 90,
            "parent": -1,
            "children": [
                91
            ],
            "user id": "6355682081",
            "user name": "B701236",
            "content": "这裤子这么长？像PS的吧",
            "time": "21-5-9 07:57"
        },
        {
            "comment id": 91,
            "parent": 90,
            "children": [],
            "user id": "6742021029",
            "user name": "吕兆玉刚V",
            "content": "",
            "time": "21-5-9 10:21"
        },
        {
            "comment id": 92,
            "parent": -1,
            "children": [],
            "user id": "1158351155",
            "user name": "两个坏虫子",
            "content": "还别说，歌词就像裤子一样，给他量身定做的，没有你哪有我∽们的觉醒",
            "time": "21-5-9 09:22"
        },
        {
            "comment id": 93,
            "parent": -1,
            "children": [],
            "user id": "5371890606",
            "user name": "那谁29250",
            "content": "颇有长者之风",
            "time": "21-5-9 09:17"
        },
        {
            "comment id": 94,
            "parent": -1,
            "children": [],
            "user id": "5884843536",
            "user name": "里耿鬼",
            "content": "打断评论区一切吟唱 ",
            "time": "21-5-9 10:52"
        },
        {
            "comment id": 95,
            "parent": -1,
            "children": [
                97,
                101
            ],
            "user id": "1767131302",
            "user name": "坚持原则K馆长",
            "content": "懂王最后亡于三重变种病毒，勿谓言之不预",
            "time": "21-5-9 07:57"
        },
        {
            "comment id": 96,
            "parent": 98,
            "children": [],
            "user id": "1039083114",
            "user name": "潜水路过二十年",
            "content": "回复@棱镜核心已经点亮_:用比较合适。用🐸是海峡东岸那拨",
            "time": "21-5-10 09:36"
        },
        {
            "comment id": 97,
            "parent": 95,
            "children": [],
            "user id": "1039083114",
            "user name": "潜水路过二十年",
            "content": "回复@勇往直前00566:三个？明明独此一家啊",
            "time": "21-5-10 09:35"
        },
        {
            "comment id": 98,
            "parent": 99,
            "children": [
                96
            ],
            "user id": "5502084429",
            "user name": "棱镜核心已经点亮_",
            "content": "回复@潜水路过二十年:看来是资深🐸丝",
            "time": "21-5-9 20:11"
        },
        {
            "comment id": 99,
            "parent": 100,
            "children": [
                98
            ],
            "user id": "1039083114",
            "user name": "潜水路过二十年",
            "content": "回复@棱镜核心已经点亮_:三讲 三个代表 三件小事",
            "time": "21-5-9 18:29"
        },
        {
            "comment id": 100,
            "parent": 101,
            "children": [
                99
            ],
            "user id": "5502084429",
            "user name": "棱镜核心已经点亮_",
            "content": "回复@潜水路过二十年:三代目",
            "time": "21-5-9 17:22"
        },
        {
            "comment id": 101,
            "parent": 95,
            "children": [
                100
            ],
            "user id": "1039083114",
            "user name": "潜水路过二十年",
            "content": "三 这个字，难道不是多么熟悉的声音么？",
            "time": "21-5-9 08:02"
        },
        {
            "comment id": 102,
            "parent": -1,
            "children": [
                103
            ],
            "user id": "6232094478",
            "user name": "把我拖下水",
            "content": "为姚明定制的裤子给他穿了",
            "time": "21-5-9 08:03"
        },
        {
            "comment id": 103,
            "parent": 102,
            "children": [
                104
            ],
            "user id": "2937869217",
            "user name": "崔阿宽A",
            "content": "特朗普190cm",
            "time": "21-5-9 08:05"
        },
        {
            "comment id": 104,
            "parent": 103,
            "children": [],
            "user id": "2749802111",
            "user name": "都市丽人的一天",
            "content": "回复@崔阿宽A:那也差36厘米吧",
            "time": "21-5-9 08:24"
        },
        {
            "comment id": 105,
            "parent": -1,
            "children": [],
            "user id": "7413183264",
            "user name": "专业铲屎人士",
            "content": "",
            "time": "21-5-9 07:56"
        },
        {
            "comment id": 106,
            "parent": -1,
            "children": [
                107,
                108
            ],
            "user id": "1678768601",
            "user name": "且听风吟7878",
            "content": "暴露年龄了。这歌，大部分读者不知道吧",
            "time": "21-5-9 08:18"
        },
        {
            "comment id": 107,
            "parent": 106,
            "children": [],
            "user id": "1183609550",
            "user name": "STEPTOUR",
            "content": "苏芮",
            "time": "21-5-13 16:04"
        },
        {
            "comment id": 108,
            "parent": 106,
            "children": [],
            "user id": "1984182537",
            "user name": "能长能短能硬能软",
            "content": "陈琳",
            "time": "21-5-9 19:49"
        },
        {
            "comment id": 109,
            "parent": -1,
            "children": [],
            "user id": "5808456290",
            "user name": "欢乐谷的兔子",
            "content": "致敬长者，示爱将军。",
            "time": "21-5-9 08:03"
        },
        {
            "comment id": 110,
            "parent": -1,
            "children": [
                111
            ],
            "user id": "2836073085",
            "user name": "uuuuuuuncleWang",
            "content": "图片评论 ",
            "time": "21-5-9 10:19"
        },
        {
            "comment id": 111,
            "parent": 110,
            "children": [
                112
            ],
            "user id": "2154403921",
            "user name": "傻波一厄齐尔",
            "content": "牛了这个，请问有原图么？想要啊",
            "time": "21-5-9 20:35"
        },
        {
            "comment id": 112,
            "parent": 111,
            "children": [],
            "user id": "2836073085",
            "user name": "uuuuuuuncleWang",
            "content": "回复@傻波一厄齐尔:这是我支付宝头像",
            "time": "21-5-9 20:47"
        },
        {
            "comment id": 113,
            "parent": -1,
            "children": [],
            "user id": "1839167347",
            "user name": "就是一道菜",
            "content": "艹！谁P的？//@维经港美IPO:图片评论 ",
            "time": "21-5-9 20:56"
        },
        {
            "comment id": 114,
            "parent": -1,
            "children": [],
            "user id": "3244105174",
            "user name": "沙滩浪花一朵朵",
            "content": "大长腿是亮点",
            "time": "21-5-9 10:53"
        },
        {
            "comment id": 115,
            "parent": -1,
            "children": [],
            "user id": "1088152403",
            "user name": "暗搓搓不留名",
            "content": "这裤腰高度，绝对谈笑风生",
            "time": "21-5-9 09:00"
        },
        {
            "comment id": 116,
            "parent": -1,
            "children": [],
            "user id": "1408912792",
            "user name": "端方sun",
            "content": "调侃一下这个老混蛋会被禁言20天，造谣带节奏的禁言7天，渣浪的标准很奇怪啊",
            "time": "21-5-16 22:12"
        },
        {
            "comment id": 117,
            "parent": -1,
            "children": [],
            "user id": "7480717929",
            "user name": "雅久先辈1919810",
            "content": "裤腰很高想起了闸门爷爷",
            "time": "21-5-9 08:11"
        },
        {
            "comment id": 118,
            "parent": -1,
            "children": [
                119,
                121
            ],
            "user id": "2622038997",
            "user name": "浅浅喜似苍",
            "content": "@雪漫城的春困记",
            "time": "21-5-9 18:17"
        },
        {
            "comment id": 119,
            "parent": 118,
            "children": [],
            "user id": "3177682575",
            "user name": "雪漫城的春困记",
            "content": "回复@麻友友-:春眠不觉晓",
            "time": "21-5-12 18:36"
        },
        {
            "comment id": 120,
            "parent": 121,
            "children": [],
            "user id": "2622038997",
            "user name": "浅浅喜似苍",
            "content": "回复@雪漫城的春困记:怎么念的来着",
            "time": "21-5-12 18:25"
        },
        {
            "comment id": 121,
            "parent": 118,
            "children": [
                120
            ],
            "user id": "3177682575",
            "user name": "雪漫城的春困记",
            "content": "要开始念诗了吗",
            "time": "21-5-10 11:09"
        },
        {
            "comment id": 122,
            "parent": -1,
            "children": [],
            "user id": "5632051548",
            "user name": "xw秋落木",
            "content": "苟利国家生死以，岂因祸福避趋之",
            "time": "21-5-9 10:02"
        },
        {
            "comment id": 123,
            "parent": -1,
            "children": [
                124
            ],
            "user id": "1749959953",
            "user name": "朔望wiki",
            "content": "我一个纽约的商人，怎么就跑华盛顿当总统了？当时我就发了两句推",
            "time": "21-5-9 11:10"
        },
        {
            "comment id": 124,
            "parent": 123,
            "children": [],
            "user id": "1901341611",
            "user name": "天下溪11",
            "content": "   “我本牛腰大贾，大统领与我何加焉！”",
            "time": "21-5-9 11:40"
        },
        {
            "comment id": 125,
            "parent": -1,
            "children": [
                126
            ],
            "user id": "7386542711",
            "user name": "苏荷一粟",
            "content": "这裤子图是真的吗？",
            "time": "21-5-9 09:06"
        },
        {
            "comment id": 126,
            "parent": 125,
            "children": [],
            "user id": "6939872002",
            "user name": "三星手机还有人用吗",
            "content": "显然p的啊",
            "time": "21-5-9 14:22"
        },
        {
            "comment id": 127,
            "parent": -1,
            "children": [],
            "user id": "6064551543",
            "user name": "kankesky2001",
            "content": "这样才像大领导",
            "time": "21-5-9 08:03"
        },
        {
            "comment id": 128,
            "parent": -1,
            "children": [],
            "user id": "2606819370",
            "user name": "ST明心见性",
            "content": "难道因为这个封了？这也太搞笑了吧",
            "time": "21-5-11 21:58"
        },
        {
            "comment id": 129,
            "parent": -1,
            "children": [
                130,
                131
            ],
            "user id": "2116665807",
            "user name": "墨未着",
            "content": "@hz359lw ",
            "time": "21-5-9 11:30"
        },
        {
            "comment id": 130,
            "parent": 129,
            "children": [],
            "user id": "2116665807",
            "user name": "墨未着",
            "content": "回复 @hz359lw:好像是p的",
            "time": "21-5-10 10:31"
        },
        {
            "comment id": 131,
            "parent": 129,
            "children": [],
            "user id": "1744435214",
            "user name": "hz359lw",
            "content": "川大统领板载",
            "time": "21-5-10 09:24"
        },
        {
            "comment id": 132,
            "parent": -1,
            "children": [],
            "user id": "3649958017",
            "user name": "A化干戈为肉搏",
            "content": "这不是水城余哥吗",
            "time": "21-5-9 09:00"
        },
        {
            "comment id": 133,
            "parent": -1,
            "children": [],
            "user id": "1653546493",
            "user name": "乔某某-温暖手套冰冷啤酒",
            "content": "江川胡海本一家，裤袋到腰笑哈哈",
            "time": "21-5-9 14:33"
        },
        {
            "comment id": 134,
            "parent": -1,
            "children": [],
            "user id": "1982215910",
            "user name": "le_豆豆",
            "content": "不实消息",
            "time": "21-5-14 22:42"
        },
        {
            "comment id": 135,
            "parent": -1,
            "children": [],
            "user id": "6436638824",
            "user name": "·无水跳水队队长",
            "content": "奶奶以下全是🦵 🦵 🦵，果然每一次出场都是最靓的仔👍🏻",
            "time": "21-5-9 11:18"
        },
        {
            "comment id": 136,
            "parent": -1,
            "children": [],
            "user id": "7280819272",
            "user name": "快了快乐ANAIA",
            "content": "川宝又胖了😊",
            "time": "21-5-9 10:50"
        },
        {
            "comment id": 137,
            "parent": -1,
            "children": [],
            "user id": "3267371333",
            "user name": "東門·飲氷",
            "content": "左边是小崔吗",
            "time": "21-5-9 10:07"
        },
        {
            "comment id": 138,
            "parent": -1,
            "children": [],
            "user id": "1448736404",
            "user name": "爸爸最爱熙",
            "content": "我以为就我是到评论区看腰带的",
            "time": "21-5-9 09:36"
        },
        {
            "comment id": 139,
            "parent": -1,
            "children": [],
            "user id": "1960077337",
            "user name": "盛夏的清雅",
            "content": "多么熟悉的装扮啊！",
            "time": "21-5-9 09:32"
        },
        {
            "comment id": 140,
            "parent": -1,
            "children": [],
            "user id": "7263730644",
            "user name": "村民老梁的新号",
            "content": "淘宝赶紧上货川普同款高腰裤。",
            "time": "21-5-9 07:59"
        },
        {
            "comment id": 141,
            "parent": -1,
            "children": [],
            "user id": "6522353578",
            "user name": "性少数走饭",
            "content": "川宝宝真可爱",
            "time": "21-5-9 07:57"
        },
        {
            "comment id": 142,
            "parent": -1,
            "children": [],
            "user id": "2780279265",
            "user name": "北斗_玉衡",
            "content": "当真吗这个？",
            "time": "21-5-9 12:40"
        },
        {
            "comment id": 143,
            "parent": -1,
            "children": [],
            "user id": "1405455490",
            "user name": "帕斯捷尔纳克_",
            "content": "满意的离开评论区",
            "time": "21-5-9 09:36"
        },
        {
            "comment id": 144,
            "parent": -1,
            "children": [],
            "user id": "7311575089",
            "user name": "小柒16128",
            "content": "这身打扮莫非他也是他的粉丝？",
            "time": "21-5-9 14:22"
        },
        {
            "comment id": 145,
            "parent": -1,
            "children": [],
            "user id": "1433396633",
            "user name": "和联胜吉米",
            "content": "这裤腰比长着还高",
            "time": "21-5-9 11:36"
        },
        {
            "comment id": 146,
            "parent": -1,
            "children": [],
            "user id": "2028864137",
            "user name": "侬要辣酱伐",
            "content": "长者系裤子的方式，难道建国是长者派过去的？",
            "time": "21-5-9 10:04"
        },
        {
            "comment id": 147,
            "parent": -1,
            "children": [],
            "user id": "1919392507",
            "user name": "WallE-啟健",
            "content": "原来也是他的粉丝",
            "time": "21-5-9 08:18"
        },
        {
            "comment id": 148,
            "parent": -1,
            "children": [],
            "user id": "3758933350",
            "user name": "王小波36D",
            "content": "越来越像唐老鸭了",
            "time": "21-5-9 08:17"
        },
        {
            "comment id": 149,
            "parent": -1,
            "children": [],
            "user id": "5909098336",
            "user name": "膜导书士",
            "content": "这裤腰，水平很高啊",
            "time": "21-5-9 08:16"
        },
        {
            "comment id": 150,
            "parent": -1,
            "children": [],
            "user id": "3174916445",
            "user name": "佳森林木",
            "content": "fake news ",
            "time": "21-5-17 10:52"
        },
        {
            "comment id": 151,
            "parent": -1,
            "children": [],
            "user id": "1782077114",
            "user name": "龙飞翔5485",
            "content": "这裤子穿到胸部？！",
            "time": "21-5-17 03:51"
        },
        {
            "comment id": 152,
            "parent": -1,
            "children": [],
            "user id": "5281606632",
            "user name": "德方才彦_921",
            "content": "乔老师，你危险了哦。",
            "time": "21-5-13 23:27"
        },
        {
            "comment id": 153,
            "parent": -1,
            "children": [],
            "user id": "1103706860",
            "user name": "akk30300",
            "content": "",
            "time": "21-5-13 21:22"
        },
        {
            "comment id": 154,
            "parent": -1,
            "children": [],
            "user id": "5983319845",
            "user name": "青石2233",
            "content": "我想说，特爷，回来吧！我们想你了！",
            "time": "21-5-13 16:27"
        },
        {
            "comment id": 155,
            "parent": -1,
            "children": [],
            "user id": "5335144441",
            "user name": "psycho_poplar",
            "content": "举报能管用？",
            "time": "21-5-11 00:13"
        },
        {
            "comment id": 156,
            "parent": -1,
            "children": [],
            "user id": "1254168250",
            "user name": "迷航的小船",
            "content": "我想起了包二奶！",
            "time": "21-5-10 20:35"
        },
        {
            "comment id": 157,
            "parent": -1,
            "children": [],
            "user id": "1254168250",
            "user name": "迷航的小船",
            "content": "我说怎么不更新了，看来要等15天，不适应！",
            "time": "21-5-10 20:31"
        },
        {
            "comment id": 158,
            "parent": -1,
            "children": [],
            "user id": "5390538480",
            "user name": "牛刀小菜",
            "content": "卧槽，这裤腰像是致敬我国前任大领导哦！",
            "time": "21-5-9 20:14"
        },
        {
            "comment id": 159,
            "parent": -1,
            "children": [],
            "user id": "6880937637",
            "user name": "陋室主人韩大红",
            "content": "长者风范！",
            "time": "21-5-9 19:31"
        },
        {
            "comment id": 160,
            "parent": -1,
            "children": [],
            "user id": "6138712702",
            "user name": "盛金隆",
            "content": "你们呐，不要听风就是雨，图样图森破，上楼拿衣服",
            "time": "21-5-9 17:45"
        },
        {
            "comment id": 161,
            "parent": -1,
            "children": [],
            "user id": "2783474505",
            "user name": "老海lg",
            "content": "掩饰纸尿裤",
            "time": "21-5-9 15:47"
        },
        {
            "comment id": 162,
            "parent": -1,
            "children": [],
            "user id": "1907132637",
            "user name": "托-马斯",
            "content": "加一秒？",
            "time": "21-5-9 15:23"
        },
        {
            "comment id": 163,
            "parent": -1,
            "children": [
                164
            ],
            "user id": "5188664417",
            "user name": "追风少女可达鸭",
            "content": "@如果今年一切顺利就去听杰伦现场",
            "time": "21-5-9 15:09"
        },
        {
            "comment id": 164,
            "parent": 163,
            "children": [],
            "user id": "5236843507",
            "user name": "烤肠爱好者猪先生",
            "content": "他的裤子为啥这么高",
            "time": "21-5-9 15:56"
        },
        {
            "comment id": 165,
            "parent": -1,
            "children": [
                166
            ],
            "user id": "1933303753",
            "user name": "faiieeee",
            "content": "@suzaku-hardstone 草",
            "time": "21-5-9 15:01"
        },
        {
            "comment id": 166,
            "parent": 165,
            "children": [],
            "user id": "2875644872",
            "user name": "suzaku-hardstone",
            "content": "我草 这是飞升？",
            "time": "21-5-9 16:01"
        },
        {
            "comment id": 167,
            "parent": -1,
            "children": [],
            "user id": "1705712900",
            "user name": "飓风老张",
            "content": "我只能说川普这个打扮是包二奶",
            "time": "21-5-9 14:55"
        },
        {
            "comment id": 168,
            "parent": -1,
            "children": [
                169
            ],
            "user id": "1612438447",
            "user name": "今日口条",
            "content": "@谢天卓",
            "time": "21-5-9 14:11"
        },
        {
            "comment id": 169,
            "parent": 168,
            "children": [],
            "user id": "2854773394",
            "user name": "谢天卓",
            "content": "",
            "time": "21-5-9 14:14"
        },
        {
            "comment id": 170,
            "parent": -1,
            "children": [],
            "user id": "1498711154",
            "user name": "小米樊James",
            "content": "裤腰很眼熟😂",
            "time": "21-5-9 14:00"
        },
        {
            "comment id": 171,
            "parent": -1,
            "children": [],
            "user id": "2505835142",
            "user name": "闷声发财黑白猫",
            "content": "卧槽，走加急通道",
            "time": "21-5-9 13:57"
        },
        {
            "comment id": 172,
            "parent": -1,
            "children": [],
            "user id": "6522662341",
            "user name": "唐纶馥two",
            "content": "你这裤子高度你想干什么",
            "time": "21-5-9 13:55"
        },
        {
            "comment id": 173,
            "parent": -1,
            "children": [],
            "user id": "1750825951",
            "user name": "薰年国醒",
            "content": "看文字带语音的，暴露年纪了。",
            "time": "21-5-9 13:36"
        },
        {
            "comment id": 174,
            "parent": -1,
            "children": [],
            "user id": "1660967015",
            "user name": "汤尼大史",
            "content": "这腿有1米8了",
            "time": "21-5-9 13:11"
        },
        {
            "comment id": 175,
            "parent": -1,
            "children": [],
            "user id": "7308996002",
            "user name": "龙少爷23123",
            "content": "我靠",
            "time": "21-5-9 13:08"
        },
        {
            "comment id": 176,
            "parent": -1,
            "children": [],
            "user id": "5738866900",
            "user name": "闲得有点错乱",
            "content": "这裤腰明显是抄袭",
            "time": "21-5-9 12:49"
        },
        {
            "comment id": 177,
            "parent": -1,
            "children": [],
            "user id": "6536539388",
            "user name": "小分皿",
            "content": "胸以下都是大长腿",
            "time": "21-5-9 12:30"
        },
        {
            "comment id": 178,
            "parent": -1,
            "children": [
                179
            ],
            "user id": "5130538272",
            "user name": "不羁的粽子",
            "content": "@BullshittArtistt 哈哈哈哈哈哈腰带",
            "time": "21-5-9 11:59"
        },
        {
            "comment id": 179,
            "parent": 178,
            "children": [],
            "user id": "1758555865",
            "user name": "BullshittArtistt",
            "content": "致敬长者",
            "time": "21-5-9 12:10"
        },
        {
            "comment id": 180,
            "parent": -1,
            "children": [],
            "user id": "1154603544",
            "user name": "plusplusi",
            "content": "这裤子？",
            "time": "21-5-9 11:57"
        },
        {
            "comment id": 181,
            "parent": -1,
            "children": [],
            "user id": "3935486993",
            "user name": "jzxlzl",
            "content": "裤带的位置这么高！",
            "time": "21-5-9 11:17"
        }
    ]
}