{
    "source": {
        "content": "潍坊风筝节，大人没有看好孩子，风筝尾巴没有成人管理，小孩脖子缠住上拉上天了，颈椎断了，活不了了。 飞鹏319的微博视频 ",
        "time": "21-5-7 11:02",
        "user id": "1564617371",
        "tweet id": "Kel0QmxDf",
        "label": 1,
        "theme": null
    },
    "comment": [
        {
            "comment id": 0,
            "parent": -1,
            "children": [],
            "user id": "1564617371",
            "user name": "飞鹏319",
            "content": "//@落归聚任:您好，您于11时02分发的潍坊风筝节，大人没有看好孩子，风筝尾巴没有成人管理，小孩脖子缠住上拉上天了，颈椎断了，活不了了视频是在台湾发生并不是潍坊，该条信息属于虚假信息，如果您如果转发量和点击量到达一定数量，会被追究刑事责任，请删除给条信息，谢谢",
            "time": "21-5-8 03:14"
        },
        {
            "comment id": 1,
            "parent": -1,
            "children": [],
            "user id": "1564617371",
            "user name": "飞鹏319",
            "content": "我是博主，今晨已将该微博删除，谢谢大家指正，我对自己发布不实微博深表报歉。",
            "time": "21-5-8 03:10"
        },
        {
            "comment id": 2,
            "parent": -1,
            "children": [],
            "user id": "2610710771",
            "user name": "爱了了521",
            "content": "你这样毫无事实根据的制造谣言，良心不会痛吗？你从哪来的信息？东拼西凑就说是潍坊的，还颈椎断了，活不了了。这视频明明是台湾的嘛。没有任何证据就敢发布出来，你这也太过分了吧？没有调查就没有发言权，看简介，你说是1942年3月19日毕业于清华大学的退休干部，我严重怀疑你身份造假。",
            "time": "21-5-7 17:19"
        },
        {
            "comment id": 3,
            "parent": -1,
            "children": [],
            "user id": "6143042871",
            "user name": "落归聚任",
            "content": "您好，您于11时02分发的潍坊风筝节，大人没有看好孩子，风筝尾巴没有成人管理，小孩脖子缠住上拉上天了，颈椎断了，活不了了视频是在台湾发生并不是潍坊，该条信息属于虚假信息，如果您如果转发量和点击量到达一定数量，会被追究刑事责任，请删除给条信息，谢谢",
            "time": "21-5-7 16:48"
        },
        {
            "comment id": 4,
            "parent": -1,
            "children": [],
            "user id": "7457821210",
            "user name": "不知道叫啥的小花生",
            "content": "这…… 话不能瞎说，本视频是在风筝节之前就在热搜上出现过了，首先不是潍坊风筝节的事情，而且小朋友是双手抓住了尾巴，最后被人群接住了，没有出现大碍      请不要对小朋友这么恶意",
            "time": "21-5-7 11:56"
        }
    ]
}