{
    "source": {
        "content": "最近黄山的摩友注意啊，幸亏我没去，多危险啊！………不过越想越觉得黄山公安局无意中给她们打了个广告 ",
        "time": "21-5-13 16:34",
        "user id": "1611853174",
        "tweet id": "KfhKvdP2r",
        "label": 1,
        "theme": null
    },
    "comment": [
        {
            "comment id": 0,
            "parent": -1,
            "children": [
                1
            ],
            "user id": "1190699500",
            "user name": "谁在用披萨弹奏一曲东风破",
            "content": "vx群里我发你这通报的同时，我朋友几乎同时发的这个。。。。。真尼玛绝了，呼应上了 ",
            "time": "21-5-13 16:40"
        },
        {
            "comment id": 1,
            "parent": 0,
            "children": [
                2
            ],
            "user id": "1611853174",
            "user name": "谷岳",
            "content": "不会吧",
            "time": "21-5-13 16:43"
        },
        {
            "comment id": 2,
            "parent": 1,
            "children": [],
            "user id": "1190699500",
            "user name": "谁在用披萨弹奏一曲东风破",
            "content": "回复@谷岳:我发完图，字还没打完，那边图就发过来了 查看图片",
            "time": "21-5-13 16:45"
        },
        {
            "comment id": 3,
            "parent": -1,
            "children": [
                6,
                7,
                9,
                10,
                12
            ],
            "user id": "3592164734",
            "user name": "Sunburnsdown",
            "content": "……这文笔不像是警方通报",
            "time": "21-5-13 16:36"
        },
        {
            "comment id": 4,
            "parent": 12,
            "children": [],
            "user id": "6801425776",
            "user name": "treatortrick2018",
            "content": "回复@谷岳:你都敢吹牛逼，别人不敢冒充？",
            "time": "21-11-7 17:26"
        },
        {
            "comment id": 5,
            "parent": 12,
            "children": [],
            "user id": "7011564665",
            "user name": "雨樵33310",
            "content": "回复@谷岳:我看你就有这个胆",
            "time": "21-5-14 04:27"
        },
        {
            "comment id": 6,
            "parent": 3,
            "children": [],
            "user id": "2825143235",
            "user name": "郭小蜂",
            "content": "格式也有明显问题，空两格",
            "time": "21-5-13 22:04"
        },
        {
            "comment id": 7,
            "parent": 3,
            "children": [],
            "user id": "1624361547",
            "user name": "椿桐夏语冰",
            "content": "文笔就不是警方通报，可以认为是冒充警方的造谣了",
            "time": "21-5-13 18:46"
        },
        {
            "comment id": 8,
            "parent": 12,
            "children": [],
            "user id": "2377335385",
            "user name": "我保护着你",
            "content": "回复@谷岳:大概率假的",
            "time": "21-5-13 18:31"
        },
        {
            "comment id": 9,
            "parent": 3,
            "children": [],
            "user id": "1212817424",
            "user name": "FailyDote",
            "content": "错别字有点难受。 查看图片",
            "time": "21-5-13 16:44"
        },
        {
            "comment id": 10,
            "parent": 3,
            "children": [],
            "user id": "2068745647",
            "user name": "千夏子",
            "content": "还有错别字",
            "time": "21-5-13 16:43"
        },
        {
            "comment id": 11,
            "parent": 12,
            "children": [],
            "user id": "1740531807",
            "user name": "幽怨的深海人鱼",
            "content": "回复@谷岳:微博沒搜到",
            "time": "21-5-13 16:42"
        },
        {
            "comment id": 12,
            "parent": 3,
            "children": [
                4,
                5,
                8,
                11
            ],
            "user id": "1611853174",
            "user name": "谷岳",
            "content": "是吗？谁敢冒充",
            "time": "21-5-13 16:41"
        },
        {
            "comment id": 13,
            "parent": -1,
            "children": [
                14
            ],
            "user id": "1679861513",
            "user name": "黄二胖",
            "content": "@黄山公安在线 的微博没有呀",
            "time": "21-5-13 16:40"
        },
        {
            "comment id": 14,
            "parent": 13,
            "children": [],
            "user id": "1611853174",
            "user name": "谷岳",
            "content": "朋友发给我的，不清楚",
            "time": "21-5-13 16:44"
        },
        {
            "comment id": 15,
            "parent": -1,
            "children": [
                16
            ],
            "user id": "2115523273",
            "user name": "大排摩托",
            "content": "太危险了……",
            "time": "21-5-13 16:37"
        },
        {
            "comment id": 16,
            "parent": 15,
            "children": [],
            "user id": "1611853174",
            "user name": "谷岳",
            "content": "",
            "time": "21-5-13 16:41"
        },
        {
            "comment id": 17,
            "parent": -1,
            "children": [
                18,
                19
            ],
            "user id": "2673774981",
            "user name": "Rebecca是小圆子吖",
            "content": "主要是谷老师没有那些个世俗的欲望",
            "time": "21-5-13 16:43"
        },
        {
            "comment id": 18,
            "parent": 17,
            "children": [],
            "user id": "1611853174",
            "user name": "谷岳",
            "content": "阿弥陀佛",
            "time": "21-5-13 16:45"
        },
        {
            "comment id": 19,
            "parent": 17,
            "children": [],
            "user id": "2673774981",
            "user name": "Rebecca是小圆子吖",
            "content": "",
            "time": "21-5-13 16:46"
        },
        {
            "comment id": 20,
            "parent": -1,
            "children": [
                21
            ],
            "user id": "2962424067",
            "user name": "花未眠889",
            "content": "哈哈 你又不容易上当 那不是你的菜",
            "time": "21-5-13 16:36"
        },
        {
            "comment id": 21,
            "parent": 20,
            "children": [],
            "user id": "1611853174",
            "user name": "谷岳",
            "content": "🙏",
            "time": "21-5-13 16:41"
        },
        {
            "comment id": 22,
            "parent": -1,
            "children": [
                23
            ],
            "user id": "1860499872",
            "user name": "吴昊2022",
            "content": "要写群众报警而不是举报，必要时也写成了是，勾引发生关系并不构成犯罪，没有警情，肯定假，纯属娱乐。",
            "time": "21-5-13 16:39"
        },
        {
            "comment id": 23,
            "parent": 22,
            "children": [],
            "user id": "1611853174",
            "user name": "谷岳",
            "content": "是吧，我再问问",
            "time": "21-5-13 16:44"
        },
        {
            "comment id": 24,
            "parent": -1,
            "children": [
                25
            ],
            "user id": "1850672121",
            "user name": "chen530530",
            "content": "所以你去了，就会被勾引？把持不住？",
            "time": "21-5-13 16:38"
        },
        {
            "comment id": 25,
            "parent": 24,
            "children": [
                26
            ],
            "user id": "1611853174",
            "user name": "谷岳",
            "content": "我就不去",
            "time": "21-5-13 16:45"
        },
        {
            "comment id": 26,
            "parent": 25,
            "children": [],
            "user id": "1850672121",
            "user name": "chen530530",
            "content": "回复@谷岳:想起你当年一路向南，在墨西哥有个考古女性想睡你",
            "time": "21-5-13 17:46"
        },
        {
            "comment id": 27,
            "parent": -1,
            "children": [
                28,
                29,
                30
            ],
            "user id": "5923698448",
            "user name": "黄山网警巡查执法",
            "content": "该警情通报乃网友p图虚构，谣言止于智者，请及时删除，以免造成不必要的影响。",
            "time": "21-5-13 20:30"
        },
        {
            "comment id": 28,
            "parent": 27,
            "children": [],
            "user id": "6567309150",
            "user name": "00木婉00",
            "content": "这谣言还没删除呢",
            "time": "21-11-16 10:06"
        },
        {
            "comment id": 29,
            "parent": 27,
            "children": [],
            "user id": "6605021046",
            "user name": "柒拾柒君",
            "content": "博主怎么不回复这个评论了？",
            "time": "21-5-16 09:41"
        },
        {
            "comment id": 30,
            "parent": 27,
            "children": [],
            "user id": "5284291641",
            "user name": "依然范德彪VanDebiao",
            "content": "@谷岳 置顶这个吧",
            "time": "21-5-14 09:45"
        },
        {
            "comment id": 31,
            "parent": -1,
            "children": [],
            "user id": "2694782097",
            "user name": "入民曰刊",
            "content": "女的勾引？这是官方的通告吗",
            "time": "21-5-13 16:37"
        },
        {
            "comment id": 32,
            "parent": -1,
            "children": [],
            "user id": "1969902627",
            "user name": "帅哓乐",
            "content": "假的要死",
            "time": "21-5-13 17:36"
        },
        {
            "comment id": 33,
            "parent": -1,
            "children": [],
            "user id": "1893883832",
            "user name": "飘雨若昔",
            "content": "像假的 错别字“趁”",
            "time": "21-5-13 17:04"
        },
        {
            "comment id": 34,
            "parent": -1,
            "children": [],
            "user id": "1839354384",
            "user name": "四喜什么丸子",
            "content": "署名那个官方微博都没有发布，假",
            "time": "21-5-13 16:57"
        },
        {
            "comment id": 35,
            "parent": -1,
            "children": [],
            "user id": "2567129607",
            "user name": "米粒1448128683",
            "content": "哈哈，好像谷岳你去了，你就会",
            "time": "21-5-13 16:46"
        },
        {
            "comment id": 36,
            "parent": -1,
            "children": [],
            "user id": "2842480135",
            "user name": "只能叫老高了",
            "content": "没有啊。假的吧",
            "time": "21-5-13 16:38"
        },
        {
            "comment id": 37,
            "parent": -1,
            "children": [],
            "user id": "5509412930",
            "user name": "26字母118元素",
            "content": "仙人跳，男女合作，警匪合作，钓鱼执法",
            "time": "21-5-17 13:58"
        },
        {
            "comment id": 38,
            "parent": -1,
            "children": [],
            "user id": "2960568777",
            "user name": "拐脚-",
            "content": "哈哈",
            "time": "21-5-14 21:31"
        },
        {
            "comment id": 39,
            "parent": -1,
            "children": [],
            "user id": "5307523920",
            "user name": "畅听卡的符号",
            "content": "@黄山公安在线 有人伪造警方通报",
            "time": "21-5-13 20:40"
        },
        {
            "comment id": 40,
            "parent": -1,
            "children": [],
            "user id": "1855954693",
            "user name": "右亲亲左亲",
            "content": "报警电话有点假",
            "time": "21-5-13 19:40"
        },
        {
            "comment id": 41,
            "parent": -1,
            "children": [],
            "user id": "7456075038",
            "user name": "Jebediah在坎巴拉",
            "content": "蓝底白字都敢伪造，赶紧收拾细软吧。",
            "time": "21-5-13 19:30"
        },
        {
            "comment id": 42,
            "parent": -1,
            "children": [],
            "user id": "2558962802",
            "user name": "浮世听澜",
            "content": "黄山仙人跳是出名的",
            "time": "21-5-13 18:24"
        },
        {
            "comment id": 43,
            "parent": -1,
            "children": [],
            "user id": "1919478155",
            "user name": "parisye",
            "content": "你去了就这么着？",
            "time": "21-5-13 18:23"
        },
        {
            "comment id": 44,
            "parent": -1,
            "children": [],
            "user id": "2395849464",
            "user name": "这么近却还是那么远",
            "content": "幸亏我不会骑摩托车",
            "time": "21-5-13 18:16"
        },
        {
            "comment id": 45,
            "parent": -1,
            "children": [],
            "user id": "3283121855",
            "user name": "擼九串",
            "content": "地球太乱了 幸亏我特么喜欢男的",
            "time": "21-5-13 18:11"
        },
        {
            "comment id": 46,
            "parent": -1,
            "children": [],
            "user id": "2665379261",
            "user name": "达瓦里希的沉默",
            "content": "懂了，这就通知朋友去黄山！",
            "time": "21-5-13 17:56"
        },
        {
            "comment id": 47,
            "parent": -1,
            "children": [],
            "user id": "2080559345",
            "user name": "watchcn",
            "content": "谁借我个摩托，拉我入会",
            "time": "21-5-13 17:42"
        },
        {
            "comment id": 48,
            "parent": -1,
            "children": [],
            "user id": "6385364575",
            "user name": "喻小才",
            "content": "哈哈哈哈哈哈哈哈哈，认真严肃有点儿滑稽",
            "time": "21-5-13 17:40"
        },
        {
            "comment id": 49,
            "parent": -1,
            "children": [],
            "user id": "2606476585",
            "user name": "鱼儿快步走121",
            "content": "哈哈～谷同学你太有趣了。",
            "time": "21-5-13 17:36"
        },
        {
            "comment id": 50,
            "parent": -1,
            "children": [],
            "user id": "3980149931",
            "user name": "soupduchess_4571so4",
            "content": "谢谢分享",
            "time": "21-5-13 17:29"
        },
        {
            "comment id": 51,
            "parent": -1,
            "children": [],
            "user id": "1773595892",
            "user name": "芸三爷",
            "content": "发个定位",
            "time": "21-5-13 17:16"
        },
        {
            "comment id": 52,
            "parent": -1,
            "children": [],
            "user id": "7070416481",
            "user name": "贝弗利64608",
            "content": "假",
            "time": "21-5-13 17:15"
        },
        {
            "comment id": 53,
            "parent": -1,
            "children": [],
            "user id": "2714270472",
            "user name": "夏天的风0421",
            "content": "黄山我已爬不动了。",
            "time": "21-5-13 17:13"
        },
        {
            "comment id": 54,
            "parent": -1,
            "children": [],
            "user id": "6579873499",
            "user name": "IU匿",
            "content": "请问如何去",
            "time": "21-5-13 17:07"
        },
        {
            "comment id": 55,
            "parent": -1,
            "children": [],
            "user id": "1568343731",
            "user name": "Jon_Blog",
            "content": "哈哈 明白人",
            "time": "21-5-13 16:58"
        },
        {
            "comment id": 56,
            "parent": -1,
            "children": [],
            "user id": "1729477307",
            "user name": "路上的苹果",
            "content": "为什么看到这个提醒莫名觉得好笑啊所以是去了一定会被勾引么",
            "time": "21-5-13 16:50"
        },
        {
            "comment id": 57,
            "parent": -1,
            "children": [],
            "user id": "1664946834",
            "user name": "艺名马建国",
            "content": "我前天刚从黄山回来没有机会见识了",
            "time": "21-5-13 16:49"
        },
        {
            "comment id": 58,
            "parent": -1,
            "children": [],
            "user id": "2090186934",
            "user name": "jjzz007",
            "content": "现在就去买摩托，赶得上吗？",
            "time": "21-5-13 16:49"
        },
        {
            "comment id": 59,
            "parent": -1,
            "children": [],
            "user id": "1911586892",
            "user name": "story-LXJ",
            "content": "哈哈哈哈哈哈谷老师你真的够了",
            "time": "21-5-13 16:48"
        },
        {
            "comment id": 60,
            "parent": -1,
            "children": [],
            "user id": "2392892012",
            "user name": "匆花桨片和蒜瓣儿",
            "content": "也没有说这是仙人跳，也没有说这是违法卖淫，到底是什么意思？？",
            "time": "21-5-13 16:46"
        },
        {
            "comment id": 61,
            "parent": -1,
            "children": [],
            "user id": "1852387511",
            "user name": "飞翔的尘埃啊",
            "content": "一看就是假的，分辨力不行啊",
            "time": "21-5-13 16:46"
        },
        {
            "comment id": 62,
            "parent": -1,
            "children": [],
            "user id": "5571643605",
            "user name": "屁儿真棒",
            "content": "哈哈哈，这",
            "time": "21-5-13 16:46"
        },
        {
            "comment id": 63,
            "parent": -1,
            "children": [],
            "user id": "2448057767",
            "user name": "张果老骑骡子",
            "content": "这是景区促销广告吧",
            "time": "21-5-13 16:44"
        },
        {
            "comment id": 64,
            "parent": -1,
            "children": [],
            "user id": "1493211294",
            "user name": "郭胜利亚诺",
            "content": "这会儿现学摩托本儿是不是有点儿晚了？",
            "time": "21-5-13 16:44"
        },
        {
            "comment id": 65,
            "parent": -1,
            "children": [],
            "user id": "6750909485",
            "user name": "imax柒柒",
            "content": "所以 信息都是按需索取。。话说现在普遍性的“开放”，放在过去这是要定“流氓罪”的",
            "time": "21-5-13 16:44"
        },
        {
            "comment id": 66,
            "parent": -1,
            "children": [],
            "user id": "5980782426",
            "user name": "me东邪西毒",
            "content": "谷大爷是怕自己把持不住",
            "time": "21-5-13 16:44"
        },
        {
            "comment id": 67,
            "parent": -1,
            "children": [],
            "user id": "1879438561",
            "user name": "Liur___",
            "content": "“必要是”？？",
            "time": "21-5-13 16:43"
        },
        {
            "comment id": 68,
            "parent": -1,
            "children": [],
            "user id": "1479570925",
            "user name": "千里马天津",
            "content": "岳哥出门带位女士吧安全",
            "time": "21-5-13 16:42"
        },
        {
            "comment id": 69,
            "parent": -1,
            "children": [],
            "user id": "3061543011",
            "user name": "我是一只你不要的狗而已",
            "content": "文笔像假的",
            "time": "21-5-13 16:42"
        },
        {
            "comment id": 70,
            "parent": -1,
            "children": [],
            "user id": "7396315427",
            "user name": "anong002",
            "content": "好好整改",
            "time": "21-5-13 16:38"
        },
        {
            "comment id": 71,
            "parent": -1,
            "children": [],
            "user id": "7494927371",
            "user name": "可爱的企鹅君",
            "content": "洁身自好😂",
            "time": "21-5-13 16:38"
        },
        {
            "comment id": 72,
            "parent": -1,
            "children": [],
            "user id": "2094234902",
            "user name": "海明Chan",
            "content": "免费餐吗，如果是真倒很吸引",
            "time": "21-5-13 16:38"
        },
        {
            "comment id": 73,
            "parent": -1,
            "children": [],
            "user id": "2521958180",
            "user name": "今夜不饮酒",
            "content": "其实你内心是想去的",
            "time": "21-5-13 16:37"
        },
        {
            "comment id": 74,
            "parent": -1,
            "children": [],
            "user id": "3743487773",
            "user name": "懒懒的人tg",
            "content": "有什么危害吗",
            "time": "21-5-13 16:36"
        },
        {
            "comment id": 75,
            "parent": -1,
            "children": [],
            "user id": "3714432310",
            "user name": "风之牧鞭",
            "content": "现在考E本来得及么",
            "time": "21-5-13 16:36"
        },
        {
            "comment id": 76,
            "parent": -1,
            "children": [],
            "user id": "2123571983",
            "user name": "R李哲",
            "content": "广告贴",
            "time": "21-5-13 16:36"
        },
        {
            "comment id": 77,
            "parent": -1,
            "children": [],
            "user id": "1769824534",
            "user name": "zpyzhuzhu",
            "content": "哈哈哈哈哈！这下全知道了",
            "time": "21-5-13 16:36"
        },
        {
            "comment id": 78,
            "parent": -1,
            "children": [],
            "user id": "6292785929",
            "user name": "So我可以等待",
            "content": "转给我我要去黄山旅游的同事了",
            "time": "21-5-13 16:35"
        },
        {
            "comment id": 79,
            "parent": -1,
            "children": [],
            "user id": "1981878934",
            "user name": "鲁邦多坏",
            "content": "女施主在哪里？",
            "time": "21-5-13 16:35"
        },
        {
            "comment id": 80,
            "parent": -1,
            "children": [],
            "user id": "6493699593",
            "user name": "chris_wyang",
            "content": "骑上我心爱的小摩托去黄山",
            "time": "21-5-13 16:35"
        },
        {
            "comment id": 81,
            "parent": -1,
            "children": [],
            "user id": "2284826595",
            "user name": "李-智-障",
            "content": "男孩子在外面一定要保护好自己",
            "time": "21-5-13 16:35"
        },
        {
            "comment id": 82,
            "parent": -1,
            "children": [],
            "user id": "1783290797",
            "user name": "起立计划",
            "content": "哈哈哈哈哈哈哈",
            "time": "21-5-13 16:35"
        },
        {
            "comment id": 83,
            "parent": -1,
            "children": [],
            "user id": "6828925252",
            "user name": "吃橘子公主",
            "content": "发生完呢？诈骗钱财了还是怎么着？",
            "time": "21-5-13 16:35"
        },
        {
            "comment id": 84,
            "parent": -1,
            "children": [],
            "user id": "2101654292",
            "user name": "sarah_1",
            "content": "。。。",
            "time": "21-5-13 16:35"
        },
        {
            "comment id": 85,
            "parent": -1,
            "children": [],
            "user id": "1768263383",
            "user name": "半5十警告-",
            "content": "呵呵，是想进🍊吗？",
            "time": "21-5-14 18:33"
        },
        {
            "comment id": 86,
            "parent": -1,
            "children": [],
            "user id": "5534174521",
            "user name": "Mocha和Angie的日常",
            "content": "黄山本土人表示警方已经辟谣 这是伪造的",
            "time": "21-5-13 19:43"
        },
        {
            "comment id": 87,
            "parent": -1,
            "children": [],
            "user id": "6611096981",
            "user name": "金陵郭健",
            "content": "我们过去都是\"自带干粮、男女搭配、摩旅不累\"不给黄山警官添麻烦---------//@胡淼峪: //@大排摩托: 太危险了……",
            "time": "21-5-13 18:41"
        },
        {
            "comment id": 88,
            "parent": -1,
            "children": [],
            "user id": "5636724524",
            "user name": "小狮子佑酱",
            "content": "肯定是假的！要是真有这么好的事，谁会说出来?",
            "time": "21-5-13 17:46"
        },
        {
            "comment id": 89,
            "parent": -1,
            "children": [],
            "user id": "5311862572",
            "user name": "胖球少年环花花",
            "content": "需要助力转发过五百吗",
            "time": "21-5-13 17:05"
        },
        {
            "comment id": 90,
            "parent": -1,
            "children": [],
            "user id": "5419807100",
            "user name": "WINDCLUB枫飞",
            "content": "请问这个通过您是哪里看到的?",
            "time": "21-5-13 17:17"
        },
        {
            "comment id": 91,
            "parent": -1,
            "children": [],
            "user id": "7278183209",
            "user name": "别再骗她了",
            "content": "不实消息已经处理哈哈哈哈",
            "time": "21-12-29 19:21"
        },
        {
            "comment id": 92,
            "parent": -1,
            "children": [],
            "user id": "1115996147",
            "user name": "JeremyLee11",
            "content": "伪造的……删了吧",
            "time": "21-5-13 20:30"
        },
        {
            "comment id": 93,
            "parent": -1,
            "children": [],
            "user id": "1874612250",
            "user name": "宝宝的猪猪1122",
            "content": "警方已证实是谣言 不信谣 不传谣",
            "time": "21-5-13 20:23"
        },
        {
            "comment id": 94,
            "parent": -1,
            "children": [],
            "user id": "7503853241",
            "user name": "_金鱼佬",
            "content": "@钟鸿飞 ",
            "time": "21-5-13 19:42"
        },
        {
            "comment id": 95,
            "parent": -1,
            "children": [],
            "user id": "2196328710",
            "user name": "经略幽燕我童贯",
            "content": "没有敲诈勒索？",
            "time": "21-5-13 19:35"
        },
        {
            "comment id": 96,
            "parent": -1,
            "children": [],
            "user id": "1706371072",
            "user name": "Benson在台弯",
            "content": "涉警涉军的谣言也敢发",
            "time": "21-5-13 18:43"
        },
        {
            "comment id": 97,
            "parent": -1,
            "children": [],
            "user id": "2274082730",
            "user name": "石维秋",
            "content": "赶紧问问你朋友哪里看到的 抓住源头",
            "time": "21-5-13 18:20"
        },
        {
            "comment id": 98,
            "parent": -1,
            "children": [],
            "user id": "2626290675",
            "user name": "海宁狮岭人",
            "content": "ps痕迹严重，不传谣，不信谣",
            "time": "21-5-13 17:48"
        },
        {
            "comment id": 99,
            "parent": -1,
            "children": [],
            "user id": "1862783833",
            "user name": "Zz木贞zZ",
            "content": "哈哈哈哈",
            "time": "21-5-13 17:47"
        },
        {
            "comment id": 100,
            "parent": -1,
            "children": [],
            "user id": "6595668991",
            "user name": "渣浪微博快要破产",
            "content": "@黄山公安在线",
            "time": "21-5-13 17:47"
        },
        {
            "comment id": 101,
            "parent": -1,
            "children": [],
            "user id": "7395721531",
            "user name": "Vieyyw",
            "content": "劝博主尽快删除吧 转发多了就糟了",
            "time": "21-5-13 17:29"
        }
    ]
}