{
    "source": {
        "content": "#国家卫健委已派出工作组赴辽宁#国家卫健委派出工作组赶赴大连大连本次聚集性疫情已累计报告19例确诊病例#今日热门# 小二看剧的微博视频 ",
        "time": "21-5-17 23:43",
        "user id": "6395502502",
        "tweet id": "KfWgx6LoO",
        "label": 1,
        "theme": null
    },
    "comment": [
        {
            "comment id": 0,
            "parent": -1,
            "children": [
                1
            ],
            "user id": "5701782141",
            "user name": "奔跑14518",
            "content": "大连19病例？",
            "time": "21-5-18 05:05"
        },
        {
            "comment id": 1,
            "parent": 0,
            "children": [],
            "user id": "1687458425",
            "user name": "我是马小淇",
            "content": "不知道给她给12月份疫情的新闻拿出来是啥意思。",
            "time": "21-5-18 09:32"
        },
        {
            "comment id": 2,
            "parent": -1,
            "children": [],
            "user id": "6130438721",
            "user name": "草莓牛乳冰淇淋",
            "content": "。。。才通网",
            "time": "21-5-18 00:05"
        },
        {
            "comment id": 3,
            "parent": -1,
            "children": [],
            "user id": "3963043643",
            "user name": "我就要叫不在",
            "content": "你好像有点大🧊",
            "time": "21-5-22 09:56"
        },
        {
            "comment id": 4,
            "parent": -1,
            "children": [],
            "user id": "1905915982",
            "user name": "黄煜骁宝",
            "content": "",
            "time": "21-5-18 08:53"
        },
        {
            "comment id": 5,
            "parent": -1,
            "children": [],
            "user id": "5874353412",
            "user name": "我心向阳2010",
            "content": "你这是哪年的？去年的吧！跟着乱什么。。。",
            "time": "21-5-18 06:55"
        },
        {
            "comment id": 6,
            "parent": -1,
            "children": [],
            "user id": "7344949620",
            "user name": "赛赛系我",
            "content": "从巴基斯坦逃回来的吗",
            "time": "21-5-18 01:29"
        }
    ]
}