{
    "source": {
        "content": "#大连劳动公园车祸#酒驾毒驾？ 雪儿ing1的微博视频 ",
        "time": "21-5-22 13:18",
        "user id": "2976509635",
        "tweet id": "KgDjqwoCv",
        "label": 1,
        "theme": null
    },
    "comment": [
        {
            "comment id": 0,
            "parent": -1,
            "children": [
                1,
                2,
                7,
                9,
                10,
                11
            ],
            "user id": "2976509635",
            "user name": "雪儿ing1",
            "content": "我说的是撞了9个或者10个人好吧",
            "time": "21-5-22 21:03"
        },
        {
            "comment id": 1,
            "parent": 0,
            "children": [],
            "user id": "7486353703",
            "user name": "为啥昵称不可用0361",
            "content": "哈哈哈理解理解",
            "time": "21-5-24 11:31"
        },
        {
            "comment id": 2,
            "parent": 0,
            "children": [],
            "user id": "6105812214",
            "user name": "枫丹白露02791",
            "content": "他们不理解北方这种表达方法",
            "time": "21-5-22 22:15"
        },
        {
            "comment id": 3,
            "parent": 7,
            "children": [],
            "user id": "1598077337",
            "user name": "IM_JJJ",
            "content": "回复@迷人少女_Tesia:是的",
            "time": "21-5-22 22:12"
        },
        {
            "comment id": 4,
            "parent": 8,
            "children": [],
            "user id": "1231099105",
            "user name": "DoraAmoe_viabj",
            "content": "回复@雪儿ing1:今天下午我也被bb围攻了。",
            "time": "21-5-22 22:03"
        },
        {
            "comment id": 5,
            "parent": 8,
            "children": [],
            "user id": "3231798870",
            "user name": "Pretty777cs",
            "content": "回复@雪儿ing1:哎，别上火了，这事儿没几天就过去了。微博就是这样，乱象丛生的……",
            "time": "21-5-22 21:59"
        },
        {
            "comment id": 6,
            "parent": 8,
            "children": [],
            "user id": "3231798870",
            "user name": "Pretty777cs",
            "content": "回复@雪儿ing1:晕，这至于嘛？这帮人闲大了啊？",
            "time": "21-5-22 21:58"
        },
        {
            "comment id": 7,
            "parent": 0,
            "children": [
                3
            ],
            "user id": "3339052002",
            "user name": "迷人少女_Tesia",
            "content": "从第六秒开始听，你说撞死了，所以…才会判定不实信息吧…",
            "time": "21-5-22 21:58"
        },
        {
            "comment id": 8,
            "parent": 11,
            "children": [
                4,
                5,
                6
            ],
            "user id": "2976509635",
            "user name": "雪儿ing1",
            "content": "回复@DoraAmoe_viabj:举报我了",
            "time": "21-5-22 21:57"
        },
        {
            "comment id": 9,
            "parent": 0,
            "children": [],
            "user id": "2976509635",
            "user name": "雪儿ing1",
            "content": "回复@Victoria777cs:关键我被举报了",
            "time": "21-5-22 21:57"
        },
        {
            "comment id": 10,
            "parent": 0,
            "children": [],
            "user id": "3231798870",
            "user name": "Pretty777cs",
            "content": "外地人听不懂，新闻报道出来的数字更准确而已，这个问题没什么可值得较真的吧？",
            "time": "21-5-22 21:05"
        },
        {
            "comment id": 11,
            "parent": 0,
            "children": [
                8
            ],
            "user id": "1231099105",
            "user name": "DoraAmoe_viabj",
            "content": "北面银已经洗疯了，啥也不看上来就喷。",
            "time": "21-5-22 21:04"
        },
        {
            "comment id": 12,
            "parent": -1,
            "children": [
                14,
                18,
                19,
                22,
                24,
                25,
                26,
                27,
                28,
                29,
                30,
                31,
                32,
                33,
                34,
                35,
                36,
                37,
                38,
                39,
                40,
                41,
                42,
                43,
                44,
                45,
                46
            ],
            "user id": "1894275861",
            "user name": "不在乎却很在意",
            "content": "90来个人？？？？",
            "time": "21-5-22 14:52"
        },
        {
            "comment id": 13,
            "parent": 15,
            "children": [],
            "user id": "1894275861",
            "user name": "不在乎却很在意",
            "content": "回复@隔壁菇凉四零er:打那么多字你不嫌累我看着都嫌累。爱咋咋地吧",
            "time": "21-5-22 21:45"
        },
        {
            "comment id": 14,
            "parent": 12,
            "children": [],
            "user id": "6428182377",
            "user name": "VeeGuu",
            "content": "回复@Fantastzoe:这样说不太好吧....毕竟是方言外地人听不懂也是正常啊，包容点吧都",
            "time": "21-5-22 21:23"
        },
        {
            "comment id": 15,
            "parent": 17,
            "children": [
                13
            ],
            "user id": "5632487215",
            "user name": "隔壁菇凉四零er",
            "content": "回复@不在乎却很在意:而且下面评论也有那么多人听懂了 为什么要抓着这一点不放啊  最后被举报与事实不符微博来标注 不就是为了给你们这些杠的听不懂的人纠正么 真没必要抓着这个吵架吧 我知道你们这些v总是想被骂博眼球赚钱 我这次也因为真的不爽故意上你的道了",
            "time": "21-5-22 21:05"
        },
        {
            "comment id": 16,
            "parent": 17,
            "children": [],
            "user id": "5632487215",
            "user name": "隔壁菇凉四零er",
            "content": "回复@不在乎却很在意:啧 你说的这种想法我还真没有 我也没申请过 只是不爽为什么要因为这话挑刺 因为我也是大连人 就是这么个说话方式 我们应该难受的是那些去世的伟人和这些去世和受伤的无辜的百姓 而不是总是挑事蹭热度 看着你们这种真的感觉很影响心情 就想骂你们",
            "time": "21-5-22 20:47"
        },
        {
            "comment id": 17,
            "parent": 18,
            "children": [
                15,
                16
            ],
            "user id": "1894275861",
            "user name": "不在乎却很在意",
            "content": "回复@隔壁菇凉四零er:你咋那么能杠呢。微博不让你申请通过V心里不舒服看见带V的就不爽是吧",
            "time": "21-5-22 19:20"
        },
        {
            "comment id": 18,
            "parent": 12,
            "children": [
                17
            ],
            "user id": "5632487215",
            "user name": "隔壁菇凉四零er",
            "content": "挑刺的都是你们这帮带v想火的 就他妈离谱",
            "time": "21-5-22 18:44"
        },
        {
            "comment id": 19,
            "parent": 12,
            "children": [],
            "user id": "2483440347",
            "user name": "工口可爱到爆",
            "content": "回复@Fantastzoe:哪来的没爹妈教说话的孤儿啊",
            "time": "21-5-22 18:08"
        },
        {
            "comment id": 20,
            "parent": 36,
            "children": [],
            "user id": "1894275861",
            "user name": "不在乎却很在意",
            "content": "回复@Uka羽儿:大连话是地方语言还是全国推广的语言你告诉我？",
            "time": "21-5-22 17:25"
        },
        {
            "comment id": 21,
            "parent": 32,
            "children": [],
            "user id": "1894275861",
            "user name": "不在乎却很在意",
            "content": "回复@yan小女人jie:脑子废了别瞎回复",
            "time": "21-5-22 17:22"
        },
        {
            "comment id": 22,
            "parent": 12,
            "children": [],
            "user id": "1894275861",
            "user name": "不在乎却很在意",
            "content": "回复@Fantastzoe:你又是哪家孤儿院出来的孤儿啊",
            "time": "21-5-22 17:22"
        },
        {
            "comment id": 23,
            "parent": 24,
            "children": [],
            "user id": "6302712275",
            "user name": "Julleon",
            "content": "回复@-北北-:我折服了",
            "time": "21-5-22 17:21"
        },
        {
            "comment id": 24,
            "parent": 12,
            "children": [
                23
            ],
            "user id": "1660150751",
            "user name": "-北北-",
            "content": "@·wolo·",
            "time": "21-5-22 17:14"
        },
        {
            "comment id": 25,
            "parent": 12,
            "children": [],
            "user id": "5317731725",
            "user name": "我要喝小李洗脚水",
            "content": "回复@鬼神大人_tttop:官方发通告了，死了四个",
            "time": "21-5-22 16:43"
        },
        {
            "comment id": 26,
            "parent": 12,
            "children": [],
            "user id": "5719955140",
            "user name": "黑白八灰",
            "content": "回复@秉烛夜游梅花林:你说反了，四死三伤",
            "time": "21-5-22 16:36"
        },
        {
            "comment id": 27,
            "parent": 12,
            "children": [],
            "user id": "5344530486",
            "user name": "来酱可镏姓名",
            "content": "三死四伤",
            "time": "21-5-22 16:25"
        },
        {
            "comment id": 28,
            "parent": 12,
            "children": [],
            "user id": "5654678109",
            "user name": "肉丸金多多",
            "content": "哈哈哈哈哈哈我也听成90来个人",
            "time": "21-5-22 16:14"
        },
        {
            "comment id": 29,
            "parent": 12,
            "children": [],
            "user id": "5532216423",
            "user name": "黄昏Mtk",
            "content": "官方说死了5",
            "time": "21-5-22 16:06"
        },
        {
            "comment id": 30,
            "parent": 12,
            "children": [],
            "user id": "2780031613",
            "user name": "·天真有邪",
            "content": "9.10哈哈哈哈哈哈",
            "time": "21-5-22 15:55"
        },
        {
            "comment id": 31,
            "parent": 12,
            "children": [],
            "user id": "5238179130",
            "user name": "再活_五百年",
            "content": "说话都说不好",
            "time": "21-5-22 15:54"
        },
        {
            "comment id": 32,
            "parent": 12,
            "children": [
                21
            ],
            "user id": "5332901581",
            "user name": "yan小女人jie",
            "content": "听不懂别瞎评论",
            "time": "21-5-22 15:52"
        },
        {
            "comment id": 33,
            "parent": 12,
            "children": [],
            "user id": "2665676443",
            "user name": "雲海_林飛",
            "content": "实际上是死了四个",
            "time": "21-5-22 15:42"
        },
        {
            "comment id": 34,
            "parent": 12,
            "children": [],
            "user id": "3121096131",
            "user name": "依然and永远",
            "content": "大约9个10个人左右，是方言",
            "time": "21-5-22 15:29"
        },
        {
            "comment id": 35,
            "parent": 12,
            "children": [],
            "user id": "6214695315",
            "user name": "不吃这桃",
            "content": "就是九个十个的意思",
            "time": "21-5-22 15:25"
        },
        {
            "comment id": 36,
            "parent": 12,
            "children": [
                20
            ],
            "user id": "7124408016",
            "user name": "Uka羽儿",
            "content": "9.10来个，大连话都这么说，别挑字眼行吗",
            "time": "21-5-22 15:24"
        },
        {
            "comment id": 37,
            "parent": 12,
            "children": [],
            "user id": "5692904972",
            "user name": "思清儿",
            "content": "9或者10，我们这边这样说",
            "time": "21-5-22 15:19"
        },
        {
            "comment id": 38,
            "parent": 12,
            "children": [],
            "user id": "6088563048",
            "user name": "_HaPpYi",
            "content": "差不多9个左右，十个左右的意思",
            "time": "21-5-22 15:14"
        },
        {
            "comment id": 39,
            "parent": 12,
            "children": [],
            "user id": "5724588332",
            "user name": "Sea-Breeze-",
            "content": "9/10来个",
            "time": "21-5-22 15:13"
        },
        {
            "comment id": 40,
            "parent": 12,
            "children": [],
            "user id": "1263719534",
            "user name": "MisBreaD",
            "content": "9，10来个",
            "time": "21-5-22 15:06"
        },
        {
            "comment id": 41,
            "parent": 12,
            "children": [],
            "user id": "1727449443",
            "user name": "Cccc今年只爱白白白敬亭绝不爬墙",
            "content": "9、10来个，就是9、10个人的意思",
            "time": "21-5-22 15:02"
        },
        {
            "comment id": 42,
            "parent": 12,
            "children": [],
            "user id": "7229917982",
            "user name": "阿喵喵与阿汪汪",
            "content": "9，10，那边这样说法的",
            "time": "21-5-22 14:59"
        },
        {
            "comment id": 43,
            "parent": 12,
            "children": [],
            "user id": "5226339625",
            "user name": "元氣滿滿吖321",
            "content": "应该是9，10来个人的意思吧",
            "time": "21-5-22 14:53"
        },
        {
            "comment id": 44,
            "parent": 12,
            "children": [],
            "user id": "6859975860",
            "user name": "虫子的小情绪_",
            "content": "9，10，来个",
            "time": "21-5-22 14:53"
        },
        {
            "comment id": 45,
            "parent": 12,
            "children": [],
            "user id": "5983013472",
            "user name": "沉舟漫星河",
            "content": "人群，死伤挺多",
            "time": "21-5-22 14:53"
        },
        {
            "comment id": 46,
            "parent": 12,
            "children": [],
            "user id": "6282124133",
            "user name": "木昜楊啊0",
            "content": "九个十个人 分开读 不确定九个还是十个",
            "time": "21-5-22 14:53"
        },
        {
            "comment id": 47,
            "parent": -1,
            "children": [
                55,
                56,
                57,
                58,
                60,
                61,
                62,
                64,
                65,
                67,
                68,
                69,
                71,
                72
            ],
            "user id": "1429414440",
            "user name": "取经之路",
            "content": "尽快删帖吧……数字太夸张了",
            "time": "21-5-22 15:19"
        },
        {
            "comment id": 48,
            "parent": 63,
            "children": [],
            "user id": "6426421630",
            "user name": "宁死的可真惨",
            "content": "回复@Jirel:这视频都挂不实消息了还能洗呢",
            "time": "21-5-22 21:08"
        },
        {
            "comment id": 49,
            "parent": 63,
            "children": [],
            "user id": "6426421630",
            "user name": "宁死的可真惨",
            "content": "回复@Jirel:@宁死的可真惨：回复@Jirel:买官方都发了具体数字了就不用她说错误数字了吧，你说你妈没死我说你妈死了，那你妈到底死没死呢",
            "time": "21-5-22 21:07"
        },
        {
            "comment id": 50,
            "parent": 51,
            "children": [],
            "user id": "6421055446",
            "user name": "Agatsuma_Fuji",
            "content": "回复@不在乎却很在意:你也蛮好笑的 人家不实消息说的是没有九个这么多只有四个 而不是听不懂九十 至于举报谁都知道怎么一回事你跟我在这微博治guo呢还一口一个官方 跑题跑到西部利亚了这位男同志",
            "time": "21-5-22 19:43"
        },
        {
            "comment id": 51,
            "parent": 52,
            "children": [
                50
            ],
            "user id": "1894275861",
            "user name": "不在乎却很在意",
            "content": "回复@Agatsuma_Fuji:已经判定为不实消息了官方都听不懂你们听得懂有什么用 查看图片",
            "time": "21-5-22 19:28"
        },
        {
            "comment id": 52,
            "parent": 53,
            "children": [
                51
            ],
            "user id": "6421055446",
            "user name": "Agatsuma_Fuji",
            "content": "回复@Wsxxx_呀:对待杠精就是需要粗暴直接，没肛到你最好别来撞枪口哦",
            "time": "21-5-22 18:43"
        },
        {
            "comment id": 53,
            "parent": 56,
            "children": [
                52
            ],
            "user id": "5263562022",
            "user name": "Wsxxx_呀",
            "content": "回复@Agatsuma_Fuji:为什么别人都能好好说话就你不能听懂一句方言都有优越感了？",
            "time": "21-5-22 18:39"
        },
        {
            "comment id": 54,
            "parent": 55,
            "children": [],
            "user id": "3339052002",
            "user name": "迷人少女_Tesia",
            "content": "回复@林兜兜爱说话i:你好好听一下，她说撞死了9，10个人。",
            "time": "21-5-22 18:25"
        },
        {
            "comment id": 55,
            "parent": 47,
            "children": [
                54
            ],
            "user id": "6187592847",
            "user name": "林兜兜爱说话i",
            "content": "九十来个，只要是个有脑子的人都听得出来，9  10来个，这样听不懂？数字哪夸张了",
            "time": "21-5-22 18:16"
        },
        {
            "comment id": 56,
            "parent": 47,
            "children": [
                53
            ],
            "user id": "6421055446",
            "user name": "Agatsuma_Fuji",
            "content": "9.10来个为什么我们都听得懂就你听不懂",
            "time": "21-5-22 17:19"
        },
        {
            "comment id": 57,
            "parent": 47,
            "children": [],
            "user id": "1634802175",
            "user name": "Jojoitaly",
            "content": "九个十个左右的意思，没听过这种说法吗？",
            "time": "21-5-22 17:15"
        },
        {
            "comment id": 58,
            "parent": 47,
            "children": [],
            "user id": "6596234463",
            "user name": "光秃秃的金茶花",
            "content": "9/10，应该是倒地上的人",
            "time": "21-5-22 17:00"
        },
        {
            "comment id": 59,
            "parent": 66,
            "children": [],
            "user id": "3317581253",
            "user name": "M523y",
            "content": "回复@宁死的可真惨:这也能杠我也是没想到",
            "time": "21-5-22 16:22"
        },
        {
            "comment id": 60,
            "parent": 47,
            "children": [],
            "user id": "1783836873",
            "user name": "芝香薯芋泥",
            "content": "尊重语言多样性吧，我们这边都能明白表达的是啥意思",
            "time": "21-5-22 16:19"
        },
        {
            "comment id": 61,
            "parent": 47,
            "children": [],
            "user id": "2495524063",
            "user name": "二臭不臭Y-Y",
            "content": "她是说9个或者10个人，大连这面说话是这样的",
            "time": "21-5-22 16:15"
        },
        {
            "comment id": 62,
            "parent": 47,
            "children": [],
            "user id": "3196931611",
            "user name": "你看我像不像啵啵啵鱼",
            "content": "而且就是9-10来个  已经算特别准确了",
            "time": "21-5-22 15:51"
        },
        {
            "comment id": 63,
            "parent": 66,
            "children": [
                48,
                49
            ],
            "user id": "1653444864",
            "user name": "Jirel",
            "content": "回复@宁死的可真惨:她也不知道有几个啊，人家又不是官方要这么精准干嘛？",
            "time": "21-5-22 15:46"
        },
        {
            "comment id": 64,
            "parent": 47,
            "children": [],
            "user id": "6475058268",
            "user name": "伤伤无心",
            "content": "方言；",
            "time": "21-5-22 15:38"
        },
        {
            "comment id": 65,
            "parent": 47,
            "children": [],
            "user id": "5657061160",
            "user name": "溺死在书里的孙子",
            "content": "加起来是撞了有这么多",
            "time": "21-5-22 15:36"
        },
        {
            "comment id": 66,
            "parent": 71,
            "children": [
                59,
                63
            ],
            "user id": "6426421630",
            "user name": "宁死的可真惨",
            "content": "回复@M523y:关键是也没死那么多啊",
            "time": "21-5-22 15:33"
        },
        {
            "comment id": 67,
            "parent": 47,
            "children": [],
            "user id": "3121096131",
            "user name": "依然and永远",
            "content": "9到10个人，口音的区别",
            "time": "21-5-22 15:30"
        },
        {
            "comment id": 68,
            "parent": 47,
            "children": [],
            "user id": "3121096131",
            "user name": "依然and永远",
            "content": "不夸张，是方言",
            "time": "21-5-22 15:30"
        },
        {
            "comment id": 69,
            "parent": 47,
            "children": [],
            "user id": "5860346394",
            "user name": "草率了呵呵呵",
            "content": "理解能力堪忧",
            "time": "21-5-22 15:28"
        },
        {
            "comment id": 70,
            "parent": 71,
            "children": [],
            "user id": "6941252220",
            "user name": "不接受定义",
            "content": "回复@M523y:七、八个正常  九、十个就夸张吗",
            "time": "21-5-22 15:27"
        },
        {
            "comment id": 71,
            "parent": 47,
            "children": [
                66,
                70
            ],
            "user id": "3317581253",
            "user name": "M523y",
            "content": "9.10来个。夸张啥。。",
            "time": "21-5-22 15:26"
        },
        {
            "comment id": 72,
            "parent": 47,
            "children": [],
            "user id": "5706725595",
            "user name": "等不见天亮ovo",
            "content": "听不懂怪谁",
            "time": "21-5-22 15:23"
        },
        {
            "comment id": 73,
            "parent": -1,
            "children": [],
            "user id": "5344792788",
            "user name": "米德卢维骑",
            "content": "这口音表述应该是九到10个人",
            "time": "21-5-22 15:11"
        },
        {
            "comment id": 74,
            "parent": -1,
            "children": [
                75,
                76,
                77,
                79,
                81,
                82
            ],
            "user id": "2796380755",
            "user name": "QeeienR",
            "content": "po主又不傻 过马路的都没那么多",
            "time": "21-5-22 15:16"
        },
        {
            "comment id": 75,
            "parent": 74,
            "children": [],
            "user id": "1894275861",
            "user name": "不在乎却很在意",
            "content": "连微博都不帮po主说话，已经判定为不实消息了 查看图片",
            "time": "21-5-22 19:24"
        },
        {
            "comment id": 76,
            "parent": 74,
            "children": [],
            "user id": "6428182377",
            "user name": "VeeGuu",
            "content": "回复@tsyudu:理解能力不行 交流起来真的很困难",
            "time": "21-5-22 15:50"
        },
        {
            "comment id": 77,
            "parent": 74,
            "children": [],
            "user id": "2796380755",
            "user name": "QeeienR",
            "content": "既然大家看不懂 那我啰嗦解释一下 评论说po造谣死了90来个人 我的评论意思是 过马路的都没90个人 po主又不是傻的 很明显表达的是9，10个人",
            "time": "21-5-22 15:47"
        },
        {
            "comment id": 78,
            "parent": 79,
            "children": [],
            "user id": "2796380755",
            "user name": "QeeienR",
            "content": "回复@格格格格格格格格格格格格嘎:？？？我说造谣了吗？？？我难道不是在帮po主说话吗 无语了",
            "time": "21-5-22 15:45"
        },
        {
            "comment id": 79,
            "parent": 74,
            "children": [
                78
            ],
            "user id": "5973611689",
            "user name": "格格格格格格格格格格格格嘎",
            "content": "9.10来个人，我们这边数数的方法就是这么数的 造啥谣了",
            "time": "21-5-22 15:38"
        },
        {
            "comment id": 80,
            "parent": 81,
            "children": [],
            "user id": "2796380755",
            "user name": "QeeienR",
            "content": "回复@依依zyzy:我知道啊",
            "time": "21-5-22 15:30"
        },
        {
            "comment id": 81,
            "parent": 74,
            "children": [
                80
            ],
            "user id": "1809175673",
            "user name": "依依zyzy",
            "content": "9.10个人，意思是9个或10个左右的人。",
            "time": "21-5-22 15:29"
        },
        {
            "comment id": 82,
            "parent": 74,
            "children": [],
            "user id": "2796380755",
            "user name": "QeeienR",
            "content": "幸好是碰上货车",
            "time": "21-5-22 15:17"
        },
        {
            "comment id": 83,
            "parent": -1,
            "children": [
                84
            ],
            "user id": "1224546664",
            "user name": "影若惊鸿",
            "content": "不撞货车 后面还会有人被撞吧",
            "time": "21-5-22 15:19"
        },
        {
            "comment id": 84,
            "parent": 83,
            "children": [],
            "user id": "6164933353",
            "user name": "芊姐只认钱",
            "content": "对 我也想说 还好是撞色货车 货车司机应该没啥事 还是是其他私家车又是人命了",
            "time": "21-5-22 17:00"
        },
        {
            "comment id": 85,
            "parent": -1,
            "children": [
                87,
                89,
                92,
                94,
                96
            ],
            "user id": "1231099105",
            "user name": "DoraAmoe_viabj",
            "content": "还有北面人来洗吗",
            "time": "21-5-22 15:20"
        },
        {
            "comment id": 86,
            "parent": 87,
            "children": [],
            "user id": "7479390678",
            "user name": "GASSHOW-_-",
            "content": "回复@DoraAmoe_viabj:不好意思我看下面的也说黑龙江的",
            "time": "21-6-15 19:22"
        },
        {
            "comment id": 87,
            "parent": 85,
            "children": [
                86
            ],
            "user id": "1231099105",
            "user name": "DoraAmoe_viabj",
            "content": "回复@瓦蘇迪瓦Atman:来了",
            "time": "21-5-22 20:18"
        },
        {
            "comment id": 88,
            "parent": 89,
            "children": [],
            "user id": "1231099105",
            "user name": "DoraAmoe_viabj",
            "content": "回复@GASSHOW-_-:司机吉林的，败赖黑龙江",
            "time": "21-5-22 20:18"
        },
        {
            "comment id": 89,
            "parent": 85,
            "children": [
                88
            ],
            "user id": "7479390678",
            "user name": "GASSHOW-_-",
            "content": "我是大连本地人，这司机该死，不代表所有黑龙江人都有错，说不定被撞的也有黑龙江的",
            "time": "21-5-22 20:00"
        },
        {
            "comment id": 90,
            "parent": 94,
            "children": [],
            "user id": "1767986585",
            "user name": "百斯不得绮姐",
            "content": "回复@KAYA_00:同求，别来嚯嚯大连和大连人了",
            "time": "21-5-22 17:30"
        },
        {
            "comment id": 91,
            "parent": 92,
            "children": [],
            "user id": "1231099105",
            "user name": "DoraAmoe_viabj",
            "content": "回复@小为2625:那不至于的，有法律呢。",
            "time": "21-5-22 15:51"
        },
        {
            "comment id": 92,
            "parent": 85,
            "children": [
                91
            ],
            "user id": "3268412377",
            "user name": "小为2625",
            "content": "北方人不想替他洗，北方人想让他死。",
            "time": "21-5-22 15:50"
        },
        {
            "comment id": 93,
            "parent": 94,
            "children": [],
            "user id": "1231099105",
            "user name": "DoraAmoe_viabj",
            "content": "回复@KAYA_00:对，离开就是最好的保护。",
            "time": "21-5-22 15:30"
        },
        {
            "comment id": 94,
            "parent": 85,
            "children": [
                90,
                93
            ],
            "user id": "1826617215",
            "user name": "KAYA_00",
            "content": "北面人都回家吧别来嚯嚯大连。",
            "time": "21-5-22 15:29"
        },
        {
            "comment id": 95,
            "parent": 96,
            "children": [],
            "user id": "1231099105",
            "user name": "DoraAmoe_viabj",
            "content": "回复@音蒂Dean:龙江人来了啊。",
            "time": "21-5-22 15:27"
        },
        {
            "comment id": 96,
            "parent": 85,
            "children": [
                95
            ],
            "user id": "3648779411",
            "user name": "音蒂Dean",
            "content": "30岁人了，还在网络上地域黑呢。",
            "time": "21-5-22 15:26"
        },
        {
            "comment id": 97,
            "parent": -1,
            "children": [],
            "user id": "3231798870",
            "user name": "Pretty777cs",
            "content": "死了四个人，三人重伤，两人轻伤",
            "time": "21-5-22 14:56"
        },
        {
            "comment id": 98,
            "parent": -1,
            "children": [],
            "user id": "6125548954",
            "user name": "a爆了好嘛",
            "content": "自己跑？ 我本来还以为他可能意识不清什么的，结果现在一看完全就特么故意的。球球给他折磨致死",
            "time": "21-5-22 14:56"
        },
        {
            "comment id": 99,
            "parent": -1,
            "children": [
                100,
                101
            ],
            "user id": "3318843483",
            "user name": "加曼喔",
            "content": "货车司机也觉得晦气死了",
            "time": "21-5-22 14:54"
        },
        {
            "comment id": 100,
            "parent": 99,
            "children": [],
            "user id": "1699355590",
            "user name": "三骷",
            "content": "但是大家都会感谢他的。要不是撞他车上把肇事车逼停了。下个路口。下下个路口会有更多受害者。",
            "time": "21-5-22 15:06"
        },
        {
            "comment id": 101,
            "parent": 99,
            "children": [],
            "user id": "6896098835",
            "user name": "常作天乐2019",
            "content": "货车立功了",
            "time": "21-5-22 14:58"
        },
        {
            "comment id": 102,
            "parent": -1,
            "children": [
                108,
                111
            ],
            "user id": "5506830587",
            "user name": "小可很累",
            "content": "不是 人家说的是9个或者10个人 这就是方言说法啊",
            "time": "21-5-22 15:44"
        },
        {
            "comment id": 103,
            "parent": 107,
            "children": [],
            "user id": "1598077337",
            "user name": "IM_JJJ",
            "content": "回复@小可很累:你的视角是说我听不懂九，十来个，我的视角是她数字夸大不实，实际是四个，你们不理解就来我这撒野说我听不懂方言，哪来的上帝视角",
            "time": "21-5-22 18:21"
        },
        {
            "comment id": 104,
            "parent": 107,
            "children": [],
            "user id": "1598077337",
            "user name": "IM_JJJ",
            "content": "回复@小可很累:我给你点赞，还好我不是你老乡，不然也挺晦气",
            "time": "21-5-22 18:19"
        },
        {
            "comment id": 105,
            "parent": 107,
            "children": [],
            "user id": "1598077337",
            "user name": "IM_JJJ",
            "content": "回复@小可很累:告诉你，我就是大连的，我没必要跟你们解释数字方言，我就觉得她夸大和不实这个行为不好，你自己过度解读说我听不懂，还来我这没完没了",
            "time": "21-5-22 18:13"
        },
        {
            "comment id": 106,
            "parent": 107,
            "children": [],
            "user id": "1598077337",
            "user name": "IM_JJJ",
            "content": "回复@小可很累:你在这喷有意义吗？我说她造谣有问题吗？数字本身就夸大了，你也别跟我说什么官方通报没出来，官方通报没出来就可以说死了九十来个人，这不是造谣，不影响网络秩序吗？我说删了她的视频，我是骂她了还是打她了，别无聊了",
            "time": "21-5-22 18:12"
        },
        {
            "comment id": 107,
            "parent": 109,
            "children": [
                103,
                104,
                105,
                106
            ],
            "user id": "5506830587",
            "user name": "小可很累",
            "content": "回复@IM_JJJ:你在这自欺欺人掩耳盗铃无中生有呢？我是烟台的 大连方言跟烟台方言基本没什么出入 上面那么多人解释就是不听 自己听不懂方言人家解释了还不服我真吐了",
            "time": "21-5-22 18:09"
        },
        {
            "comment id": 108,
            "parent": 102,
            "children": [],
            "user id": "5506830587",
            "user name": "小可很累",
            "content": "再说一遍 视频里说的是大连那边方言 想表达的意思就是九个或者十个人 不是九十多个人 别乱咬了成吗",
            "time": "21-5-22 18:07"
        },
        {
            "comment id": 109,
            "parent": 110,
            "children": [
                107
            ],
            "user id": "1598077337",
            "user name": "IM_JJJ",
            "content": "回复@小可很累:",
            "time": "21-5-22 18:07"
        },
        {
            "comment id": 110,
            "parent": 111,
            "children": [
                109
            ],
            "user id": "5506830587",
            "user name": "小可很累",
            "content": "回复@IM_JJJ:无语 在这杠啥啊 人家那时候也就是说个大概啊 咋的他是要报道新闻吗 还必须那么精确 八九不离十不是吗 再者说谁知道这个作者是不是首发呢还是转载人家的视频 说不定拍的人就是想发给朋友啥的看而已 在说新闻还有谣传呢 在这杠啥啊 再说本来不也就是八九个吗 那说个九个或者十个就是造谣了？",
            "time": "21-5-22 18:05"
        },
        {
            "comment id": 111,
            "parent": 102,
            "children": [
                110
            ],
            "user id": "1598077337",
            "user name": "IM_JJJ",
            "content": "那实际是吗？？？？？",
            "time": "21-5-22 18:00"
        },
        {
            "comment id": 112,
            "parent": -1,
            "children": [],
            "user id": "7393967779",
            "user name": "随风前行201006",
            "content": "她是想说九、十来个人吧",
            "time": "21-5-22 15:04"
        },
        {
            "comment id": 113,
            "parent": -1,
            "children": [
                114,
                115,
                116
            ],
            "user id": "6690533693",
            "user name": "Lau不如跳舞",
            "content": "你乱说不太好吧",
            "time": "21-5-22 15:43"
        },
        {
            "comment id": 114,
            "parent": 113,
            "children": [],
            "user id": "1598077337",
            "user name": "IM_JJJ",
            "content": "人家说的是，她说撞死九，十来个，不是乱说吗？？？",
            "time": "21-5-22 17:58"
        },
        {
            "comment id": 115,
            "parent": 113,
            "children": [],
            "user id": "6243154627",
            "user name": "碍度2017",
            "content": "这是真的，新闻报道了",
            "time": "21-5-22 17:10"
        },
        {
            "comment id": 116,
            "parent": 113,
            "children": [],
            "user id": "3951053218",
            "user name": "就姜姜酱紫",
            "content": "大连话9，10来个人",
            "time": "21-5-22 15:52"
        },
        {
            "comment id": 117,
            "parent": -1,
            "children": [
                119,
                121,
                122
            ],
            "user id": "3339052002",
            "user name": "迷人少女_Tesia",
            "content": "没有那么多人，你改一下吧万一说你造谣咋办",
            "time": "21-5-22 17:01"
        },
        {
            "comment id": 118,
            "parent": 119,
            "children": [],
            "user id": "3339052002",
            "user name": "迷人少女_Tesia",
            "content": "回复@IM_JJJ:对，我也挺无语。她说撞死9，10个人，没有那么多，如果说撞了9，10个人是对的…",
            "time": "21-5-22 18:24"
        },
        {
            "comment id": 119,
            "parent": 117,
            "children": [
                118
            ],
            "user id": "1598077337",
            "user name": "IM_JJJ",
            "content": "终于遇到能听懂的人了，一群傻纠正我们说她造谣，她说的数字比官方都多，不是造谣吗？",
            "time": "21-5-22 17:59"
        },
        {
            "comment id": 120,
            "parent": 121,
            "children": [],
            "user id": "5459081703",
            "user name": "WJaekee",
            "content": "回复@迷人少女_Tesia:我知道啊，我也东北人啊",
            "time": "21-5-22 17:35"
        },
        {
            "comment id": 121,
            "parent": 117,
            "children": [
                120
            ],
            "user id": "3339052002",
            "user name": "迷人少女_Tesia",
            "content": "回复@BaeZero04:没死这么多人，他说死了9，10个人，我是东北的能听懂",
            "time": "21-5-22 17:21"
        },
        {
            "comment id": 122,
            "parent": 117,
            "children": [],
            "user id": "5459081703",
            "user name": "WJaekee",
            "content": "9或10 方言都这么说",
            "time": "21-5-22 17:11"
        },
        {
            "comment id": 123,
            "parent": -1,
            "children": [],
            "user id": "1607318961",
            "user name": "冷面奶猪",
            "content": "这人真的太贱了！还想跑！！",
            "time": "21-5-22 14:48"
        },
        {
            "comment id": 124,
            "parent": -1,
            "children": [
                129
            ],
            "user id": "3555656332",
            "user name": "给我来瓶矿泉水灬",
            "content": "造谣你亲🐴必S",
            "time": "21-5-22 17:04"
        },
        {
            "comment id": 125,
            "parent": 126,
            "children": [],
            "user id": "2736246691",
            "user name": "麻辣鲜杨梅",
            "content": "回复@IM_JJJ:死了四人，三人重伤，两人轻伤，她可能没表达好",
            "time": "21-5-22 18:24"
        },
        {
            "comment id": 126,
            "parent": 127,
            "children": [
                125
            ],
            "user id": "1598077337",
            "user name": "IM_JJJ",
            "content": "回复@麻辣鲜杨梅:我说的是数字造谣",
            "time": "21-5-22 18:10"
        },
        {
            "comment id": 127,
            "parent": 128,
            "children": [
                126
            ],
            "user id": "2736246691",
            "user name": "麻辣鲜杨梅",
            "content": "回复@IM_JJJ:我江苏的我能听懂她的意思，就是说的九到十个啊，人家说的方言",
            "time": "21-5-22 18:09"
        },
        {
            "comment id": 128,
            "parent": 129,
            "children": [
                127
            ],
            "user id": "1598077337",
            "user name": "IM_JJJ",
            "content": "回复@麻辣鲜杨梅:你也多听两遍吧",
            "time": "21-5-22 18:00"
        },
        {
            "comment id": 129,
            "parent": 124,
            "children": [
                128
            ],
            "user id": "2736246691",
            "user name": "麻辣鲜杨梅",
            "content": "多听两遍，别激动",
            "time": "21-5-22 17:33"
        },
        {
            "comment id": 130,
            "parent": -1,
            "children": [
                131,
                132,
                133
            ],
            "user id": "7408086524",
            "user name": "爱吃虾壳的猫",
            "content": "别造谣，没有90来个人",
            "time": "21-5-22 14:58"
        },
        {
            "comment id": 131,
            "parent": 130,
            "children": [],
            "user id": "1940436080",
            "user name": "JAFWDK_",
            "content": "",
            "time": "21-5-22 15:21"
        },
        {
            "comment id": 132,
            "parent": 130,
            "children": [],
            "user id": "2519840194",
            "user name": "有馅的白馒头-8小魔8-",
            "content": "断句，9～10来个人",
            "time": "21-5-22 15:01"
        },
        {
            "comment id": 133,
            "parent": 130,
            "children": [],
            "user id": "6098678161",
            "user name": "倒霉的CuS04",
            "content": "九，十来个人",
            "time": "21-5-22 15:00"
        },
        {
            "comment id": 134,
            "parent": -1,
            "children": [],
            "user id": "7347321921",
            "user name": "Sc_TNR",
            "content": "九 十 来个人  9和10是分开的",
            "time": "21-5-22 15:15"
        },
        {
            "comment id": 135,
            "parent": -1,
            "children": [],
            "user id": "6132576754",
            "user name": "淳哥睡觉不打呼",
            "content": "大和搬家立功",
            "time": "21-5-22 15:13"
        },
        {
            "comment id": 136,
            "parent": -1,
            "children": [],
            "user id": "2394302505",
            "user name": "ZXY隐",
            "content": "又撞了货车然后卡住了",
            "time": "21-5-22 14:40"
        },
        {
            "comment id": 137,
            "parent": -1,
            "children": [
                138
            ],
            "user id": "2736246691",
            "user name": "麻辣鲜杨梅",
            "content": "我江苏的都能听懂9  10来个人，就是说九到十个人，你们怎么能听九十的，我说服了",
            "time": "21-5-22 17:32"
        },
        {
            "comment id": 138,
            "parent": 137,
            "children": [],
            "user id": "1231099105",
            "user name": "DoraAmoe_viabj",
            "content": "因为你是苏北吧，大连话是胶东，算是近亲",
            "time": "21-5-22 21:03"
        },
        {
            "comment id": 139,
            "parent": -1,
            "children": [
                140
            ],
            "user id": "1704373553",
            "user name": "修名堂",
            "content": "官方是四死三伤，现场看到的却是“九、十来个人”，想想看，多出来的是什么，真的可怕。",
            "time": "21-5-22 17:32"
        },
        {
            "comment id": 140,
            "parent": 139,
            "children": [],
            "user id": "2736246691",
            "user name": "麻辣鲜杨梅",
            "content": "她连轻伤重伤一起算了",
            "time": "21-5-22 18:22"
        },
        {
            "comment id": 141,
            "parent": -1,
            "children": [],
            "user id": "3172016822",
            "user name": "裸奔的水枪",
            "content": "这逼还没死啊？开宝马看样家里有俩臭钱，能不能死刑还真不一定呢",
            "time": "21-5-22 17:59"
        },
        {
            "comment id": 142,
            "parent": -1,
            "children": [],
            "user id": "3308044830",
            "user name": "说声婉安",
            "content": "还好堵住了 不堵住还要继续冲 艹",
            "time": "21-5-22 17:51"
        },
        {
            "comment id": 143,
            "parent": -1,
            "children": [],
            "user id": "5896043990",
            "user name": "上饶相亲",
            "content": "东北口音",
            "time": "21-5-22 17:36"
        },
        {
            "comment id": 144,
            "parent": -1,
            "children": [],
            "user id": "2253088235",
            "user name": "BRK微观注",
            "content": "没有货车，还不知道后边是不是还会造成事故",
            "time": "21-5-22 16:22"
        },
        {
            "comment id": 145,
            "parent": -1,
            "children": [],
            "user id": "2360325005",
            "user name": "加油Miki",
            "content": "还跑？这个畜生",
            "time": "21-5-22 15:11"
        },
        {
            "comment id": 146,
            "parent": -1,
            "children": [],
            "user id": "3511780093",
            "user name": "麗的洒脱",
            "content": "说的是九个，十个吧",
            "time": "21-5-22 16:22"
        },
        {
            "comment id": 147,
            "parent": -1,
            "children": [],
            "user id": "2949575483",
            "user name": "飘逸之风Eager",
            "content": "赶紧删了吧，警方通告说四个，你这么造谣是会被带到局子里的",
            "time": "21-5-22 15:30"
        },
        {
            "comment id": 148,
            "parent": -1,
            "children": [],
            "user id": "1898762087",
            "user name": "瑞雪Doris",
            "content": "幸亏撞上这个货车 不然还得撞人",
            "time": "21-5-22 15:19"
        },
        {
            "comment id": 149,
            "parent": -1,
            "children": [],
            "user id": "5494139466",
            "user name": "尨卪",
            "content": "找人顶包去了",
            "time": "21-5-22 15:07"
        },
        {
            "comment id": 150,
            "parent": -1,
            "children": [],
            "user id": "5565978129",
            "user name": "围着脖子看新闻灬",
            "content": "枪毙！",
            "time": "21-5-22 15:05"
        },
        {
            "comment id": 151,
            "parent": -1,
            "children": [],
            "user id": "5943939101",
            "user name": "拖延症先生_",
            "content": "四死五伤",
            "time": "21-5-22 14:58"
        },
        {
            "comment id": 152,
            "parent": -1,
            "children": [],
            "user id": "3607236255",
            "user name": "依水蓝泪",
            "content": "大连口音也太好听了",
            "time": "21-5-23 17:00"
        },
        {
            "comment id": 153,
            "parent": -1,
            "children": [],
            "user id": "7512941545",
            "user name": "胡拉德皮特chaos",
            "content": "不是毒驾。昨天说他是毒驾那几个人出来溜溜",
            "time": "21-5-23 13:04"
        },
        {
            "comment id": 154,
            "parent": -1,
            "children": [],
            "user id": "5891276522",
            "user name": "香草莫吉托",
            "content": "别造谣",
            "time": "21-5-22 18:34"
        },
        {
            "comment id": 155,
            "parent": -1,
            "children": [],
            "user id": "6067456571",
            "user name": "鑫有事要说",
            "content": "人都碎了，特别吓人",
            "time": "21-5-22 17:57"
        },
        {
            "comment id": 156,
            "parent": -1,
            "children": [],
            "user id": "3836383896",
            "user name": "我有茧",
            "content": "@酒遥_tyrant",
            "time": "21-5-22 17:24"
        },
        {
            "comment id": 157,
            "parent": -1,
            "children": [],
            "user id": "1804042362",
            "user name": "超龄嘤嘤怪",
            "content": "曹县的牛逼都不够东北老铁吹呀",
            "time": "21-5-22 17:21"
        },
        {
            "comment id": 158,
            "parent": -1,
            "children": [],
            "user id": "3186090524",
            "user name": "皮阿皮阿皮啾啾",
            "content": "我一个广东人都听懂了9、10来个人是什么意思了，理解能力这么差？",
            "time": "21-5-22 17:19"
        },
        {
            "comment id": 159,
            "parent": -1,
            "children": [],
            "user id": "6168467402",
            "user name": "还能相信我吗",
            "content": "侠盗猎车",
            "time": "21-5-22 17:19"
        },
        {
            "comment id": 160,
            "parent": -1,
            "children": [],
            "user id": "2326364232",
            "user name": "howdareyoubitches",
            "content": "人家北方人说话是这样的了。只是说9、10来个人",
            "time": "21-5-22 17:16"
        },
        {
            "comment id": 161,
            "parent": -1,
            "children": [],
            "user id": "2698150013",
            "user name": "胡萝卜稀番茄",
            "content": "9.10来个人",
            "time": "21-5-22 17:08"
        },
        {
            "comment id": 162,
            "parent": -1,
            "children": [],
            "user id": "6634248909",
            "user name": "妒风笑月",
            "content": "人家的意思是估计撞到九个到十个人，怎么这么多人不理解",
            "time": "21-5-22 17:00"
        },
        {
            "comment id": 163,
            "parent": -1,
            "children": [],
            "user id": "5580902132",
            "user name": "玲哥难训",
            "content": "妈耶，估计没有撞到货车，他肯定还会瞎跑",
            "time": "21-5-22 16:54"
        },
        {
            "comment id": 164,
            "parent": -1,
            "children": [],
            "user id": "5873459459",
            "user name": "地下2毫米_",
            "content": "这口语。。。恕我无知，不看评论确实没理解过来。",
            "time": "21-5-22 16:40"
        },
        {
            "comment id": 165,
            "parent": -1,
            "children": [],
            "user id": "6203948978",
            "user name": "小揪揪就是我laaaaa",
            "content": "绝对毒驾或酒驾",
            "time": "21-5-22 16:38"
        },
        {
            "comment id": 166,
            "parent": -1,
            "children": [],
            "user id": "1435742573",
            "user name": "换了名字不换人小姐",
            "content": "别人博主又没说错。9  10个人。非要揪着不放干嘛？？",
            "time": "21-5-22 16:30"
        },
        {
            "comment id": 167,
            "parent": -1,
            "children": [],
            "user id": "6075512586",
            "user name": "动感的蓝波儿",
            "content": "哈哈，有些人是真不转弯，听不懂地方话吗？ 人家在现场不比你清楚",
            "time": "21-5-22 16:14"
        },
        {
            "comment id": 168,
            "parent": -1,
            "children": [],
            "user id": "7109312977",
            "user name": "张家旺z",
            "content": "90来个人更完了，四五个够了！！逝者安息",
            "time": "21-5-22 16:14"
        },
        {
            "comment id": 169,
            "parent": -1,
            "children": [],
            "user id": "1013874747",
            "user name": "君子家人为大",
            "content": "@大脸猫_Echo1231",
            "time": "21-5-22 16:00"
        },
        {
            "comment id": 170,
            "parent": -1,
            "children": [],
            "user id": "1804993961",
            "user name": "花花是昵称_iris",
            "content": "大连话，9、10个人的意思，不是90",
            "time": "21-5-22 15:53"
        },
        {
            "comment id": 171,
            "parent": -1,
            "children": [],
            "user id": "7456139174",
            "user name": "isawyouupstairswithanife",
            "content": "太贱了 太生气了",
            "time": "21-5-22 15:52"
        },
        {
            "comment id": 172,
            "parent": -1,
            "children": [],
            "user id": "5201996256",
            "user name": "我不吃你这套gez",
            "content": "东北人的表述方法，是九、十个人可能，不是瞎说",
            "time": "21-5-22 15:51"
        },
        {
            "comment id": 173,
            "parent": -1,
            "children": [],
            "user id": "1337966387",
            "user name": "增强zhuanqiannengli",
            "content": "他的犯了这滔天大罪，他还敢跑？",
            "time": "21-5-22 15:49"
        },
        {
            "comment id": 174,
            "parent": -1,
            "children": [],
            "user id": "5493203315",
            "user name": "再熬夜是大傻批",
            "content": "是 9. 10来个人，不是九十来个人，是一种表达形式而已。。",
            "time": "21-5-22 15:44"
        },
        {
            "comment id": 175,
            "parent": -1,
            "children": [],
            "user id": "7573127543",
            "user name": "沿途可渡",
            "content": "抓到没",
            "time": "21-5-22 15:39"
        },
        {
            "comment id": 176,
            "parent": -1,
            "children": [],
            "user id": "5926457839",
            "user name": "saddeyes",
            "content": "@xcviix7",
            "time": "21-5-22 15:36"
        },
        {
            "comment id": 177,
            "parent": -1,
            "children": [],
            "user id": "5515348140",
            "user name": "ZzzEeeNnnG",
            "content": "好像是毒驾",
            "time": "21-5-22 15:34"
        },
        {
            "comment id": 178,
            "parent": -1,
            "children": [],
            "user id": "2606242283",
            "user name": "乌龟王慢慢",
            "content": "两三天，九十来个人，评论好多九年义务教育没毕业啊",
            "time": "21-5-22 15:34"
        },
        {
            "comment id": 179,
            "parent": -1,
            "children": [],
            "user id": "3423605522",
            "user name": "李文雅子",
            "content": "人家说的是9-10个。不是90个。",
            "time": "21-5-22 15:34"
        },
        {
            "comment id": 180,
            "parent": -1,
            "children": [],
            "user id": "5572047977",
            "user name": "淚灼殇青史",
            "content": "神么特就是来个人",
            "time": "21-5-22 15:33"
        },
        {
            "comment id": 181,
            "parent": -1,
            "children": [],
            "user id": "5402000580",
            "user name": "蓝原里美",
            "content": "抓到了吗 他跑了以后会不会残害他人伤害生命",
            "time": "21-5-22 15:29"
        },
        {
            "comment id": 182,
            "parent": -1,
            "children": [],
            "user id": "5649335331",
            "user name": "香菜不香香_",
            "content": "还跑，法网恢恢能跑哪去",
            "time": "21-5-22 15:17"
        },
        {
            "comment id": 183,
            "parent": -1,
            "children": [
                184
            ],
            "user id": "6421781969",
            "user name": "昨天想你了la",
            "content": "@WA_WA_WU",
            "time": "21-5-22 15:14"
        },
        {
            "comment id": 184,
            "parent": 183,
            "children": [],
            "user id": "1803763192",
            "user name": "WA_WA_WU",
            "content": "还逃逸",
            "time": "21-5-22 15:15"
        },
        {
            "comment id": 185,
            "parent": -1,
            "children": [],
            "user id": "6775901497",
            "user name": "幽兰飞香123",
            "content": "官方公布了死了4个，删了吧",
            "time": "21-5-22 15:12"
        },
        {
            "comment id": 186,
            "parent": -1,
            "children": [],
            "user id": "3464748520",
            "user name": "苶尓",
            "content": "多少人",
            "time": "21-5-22 15:12"
        },
        {
            "comment id": 187,
            "parent": -1,
            "children": [],
            "user id": "2216243305",
            "user name": "江南微客",
            "content": "还逃逸",
            "time": "21-5-22 15:02"
        },
        {
            "comment id": 188,
            "parent": -1,
            "children": [],
            "user id": "7069111642",
            "user name": "譕山清",
            "content": "说话是有口音的 应该是九，十来个人",
            "time": "21-5-22 20:13"
        },
        {
            "comment id": 189,
            "parent": -1,
            "children": [],
            "user id": "6420791182",
            "user name": "zhongweiye1987",
            "content": "我国地大人多车也多，想杜绝交通事故发生造成人员伤亡，唯一的办法只能是尽快普及无人驾驶，而且是只允许无人驾驶，不允许有人驾驶！因为人免不了会犯错，可能酒驾或疲劳驾驶等，但人工智能无人驾驶犯错的概率远远低于人几乎接近零！除此之外，没有别的方法可以杜绝车祸！",
            "time": "21-5-22 17:06"
        },
        {
            "comment id": 190,
            "parent": -1,
            "children": [],
            "user id": "6319820735",
            "user name": "喜欢的人会慢慢慢慢慢喜欢你",
            "content": "不懂大连话就不要在上面瞎说，九十来个人在大连就是9个或者10个这样子的意思，博主表达没任何问题",
            "time": "21-5-22 16:09"
        },
        {
            "comment id": 191,
            "parent": -1,
            "children": [],
            "user id": "6582599015",
            "user name": "西西西多鱼",
            "content": "是9-10来个人 不是90来个人 各位理解一下这个断句哈哈哈哈",
            "time": "21-5-22 16:47"
        },
        {
            "comment id": 192,
            "parent": -1,
            "children": [],
            "user id": "3303556292",
            "user name": "他们在害怕什么",
            "content": "要么酒驾毒驾，要么精神问题，取决于关系硬不硬。",
            "time": "21-5-22 16:05"
        },
        {
            "comment id": 193,
            "parent": -1,
            "children": [],
            "user id": "5324415891",
            "user name": "我崽超奶超奶",
            "content": "@偷来的黑眼圈aaa",
            "time": "21-5-22 15:49"
        },
        {
            "comment id": 194,
            "parent": -1,
            "children": [],
            "user id": "1261611403",
            "user name": "一起猴跳舞跳",
            "content": "@ysz823_871",
            "time": "21-5-22 15:22"
        },
        {
            "comment id": 195,
            "parent": -1,
            "children": [],
            "user id": "5627634043",
            "user name": "永远滿心治愈",
            "content": "@不愿做帅哥",
            "time": "21-5-22 15:20"
        },
        {
            "comment id": 196,
            "parent": -1,
            "children": [],
            "user id": "5696122252",
            "user name": "乔霂睡醒了",
            "content": "@Zhukerui_",
            "time": "21-5-22 15:13"
        },
        {
            "comment id": 197,
            "parent": -1,
            "children": [],
            "user id": "5493480074",
            "user name": "杨什么欣g",
            "content": "@大白的小鹿撞死了",
            "time": "21-5-22 15:11"
        }
    ]
}