{
    "source": {
        "content": "大连突发事件，司機是89年生人，男性。司機毒駕撞人后逃逸，已被抓，大約10人遇難，具體等待警方通報。司机已被控制 网页链接 ",
        "time": "21-5-22 13:23",
        "user id": "2587899781",
        "tweet id": "KgDltB9dD",
        "label": 1,
        "theme": null
    },
    "comment": [
        {
            "comment id": 0,
            "parent": -1,
            "children": [
                1,
                2,
                3,
                4
            ],
            "user id": "5028655468",
            "user name": "離色Z",
            "content": "这要不是死刑，天理难容啊！",
            "time": "21-5-22 13:37"
        },
        {
            "comment id": 1,
            "parent": 0,
            "children": [],
            "user id": "7017414675",
            "user name": "瑞雪江天5",
            "content": "327541",
            "time": "21-5-22 18:43"
        },
        {
            "comment id": 2,
            "parent": 0,
            "children": [],
            "user id": "7418650845",
            "user name": "无人知道的小小草0",
            "content": "瑪莎拉蒂那位死刑了嗎",
            "time": "21-5-22 15:53"
        },
        {
            "comment id": 3,
            "parent": 0,
            "children": [],
            "user id": "6372834987",
            "user name": "半生不熟9006",
            "content": "死刑都便宜他了",
            "time": "21-5-22 13:46"
        },
        {
            "comment id": 4,
            "parent": 0,
            "children": [],
            "user id": "3033786465",
            "user name": "Alexinhoooo",
            "content": "肯定死了",
            "time": "21-5-22 13:39"
        },
        {
            "comment id": 5,
            "parent": -1,
            "children": [],
            "user id": "1923339287",
            "user name": "博忠",
            "content": "希望不要乱讲遇难人数",
            "time": "21-5-22 13:49"
        },
        {
            "comment id": 6,
            "parent": -1,
            "children": [],
            "user id": "5123373238",
            "user name": "我在外面养了只猫",
            "content": "毒子司马了",
            "time": "21-5-22 13:38"
        },
        {
            "comment id": 7,
            "parent": -1,
            "children": [],
            "user id": "5737684411",
            "user name": "月亮弯弯的那个弯弯",
            "content": "狗屁，哪有十人遇难？",
            "time": "21-5-22 16:26"
        },
        {
            "comment id": 8,
            "parent": -1,
            "children": [],
            "user id": "2630688643",
            "user name": "一天之计在于陈·",
            "content": "警方发布说的4人，不是十人",
            "time": "21-5-22 14:29"
        },
        {
            "comment id": 9,
            "parent": -1,
            "children": [],
            "user id": "6263407517",
            "user name": "悲情兮",
            "content": "#大连一男司机连撞多人肇事逃逸",
            "time": "21-5-22 13:32"
        },
        {
            "comment id": 10,
            "parent": -1,
            "children": [],
            "user id": "3849823077",
            "user name": "喵呜喵呜呜呼",
            "content": "4死3伤",
            "time": "21-5-22 14:38"
        },
        {
            "comment id": 11,
            "parent": -1,
            "children": [],
            "user id": "1655229433",
            "user name": "vanda97",
            "content": "这死刑还得剐着死",
            "time": "21-5-22 14:30"
        },
        {
            "comment id": 12,
            "parent": -1,
            "children": [],
            "user id": "3779216250",
            "user name": "一朵小香菇哟",
            "content": "你被处理了我就放心了",
            "time": "21-5-23 06:18"
        },
        {
            "comment id": 13,
            "parent": -1,
            "children": [],
            "user id": "7017307041",
            "user name": "恋堂温柔",
            "content": "4死3伤还嫌不够惨烈吗！？ 哪里来的10人！",
            "time": "21-5-22 20:20"
        },
        {
            "comment id": 14,
            "parent": -1,
            "children": [],
            "user id": "7043431001",
            "user name": "弄丢了风火轮",
            "content": "不能让他轻松的死",
            "time": "21-5-22 15:20"
        },
        {
            "comment id": 15,
            "parent": -1,
            "children": [],
            "user id": "6034860796",
            "user name": "嘿_福朱呀",
            "content": "死刑！",
            "time": "21-5-22 15:03"
        },
        {
            "comment id": 16,
            "parent": -1,
            "children": [],
            "user id": "7331443637",
            "user name": "我只吃笨蛋",
            "content": "太可怕了 真的",
            "time": "21-5-22 14:31"
        },
        {
            "comment id": 17,
            "parent": -1,
            "children": [],
            "user id": "7386193282",
            "user name": "耕夫的",
            "content": "//@洪峰: 太可怕了……太可恨了……",
            "time": "21-5-22 14:26"
        },
        {
            "comment id": 18,
            "parent": -1,
            "children": [],
            "user id": "3291698367",
            "user name": "最后的魔法少女c",
            "content": "太可怕了。。。这都是什么事啊！！！！",
            "time": "21-5-22 13:47"
        },
        {
            "comment id": 19,
            "parent": -1,
            "children": [],
            "user id": "6574083833",
            "user name": "欧siraaaaaaaa",
            "content": "我操我操 看的我心都寒了",
            "time": "21-5-22 13:28"
        },
        {
            "comment id": 20,
            "parent": -1,
            "children": [],
            "user id": "6890199884",
            "user name": "霜染菠萝头",
            "content": "光看监控都被吓死",
            "time": "21-5-22 14:06"
        },
        {
            "comment id": 21,
            "parent": -1,
            "children": [],
            "user id": "6317812454",
            "user name": "霍冠军",
            "content": "感觉的事故意杀人。",
            "time": "21-5-22 14:41"
        },
        {
            "comment id": 22,
            "parent": -1,
            "children": [],
            "user id": "6795894625",
            "user name": "森松夕紗丶",
            "content": ".......好恐怖",
            "time": "21-5-22 14:08"
        },
        {
            "comment id": 23,
            "parent": -1,
            "children": [],
            "user id": "2796708690",
            "user name": "公兔一枚",
            "content": "下次你再好不负责任的乱加遇难人数 我就全当你把自己算上了",
            "time": "21-5-22 20:01"
        },
        {
            "comment id": 24,
            "parent": -1,
            "children": [],
            "user id": "1084791067",
            "user name": "薑老三",
            "content": "遇难人数不要乱讲",
            "time": "21-5-22 17:57"
        },
        {
            "comment id": 25,
            "parent": -1,
            "children": [],
            "user id": "6037138059",
            "user name": "尖椒土豆丝的柴米油盐",
            "content": "应该五马分尸！",
            "time": "21-5-22 16:37"
        },
        {
            "comment id": 26,
            "parent": -1,
            "children": [
                27
            ],
            "user id": "5532216423",
            "user name": "黄昏Mtk",
            "content": "到底死了多少官说5你说10",
            "time": "21-5-22 16:04"
        },
        {
            "comment id": 27,
            "parent": 26,
            "children": [],
            "user id": "2819902507",
            "user name": "一云集莫推",
            "content": "是4啊，你个猪",
            "time": "21-5-22 18:26"
        },
        {
            "comment id": 28,
            "parent": -1,
            "children": [],
            "user id": "1705457937",
            "user name": "adamssun",
            "content": "死刑",
            "time": "21-5-22 15:41"
        },
        {
            "comment id": 29,
            "parent": -1,
            "children": [],
            "user id": "1777214090",
            "user name": "天晓得我有多喜欢你",
            "content": "太可怕了",
            "time": "21-5-22 15:34"
        },
        {
            "comment id": 30,
            "parent": -1,
            "children": [],
            "user id": "2573521223",
            "user name": "陈-冰冷的阳光",
            "content": "这次不会再被洗了吧",
            "time": "21-5-22 15:19"
        },
        {
            "comment id": 31,
            "parent": -1,
            "children": [],
            "user id": "1917269684",
            "user name": "匡业",
            "content": "绝对判刑吧，10人遇难",
            "time": "21-5-22 15:09"
        },
        {
            "comment id": 32,
            "parent": -1,
            "children": [],
            "user id": "1268326483",
            "user name": "巧云儿",
            "content": "吸毒幻觉？看不见人，横冲直撞啊！//@洪峰: 太可怕了……太可恨了……",
            "time": "21-5-22 15:07"
        },
        {
            "comment id": 33,
            "parent": -1,
            "children": [],
            "user id": "1370468014",
            "user name": "Junjun________",
            "content": "终于理解古代为什么要有那么多酷刑了",
            "time": "21-5-22 14:52"
        },
        {
            "comment id": 34,
            "parent": -1,
            "children": [],
            "user id": "6090497265",
            "user name": "hh久不见",
            "content": "只能说死刑对他来说太轻太轻了",
            "time": "21-5-22 14:16"
        },
        {
            "comment id": 35,
            "parent": -1,
            "children": [],
            "user id": "3812010426",
            "user name": "三伏六月天",
            "content": "太尼玛无人性",
            "time": "21-5-22 14:12"
        },
        {
            "comment id": 36,
            "parent": -1,
            "children": [],
            "user id": "2210402314",
            "user name": "cocoangelfish",
            "content": "太惨啦，可怕呀",
            "time": "21-5-22 13:52"
        },
        {
            "comment id": 37,
            "parent": -1,
            "children": [],
            "user id": "6263407517",
            "user name": "悲情兮",
            "content": "#大连一男司机连撞多人肇事逃逸# 这个标题适合他",
            "time": "21-5-22 13:47"
        },
        {
            "comment id": 38,
            "parent": -1,
            "children": [],
            "user id": "1087475905",
            "user name": "初志恒",
            "content": "啊！//@洛兵: 一口气杀了十人",
            "time": "21-5-22 13:43"
        },
        {
            "comment id": 39,
            "parent": -1,
            "children": [],
            "user id": "2693007494",
            "user name": "Tjueeeee",
            "content": "@Vaanillaa",
            "time": "21-5-22 13:40"
        },
        {
            "comment id": 40,
            "parent": -1,
            "children": [],
            "user id": "5585316928",
            "user name": "章鱼丸的脱发日常",
            "content": "太可怕了",
            "time": "21-5-22 13:38"
        },
        {
            "comment id": 41,
            "parent": -1,
            "children": [
                42
            ],
            "user id": "6068333801",
            "user name": "MF_娃哈哈",
            "content": "造谣？？？",
            "time": "21-5-22 17:34"
        },
        {
            "comment id": 42,
            "parent": 41,
            "children": [],
            "user id": "6068333801",
            "user name": "MF_娃哈哈",
            "content": "咋就遇难10个？上午的事没记性？",
            "time": "21-5-22 17:35"
        },
        {
            "comment id": 43,
            "parent": -1,
            "children": [
                44
            ],
            "user id": "7521062264",
            "user name": "又是一曲好汉歌",
            "content": "不少上访的。//@远古的刀: 吸毒后驾驶？",
            "time": "21-5-22 13:30"
        },
        {
            "comment id": 44,
            "parent": 43,
            "children": [],
            "user id": "7256542796",
            "user name": "岭南不死鸟",
            "content": "被撞的是上访的？",
            "time": "21-5-22 13:59"
        },
        {
            "comment id": 45,
            "parent": -1,
            "children": [],
            "user id": "6335654288",
            "user name": "贰眉1676",
            "content": "官方还没公布司机是什么驾原因....",
            "time": "21-5-23 06:16"
        },
        {
            "comment id": 46,
            "parent": -1,
            "children": [],
            "user id": "6735315866",
            "user name": "喵小z97849",
            "content": "多久开法庭，直播是多久！",
            "time": "21-5-22 16:01"
        },
        {
            "comment id": 47,
            "parent": -1,
            "children": [],
            "user id": "2283377675",
            "user name": "MGWSWWS",
            "content": "这明显恐怖袭击!",
            "time": "21-5-22 13:39"
        },
        {
            "comment id": 48,
            "parent": -1,
            "children": [],
            "user id": "6022708485",
            "user name": "枫叶丹XX",
            "content": "毒驾，我还以为喝醉了。哪一种都该死。",
            "time": "21-5-22 15:25"
        },
        {
            "comment id": 49,
            "parent": -1,
            "children": [],
            "user id": "3886194772",
            "user name": "Meta老久",
            "content": "太吓人了 这个人必须立马死刑",
            "time": "21-5-22 15:19"
        },
        {
            "comment id": 50,
            "parent": -1,
            "children": [],
            "user id": "7301423100",
            "user name": "art妖妖妖",
            "content": "@我是大脑腐嗷呜嗷呜",
            "time": "21-5-22 13:41"
        }
    ]
}