{
    "source": {
        "content": "b站陈睿去世了？真的假的？  ",
        "time": "21-5-22 17:08",
        "user id": "5535076445",
        "tweet id": "KgEOAxAj2",
        "label": 1,
        "theme": null
    },
    "comment": [
        {
            "comment id": 0,
            "parent": -1,
            "children": [
                1
            ],
            "user id": "2702455014",
            "user name": "多面君ifeng",
            "content": "这个网没下限啊",
            "time": "21-5-22 18:16"
        },
        {
            "comment id": 1,
            "parent": 0,
            "children": [],
            "user id": "2613137163",
            "user name": "Plumbum_Curry",
            "content": "",
            "time": "21-5-23 15:48"
        },
        {
            "comment id": 2,
            "parent": -1,
            "children": [],
            "user id": "1805450804",
            "user name": "浸聆",
            "content": "谁信谁傻，这么明显p图",
            "time": "21-5-23 12:56"
        },
        {
            "comment id": 3,
            "parent": -1,
            "children": [],
            "user id": "5850957609",
            "user name": "merck10",
            "content": "是不是",
            "time": "21-5-23 06:20"
        },
        {
            "comment id": 4,
            "parent": -1,
            "children": [],
            "user id": "5409989000",
            "user name": "提坦斯政權佬Kata1979",
            "content": "明显假的咯",
            "time": "21-5-23 23:12"
        },
        {
            "comment id": 5,
            "parent": -1,
            "children": [],
            "user id": "1912626302",
            "user name": "舒克和贝塔被黑猫警长吃掉了",
            "content": "如果是假的我希望，如果是真的我希望",
            "time": "21-5-23 13:52"
        },
        {
            "comment id": 6,
            "parent": -1,
            "children": [],
            "user id": "6297654470",
            "user name": "绫波丽波丽绫",
            "content": "新闻p不了，是真的",
            "time": "21-5-23 00:25"
        },
        {
            "comment id": 7,
            "parent": -1,
            "children": [],
            "user id": "1237772405",
            "user name": "不知一二-",
            "content": "同志？手动狗头",
            "time": "21-5-22 17:56"
        },
        {
            "comment id": 8,
            "parent": -1,
            "children": [],
            "user id": "5217034413",
            "user name": "_不醒_",
            "content": "哈哈，cgtn",
            "time": "21-5-22 17:29"
        },
        {
            "comment id": 9,
            "parent": -1,
            "children": [],
            "user id": "3390217350",
            "user name": "觳骷",
            "content": "CGTN？",
            "time": "21-5-22 17:22"
        },
        {
            "comment id": 10,
            "parent": -1,
            "children": [],
            "user id": "5773820308",
            "user name": "OneOfAKindSince88",
            "content": "假的",
            "time": "21-5-22 17:18"
        },
        {
            "comment id": 11,
            "parent": -1,
            "children": [],
            "user id": "5761025406",
            "user name": "因你而活的小铁匠",
            "content": "最好把p站也一起带走",
            "time": "21-5-23 16:09"
        },
        {
            "comment id": 12,
            "parent": -1,
            "children": [],
            "user id": "6080306208",
            "user name": "污水娘",
            "content": "什么好日子",
            "time": "21-5-23 11:58"
        },
        {
            "comment id": 13,
            "parent": -1,
            "children": [],
            "user id": "6660543157",
            "user name": "至高守护者莱",
            "content": "一眼真",
            "time": "21-5-22 20:46"
        },
        {
            "comment id": 14,
            "parent": -1,
            "children": [],
            "user id": "6597487025",
            "user name": "正常人A1",
            "content": "希望是真的😅",
            "time": "21-5-24 07:09"
        },
        {
            "comment id": 15,
            "parent": -1,
            "children": [],
            "user id": "2905364985",
            "user name": "飞天蘑菇110",
            "content": "很喜欢蒙古上单的一句话",
            "time": "21-5-26 17:53"
        },
        {
            "comment id": 16,
            "parent": -1,
            "children": [],
            "user id": "7354664683",
            "user name": "azaqqaaa",
            "content": "假的，还有最好不要传播，观察者网已经将造谣者上报处以法律处罚",
            "time": "21-5-23 12:05"
        },
        {
            "comment id": 17,
            "parent": -1,
            "children": [],
            "user id": "7354664683",
            "user name": "azaqqaaa",
            "content": "p图的可真没下限",
            "time": "21-5-22 19:18"
        }
    ]
}