{
    "source": {
        "content": "黑龙江科大 听说女主跳楼了 ....... ",
        "time": "21-5-26 19:38",
        "user id": "5522836171",
        "tweet id": "KhhvNw6QW",
        "label": 1,
        "theme": null
    },
    "comment": [
        {
            "comment id": 0,
            "parent": -1,
            "children": [
                1
            ],
            "user id": "1913977821",
            "user name": "夢浬那麽遠",
            "content": "有没有具体点的消息啊",
            "time": "21-5-26 19:40"
        },
        {
            "comment id": 1,
            "parent": 0,
            "children": [
                2
            ],
            "user id": "5522836171",
            "user name": "dyingwiththesky",
            "content": "有人拍现场照片 说是脸都盖上了推进🚑的",
            "time": "21-5-26 19:41"
        },
        {
            "comment id": 2,
            "parent": 1,
            "children": [],
            "user id": "1913977821",
            "user name": "夢浬那麽遠",
            "content": "回复@开心第一位:搜了下 假的  是另外的 低血糖的人",
            "time": "21-5-26 19:42"
        },
        {
            "comment id": 3,
            "parent": -1,
            "children": [],
            "user id": "6575028866",
            "user name": "KLBJZFDGH",
            "content": "假的",
            "time": "21-5-27 00:49"
        },
        {
            "comment id": 4,
            "parent": -1,
            "children": [],
            "user id": "6068240887",
            "user name": "灵chen雅",
            "content": "没有没有",
            "time": "21-5-26 19:57"
        },
        {
            "comment id": 5,
            "parent": -1,
            "children": [],
            "user id": "5859514217",
            "user name": "床前明月光kk",
            "content": "假的，辟谣",
            "time": "21-5-26 19:48"
        },
        {
            "comment id": 6,
            "parent": -1,
            "children": [],
            "user id": "6338945440",
            "user name": "锦绣山河嘟嘟嘟",
            "content": "我也听说了。。。",
            "time": "21-5-26 19:43"
        },
        {
            "comment id": 7,
            "parent": -1,
            "children": [],
            "user id": "7147685787",
            "user name": "陶刻意",
            "content": "真假",
            "time": "21-5-26 19:39"
        },
        {
            "comment id": 8,
            "parent": -1,
            "children": [],
            "user id": "3646397544",
            "user name": "BACK347",
            "content": "没有  低血糖的",
            "time": "21-5-26 22:39"
        },
        {
            "comment id": 9,
            "parent": -1,
            "children": [],
            "user id": "6629506683",
            "user name": "橙子味的笑笑",
            "content": "拉走的低血糖",
            "time": "21-5-26 22:10"
        },
        {
            "comment id": 10,
            "parent": -1,
            "children": [],
            "user id": "6629506683",
            "user name": "橙子味的笑笑",
            "content": "没跳",
            "time": "21-5-26 22:10"
        },
        {
            "comment id": 11,
            "parent": -1,
            "children": [],
            "user id": "7287001295",
            "user name": "小兔安迪12",
            "content": "假的没死",
            "time": "21-5-27 10:43"
        }
    ]
}