{
    "source": {
        "content": "#黑龙江科大#听说女主自杀了？  ",
        "time": "21-5-26 19:41",
        "user id": "5799998229",
        "tweet id": "KhhwW7rnm",
        "label": 1,
        "theme": null
    },
    "comment": [
        {
            "comment id": 0,
            "parent": -1,
            "children": [],
            "user id": "5799998229",
            "user name": "沈阳校园君",
            "content": "网友投稿：黑龙江科技大学校园监控视频详解微博正文",
            "time": "21-5-27 12:10"
        },
        {
            "comment id": 1,
            "parent": -1,
            "children": [
                2,
                4,
                7,
                9
            ],
            "user id": "7187316672",
            "user name": "自律则能够自由",
            "content": "这至于自杀吗",
            "time": "21-5-26 19:44"
        },
        {
            "comment id": 2,
            "parent": 1,
            "children": [],
            "user id": "6298921113",
            "user name": "l我说再见l",
            "content": "走到街上  谁能认出来啊",
            "time": "21-5-27 19:50"
        },
        {
            "comment id": 3,
            "parent": 4,
            "children": [],
            "user id": "7187316672",
            "user name": "自律则能够自由",
            "content": "回复@PyPer·ZAYN:没偷没抢不违法不犯罪都是小事",
            "time": "21-5-27 00:12"
        },
        {
            "comment id": 4,
            "parent": 1,
            "children": [
                3
            ],
            "user id": "6148292227",
            "user name": "PyPer·ZAYN",
            "content": "其实已经在学校社会性死亡了！就是同班或者总能碰到的以后咋见面？就是老师以后怎么看他们！直接换个星球生活吧！",
            "time": "21-5-26 22:37"
        },
        {
            "comment id": 5,
            "parent": 6,
            "children": [],
            "user id": "7187316672",
            "user name": "自律则能够自由",
            "content": "回复@金小抽T:成年人都有自己的生活，这种视频还是一小部分人能看到",
            "time": "21-5-26 22:12"
        },
        {
            "comment id": 6,
            "parent": 8,
            "children": [
                5
            ],
            "user id": "5316766137",
            "user name": "金小抽T",
            "content": "回复@自律则能够自由:她周围人呢",
            "time": "21-5-26 22:10"
        },
        {
            "comment id": 7,
            "parent": 1,
            "children": [],
            "user id": "5824183678",
            "user name": "AaronWeh",
            "content": "你被人扒出来，影响的是以后的名誉，毁的是一个人，甚至整个家庭，这不是小事。",
            "time": "21-5-26 22:09"
        },
        {
            "comment id": 8,
            "parent": 9,
            "children": [
                6
            ],
            "user id": "7187316672",
            "user name": "自律则能够自由",
            "content": "回复@一k青石:网友都是七秒记忆",
            "time": "21-5-26 21:30"
        },
        {
            "comment id": 9,
            "parent": 1,
            "children": [
                8
            ],
            "user id": "5898673813",
            "user name": "一k青石",
            "content": "你觉得呢 听说女生照片脸都漏出来了 她怎么待的下去",
            "time": "21-5-26 19:57"
        },
        {
            "comment id": 10,
            "parent": -1,
            "children": [],
            "user id": "6332266934",
            "user name": "小道小也",
            "content": "要是真的肯定有大量发的，毕竟吃瓜的不少",
            "time": "21-5-26 19:42"
        },
        {
            "comment id": 11,
            "parent": -1,
            "children": [],
            "user id": "6567292600",
            "user name": "我可不喜欢白色",
            "content": "女主哪个",
            "time": "21-5-27 09:25"
        },
        {
            "comment id": 12,
            "parent": -1,
            "children": [],
            "user id": "5585637182",
            "user name": "羊悠子ouo·",
            "content": "说是低血糖的",
            "time": "21-5-26 20:02"
        },
        {
            "comment id": 13,
            "parent": -1,
            "children": [],
            "user id": "7364284524",
            "user name": "芝芝玉米烙",
            "content": "辟谣了",
            "time": "21-5-26 21:27"
        },
        {
            "comment id": 14,
            "parent": -1,
            "children": [],
            "user id": "7431637915",
            "user name": "ok重新做自己_",
            "content": "真有脸自杀",
            "time": "21-5-26 19:55"
        },
        {
            "comment id": 15,
            "parent": -1,
            "children": [],
            "user id": "6068240887",
            "user name": "灵chen雅",
            "content": "没有没有",
            "time": "21-5-26 19:57"
        },
        {
            "comment id": 16,
            "parent": -1,
            "children": [],
            "user id": "6077696629",
            "user name": "念初Lovage",
            "content": "只能说活该",
            "time": "21-5-26 19:43"
        },
        {
            "comment id": 17,
            "parent": -1,
            "children": [],
            "user id": "7556885299",
            "user name": "明菜松隆子",
            "content": "别管这种人，早知如此，干嘛要在教室里做这种龌龊的事情",
            "time": "21-5-27 11:42"
        },
        {
            "comment id": 18,
            "parent": -1,
            "children": [],
            "user id": "7150581845",
            "user name": "金小小蓓",
            "content": "没死就好，多大事，换个学校就是了，没必要，",
            "time": "21-5-26 19:45"
        },
        {
            "comment id": 19,
            "parent": -1,
            "children": [],
            "user id": "7355124574",
            "user name": "长耳朵萝莉",
            "content": "别听说了，我想要女主微信",
            "time": "21-5-27 08:02"
        },
        {
            "comment id": 20,
            "parent": -1,
            "children": [],
            "user id": "5864749723",
            "user name": "余庆伟的专属宝贝",
            "content": "@Yqfy-",
            "time": "21-5-26 19:44"
        }
    ]
}