{
    "source": {
        "content": "#10个三孩政策配套支持措施#\n丽水新闻已经不仅仅走在三孩政策的前列，还走在了一夫多妻政策的前面 ",
        "time": "21-5-31 21:40",
        "user id": "5756315312",
        "tweet id": "Ki3rp7FeP",
        "label": 1,
        "theme": null
    },
    "comment": [
        {
            "comment id": 0,
            "parent": -1,
            "children": [],
            "user id": "1954149393",
            "user name": "郭子炜",
            "content": "这是p图，不要恶意传播，谣言没有成本但是犯法",
            "time": "21-6-1 09:29"
        },
        {
            "comment id": 1,
            "parent": -1,
            "children": [],
            "user id": "6134760857",
            "user name": "小猪小欧耶",
            "content": "这是p的啊原新闻明明说的是一对夫妻",
            "time": "21-5-31 22:06"
        },
        {
            "comment id": 2,
            "parent": -1,
            "children": [],
            "user id": "7007962084",
            "user name": "鲨鱼ccqq",
            "content": "不对呀，一妻多夫才符合这个三孩政策啊，一个女的三个男的 三个孩子每个人都有一个，这才正常阿",
            "time": "21-5-31 22:14"
        },
        {
            "comment id": 3,
            "parent": -1,
            "children": [],
            "user id": "1419850564",
            "user name": "散焦镜头",
            "content": "帮他转500次，愿他求锤得锤",
            "time": "21-6-1 15:32"
        },
        {
            "comment id": 4,
            "parent": -1,
            "children": [],
            "user id": "6335151096",
            "user name": "遥遥咕咕咕",
            "content": "？笑拉了草",
            "time": "21-5-31 21:59"
        },
        {
            "comment id": 5,
            "parent": -1,
            "children": [],
            "user id": "6592978441",
            "user name": "一醉梦回桃花冢",
            "content": "会议真的指出一夫多妻了吗？",
            "time": "21-5-31 22:06"
        }
    ]
}