{
    "source": {
        "content": "看到群里发的街道口碎尸给我看吐了太恶心了饭都吃不下去了希望是假的，严惩造谣者，搞得武汉都不敢呆了 #街道口分尸##武汉公安# ",
        "time": "21-6-3 20:45",
        "user id": "5573465811",
        "tweet id": "KivmY73d0",
        "label": 1,
        "theme": null
    },
    "comment": [
        {
            "comment id": 0,
            "parent": -1,
            "children": [
                1
            ],
            "user id": "6157458893",
            "user name": "我是Jorge",
            "content": "能告诉我真相吗",
            "time": "21-6-3 20:52"
        },
        {
            "comment id": 1,
            "parent": 0,
            "children": [],
            "user id": "5573465811",
            "user name": "八二年的香蕉牛奶",
            "content": "不信谣不传谣不知道真相不发表评价",
            "time": "21-6-3 20:54"
        },
        {
            "comment id": 2,
            "parent": -1,
            "children": [
                3
            ],
            "user id": "3236738921",
            "user name": "某网友小张",
            "content": "那照片吓我一跳",
            "time": "21-6-3 23:49"
        },
        {
            "comment id": 3,
            "parent": 2,
            "children": [],
            "user id": "5465072806",
            "user name": "怎样才可爱",
            "content": "可以私我吗",
            "time": "21-6-4 00:52"
        },
        {
            "comment id": 4,
            "parent": -1,
            "children": [
                5
            ],
            "user id": "5931093277",
            "user name": "太容易湿",
            "content": "一个是麦当劳门口一个是楼道。",
            "time": "21-6-3 21:56"
        },
        {
            "comment id": 5,
            "parent": 4,
            "children": [],
            "user id": "7457479482",
            "user name": "小楠很可86",
            "content": "求图，谢谢",
            "time": "21-6-3 23:22"
        },
        {
            "comment id": 6,
            "parent": -1,
            "children": [],
            "user id": "7134979118",
            "user name": "Jfreeku",
            "content": "不是分尸是跳楼",
            "time": "21-6-3 21:41"
        },
        {
            "comment id": 7,
            "parent": -1,
            "children": [],
            "user id": "5593082980",
            "user name": "瓢瓢瓢__",
            "content": "礼貌求图",
            "time": "21-6-4 08:58"
        },
        {
            "comment id": 8,
            "parent": -1,
            "children": [],
            "user id": "5362304319",
            "user name": "剑魔大师",
            "content": "礼貌求图",
            "time": "21-6-4 00:21"
        },
        {
            "comment id": 9,
            "parent": -1,
            "children": [],
            "user id": "1866465242",
            "user name": "bo板丶",
            "content": "求图",
            "time": "21-6-3 23:55"
        },
        {
            "comment id": 10,
            "parent": -1,
            "children": [
                11
            ],
            "user id": "6084679619",
            "user name": "糖果发芽ya",
            "content": "礼貌求图",
            "time": "21-6-3 23:51"
        },
        {
            "comment id": 11,
            "parent": 10,
            "children": [],
            "user id": "3730432345",
            "user name": "我吃饱了不撑",
            "content": "别看了，尊重死者",
            "time": "21-6-3 23:54"
        },
        {
            "comment id": 12,
            "parent": -1,
            "children": [],
            "user id": "6421389490",
            "user name": "jvshuo",
            "content": "假的",
            "time": "21-6-3 23:00"
        },
        {
            "comment id": 13,
            "parent": -1,
            "children": [],
            "user id": "6421389490",
            "user name": "jvshuo",
            "content": "那个图片里的那个是别的事件 ，",
            "time": "21-6-3 23:00"
        },
        {
            "comment id": 14,
            "parent": -1,
            "children": [],
            "user id": "2990532584",
            "user name": "陈先生状态全开",
            "content": "求图，哪位大神",
            "time": "21-6-3 22:26"
        },
        {
            "comment id": 15,
            "parent": -1,
            "children": [],
            "user id": "5695347384",
            "user name": "不哭不闹的甜甜圈",
            "content": "是跳楼砸到了栏杆所以砸的稀碎",
            "time": "21-6-3 22:06"
        },
        {
            "comment id": 16,
            "parent": -1,
            "children": [],
            "user id": "5931093277",
            "user name": "太容易湿",
            "content": "应该是假的 st和有人围着的案发现场根本不是同一个地方。",
            "time": "21-6-3 21:56"
        },
        {
            "comment id": 17,
            "parent": -1,
            "children": [],
            "user id": "6562861236",
            "user name": "小贤吃不饱o",
            "content": "求图",
            "time": "21-6-3 20:56"
        },
        {
            "comment id": 18,
            "parent": -1,
            "children": [],
            "user id": "5698725433",
            "user name": "Aet-chen",
            "content": "礼貌求图",
            "time": "21-6-4 12:25"
        },
        {
            "comment id": 19,
            "parent": -1,
            "children": [],
            "user id": "6021725763",
            "user name": "别找别来别烦",
            "content": "礼貌求图",
            "time": "21-6-4 04:30"
        },
        {
            "comment id": 20,
            "parent": -1,
            "children": [],
            "user id": "7479560009",
            "user name": "伏白昼",
            "content": "可以求求图吗！谢谢",
            "time": "21-6-4 00:51"
        },
        {
            "comment id": 21,
            "parent": -1,
            "children": [],
            "user id": "6410398252",
            "user name": "姑娘抹的什么香",
            "content": "有图吗 求私",
            "time": "21-6-3 23:29"
        }
    ]
}