{
    "source": {
        "content": "#武汉街道口分尸# 恐怖如斯，吃晚饭看到图，把我恶心坏了，现在都想呕。。不知道杀人犯抓到没，一天不抓到人心惶惶，话说哪里能看案件进度？想知道事情的起因、经过。 ",
        "time": "21-6-3 20:49",
        "user id": "6495935514",
        "tweet id": "Kivom49WC",
        "label": 1,
        "theme": null
    },
    "comment": [
        {
            "comment id": 0,
            "parent": -1,
            "children": [],
            "user id": "6495935514",
            "user name": "用户6495935514",
            "content": "鉴于不知道案件是否真实，大家一起等待武汉公关官方发言，这里不发图，不发聊天记录，不知道事情原委，咱不传谣",
            "time": "21-6-3 22:48"
        },
        {
            "comment id": 1,
            "parent": -1,
            "children": [
                2
            ],
            "user id": "5531774571",
            "user name": "MarcEsp_",
            "content": "不是刑事案件啊亲",
            "time": "21-6-3 21:45"
        },
        {
            "comment id": 2,
            "parent": 1,
            "children": [],
            "user id": "6495935514",
            "user name": "用户6495935514",
            "content": "啊这",
            "time": "21-6-3 22:42"
        },
        {
            "comment id": 3,
            "parent": -1,
            "children": [
                4
            ],
            "user id": "7501586433",
            "user name": "漆羲",
            "content": "想知道啊小哥哥，我告诉你啊。就，是，假，的。别信！！",
            "time": "21-6-3 22:50"
        },
        {
            "comment id": 4,
            "parent": 3,
            "children": [],
            "user id": "6495935514",
            "user name": "用户6495935514",
            "content": "好！我，信，你。不，为，啥，就，心，情，愉，悦！！",
            "time": "21-6-3 23:02"
        },
        {
            "comment id": 5,
            "parent": -1,
            "children": [
                6
            ],
            "user id": "7010671917",
            "user name": "小小少年da",
            "content": "好像是假的哦，一样吃饭吃一半，吐了。",
            "time": "21-6-3 20:58"
        },
        {
            "comment id": 6,
            "parent": 5,
            "children": [],
            "user id": "6495935514",
            "user name": "用户6495935514",
            "content": "那些聊天记录能假，图假不了啊就是不知道是哪个事件的，武汉公关也没出来说话",
            "time": "21-6-3 21:05"
        },
        {
            "comment id": 7,
            "parent": -1,
            "children": [],
            "user id": "3989263848",
            "user name": "巴拉巴拉Dybala",
            "content": "求图",
            "time": "21-6-3 23:52"
        },
        {
            "comment id": 8,
            "parent": -1,
            "children": [],
            "user id": "3173675845",
            "user name": "养乐多女孩呀-",
            "content": "我想看",
            "time": "21-6-3 22:17"
        },
        {
            "comment id": 9,
            "parent": -1,
            "children": [],
            "user id": "6367001178",
            "user name": "爱喝可乐的正太",
            "content": "谣言 尸体是意外坠楼 在麦当劳上方空调架被摔断 传播图背景都不一样是假的",
            "time": "21-6-3 22:14"
        },
        {
            "comment id": 10,
            "parent": -1,
            "children": [],
            "user id": "6043801164",
            "user name": "sheng宏亮",
            "content": "求图",
            "time": "21-6-3 22:06"
        },
        {
            "comment id": 11,
            "parent": -1,
            "children": [],
            "user id": "6447995987",
            "user name": "Boli_oqdk",
            "content": "是跳楼",
            "time": "21-6-3 21:58"
        },
        {
            "comment id": 12,
            "parent": -1,
            "children": [],
            "user id": "7536440055",
            "user name": "落日坠入长河",
            "content": "求图。。。",
            "time": "21-6-3 22:09"
        }
    ]
}