{
    "source": {
        "content": "#作弊 小猿搜题#这等于说用眼镜拍，传到外面，外面人上传小猿搜题？（猜测 ",
        "time": "21-6-8 11:29",
        "user id": "6337816228",
        "tweet id": "KjcRGhMXG",
        "label": 1,
        "theme": null
    },
    "comment": [
        {
            "comment id": 0,
            "parent": -1,
            "children": [],
            "user id": "7482917959",
            "user name": "冥千静",
            "content": "怪不得嘞，不过这样的话外面那个岂不是猪队友，坑惨咯",
            "time": "21-6-8 11:35"
        },
        {
            "comment id": 1,
            "parent": -1,
            "children": [],
            "user id": "6570701193",
            "user name": "隔壁超A巨C",
            "content": "我天这高科技，还能走卫星频道，同一个考场的学生和监考老师要遭殃了",
            "time": "21-6-8 11:33"
        },
        {
            "comment id": 2,
            "parent": -1,
            "children": [],
            "user id": "3961886070",
            "user name": "咚咚冻冻冻冻_",
            "content": "这个眼镜的图是好几年前的了",
            "time": "21-6-8 11:31"
        },
        {
            "comment id": 3,
            "parent": -1,
            "children": [],
            "user id": "6577279436",
            "user name": "Harlem_",
            "content": "外援太坑了，太懒了自己不想做？",
            "time": "21-6-8 11:39"
        },
        {
            "comment id": 4,
            "parent": -1,
            "children": [],
            "user id": "5262552300",
            "user name": "超甜小叶yyyyyy",
            "content": "搞了那么牛逼的科技，为啥不能再买通个题手解答呀",
            "time": "21-6-8 11:37"
        },
        {
            "comment id": 5,
            "parent": -1,
            "children": [],
            "user id": "7331934853",
            "user name": "小熊的小熊爱吃饼干",
            "content": "果然还是贫穷限制了我的想象啊",
            "time": "21-6-8 11:34"
        },
        {
            "comment id": 6,
            "parent": -1,
            "children": [],
            "user id": "7331934853",
            "user name": "小熊的小熊爱吃饼干",
            "content": "我天好高科技",
            "time": "21-6-8 11:34"
        },
        {
            "comment id": 7,
            "parent": -1,
            "children": [],
            "user id": "6555727286",
            "user name": "暗影54878",
            "content": "这也行？考个高考怎么感觉像去当间谍一样的",
            "time": "21-6-8 11:32"
        },
        {
            "comment id": 8,
            "parent": -1,
            "children": [],
            "user id": "7273481736",
            "user name": "寡妇的悲伤",
            "content": "卧槽这是什么高科技",
            "time": "21-6-8 11:32"
        },
        {
            "comment id": 9,
            "parent": -1,
            "children": [],
            "user id": "6463486934",
            "user name": "水瓶座的我是谁啊",
            "content": "那是外面的人太不靠谱了反向操作",
            "time": "21-6-8 11:31"
        }
    ]
}