{
    "source": {
        "content": "#作弊 小猿搜题#不是手机作弊吧，老师又不是瞎#吴伊卓# ",
        "time": "21-6-8 13:38",
        "user id": "5304456217",
        "tweet id": "KjdHLmEyk",
        "label": 1,
        "theme": null
    },
    "comment": [
        {
            "comment id": 0,
            "parent": -1,
            "children": [
                9,
                10,
                11,
                12
            ],
            "user id": "5304456217",
            "user name": "养只傻猫叫陈正小公举",
            "content": "不知道就觉得怎么可能带手机进去",
            "time": "21-6-8 18:49"
        },
        {
            "comment id": 1,
            "parent": 2,
            "children": [],
            "user id": "5391042901",
            "user name": "牛奶芋圆圆u",
            "content": "回复@养只傻猫叫陈正小公举:每个地方的教育资源都不一样 国家已经在尽力了 但是每个地方发展不同 也不是一朝一夕能解决的",
            "time": "21-6-8 19:49"
        },
        {
            "comment id": 2,
            "parent": 3,
            "children": [
                1
            ],
            "user id": "5304456217",
            "user name": "养只傻猫叫陈正小公举",
            "content": "回复@牛奶芋圆圆u:……so国家应该管管这些有点像漏网之鱼的地方吧，不能口口声声公平公平。。",
            "time": "21-6-8 19:46"
        },
        {
            "comment id": 3,
            "parent": 4,
            "children": [
                2
            ],
            "user id": "5391042901",
            "user name": "牛奶芋圆圆u",
            "content": "回复@养只傻猫叫陈正小公举:打错了…我高考的时候就没这么严格",
            "time": "21-6-8 19:41"
        },
        {
            "comment id": 4,
            "parent": 5,
            "children": [
                3
            ],
            "user id": "5304456217",
            "user name": "养只傻猫叫陈正小公举",
            "content": "回复@牛奶芋圆圆u:啊？严格。。的话能带手机吗。",
            "time": "21-6-8 19:40"
        },
        {
            "comment id": 5,
            "parent": 6,
            "children": [
                4
            ],
            "user id": "5391042901",
            "user name": "牛奶芋圆圆u",
            "content": "回复@养只傻猫叫陈正小公举:我高考的时候就这么严格…",
            "time": "21-6-8 19:39"
        },
        {
            "comment id": 6,
            "parent": 7,
            "children": [
                5
            ],
            "user id": "5304456217",
            "user name": "养只傻猫叫陈正小公举",
            "content": "回复@养只傻猫叫陈正小公举:删了好几次一直显示错误",
            "time": "21-6-8 19:23"
        },
        {
            "comment id": 7,
            "parent": 9,
            "children": [
                6
            ],
            "user id": "5304456217",
            "user name": "养只傻猫叫陈正小公举",
            "content": "回复@牛奶芋圆圆u:还有无语死了这个破微博删不掉……",
            "time": "21-6-8 19:23"
        },
        {
            "comment id": 8,
            "parent": 9,
            "children": [],
            "user id": "5304456217",
            "user name": "养只傻猫叫陈正小公举",
            "content": "回复@牛奶芋圆圆u:高考应该每个地方都很严吧，这种不是开玩笑。。",
            "time": "21-6-8 19:22"
        },
        {
            "comment id": 9,
            "parent": 0,
            "children": [
                7,
                8
            ],
            "user id": "5391042901",
            "user name": "牛奶芋圆圆u",
            "content": "看地方吧……",
            "time": "21-6-8 19:08"
        },
        {
            "comment id": 10,
            "parent": 0,
            "children": [],
            "user id": "5304456217",
            "user name": "养只傻猫叫陈正小公举",
            "content": "我也不知道是不是真的带卫星眼睛",
            "time": "21-6-8 18:50"
        },
        {
            "comment id": 11,
            "parent": 0,
            "children": [],
            "user id": "5304456217",
            "user name": "养只傻猫叫陈正小公举",
            "content": "中考连钢圈内衣都不能穿这么可能让人带手机进去。。",
            "time": "21-6-8 18:50"
        },
        {
            "comment id": 12,
            "parent": 0,
            "children": [],
            "user id": "5304456217",
            "user name": "养只傻猫叫陈正小公举",
            "content": "金属探测仪什么的又不是摆设",
            "time": "21-6-8 18:49"
        },
        {
            "comment id": 13,
            "parent": -1,
            "children": [],
            "user id": "5304456217",
            "user name": "养只傻猫叫陈正小公举",
            "content": "设置不能评论了。。微博删不掉就让它沉下去吧",
            "time": "21-6-8 21:32"
        },
        {
            "comment id": 14,
            "parent": -1,
            "children": [],
            "user id": "5304456217",
            "user name": "养只傻猫叫陈正小公举",
            "content": "删不掉微博一直显示微博错误，微博客服也不能解决问题……",
            "time": "21-6-8 19:26"
        },
        {
            "comment id": 15,
            "parent": -1,
            "children": [],
            "user id": "3206675602",
            "user name": "涛妈可嘉",
            "content": "用卫星肯定是团伙，怎么可能用小猿？",
            "time": "21-6-8 14:42"
        },
        {
            "comment id": 16,
            "parent": -1,
            "children": [],
            "user id": "5843875134",
            "user name": "雪糕君Qi",
            "content": "快别造谣了",
            "time": "21-6-8 14:42"
        },
        {
            "comment id": 17,
            "parent": -1,
            "children": [],
            "user id": "1055559070",
            "user name": "嘎嘎嘎梁",
            "content": "失联了她怎么知道的这么详细的",
            "time": "21-6-8 15:15"
        },
        {
            "comment id": 18,
            "parent": -1,
            "children": [],
            "user id": "6926837843",
            "user name": "一顾傾佳人958",
            "content": "去看看官方公告，就是手机作弊，别信那些谣言",
            "time": "21-6-8 15:25"
        },
        {
            "comment id": 19,
            "parent": -1,
            "children": [],
            "user id": "5391042901",
            "user name": "牛奶芋圆圆u",
            "content": "造谣要负责任的 别蹭了",
            "time": "21-6-8 15:49"
        },
        {
            "comment id": 20,
            "parent": -1,
            "children": [],
            "user id": "1728826812",
            "user name": "嘛嘛叉",
            "content": "因为被举报不实信息所以删不掉微博了",
            "time": "21-6-9 01:33"
        },
        {
            "comment id": 21,
            "parent": -1,
            "children": [],
            "user id": "1650613083",
            "user name": "陈念兹",
            "content": "官方说是手机了，这种分分钟能捏出来的截图不能当证据",
            "time": "21-6-8 15:39"
        },
        {
            "comment id": 22,
            "parent": -1,
            "children": [],
            "user id": "2573255173",
            "user name": "油菜豆腐皮er",
            "content": "笑死 都用这种高科技了还至于上传猿辅导？",
            "time": "21-6-8 17:34"
        },
        {
            "comment id": 23,
            "parent": -1,
            "children": [],
            "user id": "1728826812",
            "user name": "嘛嘛叉",
            "content": "随手举报造谣",
            "time": "21-6-8 16:52"
        },
        {
            "comment id": 24,
            "parent": -1,
            "children": [],
            "user id": "5863007421",
            "user name": "NormanFxxkingRockweII",
            "content": "差不多得了，一模一样的话我都快看吐了，就会500万微型摄像头和耳屎大小的耳塞这一句话",
            "time": "21-6-8 14:45"
        },
        {
            "comment id": 25,
            "parent": -1,
            "children": [],
            "user id": "6380426303",
            "user name": "山田心崽崽呀",
            "content": "造谣死🐴",
            "time": "21-6-8 18:13"
        },
        {
            "comment id": 26,
            "parent": -1,
            "children": [],
            "user id": "1061464883",
            "user name": "ipis婷婷",
            "content": "必须举报",
            "time": "21-6-8 17:07"
        },
        {
            "comment id": 27,
            "parent": -1,
            "children": [],
            "user id": "2944121885",
            "user name": "景古石挺",
            "content": "又造谣",
            "time": "21-6-8 16:35"
        },
        {
            "comment id": 28,
            "parent": -1,
            "children": [],
            "user id": "5709752767",
            "user name": "不仔细想都想不起来了",
            "content": "这些传谣言的是没🐴吗",
            "time": "21-6-8 15:02"
        },
        {
            "comment id": 29,
            "parent": -1,
            "children": [],
            "user id": "2204224287",
            "user name": "娜哪儿魸魶",
            "content": "转发微博",
            "time": "21-6-8 14:55"
        },
        {
            "comment id": 30,
            "parent": -1,
            "children": [],
            "user id": "1572739753",
            "user name": "京滨城际",
            "content": "回复@涛妈可嘉:没找到靠谱的枪手呗，哈哈",
            "time": "21-6-8 14:46"
        },
        {
            "comment id": 31,
            "parent": -1,
            "children": [],
            "user id": "7313672968",
            "user name": "Nottanfield",
            "content": "你就好好造谣吧",
            "time": "21-6-8 14:46"
        },
        {
            "comment id": 32,
            "parent": -1,
            "children": [],
            "user id": "5346771339",
            "user name": "moheyibei",
            "content": "你的聊天记录里应该还有一个警察举着眼镜的照片，文案一模一样。然而：网页链接",
            "time": "21-6-8 17:00"
        },
        {
            "comment id": 33,
            "parent": -1,
            "children": [],
            "user id": "6260646225",
            "user name": "招财狗桃桃",
            "content": "别造谣了，带个手机进去真的没那么难，救命🆘 ，我们高中历史老师监考多年也有很多次发现把手机带进去的，有些地方安检也就是随便挥舞一下金属探测器，这种聊天记录造谣真的张口就来，你能确定他们不是吃瓜群众吗，聊天记录造谣还少吗。",
            "time": "21-6-8 15:34"
        }
    ]
}