{
    "source": {
        "content": "党的生日（迟来的凌晨）\n交管12123真的可以免费处理一条罚单\n祝伟大的祖国更加繁荣昌盛 ",
        "time": "21-7-2 04:00",
        "user id": "5264437807",
        "tweet id": "KmObouChH",
        "label": 1,
        "theme": null
    },
    "comment": [
        {
            "comment id": 0,
            "parent": -1,
            "children": [
                1,
                2
            ],
            "user id": "5445953449",
            "user name": "FFBBCC_",
            "content": "消息不实，被辟谣了",
            "time": "21-7-2 12:48"
        },
        {
            "comment id": 1,
            "parent": 0,
            "children": [],
            "user id": "5264437807",
            "user name": "婧卓呀_",
            "content": "但是我看了处理历史成功了呀",
            "time": "21-7-2 12:57"
        },
        {
            "comment id": 2,
            "parent": 0,
            "children": [],
            "user id": "1932155035",
            "user name": "Panuco",
            "content": "也不算是谣言，你看看广东交警发出来的置顶就明白的了",
            "time": "21-7-2 13:16"
        },
        {
            "comment id": 3,
            "parent": -1,
            "children": [
                6
            ],
            "user id": "1665542825",
            "user name": "高飞求放过",
            "content": "你这个是首错免罚，当然不得给钱啊",
            "time": "21-7-2 10:11"
        },
        {
            "comment id": 4,
            "parent": 5,
            "children": [],
            "user id": "5264437807",
            "user name": "婧卓呀_",
            "content": "回复@Panuco:原来是这这样哦",
            "time": "21-7-2 12:57"
        },
        {
            "comment id": 5,
            "parent": 6,
            "children": [
                4
            ],
            "user id": "1932155035",
            "user name": "Panuco",
            "content": "回复@婧卓呀_:因为7月1日新的规定才实施，而你的违章是5月犯的，当时肯定要罚钱扣分，但是7月1日起，指定违章项目可以首错免罚。",
            "time": "21-7-2 11:54"
        },
        {
            "comment id": 6,
            "parent": 3,
            "children": [
                5
            ],
            "user id": "5264437807",
            "user name": "婧卓呀_",
            "content": "不是之前显示的是150元罚款",
            "time": "21-7-2 10:34"
        },
        {
            "comment id": 7,
            "parent": -1,
            "children": [],
            "user id": "7525253543",
            "user name": "zhangbu2",
            "content": "是个bug一会又出来了",
            "time": "21-7-2 04:01"
        }
    ]
}