{
    "source": {
        "content": "#杭州女子商场内驱赶辱骂日本女孩#【千万不要以为，日本政府做出许多不利于两国关系和损害中国利益的行为，就可以对无辜的日本公民采取不礼貌的行为，就觉得这是爱国。恰恰相反，这是丢中国人的脸】“滚出商场，滚出中国！”杭州，某商场，一位大妈，追赶一日本女孩，大声辱骂，沿途驱逐，最后，在工作人员帮助下，日本女孩得以脱身。目前，警方已介入，原因在调查。\n\n你是谁？你有什么资格要求人家滚出中国？就算日本女孩有错在先，也只能请求警方解决，而不是在公共场所追赶人家、侮辱人家，并要求人家滚出商场、滚出中国。\n\n看到这样的现象，我们只能说，这位大妈把“泼”撒到公共场所了，警方应当依据法律，对这位大妈采取措施，追究其法律责任。\n\n中国是一个礼仪之邦，虽然日本政府卑鄙无耻，但并不妨碍中日两国的民间交往。这位日本女孩来中国，也是对中国有好的表现，我们应当以礼相待，而不能做出有损中国人形象的事。这样一闹，哪怕大妈再有理，也不会得到公众的支持和赞同，警方应当认真调查",
        "time": "21-7-15 07:25",
        "user id": "7126787359",
        "tweet id": "KoO4XcbM6",
        "label": 1,
        "theme": null
    },
    "comment": [
        {
            "comment id": 0,
            "parent": -1,
            "children": [],
            "user id": "5284214726",
            "user name": "人脉爸爸",
            "content": "优质内容",
            "time": "21-7-15 07:26"
        },
        {
            "comment id": 1,
            "parent": -1,
            "children": [
                5,
                7
            ],
            "user id": "6271292203",
            "user name": "人间卿玖醉浮生",
            "content": "不要乱带风向！被骂的女孩是中国人，出生在中国的好嘛",
            "time": "21-7-16 00:41"
        },
        {
            "comment id": 2,
            "parent": 3,
            "children": [],
            "user id": "5690922366",
            "user name": "雨24242555",
            "content": "回复@人间卿玖醉浮生:小女孩太可怜了",
            "time": "21-7-18 06:03"
        },
        {
            "comment id": 3,
            "parent": 5,
            "children": [
                2
            ],
            "user id": "6271292203",
            "user name": "人间卿玖醉浮生",
            "content": "回复@广西第二扫地僧:执法是警察的事，而不是网络媒体转发就好的事",
            "time": "21-7-17 13:56"
        },
        {
            "comment id": 4,
            "parent": 5,
            "children": [],
            "user id": "6271292203",
            "user name": "人间卿玖醉浮生",
            "content": "回复@广西第二扫地僧:大哥你哪里看见我说不需要执法了，他们这些转发的哪里有表明被骂的女孩是中国人?就让人家误会?然后再去骂这个女孩?人家不上网的?不会看见的?",
            "time": "21-7-17 13:51"
        },
        {
            "comment id": 5,
            "parent": 1,
            "children": [
                3,
                4
            ],
            "user id": "1228763701",
            "user name": "广西第二扫地僧",
            "content": "被骂的人是中国人，不是日本人，就不该执法了？这样披着“爱国羊皮”谩骂，就该执法",
            "time": "21-7-17 02:14"
        },
        {
            "comment id": 6,
            "parent": 7,
            "children": [],
            "user id": "6271292203",
            "user name": "人间卿玖醉浮生",
            "content": "回复@雨24242555:说是她们吃饭的时候直接冲上来的，被骂的女孩绝对是中国人的，一起长大的",
            "time": "21-7-16 17:01"
        },
        {
            "comment id": 7,
            "parent": 1,
            "children": [
                6
            ],
            "user id": "5690922366",
            "user name": "雨24242555",
            "content": "那为什么骂女孩呢",
            "time": "21-7-16 01:17"
        },
        {
            "comment id": 8,
            "parent": -1,
            "children": [],
            "user id": "6651475915",
            "user name": "我就想随意说说话儿",
            "content": "没有日本女孩！ ",
            "time": "21-7-16 18:14"
        },
        {
            "comment id": 9,
            "parent": -1,
            "children": [],
            "user id": "5144410911",
            "user name": "mmmmmmdidi",
            "content": "传播谣言是要负法律责任的",
            "time": "21-7-15 21:01"
        },
        {
            "comment id": 10,
            "parent": -1,
            "children": [],
            "user id": "2461461662",
            "user name": "南洋草民",
            "content": "虽然这是谣言，但是你的说法也不对，日本人民是要对日本政府负全责的，要辨认该日本人是否无辜，首先可以先要求其以个人名义声明反战六点，如果这也做不到，那就不是无辜，而是死有余辜的日本人。",
            "time": "21-7-16 18:56"
        },
        {
            "comment id": 11,
            "parent": -1,
            "children": [],
            "user id": "5146121039",
            "user name": "孙哈哈喔",
            "content": "事情没调查清楚就瞎下结论？再说了国人在外面被骂的还少？",
            "time": "21-7-15 23:44"
        },
        {
            "comment id": 12,
            "parent": -1,
            "children": [],
            "user id": "7502362295",
            "user name": "梦想骑点530",
            "content": "你算了吧 ，你知道事情的起因吗？都不知道你还在虾bb",
            "time": "21-7-15 11:24"
        },
        {
            "comment id": 13,
            "parent": -1,
            "children": [
                14
            ],
            "user id": "3806826421",
            "user name": "1013190837呵",
            "content": "图片评论 ",
            "time": "21-7-15 19:47"
        },
        {
            "comment id": 14,
            "parent": 13,
            "children": [],
            "user id": "5690922366",
            "user name": "雨24242555",
            "content": "怕坐牢扯精神病的吧",
            "time": "21-7-16 01:18"
        }
    ]
}