{
    "source": {
        "content": "7月15日广东茂名，一名偷小孩的人贩子被当场逮捕，众人围观愤怒指责。 会火大叔的微博视频 ",
        "time": "21-7-16 14:51",
        "user id": "2713866045",
        "tweet id": "Kp0qyp0uA",
        "label": 1,
        "theme": null
    },
    "comment": [
        {
            "comment id": 0,
            "parent": -1,
            "children": [],
            "user id": "6793561821",
            "user name": "我有一个梦chyc",
            "content": "听视频里有人说，偷了好几个，虽然没成功，但也足够让人心惊胆战了，人贩子就该判死刑",
            "time": "21-7-16 16:15"
        },
        {
            "comment id": 1,
            "parent": -1,
            "children": [],
            "user id": "7117016098",
            "user name": "努力向著太陽前行",
            "content": "這種人打死都是便宜的😤😤😤對每個父母來說，他們就魔鬼。",
            "time": "21-7-16 17:22"
        },
        {
            "comment id": 2,
            "parent": -1,
            "children": [],
            "user id": "5620833310",
            "user name": "福顺小子666",
            "content": "也没人打她啊？",
            "time": "21-7-16 15:04"
        },
        {
            "comment id": 3,
            "parent": -1,
            "children": [],
            "user id": "5537292167",
            "user name": "桃之夭夭_深深子",
            "content": "弄死他",
            "time": "21-7-16 15:56"
        },
        {
            "comment id": 4,
            "parent": -1,
            "children": [],
            "user id": "1869509814",
            "user name": "ooo夏至oo",
            "content": "死刑！",
            "time": "21-7-16 16:44"
        }
    ]
}