{
    "source": {
        "content": "日本跳水，在搅笑吗？ 香港正义姐蓝雪宝的微博视频 ",
        "time": "21-7-27 00:03",
        "user id": "6474140990",
        "tweet id": "KqAju8vUC",
        "label": 1,
        "theme": null
    },
    "comment": [
        {
            "comment id": 0,
            "parent": -1,
            "children": [
                1
            ],
            "user id": "1221138654",
            "user name": "wwp600288",
            "content": "虽然讨厌日本，但不会取笑他们的运动员。",
            "time": "21-7-27 00:51"
        },
        {
            "comment id": 1,
            "parent": 0,
            "children": [],
            "user id": "7358255539",
            "user name": "仙_屯_牧_童",
            "content": "你真伟大，日本人应该膜拜你",
            "time": "21-7-27 14:58"
        },
        {
            "comment id": 2,
            "parent": -1,
            "children": [
                3
            ],
            "user id": "7594370711",
            "user name": "趋势与动能",
            "content": "不客气地说，我上去也不会比这更搞笑",
            "time": "21-7-27 02:54"
        },
        {
            "comment id": 3,
            "parent": 2,
            "children": [],
            "user id": "3932854171",
            "user name": "烟雨夕阳QQ",
            "content": "我笑是笑她的动作太夸张了，没车的意思",
            "time": "21-7-27 08:23"
        },
        {
            "comment id": 4,
            "parent": -1,
            "children": [],
            "user id": "3704273504",
            "user name": "斌阿猫",
            "content": "裁判打出10分",
            "time": "21-7-27 00:12"
        },
        {
            "comment id": 5,
            "parent": -1,
            "children": [],
            "user id": "1858419342",
            "user name": "泥菩萨之不过江",
            "content": "这是国内的比赛吧场边的广告全是简体中文",
            "time": "21-7-27 07:29"
        },
        {
            "comment id": 6,
            "parent": -1,
            "children": [],
            "user id": "3079219003",
            "user name": "此号已封an",
            "content": "不应该嘲笑，虽然引不住，那怕自己国家队也出现这情况",
            "time": "21-7-27 10:50"
        },
        {
            "comment id": 7,
            "parent": -1,
            "children": [],
            "user id": "1904044633",
            "user name": "不可再等了",
            "content": "跳板会滑，其实我们运动员也会遇到这种情况，导致动作失误，只是没她这么夸张",
            "time": "21-7-27 07:07"
        },
        {
            "comment id": 8,
            "parent": -1,
            "children": [],
            "user id": "2623264303",
            "user name": "霸道总裁的喵",
            "content": "跳板太烫了",
            "time": "21-7-27 02:28"
        },
        {
            "comment id": 9,
            "parent": -1,
            "children": [],
            "user id": "2217953247",
            "user name": "停一停谂一谂稳阵好多",
            "content": "难度系数3.8",
            "time": "21-7-27 01:12"
        },
        {
            "comment id": 10,
            "parent": -1,
            "children": [],
            "user id": "1316704024",
            "user name": "原野上的一抺彩虹",
            "content": "笑死了~ ",
            "time": "21-7-27 01:00"
        },
        {
            "comment id": 11,
            "parent": -1,
            "children": [],
            "user id": "1827348864",
            "user name": "OlealeaO",
            "content": "@SylvieGarfield",
            "time": "21-7-27 00:06"
        },
        {
            "comment id": 12,
            "parent": -1,
            "children": [],
            "user id": "2072672943",
            "user name": "快乐派大星仔",
            "content": "她这是脚颠着颠着节奏错乱了，脚不听使唤吗哈哈任由身体自由 滑落",
            "time": "21-7-27 15:49"
        },
        {
            "comment id": 13,
            "parent": -1,
            "children": [],
            "user id": "7373545521",
            "user name": "啵啵的酷奶盖",
            "content": "我觉得我跳的水花都比她小",
            "time": "21-7-27 15:23"
        },
        {
            "comment id": 14,
            "parent": -1,
            "children": [],
            "user id": "7628188955",
            "user name": "柒夏珂珂",
            "content": "@古川雄辉 你在看吗？",
            "time": "21-7-27 15:22"
        },
        {
            "comment id": 15,
            "parent": -1,
            "children": [
                16,
                17
            ],
            "user id": "7319873236",
            "user name": "挤公牛奶",
            "content": "失误而已，没必要冷嘲乐讽的",
            "time": "21-7-27 00:06"
        },
        {
            "comment id": 16,
            "parent": 15,
            "children": [],
            "user id": "2189656750",
            "user name": "Suloro",
            "content": "踩到你尾巴了还是踩到你爹尾巴了？",
            "time": "21-7-27 00:19"
        },
        {
            "comment id": 17,
            "parent": 15,
            "children": [],
            "user id": "5081296233",
            "user name": "遙遠的她wwe",
            "content": "那么搞笑不让人笑，你太没人权了吧",
            "time": "21-7-27 01:09"
        },
        {
            "comment id": 18,
            "parent": -1,
            "children": [],
            "user id": "7486705042",
            "user name": "一咸鱼非咸一",
            "content": "@可爱可爱颖宝了微博",
            "time": "21-7-27 15:46"
        },
        {
            "comment id": 19,
            "parent": -1,
            "children": [
                20
            ],
            "user id": "6295252376",
            "user name": "小宋老师是神咩",
            "content": "@kkkwangW 尽力了！👍🏻",
            "time": "21-7-27 15:15"
        },
        {
            "comment id": 20,
            "parent": 19,
            "children": [],
            "user id": "6869279821",
            "user name": "kkkwangW",
            "content": "笑死我了",
            "time": "21-7-27 15:21"
        },
        {
            "comment id": 21,
            "parent": -1,
            "children": [],
            "user id": "7358255539",
            "user name": "仙_屯_牧_童",
            "content": "跳得比较有特点",
            "time": "21-7-27 14:56"
        },
        {
            "comment id": 22,
            "parent": -1,
            "children": [
                23
            ],
            "user id": "5736571779",
            "user name": "邻家少女王富贵-",
            "content": "@小王10岁了",
            "time": "21-7-27 14:03"
        },
        {
            "comment id": 23,
            "parent": 22,
            "children": [],
            "user id": "7490364587",
            "user name": "小王今天crush了吗",
            "content": "哈哈哈哈哈哈哈哈哈哈哈他妈的！",
            "time": "21-7-27 22:31"
        },
        {
            "comment id": 24,
            "parent": -1,
            "children": [
                25
            ],
            "user id": "6334591466",
            "user name": "逃进小岛",
            "content": "@狗尾有点狗",
            "time": "21-7-27 13:51"
        },
        {
            "comment id": 25,
            "parent": 24,
            "children": [],
            "user id": "3256963220",
            "user name": "春天只需要",
            "content": "",
            "time": "21-7-27 14:13"
        },
        {
            "comment id": 26,
            "parent": -1,
            "children": [],
            "user id": "1269999864",
            "user name": "拉风拉风很拉风",
            "content": "@胡Julian再也无法得A",
            "time": "21-7-27 00:54"
        }
    ]
}