{
    "source": {
        "content": "#郑州地铁# 五号线开运了？真的采纳了网友们的建议？！🙏🙏🙏  嘟嘟小笨8379的微博视频 ",
        "time": "21-7-27 20:02",
        "user id": "3125835415",
        "tweet id": "KqI9Yq7S5",
        "label": 1,
        "theme": null
    },
    "comment": [
        {
            "comment id": 0,
            "parent": -1,
            "children": [],
            "user id": "2769778195",
            "user name": "打怪升级的小王",
            "content": "假的水还没抽完，还要检修呢，没这么快",
            "time": "21-7-28 08:38"
        },
        {
            "comment id": 1,
            "parent": -1,
            "children": [],
            "user id": "2685097383",
            "user name": "永恒的长生天",
            "content": "假的。没有建议他们也会空跑一趟。今天没跑。",
            "time": "21-7-28 00:30"
        },
        {
            "comment id": 2,
            "parent": -1,
            "children": [],
            "user id": "1749017634",
            "user name": "LOHAS尚",
            "content": "发这个视频的人都是屁股决定脑袋？👍🏿",
            "time": "21-7-28 13:27"
        },
        {
            "comment id": 3,
            "parent": -1,
            "children": [],
            "user id": "2683701303",
            "user name": "不知所畏的所谓",
            "content": "可能只是试运行，检查下设备",
            "time": "21-7-28 10:57"
        },
        {
            "comment id": 4,
            "parent": -1,
            "children": [],
            "user id": "2610456237",
            "user name": "因为你们不是超人橙",
            "content": "假的",
            "time": "21-7-29 23:13"
        },
        {
            "comment id": 5,
            "parent": -1,
            "children": [],
            "user id": "1666408465",
            "user name": "不知道改什么名字LC",
            "content": "假新闻",
            "time": "21-7-29 14:33"
        },
        {
            "comment id": 6,
            "parent": -1,
            "children": [],
            "user id": "6345585328",
            "user name": "骆谦小凯",
            "content": "假的",
            "time": "21-7-28 15:51"
        },
        {
            "comment id": 7,
            "parent": -1,
            "children": [],
            "user id": "2790944667",
            "user name": "荷禧礼仪致远",
            "content": "谁发的？让灵魂都去他家！",
            "time": "21-7-28 14:43"
        },
        {
            "comment id": 8,
            "parent": -1,
            "children": [],
            "user id": "3885127868",
            "user name": "大麦小麦麦子",
            "content": "ri sb天天造谣",
            "time": "21-7-28 13:34"
        }
    ]
}