{
    "source": {
        "content": "台风，上海外滩黄浦江 Tomo熊的微博视频 ",
        "time": "21-7-25 16:27",
        "user id": "6050578239",
        "tweet id": "KqnTTdOxa",
        "label": 1,
        "theme": null
    },
    "comment": [
        {
            "comment id": 0,
            "parent": -1,
            "children": [
                1
            ],
            "user id": "1030573440",
            "user name": "法国农夫",
            "content": "可惜没一幢楼属于上海",
            "time": "21-7-25 17:21"
        },
        {
            "comment id": 1,
            "parent": 0,
            "children": [],
            "user id": "1759232261",
            "user name": "AL乳糖不耐",
            "content": "上海的外滩根本不长这样啊…",
            "time": "21-7-25 17:48"
        },
        {
            "comment id": 2,
            "parent": -1,
            "children": [],
            "user id": "3276290181",
            "user name": "nnz_",
            "content": "假的视频",
            "time": "21-7-25 17:20"
        },
        {
            "comment id": 3,
            "parent": -1,
            "children": [],
            "user id": "3554059634",
            "user name": "努力成为Miracle的得宝",
            "content": "几点啊这就上海外滩，灯光不是也早通知关了吗，这是不是谣言",
            "time": "21-7-25 17:50"
        },
        {
            "comment id": 4,
            "parent": -1,
            "children": [],
            "user id": "5716473100",
            "user name": "今天该买些啥",
            "content": "这是宁波的外滩",
            "time": "21-7-25 17:11"
        },
        {
            "comment id": 5,
            "parent": -1,
            "children": [],
            "user id": "1828996707",
            "user name": "南有乔木可休思_",
            "content": "这是宁波甬江。。。",
            "time": "21-7-25 19:10"
        },
        {
            "comment id": 6,
            "parent": -1,
            "children": [],
            "user id": "6051642794",
            "user name": "一个不认识地人",
            "content": "曹尼玛发假消息",
            "time": "21-7-25 18:31"
        },
        {
            "comment id": 7,
            "parent": -1,
            "children": [],
            "user id": "1919227027",
            "user name": "蓝波在旅途",
            "content": "这是以前的视频吧？天还没黑呢",
            "time": "21-7-25 17:06"
        }
    ]
}