{
    "source": {
        "content": "南京这个人轨迹也是太牛逼了吧，嫖娼几天？#南京各景区今天恢复开放#  ",
        "time": "21-7-30 11:44",
        "user id": "5657353516",
        "tweet id": "Kr7bpDaEb",
        "label": 1,
        "theme": null
    },
    "comment": [
        {
            "comment id": 0,
            "parent": -1,
            "children": [],
            "user id": "7395657399",
            "user name": "雕棠开花花",
            "content": "假的",
            "time": "21-7-30 15:12"
        },
        {
            "comment id": 1,
            "parent": -1,
            "children": [],
            "user id": "6017830925",
            "user name": "我呀榴莲呀",
            "content": "这个是谣言来的，别信",
            "time": "21-7-30 13:12"
        },
        {
            "comment id": 2,
            "parent": -1,
            "children": [],
            "user id": "2818203343",
            "user name": "小昕昕-嘿嘿嘿",
            "content": "这是哪天的我咋没看到",
            "time": "21-7-30 12:33"
        },
        {
            "comment id": 3,
            "parent": -1,
            "children": [],
            "user id": "7560080961",
            "user name": "暗夜是需要光靓的",
            "content": "这假消息流调里没有符合32岁姓拜的",
            "time": "21-7-30 11:46"
        },
        {
            "comment id": 4,
            "parent": -1,
            "children": [],
            "user id": "5016032024",
            "user name": "OK诺KKK",
            "content": "这个流调没看到官方发布，我没找到。",
            "time": "21-7-30 12:07"
        }
    ]
}