{
    "source": {
        "content": "#吴亦凡##监狱照# 哈哈，这是真的吗？ ",
        "time": "21-8-3 21:27",
        "user id": "3290411413",
        "tweet id": "KrMI13eFY",
        "label": 1,
        "theme": null
    },
    "comment": [
        {
            "comment id": 0,
            "parent": -1,
            "children": [
                1
            ],
            "user id": "5528287559",
            "user name": "_乐昕_",
            "content": "假的，这是p过的，原图是浙江第三届“最美监狱人民警察”候选人何金弟的配照",
            "time": "21-8-4 19:51"
        },
        {
            "comment id": 1,
            "parent": 0,
            "children": [
                2
            ],
            "user id": "3179017907",
            "user name": "-话梅糖不酸",
            "content": "笑死我了",
            "time": "21-8-5 00:08"
        },
        {
            "comment id": 2,
            "parent": 1,
            "children": [],
            "user id": "5528287559",
            "user name": "_乐昕_",
            "content": "回复@限定夹心糯米团:何金弟：晦气！",
            "time": "21-8-5 05:15"
        },
        {
            "comment id": 3,
            "parent": -1,
            "children": [
                4
            ],
            "user id": "7332978988",
            "user name": "CpopT-曲辰恩",
            "content": "不能吧 穿这么热",
            "time": "21-8-4 10:06"
        },
        {
            "comment id": 4,
            "parent": 3,
            "children": [],
            "user id": "6570449491",
            "user name": "我不困嗷",
            "content": "监狱那地方多凉快",
            "time": "21-8-4 12:23"
        },
        {
            "comment id": 5,
            "parent": -1,
            "children": [
                6
            ],
            "user id": "5809206790",
            "user name": "AAAAyiku",
            "content": "发现吴亦凡脸长脑子小，看样子脑子不够灵活",
            "time": "21-8-4 18:23"
        },
        {
            "comment id": 6,
            "parent": 5,
            "children": [],
            "user id": "3716772691",
            "user name": "像小兔兔一样的多肉",
            "content": "照片假的 原图都找到了",
            "time": "21-8-4 18:25"
        },
        {
            "comment id": 7,
            "parent": -1,
            "children": [],
            "user id": "2428272761",
            "user name": "霞光风月不及你",
            "content": "看着耳洞像不像 ",
            "time": "21-8-4 11:46"
        },
        {
            "comment id": 8,
            "parent": -1,
            "children": [],
            "user id": "6197298418",
            "user name": "你的眼里繁星点点",
            "content": "是他吗  看着很像",
            "time": "21-8-4 14:32"
        },
        {
            "comment id": 9,
            "parent": -1,
            "children": [],
            "user id": "6026586622",
            "user name": "JUNKAI_yyds",
            "content": "好家伙",
            "time": "21-8-4 09:59"
        },
        {
            "comment id": 10,
            "parent": -1,
            "children": [],
            "user id": "7399675574",
            "user name": "她说她爱他002",
            "content": "666",
            "time": "21-8-5 00:56"
        },
        {
            "comment id": 11,
            "parent": -1,
            "children": [],
            "user id": "3260843942",
            "user name": "童夬",
            "content": "哈哈哈哈哈",
            "time": "21-8-4 23:03"
        },
        {
            "comment id": 12,
            "parent": -1,
            "children": [],
            "user id": "7265526643",
            "user name": "SharonJYS",
            "content": "不是他还能有谁？",
            "time": "21-8-4 12:34"
        },
        {
            "comment id": 13,
            "parent": -1,
            "children": [],
            "user id": "2428272761",
            "user name": "霞光风月不及你",
            "content": "真的好像",
            "time": "21-8-4 11:41"
        },
        {
            "comment id": 14,
            "parent": -1,
            "children": [],
            "user id": "6502770740",
            "user name": "vvQ222z",
            "content": "笑死了，卧槽😂",
            "time": "21-8-3 22:54"
        },
        {
            "comment id": 15,
            "parent": -1,
            "children": [],
            "user id": "7575825412",
            "user name": "洛神60090",
            "content": "应该是假的",
            "time": "21-8-4 18:13"
        },
        {
            "comment id": 16,
            "parent": -1,
            "children": [],
            "user id": "6602745134",
            "user name": "jumoop",
            "content": "假的，有辟谣",
            "time": "21-8-4 22:20"
        }
    ]
}