{
    "source": {
        "content": "近日，沈阳一对双胞胎的家长托熟人请物理老师补课，孩子考上高中后家长实名举报老师，不仅收回了补习费并获得了老师和熟人的补偿款。 ",
        "time": "21-8-9 17:33",
        "user id": "2178514797",
        "tweet id": "KsFK9ulKx",
        "label": 1,
        "theme": null
    },
    "comment": [
        {
            "comment id": 0,
            "parent": -1,
            "children": [
                1,
                3,
                4,
                7,
                8,
                11
            ],
            "user id": "1044371541",
            "user name": "今天要吃大螃蟹",
            "content": "这是阅读理解吗？两个孩子应该交6000，家长希望交5000，老师让孩子家长承担自己亲戚的费用，一共交了9000？ 如果是这样，这个老师挺活该的这不是欺负人家长吗？",
            "time": "21-8-9 23:09"
        },
        {
            "comment id": 1,
            "parent": 0,
            "children": [],
            "user id": "3037206444",
            "user name": "小小图米",
            "content": "其实我也觉得是假新闻，但我看的其他版本的明确说了4个小孩的",
            "time": "21-8-11 20:55"
        },
        {
            "comment id": 2,
            "parent": 6,
            "children": [],
            "user id": "1044371541",
            "user name": "今天要吃大螃蟹",
            "content": "回复@小小图米:第一张图第一行到第四行，写的家长交了9000。没有提到其他孩子。很奇怪没有任何的官方通报，也没有相关学校老师的信息。怀疑是假新闻。而且编辑不严谨。一会儿家长交了9000，一会儿又说交了6000。",
            "time": "21-8-11 19:52"
        },
        {
            "comment id": 3,
            "parent": 0,
            "children": [],
            "user id": "1044371541",
            "user name": "今天要吃大螃蟹",
            "content": "回复@Ychyuebywfc:眼瞎！",
            "time": "21-8-11 18:31"
        },
        {
            "comment id": 4,
            "parent": 0,
            "children": [],
            "user id": "1044371541",
            "user name": "今天要吃大螃蟹",
            "content": "回复@Ychyuebywfc:你的脑子和你的嘴巴一样，缺！",
            "time": "21-8-11 18:28"
        },
        {
            "comment id": 5,
            "parent": 10,
            "children": [],
            "user id": "2128376742",
            "user name": "柯柯德莉",
            "content": "回复@梓西CCindy:图片评论 网页链接",
            "time": "21-8-11 12:28"
        },
        {
            "comment id": 6,
            "parent": 10,
            "children": [
                2
            ],
            "user id": "3037206444",
            "user name": "小小图米",
            "content": "回复@梓西CCindy:我看过详细版，老师给亲戚孩子补课，另有一个孩子愿意付费一起上课，3000，这个双胞胎家长也托了熟人关系要一起上，两个孩子6000，4个孩子，1个免费，剩下一人3000，所以说一起9000。被举报后全额退了，介绍人出于愧疚个人出了1000，老师另出1000，找他求谅解，他收了钱同意了然后又接着举报了",
            "time": "21-8-11 11:30"
        },
        {
            "comment id": 7,
            "parent": 0,
            "children": [],
            "user id": "3037206444",
            "user name": "小小图米",
            "content": "我看过详细版，老师给亲戚孩子补课，另有一个孩子愿意付费一起上课，3000，这个双胞胎家长也托了熟人关系要一起上，两个孩子6000，4个孩子，1个免费，剩下一人3000，所以说一起9000，2个老师分。",
            "time": "21-8-11 11:16"
        },
        {
            "comment id": 8,
            "parent": 0,
            "children": [],
            "user id": "6556502051",
            "user name": "远方的儿子在哪嘞",
            "content": "9000是包括另外一个孩子。一共四个孩子，去掉亲戚家的一共三个孩子要收费",
            "time": "21-8-10 12:13"
        },
        {
            "comment id": 9,
            "parent": 10,
            "children": [],
            "user id": "6556502051",
            "user name": "远方的儿子在哪嘞",
            "content": "回复@梓西CCindy:四个孩子，亲戚家的不算，就是三个孩子，一共9000。每个孩子3000，15天每天200，每天2节课，一节课100。能对得上。算上亲戚家孩子得收12000",
            "time": "21-8-10 12:10"
        },
        {
            "comment id": 10,
            "parent": 11,
            "children": [
                5,
                6,
                9
            ],
            "user id": "7002901251",
            "user name": "梓西CCindy",
            "content": "回复@梓西CCindy:看错了，好想确实写的是帮亲戚孩子付",
            "time": "21-8-10 10:57"
        },
        {
            "comment id": 11,
            "parent": 0,
            "children": [
                10
            ],
            "user id": "7002901251",
            "user name": "梓西CCindy",
            "content": "我读得也一脸懵逼，到底6000还是9000",
            "time": "21-8-10 10:54"
        },
        {
            "comment id": 12,
            "parent": -1,
            "children": [
                13,
                14
            ],
            "user id": "5847760145",
            "user name": "福缘37608",
            "content": "东北人不讲武德！",
            "time": "21-8-9 19:49"
        },
        {
            "comment id": 13,
            "parent": 12,
            "children": [],
            "user id": "5847760145",
            "user name": "福缘37608",
            "content": "回复@石橋melo:没有随便地域喷。的确是东北的。",
            "time": "21-8-12 21:03"
        },
        {
            "comment id": 14,
            "parent": 12,
            "children": [],
            "user id": "6358790317",
            "user name": "卡卡卡卡卡melo",
            "content": "别随便地域喷",
            "time": "21-8-12 08:49"
        },
        {
            "comment id": 15,
            "parent": -1,
            "children": [],
            "user id": "6364246213",
            "user name": "穆如春风6364246213",
            "content": "东唉，北人！",
            "time": "21-8-10 05:22"
        },
        {
            "comment id": 16,
            "parent": -1,
            "children": [],
            "user id": "5675795058",
            "user name": "江陵笑笑生的妹妹",
            "content": "让熟人也赔偿就过分了，毕竟是家长拜托的。处罚老师我觉得家长卑鄙与否，看老师是否平时在课堂不讲课，强迫学生去她那补课收钱，若是，家长不卑鄙，老师是报应。",
            "time": "21-8-9 17:46"
        },
        {
            "comment id": 17,
            "parent": -1,
            "children": [],
            "user id": "2899843164",
            "user name": "霍昆吾",
            "content": "我不理解，禁止补课的根本原因按照舆论说的是老师上课不讲下课讲。按照上面写的，这老师都不是他的老师，根本没有这方面冲突，既然如此，处罚啥呢，凭本事赚钱",
            "time": "21-8-9 17:42"
        },
        {
            "comment id": 18,
            "parent": -1,
            "children": [
                19,
                20,
                21,
                22,
                24
            ],
            "user id": "3211350804",
            "user name": "jile512",
            "content": "缺德到家！",
            "time": "21-8-9 17:39"
        },
        {
            "comment id": 19,
            "parent": 18,
            "children": [],
            "user id": "1432283155",
            "user name": "tracy晒晒",
            "content": "即将上的高中，老师在家瑟瑟发抖",
            "time": "21-8-12 10:09"
        },
        {
            "comment id": 20,
            "parent": 18,
            "children": [],
            "user id": "2110295444",
            "user name": "扎夫特白衣",
            "content": "真的希望厉害的网友把这家人肉出来，网爆在这种时候往往起到正向作用",
            "time": "21-8-12 06:39"
        },
        {
            "comment id": 21,
            "parent": 18,
            "children": [],
            "user id": "2398142351",
            "user name": "逗逼请来的猴子E",
            "content": "缺德他妈给缺德开门",
            "time": "21-8-11 11:34"
        },
        {
            "comment id": 22,
            "parent": 18,
            "children": [],
            "user id": "6858512043",
            "user name": "文明开gang",
            "content": "强烈要求上课的学生家长一起被罚，这不就像女票了之后反手一个举办吗，双方都要罚",
            "time": "21-8-10 13:28"
        },
        {
            "comment id": 23,
            "parent": 24,
            "children": [],
            "user id": "3211350804",
            "user name": "jile512",
            "content": "回复@我心不闲:没必要，这种家长，一百万个里可能就这一个，属于“缺八辈子德”的稀有物种。。。。",
            "time": "21-8-10 10:49"
        },
        {
            "comment id": 24,
            "parent": 18,
            "children": [
                23
            ],
            "user id": "7393035468",
            "user name": "我心不闲",
            "content": "以后补课费只能用同等价值的比特币交付，上课前老师提前十五分钟通知地址，上课期间收缴一切电子产品！",
            "time": "21-8-10 04:39"
        },
        {
            "comment id": 25,
            "parent": -1,
            "children": [
                26,
                27,
                31,
                34,
                36,
                38,
                39
            ],
            "user id": "5595033439",
            "user name": "二十一婳",
            "content": "端起碗吃饭，放下碗骂娘，这样的家长，很难想象ta以前受的什么教育，九漏鱼吗？希望孩子是个好的，没有学会这种不道德的行为",
            "time": "21-8-9 17:38"
        },
        {
            "comment id": 26,
            "parent": 25,
            "children": [],
            "user id": "3493365434",
            "user name": "中国龙子-007_327",
            "content": "哈哈😄",
            "time": "21-11-29 15:45"
        },
        {
            "comment id": 27,
            "parent": 25,
            "children": [],
            "user id": "6184102767",
            "user name": "NJ非知名土狗",
            "content": "跟野蛮人谈不来道德",
            "time": "21-8-17 11:32"
        },
        {
            "comment id": 28,
            "parent": 29,
            "children": [],
            "user id": "2880174042",
            "user name": "美丽快乐岛",
            "content": "回复@请注意闹钟:哈哈哈哈哈哈哈哈，天道有轮回，苍天饶过谁",
            "time": "21-8-14 13:19"
        },
        {
            "comment id": 29,
            "parent": 39,
            "children": [
                28
            ],
            "user id": "6263772688",
            "user name": "请注意闹钟",
            "content": "回复@美丽快乐岛:考上了，因为老师补课补的好考上了，但是上的那所高中里有个老师是补课老师得爱人",
            "time": "21-8-14 10:13"
        },
        {
            "comment id": 30,
            "parent": 34,
            "children": [],
            "user id": "5595033439",
            "user name": "二十一婳",
            "content": "回复@中国龙子-007_327:害，那，是我没看清楚了，我以为一切都是家长指挥的，抱歉",
            "time": "21-8-13 11:33"
        },
        {
            "comment id": 31,
            "parent": 25,
            "children": [],
            "user id": "7012068924",
            "user name": "阍者弃",
            "content": "赶紧曝出来他们两个以后上的是什么高中！避雷，别跟他们两个说话，会被录音的",
            "time": "21-8-12 20:21"
        },
        {
            "comment id": 32,
            "parent": 39,
            "children": [],
            "user id": "7062029352",
            "user name": "一一子子nana",
            "content": "回复@美丽快乐岛:一个圈子里的，为么坑爹的家长和学生，很快就能传来的，我就不信高中老师会管他们，基本高中就废了",
            "time": "21-8-12 10:50"
        },
        {
            "comment id": 33,
            "parent": 39,
            "children": [],
            "user id": "5160715403",
            "user name": "1奶盖奶盖",
            "content": "回复@美丽快乐岛:放心，一个地方的教师圈子很小的，这俩孩子估计高中生活不会顺利，交不到朋友不说，在学校应该也没什么老师能好好管，想补课也没老师敢收了，这样下去能不能考的上大学都是问题，只能说这缺德家长因小失大，搅和了这俩死孩子的学业，而且录像也是俩死孩子帮忙录的，估计肚子里和他爸妈一样全是坏水！",
            "time": "21-8-11 22:39"
        },
        {
            "comment id": 34,
            "parent": 25,
            "children": [
                30
            ],
            "user id": "3493365434",
            "user name": "中国龙子-007_327",
            "content": "录音就是这俩孩子录的",
            "time": "21-8-11 16:17"
        },
        {
            "comment id": 35,
            "parent": 37,
            "children": [],
            "user id": "1624819961",
            "user name": "最爱还是太妃榛果拿铁",
            "content": "回复@闪闪呆萌又可爱:这种目观短浅，只看短期利益的家长，她的脑袋是不会考虑以后的…可以说她为了眼前既得利益葬送了她两儿子一辈子，这回身边人都知道她们一家是什么人了",
            "time": "21-8-11 13:14"
        },
        {
            "comment id": 36,
            "parent": 25,
            "children": [],
            "user id": "2398142351",
            "user name": "逗逼请来的猴子E",
            "content": "孩子该被人肉出来啊，这种🐔拉出来的蛋，能有什么好的，曝光出来，让大家防患于未然",
            "time": "21-8-11 11:35"
        },
        {
            "comment id": 37,
            "parent": 38,
            "children": [
                35
            ],
            "user id": "5246282419",
            "user name": "闪闪呆萌又可爱",
            "content": "回复@念瓷魂:断自己后路罢了，高中就不补课了？上高中更难（课程），初中随便学学就考上高中了，高中有的时候不补课真不太行",
            "time": "21-8-11 11:04"
        },
        {
            "comment id": 38,
            "parent": 25,
            "children": [
                37
            ],
            "user id": "5306235896",
            "user name": "念瓷魂",
            "content": "都考上高中了，明白是非对错的，但是还偷录音，能是啥好东西",
            "time": "21-8-11 09:35"
        },
        {
            "comment id": 39,
            "parent": 25,
            "children": [
                29,
                32,
                33
            ],
            "user id": "2880174042",
            "user name": "美丽快乐岛",
            "content": "怎么可能会好，让孩子上课用手机偷偷录视频，我只希望这两孩子上不了高中，上不了大学，老师太憋屈了",
            "time": "21-8-10 09:36"
        },
        {
            "comment id": 40,
            "parent": -1,
            "children": [
                41,
                42,
                43,
                45,
                47,
                50
            ],
            "user id": "5465490738",
            "user name": "消毒液614",
            "content": "事情的结果估计这俩孩子在高中不会受待见，教育口的圈子不大，这事儿肯定瞒不住，等着吧",
            "time": "21-8-9 19:38"
        },
        {
            "comment id": 41,
            "parent": 40,
            "children": [],
            "user id": "5675719748",
            "user name": "坏天使守护",
            "content": "老师的爱人在这所学校",
            "time": "21-8-15 23:17"
        },
        {
            "comment id": 42,
            "parent": 40,
            "children": [],
            "user id": "1575528794",
            "user name": "昵子的阿姐的姆妈",
            "content": "哈哈，家长种的果，双胞胎必须承受，可能会影响这个家庭一世",
            "time": "21-8-12 23:00"
        },
        {
            "comment id": 43,
            "parent": 40,
            "children": [],
            "user id": "5792062288",
            "user name": "青之宇zq",
            "content": "肯定会被排挤，大家都上过中学。那个年龄阶段的孩子当给一个人下定义这个人品不行，他家长也人品不行，还如何做朋友，好好相处",
            "time": "21-8-12 13:49"
        },
        {
            "comment id": 44,
            "parent": 48,
            "children": [],
            "user id": "6664146424",
            "user name": "原味啾咪",
            "content": "回复@酋长喊我回家吃饭:是的，在哪个班老师都厌",
            "time": "21-8-12 05:46"
        },
        {
            "comment id": 45,
            "parent": 40,
            "children": [],
            "user id": "1934437343",
            "user name": "可爱迷人武藏",
            "content": "将来这俩孩子也会互相算计对方，也会算计他们爸妈的，毕竟言传身教",
            "time": "21-8-11 23:07"
        },
        {
            "comment id": 46,
            "parent": 49,
            "children": [],
            "user id": "6547073740",
            "user name": "龙井坑的呱呱",
            "content": "回复@爱生活的萌大大:大概觉得考试高中就够了，不需要考大学了",
            "time": "21-8-11 21:54"
        },
        {
            "comment id": 47,
            "parent": 40,
            "children": [],
            "user id": "6615368875",
            "user name": "面包君我肥来啦",
            "content": "毕竟都说了，双胞胎上了这位老师所在的高中，就算不是他教，同事们肯定听说了，都会嫌这一家味道膻",
            "time": "21-8-11 18:34"
        },
        {
            "comment id": 48,
            "parent": 49,
            "children": [
                44
            ],
            "user id": "1918177625",
            "user name": "酋长喊我回家吃饭",
            "content": "回复@爱生活的萌大大:那也有极大可能被放养，都跟老师同一个高中了，圈子就那么大，看哪个老师愿意管他。",
            "time": "21-8-11 11:57"
        },
        {
            "comment id": 49,
            "parent": 50,
            "children": [
                46,
                48
            ],
            "user id": "5276728246",
            "user name": "爱生活的萌大大",
            "content": "回复@美丽快乐岛:已经考上高中了，家长才举报的",
            "time": "21-8-10 20:54"
        },
        {
            "comment id": 50,
            "parent": 40,
            "children": [
                49
            ],
            "user id": "2880174042",
            "user name": "美丽快乐岛",
            "content": "最好高中都没得读",
            "time": "21-8-10 09:37"
        },
        {
            "comment id": 51,
            "parent": -1,
            "children": [
                52,
                53,
                54
            ],
            "user id": "5249702397",
            "user name": "wq010101",
            "content": "曝光名字和单位，看看以后还有没有肯帮他？东郭先生和狼",
            "time": "21-8-9 17:55"
        },
        {
            "comment id": 52,
            "parent": 51,
            "children": [],
            "user id": "3289342942",
            "user name": "老钟叔1978",
            "content": "就一网红故事还当真啦哈哈",
            "time": "21-8-15 17:53"
        },
        {
            "comment id": 53,
            "parent": 51,
            "children": [],
            "user id": "2398142351",
            "user name": "逗逼请来的猴子E",
            "content": "应该是曝光两个蛋的名字和学校",
            "time": "21-8-15 17:23"
        },
        {
            "comment id": 54,
            "parent": 51,
            "children": [],
            "user id": "5792062288",
            "user name": "青之宇zq",
            "content": "不需要曝光，现在国家鼓励生源地升学，两个孩子中升高只能到当地高中。这事都到微博了，当地肯定所有学校都知道了",
            "time": "21-8-12 13:51"
        },
        {
            "comment id": 55,
            "parent": -1,
            "children": [],
            "user id": "7018190971",
            "user name": "為所欲為LMY",
            "content": "这是典型的教会徒弟，害死师傅",
            "time": "21-8-9 17:36"
        },
        {
            "comment id": 56,
            "parent": -1,
            "children": [
                57,
                58
            ],
            "user id": "7335625230",
            "user name": "今天只为杨超越",
            "content": "这家长的两个孩子 在高中 应该过的不会很好",
            "time": "21-8-9 17:37"
        },
        {
            "comment id": 57,
            "parent": 56,
            "children": [],
            "user id": "2880174042",
            "user name": "美丽快乐岛",
            "content": "会遭天劈的",
            "time": "21-8-10 10:21"
        },
        {
            "comment id": 58,
            "parent": 56,
            "children": [],
            "user id": "6858512043",
            "user name": "文明开gang",
            "content": "建议这种情况连家长一起罚，双方都不敢，杜绝补课才能有效，不能让老师吃哑巴亏",
            "time": "21-8-10 13:30"
        },
        {
            "comment id": 59,
            "parent": -1,
            "children": [
                60
            ],
            "user id": "5829526790",
            "user name": "一个人自说自话的日记",
            "content": "用最卑鄙的行为，给两个孩子上了很好的一课。孩子若学会了，便应知耻；孩子若“学会”了，便成为另两个卑鄙无耻的人。祝他们人生顺利吧。",
            "time": "21-8-9 19:23"
        },
        {
            "comment id": 60,
            "parent": 59,
            "children": [
                61
            ],
            "user id": "3493365434",
            "user name": "中国龙子-007_327",
            "content": "应该祝别人人生顺利",
            "time": "21-8-11 16:24"
        },
        {
            "comment id": 61,
            "parent": 60,
            "children": [],
            "user id": "5264113676",
            "user name": "祉萱萱萱萱",
            "content": "回复@中国龙子-007_327:啊哈哈哈哈",
            "time": "21-8-12 16:54"
        },
        {
            "comment id": 62,
            "parent": -1,
            "children": [
                65,
                67,
                68,
                69,
                70
            ],
            "user id": "7324316473",
            "user name": "种花家的回本兔",
            "content": "这种政策真的好吗，怎么感觉有种蚊葛的味道",
            "time": "21-8-9 18:14"
        },
        {
            "comment id": 63,
            "parent": 67,
            "children": [],
            "user id": "6687172395",
            "user name": "羅椭",
            "content": "回复@面包君我肥来啦:经历过的人才有资格开口，我父母亲身经历过，他们的话可不假，底层百姓互相举报，人人自危。蛮恐怖的",
            "time": "21-8-18 09:26"
        },
        {
            "comment id": 64,
            "parent": 67,
            "children": [],
            "user id": "6687172395",
            "user name": "羅椭",
            "content": "回复@面包君我肥来啦:你举报我，我举报你。我看你不爽我就写大字报骂你。真是像",
            "time": "21-8-18 09:25"
        },
        {
            "comment id": 65,
            "parent": 62,
            "children": [],
            "user id": "7272694492",
            "user name": "你家的大飞飞Aiden",
            "content": "是教化你懂我意思吧",
            "time": "21-8-13 01:21"
        },
        {
            "comment id": 66,
            "parent": 67,
            "children": [],
            "user id": "7324316473",
            "user name": "种花家的回本兔",
            "content": "回复@面包君我肥来啦:你是读书读傻了，少读黄书，多看看世界",
            "time": "21-8-11 18:37"
        },
        {
            "comment id": 67,
            "parent": 62,
            "children": [
                63,
                64,
                66
            ],
            "user id": "6615368875",
            "user name": "面包君我肥来啦",
            "content": "多读点书，根本不是一种事",
            "time": "21-8-11 18:35"
        },
        {
            "comment id": 68,
            "parent": 62,
            "children": [],
            "user id": "7360523629",
            "user name": "martian035",
            "content": "那有钱人补课穷人没钱补不就是实质上的教育垄断？",
            "time": "21-8-9 19:01"
        },
        {
            "comment id": 69,
            "parent": 62,
            "children": [],
            "user id": "1960843351",
            "user name": "SACLsacl",
            "content": "现在很多事情都有相同之处",
            "time": "21-8-9 18:59"
        },
        {
            "comment id": 70,
            "parent": 62,
            "children": [],
            "user id": "2919234565",
            "user name": "莫说水",
            "content": "嘘，有些知道就可以了",
            "time": "21-8-9 18:16"
        },
        {
            "comment id": 71,
            "parent": -1,
            "children": [],
            "user id": "2742975730",
            "user name": "南城秋雨001",
            "content": "双胞胎倒霉了才有这样的父母",
            "time": "21-8-9 17:42"
        },
        {
            "comment id": 72,
            "parent": -1,
            "children": [],
            "user id": "3101488775",
            "user name": "梦里回家浩儿",
            "content": "老天爷会报应这种家长的，太缺德了",
            "time": "21-8-9 19:06"
        },
        {
            "comment id": 73,
            "parent": -1,
            "children": [],
            "user id": "5880792070",
            "user name": "用户空山残月",
            "content": "沈阳人一定要把这个人楂爆料出来，他严重拜坏地方形象",
            "time": "21-8-9 18:58"
        },
        {
            "comment id": 74,
            "parent": -1,
            "children": [],
            "user id": "2812910620",
            "user name": "歌唱生活",
            "content": "缺德。",
            "time": "21-8-9 17:46"
        },
        {
            "comment id": 75,
            "parent": -1,
            "children": [
                77,
                80,
                87
            ],
            "user id": "3673508180",
            "user name": "壹二弎四伍陆七",
            "content": "所以补课老师跟四个学生上课了吗？",
            "time": "21-8-9 21:24"
        },
        {
            "comment id": 76,
            "parent": 77,
            "children": [],
            "user id": "3673508180",
            "user name": "壹二弎四伍陆七",
            "content": "回复@CASSIOPEIADuxx:就很奇怪。这种怪事就得看的细致一点。",
            "time": "21-8-14 02:23"
        },
        {
            "comment id": 77,
            "parent": 75,
            "children": [
                76
            ],
            "user id": "6041946672",
            "user name": "CASSIOPEIADuxx",
            "content": "哇 你看的真细致 我刚刚看第一遍以为三个人 看你评论 又看了一遍文章 原来应该是有四个孩子才对",
            "time": "21-8-14 02:11"
        },
        {
            "comment id": 78,
            "parent": 80,
            "children": [],
            "user id": "3673508180",
            "user name": "壹二弎四伍陆七",
            "content": "回复@Asifice:我提老师了吗？神经❄️吧？我就问学生，你非要我问老师，你不是有❄️是什么？找你🐴的存在感呢。司入侵者。",
            "time": "21-8-13 22:48"
        },
        {
            "comment id": 79,
            "parent": 80,
            "children": [],
            "user id": "3673508180",
            "user name": "壹二弎四伍陆七",
            "content": "回复@Asifice:有❄️？",
            "time": "21-8-13 08:45"
        },
        {
            "comment id": 80,
            "parent": 75,
            "children": [
                78,
                79
            ],
            "user id": "3895421047",
            "user name": "Asifice",
            "content": "应该有两个老师，说是两个老师分9000",
            "time": "21-8-13 08:31"
        },
        {
            "comment id": 81,
            "parent": 83,
            "children": [],
            "user id": "3037206444",
            "user name": "小小图米",
            "content": "回复@avril虫虫虫小:免费给亲戚孩子补课，另有一个小孩补课，3000，这个双胞胎也托熟人介绍加入进来，俩孩子6000，一共4个孩子，亲戚孩子不收费，一起收了9000",
            "time": "21-8-11 11:18"
        },
        {
            "comment id": 82,
            "parent": 83,
            "children": [],
            "user id": "3673508180",
            "user name": "壹二弎四伍陆七",
            "content": "回复@avril虫虫虫小:是啊。我想听听第四个学生是怎么说的。",
            "time": "21-8-10 11:37"
        },
        {
            "comment id": 83,
            "parent": 84,
            "children": [
                81,
                82
            ],
            "user id": "3915819679",
            "user name": "avril虫虫虫小",
            "content": "回复@壹二弎四伍陆七:好吧我重新回去看了，数学不好。这样说来言外之意就是4个学生",
            "time": "21-8-10 11:15"
        },
        {
            "comment id": 84,
            "parent": 85,
            "children": [
                83
            ],
            "user id": "3673508180",
            "user name": "壹二弎四伍陆七",
            "content": "回复@avril虫虫虫小:亲戚没收钱，一个人收3000，收了9000，不是四人是几人？",
            "time": "21-8-10 11:10"
        },
        {
            "comment id": 85,
            "parent": 86,
            "children": [
                84
            ],
            "user id": "3915819679",
            "user name": "avril虫虫虫小",
            "content": "回复@壹二弎四伍陆七:亲戚孩子一个呀，双胞胎2个啊，不是三个学生吗",
            "time": "21-8-10 11:08"
        },
        {
            "comment id": 86,
            "parent": 87,
            "children": [
                85
            ],
            "user id": "3673508180",
            "user name": "壹二弎四伍陆七",
            "content": "回复@avril虫虫虫小:亲戚孩子不收费，就收三个人的，不是四个人吗？",
            "time": "21-8-10 10:57"
        },
        {
            "comment id": 87,
            "parent": 75,
            "children": [
                86
            ],
            "user id": "3915819679",
            "user name": "avril虫虫虫小",
            "content": "总共三个其中一个是亲戚家孩子，另外两个是被找关系请求被教的双胞胎",
            "time": "21-8-10 10:54"
        },
        {
            "comment id": 88,
            "parent": -1,
            "children": [],
            "user id": "5880792070",
            "user name": "用户空山残月",
            "content": "这个人楂家长，他会把孩子教育成啥？真他孃的不要B脸了，这种人希望大神把他曝光了，不然这种垃圾不定会e心多少人呢",
            "time": "21-8-9 18:56"
        },
        {
            "comment id": 89,
            "parent": -1,
            "children": [
                90
            ],
            "user id": "6177410733",
            "user name": "贝塔贝塔77",
            "content": "难道没人骂双胞胎吗，已经这么大了，父母让他们偷偷录音，他们也愿意，可能知道父母要陷害老师，他们也是帮凶，这么点大骨子里以后把他妈卑劣的基因发挥极致了，以后长大就是害虫",
            "time": "21-8-12 01:00"
        },
        {
            "comment id": 90,
            "parent": 89,
            "children": [],
            "user id": "5719860808",
            "user name": "少女iyang",
            "content": "什么样的父母就有什么样的孩子，以后出去遭受社会的毒打就知道了",
            "time": "21-8-12 02:30"
        },
        {
            "comment id": 91,
            "parent": -1,
            "children": [],
            "user id": "5092750114",
            "user name": "生命宝贵丶不要浪费",
            "content": "我知道有的人缺德，但是我没有想过有人能缺德到这种程度",
            "time": "21-8-10 02:20"
        },
        {
            "comment id": 92,
            "parent": -1,
            "children": [],
            "user id": "2005800793",
            "user name": "三井_13年",
            "content": "想不到这也有“仙人跳”",
            "time": "21-8-9 18:02"
        },
        {
            "comment id": 93,
            "parent": -1,
            "children": [],
            "user id": "1969365930",
            "user name": "轻香海棠",
            "content": "看这意思，这家长不觉得自己理亏和缺德，这就真让我难以理解了",
            "time": "21-8-9 17:58"
        },
        {
            "comment id": 94,
            "parent": -1,
            "children": [],
            "user id": "3027468330",
            "user name": "灬花天狂骨灬",
            "content": "这双胞胎以后有的看了！干翻爹娘的可能性都有！青出于蓝而胜于蓝！",
            "time": "21-8-9 18:01"
        },
        {
            "comment id": 95,
            "parent": -1,
            "children": [],
            "user id": "1654972570",
            "user name": "Grace小幸运星星星星",
            "content": "这也太坏了吧",
            "time": "21-8-9 17:57"
        },
        {
            "comment id": 96,
            "parent": -1,
            "children": [],
            "user id": "1642778002",
            "user name": "恭喜你都学会抢答了",
            "content": "过河拆桥，跟这种人来往可得小心了",
            "time": "21-8-9 18:17"
        },
        {
            "comment id": 97,
            "parent": -1,
            "children": [
                98
            ],
            "user id": "1433495034",
            "user name": "观心而无心",
            "content": "倒霉的双胞胎，有这样的家长",
            "time": "21-8-9 18:40"
        },
        {
            "comment id": 98,
            "parent": 97,
            "children": [],
            "user id": "2560772865",
            "user name": "情书二旬",
            "content": "他们倒霉什么啊 还录音录视频收集证据呢 不小了还干这种缺德事  没得洗 不是一家人 不进一家门 那一家人都不是好鸟",
            "time": "21-8-13 15:17"
        },
        {
            "comment id": 99,
            "parent": -1,
            "children": [
                100
            ],
            "user id": "1250468201",
            "user name": "装流氓的猫",
            "content": "现实版东郭先生？ 这种人还是曝光吧，不然等到高三了又要再害人。",
            "time": "21-8-10 22:44"
        },
        {
            "comment id": 100,
            "parent": 99,
            "children": [],
            "user id": "2635366217",
            "user name": "洋光照我777",
            "content": "曝光出来吧，别让高中老师再被这家人骗钱。",
            "time": "21-8-11 21:26"
        },
        {
            "comment id": 101,
            "parent": -1,
            "children": [],
            "user id": "1931124577",
            "user name": "二零一二2012别了",
            "content": "这还是人吗 想骂他是畜牲都不配",
            "time": "21-8-9 17:52"
        },
        {
            "comment id": 102,
            "parent": -1,
            "children": [],
            "user id": "3606747774",
            "user name": "cg知足",
            "content": "这么缺德的事都做的出来，以后总会找到你的，你的孩子考上了，老师也付出了辛苦，你应该感激吧",
            "time": "21-8-9 20:17"
        },
        {
            "comment id": 103,
            "parent": -1,
            "children": [],
            "user id": "2711726152",
            "user name": "天蝎猫猫逗逗",
            "content": "很多人的正常操作",
            "time": "21-8-9 18:17"
        },
        {
            "comment id": 104,
            "parent": -1,
            "children": [
                105
            ],
            "user id": "5548123201",
            "user name": "昍月1994",
            "content": "不讲武德啊，补课违规，被补课的人不算违规嘛？",
            "time": "21-8-9 17:58"
        },
        {
            "comment id": 105,
            "parent": 104,
            "children": [],
            "user id": "1845290800",
            "user name": "麻辣苹果SJF",
            "content": "",
            "time": "21-8-9 18:10"
        },
        {
            "comment id": 106,
            "parent": -1,
            "children": [],
            "user id": "1878675067",
            "user name": "爱财的老张",
            "content": "编的吧，不信有这种人",
            "time": "21-8-9 17:50"
        },
        {
            "comment id": 107,
            "parent": -1,
            "children": [],
            "user id": "2793107560",
            "user name": "jeff-ljf",
            "content": "真的良心大大的坏",
            "time": "21-8-9 17:46"
        },
        {
            "comment id": 108,
            "parent": -1,
            "children": [],
            "user id": "2929802071",
            "user name": "小白兔_敌敌畏",
            "content": "高中的老师看过来",
            "time": "21-8-9 17:40"
        },
        {
            "comment id": 109,
            "parent": -1,
            "children": [],
            "user id": "6382312107",
            "user name": "mongsphere1114",
            "content": "这小孩都马上高中了还不懂明辨是非，家长让录音就录音，自己以后被排挤，那也活该",
            "time": "21-8-12 10:12"
        },
        {
            "comment id": 110,
            "parent": -1,
            "children": [],
            "user id": "1097938044",
            "user name": "半只青春",
            "content": "虽然我懒，大概一辈子都不会搞补课这个东西但是也一直有个疑问，下班的时间给有需求的孩子补课，违规在哪儿？各个行业下班时间不能自己支配？赚钱也好娱乐也好都是人家自己的时间吧？",
            "time": "21-8-12 07:42"
        },
        {
            "comment id": 111,
            "parent": -1,
            "children": [],
            "user id": "3338027880",
            "user name": "冰寒灬",
            "content": "这个老师太倒霉了，遇到这种极品家长，还教了极品孩子录音留证了，能不能爆光一下家长孩子",
            "time": "21-8-17 22:24"
        },
        {
            "comment id": 112,
            "parent": -1,
            "children": [],
            "user id": "1230195200",
            "user name": "毛毛还活着-网球HL",
            "content": "家长书币",
            "time": "21-8-12 12:08"
        },
        {
            "comment id": 113,
            "parent": -1,
            "children": [],
            "user id": "7262572952",
            "user name": "Junkman900",
            "content": "我想网暴这家奇葩，谁支持，谁反对？",
            "time": "21-8-12 11:27"
        },
        {
            "comment id": 114,
            "parent": -1,
            "children": [
                115
            ],
            "user id": "1763735565",
            "user name": "一颗荔枝枝呀",
            "content": "@尹书生V5 真的吗君君",
            "time": "21-8-12 01:37"
        },
        {
            "comment id": 115,
            "parent": 114,
            "children": [
                116
            ],
            "user id": "2537366341",
            "user name": "尹书生V5",
            "content": "我居然才看到",
            "time": "21-12-10 16:23"
        },
        {
            "comment id": 116,
            "parent": 115,
            "children": [],
            "user id": "1763735565",
            "user name": "一颗荔枝枝呀",
            "content": "回复@尹书生V5:你太忙啦！",
            "time": "21-12-10 17:57"
        },
        {
            "comment id": 117,
            "parent": -1,
            "children": [],
            "user id": "3589576311",
            "user name": "绿山墙的安妮z",
            "content": "说实话对东北三省的人的印象是：厚道仗义，没想到这种事儿能出在沈阳",
            "time": "21-8-12 01:00"
        },
        {
            "comment id": 118,
            "parent": -1,
            "children": [],
            "user id": "6615368875",
            "user name": "面包君我肥来啦",
            "content": "家长真的过于缺德了",
            "time": "21-8-11 18:40"
        },
        {
            "comment id": 119,
            "parent": -1,
            "children": [],
            "user id": "2035240924",
            "user name": "傻乐猫777",
            "content": "会玩儿",
            "time": "21-8-10 03:09"
        },
        {
            "comment id": 120,
            "parent": -1,
            "children": [],
            "user id": "3819781021",
            "user name": "贤的henecia",
            "content": "不要脸",
            "time": "21-8-9 19:09"
        },
        {
            "comment id": 121,
            "parent": -1,
            "children": [],
            "user id": "1085071387",
            "user name": "长耳朵的獭兔",
            "content": "哇塞，周扒皮啊",
            "time": "21-8-9 19:08"
        },
        {
            "comment id": 122,
            "parent": -1,
            "children": [],
            "user id": "6231328664",
            "user name": "傲娇小魔王丷",
            "content": "嫖娼还两个都抓呢，凭什么不处罚家长？",
            "time": "21-8-11 07:21"
        },
        {
            "comment id": 123,
            "parent": -1,
            "children": [],
            "user id": "1846295901",
            "user name": "一壶清茶两杯浊酒",
            "content": "教育局不应该一刀切，实事求是，这老师不是孩子的任课教师，课下用自己的时间赚钱没什么不妥，不能助长这个家长的不正之风",
            "time": "21-8-12 20:09"
        },
        {
            "comment id": 124,
            "parent": -1,
            "children": [],
            "user id": "2509598423",
            "user name": "王小妖valen",
            "content": "既然是实名举报老师，当地教育局就应该把家长和双胞胎“正义”的“壮举”实名广泛宣传，一定要宣传的双胞胎的高中，让高中的老师们做好“准备”",
            "time": "21-8-12 19:52"
        },
        {
            "comment id": 125,
            "parent": -1,
            "children": [],
            "user id": "2882461360",
            "user name": "花木槿汐儿",
            "content": "咋不人肉这个家庭呢  最好都拍下来",
            "time": "21-8-12 16:29"
        },
        {
            "comment id": 126,
            "parent": -1,
            "children": [],
            "user id": "5586790302",
            "user name": "什么名字都被用了吖",
            "content": "可以把这个家长人肉出来吗",
            "time": "21-8-12 12:37"
        },
        {
            "comment id": 127,
            "parent": -1,
            "children": [],
            "user id": "1985642635",
            "user name": "休闲咖啡001",
            "content": "这中间人的心里阴影得有多大？",
            "time": "21-8-11 13:17"
        },
        {
            "comment id": 128,
            "parent": -1,
            "children": [],
            "user id": "3037206444",
            "user name": "小小图米",
            "content": "别处看到的当事家长说的话，不知真假哈，毕竟感觉学费数字对不上 ",
            "time": "21-8-11 11:54"
        },
        {
            "comment id": 129,
            "parent": -1,
            "children": [],
            "user id": "6423339617",
            "user name": "Sguowang0748",
            "content": "这家长好啊，教的孩子真好，上课偷录视频，将来就能偷录酒店别人睡觉，然后进局子了，这家长不赖",
            "time": "21-8-11 00:40"
        },
        {
            "comment id": 130,
            "parent": -1,
            "children": [],
            "user id": "3246096690",
            "user name": "取什么名字才像样",
            "content": "希望曝光出来，万一以后其他人接触到这一家人，也好有个防备。",
            "time": "21-8-19 10:23"
        },
        {
            "comment id": 131,
            "parent": -1,
            "children": [],
            "user id": "2987040663",
            "user name": "燃烧吧王小逸",
            "content": "老师触犯了规定，会收到相应的处罚 家长违背了道德，会唱都什么后果呢？",
            "time": "21-8-16 13:51"
        },
        {
            "comment id": 132,
            "parent": -1,
            "children": [],
            "user id": "6814240719",
            "user name": "机关枪发射同志们冲鸭",
            "content": "@机关枪后营长",
            "time": "21-8-16 13:47"
        },
        {
            "comment id": 133,
            "parent": -1,
            "children": [],
            "user id": "2100767247",
            "user name": "MayJuneTan",
            "content": "缺德",
            "time": "21-8-15 20:27"
        },
        {
            "comment id": 134,
            "parent": -1,
            "children": [],
            "user id": "7486741679",
            "user name": "热干面豆皮面窝米酒",
            "content": "好了，这俩小孩高中生涯一定会让他们终生难忘",
            "time": "21-8-15 14:16"
        },
        {
            "comment id": 135,
            "parent": -1,
            "children": [],
            "user id": "1764477407",
            "user name": "永远28的小阿姨",
            "content": "太缺德的家长，孩子以后在社会怎么立足，也是这种卑鄙行径吗",
            "time": "21-8-15 11:49"
        },
        {
            "comment id": 136,
            "parent": -1,
            "children": [],
            "user id": "2141416940",
            "user name": "清风掠过蒲公英",
            "content": "我就想问问家长拿封口费这事，犯法的吧！为什么不追究！老师不想给补课的啊，这不熟人介绍来的，抹不开面子那！！！",
            "time": "21-8-14 08:21"
        },
        {
            "comment id": 137,
            "parent": -1,
            "children": [],
            "user id": "2026750274",
            "user name": "keke有时候",
            "content": "这种家长简直不配为人",
            "time": "21-8-13 19:21"
        },
        {
            "comment id": 138,
            "parent": -1,
            "children": [],
            "user id": "5288293472",
            "user name": "表情拥挤",
            "content": "我就想知道这家人姓甚名谁家哪儿的，这种人不该曝光么？不配曝光么？我觉得她自己估计都觉得自己见义勇为应该被各大媒体曝光表扬",
            "time": "21-8-13 16:19"
        },
        {
            "comment id": 139,
            "parent": -1,
            "children": [],
            "user id": "1946468160",
            "user name": "蓝千霁",
            "content": "好缺德啊，简直是给沈阳人泼脏水！",
            "time": "21-8-13 13:11"
        },
        {
            "comment id": 140,
            "parent": -1,
            "children": [],
            "user id": "2298255114",
            "user name": "文君后时代",
            "content": "说实话，这样无德无耻的家长，两个孩子真的太可怜！",
            "time": "21-8-13 09:16"
        },
        {
            "comment id": 141,
            "parent": -1,
            "children": [],
            "user id": "6403897295",
            "user name": "小妖精add",
            "content": "该人肉的时候不人肉了，赶紧爆出来吧，我要气死了，咋这么缺德，",
            "time": "21-8-12 23:37"
        },
        {
            "comment id": 142,
            "parent": -1,
            "children": [],
            "user id": "1575528794",
            "user name": "昵子的阿姐的姆妈",
            "content": "太不要脸了！建议老师到双胞胎高中去检讨，让高中师生都远离这对双胞胎",
            "time": "21-8-12 22:58"
        },
        {
            "comment id": 143,
            "parent": -1,
            "children": [],
            "user id": "6092614267",
            "user name": "两宝妈妈的窝",
            "content": "要钱不要脸，骗两千，还白嫖十五节课，这种畜牲简直是家长界的耻辱，没钱别学有钱人吃肉，没钱别让孩子去补课，以后我们的孩子想找老师辅导一下，老师都战战兢兢拒绝了，最终谁吃亏？自己孩子吃亏罢了！",
            "time": "21-8-12 21:21"
        },
        {
            "comment id": 144,
            "parent": -1,
            "children": [],
            "user id": "1978237040",
            "user name": "哥斯拉睡了吗",
            "content": "建议主动找老师补课的家长全责",
            "time": "21-8-12 17:56"
        },
        {
            "comment id": 145,
            "parent": -1,
            "children": [],
            "user id": "1921458952",
            "user name": "包馅儿酥",
            "content": "双胞胎最后考上的哪个高中？公布完各位老师都引以为戒 不要给这俩孩子补课",
            "time": "21-8-12 17:37"
        },
        {
            "comment id": 146,
            "parent": -1,
            "children": [],
            "user id": "2193394140",
            "user name": "SilentSean",
            "content": "卑鄙无耻",
            "time": "21-8-12 16:45"
        },
        {
            "comment id": 147,
            "parent": -1,
            "children": [],
            "user id": "3616666521",
            "user name": "我就是超级北北",
            "content": "等着看这种家长能培养出什么人中龙凤来",
            "time": "21-8-12 12:23"
        },
        {
            "comment id": 148,
            "parent": -1,
            "children": [],
            "user id": "5263595954",
            "user name": "Ww全世界最快乐的小兔",
            "content": "已经气死了",
            "time": "21-8-12 11:33"
        },
        {
            "comment id": 149,
            "parent": -1,
            "children": [],
            "user id": "2714697405",
            "user name": "金_牛_山_人",
            "content": "不是开学初三么 还没中考呢",
            "time": "21-8-12 06:26"
        },
        {
            "comment id": 150,
            "parent": -1,
            "children": [],
            "user id": "1743441210",
            "user name": "__城是角落里",
            "content": "网上给我个推送门，我要找到这个家长",
            "time": "21-8-12 01:26"
        },
        {
            "comment id": 151,
            "parent": -1,
            "children": [],
            "user id": "7310886299",
            "user name": "AIAIcrystal",
            "content": "曝光出来，姓什么，照片，看他有脸混没",
            "time": "21-8-12 00:56"
        },
        {
            "comment id": 152,
            "parent": -1,
            "children": [],
            "user id": "7310886299",
            "user name": "AIAIcrystal",
            "content": "希望网友给他揪出来是哪个学校的双胞胎，家长姓什么家庭住址，看他有脸没，",
            "time": "21-8-12 00:54"
        },
        {
            "comment id": 153,
            "parent": -1,
            "children": [],
            "user id": "2154048802",
            "user name": "我有心思",
            "content": "评论里好像有个传说中的50万。自从有了条例，看到无脑发言，怎么都像50万",
            "time": "21-8-11 22:56"
        },
        {
            "comment id": 154,
            "parent": -1,
            "children": [],
            "user id": "6746277526",
            "user name": "哇偶屋",
            "content": "这个老师就是见不得那个熟人不给钱，就是见不得别人比他好呗，白嫖不够，还要赔偿，赔偿完了还举报，我醉了，真的",
            "time": "21-8-11 21:24"
        },
        {
            "comment id": 155,
            "parent": -1,
            "children": [],
            "user id": "7341881327",
            "user name": "Rae_凌萱",
            "content": "可能是钱收了 没考好",
            "time": "21-8-11 20:51"
        }
    ]
}