{
    "source": {
        "content": "#秦皇岛17岁男生因救3个姑娘牺牲#\n万万没想到，这件事情竟然还有更痛心的。\n我们先来解读一下这篇道歉文字:\n       1.我妹还小，比较叛逆。况且现在心情不好，所以说了偏激的话。\n       2.你们已经影响到我们的生活了，别再打扰我们了。\n       3.我们三家开始筹10万元补偿他了，别说我们没良心。\n       4.男孩不过失去一条生命，我们可是全家都失去了正常生活呢。\n       看完了之后，我第一次想参加网暴了。\n\n        20多岁了，还女孩子？还叛逆期？恶心谁呢？！ 救上来这三个垃圾污染环境，浪费了一条大好的生命！\n        这三家人欺负的就是见义勇为这四个字！一切都是自愿的，我们求你救了吗？所以你是活该，我们凑十万元钱都是很有良心了。\n        真的拿这种兽类没有办法了吗？只能道德谴责吗？未必。\n        见义勇为是英雄吧？他们发表这种言论算不算侮辱英雄呢？这是其一。\n        其二，个人认为国家一定要保护见义勇为的行为。不要寒了英雄在天之灵，也寒了英雄遗属的心。被救人在家庭环境的允许范围内，应当有承担对英雄进行补偿的义务！\n        \n         见义勇为是我们民族优良的传统美德，这个绝不容亵渎！希望有关部门介入，对这三名女子进行处罚，以正视听！\n\n【大家可以从图中看到，被救女子在网络上斗志昂扬，丝毫没有悔过之意。没让他救？那你们当时为什么喊救命？为什么不自己沉下去？那个时候喊你妈救你，你妈听得着吗？\n还有这个自称哥哥的。你妹妹20多岁了，还在青春叛逆期？刑法责任人都改到14岁了，20多岁，就算再少教育，再没有人性，也得为自己的言行负责。现在如果因为什么事进去了，你也对法官说，她在叛逆期？】",
        "time": "21-8-10 08:03",
        "user id": "5995030048",
        "tweet id": "KsLraEtUU",
        "label": 1,
        "theme": null
    },
    "comment": [
        {
            "comment id": 0,
            "parent": -1,
            "children": [
                1,
                4
            ],
            "user id": "1723908142",
            "user name": "Clare--An",
            "content": "寒人心的三家人！见义勇为的行为也需要在国家层面给予充分肯定和经济的补偿",
            "time": "21-8-10 11:24"
        },
        {
            "comment id": 1,
            "parent": 0,
            "children": [],
            "user id": "6035893244",
            "user name": "我没有名字可用了qaq",
            "content": "反转了",
            "time": "21-8-12 21:51"
        },
        {
            "comment id": 2,
            "parent": 4,
            "children": [],
            "user id": "1723908142",
            "user name": "Clare--An",
            "content": "回复@尙方:最高可申请",
            "time": "21-8-10 22:51"
        },
        {
            "comment id": 3,
            "parent": 4,
            "children": [],
            "user id": "1723908142",
            "user name": "Clare--An",
            "content": "回复@尙方:国家吗？国家最好有经济补偿，但这不妨碍向被救者受益人申请补偿（两回事）。这方面好像云南做得不错，云南省有相应规定见义勇为者最好可申请一百万的经济补偿",
            "time": "21-8-10 22:51"
        },
        {
            "comment id": 4,
            "parent": 0,
            "children": [
                2,
                3
            ],
            "user id": "5995030048",
            "user name": "尙方",
            "content": "17岁的年华了。用什么补偿？",
            "time": "21-8-10 17:44"
        },
        {
            "comment id": 5,
            "parent": -1,
            "children": [
                6
            ],
            "user id": "1978801041",
            "user name": "桃子Peach---",
            "content": "无耻之徒就应该被社会，被法律狠狠教育一下。那个救人的孩子如果知道救的是这么几个玩意儿，会不会后悔？想到这一点就很难受",
            "time": "21-8-10 10:21"
        },
        {
            "comment id": 6,
            "parent": 5,
            "children": [],
            "user id": "5995030048",
            "user name": "尙方",
            "content": "养儿长到17岁。",
            "time": "21-8-10 17:45"
        },
        {
            "comment id": 7,
            "parent": -1,
            "children": [
                8
            ],
            "user id": "1225352637",
            "user name": "不采蜜的F先生",
            "content": "气死了，忘恩负义的家伙",
            "time": "21-8-10 09:59"
        },
        {
            "comment id": 8,
            "parent": 7,
            "children": [],
            "user id": "5995030048",
            "user name": "尙方",
            "content": "看后续吧，就不相信老天能够善待她们。",
            "time": "21-8-10 17:45"
        },
        {
            "comment id": 9,
            "parent": -1,
            "children": [
                10
            ],
            "user id": "3808525099",
            "user name": "史家骐起名开运师",
            "content": "",
            "time": "21-8-10 08:19"
        },
        {
            "comment id": 10,
            "parent": 9,
            "children": [],
            "user id": "5995030048",
            "user name": "尙方",
            "content": "",
            "time": "21-8-10 08:51"
        },
        {
            "comment id": 11,
            "parent": -1,
            "children": [
                12
            ],
            "user id": "3808525099",
            "user name": "史家骐起名开运师",
            "content": "",
            "time": "21-8-10 08:19"
        },
        {
            "comment id": 12,
            "parent": 11,
            "children": [],
            "user id": "5995030048",
            "user name": "尙方",
            "content": "",
            "time": "21-8-10 08:51"
        },
        {
            "comment id": 13,
            "parent": -1,
            "children": [
                14
            ],
            "user id": "5637742754",
            "user name": "君心少年",
            "content": "支持博主",
            "time": "21-8-10 08:04"
        },
        {
            "comment id": 14,
            "parent": 13,
            "children": [],
            "user id": "5995030048",
            "user name": "尙方",
            "content": "持续关注。",
            "time": "21-8-10 08:52"
        },
        {
            "comment id": 15,
            "parent": -1,
            "children": [
                16
            ],
            "user id": "5692556294",
            "user name": "娟子6892",
            "content": "可惜了🙏",
            "time": "21-8-10 08:56"
        },
        {
            "comment id": 16,
            "parent": 15,
            "children": [],
            "user id": "5995030048",
            "user name": "尙方",
            "content": "17岁的好年华。",
            "time": "21-8-10 17:45"
        },
        {
            "comment id": 17,
            "parent": -1,
            "children": [
                18
            ],
            "user id": "3808525099",
            "user name": "史家骐起名开运师",
            "content": "每天都是最美好的一天",
            "time": "21-8-10 08:19"
        },
        {
            "comment id": 18,
            "parent": 17,
            "children": [],
            "user id": "5995030048",
            "user name": "尙方",
            "content": "",
            "time": "21-8-10 08:51"
        }
    ]
}