{
    "source": {
        "content": "年收入12万被称为高收入群体？\n\n#V光新星# ",
        "time": "21-8-18 10:04",
        "user id": "1496908871",
        "tweet id": "KtZEgcplV",
        "label": 1,
        "theme": null
    },
    "comment": [
        {
            "comment id": 0,
            "parent": -1,
            "children": [
                3,
                4,
                6,
                10,
                12
            ],
            "user id": "6198439489",
            "user name": "吃了没什么1849673",
            "content": "个人所得税阶层，12万已经很高了。一家6口，要是3个人的个税有12万，绝对富人家庭",
            "time": "21-8-18 10:16"
        },
        {
            "comment id": 1,
            "parent": 2,
            "children": [],
            "user id": "6198439489",
            "user name": "吃了没什么1849673",
            "content": "回复@泰勒熊二:必须不一样。所以你们年薪12万是高收入高消费高端人群。电子厂是低收入人群。你们要多回报社会，带领我们电子厂共同富裕。",
            "time": "21-8-18 22:39"
        },
        {
            "comment id": 2,
            "parent": 6,
            "children": [
                1
            ],
            "user id": "6046833225",
            "user name": "泰勒熊二",
            "content": "回复@吃了没什么1849673:年薪打到12万吃你家米了？我好好读书十几年找的工作要跟你们这种电子厂上班的工资一样？",
            "time": "21-8-18 20:53"
        },
        {
            "comment id": 3,
            "parent": 0,
            "children": [],
            "user id": "3687355871",
            "user name": "小李大大日记",
            "content": "这是除掉各种贷款吧？",
            "time": "21-8-18 17:35"
        },
        {
            "comment id": 4,
            "parent": 0,
            "children": [],
            "user id": "2179143653",
            "user name": "wendykongsz",
            "content": "他以为深圳是他那种在18线城市生活的人，这点工资在深圳连一个好公寓都租不起，福田君临天下的一房一厅都是上万元起，这点工资也就够住一个城中村而已",
            "time": "21-8-18 14:18"
        },
        {
            "comment id": 5,
            "parent": 6,
            "children": [],
            "user id": "5581050630",
            "user name": "一切顺利的_Tian",
            "content": "回复@吃了没什么1849673:年收入30万在一线要扎根也活的很挣扎了，是不是富裕家庭还得看在什么地方，在当地有没有房产",
            "time": "21-8-18 13:13"
        },
        {
            "comment id": 6,
            "parent": 0,
            "children": [
                2,
                5
            ],
            "user id": "6198439489",
            "user name": "吃了没什么1849673",
            "content": "回复@转运的靓仔:一个年薪能达到12万的人，已经把很多人甩在身后了。一家有3个绝对是高收入。",
            "time": "21-8-18 12:51"
        },
        {
            "comment id": 7,
            "parent": 9,
            "children": [],
            "user id": "6682420749",
            "user name": "赢麻了赢两次",
            "content": "回复@吃了没什么1849673:深圳？你说的这种除了福田南山罗湖那边本地人外来人口真的太难做到了一个人都难还别说三个了不过还是有的只是比例差距过大",
            "time": "21-8-18 12:00"
        },
        {
            "comment id": 8,
            "parent": 10,
            "children": [],
            "user id": "5539212565",
            "user name": "LJ23_75270",
            "content": "回复@开烂车的人16:你的年薪是？？",
            "time": "21-8-18 10:50"
        },
        {
            "comment id": 9,
            "parent": 10,
            "children": [
                7
            ],
            "user id": "6198439489",
            "user name": "吃了没什么1849673",
            "content": "回复@开烂车的人16:微博人均月薪一个亿。哈哈。12万个税年薪，妥妥的高收入群体。在你这种一个月工资1个亿的人眼里，当然买不起房。可以理解",
            "time": "21-8-18 10:47"
        },
        {
            "comment id": 10,
            "parent": 0,
            "children": [
                8,
                9
            ],
            "user id": "6992371942",
            "user name": "开烂车的人16",
            "content": "回复 @吃了没什么1849673:贫穷限制了你想象，年薪12万买得起房吗",
            "time": "21-8-18 10:43"
        },
        {
            "comment id": 11,
            "parent": 12,
            "children": [],
            "user id": "6198439489",
            "user name": "吃了没什么1849673",
            "content": "回复@wendykongsz:贫穷限制了你的想象力，可以理解你。在深圳一家6口，3口个税年收入12万的家庭，还是很多的。",
            "time": "21-8-18 10:32"
        },
        {
            "comment id": 12,
            "parent": 0,
            "children": [
                11
            ],
            "user id": "2179143653",
            "user name": "wendykongsz",
            "content": "问题是你家有几个12万的？太搞笑了",
            "time": "21-8-18 10:19"
        },
        {
            "comment id": 13,
            "parent": -1,
            "children": [
                15,
                18,
                19,
                20
            ],
            "user id": "5340517593",
            "user name": "彼陌者桑",
            "content": "说的没错呀，中国月薪过万的不到百分之十！",
            "time": "21-8-18 11:36"
        },
        {
            "comment id": 14,
            "parent": 15,
            "children": [],
            "user id": "5340517593",
            "user name": "彼陌者桑",
            "content": "回复@阿波罗豪妈:叫你多读书，你偏要喂猪。你哪里看出来的我说过自己努力赚的钱有问题？你确定你读过书？",
            "time": "21-8-19 05:13"
        },
        {
            "comment id": 15,
            "parent": 13,
            "children": [
                14
            ],
            "user id": "2392116097",
            "user name": "阿波罗豪妈",
            "content": "自己不努力赚钱努力读书，靠别人共同致富？",
            "time": "21-8-19 00:10"
        },
        {
            "comment id": 16,
            "parent": 18,
            "children": [],
            "user id": "5944000380",
            "user name": "不知名豁批犯",
            "content": "回复@泰勒熊二:叫你多读书  你要去喂猪",
            "time": "21-8-18 22:12"
        },
        {
            "comment id": 17,
            "parent": 18,
            "children": [],
            "user id": "5340517593",
            "user name": "彼陌者桑",
            "content": "回复@泰勒熊二:自己努力赚的钱再多都可以。我有说这方面有啥问题吗？？？",
            "time": "21-8-18 20:56"
        },
        {
            "comment id": 18,
            "parent": 13,
            "children": [
                16,
                17
            ],
            "user id": "6046833225",
            "user name": "泰勒熊二",
            "content": "然后呢？自己努力读书挣的再多关你什么事",
            "time": "21-8-18 20:55"
        },
        {
            "comment id": 19,
            "parent": 13,
            "children": [],
            "user id": "6324110597",
            "user name": "松花蛋味的咸鱼",
            "content": "但这是个假新闻，主要看第二段，9月24日，还远着呢",
            "time": "21-8-18 20:47"
        },
        {
            "comment id": 20,
            "parent": 13,
            "children": [],
            "user id": "5508233819",
            "user name": "宇宙有敌小狗蛋",
            "content": "不能共同富裕，就共同“贫穷”。",
            "time": "21-8-18 12:18"
        },
        {
            "comment id": 21,
            "parent": -1,
            "children": [
                22
            ],
            "user id": "1993262435",
            "user name": "Grace炊烟袅袅",
            "content": "那房价岂不高得更离谱",
            "time": "21-8-18 10:18"
        },
        {
            "comment id": 22,
            "parent": 21,
            "children": [],
            "user id": "6324110597",
            "user name": "松花蛋味的咸鱼",
            "content": "前排说一句，这是假消息",
            "time": "21-8-18 20:43"
        },
        {
            "comment id": 23,
            "parent": -1,
            "children": [],
            "user id": "7204855962",
            "user name": "霜剑23678",
            "content": "我们老板也不在公司领工资",
            "time": "21-8-18 12:25"
        },
        {
            "comment id": 24,
            "parent": -1,
            "children": [],
            "user id": "7204855962",
            "user name": "霜剑23678",
            "content": "是的，第二年初要汇交个税，有金税工程大数据监控，再多家公司任职和有其他被监测到的工资薪酬外收益要补税，系统直接给你算出补税金额，非常先进！",
            "time": "21-8-18 12:24"
        },
        {
            "comment id": 25,
            "parent": -1,
            "children": [],
            "user id": "7508535616",
            "user name": "次奥你NND",
            "content": "笑话",
            "time": "21-8-18 10:44"
        },
        {
            "comment id": 26,
            "parent": -1,
            "children": [
                27
            ],
            "user id": "2181665033",
            "user name": "贪玩的小猫眯",
            "content": "月薪一万还不算高？还有六亿人月薪不足一千呢",
            "time": "21-8-18 22:45"
        },
        {
            "comment id": 27,
            "parent": 26,
            "children": [],
            "user id": "6506330844",
            "user name": "童文军86",
            "content": "读书的孩子也算？",
            "time": "21-8-19 10:06"
        },
        {
            "comment id": 28,
            "parent": -1,
            "children": [],
            "user id": "7012066694",
            "user name": "沙漠胡杨70707",
            "content": "分城市吧，北上深12万属于喝西北风序列",
            "time": "21-8-18 19:15"
        },
        {
            "comment id": 29,
            "parent": -1,
            "children": [],
            "user id": "1547908781",
            "user name": "gpyz2008",
            "content": "安慰的，别当真",
            "time": "21-8-18 10:31"
        },
        {
            "comment id": 30,
            "parent": -1,
            "children": [],
            "user id": "3694309202",
            "user name": "两小七seven",
            "content": "感觉重点是资本利得税低于个税的问题。单单调节个税是杀中间补两端。",
            "time": "21-8-18 18:41"
        },
        {
            "comment id": 31,
            "parent": -1,
            "children": [],
            "user id": "2908545243",
            "user name": "又见小舟",
            "content": "年收入12万在杭州不吃不喝只能买半个厕所",
            "time": "21-8-18 23:04"
        },
        {
            "comment id": 32,
            "parent": -1,
            "children": [],
            "user id": "1605704487",
            "user name": "亦可为",
            "content": "年入12W 房贷8W，每天过的小心翼翼",
            "time": "21-8-19 11:19"
        },
        {
            "comment id": 33,
            "parent": -1,
            "children": [],
            "user id": "6506330844",
            "user name": "童文军86",
            "content": "硬是发展成大农村了",
            "time": "21-8-19 10:07"
        },
        {
            "comment id": 34,
            "parent": -1,
            "children": [],
            "user id": "6201448790",
            "user name": "Chbsmyc",
            "content": "行啊，把房价按照这个水平降下来了吧",
            "time": "21-8-18 18:02"
        },
        {
            "comment id": 35,
            "parent": -1,
            "children": [],
            "user id": "2735362630",
            "user name": "晶兽",
            "content": "太给俺们抬咖了吧",
            "time": "21-8-18 16:30"
        },
        {
            "comment id": 36,
            "parent": -1,
            "children": [],
            "user id": "6471322573",
            "user name": "不打拳了哈哈",
            "content": "耻辱，居然没达到",
            "time": "21-8-18 15:42"
        },
        {
            "comment id": 37,
            "parent": -1,
            "children": [],
            "user id": "3911574549",
            "user name": "zfz曹州小哥",
            "content": "年收入12万，要是按14亿人口算绝对上中等想想总理说的不足千元的还有多少",
            "time": "21-8-18 10:12"
        },
        {
            "comment id": 38,
            "parent": -1,
            "children": [],
            "user id": "5089372173",
            "user name": "疯人院杨大夫",
            "content": "月薪一万确实挺高了，除了北上广二线城市很少能达到吧，甚至一线城市的百分之50人口都不足一万月薪",
            "time": "21-8-20 06:52"
        },
        {
            "comment id": 39,
            "parent": -1,
            "children": [],
            "user id": "7500038747",
            "user name": "一年工资买一平公摊面积你最行",
            "content": "房价一平超过一万算什么",
            "time": "21-8-18 12:44"
        },
        {
            "comment id": 40,
            "parent": -1,
            "children": [],
            "user id": "1918323534",
            "user name": "斯斯斯文文败Lay",
            "content": "分地区的吧，一线城市的消费也挺卷的",
            "time": "21-8-18 22:27"
        },
        {
            "comment id": 41,
            "parent": -1,
            "children": [],
            "user id": "6247957187",
            "user name": "ROIC君",
            "content": "@EugeniaChanChan",
            "time": "21-8-18 21:33"
        },
        {
            "comment id": 42,
            "parent": -1,
            "children": [],
            "user id": "1070730055",
            "user name": "老河北",
            "content": "扯淡",
            "time": "21-8-18 12:49"
        },
        {
            "comment id": 43,
            "parent": -1,
            "children": [],
            "user id": "1648528171",
            "user name": "糖醋鼻子",
            "content": "回复@吃了没什么1849673: 刘强东年薪1块钱，马云没有工资",
            "time": "21-8-18 12:05"
        }
    ]
}