{
    "source": {
        "content": "阿富汗塔利班召开妇女代表大会。 ",
        "time": "21-9-12 08:40",
        "user id": "2343014623",
        "tweet id": "KxMMHnepQ",
        "label": 1,
        "theme": null
    },
    "comment": [
        {
            "comment id": 0,
            "parent": -1,
            "children": [
                1
            ],
            "user id": "1761614250",
            "user name": "adriatic",
            "content": "不错，睡觉也没人知道。",
            "time": "21-9-12 08:43"
        },
        {
            "comment id": 1,
            "parent": 0,
            "children": [],
            "user id": "5263310757",
            "user name": "他可是梅西啊",
            "content": "直接睡大觉",
            "time": "21-9-12 09:05"
        },
        {
            "comment id": 2,
            "parent": -1,
            "children": [
                3
            ],
            "user id": "5636422677",
            "user name": "Amy20181206",
            "content": "怎么知道来的都是女的？。。。",
            "time": "21-9-12 08:51"
        },
        {
            "comment id": 3,
            "parent": 2,
            "children": [],
            "user id": "2646935264",
            "user name": "新溪小蟹",
            "content": "男扮女装也可以。。现代花木兰反串",
            "time": "21-9-12 10:04"
        },
        {
            "comment id": 4,
            "parent": -1,
            "children": [
                5
            ],
            "user id": "6582742655",
            "user name": "煊参",
            "content": "关键她们还这样合影",
            "time": "21-9-12 08:43"
        },
        {
            "comment id": 5,
            "parent": 4,
            "children": [],
            "user id": "2646935264",
            "user name": "新溪小蟹",
            "content": "",
            "time": "21-9-12 10:03"
        },
        {
            "comment id": 6,
            "parent": -1,
            "children": [
                7
            ],
            "user id": "5884321494",
            "user name": "橙76819",
            "content": "这恐怖片效果是怎么回事",
            "time": "21-9-12 08:43"
        },
        {
            "comment id": 7,
            "parent": 6,
            "children": [],
            "user id": "7380339560",
            "user name": "不爱洗头的羊咩咩",
            "content": "哈哈哈哈哈哈挺好的",
            "time": "21-9-12 09:20"
        },
        {
            "comment id": 8,
            "parent": -1,
            "children": [
                11,
                12,
                13,
                14
            ],
            "user id": "1048310717",
            "user name": "黑娃儿ster",
            "content": "绿＞拜狗教＞拳击师＞同志＞法，伦攻",
            "time": "21-9-12 08:48"
        },
        {
            "comment id": 9,
            "parent": 10,
            "children": [],
            "user id": "6896404379",
            "user name": "DilithiumCrystal",
            "content": "回复@黑娃儿ster:大概你说的是那种西方打着动物保护皮搞政治运动的玩意？那确实是妨碍狂犬病治理了",
            "time": "21-9-12 14:16"
        },
        {
            "comment id": 10,
            "parent": 11,
            "children": [
                9
            ],
            "user id": "1048310717",
            "user name": "黑娃儿ster",
            "content": "回复@DilithiumCrystal:1、邪狗教不是“伪动保”，邪狗教是意识形态、是与“正常罗辑思维和中华文化”争夺“年轻人和下一代”价值观的问题，他们和正常人群之间是敌我矛盾关系——之前说的那几个，每一个处理不好都是亡国灭种的大事！（比如：法国现在黑化已经不可逆）邪狗教一样的！2、我说的就是现在！当下社会！不是之前。",
            "time": "21-9-12 13:11"
        },
        {
            "comment id": 11,
            "parent": 8,
            "children": [
                10
            ],
            "user id": "6896404379",
            "user name": "DilithiumCrystal",
            "content": "回复@黑娃儿ster:我很理解您反对极端动物保护组织不拿人当人，拿狗当爹妈的行为这种情绪，但是犬类致人死亡是抵制他们无脑护狗行为扩张的原因，不是他们造成的事件，他们没那个能力。之前有点火大，先道个歉。",
            "time": "21-9-12 11:33"
        },
        {
            "comment id": 12,
            "parent": 8,
            "children": [],
            "user id": "6896404379",
            "user name": "DilithiumCrystal",
            "content": "回复@黑娃儿ster:按您这逻辑，仅2020年交通事故中不幸去世的人就有56934人，造成财产损失不知道多少个亿，是不是爱车的比轮子还危险",
            "time": "21-9-12 11:22"
        },
        {
            "comment id": 13,
            "parent": 8,
            "children": [],
            "user id": "6896404379",
            "user name": "DilithiumCrystal",
            "content": "回复@黑娃儿ster:立了法，禁了轮、全、香，不然你以为会死多少人，会有多少人生不如死？政学工商当时受的冲击还小？ 犬类动物在人类演化历史上有一定作用，城市化了一些东西没及时完善，现在新防疫法出来了逐步落实，狂犬病也会像天花血吸虫那样被消灭。 小小拜狗教不就是个假动保，跟你说的危害不具备强因果关系吧。",
            "time": "21-9-12 11:18"
        },
        {
            "comment id": 14,
            "parent": 8,
            "children": [],
            "user id": "6896404379",
            "user name": "DilithiumCrystal",
            "content": "您可得了，轮子闹起事来坑死多少人",
            "time": "21-9-12 09:32"
        },
        {
            "comment id": 15,
            "parent": -1,
            "children": [],
            "user id": "2657234665",
            "user name": "火花石1975",
            "content": "想混进去太容易了。",
            "time": "21-9-12 08:46"
        },
        {
            "comment id": 16,
            "parent": -1,
            "children": [],
            "user id": "1051471990",
            "user name": "didi2050",
            "content": "连脸都看不到有啥权利可言？",
            "time": "21-9-12 08:53"
        },
        {
            "comment id": 17,
            "parent": -1,
            "children": [
                18
            ],
            "user id": "5607778468",
            "user name": "调头大哥",
            "content": "依稀还记得当年在迪拜转机，看到这样的一排黑罩袍迎面向自己走来时，那种致命的窒息感。我长这么大，第一次被路人吓到。",
            "time": "21-9-12 09:01"
        },
        {
            "comment id": 18,
            "parent": 17,
            "children": [],
            "user id": "2190232230",
            "user name": "意想不到的2020",
            "content": "她们这么穿是因为，穿黑袍的女性在他们看来是纯洁的象征。我被这个解释惊到了",
            "time": "21-9-12 11:55"
        },
        {
            "comment id": 19,
            "parent": -1,
            "children": [],
            "user id": "7549187778",
            "user name": "灰白色烟的养乐多",
            "content": "有点吓人",
            "time": "21-9-12 08:48"
        },
        {
            "comment id": 20,
            "parent": -1,
            "children": [
                21
            ],
            "user id": "6967851633",
            "user name": "面包清水和工作",
            "content": "这怎么看见路啊？",
            "time": "21-9-12 08:41"
        },
        {
            "comment id": 21,
            "parent": 20,
            "children": [],
            "user id": "1498558082",
            "user name": "zetta_chen",
            "content": "查克拉",
            "time": "21-9-12 12:51"
        },
        {
            "comment id": 22,
            "parent": -1,
            "children": [],
            "user id": "7104523750",
            "user name": "aw砵仔糕呢",
            "content": "摄魂怪大会吧，这哪还认得出谁是谁啊！有什么意义啊",
            "time": "21-9-12 09:25"
        },
        {
            "comment id": 23,
            "parent": -1,
            "children": [],
            "user id": "1458917257",
            "user name": "狗贼终结者",
            "content": "希望女犬去解救她们",
            "time": "21-9-12 08:57"
        },
        {
            "comment id": 24,
            "parent": -1,
            "children": [
                25
            ],
            "user id": "7111695032",
            "user name": "猪蛋大人",
            "content": "这照片上次出现的时候还是喀布尔大学吧？",
            "time": "21-9-12 08:46"
        },
        {
            "comment id": 25,
            "parent": 24,
            "children": [],
            "user id": "2190232230",
            "user name": "意想不到的2020",
            "content": "就是先游行，后进喀布尔大学开会这么个流程",
            "time": "21-9-12 11:57"
        },
        {
            "comment id": 26,
            "parent": -1,
            "children": [],
            "user id": "2386335637",
            "user name": "帝吧自干五毛",
            "content": "穿成这样谁知道是男的还是女的？",
            "time": "21-9-12 09:08"
        },
        {
            "comment id": 27,
            "parent": -1,
            "children": [],
            "user id": "1960363501",
            "user name": "若得一人心",
            "content": "历史的倒退",
            "time": "21-9-12 10:25"
        },
        {
            "comment id": 28,
            "parent": -1,
            "children": [],
            "user id": "7342056060",
            "user name": "强壮的超人",
            "content": "吓人",
            "time": "21-9-12 09:21"
        },
        {
            "comment id": 29,
            "parent": -1,
            "children": [],
            "user id": "7384011351",
            "user name": "西瓜瓜与番茄",
            "content": "怎么知道是不是真的本人来参加？",
            "time": "21-9-12 09:15"
        },
        {
            "comment id": 30,
            "parent": -1,
            "children": [],
            "user id": "7467774770",
            "user name": "不是忆长安",
            "content": "这算是讽刺吗？",
            "time": "21-9-12 09:14"
        },
        {
            "comment id": 31,
            "parent": -1,
            "children": [],
            "user id": "7365678380",
            "user name": "2鱼情未了",
            "content": "太可怕了",
            "time": "21-9-12 09:13"
        },
        {
            "comment id": 32,
            "parent": -1,
            "children": [],
            "user id": "7439799093",
            "user name": "jeason9855",
            "content": "还有敢露眼睛的",
            "time": "21-9-12 09:06"
        },
        {
            "comment id": 33,
            "parent": -1,
            "children": [],
            "user id": "6368286819",
            "user name": "我系杰吖",
            "content": "这样去打劫是男是女的不知道，看以后怎么管，人脸都没有很多事都不方便",
            "time": "21-9-12 09:05"
        },
        {
            "comment id": 34,
            "parent": -1,
            "children": [],
            "user id": "1201364212",
            "user name": "湖畔人家5",
            "content": "都像恐怖份子",
            "time": "21-9-12 11:15"
        },
        {
            "comment id": 35,
            "parent": -1,
            "children": [
                36,
                37
            ],
            "user id": "5290699775",
            "user name": "福华一路",
            "content": "求科普:塔利班为什么这样针对女性？",
            "time": "21-9-12 09:19"
        },
        {
            "comment id": 36,
            "parent": 35,
            "children": [],
            "user id": "5444424292",
            "user name": "取火有道何至于偷",
            "content": "伊斯兰教就这样啊，只不过塔利班追求更加原始的伊斯兰教教义",
            "time": "21-9-12 10:22"
        },
        {
            "comment id": 37,
            "parent": 35,
            "children": [],
            "user id": "2646935264",
            "user name": "新溪小蟹",
            "content": "邪教",
            "time": "21-9-12 10:04"
        },
        {
            "comment id": 38,
            "parent": -1,
            "children": [
                39
            ],
            "user id": "6162027471",
            "user name": "brucewyj",
            "content": "这个好，可以开会摸鱼",
            "time": "21-9-12 09:05"
        },
        {
            "comment id": 39,
            "parent": 38,
            "children": [],
            "user id": "7380339560",
            "user name": "不爱洗头的羊咩咩",
            "content": "",
            "time": "21-9-12 09:20"
        },
        {
            "comment id": 40,
            "parent": -1,
            "children": [],
            "user id": "5605254854",
            "user name": "青春狂走喋喋不休",
            "content": "是谁代表了妇女都不知道",
            "time": "21-9-12 15:58"
        },
        {
            "comment id": 41,
            "parent": -1,
            "children": [],
            "user id": "1201364212",
            "user name": "湖畔人家5",
            "content": "唉",
            "time": "21-9-12 11:08"
        },
        {
            "comment id": 42,
            "parent": -1,
            "children": [],
            "user id": "6284708051",
            "user name": "猫脸猫眼睛",
            "content": "非要把人像鬼一样。。",
            "time": "21-9-12 12:09"
        },
        {
            "comment id": 43,
            "parent": -1,
            "children": [],
            "user id": "3743724267",
            "user name": "同谋__",
            "content": "这… 噬魂怪？",
            "time": "21-9-12 10:46"
        },
        {
            "comment id": 44,
            "parent": -1,
            "children": [],
            "user id": "1691993015",
            "user name": "六种蔬菜",
            "content": "她们咋个认人？",
            "time": "21-9-12 10:40"
        },
        {
            "comment id": 45,
            "parent": -1,
            "children": [],
            "user id": "7460888117",
            "user name": "朱兵198303",
            "content": "这都是男的假扮的吧",
            "time": "21-9-12 10:17"
        },
        {
            "comment id": 46,
            "parent": -1,
            "children": [],
            "user id": "5409252042",
            "user name": "locust2002",
            "content": "其他伊斯兰也这样吗？死脑子",
            "time": "21-9-15 01:15"
        },
        {
            "comment id": 47,
            "parent": -1,
            "children": [],
            "user id": "2410239934",
            "user name": "ISSO岁月无痕",
            "content": "里面有熔喷布吗？",
            "time": "21-9-14 06:38"
        },
        {
            "comment id": 48,
            "parent": -1,
            "children": [],
            "user id": "5538368663",
            "user name": "中華Qian",
            "content": "像鞋教仪式",
            "time": "21-9-13 18:25"
        },
        {
            "comment id": 49,
            "parent": -1,
            "children": [],
            "user id": "7653527063",
            "user name": "楚人游天下",
            "content": "怎么回事啊这是",
            "time": "21-9-13 15:32"
        },
        {
            "comment id": 50,
            "parent": -1,
            "children": [],
            "user id": "1220368234",
            "user name": "辉腾哈斯",
            "content": "不是俺们妇女没有地位，呸！那是万恶的旧社会…",
            "time": "21-9-12 19:27"
        },
        {
            "comment id": 51,
            "parent": -1,
            "children": [],
            "user id": "7559347270",
            "user name": "CatLittleBai",
            "content": "美国反对 中国支持",
            "time": "21-9-12 19:22"
        },
        {
            "comment id": 52,
            "parent": -1,
            "children": [],
            "user id": "2481902031",
            "user name": "帕洛里希",
            "content": "神探狄仁杰三里的死亡之神的奴仆",
            "time": "21-9-12 12:29"
        },
        {
            "comment id": 53,
            "parent": -1,
            "children": [],
            "user id": "6570920374",
            "user name": "A68746",
            "content": "这样好吗，还是开放点好",
            "time": "21-9-12 12:06"
        },
        {
            "comment id": 54,
            "parent": -1,
            "children": [],
            "user id": "5318171382",
            "user name": "哇啊这本还没翻了呢",
            "content": "不能吧，好歹整的形象好些呀",
            "time": "21-9-12 11:42"
        },
        {
            "comment id": 55,
            "parent": -1,
            "children": [],
            "user id": "6246630510",
            "user name": "把菲利斯交了",
            "content": "看个毛线",
            "time": "21-9-12 11:05"
        },
        {
            "comment id": 56,
            "parent": -1,
            "children": [],
            "user id": "6721469020",
            "user name": "悠前悠后a",
            "content": "这个教真心不理解--------不能露脸。很疑惑那些嫁出去的中国女子如何生存？",
            "time": "21-9-12 11:00"
        },
        {
            "comment id": 57,
            "parent": -1,
            "children": [],
            "user id": "7023899570",
            "user name": "韩00009",
            "content": "还是咱们这好，坦胸露背拧屁股。大家围观！屌丝福利。",
            "time": "21-9-12 10:59"
        },
        {
            "comment id": 58,
            "parent": -1,
            "children": [],
            "user id": "6772385097",
            "user name": "哈利卜特82280",
            "content": "阿兹卡班保安开大会？",
            "time": "21-9-12 10:55"
        },
        {
            "comment id": 59,
            "parent": -1,
            "children": [],
            "user id": "1785557907",
            "user name": "草原风高",
            "content": "没有彻底的革命只",
            "time": "21-9-12 10:38"
        },
        {
            "comment id": 60,
            "parent": -1,
            "children": [],
            "user id": "3966281494",
            "user name": "淡水无痕DSWH",
            "content": "她们都无颜见人了，还开什么会议。教义是对人和人性的泯灭。",
            "time": "21-9-12 10:14"
        },
        {
            "comment id": 61,
            "parent": -1,
            "children": [
                62
            ],
            "user id": "6788970823",
            "user name": "可乐eason",
            "content": "眼睛都挡住了，怎么走路？",
            "time": "21-9-12 09:52"
        },
        {
            "comment id": 62,
            "parent": 61,
            "children": [],
            "user id": "6016151864",
            "user name": "077吖吖吖",
            "content": "沙是透明的。",
            "time": "21-9-12 11:58"
        },
        {
            "comment id": 63,
            "parent": -1,
            "children": [],
            "user id": "3350101522",
            "user name": "曉聲匿跡",
            "content": "oh my god",
            "time": "21-9-12 09:51"
        },
        {
            "comment id": 64,
            "parent": -1,
            "children": [],
            "user id": "2500394413",
            "user name": "小骨头12345abc",
            "content": "眼睛不用蒙上吧",
            "time": "21-9-12 09:48"
        },
        {
            "comment id": 65,
            "parent": -1,
            "children": [],
            "user id": "2678438442",
            "user name": "搞发射点发射",
            "content": "我们也快了",
            "time": "21-9-12 09:43"
        },
        {
            "comment id": 66,
            "parent": -1,
            "children": [],
            "user id": "5247799004",
            "user name": "那场雨有毒3573kk",
            "content": "神秘",
            "time": "21-9-12 09:40"
        },
        {
            "comment id": 67,
            "parent": -1,
            "children": [],
            "user id": "6317291447",
            "user name": "愿忆往昔不再悲伤",
            "content": "没救了",
            "time": "21-9-12 09:40"
        },
        {
            "comment id": 68,
            "parent": -1,
            "children": [],
            "user id": "2537913224",
            "user name": "百里-见秋毫",
            "content": "国内有没有人想这样穿着",
            "time": "21-9-12 09:32"
        },
        {
            "comment id": 69,
            "parent": -1,
            "children": [],
            "user id": "1282325703",
            "user name": "天涯_醉酒",
            "content": "这阵势我以为是召开星宿帮大会呢",
            "time": "21-9-12 09:31"
        },
        {
            "comment id": 70,
            "parent": -1,
            "children": [],
            "user id": "5890606959",
            "user name": "沙滩上的椰树公馆",
            "content": "唉……",
            "time": "21-9-12 09:31"
        },
        {
            "comment id": 71,
            "parent": -1,
            "children": [
                72
            ],
            "user id": "7469228980",
            "user name": "佰旧97949",
            "content": "这才是解决问题的正确方式，按照大漂亮那套是行不通的。游行示威，制造混乱，制造对立解决不了问题。。。。",
            "time": "21-9-12 09:26"
        },
        {
            "comment id": 72,
            "parent": 71,
            "children": [],
            "user id": "5444424292",
            "user name": "取火有道何至于偷",
            "content": "两边都不是好鸟",
            "time": "21-9-12 10:23"
        },
        {
            "comment id": 73,
            "parent": -1,
            "children": [],
            "user id": "6221671161",
            "user name": "Mason李辉",
            "content": "鬼",
            "time": "21-9-12 09:07"
        },
        {
            "comment id": 74,
            "parent": -1,
            "children": [],
            "user id": "5770142639",
            "user name": "失拳",
            "content": "开会随时都可以睡觉了",
            "time": "21-9-12 09:02"
        },
        {
            "comment id": 75,
            "parent": -1,
            "children": [],
            "user id": "7386431867",
            "user name": "东方屹立世界",
            "content": "哈哈哈，黑袍使吗",
            "time": "21-9-12 09:01"
        },
        {
            "comment id": 76,
            "parent": -1,
            "children": [],
            "user id": "7214289707",
            "user name": "最爱天辽地宁--",
            "content": "和平不是理所应当，世俗生活也不是，男女平等也不是。",
            "time": "21-9-12 08:59"
        },
        {
            "comment id": 77,
            "parent": -1,
            "children": [],
            "user id": "6758435993",
            "user name": "卜岩而喻_M",
            "content": "哈利波特之卡兹班的囚徒",
            "time": "21-9-12 08:55"
        },
        {
            "comment id": 78,
            "parent": -1,
            "children": [],
            "user id": "2819968254",
            "user name": "罗德理格兰",
            "content": "装模作样",
            "time": "21-9-12 08:55"
        },
        {
            "comment id": 79,
            "parent": -1,
            "children": [],
            "user id": "2190232230",
            "user name": "意想不到的2020",
            "content": "天天过万圣节",
            "time": "21-9-12 08:54"
        },
        {
            "comment id": 80,
            "parent": -1,
            "children": [],
            "user id": "2190232230",
            "user name": "意想不到的2020",
            "content": "还不如不出门呢，吓着小孩吧",
            "time": "21-9-12 08:52"
        },
        {
            "comment id": 81,
            "parent": -1,
            "children": [],
            "user id": "1585823574",
            "user name": "梅瑟瑟",
            "content": "妇代会就是这样。别想花团锦簇的了",
            "time": "21-9-12 08:49"
        },
        {
            "comment id": 82,
            "parent": -1,
            "children": [],
            "user id": "2830021693",
            "user name": "月半小夜夜色",
            "content": "穿着也拿来说事！",
            "time": "21-9-12 08:49"
        },
        {
            "comment id": 83,
            "parent": -1,
            "children": [],
            "user id": "3132933772",
            "user name": "很和谐君",
            "content": "说不定有的是男的",
            "time": "21-9-12 08:48"
        },
        {
            "comment id": 84,
            "parent": -1,
            "children": [],
            "user id": "3711717174",
            "user name": "影子的天空彌漫著憂傷",
            "content": "本来阿富汗牺牲了很多已经脱离火坑了，现在又回归火坑",
            "time": "21-9-12 08:44"
        },
        {
            "comment id": 85,
            "parent": -1,
            "children": [],
            "user id": "7619630167",
            "user name": "Mochizuki_Fox",
            "content": "",
            "time": "21-9-12 08:43"
        },
        {
            "comment id": 86,
            "parent": -1,
            "children": [],
            "user id": "6261605465",
            "user name": "心里轻云",
            "content": "神呀",
            "time": "21-9-12 08:43"
        },
        {
            "comment id": 87,
            "parent": -1,
            "children": [],
            "user id": "2716123780",
            "user name": "MANUTD-KANG",
            "content": "这他妈谁知道是不是妇女",
            "time": "21-9-12 09:36"
        },
        {
            "comment id": 88,
            "parent": -1,
            "children": [],
            "user id": "2804613927",
            "user name": "ZRoentgen",
            "content": "好家伙，一帮绝地武士。",
            "time": "21-9-12 09:26"
        },
        {
            "comment id": 89,
            "parent": -1,
            "children": [],
            "user id": "6932624045",
            "user name": "视频生活喜洋洋",
            "content": "跟电影里邪教人一样，不敢露面",
            "time": "21-9-12 08:57"
        },
        {
            "comment id": 90,
            "parent": -1,
            "children": [],
            "user id": "7632688803",
            "user name": "击沉一切",
            "content": "方便男的混进去",
            "time": "21-9-12 09:06"
        },
        {
            "comment id": 91,
            "parent": -1,
            "children": [],
            "user id": "7203983294",
            "user name": "完美的世界很精彩",
            "content": "都认不出來谁是自己老婆",
            "time": "21-9-13 22:51"
        },
        {
            "comment id": 92,
            "parent": -1,
            "children": [],
            "user id": "6255255281",
            "user name": "玛悠达达",
            "content": "有没有男人装扮的人？安检口该脱下黑袍吧？",
            "time": "21-9-12 14:28"
        },
        {
            "comment id": 93,
            "parent": -1,
            "children": [],
            "user id": "7438085798",
            "user name": "人生编辑处",
            "content": "怪不得没有多少国家承认塔利班，他们搞毛啊",
            "time": "21-9-12 10:48"
        },
        {
            "comment id": 94,
            "parent": -1,
            "children": [],
            "user id": "6805220216",
            "user name": "企鹅村的希望",
            "content": "认人靠声音吗？",
            "time": "21-9-12 09:31"
        },
        {
            "comment id": 95,
            "parent": -1,
            "children": [],
            "user id": "2980699725",
            "user name": "石头人C-12",
            "content": "女拳呢？",
            "time": "21-9-12 09:20"
        },
        {
            "comment id": 96,
            "parent": -1,
            "children": [],
            "user id": "3319125114",
            "user name": "ATOM源先森",
            "content": "摄魂怪集合",
            "time": "21-9-12 16:55"
        },
        {
            "comment id": 97,
            "parent": -1,
            "children": [],
            "user id": "6513830628",
            "user name": "从不感到孤单",
            "content": "恐怖",
            "time": "21-9-12 14:24"
        }
    ]
}