{
    "source": {
        "content": "如果属实，难以置信！难以置信！ 北村的微博视频 ",
        "time": "21-9-19 10:39",
        "user id": "1217330363",
        "tweet id": "KyRyub78o",
        "label": 1,
        "theme": null
    },
    "comment": [
        {
            "comment id": 0,
            "parent": -1,
            "children": [],
            "user id": "1142022042",
            "user name": "文人医生",
            "content": "这不是十一年前的事情吗？南方周末记着柴会群炮制的博眼球新闻。",
            "time": "21-9-20 23:52"
        },
        {
            "comment id": 1,
            "parent": -1,
            "children": [],
            "user id": "6019848722",
            "user name": "安迪-肖生克2",
            "content": "不相信！太离谱！",
            "time": "21-9-19 12:41"
        },
        {
            "comment id": 2,
            "parent": -1,
            "children": [],
            "user id": "1924011973",
            "user name": "莱德赵克强",
            "content": "",
            "time": "21-9-19 11:48"
        },
        {
            "comment id": 3,
            "parent": -1,
            "children": [],
            "user id": "1975779643",
            "user name": "爬爬蟹76",
            "content": "为什么要来炒冷饭？",
            "time": "21-9-19 19:41"
        },
        {
            "comment id": 4,
            "parent": -1,
            "children": [],
            "user id": "1101234943",
            "user name": "Christine-Sunshine",
            "content": "N年前的诽谤案，假的！",
            "time": "21-9-19 15:29"
        },
        {
            "comment id": 5,
            "parent": -1,
            "children": [],
            "user id": "1572441780",
            "user name": "蓝色星10",
            "content": "护士不能手术。",
            "time": "21-9-19 14:50"
        },
        {
            "comment id": 6,
            "parent": -1,
            "children": [],
            "user id": "6422954652",
            "user name": "王坤的妈妈",
            "content": "",
            "time": "21-9-19 11:47"
        },
        {
            "comment id": 7,
            "parent": -1,
            "children": [],
            "user id": "7566551589",
            "user name": "一个人还在日本浪",
            "content": "好像说缝肛门是有科学解释的……这事儿好像有十年了？又翻出来了？",
            "time": "21-9-19 11:18"
        },
        {
            "comment id": 8,
            "parent": -1,
            "children": [],
            "user id": "2643480571",
            "user name": "就是肥宅了",
            "content": "这都辟谣多久了，又放出来了",
            "time": "21-9-19 11:15"
        },
        {
            "comment id": 9,
            "parent": -1,
            "children": [],
            "user id": "7210454697",
            "user name": "麦哈皮尼斯again",
            "content": "正规医院绝对不可能出现这种情况",
            "time": "21-9-19 10:58"
        }
    ]
}