{
    "source": {
        "content": "麻烦@广州交警 @广东台触电新闻 @人民日报评论 @环球时报 辟谣，是不是真实出现这样的违法执法的情况 ",
        "time": "21-9-19 12:16",
        "user id": "3603568645",
        "tweet id": "KySbHbTkf",
        "label": 1,
        "theme": null
    },
    "comment": [
        {
            "comment id": 0,
            "parent": -1,
            "children": [
                1,
                4,
                5,
                6
            ],
            "user id": "3603568645",
            "user name": "欧阳律师助理",
            "content": "电瓶车司机的命也是命",
            "time": "21-9-19 12:18"
        },
        {
            "comment id": 1,
            "parent": 0,
            "children": [],
            "user id": "6543960474",
            "user name": "结结巴巴哈哈",
            "content": "辟谣都出来了，律师要有律师的职业操守吧！",
            "time": "21-9-21 12:05"
        },
        {
            "comment id": 2,
            "parent": 3,
            "children": [],
            "user id": "3943816320",
            "user name": "Killer-Aoki",
            "content": "回复@欧阳律师助理:9.19 19.20分广州天河公安发的，你去搜一下",
            "time": "21-9-21 10:16"
        },
        {
            "comment id": 3,
            "parent": 4,
            "children": [
                2
            ],
            "user id": "3603568645",
            "user name": "欧阳律师助理",
            "content": "回复@Killer-Aoki:麻烦转发一下，你说的是强行冲卡被抓到派出所，不是图中这一起",
            "time": "21-9-20 13:43"
        },
        {
            "comment id": 4,
            "parent": 0,
            "children": [
                3
            ],
            "user id": "3943816320",
            "user name": "Killer-Aoki",
            "content": "回复@青春旅社的爹:天河交警出通告了",
            "time": "21-9-20 12:58"
        },
        {
            "comment id": 5,
            "parent": 0,
            "children": [],
            "user id": "3943816320",
            "user name": "Killer-Aoki",
            "content": "回复@青春旅社的爹:人没事",
            "time": "21-9-20 12:58"
        },
        {
            "comment id": 6,
            "parent": 0,
            "children": [],
            "user id": "3943816320",
            "user name": "Killer-Aoki",
            "content": "这个是真的，昨天的事",
            "time": "21-9-19 14:59"
        },
        {
            "comment id": 7,
            "parent": -1,
            "children": [
                8
            ],
            "user id": "1415469013",
            "user name": "iweapons",
            "content": "中国人真冷静。//@二郎神再二也是神4世: 等待辟谣//@欧阳律师助理:电瓶车司机的命也是命",
            "time": "21-9-19 19:23"
        },
        {
            "comment id": 8,
            "parent": 7,
            "children": [],
            "user id": "2954917090",
            "user name": "Aliviada",
            "content": "肯定冷静呀！辟谣出来了，看看冷静有问题嘛？",
            "time": "21-9-19 21:37"
        },
        {
            "comment id": 9,
            "parent": -1,
            "children": [],
            "user id": "2954917090",
            "user name": "Aliviada",
            "content": "辟谣了，麻烦把辟谣也转发下吧",
            "time": "21-9-19 21:37"
        },
        {
            "comment id": 10,
            "parent": -1,
            "children": [],
            "user id": "3283049394",
            "user name": "laozhe1973",
            "content": "律师来活了，好兴奋",
            "time": "21-9-19 23:22"
        },
        {
            "comment id": 11,
            "parent": -1,
            "children": [],
            "user id": "7481539164",
            "user name": "sla_mina",
            "content": "看视频最后应该是死了",
            "time": "21-9-20 02:01"
        },
        {
            "comment id": 12,
            "parent": -1,
            "children": [],
            "user id": "2346756317",
            "user name": "Flying老宋",
            "content": "一转没",
            "time": "21-9-19 16:14"
        }
    ]
}