{
    "source": {
        "content": "【高铁再曝“霸座女”，称票上没写过道座位啊】9月19日，在永州到深圳北的G6078高铁列车上，一位女乘客上车后未按照车票上的座位落座。该女子买的票是过道座位，但是她先上车就直接坐在了靠窗的邻座上。靠窗的乘客上车后让她换座，她却戴着耳机装没听到，之后又拒绝换座，称自己买的票就是这个座位，乘客于是向乘警投诉。",
        "time": "21-9-21 14:18",
        "user id": "1198220993",
        "tweet id": "KzbQv1PyV",
        "label": 1,
        "theme": null
    },
    "comment": [
        {
            "comment id": 0,
            "parent": -1,
            "children": [
                1
            ],
            "user id": "3198996483",
            "user name": "南打完就不难了",
            "content": "高铁霸座女 2018年9月19日，在永州到深圳北G6078次高铁上的一名女性强行坐到了靠窗座位，当列车工作人员协调座位时，却遭到了女子的“强词夺理”，霸占座位不肯让座。2018年9月19日，事件周芳芳被认定其行为构成“扰乱公共交通工具上的秩序”的违反治安管理行为，被处以罚款200元的行政处罚。 三年前。",
            "time": "21-9-21 14:29"
        },
        {
            "comment id": 1,
            "parent": 0,
            "children": [],
            "user id": "6995530739",
            "user name": "想成为那个燕子",
            "content": "200元，呵呵",
            "time": "21-9-21 23:35"
        },
        {
            "comment id": 2,
            "parent": -1,
            "children": [],
            "user id": "5888865192",
            "user name": "酷风",
            "content": "转发微博",
            "time": "21-9-22 06:09"
        },
        {
            "comment id": 3,
            "parent": -1,
            "children": [],
            "user id": "3675736060",
            "user name": "西子丹聊斋",
            "content": "",
            "time": "21-9-21 14:37"
        },
        {
            "comment id": 4,
            "parent": -1,
            "children": [
                5,
                6
            ],
            "user id": "2093897884",
            "user name": "liushy611",
            "content": "这是老图吧？看着觉得见过呢",
            "time": "21-9-21 14:51"
        },
        {
            "comment id": 5,
            "parent": 4,
            "children": [],
            "user id": "5605254854",
            "user name": "青春狂走喋喋不休",
            "content": "这博主挖坟的",
            "time": "21-9-22 18:49"
        },
        {
            "comment id": 6,
            "parent": 4,
            "children": [],
            "user id": "5533128526",
            "user name": "中年Andy在深圳",
            "content": "俺也眼熟",
            "time": "21-9-22 18:34"
        },
        {
            "comment id": 7,
            "parent": -1,
            "children": [
                8,
                9,
                10
            ],
            "user id": "6058330646",
            "user name": "逆水的鱿鱼",
            "content": "火车上站票和硬座同等价格我一直都没明白为啥，明显享受的服务不一样",
            "time": "21-9-22 00:17"
        },
        {
            "comment id": 8,
            "parent": 7,
            "children": [],
            "user id": "1898214313",
            "user name": "上成北戎",
            "content": "给你科普一下，座票全名是有座位预定的二等车票，站票全名是无座位预定的二等车票，所以站票在不影响座票的情况下可以在二等厢随意坐。另外二等票不能去一等座和商务座。如果火车出一个无座位车厢定义为三等座票，那就可以价格不一样了，而且这车厢的就不能去二等车厢了，懂了吗？",
            "time": "21-9-22 20:33"
        },
        {
            "comment id": 9,
            "parent": 7,
            "children": [],
            "user id": "5452370815",
            "user name": "thefunniestjohn",
            "content": "无座和硬座其实都算是同一等级，硬座的座位是随票赠送的，相当于“二等座席指定座”。无座其实就是“二等座席自由座”，如果硬座座位没有人坐的话，是可以坐上去的。",
            "time": "21-9-22 20:03"
        },
        {
            "comment id": 10,
            "parent": 7,
            "children": [],
            "user id": "5375981066",
            "user name": "金色闪光SlaYer",
            "content": "公交车有座和没座的不一样的票价吗？",
            "time": "21-9-22 15:26"
        },
        {
            "comment id": 11,
            "parent": -1,
            "children": [],
            "user id": "1893560530",
            "user name": "林yjdme",
            "content": "咋又是女人。。。",
            "time": "21-9-22 19:02"
        },
        {
            "comment id": 12,
            "parent": -1,
            "children": [],
            "user id": "3559173467",
            "user name": "一蹴而就029",
            "content": "拘留七天",
            "time": "21-9-21 15:31"
        },
        {
            "comment id": 13,
            "parent": -1,
            "children": [],
            "user id": "7383540099",
            "user name": "anson198702",
            "content": "脑残",
            "time": "21-9-21 14:51"
        },
        {
            "comment id": 14,
            "parent": -1,
            "children": [],
            "user id": "2013478975",
            "user name": "新狼外婆",
            "content": "故意的",
            "time": "21-9-21 14:40"
        },
        {
            "comment id": 15,
            "parent": -1,
            "children": [],
            "user id": "2013492384",
            "user name": "CandleZhang",
            "content": "不是蠢就是坏",
            "time": "21-9-21 14:20"
        },
        {
            "comment id": 16,
            "parent": -1,
            "children": [],
            "user id": "7433290676",
            "user name": "TJH督门提酒",
            "content": "网速不行啊  3年才发出来",
            "time": "21-9-23 12:48"
        },
        {
            "comment id": 17,
            "parent": -1,
            "children": [],
            "user id": "6985394286",
            "user name": "BenHomewoods",
            "content": "为什么是“又”，继续和稀泥",
            "time": "21-9-22 19:50"
        }
    ]
}