{
    "source": {
        "content": "网传长春双阳某景区停电了，大摆锤竟然停在半空中。 长春新视觉的微博视频 ",
        "time": "21-9-25 21:16",
        "user id": "2609307840",
        "tweet id": "KzQhTEfuk",
        "label": 1,
        "theme": null
    },
    "comment": [
        {
            "comment id": 0,
            "parent": -1,
            "children": [],
            "user id": "3519375787",
            "user name": "夜长_悄悄摸鱼",
            "content": "多危险哪",
            "time": "21-9-26 01:05"
        },
        {
            "comment id": 1,
            "parent": -1,
            "children": [],
            "user id": "1116090612",
            "user name": "用户啄木鸟思钱想厚",
            "content": "神鹿峰？？？",
            "time": "21-9-26 07:49"
        },
        {
            "comment id": 2,
            "parent": -1,
            "children": [],
            "user id": "7387820022",
            "user name": "椰子味甲醇",
            "content": "我的天哪",
            "time": "21-9-26 08:19"
        },
        {
            "comment id": 3,
            "parent": -1,
            "children": [
                4,
                5
            ],
            "user id": "6337695663",
            "user name": "哇咔咔是鑫儿啊",
            "content": "我去，是真的吗",
            "time": "21-9-26 07:02"
        },
        {
            "comment id": 4,
            "parent": 3,
            "children": [],
            "user id": "6413579953",
            "user name": "冯锘昀",
            "content": "假的假的，景区辟谣了",
            "time": "21-9-27 17:46"
        },
        {
            "comment id": 5,
            "parent": 3,
            "children": [],
            "user id": "6337695663",
            "user name": "哇咔咔是鑫儿啊",
            "content": "那就好，要不太吓人了",
            "time": "21-9-27 18:17"
        },
        {
            "comment id": 6,
            "parent": -1,
            "children": [
                9,
                11
            ],
            "user id": "2146333132",
            "user name": "某地不知名萨摩耶",
            "content": "原视频时间是七月三十号",
            "time": "21-9-26 17:26"
        },
        {
            "comment id": 7,
            "parent": 8,
            "children": [],
            "user id": "6302451615",
            "user name": "CryLonesomeTown",
            "content": "回复@bombsun:谢谢🙏！",
            "time": "21-9-27 10:41"
        },
        {
            "comment id": 8,
            "parent": 9,
            "children": [
                7
            ],
            "user id": "1135073142",
            "user name": "bombsun",
            "content": "回复@CryLonesomeTown:Comment with pics 查看图片",
            "time": "21-9-27 02:33"
        },
        {
            "comment id": 9,
            "parent": 6,
            "children": [
                8
            ],
            "user id": "6302451615",
            "user name": "CryLonesomeTown",
            "content": "请问有新闻报道链接介绍是7月30日吗 谢谢",
            "time": "21-9-26 18:04"
        },
        {
            "comment id": 10,
            "parent": 11,
            "children": [],
            "user id": "2146333132",
            "user name": "某地不知名萨摩耶",
            "content": "回复@岚月亮:妈的，这个时间发出来也不知道是怎么想的。。。。",
            "time": "21-9-26 17:31"
        },
        {
            "comment id": 11,
            "parent": 6,
            "children": [
                10
            ],
            "user id": "5209425643",
            "user name": "岚月亮",
            "content": "抄，被带节奏了",
            "time": "21-9-26 17:28"
        },
        {
            "comment id": 12,
            "parent": -1,
            "children": [],
            "user id": "1604434623",
            "user name": "意猫",
            "content": "牛啊",
            "time": "21-9-26 22:42"
        },
        {
            "comment id": 13,
            "parent": -1,
            "children": [],
            "user id": "1135073142",
            "user name": "bombsun",
            "content": "7月30日就有这个视频了 ",
            "time": "21-9-27 02:29"
        },
        {
            "comment id": 14,
            "parent": -1,
            "children": [],
            "user id": "3038529012",
            "user name": "NSND布司囚",
            "content": "积极响应领导的限电伟大政策！继续搞大跃进！",
            "time": "21-9-26 17:17"
        },
        {
            "comment id": 15,
            "parent": -1,
            "children": [],
            "user id": "2791655672",
            "user name": "蓬莱的的酒",
            "content": "原视频时间是七月三十号，造谣，必须举报",
            "time": "21-9-26 18:24"
        },
        {
            "comment id": 16,
            "parent": -1,
            "children": [],
            "user id": "1685820442",
            "user name": "期货刘洋",
            "content": "转发微博",
            "time": "21-9-26 17:14"
        }
    ]
}