{
    "source": {
        "content": "#官方回应玛莎拉蒂女司机醉驾找关系# 官方回应正在核查，老百姓其实更想知道，网传的这俩人，一个当地副区长兼任公安局长，另一个85后银行单身副行长，到底有没有关系？是什么关系？\n\n能醉驾还在交警面前跋扈高喊大叫，并直呼某领导大名，应该关系不一般，不然，常理上怎么会直呼其名还这么理所当然？\n\n等待官方通报，揭开大家的猜疑！",
        "time": "21-11-9 23:07",
        "user id": "1841017701",
        "tweet id": "L0JMSjI1l",
        "label": 1,
        "theme": null
    },
    "comment": [
        {
            "comment id": 0,
            "parent": -1,
            "children": [
                3,
                5,
                8,
                9
            ],
            "user id": "2587339505",
            "user name": "刘宋羽",
            "content": "官方通报，余伟说不认识她",
            "time": "21-11-9 23:24"
        },
        {
            "comment id": 1,
            "parent": 2,
            "children": [],
            "user id": "5534323257",
            "user name": "圣人_常无心",
            "content": "回复@黎生默泪:你回复错人了",
            "time": "21-11-18 09:02"
        },
        {
            "comment id": 2,
            "parent": 3,
            "children": [
                1
            ],
            "user id": "1817201861",
            "user name": "黎生默泪",
            "content": "回复@圣人_常无心:看你不知道跟你提一嘴，你想知道的官员名字大部分都能在政府网可以看到，你不知道只能代表自己不关心时政，你是有知道的权利，国家政府也让你知道了，只是你用这时间刷微博去了",
            "time": "21-11-18 08:52"
        },
        {
            "comment id": 3,
            "parent": 0,
            "children": [
                2
            ],
            "user id": "5534323257",
            "user name": "圣人_常无心",
            "content": "回复@一枚小韭菜章:你不知道公安局局长名字，开玛莎拉蒂的人知道，这就是差距",
            "time": "21-11-10 00:22"
        },
        {
            "comment id": 4,
            "parent": 5,
            "children": [],
            "user id": "5393117182",
            "user name": "普鲁普罗普",
            "content": "回复@哈密顿原理:我觉得整体表现感觉有猫腻，能直接打电话的话一定程度能佐证一些东西，而且这个可以通过运营商直接调查的，警方想增加公信力，这个也可以作为说明（非杠勿喷）",
            "time": "21-11-10 00:20"
        },
        {
            "comment id": 5,
            "parent": 0,
            "children": [
                4
            ],
            "user id": "7539607878",
            "user name": "哈密顿原理",
            "content": "回复@一枚小韭菜章:开局一张图 内容全靠编 你去贴吧看看 网友编故事能力一流",
            "time": "21-11-10 00:15"
        },
        {
            "comment id": 6,
            "parent": 7,
            "children": [],
            "user id": "7539607878",
            "user name": "哈密顿原理",
            "content": "回复@Fran_蘇:不不不 哪怕纪委调查没发现问题 网友也会大喊什么懂得都懂 因为网友只喜欢他们幻想的情节",
            "time": "21-11-9 23:57"
        },
        {
            "comment id": 7,
            "parent": 8,
            "children": [
                6
            ],
            "user id": "5957477584",
            "user name": "Fran_蘇",
            "content": "回复@哈密顿原理:反过来想 假如你犯罪了，说了你们山东省委书记的名字，然后那书记被调查，会有什么问题？没贪污腐败，被调查会出现贪污腐败？",
            "time": "21-11-9 23:56"
        },
        {
            "comment id": 8,
            "parent": 0,
            "children": [
                7
            ],
            "user id": "7539607878",
            "user name": "哈密顿原理",
            "content": "回复@一枚小韭菜章:是不是以后我犯罪了说我们山东省委书记的名字 那书记就要被调查 网友的脑子就这样没有逻辑 阴谋论",
            "time": "21-11-9 23:52"
        },
        {
            "comment id": 9,
            "parent": 0,
            "children": [],
            "user id": "2587339505",
            "user name": "刘宋羽",
            "content": "回复@一枚小韭菜章:懂的自然懂",
            "time": "21-11-9 23:45"
        },
        {
            "comment id": 10,
            "parent": -1,
            "children": [],
            "user id": "1392360201",
            "user name": "虚猕App",
            "content": "图片评论 ",
            "time": "21-11-10 00:08"
        },
        {
            "comment id": 11,
            "parent": -1,
            "children": [],
            "user id": "1405311402",
            "user name": "深情毒药",
            "content": "副行长的靠山远比副局长大",
            "time": "21-11-9 23:52"
        },
        {
            "comment id": 12,
            "parent": -1,
            "children": [],
            "user id": "2364324565",
            "user name": "阿尼哈尼呦",
            "content": "揪住你小辫子的时候，不一定立刻正法，参考一下《潜伏》里面站长怎么治李涯的。",
            "time": "21-11-22 16:55"
        },
        {
            "comment id": 13,
            "parent": -1,
            "children": [],
            "user id": "5679741347",
            "user name": "LiarSxe",
            "content": "这还用问？懂得都懂",
            "time": "21-11-17 12:51"
        },
        {
            "comment id": 14,
            "parent": -1,
            "children": [],
            "user id": "5264130325",
            "user name": "社kl",
            "content": "鱼尾情人",
            "time": "21-11-16 07:04"
        },
        {
            "comment id": 15,
            "parent": -1,
            "children": [],
            "user id": "5264130325",
            "user name": "社kl",
            "content": "这还用问",
            "time": "21-11-15 22:40"
        },
        {
            "comment id": 16,
            "parent": -1,
            "children": [],
            "user id": "5913829792",
            "user name": "相当一名过河卒",
            "content": "这女的长得不错",
            "time": "21-11-10 07:03"
        },
        {
            "comment id": 17,
            "parent": -1,
            "children": [],
            "user id": "1088738997",
            "user name": "非常kim1_190",
            "content": "不认识呀，当地官方不都说了。说不认识就不认识呢！",
            "time": "21-11-10 00:21"
        },
        {
            "comment id": 18,
            "parent": -1,
            "children": [],
            "user id": "6344049620",
            "user name": "大大大bass",
            "content": "信息量巨大啊",
            "time": "21-11-10 00:16"
        },
        {
            "comment id": 19,
            "parent": -1,
            "children": [],
            "user id": "3269979857",
            "user name": "糖糖好歌",
            "content": "转发微博",
            "time": "21-11-10 00:40"
        },
        {
            "comment id": 20,
            "parent": -1,
            "children": [],
            "user id": "6150316165",
            "user name": "nry0101",
            "content": "在大靠山，还不照样应酬",
            "time": "21-11-10 08:30"
        },
        {
            "comment id": 21,
            "parent": -1,
            "children": [],
            "user id": "3120876890",
            "user name": "甜甜匪寨",
            "content": "副行长好有钱",
            "time": "21-11-10 08:44"
        },
        {
            "comment id": 22,
            "parent": -1,
            "children": [],
            "user id": "5471638457",
            "user name": "小晓蓝_6luelan",
            "content": "说实话，出不出事，我是不随便就说一个局长或官员的名字。没关系、不认识，随便说人家名字，强行按关系，这不给对方没事找事儿吗[費解][費解]",
            "time": "21-11-10 00:45"
        },
        {
            "comment id": 23,
            "parent": -1,
            "children": [],
            "user id": "6285160912",
            "user name": "Dr·西伯利亚小白",
            "content": "博主，你这条被定为不实信息，被处理了！",
            "time": "21-11-10 07:25"
        }
    ]
}