{
    "source": {
        "content": "美女被人贩子劫持拍路人一下，作出求救手势，向路人求救#十一月连更挑战# #出道吧新星# #初冬星动企划#  金牌混剪的微博视频 ",
        "time": "21-11-8 22:02",
        "user id": "1769738283",
        "tweet id": "L0zWaAb8B",
        "label": 1,
        "theme": null
    },
    "comment": [
        {
            "comment id": 0,
            "parent": -1,
            "children": [],
            "user id": "1769738283",
            "user name": "金牌混剪",
            "content": "喜欢记得点个关注支持一下",
            "time": "21-11-8 22:03"
        },
        {
            "comment id": 1,
            "parent": -1,
            "children": [
                2,
                3,
                4
            ],
            "user id": "2694583123",
            "user name": "我小名叫绿豆",
            "content": "没几年脑血栓拍不出这视频",
            "time": "21-11-9 22:03"
        },
        {
            "comment id": 2,
            "parent": 1,
            "children": [],
            "user id": "7717019132",
            "user name": "伦Love晓慧",
            "content": "哈哈哈",
            "time": "21-11-12 12:28"
        },
        {
            "comment id": 3,
            "parent": 1,
            "children": [],
            "user id": "7709529834",
            "user name": "我景天下第一啊啊啊静香yyds",
            "content": "就是",
            "time": "21-11-12 12:13"
        },
        {
            "comment id": 4,
            "parent": 1,
            "children": [],
            "user id": "1904810151",
            "user name": "Y羽麦",
            "content": "这一板一眼背台词背的太辛苦了",
            "time": "21-11-9 23:00"
        },
        {
            "comment id": 5,
            "parent": -1,
            "children": [
                6
            ],
            "user id": "2675652357",
            "user name": "梦影刺",
            "content": "这不已经被辟谣了，公安都澄清没有这些乱七八糟的手势，还传播呢，，",
            "time": "21-11-9 21:41"
        },
        {
            "comment id": 6,
            "parent": 5,
            "children": [],
            "user id": "5492855993",
            "user name": "索大不是我",
            "content": "老师的日常",
            "time": "21-11-10 22:55"
        },
        {
            "comment id": 7,
            "parent": -1,
            "children": [],
            "user id": "6131235902",
            "user name": "龙泉小铁匠",
            "content": "没看懂 啥意思 ",
            "time": "21-11-10 10:34"
        },
        {
            "comment id": 8,
            "parent": -1,
            "children": [
                9
            ],
            "user id": "1866176735",
            "user name": "Twinkle_小Chris",
            "content": "没几年脑血栓拍不出这视频",
            "time": "21-11-10 13:32"
        },
        {
            "comment id": 9,
            "parent": 8,
            "children": [],
            "user id": "1866176735",
            "user name": "Twinkle_小Chris",
            "content": "演员演得有点假",
            "time": "21-11-10 13:32"
        },
        {
            "comment id": 10,
            "parent": -1,
            "children": [],
            "user id": "6531280323",
            "user name": "Jackkie0714",
            "content": "这他么人贩子贩这种美女，可真是赔出不了手",
            "time": "21-11-9 21:26"
        },
        {
            "comment id": 11,
            "parent": -1,
            "children": [],
            "user id": "3804914581",
            "user name": "遗忘遗忘的摇摆",
            "content": "看多了弱智的剧情",
            "time": "21-11-9 23:05"
        },
        {
            "comment id": 12,
            "parent": -1,
            "children": [],
            "user id": "2646137035",
            "user name": "是五颜六色是波光粼粼",
            "content": "五万块这么好赚吗？这种人傻钱多的人贩子哪里有",
            "time": "21-11-10 08:15"
        },
        {
            "comment id": 13,
            "parent": -1,
            "children": [],
            "user id": "3848899068",
            "user name": "悟空一L",
            "content": "什么乱七八糟的玩意儿",
            "time": "21-11-9 22:40"
        },
        {
            "comment id": 14,
            "parent": -1,
            "children": [],
            "user id": "1773554014",
            "user name": "宓宓0108",
            "content": "白得五万块！！！！",
            "time": "21-11-12 15:38"
        },
        {
            "comment id": 15,
            "parent": -1,
            "children": [],
            "user id": "1758323945",
            "user name": "CZ橙汁LL",
            "content": "真会编",
            "time": "21-11-10 11:06"
        },
        {
            "comment id": 16,
            "parent": -1,
            "children": [],
            "user id": "6403321702",
            "user name": "京选美食",
            "content": "这不是已经辟谣了么？",
            "time": "21-11-9 22:53"
        },
        {
            "comment id": 17,
            "parent": -1,
            "children": [],
            "user id": "6365136271",
            "user name": "执拗的辞树",
            "content": "哈哈哈哈哈哈",
            "time": "21-11-10 00:06"
        },
        {
            "comment id": 18,
            "parent": -1,
            "children": [],
            "user id": "6479701211",
            "user name": "国建房安",
            "content": "脑血栓视频",
            "time": "21-11-9 23:17"
        },
        {
            "comment id": 19,
            "parent": -1,
            "children": [],
            "user id": "1751293133",
            "user name": "女开續潼話",
            "content": "觉得这是骗子",
            "time": "21-11-9 21:29"
        },
        {
            "comment id": 20,
            "parent": -1,
            "children": [],
            "user id": "5505728504",
            "user name": "euyan1",
            "content": "不洗头的吗",
            "time": "21-11-9 20:05"
        },
        {
            "comment id": 21,
            "parent": -1,
            "children": [],
            "user id": "2862216772",
            "user name": "随心就好818",
            "content": "人贩子看着最顺眼",
            "time": "21-11-13 13:46"
        },
        {
            "comment id": 22,
            "parent": -1,
            "children": [],
            "user id": "6362137762",
            "user name": "呜啦噜啦了",
            "content": "哪里可以举报？",
            "time": "21-11-12 14:09"
        },
        {
            "comment id": 23,
            "parent": -1,
            "children": [],
            "user id": "7504588429",
            "user name": "骑鹤上扬州6",
            "content": "这种烂视频还好意思发？",
            "time": "21-11-10 14:19"
        },
        {
            "comment id": 24,
            "parent": -1,
            "children": [],
            "user id": "7147039678",
            "user name": "满地5776",
            "content": "f g h",
            "time": "21-11-10 13:30"
        },
        {
            "comment id": 25,
            "parent": -1,
            "children": [],
            "user id": "5132787389",
            "user name": "潮汕老爹",
            "content": "小学生背台词",
            "time": "21-11-10 11:22"
        },
        {
            "comment id": 26,
            "parent": -1,
            "children": [],
            "user id": "6741806889",
            "user name": "百勋乐",
            "content": "你这么娘，你家人知道吗",
            "time": "21-11-10 11:06"
        },
        {
            "comment id": 27,
            "parent": -1,
            "children": [],
            "user id": "7456633471",
            "user name": "陈口口口",
            "content": "。",
            "time": "21-11-10 10:22"
        },
        {
            "comment id": 28,
            "parent": -1,
            "children": [],
            "user id": "5626746247",
            "user name": "我考试必上岸",
            "content": "我是造了什么孽，让我看见这种视频",
            "time": "21-11-10 09:34"
        },
        {
            "comment id": 29,
            "parent": -1,
            "children": [],
            "user id": "6193157272",
            "user name": "life-is-binary",
            "content": "何德何能",
            "time": "21-11-10 09:08"
        },
        {
            "comment id": 30,
            "parent": -1,
            "children": [],
            "user id": "2603094524",
            "user name": "瞐瞐小哒",
            "content": "我竟然看完了……",
            "time": "21-11-10 09:07"
        },
        {
            "comment id": 31,
            "parent": -1,
            "children": [],
            "user id": "6276918866",
            "user name": "在月亮上睡着了",
            "content": "这是给脑残的人看的吗",
            "time": "21-11-9 22:26"
        },
        {
            "comment id": 32,
            "parent": -1,
            "children": [],
            "user id": "2527920254",
            "user name": "世界没有对和错",
            "content": "能不能选个好的角色来",
            "time": "21-11-9 22:18"
        },
        {
            "comment id": 33,
            "parent": -1,
            "children": [],
            "user id": "6372457968",
            "user name": "北雨南漂001",
            "content": "演技不及格啊🤓",
            "time": "21-11-9 21:46"
        },
        {
            "comment id": 34,
            "parent": -1,
            "children": [],
            "user id": "5991153613",
            "user name": "侯仙僧",
            "content": "我上次看到这种手势还是",
            "time": "21-11-9 21:02"
        },
        {
            "comment id": 35,
            "parent": -1,
            "children": [],
            "user id": "7154616637",
            "user name": "雕儿浪当",
            "content": "美女",
            "time": "21-11-9 17:19"
        },
        {
            "comment id": 36,
            "parent": -1,
            "children": [],
            "user id": "1421614887",
            "user name": "行业现象",
            "content": "春花？？我🤮了",
            "time": "21-11-9 22:36"
        },
        {
            "comment id": 37,
            "parent": -1,
            "children": [],
            "user id": "1379362640",
            "user name": "吞噬星兔斯基",
            "content": "村花",
            "time": "21-11-9 22:36"
        },
        {
            "comment id": 38,
            "parent": -1,
            "children": [],
            "user id": "3277150281",
            "user name": "骄傲依旧3277150281",
            "content": "缺心眼子拍的",
            "time": "21-11-9 22:44"
        },
        {
            "comment id": 39,
            "parent": -1,
            "children": [],
            "user id": "1413178610",
            "user name": "甜憩108",
            "content": "假的可怕，我遇到了也看不懂那个手势",
            "time": "21-11-10 09:16"
        },
        {
            "comment id": 40,
            "parent": -1,
            "children": [],
            "user id": "5768876402",
            "user name": "前行2015666",
            "content": "拍段子都这么业余",
            "time": "21-11-10 00:35"
        },
        {
            "comment id": 41,
            "parent": -1,
            "children": [],
            "user id": "5194974410",
            "user name": "他年迈的父亲",
            "content": "正道的光照那大腚上。。。。",
            "time": "21-11-9 18:21"
        },
        {
            "comment id": 42,
            "parent": -1,
            "children": [],
            "user id": "1841765660",
            "user name": "雨晞_Hyx",
            "content": "做出这样的视频不觉得自己脑残吗？",
            "time": "21-11-10 12:37"
        },
        {
            "comment id": 43,
            "parent": -1,
            "children": [],
            "user id": "6899829424",
            "user name": "阳光刺眼的时候",
            "content": "这么尬就别拍了…🙃",
            "time": "21-11-10 12:25"
        },
        {
            "comment id": 44,
            "parent": -1,
            "children": [],
            "user id": "7555440034",
            "user name": "负尽狂名十五年198303",
            "content": "等我老了背上写一个纸条，我摔倒了请扶一下，不会赖你们，谢谢好心人帮忙。",
            "time": "21-11-10 08:34"
        },
        {
            "comment id": 45,
            "parent": -1,
            "children": [],
            "user id": "1886726235",
            "user name": "W等風來1314",
            "content": "坏人没死之前她永远不安全",
            "time": "21-11-10 01:22"
        },
        {
            "comment id": 46,
            "parent": -1,
            "children": [],
            "user id": "3592796254",
            "user name": "达拉斯斗个牛",
            "content": "@九久久9 笑死了",
            "time": "21-11-9 23:47"
        }
    ]
}