{
    "source": {
        "content": "#73岁东莞#73岁东莞清溪镇企业家豪娶29岁广西大美女，代价是男方给女方88W彩礼钱和一套80万的二房加一台豪车。\n\n对于收入被平均的多数普通大众人来说，80万的彩礼钱是一辈子都不敢想的。  ",
        "time": "21-11-20 08:48",
        "user id": "1341291801",
        "tweet id": "L2jRGCdyZ",
        "label": 1,
        "theme": null
    },
    "comment": [
        {
            "comment id": 0,
            "parent": -1,
            "children": [
                1,
                2,
                3,
                4,
                7,
                8,
                9,
                10,
                11,
                12,
                14,
                15,
                16,
                17,
                18
            ],
            "user id": "1341291801",
            "user name": "龙虎榜策略为师",
            "content": "最新消息，这是艺术摄影，不是结婚。消息不实。#宝宝的少女心# ",
            "time": "21-11-21 08:56"
        },
        {
            "comment id": 1,
            "parent": 0,
            "children": [],
            "user id": "1908504795",
            "user name": "挖掘机专业填坑班",
            "content": "这会儿来消息不实了？你的消息源不会是你那萎缩的小脑吧",
            "time": "21-11-24 12:45"
        },
        {
            "comment id": 2,
            "parent": 0,
            "children": [],
            "user id": "1869623975",
            "user name": "NIC_sun",
            "content": "坐等你吃官司。明知道是假的还不删除！",
            "time": "21-11-21 18:15"
        },
        {
            "comment id": 3,
            "parent": 0,
            "children": [],
            "user id": "5893040128",
            "user name": "i二掌柜",
            "content": "消息不实你还不删掉",
            "time": "21-11-21 14:13"
        },
        {
            "comment id": 4,
            "parent": 0,
            "children": [],
            "user id": "7369108310",
            "user name": "重生之我是晴天",
            "content": "解释清楚不会？你还想混淆概念呢？好恶心 请明明白白讲这是外公和孙女什么b人",
            "time": "21-11-21 13:14"
        },
        {
            "comment id": 5,
            "parent": 16,
            "children": [],
            "user id": "5224131771",
            "user name": "炕头的苹果树",
            "content": "回复@玖儿画话:举报拉黑",
            "time": "21-11-21 12:34"
        },
        {
            "comment id": 6,
            "parent": 15,
            "children": [],
            "user id": "5224131771",
            "user name": "炕头的苹果树",
            "content": "回复@修行吧少年:这垃圾，举报拉黑",
            "time": "21-11-21 12:34"
        },
        {
            "comment id": 7,
            "parent": 0,
            "children": [],
            "user id": "6455344362",
            "user name": "男人留给别的女人",
            "content": "回复@乐猪猪1984:一身西服看不到，就看见头纱了～",
            "time": "21-11-21 12:17"
        },
        {
            "comment id": 8,
            "parent": 0,
            "children": [],
            "user id": "1975487093",
            "user name": "kgunk",
            "content": "那您还不撤？",
            "time": "21-11-21 11:48"
        },
        {
            "comment id": 9,
            "parent": 0,
            "children": [],
            "user id": "1281975865",
            "user name": "ZLV587",
            "content": "怎么看到当事人在收集证据起诉了你心虚了，造谣污蔑意淫你们这种博眼球的💩💩💩呸！",
            "time": "21-11-21 10:50"
        },
        {
            "comment id": 10,
            "parent": 0,
            "children": [],
            "user id": "1771879212",
            "user name": "重度拖延症懒癌患者",
            "content": "回复@乐猪猪1984:这是人家的亲外公啊，因为外婆去世了，为了弥补遗憾才拍的，女孩的妈妈也在场。人家家人的相处方式，外人管得了吗？",
            "time": "21-11-21 10:46"
        },
        {
            "comment id": 11,
            "parent": 0,
            "children": [],
            "user id": "7389875437",
            "user name": "悠闲的花儿",
            "content": "题材不好",
            "time": "21-11-21 10:35"
        },
        {
            "comment id": 12,
            "parent": 0,
            "children": [],
            "user id": "6510865050",
            "user name": "品味与个性",
            "content": "这个老人虽有钱，但显得非常沧老，如果不是艺术照更惨不忍睹！",
            "time": "21-11-21 10:14"
        },
        {
            "comment id": 13,
            "parent": 17,
            "children": [],
            "user id": "1771879212",
            "user name": "重度拖延症懒癌患者",
            "content": "回复@因幡冬马_:当事人已报警",
            "time": "21-11-21 09:07"
        },
        {
            "comment id": 14,
            "parent": 0,
            "children": [],
            "user id": "6364038014",
            "user name": "水果味的一天",
            "content": "😁",
            "time": "21-11-21 09:05"
        },
        {
            "comment id": 15,
            "parent": 0,
            "children": [
                6
            ],
            "user id": "2076237435",
            "user name": "修行吧少年",
            "content": "不实就删帖啊，留着蹭流量，无耻",
            "time": "21-11-21 09:04"
        },
        {
            "comment id": 16,
            "parent": 0,
            "children": [
                5
            ],
            "user id": "1108419233",
            "user name": "玖儿画话",
            "content": "这些人真是为了博人眼球，啥都敢干",
            "time": "21-11-21 08:59"
        },
        {
            "comment id": 17,
            "parent": 0,
            "children": [
                13
            ],
            "user id": "7613067522",
            "user name": "因幡冬马_",
            "content": "一看就知道是假的啦，还结婚照，小心被当事人告。",
            "time": "21-11-21 08:58"
        },
        {
            "comment id": 18,
            "parent": 0,
            "children": [],
            "user id": "1771879212",
            "user name": "重度拖延症懒癌患者",
            "content": "造谣的事怎么说？",
            "time": "21-11-21 08:57"
        },
        {
            "comment id": 19,
            "parent": -1,
            "children": [
                21,
                24,
                25,
                26,
                27,
                29,
                30,
                31
            ],
            "user id": "2990704090",
            "user name": "伤年已陌sz",
            "content": "这是流量新闻，没底限不要脸的假新闻，源头上，发这样新闻的人应该被罚款甚至坐牢。",
            "time": "21-11-20 19:50"
        },
        {
            "comment id": 20,
            "parent": 21,
            "children": [],
            "user id": "3176456104",
            "user name": "Ehilsnkl",
            "content": "回复@可可75190200009:哈哈，梦想嫁给这样的老头的不是你么？结果发现这是流量新闻，就狗急了？",
            "time": "21-11-21 13:34"
        },
        {
            "comment id": 21,
            "parent": 19,
            "children": [
                20
            ],
            "user id": "6556368445",
            "user name": "可可75190200009",
            "content": "回复@谁能给我起个名咯:你的梦想就是嫁给这样的老头，哈哈",
            "time": "21-11-21 13:25"
        },
        {
            "comment id": 22,
            "parent": 30,
            "children": [],
            "user id": "6174095643",
            "user name": "Energydepletion",
            "content": "回复@可可75190200009:撕碎了你的梦想吗？那么跳……",
            "time": "21-11-21 13:20"
        },
        {
            "comment id": 23,
            "parent": 24,
            "children": [],
            "user id": "1771879212",
            "user name": "重度拖延症懒癌患者",
            "content": "回复@可爱皮可爱皮可爱可爱皮皮皮:什么鬼 这是人家的亲外公啊，被营销号写成这样，真恶心",
            "time": "21-11-21 10:02"
        },
        {
            "comment id": 24,
            "parent": 19,
            "children": [
                23
            ],
            "user id": "7487832462",
            "user name": "可爱皮可爱皮可爱可爱皮皮皮",
            "content": "哈哈哈这种事情还少吗？女蛆都开始洗白了噗呲",
            "time": "21-11-21 08:27"
        },
        {
            "comment id": 25,
            "parent": 19,
            "children": [],
            "user id": "1771879212",
            "user name": "重度拖延症懒癌患者",
            "content": "回复@我姓何人可何:这是亲外孙女和亲外公，被死🐴 YXH写成这样",
            "time": "21-11-21 05:55"
        },
        {
            "comment id": 26,
            "parent": 19,
            "children": [],
            "user id": "7561843843",
            "user name": "17流浪地球的马甲掉了",
            "content": "造谣一张嘴，辟谣跑断腿！造谣成本太低了",
            "time": "21-11-21 04:20"
        },
        {
            "comment id": 27,
            "parent": 19,
            "children": [],
            "user id": "6578951332",
            "user name": "悠悠都被人用了",
            "content": "见过好几个这样的。",
            "time": "21-11-21 04:11"
        },
        {
            "comment id": 28,
            "parent": 30,
            "children": [],
            "user id": "7369108310",
            "user name": "重生之我是晴天",
            "content": "回复@可可75190200009:你有脑？",
            "time": "21-11-21 04:03"
        },
        {
            "comment id": 29,
            "parent": 19,
            "children": [],
            "user id": "2636336367",
            "user name": "清和艺轩",
            "content": "故事会当新闻，恶心的流量",
            "time": "21-11-20 22:23"
        },
        {
            "comment id": 30,
            "parent": 19,
            "children": [
                22,
                28
            ],
            "user id": "6556368445",
            "user name": "可可75190200009",
            "content": "你有脸？",
            "time": "21-11-20 22:21"
        },
        {
            "comment id": 31,
            "parent": 19,
            "children": [],
            "user id": "2990704090",
            "user name": "伤年已陌sz",
            "content": "回复@我姓何人可何:你是什么样的人，你看到的就是什么样的世界。",
            "time": "21-11-20 22:06"
        },
        {
            "comment id": 32,
            "parent": -1,
            "children": [
                34,
                35
            ],
            "user id": "5097180248",
            "user name": "努力好少年_",
            "content": "什么鬼呀，孙女和外公拍个照被传成这样",
            "time": "21-11-20 21:02"
        },
        {
            "comment id": 33,
            "parent": 34,
            "children": [],
            "user id": "6869797550",
            "user name": "空蝉修醇待悠年",
            "content": "回复@诸葛兆龙SZ:博主就恶心人家都辟谣两天了，还用这个",
            "time": "21-11-21 19:00"
        },
        {
            "comment id": 34,
            "parent": 32,
            "children": [
                33
            ],
            "user id": "3079686043",
            "user name": "诸葛兆龙SZ",
            "content": "博主就靠这种造谣转发靠流量糊口的",
            "time": "21-11-21 16:16"
        },
        {
            "comment id": 35,
            "parent": 32,
            "children": [],
            "user id": "7478718441",
            "user name": "只养草不养花",
            "content": "大家顺手举报这种造谣的无良营销号",
            "time": "21-11-21 08:15"
        },
        {
            "comment id": 36,
            "parent": -1,
            "children": [
                38,
                39
            ],
            "user id": "5163141369",
            "user name": "我养了一只小熊猫",
            "content": "呢是人家爷爷，你们怎么不核实一下张嘴就来？",
            "time": "21-11-20 21:27"
        },
        {
            "comment id": 37,
            "parent": 38,
            "children": [],
            "user id": "1771879212",
            "user name": "重度拖延症懒癌患者",
            "content": "回复@主动罚站了:看到好几个这样造谣的了",
            "time": "21-11-21 05:55"
        },
        {
            "comment id": 38,
            "parent": 36,
            "children": [
                37
            ],
            "user id": "2847524597",
            "user name": "主动罚站了",
            "content": "因为营销号司马了",
            "time": "21-11-20 23:17"
        },
        {
            "comment id": 39,
            "parent": 36,
            "children": [],
            "user id": "3551457111",
            "user name": "撒野主义",
            "content": "故意的！为了流量不择手段",
            "time": "21-11-20 22:49"
        },
        {
            "comment id": 40,
            "parent": -1,
            "children": [
                41,
                42,
                43
            ],
            "user id": "2109922583",
            "user name": "杰克斯帕瑶",
            "content": "造谣真的不需要成本这是和她外公拍的照片，今天刚刷到在另一个平台澄清了。",
            "time": "21-11-20 20:58"
        },
        {
            "comment id": 41,
            "parent": 40,
            "children": [],
            "user id": "2109922583",
            "user name": "杰克斯帕瑶",
            "content": "@_Niki君_ 原po在这里，以讹传讹的人真的恶心",
            "time": "21-11-21 19:03"
        },
        {
            "comment id": 42,
            "parent": 40,
            "children": [],
            "user id": "1308580367",
            "user name": "赚钱度余生",
            "content": "微博大V十个有九个是垃圾",
            "time": "21-11-21 05:31"
        },
        {
            "comment id": 43,
            "parent": 40,
            "children": [],
            "user id": "6032051571",
            "user name": "为了樱岛麻衣yyds",
            "content": "真的吗  那这种博主得举报 太恶心了",
            "time": "21-11-20 22:39"
        },
        {
            "comment id": 44,
            "parent": -1,
            "children": [
                45,
                46,
                47,
                48,
                49,
                50
            ],
            "user id": "6762202650",
            "user name": "毒仙仙儿",
            "content": "这是女方外公因为外婆去世了弥补遗憾才拍的，好好的亲情被恶意揣测真恶心",
            "time": "21-11-20 14:21"
        },
        {
            "comment id": 45,
            "parent": 44,
            "children": [],
            "user id": "7590482090",
            "user name": "super模豆",
            "content": "这个女孩也是有病",
            "time": "21-11-20 23:27"
        },
        {
            "comment id": 46,
            "parent": 44,
            "children": [],
            "user id": "2990704090",
            "user name": "伤年已陌sz",
            "content": "不然这网络环境太糟糕了，为了流量什么不要脸的事都做，张嘴就来。",
            "time": "21-11-20 20:27"
        },
        {
            "comment id": 47,
            "parent": 44,
            "children": [],
            "user id": "2990704090",
            "user name": "伤年已陌sz",
            "content": "希望这些造谣的都抓去重罚并且坐牢。",
            "time": "21-11-20 20:26"
        },
        {
            "comment id": 48,
            "parent": 44,
            "children": [],
            "user id": "2990704090",
            "user name": "伤年已陌sz",
            "content": "合不合适不知道，但是这样恶评两者之间的关系真TM不是个东西。",
            "time": "21-11-20 20:22"
        },
        {
            "comment id": 49,
            "parent": 44,
            "children": [],
            "user id": "1955283693",
            "user name": "Nakamot0",
            "content": "那你觉得这合适吗",
            "time": "21-11-20 19:56"
        },
        {
            "comment id": 50,
            "parent": 44,
            "children": [],
            "user id": "6579427288",
            "user name": "Uriel198001",
            "content": "跟外公拍照戴头纱？",
            "time": "21-11-20 16:43"
        },
        {
            "comment id": 51,
            "parent": -1,
            "children": [
                52,
                54,
                55,
                56,
                58
            ],
            "user id": "1047008767",
            "user name": "京城平凡的老王",
            "content": "我猜他们是真爱……",
            "time": "21-11-20 20:29"
        },
        {
            "comment id": 52,
            "parent": 51,
            "children": [],
            "user id": "1771879212",
            "user name": "重度拖延症懒癌患者",
            "content": "回复@Ann疆小羊:女孩和她的外公，被你们说成这样",
            "time": "21-11-21 08:31"
        },
        {
            "comment id": 53,
            "parent": 56,
            "children": [],
            "user id": "1771879212",
            "user name": "重度拖延症懒癌患者",
            "content": "回复@喝茶聊天吹牛逼:瞎说什么，这是女孩的亲外公。",
            "time": "21-11-21 08:28"
        },
        {
            "comment id": 54,
            "parent": 51,
            "children": [],
            "user id": "1771879212",
            "user name": "重度拖延症懒癌患者",
            "content": "这是女孩和她的外公",
            "time": "21-11-21 05:56"
        },
        {
            "comment id": 55,
            "parent": 51,
            "children": [],
            "user id": "6622072327",
            "user name": "只想双休日躺在家里",
            "content": "这是亲爷爷和孙女拍的写真",
            "time": "21-11-20 23:24"
        },
        {
            "comment id": 56,
            "parent": 51,
            "children": [
                53
            ],
            "user id": "5958093932",
            "user name": "喝茶聊天吹牛逼",
            "content": "回复@Ann疆小羊:外甥女与外公能这样拍照那肯定是真爱呗！",
            "time": "21-11-20 23:24"
        },
        {
            "comment id": 57,
            "parent": 58,
            "children": [],
            "user id": "1047008767",
            "user name": "京城平凡的老王",
            "content": "回复@兜风1314:",
            "time": "21-11-20 20:44"
        },
        {
            "comment id": 58,
            "parent": 51,
            "children": [
                57
            ],
            "user id": "1106879535",
            "user name": "兜风1314",
            "content": "🙋一定是真爱 ",
            "time": "21-11-20 20:34"
        },
        {
            "comment id": 59,
            "parent": -1,
            "children": [],
            "user id": "1850788053",
            "user name": "列文5次",
            "content": "截图了，你这谣造的飞起呀，法庭上别怂呀",
            "time": "21-11-20 21:05"
        },
        {
            "comment id": 60,
            "parent": -1,
            "children": [
                61,
                62,
                63,
                64
            ],
            "user id": "1492373047",
            "user name": "局部麻醉咯",
            "content": "看五官，长的很像，怀疑是爷孙！",
            "time": "21-11-20 21:47"
        },
        {
            "comment id": 61,
            "parent": 60,
            "children": [],
            "user id": "7543369009",
            "user name": "没有昵称好不好666",
            "content": "这是个聪明人",
            "time": "21-11-21 19:47"
        },
        {
            "comment id": 62,
            "parent": 60,
            "children": [],
            "user id": "1771879212",
            "user name": "重度拖延症懒癌患者",
            "content": "本来就是啊。yxh造谣没人管",
            "time": "21-11-21 05:56"
        },
        {
            "comment id": 63,
            "parent": 60,
            "children": [],
            "user id": "6222865896",
            "user name": "吴思霏在减肥",
            "content": "亲生的，外孙女和外公",
            "time": "21-11-21 01:27"
        },
        {
            "comment id": 64,
            "parent": 60,
            "children": [],
            "user id": "2847524597",
            "user name": "主动罚站了",
            "content": "事实如此",
            "time": "21-11-20 23:16"
        },
        {
            "comment id": 65,
            "parent": -1,
            "children": [
                68,
                69,
                70,
                71
            ],
            "user id": "1108419233",
            "user name": "玖儿画话",
            "content": "他们俩前生一定有缘",
            "time": "21-11-20 19:33"
        },
        {
            "comment id": 66,
            "parent": 67,
            "children": [],
            "user id": "1771879212",
            "user name": "重度拖延症懒癌患者",
            "content": "回复@玖儿画话:死🐴 营销号乱写 瞎造谣，原博主报警了",
            "time": "21-11-21 08:26"
        },
        {
            "comment id": 67,
            "parent": 68,
            "children": [
                66
            ],
            "user id": "1108419233",
            "user name": "玖儿画话",
            "content": "回复@重度拖延症懒癌患者:是媒体说了娶嘛！我还说这俩人长得挺像呢！",
            "time": "21-11-21 08:22"
        },
        {
            "comment id": 68,
            "parent": 65,
            "children": [
                67
            ],
            "user id": "1771879212",
            "user name": "重度拖延症懒癌患者",
            "content": "外孙女和她外公，真是张嘴就来",
            "time": "21-11-21 06:20"
        },
        {
            "comment id": 69,
            "parent": 65,
            "children": [],
            "user id": "1108419233",
            "user name": "玖儿画话",
            "content": "回复@故作深沉的肤浅恶俗:不关我事",
            "time": "21-11-20 20:59"
        },
        {
            "comment id": 70,
            "parent": 65,
            "children": [],
            "user id": "1108419233",
            "user name": "玖儿画话",
            "content": "前生缘，定今生",
            "time": "21-11-20 19:38"
        },
        {
            "comment id": 71,
            "parent": 65,
            "children": [],
            "user id": "3167862203",
            "user name": "嘹亮的冲锋号声",
            "content": "这是来生缘了嘛",
            "time": "21-11-20 19:36"
        },
        {
            "comment id": 72,
            "parent": -1,
            "children": [],
            "user id": "3296360900",
            "user name": "Duan-Gangqing",
            "content": "造谣者严惩不贷。",
            "time": "21-11-21 19:02"
        },
        {
            "comment id": 73,
            "parent": -1,
            "children": [],
            "user id": "1411193263",
            "user name": "袁晓亮_屌o丝大林",
            "content": "80万房子好便宜",
            "time": "21-11-21 18:56"
        },
        {
            "comment id": 74,
            "parent": -1,
            "children": [],
            "user id": "1799755153",
            "user name": "rainy_chow",
            "content": "你这个消息如果是真的，我觉得不如找个年轻的年入百万的，没必要找那么大年纪的，对吧？",
            "time": "21-11-21 18:43"
        },
        {
            "comment id": 75,
            "parent": -1,
            "children": [],
            "user id": "1885878450",
            "user name": "yo爸315",
            "content": "接着造谣",
            "time": "21-11-21 17:54"
        },
        {
            "comment id": 76,
            "parent": -1,
            "children": [],
            "user id": "1961816902",
            "user name": "liangwangyu",
            "content": "等着收律师信吧，造谣是要付出代价的",
            "time": "21-11-21 17:49"
        },
        {
            "comment id": 77,
            "parent": -1,
            "children": [],
            "user id": "5828313089",
            "user name": "来了你就坐下",
            "content": "太不要脸了吧，人家和自己爷爷拍照 就被你们这些营销号这样搞？",
            "time": "21-11-21 17:47"
        },
        {
            "comment id": 78,
            "parent": -1,
            "children": [],
            "user id": "6446794030",
            "user name": "西风应相识",
            "content": "已举报",
            "time": "21-11-21 17:46"
        },
        {
            "comment id": 79,
            "parent": -1,
            "children": [],
            "user id": "2144101565",
            "user name": "爱相随梦远航",
            "content": "所以什么高质量男人都是假的。我钱才是真的",
            "time": "21-11-21 16:30"
        },
        {
            "comment id": 80,
            "parent": -1,
            "children": [],
            "user id": "1650276703",
            "user name": "鲁人蛋蛋爸",
            "content": "图片评论 ",
            "time": "21-11-21 15:18"
        },
        {
            "comment id": 81,
            "parent": -1,
            "children": [],
            "user id": "2135513350",
            "user name": "华南wu吴彦祖",
            "content": "这点钱？",
            "time": "21-11-21 15:05"
        },
        {
            "comment id": 82,
            "parent": -1,
            "children": [],
            "user id": "1687326555",
            "user name": "宅癫痴戾狂",
            "content": "要点脸",
            "time": "21-11-21 14:53"
        },
        {
            "comment id": 83,
            "parent": -1,
            "children": [],
            "user id": "1871599085",
            "user name": "旋转头发",
            "content": "青春也是一辈子只有一次的",
            "time": "21-11-21 14:17"
        },
        {
            "comment id": 84,
            "parent": -1,
            "children": [],
            "user id": "1814459555",
            "user name": "开开心心的民间政治评论家",
            "content": "有点少了",
            "time": "21-11-21 13:53"
        },
        {
            "comment id": 85,
            "parent": -1,
            "children": [],
            "user id": "7276336278",
            "user name": "劉小白白的大白菜",
            "content": "标题真是恶心啊！最早看的明明是孙女带姥爷拍的艺术照！为了博取眼球标题真是丧良心",
            "time": "21-11-21 13:07"
        },
        {
            "comment id": 86,
            "parent": -1,
            "children": [],
            "user id": "6089318848",
            "user name": "Zzf_zhou",
            "content": "这就是爱情",
            "time": "21-11-21 13:05"
        },
        {
            "comment id": 87,
            "parent": -1,
            "children": [],
            "user id": "3612901852",
            "user name": "fugang0916",
            "content": "你麻烦了，造谣惑众",
            "time": "21-11-21 13:01"
        },
        {
            "comment id": 88,
            "parent": -1,
            "children": [],
            "user id": "1788111772",
            "user name": "蕊子不是哥",
            "content": "已举报，恶心的造谣茶壶男",
            "time": "21-11-21 12:25"
        },
        {
            "comment id": 89,
            "parent": -1,
            "children": [],
            "user id": "7571762820",
            "user name": "小白杨5858",
            "content": "起码83了",
            "time": "21-11-21 12:16"
        },
        {
            "comment id": 90,
            "parent": -1,
            "children": [],
            "user id": "3116042315",
            "user name": "信小呆本呆嘎嘎",
            "content": "您看我还有机会吗",
            "time": "21-11-21 12:11"
        },
        {
            "comment id": 91,
            "parent": -1,
            "children": [],
            "user id": "2848836311",
            "user name": "执念未必不是病",
            "content": "反手一举报，这种拉低国民智商的营销号根本不需要存在",
            "time": "21-11-21 12:04"
        },
        {
            "comment id": 92,
            "parent": -1,
            "children": [],
            "user id": "2696105642",
            "user name": "嘠哈妮",
            "content": "上辈子",
            "time": "21-11-21 12:03"
        },
        {
            "comment id": 93,
            "parent": -1,
            "children": [],
            "user id": "2956283835",
            "user name": "是梧桐梧桐呀",
            "content": "我要发给小姐姐做证据，她本来就打算起诉了",
            "time": "21-11-21 11:53"
        },
        {
            "comment id": 94,
            "parent": -1,
            "children": [],
            "user id": "3781722092",
            "user name": "好吃的鱼皮脆虾饺",
            "content": "脑瘫营销号",
            "time": "21-11-21 11:32"
        },
        {
            "comment id": 95,
            "parent": -1,
            "children": [],
            "user id": "3068055713",
            "user name": "RichieeCHAN",
            "content": "瞎几把扯淡",
            "time": "21-11-21 11:19"
        },
        {
            "comment id": 96,
            "parent": -1,
            "children": [],
            "user id": "5355033463",
            "user name": "小松郁月",
            "content": "举报了",
            "time": "21-11-21 10:44"
        },
        {
            "comment id": 97,
            "parent": -1,
            "children": [],
            "user id": "6448328516",
            "user name": "WeedsDreams",
            "content": "反正我支持",
            "time": "21-11-21 10:17"
        },
        {
            "comment id": 98,
            "parent": -1,
            "children": [],
            "user id": "6448328516",
            "user name": "WeedsDreams",
            "content": "社会需要这样的正能量",
            "time": "21-11-21 10:16"
        },
        {
            "comment id": 99,
            "parent": -1,
            "children": [],
            "user id": "5116255809",
            "user name": "过去究竟是个回忆",
            "content": "财产以后怎么分呢？",
            "time": "21-11-21 10:11"
        },
        {
            "comment id": 100,
            "parent": -1,
            "children": [],
            "user id": "2358851730",
            "user name": "波波梁G",
            "content": "还投资总监，垃圾公司",
            "time": "21-11-21 09:59"
        },
        {
            "comment id": 101,
            "parent": -1,
            "children": [],
            "user id": "2358851730",
            "user name": "波波梁G",
            "content": "造谣，举报",
            "time": "21-11-21 09:58"
        },
        {
            "comment id": 102,
            "parent": -1,
            "children": [],
            "user id": "3008573260",
            "user name": "留下来的一封情书",
            "content": "已经投诉了你",
            "time": "21-11-21 09:36"
        },
        {
            "comment id": 103,
            "parent": -1,
            "children": [],
            "user id": "1662395342",
            "user name": "EstreladaAmadora",
            "content": "。。。。。",
            "time": "21-11-21 09:03"
        },
        {
            "comment id": 104,
            "parent": -1,
            "children": [],
            "user id": "5854869492",
            "user name": "温婉de凉宝宝",
            "content": "造谣吧。人家都已经搜集完证据了。",
            "time": "21-11-21 09:00"
        },
        {
            "comment id": 105,
            "parent": -1,
            "children": [],
            "user id": "7036412118",
            "user name": "取个名字还挺南",
            "content": "娶这么漂亮有啥用让你硬你也硬不起来了",
            "time": "21-11-21 08:57"
        },
        {
            "comment id": 106,
            "parent": -1,
            "children": [],
            "user id": "3894728958",
            "user name": "TIGERONEARTH",
            "content": "就这点彩礼还豪取，这女的能答应是有多low",
            "time": "21-11-21 08:57"
        },
        {
            "comment id": 107,
            "parent": -1,
            "children": [],
            "user id": "3993502040",
            "user name": "Zp-Joy",
            "content": "低于微博门槛了",
            "time": "21-11-21 08:48"
        },
        {
            "comment id": 108,
            "parent": -1,
            "children": [],
            "user id": "5014533284",
            "user name": "现在与以往",
            "content": "@微博管理员 @鞍山网警巡查执法",
            "time": "21-11-21 08:29"
        },
        {
            "comment id": 109,
            "parent": -1,
            "children": [],
            "user id": "5014533284",
            "user name": "现在与以往",
            "content": "造谣无底线啊，别人是和外公拍照",
            "time": "21-11-21 08:23"
        },
        {
            "comment id": 110,
            "parent": -1,
            "children": [],
            "user id": "1156696855",
            "user name": "理想的二分之一",
            "content": "死在床上的风险很高。在买一千万的床上险有保障。",
            "time": "21-11-21 07:50"
        },
        {
            "comment id": 111,
            "parent": -1,
            "children": [],
            "user id": "2698392272",
            "user name": "鬼银手紥男",
            "content": "如果是真的！这就打破了，我对爱情的理解！",
            "time": "21-11-21 07:46"
        },
        {
            "comment id": 112,
            "parent": -1,
            "children": [],
            "user id": "1413378752",
            "user name": "投降输壹瓣",
            "content": "爷孙倆正在一一收集证据，告到你们都破产",
            "time": "21-11-21 07:16"
        },
        {
            "comment id": 113,
            "parent": -1,
            "children": [],
            "user id": "1231648094",
            "user name": "下雨的夜色",
            "content": "祖孙",
            "time": "21-11-21 06:49"
        },
        {
            "comment id": 114,
            "parent": -1,
            "children": [],
            "user id": "5310690122",
            "user name": "LossyFan",
            "content": "造谣传谣",
            "time": "21-11-21 06:39"
        },
        {
            "comment id": 115,
            "parent": -1,
            "children": [],
            "user id": "3167737383",
            "user name": "卢青永",
            "content": "这妞……",
            "time": "21-11-21 05:46"
        },
        {
            "comment id": 116,
            "parent": -1,
            "children": [],
            "user id": "6846233127",
            "user name": "只做您的伙伴",
            "content": "",
            "time": "21-11-21 05:31"
        },
        {
            "comment id": 117,
            "parent": -1,
            "children": [],
            "user id": "2996274072",
            "user name": "bn6412",
            "content": "这么点钱农村妇女都不一定娶的到",
            "time": "21-11-21 04:18"
        },
        {
            "comment id": 118,
            "parent": -1,
            "children": [],
            "user id": "1814355155",
            "user name": "该微博用户被查封",
            "content": "微博果然烂了，这种恶心的假新闻也能上热门。。。",
            "time": "21-11-21 04:13"
        },
        {
            "comment id": 119,
            "parent": -1,
            "children": [],
            "user id": "7365505053",
            "user name": "九九十三YE",
            "content": "居然还有人发这种假消息，蹭流量吗？的确恶心！",
            "time": "21-11-21 04:07"
        },
        {
            "comment id": 120,
            "parent": -1,
            "children": [],
            "user id": "6843956975",
            "user name": "知微1",
            "content": "已举报，网络不是法外之地",
            "time": "21-11-21 03:25"
        },
        {
            "comment id": 121,
            "parent": -1,
            "children": [],
            "user id": "2488799687",
            "user name": "baby恩宝",
            "content": "没底限不要脸的假新闻，发这样新闻的人应该被罚款甚至坐牢。",
            "time": "21-11-21 02:39"
        },
        {
            "comment id": 122,
            "parent": -1,
            "children": [],
            "user id": "6446631372",
            "user name": "肉肉侠来了",
            "content": "80万有必要当个神话吗，还一辈子不敢想，笑死人",
            "time": "21-11-21 02:39"
        },
        {
            "comment id": 123,
            "parent": -1,
            "children": [],
            "user id": "6990809989",
            "user name": "十年的微博被限制了",
            "content": "拍成这鬼样子也难怪别人说",
            "time": "21-11-21 02:37"
        },
        {
            "comment id": 124,
            "parent": -1,
            "children": [],
            "user id": "7031637572",
            "user name": "是乐lele呀",
            "content": "不多",
            "time": "21-11-21 02:16"
        },
        {
            "comment id": 125,
            "parent": -1,
            "children": [],
            "user id": "7157585114",
            "user name": "向小猪佩奇",
            "content": "全中国最高彩礼",
            "time": "21-11-21 01:49"
        },
        {
            "comment id": 126,
            "parent": -1,
            "children": [],
            "user id": "7673406653",
            "user name": "小猫咪极乐世界",
            "content": "真亏 才八十万",
            "time": "21-11-21 01:43"
        },
        {
            "comment id": 127,
            "parent": -1,
            "children": [],
            "user id": "6130605288",
            "user name": "LH呀伢",
            "content": "180万娶不到她",
            "time": "21-11-21 01:32"
        },
        {
            "comment id": 128,
            "parent": -1,
            "children": [],
            "user id": "6760371061",
            "user name": "达州vlq",
            "content": "望批两行泪",
            "time": "21-11-21 01:20"
        },
        {
            "comment id": 129,
            "parent": -1,
            "children": [],
            "user id": "1101616247",
            "user name": "FMYDYJCYZDX",
            "content": "算个屁啊，这点就打发了啊",
            "time": "21-11-21 01:03"
        },
        {
            "comment id": 130,
            "parent": -1,
            "children": [],
            "user id": "1801635037",
            "user name": "世界驰名双标狗",
            "content": "告你",
            "time": "21-11-21 00:51"
        },
        {
            "comment id": 131,
            "parent": -1,
            "children": [],
            "user id": "2984794552",
            "user name": "把平凡过的幸福",
            "content": "都辟谣了，还TM发",
            "time": "21-11-21 00:51"
        },
        {
            "comment id": 132,
            "parent": -1,
            "children": [],
            "user id": "3060895341",
            "user name": "small_Gm",
            "content": "女孩子看起来品行端正，肯定不为图钱。肯定图新郎年龄大，图新郎不洗澡",
            "time": "21-11-21 00:46"
        },
        {
            "comment id": 133,
            "parent": -1,
            "children": [],
            "user id": "2785861180",
            "user name": "moni_Tong",
            "content": "这么想被举报的么",
            "time": "21-11-21 00:36"
        },
        {
            "comment id": 134,
            "parent": -1,
            "children": [],
            "user id": "3120370954",
            "user name": "可爱本人噢",
            "content": "这个是造谣你还发，当事人已经说要取证起诉了，你赶紧删了吧",
            "time": "21-11-21 00:36"
        },
        {
            "comment id": 135,
            "parent": -1,
            "children": [],
            "user id": "1810545135",
            "user name": "我是小宙",
            "content": "一看就是嫁给了爱情",
            "time": "21-11-21 00:29"
        },
        {
            "comment id": 136,
            "parent": -1,
            "children": [],
            "user id": "2630726345",
            "user name": "阿里爱芭芭",
            "content": "",
            "time": "21-11-21 00:11"
        },
        {
            "comment id": 137,
            "parent": -1,
            "children": [],
            "user id": "2424390551",
            "user name": "比较数字",
            "content": "明码实价，童叟无欺。",
            "time": "21-11-21 00:09"
        },
        {
            "comment id": 138,
            "parent": -1,
            "children": [],
            "user id": "6564645786",
            "user name": "奥特曼捡海螺",
            "content": "金钱帝国，这是真爱",
            "time": "21-11-20 23:52"
        },
        {
            "comment id": 139,
            "parent": -1,
            "children": [],
            "user id": "7497147770",
            "user name": "心流剑客",
            "content": "网上口诛笔伐 现实中很常见",
            "time": "21-11-20 23:49"
        },
        {
            "comment id": 140,
            "parent": -1,
            "children": [],
            "user id": "1842508522",
            "user name": "洋大侸",
            "content": "应该是真爱",
            "time": "21-11-20 23:38"
        },
        {
            "comment id": 141,
            "parent": -1,
            "children": [],
            "user id": "5123067054",
            "user name": "她是小喵咪",
            "content": "已举报，恶不恶心啊你",
            "time": "21-11-20 23:34"
        }
    ]
}