{
    "source": {
        "content": "请广泛传播，让更多的人了解这个手势！    搞笑爹的微博视频 ",
        "time": "21-11-21 21:44",
        "user id": "7191111235",
        "tweet id": "L2ynfB0bU",
        "label": 1,
        "theme": null
    },
    "comment": [
        {
            "comment id": 0,
            "parent": -1,
            "children": [],
            "user id": "5601454320",
            "user name": "每天夜宵吃什么",
            "content": "都干自己的事，谁看你做什么手势？有这功夫喊两句不比这直接？",
            "time": "21-11-22 14:52"
        },
        {
            "comment id": 1,
            "parent": -1,
            "children": [],
            "user id": "1697168132",
            "user name": "终灬潔",
            "content": "人多的地方直接喊啊，没人帮忙，看热闹的也不会袖手旁观",
            "time": "21-11-22 21:06"
        },
        {
            "comment id": 2,
            "parent": -1,
            "children": [
                9,
                10
            ],
            "user id": "6118069972",
            "user name": "澳门一个卖保险的长腿欧巴",
            "content": "公安部门早就辟谣了，什么呼救手势都是假的！换了谁也看不懂你的手势，嗷嗷喊更直接！不要再发这种东西害人了，人家真的要到救命的时候而没有用的话，你就是间接杀人。",
            "time": "21-11-22 13:22"
        },
        {
            "comment id": 3,
            "parent": 4,
            "children": [],
            "user id": "6298545367",
            "user name": "芳菲滚滚",
            "content": "回复@澳门一个卖保险的长腿欧巴:嗯呢，期待一定不要有，听着都吓人",
            "time": "21-11-23 06:02"
        },
        {
            "comment id": 4,
            "parent": 5,
            "children": [
                3
            ],
            "user id": "6118069972",
            "user name": "澳门一个卖保险的长腿欧巴",
            "content": "回复@芳菲滚滚:你说的也有道理，不过不管怎样，这个世界还是坏人少好人多。而且现在天眼系统这么厉害，到处都是摄像头，在城市里，正常也不会有这么明目张胆的犯罪行为的～",
            "time": "21-11-22 23:04"
        },
        {
            "comment id": 5,
            "parent": 6,
            "children": [
                4
            ],
            "user id": "6298545367",
            "user name": "芳菲滚滚",
            "content": "回复@澳门一个卖保险的长腿欧巴:不是的，恰恰相反，大家反而还会劝。真的不是大家不热心，也不是不愿意帮忙，是大家不会注意到反应过来，这种还团伙作案，你一个人清醒了都不行，你还得喊人。",
            "time": "21-11-22 21:45"
        },
        {
            "comment id": 6,
            "parent": 7,
            "children": [
                5
            ],
            "user id": "6118069972",
            "user name": "澳门一个卖保险的长腿欧巴",
            "content": "回复@芳菲滚滚:不排除有些人会事不关己高高挂起，但是我相信大部分有良知的爷们都会挺身而出的。不可能见死不救，就算不敢直接去搏斗，最起码打个110我想都能做得到的～",
            "time": "21-11-22 21:43"
        },
        {
            "comment id": 7,
            "parent": 8,
            "children": [
                6
            ],
            "user id": "6298545367",
            "user name": "芳菲滚滚",
            "content": "回复@澳门一个卖保险的长腿欧巴:说实话手势我也不会注意到，而且之前也看不懂，也想不出来什么好办法，去哪里最好亲朋好友知道。之前有很多真实案例，就已经闹得很夸张了，但是周围的人就是没人站出来，不站出来也不是故意的，就是大家觉得家务事，而且这种团伙大家真的看不出来，除非身边有朋友还得是男的，不然超级恐怖。",
            "time": "21-11-22 21:41"
        },
        {
            "comment id": 8,
            "parent": 9,
            "children": [
                7
            ],
            "user id": "6118069972",
            "user name": "澳门一个卖保险的长腿欧巴",
            "content": "回复@芳菲滚滚:你的话虽然也有道理，但是大部分的大老爷们不会面对一个喊救命的小女孩无动于衷的，效果肯定比打手势要好。",
            "time": "21-11-22 21:36"
        },
        {
            "comment id": 9,
            "parent": 2,
            "children": [
                8
            ],
            "user id": "6298545367",
            "user name": "芳菲滚滚",
            "content": "不知道手势，但喊也没用，之前不也有喊的，人家会有团伙的，说什么这是家务事之类的，你不会管的，按照心理学来说，人多的地方，你更不会管，你会觉得有其他人管，或者人家的家务事。不信你上街走一圈，大街上小情侣吵架夫妻闹别扭，你会上前嘛？这种情况对方会快速把人放车里～",
            "time": "21-11-22 21:30"
        },
        {
            "comment id": 10,
            "parent": 2,
            "children": [],
            "user id": "7146569188",
            "user name": "不知道叫啥nice",
            "content": "拍这个视频的估计🧠进水了，那么多人直接喊就行了，还做手势，笑死",
            "time": "21-11-22 13:56"
        }
    ]
}