{
    "source": {
        "content": "#上海9家医院暂停门急诊##大闸蟹#\n中午最新消息：上海昨天到今天共计已经有9家医院暂停门急诊，分别是：\n九院、新华医院、皮肤病院、瑞金医院、中山医院、同济医院、华山医院（虹桥院区））、闵行区中心医院、普陀区人民医院。\n坊间传闻：上海本轮疫情，与大闸蟹有关，静候相关确认信息。",
        "time": "21-11-26 13:43",
        "user id": "1700255344",
        "tweet id": "L3gmweaRy",
        "label": 1,
        "theme": null
    },
    "comment": [
        {
            "comment id": 0,
            "parent": -1,
            "children": [
                5,
                6,
                9
            ],
            "user id": "1700255344",
            "user name": "医略仲崇海",
            "content": "与大闸蟹无关，官媒已经辟谣 ",
            "time": "21-11-26 14:15"
        },
        {
            "comment id": 1,
            "parent": 2,
            "children": [],
            "user id": "7320745842",
            "user name": "神气609",
            "content": "回复@医略仲崇海:看了今天的新闻，所谓的说明，仍然含混不清。 一个跨国药企的会计确诊，全市26家大医院停诊。核心问题不是该不该停诊筛查，我们更关心的是大批医院同时涉疫的背后，是否仍然存在着隐性的医药行业不正之风？",
            "time": "21-11-27 10:36"
        },
        {
            "comment id": 2,
            "parent": 7,
            "children": [
                1
            ],
            "user id": "1700255344",
            "user name": "医略仲崇海",
            "content": "回复@美好时光ha:感谢对医疗界的理解认同",
            "time": "21-11-26 18:55"
        },
        {
            "comment id": 3,
            "parent": 6,
            "children": [],
            "user id": "1700255344",
            "user name": "医略仲崇海",
            "content": "回复@神气609:等明后天新闻吧🙏",
            "time": "21-11-26 18:54"
        },
        {
            "comment id": 4,
            "parent": 5,
            "children": [],
            "user id": "1700255344",
            "user name": "医略仲崇海",
            "content": "回复@可爱朵朵小仙女:等待官方回复🙏",
            "time": "21-11-26 18:53"
        },
        {
            "comment id": 5,
            "parent": 0,
            "children": [
                4
            ],
            "user id": "5874988221",
            "user name": "可爱朵朵小仙女",
            "content": "那说说看 这么多医院同时停诊的原因？",
            "time": "21-11-26 18:52"
        },
        {
            "comment id": 6,
            "parent": 0,
            "children": [
                3
            ],
            "user id": "7320745842",
            "user name": "神气609",
            "content": "辟的人讲清楚了吗？",
            "time": "21-11-26 18:45"
        },
        {
            "comment id": 7,
            "parent": 9,
            "children": [
                2
            ],
            "user id": "6631828745",
            "user name": "美好时光ha",
            "content": "回复@Dr_HHB:第一次感觉到谣言这么可怕，瞬间心疼所有被谣言污蔑过的人，谣言太可怕了",
            "time": "21-11-26 18:44"
        },
        {
            "comment id": 8,
            "parent": 9,
            "children": [],
            "user id": "1700255344",
            "user name": "医略仲崇海",
            "content": "回复@Dr_HHB:所以谣言真的可怕🙏",
            "time": "21-11-26 14:19"
        },
        {
            "comment id": 9,
            "parent": 0,
            "children": [
                7,
                8
            ],
            "user id": "7722734628",
            "user name": "Dr_HHB",
            "content": "没有事实的辟谣而且瑞金、新华的重点关注都是消化科的",
            "time": "21-11-26 14:17"
        },
        {
            "comment id": 10,
            "parent": -1,
            "children": [
                11
            ],
            "user id": "1633743547",
            "user name": "YZ-YZ-YZ-S",
            "content": "造谣啊，徐州的是个工程师，杭州的是浙大博物馆工作人员",
            "time": "21-11-26 13:50"
        },
        {
            "comment id": 11,
            "parent": 10,
            "children": [],
            "user id": "1700255344",
            "user name": "医略仲崇海",
            "content": "是的，未经证实，所以只是传闻🙏",
            "time": "21-11-26 13:53"
        },
        {
            "comment id": 12,
            "parent": -1,
            "children": [
                13
            ],
            "user id": "2305889167",
            "user name": "睡懒觉之神",
            "content": "删了吧 小心被抓",
            "time": "21-11-26 13:55"
        },
        {
            "comment id": 13,
            "parent": 12,
            "children": [],
            "user id": "1700255344",
            "user name": "医略仲崇海",
            "content": "是的，刚查新闻，与传闻有出入，且有辟谣了，所以博文改了",
            "time": "21-11-26 14:22"
        },
        {
            "comment id": 14,
            "parent": -1,
            "children": [
                15
            ],
            "user id": "1257874430",
            "user name": "隔夜的羊角包",
            "content": "其实…大闸蟹不长这样",
            "time": "21-11-26 13:54"
        },
        {
            "comment id": 15,
            "parent": 14,
            "children": [],
            "user id": "1700255344",
            "user name": "医略仲崇海",
            "content": "这是传闻蟹",
            "time": "21-11-26 13:55"
        },
        {
            "comment id": 16,
            "parent": -1,
            "children": [
                17
            ],
            "user id": "6037567094",
            "user name": "_浪漫至死_",
            "content": "瞎说，根本没有医生",
            "time": "21-11-26 13:58"
        },
        {
            "comment id": 17,
            "parent": 16,
            "children": [],
            "user id": "1700255344",
            "user name": "医略仲崇海",
            "content": "是的，刚查新闻，与传闻有出入，所以博文改了",
            "time": "21-11-26 14:00"
        },
        {
            "comment id": 18,
            "parent": -1,
            "children": [
                19
            ],
            "user id": "5462375101",
            "user name": "我就是元気少年-",
            "content": "假的还不删啊 有毒",
            "time": "21-11-27 08:06"
        },
        {
            "comment id": 19,
            "parent": 18,
            "children": [],
            "user id": "1700255344",
            "user name": "医略仲崇海",
            "content": "我已经评论置顶辟谣的内容🙏",
            "time": "21-11-27 10:26"
        },
        {
            "comment id": 20,
            "parent": -1,
            "children": [
                21
            ],
            "user id": "1895104730",
            "user name": "紫色小雨花园",
            "content": "华东也官宣了",
            "time": "21-11-26 20:13"
        },
        {
            "comment id": 21,
            "parent": 20,
            "children": [],
            "user id": "1700255344",
            "user name": "医略仲崇海",
            "content": "是的",
            "time": "21-11-26 20:25"
        },
        {
            "comment id": 22,
            "parent": -1,
            "children": [
                23
            ],
            "user id": "3092492797",
            "user name": "q-levi",
            "content": "就刚刚六院也……",
            "time": "21-11-26 19:29"
        },
        {
            "comment id": 23,
            "parent": 22,
            "children": [],
            "user id": "1700255344",
            "user name": "医略仲崇海",
            "content": "还有其他医院🙏",
            "time": "21-11-26 19:38"
        },
        {
            "comment id": 24,
            "parent": -1,
            "children": [
                25
            ],
            "user id": "5139868691",
            "user name": "严峻conanyan",
            "content": "搞的这么认真 某些明星还开演唱会那 慌什么",
            "time": "21-11-26 19:25"
        },
        {
            "comment id": 25,
            "parent": 24,
            "children": [],
            "user id": "1700255344",
            "user name": "医略仲崇海",
            "content": "这个时候真不适合",
            "time": "21-11-26 19:38"
        },
        {
            "comment id": 26,
            "parent": -1,
            "children": [
                27
            ],
            "user id": "1959969363",
            "user name": "mangguo9612",
            "content": "普人民，不是普中心",
            "time": "21-11-26 14:03"
        },
        {
            "comment id": 27,
            "parent": 26,
            "children": [],
            "user id": "1700255344",
            "user name": "医略仲崇海",
            "content": "已改🙏",
            "time": "21-11-26 14:11"
        },
        {
            "comment id": 28,
            "parent": -1,
            "children": [
                29
            ],
            "user id": "5848183941",
            "user name": "大吉大利一生平安",
            "content": "至少杭州和徐州的都不是医生",
            "time": "21-11-26 13:56"
        },
        {
            "comment id": 29,
            "parent": 28,
            "children": [],
            "user id": "1700255344",
            "user name": "医略仲崇海",
            "content": "刚查了报道，的确不是",
            "time": "21-11-26 13:59"
        },
        {
            "comment id": 30,
            "parent": -1,
            "children": [
                31
            ],
            "user id": "7560754538",
            "user name": "如晴天似雨天oo",
            "content": "那为什么停了那么多医院?其它的景点，电影院没有停?",
            "time": "21-11-26 20:46"
        },
        {
            "comment id": 31,
            "parent": 30,
            "children": [],
            "user id": "1700255344",
            "user name": "医略仲崇海",
            "content": "这…等新闻通报吧🙏",
            "time": "21-11-26 20:54"
        },
        {
            "comment id": 32,
            "parent": -1,
            "children": [
                33
            ],
            "user id": "7637805865",
            "user name": "天空的汤力水2",
            "content": "不止9家了",
            "time": "21-11-26 19:01"
        },
        {
            "comment id": 33,
            "parent": 32,
            "children": [],
            "user id": "1700255344",
            "user name": "医略仲崇海",
            "content": "好像已经有20多家🙏",
            "time": "21-11-26 19:02"
        }
    ]
}