{
    "source": {
        "content": "路边社这个葛兰素史克的传闻，看来有可能是真的……要不然为啥今天上海这么多大医院莫名其妙紧急封锁\n\n不过按理说一堆医生扎堆出省，这么高风险的事他们应该有点意识才对啊……  ",
        "time": "21-11-26 14:06",
        "user id": "6812138217",
        "tweet id": "L3gvXfiVi",
        "label": 1,
        "theme": null
    },
    "comment": [
        {
            "comment id": 0,
            "parent": -1,
            "children": [
                1
            ],
            "user id": "3216207495",
            "user name": "江天6924",
            "content": "也可能一个药代跑过九个医院",
            "time": "21-11-26 15:51"
        },
        {
            "comment id": 1,
            "parent": 0,
            "children": [],
            "user id": "5480017544",
            "user name": "梦就是遗忘的记忆",
            "content": "应该是会计密接是药代，然后药代和医生有关系，医生和医生有关系",
            "time": "21-11-27 16:30"
        },
        {
            "comment id": 2,
            "parent": -1,
            "children": [
                3,
                4,
                5
            ],
            "user id": "7548847128",
            "user name": "东速5厘秒",
            "content": "吃饭讲不通。确诊的有几个都是文科，学法的",
            "time": "21-11-26 18:03"
        },
        {
            "comment id": 3,
            "parent": 2,
            "children": [],
            "user id": "5480017544",
            "user name": "梦就是遗忘的记忆",
            "content": "应该是密接吧",
            "time": "21-11-27 16:31"
        },
        {
            "comment id": 4,
            "parent": 2,
            "children": [],
            "user id": "5093809883",
            "user name": "baiyunchuy",
            "content": "为啥封这么多医院？",
            "time": "21-11-26 23:15"
        },
        {
            "comment id": 5,
            "parent": 2,
            "children": [],
            "user id": "2623460661",
            "user name": "2013mengxiang",
            "content": "确诊的上海和杭州的确实是去苏州一起吃饭了，新闻都有，你去看！就是不知道是不是请客，还是啥的",
            "time": "21-11-26 21:42"
        },
        {
            "comment id": 6,
            "parent": -1,
            "children": [
                7
            ],
            "user id": "1650929373",
            "user name": "今天开始收骨头",
            "content": "不可能的好伐 是个医生都知道 肯定是假的",
            "time": "21-11-26 18:32"
        },
        {
            "comment id": 7,
            "parent": 6,
            "children": [],
            "user id": "5093809883",
            "user name": "baiyunchuy",
            "content": "现在医生出去开会的很多 有个词叫明知故犯",
            "time": "21-11-26 23:15"
        },
        {
            "comment id": 8,
            "parent": -1,
            "children": [],
            "user id": "6012372292",
            "user name": "祁乒堵祁",
            "content": "动动脑子吧，皮肤病医院消化科？？？这年头请人吃大闸蟹还用90年代方法拉到湖边吃？哪家医院职工离沪敢不报备不审批不请假？",
            "time": "21-11-27 00:00"
        },
        {
            "comment id": 9,
            "parent": -1,
            "children": [],
            "user id": "3490766790",
            "user name": "史蒂芬派大星",
            "content": "铁子你可真敢发，虽然我也知道",
            "time": "21-11-26 21:23"
        },
        {
            "comment id": 10,
            "parent": -1,
            "children": [
                11
            ],
            "user id": "1838852885",
            "user name": "感性de刺猬",
            "content": "9家闭环操作",
            "time": "21-11-26 15:43"
        },
        {
            "comment id": 11,
            "parent": 10,
            "children": [],
            "user id": "3717179983",
            "user name": "Casual_yu",
            "content": "现在18家医院了",
            "time": "21-11-27 08:16"
        },
        {
            "comment id": 12,
            "parent": -1,
            "children": [],
            "user id": "5633775050",
            "user name": "烈火热气球就是我啦666",
            "content": "徐州的不是一个安装啥的师傅么？什么鬼，都辟谣了啊",
            "time": "21-11-26 19:53"
        },
        {
            "comment id": 13,
            "parent": -1,
            "children": [],
            "user id": "1646466371",
            "user name": "六猫二狗的小世界",
            "content": "有毛病的 徐州那个根本就不是医生 是出差去徐州乐园调试设备的，流调行程清清楚楚，底下评论污言秽语的眼睛瞎了吗都？",
            "time": "21-11-27 12:13"
        },
        {
            "comment id": 14,
            "parent": -1,
            "children": [],
            "user id": "2246738013",
            "user name": "风中响雷",
            "content": "还在胡说八道。",
            "time": "21-11-27 20:54"
        },
        {
            "comment id": 15,
            "parent": -1,
            "children": [],
            "user id": "7407990115",
            "user name": "打倒一切牛鬼蛇",
            "content": "有脑子吗？能相信这种造谣， 要多牛逼的人物能把这么多顶级科主任包车拉到苏州小饭店吃一次阳澄湖大闸蟹?可能只知道苏州最贵的是阳澄湖大闸蟹了，你知道随便在上海请吃饭的标准都可以1500元一个人了，还不是上海顶级餐厅，只是陆家嘴普通餐厅。 每个葛兰素屎壳郎医药代表去医院拜访一下科主任就可以",
            "time": "21-11-27 00:28"
        },
        {
            "comment id": 16,
            "parent": -1,
            "children": [],
            "user id": "3049782057",
            "user name": "奔跑的小夏同学",
            "content": "是真的，官方的通告是糊弄老百姓的",
            "time": "21-11-27 00:02"
        },
        {
            "comment id": 17,
            "parent": -1,
            "children": [],
            "user id": "3217917395",
            "user name": "fate329",
            "content": "徐州那个是修游乐场器材的，杭州一个是大学考古老师，啥时候都变成消化科主任了？",
            "time": "21-11-26 21:33"
        },
        {
            "comment id": 18,
            "parent": -1,
            "children": [],
            "user id": "1793175937",
            "user name": "余光文脉",
            "content": "#上海疫情# 杀软公司直接放虫？瘫掉安全公司？",
            "time": "21-11-26 21:08"
        }
    ]
}