{
    "source": {
        "content": "上海：执法部门向，美团打车，开出责令整改通知书\n\n#美团打车事业部独立# 衝鋒号角的微博视频 ",
        "time": "21-11-30 01:12",
        "user id": "2343014623",
        "tweet id": "L3N9F3zHD",
        "label": 1,
        "theme": null
    },
    "comment": [
        {
            "comment id": 0,
            "parent": -1,
            "children": [],
            "user id": "2019665801",
            "user name": "禹潔Susannah",
            "content": "支持！",
            "time": "21-11-30 03:20"
        },
        {
            "comment id": 1,
            "parent": -1,
            "children": [],
            "user id": "1761340907",
            "user name": "证明给她看",
            "content": "这是很老的新闻了吧",
            "time": "21-11-30 07:06"
        },
        {
            "comment id": 2,
            "parent": -1,
            "children": [],
            "user id": "2947107333",
            "user name": "山中乐居",
            "content": "屡教不改",
            "time": "21-11-30 06:59"
        },
        {
            "comment id": 3,
            "parent": -1,
            "children": [],
            "user id": "7705798131",
            "user name": "巴卡玛卡巴卡110",
            "content": "2018年？？",
            "time": "21-11-30 09:18"
        },
        {
            "comment id": 4,
            "parent": -1,
            "children": [],
            "user id": "6761554781",
            "user name": "好的网名被狗吃了",
            "content": "滴滴滴呢",
            "time": "21-11-30 07:01"
        }
    ]
}