{
    "source": {
        "content": "上海要推行单亲妈妈家庭模式，破解生育率走低难题，这是真的？这个传言可能不是真的，但可以是一个舆情测试，照出国人如何看待新型家庭关系，人口生育和家庭关乎国运人伦，需要来一次大讨论。#我国总和生育率低于国际警戒线# ",
        "time": "21-12-12 22:02",
        "user id": "1257638294",
        "tweet id": "L5Kt2v3Rp",
        "label": 1,
        "theme": null
    },
    "comment": [
        {
            "comment id": 0,
            "parent": -1,
            "children": [
                1,
                2
            ],
            "user id": "6067299502",
            "user name": "大白兔牛奶真的太甜了",
            "content": "好赖是个大V先实锤再发而不是问我们吧",
            "time": "21-12-12 22:07"
        },
        {
            "comment id": 1,
            "parent": 0,
            "children": [],
            "user id": "1257638294",
            "user name": "政中评论",
            "content": "也有懒的时候",
            "time": "21-12-12 22:07"
        },
        {
            "comment id": 2,
            "parent": 0,
            "children": [],
            "user id": "2110085827",
            "user name": "Bronco_buster",
            "content": "哈哈哈哈，太懒了",
            "time": "21-12-13 12:06"
        },
        {
            "comment id": 3,
            "parent": -1,
            "children": [
                11,
                15,
                16,
                18
            ],
            "user id": "7002014624",
            "user name": "艾艾艾艾艾拉酱",
            "content": "你确定这是真的？",
            "time": "21-12-13 13:15"
        },
        {
            "comment id": 4,
            "parent": 6,
            "children": [],
            "user id": "3694688775",
            "user name": "般若酸菜鱼",
            "content": "回复@开心阳光橙:政府10年还说中国的计生只是鼓励性质，非强迫。你自己去搜搜看。还有赵白鸽说计生是一个甜蜜的事业。这话不比你说的鼓励单身生育更有冲击力？",
            "time": "21-12-14 13:44"
        },
        {
            "comment id": 5,
            "parent": 6,
            "children": [],
            "user id": "3694688775",
            "user name": "般若酸菜鱼",
            "content": "回复@开心阳光橙:你们爱信不信啊。现在单身生育合法，国务院9月份废除了几条法规你自己看看啊。我没逼着你相信。18年政府还在说现在生育率没问题，为啥7普一出来，立刻就打压培训机构？直接整个培训机构行业都没了？有些事你们不信有什么用？法律法规都允许的事，是不是鼓励你自己想想咯。",
            "time": "21-12-14 13:42"
        },
        {
            "comment id": 6,
            "parent": 7,
            "children": [
                4,
                5
            ],
            "user id": "1978554644",
            "user name": "开心阳光橙",
            "content": "回复@般若酸菜鱼:鼓励非婚生育是事实？说要带头实施只恋爱不结婚的西方模式是事实？说政策就说政策，夹带私货就有带节奏的嫌疑啊，不然干嘛要修改编辑加一段“这个传言可能不是真的”呢？尽量把人往好的方面想是善良的，但在看一段话时不看全貌只取一点，那就要再多观察和思考一下了，共勉吧 查看图片",
            "time": "21-12-14 13:09"
        },
        {
            "comment id": 7,
            "parent": 9,
            "children": [
                6
            ],
            "user id": "3694688775",
            "user name": "般若酸菜鱼",
            "content": "回复@开心阳光橙:你可以说他带节奏，但事实就是事实啊。",
            "time": "21-12-14 12:45"
        },
        {
            "comment id": 8,
            "parent": 9,
            "children": [],
            "user id": "7002014624",
            "user name": "艾艾艾艾艾拉酱",
            "content": "回复@开心阳光橙:一个大v竟然发布这种乱造的东西",
            "time": "21-12-14 12:21"
        },
        {
            "comment id": 9,
            "parent": 18,
            "children": [
                7,
                8
            ],
            "user id": "1978554644",
            "user name": "开心阳光橙",
            "content": "回复@政中评论:如果是真的，那你能不能同时将该政策的原文截图一起放上来呢？如果是假的，你这不分青红皂白地直接发网上问网友，是博流量吗？",
            "time": "21-12-14 12:18"
        },
        {
            "comment id": 10,
            "parent": 12,
            "children": [],
            "user id": "1978554644",
            "user name": "开心阳光橙",
            "content": "回复@般若酸菜鱼:相信放宽政策是有的，但文中有提倡之意就纯属带节奏了，还什么带头实施西方模式，这种写法的目的不良，动机不纯",
            "time": "21-12-14 12:16"
        },
        {
            "comment id": 11,
            "parent": 3,
            "children": [],
            "user id": "1978554644",
            "user name": "开心阳光橙",
            "content": "正常人都是和你一个反应的。不过仔细看，肯定假的啊，如果有相关政策，也顶多是放宽生育金和补贴政策，绝不可能鼓励提倡单亲妈妈的，在现在这种国际关系的环境情况下还追随什么西方模式？这绝对是故意过度解读吧",
            "time": "21-12-14 12:13"
        },
        {
            "comment id": 12,
            "parent": 14,
            "children": [
                10
            ],
            "user id": "3694688775",
            "user name": "般若酸菜鱼",
            "content": "回复@嘻哈的小旺仔:其实上海2021年就放开了，就是被报道之后暂停了。2021年9月国务院已经全面废止关于计划生育的条例，也就是说上海2021年年初的做法已经符合法律法规，所以2020年继续年初的方式是理所应当的。",
            "time": "21-12-14 11:21"
        },
        {
            "comment id": 13,
            "parent": 14,
            "children": [],
            "user id": "3694688775",
            "user name": "般若酸菜鱼",
            "content": "回复@嘻哈的小旺仔:你搜一下就知道了。单身生育可以用社保可以领取津贴。就是全面放开单身生育。",
            "time": "21-12-14 11:17"
        },
        {
            "comment id": 14,
            "parent": 15,
            "children": [
                12,
                13
            ],
            "user id": "6352614862",
            "user name": "嘻哈的小旺仔",
            "content": "回复@般若酸菜鱼:哪里看到发布的这种通知？确定是真的？",
            "time": "21-12-14 11:09"
        },
        {
            "comment id": 15,
            "parent": 3,
            "children": [
                14
            ],
            "user id": "3694688775",
            "user name": "般若酸菜鱼",
            "content": "确定是真的。单身生育可以领取津贴。",
            "time": "21-12-13 19:20"
        },
        {
            "comment id": 16,
            "parent": 3,
            "children": [],
            "user id": "2965417311",
            "user name": "惟闻女-叹息",
            "content": "谣言就是这些大V传的。",
            "time": "21-12-13 16:11"
        },
        {
            "comment id": 17,
            "parent": 18,
            "children": [],
            "user id": "7136745126",
            "user name": "小贵贵MK-II",
            "content": "回复@政中评论:中国男足没找你当教练太可惜",
            "time": "21-12-13 14:59"
        },
        {
            "comment id": 18,
            "parent": 3,
            "children": [
                9,
                17
            ],
            "user id": "1257638294",
            "user name": "政中评论",
            "content": "都去问问",
            "time": "21-12-13 13:17"
        },
        {
            "comment id": 19,
            "parent": -1,
            "children": [
                20,
                24
            ],
            "user id": "3098785221",
            "user name": "魔都mm",
            "content": "小心造谣获刑",
            "time": "21-12-13 17:32"
        },
        {
            "comment id": 20,
            "parent": 19,
            "children": [],
            "user id": "1978554644",
            "user name": "开心阳光橙",
            "content": "是的，支持造谣获刑！还有一种就是装无辜的那些无良媒体。好像加了一句问句就可以避嫌似的，这种带V的更应该严格管理，不搞清楚原委就随意发帖，造成失实的不良影响，其行为和造谣者无异",
            "time": "21-12-14 12:33"
        },
        {
            "comment id": 21,
            "parent": 24,
            "children": [],
            "user id": "2928969134",
            "user name": "不爱喝cola",
            "content": "回复@政中评论:加问号就能瞎写了吗，评论转发过500送你进去",
            "time": "21-12-14 08:48"
        },
        {
            "comment id": 22,
            "parent": 24,
            "children": [],
            "user id": "6052396801",
            "user name": "一天一根黄瓜的精彩",
            "content": "回复@政中评论:牛逼，博主是÷生？",
            "time": "21-12-13 18:51"
        },
        {
            "comment id": 23,
            "parent": 24,
            "children": [],
            "user id": "5394529754",
            "user name": "蓝了石蕊_鱼心",
            "content": "回复@政中评论:只要加个问号，前面文字就可以瞎写，懂了。",
            "time": "21-12-13 18:46"
        },
        {
            "comment id": 24,
            "parent": 19,
            "children": [
                21,
                22,
                23
            ],
            "user id": "1257638294",
            "user name": "政中评论",
            "content": "么看我加了个问号？",
            "time": "21-12-13 17:33"
        },
        {
            "comment id": 25,
            "parent": -1,
            "children": [
                27,
                29,
                32,
                33,
                43,
                46,
                48
            ],
            "user id": "2381746062",
            "user name": "大兄弟老三",
            "content": "假的吧 本来男人都找不到老婆了 加这个 男人要死去了",
            "time": "21-12-13 14:00"
        },
        {
            "comment id": 26,
            "parent": 43,
            "children": [],
            "user id": "1783794570",
            "user name": "Iktsuarpok95_",
            "content": "回复@小寻_xun:不会，总有人上赶着哄抬猪价",
            "time": "21-12-14 22:57"
        },
        {
            "comment id": 27,
            "parent": 25,
            "children": [],
            "user id": "5777431204",
            "user name": "Miyukisan_0710",
            "content": "某些劣等基因就该被淘汰掉 话糙理不糙",
            "time": "21-12-14 18:32"
        },
        {
            "comment id": 28,
            "parent": 34,
            "children": [],
            "user id": "2978933125",
            "user name": "早起的八块腹肌少年",
            "content": "回复@凉l生:看看现在的家暴和女性受冷暴力还有强奸，性骚扰的比例，女性真的单身保平安！",
            "time": "21-12-14 14:15"
        },
        {
            "comment id": 29,
            "parent": 25,
            "children": [],
            "user id": "7305928432",
            "user name": "江河赴海",
            "content": "回复@深蓝色的梦W:独立男性，支持了",
            "time": "21-12-14 14:05"
        },
        {
            "comment id": 30,
            "parent": 39,
            "children": [],
            "user id": "7305928432",
            "user name": "江河赴海",
            "content": "回复@H铁狼:大爆笑，大多女人根本就不想生，男人会哭死",
            "time": "21-12-14 14:05"
        },
        {
            "comment id": 31,
            "parent": 35,
            "children": [],
            "user id": "6776782150",
            "user name": "哇酱V",
            "content": "回复@YYYu-k67280:错了，不是男人提供精子，而是优质男人能繁衍后代，普通男人就是工蚁，活到老做到老，轮不到他繁衍",
            "time": "21-12-14 11:24"
        },
        {
            "comment id": 32,
            "parent": 25,
            "children": [],
            "user id": "2978933125",
            "user name": "早起的八块腹肌少年",
            "content": "不是吧，男的找不到老婆不是因为自己又穷又丑吗？？？不想着去搞钱健身变帅，想着找老婆？？",
            "time": "21-12-14 10:01"
        },
        {
            "comment id": 33,
            "parent": 25,
            "children": [],
            "user id": "6077119371",
            "user name": "gjjcddfffvc",
            "content": "这样一来，有钱有资源的男人拥有女人及后代的数量加剧。女人慕强，宁可暗地做强男的情人和三，为他诞子，也不为无能力无资源的男人留后。残酷的现实只会让穷男绝代！",
            "time": "21-12-14 09:57"
        },
        {
            "comment id": 34,
            "parent": 39,
            "children": [
                28
            ],
            "user id": "2472409351",
            "user name": "凉l生",
            "content": "回复@H铁狼:快拉到吧，多少女的宁愿离婚单亲妈妈带娃模式",
            "time": "21-12-14 07:47"
        },
        {
            "comment id": 35,
            "parent": 41,
            "children": [
                31
            ],
            "user id": "7720906098",
            "user name": "YYYu-k67280",
            "content": "回复@哇酱V:太支持了。希望以后的女性要么不婚不孕，要么单身生育。男人除了提供精子屁用没有",
            "time": "21-12-14 01:26"
        },
        {
            "comment id": 36,
            "parent": 39,
            "children": [],
            "user id": "6388291203",
            "user name": "唐衍淸",
            "content": "回复@H铁狼:男人不想，女人不要这不是皆大欢喜吗",
            "time": "21-12-14 00:10"
        },
        {
            "comment id": 37,
            "parent": 39,
            "children": [],
            "user id": "1804908757",
            "user name": "豺女Zz",
            "content": "回复@H铁狼:哈哈哈，真是肤浅到了匪夷所思的程度。男人不帮倒忙就不错了，指望男人帮养孩子真是做梦。国家给补助自己又有能力不但不会哭还会笑死。",
            "time": "21-12-13 23:18"
        },
        {
            "comment id": 38,
            "parent": 39,
            "children": [],
            "user id": "1991660625",
            "user name": "芝士堆炕",
            "content": "回复@H铁狼:把工资短信晒出来咱比比？",
            "time": "21-12-13 22:36"
        },
        {
            "comment id": 39,
            "parent": 45,
            "children": [
                30,
                34,
                36,
                37,
                38
            ],
            "user id": "2628270993",
            "user name": "H铁狼",
            "content": "回复@晔婉枫露诃:行不争论，争论就是你赢了",
            "time": "21-12-13 20:06"
        },
        {
            "comment id": 40,
            "parent": 44,
            "children": [],
            "user id": "2628270993",
            "user name": "H铁狼",
            "content": "回复@tomato丶ketchup:不怕，男人不想",
            "time": "21-12-13 20:05"
        },
        {
            "comment id": 41,
            "parent": 46,
            "children": [
                35
            ],
            "user id": "6776782150",
            "user name": "哇酱V",
            "content": "回复@H铁狼:女性可以选择优秀基因生个自己的孩子，比方说，北大博士毕业，身高180+，长相英俊，反正男人一发数量那么多～这样的精子，在库里价格也不贵，还有普通男性什么事？ 而你前面回复我的，恰恰证明你在重男轻女的地方，希望可以按着女性生儿子，然后当甩手掌柜的底层男性",
            "time": "21-12-13 20:02"
        },
        {
            "comment id": 42,
            "parent": 43,
            "children": [],
            "user id": "5206723774",
            "user name": "梦里亦知身是客040227",
            "content": "回复@小寻_xun:普通男干净勤快不嫖不赌都是能找到老婆的，然而他们做不到。",
            "time": "21-12-13 19:31"
        },
        {
            "comment id": 43,
            "parent": 25,
            "children": [
                26,
                42
            ],
            "user id": "1804008500",
            "user name": "小寻_xun",
            "content": "这么搞有钱人和帅的估计还好，对普通男影响很大",
            "time": "21-12-13 19:19"
        },
        {
            "comment id": 44,
            "parent": 46,
            "children": [
                40
            ],
            "user id": "5055462157",
            "user name": "tomato丶ketchup",
            "content": "回复@H铁狼:别逗了  有些男的一个能养三四个   这要真这么搞以目前中国的性别比例要出大事",
            "time": "21-12-13 18:45"
        },
        {
            "comment id": 45,
            "parent": 46,
            "children": [
                39
            ],
            "user id": "5983843586",
            "user name": "晔婉枫露诃",
            "content": "回复@H铁狼:没有男的帮忙养，有一部分女性一点都不会哭死现在多少职场女性在外努力挣钱，回家还要陪孩子哄老公。有多少人的老公是一个大baby呀？甩掉一个大baby不香么？",
            "time": "21-12-13 18:06"
        },
        {
            "comment id": 46,
            "parent": 25,
            "children": [
                41,
                44,
                45
            ],
            "user id": "2628270993",
            "user name": "H铁狼",
            "content": "怎么可能？没有男人帮忙养，她们会哭死",
            "time": "21-12-13 17:57"
        },
        {
            "comment id": 47,
            "parent": 48,
            "children": [],
            "user id": "5127212478",
            "user name": "木木想吃火锅",
            "content": "回复@清零_一切从头再来:希望男的别老了跑来要孩子养",
            "time": "21-12-13 17:29"
        },
        {
            "comment id": 48,
            "parent": 25,
            "children": [
                47
            ],
            "user id": "6975043009",
            "user name": "清零_一切从头再来",
            "content": "回复@深蓝色的梦W:有后代就行",
            "time": "21-12-13 17:23"
        },
        {
            "comment id": 49,
            "parent": -1,
            "children": [],
            "user id": "5983843586",
            "user name": "晔婉枫露诃",
            "content": "我支持，上海单身优质女很多的，又不是单身养不起孩子。难道都要为了生个孩子附带养着男的以及男的一家？只养一个孩子，这个孩子还是全部属于女生一家的，会得到女生一家最强的珍视和教育条件。难道不香么？而且还可以拯救中国的出生率，何乐而不为呀？",
            "time": "21-12-13 18:03"
        },
        {
            "comment id": 50,
            "parent": -1,
            "children": [
                51,
                53,
                54,
                61,
                62,
                66,
                70,
                73,
                74
            ],
            "user id": "6733058318",
            "user name": "爱吃的檸檬草",
            "content": "果然来这一天了。但是男人们会同意吗？",
            "time": "21-12-13 15:54"
        },
        {
            "comment id": 51,
            "parent": 50,
            "children": [],
            "user id": "5017237776",
            "user name": "MacMillan1225",
            "content": "😅😅😅😅😅😅",
            "time": "21-12-19 17:11"
        },
        {
            "comment id": 52,
            "parent": 55,
            "children": [],
            "user id": "6325105080",
            "user name": "右眼看到的世界",
            "content": "回复@般若酸菜鱼:图上明明白白写着图上明明白白写着鼓励未婚生育，实施西方模式，可不是我说的哦你能找到上海官方说了这种话的证据?找不到不就是造谣?",
            "time": "21-12-14 18:27"
        },
        {
            "comment id": 53,
            "parent": 50,
            "children": [],
            "user id": "5847676347",
            "user name": "咸某oc",
            "content": "支持",
            "time": "21-12-14 12:45"
        },
        {
            "comment id": 54,
            "parent": 50,
            "children": [],
            "user id": "5527144710",
            "user name": "一拳一个劣景南",
            "content": "笑死，提裤子跑也得找得到人愿意看你脱裤子啊兄弟",
            "time": "21-12-14 12:01"
        },
        {
            "comment id": 55,
            "parent": 58,
            "children": [
                52
            ],
            "user id": "3694688775",
            "user name": "般若酸菜鱼",
            "content": "回复@右眼看到的世界:就是鼓励这种单身生育的模式，是不是西方模式难说，只不过现在法国就这样。",
            "time": "21-12-14 10:47"
        },
        {
            "comment id": 56,
            "parent": 58,
            "children": [],
            "user id": "3694688775",
            "user name": "般若酸菜鱼",
            "content": "回复@右眼看到的世界:找不到原文就是造谣啊？政府鼓励单身生育，这就是走西方模式了啊。有什么造谣？你举报试试，看会不会成功？",
            "time": "21-12-14 10:46"
        },
        {
            "comment id": 57,
            "parent": 63,
            "children": [],
            "user id": "6733058318",
            "user name": "爱吃的檸檬草",
            "content": "回复@YYYu-k67280:最好如此了，互不打扰",
            "time": "21-12-14 10:29"
        },
        {
            "comment id": 58,
            "parent": 60,
            "children": [
                55,
                56
            ],
            "user id": "6325105080",
            "user name": "右眼看到的世界",
            "content": "回复@般若酸菜鱼:而且原文重点不是给津贴  重点是鼓励这种未婚生育和单亲妈妈“西方模式”哦",
            "time": "21-12-14 10:11"
        },
        {
            "comment id": 59,
            "parent": 60,
            "children": [],
            "user id": "6325105080",
            "user name": "右眼看到的世界",
            "content": "回复@般若酸菜鱼:原文不是谣言?我说上海单身生育不能领津贴了?既然你找不到是哪个官方发的原文那不就是谣言嘛，跟你说话真费劲啊",
            "time": "21-12-14 10:09"
        },
        {
            "comment id": 60,
            "parent": 61,
            "children": [
                58,
                59
            ],
            "user id": "3694688775",
            "user name": "般若酸菜鱼",
            "content": "回复@右眼看到的世界:你自己去搜上海市是不是单身生育可以领取津贴了。如果是这条就没错啊。我告诉你，不进上海是这样，明年全国都这样。",
            "time": "21-12-14 08:39"
        },
        {
            "comment id": 61,
            "parent": 50,
            "children": [
                60
            ],
            "user id": "6325105080",
            "user name": "右眼看到的世界",
            "content": "回复@伊贺栗令人-:嗯、祝福一下盲人  没看见原文写了西方模式吗",
            "time": "21-12-14 06:32"
        },
        {
            "comment id": 62,
            "parent": 50,
            "children": [],
            "user id": "6152346509",
            "user name": "没有战斗力的伯爵",
            "content": "同意",
            "time": "21-12-14 04:49"
        },
        {
            "comment id": 63,
            "parent": 65,
            "children": [
                57
            ],
            "user id": "7720906098",
            "user name": "YYYu-k67280",
            "content": "回复@爱吃的檸檬草:男的提裤跑为什么不愿意啊 真当男的责任感天生的",
            "time": "21-12-14 01:38"
        },
        {
            "comment id": 64,
            "parent": 67,
            "children": [],
            "user id": "7720906098",
            "user name": "YYYu-k67280",
            "content": "回复@右眼看到的世界:给你加一个",
            "time": "21-12-14 01:36"
        },
        {
            "comment id": 65,
            "parent": 66,
            "children": [
                63
            ],
            "user id": "6733058318",
            "user name": "爱吃的檸檬草",
            "content": "回复@黑暗至恶炎头大人沙福林:最好早点来。我一直都觉得男女都不适合得情况下还不如各过各的。",
            "time": "21-12-13 23:57"
        },
        {
            "comment id": 66,
            "parent": 50,
            "children": [
                65
            ],
            "user id": "5683907513",
            "user name": "黑暗至恶炎头大人沙福林",
            "content": "坐标魔都，非常同意",
            "time": "21-12-13 23:16"
        },
        {
            "comment id": 67,
            "parent": 69,
            "children": [
                64
            ],
            "user id": "6325105080",
            "user name": "右眼看到的世界",
            "content": "回复@般若酸菜鱼:那你说说那个截图是哪个官方发出来的?",
            "time": "21-12-13 21:29"
        },
        {
            "comment id": 68,
            "parent": 70,
            "children": [],
            "user id": "6733058318",
            "user name": "爱吃的檸檬草",
            "content": "回复@食盐和白砂糖:当然希望如此了，互不打扰。还要加一条法律，对子女未尽扶养教育义务的取消子女对他的赡养就完美了。",
            "time": "21-12-13 19:25"
        },
        {
            "comment id": 69,
            "parent": 72,
            "children": [
                67
            ],
            "user id": "3694688775",
            "user name": "般若酸菜鱼",
            "content": "回复@右眼看到的世界:不是造谣，这就是真实的。上海2021年就可以领取单身生育津贴了。按照国务院废除的所有规定，2021年全国范围应该都可以了。",
            "time": "21-12-13 19:21"
        },
        {
            "comment id": 70,
            "parent": 50,
            "children": [
                68
            ],
            "user id": "7464457357",
            "user name": "食盐和白砂糖",
            "content": "不用折磨我们是再好不过了谢谢拜托🙏",
            "time": "21-12-13 19:20"
        },
        {
            "comment id": 71,
            "parent": 72,
            "children": [],
            "user id": "6733058318",
            "user name": "爱吃的檸檬草",
            "content": "回复@右眼看到的世界:我是女的。我就说男的不会同意吧",
            "time": "21-12-13 18:43"
        },
        {
            "comment id": 72,
            "parent": 73,
            "children": [
                69,
                71
            ],
            "user id": "6325105080",
            "user name": "右眼看到的世界",
            "content": "回复@右眼看到的世界:指评论区两位盼着这个的男性",
            "time": "21-12-13 18:38"
        },
        {
            "comment id": 73,
            "parent": 50,
            "children": [
                72
            ],
            "user id": "6325105080",
            "user name": "右眼看到的世界",
            "content": "虽然是谣言  但是既然说是实施西方模式  那我就说说西方这方面的意思是如果女方生子但是不结婚，除非女方法庭上说自愿放弃，否则只要这个爹在国家范围内是出动警查全国抓这个爹也会把他丢法庭上付抚养费的，是全额哦，既然你们这么同意那到时候别哭着说穷啊",
            "time": "21-12-13 18:37"
        },
        {
            "comment id": 74,
            "parent": 50,
            "children": [],
            "user id": "2628270993",
            "user name": "H铁狼",
            "content": "同意谢谢🙏",
            "time": "21-12-13 17:58"
        },
        {
            "comment id": 75,
            "parent": -1,
            "children": [],
            "user id": "1262830097",
            "user name": "阜阳王鹏",
            "content": "推行“西方模式”这四字，足以证明是谣言！",
            "time": "21-12-13 16:57"
        },
        {
            "comment id": 76,
            "parent": -1,
            "children": [
                77,
                78,
                79,
                80,
                81
            ],
            "user id": "1624349774",
            "user name": "find444",
            "content": "子宫真可怜，女人真可怜。",
            "time": "21-12-13 18:09"
        },
        {
            "comment id": 77,
            "parent": 76,
            "children": [],
            "user id": "1624349774",
            "user name": "find444",
            "content": "男方抚养费跟上。",
            "time": "21-12-14 10:52"
        },
        {
            "comment id": 78,
            "parent": 76,
            "children": [],
            "user id": "2928969134",
            "user name": "不爱喝cola",
            "content": "没脑袋更可怜",
            "time": "21-12-14 08:49"
        },
        {
            "comment id": 79,
            "parent": 76,
            "children": [],
            "user id": "7720906098",
            "user name": "YYYu-k67280",
            "content": "可以绝育，可以不婚，可以丁克，方法多种多样，别限制自己",
            "time": "21-12-14 01:40"
        },
        {
            "comment id": 80,
            "parent": 76,
            "children": [],
            "user id": "6548434768",
            "user name": "叶敏201411",
            "content": "做人真。。可怜",
            "time": "21-12-13 20:41"
        },
        {
            "comment id": 81,
            "parent": 76,
            "children": [],
            "user id": "3694688775",
            "user name": "般若酸菜鱼",
            "content": "让你们单身生育怎么可怜了？你们自己做主，孩子都是你们的，不是为男人生，多好。",
            "time": "21-12-13 19:18"
        },
        {
            "comment id": 82,
            "parent": -1,
            "children": [
                83,
                84
            ],
            "user id": "7712039714",
            "user name": "姬汉旧邦之精魂",
            "content": "上海率先非洲黑人化",
            "time": "21-12-14 11:28"
        },
        {
            "comment id": 83,
            "parent": 82,
            "children": [],
            "user id": "5527144710",
            "user name": "一拳一个劣景南",
            "content": "你们男人真的好爱你哥，自己想被你哥大鸡塞就直说嘛，不要拉着女人当挡箭牌",
            "time": "21-12-14 12:03"
        },
        {
            "comment id": 84,
            "parent": 82,
            "children": [],
            "user id": "2105077132",
            "user name": "丨火锅超人丨",
            "content": "泥哥狂喜",
            "time": "21-12-14 11:45"
        },
        {
            "comment id": 85,
            "parent": -1,
            "children": [],
            "user id": "1417482720",
            "user name": "横翔捷出-sun",
            "content": "那小三是不是可以放心大胆的生小孩了呢",
            "time": "21-12-13 16:40"
        },
        {
            "comment id": 86,
            "parent": -1,
            "children": [],
            "user id": "6880766959",
            "user name": "1真是没眼看",
            "content": "如果以后男方老了会让孩子出养老费吗？",
            "time": "21-12-13 22:59"
        },
        {
            "comment id": 87,
            "parent": -1,
            "children": [],
            "user id": "1506857463",
            "user name": "追涨杀跌两不误",
            "content": "多年前我是想不结婚生孩子，但是不能上户口而且还要交罚款，所以就没这样做现在老了也不想生了。",
            "time": "21-12-13 22:53"
        },
        {
            "comment id": 88,
            "parent": -1,
            "children": [],
            "user id": "2095850294",
            "user name": "F_bananea",
            "content": "和西方国家一样。。。。这句话看着就不对劲",
            "time": "21-12-13 22:42"
        },
        {
            "comment id": 89,
            "parent": -1,
            "children": [],
            "user id": "5863687412",
            "user name": "灬郭佳佳",
            "content": "支持女方怀孕男方跑  真有人觉得这能提高生育率？？？",
            "time": "21-12-13 22:38"
        },
        {
            "comment id": 90,
            "parent": -1,
            "children": [],
            "user id": "1797357882",
            "user name": "Josselin",
            "content": "不信谣不传谣",
            "time": "21-12-13 21:36"
        },
        {
            "comment id": 91,
            "parent": -1,
            "children": [],
            "user id": "7437339133",
            "user name": "奥运村民0315",
            "content": "难以想象这种情况有可能会在上海/中国发生//@阜阳王鹏:推行“西方模式”这四字，足以证明是谣言！",
            "time": "21-12-13 20:32"
        },
        {
            "comment id": 92,
            "parent": -1,
            "children": [],
            "user id": "3026936265",
            "user name": "糖炒哈栗子",
            "content": "怎么感觉给男人多了个离婚的借口",
            "time": "21-12-13 20:32"
        },
        {
            "comment id": 93,
            "parent": -1,
            "children": [],
            "user id": "7059785939",
            "user name": "请按回车键撤回",
            "content": "越是乱搞人口下降越厉害",
            "time": "21-12-13 20:12"
        },
        {
            "comment id": 94,
            "parent": -1,
            "children": [],
            "user id": "6984487350",
            "user name": "辟谣才明白",
            "content": "假的 没这回事",
            "time": "21-12-13 20:05"
        },
        {
            "comment id": 95,
            "parent": -1,
            "children": [],
            "user id": "2129725561",
            "user name": "淼淼的田地",
            "content": "这样不是很好吗",
            "time": "21-12-13 19:25"
        },
        {
            "comment id": 96,
            "parent": -1,
            "children": [],
            "user id": "1040267793",
            "user name": "一壶醉千秋",
            "content": "单亲妈妈不要上班的吗？",
            "time": "21-12-13 19:11"
        },
        {
            "comment id": 97,
            "parent": -1,
            "children": [],
            "user id": "3277974774",
            "user name": "只有童话能让我睡着",
            "content": "我就替孩子问一句，是不是不用赡养生物上学父亲",
            "time": "21-12-13 18:58"
        },
        {
            "comment id": 98,
            "parent": -1,
            "children": [],
            "user id": "7500386177",
            "user name": "鹿想去兔子岛",
            "content": "男人要免费保姆，可以随便发脾气的那种，所以不可能。",
            "time": "21-12-13 18:57"
        },
        {
            "comment id": 99,
            "parent": -1,
            "children": [],
            "user id": "2367315503",
            "user name": "-键盘侠",
            "content": "博主是➗生？",
            "time": "21-12-13 18:52"
        },
        {
            "comment id": 100,
            "parent": -1,
            "children": [],
            "user id": "2935124343",
            "user name": "东方壹谭",
            "content": "真是这样的话，就有是一次病急乱投医的乱作为了。",
            "time": "21-12-13 18:08"
        },
        {
            "comment id": 101,
            "parent": -1,
            "children": [],
            "user id": "6901492446",
            "user name": "药丸加糖衣",
            "content": "这说法是有大病吧，可以发福利，也不能说鼓励非婚生吧",
            "time": "21-12-13 17:20"
        },
        {
            "comment id": 102,
            "parent": -1,
            "children": [],
            "user id": "5053858508",
            "user name": "穿越星空唯寻你",
            "content": "好事呀！",
            "time": "21-12-13 17:04"
        },
        {
            "comment id": 103,
            "parent": -1,
            "children": [],
            "user id": "1883763681",
            "user name": "大猫Shell",
            "content": "单亲爸爸就不需要了？",
            "time": "21-12-13 15:30"
        },
        {
            "comment id": 104,
            "parent": -1,
            "children": [],
            "user id": "5646682870",
            "user name": "起风了--Y",
            "content": "消息来源呢？",
            "time": "21-12-13 15:08"
        },
        {
            "comment id": 105,
            "parent": -1,
            "children": [],
            "user id": "5143338989",
            "user name": "喵丸茶馆",
            "content": "假的啊",
            "time": "21-12-13 14:03"
        },
        {
            "comment id": 106,
            "parent": -1,
            "children": [],
            "user id": "5596162480",
            "user name": "飞翔的河南人1985",
            "content": "假的厉害",
            "time": "21-12-13 13:43"
        },
        {
            "comment id": 107,
            "parent": -1,
            "children": [],
            "user id": "5210325521",
            "user name": "很安静怕被打",
            "content": "大概率假的历史惯性终究会把这些拉回传统轨道",
            "time": "21-12-13 13:42"
        },
        {
            "comment id": 108,
            "parent": -1,
            "children": [],
            "user id": "6373254094",
            "user name": "论状态我更多",
            "content": "这也太哈人了",
            "time": "21-12-13 10:56"
        },
        {
            "comment id": 109,
            "parent": -1,
            "children": [],
            "user id": "1370766940",
            "user name": "芥末狼",
            "content": "？？",
            "time": "21-12-13 10:37"
        },
        {
            "comment id": 110,
            "parent": -1,
            "children": [],
            "user id": "6834234353",
            "user name": "明教教主猫尊",
            "content": "支持女性单身生育，淘汰劣精🙏",
            "time": "21-12-13 18:25"
        },
        {
            "comment id": 111,
            "parent": -1,
            "children": [],
            "user id": "2100208081",
            "user name": "拉风张大萌",
            "content": "这一看就是扯淡的",
            "time": "21-12-14 16:25"
        },
        {
            "comment id": 112,
            "parent": -1,
            "children": [],
            "user id": "2401379031",
            "user name": "小型龙虾",
            "content": "目前转发78 到五百我就点举报",
            "time": "21-12-14 14:29"
        },
        {
            "comment id": 113,
            "parent": -1,
            "children": [
                114
            ],
            "user id": "7518835399",
            "user name": "喜欢坐副驾驶的狗",
            "content": "真该给离异带孩子的一方给点津贴",
            "time": "21-12-13 17:09"
        },
        {
            "comment id": 114,
            "parent": 113,
            "children": [
                115
            ],
            "user id": "2628270993",
            "user name": "H铁狼",
            "content": "额，那么没有离异的不是觉得亏？",
            "time": "21-12-13 17:59"
        },
        {
            "comment id": 115,
            "parent": 114,
            "children": [],
            "user id": "7518835399",
            "user name": "喜欢坐副驾驶的狗",
            "content": "回复@H铁狼:个人独立带小孩子的",
            "time": "21-12-13 18:57"
        },
        {
            "comment id": 116,
            "parent": -1,
            "children": [],
            "user id": "5026756254",
            "user name": "ZZZYY866",
            "content": "这是在鼓励小三么？",
            "time": "21-12-14 11:35"
        },
        {
            "comment id": 117,
            "parent": -1,
            "children": [],
            "user id": "7715622992",
            "user name": "JJJ小胖幸運",
            "content": "北京什么时候开始执行啊",
            "time": "21-12-13 21:31"
        },
        {
            "comment id": 118,
            "parent": -1,
            "children": [],
            "user id": "7434858515",
            "user name": "fortheirlove",
            "content": "找个基因优秀又爱你的男人比较困难，但是花钱买个基因优秀的精子还是相对容易的，谁不想自己生的孩子又聪明又漂亮啊。生孩子养孩子都不容易，就像一个费尽一生心血的作品，有的可以进博物馆，有的满大街十块钱一个还被人挑挑拣拣，你说怎样的付出更有价值呢？",
            "time": "21-12-13 19:52"
        },
        {
            "comment id": 119,
            "parent": -1,
            "children": [],
            "user id": "3694688775",
            "user name": "般若酸菜鱼",
            "content": "说这个不实的，大家可以去搜索一下。其实2021年上海就可以单身生育领取生育津贴了，不是20220年。也就是说现在已经可以了。",
            "time": "21-12-13 19:17"
        },
        {
            "comment id": 120,
            "parent": -1,
            "children": [],
            "user id": "5510194754",
            "user name": "风清扬云漫飞",
            "content": "道德沦丧",
            "time": "21-12-13 17:52"
        },
        {
            "comment id": 121,
            "parent": -1,
            "children": [],
            "user id": "1902680512",
            "user name": "义薄云天9595",
            "content": "屁",
            "time": "21-12-13 17:43"
        },
        {
            "comment id": 122,
            "parent": -1,
            "children": [],
            "user id": "1902680512",
            "user name": "义薄云天9595",
            "content": "是真的🙏🙏🙏",
            "time": "21-12-13 17:41"
        },
        {
            "comment id": 123,
            "parent": -1,
            "children": [],
            "user id": "1802278893",
            "user name": "huolovetz",
            "content": "这都信！",
            "time": "21-12-13 16:55"
        },
        {
            "comment id": 124,
            "parent": -1,
            "children": [],
            "user id": "1647635515",
            "user name": "小麻雀1495",
            "content": "真这样以后近亲的概率就高了去了",
            "time": "21-12-13 14:27"
        },
        {
            "comment id": 125,
            "parent": -1,
            "children": [],
            "user id": "1496960610",
            "user name": "北京一元",
            "content": "这个出处是哪里？",
            "time": "21-12-14 18:31"
        },
        {
            "comment id": 126,
            "parent": -1,
            "children": [],
            "user id": "7450057779",
            "user name": "mikoo小雏姐姐",
            "content": "国外 单亲妈妈补贴的可是每个月2500澳币等于人民币一万多 加奶粉尿不湿 托管班还报销的",
            "time": "21-12-14 18:28"
        },
        {
            "comment id": 127,
            "parent": -1,
            "children": [],
            "user id": "5181040326",
            "user name": "宁啊么狗蛋儿",
            "content": "@--TzT-- @Gahrenheit",
            "time": "21-12-14 18:27"
        },
        {
            "comment id": 128,
            "parent": -1,
            "children": [],
            "user id": "1496960610",
            "user name": "北京一元",
            "content": "啥时候的事啊。",
            "time": "21-12-14 18:12"
        },
        {
            "comment id": 129,
            "parent": -1,
            "children": [],
            "user id": "1735887170",
            "user name": "珊瑚_",
            "content": "上海的女朋友们~~~~",
            "time": "21-12-14 15:13"
        },
        {
            "comment id": 130,
            "parent": -1,
            "children": [],
            "user id": "2168482011",
            "user name": "Chen_Yujeu",
            "content": "学术不规范到这个程度？",
            "time": "21-12-14 00:56"
        },
        {
            "comment id": 131,
            "parent": -1,
            "children": [],
            "user id": "3210224401",
            "user name": "Ten蹲墙角",
            "content": "这是哪个男人yy出来的",
            "time": "21-12-13 22:37"
        }
    ]
}