{
    "source": {
        "content": "#税收#【著名专家建议“每人每月收呼吸费20元”，大家觉得会不会少了点？】不知道这条建议的目的是什么，或许是为了什么全球温室气体排放之类，涉及全人类永续发展之类的高大上的崇高目标。\n但老百姓可能会不大理解，这类收费在民间有种叫法“人头税”，至于对与不对，咱不太懂法，也搞不太清楚。\n\n一项涉及全民的收费，总得要将其目的，意义讲清楚。必要性，可行性也要弄明白。总不会说你是专家，你就说的都对吧。\n\n这类建议能提出，只能说明有个别专家生活在真空中，偶尔灵机一动，冒出一个想法，就当作建议提了出来。\n\n这是对专家建议权的一种伤害。一种建议的提出，至少应经过调查，论证。而不是这种想当然的随口一说。#环境保护# #环保#",
        "time": "21-12-15 11:13",
        "user id": "5510544196",
        "tweet id": "L68uTEWpk",
        "label": 1,
        "theme": null
    },
    "comment": [
        {
            "comment id": 0,
            "parent": -1,
            "children": [
                2,
                3
            ],
            "user id": "5103191847",
            "user name": "徒法无以自行",
            "content": "我经常放屁，是不是要问我收排污费",
            "time": "21-12-15 11:16"
        },
        {
            "comment id": 1,
            "parent": 2,
            "children": [],
            "user id": "5103191847",
            "user name": "徒法无以自行",
            "content": "回复@财说话:我错了，我检讨",
            "time": "21-12-15 16:43"
        },
        {
            "comment id": 2,
            "parent": 0,
            "children": [
                1
            ],
            "user id": "6506232377",
            "user name": "财说话",
            "content": "尽出馊主意，下次有专家提出这个税，大家就找你算账",
            "time": "21-12-15 16:27"
        },
        {
            "comment id": 3,
            "parent": 0,
            "children": [],
            "user id": "7508610505",
            "user name": "虎踞房产",
            "content": "要不得，你会提醒砖家的。",
            "time": "21-12-15 11:24"
        },
        {
            "comment id": 4,
            "parent": -1,
            "children": [
                5
            ],
            "user id": "5573643884",
            "user name": "CPeleven",
            "content": "让他先把税带头补交了，从他生下来开始算",
            "time": "21-12-15 11:15"
        },
        {
            "comment id": 5,
            "parent": 4,
            "children": [],
            "user id": "5825627670",
            "user name": "一船旧梦坠星河",
            "content": "人家有钱，他给的出你愿意给么",
            "time": "21-12-15 13:49"
        },
        {
            "comment id": 6,
            "parent": -1,
            "children": [],
            "user id": "5822570862",
            "user name": "墨說財經",
            "content": "想不到真有专家提出”呼吸税“，就是不知道每个月20块够不够",
            "time": "21-12-15 11:20"
        },
        {
            "comment id": 7,
            "parent": -1,
            "children": [],
            "user id": "1478585734",
            "user name": "Happysky1100",
            "content": "这种老贼。怎么还没去报道",
            "time": "21-12-15 11:22"
        },
        {
            "comment id": 8,
            "parent": -1,
            "children": [],
            "user id": "6199946444",
            "user name": "老子就是超级浪",
            "content": "建议按次收费，都他妈躺下得了",
            "time": "21-12-15 11:49"
        },
        {
            "comment id": 9,
            "parent": -1,
            "children": [],
            "user id": "2022243841",
            "user name": "风雨寻欢",
            "content": "想着自己很快就不用交了，才想出来的主意？",
            "time": "21-12-15 11:22"
        },
        {
            "comment id": 10,
            "parent": -1,
            "children": [],
            "user id": "1402859635",
            "user name": "好医生好大夫2014",
            "content": "病的不轻",
            "time": "21-12-15 11:16"
        },
        {
            "comment id": 11,
            "parent": -1,
            "children": [],
            "user id": "7415089574",
            "user name": "truonglam1",
            "content": "我要买断这个砖家的呼吸！",
            "time": "21-12-15 12:11"
        },
        {
            "comment id": 12,
            "parent": -1,
            "children": [],
            "user id": "1658638113",
            "user name": "fakepoets",
            "content": "让这个王肛亲自上门收取，完不成任务罚他款",
            "time": "21-12-15 11:37"
        },
        {
            "comment id": 13,
            "parent": -1,
            "children": [],
            "user id": "1837698480",
            "user name": "夜阑卧听风吹雨0564",
            "content": "挨砖的砖家",
            "time": "21-12-15 11:17"
        },
        {
            "comment id": 14,
            "parent": -1,
            "children": [],
            "user id": "2065265384",
            "user name": "夜来愁肠待酒舒",
            "content": "按照这老科学家的说法，打算呼吸就得用钱买。",
            "time": "21-12-15 11:16"
        },
        {
            "comment id": 15,
            "parent": -1,
            "children": [],
            "user id": "1987390937",
            "user name": "CiciQ-Q",
            "content": "以前农村的就要交人头税，按照人头分地交口粮钱",
            "time": "21-12-15 11:18"
        },
        {
            "comment id": 16,
            "parent": -1,
            "children": [],
            "user id": "3191843407",
            "user name": "根本停不下來·D",
            "content": "我可以降低呼吸频率",
            "time": "21-12-15 18:50"
        },
        {
            "comment id": 17,
            "parent": -1,
            "children": [],
            "user id": "6400415117",
            "user name": "我的昵称是何叔",
            "content": "2008年，这是翻旧账啊",
            "time": "21-12-15 18:45"
        },
        {
            "comment id": 18,
            "parent": -1,
            "children": [],
            "user id": "5893615893",
            "user name": "SXJS123",
            "content": "砖家",
            "time": "21-12-15 15:01"
        },
        {
            "comment id": 19,
            "parent": -1,
            "children": [],
            "user id": "7222516106",
            "user name": "当神话也触手可及",
            "content": "2008的？这个人早就死了吧",
            "time": "21-12-15 14:24"
        },
        {
            "comment id": 20,
            "parent": -1,
            "children": [],
            "user id": "5996392487",
            "user name": "赤山南",
            "content": "不多，应该每月20000块。",
            "time": "21-12-15 14:16"
        },
        {
            "comment id": 21,
            "parent": -1,
            "children": [],
            "user id": "6646727715",
            "user name": "强哥38746",
            "content": "难道空气也要收钱了",
            "time": "21-12-15 14:00"
        },
        {
            "comment id": 22,
            "parent": -1,
            "children": [],
            "user id": "1922010322",
            "user name": "大言无畏恒强瓷玉69",
            "content": "砖家。",
            "time": "21-12-15 13:47"
        },
        {
            "comment id": 23,
            "parent": -1,
            "children": [],
            "user id": "6560181243",
            "user name": "发表不重要讲话",
            "content": "五千年来，前所未闻",
            "time": "21-12-15 11:42"
        },
        {
            "comment id": 24,
            "parent": -1,
            "children": [],
            "user id": "1658638113",
            "user name": "fakepoets",
            "content": "不愧是蔣家人儿",
            "time": "21-12-15 11:38"
        },
        {
            "comment id": 25,
            "parent": -1,
            "children": [],
            "user id": "5550049604",
            "user name": "走失的猫123",
            "content": "蒋有绪教授睡在医院ICU上吸氧不止20吧？",
            "time": "21-12-15 11:31"
        },
        {
            "comment id": 26,
            "parent": -1,
            "children": [],
            "user id": "1943221257",
            "user name": "清远宽宽",
            "content": "要不是空气免费我就活不到现在",
            "time": "21-12-15 11:30"
        },
        {
            "comment id": 27,
            "parent": -1,
            "children": [],
            "user id": "2709690370",
            "user name": "沣照付",
            "content": "他自己包括全家交了吗？",
            "time": "21-12-15 11:21"
        },
        {
            "comment id": 28,
            "parent": -1,
            "children": [],
            "user id": "7303304138",
            "user name": "一步一步199104",
            "content": "高级黑",
            "time": "21-12-15 11:19"
        },
        {
            "comment id": 29,
            "parent": -1,
            "children": [],
            "user id": "6265506497",
            "user name": "笨奔",
            "content": "他可以自己交呀，每月交2万",
            "time": "21-12-15 11:19"
        },
        {
            "comment id": 30,
            "parent": -1,
            "children": [],
            "user id": "1618993943",
            "user name": "RFLovely",
            "content": "那说话也要收税好了，专家说那么多话，多收他点",
            "time": "21-12-15 12:08"
        },
        {
            "comment id": 31,
            "parent": -1,
            "children": [],
            "user id": "3300026957",
            "user name": "倪得柏",
            "content": "福利就没有，收费随处见！",
            "time": "21-12-15 11:28"
        },
        {
            "comment id": 32,
            "parent": -1,
            "children": [],
            "user id": "5984252882",
            "user name": "小笨蛋绝不放弃学习",
            "content": "他是不是得先把这几十年来的的“呼吸税”补交一下先",
            "time": "21-12-15 12:47"
        },
        {
            "comment id": 33,
            "parent": -1,
            "children": [],
            "user id": "2936612597",
            "user name": "韩歌是鲁青秦川",
            "content": "无耻之徒",
            "time": "21-12-15 11:24"
        },
        {
            "comment id": 34,
            "parent": -1,
            "children": [],
            "user id": "5471816521",
            "user name": "张朴22364",
            "content": "那不收放屁费啊，也得收生存费呀！也得收排便费呀！",
            "time": "21-12-15 11:22"
        }
    ]
}