{
    "source": {
        "content": "#证据##真相# 又现城管打人，据说被打者是大学生，已到另外世界。现仁寿融媒对该事件辟谣。只是打人视频是真实的，打人者是谁，被打者又是谁？周围百姓怎么会呐喊：城管打人啦！@中国政府网 @法制在线热播 @CCTV今日说法 @新京报 @半月谈  ",
        "time": "21-12-15 22:09",
        "user id": "1057479665",
        "tweet id": "L6cNdbrfF",
        "label": 1,
        "theme": null
    },
    "comment": [
        {
            "comment id": 0,
            "parent": -1,
            "children": [
                1,
                2
            ],
            "user id": "2722435005",
            "user name": "天不欺人",
            "content": "博主，真的假的？",
            "time": "21-12-16 20:54"
        },
        {
            "comment id": 1,
            "parent": 0,
            "children": [],
            "user id": "1057479665",
            "user name": "忧郁的大树",
            "content": "仁寿县城南市场发生的真实事件，今天我还去核实过，打人是真的，孩子生死未卜",
            "time": "21-12-16 21:15"
        },
        {
            "comment id": 2,
            "parent": 0,
            "children": [],
            "user id": "2722435005",
            "user name": "天不欺人",
            "content": "回复@忧郁的大树:红星新闻的人说，问了警方，说是假的",
            "time": "21-12-16 21:08"
        },
        {
            "comment id": 3,
            "parent": -1,
            "children": [
                4
            ],
            "user id": "1057479665",
            "user name": "忧郁的大树",
            "content": "该事件于2021年12月3日发生在仁寿县城南市场三小巷子。城管用手机暴打孩子的头部。真不知道现仁寿县政府怎么啦，法庭上在2021川1402行赔初36-40号为减损百姓权益，不惜拿出违反党纪国法的工作笔记甚至炮制证据，法庭下用拳头来维持市场秩序@中国政府网 @眉山政法 @法治四川 @中国长安网",
            "time": "21-12-16 11:10"
        },
        {
            "comment id": 4,
            "parent": 3,
            "children": [],
            "user id": "6263560640",
            "user name": "愚翁257",
            "content": "图片评论 查看图片",
            "time": "21-12-17 10:03"
        },
        {
            "comment id": 5,
            "parent": -1,
            "children": [],
            "user id": "6443519825",
            "user name": "风清杨08256",
            "content": "怎么没有人处理呢",
            "time": "21-12-16 19:38"
        },
        {
            "comment id": 6,
            "parent": -1,
            "children": [],
            "user id": "1057479665",
            "user name": "忧郁的大树",
            "content": "#证据# #真相# 本来有城管打人视频，发了两次均未审核通过……视频中是弱小的孩子被殴打在地，是城管不断挥动的拳头和周围人义愤填膺的呐喊。",
            "time": "21-12-16 17:11"
        },
        {
            "comment id": 7,
            "parent": -1,
            "children": [
                8
            ],
            "user id": "1057479665",
            "user name": "忧郁的大树",
            "content": "回复@-Kylan_Lenic- 的表态:谢谢关注",
            "time": "21-12-17 08:14"
        },
        {
            "comment id": 8,
            "parent": 7,
            "children": [],
            "user id": "6555154569",
            "user name": "阿卡斯啊哈",
            "content": "希望孩子一切安好🙏",
            "time": "21-12-18 13:31"
        },
        {
            "comment id": 9,
            "parent": -1,
            "children": [],
            "user id": "6263560640",
            "user name": "愚翁257",
            "content": "图片评论 ",
            "time": "21-12-17 10:01"
        },
        {
            "comment id": 10,
            "parent": -1,
            "children": [
                12,
                13
            ],
            "user id": "2434887265",
            "user name": "还真的可以",
            "content": "仁寿融媒体都辟谣了，还在发个什么劲，删了吧。网页链接",
            "time": "21-12-16 23:14"
        },
        {
            "comment id": 11,
            "parent": 13,
            "children": [],
            "user id": "7511551929",
            "user name": "張ZHANGLUBING",
            "content": "回复@忧郁的大树:我看看视频",
            "time": "21-12-18 21:39"
        },
        {
            "comment id": 12,
            "parent": 10,
            "children": [],
            "user id": "6555154569",
            "user name": "阿卡斯啊哈",
            "content": "不管打没打死，打就不对，只要没打死就可以打吗？",
            "time": "21-12-18 13:30"
        },
        {
            "comment id": 13,
            "parent": 10,
            "children": [
                11
            ],
            "user id": "1057479665",
            "user name": "忧郁的大树",
            "content": "我真的希望是谣言，被打者还活着。但打人的视频却是真实的。私信发给你看看",
            "time": "21-12-16 23:29"
        },
        {
            "comment id": 14,
            "parent": -1,
            "children": [],
            "user id": "5878659096",
            "user name": "超话社区",
            "content": "你好，你感兴趣的“证据”已开通了超话社区～ 超话社区是微博旗下兴趣互动社区，快来与志同道合的小伙伴们一起交流互动吧！ 戳我进入>> 证据超话",
            "time": "21-12-16 08:20"
        },
        {
            "comment id": 15,
            "parent": -1,
            "children": [],
            "user id": "7682117630",
            "user name": "晴天476362001",
            "content": "真他妈的畜生不如",
            "time": "21-12-16 22:05"
        },
        {
            "comment id": 16,
            "parent": -1,
            "children": [],
            "user id": "6333491183",
            "user name": "我猜你叫杠上开花",
            "content": "活着怎的就这么难",
            "time": "21-12-16 22:28"
        },
        {
            "comment id": 17,
            "parent": -1,
            "children": [],
            "user id": "5870014133",
            "user name": "清沐kopa",
            "content": "和谐社会，发这个不想要命了？",
            "time": "21-12-17 08:37"
        },
        {
            "comment id": 18,
            "parent": -1,
            "children": [],
            "user id": "5831379056",
            "user name": "且行且珍惜20120217",
            "content": "突尼斯发生过什么，旁观的中国人果然很窝囊",
            "time": "21-12-17 06:07"
        },
        {
            "comment id": 19,
            "parent": -1,
            "children": [],
            "user id": "6805707416",
            "user name": "博尔济吉特·阿尔斯兰彻辰汗",
            "content": "贱民的性命跟草芥一般，数千年来都是如此！",
            "time": "21-12-16 23:30"
        },
        {
            "comment id": 20,
            "parent": -1,
            "children": [],
            "user id": "2122287157",
            "user name": "上海老压缩",
            "content": "和谐社会🙏",
            "time": "21-12-16 20:41"
        },
        {
            "comment id": 21,
            "parent": -1,
            "children": [],
            "user id": "7682460190",
            "user name": "你哦他哦她哦我哦它哦什么都哦",
            "content": "辟谣了，无人受伤致死",
            "time": "21-12-17 20:36"
        },
        {
            "comment id": 22,
            "parent": -1,
            "children": [],
            "user id": "5249352059",
            "user name": "史前巨兎",
            "content": "被打还手赔钱坐牢，不还手被打死打伤，那咋办嘛，只有润了呀",
            "time": "21-12-17 12:39"
        },
        {
            "comment id": 23,
            "parent": -1,
            "children": [],
            "user id": "1653089781",
            "user name": "良可也也",
            "content": "让子弹飞一会",
            "time": "21-12-17 00:09"
        },
        {
            "comment id": 24,
            "parent": -1,
            "children": [],
            "user id": "3199339874",
            "user name": "花予风",
            "content": "敢说要是外国人，城管巴不得跪下",
            "time": "21-12-16 22:54"
        },
        {
            "comment id": 25,
            "parent": -1,
            "children": [],
            "user id": "1774723921",
            "user name": "爱莉香菜菜",
            "content": "好可怕啊",
            "time": "21-12-16 22:36"
        },
        {
            "comment id": 26,
            "parent": -1,
            "children": [],
            "user id": "7668857205",
            "user name": "可可的水果糖",
            "content": "无法无天了@思想火炬 @钧正平 @何新老家伙 @赵铮同志2 @孔庆东",
            "time": "21-12-16 22:15"
        }
    ]
}