{
    "source": {
        "content": "#西安出血热#啊我今天还买了一盒死贵活贵，30一斤我还没洗就吃了四个我会不会死呀！现在还剩了这么多！这还是长安区的大棚草莓\n\n新冠还没没躲过去呢，出血热又来了！招招要人命呢？有没有官方出来辟谣一下#西安疫情#  ",
        "time": "21-12-18 21:33",
        "user id": "5398686723",
        "tweet id": "L6EQ7tHRR",
        "label": 1,
        "theme": null
    },
    "comment": [
        {
            "comment id": 0,
            "parent": -1,
            "children": [
                1,
                4,
                5,
                6,
                7,
                8,
                9,
                13,
                14,
                15,
                16,
                17,
                18,
                19,
                20,
                21
            ],
            "user id": "1777128507",
            "user name": "M00NO",
            "content": "我昨天吃了一盒，还专门写的长安奶油草莓，这会正在微博搜潜伏期多久，啥症状，突然感觉活着好难",
            "time": "21-12-18 21:40"
        },
        {
            "comment id": 1,
            "parent": 0,
            "children": [],
            "user id": "1777128507",
            "user name": "M00NO",
            "content": "回复@荒野零星:好的，谢谢，暂时一切ok",
            "time": "21-12-19 15:42"
        },
        {
            "comment id": 2,
            "parent": 7,
            "children": [],
            "user id": "1777128507",
            "user name": "M00NO",
            "content": "回复@烟笼寒水月陇西:好的谢谢，暂时一切都好",
            "time": "21-12-19 15:41"
        },
        {
            "comment id": 3,
            "parent": 11,
            "children": [],
            "user id": "1974101272",
            "user name": "vivikids",
            "content": "回复@香蕉不娜啦:韦曲街道那边",
            "time": "21-12-19 07:32"
        },
        {
            "comment id": 4,
            "parent": 0,
            "children": [],
            "user id": "7347790413",
            "user name": "两瓶兔2005",
            "content": "回复 @宇宙少女青椒吖-:什么上热搜了？",
            "time": "21-12-19 00:50"
        },
        {
            "comment id": 5,
            "parent": 0,
            "children": [],
            "user id": "7347790413",
            "user name": "两瓶兔2005",
            "content": "回复 @vivikids:出血热西安地区年年都有，年年都会宣传打疫苗。今年确实比往年多一点。",
            "time": "21-12-19 00:12"
        },
        {
            "comment id": 6,
            "parent": 0,
            "children": [],
            "user id": "7347790413",
            "user name": "两瓶兔2005",
            "content": "回复 @_鄭惟之_:不高，千分之六左右",
            "time": "21-12-19 00:11"
        },
        {
            "comment id": 7,
            "parent": 0,
            "children": [
                2
            ],
            "user id": "6600956847",
            "user name": "烟笼寒水月陇西",
            "content": "有任何不舒服一定要去医院",
            "time": "21-12-19 00:06"
        },
        {
            "comment id": 8,
            "parent": 0,
            "children": [],
            "user id": "6600956847",
            "user name": "烟笼寒水月陇西",
            "content": "姐妹先去医院挂个号，问问医生预防措施还有症状之类的",
            "time": "21-12-19 00:06"
        },
        {
            "comment id": 9,
            "parent": 0,
            "children": [],
            "user id": "6344565835",
            "user name": "Arvil_",
            "content": "祝你平安🙏",
            "time": "21-12-19 00:04"
        },
        {
            "comment id": 10,
            "parent": 12,
            "children": [],
            "user id": "2572742301",
            "user name": "夏末末0807",
            "content": "回复@M00NO:嗯嗯",
            "time": "21-12-19 00:03"
        },
        {
            "comment id": 11,
            "parent": 17,
            "children": [
                3
            ],
            "user id": "7307559585",
            "user name": "香蕉不娜啦",
            "content": "回复@vivikids:请问在哪预约啊，有公告地址指路吗",
            "time": "21-12-18 23:42"
        },
        {
            "comment id": 12,
            "parent": 14,
            "children": [
                10
            ],
            "user id": "1777128507",
            "user name": "M00NO",
            "content": "回复@夏末末0807:没事，别自己吓自己，该咋咋地，最近以后不吃了还不行",
            "time": "21-12-18 23:37"
        },
        {
            "comment id": 13,
            "parent": 0,
            "children": [],
            "user id": "1777128507",
            "user name": "M00NO",
            "content": "回复@宇宙少女青椒吖-:不舒服了还是就医吧，起码知道哪个方向，也好对症，这病主要怕耽误，剩下的就别自己吓自己了，该吃吃该喝喝该睡睡",
            "time": "21-12-18 23:28"
        },
        {
            "comment id": 14,
            "parent": 0,
            "children": [
                12
            ],
            "user id": "2572742301",
            "user name": "夏末末0807",
            "content": "昨天前天都吃了",
            "time": "21-12-18 23:28"
        },
        {
            "comment id": 15,
            "parent": 0,
            "children": [],
            "user id": "5030302458",
            "user name": "_鄭惟之_",
            "content": "有不舒服赶紧去医院 这个病致死率高",
            "time": "21-12-18 23:25"
        },
        {
            "comment id": 16,
            "parent": 0,
            "children": [],
            "user id": "6304460513",
            "user name": "auyolo",
            "content": "回复@宇宙少女青椒吖-:我也没洗就吃了",
            "time": "21-12-18 22:56"
        },
        {
            "comment id": 17,
            "parent": 0,
            "children": [
                11
            ],
            "user id": "1974101272",
            "user name": "vivikids",
            "content": "回复@宇宙少女青椒吖-:应该是真的，看到长安区政府今天发的打出血热疫苗的通知了",
            "time": "21-12-18 22:50"
        },
        {
            "comment id": 18,
            "parent": 0,
            "children": [],
            "user id": "1767479030",
            "user name": "你的爱就是奖励吧",
            "content": "回复@宇宙少女青椒吖-:我也是今天没洗吃了一个  肚子疼",
            "time": "21-12-18 22:27"
        },
        {
            "comment id": 19,
            "parent": 0,
            "children": [],
            "user id": "5398686723",
            "user name": "想要瘦十斤A",
            "content": "回复@面似少年:但是这消息准确吗。就想等官方辟谣",
            "time": "21-12-18 21:49"
        },
        {
            "comment id": 20,
            "parent": 0,
            "children": [],
            "user id": "1784494134",
            "user name": "小狮子-Shaw",
            "content": "搜完麻烦告诉我",
            "time": "21-12-18 21:43"
        },
        {
            "comment id": 21,
            "parent": 0,
            "children": [],
            "user id": "5398686723",
            "user name": "想要瘦十斤A",
            "content": "我也是，主要还是我朋友给我发的！我还不知道，我还没洗就吃了四个，我现在觉得我浑身不舒服了，",
            "time": "21-12-18 21:41"
        },
        {
            "comment id": 22,
            "parent": -1,
            "children": [
                23,
                24,
                25,
                26
            ],
            "user id": "5325030617",
            "user name": "燕山菌",
            "content": "不信谣不传谣",
            "time": "21-12-18 21:43"
        },
        {
            "comment id": 23,
            "parent": 22,
            "children": [],
            "user id": "1561669144",
            "user name": "树上长了棉花糖",
            "content": "不是谣言哦  每年十月开始关中地区就进入出血热的高发期",
            "time": "21-12-18 23:57"
        },
        {
            "comment id": 24,
            "parent": 22,
            "children": [],
            "user id": "6046121298",
            "user name": "努力学习的刘早早",
            "content": "还是注意安全吧，我认识医院的朋友说长安这边的医院已经住不下了，都转到她们医院，病床都住满了。",
            "time": "21-12-18 23:19"
        },
        {
            "comment id": 25,
            "parent": 22,
            "children": [],
            "user id": "5325030617",
            "user name": "燕山菌",
            "content": "回复@宇宙少女青椒吖-:现在就疫情严重 这个出血热你没发现找不到源头吗 都是一个聊天截图加道听途说  等官宣吧  注意防控 注意安全",
            "time": "21-12-18 22:25"
        },
        {
            "comment id": 26,
            "parent": 22,
            "children": [],
            "user id": "5398686723",
            "user name": "想要瘦十斤A",
            "content": "可是把人搞得好怕呀，",
            "time": "21-12-18 22:01"
        },
        {
            "comment id": 27,
            "parent": -1,
            "children": [
                28,
                29,
                30,
                31
            ],
            "user id": "3293141784",
            "user name": "2hu腾灰会飞",
            "content": "舍不得扔，又不敢吃，我目前也是这个状态",
            "time": "21-12-18 21:37"
        },
        {
            "comment id": 28,
            "parent": 27,
            "children": [],
            "user id": "5685642832",
            "user name": "钰焮",
            "content": "扔",
            "time": "21-12-18 23:36"
        },
        {
            "comment id": 29,
            "parent": 27,
            "children": [],
            "user id": "7045383172",
            "user name": "萧萧笑宵小",
            "content": "开火架锅烧成酱（我随便说的嗷别信）",
            "time": "21-12-18 23:02"
        },
        {
            "comment id": 30,
            "parent": 27,
            "children": [],
            "user id": "3293141784",
            "user name": "2hu腾灰会飞",
            "content": "回复@宇宙少女青椒吖-:还是扔了吧，小命重要",
            "time": "21-12-18 21:41"
        },
        {
            "comment id": 31,
            "parent": 27,
            "children": [],
            "user id": "5398686723",
            "user name": "想要瘦十斤A",
            "content": "毕竟比肉都贵。",
            "time": "21-12-18 21:40"
        },
        {
            "comment id": 32,
            "parent": -1,
            "children": [
                33
            ],
            "user id": "6086328154",
            "user name": "桑荼-",
            "content": "……今天刚买了两箱，吃了五六个听说这事，全扔了！",
            "time": "21-12-18 21:56"
        },
        {
            "comment id": 33,
            "parent": 32,
            "children": [
                34
            ],
            "user id": "5398686723",
            "user name": "想要瘦十斤A",
            "content": "看来我这一斤不足一提，我还纠结扔不扔",
            "time": "21-12-18 21:58"
        },
        {
            "comment id": 34,
            "parent": 33,
            "children": [],
            "user id": "6086328154",
            "user name": "桑荼-",
            "content": "回复@宇宙少女青椒吖-:想着万一要封小区，吃个两三天，结果就！",
            "time": "21-12-18 22:04"
        },
        {
            "comment id": 35,
            "parent": -1,
            "children": [
                36,
                37,
                38
            ],
            "user id": "2187127061",
            "user name": "空空尼_",
            "content": "我也是，上上周吃了2盒，这周吃了1盒，家里还有一盒潜伏期多久啊艹",
            "time": "21-12-18 22:49"
        },
        {
            "comment id": 36,
            "parent": 35,
            "children": [],
            "user id": "2187127061",
            "user name": "空空尼_",
            "content": "回复@髙桥靚妹:啊？？怎么不洗呢姐妹",
            "time": "21-12-18 23:17"
        },
        {
            "comment id": 37,
            "parent": 35,
            "children": [],
            "user id": "2187127061",
            "user name": "空空尼_",
            "content": "回复@宇宙少女青椒吖-:关键我也不知道是不是完全干净.... 就怕哪个地方我遗漏了.....据说老鼠碰到都会有影响.....",
            "time": "21-12-18 22:54"
        },
        {
            "comment id": 38,
            "parent": 35,
            "children": [],
            "user id": "5398686723",
            "user name": "想要瘦十斤A",
            "content": "洗干净没事应该，",
            "time": "21-12-18 22:53"
        },
        {
            "comment id": 39,
            "parent": -1,
            "children": [
                40,
                42,
                43,
                44
            ],
            "user id": "7200431946",
            "user name": "半岛铁盒半岛铁盒半岛铁盒",
            "content": "打过出血热疫苗吗",
            "time": "21-12-18 21:45"
        },
        {
            "comment id": 40,
            "parent": 39,
            "children": [],
            "user id": "6128354772",
            "user name": "不吃了不吃了啦",
            "content": "回复@宇宙少女青椒吖-:我大一打得，今年大三幸亏这个不人传人",
            "time": "21-12-18 22:01"
        },
        {
            "comment id": 41,
            "parent": 42,
            "children": [],
            "user id": "5398686723",
            "user name": "想要瘦十斤A",
            "content": "回复@不吃了不吃了啦:这这。🙊🙊",
            "time": "21-12-18 22:01"
        },
        {
            "comment id": 42,
            "parent": 39,
            "children": [
                41
            ],
            "user id": "6128354772",
            "user name": "不吃了不吃了啦",
            "content": "打了这个疫苗一到两年后还会得",
            "time": "21-12-18 22:00"
        },
        {
            "comment id": 43,
            "parent": 39,
            "children": [],
            "user id": "7200431946",
            "user name": "半岛铁盒半岛铁盒半岛铁盒",
            "content": "回复@宇宙少女青椒吖-:不要慌",
            "time": "21-12-18 21:52"
        },
        {
            "comment id": 44,
            "parent": 39,
            "children": [],
            "user id": "5398686723",
            "user name": "想要瘦十斤A",
            "content": "打过",
            "time": "21-12-18 21:48"
        },
        {
            "comment id": 45,
            "parent": -1,
            "children": [
                46
            ],
            "user id": "5115738482",
            "user name": "吃两口蛋黄酥苏",
            "content": "我吃了几个，看到消息后我扔了所以说我吃了又没吃，还不如直接吃完算了",
            "time": "21-12-18 21:48"
        },
        {
            "comment id": 46,
            "parent": 45,
            "children": [
                47
            ],
            "user id": "5398686723",
            "user name": "想要瘦十斤A",
            "content": "毕竟真的很贵。",
            "time": "21-12-18 21:49"
        },
        {
            "comment id": 47,
            "parent": 46,
            "children": [],
            "user id": "5115738482",
            "user name": "吃两口蛋黄酥苏",
            "content": "回复@宇宙少女青椒吖-:我买的35一斤",
            "time": "21-12-18 21:57"
        },
        {
            "comment id": 48,
            "parent": -1,
            "children": [
                49,
                50
            ],
            "user id": "5139109330",
            "user name": "黄橙橙HCC89",
            "content": "我们佛山这边，今天买了草莓女儿没等回家就吃完了，没洗",
            "time": "21-12-19 00:31"
        },
        {
            "comment id": 49,
            "parent": 48,
            "children": [],
            "user id": "5398686723",
            "user name": "想要瘦十斤A",
            "content": "没事啦。我看专家都辟谣了。以后还是多注意一下小孩的饮食卫生。",
            "time": "21-12-19 01:00"
        },
        {
            "comment id": 50,
            "parent": 48,
            "children": [],
            "user id": "5829120251",
            "user name": "放纵以后",
            "content": "我也是",
            "time": "21-12-19 01:37"
        },
        {
            "comment id": 51,
            "parent": -1,
            "children": [
                52
            ],
            "user id": "2612529983",
            "user name": "娉婷袅娜·",
            "content": "我昨天吃的现在头疼脸很热",
            "time": "21-12-18 22:59"
        },
        {
            "comment id": 52,
            "parent": 51,
            "children": [],
            "user id": "5398686723",
            "user name": "想要瘦十斤A",
            "content": "哈哈我也是不知道是不是电褥子跟空调的原因",
            "time": "21-12-18 23:00"
        },
        {
            "comment id": 53,
            "parent": -1,
            "children": [
                54
            ],
            "user id": "7367346954",
            "user name": "Liwenwen咘",
            "content": "好害怕  今天才叫外卖吃了",
            "time": "21-12-18 22:45"
        },
        {
            "comment id": 54,
            "parent": 53,
            "children": [],
            "user id": "5398686723",
            "user name": "想要瘦十斤A",
            "content": "",
            "time": "21-12-18 22:48"
        },
        {
            "comment id": 55,
            "parent": -1,
            "children": [],
            "user id": "2276147605",
            "user name": "是幸运的小宇宇鸭",
            "content": "姐妹，一个意见就是你别吃了，怕浪费的话熬成草莓酱涂面包吃吧！！！",
            "time": "21-12-19 00:10"
        },
        {
            "comment id": 56,
            "parent": -1,
            "children": [
                57
            ],
            "user id": "5625112237",
            "user name": "Manipulaaaa",
            "content": "还好我穷，听着三十一斤我掉头就走不然今天也吃上草莓了",
            "time": "21-12-18 23:55"
        },
        {
            "comment id": 57,
            "parent": 56,
            "children": [],
            "user id": "5398686723",
            "user name": "想要瘦十斤A",
            "content": "爱吃没办法，",
            "time": "21-12-19 00:15"
        },
        {
            "comment id": 58,
            "parent": -1,
            "children": [
                59
            ],
            "user id": "3173690591",
            "user name": "我以为的世界是美好的",
            "content": "图片评论 ",
            "time": "21-12-18 23:42"
        },
        {
            "comment id": 59,
            "parent": 58,
            "children": [],
            "user id": "5398686723",
            "user name": "想要瘦十斤A",
            "content": "",
            "time": "21-12-19 00:15"
        },
        {
            "comment id": 60,
            "parent": -1,
            "children": [
                61
            ],
            "user id": "7468529539",
            "user name": "爱喝酒的苏东坡",
            "content": "不造谣，不信谣，不传谣。",
            "time": "21-12-18 23:02"
        },
        {
            "comment id": 61,
            "parent": 60,
            "children": [],
            "user id": "5398686723",
            "user name": "想要瘦十斤A",
            "content": "我在求辟谣",
            "time": "21-12-18 23:03"
        },
        {
            "comment id": 62,
            "parent": -1,
            "children": [
                63
            ],
            "user id": "2049141591",
            "user name": "萝卜多比鲁翁",
            "content": "我比较贫穷不舍得给自己买草莓吃",
            "time": "21-12-18 22:49"
        },
        {
            "comment id": 63,
            "parent": 62,
            "children": [],
            "user id": "5398686723",
            "user name": "想要瘦十斤A",
            "content": "哈哈，我这也是狠下心了。",
            "time": "21-12-18 22:52"
        },
        {
            "comment id": 64,
            "parent": -1,
            "children": [
                65
            ],
            "user id": "5187707383",
            "user name": "云云七七七",
            "content": "我今天也吃了一筐啊啊",
            "time": "21-12-18 22:42"
        },
        {
            "comment id": 65,
            "parent": 64,
            "children": [],
            "user id": "5398686723",
            "user name": "想要瘦十斤A",
            "content": "哎，应该没事吧，",
            "time": "21-12-18 22:44"
        },
        {
            "comment id": 66,
            "parent": -1,
            "children": [
                67
            ],
            "user id": "5813515350",
            "user name": "白7和李怼怼的夫人",
            "content": "前几天我刚买了40一斤的长安奶油草莓吃完我现在好害怕",
            "time": "21-12-18 22:41"
        },
        {
            "comment id": 67,
            "parent": 66,
            "children": [],
            "user id": "5398686723",
            "user name": "想要瘦十斤A",
            "content": "别慌。等官方。",
            "time": "21-12-18 22:44"
        },
        {
            "comment id": 68,
            "parent": -1,
            "children": [
                69
            ],
            "user id": "1648942693",
            "user name": "喵了个妮n",
            "content": "能给我科普一下什么情况吗？我最近吃了不少草莓",
            "time": "21-12-18 22:25"
        },
        {
            "comment id": 69,
            "parent": 68,
            "children": [],
            "user id": "5398686723",
            "user name": "想要瘦十斤A",
            "content": "就是流传了我第一图的那个截图。说是草莓大鹏里面有老鼠特别多，说是传染出血热，",
            "time": "21-12-18 22:27"
        },
        {
            "comment id": 70,
            "parent": -1,
            "children": [
                71
            ],
            "user id": "5884025574",
            "user name": "火锅是我意中锅",
            "content": "快快快扔了吧姐妹，命重要",
            "time": "21-12-18 22:19"
        },
        {
            "comment id": 71,
            "parent": 70,
            "children": [],
            "user id": "5398686723",
            "user name": "想要瘦十斤A",
            "content": "昂。不敢吃了",
            "time": "21-12-18 22:22"
        },
        {
            "comment id": 72,
            "parent": -1,
            "children": [
                73
            ],
            "user id": "1262145850",
            "user name": "侯小兔的琉璃宝",
            "content": "就…还是安全重要吧，哎",
            "time": "21-12-18 22:00"
        },
        {
            "comment id": 73,
            "parent": 72,
            "children": [],
            "user id": "5398686723",
            "user name": "想要瘦十斤A",
            "content": "这……哎，",
            "time": "21-12-18 22:01"
        },
        {
            "comment id": 74,
            "parent": -1,
            "children": [
                75
            ],
            "user id": "3854387351",
            "user name": "Angela不贪玩",
            "content": "我也昨天吃了一盒，好慌🙃",
            "time": "21-12-18 21:52"
        },
        {
            "comment id": 75,
            "parent": 74,
            "children": [],
            "user id": "5398686723",
            "user name": "想要瘦十斤A",
            "content": "心放大点。",
            "time": "21-12-18 22:01"
        },
        {
            "comment id": 76,
            "parent": -1,
            "children": [
                77
            ],
            "user id": "6765108186",
            "user name": "嘎嘎爱练字",
            "content": "扔了吧命重要",
            "time": "21-12-18 21:40"
        },
        {
            "comment id": 77,
            "parent": 76,
            "children": [],
            "user id": "5398686723",
            "user name": "想要瘦十斤A",
            "content": "",
            "time": "21-12-18 21:41"
        },
        {
            "comment id": 78,
            "parent": -1,
            "children": [],
            "user id": "5398686723",
            "user name": "想要瘦十斤A",
            "content": "@西安发布",
            "time": "21-12-18 22:22"
        },
        {
            "comment id": 79,
            "parent": -1,
            "children": [
                80
            ],
            "user id": "1974101272",
            "user name": "vivikids",
            "content": "我看专家的视频是说只要清洗干净吃了是没问题的，一般就是如果接触了老鼠的排泄物啥的就会比较危险，所以洗干净就没事",
            "time": "21-12-18 22:51"
        },
        {
            "comment id": 80,
            "parent": 79,
            "children": [
                81
            ],
            "user id": "5398686723",
            "user name": "想要瘦十斤A",
            "content": "我没洗",
            "time": "21-12-18 22:52"
        },
        {
            "comment id": 81,
            "parent": 80,
            "children": [],
            "user id": "1974101272",
            "user name": "vivikids",
            "content": "回复@宇宙少女青椒吖-:",
            "time": "21-12-18 23:25"
        },
        {
            "comment id": 82,
            "parent": -1,
            "children": [
                83
            ],
            "user id": "6427700425",
            "user name": "di-di-idi",
            "content": "洗干净应该没事  破损别吃",
            "time": "21-12-18 23:48"
        },
        {
            "comment id": 83,
            "parent": 82,
            "children": [],
            "user id": "6427700425",
            "user name": "di-di-idi",
            "content": "有什么类似症状及时就医",
            "time": "21-12-18 23:49"
        },
        {
            "comment id": 84,
            "parent": -1,
            "children": [],
            "user id": "1731684474",
            "user name": "介个酱",
            "content": "出血热，可防可治。不要恐慌。",
            "time": "21-12-18 22:53"
        },
        {
            "comment id": 85,
            "parent": -1,
            "children": [],
            "user id": "2710893211",
            "user name": "小本页",
            "content": "这是造谣吧？希望官方赶紧出来辟谣，要不容易造成恐慌@西安发布",
            "time": "21-12-18 22:16"
        },
        {
            "comment id": 86,
            "parent": -1,
            "children": [],
            "user id": "3837150396",
            "user name": "聆纾",
            "content": "好可怕，今天刚吃完草莓",
            "time": "21-12-18 22:15"
        },
        {
            "comment id": 87,
            "parent": -1,
            "children": [],
            "user id": "1781866280",
            "user name": "系MiNiHu糯",
            "content": "别吃了，挺害怕的",
            "time": "21-12-18 21:52"
        },
        {
            "comment id": 88,
            "parent": -1,
            "children": [],
            "user id": "1926735643",
            "user name": "目田田目目",
            "content": "",
            "time": "21-12-18 21:41"
        },
        {
            "comment id": 89,
            "parent": -1,
            "children": [],
            "user id": "7594116172",
            "user name": "一杯白桃酒",
            "content": "别怕别怕洗干净就没事了，每年都会有出血热，一旦有发烧感冒迹象就去医院。",
            "time": "21-12-19 00:25"
        },
        {
            "comment id": 90,
            "parent": -1,
            "children": [],
            "user id": "5677285314",
            "user name": "泠陇萧霄",
            "content": "放心吃，别傻",
            "time": "21-12-19 00:18"
        },
        {
            "comment id": 91,
            "parent": -1,
            "children": [],
            "user id": "6589476984",
            "user name": "别害怕不要逃",
            "content": "不是人传人，我再说一遍",
            "time": "21-12-19 00:16"
        },
        {
            "comment id": 92,
            "parent": -1,
            "children": [],
            "user id": "2577378474",
            "user name": "顧肇鈞",
            "content": "評論 ",
            "time": "21-12-19 00:13"
        },
        {
            "comment id": 93,
            "parent": -1,
            "children": [],
            "user id": "6227448550",
            "user name": "是甜鱼不是咸鱼qwq",
            "content": "别吃真的有我朋友家在那块",
            "time": "21-12-19 00:04"
        },
        {
            "comment id": 94,
            "parent": -1,
            "children": [],
            "user id": "6268710645",
            "user name": "卿翻丶",
            "content": "还是赶紧扔了，安全最重要",
            "time": "21-12-18 23:46"
        },
        {
            "comment id": 95,
            "parent": -1,
            "children": [],
            "user id": "5380019886",
            "user name": "北极的莜蓝l",
            "content": "快扔了吧 可怕",
            "time": "21-12-18 23:31"
        },
        {
            "comment id": 96,
            "parent": -1,
            "children": [],
            "user id": "1884673680",
            "user name": "秋野7777",
            "content": "每年都有，今年较严重些吧。多注意总不是坏事。",
            "time": "21-12-18 23:28"
        },
        {
            "comment id": 97,
            "parent": -1,
            "children": [],
            "user id": "6067075778",
            "user name": "W葫芦娃本尊S",
            "content": "害怕就去做个血常规，不要太担心啦",
            "time": "21-12-18 23:17"
        },
        {
            "comment id": 98,
            "parent": -1,
            "children": [],
            "user id": "5824792369",
            "user name": "月亮今晚打烊_",
            "content": "？出血热好像没有人传染，只有老鼠传人",
            "time": "21-12-18 23:17"
        },
        {
            "comment id": 99,
            "parent": -1,
            "children": [],
            "user id": "2598621657",
            "user name": "Sunn_z",
            "content": "为啥跑个步都能感染",
            "time": "21-12-18 23:14"
        },
        {
            "comment id": 100,
            "parent": -1,
            "children": [],
            "user id": "6359173696",
            "user name": "你愿意送我一束洋甘菊吗",
            "content": "我也是",
            "time": "21-12-18 23:08"
        },
        {
            "comment id": 101,
            "parent": -1,
            "children": [],
            "user id": "7558137007",
            "user name": "Gomez_Bayernn",
            "content": "我一个朋友跟我说，公园跑步感染，一个星期就去世了，一眼真",
            "time": "21-12-18 22:57"
        },
        {
            "comment id": 102,
            "parent": -1,
            "children": [],
            "user id": "2210894522",
            "user name": "林郁z",
            "content": "我这周吃了两盒",
            "time": "21-12-18 22:32"
        },
        {
            "comment id": 103,
            "parent": -1,
            "children": [
                104
            ],
            "user id": "2139332982",
            "user name": "五花香香",
            "content": "@小羊肉串子er",
            "time": "21-12-18 22:24"
        },
        {
            "comment id": 104,
            "parent": 103,
            "children": [],
            "user id": "6050801957",
            "user name": "小羊肉串子er",
            "content": "天呐",
            "time": "21-12-18 23:01"
        },
        {
            "comment id": 105,
            "parent": -1,
            "children": [],
            "user id": "7519582055",
            "user name": "KK521-",
            "content": "啊，我怎么不知道",
            "time": "21-12-18 22:20"
        },
        {
            "comment id": 106,
            "parent": -1,
            "children": [],
            "user id": "6812464717",
            "user name": "今日停诊",
            "content": "前几天刚在学校买了盒我怕死 我五年前打的疫苗啊",
            "time": "21-12-18 22:09"
        },
        {
            "comment id": 107,
            "parent": -1,
            "children": [],
            "user id": "6771797081",
            "user name": "我是小朱呀呀",
            "content": "昨天吃了两斤",
            "time": "21-12-18 22:08"
        },
        {
            "comment id": 108,
            "parent": -1,
            "children": [],
            "user id": "6414843406",
            "user name": "女孩2345",
            "content": "我吃了半个我会不会死呀",
            "time": "21-12-18 21:52"
        },
        {
            "comment id": 109,
            "parent": -1,
            "children": [],
            "user id": "7497133233",
            "user name": "TingW11",
            "content": "毕竟最近这档子风口，还是别吃了，咱们的小命最要紧，多喝点热水(我的草莓蛋糕我也给扔了)",
            "time": "21-12-18 23:36"
        },
        {
            "comment id": 110,
            "parent": -1,
            "children": [],
            "user id": "1949941522",
            "user name": "qqqqq阿喵",
            "content": "",
            "time": "21-12-18 23:06"
        },
        {
            "comment id": 111,
            "parent": -1,
            "children": [],
            "user id": "5186646075",
            "user name": "艷妮朵朵",
            "content": "@来自北方的拾光 这是真的吗",
            "time": "21-12-18 21:53"
        }
    ]
}