{
    "source": {
        "content": "真是荒唐，居然有人提出向国人收取  呼吸税！\n千百年来都没有哪个 皇帝 有这样的要求，在新世纪既然还是中科院院士（蒋有绪）的建议，不禁被吓瘫。试想一下，若不缴或缴不起这个税呢 ",
        "time": "21-12-17 11:11",
        "user id": "5691136260",
        "tweet id": "L6rlg2Vw4",
        "label": 1,
        "theme": null
    },
    "comment": [
        {
            "comment id": 0,
            "parent": -1,
            "children": [
                1
            ],
            "user id": "5891236966",
            "user name": "葡萄美酒17932",
            "content": "砖家，叫兽",
            "time": "21-12-17 11:16"
        },
        {
            "comment id": 1,
            "parent": 0,
            "children": [],
            "user id": "6037787735",
            "user name": "石头or砖头",
            "content": "间谍，本来人口结构优化都不愿意生孩子了，还提这事",
            "time": "21-12-17 11:57"
        },
        {
            "comment id": 2,
            "parent": -1,
            "children": [
                3,
                4,
                5
            ],
            "user id": "7549837845",
            "user name": "跟屁虫2047",
            "content": "在场的人不当场怼他就不是爷们儿",
            "time": "21-12-17 11:24"
        },
        {
            "comment id": 3,
            "parent": 2,
            "children": [],
            "user id": "6578697287",
            "user name": "喵吾不停不听",
            "content": "去了解一下实事去嘛，08年的破事了",
            "time": "21-12-17 16:39"
        },
        {
            "comment id": 4,
            "parent": 2,
            "children": [],
            "user id": "7186423553",
            "user name": "江才-",
            "content": "了解下事实再说，明明是营销号曲解事实，不去骂营销号，反而开口打骂真专家",
            "time": "21-12-17 16:27"
        },
        {
            "comment id": 5,
            "parent": 2,
            "children": [],
            "user id": "5894925891",
            "user name": "大鲫大鲤1",
            "content": "在场的都是收钱举手的，要钱不要脸",
            "time": "21-12-17 12:25"
        },
        {
            "comment id": 6,
            "parent": -1,
            "children": [
                7
            ],
            "user id": "5896311129",
            "user name": "狮子头同学",
            "content": "不可能，要么你断章取义，要么你胡说八道",
            "time": "21-12-17 11:34"
        },
        {
            "comment id": 7,
            "parent": 6,
            "children": [],
            "user id": "7536754643",
            "user name": "地熏地后",
            "content": "这人只是08年的时候倡议了一个用于城市绿化的“生态基金”，呼吸税这个词是媒体杜撰的。",
            "time": "21-12-17 13:20"
        },
        {
            "comment id": 8,
            "parent": -1,
            "children": [],
            "user id": "1102269067",
            "user name": "Steven983",
            "content": "这种人入选院士就是笑话",
            "time": "21-12-17 11:29"
        },
        {
            "comment id": 9,
            "parent": -1,
            "children": [
                10
            ],
            "user id": "1014437625",
            "user name": "行者游江",
            "content": "送它一程(呼气税，吸气税，吃饭税，吃菜税，吃肉税，不吃肉税，不吃饭税，不吃菜税，上床税，不在床上税，点灯税，不点灯税，穿衣服税，不穿衣服税，不知道穿不穿衣服税)XXX的👿",
            "time": "21-12-17 11:20"
        },
        {
            "comment id": 10,
            "parent": 9,
            "children": [],
            "user id": "7186423553",
            "user name": "江才-",
            "content": "不要断章取义",
            "time": "21-12-17 16:56"
        },
        {
            "comment id": 11,
            "parent": -1,
            "children": [],
            "user id": "6236635571",
            "user name": "奔波儿007",
            "content": "不要断章取义",
            "time": "21-12-17 11:31"
        },
        {
            "comment id": 12,
            "parent": -1,
            "children": [],
            "user id": "1429200580",
            "user name": "峻姐姐",
            "content": "放屁税",
            "time": "21-12-17 11:25"
        },
        {
            "comment id": 13,
            "parent": -1,
            "children": [],
            "user id": "1764412312",
            "user name": "新宜儿",
            "content": "说的是每人交20元，可能因为人才需要交他不需要交，所以才提出来了吧",
            "time": "21-12-17 11:20"
        },
        {
            "comment id": 14,
            "parent": -1,
            "children": [],
            "user id": "1718696182",
            "user name": "ZHX_City",
            "content": "真的假的？看看原文？",
            "time": "21-12-17 15:03"
        },
        {
            "comment id": 15,
            "parent": -1,
            "children": [],
            "user id": "5672011853",
            "user name": "独悟人生",
            "content": "官家的文化人如此堕落！",
            "time": "21-12-17 12:09"
        },
        {
            "comment id": 16,
            "parent": -1,
            "children": [],
            "user id": "3224201894",
            "user name": "zero平安喜乐",
            "content": "美国的间谍",
            "time": "21-12-18 07:14"
        },
        {
            "comment id": 17,
            "parent": -1,
            "children": [],
            "user id": "2827004767",
            "user name": "乞丐wang",
            "content": "已辟谣了，是谣言。",
            "time": "21-12-17 21:52"
        },
        {
            "comment id": 18,
            "parent": -1,
            "children": [],
            "user id": "3256967374",
            "user name": "霜上秋石",
            "content": "我家乡把这种人叫颠东老倌……下一次他会收个晒太阳税，躲荫凉税，打伞税",
            "time": "21-12-17 17:29"
        },
        {
            "comment id": 19,
            "parent": -1,
            "children": [],
            "user id": "2954135964",
            "user name": "alien37",
            "content": "这就是直接税，可以收收看，税收成本高处天际，实际却收到几块税款",
            "time": "21-12-17 16:21"
        },
        {
            "comment id": 20,
            "parent": -1,
            "children": [],
            "user id": "3627632171",
            "user name": "德普德普德普德普",
            "content": "那我不交税会被强制不能呼吸嘛",
            "time": "21-12-17 16:03"
        },
        {
            "comment id": 21,
            "parent": -1,
            "children": [],
            "user id": "3194075423",
            "user name": "沧海舵手ABC",
            "content": "先收他的",
            "time": "21-12-17 13:19"
        },
        {
            "comment id": 22,
            "parent": -1,
            "children": [],
            "user id": "2156486795",
            "user name": "五经勤向窗前读",
            "content": "他是“鹅城”来的",
            "time": "21-12-17 12:44"
        },
        {
            "comment id": 23,
            "parent": -1,
            "children": [],
            "user id": "7314374943",
            "user name": "A三根火柴",
            "content": "这老头估计是不呼吸的。他想着自己不用交",
            "time": "21-12-17 12:43"
        },
        {
            "comment id": 24,
            "parent": -1,
            "children": [],
            "user id": "7314374943",
            "user name": "A三根火柴",
            "content": "想着初中的时候还交过人头税，妈的！什么东西！",
            "time": "21-12-17 12:42"
        },
        {
            "comment id": 25,
            "parent": -1,
            "children": [],
            "user id": "5188655284",
            "user name": "辩证新医",
            "content": "好来养更多的老爷们",
            "time": "21-12-17 12:40"
        },
        {
            "comment id": 26,
            "parent": -1,
            "children": [],
            "user id": "2259351522",
            "user name": "不过是吐槽而已",
            "content": "院士也不是傻子，怎么会说这样的话？我猜原话可能是建议每个自然人收取二十元税收，也就是“人头税”，解读一下就是只要有呼吸的人类就要交这个税，然后就被断章取义了。",
            "time": "21-12-17 12:05"
        },
        {
            "comment id": 27,
            "parent": -1,
            "children": [],
            "user id": "1762887447",
            "user name": "远山如黛F",
            "content": "这样的人成为院士就是国家的悲哀",
            "time": "21-12-17 11:55"
        },
        {
            "comment id": 28,
            "parent": -1,
            "children": [],
            "user id": "7334278169",
            "user name": "比18岁还硬",
            "content": "换一个说法，照样收",
            "time": "21-12-17 11:52"
        },
        {
            "comment id": 29,
            "parent": -1,
            "children": [],
            "user id": "1733983553",
            "user name": "盼望着那一天",
            "content": "这院士有水平。还得征收吃饭税，拉屎税。",
            "time": "21-12-17 11:48"
        },
        {
            "comment id": 30,
            "parent": -1,
            "children": [],
            "user id": "1840230474",
            "user name": "醉梦人2011",
            "content": "这种佞臣贼子拉出去砍了！",
            "time": "21-12-17 11:42"
        },
        {
            "comment id": 31,
            "parent": -1,
            "children": [],
            "user id": "7375089390",
            "user name": "一能016",
            "content": "什么地方都有奇葩，有些地方少一点，比如这位所在，服！",
            "time": "21-12-17 11:33"
        },
        {
            "comment id": 32,
            "parent": -1,
            "children": [],
            "user id": "5632451515",
            "user name": "豆豆欧呀",
            "content": "他这是要坑我政府，坑唻 ！",
            "time": "21-12-17 11:30"
        },
        {
            "comment id": 33,
            "parent": -1,
            "children": [],
            "user id": "6683220958",
            "user name": "褴褛夜行08806",
            "content": "这家伙能算是人?畜牲也不如吧。",
            "time": "21-12-17 11:27"
        },
        {
            "comment id": 34,
            "parent": -1,
            "children": [],
            "user id": "1937165690",
            "user name": "-高级黑-",
            "content": "要收应该也是向外国人收",
            "time": "21-12-17 11:20"
        },
        {
            "comment id": 35,
            "parent": -1,
            "children": [],
            "user id": "3845546312",
            "user name": "独孤楼主888",
            "content": "这就是专家",
            "time": "21-12-17 11:19"
        },
        {
            "comment id": 36,
            "parent": -1,
            "children": [],
            "user id": "5393171485",
            "user name": "善意第三人秋蓂",
            "content": "不交不让呼吸？",
            "time": "21-12-17 11:17"
        },
        {
            "comment id": 37,
            "parent": -1,
            "children": [],
            "user id": "6373683833",
            "user name": "bvcxzdygv",
            "content": "杀头",
            "time": "21-12-17 11:12"
        },
        {
            "comment id": 38,
            "parent": -1,
            "children": [],
            "user id": "6578697287",
            "user name": "喵吾不停不听",
            "content": "合着着破营销号随便发个东西，08年的事情，就有这那么多人被带节奏了呗",
            "time": "21-12-17 16:39"
        },
        {
            "comment id": 39,
            "parent": -1,
            "children": [],
            "user id": "6578697287",
            "user name": "喵吾不停不听",
            "content": "真就全靠一张图呗",
            "time": "21-12-17 16:36"
        },
        {
            "comment id": 40,
            "parent": -1,
            "children": [],
            "user id": "5562216308",
            "user name": "NCS封面人物",
            "content": "@南京网警巡查执法 @中科院之声 造谣院士真的可以零成本嘛？",
            "time": "21-12-17 19:45"
        },
        {
            "comment id": 41,
            "parent": -1,
            "children": [],
            "user id": "1095183684",
            "user name": "涂鸦人晓石",
            "content": "院士从没说过啥“呼吸税”，感谢您贡献的智商税。",
            "time": "21-12-17 16:39"
        },
        {
            "comment id": 42,
            "parent": -1,
            "children": [],
            "user id": "3290113557",
            "user name": "用户zk246ufpl0",
            "content": "，有全文吗？",
            "time": "21-12-17 11:56"
        },
        {
            "comment id": 43,
            "parent": -1,
            "children": [],
            "user id": "6128298715",
            "user name": "山羊Tony",
            "content": "拉屎，放屁都得缴吧！",
            "time": "21-12-17 11:30"
        },
        {
            "comment id": 44,
            "parent": -1,
            "children": [],
            "user id": "7573417984",
            "user name": "苦海漫漫回头上岸",
            "content": "这个砖家叫兽可能要升官了！",
            "time": "21-12-17 11:20"
        },
        {
            "comment id": 45,
            "parent": -1,
            "children": [],
            "user id": "1935753485",
            "user name": "CS茶水",
            "content": "他可能没机会纳税了",
            "time": "21-12-17 14:01"
        },
        {
            "comment id": 46,
            "parent": -1,
            "children": [],
            "user id": "7400408701",
            "user name": "追云的风69",
            "content": "带路党吧",
            "time": "21-12-17 11:59"
        },
        {
            "comment id": 47,
            "parent": -1,
            "children": [],
            "user id": "7630258754",
            "user name": "sunnydad200906",
            "content": "从领导开始！",
            "time": "21-12-17 11:40"
        },
        {
            "comment id": 48,
            "parent": -1,
            "children": [
                49
            ],
            "user id": "2358684504",
            "user name": "狂飚之迎风逐浪",
            "content": "这是故意给政府使坏吧",
            "time": "21-12-17 11:35"
        },
        {
            "comment id": 49,
            "parent": 48,
            "children": [],
            "user id": "2973370017",
            "user name": "老毛罗曼史",
            "content": "这家伙用心不良啊",
            "time": "21-12-17 11:48"
        },
        {
            "comment id": 50,
            "parent": -1,
            "children": [],
            "user id": "3155724245",
            "user name": "造飞机的工厂_",
            "content": "因为他缴的少",
            "time": "21-12-17 11:13"
        }
    ]
}