{
    "source": {
        "content": "黑龙江黑河疫情由境外德尔塔变异株引起 存外溢扩散风险！#防疫 #新冠肺炎 #疫情 #黑龙江 #德尔塔   看看新闻Knews的优酷视频 ",
        "time": "21-12-21 16:14",
        "user id": "1738597333",
        "tweet id": "L7527saYc",
        "label": 1,
        "theme": null
    },
    "comment": [
        {
            "comment id": 0,
            "parent": -1,
            "children": [],
            "user id": "6065744196",
            "user name": "姜姜姜x_",
            "content": "你这都啥时候的事了 能不能别乱发",
            "time": "21-12-21 16:34"
        },
        {
            "comment id": 1,
            "parent": -1,
            "children": [],
            "user id": "5716497382",
            "user name": "guo立成",
            "content": "咱们发布的时候能不能看看日期，看看实际情况，别这么不负责任好吗",
            "time": "21-12-21 16:26"
        },
        {
            "comment id": 2,
            "parent": -1,
            "children": [],
            "user id": "5458736962",
            "user name": "喜静ll",
            "content": "吓死了 平房哪有 这不是上次的嘛",
            "time": "21-12-21 16:23"
        },
        {
            "comment id": 3,
            "parent": -1,
            "children": [],
            "user id": "6045733876",
            "user name": "灰l色l",
            "content": "你要不要把上个世纪的视频放出来？",
            "time": "21-12-21 16:19"
        },
        {
            "comment id": 4,
            "parent": -1,
            "children": [],
            "user id": "7333322924",
            "user name": "Code4Honor",
            "content": "傍晚好~~~~~~~",
            "time": "21-12-21 17:07"
        },
        {
            "comment id": 5,
            "parent": -1,
            "children": [],
            "user id": "6894249847",
            "user name": "专门讲笑话",
            "content": "傍晚好~~~~",
            "time": "21-12-21 17:01"
        },
        {
            "comment id": 6,
            "parent": -1,
            "children": [],
            "user id": "3480431691",
            "user name": "雪鹿宝宝",
            "content": "下午好，我来啦",
            "time": "21-12-21 16:41"
        },
        {
            "comment id": 7,
            "parent": -1,
            "children": [],
            "user id": "6964054717",
            "user name": "动漫谷",
            "content": "下午好~~~~",
            "time": "21-12-21 16:37"
        },
        {
            "comment id": 8,
            "parent": -1,
            "children": [],
            "user id": "6935076658",
            "user name": "抢眼的猫Weirdo",
            "content": "下回确认一下时间再发布，这已经是11月份的新闻了",
            "time": "21-12-21 16:19"
        }
    ]
}