{
    "source": {
        "content": "这几天的瓜都没有这一条消息给我带来的震撼更大……\n印钞造币国企变私企了，而且悄无声息地就在三天前……很恐怖，家人们 ",
        "time": "21-12-23 17:34",
        "user id": "5391158386",
        "tweet id": "L7opL0Wka",
        "label": 1,
        "theme": null
    },
    "comment": [
        {
            "comment id": 0,
            "parent": -1,
            "children": [
                1
            ],
            "user id": "6206376064",
            "user name": "蛋刀jiang",
            "content": "变法人独资 不管是不是私企 它已经不是国企了是肯定的",
            "time": "21-12-23 18:03"
        },
        {
            "comment id": 1,
            "parent": 0,
            "children": [],
            "user id": "5391158386",
            "user name": "-太白观月-",
            "content": "主要是不是国企了就很鸡掰恐怖……",
            "time": "21-12-23 19:16"
        },
        {
            "comment id": 2,
            "parent": -1,
            "children": [],
            "user id": "5718682270",
            "user name": "薄叶折霜",
            "content": "？？？🙏🙏🙏恐怖故事了",
            "time": "21-12-23 17:36"
        },
        {
            "comment id": 3,
            "parent": -1,
            "children": [],
            "user id": "5356123884",
            "user name": "白日梦研究专家OvO",
            "content": "握草！",
            "time": "21-12-23 19:48"
        },
        {
            "comment id": 4,
            "parent": -1,
            "children": [],
            "user id": "6327363968",
            "user name": "小山梨乃",
            "content": "？？？？？？？？有惊到",
            "time": "21-12-23 17:36"
        },
        {
            "comment id": 5,
            "parent": -1,
            "children": [],
            "user id": "6095240460",
            "user name": "南瓜小陈要元气满满",
            "content": "？？？这…",
            "time": "21-12-23 17:35"
        },
        {
            "comment id": 6,
            "parent": -1,
            "children": [],
            "user id": "5513673616",
            "user name": "一朵飞不起来的浪花花",
            "content": "啊？？？？",
            "time": "21-12-23 20:28"
        },
        {
            "comment id": 7,
            "parent": -1,
            "children": [],
            "user id": "1108450483",
            "user name": "巧克不是巧克力",
            "content": "？？？？？？？我靠",
            "time": "21-12-23 19:09"
        },
        {
            "comment id": 8,
            "parent": -1,
            "children": [],
            "user id": "5311942797",
            "user name": "大天狗夫人",
            "content": "啊？？？？？？？",
            "time": "21-12-23 18:32"
        },
        {
            "comment id": 9,
            "parent": -1,
            "children": [],
            "user id": "2423634362",
            "user name": "充满精力的星酱",
            "content": "有点子吓人",
            "time": "21-12-23 18:06"
        },
        {
            "comment id": 10,
            "parent": -1,
            "children": [],
            "user id": "3126912017",
            "user name": "芊泽酱",
            "content": "",
            "time": "21-12-23 17:47"
        },
        {
            "comment id": 11,
            "parent": -1,
            "children": [],
            "user id": "5641443929",
            "user name": "真的不可以一直摸鱼吗",
            "content": "？？？",
            "time": "21-12-23 17:36"
        },
        {
            "comment id": 12,
            "parent": -1,
            "children": [],
            "user id": "6071787257",
            "user name": "must有钱",
            "content": "柳某人后继有人",
            "time": "21-12-24 04:48"
        },
        {
            "comment id": 13,
            "parent": -1,
            "children": [],
            "user id": "7729695852",
            "user name": "低调低调92635",
            "content": "铸币权私有化",
            "time": "21-12-23 20:28"
        }
    ]
}