{
    "source": {
        "content": "必须曝光甘肃省张掖市犬留所外包黑幕❗️犬留所必须在阳光下操作，犬留所为什么让恶魔承包？谁是黑色产业链的幕后，必须揪出幕后，向全国人民交待，我们将和政府一起，铲除腐败，和谐中国\n张掖市在创建全国文明城市的期间，全市展开抓捕流浪狗，将抓捕项目外包给一个做过狗繁殖和屠宰的恶魔。此人在抓捕流浪狗时野蛮粗鲁，为了利益变成抢，在市民眼中影响及坏。流浪狗的收容也是外包给张掖市金农源农业公司，原叫甘州区明永屠宰场，狗被关在明永屠宰场的一个长年不见阳光的仓库里，给狗吃的是该公司自己生产制造的牛羊饲料，拒绝防疫和绝育，犬留所成了繁殖场！被关在里面的狗整天睡在屎尿中，环境肮脏不堪，狗狗由于饥饿互相撕咬，被同伴啃食，惨不忍睹！试问这就是政府的收容所，政府的钱就让这些没有良知残害生命的人持有。这些流浪狗被关进犬留所后，生不如死，长年不见阳光，没有空间活动，没有隔离和防疫，导致了大批量狗买卖，病死，饿死，成为了人间地狱！                                                                                 如果有家谁愿意流浪？众所周知，人才是问题的制造者，也应当是责任者！不可否认的是人和动物都是血肉之躯，都有肉体和精神的痛苦感知能力，人类应当尊重动物的生命权利。试问张掖的文明在哪？流浪犬只的安置如此悲惨，无疑是相关部门放弃了耐心和政治智慧的表现！伤害了公众的情感，与文明城市背道而驰！爱心群众多次与主管流浪狗收容管理的农业农村局协商，都被拒绝❗️                                                                                               政协十三届全国委员会第一次会议第4499号（农业水利类356号）文件：保护伴侣动物方面，加强犬类留检收容场所的升级改造、扩建修缮，做好对流浪犬收容工作。                                                                                 犬留所应做到：（一）要求犬留所以文明之心善待生命，给予收容的犬只应有的福利和待遇（犬舍定期消毒，按时喂食喂水，科学绝育和疫苗，同时对患病的犬只给予及时治疗）。\n（二）允许当地动物保护团队协助犬留所喂食，打扫犬舍卫生，同时开放领养（由动物保护志愿者协助严格审核）。                                                                        （三）流浪犬的收容工作是一项长期的日常工作，政府部门可以借鉴管理经验丰富的犬留所，比如大连市犬类留检所、@呼和浩特市犬类留检所 ，把收容工作真正做到公益事业。                                                                     🔴中国是文明古国，礼仪之邦！“培育崇德向善风气 建设和谐文明国度”。中国自古以来就有爱护动物、与环境友好共存的优良传统！光明日报时评说视其他生命为粪土的人，还有什么资格强调自己生命的高贵，毕竟一个连动物都有能力保护的社会，人的生命健康权才会更被重视！尊重并善待生命，文明科学人性化管理流浪动物才能体现一个城市的执政温情与和谐！才能真正配得上“文明城市”荣誉称号！@中国政府网 @中国文明网 @甘肃发布 @张掖发布 @张掖政法委",
        "time": "21-12-26 16:03",
        "user id": "3102619840",
        "tweet id": "L7Q66dgbj",
        "label": 1,
        "theme": null
    },
    "comment": [
        {
            "comment id": 0,
            "parent": -1,
            "children": [],
            "user id": "3102619840",
            "user name": "传播善念V",
            "content": "微博被支持虐杀小动物的极端仇猫狗邪教团伙恶意投诉了！没关系，事情真实存在！政府调查便知！大家可以看到，第一，我文中并没有说农业部4499号文件！第二，犬留所应做到那三个要求我单独另起一行描述提出建议，并没有和政协十三届全国委员会第一次会议第4499号文件连在一起冒充答复内容！",
            "time": "21-12-28 00:04"
        },
        {
            "comment id": 1,
            "parent": -1,
            "children": [
                3
            ],
            "user id": "3102619840",
            "user name": "传播善念V",
            "content": "图片评论 ",
            "time": "21-12-28 01:41"
        },
        {
            "comment id": 2,
            "parent": 3,
            "children": [],
            "user id": "3102619840",
            "user name": "传播善念V",
            "content": "图片评论 查看图片",
            "time": "21-12-28 17:45"
        },
        {
            "comment id": 3,
            "parent": 1,
            "children": [
                2
            ],
            "user id": "6049790630",
            "user name": "严惩任何违法犯罪",
            "content": "她大有可能是\"贪二代\"",
            "time": "22-3-16 22:51"
        },
        {
            "comment id": 4,
            "parent": -1,
            "children": [],
            "user id": "3102619840",
            "user name": "传播善念V",
            "content": "微博内容属实！请的抓狗人，抓到狗就给一百块！甚至还出现有狗主人在身边直接抓捕的情况！",
            "time": "21-12-28 11:56"
        },
        {
            "comment id": 5,
            "parent": -1,
            "children": [],
            "user id": "2571875157",
            "user name": "郑州水果派",
            "content": "@极目新闻 @央视网 @央视一套 @央视新闻  黑色产业链，害人害狗，给社会带来极大的安全隐患，必须严惩制止！ ",
            "time": "21-12-26 16:08"
        },
        {
            "comment id": 6,
            "parent": -1,
            "children": [],
            "user id": "6867452738",
            "user name": "4life99999",
            "content": "@甘肃发布@甘肃公安@甘肃市场监管@甘肃检察@甘肃日报@每日甘肃网",
            "time": "21-12-26 16:46"
        },
        {
            "comment id": 7,
            "parent": -1,
            "children": [],
            "user id": "2143696582",
            "user name": "樊哙后代都是魔",
            "content": "张掖的这种乱象早有耳闻",
            "time": "21-12-26 18:41"
        },
        {
            "comment id": 8,
            "parent": -1,
            "children": [],
            "user id": "2166457723",
            "user name": "默默的默默吧",
            "content": "转发微博",
            "time": "21-12-26 19:37"
        },
        {
            "comment id": 9,
            "parent": -1,
            "children": [],
            "user id": "6264044562",
            "user name": "异世界冰雪爱莎",
            "content": "太穷了…穷凶极恶…穷山恶水…",
            "time": "22-1-4 04:06"
        },
        {
            "comment id": 10,
            "parent": -1,
            "children": [],
            "user id": "6049790630",
            "user name": "严惩任何违法犯罪",
            "content": "他们连抄作业都不会抄。看看人家@呼和浩特市犬类留检所 是怎么做的？很难吗？不是事难，是人想不想的问题，有没有人性的问题",
            "time": "21-12-27 15:37"
        },
        {
            "comment id": 11,
            "parent": -1,
            "children": [],
            "user id": "6867452738",
            "user name": "4life99999",
            "content": "@甘肃发布@甘肃公安@甘肃市场监管@甘肃检察@甘肃日报@每日甘肃网",
            "time": "21-12-27 15:28"
        },
        {
            "comment id": 12,
            "parent": -1,
            "children": [],
            "user id": "3636364711",
            "user name": "动物生存权利捍卫者",
            "content": "@中国新闻网 @长江云官方微博 @人民日报 @央视新闻 @中国政府网 @中国绿发会 @央视影音 @央视网青年 @全国人大 @导演乔乔JOJO @最帅人大代表 @曹菡艾 @张新可教授 ",
            "time": "21-12-26 20:00"
        }
    ]
}