{
    "source": {
        "content": "中国高铁，2020年亏损4万亿\n\n中国航空，2020年亏损371亿\n\n中国石化，2020年亏损228亿\n\n中国烟草，2020年亏损4.3亿\n\n这几家中字开头的企业，在我们看来，应该都是巨无霸，独角兽级别的企业了吧。赚钱应该是最简单的事情了！但事实情况却是，他们去年都有不同程度的亏损，由其是中国高铁，亏损程度高达4万亿！那他们为什么会亏损呢？我觉得主要有2个原因：\n\n第一：企业性质\n\n国企跟民企最大的不同在于他们的性质。民企的主要目的还是为了盈利，如果连年亏损，那就离倒闭不远了！但是国企不同，国企的存在主要还是为了承担相应的社会责任！像中国高铁，到处修铁路，打通各地的连接，研发高铁，动车，这些都需要巨大的资金。但是票价却不会很贵！虽然他亏损了4万亿，但其带动地方经济发展所带来的的利益远远不是4万亿可以衡量的！\n\n第二：疫情原因\n\n2020年是疫情爆发的第一年，全球许多企业都面临着亏损，尤其是出行受到影响后，航空公司受到的影响是最大的。他们飞机的养护，人员的工资都是一笔极大的开销，飞机停运，每天就是一个多亿的支出！仅仅去年一年，国外就不知道倒闭了多少的航空公司！\n\n衡量一个国有企业的作用，远远不是看他盈利还是亏损，像烟草公司，大家觉得他亏损很难理解，但烟草一年的纳税就高达1.2万个亿，比中国民营500强企业加起来的总和还多！而烟草一年的营收也不过1.2万亿多点，主要的收入都拿来交税了！加上人员工资啥的，亏钱也再所难免了！#股票##财经#",
        "time": "21-12-29 19:57",
        "user id": "5534976700",
        "tweet id": "L8jUybqX4",
        "label": 1,
        "theme": null
    },
    "comment": [
        {
            "comment id": 0,
            "parent": -1,
            "children": [
                2,
                4,
                10,
                11,
                15,
                17
            ],
            "user id": "2698352207",
            "user name": "卡西3526",
            "content": "谁亏我都信，烟草亏就过分了",
            "time": "21-12-29 20:10"
        },
        {
            "comment id": 1,
            "parent": 3,
            "children": [],
            "user id": "6074447276",
            "user name": "哈姆特雷迪嘎嘎",
            "content": "回复@那就土豆炖排骨:你怕是不知道出了名了高工资高福利",
            "time": "21-12-31 13:05"
        },
        {
            "comment id": 2,
            "parent": 0,
            "children": [],
            "user id": "5513588321",
            "user name": "哈哈哈哈哈嗝哈嗝",
            "content": "烟草税收非常高，打个比方100块买烟可能60-80都给国家纳税了那员工还要不要开资？所以真可能亏的让国家补贴的烟草税收占国家税收6-8%，都够国家军费开支了",
            "time": "21-12-31 12:55"
        },
        {
            "comment id": 3,
            "parent": 4,
            "children": [
                1
            ],
            "user id": "2696878544",
            "user name": "那就土豆炖排骨",
            "content": "回复@哈姆特雷迪嘎嘎:烟草税收那么高？？？ 给哪个员工了？",
            "time": "21-12-31 11:53"
        },
        {
            "comment id": 4,
            "parent": 0,
            "children": [
                3
            ],
            "user id": "6074447276",
            "user name": "哈姆特雷迪嘎嘎",
            "content": "因为钱都发给员工了而不是上交国家",
            "time": "21-12-31 05:48"
        },
        {
            "comment id": 5,
            "parent": 11,
            "children": [],
            "user id": "2655427632",
            "user name": "熙兮曦兮",
            "content": "回复@懒懒发着呆:亏在员工福利待遇好啊",
            "time": "21-12-31 01:16"
        },
        {
            "comment id": 6,
            "parent": 12,
            "children": [],
            "user id": "5243490875",
            "user name": "我的头好痛阿",
            "content": "回复@丁宁夏夜:烟草成本极低，可以忽略不计那种，完全是纯盈利的",
            "time": "21-12-31 01:11"
        },
        {
            "comment id": 7,
            "parent": 12,
            "children": [],
            "user id": "6229830133",
            "user name": "世界宠儿雨夜丫",
            "content": "回复@丁宁夏夜:但凡多了解一下或者多读点书哪怕没时间百度一下就知道不可能亏",
            "time": "21-12-31 00:10"
        },
        {
            "comment id": 8,
            "parent": 12,
            "children": [],
            "user id": "2657223733",
            "user name": "Yan_Yan彬",
            "content": "回复@丁宁夏夜:烟草作为垄断行业，全产业链都在赚钱，我也去过一些中烟子公司和工厂，基本来说，烟草，比直接印钱还赚钱",
            "time": "21-12-31 00:07"
        },
        {
            "comment id": 9,
            "parent": 12,
            "children": [],
            "user id": "3896281225",
            "user name": "_後來_丶",
            "content": "回复@丁宁夏夜:大约有3.5亿烟民，平价烟需求量很大，成本低，不滞销，怎么会亏损…",
            "time": "21-12-30 23:45"
        },
        {
            "comment id": 10,
            "parent": 0,
            "children": [],
            "user id": "2963052441",
            "user name": "faxsy",
            "content": "亏了就放开吧，像食盐一样。",
            "time": "21-12-30 22:32"
        },
        {
            "comment id": 11,
            "parent": 0,
            "children": [
                5
            ],
            "user id": "2615279855",
            "user name": "懒懒发着呆",
            "content": "烟草亏的点在哪",
            "time": "21-12-30 19:25"
        },
        {
            "comment id": 12,
            "parent": 13,
            "children": [
                6,
                7,
                8,
                9
            ],
            "user id": "2204317165",
            "user name": "丁宁夏夜",
            "content": "回复@Death琉璃:为什么？",
            "time": "21-12-30 17:29"
        },
        {
            "comment id": 13,
            "parent": 17,
            "children": [
                12
            ],
            "user id": "7291149569",
            "user name": "Death琉璃",
            "content": "回复@丁宁夏夜:烟草不可能亏损",
            "time": "21-12-30 13:24"
        },
        {
            "comment id": 14,
            "parent": 15,
            "children": [],
            "user id": "7437790743",
            "user name": "這樣説的對YOLO",
            "content": "回复@言之有李:这个博主应该是小学文化",
            "time": "21-12-29 23:06"
        },
        {
            "comment id": 15,
            "parent": 0,
            "children": [
                14
            ],
            "user id": "1210992847",
            "user name": "言之有李",
            "content": "这你都信啊，没看到作者在故意造谣吗 查看图片",
            "time": "21-12-29 22:08"
        },
        {
            "comment id": 16,
            "parent": 17,
            "children": [],
            "user id": "6065830675",
            "user name": "狗狗1055",
            "content": "回复@丁宁夏夜:他不是真亏",
            "time": "21-12-29 21:29"
        },
        {
            "comment id": 17,
            "parent": 0,
            "children": [
                13,
                16
            ],
            "user id": "2204317165",
            "user name": "丁宁夏夜",
            "content": "烟草盈利，一定是好事吗？我倒觉得合适的亏损才是最好的",
            "time": "21-12-29 20:52"
        },
        {
            "comment id": 18,
            "parent": -1,
            "children": [
                22,
                29
            ],
            "user id": "7610154964",
            "user name": "沅顺一",
            "content": "垄断市场短期看可能亏损，可能不盈不亏，也可能盈利，长期来看一定盈利。烟草不挣钱那开烟草公司干啥😅",
            "time": "21-12-29 20:02"
        },
        {
            "comment id": 19,
            "parent": 21,
            "children": [],
            "user id": "2778382997",
            "user name": "Lucky_Andy_",
            "content": "回复@沅顺一:厉害，有学识。",
            "time": "21-12-31 02:04"
        },
        {
            "comment id": 20,
            "parent": 21,
            "children": [],
            "user id": "2204317165",
            "user name": "丁宁夏夜",
            "content": "回复@沅顺一:哈哈，你还小，真羡慕这么单纯。等长大了就懂了",
            "time": "21-12-30 07:55"
        },
        {
            "comment id": 21,
            "parent": 22,
            "children": [
                19,
                20
            ],
            "user id": "7610154964",
            "user name": "沅顺一",
            "content": "回复@重翻旧事:我已经说过了，垄断行业不能看短期，长期来看所有的垄断市场都盈利，短期可能亏损，也可能盈利。任何企业都是盈利为目的，不然你可以做志愿者嘛。",
            "time": "21-12-30 01:17"
        },
        {
            "comment id": 22,
            "parent": 18,
            "children": [
                21
            ],
            "user id": "3198979753",
            "user name": "重翻旧事",
            "content": "交通，是人与物流通的基本支撑，没了不行。从功能看，不以盈利为根本目的。对于热血动物来说，能量不够就停心跳，其危害是严重的，X",
            "time": "21-12-30 01:08"
        },
        {
            "comment id": 23,
            "parent": 27,
            "children": [],
            "user id": "7610154964",
            "user name": "沅顺一",
            "content": "回复@丁宁夏夜:国有企业的部分权利就可以看出盈利为目的 1、企业有权自主作出生产经营决策 2、产品定价由企业决定 3、企业有权留用资金、实物、土地使用权 4、企业根据生产经营的需要，对一般固定资产，可以自主决定出租、抵押或者有偿转让 6、企业的工资总额与经济效益挂钩 5、企业有权拒绝任何部门和向企业摊派财力",
            "time": "21-12-30 00:57"
        },
        {
            "comment id": 24,
            "parent": 27,
            "children": [],
            "user id": "7610154964",
            "user name": "沅顺一",
            "content": "回复@丁宁夏夜:企业自负盈亏，带动其他产业或者带动就业，那个是盈利才会考虑的，不盈利就要裁员",
            "time": "21-12-30 00:46"
        },
        {
            "comment id": 25,
            "parent": 27,
            "children": [],
            "user id": "7610154964",
            "user name": "沅顺一",
            "content": "回复@丁宁夏夜:实际上大多数国企集中在水利，石油，军工 电信这类关系国家命脉的行业，一般准入门槛太高，也没有民营企业进入。高度的垄断有高利润，因为垄断市场企业有定价权，只是不能不在乎市场规律。从经济学角度看，完全垄断市场企业定价都是消费者能接受的最高价格。怎么可能不盈利",
            "time": "21-12-30 00:41"
        },
        {
            "comment id": 26,
            "parent": 27,
            "children": [],
            "user id": "7610154964",
            "user name": "沅顺一",
            "content": "回复@丁宁夏夜:1992年，国务院颁布《全民所有制工业企业转换经营机制条例》，对国有企业的经营自主权做了进一步的确定。市场经济下，公司是经济活动的最小单位，任何企业都以盈利为最终目的。",
            "time": "21-12-30 00:37"
        },
        {
            "comment id": 27,
            "parent": 28,
            "children": [
                23,
                24,
                25,
                26
            ],
            "user id": "2204317165",
            "user name": "丁宁夏夜",
            "content": "回复@沅顺一:你这是民营企业，国营企业不能这样吧。如果国营企业以利润为第一原则，那没有任何民企可以与之竞争了",
            "time": "21-12-29 22:00"
        },
        {
            "comment id": 28,
            "parent": 29,
            "children": [
                27
            ],
            "user id": "7610154964",
            "user name": "沅顺一",
            "content": "回复@丁宁夏夜:企业以盈利为目的，不盈利的是单位，先要挣钱，缓解财政压力。",
            "time": "21-12-29 21:39"
        },
        {
            "comment id": 29,
            "parent": 18,
            "children": [
                28
            ],
            "user id": "2204317165",
            "user name": "丁宁夏夜",
            "content": "员工就业，以及带动其他产业",
            "time": "21-12-29 20:43"
        },
        {
            "comment id": 30,
            "parent": -1,
            "children": [
                31,
                32
            ],
            "user id": "7398110403",
            "user name": "帝国炒家",
            "content": "能不能靠谱点？从哪来抄的数据，有脑子的人想想中国高铁都不可能2020年亏4万亿，国铁集团才亏500多亿。",
            "time": "21-12-29 20:05"
        },
        {
            "comment id": 31,
            "parent": 30,
            "children": [],
            "user id": "6446785069",
            "user name": "冷进热退1",
            "content": "400吧",
            "time": "21-12-31 12:21"
        },
        {
            "comment id": 32,
            "parent": 30,
            "children": [],
            "user id": "5495087276",
            "user name": "Ranaground小沫",
            "content": "他大概率都不知道4万亿后面有多少个零",
            "time": "21-12-30 23:15"
        },
        {
            "comment id": 33,
            "parent": -1,
            "children": [],
            "user id": "6919322608",
            "user name": "新疆天山88",
            "content": "烟草亏损简直不能容忍！世界上最好做的生意！一头猪都能经营好",
            "time": "21-12-30 02:35"
        },
        {
            "comment id": 34,
            "parent": -1,
            "children": [],
            "user id": "1035993862",
            "user name": "大头哥6336",
            "content": "看工资，有哪家企业亏损工资还坚挺",
            "time": "21-12-30 01:44"
        },
        {
            "comment id": 35,
            "parent": -1,
            "children": [
                37
            ],
            "user id": "1781479217",
            "user name": "山地啊哥",
            "content": "把中国烟草那帮领导开了吧，我亲自来……",
            "time": "21-12-30 04:58"
        },
        {
            "comment id": 36,
            "parent": 37,
            "children": [],
            "user id": "1781479217",
            "user name": "山地啊哥",
            "content": "回复@aboyywg:我们一起来吧，亏钱算我的",
            "time": "21-12-30 21:48"
        },
        {
            "comment id": 37,
            "parent": 35,
            "children": [
                36
            ],
            "user id": "1257190712",
            "user name": "aboyywg",
            "content": "我也行",
            "time": "21-12-30 13:35"
        },
        {
            "comment id": 38,
            "parent": -1,
            "children": [],
            "user id": "7437932975",
            "user name": "cnauto5012",
            "content": "石化，烟草，亏损？",
            "time": "21-12-30 14:46"
        },
        {
            "comment id": 39,
            "parent": -1,
            "children": [],
            "user id": "7403188464",
            "user name": "美味居土特产",
            "content": "严查腐败，",
            "time": "21-12-29 20:32"
        },
        {
            "comment id": 40,
            "parent": -1,
            "children": [],
            "user id": "7285598606",
            "user name": "午饭是Ibuprofen",
            "content": "已经条件反射了，什么都要对比一下恒大的2万亿",
            "time": "21-12-29 20:09"
        },
        {
            "comment id": 41,
            "parent": -1,
            "children": [],
            "user id": "3124217181",
            "user name": "愚夫更愚",
            "content": "这个是硬洗，按一个逻辑，可以洗出一批两袖清风的经营者",
            "time": "21-12-30 20:01"
        },
        {
            "comment id": 42,
            "parent": -1,
            "children": [],
            "user id": "5285170934",
            "user name": "默默往上游009",
            "content": "瞎发什么，你在哪看的中石化、中烟亏损的，另外有中国高铁这个公司吗？？？那叫中车",
            "time": "21-12-30 16:04"
        },
        {
            "comment id": 43,
            "parent": -1,
            "children": [],
            "user id": "1904341255",
            "user name": "AFP-CFP考试研习社",
            "content": "高铁都是国家基础设施建设，不能算亏！搞活经济必须保持基建！",
            "time": "21-12-30 07:54"
        },
        {
            "comment id": 44,
            "parent": -1,
            "children": [],
            "user id": "7610154964",
            "user name": "沅顺一",
            "content": "2018年，中国烟草总公司实现工商税利总额11556亿元，同比增长3.69%；上缴国家财政总额10000.8亿元，同比增长3.37%；实现工业增加值7877亿元，同比增长4.88%。2019年烟草行业实现工商税利总额12056亿元，同比增长4.3%；上缴财政总额11770亿元，同比增长17.7%",
            "time": "21-12-30 01:18"
        },
        {
            "comment id": 45,
            "parent": -1,
            "children": [],
            "user id": "1210992847",
            "user name": "言之有李",
            "content": "这个查个数很难吗？为什么要造谣呢？ ",
            "time": "21-12-29 22:06"
        }
    ]
}