{
    "source": {
        "content": "#西安明德八英里小区##西安疫情# 深夜拄着拐站排队等集中隔离的老人，襁褓中的婴儿，被倒卖的企业捐赠防疫物资，因买馒头被拳打脚踢的少年…… ",
        "time": "22-1-2 01:10",
        "user id": "5305039614",
        "tweet id": "L8OfoxFY9",
        "label": 1,
        "theme": null
    },
    "comment": [
        {
            "comment id": 0,
            "parent": -1,
            "children": [
                1,
                3,
                5
            ],
            "user id": "5305039614",
            "user name": "当时只道是寻常xxx",
            "content": "发这条微博前，我先发了朋友圈，刚发完就好几个人给我发信息让我删了，有一个还说了我几句：菜都给你送门口了，还想怎样？”我们不是无视基层做的工作，只是觉得在做某些决定时能不能多考虑一下，少一些拍脑袋就做的决定～",
            "time": "22-1-2 01:25"
        },
        {
            "comment id": 1,
            "parent": 0,
            "children": [],
            "user id": "2841062055",
            "user name": "Serena_huahua",
            "content": "我们还没收到菜呢",
            "time": "22-1-3 08:53"
        },
        {
            "comment id": 2,
            "parent": 5,
            "children": [],
            "user id": "6002466955",
            "user name": "吴平凡09384",
            "content": "回复@-陳嘉庆:都是事不关己高高挂起",
            "time": "22-1-2 23:51"
        },
        {
            "comment id": 3,
            "parent": 0,
            "children": [],
            "user id": "6225351861",
            "user name": "轻轻清清氢",
            "content": "重点是……信息好像都消失了……",
            "time": "22-1-2 18:49"
        },
        {
            "comment id": 4,
            "parent": 5,
            "children": [],
            "user id": "5305039614",
            "user name": "当时只道是寻常xxx",
            "content": "回复@-陳嘉庆:那些人应该觉得这些事都现在以后都不会发生在他们身上吧",
            "time": "22-1-2 01:31"
        },
        {
            "comment id": 5,
            "parent": 0,
            "children": [
                2,
                4
            ],
            "user id": "3873963047",
            "user name": "-陳嘉庆",
            "content": "我也是 发了朋友圈被一群人说",
            "time": "22-1-2 01:29"
        },
        {
            "comment id": 6,
            "parent": -1,
            "children": [
                7
            ],
            "user id": "7732613826",
            "user name": "百事可乐是我的快乐水",
            "content": "我天，好心酸，第一张拄着拐杖的老爷爷就把我眼泪看出来了",
            "time": "22-1-2 01:19"
        },
        {
            "comment id": 7,
            "parent": 6,
            "children": [],
            "user id": "5305039614",
            "user name": "当时只道是寻常xxx",
            "content": "真的破防了",
            "time": "22-1-2 01:20"
        },
        {
            "comment id": 8,
            "parent": -1,
            "children": [
                9,
                10,
                11,
                12,
                13
            ],
            "user id": "7432158941",
            "user name": "你的眼睛今么湿湿的",
            "content": "馒头掉地上看得我血压飙升，又气又悲伤",
            "time": "22-1-2 01:20"
        },
        {
            "comment id": 9,
            "parent": 8,
            "children": [],
            "user id": "7377088224",
            "user name": "蝉墨002",
            "content": "怎么这么过分啊",
            "time": "22-1-3 12:20"
        },
        {
            "comment id": 10,
            "parent": 8,
            "children": [],
            "user id": "5556903888",
            "user name": "我是大卓子",
            "content": "这馒头掉在地上，溅出来的都是血…..唉，一声叹息！",
            "time": "22-1-3 03:13"
        },
        {
            "comment id": 11,
            "parent": 8,
            "children": [],
            "user id": "7432158941",
            "user name": "你的眼睛今么湿湿的",
            "content": "回复 @阿彤吖_six:对！！馒头就是管饱的，家里人还要吃呢就被打翻在地上真的很难过",
            "time": "22-1-2 09:58"
        },
        {
            "comment id": 12,
            "parent": 8,
            "children": [],
            "user id": "1665120350",
            "user name": "裴晓晓_pxt",
            "content": "尤其看到评论说，他只买了馒头，只是馒头。只想保证基本的温饱而已。远在北方的我突然特别难受。",
            "time": "22-1-2 07:24"
        },
        {
            "comment id": 13,
            "parent": 8,
            "children": [],
            "user id": "5305039614",
            "user name": "当时只道是寻常xxx",
            "content": "非常强烈的无力感",
            "time": "22-1-2 01:21"
        },
        {
            "comment id": 14,
            "parent": -1,
            "children": [],
            "user id": "3873963047",
            "user name": "-陳嘉庆",
            "content": "这是2022年吗 我以为1922呢",
            "time": "22-1-2 01:12"
        },
        {
            "comment id": 15,
            "parent": -1,
            "children": [
                16
            ],
            "user id": "3579729261",
            "user name": "厉害了小瑶",
            "content": "就一整个无语，，管管吧，西安市民太难了@央视新闻 @人民日报 @中国新闻社 @澎湃新闻 @北京日报 。",
            "time": "22-1-2 01:25"
        },
        {
            "comment id": 16,
            "parent": 15,
            "children": [],
            "user id": "2523189315",
            "user name": "蓝琪儿Rebecca",
            "content": "谢谢你为西安人民发声",
            "time": "22-1-2 14:19"
        },
        {
            "comment id": 17,
            "parent": -1,
            "children": [],
            "user id": "6487151085",
            "user name": "谁的小熊遗落了",
            "content": "第一张那个老爷爷给我整破防了",
            "time": "22-1-2 01:24"
        },
        {
            "comment id": 18,
            "parent": -1,
            "children": [],
            "user id": "2848604941",
            "user name": "仲夏兔",
            "content": "就这四张图给我看哭了 太难受了 怎么会这样",
            "time": "22-1-2 01:21"
        },
        {
            "comment id": 19,
            "parent": -1,
            "children": [],
            "user id": "2886041984",
            "user name": "看伱嗎个哔",
            "content": "",
            "time": "22-1-2 01:28"
        },
        {
            "comment id": 20,
            "parent": -1,
            "children": [],
            "user id": "5751797395",
            "user name": "萋萋的十里脑花",
            "content": "什么魔幻？？不实消息？？才几十转就处理了？？？",
            "time": "22-1-7 11:24"
        },
        {
            "comment id": 21,
            "parent": -1,
            "children": [],
            "user id": "1665120350",
            "user name": "裴晓晓_pxt",
            "content": "哈哈哈哈神他妈不实消息！",
            "time": "22-1-7 00:59"
        },
        {
            "comment id": 22,
            "parent": -1,
            "children": [
                23
            ],
            "user id": "1027229183",
            "user name": "今天拥有史迪奇了吗",
            "content": "就是这个@魔豆本豆渣儿",
            "time": "22-1-4 11:07"
        },
        {
            "comment id": 23,
            "parent": 22,
            "children": [],
            "user id": "5664311275",
            "user name": "魔豆本豆渣儿",
            "content": "唉，赶紧过去吧疫情😔",
            "time": "22-1-4 14:21"
        },
        {
            "comment id": 24,
            "parent": -1,
            "children": [],
            "user id": "7707974124",
            "user name": "晋守",
            "content": "除了祝愿大家度过难关，我也做不了什么。希望城市管理者能把人民当成人，而不是数字。",
            "time": "22-1-4 10:32"
        },
        {
            "comment id": 25,
            "parent": -1,
            "children": [],
            "user id": "2454672523",
            "user name": "爱喵爱歌爱生活",
            "content": "@央视新闻 @人民日报 @新华网 看看吧",
            "time": "22-1-3 06:56"
        },
        {
            "comment id": 26,
            "parent": -1,
            "children": [],
            "user id": "5575403824",
            "user name": "六楼彩虹花园",
            "content": "刚刷小红书，有个正在居家隔离的妈妈说有人通知她家那栋楼要去集中隔离，她家有两个10个月大的宝宝，现在不知道该怎么办。真希望有人可以帮帮她",
            "time": "22-1-3 03:35"
        },
        {
            "comment id": 27,
            "parent": -1,
            "children": [],
            "user id": "2006184863",
            "user name": "我是甜筒儿",
            "content": "求求上热搜，救救西安老百姓",
            "time": "22-1-3 01:04"
        },
        {
            "comment id": 28,
            "parent": -1,
            "children": [],
            "user id": "3968946330",
            "user name": "浪漫漫畫家__",
            "content": "@我不叫杨-立-羽",
            "time": "22-1-3 00:41"
        },
        {
            "comment id": 29,
            "parent": -1,
            "children": [],
            "user id": "6057384306",
            "user name": "xiguahaotian",
            "content": "我今天看了一个视频，一个抱着婴儿的妈妈给防疫人员跪下了",
            "time": "22-1-3 00:19"
        },
        {
            "comment id": 30,
            "parent": -1,
            "children": [],
            "user id": "6057384306",
            "user name": "xiguahaotian",
            "content": "倒卖物资没人查吗，不犯法吗？",
            "time": "22-1-3 00:19"
        },
        {
            "comment id": 31,
            "parent": -1,
            "children": [],
            "user id": "3501870482",
            "user name": "五行缺金小佛爷",
            "content": "大长安帅爆了… 长治久安？",
            "time": "22-1-2 23:52"
        },
        {
            "comment id": 32,
            "parent": -1,
            "children": [],
            "user id": "6093485132",
            "user name": "无心爱抽风",
            "content": "西安这回是羞皮了",
            "time": "22-1-2 23:20"
        },
        {
            "comment id": 33,
            "parent": -1,
            "children": [],
            "user id": "1360077195",
            "user name": "鹿鹿羊7",
            "content": "这才是真实的社会",
            "time": "22-1-2 22:51"
        },
        {
            "comment id": 34,
            "parent": -1,
            "children": [],
            "user id": "1480363914",
            "user name": "幸运的Stone宁",
            "content": "这些个身影里边永远没有人家",
            "time": "22-1-2 22:50"
        },
        {
            "comment id": 35,
            "parent": -1,
            "children": [],
            "user id": "3919448988",
            "user name": "龟龟崽的",
            "content": "丑态百出",
            "time": "22-1-2 21:07"
        },
        {
            "comment id": 36,
            "parent": -1,
            "children": [],
            "user id": "5471515677",
            "user name": "和派克特一起减肥",
            "content": "@芝麻酱-E",
            "time": "22-1-2 20:09"
        },
        {
            "comment id": 37,
            "parent": -1,
            "children": [],
            "user id": "1794535750",
            "user name": "njuliudx",
            "content": "转发微博",
            "time": "22-1-2 19:02"
        },
        {
            "comment id": 38,
            "parent": -1,
            "children": [],
            "user id": "1400442064",
            "user name": "西岭小土豆",
            "content": "一个城市，硬件2线，软件18线。",
            "time": "22-1-2 17:48"
        },
        {
            "comment id": 39,
            "parent": -1,
            "children": [],
            "user id": "1800430942",
            "user name": "Cci_诗",
            "content": "天啊[淚]！好心酸！",
            "time": "22-1-2 09:54"
        },
        {
            "comment id": 40,
            "parent": -1,
            "children": [],
            "user id": "7070391248",
            "user name": "嗯就这样0976",
            "content": "垃圾政府！草芥人命",
            "time": "22-1-2 09:48"
        },
        {
            "comment id": 41,
            "parent": -1,
            "children": [],
            "user id": "6224521464",
            "user name": "Maker吃",
            "content": "@人民日报",
            "time": "22-1-2 09:41"
        },
        {
            "comment id": 42,
            "parent": -1,
            "children": [],
            "user id": "6749805897",
            "user name": "proooro",
            "content": "见怪不怪。。。",
            "time": "22-1-2 05:05"
        },
        {
            "comment id": 43,
            "parent": -1,
            "children": [],
            "user id": "5109760499",
            "user name": "美女发布会",
            "content": "求转发我的，让热搜继续 快顶起来",
            "time": "22-1-2 04:19"
        },
        {
            "comment id": 44,
            "parent": -1,
            "children": [],
            "user id": "7634293529",
            "user name": "豆丁乳猪",
            "content": "当了妈的，看不到这样的宝宝太难受了，西安本地人都没有得到保障，外地人怎么办",
            "time": "22-1-2 02:11"
        },
        {
            "comment id": 45,
            "parent": -1,
            "children": [],
            "user id": "6394208823",
            "user name": "如梦无痕54246",
            "content": "@人民日报 @央视新闻",
            "time": "22-1-2 02:09"
        },
        {
            "comment id": 46,
            "parent": -1,
            "children": [],
            "user id": "3907909069",
            "user name": "Way_up_on_high",
            "content": "谁再说西安不会抄作业？这捐赠物资不是经典老番？",
            "time": "22-1-2 02:04"
        },
        {
            "comment id": 47,
            "parent": -1,
            "children": [],
            "user id": "5359418548",
            "user name": "努力不焦虑的M80",
            "content": "气死我了",
            "time": "22-1-2 01:44"
        },
        {
            "comment id": 48,
            "parent": -1,
            "children": [],
            "user id": "2927877897",
            "user name": "小吃货爱科比",
            "content": "@___来日可期",
            "time": "22-1-2 01:39"
        },
        {
            "comment id": 49,
            "parent": -1,
            "children": [],
            "user id": "2516438571",
            "user name": "你在教我做事喽",
            "content": "难过😔",
            "time": "22-1-2 01:38"
        },
        {
            "comment id": 50,
            "parent": -1,
            "children": [
                51
            ],
            "user id": "2826151220",
            "user name": "Leaf_kai",
            "content": "你这微博估计也会被…",
            "time": "22-1-2 01:38"
        },
        {
            "comment id": 51,
            "parent": 50,
            "children": [],
            "user id": "5305039614",
            "user name": "当时只道是寻常xxx",
            "content": "要是把删帖控制舆论这种精力放在保障民生上，也不会发生这些事",
            "time": "22-1-2 01:40"
        },
        {
            "comment id": 52,
            "parent": -1,
            "children": [],
            "user id": "6552090038",
            "user name": "wheredoesthegoodgo",
            "content": "不敢相信这发生在一个省会城市",
            "time": "22-1-2 01:35"
        },
        {
            "comment id": 53,
            "parent": -1,
            "children": [],
            "user id": "2583742512",
            "user name": "_anyway",
            "content": "老人的帖子被删了 现在可能是文化大革命时期",
            "time": "22-1-2 01:35"
        },
        {
            "comment id": 54,
            "parent": -1,
            "children": [
                55
            ],
            "user id": "2219596892",
            "user name": "吕知溪",
            "content": "羞先人里，这抗疫简直了，不知道抗的是疫情还是老百姓",
            "time": "22-1-2 01:30"
        },
        {
            "comment id": 55,
            "parent": 54,
            "children": [],
            "user id": "6002466955",
            "user name": "吴平凡09384",
            "content": "自己无能的后果让老百姓承担",
            "time": "22-1-2 23:53"
        },
        {
            "comment id": 56,
            "parent": -1,
            "children": [],
            "user id": "6239094755",
            "user name": "_郁子Flora",
            "content": "@一路长安呀  太难受了",
            "time": "22-1-2 01:29"
        },
        {
            "comment id": 57,
            "parent": -1,
            "children": [],
            "user id": "1659428497",
            "user name": "张错错",
            "content": "真的要气死 热度还不停的降 代入一下自己家老人被这样对待真的是不能忍",
            "time": "22-1-2 01:28"
        },
        {
            "comment id": 58,
            "parent": -1,
            "children": [],
            "user id": "6250211092",
            "user name": "大萌濛子",
            "content": "孩子太可怜了，这就不是天灾是人祸",
            "time": "22-1-2 01:27"
        },
        {
            "comment id": 59,
            "parent": -1,
            "children": [],
            "user id": "1347896474",
            "user name": "止退机构",
            "content": "图一二三都能洗，图三威猛先生里兑硫酸也说不清了。",
            "time": "22-1-2 01:23"
        },
        {
            "comment id": 60,
            "parent": -1,
            "children": [],
            "user id": "2290453134",
            "user name": "may洁洁娃",
            "content": "第二张图我直接泪奔 那么小的宝宝  政府都在吃屎",
            "time": "22-1-2 01:22"
        },
        {
            "comment id": 61,
            "parent": -1,
            "children": [],
            "user id": "3115936975",
            "user name": "难追丶难回味",
            "content": "我就想说。操！",
            "time": "22-1-2 01:22"
        },
        {
            "comment id": 62,
            "parent": -1,
            "children": [],
            "user id": "5675131518",
            "user name": "Redamancy-8",
            "content": "@央视新闻 @人民日报",
            "time": "22-1-2 01:20"
        },
        {
            "comment id": 63,
            "parent": -1,
            "children": [],
            "user id": "5758400096",
            "user name": "伊沫小七",
            "content": "心寒",
            "time": "22-1-2 01:19"
        },
        {
            "comment id": 64,
            "parent": -1,
            "children": [],
            "user id": "1747931644",
            "user name": "捧猫少女RK",
            "content": "",
            "time": "22-1-2 01:18"
        },
        {
            "comment id": 65,
            "parent": -1,
            "children": [],
            "user id": "5305039614",
            "user name": "当时只道是寻常xxx",
            "content": "难过到根本无心睡眠",
            "time": "22-1-2 01:14"
        },
        {
            "comment id": 66,
            "parent": -1,
            "children": [],
            "user id": "5401766265",
            "user name": "阿飘Melissa",
            "content": "气死了气死了😡",
            "time": "22-1-2 01:12"
        }
    ]
}