{
    "source": {
        "content": "【核酸采样的个人注意事项】\n\n转发西北某市的经验教训，据悉近期西北某市确诊新冠病毒人群中超一半是在核酸检测过程中被感染的。\n\n为了避免此类事情继续发生，总结了核酸采样中需要高度重视的几个问题分享给大家，请大家在近期核酸检测时多加注意：\n\n①前面的受测者结束后不要立即上前，更不能马上取下口罩张嘴等候采样。应该是在保持安全距离的基础上，待医生完成双手消毒，拿出新棉签后，迅速上前脱下口罩张嘴采样，采样时应屏住呼吸，取样结束后立刻带好口罩 。\n\n②不要用手直接接触医护人员操作台上的物品，更不要把钥匙、手机、身份证这类物品寄放在台面上。\n \n③一定要避免采样结束马上到旁边的垃圾桶吐口水，这么做非常危险，就是病毒感染的主要途径。医护人员的采样棉签是无菌的，测试后产生唾液是正常现象，直接吞咽是没有问题的。\n\n④采样结束应立即回家用肥皂或洗手液仔细洗手。\n       \n以上是对核酸采样过程的一些建议，仅供参考。最后，祝愿大家远离病毒，平安健康。 \n———————————\n【2022开年讲：明天下午见】\n\n富通赞助@尹香武 1-9本周日、即明天下午的《2022开年讲》网页链接，需持48小时检测方可入场。已报名者请今天去做核酸，各社区都有免费检测。有疑问找19864581383小参。本周日、即明天下午福田，见证首发级内容。\n———————————\n【系列荐阅，财富大礼】\n咨询我：微博正文\n⑴2022虎年房价和投资预判：网页链接\n⑵房产税/房地产税前瞻：网页链接\n⑶楼市股市对比与把握：网页链接\n⑷东莞及其楼市研究集：网页链接\n⑸年龄/身价对应的投资讲究：网页链接\n⑹汽车与恒产观：网页链接\n⑺城市投资价值对比：网页链接\n⑻大湾区/示范区/特区系列：网页链接\n⑼地产与经济政策研判：网页链接\n⑽房价走势与价值投资：网页链接\n⑾片区、土地的分析：网页链接\n⑿武汉楼市及楼盘研究：网页链接\n⒀楼盘研究与比选：网页链接\n⒁风水、房地产与你我：网页链接\n⒂广州及其楼市研究集：网页链接\n⒃房地产投资速成系列：网页链接\n⒄尹香武演讲速记：网页链接\n⒅尹香武的随笔：网页链接\n⒆购房比选的黑科技：网页链接 \n⒇行业、人事与房企研究集：网页链接\n———————————",
        "time": "22-1-8 10:10",
        "user id": "1948030305",
        "tweet id": "L9MlCjV5I",
        "label": 1,
        "theme": null
    },
    "comment": [
        {
            "comment id": 0,
            "parent": -1,
            "children": [
                1
            ],
            "user id": "3690426822",
            "user name": "墨锦清鲤z",
            "content": "此消息为不实消息已处理。很明显就可以看出你是什么样的人说什么样的话，你只是为了流量而已，你不在乎华为也好Oppo也好 小米也好，你只是想要的是流量从中获利。",
            "time": "22-1-8 19:03"
        },
        {
            "comment id": 1,
            "parent": 0,
            "children": [],
            "user id": "1948030305",
            "user name": "尹香武",
            "content": "所以你这种人是蠢货。仔细看看这个微博有没有道理。如果连这都看不懂，你家有墙壁的。你这种二百五，跑我这儿来干什么？",
            "time": "22-1-8 19:06"
        },
        {
            "comment id": 2,
            "parent": -1,
            "children": [],
            "user id": "1922673552",
            "user name": "一往无前的通通",
            "content": "确实不是超过一半啊，是有一些而已",
            "time": "22-1-8 20:07"
        },
        {
            "comment id": 3,
            "parent": -1,
            "children": [],
            "user id": "1611944890",
            "user name": "Desperado0000",
            "content": "@瞌睡虫喔",
            "time": "22-1-8 16:53"
        },
        {
            "comment id": 4,
            "parent": -1,
            "children": [],
            "user id": "6158918175",
            "user name": "海外韭菜",
            "content": "最近咳嗽吐痰的人特别多，戴好口罩",
            "time": "22-1-8 15:30"
        },
        {
            "comment id": 5,
            "parent": -1,
            "children": [],
            "user id": "2335920427",
            "user name": "此刻书小生",
            "content": "没想到，疫情是因为抗疫而加剧了。。所以，有时候过分恐惧着急扎堆检测反而坏事，按部就班来就好了，科学认知病毒，一开始低基数是很难传播的，只要能及时发现查出隔离就都能搞定，不要急不要乱",
            "time": "22-1-8 10:25"
        }
    ]
}