{
    "source": {
        "content": "第十七天\n\n群里炸锅了，都这时候了居然还有十几轮核酸都没有做过的老人。纵然有上年纪行动不便的困难，但事关全城一千多万人的生活，每个公民都应该全力配合。自身有困难应及时给物业和社区报备情况，千万不能心存侥幸，以为自己一直不出门就没事。因为这个事情，最近又开始了天天核酸，一言难尽。西安：我太难了！！！\n报备：今天又给发了牛奶。#西安加油# ",
        "time": "22-1-8 22:43",
        "user id": "3917293895",
        "tweet id": "L9RgWpdgG",
        "label": 1,
        "theme": null
    },
    "comment": [
        {
            "comment id": 0,
            "parent": -1,
            "children": [
                5,
                6
            ],
            "user id": "3147732841",
            "user name": "Assassin小瑜",
            "content": "你也信？",
            "time": "22-1-9 08:57"
        },
        {
            "comment id": 1,
            "parent": 2,
            "children": [],
            "user id": "3147732841",
            "user name": "Assassin小瑜",
            "content": "回复@远方不远01:我不管我就看见你发的",
            "time": "22-1-9 11:31"
        },
        {
            "comment id": 2,
            "parent": 3,
            "children": [
                1
            ],
            "user id": "3917293895",
            "user name": "远方不远01",
            "content": "回复@Assassin小瑜:我说的是那四个80多岁的老人，定边沙漠这个一看就是假的",
            "time": "22-1-9 11:29"
        },
        {
            "comment id": 3,
            "parent": 4,
            "children": [
                2
            ],
            "user id": "3147732841",
            "user name": "Assassin小瑜",
            "content": "回复@远方不远01:你也不想想定边沙漠背的什么锅",
            "time": "22-1-9 11:29"
        },
        {
            "comment id": 4,
            "parent": 5,
            "children": [
                3
            ],
            "user id": "3917293895",
            "user name": "远方不远01",
            "content": "回复@Assassin小瑜:今天我看出来辟谣了，这造谣的人真是闲的蛋疼，我们望眼欲穿的等着解封，他这是干啥",
            "time": "22-1-9 10:32"
        },
        {
            "comment id": 5,
            "parent": 0,
            "children": [
                4
            ],
            "user id": "3147732841",
            "user name": "Assassin小瑜",
            "content": "我信",
            "time": "22-1-9 10:31"
        },
        {
            "comment id": 6,
            "parent": 0,
            "children": [],
            "user id": "3917293895",
            "user name": "远方不远01",
            "content": "我们小区就有好几轮不做核酸的，直接变红码。然后被贴了封条。",
            "time": "22-1-9 08:59"
        }
    ]
}