{
    "source": {
        "content": "小区内直接开始烧了？？？？ ",
        "time": "22-1-6 23:01",
        "user id": "2527067691",
        "tweet id": "L9yxurXyy",
        "label": 1,
        "theme": null
    },
    "comment": [
        {
            "comment id": 0,
            "parent": -1,
            "children": [],
            "user id": "6420207784",
            "user name": "1024专员",
            "content": "烧的应该是道具吧",
            "time": "22-1-7 13:45"
        },
        {
            "comment id": 1,
            "parent": -1,
            "children": [
                2
            ],
            "user id": "3179651134",
            "user name": "青春是那么的痛",
            "content": "问我有好东西",
            "time": "22-1-7 19:27"
        },
        {
            "comment id": 2,
            "parent": 1,
            "children": [],
            "user id": "3179651134",
            "user name": "青春是那么的痛",
            "content": "支持一下",
            "time": "22-1-7 19:27"
        },
        {
            "comment id": 3,
            "parent": -1,
            "children": [
                4
            ],
            "user id": "7285273844",
            "user name": "忧郁的穷孩子",
            "content": "牛逼",
            "time": "22-1-6 23:13"
        },
        {
            "comment id": 4,
            "parent": 3,
            "children": [],
            "user id": "6344293508",
            "user name": "有些懒得呼吸",
            "content": "公知抓住就造谣",
            "time": "22-1-7 15:17"
        },
        {
            "comment id": 5,
            "parent": -1,
            "children": [],
            "user id": "1415000481",
            "user name": "大锅的缸缸",
            "content": "再说这是烧纸啊，想什么呢，以为是印度？",
            "time": "22-1-7 00:02"
        },
        {
            "comment id": 6,
            "parent": -1,
            "children": [],
            "user id": "5524206461",
            "user name": "六五TAOTAO",
            "content": "什么情况？？",
            "time": "22-1-6 23:53"
        },
        {
            "comment id": 7,
            "parent": -1,
            "children": [],
            "user id": "1415000481",
            "user name": "大锅的缸缸",
            "content": "红衣服是道士，请来做法的",
            "time": "22-1-7 00:01"
        },
        {
            "comment id": 8,
            "parent": -1,
            "children": [
                9
            ],
            "user id": "6090589244",
            "user name": "WYATT442311",
            "content": "印度那味儿了",
            "time": "22-1-7 02:36"
        },
        {
            "comment id": 9,
            "parent": 8,
            "children": [],
            "user id": "7723885519",
            "user name": "温州禁犬号召局",
            "content": "标记为不实信息",
            "time": "22-1-8 19:31"
        },
        {
            "comment id": 10,
            "parent": -1,
            "children": [],
            "user id": "2304114491",
            "user name": "名偵探-柯楊",
            "content": "烤肉",
            "time": "22-1-6 23:15"
        },
        {
            "comment id": 11,
            "parent": -1,
            "children": [],
            "user id": "2827035280",
            "user name": "ANT-神無月",
            "content": "假的吧",
            "time": "22-1-6 23:07"
        },
        {
            "comment id": 12,
            "parent": -1,
            "children": [],
            "user id": "2716488994",
            "user name": "莫文教授跑丢的灵性",
            "content": "纸人",
            "time": "22-1-7 20:21"
        },
        {
            "comment id": 13,
            "parent": -1,
            "children": [],
            "user id": "1153468031",
            "user name": "卡内奇的森林",
            "content": "植物翠绿不是目前西安的气候，所以不要往西安联系",
            "time": "22-1-7 18:25"
        },
        {
            "comment id": 14,
            "parent": -1,
            "children": [],
            "user id": "6198343669",
            "user name": "大艾薇儿姐姐",
            "content": "卧槽？",
            "time": "22-1-7 17:51"
        },
        {
            "comment id": 15,
            "parent": -1,
            "children": [],
            "user id": "3432047574",
            "user name": "chianinfo",
            "content": "已举报，有人帮联系下网警吗？",
            "time": "22-1-7 17:15"
        },
        {
            "comment id": 16,
            "parent": -1,
            "children": [],
            "user id": "5898713158",
            "user name": "黑眼睛在黑夜里",
            "content": "卧槽",
            "time": "22-1-7 16:00"
        },
        {
            "comment id": 17,
            "parent": -1,
            "children": [],
            "user id": "5124669267",
            "user name": "Simple_life888",
            "content": "卧槽",
            "time": "22-1-7 15:52"
        },
        {
            "comment id": 18,
            "parent": -1,
            "children": [],
            "user id": "6344207460",
            "user name": "马可种菠萝",
            "content": "我感觉你越来越过了，为了流量啥谣都敢传",
            "time": "22-1-7 15:32"
        },
        {
            "comment id": 19,
            "parent": -1,
            "children": [],
            "user id": "6868484694",
            "user name": "诺克萨斯抄手",
            "content": "等着蹲号子吧",
            "time": "22-1-7 15:20"
        },
        {
            "comment id": 20,
            "parent": -1,
            "children": [],
            "user id": "1774005250",
            "user name": "konzen",
            "content": "披麻戴孝的 ，还有个道士，一看就是做法烧祭品",
            "time": "22-1-7 15:19"
        },
        {
            "comment id": 21,
            "parent": -1,
            "children": [],
            "user id": "1785886675",
            "user name": "契讌-",
            "content": "@中国消防",
            "time": "22-1-7 15:04"
        },
        {
            "comment id": 22,
            "parent": -1,
            "children": [],
            "user id": "1431894501",
            "user name": "滋润牛",
            "content": "已经到这个程度了吗",
            "time": "22-1-7 14:56"
        },
        {
            "comment id": 23,
            "parent": -1,
            "children": [],
            "user id": "1657419335",
            "user name": "TheBimmer",
            "content": "没弄清事实，这样揣测就发合适吗？",
            "time": "22-1-7 14:36"
        },
        {
            "comment id": 24,
            "parent": -1,
            "children": [],
            "user id": "1781976555",
            "user name": "忒凹TAO",
            "content": "虽然但是，这个人的头发是怎么回事 网页链接",
            "time": "22-1-7 14:32"
        },
        {
            "comment id": 25,
            "parent": -1,
            "children": [],
            "user id": "1602086571",
            "user name": "ycy73com",
            "content": "貌似有道士，部分人员没有佩戴口罩。",
            "time": "22-1-7 14:29"
        },
        {
            "comment id": 26,
            "parent": -1,
            "children": [],
            "user id": "5340079629",
            "user name": "jungleVIP_",
            "content": "举报了",
            "time": "22-1-7 08:02"
        },
        {
            "comment id": 27,
            "parent": -1,
            "children": [],
            "user id": "7246626804",
            "user name": "是周凡吖",
            "content": "都用自己的脑袋想想，可能么？",
            "time": "22-1-7 04:06"
        },
        {
            "comment id": 28,
            "parent": -1,
            "children": [],
            "user id": "6046496146",
            "user name": "Big丹08",
            "content": "这图武汉那会就看过",
            "time": "22-1-7 01:25"
        },
        {
            "comment id": 29,
            "parent": -1,
            "children": [],
            "user id": "5899692741",
            "user name": "地道老维京",
            "content": "kkk拆尼斯分部？",
            "time": "22-1-7 11:20"
        },
        {
            "comment id": 30,
            "parent": -1,
            "children": [],
            "user id": "2469094134",
            "user name": "Moryson",
            "content": "卧槽？",
            "time": "22-1-7 11:16"
        },
        {
            "comment id": 31,
            "parent": -1,
            "children": [],
            "user id": "1758868532",
            "user name": "林曉迪",
            "content": "@想住在树屋里-meow",
            "time": "22-1-7 09:51"
        },
        {
            "comment id": 32,
            "parent": -1,
            "children": [],
            "user id": "5092873817",
            "user name": "看看WB还在不",
            "content": "这图是爷爷辈了，早已P出几代了",
            "time": "22-1-7 02:03"
        },
        {
            "comment id": 33,
            "parent": -1,
            "children": [],
            "user id": "1652770955",
            "user name": "皮不动稳不住",
            "content": "小区一股烤人肉味儿？？？",
            "time": "22-1-7 01:00"
        },
        {
            "comment id": 34,
            "parent": -1,
            "children": [],
            "user id": "3741104537",
            "user name": "贾乙丙丁1",
            "content": "你去问图片作者啊，问问哪里？？",
            "time": "22-1-7 00:30"
        },
        {
            "comment id": 35,
            "parent": -1,
            "children": [],
            "user id": "2826730011",
            "user name": "长剑飘白衣的紫道长",
            "content": "🙏🙏🙏",
            "time": "22-1-6 23:03"
        },
        {
            "comment id": 36,
            "parent": -1,
            "children": [],
            "user id": "2073484825",
            "user name": "保险彬",
            "content": "肯定是道具啊",
            "time": "22-1-7 13:50"
        },
        {
            "comment id": 37,
            "parent": -1,
            "children": [
                39
            ],
            "user id": "5743471778",
            "user name": "小张小张-自有主张",
            "content": "@呸呸擦擦",
            "time": "22-1-7 11:53"
        },
        {
            "comment id": 38,
            "parent": 39,
            "children": [],
            "user id": "5743471778",
            "user name": "小张小张-自有主张",
            "content": "回复@呸呸擦擦:死了就会变色的，应该是发紫发黑",
            "time": "22-1-7 12:06"
        },
        {
            "comment id": 39,
            "parent": 37,
            "children": [
                38
            ],
            "user id": "5784901509",
            "user name": "呸呸擦擦",
            "content": "为什么医生是黄皮肤，躺着的是黑色的",
            "time": "22-1-7 12:06"
        },
        {
            "comment id": 40,
            "parent": -1,
            "children": [],
            "user id": "6251918978",
            "user name": "置身死地而后生-",
            "content": "@州牧-",
            "time": "22-1-7 07:05"
        }
    ]
}