{
    "source": {
        "content": "本来已经社会面清零了，安阳跑回来一个瞒报行程的奥密克戎，又要全员核酸了，害…  ",
        "time": "22-1-15 11:12",
        "user id": "1733326334",
        "tweet id": "LaQK7eEfL",
        "label": 1,
        "theme": null
    },
    "comment": [
        {
            "comment id": 0,
            "parent": -1,
            "children": [
                3,
                7
            ],
            "user id": "2030866647",
            "user name": "i钢铁男子",
            "content": "我去，这个人真是罪大恶极",
            "time": "22-1-15 11:32"
        },
        {
            "comment id": 1,
            "parent": 2,
            "children": [],
            "user id": "1733326334",
            "user name": "铱丁蜀黍",
            "content": "回复@i钢铁男子:辟谣是针对病毒类型不是奥密克戎，但瞒报行程跟阳性确诊是真的",
            "time": "22-1-15 20:41"
        },
        {
            "comment id": 2,
            "parent": 3,
            "children": [
                1
            ],
            "user id": "2030866647",
            "user name": "i钢铁男子",
            "content": "回复@铱丁蜀黍:扯了半天，原来是场空",
            "time": "22-1-15 19:19"
        },
        {
            "comment id": 3,
            "parent": 0,
            "children": [
                2
            ],
            "user id": "1733326334",
            "user name": "铱丁蜀黍",
            "content": "被辟谣了",
            "time": "22-1-15 16:48"
        },
        {
            "comment id": 4,
            "parent": 5,
            "children": [],
            "user id": "2030866647",
            "user name": "i钢铁男子",
            "content": "回复@铱丁蜀黍:真是老鼠屎",
            "time": "22-1-15 12:37"
        },
        {
            "comment id": 5,
            "parent": 6,
            "children": [
                4
            ],
            "user id": "1733326334",
            "user name": "铱丁蜀黍",
            "content": "回复@i钢铁男子:肯定不会好过，刑事责任+道德谴责",
            "time": "22-1-15 11:57"
        },
        {
            "comment id": 6,
            "parent": 7,
            "children": [
                5
            ],
            "user id": "2030866647",
            "user name": "i钢铁男子",
            "content": "回复@铱丁蜀黍:这种人，应该从重处罚！",
            "time": "22-1-15 11:52"
        },
        {
            "comment id": 7,
            "parent": 0,
            "children": [
                6
            ],
            "user id": "1733326334",
            "user name": "铱丁蜀黍",
            "content": "侥幸心理的人一直都不少",
            "time": "22-1-15 11:38"
        }
    ]
}