{
    "source": {
        "content": "女子拍摄家乡发水瞬间竟有人闲逛，下一秒泥水袭来男子的举动亮了  小小骄傲电影的微博视频 ",
        "time": "22-1-20 22:18",
        "user id": "2270747535",
        "tweet id": "LbGf3aeMd",
        "label": 1,
        "theme": null
    },
    "comment": [
        {
            "comment id": 0,
            "parent": -1,
            "children": [],
            "user id": "1852160753",
            "user name": "ON_1990",
            "content": "这些自以为是的人往往就是为什么消防员牺牲那么多的原因",
            "time": "22-2-1 17:28"
        },
        {
            "comment id": 1,
            "parent": -1,
            "children": [],
            "user id": "1974517443",
            "user name": "行者曰",
            "content": "这一看就是水渠，我们家旁边也有，黄河引过来的，用于灌溉，每年这样两三次",
            "time": "22-2-2 01:20"
        },
        {
            "comment id": 2,
            "parent": -1,
            "children": [],
            "user id": "6098143961",
            "user name": "Bill_201701",
            "content": "估计不是第一次经历了",
            "time": "22-2-1 12:33"
        },
        {
            "comment id": 3,
            "parent": -1,
            "children": [],
            "user id": "6024020836",
            "user name": "萌兔五笙",
            "content": "这人站的挺高的",
            "time": "22-1-31 13:31"
        },
        {
            "comment id": 4,
            "parent": -1,
            "children": [],
            "user id": "1202148242",
            "user name": "帅呆了都",
            "content": "人家自己都不怕死，你跟着操什么心？",
            "time": "22-2-3 10:29"
        },
        {
            "comment id": 5,
            "parent": -1,
            "children": [],
            "user id": "2393095292",
            "user name": "有人斯有土",
            "content": "男子站的地方比下面高多了，怕个锤子",
            "time": "22-2-3 00:08"
        },
        {
            "comment id": 6,
            "parent": -1,
            "children": [],
            "user id": "2735603053",
            "user name": "灰心的blog",
            "content": "他会觉得自己很牛逼",
            "time": "22-2-3 08:21"
        },
        {
            "comment id": 7,
            "parent": -1,
            "children": [],
            "user id": "1902632153",
            "user name": "咩咕猫",
            "content": "还冲来一辆烂车",
            "time": "22-1-29 02:19"
        },
        {
            "comment id": 8,
            "parent": -1,
            "children": [],
            "user id": "5138925933",
            "user name": "花启言",
            "content": "自以为对你好的人，总是以觉得危险来干涉你的自由",
            "time": "22-2-2 21:49"
        },
        {
            "comment id": 9,
            "parent": -1,
            "children": [],
            "user id": "1881452114",
            "user name": "firedragen",
            "content": "你确定不是上流水闸放水？",
            "time": "22-2-3 16:51"
        },
        {
            "comment id": 10,
            "parent": -1,
            "children": [],
            "user id": "5831191725",
            "user name": "大旭子呦",
            "content": "因为那边不是河道。。。",
            "time": "22-2-3 14:14"
        },
        {
            "comment id": 11,
            "parent": -1,
            "children": [],
            "user id": "1832985207",
            "user name": "我怎么就不是糟老头子",
            "content": "什么小车🚗，就一空壳",
            "time": "22-2-3 19:27"
        },
        {
            "comment id": 12,
            "parent": -1,
            "children": [],
            "user id": "2799760291",
            "user name": "卡卡-布布",
            "content": "咸吃萝卜淡操心",
            "time": "22-2-3 15:34"
        }
    ]
}