{
    "source": {
        "content": "女大学生做得过分吗？大家评一评：\n\n女大学生扶起自己跌倒的老人打了120并陪同去了医院。拿出自己的生活费垫付了一千多元医药费，老人的儿女到医院后，老人却一口咬定是大学生撞到她的，于是老人儿女恶语相加不但拒还垫付的一千多医药费，还要大学生赔偿五千。\n\n于是，大学生寒心了立即报警，警察调取监控才还了大学生清白，女大学生要求老人及子女赔偿，其精神损失费五万元，不然要求警察以敲诈勒索罪将其刑事拘留。任何人劝说，但这位女大学生就是半步不让，态度坚定！（创业主持人峰少）",
        "time": "22-1-22 17:40",
        "user id": "3176105483",
        "tweet id": "LbXh100lQ",
        "label": 1,
        "theme": null
    },
    "comment": [
        {
            "comment id": 0,
            "parent": -1,
            "children": [],
            "user id": "2154665737",
            "user name": "槟仔沐微博",
            "content": "之前送老人去医院，是公德心，之后寸步不让要赔偿，还是公德心。该扶的要扶，该惩的要惩。",
            "time": "22-1-23 03:08"
        },
        {
            "comment id": 1,
            "parent": -1,
            "children": [],
            "user id": "3146601170",
            "user name": "闻经读典",
            "content": "一码归一码，到这个地步不过分了",
            "time": "22-1-22 17:43"
        },
        {
            "comment id": 2,
            "parent": -1,
            "children": [],
            "user id": "2057695997",
            "user name": "快乐的蛐蛐1204",
            "content": "是我！我也这么干！假如没有摄像头调监控！这些人更不要脸！",
            "time": "22-1-22 17:53"
        },
        {
            "comment id": 3,
            "parent": -1,
            "children": [],
            "user id": "3285301911",
            "user name": "拍拍熊jasminhua",
            "content": "给这位学生点赞，支持",
            "time": "22-1-22 20:24"
        },
        {
            "comment id": 4,
            "parent": -1,
            "children": [
                5
            ],
            "user id": "1278691285",
            "user name": "龙飝2016",
            "content": "不过分，要少了",
            "time": "22-1-22 22:57"
        },
        {
            "comment id": 5,
            "parent": 4,
            "children": [],
            "user id": "7393885419",
            "user name": "江城子在江边v3",
            "content": "支持",
            "time": "22-1-23 18:58"
        },
        {
            "comment id": 6,
            "parent": -1,
            "children": [],
            "user id": "7714998104",
            "user name": "万年体寒",
            "content": "如果这个是真事，我可以说我内心是支持这位女大学生的做法的吗",
            "time": "22-1-22 21:07"
        },
        {
            "comment id": 7,
            "parent": -1,
            "children": [],
            "user id": "3127298131",
            "user name": "殿前白丁",
            "content": "然后司法调解，五万太少不足以儆效尤，十万最少，社会风气需要上机倡导！",
            "time": "22-1-22 20:44"
        },
        {
            "comment id": 8,
            "parent": -1,
            "children": [
                9
            ],
            "user id": "6504917856",
            "user name": "夏天热成雪糕",
            "content": "是哪个不要脸的劝说女孩",
            "time": "22-1-23 19:02"
        },
        {
            "comment id": 9,
            "parent": 8,
            "children": [],
            "user id": "6508915404",
            "user name": "我姨是锅姨",
            "content": "“体谅人”的“善良人”吧",
            "time": "22-1-24 17:23"
        },
        {
            "comment id": 10,
            "parent": -1,
            "children": [],
            "user id": "1645508047",
            "user name": "0乐途0",
            "content": "就想知道，是哪个不要莲的去劝说这位姑娘？报个名给大伙看看",
            "time": "22-1-23 18:44"
        },
        {
            "comment id": 11,
            "parent": -1,
            "children": [],
            "user id": "1496809922",
            "user name": "pupu-2012",
            "content": "做得非常的好！",
            "time": "22-1-23 18:24"
        },
        {
            "comment id": 12,
            "parent": -1,
            "children": [],
            "user id": "1817088225",
            "user name": "月光yueguangyueguang",
            "content": "支持学生，要是没有监控女学生怎么办？",
            "time": "22-1-24 18:14"
        },
        {
            "comment id": 13,
            "parent": -1,
            "children": [],
            "user id": "1794821777",
            "user name": "浮生半梦闲敲棋",
            "content": "反正看到这种新闻就要骂一遍南京法官王浩败坏整个社会道德（没反转，彭宇自始至终没亲口承认过撞人而是南京政法委官僚接受采访说的，支持撞人的证据本就不充分是法官自由心证做出对老人有利的判决）",
            "time": "22-1-24 16:02"
        },
        {
            "comment id": 14,
            "parent": -1,
            "children": [],
            "user id": "2268454872",
            "user name": "阿翎_07",
            "content": "一点都不过分，做得好",
            "time": "22-1-24 15:24"
        },
        {
            "comment id": 15,
            "parent": -1,
            "children": [],
            "user id": "1147261382",
            "user name": "犬神的茶水微凉",
            "content": "反过来想，要是没有监控可看多可怕？要是这姑娘因为某些不良媒体瞎报道被网暴了又有多可怕？  所以，该！！   ",
            "time": "22-1-24 15:20"
        },
        {
            "comment id": 16,
            "parent": -1,
            "children": [],
            "user id": "1802020582",
            "user name": "邦德的那个猪",
            "content": "想知道后续 女大学生一定要刚到底",
            "time": "22-1-24 12:57"
        },
        {
            "comment id": 17,
            "parent": -1,
            "children": [],
            "user id": "3292653305",
            "user name": "Y一个小肚子",
            "content": "干得漂亮",
            "time": "22-1-24 12:38"
        },
        {
            "comment id": 18,
            "parent": -1,
            "children": [],
            "user id": "3292197092",
            "user name": "开心的富婆001-7",
            "content": "漂亮！",
            "time": "22-1-24 12:24"
        },
        {
            "comment id": 19,
            "parent": -1,
            "children": [],
            "user id": "2321773423",
            "user name": "飞奔的大副",
            "content": "干的漂亮",
            "time": "22-1-24 12:20"
        },
        {
            "comment id": 20,
            "parent": -1,
            "children": [],
            "user id": "2623291981",
            "user name": "独梦忆雪",
            "content": "这样的女大学生要多多益善，这个社会才会好起来。",
            "time": "22-1-24 12:00"
        },
        {
            "comment id": 21,
            "parent": -1,
            "children": [],
            "user id": "2660786591",
            "user name": "Pangwawa2009",
            "content": "支持！",
            "time": "22-1-24 11:09"
        },
        {
            "comment id": 22,
            "parent": -1,
            "children": [],
            "user id": "1741178234",
            "user name": "故事娘子",
            "content": "干得好！说过分的，当心雷劈！",
            "time": "22-1-24 10:38"
        },
        {
            "comment id": 23,
            "parent": -1,
            "children": [],
            "user id": "1670963375",
            "user name": "雪衣行云",
            "content": "干得好",
            "time": "22-1-24 10:36"
        },
        {
            "comment id": 24,
            "parent": -1,
            "children": [],
            "user id": "7330842916",
            "user name": "满天晚霞如翡",
            "content": "支持这位大学生！",
            "time": "22-1-24 10:35"
        },
        {
            "comment id": 25,
            "parent": -1,
            "children": [],
            "user id": "7330003671",
            "user name": "一笔寒霜",
            "content": "做得很对",
            "time": "22-1-24 09:42"
        },
        {
            "comment id": 26,
            "parent": -1,
            "children": [],
            "user id": "1971037713",
            "user name": "xxpp2p布晨",
            "content": "做的对",
            "time": "22-1-24 09:30"
        },
        {
            "comment id": 27,
            "parent": -1,
            "children": [],
            "user id": "2463913945",
            "user name": "1支-多巴胺",
            "content": "女孩的做法一点不过分 支持",
            "time": "22-1-24 09:06"
        },
        {
            "comment id": 28,
            "parent": -1,
            "children": [],
            "user id": "1793970163",
            "user name": "鹭离森_KUN",
            "content": "合情合理合法，做的没错",
            "time": "22-1-24 09:05"
        },
        {
            "comment id": 29,
            "parent": -1,
            "children": [],
            "user id": "6455624845",
            "user name": "北洋牧之",
            "content": "一点他妈毛病没有 干得漂亮",
            "time": "22-1-24 08:51"
        },
        {
            "comment id": 30,
            "parent": -1,
            "children": [],
            "user id": "7471341950",
            "user name": "Octnxy",
            "content": "这不是正确行使权利吗 一点毛病没有",
            "time": "22-1-24 08:50"
        },
        {
            "comment id": 31,
            "parent": -1,
            "children": [],
            "user id": "2781474487",
            "user name": "光消失的地方",
            "content": "还告他敲诈勒索？  你是没见过调解和稀泥的能力吧...",
            "time": "22-1-24 08:44"
        },
        {
            "comment id": 32,
            "parent": -1,
            "children": [],
            "user id": "6488455166",
            "user name": "因你执着_LYT",
            "content": "支持啊，法院判多少是法院的事，但遇到这种蛮不讲理的人，就该用法律来维权。",
            "time": "22-1-24 02:47"
        },
        {
            "comment id": 33,
            "parent": -1,
            "children": [],
            "user id": "1710755851",
            "user name": "红尘是醉卧锦鲤",
            "content": "心疼小姑娘支持维权！！！",
            "time": "22-1-24 00:27"
        },
        {
            "comment id": 34,
            "parent": -1,
            "children": [],
            "user id": "1822006100",
            "user name": "恋猫市的考试包",
            "content": "十分支持",
            "time": "22-1-24 00:10"
        },
        {
            "comment id": 35,
            "parent": -1,
            "children": [],
            "user id": "5252524085",
            "user name": "顾北岸_",
            "content": "不过分",
            "time": "22-1-24 00:05"
        },
        {
            "comment id": 36,
            "parent": -1,
            "children": [],
            "user id": "3930225493",
            "user name": "太阳花的悲伤1993",
            "content": "凭什么让！",
            "time": "22-1-23 22:44"
        },
        {
            "comment id": 37,
            "parent": -1,
            "children": [],
            "user id": "6563783318",
            "user name": "五爷的胖猫",
            "content": "支持//@槟仔沐微博 :之前送老人去医院，是公德心，之后寸步不让要赔偿，还是公德心。该扶的要扶，该惩的要惩。",
            "time": "22-1-23 21:29"
        },
        {
            "comment id": 38,
            "parent": -1,
            "children": [],
            "user id": "2261567092",
            "user name": "嘻嘻_你好吗",
            "content": "//@猫树: 干的漂亮，惩恶扬善//@贺兰小绿:干得漂亮，扶贫帮弱，嫉恶如仇//@梅笙://@半月晴夏: 干得漂亮好么//@飞翔疯猫:漂亮//@晋江我想吃肉:干得漂亮",
            "time": "22-1-23 22:42"
        },
        {
            "comment id": 39,
            "parent": -1,
            "children": [],
            "user id": "6670723226",
            "user name": "Dante_13780",
            "content": "通透明白的好姑娘！",
            "time": "22-1-23 19:05"
        },
        {
            "comment id": 40,
            "parent": -1,
            "children": [],
            "user id": "5531117503",
            "user name": "吵吵也要静下心看书",
            "content": "我觉得这位学生，全程都做的非常好",
            "time": "22-1-23 18:37"
        },
        {
            "comment id": 41,
            "parent": -1,
            "children": [],
            "user id": "5943541984",
            "user name": "黄澄澄明浩",
            "content": "此内容为不实消息，已处理",
            "time": "22-1-25 10:19"
        },
        {
            "comment id": 42,
            "parent": -1,
            "children": [],
            "user id": "1751193515",
            "user name": "懒懒路过",
            "content": "噗，瞎编博主",
            "time": "22-1-25 10:16"
        },
        {
            "comment id": 43,
            "parent": -1,
            "children": [],
            "user id": "2712687292",
            "user name": "yuntian0513",
            "content": "支持",
            "time": "22-1-24 11:50"
        },
        {
            "comment id": 44,
            "parent": -1,
            "children": [],
            "user id": "1991652381",
            "user name": "轩崽呀",
            "content": "怎么现在还有人讹钱哦，不知道天网大部分都能查到吗？",
            "time": "22-1-24 09:44"
        },
        {
            "comment id": 45,
            "parent": -1,
            "children": [],
            "user id": "2018280357",
            "user name": "似醉似痴",
            "content": "直接按敲诈勒索罪上吧啊",
            "time": "22-1-24 09:34"
        },
        {
            "comment id": 46,
            "parent": -1,
            "children": [],
            "user id": "2040342085",
            "user name": "猪猪的唐唐",
            "content": "做的过分，路见不平，帮扶老人，本就是分内的事，不就是被家属误会了嘛，怎么能要这么少呢，才要5万，我建议翻一倍，要10万",
            "time": "22-1-24 09:28"
        },
        {
            "comment id": 47,
            "parent": -1,
            "children": [],
            "user id": "5354075416",
            "user name": "QYdazellxxll",
            "content": "过分？过分吗？我看着都爽",
            "time": "22-1-24 08:14"
        },
        {
            "comment id": 48,
            "parent": -1,
            "children": [],
            "user id": "5493618154",
            "user name": "今天吃了两顿饭",
            "content": "遇到他人难处 ，善良地帮助他人，德行极好。遇到坏人讹诈，使用法律维护自身利益，积极配合政府法规，对社会风气有正面积极的作用！ 这姑娘是个大善人啊！！",
            "time": "22-1-23 22:52"
        },
        {
            "comment id": 49,
            "parent": -1,
            "children": [],
            "user id": "1653376187",
            "user name": "Francois大叔",
            "content": "女大学生应该先坚决要求警方介入“敲诈和诬陷”，就是不出谅解书，让老头子和子女在看守所好好过年。等刑事案件了结后再发起民事赔偿",
            "time": "22-1-23 22:48"
        },
        {
            "comment id": 50,
            "parent": -1,
            "children": [],
            "user id": "2403551720",
            "user name": "upsetwater",
            "content": "五万？少了",
            "time": "22-1-23 20:09"
        },
        {
            "comment id": 51,
            "parent": -1,
            "children": [],
            "user id": "1437735852",
            "user name": "笑眯眯A1",
            "content": "做得很好",
            "time": "22-1-23 19:01"
        },
        {
            "comment id": 52,
            "parent": -1,
            "children": [],
            "user id": "1410702291",
            "user name": "东0399",
            "content": "漂亮",
            "time": "22-1-23 18:54"
        },
        {
            "comment id": 53,
            "parent": -1,
            "children": [],
            "user id": "2075810731",
            "user name": "乖乖的力力",
            "content": "坚决支持！！再乘100也不多。",
            "time": "22-1-23 18:41"
        },
        {
            "comment id": 54,
            "parent": -1,
            "children": [],
            "user id": "1652231317",
            "user name": "VinNeuf",
            "content": "干得漂亮",
            "time": "22-1-23 18:31"
        },
        {
            "comment id": 55,
            "parent": -1,
            "children": [],
            "user id": "5450165472",
            "user name": "CPAW丹W老师",
            "content": "不过分，贱毛病也得治",
            "time": "22-1-22 21:28"
        },
        {
            "comment id": 56,
            "parent": -1,
            "children": [],
            "user id": "7350181075",
            "user name": "奥特曼今天被打了",
            "content": "就该这样，做错事必须惩罚，不能因为老就放过",
            "time": "22-1-26 10:32"
        },
        {
            "comment id": 57,
            "parent": -1,
            "children": [],
            "user id": "2779400261",
            "user name": "无聊观察弯弯",
            "content": "支持",
            "time": "22-1-25 21:47"
        },
        {
            "comment id": 58,
            "parent": -1,
            "children": [],
            "user id": "6604045912",
            "user name": "神秘人阿兴",
            "content": "灭绝恶人",
            "time": "22-1-25 10:37"
        },
        {
            "comment id": 59,
            "parent": -1,
            "children": [],
            "user id": "6604045912",
            "user name": "神秘人阿兴",
            "content": "支持",
            "time": "22-1-25 10:37"
        },
        {
            "comment id": 60,
            "parent": -1,
            "children": [],
            "user id": "1890155997",
            "user name": "盯着脚丫子",
            "content": "敲诈勒索起诉最好",
            "time": "22-1-25 09:59"
        },
        {
            "comment id": 61,
            "parent": -1,
            "children": [],
            "user id": "1626190204",
            "user name": "我不胖_只是肉多",
            "content": "干得好！",
            "time": "22-1-25 07:58"
        },
        {
            "comment id": 62,
            "parent": -1,
            "children": [],
            "user id": "7548922351",
            "user name": "早茶星光223",
            "content": "这图片一眼望去就是老营销号的套路了",
            "time": "22-1-25 00:08"
        },
        {
            "comment id": 63,
            "parent": -1,
            "children": [],
            "user id": "1991814041",
            "user name": "爱笔畅的幸运星",
            "content": "女大学生扶老人，我站女大学生！ 女大学生被坏人讹钱，我也站女大学生！ 女大学生好样的绝不退让。！！！坚持到底！",
            "time": "22-1-24 22:24"
        },
        {
            "comment id": 64,
            "parent": -1,
            "children": [],
            "user id": "2461167594",
            "user name": "vinci高",
            "content": "坏人老了，5万少了",
            "time": "22-1-24 19:34"
        },
        {
            "comment id": 65,
            "parent": -1,
            "children": [],
            "user id": "5674134554",
            "user name": "凌婉凝_凌姑娘",
            "content": "劝说女大学生的都不配当父母",
            "time": "22-1-24 19:18"
        },
        {
            "comment id": 66,
            "parent": -1,
            "children": [],
            "user id": "6102633211",
            "user name": "七月烟火火火",
            "content": "不过分，这是两回事儿",
            "time": "22-1-24 19:01"
        },
        {
            "comment id": 67,
            "parent": -1,
            "children": [],
            "user id": "1707582572",
            "user name": "梦里麦香sn",
            "content": "不过分，必须狠狠的惩罚这些坏人。否则以后摔倒的老人都会效仿。这个社会现在这么冷漠都是因为这些坏人造成的，让人不敢善良。",
            "time": "22-1-24 18:04"
        },
        {
            "comment id": 68,
            "parent": -1,
            "children": [],
            "user id": "2213085685",
            "user name": "泥沼鸿",
            "content": "哪过分了？",
            "time": "22-1-24 18:01"
        },
        {
            "comment id": 69,
            "parent": -1,
            "children": [],
            "user id": "6089181494",
            "user name": "心如止水710716",
            "content": "哪里过分了，就应该起诉她敲诈勒索！",
            "time": "22-1-24 17:56"
        },
        {
            "comment id": 70,
            "parent": -1,
            "children": [],
            "user id": "1633046000",
            "user name": "甜酸奶奶",
            "content": "没毛病啊",
            "time": "22-1-24 17:42"
        },
        {
            "comment id": 71,
            "parent": -1,
            "children": [],
            "user id": "1933543115",
            "user name": "撸大湿是也",
            "content": " ",
            "time": "22-1-24 17:29"
        },
        {
            "comment id": 72,
            "parent": -1,
            "children": [],
            "user id": "1197799822",
            "user name": "半度安好",
            "content": "不过分",
            "time": "22-1-24 17:04"
        },
        {
            "comment id": 73,
            "parent": -1,
            "children": [],
            "user id": "2716527023",
            "user name": "布芝稻ZY",
            "content": "做得好！！！",
            "time": "22-1-24 16:59"
        },
        {
            "comment id": 74,
            "parent": -1,
            "children": [],
            "user id": "1587176484",
            "user name": "推倒美男组组长",
            "content": "女大学生做的对",
            "time": "22-1-24 16:59"
        },
        {
            "comment id": 75,
            "parent": -1,
            "children": [],
            "user id": "1437862505",
            "user name": "doTERRA多特瑞玫瑰",
            "content": "这是哪家派出所？对女大学生那么好",
            "time": "22-1-24 16:25"
        },
        {
            "comment id": 76,
            "parent": -1,
            "children": [],
            "user id": "1933668032",
            "user name": "DuanDanny",
            "content": "支持女大学生这么干",
            "time": "22-1-24 16:20"
        },
        {
            "comment id": 77,
            "parent": -1,
            "children": [],
            "user id": "5712051568",
            "user name": "会飞的二踢脚灬",
            "content": "支持！就得这样，天天惯的它们。而且精神损失费和司法流程并不出冲突，可以要求对方走刑事流程，并赔付精神损失费。钱可能会少点，但更让人舒服。",
            "time": "22-1-24 16:15"
        },
        {
            "comment id": 78,
            "parent": -1,
            "children": [],
            "user id": "7398801733",
            "user name": "小元447贰",
            "content": "支持好人依法维权！",
            "time": "22-1-24 15:53"
        },
        {
            "comment id": 79,
            "parent": -1,
            "children": [],
            "user id": "7189661758",
            "user name": "古北3爷",
            "content": "给她点赞👍",
            "time": "22-1-24 15:48"
        },
        {
            "comment id": 80,
            "parent": -1,
            "children": [],
            "user id": "1681399987",
            "user name": "巽方77",
            "content": "就事论事，爱憎分明。对不对已经不足以形容这件事，我只想叫好。",
            "time": "22-1-24 15:20"
        },
        {
            "comment id": 81,
            "parent": -1,
            "children": [],
            "user id": "1794178750",
            "user name": "渡船岛的帝王攻_",
            "content": "开局一张图",
            "time": "22-1-24 15:07"
        }
    ]
}