{
    "source": {
        "content": "⚠️pyq看到的 别问了有效信息就这些 没有清晰图片也没有走失当天穿的衣服 不知道真假也不是家属 我只是看到了搬运一下而已！！！！\n佛山顺德寻人接力：（转发）寻人启事13940292999。\n有线索酬金10万\n帮忙扩散，今天上午一个三岁多小女孩在锦绣花园小区附近被人拐走了，小女孩能说出她爸爸的手机号码 从监控上看是被一个四十多岁男人抱走了现大人都急疯了 有知情者请告之 万分感谢 看到信息的兄弟姐妹留意一下 联系人宁继春13940292999",
        "time": "22-1-29 12:15",
        "user id": "6342564706",
        "tweet id": "LcZ8rpWzu",
        "label": 1,
        "theme": null
    },
    "comment": [
        {
            "comment id": 0,
            "parent": -1,
            "children": [
                2,
                3
            ],
            "user id": "6341683075",
            "user name": "欢乐永远不打烊",
            "content": "你好，你发布的找孩子信息请问是从哪里知道的信息啊？我在我朋友圈也看见了，但是说的地址是黑龙江省鸡西市。所以可能信息不太准确。 网页链接",
            "time": "22-1-29 18:51"
        },
        {
            "comment id": 1,
            "parent": 2,
            "children": [],
            "user id": "6342564706",
            "user name": "余暉愛",
            "content": "回复@欢乐永远不打烊:天惹、我真的不清楚、只是看到了就搬运一下，，[淚]",
            "time": "22-1-29 18:55"
        },
        {
            "comment id": 2,
            "parent": 0,
            "children": [
                1
            ],
            "user id": "6341683075",
            "user name": "欢乐永远不打烊",
            "content": "回复@钻石小宇·:这个电话号的地址还是沈阳的",
            "time": "22-1-29 18:54"
        },
        {
            "comment id": 3,
            "parent": 0,
            "children": [],
            "user id": "6342564706",
            "user name": "余暉愛",
            "content": "朋友圈看见的",
            "time": "22-1-29 18:52"
        },
        {
            "comment id": 4,
            "parent": -1,
            "children": [
                5,
                6,
                7,
                8,
                9
            ],
            "user id": "3436477992",
            "user name": "什么快乐做什么",
            "content": "照片没有清楚点的吗",
            "time": "22-1-29 13:42"
        },
        {
            "comment id": 5,
            "parent": 4,
            "children": [],
            "user id": "6342564706",
            "user name": "余暉愛",
            "content": "回复@竹笋炒菠萝哦:不太清楚…偶只是pyq看到的勒",
            "time": "22-1-29 16:56"
        },
        {
            "comment id": 6,
            "parent": 4,
            "children": [],
            "user id": "5679407710",
            "user name": "今天有吃米饭吗",
            "content": "回复@钻石小宇·:我发出去了，以为你能收得到有那个小女孩清晰点的照片，但寻人信息和你发的不一样",
            "time": "22-1-29 16:27"
        },
        {
            "comment id": 7,
            "parent": 4,
            "children": [],
            "user id": "6342564706",
            "user name": "余暉愛",
            "content": "回复@竹笋炒菠萝哦:私信我关掉了不好意思",
            "time": "22-1-29 16:13"
        },
        {
            "comment id": 8,
            "parent": 4,
            "children": [],
            "user id": "5679407710",
            "user name": "今天有吃米饭吗",
            "content": "回复@钻石小宇·:看看我给你发的私信",
            "time": "22-1-29 16:12"
        },
        {
            "comment id": 9,
            "parent": 4,
            "children": [],
            "user id": "6342564706",
            "user name": "余暉愛",
            "content": "没有，看到的就是这样的",
            "time": "22-1-29 15:19"
        },
        {
            "comment id": 10,
            "parent": -1,
            "children": [
                11
            ],
            "user id": "6178693213",
            "user name": "霹雳无敌宇宙超级大松鼠",
            "content": "有没有今天穿的什么颜色的衣服之类的信息呀？",
            "time": "22-1-29 15:53"
        },
        {
            "comment id": 11,
            "parent": 10,
            "children": [],
            "user id": "6342564706",
            "user name": "余暉愛",
            "content": "没有，，我just搬运",
            "time": "22-1-29 15:56"
        },
        {
            "comment id": 12,
            "parent": -1,
            "children": [
                13
            ],
            "user id": "6246331291",
            "user name": "耶斯坚果和柴柴",
            "content": "锦绣花园搜出来是在南海区诶，是在南海区被抱走的吗",
            "time": "22-1-29 15:04"
        },
        {
            "comment id": 13,
            "parent": 12,
            "children": [],
            "user id": "6342564706",
            "user name": "余暉愛",
            "content": "不清楚，朋友圈里的文案",
            "time": "22-1-29 15:20"
        },
        {
            "comment id": 14,
            "parent": -1,
            "children": [],
            "user id": "6034885578",
            "user name": "好好学习天天向上的努力小可爱",
            "content": "发个清晰一点的照片吧，这照片看不清孩子的脸，不方便找人啊",
            "time": "22-1-29 14:06"
        },
        {
            "comment id": 15,
            "parent": -1,
            "children": [],
            "user id": "6991758102",
            "user name": "大猫白裙",
            "content": "唉",
            "time": "22-1-29 12:16"
        },
        {
            "comment id": 16,
            "parent": -1,
            "children": [],
            "user id": "3931357429",
            "user name": "-CoisiniSY-",
            "content": "帮扩帮扩",
            "time": "22-1-29 12:51"
        },
        {
            "comment id": 17,
            "parent": -1,
            "children": [],
            "user id": "6981178737",
            "user name": "阿玐玐玐",
            "content": "我们这里的",
            "time": "22-1-29 13:20"
        },
        {
            "comment id": 18,
            "parent": -1,
            "children": [],
            "user id": "6536080688",
            "user name": "豆本花生奶",
            "content": "顶",
            "time": "22-1-30 00:09"
        },
        {
            "comment id": 19,
            "parent": -1,
            "children": [],
            "user id": "6178693213",
            "user name": "霹雳无敌宇宙超级大松鼠",
            "content": "佛山的小女孩！不久前！也许还没有太远！多看两眼也许她就多一个回家的机会！",
            "time": "22-1-29 15:52"
        },
        {
            "comment id": 20,
            "parent": -1,
            "children": [],
            "user id": "6035129988",
            "user name": "黎lsir",
            "content": "帮扩！",
            "time": "22-1-29 14:06"
        },
        {
            "comment id": 21,
            "parent": -1,
            "children": [],
            "user id": "5015054809",
            "user name": "Seeuonthu_",
            "content": "转发",
            "time": "22-1-29 14:06"
        },
        {
            "comment id": 22,
            "parent": -1,
            "children": [],
            "user id": "7448225377",
            "user name": "酶桃次郎",
            "content": "转发微博",
            "time": "22-1-29 13:14"
        },
        {
            "comment id": 23,
            "parent": -1,
            "children": [],
            "user id": "7451716043",
            "user name": "顾的傻小狗·",
            "content": "扩扩",
            "time": "22-1-29 12:46"
        },
        {
            "comment id": 24,
            "parent": -1,
            "children": [],
            "user id": "6053616402",
            "user name": "晒着太阳的大懒懒猫",
            "content": "假的 已经辟谣过了",
            "time": "22-1-29 23:34"
        },
        {
            "comment id": 25,
            "parent": -1,
            "children": [],
            "user id": "6890151595",
            "user name": "仅是一只小猫咪",
            "content": "转发微博",
            "time": "22-1-29 21:48"
        },
        {
            "comment id": 26,
            "parent": -1,
            "children": [],
            "user id": "6984687136",
            "user name": "-香炸小酥肉-",
            "content": "卷卷!",
            "time": "22-1-29 16:19"
        },
        {
            "comment id": 27,
            "parent": -1,
            "children": [],
            "user id": "3120542237",
            "user name": "鸭脖蘸虾酱",
            "content": "扩",
            "time": "22-1-29 14:12"
        },
        {
            "comment id": 28,
            "parent": -1,
            "children": [],
            "user id": "6645710997",
            "user name": "coolguy·daytoy",
            "content": "恶人什么时候才能伏法",
            "time": "22-1-29 14:07"
        },
        {
            "comment id": 29,
            "parent": -1,
            "children": [],
            "user id": "6856746248",
            "user name": "你玐玐就是你爸爸",
            "content": "扩扩",
            "time": "22-1-29 13:51"
        },
        {
            "comment id": 30,
            "parent": -1,
            "children": [],
            "user id": "7439664134",
            "user name": "理里立理",
            "content": "卧槽，人贩子真恶心",
            "time": "22-1-29 13:45"
        },
        {
            "comment id": 31,
            "parent": -1,
            "children": [],
            "user id": "2292872091",
            "user name": "不夜天没有站在你身边的渣男",
            "content": "帮",
            "time": "22-1-29 13:29"
        },
        {
            "comment id": 32,
            "parent": -1,
            "children": [],
            "user id": "2435050471",
            "user name": "炽1010",
            "content": "up",
            "time": "22-1-29 13:24"
        },
        {
            "comment id": 33,
            "parent": -1,
            "children": [],
            "user id": "7333037680",
            "user name": "屋檐被雪照_",
            "content": "转转",
            "time": "22-1-29 13:22"
        },
        {
            "comment id": 34,
            "parent": -1,
            "children": [],
            "user id": "7211660809",
            "user name": "呐o给你小花花",
            "content": "帮忙！",
            "time": "22-1-29 13:11"
        },
        {
            "comment id": 35,
            "parent": -1,
            "children": [],
            "user id": "5641890266",
            "user name": "我的cp官宣了没",
            "content": "扩",
            "time": "22-1-29 13:03"
        },
        {
            "comment id": 36,
            "parent": -1,
            "children": [],
            "user id": "5955720745",
            "user name": "呼啦圈也没问题呀",
            "content": "扩",
            "time": "22-1-29 12:35"
        },
        {
            "comment id": 37,
            "parent": -1,
            "children": [],
            "user id": "7292587893",
            "user name": "-山山i小羊-",
            "content": "唉",
            "time": "22-1-29 12:39"
        },
        {
            "comment id": 38,
            "parent": -1,
            "children": [],
            "user id": "3550238461",
            "user name": "请多喝牛奶长得高",
            "content": "唉",
            "time": "22-1-29 13:58"
        }
    ]
}