{
    "source": {
        "content": "这都2022年了怎么还有光天化日qj这种事？更恶心的事根本没人站出来管一下。都在看热闹 ",
        "time": "22-1-30 10:16",
        "user id": "3226899882",
        "tweet id": "Ld7MO9TET",
        "label": 1,
        "theme": null
    },
    "comment": [
        {
            "comment id": 0,
            "parent": -1,
            "children": [
                1,
                2,
                3
            ],
            "user id": "6354784902",
            "user name": "咖啡味贼香",
            "content": "为什么截图评论里还有给强奸犯找理由的垃圾，不管是不是认识，只要不是女孩本人意愿都是强奸",
            "time": "22-1-30 10:50"
        },
        {
            "comment id": 1,
            "parent": 0,
            "children": [],
            "user id": "5024843577",
            "user name": "wen_3m",
            "content": "这消息是假的",
            "time": "22-3-30 13:31"
        },
        {
            "comment id": 2,
            "parent": 0,
            "children": [],
            "user id": "5383921894",
            "user name": "曜灵Rens",
            "content": "而且是当众啊，是狗吗？",
            "time": "22-1-30 13:09"
        },
        {
            "comment id": 3,
            "parent": 0,
            "children": [],
            "user id": "3934657058",
            "user name": "字多一点是不是就不容易重复了",
            "content": "而且这尼玛大马路 扯啥认识不认识啊……",
            "time": "22-1-30 11:25"
        },
        {
            "comment id": 4,
            "parent": -1,
            "children": [],
            "user id": "6039881174",
            "user name": "我好疲惫喔",
            "content": "这事之前就上过新闻，从那个猥亵男按倒女子开始，四十七秒之后紫红衣服男就上前帮忙了，他是第一个伸出援手的人，结果他被骂得巨惨怎么着也该给人一个缓冲和了解事情发生经过的时间吧？难道图上评论的人都是看到路人有人起冲突就马上冲上去的？",
            "time": "22-1-30 11:38"
        },
        {
            "comment id": 5,
            "parent": -1,
            "children": [
                7,
                8,
                9
            ],
            "user id": "5325782204",
            "user name": "小二上个姑娘",
            "content": "姐妹们，遇到危险如果周围有人围观又不肯出手，一定要指定一个人逮着他求救，这样获得帮助的概率会大很多，其他围观的人看有人出头也可能会出来帮忙。",
            "time": "22-1-30 10:33"
        },
        {
            "comment id": 6,
            "parent": 7,
            "children": [],
            "user id": "6243490070",
            "user name": "小和今天学了吗HP",
            "content": "回复@猛男饲料:太真实了 突然就想到了肖鹤云的一声老焦 关键老焦真的应声去了 说明指定是有用的",
            "time": "22-1-30 15:01"
        },
        {
            "comment id": 7,
            "parent": 5,
            "children": [
                6
            ],
            "user id": "1947387007",
            "user name": "猛男饲料",
            "content": "老焦，过来帮忙！",
            "time": "22-1-30 12:09"
        },
        {
            "comment id": 8,
            "parent": 5,
            "children": [],
            "user id": "3264180454",
            "user name": "我沒笑欸",
            "content": "学到了",
            "time": "22-1-30 11:31"
        },
        {
            "comment id": 9,
            "parent": 5,
            "children": [],
            "user id": "7261465428",
            "user name": "Wwwwxq",
            "content": "旁观者效应，太可怕了",
            "time": "22-1-30 11:13"
        },
        {
            "comment id": 10,
            "parent": -1,
            "children": [
                12,
                13,
                15,
                16
            ],
            "user id": "1063264837",
            "user name": "冲凉钟",
            "content": "孤陋寡闻还是故意再炒？这事早就有结果了。",
            "time": "22-1-30 11:19"
        },
        {
            "comment id": 11,
            "parent": 14,
            "children": [],
            "user id": "7426045224",
            "user name": "完美一字不差-",
            "content": "回复@冲凉钟:就只是刑事拘留而已？最多也就37天！",
            "time": "22-1-31 18:42"
        },
        {
            "comment id": 12,
            "parent": 10,
            "children": [],
            "user id": "1877808395",
            "user name": "Tori宝宝",
            "content": "回复@OFF-BALANCIAGA:就是因为有这些yxh 男女对立更严重",
            "time": "22-1-31 01:58"
        },
        {
            "comment id": 13,
            "parent": 10,
            "children": [],
            "user id": "5571908402",
            "user name": "我更新不更新",
            "content": "回复@OFF-BALANCIAGA:对对对没错",
            "time": "22-1-30 16:42"
        },
        {
            "comment id": 14,
            "parent": 16,
            "children": [
                11
            ],
            "user id": "1063264837",
            "user name": "冲凉钟",
            "content": "回复@完美一字不差-:结果就是围观群众把人抓住了，人也已经刑事拘留了。有些人截视频只给你看前一小段，却不会给你看到路见不平的好心人的出手。",
            "time": "22-1-30 14:23"
        },
        {
            "comment id": 15,
            "parent": 10,
            "children": [],
            "user id": "5571399326",
            "user name": "大巨蟹妞妞",
            "content": "回复@OFF-BALANCIAGA:真的嘛，我还关注了，马上取关拉黑",
            "time": "22-1-30 12:28"
        },
        {
            "comment id": 16,
            "parent": 10,
            "children": [
                14
            ],
            "user id": "7426045224",
            "user name": "完美一字不差-",
            "content": "什么结果？是拘留五天还是十天？有结果就可以去无视这魔幻现实了？",
            "time": "22-1-30 11:38"
        },
        {
            "comment id": 17,
            "parent": -1,
            "children": [],
            "user id": "6857488729",
            "user name": "椿日鱼狼恋",
            "content": "qjf早点死",
            "time": "22-1-30 10:17"
        },
        {
            "comment id": 18,
            "parent": -1,
            "children": [],
            "user id": "5665387167",
            "user name": "大人k西",
            "content": "我当时看的视频是 女生确实是好好在路上走 结果被那贱男的撞到路边去 要强暴她 最后是没有施暴成功 那男的被制住了",
            "time": "22-1-30 20:07"
        },
        {
            "comment id": 19,
            "parent": -1,
            "children": [],
            "user id": "7360476801",
            "user name": "滋你一身狼",
            "content": "这是我国还是印度？哦是我国",
            "time": "22-1-30 12:41"
        },
        {
            "comment id": 20,
            "parent": -1,
            "children": [
                21
            ],
            "user id": "2931653191",
            "user name": "深海积雪",
            "content": "好久以前的事了",
            "time": "22-1-30 11:33"
        },
        {
            "comment id": 21,
            "parent": 20,
            "children": [],
            "user id": "2967749271",
            "user name": "w画扇悲风",
            "content": "",
            "time": "22-1-30 11:44"
        },
        {
            "comment id": 22,
            "parent": -1,
            "children": [
                23
            ],
            "user id": "3165168263",
            "user name": "右脑开挂",
            "content": "这个营销号打男女对立的招牌恰烂钱",
            "time": "22-1-30 21:42"
        },
        {
            "comment id": 23,
            "parent": 22,
            "children": [
                24
            ],
            "user id": "7733292387",
            "user name": "酱香鸡肉微辣炒米粉",
            "content": "什么男女对立的招牌？这不是事实吗，这是新闻啊",
            "time": "22-2-3 17:54"
        },
        {
            "comment id": 24,
            "parent": 23,
            "children": [],
            "user id": "6083627054",
            "user name": "Crush好运酱",
            "content": "回复@人偶小姐:对啊，难道女的还能强奸男的啊，这肯定是个蝻的",
            "time": "22-2-7 09:36"
        },
        {
            "comment id": 25,
            "parent": -1,
            "children": [],
            "user id": "5581537831",
            "user name": "白桃乌龙乄",
            "content": "之前上过新闻",
            "time": "22-1-30 14:02"
        },
        {
            "comment id": 26,
            "parent": -1,
            "children": [],
            "user id": "6736675845",
            "user name": "璞石MY",
            "content": "搞男女对立恰烂钱！",
            "time": "22-1-30 11:40"
        },
        {
            "comment id": 27,
            "parent": -1,
            "children": [],
            "user id": "6239499124",
            "user name": "东方巨龙OrientDragon",
            "content": "这种男人真该下地狱",
            "time": "22-1-30 17:05"
        },
        {
            "comment id": 28,
            "parent": -1,
            "children": [],
            "user id": "3188160392",
            "user name": "愿天下的渣滓都死绝",
            "content": "原来是老新闻 那没事了 只看当下",
            "time": "22-1-30 17:04"
        },
        {
            "comment id": 29,
            "parent": -1,
            "children": [],
            "user id": "3188160392",
            "user name": "愿天下的渣滓都死绝",
            "content": "难得看现场谁会打断 这就是现代人的心里 这事换谁都会管 问题是没人当第一个出头的人",
            "time": "22-1-30 17:01"
        },
        {
            "comment id": 30,
            "parent": -1,
            "children": [],
            "user id": "7732336467",
            "user name": "pluviophile7658",
            "content": "过于离谱一开始没反应过来是强奸，以为是情侣打闹",
            "time": "22-1-30 13:23"
        },
        {
            "comment id": 31,
            "parent": -1,
            "children": [],
            "user id": "5327665573",
            "user name": "九塵yeol",
            "content": "天哪…",
            "time": "22-1-30 11:15"
        },
        {
            "comment id": 32,
            "parent": -1,
            "children": [],
            "user id": "6587228936",
            "user name": "某不知名大学准研究生77",
            "content": "带你妈节奏呢  半分钟不到就有人上手给他按那了  给抓起来了",
            "time": "22-1-30 15:08"
        },
        {
            "comment id": 33,
            "parent": -1,
            "children": [],
            "user id": "2300713290",
            "user name": "Zayvro",
            "content": "@Nothintoprove 围观大爷看了个饱然后开始制止了",
            "time": "22-1-30 14:39"
        },
        {
            "comment id": 34,
            "parent": -1,
            "children": [],
            "user id": "7347009580",
            "user name": "春浆椰冻",
            "content": "@uusiscandium_ 卧槽",
            "time": "22-1-30 13:36"
        },
        {
            "comment id": 35,
            "parent": -1,
            "children": [],
            "user id": "7559702219",
            "user name": "右不轮手枪",
            "content": "@LATER-330 好恶心🤢",
            "time": "22-1-30 13:08"
        },
        {
            "comment id": 36,
            "parent": -1,
            "children": [
                37
            ],
            "user id": "5444449753",
            "user name": "追追20",
            "content": "@K1iiiiiiiiiiiki 好可怕",
            "time": "22-1-30 12:29"
        },
        {
            "comment id": 37,
            "parent": 36,
            "children": [],
            "user id": "6212305619",
            "user name": "K1iiiiiiiiiiiki",
            "content": "去年的事了但是被压了很久",
            "time": "22-1-30 18:23"
        },
        {
            "comment id": 38,
            "parent": -1,
            "children": [
                39
            ],
            "user id": "5238765537",
            "user name": "比糖果更甜_",
            "content": "@RRRRTTTT_   太可怕了太可怕",
            "time": "22-1-30 12:22"
        },
        {
            "comment id": 39,
            "parent": 38,
            "children": [],
            "user id": "5983484155",
            "user name": "RRRRTTTT_",
            "content": "我的天",
            "time": "22-1-30 13:10"
        },
        {
            "comment id": 40,
            "parent": -1,
            "children": [],
            "user id": "7211739384",
            "user name": "破烂小狗t",
            "content": "@麻辣馨子 妈的全剁了得了长个鸡儿就算个男的",
            "time": "22-1-30 12:08"
        }
    ]
}