{
    "source": {
        "content": "这故事…很荒诞… ",
        "time": "22-1-30 12:45",
        "user id": "5161560969",
        "tweet id": "Ld8LkidLb",
        "label": 1,
        "theme": null
    },
    "comment": [
        {
            "comment id": 0,
            "parent": -1,
            "children": [],
            "user id": "7494637400",
            "user name": "曹孟德斯鸠山姆",
            "content": "转发微博",
            "time": "22-1-30 16:37"
        },
        {
            "comment id": 1,
            "parent": -1,
            "children": [],
            "user id": "7441499689",
            "user name": "独行侠and孤胆英雄",
            "content": "吐了呀🤮",
            "time": "22-1-30 13:08"
        },
        {
            "comment id": 2,
            "parent": -1,
            "children": [],
            "user id": "7717673921",
            "user name": "孟律师上海",
            "content": "就好像是另一个国家的事情",
            "time": "22-1-30 12:49"
        },
        {
            "comment id": 3,
            "parent": -1,
            "children": [],
            "user id": "6247957187",
            "user name": "ROIC君",
            "content": "演员黄璐辟谣了，图2捏造的",
            "time": "22-1-30 16:39"
        },
        {
            "comment id": 4,
            "parent": -1,
            "children": [],
            "user id": "6012395425",
            "user name": "雨中听荷花语12",
            "content": "荒诞不经编剧",
            "time": "22-1-30 16:50"
        }
    ]
}