{
    "source": {
        "content": "#广西百色确诊病例增至43例#自觉会死啊还有要怪不应该怪哪那个偷情佬吗骂广西干嘛，广西那么久没本土疫情干嘛没人夸啊现在突然爆发就都来骂广西疫情防控，贱不贱 ",
        "time": "22-2-7 00:16",
        "user id": "5342937672",
        "tweet id": "LehhpkItM",
        "label": 1,
        "theme": null
    },
    "comment": [
        {
            "comment id": 0,
            "parent": -1,
            "children": [],
            "user id": "3055705575",
            "user name": "chiukitsa",
            "content": "视频车是另一个地方自燃的，全网都在造谣偷情，怎么就凭高糊的几张图就轻信别人，有些官方公众号也是带有色眼镜只精选自己想看到的偷情内容，造成地域黑了，希望有关部门能管一管",
            "time": "22-2-7 08:12"
        },
        {
            "comment id": 1,
            "parent": -1,
            "children": [
                2
            ],
            "user id": "7541330198",
            "user name": "大头多啦R梦",
            "content": "骂广西，是骂官员，你们平民急什么",
            "time": "22-2-7 00:44"
        },
        {
            "comment id": 2,
            "parent": 1,
            "children": [],
            "user id": "5342937672",
            "user name": "晓咪er",
            "content": "骂广西干嘛，不应该骂那个人吗，自己不自觉",
            "time": "22-2-8 12:58"
        },
        {
            "comment id": 3,
            "parent": -1,
            "children": [
                4
            ],
            "user id": "6134845815",
            "user name": "等待西米露",
            "content": "偷情佬？？？",
            "time": "22-2-7 00:25"
        },
        {
            "comment id": 4,
            "parent": 3,
            "children": [],
            "user id": "5290771256",
            "user name": "爱吃螺蛳粉的星星",
            "content": "刚吃的🍉，具体微博你搜tou qing就知道了",
            "time": "22-2-7 00:42"
        },
        {
            "comment id": 5,
            "parent": -1,
            "children": [],
            "user id": "5393343702",
            "user name": "寶妈婷__CC",
            "content": "就是回来tq的",
            "time": "22-2-7 08:09"
        },
        {
            "comment id": 6,
            "parent": -1,
            "children": [],
            "user id": "7666947930",
            "user name": "啵啵一口江忍宝宝JiangRen",
            "content": "就是说就是说 全国爆发的时候广西很少有就没人夸 现在噼里啪啦的骂广西 贱不贱阿",
            "time": "22-2-7 01:43"
        }
    ]
}