{
    "source": {
        "content": "啥都与西方接轨，呵呵 ",
        "time": "22-2-13 12:41",
        "user id": "6373105193",
        "tweet id": "LfgIsr58F",
        "label": 1,
        "theme": null
    },
    "comment": [
        {
            "comment id": 0,
            "parent": -1,
            "children": [
                5
            ],
            "user id": "1298124720",
            "user name": "近卫步兵师",
            "content": "早就辟谣了",
            "time": "22-2-13 12:43"
        },
        {
            "comment id": 1,
            "parent": 2,
            "children": [],
            "user id": "1298124720",
            "user name": "近卫步兵师",
            "content": "回复@平淡如水了无痕:所以她们天天违法犯罪",
            "time": "22-2-13 16:06"
        },
        {
            "comment id": 2,
            "parent": 3,
            "children": [
                1
            ],
            "user id": "1842689842",
            "user name": "平淡如水了无痕",
            "content": "回复@近卫步兵师:这图里说的是国外的比例。国外的单亲比例不清楚。只看到过黑人的单亲比例是70%多。",
            "time": "22-2-13 12:49"
        },
        {
            "comment id": 3,
            "parent": 5,
            "children": [
                2
            ],
            "user id": "1298124720",
            "user name": "近卫步兵师",
            "content": "回复@平淡如水了无痕:真要40％，这帮人活不下去的，美国就是前车之鉴",
            "time": "22-2-13 12:48"
        },
        {
            "comment id": 4,
            "parent": 5,
            "children": [],
            "user id": "1298124720",
            "user name": "近卫步兵师",
            "content": "回复@平淡如水了无痕:40％也是谣言",
            "time": "22-2-13 12:47"
        },
        {
            "comment id": 5,
            "parent": 0,
            "children": [
                3,
                4
            ],
            "user id": "1842689842",
            "user name": "平淡如水了无痕",
            "content": "避谣避是鼓励，不是鼓励，是允许。",
            "time": "22-2-13 12:46"
        },
        {
            "comment id": 6,
            "parent": -1,
            "children": [
                7,
                9,
                11,
                12,
                13
            ],
            "user id": "6395152391",
            "user name": "唱红打诬第九季",
            "content": "不知道真假。但非婚生育和单亲妈妈模式绝对不能鼓励！这是在破坏人伦。@上海发布 @中国妇女报",
            "time": "22-2-13 15:57"
        },
        {
            "comment id": 7,
            "parent": 6,
            "children": [],
            "user id": "2559413943",
            "user name": "伊娃-GreenFoxtail",
            "content": "骂你的应该都是确定自己将来不会结婚生子的人，已婚妇女和婚生子的权益在他们眼里看不见的",
            "time": "22-2-14 16:22"
        },
        {
            "comment id": 8,
            "parent": 10,
            "children": [],
            "user id": "5852706382",
            "user name": "恩子和妈妈",
            "content": "回复@唱红打诬第九季:事实就是孩子不够了，好多人不愿意生了，靠谱爸爸不好找，还有人愿意生应该鼓励，留下，并且提供帮助养好中国的孩子",
            "time": "22-2-14 16:16"
        },
        {
            "comment id": 9,
            "parent": 6,
            "children": [],
            "user id": "2173655014",
            "user name": "你的梦想决定你的DNA",
            "content": "可以开始骂了",
            "time": "22-2-14 15:59"
        },
        {
            "comment id": 10,
            "parent": 11,
            "children": [
                8
            ],
            "user id": "6395152391",
            "user name": "唱红打诬第九季",
            "content": "回复@恩子和妈妈:个人观点，传统观念，欢迎讨论。",
            "time": "22-2-14 15:44"
        },
        {
            "comment id": 11,
            "parent": 6,
            "children": [
                10
            ],
            "user id": "5852706382",
            "user name": "恩子和妈妈",
            "content": "不要僵尸思想",
            "time": "22-2-14 15:43"
        },
        {
            "comment id": 12,
            "parent": 6,
            "children": [],
            "user id": "7486815459",
            "user name": "vv又见",
            "content": "伦不伦你说了算啊",
            "time": "22-2-14 13:52"
        },
        {
            "comment id": 13,
            "parent": 6,
            "children": [],
            "user id": "2363480124",
            "user name": "甄渃渃",
            "content": "谁不想正常结婚生子，是没办法",
            "time": "22-2-14 12:45"
        },
        {
            "comment id": 14,
            "parent": -1,
            "children": [
                15
            ],
            "user id": "6785365748",
            "user name": "泰山老山民",
            "content": "自古以来，都是与西方接轨的，不管是肉体还是精神上。买办嘛。",
            "time": "22-2-13 12:44"
        },
        {
            "comment id": 15,
            "parent": 14,
            "children": [],
            "user id": "3119731752",
            "user name": "tang88242",
            "content": "西方统计口径问题把同居协议算在未婚里了。翻译上的确如此。国内未婚生育比例不会超2%",
            "time": "22-2-13 14:49"
        },
        {
            "comment id": 16,
            "parent": -1,
            "children": [
                18,
                19,
                20,
                21
            ],
            "user id": "3681606637",
            "user name": "精诚伟香主",
            "content": "北京也已经通过了法律，允许非婚生育了",
            "time": "22-2-13 12:46"
        },
        {
            "comment id": 17,
            "parent": 18,
            "children": [],
            "user id": "3681606637",
            "user name": "精诚伟香主",
            "content": "回复@科技自立挺华为:私立医院，人家的生活你无法想象的",
            "time": "22-2-14 21:24"
        },
        {
            "comment id": 18,
            "parent": 16,
            "children": [
                17
            ],
            "user id": "7164946555",
            "user name": "科技自立挺华为",
            "content": "医院能收吗？关键是",
            "time": "22-2-14 18:06"
        },
        {
            "comment id": 19,
            "parent": 16,
            "children": [],
            "user id": "6980359909",
            "user name": "星河皆所念2022",
            "content": "非婚生育早就允许了",
            "time": "22-2-13 15:55"
        },
        {
            "comment id": 20,
            "parent": 16,
            "children": [],
            "user id": "6225495749",
            "user name": "进击的盘小白",
            "content": "非婚生育一直也不违法",
            "time": "22-2-13 14:10"
        },
        {
            "comment id": 21,
            "parent": 16,
            "children": [],
            "user id": "2332164222",
            "user name": "浅墨Eliwen",
            "content": "生育自由嘛～",
            "time": "22-2-13 12:57"
        },
        {
            "comment id": 22,
            "parent": -1,
            "children": [],
            "user id": "1375933680",
            "user name": "喝六瓶就醉",
            "content": "这就是开通，外国人留种中国人养的模式！",
            "time": "22-2-13 13:45"
        },
        {
            "comment id": 23,
            "parent": -1,
            "children": [
                24,
                25
            ],
            "user id": "3124338220",
            "user name": "辣椒油在锅里",
            "content": "自由个体最舒服的就是放炮，带孩子不是累赘吗？上海在绝户路上会越走越远。",
            "time": "22-2-13 12:46"
        },
        {
            "comment id": 24,
            "parent": 23,
            "children": [],
            "user id": "7311644196",
            "user name": "扶风而上X",
            "content": "一线城市要的就是低生育率，为低层流动提供空间。",
            "time": "22-2-13 12:50"
        },
        {
            "comment id": 25,
            "parent": 23,
            "children": [],
            "user id": "7411658071",
            "user name": "happy-go-luckyer",
            "content": "很好，很动物世界，狮子老虎交配后，就留下母狮子母老虎自己带孩",
            "time": "22-2-13 12:48"
        },
        {
            "comment id": 26,
            "parent": -1,
            "children": [],
            "user id": "1683295251",
            "user name": "只有土没有豪",
            "content": "看这个行文就是编的，你也信？",
            "time": "22-2-13 13:15"
        },
        {
            "comment id": 27,
            "parent": -1,
            "children": [
                28,
                29
            ],
            "user id": "2164864917",
            "user name": "无差别社会",
            "content": "这种玩法要会出现大量小三小四小五……，上海之外小姑娘趋之若鹜，同时未婚男找不到对象。能提高新生儿但增加社会治理难度，还不如直接放开在上海有工作有房产的年轻人的小孩升学限制，这更直接。",
            "time": "22-2-13 13:35"
        },
        {
            "comment id": 28,
            "parent": 27,
            "children": [],
            "user id": "1911137007",
            "user name": "无辜的水滴",
            "content": "贪官富商可以随意播种了",
            "time": "22-2-13 13:48"
        },
        {
            "comment id": 29,
            "parent": 27,
            "children": [],
            "user id": "2164864917",
            "user name": "无差别社会",
            "content": "",
            "time": "22-2-13 14:20"
        },
        {
            "comment id": 30,
            "parent": -1,
            "children": [],
            "user id": "3810374274",
            "user name": "昆仑之墟",
            "content": "回到野蛮时代。",
            "time": "22-2-13 12:48"
        },
        {
            "comment id": 31,
            "parent": -1,
            "children": [],
            "user id": "5328171999",
            "user name": "穿越到巨龙的世界",
            "content": "这不是西方，这是黑人文化模式，只管生不管养",
            "time": "22-2-13 14:24"
        },
        {
            "comment id": 32,
            "parent": -1,
            "children": [],
            "user id": "7581932874",
            "user name": "玛卡巴卡斯基夫",
            "content": "评论里的普信男又破防了",
            "time": "22-2-14 16:46"
        },
        {
            "comment id": 33,
            "parent": -1,
            "children": [],
            "user id": "6455552122",
            "user name": "啊啊青188",
            "content": "必须打击",
            "time": "22-2-14 16:42"
        },
        {
            "comment id": 34,
            "parent": -1,
            "children": [],
            "user id": "6206257025",
            "user name": "你的行为决定谁能留下",
            "content": "这明显假的，但凡带点脑子也不至于一点脑子都没有",
            "time": "22-2-14 16:35"
        },
        {
            "comment id": 35,
            "parent": -1,
            "children": [],
            "user id": "2637462322",
            "user name": "Alex--GM",
            "content": "现在生活中还有哪些不是和西方接轨的？",
            "time": "22-2-14 16:35"
        },
        {
            "comment id": 36,
            "parent": -1,
            "children": [],
            "user id": "3308060095",
            "user name": "西伯利亚之二哈",
            "content": "越来越多的混血了，孩子不知道他爸到底是哪个，毕竟一起玩的那么多人",
            "time": "22-2-14 15:50"
        },
        {
            "comment id": 37,
            "parent": -1,
            "children": [],
            "user id": "5852706382",
            "user name": "恩子和妈妈",
            "content": "支持支持支持，希望是真的",
            "time": "22-2-14 15:42"
        },
        {
            "comment id": 38,
            "parent": -1,
            "children": [],
            "user id": "2700772132",
            "user name": "财宝宝1998",
            "content": "不可能，不信",
            "time": "22-2-14 15:34"
        },
        {
            "comment id": 39,
            "parent": -1,
            "children": [],
            "user id": "2092129310",
            "user name": "星凰梵天",
            "content": "不信谣不传谣",
            "time": "22-2-14 15:21"
        },
        {
            "comment id": 40,
            "parent": -1,
            "children": [],
            "user id": "5463798861",
            "user name": "shanghailaoding",
            "content": "假的吧？",
            "time": "22-2-14 14:50"
        },
        {
            "comment id": 41,
            "parent": -1,
            "children": [],
            "user id": "2001796345",
            "user name": "广州普罗旺斯",
            "content": "看来试管婴儿单亲爸爸也应该越来越多了吧",
            "time": "22-2-14 14:25"
        },
        {
            "comment id": 42,
            "parent": -1,
            "children": [],
            "user id": "1909203763",
            "user name": "Har_Tian",
            "content": "已经举报，传播谣言!",
            "time": "22-2-14 14:13"
        },
        {
            "comment id": 43,
            "parent": -1,
            "children": [],
            "user id": "1961195185",
            "user name": "继博51",
            "content": "这种三无信息连假新闻都算不上",
            "time": "22-2-14 14:09"
        },
        {
            "comment id": 44,
            "parent": -1,
            "children": [],
            "user id": "7477454068",
            "user name": "风语无阻666",
            "content": "真有这个，真支持！",
            "time": "22-2-14 13:51"
        },
        {
            "comment id": 45,
            "parent": -1,
            "children": [],
            "user id": "6271944445",
            "user name": "死也要送跳楼刀",
            "content": "所以开放精子库了么",
            "time": "22-2-14 13:44"
        },
        {
            "comment id": 46,
            "parent": -1,
            "children": [],
            "user id": "1638608185",
            "user name": "苏北青本青",
            "content": "借鸡生蛋？",
            "time": "22-2-14 13:44"
        },
        {
            "comment id": 47,
            "parent": -1,
            "children": [],
            "user id": "2038733253",
            "user name": "花想容2008",
            "content": "也要提倡未婚单身汉也要接受已孕的单身妇女，不要有不是自己孩子就不养的传统观念，",
            "time": "22-2-14 13:39"
        },
        {
            "comment id": 48,
            "parent": -1,
            "children": [],
            "user id": "2663950403",
            "user name": "云淡风清去",
            "content": "不以结婚为目的的谈念爱都是耍流氓。",
            "time": "22-2-13 18:15"
        },
        {
            "comment id": 49,
            "parent": -1,
            "children": [],
            "user id": "1706627085",
            "user name": "迪水露香",
            "content": "假的吧",
            "time": "22-2-13 18:05"
        },
        {
            "comment id": 50,
            "parent": -1,
            "children": [],
            "user id": "1560853843",
            "user name": "王-小-帅",
            "content": "女人要把自己作死？",
            "time": "22-2-13 18:02"
        },
        {
            "comment id": 51,
            "parent": -1,
            "children": [],
            "user id": "5514936029",
            "user name": "嗐多大点事",
            "content": "为了孩子也是不脸了",
            "time": "22-2-13 17:44"
        },
        {
            "comment id": 52,
            "parent": -1,
            "children": [],
            "user id": "1514015963",
            "user name": "經禮堂",
            "content": "還要疊加上外國精子庫吧，生意啊。",
            "time": "22-2-13 16:42"
        },
        {
            "comment id": 53,
            "parent": -1,
            "children": [],
            "user id": "2377663017",
            "user name": "骑海螺听海",
            "content": "工资呢",
            "time": "22-2-13 16:24"
        },
        {
            "comment id": 54,
            "parent": -1,
            "children": [],
            "user id": "7709214949",
            "user name": "庸医下猛药015",
            "content": "孤寡老人灵活就业人员能接轨吗",
            "time": "22-2-13 15:21"
        },
        {
            "comment id": 55,
            "parent": -1,
            "children": [],
            "user id": "1405003244",
            "user name": "搞笑王5001",
            "content": "大部分都是富人外室",
            "time": "22-2-13 15:04"
        },
        {
            "comment id": 56,
            "parent": -1,
            "children": [],
            "user id": "1405606532",
            "user name": "Lamda_314",
            "content": "这才是务实的",
            "time": "22-2-13 15:02"
        },
        {
            "comment id": 57,
            "parent": -1,
            "children": [],
            "user id": "5124623629",
            "user name": "作者生还者",
            "content": "这是哪个领导自己没爹？",
            "time": "22-2-13 14:59"
        },
        {
            "comment id": 58,
            "parent": -1,
            "children": [],
            "user id": "6788467431",
            "user name": "可爱吗aaaaaa",
            "content": "资本主义那一套怎么可以照搬到了社会主义的中国？？？？！😱",
            "time": "22-2-13 14:40"
        },
        {
            "comment id": 59,
            "parent": -1,
            "children": [],
            "user id": "6892212869",
            "user name": "堡堡家的喵劳斯",
            "content": "别看网上闹得欢，可以调查一下。有多少女性愿意当单亲妈妈。不婚不育是个人自由，鼓吹让女孩当单亲妈妈，非蠢既坏。。",
            "time": "22-2-13 14:32"
        },
        {
            "comment id": 60,
            "parent": -1,
            "children": [],
            "user id": "7596310828",
            "user name": "好好学习做良好公民",
            "content": "高级",
            "time": "22-2-13 14:26"
        },
        {
            "comment id": 61,
            "parent": -1,
            "children": [],
            "user id": "3687156833",
            "user name": "泪漫东山",
            "content": "瓦解婚姻制度？好哇，妙哇！",
            "time": "22-2-13 14:09"
        },
        {
            "comment id": 62,
            "parent": -1,
            "children": [],
            "user id": "1682831851",
            "user name": "春风独醉夜归人",
            "content": "那以后可真就是拔屌走人了，苦了谁呢？",
            "time": "22-2-13 13:57"
        },
        {
            "comment id": 63,
            "parent": -1,
            "children": [],
            "user id": "2016602595",
            "user name": "中尉少府执金吾",
            "content": "西方是干爹",
            "time": "22-2-13 13:30"
        },
        {
            "comment id": 64,
            "parent": -1,
            "children": [],
            "user id": "5118593508",
            "user name": "大侠94375",
            "content": "没有哪一个政府会干这种蠢事吧，这会造成社会问题。",
            "time": "22-2-13 13:28"
        },
        {
            "comment id": 65,
            "parent": -1,
            "children": [],
            "user id": "1731334965",
            "user name": "看这人间看这世界",
            "content": "这能是真的？一点辨别能力没有么？",
            "time": "22-2-13 13:25"
        },
        {
            "comment id": 66,
            "parent": -1,
            "children": [],
            "user id": "5976570505",
            "user name": "全是二儿",
            "content": "其实只恋爱，不结婚，对男人来说是好事，想开了就行。",
            "time": "22-2-13 13:12"
        },
        {
            "comment id": 67,
            "parent": -1,
            "children": [],
            "user id": "1770318582",
            "user name": "其实我叫梅梅",
            "content": "辟谣好几次了",
            "time": "22-2-13 13:05"
        },
        {
            "comment id": 68,
            "parent": -1,
            "children": [],
            "user id": "5632114777",
            "user name": "狂野男孩008",
            "content": "中华民族文化的根基——姓氏文化和宗族文化将迎来浩劫",
            "time": "22-2-13 13:01"
        },
        {
            "comment id": 69,
            "parent": -1,
            "children": [],
            "user id": "2332164222",
            "user name": "浅墨Eliwen",
            "content": "无论这事真假，婚姻和生育分离本来就是大趋势～",
            "time": "22-2-13 12:58"
        },
        {
            "comment id": 70,
            "parent": -1,
            "children": [],
            "user id": "1897395725",
            "user name": "suk-cri-歌",
            "content": "以前没家教和绝户都是骂人的话，现在都成新风尚了？不过我是支持实在结不了婚的育龄妇女生娃的。",
            "time": "22-2-13 12:57"
        },
        {
            "comment id": 71,
            "parent": -1,
            "children": [],
            "user id": "2866539892",
            "user name": "青冰先生",
            "content": "奶爸呢怎么办",
            "time": "22-2-13 12:42"
        },
        {
            "comment id": 72,
            "parent": -1,
            "children": [],
            "user id": "6118373180",
            "user name": "黄皮儿马瓦里",
            "content": "这个应该是假的",
            "time": "22-2-13 14:55"
        },
        {
            "comment id": 73,
            "parent": -1,
            "children": [],
            "user id": "6233175534",
            "user name": "卓上有壶",
            "content": "支持啊，为什么不支持，不会吧，真有那么多男人想结婚，不会吧不会吧，给爷把火烧的旺旺的，舔柴！",
            "time": "22-2-13 14:53"
        },
        {
            "comment id": 74,
            "parent": -1,
            "children": [],
            "user id": "5217330728",
            "user name": "vilacysj",
            "content": "好的不学，净学糟粕",
            "time": "22-2-13 13:47"
        },
        {
            "comment id": 75,
            "parent": -1,
            "children": [],
            "user id": "2348659395",
            "user name": "仌尚",
            "content": "新闻没来源，假的",
            "time": "22-2-13 12:43"
        },
        {
            "comment id": 76,
            "parent": -1,
            "children": [],
            "user id": "1911137007",
            "user name": "无辜的水滴",
            "content": "官商富贾可以满地播种了",
            "time": "22-2-13 13:46"
        },
        {
            "comment id": 77,
            "parent": -1,
            "children": [],
            "user id": "5815650424",
            "user name": "捷玲踏雪",
            "content": "这就是中华民族传统文化尽失的结果！无语！",
            "time": "22-2-13 13:59"
        },
        {
            "comment id": 78,
            "parent": -1,
            "children": [],
            "user id": "7454323183",
            "user name": "轻仓度日2021",
            "content": "一段话？",
            "time": "22-2-13 12:43"
        },
        {
            "comment id": 79,
            "parent": -1,
            "children": [],
            "user id": "2030831363",
            "user name": "心生静而静",
            "content": "这个已辟谣了",
            "time": "22-2-13 16:14"
        },
        {
            "comment id": 80,
            "parent": -1,
            "children": [],
            "user id": "1762430592",
            "user name": "学海无涯DC",
            "content": "你这类消息从来没有出处，垃圾消息满天",
            "time": "22-2-13 14:07"
        },
        {
            "comment id": 81,
            "parent": -1,
            "children": [],
            "user id": "7016855743",
            "user name": "鲁克博士",
            "content": "不得已而为之，大概率会在全国推广的",
            "time": "22-2-13 13:17"
        },
        {
            "comment id": 82,
            "parent": -1,
            "children": [],
            "user id": "2460385262",
            "user name": "除了无聊还是无聊",
            "content": "还在造谣？",
            "time": "22-2-13 13:08"
        }
    ]
}