{
    "source": {
        "content": "#广州新发现2例阳性病例传播可能性大#  白云机场董事长已经辞职了。咱啥也不知道，啥也敢说啊 ",
        "time": "22-2-16 10:46",
        "user id": "6285440405",
        "tweet id": "LfIfrx5dg",
        "label": 1,
        "theme": null
    },
    "comment": [
        {
            "comment id": 0,
            "parent": -1,
            "children": [
                1,
                2
            ],
            "user id": "7491933595",
            "user name": "旺旺仙贝的汪汪雪饼",
            "content": "人家不是2月14晚提出的辞职吗，2月15早上才爆出来疫情",
            "time": "22-2-16 10:47"
        },
        {
            "comment id": 1,
            "parent": 0,
            "children": [],
            "user id": "6285440405",
            "user name": "Stimmung_wei",
            "content": "工作时间出海人董事会发现不了？",
            "time": "22-2-16 11:00"
        },
        {
            "comment id": 2,
            "parent": 0,
            "children": [],
            "user id": "6397848440",
            "user name": "大漠风情_FHRz",
            "content": "辞职不会影响公司啊",
            "time": "22-2-16 11:01"
        },
        {
            "comment id": 3,
            "parent": -1,
            "children": [
                4,
                6
            ],
            "user id": "6012147231",
            "user name": "还没开始减肥吗",
            "content": "新闻都说两个都是女生啦",
            "time": "22-2-16 11:44"
        },
        {
            "comment id": 4,
            "parent": 3,
            "children": [],
            "user id": "6100087455",
            "user name": "有故事的女人201701",
            "content": "回复@我跟你说个槌槌:你这话严重了，我没说两个女生外的人怎么样，现在是在说两个女生的事，我不质疑，我没说过质疑，不要拉我下水",
            "time": "22-2-17 13:13"
        },
        {
            "comment id": 5,
            "parent": 6,
            "children": [],
            "user id": "6012147231",
            "user name": "还没开始减肥吗",
            "content": "回复@有故事的女人201701:不要质疑广州的防疫工作了 怎么可能会放过一个跟两个阳性同行的男人呢",
            "time": "22-2-16 18:44"
        },
        {
            "comment id": 6,
            "parent": 3,
            "children": [
                5
            ],
            "user id": "6100087455",
            "user name": "有故事的女人201701",
            "content": "博主说就是两个女生",
            "time": "22-2-16 15:21"
        },
        {
            "comment id": 7,
            "parent": -1,
            "children": [],
            "user id": "1865197522",
            "user name": "龟速BRZ",
            "content": "@高手__",
            "time": "22-2-16 11:03"
        },
        {
            "comment id": 8,
            "parent": -1,
            "children": [],
            "user id": "1951397482",
            "user name": "Damn-D",
            "content": "辞职就结束了啊，666",
            "time": "22-2-16 11:09"
        },
        {
            "comment id": 9,
            "parent": -1,
            "children": [],
            "user id": "1885518000",
            "user name": "luckyzw",
            "content": "新闻组合起来看，才有意思",
            "time": "22-2-16 11:31"
        },
        {
            "comment id": 10,
            "parent": -1,
            "children": [],
            "user id": "2452054701",
            "user name": "正常人不上微博",
            "content": "如果是密切的话不会被隔吗，理性吃瓜",
            "time": "22-2-16 11:11"
        },
        {
            "comment id": 11,
            "parent": -1,
            "children": [],
            "user id": "1107225537",
            "user name": "未婚先不孕",
            "content": "11:41--12:00兵分两路，一路去营业，一路去存钱。",
            "time": "22-2-16 18:02"
        },
        {
            "comment id": 12,
            "parent": -1,
            "children": [],
            "user id": "7265879066",
            "user name": "把小猪抓走",
            "content": "@D0ZH",
            "time": "22-2-16 11:13"
        },
        {
            "comment id": 13,
            "parent": -1,
            "children": [
                14,
                15,
                16,
                17,
                18,
                19
            ],
            "user id": "7408464539",
            "user name": "K_atyusha",
            "content": "去长隆2个半小时？排队都不够吧",
            "time": "22-2-16 11:01"
        },
        {
            "comment id": 14,
            "parent": 13,
            "children": [],
            "user id": "7408464539",
            "user name": "K_atyusha",
            "content": "回复 @车里车里龟:我的意思就是这个。所谓的包装。",
            "time": "22-2-16 11:50"
        },
        {
            "comment id": 15,
            "parent": 13,
            "children": [],
            "user id": "5932780599",
            "user name": "车里车里龟",
            "content": "打卡拍照用来宣传就够了阿",
            "time": "22-2-16 11:49"
        },
        {
            "comment id": 16,
            "parent": 13,
            "children": [],
            "user id": "7408464539",
            "user name": "K_atyusha",
            "content": "回复 @彩霞红日:大概率第一次来广州，而且之前住快捷酒店",
            "time": "22-2-16 11:43"
        },
        {
            "comment id": 17,
            "parent": 13,
            "children": [],
            "user id": "7377973791",
            "user name": "彩霞红日",
            "content": "vvvvip快速通道票了解一下",
            "time": "22-2-16 11:31"
        },
        {
            "comment id": 18,
            "parent": 13,
            "children": [],
            "user id": "6039709258",
            "user name": "_我是小猪KK",
            "content": "我是幼儿园的，没看懂",
            "time": "22-2-16 11:23"
        },
        {
            "comment id": 19,
            "parent": 13,
            "children": [],
            "user id": "2571958963",
            "user name": "用户bb4lkcs181",
            "content": "需要排队吗？",
            "time": "22-2-16 11:12"
        }
    ]
}