{
    "source": {
        "content": "据有关消息称:此次广州疫情，事关于广州白云机场董事长带着患者去公海与香港人进行赌博从而导致被感染后在广州进行传播的。患者21岁，女，据称是在西安体育学院的，不过据流调，该女患者经常出入高档酒店，不得不令人深思这是不是经常从事钱色交易？目前白云国际机场的董事长已经辞职。不管消息真与假，总之希望社会平安，疫情期间，不可大意，如果为色为钱从而导致防疫破防，那么都将是我们的敌人。 ",
        "time": "22-2-16 11:33",
        "user id": "2178797154",
        "tweet id": "LfIynvmA3",
        "label": 1,
        "theme": null
    },
    "comment": [
        {
            "comment id": 0,
            "parent": -1,
            "children": [
                1
            ],
            "user id": "2178797154",
            "user name": "Rixon·光",
            "content": "那些说造谣的，没错，都是一群没有脑子的生物，没有看清全部的博文的。或许是那女的水军！",
            "time": "22-2-17 06:43"
        },
        {
            "comment id": 1,
            "parent": 0,
            "children": [],
            "user id": "1631416893",
            "user name": "四四的小丸子啊",
            "content": "你可真的是牛，都挂着不实消息了，还嘴硬。你第一句就写着董事长带患者……两者一点关系都没有。还不是造谣，真的是神精病从不说自己是神精病。",
            "time": "22-2-17 20:40"
        },
        {
            "comment id": 2,
            "parent": -1,
            "children": [
                4,
                5,
                6,
                7
            ],
            "user id": "1706306921",
            "user name": "我还只是一只兜兜啊",
            "content": "别发了吧😂那边好像已经报警了",
            "time": "22-2-16 13:40"
        },
        {
            "comment id": 3,
            "parent": 4,
            "children": [],
            "user id": "7132449139",
            "user name": "覠_Satoshi",
            "content": "回复@VaneWong:sorry把小道消息和官方信息记混了",
            "time": "22-2-17 06:40"
        },
        {
            "comment id": 4,
            "parent": 2,
            "children": [
                3
            ],
            "user id": "2087802665",
            "user name": "VaneWong",
            "content": "回复@覠_Satoshi:纯路过，纠正你一下，那两女子是14号夜间在花都做核酸的，不是15号。",
            "time": "22-2-17 01:42"
        },
        {
            "comment id": 5,
            "parent": 2,
            "children": [],
            "user id": "7408464539",
            "user name": "K_atyusha",
            "content": "回复 @我还只是一只兜兜啊:那个女的是不是14号初步阳性啊",
            "time": "22-2-16 21:55"
        },
        {
            "comment id": 6,
            "parent": 2,
            "children": [],
            "user id": "1706306921",
            "user name": "我还只是一只兜兜啊",
            "content": "回复 @G_ood_enough:问题人家不是今天才辞的职，14日的事了😂",
            "time": "22-2-16 20:01"
        },
        {
            "comment id": 7,
            "parent": 2,
            "children": [],
            "user id": "7408464539",
            "user name": "K_atyusha",
            "content": "吴亦凡那时候也报警的",
            "time": "22-2-16 19:54"
        },
        {
            "comment id": 8,
            "parent": -1,
            "children": [],
            "user id": "7409031231",
            "user name": "圆了个圆的金子",
            "content": "造谣也带脑子好么",
            "time": "22-2-16 19:47"
        },
        {
            "comment id": 9,
            "parent": -1,
            "children": [],
            "user id": "1850133525",
            "user name": "etheen",
            "content": "已证实谣言了，辞职在先",
            "time": "22-2-16 11:52"
        },
        {
            "comment id": 10,
            "parent": -1,
            "children": [],
            "user id": "3383055622",
            "user name": "_快樂每一日",
            "content": "辟谣了辞职原因，但是经常出入高档酒店懂得都懂",
            "time": "22-2-16 14:40"
        },
        {
            "comment id": 11,
            "parent": -1,
            "children": [],
            "user id": "7488148359",
            "user name": "颗粒俊俊Lee",
            "content": "真的有人闲的。。这么假",
            "time": "22-2-16 13:30"
        },
        {
            "comment id": 12,
            "parent": -1,
            "children": [],
            "user id": "1631416893",
            "user name": "四四的小丸子啊",
            "content": "不要在这乱讲。人家辞职提交都要走程序的，提交完这疫情才出现的X，造谣也要符合逻辑",
            "time": "22-2-16 13:01"
        },
        {
            "comment id": 13,
            "parent": -1,
            "children": [],
            "user id": "7132449139",
            "user name": "覠_Satoshi",
            "content": "人家报警了哦",
            "time": "22-2-16 12:18"
        },
        {
            "comment id": 14,
            "parent": -1,
            "children": [],
            "user id": "1855982752",
            "user name": "小短腿乔巴儿",
            "content": "别再传谣了",
            "time": "22-2-16 12:00"
        },
        {
            "comment id": 15,
            "parent": -1,
            "children": [],
            "user id": "2201901591",
            "user name": "雪域藍天-",
            "content": "已经辟谣了",
            "time": "22-2-16 11:41"
        },
        {
            "comment id": 16,
            "parent": -1,
            "children": [],
            "user id": "1867493222",
            "user name": "Jason极",
            "content": "哇！猛料",
            "time": "22-2-18 23:38"
        },
        {
            "comment id": 17,
            "parent": -1,
            "children": [],
            "user id": "1728860841",
            "user name": "微博同城",
            "content": "你的微博被收录到“成都同城”展示，想获取更大流量，防止骚扰…..详情见如何让我的微博在同城获得曝光？",
            "time": "22-2-18 08:03"
        },
        {
            "comment id": 18,
            "parent": -1,
            "children": [],
            "user id": "1971533143",
            "user name": "噜噜五花肉",
            "content": "报警了喔，博主还好吗",
            "time": "22-2-17 09:44"
        },
        {
            "comment id": 19,
            "parent": -1,
            "children": [],
            "user id": "6301439076",
            "user name": "yellow队长",
            "content": "怪不得昨天太古汇好像全员做核酸检测",
            "time": "22-2-16 16:50"
        },
        {
            "comment id": 20,
            "parent": -1,
            "children": [],
            "user id": "1951397482",
            "user name": "Damn-D",
            "content": "又是西安",
            "time": "22-2-16 15:51"
        },
        {
            "comment id": 21,
            "parent": -1,
            "children": [],
            "user id": "2491237480",
            "user name": "VIVIANE-Q",
            "content": "这两个女的微博有吗",
            "time": "22-2-16 15:36"
        },
        {
            "comment id": 22,
            "parent": -1,
            "children": [],
            "user id": "2425481141",
            "user name": "老驴老驴老驴",
            "content": "真的吗你怎么知道的",
            "time": "22-2-16 13:57"
        },
        {
            "comment id": 23,
            "parent": -1,
            "children": [],
            "user id": "7106025923",
            "user name": "尾声伪声",
            "content": "都是挣的辛苦钱",
            "time": "22-2-16 12:55"
        },
        {
            "comment id": 24,
            "parent": -1,
            "children": [],
            "user id": "3944828934",
            "user name": "全球抗疫",
            "content": "跪求报警处理结果！证明不是他！",
            "time": "22-2-16 11:49"
        },
        {
            "comment id": 25,
            "parent": -1,
            "children": [],
            "user id": "1078693043",
            "user name": "用户b54bmsyskg",
            "content": "该学院应该开始重视学生的道德教育了，作妖也拜托在当地好了，不要跑来我们大广州，全市人民过了一个“特别”的元宵节！",
            "time": "22-2-16 13:46"
        },
        {
            "comment id": 26,
            "parent": -1,
            "children": [],
            "user id": "6232925159",
            "user name": "苏nico",
            "content": "公海中招",
            "time": "22-2-16 18:39"
        },
        {
            "comment id": 27,
            "parent": -1,
            "children": [],
            "user id": "6903052878",
            "user name": "猪该赢了",
            "content": "我就看看，几个月后我在看新闻",
            "time": "22-2-16 11:48"
        },
        {
            "comment id": 28,
            "parent": -1,
            "children": [],
            "user id": "1239253750",
            "user name": "金点子谭",
            "content": "造谣应该永久消号",
            "time": "22-2-16 22:17"
        }
    ]
}