{
    "source": {
        "content": "#衡水桃城中学##衡水桃城中学# 太可怕了 普信女天花板-的微博视频 ",
        "time": "22-2-18 02:10",
        "user id": "5188433004",
        "tweet id": "LfXJ1ELFM",
        "label": 1,
        "theme": null
    },
    "comment": [
        {
            "comment id": 0,
            "parent": -1,
            "children": [
                1,
                3,
                4,
                5,
                6,
                7,
                9,
                11,
                12
            ],
            "user id": "5350539322",
            "user name": "黄桃苏打",
            "content": "这不是桃城中学，别骂错了各位",
            "time": "22-2-18 08:21"
        },
        {
            "comment id": 1,
            "parent": 0,
            "children": [],
            "user id": "7390545012",
            "user name": "Bright-hanxiti",
            "content": "？？？？哪个学校都不对啊",
            "time": "22-2-18 10:44"
        },
        {
            "comment id": 2,
            "parent": 6,
            "children": [],
            "user id": "5522001310",
            "user name": "消化科不能消化自己",
            "content": "回复@治病还得靠男高中生:确实不是好东西 但这确实不是桃城",
            "time": "22-2-18 09:46"
        },
        {
            "comment id": 3,
            "parent": 0,
            "children": [],
            "user id": "7236294225",
            "user name": "宬蒍鈛徃89355",
            "content": "不管是哪个，既然爆出来的应该好好查一查🙅",
            "time": "22-2-18 09:45"
        },
        {
            "comment id": 4,
            "parent": 0,
            "children": [],
            "user id": "2360412710",
            "user name": "爱做梦的琪琪呀",
            "content": "转发已经一群打着桃城的tag了 ，到时候转着转着就变成这是桃城，别到时候桃城避重就轻只发声明说这个视频不是桃城的怎么怎么样",
            "time": "22-2-18 08:57"
        },
        {
            "comment id": 5,
            "parent": 0,
            "children": [],
            "user id": "5350539322",
            "user name": "黄桃苏打",
            "content": "我没有 桃城好的意思，假视频传播多了会被说造谣，明白吗",
            "time": "22-2-18 08:36"
        },
        {
            "comment id": 6,
            "parent": 0,
            "children": [
                2
            ],
            "user id": "2194600865",
            "user name": "治病还得靠男高中生",
            "content": "桃城也不是好东西啊",
            "time": "22-2-18 08:32"
        },
        {
            "comment id": 7,
            "parent": 0,
            "children": [],
            "user id": "7681407432",
            "user name": "柑子鸭9",
            "content": "啊对对对，不是不是呢呵呵，管他的这个学校就应该遭",
            "time": "22-2-18 08:29"
        },
        {
            "comment id": 8,
            "parent": 12,
            "children": [],
            "user id": "5350539322",
            "user name": "黄桃苏打",
            "content": "回复@YH308:对对对，我看带的桃城话题，被说造谣就不好了",
            "time": "22-2-18 08:26"
        },
        {
            "comment id": 9,
            "parent": 0,
            "children": [],
            "user id": "7566050036",
            "user name": "澄净闪耀-",
            "content": "我去其他的转发下面发给我过滤了",
            "time": "22-2-18 08:26"
        },
        {
            "comment id": 10,
            "parent": 11,
            "children": [],
            "user id": "5350539322",
            "user name": "黄桃苏打",
            "content": "回复@那我谢谢你了喔:对对对",
            "time": "22-2-18 08:25"
        },
        {
            "comment id": 11,
            "parent": 0,
            "children": [
                10
            ],
            "user id": "2815082533",
            "user name": "那我谢谢你了喔",
            "content": "不管是哪个学校这样子都不对吧 都应该好好查查",
            "time": "22-2-18 08:24"
        },
        {
            "comment id": 12,
            "parent": 0,
            "children": [
                8
            ],
            "user id": "7739488961",
            "user name": "YH308",
            "content": "不管是哪个学校，老师也不能这样啊",
            "time": "22-2-18 08:24"
        },
        {
            "comment id": 13,
            "parent": -1,
            "children": [
                40,
                42
            ],
            "user id": "7322648731",
            "user name": "莹崽好困zZ",
            "content": "@人民日报 还不看看",
            "time": "22-2-18 08:08"
        },
        {
            "comment id": 14,
            "parent": 16,
            "children": [],
            "user id": "7322648731",
            "user name": "莹崽好困zZ",
            "content": "回复@嘿嘿34268:你没问题不代表别人就没有问题 以偏概全？",
            "time": "22-2-18 16:00"
        },
        {
            "comment id": 15,
            "parent": 16,
            "children": [],
            "user id": "7322648731",
            "user name": "莹崽好困zZ",
            "content": "回复@嘿嘿34268:哇正义人士，好伟大噢 好棒喔",
            "time": "22-2-18 16:00"
        },
        {
            "comment id": 16,
            "parent": 18,
            "children": [
                14,
                15
            ],
            "user id": "6978475500",
            "user name": "嘿嘿34268",
            "content": "回复@莹崽好困zZ:网络黑手闭嘴吧",
            "time": "22-2-18 15:45"
        },
        {
            "comment id": 17,
            "parent": 18,
            "children": [],
            "user id": "6978475500",
            "user name": "嘿嘿34268",
            "content": "回复@莹崽好困zZ:我就是学生，怎么了？我在五中毕业就挺好的，没有心理问题",
            "time": "22-2-18 15:37"
        },
        {
            "comment id": 18,
            "parent": 21,
            "children": [
                16,
                17
            ],
            "user id": "7322648731",
            "user name": "莹崽好困zZ",
            "content": "回复@嘿嘿34268:懒得和你这种洗衣机说话 滚远点",
            "time": "22-2-18 15:37"
        },
        {
            "comment id": 19,
            "parent": 21,
            "children": [],
            "user id": "7322648731",
            "user name": "莹崽好困zZ",
            "content": "回复@嘿嘿34268:你说的 我没脑子，是你脑子有问题，脑子有问题了赶紧去精神科看看，别耽误了治疗时间 也别祸害学生",
            "time": "22-2-18 15:36"
        },
        {
            "comment id": 20,
            "parent": 21,
            "children": [],
            "user id": "7322648731",
            "user name": "莹崽好困zZ",
            "content": "回复@嘿嘿34268:我说了我是这个学校的？🦐是么 还有，桃城校长巩建英你别洗了，变成洗衣机你也洗不白",
            "time": "22-2-18 15:35"
        },
        {
            "comment id": 21,
            "parent": 23,
            "children": [
                18,
                19,
                20
            ],
            "user id": "6978475500",
            "user name": "嘿嘿34268",
            "content": "回复@莹崽好困zZ:所以这种人脑子就有问题",
            "time": "22-2-18 15:33"
        },
        {
            "comment id": 22,
            "parent": 23,
            "children": [],
            "user id": "6978475500",
            "user name": "嘿嘿34268",
            "content": "回复@莹崽好困zZ:你这又是在哪搜了一个校长的名字过来，装什么装，你是这个学校的不知道教室和校服是什么样？",
            "time": "22-2-18 15:32"
        },
        {
            "comment id": 23,
            "parent": 25,
            "children": [
                21,
                22
            ],
            "user id": "7322648731",
            "user name": "莹崽好困zZ",
            "content": "回复@嘿嘿34268:哪能啊，桃城那么高档 我哪敢进去啊",
            "time": "22-2-18 15:30"
        },
        {
            "comment id": 24,
            "parent": 25,
            "children": [],
            "user id": "7322648731",
            "user name": "莹崽好困zZ",
            "content": "回复@嘿嘿34268:巩建英我请你上大号说话",
            "time": "22-2-18 15:30"
        },
        {
            "comment id": 25,
            "parent": 27,
            "children": [
                23,
                24
            ],
            "user id": "6978475500",
            "user name": "嘿嘿34268",
            "content": "回复@莹崽好困zZ:你自己去学校看看教室长什么样，再看看视频里的教室，就知道谁脑子有问题了",
            "time": "22-2-18 15:27"
        },
        {
            "comment id": 26,
            "parent": 27,
            "children": [],
            "user id": "6978475500",
            "user name": "嘿嘿34268",
            "content": "回复@莹崽好困zZ:那你告诉我名字啊，你该不会不知道压迫你学校的校长都不知道吧",
            "time": "22-2-18 15:26"
        },
        {
            "comment id": 27,
            "parent": 29,
            "children": [
                25,
                26
            ],
            "user id": "7322648731",
            "user name": "莹崽好困zZ",
            "content": "回复@嘿嘿34268:当然知道啊，脑子有问题的校长谁不知？",
            "time": "22-2-18 15:24"
        },
        {
            "comment id": 28,
            "parent": 29,
            "children": [],
            "user id": "7322648731",
            "user name": "莹崽好困zZ",
            "content": "回复@嘿嘿34268:对对对，你脑子有问题，当然和我沟通不了",
            "time": "22-2-18 15:24"
        },
        {
            "comment id": 29,
            "parent": 31,
            "children": [
                27,
                28
            ],
            "user id": "6978475500",
            "user name": "嘿嘿34268",
            "content": "回复@莹崽好困zZ:那你知道我是哪个校长吗",
            "time": "22-2-18 15:21"
        },
        {
            "comment id": 30,
            "parent": 31,
            "children": [],
            "user id": "6978475500",
            "user name": "嘿嘿34268",
            "content": "回复@莹崽好困zZ:真跟你这种没脑子的人没法沟通，哎",
            "time": "22-2-18 15:21"
        },
        {
            "comment id": 31,
            "parent": 32,
            "children": [
                29,
                30
            ],
            "user id": "7322648731",
            "user name": "莹崽好困zZ",
            "content": "回复@嘿嘿34268:哟，校长理解能力不行啊，怪不得那么腐败",
            "time": "22-2-18 15:14"
        },
        {
            "comment id": 32,
            "parent": 33,
            "children": [
                31
            ],
            "user id": "6978475500",
            "user name": "嘿嘿34268",
            "content": "回复@莹崽好困zZ:所以你被威胁了？",
            "time": "22-2-18 15:13"
        },
        {
            "comment id": 33,
            "parent": 34,
            "children": [
                32
            ],
            "user id": "7322648731",
            "user name": "莹崽好困zZ",
            "content": "回复@嘿嘿34268:清者自清，浊者自浊，他桃城要是无辜的他为什么要压热搜，为什么要威胁学生？无风不起浪这句话你也该懂吧，诋毁这所学校对那些出来的学生有什么好处？怎么大部分的学校又没有这样的学生出来诋毁呢？",
            "time": "22-2-18 15:12"
        },
        {
            "comment id": 34,
            "parent": 35,
            "children": [
                33
            ],
            "user id": "6978475500",
            "user name": "嘿嘿34268",
            "content": "回复@莹崽好困zZ:我也没有洗白，我也承认我之前的学校有做的不对的地方，但一堆网友不了解情况就来转发评论，还用这种视频来瞎说",
            "time": "22-2-18 14:46"
        },
        {
            "comment id": 35,
            "parent": 37,
            "children": [
                34
            ],
            "user id": "7322648731",
            "user name": "莹崽好困zZ",
            "content": "回复@嘿嘿34268:洗白你也用点高级一点的技巧好吗，只会这句话让我都不想搭理你",
            "time": "22-2-18 14:43"
        },
        {
            "comment id": 36,
            "parent": 37,
            "children": [],
            "user id": "7322648731",
            "user name": "莹崽好困zZ",
            "content": "回复@嘿嘿34268:你又在衡中桃城上学了对嘛",
            "time": "22-2-18 14:42"
        },
        {
            "comment id": 37,
            "parent": 38,
            "children": [
                35,
                36
            ],
            "user id": "6978475500",
            "user name": "嘿嘿34268",
            "content": "回复@莹崽好困zZ:所以你没在五中上过学，怎么乱扣屎盆子呢",
            "time": "22-2-18 14:29"
        },
        {
            "comment id": 38,
            "parent": 40,
            "children": [
                37
            ],
            "user id": "7322648731",
            "user name": "莹崽好困zZ",
            "content": "回复@嘿嘿34268:校长请上大号说话",
            "time": "22-2-18 13:16"
        },
        {
            "comment id": 39,
            "parent": 40,
            "children": [],
            "user id": "5536765827",
            "user name": "·叁月气泡酒·",
            "content": "回复@嘿嘿34268:不怕遭天谴吗",
            "time": "22-2-18 09:34"
        },
        {
            "comment id": 40,
            "parent": 13,
            "children": [
                38,
                39
            ],
            "user id": "6978475500",
            "user name": "嘿嘿34268",
            "content": "你没在桃中上过学就不要瞎说",
            "time": "22-2-18 09:31"
        },
        {
            "comment id": 41,
            "parent": 42,
            "children": [],
            "user id": "7322648731",
            "user name": "莹崽好困zZ",
            "content": "回复@小马萱子:这烂钱都恰",
            "time": "22-2-18 09:01"
        },
        {
            "comment id": 42,
            "parent": 13,
            "children": [
                41
            ],
            "user id": "5682058377",
            "user name": "小马萱子",
            "content": "评论区都被过滤了没用",
            "time": "22-2-18 08:49"
        },
        {
            "comment id": 43,
            "parent": -1,
            "children": [],
            "user id": "7599496278",
            "user name": "恋皓日杂",
            "content": "@央视网 @央视新闻   @紫光阁  @共青团中央@中国新闻网 @中国青年报 @中国日报@央视新闻周刊 @央视新闻评论 @CCTV焦点访谈@中国教育报 @中国教育电视台@共青团中央@中国新闻网@央视网 @央视新闻 @观察者网 @人民日报 @共青团中央@中国新闻网 @中国青年报 @中国日报",
            "time": "22-2-18 08:03"
        },
        {
            "comment id": 44,
            "parent": -1,
            "children": [
                45
            ],
            "user id": "1915305523",
            "user name": "Wyee是唯一",
            "content": "@央视网 @央视新闻 @观察者网 @人民日报  @紫光阁  @共青团中央@中国新闻网 @中国青年报 @中国日报@央视新闻周刊 @央视新闻评论 @CCTV焦点访谈@中国教育报 @中国教育电视台@央视网 @央视新闻 @观察者网 @人民日报  @紫光阁  @共青团中央@中国新闻网",
            "time": "22-2-18 08:07"
        },
        {
            "comment id": 45,
            "parent": 44,
            "children": [],
            "user id": "5682058377",
            "user name": "小马萱子",
            "content": "没用，评论区的评论都被过滤掉了",
            "time": "22-2-18 08:49"
        },
        {
            "comment id": 46,
            "parent": -1,
            "children": [],
            "user id": "7402616325",
            "user name": "Hi扣扣",
            "content": "“回家，我要回家”……",
            "time": "22-2-18 08:16"
        },
        {
            "comment id": 47,
            "parent": -1,
            "children": [],
            "user id": "1863693954",
            "user name": "不过是个兔耳朵",
            "content": "我要是孩子家长看到这画面！这老师命不久矣了",
            "time": "22-2-18 08:07"
        },
        {
            "comment id": 48,
            "parent": -1,
            "children": [
                49,
                50
            ],
            "user id": "6594741517",
            "user name": "于栀茉sally",
            "content": "怎么人民日报啥都不说话 都觉得挺对呗",
            "time": "22-2-18 08:02"
        },
        {
            "comment id": 49,
            "parent": 48,
            "children": [],
            "user id": "7450462799",
            "user name": "葡萄柚绿江南岸866",
            "content": "他们比关心冰墩墩这个虚拟物体都比对活生生的人命关心，也有资本的原因",
            "time": "22-2-18 10:40"
        },
        {
            "comment id": 50,
            "parent": 48,
            "children": [],
            "user id": "7736549024",
            "user name": "拒绝物理老师出现在我面前",
            "content": "影响力大的官媒这个时候应该都不说话",
            "time": "22-2-18 08:12"
        },
        {
            "comment id": 51,
            "parent": -1,
            "children": [
                52
            ],
            "user id": "7278477184",
            "user name": "浪浪子诶",
            "content": "这是人？",
            "time": "22-2-18 08:07"
        },
        {
            "comment id": 52,
            "parent": 51,
            "children": [],
            "user id": "7487720853",
            "user name": "RenJ4",
            "content": "这不是人 这是🐶",
            "time": "22-2-20 22:25"
        },
        {
            "comment id": 53,
            "parent": -1,
            "children": [],
            "user id": "7150086349",
            "user name": "高兴就笑不高兴待会儿再笑",
            "content": "如果学校是这样，我宁愿自家孩子不读书，放养放牛，只要健康快乐成长……",
            "time": "22-2-18 08:31"
        },
        {
            "comment id": 54,
            "parent": -1,
            "children": [],
            "user id": "1841376583",
            "user name": "程航2022",
            "content": "@人民日报 不是不能体罚学生吗？我猜这个孩子的父母也没这样暴打过吧，这孩子是犯了多大错误，这老师如此暴力，还是这老师本来就是如此暴虐，广大网友都希望这老师远离教师队伍，受到应有的惩罚，希望校方不要发文说这老师是一时冲动。",
            "time": "22-2-18 08:28"
        },
        {
            "comment id": 55,
            "parent": -1,
            "children": [
                56
            ],
            "user id": "7425744243",
            "user name": "铠甲勇士赵本三_",
            "content": "我们老师之前也这样打过学生……",
            "time": "22-2-20 11:22"
        },
        {
            "comment id": 56,
            "parent": 55,
            "children": [],
            "user id": "7425744243",
            "user name": "铠甲勇士赵本三_",
            "content": "拿着PPC管往学生脸上打，打完还在学生脸上扇巴掌，学生的腿也被打肿了，一个月走起来都是一跛一跛的，还是女生，抓着头发甩过来甩过去，还一边用脚踢学生的腿",
            "time": "22-2-20 11:25"
        },
        {
            "comment id": 57,
            "parent": -1,
            "children": [],
            "user id": "7380405422",
            "user name": "猪爪很好次",
            "content": "@新华社 @央视新闻",
            "time": "22-2-18 08:08"
        },
        {
            "comment id": 58,
            "parent": -1,
            "children": [],
            "user id": "7509262986",
            "user name": "文文小乖0923",
            "content": "好可怕啊😱这老师疯了吗？多大仇多大怨下手这么狠",
            "time": "22-2-18 09:08"
        },
        {
            "comment id": 59,
            "parent": -1,
            "children": [],
            "user id": "2427093677",
            "user name": "奥原来是波波啊",
            "content": "@央视网 @中国青年报@央视网 @央视新闻   @紫光阁  @共青团中央@中国新闻网 @中国青年报 @中国日报@央视新闻周刊 @央视新闻评论 @CCTV焦点访谈@中国教育报 @中国教育电视台@共青团中央@中国新闻网@央视网 @央视新闻 @观察者网 @人民日报 @共青团中央@中国新闻网 @中国青年报 @中国日报",
            "time": "22-2-18 08:58"
        },
        {
            "comment id": 60,
            "parent": -1,
            "children": [],
            "user id": "7533754463",
            "user name": "六一要快乐噢_冲N2版",
            "content": "@央视网 @央视新闻 @观察者网 @人民日报  @紫光阁  @共青团中央@中国新闻网 @中国青年报 @中国日报@央视新闻周刊 @央视新闻评论 @CCTV焦点访谈@中国教育报 @中国教育电视台@央视网 @央视新闻 @观察者网 @人民日报  @紫光阁  @共青团中央@中国新闻网",
            "time": "22-2-18 08:45"
        },
        {
            "comment id": 61,
            "parent": -1,
            "children": [],
            "user id": "7112133112",
            "user name": "小铜钱i",
            "content": "@央视网 @央视新闻 @观察者网 @人民日报  @紫光阁  @共青团中央@中国新闻网 @中国青年报 @中国日报@央视新闻周刊 @央视新闻评论 @CCTV焦点访谈@中国教育报 @中国教育电视台@央视网 @央视新闻 @观察者网 @人民日报  @紫光阁  @共青团中央@中国新闻网",
            "time": "22-2-18 08:22"
        },
        {
            "comment id": 62,
            "parent": -1,
            "children": [],
            "user id": "5656329824",
            "user name": "凉薄的旧时光_",
            "content": "@央视网 @央视新闻   @紫光阁  @共青团中央@中国新闻网 @中国青年报 @中国日报@央视新闻周刊 @央视新闻评论 @CCTV焦点访谈@中国教育报 @中国教育电视台@共青团中央@中国新闻网@央视网 @央视新闻 @观察者网 @人民日报 @共青团中央@中国新闻网 @中国青年报 @中国日报",
            "time": "22-2-18 08:20"
        },
        {
            "comment id": 63,
            "parent": -1,
            "children": [],
            "user id": "7481208927",
            "user name": "小杭今天也要开心呀",
            "content": "@央视网 @央视新闻 @观察者网 @人民日报  @紫光阁  @共青团中央@中国新闻网 @中国青年报 @中国日报@央视新闻周刊 @央视新闻评论 @CCTV焦点访谈@中国教育报 @中国教育电视台@央视网 @央视新闻 @观察者网 @人民日报  @紫光阁  @共青团中央@中国新闻网",
            "time": "22-2-18 08:16"
        },
        {
            "comment id": 64,
            "parent": -1,
            "children": [],
            "user id": "5557671946",
            "user name": "蓝桃子",
            "content": "@央视网 @央视新闻   @紫光阁  @共青团中央@中国新闻网 @中国青年报 @中国日报@央视新闻周刊 @央视新闻评论 @CCTV焦点访谈@中国教育报 @中国教育电视台@共青团中央@中国新闻网@央视网 @央视新闻 @观察者网 @人民日报 @共青团中央@中国新闻网 @中国青年报 @中国日报",
            "time": "22-2-18 08:15"
        },
        {
            "comment id": 65,
            "parent": -1,
            "children": [],
            "user id": "1010327977",
            "user name": "yAll正_",
            "content": "@人民网 @人民日报 @共青团中央",
            "time": "22-2-18 08:14"
        },
        {
            "comment id": 66,
            "parent": -1,
            "children": [],
            "user id": "7402616325",
            "user name": "Hi扣扣",
            "content": "！？",
            "time": "22-2-18 08:14"
        },
        {
            "comment id": 67,
            "parent": -1,
            "children": [
                68
            ],
            "user id": "5288904233",
            "user name": "悲剧小丑呢",
            "content": "我要是那小孩 我必还手",
            "time": "22-2-18 09:26"
        },
        {
            "comment id": 68,
            "parent": 67,
            "children": [
                69
            ],
            "user id": "7450462799",
            "user name": "葡萄柚绿江南岸866",
            "content": "没法还手，实力悬殊，看着简单好还手，但真的没法，别问我是怎么知道的",
            "time": "22-2-18 10:42"
        },
        {
            "comment id": 69,
            "parent": 68,
            "children": [],
            "user id": "5288904233",
            "user name": "悲剧小丑呢",
            "content": "回复@葡萄柚绿江南岸866:直接凳子一拿往他身上砸",
            "time": "22-2-18 18:21"
        },
        {
            "comment id": 70,
            "parent": -1,
            "children": [],
            "user id": "3991591132",
            "user name": "AmberKK-睿",
            "content": "卧槽！还有这种地方？也配叫学校？？？不是集中营？",
            "time": "22-2-18 08:29"
        },
        {
            "comment id": 71,
            "parent": -1,
            "children": [],
            "user id": "7215700180",
            "user name": "圈儿201401",
            "content": "好可怕 这是教书育人的地方么？不是黑煤窑…么？",
            "time": "22-2-18 08:12"
        },
        {
            "comment id": 72,
            "parent": -1,
            "children": [],
            "user id": "5360201132",
            "user name": "小鱼很爱吃泡芙o",
            "content": "@新华社 @央视新闻",
            "time": "22-2-18 08:08"
        },
        {
            "comment id": 73,
            "parent": -1,
            "children": [],
            "user id": "6075857968",
            "user name": "那时十四岁",
            "content": "@央视网 @央视新闻   @紫光阁  @共青团中央@中国新闻网 @中国青年报 @中国日报@央视新闻周刊 @央视新闻评论 @CCTV焦点访谈@中国教育报 @中国教育电视台@共青团中央@中国新闻网@央视网 @央视新闻 @观察者网 @人民日报 @共青团中央@中国新闻网 @中国青年报 @中国日报",
            "time": "22-2-18 08:05"
        },
        {
            "comment id": 74,
            "parent": -1,
            "children": [],
            "user id": "5846588497",
            "user name": "lililililiru6",
            "content": "过来看看吧求求了@央视网 @央视新闻 @观察者网 @人民日报  @紫光阁  @共青团中央@中国新闻网 @中国青年报 @中国日报@央视新闻周刊 @央视新闻评论 @CCTV焦点访谈@中国教育报 @中国教育电视台@央视网 @央视新闻 @观察者网 @人民日报  @紫光阁  @共青团中央@中国新闻网",
            "time": "22-2-18 08:04"
        },
        {
            "comment id": 75,
            "parent": -1,
            "children": [],
            "user id": "1911260687",
            "user name": "我的饭菜Tang",
            "content": "#许巍 桃城# 给我上去",
            "time": "22-2-18 08:08"
        },
        {
            "comment id": 76,
            "parent": -1,
            "children": [],
            "user id": "6330075457",
            "user name": "积极向上的包包大人",
            "content": "我靠",
            "time": "22-2-18 08:07"
        },
        {
            "comment id": 77,
            "parent": -1,
            "children": [],
            "user id": "6896772174",
            "user name": "今晚对你心动z",
            "content": "@人民日报",
            "time": "22-2-18 07:58"
        },
        {
            "comment id": 78,
            "parent": -1,
            "children": [],
            "user id": "7407993640",
            "user name": "hyzmyqqkty",
            "content": "看不下去了，不忍心啊  这还是人干出来的事儿吗？？！！！敢情不是自己孩子就可劲儿造呗",
            "time": "22-2-18 04:26"
        },
        {
            "comment id": 79,
            "parent": -1,
            "children": [],
            "user id": "5878659096",
            "user name": "超话社区",
            "content": "你好，你感兴趣的“衡水桃城中学”已开通了超话社区～ 超话社区是微博旗下兴趣互动社区，快来与志同道合的小伙伴们一起交流互动吧！ 戳我进入>> 衡水桃城中学超话",
            "time": "22-2-18 02:10"
        },
        {
            "comment id": 80,
            "parent": -1,
            "children": [],
            "user id": "5233458082",
            "user name": "我的小骄傲是你们啊",
            "content": "转发微博",
            "time": "22-2-18 23:53"
        },
        {
            "comment id": 81,
            "parent": -1,
            "children": [],
            "user id": "5612009384",
            "user name": "两杯冰美式_kty",
            "content": "@央视新闻 @央视网 @共青团中央",
            "time": "22-2-18 23:29"
        },
        {
            "comment id": 82,
            "parent": -1,
            "children": [],
            "user id": "5130628086",
            "user name": "新雪乌龙·",
            "content": "@央视网 @央视新闻   @紫光阁  @共青团中央@中国新闻网 @中国青年报 @中国日报@央视新闻周刊 @央视新闻评论 @CCTV焦点访谈@中国教育报 @中国教育电视台@共青团中央@中国新闻网@央视网 @央视新闻 @观察者网 @人民日报 @共青团中央@中国新闻网 @中国青年报 @中国日报",
            "time": "22-2-18 17:05"
        },
        {
            "comment id": 83,
            "parent": -1,
            "children": [],
            "user id": "1939133922",
            "user name": "塔洛的妈妈",
            "content": "神经病啊，这老师",
            "time": "22-2-18 13:49"
        },
        {
            "comment id": 84,
            "parent": -1,
            "children": [],
            "user id": "3094039837",
            "user name": "维懿Wings",
            "content": "这个时候还要眼瞎看不见吗？@央视网 @央视新闻   @紫光阁  @共青团中央@中国新闻网 @中国青年报 @中国日报@央视新闻周刊 @央视新闻评论 @CCTV焦点访谈@中国教育报 @中国教育电视台@共青团中央@中国新闻网@央视网 @央视新闻 @观察者网 @人民日报 @共青团中央@中国新闻网 @中国青年报 @中国日报",
            "time": "22-2-18 09:25"
        },
        {
            "comment id": 85,
            "parent": -1,
            "children": [],
            "user id": "6432111805",
            "user name": "浙江王祖贤分贤",
            "content": "这不是桃城中学，校服没有蓝色的，别带学校的tag",
            "time": "22-2-18 08:26"
        },
        {
            "comment id": 86,
            "parent": -1,
            "children": [],
            "user id": "7624369378",
            "user name": "叁拾壹个钠离子",
            "content": "@央视网 @中国青年报@央视网 @央视新闻   @紫光阁  @共青团中央@中国新闻网 @中国青年报 @中国日报@央视新闻周刊 @央视新闻评论 @CCTV焦点访谈@中国教育报 @中国教育电视台@共青团中央@中国新闻网@央视网 @央视新闻 @观察者网 @人民日报 @共青团中央@中国新闻网 @中国青年报 @中国日报",
            "time": "22-2-20 01:15"
        },
        {
            "comment id": 87,
            "parent": -1,
            "children": [],
            "user id": "5239154454",
            "user name": "今天的小常很甜",
            "content": "@人民日报 @央视新闻",
            "time": "22-2-19 01:26"
        },
        {
            "comment id": 88,
            "parent": -1,
            "children": [],
            "user id": "7695929600",
            "user name": "李飞旗下我男人yhx",
            "content": "WC 我TM的是我的话 我直接送他一下地狱了",
            "time": "22-2-18 22:03"
        },
        {
            "comment id": 89,
            "parent": -1,
            "children": [],
            "user id": "6479927757",
            "user name": "Q_月上弦",
            "content": "这不是桃城中学啊",
            "time": "22-2-18 15:10"
        },
        {
            "comment id": 90,
            "parent": -1,
            "children": [],
            "user id": "7543296898",
            "user name": "楠沐城辰39492",
            "content": "卧槽，好恐怖！欺负孩子算什么，连狗不如，顶顶顶！！！！",
            "time": "22-2-18 14:52"
        },
        {
            "comment id": 91,
            "parent": -1,
            "children": [],
            "user id": "5261334746",
            "user name": "土豆沙拉X",
            "content": "不是吧这哪的",
            "time": "22-2-18 14:02"
        },
        {
            "comment id": 92,
            "parent": -1,
            "children": [],
            "user id": "6971278062",
            "user name": "撸串小狗lutra",
            "content": "要是我小时候遇到这种事的时候能有人站出来录视频就好了...",
            "time": "22-2-18 13:04"
        },
        {
            "comment id": 93,
            "parent": -1,
            "children": [],
            "user id": "1489711600",
            "user name": "realeraser",
            "content": "牢头",
            "time": "22-2-18 12:38"
        },
        {
            "comment id": 94,
            "parent": -1,
            "children": [],
            "user id": "6214922486",
            "user name": "林花谢了_",
            "content": "这也不是桃中啊",
            "time": "22-2-18 12:34"
        },
        {
            "comment id": 95,
            "parent": -1,
            "children": [],
            "user id": "5857955515",
            "user name": "每天都要开心喔y",
            "content": "不管吗？？？？@央视网 @央视新闻 @观察者网 @人民日报  @紫光阁  @共青团中央@中国新闻网 @中国青年报 @中国日报@央视新闻周刊 @央视新闻评论 @CCTV焦点访谈@中国教育报 @中国教育电视台@央视网 @央视新闻 @观察者网 @人民日报  @紫光阁  @共青团中央@中国新闻网",
            "time": "22-2-18 12:31"
        },
        {
            "comment id": 96,
            "parent": -1,
            "children": [],
            "user id": "5857955515",
            "user name": "每天都要开心喔y",
            "content": "这……这不管吗！//@恋皓日杂:@央视网 @央视新闻   @紫光阁  @共青团中央@中国新闻网 @中国青年报 @中国日报@央视新闻周刊 @央视新闻评论 @CCTV焦点访谈@中国教育报 @中国教育电视台@共青团中央@中国新闻网@央视网 @央视新闻 @观察者网 @人民日报 @共青团中央@中国新闻网 @中国青年报 @中国日报",
            "time": "22-2-18 12:31"
        },
        {
            "comment id": 97,
            "parent": -1,
            "children": [],
            "user id": "5319637068",
            "user name": "LIANGZAIZZZ",
            "content": "：@央视网 @央视新闻   @紫光阁  @共青团中央@中国新闻网 @中国青年报 @中国日报@央视新闻周刊 @央视新闻评论 @CCTV焦点访谈@中国教育报 @中国教育电视台@共青团中央@中国新闻网@央视网 @央视新闻 @观察者网 @人民日报 @共青团中央@中国新闻网 @中国青年报 @中国日报",
            "time": "22-2-18 12:30"
        },
        {
            "comment id": 98,
            "parent": -1,
            "children": [],
            "user id": "6806611594",
            "user name": "人生为何如此苦b",
            "content": "好老师好学校",
            "time": "22-2-18 11:39"
        },
        {
            "comment id": 99,
            "parent": -1,
            "children": [],
            "user id": "5948316624",
            "user name": "Iwillbehappier",
            "content": "靠",
            "time": "22-2-18 11:26"
        },
        {
            "comment id": 100,
            "parent": -1,
            "children": [],
            "user id": "1656233514",
            "user name": "Night-Vampire",
            "content": "不是桃城中学吧",
            "time": "22-2-18 11:26"
        },
        {
            "comment id": 101,
            "parent": -1,
            "children": [],
            "user id": "7496183516",
            "user name": "很爱自然醒",
            "content": "@央视网 @央视新闻   @紫光阁  @共青团中央@中国新闻网 @中国青年报 @中国日报@央视新闻周刊 @央视新闻评论 @CCTV焦点访谈@中国教育报 @中国教育电视台@共青团中央@中国新闻网@央视网 @央视新闻 @观察者网 @人民日报 @共青团中央@中国新闻网 @中国青年报 @中国日报",
            "time": "22-2-18 10:48"
        },
        {
            "comment id": 102,
            "parent": -1,
            "children": [],
            "user id": "2389367155",
            "user name": "喾小黍",
            "content": "总觉得这是十多年前的视频，我上学的时候真的就这么打人，现在家长们重视了，所以老师 体罚打人都收敛了许多",
            "time": "22-2-18 10:32"
        },
        {
            "comment id": 103,
            "parent": -1,
            "children": [],
            "user id": "6238092544",
            "user name": "小陈该长大了",
            "content": "老师对学生这种惩罚对孩子成为有很大影响！我经历过",
            "time": "22-2-18 10:21"
        },
        {
            "comment id": 104,
            "parent": -1,
            "children": [],
            "user id": "5579251744",
            "user name": "今天吃啥好呢s",
            "content": "@央视网 @央视新闻   @紫光阁  @共青团中央@中国新闻网 @中国青年报 @中国日报@央视新闻周刊 @央视新闻评论 @CCTV焦点访谈@中国教育报 @中国教育电视台@共青团中央@中国新闻网@央视网 @央视新闻 @观察者网 @人民日报 @共青团中央@中国新闻网 @中国青年报 @中国日报",
            "time": "22-2-18 10:06"
        },
        {
            "comment id": 105,
            "parent": -1,
            "children": [],
            "user id": "6922566884",
            "user name": "Gemini49325",
            "content": "这配的上老师的称号嘛？",
            "time": "22-2-18 10:01"
        },
        {
            "comment id": 106,
            "parent": -1,
            "children": [],
            "user id": "1991630017",
            "user name": "无言Ren",
            "content": "看的咬牙切齿",
            "time": "22-2-18 10:00"
        },
        {
            "comment id": 107,
            "parent": -1,
            "children": [],
            "user id": "7627983022",
            "user name": "饭范123",
            "content": "这样的老师全国还有很多",
            "time": "22-2-18 09:51"
        },
        {
            "comment id": 108,
            "parent": -1,
            "children": [],
            "user id": "6040267607",
            "user name": "殺手小橙_",
            "content": "看一遍哭一遍的程度 好揪心",
            "time": "22-2-18 09:50"
        },
        {
            "comment id": 109,
            "parent": -1,
            "children": [],
            "user id": "7484839240",
            "user name": "白猫咪的小非非",
            "content": "这种老师太可怕了吧",
            "time": "22-2-18 09:48"
        },
        {
            "comment id": 110,
            "parent": -1,
            "children": [],
            "user id": "7403544861",
            "user name": "63岳峙渊渟",
            "content": "@央视新闻 @央视网",
            "time": "22-2-18 09:46"
        },
        {
            "comment id": 111,
            "parent": -1,
            "children": [],
            "user id": "7275259880",
            "user name": "山河落于啵啵身后",
            "content": "这可能不是桃城，但不管是哪里，这都该查了吧！",
            "time": "22-2-18 09:46"
        },
        {
            "comment id": 112,
            "parent": -1,
            "children": [],
            "user id": "5828796570",
            "user name": "第1105位非著名网上冲浪选手",
            "content": "我艹?",
            "time": "22-2-18 09:45"
        },
        {
            "comment id": 113,
            "parent": -1,
            "children": [],
            "user id": "2761381483",
            "user name": "Linenmon",
            "content": "@人民日报 @央视新闻",
            "time": "22-2-18 09:36"
        },
        {
            "comment id": 114,
            "parent": -1,
            "children": [],
            "user id": "3188636424",
            "user name": "暴躁的市民gg",
            "content": "@央视网 @央视新闻   @紫光阁  @共青团中央@中国新闻网 @中国青年报 @中国日报@央视新闻周刊 @央视新闻评论 @CCTV焦点访谈@中国教育报 @中国教育电视台@共青团中央@中国新闻网@央视网 @央视新闻 @观察者网 @人民日报 @共青团中央@中国新闻网 @中国青年报 @中国日报",
            "time": "22-2-18 09:34"
        },
        {
            "comment id": 115,
            "parent": -1,
            "children": [],
            "user id": "5208794664",
            "user name": "杨大神暴富",
            "content": "@人民日报",
            "time": "22-2-18 09:31"
        },
        {
            "comment id": 116,
            "parent": -1,
            "children": [
                117
            ],
            "user id": "5524916996",
            "user name": "二八兮",
            "content": "这老师有牢狱之灾不？孩子长大了可别扇这个老师，他打未成年的你没事儿，但是你成年了打他可是要蹲监狱的。",
            "time": "22-2-18 09:24"
        },
        {
            "comment id": 117,
            "parent": 116,
            "children": [],
            "user id": "6807113189",
            "user name": "抱紧怀里的多啦A梦",
            "content": "学校会开除，但是正当防卫没事",
            "time": "22-2-18 09:39"
        },
        {
            "comment id": 118,
            "parent": -1,
            "children": [],
            "user id": "2432376972",
            "user name": "为无静清",
            "content": "这种人不配当老师",
            "time": "22-2-18 09:16"
        },
        {
            "comment id": 119,
            "parent": -1,
            "children": [],
            "user id": "6393320504",
            "user name": "三七牌123",
            "content": "现在还有体罚学生的老师？？？",
            "time": "22-2-18 09:09"
        },
        {
            "comment id": 120,
            "parent": -1,
            "children": [],
            "user id": "5946040095",
            "user name": "谎慌w",
            "content": "@蓝桃子: @央视网 @央视新闻   @紫光阁  @共青团中央@中国新闻网 @中国青年报 @中国日报@央视新闻周刊 @央视新闻评论 @CCTV焦点访谈@中国教育报 @中国教育电视台@共青团中央@中国新闻网@央视网 @央视新闻 @观察者网 @人民日报 @共青团中央@中国新闻网 @中国青年报 @中国日报",
            "time": "22-2-18 09:07"
        },
        {
            "comment id": 121,
            "parent": -1,
            "children": [],
            "user id": "3282951205",
            "user name": "my沙果",
            "content": "这不是桃城",
            "time": "22-2-18 09:06"
        },
        {
            "comment id": 122,
            "parent": -1,
            "children": [],
            "user id": "7545632973",
            "user name": "_劣跡畫家",
            "content": "@央视网 @央视新闻   @紫光阁  @共青团中央@中国新闻网 @中国青年报 @中国日报@央视新闻周刊 @央视新闻评论 @CCTV焦点访谈@中国教育报 @中国教育电视台@共青团中央@中国新闻网@央视网 @央视新闻 @观察者网 @人民日报 @共青团中央@中国新闻网 @中国青年报 @中国日报",
            "time": "22-2-18 08:55"
        },
        {
            "comment id": 123,
            "parent": -1,
            "children": [],
            "user id": "7572741412",
            "user name": "52Hz-0824",
            "content": "@央视网 @央视新闻 @观察者网 @人民日报  @紫光阁  @共青团中央@中国新闻网 @中国青年报 @中国日报@央视新闻周刊 @央视新闻评论 @CCTV焦点访谈@中国教育报 @中国教育电视台@央视网 @央视新闻 @观察者网 @人民日报  @紫光阁  @共青团中央@中国新闻网",
            "time": "22-2-18 08:44"
        },
        {
            "comment id": 124,
            "parent": -1,
            "children": [],
            "user id": "2724836705",
            "user name": "临窗控笔",
            "content": "哦豁",
            "time": "22-2-18 08:40"
        },
        {
            "comment id": 125,
            "parent": -1,
            "children": [],
            "user id": "6517628325",
            "user name": "小小小铭同学受气包",
            "content": "没有师德！！！！老师的意义是教书育人，而不是给学生造成心理阴影，再也不敢上学！！！你们好意思说人家造谣污蔑吗？？如果真的问心无愧，何必花1.8亿来压这件事！！",
            "time": "22-2-18 08:36"
        },
        {
            "comment id": 126,
            "parent": -1,
            "children": [],
            "user id": "7294135416",
            "user name": "是小爱神乖乖",
            "content": "@央视网 @央视新闻 @观察者网 @人民日报  @紫光阁  @共青团中央@中国新闻网 @中国青年报 @中国日报@央视新闻周刊 @央视新闻评论 @CCTV焦点访谈@中国教育报 @中国教育电视台@央视网 @央视新闻 @观察者网 @人民日报  @紫光阁  @共青团中央@中国新闻网",
            "time": "22-2-18 08:34"
        },
        {
            "comment id": 127,
            "parent": -1,
            "children": [],
            "user id": "5316844250",
            "user name": "点心在努力奔跑",
            "content": "真想一个板凳给他砸过去",
            "time": "22-2-18 08:32"
        },
        {
            "comment id": 128,
            "parent": -1,
            "children": [],
            "user id": "7432763313",
            "user name": "比可爱吗你赢了呀4328",
            "content": "什么鬼，妈的",
            "time": "22-2-18 08:30"
        }
    ]
}