{
    "source": {
        "content": "我靠，韩国连汉字都想申遗？这事，真假啊？ ",
        "time": "22-2-18 10:35",
        "user id": "1656599057",
        "tweet id": "Lg11LCWDr",
        "label": 1,
        "theme": null
    },
    "comment": [
        {
            "comment id": 0,
            "parent": -1,
            "children": [
                2,
                5,
                7,
                9,
                11,
                12,
                13,
                14,
                15
            ],
            "user id": "2133833503",
            "user name": "市水雨",
            "content": "一个疑问，为什么韩国人申遗我们的东西能成功？",
            "time": "22-2-18 10:45"
        },
        {
            "comment id": 1,
            "parent": 13,
            "children": [],
            "user id": "5548140294",
            "user name": "夜寐99241",
            "content": "回复@那事就那么有意思吗:有啊，丹青，暖坑，拔河，还有鹰猎，最近的就是碰瓷元宵节的燃灯节，灯的制作收到偷的自贡的，也就碰瓷200项文化而已啦",
            "time": "22-3-24 13:18"
        },
        {
            "comment id": 2,
            "parent": 0,
            "children": [],
            "user id": "6019866927",
            "user name": "dangkeyss",
            "content": "类似于中国乔丹",
            "time": "22-2-19 13:27"
        },
        {
            "comment id": 3,
            "parent": 14,
            "children": [],
            "user id": "3722802165",
            "user name": "奥雷里亚诺·布恩迪亚·上校",
            "content": "回复@Espresso盖饭:说得对 像耍猴",
            "time": "22-2-19 09:51"
        },
        {
            "comment id": 4,
            "parent": 10,
            "children": [],
            "user id": "6681454715",
            "user name": "Pazzi-Punch",
            "content": "回复@猴爵:少和战狼说这些，天朝天下第一就完事了",
            "time": "22-2-18 16:30"
        },
        {
            "comment id": 5,
            "parent": 0,
            "children": [],
            "user id": "3563778601",
            "user name": "上海的小雨天",
            "content": "这都是国人编的，这个谣言不是第一次了。",
            "time": "22-2-18 16:14"
        },
        {
            "comment id": 6,
            "parent": 14,
            "children": [],
            "user id": "7568154158",
            "user name": "飞翔滴小鱼鱼",
            "content": "回复@Espresso盖饭:你可以去递个折子，退出所有类似机构，看有没人尿你忘了，普通人可是没有递折子的资格",
            "time": "22-2-18 15:09"
        },
        {
            "comment id": 7,
            "parent": 0,
            "children": [],
            "user id": "7113797942",
            "user name": "午后的阳光与酒与影",
            "content": "因为我们自己不要，比如春节",
            "time": "22-2-18 14:56"
        },
        {
            "comment id": 8,
            "parent": 11,
            "children": [],
            "user id": "7447230806",
            "user name": "伦青的鸣猫",
            "content": "回复@KillerGorilla:人家占了端午节的音译，我们只能叫龙舟节，还说是谣言",
            "time": "22-2-18 12:59"
        },
        {
            "comment id": 9,
            "parent": 0,
            "children": [],
            "user id": "6527573723",
            "user name": "板栗子吼",
            "content": "我记得有人说过寒国人申请时候换了种说法 比如端午节在他们也有相关的庆祝活动 然后就拿他们那边的用词去申请是能成功的？",
            "time": "22-2-18 12:51"
        },
        {
            "comment id": 10,
            "parent": 14,
            "children": [
                4
            ],
            "user id": "2049125935",
            "user name": "猴爵",
            "content": "回复@Espresso盖饭:除了吃饭用的筷子，这个世界上 大到国家体制 时间标准 历法 天文 地理 .... 小到个人衣食住行 哪个不是按照西方制定的规则？",
            "time": "22-2-18 12:25"
        },
        {
            "comment id": 11,
            "parent": 0,
            "children": [
                8
            ],
            "user id": "6019938757",
            "user name": "KillerGorilla",
            "content": "因为都是网络谣言",
            "time": "22-2-18 11:35"
        },
        {
            "comment id": 12,
            "parent": 0,
            "children": [],
            "user id": "1255082541",
            "user name": "暖兔知知",
            "content": "他们打着擦边球申遗的，换了个说法的那种",
            "time": "22-2-18 11:10"
        },
        {
            "comment id": 13,
            "parent": 0,
            "children": [
                1
            ],
            "user id": "7410539993",
            "user name": "那事就那么有意思吗",
            "content": "能举个例子吗？申请了我们的什么成功了？",
            "time": "22-2-18 11:03"
        },
        {
            "comment id": 14,
            "parent": 0,
            "children": [
                3,
                6,
                10
            ],
            "user id": "7711868960",
            "user name": "Espresso盖饭",
            "content": "因为裁判是西方人我就觉得这种组织本身有什么资格裁决人类文化的归属？遛我们东亚人搁这儿天天争认可，仿佛耍猴。简直可笑。",
            "time": "22-2-18 10:52"
        },
        {
            "comment id": 15,
            "parent": 0,
            "children": [],
            "user id": "7332955918",
            "user name": "Doraemmmmmmmon",
            "content": "因为我们懒得管",
            "time": "22-2-18 10:48"
        },
        {
            "comment id": 16,
            "parent": -1,
            "children": [
                18,
                24,
                25,
                29,
                30,
                31,
                32
            ],
            "user id": "1765043850",
            "user name": "今天也请给我出ssr叭",
            "content": "转发区说端午的那个，我们的端午节不叫端午节，叫龙舟节",
            "time": "22-2-18 10:58"
        },
        {
            "comment id": 17,
            "parent": 20,
            "children": [],
            "user id": "7161401050",
            "user name": "达拉蹦高",
            "content": "回复@草莓牛奶富人:你重棒子的圈套了。棒子是玩的前后两副面孔的手段，碰瓷申遗时，说没有要碰瓷没有要抢。申遗好过一两年就开始抢了，说我们申遗了的，我们的吃粽子传统。最烦你们这种傻子一样帮忙洗地的",
            "time": "22-2-19 08:54"
        },
        {
            "comment id": 18,
            "parent": 16,
            "children": [],
            "user id": "2184985745",
            "user name": "闲看乱看",
            "content": "偷国就是偷国。",
            "time": "22-2-18 18:15"
        },
        {
            "comment id": 19,
            "parent": 20,
            "children": [],
            "user id": "7407647358",
            "user name": "千城君cheng",
            "content": "回复@草莓牛奶富人:张三和李四可以是同一个人吗，可以呀，所以名字不一样能代表什么？我你说端午祭不是我们的端午节，它的外化形式和我们有都不一样，我说它们这两年tag粽子，出征李子柒的端午节，就表明它们最终目的就是把端午节和端午祭同一化，也就是张三和李四是一样的，不要被名字迷惑了！我表达清楚了吗？",
            "time": "22-2-18 16:29"
        },
        {
            "comment id": 20,
            "parent": 22,
            "children": [
                17,
                19
            ],
            "user id": "5072008645",
            "user name": "草莓牛奶富人",
            "content": "回复@千城君cheng:我讨论龙舟节这个名字，duanwu和danoje名字不一样，我哪里扯到节气和粽子了",
            "time": "22-2-18 16:15"
        },
        {
            "comment id": 21,
            "parent": 28,
            "children": [],
            "user id": "5072008645",
            "user name": "草莓牛奶富人",
            "content": "回复@今天也请给我出ssr叭:国际上听到这个发音想到啥？老外知道dragon boat都了不起了，如果不是对亚洲文化感兴趣谁知道端午的发音啊",
            "time": "22-2-18 16:14"
        },
        {
            "comment id": 22,
            "parent": 29,
            "children": [
                20
            ],
            "user id": "7407647358",
            "user name": "千城君cheng",
            "content": "回复@草莓牛奶富人:寒国有24节气？不要被模糊双眼了，人家早两年开始已经把它们所谓的端午祭跟粽子挂钩了，在外网到处# zongzi，早几年还狡辩，这几年已经明晃晃把咱们的粽子跟它们的祭日挂钩，从出征李子柒端午节视频开始就是有组织有预谋的了。不知道国内还有人狡辩端午节端午祭不同，给自己洗脑干嘛！",
            "time": "22-2-18 13:15"
        },
        {
            "comment id": 23,
            "parent": 24,
            "children": [],
            "user id": "5470308031",
            "user name": "战法什么时候加强",
            "content": "回复@屋檐下高傲的头颅:xswl",
            "time": "22-2-18 12:16"
        },
        {
            "comment id": 24,
            "parent": 16,
            "children": [
                23
            ],
            "user id": "2437907042",
            "user name": "屋檐下高傲的头颅",
            "content": "大家看看神都俗人的亢龙有悔系列介绍，就知道端午节是怎么回事了。 端午节在夏朝历法是午月第一天。所以才叫端午。夏朝端午就是夏至，庆祝苍龙星象所以才划龙舟。屈原是特意选在端午这天投水。不是先有屈原才有端午。 中国人连夏朝都快保不住了。你们有脸去面对自己的祖宗们吗？",
            "time": "22-2-18 12:13"
        },
        {
            "comment id": 25,
            "parent": 16,
            "children": [],
            "user id": "2051849471",
            "user name": "忆昔午桥桥下饮",
            "content": "转发区那位曾经在网上跟网友撕高句丽就是高丽，他在对韩态度上一直很迷。",
            "time": "22-2-18 12:13"
        },
        {
            "comment id": 26,
            "parent": 28,
            "children": [],
            "user id": "5596867060",
            "user name": "Mia_眠",
            "content": "回复@今天也请给我出ssr叭:我们一开始的端午节就是那个 只是后来我们改了 但是他们沿用了",
            "time": "22-2-18 11:46"
        },
        {
            "comment id": 27,
            "parent": 29,
            "children": [],
            "user id": "5596867060",
            "user name": "Mia_眠",
            "content": "回复@草莓牛奶富人:我们最开始的端午就是那个 只不过后来改版了 但是他们还是用的我们原来的传统",
            "time": "22-2-18 11:45"
        },
        {
            "comment id": 28,
            "parent": 29,
            "children": [
                21,
                26
            ],
            "user id": "1765043850",
            "user name": "今天也请给我出ssr叭",
            "content": "回复@草莓牛奶富人:韩国那个叫danoje，我就问，说出duanwu也好tuanwu也好dano也好，听着这个单词的发音国际上想到的是danoje festival还是dragon boat festival呢",
            "time": "22-2-18 11:38"
        },
        {
            "comment id": 29,
            "parent": 16,
            "children": [
                22,
                27,
                28
            ],
            "user id": "5072008645",
            "user name": "草莓牛奶富人",
            "content": "不是啊，韩国端午的英文名跟咱们端午的英文名不一样的，我们端午叫龙舟节跟他们没有关系，一码归一码",
            "time": "22-2-18 11:32"
        },
        {
            "comment id": 30,
            "parent": 16,
            "children": [],
            "user id": "5286771986",
            "user name": "强尼银喵",
            "content": "所以国际上认为端午节是棒子那个了?我们自己的端午节反而成了龙舟节。",
            "time": "22-2-18 11:16"
        },
        {
            "comment id": 31,
            "parent": 16,
            "children": [],
            "user id": "1643362491",
            "user name": "珠算侠",
            "content": "妈的 思密达真的太龌龊了",
            "time": "22-2-18 11:09"
        },
        {
            "comment id": 32,
            "parent": 16,
            "children": [],
            "user id": "1765043850",
            "user name": "今天也请给我出ssr叭",
            "content": "端午节指的是韩国的端午祭",
            "time": "22-2-18 10:58"
        },
        {
            "comment id": 33,
            "parent": -1,
            "children": [
                38,
                42,
                43
            ],
            "user id": "6137690297",
            "user name": "Iloveyoyoandfiona",
            "content": "这么假的东西，你们也好意思发，平台应该多封封你们这样的号。都什么玩意儿啊。",
            "time": "22-2-18 11:53"
        },
        {
            "comment id": 34,
            "parent": 35,
            "children": [],
            "user id": "7161401050",
            "user name": "达拉蹦高",
            "content": "回复@疯道人-阿千:造啥瑶了？撕国旗热搜都能封禁，标个造谣很郑重么？",
            "time": "22-2-19 08:52"
        },
        {
            "comment id": 35,
            "parent": 36,
            "children": [
                34
            ],
            "user id": "1801431915",
            "user name": "疯道人-阿千",
            "content": "回复@达拉蹦高:这条微博被标记造谣了",
            "time": "22-2-19 02:38"
        },
        {
            "comment id": 36,
            "parent": 39,
            "children": [
                35
            ],
            "user id": "7161401050",
            "user name": "达拉蹦高",
            "content": "回复@_Full_:偷国拼了命想着法地偷，原国家跪着想着法的洗。🙉🙉畸形。你们要洗，能不能先把棒子国上上下下指别人的东西为自己的风气，言论，诉求灭干净了再来卖弄你的洗地剂。出口就指着事实说那是假的，是想像棒子国那样，说得多了中国人的历史文化非遗是棒子的就真的是棒子了？指着真的说是假的就是假的了？",
            "time": "22-2-18 23:35"
        },
        {
            "comment id": 37,
            "parent": 39,
            "children": [],
            "user id": "7161401050",
            "user name": "达拉蹦高",
            "content": "回复@_Full_:假在哪儿？？假在你们张口就是洗洁精无污染？？洗地全靠编，没有想申遗汉字？呵呵，没有想？，成不成和想不想是两回事，望你等洗地的东西，把棒子已经偷到手的申遗洗干净再出来擦棒子屁股",
            "time": "22-2-18 23:25"
        },
        {
            "comment id": 38,
            "parent": 33,
            "children": [],
            "user id": "7161401050",
            "user name": "达拉蹦高",
            "content": "回复@喵团叽3353282248:根本不存在所谓的“不存在，不打算，不觊觎”，望你等洗地的东西先把棒子已经偷到的那些申遗事迹给洗干净了再来国人面前洗地",
            "time": "22-2-18 23:23"
        },
        {
            "comment id": 39,
            "parent": 40,
            "children": [
                36,
                37
            ],
            "user id": "5505639690",
            "user name": "_Full_",
            "content": "回复@达拉蹦高:真在哪？拿出证据来，开局一张图，内容全靠编。这一个表格是个人就会做",
            "time": "22-2-18 21:51"
        },
        {
            "comment id": 40,
            "parent": 41,
            "children": [
                39
            ],
            "user id": "7161401050",
            "user name": "达拉蹦高",
            "content": "回复@是啾啾没错啊Yep-:那是因为十几年前棒子就打这个主意，洗地的能不能不要因为棒子没有得逞，就当做没有发生过？？🙉🙉不知道你是把别人当作傻子，还是把你自己当作傻子催眠",
            "time": "22-2-18 18:55"
        },
        {
            "comment id": 41,
            "parent": 43,
            "children": [
                40
            ],
            "user id": "3190073153",
            "user name": "是啾啾没错啊Yep-",
            "content": "回复@达拉蹦高:假在这个东西十几年前就在传每年都拿出来遛几遍",
            "time": "22-2-18 15:35"
        },
        {
            "comment id": 42,
            "parent": 33,
            "children": [],
            "user id": "7407647358",
            "user name": "千城君cheng",
            "content": "有多假？拿出证据来！",
            "time": "22-2-18 13:25"
        },
        {
            "comment id": 43,
            "parent": 33,
            "children": [
                41
            ],
            "user id": "7161401050",
            "user name": "达拉蹦高",
            "content": "假？？？假在哪？？不愿承认？",
            "time": "22-2-18 12:46"
        },
        {
            "comment id": 44,
            "parent": -1,
            "children": [
                45
            ],
            "user id": "7695711260",
            "user name": "少买书",
            "content": "造谣过500",
            "time": "22-2-18 10:45"
        },
        {
            "comment id": 45,
            "parent": 44,
            "children": [
                46
            ],
            "user id": "7407647358",
            "user name": "千城君cheng",
            "content": "让寒国vank出征吧，请愿吧，在中国驻韩大使馆面前焚烧咱们国旗吧🇨🇳",
            "time": "22-2-18 13:29"
        },
        {
            "comment id": 46,
            "parent": 45,
            "children": [],
            "user id": "6099773468",
            "user name": "RyanHoooo",
            "content": "回复@达拉蹦高:申遗的目的是为了保护和传承。又不是注册商标。",
            "time": "22-2-19 10:48"
        },
        {
            "comment id": 47,
            "parent": -1,
            "children": [
                48
            ],
            "user id": "2129265045",
            "user name": "苏柯SSS",
            "content": "那为什么你们自己就放任抄袭呢？",
            "time": "22-2-18 11:30"
        },
        {
            "comment id": 48,
            "parent": 47,
            "children": [],
            "user id": "7407647358",
            "user name": "千城君cheng",
            "content": "这些机构和组织一是对东亚文明不甚了解，二是设置的规则也可以让寒国打擦边球再加上寒国本来就不要脸，三是作为美国的一条狗🇺🇸爸爸有时候对寒国也会多扔点骨头",
            "time": "22-2-18 13:28"
        },
        {
            "comment id": 49,
            "parent": -1,
            "children": [],
            "user id": "2674203605",
            "user name": "网名叫哎呦",
            "content": "咱们要不把韩国申遗了吧",
            "time": "22-2-18 10:37"
        },
        {
            "comment id": 50,
            "parent": -1,
            "children": [],
            "user id": "3054565445",
            "user name": "囧TL-沉默的小羊咩咩吓得疯癫了",
            "content": "",
            "time": "22-2-18 10:38"
        },
        {
            "comment id": 51,
            "parent": -1,
            "children": [
                52
            ],
            "user id": "3197404672",
            "user name": "妙木山木落仙人",
            "content": "因为韩国人真的太喜欢三国志了，之前说三国不应该是中国文化，三国的伟大是属于全世界的。我真他娘的服了",
            "time": "22-2-18 19:50"
        },
        {
            "comment id": 52,
            "parent": 51,
            "children": [
                53
            ],
            "user id": "2483654920",
            "user name": "天与海滴观测者",
            "content": "不是日本人吗？感觉日本的三国游戏真的多",
            "time": "22-2-22 19:46"
        },
        {
            "comment id": 53,
            "parent": 52,
            "children": [],
            "user id": "3197404672",
            "user name": "妙木山木落仙人",
            "content": "回复@柠檬千层挞:日本是要把汉子伸遗，认为日本是大唐正统。差不多都一个样子",
            "time": "22-2-22 20:01"
        },
        {
            "comment id": 54,
            "parent": -1,
            "children": [],
            "user id": "6970289963",
            "user name": "傻乎乎靖哥哥1",
            "content": "开国际玩笑，文字是语言的载体，棒语那么难听，属于阿尔泰语系，跟汉藏语都不是一个语系的，风马牛不相及，棒子这智商",
            "time": "22-2-18 11:38"
        },
        {
            "comment id": 55,
            "parent": -1,
            "children": [
                56
            ],
            "user id": "3190073153",
            "user name": "是啾啾没错啊Yep-",
            "content": "07年的事了，去搜一下就知道是谣言，当时还搞得有名有姓哪个大学哪个教授，后来发现那个大学没有叫那个名字的教授，韩国申遗的也不是汉字而是谚文，现在谣言年年翻新，主体也从某大学变成了某联合会",
            "time": "22-2-18 15:39"
        },
        {
            "comment id": 56,
            "parent": 55,
            "children": [],
            "user id": "7161401050",
            "user name": "达拉蹦高",
            "content": "事实就是棒子一直在抢汉字是他们的，事实就是棒子偷抢申遗成功了我们的文化。你们尽管洗，反正不会有人保持沉默",
            "time": "22-2-19 09:03"
        },
        {
            "comment id": 57,
            "parent": -1,
            "children": [],
            "user id": "5989893339",
            "user name": "SumMergAng",
            "content": "明显假的",
            "time": "22-2-18 11:04"
        },
        {
            "comment id": 58,
            "parent": -1,
            "children": [],
            "user id": "2840775725",
            "user name": "旗木化梵",
            "content": "先别说这个假不假，您赤裸裸连洗稿都不愿意原文复制别人文章的事儿要不要说说？",
            "time": "22-2-18 14:03"
        },
        {
            "comment id": 59,
            "parent": -1,
            "children": [],
            "user id": "2785152810",
            "user name": "炸毛兔兔carol",
            "content": "你又在恰烂钱",
            "time": "22-2-18 13:47"
        },
        {
            "comment id": 60,
            "parent": -1,
            "children": [],
            "user id": "3318967345",
            "user name": "可爱兔007",
            "content": "“挑动爱国主义这根筋”，自己收获多多。",
            "time": "22-2-18 12:38"
        },
        {
            "comment id": 61,
            "parent": -1,
            "children": [],
            "user id": "7405346727",
            "user name": "今年就SUPERV吧",
            "content": "东夷族主要是在山东，棒子有什么脸说自己是东夷族后代，身高样貌哪里像了？倒是他们吃的白菜确实都是山东出口过去的",
            "time": "22-2-18 11:27"
        },
        {
            "comment id": 62,
            "parent": -1,
            "children": [],
            "user id": "2278891697",
            "user name": "V-III",
            "content": "",
            "time": "22-2-18 10:43"
        },
        {
            "comment id": 63,
            "parent": -1,
            "children": [],
            "user id": "7367833559",
            "user name": "书肆巡阅使",
            "content": "居然是假的！！！//@于赓哲: 假的，中文互联网上大多数“韩国申遗”的故事都是假的，或者是曲解，后者典型例子就是“端午节申遗”，人家申遗的是江陵端午祭，除了都在端午这一天之外，跟中国端午节没有关系。",
            "time": "22-2-18 22:50"
        },
        {
            "comment id": 64,
            "parent": -1,
            "children": [],
            "user id": "6512196724",
            "user name": "南美孝子lgd",
            "content": "如果你知道韩国人对东夷的主张就知道了，东夷大本营在山东，韩国主张自己就是东夷人。",
            "time": "22-2-18 11:19"
        },
        {
            "comment id": 65,
            "parent": -1,
            "children": [],
            "user id": "7392101036",
            "user name": "夜半敦煌记1",
            "content": "不管三七二十一，先把流量蹭了再说",
            "time": "22-2-18 11:07"
        },
        {
            "comment id": 66,
            "parent": -1,
            "children": [],
            "user id": "2608966995",
            "user name": "大红矛",
            "content": "微博正文 这个冷兵器研究所抄袭成瘾，早死早超生。//@千城君cheng:有多假？拿出证据来！//@Iloveyoyoandfiona:这么假的东西，你们也好意思发，平台应该多封封你们这样的号。都什么玩意儿啊。",
            "time": "22-2-18 19:40"
        },
        {
            "comment id": 67,
            "parent": -1,
            "children": [],
            "user id": "2575193572",
            "user name": "冬日战士480",
            "content": "跟你没法比",
            "time": "22-2-18 11:56"
        },
        {
            "comment id": 68,
            "parent": -1,
            "children": [],
            "user id": "2437907042",
            "user name": "屋檐下高傲的头颅",
            "content": "大家看看神都俗人的亢龙有悔系列介绍，就知道端午节是怎么回事了。 端午节在夏朝历法是午月第一天。所以才叫端午。夏朝端午就是夏至，庆祝苍龙星象所以才划龙舟。屈原是特意选在端午这天投水。不是先有屈原才有端午。 中国人连夏朝都快保不住了。你们有脸去面对自己的祖宗们吗？",
            "time": "22-2-18 12:12"
        },
        {
            "comment id": 69,
            "parent": -1,
            "children": [],
            "user id": "7586248630",
            "user name": "森水海",
            "content": "直接申遗地球啊",
            "time": "22-2-19 01:54"
        },
        {
            "comment id": 70,
            "parent": -1,
            "children": [],
            "user id": "7128077166",
            "user name": "霞满天一起看晚霞满天zi",
            "content": "假的。",
            "time": "22-2-19 01:39"
        },
        {
            "comment id": 71,
            "parent": -1,
            "children": [],
            "user id": "1052044482",
            "user name": "非高考科目二线教师",
            "content": "都和中国端午节一天了，还叫端午祭，还是江边活动，估计一些仪式或者食物可能都差不多。就这还说和端午节没关系？？？",
            "time": "22-2-18 15:55"
        },
        {
            "comment id": 72,
            "parent": -1,
            "children": [],
            "user id": "1495090737",
            "user name": "李玩",
            "content": "十年前的段子，现在还在说",
            "time": "22-2-18 12:37"
        },
        {
            "comment id": 73,
            "parent": -1,
            "children": [],
            "user id": "2570923903",
            "user name": "kk-42",
            "content": "这是哪个词条啊？",
            "time": "22-2-18 10:54"
        },
        {
            "comment id": 74,
            "parent": -1,
            "children": [],
            "user id": "2271302700",
            "user name": "幽冥守护",
            "content": "一看就假的",
            "time": "22-2-18 10:57"
        },
        {
            "comment id": 75,
            "parent": -1,
            "children": [],
            "user id": "1677271574",
            "user name": "zzzzzzzzjjjjjjjjj_",
            "content": "假的",
            "time": "22-2-18 10:43"
        },
        {
            "comment id": 76,
            "parent": -1,
            "children": [],
            "user id": "6122419966",
            "user name": "梅老七呀",
            "content": "挺会蹭啊",
            "time": "22-2-18 11:27"
        },
        {
            "comment id": 77,
            "parent": -1,
            "children": [],
            "user id": "1906673727",
            "user name": "黄色的_西红柿",
            "content": "这种谣言至于聪明人",
            "time": "22-2-18 16:47"
        },
        {
            "comment id": 78,
            "parent": -1,
            "children": [],
            "user id": "2053343530",
            "user name": "小城castle",
            "content": "原来我不信这些，现在看韩国队冬奥会表现我觉得这很可能是真的",
            "time": "22-2-18 16:42"
        },
        {
            "comment id": 79,
            "parent": -1,
            "children": [],
            "user id": "1442425777",
            "user name": "魔都中环SJTUerV",
            "content": "中国人发明了韩国人",
            "time": "22-2-18 10:37"
        },
        {
            "comment id": 80,
            "parent": -1,
            "children": [],
            "user id": "3928979038",
            "user name": "Eden418",
            "content": "把韩国纳入版图就行了",
            "time": "22-2-21 12:11"
        },
        {
            "comment id": 81,
            "parent": -1,
            "children": [],
            "user id": "6850165632",
            "user name": "破晓831",
            "content": "除了灯塔爸爸的都是韩国的",
            "time": "22-2-18 21:27"
        },
        {
            "comment id": 82,
            "parent": -1,
            "children": [],
            "user id": "7550284740",
            "user name": "Xiwangbangzisiguangguang2",
            "content": "韩国梨花女子大学校长申遗风水实锤，有天津大学教授站出来锤的，但韩国申遗汉字这件事一直流传着并没有权威出来锤，不过韩国人脑回路确实认为汉字是韩国人祖先发明的，韩国人觉得东夷人是他们的祖先",
            "time": "22-2-18 21:05"
        },
        {
            "comment id": 83,
            "parent": -1,
            "children": [],
            "user id": "2060417117",
            "user name": "广东michaelfan闻歌岂舞勿忘过去",
            "content": "韩有这种事？",
            "time": "22-2-18 14:16"
        },
        {
            "comment id": 84,
            "parent": -1,
            "children": [],
            "user id": "7161401050",
            "user name": "达拉蹦高",
            "content": "是真的。棒子是真的为申遗汉字做过准备。",
            "time": "22-2-18 12:41"
        },
        {
            "comment id": 85,
            "parent": -1,
            "children": [],
            "user id": "1549714582",
            "user name": "-何呵何",
            "content": "@-sshys",
            "time": "22-2-18 12:15"
        },
        {
            "comment id": 86,
            "parent": -1,
            "children": [],
            "user id": "2427193093",
            "user name": "蓝莓芝士蛋糕猫",
            "content": "官方当然不这么认为，不过有些魔怔民间组织搞这种。",
            "time": "22-2-18 11:32"
        }
    ]
}