{
    "source": {
        "content": "刚看完要转发就没了……\n\n有人发文称某校数名男老师猥亵女学生，老师殴打学生，威胁弄死不发澄清的学生……请迅速查明是否属实 ",
        "time": "22-2-18 15:59",
        "user id": "6795659394",
        "tweet id": "Lg39paNpc",
        "label": 1,
        "theme": null
    },
    "comment": [
        {
            "comment id": 0,
            "parent": -1,
            "children": [],
            "user id": "7417213960",
            "user name": "景容的娇妻",
            "content": "当你在阳光下发现了一只蟑螂，说明阴暗处已经多得挤不下了",
            "time": "22-2-18 17:08"
        },
        {
            "comment id": 1,
            "parent": -1,
            "children": [],
            "user id": "2038311685",
            "user name": "猫的宇宙飞船",
            "content": "衡水中学烂透了！大家不要把孩子往火坑里送！甚至以后这种封闭式学校都不能送！",
            "time": "22-2-18 16:46"
        },
        {
            "comment id": 2,
            "parent": -1,
            "children": [],
            "user id": "5344401844",
            "user name": "鱼禾禾_不想努力了",
            "content": "初中时候学校组织过学生去衡水二中参观，回来的学生说那边学生身上都散发着一股酸臭味啥啥的......总之是地狱",
            "time": "22-2-18 19:36"
        },
        {
            "comment id": 3,
            "parent": -1,
            "children": [],
            "user id": "2379686185",
            "user name": "BOR--",
            "content": "就和女权一样，学校遇到你们这种人也是真的惨，真希望这样无端造谣的人能被判死刑每次后面反转了，你们这群人也是反转的最快的",
            "time": "22-2-18 21:01"
        },
        {
            "comment id": 4,
            "parent": -1,
            "children": [
                8,
                10,
                11,
                13,
                14,
                15,
                16,
                17,
                18,
                19,
                20,
                21,
                22,
                24,
                25,
                26,
                27,
                28
            ],
            "user id": "2357514331",
            "user name": "乖乖福熙",
            "content": "恶心透了！！最近的新闻都太阴间了！这是2022年的中华大地！阳光什么时候能照进来！！！",
            "time": "22-2-18 18:55"
        },
        {
            "comment id": 5,
            "parent": 10,
            "children": [],
            "user id": "2357514331",
            "user name": "乖乖福熙",
            "content": "回复@幸运星桃桃:特别分裂，一面是国家越来越强大，一面是还有黑暗到无法想象的恶…甚至这种恶是国家知情的，毫无作为的…",
            "time": "22-2-23 08:22"
        },
        {
            "comment id": 6,
            "parent": 7,
            "children": [],
            "user id": "7618202898",
            "user name": "茉茉香啊",
            "content": "回复@只接受看得见的喜欢和明确的爱:也不一定，说不定是校方为了洗白，且看以后吧，不过我希望是造谣。我看那些学生发的图片，我都感觉到难过、害怕，他们的每一个字都散发着绝望。",
            "time": "22-2-21 22:20"
        },
        {
            "comment id": 7,
            "parent": 23,
            "children": [
                6
            ],
            "user id": "7726388605",
            "user name": "只接受看得见的喜欢和明确的爱",
            "content": "回复@茉茉香啊:可是这个事情是造谣的并没有猥亵",
            "time": "22-2-21 14:29"
        },
        {
            "comment id": 8,
            "parent": 4,
            "children": [],
            "user id": "1562411675",
            "user name": "Verse--",
            "content": "一直都有 只是现在网络发达多少还有看到的窗口 以前更不会让你们看到",
            "time": "22-2-20 19:17"
        },
        {
            "comment id": 9,
            "parent": 10,
            "children": [],
            "user id": "6661232586",
            "user name": "北冥乌托邦",
            "content": "回复@幸运星桃桃:嗯，但爆出来比不爆出来好太多了，完全看不到黑暗才是最黑暗的",
            "time": "22-2-20 18:50"
        },
        {
            "comment id": 10,
            "parent": 4,
            "children": [
                5,
                9
            ],
            "user id": "5380721056",
            "user name": "幸运星桃桃",
            "content": "回复@迷途的失落者r:爆出来得到解决才是好事",
            "time": "22-2-20 18:44"
        },
        {
            "comment id": 11,
            "parent": 4,
            "children": [],
            "user id": "2743747505",
            "user name": "Pouring的Joy在英国",
            "content": "这事恶心也不至于这么说，或者准确的说阳光什么时候照在河北",
            "time": "22-2-20 18:29"
        },
        {
            "comment id": 12,
            "parent": 25,
            "children": [],
            "user id": "6661232586",
            "user name": "北冥乌托邦",
            "content": "回复@幸运星桃桃:其实是好事，新闻越阴暗越好，这说明更多阴暗的暴露出来了",
            "time": "22-2-20 18:19"
        },
        {
            "comment id": 13,
            "parent": 4,
            "children": [],
            "user id": "1919749595",
            "user name": "辣味凉白开",
            "content": "危险发言",
            "time": "22-2-20 10:08"
        },
        {
            "comment id": 14,
            "parent": 4,
            "children": [],
            "user id": "6364322908",
            "user name": "韩荔枝要励志",
            "content": "河北学校一直都是这样",
            "time": "22-2-20 03:48"
        },
        {
            "comment id": 15,
            "parent": 4,
            "children": [],
            "user id": "7069314257",
            "user name": "昨日不在刂",
            "content": "信息过于发达，某些玩意堵不住数十亿网民的嘴",
            "time": "22-2-19 23:41"
        },
        {
            "comment id": 16,
            "parent": 4,
            "children": [],
            "user id": "1745445637",
            "user name": "就我最丑没人比我丑",
            "content": "妇女 儿童 的“幸福”生活",
            "time": "22-2-19 17:40"
        },
        {
            "comment id": 17,
            "parent": 4,
            "children": [],
            "user id": "6469848673",
            "user name": "·小鹿然比·",
            "content": "已经照进来了",
            "time": "22-2-19 15:05"
        },
        {
            "comment id": 18,
            "parent": 4,
            "children": [],
            "user id": "7710717314",
            "user name": "小猪温奇",
            "content": "确实",
            "time": "22-2-19 14:23"
        },
        {
            "comment id": 19,
            "parent": 4,
            "children": [],
            "user id": "7443735207",
            "user name": "入世·",
            "content": "这些事之前没有，现在终于爆出来了，说明阳光已经在来的路上，正在越变越好",
            "time": "22-2-19 14:19"
        },
        {
            "comment id": 20,
            "parent": 4,
            "children": [],
            "user id": "5243307557",
            "user name": "昨晚收容所",
            "content": "就是阳光照进来了，才慢慢把罪恶暴露出来",
            "time": "22-2-19 13:43"
        },
        {
            "comment id": 21,
            "parent": 4,
            "children": [],
            "user id": "3647547574",
            "user name": "TOtti_kk",
            "content": "爆出来才是好的",
            "time": "22-2-19 12:44"
        },
        {
            "comment id": 22,
            "parent": 4,
            "children": [],
            "user id": "5718692839",
            "user name": "降落于骤",
            "content": "就是因为阳光在慢慢照进来了 所以这些事开始暴露开始引起关注开始得到处理  这是好的事情是开端",
            "time": "22-2-19 11:46"
        },
        {
            "comment id": 23,
            "parent": 24,
            "children": [
                7
            ],
            "user id": "7618202898",
            "user name": "茉茉香啊",
            "content": "回复@茉茉香啊:试想一下，如果没有被扒出来，任由其发展的话，事情将会到什么地步",
            "time": "22-2-19 11:12"
        },
        {
            "comment id": 24,
            "parent": 4,
            "children": [
                23
            ],
            "user id": "7618202898",
            "user name": "茉茉香啊",
            "content": "这也不是2022年发生的，这是很久以前就发生，发生了几年，2022年被扒出来了，这说明什么？说明正在往好的方向发展。",
            "time": "22-2-19 11:11"
        },
        {
            "comment id": 25,
            "parent": 4,
            "children": [
                12
            ],
            "user id": "5380721056",
            "user name": "幸运星桃桃",
            "content": "2022年才刚刚开始就让人觉得这个世界不像人间",
            "time": "22-2-19 11:07"
        },
        {
            "comment id": 26,
            "parent": 4,
            "children": [],
            "user id": "7488606903",
            "user name": "涵涵sweet73",
            "content": "太恶心了，阳光快点来吧",
            "time": "22-2-19 10:58"
        },
        {
            "comment id": 27,
            "parent": 4,
            "children": [],
            "user id": "1074974625",
            "user name": "桃桃啵啵味汽水",
            "content": "搞一些不必要的清朗行动 从来不治理网络喷子 还有这种道德败坏的人",
            "time": "22-2-19 10:52"
        },
        {
            "comment id": 28,
            "parent": 4,
            "children": [],
            "user id": "7435885290",
            "user name": "OOC可爱多",
            "content": "你什么时候让阳光照进来？",
            "time": "22-2-19 09:56"
        },
        {
            "comment id": 29,
            "parent": -1,
            "children": [
                30,
                31,
                32,
                33,
                35,
                36,
                37,
                38,
                39,
                40,
                41,
                42,
                43,
                44
            ],
            "user id": "6864856713",
            "user name": "柔柔又不配了嘤",
            "content": "新浪你删我视频，你收烂钱！",
            "time": "22-2-18 17:07"
        },
        {
            "comment id": 30,
            "parent": 29,
            "children": [],
            "user id": "7306540347",
            "user name": "爱喝雪碧145",
            "content": "渣浪果然是拿钱上热搜拿钱撤热搜，我怎么记得渣浪给自己一个热搜是没有花钱买热搜撤热搜这么一说吗？打脸来了",
            "time": "22-2-20 13:16"
        },
        {
            "comment id": 31,
            "parent": 29,
            "children": [],
            "user id": "6450773016",
            "user name": "螺蛳粉别加笋",
            "content": "资本作祟。",
            "time": "22-2-20 11:09"
        },
        {
            "comment id": 32,
            "parent": 29,
            "children": [],
            "user id": "6730539061",
            "user name": "c小蔡蔡子",
            "content": "啥钱都敢收，当上坟了吧！",
            "time": "22-2-20 10:34"
        },
        {
            "comment id": 33,
            "parent": 29,
            "children": [],
            "user id": "6485153748",
            "user name": "大草莓lady",
            "content": "不会是上面有人吧",
            "time": "22-2-20 10:21"
        },
        {
            "comment id": 34,
            "parent": 43,
            "children": [],
            "user id": "7391391103",
            "user name": "踏着月光摘仙桃",
            "content": "回复@菠萝头bao:现在在rs上连影子都看不见",
            "time": "22-2-20 07:01"
        },
        {
            "comment id": 35,
            "parent": 29,
            "children": [],
            "user id": "7684724708",
            "user name": "我没都输给了伟大的黑色",
            "content": "我在央视网发衡水桃城中学的评论也发不出去了",
            "time": "22-2-19 22:00"
        },
        {
            "comment id": 36,
            "parent": 29,
            "children": [],
            "user id": "2449259643",
            "user name": "_真的好困呀",
            "content": "upup",
            "time": "22-2-19 21:06"
        },
        {
            "comment id": 37,
            "parent": 29,
            "children": [],
            "user id": "6799556611",
            "user name": "白瞳有点困",
            "content": "up",
            "time": "22-2-19 13:31"
        },
        {
            "comment id": 38,
            "parent": 29,
            "children": [],
            "user id": "6985476866",
            "user name": "烤肉真好吃耶",
            "content": "尼玛我的也是！",
            "time": "22-2-19 13:26"
        },
        {
            "comment id": 39,
            "parent": 29,
            "children": [],
            "user id": "6601340637",
            "user name": "砥酒",
            "content": "多发几个各个平台都发",
            "time": "22-2-19 11:19"
        },
        {
            "comment id": 40,
            "parent": 29,
            "children": [],
            "user id": "2623381172",
            "user name": "星星幻想P",
            "content": "多发几个平台吧",
            "time": "22-2-19 00:28"
        },
        {
            "comment id": 41,
            "parent": 29,
            "children": [],
            "user id": "5554602142",
            "user name": "将温柔的你守护的方法",
            "content": "那发支付宝会被删吗",
            "time": "22-2-18 22:23"
        },
        {
            "comment id": 42,
            "parent": 29,
            "children": [],
            "user id": "7453935001",
            "user name": "我家的猫猫是小白呀",
            "content": "对，还删我的",
            "time": "22-2-18 21:17"
        },
        {
            "comment id": 43,
            "parent": 29,
            "children": [
                34
            ],
            "user id": "7474165653",
            "user name": "菠萝头bao",
            "content": "照以往的阅读量这个话题早该爆了",
            "time": "22-2-18 20:33"
        },
        {
            "comment id": 44,
            "parent": 29,
            "children": [],
            "user id": "7717927798",
            "user name": "L某晨",
            "content": "新浪可不就是有钱就是爹了吗，人家砸了好几亿呢",
            "time": "22-2-18 19:14"
        },
        {
            "comment id": 45,
            "parent": -1,
            "children": [
                46,
                47,
                48,
                49,
                50,
                51,
                52,
                53,
                54,
                55,
                56,
                58,
                59,
                60,
                61,
                62,
                63,
                64,
                65,
                66,
                67,
                68,
                69,
                70,
                71,
                74,
                75,
                76,
                77,
                78,
                79,
                80
            ],
            "user id": "6470985555",
            "user name": "邓布利多-铬",
            "content": "真的教育局能不能管管事，各个地方大大小小都有这种事说的好听学生是祖国的花朵，这TM祖国的花朵都被这种事弄si完了快。。。。这特么真的不是人。。。。。。。。。。。。问题是各个地区还有那么多学它的学校崇尚它的学校。。。。。",
            "time": "22-2-18 21:19"
        },
        {
            "comment id": 46,
            "parent": 45,
            "children": [],
            "user id": "6977351835",
            "user name": "圣贤罗琳",
            "content": "教育局都不管",
            "time": "22-2-22 01:29"
        },
        {
            "comment id": 47,
            "parent": 45,
            "children": [],
            "user id": "5620811831",
            "user name": "一尊还酹江月月",
            "content": "我们教育局和公立高中勾结，打压私立高中，帮学校查举报学生的名字……干过无数破事看来大家都是这样啊",
            "time": "22-2-21 03:51"
        },
        {
            "comment id": 48,
            "parent": 45,
            "children": [],
            "user id": "6967482619",
            "user name": "为一同",
            "content": "我们学校就是 ，开大会给我们放河北学校生活作息的视频 。我看着他们吃饭前也要看书真的受不了，这种模式我是真的不能理解竟然还有人推崇",
            "time": "22-2-20 23:11"
        },
        {
            "comment id": 49,
            "parent": 45,
            "children": [],
            "user id": "2743747505",
            "user name": "Pouring的Joy在英国",
            "content": "教育局…呵呵",
            "time": "22-2-20 18:30"
        },
        {
            "comment id": 50,
            "parent": 45,
            "children": [],
            "user id": "6035048428",
            "user name": "终实灿瑁",
            "content": "教育局屁用没用，你举报下一秒你就被开了",
            "time": "22-2-20 16:15"
        },
        {
            "comment id": 51,
            "parent": 45,
            "children": [],
            "user id": "7383123828",
            "user name": "Yyyyc_323",
            "content": "学生是祖国的未来，现在都压榨学生，祖国怎么能有美好的未来",
            "time": "22-2-20 14:13"
        },
        {
            "comment id": 52,
            "parent": 45,
            "children": [],
            "user id": "7094703849",
            "user name": "躪麢",
            "content": "没点关系能开得了学校？🤭",
            "time": "22-2-20 12:33"
        },
        {
            "comment id": 53,
            "parent": 45,
            "children": [],
            "user id": "7690676121",
            "user name": "不是猫的喵93726",
            "content": "桃城教育局责任督学李彩霞是他们中学前校长，爸爸查儿子",
            "time": "22-2-20 11:54"
        },
        {
            "comment id": 54,
            "parent": 45,
            "children": [],
            "user id": "5123570350",
            "user name": "STK5056",
            "content": "#衡水桃城中学##衡水桃城中学#不仅仅是学校的问题，后面的基层单位我觉得也逃脱不了关系，这么多年，这么多事，当地基层机关，教育局，和公安机关居然一点都不知道吗？学校只是表象，没有了一个衡水桃中，还会有其他学校。建议从头至尾彻查，不然迟早公信力缺失。 ​​​",
            "time": "22-2-20 01:18"
        },
        {
            "comment id": 55,
            "parent": 45,
            "children": [],
            "user id": "3496240870",
            "user name": "缡璇-肖战今天糊了吗",
            "content": "哈哈哈哈哈哈笑死了我今年听过最搞笑的笑话就是指望教育局，不过是官官相护，官商勾结罢了",
            "time": "22-2-20 00:58"
        },
        {
            "comment id": 56,
            "parent": 45,
            "children": [],
            "user id": "7245968338",
            "user name": "whererumyjackson",
            "content": "我们老师都说本地教育局管不了我们高中 指望教育局真的没用",
            "time": "22-2-20 00:37"
        },
        {
            "comment id": 57,
            "parent": 58,
            "children": [],
            "user id": "6109455257",
            "user name": "于歌是歌不是鸽",
            "content": "回复@小__果__果:确实是这样",
            "time": "22-2-20 00:14"
        },
        {
            "comment id": 58,
            "parent": 45,
            "children": [
                57
            ],
            "user id": "5646426485",
            "user name": "小__果__果",
            "content": "我身边的人都说教育局是站在学校那边的，很多事情投诉没用",
            "time": "22-2-20 00:00"
        },
        {
            "comment id": 59,
            "parent": 45,
            "children": [],
            "user id": "7273690423",
            "user name": "仿生五条会梦见电子惠吗",
            "content": "资本的花肥了属于",
            "time": "22-2-19 21:32"
        },
        {
            "comment id": 60,
            "parent": 45,
            "children": [],
            "user id": "7292376826",
            "user name": "-墨初吖",
            "content": "教育局的通知政策，除了有关考试的，都是放屁",
            "time": "22-2-19 21:29"
        },
        {
            "comment id": 61,
            "parent": 45,
            "children": [],
            "user id": "7342587552",
            "user name": "黑糖玛奇朵小叶孜",
            "content": "教育局的公信力在我这里已经很弱了",
            "time": "22-2-19 18:09"
        },
        {
            "comment id": 62,
            "parent": 45,
            "children": [],
            "user id": "6781580215",
            "user name": "PatrickStar77",
            "content": "祖国的榨钱机罢了",
            "time": "22-2-19 16:50"
        },
        {
            "comment id": 63,
            "parent": 45,
            "children": [],
            "user id": "5661638033",
            "user name": "行人去旅行",
            "content": "最好榨钱的就是学生和老人越管收钱越多",
            "time": "22-2-19 16:44"
        },
        {
            "comment id": 64,
            "parent": 45,
            "children": [],
            "user id": "3608595712",
            "user name": "香可珍",
            "content": "河北的大学也很恶心，本人在河北上大学，一点好感都没有",
            "time": "22-2-19 15:58"
        },
        {
            "comment id": 65,
            "parent": 45,
            "children": [],
            "user id": "2774246543",
            "user name": "白昂纳多",
            "content": "就这还催三胎呢",
            "time": "22-2-19 15:34"
        },
        {
            "comment id": 66,
            "parent": 45,
            "children": [],
            "user id": "7403936425",
            "user name": "苦茶籽乱飞",
            "content": "教育局根本就是资本手下的，花瓶一样给点钱就过了",
            "time": "22-2-19 15:23"
        },
        {
            "comment id": 67,
            "parent": 45,
            "children": [],
            "user id": "6469848673",
            "user name": "·小鹿然比·",
            "content": "这种私立学校董事会和教育局关系都很好的",
            "time": "22-2-19 15:06"
        },
        {
            "comment id": 68,
            "parent": 45,
            "children": [],
            "user id": "3203115130",
            "user name": "TttttrrrttttT",
            "content": "教育局超级烂，很多都是不作为的，他们的出发点是以学校和老师为主，无论做了什么都是学生的错，很多都是层层包庇。",
            "time": "22-2-19 13:06"
        },
        {
            "comment id": 69,
            "parent": 45,
            "children": [],
            "user id": "7539234428",
            "user name": "随便吧骂我没用",
            "content": "我们学校的董事长和校长会和教育局电话连在一起，只要是从学校发出去的，统一接在校长室，根本没用，教育局会和每个学校一起勾结的(我毕业了我不怕)",
            "time": "22-2-19 12:58"
        },
        {
            "comment id": 70,
            "parent": 45,
            "children": [],
            "user id": "5811595602",
            "user name": "莫得感情王兰花",
            "content": "去教育局举报会被发现的 学校会找到你家里威胁 举报了也是没用 教育局和学校都是一伙的",
            "time": "22-2-19 12:45"
        },
        {
            "comment id": 71,
            "parent": 45,
            "children": [],
            "user id": "5164110205",
            "user name": "CCCCoravava",
            "content": "这样的学校出来的学生真的不会有心理问题吗…明明都是十几岁的孩子要被这么虐待啊",
            "time": "22-2-19 12:42"
        },
        {
            "comment id": 72,
            "parent": 75,
            "children": [],
            "user id": "7210216879",
            "user name": "但和鸣外",
            "content": "回复@_wyllffx:确实",
            "time": "22-2-19 12:37"
        },
        {
            "comment id": 73,
            "parent": 75,
            "children": [],
            "user id": "7163066629",
            "user name": "宫野安娜",
            "content": "回复@_wyllffx:冀州中学？",
            "time": "22-2-19 11:56"
        },
        {
            "comment id": 74,
            "parent": 45,
            "children": [],
            "user id": "5291899829",
            "user name": "好运优佳蓝",
            "content": "教育局不行，我估计纪委还差不多。教育系统尤其是小地方的系统，都嫌老师操心辛苦没钱所以不愿意去，因此进去的人就都不太好，来来回回就那么几个人，所以很容易变成小团体互相包庇。",
            "time": "22-2-19 11:31"
        },
        {
            "comment id": 75,
            "parent": 45,
            "children": [
                72,
                73
            ],
            "user id": "7221277577",
            "user name": "_wyllffx",
            "content": "本河北某县城一中学 被举报了 然后教育局说了一句已经交过罚款就不管了",
            "time": "22-2-19 11:23"
        },
        {
            "comment id": 76,
            "parent": 45,
            "children": [],
            "user id": "6895782584",
            "user name": "九重凉",
            "content": "祖国的花朵？祖国的怨种",
            "time": "22-2-19 11:07"
        },
        {
            "comment id": 77,
            "parent": 45,
            "children": [],
            "user id": "5868521650",
            "user name": "恒星cheng_",
            "content": "教育局和学校就是层层包庇，尤其衡水这种地方还要靠教育捞钱呢",
            "time": "22-2-19 06:23"
        },
        {
            "comment id": 78,
            "parent": 45,
            "children": [],
            "user id": "6013261943",
            "user name": "Sliano",
            "content": "什么祖国的花朵,这感觉像资本的花肥",
            "time": "22-2-19 00:33"
        },
        {
            "comment id": 79,
            "parent": 45,
            "children": [],
            "user id": "7087207262",
            "user name": "SingleStarTY",
            "content": "重点学校和当地教育局都有关系的，强大到各个平台删帖删个精光。",
            "time": "22-2-18 22:59"
        },
        {
            "comment id": 80,
            "parent": 45,
            "children": [],
            "user id": "6470985555",
            "user name": "邓布利多-铬",
            "content": "@中国新闻网 @中国日报 @中国新闻周刊 @中国青年报 @新华社中国网事 能不能有人管管这烂透的地方。。。",
            "time": "22-2-18 21:24"
        },
        {
            "comment id": 81,
            "parent": -1,
            "children": [],
            "user id": "7528030511",
            "user name": "智慧蛋挞",
            "content": "非得出人命了才管？ @央视网 @央视新闻 @观察者网 @人民日报  @紫光阁  @共青团中央@中国新闻网 @中国青年报 @中国日报@央视新闻周刊 @央视新闻评论 @CCTV焦点访谈@中国教育报 @中国教育电视台@共青团中央@中国新闻网@央视网 @央视新闻 @观察者网 @人民日报 @共青团中央@中国新闻网 @中国青年报",
            "time": "22-2-18 19:33"
        },
        {
            "comment id": 82,
            "parent": -1,
            "children": [],
            "user id": "7308978245",
            "user name": "·金糖葡萄汁·",
            "content": "别逼扇。。怎么就不实了？",
            "time": "22-2-24 23:40"
        },
        {
            "comment id": 83,
            "parent": -1,
            "children": [],
            "user id": "5672734833",
            "user name": "饭应该挺好吃",
            "content": "点黄条，能看到是谁举报的",
            "time": "22-2-24 03:34"
        },
        {
            "comment id": 84,
            "parent": -1,
            "children": [],
            "user id": "6896018285",
            "user name": "今天也是可爱呀",
            "content": "你这条被微博判定为虚假信息了",
            "time": "22-2-22 15:15"
        },
        {
            "comment id": 85,
            "parent": -1,
            "children": [],
            "user id": "3175044790",
            "user name": "十七夜晏行",
            "content": "我想到我初中 在我们这儿市重点初中的重点班  我们班主任让全班老师同学孤立我 每天就是嘲讽挖苦针对 她还重男轻女 那是我头一次知道老师也可以校园暴力 后来我抑郁症退学 后来一直厌学 情绪也不稳定 或许本来我能有一个更好的前途的",
            "time": "22-2-20 02:28"
        },
        {
            "comment id": 86,
            "parent": -1,
            "children": [
                87,
                88
            ],
            "user id": "6315635020",
            "user name": "Nicole__1988",
            "content": "@央视网 @央视新闻 @观察者网 @人民日报  @紫光阁  @共青团中央@中国新闻网 @中国青年报 @中国日报@央视新闻周刊 @央视新闻评论 @CCTV焦点访谈@中国教育报 @中国教育电视台@共青团中央@中国新闻网@央视网 @央视新闻 @观察者网 @人民日报 @共青团中央@中国新闻网 @中国青年报  多少钱让你们都这样",
            "time": "22-2-18 22:44"
        },
        {
            "comment id": 87,
            "parent": 86,
            "children": [],
            "user id": "1933046285",
            "user name": "短腿儿丸子妹妹",
            "content": "难受",
            "time": "22-2-21 12:21"
        },
        {
            "comment id": 88,
            "parent": 86,
            "children": [],
            "user id": "6012536624",
            "user name": "迷鹿中迷路",
            "content": "要哭了",
            "time": "22-2-19 15:30"
        },
        {
            "comment id": 89,
            "parent": -1,
            "children": [],
            "user id": "5994397546",
            "user name": "三山远行",
            "content": "学校是教育人的地方，现在更成了杀人的地方！🙃",
            "time": "22-2-19 10:18"
        },
        {
            "comment id": 90,
            "parent": -1,
            "children": [],
            "user id": "1833082507",
            "user name": "居士天",
            "content": "倒数第二张图没了",
            "time": "22-2-19 09:22"
        },
        {
            "comment id": 91,
            "parent": -1,
            "children": [],
            "user id": "6642481148",
            "user name": "宝可尼尼",
            "content": "怎么说呢 先不说里面一些东西的真实性 但我觉得还是要转发一下 我作为河北人而且作为一个小镇做题家 只能说很多学校确实都很变态 拿我之前的高中来举例 学校逼学生剪短发，从教室到食堂、吃饭、回教室也只有25分钟时间（导致上学的时候吃饭太快胃变得不好） 只能说 不是所有人的学生时代都是充满激情的",
            "time": "22-2-19 12:14"
        },
        {
            "comment id": 92,
            "parent": -1,
            "children": [],
            "user id": "7493613386",
            "user name": "氧气丸turbo",
            "content": "坠了我以为我在看红岩…太可怕了",
            "time": "22-2-19 10:56"
        },
        {
            "comment id": 93,
            "parent": -1,
            "children": [],
            "user id": "2733939311",
            "user name": "火之拳黑桃",
            "content": "家长也有责任",
            "time": "22-2-19 10:43"
        },
        {
            "comment id": 94,
            "parent": -1,
            "children": [],
            "user id": "2937081541",
            "user name": "小布丁不放弃",
            "content": "不实消息？@来去之间",
            "time": "22-2-23 12:10"
        },
        {
            "comment id": 95,
            "parent": -1,
            "children": [],
            "user id": "6296061849",
            "user name": "从小就没人说过我胖",
            "content": "黑社会吗",
            "time": "22-2-19 22:59"
        },
        {
            "comment id": 96,
            "parent": -1,
            "children": [],
            "user id": "3173343892",
            "user name": "黒錡",
            "content": "关注！中国的中学教育十分黑暗，也是一头大象//@我是落生: 关注//@夏目家的小诗哥:关注//@这是一个很高冷的ID:？？？//@蓝爵Yoyo:？//@刺客棉条://@揍壹://@霹雳毕福奸://@顾惜之:？？？//@海参难吃1997:卧槽…这他妈是学校？？？",
            "time": "22-2-19 20:10"
        },
        {
            "comment id": 97,
            "parent": -1,
            "children": [
                99
            ],
            "user id": "6505372737",
            "user name": "地球遗民",
            "content": "我上初中的时候班里同学不守纪律，老师批评以后下课在老师办公室喷农药。老师一句话都没有说，再也没有管过他们。但是转过头在班上就骂我还打人。人啊！真TM的贱。",
            "time": "22-2-19 12:28"
        },
        {
            "comment id": 98,
            "parent": 99,
            "children": [],
            "user id": "6505372737",
            "user name": "地球遗民",
            "content": "回复@就算是星星也要璀璨:对，杀人放火金腰带嘛！",
            "time": "22-2-21 17:47"
        },
        {
            "comment id": 99,
            "parent": 97,
            "children": [
                98
            ],
            "user id": "5718358006",
            "user name": "就算是星星也要璀璨",
            "content": "持强凌弱大多人的劣性罢了",
            "time": "22-2-20 22:31"
        },
        {
            "comment id": 100,
            "parent": -1,
            "children": [],
            "user id": "1990009083",
            "user name": "挨K就贴挨K绷",
            "content": "再怎么严格，也不能猥亵学生啊？还是数名男教师猥亵学生 烂透了，学校成绩再好也是烂透了",
            "time": "22-2-19 11:36"
        },
        {
            "comment id": 101,
            "parent": -1,
            "children": [
                104
            ],
            "user id": "5159563517",
            "user name": "大饼卷恐龙",
            "content": "geceg河北很多学校都是这样的，我在天津上学，然后回河北老家又继续读了一年，简直是地狱，和班主任和宿管老师起了好几次冲突，班主任不作为，宿管骂学生推搡学生，地理老师在全班面前骂学生，校长在食堂扔学生打的饭，身边同学都不说话，我可能是那唯一反抗的人吧，读了半年左右就走了，受不了了",
            "time": "22-2-19 11:11"
        },
        {
            "comment id": 102,
            "parent": 103,
            "children": [],
            "user id": "5159563517",
            "user name": "大饼卷恐龙",
            "content": "回复@歖80420:是呢，苦了学生们了",
            "time": "22-2-19 16:00"
        },
        {
            "comment id": 103,
            "parent": 104,
            "children": [
                102
            ],
            "user id": "7728132479",
            "user name": "歖80420",
            "content": "回复@大饼卷恐龙:中国这样的学校太多了，虽然国家也在治理 但是，老师骗学校学校骗教育局，反正都一伙的，上面一检查就双标",
            "time": "22-2-19 12:20"
        },
        {
            "comment id": 104,
            "parent": 101,
            "children": [
                103
            ],
            "user id": "5159563517",
            "user name": "大饼卷恐龙",
            "content": "起冲突也是因为不满他们的管理方式，不拿学生当人看，我一直以为是在天津读书老师们同学们都太nice了，所以我自己不适应，后来慢慢长大了理解了，才知道根本不是自己不适应，就是学校打压的太厉害，学生都不说话了",
            "time": "22-2-19 11:13"
        },
        {
            "comment id": 105,
            "parent": -1,
            "children": [],
            "user id": "7500308563",
            "user name": "灵仙-",
            "content": "这不艾特扫黑除恶黑社会进校园了啊家人们",
            "time": "22-2-19 23:57"
        },
        {
            "comment id": 106,
            "parent": -1,
            "children": [],
            "user id": "6104710822",
            "user name": "Perspectives2021",
            "content": "中国教育。",
            "time": "22-2-19 14:27"
        },
        {
            "comment id": 107,
            "parent": -1,
            "children": [],
            "user id": "5063095263",
            "user name": "野原菲只猪",
            "content": "这还不管管吗@央视网 @央视新闻 @观察者网 @人民日报  @紫光阁  @共青团中央@中国新闻网 @中国青年报 @中国日报@央视新闻周刊 @央视新闻评论 @CCTV焦点访谈@中国教育报 @中国教育电视台@共青团中央@中国新闻网@央视网 @央视新闻 @观察者网 @人民日报 @共青团中央@中国新闻网 @中国青年报",
            "time": "22-2-19 12:24"
        },
        {
            "comment id": 108,
            "parent": -1,
            "children": [],
            "user id": "5339737721",
            "user name": "你偷看哦",
            "content": "很奇怪，没人质疑衡水学校的这些学生家长 吗？我不信家长不知道孩子在学校的遭遇。 如果这些家长知道孩子们的遭遇却选择和学 校站一边，那才是最恐怖的",
            "time": "22-2-20 04:40"
        },
        {
            "comment id": 109,
            "parent": -1,
            "children": [],
            "user id": "3276311241",
            "user name": "球kiki",
            "content": "真想不到 2022年还能看见《总有一天》里面的剧情",
            "time": "22-2-19 16:14"
        },
        {
            "comment id": 110,
            "parent": -1,
            "children": [],
            "user id": "5879232380",
            "user name": "Shoririn",
            "content": "衡水模式难道不是国家双减政策的漏网之鱼吗？",
            "time": "22-2-19 14:02"
        },
        {
            "comment id": 111,
            "parent": -1,
            "children": [],
            "user id": "5977442922",
            "user name": "-終南望餘雪-",
            "content": "不是随便一个垃圾场就能成为学校",
            "time": "22-2-19 10:43"
        },
        {
            "comment id": 112,
            "parent": -1,
            "children": [
                113
            ],
            "user id": "6331084025",
            "user name": "给我来一斤粗莓啊",
            "content": "父母当没事儿的也是有病",
            "time": "22-2-19 09:58"
        },
        {
            "comment id": 113,
            "parent": 112,
            "children": [],
            "user id": "7722770672",
            "user name": "蝴蝶灰烬之匣",
            "content": "父母根本不爱孩子。把孩子送到这种地方，就是为了让他考好了以后赚钱给他们，孩子只是工具而已。一个孝字，捆绑了无数孩子的生命，他们以为父母对他们是爱的，但其实根本不是。",
            "time": "22-2-19 10:41"
        },
        {
            "comment id": 114,
            "parent": -1,
            "children": [],
            "user id": "3721322582",
            "user name": "沱江烈女",
            "content": "@央视网 @央视新闻 @观察者网 @人民日报  @紫光阁  @共青团中央@中国新闻网 @中国青年报 @中国日报@央视新闻周刊 @央视新闻评论 @CCTV焦点访谈@中国教育报 @中国教育电视台@共青团中央@中国新闻网@央视网 @央视新闻 @观察者网 @人民日报 @共青团中央@中国新闻网 @中国青年报",
            "time": "22-2-18 21:29"
        },
        {
            "comment id": 115,
            "parent": -1,
            "children": [
                116
            ],
            "user id": "5579546469",
            "user name": "磕cp的兄dei",
            "content": "什么啊 就不实了",
            "time": "22-2-23 21:04"
        },
        {
            "comment id": 116,
            "parent": 115,
            "children": [],
            "user id": "7409323543",
            "user name": "timetoshineeeeein22",
            "content": "被人举报了 点小黄框框的提示语就能看到 点头像能进主页",
            "time": "22-2-23 22:18"
        },
        {
            "comment id": 117,
            "parent": -1,
            "children": [],
            "user id": "5851826116",
            "user name": "羅曼蒂克消滅史",
            "content": "此处借用一句东野圭吾在书中写过的话“老师不过是自己学了点本领就去教别人 而这是一种错觉 老师误以为自己能教给别人什么 而学生也误以为自己能从老师那学到什么 但是这种错觉 却能让双方都感到自在”",
            "time": "22-2-20 13:03"
        },
        {
            "comment id": 118,
            "parent": -1,
            "children": [],
            "user id": "6805198162",
            "user name": "迪家洛洛",
            "content": "想起去年暑假长沙的中学生是怎么样才把长郡的热搜弄上去的 资本太…",
            "time": "22-2-20 08:11"
        },
        {
            "comment id": 119,
            "parent": -1,
            "children": [],
            "user id": "5639342960",
            "user name": "Few1words",
            "content": "我们这里特别乐于模仿衡水中学的模式 各个中学暗地里竞争 以培养出一个清华或者北大为骄傲",
            "time": "22-2-20 02:44"
        },
        {
            "comment id": 120,
            "parent": -1,
            "children": [],
            "user id": "6527218811",
            "user name": "·famom·",
            "content": "管管?@央视网 @央视新闻 @观察者网 @人民日报  @紫光阁  @共青团中央@中国新闻网 @中国青年报 @中国日报@央视新闻周刊 @央视新闻评论 @CCTV焦点访谈@中国教育报 @中国教育电视台@共青团中央@中国新闻网@央视网 @央视新闻 @观察者网 @人民日报 @共青团中央@中国新闻网 @中国青年报",
            "time": "22-2-20 00:25"
        },
        {
            "comment id": 121,
            "parent": -1,
            "children": [
                122,
                123
            ],
            "user id": "7486106585",
            "user name": "升级南瓜饼",
            "content": "衡水地区的学校大部分都这样我记得我高三离高考还有不到一个礼拜我们年级主任还拳打脚踢过我",
            "time": "22-2-19 17:54"
        },
        {
            "comment id": 122,
            "parent": 121,
            "children": [],
            "user id": "6180099056",
            "user name": "不进年级前十不改名_",
            "content": "回复@少管我好吧:我天……",
            "time": "22-2-20 00:35"
        },
        {
            "comment id": 123,
            "parent": 121,
            "children": [],
            "user id": "7486106585",
            "user name": "升级南瓜饼",
            "content": "还有我因故缺考班主任不让我进校门必须给他红包才让我进",
            "time": "22-2-19 17:57"
        },
        {
            "comment id": 124,
            "parent": -1,
            "children": [],
            "user id": "6104710822",
            "user name": "Perspectives2021",
            "content": "中国超话 ",
            "time": "22-2-19 14:27"
        },
        {
            "comment id": 125,
            "parent": -1,
            "children": [],
            "user id": "7495116234",
            "user name": "NWO09_X",
            "content": "p3什么玩意啊",
            "time": "22-2-19 12:12"
        },
        {
            "comment id": 126,
            "parent": -1,
            "children": [],
            "user id": "2694974473",
            "user name": "三十年莱斯特城球迷",
            "content": "如果是真的就往死里打，让他们还装逼，一个几把破学校成事儿了，必须得打破这种压抑人性的教育模式，把所有黑色利益群体一网打尽",
            "time": "22-2-19 11:02"
        },
        {
            "comment id": 127,
            "parent": -1,
            "children": [],
            "user id": "1617088320",
            "user name": "塔蜜茶",
            "content": "教育局去哪儿了，就为了升学率啊，就纵容犯罪啊",
            "time": "22-2-19 03:46"
        },
        {
            "comment id": 128,
            "parent": -1,
            "children": [],
            "user id": "6538864820",
            "user name": "芋媛啵啵星球",
            "content": "拜托 @央视网 @央视新闻 @观察者网 @人民日报  @紫光阁  @共青团中央@中国新闻网 @中国青年报 @中国日报@央视新闻周刊 @央视新闻评论 @CCTV焦点访谈@中国教育报 @中国教育电视台@共青团中央@中国新闻网@央视网 @央视新闻 @观察者网 @人民日报 @共青团中央@中国新闻网 @中国青年报",
            "time": "22-2-18 19:16"
        },
        {
            "comment id": 129,
            "parent": -1,
            "children": [],
            "user id": "6630535598",
            "user name": "X1n_7",
            "content": "救救孩子们",
            "time": "22-2-18 19:04"
        },
        {
            "comment id": 130,
            "parent": -1,
            "children": [],
            "user id": "5519311500",
            "user name": "Mr_Ternence_",
            "content": "如果处理不好，怎么以大国自称？说真的这种根源性社会问题往往就是西方国家乐意看到的，如果真的存在包庇，只能说对不起人民群众，是要发烂发臭的…教育是国之根本吧，一个不好的社会新闻在国际社会需要数十甚至上百条积极的新闻和话题去平复…一定要严查到底而不是淡化",
            "time": "22-2-22 02:28"
        },
        {
            "comment id": 131,
            "parent": -1,
            "children": [],
            "user id": "3563020860",
            "user name": "抽不到黑胡椒蟹不改名不换头像",
            "content": "他敢弄死谁啊？两巴掌扇过去他保证屁都不敢放一个",
            "time": "22-2-20 03:42"
        },
        {
            "comment id": 132,
            "parent": -1,
            "children": [],
            "user id": "5120043803",
            "user name": "差差差差不多女神",
            "content": "他是不是以为发出来的都是他们的学生 殊不知已经全网曝光了",
            "time": "22-2-19 21:22"
        },
        {
            "comment id": 133,
            "parent": -1,
            "children": [],
            "user id": "6850171680",
            "user name": "宋呀呀呀呀呀呀呀呀轩",
            "content": "@央视网 @央视新闻 @观察者网 @人民日报  @紫光阁  @共青团中央@中国新闻网 @中国青年报 @中国日报@央视新闻周刊 @央视新闻评论 @CCTV焦点访谈@中国教育报 @中国教育电视台@共青团中央@中国新闻网 @观察者网 @人民日报 @共青团中央@中国新闻网 @中国青年报这是教书育人的学校吗？",
            "time": "22-2-19 13:00"
        },
        {
            "comment id": 134,
            "parent": -1,
            "children": [],
            "user id": "1780256070",
            "user name": "丨花屋敷丨",
            "content": "。。。如果学校变成了地狱，老师成为了罪恶之手，这个社会还有救吗？",
            "time": "22-2-19 13:00"
        },
        {
            "comment id": 135,
            "parent": -1,
            "children": [],
            "user id": "2267673760",
            "user name": "汤小小叽",
            "content": "电影这么拍都过不了审吧？！",
            "time": "22-2-19 12:38"
        },
        {
            "comment id": 136,
            "parent": -1,
            "children": [
                137,
                139,
                140
            ],
            "user id": "6907076131",
            "user name": "此间滥竽",
            "content": "孩子们你们的年龄还小啊，捅死老师不会被判很重的",
            "time": "22-2-19 11:10"
        },
        {
            "comment id": 137,
            "parent": 136,
            "children": [],
            "user id": "1183739445",
            "user name": "今天绝对不生气呢",
            "content": "捅死了还有下一个",
            "time": "22-2-19 14:07"
        },
        {
            "comment id": 138,
            "parent": 139,
            "children": [],
            "user id": "6907076131",
            "user name": "此间滥竽",
            "content": "回复@持续走神中:和恶魔讲法律是最没用的事情",
            "time": "22-2-19 11:41"
        },
        {
            "comment id": 139,
            "parent": 136,
            "children": [
                138
            ],
            "user id": "2745675375",
            "user name": "持续走神中",
            "content": "不过孩子过于听话是真的",
            "time": "22-2-19 11:38"
        },
        {
            "comment id": 140,
            "parent": 136,
            "children": [],
            "user id": "2745675375",
            "user name": "持续走神中",
            "content": "这话可不太合适",
            "time": "22-2-19 11:36"
        },
        {
            "comment id": 141,
            "parent": -1,
            "children": [],
            "user id": "3118582495",
            "user name": "倩雯静安",
            "content": "网络不是法外之地，学校才是法外之地吧",
            "time": "22-2-19 10:59"
        },
        {
            "comment id": 142,
            "parent": -1,
            "children": [],
            "user id": "2108124402",
            "user name": "借我十个胆儿",
            "content": "一个学校的老师只要听说有一个老师跟学生动手而不被处分，那这个学校就烂透了，暗处都是犯法的行为，收点钱语言暴力都是日常工作……",
            "time": "22-2-19 10:59"
        },
        {
            "comment id": 143,
            "parent": -1,
            "children": [],
            "user id": "6905592334",
            "user name": "给我一口甜桃",
            "content": "恶心到我了",
            "time": "22-2-19 10:47"
        },
        {
            "comment id": 144,
            "parent": -1,
            "children": [
                145
            ],
            "user id": "7404963661",
            "user name": "Aristini",
            "content": "终于有热度了...我之前看到有个男生心脏病不舒服站都站不稳还被强行拉去跑操，跑到一半晕过去人没了",
            "time": "22-2-19 10:34"
        },
        {
            "comment id": 145,
            "parent": 144,
            "children": [],
            "user id": "7649710039",
            "user name": "沙雕肖恩",
            "content": "衡水桃成中学店花号:135+1308+1100 189+3180+6136 156+1096+1759 大家快上",
            "time": "22-2-19 15:54"
        },
        {
            "comment id": 146,
            "parent": -1,
            "children": [],
            "user id": "2643141051",
            "user name": "做一条鹹魚吗",
            "content": "为什么不实？",
            "time": "22-2-23 17:22"
        },
        {
            "comment id": 147,
            "parent": -1,
            "children": [],
            "user id": "6136144343",
            "user name": "Choi_heung",
            "content": "居然被举报了……举报者没有心",
            "time": "22-2-22 16:26"
        },
        {
            "comment id": 148,
            "parent": -1,
            "children": [],
            "user id": "6912403885",
            "user name": "狸越art",
            "content": "全校学生应该罢课反抗",
            "time": "22-2-22 09:16"
        },
        {
            "comment id": 149,
            "parent": -1,
            "children": [],
            "user id": "5379609022",
            "user name": "知画碧",
            "content": "去看央视网吧 反转了刚刚发的",
            "time": "22-2-21 14:00"
        },
        {
            "comment id": 150,
            "parent": -1,
            "children": [],
            "user id": "5659502490",
            "user name": "pinkkkbelial-",
            "content": "难道家长一点责任也没有吗？",
            "time": "22-2-21 08:37"
        },
        {
            "comment id": 151,
            "parent": -1,
            "children": [],
            "user id": "6461877802",
            "user name": "明明的吐槽",
            "content": "这层评论触目心惊。//@告诉自己都是小事:1.身为河北人我想说河北的很多学校真的很可怕，至少我上的学是这样的，超级超级严格，有的老师也很恐怖，我们这里是找地方，初中我就听说有一个男班主任猥亵女同学，女同学都不想上学了，我们初中班主任曾轮扇学生的脸，班主任也无缘无故对我语言、身体暴力。",
            "time": "22-2-21 04:47"
        },
        {
            "comment id": 152,
            "parent": -1,
            "children": [],
            "user id": "7641989586",
            "user name": "载我重回十四月末",
            "content": "衡水式教育就是邪教",
            "time": "22-2-20 16:01"
        },
        {
            "comment id": 153,
            "parent": -1,
            "children": [],
            "user id": "5040319205",
            "user name": "懒懒王的语言课堂",
            "content": "家长只想要结果，不知道是不可能的，装聋作哑的伪善父母一样恶臭",
            "time": "22-2-20 14:13"
        },
        {
            "comment id": 154,
            "parent": -1,
            "children": [],
            "user id": "6374019635",
            "user name": "小猪喝旺仔牛奶混养乐多",
            "content": "什么烂学校啊，估计还有很多没发声的学生收到过伤害，太恶心了吧  连教育局都那么肮脏龌龊",
            "time": "22-2-20 14:06"
        },
        {
            "comment id": 155,
            "parent": -1,
            "children": [],
            "user id": "3264405802",
            "user name": "小丸北北",
            "content": "@央视网 @央视新闻   @紫光阁  @共青团中央@中国新闻网 @中国青年报 @中国日报@央视新闻周刊 @央视新闻评论 @CCTV焦点访谈@中国教育报 @中国教育电视台@共青团中央@中国新闻网@央视网 @央视新闻 @观察者网 @人民日报 @共青团中央@中国新闻网 @中国青年报 @中国日报",
            "time": "22-2-20 13:14"
        },
        {
            "comment id": 156,
            "parent": -1,
            "children": [],
            "user id": "3963472112",
            "user name": "只要考188就有本科上了",
            "content": "如果家长不同意本人就不会有心中学校，这样的家长快点死绝吧，难道你们真的认为这样练出来的孩子以后会孝顺你们吗",
            "time": "22-2-20 12:53"
        },
        {
            "comment id": 157,
            "parent": -1,
            "children": [],
            "user id": "7591292853",
            "user name": "往生来去皆自由",
            "content": "别信小作文，如果你觉得当地有关系，你也可以不信当地官方。除非见到实地调查结果和更高级别的省市调查结果，啥也别信。",
            "time": "22-2-20 12:34"
        },
        {
            "comment id": 158,
            "parent": -1,
            "children": [],
            "user id": "2737630503",
            "user name": "TAME_MELAINE",
            "content": "太可怕了这是2022年嘛",
            "time": "22-2-20 12:09"
        },
        {
            "comment id": 159,
            "parent": -1,
            "children": [],
            "user id": "7313748222",
            "user name": "茶卡盐佑的星星",
            "content": "所以这是真的吗？真的会有家长不管自己的孩子被猥琐吗？",
            "time": "22-2-20 11:55"
        },
        {
            "comment id": 160,
            "parent": -1,
            "children": [],
            "user id": "2567963037",
            "user name": "珺乔王总是我弟",
            "content": "想不到在我大中国还有如此黑暗，不把学生当人看的学校，这也太可怕了吧",
            "time": "22-2-20 10:35"
        },
        {
            "comment id": 161,
            "parent": -1,
            "children": [],
            "user id": "6510176536",
            "user name": "·江春旧年",
            "content": "不要再模糊重点说什么教学违规了，是否有打骂/猥亵学生，是否有打骂/猥亵学生，是否有打骂/猥亵学生？",
            "time": "22-2-20 10:05"
        },
        {
            "comment id": 162,
            "parent": -1,
            "children": [],
            "user id": "1292467403",
            "user name": "孟俊Jun",
            "content": " 如果这种龌龊与阴暗不暴露在阳光下，它只会一直发酵。希望这件事能被彻查，孩子有什么罪呢？",
            "time": "22-2-20 09:52"
        },
        {
            "comment id": 163,
            "parent": -1,
            "children": [],
            "user id": "7384373681",
            "user name": "噗叽幺儿",
            "content": "#衡水桃城中学# 虽然不在这种学校就读,但学生都和我一样大,都是去求学去了,不是去遭受不该遭受的一切,不是就活该被你们那些没有师德的人无缘无故的打骂.",
            "time": "22-2-20 09:52"
        },
        {
            "comment id": 164,
            "parent": -1,
            "children": [
                165
            ],
            "user id": "6402670268",
            "user name": "世界和平Charles",
            "content": "我们学校处处学衡水，玉玉的也不少",
            "time": "22-2-20 09:09"
        },
        {
            "comment id": 165,
            "parent": 164,
            "children": [],
            "user id": "6402670268",
            "user name": "世界和平Charles",
            "content": "抑郁（故意打错的）",
            "time": "22-2-20 09:09"
        },
        {
            "comment id": 166,
            "parent": -1,
            "children": [],
            "user id": "2376201365",
            "user name": "吃eateat",
            "content": "孩子精神已经出现问题并且有自残行为了都没有家长去质问学校和老师么？",
            "time": "22-2-20 08:58"
        },
        {
            "comment id": 167,
            "parent": -1,
            "children": [],
            "user id": "5128675391",
            "user name": "HalcyonChen_",
            "content": "最近的新闻真的觉得这个世界烂透了。作为女生要担心自己会不会被家暴被拐卖，作为学生还要担心会不会遇到烂透了的学校和老师",
            "time": "22-2-20 06:31"
        },
        {
            "comment id": 168,
            "parent": -1,
            "children": [],
            "user id": "5524736198",
            "user name": "X02002SS",
            "content": "记得我高中是省示范 班主任把衡水作息表打印出来做ppt给我们看 要我们学学人家",
            "time": "22-2-20 03:49"
        },
        {
            "comment id": 169,
            "parent": -1,
            "children": [],
            "user id": "5351540379",
            "user name": "·撒浪嘿·",
            "content": "哎 这个模式病入膏肓 花朵看起来也快枯萎了",
            "time": "22-2-20 02:53"
        },
        {
            "comment id": 170,
            "parent": -1,
            "children": [],
            "user id": "5713951369",
            "user name": "SchizoidJ",
            "content": "满本写着两个字是“吃人”！",
            "time": "22-2-20 02:48"
        }
    ]
}