{
    "source": {
        "content": "“突发：#英国女王##伊丽莎白二世# 在与 #新冠肺炎# COVID-19 抗争了几天后不幸去世。这个不幸的消息在她在睡梦中安详离世后，得到了白金汉宫的证实。”等待真伪求证新闻，但这条CNN的新闻中说的到了白金汉宫的证实！伊丽莎白二世（全称：Her Majesty Queen Elizabeth II，1926年4月21日—），现任英国女王，英联邦元首、国会最高首领。1952年2月6日即位，1953年6月2日加冕，是目前英国在位时间最长的君主。",
        "time": "22-2-23 12:49",
        "user id": "1080162490",
        "tweet id": "LgN2Sx28G",
        "label": 1,
        "theme": null
    },
    "comment": [
        {
            "comment id": 0,
            "parent": -1,
            "children": [],
            "user id": "5878659096",
            "user name": "超话社区",
            "content": "你好，你感兴趣的“英国女王”已开通了超话社区～ 超话社区是微博旗下兴趣互动社区，快来与志同道合的小伙伴们一起交流互动吧！ 戳我进入>> 英国女王超话",
            "time": "22-2-23 12:49"
        },
        {
            "comment id": 1,
            "parent": -1,
            "children": [],
            "user id": "1508570820",
            "user name": "Cincy画儿",
            "content": "这又不是cnn的帐号，这是假号",
            "time": "22-2-23 13:07"
        },
        {
            "comment id": 2,
            "parent": -1,
            "children": [],
            "user id": "5234251950",
            "user name": "域信小张同学",
            "content": "没死，隔着瞎造什么谣",
            "time": "22-2-23 13:05"
        },
        {
            "comment id": 3,
            "parent": -1,
            "children": [],
            "user id": "5837820053",
            "user name": "转角遇到了菜",
            "content": "还没死呢",
            "time": "22-2-23 12:57"
        },
        {
            "comment id": 4,
            "parent": -1,
            "children": [],
            "user id": "6352232509",
            "user name": "撩妹能手赵东来",
            "content": "这世上焉有70年太子",
            "time": "22-2-23 12:54"
        },
        {
            "comment id": 5,
            "parent": -1,
            "children": [],
            "user id": "1729959013",
            "user name": "穷人打工日记",
            "content": "我操？",
            "time": "22-2-23 12:50"
        }
    ]
}