{
    "source": {
        "content": "#乌克兰首都附近发生爆炸#\n\n当地时间24日，乌克兰首都基辅一街区发生爆炸，三座居民楼和部分商业场所受损 情牵羽毛球的微博视频 ",
        "time": "22-2-24 16:00",
        "user id": "6605861094",
        "tweet id": "LgXIGfUk7",
        "label": 1,
        "theme": null
    },
    "comment": [
        {
            "comment id": 0,
            "parent": -1,
            "children": [],
            "user id": "6138512597",
            "user name": "白日梦Dusty",
            "content": "这是黎巴嫩 别乱发啊",
            "time": "22-2-24 16:48"
        },
        {
            "comment id": 1,
            "parent": -1,
            "children": [],
            "user id": "3777447765",
            "user name": "第三只眼看世界cao",
            "content": "基辅不靠海边，这个是硝酸铵爆炸",
            "time": "22-3-3 21:58"
        },
        {
            "comment id": 2,
            "parent": -1,
            "children": [],
            "user id": "7022732136",
            "user name": "睿泽3909",
            "content": "假的，已举报",
            "time": "22-2-25 10:37"
        },
        {
            "comment id": 3,
            "parent": -1,
            "children": [],
            "user id": "1841857742",
            "user name": "汕教",
            "content": "假新闻，添乱，小心被关小黑屋",
            "time": "22-2-24 23:04"
        },
        {
            "comment id": 4,
            "parent": -1,
            "children": [],
            "user id": "2633883745",
            "user name": "张佳文同学",
            "content": "假新闻。",
            "time": "22-2-24 16:22"
        },
        {
            "comment id": 5,
            "parent": -1,
            "children": [],
            "user id": "1403609455",
            "user name": "国家一类保护动物",
            "content": "我艹",
            "time": "22-2-24 16:10"
        }
    ]
}