{
    "source": {
        "content": "最新战况！！乌克兰港口城市一栋大楼被轰炸！！俄罗斯忽然闪电攻击乌克兰首都基辅，第二大城市卡齐夫，以及港口城市敖德萨。基辅机场在被攻击。俄罗斯呼吁乌克兰军队立即放下武器投降。普京总统：警告干预乌克兰的外国势力将目睹他们从未见过的后果！ 东八区无面者FacelessMen的微博视频 ",
        "time": "22-2-24 15:11",
        "user id": "2116791942",
        "tweet id": "LgXoZ27yx",
        "label": 1,
        "theme": null
    },
    "comment": [
        {
            "comment id": 0,
            "parent": -1,
            "children": [],
            "user id": "2152959824",
            "user name": "点根烟吃",
            "content": "应该是黎巴嫩的港口爆炸哦",
            "time": "22-2-24 15:41"
        },
        {
            "comment id": 1,
            "parent": -1,
            "children": [],
            "user id": "7335933241",
            "user name": "一路追寻一路思考",
            "content": "这是什么武器，威力巨大啊",
            "time": "22-2-24 15:20"
        },
        {
            "comment id": 2,
            "parent": -1,
            "children": [],
            "user id": "7186387632",
            "user name": "保安队队长陈大篮子",
            "content": "这好像黎巴嫩那个放化肥然后爆炸的仓库",
            "time": "22-2-24 15:16"
        },
        {
            "comment id": 3,
            "parent": -1,
            "children": [],
            "user id": "1693153382",
            "user name": "后渚见义勇为工作站",
            "content": "这是贝鲁特！咋变成乌克兰了！！！",
            "time": "22-2-27 15:46"
        },
        {
            "comment id": 4,
            "parent": -1,
            "children": [],
            "user id": "6873962477",
            "user name": "年活吃瓜选手",
            "content": "你就是歌姬吧",
            "time": "22-2-26 01:04"
        },
        {
            "comment id": 5,
            "parent": -1,
            "children": [],
            "user id": "6091253397",
            "user name": "军迷00138",
            "content": "微博果然是个厕所，什么蹭热度蛆都有",
            "time": "22-2-26 00:23"
        },
        {
            "comment id": 6,
            "parent": -1,
            "children": [],
            "user id": "3289375454",
            "user name": "卑服哥",
            "content": "这是黎巴嫩那次爆炸吧",
            "time": "22-2-24 15:27"
        }
    ]
}