{
    "source": {
        "content": "#衡水桃城中学##衡水桃中老师猥亵体罚学生##衡水桃城中学被指多项违规致学生抑郁#  \n睁大你们的双眼，这个事情发展成这样，那些还在这所学校读书的孩子要怎么办？ \n打骂污辱只会越来越猖狂！猥亵性侵事件在资本的保护伞下变得光明正大！\n都瞎了吗？这么多孩子的求救信号，还需要什么证据啊！救救这些孩子吧！\n我不明白资本的力量有多么可怕，但我通过这么多的孩子发出的求救信号，他们承受的远比我想象的要可怕。\n我以为少年终将战胜资本，沉默到今天。中国的未来不应该是被资本的黑暗势力笼罩。\n希望国家政府看到这些事情的真实面。\n真的，我看到这么多孩子的信息，表达的不仅仅是控诉…\n希望这些少年能够打赢这场仗，为了他们的未来，为了国家，为了我们这些网友的网络环境（为了在将来的某一天挣脱资本的操纵）。",
        "time": "22-2-22 00:01",
        "user id": "5665341388",
        "tweet id": "LgyAp5q64",
        "label": 1,
        "theme": null
    },
    "comment": [
        {
            "comment id": 0,
            "parent": -1,
            "children": [
                1,
                2,
                4,
                5
            ],
            "user id": "6308245826",
            "user name": "环形废墟V",
            "content": "p7这个私默片真的把我气的想吐 她和她那些个臭味相投的姐妹真的不要脸 太恶心了 举报也举报不了",
            "time": "22-2-22 00:09"
        },
        {
            "comment id": 1,
            "parent": 0,
            "children": [],
            "user id": "6697870773",
            "user name": "醋娇呀",
            "content": "反思她个大比登 她没被wx急了是不是 老师没找她她吃醋了 草",
            "time": "22-2-22 08:27"
        },
        {
            "comment id": 2,
            "parent": 0,
            "children": [],
            "user id": "6693915604",
            "user name": "请叫我啵人tf",
            "content": "原来发表了评论也是可以发不出去的",
            "time": "22-2-22 00:14"
        },
        {
            "comment id": 3,
            "parent": 4,
            "children": [],
            "user id": "6308245826",
            "user name": "环形废墟V",
            "content": "回复@变身小学弟:哎 说的对",
            "time": "22-2-22 00:14"
        },
        {
            "comment id": 4,
            "parent": 0,
            "children": [
                3
            ],
            "user id": "5665341388",
            "user name": "变身小学弟",
            "content": "我们无法改变别人对人生的认知，我发这张图片想表达的是：什么人都有，没有绝对的黑白。我们能做的是，尽力而为之。为了那些有前途的少年和未来的国之栋梁。",
            "time": "22-2-22 00:12"
        },
        {
            "comment id": 5,
            "parent": 0,
            "children": [],
            "user id": "6693915604",
            "user name": "请叫我啵人tf",
            "content": "借楼。呵呵，原来这就是资本的力量。@人民日报 @人民网 @央视新闻",
            "time": "22-2-22 00:10"
        },
        {
            "comment id": 6,
            "parent": -1,
            "children": [
                7,
                8,
                9
            ],
            "user id": "6569802740",
            "user name": "孟婆来杯优乐美ya",
            "content": "愿少年战胜资本，中国少年脊梁不能被资本压弯，盛夏的骄阳不该被乌云遮蔽，新青年终将战胜资本，是新青年和资本家之间没有硝烟的战斗，新青年必将战胜资本，你本该是鲜衣白马、战斗到底的无畏少年，我们誓死要站在光明之中让资本认输！！！！",
            "time": "22-2-22 00:19"
        },
        {
            "comment id": 7,
            "parent": 6,
            "children": [],
            "user id": "2505938057",
            "user name": "绵糖不甜",
            "content": "醒醒",
            "time": "22-2-22 09:04"
        },
        {
            "comment id": 8,
            "parent": 6,
            "children": [],
            "user id": "5127175989",
            "user name": "文龙201806",
            "content": "现在被资本战胜了",
            "time": "22-2-22 01:14"
        },
        {
            "comment id": 9,
            "parent": 6,
            "children": [],
            "user id": "5665341388",
            "user name": "变身小学弟",
            "content": "希望我们的少年终将战胜资本🙏",
            "time": "22-2-22 00:21"
        },
        {
            "comment id": 10,
            "parent": -1,
            "children": [
                11
            ],
            "user id": "6693915604",
            "user name": "请叫我啵人tf",
            "content": "我不懂为什么评论了却发不出去",
            "time": "22-2-22 00:11"
        },
        {
            "comment id": 11,
            "parent": 10,
            "children": [
                12
            ],
            "user id": "5665341388",
            "user name": "变身小学弟",
            "content": "我看到了，目前也不知道，除了发这些信息，还能为这些孩子做些什么。",
            "time": "22-2-22 00:15"
        },
        {
            "comment id": 12,
            "parent": 11,
            "children": [],
            "user id": "6693915604",
            "user name": "请叫我啵人tf",
            "content": "回复@变身小学弟:别人应该是看不到的，所以资本就是强。",
            "time": "22-2-22 00:19"
        },
        {
            "comment id": 13,
            "parent": -1,
            "children": [
                14
            ],
            "user id": "6693915604",
            "user name": "请叫我啵人tf",
            "content": "国家真的应该好好调查衡水中学",
            "time": "22-2-22 00:16"
        },
        {
            "comment id": 14,
            "parent": 13,
            "children": [],
            "user id": "5665341388",
            "user name": "变身小学弟",
            "content": "现在是否因为学校把消息压下来了，并未反应到国家。",
            "time": "22-2-22 00:19"
        },
        {
            "comment id": 15,
            "parent": -1,
            "children": [
                16
            ],
            "user id": "6867300233",
            "user name": "雨天不该喝可乐",
            "content": "希望国家能重视起来，不止桃中，很多私校更离谱，但都被上级拿钱压下来了，腐败和贪污仍然存在，少年不该被黑暗遮蔽，少年应该是中国新阳光",
            "time": "22-2-22 01:22"
        },
        {
            "comment id": 16,
            "parent": 15,
            "children": [],
            "user id": "5665341388",
            "user name": "变身小学弟",
            "content": "不管怎么样，主要还是那些孩子吧。希望他们能被拯救。🙏",
            "time": "22-2-22 01:27"
        },
        {
            "comment id": 17,
            "parent": -1,
            "children": [],
            "user id": "6693915604",
            "user name": "请叫我啵人tf",
            "content": "呵呵，原来这就是资本的力量。",
            "time": "22-2-22 00:12"
        },
        {
            "comment id": 18,
            "parent": -1,
            "children": [],
            "user id": "7372434103",
            "user name": "清月小知了",
            "content": "那么多孩子抑郁症的根本原因是什么呢？这种体质的教学真的健康吗？教师与学校真的没有借用半军事化管理的幌子侵害学生的基本权利吗？学校食堂饭菜安全问题呢？学生是否有洗澡自由和热水自由呢？学校各方面收费是否合理呢？双减政策真的落实到了这些孩子身上吗？教师收礼收钱呢？请给出正面回应",
            "time": "22-2-22 08:59"
        },
        {
            "comment id": 19,
            "parent": -1,
            "children": [],
            "user id": "6668700295",
            "user name": "马上要去写作业了",
            "content": "第一个明显是蹭热度的，这都看不出来",
            "time": "22-2-22 08:49"
        },
        {
            "comment id": 20,
            "parent": -1,
            "children": [],
            "user id": "7372434103",
            "user name": "清月小知了",
            "content": "稍微注意下图二，好像也有问题",
            "time": "22-2-22 08:58"
        },
        {
            "comment id": 21,
            "parent": -1,
            "children": [],
            "user id": "7346609083",
            "user name": "朝夕沉溺",
            "content": "我真服了。真能压。还不实消息。",
            "time": "22-2-23 13:34"
        },
        {
            "comment id": 22,
            "parent": -1,
            "children": [],
            "user id": "5143738156",
            "user name": "会吃五碗饭",
            "content": "不要脸 衡水公安发公告说是造谣  真的爸爸查儿子呗？  相信政府相信党？ 现在都明着来了？ 就赌你拿他没办法呗 恶心 就衡水那些公安也配说自己是人民警察 配吗  敢不敢让外地介入啊",
            "time": "22-2-22 07:23"
        },
        {
            "comment id": 23,
            "parent": -1,
            "children": [],
            "user id": "7479732597",
            "user name": "是妗姝啊",
            "content": "图二是别人伪造的，，，现在真真假假的信息混在一起，我怀疑是故意弄出来一些假的，然后官方通报批评造谣的，把真的也扼杀在摇篮里",
            "time": "22-2-22 06:10"
        },
        {
            "comment id": 24,
            "parent": -1,
            "children": [],
            "user id": "6573336281",
            "user name": "墨蓝森屿",
            "content": "哥 看新闻了 p2都被抓起来准备判刑了 您还乱传啊...这九张图能有几张是真的啊..",
            "time": "22-2-22 01:41"
        },
        {
            "comment id": 25,
            "parent": -1,
            "children": [],
            "user id": "6146098107",
            "user name": "偶尔也会闪出星星-",
            "content": "@某高校知名迟到选手",
            "time": "22-2-22 00:11"
        },
        {
            "comment id": 26,
            "parent": -1,
            "children": [],
            "user id": "6693915604",
            "user name": "请叫我啵人tf",
            "content": "呵呵，原来这就是资本的力量。@人民网 @央视新闻 @人民日报",
            "time": "22-2-22 00:09"
        },
        {
            "comment id": 27,
            "parent": -1,
            "children": [],
            "user id": "6693915604",
            "user name": "请叫我啵人tf",
            "content": "呵呵，原来这就是资本的力量。@人民日报 @央视新闻 @人民网",
            "time": "22-2-22 00:08"
        }
    ]
}