{
    "source": {
        "content": "俄罗斯空降部队\n\n乌克兰首都基辅机场被轰炸，俄罗斯伞兵直接跳，白天鹅轰炸机，战机，运输机各种飞。\n关于到眼前的战争，校友会内讨论热烈，乌克兰华人与留学生，很多朋友都要注意安全！\n局势发展如此之快，估计是很多人，甚至大部分专家学者没有预估到的吧！\n但不好意思，我一直都坚定的认为俄罗斯会开打，之前很多微头条一直发表这个观点。\n尤其是俄罗斯撤兵那一次，我微头条告诉大家，这是回马枪，很多大将都死在此招下，不吹不黑，自己查看相关内容。\n只有开打速度，真的是太意外。\n\n#俄罗斯对外情报局##关注俄乌局势最新进展##乌克兰总统宣布与俄断交# 会火大叔的微博视频",
        "time": "22-2-24 18:49",
        "user id": "2713866045",
        "tweet id": "LgYPB9hZ9",
        "label": 1,
        "theme": null
    },
    "comment": [
        {
            "comment id": 0,
            "parent": -1,
            "children": [],
            "user id": "2713586641",
            "user name": "滿載星羅歸",
            "content": "这根本不是这一次的视频，别瞎起哄",
            "time": "22-2-24 18:50"
        },
        {
            "comment id": 1,
            "parent": -1,
            "children": [],
            "user id": "5637978904",
            "user name": "残酷小星星",
            "content": "假视频，别来蹭热点了",
            "time": "22-2-24 18:52"
        },
        {
            "comment id": 2,
            "parent": -1,
            "children": [],
            "user id": "2268809783",
            "user name": "瑟兰捷俊",
            "content": "博主250",
            "time": "22-2-25 07:06"
        },
        {
            "comment id": 3,
            "parent": -1,
            "children": [],
            "user id": "2008986745",
            "user name": "百车全说三刀",
            "content": "肯定假的，不然这么多人，怎么做核酸检测？？",
            "time": "22-2-24 20:22"
        },
        {
            "comment id": 4,
            "parent": -1,
            "children": [],
            "user id": "2731628070",
            "user name": "高天流云之云游天下",
            "content": "说明美国人的情报还是很准的，这不，真的入侵了。",
            "time": "22-2-24 19:01"
        },
        {
            "comment id": 5,
            "parent": -1,
            "children": [],
            "user id": "6499958974",
            "user name": "勒布朗是神",
            "content": "俄罗斯太狠了",
            "time": "22-2-24 21:20"
        },
        {
            "comment id": 6,
            "parent": -1,
            "children": [],
            "user id": "2100626675",
            "user name": "晕不啦叽",
            "content": "你真牛逼",
            "time": "22-2-24 22:18"
        },
        {
            "comment id": 7,
            "parent": -1,
            "children": [],
            "user id": "1766005661",
            "user name": "撸货达人丶",
            "content": "假的假的  别传谣了",
            "time": "22-2-24 19:11"
        },
        {
            "comment id": 8,
            "parent": -1,
            "children": [],
            "user id": "5128279114",
            "user name": "橘子你个小饼干",
            "content": "扯淡呢？这么大规模的伞兵空降，tm普京是要占领基辅？",
            "time": "22-2-24 18:55"
        },
        {
            "comment id": 9,
            "parent": -1,
            "children": [],
            "user id": "6615387253",
            "user name": "乌鸦与孤狼",
            "content": "这感觉像是大练兵的时候啊",
            "time": "22-2-25 13:21"
        }
    ]
}