{
    "source": {
        "content": "俄军的空降兵！\n\n衝鋒号角的微博视频 ",
        "time": "22-2-24 19:54",
        "user id": "2343014623",
        "tweet id": "LgZfXdvVy",
        "label": 1,
        "theme": null
    },
    "comment": [
        {
            "comment id": 0,
            "parent": -1,
            "children": [
                1
            ],
            "user id": "6368286819",
            "user name": "我系杰吖",
            "content": "另一个大v说这是以前演戏的视频",
            "time": "22-2-24 19:56"
        },
        {
            "comment id": 1,
            "parent": 0,
            "children": [],
            "user id": "6495692138",
            "user name": "猫史一号",
            "content": "博主只说这是俄军空降兵",
            "time": "22-2-24 21:08"
        },
        {
            "comment id": 2,
            "parent": -1,
            "children": [
                3
            ],
            "user id": "5998211482",
            "user name": "为人民服务2035",
            "content": "老铁，你这讲清楚啊，不是现在的视频",
            "time": "22-2-24 20:00"
        },
        {
            "comment id": 3,
            "parent": 2,
            "children": [],
            "user id": "6495692138",
            "user name": "猫史一号",
            "content": "就只说俄军空降兵还用说啥",
            "time": "22-2-24 21:08"
        },
        {
            "comment id": 4,
            "parent": -1,
            "children": [],
            "user id": "5597449886",
            "user name": "轻曲如烟",
            "content": "这是East2018军演的视频，里面还有我们的人呢。",
            "time": "22-2-24 19:57"
        },
        {
            "comment id": 5,
            "parent": -1,
            "children": [],
            "user id": "7160941084",
            "user name": "余非同",
            "content": "辟谣了，不是俄乌战争视频",
            "time": "22-2-24 19:56"
        },
        {
            "comment id": 6,
            "parent": -1,
            "children": [],
            "user id": "6542061383",
            "user name": "独行鹰_2020",
            "content": "完全没有必要，就是给乌克兰震撼压力而已",
            "time": "22-2-24 20:11"
        },
        {
            "comment id": 7,
            "parent": -1,
            "children": [],
            "user id": "6254871708",
            "user name": "BlackDragon2021",
            "content": "如蒲公英一样随风飘落",
            "time": "22-2-24 22:24"
        },
        {
            "comment id": 8,
            "parent": -1,
            "children": [],
            "user id": "2609830273",
            "user name": "恠氺1Fang",
            "content": "真帅",
            "time": "22-2-24 20:27"
        },
        {
            "comment id": 9,
            "parent": -1,
            "children": [],
            "user id": "6626690007",
            "user name": "人生大事大麦",
            "content": "毛毛雨",
            "time": "22-2-24 20:21"
        },
        {
            "comment id": 10,
            "parent": -1,
            "children": [],
            "user id": "6433012818",
            "user name": "然哥自强不息",
            "content": "网络战",
            "time": "22-2-24 20:14"
        },
        {
            "comment id": 11,
            "parent": -1,
            "children": [],
            "user id": "6041100365",
            "user name": "吃苦瓜吗",
            "content": "这个辟谣了是假的耶。。",
            "time": "22-2-24 20:11"
        },
        {
            "comment id": 12,
            "parent": -1,
            "children": [],
            "user id": "5861288472",
            "user name": "一生叹息_殇",
            "content": "这个是假的，已证实啦",
            "time": "22-2-26 21:00"
        },
        {
            "comment id": 13,
            "parent": -1,
            "children": [],
            "user id": "7492823096",
            "user name": "柳竹庄",
            "content": "现代战争中，空降兵起到了先行一步攻占各个重要据点作用，神兵天降，令敌方措手不及，一次空投必须要有一定数量规模，比如在一个小时内，空投五千空降兵，同时相应武器弹药后勤保障跟上以及后续坦克重武器要跟进。",
            "time": "22-2-25 10:15"
        },
        {
            "comment id": 14,
            "parent": -1,
            "children": [],
            "user id": "5697978030",
            "user name": "n守望着",
            "content": "认真点好不好",
            "time": "22-2-24 22:44"
        },
        {
            "comment id": 15,
            "parent": -1,
            "children": [],
            "user id": "5932761847",
            "user name": "XuXuRobin",
            "content": "空降了吗，完了",
            "time": "22-2-24 22:41"
        },
        {
            "comment id": 16,
            "parent": -1,
            "children": [],
            "user id": "3308877117",
            "user name": "水中有条鱼i",
            "content": "基辅天气预报：微风，气温零下九度，晴天转伞兵",
            "time": "22-2-24 21:23"
        },
        {
            "comment id": 17,
            "parent": -1,
            "children": [],
            "user id": "1900489861",
            "user name": "胡涂并快乐",
            "content": "菜菜子在颤抖！",
            "time": "22-2-24 21:17"
        },
        {
            "comment id": 18,
            "parent": -1,
            "children": [],
            "user id": "6495692138",
            "user name": "猫史一号",
            "content": "你得亏没多说",
            "time": "22-2-24 21:07"
        },
        {
            "comment id": 19,
            "parent": -1,
            "children": [],
            "user id": "2021101371",
            "user name": "吴宗强导演",
            "content": "兵贵神速，速战速决！演员小泽通知提前杀青了。",
            "time": "22-2-24 21:06"
        },
        {
            "comment id": 20,
            "parent": -1,
            "children": [],
            "user id": "7632688803",
            "user name": "击沉一切",
            "content": "乌啦乌啦乌啦",
            "time": "22-2-24 20:58"
        },
        {
            "comment id": 21,
            "parent": -1,
            "children": [],
            "user id": "7431384659",
            "user name": "团团灭吕超然新的浪全所族",
            "content": "假的，别发了，",
            "time": "22-2-24 20:46"
        },
        {
            "comment id": 22,
            "parent": -1,
            "children": [],
            "user id": "5563854098",
            "user name": "风影wsf",
            "content": "这是今天的吗",
            "time": "22-2-24 20:44"
        },
        {
            "comment id": 23,
            "parent": -1,
            "children": [],
            "user id": "3268085403",
            "user name": "HUAMEI2020",
            "content": "什么时候空降畜岛",
            "time": "22-2-24 20:19"
        },
        {
            "comment id": 24,
            "parent": -1,
            "children": [],
            "user id": "5211413736",
            "user name": "时间不在雨中",
            "content": "17年的",
            "time": "22-2-24 19:59"
        },
        {
            "comment id": 25,
            "parent": -1,
            "children": [],
            "user id": "3665485811",
            "user name": "万水千山118",
            "content": "🐂……",
            "time": "22-2-24 19:59"
        },
        {
            "comment id": 26,
            "parent": -1,
            "children": [],
            "user id": "1295545452",
            "user name": "英子言论",
            "content": "混淆视听",
            "time": "22-2-24 19:57"
        },
        {
            "comment id": 27,
            "parent": -1,
            "children": [],
            "user id": "5545880310",
            "user name": "快乐心语everyday",
            "content": "🙏",
            "time": "22-2-24 19:55"
        },
        {
            "comment id": 28,
            "parent": -1,
            "children": [],
            "user id": "5465582122",
            "user name": "银沙刂",
            "content": "讲真的，这就是拿高射炮打蚊子，太没必要了！完全碾压！",
            "time": "22-2-24 20:13"
        },
        {
            "comment id": 29,
            "parent": -1,
            "children": [],
            "user id": "3988456227",
            "user name": "云雨飘零orz",
            "content": "",
            "time": "22-2-24 22:13"
        },
        {
            "comment id": 30,
            "parent": -1,
            "children": [],
            "user id": "2502584337",
            "user name": "火柴盒丫丫",
            "content": "天女散花",
            "time": "22-2-24 21:12"
        },
        {
            "comment id": 31,
            "parent": -1,
            "children": [],
            "user id": "1265077253",
            "user name": "此彘仲青",
            "content": "乌克兰能见度较好，无风，部分地区下俄罗斯人。网友神评 ",
            "time": "22-2-24 20:01"
        },
        {
            "comment id": 32,
            "parent": -1,
            "children": [],
            "user id": "5242480503",
            "user name": "青衣妙音",
            "content": "天上下俄罗斯人了",
            "time": "22-2-24 19:56"
        }
    ]
}