{
    "source": {
        "content": "#乌总统称西方完全放弃了乌克兰#\n都放弃了乌克兰，现在乌克兰只能求俄罗斯了！ 今日聊城头条的微博视频 ",
        "time": "22-2-25 10:17",
        "user id": "1280795897",
        "tweet id": "Lh4UitAJc",
        "label": 1,
        "theme": null
    },
    "comment": [
        {
            "comment id": 0,
            "parent": -1,
            "children": [],
            "user id": "3177562143",
            "user name": "我叫付二狗",
            "content": "这是黎巴嫩之前的爆炸",
            "time": "22-2-25 10:34"
        },
        {
            "comment id": 1,
            "parent": -1,
            "children": [],
            "user id": "1443391391",
            "user name": "慢节奏的舒适",
            "content": "连这种号都在造价了。微博咋会有前途",
            "time": "22-2-25 10:29"
        },
        {
            "comment id": 2,
            "parent": -1,
            "children": [],
            "user id": "2698976521",
            "user name": "清醒de5点半",
            "content": "图文不符有意义么？",
            "time": "22-2-25 10:24"
        },
        {
            "comment id": 3,
            "parent": -1,
            "children": [],
            "user id": "2827469444",
            "user name": "国服最强剑圣",
            "content": "这种图都出来了 取关了丢人现眼的东西",
            "time": "22-2-25 11:38"
        },
        {
            "comment id": 4,
            "parent": -1,
            "children": [],
            "user id": "2023271390",
            "user name": "让卡渣飞啊飞",
            "content": "这是几年前黎巴嫩首都贝鲁特发生的仓库爆炸",
            "time": "22-2-25 10:45"
        },
        {
            "comment id": 5,
            "parent": -1,
            "children": [],
            "user id": "5566185504",
            "user name": "王老吉说你十三香",
            "content": "揍就完了",
            "time": "22-2-25 10:21"
        },
        {
            "comment id": 6,
            "parent": -1,
            "children": [],
            "user id": "7142690097",
            "user name": "猫猫的麦子地",
            "content": "这个是乌克兰还是多年前某国港口化工仓库爆炸？",
            "time": "22-2-25 10:21"
        }
    ]
}