{
    "source": {
        "content": "战争可耻！#俄军已瘫痪乌克兰军事基础设施118处# ",
        "time": "22-2-25 18:38",
        "user id": "2611415173",
        "tweet id": "Lh8biDI32",
        "label": 1,
        "theme": null
    },
    "comment": [
        {
            "comment id": 0,
            "parent": -1,
            "children": [
                2,
                3
            ],
            "user id": "5932960154",
            "user name": "mclarenv",
            "content": "乌克兰推倒卫国战争纪念碑，行纳粹礼，刨红军坟，政权耍流氓不还钱，现在还让让人民拿起武器去牺牲！！！",
            "time": "22-2-25 18:47"
        },
        {
            "comment id": 1,
            "parent": 2,
            "children": [],
            "user id": "2952478997",
            "user name": "Yin俊YJ",
            "content": "回复@野猪香水:这两天微博全是这种律师，很神奇。俄罗斯是发动战争，但幕后始作俑者美国只字不提。要谴责其实两个都不能少，不然下一个被逼到绝路反击的国家就是中国。微博真的不适合平时不看政治的年轻人看，容易被洗脑。",
            "time": "22-2-26 10:54"
        },
        {
            "comment id": 2,
            "parent": 0,
            "children": [
                1
            ],
            "user id": "6219773067",
            "user name": "野猪香水",
            "content": "突然发觉这个律师屁股是真的歪，一开始对他印象还蛮好的",
            "time": "22-2-25 19:45"
        },
        {
            "comment id": 3,
            "parent": 0,
            "children": [],
            "user id": "1798803362",
            "user name": "会跑的Su",
            "content": "还吞了我们国家在乌克兰的资产给北约献媚",
            "time": "22-2-25 18:57"
        },
        {
            "comment id": 4,
            "parent": -1,
            "children": [],
            "user id": "6780850003",
            "user name": "发对象吗",
            "content": "美国侵略别的国家时，没见你出来反战啊",
            "time": "22-2-25 18:47"
        },
        {
            "comment id": 5,
            "parent": -1,
            "children": [],
            "user id": "2714584875",
            "user name": "一叶舟渡",
            "content": "转发微博 ",
            "time": "22-2-25 18:57"
        },
        {
            "comment id": 6,
            "parent": -1,
            "children": [],
            "user id": "5670819150",
            "user name": "猫耳FM已倒闭",
            "content": "漂亮国最可耻，是它拱火搅屎的。不过话说回来，这张图片是你在前线拍的吗？",
            "time": "22-2-25 18:44"
        },
        {
            "comment id": 7,
            "parent": -1,
            "children": [],
            "user id": "5041541039",
            "user name": "指南者mx",
            "content": "为什么“乌克兰士兵”胸前是阿富汗国旗？",
            "time": "22-2-25 19:09"
        },
        {
            "comment id": 8,
            "parent": -1,
            "children": [
                10
            ],
            "user id": "6780850003",
            "user name": "发对象吗",
            "content": "果然做律师的一些人，是美狗",
            "time": "22-2-25 18:48"
        },
        {
            "comment id": 9,
            "parent": 10,
            "children": [],
            "user id": "7332144384",
            "user name": "用户正正赵",
            "content": "回复@发对象吗:微博国际版到处拱火懂得都懂",
            "time": "22-2-25 21:09"
        },
        {
            "comment id": 10,
            "parent": 8,
            "children": [
                9
            ],
            "user id": "6780850003",
            "user name": "发对象吗",
            "content": "回复@可以改ID了吗babe:你就是美狗吧，对号入座呢",
            "time": "22-2-25 19:09"
        },
        {
            "comment id": 11,
            "parent": -1,
            "children": [],
            "user id": "2392304864",
            "user name": "斐FCCA-Ireland",
            "content": "Repost",
            "time": "22-2-25 19:37"
        },
        {
            "comment id": 12,
            "parent": -1,
            "children": [
                13
            ],
            "user id": "6328640874",
            "user name": "一直哈哈哈哈哈哈哈哈吧",
            "content": "美国狗🐶",
            "time": "22-2-25 21:58"
        },
        {
            "comment id": 13,
            "parent": 12,
            "children": [],
            "user id": "3759673422",
            "user name": "只有活着才是真",
            "content": "你们的领导及有钱人的家人都送美国了，你骂它们吗",
            "time": "22-2-26 02:02"
        },
        {
            "comment id": 14,
            "parent": -1,
            "children": [],
            "user id": "2508463231",
            "user name": "顽皮的小咩",
            "content": "你忘了20多年前中国大使馆被北约国从房顶炸弹地下室的血债了吗？你不知道如果乌克兰加入北约，北约要在乌克兰建导弹系统，并且韩国也会建萨德，到时候中国只能受制于人，你还在这表达你的圣母感言！",
            "time": "22-2-25 19:02"
        },
        {
            "comment id": 15,
            "parent": -1,
            "children": [],
            "user id": "7716001130",
            "user name": "老微博号被夹总看中了",
            "content": "你这什么时候的照片，骗人呢吧",
            "time": "22-2-25 20:56"
        },
        {
            "comment id": 16,
            "parent": -1,
            "children": [],
            "user id": "2952478997",
            "user name": "Yin俊YJ",
            "content": "美国现在已经不是海湾战争那时候靠军事统治全球了，现在基本上就是舆论统治，亚洲被玩的最好的就是韩国，老美一骗一个准，只要中韩友好，韩朝和解，假消息一方，就要逼总统下台。台湾也不差，忽悠几下，年轻人议会打架。今天的乌克兰也那样，其实俄罗斯普京一下去，好多被洗的年轻人就会把俄罗斯搞乱",
            "time": "22-2-26 11:01"
        },
        {
            "comment id": 17,
            "parent": -1,
            "children": [],
            "user id": "1716010724",
            "user name": "开心---强强",
            "content": "你行你上啊 一个个把自己能耐的你去调停吧 看你有这个本事没",
            "time": "22-2-26 06:31"
        },
        {
            "comment id": 18,
            "parent": -1,
            "children": [],
            "user id": "5542893571",
            "user name": "梦烬天",
            "content": "你去看下北约国家的地图就不会这么说了，当年我们不支援朝鲜，美国的军事基地就布置在我们家门槛上了。",
            "time": "22-2-26 00:56"
        },
        {
            "comment id": 19,
            "parent": -1,
            "children": [],
            "user id": "3441484404",
            "user name": "Mimi含菲梓",
            "content": "美国侵略其他国家致百千万无辜平民包括儿童死亡时 有多少人站出来说了哪怕一句无关紧要 战争可耻的话",
            "time": "22-2-25 21:58"
        },
        {
            "comment id": 20,
            "parent": -1,
            "children": [],
            "user id": "2219394321",
            "user name": "笑语飞杨",
            "content": "侵略者没有好下场！！",
            "time": "22-3-5 12:02"
        },
        {
            "comment id": 21,
            "parent": -1,
            "children": [],
            "user id": "6533507602",
            "user name": "只是醉笑",
            "content": "看到评论区这么多人也就不说了",
            "time": "22-3-1 09:25"
        },
        {
            "comment id": 22,
            "parent": -1,
            "children": [],
            "user id": "6111456321",
            "user name": "ZQYTXZR",
            "content": "🐟有了🍋🐎却粘🍳上了，值吗",
            "time": "22-2-27 11:13"
        },
        {
            "comment id": 23,
            "parent": -1,
            "children": [],
            "user id": "5518579630",
            "user name": "谁是hani",
            "content": "政府可耻",
            "time": "22-2-26 09:11"
        },
        {
            "comment id": 24,
            "parent": -1,
            "children": [],
            "user id": "2508214042",
            "user name": "2022江湖再见",
            "content": "我愿世界和平🙏",
            "time": "22-2-26 07:52"
        },
        {
            "comment id": 25,
            "parent": -1,
            "children": [],
            "user id": "7189719917",
            "user name": "nbhzsnb",
            "content": "以强大的军事实力为支撑，以国家核心利益为尺度，以绝对安全为目标，采取一种超前性和进攻性的战略态势，在恐怖主义势力和“敌对国家”对美国产生实质性威胁前将之摧毁。",
            "time": "22-2-25 22:21"
        },
        {
            "comment id": 26,
            "parent": -1,
            "children": [],
            "user id": "3723175825",
            "user name": "路灯可以挂什么",
            "content": "说得对，美国为啥入侵阿富，美国人就是战争贩子。",
            "time": "22-2-26 11:05"
        },
        {
            "comment id": 27,
            "parent": -1,
            "children": [],
            "user id": "5351039594",
            "user name": "Moonlight0837",
            "content": "打嘴巴子也叫战争？挑事儿就别怕把老实人惹毛了",
            "time": "22-2-26 02:35"
        },
        {
            "comment id": 28,
            "parent": -1,
            "children": [],
            "user id": "7021065138",
            "user name": "4AM队战",
            "content": "这胸口踏马是阿富汗国旗",
            "time": "22-2-25 23:09"
        }
    ]
}