{
    "source": {
        "content": "乌克兰，是全世界唯一享受中国核保护的国家。1994年中国政府曾向乌克兰政府声明，在乌克兰遭受核武器威胁或者是遭受核武器侵略的时候，向其提供相应安全保障。2013年的时候中国与乌克兰签署了相关协议。\n\n假如乌克兰倒向了北约，必将会对我国军事领域造成不利影响，也会对我国与俄罗斯造成威胁。这也给我国提了一个醒，在任何领域都要依靠自己，自己强大才不会被迫受到威胁。",
        "time": "22-2-25 19:11",
        "user id": "2488623404",
        "tweet id": "Lh8oMl95F",
        "label": 1,
        "theme": null
    },
    "comment": [
        {
            "comment id": 0,
            "parent": -1,
            "children": [
                7,
                9,
                10
            ],
            "user id": "2523595384",
            "user name": "Jason_JFL",
            "content": "谣言！自己动手搜搜国家的核军控政策再发声，“中国不参加任何形式核军备竞赛，不为别国提供核保护伞，不在别国部署核武器”",
            "time": "22-2-26 15:27"
        },
        {
            "comment id": 1,
            "parent": 2,
            "children": [],
            "user id": "2523595384",
            "user name": "Jason_JFL",
            "content": "回复@赵幼悟:图片评论 查看图片",
            "time": "22-2-28 11:10"
        },
        {
            "comment id": 2,
            "parent": 7,
            "children": [
                1
            ],
            "user id": "3849465990",
            "user name": "赵幼悟",
            "content": "回复@我的胡子是棕色滴:总之，纸质文件永远不如实力。何况这是中乌友好时期签的，14年以后乌克兰对中国态度转变",
            "time": "22-2-28 10:16"
        },
        {
            "comment id": 3,
            "parent": 6,
            "children": [],
            "user id": "3849465990",
            "user name": "赵幼悟",
            "content": "回复@Jason_JFL:这种“核安全保证”实质就是两条：（1）我不会对你使用核武器（2）你要是被别人用核武器打了，我帮助你获得保护你的国际安排。这个国际安排，最高层次就是安理会决议",
            "time": "22-2-28 10:15"
        },
        {
            "comment id": 4,
            "parent": 5,
            "children": [],
            "user id": "3849465990",
            "user name": "赵幼悟",
            "content": "回复@宁可任性:这种“核安全保证”实质就是两条：（1）我不会对你使用核武器（2）你要是被别人用核武器打了，我帮助你获得保护你的国际安排。这个国际安排，最高层次就是安理会决议。安理会大毛一票否决，没用。中国怎么可能向其他国家提供核保护，还是一个不相干的国家。",
            "time": "22-2-28 10:14"
        },
        {
            "comment id": 5,
            "parent": 7,
            "children": [
                4
            ],
            "user id": "1251125795",
            "user name": "宁可任性",
            "content": "回复@我的胡子是棕色滴:我看到原文写的是“安全保证”，不是核保护，不过还没查到这俩词的区别。",
            "time": "22-2-28 08:41"
        },
        {
            "comment id": 6,
            "parent": 7,
            "children": [
                3
            ],
            "user id": "2523595384",
            "user name": "Jason_JFL",
            "content": "回复@我的胡子是棕色滴:对啊，你去看啊，我的评论就是检索结果",
            "time": "22-2-28 08:15"
        },
        {
            "comment id": 7,
            "parent": 0,
            "children": [
                2,
                5,
                6
            ],
            "user id": "6854419843",
            "user name": "我的胡子是棕色滴",
            "content": "是不是谣言自己不回去外交部官网看吗",
            "time": "22-2-28 08:05"
        },
        {
            "comment id": 8,
            "parent": 9,
            "children": [],
            "user id": "2523595384",
            "user name": "Jason_JFL",
            "content": "回复@蓝岛studio:呵呵呵，官方表态都附上了，相信自己愿意相信的，随便，愚不可昧",
            "time": "22-2-28 07:11"
        },
        {
            "comment id": 9,
            "parent": 0,
            "children": [
                8
            ],
            "user id": "6470571316",
            "user name": "蓝岛studio",
            "content": "呵呵",
            "time": "22-2-28 07:07"
        },
        {
            "comment id": 10,
            "parent": 0,
            "children": [],
            "user id": "5640269103",
            "user name": "陌路相逢37499",
            "content": "不是谣言",
            "time": "22-2-27 06:26"
        },
        {
            "comment id": 11,
            "parent": -1,
            "children": [
                12,
                15
            ],
            "user id": "2675824931",
            "user name": "眼镜张19850409",
            "content": "这个表述不够全面，严格的表述应该是当年乌克兰从苏联独立后，联合国五大常任理事国以同时提供核保护的条件，换取乌克兰拆除苏联遗留在乌克兰境内的核武器。所以并不是只有中国一家提供了核保护承诺",
            "time": "22-2-25 22:22"
        },
        {
            "comment id": 12,
            "parent": 11,
            "children": [],
            "user id": "7189443815",
            "user name": "蘭博92776",
            "content": "人家意思是中国唯一一家，不是只有中国一家。阅读理解不及格！",
            "time": "22-2-28 10:38"
        },
        {
            "comment id": 13,
            "parent": 14,
            "children": [],
            "user id": "1408357337",
            "user name": "缘起-观沧海明月",
            "content": "回复@勇敢小菜瓜:当时没得选，不管怎么，核武必须销毁，无论是谈判还是被外科手术摘除，你们想多了",
            "time": "22-2-26 08:07"
        },
        {
            "comment id": 14,
            "parent": 15,
            "children": [
                13
            ],
            "user id": "7188275166",
            "user name": "勇敢小菜瓜",
            "content": "回复@火旺通天:他该后悔的是向北约倒戈他这种思想觉悟不拆核武器也很危险，好好的保持中立才能保平安",
            "time": "22-2-26 02:29"
        },
        {
            "comment id": 15,
            "parent": 11,
            "children": [
                14
            ],
            "user id": "7331791871",
            "user name": "火旺通天",
            "content": "那现在后悔吗？",
            "time": "22-2-26 01:43"
        },
        {
            "comment id": 16,
            "parent": -1,
            "children": [],
            "user id": "7582054981",
            "user name": "RoyalHunt",
            "content": "吓死我了 ",
            "time": "22-2-28 09:56"
        },
        {
            "comment id": 17,
            "parent": -1,
            "children": [],
            "user id": "5360602129",
            "user name": "正名空间47303",
            "content": "站了立场，就不顾逻辑了，或许根本不懂逻辑。",
            "time": "22-2-27 09:52"
        },
        {
            "comment id": 18,
            "parent": -1,
            "children": [],
            "user id": "5944463750",
            "user name": "含之语",
            "content": "懂不懂啥叫大前提，前提是乌方尊重一个中国，前几年闹港独的时候乌克兰亚速营在香港组织港独，还想我们遵守他自己撕毁的条约？",
            "time": "22-2-28 00:33"
        },
        {
            "comment id": 19,
            "parent": -1,
            "children": [],
            "user id": "6498552308",
            "user name": "朱子嵩3266",
            "content": "听君一席话，胜是一句话",
            "time": "22-2-25 20:13"
        },
        {
            "comment id": 20,
            "parent": -1,
            "children": [],
            "user id": "2960265215",
            "user name": "我是我的不靠谱先生",
            "content": "听君一席话，如听废话",
            "time": "22-2-25 22:24"
        },
        {
            "comment id": 21,
            "parent": -1,
            "children": [],
            "user id": "7379343582",
            "user name": "今天要加油哒",
            "content": "乌克兰核保护的问题更是无从谈起。。。五常承诺乌克兰弃核均对其进行安全保护，而根本不是什么乌克兰是中国唯一一个提供核保护的国家，完全曲解。。。",
            "time": "22-2-28 10:52"
        },
        {
            "comment id": 22,
            "parent": -1,
            "children": [],
            "user id": "1863166615",
            "user name": "Markskool",
            "content": "图片评论 ",
            "time": "22-2-28 09:05"
        },
        {
            "comment id": 23,
            "parent": -1,
            "children": [],
            "user id": "2189818702",
            "user name": "tsukinohikari",
            "content": "现在乌克兰没遭受核武器威胁呀，现在是遭受战争，俄罗斯也没说用核武器",
            "time": "22-2-27 08:10"
        }
    ]
}