{
    "source": {
        "content": "美国出兵乌克兰了！就在二月三十一号！！！坚持住，援军马上就到~#海阔试车超话# ",
        "time": "22-2-25 22:47",
        "user id": "1904707825",
        "tweet id": "Lh9OuAhwQ",
        "label": 1,
        "theme": null
    },
    "comment": [
        {
            "comment id": 0,
            "parent": -1,
            "children": [
                1,
                2
            ],
            "user id": "1246061435",
            "user name": "二萌er的老公",
            "content": "2月29日至31日，乌克兰将集结全部主力部队，对俄侵略军实施全面反击，力争一路打到莫斯科",
            "time": "22-2-25 22:51"
        },
        {
            "comment id": 1,
            "parent": 0,
            "children": [],
            "user id": "1904707825",
            "user name": "海阔试车手",
            "content": "别外传，这个乌克兰进攻莫斯科的军事机密不能泄露！！！",
            "time": "22-2-25 23:12"
        },
        {
            "comment id": 2,
            "parent": 0,
            "children": [],
            "user id": "6512398698",
            "user name": "河北彩花河南实里",
            "content": "可不可能嘛 上一次这样想的人叫希特勒 上上次这样想的人叫拿破仑",
            "time": "22-2-25 23:10"
        },
        {
            "comment id": 3,
            "parent": -1,
            "children": [
                4
            ],
            "user id": "1941221650",
            "user name": "天津合金工具",
            "content": "应该在2月32号",
            "time": "22-2-25 23:00"
        },
        {
            "comment id": 4,
            "parent": 3,
            "children": [],
            "user id": "1904707825",
            "user name": "海阔试车手",
            "content": "也中，那就再多坚持一天吧！",
            "time": "22-2-25 23:02"
        },
        {
            "comment id": 5,
            "parent": -1,
            "children": [
                6
            ],
            "user id": "5694787746",
            "user name": "小馄饨回忆录",
            "content": "假的，我问了，人准备从北极往南进攻，让俄军陷入两面包加芝士。",
            "time": "22-2-25 23:26"
        },
        {
            "comment id": 6,
            "parent": 5,
            "children": [],
            "user id": "1904707825",
            "user name": "海阔试车手",
            "content": "别外传，这样毛子会提前去南北极部署坦克的~",
            "time": "22-2-25 23:31"
        },
        {
            "comment id": 7,
            "parent": -1,
            "children": [
                8
            ],
            "user id": "6512398698",
            "user name": "河北彩花河南实里",
            "content": "美俄正面对决 上次应该还是在朝鲜战场上吧",
            "time": "22-2-25 22:49"
        },
        {
            "comment id": 8,
            "parent": 7,
            "children": [],
            "user id": "5571789569",
            "user name": "salm地盘",
            "content": "朝鲜战场 也是中美直接对决",
            "time": "22-2-25 22:51"
        },
        {
            "comment id": 9,
            "parent": -1,
            "children": [],
            "user id": "3970744635",
            "user name": "阿里霸爸",
            "content": "应该很快就到了，挺住",
            "time": "22-2-25 23:43"
        },
        {
            "comment id": 10,
            "parent": -1,
            "children": [],
            "user id": "2307603041",
            "user name": "meng_xx",
            "content": "不排除提前一天，2月30号",
            "time": "22-2-26 10:32"
        },
        {
            "comment id": 11,
            "parent": -1,
            "children": [],
            "user id": "3603168123",
            "user name": "达纳玛萨比",
            "content": "有两波 第二波在4月31号",
            "time": "22-2-25 23:11"
        },
        {
            "comment id": 12,
            "parent": -1,
            "children": [],
            "user id": "1108177731",
            "user name": "安布雷拉公司雇佣兵BH1EZP",
            "content": "他们不能正面对决。",
            "time": "22-2-25 22:51"
        },
        {
            "comment id": 13,
            "parent": -1,
            "children": [],
            "user id": "2526788705",
            "user name": "枫春秋叶",
            "content": "老毛子都准备回家了",
            "time": "22-2-26 12:21"
        },
        {
            "comment id": 14,
            "parent": -1,
            "children": [],
            "user id": "3214526771",
            "user name": "连山森林",
            "content": "29、30号这两天还放假吧",
            "time": "22-2-26 08:27"
        },
        {
            "comment id": 15,
            "parent": -1,
            "children": [],
            "user id": "1568064312",
            "user name": "搬砖·蔡",
            "content": "牛逼",
            "time": "22-2-26 07:43"
        },
        {
            "comment id": 16,
            "parent": -1,
            "children": [],
            "user id": "6402612683",
            "user name": "青铜神斗士",
            "content": "骗子都是骗子考虑过“司机”的感受吗？",
            "time": "22-2-26 00:14"
        },
        {
            "comment id": 17,
            "parent": -1,
            "children": [],
            "user id": "6090970409",
            "user name": "晓晓舒屋",
            "content": "做个核酸庆祝一下吧",
            "time": "22-2-26 00:09"
        },
        {
            "comment id": 18,
            "parent": -1,
            "children": [],
            "user id": "2170215574",
            "user name": "陕北的羊",
            "content": "台湾",
            "time": "22-2-25 23:12"
        },
        {
            "comment id": 19,
            "parent": -1,
            "children": [],
            "user id": "3033945775",
            "user name": "政府发炎",
            "content": "老宋啊！等5000年改日历后吧",
            "time": "22-2-25 23:10"
        },
        {
            "comment id": 20,
            "parent": -1,
            "children": [],
            "user id": "5311168469",
            "user name": "Liu森的围脖",
            "content": "去收尸还是舔包？",
            "time": "22-2-25 22:58"
        },
        {
            "comment id": 21,
            "parent": -1,
            "children": [],
            "user id": "6461299517",
            "user name": "为点赞起个名",
            "content": "美军要是进入乌的话！事态更完了！乌克兰会更倒霉",
            "time": "22-2-25 22:53"
        },
        {
            "comment id": 22,
            "parent": -1,
            "children": [],
            "user id": "7519711207",
            "user name": "歸朴0279",
            "content": "有2月31号的话那就再派上十万天兵。",
            "time": "22-2-26 08:17"
        },
        {
            "comment id": 23,
            "parent": -1,
            "children": [],
            "user id": "6833508055",
            "user name": "游辉礼",
            "content": "这个月只有28号",
            "time": "22-2-27 03:14"
        },
        {
            "comment id": 24,
            "parent": -1,
            "children": [],
            "user id": "6138292824",
            "user name": "小鲨鱼妈妈N",
            "content": "乌克兰彻底沦为战场🙏🙏🙏",
            "time": "22-2-26 14:40"
        },
        {
            "comment id": 25,
            "parent": -1,
            "children": [],
            "user id": "3846909144",
            "user name": "喝烈酒看人生",
            "content": "哈哈哈哈哈",
            "time": "22-2-26 11:29"
        },
        {
            "comment id": 26,
            "parent": -1,
            "children": [],
            "user id": "1942246487",
            "user name": "一米影像志",
            "content": "2月32日呢？",
            "time": "22-2-26 10:11"
        },
        {
            "comment id": 27,
            "parent": -1,
            "children": [],
            "user id": "1772455563",
            "user name": "偶然V博",
            "content": "",
            "time": "22-2-26 08:14"
        },
        {
            "comment id": 28,
            "parent": -1,
            "children": [],
            "user id": "6325185462",
            "user name": "dy17877",
            "content": "应该是32号",
            "time": "22-2-25 22:53"
        },
        {
            "comment id": 29,
            "parent": -1,
            "children": [],
            "user id": "1765646380",
            "user name": "胖胖大树熊",
            "content": "",
            "time": "22-2-25 22:51"
        },
        {
            "comment id": 30,
            "parent": -1,
            "children": [],
            "user id": "3210166971",
            "user name": "隔便看看",
            "content": "我期盼二十九号到来",
            "time": "22-2-25 22:51"
        },
        {
            "comment id": 31,
            "parent": -1,
            "children": [],
            "user id": "1834387403",
            "user name": "老花眼和小老花眼",
            "content": "友军，厚葬了",
            "time": "22-2-27 03:13"
        },
        {
            "comment id": 32,
            "parent": -1,
            "children": [],
            "user id": "5658789259",
            "user name": "Y晨钟暮鼓Y",
            "content": "假的，别被忽悠了，兵不厌诈，美国肯定会提前2天出兵的",
            "time": "22-2-26 13:20"
        },
        {
            "comment id": 33,
            "parent": -1,
            "children": [],
            "user id": "6530744249",
            "user name": "佳哥5210cwj",
            "content": "美国挂历高级",
            "time": "22-2-25 22:56"
        }
    ]
}