{
    "source": {
        "content": "某军的抚恤金是11000卢布，昨天卢布兑美元100比1。也就是抚恤金相当于104美元，700块人民币。\n\n也就是说辛苦养大一个儿子，抚恤金才给700块钱。\n\n这已经没必要继续下去了。 ",
        "time": "22-3-1 13:23",
        "user id": "3876806544",
        "tweet id": "LhHPHw9n7",
        "label": 1,
        "theme": null
    },
    "comment": [
        {
            "comment id": 0,
            "parent": -1,
            "children": [
                7,
                9,
                10
            ],
            "user id": "5854388451",
            "user name": "巴伦支海三色旗",
            "content": "乌克兰人发的你信吗或者我换个说法，你是只信乌克兰方的消息源吗",
            "time": "22-3-1 13:49"
        },
        {
            "comment id": 1,
            "parent": 2,
            "children": [],
            "user id": "2757857483",
            "user name": "Chiphell-HybooM",
            "content": "回复@巴伦支海三色旗:现在反而乌克兰人很安静人家想活着要结果，这帮逼却想挑事儿让人死。",
            "time": "22-3-1 20:14"
        },
        {
            "comment id": 2,
            "parent": 3,
            "children": [
                1
            ],
            "user id": "5854388451",
            "user name": "巴伦支海三色旗",
            "content": "回复@Chiphell-HybooM:不敢不敢，只是想看狗叫得有多狠，那还是算了真的，就这些个蛆，叫这么大声，不知道的还以为他是乌克兰人，太懂了",
            "time": "22-3-1 20:02"
        },
        {
            "comment id": 3,
            "parent": 4,
            "children": [
                2
            ],
            "user id": "2757857483",
            "user name": "Chiphell-HybooM",
            "content": "回复@巴伦支海三色旗:我怀疑你在怂恿我降智其实无论立场，只要是明白人，说话就容易，但跟这些一瓶不满半瓶咣当的人说话太累了。昨儿夜里跟一看球认识的乌克兰本地的朋友探讨这事儿，都没跟这帮人解释费劲。他说其实最近对于民众的这些事儿和政策闹的，已经看的挺明白了，无论谁执政，只希望乌国经济能好点",
            "time": "22-3-1 20:01"
        },
        {
            "comment id": 4,
            "parent": 5,
            "children": [
                3
            ],
            "user id": "5854388451",
            "user name": "巴伦支海三色旗",
            "content": "回复@Chiphell-HybooM:你可以给我楼里这两位再回复一下，我尤其比较想看这个喊着“乌克兰不信”的人有什么反应",
            "time": "22-3-1 19:49"
        },
        {
            "comment id": 5,
            "parent": 6,
            "children": [
                4
            ],
            "user id": "2757857483",
            "user name": "Chiphell-HybooM",
            "content": "回复@巴伦支海三色旗:现在这个舆论太杂了这不是搞毛子的舆情，明显搞我国舆情呢",
            "time": "22-3-1 19:48"
        },
        {
            "comment id": 6,
            "parent": 7,
            "children": [
                5
            ],
            "user id": "5854388451",
            "user name": "巴伦支海三色旗",
            "content": "回复@Chiphell-HybooM:辟谣没用的，你看这些人都在狂欢",
            "time": "22-3-1 19:46"
        },
        {
            "comment id": 7,
            "parent": 0,
            "children": [
                6
            ],
            "user id": "2757857483",
            "user name": "Chiphell-HybooM",
            "content": "有关11000卢布抚恤金的假新闻已辟谣。 谣言出处来源某约成员国用户注册的名为stabilnosti的“匿名讽刺”账号。 图片实际来源为2018年俄的一次扩大会议，识图可见来源。",
            "time": "22-3-1 19:44"
        },
        {
            "comment id": 8,
            "parent": 9,
            "children": [],
            "user id": "5854388451",
            "user name": "巴伦支海三色旗",
            "content": "回复@鄢逸伦:脑瘫博主，是不是下一步该信乌军歼敌三万四了两个抱团取暖偏听偏信的纳粹和北约走狗",
            "time": "22-3-1 16:26"
        },
        {
            "comment id": 9,
            "parent": 0,
            "children": [
                8
            ],
            "user id": "3876806544",
            "user name": "鄢逸伦",
            "content": "回复@Cynthia_l7:",
            "time": "22-3-1 15:39"
        },
        {
            "comment id": 10,
            "parent": 0,
            "children": [],
            "user id": "6101728533",
            "user name": "CynthiaY茜茜",
            "content": "乌克兰的不信，假消息漫天的俄媒你信？这么孝，替鹅出征啊！",
            "time": "22-3-1 14:11"
        },
        {
            "comment id": 11,
            "parent": -1,
            "children": [],
            "user id": "2757857483",
            "user name": "Chiphell-HybooM",
            "content": "首先post一下这张照片的出处 ",
            "time": "22-3-1 20:39"
        }
    ]
}