{
    "source": {
        "content": "转\n英国新闻刚报道，英昨天提供给乌空军的自动打飞机的系统今晚被乌克兰军队用上了，今晚立竿见影，打下了数架鹅先进的战机。（转） 陶绍明的微博视频 ",
        "time": "22-2-27 10:54",
        "user id": "1031316851",
        "tweet id": "Lho0ft0GW",
        "label": 1,
        "theme": null
    },
    "comment": [
        {
            "comment id": 0,
            "parent": -1,
            "children": [],
            "user id": "1864856880",
            "user name": "胡扯鸡蛋",
            "content": "俄军应该定点清除演员泽连斯基了",
            "time": "22-2-27 10:58"
        },
        {
            "comment id": 1,
            "parent": -1,
            "children": [],
            "user id": "1420814385",
            "user name": "咋才来呢",
            "content": "你这不是被网球打脑袋上了，就是跑步跑傻了，游戏画面在你这成真事了",
            "time": "22-2-27 10:58"
        },
        {
            "comment id": 2,
            "parent": -1,
            "children": [],
            "user id": "5851203920",
            "user name": "做事要稳重537",
            "content": "游戏画面",
            "time": "22-2-27 21:09"
        },
        {
            "comment id": 3,
            "parent": -1,
            "children": [
                4
            ],
            "user id": "2433212311",
            "user name": "moyabox",
            "content": "游戏画面，博主可以删除了",
            "time": "22-2-28 17:49"
        },
        {
            "comment id": 4,
            "parent": 3,
            "children": [],
            "user id": "7393453789",
            "user name": "自律真的自由吗",
            "content": "这博主脑子不太正常   别跟他较真",
            "time": "22-3-2 14:44"
        },
        {
            "comment id": 5,
            "parent": -1,
            "children": [
                6
            ],
            "user id": "3204500163",
            "user name": "文革蔓延",
            "content": "好！！！！！大快人心",
            "time": "22-2-27 12:33"
        },
        {
            "comment id": 6,
            "parent": 5,
            "children": [],
            "user id": "7393453789",
            "user name": "自律真的自由吗",
            "content": "哈哈哈傻儿",
            "time": "22-3-2 14:44"
        },
        {
            "comment id": 7,
            "parent": -1,
            "children": [],
            "user id": "3186229220",
            "user name": "120分钟先生",
            "content": "哈哈哈",
            "time": "22-2-27 14:22"
        },
        {
            "comment id": 8,
            "parent": -1,
            "children": [],
            "user id": "2793781197",
            "user name": "大道至简wws",
            "content": "反击得好",
            "time": "22-2-27 13:27"
        },
        {
            "comment id": 9,
            "parent": -1,
            "children": [],
            "user id": "1609227703",
            "user name": "山东好人刘作起",
            "content": "纯转",
            "time": "22-2-27 11:07"
        }
    ]
}