{
    "source": {
        "content": "#陕西针对铁笼女事件成立调查组#  \n这是2022年吗？这是人间吗？ ",
        "time": "22-3-2 11:30",
        "user id": "2852851941",
        "tweet id": "LhQw84emi",
        "label": 1,
        "theme": null
    },
    "comment": [
        {
            "comment id": 0,
            "parent": -1,
            "children": [
                1,
                2,
                3,
                4
            ],
            "user id": "5885341785",
            "user name": "仲水1999",
            "content": "图里这个女人是2016年的，不是这次事件的",
            "time": "22-3-2 16:23"
        },
        {
            "comment id": 1,
            "parent": 0,
            "children": [],
            "user id": "2852851941",
            "user name": "-Winko-",
            "content": "回复 @仲水1999:OK，收到",
            "time": "22-3-2 16:40"
        },
        {
            "comment id": 2,
            "parent": 0,
            "children": [],
            "user id": "5885341785",
            "user name": "仲水1999",
            "content": "再放一个官号的通报网页链接",
            "time": "22-3-2 16:36"
        },
        {
            "comment id": 3,
            "parent": 0,
            "children": [],
            "user id": "5885341785",
            "user name": "仲水1999",
            "content": "回复 @-Winko-:我艾特你一下",
            "time": "22-3-2 16:34"
        },
        {
            "comment id": 4,
            "parent": 0,
            "children": [],
            "user id": "2852851941",
            "user name": "-Winko-",
            "content": "好的，请问相关新闻的网址能发我一下吗？",
            "time": "22-3-2 16:29"
        },
        {
            "comment id": 5,
            "parent": -1,
            "children": [],
            "user id": "5562547095",
            "user name": "一二三四三二一_",
            "content": "请关注！@光明日报 @凤凰网  @中国警察网 @人民公安报 @公安部刑侦局 @中国警方在线 @央视社会与法 @央视新闻 @央视网 @公安部儿童失踪信息紧急发布平台 @新浪新闻 @头条新闻 @澎湃新闻 @中国新闻网 @中国新闻周刊 @封面新闻 @看看新闻KNEWS @红星新闻 @极目新闻 @荔枝新闻 @紫光阁 @共青团中央",
            "time": "22-3-2 11:57"
        }
    ]
}