{
    "source": {
        "content": "哈哈哈哈哈哈，乌克兰是唯一受中国核保护的国家，原来我才是那个真正懂中国的人 ",
        "time": "22-2-28 14:09",
        "user id": "7584462719",
        "tweet id": "LhyHU8G7X",
        "label": 1,
        "theme": null
    },
    "comment": [
        {
            "comment id": 0,
            "parent": -1,
            "children": [
                1,
                4,
                5,
                6,
                7,
                8
            ],
            "user id": "6220380171",
            "user name": "星空传说9527",
            "content": "韩国还想保护呢，有那本事吗？哈哈哈，被揍的人天天意淫我们揍人的人这是不是就是传说的羡慕嫉妒恨，诶呀呀，韩国人给我恶心吐了，为啥跟这么恶心的家伙做邻居。",
            "time": "22-2-28 14:31"
        },
        {
            "comment id": 1,
            "parent": 0,
            "children": [],
            "user id": "6563125404",
            "user name": "大唐王忠嗣",
            "content": "回复@请丑男远离偶像剧:卧槽，我要关注你",
            "time": "22-3-1 08:22"
        },
        {
            "comment id": 2,
            "parent": 4,
            "children": [],
            "user id": "6571533838",
            "user name": "拒绝LunarYear",
            "content": "回复@韩生英彦:日本和韩国是兄弟之国，所以韩国也是法西斯国家的一员，韩国的二战罪行并没有被清算。",
            "time": "22-2-28 18:43"
        },
        {
            "comment id": 3,
            "parent": 4,
            "children": [],
            "user id": "7528983968",
            "user name": "蚩梦iiiiiiii",
            "content": "回复@韩生英彦:别自卑事实就是事实，韩国就是受中国古代深刻影响的国家，你咋怎么扭曲事实也改变不了，赶紧滚吧 怎么历史都摆在那了你还不承认 看你发的微博，果然那，歪曲事实还是南抄县在行",
            "time": "22-2-28 17:18"
        },
        {
            "comment id": 4,
            "parent": 0,
            "children": [
                2,
                3
            ],
            "user id": "7584462719",
            "user name": "韩生英彦",
            "content": "回复 @请丑男远离偶像剧:哦，那美国教材有没有告诉你被统治的地区四等公民是过什么样的日子？ ",
            "time": "22-2-28 15:16"
        },
        {
            "comment id": 5,
            "parent": 0,
            "children": [],
            "user id": "2285642824",
            "user name": "点球从不打飞",
            "content": "回复@韩生英彦:佛系点安心当好看门狗就行，你美爹都没上桌的事轮得到你这条韩狗逼逼么",
            "time": "22-2-28 14:57"
        },
        {
            "comment id": 6,
            "parent": 0,
            "children": [],
            "user id": "6373244713",
            "user name": "千秋社二号",
            "content": "回复@韩生英彦:弔半岛也就刚好在中俄美日之间做🐩生存嗷，要是中东早就没了啊哈哈哈哈",
            "time": "22-2-28 14:51"
        },
        {
            "comment id": 7,
            "parent": 0,
            "children": [],
            "user id": "6220380171",
            "user name": "星空传说9527",
            "content": "回复@韩生英彦:蟑螂，别回我，你太肮脏太恶心，纯粹冲着韩国蟑螂吐口痰，骂几句",
            "time": "22-2-28 14:46"
        },
        {
            "comment id": 8,
            "parent": 0,
            "children": [],
            "user id": "6220380171",
            "user name": "星空传说9527",
            "content": "韩国人是蟑螂吗？为啥这么恶心",
            "time": "22-2-28 14:35"
        },
        {
            "comment id": 9,
            "parent": -1,
            "children": [
                11,
                12
            ],
            "user id": "7232038488",
            "user name": "马里奥少年6",
            "content": "“核保护协议”是在2013年和当时乌克兰总统亚努科维奇签署的。如今事过境迁，协议还在。乌克兰和俄罗斯都是中国友好国家，乌克兰人民和俄罗斯人民都是中国人的好朋友，只是乌克兰政府放弃遵守不加入北约承诺。联合西方国家造谣抹黑俄罗斯实在太不讲道理。俄罗斯虽说是大国但是大国也有立场，愿世界和平",
            "time": "22-2-28 17:25"
        },
        {
            "comment id": 10,
            "parent": 11,
            "children": [],
            "user id": "7232038488",
            "user name": "马里奥少年6",
            "content": "回复@韩生英彦:乌克兰的主权独立是建立在当时独立时，其所承诺的不加入北约承诺。如果当初乌克兰独立时，就一直挑衅俄罗斯，我想乌克兰不会有今天的主权独立存在。并且以美国为首的北约成员国，在乌克兰和俄罗斯之间不断挑起冲突导火索，地缘冲突所带来的问题不是由美国单方面说俄罗斯是侵略就是侵略的。",
            "time": "22-2-28 18:12"
        },
        {
            "comment id": 11,
            "parent": 9,
            "children": [
                10
            ],
            "user id": "7584462719",
            "user name": "韩生英彦",
            "content": "回复 @马里奥少年6:问题是五常之一的在打保护的的对象对不对？ 说中国是因为很多网友对俄入侵叫好对不对？ 中国说不干涉任何主权国家对不对？ 所以乌克兰跟谁好，加入哪个组织是不是他的权利和自由？ 因此入侵对方你觉得对不对？",
            "time": "22-2-28 17:40"
        },
        {
            "comment id": 12,
            "parent": 9,
            "children": [],
            "user id": "7232038488",
            "user name": "马里奥少年6",
            "content": "而且乌克兰是放弃核武，换取五大常任理事国对其保护，单独提到中国有点咬文嚼字了。无论如何，希望俄乌之间的冲突尽快解决。",
            "time": "22-2-28 17:30"
        },
        {
            "comment id": 13,
            "parent": -1,
            "children": [
                14,
                15
            ],
            "user id": "5402613195",
            "user name": "今天吃了吗j",
            "content": "众多周知寒国才是超级大国他们有防弹少年团",
            "time": "22-2-28 15:57"
        },
        {
            "comment id": 14,
            "parent": 13,
            "children": [],
            "user id": "6419426112",
            "user name": "camellia0212",
            "content": "哈哈哈哈哈哈笑死了",
            "time": "22-2-28 22:24"
        },
        {
            "comment id": 15,
            "parent": 13,
            "children": [],
            "user id": "6383235163",
            "user name": "勇敢的乌克兰人民万岁",
            "content": "卧槽。厉害了我的国",
            "time": "22-2-28 20:17"
        },
        {
            "comment id": 16,
            "parent": -1,
            "children": [],
            "user id": "7699254369",
            "user name": "阿兰德沃克",
            "content": "此为谣言。同时注意中国外交部2021年12月28日发布的《关于核裁军问题中国代表团提交的工作文件》中称： 中国从不参加任何形式的军备竞赛，不为别国提供核保护伞，不在别国部署核武器。",
            "time": "22-2-28 15:27"
        },
        {
            "comment id": 17,
            "parent": -1,
            "children": [],
            "user id": "3013603057",
            "user name": "小墨鱼右",
            "content": "今天这是冲业绩吗？最近风评不好你上面给你们扣钱了？建议你读懂文件原文再来秀智商，阅读理解能力不合格哦“承诺无条件  不对 作为无核武器国家的xxx  使用或威胁使用 核武器……………”逐字逐句去好好学，并不是小丑们理解的那样，难怪现在的50w一眼就能识破。",
            "time": "22-2-28 16:49"
        },
        {
            "comment id": 18,
            "parent": -1,
            "children": [],
            "user id": "3158479517",
            "user name": "煮不熟的飞不掉的鸭子",
            "content": "老六:队长，那您不也是中国人嘛？ 贾贵:老子为皇军效力，能是中国人嘛？ 老六:那您是日本人？ 贾贵:废话，皇军才是日本人呢... 老六:那您不是中国人也不是日本人，那您你是什么人呢？ 贾贵：我什么人也不是！ 老六：那你不是人啊！ 出自电视剧地下交通站 大家说是不是这个味道",
            "time": "22-2-28 15:27"
        },
        {
            "comment id": 19,
            "parent": -1,
            "children": [],
            "user id": "1666602560",
            "user name": "ALEX的自言自语",
            "content": "韩国—被美驻军的无脊椎国家。",
            "time": "22-3-4 02:58"
        },
        {
            "comment id": 20,
            "parent": -1,
            "children": [],
            "user id": "7723620948",
            "user name": "chelsea盐栗",
            "content": "处理你了💩",
            "time": "22-3-3 17:13"
        },
        {
            "comment id": 21,
            "parent": -1,
            "children": [],
            "user id": "3047068191",
            "user name": "王可爱925",
            "content": "建议你去看看当年的情况，2013年的时候，乌克兰是亲俄的，乌克兰的总统亚努科维奇是亲俄罗斯方面的，2014年以后后面被美国发动政变推翻，后面乌克兰性质就变了。",
            "time": "22-3-1 16:37"
        },
        {
            "comment id": 22,
            "parent": -1,
            "children": [],
            "user id": "6406479169",
            "user name": "Snow-Rain9220",
            "content": "我可求求你了 外交部都发言在乌克兰的中国公民不要表明自己的身份，你是脑袋转不过来吗？啥都不了解，我们中央在联合国上都弃权票不说话，乌克兰人现在怎么看我们中国人心里没点B数吗 天天跟着媒体瞎带风向，您可太懂了",
            "time": "22-3-1 10:56"
        },
        {
            "comment id": 23,
            "parent": -1,
            "children": [],
            "user id": "7585688873",
            "user name": "你是萌萌酱",
            "content": "那是对乌克兰安全保证 大致意思就是说乌克兰收到核威胁我们会提供援助 比如 他们被炸了我们给他们提供医疗援助 这是乌克兰减核的时候五常国家都签署的",
            "time": "22-3-1 04:24"
        },
        {
            "comment id": 24,
            "parent": -1,
            "children": [
                28
            ],
            "user id": "6400453954",
            "user name": "汉阳秋蝉",
            "content": "继续出题：1.油管五常之南抄县篇。2.桓檀古记与南抄县的强盗逻辑。另外，今天你🤏了吗",
            "time": "22-2-28 16:20"
        },
        {
            "comment id": 25,
            "parent": 26,
            "children": [],
            "user id": "6400453954",
            "user name": "汉阳秋蝉",
            "content": "回复@小墨鱼右:VANK那个群体很变态，可能是找虐吧，当然也可能有更变态的用处，只是人是想不出来的",
            "time": "22-2-28 17:32"
        },
        {
            "comment id": 26,
            "parent": 27,
            "children": [
                25
            ],
            "user id": "3013603057",
            "user name": "小墨鱼右",
            "content": "回复@汉阳秋蝉:话说他收集这么多骂它们的话有什么用？准备回去印刷成小广告？",
            "time": "22-2-28 17:20"
        },
        {
            "comment id": 27,
            "parent": 28,
            "children": [
                26
            ],
            "user id": "6400453954",
            "user name": "汉阳秋蝉",
            "content": "回复@小墨鱼右:哈哈哈哈哈，说明@韩生英彦 业务能力真的不过关，小老弟，你要加油哦",
            "time": "22-2-28 17:14"
        },
        {
            "comment id": 28,
            "parent": 24,
            "children": [
                27
            ],
            "user id": "3013603057",
            "user name": "小墨鱼右",
            "content": "怎么办，我们不生气只娱乐，他好像完不成任务，他也不容易啊",
            "time": "22-2-28 16:58"
        },
        {
            "comment id": 29,
            "parent": -1,
            "children": [],
            "user id": "2285642824",
            "user name": "点球从不打飞",
            "content": "你美爹还没上场，没资格引起解放军的注意啊。你美爹的狗头又不是没在汉城被锤爆过，你急啥呢。",
            "time": "22-2-28 15:41"
        },
        {
            "comment id": 30,
            "parent": -1,
            "children": [],
            "user id": "2285642824",
            "user name": "点球从不打飞",
            "content": "你是你美爹忠心耿耿的狗，应该积极响应号召奔赴乌克兰战场前线啊，你这觉悟真低，要不怎么说你是条赖皮韩狗呢",
            "time": "22-2-28 14:59"
        }
    ]
}