{
    "source": {
        "content": "实拍乌克兰战场，残酷的巷战，这不是游戏，一个个鲜活的生命就这样为了个别人的野心和私欲消失了。为战争叫好的人只缘你和你的家人没有身处战场。 xalt0001的微博视频 ",
        "time": "22-3-7 18:16",
        "user id": "1004771802",
        "tweet id": "LiEjI9Llh",
        "label": 1,
        "theme": null
    },
    "comment": [
        {
            "comment id": 0,
            "parent": -1,
            "children": [
                2,
                8
            ],
            "user id": "5898657706",
            "user name": "a小调的剪辑音乐库",
            "content": "这是乌军视角还是俄军视角？？？没看出来。",
            "time": "22-3-7 19:39"
        },
        {
            "comment id": 1,
            "parent": 2,
            "children": [],
            "user id": "5898657706",
            "user name": "a小调的剪辑音乐库",
            "content": "回复@法克鱿:哦哦。我傻乎乎，分不清",
            "time": "22-3-7 22:58"
        },
        {
            "comment id": 2,
            "parent": 0,
            "children": [
                1
            ],
            "user id": "1088774603",
            "user name": "法克鱿",
            "content": "俄军迷彩 穿的郭卡",
            "time": "22-3-7 22:56"
        },
        {
            "comment id": 3,
            "parent": 4,
            "children": [],
            "user id": "5898657706",
            "user name": "a小调的剪辑音乐库",
            "content": "回复@隐身看不见我1:俄罗斯是纳粹法西斯",
            "time": "22-3-7 20:17"
        },
        {
            "comment id": 4,
            "parent": 5,
            "children": [
                3
            ],
            "user id": "2372953661",
            "user name": "隐身看不见我1",
            "content": "回复@a小调的剪辑音乐库:停停，咱就说现在，是谁侵略谁，谁是纳粹，别整老黄历",
            "time": "22-3-7 20:15"
        },
        {
            "comment id": 5,
            "parent": 6,
            "children": [
                4
            ],
            "user id": "5898657706",
            "user name": "a小调的剪辑音乐库",
            "content": "回复@隐身看不见我1:二战后的东欧历史遗留问题，一两句说不明白的。乌克兰国内确实有新纳粹，但不代表乌克兰是纳粹国家，因为纳粹是要对犹太人种族灭绝的，但他们总统就是犹太人，就说明了这一点。俄国的纳粹问题一点不比乌克兰少，甚至还要多。纳粹问题只是俄国入侵的借口，有点像卢沟桥事变。",
            "time": "22-3-7 20:12"
        },
        {
            "comment id": 6,
            "parent": 7,
            "children": [
                5
            ],
            "user id": "2372953661",
            "user name": "隐身看不见我1",
            "content": "回复@a小调的剪辑音乐库:为啥叫人家纳脆，难道他们要占领莫斯科吗",
            "time": "22-3-7 19:57"
        },
        {
            "comment id": 7,
            "parent": 8,
            "children": [
                6
            ],
            "user id": "5898657706",
            "user name": "a小调的剪辑音乐库",
            "content": "回复@云猫二老:我猜可能也是乌军，就是纳闷手臂上怎么没有黄标。装甲车没有涂Z或V",
            "time": "22-3-7 19:48"
        },
        {
            "comment id": 8,
            "parent": 0,
            "children": [
                7
            ],
            "user id": "7316661019",
            "user name": "云猫二老",
            "content": "应该是乌方视角，从衣服上看，感觉是民兵。",
            "time": "22-3-7 19:43"
        },
        {
            "comment id": 9,
            "parent": -1,
            "children": [],
            "user id": "1703492290",
            "user name": "千年一梦到今日",
            "content": "疯狂之后就是灭亡",
            "time": "22-3-7 18:33"
        },
        {
            "comment id": 10,
            "parent": -1,
            "children": [],
            "user id": "1907305457",
            "user name": "shengminduojian",
            "content": "putin下场可知",
            "time": "22-3-7 19:53"
        },
        {
            "comment id": 11,
            "parent": -1,
            "children": [],
            "user id": "7472008089",
            "user name": "庙和尚",
            "content": "战斗名族  锦旗送给他们🙃",
            "time": "22-3-8 06:16"
        },
        {
            "comment id": 12,
            "parent": -1,
            "children": [],
            "user id": "5840580460",
            "user name": "滚雪球20753",
            "content": "战争贩子入地狱",
            "time": "22-3-8 05:39"
        },
        {
            "comment id": 13,
            "parent": -1,
            "children": [],
            "user id": "1674050053",
            "user name": "京润珍",
            "content": "天哪，到底为了什么要这样打仗",
            "time": "22-3-7 23:13"
        },
        {
            "comment id": 14,
            "parent": -1,
            "children": [],
            "user id": "5622925426",
            "user name": "善良的人有话说now",
            "content": "这话说的好",
            "time": "22-3-7 21:03"
        },
        {
            "comment id": 15,
            "parent": -1,
            "children": [],
            "user id": "5330489423",
            "user name": "一只大大瓦力",
            "content": "一个班起码配个重武器吧",
            "time": "22-3-7 23:56"
        },
        {
            "comment id": 16,
            "parent": -1,
            "children": [],
            "user id": "7473580046",
            "user name": "暗黑无尽打地鼠",
            "content": "有点浪费子弹",
            "time": "22-3-7 23:51"
        },
        {
            "comment id": 17,
            "parent": -1,
            "children": [],
            "user id": "1120651370",
            "user name": "彩云飘过的天空",
            "content": "转发微博",
            "time": "22-3-7 22:34"
        },
        {
            "comment id": 18,
            "parent": -1,
            "children": [],
            "user id": "1494844523",
            "user name": "上饶金银珂",
            "content": "太激烈！",
            "time": "22-3-7 22:23"
        },
        {
            "comment id": 19,
            "parent": -1,
            "children": [],
            "user id": "1750862905",
            "user name": "草之小穗locusta",
            "content": "这是真实的战争。",
            "time": "22-3-7 22:19"
        },
        {
            "comment id": 20,
            "parent": -1,
            "children": [],
            "user id": "1680760412",
            "user name": "风暴前夕2-0",
            "content": "严厉惩戒校园霸凌惯犯，不管是上海的还是新疆的，就不用打仗了。//@普鲁士新贵: //@冬日的海岸8888:生命可贵，远离战争！",
            "time": "22-3-8 13:15"
        },
        {
            "comment id": 21,
            "parent": -1,
            "children": [],
            "user id": "1854158287",
            "user name": "可爱的凤凰花开",
            "content": "这应该是开战头两天的俄军视频，地点要对卫星图。现在补给线都断了，早没有士气了。",
            "time": "22-3-8 00:53"
        },
        {
            "comment id": 22,
            "parent": -1,
            "children": [],
            "user id": "2837080162",
            "user name": "打网球的蛋哥哥",
            "content": "俄軍吧？前面由車做掩護向房屋射擊",
            "time": "22-3-7 21:32"
        },
        {
            "comment id": 23,
            "parent": -1,
            "children": [],
            "user id": "1056851567",
            "user name": "边城痞子哥",
            "content": "很多都没有戴头盔、穿防弹衣啊",
            "time": "22-3-7 19:51"
        }
    ]
}