{
    "source": {
        "content": "网友投稿：3月16日深圳， 外国人做核酸不排队，引起排队市民公愤！ 细思极恐的奇闻_的微博视频 ",
        "time": "22-3-17 16:18",
        "user id": "7523156967",
        "tweet id": "Lk9OGx92H",
        "label": 1,
        "theme": null
    },
    "comment": [
        {
            "comment id": 0,
            "parent": -1,
            "children": [
                1,
                3,
                4,
                5
            ],
            "user id": "6282411186",
            "user name": "像篝火之夜一样燃烧",
            "content": "旁边小仙女护主",
            "time": "22-3-17 16:21"
        },
        {
            "comment id": 1,
            "parent": 0,
            "children": [],
            "user id": "5699623307",
            "user name": "小老头家的猫咪喵喵miaomiao",
            "content": "深圳是一个垃圾城市",
            "time": "22-3-22 11:39"
        },
        {
            "comment id": 2,
            "parent": 3,
            "children": [],
            "user id": "6282411186",
            "user name": "像篝火之夜一样燃烧",
            "content": "回复@詹凯ZK:那女的意思是，你知道吗他是个洋人，你得下车跪着这女的贱不贱啊",
            "time": "22-3-18 07:57"
        },
        {
            "comment id": 3,
            "parent": 0,
            "children": [
                2
            ],
            "user id": "3317082360",
            "user name": "詹凯ZK",
            "content": "上次在南京，开车去镇江玩，有个人在停车场从开出去的路开车进来，我们就把车停下了，质问对方怎么开车的。对方玻璃摇下来，开车的是个老外，旁边是个女的。那个女的说：你知道吗，他是老外。我当然知道，长的这么黑，但是和你开错道没关系吧……",
            "time": "22-3-18 07:19"
        },
        {
            "comment id": 4,
            "parent": 0,
            "children": [],
            "user id": "7415340217",
            "user name": "爱湿鸡摩",
            "content": "洋肠体验官",
            "time": "22-3-17 16:46"
        },
        {
            "comment id": 5,
            "parent": 0,
            "children": [],
            "user id": "7725529931",
            "user name": "小镇-做题家",
            "content": "最贱的就是这种EZ",
            "time": "22-3-17 16:22"
        },
        {
            "comment id": 6,
            "parent": -1,
            "children": [],
            "user id": "2440631235",
            "user name": "有神的JiongJiong",
            "content": "在中国的土地上，中国人都不如外国人待遇。我的国，厉害是给谁的？",
            "time": "22-3-17 18:17"
        },
        {
            "comment id": 7,
            "parent": -1,
            "children": [
                8
            ],
            "user id": "5635509049",
            "user name": "狮子座彩色布",
            "content": "记得去年bbc洋大人中国来拍摄，也是个在小仙女护主",
            "time": "22-3-17 22:07"
        },
        {
            "comment id": 8,
            "parent": 7,
            "children": [],
            "user id": "2733015875",
            "user name": "恶意悲剧C",
            "content": "那个小仙女是和洋大人一起的美籍",
            "time": "22-3-18 07:41"
        },
        {
            "comment id": 9,
            "parent": -1,
            "children": [],
            "user id": "6214249415",
            "user name": "条嘢太劲抽",
            "content": "泥歌行为",
            "time": "22-3-17 16:31"
        },
        {
            "comment id": 10,
            "parent": -1,
            "children": [],
            "user id": "7195539743",
            "user name": "考研上岸还发大财",
            "content": "怎么跟洋大人说话呢",
            "time": "22-3-17 16:29"
        },
        {
            "comment id": 11,
            "parent": -1,
            "children": [],
            "user id": "7567021690",
            "user name": "-wal1106",
            "content": "一等公民 二等小仙女还不快护驾",
            "time": "22-3-17 17:50"
        },
        {
            "comment id": 12,
            "parent": -1,
            "children": [],
            "user id": "5235592391",
            "user name": "叔叔我啊真的boki了",
            "content": "这畒戴口罩也遮不住",
            "time": "22-3-22 14:52"
        },
        {
            "comment id": 13,
            "parent": -1,
            "children": [],
            "user id": "2119470313",
            "user name": "拥抱仙女的小王呀",
            "content": "都2022年了，还有洋大人",
            "time": "22-3-17 22:41"
        },
        {
            "comment id": 14,
            "parent": -1,
            "children": [],
            "user id": "5146320900",
            "user name": "陈红丽QQ",
            "content": "围而打之！",
            "time": "22-3-17 17:41"
        },
        {
            "comment id": 15,
            "parent": -1,
            "children": [],
            "user id": "3271905665",
            "user name": "蘼蜃",
            "content": "洋寄吧好玩吗？",
            "time": "22-3-17 21:31"
        },
        {
            "comment id": 16,
            "parent": -1,
            "children": [],
            "user id": "6357756589",
            "user name": "元素之熵1",
            "content": "直接一刀捅到心脏里，看他老不老实",
            "time": "22-3-17 20:30"
        },
        {
            "comment id": 17,
            "parent": -1,
            "children": [],
            "user id": "2008610404",
            "user name": "隔壁建模王",
            "content": "大白屌",
            "time": "22-3-17 18:16"
        },
        {
            "comment id": 18,
            "parent": -1,
            "children": [],
            "user id": "6981449913",
            "user name": "2019惟我独孤",
            "content": "驱逐出境",
            "time": "22-3-17 16:21"
        },
        {
            "comment id": 19,
            "parent": -1,
            "children": [],
            "user id": "6157138099",
            "user name": "一个老鼠人罢了",
            "content": "这要是在美国估计子弹都打完了，他们这方面做的确实可以，反观我国",
            "time": "22-3-18 06:21"
        },
        {
            "comment id": 20,
            "parent": -1,
            "children": [],
            "user id": "7306304918",
            "user name": "K18882",
            "content": "哟~洋大人啊...先不论这个事情的起因是什么，我是看到他拿着手机，想往人家头上砸...",
            "time": "22-3-18 00:46"
        },
        {
            "comment id": 21,
            "parent": -1,
            "children": [],
            "user id": "3165217233",
            "user name": "leolinfeng",
            "content": "深圳还跪着呢",
            "time": "22-3-17 23:54"
        },
        {
            "comment id": 22,
            "parent": -1,
            "children": [],
            "user id": "1941696620",
            "user name": "囊个楞个也",
            "content": "不尊重中国规矩就请离开中国",
            "time": "22-3-18 17:24"
        },
        {
            "comment id": 23,
            "parent": -1,
            "children": [],
            "user id": "6286011552",
            "user name": "稻草狗captain",
            "content": "按道理说是不会被拍到的呀，一般都是商务车绿色通道接送老外做核酸的呀，他们去了就直接做更本不用排队的呀，有一说一这个外国人可能正真的在排队。",
            "time": "22-3-18 14:15"
        },
        {
            "comment id": 24,
            "parent": -1,
            "children": [],
            "user id": "5262564767",
            "user name": "临村狗蛋",
            "content": "以后，这种人直接打",
            "time": "22-3-18 14:14"
        },
        {
            "comment id": 25,
            "parent": -1,
            "children": [],
            "user id": "7650753251",
            "user name": "夜归人之旅",
            "content": "没事，插队的就让他们插上去吧，一有矛盾了微博风全部都指责防疫人员，根本不直得去吵",
            "time": "22-3-18 00:09"
        },
        {
            "comment id": 26,
            "parent": -1,
            "children": [],
            "user id": "3165217233",
            "user name": "leolinfeng",
            "content": "食品安全，还跪着",
            "time": "22-3-17 23:56"
        },
        {
            "comment id": 27,
            "parent": -1,
            "children": [],
            "user id": "6034683058",
            "user name": "谋事在人OR成事在天",
            "content": "就应该干他俩",
            "time": "22-3-17 23:22"
        },
        {
            "comment id": 28,
            "parent": -1,
            "children": [],
            "user id": "6367164987",
            "user name": "一条大河波浪有点宽",
            "content": "谁给你的权利不排队",
            "time": "22-3-17 21:50"
        },
        {
            "comment id": 29,
            "parent": -1,
            "children": [],
            "user id": "6408805298",
            "user name": "love宝宝大人",
            "content": "这个叼毛还想凶他前面的小姐姐，要是在我身边我真要飞起一脚",
            "time": "22-3-17 21:03"
        },
        {
            "comment id": 30,
            "parent": -1,
            "children": [],
            "user id": "2443032855",
            "user name": "倪妮不是旎旎",
            "content": "在中国就要遵守中国的规则",
            "time": "22-3-17 19:27"
        },
        {
            "comment id": 31,
            "parent": -1,
            "children": [],
            "user id": "5710143821",
            "user name": "枕席而卧",
            "content": "先搞清楚事实吧。",
            "time": "22-3-17 17:31"
        },
        {
            "comment id": 32,
            "parent": -1,
            "children": [],
            "user id": "3898581236",
            "user name": "Manysugars",
            "content": "母猪",
            "time": "22-3-17 17:36"
        },
        {
            "comment id": 33,
            "parent": -1,
            "children": [
                34
            ],
            "user id": "7484020748",
            "user name": "Anamnesis200310",
            "content": "给外国人日哈哈哈哈，杀人诛心",
            "time": "22-3-17 16:49"
        },
        {
            "comment id": 34,
            "parent": 33,
            "children": [],
            "user id": "5699623307",
            "user name": "小老头家的猫咪喵喵miaomiao",
            "content": "这句话好亮耳",
            "time": "22-3-22 20:40"
        },
        {
            "comment id": 35,
            "parent": -1,
            "children": [],
            "user id": "1868209940",
            "user name": "雨水吧嗒",
            "content": "太无聊了，不分青红皂白",
            "time": "22-3-19 12:27"
        },
        {
            "comment id": 36,
            "parent": -1,
            "children": [],
            "user id": "1859839860",
            "user name": "XX_XX_XX_xx_aa",
            "content": "带老外吃海底捞都不用排队 亲身经历",
            "time": "22-3-18 00:21"
        },
        {
            "comment id": 37,
            "parent": -1,
            "children": [],
            "user id": "6041694495",
            "user name": "会员一年可修改五次名字",
            "content": "不排队就滚，揍他",
            "time": "22-3-17 23:42"
        },
        {
            "comment id": 38,
            "parent": -1,
            "children": [],
            "user id": "7432637323",
            "user name": "唱跳rap的man",
            "content": "@nini椰梨",
            "time": "22-3-17 18:00"
        }
    ]
}