{
    "source": {
        "content": "3月16号，深圳，一个外籍男子做核酸检测的时候拒绝排队，并骂骂咧咧的态度恶劣，被围观群众怒斥滚出中国去! 漂亮国傻事的微博视频 ",
        "time": "22-3-17 17:22",
        "user id": "7375654205",
        "tweet id": "Lkaer5X3o",
        "label": 1,
        "theme": null
    },
    "comment": [
        {
            "comment id": 0,
            "parent": -1,
            "children": [
                10,
                11,
                13,
                14,
                17,
                18,
                19,
                22,
                23
            ],
            "user id": "5912128554",
            "user name": "Touguobiss",
            "content": "终于有人发声了，早就看不惯高贵的洋垃圾了（并不是骂所有在华外国人，仅针对不守秩序的那一堆），到哪都要特权，来中国是讨口子来了吗",
            "time": "22-3-17 17:24"
        },
        {
            "comment id": 1,
            "parent": 2,
            "children": [],
            "user id": "5622711709",
            "user name": "绿海中的荧光棒",
            "content": "回复@UkandBella:不会是纯的。（我好像没听过纯深圳人这个表达）。来了就是深圳人吧，辛苦不公哪里都难免，还是很感谢这里给了很多平凡人机会的。",
            "time": "22-3-30 11:00"
        },
        {
            "comment id": 2,
            "parent": 4,
            "children": [
                1
            ],
            "user id": "6995973980",
            "user name": "UkandBella",
            "content": "回复@绿海中的荧光棒:还是二代三代移民",
            "time": "22-3-30 10:55"
        },
        {
            "comment id": 3,
            "parent": 4,
            "children": [],
            "user id": "6995973980",
            "user name": "UkandBella",
            "content": "回复@绿海中的荧光棒:我想问下你是纯的深圳人嘛",
            "time": "22-3-30 10:55"
        },
        {
            "comment id": 4,
            "parent": 5,
            "children": [
                2,
                3
            ],
            "user id": "5622711709",
            "user name": "绿海中的荧光棒",
            "content": "回复@UkandBella:也有真深圳人没赚到钱住老房子的，也有假深圳人成为富人的。 不要把赚不到钱上升到真假深圳人，深圳只看能力",
            "time": "22-3-30 10:49"
        },
        {
            "comment id": 5,
            "parent": 6,
            "children": [
                4
            ],
            "user id": "6995973980",
            "user name": "UkandBella",
            "content": "回复@绿海中的荧光棒:不都是深圳人吗？不是你说的嘛？奥真深圳人收租几代人不用工作，假深圳人拼命为深圳创造GDP ，养活真深圳人，不是吗",
            "time": "22-3-30 10:16"
        },
        {
            "comment id": 6,
            "parent": 7,
            "children": [
                5
            ],
            "user id": "5622711709",
            "user name": "绿海中的荧光棒",
            "content": "回复@UkandBella:来了就是深圳人这句话是共识啊，你只要有才你可以得到很多机会，你要是干不了也可以不在这里。有能力就租好的，房租少点的话可以去大梅沙 沙井 租啊。你怎么就不让北京上海降？",
            "time": "22-3-30 10:10"
        },
        {
            "comment id": 7,
            "parent": 8,
            "children": [
                6
            ],
            "user id": "6995973980",
            "user name": "UkandBella",
            "content": "回复@绿海中的荧光棒:那房租减半啊",
            "time": "22-3-30 10:08"
        },
        {
            "comment id": 8,
            "parent": 9,
            "children": [
                7
            ],
            "user id": "5622711709",
            "user name": "绿海中的荧光棒",
            "content": "回复@UkandBella:来了就是深圳人。这些人也是新深圳人。",
            "time": "22-3-30 10:07"
        },
        {
            "comment id": 9,
            "parent": 16,
            "children": [
                8
            ],
            "user id": "6995973980",
            "user name": "UkandBella",
            "content": "回复@绿海中的荧光棒:啊你们深圳人的GDP不都是外地人提上去的吗？？你们是爬在别人身上吸血好嘛",
            "time": "22-3-30 09:39"
        },
        {
            "comment id": 10,
            "parent": 0,
            "children": [],
            "user id": "6566906050",
            "user name": "Victory主义",
            "content": "确实很讨厌这些死老外",
            "time": "22-3-29 12:11"
        },
        {
            "comment id": 11,
            "parent": 0,
            "children": [],
            "user id": "5676983966",
            "user name": "跑跑走走站站停停",
            "content": "对啊，凭啥外国人不用排队！都是人啊！在上海迪士尼也有这样的情况，好生气",
            "time": "22-3-28 11:55"
        },
        {
            "comment id": 12,
            "parent": 13,
            "children": [],
            "user id": "5912128554",
            "user name": "Touguobiss",
            "content": "回复@优雪雪子:看见澄清了",
            "time": "22-3-23 19:48"
        },
        {
            "comment id": 13,
            "parent": 0,
            "children": [
                12
            ],
            "user id": "7439524855",
            "user name": "优雪雪子",
            "content": "我亲戚是那个小区的他在现场！他说这个外国人并没有插队 是前面那个女的先挑事！",
            "time": "22-3-23 02:04"
        },
        {
            "comment id": 14,
            "parent": 0,
            "children": [],
            "user id": "7207482135",
            "user name": "叶雪山风",
            "content": "回复@云穆燊:让座位这种我不理解，白种人事都先天残疾么",
            "time": "22-3-19 15:49"
        },
        {
            "comment id": 15,
            "parent": 19,
            "children": [],
            "user id": "3743542323",
            "user name": "w_没时间煮雨",
            "content": "回复@梧桐细雨疏:非常nice",
            "time": "22-3-19 12:17"
        },
        {
            "comment id": 16,
            "parent": 17,
            "children": [
                9
            ],
            "user id": "5622711709",
            "user name": "绿海中的荧光棒",
            "content": "回复@风月幽闲:关深圳人什么事，不是上前骂了吗，难道不动手打架不符合你心意了？。深圳人努力工作创造gdp、给政府纳税，还骂深圳人八辈祖宗，你也是够了。",
            "time": "22-3-19 12:12"
        },
        {
            "comment id": 17,
            "parent": 0,
            "children": [
                16
            ],
            "user id": "1900073783",
            "user name": "风月幽闲",
            "content": "记得当年来深圳，深圳成立了治安联防队，那阵仗，外地人看了都哆嗦，随时可以查你，随时可以抓你，罚款殴打拘禁，甚至对女性性侵犯，外地人真的猪狗都不如，而今，一个老外，深圳人毛都不敢碰，想起以前，我真想骂深圳人八辈祖宗",
            "time": "22-3-19 09:40"
        },
        {
            "comment id": 18,
            "parent": 0,
            "children": [],
            "user id": "7531823856",
            "user name": "雨人202012",
            "content": "上次我也因为做核酸跟那白皮争吵，旁边的人屁都没有放，我也不怂一直跟他拉扯，但是没动手，因为体型相差有点大，怕是打不过",
            "time": "22-3-19 07:01"
        },
        {
            "comment id": 19,
            "parent": 0,
            "children": [
                15
            ],
            "user id": "2819785474",
            "user name": "梧桐细雨疏",
            "content": "当年三个老外，在长春直接被揍趴下了",
            "time": "22-3-18 19:12"
        },
        {
            "comment id": 20,
            "parent": 22,
            "children": [],
            "user id": "6395524212",
            "user name": "飞骑炮兵",
            "content": "回复@Touguobiss:所以说，不正常的是我们。去看看那些“西游记”，外国人在他们自己国家就是这样的。认为他们都是高素质人才的我们才不是正常人。",
            "time": "22-3-17 19:27"
        },
        {
            "comment id": 21,
            "parent": 22,
            "children": [],
            "user id": "6210189024",
            "user name": "云穆丁",
            "content": "回复@Touguobiss:可怕的奴性，",
            "time": "22-3-17 18:43"
        },
        {
            "comment id": 22,
            "parent": 0,
            "children": [
                20,
                21
            ],
            "user id": "5912128554",
            "user name": "Touguobiss",
            "content": "回复@云穆燊:关键是还有人认为是正常的",
            "time": "22-3-17 18:28"
        },
        {
            "comment id": 23,
            "parent": 0,
            "children": [],
            "user id": "6210189024",
            "user name": "云穆丁",
            "content": "对对，以前还有让座这些。我他妈纳闷了，自己把自己搞得低人一等",
            "time": "22-3-17 18:24"
        },
        {
            "comment id": 24,
            "parent": -1,
            "children": [
                26,
                28
            ],
            "user id": "1670531175",
            "user name": "优乌卡姬歌酱",
            "content": "骂得好",
            "time": "22-3-17 17:24"
        },
        {
            "comment id": 25,
            "parent": 26,
            "children": [],
            "user id": "1670531175",
            "user name": "优乌卡姬歌酱",
            "content": "回复@删经:觉醒了最重要啊，国人普遍不再迷信洋大人才真的重要，您倒不用真的要动手，我觉得生气也不必要，人不必和猴子计较",
            "time": "22-3-22 22:10"
        },
        {
            "comment id": 26,
            "parent": 24,
            "children": [
                25
            ],
            "user id": "5096961101",
            "user name": "删经",
            "content": "看着真特么着急，我在现场早特么打他了！😡",
            "time": "22-3-22 17:28"
        },
        {
            "comment id": 27,
            "parent": 28,
            "children": [],
            "user id": "1670531175",
            "user name": "优乌卡姬歌酱",
            "content": "回复@_chaosStriker:讲真，不守秩序也真令人反感，但洋人不守秩序尤其，是一种他们自持超国民待遇令我们的一种耻辱感",
            "time": "22-3-19 07:33"
        },
        {
            "comment id": 28,
            "parent": 24,
            "children": [
                27
            ],
            "user id": "6005424400",
            "user name": "_chaosStriker",
            "content": "这种骂法我一般都对于不守秩序的，而不是只对洋人",
            "time": "22-3-19 06:38"
        },
        {
            "comment id": 29,
            "parent": -1,
            "children": [
                30,
                31,
                32,
                33,
                34
            ],
            "user id": "5525612850",
            "user name": "ssqueen诗",
            "content": "真的是，凭它一张外国脸就能搞特殊了？白人的优越感在我们这里可没用，它当自己谁啊？洋垃圾滚出去",
            "time": "22-3-17 18:51"
        },
        {
            "comment id": 30,
            "parent": 29,
            "children": [],
            "user id": "3212659082",
            "user name": "Emily-Washington",
            "content": "听口音一只台🐸",
            "time": "22-3-19 10:51"
        },
        {
            "comment id": 31,
            "parent": 29,
            "children": [],
            "user id": "7003511587",
            "user name": "Styles最近耳朵不太好",
            "content": "回复@Chen_澄澄c:那是人吗？不是吧，那是二狗子 慕洋犬",
            "time": "22-3-18 19:28"
        },
        {
            "comment id": 32,
            "parent": 29,
            "children": [],
            "user id": "5525612850",
            "user name": "ssqueen诗",
            "content": "回复@Chen_澄澄c:可能它是那位洋垃圾的使用者吧",
            "time": "22-3-17 21:36"
        },
        {
            "comment id": 33,
            "parent": 29,
            "children": [],
            "user id": "5685422203",
            "user name": "恰若青石的向晚",
            "content": "回复@Chen_澄澄c:那是条慕洋犬",
            "time": "22-3-17 20:14"
        },
        {
            "comment id": 34,
            "parent": 29,
            "children": [],
            "user id": "7503153925",
            "user name": "Chen_酱",
            "content": "旁边那个人一直维护…",
            "time": "22-3-17 19:40"
        },
        {
            "comment id": 35,
            "parent": -1,
            "children": [
                36,
                37,
                38
            ],
            "user id": "1602710077",
            "user name": "神牧華華",
            "content": "听口音那女的是个蛙？",
            "time": "22-3-17 17:26"
        },
        {
            "comment id": 36,
            "parent": 35,
            "children": [],
            "user id": "6076768178",
            "user name": "蕴er呀",
            "content": "还有就是我好奇后面那个男的说了什么，那个老外就老实了",
            "time": "22-3-21 18:38"
        },
        {
            "comment id": 37,
            "parent": 35,
            "children": [],
            "user id": "3289375015",
            "user name": "NIU爱吃草",
            "content": "我感觉是个港",
            "time": "22-3-17 18:15"
        },
        {
            "comment id": 38,
            "parent": 35,
            "children": [],
            "user id": "7300204927",
            "user name": "求是未央君",
            "content": "好像是的",
            "time": "22-3-17 17:34"
        },
        {
            "comment id": 39,
            "parent": -1,
            "children": [],
            "user id": "7398409864",
            "user name": "红色手风琴的老公",
            "content": "第几次了？第几次了！？",
            "time": "22-3-17 17:26"
        },
        {
            "comment id": 40,
            "parent": -1,
            "children": [
                41
            ],
            "user id": "5650118924",
            "user name": "昔日余光200",
            "content": "旁边那女的是台湾的？脸都不要了？",
            "time": "22-3-17 17:43"
        },
        {
            "comment id": 41,
            "parent": 40,
            "children": [],
            "user id": "6758766584",
            "user name": "光芒万丈奔跑的兔子",
            "content": "听着不像台湾口音，可能就当地的或香港吧",
            "time": "22-3-17 19:50"
        },
        {
            "comment id": 42,
            "parent": -1,
            "children": [],
            "user id": "1219592270",
            "user name": "兰轩小鱼Yuki",
            "content": "洋垃圾旁边通常都有一只二鬼子或者哈巴狗跟着。耀武扬威。还觉得自己高人一等了。",
            "time": "22-3-17 18:52"
        },
        {
            "comment id": 43,
            "parent": -1,
            "children": [
                46,
                47,
                48,
                50,
                51,
                52,
                53,
                54,
                55,
                56,
                60,
                61,
                64,
                65,
                66,
                67,
                68,
                69,
                70
            ],
            "user id": "2694605711",
            "user name": "秦时明月汉时关new",
            "content": "外国人一般都很注重排队的，会不会是国内人不排队引起外国人指责而引起纠纷呢",
            "time": "22-3-18 09:42"
        },
        {
            "comment id": 44,
            "parent": 46,
            "children": [],
            "user id": "2694605711",
            "user name": "秦时明月汉时关new",
            "content": "回复@先生他姓赵:那你是吃饱狗",
            "time": "22-3-31 13:40"
        },
        {
            "comment id": 45,
            "parent": 47,
            "children": [],
            "user id": "2694605711",
            "user name": "秦时明月汉时关new",
            "content": "回复@凯蒂lily:你打字累吗",
            "time": "22-3-31 13:38"
        },
        {
            "comment id": 46,
            "parent": 43,
            "children": [
                44
            ],
            "user id": "5575264863",
            "user name": "先生他姓赵",
            "content": "牧羊犬",
            "time": "22-3-31 12:57"
        },
        {
            "comment id": 47,
            "parent": 43,
            "children": [
                45
            ],
            "user id": "2550172845",
            "user name": "凯蒂lily",
            "content": "呵呵，你当真以为外国人素质高排队，还不是因为外国人少，在人多的地方最不守纪律就是外国，经常在地铁站看到外国人挤人插队数不胜数",
            "time": "22-3-31 11:53"
        },
        {
            "comment id": 48,
            "parent": 43,
            "children": [],
            "user id": "3917011876",
            "user name": "MoonMoon饼",
            "content": "呵呵，惊诧友邦了又？",
            "time": "22-3-31 00:23"
        },
        {
            "comment id": 49,
            "parent": 50,
            "children": [],
            "user id": "2694605711",
            "user name": "秦时明月汉时关new",
            "content": "回复@你咋了呢又:你拉屎用是肯定的",
            "time": "22-3-29 12:57"
        },
        {
            "comment id": 50,
            "parent": 43,
            "children": [
                49
            ],
            "user id": "2621944043",
            "user name": "你咋了呢又",
            "content": "老外拉屎都不用带纸了",
            "time": "22-3-29 12:55"
        },
        {
            "comment id": 51,
            "parent": 43,
            "children": [],
            "user id": "7572881559",
            "user name": "Shelly_Chloe",
            "content": "你继续去舔他们的脚吧软骨头",
            "time": "22-3-27 23:55"
        },
        {
            "comment id": 52,
            "parent": 43,
            "children": [],
            "user id": "5465056149",
            "user name": "越浪越有范",
            "content": "牧羊犬这么多了吗？行走的50万这么香？",
            "time": "22-3-26 10:40"
        },
        {
            "comment id": 53,
            "parent": 43,
            "children": [],
            "user id": "1073630155",
            "user name": "咖謬",
            "content": "舔狗",
            "time": "22-3-24 17:04"
        },
        {
            "comment id": 54,
            "parent": 43,
            "children": [],
            "user id": "7496781546",
            "user name": "长安入旧时",
            "content": "还以为你是反串没想到是认真的",
            "time": "22-3-23 13:04"
        },
        {
            "comment id": 55,
            "parent": 43,
            "children": [],
            "user id": "3351004100",
            "user name": "你眼里有星星啊Zz",
            "content": "为什么在不清楚事情的前因后果的时候不可以选择相信自己的同胞呢？",
            "time": "22-3-21 18:13"
        },
        {
            "comment id": 56,
            "parent": 43,
            "children": [],
            "user id": "7441978552",
            "user name": "吃葡萄_不吐葡萄籽儿",
            "content": "哪来的狗？",
            "time": "22-3-19 21:55"
        },
        {
            "comment id": 57,
            "parent": 58,
            "children": [],
            "user id": "2694605711",
            "user name": "秦时明月汉时关new",
            "content": "回复@Levi吃酸辣粉:我遇见的都是素质高的，不好经历的是你",
            "time": "22-3-19 13:17"
        },
        {
            "comment id": 58,
            "parent": 59,
            "children": [
                57
            ],
            "user id": "6836999349",
            "user name": "Levi吃酸辣粉",
            "content": "回复@秦时明月汉时关new:我也不知道为什么你们最喜欢的是先反思，你们都经历了什么？",
            "time": "22-3-19 13:05"
        },
        {
            "comment id": 59,
            "parent": 60,
            "children": [
                58
            ],
            "user id": "2694605711",
            "user name": "秦时明月汉时关new",
            "content": "回复@Levi吃酸辣粉:你怎么会有那么多糟糕的经历",
            "time": "22-3-19 12:56"
        },
        {
            "comment id": 60,
            "parent": 43,
            "children": [
                59
            ],
            "user id": "6836999349",
            "user name": "Levi吃酸辣粉",
            "content": "好棒，一句外国人舔遍了：骗炮渣黑男，猥亵未成年的男外教，各类上了新闻的在国内的外籍垃圾人士",
            "time": "22-3-19 11:02"
        },
        {
            "comment id": 61,
            "parent": 43,
            "children": [],
            "user id": "6151842461",
            "user name": "BBZDTXZ",
            "content": "反思怪",
            "time": "22-3-19 09:38"
        },
        {
            "comment id": 62,
            "parent": 65,
            "children": [],
            "user id": "2694605711",
            "user name": "秦时明月汉时关new",
            "content": "回复@一只特立独行的大狸猫201209:你错了",
            "time": "22-3-19 05:04"
        },
        {
            "comment id": 63,
            "parent": 64,
            "children": [],
            "user id": "2175269654",
            "user name": "Harry-_-达",
            "content": "回复@中心小学一年三班王同学:我有种感觉是在国外插队可能会被枪杀，在国内他们不担心而且也有国人带头干这事让他们感觉更加肆无忌惮？",
            "time": "22-3-19 01:02"
        },
        {
            "comment id": 64,
            "parent": 43,
            "children": [
                63
            ],
            "user id": "7432305815",
            "user name": "中心小学一年三班王同学",
            "content": "现在国人对排队插队很敏感的好吗，我有次在全家买东西，排到我了，我跑去再拿一个东西，结果被后面的人骂说我插队",
            "time": "22-3-18 23:39"
        },
        {
            "comment id": 65,
            "parent": 43,
            "children": [
                62
            ],
            "user id": "7593993845",
            "user name": "一只特立独行的大狸猫201209",
            "content": "你膝盖是软的，21世纪了还没站起来？",
            "time": "22-3-18 21:38"
        },
        {
            "comment id": 66,
            "parent": 43,
            "children": [],
            "user id": "7003511587",
            "user name": "Styles最近耳朵不太好",
            "content": "有没有一种可能我们中国人一般也很注重排队的，会不会就是白人和二狗子的错嘞",
            "time": "22-3-18 19:30"
        },
        {
            "comment id": 67,
            "parent": 43,
            "children": [],
            "user id": "7003511587",
            "user name": "Styles最近耳朵不太好",
            "content": "又来了 又来了，开始反思吧",
            "time": "22-3-18 19:29"
        },
        {
            "comment id": 68,
            "parent": 43,
            "children": [],
            "user id": "2694605711",
            "user name": "秦时明月汉时关new",
            "content": "没看到说前面的人做错在先吗？",
            "time": "22-3-18 13:28"
        },
        {
            "comment id": 69,
            "parent": 43,
            "children": [],
            "user id": "7747443140",
            "user name": "叽叽积极201305",
            "content": "50w到账了 西方耗材",
            "time": "22-3-18 11:23"
        },
        {
            "comment id": 70,
            "parent": 43,
            "children": [],
            "user id": "1795857501",
            "user name": "刘鸿凯",
            "content": "？你好像有那个大病",
            "time": "22-3-18 10:50"
        },
        {
            "comment id": 71,
            "parent": -1,
            "children": [],
            "user id": "6153264329",
            "user name": "我才是大雷子",
            "content": "请勿断章取义",
            "time": "22-3-19 16:23"
        },
        {
            "comment id": 72,
            "parent": -1,
            "children": [],
            "user id": "7728200723",
            "user name": "小象不会飞666",
            "content": "断章取义发挥的淋漓尽致",
            "time": "22-3-19 11:41"
        },
        {
            "comment id": 73,
            "parent": -1,
            "children": [],
            "user id": "6523605548",
            "user name": "林娜贝儿·增肌版",
            "content": "“她做错先哦”，靠北，这机车的语气好像是个蛙哎",
            "time": "22-3-17 22:30"
        },
        {
            "comment id": 74,
            "parent": -1,
            "children": [
                75
            ],
            "user id": "7246565511",
            "user name": "祎起温婉鞠家",
            "content": "都是不知道前因后果，看着标题就跟风骂吗，为什么没有完整的视频呢？可不可信啊？",
            "time": "22-3-30 00:28"
        },
        {
            "comment id": 75,
            "parent": 74,
            "children": [],
            "user id": "7246565511",
            "user name": "祎起温婉鞠家",
            "content": "可真礼貌",
            "time": "22-3-30 00:30"
        },
        {
            "comment id": 76,
            "parent": -1,
            "children": [],
            "user id": "7363759143",
            "user name": "你个几把",
            "content": "难道外国人这个身份就高贵一点了？请记住这里是中华人民共和国，不是什么阿猫阿狗都能撒野的地方，请那些违反社会秩序，不遵守中国规则的洋鬼子滚出中国。",
            "time": "22-3-17 21:52"
        },
        {
            "comment id": 77,
            "parent": -1,
            "children": [],
            "user id": "6395524212",
            "user name": "飞骑炮兵",
            "content": "野蛮人永远是野蛮人",
            "time": "22-3-17 19:20"
        },
        {
            "comment id": 78,
            "parent": -1,
            "children": [],
            "user id": "5271818065",
            "user name": "沃力紧固件",
            "content": "人家已经声明了，是距离太近吵架，不是插队",
            "time": "22-3-19 13:55"
        },
        {
            "comment id": 79,
            "parent": -1,
            "children": [
                80
            ],
            "user id": "1819915501",
            "user name": "喵喵吧啦吧啦滴",
            "content": "我很奇怪为什么外国人在中国还能有优越感了？",
            "time": "22-3-21 22:50"
        },
        {
            "comment id": 80,
            "parent": 79,
            "children": [],
            "user id": "7238790796",
            "user name": "我就和你拼了",
            "content": "架不住慕洋犬们硬舔啊，就像视频里那小仙女一样，舔的这老外皮炎子都发白了，当然有恃无恐啦",
            "time": "22-3-22 02:39"
        },
        {
            "comment id": 81,
            "parent": -1,
            "children": [],
            "user id": "5667412733",
            "user name": "HFF6181G02D",
            "content": "杀死洋垃圾",
            "time": "22-3-17 19:07"
        },
        {
            "comment id": 82,
            "parent": -1,
            "children": [],
            "user id": "6448941640",
            "user name": "一户一墩0900",
            "content": "怎么深圳人总是骂外国人，不太好",
            "time": "22-3-22 17:23"
        },
        {
            "comment id": 83,
            "parent": -1,
            "children": [],
            "user id": "5658326443",
            "user name": "夏福尔摩",
            "content": "两猪交配了属于是",
            "time": "22-3-20 18:47"
        },
        {
            "comment id": 84,
            "parent": -1,
            "children": [],
            "user id": "7376921349",
            "user name": "爱吃椰蓉月饼的机械师",
            "content": "耳光抽上去",
            "time": "22-3-17 19:50"
        },
        {
            "comment id": 85,
            "parent": -1,
            "children": [],
            "user id": "1153153520",
            "user name": "财经小欧",
            "content": "洋垃圾！",
            "time": "22-3-17 19:04"
        },
        {
            "comment id": 86,
            "parent": -1,
            "children": [],
            "user id": "6258784180",
            "user name": "我的天空_212",
            "content": "杀白皮黑皮",
            "time": "22-3-17 21:04"
        },
        {
            "comment id": 87,
            "parent": -1,
            "children": [],
            "user id": "6479897081",
            "user name": "Mofir陈",
            "content": "昨天不是封小区嘛有事也可以出去，我在外边转了一下在十字路口看到一个歪果仁骑摩托载了个妹子公然闯红灯，人家美团外卖小哥都在等红灯他们也好意思…..",
            "time": "22-3-18 04:02"
        },
        {
            "comment id": 88,
            "parent": -1,
            "children": [],
            "user id": "5538756886",
            "user name": "康有才先生",
            "content": "插队还这么嚣张？",
            "time": "22-3-30 15:11"
        },
        {
            "comment id": 89,
            "parent": -1,
            "children": [],
            "user id": "6505499481",
            "user name": "SHM余生好好爱自己8",
            "content": "只要打不死就往死里打",
            "time": "22-3-22 00:11"
        },
        {
            "comment id": 90,
            "parent": -1,
            "children": [],
            "user id": "7736700022",
            "user name": "此刻只想来一碗皮蛋瘦肉粥",
            "content": "不是黑的！是白的！趕他走！不算破壞中非友誼！",
            "time": "22-3-17 21:31"
        },
        {
            "comment id": 91,
            "parent": -1,
            "children": [],
            "user id": "6401556770",
            "user name": "ehkqjh",
            "content": "让不守规矩的中国人滚出中国",
            "time": "22-3-29 16:40"
        },
        {
            "comment id": 92,
            "parent": -1,
            "children": [],
            "user id": "5532072284",
            "user name": "哨牙星人",
            "content": "支持滚出中国，不管谁错，你滚出中国就行",
            "time": "22-3-29 10:42"
        },
        {
            "comment id": 93,
            "parent": -1,
            "children": [],
            "user id": "6448941640",
            "user name": "一户一墩0900",
            "content": "这是棕榈树，这是南方",
            "time": "22-3-22 17:23"
        },
        {
            "comment id": 94,
            "parent": -1,
            "children": [],
            "user id": "2113775590",
            "user name": "cocofei小屋",
            "content": "我强烈反对前几年在中国各地各大学给洋人搞特殊待遇，但是这个视频看不到钱后原委，视频左边的女生说了一句她做错先，指的是粗口问候那个外国人的中国女人。没看到前因后果，见外国人就骂，这个同样没有是非感。",
            "time": "22-3-19 13:37"
        },
        {
            "comment id": 95,
            "parent": -1,
            "children": [],
            "user id": "3002570573",
            "user name": "贫道浮芸子",
            "content": "我国政府的贵宾",
            "time": "22-3-18 09:35"
        },
        {
            "comment id": 96,
            "parent": -1,
            "children": [],
            "user id": "2674946030",
            "user name": "李天喜l",
            "content": "打",
            "time": "22-3-31 15:11"
        },
        {
            "comment id": 97,
            "parent": -1,
            "children": [],
            "user id": "6098435061",
            "user name": "Lucky_肖先森",
            "content": "get,out",
            "time": "22-3-30 21:20"
        },
        {
            "comment id": 98,
            "parent": -1,
            "children": [],
            "user id": "1686601253",
            "user name": "至尊神帝之父",
            "content": "那些不守规矩的外国人滚出中国",
            "time": "22-3-28 18:38"
        },
        {
            "comment id": 99,
            "parent": -1,
            "children": [],
            "user id": "5720144857",
            "user name": "你知道伊澤克森吗",
            "content": "惯的这帮洋逼！遇见必须干他！",
            "time": "22-3-20 13:19"
        },
        {
            "comment id": 100,
            "parent": -1,
            "children": [],
            "user id": "5616402231",
            "user name": "锅包肉陪米饭",
            "content": "白皮猪",
            "time": "22-3-19 13:10"
        },
        {
            "comment id": 101,
            "parent": -1,
            "children": [],
            "user id": "5731123287",
            "user name": "九尾羡鱼",
            "content": "骂得好",
            "time": "22-3-19 02:00"
        },
        {
            "comment id": 102,
            "parent": -1,
            "children": [],
            "user id": "1823499603",
            "user name": "江边人士",
            "content": "兄弟们，再遇到这种事情，我们要勇敢站出来，崇洋媚外不存在的！整个国家都要自信！",
            "time": "22-3-18 17:16"
        },
        {
            "comment id": 103,
            "parent": -1,
            "children": [],
            "user id": "7565757483",
            "user name": "这个阿聪不太冷",
            "content": "能不能发全视频啊天天发尾不发头，",
            "time": "22-3-21 18:36"
        },
        {
            "comment id": 104,
            "parent": -1,
            "children": [],
            "user id": "5995634217",
            "user name": "会飞的大鲨鱼v",
            "content": "给外国人日",
            "time": "22-3-19 14:03"
        },
        {
            "comment id": 105,
            "parent": -1,
            "children": [],
            "user id": "5100284733",
            "user name": "可乐核心",
            "content": "让白皮猪滚",
            "time": "22-3-18 07:22"
        },
        {
            "comment id": 106,
            "parent": -1,
            "children": [],
            "user id": "1829461244",
            "user name": "一珠核桃",
            "content": "白人就怕狠的，你强硬他们才看得起你。所以他们不守规矩必须弄他。",
            "time": "22-3-24 23:00"
        },
        {
            "comment id": 107,
            "parent": -1,
            "children": [],
            "user id": "1503541635",
            "user name": "德群",
            "content": "配几个字这帮网友就信了，短视频受众真好骗",
            "time": "22-3-21 13:01"
        },
        {
            "comment id": 108,
            "parent": -1,
            "children": [],
            "user id": "3251776794",
            "user name": "懒猫的幸运time",
            "content": "断章取义",
            "time": "22-3-19 08:29"
        },
        {
            "comment id": 109,
            "parent": -1,
            "children": [],
            "user id": "1804926417",
            "user name": "不好笑冷笑话精选",
            "content": "洋垃圾，呸",
            "time": "22-3-18 08:58"
        },
        {
            "comment id": 110,
            "parent": -1,
            "children": [],
            "user id": "3814202209",
            "user name": "川老板nb",
            "content": "骂的真解气",
            "time": "22-3-17 23:01"
        },
        {
            "comment id": 111,
            "parent": -1,
            "children": [],
            "user id": "7421932545",
            "user name": "人命日爆",
            "content": "屠杀白皮",
            "time": "22-3-17 21:29"
        },
        {
            "comment id": 112,
            "parent": -1,
            "children": [],
            "user id": "3181903883",
            "user name": "元沣十八纪",
            "content": "干得漂亮！",
            "time": "22-3-17 21:13"
        },
        {
            "comment id": 113,
            "parent": -1,
            "children": [],
            "user id": "2381384362",
            "user name": "青丘来客",
            "content": "滚",
            "time": "22-3-17 20:59"
        },
        {
            "comment id": 114,
            "parent": -1,
            "children": [],
            "user id": "5446388733",
            "user name": "z周y玉q清",
            "content": "洋垃圾",
            "time": "22-3-17 19:02"
        },
        {
            "comment id": 115,
            "parent": -1,
            "children": [],
            "user id": "7091865415",
            "user name": "Believe事实",
            "content": "骂的好，凭什么不排队",
            "time": "22-3-17 18:58"
        },
        {
            "comment id": 116,
            "parent": -1,
            "children": [],
            "user id": "2956647515",
            "user name": "洋娃娃8815",
            "content": "直接带走，驱逐出境",
            "time": "22-3-17 18:47"
        },
        {
            "comment id": 117,
            "parent": -1,
            "children": [],
            "user id": "3185082950",
            "user name": "美俐竪供產會",
            "content": "滚出",
            "time": "22-3-17 18:12"
        },
        {
            "comment id": 118,
            "parent": -1,
            "children": [],
            "user id": "6826337934",
            "user name": "一头孬熊上青天",
            "content": "白皮猪",
            "time": "22-3-17 18:07"
        },
        {
            "comment id": 119,
            "parent": -1,
            "children": [],
            "user id": "5555638141",
            "user name": "今笙吥嘚帥",
            "content": "你还敢骂洋大人。不知道在中国人家是一等公民，我们是二等吗？什么狗屁社会啊。。",
            "time": "22-3-31 17:33"
        },
        {
            "comment id": 120,
            "parent": -1,
            "children": [],
            "user id": "1836173280",
            "user name": "_岁月静好风轻云淡",
            "content": "这算是入侵了吧",
            "time": "22-3-31 15:43"
        },
        {
            "comment id": 121,
            "parent": -1,
            "children": [],
            "user id": "3939081359",
            "user name": "千空eng",
            "content": "敢不排队做核酸，把他揍出翔来",
            "time": "22-3-31 15:10"
        },
        {
            "comment id": 122,
            "parent": -1,
            "children": [],
            "user id": "5562168251",
            "user name": "习惯背黑锅的苏维埃",
            "content": "如果你这么做你会发现，别人把你扯到一边，说是和气生财，其实就是拉偏架，另一边在用外国佬都听不懂的洋文和里和气的劝他不要生气",
            "time": "22-3-31 15:08"
        },
        {
            "comment id": 123,
            "parent": -1,
            "children": [],
            "user id": "6382412471",
            "user name": "风月常主·菡",
            "content": "不知全貌，不予置评。我国有礼，只对良人。",
            "time": "22-3-31 11:21"
        },
        {
            "comment id": 124,
            "parent": -1,
            "children": [],
            "user id": "7557783199",
            "user name": "别和宝宝比渣",
            "content": "直接揍他",
            "time": "22-3-31 00:27"
        },
        {
            "comment id": 125,
            "parent": -1,
            "children": [],
            "user id": "1941688517",
            "user name": "土钱仓klose",
            "content": "听懂一句：给外国人日呀草",
            "time": "22-3-30 22:09"
        },
        {
            "comment id": 126,
            "parent": -1,
            "children": [],
            "user id": "5615246688",
            "user name": "虎子35505",
            "content": "我感觉是那个女的给他排着队呢！",
            "time": "22-3-30 18:57"
        },
        {
            "comment id": 127,
            "parent": -1,
            "children": [],
            "user id": "2812424145",
            "user name": "媛媛young",
            "content": "去年我们小区超市一个老外不戴口罩结帐，正好我往里进，没人吱声，我立马问收银员为啥有不戴口罩的，中国老太太排队交钱都戴的好好的。收银员把管事的叫来给没戴口罩的白人请出去了，有意思的是他中国老婆收拾的巨有气质长发飘飘的口罩戴的溜严，继续结帐。你说这是不是属于明知故犯的？见一次撵他一次",
            "time": "22-3-30 15:21"
        },
        {
            "comment id": 128,
            "parent": -1,
            "children": [],
            "user id": "1289251244",
            "user name": "鞍山林夕",
            "content": "一致对外",
            "time": "22-3-30 15:19"
        },
        {
            "comment id": 129,
            "parent": -1,
            "children": [],
            "user id": "2642019001",
            "user name": "xiao萧taobao",
            "content": "这种人不遵守我们国家的人民，就应赶出国门",
            "time": "22-3-30 15:15"
        },
        {
            "comment id": 130,
            "parent": -1,
            "children": [],
            "user id": "6218051875",
            "user name": "爱吃小笼包的小李子",
            "content": "死胖比",
            "time": "22-3-30 14:22"
        },
        {
            "comment id": 131,
            "parent": -1,
            "children": [],
            "user id": "1692676487",
            "user name": "帅帅的小盒子",
            "content": "本来就在最后一个，还插什么队了，估计是有别的事",
            "time": "22-3-30 14:10"
        },
        {
            "comment id": 132,
            "parent": -1,
            "children": [],
            "user id": "2918356707",
            "user name": "becky_小小_2010",
            "content": "洋大人",
            "time": "22-3-30 13:01"
        },
        {
            "comment id": 133,
            "parent": -1,
            "children": [],
            "user id": "3592260107",
            "user name": "东方神鹰微博",
            "content": "早就解释过了，要分清谁先错，不要用国人自居，不要散步不良信息。",
            "time": "22-3-30 12:46"
        },
        {
            "comment id": 134,
            "parent": -1,
            "children": [],
            "user id": "7511021805",
            "user name": "惡41874",
            "content": "不知道真相，不要瞎哔哔",
            "time": "22-3-30 11:48"
        },
        {
            "comment id": 135,
            "parent": -1,
            "children": [],
            "user id": "7356238630",
            "user name": "佛系人生201507",
            "content": "就是欠揍",
            "time": "22-3-30 11:35"
        },
        {
            "comment id": 136,
            "parent": -1,
            "children": [],
            "user id": "6325877424",
            "user name": "剑一55555",
            "content": "打他呀，大不来拘留。垃圾洋鬼子洋女",
            "time": "22-3-30 11:02"
        },
        {
            "comment id": 137,
            "parent": -1,
            "children": [],
            "user id": "7357555380",
            "user name": "土豆拌泥",
            "content": "明明是我们的国家 我们的领导 我们的主场 在某些地方却还不如一个护照一张飞机票好用",
            "time": "22-3-30 09:19"
        },
        {
            "comment id": 138,
            "parent": -1,
            "children": [],
            "user id": "1889691410",
            "user name": "濮濮小妞",
            "content": "就是，我们又不是殖民地，凭什么给白皮谦让",
            "time": "22-3-30 09:08"
        },
        {
            "comment id": 139,
            "parent": -1,
            "children": [],
            "user id": "6575770656",
            "user name": "善良的好菇凉么么么",
            "content": "洋垃圾",
            "time": "22-3-30 08:48"
        },
        {
            "comment id": 140,
            "parent": -1,
            "children": [],
            "user id": "2053183057",
            "user name": "不知道叫什么名1234",
            "content": "骂得好",
            "time": "22-3-29 10:53"
        },
        {
            "comment id": 141,
            "parent": -1,
            "children": [],
            "user id": "7678533055",
            "user name": "渔淼淼的功课号-",
            "content": "是那个人先插队 老外不都很注重排队吗",
            "time": "22-3-28 11:39"
        },
        {
            "comment id": 142,
            "parent": -1,
            "children": [],
            "user id": "1703382187",
            "user name": "马力cc",
            "content": "晚清已经灭亡了，还有人怕红毛洋人吗",
            "time": "22-3-28 02:51"
        },
        {
            "comment id": 143,
            "parent": -1,
            "children": [],
            "user id": "3209477045",
            "user name": "你怎么吃不饱啊",
            "content": "一句滚出中国就是万能句了？",
            "time": "22-3-28 02:41"
        },
        {
            "comment id": 144,
            "parent": -1,
            "children": [],
            "user id": "3773718431",
            "user name": "冰与火与风",
            "content": "最美中国话",
            "time": "22-3-28 02:29"
        }
    ]
}