{
    "source": {
        "content": "上海金山区朱泾镇南圩路一位老者因未戴口罩不敢走正门，遂欲翻铁栅栏进小区时，不慎菊花被扎铁剑。\n\n金山消防人员到场后在几种方案中紧急考虑救人救菊的方案中……好急……看得好痛…… 了不起的王马丁的微博视频 ",
        "time": "22-3-21 13:40",
        "user id": "1692330003",
        "tweet id": "LkKukuM2I",
        "label": 1,
        "theme": null
    },
    "comment": [
        {
            "comment id": 0,
            "parent": -1,
            "children": [
                1
            ],
            "user id": "1769431121",
            "user name": "哈哈蜜蜜是锦鲤",
            "content": "讲不定觉得射射奕奕额",
            "time": "22-3-21 13:51"
        },
        {
            "comment id": 1,
            "parent": 0,
            "children": [
                2
            ],
            "user id": "6031699811",
            "user name": "秋老虎813",
            "content": "肠道甜头了，以后隔三差五爬墙头",
            "time": "22-3-21 14:25"
        },
        {
            "comment id": 2,
            "parent": 1,
            "children": [],
            "user id": "1769431121",
            "user name": "哈哈蜜蜜是锦鲤",
            "content": "回复@秋老虎813:博大精深",
            "time": "22-3-21 15:26"
        },
        {
            "comment id": 3,
            "parent": -1,
            "children": [
                4
            ],
            "user id": "2044815212",
            "user name": "蔬菜11",
            "content": "233333 门口药店买一个口罩😷",
            "time": "22-3-21 14:55"
        },
        {
            "comment id": 4,
            "parent": 3,
            "children": [
                5
            ],
            "user id": "1785466452",
            "user name": "黎小军_这个十年",
            "content": "老头子老太太们多花一块钱跟要命似的",
            "time": "22-3-21 18:08"
        },
        {
            "comment id": 5,
            "parent": 4,
            "children": [],
            "user id": "2044815212",
            "user name": "蔬菜11",
            "content": "回复@黎小军_这个十年:对",
            "time": "22-3-21 19:51"
        },
        {
            "comment id": 6,
            "parent": -1,
            "children": [],
            "user id": "1615959631",
            "user name": "JusT_4_FuN_",
            "content": "@Stacy珏",
            "time": "22-3-22 08:44"
        },
        {
            "comment id": 7,
            "parent": -1,
            "children": [
                8
            ],
            "user id": "1437142603",
            "user name": "暖暖和辰辰",
            "content": "我一个朱泾人都不知道这事",
            "time": "22-3-21 16:12"
        },
        {
            "comment id": 8,
            "parent": 7,
            "children": [],
            "user id": "1708199530",
            "user name": "唔哩麻哩哄",
            "content": "这特么是当初疫情期间的新闻了，这人属于造谣了，三年前新闻，要么叉这博主的p眼了，缺大德了属于",
            "time": "22-3-21 18:30"
        },
        {
            "comment id": 9,
            "parent": -1,
            "children": [],
            "user id": "5885561017",
            "user name": "yoyo继续有",
            "content": "不是吧整个插进去啦？！那得多痛，天呐",
            "time": "22-3-21 13:44"
        },
        {
            "comment id": 10,
            "parent": -1,
            "children": [],
            "user id": "1259481624",
            "user name": "强大自己可以解决一切问题",
            "content": "哈哈哈哈哈",
            "time": "22-3-21 13:42"
        },
        {
            "comment id": 11,
            "parent": -1,
            "children": [],
            "user id": "2681620691",
            "user name": "葫芦小兵那些年",
            "content": "辟谣了好像",
            "time": "22-3-21 20:49"
        },
        {
            "comment id": 12,
            "parent": -1,
            "children": [],
            "user id": "2190366371",
            "user name": "傻丫头向前走",
            "content": "@miss花花花椒",
            "time": "22-3-21 14:02"
        }
    ]
}