{
    "source": {
        "content": "#20220321MU5735# “我们这辈子如果能渡过灾难，躲掉战争，不遇坏人，无病平安就已经异常幸运了。如果还能与爱人厮守，同家人团圆，有稳定收入，遇三两挚友，那就真是很好很长的一生了。” ",
        "time": "22-3-22 09:20",
        "user id": "2159614267",
        "tweet id": "LkSdqsWCA",
        "label": 1,
        "theme": null
    },
    "comment": [
        {
            "comment id": 0,
            "parent": -1,
            "children": [],
            "user id": "3817405792",
            "user name": "菲嫣2013",
            "content": "都辟谣了，人民日报没说过这话",
            "time": "22-3-23 15:33"
        },
        {
            "comment id": 1,
            "parent": -1,
            "children": [],
            "user id": "2372302314",
            "user name": "古岸哥",
            "content": "这口气这格局，包括冒充，自带某类自媒体“光环”。",
            "time": "22-4-10 07:40"
        },
        {
            "comment id": 2,
            "parent": -1,
            "children": [],
            "user id": "2464014085",
            "user name": "黑非洲的故事",
            "content": "",
            "time": "22-3-23 21:33"
        },
        {
            "comment id": 3,
            "parent": -1,
            "children": [],
            "user id": "6469686630",
            "user name": "ViViAN-KissMe",
            "content": "与爱人厮守，同家人团圆，有稳定收入，遇三两挚友，那就真是很好很长的一生了。” ​",
            "time": "22-3-23 10:55"
        },
        {
            "comment id": 4,
            "parent": -1,
            "children": [],
            "user id": "2704388560",
            "user name": "吕铝捋不清",
            "content": "健康平安，那是最好的一生",
            "time": "22-3-23 15:24"
        },
        {
            "comment id": 5,
            "parent": -1,
            "children": [],
            "user id": "7455217920",
            "user name": "侧夫",
            "content": "谣言！",
            "time": "22-5-31 22:49"
        },
        {
            "comment id": 6,
            "parent": -1,
            "children": [],
            "user id": "2470919592",
            "user name": "玉镯儿香香",
            "content": "感觉好悲观",
            "time": "22-3-24 09:14"
        },
        {
            "comment id": 7,
            "parent": -1,
            "children": [],
            "user id": "2300596855",
            "user name": "蜂蜜罐儿yy",
            "content": "",
            "time": "22-3-23 20:00"
        },
        {
            "comment id": 8,
            "parent": -1,
            "children": [],
            "user id": "1320380045",
            "user name": "秦东平正在雄起",
            "content": "人民日报公信力",
            "time": "22-3-23 19:28"
        },
        {
            "comment id": 9,
            "parent": -1,
            "children": [],
            "user id": "2623574865",
            "user name": "天漟貓",
            "content": "🙏",
            "time": "22-3-23 17:14"
        },
        {
            "comment id": 10,
            "parent": -1,
            "children": [],
            "user id": "1868313212",
            "user name": "J丨a",
            "content": "图片评论 网页链接",
            "time": "22-3-23 16:27"
        },
        {
            "comment id": 11,
            "parent": -1,
            "children": [],
            "user id": "2862462352",
            "user name": "只等待--非懂爱ZWH",
            "content": "珍惜",
            "time": "22-3-23 12:33"
        },
        {
            "comment id": 12,
            "parent": -1,
            "children": [],
            "user id": "5898298495",
            "user name": "林月亮",
            "content": "",
            "time": "22-3-23 11:30"
        },
        {
            "comment id": 13,
            "parent": -1,
            "children": [],
            "user id": "5674281395",
            "user name": "傻丫头范范",
            "content": "",
            "time": "22-3-23 10:53"
        },
        {
            "comment id": 14,
            "parent": -1,
            "children": [],
            "user id": "5137448445",
            "user name": "感激遇到你的那一天",
            "content": "🙏",
            "time": "22-3-23 10:11"
        },
        {
            "comment id": 15,
            "parent": -1,
            "children": [],
            "user id": "2822119414",
            "user name": "无雨无情q",
            "content": "",
            "time": "22-3-23 10:06"
        },
        {
            "comment id": 16,
            "parent": -1,
            "children": [],
            "user id": "5453682316",
            "user name": "时光为止-",
            "content": "🙏",
            "time": "22-3-23 10:01"
        },
        {
            "comment id": 17,
            "parent": -1,
            "children": [],
            "user id": "7485317313",
            "user name": "刘雨凝啾咪啾咪啾",
            "content": "“稳定收入”这一条就很难了……",
            "time": "22-3-23 09:41"
        },
        {
            "comment id": 18,
            "parent": -1,
            "children": [],
            "user id": "2665635383",
            "user name": "冬季的牡丹",
            "content": "",
            "time": "22-3-23 09:11"
        },
        {
            "comment id": 19,
            "parent": -1,
            "children": [],
            "user id": "2331039144",
            "user name": "zq没有如果",
            "content": "",
            "time": "22-3-23 08:51"
        },
        {
            "comment id": 20,
            "parent": -1,
            "children": [],
            "user id": "6377866133",
            "user name": "用云卷云舒",
            "content": "",
            "time": "22-3-23 08:20"
        },
        {
            "comment id": 21,
            "parent": -1,
            "children": [],
            "user id": "5951318143",
            "user name": "备考的日子最难忘",
            "content": "这图片哪来的，怎么能天天看到",
            "time": "22-3-23 08:02"
        },
        {
            "comment id": 22,
            "parent": -1,
            "children": [],
            "user id": "1604263234",
            "user name": "暮然H",
            "content": "",
            "time": "22-3-23 07:33"
        },
        {
            "comment id": 23,
            "parent": -1,
            "children": [],
            "user id": "5974515302",
            "user name": "炫橙天娇",
            "content": "",
            "time": "22-3-23 11:47"
        },
        {
            "comment id": 24,
            "parent": -1,
            "children": [],
            "user id": "6710519624",
            "user name": "168知足常乐",
            "content": "",
            "time": "22-3-23 09:57"
        },
        {
            "comment id": 25,
            "parent": -1,
            "children": [],
            "user id": "7469060130",
            "user name": "一谧巢",
            "content": "希望俄罗斯在和美国的正面战争中，使用核武器，对美国这个反人类的生物，必须用核弹，才能让地球有一个喘息平静的机会。",
            "time": "22-3-23 08:23"
        }
    ]
}