{
    "source": {
        "content": "刚刚听到一个视频，现在视频已经打不开了。视频里边有一个说的挺吓人的事：接种的疫苗不符合规格，疫苗需要经过10年测试后才能使用，做核酸检测用的棉签上的药物也多是致癌物质，没记住，就记住有荧光剂了。而且政府只是听专家行事，药物医学国家政府也不懂，而卫健委呢，还是之前老美牵线搭桥组建的。还说每次只要老美来中国了，中国就出现重大疾病，非典，武汉，现在的吉林\n听完事后太震惊了\n我也不知道这条微博能不能发出去，也不知道真假",
        "time": "22-3-27 11:18",
        "user id": "2355062741",
        "tweet id": "LlE7M64EB",
        "label": 1,
        "theme": null
    },
    "comment": [
        {
            "comment id": 0,
            "parent": -1,
            "children": [
                3
            ],
            "user id": "5426545258",
            "user name": "蒋晓南-",
            "content": "为啥有人跟你发一摸一样的微博？一字不差",
            "time": "22-3-28 05:14"
        },
        {
            "comment id": 1,
            "parent": 2,
            "children": [],
            "user id": "5625893798",
            "user name": "GUMAYUSI-103",
            "content": "回复@蒋晓南-:昨天那个听完就被封了",
            "time": "22-3-28 09:11"
        },
        {
            "comment id": 2,
            "parent": 3,
            "children": [
                1
            ],
            "user id": "5426545258",
            "user name": "蒋晓南-",
            "content": "回复@GUMAYUSI-103:我早上听了现在没了，你那还有能听的文件吗？",
            "time": "22-3-28 09:09"
        },
        {
            "comment id": 3,
            "parent": 0,
            "children": [
                2
            ],
            "user id": "5625893798",
            "user name": "GUMAYUSI-103",
            "content": "我发的 因为我听到了 感触和他一样 就复制发了一遍",
            "time": "22-3-28 07:20"
        },
        {
            "comment id": 4,
            "parent": -1,
            "children": [],
            "user id": "6615780169",
            "user name": "小渔uu呀",
            "content": "我也看到了！！",
            "time": "22-3-27 19:34"
        },
        {
            "comment id": 5,
            "parent": -1,
            "children": [],
            "user id": "7576028790",
            "user name": "Bunnysuuulli",
            "content": "是什么场景下谁说的话？电话录音吗？",
            "time": "22-3-28 15:01"
        },
        {
            "comment id": 6,
            "parent": -1,
            "children": [],
            "user id": "2883964462",
            "user name": "许嵩520一三一四",
            "content": "太恐怖了还好我录音了",
            "time": "22-3-28 14:08"
        },
        {
            "comment id": 7,
            "parent": -1,
            "children": [],
            "user id": "5162960035",
            "user name": "茜茜啊啦啦啦",
            "content": "我也听了，。",
            "time": "22-3-28 01:03"
        },
        {
            "comment id": 8,
            "parent": -1,
            "children": [],
            "user id": "1762514474",
            "user name": "Celia-J",
            "content": "今晚别人发给我听了之后立刻被人举报了！听完感觉不用活了",
            "time": "22-3-27 22:35"
        },
        {
            "comment id": 9,
            "parent": -1,
            "children": [],
            "user id": "6210426357",
            "user name": "chris627224",
            "content": "我手里有音频",
            "time": "22-3-27 19:44"
        },
        {
            "comment id": 10,
            "parent": -1,
            "children": [],
            "user id": "5944041341",
            "user name": "念念nianer",
            "content": "我也刚听完就打不开了",
            "time": "22-3-27 11:32"
        },
        {
            "comment id": 11,
            "parent": -1,
            "children": [],
            "user id": "1918919420",
            "user name": "ihanyus",
            "content": "暂时还能看到此条",
            "time": "22-3-27 16:47"
        },
        {
            "comment id": 12,
            "parent": -1,
            "children": [],
            "user id": "5799585976",
            "user name": "MSu丶jiang",
            "content": "回复@许嵩520一三一四:想要录音 给我身边朋友都听听 我半夜4点听完了 发微信就被和谐了",
            "time": "22-3-28 15:03"
        },
        {
            "comment id": 13,
            "parent": -1,
            "children": [],
            "user id": "5625893798",
            "user name": "GUMAYUSI-103",
            "content": "我也刚听完 微信有录音 听完好震撼 吓人啊",
            "time": "22-3-27 22:32"
        }
    ]
}