{
    "source": {
        "content": "#山西财经大学通报一学生跑步时猝死#救护车跑一圈才进校？？？保安没常识吗？？？？ ",
        "time": "22-3-27 13:21",
        "user id": "6986817615",
        "tweet id": "LlEVNvDX9",
        "label": 1,
        "theme": null
    },
    "comment": [
        {
            "comment id": 0,
            "parent": -1,
            "children": [
                1
            ],
            "user id": "7549258674",
            "user name": "浪费-",
            "content": "保安怕掉帽子 不让进",
            "time": "22-3-27 13:25"
        },
        {
            "comment id": 1,
            "parent": 0,
            "children": [],
            "user id": "6986817615",
            "user name": "星野玳",
            "content": "太没责任感了……",
            "time": "22-3-27 13:25"
        },
        {
            "comment id": 2,
            "parent": -1,
            "children": [],
            "user id": "7549258674",
            "user name": "浪费-",
            "content": "能做些什么呢",
            "time": "22-3-27 13:28"
        },
        {
            "comment id": 3,
            "parent": -1,
            "children": [],
            "user id": "6986817615",
            "user name": "星野玳",
            "content": "人命没有命令重要？？",
            "time": "22-3-27 13:25"
        },
        {
            "comment id": 4,
            "parent": -1,
            "children": [],
            "user id": "6986817615",
            "user name": "星野玳",
            "content": "怎么想的啊",
            "time": "22-3-27 13:25"
        },
        {
            "comment id": 5,
            "parent": -1,
            "children": [],
            "user id": "6986817615",
            "user name": "星野玳",
            "content": "up🆙🆙🆙🆙🆙",
            "time": "22-3-27 13:24"
        },
        {
            "comment id": 6,
            "parent": -1,
            "children": [],
            "user id": "6986817615",
            "user name": "星野玳",
            "content": "up🆙",
            "time": "22-3-27 13:24"
        },
        {
            "comment id": 7,
            "parent": -1,
            "children": [],
            "user id": "7549258674",
            "user name": "浪费-",
            "content": "顶",
            "time": "22-3-27 13:32"
        },
        {
            "comment id": 8,
            "parent": -1,
            "children": [],
            "user id": "7549258674",
            "user name": "浪费-",
            "content": "在微博发发疯",
            "time": "22-3-27 13:28"
        },
        {
            "comment id": 9,
            "parent": -1,
            "children": [],
            "user id": "7549258674",
            "user name": "浪费-",
            "content": "就绝望着吗",
            "time": "22-3-27 13:28"
        },
        {
            "comment id": 10,
            "parent": -1,
            "children": [],
            "user id": "7549258674",
            "user name": "浪费-",
            "content": "顶",
            "time": "22-3-27 13:28"
        }
    ]
}