{
    "source": {
        "content": "自从今天知道核酸的棉棒是有致癌物质……\n我整个人不好了 ",
        "time": "22-3-30 21:04",
        "user id": "5825108745",
        "tweet id": "Lmafbzv0G",
        "label": 1,
        "theme": null
    },
    "comment": [
        {
            "comment id": 0,
            "parent": -1,
            "children": [
                1
            ],
            "user id": "1590352335",
            "user name": "灬FPV灬",
            "content": "新疆每周一到两次，已经一年多了",
            "time": "22-3-31 14:50"
        },
        {
            "comment id": 1,
            "parent": 0,
            "children": [],
            "user id": "5825108745",
            "user name": "我不是聚聚啊",
            "content": "真的无语了",
            "time": "22-3-31 15:24"
        },
        {
            "comment id": 2,
            "parent": -1,
            "children": [
                3
            ],
            "user id": "6540392148",
            "user name": "老肥老肥耶",
            "content": "嗓子眼出茧得人路过",
            "time": "22-3-31 00:50"
        },
        {
            "comment id": 3,
            "parent": 2,
            "children": [],
            "user id": "5825108745",
            "user name": "我不是聚聚啊",
            "content": "真的这东西有毒",
            "time": "22-3-31 01:15"
        },
        {
            "comment id": 4,
            "parent": -1,
            "children": [
                5
            ],
            "user id": "1411691971",
            "user name": "梦想家小雨2022",
            "content": "真的假的？",
            "time": "22-3-30 21:54"
        },
        {
            "comment id": 5,
            "parent": 4,
            "children": [],
            "user id": "5825108745",
            "user name": "我不是聚聚啊",
            "content": "嗯",
            "time": "22-3-30 22:29"
        }
    ]
}