{
    "source": {
        "content": "#灵璧渔沟中学事件#网友投稿：安徽宿州灵璧县渔沟中学一初中生在宿舍被六七名高中生殴打致死。父亲哭诉：我保卫祖国十五年，就光溜溜一个小孩……\n\n2022年3月31日晚上10点，安徽省宿州市灵璧县鱼钩中学发生校园霸凌事件，六名高一学生殴打一名初二学生，殴打致死，学校没经过家长同意，把孩子的遗体拉走了，家长连孩子的最后一面都没有见到…\n保卫祖国却保护不了自己的孩子，痛心！@人民日报 @安徽省教育厅 \n 网页链接",
        "time": "22-4-2 09:18",
        "user id": "2288502562",
        "tweet id": "LmxUbfWY8",
        "label": 1,
        "theme": null
    },
    "comment": [
        {
            "comment id": 0,
            "parent": -1,
            "children": [
                1
            ],
            "user id": "6991281361",
            "user name": "JACOBJIAN",
            "content": "大哥，没七个人打一个，只有一个人打一个人",
            "time": "22-4-4 07:55"
        },
        {
            "comment id": 1,
            "parent": 0,
            "children": [
                2
            ],
            "user id": "5866510962",
            "user name": "lapinAngelia",
            "content": "没有致命伤懂啥意思吗，就是没有致死伤是活活硬生生暴力致死，肺部穿孔，心脏淤血，这要是一个人能打出来的，这14岁的凶手至少一拳能达到几十公斤。可能吗？",
            "time": "22-4-4 19:18"
        },
        {
            "comment id": 2,
            "parent": 1,
            "children": [],
            "user id": "6991281361",
            "user name": "JACOBJIAN",
            "content": "回复@lapinAngelia:现在你可以去看看热搜，看看是不是七个人打一个人，或者还是一个人打一个人",
            "time": "22-4-5 09:47"
        },
        {
            "comment id": 3,
            "parent": -1,
            "children": [],
            "user id": "1930610837",
            "user name": "精博汇",
            "content": "保卫祖国却保护不了自己的孩子，痛心！",
            "time": "22-4-2 22:42"
        },
        {
            "comment id": 4,
            "parent": -1,
            "children": [],
            "user id": "6109145210",
            "user name": "wys潇湘夜雨",
            "content": "真是太让人心疼了啊",
            "time": "22-4-2 09:20"
        },
        {
            "comment id": 5,
            "parent": -1,
            "children": [],
            "user id": "5629456428",
            "user name": "夜幕人希0",
            "content": "这就是不能上热搜的原因！ ",
            "time": "22-4-4 11:33"
        },
        {
            "comment id": 6,
            "parent": -1,
            "children": [],
            "user id": "6541771074",
            "user name": "妍姐姐ao",
            "content": "这个学校干什么吃的？必须走法律称序！！！",
            "time": "22-4-4 05:11"
        },
        {
            "comment id": 7,
            "parent": -1,
            "children": [],
            "user id": "2651422913",
            "user name": "小鹏油幼稚气",
            "content": "为什么真相大白 这么难",
            "time": "22-4-3 22:40"
        },
        {
            "comment id": 8,
            "parent": -1,
            "children": [],
            "user id": "2346343034",
            "user name": "安佳詸",
            "content": "帮忙转",
            "time": "22-4-3 01:59"
        },
        {
            "comment id": 9,
            "parent": -1,
            "children": [],
            "user id": "6570769343",
            "user name": "黑胡椒拌面恋歌",
            "content": "一天天的无处申冤，zf的人是干什么的？？？？",
            "time": "22-4-2 11:16"
        },
        {
            "comment id": 10,
            "parent": -1,
            "children": [],
            "user id": "5621781504",
            "user name": "渣渣单",
            "content": "我的天啊一定要调查到底",
            "time": "22-4-2 09:27"
        },
        {
            "comment id": 11,
            "parent": -1,
            "children": [],
            "user id": "3723460167",
            "user name": "是一颗小草莓吗",
            "content": "@安徽省教育厅 @人民日报 @央视新闻",
            "time": "22-4-2 09:25"
        },
        {
            "comment id": 12,
            "parent": -1,
            "children": [],
            "user id": "7564216661",
            "user name": "山楂酸又甜",
            "content": "真是太让人心疼了",
            "time": "22-4-2 09:21"
        },
        {
            "comment id": 13,
            "parent": -1,
            "children": [],
            "user id": "6562811241",
            "user name": "送往小幸福",
            "content": "可怜天下父母心",
            "time": "22-4-2 09:20"
        },
        {
            "comment id": 14,
            "parent": -1,
            "children": [],
            "user id": "7730493871",
            "user name": "yx珂啊",
            "content": "期望尽快调查",
            "time": "22-4-2 09:21"
        },
        {
            "comment id": 15,
            "parent": -1,
            "children": [],
            "user id": "5934508978",
            "user name": "斯泰科里奇",
            "content": "@KidsSeeGhosts",
            "time": "22-4-6 07:07"
        },
        {
            "comment id": 16,
            "parent": -1,
            "children": [],
            "user id": "7715147103",
            "user name": "柳苗苗198011",
            "content": "@明天开始爱吃青菜吧: 听说，孩子解剖初步结果出来了，肺部淤血穿孔，心脏淤血，是被暴力致死[流泪]七个说成一个，其中一个打人者的舅舅是校长，名字吴恒卫，还有校长儿子，大家不要让热度下去，才知道原来6➕1=1 真牛逼",
            "time": "22-4-4 11:48"
        },
        {
            "comment id": 17,
            "parent": -1,
            "children": [],
            "user id": "1872835335",
            "user name": "这个二出了范",
            "content": "#灵璧渔沟中学事件# #安徽省宿州市灵璧县渔沟中学# @安徽公安在线 @安徽省教育厅 @安徽卫视 @灵璧发布 @宿州灵璧公安在线 @灵璧融媒 希望当地有关部门尽快开展调查，查明事情真相，给社会一个事实的真相。遮、藏、盖、捂是不可行的，身正不怕影子斜。尽快出结果吧。",
            "time": "22-4-2 11:02"
        }
    ]
}