{
    "source": {
        "content": "看清楚哈，死人在抽烟@美国驻华大使馆 ，基浦布查 ",
        "time": "22-4-5 14:41",
        "user id": "1877154323",
        "tweet id": "Ln2izpJdN",
        "label": 1,
        "theme": null
    },
    "comment": [
        {
            "comment id": 0,
            "parent": -1,
            "children": [],
            "user id": "1877154323",
            "user name": "懂得经营自己1014",
            "content": "布查的图，看见了吗？死人右手夹着烟在抽@美国驻华大使馆 @美国驻华大使馆 ",
            "time": "22-4-5 16:46"
        },
        {
            "comment id": 1,
            "parent": -1,
            "children": [
                2
            ],
            "user id": "1518494797",
            "user name": "冬木居士",
            "content": "核查|乌克兰布查市的尸体会抽烟？",
            "time": "22-4-5 21:31"
        },
        {
            "comment id": 2,
            "parent": 1,
            "children": [],
            "user id": "1877154323",
            "user name": "懂得经营自己1014",
            "content": "",
            "time": "22-4-5 22:09"
        },
        {
            "comment id": 3,
            "parent": -1,
            "children": [
                4
            ],
            "user id": "3255212842",
            "user name": "北京网络资讯",
            "content": "@俄罗斯驻华大使馆 乌克兰和西方在造假啊！这死人还在抽烟呢。",
            "time": "22-4-5 16:50"
        },
        {
            "comment id": 4,
            "parent": 3,
            "children": [],
            "user id": "1877154323",
            "user name": "懂得经营自己1014",
            "content": "",
            "time": "22-4-5 19:30"
        }
    ]
}