{
    "source": {
        "content": "从明天到5月9号，要接收上海回武汉的，武汉国际会展中心，武汉客厅，洪山体育馆，雷神山，火神山，都要变方舱来接收上海回来的人[捂脸]   注意！不要去这些地方逗留！ ",
        "time": "22-4-25 15:15",
        "user id": "1065476310",
        "tweet id": "Lq54yFWJJ",
        "label": 1,
        "theme": null
    },
    "comment": [
        {
            "comment id": 0,
            "parent": -1,
            "children": [],
            "user id": "1065476310",
            "user name": "黄连珍",
            "content": "此条消息是转发的不实信息，造成了不好影响，向大家道歉并挽回影响。造谣有罪！",
            "time": "22-4-27 12:12"
        },
        {
            "comment id": 1,
            "parent": -1,
            "children": [
                3,
                5
            ],
            "user id": "6769777776",
            "user name": "suchwoman",
            "content": "如何返乡 铁路都关了",
            "time": "22-4-25 21:05"
        },
        {
            "comment id": 2,
            "parent": 3,
            "children": [],
            "user id": "6769777776",
            "user name": "suchwoman",
            "content": "回复@湖北刘振:我在上海 多少人流落街头没办法回去没经历过你是没办法知道的。返乡不是外面人看着那么容易。博主都出来辟谣了，武汉建方舱也可能是为了之后做准备，毕竟北京杭州都开始戒备了",
            "time": "22-4-28 11:31"
        },
        {
            "comment id": 3,
            "parent": 1,
            "children": [
                2
            ],
            "user id": "1096036534",
            "user name": "湖北刘振",
            "content": "没关，你去12306查上海到南京，上海到杭州。上海人确实已经开始返乡了。谣言是说武汉会展和武汉客厅改建方舱这件事。黄陂东西湖都把方舱抢着装好了。",
            "time": "22-4-27 22:13"
        },
        {
            "comment id": 4,
            "parent": 5,
            "children": [],
            "user id": "6769777776",
            "user name": "suchwoman",
            "content": "回复@一缕春风吹又生啊:那我问你走投无路怎么回 铁路关了 飞机熔断 回来难度堪比登天了",
            "time": "22-4-26 16:30"
        },
        {
            "comment id": 5,
            "parent": 1,
            "children": [
                4
            ],
            "user id": "2789922907",
            "user name": "一缕春风吹又生啊",
            "content": "政府接收啊",
            "time": "22-4-25 21:29"
        },
        {
            "comment id": 6,
            "parent": -1,
            "children": [],
            "user id": "1974947503",
            "user name": "oldeworlde",
            "content": "唉，为武汉担忧",
            "time": "22-4-25 16:11"
        },
        {
            "comment id": 7,
            "parent": -1,
            "children": [],
            "user id": "2019712907",
            "user name": "真珠奶茶有点甜",
            "content": "真的还是假的？",
            "time": "22-4-25 21:10"
        },
        {
            "comment id": 8,
            "parent": -1,
            "children": [],
            "user id": "1652243773",
            "user name": "何秋bin",
            "content": "黄教授，造谣传谣犯法，如果不是确切的、官方渠道了解到的消息劝删",
            "time": "22-4-25 20:27"
        },
        {
            "comment id": 9,
            "parent": -1,
            "children": [],
            "user id": "1844187003",
            "user name": "小乖你可好",
            "content": "武汉人表示看到心都凉了一截",
            "time": "22-4-25 22:47"
        },
        {
            "comment id": 10,
            "parent": -1,
            "children": [],
            "user id": "1096036534",
            "user name": "湖北刘振",
            "content": "辟谣是说武汉会展和武汉客厅改建方舱这件事是假的。黄陂东西湖都把方舱抢着装好了，各区都准备好上海返汉专用隔离酒店了，上海的外地人确实已经开始返乡了，自己12306去查上海到南京，上海到杭州",
            "time": "22-4-27 22:15"
        },
        {
            "comment id": 11,
            "parent": -1,
            "children": [],
            "user id": "1852631180",
            "user name": "戈壁胡杨620",
            "content": "这是真的，已问在上海前线支援的湖北医护",
            "time": "22-4-26 22:06"
        },
        {
            "comment id": 12,
            "parent": -1,
            "children": [],
            "user id": "1744946505",
            "user name": "张旋FLCFRANCIS",
            "content": "假新闻，是谣言，建议删除。",
            "time": "22-4-26 20:12"
        },
        {
            "comment id": 13,
            "parent": -1,
            "children": [],
            "user id": "5941357332",
            "user name": "我的新身份11",
            "content": "大V说话要负责任",
            "time": "22-4-26 14:11"
        },
        {
            "comment id": 14,
            "parent": -1,
            "children": [],
            "user id": "5697979338",
            "user name": "北歌花巷",
            "content": "真假的，我家就住雷神山旁边，你这样说不是吓人么？",
            "time": "22-4-26 10:03"
        },
        {
            "comment id": 15,
            "parent": -1,
            "children": [],
            "user id": "5179530594",
            "user name": "笑九卿",
            "content": "火神山都荒了，接个毛的客，造谣要承担后果",
            "time": "22-4-26 07:34"
        },
        {
            "comment id": 16,
            "parent": -1,
            "children": [],
            "user id": "2966767241",
            "user name": "阳光下微笑的小猫",
            "content": "@武汉发布 @平安武汉",
            "time": "22-4-25 23:28"
        },
        {
            "comment id": 17,
            "parent": -1,
            "children": [],
            "user id": "2966767241",
            "user name": "阳光下微笑的小猫",
            "content": "黄教授，造谣传谣犯法，如果不是确切的、官方渠道了解到的消息劝删！自己发消息不过脑子",
            "time": "22-4-25 23:27"
        },
        {
            "comment id": 18,
            "parent": -1,
            "children": [],
            "user id": "2236054502",
            "user name": "一页披霜",
            "content": "真的吗",
            "time": "22-4-25 19:22"
        },
        {
            "comment id": 19,
            "parent": -1,
            "children": [],
            "user id": "2792483264",
            "user name": "kkkkkentng",
            "content": "真的假的",
            "time": "22-4-26 10:18"
        }
    ]
}