{
    "source": {
        "content": "#下沙连环杀人案#图片和视频看得我都emo了，在杭州居然能发生这样的事，到处都是摄像头，凶手胆子也真大。\nPs: 白天的那个女s者看着像穿了运动背心➕运动鞋，估计是晨跑或夜跑的\n凶手一天没有抓住，大家最近还是少出门，特别是别单独出门，不要去江边跑步了 ",
        "time": "22-5-27 11:38",
        "user id": "2103692380",
        "tweet id": "LuVknDHa9",
        "label": 1,
        "theme": null
    },
    "comment": [
        {
            "comment id": 0,
            "parent": -1,
            "children": [
                1
            ],
            "user id": "5979672200",
            "user name": "谢浪浪O_o",
            "content": "视频分享一下  没看到过  不知真假  真的话那就太恐怖了",
            "time": "22-5-27 13:05"
        },
        {
            "comment id": 1,
            "parent": 0,
            "children": [],
            "user id": "2103692380",
            "user name": "薇哈qw",
            "content": "视频有，是真的，但是不是连环sha人案，我评论区放了警方辟谣了",
            "time": "22-6-5 10:22"
        },
        {
            "comment id": 2,
            "parent": -1,
            "children": [],
            "user id": "2103692380",
            "user name": "薇哈qw",
            "content": "辟谣2 ",
            "time": "22-5-27 12:36"
        },
        {
            "comment id": 3,
            "parent": -1,
            "children": [],
            "user id": "2103692380",
            "user name": "薇哈qw",
            "content": "辟谣1 ",
            "time": "22-5-27 12:35"
        },
        {
            "comment id": 4,
            "parent": -1,
            "children": [],
            "user id": "6536470797",
            "user name": "是青梧吖",
            "content": "视频有吗",
            "time": "22-5-27 12:24"
        }
    ]
}