{
    "source": {
        "content": "#烧烤店被打女子已无生命危险#\n已经死了 60万私了 ",
        "time": "22-6-11 00:19",
        "user id": "6509006522",
        "tweet id": "Lx8i18oDb",
        "label": 1,
        "theme": null
    },
    "comment": [
        {
            "comment id": 0,
            "parent": -1,
            "children": [
                2,
                3
            ],
            "user id": "5673760909",
            "user name": "一下啵掉吻文",
            "content": "真的假的",
            "time": "22-6-11 00:22"
        },
        {
            "comment id": 1,
            "parent": 2,
            "children": [],
            "user id": "6509006522",
            "user name": "78910xi",
            "content": "回复@一下啵掉吻文:社会？呵呵 别以为社会多干净",
            "time": "22-6-11 00:58"
        },
        {
            "comment id": 2,
            "parent": 0,
            "children": [
                1
            ],
            "user id": "5673760909",
            "user name": "一下啵掉吻文",
            "content": "不是法治社会嘛",
            "time": "22-6-11 00:39"
        },
        {
            "comment id": 3,
            "parent": 0,
            "children": [],
            "user id": "6509006522",
            "user name": "78910xi",
            "content": "内个男的还有人脉",
            "time": "22-6-11 00:25"
        },
        {
            "comment id": 4,
            "parent": -1,
            "children": [],
            "user id": "7420543500",
            "user name": "一斤不爱吃鱼",
            "content": "？真的吗",
            "time": "22-6-11 00:20"
        },
        {
            "comment id": 5,
            "parent": -1,
            "children": [],
            "user id": "5472502248",
            "user name": "瑟瑟的娇喘",
            "content": "没有吧",
            "time": "22-6-11 00:22"
        }
    ]
}