{
    "source": {
        "content": "#曹建华##女孩去世# 草 ",
        "time": "22-6-11 00:54",
        "user id": "6091163704",
        "tweet id": "Lx8wlolfP",
        "label": 1,
        "theme": null
    },
    "comment": [
        {
            "comment id": 0,
            "parent": -1,
            "children": [
                3
            ],
            "user id": "7721489007",
            "user name": "卷卷大王202111",
            "content": "这个人我怎么搜不到呢",
            "time": "22-6-11 01:01"
        },
        {
            "comment id": 1,
            "parent": 3,
            "children": [],
            "user id": "5986419119",
            "user name": "ONEDAY11337",
            "content": "回复@葡萄籽甜甜:应该是假的 女孩还活着的🙏🙏",
            "time": "22-6-11 03:40"
        },
        {
            "comment id": 2,
            "parent": 3,
            "children": [],
            "user id": "7721489007",
            "user name": "卷卷大王202111",
            "content": "回复@葡萄籽甜甜:我也看到了很多人在转，我也希望是假的",
            "time": "22-6-11 01:04"
        },
        {
            "comment id": 3,
            "parent": 0,
            "children": [
                1,
                2
            ],
            "user id": "6091163704",
            "user name": "葡萄籽甜甜",
            "content": "我在别的词条评论里看见的 我倒是希望是假的",
            "time": "22-6-11 01:02"
        },
        {
            "comment id": 4,
            "parent": -1,
            "children": [],
            "user id": "6091163704",
            "user name": "葡萄籽甜甜",
            "content": "能不能拿出证据辟一下谣 我真的很害怕",
            "time": "22-6-11 01:00"
        },
        {
            "comment id": 5,
            "parent": -1,
            "children": [
                10,
                11,
                12
            ],
            "user id": "5543663582",
            "user name": "吃瓜鹅爆料小组",
            "content": "造谣的吧，都通报了无生命危险啊",
            "time": "22-6-11 00:56"
        },
        {
            "comment id": 6,
            "parent": 7,
            "children": [],
            "user id": "2405089845",
            "user name": "23个人随机",
            "content": "回复@你金姐__:你看不懂？",
            "time": "22-6-14 11:17"
        },
        {
            "comment id": 7,
            "parent": 9,
            "children": [
                6
            ],
            "user id": "5041382323",
            "user name": "你金姐__",
            "content": "回复@23个人随机:你见到了？",
            "time": "22-6-14 01:39"
        },
        {
            "comment id": 8,
            "parent": 9,
            "children": [],
            "user id": "5947481045",
            "user name": "摘摘西瓜",
            "content": "回复@23个人随机:那个白衣服都被打的很严重，",
            "time": "22-6-11 04:20"
        },
        {
            "comment id": 9,
            "parent": 10,
            "children": [
                7,
                8
            ],
            "user id": "2405089845",
            "user name": "23个人随机",
            "content": "回复@你金姐__:另外两个伤势较轻，都没住院，也和图片说的住icu伤重不治不吻合",
            "time": "22-6-11 03:00"
        },
        {
            "comment id": 10,
            "parent": 5,
            "children": [
                9
            ],
            "user id": "5041382323",
            "user name": "你金姐__",
            "content": "报的是两人无生命危险，挨打的女生可不止两名",
            "time": "22-6-11 02:35"
        },
        {
            "comment id": 11,
            "parent": 5,
            "children": [],
            "user id": "2110401361",
            "user name": "猜我打了一个什么拍",
            "content": "图片评论 网页链接",
            "time": "22-6-11 01:59"
        },
        {
            "comment id": 12,
            "parent": 5,
            "children": [],
            "user id": "5555067774",
            "user name": "电子产品报废户",
            "content": "通报有啥用？河北省的卢珍珍从北京偷偷跑回来，她弟还去接她。德州司机已经判刑，但他俩什么行政处罚都没有啊。",
            "time": "22-6-11 01:07"
        },
        {
            "comment id": 13,
            "parent": -1,
            "children": [
                16,
                17,
                18
            ],
            "user id": "5920162805",
            "user name": "剩下的那杯酒",
            "content": "无法无天了，，法律的公正在哪里",
            "time": "22-6-11 01:01"
        },
        {
            "comment id": 14,
            "parent": 18,
            "children": [],
            "user id": "5920162805",
            "user name": "剩下的那杯酒",
            "content": "回复@你和谁结伴前来是否比我精彩:",
            "time": "22-6-11 13:42"
        },
        {
            "comment id": 15,
            "parent": 16,
            "children": [],
            "user id": "5920162805",
            "user name": "剩下的那杯酒",
            "content": "回复@Edward--edward:",
            "time": "22-6-11 09:00"
        },
        {
            "comment id": 16,
            "parent": 13,
            "children": [
                15
            ],
            "user id": "7543947561",
            "user name": "Edward--edward",
            "content": "三权都是一家说了算 哪来的公正……",
            "time": "22-6-11 05:32"
        },
        {
            "comment id": 17,
            "parent": 13,
            "children": [],
            "user id": "7493752951",
            "user name": "王的Aceann",
            "content": "法律的公正？？？？",
            "time": "22-6-11 02:24"
        },
        {
            "comment id": 18,
            "parent": 13,
            "children": [
                14
            ],
            "user id": "5893406364",
            "user name": "你和谁结伴前来是否比我精彩",
            "content": "啊？我没听错吧，你说什么",
            "time": "22-6-11 02:05"
        },
        {
            "comment id": 19,
            "parent": -1,
            "children": [],
            "user id": "6561260792",
            "user name": "小蜗要努力上岸鸭",
            "content": "我要窒息了",
            "time": "22-6-11 00:59"
        },
        {
            "comment id": 20,
            "parent": -1,
            "children": [],
            "user id": "2126017982",
            "user name": "饼干吃我",
            "content": "姐妹打个码吧 保护我方队友！！",
            "time": "22-6-11 03:55"
        },
        {
            "comment id": 21,
            "parent": -1,
            "children": [],
            "user id": "7009953704",
            "user name": "济宁小肖愁容版",
            "content": "官方通报说是4个挨打，2个轻微未就医，2个没有生命危险。说去世的有更进一步的证据吗？确实很关心女孩的情况。",
            "time": "22-6-11 04:06"
        },
        {
            "comment id": 22,
            "parent": -1,
            "children": [],
            "user id": "1798164074",
            "user name": "桂雨幽寒魄",
            "content": "人还在啊，热搜不是说了吗",
            "time": "22-6-11 03:05"
        },
        {
            "comment id": 23,
            "parent": -1,
            "children": [],
            "user id": "6424807857",
            "user name": "爱睡觉爱飞雀",
            "content": "媒体们言之凿凿的通报不会是假的吧…………",
            "time": "22-6-11 01:58"
        },
        {
            "comment id": 24,
            "parent": -1,
            "children": [],
            "user id": "5778863222",
            "user name": "寻水的鱼9A",
            "content": "假的，请大家理智看事情",
            "time": "22-6-11 04:33"
        },
        {
            "comment id": 25,
            "parent": -1,
            "children": [],
            "user id": "7270975434",
            "user name": "人活着就是为了太宰",
            "content": "到底是不是真的？我也害怕。",
            "time": "22-6-11 06:28"
        },
        {
            "comment id": 26,
            "parent": -1,
            "children": [],
            "user id": "6865773298",
            "user name": "Renioyy",
            "content": "@dudue1e",
            "time": "22-6-11 06:15"
        },
        {
            "comment id": 27,
            "parent": -1,
            "children": [],
            "user id": "2940143905",
            "user name": "难言z",
            "content": "但愿不是真的",
            "time": "22-6-11 05:53"
        },
        {
            "comment id": 28,
            "parent": -1,
            "children": [],
            "user id": "3818642368",
            "user name": "稚初_qlily",
            "content": "希望是假的",
            "time": "22-6-11 04:41"
        },
        {
            "comment id": 29,
            "parent": -1,
            "children": [],
            "user id": "2266820414",
            "user name": "zxjia_2002",
            "content": "可信度不大",
            "time": "22-6-11 04:33"
        },
        {
            "comment id": 30,
            "parent": -1,
            "children": [],
            "user id": "5192255053",
            "user name": "啵唧囋3",
            "content": "不会吧",
            "time": "22-6-11 04:14"
        },
        {
            "comment id": 31,
            "parent": -1,
            "children": [],
            "user id": "2102998035",
            "user name": "冰洗大熊",
            "content": "放心吧，这人说的是假的，这人借着热点事件造谣呢",
            "time": "22-6-11 03:54"
        },
        {
            "comment id": 32,
            "parent": -1,
            "children": [],
            "user id": "2113778191",
            "user name": "Yedda锦繁",
            "content": "@-爱喝汤的小爽-",
            "time": "22-6-11 03:41"
        },
        {
            "comment id": 33,
            "parent": -1,
            "children": [],
            "user id": "6699398098",
            "user name": "靖翔soar",
            "content": "卧槽，死了？那明天热搜要炸了！",
            "time": "22-6-11 02:38"
        },
        {
            "comment id": 34,
            "parent": -1,
            "children": [],
            "user id": "5871519796",
            "user name": "rui先生吖",
            "content": "这么个截图，蹭啥呢？",
            "time": "22-6-11 02:32"
        },
        {
            "comment id": 35,
            "parent": -1,
            "children": [],
            "user id": "2915778011",
            "user name": "翰墨之丹青",
            "content": "去世了？刚刚吗？",
            "time": "22-6-11 02:31"
        },
        {
            "comment id": 36,
            "parent": -1,
            "children": [],
            "user id": "2048585534",
            "user name": "皮皮米吖",
            "content": "我的天",
            "time": "22-6-11 02:29"
        },
        {
            "comment id": 37,
            "parent": -1,
            "children": [],
            "user id": "3733433917",
            "user name": "Lomey暖暖",
            "content": "不是通报说女生不是通报说没有生命危险吗",
            "time": "22-6-11 02:16"
        },
        {
            "comment id": 38,
            "parent": -1,
            "children": [],
            "user id": "2879307244",
            "user name": "小鱼儿babygirl",
            "content": "太可怕了",
            "time": "22-6-11 02:05"
        },
        {
            "comment id": 39,
            "parent": -1,
            "children": [],
            "user id": "5508436463",
            "user name": "冻死喵了",
            "content": "我觉得无论你的关系在硬在牛逼，你也不肯能和整个中国做对抗",
            "time": "22-6-11 02:00"
        },
        {
            "comment id": 40,
            "parent": -1,
            "children": [],
            "user id": "6406052934",
            "user name": "胡椒粉搁汤里来头",
            "content": "@唐山公安网络发言人 @唐山发布 @新华社 @人民日报 @共青团中央 @紫光阁 @央视新闻",
            "time": "22-6-11 01:19"
        },
        {
            "comment id": 41,
            "parent": -1,
            "children": [],
            "user id": "1800495825",
            "user name": "llkareen",
            "content": "我去",
            "time": "22-6-11 01:17"
        }
    ]
}