{
    "source": {
        "content": "#唐山被打女孩现状#话题被压太严重了 ",
        "time": "22-6-13 23:24",
        "user id": "7256175594",
        "tweet id": "LxAd785Lf",
        "label": 1,
        "theme": null
    },
    "comment": [
        {
            "comment id": 0,
            "parent": -1,
            "children": [
                2,
                3
            ],
            "user id": "5971921538",
            "user name": "知愈弥樂",
            "content": "所以？？？",
            "time": "22-6-17 09:58"
        },
        {
            "comment id": 1,
            "parent": 2,
            "children": [],
            "user id": "7256175594",
            "user name": "安安羿锦",
            "content": "回复@知愈弥樂:好的谢谢🙏🏻不过这个话题现在还是被取消了…已经不在话题词条里了…",
            "time": "22-6-17 18:34"
        },
        {
            "comment id": 2,
            "parent": 0,
            "children": [
                1
            ],
            "user id": "5971921538",
            "user name": "知愈弥樂",
            "content": "已转发，我的所以是在质问公共部门，可能没表达清楚",
            "time": "22-6-17 18:28"
        },
        {
            "comment id": 3,
            "parent": 0,
            "children": [],
            "user id": "7256175594",
            "user name": "安安羿锦",
            "content": "所以才发这条微博以便让更多人看到事实、你也可以转发一下谢谢，仅仅评论起不到扩散的作用",
            "time": "22-6-17 11:33"
        },
        {
            "comment id": 4,
            "parent": -1,
            "children": [
                5
            ],
            "user id": "1298745783",
            "user name": "fuqi好",
            "content": "为唐山打人事件被害者发声！请正负及时公布信息！不要试图糊弄人！",
            "time": "22-6-17 10:35"
        },
        {
            "comment id": 5,
            "parent": 4,
            "children": [],
            "user id": "7256175594",
            "user name": "安安羿锦",
            "content": "谢谢帮扩散",
            "time": "22-6-17 11:34"
        },
        {
            "comment id": 6,
            "parent": -1,
            "children": [],
            "user id": "7256175594",
            "user name": "安安羿锦",
            "content": "#唐山录音# #唐山女孩被打现状# 人在做天在看、我们会持续发声#唐山打人事件后续#",
            "time": "22-6-17 13:13"
        },
        {
            "comment id": 7,
            "parent": -1,
            "children": [],
            "user id": "7256175594",
            "user name": "安安羿锦",
            "content": "这个话题现在已经被下了、不显示了…",
            "time": "22-6-17 13:09"
        },
        {
            "comment id": 8,
            "parent": -1,
            "children": [],
            "user id": "7256175594",
            "user name": "安安羿锦",
            "content": "感谢转发扩散",
            "time": "22-6-17 12:02"
        },
        {
            "comment id": 9,
            "parent": -1,
            "children": [],
            "user id": "7256175594",
            "user name": "安安羿锦",
            "content": "别沉",
            "time": "22-6-13 23:39"
        },
        {
            "comment id": 10,
            "parent": -1,
            "children": [],
            "user id": "7256175594",
            "user name": "安安羿锦",
            "content": "🆙",
            "time": "22-6-13 23:24"
        },
        {
            "comment id": 11,
            "parent": -1,
            "children": [],
            "user id": "7256175594",
            "user name": "安安羿锦",
            "content": "顶up",
            "time": "22-6-13 23:24"
        },
        {
            "comment id": 12,
            "parent": -1,
            "children": [],
            "user id": "7256175594",
            "user name": "安安羿锦",
            "content": "顶",
            "time": "22-6-13 23:24"
        },
        {
            "comment id": 13,
            "parent": -1,
            "children": [],
            "user id": "1984572991",
            "user name": "妮可记得诺",
            "content": "希望有回应。要么披露四个女孩现状，要么辟谣，这都是应该马上做的。",
            "time": "22-6-16 23:51"
        }
    ]
}