{
    "source": {
        "content": "#唐山女孩被暴力围殴是所有人的噩梦#我想问一下唐山警察，你说俩人已经被抓了为什么还有一个在别的地方吃饭发抖音？ ",
        "time": "22-6-11 06:34",
        "user id": "6112856948",
        "tweet id": "LxaK3hSO7",
        "label": 1,
        "theme": null
    },
    "comment": [
        {
            "comment id": 0,
            "parent": -1,
            "children": [],
            "user id": "1991061653",
            "user name": "宁静雪83",
            "content": "@人民日报 @央视新闻 @法治日报 @澎湃新闻 也不知道真假 你们能看看么 希望不是真的",
            "time": "22-6-11 08:23"
        },
        {
            "comment id": 1,
            "parent": -1,
            "children": [],
            "user id": "1352190793",
            "user name": "丶行左转右",
            "content": "多打几拳，犯罪嫌疑人看到了会去自首的",
            "time": "22-6-11 08:52"
        },
        {
            "comment id": 2,
            "parent": -1,
            "children": [
                3
            ],
            "user id": "1050450032",
            "user name": "香樟树的夏天L",
            "content": "@环球时报 我只相信这个号",
            "time": "22-6-11 08:53"
        },
        {
            "comment id": 3,
            "parent": 2,
            "children": [],
            "user id": "7475597889",
            "user name": "颢声声",
            "content": "这个号会发表和这些有关s的?",
            "time": "22-6-11 09:11"
        },
        {
            "comment id": 4,
            "parent": -1,
            "children": [
                5
            ],
            "user id": "2160130631",
            "user name": "叶木晴子love",
            "content": "当地是不是有保护伞啊",
            "time": "22-6-11 08:54"
        },
        {
            "comment id": 5,
            "parent": 4,
            "children": [],
            "user id": "7147735293",
            "user name": "别整那没有用的22",
            "content": "肯定有伞啊，考g的大部分还是有为人民服务的心的，但是人家伞太大了，基层服务人员都是普通打工人",
            "time": "22-6-11 09:23"
        },
        {
            "comment id": 6,
            "parent": -1,
            "children": [],
            "user id": "3174322641",
            "user name": "宝贝超甜的-",
            "content": "当地的公安局长是不是也要查查？",
            "time": "22-6-11 08:52"
        },
        {
            "comment id": 7,
            "parent": -1,
            "children": [],
            "user id": "3211148130",
            "user name": "遇见李先森的爱情",
            "content": "他可恶了，继小男孩被殴打致死之后又一个女生有同样的遭遇，这个世界是怎么了",
            "time": "22-6-11 09:05"
        },
        {
            "comment id": 8,
            "parent": -1,
            "children": [
                9
            ],
            "user id": "3301564643",
            "user name": "不想取名字了没用",
            "content": "热度顶上去，要是谣言你等着进局子吧",
            "time": "22-6-11 09:02"
        },
        {
            "comment id": 9,
            "parent": 8,
            "children": [],
            "user id": "7237431289",
            "user name": "凉柚气泡水",
            "content": "我是这个号的小号，这个图是别人发的，我被禁言了我说不了话",
            "time": "22-6-11 11:52"
        },
        {
            "comment id": 10,
            "parent": -1,
            "children": [
                11,
                12
            ],
            "user id": "2200917352",
            "user name": "谈笑有鸿儒in",
            "content": "鸡你太美",
            "time": "22-6-11 08:56"
        },
        {
            "comment id": 11,
            "parent": 10,
            "children": [],
            "user id": "2200917352",
            "user name": "谈笑有鸿儒in",
            "content": "我们ikun 既惹事 也怕事。",
            "time": "22-6-11 11:57"
        },
        {
            "comment id": 12,
            "parent": 10,
            "children": [],
            "user id": "7237431289",
            "user name": "凉柚气泡水",
            "content": "？？？",
            "time": "22-6-11 11:52"
        },
        {
            "comment id": 13,
            "parent": -1,
            "children": [],
            "user id": "5750122002",
            "user name": "郑鳪该",
            "content": "@泥巴捏的泥人- ",
            "time": "22-6-11 09:05"
        },
        {
            "comment id": 14,
            "parent": -1,
            "children": [],
            "user id": "5504121388",
            "user name": "掀起星河目睹温柔",
            "content": "@人民日报",
            "time": "22-6-11 08:25"
        },
        {
            "comment id": 15,
            "parent": -1,
            "children": [],
            "user id": "7326014188",
            "user name": "长安非故人",
            "content": "真的很心疼，会变成下一个我吗",
            "time": "22-6-11 09:53"
        },
        {
            "comment id": 16,
            "parent": -1,
            "children": [],
            "user id": "2821936295",
            "user name": "-Pyyyper_",
            "content": "那那些抓捕视频也是假的吗 天内",
            "time": "22-6-11 09:38"
        },
        {
            "comment id": 17,
            "parent": -1,
            "children": [],
            "user id": "1049957991",
            "user name": "鹿鹿的小小世界",
            "content": "多和谐的社会呀！为人民谋幸福，实事求是好像是某党的名言哈！",
            "time": "22-6-11 09:36"
        },
        {
            "comment id": 18,
            "parent": -1,
            "children": [],
            "user id": "6336260237",
            "user name": "锁心1996罗曼史5376",
            "content": "到底是谁能有这滔天的权利，人命都可以无视",
            "time": "22-6-11 09:35"
        },
        {
            "comment id": 19,
            "parent": -1,
            "children": [],
            "user id": "7382145612",
            "user name": "QRinascimento_",
            "content": "真的是不实消息吗，我不敢相信，这个世道我又能相信谁呢？",
            "time": "22-6-11 09:35"
        },
        {
            "comment id": 20,
            "parent": -1,
            "children": [],
            "user id": "5318293938",
            "user name": "金鱼困困呢",
            "content": "不会吧，wc",
            "time": "22-6-11 09:33"
        },
        {
            "comment id": 21,
            "parent": -1,
            "children": [],
            "user id": "3920866273",
            "user name": "我说的算37",
            "content": "和你们说个笑话，唐山警察",
            "time": "22-6-11 09:22"
        },
        {
            "comment id": 22,
            "parent": -1,
            "children": [],
            "user id": "6581168658",
            "user name": "siyuAQ",
            "content": "为什么/🙃😭",
            "time": "22-6-11 09:18"
        },
        {
            "comment id": 23,
            "parent": -1,
            "children": [],
            "user id": "7327603882",
            "user name": "大气de猫_71129",
            "content": "@人民日报 @法制日报 希望大家能持续追踪#唐山多名男子在烧烤店围殴多名女子# 时间进展！给被打女子和全国人民一个公道！",
            "time": "22-6-11 09:17"
        },
        {
            "comment id": 24,
            "parent": -1,
            "children": [],
            "user id": "2801286724",
            "user name": "嘟嘟兔4蓢",
            "content": "@人民日报",
            "time": "22-6-11 09:16"
        },
        {
            "comment id": 25,
            "parent": -1,
            "children": [],
            "user id": "1656167522",
            "user name": "苏袭",
            "content": "瑟瑟发抖",
            "time": "22-6-11 09:15"
        },
        {
            "comment id": 26,
            "parent": -1,
            "children": [],
            "user id": "1839828561",
            "user name": "_李小墩er",
            "content": "@人民日报@环球日报 @央视新闻 麻烦查清真相，清扫黑恶势力及其保护伞",
            "time": "22-6-11 09:15"
        },
        {
            "comment id": 27,
            "parent": -1,
            "children": [],
            "user id": "2686916903",
            "user name": "sisisiqingsiyu蓝",
            "content": "真的死了吗",
            "time": "22-6-11 09:13"
        },
        {
            "comment id": 28,
            "parent": -1,
            "children": [],
            "user id": "3142214837",
            "user name": "放飞理想的懵逼青年",
            "content": "打人固然不对，但是这个评论里多多少少有极端女权的影子，请大家文明吃瓜， 相信政府相信国家",
            "time": "22-6-11 09:12"
        },
        {
            "comment id": 29,
            "parent": -1,
            "children": [],
            "user id": "1356523811",
            "user name": "EyeOn_T",
            "content": "这些消息如果是真的，那唐山打人的事就不仅仅是刷流氓黑社会，还要追后面的保护伞和腐败！ ",
            "time": "22-6-11 09:12"
        },
        {
            "comment id": 30,
            "parent": -1,
            "children": [],
            "user id": "2466449472",
            "user name": "喵喵酱爱喵呜",
            "content": "@人民日报 @央视新闻 @法治日报 @澎湃新闻",
            "time": "22-6-11 09:12"
        },
        {
            "comment id": 31,
            "parent": -1,
            "children": [],
            "user id": "1901872951",
            "user name": "甄开星Vv",
            "content": "@人民日报 @环球新闻",
            "time": "22-6-11 09:12"
        },
        {
            "comment id": 32,
            "parent": -1,
            "children": [],
            "user id": "3685872112",
            "user name": "甜甜起司喵_",
            "content": "@人民日报",
            "time": "22-6-11 08:42"
        },
        {
            "comment id": 33,
            "parent": -1,
            "children": [],
            "user id": "5636728573",
            "user name": "走在路边看晚霞",
            "content": "@中国警方在线",
            "time": "22-6-11 08:41"
        },
        {
            "comment id": 34,
            "parent": -1,
            "children": [],
            "user id": "3208644862",
            "user name": "支持飞行模式de_熊小姐",
            "content": "@河北公安网",
            "time": "22-6-11 08:33"
        },
        {
            "comment id": 35,
            "parent": -1,
            "children": [],
            "user id": "7318551414",
            "user name": "·夏同学",
            "content": "@人民日报",
            "time": "22-6-11 08:27"
        },
        {
            "comment id": 36,
            "parent": -1,
            "children": [],
            "user id": "7517519236",
            "user name": "灿宝降临",
            "content": "@中国警察网 有没有王法！",
            "time": "22-6-11 09:12"
        },
        {
            "comment id": 37,
            "parent": -1,
            "children": [],
            "user id": "6274936464",
            "user name": "呵桉",
            "content": "@央视新闻 @人民日报 @济南时报 @凤凰网视频",
            "time": "22-6-11 09:11"
        },
        {
            "comment id": 38,
            "parent": -1,
            "children": [],
            "user id": "7656266819",
            "user name": "2安可1",
            "content": "@人民日报 @红星新闻 @封面新闻",
            "time": "22-6-11 09:10"
        },
        {
            "comment id": 39,
            "parent": -1,
            "children": [],
            "user id": "6288851418",
            "user name": "心动难得",
            "content": "@人民日报",
            "time": "22-6-11 09:08"
        },
        {
            "comment id": 40,
            "parent": -1,
            "children": [],
            "user id": "5584308864",
            "user name": "坦荡mmm",
            "content": "@CCTV今日说法 不应该看看吗",
            "time": "22-6-11 09:07"
        },
        {
            "comment id": 41,
            "parent": -1,
            "children": [],
            "user id": "5053548050",
            "user name": "写的是你的心情",
            "content": "@央视新闻",
            "time": "22-6-11 09:07"
        },
        {
            "comment id": 42,
            "parent": -1,
            "children": [],
            "user id": "6067318481",
            "user name": "球球与旋转木马",
            "content": "@央视新闻",
            "time": "22-6-11 09:07"
        },
        {
            "comment id": 43,
            "parent": -1,
            "children": [],
            "user id": "2665643240",
            "user name": "smilycat-",
            "content": "？？#唐山多名男子在烧烤店围殴多名女子# ",
            "time": "22-6-11 09:07"
        },
        {
            "comment id": 44,
            "parent": -1,
            "children": [],
            "user id": "2872208533",
            "user name": "不爱吃面爱吃空气",
            "content": "@人民日报 @人民日报@人民日报",
            "time": "22-6-11 09:06"
        },
        {
            "comment id": 45,
            "parent": -1,
            "children": [],
            "user id": "7392256418",
            "user name": "祝我们起义成功",
            "content": "@人民日报 @央视新闻",
            "time": "22-6-11 09:06"
        },
        {
            "comment id": 46,
            "parent": -1,
            "children": [],
            "user id": "6509373265",
            "user name": "夹心加心一",
            "content": "@央视新闻",
            "time": "22-6-11 09:04"
        },
        {
            "comment id": 47,
            "parent": -1,
            "children": [],
            "user id": "6509373265",
            "user name": "夹心加心一",
            "content": "@中国新闻网",
            "time": "22-6-11 09:04"
        },
        {
            "comment id": 48,
            "parent": -1,
            "children": [],
            "user id": "6509373265",
            "user name": "夹心加心一",
            "content": "@人民日报",
            "time": "22-6-11 09:04"
        },
        {
            "comment id": 49,
            "parent": -1,
            "children": [],
            "user id": "5934208455",
            "user name": "她有点可爱s",
            "content": "央视新闻@央视新闻",
            "time": "22-6-11 09:03"
        },
        {
            "comment id": 50,
            "parent": -1,
            "children": [],
            "user id": "5934208455",
            "user name": "她有点可爱s",
            "content": "@人民日报",
            "time": "22-6-11 09:02"
        },
        {
            "comment id": 51,
            "parent": -1,
            "children": [],
            "user id": "3975065287",
            "user name": "vay-D",
            "content": "@人民日报",
            "time": "22-6-11 09:02"
        },
        {
            "comment id": 52,
            "parent": -1,
            "children": [],
            "user id": "7344088798",
            "user name": "柯啊莹",
            "content": "@人民日报 @央视新闻",
            "time": "22-6-11 09:01"
        },
        {
            "comment id": 53,
            "parent": -1,
            "children": [],
            "user id": "7245501337",
            "user name": "吸芋徐的一只小松徐",
            "content": "如果是真的的话 真的很恐怖了",
            "time": "22-6-11 09:00"
        },
        {
            "comment id": 54,
            "parent": -1,
            "children": [],
            "user id": "6600709421",
            "user name": "YHANO_",
            "content": "@人民日报",
            "time": "22-6-11 08:59"
        },
        {
            "comment id": 55,
            "parent": -1,
            "children": [],
            "user id": "6128819731",
            "user name": "冷星先生灬",
            "content": "请求中央出手吧@中央人民广播电台",
            "time": "22-6-11 08:58"
        },
        {
            "comment id": 56,
            "parent": -1,
            "children": [],
            "user id": "2841316354",
            "user name": "gyn11417",
            "content": "天啊，真的吗",
            "time": "22-6-11 08:57"
        },
        {
            "comment id": 57,
            "parent": -1,
            "children": [],
            "user id": "6463241282",
            "user name": "常年潜水的嘉妈",
            "content": "如果有钱就能摆平一切，法律的存在有何意义@人民日报  @央视新闻  @法治日报 @法治最前线  @澎湃新闻  #唐山女孩被暴力围殴是所有人的噩梦# ",
            "time": "22-6-11 08:56"
        },
        {
            "comment id": 58,
            "parent": -1,
            "children": [],
            "user id": "6490312186",
            "user name": "素素青衣sakura",
            "content": "@人民日报",
            "time": "22-6-11 08:53"
        },
        {
            "comment id": 59,
            "parent": -1,
            "children": [],
            "user id": "7532561229",
            "user name": "盈y怪",
            "content": "@中国新闻网 @中国日报 @中国警方在线 @健康中国 @中国政府网 @中国妇女报  对中国有点失望了",
            "time": "22-6-11 08:45"
        },
        {
            "comment id": 60,
            "parent": -1,
            "children": [],
            "user id": "7129110224",
            "user name": "嘿嘿陳泽",
            "content": "顶上去",
            "time": "22-6-11 08:08"
        },
        {
            "comment id": 61,
            "parent": -1,
            "children": [],
            "user id": "5993318927",
            "user name": "大树先生0826",
            "content": "卧槽这就牛逼了",
            "time": "22-6-11 09:08"
        },
        {
            "comment id": 62,
            "parent": -1,
            "children": [],
            "user id": "6261183156",
            "user name": "u相思雨",
            "content": "还有上海砍人事件一直被压热搜",
            "time": "22-6-11 08:48"
        },
        {
            "comment id": 63,
            "parent": -1,
            "children": [
                64,
                65
            ],
            "user id": "6152821144",
            "user name": "知名恋爱达人",
            "content": "我支持这几个打人的男的重判，但是你这里面有不实",
            "time": "22-6-11 09:11"
        },
        {
            "comment id": 64,
            "parent": 63,
            "children": [],
            "user id": "7237431289",
            "user name": "凉柚气泡水",
            "content": "我被禁言了都解释不了了",
            "time": "22-6-11 11:53"
        },
        {
            "comment id": 65,
            "parent": 63,
            "children": [],
            "user id": "7237431289",
            "user name": "凉柚气泡水",
            "content": "我是转发别人的我号被禁言了",
            "time": "22-6-11 11:52"
        },
        {
            "comment id": 66,
            "parent": -1,
            "children": [
                67
            ],
            "user id": "7717956121",
            "user name": "新愿望就是所有麻烦的人都滚蛋",
            "content": "@爱和自由-11",
            "time": "22-6-11 09:10"
        },
        {
            "comment id": 67,
            "parent": 66,
            "children": [],
            "user id": "6296791967",
            "user name": "爱和自由-11",
            "content": "我去",
            "time": "22-6-11 09:13"
        },
        {
            "comment id": 68,
            "parent": -1,
            "children": [],
            "user id": "2192293512",
            "user name": "是975哩",
            "content": "@我是小小板栗鸭",
            "time": "22-6-11 09:02"
        },
        {
            "comment id": 69,
            "parent": -1,
            "children": [],
            "user id": "5052235692",
            "user name": "-社交恐惧郑女士_",
            "content": "@央视新闻 @法治日报 @澎湃新闻",
            "time": "22-6-11 08:56"
        },
        {
            "comment id": 70,
            "parent": -1,
            "children": [],
            "user id": "2021109101",
            "user name": "nice苗条苗条",
            "content": "@angel小亚 @昊昊顶着大太阳",
            "time": "22-6-11 07:26"
        }
    ]
}