{
    "source": {
        "content": "#唐山女孩被暴力围殴是所有人的噩梦#\n如果是真的唐山👮‍♀️真的也不配为人了 ",
        "time": "22-6-11 07:18",
        "user id": "6576829784",
        "tweet id": "Lxb22eJ58",
        "label": 1,
        "theme": null
    },
    "comment": [
        {
            "comment id": 0,
            "parent": -1,
            "children": [],
            "user id": "2692083012",
            "user name": "乌龙啵啵奶茶没有啵啵",
            "content": "我刚买的苹果手机丢的时候，唐山警察说丢不起就别买这么贵的手机，呵呵，这就是唐山警察",
            "time": "22-6-11 09:09"
        },
        {
            "comment id": 1,
            "parent": -1,
            "children": [
                2
            ],
            "user id": "7754346767",
            "user name": "阿易的满天星",
            "content": "姐妹，图片可以转发到其他平台不",
            "time": "22-6-11 07:41"
        },
        {
            "comment id": 2,
            "parent": 1,
            "children": [],
            "user id": "6576829784",
            "user name": "电锯甜心-",
            "content": "可以，我也是转发的，但是最后一张我发错了，要是发的话给图片里的博主打下码",
            "time": "22-6-11 08:09"
        },
        {
            "comment id": 3,
            "parent": -1,
            "children": [
                4
            ],
            "user id": "1319935104",
            "user name": "小狮子的魄力",
            "content": "所以，被打的女孩已经不在了……？",
            "time": "22-6-11 08:09"
        },
        {
            "comment id": 4,
            "parent": 3,
            "children": [],
            "user id": "6201358873",
            "user name": "御史大夫海瑞",
            "content": "还活着，在医院躺着",
            "time": "22-6-11 08:42"
        },
        {
            "comment id": 5,
            "parent": -1,
            "children": [],
            "user id": "5529638146",
            "user name": "身披彩虹蹚烈火",
            "content": "转发超过五百，如果不属实就属于造谣了，我先截图存证",
            "time": "22-6-11 09:21"
        },
        {
            "comment id": 6,
            "parent": -1,
            "children": [],
            "user id": "6209023661",
            "user name": "Thewaitingisworth",
            "content": "@鲅鱼哥太爱我了怎么办",
            "time": "22-6-11 09:13"
        },
        {
            "comment id": 7,
            "parent": -1,
            "children": [],
            "user id": "7509544598",
            "user name": "甜的很很很正经",
            "content": "md关系再硬 杀人就要偿命",
            "time": "22-6-11 09:10"
        },
        {
            "comment id": 8,
            "parent": -1,
            "children": [],
            "user id": "6169668059",
            "user name": "停停的奶黄包0724",
            "content": "#唐山女孩被暴力围殴是所有人的噩梦# 真的假的",
            "time": "22-6-11 09:05"
        },
        {
            "comment id": 9,
            "parent": -1,
            "children": [],
            "user id": "6201358873",
            "user name": "御史大夫海瑞",
            "content": "如果这是北京还敢这样吗？",
            "time": "22-6-11 08:42"
        },
        {
            "comment id": 10,
            "parent": -1,
            "children": [],
            "user id": "1319935104",
            "user name": "小狮子的魄力",
            "content": "这是故意杀人了吧",
            "time": "22-6-11 08:10"
        },
        {
            "comment id": 11,
            "parent": -1,
            "children": [],
            "user id": "5660642450",
            "user name": "yq公举",
            "content": "支持热搜不掉",
            "time": "22-6-11 07:50"
        },
        {
            "comment id": 12,
            "parent": -1,
            "children": [],
            "user id": "6585642318",
            "user name": "kkaoxxxxx",
            "content": "@中国公安 @国务院",
            "time": "22-6-11 07:38"
        },
        {
            "comment id": 13,
            "parent": -1,
            "children": [],
            "user id": "3645051155",
            "user name": "说你呢毛毛",
            "content": "为什么发不了评论",
            "time": "22-6-11 07:33"
        },
        {
            "comment id": 14,
            "parent": -1,
            "children": [],
            "user id": "6622190191",
            "user name": "小桂记得喝水",
            "content": "通过此次恶劣事件揪出黑恶势力！！！",
            "time": "22-6-11 07:32"
        },
        {
            "comment id": 15,
            "parent": -1,
            "children": [],
            "user id": "3645051155",
            "user name": "说你呢毛毛",
            "content": "为什么这条热度起不来",
            "time": "22-6-11 07:32"
        },
        {
            "comment id": 16,
            "parent": -1,
            "children": [],
            "user id": "6622190191",
            "user name": "小桂记得喝水",
            "content": "通过此次恶劣事件揪出黑恶势力！！",
            "time": "22-6-11 07:32"
        },
        {
            "comment id": 17,
            "parent": -1,
            "children": [],
            "user id": "3645051155",
            "user name": "说你呢毛毛",
            "content": "这条为什么没人",
            "time": "22-6-11 07:32"
        },
        {
            "comment id": 18,
            "parent": -1,
            "children": [],
            "user id": "6873683981",
            "user name": "伽蓝薄荷糖",
            "content": "啊？",
            "time": "22-6-11 07:29"
        },
        {
            "comment id": 19,
            "parent": -1,
            "children": [],
            "user id": "7710534254",
            "user name": "龙佳顺",
            "content": "怎么可能 这件事他再有背景也压不下去 你打开热搜看看 前几位几乎都是唐山事件 而且这件事省厅已经出面了",
            "time": "22-6-11 08:54"
        },
        {
            "comment id": 20,
            "parent": -1,
            "children": [],
            "user id": "5644617767",
            "user name": "一直很想睡觉_",
            "content": "@吃一口烦恼",
            "time": "22-6-11 09:19"
        },
        {
            "comment id": 21,
            "parent": -1,
            "children": [],
            "user id": "6430655503",
            "user name": "白羊妹妹o",
            "content": "@她和海都不说话",
            "time": "22-6-11 09:02"
        },
        {
            "comment id": 22,
            "parent": -1,
            "children": [],
            "user id": "6649480835",
            "user name": "谱写海的浪漫-",
            "content": "@Setp_22",
            "time": "22-6-11 08:54"
        },
        {
            "comment id": 23,
            "parent": -1,
            "children": [
                24
            ],
            "user id": "3987676864",
            "user name": "宥宥不开心",
            "content": "@不是吧微博起名也太难了",
            "time": "22-6-11 08:23"
        },
        {
            "comment id": 24,
            "parent": 23,
            "children": [],
            "user id": "7243115064",
            "user name": "不是吧微博起名也太难了",
            "content": "我靠",
            "time": "22-6-11 10:11"
        },
        {
            "comment id": 25,
            "parent": -1,
            "children": [
                26
            ],
            "user id": "6619347287",
            "user name": "彭彭彭彭XY",
            "content": "@菠萝蜜多肉 @ADCCyyds",
            "time": "22-6-11 08:17"
        },
        {
            "comment id": 26,
            "parent": 25,
            "children": [],
            "user id": "5774934696",
            "user name": "菠萝蜜多肉",
            "content": "最后肯定也就是不了了之了，等大家都忘了他们就出来了",
            "time": "22-6-11 08:26"
        },
        {
            "comment id": 27,
            "parent": -1,
            "children": [],
            "user id": "7473109147",
            "user name": "皮亚杰的痛",
            "content": "@毕竟我是blue",
            "time": "22-6-11 08:02"
        },
        {
            "comment id": 28,
            "parent": -1,
            "children": [],
            "user id": "5943384127",
            "user name": "绘本笔记",
            "content": "@麦麦娟 @丁丁丁辉_ @丁丁丁辉_ @叶盛医生 @Hanamizukiki @水木丁 @荞麦chen @Alex绝对是个妞儿 @暗室四知 @人民日报 @崔玉涛",
            "time": "22-6-11 07:57"
        },
        {
            "comment id": 29,
            "parent": -1,
            "children": [],
            "user id": "7628303379",
            "user name": "我是个很闲的人",
            "content": "@张张是个花心大萝卜 @yi只小锦鲤",
            "time": "22-6-11 07:41"
        },
        {
            "comment id": 30,
            "parent": -1,
            "children": [],
            "user id": "6304736527",
            "user name": "喜欢相声的Ma明明",
            "content": "@不白不胖and天天向上 @淡盐水_ @金泫雅工大分雅",
            "time": "22-6-11 07:37"
        },
        {
            "comment id": 31,
            "parent": -1,
            "children": [],
            "user id": "5863094841",
            "user name": "·只活二十歲",
            "content": "@或許今天會心動",
            "time": "22-6-11 07:36"
        },
        {
            "comment id": 32,
            "parent": -1,
            "children": [
                33
            ],
            "user id": "5455659552",
            "user name": "智障璟",
            "content": "@我在大雪纷飞的日子遇到96 @杨森同学的微博 @天掉一瓶鱼",
            "time": "22-6-11 07:29"
        },
        {
            "comment id": 33,
            "parent": 32,
            "children": [],
            "user id": "1872931615",
            "user name": "天掉一瓶鱼",
            "content": "卧槽",
            "time": "22-6-11 07:41"
        }
    ]
}