{
    "source": {
        "content": "#上海浦东奸杀#上去啊！！！ ",
        "time": "22-6-11 15:04",
        "user id": "6039210667",
        "tweet id": "Lxe5jq1F4",
        "label": 1,
        "theme": null
    },
    "comment": [
        {
            "comment id": 0,
            "parent": -1,
            "children": [],
            "user id": "7452417786",
            "user name": "W萧雨W",
            "content": "这个是假新闻",
            "time": "22-6-11 15:21"
        },
        {
            "comment id": 1,
            "parent": -1,
            "children": [],
            "user id": "6181785824",
            "user name": "想去摩洛哥看星星的鱼",
            "content": "已辟谣，澎湃新闻报道了",
            "time": "22-6-11 15:13"
        },
        {
            "comment id": 2,
            "parent": -1,
            "children": [],
            "user id": "7758184453",
            "user name": "我菜求求别骂我",
            "content": "辟谣了",
            "time": "22-6-11 15:26"
        },
        {
            "comment id": 3,
            "parent": -1,
            "children": [],
            "user id": "2142479850",
            "user name": "1juyss",
            "content": "已经辟谣了 上什么？",
            "time": "22-6-11 15:06"
        },
        {
            "comment id": 4,
            "parent": -1,
            "children": [],
            "user id": "7758083605",
            "user name": "_Mooney",
            "content": "辟谣了",
            "time": "22-6-11 15:22"
        }
    ]
}