{
    "source": {
        "content": "#唐山受伤女子目前伤情稳定#谁能给个解释？ ",
        "time": "22-6-11 17:37",
        "user id": "7494755195",
        "tweet id": "Lxf5nzjG1",
        "label": 1,
        "theme": null
    },
    "comment": [
        {
            "comment id": 0,
            "parent": -1,
            "children": [
                2,
                3,
                4,
                6
            ],
            "user id": "1909369435",
            "user name": "晓華髙",
            "content": "这你都信？",
            "time": "22-6-11 17:39"
        },
        {
            "comment id": 1,
            "parent": 4,
            "children": [],
            "user id": "1135422035",
            "user name": "孜孜lmz",
            "content": "回复@葡萄冰球Dmzshyl:你这人怎么这样呢？没人提醒你吗？警察三点就到了，你可不信呐，报警人都说警察三点就到了，你自己有空一直传播这张不知道哪儿的图，没时间搜一下后续吗？",
            "time": "22-6-11 20:22"
        },
        {
            "comment id": 2,
            "parent": 0,
            "children": [],
            "user id": "5657309752",
            "user name": "_怀柔_",
            "content": "回复@月半蟹黄汤包:你二臂吧",
            "time": "22-6-11 19:32"
        },
        {
            "comment id": 3,
            "parent": 0,
            "children": [],
            "user id": "7376642098",
            "user name": "娜美美OvO",
            "content": "回复@月半蟹黄汤包:询问都不行？如果不是，官方及时出来澄清不就行了？？？？",
            "time": "22-6-11 19:08"
        },
        {
            "comment id": 4,
            "parent": 0,
            "children": [
                1
            ],
            "user id": "7494755195",
            "user name": "葡萄冰球Dmzshyl",
            "content": "回复@月半蟹黄汤包:你这人怎么说话的，我有一口咬定事实就如此吗？我们需要确切的消息，我们要的是清楚的处理和明确的进度，不是一句伤情稳定就行了的",
            "time": "22-6-11 18:57"
        },
        {
            "comment id": 5,
            "parent": 6,
            "children": [],
            "user id": "1135422035",
            "user name": "孜孜lmz",
            "content": "回复@葡萄冰球Dmzshyl:你可真是大聪明",
            "time": "22-6-11 18:50"
        },
        {
            "comment id": 6,
            "parent": 0,
            "children": [
                5
            ],
            "user id": "7494755195",
            "user name": "葡萄冰球Dmzshyl",
            "content": "请问你看到我的问号了吗？",
            "time": "22-6-11 17:45"
        },
        {
            "comment id": 7,
            "parent": -1,
            "children": [
                8
            ],
            "user id": "7494755195",
            "user name": "葡萄冰球Dmzshyl",
            "content": "我现在不相信任何人的话，除非给我看几个女孩的伤情",
            "time": "22-6-11 19:04"
        },
        {
            "comment id": 8,
            "parent": 7,
            "children": [],
            "user id": "7731144631",
            "user name": "敲老鱼的头",
            "content": "我也是官方的话我不信除非拍下四个女孩子的伤情报告",
            "time": "22-6-12 16:20"
        },
        {
            "comment id": 9,
            "parent": -1,
            "children": [
                11,
                13,
                15,
                16,
                17,
                19,
                22,
                23,
                27,
                29,
                30
            ],
            "user id": "1115507071",
            "user name": "haiying_79661",
            "content": "是5点，走了，凌晨还是下午记不清了太生气了当时。当时我打了0315－12345督促办案。好心疼那张图片被和谐了是唐山人发的今天居然又在玩文字游戏而且0315－12345再也没人接了！！！",
            "time": "22-6-11 17:50"
        },
        {
            "comment id": 10,
            "parent": 21,
            "children": [],
            "user id": "6671421247",
            "user name": "陆必行的领带们",
            "content": "回复@盼圆儿:我喊不要造谣怎么了？？？真是闲的慌",
            "time": "22-6-11 23:15"
        },
        {
            "comment id": 11,
            "parent": 9,
            "children": [],
            "user id": "5519579013",
            "user name": "-五月的尾巴",
            "content": "@会变瘦的二",
            "time": "22-6-11 19:54"
        },
        {
            "comment id": 12,
            "parent": 13,
            "children": [],
            "user id": "5485367378",
            "user name": "拯救倒霉熊乔伊",
            "content": "回复@哇塞好厉害-:",
            "time": "22-6-11 19:50"
        },
        {
            "comment id": 13,
            "parent": 9,
            "children": [
                12
            ],
            "user id": "5677111217",
            "user name": "哇塞好厉害-",
            "content": "@拯救倒霉熊乔伊",
            "time": "22-6-11 19:48"
        },
        {
            "comment id": 14,
            "parent": 18,
            "children": [],
            "user id": "1115507071",
            "user name": "haiying_79661",
            "content": "回复@懒得想名字-ing:冲进去的男的喊杀了你。而且很危险不然重伤短发女孩赶紧追过去。长发女孩前半段不在战场的呀",
            "time": "22-6-11 19:34"
        },
        {
            "comment id": 15,
            "parent": 9,
            "children": [],
            "user id": "2349106267",
            "user name": "习行格物",
            "content": "如果是真的？也太粉饰太平呢吧！",
            "time": "22-6-11 19:31"
        },
        {
            "comment id": 16,
            "parent": 9,
            "children": [],
            "user id": "7393592027",
            "user name": "我只是想上岸啊",
            "content": "@沙皇脆切拉",
            "time": "22-6-11 19:16"
        },
        {
            "comment id": 17,
            "parent": 9,
            "children": [],
            "user id": "5404683573",
            "user name": "大写的李S",
            "content": "真的吗？",
            "time": "22-6-11 19:08"
        },
        {
            "comment id": 18,
            "parent": 19,
            "children": [
                14
            ],
            "user id": "1645502965",
            "user name": "懒得想名字-ing",
            "content": "回复@haiying_79661:跑进胡同的是长头发女孩子，就是一开始在外面那个，后面被穿全黑衣服裤子的胖子推了一下，她就跑胡同里面去了。我看了好几遍视频，那里是个死角，没有监控，现在一直没有她的消息。",
            "time": "22-6-11 19:04"
        },
        {
            "comment id": 19,
            "parent": 9,
            "children": [
                18
            ],
            "user id": "1115507071",
            "user name": "haiying_79661",
            "content": "回复@雨露润泽-666666:你说几个有老有小的抛家舍业疫情期间逃跑到外地，仅仅是因为伤人？这个谱都在事实里。",
            "time": "22-6-11 18:55"
        },
        {
            "comment id": 20,
            "parent": 24,
            "children": [],
            "user id": "1115507071",
            "user name": "haiying_79661",
            "content": "回复@你的晓方:女孩去了的时间点和60W到账的时间点",
            "time": "22-6-11 18:53"
        },
        {
            "comment id": 21,
            "parent": 22,
            "children": [
                10
            ],
            "user id": "5390276906",
            "user name": "盼圆儿",
            "content": "回复@陆必行的领带们:大家都不知道真实情况，你喊啥呢，都等待官方辟谣吧！",
            "time": "22-6-11 18:49"
        },
        {
            "comment id": 22,
            "parent": 9,
            "children": [
                21
            ],
            "user id": "6671421247",
            "user name": "陆必行的领带们",
            "content": "不要造谣啊！",
            "time": "22-6-11 18:38"
        },
        {
            "comment id": 23,
            "parent": 9,
            "children": [],
            "user id": "6424016381",
            "user name": "透不到我",
            "content": "你能为你说的话负责吗",
            "time": "22-6-11 18:15"
        },
        {
            "comment id": 24,
            "parent": 26,
            "children": [
                20
            ],
            "user id": "5651026913",
            "user name": "你的晓方",
            "content": "回复@haiying_79661:和谐的图片 是什么图",
            "time": "22-6-11 18:14"
        },
        {
            "comment id": 25,
            "parent": 26,
            "children": [],
            "user id": "5651026913",
            "user name": "你的晓方",
            "content": "回复@haiying_79661:我也看到很多帖子说人没了，感觉官方通报就在玩文字游戏",
            "time": "22-6-11 18:14"
        },
        {
            "comment id": 26,
            "parent": 29,
            "children": [
                24,
                25
            ],
            "user id": "1115507071",
            "user name": "haiying_79661",
            "content": "回复@你的晓方:仅仅是伤人为什么都跑到外地。",
            "time": "22-6-11 18:10"
        },
        {
            "comment id": 27,
            "parent": 9,
            "children": [],
            "user id": "6569737321",
            "user name": "饿了就吃橘子叭",
            "content": "@NGC2237_x_ 天呐",
            "time": "22-6-11 18:06"
        },
        {
            "comment id": 28,
            "parent": 30,
            "children": [],
            "user id": "1115507071",
            "user name": "haiying_79661",
            "content": "回复@开心市民小薛子:真的打了半天0315－12345没有人接，我是山东的，又找0315的打黑办一系列号码都没有人接，居然说zy再找图片时间点的那张被和谐了，现在忧心的是跑到胡同里的长发女孩还是短发女孩，要是前者就更无语了她前半段是在外面的啊",
            "time": "22-6-11 18:05"
        },
        {
            "comment id": 29,
            "parent": 9,
            "children": [
                26
            ],
            "user id": "5651026913",
            "user name": "你的晓方",
            "content": "真的？",
            "time": "22-6-11 18:01"
        },
        {
            "comment id": 30,
            "parent": 9,
            "children": [
                28
            ],
            "user id": "5680991859",
            "user name": "开心市民小薛子",
            "content": "姐妹你咋知道的，真的吗？",
            "time": "22-6-11 18:01"
        },
        {
            "comment id": 31,
            "parent": -1,
            "children": [
                32,
                34,
                35,
                36,
                37,
                38,
                39
            ],
            "user id": "5436538452",
            "user name": "我没有昵称72",
            "content": "我想知道，如果我的同伴被他们这样打？我拿刀子捅了他们，我需要坐牢吗？  请相关部门告诉我，遇到这种事，我怎样才能保护自己的人身安全？",
            "time": "22-6-11 17:38"
        },
        {
            "comment id": 32,
            "parent": 31,
            "children": [],
            "user id": "5517493262",
            "user name": "透明的lucency",
            "content": "我记得以前需要的….不知道法律有没有更改。",
            "time": "22-6-11 19:07"
        },
        {
            "comment id": 33,
            "parent": 34,
            "children": [],
            "user id": "5190060351",
            "user name": "凤隐空来",
            "content": "回复@嘘别出声哦:并没有要求一定要认识，见义勇为分很多种，为防止他人受到伤害而对施暴人采取攻击措施的见义勇为就是正当防卫，不懂不要乱说。",
            "time": "22-6-11 18:46"
        },
        {
            "comment id": 34,
            "parent": 31,
            "children": [
                33
            ],
            "user id": "7536569790",
            "user name": "嘘别出声哦",
            "content": "不认识只能算见义勇为，认识的或者是自己被打能算正当防卫，这还是在有监控和完整证据的情况下。不然很容易被定性为互殴",
            "time": "22-6-11 18:34"
        },
        {
            "comment id": 35,
            "parent": 31,
            "children": [],
            "user id": "2311656615",
            "user name": "理发不哭好孩子",
            "content": "你家里如果有能在国际局势上说过得上话的人 你捅了没事 不然有事",
            "time": "22-6-11 18:29"
        },
        {
            "comment id": 36,
            "parent": 31,
            "children": [],
            "user id": "3218095983",
            "user name": "鱼往归处",
            "content": "直到法律绝对保护见义勇为的时候，才能告诉你。",
            "time": "22-6-11 18:22"
        },
        {
            "comment id": 37,
            "parent": 31,
            "children": [],
            "user id": "5346645428",
            "user name": "莜筱妳",
            "content": "不需要，这种情况下可以刀到进行防卫，力量过于悬殊，你可以拿任何东西反抗，造成伤害也无罪，正当防卫甚至特别防卫",
            "time": "22-6-11 18:03"
        },
        {
            "comment id": 38,
            "parent": 31,
            "children": [],
            "user id": "5663910568",
            "user name": "骑上我心爱的萨酷马",
            "content": "按照法律不需要的，保护别人也算正当防卫范围内，实务中不一定，但要是我我绝对会捅",
            "time": "22-6-11 17:50"
        },
        {
            "comment id": 39,
            "parent": 31,
            "children": [],
            "user id": "6470767338",
            "user name": "Kove_Xinx",
            "content": "需要 但是如果你被打了 你自己拿刀捅死他们 可以根据具体情况判定为正当防卫",
            "time": "22-6-11 17:43"
        },
        {
            "comment id": 40,
            "parent": -1,
            "children": [
                41
            ],
            "user id": "6096400622",
            "user name": "盖浇小北叽",
            "content": "我也挺怀疑的，因为如果真的只是打伤的话，他们干什么连夜开车逃到江苏去呢，注意啊限制高消费的老赖只能开车去，不能坐高铁，是开了一天一夜的车跑路的",
            "time": "22-6-11 18:22"
        },
        {
            "comment id": 41,
            "parent": 40,
            "children": [],
            "user id": "6096400622",
            "user name": "盖浇小北叽",
            "content": "要知道这些人嚣张到之前案底是故意伤害和非法拘禁的时候，只判了两年零一个月，都没有逃窜，如果不是更严重的犯了大事，只是打伤，我觉得按他们的嚣张程度不至于这么跑",
            "time": "22-6-11 18:24"
        },
        {
            "comment id": 42,
            "parent": -1,
            "children": [
                43
            ],
            "user id": "5524983094",
            "user name": "psychic琊子",
            "content": "是那个一开始被打的女生去世了还是那个女的的朋友（白衣服的那个，头还碰到地上了）",
            "time": "22-6-11 18:28"
        },
        {
            "comment id": 43,
            "parent": 42,
            "children": [
                44
            ],
            "user id": "1645502965",
            "user name": "懒得想名字-ing",
            "content": "我看视频，应该是白衣服长头发，头被撞到梯坎上那个去世了？一直没看见她的信息。 一开始被性骚扰那个女生在icu抢救 不知道死活",
            "time": "22-6-11 19:06"
        },
        {
            "comment id": 44,
            "parent": 43,
            "children": [],
            "user id": "5524983094",
            "user name": "psychic琊子",
            "content": "回复@懒得想名字-ing:啊这。。。。",
            "time": "22-6-11 20:25"
        },
        {
            "comment id": 45,
            "parent": -1,
            "children": [
                46
            ],
            "user id": "7249688540",
            "user name": "柠檬被禁了三十天",
            "content": "我们要真相!",
            "time": "22-6-11 17:54"
        },
        {
            "comment id": 46,
            "parent": 45,
            "children": [],
            "user id": "5629372264",
            "user name": "空尽欢桐",
            "content": "九敏，这么多官方下场锤就不信，偏偏信那些造谣者的话",
            "time": "22-6-11 19:46"
        },
        {
            "comment id": 47,
            "parent": -1,
            "children": [],
            "user id": "2784349460",
            "user name": "半仙儿呆",
            "content": "我也想知道，那个最严重的到底怎么样了，心里好难受，中午都吃不下饭。",
            "time": "22-6-11 17:56"
        },
        {
            "comment id": 48,
            "parent": -1,
            "children": [],
            "user id": "6240466673",
            "user name": "农夫山拳人",
            "content": "官方的话还能相信吗@人民日报",
            "time": "22-6-11 18:18"
        },
        {
            "comment id": 49,
            "parent": -1,
            "children": [],
            "user id": "6715830110",
            "user name": "一只走钢丝的喵",
            "content": "我现在不相信任何人的话，除非给我看几个女孩的伤情，@人民日报 @央视新闻",
            "time": "22-6-11 19:10"
        },
        {
            "comment id": 50,
            "parent": -1,
            "children": [],
            "user id": "6517598639",
            "user name": "竹子染_",
            "content": "上去！",
            "time": "22-6-11 18:38"
        },
        {
            "comment id": 51,
            "parent": -1,
            "children": [],
            "user id": "7713683642",
            "user name": "1-2-4-8x",
            "content": "幸好舆论发酵，不然就是普通打架事件",
            "time": "22-6-11 18:05"
        },
        {
            "comment id": 52,
            "parent": -1,
            "children": [],
            "user id": "6227285472",
            "user name": "WBIANL",
            "content": "法律是否只是针对穷人，对于有钱有势的贪官污吏，还是依旧能一手遮天。越来越不敢相信这是一个法治社会",
            "time": "22-6-11 17:43"
        },
        {
            "comment id": 53,
            "parent": -1,
            "children": [],
            "user id": "5858116400",
            "user name": "了么掉掉嘤",
            "content": "我表示根本不信，请出示伤情照片或相关医疗记录",
            "time": "22-6-11 23:00"
        },
        {
            "comment id": 54,
            "parent": -1,
            "children": [],
            "user id": "1645502965",
            "user name": "懒得想名字-ing",
            "content": "@西藏昌都人韩红 偶像看看呢",
            "time": "22-6-11 19:01"
        },
        {
            "comment id": 55,
            "parent": -1,
            "children": [],
            "user id": "7243790158",
            "user name": "魅力美丽永恒朝夕",
            "content": "为什么没有媒体现场追踪报道一下受害者在医院的情况，进行监督一下！给人民一个交代！",
            "time": "22-6-11 18:29"
        },
        {
            "comment id": 56,
            "parent": -1,
            "children": [],
            "user id": "1880764343",
            "user name": "荷倌",
            "content": "看图3提到被车压就觉得不太可信。 被车压的视频是之前另外一个事件。并不是唐山打人。",
            "time": "22-6-11 17:55"
        },
        {
            "comment id": 57,
            "parent": -1,
            "children": [],
            "user id": "6438919294",
            "user name": "王小点这个小样",
            "content": "@人民日报 管不管了还？",
            "time": "22-6-11 19:58"
        },
        {
            "comment id": 58,
            "parent": -1,
            "children": [],
            "user id": "7737237057",
            "user name": "听阿志说RAP",
            "content": "有视频吗",
            "time": "22-6-11 19:50"
        },
        {
            "comment id": 59,
            "parent": -1,
            "children": [],
            "user id": "3843187190",
            "user name": "温盏凉",
            "content": "不晓得真实情况，蹲一个",
            "time": "22-6-11 19:41"
        },
        {
            "comment id": 60,
            "parent": -1,
            "children": [],
            "user id": "2605433915",
            "user name": "常念一二q",
            "content": "@人民日报",
            "time": "22-6-11 19:34"
        },
        {
            "comment id": 61,
            "parent": -1,
            "children": [],
            "user id": "2658221934",
            "user name": "慕烊思易ying",
            "content": "@人民日报",
            "time": "22-6-11 19:33"
        },
        {
            "comment id": 62,
            "parent": -1,
            "children": [],
            "user id": "5887816738",
            "user name": "可爱鬼小梅子",
            "content": "看监控视频了，是真的",
            "time": "22-6-11 18:58"
        },
        {
            "comment id": 63,
            "parent": -1,
            "children": [],
            "user id": "7381674538",
            "user name": "柏林和他老弟",
            "content": "顶！希望得到事情的真相！",
            "time": "22-6-11 18:53"
        },
        {
            "comment id": 64,
            "parent": -1,
            "children": [],
            "user id": "6865664792",
            "user name": "星回阿茶",
            "content": "那不是死了两个了已经",
            "time": "22-6-11 18:41"
        },
        {
            "comment id": 65,
            "parent": -1,
            "children": [],
            "user id": "5711582007",
            "user name": "你说-时光淡了谁的伤",
            "content": "事情都闹这么大了，谁敢收这60w？",
            "time": "22-6-11 18:32"
        },
        {
            "comment id": 66,
            "parent": -1,
            "children": [],
            "user id": "5386230564",
            "user name": "红hellen",
            "content": "大家一定要记住散步谣言，蛊惑人心同样也是犯罪行为！脑子清楚一点学会分辨消息的真伪！",
            "time": "22-6-11 18:21"
        },
        {
            "comment id": 67,
            "parent": -1,
            "children": [],
            "user id": "7483485655",
            "user name": "QQNanaHome",
            "content": "@明德先生 帮忙看看",
            "time": "22-6-11 18:14"
        },
        {
            "comment id": 68,
            "parent": -1,
            "children": [],
            "user id": "3925529167",
            "user name": "我勒个去郁闷了",
            "content": "还有什么能相信的",
            "time": "22-6-11 18:10"
        },
        {
            "comment id": 69,
            "parent": -1,
            "children": [],
            "user id": "6295487623",
            "user name": "怎么改啊这玩意",
            "content": "发知乎上说是谣言，但是宁可谨慎一点",
            "time": "22-6-11 18:07"
        },
        {
            "comment id": 70,
            "parent": -1,
            "children": [],
            "user id": "7187182914",
            "user name": "困觉觉不熬夜",
            "content": "你们去看看，事件梳理线那个当地医院的回应点开内容也没了",
            "time": "22-6-11 17:54"
        },
        {
            "comment id": 71,
            "parent": -1,
            "children": [],
            "user id": "5615712306",
            "user name": "皮p大的小迷妹",
            "content": "@人民日报",
            "time": "22-6-11 17:42"
        },
        {
            "comment id": 72,
            "parent": -1,
            "children": [],
            "user id": "3424717784",
            "user name": "百里怜风",
            "content": "太残忍了，这都什么年代了还有这种事情",
            "time": "22-6-11 17:39"
        },
        {
            "comment id": 73,
            "parent": -1,
            "children": [],
            "user id": "7484521473",
            "user name": "从此再无猩",
            "content": "转发",
            "time": "22-6-11 17:38"
        },
        {
            "comment id": 74,
            "parent": -1,
            "children": [],
            "user id": "6035462230",
            "user name": "小赵睡不着啊",
            "content": "上去！",
            "time": "22-6-11 17:38"
        },
        {
            "comment id": 75,
            "parent": -1,
            "children": [],
            "user id": "2036577305",
            "user name": "海德楠",
            "content": "不可能的。闹这么大，谁也捂不住这次的事件！",
            "time": "22-6-11 17:49"
        },
        {
            "comment id": 76,
            "parent": -1,
            "children": [],
            "user id": "7277777944",
            "user name": "小s7277777944",
            "content": "别信谣言   事情闹这么大   死了人谁敢瞒报",
            "time": "22-6-11 18:30"
        },
        {
            "comment id": 77,
            "parent": -1,
            "children": [
                78
            ],
            "user id": "5883058298",
            "user name": "派大唾沫星星星子",
            "content": "@Nana小辣 @-老子从不用飘柔- 真的假的？",
            "time": "22-6-11 19:14"
        },
        {
            "comment id": 78,
            "parent": 77,
            "children": [],
            "user id": "3121390812",
            "user name": "Nana小辣",
            "content": "我今天团建，给她们看那个视频 居然没人信我 还说人已经没事了 一群男的女的",
            "time": "22-6-11 20:48"
        },
        {
            "comment id": 79,
            "parent": -1,
            "children": [],
            "user id": "1645502965",
            "user name": "懒得想名字-ing",
            "content": "@人人爱重庆 @微播南川 @我爱重庆 给你们投稿，看看呢这个。麻烦了",
            "time": "22-6-11 19:00"
        },
        {
            "comment id": 80,
            "parent": -1,
            "children": [],
            "user id": "2399534624",
            "user name": "勿忘心安_曾阿牛",
            "content": "真的假的啊？ 不要这么玩吧，都这么大动静了，如果是真的那真的颠覆我的认知了",
            "time": "22-6-11 18:57"
        },
        {
            "comment id": 81,
            "parent": -1,
            "children": [
                82
            ],
            "user id": "6695400191",
            "user name": "老师好我也叫何同学111",
            "content": "@暖阳阳的小柴  我靠真的假的啊 好吓人啊",
            "time": "22-6-11 17:53"
        },
        {
            "comment id": 82,
            "parent": 81,
            "children": [],
            "user id": "6930560053",
            "user name": "暖阳阳的小柴",
            "content": "昨个就看到了，也不知道到底啥情况",
            "time": "22-6-11 18:04"
        },
        {
            "comment id": 83,
            "parent": -1,
            "children": [],
            "user id": "3716316441",
            "user name": "与光亦同尘",
            "content": "@Arklyo",
            "time": "22-6-11 17:53"
        },
        {
            "comment id": 84,
            "parent": -1,
            "children": [],
            "user id": "6064468639",
            "user name": "ZX夜白",
            "content": "哇靠……拜托让他们牢底坐穿吧🙏",
            "time": "22-6-11 17:39"
        }
    ]
}