{
    "source": {
        "content": "河南女生举报当地jc暴力殴打她父亲致死后续，女孩子的妈妈在j局门口哭着申冤，女孩好像还被请去喝茶，不让带电子产品[哆啦A夢害怕]真的太可怕了！大家一起帮忙转转\n\n#唐山举报电话更新# 小甜甜的娇妻生活的微博视频 ",
        "time": "22-6-14 12:40",
        "user id": "6837462335",
        "tweet id": "LxFqolwgt",
        "label": 1,
        "theme": null
    },
    "comment": [
        {
            "comment id": 0,
            "parent": -1,
            "children": [
                1,
                2,
                3,
                4,
                5,
                6
            ],
            "user id": "6536833799",
            "user name": "心灵手巧羊甜甜",
            "content": "大家看看我！大号被禁言了[淚]",
            "time": "22-6-14 17:36"
        },
        {
            "comment id": 1,
            "parent": 0,
            "children": [],
            "user id": "5672912735",
            "user name": "咖啡也不会苦",
            "content": "我也是",
            "time": "22-6-15 10:57"
        },
        {
            "comment id": 2,
            "parent": 0,
            "children": [],
            "user id": "6445723710",
            "user name": "小甜甜的大女人生活",
            "content": "大家看看我！我是小甜甜备用号，两个号都被禁了，大家关注下我这个！",
            "time": "22-6-15 04:50"
        },
        {
            "comment id": 3,
            "parent": 0,
            "children": [],
            "user id": "2421394094",
            "user name": "修好你哈暗",
            "content": "一起看",
            "time": "22-6-15 00:27"
        },
        {
            "comment id": 4,
            "parent": 0,
            "children": [],
            "user id": "6114621914",
            "user name": "宋得得九",
            "content": "#山东蓬莱北沟镇北王绪村村痞王成盛故意行凶打人，至今逍遥法外#  我父被烟台市蓬莱区北沟镇北王绪村王成盛故意击打头部造成头部伤害，鼻骨受损，凶手倚仗自己哥哥在村里当书记，扬言压死你不过就赔一百万！我父受伤住院费用以及康复费用至今不作赔偿，6月9日派出所告诉我们疫情期间拘留所不拘留人！",
            "time": "22-6-14 21:09"
        },
        {
            "comment id": 5,
            "parent": 0,
            "children": [],
            "user id": "6612085398",
            "user name": "宴皖宁",
            "content": "这个号也被禁言了",
            "time": "22-6-14 20:33"
        },
        {
            "comment id": 6,
            "parent": 0,
            "children": [],
            "user id": "7125066761",
            "user name": "peacehous",
            "content": "私信你了",
            "time": "22-6-14 18:57"
        },
        {
            "comment id": 7,
            "parent": -1,
            "children": [],
            "user id": "2675547264",
            "user name": "CXY的",
            "content": "这个社会只能靠微博了吗",
            "time": "22-6-14 12:42"
        },
        {
            "comment id": 8,
            "parent": -1,
            "children": [
                9,
                10,
                11,
                12,
                13,
                15,
                16,
                18,
                19
            ],
            "user id": "3294836557",
            "user name": "看见叫我早点睡觉",
            "content": "21世纪老百姓全靠微博升堂",
            "time": "22-6-14 12:56"
        },
        {
            "comment id": 9,
            "parent": 8,
            "children": [],
            "user id": "2733939311",
            "user name": "火之拳黑桃",
            "content": "通报了。造谣",
            "time": "22-6-15 12:14"
        },
        {
            "comment id": 10,
            "parent": 8,
            "children": [],
            "user id": "7285374971",
            "user name": "土豆炖虾很好吃",
            "content": "以后只能游行了",
            "time": "22-6-15 08:44"
        },
        {
            "comment id": 11,
            "parent": 8,
            "children": [],
            "user id": "7760497999",
            "user name": "蟹黄味蚕豆201307",
            "content": "线下也不让游行啊",
            "time": "22-6-15 01:21"
        },
        {
            "comment id": 12,
            "parent": 8,
            "children": [],
            "user id": "5685195620",
            "user name": "snowperi",
            "content": "猜猜微博会不会上历史",
            "time": "22-6-15 00:28"
        },
        {
            "comment id": 13,
            "parent": 8,
            "children": [],
            "user id": "3134998222",
            "user name": "退博人士偶尔回来看看",
            "content": "立即推，责令关闭微博平台",
            "time": "22-6-14 21:45"
        },
        {
            "comment id": 14,
            "parent": 16,
            "children": [],
            "user id": "5627246650",
            "user name": "你在身后比日落温柔",
            "content": "回复@进击呢:别激动 我也是这个意思  微博删帖肯定是权势要求",
            "time": "22-6-14 20:22"
        },
        {
            "comment id": 15,
            "parent": 8,
            "children": [],
            "user id": "6667581658",
            "user name": "codecodecod",
            "content": "完了呀，太悲哀了",
            "time": "22-6-14 15:58"
        },
        {
            "comment id": 16,
            "parent": 8,
            "children": [
                14
            ],
            "user id": "5883532364",
            "user name": "进击呢",
            "content": "回复@时霉霉同学:微博肯定是有收钱压热搜的行为的，那种只不过是一些娱乐明星的花边新闻罢了，有些人觉得政府会花钱压热搜买热搜就很搞笑，需要花钱吗？不就是一句话，一条命令的事。",
            "time": "22-6-14 15:37"
        },
        {
            "comment id": 17,
            "parent": 19,
            "children": [],
            "user id": "5883532364",
            "user name": "进击呢",
            "content": "回复@你在身后比日落温柔:那是微博自己撤的吗？微博作为社交媒体，巴不得用户活跃，热搜被撤很明显是公权力部门要求，微博不照做，微博就得整改了，长期的高压管控，逼的平台不得不自我审查，嗅觉异常灵敏，哪些事需要撤，微博就能自己领会，因为刑不可知，则威不可测，这就是公权力审查的力量。",
            "time": "22-6-14 15:16"
        },
        {
            "comment id": 18,
            "parent": 8,
            "children": [],
            "user id": "7499533740",
            "user name": "缘木木啾",
            "content": "解决不了（），就解决（）",
            "time": "22-6-14 14:09"
        },
        {
            "comment id": 19,
            "parent": 8,
            "children": [
                17
            ],
            "user id": "5627246650",
            "user name": "你在身后比日落温柔",
            "content": "微博也升不了啊 微博只会撤热搜 删帖 限流 禁言",
            "time": "22-6-14 14:02"
        },
        {
            "comment id": 20,
            "parent": -1,
            "children": [
                22,
                23
            ],
            "user id": "7331803311",
            "user name": "习清圈外女友",
            "content": "这就是法治社会吗？",
            "time": "22-6-14 12:47"
        },
        {
            "comment id": 21,
            "parent": 23,
            "children": [],
            "user id": "7483224078",
            "user name": "Cheng先生呀",
            "content": "回复@脱氧核糖核酸77:20世纪也好21也罢，这种事情一直都存在",
            "time": "22-6-14 16:10"
        },
        {
            "comment id": 22,
            "parent": 20,
            "children": [],
            "user id": "2822036703",
            "user name": "蜗壳的红外套_别快转秋梨膏",
            "content": "明显不是",
            "time": "22-6-14 15:09"
        },
        {
            "comment id": 23,
            "parent": 20,
            "children": [
                21
            ],
            "user id": "6686475118",
            "user name": "脱氧核糖核酸77",
            "content": "回复@脱氧核糖核酸77:真的很怀疑现在是不是21世纪",
            "time": "22-6-14 14:27"
        },
        {
            "comment id": 24,
            "parent": -1,
            "children": [
                26,
                28,
                31,
                35,
                36,
                37,
                38
            ],
            "user id": "6324838350",
            "user name": "忍冬_L",
            "content": "这还是我心中那个法治社会吗？还是那个国泰民安的国家吗？各个地方都这样草菅人命，贪污腐败渎职吗？ @光明日报 @人民日报",
            "time": "22-6-14 12:53"
        },
        {
            "comment id": 25,
            "parent": 26,
            "children": [],
            "user id": "6324838350",
            "user name": "忍冬_L",
            "content": "回复@神机猫算:在哪！这个案子出来了？",
            "time": "22-6-15 11:37"
        },
        {
            "comment id": 26,
            "parent": 24,
            "children": [
                25
            ],
            "user id": "7601839280",
            "user name": "神机猫算",
            "content": "通报出来了，你看吗？",
            "time": "22-6-15 11:24"
        },
        {
            "comment id": 27,
            "parent": 28,
            "children": [],
            "user id": "6324838350",
            "user name": "忍冬_L",
            "content": "回复@hzu-Gyn:是的，大人老人也说以前比现在难多了",
            "time": "22-6-15 09:04"
        },
        {
            "comment id": 28,
            "parent": 24,
            "children": [
                27
            ],
            "user id": "2342241042",
            "user name": "hzu-Gyn",
            "content": "现在好多了，一直就没有国泰民安啊，不过慢慢变好是一定的，这次只是变好的前奏，以前我们普通人哪里敢举报官老爷。",
            "time": "22-6-15 05:10"
        },
        {
            "comment id": 29,
            "parent": 30,
            "children": [],
            "user id": "2825475302",
            "user name": "鸡老师的肉根",
            "content": "回复@忍冬_L:一流报纸在国外",
            "time": "22-6-15 01:32"
        },
        {
            "comment id": 30,
            "parent": 31,
            "children": [
                29
            ],
            "user id": "6324838350",
            "user name": "忍冬_L",
            "content": "回复@ZedkN:那一流报纸是哪几个",
            "time": "22-6-14 18:16"
        },
        {
            "comment id": 31,
            "parent": 24,
            "children": [
                30
            ],
            "user id": "3819692144",
            "user name": "ZedkN",
            "content": "二流报纸，艾特有鸟用。",
            "time": "22-6-14 17:28"
        },
        {
            "comment id": 32,
            "parent": 38,
            "children": [],
            "user id": "6324838350",
            "user name": "忍冬_L",
            "content": "回复@辉ZZ辉:",
            "time": "22-6-14 15:01"
        },
        {
            "comment id": 33,
            "parent": 37,
            "children": [],
            "user id": "6324838350",
            "user name": "忍冬_L",
            "content": "回复@Cancelcdh:也对，以前可能没这样大爆过",
            "time": "22-6-14 15:01"
        },
        {
            "comment id": 34,
            "parent": 35,
            "children": [],
            "user id": "6324838350",
            "user name": "忍冬_L",
            "content": "回复@superDylan111:哎，真的看不得这些啊，各地老人，年轻人亲人之间",
            "time": "22-6-14 14:56"
        },
        {
            "comment id": 35,
            "parent": 24,
            "children": [
                34
            ],
            "user id": "6151534383",
            "user name": "superDylan111",
            "content": "不知道在哪里看的一句，大案看政治，中案看民意，小案看关系。",
            "time": "22-6-14 13:58"
        },
        {
            "comment id": 36,
            "parent": 24,
            "children": [],
            "user id": "5891549252",
            "user name": "聋子听哑巴说瞎子他看见了鬼",
            "content": "你还不如@我，至少我还能给你点赞",
            "time": "22-6-14 13:53"
        },
        {
            "comment id": 37,
            "parent": 24,
            "children": [
                33
            ],
            "user id": "2288056010",
            "user name": "Cancelcdh",
            "content": "你以前没看出来而已，“还是”两个字就很荒谬",
            "time": "22-6-14 13:22"
        },
        {
            "comment id": 38,
            "parent": 24,
            "children": [
                32
            ],
            "user id": "3972973033",
            "user name": "辉ZZ辉",
            "content": "逗你玩，人治社会，从来没变",
            "time": "22-6-14 12:58"
        },
        {
            "comment id": 39,
            "parent": -1,
            "children": [
                40,
                41,
                43,
                45,
                47,
                48,
                49
            ],
            "user id": "7344618047",
            "user name": "卋罖·夲屴",
            "content": " 用鲁迅先生说的话 这个社会真的糟糕透了 官官相护 苦的永远都是老百姓",
            "time": "22-6-14 13:18"
        },
        {
            "comment id": 40,
            "parent": 39,
            "children": [],
            "user id": "2733939311",
            "user name": "火之拳黑桃",
            "content": "造谣的",
            "time": "22-6-15 12:14"
        },
        {
            "comment id": 41,
            "parent": 39,
            "children": [],
            "user id": "6613699365",
            "user name": "lion_wan_g",
            "content": "鲁迅要是现代人得被骂8k吧，谁敢说party领导下的zf不好",
            "time": "22-6-14 23:59"
        },
        {
            "comment id": 42,
            "parent": 43,
            "children": [],
            "user id": "6485347260",
            "user name": "一只粟馅儿味的河豚",
            "content": "回复@老弥吃土:当代可能是有的，只不过……你懂的可能刚起个头就被",
            "time": "22-6-14 21:46"
        },
        {
            "comment id": 43,
            "parent": 39,
            "children": [
                42
            ],
            "user id": "6713757379",
            "user name": "老弥吃土",
            "content": "当代连鲁迅都没有",
            "time": "22-6-14 19:50"
        },
        {
            "comment id": 44,
            "parent": 49,
            "children": [],
            "user id": "6291321215",
            "user name": "星sassdcfffvmm",
            "content": "回复@大鹏鹏DaPeng:有人做事就有人不做事，这件事具体怎样也还要调查，别太情绪化了",
            "time": "22-6-14 18:48"
        },
        {
            "comment id": 45,
            "parent": 39,
            "children": [],
            "user id": "6291321215",
            "user name": "星sassdcfffvmm",
            "content": "回复@刘瑾轩-:你那朋友自己检讨了没，腐败不作为不是从基层开始？",
            "time": "22-6-14 18:46"
        },
        {
            "comment id": 46,
            "parent": 48,
            "children": [],
            "user id": "1781591477",
            "user name": "米波biubiu",
            "content": "回复@happiest53:我听过基层的干部说过，不要相信电视上的讲的，都是打的广告，起初我是不信的，现在我信了",
            "time": "22-6-14 16:36"
        },
        {
            "comment id": 47,
            "parent": 39,
            "children": [],
            "user id": "7734021568",
            "user name": "一指阳光128",
            "content": "这届网友不好带了",
            "time": "22-6-14 14:45"
        },
        {
            "comment id": 48,
            "parent": 39,
            "children": [
                46
            ],
            "user id": "7234191122",
            "user name": "happiest53",
            "content": "我已经不想被洗脑了，我太伤心了",
            "time": "22-6-14 14:06"
        },
        {
            "comment id": 49,
            "parent": 39,
            "children": [
                44
            ],
            "user id": "2275085175",
            "user name": "大鹏鹏DaPeng",
            "content": "最近国内的事情一个比一个无底线，大多都是政府不作为引起的，受害者都是无辜老百姓，为人民服务，看见这几个字我就想吐，放到以前谁侵犯侮辱我的国家，我肯定要骂死他，但是现在，我跟着一起骂。",
            "time": "22-6-14 14:04"
        },
        {
            "comment id": 50,
            "parent": -1,
            "children": [
                51,
                52,
                53,
                55,
                56,
                57,
                58,
                59,
                60,
                61,
                62,
                63,
                64
            ],
            "user id": "7490134140",
            "user name": "Puppy5Sung",
            "content": "@人民网 @头条新闻 @法治日报 @共青团中央 @光明日报 @光明网 @环球网 @京报网_北京日报官方网站 @人民网 @人民日报  @未来网 @新华日报 @新华社 @新华网 @新闻晨报 @央视社会与法 @央视网 @央视新闻 @扬子晚报 @长江日报 @中国青年报 @中国新闻社 @中国新闻网 @中国政府网 @央视新闻",
            "time": "22-6-14 13:08"
        },
        {
            "comment id": 51,
            "parent": 50,
            "children": [],
            "user id": "6162901875",
            "user name": "底端用户",
            "content": "集体装傻",
            "time": "22-6-15 10:20"
        },
        {
            "comment id": 52,
            "parent": 50,
            "children": [],
            "user id": "6137921672",
            "user name": "Scyyyyyyyyyyyy",
            "content": "有用嘛？你去一个一个看看他们报道的都是啥？选择性失明",
            "time": "22-6-15 04:26"
        },
        {
            "comment id": 53,
            "parent": 50,
            "children": [],
            "user id": "6861093506",
            "user name": "离离棠",
            "content": "你@ 他们还不如@ 我，好歹我会给你点赞",
            "time": "22-6-15 02:40"
        },
        {
            "comment id": 54,
            "parent": 61,
            "children": [],
            "user id": "5255499178",
            "user name": "迪迦下凡一打四",
            "content": "回复@一指阳光128:叫你加油生孩子 免得中国没人了",
            "time": "22-6-14 23:16"
        },
        {
            "comment id": 55,
            "parent": 50,
            "children": [],
            "user id": "7735661871",
            "user name": "在公司加班444",
            "content": "有用吗？",
            "time": "22-6-14 21:22"
        },
        {
            "comment id": 56,
            "parent": 50,
            "children": [],
            "user id": "5863858240",
            "user name": "M熙月M",
            "content": "没用的",
            "time": "22-6-14 20:17"
        },
        {
            "comment id": 57,
            "parent": 50,
            "children": [],
            "user id": "1374581044",
            "user name": "卓然angel",
            "content": "看了你的这些艾特感觉好无力",
            "time": "22-6-14 17:07"
        },
        {
            "comment id": 58,
            "parent": 50,
            "children": [],
            "user id": "5910090371",
            "user name": "十五只鹿",
            "content": "难为你了",
            "time": "22-6-14 15:25"
        },
        {
            "comment id": 59,
            "parent": 50,
            "children": [],
            "user id": "5342401828",
            "user name": "107大学在职研究生",
            "content": "它们只会在大软件上置顶，过滤评论。",
            "time": "22-6-14 15:11"
        },
        {
            "comment id": 60,
            "parent": 50,
            "children": [],
            "user id": "5092664547",
            "user name": "ZOE_uknoW",
            "content": "@河南检察 @清风鹤壁",
            "time": "22-6-14 14:58"
        },
        {
            "comment id": 61,
            "parent": 50,
            "children": [
                54
            ],
            "user id": "7734021568",
            "user name": "一指阳光128",
            "content": "他们只会教育你捋起袖子加油干。",
            "time": "22-6-14 14:45"
        },
        {
            "comment id": 62,
            "parent": 50,
            "children": [],
            "user id": "6180534719",
            "user name": "软柿子2623",
            "content": "他们唯一会做的就是堵嘴删视频",
            "time": "22-6-14 14:27"
        },
        {
            "comment id": 63,
            "parent": 50,
            "children": [],
            "user id": "2275085175",
            "user name": "大鹏鹏DaPeng",
            "content": "别艾特了，这一群人上人，怎么会管你小老百姓的事情。",
            "time": "22-6-14 14:09"
        },
        {
            "comment id": 64,
            "parent": 50,
            "children": [],
            "user id": "6047698002",
            "user name": "张传远6047698002",
            "content": "他们会谢谢你",
            "time": "22-6-14 14:02"
        },
        {
            "comment id": 65,
            "parent": -1,
            "children": [
                66,
                68,
                72,
                77,
                78,
                79,
                80,
                81,
                82
            ],
            "user id": "5726048251",
            "user name": "诶嘿诶嘿噗哈哈",
            "content": "帮原博主代发： 很抱歉占用大家的时间，刚刚警局给我看了调查的过程，跟我所描述的有些出入。我的主观意识强烈，可能有些地方过于偏激。然后最后的结果和责任我都要承担，说实话我有点儿害怕。警方也在处理了，我和家人还是希望可以通过调解解决。也感谢网友们对我积极的帮助，谢谢你们。",
            "time": "22-6-14 13:49"
        },
        {
            "comment id": 66,
            "parent": 65,
            "children": [],
            "user id": "1622965987",
            "user name": "_逆影_",
            "content": "他们不想承担责任，就骗涉世未深的小姑娘说她要承担责任，上面没人给压力，不查清楚才是什么责任都任他们污蔑了。",
            "time": "22-6-15 02:06"
        },
        {
            "comment id": 67,
            "parent": 80,
            "children": [],
            "user id": "5685195620",
            "user name": "snowperi",
            "content": "回复@啸慠东轩下:不应该尊重博主选择。我们现在之所以都在当键盘侠更是为了不要让这些事情存在在社会上，不单单是为了强制执行调查什么事情。",
            "time": "22-6-15 00:32"
        },
        {
            "comment id": 68,
            "parent": 65,
            "children": [],
            "user id": "5685195620",
            "user name": "snowperi",
            "content": "怎么个出入法？本质没问题吧！殴打是事实吧！死亡是事实吧！",
            "time": "22-6-15 00:30"
        },
        {
            "comment id": 69,
            "parent": 70,
            "children": [],
            "user id": "6731879336",
            "user name": "Mithridatium",
            "content": "回复@竹深偏清:救命。。如果后续会和蛋糕店主还有北京隧道女生一样的话那我真的会对这群人彻底无语",
            "time": "22-6-14 22:38"
        },
        {
            "comment id": 70,
            "parent": 76,
            "children": [
                69
            ],
            "user id": "5516811604",
            "user name": "竹深偏清",
            "content": "回复@款款b7:啊天哪。。。不知道该说什么，，",
            "time": "22-6-14 19:10"
        },
        {
            "comment id": 71,
            "parent": 72,
            "children": [],
            "user id": "6291321215",
            "user name": "星sassdcfffvmm",
            "content": "回复@Herodias003:那还是dna没你嘴巴可信是吧",
            "time": "22-6-14 18:47"
        },
        {
            "comment id": 72,
            "parent": 65,
            "children": [
                71
            ],
            "user id": "2609662953",
            "user name": "Herodias003",
            "content": "丰县之后如果再有人信那只能说尊重祝福生生世世种花家",
            "time": "22-6-14 18:10"
        },
        {
            "comment id": 73,
            "parent": 78,
            "children": [],
            "user id": "7302705028",
            "user name": "玛卡巴卡辉·",
            "content": "回复@竹深偏清:是真的 在同学群里就是这样发的 但是不晓得为何这里没办法发图片",
            "time": "22-6-14 17:26"
        },
        {
            "comment id": 74,
            "parent": 76,
            "children": [],
            "user id": "7362369204",
            "user name": "引楼",
            "content": "回复@款款b7:不会被控制了吧……好无语啊",
            "time": "22-6-14 16:45"
        },
        {
            "comment id": 75,
            "parent": 79,
            "children": [],
            "user id": "3360679354",
            "user name": "一入绯色深似海",
            "content": "回复@玛卡巴卡辉·:",
            "time": "22-6-14 16:05"
        },
        {
            "comment id": 76,
            "parent": 78,
            "children": [
                70,
                74
            ],
            "user id": "6445870400",
            "user name": "款款b7",
            "content": "回复@竹深偏清:是真的，这位姐妹也给我发了，我不知道怎么做才对……",
            "time": "22-6-14 16:01"
        },
        {
            "comment id": 77,
            "parent": 65,
            "children": [],
            "user id": "7312505442",
            "user name": "2021爱吃瓜",
            "content": "？？真的假的",
            "time": "22-6-14 15:39"
        },
        {
            "comment id": 78,
            "parent": 65,
            "children": [
                73,
                76
            ],
            "user id": "5516811604",
            "user name": "竹深偏清",
            "content": "嗯？这是真的代发还是反讽啊",
            "time": "22-6-14 15:19"
        },
        {
            "comment id": 79,
            "parent": 65,
            "children": [
                75
            ],
            "user id": "7302705028",
            "user name": "玛卡巴卡辉·",
            "content": "现在需要鹤壁公安当局 尽快发一个公告或者声明",
            "time": "22-6-14 14:28"
        },
        {
            "comment id": 80,
            "parent": 65,
            "children": [
                67
            ],
            "user id": "7279459065",
            "user name": "啸慠东轩下",
            "content": "upup",
            "time": "22-6-14 13:53"
        },
        {
            "comment id": 81,
            "parent": 65,
            "children": [],
            "user id": "7279459065",
            "user name": "啸慠东轩下",
            "content": "感谢网友支持",
            "time": "22-6-14 13:51"
        },
        {
            "comment id": 82,
            "parent": 65,
            "children": [],
            "user id": "7279459065",
            "user name": "啸慠东轩下",
            "content": "🙏🙏尊重博主选择",
            "time": "22-6-14 13:50"
        },
        {
            "comment id": 83,
            "parent": -1,
            "children": [
                84,
                85,
                86
            ],
            "user id": "6096334302",
            "user name": "GabrielAsh",
            "content": "21世纪20年代，微博成为中国人民惩治罪犯的主战场。",
            "time": "22-6-14 13:58"
        },
        {
            "comment id": 84,
            "parent": 83,
            "children": [],
            "user id": "6713757379",
            "user name": "老弥吃土",
            "content": "笑死",
            "time": "22-6-14 19:50"
        },
        {
            "comment id": 85,
            "parent": 83,
            "children": [],
            "user id": "5198049392",
            "user name": "尤闭文",
            "content": "2050年历史考题：2022年，老百姓主要通过（     ）维护基本权利",
            "time": "22-6-14 17:08"
        },
        {
            "comment id": 86,
            "parent": 83,
            "children": [],
            "user id": "2249382910",
            "user name": "IZUMI-DF",
            "content": "很快不会有了",
            "time": "22-6-14 15:13"
        },
        {
            "comment id": 87,
            "parent": -1,
            "children": [
                88,
                89
            ],
            "user id": "1965019093",
            "user name": "RUMBanBan",
            "content": "@人民日报 @央视新闻 @人民日报 @央视新闻 我相信你们可以调查清楚 给她们一个公道",
            "time": "22-6-14 13:10"
        },
        {
            "comment id": 88,
            "parent": 87,
            "children": [],
            "user id": "2275085175",
            "user name": "大鹏鹏DaPeng",
            "content": "一条船上的",
            "time": "22-6-14 14:09"
        },
        {
            "comment id": 89,
            "parent": 87,
            "children": [],
            "user id": "7347117138",
            "user name": "桃桃麻薯奶冰",
            "content": "相信啥啊，这几个删的比谁都快",
            "time": "22-6-14 13:16"
        },
        {
            "comment id": 90,
            "parent": -1,
            "children": [
                91
            ],
            "user id": "7547672146",
            "user name": "甜赞星球维护员",
            "content": "这是法治社会吗？",
            "time": "22-6-14 13:10"
        },
        {
            "comment id": 91,
            "parent": 90,
            "children": [],
            "user id": "1781591477",
            "user name": "米波biubiu",
            "content": "图片评论 查看图片",
            "time": "22-6-14 15:27"
        },
        {
            "comment id": 92,
            "parent": -1,
            "children": [],
            "user id": "7624296118",
            "user name": "值钱爱吃小水果_",
            "content": "#唐山举报电话更新# ",
            "time": "22-6-14 12:45"
        },
        {
            "comment id": 93,
            "parent": -1,
            "children": [],
            "user id": "6862458364",
            "user name": "唱卡拉OK的唐三藏",
            "content": "兴，百姓苦，亡，百姓苦",
            "time": "22-6-14 14:26"
        },
        {
            "comment id": 94,
            "parent": -1,
            "children": [],
            "user id": "5478837598",
            "user name": "xxx鹤川",
            "content": "《法制社会》",
            "time": "22-6-14 14:28"
        },
        {
            "comment id": 95,
            "parent": -1,
            "children": [
                96
            ],
            "user id": "7339115021",
            "user name": "牛市越懒越赚",
            "content": "只有网络才能保护老百姓了，比封建社会还黑",
            "time": "22-6-14 13:14"
        },
        {
            "comment id": 96,
            "parent": 95,
            "children": [],
            "user id": "1763996150",
            "user name": "偷小孩的胖胖团子",
            "content": "保护谈不上",
            "time": "22-6-15 08:17"
        },
        {
            "comment id": 97,
            "parent": -1,
            "children": [],
            "user id": "6322886604",
            "user name": "甲午大汉",
            "content": "人民迟早要反！",
            "time": "22-6-14 13:45"
        },
        {
            "comment id": 98,
            "parent": -1,
            "children": [
                99
            ],
            "user id": "5316202207",
            "user name": "我的咸鱼最可爱",
            "content": "我也曾经报警被关到半夜。警察放走暴力男，说我被害妄想症，把我妈也关在了隔壁，不给吃的上厕所也看着。被关两次了，笔录做的是我打人，对，我报警我打人，我真行。除了法院我哪里都不信",
            "time": "22-6-14 16:13"
        },
        {
            "comment id": 99,
            "parent": 98,
            "children": [],
            "user id": "3810640161",
            "user name": "雪桃蛋糕",
            "content": "法院也不能信的，本人经验",
            "time": "22-6-14 17:04"
        },
        {
            "comment id": 100,
            "parent": -1,
            "children": [
                101
            ],
            "user id": "6306872083",
            "user name": "元气少女-K921",
            "content": "我的天！现在这是怎么了？",
            "time": "22-6-14 12:55"
        },
        {
            "comment id": 101,
            "parent": 100,
            "children": [],
            "user id": "7633674669",
            "user name": "xwaery_89",
            "content": "一直都是",
            "time": "22-6-15 01:16"
        },
        {
            "comment id": 102,
            "parent": -1,
            "children": [],
            "user id": "2733939311",
            "user name": "火之拳黑桃",
            "content": "通报了 ",
            "time": "22-6-15 10:48"
        },
        {
            "comment id": 103,
            "parent": -1,
            "children": [],
            "user id": "1158206781",
            "user name": "高电流啤酒",
            "content": "转发微博",
            "time": "22-6-14 12:43"
        },
        {
            "comment id": 104,
            "parent": -1,
            "children": [],
            "user id": "5863385364",
            "user name": "QuadStu",
            "content": "",
            "time": "22-6-14 12:42"
        },
        {
            "comment id": 105,
            "parent": -1,
            "children": [
                106
            ],
            "user id": "7251548672",
            "user name": "的的喀喀湖_",
            "content": "……",
            "time": "22-6-14 15:23"
        },
        {
            "comment id": 106,
            "parent": 105,
            "children": [],
            "user id": "5512270195",
            "user name": "郑在玹宣我",
            "content": "我要气死了",
            "time": "22-6-14 18:20"
        },
        {
            "comment id": 107,
            "parent": -1,
            "children": [
                108
            ],
            "user id": "6527963358",
            "user name": "鸽鸽会鸽不会飞",
            "content": "这世界怎么了",
            "time": "22-6-14 13:07"
        },
        {
            "comment id": 108,
            "parent": 107,
            "children": [],
            "user id": "6706431567",
            "user name": "bdciirun",
            "content": "是这个郭嘉怎么了",
            "time": "22-6-15 11:23"
        },
        {
            "comment id": 109,
            "parent": -1,
            "children": [],
            "user id": "6448951859",
            "user name": "一睡不醒懒羊羊",
            "content": "我的天...",
            "time": "22-6-14 16:16"
        },
        {
            "comment id": 110,
            "parent": -1,
            "children": [],
            "user id": "5872003867",
            "user name": "雲端戀人",
            "content": "真的太难受了",
            "time": "22-6-14 16:12"
        },
        {
            "comment id": 111,
            "parent": -1,
            "children": [],
            "user id": "1834584097",
            "user name": "简单爱lovelj",
            "content": "鹤壁JC是黑社会吗",
            "time": "22-6-14 13:03"
        },
        {
            "comment id": 112,
            "parent": -1,
            "children": [],
            "user id": "7425116950",
            "user name": "tencoun_",
            "content": "辟谣了",
            "time": "22-6-15 12:12"
        },
        {
            "comment id": 113,
            "parent": -1,
            "children": [],
            "user id": "6355301380",
            "user name": "topiyercvbnklo",
            "content": "不实消息，一些人骂什么啊",
            "time": "22-6-15 11:41"
        },
        {
            "comment id": 114,
            "parent": -1,
            "children": [],
            "user id": "5986003177",
            "user name": "Mr曹有道",
            "content": "起来吧，不愿意做奴隶的人们",
            "time": "22-6-14 13:45"
        },
        {
            "comment id": 115,
            "parent": -1,
            "children": [],
            "user id": "1744983792",
            "user name": "周周的祈祷",
            "content": "天呐",
            "time": "22-6-14 13:25"
        },
        {
            "comment id": 116,
            "parent": -1,
            "children": [],
            "user id": "5013228985",
            "user name": "菠萝大仙是平安京的小烤肉",
            "content": "该下跪的不该是她",
            "time": "22-6-15 04:27"
        },
        {
            "comment id": 117,
            "parent": -1,
            "children": [],
            "user id": "6522656872",
            "user name": "穆穆笙笙",
            "content": "@央视新闻 有事没事还是多关注民生",
            "time": "22-6-15 01:24"
        },
        {
            "comment id": 118,
            "parent": -1,
            "children": [],
            "user id": "7327682952",
            "user name": "遇风記-",
            "content": "好可怕@人民日报",
            "time": "22-6-14 23:16"
        },
        {
            "comment id": 119,
            "parent": -1,
            "children": [],
            "user id": "2072280477",
            "user name": "红紫女士",
            "content": "希望这一次中央可以出手，全国范围内大力整顿一番，否则人心渐失了……",
            "time": "22-6-14 15:59"
        },
        {
            "comment id": 120,
            "parent": -1,
            "children": [],
            "user id": "3310152474",
            "user name": "哦莫二阿",
            "content": "唐山这个地方上面不准备下来彻查到底吗不会连一个垫背的都找不到吧",
            "time": "22-6-14 15:34"
        },
        {
            "comment id": 121,
            "parent": -1,
            "children": [],
            "user id": "6340130249",
            "user name": "北阿漓",
            "content": "太黑了",
            "time": "22-6-15 00:13"
        },
        {
            "comment id": 122,
            "parent": -1,
            "children": [],
            "user id": "5290223250",
            "user name": "什么芝士桃桃",
            "content": "今夕是何年啊啊啊啊啊啊啊啊啊啊啊[淚]",
            "time": "22-6-14 21:57"
        },
        {
            "comment id": 123,
            "parent": -1,
            "children": [
                127,
                128
            ],
            "user id": "5258089072",
            "user name": "木子忆琪-",
            "content": "我是本地的，真的很会和稀泥   自身经历",
            "time": "22-6-14 18:14"
        },
        {
            "comment id": 124,
            "parent": 125,
            "children": [],
            "user id": "5258089072",
            "user name": "木子忆琪-",
            "content": "回复@气馁君Way_out:他也是夜里，那段时间天天睡前检查门窗，提心吊胆了。不过年初我们搬新家了，老家那边剩奶奶看家了。我们也经常回老家看。不过庆幸大队还有身边的朋友都帮我们，因为我们有理，是他无理取闹，我妈妈都气出病了，老是觉得好人不长命。我看开了。只要他没胆干出格的事。我应该可以先熬4⃣️他",
            "time": "22-6-14 22:34"
        },
        {
            "comment id": 125,
            "parent": 126,
            "children": [
                124
            ],
            "user id": "3568069513",
            "user name": "气馁君Way_out",
            "content": "回复@木子忆琪-:好讨厌这种人，以前我家门口被这种混混砸了个大坑，我那会还小，晚上特别怕他们来我家闹事",
            "time": "22-6-14 22:09"
        },
        {
            "comment id": 126,
            "parent": 127,
            "children": [
                125
            ],
            "user id": "5258089072",
            "user name": "木子忆琪-",
            "content": "回复@气馁君Way_out:打过市长热线  当时的确有用，但耐不住我们遇见的是个无赖，派出所给他的协议都敢撕    派出所再次传唤，他说他在外面打工。说等他回家再说 麻了。他是我家邻居，喝醉酒来家闹事，我们怕他再闹就在门口装了摄像头想着他会收敛，又被他打坏 等再出现闹事情况我们就准备走民事诉讼了",
            "time": "22-6-14 22:01"
        },
        {
            "comment id": 127,
            "parent": 123,
            "children": [
                126
            ],
            "user id": "3568069513",
            "user name": "气馁君Way_out",
            "content": "上访管用吗",
            "time": "22-6-14 21:40"
        },
        {
            "comment id": 128,
            "parent": 123,
            "children": [],
            "user id": "5258089072",
            "user name": "木子忆琪-",
            "content": "我家去年冬天的事，现在还没解决",
            "time": "22-6-14 18:15"
        },
        {
            "comment id": 129,
            "parent": -1,
            "children": [],
            "user id": "2767074711",
            "user name": "Yelson叶绅",
            "content": "现在很多地方的jc都已经如此腐败了吗",
            "time": "22-6-14 17:33"
        },
        {
            "comment id": 130,
            "parent": -1,
            "children": [],
            "user id": "7321514820",
            "user name": "手机被黑客入侵控制后",
            "content": "@钟雪灵 为什么回复不了你微博",
            "time": "22-6-14 17:04"
        },
        {
            "comment id": 131,
            "parent": -1,
            "children": [],
            "user id": "7045489325",
            "user name": "取个名字怎么会这么nan",
            "content": "顶顶",
            "time": "22-6-14 16:05"
        },
        {
            "comment id": 132,
            "parent": -1,
            "children": [],
            "user id": "2072280477",
            "user name": "红紫女士",
            "content": "@中国新闻周刊 请为正义发声啊！",
            "time": "22-6-14 15:29"
        },
        {
            "comment id": 133,
            "parent": -1,
            "children": [],
            "user id": "5585519478",
            "user name": "越努力越温暖",
            "content": "@人民日报 @法治日报 @央视新闻 @紫光阁 @CCTV今日说法",
            "time": "22-6-14 15:29"
        },
        {
            "comment id": 134,
            "parent": -1,
            "children": [],
            "user id": "2270462511",
            "user name": "我欲穿佛衣",
            "content": "微博会删你的贴，会禁你的言，会封你的号",
            "time": "22-6-14 14:49"
        },
        {
            "comment id": 135,
            "parent": -1,
            "children": [],
            "user id": "3256674760",
            "user name": "谷雨红呀",
            "content": "逼上梁山",
            "time": "22-6-14 13:44"
        },
        {
            "comment id": 136,
            "parent": -1,
            "children": [],
            "user id": "1095659245",
            "user name": "啵啵奶膘酷酷",
            "content": "@廊坊公安网络发言人 @廊坊公安网络发言人 @廊坊公安网络发言人",
            "time": "22-6-14 13:39"
        },
        {
            "comment id": 137,
            "parent": -1,
            "children": [],
            "user id": "1095659245",
            "user name": "啵啵奶膘酷酷",
            "content": "@人民日报 @人民日报 @人民日报",
            "time": "22-6-14 13:39"
        },
        {
            "comment id": 138,
            "parent": -1,
            "children": [
                139
            ],
            "user id": "6986115570",
            "user name": "LTYLZD",
            "content": "@胡锡进",
            "time": "22-6-14 13:35"
        },
        {
            "comment id": 139,
            "parent": 138,
            "children": [],
            "user id": "6047698002",
            "user name": "张传远6047698002",
            "content": "还有艾特胡锡进的",
            "time": "22-6-14 14:06"
        },
        {
            "comment id": 140,
            "parent": -1,
            "children": [],
            "user id": "5301672174",
            "user name": "冲着鹿晗bia唧一口",
            "content": "@央视新闻 @人民日报 ",
            "time": "22-6-14 13:34"
        },
        {
            "comment id": 141,
            "parent": -1,
            "children": [],
            "user id": "6509126011",
            "user name": "葡萄车厘子芒果2号",
            "content": "老百姓无处申冤只能靠微博升堂了？",
            "time": "22-6-14 13:28"
        },
        {
            "comment id": 142,
            "parent": -1,
            "children": [],
            "user id": "6377525781",
            "user name": "吸猫晚期患者7085",
            "content": "顶顶",
            "time": "22-6-14 12:46"
        },
        {
            "comment id": 143,
            "parent": -1,
            "children": [
                145
            ],
            "user id": "5598738376",
            "user name": "梨泰院xxxiiye",
            "content": "为什么这条微博显示为不实消息啊",
            "time": "22-6-15 11:15"
        },
        {
            "comment id": 144,
            "parent": 145,
            "children": [],
            "user id": "5598738376",
            "user name": "梨泰院xxxiiye",
            "content": "回复@神机猫算:好的我看还有人在顶来着",
            "time": "22-6-15 11:49"
        },
        {
            "comment id": 145,
            "parent": 143,
            "children": [
                144
            ],
            "user id": "7601839280",
            "user name": "神机猫算",
            "content": "因为是不实消息。",
            "time": "22-6-15 11:21"
        },
        {
            "comment id": 146,
            "parent": -1,
            "children": [],
            "user id": "3226960467",
            "user name": "荔枝椰果不加糖",
            "content": "假的 别造谣了",
            "time": "22-6-15 10:58"
        },
        {
            "comment id": 147,
            "parent": -1,
            "children": [],
            "user id": "7187261540",
            "user name": "X玖少年团肖战DAYTCY",
            "content": "离谱啊",
            "time": "22-6-14 15:36"
        },
        {
            "comment id": 148,
            "parent": -1,
            "children": [],
            "user id": "6518654688",
            "user name": "抹茶小糖豆er",
            "content": "好，新的一天从新的冤案开始",
            "time": "22-6-14 15:36"
        },
        {
            "comment id": 149,
            "parent": -1,
            "children": [],
            "user id": "2479224565",
            "user name": "不恐高的Sharon",
            "content": "现在真的是，越发离谱了……",
            "time": "22-6-14 15:33"
        },
        {
            "comment id": 150,
            "parent": -1,
            "children": [],
            "user id": "7720231392",
            "user name": "让梦飞翔爱米艾n",
            "content": "关注关注",
            "time": "22-6-14 15:31"
        },
        {
            "comment id": 151,
            "parent": -1,
            "children": [],
            "user id": "6260611278",
            "user name": "我心菲溪",
            "content": "某些人这是要翻天吗？",
            "time": "22-6-14 15:25"
        },
        {
            "comment id": 152,
            "parent": -1,
            "children": [],
            "user id": "5831001307",
            "user name": "矛盾统一体lie",
            "content": "@阿哆IK 真无语啊",
            "time": "22-6-14 15:22"
        },
        {
            "comment id": 153,
            "parent": -1,
            "children": [],
            "user id": "6762388093",
            "user name": "小玖要与世无争",
            "content": "我老家隔壁的区",
            "time": "22-6-14 15:22"
        },
        {
            "comment id": 154,
            "parent": -1,
            "children": [],
            "user id": "2249382910",
            "user name": "IZUMI-DF",
            "content": "现在还能让微博发点力，说实话如果被查水表的怎么办？",
            "time": "22-6-14 15:10"
        },
        {
            "comment id": 155,
            "parent": -1,
            "children": [],
            "user id": "3071953852",
            "user name": "松风雪鹤",
            "content": "？？",
            "time": "22-6-14 13:30"
        },
        {
            "comment id": 156,
            "parent": -1,
            "children": [],
            "user id": "1079814794",
            "user name": "兔宝请多指教",
            "content": "扩",
            "time": "22-6-14 13:18"
        },
        {
            "comment id": 157,
            "parent": -1,
            "children": [],
            "user id": "6606224613",
            "user name": "爱是赢家95",
            "content": "转扩",
            "time": "22-6-14 13:15"
        },
        {
            "comment id": 158,
            "parent": -1,
            "children": [],
            "user id": "7659248598",
            "user name": "十三块凤梨糕",
            "content": "创个话题吧",
            "time": "22-6-14 13:11"
        },
        {
            "comment id": 159,
            "parent": -1,
            "children": [],
            "user id": "7659248598",
            "user name": "十三块凤梨糕",
            "content": "up up",
            "time": "22-6-14 13:10"
        },
        {
            "comment id": 160,
            "parent": -1,
            "children": [],
            "user id": "5754115766",
            "user name": "什么时候我能养猫",
            "content": "希望正义来临",
            "time": "22-6-14 13:05"
        },
        {
            "comment id": 161,
            "parent": -1,
            "children": [],
            "user id": "6232230363",
            "user name": "皎月银银",
            "content": "唉",
            "time": "22-6-14 13:04"
        },
        {
            "comment id": 162,
            "parent": -1,
            "children": [],
            "user id": "3564446010",
            "user name": "小蟹Vo",
            "content": "唉……顶一下",
            "time": "22-6-14 13:03"
        },
        {
            "comment id": 163,
            "parent": -1,
            "children": [],
            "user id": "5599645714",
            "user name": "喵星小状元",
            "content": "@央视新闻",
            "time": "22-6-15 03:11"
        },
        {
            "comment id": 164,
            "parent": -1,
            "children": [],
            "user id": "3028510443",
            "user name": "大名西红柿",
            "content": "我去",
            "time": "22-6-15 00:58"
        },
        {
            "comment id": 165,
            "parent": -1,
            "children": [],
            "user id": "3800181848",
            "user name": "所有时间在结冰",
            "content": "我能理解为什么全世界都针对中国",
            "time": "22-6-15 00:25"
        },
        {
            "comment id": 166,
            "parent": -1,
            "children": [],
            "user id": "1977552651",
            "user name": "人类不能没修勾",
            "content": "助力！！！！",
            "time": "22-6-15 00:14"
        },
        {
            "comment id": 167,
            "parent": -1,
            "children": [],
            "user id": "5999447959",
            "user name": "该你当鬼了",
            "content": "我真的想象不出来这些事情会是在最近 在和平年代 在21世纪 在2022",
            "time": "22-6-15 00:01"
        },
        {
            "comment id": 168,
            "parent": -1,
            "children": [],
            "user id": "7566089556",
            "user name": "今儿吐泡泡了吗",
            "content": "请各位网友帮忙顶顶！如果情况属实，性质很恶劣！热度会被压！举报人可能会遭受报复！感谢🙏请尽可能帮助他们！",
            "time": "22-6-15 00:00"
        },
        {
            "comment id": 169,
            "parent": -1,
            "children": [],
            "user id": "5487744549",
            "user name": "VERA-VK",
            "content": "",
            "time": "22-6-14 23:55"
        },
        {
            "comment id": 170,
            "parent": -1,
            "children": [],
            "user id": "7292439577",
            "user name": "论说事",
            "content": "太可怕了，司法乱纪腐败",
            "time": "22-6-14 22:41"
        },
        {
            "comment id": 171,
            "parent": -1,
            "children": [],
            "user id": "6246334948",
            "user name": "Shark_Fin",
            "content": "热度不要降下去",
            "time": "22-6-14 22:22"
        },
        {
            "comment id": 172,
            "parent": -1,
            "children": [],
            "user id": "6986090259",
            "user name": "霖次元美少女",
            "content": "@人民日报 @人民网 @央视新闻 ",
            "time": "22-6-14 22:03"
        },
        {
            "comment id": 173,
            "parent": -1,
            "children": [],
            "user id": "5238953052",
            "user name": "在海里oO",
            "content": "#唐山举报电话更新# 啊啊啊啊啊",
            "time": "22-6-14 18:42"
        }
    ]
}