{
    "source": {
        "content": "#唐山疑似官匪勾结#拒当地知情者透露 两名白衣女子 一名在ICU 一名已经去世 可是官方发出来的是无生命危险 而且其中一男的花60w已经把自己赎出来了 这次我竟然看不清五角星 ",
        "time": "22-6-11 19:33",
        "user id": "7568533627",
        "tweet id": "LxfQs7OzL",
        "label": 1,
        "theme": null
    },
    "comment": [
        {
            "comment id": 0,
            "parent": -1,
            "children": [
                2
            ],
            "user id": "7749870718",
            "user name": "我的儿子叫圈圈",
            "content": "我草真的吓人",
            "time": "22-6-11 19:35"
        },
        {
            "comment id": 1,
            "parent": 2,
            "children": [],
            "user id": "7568533627",
            "user name": "小梨的油条",
            "content": "回复@穿着网袜的瑶妹:最开始被暴打的女孩子和后来被跑巷子里的，只不过被打的血把衣服都染红了",
            "time": "22-6-11 19:56"
        },
        {
            "comment id": 2,
            "parent": 0,
            "children": [
                1
            ],
            "user id": "7368285361",
            "user name": "穿着网袜的瑶妹",
            "content": "哪有两个白衣女子？？？？",
            "time": "22-6-11 19:53"
        },
        {
            "comment id": 3,
            "parent": -1,
            "children": [
                4
            ],
            "user id": "7510181511",
            "user name": "夏宋祁",
            "content": "无语这都有人举报",
            "time": "22-6-11 20:43"
        },
        {
            "comment id": 4,
            "parent": 3,
            "children": [],
            "user id": "7510181511",
            "user name": "夏宋祁",
            "content": "这个不是事实吗？一直被压着而已，我在转发里面都可以看到证据，怎么会不实",
            "time": "22-6-11 20:44"
        }
    ]
}