{
    "source": {
        "content": "江苏的女孩实名举报，被几个男人殴打，同行伙伴致死，视频发不出来，只能讲述过程…#唐山群众排队四小时未进接待室# Weiniyuki的微博视频 ",
        "time": "22-6-14 16:27",
        "user id": "5885689890",
        "tweet id": "LxGUy1Xnm",
        "label": 1,
        "theme": null
    },
    "comment": [
        {
            "comment id": 0,
            "parent": -1,
            "children": [],
            "user id": "6190110423",
            "user name": "六月的芦草",
            "content": "无法无天啊",
            "time": "22-6-14 17:13"
        },
        {
            "comment id": 1,
            "parent": -1,
            "children": [
                2
            ],
            "user id": "1406224064",
            "user name": "雨楼0222",
            "content": "南通公安已经辟谣了，此女的丈夫用菜刀将他人砍成重伤，已经被拘捕了。",
            "time": "22-6-14 23:12"
        },
        {
            "comment id": 2,
            "parent": 1,
            "children": [],
            "user id": "6446107678",
            "user name": "妙町份羔优必",
            "content": "那为啥这个人还来网上实名举报啊，，",
            "time": "22-6-15 22:20"
        },
        {
            "comment id": 3,
            "parent": -1,
            "children": [],
            "user id": "1954925987",
            "user name": "源于1949",
            "content": "上去",
            "time": "22-6-14 16:38"
        },
        {
            "comment id": 4,
            "parent": -1,
            "children": [],
            "user id": "6189344397",
            "user name": "_GuMing",
            "content": "@人民日报 @央视新闻",
            "time": "22-6-14 17:25"
        },
        {
            "comment id": 5,
            "parent": -1,
            "children": [],
            "user id": "3202159157",
            "user name": "五月五日忆山东兄弟",
            "content": "@央视新闻",
            "time": "22-6-14 16:58"
        },
        {
            "comment id": 6,
            "parent": -1,
            "children": [],
            "user id": "6446107678",
            "user name": "妙町份羔优必",
            "content": "救命🆘",
            "time": "22-6-14 16:31"
        },
        {
            "comment id": 7,
            "parent": -1,
            "children": [],
            "user id": "6190110423",
            "user name": "六月的芦草",
            "content": "@人民日报 @央视新闻",
            "time": "22-6-14 17:14"
        },
        {
            "comment id": 8,
            "parent": -1,
            "children": [],
            "user id": "2538774772",
            "user name": "沈亦青辰",
            "content": "黑暗的一会",
            "time": "22-6-14 23:52"
        },
        {
            "comment id": 9,
            "parent": -1,
            "children": [],
            "user id": "6674677966",
            "user name": "风语者198209",
            "content": "每个城市真正的黑打了多少",
            "time": "22-6-14 22:44"
        },
        {
            "comment id": 10,
            "parent": -1,
            "children": [],
            "user id": "3115393591",
            "user name": "小白婷好的",
            "content": "感恩网络",
            "time": "22-6-14 22:42"
        },
        {
            "comment id": 11,
            "parent": -1,
            "children": [],
            "user id": "5752873435",
            "user name": "萌D奇路小飞",
            "content": "视频发不出来是重点🙏",
            "time": "22-6-14 20:33"
        },
        {
            "comment id": 12,
            "parent": -1,
            "children": [],
            "user id": "6981031798",
            "user name": "有心机的弱智",
            "content": "转发",
            "time": "22-6-14 18:16"
        },
        {
            "comment id": 13,
            "parent": -1,
            "children": [],
            "user id": "5869227223",
            "user name": "猪猪Cosini",
            "content": "up",
            "time": "22-6-14 18:14"
        },
        {
            "comment id": 14,
            "parent": -1,
            "children": [],
            "user id": "6696925604",
            "user name": "bbbisnskjdn",
            "content": "天啊",
            "time": "22-6-14 18:04"
        },
        {
            "comment id": 15,
            "parent": -1,
            "children": [],
            "user id": "6248515316",
            "user name": "盒总娇妻aa酱",
            "content": "up",
            "time": "22-6-14 18:00"
        },
        {
            "comment id": 16,
            "parent": -1,
            "children": [],
            "user id": "1893452193",
            "user name": "大手tirez小手",
            "content": "社会从来不不安宁",
            "time": "22-6-14 17:52"
        },
        {
            "comment id": 17,
            "parent": -1,
            "children": [],
            "user id": "1800581587",
            "user name": "奶茶有毒不",
            "content": "支持严查",
            "time": "22-6-14 17:50"
        },
        {
            "comment id": 18,
            "parent": -1,
            "children": [],
            "user id": "2319263684",
            "user name": "夏花之绚烂2015",
            "content": "哎",
            "time": "22-6-14 17:31"
        },
        {
            "comment id": 19,
            "parent": -1,
            "children": [],
            "user id": "6028825234",
            "user name": "努力的啊敏",
            "content": "@人民日报",
            "time": "22-6-14 17:22"
        },
        {
            "comment id": 20,
            "parent": -1,
            "children": [],
            "user id": "6051647006",
            "user name": "云舟似晚",
            "content": "帮转",
            "time": "22-6-14 17:50"
        },
        {
            "comment id": 21,
            "parent": -1,
            "children": [],
            "user id": "7763848318",
            "user name": "你长的像我认识的一个明星",
            "content": "法治到底为何物 法律到底是管谁的",
            "time": "22-6-14 18:14"
        },
        {
            "comment id": 22,
            "parent": -1,
            "children": [],
            "user id": "6410776846",
            "user name": "俺是春生他媳妇",
            "content": "天哪，真的好可怕啊，社会渣子怎么这么多",
            "time": "22-6-14 18:13"
        }
    ]
}