{
    "source": {
        "content": "#河南鹤壁女孩反映父亲死亡# #河南鹤壁女孩实名举报# 河南鹤壁女孩实名举报淇滨区庞村镇金山派出所🙏🙏🙏🙏🙏🙏#警察非法殴打致人死亡为不实信息#  焦焦学长的微博视频 ",
        "time": "22-6-14 19:27",
        "user id": "6838210154",
        "tweet id": "LxI5mgRKM",
        "label": 1,
        "theme": null
    },
    "comment": [
        {
            "comment id": 0,
            "parent": -1,
            "children": [],
            "user id": "6838210154",
            "user name": "焦焦学长",
            "content": "通报🙏🙏🙏 ",
            "time": "22-6-15 10:53"
        },
        {
            "comment id": 1,
            "parent": -1,
            "children": [
                2,
                3,
                4,
                5,
                6
            ],
            "user id": "6838210154",
            "user name": "焦焦学长",
            "content": "视频来源🙏🙏🙏官方大可不必一直找我哈 ",
            "time": "22-6-14 20:52"
        },
        {
            "comment id": 2,
            "parent": 1,
            "children": [],
            "user id": "3290361960",
            "user name": "A钢琴上的黑白猫a",
            "content": "假的，请删除",
            "time": "22-6-15 14:18"
        },
        {
            "comment id": 3,
            "parent": 1,
            "children": [],
            "user id": "5921081291",
            "user name": "Fitness-Jim",
            "content": "挂着，挂住了，为什么要删",
            "time": "22-6-15 08:34"
        },
        {
            "comment id": 4,
            "parent": 1,
            "children": [],
            "user id": "6622718549",
            "user name": "文学荣家",
            "content": "做人要负责",
            "time": "22-6-15 01:15"
        },
        {
            "comment id": 5,
            "parent": 1,
            "children": [],
            "user id": "2611618057",
            "user name": "灆胖胖的小孩",
            "content": "官方是找你下架视频吗？",
            "time": "22-6-15 00:35"
        },
        {
            "comment id": 6,
            "parent": 1,
            "children": [],
            "user id": "6992086904",
            "user name": "开开心心高高兴兴昂首阔步向前进",
            "content": "请大家帮帮忙 我正在实名举报 一直没热度💔 拖久了对我不利!请大家帮我扩散🙏🙏🙏🙏🙏🙏🙏🙏🙏🙏🙏🙏🙏🙏🙏🙏🙏🙏🙏🙏",
            "time": "22-6-14 23:03"
        },
        {
            "comment id": 7,
            "parent": -1,
            "children": [
                10,
                11,
                13,
                14,
                16,
                17,
                18,
                19,
                20,
                22,
                23
            ],
            "user id": "1869651194",
            "user name": "我们一起幸福",
            "content": "从上海疫情开始，我对我亲爱的祖国越来越失望。教育局出问题、唐山市警察系统、司法制度全部失效。现在河南又出问题了",
            "time": "22-6-14 23:16"
        },
        {
            "comment id": 8,
            "parent": 18,
            "children": [],
            "user id": "1008082057",
            "user name": "白云深处翠",
            "content": "回复@肖楹师兄:安全出门戴口罩要，西方大国病没有控制住放弃强制囗罩令强制疫苗令了，得病自人找隔离等自愈没有医生管，生死由己不由天",
            "time": "22-6-19 09:07"
        },
        {
            "comment id": 9,
            "parent": 12,
            "children": [],
            "user id": "2282951417",
            "user name": "阿栗_阿栗",
            "content": "回复@晚风7732584964:这个案件也是其中一个，你说的无数事件是由一个个这样的事件组成，其中有真有假，你光看到各种举报人发视频发微博，后续却没有关注，就在那里大放阙词没救了没救了",
            "time": "22-6-16 11:11"
        },
        {
            "comment id": 10,
            "parent": 7,
            "children": [],
            "user id": "2279747255",
            "user name": "今天夹总羁了吗",
            "content": "这就失望那估计知道三十年前什么样你当场就润了。",
            "time": "22-6-15 23:41"
        },
        {
            "comment id": 11,
            "parent": 7,
            "children": [],
            "user id": "6305553530",
            "user name": "叼着不点的烟",
            "content": "我和你正好相反",
            "time": "22-6-15 22:48"
        },
        {
            "comment id": 12,
            "parent": 21,
            "children": [
                9
            ],
            "user id": "7732584964",
            "user name": "晚风7732584964",
            "content": "回复@阿栗_阿栗:你跟我说的是一码事吗？我说这几天全国各地冒出来无数个举报事件",
            "time": "22-6-15 17:30"
        },
        {
            "comment id": 13,
            "parent": 7,
            "children": [],
            "user id": "7615620015",
            "user name": "脸脸酱Audrey",
            "content": "这件事到底是不是像她说的那样都不知道，怎么就又出问题了",
            "time": "22-6-15 16:43"
        },
        {
            "comment id": 14,
            "parent": 7,
            "children": [],
            "user id": "7071447352",
            "user name": "悠咦诗嚒",
            "content": "没有希望哪来的失望",
            "time": "22-6-15 15:36"
        },
        {
            "comment id": 15,
            "parent": 18,
            "children": [],
            "user id": "1915021043",
            "user name": "冰客风行",
            "content": "回复@肖楹师兄:疫情肆虐的话  人人平等",
            "time": "22-6-15 15:22"
        },
        {
            "comment id": 16,
            "parent": 7,
            "children": [],
            "user id": "1876955417",
            "user name": "但听但侯",
            "content": "言过其实了吧。几十个省市自治区，一个直辖市防疫出问题就对国家失望?吃米饭吃出个沙子就对大米失望?心情能理解一点，不过观点真是很“方方”啊。 查看图片",
            "time": "22-6-15 14:35"
        },
        {
            "comment id": 17,
            "parent": 7,
            "children": [],
            "user id": "5359494542",
            "user name": "百十方",
            "content": "你带头造反吧",
            "time": "22-6-15 14:26"
        },
        {
            "comment id": 18,
            "parent": 7,
            "children": [
                8,
                15
            ],
            "user id": "6887937805",
            "user name": "肖楹师兄",
            "content": "可是目前新冠没有在中国肆虐，祖国大陆更是世界上最安全的地区，我们出门不用带口罩也可以安心，怎么能失望呢？",
            "time": "22-6-15 13:01"
        },
        {
            "comment id": 19,
            "parent": 7,
            "children": [],
            "user id": "6157237273",
            "user name": "幸福一生9158",
            "content": "河南问题很多啊！比河北唐山还严重，村镇银行拔网线侵占40万储户400亿合法存款，长达60天，储户日夜煎熬，夜不能寐，有的人因此生病，有的失去了宝贵的生命，请求中央派专案组彻查，还百姓取款自由的权利！",
            "time": "22-6-15 11:57"
        },
        {
            "comment id": 20,
            "parent": 7,
            "children": [],
            "user id": "2992944625",
            "user name": "第6梦",
            "content": "哪里只是唐山，全国都这样",
            "time": "22-6-15 11:35"
        },
        {
            "comment id": 21,
            "parent": 22,
            "children": [
                12
            ],
            "user id": "2282951417",
            "user name": "阿栗_阿栗",
            "content": "回复@晚风7732584964:不信谣不传谣，她爸是酒后肇事逃逸，警察找上门暴力抗法 自己冠心病发作死亡的",
            "time": "22-6-15 10:54"
        },
        {
            "comment id": 22,
            "parent": 7,
            "children": [
                21
            ],
            "user id": "7732584964",
            "user name": "晚风7732584964",
            "content": "自己搜搜现在有多少吧，这两天刷视频一个就冒出来一个，就这几天，全国各地最少几十起了，数都数不清了，没救了",
            "time": "22-6-15 10:18"
        },
        {
            "comment id": 23,
            "parent": 7,
            "children": [],
            "user id": "6838210154",
            "user name": "焦焦学长",
            "content": "出现问题，解决问题，会越来越好的🙏🙏🙏现在遇到这些问题，总比几十年后在遇到好很多。毕竟，我们也在发展中，难免出现各种问题。我们每个人做好就好了，慢慢的，一切都会好了🙏🙏🙏🙏",
            "time": "22-6-15 00:49"
        },
        {
            "comment id": 24,
            "parent": -1,
            "children": [
                25,
                27,
                28,
                29,
                30,
                31,
                32,
                33,
                34
            ],
            "user id": "7743274375",
            "user name": "谁能告诉我什么能说什么不能说",
            "content": "我爸爸2015年在扬州汇金谷被人打死，罪犯进入蹲了7天就放出来了。现在犯罪嫌疑人娶妻生子开店做生意，我们家属一分赔偿款没拿到，一句道歉都没有。",
            "time": "22-6-15 01:05"
        },
        {
            "comment id": 25,
            "parent": 24,
            "children": [],
            "user id": "6305553530",
            "user name": "叼着不点的烟",
            "content": "对你家的遭遇深表同情，不过你是否有可能记错了地址，是扬州还是加州能确定吗？",
            "time": "22-6-15 22:51"
        },
        {
            "comment id": 26,
            "parent": 27,
            "children": [],
            "user id": "7743274375",
            "user name": "谁能告诉我什么能说什么不能说",
            "content": "回复@傻瓜6003743904:我女的，我怎么去杀一个男的？？？",
            "time": "22-6-15 17:16"
        },
        {
            "comment id": 27,
            "parent": 24,
            "children": [
                26
            ],
            "user id": "6003743904",
            "user name": "傻瓜6003743904",
            "content": "你都知道了他在哪开店就不会报复?拿刀去蹲啊，杀父之仇不共戴天",
            "time": "22-6-15 16:33"
        },
        {
            "comment id": 28,
            "parent": 24,
            "children": [],
            "user id": "5991415329",
            "user name": "如云226",
            "content": "对呀，赶紧举报",
            "time": "22-6-15 16:30"
        },
        {
            "comment id": 29,
            "parent": 24,
            "children": [],
            "user id": "7297420089",
            "user name": "旭城灬",
            "content": "赶紧的",
            "time": "22-6-15 16:27"
        },
        {
            "comment id": 30,
            "parent": 24,
            "children": [],
            "user id": "5855896387",
            "user name": "SAIKA有太阳花呀",
            "content": "赶紧举报！",
            "time": "22-6-15 15:46"
        },
        {
            "comment id": 31,
            "parent": 24,
            "children": [],
            "user id": "6972945944",
            "user name": "身无半亩9812",
            "content": "敢紧趁着这个热度视频举报，过了这个时间段就没机会了",
            "time": "22-6-15 11:26"
        },
        {
            "comment id": 32,
            "parent": 24,
            "children": [],
            "user id": "5892682720",
            "user name": "事非亲历不知难",
            "content": "赶紧的，趁这波视频举报！以后微博搞不好都没了",
            "time": "22-6-15 10:23"
        },
        {
            "comment id": 33,
            "parent": 24,
            "children": [],
            "user id": "6265564143",
            "user name": "四处盯真1",
            "content": "天啊，要不你也拍视频举报试试看，现在正在风头上或许有用，要为叔叔讨回公道呀！",
            "time": "22-6-15 10:06"
        },
        {
            "comment id": 34,
            "parent": 24,
            "children": [],
            "user id": "2464348201",
            "user name": "小山村泥瓦匠",
            "content": "视频举报",
            "time": "22-6-15 09:13"
        },
        {
            "comment id": 35,
            "parent": -1,
            "children": [],
            "user id": "6613448552",
            "user name": "一只养羊咩",
            "content": "太可恶了",
            "time": "22-6-14 19:30"
        },
        {
            "comment id": 36,
            "parent": -1,
            "children": [
                38,
                40,
                42
            ],
            "user id": "5796352295",
            "user name": "宝财童子2",
            "content": "没救了社会",
            "time": "22-6-14 21:50"
        },
        {
            "comment id": 37,
            "parent": 38,
            "children": [],
            "user id": "5796352295",
            "user name": "宝财童子2",
            "content": "回复@youkfor48674:学法律感觉用处不大。真的遇到这种事情，是无解的。只能希望自己运气好一些，此生都不要碰到这样的事情。",
            "time": "22-6-15 18:02"
        },
        {
            "comment id": 38,
            "parent": 36,
            "children": [
                37
            ],
            "user id": "7197018428",
            "user name": "youkfor48674",
            "content": "有些东西情况不可能一两句说的清楚，很复杂的，只能说是希望慢慢变好吧，如果想少吃点亏，就把法律学好",
            "time": "22-6-15 16:42"
        },
        {
            "comment id": 39,
            "parent": 41,
            "children": [],
            "user id": "5828622940",
            "user name": "哼哼唧唧的王六月",
            "content": "回复@夏侯宜纯:不可能不解决  会解决好的  只是需要一个过程  去深挖",
            "time": "22-6-15 13:05"
        },
        {
            "comment id": 40,
            "parent": 36,
            "children": [],
            "user id": "3926139672",
            "user name": "拥有读心术的boy",
            "content": "你说说警察哪里处理的有问题",
            "time": "22-6-15 11:31"
        },
        {
            "comment id": 41,
            "parent": 42,
            "children": [
                39
            ],
            "user id": "7387869873",
            "user name": "夏侯宜纯",
            "content": "回复@哼哼唧唧的王六月:主要是政府行政机关啥的跟没事人一样根本不会去解决也没有意识到问题的严重性",
            "time": "22-6-15 09:46"
        },
        {
            "comment id": 42,
            "parent": 36,
            "children": [
                41
            ],
            "user id": "5828622940",
            "user name": "哼哼唧唧的王六月",
            "content": "不要这么悲观  都会好的  问题会被解决的",
            "time": "22-6-15 08:43"
        },
        {
            "comment id": 43,
            "parent": -1,
            "children": [],
            "user id": "6868045919",
            "user name": "梁定拼搏PB",
            "content": "支持热搜",
            "time": "22-6-14 19:54"
        },
        {
            "comment id": 44,
            "parent": -1,
            "children": [
                45,
                46
            ],
            "user id": "6502679199",
            "user name": "MCcgg",
            "content": "警察都能打人",
            "time": "22-6-14 23:57"
        },
        {
            "comment id": 45,
            "parent": 44,
            "children": [],
            "user id": "7007898908",
            "user name": "汇海升花",
            "content": "他们啥出身都出身都不知道呢",
            "time": "22-6-15 12:41"
        },
        {
            "comment id": 46,
            "parent": 44,
            "children": [],
            "user id": "7747749492",
            "user name": "颗粒颗粒颗粒颗粒颗粒颗粒颗粒",
            "content": "就算是真的政府也会压事情，我们这某个学校校园暴力打死一个，因为是公立学校，所以变成心脏病突发猝死，笑死了，也没有这方面的的消息",
            "time": "22-6-15 17:11"
        },
        {
            "comment id": 47,
            "parent": -1,
            "children": [],
            "user id": "6987268039",
            "user name": "南南宝贝喵",
            "content": "#河南鹤壁女孩实名举报# 顶顶",
            "time": "22-6-14 19:48"
        },
        {
            "comment id": 48,
            "parent": -1,
            "children": [],
            "user id": "7192567446",
            "user name": "Jesses宇",
            "content": "太过分了  我还给她转发了  想帮她真是恶人先告状了",
            "time": "22-6-15 11:00"
        },
        {
            "comment id": 49,
            "parent": -1,
            "children": [
                50,
                51
            ],
            "user id": "5457194020",
            "user name": "生之行休",
            "content": "人家活了四五十岁都好好的，突然被交警查了就死了",
            "time": "22-6-15 12:07"
        },
        {
            "comment id": 50,
            "parent": 49,
            "children": [],
            "user id": "5861702309",
            "user name": "我乃零陵上将军邢道荣-",
            "content": "但凡家属能把死亡医学证明拿出来，警察也会没话说。举身份证除了证明自己是身份证上的人之外，能证明死者的死因和事实吗",
            "time": "22-6-15 19:15"
        },
        {
            "comment id": 51,
            "parent": 49,
            "children": [],
            "user id": "7421527960",
            "user name": "阿桃快逃呀",
            "content": "死因:喝酒太多引起的猝死真的什么人都能造谣了",
            "time": "22-6-15 14:49"
        },
        {
            "comment id": 52,
            "parent": -1,
            "children": [],
            "user id": "3103021517",
            "user name": "二十八亿",
            "content": "好小的女孩子啊",
            "time": "22-6-15 00:37"
        },
        {
            "comment id": 53,
            "parent": -1,
            "children": [],
            "user id": "2260736631",
            "user name": "花倦鸟睡",
            "content": "唉",
            "time": "22-6-14 21:44"
        },
        {
            "comment id": 54,
            "parent": -1,
            "children": [
                55
            ],
            "user id": "6591608394",
            "user name": "sweetH89",
            "content": "以后办案都是要靠百姓热搜吗？那工资给老百姓好不好？",
            "time": "22-6-15 13:46"
        },
        {
            "comment id": 55,
            "parent": 54,
            "children": [],
            "user id": "1898358543",
            "user name": "Kento1",
            "content": "靠你这个只看一点点就发表重要讲话才可怕",
            "time": "22-6-15 16:35"
        },
        {
            "comment id": 56,
            "parent": -1,
            "children": [],
            "user id": "3791185364",
            "user name": "乐天知名补过无咎",
            "content": "再有举报，估计微博快关了！说不定哪天微博无法登陆了，真悲哀",
            "time": "22-6-15 00:08"
        },
        {
            "comment id": 57,
            "parent": -1,
            "children": [
                58
            ],
            "user id": "6934374608",
            "user name": "不啊可能是圆头小猪",
            "content": "什么阿猫阿狗都来当警察",
            "time": "22-6-15 00:03"
        },
        {
            "comment id": 58,
            "parent": 57,
            "children": [],
            "user id": "6403035157",
            "user name": "谁见孤鸿影",
            "content": "这话太侮辱猫，狗了。",
            "time": "22-6-15 10:59"
        },
        {
            "comment id": 59,
            "parent": -1,
            "children": [
                60
            ],
            "user id": "6719978804",
            "user name": "爱吃柚子的韩大力",
            "content": "党员的义务的初衷是为人民服务，而不是成为人民解决问题的阻碍!希望大家不要忘记初衷和自己的初心。当官不是谋财的，是要脚踏实地的为人民服务",
            "time": "22-6-14 23:30"
        },
        {
            "comment id": 60,
            "parent": 59,
            "children": [],
            "user id": "5396864011",
            "user name": "末凉湘夫人",
            "content": "怒赞",
            "time": "22-6-15 11:14"
        },
        {
            "comment id": 61,
            "parent": -1,
            "children": [],
            "user id": "6577739355",
            "user name": "独自奋斗的老男孩",
            "content": "全国需要以雷霆之势开展一场扫黑除恶行动！",
            "time": "22-6-15 07:02"
        },
        {
            "comment id": 62,
            "parent": -1,
            "children": [],
            "user id": "7034216069",
            "user name": "钛栖LSP",
            "content": "顶上去",
            "time": "22-6-15 05:44"
        },
        {
            "comment id": 63,
            "parent": -1,
            "children": [],
            "user id": "6607084167",
            "user name": "远方有诗711",
            "content": "官匪一家，这个社会老百姓要如何生存",
            "time": "22-6-15 00:35"
        },
        {
            "comment id": 64,
            "parent": -1,
            "children": [],
            "user id": "6484602486",
            "user name": "持槊赋诗",
            "content": "人民警察只为人民币、为当权者、为有钱人服务，跟宣传的不一样呀！",
            "time": "22-6-14 21:26"
        },
        {
            "comment id": 65,
            "parent": -1,
            "children": [
                66
            ],
            "user id": "5447765523",
            "user name": "海诺号出发喽",
            "content": "为什么热度上不去",
            "time": "22-6-14 21:07"
        },
        {
            "comment id": 66,
            "parent": 65,
            "children": [],
            "user id": "1740086311",
            "user name": "毅本向外卷",
            "content": "因为反转了，小女孩又是造谣",
            "time": "22-6-16 10:02"
        },
        {
            "comment id": 67,
            "parent": -1,
            "children": [],
            "user id": "6744853805",
            "user name": "不惑斋123",
            "content": "实名举报",
            "time": "22-6-15 08:22"
        },
        {
            "comment id": 68,
            "parent": -1,
            "children": [],
            "user id": "5860469657",
            "user name": "Evan_Guillemot",
            "content": "",
            "time": "22-6-14 23:30"
        },
        {
            "comment id": 69,
            "parent": -1,
            "children": [],
            "user id": "5237286649",
            "user name": "木槿hyyl",
            "content": "up",
            "time": "22-6-14 22:37"
        },
        {
            "comment id": 70,
            "parent": -1,
            "children": [],
            "user id": "7386863662",
            "user name": "大家的许愿树",
            "content": "顶上去，咱们河南也够黑的",
            "time": "22-6-14 22:10"
        },
        {
            "comment id": 71,
            "parent": -1,
            "children": [],
            "user id": "6418135279",
            "user name": "不吃草的烊1105",
            "content": "",
            "time": "22-6-15 03:18"
        },
        {
            "comment id": 72,
            "parent": -1,
            "children": [],
            "user id": "7568109357",
            "user name": "一二三嗯嗯在",
            "content": "帮帮她们",
            "time": "22-6-15 00:04"
        },
        {
            "comment id": 73,
            "parent": -1,
            "children": [],
            "user id": "6051724577",
            "user name": "三分糖爱好者吖",
            "content": "最近的新闻是怎么了，哎",
            "time": "22-6-14 22:33"
        },
        {
            "comment id": 74,
            "parent": -1,
            "children": [],
            "user id": "5304781920",
            "user name": "索尔伯格多蒂尔",
            "content": "为人民服务",
            "time": "22-6-14 22:32"
        },
        {
            "comment id": 75,
            "parent": -1,
            "children": [],
            "user id": "1873452980",
            "user name": "城南旧事里顾北清歌寒",
            "content": "打脸了，打脸了",
            "time": "22-6-15 12:26"
        },
        {
            "comment id": 76,
            "parent": -1,
            "children": [],
            "user id": "1252094863",
            "user name": "西塞山渔夫",
            "content": "这个必须顶上去",
            "time": "22-6-14 22:58"
        },
        {
            "comment id": 77,
            "parent": -1,
            "children": [],
            "user id": "6392937428",
            "user name": "明天开始好好加油咯",
            "content": "生而为井盖人…可悲",
            "time": "22-6-14 19:57"
        },
        {
            "comment id": 78,
            "parent": -1,
            "children": [],
            "user id": "6461358349",
            "user name": "追忆似水华秊",
            "content": "一看就是假新闻 现在微博营销号 就知道转发 也不分辨真伪，警方都已经澄清了还在发",
            "time": "22-6-15 11:41"
        },
        {
            "comment id": 79,
            "parent": -1,
            "children": [],
            "user id": "6278588951",
            "user name": "Smartman",
            "content": "想起了老舍的茶馆",
            "time": "22-6-15 07:24"
        },
        {
            "comment id": 80,
            "parent": -1,
            "children": [],
            "user id": "7441804890",
            "user name": "天天向上NO-1",
            "content": "完蛋了，环境越来越差了",
            "time": "22-6-15 01:09"
        },
        {
            "comment id": 81,
            "parent": -1,
            "children": [],
            "user id": "1935433892",
            "user name": "桃跑的小蛋糕",
            "content": "@新华网 @人民日报",
            "time": "22-6-14 23:02"
        },
        {
            "comment id": 82,
            "parent": -1,
            "children": [],
            "user id": "2001286461",
            "user name": "黑色幽默hyx",
            "content": "转发微博",
            "time": "22-6-14 22:38"
        },
        {
            "comment id": 83,
            "parent": -1,
            "children": [],
            "user id": "7728720628",
            "user name": "学吧学无止境学无止境",
            "content": "我去竟然没了",
            "time": "22-6-14 20:55"
        },
        {
            "comment id": 84,
            "parent": -1,
            "children": [],
            "user id": "5861986479",
            "user name": "A再吃一口肉",
            "content": "不要啥都信呀，官方通报出来啦！",
            "time": "22-6-19 21:56"
        },
        {
            "comment id": 85,
            "parent": -1,
            "children": [],
            "user id": "2976282613",
            "user name": "呀pure呀",
            "content": "只想要真相！",
            "time": "22-6-15 23:45"
        },
        {
            "comment id": 86,
            "parent": -1,
            "children": [],
            "user id": "5204496800",
            "user name": "慵lan是只猫",
            "content": "不知道说啥，多少问题都是喝酒出的问题，少喝点酒就没那么多事了",
            "time": "22-6-15 17:17"
        },
        {
            "comment id": 87,
            "parent": -1,
            "children": [],
            "user id": "5152124405",
            "user name": "我是沉默的小野猪_321",
            "content": "这比旧社会还",
            "time": "22-6-15 17:13"
        },
        {
            "comment id": 88,
            "parent": -1,
            "children": [],
            "user id": "1194606502",
            "user name": "Arbin2184",
            "content": "中国的刑法在严厉一倍多好。",
            "time": "22-6-15 16:59"
        },
        {
            "comment id": 89,
            "parent": -1,
            "children": [],
            "user id": "7615620015",
            "user name": "脸脸酱Audrey",
            "content": "这个视频里的女生明显隐瞒啦一部分事实过程她说她父亲跟停车的发生刮蹭，然后警察上门围殴她父亲，逻辑在哪呀?不是所有举报的都是事实好吧，要是有殴打视频或者验伤报告直接发出来，不要以为可以就着大形势就污蔑别人，避重就轻，颠倒是非",
            "time": "22-6-15 16:41"
        },
        {
            "comment id": 90,
            "parent": -1,
            "children": [],
            "user id": "7684297405",
            "user name": "治愈术学者",
            "content": "法治社会又有什么用",
            "time": "22-6-15 16:11"
        },
        {
            "comment id": 91,
            "parent": -1,
            "children": [],
            "user id": "7484405382",
            "user name": "红尘很可笑",
            "content": "这小姑凉，骗人啊",
            "time": "22-6-15 16:09"
        },
        {
            "comment id": 92,
            "parent": -1,
            "children": [],
            "user id": "7543216983",
            "user name": "Stephen尹南笙",
            "content": "河北真的像个大垃圾袋特别会_",
            "time": "22-6-15 15:22"
        },
        {
            "comment id": 93,
            "parent": -1,
            "children": [],
            "user id": "2185975540",
            "user name": "陪你去巴黎",
            "content": "还有多少个地区全部爆出来",
            "time": "22-6-15 14:08"
        },
        {
            "comment id": 94,
            "parent": -1,
            "children": [],
            "user id": "7328424264",
            "user name": "like可盐和可甜",
            "content": "顶上，必须扫黑",
            "time": "22-6-15 13:56"
        },
        {
            "comment id": 95,
            "parent": -1,
            "children": [],
            "user id": "6230406357",
            "user name": "宋颂本人",
            "content": "大家多点赞，多评论，把这条顶上去🙏",
            "time": "22-6-15 13:49"
        },
        {
            "comment id": 96,
            "parent": -1,
            "children": [],
            "user id": "6031764129",
            "user name": "开心甜甜201609",
            "content": "就不能说实话吗？",
            "time": "22-6-15 13:24"
        },
        {
            "comment id": 97,
            "parent": -1,
            "children": [],
            "user id": "7748831447",
            "user name": "纪实原创",
            "content": "我恳请大家关注帮助实名举报犯罪分子，追求公平正义。",
            "time": "22-6-15 13:23"
        },
        {
            "comment id": 98,
            "parent": -1,
            "children": [],
            "user id": "6868866290",
            "user name": "我爱祖国201812",
            "content": "转发微博",
            "time": "22-6-15 13:12"
        },
        {
            "comment id": 99,
            "parent": -1,
            "children": [],
            "user id": "3173669810",
            "user name": "新款余则成",
            "content": "河南河北这是杠上了？？？",
            "time": "22-6-15 12:52"
        },
        {
            "comment id": 100,
            "parent": -1,
            "children": [],
            "user id": "7411482450",
            "user name": "狐狸关关",
            "content": "好像河南特别多",
            "time": "22-6-15 12:26"
        },
        {
            "comment id": 101,
            "parent": -1,
            "children": [],
            "user id": "2651841217",
            "user name": "小黄KiMi",
            "content": "天理难容，顶起",
            "time": "22-6-15 12:26"
        },
        {
            "comment id": 102,
            "parent": -1,
            "children": [],
            "user id": "7748837772",
            "user name": "路过的风xj",
            "content": "转发微博",
            "time": "22-6-15 11:53"
        },
        {
            "comment id": 103,
            "parent": -1,
            "children": [],
            "user id": "7601499321",
            "user name": "要吃肉199407",
            "content": "都有执法记录仪，这个如果事实清楚是可以证明警方的清白的",
            "time": "22-6-15 11:31"
        },
        {
            "comment id": 104,
            "parent": -1,
            "children": [],
            "user id": "6360776616",
            "user name": "jike大阳",
            "content": "还有王法吗…",
            "time": "22-6-15 11:17"
        },
        {
            "comment id": 105,
            "parent": -1,
            "children": [
                106
            ],
            "user id": "5767110284",
            "user name": "Madeline晴",
            "content": "警察？？？？",
            "time": "22-6-15 11:14"
        },
        {
            "comment id": 106,
            "parent": 105,
            "children": [],
            "user id": "7421527960",
            "user name": "阿桃快逃呀",
            "content": "造谣的",
            "time": "22-6-15 14:47"
        },
        {
            "comment id": 107,
            "parent": -1,
            "children": [],
            "user id": "2678870723",
            "user name": "心无尘埃的守候",
            "content": "顶上去",
            "time": "22-6-15 11:05"
        },
        {
            "comment id": 108,
            "parent": -1,
            "children": [],
            "user id": "3208475005",
            "user name": "西瓜没有了-",
            "content": "小姑娘加油",
            "time": "22-6-15 10:58"
        },
        {
            "comment id": 109,
            "parent": -1,
            "children": [],
            "user id": "6895367425",
            "user name": "寒枭08",
            "content": "谣言",
            "time": "22-6-15 10:33"
        },
        {
            "comment id": 110,
            "parent": -1,
            "children": [],
            "user id": "6049330586",
            "user name": "吃樱桃的丸子酱",
            "content": "警察打死人，这往上找哪儿？中央吗",
            "time": "22-6-15 10:31"
        },
        {
            "comment id": 111,
            "parent": -1,
            "children": [],
            "user id": "6265564143",
            "user name": "四处盯真1",
            "content": "太可怕了",
            "time": "22-6-15 10:07"
        },
        {
            "comment id": 112,
            "parent": -1,
            "children": [],
            "user id": "7052080631",
            "user name": "从不上传2",
            "content": "支持",
            "time": "22-6-15 09:57"
        },
        {
            "comment id": 113,
            "parent": -1,
            "children": [],
            "user id": "6411633708",
            "user name": "高峰对话解决",
            "content": "这都没人管。你去纪检委看看行不行",
            "time": "22-6-15 09:51"
        },
        {
            "comment id": 114,
            "parent": -1,
            "children": [],
            "user id": "6761276136",
            "user name": "晃呀晃",
            "content": "up",
            "time": "22-6-15 09:35"
        },
        {
            "comment id": 115,
            "parent": -1,
            "children": [],
            "user id": "5417503749",
            "user name": "小蜗牛的大梦想2015",
            "content": "请重视普通人的权利，给他们知道公平公正的说法，不要一再刷新大家的三观和降低政府的公信力了！",
            "time": "22-6-15 07:25"
        },
        {
            "comment id": 116,
            "parent": -1,
            "children": [],
            "user id": "7473645773",
            "user name": "长长久久777777",
            "content": "吉林钓鱼执法。",
            "time": "22-6-15 07:05"
        },
        {
            "comment id": 117,
            "parent": -1,
            "children": [],
            "user id": "6356397723",
            "user name": "浮华是一指流沙",
            "content": "现在警察不至于给人打死吧，传唤你们过去调查不配合，强制传唤也就是多人硬拉着去，反抗剧烈虽然扣不合适但也会扣着，警察还会打人？",
            "time": "22-6-15 06:58"
        },
        {
            "comment id": 118,
            "parent": -1,
            "children": [],
            "user id": "1962783205",
            "user name": "夏末凉音",
            "content": "官场",
            "time": "22-6-15 06:53"
        },
        {
            "comment id": 119,
            "parent": -1,
            "children": [],
            "user id": "7538595143",
            "user name": "陆羽袁曦",
            "content": "为什么？这个世界怎么了？",
            "time": "22-6-15 05:42"
        },
        {
            "comment id": 120,
            "parent": -1,
            "children": [],
            "user id": "1900942611",
            "user name": "梁三尺",
            "content": "@侠客岛 @人民日报",
            "time": "22-6-15 05:05"
        },
        {
            "comment id": 121,
            "parent": -1,
            "children": [],
            "user id": "5659513451",
            "user name": "卡理50349",
            "content": "加油！这样的警察就该进监狱。他这是知法犯法",
            "time": "22-6-15 05:03"
        },
        {
            "comment id": 122,
            "parent": -1,
            "children": [],
            "user id": "6594884077",
            "user name": "人定胜天20191123",
            "content": "顶",
            "time": "22-6-15 04:12"
        },
        {
            "comment id": 123,
            "parent": -1,
            "children": [],
            "user id": "1431311315",
            "user name": "刘小朴",
            "content": "1",
            "time": "22-6-15 04:07"
        },
        {
            "comment id": 124,
            "parent": -1,
            "children": [],
            "user id": "2494231861",
            "user name": "善思博学",
            "content": "豫北的公安那！不说也罢",
            "time": "22-6-15 03:57"
        },
        {
            "comment id": 125,
            "parent": -1,
            "children": [],
            "user id": "5734857278",
            "user name": "东倚碧水",
            "content": "还是一个孩子啊，还要承受多少？",
            "time": "22-6-15 03:32"
        }
    ]
}