{
    "source": {
        "content": "河南女生举报当地警察， 暴力殴打她父亲致死！这都什么世道啊……深深的无力感。\n\n#河南卫健委调查储户被赋红码##唐山公安局回应是否增设接待窗口#  猫星乾坤的微博视频 ",
        "time": "22-6-14 20:57",
        "user id": "5227820733",
        "tweet id": "LxIG0llUA",
        "label": 1,
        "theme": null
    },
    "comment": [
        {
            "comment id": 0,
            "parent": -1,
            "children": [
                1
            ],
            "user id": "6001938526",
            "user name": "妖孽法图麦",
            "content": "我去！地方执法部门都在干嘛？？",
            "time": "22-6-14 21:04"
        },
        {
            "comment id": 1,
            "parent": 0,
            "children": [],
            "user id": "7548531147",
            "user name": "玄之方外",
            "content": "地方招了些临时工当警察，有些涉黑的就用了，明面上用温和派，暗面里用黑的吧",
            "time": "22-6-15 09:10"
        },
        {
            "comment id": 2,
            "parent": -1,
            "children": [
                3,
                4
            ],
            "user id": "1676891931",
            "user name": "清尘之巅",
            "content": "朗朗乾坤",
            "time": "22-6-14 21:04"
        },
        {
            "comment id": 3,
            "parent": 2,
            "children": [],
            "user id": "1737935691",
            "user name": "来斤安全感",
            "content": "在郑州上学的时候，每次路过省政府都有上访的",
            "time": "22-6-14 22:41"
        },
        {
            "comment id": 4,
            "parent": 2,
            "children": [],
            "user id": "2621856935",
            "user name": "土哥之爱翡翠",
            "content": "我也想说呢，朗朗乾坤",
            "time": "22-6-14 21:07"
        },
        {
            "comment id": 5,
            "parent": -1,
            "children": [],
            "user id": "2526439477",
            "user name": "旧的不去新的不来生生不息",
            "content": "黑，没有最黑，只有更黑",
            "time": "22-6-14 21:28"
        },
        {
            "comment id": 6,
            "parent": -1,
            "children": [],
            "user id": "2535539005",
            "user name": "手浪用户张涨长",
            "content": "唉，唐山打人事件，看来就是一导火索，恐怕各地都将效仿。",
            "time": "22-6-14 21:26"
        },
        {
            "comment id": 7,
            "parent": -1,
            "children": [
                8
            ],
            "user id": "3768493594",
            "user name": "毛毛羽羽毛",
            "content": "每个地方都开始了",
            "time": "22-6-14 21:23"
        },
        {
            "comment id": 8,
            "parent": 7,
            "children": [],
            "user id": "5707108216",
            "user name": "小俊俊Xss",
            "content": "感觉没有想象的那么安全",
            "time": "22-6-14 21:25"
        },
        {
            "comment id": 9,
            "parent": -1,
            "children": [],
            "user id": "1659779380",
            "user name": "米朵拉",
            "content": "这是什么世道",
            "time": "22-6-14 21:21"
        },
        {
            "comment id": 10,
            "parent": -1,
            "children": [],
            "user id": "7532828945",
            "user name": "随便来个头",
            "content": "河北不仅把河北震了，余震把其他地方一起震了",
            "time": "22-6-14 21:29"
        },
        {
            "comment id": 11,
            "parent": -1,
            "children": [],
            "user id": "1652389204",
            "user name": "戚英明-四气真理",
            "content": "全国应该新一轮严打运动了",
            "time": "22-6-14 22:36"
        },
        {
            "comment id": 12,
            "parent": -1,
            "children": [],
            "user id": "7757196387",
            "user name": "搬砖建楼宇",
            "content": "蝴蝶效应，不是和谐躺平，只是忍气吞声，无处申冤！",
            "time": "22-6-15 07:07"
        },
        {
            "comment id": 13,
            "parent": -1,
            "children": [],
            "user id": "2533850131",
            "user name": "树荫夏丶",
            "content": "外媒如何报道？说中国爆发了国内矛盾？中国人权现状堪忧？抛开这些，中国也该刮骨疗毒了",
            "time": "22-6-14 23:38"
        },
        {
            "comment id": 14,
            "parent": -1,
            "children": [],
            "user id": "6460774445",
            "user name": "四夕君xl",
            "content": "粉饰太平是不行的！！！！不是谁都相信",
            "time": "22-6-14 21:34"
        },
        {
            "comment id": 15,
            "parent": -1,
            "children": [],
            "user id": "3214196904",
            "user name": "bush662009",
            "content": "严查",
            "time": "22-6-14 21:33"
        },
        {
            "comment id": 16,
            "parent": -1,
            "children": [],
            "user id": "1310069577",
            "user name": "小蕾0922",
            "content": "公检法该洗洗牌了",
            "time": "22-6-14 21:27"
        },
        {
            "comment id": 17,
            "parent": -1,
            "children": [],
            "user id": "2031735107",
            "user name": "辰风0608",
            "content": "一“石”激起千层浪",
            "time": "22-6-14 21:24"
        },
        {
            "comment id": 18,
            "parent": -1,
            "children": [],
            "user id": "1862683720",
            "user name": "AK甄",
            "content": "来一场大洗牌吧",
            "time": "22-6-14 21:24"
        },
        {
            "comment id": 19,
            "parent": -1,
            "children": [],
            "user id": "6406506400",
            "user name": "卢克-天行者",
            "content": "可怕😱，这没王法了都…..",
            "time": "22-6-14 21:54"
        },
        {
            "comment id": 20,
            "parent": -1,
            "children": [],
            "user id": "1061665235",
            "user name": "博弈_125",
            "content": "@中国政府网 @最高人民法院 @最高人民检察院",
            "time": "22-6-14 21:34"
        },
        {
            "comment id": 21,
            "parent": -1,
            "children": [],
            "user id": "1639839024",
            "user name": "枫舞飞扬吧",
            "content": "党最危险的就是脱离群众",
            "time": "22-6-19 00:15"
        },
        {
            "comment id": 22,
            "parent": -1,
            "children": [],
            "user id": "1639839024",
            "user name": "枫舞飞扬吧",
            "content": "警察说消息不实  必定有一方说谎  严惩说谎的一方",
            "time": "22-6-19 00:14"
        },
        {
            "comment id": 23,
            "parent": -1,
            "children": [],
            "user id": "7062618283",
            "user name": "LV真是我的姓",
            "content": "老百姓的日子太难了",
            "time": "22-6-15 06:19"
        },
        {
            "comment id": 24,
            "parent": -1,
            "children": [],
            "user id": "7012323717",
            "user name": "zxs一个",
            "content": "初中道德与法治教材× 乌托邦理想社会想象✔",
            "time": "22-6-14 23:13"
        },
        {
            "comment id": 25,
            "parent": -1,
            "children": [],
            "user id": "1869434730",
            "user name": "啊小刘阿",
            "content": "世界乱了",
            "time": "22-6-14 21:46"
        },
        {
            "comment id": 26,
            "parent": -1,
            "children": [],
            "user id": "1155489017",
            "user name": "凡城上人",
            "content": "你们不能把罪过都怪到世袭制上呀",
            "time": "22-6-14 21:39"
        },
        {
            "comment id": 27,
            "parent": -1,
            "children": [],
            "user id": "7748208770",
            "user name": "曾經有過的落日GGY",
            "content": "移民吧（一声叹息）",
            "time": "22-6-15 00:18"
        },
        {
            "comment id": 28,
            "parent": -1,
            "children": [],
            "user id": "7483996904",
            "user name": "A腹肌Boy",
            "content": "我笑了 乱的一批",
            "time": "22-6-14 23:14"
        },
        {
            "comment id": 29,
            "parent": -1,
            "children": [],
            "user id": "5030790969",
            "user name": "黄瓜是菜",
            "content": "其实到底是疫情对平民的影响严重还是这些黑恶势力？ 如果拿出抗击疫情一半的精力扫黑，我也不会半路被抢劫吧！",
            "time": "22-6-21 17:46"
        },
        {
            "comment id": 30,
            "parent": -1,
            "children": [],
            "user id": "5869593187",
            "user name": "魔鬼中的天使198809",
            "content": "这种事情中国大部分地方都有吧，只是有些人微博发声了，还有很多人沉默没发声不为人知的……",
            "time": "22-6-20 18:39"
        },
        {
            "comment id": 31,
            "parent": -1,
            "children": [],
            "user id": "2494353215",
            "user name": "DREAMMODEL",
            "content": "可惜没有视频，不然郑州警察得闻名太阳系！",
            "time": "22-6-20 01:44"
        },
        {
            "comment id": 32,
            "parent": -1,
            "children": [],
            "user id": "6033267575",
            "user name": "silent_乔克",
            "content": "打黑除恶得常态化",
            "time": "22-6-18 22:27"
        },
        {
            "comment id": 33,
            "parent": -1,
            "children": [],
            "user id": "6432214544",
            "user name": "举头三尺有虫儿飞",
            "content": "总有那么一些渣子，定要严查，给和谐社会一个交代",
            "time": "22-6-17 08:49"
        },
        {
            "comment id": 34,
            "parent": -1,
            "children": [],
            "user id": "7764759671",
            "user name": "西伯利亚KKK",
            "content": "为啥派出所说不实就是不实？那还举报派出所干啥？",
            "time": "22-6-15 19:08"
        },
        {
            "comment id": 35,
            "parent": -1,
            "children": [],
            "user id": "1464580497",
            "user name": "markusruhl",
            "content": "会不会有一天这种举报形式被禁止",
            "time": "22-6-15 12:00"
        },
        {
            "comment id": 36,
            "parent": -1,
            "children": [],
            "user id": "7567784558",
            "user name": "永远拥护D的小百姓",
            "content": "河南发生这事太正常了",
            "time": "22-6-15 11:34"
        },
        {
            "comment id": 37,
            "parent": -1,
            "children": [],
            "user id": "3793376310",
            "user name": "和谐2110",
            "content": "依法治国任重道远啊！",
            "time": "22-6-15 05:43"
        },
        {
            "comment id": 38,
            "parent": -1,
            "children": [],
            "user id": "7721849658",
            "user name": "天空出彩霞地上开红花",
            "content": "说点啥呢？",
            "time": "22-6-14 22:02"
        },
        {
            "comment id": 39,
            "parent": -1,
            "children": [],
            "user id": "2647636304",
            "user name": "小漫漫的爸小珍珍的老公",
            "content": "真是烂透了 最近还播什么警察荣耀",
            "time": "22-6-14 21:57"
        },
        {
            "comment id": 40,
            "parent": -1,
            "children": [],
            "user id": "6079008892",
            "user name": "思博客6079008892",
            "content": "再大的仇莫过杀父之仇",
            "time": "22-6-14 21:46"
        },
        {
            "comment id": 41,
            "parent": -1,
            "children": [],
            "user id": "2619161267",
            "user name": "可能上帝把地球给遗忘了",
            "content": "人类史上没有",
            "time": "22-6-14 21:45"
        },
        {
            "comment id": 42,
            "parent": -1,
            "children": [],
            "user id": "1207829322",
            "user name": "耔枭1207829322",
            "content": "竟然还有这种事？",
            "time": "22-6-14 21:45"
        },
        {
            "comment id": 43,
            "parent": -1,
            "children": [],
            "user id": "6859131032",
            "user name": "斌辉1353318924",
            "content": "这是什么世道？",
            "time": "22-6-14 21:44"
        },
        {
            "comment id": 44,
            "parent": -1,
            "children": [],
            "user id": "1105681652",
            "user name": "寒宇之子",
            "content": "打黑除恶需要继续，不能停！",
            "time": "22-6-14 21:41"
        },
        {
            "comment id": 45,
            "parent": -1,
            "children": [],
            "user id": "6063086433",
            "user name": "红星闪闪的飞机20170",
            "content": "彻查到底，还民一片安宁的天",
            "time": "22-6-14 21:40"
        },
        {
            "comment id": 46,
            "parent": -1,
            "children": [],
            "user id": "7714545147",
            "user name": "杨戬123123456",
            "content": "很多冠冕堂皇的事都是黑灯瞎火干出来的",
            "time": "22-6-14 21:37"
        },
        {
            "comment id": 47,
            "parent": -1,
            "children": [],
            "user id": "5380197704",
            "user name": "苦瓜你不吃",
            "content": "还有没有党性",
            "time": "22-6-14 21:35"
        },
        {
            "comment id": 48,
            "parent": -1,
            "children": [],
            "user id": "5636820022",
            "user name": "一枝又一枝梅",
            "content": "顶",
            "time": "22-6-14 21:20"
        }
    ]
}