{
    "source": {
        "content": "#唐山女孩去世#求辟谣@中国新闻周刊 @央视新闻 @点时新闻 @共青团中央 @ ",
        "time": "22-6-12 10:03",
        "user id": "2978102423",
        "tweet id": "LxlxEr9Rt",
        "label": 1,
        "theme": null
    },
    "comment": [
        {
            "comment id": 0,
            "parent": -1,
            "children": [
                1
            ],
            "user id": "6234553797",
            "user name": "是夏宇阿丶",
            "content": "@央视新闻 媒体工作者不只是政府的口舌",
            "time": "22-6-13 01:38"
        },
        {
            "comment id": 1,
            "parent": 0,
            "children": [],
            "user id": "7716636820",
            "user name": "我是眼镜盒",
            "content": "党媒姓党",
            "time": "22-6-13 18:39"
        },
        {
            "comment id": 2,
            "parent": -1,
            "children": [
                3,
                5
            ],
            "user id": "6073887281",
            "user name": "lebering",
            "content": "说是不实信息是真的吗",
            "time": "22-6-13 14:56"
        },
        {
            "comment id": 3,
            "parent": 2,
            "children": [],
            "user id": "2978102423",
            "user name": "一年改一次名字机会用完了",
            "content": "应该是吧，微博被扣分了",
            "time": "22-6-13 15:17"
        },
        {
            "comment id": 4,
            "parent": 5,
            "children": [],
            "user id": "6073887281",
            "user name": "lebering",
            "content": "回复@一年改一次名字机会用完了:对唐山太失望了，破罐子破摔",
            "time": "22-6-13 15:12"
        },
        {
            "comment id": 5,
            "parent": 2,
            "children": [
                4
            ],
            "user id": "2978102423",
            "user name": "一年改一次名字机会用完了",
            "content": "不知道，问了发原始视频的，他说消息不实。但是网上也有传言说是在门口被打的白衣女受伤不是最严重的，最严重的是拖到巷子里那个女生，现在家长不出面回应，所有的消息都真真假假",
            "time": "22-6-13 15:02"
        },
        {
            "comment id": 6,
            "parent": -1,
            "children": [],
            "user id": "2081895421",
            "user name": "我是桃爱酱",
            "content": "我的天啊，政府居然不报，这是拿网友当傻子骗啊",
            "time": "22-6-13 12:09"
        },
        {
            "comment id": 7,
            "parent": -1,
            "children": [],
            "user id": "6552370985",
            "user name": "王鸥你轻点啊",
            "content": "天呐",
            "time": "22-6-13 12:43"
        },
        {
            "comment id": 8,
            "parent": -1,
            "children": [],
            "user id": "6330719663",
            "user name": "__拥抱夏天",
            "content": "@殷世航77 @晚安航子",
            "time": "22-6-13 14:28"
        },
        {
            "comment id": 9,
            "parent": -1,
            "children": [],
            "user id": "5912726290",
            "user name": "君莫负我相思意",
            "content": "#唐山被打女生去世# 官方可以不可以给个回应啊🙃",
            "time": "22-6-13 14:02"
        },
        {
            "comment id": 10,
            "parent": -1,
            "children": [],
            "user id": "2709067351",
            "user name": "玉灵龖",
            "content": "@费伟妮",
            "time": "22-6-12 12:06"
        },
        {
            "comment id": 11,
            "parent": -1,
            "children": [],
            "user id": "2417784477",
            "user name": "素馅不放葱姜蒜",
            "content": "@_达明_",
            "time": "22-6-13 14:26"
        },
        {
            "comment id": 12,
            "parent": -1,
            "children": [],
            "user id": "7733257641",
            "user name": "clz路",
            "content": "共青团中央？",
            "time": "22-6-12 12:19"
        }
    ]
}