{
    "source": {
        "content": "网友曝料：指认现场…… 暂不清楚是不是唐山！#警方回应唐山烧烤店打人案# 黑视频的微博视频 ",
        "time": "22-6-12 20:46",
        "user id": "5889906685",
        "tweet id": "LxpKCq2m1",
        "label": 1,
        "theme": null
    },
    "comment": [
        {
            "comment id": 0,
            "parent": -1,
            "children": [],
            "user id": "2436949717",
            "user name": "一闪一闪亮晶晶bulibuli",
            "content": "这是我大瑞丽",
            "time": "22-6-12 22:29"
        },
        {
            "comment id": 1,
            "parent": -1,
            "children": [],
            "user id": "7743210406",
            "user name": "全力向未来",
            "content": "假的，身材就不对",
            "time": "22-6-13 03:40"
        },
        {
            "comment id": 2,
            "parent": -1,
            "children": [],
            "user id": "6364570600",
            "user name": "xxz小小猪",
            "content": "这个不是，是云南的",
            "time": "22-6-12 20:58"
        },
        {
            "comment id": 3,
            "parent": -1,
            "children": [],
            "user id": "7764251931",
            "user name": "七月_202202",
            "content": "还有两个女的呢？为什么都是男的？！！！！",
            "time": "22-6-12 20:52"
        },
        {
            "comment id": 4,
            "parent": -1,
            "children": [],
            "user id": "2095595411",
            "user name": "愿喜ikB",
            "content": "这是吗？不都挺胖的么",
            "time": "22-6-12 20:51"
        },
        {
            "comment id": 5,
            "parent": -1,
            "children": [],
            "user id": "6453527494",
            "user name": "丸丸丸丸丸子撒",
            "content": "这不是把？个个那么瘦",
            "time": "22-6-12 20:48"
        },
        {
            "comment id": 6,
            "parent": -1,
            "children": [],
            "user id": "3633119874",
            "user name": "unGuerre-dieu",
            "content": "斗殴？",
            "time": "22-6-12 20:48"
        }
    ]
}