{
    "source": {
        "content": "看到网友发第二天去巷子里面的照片，说本来那里一直有监控，然后第二天一早上过去就看到被拆了，刚看见俩小时就被封所以真的很不放心\n为什么整网一下子全都下了\n 我把图片放评论了，封之前大家扩一扩吧。\n#东航回应核酸过3分钟无法登机#  ",
        "time": "22-6-16 05:33",
        "user id": "3909243197",
        "tweet id": "LxVtVkRKW",
        "label": 1,
        "theme": null
    },
    "comment": [
        {
            "comment id": 0,
            "parent": -1,
            "children": [
                1
            ],
            "user id": "3909243197",
            "user name": "-Tonks",
            "content": "真的很气#河北唐山被打女子仍在医院治疗# #蛋糕店老板实名举报唐山黑社会团伙# #唐山警方要求举报黑社会女子删视频##唐山打人者陈继志妻子发声# #老人实名举报唐山路北冤案# #唐山政法委称蛋糕店事件正在调查##唐山群众排队四小时未进接待室##警方回应唐山陈继志涉嫌刑拘在逃#",
            "time": "22-6-16 05:37"
        },
        {
            "comment id": 1,
            "parent": 0,
            "children": [
                2
            ],
            "user id": "3909243197",
            "user name": "-Tonks",
            "content": "实名的还没去举b完，连打人的都不知道怎么处理热度就消失了",
            "time": "22-6-16 05:38"
        },
        {
            "comment id": 2,
            "parent": 1,
            "children": [],
            "user id": "3909243197",
            "user name": "-Tonks",
            "content": "还有出事就去查事别在这搞的分裂那一套不想呆了去FZ率第一国去腆别在这蹭 网页链接",
            "time": "22-6-16 08:56"
        },
        {
            "comment id": 3,
            "parent": -1,
            "children": [
                4
            ],
            "user id": "3909243197",
            "user name": "-Tonks",
            "content": "这两天刷到的几个 ",
            "time": "22-6-16 08:49"
        },
        {
            "comment id": 4,
            "parent": 3,
            "children": [],
            "user id": "3909243197",
            "user name": "-Tonks",
            "content": "每个都是独立没有重复",
            "time": "22-6-16 08:50"
        },
        {
            "comment id": 5,
            "parent": -1,
            "children": [
                6
            ],
            "user id": "3909243197",
            "user name": "-Tonks",
            "content": "你自己文稿写的重伤女孩掉了牙，而图片的女孩牙都在所以网友怀疑这图片不会是受伤最轻的女孩吧？谁也不想听坏消息，出事这么久轻伤真的不需要观察康复了的话还需要你替孩子说话？为什么家属朋友同学一个都没啊你回应回应的什么东西？你见过这样回应的？明星辟谣都得带几个证明图呢吧 ",
            "time": "22-6-16 06:53"
        },
        {
            "comment id": 6,
            "parent": 5,
            "children": [],
            "user id": "3909243197",
            "user name": "-Tonks",
            "content": "你真是只把人打伤，开车连夜跑1千公里",
            "time": "22-6-16 06:58"
        },
        {
            "comment id": 7,
            "parent": -1,
            "children": [
                8
            ],
            "user id": "7492404958",
            "user name": "无人的角落96",
            "content": "那一地的是血吗",
            "time": "22-6-16 07:41"
        },
        {
            "comment id": 8,
            "parent": 7,
            "children": [],
            "user id": "3909243197",
            "user name": "-Tonks",
            "content": "我不知道应该是吧还说不说第二天监控就看着被拆了就很离谱啊",
            "time": "22-6-16 08:30"
        },
        {
            "comment id": 9,
            "parent": -1,
            "children": [
                10,
                11
            ],
            "user id": "7208224138",
            "user name": "Suzy星辰",
            "content": "现在连官方都不能相信了吗",
            "time": "22-6-16 07:30"
        },
        {
            "comment id": 10,
            "parent": 9,
            "children": [],
            "user id": "3909243197",
            "user name": "-Tonks",
            "content": "我觉得明星辟谣都得发图证并且阐述清楚详细说明吧",
            "time": "22-6-16 08:44"
        },
        {
            "comment id": 11,
            "parent": 9,
            "children": [],
            "user id": "3909243197",
            "user name": "-Tonks",
            "content": "主要是他们说的是什么东西啊巷子里监控被拆，四个女孩没有一个人有一点消息，她说重伤女孩牙掉了，而图片这个女孩牙齿都在的，被拖进去的女孩从进了巷子就没在视频出现过他来个脱离危险就完事了",
            "time": "22-6-16 08:43"
        },
        {
            "comment id": 12,
            "parent": -1,
            "children": [],
            "user id": "3909243197",
            "user name": "-Tonks",
            "content": "咱就不说别的，就想让你们证明女孩真的没事因为从各个视频里看，就你的说辞你说没事很难让人相信",
            "time": "22-6-16 05:49"
        },
        {
            "comment id": 13,
            "parent": -1,
            "children": [
                14
            ],
            "user id": "3909243197",
            "user name": "-Tonks",
            "content": "当地网友说这条巷一直有安眼，但是第二天一早去看的时候已经被拆了",
            "time": "22-6-16 05:45"
        },
        {
            "comment id": 14,
            "parent": 13,
            "children": [],
            "user id": "7027839608",
            "user name": "鸢尾樱",
            "content": "",
            "time": "22-6-16 05:46"
        },
        {
            "comment id": 15,
            "parent": -1,
            "children": [
                16
            ],
            "user id": "7756547517",
            "user name": "神圣抵抗军",
            "content": "这些砸中一直买黑粉洗白，如司马老狗",
            "time": "22-6-16 08:32"
        },
        {
            "comment id": 16,
            "parent": 15,
            "children": [],
            "user id": "3909243197",
            "user name": "-Tonks",
            "content": "还有实名的那些举报账号，没封的全都搜不到，直接被隐藏",
            "time": "22-6-16 08:35"
        },
        {
            "comment id": 17,
            "parent": -1,
            "children": [],
            "user id": "7333835995",
            "user name": "赵钧668",
            "content": "既然没打死，为何要封闭消息呢？",
            "time": "22-6-18 07:34"
        },
        {
            "comment id": 18,
            "parent": -1,
            "children": [],
            "user id": "5241523295",
            "user name": "酣月六橙",
            "content": "@Blizzard林逸舟 @Nice2cu很高兴遇见你",
            "time": "22-6-16 09:06"
        }
    ]
}