{
    "source": {
        "content": "江苏南通：一女子举报被人用钢管毒打\n请@南通公安 @海门公安 查明事由！ 大漠鱼-的微博视频 ",
        "time": "22-6-16 12:53",
        "user id": "2736615377",
        "tweet id": "LxYmDoM9X",
        "label": 1,
        "theme": null
    },
    "comment": [
        {
            "comment id": 0,
            "parent": -1,
            "children": [
                1,
                5
            ],
            "user id": "2545278194",
            "user name": "东布洲阿夏",
            "content": "海门公安已经发布回复了！对这件事的进行详细解读！",
            "time": "22-6-16 13:13"
        },
        {
            "comment id": 1,
            "parent": 0,
            "children": [],
            "user id": "5579356039",
            "user name": "国内b事",
            "content": "是喊你老铁还是应该喊你同志 你是不是CCTV看多了",
            "time": "22-6-18 20:14"
        },
        {
            "comment id": 2,
            "parent": 3,
            "children": [],
            "user id": "2545278194",
            "user name": "东布洲阿夏",
            "content": "回复@曾经的二十年:我想，警方或者检察院肯定给当事人看过！",
            "time": "22-6-16 15:01"
        },
        {
            "comment id": 3,
            "parent": 4,
            "children": [
                2
            ],
            "user id": "2487130044",
            "user name": "曾经的二十年",
            "content": "回复@东布洲阿夏:解释都看得懂，可是为什么不能发视频，您不觉得有问题",
            "time": "22-6-16 14:59"
        },
        {
            "comment id": 4,
            "parent": 5,
            "children": [
                3
            ],
            "user id": "2545278194",
            "user name": "东布洲阿夏",
            "content": "回复@曾经的二十年:您觉得公安局这个解释还不清晰吗！",
            "time": "22-6-16 14:57"
        },
        {
            "comment id": 5,
            "parent": 0,
            "children": [
                4
            ],
            "user id": "2487130044",
            "user name": "曾经的二十年",
            "content": "公布监控视频",
            "time": "22-6-16 14:22"
        },
        {
            "comment id": 6,
            "parent": -1,
            "children": [],
            "user id": "7747118395",
            "user name": "Silly-white-sweet",
            "content": "出了事花钱轻松搞掂，全锅统一模式！",
            "time": "22-6-16 13:01"
        },
        {
            "comment id": 7,
            "parent": -1,
            "children": [
                8
            ],
            "user id": "2716866753",
            "user name": "加油跳跳糖",
            "content": "没有报警吗，哪里的都出来凑热闹了，有事都不报警，都来上网上举报！？？",
            "time": "22-6-16 15:48"
        },
        {
            "comment id": 8,
            "parent": 7,
            "children": [],
            "user id": "6035927594",
            "user name": "睁开眼太累",
            "content": "你怎么知道没报？都上网举报，为什么？你做个正常人应该知道。",
            "time": "22-6-16 16:52"
        },
        {
            "comment id": 9,
            "parent": -1,
            "children": [],
            "user id": "2963114251",
            "user name": "罗定邦",
            "content": "震惊，请@平安江苏 领导重视。",
            "time": "22-6-16 15:35"
        },
        {
            "comment id": 10,
            "parent": -1,
            "children": [],
            "user id": "7390200647",
            "user name": "坐井面壁想观天",
            "content": "监控视频为什么发不出来？光天化日、朗朗乾坤的",
            "time": "22-6-16 13:30"
        },
        {
            "comment id": 11,
            "parent": -1,
            "children": [],
            "user id": "6765767759",
            "user name": "鱼子酱222333",
            "content": "找华大妈。她说：我也是14亿中国人之一， 我咋没感觉到压迫呢？",
            "time": "22-6-16 16:54"
        },
        {
            "comment id": 12,
            "parent": -1,
            "children": [],
            "user id": "6114123347",
            "user name": "潇李渔",
            "content": "推广",
            "time": "22-6-16 13:06"
        },
        {
            "comment id": 13,
            "parent": -1,
            "children": [],
            "user id": "7739204223",
            "user name": "灯下不黑668",
            "content": "敢于无视法律肆意妄为的大非等闲之辈 不看好问题会解决",
            "time": "22-6-16 15:32"
        },
        {
            "comment id": 14,
            "parent": -1,
            "children": [],
            "user id": "7730049085",
            "user name": "SwordHikari",
            "content": "请转发",
            "time": "22-6-17 23:52"
        },
        {
            "comment id": 15,
            "parent": -1,
            "children": [],
            "user id": "7730049085",
            "user name": "SwordHikari",
            "content": "请转发",
            "time": "22-6-23 21:52"
        }
    ]
}