{
    "source": {
        "content": "#为4女孩发声，录音里女孩的哭声惨绝人寰！#\n    当地小区的人说，其中一个女孩子已经被打死。而医院里的两个女孩子，其中有一个是从艺校请来的学生扮演的。而另一个已经打成二级重伤！除恶必尽！不消灭这世间的邪恶之人，人民群众的生存生活安全就没有保障！是时候停止这种黑社会的统治了！ 世界孔子周易学会的微博视频",
        "time": "22-6-17 10:00",
        "user id": "3487138211",
        "tweet id": "Ly6F0am5w",
        "label": 1,
        "theme": null
    },
    "comment": [
        {
            "comment id": 0,
            "parent": -1,
            "children": [],
            "user id": "6335904550",
            "user name": "候补爱将",
            "content": "黑社会如果没有保护伞，根本就活不下去，更不要谈发展壮大了。",
            "time": "22-6-17 12:49"
        },
        {
            "comment id": 1,
            "parent": -1,
            "children": [
                2
            ],
            "user id": "6572947029",
            "user name": "黑手乱挥",
            "content": "不知道真的假的，只有真实的受害人证据才能辟谣吧，没有的话，都可以理解为谣言！有真也有假",
            "time": "22-6-17 12:39"
        },
        {
            "comment id": 2,
            "parent": 1,
            "children": [],
            "user id": "1655022164",
            "user name": "大同周易网",
            "content": "被打的女孩4个人，为啥医院里只说了两个？一开始被打的最狠的那个穿黑衣服的女孩，为什么在医院里没有出现？现在唐山都限制出入了！唐山各相关部门的报道没有后续。你这怎么解释？我希望你站在正义的一面为受害者伸张正义。维护罪恶是有罪的！",
            "time": "22-6-17 14:57"
        },
        {
            "comment id": 3,
            "parent": -1,
            "children": [],
            "user id": "1655022164",
            "user name": "大同周易网",
            "content": "医院没有后续报道，公安方面也没有任何后续报道，政府方面也没有消息，网络各种封闭，据说当地现在出入严格检查了！扫黑开始报道了一下，后续也没有任何消息，重要的是几个犯罪分子除了开始后续也没有任何报道。网上有很多势力打压相关的消息。看来这四个女孩真可能已经不在了！以后大家还敢去唐山吗？",
            "time": "22-6-17 14:54"
        },
        {
            "comment id": 4,
            "parent": -1,
            "children": [],
            "user id": "1655022164",
            "user name": "大同周易网",
            "content": "让所有的善良的人们联合起来一起发声，保护她们也是保护我们自己，为她们发声也是为我们未来发声！🙏🙏🙏",
            "time": "22-6-19 12:50"
        },
        {
            "comment id": 5,
            "parent": -1,
            "children": [],
            "user id": "1655022164",
            "user name": "大同周易网",
            "content": "地面上四块跟身形一样大的血迹说明了什么？",
            "time": "22-6-18 10:46"
        },
        {
            "comment id": 6,
            "parent": -1,
            "children": [],
            "user id": "1655022164",
            "user name": "大同周易网",
            "content": "这不是在打人，这是在杀人！蓄意杀人！",
            "time": "22-6-17 17:03"
        },
        {
            "comment id": 7,
            "parent": -1,
            "children": [],
            "user id": "1655022164",
            "user name": "大同周易网",
            "content": "被打的女孩4个人，为啥医院里只说了两个？一开始被打的最狠的那个穿黑衣服的女孩，为什么在医院里没有出现？现在唐山都限制出入了！唐山各相关部门的报道没有后续。这怎么解释？",
            "time": "22-6-17 14:56"
        },
        {
            "comment id": 8,
            "parent": -1,
            "children": [],
            "user id": "3113005482",
            "user name": "张舜闳_",
            "content": "此内容为不实消息",
            "time": "22-6-17 19:39"
        },
        {
            "comment id": 9,
            "parent": -1,
            "children": [
                10
            ],
            "user id": "6473587143",
            "user name": "小夏啊2018",
            "content": "政府管不了的话，以后会不会就是以暴制暴了？",
            "time": "22-6-17 12:26"
        },
        {
            "comment id": 10,
            "parent": 9,
            "children": [],
            "user id": "1655022164",
            "user name": "大同周易网",
            "content": "会",
            "time": "22-6-17 14:57"
        },
        {
            "comment id": 11,
            "parent": -1,
            "children": [],
            "user id": "1920175085",
            "user name": "骑驴的少女",
            "content": "不信谣，不传谣，才是真的关心帮助受害女生。 ",
            "time": "22-6-17 13:37"
        },
        {
            "comment id": 12,
            "parent": -1,
            "children": [],
            "user id": "2337430973",
            "user name": "MrV变成了芝士蛋糕",
            "content": "微博那帮所谓大V怎么都没声了",
            "time": "22-6-17 13:22"
        },
        {
            "comment id": 13,
            "parent": -1,
            "children": [],
            "user id": "7727945812",
            "user name": "亏贝儿",
            "content": "死行吧🙏🙏🙏🙏🙏🙏",
            "time": "22-6-17 12:01"
        },
        {
            "comment id": 14,
            "parent": -1,
            "children": [],
            "user id": "7104863353",
            "user name": "today假装很幸福",
            "content": "真惨",
            "time": "22-6-17 10:07"
        }
    ]
}