{
    "source": {
        "content": "帮忙！ 求扩散，朋友的微信：今天上午一朋友的朋友女儿在大润发超市附近被人拐走了，小女孩三岁多，能准确说出她爸爸的手机号码，从监控上看是被一个四十多岁男人抱走了，现大人都急疯了，有知情者请告之，万分感谢！（帮忙转发）   ",
        "time": "13-7-15 10:32",
        "user id": "1222084044",
        "tweet id": "A077efqIY",
        "label": 1,
        "theme": "社会生活"
    },
    "comment": [
        {
            "comment id": 0,
            "parent": -1,
            "children": [],
            "user id": "3192983672",
            "user name": "孜然不吃鱼",
            "content": "转发微博",
            "time": "13-7-15 22:14"
        },
        {
            "comment id": 1,
            "parent": -1,
            "children": [],
            "user id": "3537415787",
            "user name": "芜湖百姓频道",
            "content": "帮忙扩散//@酱出名门酒店有限公司: 帮忙扩散@大话芜湖@芜湖话报 @芜湖民生网络 @芜湖热线",
            "time": "13-7-15 13:22"
        },
        {
            "comment id": 2,
            "parent": -1,
            "children": [],
            "user id": "1222084044",
            "user name": "日照颜儿不色",
            "content": "回复@芜湖热线:这里是日照啊",
            "time": "13-7-15 13:17"
        },
        {
            "comment id": 3,
            "parent": -1,
            "children": [],
            "user id": "1745984651",
            "user name": "人在江湖_睡神",
            "content": "日照也这么疯狂了？一定要抓住那人，帮转@日照同城会 @日照公安",
            "time": "13-7-15 11:06"
        },
        {
            "comment id": 4,
            "parent": -1,
            "children": [],
            "user id": "1914984867",
            "user name": "笑论天涯",
            "content": "//@微笑搜寻快乐: 转发微博",
            "time": "13-7-15 11:05"
        },
        {
            "comment id": 5,
            "parent": -1,
            "children": [],
            "user id": "1738307381",
            "user name": "芜湖热线",
            "content": "此为假新闻，@常熟公安 已辟谣！@小翼老师 详细请看：网页链接",
            "time": "13-7-15 10:57"
        },
        {
            "comment id": 6,
            "parent": -1,
            "children": [],
            "user id": "3186339647",
            "user name": "芜湖民生网官博",
            "content": "情况属实吗？//@酱出名门酒店有限公司: 帮忙扩散@大话芜湖@芜湖话报 @芜湖民生网络 @芜湖热线",
            "time": "13-7-15 10:55"
        },
        {
            "comment id": 7,
            "parent": -1,
            "children": [],
            "user id": "1821260794",
            "user name": "北漂小翼",
            "content": "此为假新闻，@常熟公安 已辟谣。详细请看：网页链接",
            "time": "13-7-15 10:44"
        },
        {
            "comment id": 8,
            "parent": -1,
            "children": [],
            "user id": "3142349447",
            "user name": "麦芽糖是酸的",
            "content": " @日照公安 来来靠你了",
            "time": "13-7-15 10:37"
        }
    ]
}