{
    "source": {
        "content": "帮忙！ 求扩散，今天上午一个小女孩在大润发超市附近被人拐走了，小女孩三岁多，能准确说出她爸爸的手机号码，这是我们同事女儿的照片，从监控上看是被一个四十多岁男人抱走了，现大人都急疯了，有知情者请告之，万分感谢！帮忙转发！！严惩@山东滨州同城会 @滨州微博网  ",
        "time": "13-7-15 14:23",
        "user id": "1798512583",
        "tweet id": "A08CGxjFY",
        "label": 1,
        "theme": "社会生活"
    },
    "comment": [
        {
            "comment id": 0,
            "parent": -1,
            "children": [],
            "user id": "2803904623",
            "user name": "等待_下一季花开_",
            "content": "别发了 济宁也也有，坑人啊",
            "time": "13-7-19 12:38"
        },
        {
            "comment id": 1,
            "parent": -1,
            "children": [],
            "user id": "3086087007",
            "user name": "苗小苗Li",
            "content": "此内容为不实消息，，，，，，，，。。。。。。。。。。。",
            "time": "13-7-18 18:58"
        },
        {
            "comment id": 2,
            "parent": -1,
            "children": [],
            "user id": "1852464761",
            "user name": "一池清水久儿",
            "content": "来晚了，不知道找到没，希望宝贝早点回家。",
            "time": "13-7-17 21:24"
        },
        {
            "comment id": 3,
            "parent": -1,
            "children": [],
            "user id": "2453688321",
            "user name": "山东大新",
            "content": "快找孩子！帮转！",
            "time": "13-7-15 14:42"
        },
        {
            "comment id": 4,
            "parent": -1,
            "children": [],
            "user id": "2934673555",
            "user name": "小晗姐姐Triste",
            "content": "帮忙扩撒",
            "time": "13-7-15 14:24"
        },
        {
            "comment id": 5,
            "parent": -1,
            "children": [],
            "user id": "1798512583",
            "user name": "我是王建淼",
            "content": "是滨州大润发",
            "time": "13-7-15 14:23"
        }
    ]
}