{
    "source": {
        "content": "【】佛罗里达州的Marco岛发生一件感人的事：一只狗掉进运河，一群海豚便担起了救狗的责任，附近的居民听见海豚的声音，超级大声，出来一看，原来海豚们正驼着狗狗往安全地带游，他们赶紧报警，花了将近15个小时狗狗被消防人员拉出并与主人团聚。感谢附近的居民拍下这一张感人的照片。THK:@牛尔 ",
        "time": "13-7-15 16:09",
        "user id": "2709577332",
        "tweet id": "A09jJqt7r",
        "label": 1,
        "theme": "社会生活"
    },
    "comment": [
        {
            "comment id": 0,
            "parent": -1,
            "children": [],
            "user id": "1667040222",
            "user name": "阳小圆椒",
            "content": "@张鼎黎大胡King 好帅气。。",
            "time": "13-8-26 12:41"
        },
        {
            "comment id": 1,
            "parent": -1,
            "children": [],
            "user id": "1391724212",
            "user name": "奥菲利亚789",
            "content": "感动！ 动物的智商也在进化中啊",
            "time": "13-8-4 16:43"
        },
        {
            "comment id": 2,
            "parent": -1,
            "children": [],
            "user id": "2859237094",
            "user name": "哥没拍过西游记",
            "content": "日本人猎杀海豚不得好死。",
            "time": "13-8-1 18:45"
        },
        {
            "comment id": 3,
            "parent": -1,
            "children": [],
            "user id": "2584942841",
            "user name": "团团圆圆粘粘甜甜",
            "content": "越是原始的东西越感人。",
            "time": "13-7-22 00:47"
        },
        {
            "comment id": 4,
            "parent": -1,
            "children": [],
            "user id": "2605413117",
            "user name": "_没有感情的杀手_",
            "content": "哈哈，不实消息",
            "time": "13-7-20 13:33"
        },
        {
            "comment id": 5,
            "parent": -1,
            "children": [],
            "user id": "1889730323",
            "user name": "007Jims",
            "content": "转发微博",
            "time": "13-7-19 17:32"
        },
        {
            "comment id": 6,
            "parent": -1,
            "children": [],
            "user id": "3638619372",
            "user name": "不要忘记抬头",
            "content": "小狗要以身相许啊！",
            "time": "13-7-19 09:14"
        },
        {
            "comment id": 7,
            "parent": -1,
            "children": [],
            "user id": "1955922845",
            "user name": "-LIUYANYAN-",
            "content": "回复@听闻一场雨:为啥子是假的？",
            "time": "13-7-18 20:41"
        },
        {
            "comment id": 8,
            "parent": -1,
            "children": [],
            "user id": "1690928210",
            "user name": "图拉Isla",
            "content": "@榕榕说我是延儿猪 假的",
            "time": "13-7-18 20:12"
        },
        {
            "comment id": 9,
            "parent": -1,
            "children": [],
            "user id": "1801108817",
            "user name": "流浪的Nicole",
            "content": "这是一个视频的截图",
            "time": "13-7-18 13:33"
        },
        {
            "comment id": 10,
            "parent": -1,
            "children": [],
            "user id": "1714796957",
            "user name": "YuenJJ28",
            "content": "@锺頴雯雯 ",
            "time": "13-7-18 11:08"
        },
        {
            "comment id": 11,
            "parent": -1,
            "children": [],
            "user id": "1748156967",
            "user name": "糯米团团球",
            "content": "好有爱丫~~",
            "time": "13-7-18 10:19"
        },
        {
            "comment id": 12,
            "parent": -1,
            "children": [],
            "user id": "3290133844",
            "user name": "在下弗里姬",
            "content": "好有爱啊~~~",
            "time": "13-7-17 21:01"
        },
        {
            "comment id": 13,
            "parent": -1,
            "children": [],
            "user id": "3239576232",
            "user name": "清风浅唱又如何",
            "content": "不贵海豚的确要救人。这是因为母海豚之间为了救小海豚养成的习惯",
            "time": "13-7-17 17:59"
        },
        {
            "comment id": 14,
            "parent": -1,
            "children": [],
            "user id": "3239576232",
            "user name": "清风浅唱又如何",
            "content": "此内容为不实消息，已处理",
            "time": "13-7-17 17:58"
        },
        {
            "comment id": 15,
            "parent": -1,
            "children": [],
            "user id": "2514092004",
            "user name": "网上轻纺城资讯频道",
            "content": "97年的美国励志电影《心有灵犀（Zeus and Roxanne ）》截图。",
            "time": "13-7-17 16:12"
        },
        {
            "comment id": 16,
            "parent": -1,
            "children": [],
            "user id": "2568230154",
            "user name": "MakeTheCheng程7",
            "content": " @鸾晓张   好有爱",
            "time": "13-7-17 14:21"
        },
        {
            "comment id": 17,
            "parent": -1,
            "children": [],
            "user id": "1770769791",
            "user name": "咪考拉哆",
            "content": "善良的地方连动物都善良",
            "time": "13-7-17 14:09"
        },
        {
            "comment id": 18,
            "parent": -1,
            "children": [],
            "user id": "1858349820",
            "user name": "Sunny禹霏",
            "content": "@雍然季",
            "time": "13-7-17 13:42"
        },
        {
            "comment id": 19,
            "parent": -1,
            "children": [],
            "user id": "1846972184",
            "user name": "kk菌",
            "content": "这才是和谐",
            "time": "13-7-17 11:42"
        },
        {
            "comment id": 20,
            "parent": -1,
            "children": [],
            "user id": "2054033117",
            "user name": "可爱的贝壳宝宝",
            "content": "",
            "time": "13-7-17 10:25"
        },
        {
            "comment id": 21,
            "parent": -1,
            "children": [],
            "user id": "2771748433",
            "user name": "陪我一起看月亮吗",
            "content": "就算是假的，我也愿意相信他是真的。",
            "time": "13-7-17 08:30"
        },
        {
            "comment id": 22,
            "parent": -1,
            "children": [],
            "user id": "2507364517",
            "user name": "Regina怪品味",
            "content": "假的？？",
            "time": "13-7-17 01:28"
        },
        {
            "comment id": 23,
            "parent": -1,
            "children": [],
            "user id": "2094134737",
            "user name": "Willa-bei",
            "content": "@芊小汐  ",
            "time": "13-7-17 01:02"
        },
        {
            "comment id": 24,
            "parent": -1,
            "children": [],
            "user id": "1147260855",
            "user name": "遇见温凉",
            "content": "海豚真善良，竟然还有恶心的人要杀海豚！",
            "time": "13-7-17 00:10"
        },
        {
            "comment id": 25,
            "parent": -1,
            "children": [],
            "user id": "1863476387",
            "user name": "海-里-的-小-石-头",
            "content": "晚安",
            "time": "13-7-17 00:01"
        },
        {
            "comment id": 26,
            "parent": -1,
            "children": [],
            "user id": "1787145511",
            "user name": "90小贝_420",
            "content": "回复@珊珊SSH:rgrgetrtrtftrrtrrfrrj",
            "time": "13-7-16 22:49"
        },
        {
            "comment id": 27,
            "parent": -1,
            "children": [],
            "user id": "2446056911",
            "user name": "平沂鑫",
            "content": "海豚好有爱",
            "time": "13-7-16 22:11"
        },
        {
            "comment id": 28,
            "parent": -1,
            "children": [],
            "user id": "2436346634",
            "user name": "YcGyEe",
            "content": "此内容为不实消息，已处理 为什么还有那么多人转啊",
            "time": "13-7-16 20:55"
        },
        {
            "comment id": 29,
            "parent": -1,
            "children": [],
            "user id": "1783519937",
            "user name": "-mm张-",
            "content": "好有爱",
            "time": "13-7-16 20:47"
        },
        {
            "comment id": 30,
            "parent": -1,
            "children": [],
            "user id": "2166404770",
            "user name": "孫明哲_",
            "content": "@小溻Talia",
            "time": "13-7-16 20:05"
        },
        {
            "comment id": 31,
            "parent": -1,
            "children": [],
            "user id": "2807846714",
            "user name": "Susie455",
            "content": "好有爱",
            "time": "13-7-16 19:41"
        },
        {
            "comment id": 32,
            "parent": -1,
            "children": [],
            "user id": "1654646053",
            "user name": "XXX新XXX",
            "content": "该感谢海豚。而且狗会游泳",
            "time": "13-7-16 19:30"
        },
        {
            "comment id": 33,
            "parent": -1,
            "children": [],
            "user id": "1425633797",
            "user name": "另一个我1-1-3",
            "content": "帮助别人带来的快乐和惊喜是最值得回味的",
            "time": "13-7-16 16:49"
        },
        {
            "comment id": 34,
            "parent": -1,
            "children": [],
            "user id": "1792754743",
            "user name": "chichipe小朱笔记",
            "content": "江宁婆婆都辟谣了还在传啊。。。。",
            "time": "13-7-16 16:46"
        },
        {
            "comment id": 35,
            "parent": -1,
            "children": [],
            "user id": "2084401300",
            "user name": "韩情儿",
            "content": "动物总是善良的",
            "time": "13-7-16 16:35"
        },
        {
            "comment id": 36,
            "parent": -1,
            "children": [],
            "user id": "1770844283",
            "user name": "莱茵GOLF-JOANNA",
            "content": "感动。万物间有情",
            "time": "13-7-16 15:51"
        },
        {
            "comment id": 37,
            "parent": -1,
            "children": [],
            "user id": "1698111033",
            "user name": "Mu洁",
            "content": "狗不是会游泳吗..?",
            "time": "13-7-16 15:40"
        },
        {
            "comment id": 38,
            "parent": -1,
            "children": [],
            "user id": "1744893680",
            "user name": "SP一直在路上",
            "content": " @JimmyKwok_",
            "time": "13-7-16 15:24"
        },
        {
            "comment id": 39,
            "parent": -1,
            "children": [],
            "user id": "2776781177",
            "user name": "我怎么就那么难瘦",
            "content": "最喜欢海豚。好萌。好可爱。",
            "time": "13-7-16 14:54"
        },
        {
            "comment id": 40,
            "parent": -1,
            "children": [],
            "user id": "1780144155",
            "user name": "一只毛球猪",
            "content": "这真的太有爱了",
            "time": "13-7-16 14:53"
        },
        {
            "comment id": 41,
            "parent": -1,
            "children": [],
            "user id": "1777064902",
            "user name": "此微博已经在停用了",
            "content": "海豚",
            "time": "13-7-16 14:31"
        },
        {
            "comment id": 42,
            "parent": -1,
            "children": [],
            "user id": "1958146601",
            "user name": "海豚猪JOJO",
            "content": "我就喜欢海豚，太有灵性了...",
            "time": "13-7-16 14:28"
        },
        {
            "comment id": 43,
            "parent": -1,
            "children": [],
            "user id": "1509415045",
            "user name": "十点五十八分",
            "content": "@Happy张江 1997年的一部美国励志电影：心有灵犀（Zeus and Roxanne ）剧照剧照！！！！！！！！！",
            "time": "13-7-16 14:22"
        },
        {
            "comment id": 44,
            "parent": -1,
            "children": [],
            "user id": "1825983603",
            "user name": "空巷子152",
            "content": "回复@一码姐:感人的事真多呢",
            "time": "13-7-16 14:07"
        },
        {
            "comment id": 45,
            "parent": -1,
            "children": [],
            "user id": "1278584880",
            "user name": "柳如是喜",
            "content": "好感人@空巷子152",
            "time": "13-7-16 14:04"
        },
        {
            "comment id": 46,
            "parent": -1,
            "children": [],
            "user id": "1802351254",
            "user name": "别叫我姐姐827_",
            "content": "真感人，这么善良为什么还会有人去伤害它们呢",
            "time": "13-7-16 13:38"
        },
        {
            "comment id": 47,
            "parent": -1,
            "children": [],
            "user id": "1765127912",
            "user name": "香草薄荷姑娘",
            "content": "有爱啊",
            "time": "13-7-16 13:33"
        },
        {
            "comment id": 48,
            "parent": -1,
            "children": [],
            "user id": "2746367191",
            "user name": "人可念何",
            "content": "逗比  这是假的~图来自美国的一部电影",
            "time": "13-7-16 13:19"
        },
        {
            "comment id": 49,
            "parent": -1,
            "children": [],
            "user id": "2693840210",
            "user name": "JJessieWu_EXO_M",
            "content": "",
            "time": "13-7-16 12:46"
        },
        {
            "comment id": 50,
            "parent": -1,
            "children": [],
            "user id": "2139632905",
            "user name": "liziwei1006",
            "content": "狗自己会游泳的啊？为什么要海豚救呢？//@兔大爷007:真的好感人呀，好有爱的海豚~",
            "time": "13-7-16 12:40"
        },
        {
            "comment id": 51,
            "parent": -1,
            "children": [],
            "user id": "1896916625",
            "user name": "DLeno-",
            "content": "回复@Monkey秋秋:哇〜",
            "time": "13-7-16 12:26"
        },
        {
            "comment id": 52,
            "parent": -1,
            "children": [],
            "user id": "1853931201",
            "user name": "老菜oi",
            "content": "感人四了😭",
            "time": "13-7-16 12:10"
        },
        {
            "comment id": 53,
            "parent": -1,
            "children": [],
            "user id": "1758905955",
            "user name": "Monkeykey是大王",
            "content": " @我的小名是nini 太有爱了",
            "time": "13-7-16 12:09"
        },
        {
            "comment id": 54,
            "parent": -1,
            "children": [],
            "user id": "1857137794",
            "user name": "少女顶瓜瓜",
            "content": "感人！",
            "time": "13-7-16 12:09"
        },
        {
            "comment id": 55,
            "parent": -1,
            "children": [],
            "user id": "2781800925",
            "user name": "Poseidon慕",
            "content": "好有爱的一幕",
            "time": "13-7-16 12:02"
        },
        {
            "comment id": 56,
            "parent": -1,
            "children": [],
            "user id": "2737510241",
            "user name": "鱼在水中游游来游去游成愁",
            "content": "好有爱呀！！一起漂洋过海！",
            "time": "13-7-16 11:42"
        },
        {
            "comment id": 57,
            "parent": -1,
            "children": [],
            "user id": "2095329147",
            "user name": "阿里喵喵",
            "content": "真拉风",
            "time": "13-7-16 11:32"
        },
        {
            "comment id": 58,
            "parent": -1,
            "children": [],
            "user id": "2665854233",
            "user name": "Lucy_Soprano",
            "content": "回复@噜奶:Zeus and Roxanne下次可以一起看",
            "time": "13-7-16 11:32"
        },
        {
            "comment id": 59,
            "parent": -1,
            "children": [],
            "user id": "1887945861",
            "user name": "Ryta",
            "content": "",
            "time": "13-7-16 11:27"
        },
        {
            "comment id": 60,
            "parent": -1,
            "children": [],
            "user id": "1164070933",
            "user name": "Daybreak_mhc",
            "content": "@阿里喵喵 好拉风",
            "time": "13-7-16 11:15"
        },
        {
            "comment id": 61,
            "parent": -1,
            "children": [],
            "user id": "2108312953",
            "user name": "波子汽水味_",
            "content": "狗不是会游泳",
            "time": "13-7-16 11:08"
        },
        {
            "comment id": 62,
            "parent": -1,
            "children": [],
            "user id": "2924424521",
            "user name": "心酸的柠檬水",
            "content": "海豚真好，善良美丽还聪明",
            "time": "13-7-16 10:55"
        },
        {
            "comment id": 63,
            "parent": -1,
            "children": [],
            "user id": "1873914013",
            "user name": "20140614c",
            "content": "这是电影的剧照，不是真实的",
            "time": "13-7-16 10:45"
        },
        {
            "comment id": 64,
            "parent": -1,
            "children": [],
            "user id": "2356967142",
            "user name": "Yaya·00",
            "content": "回复@袁沣:嗯",
            "time": "13-7-16 10:26"
        },
        {
            "comment id": 65,
            "parent": -1,
            "children": [],
            "user id": "2772422373",
            "user name": "我是甜大头",
            "content": "",
            "time": "13-7-16 10:17"
        },
        {
            "comment id": 66,
            "parent": -1,
            "children": [],
            "user id": "2281285025",
            "user name": "袁峯峯",
            "content": "回复@陈细腻MF:现在是你不想说",
            "time": "13-7-16 10:14"
        },
        {
            "comment id": 67,
            "parent": -1,
            "children": [],
            "user id": "1911232623",
            "user name": "叮叮铛铛妈",
            "content": "回复@鹅城新县令:",
            "time": "13-7-16 10:06"
        },
        {
            "comment id": 68,
            "parent": -1,
            "children": [],
            "user id": "1722892851",
            "user name": "蔡小司司",
            "content": "已经被粉碎啦~~~看@江宁公安在线 的微博吧！！！假的！！！",
            "time": "13-7-16 09:52"
        },
        {
            "comment id": 69,
            "parent": -1,
            "children": [],
            "user id": "2134916083",
            "user name": "江米团脑袋哦",
            "content": "这些动物都是人类的好朋友请不要伤害它们",
            "time": "13-7-16 09:51"
        },
        {
            "comment id": 70,
            "parent": -1,
            "children": [],
            "user id": "2047715725",
            "user name": "鹅城新县令",
            "content": "回复@猴小猴_:就起来了",
            "time": "13-7-16 09:36"
        },
        {
            "comment id": 71,
            "parent": -1,
            "children": [],
            "user id": "1911232623",
            "user name": "叮叮铛铛妈",
            "content": " @鹅城新县令 好有爱",
            "time": "13-7-16 09:35"
        },
        {
            "comment id": 72,
            "parent": -1,
            "children": [],
            "user id": "1260359927",
            "user name": "曾几何时512",
            "content": "想想日本那些杀海豚不眨眼的畜生们",
            "time": "13-7-16 09:25"
        },
        {
            "comment id": 73,
            "parent": -1,
            "children": [],
            "user id": "1688646547",
            "user name": "纠结的晨小P",
            "content": "回复@力鹏篮球训练营:学别人",
            "time": "13-7-16 08:53"
        },
        {
            "comment id": 74,
            "parent": -1,
            "children": [],
            "user id": "3032326320",
            "user name": "力鹏篮球训练营",
            "content": " @纠结的晨小P 你被救啦",
            "time": "13-7-16 08:46"
        },
        {
            "comment id": 75,
            "parent": -1,
            "children": [],
            "user id": "2145584911",
            "user name": "-婉儿婉儿",
            "content": " @娜丿乚",
            "time": "13-7-16 08:44"
        },
        {
            "comment id": 76,
            "parent": -1,
            "children": [],
            "user id": "2619530774",
            "user name": "Ch3rryr3n",
            "content": "",
            "time": "13-7-16 08:37"
        },
        {
            "comment id": 77,
            "parent": -1,
            "children": [],
            "user id": "1260206120",
            "user name": "贺登登",
            "content": "[ali哇]真温馨....",
            "time": "13-7-16 08:34"
        },
        {
            "comment id": 78,
            "parent": -1,
            "children": [],
            "user id": "1453353284",
            "user name": "showy_xu",
            "content": "可以拍成动画片了",
            "time": "13-7-16 08:32"
        },
        {
            "comment id": 79,
            "parent": -1,
            "children": [],
            "user id": "2141158757",
            "user name": "夏日七分白",
            "content": "最喜欢海豚了",
            "time": "13-7-16 08:28"
        }
    ]
}