{
    "source": {
        "content": "济宁。请大家帮帮忙！转发！ 求扩散，今天上午女儿在大润发超市附近被人拐走了，小女孩三岁多，能准确说出她爸爸的手机号码，从监控上看是被一个四十多岁男人抱走了，现大人都急疯了，有知情者请告之，万分感谢！—请带孩子的父母务必看好身边的孩子； 有线索请打18854793575找曹经理[转发]太可恶了！ ",
        "time": "13-7-15 19:58",
        "user id": "2485710937",
        "tweet id": "A0aOG818A",
        "label": 1,
        "theme": "社会生活"
    },
    "comment": [
        {
            "comment id": 0,
            "parent": -1,
            "children": [],
            "user id": "2171680587",
            "user name": "喜宝小儿推拿培训",
            "content": "为什么要找“曹经理”？",
            "time": "13-7-16 08:40"
        },
        {
            "comment id": 1,
            "parent": -1,
            "children": [],
            "user id": "1654267021",
            "user name": "献血者",
            "content": "“小女孩大润发附近被拐”谣言袭汉 “小女孩大润发附近被拐”谣言袭汉 这小女孩招谁惹谁了一晚上在全国多地“被拐”(图)网页链接",
            "time": "13-7-16 07:06"
        },
        {
            "comment id": 2,
            "parent": -1,
            "children": [],
            "user id": "1559044832",
            "user name": "你下_面给我吃吧",
            "content": "真的假的？怎么联系人是曹经理呢？好奇怪的，遇到这事还不忘自己是经理？！",
            "time": "13-7-15 23:49"
        },
        {
            "comment id": 3,
            "parent": -1,
            "children": [],
            "user id": "1835225595",
            "user name": "加油小宝宝",
            "content": "帮转了，孩子好可怜，出门一定要看好宝宝",
            "time": "13-7-15 22:21"
        },
        {
            "comment id": 4,
            "parent": -1,
            "children": [],
            "user id": "1793753603",
            "user name": "江洪烈",
            "content": "卖了多少钱啊？",
            "time": "13-7-15 20:54"
        },
        {
            "comment id": 5,
            "parent": -1,
            "children": [],
            "user id": "1951143303",
            "user name": "小何才露尖尖角139",
            "content": "平安",
            "time": "13-7-15 20:50"
        },
        {
            "comment id": 6,
            "parent": -1,
            "children": [],
            "user id": "1218306320",
            "user name": "愉悦而博",
            "content": "消灭人贩！",
            "time": "13-7-15 20:33"
        },
        {
            "comment id": 7,
            "parent": -1,
            "children": [],
            "user id": "2505355607",
            "user name": "花花的美好世界",
            "content": "前两天看微博，不是辟谣说是假的吗？",
            "time": "13-7-15 20:13"
        },
        {
            "comment id": 8,
            "parent": -1,
            "children": [],
            "user id": "1901814015",
            "user name": "齐鲁仁爱使者",
            "content": "爱心寻找",
            "time": "13-7-15 20:02"
        },
        {
            "comment id": 9,
            "parent": -1,
            "children": [],
            "user id": "2485710937",
            "user name": "舜网",
            "content": "回复@俊采_星驰:",
            "time": "13-7-15 20:01"
        },
        {
            "comment id": 10,
            "parent": -1,
            "children": [],
            "user id": "1082247204",
            "user name": "凭海临风Terry",
            "content": "转发微博",
            "time": "13-7-15 19:58"
        }
    ]
}