{
    "source": {
        "content": "转，帮忙、！ 求扩散，今天上午一朋友的朋友女儿在天津大润发超市附近被人拐走了，小女孩三岁多，能准确说出她爸爸的手机号码，从监控上看是被一个四十多岁男人抱走了，现大人都急疯了，有知情者请告之，万分感谢！（幫忙转发） ",
        "time": "13-7-16 17:05",
        "user id": "2183471615",
        "tweet id": "A0j7go2xf",
        "label": 1,
        "theme": "社会生活"
    },
    "comment": [
        {
            "comment id": 0,
            "parent": -1,
            "children": [],
            "user id": "2183471615",
            "user name": "刘大溥",
            "content": "回复@天津龍貓:",
            "time": "13-7-20 22:08"
        },
        {
            "comment id": 1,
            "parent": -1,
            "children": [],
            "user id": "2183471615",
            "user name": "刘大溥",
            "content": "已经得到证实是假新闻，别转了",
            "time": "13-7-20 22:08"
        },
        {
            "comment id": 2,
            "parent": -1,
            "children": [],
            "user id": "1498259771",
            "user name": "天津龍貓",
            "content": "回复@周光辉围脖:有时，的确替大家的盲目转发捉急。",
            "time": "13-7-18 02:33"
        },
        {
            "comment id": 3,
            "parent": -1,
            "children": [],
            "user id": "1956208537",
            "user name": "周光辉围脖",
            "content": "回复@天津龍貓:受教了！",
            "time": "13-7-18 02:29"
        },
        {
            "comment id": 4,
            "parent": -1,
            "children": [],
            "user id": "1498259771",
            "user name": "天津龍貓",
            "content": "回复@周光辉围脖:一般我遇到类似问题会这样：1，先看清有没有具体发生时间地点。2，看当事人有没有姓名以及联系方式。3，对公布手机号码的，利用号码属地查询软件查一下。从而避免了大多数无厘头的求转帮转信息。人们的善心不应被愚弄。",
            "time": "13-7-18 02:25"
        },
        {
            "comment id": 5,
            "parent": -1,
            "children": [],
            "user id": "1956208537",
            "user name": "周光辉围脖",
            "content": "如果是新浪矫情或是什么故障，我也就忍了。要是我在网络上认识的朋友也骗我，我会对好多事情重新界定！",
            "time": "13-7-17 11:17"
        },
        {
            "comment id": 6,
            "parent": -1,
            "children": [],
            "user id": "1956208537",
            "user name": "周光辉围脖",
            "content": "我愤怒！刚刚看到 @中国邮政直邮刘大溥 发给我并且我也动员了很多资源的微博，原来“此内容为不实消息，已处理。” 详情»到底谁是真的谁是假的？----------------------不要骗我老汉！",
            "time": "13-7-17 11:15"
        },
        {
            "comment id": 7,
            "parent": -1,
            "children": [],
            "user id": "3346900574",
            "user name": "zhangjianweidewb",
            "content": "千杀的人贩子",
            "time": "13-7-16 23:08"
        },
        {
            "comment id": 8,
            "parent": -1,
            "children": [],
            "user id": "1637210702",
            "user name": "_奕杉_",
            "content": "又是大润发！那里怎么总丢孩子！",
            "time": "13-7-16 22:48"
        },
        {
            "comment id": 9,
            "parent": -1,
            "children": [],
            "user id": "2288486705",
            "user name": "奏耐天津",
            "content": "应该是不实信息，请@平安天津 确认一下。",
            "time": "13-7-16 22:43"
        },
        {
            "comment id": 10,
            "parent": -1,
            "children": [],
            "user id": "1911091775",
            "user name": "辅助叶子",
            "content": "晚上带孩子在港澳广场 一堆人跳舞 我们时刻跟着孩子 一个妈妈跟两岁左右的孩子躲猫猫 孩子急的到处跑 我实在忍不住 上去说了：人多 不安全。那位妈妈说：家里还有两个老人看着在，没事。然后表示谢谢我。如果只有她一个人看孩子还躲猫猫 那真的就是纯傻13了",
            "time": "13-7-16 22:18"
        },
        {
            "comment id": 11,
            "parent": -1,
            "children": [],
            "user id": "2367258193",
            "user name": "收藏移到这里了",
            "content": "回复@钰齐齐齐--:微博是个强大的东西，她不仅在潮州出现过，也在苏州杭州重庆黑龙江等等各大润发出现",
            "time": "13-7-16 22:04"
        },
        {
            "comment id": 12,
            "parent": -1,
            "children": [],
            "user id": "1790267405",
            "user name": "芋泥珍波椰丸子",
            "content": "回复@x宋玉:你怎么知道出现过！",
            "time": "13-7-16 21:50"
        },
        {
            "comment id": 13,
            "parent": -1,
            "children": [],
            "user id": "1807641210",
            "user name": "YY尼小克",
            "content": "回复@c铭悦:这个就是假的，这个小孩儿之前是在江西赣州大润发和父母走失，早就找回来了，后续出现了若干各地大润发的版本，不信你去搜索一下相关微博。",
            "time": "13-7-16 21:29"
        },
        {
            "comment id": 14,
            "parent": -1,
            "children": [],
            "user id": "2286179354",
            "user name": "折菊来到你身旁",
            "content": "回复@x宋玉:什么意思？专在大润发丢的孩子？",
            "time": "13-7-16 19:38"
        },
        {
            "comment id": 15,
            "parent": -1,
            "children": [],
            "user id": "1298798612",
            "user name": "风起了我就走",
            "content": "回复@兆君科蒙:是的，我也见过几次了，举报造谣不好使吗？骗转发真可恨！",
            "time": "13-7-16 19:23"
        },
        {
            "comment id": 16,
            "parent": -1,
            "children": [],
            "user id": "2367258193",
            "user name": "收藏移到这里了",
            "content": " @MGN佘烨 @c铭悦 @CcY炀 @钰齐齐齐-- 刚在潮州大润发出现过",
            "time": "13-7-16 19:22"
        },
        {
            "comment id": 17,
            "parent": -1,
            "children": [],
            "user id": "1682799504",
            "user name": "平凡人的辉煌人生",
            "content": "",
            "time": "13-7-16 19:06"
        },
        {
            "comment id": 18,
            "parent": -1,
            "children": [],
            "user id": "1432482114",
            "user name": "老金曰",
            "content": "//@高文利微博: //@睿墨金库:急转！报警了吗？ //@天秤元帅://@周光辉围脖:再扩散，急急急！@张磊天津 @震旦营造 @睿墨金库 @镜小澈_活出精致 @天津朵雅时尚模特机构 //@摄影师小初初: //@升学再毕业--高戬: //@鲁兆明: //@周光辉围脖: 急急急！",
            "time": "13-7-16 19:04"
        },
        {
            "comment id": 19,
            "parent": -1,
            "children": [],
            "user id": "1494920124",
            "user name": "默默低头",
            "content": "急//@震旦营造: //@天秤元帅://@周光辉围脖:再扩散，急急急！@张磊天津 @震旦营造 @睿墨金库 @镜小澈_活出精致 @天津朵雅时尚模特机构 //@摄影师小初初: //@升学再毕业--高戬: //@鲁兆明: //@周光辉围脖: 急急急！",
            "time": "13-7-16 18:15"
        },
        {
            "comment id": 20,
            "parent": -1,
            "children": [],
            "user id": "1420524945",
            "user name": "色行无戒WB",
            "content": "//@周光辉围脖: 再扩散，急急急！@张磊天津 @震旦营造 @睿墨金库 @镜小澈_活出精致 @天津朵雅时尚模特机构 //@摄影师小初初: //@升学再毕业--高戬: //@鲁兆明: //@周光辉围脖: 急急急！",
            "time": "13-7-16 17:54"
        },
        {
            "comment id": 21,
            "parent": -1,
            "children": [],
            "user id": "1801753597",
            "user name": "新颖129",
            "content": "必须转！因为曾经我小时候也被一个河南的人贩拐走过，爸妈都急的不行了，丢了三天，记忆永远抹不掉，大家都来尽一下微博之力，然后多留意身边是否有这个小姑娘被强行拉出来乞讨要钱，更要并采取有效措施。。。//@致青春老栾: //@休宁西街: //@鲁兆明: //@周光辉围脖: 急急急！",
            "time": "13-7-16 17:53"
        },
        {
            "comment id": 22,
            "parent": -1,
            "children": [],
            "user id": "1956208537",
            "user name": "周光辉围脖",
            "content": "再扩散，急急急！@张磊天津 @震旦营造 @睿墨金库 @镜小澈_活出精致 @天津朵雅时尚模特机构",
            "time": "13-7-16 17:53"
        },
        {
            "comment id": 23,
            "parent": -1,
            "children": [],
            "user id": "2183471615",
            "user name": "刘大溥",
            "content": "回复@荔枝蜜ss:微信的网友 发的 要是真的也是帮忙不是",
            "time": "13-7-16 17:26"
        },
        {
            "comment id": 24,
            "parent": -1,
            "children": [],
            "user id": "2180776765",
            "user name": "荔枝蜜ss",
            "content": "真的假的啊？",
            "time": "13-7-16 17:21"
        },
        {
            "comment id": 25,
            "parent": -1,
            "children": [],
            "user id": "1956208537",
            "user name": "周光辉围脖",
            "content": "急急急！",
            "time": "13-7-16 17:14"
        },
        {
            "comment id": 26,
            "parent": -1,
            "children": [],
            "user id": "2183471615",
            "user name": "刘大溥",
            "content": "微信网友找的我 帮忙转发而已",
            "time": "13-7-16 17:12"
        },
        {
            "comment id": 27,
            "parent": -1,
            "children": [],
            "user id": "2183471615",
            "user name": "刘大溥",
            "content": "正在问 帮网友转发的",
            "time": "13-7-16 17:11"
        },
        {
            "comment id": 28,
            "parent": -1,
            "children": [],
            "user id": "1791905915",
            "user name": "LJHJWT",
            "content": "哪个大润发？黑牛城纪庄子道？小海地儿？",
            "time": "13-7-16 17:10"
        },
        {
            "comment id": 29,
            "parent": -1,
            "children": [],
            "user id": "2183471615",
            "user name": "刘大溥",
            "content": "回复@天津小邵:我问问帮网友转发",
            "time": "13-7-16 17:09"
        },
        {
            "comment id": 30,
            "parent": -1,
            "children": [],
            "user id": "1497517847",
            "user name": "天津邵适",
            "content": "没有联系方式么",
            "time": "13-7-16 17:08"
        },
        {
            "comment id": 31,
            "parent": -1,
            "children": [],
            "user id": "2183471615",
            "user name": "刘大溥",
            "content": " @奏耐天津",
            "time": "13-7-16 17:06"
        }
    ]
}