{
    "source": {
        "content": "急 在哈尔滨 帮忙求扩散，今天上午一朋友的朋友女儿在大润发超市附近被人拐走了，小女孩三岁多，能准确说出她爸爸的手机号码，从监控上看是被一个四十多岁男人抱走了，现大人都急疯了，有知情者请告之，万分感谢！看到信息的兄弟姐妹留意一下！联系人郑春蓉13606961118 。（跪求各位好心人帮忙转发） ",
        "time": "13-7-23 16:26",
        "user id": "1313583520",
        "tweet id": "A1mQLj4rE",
        "label": 1,
        "theme": "社会生活"
    },
    "comment": [
        {
            "comment id": 0,
            "parent": -1,
            "children": [],
            "user id": "1313583520",
            "user name": "主持人苗苗",
            "content": "回复@大黏谈:你好 这条信息系统已经标示为虚假消息   ，且系统不允许删除 博主本人已公开发微博致歉 。对于此微博产生的恶劣影响博主在此再次表示歉意。",
            "time": "13-8-7 13:48"
        },
        {
            "comment id": 1,
            "parent": -1,
            "children": [],
            "user id": "3182780523",
            "user name": "大黏谈",
            "content": "知道假的？不删除？不负责",
            "time": "13-8-7 13:13"
        },
        {
            "comment id": 2,
            "parent": -1,
            "children": [],
            "user id": "1961995135",
            "user name": "雨过天晴Nick",
            "content": "太缺德了。。。怎么了，这是",
            "time": "13-7-25 10:36"
        },
        {
            "comment id": 3,
            "parent": -1,
            "children": [],
            "user id": "1051556153",
            "user name": "echo1617",
            "content": "回复@主播苗苗:",
            "time": "13-7-24 13:36"
        },
        {
            "comment id": 4,
            "parent": -1,
            "children": [],
            "user id": "1313583520",
            "user name": "主持人苗苗",
            "content": "回复@echo1617:我想删 删不下去",
            "time": "13-7-24 13:09"
        },
        {
            "comment id": 5,
            "parent": -1,
            "children": [],
            "user id": "1051556153",
            "user name": "echo1617",
            "content": "这条信息是假的，网上的号码是被人恶意贴上的。这个手机主人已无法工作。新闻已澄清，您还不删除。不要再让事态蔓延了。",
            "time": "13-7-24 13:08"
        },
        {
            "comment id": 6,
            "parent": -1,
            "children": [],
            "user id": "1313583520",
            "user name": "主持人苗苗",
            "content": "回复@QuuYo:确实是假的 朋友在朋友圈发布的 没想到能是假的 抱歉",
            "time": "13-7-23 18:58"
        },
        {
            "comment id": 7,
            "parent": -1,
            "children": [],
            "user id": "1313583520",
            "user name": "主持人苗苗",
            "content": "回复@小暘:确实是假的 朋友在朋友圈发布的 没想到能是假的 抱歉",
            "time": "13-7-23 18:57"
        },
        {
            "comment id": 8,
            "parent": -1,
            "children": [],
            "user id": "1313583520",
            "user name": "主持人苗苗",
            "content": "回复@厚厚的小棉袄:确实是假的 朋友在朋友圈发布的没想到能是假的 抱歉",
            "time": "13-7-23 18:57"
        },
        {
            "comment id": 9,
            "parent": -1,
            "children": [],
            "user id": "1313583520",
            "user name": "主持人苗苗",
            "content": "回复@琪子汤:确实是假的 朋友在朋友圈发布的 没想到能是假的 抱歉",
            "time": "13-7-23 18:56"
        },
        {
            "comment id": 10,
            "parent": -1,
            "children": [],
            "user id": "1313583520",
            "user name": "主持人苗苗",
            "content": "回复@cass丹:确实是假的朋友在朋友圈发布的 没想到能是假的 抱歉",
            "time": "13-7-23 18:56"
        },
        {
            "comment id": 11,
            "parent": -1,
            "children": [],
            "user id": "1313583520",
            "user name": "主持人苗苗",
            "content": "回复@QuuYo:确实是假的 朋友在朋友圈发布的 没想到能是假的 抱歉 了",
            "time": "13-7-23 18:56"
        },
        {
            "comment id": 12,
            "parent": -1,
            "children": [],
            "user id": "1313583520",
            "user name": "主持人苗苗",
            "content": "回复@大大垂耳兔:确实是假的 朋友在朋友圈发布的 没想到能是假的 抱歉",
            "time": "13-7-23 18:55"
        },
        {
            "comment id": 13,
            "parent": -1,
            "children": [],
            "user id": "1313583520",
            "user name": "主持人苗苗",
            "content": "回复@khuntoria丶小希灬:确实是假的 朋友在朋友圈发布的 没想到能是假的 抱歉",
            "time": "13-7-23 18:43"
        },
        {
            "comment id": 14,
            "parent": -1,
            "children": [],
            "user id": "1563295267",
            "user name": "khuntoria3503",
            "content": "不会又是骗局把，这样的事电视都曝光了，苗苗啊，发微薄虚谨慎啊，这是骗人的事！",
            "time": "13-7-23 18:07"
        },
        {
            "comment id": 15,
            "parent": -1,
            "children": [],
            "user id": "1766321665",
            "user name": "一个可爱的小人人",
            "content": "这是个骗局 百度一下吧 早就被曝光了 身为公众人物。 这种信息真的应该好好查证再发啊",
            "time": "13-7-23 17:20"
        },
        {
            "comment id": 16,
            "parent": -1,
            "children": [],
            "user id": "1572640640",
            "user name": "我是彤彤吖_",
            "content": "手机号是福建漳州。。。。苗姐被骗了吧~",
            "time": "13-7-23 17:08"
        },
        {
            "comment id": 17,
            "parent": -1,
            "children": [],
            "user id": "1878710080",
            "user name": "cass丹",
            "content": "新闻好像报过这是虚假信息吧",
            "time": "13-7-23 16:39"
        },
        {
            "comment id": 18,
            "parent": -1,
            "children": [],
            "user id": "1598764837",
            "user name": "天天妈妈和爸爸",
            "content": "大润发多了!哪个大润发啊?",
            "time": "13-7-23 16:37"
        },
        {
            "comment id": 19,
            "parent": -1,
            "children": [],
            "user id": "1080744003",
            "user name": "你大爷",
            "content": "假的",
            "time": "13-7-23 16:35"
        },
        {
            "comment id": 20,
            "parent": -1,
            "children": [],
            "user id": "1884903070",
            "user name": "厚厚的小棉袄",
            "content": "这是假的啊，早在网上就有过啊！",
            "time": "13-7-23 16:32"
        }
    ]
}