{
    "source": {
        "content": "【中国双休日的来历】1994年前后，中美入世谈判最艰难的时刻，美方突然向中方提出：在全世界都实行双休日的今天，中国必须尊重人权，也给中国人双休日，并把这一项作为入世条件之一。 1995年5月1日后起中国开始实行双休日工作制。PS:万恶的美帝啊！ ",
        "time": "13-8-5 09:38",
        "user id": "2077199335",
        "tweet id": "A3iJGpGEc",
        "label": 1,
        "theme": "政治"
    },
    "comment": [
        {
            "comment id": 0,
            "parent": -1,
            "children": [],
            "user id": "1689651644",
            "user name": "大卫胖狗狗",
            "content": "此博经常发表想当然的消息，已取消关注",
            "time": "13-8-5 20:18"
        },
        {
            "comment id": 1,
            "parent": -1,
            "children": [],
            "user id": "2909765857",
            "user name": "夏日绽放的血花",
            "content": "回复@放歌子非张:有，之前是大小周末。窃以为还是很有期待感。",
            "time": "13-8-5 11:53"
        },
        {
            "comment id": 2,
            "parent": -1,
            "children": [],
            "user id": "1692660141",
            "user name": "影影影中人",
            "content": "纯属扯淡",
            "time": "13-8-5 10:17"
        },
        {
            "comment id": 3,
            "parent": -1,
            "children": [],
            "user id": "1909443381",
            "user name": "刘赵杰-",
            "content": "额。。。我生在了一个好时候补课什么的不尊重人权怎么说",
            "time": "13-8-5 09:49"
        },
        {
            "comment id": 4,
            "parent": -1,
            "children": [],
            "user id": "1703616527",
            "user name": "avarice_L",
            "content": "但凡有点智商的，都应该去查下原文，然后知道这个是谣言",
            "time": "13-8-5 09:48"
        },
        {
            "comment id": 5,
            "parent": -1,
            "children": [],
            "user id": "1678621097",
            "user name": "海音放唐",
            "content": " @忧郁的小吧鸡 还有印象不?",
            "time": "13-8-5 09:48"
        },
        {
            "comment id": 6,
            "parent": -1,
            "children": [],
            "user id": "2012348040",
            "user name": "仗剑行酒江湖",
            "content": "万恶的美帝呀！！！！！！！！以“入世”要挟我的祖国，让我少了一天为“四化”建设添砖加瓦的机会！！！",
            "time": "13-8-5 09:44"
        },
        {
            "comment id": 7,
            "parent": -1,
            "children": [],
            "user id": "1430891003",
            "user name": "曾经迷惘现在更迷惘",
            "content": "万恶的美帝！双休日拜你所赐啊？",
            "time": "13-8-5 09:43"
        },
        {
            "comment id": 8,
            "parent": -1,
            "children": [],
            "user id": "2896295747",
            "user name": "鹿超大质量黑洞",
            "content": "干得好",
            "time": "13-8-5 09:42"
        }
    ]
}