{
    "source": {
        "content": "【恢复从回收站中被删除的文件的方法】有时候，因为不小心删除了有用的或还要用的文件，而且又清空了回收站（或直接删除而根本不放入回收站）。怎么办？别着急，只要你的电脑还没有运行磁盘整理，且系统完好，任何时候的文件都可以找回来。@学点黑客技术 [转] ",
        "time": "13-8-11 04:17",
        "user id": "2825189572",
        "tweet id": "A4bc6bKl2",
        "label": 1,
        "theme": "科技"
    },
    "comment": [
        {
            "comment id": 0,
            "parent": -1,
            "children": [],
            "user id": "1939139547",
            "user name": "_车夫",
            "content": "@imickeyl",
            "time": "14-3-2 10:06"
        },
        {
            "comment id": 1,
            "parent": -1,
            "children": [],
            "user id": "3973727889",
            "user name": "crystal小灵兔",
            "content": "这个好",
            "time": "14-2-12 14:50"
        },
        {
            "comment id": 2,
            "parent": -1,
            "children": [],
            "user id": "2802105090",
            "user name": "萌萝萌莉",
            "content": "转发微博",
            "time": "14-1-12 14:59"
        },
        {
            "comment id": 3,
            "parent": -1,
            "children": [],
            "user id": "1716372495",
            "user name": "Kalika丹",
            "content": "转发微博",
            "time": "13-12-4 20:13"
        },
        {
            "comment id": 4,
            "parent": -1,
            "children": [],
            "user id": "2051307147",
            "user name": "高维涛-Victor",
            "content": "SSD估计不行",
            "time": "13-11-18 20:56"
        },
        {
            "comment id": 5,
            "parent": -1,
            "children": [],
            "user id": "1662895332",
            "user name": "宇许清竹",
            "content": "转发微博",
            "time": "13-11-3 08:00"
        },
        {
            "comment id": 6,
            "parent": -1,
            "children": [],
            "user id": "1897268870",
            "user name": "桀骜说",
            "content": "假的啊你，靠靠靠～……",
            "time": "13-9-23 08:59"
        },
        {
            "comment id": 7,
            "parent": -1,
            "children": [],
            "user id": "2085327297",
            "user name": "费县亿江南服饰",
            "content": "转发微博",
            "time": "13-9-17 11:29"
        },
        {
            "comment id": 8,
            "parent": -1,
            "children": [],
            "user id": "2422601194",
            "user name": "鹰99隼",
            "content": "回复@古菜花也有春天:么有啊",
            "time": "13-9-14 22:54"
        },
        {
            "comment id": 9,
            "parent": -1,
            "children": [],
            "user id": "1891504565",
            "user name": "Gadik",
            "content": "转发微博",
            "time": "13-9-7 19:38"
        },
        {
            "comment id": 10,
            "parent": -1,
            "children": [],
            "user id": "3608797322",
            "user name": "魔点星路",
            "content": "~",
            "time": "13-9-4 12:38"
        },
        {
            "comment id": 11,
            "parent": -1,
            "children": [],
            "user id": "2019325001",
            "user name": "FOXI生活",
            "content": "也许以后会有用吧。。。",
            "time": "13-8-28 14:21"
        },
        {
            "comment id": 12,
            "parent": -1,
            "children": [],
            "user id": "3633138911",
            "user name": "綾小路陽太",
            "content": "转发微博",
            "time": "13-8-25 09:39"
        },
        {
            "comment id": 13,
            "parent": -1,
            "children": [],
            "user id": "2994625652",
            "user name": "罐装可爱碎片",
            "content": "@搞基协会会长_迷你裤衩君",
            "time": "13-8-24 18:54"
        },
        {
            "comment id": 14,
            "parent": -1,
            "children": [],
            "user id": "2003197231",
            "user name": "天上掉下个肥仔华",
            "content": "@xiaowei-clock",
            "time": "13-8-23 02:39"
        },
        {
            "comment id": 15,
            "parent": -1,
            "children": [],
            "user id": "1841864765",
            "user name": "陳尚尚B",
            "content": "@halo肥静",
            "time": "13-8-21 23:01"
        },
        {
            "comment id": 16,
            "parent": -1,
            "children": [],
            "user id": "2117086880",
            "user name": "橘子自己来也",
            "content": "试了，没用。。骗子",
            "time": "13-8-21 19:34"
        },
        {
            "comment id": 17,
            "parent": -1,
            "children": [],
            "user id": "2837296120",
            "user name": "曾经属于我的",
            "content": "转发微博",
            "time": "13-8-19 16:26"
        },
        {
            "comment id": 18,
            "parent": -1,
            "children": [],
            "user id": "1878118320",
            "user name": "junzhi23",
            "content": "我想说我没有NemeSpace这个文件夹",
            "time": "13-8-18 22:08"
        },
        {
            "comment id": 19,
            "parent": -1,
            "children": [],
            "user id": "1853236897",
            "user name": "飘零雪2010",
            "content": "收藏",
            "time": "13-8-18 10:55"
        },
        {
            "comment id": 20,
            "parent": -1,
            "children": [],
            "user id": "2851806691",
            "user name": "caili0838",
            "content": "转转",
            "time": "13-8-17 23:55"
        },
        {
            "comment id": 21,
            "parent": -1,
            "children": [],
            "user id": "2706372717",
            "user name": "Mr演进",
            "content": "强大",
            "time": "13-8-17 20:37"
        },
        {
            "comment id": 22,
            "parent": -1,
            "children": [],
            "user id": "1863754173",
            "user name": "vivian19890309",
            "content": "试过 没有用",
            "time": "13-8-17 18:39"
        },
        {
            "comment id": 23,
            "parent": -1,
            "children": [],
            "user id": "2382138123",
            "user name": "譚嘯Season",
            "content": "马克",
            "time": "13-8-17 18:12"
        },
        {
            "comment id": 24,
            "parent": -1,
            "children": [],
            "user id": "1885481164",
            "user name": "让列宁同志先吃",
            "content": "转发微博",
            "time": "13-8-17 13:19"
        },
        {
            "comment id": 25,
            "parent": -1,
            "children": [],
            "user id": "1248045384",
            "user name": "郑射虎",
            "content": "转发微博",
            "time": "13-8-17 11:10"
        },
        {
            "comment id": 26,
            "parent": -1,
            "children": [],
            "user id": "2406919664",
            "user name": "E花花_66",
            "content": "转发微博",
            "time": "13-8-17 10:21"
        },
        {
            "comment id": 27,
            "parent": -1,
            "children": [],
            "user id": "2576868394",
            "user name": "kristy小换",
            "content": "转发微博",
            "time": "13-8-17 09:39"
        },
        {
            "comment id": 28,
            "parent": -1,
            "children": [],
            "user id": "1767219062",
            "user name": "依然安静着",
            "content": "转发微博",
            "time": "13-8-17 09:27"
        },
        {
            "comment id": 29,
            "parent": -1,
            "children": [],
            "user id": "2860770742",
            "user name": "X冼鲜",
            "content": "转发微博",
            "time": "13-8-17 01:36"
        },
        {
            "comment id": 30,
            "parent": -1,
            "children": [],
            "user id": "1592638417",
            "user name": "王亦心大朋友",
            "content": "转发微博",
            "time": "13-8-17 01:01"
        },
        {
            "comment id": 31,
            "parent": -1,
            "children": [],
            "user id": "2505029077",
            "user name": "在河之洲兮",
            "content": "转发微博",
            "time": "13-8-16 21:29"
        },
        {
            "comment id": 32,
            "parent": -1,
            "children": [],
            "user id": "2179502732",
            "user name": "飞飞little琴",
            "content": "收着备用",
            "time": "13-8-16 14:55"
        },
        {
            "comment id": 33,
            "parent": -1,
            "children": [],
            "user id": "2887097272",
            "user name": "财财黑黑乐乐",
            "content": "转发微博",
            "time": "13-8-16 14:14"
        },
        {
            "comment id": 34,
            "parent": -1,
            "children": [],
            "user id": "2484984715",
            "user name": "这个我真帅",
            "content": "刘",
            "time": "13-8-16 12:39"
        },
        {
            "comment id": 35,
            "parent": -1,
            "children": [],
            "user id": "2461166971",
            "user name": "Allen5201314P",
            "content": "转发微博",
            "time": "13-8-16 12:30"
        },
        {
            "comment id": 36,
            "parent": -1,
            "children": [],
            "user id": "2096167351",
            "user name": "云嫣lily",
            "content": "转发微博",
            "time": "13-8-16 11:19"
        },
        {
            "comment id": 37,
            "parent": -1,
            "children": [],
            "user id": "2165285463",
            "user name": "猫侠",
            "content": "实用👍",
            "time": "13-8-16 07:36"
        },
        {
            "comment id": 38,
            "parent": -1,
            "children": [],
            "user id": "2705821894",
            "user name": "莫名老D",
            "content": "转发微博",
            "time": "13-8-16 07:02"
        },
        {
            "comment id": 39,
            "parent": -1,
            "children": [],
            "user id": "1224730911",
            "user name": "judy20068888",
            "content": "转发",
            "time": "13-8-15 23:56"
        },
        {
            "comment id": 40,
            "parent": -1,
            "children": [],
            "user id": "2924830137",
            "user name": "马场里No1",
            "content": "真的吗？",
            "time": "13-8-15 23:17"
        },
        {
            "comment id": 41,
            "parent": -1,
            "children": [],
            "user id": "2684149077",
            "user name": "喵nomi",
            "content": "转发微博",
            "time": "13-8-15 21:33"
        },
        {
            "comment id": 42,
            "parent": -1,
            "children": [],
            "user id": "2254672875",
            "user name": "火柴先生888",
            "content": "转发微博",
            "time": "13-8-15 20:10"
        },
        {
            "comment id": 43,
            "parent": -1,
            "children": [],
            "user id": "2645366565",
            "user name": "俺莱芜忧",
            "content": "转发微博",
            "time": "13-8-15 18:10"
        },
        {
            "comment id": 44,
            "parent": -1,
            "children": [],
            "user id": "2007360447",
            "user name": "卡卡罗琳_WS",
            "content": "",
            "time": "13-8-15 15:21"
        },
        {
            "comment id": 45,
            "parent": -1,
            "children": [],
            "user id": "1971072762",
            "user name": "贝妈爱贝贝",
            "content": "转发微博",
            "time": "13-8-15 14:14"
        },
        {
            "comment id": 46,
            "parent": -1,
            "children": [],
            "user id": "1855600195",
            "user name": "过山车的D一秒",
            "content": "转发微博",
            "time": "13-8-15 13:36"
        },
        {
            "comment id": 47,
            "parent": -1,
            "children": [],
            "user id": "3648528505",
            "user name": "社会的正能量",
            "content": "好技巧要扩散",
            "time": "13-8-15 12:37"
        },
        {
            "comment id": 48,
            "parent": -1,
            "children": [],
            "user id": "2631826552",
            "user name": "一点不想改昵称",
            "content": "转发微博",
            "time": "13-8-15 02:11"
        },
        {
            "comment id": 49,
            "parent": -1,
            "children": [],
            "user id": "2967933863",
            "user name": "咩叽怪",
            "content": "头像头像是v",
            "time": "13-8-15 00:27"
        },
        {
            "comment id": 50,
            "parent": -1,
            "children": [],
            "user id": "1823602814",
            "user name": "橙子香啊香",
            "content": "转发微博",
            "time": "13-8-15 00:19"
        },
        {
            "comment id": 51,
            "parent": -1,
            "children": [],
            "user id": "1763237380",
            "user name": "菠萝小小小熊",
            "content": "转发微博",
            "time": "13-8-15 00:07"
        },
        {
            "comment id": 52,
            "parent": -1,
            "children": [],
            "user id": "2791672332",
            "user name": "悄悄的闯天涯",
            "content": "绝招",
            "time": "13-8-14 21:51"
        },
        {
            "comment id": 53,
            "parent": -1,
            "children": [],
            "user id": "2621943521",
            "user name": "末日审判com",
            "content": "转发微博",
            "time": "13-8-14 21:07"
        },
        {
            "comment id": 54,
            "parent": -1,
            "children": [],
            "user id": "1969220391",
            "user name": "李坏坏umidesu",
            "content": "骗子  ",
            "time": "13-8-14 20:44"
        },
        {
            "comment id": 55,
            "parent": -1,
            "children": [],
            "user id": "3448815194",
            "user name": "牛牛麻麻的网络生活_563",
            "content": "转发微博",
            "time": "13-8-14 19:50"
        },
        {
            "comment id": 56,
            "parent": -1,
            "children": [],
            "user id": "2855492610",
            "user name": "俩逗号",
            "content": "转发微博",
            "time": "13-8-14 19:22"
        },
        {
            "comment id": 57,
            "parent": -1,
            "children": [],
            "user id": "1743545034",
            "user name": "_TMMT_",
            "content": "真的么，之前试的都没用",
            "time": "13-8-14 19:17"
        },
        {
            "comment id": 58,
            "parent": -1,
            "children": [],
            "user id": "2576485874",
            "user name": "20191102恩",
            "content": "转发微博",
            "time": "13-8-14 19:13"
        },
        {
            "comment id": 59,
            "parent": -1,
            "children": [],
            "user id": "3125625393",
            "user name": "真不是重点",
            "content": "骗人",
            "time": "13-8-14 17:22"
        },
        {
            "comment id": 60,
            "parent": -1,
            "children": [],
            "user id": "1893104965",
            "user name": "李大李李",
            "content": "不实消息",
            "time": "13-8-14 16:02"
        },
        {
            "comment id": 61,
            "parent": -1,
            "children": [],
            "user id": "2651247271",
            "user name": "凋零的雏菊花",
            "content": "转发微博",
            "time": "13-8-14 15:19"
        },
        {
            "comment id": 62,
            "parent": -1,
            "children": [],
            "user id": "2786053265",
            "user name": "本人不想做过客",
            "content": "有用",
            "time": "13-8-14 11:27"
        },
        {
            "comment id": 63,
            "parent": -1,
            "children": [],
            "user id": "3213168130",
            "user name": "Veritas_V",
            "content": "转发微博",
            "time": "13-8-14 08:48"
        },
        {
            "comment id": 64,
            "parent": -1,
            "children": [],
            "user id": "1437111073",
            "user name": "穆穆0511",
            "content": "转发微博",
            "time": "13-8-14 07:32"
        },
        {
            "comment id": 65,
            "parent": -1,
            "children": [],
            "user id": "1885566262",
            "user name": "王小王的小小王",
            "content": "转发微博",
            "time": "13-8-14 02:32"
        },
        {
            "comment id": 66,
            "parent": -1,
            "children": [],
            "user id": "1835631080",
            "user name": "睇肉評論員",
            "content": "转发微博",
            "time": "13-8-14 00:05"
        },
        {
            "comment id": 67,
            "parent": -1,
            "children": [],
            "user id": "1968832585",
            "user name": "舞西空",
            "content": "转发微博",
            "time": "13-8-13 23:25"
        },
        {
            "comment id": 68,
            "parent": -1,
            "children": [],
            "user id": "1354953540",
            "user name": "李十九moon",
            "content": "转发微博",
            "time": "13-8-13 23:19"
        },
        {
            "comment id": 69,
            "parent": -1,
            "children": [],
            "user id": "1961040781",
            "user name": "开心生活的甲鱼",
            "content": "收着备用〜",
            "time": "13-8-13 22:59"
        },
        {
            "comment id": 70,
            "parent": -1,
            "children": [],
            "user id": "2145768780",
            "user name": "Elaine瑄",
            "content": "这个太受用",
            "time": "13-8-13 22:51"
        },
        {
            "comment id": 71,
            "parent": -1,
            "children": [],
            "user id": "3679373261",
            "user name": "下雪捞",
            "content": "还蛮简单的，哈哈，好用，深情地赞一个",
            "time": "13-8-13 22:26"
        },
        {
            "comment id": 72,
            "parent": -1,
            "children": [],
            "user id": "2081507807",
            "user name": "岁月静好之无痕",
            "content": "转发微博",
            "time": "13-8-13 22:24"
        },
        {
            "comment id": 73,
            "parent": -1,
            "children": [],
            "user id": "1341663211",
            "user name": "莹Oo莹oO莹",
            "content": "转发微博",
            "time": "13-8-13 22:21"
        },
        {
            "comment id": 74,
            "parent": -1,
            "children": [],
            "user id": "2117086880",
            "user name": "橘子自己来也",
            "content": "++，你妹，不见主健，坑",
            "time": "13-8-13 22:11"
        },
        {
            "comment id": 75,
            "parent": -1,
            "children": [],
            "user id": "2053759334",
            "user name": "是我非我0326",
            "content": "转发微博",
            "time": "13-8-13 21:40"
        },
        {
            "comment id": 76,
            "parent": -1,
            "children": [],
            "user id": "2934898223",
            "user name": "生活在永远",
            "content": "转发微博",
            "time": "13-8-13 21:31"
        },
        {
            "comment id": 77,
            "parent": -1,
            "children": [],
            "user id": "2438936954",
            "user name": "小艾20130303",
            "content": "转发微博",
            "time": "13-8-13 21:15"
        },
        {
            "comment id": 78,
            "parent": -1,
            "children": [],
            "user id": "1748997511",
            "user name": "明旸",
            "content": "@蜜糖罐罐er ",
            "time": "13-8-13 21:11"
        },
        {
            "comment id": 79,
            "parent": -1,
            "children": [],
            "user id": "1748997511",
            "user name": "明旸",
            "content": "@大浪淘沙998 ",
            "time": "13-8-13 21:11"
        }
    ]
}