{
    "source": {
        "content": "蛮子啊，请顶住啊，要知道你的护照上写着：\"不管你身处何方，美国政府和军队都是你强大的后盾\"。 ",
        "time": "13-8-29 08:45",
        "user id": "1925940641",
        "tweet id": "A6WDW1wfa",
        "label": 1,
        "theme": "文体娱乐"
    },
    "comment": [
        {
            "comment id": 0,
            "parent": -1,
            "children": [],
            "user id": "1407272300",
            "user name": "白昼小夜曲",
            "content": "",
            "time": "13-8-29 17:33"
        },
        {
            "comment id": 1,
            "parent": -1,
            "children": [],
            "user id": "2636341175",
            "user name": "萧晨琢玉",
            "content": "造谣党信用破产，大笑掩饰不了的是 自干五心中的那丝寥落//@paingod:  //@纯洁善良的马拖:。。。//@chenmobuyu: //@DS离心泵:",
            "time": "13-8-29 14:27"
        },
        {
            "comment id": 2,
            "parent": -1,
            "children": [],
            "user id": "1959542231",
            "user name": "饱食终日的木木子",
            "content": "哈哈哈哈@AceFantasy",
            "time": "13-8-29 11:12"
        },
        {
            "comment id": 3,
            "parent": -1,
            "children": [],
            "user id": "3738245700",
            "user name": "甩棍杀心胖子姚二世",
            "content": "",
            "time": "13-8-29 11:04"
        },
        {
            "comment id": 4,
            "parent": -1,
            "children": [],
            "user id": "1752598691",
            "user name": "鎏光",
            "content": "//@paingod:  //@纯洁善良的马拖://@chenmobuyu: //@DS离心泵:",
            "time": "13-8-29 10:54"
        },
        {
            "comment id": 5,
            "parent": -1,
            "children": [],
            "user id": "2689356214",
            "user name": "就是那么一丢丢1",
            "content": "请彻查薛蛮子是不是把别人捐助的慈善款用于嫖娼款了//@职业泡妞老贝蒂: //@爱国打工小民://@carlvinson金牛: //@特工傀儡梅姐夫://@十四划: //@paingod:  //@纯洁善良的马拖:。。。//@chenmobuyu: //@DS离心泵:",
            "time": "13-8-29 10:51"
        },
        {
            "comment id": 6,
            "parent": -1,
            "children": [],
            "user id": "1047905121",
            "user name": "晓钟",
            "content": "嫖资、捞人费用及律师费就指望美国政府了。",
            "time": "13-8-29 10:50"
        },
        {
            "comment id": 7,
            "parent": -1,
            "children": [],
            "user id": "1801553674",
            "user name": "初夏半夏浓夏",
            "content": "//@爱国打工小民: //@carlvinson金牛: //@特工傀儡梅姐夫://@十四划: //@paingod:  //@纯洁善良的马拖:。。。//@chenmobuyu: //@DS离心泵:",
            "time": "13-8-29 10:48"
        },
        {
            "comment id": 8,
            "parent": -1,
            "children": [],
            "user id": "1747872267",
            "user name": "鳄鱼也归我们吃",
            "content": "你的国家要拍海豹突击队来救你吗？",
            "time": "13-8-29 10:44"
        },
        {
            "comment id": 9,
            "parent": -1,
            "children": [],
            "user id": "1359421382",
            "user name": "ab456cb456",
            "content": "蛮子顶住，你的国家一定会来救你的//@paingod:  //@纯洁善良的马拖:。。。//@chenmobuyu: //@DS离心泵:",
            "time": "13-8-29 10:43"
        },
        {
            "comment id": 10,
            "parent": -1,
            "children": [],
            "user id": "2418179934",
            "user name": "飞扬南石",
            "content": "@博主 发图不留种，菊花……",
            "time": "13-8-29 10:33"
        },
        {
            "comment id": 11,
            "parent": -1,
            "children": [],
            "user id": "2768282943",
            "user name": "刘老师退休了",
            "content": "//@妙庄王的老窝: 驱逐出境，滚回美国。",
            "time": "13-8-29 10:30"
        },
        {
            "comment id": 12,
            "parent": -1,
            "children": [],
            "user id": "1770504353",
            "user name": "倔强中国人",
            "content": "@美国驻华大使馆 @美国驻成都总领事馆 @沈阳美国领事馆 @美國駐港總領事館 @三角洲特种部队 @海豹突击队 @美国海军陆战队 @美国驻华大屎V @竇爾博 有美国公民需要你们这些后盾 请展开行动",
            "time": "13-8-29 10:21"
        },
        {
            "comment id": 13,
            "parent": -1,
            "children": [],
            "user id": "1047674440",
            "user name": "江南小渔-凤凰",
            "content": "美使馆已经去看望过他了.",
            "time": "13-8-29 10:18"
        },
        {
            "comment id": 14,
            "parent": -1,
            "children": [],
            "user id": "2816275574",
            "user name": "月满轩尼斯-",
            "content": "//@倔强中国人:  //@霸气的呆头鹅_国之战: //@paingod:  //@纯洁善良的马拖:。。。 //@chenmobuyu:  //@DS离心泵:",
            "time": "13-8-29 10:10"
        },
        {
            "comment id": 15,
            "parent": -1,
            "children": [],
            "user id": "1770504353",
            "user name": "倔强中国人",
            "content": "",
            "time": "13-8-29 10:08"
        },
        {
            "comment id": 16,
            "parent": -1,
            "children": [],
            "user id": "1746136584",
            "user name": "LJ李629",
            "content": "问题是美国目前没空，准备干叙利亚呢。。。//@paingod:  //@纯洁善良的马拖:。。。//@chenmobuyu: //@DS离心泵:",
            "time": "13-8-29 10:04"
        },
        {
            "comment id": 17,
            "parent": -1,
            "children": [],
            "user id": "1654076755",
            "user name": "两车前进四",
            "content": "//@paingod:  //@纯洁善良的马拖:。。。//@chenmobuyu: //@DS离心泵:",
            "time": "13-8-29 10:04"
        },
        {
            "comment id": 18,
            "parent": -1,
            "children": [],
            "user id": "2002803040",
            "user name": "含泪归国李开复",
            "content": "@美国驻华大使馆 王师何在????",
            "time": "13-8-29 09:55"
        },
        {
            "comment id": 19,
            "parent": -1,
            "children": [],
            "user id": "2435787893",
            "user name": "被人叫肥仔",
            "content": "//@paingod: //@纯洁善良的马拖:。。。//@chenmobuyu: //@DS离心泵:",
            "time": "13-8-29 09:50"
        },
        {
            "comment id": 20,
            "parent": -1,
            "children": [],
            "user id": "1869189914",
            "user name": "枯影秋木",
            "content": "",
            "time": "13-8-29 09:48"
        },
        {
            "comment id": 21,
            "parent": -1,
            "children": [],
            "user id": "1498252082",
            "user name": "纯洁善良的马拖",
            "content": "。。。//@chenmobuyu: //@DS离心泵:",
            "time": "13-8-29 09:28"
        },
        {
            "comment id": 22,
            "parent": -1,
            "children": [],
            "user id": "1883839230",
            "user name": "我的血有点甜",
            "content": "",
            "time": "13-8-29 09:01"
        },
        {
            "comment id": 23,
            "parent": -1,
            "children": [],
            "user id": "1710828570",
            "user name": "silencebomb",
            "content": "知道个屁，人家要不是红二代，能混得这么风生水起？",
            "time": "13-8-29 08:59"
        }
    ]
}