{
    "source": {
        "content": "【谁来为举世铺张买单】北京奥运会是历史上唯一一个低收入国家举办的最昂贵的奥运.总投资约合420亿美元,是希腊的4倍多,是悉尼的5倍多,投资规模超过了奥林匹克至今108年纪录!但悲剧的是举全国之力建造的设施场馆除炒高房价外,几乎荒芜成为野狗恋爱的天堂！震撼图奥运废墟一览！@袁裕来律师 @徐昕 @邓飞 ",
        "time": "13-9-9 18:37",
        "user id": "3243605871",
        "tweet id": "A8GdT1fHQ",
        "label": 1,
        "theme": "文体娱乐"
    },
    "comment": [
        {
            "comment id": 0,
            "parent": -1,
            "children": [],
            "user id": "2464334141",
            "user name": "应育松",
            "content": "@平安江苏@平安无锡 请联系清点、接受我财产方式：2012年11月5日江苏无锡宜兴湖父派出所有警员威胁摔死我。我为了不牵累家人，答应其要求，并且愿意以我财产作为酬劳。现请你们清点、登记我的财产，并作证，也请网友作证。那虐待我的血汗工厂可能也有酬谢喔！",
            "time": "13-9-24 02:57"
        },
        {
            "comment id": 1,
            "parent": -1,
            "children": [],
            "user id": "2464334141",
            "user name": "应育松",
            "content": "@平安江苏@平安无锡 请联系清点、接受我财产方式：2012年11月5日江苏无锡宜兴湖父派出所有警员威胁摔死我。我为了不牵累家人，答应其要求，并且愿意以我财产作为酬劳。现请你们清点、登记我的财产，并作证，也请网友作证。那虐待我的血汗工厂可能也有酬谢喔！",
            "time": "13-9-22 00:59"
        },
        {
            "comment id": 2,
            "parent": -1,
            "children": [],
            "user id": "2464334141",
            "user name": "应育松",
            "content": "这要在江苏警察会摔死你",
            "time": "13-9-22 00:59"
        },
        {
            "comment id": 3,
            "parent": -1,
            "children": [],
            "user id": "2959271505",
            "user name": "仰望待星月",
            "content": "面子工程，坑百姓",
            "time": "13-9-17 16:12"
        },
        {
            "comment id": 4,
            "parent": -1,
            "children": [],
            "user id": "1727066775",
            "user name": "偶得楼夜话",
            "content": "——这罪过大了！！！",
            "time": "13-9-17 06:06"
        },
        {
            "comment id": 5,
            "parent": -1,
            "children": [],
            "user id": "2821899203",
            "user name": "_Sun-smile",
            "content": "互粉",
            "time": "13-9-16 21:50"
        },
        {
            "comment id": 6,
            "parent": -1,
            "children": [],
            "user id": "2608787085",
            "user name": "做个称职法律人",
            "content": "回复@澳门英记饼家常州店:拜托，请说话有一点逻辑。你知道你在说什么吗？",
            "time": "13-9-16 08:08"
        },
        {
            "comment id": 7,
            "parent": -1,
            "children": [],
            "user id": "1774090753",
            "user name": "無法天3",
            "content": "回复@安彤Antony:人性没有国度之分...",
            "time": "13-9-15 22:07"
        },
        {
            "comment id": 8,
            "parent": -1,
            "children": [],
            "user id": "2608787085",
            "user name": "做个称职法律人",
            "content": "回复@澳门英记饼家常州店:你因为是中国人觉得很丢脸？",
            "time": "13-9-15 21:30"
        },
        {
            "comment id": 9,
            "parent": -1,
            "children": [],
            "user id": "1774090753",
            "user name": "無法天3",
            "content": "回复@安彤Antony:你以为你是中国人就很有面子？",
            "time": "13-9-15 20:40"
        },
        {
            "comment id": 10,
            "parent": -1,
            "children": [],
            "user id": "1802411124",
            "user name": "多说无益力多",
            "content": "不实信息",
            "time": "13-9-13 20:50"
        },
        {
            "comment id": 11,
            "parent": -1,
            "children": [],
            "user id": "2443763315",
            "user name": "东东的男人",
            "content": "420亿是什么？只算成本？没收入？不懂！",
            "time": "13-9-11 21:25"
        },
        {
            "comment id": 12,
            "parent": -1,
            "children": [],
            "user id": "2524587922",
            "user name": "gudhxb",
            "content": "回复@安彤Antony:怎么了？恼羞成怒了？[呵呵]小心点哦，别把你自己气死了，我要气死也应该气死个有牛逼点的人，我可不想气死个只知道胡搅蛮缠的半男不女[不要]",
            "time": "13-9-11 21:18"
        },
        {
            "comment id": 13,
            "parent": -1,
            "children": [],
            "user id": "1908660434",
            "user name": "湖南宜兴箱包批发",
            "content": "回复@安彤Antony:谢谢，你说的很对。共产党做的很好只是我们大部分人民吃饱撑着。",
            "time": "13-9-11 15:02"
        },
        {
            "comment id": 14,
            "parent": -1,
            "children": [],
            "user id": "2608787085",
            "user name": "做个称职法律人",
            "content": "回复@我爱手羽:怪你自己没本事吧。你到了外国也是需要给你自己挣脸的，别把太天真，外国有枪的国家，得罪了人，怎么死的都不知道",
            "time": "13-9-11 14:56"
        },
        {
            "comment id": 15,
            "parent": -1,
            "children": [],
            "user id": "1908660434",
            "user name": "湖南宜兴箱包批发",
            "content": "回复@安彤Antony:是啊在中国连基本的人权都要自己去争取。你说的太对了。",
            "time": "13-9-11 14:43"
        },
        {
            "comment id": 16,
            "parent": -1,
            "children": [],
            "user id": "2608787085",
            "user name": "做个称职法律人",
            "content": "回复@我爱手羽:快走吧。外国侵略，你这种人就是当汉奸最欢实的那种，觉得自己在救国，其实是只是因为自己最怂最没本事连基本的人格权利也挣不到的自私鬼。怨这对不起你怨那对不起你。从不看看自己一副什么德行，快滚出中国的，无能的汉奸",
            "time": "13-9-11 14:42"
        },
        {
            "comment id": 17,
            "parent": -1,
            "children": [],
            "user id": "1908660434",
            "user name": "湖南宜兴箱包批发",
            "content": "回复@安彤Antony:要是民主的话就不是一党制了。1989的事情就可以证实GCD没想全民主化，所以肯不可能民主。以后 的国家也不会有大改变，当然也有像你一样喜欢在这体质下生活的，比如zf官员等、",
            "time": "13-9-11 14:31"
        },
        {
            "comment id": 18,
            "parent": -1,
            "children": [],
            "user id": "2608787085",
            "user name": "做个称职法律人",
            "content": "回复@我爱手羽:哪个民主国家没经历过这种阶段？你脑子有问题吧，除了什么都不会的废物。滚出中国吧，真为中国丢脸。早点滚出去。",
            "time": "13-9-11 14:20"
        },
        {
            "comment id": 19,
            "parent": -1,
            "children": [],
            "user id": "2608787085",
            "user name": "做个称职法律人",
            "content": "回复@不要期盼英明之主:你就是个除了发牢骚什么都不会的废物。做事不考虑后果的傻逼。",
            "time": "13-9-11 14:18"
        },
        {
            "comment id": 20,
            "parent": -1,
            "children": [],
            "user id": "2524587922",
            "user name": "gudhxb",
            "content": "回复@风月幽闲:呵呵[不要]",
            "time": "13-9-11 13:39"
        },
        {
            "comment id": 21,
            "parent": -1,
            "children": [],
            "user id": "2524587922",
            "user name": "gudhxb",
            "content": "回复@安彤Antony:難道你很有邏輯？你除了一個勁的洗白找藉口你還說了什麽？再加上一點攻擊性的語言，以為這樣你就很有邏輯了？可笑之極",
            "time": "13-9-11 13:39"
        },
        {
            "comment id": 22,
            "parent": -1,
            "children": [],
            "user id": "1908660434",
            "user name": "湖南宜兴箱包批发",
            "content": "回复@安彤Antony:共产党成立几年了？就算不完善也应该改的更完善了吧。严查食物安全复杂？官僚公布财产复杂吗？难道这些都是因为制度吗？可笑。难道还得说啊共产党真好啊，拆了我家，癌症村村民还得说多亏了共产党不管理我村都得癌症了？这都是因为国情复杂？5毛君学政法老师没教你学素质吗？",
            "time": "13-9-11 12:44"
        },
        {
            "comment id": 23,
            "parent": -1,
            "children": [],
            "user id": "2288027880",
            "user name": "山李海宇",
            "content": "现在每晚都查一次粉！ #粉我秒回，但请诚信＃",
            "time": "13-9-11 12:28"
        },
        {
            "comment id": 24,
            "parent": -1,
            "children": [],
            "user id": "2608787085",
            "user name": "做个称职法律人",
            "content": "回复@不要期盼英明之主:if someone speak without any logic like you.he will never be permitted by any nation.dud.!",
            "time": "13-9-11 12:12"
        },
        {
            "comment id": 25,
            "parent": -1,
            "children": [],
            "user id": "1900073783",
            "user name": "风月幽闲",
            "content": "回复@不要期盼英明之主:我们能主观吗？",
            "time": "13-9-11 12:10"
        },
        {
            "comment id": 26,
            "parent": -1,
            "children": [],
            "user id": "2524587922",
            "user name": "gudhxb",
            "content": "回复@安彤Antony:有完没完？你是要跟我讨论先有鸡还是先有蛋么？开了防火墙不一定民主，但是可以让民众了解外面的世界，这样可以更加客观的看待问题，而不是像现在这样产生你这样喜欢跪着活的奇葩。",
            "time": "13-9-11 12:01"
        },
        {
            "comment id": 27,
            "parent": -1,
            "children": [],
            "user id": "1915131747",
            "user name": "刘玉灵微熏最可爱",
            "content": "回复@_许宅葱:谢谢",
            "time": "13-9-11 04:19"
        },
        {
            "comment id": 28,
            "parent": -1,
            "children": [],
            "user id": "2375689360",
            "user name": "饭饭没有天",
            "content": "转发过五百，真的被举报了",
            "time": "13-9-11 01:26"
        },
        {
            "comment id": 29,
            "parent": -1,
            "children": [],
            "user id": "2696750150",
            "user name": "谁是人民的敌人",
            "content": "被举报了",
            "time": "13-9-11 01:18"
        },
        {
            "comment id": 30,
            "parent": -1,
            "children": [],
            "user id": "2141496940",
            "user name": "Dora和Julie",
            "content": "真的是太虚伪了！打台面第一人！ //@Cc__77: 看得好无奈……中国人民不需要这样假装强大给世界看！！",
            "time": "13-9-11 00:25"
        },
        {
            "comment id": 31,
            "parent": -1,
            "children": [],
            "user id": "2430298230",
            "user name": "白草021",
            "content": "图文并茂，李菊福。",
            "time": "13-9-11 00:02"
        },
        {
            "comment id": 32,
            "parent": -1,
            "children": [],
            "user id": "2608787085",
            "user name": "做个称职法律人",
            "content": "回复@不要期盼英明之主:开了防火墙就国家就民主了？除了激化阶级矛盾之外，能对我国当前民主改革有益吗？你是想着内乱是吗？中国拥有世界上五分之一的人口民族成分复杂，一个处理不好就引发大问题。改革是一朝一夕的事情吗？你可以去美国，会英语吗？人家接受你吗？文盲",
            "time": "13-9-10 23:58"
        },
        {
            "comment id": 33,
            "parent": -1,
            "children": [],
            "user id": "2608787085",
            "user name": "做个称职法律人",
            "content": "回复@我爱手羽:愤青一个，你知道所谓的民主国家需要有什么样的民众基础吗？改革是一朝一夕的事情吗？我国当前的国情很复杂你不知道吗？外有敌对势力，内有你们这些只会攻击制度的汉奸。有时间多看看书，别什么都不知道在网上在别人后面摇旗呐喊。一副奴才嘴脸，你不喜欢中国可以去美国啊，能过得了美使馆吗？可笑！",
            "time": "13-9-10 23:54"
        },
        {
            "comment id": 34,
            "parent": -1,
            "children": [],
            "user id": "2103847633",
            "user name": "喜欢喵星人啊",
            "content": "回复@DesJoey_鄭宇:哦？据说这次日本投入45亿美元 是竞争对手的总和！",
            "time": "13-9-10 23:06"
        },
        {
            "comment id": 35,
            "parent": -1,
            "children": [],
            "user id": "2524587922",
            "user name": "gudhxb",
            "content": "回复@安彤Antony:我笑，你整天大国梦，崛起就不是意淫，我说一下国外好就成了意淫了？你可真是对人不对事啊，你抱着这样的态度，能跟你说的明白？你说什么改革方案，很简单一条，敢开放长城防火墙么？",
            "time": "13-9-10 22:44"
        },
        {
            "comment id": 36,
            "parent": -1,
            "children": [],
            "user id": "1908660434",
            "user name": "湖南宜兴箱包批发",
            "content": "回复@安彤Antony:还有啊亲我说了这么多骂过你脏话吗？我职专毕业素质都比你高。所以法官嫖娼也很正常了。",
            "time": "13-9-10 22:40"
        },
        {
            "comment id": 37,
            "parent": -1,
            "children": [],
            "user id": "1908660434",
            "user name": "湖南宜兴箱包批发",
            "content": "回复@安彤Antony:制度难道不要改吗？公平的每人一票.官员财产公布。让人们能吃的上放心的食物。我们要的只是这些。难道你要说这也是国家的过渡期吗？",
            "time": "13-9-10 22:31"
        },
        {
            "comment id": 38,
            "parent": -1,
            "children": [],
            "user id": "1908660434",
            "user name": "湖南宜兴箱包批发",
            "content": "回复@何磊ok:难道没贡献吗？一点钱不是钱吗？",
            "time": "13-9-10 22:27"
        },
        {
            "comment id": 39,
            "parent": -1,
            "children": [],
            "user id": "2717474073",
            "user name": "Ttttt_xxxx",
            "content": "回复@子夜抒怀:迎接领导要彩排一个月，临时铺路，领导走时把路拆掉，因为路面下面没有各种管道。习惯就好",
            "time": "13-9-10 22:19"
        },
        {
            "comment id": 40,
            "parent": -1,
            "children": [],
            "user id": "3741092354",
            "user name": "笛笛是朵奇葩花",
            "content": "回复@Soulpy:好的",
            "time": "13-9-10 21:48"
        },
        {
            "comment id": 41,
            "parent": -1,
            "children": [],
            "user id": "2608787085",
            "user name": "做个称职法律人",
            "content": "回复@不要期盼英明之主:外国人的奴才，你哪只眼看见老子跪着了，除了做外国梦就是意淫。中国就是因为你这样的蠢货多，思想觉悟低，不思改制，成天做资本主义梦，吃社会主义粮食马社会主义酿，中国的民主进程才发展缓慢，有本事拿出改革方案，没这个本事就把嘴闭紧，但是不用老想跪着。",
            "time": "13-9-10 21:40"
        },
        {
            "comment id": 42,
            "parent": -1,
            "children": [],
            "user id": "2726944910",
            "user name": "榴莲397297195",
            "content": "典型的中国面子工程！做给谁？果然脸是自己丢的！",
            "time": "13-9-10 20:49"
        },
        {
            "comment id": 43,
            "parent": -1,
            "children": [],
            "user id": "1785848387",
            "user name": "shim史敏",
            "content": "回复@洪泽瀚增肥中:啥",
            "time": "13-9-10 20:48"
        },
        {
            "comment id": 44,
            "parent": -1,
            "children": [],
            "user id": "2857764010",
            "user name": "爬墙望果",
            "content": "回复@何磊ok:每个人都有纳税的哪怕一瓶水里面也含税收，所以说你的话智商低，其它有什么对不起的真是不好意思了是我的错",
            "time": "13-9-10 20:01"
        },
        {
            "comment id": 45,
            "parent": -1,
            "children": [],
            "user id": "2524587922",
            "user name": "gudhxb",
            "content": "回复@安彤Antony:哎呦喂，您老整天跪着这样中华就可以强大了？那么为啥大清那么多奴才天天跪，最后还是打不过洋人？你要想当奴才没人拦你，但是别强迫别人也跪着生活",
            "time": "13-9-10 19:54"
        },
        {
            "comment id": 46,
            "parent": -1,
            "children": [],
            "user id": "2459567565",
            "user name": "洪泽瀚阿",
            "content": "回复@shim史敏儿:不实消息?",
            "time": "13-9-10 19:45"
        },
        {
            "comment id": 47,
            "parent": -1,
            "children": [],
            "user id": "3444447270",
            "user name": "Lanallra全球代购女王",
            "content": "诚信粉，粉此号，看清楚是小号回粉！小号@女王小号vip 马上回粉。天天查粉，骗粉勿来！漏粉请提醒",
            "time": "13-9-10 19:32"
        },
        {
            "comment id": 48,
            "parent": -1,
            "children": [],
            "user id": "2624225743",
            "user name": "Serenity_journeys",
            "content": "粉起来",
            "time": "13-9-10 19:11"
        },
        {
            "comment id": 49,
            "parent": -1,
            "children": [],
            "user id": "2134240213",
            "user name": "坨坨是我家的猫",
            "content": "回复@anxxianr-:已粉",
            "time": "13-9-10 19:11"
        },
        {
            "comment id": 50,
            "parent": -1,
            "children": [],
            "user id": "2134240213",
            "user name": "坨坨是我家的猫",
            "content": "互粉",
            "time": "13-9-10 19:10"
        },
        {
            "comment id": 51,
            "parent": -1,
            "children": [],
            "user id": "3191673165",
            "user name": "情歌仔-",
            "content": "求主动，粉@-李思僑 ，此号回粉谢谢合作",
            "time": "13-9-10 19:05"
        },
        {
            "comment id": 52,
            "parent": -1,
            "children": [],
            "user id": "2600769804",
            "user name": "设计师李嘉娴",
            "content": "粉",
            "time": "13-9-10 18:53"
        },
        {
            "comment id": 53,
            "parent": -1,
            "children": [],
            "user id": "3607448111",
            "user name": "白色遗城",
            "content": "来互粉吧~小号回复！",
            "time": "13-9-10 18:47"
        },
        {
            "comment id": 54,
            "parent": -1,
            "children": [],
            "user id": "2242105942",
            "user name": "HoodieBoi",
            "content": "粉",
            "time": "13-9-10 18:40"
        },
        {
            "comment id": 55,
            "parent": -1,
            "children": [],
            "user id": "2608787085",
            "user name": "做个称职法律人",
            "content": "回复@不要期盼英明之主:生为中国血统，不想方设法为我中华之壮大，而当外国人的奴才想方设法攻击自己国家。你是民族的耻辱。快离开中国吧，没人留你，外国也不一定要你。",
            "time": "13-9-10 18:36"
        },
        {
            "comment id": 56,
            "parent": -1,
            "children": [],
            "user id": "2257902621",
            "user name": "鲲鹏泽天",
            "content": "回复@原来是林哥啊:互粉秒回",
            "time": "13-9-10 18:36"
        },
        {
            "comment id": 57,
            "parent": -1,
            "children": [],
            "user id": "3690935311",
            "user name": "姐妹头像小铺",
            "content": "互粉",
            "time": "13-9-10 18:28"
        },
        {
            "comment id": 58,
            "parent": -1,
            "children": [],
            "user id": "2988281011",
            "user name": "靡靡君君",
            "content": "互粉互粉哦~",
            "time": "13-9-10 18:21"
        },
        {
            "comment id": 59,
            "parent": -1,
            "children": [],
            "user id": "2103455094",
            "user name": "小永远__",
            "content": "质量粉 喜欢的来",
            "time": "13-9-10 18:18"
        },
        {
            "comment id": 60,
            "parent": -1,
            "children": [],
            "user id": "2170221184",
            "user name": "bbbbbigJoker",
            "content": "互粉，来吧，亲",
            "time": "13-9-10 18:16"
        },
        {
            "comment id": 61,
            "parent": -1,
            "children": [],
            "user id": "3191673165",
            "user name": "情歌仔-",
            "content": "求主动 粉@-李思僑 ，此号回粉谢谢合作",
            "time": "13-9-10 18:10"
        },
        {
            "comment id": 62,
            "parent": -1,
            "children": [],
            "user id": "3178477141",
            "user name": "ayuhuanl",
            "content": "粉粉",
            "time": "13-9-10 18:08"
        },
        {
            "comment id": 63,
            "parent": -1,
            "children": [],
            "user id": "3178477141",
            "user name": "ayuhuanl",
            "content": "你粉我不",
            "time": "13-9-10 18:07"
        },
        {
            "comment id": 64,
            "parent": -1,
            "children": [],
            "user id": "2982179305",
            "user name": "Soulpy",
            "content": "回复@笛笛是朵奇葩花:回",
            "time": "13-9-10 18:03"
        },
        {
            "comment id": 65,
            "parent": -1,
            "children": [],
            "user id": "2982179305",
            "user name": "Soulpy",
            "content": "回复@刘怡然儿:互粉",
            "time": "13-9-10 18:03"
        },
        {
            "comment id": 66,
            "parent": -1,
            "children": [],
            "user id": "2982179305",
            "user name": "Soulpy",
            "content": "互粉",
            "time": "13-9-10 18:02"
        },
        {
            "comment id": 67,
            "parent": -1,
            "children": [],
            "user id": "2339130493",
            "user name": "美鹿_Fiona",
            "content": "选择性回粉",
            "time": "13-9-10 18:01"
        },
        {
            "comment id": 68,
            "parent": -1,
            "children": [],
            "user id": "3251909002",
            "user name": "第一热播",
            "content": "9月10日在这隆重的时刻，我代表中国共产党党中央 代表中国人民政府 代表国际教育委员会对您献上最崇高的敬意和感谢！谢谢你对祖国未来的栽培！祖国人民做鬼也不会忘记你，我最敬爱的老师！本人择粉",
            "time": "13-9-10 18:00"
        },
        {
            "comment id": 69,
            "parent": -1,
            "children": [],
            "user id": "2262261760",
            "user name": "缺缺要早睡",
            "content": "",
            "time": "13-9-10 18:00"
        },
        {
            "comment id": 70,
            "parent": -1,
            "children": [],
            "user id": "2262261760",
            "user name": "缺缺要早睡",
            "content": "",
            "time": "13-9-10 18:00"
        },
        {
            "comment id": 71,
            "parent": -1,
            "children": [],
            "user id": "2262261760",
            "user name": "缺缺要早睡",
            "content": "",
            "time": "13-9-10 18:00"
        },
        {
            "comment id": 72,
            "parent": -1,
            "children": [],
            "user id": "2262261760",
            "user name": "缺缺要早睡",
            "content": "",
            "time": "13-9-10 18:00"
        },
        {
            "comment id": 73,
            "parent": -1,
            "children": [],
            "user id": "2262261760",
            "user name": "缺缺要早睡",
            "content": "",
            "time": "13-9-10 17:59"
        },
        {
            "comment id": 74,
            "parent": -1,
            "children": [],
            "user id": "3251909002",
            "user name": "第一热播",
            "content": "9月10日在这隆重的时刻，我代表中国共产党党中央 代表中国人民政府 代表国际教育委员会对您献上最崇高的敬意和感谢！谢谢你对祖国未来的栽培！祖国人民做鬼也不会忘记你，我最敬爱的老师！本人选择性互粉",
            "time": "13-9-10 17:59"
        },
        {
            "comment id": 75,
            "parent": -1,
            "children": [],
            "user id": "3178477141",
            "user name": "ayuhuanl",
            "content": "粉啊粉啊",
            "time": "13-9-10 17:59"
        },
        {
            "comment id": 76,
            "parent": -1,
            "children": [],
            "user id": "3178477141",
            "user name": "ayuhuanl",
            "content": "你粉我不",
            "time": "13-9-10 17:59"
        },
        {
            "comment id": 77,
            "parent": -1,
            "children": [],
            "user id": "2243595764",
            "user name": "榕树下听风",
            "content": "回复@绝地海洋:",
            "time": "13-9-10 17:58"
        },
        {
            "comment id": 78,
            "parent": -1,
            "children": [],
            "user id": "2243595764",
            "user name": "榕树下听风",
            "content": "回复@刘怡然儿:",
            "time": "13-9-10 17:52"
        },
        {
            "comment id": 79,
            "parent": -1,
            "children": [],
            "user id": "3203323410",
            "user name": "奥追_audrey",
            "content": "粉粉",
            "time": "13-9-10 17:47"
        }
    ]
}