{
    "source": {
        "content": "#IT大爆炸#【手把手教你恢复被删资料！】一不小心，删错东西，清空回收站了怎么办？别着急，只要你的电脑还没有运行磁盘整理，任何时候的文件都可以找回来！ （@黑客是这样炼成的） ",
        "time": "13-9-23 12:26",
        "user id": "3682186564",
        "tweet id": "AaLM3wfsg",
        "label": 1,
        "theme": "科技"
    },
    "comment": [
        {
            "comment id": 0,
            "parent": -1,
            "children": [],
            "user id": "1299038727",
            "user name": "阿饭饭FF",
            "content": "@百度推广 都不实了还发。。。",
            "time": "13-9-25 22:02"
        },
        {
            "comment id": 1,
            "parent": -1,
            "children": [],
            "user id": "1760331961",
            "user name": "大爷的不信邪不信邪",
            "content": "是假的~//@22点77分: 这么好的东西，当然得立马转走~菇凉谢过！！！//@创业家杂志: 科普贴。",
            "time": "13-9-23 23:22"
        },
        {
            "comment id": 2,
            "parent": -1,
            "children": [],
            "user id": "1760331961",
            "user name": "大爷的不信邪不信邪",
            "content": "这么好的东西，当然得立马转走~菇凉谢过！！！//@创业家杂志: 科普贴。",
            "time": "13-9-23 22:27"
        },
        {
            "comment id": 3,
            "parent": -1,
            "children": [],
            "user id": "2337868735",
            "user name": "TinaLlU",
            "content": "回复@细廖侠:原来不用下软件也行~",
            "time": "13-9-23 17:23"
        },
        {
            "comment id": 4,
            "parent": -1,
            "children": [],
            "user id": "1759157263",
            "user name": "先生存",
            "content": "转发微博",
            "time": "13-9-23 14:35"
        },
        {
            "comment id": 5,
            "parent": -1,
            "children": [],
            "user id": "3682186564",
            "user name": "轻盈IT",
            "content": "//@史贤龙: Mark //@创业家杂志: 科普贴。",
            "time": "13-9-23 14:32"
        },
        {
            "comment id": 6,
            "parent": -1,
            "children": [],
            "user id": "2624162913",
            "user name": "营销实战砖家魏博",
            "content": "这个必须转。。。//@创业家杂志: 科普贴。",
            "time": "13-9-23 14:01"
        },
        {
            "comment id": 7,
            "parent": -1,
            "children": [],
            "user id": "2904165817",
            "user name": "吴大克",
            "content": "//@创业家杂志: 科普贴。",
            "time": "13-9-23 13:33"
        },
        {
            "comment id": 8,
            "parent": -1,
            "children": [],
            "user id": "2416863360",
            "user name": "纵设计Zdesign",
            "content": "//@创业家杂志: 科普贴。",
            "time": "13-9-23 13:31"
        },
        {
            "comment id": 9,
            "parent": -1,
            "children": [],
            "user id": "3169042262",
            "user name": "贩卖风景的蒲公英",
            "content": "帮你@黑客是这样练成的",
            "time": "13-9-23 13:30"
        },
        {
            "comment id": 10,
            "parent": -1,
            "children": [],
            "user id": "2566797934",
            "user name": "魏莱粑粑",
            "content": "//@创业家杂志: 科普贴。",
            "time": "13-9-23 13:27"
        },
        {
            "comment id": 11,
            "parent": -1,
            "children": [],
            "user id": "2747593275",
            "user name": "胡家公子888",
            "content": "科普帖",
            "time": "13-9-23 13:16"
        },
        {
            "comment id": 12,
            "parent": -1,
            "children": [],
            "user id": "2494665202",
            "user name": "老点-点人",
            "content": "",
            "time": "13-9-23 13:11"
        },
        {
            "comment id": 13,
            "parent": -1,
            "children": [],
            "user id": "2448225692",
            "user name": "陈念三",
            "content": "//@创业家杂志: 科普贴。",
            "time": "13-9-23 13:06"
        },
        {
            "comment id": 14,
            "parent": -1,
            "children": [],
            "user id": "2636140891",
            "user name": "风轻云淡0808",
            "content": "mark",
            "time": "13-9-23 13:04"
        },
        {
            "comment id": 15,
            "parent": -1,
            "children": [],
            "user id": "1639068575",
            "user name": "创业板永远涨",
            "content": "@mywiz @我的印象笔记  ",
            "time": "13-9-23 13:01"
        },
        {
            "comment id": 16,
            "parent": -1,
            "children": [],
            "user id": "1591255251",
            "user name": "自由單車",
            "content": "转发微博",
            "time": "13-9-23 13:01"
        },
        {
            "comment id": 17,
            "parent": -1,
            "children": [],
            "user id": "1602234847",
            "user name": "福瑞逍遥",
            "content": " //@创业家杂志:科普贴。",
            "time": "13-9-23 12:59"
        },
        {
            "comment id": 18,
            "parent": -1,
            "children": [],
            "user id": "2950792797",
            "user name": "关大大壹加壹",
            "content": "@-xue-雪梅",
            "time": "13-9-23 12:52"
        },
        {
            "comment id": 19,
            "parent": -1,
            "children": [],
            "user id": "2779169401",
            "user name": "昵称是不可以修改的",
            "content": "研究一下",
            "time": "13-9-23 12:50"
        },
        {
            "comment id": 20,
            "parent": -1,
            "children": [],
            "user id": "1281578225",
            "user name": "牧羊-1991",
            "content": "不错，前两天还真有朋友误删文件了。//@创业家杂志: 科普贴。",
            "time": "13-9-23 12:45"
        },
        {
            "comment id": 21,
            "parent": -1,
            "children": [],
            "user id": "1653536142",
            "user name": "talisman166",
            "content": "//@创业家杂志: 科普贴。",
            "time": "13-9-23 12:45"
        },
        {
            "comment id": 22,
            "parent": -1,
            "children": [],
            "user id": "1922882490",
            "user name": "Anthony--Liu",
            "content": "好东西。//@创业家杂志: 科普贴。",
            "time": "13-9-23 12:44"
        },
        {
            "comment id": 23,
            "parent": -1,
            "children": [],
            "user id": "2729704593",
            "user name": "茗雅墨致",
            "content": "//@创业家杂志: 科普贴。",
            "time": "13-9-23 12:43"
        },
        {
            "comment id": 24,
            "parent": -1,
            "children": [],
            "user id": "2702670841",
            "user name": "淡然萍萍",
            "content": "//@创业家杂志: 科普贴。",
            "time": "13-9-23 12:41"
        },
        {
            "comment id": 25,
            "parent": -1,
            "children": [],
            "user id": "2639072390",
            "user name": "陈为敏",
            "content": "试试行不行",
            "time": "13-9-23 12:36"
        },
        {
            "comment id": 26,
            "parent": -1,
            "children": [],
            "user id": "1772330140",
            "user name": "MrCl高密_bot",
            "content": "运行命令直接在搜索栏输入就好，干嘛还要进运行？？运行在开始菜单直接有，为什么还要搜索？？",
            "time": "13-9-23 12:35"
        },
        {
            "comment id": 27,
            "parent": -1,
            "children": [],
            "user id": "3073268645",
            "user name": "茉香抹茶ing",
            "content": " //@创业家杂志:科普贴。",
            "time": "13-9-23 12:33"
        },
        {
            "comment id": 28,
            "parent": -1,
            "children": [],
            "user id": "2506656704",
            "user name": "ham_online",
            "content": " so~",
            "time": "13-9-23 12:32"
        },
        {
            "comment id": 29,
            "parent": -1,
            "children": [],
            "user id": "1707087273",
            "user name": "马拉松郝",
            "content": "M//@创业家杂志: 科普贴。",
            "time": "13-9-23 12:32"
        },
        {
            "comment id": 30,
            "parent": -1,
            "children": [],
            "user id": "3194161730",
            "user name": "flighting闪电",
            "content": " //@创业家杂志:科普贴。",
            "time": "13-9-23 12:32"
        },
        {
            "comment id": 31,
            "parent": -1,
            "children": [],
            "user id": "1707291685",
            "user name": "___雾___",
            "content": "留着备用。//@创业家杂志: 科普贴。",
            "time": "13-9-23 12:32"
        },
        {
            "comment id": 32,
            "parent": -1,
            "children": [],
            "user id": "1898172952",
            "user name": "金舵瓷砖",
            "content": "科普贴【手把手教你恢复被删资料！】一不小心，删错东西，清空回收站了怎么办？别着急，只要你的电脑还没有运行磁盘整理，任何时候的文件都可以找回来！",
            "time": "13-9-23 12:32"
        },
        {
            "comment id": 33,
            "parent": -1,
            "children": [],
            "user id": "2485787673",
            "user name": "廖某_",
            "content": "@婷娜V ",
            "time": "13-9-23 12:31"
        },
        {
            "comment id": 34,
            "parent": -1,
            "children": [],
            "user id": "3240137264",
            "user name": "CAUC的特种兵",
            "content": "//@创业家杂志: 技术贴。",
            "time": "13-9-23 12:30"
        }
    ]
}