{
    "source": {
        "content": "刚到石家庄，下飞机，看到一个消息， 即使这个是谣言,我也宁愿相信他是真的。为370祈祷！！ 附好消息: 转侯耀华老师发朋友圈消息:\"朋友的女儿在英国刚刚看完新闻,说飞机上的人都活着,都活着,说副机长是恐怖分子,飞机在印度的一个岛上,他把机上的导航和信号全毁了,咱国内的新闻还没播。真的？ ",
        "time": "14-3-18 15:54",
        "user id": "2100445057",
        "tweet id": "ABylV8n2E",
        "label": 1,
        "theme": "社会生活"
    },
    "comment": [
        {
            "comment id": 0,
            "parent": -1,
            "children": [],
            "user id": "5024214456",
            "user name": "注销原来的微博",
            "content": "那么大一飞机就消失了？还是相信阴谋论",
            "time": "14-4-8 20:39"
        },
        {
            "comment id": 1,
            "parent": -1,
            "children": [],
            "user id": "2697694011",
            "user name": "HONG_JIANG_",
            "content": "",
            "time": "14-4-2 20:58"
        },
        {
            "comment id": 2,
            "parent": -1,
            "children": [],
            "user id": "2687944335",
            "user name": "小冬儿1",
            "content": "我现在都晕了对这些说法",
            "time": "14-3-24 12:49"
        },
        {
            "comment id": 3,
            "parent": -1,
            "children": [],
            "user id": "2082496480",
            "user name": "Ly是一个傻女孩",
            "content": "请不要传谣言！",
            "time": "14-3-23 15:52"
        },
        {
            "comment id": 4,
            "parent": -1,
            "children": [],
            "user id": "2321135282",
            "user name": "海德格尔武",
            "content": "？",
            "time": "14-3-22 23:14"
        },
        {
            "comment id": 5,
            "parent": -1,
            "children": [],
            "user id": "2524670075",
            "user name": "教数学的小章老师",
            "content": "回复@王硕小枣:下次用电脑试试 谢谢亲了",
            "time": "14-3-21 06:23"
        },
        {
            "comment id": 6,
            "parent": -1,
            "children": [],
            "user id": "2290656393",
            "user name": "小枣csw",
            "content": "回复@章礼红:？为什么呢，我就加上了～",
            "time": "14-3-21 00:36"
        },
        {
            "comment id": 7,
            "parent": -1,
            "children": [],
            "user id": "2524670075",
            "user name": "教数学的小章老师",
            "content": "回复@王硕小枣:谢谢亲!可是为什么我加不上呢",
            "time": "14-3-20 23:30"
        },
        {
            "comment id": 8,
            "parent": -1,
            "children": [],
            "user id": "2290656393",
            "user name": "小枣csw",
            "content": "回复@章礼红:1085789992",
            "time": "14-3-20 22:41"
        },
        {
            "comment id": 9,
            "parent": -1,
            "children": [],
            "user id": "2090568344",
            "user name": "终南之道",
            "content": "不要传谣！",
            "time": "14-3-20 22:32"
        },
        {
            "comment id": 10,
            "parent": -1,
            "children": [],
            "user id": "1609227331",
            "user name": "小红二二二",
            "content": "转发微博",
            "time": "14-3-20 18:15"
        },
        {
            "comment id": 11,
            "parent": -1,
            "children": [],
            "user id": "2257417133",
            "user name": "FIX-holy",
            "content": "可以告诉老师你这样一部好莱坞大片:一架飞机在印度洋某大国军事基地，等到一定时间把飞机开出去。某大国不期而遇，家属团员，某大国发表感谢，机长背上黑锅，fbi会给他新的户口。。@蒋中挺 我们看结果吧老师，包括今天发现的澳大利亚海域其实也是美国的演戏，全世界只有美国总有全球勘测卫星。",
            "time": "14-3-20 16:08"
        },
        {
            "comment id": 12,
            "parent": -1,
            "children": [],
            "user id": "2942678967",
            "user name": "安妮swag",
            "content": "@袁方xysy ",
            "time": "14-3-20 01:45"
        },
        {
            "comment id": 13,
            "parent": -1,
            "children": [],
            "user id": "2524670075",
            "user name": "教数学的小章老师",
            "content": "请问有人知道这个老师的扣扣号嘛？谢谢帮助",
            "time": "14-3-19 23:39"
        },
        {
            "comment id": 14,
            "parent": -1,
            "children": [],
            "user id": "3846255988",
            "user name": "nice_every",
            "content": "这个不敢相信，但是希望同胞安好",
            "time": "14-3-19 18:22"
        },
        {
            "comment id": 15,
            "parent": -1,
            "children": [],
            "user id": "1728872501",
            "user name": "壁立千仞ZZ",
            "content": "回复@Bu馋Bu懒:搞不清……我感觉现在很多事情一旦各个国家都参与进来，就成为一个政治事件了，所以的行动都是以国家利益为重。如果他们真的已经都不在了，就当为马来西亚牺牲自己吧 。人活着真不容易啊，珍惜生命吧",
            "time": "14-3-19 16:10"
        },
        {
            "comment id": 16,
            "parent": -1,
            "children": [],
            "user id": "2655284735",
            "user name": "Kenny肉桂",
            "content": "刚刚上了bbc npr new york times……无老师说的",
            "time": "14-3-19 14:03"
        },
        {
            "comment id": 17,
            "parent": -1,
            "children": [],
            "user id": "2479423565",
            "user name": "鸡蛋公主917",
            "content": "希望是真的",
            "time": "14-3-19 12:26"
        },
        {
            "comment id": 18,
            "parent": -1,
            "children": [],
            "user id": "2377302131",
            "user name": "袭玉烟",
            "content": "回复@wo们辗转难眠的小青春:关注了这么久，真心不想听到难过的消息，希望他们安好，为他们祈祷，能早日回到家团聚，我们都在等他们",
            "time": "14-3-19 11:18"
        },
        {
            "comment id": 19,
            "parent": -1,
            "children": [],
            "user id": "1650247802",
            "user name": "Miss_purplesu",
            "content": "",
            "time": "14-3-19 09:42"
        },
        {
            "comment id": 20,
            "parent": -1,
            "children": [],
            "user id": "3024119165",
            "user name": "翠花上栓菜",
            "content": " @Cissy笑也是可以滴 ！！！",
            "time": "14-3-19 09:40"
        },
        {
            "comment id": 21,
            "parent": -1,
            "children": [],
            "user id": "1817834804",
            "user name": "7777777er",
            "content": "老师昨天来我们学校了",
            "time": "14-3-19 09:21"
        },
        {
            "comment id": 22,
            "parent": -1,
            "children": [],
            "user id": "5059655922",
            "user name": "小猴子不扒皮",
            "content": "但愿是而且相信是",
            "time": "14-3-19 07:19"
        },
        {
            "comment id": 23,
            "parent": -1,
            "children": [],
            "user id": "3859688000",
            "user name": "小马达hanwei",
            "content": "真假？",
            "time": "14-3-19 01:09"
        },
        {
            "comment id": 24,
            "parent": -1,
            "children": [],
            "user id": "1747791157",
            "user name": "敏锐的leo",
            "content": "作为老师就不要以讹传讹了",
            "time": "14-3-19 00:16"
        },
        {
            "comment id": 25,
            "parent": -1,
            "children": [],
            "user id": "2545050221",
            "user name": "nicolesss",
            "content": "真的？",
            "time": "14-3-18 23:54"
        },
        {
            "comment id": 26,
            "parent": -1,
            "children": [],
            "user id": "1159544873",
            "user name": "快乐的彤彤子",
            "content": "求证实…",
            "time": "14-3-18 23:48"
        },
        {
            "comment id": 27,
            "parent": -1,
            "children": [],
            "user id": "1793273831",
            "user name": "柳诃",
            "content": "真的吗？？",
            "time": "14-3-18 23:38"
        },
        {
            "comment id": 28,
            "parent": -1,
            "children": [],
            "user id": "3150706240",
            "user name": "-給块糖就笑的小菇凉-",
            "content": "为他们祈祷，平安归来！！！",
            "time": "14-3-18 23:19"
        },
        {
            "comment id": 29,
            "parent": -1,
            "children": [],
            "user id": "2279839772",
            "user name": "羞仔仔",
            "content": "🙏希望是真",
            "time": "14-3-18 23:18"
        },
        {
            "comment id": 30,
            "parent": -1,
            "children": [],
            "user id": "2116040642",
            "user name": "Mr_刘先森",
            "content": "为500做贡献",
            "time": "14-3-18 23:13"
        },
        {
            "comment id": 31,
            "parent": -1,
            "children": [],
            "user id": "2516405045",
            "user name": "还是小青春呀",
            "content": "@袭玉烟",
            "time": "14-3-18 23:11"
        },
        {
            "comment id": 32,
            "parent": -1,
            "children": [],
            "user id": "1999531014",
            "user name": "脸圆还有双下巴",
            "content": "500条 500条",
            "time": "14-3-18 22:33"
        },
        {
            "comment id": 33,
            "parent": -1,
            "children": [],
            "user id": "2120105864",
            "user name": "那些白色去哪了",
            "content": "肯定是假的",
            "time": "14-3-18 22:07"
        },
        {
            "comment id": 34,
            "parent": -1,
            "children": [],
            "user id": "1240026955",
            "user name": "同学们快坐好",
            "content": "稍稍转一下，真心希望是真的",
            "time": "14-3-18 22:06"
        },
        {
            "comment id": 35,
            "parent": -1,
            "children": [],
            "user id": "2479143672",
            "user name": "螃蟹爱佩奇",
            "content": "若是这样，信息封闭得不至于如此“弱智”程度吧！ 就像以前某年在外媒某报刊文：jiang去世了，但后来突然出现在国庆阅兵上了",
            "time": "14-3-18 22:01"
        },
        {
            "comment id": 36,
            "parent": -1,
            "children": [],
            "user id": "2247105175",
            "user name": "DearCMR",
            "content": "转发微博",
            "time": "14-3-18 21:56"
        },
        {
            "comment id": 37,
            "parent": -1,
            "children": [],
            "user id": "1095972197",
            "user name": "白粥小天后",
            "content": "就算老师你进去了，我也愿意相信是真的",
            "time": "14-3-18 21:47"
        },
        {
            "comment id": 38,
            "parent": -1,
            "children": [],
            "user id": "3212633594",
            "user name": "永远的太阳j11",
            "content": "转发微博",
            "time": "14-3-18 21:36"
        },
        {
            "comment id": 39,
            "parent": -1,
            "children": [],
            "user id": "3211460121",
            "user name": "超级大金子_",
            "content": " @飞屋里的男爵 又是一集",
            "time": "14-3-18 21:31"
        },
        {
            "comment id": 40,
            "parent": -1,
            "children": [],
            "user id": "3169983703",
            "user name": "妈妈加油永远爱你",
            "content": "哇！真好！",
            "time": "14-3-18 21:16"
        },
        {
            "comment id": 41,
            "parent": -1,
            "children": [],
            "user id": "2619857140",
            "user name": "-Color10",
            "content": "回复@嘟大猫:嗯嗯。",
            "time": "14-3-18 21:12"
        },
        {
            "comment id": 42,
            "parent": -1,
            "children": [],
            "user id": "2045509725",
            "user name": "张小文呀么文呀么文",
            "content": "一定不能超500，万一是假的呢，我们还指望着老师你明年给我们押题呢~~",
            "time": "14-3-18 21:03"
        },
        {
            "comment id": 43,
            "parent": -1,
            "children": [],
            "user id": "2942748983",
            "user name": "无言心痛的伤_111",
            "content": "给老师转发500",
            "time": "14-3-18 20:57"
        },
        {
            "comment id": 44,
            "parent": -1,
            "children": [],
            "user id": "1808144484",
            "user name": "海绵体饱包",
            "content": "回复@老公说我很漂亮:我不知道，不是我干的",
            "time": "14-3-18 20:48"
        },
        {
            "comment id": 45,
            "parent": -1,
            "children": [],
            "user id": "2157173735",
            "user name": "simple心life",
            "content": "🙏",
            "time": "14-3-18 20:46"
        },
        {
            "comment id": 46,
            "parent": -1,
            "children": [],
            "user id": "2451917144",
            "user name": "你好我是贝贝大王",
            "content": "@老婆我是骗你的 真的假的…",
            "time": "14-3-18 20:45"
        },
        {
            "comment id": 47,
            "parent": -1,
            "children": [],
            "user id": "1916207330",
            "user name": "嘟大猫",
            "content": "回复@-Color10:我还没看这边的新闻呢 我玩了问下小蝴蝶但愿是真的啊！",
            "time": "14-3-18 20:43"
        },
        {
            "comment id": 48,
            "parent": -1,
            "children": [],
            "user id": "2110043664",
            "user name": "不愿做洋芋的马铃薯不是个好土豆",
            "content": "真的假的。。要是假的，2015会不会就不能押题了、、、",
            "time": "14-3-18 20:41"
        },
        {
            "comment id": 49,
            "parent": -1,
            "children": [],
            "user id": "1906577245",
            "user name": "刘雅恬Helen",
            "content": "老师辛苦了哦，我买的是网校的课程，请问什么时候有您的课程啊？我们桂林这边都没有面授",
            "time": "14-3-18 20:35"
        },
        {
            "comment id": 50,
            "parent": -1,
            "children": [],
            "user id": "2625787365",
            "user name": "L七星Pink",
            "content": "@爱遛弯儿的猫",
            "time": "14-3-18 20:24"
        },
        {
            "comment id": 51,
            "parent": -1,
            "children": [],
            "user id": "2561544591",
            "user name": "张泽琳织围脖儿",
            "content": "希望是真的吧。//@大忙人Lurie: 转发微博",
            "time": "14-3-18 19:40"
        },
        {
            "comment id": 52,
            "parent": -1,
            "children": [],
            "user id": "3816691673",
            "user name": "讲屁话冠军",
            "content": "争取500条进去一次",
            "time": "14-3-18 19:33"
        },
        {
            "comment id": 53,
            "parent": -1,
            "children": [],
            "user id": "1682901947",
            "user name": "苹果不会劈叉",
            "content": "活着就好",
            "time": "14-3-18 19:24"
        },
        {
            "comment id": 54,
            "parent": -1,
            "children": [],
            "user id": "1567217605",
            "user name": "阳阳66661",
            "content": "真假难辨",
            "time": "14-3-18 19:20"
        },
        {
            "comment id": 55,
            "parent": -1,
            "children": [],
            "user id": "2243858033",
            "user name": "z按自己的调调去生活",
            "content": "@壁立千仞ZZ 可信吗",
            "time": "14-3-18 19:08"
        },
        {
            "comment id": 56,
            "parent": -1,
            "children": [],
            "user id": "1939590294",
            "user name": "wuli美旸旸",
            "content": "但愿是真的。老师考研国家线出了。",
            "time": "14-3-18 18:56"
        },
        {
            "comment id": 57,
            "parent": -1,
            "children": [],
            "user id": "3146571782",
            "user name": "大蘑菇爱鸡蛋",
            "content": "真的",
            "time": "14-3-18 18:29"
        },
        {
            "comment id": 58,
            "parent": -1,
            "children": [],
            "user id": "3267632190",
            "user name": "小咸君与小菜酱",
            "content": "这消息很靠谱",
            "time": "14-3-18 18:24"
        },
        {
            "comment id": 59,
            "parent": -1,
            "children": [],
            "user id": "1957355702",
            "user name": "剑秋严先生",
            "content": "老师，为了不让你进去，我就不转发了。哈哈哈。去年政治跟着你，过了。",
            "time": "14-3-18 18:22"
        },
        {
            "comment id": 60,
            "parent": -1,
            "children": [],
            "user id": "1921844284",
            "user name": "去年我是刘老师",
            "content": "@LHZ就你了 可以看出国外谣言更厉害 天朝不错啊 说完这句话 我发现我胸前的红领巾更加鲜亮了 呵呵",
            "time": "14-3-18 18:16"
        },
        {
            "comment id": 61,
            "parent": -1,
            "children": [],
            "user id": "1216742197",
            "user name": "angel_mtl",
            "content": "hope so",
            "time": "14-3-18 18:12"
        },
        {
            "comment id": 62,
            "parent": -1,
            "children": [],
            "user id": "2117206347",
            "user name": "蜜桃sousou",
            "content": "希望是真的啊啊啊",
            "time": "14-3-18 18:10"
        },
        {
            "comment id": 63,
            "parent": -1,
            "children": [],
            "user id": "2368936085",
            "user name": "徐双单",
            "content": "恐怖组织不听话，该打屁股了！",
            "time": "14-3-18 18:08"
        },
        {
            "comment id": 64,
            "parent": -1,
            "children": [],
            "user id": "1639853250",
            "user name": "TOTORO岁月静好",
            "content": "还是删了吧但愿都活着",
            "time": "14-3-18 18:01"
        },
        {
            "comment id": 65,
            "parent": -1,
            "children": [],
            "user id": "1899565491",
            "user name": "没有相过亲的小伙子",
            "content": "Repost",
            "time": "14-3-18 17:55"
        },
        {
            "comment id": 66,
            "parent": -1,
            "children": [],
            "user id": "2773316937",
            "user name": "凭什么不能用憨哥",
            "content": "老师去哪个学校上课",
            "time": "14-3-18 17:54"
        },
        {
            "comment id": 67,
            "parent": -1,
            "children": [],
            "user id": "3565163811",
            "user name": "仟万",
            "content": "@小迷糊Lx1 亲，看看",
            "time": "14-3-18 17:49"
        },
        {
            "comment id": 68,
            "parent": -1,
            "children": [],
            "user id": "2415700973",
            "user name": "我呀ya",
            "content": "希望如此吧",
            "time": "14-3-18 17:46"
        },
        {
            "comment id": 69,
            "parent": -1,
            "children": [],
            "user id": "1891995603",
            "user name": "通惠河以南",
            "content": " @好久不见街角咖啡",
            "time": "14-3-18 17:46"
        },
        {
            "comment id": 70,
            "parent": -1,
            "children": [],
            "user id": "3137625245",
            "user name": "光影魔术手一",
            "content": "侯耀华是谁？假消息吧。顶上500，进牢房。",
            "time": "14-3-18 17:35"
        },
        {
            "comment id": 71,
            "parent": -1,
            "children": [],
            "user id": "1814295521",
            "user name": "桑叶er",
            "content": "天呐！",
            "time": "14-3-18 17:28"
        },
        {
            "comment id": 72,
            "parent": -1,
            "children": [],
            "user id": "2335538837",
            "user name": "他乡独夜人",
            "content": "这种程度的新闻，在地球上会传的这么慢？",
            "time": "14-3-18 17:27"
        },
        {
            "comment id": 73,
            "parent": -1,
            "children": [],
            "user id": "1732409012",
            "user name": "璐奇",
            "content": "真的？赶快证实吧。。。",
            "time": "14-3-18 17:13"
        },
        {
            "comment id": 74,
            "parent": -1,
            "children": [],
            "user id": "3275378993",
            "user name": "EmoElric",
            "content": "同盼消息真实。活着，总是有希望的。",
            "time": "14-3-18 17:11"
        },
        {
            "comment id": 75,
            "parent": -1,
            "children": [],
            "user id": "1078536882",
            "user name": "huoyanniao2418",
            "content": "真的吗?但愿祈祷!",
            "time": "14-3-18 17:09"
        },
        {
            "comment id": 76,
            "parent": -1,
            "children": [],
            "user id": "3478625810",
            "user name": "小周爱做白日梦zyzy",
            "content": "为嘛是副机长，这老道的操作技术明明是正机长，何况若只副机长劫机，凭正机长的水平，报警信号早发出了",
            "time": "14-3-18 17:02"
        },
        {
            "comment id": 77,
            "parent": -1,
            "children": [],
            "user id": "2249522092",
            "user name": "特立独行的小蛮牛",
            "content": "但愿是",
            "time": "14-3-18 17:01"
        },
        {
            "comment id": 78,
            "parent": -1,
            "children": [],
            "user id": "1850693663",
            "user name": "sometimes-gone",
            "content": "我不给您转发，生怕您进去",
            "time": "14-3-18 16:58"
        },
        {
            "comment id": 79,
            "parent": -1,
            "children": [],
            "user id": "1975073361",
            "user name": "ahehehehehehehehe",
            "content": "希望是真的",
            "time": "14-3-18 16:56"
        }
    ]
}