{
    "source": {
        "content": "#疾病科普##幼儿急疹#部分患儿可出现软腭特征性红斑、眼睑水肿、咳嗽、腹泻、惊厥等。患儿白细胞计数可有明显减少，淋巴细胞分类增高。绝大多数病例是由人类疱疹病毒6（HHV6）感染所致，人类疱疹病毒7（HHV7）感染约10%。通常第一次感染多由HHV6引起。本病无需特殊治疗，积极对症、防止并发症发生。 ",
        "time": "13-10-7 21:01",
        "user id": "2305514834",
        "tweet id": "AcX86E6Jf",
        "label": 0,
        "theme": "医药健康"
    },
    "comment": [
        {
            "comment id": 0,
            "parent": -1,
            "children": [],
            "user id": "1643938771",
            "user name": "LUCKY他娘",
            "content": "转发微博",
            "time": "14-3-9 20:32"
        },
        {
            "comment id": 1,
            "parent": -1,
            "children": [],
            "user id": "2174177950",
            "user name": "绿smile",
            "content": "医生＇因为感冒输了左克＇听说哺乳期不能用＇好害怕＇要停药厚多久可以用＇麻烦来＇帮我解答下  ",
            "time": "13-10-8 16:56"
        },
        {
            "comment id": 2,
            "parent": -1,
            "children": [],
            "user id": "3128291267",
            "user name": "VivisBabyC",
            "content": "回复@misscc-cici:再坚持一下，不要给他吃抗病毒的药。我宝宝第四天烧到快41℃，我和家人绷不住最后还是去医院又查了血，血象基本正常就是淋巴细胞有点高，大夫说可能是混合感染，让我们回去吃抗病毒药和抗生素，结果我宝宝凌晨5点就退烧了。妈妈要相信自己的判断，以及直觉，以免事后后悔。",
            "time": "13-10-8 16:26"
        },
        {
            "comment id": 3,
            "parent": -1,
            "children": [],
            "user id": "2567586000",
            "user name": "misscc-cici",
            "content": "回复@希希妈咪vivi:希希妈妈，我家宝宝也烧了四天了，今天第四天我好担心，去医院验血是病毒感染，你家宝宝也是吗，明天就第五天了，希望不要再烧了",
            "time": "13-10-8 13:03"
        },
        {
            "comment id": 4,
            "parent": -1,
            "children": [],
            "user id": "1863655227",
            "user name": "ZZZ123-1",
            "content": "宝宝很容易感冒 一不舒服家人总喂保婴丹 吃多了会不好吗？怎样才能让宝宝体质好一些?",
            "time": "13-10-8 10:56"
        },
        {
            "comment id": 5,
            "parent": -1,
            "children": [],
            "user id": "2247709013",
            "user name": "simi就系我",
            "content": "你好。我家女兒3歲半，體重只得23斤，嚴重偏瘦，不愛吃飯，挑食，眼袋很大，脾氣不好，睡眠差，求方法改善，求幫助！ @培儿屋儿科医生",
            "time": "13-10-8 00:57"
        },
        {
            "comment id": 6,
            "parent": -1,
            "children": [],
            "user id": "2085679705",
            "user name": "miyake636355",
            "content": "我家也幼儿急疹过 伴随腹泻",
            "time": "13-10-7 23:23"
        },
        {
            "comment id": 7,
            "parent": -1,
            "children": [],
            "user id": "3128291267",
            "user name": "VivisBabyC",
            "content": "希希烧了四天，每天都是高烧近40℃；期间也伴随轻度腹泻，水样黄绿色，每天两次左右；高烧时不流涕不咳嗽无感冒症状，期间情绪不好精神萎靡。第五天烧退疹出，出疹后不腹泻了但会偶尔咳嗽一会儿，还有，嗓子哑了。",
            "time": "13-10-7 22:48"
        },
        {
            "comment id": 8,
            "parent": -1,
            "children": [],
            "user id": "1656115335",
            "user name": "luobobing",
            "content": " @应该飞得起来",
            "time": "13-10-7 22:43"
        },
        {
            "comment id": 9,
            "parent": -1,
            "children": [],
            "user id": "1438204033",
            "user name": "纸扎扎",
            "content": "HHV6和HHV7 两种病毒感染后的症状有什么区别没？会不会引发低烧之类的？",
            "time": "13-10-7 21:48"
        },
        {
            "comment id": 10,
            "parent": -1,
            "children": [],
            "user id": "1756631727",
            "user name": "small-fox小盆友",
            "content": "我家就伴随腹泻，我询问医生是不是急疹，医生说不是，急疹不腹泻，诊断说是秋季腹泻，最后证明我的直觉是对的，是急疹。北京三甲医院哦！",
            "time": "13-10-7 21:47"
        },
        {
            "comment id": 11,
            "parent": -1,
            "children": [],
            "user id": "1187957551",
            "user name": "杏叶叶",
            "content": "回复@渔不不:照上几天蓝光指数就会降下来，我女儿出生时也有照过。放心吧，宝宝自己也有抵抗力的[呵呵]",
            "time": "13-10-7 21:29"
        },
        {
            "comment id": 12,
            "parent": -1,
            "children": [],
            "user id": "1972522923",
            "user name": "罗氏雷和雷罗氏",
            "content": "//#疾病科普##幼儿急疹#部分患儿可出现软腭特征性红斑、眼睑水肿、咳嗽、腹泻、惊厥等。患儿白细胞计数可有明显减少，淋巴细胞分类增高。绝大多数病例是由人类疱疹病毒6（HHV6）感染所致，人类疱疹病毒7（HHV7）感染约10%。通常第一次感染多由HHV6引起。本病无需特殊治疗，积极对症、防止并发症发生。",
            "time": "13-10-7 21:21"
        },
        {
            "comment id": 13,
            "parent": -1,
            "children": [],
            "user id": "2074497021",
            "user name": "未蔚ww",
            "content": "不是说幼儿急疹大部分都无症状，而且是没有原因的发烧后才出疹吗？是疱疹病毒引起？",
            "time": "13-10-7 21:17"
        },
        {
            "comment id": 14,
            "parent": -1,
            "children": [],
            "user id": "1877207935",
            "user name": "渔不不",
            "content": "医生，我家女宝出生10天，现在黄疸超标200多，住院光疗，我好担心她会有核黄疸，她眼白都黄了",
            "time": "13-10-7 21:10"
        }
    ]
}