{
    "source": {
        "content": "文章的悔过书被指抄袭高晓松酒驾悔过书，网友发现相似度达90%，可以出得起七位数灭火，为何不找个文笔好的代笔？连悔过书都抄可看其诚意。 ",
        "time": "14-4-1 06:33",
        "user id": "1764935500",
        "tweet id": "ADCF335Xd",
        "label": 1,
        "theme": "文体娱乐"
    },
    "comment": [
        {
            "comment id": 0,
            "parent": -1,
            "children": [],
            "user id": "1811306663",
            "user name": "无为心境2015",
            "content": "这是”道歉体”要流行的先奏吗？",
            "time": "14-4-1 10:20"
        },
        {
            "comment id": 1,
            "parent": -1,
            "children": [],
            "user id": "1764935500",
            "user name": "人称T客",
            "content": "回复@Augur-O:今天过节",
            "time": "14-4-1 09:19"
        },
        {
            "comment id": 2,
            "parent": -1,
            "children": [],
            "user id": "3026109125",
            "user name": "Augur-O",
            "content": "转发微博",
            "time": "14-4-1 09:15"
        },
        {
            "comment id": 3,
            "parent": -1,
            "children": [],
            "user id": "3026109125",
            "user name": "Augur-O",
            "content": "真不真，假不假，T客这篇如此多的评论，意料之外，也许是意料之中。网络水军还是真实存在的。",
            "time": "14-4-1 09:15"
        },
        {
            "comment id": 4,
            "parent": -1,
            "children": [],
            "user id": "1864906410",
            "user name": "敢怒敢言的FFF",
            "content": "高晓松的悔过书是网友自己编的，百度一下就知道，没必要再传这种不实的东西了。。。",
            "time": "14-4-1 08:53"
        },
        {
            "comment id": 5,
            "parent": -1,
            "children": [],
            "user id": "1764935500",
            "user name": "人称T客",
            "content": "回复@Xy_E的行走世界:昨天发叫谣传，今天发叫正传，如果不懂可以问问天。",
            "time": "14-4-1 08:51"
        },
        {
            "comment id": 6,
            "parent": -1,
            "children": [],
            "user id": "1400255462",
            "user name": "Xy_E的行走世界",
            "content": "t客又一次暴露出信息来源的不准确和不专业",
            "time": "14-4-1 08:40"
        },
        {
            "comment id": 7,
            "parent": -1,
            "children": [],
            "user id": "1595977144",
            "user name": "张小马55",
            "content": "谣传。",
            "time": "14-4-1 08:01"
        },
        {
            "comment id": 8,
            "parent": -1,
            "children": [],
            "user id": "2171892173",
            "user name": "瘦成一坨的汉纸",
            "content": "这已被证实是假的了……麻烦您老给澄清一下，别再让大家误会了，欧克？？",
            "time": "14-4-1 07:59"
        },
        {
            "comment id": 9,
            "parent": -1,
            "children": [],
            "user id": "1965584945",
            "user name": "方头火柴V",
            "content": "不专业！",
            "time": "14-4-1 07:54"
        },
        {
            "comment id": 10,
            "parent": -1,
            "children": [],
            "user id": "2628193567",
            "user name": "一吠叔",
            "content": "看清楚文章的真实狗逼样子了吧！",
            "time": "14-4-1 07:53"
        },
        {
            "comment id": 11,
            "parent": -1,
            "children": [],
            "user id": "1530456725",
            "user name": "烧麦要蒸不要贱",
            "content": "大哥，假的能不发出来么？",
            "time": "14-4-1 07:38"
        },
        {
            "comment id": 12,
            "parent": -1,
            "children": [],
            "user id": "1810372583",
            "user name": "-郭女侠-",
            "content": "回复@小新演子:我次奥。。。",
            "time": "14-4-1 07:37"
        },
        {
            "comment id": 13,
            "parent": -1,
            "children": [],
            "user id": "2966427574",
            "user name": "O_oa6666",
            "content": "抄袭…………………………………………",
            "time": "14-4-1 07:34"
        },
        {
            "comment id": 14,
            "parent": -1,
            "children": [],
            "user id": "3093807405",
            "user name": "小新要吃皇家巧克力饼",
            "content": "@郭楚翘深情款款地注视这条微博说",
            "time": "14-4-1 07:33"
        },
        {
            "comment id": 15,
            "parent": -1,
            "children": [],
            "user id": "3012932331",
            "user name": "低调先生大马甲",
            "content": "高价请来的枪手竟然是水货",
            "time": "14-4-1 07:32"
        },
        {
            "comment id": 16,
            "parent": -1,
            "children": [],
            "user id": "1864127831",
            "user name": "小纯小姐4U",
            "content": "可悲…",
            "time": "14-4-1 07:25"
        },
        {
            "comment id": 17,
            "parent": -1,
            "children": [],
            "user id": "1763363627",
            "user name": "灰狼叔x",
            "content": "好吧…事以至此…咱别闹了…马司令日子好好过就好了…",
            "time": "14-4-1 07:24"
        },
        {
            "comment id": 18,
            "parent": -1,
            "children": [],
            "user id": "3436544120",
            "user name": "淼淼儿213344",
            "content": "真有意思，不知道是假的吗？",
            "time": "14-4-1 07:20"
        },
        {
            "comment id": 19,
            "parent": -1,
            "children": [],
            "user id": "1685320300",
            "user name": "皮晓光",
            "content": "。。。。明显是假的。。。。。",
            "time": "14-4-1 07:17"
        },
        {
            "comment id": 20,
            "parent": -1,
            "children": [],
            "user id": "3618706315",
            "user name": "猛犸u象",
            "content": "。。。。",
            "time": "14-4-1 07:14"
        },
        {
            "comment id": 21,
            "parent": -1,
            "children": [],
            "user id": "1424456082",
            "user name": "乐圆圆圆",
            "content": "转发微博",
            "time": "14-4-1 07:14"
        },
        {
            "comment id": 22,
            "parent": -1,
            "children": [],
            "user id": "2085083625",
            "user name": "嗯哼羿衡",
            "content": "还真是啊",
            "time": "14-4-1 07:14"
        },
        {
            "comment id": 23,
            "parent": -1,
            "children": [],
            "user id": "2911810013",
            "user name": "阿飞的小蝴蝶-xx",
            "content": "高晓松这个是假的",
            "time": "14-4-1 07:13"
        },
        {
            "comment id": 24,
            "parent": -1,
            "children": [],
            "user id": "2153454743",
            "user name": "Luna露娜吖",
            "content": "！！！！！！！！！文章,,你让我们说你什么好！！",
            "time": "14-4-1 07:12"
        },
        {
            "comment id": 25,
            "parent": -1,
            "children": [],
            "user id": "1376281922",
            "user name": "可可人日记",
            "content": "造假！",
            "time": "14-4-1 07:12"
        },
        {
            "comment id": 26,
            "parent": -1,
            "children": [],
            "user id": "2823464742",
            "user name": "熙儿Liv",
            "content": "你傻xxx 啊",
            "time": "14-4-1 07:12"
        },
        {
            "comment id": 27,
            "parent": -1,
            "children": [],
            "user id": "2612006642",
            "user name": "TM番茄先生",
            "content": " @咔咔superlady要拯救地球",
            "time": "14-4-1 07:10"
        },
        {
            "comment id": 28,
            "parent": -1,
            "children": [],
            "user id": "2996712057",
            "user name": "MESSYINFFFFF",
            "content": "舆论已经太多，何必再造假呢",
            "time": "14-4-1 07:10"
        },
        {
            "comment id": 29,
            "parent": -1,
            "children": [],
            "user id": "2365820427",
            "user name": "smh1829",
            "content": "太不要脸了",
            "time": "14-4-1 07:10"
        },
        {
            "comment id": 30,
            "parent": -1,
            "children": [],
            "user id": "2267003187",
            "user name": "吃饱饭的一天",
            "content": "成龙语录： 是男人都会犯的错",
            "time": "14-4-1 07:09"
        },
        {
            "comment id": 31,
            "parent": -1,
            "children": [],
            "user id": "2941107695",
            "user name": "A-运动鞋工厂直销",
            "content": "还能说什么",
            "time": "14-4-1 07:09"
        },
        {
            "comment id": 32,
            "parent": -1,
            "children": [],
            "user id": "1707722445",
            "user name": "大象是elephant长得高",
            "content": "@Freedom_ZM",
            "time": "14-4-1 07:06"
        },
        {
            "comment id": 33,
            "parent": -1,
            "children": [],
            "user id": "1975244202",
            "user name": "江南新村",
            "content": "不学无术的能有什么水平、与诚意？精力与时间都耗在大腿之间。",
            "time": "14-4-1 07:04"
        },
        {
            "comment id": 34,
            "parent": -1,
            "children": [],
            "user id": "1927558407",
            "user name": "Your雪雪_",
            "content": "代笔没文化",
            "time": "14-4-1 07:04"
        },
        {
            "comment id": 35,
            "parent": -1,
            "children": [],
            "user id": "2011957293",
            "user name": "小鸡皮",
            "content": "我以后也这样写〒_〒",
            "time": "14-4-1 07:03"
        },
        {
            "comment id": 36,
            "parent": -1,
            "children": [],
            "user id": "1713468253",
            "user name": "-库之-",
            "content": "假的",
            "time": "14-4-1 07:02"
        },
        {
            "comment id": 37,
            "parent": -1,
            "children": [],
            "user id": "2821734070",
            "user name": "芜湖吃吃",
            "content": "就是请个枪手，枪手难道就不会抄吗？哈哈！",
            "time": "14-4-1 06:59"
        },
        {
            "comment id": 38,
            "parent": -1,
            "children": [],
            "user id": "1378966300",
            "user name": "valse",
            "content": "@helenelove ",
            "time": "14-4-1 06:58"
        },
        {
            "comment id": 39,
            "parent": -1,
            "children": [],
            "user id": "1690583895",
            "user name": "橙味是谁",
            "content": "这个。。。花钱买文章，却买了个山寨的。处处是卧底[马上有对象]",
            "time": "14-4-1 06:55"
        },
        {
            "comment id": 40,
            "parent": -1,
            "children": [],
            "user id": "1667380417",
            "user name": "罗大豆",
            "content": "这是恶搞的",
            "time": "14-4-1 06:47"
        },
        {
            "comment id": 41,
            "parent": -1,
            "children": [],
            "user id": "2272802073",
            "user name": "刘小赖naughty",
            "content": "转发微博",
            "time": "14-4-1 06:47"
        },
        {
            "comment id": 42,
            "parent": -1,
            "children": [],
            "user id": "1909973027",
            "user name": "慧之猪",
            "content": "转发微博",
            "time": "14-4-1 06:45"
        },
        {
            "comment id": 43,
            "parent": -1,
            "children": [],
            "user id": "1897272287",
            "user name": "吴冰bill",
            "content": "留下备用[呵呵]",
            "time": "14-4-1 06:43"
        },
        {
            "comment id": 44,
            "parent": -1,
            "children": [],
            "user id": "1658219265",
            "user name": "理想便宜卖-Matias",
            "content": "傻了吧，人家是原创",
            "time": "14-4-1 06:41"
        },
        {
            "comment id": 45,
            "parent": -1,
            "children": [],
            "user id": "2181064431",
            "user name": "朵拉表哥",
            "content": "已经有辟谣出来了，高晓松的道歉稿是杜撰的！",
            "time": "14-4-1 06:36"
        }
    ]
}