{
    "source": {
        "content": "网传，文章的道歉微博竟然是抄袭高晓松的酒驾悔过书，文章同学，你有点诚意没有？ ",
        "time": "14-4-1 08:14",
        "user id": "1576680283",
        "tweet id": "ADDkh55JC",
        "label": 1,
        "theme": "文体娱乐"
    },
    "comment": [
        {
            "comment id": 0,
            "parent": -1,
            "children": [],
            "user id": "2538837240",
            "user name": "罗马教廷驻武当山大_真阿訇_425",
            "content": "道歉信明明是《如丧》里谈酒驶的那段怎么成不实啦?！现在的网络上搜不到的东西都成不存在的了。",
            "time": "14-4-2 00:13"
        },
        {
            "comment id": 1,
            "parent": -1,
            "children": [],
            "user id": "1853103000",
            "user name": "木枚九阳",
            "content": "谣言止于智者",
            "time": "14-4-1 16:39"
        },
        {
            "comment id": 2,
            "parent": -1,
            "children": [],
            "user id": "1910245211",
            "user name": "鱻晶劦",
            "content": "回复@好妹妹大方:@完你就晓得是假的了",
            "time": "14-4-1 13:37"
        },
        {
            "comment id": 3,
            "parent": -1,
            "children": [],
            "user id": "1763726222",
            "user name": "后田小方",
            "content": "回复@鲁噜__Cormy:这是假的，都证实了是不实信息，高晓松就写了七个字，对不起，永不酒驾",
            "time": "14-4-1 13:22"
        },
        {
            "comment id": 4,
            "parent": -1,
            "children": [],
            "user id": "1630529694",
            "user name": "Visant行客",
            "content": "还是尽早删了吧，分明造谣嘛",
            "time": "14-4-1 13:16"
        },
        {
            "comment id": 5,
            "parent": -1,
            "children": [],
            "user id": "3526916461",
            "user name": "一一醒一一",
            "content": "都有人辟谣了，你还发，真相自己看@交警刘小川",
            "time": "14-4-1 13:13"
        },
        {
            "comment id": 6,
            "parent": -1,
            "children": [],
            "user id": "1931504137",
            "user name": "阳光听海人",
            "content": "假的",
            "time": "14-4-1 12:47"
        },
        {
            "comment id": 7,
            "parent": -1,
            "children": [],
            "user id": "3935059011",
            "user name": "迷途遇鹿",
            "content": "这不是高晓松的道歉信，  是一个交警模仿文章道歉信写的一篇文章用来警示酒醉驾车",
            "time": "14-4-1 12:38"
        },
        {
            "comment id": 8,
            "parent": -1,
            "children": [],
            "user id": "1200564484",
            "user name": "85的王杰",
            "content": "安徽省六安市一民警刘小川在其个人认证微博上发布了一篇“一个酒驾肇事者的悔过书”长微博，微博中写到“模仿XX人悔过书，仅供大家一笑”。而后，该篇微博内容被在网上广泛转发，网民质疑文章抄袭高晓松酒驾道歉声明。",
            "time": "14-4-1 12:18"
        },
        {
            "comment id": 9,
            "parent": -1,
            "children": [],
            "user id": "3299552215",
            "user name": "D许你小未来",
            "content": "逗比吗？给你你会这样做？你的大脑打了除皱剂了吧",
            "time": "14-4-1 12:18"
        },
        {
            "comment id": 10,
            "parent": -1,
            "children": [],
            "user id": "1904067895",
            "user name": "桃妹纸吖",
            "content": "[吃元宵]",
            "time": "14-4-1 12:17"
        },
        {
            "comment id": 11,
            "parent": -1,
            "children": [],
            "user id": "1788248687",
            "user name": "柒月------",
            "content": "根本就一模一样",
            "time": "14-4-1 12:15"
        },
        {
            "comment id": 12,
            "parent": -1,
            "children": [],
            "user id": "1779031387",
            "user name": "被淹的海",
            "content": "出轨。道歉书抄袭。什么节奏",
            "time": "14-4-1 11:55"
        },
        {
            "comment id": 13,
            "parent": -1,
            "children": [],
            "user id": "2918610615",
            "user name": "爱吃的dcc",
            "content": "【玻尿酸，不打广告也在出的货】v信cyxdm0315",
            "time": "14-4-1 11:07"
        },
        {
            "comment id": 14,
            "parent": -1,
            "children": [],
            "user id": "5034996186",
            "user name": "媛姐儿1216",
            "content": "我觉得那篇道歉应该是经纪人发的，文章不至于",
            "time": "14-4-1 11:02"
        },
        {
            "comment id": 15,
            "parent": -1,
            "children": [],
            "user id": "3034505330",
            "user name": "草莓桃桃66",
            "content": "有聊没聊？你？？？",
            "time": "14-4-1 10:48"
        },
        {
            "comment id": 16,
            "parent": -1,
            "children": [],
            "user id": "2119906180",
            "user name": "盼晴天不下雨",
            "content": "所谓“天下文章一大抄”嘛",
            "time": "14-4-1 10:29"
        },
        {
            "comment id": 17,
            "parent": -1,
            "children": [],
            "user id": "2691389313",
            "user name": "百里悔约",
            "content": "o(︶︿︶)o 唉！相当牛逼！",
            "time": "14-4-1 09:54"
        },
        {
            "comment id": 18,
            "parent": -1,
            "children": [],
            "user id": "2003095154",
            "user name": "想掉进糖罐的长臂猿",
            "content": "@椰兜_求rp @穗鼬",
            "time": "14-4-1 09:40"
        },
        {
            "comment id": 19,
            "parent": -1,
            "children": [],
            "user id": "1848718960",
            "user name": "Serena小汤圆",
            "content": "造谣死全家，煞笔",
            "time": "14-4-1 09:31"
        },
        {
            "comment id": 20,
            "parent": -1,
            "children": [],
            "user id": "3526916461",
            "user name": "一一醒一一",
            "content": "造谣死…。",
            "time": "14-4-1 09:28"
        },
        {
            "comment id": 21,
            "parent": -1,
            "children": [],
            "user id": "1844872834",
            "user name": "crystal呀1413",
            "content": "唉，这是一交警模仿的“文章体”好吗？都有马伊琍“且行且珍惜”体，仿的#文章声明体#都看不出来。",
            "time": "14-4-1 09:06"
        },
        {
            "comment id": 22,
            "parent": -1,
            "children": [],
            "user id": "2770387247",
            "user name": "Prizen_太子",
            "content": "你他妈的是闲的蛋疼还是证明你有本事故意使人难堪？人家的事管你的鸟事，文章操了你家老婆还是怎么的？管好你自家老婆别被别人拐跑了就好了]",
            "time": "14-4-1 09:06"
        },
        {
            "comment id": 23,
            "parent": -1,
            "children": [],
            "user id": "3829710410",
            "user name": "孙鱼摆摆",
            "content": "回复@77小骨朵儿:媒体小伙伴们，有关@文章同学 的道歉信抄袭自@高晓松 的事儿纯属假消息！请媒体小编们切勿上当！所谓的@高晓松“酒驾道歉信出自@交警刘小川 的一个玩笑微博，被某些“看热闹不嫌事大”的盗用了 周一见超话",
            "time": "14-4-1 08:59"
        },
        {
            "comment id": 24,
            "parent": -1,
            "children": [],
            "user id": "3905949196",
            "user name": "瑜美人69",
            "content": "对他彻底失望",
            "time": "14-4-1 08:59"
        },
        {
            "comment id": 25,
            "parent": -1,
            "children": [],
            "user id": "2269514520",
            "user name": "BlindTom-",
            "content": "假的好吗，",
            "time": "14-4-1 08:54"
        },
        {
            "comment id": 26,
            "parent": -1,
            "children": [],
            "user id": "1910245211",
            "user name": "鱻晶劦",
            "content": "@好妹妹大方 这才是真正的周一见",
            "time": "14-4-1 08:52"
        },
        {
            "comment id": 27,
            "parent": -1,
            "children": [],
            "user id": "3163665794",
            "user name": "JULIFUREN-",
            "content": "有认真悔过嘛",
            "time": "14-4-1 08:51"
        },
        {
            "comment id": 28,
            "parent": -1,
            "children": [],
            "user id": "3029431852",
            "user name": "M霍兰兰M",
            "content": "管你们莫子事迈，真是，这门说，对你以后莫子好处哟",
            "time": "14-4-1 08:48"
        },
        {
            "comment id": 29,
            "parent": -1,
            "children": [],
            "user id": "3840729881",
            "user name": "受惊的大杵炮",
            "content": "人家想说什么说什么！你他妈还控制别人思维了奥！傻逼",
            "time": "14-4-1 08:47"
        },
        {
            "comment id": 30,
            "parent": -1,
            "children": [],
            "user id": "1922680437",
            "user name": "茹梦Love朴海镇",
            "content": "他真的恶心到家了…",
            "time": "14-4-1 08:45"
        },
        {
            "comment id": 31,
            "parent": -1,
            "children": [],
            "user id": "3920910323",
            "user name": "柚柚西柚",
            "content": "其实没必要总是紧追着人家的事",
            "time": "14-4-1 08:44"
        },
        {
            "comment id": 32,
            "parent": -1,
            "children": [],
            "user id": "2501760537",
            "user name": "幽灵鬼号",
            "content": "文章真噁心",
            "time": "14-4-1 08:44"
        },
        {
            "comment id": 33,
            "parent": -1,
            "children": [],
            "user id": "1507447933",
            "user name": "丶暮小白",
            "content": "假的好不。。",
            "time": "14-4-1 08:43"
        },
        {
            "comment id": 34,
            "parent": -1,
            "children": [],
            "user id": "1956227715",
            "user name": "chen娟娟的微博",
            "content": "@李伯清 李白白，你来鉴定一下",
            "time": "14-4-1 08:43"
        },
        {
            "comment id": 35,
            "parent": -1,
            "children": [],
            "user id": "1249221612",
            "user name": "77小骨朵儿",
            "content": "@文章同学  你的团队太不敬业了，明明知道万能的网友什么都能八出来，连道歉书都抄高晓松，唉……",
            "time": "14-4-1 08:40"
        },
        {
            "comment id": 36,
            "parent": -1,
            "children": [],
            "user id": "1751433240",
            "user name": "小星jay莪不蓜",
            "content": "擦，，，",
            "time": "14-4-1 08:38"
        },
        {
            "comment id": 37,
            "parent": -1,
            "children": [],
            "user id": "2943881607",
            "user name": "贺嗌哒",
            "content": "都已经辟谣了",
            "time": "14-4-1 08:36"
        },
        {
            "comment id": 38,
            "parent": -1,
            "children": [],
            "user id": "1350690507",
            "user name": "空音旋律ontheway",
            "content": "智商捉急！！真假不辨。",
            "time": "14-4-1 08:35"
        },
        {
            "comment id": 39,
            "parent": -1,
            "children": [],
            "user id": "3561453467",
            "user name": "Pasthings",
            "content": "假的煞笔不要乱转发好嘛",
            "time": "14-4-1 08:35"
        },
        {
            "comment id": 40,
            "parent": -1,
            "children": [],
            "user id": "1746628297",
            "user name": "窗外风铃遥",
            "content": "假的。",
            "time": "14-4-1 08:32"
        },
        {
            "comment id": 41,
            "parent": -1,
            "children": [],
            "user id": "1737653445",
            "user name": "三二一入梦境的缤纷",
            "content": "反正这个时候啦写什么都是要被骂的，文章注定毁了啦还蛮爱看他的剧的呢，有点小失望，但毕竟只是观众……他人如何与我何干……大家都管太多了啦",
            "time": "14-4-1 08:32"
        },
        {
            "comment id": 42,
            "parent": -1,
            "children": [],
            "user id": "2197607254",
            "user name": "破车4号",
            "content": "事不关己，玩玩而已，另外我想知道高晓松是哪里抄的。",
            "time": "14-4-1 08:30"
        },
        {
            "comment id": 43,
            "parent": -1,
            "children": [],
            "user id": "3219208550",
            "user name": "张欣xi",
            "content": "！😱我要疯了",
            "time": "14-4-1 08:30"
        },
        {
            "comment id": 44,
            "parent": -1,
            "children": [],
            "user id": "3820135136",
            "user name": "爱你没有道理宝宝",
            "content": "这种男人真让人不知道说什么好，这是在悔过吗，拿出点诚意来行不行",
            "time": "14-4-1 08:29"
        },
        {
            "comment id": 45,
            "parent": -1,
            "children": [],
            "user id": "2684898131",
            "user name": "缺心眼子郡主丫头啊",
            "content": "文章你让我们太失望太心寒了",
            "time": "14-4-1 08:28"
        },
        {
            "comment id": 46,
            "parent": -1,
            "children": [],
            "user id": "3269579641",
            "user name": "消失在人海啊",
            "content": "这尼玛不是高晓松写的吧 是一醉驾模仿文章写的  神经病",
            "time": "14-4-1 08:28"
        },
        {
            "comment id": 47,
            "parent": -1,
            "children": [],
            "user id": "2240201051",
            "user name": "immm椰子",
            "content": "转发微博",
            "time": "14-4-1 08:27"
        },
        {
            "comment id": 48,
            "parent": -1,
            "children": [],
            "user id": "3871132356",
            "user name": "小白糖甜不甜",
            "content": "一看就是假的",
            "time": "14-4-1 08:27"
        },
        {
            "comment id": 49,
            "parent": -1,
            "children": [],
            "user id": "1890914857",
            "user name": "不是大叔猫猫不搞",
            "content": "丶[睡觉]道歉都没诚意@相濡以沫怎敌得过相忘江湖",
            "time": "14-4-1 08:27"
        },
        {
            "comment id": 50,
            "parent": -1,
            "children": [],
            "user id": "2054616413",
            "user name": "一颗麓忆m-",
            "content": " @向家有女初长成",
            "time": "14-4-1 08:26"
        },
        {
            "comment id": 51,
            "parent": -1,
            "children": [],
            "user id": "1782809215",
            "user name": "larry姑娘",
            "content": " @大谎言家安徒生",
            "time": "14-4-1 08:25"
        },
        {
            "comment id": 52,
            "parent": -1,
            "children": [],
            "user id": "3163581932",
            "user name": "geeegigi",
            "content": "惹惹惹！！",
            "time": "14-4-1 08:25"
        },
        {
            "comment id": 53,
            "parent": -1,
            "children": [],
            "user id": "1631296680",
            "user name": "不刃_",
            "content": "这是假的，不要传谣。",
            "time": "14-4-1 08:25"
        },
        {
            "comment id": 54,
            "parent": -1,
            "children": [],
            "user id": "2054616413",
            "user name": "一颗麓忆m-",
            "content": " @向家女处长成",
            "time": "14-4-1 08:24"
        },
        {
            "comment id": 55,
            "parent": -1,
            "children": [],
            "user id": "2519556241",
            "user name": "MEI力PENG",
            "content": "人家道歉管你什么事？！你家住海边么，管得那么宽",
            "time": "14-4-1 08:24"
        },
        {
            "comment id": 56,
            "parent": -1,
            "children": [],
            "user id": "3477715891",
            "user name": "是烟波蓝",
            "content": "回复@周周--zcl:嗯。",
            "time": "14-4-1 08:24"
        },
        {
            "comment id": 57,
            "parent": -1,
            "children": [],
            "user id": "1876417691",
            "user name": "Aymoji",
            "content": "想起了以前语文考试填空造句了",
            "time": "14-4-1 08:23"
        },
        {
            "comment id": 58,
            "parent": -1,
            "children": [],
            "user id": "2090985813",
            "user name": "Lyons_LP",
            "content": "太没品了",
            "time": "14-4-1 08:22"
        },
        {
            "comment id": 59,
            "parent": -1,
            "children": [],
            "user id": "2128357384",
            "user name": "周周-zcl",
            "content": "那是警察叔叔借文章的道歉声明写个那些酒驾的孩子们的",
            "time": "14-4-1 08:22"
        },
        {
            "comment id": 60,
            "parent": -1,
            "children": [],
            "user id": "5075752500",
            "user name": "不一样的烟火005_279",
            "content": "什么臭男人",
            "time": "14-4-1 08:22"
        },
        {
            "comment id": 61,
            "parent": -1,
            "children": [],
            "user id": "3283862905",
            "user name": "阿加西哒",
            "content": "又被骗了！",
            "time": "14-4-1 08:21"
        },
        {
            "comment id": 62,
            "parent": -1,
            "children": [],
            "user id": "3655908482",
            "user name": "大琳爱健身",
            "content": "郁闷。",
            "time": "14-4-1 08:21"
        },
        {
            "comment id": 63,
            "parent": -1,
            "children": [],
            "user id": "2653514943",
            "user name": "是莹莹姐没错-",
            "content": "",
            "time": "14-4-1 08:21"
        },
        {
            "comment id": 64,
            "parent": -1,
            "children": [],
            "user id": "3683853660",
            "user name": "大无嘴猫",
            "content": "借别人的文字来表达自己的感受难道不可以吗 有没有诚意不是看说的要看以后的行动 给他一次机会 不要因为我们毁了别人的家庭 让该原谅的原谅 该忘的忘 四月 又是新的开始",
            "time": "14-4-1 08:20"
        },
        {
            "comment id": 65,
            "parent": -1,
            "children": [],
            "user id": "2410272162",
            "user name": "隔离是-山哥",
            "content": "你妹夫，人家干嘛'干你叼事啊。别在这里落井下石。。。。",
            "time": "14-4-1 08:19"
        }
    ]
}