{
    "source": {
        "content": "#周一见#你们都在刷着文章，马伊利，可你们知道么？文章@文章 的声明是抄袭高晓松@高晓松 的。 ",
        "time": "14-3-31 12:48",
        "user id": "1708613013",
        "tweet id": "ADvH06QaG",
        "label": 1,
        "theme": "文体娱乐"
    },
    "comment": [
        {
            "comment id": 0,
            "parent": -1,
            "children": [],
            "user id": "3313827517",
            "user name": "我的理想是一梦天亮",
            "content": "回复@我叫Tiffany:我觉得你应该看一看@交警刘小川 的微博，他已经说了这是用来警示醉驾的人，不是高晓松写的！！！",
            "time": "14-4-2 15:15"
        },
        {
            "comment id": 1,
            "parent": -1,
            "children": [],
            "user id": "3313827517",
            "user name": "我的理想是一梦天亮",
            "content": "已证实为不实微博，现在你还不删除，是在等转发过500吗！！！",
            "time": "14-4-2 15:13"
        },
        {
            "comment id": 2,
            "parent": -1,
            "children": [],
            "user id": "2108067623",
            "user name": "卖仙剑的酒剑仙",
            "content": "等过了500，看你如何收场！",
            "time": "14-3-31 23:23"
        },
        {
            "comment id": 3,
            "parent": -1,
            "children": [],
            "user id": "1762158925",
            "user name": "Yueyueeeeeeeee",
            "content": "弱爆了，到现在都没有出来道歉的诚意和担当",
            "time": "14-3-31 23:17"
        },
        {
            "comment id": 4,
            "parent": -1,
            "children": [],
            "user id": "1111342264",
            "user name": "P民大忽悠",
            "content": "老高，求证@高晓松 ",
            "time": "14-3-31 21:23"
        },
        {
            "comment id": 5,
            "parent": -1,
            "children": [],
            "user id": "1427276565",
            "user name": "Littlecookiee",
            "content": "@最爱酸辣土豆丝 @乐海无边-冲果 @鬼迷心窍28 @水滴爱米修 @紫禁城里的格格四九儿城里的妞妞 嚯这个都抄",
            "time": "14-3-31 20:46"
        },
        {
            "comment id": 6,
            "parent": -1,
            "children": [],
            "user id": "1907998142",
            "user name": "_罗苑苑",
            "content": "",
            "time": "14-3-31 19:08"
        },
        {
            "comment id": 7,
            "parent": -1,
            "children": [],
            "user id": "2528690385",
            "user name": "奋斗中的恩哲",
            "content": "@足球上海滩姬宇阳 原来是抄袭的啊@方正宇 ",
            "time": "14-3-31 18:37"
        },
        {
            "comment id": 8,
            "parent": -1,
            "children": [],
            "user id": "1993186082",
            "user name": "你叫漏小漏",
            "content": "@蛋筒筒蛋 @stefsue 来看热闹",
            "time": "14-3-31 15:55"
        },
        {
            "comment id": 9,
            "parent": -1,
            "children": [],
            "user id": "1783538277",
            "user name": "玛丝达士",
            "content": "你怎么也是个公众人物吧，事情都没搞清楚就急急忙忙发微博想要借此机会火一把？这恰好证明了大哥你没念过几年书素质低到不行好吗？文章再怎么找小三，也比你这种无事生非的人强。回家洗洗睡吧，长那逼样。",
            "time": "14-3-31 15:18"
        },
        {
            "comment id": 10,
            "parent": -1,
            "children": [],
            "user id": "2710332894",
            "user name": "没事玩玩肚子",
            "content": "三流瘪三靠这个恶搞就能火了？",
            "time": "14-3-31 15:13"
        },
        {
            "comment id": 11,
            "parent": -1,
            "children": [],
            "user id": "2644832007",
            "user name": "86年滴白开水",
            "content": "看来我们对文章的喜爱只是因为剧情，与他本人无关！",
            "time": "14-3-31 14:29"
        },
        {
            "comment id": 12,
            "parent": -1,
            "children": [],
            "user id": "2061390071",
            "user name": "有翅膀的黑馒头",
            "content": "",
            "time": "14-3-31 14:21"
        },
        {
            "comment id": 13,
            "parent": -1,
            "children": [],
            "user id": "1280844983",
            "user name": "鲁青未",
            "content": "不大相信这是真的，恐怕是恶搞",
            "time": "14-3-31 14:21"
        },
        {
            "comment id": 14,
            "parent": -1,
            "children": [],
            "user id": "2511824211",
            "user name": "Jessica小小姐Z",
            "content": " @Minoz和妍悦色大爱鱼饼君",
            "time": "14-3-31 14:13"
        },
        {
            "comment id": 15,
            "parent": -1,
            "children": [],
            "user id": "1224016560",
            "user name": "麦卡PULP",
            "content": "回复@李璇R9:",
            "time": "14-3-31 14:10"
        },
        {
            "comment id": 16,
            "parent": -1,
            "children": [],
            "user id": "2446260224",
            "user name": "mina米",
            "content": "博主你还是把这条删了重发吧，主要是您@ 错人啦，对那位好的文章影响不好，重新发",
            "time": "14-3-31 13:40"
        },
        {
            "comment id": 17,
            "parent": -1,
            "children": [],
            "user id": "1434372237",
            "user name": "一个神枪手008",
            "content": "@颜家小多 @薄荷雪碧sally @Lu璐Lu璐lulu ",
            "time": "14-3-31 13:36"
        },
        {
            "comment id": 18,
            "parent": -1,
            "children": [],
            "user id": "2112167765",
            "user name": "吃饱的时候我不饿",
            "content": " @常医生999",
            "time": "14-3-31 13:36"
        },
        {
            "comment id": 19,
            "parent": -1,
            "children": [],
            "user id": "2365274395",
            "user name": "PZYshenhua",
            "content": "丫的提前过愚人节了? @团__团",
            "time": "14-3-31 13:34"
        },
        {
            "comment id": 20,
            "parent": -1,
            "children": [],
            "user id": "1785555107",
            "user name": "heartbreakerex",
            "content": "油 不要脸",
            "time": "14-3-31 13:33"
        },
        {
            "comment id": 21,
            "parent": -1,
            "children": [],
            "user id": "1721297761",
            "user name": "李璇R9",
            "content": "回复@麦卡PULP:哦，幸亏，要不然这哥们除了出家就真没别的活路了。",
            "time": "14-3-31 13:32"
        },
        {
            "comment id": 22,
            "parent": -1,
            "children": [],
            "user id": "2659988422",
            "user name": "加苏尔JasuR",
            "content": "这么酷",
            "time": "14-3-31 13:30"
        },
        {
            "comment id": 23,
            "parent": -1,
            "children": [],
            "user id": "2072109055",
            "user name": "是杰伦啊",
            "content": "@南都娱乐周刊",
            "time": "14-3-31 13:28"
        },
        {
            "comment id": 24,
            "parent": -1,
            "children": [],
            "user id": "3207569432",
            "user name": "爱大东北的东北大姑娘",
            "content": "回复@王小仙-seven:啥玩意？？我操他妈",
            "time": "14-3-31 13:27"
        },
        {
            "comment id": 25,
            "parent": -1,
            "children": [],
            "user id": "3592182287",
            "user name": "Wonlay",
            "content": "[好棒][好棒][好棒]你真棒，服→_→",
            "time": "14-3-31 13:27"
        },
        {
            "comment id": 26,
            "parent": -1,
            "children": [],
            "user id": "1767974212",
            "user name": "王小贱WS",
            "content": "贵圈真乱~//@小瓦名字不能长: 作为@晓说morningcall 忠实粉不能忍//@贾岩峰Jelena:如果真是这样，我就只能呵呵加上呸了！",
            "time": "14-3-31 13:26"
        },
        {
            "comment id": 27,
            "parent": -1,
            "children": [],
            "user id": "1793708941",
            "user name": "条纹香帅",
            "content": " @里里里一慢   好可怕。😱😱",
            "time": "14-3-31 13:26"
        },
        {
            "comment id": 28,
            "parent": -1,
            "children": [],
            "user id": "3637304295",
            "user name": "cchww2223",
            "content": "删了吧  消息是假的 已辟谣",
            "time": "14-3-31 13:25"
        },
        {
            "comment id": 29,
            "parent": -1,
            "children": [],
            "user id": "2126495914",
            "user name": "哈里菠菜的菜",
            "content": "29，还差471。。。。",
            "time": "14-3-31 13:25"
        },
        {
            "comment id": 30,
            "parent": -1,
            "children": [],
            "user id": "1717876461",
            "user name": "亚特兰蒂斯后裔",
            "content": "我擦  文章呀文章  连点诚意都没 道歉书都要抄袭？ 司令白爱你了  @马伊琍",
            "time": "14-3-31 13:25"
        },
        {
            "comment id": 31,
            "parent": -1,
            "children": [],
            "user id": "2670436701",
            "user name": "王小欠-Seven",
            "content": "@冷静Nice",
            "time": "14-3-31 13:24"
        },
        {
            "comment id": 32,
            "parent": -1,
            "children": [],
            "user id": "2963797042",
            "user name": "梅罗后姆巴佩",
            "content": "根本没有一点诚心！文章这下你真的完了！",
            "time": "14-3-31 13:23"
        },
        {
            "comment id": 33,
            "parent": -1,
            "children": [],
            "user id": "2301460761",
            "user name": "小太阳_公主的武装",
            "content": "这也能抄",
            "time": "14-3-31 13:21"
        },
        {
            "comment id": 34,
            "parent": -1,
            "children": [],
            "user id": "2968363975",
            "user name": "khunnie0126-",
            "content": "回复@khunnie是兔兔:@文章同學",
            "time": "14-3-31 13:19"
        },
        {
            "comment id": 35,
            "parent": -1,
            "children": [],
            "user id": "2968363975",
            "user name": "khunnie0126-",
            "content": "长点心吧孩纸",
            "time": "14-3-31 13:19"
        },
        {
            "comment id": 36,
            "parent": -1,
            "children": [],
            "user id": "1800418752",
            "user name": "jing子仙女",
            "content": "回复@纯子c:简直...机智！！",
            "time": "14-3-31 13:19"
        },
        {
            "comment id": 37,
            "parent": -1,
            "children": [],
            "user id": "2479200827",
            "user name": "纯子c",
            "content": "@A-S-lucky蓓 @Z赵Z静子 @",
            "time": "14-3-31 13:17"
        },
        {
            "comment id": 38,
            "parent": -1,
            "children": [],
            "user id": "3873376957",
            "user name": "cc三岁半",
            "content": "，，，",
            "time": "14-3-31 13:16"
        },
        {
            "comment id": 39,
            "parent": -1,
            "children": [],
            "user id": "3261911854",
            "user name": "__wsien",
            "content": "世上还有好男人吗",
            "time": "14-3-31 13:16"
        },
        {
            "comment id": 40,
            "parent": -1,
            "children": [],
            "user id": "1865198013",
            "user name": "一个人嘚矢眠",
            "content": "我擦，会写致歉信吗，擦这还有超的，什么态度",
            "time": "14-3-31 13:16"
        },
        {
            "comment id": 41,
            "parent": -1,
            "children": [],
            "user id": "1805267882",
            "user name": "胖子也是妞",
            "content": "老师没教你抄作文得去头去尾不动声色嚒？",
            "time": "14-3-31 13:11"
        },
        {
            "comment id": 42,
            "parent": -1,
            "children": [],
            "user id": "1708613013",
            "user name": "动作替身二宝",
            "content": "回复@夜场驻场外援kivin:仔细去看那一条微博",
            "time": "14-3-31 13:11"
        },
        {
            "comment id": 43,
            "parent": -1,
            "children": [],
            "user id": "3172955470",
            "user name": "禾牙--Lin",
            "content": "假的好不好！！sb",
            "time": "14-3-31 13:11"
        },
        {
            "comment id": 44,
            "parent": -1,
            "children": [],
            "user id": "5078311749",
            "user name": "陆斌-影视剧现场制片",
            "content": "回复@演员荣洋:哦，是嘛？？？？？？？？",
            "time": "14-3-31 13:10"
        },
        {
            "comment id": 45,
            "parent": -1,
            "children": [],
            "user id": "3522716830",
            "user name": "嘛丽嘛丽嘛丽虹",
            "content": "@金棉签 @我是普云芳 @马晶晶忘東忘西卻忘不了你",
            "time": "14-3-31 13:10"
        },
        {
            "comment id": 46,
            "parent": -1,
            "children": [],
            "user id": "2186422813",
            "user name": "精分少女瑋小寶",
            "content": "TMD，文章怎么一点诚意都没有！！！！",
            "time": "14-3-31 13:09"
        },
        {
            "comment id": 47,
            "parent": -1,
            "children": [],
            "user id": "1708613013",
            "user name": "动作替身二宝",
            "content": "回复@夜场驻场外援kivin:我压根就没护文章，只是你没看懂那条微博而已",
            "time": "14-3-31 13:08"
        },
        {
            "comment id": 48,
            "parent": -1,
            "children": [],
            "user id": "2858060632",
            "user name": "GOLF_齐霁",
            "content": "在这之前确实看到过",
            "time": "14-3-31 13:07"
        },
        {
            "comment id": 49,
            "parent": -1,
            "children": [],
            "user id": "1766676445",
            "user name": "Liuliuliu_66",
            "content": "简直。。。",
            "time": "14-3-31 13:06"
        },
        {
            "comment id": 50,
            "parent": -1,
            "children": [],
            "user id": "3842682388",
            "user name": "小胡今年买房了么",
            "content": "已证为假",
            "time": "14-3-31 13:06"
        },
        {
            "comment id": 51,
            "parent": -1,
            "children": [],
            "user id": "5078311749",
            "user name": "陆斌-影视剧现场制片",
            "content": "回复@演员荣洋:你也太没立场了。",
            "time": "14-3-31 13:06"
        },
        {
            "comment id": 52,
            "parent": -1,
            "children": [],
            "user id": "2674874873",
            "user name": "子翡漁",
            "content": "这下真知道了",
            "time": "14-3-31 13:06"
        },
        {
            "comment id": 53,
            "parent": -1,
            "children": [],
            "user id": "3079238411",
            "user name": "那天边的云wqq",
            "content": "无语了",
            "time": "14-3-31 13:05"
        },
        {
            "comment id": 54,
            "parent": -1,
            "children": [],
            "user id": "1708613013",
            "user name": "动作替身二宝",
            "content": "对于文章，我只能说：呵呵。",
            "time": "14-3-31 13:04"
        },
        {
            "comment id": 55,
            "parent": -1,
            "children": [],
            "user id": "5078311749",
            "user name": "陆斌-影视剧现场制片",
            "content": "你这斯一个多小时前还护着文章，现在又贬他还真是极品啊。@演员荣洋",
            "time": "14-3-31 13:04"
        },
        {
            "comment id": 56,
            "parent": -1,
            "children": [],
            "user id": "3854634715",
            "user name": "木边有对叶",
            "content": "超级没诚意 表示不想说什么了",
            "time": "14-3-31 12:59"
        },
        {
            "comment id": 57,
            "parent": -1,
            "children": [],
            "user id": "3942931253",
            "user name": "庄生公子",
            "content": "竟然几乎一模一样，让我@文章同學 们如何相信你！",
            "time": "14-3-31 12:58"
        },
        {
            "comment id": 58,
            "parent": -1,
            "children": [],
            "user id": "1914713713",
            "user name": "Vogonpoet",
            "content": "高晓松那是假的 已经证实了",
            "time": "14-3-31 12:53"
        }
    ]
}