{
    "source": {
        "content": "#文章抄袭#听说@文章同学 道歉贴是抄袭@高晓松 的，这是什么节奏啊，我只想对你说:\"文章同学你肥皂掉了……\"[挖鼻屎]#周一见# ",
        "time": "14-3-31 13:26",
        "user id": "1353171580",
        "tweet id": "ADvWk6u64",
        "label": 1,
        "theme": "文体娱乐"
    },
    "comment": [
        {
            "comment id": 0,
            "parent": -1,
            "children": [],
            "user id": "2727097933",
            "user name": "寒假作业还没动笔的妹紙",
            "content": "回复@小呀呀儿围脖:你是青山出来的",
            "time": "14-11-5 20:51"
        },
        {
            "comment id": 1,
            "parent": -1,
            "children": [],
            "user id": "3155237665",
            "user name": "小丫丫儿微博",
            "content": "回复@颈痛:你有病啊。神经病医院出来的么",
            "time": "14-10-27 17:11"
        },
        {
            "comment id": 2,
            "parent": -1,
            "children": [],
            "user id": "2727097933",
            "user name": "寒假作业还没动笔的妹紙",
            "content": "回复@小呀呀儿围脖:打飞你",
            "time": "14-10-25 17:36"
        },
        {
            "comment id": 3,
            "parent": -1,
            "children": [],
            "user id": "3155237665",
            "user name": "小丫丫儿微博",
            "content": "回复@颈痛:看不看关你么事啊",
            "time": "14-10-22 11:05"
        },
        {
            "comment id": 4,
            "parent": -1,
            "children": [],
            "user id": "2905582417",
            "user name": "太阳下的小仙女",
            "content": "好笑就是了差不多得了至于吗",
            "time": "14-4-11 05:52"
        },
        {
            "comment id": 5,
            "parent": -1,
            "children": [],
            "user id": "3220569367",
            "user name": "手机用户3220569367",
            "content": "喂！神经病二缺啊！你考虑下孩子行吗？他们伤害多大啊！造谣个屁！",
            "time": "14-4-8 19:36"
        },
        {
            "comment id": 6,
            "parent": -1,
            "children": [],
            "user id": "2443039414",
            "user name": "listen1988story",
            "content": "文章出轨～因为矛盾冲突割划感情，时间冲淡着感情～然后就想找个人！就这么简单！你们明白了吗？就像你有尿得去释放～不然你会被憋死！ 就像初恋时骚动释放了你自己！！！没有估计到将来结婚的那位一样！我们都一样！！！只是个时间差问题！ 你都无耻了，还装逼说尼玛人家，更没人性！",
            "time": "14-4-8 11:25"
        },
        {
            "comment id": 7,
            "parent": -1,
            "children": [],
            "user id": "2264152060",
            "user name": "滋滋岩烤小火鸡",
            "content": "但我觉得你还挺有才的",
            "time": "14-4-7 21:13"
        },
        {
            "comment id": 8,
            "parent": -1,
            "children": [],
            "user id": "1759826071",
            "user name": "晓言blog",
            "content": "道歉还需要 抄袭么？你以为 高某跟你犯同个错误啊？ 真没诚意的道歉",
            "time": "14-4-6 14:34"
        },
        {
            "comment id": 9,
            "parent": -1,
            "children": [],
            "user id": "2141227651",
            "user name": "G微溦",
            "content": "哈哈哈",
            "time": "14-4-6 13:42"
        },
        {
            "comment id": 10,
            "parent": -1,
            "children": [],
            "user id": "1797009472",
            "user name": "-大粒兜兜",
            "content": "肥皂掉了是什么意思",
            "time": "14-4-6 10:14"
        },
        {
            "comment id": 11,
            "parent": -1,
            "children": [],
            "user id": "3037015172",
            "user name": "wananyzjyy",
            "content": " @JO-JOyang",
            "time": "14-4-6 09:47"
        },
        {
            "comment id": 12,
            "parent": -1,
            "children": [],
            "user id": "3164685801",
            "user name": "Adam--WW",
            "content": "Ta要红。",
            "time": "14-4-5 21:30"
        },
        {
            "comment id": 13,
            "parent": -1,
            "children": [],
            "user id": "3799142175",
            "user name": "西安十四哥",
            "content": "这是娱乐频道",
            "time": "14-4-5 20:13"
        },
        {
            "comment id": 14,
            "parent": -1,
            "children": [],
            "user id": "2919973453",
            "user name": "七个西西",
            "content": "掉粉的节奏。",
            "time": "14-4-4 23:37"
        },
        {
            "comment id": 15,
            "parent": -1,
            "children": [],
            "user id": "2558280852",
            "user name": "寧願百毒不侵也決不軟弱",
            "content": "转发微博",
            "time": "14-4-4 23:07"
        },
        {
            "comment id": 16,
            "parent": -1,
            "children": [],
            "user id": "3502386403",
            "user name": "Berg321",
            "content": "诋毁有意思么？",
            "time": "14-4-4 13:18"
        },
        {
            "comment id": 17,
            "parent": -1,
            "children": [],
            "user id": "2285764531",
            "user name": "小太阳cs1225",
            "content": "转发微博",
            "time": "14-4-4 07:46"
        },
        {
            "comment id": 18,
            "parent": -1,
            "children": [],
            "user id": "2591019604",
            "user name": "安河桥下那清澈的水",
            "content": "你他妈真是个人才",
            "time": "14-4-3 17:30"
        },
        {
            "comment id": 19,
            "parent": -1,
            "children": [],
            "user id": "3624521024",
            "user name": "御坂美琴19009号",
            "content": "- -我真笑了.下面那么多傻子呢.这事早就澄清了.高晓松那个是编的.读的顺溜吗觉得?",
            "time": "14-4-3 13:55"
        },
        {
            "comment id": 20,
            "parent": -1,
            "children": [],
            "user id": "3826415749",
            "user name": "蓝倾梓莫",
            "content": "会创造版本人类 真累",
            "time": "14-4-3 13:27"
        },
        {
            "comment id": 21,
            "parent": -1,
            "children": [],
            "user id": "3826415749",
            "user name": "蓝倾梓莫",
            "content": "不是人家文章事多  都是你们讲出来的 一个比一个牛",
            "time": "14-4-3 13:27"
        },
        {
            "comment id": 22,
            "parent": -1,
            "children": [],
            "user id": "2351953735",
            "user name": "老奶奶只爱老公公",
            "content": "回复@豆先生你好:这个我看了，我觉得他连道个歉都是那么高姿态，趾高气扬的，一点悔改之心都没有的，最后一句让人更无语，没想到居然还是抄袭的，，",
            "time": "14-4-2 22:35"
        },
        {
            "comment id": 23,
            "parent": -1,
            "children": [],
            "user id": "3251020624",
            "user name": "李x鲜s生",
            "content": "一个傻逼，我只想说，你妈比轮了",
            "time": "14-4-2 17:05"
        },
        {
            "comment id": 24,
            "parent": -1,
            "children": [],
            "user id": "1914651933",
            "user name": "一颗子弹c",
            "content": "回复@沈个学:快打个电话给我",
            "time": "14-4-2 12:37"
        },
        {
            "comment id": 25,
            "parent": -1,
            "children": [],
            "user id": "1844233653",
            "user name": "含笑巷三少",
            "content": "高晓松加油！",
            "time": "14-4-2 11:37"
        },
        {
            "comment id": 26,
            "parent": -1,
            "children": [],
            "user id": "2601736967",
            "user name": "張偉獎門人",
            "content": "瓜货一个",
            "time": "14-4-2 07:39"
        },
        {
            "comment id": 27,
            "parent": -1,
            "children": [],
            "user id": "2925711971",
            "user name": "hello兔子菌",
            "content": "抄袭狗",
            "time": "14-4-2 01:04"
        },
        {
            "comment id": 28,
            "parent": -1,
            "children": [],
            "user id": "1838316570",
            "user name": "钱多多招财",
            "content": "回复@北鼻_33:这 是逍遥的",
            "time": "14-4-2 00:25"
        },
        {
            "comment id": 29,
            "parent": -1,
            "children": [],
            "user id": "2137758107",
            "user name": "大米米先生-BigRice",
            "content": "回复@Miss大大耳朵有福气:这早都澄清了好吗",
            "time": "14-4-2 00:23"
        },
        {
            "comment id": 30,
            "parent": -1,
            "children": [],
            "user id": "2339102265",
            "user name": "啊呜_Zxx",
            "content": "@大米米作息要规律起来了",
            "time": "14-4-2 00:06"
        },
        {
            "comment id": 31,
            "parent": -1,
            "children": [],
            "user id": "1863423735",
            "user name": "車厘子Cherrybaby",
            "content": "回复@圆脸妹阿青:哈哈，不管他們的事，你分析一下成龍跟文章的錯，我只會有一句感嘆，成龍真幸運，那時候的網絡不普及。",
            "time": "14-4-1 22:40"
        },
        {
            "comment id": 32,
            "parent": -1,
            "children": [],
            "user id": "1863423735",
            "user name": "車厘子Cherrybaby",
            "content": "回复@璐璐萨:以後姚笛還有戲出來的話，大家組織去砸了發佈會記得叫上我",
            "time": "14-4-1 22:36"
        },
        {
            "comment id": 33,
            "parent": -1,
            "children": [],
            "user id": "1863423735",
            "user name": "車厘子Cherrybaby",
            "content": "其實，是出自同一個笨蛋經紀的手",
            "time": "14-4-1 22:34"
        },
        {
            "comment id": 34,
            "parent": -1,
            "children": [],
            "user id": "3607226057",
            "user name": "点儿21",
            "content": "舆论真可怕，越传越离谱",
            "time": "14-4-1 22:07"
        },
        {
            "comment id": 35,
            "parent": -1,
            "children": [],
            "user id": "1825300322",
            "user name": "陈老板欠我一顿饭",
            "content": "傻逼一样，别乱事好么，傻叼",
            "time": "14-4-1 21:42"
        },
        {
            "comment id": 36,
            "parent": -1,
            "children": [],
            "user id": "2665411911",
            "user name": "Laiao-Messi",
            "content": "@Barry072 ",
            "time": "14-4-1 21:15"
        },
        {
            "comment id": 37,
            "parent": -1,
            "children": [],
            "user id": "2232030590",
            "user name": "砒霜乙女",
            "content": "高晓松的文本格式发专利喇?这算什么抄袭高级黑",
            "time": "14-4-1 18:20"
        },
        {
            "comment id": 38,
            "parent": -1,
            "children": [],
            "user id": "2983668230",
            "user name": "InteRnAlmEmoRy_",
            "content": "伙计。准备开门吧。",
            "time": "14-4-1 17:52"
        },
        {
            "comment id": 39,
            "parent": -1,
            "children": [],
            "user id": "2727097933",
            "user name": "寒假作业还没动笔的妹紙",
            "content": "回复@北鼻_33:随便你",
            "time": "14-4-1 17:09"
        },
        {
            "comment id": 40,
            "parent": -1,
            "children": [],
            "user id": "1642278647",
            "user name": "乌拉_wh",
            "content": "你们都是好学生啊，没写过检讨。这个东西不都一个格式吗？",
            "time": "14-4-1 16:44"
        },
        {
            "comment id": 41,
            "parent": -1,
            "children": [],
            "user id": "2863899612",
            "user name": "蒋东晟啊",
            "content": "傻子[呵呵]人家写什么管你卵事  你有申请专利?",
            "time": "14-4-1 13:31"
        },
        {
            "comment id": 42,
            "parent": -1,
            "children": [],
            "user id": "1732548937",
            "user name": "璐璐萨",
            "content": "回复@LifeApart:我从来没觉得姚笛可怜啊，她这种烂货命该如此。",
            "time": "14-4-1 13:17"
        },
        {
            "comment id": 43,
            "parent": -1,
            "children": [],
            "user id": "1739651893",
            "user name": "北鼻_33",
            "content": "回复@颈痛:管好自己就得啦，广州人唔会撩是斗非的",
            "time": "14-4-1 13:16"
        },
        {
            "comment id": 44,
            "parent": -1,
            "children": [],
            "user id": "3790911195",
            "user name": "CUIYAN快到碗里来",
            "content": "假的别信 当年他只写了七个字！！！",
            "time": "14-4-1 13:07"
        },
        {
            "comment id": 45,
            "parent": -1,
            "children": [],
            "user id": "2150573683",
            "user name": "慢慢_Miss",
            "content": "回复@小虾米909:简直无语了，真想痛骂呀",
            "time": "14-4-1 13:03"
        },
        {
            "comment id": 46,
            "parent": -1,
            "children": [],
            "user id": "3046589501",
            "user name": "一粒小芋圆儿",
            "content": "@吴华玲_joong @JY-蒋妍 @明洙xi @betterme吗 @David大伟吴",
            "time": "14-4-1 12:59"
        },
        {
            "comment id": 47,
            "parent": -1,
            "children": [],
            "user id": "2018158581",
            "user name": "小虾米909",
            "content": "回复@Little_Z-:我往天看到了  他真的不愧是演员  他跟姚贱人不得好报",
            "time": "14-4-1 12:29"
        },
        {
            "comment id": 48,
            "parent": -1,
            "children": [],
            "user id": "1346489415",
            "user name": "SummerOnly06",
            "content": "@歌撕啦 @cloudy慢三头 ",
            "time": "14-4-1 12:21"
        },
        {
            "comment id": 49,
            "parent": -1,
            "children": [],
            "user id": "2433561505",
            "user name": "chenxffy",
            "content": "高晓松当年只手写了七个字的道歉。找到这篇文章误传的出处了，是一位交警。",
            "time": "14-4-1 11:50"
        },
        {
            "comment id": 50,
            "parent": -1,
            "children": [],
            "user id": "3717879485",
            "user name": "只是风呀",
            "content": "回复@北鼻_33:。。。。。。。",
            "time": "14-4-1 11:41"
        },
        {
            "comment id": 51,
            "parent": -1,
            "children": [],
            "user id": "1881732784",
            "user name": "AnnetteLu",
            "content": "戏子的眼泪和道歉，不值钱的啊，不用那么认真。",
            "time": "14-4-1 11:36"
        },
        {
            "comment id": 52,
            "parent": -1,
            "children": [],
            "user id": "1450541352",
            "user name": "胖丁胖胖胖可丁",
            "content": "回复@-梁面面:你咋没用电脑上",
            "time": "14-4-1 10:50"
        },
        {
            "comment id": 53,
            "parent": -1,
            "children": [],
            "user id": "1650687192",
            "user name": "-梁面面",
            "content": "回复@LiuQianqianwys:咋啦~[挖鼻屎]",
            "time": "14-4-1 10:50"
        },
        {
            "comment id": 54,
            "parent": -1,
            "children": [],
            "user id": "1450541352",
            "user name": "胖丁胖胖胖可丁",
            "content": "回复@-梁面面:对啊。~~~ 你又在外面么打牛姐姐",
            "time": "14-4-1 10:46"
        },
        {
            "comment id": 55,
            "parent": -1,
            "children": [],
            "user id": "1650687192",
            "user name": "-梁面面",
            "content": "回复@LiuQianqianwys:是的！道歉还抄！太极品了。",
            "time": "14-4-1 10:46"
        },
        {
            "comment id": 56,
            "parent": -1,
            "children": [],
            "user id": "1450541352",
            "user name": "胖丁胖胖胖可丁",
            "content": "回复@-梁面面:太不要脸了。！！",
            "time": "14-4-1 10:43"
        },
        {
            "comment id": 57,
            "parent": -1,
            "children": [],
            "user id": "1650687192",
            "user name": "-梁面面",
            "content": "回复@LiuQianqianwys:我靠。渣男！",
            "time": "14-4-1 10:33"
        },
        {
            "comment id": 58,
            "parent": -1,
            "children": [],
            "user id": "2436067140",
            "user name": "Lip_Pink",
            "content": "回复@深藏功与名的雪菊:已经证实是假消息，高晓松的原文只有7个字，这个是网友捏造的",
            "time": "14-4-1 10:33"
        },
        {
            "comment id": 59,
            "parent": -1,
            "children": [],
            "user id": "2289941924",
            "user name": "深藏功与名的雪菊",
            "content": " @Lip_Pink",
            "time": "14-4-1 10:31"
        },
        {
            "comment id": 60,
            "parent": -1,
            "children": [],
            "user id": "2639206247",
            "user name": "Winnie青-",
            "content": "这些记着就是趁这个时候造谣想把文章拉下来撒。我看你们才是火上浇油，最贱的就是你们，别让文章有翻身的时候。",
            "time": "14-4-1 09:43"
        },
        {
            "comment id": 61,
            "parent": -1,
            "children": [],
            "user id": "1658665672",
            "user name": "一一Ethan一一",
            "content": "好无聊的人啊",
            "time": "14-4-1 09:10"
        },
        {
            "comment id": 62,
            "parent": -1,
            "children": [],
            "user id": "1848991275",
            "user name": "WANXUEYANG",
            "content": "滚  sb  没事找事 死全家",
            "time": "14-4-1 09:05"
        },
        {
            "comment id": 63,
            "parent": -1,
            "children": [],
            "user id": "3885286049",
            "user name": "寒小熙smile",
            "content": "真心服气了……这是想独占头条的节奏啊！闹哪样！",
            "time": "14-4-1 08:39"
        },
        {
            "comment id": 64,
            "parent": -1,
            "children": [],
            "user id": "1907614521",
            "user name": "圈吖圈呐圈阿圈",
            "content": "回复@vinette:骂媒体么？我没看，他是不打算干了么？",
            "time": "14-4-1 08:36"
        },
        {
            "comment id": 65,
            "parent": -1,
            "children": [],
            "user id": "1289627430",
            "user name": "VINETTTEEE",
            "content": "回复@圈吖圈呐圈阿圈:最新发的才叫傻逼………",
            "time": "14-4-1 08:35"
        },
        {
            "comment id": 66,
            "parent": -1,
            "children": [],
            "user id": "2619848101",
            "user name": "阎帥武",
            "content": "松哥好文笔！",
            "time": "14-4-1 08:22"
        },
        {
            "comment id": 67,
            "parent": -1,
            "children": [],
            "user id": "1907614521",
            "user name": "圈吖圈呐圈阿圈",
            "content": "回复@vinette:哈哈哈哈哈！他的公关能再傻逼一点么",
            "time": "14-4-1 07:45"
        },
        {
            "comment id": 68,
            "parent": -1,
            "children": [],
            "user id": "2413196541",
            "user name": "喝不饱的鸡汤",
            "content": "像这种趁乱造谣的人，心理都是扭曲变态的。呵呵你一脸，他妈的怎么好意思活下来？",
            "time": "14-4-1 07:38"
        },
        {
            "comment id": 69,
            "parent": -1,
            "children": [],
            "user id": "5038709018",
            "user name": "我有句略略略要讲",
            "content": "贱+",
            "time": "14-4-1 07:36"
        },
        {
            "comment id": 70,
            "parent": -1,
            "children": [],
            "user id": "2719824871",
            "user name": "看不清累眼睛",
            "content": "转发微博",
            "time": "14-4-1 07:24"
        },
        {
            "comment id": 71,
            "parent": -1,
            "children": [],
            "user id": "2028037163",
            "user name": "原来你是绿绿",
            "content": "回复@我只是nick:不实消息 已处理",
            "time": "14-4-1 07:16"
        },
        {
            "comment id": 72,
            "parent": -1,
            "children": [],
            "user id": "1310151031",
            "user name": "赤血书生",
            "content": "回复@球球1121:高晓松当年就写了七个字，手写的:对不起，永不酒驾！",
            "time": "14-4-1 06:59"
        },
        {
            "comment id": 73,
            "parent": -1,
            "children": [],
            "user id": "1310151031",
            "user name": "赤血书生",
            "content": "高晓松当时就写了七个字，手写的。",
            "time": "14-4-1 06:58"
        },
        {
            "comment id": 74,
            "parent": -1,
            "children": [],
            "user id": "2034544015",
            "user name": "孟小彤",
            "content": "真的假的啊",
            "time": "14-4-1 06:41"
        },
        {
            "comment id": 75,
            "parent": -1,
            "children": [],
            "user id": "1026917294",
            "user name": "龍傑老師",
            "content": "检查也是抄袭的，只能说明道歉是不诚恳的。",
            "time": "14-4-1 05:47"
        },
        {
            "comment id": 76,
            "parent": -1,
            "children": [],
            "user id": "1308532111",
            "user name": "我是一柯小虎牙",
            "content": "虽然不是抄袭高，但是文章里辜负的负字有的是繁体有的是简体，也有点可疑",
            "time": "14-4-1 03:44"
        },
        {
            "comment id": 77,
            "parent": -1,
            "children": [],
            "user id": "3276816920",
            "user name": "Baby-娇11",
            "content": "为什么人的嘴脸都这样？难道别人写的就不能是他想说的吗",
            "time": "14-4-1 03:40"
        },
        {
            "comment id": 78,
            "parent": -1,
            "children": [],
            "user id": "1750166234",
            "user name": "叶凡凡1121",
            "content": "文章的道歉信是复制高晓松的，然后稍微的修改一下，连字都不是自己亲手写的，很失望",
            "time": "14-4-1 03:40"
        },
        {
            "comment id": 79,
            "parent": -1,
            "children": [],
            "user id": "5068790732",
            "user name": "LiuBaby520",
            "content": "有多少男人，骂着文章的为人，干着文章的事，又有多少女人，点着马伊琍的赞，接着姚笛的班！真是乌鸦站在猪背上，看得着别人黑，看不见自己黑。当事人都不说什么了，大家这是干什么都跟打了鸡血似的",
            "time": "14-4-1 03:36"
        }
    ]
}