{
    "source": {
        "content": "#文章道歉是否有诚意# 文章同学，你的道歉肿么跟高晓松的酒驾检讨这么像？这这这…你的经纪人造吗？ 文章道歉是否有诚意超话 ",
        "time": "14-3-31 20:20",
        "user id": "1686349447",
        "tweet id": "ADyEsaYGS",
        "label": 1,
        "theme": "文体娱乐"
    },
    "comment": [
        {
            "comment id": 0,
            "parent": -1,
            "children": [],
            "user id": "2534543311",
            "user name": "维qj",
            "content": "回复@要做梦的年纪:天，雷着我了",
            "time": "14-4-1 22:13"
        },
        {
            "comment id": 1,
            "parent": -1,
            "children": [],
            "user id": "3122065104",
            "user name": "智润文化",
            "content": "我们不八卦，只是这两篇相似度太高",
            "time": "14-4-1 15:23"
        },
        {
            "comment id": 2,
            "parent": -1,
            "children": [],
            "user id": "2104111741",
            "user name": "TyHappyEveryday-",
            "content": "转发评论五百博主等着查水表吧 真有意思  人家写个道歉信你也bb",
            "time": "14-4-1 13:11"
        },
        {
            "comment id": 3,
            "parent": -1,
            "children": [],
            "user id": "1775486043",
            "user name": "搞搞晕晕",
            "content": "@我不认识卫斯理",
            "time": "14-4-1 12:33"
        },
        {
            "comment id": 4,
            "parent": -1,
            "children": [],
            "user id": "1775486043",
            "user name": "搞搞晕晕",
            "content": "感觉这比出轨更令人生气  真是一点悔过的意思都没有",
            "time": "14-4-1 12:33"
        },
        {
            "comment id": 5,
            "parent": -1,
            "children": [],
            "user id": "2614021280",
            "user name": "mian_ma",
            "content": "",
            "time": "14-4-1 11:19"
        },
        {
            "comment id": 6,
            "parent": -1,
            "children": [],
            "user id": "2012417265",
            "user name": "葱也不是好惹的",
            "content": "快删吧，都辟谣不是文章抄袭了，已经转发500以上了！",
            "time": "14-4-1 10:22"
        },
        {
            "comment id": 7,
            "parent": -1,
            "children": [],
            "user id": "1850543137",
            "user name": "咕咕米-xi",
            "content": "@Revenge-RR",
            "time": "14-4-1 08:35"
        },
        {
            "comment id": 8,
            "parent": -1,
            "children": [],
            "user id": "1715289453",
            "user name": "Dreamories",
            "content": "这样真的好吗？？顿时无感。",
            "time": "14-4-1 08:34"
        },
        {
            "comment id": 9,
            "parent": -1,
            "children": [],
            "user id": "2637020455",
            "user name": "有理想的小花花",
            "content": "求删！！！",
            "time": "14-4-1 08:23"
        },
        {
            "comment id": 10,
            "parent": -1,
            "children": [],
            "user id": "2906720295",
            "user name": "草莓宋",
            "content": " @八卦_我实在是太CJ了 @扒皮王",
            "time": "14-4-1 00:28"
        },
        {
            "comment id": 11,
            "parent": -1,
            "children": [],
            "user id": "3317553411",
            "user name": "天然饮用",
            "content": "",
            "time": "14-4-1 00:24"
        },
        {
            "comment id": 12,
            "parent": -1,
            "children": [],
            "user id": "2813492107",
            "user name": "没有一米八",
            "content": "转发微博",
            "time": "14-3-31 23:58"
        },
        {
            "comment id": 13,
            "parent": -1,
            "children": [],
            "user id": "2384420263",
            "user name": "抱疯雪",
            "content": "真心成渣男了，你现在认错是真的悔过觉得对不起你老婆孩子还是顾全你以后的演艺生涯觉得必须向群众求个绕以后好翻身？何况你这道歉书还是抄的 服了",
            "time": "14-3-31 23:57"
        },
        {
            "comment id": 14,
            "parent": -1,
            "children": [],
            "user id": "5068275867",
            "user name": "七七七七七爷i",
            "content": "对文章说：其实作为男人出轨很正常但是你能不能不那么正大光明的跑骚啊？ 有想过在家看孩子的老婆么？你自己心里不明白你老婆马伊琍为你付出多少么！你感觉你的道歉信诚恳么？作为女人！ 谁能接受自己的老公自己爱的人还为了他生两个孩子的出轨？你都这样了，马伊琍还要你！真上辈子修来的福！ 珍惜吧",
            "time": "14-3-31 23:49"
        },
        {
            "comment id": 15,
            "parent": -1,
            "children": [],
            "user id": "1962594153",
            "user name": "静水深流狼",
            "content": "抄袭是不对的。",
            "time": "14-3-31 23:38"
        },
        {
            "comment id": 16,
            "parent": -1,
            "children": [],
            "user id": "3164659117",
            "user name": "袁大成呀",
            "content": "你很sb你造吗",
            "time": "14-3-31 23:38"
        },
        {
            "comment id": 17,
            "parent": -1,
            "children": [],
            "user id": "3233954832",
            "user name": "他不快乐了",
            "content": "回复@二乐菌:假的吧",
            "time": "14-3-31 23:33"
        },
        {
            "comment id": 18,
            "parent": -1,
            "children": [],
            "user id": "2483432614",
            "user name": "二乐哈哈哈",
            "content": " @JKS000",
            "time": "14-3-31 23:32"
        },
        {
            "comment id": 19,
            "parent": -1,
            "children": [],
            "user id": "2490450350",
            "user name": "来日方长00000",
            "content": "难道高小松就不会抄人家啊，真是的",
            "time": "14-3-31 23:30"
        },
        {
            "comment id": 20,
            "parent": -1,
            "children": [],
            "user id": "2677616797",
            "user name": "准之锦城",
            "content": "哈哈，亮了！",
            "time": "14-3-31 23:27"
        },
        {
            "comment id": 21,
            "parent": -1,
            "children": [],
            "user id": "1942021514",
            "user name": "RookieNeil",
            "content": "假的。。。删了吧。再传秀智商了",
            "time": "14-3-31 23:11"
        },
        {
            "comment id": 22,
            "parent": -1,
            "children": [],
            "user id": "1807260200",
            "user name": "啊白Bai",
            "content": " @旺仔_兔兔",
            "time": "14-3-31 23:08"
        },
        {
            "comment id": 23,
            "parent": -1,
            "children": [],
            "user id": "1803948743",
            "user name": "那那么走吖走",
            "content": "假的，别传了…",
            "time": "14-3-31 23:06"
        },
        {
            "comment id": 24,
            "parent": -1,
            "children": [],
            "user id": "1734547282",
            "user name": "孙大倩孙大倩",
            "content": "噗..................",
            "time": "14-3-31 23:03"
        },
        {
            "comment id": 25,
            "parent": -1,
            "children": [],
            "user id": "2038163163",
            "user name": "我是李默默的媳妇",
            "content": "握槽！酒驾悔过书？",
            "time": "14-3-31 23:03"
        },
        {
            "comment id": 26,
            "parent": -1,
            "children": [],
            "user id": "2431163851",
            "user name": "神兽胖子要起飞",
            "content": "回复@胡耀耀耀耀男:",
            "time": "14-3-31 22:58"
        },
        {
            "comment id": 27,
            "parent": -1,
            "children": [],
            "user id": "2670757251",
            "user name": "胡耀耀耀耀男",
            "content": "回复@爱妈妈胜过爱自己的胖子狸:莉莉说的对",
            "time": "14-3-31 22:55"
        },
        {
            "comment id": 28,
            "parent": -1,
            "children": [],
            "user id": "1395430627",
            "user name": "美丽西湖",
            "content": "回复@太阳够大够耀眼:#文章辟谣#【“抄袭门”是恶搞】被有人故意误传为“高晓松酒驾”道歉信的微博配图出自这里→_→ 原博主@交警刘小川 只是为了提醒大家不要酒驾，免得出事后追悔莫及！！",
            "time": "14-3-31 22:54"
        },
        {
            "comment id": 29,
            "parent": -1,
            "children": [],
            "user id": "1395430627",
            "user name": "美丽西湖",
            "content": "#文章辟谣#【“抄袭门”是恶搞】被有人故意误传为“高晓松酒驾”道歉信的微博配图出自这里→_→ 原博主@交警刘小川 编出来的。",
            "time": "14-3-31 22:53"
        },
        {
            "comment id": 30,
            "parent": -1,
            "children": [],
            "user id": "2088782495",
            "user name": "不要画bia",
            "content": "智商捉急，已举报",
            "time": "14-3-31 22:53"
        },
        {
            "comment id": 31,
            "parent": -1,
            "children": [],
            "user id": "2239067500",
            "user name": "今天有不废柴吗",
            "content": "这个纷扰的世界···",
            "time": "14-3-31 22:53"
        },
        {
            "comment id": 32,
            "parent": -1,
            "children": [],
            "user id": "2239067500",
            "user name": "今天有不废柴吗",
            "content": "这次纷扰的世界···",
            "time": "14-3-31 22:53"
        },
        {
            "comment id": 33,
            "parent": -1,
            "children": [],
            "user id": "1395430627",
            "user name": "美丽西湖",
            "content": "#文章辟谣#【“抄袭门”是恶搞】被有人故意误传为“高晓松酒驾”道歉信的微博配图出自这里→_→ 原博主@交警刘小川 只是为了提醒大家不要酒驾，免得出事后追悔莫及。",
            "time": "14-3-31 22:52"
        },
        {
            "comment id": 34,
            "parent": -1,
            "children": [],
            "user id": "1959227203",
            "user name": "郝姑娘hmq",
            "content": "诚意？？？？",
            "time": "14-3-31 22:52"
        },
        {
            "comment id": 35,
            "parent": -1,
            "children": [],
            "user id": "1396238707",
            "user name": "围观",
            "content": "谣言转发过500了，删了吧，PO主，否则有牢狱之灾。",
            "time": "14-3-31 22:44"
        },
        {
            "comment id": 36,
            "parent": -1,
            "children": [],
            "user id": "2431163851",
            "user name": "神兽胖子要起飞",
            "content": "回复@胡耀耀耀耀男:哎，反正别人家务事，当事人会找办法解决，我们就该上课上课，该看书看书",
            "time": "14-3-31 22:40"
        },
        {
            "comment id": 37,
            "parent": -1,
            "children": [],
            "user id": "3063393871",
            "user name": "Max街舞小霸王",
            "content": "假的",
            "time": "14-3-31 22:29"
        },
        {
            "comment id": 38,
            "parent": -1,
            "children": [],
            "user id": "2670757251",
            "user name": "胡耀耀耀耀男",
            "content": "回复@爱妈妈胜过爱自己的胖子狸:谁知道呢，娱乐圈乱七八糟 。。。。我也觉得他把姚笛害惨了。",
            "time": "14-3-31 22:29"
        },
        {
            "comment id": 39,
            "parent": -1,
            "children": [],
            "user id": "2035570480",
            "user name": "Nico_小五小五",
            "content": "造谣 转发过五百了 恭喜你喔 你可以定罪了",
            "time": "14-3-31 22:28"
        },
        {
            "comment id": 40,
            "parent": -1,
            "children": [],
            "user id": "2670757251",
            "user name": "胡耀耀耀耀男",
            "content": "回复@爱妈妈胜过爱自己的胖子狸:谁知道呢，娱乐圈乱七八糟 。。。我也觉得他把姚笛害惨了。",
            "time": "14-3-31 22:25"
        },
        {
            "comment id": 41,
            "parent": -1,
            "children": [],
            "user id": "2384867821",
            "user name": "懒蛋蛋大小姐",
            "content": "@换了马甲你还认识我吗",
            "time": "14-3-31 22:22"
        },
        {
            "comment id": 42,
            "parent": -1,
            "children": [],
            "user id": "2870627897",
            "user name": "Dream_LV_ZP",
            "content": "文章，请不要让大家彻底失望 ！",
            "time": "14-3-31 22:22"
        },
        {
            "comment id": 43,
            "parent": -1,
            "children": [],
            "user id": "2530445285",
            "user name": "南橘北宇",
            "content": "不带这么有水平的参考或者模仿哦",
            "time": "14-3-31 22:19"
        },
        {
            "comment id": 44,
            "parent": -1,
            "children": [],
            "user id": "1911511407",
            "user name": "皮皮丁小丁",
            "content": "你不知道真相就发微博，你家人造吗？有病呢，跟风狗",
            "time": "14-3-31 22:18"
        },
        {
            "comment id": 45,
            "parent": -1,
            "children": [],
            "user id": "1277932950",
            "user name": "我亦人间孤独者",
            "content": "麻烦不要以讹传讹。这是@民警刘小川 仿写的文章体，传来传去就成文章抄的了。转发之前，麻烦想想当事人有那么傻？",
            "time": "14-3-31 22:10"
        },
        {
            "comment id": 46,
            "parent": -1,
            "children": [],
            "user id": "2080282045",
            "user name": "你像温柔野兽",
            "content": "@旁人谈情多引诱 太棒了",
            "time": "14-3-31 22:09"
        },
        {
            "comment id": 47,
            "parent": -1,
            "children": [],
            "user id": "1769385593",
            "user name": "KKKoommii",
            "content": "转发过五百 博主看着办吧",
            "time": "14-3-31 22:09"
        },
        {
            "comment id": 48,
            "parent": -1,
            "children": [],
            "user id": "2431163851",
            "user name": "神兽胖子要起飞",
            "content": "回复@胡耀耀耀耀男:高晓松写的不是这个吧？",
            "time": "14-3-31 22:07"
        },
        {
            "comment id": 49,
            "parent": -1,
            "children": [],
            "user id": "2432083760",
            "user name": "Sylvia_mo",
            "content": "回复@赵导的女一号:反正我觉得不是文章亲自写的 也许是助理",
            "time": "14-3-31 22:07"
        },
        {
            "comment id": 50,
            "parent": -1,
            "children": [],
            "user id": "2427200521",
            "user name": "JUAN卷卷二",
            "content": "回复@陶蔓圻:就是，但还是有人怀疑那个道歉是几个人写的，负字出现了5次，三次繁体",
            "time": "14-3-31 22:05"
        },
        {
            "comment id": 51,
            "parent": -1,
            "children": [],
            "user id": "2670331740",
            "user name": "是小欧",
            "content": "别这样好么，博主，这是假的",
            "time": "14-3-31 22:03"
        },
        {
            "comment id": 52,
            "parent": -1,
            "children": [],
            "user id": "2432083760",
            "user name": "Sylvia_mo",
            "content": "回复@赵导的女一号:那还好嘛不然太那个了",
            "time": "14-3-31 22:02"
        },
        {
            "comment id": 53,
            "parent": -1,
            "children": [],
            "user id": "2961673920",
            "user name": "cNEALry",
            "content": "😓",
            "time": "14-3-31 22:01"
        },
        {
            "comment id": 54,
            "parent": -1,
            "children": [],
            "user id": "2427200521",
            "user name": "JUAN卷卷二",
            "content": "回复@陶蔓圻:后面澄清，这个不是，高晓松当时只写了几个字，永不酒驾什么的",
            "time": "14-3-31 22:01"
        },
        {
            "comment id": 55,
            "parent": -1,
            "children": [],
            "user id": "2965494497",
            "user name": "CHENCHECCICA",
            "content": "@T田L艺Y",
            "time": "14-3-31 22:01"
        },
        {
            "comment id": 56,
            "parent": -1,
            "children": [],
            "user id": "1826905513",
            "user name": "晓晓祖儿",
            "content": "高的文笔可能还要到位些哟",
            "time": "14-3-31 22:00"
        },
        {
            "comment id": 57,
            "parent": -1,
            "children": [],
            "user id": "1737014115",
            "user name": "信腾格里",
            "content": "真特么恶心 我觉得丫就是从头到尾不觉得自己错 就是招摇过世给你们看又能奈我何 这才不是道歉而是敷衍 就像开卷考形势与政策 只想速速解决 草草了事罢了",
            "time": "14-3-31 22:00"
        },
        {
            "comment id": 58,
            "parent": -1,
            "children": [],
            "user id": "5091473446",
            "user name": "不被看好的爱哟_883",
            "content": "很有可能啊",
            "time": "14-3-31 22:00"
        },
        {
            "comment id": 59,
            "parent": -1,
            "children": [],
            "user id": "1794456391",
            "user name": "夏至甜",
            "content": " @马开心儿",
            "time": "14-3-31 21:59"
        },
        {
            "comment id": 60,
            "parent": -1,
            "children": [],
            "user id": "2287383631",
            "user name": "Aeng雪碧",
            "content": "哈哈哈！~！举报他",
            "time": "14-3-31 21:56"
        },
        {
            "comment id": 61,
            "parent": -1,
            "children": [],
            "user id": "1256551255",
            "user name": "2060还有少女心的小四月",
            "content": "转发微博",
            "time": "14-3-31 21:56"
        },
        {
            "comment id": 62,
            "parent": -1,
            "children": [],
            "user id": "2247224825",
            "user name": "鱼丸Charlotte",
            "content": "转发微博",
            "time": "14-3-31 21:56"
        },
        {
            "comment id": 63,
            "parent": -1,
            "children": [],
            "user id": "3517213687",
            "user name": "柏年风过处",
            "content": "转发微博",
            "time": "14-3-31 21:55"
        },
        {
            "comment id": 64,
            "parent": -1,
            "children": [],
            "user id": "1744713241",
            "user name": "iAm_妮琦-L",
            "content": "八卦觸覺如此遲鈍就不要學人家趟這八卦的渾水了吧⋯中午就被闢謠了的東西現在還在使勁發⋯[挖鼻屎]",
            "time": "14-3-31 21:54"
        },
        {
            "comment id": 65,
            "parent": -1,
            "children": [],
            "user id": "3131368633",
            "user name": "漫漫涯角chen-yl",
            "content": "@一箩筐蟹 @徐石头的叶子 @丄燕 给你们看看，这是真的还是假的？？",
            "time": "14-3-31 21:53"
        },
        {
            "comment id": 66,
            "parent": -1,
            "children": [],
            "user id": "3800696120",
            "user name": "然燃染苒冉",
            "content": "不是抄的",
            "time": "14-3-31 21:52"
        },
        {
            "comment id": 67,
            "parent": -1,
            "children": [],
            "user id": "1787158151",
            "user name": "NikiSwagg",
            "content": "回复@HUUUUIKUO:已经证实假的",
            "time": "14-3-31 21:51"
        },
        {
            "comment id": 68,
            "parent": -1,
            "children": [],
            "user id": "1797772497",
            "user name": "要做梦的年纪",
            "content": "你怎么可以这样@玥夏琪琪",
            "time": "14-3-31 21:48"
        },
        {
            "comment id": 69,
            "parent": -1,
            "children": [],
            "user id": "3094044187",
            "user name": "七月寧夏",
            "content": "马伊琍，好好珍惜，你的好文章，一级棒",
            "time": "14-3-31 21:44"
        },
        {
            "comment id": 70,
            "parent": -1,
            "children": [],
            "user id": "1968242693",
            "user name": "鯨繪",
            "content": "@无敌三_",
            "time": "14-3-31 21:42"
        },
        {
            "comment id": 71,
            "parent": -1,
            "children": [],
            "user id": "1660779867",
            "user name": "招财进宝爱呆毛",
            "content": "转：经核实，网传的高晓松悔过书实则是交警根据文章悔过书改写的小提示，意在提醒网友不要酒驾!实际上，当初高的道歉只有手写的几个字。",
            "time": "14-3-31 21:41"
        },
        {
            "comment id": 72,
            "parent": -1,
            "children": [],
            "user id": "1649466685",
            "user name": "木圆LM",
            "content": "辜负呢，还是辜負啊？悔过书也有模板呀，这有点意思～～",
            "time": "14-3-31 21:40"
        },
        {
            "comment id": 73,
            "parent": -1,
            "children": [],
            "user id": "2108279077",
            "user name": "_鹹了個魚",
            "content": "從不喜歡文章",
            "time": "14-3-31 21:29"
        },
        {
            "comment id": 74,
            "parent": -1,
            "children": [],
            "user id": "1739663622",
            "user name": "大端酱",
            "content": "@我是朱咪咪 @love清晨向晚归",
            "time": "14-3-31 21:22"
        },
        {
            "comment id": 75,
            "parent": -1,
            "children": [],
            "user id": "5042252205",
            "user name": "星空下的繁星v",
            "content": "过好自己的生活就好，至于这些艺人的生活不是我们靠耍嘴皮就能改变的，人生道路都是靠自己来走完的，古代皇帝还三宫七十二妃呢？也没见你们去骂？ (10秒前)",
            "time": "14-3-31 21:22"
        },
        {
            "comment id": 76,
            "parent": -1,
            "children": [],
            "user id": "3484584835",
            "user name": "finefinefun_",
            "content": "这是假的！",
            "time": "14-3-31 21:13"
        },
        {
            "comment id": 77,
            "parent": -1,
            "children": [],
            "user id": "3816909564",
            "user name": "爱宠屋宠物生活馆",
            "content": "@高晓松 你不告他抄袭吗",
            "time": "14-3-31 21:12"
        },
        {
            "comment id": 78,
            "parent": -1,
            "children": [],
            "user id": "2696270661",
            "user name": "暇小雨",
            "content": "假的啊",
            "time": "14-3-31 21:12"
        },
        {
            "comment id": 79,
            "parent": -1,
            "children": [],
            "user id": "1436735507",
            "user name": "一位命运之女",
            "content": "@白菜大王ll",
            "time": "14-3-31 21:10"
        }
    ]
}