{
    "source": {
        "content": "安利老板死了！才56岁，吃了27年的纽崔莱，好讽刺啊！安利成冠3S系统创始人陈观田因肝癌56岁去世,干了27年安利,吃了27年纽崔莱, 安利大师超凡创办人王慈官.享年61岁。 安利网络21系统创始人吉米道南2013年8月13日去逝，65岁。用了安利产品四十三年。高科技萃取工艺破坏了天然食物！真的不能乱吃保健品! ",
        "time": "13-11-12 13:41",
        "user id": "1403603457",
        "tweet id": "AinDgv9iY",
        "label": 1,
        "theme": "财经商业"
    },
    "comment": [
        {
            "comment id": 0,
            "parent": -1,
            "children": [],
            "user id": "1958803353",
            "user name": "密斯T趙",
            "content": "回复@成冠周亨海:貌似成冠是个很牛逼的级别，一年应该能赚几百万吧？",
            "time": "14-6-21 14:35"
        },
        {
            "comment id": 1,
            "parent": -1,
            "children": [],
            "user id": "1958803353",
            "user name": "密斯T趙",
            "content": "为什么不删除？",
            "time": "14-6-21 14:34"
        },
        {
            "comment id": 2,
            "parent": -1,
            "children": [],
            "user id": "2486354877",
            "user name": "我本善良F815",
            "content": "//@大蹦A: 转发微博",
            "time": "13-12-29 15:26"
        },
        {
            "comment id": 3,
            "parent": -1,
            "children": [],
            "user id": "1738038544",
            "user name": "施玥灵Eleven",
            "content": "回复@成冠周海涛:嗯。。",
            "time": "13-12-20 21:59"
        },
        {
            "comment id": 4,
            "parent": -1,
            "children": [],
            "user id": "1774973017",
            "user name": "盐焗恶魔",
            "content": "过500//@哥哥Jannet: //@牛虻meng: 转发微博",
            "time": "13-12-20 21:39"
        },
        {
            "comment id": 5,
            "parent": -1,
            "children": [],
            "user id": "2205815917",
            "user name": "周亨海",
            "content": "回@反安利反传销:给你纠正一下吧，方便你以后宣传，温安洛有杰温安洛和史提夫温安洛，他们是父子关系，都担任过美商会主席，杰2004年去世，享年80岁，史提夫仍健在，现年58岁。另外和杰温安洛一同创立安利平台的老狄维士先生现仍健在，现年87岁。祝你们革命坚持到底！",
            "time": "13-12-20 19:54"
        },
        {
            "comment id": 6,
            "parent": -1,
            "children": [],
            "user id": "2205815917",
            "user name": "周亨海",
            "content": "回复@施佳琦Eleven:不需要跟这些人争论，他喜欢反就去反吧，任何事情存在必然有支持和反对的，至于哪方胜出，时间会证明一切，地球不会因为某个人停止转动，我们只需要做好自己该做的",
            "time": "13-12-20 19:41"
        },
        {
            "comment id": 7,
            "parent": -1,
            "children": [],
            "user id": "1916750212",
            "user name": "StandUp四爷",
            "content": "安利什么东西",
            "time": "13-12-3 13:14"
        },
        {
            "comment id": 8,
            "parent": -1,
            "children": [],
            "user id": "1567893913",
            "user name": "无从记",
            "content": "保健不保命！",
            "time": "13-11-25 09:21"
        },
        {
            "comment id": 9,
            "parent": -1,
            "children": [],
            "user id": "2669654101",
            "user name": "吕栩城弄弄弄",
            "content": "编辑，作家。。。跟那些拿个单反冒充导演的骗炮大叔本质上已经没有区别了。//@傅晓田: 广告就要这么做。。。//@老榕: 我们的核桃农户73岁。还有一位合作农户家里的老人127岁！还是咱家的东西靠谱。 //@作家-天佑:连老板的命都保不了的保健品居然还有那么多的信众，只能说这个国家的傻子太多。",
            "time": "13-11-23 15:03"
        },
        {
            "comment id": 10,
            "parent": -1,
            "children": [],
            "user id": "3045904875",
            "user name": "GabrLelle",
            "content": "只有同行业的人才会这么熟悉，竞争对手攻击的嫌疑很大啊",
            "time": "13-11-22 15:05"
        },
        {
            "comment id": 11,
            "parent": -1,
            "children": [],
            "user id": "3048044791",
            "user name": "能动手尽量别比比",
            "content": "吃保健品的去世了说保健品有毒，不吃保健品只吃食物的去世了是什么有毒？都是食物中毒吗？显然是谬论。",
            "time": "13-11-22 14:51"
        },
        {
            "comment id": 12,
            "parent": -1,
            "children": [],
            "user id": "3153083271",
            "user name": "念去去i",
            "content": "(⊙_⊙) 真是讽刺啊！//@叶赫那拉emma:@念去去i  //@六六: //@元猫大大: 唉，还是有大把人信的。//@作家-天佑:连老板的命都保不了的保健品居然还有那么多的信众，只能说这个国家的傻子太多。",
            "time": "13-11-21 15:53"
        },
        {
            "comment id": 13,
            "parent": -1,
            "children": [],
            "user id": "2272781565",
            "user name": "此号已删除999",
            "content": "回复@长展的围脖:工厂设在中国和中国的产业基础是有关的，工厂只是制造产品的最终阶段，整个供应链体系，设备，产业工人，基础技术人员都是美国的？萃取没看到？市场上99%的中成药都是萃取技术，你们熟悉的天狮早期的太阳神都是萃取技术，还有中华鳖精",
            "time": "13-11-20 20:32"
        },
        {
            "comment id": 14,
            "parent": -1,
            "children": [],
            "user id": "2772883214",
            "user name": "财经喵-009",
            "content": "回复@得大王的爸爸:文化，是自由的。",
            "time": "13-11-20 08:59"
        },
        {
            "comment id": 15,
            "parent": -1,
            "children": [],
            "user id": "2772883214",
            "user name": "财经喵-009",
            "content": "回复@得大王的爸爸:中国是有安利工厂，但那工厂是人家的，中国现在有萃取技术，好像还没在市场上看到类似产品。如果安利产品不好的话，奥委会也不会同意了，相信。。维他命不可以和五环一起印吧。公平  公开  公正   相信你很少看到这样的公司吧。，这些个有了解过吗？",
            "time": "13-11-20 08:19"
        },
        {
            "comment id": 16,
            "parent": -1,
            "children": [],
            "user id": "2272781565",
            "user name": "此号已删除999",
            "content": "回复@长展的围脖:中国照样能生产出来，安利在中国有工厂的，而且就单纯探讨技术问题，大小分子萃取从来不是什么技术障碍，任何一家现代制药企业都有这个能力。安利的核心竞争力不在于产品，在于他洗脑般的传销文化好吗？",
            "time": "13-11-19 16:14"
        },
        {
            "comment id": 17,
            "parent": -1,
            "children": [],
            "user id": "2772883214",
            "user name": "财经喵-009",
            "content": "纽催莱70多年历史，世界营养学之父卡尔宏邦所创，根据中国药食同源原理所创。官方无出事故。可以查证。",
            "time": "13-11-18 10:24"
        },
        {
            "comment id": 18,
            "parent": -1,
            "children": [],
            "user id": "2772883214",
            "user name": "财经喵-009",
            "content": "回复@得大王的爸爸:人家产品好，你中国能生产出来吗？中国为了wto奋斗了那么多年8年好像，就是要和世界接轨，安利产品贵，那是税高，本土还便宜呢，没有潜规则，没有压抑，的公司中国也能找到几个吗？这是文化经营，我们应该接受学习，哪来那么多抱怨，传销怎么了，只是中国人的传销违法，老外都有历史了。观念要打开啊。",
            "time": "13-11-18 10:09"
        },
        {
            "comment id": 19,
            "parent": -1,
            "children": [],
            "user id": "1944257694",
            "user name": "晓丫头Anna",
            "content": "回复@临缘羡愚:额。。已经被举报了，是假的～",
            "time": "13-11-17 22:39"
        },
        {
            "comment id": 20,
            "parent": -1,
            "children": [],
            "user id": "2450672907",
            "user name": "湘潭老赵",
            "content": "//@那一年丶悠然: //@小将归来2013://@核正能量: 回复@文虫叮咬:西方输入中国的下一个骗局就是慈善营销！ //@文虫叮咬:安利就是美国在华以拯救民生向大洋彼岸上交财政的恶魔。",
            "time": "13-11-17 21:28"
        },
        {
            "comment id": 21,
            "parent": -1,
            "children": [],
            "user id": "1738038544",
            "user name": "施玥灵Eleven",
            "content": "回复@郭大大大宝宝:万一是真的好呢？不然全球这么多人就死这几个？不知道就说别人被洗脑，洗脑有这么好洗嘛？亏我还学过心理学呢！而且已经证实了，死因与安利无关，最可悲得是看见事实还不相信！",
            "time": "13-11-17 20:40"
        },
        {
            "comment id": 22,
            "parent": -1,
            "children": [],
            "user id": "1811986445",
            "user name": "黑暗精灵-切",
            "content": "这厮又是京华时报的编辑么？京华时报刚刚打击农夫山泉未遂，这又来弄安利？虽然不知道是不是京华时报的人，但是博主的名字的确有意思",
            "time": "13-11-17 19:45"
        },
        {
            "comment id": 23,
            "parent": -1,
            "children": [],
            "user id": "2272781565",
            "user name": "此号已删除999",
            "content": "其实安利就是传销，只是因为安利的公司介入，分配奖金体系，所以改名叫直销，既然是直销？为什么还有那么多经销商？为什么还有那么多渠道管理人员呢？掩耳盗铃之举，一点萃取产品敢卖天价，我觉得中国真是人傻钱多",
            "time": "13-11-17 17:42"
        },
        {
            "comment id": 24,
            "parent": -1,
            "children": [],
            "user id": "2772883214",
            "user name": "财经喵-009",
            "content": "这是干嘛啊，攻击未来产业，不好。。",
            "time": "13-11-17 10:53"
        },
        {
            "comment id": 25,
            "parent": -1,
            "children": [],
            "user id": "2039278607",
            "user name": "购房置业好伴侣",
            "content": "",
            "time": "13-11-17 09:57"
        },
        {
            "comment id": 26,
            "parent": -1,
            "children": [],
            "user id": "1676896502",
            "user name": "不认字儿",
            "content": "回复@weeklyOption: 呵呵，原微博为不实消息已被处理，贼喊捉贼真有意思",
            "time": "13-11-17 06:42"
        },
        {
            "comment id": 27,
            "parent": -1,
            "children": [],
            "user id": "3298470465",
            "user name": "水辛木夕xi",
            "content": "回复@施佳琦Eleven:事实会让讹传不攻自破。让我们耐心等待",
            "time": "13-11-17 01:07"
        },
        {
            "comment id": 28,
            "parent": -1,
            "children": [],
            "user id": "2905404904",
            "user name": "大头兵DTB",
            "content": "@施佳琦Eleven 是不是还想说我没福气吃安利啊？吃个安利就代表比别人过得好？！这是啥脑残逻辑？",
            "time": "13-11-16 23:27"
        },
        {
            "comment id": 29,
            "parent": -1,
            "children": [],
            "user id": "2905404904",
            "user name": "大头兵DTB",
            "content": "@施佳琦Eleven:你在安利的井里呆久了，是不是以为安利就代表世界啦？啥就真理了？说着说着觉得自己是真理了？可怜！怎么不敢让回复了？安利人都这么虚弱",
            "time": "13-11-16 23:24"
        },
        {
            "comment id": 30,
            "parent": -1,
            "children": [],
            "user id": "1738038544",
            "user name": "施玥灵Eleven",
            "content": "回复@反安利反传销:当然，我自信慢慢地告诉你！比你过得好",
            "time": "13-11-16 23:22"
        },
        {
            "comment id": 31,
            "parent": -1,
            "children": [],
            "user id": "2905404904",
            "user name": "大头兵DTB",
            "content": "回复@施佳琦Eleven:你是不是认为你做几天安利就国际化了？用几天安利就是贵族了？去看看世界化妆品牌牌名雅姿拍得上名吗？",
            "time": "13-11-16 23:20"
        },
        {
            "comment id": 32,
            "parent": -1,
            "children": [],
            "user id": "1738038544",
            "user name": "施玥灵Eleven",
            "content": "回复@反安利反传销:那是你这么认为的，注意活得好好的，再贱。",
            "time": "13-11-16 23:18"
        },
        {
            "comment id": 33,
            "parent": -1,
            "children": [],
            "user id": "2905404904",
            "user name": "大头兵DTB",
            "content": "回复@施佳琦Eleven:书店里也有很多关于营养的书嘛，去买本书看看吧，你快闭嘴吧，越说越露怯",
            "time": "13-11-16 23:17"
        },
        {
            "comment id": 34,
            "parent": -1,
            "children": [],
            "user id": "1738038544",
            "user name": "施玥灵Eleven",
            "content": "回复@反安利反传销:那是你自己井底之蛙，如果真是这样的呢！你只不过是挑刺，却忘记了这是真理，你又没上过客 课",
            "time": "13-11-16 23:16"
        },
        {
            "comment id": 35,
            "parent": -1,
            "children": [],
            "user id": "2905404904",
            "user name": "大头兵DTB",
            "content": "回复@施佳琦Eleven:是那些安利的所谓营养师告诉你一天不吃十个鸡蛋营养就没到位吧？说你们安利人不懂营养学，你还自己拿出证据来？",
            "time": "13-11-16 23:13"
        },
        {
            "comment id": 36,
            "parent": -1,
            "children": [],
            "user id": "1738038544",
            "user name": "施玥灵Eleven",
            "content": "回复@反安利反传销:跟你说走出国门，跟你讲话没水准",
            "time": "13-11-16 23:12"
        },
        {
            "comment id": 37,
            "parent": -1,
            "children": [],
            "user id": "1738038544",
            "user name": "施玥灵Eleven",
            "content": "回复@反安利反传销:那群人也就是走各场次很负责么？那怎么会闹出这么多笑话？你算帮国家死了咯？",
            "time": "13-11-16 23:11"
        },
        {
            "comment id": 38,
            "parent": -1,
            "children": [],
            "user id": "2905404904",
            "user name": "大头兵DTB",
            "content": "回复@施佳琦Eleven:雅姿销量世界第一你哪来的数据？难道是凭空想象吗？",
            "time": "13-11-16 23:10"
        },
        {
            "comment id": 39,
            "parent": -1,
            "children": [],
            "user id": "1738038544",
            "user name": "施玥灵Eleven",
            "content": "回复@反安利反传销:你算营养学的好死了咯？自己跟你讲过一遍了，一天吃不到十个鸡蛋，营养就没到位，专看人家缺点。一生傻比",
            "time": "13-11-16 23:10"
        },
        {
            "comment id": 40,
            "parent": -1,
            "children": [],
            "user id": "2905404904",
            "user name": "大头兵DTB",
            "content": "回复@施佳琦Eleven:好大的口气，国家培养的营养师不懂营养素？那反过来就是说你们不懂真正的营养学吧？！",
            "time": "13-11-16 23:08"
        },
        {
            "comment id": 41,
            "parent": -1,
            "children": [],
            "user id": "2905404904",
            "user name": "大头兵DTB",
            "content": "回复@施佳琦Eleven:中毒好深，不是告诉你先去学学真正的营养学再来夸夸其谈吗？啥就一天补充十个鸡蛋了？连解释都解释不清楚，就好意思把自己当营养师了？安利都你这样的营养师吧？",
            "time": "13-11-16 23:05"
        },
        {
            "comment id": 42,
            "parent": -1,
            "children": [],
            "user id": "1930084173",
            "user name": "你好岳阳",
            "content": "百度一下，这条消息在2010年的时候就有人发出来了 呵呵！ 舆论造势。呵呵！",
            "time": "13-11-16 22:59"
        },
        {
            "comment id": 43,
            "parent": -1,
            "children": [],
            "user id": "1738038544",
            "user name": "施玥灵Eleven",
            "content": "回复@反安利反传销:这需要证据吗？走出国门就有！",
            "time": "13-11-16 22:52"
        },
        {
            "comment id": 44,
            "parent": -1,
            "children": [],
            "user id": "1738038544",
            "user name": "施玥灵Eleven",
            "content": "回复@反安利反传销:国家那些是不懂用营养素讲得一套是对的，我们教没教过那些，莫非你来上过课？",
            "time": "13-11-16 22:51"
        },
        {
            "comment id": 45,
            "parent": -1,
            "children": [],
            "user id": "1738038544",
            "user name": "施玥灵Eleven",
            "content": "回复@反安利反传销:跟你说过了呀，这些一天营养素要补足十个鸡蛋，你可以每天吃得到嘛？每天吃不到你就一天天在老化",
            "time": "13-11-16 22:50"
        },
        {
            "comment id": 46,
            "parent": -1,
            "children": [],
            "user id": "2905404904",
            "user name": "大头兵DTB",
            "content": "回复@施佳琦Eleven:你是不是以为只有水果蔬菜中含有维生素，只有鸡蛋、黄豆中含有蛋白质，只有肉中含有脂肪？先去参加国家正规的营养师培训，再来谈营养吧",
            "time": "13-11-16 22:48"
        },
        {
            "comment id": 47,
            "parent": -1,
            "children": [],
            "user id": "2905404904",
            "user name": "大头兵DTB",
            "content": "回复@施佳琦Eleven:你们那营养课还好意思提？国家有专门营养师培训的，你去好好学学吧，看营养师是专门教人每天吃各种维生素片的吗？",
            "time": "13-11-16 22:43"
        },
        {
            "comment id": 48,
            "parent": -1,
            "children": [],
            "user id": "2905404904",
            "user name": "大头兵DTB",
            "content": "回复@施佳琦Eleven:果真是超凡系统的你说雅姿全球销量第一有什么证据吗？",
            "time": "13-11-16 22:39"
        },
        {
            "comment id": 49,
            "parent": -1,
            "children": [],
            "user id": "2905404904",
            "user name": "大头兵DTB",
            "content": "回复@落雨入尘:那不会，但是没多大作用",
            "time": "13-11-16 22:36"
        },
        {
            "comment id": 50,
            "parent": -1,
            "children": [],
            "user id": "1077403194",
            "user name": "落雨入尘",
            "content": "回复@反安利反传销:我吃了蔬菜水果，再偶尔吃点维生素会死人？",
            "time": "13-11-16 22:33"
        },
        {
            "comment id": 51,
            "parent": -1,
            "children": [],
            "user id": "1738038544",
            "user name": "施玥灵Eleven",
            "content": "回复@反安利反传销:水果蔬菜每天补充维生素很少好不好，这些营养得维生素每天却在消耗，你如果不进去，那长期积累就会衰老，但是营养品就是帮你每天必须得营养素补充进去，不想外面得那种补品好吗！",
            "time": "13-11-16 22:31"
        },
        {
            "comment id": 52,
            "parent": -1,
            "children": [],
            "user id": "1738038544",
            "user name": "施玥灵Eleven",
            "content": "回复@反安利反传销:你是营养家嘛？不是吧，但你总是想反驳我们，我们都有营养课得，我知道你肯定不相信我们学的什么好课，但是我觉得现在得人真的缺少这种观念",
            "time": "13-11-16 22:29"
        },
        {
            "comment id": 53,
            "parent": -1,
            "children": [],
            "user id": "2905404904",
            "user name": "大头兵DTB",
            "content": "回复@落雨入尘:你不吃水果蔬菜吗？",
            "time": "13-11-16 22:29"
        },
        {
            "comment id": 54,
            "parent": -1,
            "children": [],
            "user id": "1738038544",
            "user name": "施玥灵Eleven",
            "content": "回复@反安利反传销:超凡绝对是个大家庭，喔唷，不自己都不了解了解就说安利怎么不好，反正产品肯定好的，吃坏了，吃死了，那你就发财了！安利公司绝对有品质保证的，不然他的雅姿怎么会全球销量第一？我想这些你都不知道把，为什么总要看坏处呢？他有把你身体弄坏嘛？总是人云亦云，就反对！",
            "time": "13-11-16 22:27"
        },
        {
            "comment id": 55,
            "parent": -1,
            "children": [],
            "user id": "1077403194",
            "user name": "落雨入尘",
            "content": "回复@反安利反传销:正常人适当补充维生素有错？",
            "time": "13-11-16 22:26"
        },
        {
            "comment id": 56,
            "parent": -1,
            "children": [],
            "user id": "2905404904",
            "user name": "大头兵DTB",
            "content": "回复@落雨入尘:你不懂正常人不能长期补充维生素吗?",
            "time": "13-11-16 22:22"
        },
        {
            "comment id": 57,
            "parent": -1,
            "children": [],
            "user id": "2905404904",
            "user name": "大头兵DTB",
            "content": "回复@施佳琦Eleven:第一个写的是温安洛，难道不是安利的老板吗？不管成冠还是超凡，都是做安利的吧？你能说成冠的都是坏人，超凡的都是好人吗？王慈官做老板累，做安利就不累了吗？你写东西能写明白点吗？乱七八糟的",
            "time": "13-11-16 22:18"
        },
        {
            "comment id": 58,
            "parent": -1,
            "children": [],
            "user id": "1738038544",
            "user name": "施玥灵Eleven",
            "content": "回复@反安利反传销:第一死的不是老板，第二那些陈冠得，都是把安利牌子做摊掉得，每个工作职场都有好人坏人，第三写远离平穷得死掉，是老师劝了他十八年没听懂，到最后终于懂了，但他由于平时工作当老板太累才死的，上面死掉的人是贴身保镖嘛？知道他们确定会吃那么多时间嘛？说不定借安利赚钱！",
            "time": "13-11-16 22:10"
        },
        {
            "comment id": 59,
            "parent": -1,
            "children": [],
            "user id": "1077403194",
            "user name": "落雨入尘",
            "content": "博主有明显的歪曲诱导，这些人的死能说明什么呢？安利产品既不能使人长生不死，也并非害命毒药。",
            "time": "13-11-16 21:56"
        },
        {
            "comment id": 60,
            "parent": -1,
            "children": [],
            "user id": "2905404904",
            "user name": "大头兵DTB",
            "content": "回复@施佳琦Eleven:那些人死亡都是真实消息",
            "time": "13-11-16 21:38"
        },
        {
            "comment id": 61,
            "parent": -1,
            "children": [],
            "user id": "2905404904",
            "user name": "大头兵DTB",
            "content": "2004年12月9日安利创始人温安洛逝世，享年80岁，死因心脏衰竭。2010年3月14日成冠系统FC陈观田逝世，因肝癌换肝，享年58岁。2006年7月29日超凡创办人王慈官逝世，死因肝癌，享年61岁。2013年8月13日安利网络21系统创始人吉米道南逝世，死因癌症，享年65岁。这些都是真实的，怎么会为不实消息？",
            "time": "13-11-16 21:36"
        },
        {
            "comment id": 62,
            "parent": -1,
            "children": [],
            "user id": "1738038544",
            "user name": "施玥灵Eleven",
            "content": "我从小吃到大，十几年了死了吗。反而不经常去医院了，这就是相信的力量！你都已经是不实消息了，搞什么，又没真正进来了解过，产品是真的好！！",
            "time": "13-11-16 17:09"
        },
        {
            "comment id": 63,
            "parent": -1,
            "children": [],
            "user id": "1243342010",
            "user name": "中医马永存",
            "content": "相信科学！！！//@郑俊谦中医儿科: //@李贵明-医生:巨大的讽刺啊",
            "time": "13-11-16 15:11"
        },
        {
            "comment id": 64,
            "parent": -1,
            "children": [],
            "user id": "2713852693",
            "user name": "乙肝战友科普志愿者",
            "content": " //@王希涛:要用现代营养学，均衡营养和适量运动。 保健品应该当成药物一样：除非必要能不用就不用//@艾十九年MaGuiHong: 转发微博",
            "time": "13-11-16 14:41"
        },
        {
            "comment id": 65,
            "parent": -1,
            "children": [],
            "user id": "3439784322",
            "user name": "益生元堂中医",
            "content": "//@郑俊谦中医儿科: //@李贵明-医生:巨大的讽刺啊，这让做安利的人情何以堪那，还有什么脸面吹嘘安利纽崔莱？",
            "time": "13-11-16 14:28"
        },
        {
            "comment id": 66,
            "parent": -1,
            "children": [],
            "user id": "2722450927",
            "user name": "品木轩v",
            "content": "精加工的东西不能乱吃，好讽刺。",
            "time": "13-11-16 09:22"
        },
        {
            "comment id": 67,
            "parent": -1,
            "children": [],
            "user id": "1963151537",
            "user name": "阿拉有汗",
            "content": "忽悠的结果",
            "time": "13-11-16 07:59"
        },
        {
            "comment id": 68,
            "parent": -1,
            "children": [],
            "user id": "2141364485",
            "user name": "非著名首席增长官",
            "content": "新聞界恥辱，就算不了解安利，也應該有基本新聞素質。",
            "time": "13-11-16 00:23"
        },
        {
            "comment id": 69,
            "parent": -1,
            "children": [],
            "user id": "1909688623",
            "user name": "Zz祁兮zZ",
            "content": "诅咒人可不好，博主自重啊，我妈朋友（关系特别好的那种）那天还给我妈打电话，说是他家孩子会走路了（那孩子脑瘫，站不起来）我妈问他怎么治好的，他说是吃了三年的纽崔莱，给我妈打电话说是要庆祝的。。。。。。另外，我要是你，早就删博了，为了给别人当枪使，自己进去了多不值当=。=你很“无私”",
            "time": "13-11-15 21:04"
        },
        {
            "comment id": 70,
            "parent": -1,
            "children": [],
            "user id": "2051824480",
            "user name": "董卫东微博",
            "content": "被举报人构成“发布不实信息”，虽无即时危险，但应予澄清，现根据《新浪微博社区管理规定(试行)》（微博社区管理中心）第22条，予以标识处理。",
            "time": "13-11-15 11:37"
        },
        {
            "comment id": 71,
            "parent": -1,
            "children": [],
            "user id": "1879441632",
            "user name": "周小彻",
            "content": "呵呵，投资者报？",
            "time": "13-11-15 11:03"
        },
        {
            "comment id": 72,
            "parent": -1,
            "children": [],
            "user id": "1412151445",
            "user name": "爱与生命-shery",
            "content": "网络谣言都立法了，亲，你能不能不要那么弱智啊？",
            "time": "13-11-15 09:19"
        },
        {
            "comment id": 73,
            "parent": -1,
            "children": [],
            "user id": "1955252863",
            "user name": "巧米桃子",
            "content": "回复@张萘一:哈哈哈，原来是谣传啊？吓死人了",
            "time": "13-11-15 09:15"
        },
        {
            "comment id": 74,
            "parent": -1,
            "children": [],
            "user id": "1793252434",
            "user name": "时怡-11Amy",
            "content": "回复@邢小米m:我知道这个早半个多月前就听说了。。。这些造谣的人可真是哈，无所不用其极的，乱说话也不怕以后遭报应!   这信息刚出来的第二还是第三天，人家大boss还和咱中央领导人友好会面呢、 难不成诈尸了？",
            "time": "13-11-15 08:16"
        },
        {
            "comment id": 75,
            "parent": -1,
            "children": [],
            "user id": "1828224211",
            "user name": "X云端Y曦光Z",
            "content": "真的假的啊？？？？？？？？？？？",
            "time": "13-11-15 01:37"
        },
        {
            "comment id": 76,
            "parent": -1,
            "children": [],
            "user id": "2057519453",
            "user name": "跑直线的虫子",
            "content": "啥叫打脸？ //@周小妞: 保健品~~",
            "time": "13-11-15 00:50"
        },
        {
            "comment id": 77,
            "parent": -1,
            "children": [],
            "user id": "1800455335",
            "user name": "MissHanna",
            "content": "说谎也不打草稿！安利超凡的创始人不是王慈官，王慈官也不是创办人，他只是总监。而且外人谁知道安利还分体系？只有你们这些直销的人才懂！",
            "time": "13-11-14 23:35"
        },
        {
            "comment id": 78,
            "parent": -1,
            "children": [],
            "user id": "2563017965",
            "user name": "手机用户2563017965",
            "content": " //@六六: //@元猫大大: 唉，还是有大把人信的。//@作家-天佑:连老板的命都保不了的保健品居然还有那么多的信众，只能说这个国家的傻子太多。",
            "time": "13-11-14 22:58"
        },
        {
            "comment id": 79,
            "parent": -1,
            "children": [],
            "user id": "2036807827",
            "user name": "ET_Westbrook",
            "content": "居然能把李阳拉进去，看来安拉不简单",
            "time": "13-11-14 20:51"
        }
    ]
}