{
    "source": {
        "content": "感謝上帝睡著了。Paul•walker没死 抢救过来了 昨天被报道死亡是因为当时当地人看到爆炸很厉害才说不会活过来  但他今早发表声明说自己还活着 还让影迷们别太早为他办葬礼 活着就好！ 我在:朝阳北路 ",
        "time": "13-12-2 21:18",
        "user id": "1284012330",
        "tweet id": "Altb0FSaY",
        "label": 1,
        "theme": "文体娱乐"
    },
    "comment": [
        {
            "comment id": 0,
            "parent": -1,
            "children": [],
            "user id": "1774316384",
            "user name": "嗨嗨嗨嗨嗨HI0-0",
            "content": "眼珠颜色不同好伐",
            "time": "13-12-3 11:54"
        },
        {
            "comment id": 1,
            "parent": -1,
            "children": [],
            "user id": "1988459094",
            "user name": "哄猪",
            "content": "回复@不像老师的教师:这照片不是他",
            "time": "13-12-2 23:41"
        },
        {
            "comment id": 2,
            "parent": -1,
            "children": [],
            "user id": "1982356214",
            "user name": "不像老师的教师",
            "content": "回复@哄猪:确实死了，这个是之前的照片。",
            "time": "13-12-2 23:35"
        },
        {
            "comment id": 3,
            "parent": -1,
            "children": [],
            "user id": "1284012330",
            "user name": "袁大大不吃",
            "content": "回复@浅谨年yoyo:我明天要翻牆查查",
            "time": "13-12-2 23:24"
        },
        {
            "comment id": 4,
            "parent": -1,
            "children": [],
            "user id": "1988459094",
            "user name": "哄猪",
            "content": "我刚刚查了，假的。@不像老师的教师",
            "time": "13-12-2 22:22"
        },
        {
            "comment id": 5,
            "parent": -1,
            "children": [],
            "user id": "2549129055",
            "user name": "神叨茜",
            "content": "这个人脸不是Paul•walker，已经辟谣了。他确定去世了",
            "time": "13-12-2 22:21"
        },
        {
            "comment id": 6,
            "parent": -1,
            "children": [],
            "user id": "1988459094",
            "user name": "哄猪",
            "content": "@不像老师的教师",
            "time": "13-12-2 22:20"
        }
    ]
}