{
    "source": {
        "content": "嫦娥三号成功实现软着陆，传回第一张月球照片，更多大图网页链接 ",
        "time": "13-12-14 21:36",
        "user id": "1364882532",
        "tweet id": "Aniq59j9E",
        "label": 2,
        "theme": "军事"
    },
    "comment": [
        {
            "comment id": 0,
            "parent": -1,
            "children": [],
            "user id": "1693480593",
            "user name": "popo说",
            "content": "回复@弘包兒: 啊哈哈哈哈",
            "time": "13-12-17 23:20"
        },
        {
            "comment id": 1,
            "parent": -1,
            "children": [],
            "user id": "1781142577",
            "user name": "弘包兒",
            "content": "@popo说 突然觉得以前姜捷比喻MH很贴切啊",
            "time": "13-12-17 15:28"
        },
        {
            "comment id": 2,
            "parent": -1,
            "children": [],
            "user id": "2250384525",
            "user name": "快乐大巴520",
            "content": "",
            "time": "13-12-16 20:02"
        },
        {
            "comment id": 3,
            "parent": -1,
            "children": [],
            "user id": "2353656547",
            "user name": "渴望更高更强智能终身学习的崔琳",
            "content": "苍井空从中国捞走了多少金子，让国民多少财富损失了。其实日本人是从头到脚都看不起中国人的。普通人家父母累死累活一辈子不见得有500万存款，但苍井空8分钟写4个书法字就能弄来1000万。其把这钱让苍井空挥霍一空，不如把这钱给中国穷人啊。 强烈建议封杀苍井空，不能让中国人财富外流。",
            "time": "13-12-16 12:50"
        },
        {
            "comment id": 4,
            "parent": -1,
            "children": [],
            "user id": "1931252283",
            "user name": "南风的小屋",
            "content": "威武",
            "time": "13-12-15 18:48"
        },
        {
            "comment id": 5,
            "parent": -1,
            "children": [],
            "user id": "2936691782",
            "user name": "波士顿的王先生在干嘛",
            "content": "",
            "time": "13-12-15 12:51"
        },
        {
            "comment id": 6,
            "parent": -1,
            "children": [],
            "user id": "1763672785",
            "user name": "嘉Carmen肥蚊仔",
            "content": "月球好多粉刺痘痘哦",
            "time": "13-12-15 12:24"
        },
        {
            "comment id": 7,
            "parent": -1,
            "children": [],
            "user id": "2073277711",
            "user name": "anty208",
            "content": "登陆月球算个屌，有本事登陆钓鱼岛！",
            "time": "13-12-15 09:44"
        },
        {
            "comment id": 8,
            "parent": -1,
            "children": [],
            "user id": "1819989965",
            "user name": "图丫丫阿露露",
            "content": "鸡蛋饼",
            "time": "13-12-15 05:51"
        },
        {
            "comment id": 9,
            "parent": -1,
            "children": [],
            "user id": "1671396551",
            "user name": "CurrerBell",
            "content": "moon。。。。//@新浪星座: 月亮。 #晚安#",
            "time": "13-12-15 01:10"
        },
        {
            "comment id": 10,
            "parent": -1,
            "children": [],
            "user id": "1949520867",
            "user name": "东哥Thomas",
            "content": "锐度不够，ISO值过高了。很明显没用三脚架。",
            "time": "13-12-15 00:20"
        },
        {
            "comment id": 11,
            "parent": -1,
            "children": [],
            "user id": "2036394335",
            "user name": "Paris_Qing",
            "content": "这个要赞一个啊，嫦娥回娘家了，放玉兔！",
            "time": "13-12-15 00:19"
        },
        {
            "comment id": 12,
            "parent": -1,
            "children": [],
            "user id": "1059778222",
            "user name": "usagisylvia",
            "content": "这暗疮。。",
            "time": "13-12-15 00:10"
        },
        {
            "comment id": 13,
            "parent": -1,
            "children": [],
            "user id": "2493782947",
            "user name": "a此账户已注销s",
            "content": "回复@新会梓荣:你能不能往远了看、、、、都你这种想法，人类现在还什么都没有呢 成熟看待事情",
            "time": "13-12-14 23:44"
        },
        {
            "comment id": 14,
            "parent": -1,
            "children": [],
            "user id": "2210364403",
            "user name": "lu璐露guo",
            "content": "",
            "time": "13-12-14 23:41"
        },
        {
            "comment id": 15,
            "parent": -1,
            "children": [],
            "user id": "1644291782",
            "user name": "新浪星座",
            "content": "月亮。 #晚安#",
            "time": "13-12-14 23:40"
        },
        {
            "comment id": 16,
            "parent": -1,
            "children": [],
            "user id": "1916308393",
            "user name": "AAMEWIE",
            "content": "@还能不能一起杀个痛",
            "time": "13-12-14 23:25"
        },
        {
            "comment id": 17,
            "parent": -1,
            "children": [],
            "user id": "1732738960",
            "user name": "人间肥柴",
            "content": "月球是外星人监视地球的飞行器。。。",
            "time": "13-12-14 23:20"
        },
        {
            "comment id": 18,
            "parent": -1,
            "children": [],
            "user id": "1964825597",
            "user name": "老曾的围脖儿",
            "content": "//@老曾的围脖儿: 迈出月球城镇化建设的重要一步，不错",
            "time": "13-12-14 23:18"
        },
        {
            "comment id": 19,
            "parent": -1,
            "children": [],
            "user id": "1967569767",
            "user name": "包包包振兴",
            "content": "//@微博位置: ",
            "time": "13-12-14 23:18"
        },
        {
            "comment id": 20,
            "parent": -1,
            "children": [],
            "user id": "1964825597",
            "user name": "老曾的围脖儿",
            "content": "迈出月球城镇化建设的重要一步，不错",
            "time": "13-12-14 23:18"
        },
        {
            "comment id": 21,
            "parent": -1,
            "children": [],
            "user id": "1635607101",
            "user name": "狐村长说这玩意忒酸",
            "content": "哎呦我去，这是不小心落到了谁家的发的面上了",
            "time": "13-12-14 23:12"
        },
        {
            "comment id": 22,
            "parent": -1,
            "children": [],
            "user id": "1878898682",
            "user name": "敏ai-leo",
            "content": "转发微博",
            "time": "13-12-14 22:59"
        },
        {
            "comment id": 23,
            "parent": -1,
            "children": [],
            "user id": "1904116490",
            "user name": "Angela闰年",
            "content": "好像我早餐摊的饼呀！//@风云榜: #你好，月球#//@头条新闻: 转发微博",
            "time": "13-12-14 22:56"
        },
        {
            "comment id": 24,
            "parent": -1,
            "children": [],
            "user id": "1687754794",
            "user name": "知书奶酷熊崽-",
            "content": "",
            "time": "13-12-14 22:51"
        },
        {
            "comment id": 25,
            "parent": -1,
            "children": [],
            "user id": "1344879574",
            "user name": "Anna_Lan",
            "content": "到底拍到了啥，害我一直很紧张 //@Young__ed: 一直很紧张，怕拍到我//@Kingyo:一直很紧张，怕拍到嫦娥//@江水多: 一直很紧张，怕拍到有外星人@Anna_Lan @Kingyo @Young__ed",
            "time": "13-12-14 22:48"
        },
        {
            "comment id": 26,
            "parent": -1,
            "children": [],
            "user id": "2806533043",
            "user name": "山东勇敢的好汉",
            "content": "转发微博",
            "time": "13-12-14 22:47"
        },
        {
            "comment id": 27,
            "parent": -1,
            "children": [],
            "user id": "2743463384",
            "user name": "游戏鸡",
            "content": "lol玩家表示：这满屏都是坑啊！#英雄联盟#",
            "time": "13-12-14 22:45"
        },
        {
            "comment id": 28,
            "parent": -1,
            "children": [],
            "user id": "2263938600",
            "user name": "黑黑鱼2010",
            "content": "来看看嫦娥传回来的月球照片 @上海鲤鱼 //@微博位置: ",
            "time": "13-12-14 22:42"
        },
        {
            "comment id": 29,
            "parent": -1,
            "children": [],
            "user id": "3714202637",
            "user name": "宋河白酒创意包装设计大赛",
            "content": "嫦娥成功登月！",
            "time": "13-12-14 22:41"
        },
        {
            "comment id": 30,
            "parent": -1,
            "children": [],
            "user id": "1724394401",
            "user name": "艺术家张艺兴1007",
            "content": "",
            "time": "13-12-14 22:38"
        },
        {
            "comment id": 31,
            "parent": -1,
            "children": [],
            "user id": "2175479397",
            "user name": "隔壁老吴哦",
            "content": "花生糊~像吃了它",
            "time": "13-12-14 22:31"
        },
        {
            "comment id": 32,
            "parent": -1,
            "children": [],
            "user id": "1773021690",
            "user name": "AppleBruceCui",
            "content": "",
            "time": "13-12-14 22:30"
        },
        {
            "comment id": 33,
            "parent": -1,
            "children": [],
            "user id": "1832990430",
            "user name": "艾得空間設計",
            "content": "[贊]",
            "time": "13-12-14 22:28"
        },
        {
            "comment id": 34,
            "parent": -1,
            "children": [],
            "user id": "3183535272",
            "user name": "董雪莹Sherry",
            "content": "哇！美美！ //@微博位置:",
            "time": "13-12-14 22:27"
        },
        {
            "comment id": 35,
            "parent": -1,
            "children": [],
            "user id": "1959771091",
            "user name": "Pizza_Man",
            "content": "赞！",
            "time": "13-12-14 22:27"
        },
        {
            "comment id": 36,
            "parent": -1,
            "children": [],
            "user id": "3629097982",
            "user name": "浦发影乐会",
            "content": "转发微博",
            "time": "13-12-14 22:26"
        },
        {
            "comment id": 37,
            "parent": -1,
            "children": [],
            "user id": "1876080927",
            "user name": "小硕101",
            "content": "恭喜恭喜//@微博位置: ",
            "time": "13-12-14 22:25"
        },
        {
            "comment id": 38,
            "parent": -1,
            "children": [],
            "user id": "2028154893",
            "user name": "疯舞光影",
            "content": "确定不是烙好的饼？",
            "time": "13-12-14 22:24"
        },
        {
            "comment id": 39,
            "parent": -1,
            "children": [],
            "user id": "1079487330",
            "user name": "豚啊豚啊豚",
            "content": "其实我不仅仅关注食物，这么重要的事我也是很关注的//@微博位置: ",
            "time": "13-12-14 22:22"
        },
        {
            "comment id": 40,
            "parent": -1,
            "children": [],
            "user id": "1897571591",
            "user name": "旺仔今天洗白白了吗",
            "content": "骄傲的转一个 刚看完视频//@头条新闻: 转发微博",
            "time": "13-12-14 22:21"
        },
        {
            "comment id": 41,
            "parent": -1,
            "children": [],
            "user id": "1310041202",
            "user name": "琴声悠悠up",
            "content": "nice//@微博位置: ",
            "time": "13-12-14 22:20"
        },
        {
            "comment id": 42,
            "parent": -1,
            "children": [],
            "user id": "2042590453",
            "user name": "郭律Esq",
            "content": "嫦娥生活在这样的地方，真苦了她了！",
            "time": "13-12-14 22:19"
        },
        {
            "comment id": 43,
            "parent": -1,
            "children": [],
            "user id": "2488726495",
            "user name": "zgzhxl",
            "content": "中国骄傲！！",
            "time": "13-12-14 22:19"
        },
        {
            "comment id": 44,
            "parent": -1,
            "children": [],
            "user id": "1288292293",
            "user name": "即时君",
            "content": "转发微博",
            "time": "13-12-14 22:19"
        },
        {
            "comment id": 45,
            "parent": -1,
            "children": [],
            "user id": "1322308864",
            "user name": "李正曦Sissi",
            "content": "刚才我还以为谁家摊饼这么难看。。。//@杨铭珏Nana: 月球，你长那么多痘痘你家里人知道吗 //@风云榜:#你好，月球#//@头条新闻: 转发微博",
            "time": "13-12-14 22:18"
        },
        {
            "comment id": 46,
            "parent": -1,
            "children": [],
            "user id": "2203038952",
            "user name": "五百英哩的微博",
            "content": "这标志这中国成为第三个实现天体软着陆的国家。怪不得有这话：“一般一般世界第三”",
            "time": "13-12-14 22:18"
        },
        {
            "comment id": 47,
            "parent": -1,
            "children": [],
            "user id": "2526903214",
            "user name": "大宗商品对冲基金",
            "content": "//@头条新闻: 转发微博",
            "time": "13-12-14 22:17"
        },
        {
            "comment id": 48,
            "parent": -1,
            "children": [],
            "user id": "1731220505",
            "user name": "莫之月舞",
            "content": "",
            "time": "13-12-14 22:12"
        },
        {
            "comment id": 49,
            "parent": -1,
            "children": [],
            "user id": "3195454680",
            "user name": "那爱灰色",
            "content": "转发微博",
            "time": "13-12-14 22:12"
        },
        {
            "comment id": 50,
            "parent": -1,
            "children": [],
            "user id": "1676543670",
            "user name": "芒果总编室",
            "content": "那坨黑的是露天煤矿吗？//@头条新闻: 转发微博",
            "time": "13-12-14 22:10"
        },
        {
            "comment id": 51,
            "parent": -1,
            "children": [],
            "user id": "3928250793",
            "user name": "左岸ZUAN",
            "content": "",
            "time": "13-12-14 22:09"
        },
        {
            "comment id": 52,
            "parent": -1,
            "children": [],
            "user id": "3921155954",
            "user name": "-艾弗森粉迷店-",
            "content": "//@头条新闻: 转发微博",
            "time": "13-12-14 22:08"
        },
        {
            "comment id": 53,
            "parent": -1,
            "children": [],
            "user id": "1189878921",
            "user name": "冰行万里",
            "content": "good",
            "time": "13-12-14 22:05"
        },
        {
            "comment id": 54,
            "parent": -1,
            "children": [],
            "user id": "2614860200",
            "user name": "笑富贵6088",
            "content": "要有月球传回的视频就更爽了",
            "time": "13-12-14 22:02"
        },
        {
            "comment id": 55,
            "parent": -1,
            "children": [],
            "user id": "2552949855",
            "user name": "芥茉9839",
            "content": "看完“地心引力”，发现宇航员是一项危险的工作",
            "time": "13-12-14 21:59"
        },
        {
            "comment id": 56,
            "parent": -1,
            "children": [],
            "user id": "2203038952",
            "user name": "五百英哩的微博",
            "content": "然后呢？",
            "time": "13-12-14 21:58"
        },
        {
            "comment id": 57,
            "parent": -1,
            "children": [],
            "user id": "1304677631",
            "user name": "凌云客栈",
            "content": "拍到外星人的照片就别发了//@头条新闻: 转发微博",
            "time": "13-12-14 21:58"
        },
        {
            "comment id": 58,
            "parent": -1,
            "children": [],
            "user id": "2307698982",
            "user name": "叫我莉莉姐",
            "content": "",
            "time": "13-12-14 21:58"
        },
        {
            "comment id": 59,
            "parent": -1,
            "children": [],
            "user id": "1681312054",
            "user name": "麋鹿不语7",
            "content": "哇喔！",
            "time": "13-12-14 21:57"
        },
        {
            "comment id": 60,
            "parent": -1,
            "children": [],
            "user id": "3911076485",
            "user name": "淡如2013清茶",
            "content": "祝贺嫦娥三号成功落月 期待玉兔顺利工作",
            "time": "13-12-14 21:55"
        },
        {
            "comment id": 61,
            "parent": -1,
            "children": [],
            "user id": "1971489044",
            "user name": "中国楼市密探",
            "content": "转发微博",
            "time": "13-12-14 21:55"
        },
        {
            "comment id": 62,
            "parent": -1,
            "children": [],
            "user id": "1885508881",
            "user name": "天O水O山",
            "content": "转发微博",
            "time": "13-12-14 21:53"
        },
        {
            "comment id": 63,
            "parent": -1,
            "children": [],
            "user id": "2448651325",
            "user name": "巴多拉BirdDragon",
            "content": "好像刚刚烙好的焦膜，火候正合适，香~",
            "time": "13-12-14 21:53"
        },
        {
            "comment id": 64,
            "parent": -1,
            "children": [],
            "user id": "1406751625",
            "user name": "林园-心理咨询师",
            "content": "Exciting",
            "time": "13-12-14 21:52"
        },
        {
            "comment id": 65,
            "parent": -1,
            "children": [],
            "user id": "2767057845",
            "user name": "姓名学V潇风居士",
            "content": "//@头条新闻: 转发微博",
            "time": "13-12-14 21:52"
        },
        {
            "comment id": 66,
            "parent": -1,
            "children": [],
            "user id": "1630053980",
            "user name": "FZ小药童",
            "content": "转发微博",
            "time": "13-12-14 21:51"
        },
        {
            "comment id": 67,
            "parent": -1,
            "children": [],
            "user id": "1856006613",
            "user name": "那一年的梦想",
            "content": "//@头条新闻: 转发微博",
            "time": "13-12-14 21:51"
        },
        {
            "comment id": 68,
            "parent": -1,
            "children": [],
            "user id": "2115865362",
            "user name": "月朗星稀啾啾啾",
            "content": "吴刚跟兔子都还好么//@头条新闻: 转发微博",
            "time": "13-12-14 21:50"
        },
        {
            "comment id": 69,
            "parent": -1,
            "children": [],
            "user id": "1991177473",
            "user name": "95D8",
            "content": "今天上班了,明天还要上班.愿谅我一想起专家说中国人一年有3份之1日子是假期我就乐不起来了.",
            "time": "13-12-14 21:50"
        },
        {
            "comment id": 70,
            "parent": -1,
            "children": [],
            "user id": "2073388985",
            "user name": "清水笔墨grace",
            "content": "振奋！给力！",
            "time": "13-12-14 21:50"
        },
        {
            "comment id": 71,
            "parent": -1,
            "children": [],
            "user id": "1631220107",
            "user name": "Sneezingdust",
            "content": "好像摊鸡蛋饼时候用的面糊，好饿",
            "time": "13-12-14 21:49"
        },
        {
            "comment id": 72,
            "parent": -1,
            "children": [],
            "user id": "1872616363",
            "user name": "姜erge",
            "content": "老美在这些事情上对人类是很不地道的",
            "time": "13-12-14 21:49"
        },
        {
            "comment id": 73,
            "parent": -1,
            "children": [],
            "user id": "2634573634",
            "user name": "镇江市川剧团",
            "content": "月球真像是地球的青春期，长满了青春痘",
            "time": "13-12-14 21:49"
        },
        {
            "comment id": 74,
            "parent": -1,
            "children": [],
            "user id": "2695594483",
            "user name": "情也生锈",
            "content": "转发微博",
            "time": "13-12-14 21:49"
        },
        {
            "comment id": 75,
            "parent": -1,
            "children": [],
            "user id": "1872616363",
            "user name": "姜erge",
            "content": "希望天朝这些事情超越老美，不要虚虚实实的，揭开月球之谜，也是大功啊",
            "time": "13-12-14 21:49"
        },
        {
            "comment id": 76,
            "parent": -1,
            "children": [],
            "user id": "3291943835",
            "user name": "四季飞雪xcl",
            "content": "继续努力，让祖国更强大！",
            "time": "13-12-14 21:47"
        },
        {
            "comment id": 77,
            "parent": -1,
            "children": [],
            "user id": "2473806985",
            "user name": "爱玩的医学生",
            "content": "转发微博",
            "time": "13-12-14 21:47"
        },
        {
            "comment id": 78,
            "parent": -1,
            "children": [],
            "user id": "1728662341",
            "user name": "首脚饼冷",
            "content": "",
            "time": "13-12-14 21:47"
        },
        {
            "comment id": 79,
            "parent": -1,
            "children": [],
            "user id": "1067993233",
            "user name": "龙龙卖剧本",
            "content": "//@头条新闻: 转发微博",
            "time": "13-12-14 21:46"
        }
    ]
}