{
    "source": {
        "content": "转：朋友在北京月星家居捡到一个钱包，里面有卡数张，现金一千二北左右，火车票一张，名字叫刘学伟，车票是后天的，失主请联系:13895686886，北京的朋友请转发 ",
        "time": "14-1-5 13:22",
        "user id": "2169519682",
        "tweet id": "AqAAizG20",
        "label": 1,
        "theme": "社会生活"
    },
    "comment": [
        {
            "comment id": 0,
            "parent": -1,
            "children": [],
            "user id": "3159563232",
            "user name": "遗失百度---失物招领网---",
            "content": "物品遗失了，天涯海角，它在哪儿？登陆“遗失百度14baidu.com/每日更新海量失物、招领信息，找回遗失的一切，只要几分钟，网络的神奇，科技的魅力！也许你的朋友正为遗失而发愁呢！转发吧，邦邦她！",
            "time": "14-1-8 09:51"
        },
        {
            "comment id": 1,
            "parent": -1,
            "children": [],
            "user id": "3214971681",
            "user name": "14baidu-失物招领网",
            "content": "遗失了，不能不知道14baidu.com/世界各文明大国，都有自己的遗失和招领的处理方法，但缺乏利用互联网和先进技术，遗失百度创办来，每日海量更新全国各地的失物和招领信息，并全部发表于网站微博上；社会公益，每个人都贡献一份力量；转发就是一种力量！",
            "time": "14-1-8 09:15"
        },
        {
            "comment id": 2,
            "parent": -1,
            "children": [],
            "user id": "1851193187",
            "user name": "wuli混蛋小静静啊",
            "content": "早上好 ",
            "time": "14-1-8 08:53"
        },
        {
            "comment id": 3,
            "parent": -1,
            "children": [],
            "user id": "3214971681",
            "user name": "14baidu-失物招领网",
            "content": "怎么能最快速度找回自己遗失的东西？全球最便捷遗失查询。遗失物品,拾获遗失怎么办?登报、上电视、上广播，不，上遗失百度14baidu.com/网，拾获者上14baidu, 遗失人马上查询到自己的物品，极速体验！扩散就是行善！",
            "time": "14-1-7 14:34"
        },
        {
            "comment id": 4,
            "parent": -1,
            "children": [],
            "user id": "2642963615",
            "user name": "好與壞的結果",
            "content": "",
            "time": "14-1-7 11:20"
        },
        {
            "comment id": 5,
            "parent": -1,
            "children": [],
            "user id": "1851193187",
            "user name": "wuli混蛋小静静啊",
            "content": "",
            "time": "14-1-7 08:32"
        },
        {
            "comment id": 6,
            "parent": -1,
            "children": [],
            "user id": "1851193187",
            "user name": "wuli混蛋小静静啊",
            "content": "[花心]",
            "time": "14-1-7 08:32"
        },
        {
            "comment id": 7,
            "parent": -1,
            "children": [],
            "user id": "1851193187",
            "user name": "wuli混蛋小静静啊",
            "content": "早安 ",
            "time": "14-1-7 08:31"
        },
        {
            "comment id": 8,
            "parent": -1,
            "children": [],
            "user id": "2642963615",
            "user name": "好與壞的結果",
            "content": "",
            "time": "14-1-6 21:59"
        },
        {
            "comment id": 9,
            "parent": -1,
            "children": [],
            "user id": "3214971681",
            "user name": "14baidu-失物招领网",
            "content": "怎么能最快速度找回自己遗失的东西？全球最便捷遗失查询。遗失物品,拾获遗失怎么办?登报、上电视、上广播，不，上遗失百度14baidu.com/网，拾获者上14baidu, 遗失人马上查询到自己的物品，极速体验！扩散就是行善！",
            "time": "14-1-6 17:44"
        },
        {
            "comment id": 10,
            "parent": -1,
            "children": [],
            "user id": "1851193187",
            "user name": "wuli混蛋小静静啊",
            "content": "仙儿姐姐 吃饭了么 ？",
            "time": "14-1-6 17:25"
        },
        {
            "comment id": 11,
            "parent": -1,
            "children": [],
            "user id": "1233841851",
            "user name": "恰逢花开-",
            "content": "因为善良，所以信任〜",
            "time": "14-1-6 16:36"
        },
        {
            "comment id": 12,
            "parent": -1,
            "children": [],
            "user id": "1768870874",
            "user name": "躲远点",
            "content": "每天早上醒来就抓手机。",
            "time": "14-1-6 01:16"
        },
        {
            "comment id": 13,
            "parent": -1,
            "children": [],
            "user id": "1846666185",
            "user name": "杨莉_乌市联通",
            "content": "梅姐是你的朋友吗？",
            "time": "14-1-5 21:23"
        },
        {
            "comment id": 14,
            "parent": -1,
            "children": [],
            "user id": "2944130993",
            "user name": "不看书没处哭",
            "content": "转发微博",
            "time": "14-1-5 21:08"
        },
        {
            "comment id": 15,
            "parent": -1,
            "children": [],
            "user id": "2448868020",
            "user name": "青春男主角1989",
            "content": "仙儿姐，这是骗人的。不希望你受到伤害，淡定。。。",
            "time": "14-1-5 20:35"
        },
        {
            "comment id": 16,
            "parent": -1,
            "children": [],
            "user id": "1496843393",
            "user name": "西坞老李头儿",
            "content": "转发微博",
            "time": "14-1-5 20:12"
        },
        {
            "comment id": 17,
            "parent": -1,
            "children": [],
            "user id": "2063083441",
            "user name": "元气满满美少女lxw",
            "content": "回复@_我是Caroline:他是个男的",
            "time": "14-1-5 18:44"
        },
        {
            "comment id": 18,
            "parent": -1,
            "children": [],
            "user id": "1959660881",
            "user name": "呼啦圈超级达人",
            "content": "//@吴稼祥: ",
            "time": "14-1-5 18:01"
        },
        {
            "comment id": 19,
            "parent": -1,
            "children": [],
            "user id": "1285814095",
            "user name": "空中加油007",
            "content": "转发微博",
            "time": "14-1-5 17:36"
        },
        {
            "comment id": 20,
            "parent": -1,
            "children": [],
            "user id": "1402742337",
            "user name": "橙色月亮2012",
            "content": "是吸费电话的骗局，不要再转了",
            "time": "14-1-5 17:34"
        },
        {
            "comment id": 21,
            "parent": -1,
            "children": [],
            "user id": "1830460007",
            "user name": "伏枥微博",
            "content": "//@北村: 周知。//@吴稼祥: ",
            "time": "14-1-5 16:34"
        },
        {
            "comment id": 22,
            "parent": -1,
            "children": [],
            "user id": "1281072404",
            "user name": "511-牛转新运",
            "content": "我想知道的是怎么知道卡里的余额？//@晓雨闻铃: //@于颖: //@刘春: 转发微博",
            "time": "14-1-5 16:22"
        },
        {
            "comment id": 23,
            "parent": -1,
            "children": [],
            "user id": "1951150317",
            "user name": "王惠827",
            "content": "北京的朋友帮忙转发[爱心传递][爱心传递]",
            "time": "14-1-5 15:49"
        },
        {
            "comment id": 24,
            "parent": -1,
            "children": [],
            "user id": "2091548703",
            "user name": "樱洛轩",
            "content": "朋友圈也看见好多人转，丢钱的这位朋友，快来认领吧。",
            "time": "14-1-5 15:33"
        },
        {
            "comment id": 25,
            "parent": -1,
            "children": [],
            "user id": "1790950853",
            "user name": "I_am_Caroline",
            "content": "跟你同名但我知道不是你。@梦想是注定孤独的旅行--",
            "time": "14-1-5 15:16"
        },
        {
            "comment id": 26,
            "parent": -1,
            "children": [],
            "user id": "1804313235",
            "user name": "易水无人",
            "content": "转发微博",
            "time": "14-1-5 15:12"
        },
        {
            "comment id": 27,
            "parent": -1,
            "children": [],
            "user id": "3214648223",
            "user name": "圈养狐狸的小王子",
            "content": "感觉像骗人的",
            "time": "14-1-5 15:07"
        },
        {
            "comment id": 28,
            "parent": -1,
            "children": [],
            "user id": "1603396664",
            "user name": "莫名其妙每一天",
            "content": "转发的，智商也就到这了！",
            "time": "14-1-5 15:07"
        },
        {
            "comment id": 29,
            "parent": -1,
            "children": [],
            "user id": "1362766920",
            "user name": "一诺巴巴",
            "content": "要想真还给失主至于这么麻烦吗？找抽还是刷微博上瘾？！",
            "time": "14-1-5 15:06"
        },
        {
            "comment id": 30,
            "parent": -1,
            "children": [],
            "user id": "3027169563",
            "user name": "仙女马有理",
            "content": "类似此种都骗子",
            "time": "14-1-5 14:59"
        },
        {
            "comment id": 31,
            "parent": -1,
            "children": [],
            "user id": "1645030503",
            "user name": "belougto",
            "content": "骗子",
            "time": "14-1-5 14:55"
        },
        {
            "comment id": 32,
            "parent": -1,
            "children": [],
            "user id": "1838230702",
            "user name": "无敌小糖块",
            "content": " @指挥长在线",
            "time": "14-1-5 14:53"
        },
        {
            "comment id": 33,
            "parent": -1,
            "children": [],
            "user id": "1838230702",
            "user name": "无敌小糖块",
            "content": "真心希望大家别总是不明就里就在圈子转这转那的～真心不知道自己一不小心就变成了骗子的帮手！还有那些每天都在“不转不是中国人，不是xx人”的也请省省心吧，每次看到就觉得来秀智商下限的，特别Low！真的。",
            "time": "14-1-5 14:49"
        },
        {
            "comment id": 34,
            "parent": -1,
            "children": [],
            "user id": "2533019454",
            "user name": "陈泽岚lan",
            "content": "刘德华的刘 张学友的学 梁朝伟的伟",
            "time": "14-1-5 14:49"
        },
        {
            "comment id": 35,
            "parent": -1,
            "children": [],
            "user id": "3197590270",
            "user name": "摊煎饼的小六子",
            "content": "",
            "time": "14-1-5 14:47"
        },
        {
            "comment id": 36,
            "parent": -1,
            "children": [],
            "user id": "2844038274",
            "user name": "何咿呀",
            "content": "这是骗人的，大家别转？出现了很多版本",
            "time": "14-1-5 14:46"
        },
        {
            "comment id": 37,
            "parent": -1,
            "children": [],
            "user id": "1568771804",
            "user name": "xiamispd",
            "content": "转发微博",
            "time": "14-1-5 14:44"
        },
        {
            "comment id": 38,
            "parent": -1,
            "children": [],
            "user id": "3039573384",
            "user name": "伦尔姑娘",
            "content": "直接拿回车站，根据订票信息联系到预留的电话啊",
            "time": "14-1-5 14:43"
        },
        {
            "comment id": 39,
            "parent": -1,
            "children": [],
            "user id": "1920902701",
            "user name": "水饺不要汤",
            "content": "这个见过好多了，信息真伪有待验证。",
            "time": "14-1-5 14:42"
        },
        {
            "comment id": 40,
            "parent": -1,
            "children": [],
            "user id": "1776130631",
            "user name": "胖鱼鱼Jasmine_",
            "content": "💃爱美是女人的天性 💎不化妆的女人没有未来 不化妆不打扮你就out了➡️点这里让你更美丽 ✨韩国美妆daigou@潘虹宇Jasmine 😊咨询微信：MLSY0088",
            "time": "14-1-5 14:41"
        },
        {
            "comment id": 41,
            "parent": -1,
            "children": [],
            "user id": "1555697007",
            "user name": "香蕉蝙蝠1555697007",
            "content": "转你妹，交给派出所自然会帮你联系",
            "time": "14-1-5 14:40"
        },
        {
            "comment id": 42,
            "parent": -1,
            "children": [],
            "user id": "1464637757",
            "user name": "传说中的_队长",
            "content": "艾玛，这手机号岂不是要被骚扰到爆",
            "time": "14-1-5 14:39"
        },
        {
            "comment id": 43,
            "parent": -1,
            "children": [],
            "user id": "1646247865",
            "user name": "沉默的乐鱼",
            "content": "//@北村: 周知。//@吴稼祥: ",
            "time": "14-1-5 14:39"
        },
        {
            "comment id": 44,
            "parent": -1,
            "children": [],
            "user id": "1821604757",
            "user name": "烟花易冷很冷非常冷",
            "content": "全国都在给月星打广告，假消息背后推手表示很成功啊。删了吧！！！！假的！！！！",
            "time": "14-1-5 14:38"
        },
        {
            "comment id": 45,
            "parent": -1,
            "children": [],
            "user id": "2123224287",
            "user name": "就喜欢看你吹牛逼的农民工",
            "content": "转发微博",
            "time": "14-1-5 14:37"
        },
        {
            "comment id": 46,
            "parent": -1,
            "children": [],
            "user id": "3149336894",
            "user name": "BONNUIT",
            "content": " @7-10日 @喵星人晓晓张 @懒懒懒--一个人 @我不在了TA @张宝宝V博",
            "time": "14-1-5 14:37"
        },
        {
            "comment id": 47,
            "parent": -1,
            "children": [],
            "user id": "1641305200",
            "user name": "流淌的思考和放牧的时光",
            "content": "假消息来的，发什么微博啊，就该直接交给公安局啦，让公安局找人才叫一个又快又准",
            "time": "14-1-5 14:36"
        },
        {
            "comment id": 48,
            "parent": -1,
            "children": [],
            "user id": "1838230702",
            "user name": "无敌小糖块",
            "content": "确定是事实吗？为什么我微信圈里的人转的时候连联系电话都变了，北京二字也删了，能不能给个实话?我很纳闷！别好心办了坏事！",
            "time": "14-1-5 14:35"
        },
        {
            "comment id": 49,
            "parent": -1,
            "children": [],
            "user id": "2018292955",
            "user name": "梁·晴",
            "content": "支持",
            "time": "14-1-5 14:35"
        },
        {
            "comment id": 50,
            "parent": -1,
            "children": [],
            "user id": "1245929632",
            "user name": "音乐人杨海潮",
            "content": "转吧，但愿他有微博。//@剑走偏锋Jeffrey: //@新闻不发炎:【转发扩散】@剑走偏锋Jeffrey",
            "time": "14-1-5 14:35"
        },
        {
            "comment id": 51,
            "parent": -1,
            "children": [],
            "user id": "3170242942",
            "user name": "親愛的兔子小姐啊",
            "content": "相关微博说这个是个骗局",
            "time": "14-1-5 14:35"
        },
        {
            "comment id": 52,
            "parent": -1,
            "children": [],
            "user id": "3290432502",
            "user name": "曾曾曾曾曾yi",
            "content": "转发微博",
            "time": "14-1-5 14:27"
        },
        {
            "comment id": 53,
            "parent": -1,
            "children": [],
            "user id": "3189467560",
            "user name": "廣筞居士",
            "content": "正能量，支持声援一下！",
            "time": "14-1-5 14:23"
        },
        {
            "comment id": 54,
            "parent": -1,
            "children": [],
            "user id": "3206818891",
            "user name": "靳栖",
            "content": "//@北村: 周知。//@吴稼祥: ",
            "time": "14-1-5 14:21"
        },
        {
            "comment id": 55,
            "parent": -1,
            "children": [],
            "user id": "1710645234",
            "user name": "大peng展翅",
            "content": "//@吴稼祥: ",
            "time": "14-1-5 14:17"
        },
        {
            "comment id": 56,
            "parent": -1,
            "children": [],
            "user id": "1400168494",
            "user name": "清江美如画",
            "content": "转发微博",
            "time": "14-1-5 14:01"
        },
        {
            "comment id": 57,
            "parent": -1,
            "children": [],
            "user id": "2183854592",
            "user name": "勤劳的Hooo",
            "content": "//@晓雨闻铃: //@于颖: //@刘春: 转发微博",
            "time": "14-1-5 13:53"
        },
        {
            "comment id": 58,
            "parent": -1,
            "children": [],
            "user id": "2324695667",
            "user name": "panaike乔治七",
            "content": "真是好心人，我昨天也刚被偷了钱包，多希望好心人把钱包给我送回来，钱无所谓，主要是里面的证件",
            "time": "14-1-5 13:49"
        },
        {
            "comment id": 59,
            "parent": -1,
            "children": [],
            "user id": "3693000085",
            "user name": "一庹千年",
            "content": "联系火车站派出所吧，让他们查一下，网购火车票时，都登记有联系电话。@平安北京//@吴稼祥: ",
            "time": "14-1-5 13:46"
        },
        {
            "comment id": 60,
            "parent": -1,
            "children": [],
            "user id": "3968107377",
            "user name": "黑夜_装睡的人",
            "content": "紧急//@南方暴力哥王默: //@疯-良-话: //@吴稼祥: ",
            "time": "14-1-5 13:46"
        },
        {
            "comment id": 61,
            "parent": -1,
            "children": [],
            "user id": "2178800982",
            "user name": "0云上的日子0",
            "content": "转发微博",
            "time": "14-1-5 13:45"
        },
        {
            "comment id": 62,
            "parent": -1,
            "children": [],
            "user id": "1766879624",
            "user name": "cjchnws-cqwsbsy",
            "content": "是的。不是这样写的。详细的不能写",
            "time": "14-1-5 13:43"
        },
        {
            "comment id": 63,
            "parent": -1,
            "children": [],
            "user id": "3170568022",
            "user name": "浪涛鲨IV",
            "content": "//@吴稼祥: ",
            "time": "14-1-5 13:42"
        },
        {
            "comment id": 64,
            "parent": -1,
            "children": [],
            "user id": "1689593331",
            "user name": "孔方兄啊",
            "content": "//@吴稼祥: ",
            "time": "14-1-5 13:39"
        },
        {
            "comment id": 65,
            "parent": -1,
            "children": [],
            "user id": "2644528877",
            "user name": "白话投机",
            "content": "转一下//@飞驰体育: //@晓雨闻铃://@于颖: //@刘春: 转发微博",
            "time": "14-1-5 13:39"
        },
        {
            "comment id": 66,
            "parent": -1,
            "children": [],
            "user id": "2118019393",
            "user name": "九门八典一口钟",
            "content": "//@飞驰体育: //@晓雨闻铃://@于颖: //@刘春: 转发微博",
            "time": "14-1-5 13:37"
        },
        {
            "comment id": 67,
            "parent": -1,
            "children": [],
            "user id": "1657195180",
            "user name": "梁朝晖",
            "content": "我一看到类似的消息出现在各地，我就觉得这是谁在发暗号呢，我们凑得什么热闹",
            "time": "14-1-5 13:36"
        },
        {
            "comment id": 68,
            "parent": -1,
            "children": [],
            "user id": "2737247202",
            "user name": "浅水摸鱼不着急",
            "content": "常州本土微博@中吴网 说是在常州.....然后查了一下，号码是宁夏的....",
            "time": "14-1-5 13:33"
        },
        {
            "comment id": 69,
            "parent": -1,
            "children": [],
            "user id": "1652690534",
            "user name": "葡萄葡萄香",
            "content": "//@刘春: 转发微博",
            "time": "14-1-5 13:31"
        },
        {
            "comment id": 70,
            "parent": -1,
            "children": [],
            "user id": "1344914133",
            "user name": "赵立军V",
            "content": "好人",
            "time": "14-1-5 13:31"
        },
        {
            "comment id": 71,
            "parent": -1,
            "children": [],
            "user id": "1859626750",
            "user name": "馬甲會火不",
            "content": "别传了",
            "time": "14-1-5 13:30"
        },
        {
            "comment id": 72,
            "parent": -1,
            "children": [],
            "user id": "1859626750",
            "user name": "馬甲會火不",
            "content": "网页链接",
            "time": "14-1-5 13:30"
        },
        {
            "comment id": 73,
            "parent": -1,
            "children": [],
            "user id": "1662766362",
            "user name": "刘春",
            "content": "转发微博",
            "time": "14-1-5 13:29"
        },
        {
            "comment id": 74,
            "parent": -1,
            "children": [],
            "user id": "1503767972",
            "user name": "汪亚民",
            "content": " //@吴稼祥:",
            "time": "14-1-5 13:29"
        },
        {
            "comment id": 75,
            "parent": -1,
            "children": [],
            "user id": "1659314492",
            "user name": "火车天下",
            "content": "不要把现金金额说得太详细，以免冒领",
            "time": "14-1-5 13:28"
        },
        {
            "comment id": 76,
            "parent": -1,
            "children": [],
            "user id": "1851193187",
            "user name": "wuli混蛋小静静啊",
            "content": "",
            "time": "14-1-5 13:26"
        },
        {
            "comment id": 77,
            "parent": -1,
            "children": [],
            "user id": "3266265701",
            "user name": "闫灵莉",
            "content": "//@吴稼祥: ",
            "time": "14-1-5 13:25"
        },
        {
            "comment id": 78,
            "parent": -1,
            "children": [],
            "user id": "1851193187",
            "user name": "wuli混蛋小静静啊",
            "content": "帮转 [lt火车票]",
            "time": "14-1-5 13:25"
        },
        {
            "comment id": 79,
            "parent": -1,
            "children": [],
            "user id": "1666143645",
            "user name": "新闻不发炎",
            "content": "【转发扩散】@剑走偏锋Jeffrey //@吴稼祥: ",
            "time": "14-1-5 13:25"
        }
    ]
}