{
    "source": {
        "content": "朋友在月星家居捡到一个钱包，里面有卡数张，现金一千二左右，火车票一张，名字叫刘学伟，车票是后天的，失主请联系:13895686886，大家帮忙扩散。@甘州区发布@张掖交警@甘州张玉林 ",
        "time": "14-1-7 17:09",
        "user id": "2483364151",
        "tweet id": "AqUVGuiyY",
        "label": 1,
        "theme": "社会生活"
    },
    "comment": [
        {
            "comment id": 0,
            "parent": -1,
            "children": [],
            "user id": "1571702074",
            "user name": "Gina-Tachibana",
            "content": "回复@包子其实不姓包:不客气...",
            "time": "14-1-11 16:33"
        },
        {
            "comment id": 1,
            "parent": -1,
            "children": [],
            "user id": "2483364151",
            "user name": "张掖先森",
            "content": "回复@Gina-Tachibana:真的，感谢你的解答，现在真的被媒体搞得害怕了。。。",
            "time": "14-1-11 01:10"
        },
        {
            "comment id": 2,
            "parent": -1,
            "children": [],
            "user id": "1571702074",
            "user name": "Gina-Tachibana",
            "content": "回复@包子其实不姓包:不客气...没有啦...很多人都被骗到，很多媒体也被利用了",
            "time": "14-1-10 23:30"
        },
        {
            "comment id": 3,
            "parent": -1,
            "children": [],
            "user id": "2483364151",
            "user name": "张掖先森",
            "content": "回复@Gina-Tachibana:谢谢你，这样的信息没有犯法吧。。。",
            "time": "14-1-10 17:38"
        },
        {
            "comment id": 4,
            "parent": -1,
            "children": [],
            "user id": "1571702074",
            "user name": "Gina-Tachibana",
            "content": "回复@包子其实不姓包:骗子到处发，我们这也在发...很多热心人和媒体被利用了",
            "time": "14-1-10 17:17"
        },
        {
            "comment id": 5,
            "parent": -1,
            "children": [],
            "user id": "2483364151",
            "user name": "张掖先森",
            "content": "回复@Gina-Tachibana:哦，这样啊，我看着我一个朋友给我发了这个消息，我还以为是真的呢？",
            "time": "14-1-10 14:20"
        },
        {
            "comment id": 6,
            "parent": -1,
            "children": [],
            "user id": "1571702074",
            "user name": "Gina-Tachibana",
            "content": "这是诈骗信息，此号码人在全国各地发布多条，百度号码就知道了...警方已查证！",
            "time": "14-1-10 13:40"
        }
    ]
}