{
    "source": {
        "content": "乌克兰在华招雇佣兵 热血男儿们 上吧 @ye_wa @大星的围脖 @US10維佳 骚年们上啊  话说你老公要不要回去玩玩 @vivian-Ju磊  ",
        "time": "14-5-7 00:19",
        "user id": "1401626337",
        "tweet id": "B368R6o7d",
        "label": 1,
        "theme": "军事"
    },
    "comment": [
        {
            "comment id": 0,
            "parent": -1,
            "children": [],
            "user id": "2399851811",
            "user name": "vivian-Ju磊",
            "content": "话说你的威力真大啊，我一没留神被转发了一百四十多回了啊  再话说我老公暂时不回去 被伤着多不好",
            "time": "14-5-14 12:09"
        },
        {
            "comment id": 1,
            "parent": -1,
            "children": [],
            "user id": "2266460877",
            "user name": "柠檬蜜了",
            "content": "回复@ye_wa:哈哈来我这送你一支大大",
            "time": "14-5-9 13:07"
        },
        {
            "comment id": 2,
            "parent": -1,
            "children": [],
            "user id": "2624903655",
            "user name": "母龙在家养鼠喵",
            "content": "这个是假的，法国这边的雇佣兵在帖子上大骂呢！说是脑残骗人。",
            "time": "14-5-7 23:08"
        },
        {
            "comment id": 3,
            "parent": -1,
            "children": [],
            "user id": "3121533672",
            "user name": "abby一心d",
            "content": " 顶~求互粉[欢腾去爱]",
            "time": "14-5-7 18:49"
        },
        {
            "comment id": 4,
            "parent": -1,
            "children": [],
            "user id": "2130335413",
            "user name": "PoizonBang",
            "content": "有谁一起去的么。",
            "time": "14-5-7 09:55"
        },
        {
            "comment id": 5,
            "parent": -1,
            "children": [],
            "user id": "1976841243",
            "user name": "LeeRuiHua",
            "content": " @唐唐唐曾",
            "time": "14-5-7 09:49"
        },
        {
            "comment id": 6,
            "parent": -1,
            "children": [],
            "user id": "2234141505",
            "user name": "只耀珍惜你",
            "content": "干一个月，回来买鞋！",
            "time": "14-5-7 09:30"
        },
        {
            "comment id": 7,
            "parent": -1,
            "children": [],
            "user id": "1648953695",
            "user name": "ye_wa",
            "content": "所有枪给摸一遍，我半价就去",
            "time": "14-5-7 09:23"
        },
        {
            "comment id": 8,
            "parent": -1,
            "children": [],
            "user id": "1864475701",
            "user name": "I王小博I",
            "content": "回复@大郦rain:我去俄罗斯也不去乌克兰",
            "time": "14-5-7 08:36"
        },
        {
            "comment id": 9,
            "parent": -1,
            "children": [],
            "user id": "1846143921",
            "user name": "春日的小哥哥",
            "content": "@I臭榴莲I @卐卍阿弥陀佛卐卍 走起啊",
            "time": "14-5-7 07:46"
        },
        {
            "comment id": 10,
            "parent": -1,
            "children": [],
            "user id": "3962665379",
            "user name": "lcw1109",
            "content": "太黑怕了操",
            "time": "14-5-7 07:34"
        },
        {
            "comment id": 11,
            "parent": -1,
            "children": [],
            "user id": "1882354223",
            "user name": "张敏万人敬仰",
            "content": "搞不过俄罗斯的",
            "time": "14-5-7 06:08"
        },
        {
            "comment id": 12,
            "parent": -1,
            "children": [],
            "user id": "1401626337",
            "user name": "Autohao",
            "content": "回复@Money1101:肯定会脱肛的 不过这样痔疮就不用担心了",
            "time": "14-5-7 01:05"
        },
        {
            "comment id": 13,
            "parent": -1,
            "children": [],
            "user id": "1735962083",
            "user name": "Money1101",
            "content": "某大那么白嫩，会捡肥皂到死吧",
            "time": "14-5-7 01:01"
        },
        {
            "comment id": 14,
            "parent": -1,
            "children": [],
            "user id": "2011094765",
            "user name": "King_Kicks",
            "content": "要报名！",
            "time": "14-5-7 00:54"
        },
        {
            "comment id": 15,
            "parent": -1,
            "children": [],
            "user id": "1189131991",
            "user name": "US10維佳",
            "content": "回复@Autohao:擦[挖鼻屎]",
            "time": "14-5-7 00:26"
        },
        {
            "comment id": 16,
            "parent": -1,
            "children": [],
            "user id": "1401626337",
            "user name": "Autohao",
            "content": "回复@US10維佳:或者·你挂了我直接开 还有点盈余改改啥的",
            "time": "14-5-7 00:25"
        },
        {
            "comment id": 17,
            "parent": -1,
            "children": [],
            "user id": "1189131991",
            "user name": "US10維佳",
            "content": "回复@Autohao:半年不死就可以SLS AMG了",
            "time": "14-5-7 00:25"
        },
        {
            "comment id": 18,
            "parent": -1,
            "children": [],
            "user id": "1401626337",
            "user name": "Autohao",
            "content": "回复@US10維佳:一万一天哈哈哈",
            "time": "14-5-7 00:23"
        },
        {
            "comment id": 19,
            "parent": -1,
            "children": [],
            "user id": "1189131991",
            "user name": "US10維佳",
            "content": "哈哈哈",
            "time": "14-5-7 00:20"
        },
        {
            "comment id": 20,
            "parent": -1,
            "children": [],
            "user id": "1934794163",
            "user name": "Galvin-3",
            "content": "谁缺钱蛮去逛逛~",
            "time": "14-5-7 00:20"
        }
    ]
}