{
    "source": {
        "content": "发生在北京街头的一幕，《欧洲时报》作了报道。一辆轿车驶入了非机动车区，被一老外发现了。老外微笑着劝说司机回到机动车道去。司机不听，使劲鸣喇叭要老外让开，还爆粗口，扬言要把她的自行车砸了。围观的人竟然没有一个站出来谴责司机。这辆车是京HL2021，丢人都丢到国外了。。。帮忙搜搜这厮是谁？ ",
        "time": "14-6-6 03:08",
        "user id": "1860667032",
        "tweet id": "B7G4x3MHp",
        "label": 1,
        "theme": "社会生活"
    },
    "comment": [
        {
            "comment id": 0,
            "parent": -1,
            "children": [],
            "user id": "2769571893",
            "user name": "南南北北2代人",
            "content": "有图有真相！傻子都不信！北京，中国首都！你能不能起模范带头作用啊？！",
            "time": "14-7-11 09:04"
        },
        {
            "comment id": 1,
            "parent": -1,
            "children": [],
            "user id": "2253266324",
            "user name": "短暂的总是浪漫的",
            "content": "有图有真相，还是不实消息吗",
            "time": "14-7-7 19:53"
        },
        {
            "comment id": 2,
            "parent": -1,
            "children": [],
            "user id": "1765005931",
            "user name": "睿RR",
            "content": "8年过去了，素质一点也没见涨啊~",
            "time": "14-6-25 17:43"
        },
        {
            "comment id": 3,
            "parent": -1,
            "children": [],
            "user id": "2835488315",
            "user name": "夭壽Jerry",
            "content": "回复@诅咒剑殇:欄杆內就是非機動車到！",
            "time": "14-6-7 23:41"
        },
        {
            "comment id": 4,
            "parent": -1,
            "children": [],
            "user id": "3090850661",
            "user name": "成静香",
            "content": "所以内地人走哪儿去都会被歧视呢。。呵呵",
            "time": "14-6-6 05:18"
        },
        {
            "comment id": 5,
            "parent": -1,
            "children": [],
            "user id": "3587250694",
            "user name": "liui15",
            "content": "坐着使用电脑，时间久了腰特别酸，脊椎病就难免了，使用乐歌DLB502，让显示器动起来，更让你的身体动起来。",
            "time": "14-6-6 05:15"
        },
        {
            "comment id": 6,
            "parent": -1,
            "children": [],
            "user id": "2384636262",
            "user name": "诅咒剑殇",
            "content": "这图看着怎么也不像非机动车道啊…到像斑马线处",
            "time": "14-6-6 05:08"
        },
        {
            "comment id": 7,
            "parent": -1,
            "children": [],
            "user id": "2895538255",
            "user name": "七与6",
            "content": "习惯就好，这样的人太多，做好自己最重要",
            "time": "14-6-6 05:01"
        },
        {
            "comment id": 8,
            "parent": -1,
            "children": [],
            "user id": "2261597860",
            "user name": "Nancy氵楠",
            "content": "无聊，吃饱撑的",
            "time": "14-6-6 04:59"
        },
        {
            "comment id": 9,
            "parent": -1,
            "children": [],
            "user id": "1837408693",
            "user name": "李森freeparty",
            "content": "八年前的新闻了",
            "time": "14-6-6 04:58"
        },
        {
            "comment id": 10,
            "parent": -1,
            "children": [],
            "user id": "3204923243",
            "user name": "杨生维",
            "content": "哈哈",
            "time": "14-6-6 04:40"
        },
        {
            "comment id": 11,
            "parent": -1,
            "children": [],
            "user id": "5135082881",
            "user name": "跑步要变瘦",
            "content": "五百年前的新闻啦。骚年",
            "time": "14-6-6 04:30"
        },
        {
            "comment id": 12,
            "parent": -1,
            "children": [],
            "user id": "1807011904",
            "user name": "不怕我有小毛驴",
            "content": "人肉他",
            "time": "14-6-6 04:29"
        },
        {
            "comment id": 13,
            "parent": -1,
            "children": [],
            "user id": "1860667032",
            "user name": "加拿大天天网Dailynet",
            "content": "最后这家伙把老外的自行车丢在一边，扬长而去，居然没有一个人出来指责，真是害臊！请大家人肉一下",
            "time": "14-6-6 03:17"
        },
        {
            "comment id": 14,
            "parent": -1,
            "children": [],
            "user id": "2117672711",
            "user name": "niuguluyaner",
            "content": "@王文琛爱吃肉",
            "time": "14-6-6 03:11"
        }
    ]
}