{
    "source": {
        "content": "#八百里毒情快报#【牙膏管底部如果是黑色条马上扔掉！】赶紧检查一下家里的牙膏！买牙膏一定要仔细看清楚颜色，而不是盲目相信所谓品牌。买牙膏时注意牙膏管反面底部的颜色条，共分4种：绿、蓝、红、黑。绿色：纯天然；蓝色：天然+药物；红色：天然+化学成分；黑色：纯化学。尽量选择绿色和蓝色的吧！ ",
        "time": "14-6-5 10:12",
        "user id": "1700713311",
        "tweet id": "B7zq8p9At",
        "label": 1,
        "theme": "医药健康"
    },
    "comment": [
        {
            "comment id": 0,
            "parent": -1,
            "children": [],
            "user id": "1077591690",
            "user name": "恺恺小周",
            "content": "这是要黑什么品牌？",
            "time": "14-6-5 16:49"
        },
        {
            "comment id": 1,
            "parent": -1,
            "children": [],
            "user id": "1077591690",
            "user name": "恺恺小周",
            "content": "第一现场记者采访报道[1]，原来牙膏管底色块的颜色与牙膏成分无关，只是作为牙膏生产流水线上光标的定位用[2]。理论上光标的颜色可以是任意颜色，但涉及到不同的设备，不同电眼的灵敏度不同，会造成不同的成品率，故在实际印刷过程中，大都以黑色为标准色，因为黑色最好感应。",
            "time": "14-6-5 16:48"
        },
        {
            "comment id": 2,
            "parent": -1,
            "children": [],
            "user id": "2788279310",
            "user name": "皮卡彭卡布卡皮卡布彭彭",
            "content": "果断取消关注 只发微博不看新闻的机器博主",
            "time": "14-6-5 15:50"
        },
        {
            "comment id": 3,
            "parent": -1,
            "children": [],
            "user id": "2690887383",
            "user name": "橙子不是唯一的水果儿",
            "content": "早辟谣了好吗",
            "time": "14-6-5 13:45"
        },
        {
            "comment id": 4,
            "parent": -1,
            "children": [],
            "user id": "2016478015",
            "user name": "桃yeah叻",
            "content": "快删了吧，这个色条是打印图案时机器对准的标记",
            "time": "14-6-5 12:47"
        },
        {
            "comment id": 5,
            "parent": -1,
            "children": [],
            "user id": "1234950987",
            "user name": "天上掉下个呆妹妹",
            "content": "谣言还传播。",
            "time": "14-6-5 11:50"
        },
        {
            "comment id": 6,
            "parent": -1,
            "children": [],
            "user id": "1312426801",
            "user name": "半陌生地带",
            "content": "谁信谁傻逼！",
            "time": "14-6-5 11:26"
        },
        {
            "comment id": 7,
            "parent": -1,
            "children": [],
            "user id": "1419242342",
            "user name": "方头方脑酱",
            "content": "",
            "time": "14-6-5 11:25"
        },
        {
            "comment id": 8,
            "parent": -1,
            "children": [],
            "user id": "2218926120",
            "user name": "青芝青芝",
            "content": "带点脑子好不好！",
            "time": "14-6-5 11:05"
        },
        {
            "comment id": 9,
            "parent": -1,
            "children": [],
            "user id": "2133725242",
            "user name": "堇合葵子",
            "content": "",
            "time": "14-6-5 11:01"
        },
        {
            "comment id": 10,
            "parent": -1,
            "children": [],
            "user id": "1946004230",
            "user name": "紫玉凭栏",
            "content": "媒体从业者一定要提高自身的科学素养啊，这种傻瓜式的谣言未经核实就到处乱传！",
            "time": "14-6-5 10:42"
        },
        {
            "comment id": 11,
            "parent": -1,
            "children": [],
            "user id": "2822740374",
            "user name": "富春之波",
            "content": "这就怪了，我立马去看了下，大人的牙膏是在安全范围，唯一黑色的是价格较贵的小孩的牙膏，小孩专用的不是更要安全吗？",
            "time": "14-6-5 10:37"
        },
        {
            "comment id": 12,
            "parent": -1,
            "children": [],
            "user id": "1801144177",
            "user name": "Y_caiyeer",
            "content": "多读书多看报会屎啊 不要误导人家",
            "time": "14-6-5 10:34"
        },
        {
            "comment id": 13,
            "parent": -1,
            "children": [],
            "user id": "3193115387",
            "user name": "逆生长的黄大姐",
            "content": "不懂别乱发",
            "time": "14-6-5 10:29"
        },
        {
            "comment id": 14,
            "parent": -1,
            "children": [],
            "user id": "1770644487",
            "user name": "小春卷儿欢乐多",
            "content": "其实，这年头都是化学成分",
            "time": "14-6-5 10:29"
        },
        {
            "comment id": 15,
            "parent": -1,
            "children": [],
            "user id": "1114668525",
            "user name": "小如的天空",
            "content": "早就辟谣了，傻啊",
            "time": "14-6-5 10:24"
        },
        {
            "comment id": 16,
            "parent": -1,
            "children": [],
            "user id": "2115012172",
            "user name": "言語就像風WordsAreWind",
            "content": "我去超市买的时候看过，基本是黑色的，偶尔有蓝色的。其他颜色没看到。",
            "time": "14-6-5 10:21"
        },
        {
            "comment id": 17,
            "parent": -1,
            "children": [],
            "user id": "1408504971",
            "user name": "简称kk",
            "content": "营销账号能长点脑么",
            "time": "14-6-5 10:19"
        },
        {
            "comment id": 18,
            "parent": -1,
            "children": [],
            "user id": "2130191382",
            "user name": "潘达小姐liya",
            "content": "别传谣言了，这个黑点只是人家机器封口时对的点",
            "time": "14-6-5 10:15"
        },
        {
            "comment id": 19,
            "parent": -1,
            "children": [],
            "user id": "1647420911",
            "user name": "季候风",
            "content": "这不早辟谣了嘛……",
            "time": "14-6-5 10:15"
        },
        {
            "comment id": 20,
            "parent": -1,
            "children": [],
            "user id": "2203964050",
            "user name": "萌铛小妖",
            "content": "假新闻也好意思发",
            "time": "14-6-5 10:14"
        },
        {
            "comment id": 21,
            "parent": -1,
            "children": [],
            "user id": "2375106202",
            "user name": "zgzff",
            "content": "千年老谣！！！",
            "time": "14-6-5 10:13"
        }
    ]
}