{
    "source": {
        "content": "【好书推荐】（11）：中小规模养猪创业能否成功致富？如何起好步？大体分几步走？每步需要做哪些工作？注意什么问题？采取什么措施？金盾出版社出版的#中小规模养猪创业实施方案 #，站在初次养...文字版>> 网页链接 （新浪长微博>> 网页链接） ",
        "time": "14-12-23 18:54",
        "user id": "1772361074",
        "tweet id": "BCbJS80Fn",
        "label": 0,
        "theme": "社会生活"
    },
    "comment": [
        {
            "comment id": 0,
            "parent": -1,
            "children": [],
            "user id": "1772361074",
            "user name": "郭德征",
            "content": "谢谢您顶起这本为农民养猪创业致富的书。[顶啊] [ali顶起] [moc顶]//@祁睿的睿不是瑞: 转发微博",
            "time": "17-6-23 01:01"
        },
        {
            "comment id": 1,
            "parent": -1,
            "children": [],
            "user id": "1772361074",
            "user name": "郭德征",
            "content": "感谢您的转发和分享，是因为您的传播为农人送去了创业致富的知识和力量。//@美丽猪场: //@郭德征: 回复@美丽猪场:分享转分享，爱心传四方;同学创业经，共富品高尚 //@郭德征:养猪创业遭风险，借鉴经验破难关；推荐此书给您看，看后会知怎么办！谢谢您转发传播，急养猪人所急，",
            "time": "15-3-29 16:56"
        },
        {
            "comment id": 2,
            "parent": -1,
            "children": [],
            "user id": "1772361074",
            "user name": "郭德征",
            "content": "养猪创业遭风险，借鉴经验破难关；推荐此书给您看，看后会知怎么办！谢谢您转发传播，急养猪人所急，帮养猪人所需！//@鲍群GY999: //@郭德征:回复@华丰草业-王延飞: [转发] //@郭德征:回复@华丰草业-王延飞:看看，这位草业行家主动互助了。",
            "time": "15-3-29 16:06"
        },
        {
            "comment id": 3,
            "parent": -1,
            "children": [],
            "user id": "1772361074",
            "user name": "郭德征",
            "content": "分享转分享，爱心传四方;同学创业经，共富品高尚！向您学习！//@刘红中生态枸杞园: //@郭德征:回复@农学院13级中草药李晓峰: //@郭德征:回复@农学院13级中草药李晓峰:谢谢您再次顶起这条为养猪创业者提供急需知识的微博！[顶啊] [ali顶起] [moc顶]",
            "time": "15-3-12 08:23"
        },
        {
            "comment id": 4,
            "parent": -1,
            "children": [],
            "user id": "1772361074",
            "user name": "郭德征",
            "content": "回复@浩然正氣A1:[羊年大吉][大红灯笼]看到这位好伙伴的美好节日祝福很高兴，也祝您新春快乐，羊年吉祥，幸福快乐每一天！ ",
            "time": "15-2-18 19:35"
        },
        {
            "comment id": 5,
            "parent": -1,
            "children": [],
            "user id": "1893949354",
            "user name": "浩然正氣A1",
            "content": "欢欢喜喜到羊年，快快乐乐过春节，高高兴兴合家欢，平平安安又一年，开开心心送祝福，幸幸福福围你转，浩浩荡荡好运来，世世代代福无尽，愿郭叔春节快乐!",
            "time": "15-2-18 12:28"
        },
        {
            "comment id": 6,
            "parent": -1,
            "children": [],
            "user id": "1772361074",
            "user name": "郭德征",
            "content": "对您的转发分享，那些准备和正在立志养猪创业者一定会感到很需要，他们也一定会非常感谢您，您也会从中感受到最大的快乐！ //@百样人生致青春: [羊年大吉]//@郭德征:您转发分享的正是养猪创业者所需要的，您的一次转发可能帮助许多农友实现创业的美梦。向您学习！",
            "time": "15-2-16 21:41"
        },
        {
            "comment id": 7,
            "parent": -1,
            "children": [],
            "user id": "1772361074",
            "user name": "郭德征",
            "content": "您转发分享的正是养猪创业者所需要的，您的一次转发可能帮助许多农友实现创业的美梦。向您学习！//@榄山脚之阿黎农场: //@郭德征: @健康美食生活达人: //@郭德征:回复@Mc天佑_: //@郭德征:强力[推荐]#中小规模养猪创业实施方案#，",
            "time": "15-2-16 20:47"
        },
        {
            "comment id": 8,
            "parent": -1,
            "children": [],
            "user id": "1772361074",
            "user name": "郭德征",
            "content": "[转发]//@健康美食生活达人: //@郭德征:回复@Mc天佑_:[转发] //@郭德征:强力[推荐]#中小规模养猪创业实施方案#，使更多弱势农民因为您的分享走向养猪创业致富之路。向您学习！[玫瑰] //@壹品新闻: [推荐][推荐][推荐]",
            "time": "15-2-16 19:31"
        },
        {
            "comment id": 9,
            "parent": -1,
            "children": [],
            "user id": "1772361074",
            "user name": "郭德征",
            "content": "赞成您的经营理念，祝取得新成就！//@猴吃桃-眉县猕猴桃奇异果: 生鲜、农业是共通的，做好本分才是基础，夯实了基础才可以谈未来。多多像郭老师学习！谢谢您的分享！@郭德征: 作为三农公益传播者，看到您的认可和鼓励，很欣慰。谢谢您！@猴吃桃-眉县猕猴桃奇异果: 谢谢您的分享",
            "time": "15-2-16 18:47"
        },
        {
            "comment id": 10,
            "parent": -1,
            "children": [],
            "user id": "1772361074",
            "user name": "郭德征",
            "content": "[转发]//@陇南成县吴艳军: //@郭德征:作为三农公益传播者，看到您的认可和鼓励，很欣慰。谢谢您！//@猴吃桃-眉县猕猴桃奇异果: 谢谢您的分享！",
            "time": "15-2-16 18:44"
        },
        {
            "comment id": 11,
            "parent": -1,
            "children": [],
            "user id": "1772361074",
            "user name": "郭德征",
            "content": "好，支持！//@五道沟有机农场主: 公益助农团队，组建中。 //@微博助农:支持公益农业传播！ //@郭德征:情真意切！//@郭德征:这是一位老朋友，谢谢您对三农公益传播的一直关注和支持！",
            "time": "15-2-16 18:43"
        },
        {
            "comment id": 12,
            "parent": -1,
            "children": [],
            "user id": "1772361074",
            "user name": "郭德征",
            "content": " “支持”二字值千金，传播知识为农人。//@微博助农: 支持公益农业传播！ //@郭德征:情真意切！//@郭德征:这是一位老朋友，谢谢您对三农公益传播的一直关注和支持！/@五道沟有机农场主: //@郭德征:作为现代企业家，在迎春节的大忙时刻，热情、持续地为农民转发传播创业致富知识",
            "time": "15-2-16 18:43"
        },
        {
            "comment id": 13,
            "parent": -1,
            "children": [],
            "user id": "1772361074",
            "user name": "郭德征",
            "content": "情真意切！//@五道沟有机农场主: 谁让咱是从穷乡僻壤出来的呢。 //@郭德征:这是一位老朋友，谢谢您对三农公益传播的一直关注和支持！//@五道沟有机农场主: //@郭德征:作为现代企业家，在迎春节的大忙时刻，热情、持续地为农民转发传播创业致富知识，真是难能",
            "time": "15-2-16 17:08"
        },
        {
            "comment id": 14,
            "parent": -1,
            "children": [],
            "user id": "1772361074",
            "user name": "郭德征",
            "content": "这是一位老朋友，谢谢您对三农公益传播的一直关注和支持！//@五道沟有机农场主: //@郭德征:回复@潘虎Patrick://@郭德征:作为现代企业家，在迎春节的大忙时刻，热情、持续地为农民转发传播创业致富知识，真是难能可贵，值得学习和赞扬！ //@周垂虎: //@郭德征:回复@周垂虎:",
            "time": "15-2-16 17:00"
        },
        {
            "comment id": 15,
            "parent": -1,
            "children": [],
            "user id": "1772361074",
            "user name": "郭德征",
            "content": "作为三农公益传播者，看到您的认可和鼓励，很欣慰。谢谢您！//@猴吃桃-眉县猕猴桃奇异果: 谢谢您的分享！",
            "time": "15-2-16 16:58"
        },
        {
            "comment id": 16,
            "parent": -1,
            "children": [],
            "user id": "1772361074",
            "user name": "郭德征",
            "content": "满义是这部书的主要作者之一，谢谢您为弱势农民养猪创业致富提供的优质精神食粮。[玫瑰]//@屈满义-mythqu: 转发微博",
            "time": "15-2-16 16:08"
        },
        {
            "comment id": 17,
            "parent": -1,
            "children": [],
            "user id": "1772361074",
            "user name": "郭德征",
            "content": "作为现代企业家，在迎春节的大忙时刻，热情、持续地为农民转发传播创业致富知识，真是难能可贵，值得学习和赞扬！[玫瑰][ppb鼓掌]//@周垂虎: //@郭德征:回复@周垂虎: //@郭德征:共同的目标、共同的情感、共同的语言、共同的行动，咱们在服务三农路上一直在努力！ //@周垂虎:",
            "time": "15-2-16 16:03"
        },
        {
            "comment id": 18,
            "parent": -1,
            "children": [],
            "user id": "1772361074",
            "user name": "郭德征",
            "content": "强力[推荐]#中小规模养猪创业实施方案#，使更多弱势农民因为您的分享走向养猪创业致富之路。向您学习！[玫瑰]//@壹品新闻: [推荐][推荐][推荐]//@郭德征:回复@甘肃互助会:转发分享中小规模养猪创业知识，让更多小本钱农人因为您的传播走向创业致富之路。向您学习！",
            "time": "15-2-16 15:49"
        },
        {
            "comment id": 19,
            "parent": -1,
            "children": [],
            "user id": "1772361074",
            "user name": "郭德征",
            "content": "三农传播真给力，助农致富献爱心。向您学习！//@壹品新闻: [推荐][推荐][推荐]//@郭德征:回复@車xiao2://@郭德征:回复@周垂虎: //@郭德征:共同的目标、共同的情感、共同的语言、共同的行动，咱们在服务三农路上一直在努力！ //@周垂虎:您无私地为农民服务，我是您的兵，",
            "time": "15-2-16 15:42"
        },
        {
            "comment id": 20,
            "parent": -1,
            "children": [],
            "user id": "1772361074",
            "user name": "郭德征",
            "content": "您转发分享的正是养猪创业者所需要的，您的一次转发可能帮助许多农友实现创业的美梦。向您学习！//@60年代魁: //@郭德征:回复@周垂虎:[转发] //@郭德征:共同的目标、共同的情感、共同的语言、共同的行动，咱们在服务三农路上一直在努力！ //@宇之0132:",
            "time": "15-2-16 15:41"
        },
        {
            "comment id": 21,
            "parent": -1,
            "children": [],
            "user id": "1772361074",
            "user name": "郭德征",
            "content": "回复@甘肃互助会:转发分享中小规模养猪创业知识，让更多小本钱农人因为您的传播走向创业致富之路。向您学习！",
            "time": "15-2-16 00:03"
        },
        {
            "comment id": 22,
            "parent": -1,
            "children": [],
            "user id": "1772361074",
            "user name": "郭德征",
            "content": "熟悉的名字、热情的传播，咱们服务三农一直在路上、一直在努力。谢谢您！//@农世界廖海靖: 为郭老师手工先赞",
            "time": "15-2-15 22:43"
        },
        {
            "comment id": 23,
            "parent": -1,
            "children": [],
            "user id": "1772361074",
            "user name": "郭德征",
            "content": "共同的目标、共同的情感、共同的语言、共同的行动，咱们在服务三农路上一直在努力！//@宇之0132: //@周垂虎:您无私地为农民服务，我是您的兵，您影响了我！您是我们永远学习的榜样！ //@郭德征:转发分享中小规模养猪创业知识，让更多小本钱农人因为您的传播走向创业致富之路。",
            "time": "15-2-15 22:41"
        },
        {
            "comment id": 24,
            "parent": -1,
            "children": [],
            "user id": "3602156154",
            "user name": "农世界廖海靖",
            "content": "为郭老师手工先赞",
            "time": "15-2-15 22:19"
        },
        {
            "comment id": 25,
            "parent": -1,
            "children": [],
            "user id": "1772361074",
            "user name": "郭德征",
            "content": "您在军中是优秀指挥员，转业自主创业仅12年就成为拥有3600多员工、年产值达6个多亿的现代企业家。更难能可贵的是，无论当军官还是企业家，心里都始终想着农民，为有这样的好战友高兴、自豪！//@周垂虎: 您无私地为农民服务，我是您的兵，您影响了我！您是我们永远学习的榜样！ //@郭德征:",
            "time": "15-2-15 22:18"
        },
        {
            "comment id": 26,
            "parent": -1,
            "children": [],
            "user id": "1772361074",
            "user name": "郭德征",
            "content": "您在军中是优秀指挥员，转业自主创业是优秀企业家，仅用12年时间就使广州瑞虎集团发展成拥有3600员工、年产值达6个多亿。更难能可贵的是，无论当军官还是企业家，心里始终想着农民，为有这样的战友高兴、自豪！//@周垂虎: 您无私地为农民服务，我是您的兵，您影响了我！您是我们永远学习的榜样！",
            "time": "15-2-15 22:10"
        },
        {
            "comment id": 27,
            "parent": -1,
            "children": [],
            "user id": "2632814641",
            "user name": "翰林_编修君",
            "content": "值得推荐给养猪为主的家庭农场",
            "time": "15-2-15 21:12"
        },
        {
            "comment id": 28,
            "parent": -1,
            "children": [],
            "user id": "1772361074",
            "user name": "郭德征",
            "content": "转发分享中小规模养猪创业知识，让更多小本钱农人因为您的传播走向创业致富之路。向您学习！//@宇之0132: //@周垂虎:转发微博",
            "time": "15-2-15 20:13"
        },
        {
            "comment id": 29,
            "parent": -1,
            "children": [],
            "user id": "1772361074",
            "user name": "郭德征",
            "content": "阅读是一种成长，转载是一种智慧，分享是一种美德，智慧的你懂得分享，当你将这些有价值的信息传递给身边的朋友时，你在他们心里就会变得更有价值。向您学习。//@周垂虎: 转发微博",
            "time": "15-2-15 20:11"
        },
        {
            "comment id": 30,
            "parent": -1,
            "children": [],
            "user id": "1772361074",
            "user name": "郭德征",
            "content": "加三个话筒再转分享，为小本养猪创业者提供知识分享，谢谢您的爱心传播！//@服务养猪: 再转！",
            "time": "15-2-14 20:09"
        },
        {
            "comment id": 31,
            "parent": -1,
            "children": [],
            "user id": "1772361074",
            "user name": "郭德征",
            "content": "在当前养猪面临较大风险情况下，养猪创业特别需要看这本书，它对如何把猪既养得好又卖得出去、选择多大规模和什么饲养形式、怎样利用国家政策、如何处理粪污、如何组织循环生态生产等难点、热点问题都做了回答，并有实例参考。谢谢您爱心传播！//@无忧粮品: 转给喜欢养殖的朋友们！",
            "time": "15-2-14 20:06"
        },
        {
            "comment id": 32,
            "parent": -1,
            "children": [],
            "user id": "3346882514",
            "user name": "二师兄的快餐",
            "content": "再转！",
            "time": "15-2-14 15:32"
        },
        {
            "comment id": 33,
            "parent": -1,
            "children": [],
            "user id": "1772361074",
            "user name": "郭德征",
            "content": "要把好的经营项目和经验传播给农友分享，既要有共同致富的思想境界又要有不惜花费时间转发传播的奉献精神。向周垂虎董事长兼总经理学习！//@周垂虎: 转发微博",
            "time": "15-2-13 23:54"
        },
        {
            "comment id": 34,
            "parent": -1,
            "children": [],
            "user id": "1772361074",
            "user name": "郭德征",
            "content": "回复@空桐山人 的赞:",
            "time": "15-2-12 12:19"
        },
        {
            "comment id": 35,
            "parent": -1,
            "children": [],
            "user id": "1772361074",
            "user name": "郭德征",
            "content": "//@周垂虎: //@郭德征:谢谢这位老朋友再次顶起这本为农村弱势群体养猪创业致富的书。[顶啊] [ali顶起] [moc顶]//@认养粮食猪: ",
            "time": "15-2-12 07:28"
        },
        {
            "comment id": 36,
            "parent": -1,
            "children": [],
            "user id": "1772361074",
            "user name": "郭德征",
            "content": "您转发分享的正是许多立志养猪创业者所需要的，您的一次转发可能成就许多农友创业的美梦。向您学习！//@沈远程2013: ∥//@郭德征:[转发][转发]//@青春杨店大学生村官: //@郭德征: 回复@庄里的四川人:不容易，是行家啦。//@庄里的四川人:",
            "time": "15-2-12 07:28"
        },
        {
            "comment id": 37,
            "parent": -1,
            "children": [],
            "user id": "1772361074",
            "user name": "郭德征",
            "content": "您转发分享的正是养猪创业者所需要的，您的一次转发可能帮助许多农友实现创业的美梦。向您学习！//@万里行策划: 转发微博",
            "time": "15-2-12 07:26"
        },
        {
            "comment id": 38,
            "parent": -1,
            "children": [],
            "user id": "1772361074",
            "user name": "郭德征",
            "content": "谢谢这位老朋友再次顶起这本为农村弱势群体养猪创业致富的书。[顶啊] [ali顶起] [moc顶]//@认养粮食猪: ",
            "time": "15-2-12 07:25"
        },
        {
            "comment id": 39,
            "parent": -1,
            "children": [],
            "user id": "1772361074",
            "user name": "郭德征",
            "content": "[转发]//@沈远程2013: ////@郭德征:回复@庄里的四川人:不容易，是行家啦。//@庄里的四川人:回复@郭德征:维修工是10年干的//@庄里的四川人:小年快乐！//@郭德征:回复@陇南张茜 的赞:",
            "time": "15-2-12 07:22"
        },
        {
            "comment id": 40,
            "parent": -1,
            "children": [],
            "user id": "1772361074",
            "user name": "郭德征",
            "content": "[转发]//@沈远程2013: ////@郭德征:[转发][转发]//@青春杨店大学生村官: //@郭德征: 回复@庄里的四川人:不容易，是行家啦。//@庄里的四川人:回复@郭德征:维修工是10年干的//@庄里的四川人:小年快乐！//@郭德征:回复@陇南张茜 的赞:",
            "time": "15-2-12 07:22"
        },
        {
            "comment id": 41,
            "parent": -1,
            "children": [],
            "user id": "1444902555",
            "user name": "三农网闻",
            "content": "转发微博",
            "time": "15-2-12 00:36"
        },
        {
            "comment id": 42,
            "parent": -1,
            "children": [],
            "user id": "1930418263",
            "user name": "认养粮食猪",
            "content": "",
            "time": "15-2-11 22:39"
        },
        {
            "comment id": 43,
            "parent": -1,
            "children": [],
            "user id": "1772361074",
            "user name": "郭德征",
            "content": "[转发][转发]//@青春杨店大学生村官: //@郭德征: 回复@庄里的四川人:不容易，是行家啦。//@庄里的四川人:回复@郭德征:维修工是10年干的//@庄里的四川人:小年快乐！//@郭德征:回复@陇南张茜 的赞:",
            "time": "15-2-11 17:24"
        },
        {
            "comment id": 44,
            "parent": -1,
            "children": [],
            "user id": "1772361074",
            "user name": "郭德征",
            "content": "[转发]//@陇南张茜: 回复@郭德征://@郭德征:要把好的经营项目和经验传播给农友分享，既要有共同致富的思想境界又要有不惜花费时间转发传播的奉献精神。向您学习！//@康之来生态农场: 郭老师客气了！",
            "time": "15-2-10 11:39"
        },
        {
            "comment id": 45,
            "parent": -1,
            "children": [],
            "user id": "2104584220",
            "user name": "THE南风",
            "content": "养猪投入太大，要是一些土特产的致富书就好了",
            "time": "15-2-10 09:18"
        },
        {
            "comment id": 46,
            "parent": -1,
            "children": [],
            "user id": "1772361074",
            "user name": "郭德征",
            "content": "回复@陇南张茜:您转发的正是当前农民小本养猪创业急需的，您的一次分享可能帮助许多农友走向养猪创业致富之路。谢谢您的爱心传播！",
            "time": "15-2-10 08:46"
        },
        {
            "comment id": 47,
            "parent": -1,
            "children": [],
            "user id": "1769510674",
            "user name": "陇南张茜",
            "content": "回复@郭德征:",
            "time": "15-2-10 08:16"
        },
        {
            "comment id": 48,
            "parent": -1,
            "children": [],
            "user id": "1772361074",
            "user name": "郭德征",
            "content": "要把好的经营项目和经验传播给农友分享，既要有共同致富的思想境界又要有不惜花费时间转发传播的奉献精神。向您学习！//@康之来生态农场: 郭老师客气了！",
            "time": "15-2-9 21:21"
        },
        {
            "comment id": 49,
            "parent": -1,
            "children": [],
            "user id": "1772361074",
            "user name": "郭德征",
            "content": "[转发]//@有草名含羞: @留坝山珍 //@郭德征:回复@AlphaLeong:服务三农，咱们携手前行。 //@AlphaLeong:回复@郭德征:爱你！ //@郭德征:转发分享中小规模养猪创业知识，让更多小本钱农人因为您的传播走向创业致富之路。向您学习！ //@庆阳热媒体: 转发微博",
            "time": "15-2-9 20:28"
        },
        {
            "comment id": 50,
            "parent": -1,
            "children": [],
            "user id": "1772361074",
            "user name": "郭德征",
            "content": "关注三农、关心农民创业、支持农民致富，向您学习！//@北京美泽林: 好书推荐，感谢分享 //@郭德征:转发分享中小规模养猪创业知识，让更多小本钱农人因为您的传播走向创业致富之路。向您学习！//@庆阳热媒体: 转发微博",
            "time": "15-2-9 20:19"
        },
        {
            "comment id": 51,
            "parent": -1,
            "children": [],
            "user id": "1772361074",
            "user name": "郭德征",
            "content": "转发分享中小规模养猪创业知识，让更多小本钱农人因为您的传播走向创业致富之路。向您学习！//@庆阳热媒体: 转发微博",
            "time": "15-2-9 20:15"
        },
        {
            "comment id": 52,
            "parent": -1,
            "children": [],
            "user id": "1772361074",
            "user name": "郭德征",
            "content": "回复@庆阳热媒体:在养猪业向规模化发展形势下为什么写这本书，因为中小规模养猪在我国仍占很大比例，而且不会在短期内改变这种状况，加之这些都是经济条件相对较弱者选择的创业项目，同时也符合适度规模的要求，更重要的是，实践证明只要经营得法，是能够帮农民致富的。谢谢您的爱心传播！",
            "time": "15-2-9 20:14"
        },
        {
            "comment id": 53,
            "parent": -1,
            "children": [],
            "user id": "1772361074",
            "user name": "郭德征",
            "content": "在当前养猪面临较大风险情况下，养猪创业者特别需要看这本书，它对如何把猪既养得好又卖得出去、选择多大规模和什么饲养形式、怎样利用国家优惠政策、如何处理粪污、如何组织循环生态生产等难点、热点问题都做了回答，并有实例供参考。谢谢您爱心传播！//@晨暮光影: 转发微博",
            "time": "15-2-9 19:56"
        },
        {
            "comment id": 54,
            "parent": -1,
            "children": [],
            "user id": "2866275992",
            "user name": "成都曹帅",
            "content": "转发微博",
            "time": "15-2-9 19:53"
        },
        {
            "comment id": 55,
            "parent": -1,
            "children": [],
            "user id": "1772361074",
            "user name": "郭德征",
            "content": "民众心声！//@里斯本的李: 今年过年回家采购对国内生猪生产不足，难以满足国内市场深有体会，家里3线城市的乡镇出售的猪前肘都还是荷兰进口的，这本书对于广大生猪生产具有很好的引导@批判即是建设: 请将这本书推荐至各大高校，现在高校都是养猪场~~//@白春明-农业引擎: @郭德征:",
            "time": "15-2-9 19:49"
        },
        {
            "comment id": 56,
            "parent": -1,
            "children": [],
            "user id": "1772361074",
            "user name": "郭德征",
            "content": "专家学者把主要精力用于教研是对的，但也要承担科学普及义务，因为任何先进科学技术只有用于实践才能转化为生产能力。在这方面确实很薄弱，农民需要像白老师这样的专家学者！//@白春明-农业引擎: 养猪有什么不对，和高校没关系//@新资本论作者何求:我们航天事业的 人才就是在养猪场里培养出来的",
            "time": "15-2-9 19:46"
        },
        {
            "comment id": 57,
            "parent": -1,
            "children": [],
            "user id": "1772361074",
            "user name": "郭德征",
            "content": "农业是关系国计民生事业，在我国也是弱势行业，需要更多行业支持，尤其需要相关专家学者的关心和支持，这样才能推动农村经济发展，加快实现全面小康社会。//@白春明-农业引擎: 您这研究员也是高校出来的吧//@批判即是建设:请将这本书推荐至各大高校，现在高校都是养猪场~//@白春明-农业引擎:",
            "time": "15-2-9 19:31"
        },
        {
            "comment id": 58,
            "parent": -1,
            "children": [],
            "user id": "1772361074",
            "user name": "郭德征",
            "content": "国家兴旺需要各业支撑，各业都要发展，尤其我们作为农业大国、人口众多，吃饭问题必须引起格外重视，所以农业工作才摆在重中之重的位置。//@新资本论作者何求: 我们航天事业的 人才就是在养猪场里培养出来的 //@批判即是建设: 请将这本书推荐至各大高校，现在高校都是养猪场~//@白春明-农业引擎:",
            "time": "15-2-9 19:21"
        },
        {
            "comment id": 59,
            "parent": -1,
            "children": [],
            "user id": "1772361074",
            "user name": "郭德征",
            "content": "肉产品供应关系国计民生，生猪生产是国家重点关注的养殖项目，向农民朋友传播养猪创业知识、尤其是我们的专家教授能为普及这方面的知识积极做工作，真是难能可贵，值得学习和赞扬！[玫瑰][ppb鼓掌]//@批判即是建设: 请将这本书推荐至各大高校，现在高校都是养猪场~~//@白春明-农业引擎: @郭德征:",
            "time": "15-2-9 19:12"
        },
        {
            "comment id": 60,
            "parent": -1,
            "children": [],
            "user id": "1772361074",
            "user name": "郭德征",
            "content": "小康不小康，关键看老乡。农业是党和国家工作重中之重。中国农业大学白春明农业规划咨询师热情关注和支持三农公益传播活动的精神值得学习。//@白春明-农业引擎: //@郭德征:您转发的正是当前小本养猪创业者急需的，您的一次分享会帮助许多农友走向养猪创业成功之路。向您学习！@河南科技报雷建树:",
            "time": "15-2-9 19:05"
        },
        {
            "comment id": 61,
            "parent": -1,
            "children": [],
            "user id": "1907056614",
            "user name": "杨国英观察",
            "content": "请将这本书推荐至各大高校，现在高校都是养猪场~~//@白春明-农业引擎: //@郭德征:您转发的正是当前小本养猪创业者急需的，您的一次分享会帮助许多农友走向养猪创业成功之路。向您学习！",
            "time": "15-2-9 12:25"
        },
        {
            "comment id": 62,
            "parent": -1,
            "children": [],
            "user id": "1772361074",
            "user name": "郭德征",
            "content": "回复@曹云万丶:",
            "time": "15-2-9 12:02"
        },
        {
            "comment id": 63,
            "parent": -1,
            "children": [],
            "user id": "1779357221",
            "user name": "一名风景摄影爱好者",
            "content": "回复@郭德征:",
            "time": "15-2-9 11:46"
        },
        {
            "comment id": 64,
            "parent": -1,
            "children": [],
            "user id": "1772361074",
            "user name": "郭德征",
            "content": "回复@曹云万丶 的赞:您点赞分享的，正是当前小本养猪创业者急需的，谢谢您的爱心传播！",
            "time": "15-2-9 11:41"
        },
        {
            "comment id": 65,
            "parent": -1,
            "children": [],
            "user id": "1772361074",
            "user name": "郭德征",
            "content": "谢谢您的认可和支持！//@农家参谋李二喜: 回复@郭德征:#农家参谋#看郭老师的书，养的猪腰真是粗。",
            "time": "15-2-8 23:07"
        },
        {
            "comment id": 66,
            "parent": -1,
            "children": [],
            "user id": "5454455398",
            "user name": "简单生活--喜子",
            "content": "回复@郭德征:#农家参谋#看郭老师的书，养的猪腰真是粗。",
            "time": "15-2-8 20:29"
        },
        {
            "comment id": 67,
            "parent": -1,
            "children": [],
            "user id": "1772361074",
            "user name": "郭德征",
            "content": "在当前养猪面临较大风险情况下，养猪创业者特别需要看这本书，它对如何把猪既养得好又卖得出去、选择多大规模和什么饲养形式、怎样利用国家优惠政策、如何处理粪污、如何组织循环生态生产等热点问题都做了回答，并有实例参考。谢谢周垂虎董事长兼经理的爱心传播！[玫瑰]//@周垂虎:",
            "time": "15-2-8 17:23"
        },
        {
            "comment id": 68,
            "parent": -1,
            "children": [],
            "user id": "1772361074",
            "user name": "郭德征",
            "content": "回复@李毓芳微薄:赞！特别是在当前养猪创业风险较大的情况下，学习新知识、新技术尤为重要。",
            "time": "15-2-6 12:16"
        },
        {
            "comment id": 69,
            "parent": -1,
            "children": [],
            "user id": "2471083567",
            "user name": "不爱参加运动会的孩子",
            "content": "@郭德征 郭德纲跟您是啥关系？",
            "time": "15-2-6 09:42"
        },
        {
            "comment id": 70,
            "parent": -1,
            "children": [],
            "user id": "1649025650",
            "user name": "李毓芳微薄",
            "content": "回复@郭德征:帮助农民养殖技术的经验传播是减少农民养殖风险的一种途经。",
            "time": "15-2-6 09:27"
        },
        {
            "comment id": 71,
            "parent": -1,
            "children": [],
            "user id": "1772361074",
            "user name": "郭德征",
            "content": "[转发]//@农禾之家咨询中心: @郭德征: 本书可供返乡农民工、复转军人、大学生村官等立志养猪创业者参考，他们共同点是没有很强经济实力、没有专业知识，但有强烈养猪创业愿望。此书以实施方案为体例可按步操作，有大量实例可仿照去做，由专家点拨可避免走弯路，通俗易懂可看得懂、学得会。",
            "time": "15-2-4 15:06"
        },
        {
            "comment id": 72,
            "parent": -1,
            "children": [],
            "user id": "1772361074",
            "user name": "郭德征",
            "content": "转发分享中小规模养猪创业知识，让更多小本钱农人因为您的传播走向创业致富之路。向您学习//@河北-庞金鹏: @郭德征:在当前养猪面临较大风险情况下养猪创业特别需要看这本书，它对如何把猪既养得好又卖得出去、选择多大规模和什么饲养形式、怎样利用国家政策、如何组织生态生产等热点问题都做了回答",
            "time": "15-2-4 15:03"
        },
        {
            "comment id": 73,
            "parent": -1,
            "children": [],
            "user id": "1851957164",
            "user name": "河北--金鹏",
            "content": " //@郭德征:回复@善良的哈尼普洱茶:在当前养猪面临较大风险情况下，养猪创业者特别需要看这本书，它对如何把猪既养得好又卖得出去、选择多大规模和什么饲养形式、怎样利用国家优惠政策、如何处理粪污、如何组织循环生态生产等难点、热点问题都做了回答，并有实例供参考。谢谢您爱心传播！[",
            "time": "15-2-4 09:58"
        },
        {
            "comment id": 74,
            "parent": -1,
            "children": [],
            "user id": "1772361074",
            "user name": "郭德征",
            "content": "回复@艾涛涛V:在养猪业向规模化发展形势下为什么写这本书，因为中小规模养猪在我国仍占很大比例，而且不会在短期内改变这种状况，加之这些都是经济条件相对较弱者选择的创业项目，同时也符合适度规模的要求，更重要的是，实践证明，只要经营得法，是能够帮助农民致富的。",
            "time": "15-2-4 09:25"
        },
        {
            "comment id": 75,
            "parent": -1,
            "children": [],
            "user id": "1772361074",
            "user name": "郭德征",
            "content": "做任何事都要学习，创业更是如此，因为创业本身就意味着进入一个未知识领域，而且成功与否直接关系自己的前途。尤其在当今新知识、新技术飞速发展形势 下，更要重视学习，所以向您学习学习！@去了稻壳没有米: 您过奖了！@郭德征:回复@去了稻壳没有米:学习是素质的积累、迈向成功的起始。向您学习学习！",
            "time": "15-2-4 00:00"
        },
        {
            "comment id": 76,
            "parent": -1,
            "children": [],
            "user id": "1772361074",
            "user name": "郭德征",
            "content": "回复@去了稻壳没有米:学习是素质的积累、迈向成功的起始。向您学习学习！",
            "time": "15-2-3 22:51"
        },
        {
            "comment id": 77,
            "parent": -1,
            "children": [],
            "user id": "1772361074",
            "user name": "郭德征",
            "content": "在当前养猪面临较大风险情况下，养猪创业者特别需要看这本书，它对如何把猪既养得好又卖得出去、选择多大规模和什么样的饲养形式、怎样利用好国家优惠政策、如何处理粪污、如何组织循环生态生产等难点、热点问题都做了回答，并列举有实例供参考。谢谢您爱心传播！//@陇南徽县麻沿河乡政府:",
            "time": "15-2-3 17:49"
        },
        {
            "comment id": 78,
            "parent": -1,
            "children": [],
            "user id": "1772361074",
            "user name": "郭德征",
            "content": "回复@中国农民手机报农资版:在当前养猪面临较大风险情况下，养猪创业者特别需要看看这本书，它对如何把猪既养得好又卖得出去、选择多大规模和什么样的饲养形式、怎样利用好国家优惠政策、如何处理粪污、如何组织循环生态生产等难点、热点问题都做了回答，并列举有实例供参考。谢谢您爱心传播！[玫瑰]",
            "time": "15-2-1 23:52"
        },
        {
            "comment id": 79,
            "parent": -1,
            "children": [],
            "user id": "1772361074",
            "user name": "郭德征",
            "content": "回复@艳玲姐姐:谢谢您对三农公益传播的关注和支持！",
            "time": "15-2-1 21:16"
        }
    ]
}