{
    "source": {
        "content": "【今天是诺基亚的最后一天】明天他就正式归入微软旗下了。当诺基亚现任CEO约玛·奥利拉在记者招待会上公布同意微软收购时最后说了一句话：我们并没有做错什么，但不知为什么，我们输了。说完几十名诺基亚高管不禁落泪。你曾拥有的诺基亚是哪款？ ",
        "time": "14-7-19 23:19",
        "user id": "1800341434",
        "tweet id": "BelnswDK6",
        "label": 1,
        "theme": "财经商业"
    },
    "comment": [
        {
            "comment id": 0,
            "parent": -1,
            "children": [],
            "user id": "5057174551",
            "user name": "凯伦Ace_782",
            "content": "超级喜欢诺基亚！",
            "time": "14-7-20 23:10"
        },
        {
            "comment id": 1,
            "parent": -1,
            "children": [],
            "user id": "2698512857",
            "user name": "yc就是永恒",
            "content": "1110",
            "time": "14-7-20 15:23"
        },
        {
            "comment id": 2,
            "parent": -1,
            "children": [],
            "user id": "3976333503",
            "user name": "不都是汽泡水",
            "content": "5800",
            "time": "14-7-20 10:06"
        },
        {
            "comment id": 3,
            "parent": -1,
            "children": [],
            "user id": "2034213085",
            "user name": "天美苑博",
            "content": "回复@墨墨很无常:这也是理由啊",
            "time": "14-7-20 08:58"
        },
        {
            "comment id": 4,
            "parent": -1,
            "children": [],
            "user id": "3914069131",
            "user name": "点一下看看",
            "content": "致终将逝去的诺基亚，青春已逝，只剩怀念，，，886",
            "time": "14-7-20 07:41"
        },
        {
            "comment id": 5,
            "parent": -1,
            "children": [],
            "user id": "3117855213",
            "user name": "太阳吻过风",
            "content": "输在死守塞班和选择wp系统",
            "time": "14-7-20 07:10"
        },
        {
            "comment id": 6,
            "parent": -1,
            "children": [],
            "user id": "5074801009",
            "user name": "孙艳新hz",
            "content": "E71",
            "time": "14-7-20 03:27"
        },
        {
            "comment id": 7,
            "parent": -1,
            "children": [],
            "user id": "5201062847",
            "user name": "小奶糖包",
            "content": "N8",
            "time": "14-7-20 03:22"
        },
        {
            "comment id": 8,
            "parent": -1,
            "children": [],
            "user id": "1926378560",
            "user name": "圆大喂",
            "content": "X3，还被人给偷了，那时候诺基亚还是好手机的代表。",
            "time": "14-7-20 02:55"
        },
        {
            "comment id": 9,
            "parent": -1,
            "children": [],
            "user id": "2100109195",
            "user name": "良一羞",
            "content": "诺基亚输是纯属活该啊，N95刚出的时候我同学买了个4900好像是。然后过了半年我在专卖店2450买的移动定制机。我那同学能再喜欢诺基亚吗？被坑的感觉啊，苹果几乎不掉价啊。这样干它必须失去客户然后倒闭，系统的对比还没加进来呢。",
            "time": "14-7-20 01:54"
        },
        {
            "comment id": 10,
            "parent": -1,
            "children": [],
            "user id": "2877220504",
            "user name": "喵喵喵喵喵喵喵喵喵喵呀",
            "content": "默默的。转了",
            "time": "14-7-20 01:23"
        },
        {
            "comment id": 11,
            "parent": -1,
            "children": [],
            "user id": "5213993425",
            "user name": "生物-邪神模式",
            "content": "難過",
            "time": "14-7-20 01:08"
        },
        {
            "comment id": 12,
            "parent": -1,
            "children": [],
            "user id": "1252192443",
            "user name": "墨墨很无常",
            "content": "@天美苑博 你知道吗当初喜欢你的原因之一就是你在用n73，虽然当时我在用n95[挖鼻屎]",
            "time": "14-7-20 00:55"
        },
        {
            "comment id": 13,
            "parent": -1,
            "children": [],
            "user id": "5150671735",
            "user name": "前男友天一",
            "content": "n97",
            "time": "14-7-20 00:46"
        },
        {
            "comment id": 14,
            "parent": -1,
            "children": [],
            "user id": "2860448184",
            "user name": "我们终究还是要分离的",
            "content": "我的第一個手機，諾基亞1100",
            "time": "14-7-20 00:44"
        },
        {
            "comment id": 15,
            "parent": -1,
            "children": [],
            "user id": "3907861541",
            "user name": "gogogo2g",
            "content": "[好棒]霸主走好",
            "time": "14-7-20 00:15"
        },
        {
            "comment id": 16,
            "parent": -1,
            "children": [],
            "user id": "5141799912",
            "user name": "韭菜哈根达",
            "content": "一代传奇",
            "time": "14-7-19 23:49"
        },
        {
            "comment id": 17,
            "parent": -1,
            "children": [],
            "user id": "1773427737",
            "user name": "嘭哒哒",
            "content": "只能说在创新上面他们越走越偏，没有新的创新只知道换系统",
            "time": "14-7-19 23:29"
        },
        {
            "comment id": 18,
            "parent": -1,
            "children": [],
            "user id": "5221222190",
            "user name": "Hedyyy_",
            "content": "苹果三星还没那么火的时候用的诺基亚，用过N85和N97，当时觉得逼格特高了。",
            "time": "14-7-19 23:25"
        },
        {
            "comment id": 19,
            "parent": -1,
            "children": [],
            "user id": "5019213403",
            "user name": "柯南君说真相只有一个",
            "content": "不知道为什么，输了",
            "time": "14-7-19 23:22"
        }
    ]
}