{
    "source": {
        "content": "【阿婆去银行取500块不给办理 那就拿2亿吧】广州一阿婆去银行取500元，柜台小姐不耐烦：去ATM机拿。阿婆：那把卡里所有的钱都拿出来。柜台小姐：你卡里有两个亿,要预约才能拿到。阿婆：现在能拿多少？柜台小姐帮阿婆取30万，阿婆拿出500元说,“帮我存299500元！活该你 （东莞时报） 有钱，任性！ ",
        "time": "15-1-12 12:48",
        "user id": "2514461431",
        "tweet id": "BFbT6yWSL",
        "label": 1,
        "theme": "财经商业"
    },
    "comment": [
        {
            "comment id": 0,
            "parent": -1,
            "children": [],
            "user id": "36088944",
            "user name": "老腊肉zbs",
            "content": "原来是笑话而已，请初发着注明，免得博友误以为真。",
            "time": "15-1-24 07:36"
        },
        {
            "comment id": 1,
            "parent": -1,
            "children": [],
            "user id": "2994363885",
            "user name": "我是张十六",
            "content": "这是真任性啊。哈哈哈哈哈",
            "time": "15-1-13 23:47"
        },
        {
            "comment id": 2,
            "parent": -1,
            "children": [],
            "user id": "5092607654",
            "user name": "ninini妮子",
            "content": "@你不懂aA1_ @Naaaa_CHEN @柯柯柯Lin @95没有人像你 @雯宝宝b @悦猪的世界Angie",
            "time": "15-1-13 00:12"
        },
        {
            "comment id": 3,
            "parent": -1,
            "children": [],
            "user id": "2380753695",
            "user name": "退堂鼓扩音器",
            "content": "好可怕。。。",
            "time": "15-1-12 22:48"
        },
        {
            "comment id": 4,
            "parent": -1,
            "children": [],
            "user id": "2338356763",
            "user name": "天哪鹿i",
            "content": "@请叫我钟大人 希望我老了就是这个阿婆",
            "time": "15-1-12 22:48"
        },
        {
            "comment id": 5,
            "parent": -1,
            "children": [],
            "user id": "3068318717",
            "user name": "踢飞飞飞",
            "content": "有2亿的人能干出全部存银行这种事，有脑子的人会相信这新闻？",
            "time": "15-1-12 20:56"
        },
        {
            "comment id": 6,
            "parent": -1,
            "children": [],
            "user id": "2109779752",
            "user name": "皮蛋青椒大王",
            "content": "@谭JINYANG",
            "time": "15-1-12 19:34"
        },
        {
            "comment id": 7,
            "parent": -1,
            "children": [],
            "user id": "2005181004",
            "user name": "Sansa033",
            "content": "@方晶晶_ @不能暴露我的微博",
            "time": "15-1-12 18:23"
        },
        {
            "comment id": 8,
            "parent": -1,
            "children": [],
            "user id": "1887821365",
            "user name": "胡大仙专用",
            "content": "@KLDuyet   看看什么叫有钱任性",
            "time": "15-1-12 17:56"
        },
        {
            "comment id": 9,
            "parent": -1,
            "children": [],
            "user id": "2123321821",
            "user name": "草虫一点張",
            "content": "@das_Kind",
            "time": "15-1-12 17:33"
        },
        {
            "comment id": 10,
            "parent": -1,
            "children": [],
            "user id": "3253011167",
            "user name": "大爱大成都",
            "content": "//@牙尖成都话: 有钱，任性！",
            "time": "15-1-12 17:31"
        },
        {
            "comment id": 11,
            "parent": -1,
            "children": [],
            "user id": "3899733366",
            "user name": "lllllllllllilllllllllll",
            "content": "牛逼的老太   我也想老了这样！",
            "time": "15-1-12 17:13"
        },
        {
            "comment id": 12,
            "parent": -1,
            "children": [],
            "user id": "2316789197",
            "user name": "wgtgtmpmpwg",
            "content": "我靠",
            "time": "15-1-12 17:05"
        },
        {
            "comment id": 13,
            "parent": -1,
            "children": [],
            "user id": "1822957725",
            "user name": "壹树一菩提",
            "content": "显然是受了银行气的穷傻意淫出来的段子",
            "time": "15-1-12 17:01"
        },
        {
            "comment id": 14,
            "parent": -1,
            "children": [],
            "user id": "1817325805",
            "user name": "郭中意_",
            "content": "酷毙了！！",
            "time": "15-1-12 14:50"
        },
        {
            "comment id": 15,
            "parent": -1,
            "children": [],
            "user id": "3040256004",
            "user name": "成都大杂烩",
            "content": "我只是笑笑不说话//@成都红人馆: 有钱，任性！",
            "time": "15-1-12 14:47"
        },
        {
            "comment id": 16,
            "parent": -1,
            "children": [],
            "user id": "1298692021",
            "user name": "Nastwan",
            "content": "别人家的老妈//@成都红人馆: 有钱，任性！",
            "time": "15-1-12 14:38"
        },
        {
            "comment id": 17,
            "parent": -1,
            "children": [],
            "user id": "1926772475",
            "user name": "多吉o",
            "content": "我倒是不信现在的银行柜台有这种态度。",
            "time": "15-1-12 14:37"
        },
        {
            "comment id": 18,
            "parent": -1,
            "children": [],
            "user id": "1814082467",
            "user name": "雪融成念",
            "content": "好任性",
            "time": "15-1-12 14:32"
        },
        {
            "comment id": 19,
            "parent": -1,
            "children": [],
            "user id": "3179542190",
            "user name": "论暴富的可能性",
            "content": "任性",
            "time": "15-1-12 14:28"
        },
        {
            "comment id": 20,
            "parent": -1,
            "children": [],
            "user id": "1942734405",
            "user name": "MirandaCheung_",
            "content": "哈哈哈哈哈哈哈哈",
            "time": "15-1-12 14:26"
        },
        {
            "comment id": 21,
            "parent": -1,
            "children": [],
            "user id": "1767520972",
            "user name": "乔文ii",
            "content": "回复@朱昱叡:酷炫",
            "time": "15-1-12 14:21"
        },
        {
            "comment id": 22,
            "parent": -1,
            "children": [],
            "user id": "3308325935",
            "user name": "一碗老麻抄手er",
            "content": "回复@周笔畅喊你来重庆:太酷了",
            "time": "15-1-12 14:14"
        },
        {
            "comment id": 23,
            "parent": -1,
            "children": [],
            "user id": "1767520972",
            "user name": "乔文ii",
            "content": "回复@朱昱叡:我看了的",
            "time": "15-1-12 14:13"
        },
        {
            "comment id": 24,
            "parent": -1,
            "children": [],
            "user id": "3308325935",
            "user name": "一碗老麻抄手er",
            "content": "@周笔畅喊你来重庆 哈哈哈",
            "time": "15-1-12 14:11"
        },
        {
            "comment id": 25,
            "parent": -1,
            "children": [],
            "user id": "2077199335",
            "user name": "了不起的成都",
            "content": "有钱，任性！",
            "time": "15-1-12 14:07"
        },
        {
            "comment id": 26,
            "parent": -1,
            "children": [],
            "user id": "5397361329",
            "user name": "卢北发",
            "content": "老段子了，哎",
            "time": "15-1-12 14:04"
        },
        {
            "comment id": 27,
            "parent": -1,
            "children": [],
            "user id": "2345401771",
            "user name": "Ensure的sure",
            "content": "两个亿，好任性",
            "time": "15-1-12 13:42"
        },
        {
            "comment id": 28,
            "parent": -1,
            "children": [],
            "user id": "5406943691",
            "user name": "QUE张",
            "content": "喊你欺负人家",
            "time": "15-1-12 13:34"
        },
        {
            "comment id": 29,
            "parent": -1,
            "children": [],
            "user id": "2879722877",
            "user name": "ZHADANEM",
            "content": "@___L__Queen__",
            "time": "15-1-12 13:22"
        },
        {
            "comment id": 30,
            "parent": -1,
            "children": [],
            "user id": "1073240294",
            "user name": "曹艺灵",
            "content": "有钱太任性了",
            "time": "15-1-12 13:20"
        },
        {
            "comment id": 31,
            "parent": -1,
            "children": [],
            "user id": "1727579120",
            "user name": "Chocoyoyo",
            "content": " 果然有钱就任性。几时我都可以咁任性呢？",
            "time": "15-1-12 13:20"
        },
        {
            "comment id": 32,
            "parent": -1,
            "children": [],
            "user id": "2087547442",
            "user name": "T1桑今天运气好了么",
            "content": "以前我们学校附近的银行，ATM排了很长的队，我就想到柜台去取，柜员忙着吹牛根本不理我",
            "time": "15-1-12 13:16"
        }
    ]
}