{
    "source": {
        "content": "陈光：国务院新行政区域划分方案即将出台： 据悉，国务院新行政区域划分方案出台：设3都（北京、上海、香港）、6区（内蒙、宁夏、广西、西藏、南疆、北疆）、41省，共50个省级行政区。方案如下...文字版>> 网页链接 （新浪长微博>> 网页链接） ",
        "time": "14-8-1 20:40",
        "user id": "1242209385",
        "tweet id": "BgiTcdUjc",
        "label": 1,
        "theme": "政治"
    },
    "comment": [
        {
            "comment id": 0,
            "parent": -1,
            "children": [],
            "user id": "2165874592",
            "user name": "phmark0311",
            "content": "你这是可靠消息吗？好像传了好久哦，不是从你开始吧？不确定，就不要以讹传讹哦？",
            "time": "15-2-26 11:36"
        },
        {
            "comment id": 1,
            "parent": -1,
            "children": [],
            "user id": "3060116603",
            "user name": "蛇尾蟾",
            "content": "/ 如果真的像这样分的话我以后就会是扬子江省淮南市人",
            "time": "15-2-24 15:25"
        },
        {
            "comment id": 2,
            "parent": -1,
            "children": [],
            "user id": "1200521362",
            "user name": "9绿叶素荣9",
            "content": "嗬！[挖鼻屎]//@严凤英之子: 此言若真，亦是折腾！再来一番人事关系的乾坤大挪移，再来一次资源重新配置和调整，再耽误30年时间够不够 //@许石林: //@冯学成: 把历史、文化、民俗、交通、语言，乃至民众的心理统统搞乱的杂脍拼盘。 //@杜子建:那么，我大池州市，就划归“扬子江省”了？安徽省一分为三",
            "time": "14-12-21 13:28"
        },
        {
            "comment id": 3,
            "parent": -1,
            "children": [],
            "user id": "1868563731",
            "user name": "燕飞066",
            "content": "听着这么折腾呐！",
            "time": "14-11-27 21:33"
        },
        {
            "comment id": 4,
            "parent": -1,
            "children": [],
            "user id": "1933139305",
            "user name": "青鸦-",
            "content": "逗比",
            "time": "14-9-28 22:16"
        },
        {
            "comment id": 5,
            "parent": -1,
            "children": [],
            "user id": "3220558854",
            "user name": "江城鸟人xxj",
            "content": "瞎扯",
            "time": "14-8-20 00:02"
        },
        {
            "comment id": 6,
            "parent": -1,
            "children": [],
            "user id": "1765934885",
            "user name": "茜茜小围脖",
            "content": "太假了好吗！各省的简称、车牌、户口等等等等 行政区划是最不可能大范围变动的，除非整个中国改朝换代",
            "time": "14-8-19 15:36"
        },
        {
            "comment id": 7,
            "parent": -1,
            "children": [],
            "user id": "1151121187",
            "user name": "西安丁鹏律师",
            "content": "这谣言传了十多年了，你这教授还真相信呢？擅改作者名，原谣言作者会不高兴的。",
            "time": "14-8-18 19:42"
        },
        {
            "comment id": 8,
            "parent": -1,
            "children": [],
            "user id": "1903305845",
            "user name": "竟无语凝噎a",
            "content": "真是个狗皮教授！",
            "time": "14-8-18 01:53"
        },
        {
            "comment id": 9,
            "parent": -1,
            "children": [],
            "user id": "2433511635",
            "user name": "111_邢建民",
            "content": "香港50年不变，第一个就是个错误",
            "time": "14-8-17 23:57"
        },
        {
            "comment id": 10,
            "parent": -1,
            "children": [],
            "user id": "3227180841",
            "user name": "我是来看评论的comment",
            "content": "脑残",
            "time": "14-8-17 10:44"
        },
        {
            "comment id": 11,
            "parent": -1,
            "children": [],
            "user id": "1760562254",
            "user name": "MoonChou_smiling",
            "content": "@Doctor侯是侯Doctor",
            "time": "14-8-17 01:42"
        },
        {
            "comment id": 12,
            "parent": -1,
            "children": [],
            "user id": "3039121513",
            "user name": "拉迪快跑",
            "content": "@君众咨询邓学君 @小牛的爸爸爱牛牛",
            "time": "14-8-16 23:00"
        },
        {
            "comment id": 13,
            "parent": -1,
            "children": [],
            "user id": "2174961162",
            "user name": "田之骏",
            "content": "脑子进水了",
            "time": "14-8-16 15:11"
        },
        {
            "comment id": 14,
            "parent": -1,
            "children": [],
            "user id": "1274707232",
            "user name": "齐格",
            "content": "养肥，满500了，谁来下手。",
            "time": "14-8-16 08:03"
        },
        {
            "comment id": 15,
            "parent": -1,
            "children": [],
            "user id": "3040897653",
            "user name": "136199_Eris",
            "content": "回复@若一少水:假的把",
            "time": "14-8-16 07:14"
        },
        {
            "comment id": 16,
            "parent": -1,
            "children": [],
            "user id": "1695333747",
            "user name": "李虹达",
            "content": "看着一表人才",
            "time": "14-8-15 18:23"
        },
        {
            "comment id": 17,
            "parent": -1,
            "children": [],
            "user id": "1471677754",
            "user name": "跳跳小约很快乐",
            "content": "这个大V是脑残吗，新浪快来",
            "time": "14-8-15 15:19"
        },
        {
            "comment id": 18,
            "parent": -1,
            "children": [],
            "user id": "2449683621",
            "user name": "leott在路上",
            "content": "太乱了吧//@占豪: 可能吗？香港直接将澳门和珠海含进去了，那么香港的制度怎么改？看着玄乎。而且，集中如此大规模改动，并不利于稳定，在转型期会这么干吗？个人认为，局部小规模改改有可能，如此大规模可能性不是很大。//@不沉默的大多数: 可以改 但成本不小啊 不太现实 //@黑色金光:转发微博",
            "time": "14-8-15 00:34"
        },
        {
            "comment id": 19,
            "parent": -1,
            "children": [],
            "user id": "2100300612",
            "user name": "肉禍禍",
            "content": "自己yy的还挺开心",
            "time": "14-8-14 23:57"
        },
        {
            "comment id": 20,
            "parent": -1,
            "children": [],
            "user id": "1611531494",
            "user name": "Lois鸥",
            "content": "真的么？！",
            "time": "14-8-14 21:16"
        },
        {
            "comment id": 21,
            "parent": -1,
            "children": [],
            "user id": "1687622307",
            "user name": "淮河之声",
            "content": "//@何兵: 安徽没有了。",
            "time": "14-8-14 19:30"
        },
        {
            "comment id": 22,
            "parent": -1,
            "children": [],
            "user id": "1526232741",
            "user name": "极端国米",
            "content": "傻比还好意思给自己加v",
            "time": "14-8-14 17:46"
        },
        {
            "comment id": 23,
            "parent": -1,
            "children": [],
            "user id": "1844413195",
            "user name": "jnzq2010",
            "content": "吃屎的教授！",
            "time": "14-8-14 17:35"
        },
        {
            "comment id": 24,
            "parent": -1,
            "children": [],
            "user id": "1748371334",
            "user name": "季风的转向",
            "content": "从哪来的叫兽……自己在这放屁……还带着国务院的名头[挖鼻屎]",
            "time": "14-8-14 17:16"
        },
        {
            "comment id": 25,
            "parent": -1,
            "children": [],
            "user id": "3200517877",
            "user name": "红亚甲辰",
            "content": "一、设6区分41省——省、区直管县没有意见；二、不同意设3都：设3都很容易给人造成误解，大而言之是乱国之举，小而言之则亦不符合中国惯例；三、可将香港增设为直辖市。@凯雷 以为如何",
            "time": "14-8-14 16:42"
        },
        {
            "comment id": 26,
            "parent": -1,
            "children": [],
            "user id": "1842411467",
            "user name": "疆小农",
            "content": "扯淡！",
            "time": "14-8-14 15:57"
        },
        {
            "comment id": 27,
            "parent": -1,
            "children": [],
            "user id": "1649287405",
            "user name": "王君超",
            "content": "谣言乎? //@凯雷: 香港文汇报约十年前独家专访戴均良谈区划改革后，引起中国全社会莫大兴趣。随之，一波又一波标明香港文汇报或港媒，又篡改、添加有鼻有眼内容的长篇谣言，历经博客微博微信多媒介形态仍不止息。可见社会对区划改革的热望//@乌合之众2014: //@晓辰:過時的假貨 ",
            "time": "14-8-14 15:47"
        },
        {
            "comment id": 28,
            "parent": -1,
            "children": [],
            "user id": "3227437434",
            "user name": "tianyaruolin",
            "content": "砖家以后把嘴竖过来。",
            "time": "14-8-14 15:45"
        },
        {
            "comment id": 29,
            "parent": -1,
            "children": [],
            "user id": "1496883514",
            "user name": "凯雷",
            "content": "香港文汇报约十年前独家专访戴均良谈区划改革后，引起中国全社会莫大兴趣。随之，一波又一波标明香港文汇报或港媒，又篡改、添加有鼻有眼内容的长篇谣言，历经博客微博微信多媒介形态仍不止息。可见社会对区划改革的热望//@乌合之众2014: //@晓辰:過時的假貨 //@山水幽燕: //@何兵:安徽没有了。",
            "time": "14-8-14 15:43"
        },
        {
            "comment id": 30,
            "parent": -1,
            "children": [],
            "user id": "2372656792",
            "user name": "Heartscape",
            "content": "回复@二逼青年怕人肉: OK!",
            "time": "14-8-14 15:15"
        },
        {
            "comment id": 31,
            "parent": -1,
            "children": [],
            "user id": "1969815641",
            "user name": "犁心力",
            "content": "教授都是这么误导人的么？",
            "time": "14-8-14 14:58"
        },
        {
            "comment id": 32,
            "parent": -1,
            "children": [],
            "user id": "1540540020",
            "user name": "卡戎不是个胖子",
            "content": "回复@Heartscape:04年的帖子。。戴司长已经北京的副市长了，。。[挖鼻屎][挖鼻屎]",
            "time": "14-8-14 14:51"
        },
        {
            "comment id": 33,
            "parent": -1,
            "children": [],
            "user id": "2395013992",
            "user name": "爱沐Nina",
            "content": "药不能停啊，要不然以后出门找不着北了",
            "time": "14-8-14 14:46"
        },
        {
            "comment id": 34,
            "parent": -1,
            "children": [],
            "user id": "3865847489",
            "user name": "redsoon",
            "content": "又是一个砖家和叫兽搞出来的？？？？",
            "time": "14-8-14 14:45"
        },
        {
            "comment id": 35,
            "parent": -1,
            "children": [],
            "user id": "1788431513",
            "user name": "MINMIN的wife",
            "content": "这是造谣吧。",
            "time": "14-8-14 14:00"
        },
        {
            "comment id": 36,
            "parent": -1,
            "children": [],
            "user id": "2372656792",
            "user name": "Heartscape",
            "content": "这个是2010年的假新闻，没想到现在又被大V改编一下继续宣传了。",
            "time": "14-8-14 13:46"
        },
        {
            "comment id": 37,
            "parent": -1,
            "children": [],
            "user id": "1401224223",
            "user name": "理所当然V",
            "content": "这不是穷折腾？废话！",
            "time": "14-8-14 13:43"
        },
        {
            "comment id": 38,
            "parent": -1,
            "children": [],
            "user id": "1370068395",
            "user name": "Toble",
            "content": "造谣专家！ //@平民王小石:【博主传2004年谣言】戴均良1997年任民政部区划地名司副司长；2002年任民政部区划地名司司长；2007年7月任中共沈阳市委常委；//@占豪:香港直接将澳门和珠海含进去了，那么香港的制度怎么改？看着玄乎。//@不沉默的大多数: 可以改 但成本不小啊 不太现实",
            "time": "14-8-14 13:37"
        },
        {
            "comment id": 39,
            "parent": -1,
            "children": [],
            "user id": "2731485755",
            "user name": "栋强栋栋强_强",
            "content": "教授也混娱乐界了？//@还是熊掌: //@朱又可: //@北村:求证//@何兵:安徽没有了。",
            "time": "14-8-14 13:31"
        },
        {
            "comment id": 40,
            "parent": -1,
            "children": [],
            "user id": "2028976137",
            "user name": "爱吃番茄炒西红柿",
            "content": "瞎鸡巴乱说，骂得老子敢肯定博主是越南间谍！",
            "time": "14-8-14 13:22"
        },
        {
            "comment id": 41,
            "parent": -1,
            "children": [],
            "user id": "1925028475",
            "user name": "博浪韬添",
            "content": "下一次超过他们！//@水云仙子王: 不是吧？美国设50个州，中国设的省级行政区也是不多不少50个?这是什么节奏？ //@博浪韬添:增兵增灶！瓦解敌军，改邑不改井！会不会再简化一下文字？",
            "time": "14-8-14 13:20"
        },
        {
            "comment id": 42,
            "parent": -1,
            "children": [],
            "user id": "1722596104",
            "user name": "大陶FAY奔ing",
            "content": "有病吧！",
            "time": "14-8-14 13:20"
        },
        {
            "comment id": 43,
            "parent": -1,
            "children": [],
            "user id": "3106010390",
            "user name": "百万分之唯一",
            "content": "这流传了快两年了，还拿出来骗人",
            "time": "14-8-14 13:20"
        },
        {
            "comment id": 44,
            "parent": -1,
            "children": [],
            "user id": "2831122944",
            "user name": "小胡不改名啦",
            "content": "转你个500到局子里去",
            "time": "14-8-14 13:16"
        },
        {
            "comment id": 45,
            "parent": -1,
            "children": [],
            "user id": "1953357621",
            "user name": "逢马牛不相及",
            "content": "京都，海都，港都！多年后终于给香港傻冒们正名了！上海人说你们就是个小赤佬港都！",
            "time": "14-8-14 13:14"
        },
        {
            "comment id": 46,
            "parent": -1,
            "children": [],
            "user id": "1449949923",
            "user name": "单果冻",
            "content": "回复@朱梓乔:假的吧",
            "time": "14-8-14 13:10"
        },
        {
            "comment id": 47,
            "parent": -1,
            "children": [],
            "user id": "1923102761",
            "user name": "水云抓拍",
            "content": "不是吧？美国设50个州，中国设的省级行政区也是不多不少50个?这是什么节奏？",
            "time": "14-8-14 13:10"
        },
        {
            "comment id": 48,
            "parent": -1,
            "children": [],
            "user id": "2266022711",
            "user name": "BlakeRiario",
            "content": "不信",
            "time": "14-8-14 13:09"
        },
        {
            "comment id": 49,
            "parent": -1,
            "children": [],
            "user id": "1879349837",
            "user name": "在路上2生",
            "content": "老谣新传，大家转啊，转发凑够进局子的数，让这种闲的蛋疼的教授进该进的地方去。",
            "time": "14-8-14 13:08"
        },
        {
            "comment id": 50,
            "parent": -1,
            "children": [],
            "user id": "2100256401",
            "user name": "爱吃连锁的陶",
            "content": "神经病，新疆的喀什还打成了咯什，还教授",
            "time": "14-8-14 13:00"
        },
        {
            "comment id": 51,
            "parent": -1,
            "children": [],
            "user id": "1925028475",
            "user name": "博浪韬添",
            "content": "增兵增灶！瓦解敌军，改邑不改井！会不会再简化一下文字？",
            "time": "14-8-14 12:59"
        },
        {
            "comment id": 52,
            "parent": -1,
            "children": [],
            "user id": "1657497242",
            "user name": "bilibala鱼",
            "content": "教授，这看起来太扯了吧，你智商多少？",
            "time": "14-8-14 12:57"
        },
        {
            "comment id": 53,
            "parent": -1,
            "children": [],
            "user id": "1775043653",
            "user name": "呼呼桥桥",
            "content": "太卵乱，而且显得零碎。//@_這個夏天沒有名字: 我马上就不是广西人了不过省会桂林不服气",
            "time": "14-8-14 12:45"
        },
        {
            "comment id": 54,
            "parent": -1,
            "children": [],
            "user id": "1371460097",
            "user name": "炒菜一样读书",
            "content": "致乱之道，今非所宜也也。",
            "time": "14-8-14 12:42"
        },
        {
            "comment id": 55,
            "parent": -1,
            "children": [],
            "user id": "1664992623",
            "user name": "马丁-上海",
            "content": "这种划分属于“虾扯蛋”！//@占豪: 可能吗？香港直接将澳门和珠海含进去了，那么香港的制度怎么改？看着玄乎。而且，集中如此大规模改动，并不利于稳定，在转型期会这么干吗？个人认为，局部小规模改改有可能，如此大规模可能性不是很大。//@不沉默的大多数: 可以改 但成本不小啊不太现实 //@黑色金光:",
            "time": "14-8-14 12:41"
        },
        {
            "comment id": 56,
            "parent": -1,
            "children": [],
            "user id": "1987350114",
            "user name": "鬼怪的小心心",
            "content": "我只能呵呵了，对了，转发已过500，我居然脑残的看了一遍",
            "time": "14-8-14 12:39"
        },
        {
            "comment id": 57,
            "parent": -1,
            "children": [],
            "user id": "3173657790",
            "user name": "万径人踪灭灭灭灭",
            "content": "传了多少年了……",
            "time": "14-8-14 12:38"
        },
        {
            "comment id": 58,
            "parent": -1,
            "children": [],
            "user id": "1405132070",
            "user name": "豪放的ninimi",
            "content": "为了造谣挣钱就吃屎[挖鼻屎]死全家算啥[挖鼻屎]",
            "time": "14-8-14 12:30"
        },
        {
            "comment id": 59,
            "parent": -1,
            "children": [],
            "user id": "1841377461",
            "user name": "彭于晏南京支晏",
            "content": "哇//@DS北风: //@司马平邦:应把台湾湾省改成钓鱼岛省。",
            "time": "14-8-14 12:21"
        },
        {
            "comment id": 60,
            "parent": -1,
            "children": [],
            "user id": "3314903632",
            "user name": "天在看nb",
            "content": "如果眼前折腾这个，那就是古今中外、空前绝后的第一祸国殃民二货。//@陈光教授@兵剑甬上@李若中@中一在线@甬水之桥@龍孜孜@吴胜武007@逸者行之@月湖无人区@风中蝶舞//@甬水之桥: 会不会建造新的办公楼？会不会增加财政供养人员？ //@平民王小石:【博主传2004年谣言】//@占豪://@不沉默的大多数:",
            "time": "14-8-14 12:06"
        },
        {
            "comment id": 61,
            "parent": -1,
            "children": [],
            "user id": "1905891130",
            "user name": "奥巴猪无戒爱咋咋地",
            "content": "太假了！",
            "time": "14-8-14 12:01"
        },
        {
            "comment id": 62,
            "parent": -1,
            "children": [],
            "user id": "3091414367",
            "user name": "o奈小奈奈o",
            "content": "已举报。//@可乐薇: 这个划分太屌丝了[挖鼻屎]要把广西沿海地区分出去，剩下都是山脚旮旯 //@咿呀潇潇哟:北疆自治区？南疆自治区？就呵呵了[挖鼻屎]",
            "time": "14-8-14 12:00"
        },
        {
            "comment id": 63,
            "parent": -1,
            "children": [],
            "user id": "2987622311",
            "user name": "sxak金牛倚石",
            "content": "秦巴省的省会在“巴中”，“汉中”不服呀",
            "time": "14-8-14 11:55"
        },
        {
            "comment id": 64,
            "parent": -1,
            "children": [],
            "user id": "3963209806",
            "user name": "打印机报废",
            "content": "汉中和四川在一起，这省中间还隔个地呀！什么鬼？",
            "time": "14-8-14 11:55"
        },
        {
            "comment id": 65,
            "parent": -1,
            "children": [],
            "user id": "1896680665",
            "user name": "某一般会社员的超伪宅",
            "content": "十年前的假新闻，贵村刚通网么?",
            "time": "14-8-14 11:52"
        },
        {
            "comment id": 66,
            "parent": -1,
            "children": [],
            "user id": "3264046395",
            "user name": "70后俗人",
            "content": "纯属虚构，如是天下必大乱。这SB教授",
            "time": "14-8-14 11:49"
        },
        {
            "comment id": 67,
            "parent": -1,
            "children": [],
            "user id": "1781876181",
            "user name": "系阿Yin呐",
            "content": "@莹子影子耶 但是下面评论好多人都说是假的惹",
            "time": "14-8-14 11:46"
        },
        {
            "comment id": 68,
            "parent": -1,
            "children": [],
            "user id": "2548065482",
            "user name": "朱梓乔Vito",
            "content": "@单果冻 真的吗？",
            "time": "14-8-14 11:40"
        },
        {
            "comment id": 69,
            "parent": -1,
            "children": [],
            "user id": "1648846910",
            "user name": "奇蒂Silvia_H",
            "content": "@兔麻吕w",
            "time": "14-8-14 11:36"
        },
        {
            "comment id": 70,
            "parent": -1,
            "children": [],
            "user id": "1661127285",
            "user name": "Bread随心所浪",
            "content": "假的",
            "time": "14-8-14 11:20"
        },
        {
            "comment id": 71,
            "parent": -1,
            "children": [],
            "user id": "2350993205",
            "user name": "重庆渝小班",
            "content": "扯淡，说什么梦话！",
            "time": "14-8-14 11:12"
        },
        {
            "comment id": 72,
            "parent": -1,
            "children": [],
            "user id": "3212853450",
            "user name": "forever美哦",
            "content": "扯！",
            "time": "14-8-14 11:03"
        },
        {
            "comment id": 73,
            "parent": -1,
            "children": [],
            "user id": "2962753467",
            "user name": "Icy月圆花好人长寿",
            "content": "假的吧",
            "time": "14-8-14 11:02"
        },
        {
            "comment id": 74,
            "parent": -1,
            "children": [],
            "user id": "2671934110",
            "user name": "茹鱼得水123",
            "content": "扯淡",
            "time": "14-8-14 10:57"
        },
        {
            "comment id": 75,
            "parent": -1,
            "children": [],
            "user id": "2030123627",
            "user name": "Leon_Feng",
            "content": "乱七八糟，扯犊子。",
            "time": "14-8-14 10:56"
        },
        {
            "comment id": 76,
            "parent": -1,
            "children": [],
            "user id": "2405323725",
            "user name": "民主天空",
            "content": "傻逼，你吃饱了撑得吧，闲的蛋疼？",
            "time": "14-8-14 10:54"
        },
        {
            "comment id": 77,
            "parent": -1,
            "children": [],
            "user id": "2034202912",
            "user name": "鹤峰土司",
            "content": "醒醒吧！",
            "time": "14-8-14 10:47"
        },
        {
            "comment id": 78,
            "parent": -1,
            "children": [],
            "user id": "3041074392",
            "user name": "正是烟花烂漫时w",
            "content": "有病[挖鼻屎]",
            "time": "14-8-14 10:38"
        },
        {
            "comment id": 79,
            "parent": -1,
            "children": [],
            "user id": "2638898097",
            "user name": "ThinkingQuest2",
            "content": "这tmd是不遵医嘱擅自停药。",
            "time": "14-8-14 10:37"
        }
    ]
}