{
    "source": {
        "content": "【传房祖名供出演艺圈吸毒艺人名单！】有消息指出，房祖名为求自保，供出演艺圈吸毒内幕。大陆警方已掌握一份120位艺人名单，更锁定2位C姓、1位H姓男星。其中1位C姓男演员和房祖名私交甚笃、在两岸都有高知名度；另外1位C姓是歌手、H姓则人气男影星。台媒曝房祖名为求自保供出C姓H姓吸毒艺人  ",
        "time": "14-8-21 12:16",
        "user id": "1700720163",
        "tweet id": "Bji8t1LH7",
        "label": 1,
        "theme": "文体娱乐"
    },
    "comment": [
        {
            "comment id": 0,
            "parent": -1,
            "children": [],
            "user id": "2205375702",
            "user name": "集市的养猫人_喵",
            "content": "不会是陈奕迅吧 应该不是陈小春不然不能说是男歌手 陈小春也拍戏啊 另一个可能是黄立行 看起来就像吸毒的",
            "time": "14-8-29 18:37"
        },
        {
            "comment id": 1,
            "parent": -1,
            "children": [],
            "user id": "2073217851",
            "user name": "清澈潇洒",
            "content": "其实这对娱乐圈是件洗礼，是该清洗了，不好的风气如果一直延续将毁了所有的娱乐圈的明星，一代代想入圈就得潜规则，就得吸才能溶入，可怜",
            "time": "14-8-25 12:35"
        },
        {
            "comment id": 2,
            "parent": -1,
            "children": [],
            "user id": "1662132295",
            "user name": "加霖山",
            "content": "两姓氏陈都是谁？黄，韩？",
            "time": "14-8-25 11:51"
        },
        {
            "comment id": 3,
            "parent": -1,
            "children": [],
            "user id": "1793431751",
            "user name": "不重要的字符",
            "content": "我艹，现在的人三观都这么歪啊！不告发？难道你们希望那些吸毒的继续吸吗？还你妈告密是人品问题？艹！能说出这话的就不是什么好人。",
            "time": "14-8-25 10:08"
        },
        {
            "comment id": 4,
            "parent": -1,
            "children": [],
            "user id": "1710460454",
            "user name": "homchou07",
            "content": "陈柏霖，韩庚",
            "time": "14-8-25 00:58"
        },
        {
            "comment id": 5,
            "parent": -1,
            "children": [],
            "user id": "5066722364",
            "user name": "马富人",
            "content": "现在农村网吧、全是未成年在上网、上网没钱了就骗、骗不到就偷、网吧不是未成年人禁止的么、为什么弄的都是未成年人去的了，请给农村父母一个解释、求求帮帮我转",
            "time": "14-8-24 13:36"
        },
        {
            "comment id": 6,
            "parent": -1,
            "children": [],
            "user id": "2101669392",
            "user name": "湘人李传媒工作室",
            "content": "回复@静静的冷俊:道理是这个道理。但这是一个圈子，他别无选择，只能自己扛起来。好在这消息被确认是假的。否则这孙子将被娱乐圈驱逐。",
            "time": "14-8-24 11:41"
        },
        {
            "comment id": 7,
            "parent": -1,
            "children": [],
            "user id": "5222021545",
            "user name": "情非得己a",
            "content": "既然说了消息不时，为啥不删了怕担责任吧",
            "time": "14-8-23 23:57"
        },
        {
            "comment id": 8,
            "parent": -1,
            "children": [],
            "user id": "3750901635",
            "user name": "我是小号我就这样",
            "content": "次内容为不实消息?已处理?",
            "time": "14-8-23 23:54"
        },
        {
            "comment id": 9,
            "parent": -1,
            "children": [],
            "user id": "1010301372",
            "user name": "全智鹅鹅",
            "content": "為求自保？詞用錯了吧",
            "time": "14-8-23 12:39"
        },
        {
            "comment id": 10,
            "parent": -1,
            "children": [],
            "user id": "1653340272",
            "user name": "帕瓦罗蒂花之秀",
            "content": "回复@小花猫-走路-静悄悄:震慑",
            "time": "14-8-23 10:29"
        },
        {
            "comment id": 11,
            "parent": -1,
            "children": [],
            "user id": "1625488962",
            "user name": "我就是慢慢人啊",
            "content": "@幸福村小同学 哥哥\\'此消息不属实",
            "time": "14-8-23 10:28"
        },
        {
            "comment id": 12,
            "parent": -1,
            "children": [],
            "user id": "2596014383",
            "user name": "晚安好梦lll",
            "content": "回复@尤美伊求学霸附体:。。。简直没法愉快的玩耍了",
            "time": "14-8-22 20:26"
        },
        {
            "comment id": 13,
            "parent": -1,
            "children": [],
            "user id": "1586417880",
            "user name": "小哥的小姐姐",
            "content": "H难道是黄立行？？",
            "time": "14-8-22 18:04"
        },
        {
            "comment id": 14,
            "parent": -1,
            "children": [],
            "user id": "1703567703",
            "user name": "不是兔子33",
            "content": "回复@claire木_易:不敢相信，我的大仁哥",
            "time": "14-8-22 17:16"
        },
        {
            "comment id": 15,
            "parent": -1,
            "children": [],
            "user id": "3606871283",
            "user name": "不知名yaoyao",
            "content": "寂寞空虚湿身的小妹妹 微博私信",
            "time": "14-8-22 16:46"
        },
        {
            "comment id": 16,
            "parent": -1,
            "children": [],
            "user id": "3082623003",
            "user name": "垃圾wei博",
            "content": "这是谣言，请删除！",
            "time": "14-8-22 15:40"
        },
        {
            "comment id": 17,
            "parent": -1,
            "children": [],
            "user id": "2528256025",
            "user name": "半生半杯茶",
            "content": "什么c啊h啊，敢不敢直接说名字啊",
            "time": "14-8-22 15:23"
        },
        {
            "comment id": 18,
            "parent": -1,
            "children": [],
            "user id": "3005609521",
            "user name": "我是好姑娘啊金",
            "content": "回复@秋娘婆厉雪桢:不会的，不会的，顺其自然看看就好",
            "time": "14-8-22 14:42"
        },
        {
            "comment id": 19,
            "parent": -1,
            "children": [],
            "user id": "2864034301",
            "user name": "一只奔跑在路上的猪",
            "content": "回复@残星2:现在我只想说，前途一片迷茫啊啊啊",
            "time": "14-8-22 13:24"
        },
        {
            "comment id": 20,
            "parent": -1,
            "children": [],
            "user id": "1799501404",
            "user name": "陈1曦",
            "content": "回复@陈小庆:对呀。所以现在消息爆的是c姓歌手，又不是公安局的公告。",
            "time": "14-8-22 13:07"
        },
        {
            "comment id": 21,
            "parent": -1,
            "children": [],
            "user id": "1956539425",
            "user name": "YinXuanDi_",
            "content": "难道有陈晓😱😱😱😱",
            "time": "14-8-22 13:07"
        },
        {
            "comment id": 22,
            "parent": -1,
            "children": [],
            "user id": "1956539425",
            "user name": "YinXuanDi_",
            "content": "难道有陈学冬😱😱😱😱",
            "time": "14-8-22 13:07"
        },
        {
            "comment id": 23,
            "parent": -1,
            "children": [],
            "user id": "2864034301",
            "user name": "一只奔跑在路上的猪",
            "content": "回复@残星2:我想也是 我觉得房好坑爹啊，，跟他一起玩的小伙伴被坑了，叫他以后怎么过，，，",
            "time": "14-8-22 13:07"
        },
        {
            "comment id": 24,
            "parent": -1,
            "children": [],
            "user id": "3928655180",
            "user name": "邡南1",
            "content": "回复@铛哩咯铛铛哩咯铛:我看见一网友给你回复：扯犊子！那我就给你来个滚犊子！",
            "time": "14-8-22 12:21"
        },
        {
            "comment id": 25,
            "parent": -1,
            "children": [],
            "user id": "2252080981",
            "user name": "太涟清了",
            "content": "传言要是真的，他就不是行为不端了。人品简直就是败类中的败类！",
            "time": "14-8-22 11:21"
        },
        {
            "comment id": 26,
            "parent": -1,
            "children": [],
            "user id": "5260594506",
            "user name": "是猫猫鸭MY",
            "content": "回复@xi西米mi1999:不可能😡",
            "time": "14-8-22 11:12"
        },
        {
            "comment id": 27,
            "parent": -1,
            "children": [],
            "user id": "2881400520",
            "user name": "Va-MoMo",
            "content": "想知道H男星是谁",
            "time": "14-8-22 10:37"
        },
        {
            "comment id": 28,
            "parent": -1,
            "children": [],
            "user id": "1705747631",
            "user name": "blun",
            "content": "为什么没人猜陈冠希，平时没关注过，前不久他来上海表演，看到一个朋友拍的照片，还是PS过的都残得厉害，一般人特别是明星按说不应该残得那么快，结合之前婆婆发的吸毒等于逆向PS，嫌疑蛮高呀。",
            "time": "14-8-22 10:35"
        },
        {
            "comment id": 29,
            "parent": -1,
            "children": [],
            "user id": "1803766697",
            "user name": "CUSDVIP",
            "content": "c姓=曹格",
            "time": "14-8-22 10:10"
        },
        {
            "comment id": 30,
            "parent": -1,
            "children": [],
            "user id": "3190536364",
            "user name": "非著名猪猪包",
            "content": "我觉得没有什么自保不自保的吧，犯法了就是犯法了，说起来也是为了他们好，别在法律面前讲什么兄弟情义，而且就算房祖名不说警察也都知道了",
            "time": "14-8-22 09:55"
        },
        {
            "comment id": 31,
            "parent": -1,
            "children": [],
            "user id": "3723372531",
            "user name": "小w搬不动砖吖",
            "content": "何炅？",
            "time": "14-8-22 09:26"
        },
        {
            "comment id": 32,
            "parent": -1,
            "children": [],
            "user id": "5177642976",
            "user name": "用户5177642976",
            "content": "h姓，会不会是胡彦斌？",
            "time": "14-8-22 09:24"
        },
        {
            "comment id": 33,
            "parent": -1,
            "children": [],
            "user id": "1087026627",
            "user name": "陈小庆",
            "content": "回复@陈1曦:是啊，所以北京公安分布房祖明的是香港人陈XX啊。",
            "time": "14-8-22 09:13"
        },
        {
            "comment id": 34,
            "parent": -1,
            "children": [],
            "user id": "1515333025",
            "user name": "猴煲蛋",
            "content": "回复@铛哩咯铛铛哩咯铛:陈奕迅就写高知名度歌手了，还用写演员吗",
            "time": "14-8-22 08:55"
        },
        {
            "comment id": 35,
            "parent": -1,
            "children": [],
            "user id": "3607458303",
            "user name": "小柴增肥中",
            "content": "互粉哦  互粉后 赞微博 只要我看到的都赞或评论你哦   合作愉快啊！！",
            "time": "14-8-22 08:49"
        },
        {
            "comment id": 36,
            "parent": -1,
            "children": [],
            "user id": "2609673377",
            "user name": "苦恼的80后GDS",
            "content": "飘过",
            "time": "14-8-22 08:42"
        },
        {
            "comment id": 37,
            "parent": -1,
            "children": [],
            "user id": "1865799341",
            "user name": "Jamie_Ying",
            "content": "新闻报道也真是的，都不给人留面子啊，万一他出来被毒打怎么办，有他爹在管用吗？",
            "time": "14-8-22 08:18"
        },
        {
            "comment id": 38,
            "parent": -1,
            "children": [],
            "user id": "1854052204",
            "user name": "一颗甜橙几",
            "content": " @附尤美伊体的学霸",
            "time": "14-8-22 08:10"
        },
        {
            "comment id": 39,
            "parent": -1,
            "children": [],
            "user id": "1138931374",
            "user name": "加菲猫爱鼠小弟",
            "content": "娱乐圈就是娱乐大众的，过两天有新的新闻出来就全忘了，也不必对别人品头论足的，都是人",
            "time": "14-8-22 08:07"
        },
        {
            "comment id": 40,
            "parent": -1,
            "children": [],
            "user id": "1933030265",
            "user name": "Criovulcano",
            "content": "回复@何多多呀多:我也觉得他肯定有 哈哈哈他们仨kfc",
            "time": "14-8-22 08:00"
        },
        {
            "comment id": 41,
            "parent": -1,
            "children": [],
            "user id": "3899636836",
            "user name": "Hi_Bitches",
            "content": "黄晓明吧？",
            "time": "14-8-22 06:07"
        },
        {
            "comment id": 42,
            "parent": -1,
            "children": [],
            "user id": "1428959083",
            "user name": "WilsonLu",
            "content": "成龙是不是C姓？",
            "time": "14-8-22 02:43"
        },
        {
            "comment id": 43,
            "parent": -1,
            "children": [],
            "user id": "2772272161",
            "user name": "Aa静雯",
            "content": "小雯鞋柜",
            "time": "14-8-22 01:59"
        },
        {
            "comment id": 44,
            "parent": -1,
            "children": [],
            "user id": "2429083660",
            "user name": "努力未必改变未来但定能改变现状",
            "content": "回复@国士吾霜:不需要你这个煞笔评价？",
            "time": "14-8-22 00:59"
        },
        {
            "comment id": 45,
            "parent": -1,
            "children": [],
            "user id": "1739091437",
            "user name": "建四题提供",
            "content": "无语",
            "time": "14-8-22 00:39"
        },
        {
            "comment id": 46,
            "parent": -1,
            "children": [],
            "user id": "2821396751",
            "user name": "劉傢一呆妞",
            "content": "警察可不是吃干饭的，中国法律也不是闹着玩的，那些说什么出卖朋友的就消停些吧，在一起吸毒的就是朋友？说出来也是为了他们早日走上正途",
            "time": "14-8-22 00:03"
        },
        {
            "comment id": 47,
            "parent": -1,
            "children": [],
            "user id": "1837348073",
            "user name": "陈年老开水",
            "content": "这回彻底没得混了。。。。。",
            "time": "14-8-21 23:46"
        },
        {
            "comment id": 48,
            "parent": -1,
            "children": [],
            "user id": "1863436681",
            "user name": "徐怡儿",
            "content": "警察套路很深的 不想告也会被套出来",
            "time": "14-8-21 23:23"
        },
        {
            "comment id": 49,
            "parent": -1,
            "children": [],
            "user id": "2247856057",
            "user name": "YJ小钰",
            "content": "回复@武装大熊猫:其实柯震东才是卧底！",
            "time": "14-8-21 23:20"
        },
        {
            "comment id": 50,
            "parent": -1,
            "children": [],
            "user id": "1972693347",
            "user name": "GentleTS",
            "content": "千万不要是大仁哥！",
            "time": "14-8-21 23:09"
        },
        {
            "comment id": 51,
            "parent": -1,
            "children": [],
            "user id": "3213863477",
            "user name": "麻辣汤烫糖",
            "content": "F姓男星会不会是Feynman  太没人性了[挖鼻屎]",
            "time": "14-8-21 23:07"
        },
        {
            "comment id": 52,
            "parent": -1,
            "children": [],
            "user id": "3290950262",
            "user name": "腐烂在夏天",
            "content": "回复@铛哩咯铛铛哩咯铛:扯犊子！",
            "time": "14-8-21 23:02"
        },
        {
            "comment id": 53,
            "parent": -1,
            "children": [],
            "user id": "2853283884",
            "user name": "cody508",
            "content": "把中国娱乐圈的脸丢净了",
            "time": "14-8-21 23:01"
        },
        {
            "comment id": 54,
            "parent": -1,
            "children": [],
            "user id": "2115697040",
            "user name": "何适而非快",
            "content": "其实祖名是警方卧底，为了禁毒事业，不惜以身试毒，忍辱负重8年",
            "time": "14-8-21 22:53"
        },
        {
            "comment id": 55,
            "parent": -1,
            "children": [],
            "user id": "2334422564",
            "user name": "纯钢土炮",
            "content": "早看出他是个软骨头，没用的星二代，从他一出道我就没看好过他。。",
            "time": "14-8-21 22:49"
        },
        {
            "comment id": 56,
            "parent": -1,
            "children": [],
            "user id": "1766795652",
            "user name": "RunndM",
            "content": "",
            "time": "14-8-21 22:44"
        },
        {
            "comment id": 57,
            "parent": -1,
            "children": [],
            "user id": "1799501404",
            "user name": "陈1曦",
            "content": "回复@陈小庆:以艺名来算吧。房祖名原名也不姓房啊。",
            "time": "14-8-21 22:35"
        },
        {
            "comment id": 58,
            "parent": -1,
            "children": [],
            "user id": "5179784005",
            "user name": "冲向Woodstock",
            "content": "回复@monkkuow-:不会的吧…陈柏霖肯定有",
            "time": "14-8-21 22:34"
        },
        {
            "comment id": 59,
            "parent": -1,
            "children": [],
            "user id": "1740498067",
            "user name": "小小叮他妈",
            "content": "回复@彭彭君Up:我觉得房祖名出来肯定完了",
            "time": "14-8-21 22:31"
        },
        {
            "comment id": 60,
            "parent": -1,
            "children": [],
            "user id": "2656675661",
            "user name": "上流社会天天嘎瘩汤",
            "content": "难道不应该供出来么？政府的政策不就是坦白从宽么！",
            "time": "14-8-21 22:25"
        },
        {
            "comment id": 61,
            "parent": -1,
            "children": [],
            "user id": "5181999478",
            "user name": "用户5181999478",
            "content": " 这些小贝勒把他妈的啊马的脸都扔掉了",
            "time": "14-8-21 22:25"
        },
        {
            "comment id": 62,
            "parent": -1,
            "children": [],
            "user id": "5181999478",
            "user name": "用户5181999478",
            "content": " 回复@H姓男星:你吃丝去吧！",
            "time": "14-8-21 22:20"
        },
        {
            "comment id": 63,
            "parent": -1,
            "children": [],
            "user id": "2475325971",
            "user name": "stubbornn",
            "content": "@嘟嘟的耳朵朵",
            "time": "14-8-21 22:20"
        },
        {
            "comment id": 64,
            "parent": -1,
            "children": [],
            "user id": "1922597113",
            "user name": "丨莂囄丨丶砕砕踗",
            "content": "没看懂新闻,,,20号新闻说警方已将现场监控带回调查.21号又是房祖名为求自保,供出120个,到底是哪条为准呀?? 还有就是,,我落伍了吗? 现在的低调又出新定义了??? F姓歌手,台湾人,因家族背景雄厚,敏感,为了引起不必要的困扰,甚至是政治联想,所以先发布新闻告诉大家,会低调取证.",
            "time": "14-8-21 22:19"
        },
        {
            "comment id": 65,
            "parent": -1,
            "children": [],
            "user id": "5181999478",
            "user name": "用户5181999478",
            "content": " 从艺人到人渣！",
            "time": "14-8-21 22:16"
        },
        {
            "comment id": 66,
            "parent": -1,
            "children": [],
            "user id": "1087026627",
            "user name": "陈小庆",
            "content": "回复@陈1曦:侧田姓罗",
            "time": "14-8-21 22:16"
        },
        {
            "comment id": 67,
            "parent": -1,
            "children": [],
            "user id": "2864034301",
            "user name": "一只奔跑在路上的猪",
            "content": "会不会是胡歌呢，",
            "time": "14-8-21 22:14"
        },
        {
            "comment id": 68,
            "parent": -1,
            "children": [],
            "user id": "1087026627",
            "user name": "陈小庆",
            "content": "回复@qiuqiu邱Daisy:方大同",
            "time": "14-8-21 22:14"
        },
        {
            "comment id": 69,
            "parent": -1,
            "children": [],
            "user id": "1723477017",
            "user name": "0Travis0",
            "content": "房祖名出来肯定混不下去了",
            "time": "14-8-21 22:14"
        },
        {
            "comment id": 70,
            "parent": -1,
            "children": [],
            "user id": "1863188902",
            "user name": "Mr王王王王子",
            "content": "那些说人家告密是男人最可耻的行为的人，真他妈站着说话不腰疼。携带大麻上了50克就可以判刑三年以上六年以下，家里搜出100多克，铁板钉钉，别说是公众人物了，就算一个普通人，判你五年，缓刑的条件是供出其他人，你供不供？将心比心，你能做到吗？",
            "time": "14-8-21 22:08"
        },
        {
            "comment id": 71,
            "parent": -1,
            "children": [],
            "user id": "1843086543",
            "user name": "金牛座-龙",
            "content": "黄晓明？陈奕迅？",
            "time": "14-8-21 21:54"
        },
        {
            "comment id": 72,
            "parent": -1,
            "children": [],
            "user id": "3565371681",
            "user name": "静静的冷俊",
            "content": "回复@卫视合作社:可是要知道吸毒是违法的，包庇纵容绝对没有好处，与其让那些艺人继续偷吸毒品，不如早日让他们意识到自己做的事是不对的，所以我比较支持所谓的供出做法",
            "time": "14-8-21 21:46"
        },
        {
            "comment id": 73,
            "parent": -1,
            "children": [],
            "user id": "2538828144",
            "user name": "i_Ariel",
            "content": "这样可以净化净化娱乐圈了，好样的。这么大一滩事丢给警察，警察有的忙了",
            "time": "14-8-21 21:41"
        },
        {
            "comment id": 74,
            "parent": -1,
            "children": [],
            "user id": "1362561425",
            "user name": "彦清清2013",
            "content": "恨死小陈了。",
            "time": "14-8-21 21:35"
        },
        {
            "comment id": 75,
            "parent": -1,
            "children": [],
            "user id": "1250892223",
            "user name": "那年_夏天V",
            "content": "没人猜陈小春呢",
            "time": "14-8-21 21:32"
        },
        {
            "comment id": 76,
            "parent": -1,
            "children": [],
            "user id": "3479559961",
            "user name": "宇啊宇啊宇Y",
            "content": "突然想到了李易峰那句：要让一部分人先红起来……虽然他不是香港的，但好像也有机会了一样……",
            "time": "14-8-21 21:22"
        },
        {
            "comment id": 77,
            "parent": -1,
            "children": [],
            "user id": "3417969682",
            "user name": "百方堂中药面膜重庆-露露",
            "content": "不要这样啦",
            "time": "14-8-21 21:16"
        },
        {
            "comment id": 78,
            "parent": -1,
            "children": [],
            "user id": "3476447222",
            "user name": "徐征航",
            "content": "只关心那些还在隐藏的人",
            "time": "14-8-21 21:03"
        },
        {
            "comment id": 79,
            "parent": -1,
            "children": [],
            "user id": "1764697890",
            "user name": "这个名字吧不想换了",
            "content": "你以为警察吃素的啊。要一个人招供的方法有很多种。警察去抓捕之前是已经勘察了很久的了。",
            "time": "14-8-21 20:53"
        }
    ]
}