{
    "source": {
        "content": "房祖名供出娱乐圈120人吸毒名单：近日艺人柯震东、房祖名吸毒遭到收押。港媒指出，房祖名供出演艺圈吸毒内幕，大陆警方除握有一份120位吸毒明星的名单外，更锁定2位C姓、1位H姓的高知名度男星。而台北检方追查柯震东交友圈，传出已盯上32名演艺圈人士。P.S. 坐等曝光监狱风云超豪华阵容[巨汗][巨汗] ",
        "time": "14-8-21 14:09",
        "user id": "1911580184",
        "tweet id": "BjiSrlezV",
        "label": 1,
        "theme": "文体娱乐"
    },
    "comment": [
        {
            "comment id": 0,
            "parent": -1,
            "children": [],
            "user id": "1911580184",
            "user name": "福建牛牛数码",
            "content": "回复@bigbangtuky:求大仁哥辟谣",
            "time": "14-8-21 14:23"
        },
        {
            "comment id": 1,
            "parent": -1,
            "children": [],
            "user id": "1911580184",
            "user name": "福建牛牛数码",
            "content": "回复@bigbangtuky:如果真是的话，累觉不爱了",
            "time": "14-8-21 14:20"
        },
        {
            "comment id": 2,
            "parent": -1,
            "children": [],
            "user id": "1911580184",
            "user name": "福建牛牛数码",
            "content": "回复@bigbangtuky:天哪，王小贱，柯景腾，李大仁可别全毁了",
            "time": "14-8-21 14:18"
        },
        {
            "comment id": 3,
            "parent": -1,
            "children": [],
            "user id": "1911580184",
            "user name": "福建牛牛数码",
            "content": "回复@奈示:C姓的很多吧，比如冠希哥",
            "time": "14-8-21 14:16"
        },
        {
            "comment id": 4,
            "parent": -1,
            "children": [],
            "user id": "1571154110",
            "user name": "奈示",
            "content": "回复@福建牛牛数码:高知名度，我就知道他了",
            "time": "14-8-21 14:14"
        },
        {
            "comment id": 5,
            "parent": -1,
            "children": [],
            "user id": "1911580184",
            "user name": "福建牛牛数码",
            "content": "回复@奈示:不至于吧……",
            "time": "14-8-21 14:13"
        },
        {
            "comment id": 6,
            "parent": -1,
            "children": [],
            "user id": "1571154110",
            "user name": "奈示",
            "content": "陈道明",
            "time": "14-8-21 14:13"
        },
        {
            "comment id": 7,
            "parent": -1,
            "children": [],
            "user id": "1911580184",
            "user name": "福建牛牛数码",
            "content": "回复@--CX---:这个可以人肉看看哈",
            "time": "14-8-21 14:13"
        },
        {
            "comment id": 8,
            "parent": -1,
            "children": [],
            "user id": "1911580184",
            "user name": "福建牛牛数码",
            "content": "回复@奈示:坐等曝光咯",
            "time": "14-8-21 14:12"
        },
        {
            "comment id": 9,
            "parent": -1,
            "children": [],
            "user id": "1571154110",
            "user name": "奈示",
            "content": "谁阿",
            "time": "14-8-21 14:12"
        }
    ]
}