{
    "source": {
        "content": "【网传黄晓明陈奕迅陈柏霖吸毒 警方锁定3位知名男星】房祖名吸毒波及面甚广！有香港媒体指出，内地警方已掌握一份120位艺人名单，更锁定2位C姓、1位H姓的高知名度男星。其中两个C姓被网友认为分别是陈奕迅和陈柏霖，而人气男星演员则是黄晓明。网页链接 ",
        "time": "14-8-22 16:08",
        "user id": "3624700037",
        "tweet id": "Bjt571cxR",
        "label": 1,
        "theme": "文体娱乐"
    },
    "comment": [
        {
            "comment id": 0,
            "parent": -1,
            "children": [],
            "user id": "1771192457",
            "user name": "九又四分之三站台边的麻瓜",
            "content": "傻X",
            "time": "14-9-13 13:45"
        },
        {
            "comment id": 1,
            "parent": -1,
            "children": [],
            "user id": "5275351684",
            "user name": "玥颖星空_721",
            "content": "怎么快可能是他呀",
            "time": "14-9-7 21:19"
        },
        {
            "comment id": 2,
            "parent": -1,
            "children": [],
            "user id": "1930837483",
            "user name": "黄晨欣_Christine",
            "content": "原来是假的@安琪来了_00",
            "time": "14-8-24 23:28"
        },
        {
            "comment id": 3,
            "parent": -1,
            "children": [],
            "user id": "2371340302",
            "user name": "Yunnr_",
            "content": "谁敢说黄晓明我保证不弄死他",
            "time": "14-8-23 13:20"
        },
        {
            "comment id": 4,
            "parent": -1,
            "children": [],
            "user id": "2090225387",
            "user name": "LIULIN__G",
            "content": "喝多了吗[挖鼻屎]",
            "time": "14-8-23 11:47"
        },
        {
            "comment id": 5,
            "parent": -1,
            "children": [],
            "user id": "5217666557",
            "user name": "桃梨橙柿89",
            "content": "晓明哥哥不会吸毒的，胡说八道！",
            "time": "14-8-23 10:40"
        },
        {
            "comment id": 6,
            "parent": -1,
            "children": [],
            "user id": "3265253590",
            "user name": "哎咦哎欧呦",
            "content": "应该是黄立行吧",
            "time": "14-8-23 09:46"
        },
        {
            "comment id": 7,
            "parent": -1,
            "children": [],
            "user id": "3561962341",
            "user name": "邓色象_",
            "content": "要是黄晓明，我直播捞粪啃马桶",
            "time": "14-8-23 01:15"
        },
        {
            "comment id": 8,
            "parent": -1,
            "children": [],
            "user id": "1750101563",
            "user name": "丁丁丁加一",
            "content": "都辟谣了，还瞎发什么。",
            "time": "14-8-22 21:22"
        },
        {
            "comment id": 9,
            "parent": -1,
            "children": [],
            "user id": "2628929555",
            "user name": "弱小可怜又无助哎",
            "content": "滚蛋",
            "time": "14-8-22 20:44"
        },
        {
            "comment id": 10,
            "parent": -1,
            "children": [],
            "user id": "2652962010",
            "user name": "奶油小师子",
            "content": "无聊",
            "time": "14-8-22 20:13"
        },
        {
            "comment id": 11,
            "parent": -1,
            "children": [],
            "user id": "1822527145",
            "user name": "随缘一生挚爱W1Bo",
            "content": "造谣死全家，黄晓明什么时候被传了，人家说是H姓，难道H姓就他一个人，他昨天还参加活动呢",
            "time": "14-8-22 19:52"
        },
        {
            "comment id": 12,
            "parent": -1,
            "children": [],
            "user id": "1690515177",
            "user name": "Sheila___莫等閒",
            "content": "哗众取宠，下作！",
            "time": "14-8-22 19:24"
        },
        {
            "comment id": 13,
            "parent": -1,
            "children": [],
            "user id": "1828130283",
            "user name": "天地一沙鸥_yu",
            "content": "造谣，不可能。",
            "time": "14-8-22 19:17"
        },
        {
            "comment id": 14,
            "parent": -1,
            "children": [],
            "user id": "2764182131",
            "user name": "Lan-Cai5",
            "content": "造谣吗？",
            "time": "14-8-22 18:17"
        },
        {
            "comment id": 15,
            "parent": -1,
            "children": [],
            "user id": "3008145822",
            "user name": "莎莎莎爱eason",
            "content": "放P",
            "time": "14-8-22 18:13"
        },
        {
            "comment id": 16,
            "parent": -1,
            "children": [],
            "user id": "2680328253",
            "user name": "戴兴杰呀_",
            "content": "原po作为大蓝V。标题内涵实在太高，学过语文的语言运用吗@818娱乐网 ",
            "time": "14-8-22 17:11"
        },
        {
            "comment id": 17,
            "parent": -1,
            "children": [],
            "user id": "2462685337",
            "user name": "土豆妮er",
            "content": "煞笔啊",
            "time": "14-8-22 16:52"
        },
        {
            "comment id": 18,
            "parent": -1,
            "children": [],
            "user id": "3455580202",
            "user name": "陈香露白露--",
            "content": "瞎说什么！",
            "time": "14-8-22 16:19"
        },
        {
            "comment id": 19,
            "parent": -1,
            "children": [],
            "user id": "3771590165",
            "user name": "病柔",
            "content": "无聊",
            "time": "14-8-22 16:13"
        },
        {
            "comment id": 20,
            "parent": -1,
            "children": [],
            "user id": "3846645314",
            "user name": "Tn楠",
            "content": "都辟谣了，你还来秀智商？",
            "time": "14-8-22 16:10"
        },
        {
            "comment id": 21,
            "parent": -1,
            "children": [],
            "user id": "3184993192",
            "user name": "r火花",
            "content": "？",
            "time": "14-8-22 16:09"
        }
    ]
}