{
    "source": {
        "content": "这个孩子在河北廊坊香河县华联超市门口，这照片是谁拍的，孩子父母已经看到，请拍照片的朋友联系13958609296 ～速度转！ ",
        "time": "14-8-25 16:48",
        "user id": "1886624923",
        "tweet id": "BjVCTxBSi",
        "label": 1,
        "theme": "社会生活"
    },
    "comment": [
        {
            "comment id": 0,
            "parent": -1,
            "children": [],
            "user id": "1277741251",
            "user name": "潇元___励志与爱情",
            "content": "对不起，只想帮助家属，没能力求证，好在无事！道歉！",
            "time": "14-8-30 18:01"
        },
        {
            "comment id": 1,
            "parent": -1,
            "children": [],
            "user id": "2151951690",
            "user name": "智妍的小跟班",
            "content": "回复@就这样怎么都有:哦，那就举报了",
            "time": "14-8-27 22:42"
        },
        {
            "comment id": 2,
            "parent": -1,
            "children": [],
            "user id": "2347096063",
            "user name": "流光SAMA逗你玩",
            "content": "回复@萝莉姐滴怪蜀黍环城西路因扎吉:人家说是假的！",
            "time": "14-8-27 22:38"
        },
        {
            "comment id": 3,
            "parent": -1,
            "children": [],
            "user id": "2151951690",
            "user name": "智妍的小跟班",
            "content": "@备胎的自我救赎 @就这样怎么都有 @王尼玛 @王思聪",
            "time": "14-8-27 22:34"
        },
        {
            "comment id": 4,
            "parent": -1,
            "children": [],
            "user id": "1761169175",
            "user name": "LoVe俞Baby",
            "content": "前几天已经找到了",
            "time": "14-8-26 21:40"
        },
        {
            "comment id": 5,
            "parent": -1,
            "children": [],
            "user id": "5042851982",
            "user name": "-盐话梅画没-",
            "content": "好可怜，孩子的父母一定很伤心吧",
            "time": "14-8-26 18:11"
        },
        {
            "comment id": 6,
            "parent": -1,
            "children": [],
            "user id": "3894625291",
            "user name": "玉涛他爹",
            "content": "打拐办已经有了结论。不要再误传了。",
            "time": "14-8-26 17:31"
        },
        {
            "comment id": 7,
            "parent": -1,
            "children": [],
            "user id": "3222216040",
            "user name": "圣女玛利亚快跑",
            "content": "@婚礼正策划 找到了",
            "time": "14-8-26 15:28"
        },
        {
            "comment id": 8,
            "parent": -1,
            "children": [],
            "user id": "3222216040",
            "user name": "圣女玛利亚快跑",
            "content": "@媒体微博头条 @江宁公安在线 ",
            "time": "14-8-26 15:25"
        },
        {
            "comment id": 9,
            "parent": -1,
            "children": [],
            "user id": "3972579097",
            "user name": "傅律师zero",
            "content": "不是已经辟谣了么？怎么还会有那个小女孩在家里的照片？？？",
            "time": "14-8-26 11:53"
        },
        {
            "comment id": 10,
            "parent": -1,
            "children": [],
            "user id": "2755648232",
            "user name": "无锡甲醛治理-醛老虎",
            "content": "造谣。举报",
            "time": "14-8-26 11:43"
        },
        {
            "comment id": 11,
            "parent": -1,
            "children": [],
            "user id": "1424659671",
            "user name": "别问不说",
            "content": "急速报警",
            "time": "14-8-26 11:29"
        },
        {
            "comment id": 12,
            "parent": -1,
            "children": [],
            "user id": "2941789041",
            "user name": "常熟市古里镇铁琴北街营业厅",
            "content": "转发//@小李孑有话说: 快转//@zj草民://@遗失在密林深处:",
            "time": "14-8-26 11:27"
        },
        {
            "comment id": 13,
            "parent": -1,
            "children": [],
            "user id": "2298208207",
            "user name": "程荟丸",
            "content": "草泥马还不删，说了是假的！！",
            "time": "14-8-26 10:51"
        },
        {
            "comment id": 14,
            "parent": -1,
            "children": [],
            "user id": "3922247054",
            "user name": "lalalalalallalaaaaaa",
            "content": "@八哥专用",
            "time": "14-8-26 10:00"
        },
        {
            "comment id": 15,
            "parent": -1,
            "children": [],
            "user id": "2346012707",
            "user name": "起点新闻",
            "content": "据公安部@陈士渠 介绍，孩子目前安全，联系当地警方即可",
            "time": "14-8-26 09:44"
        },
        {
            "comment id": 16,
            "parent": -1,
            "children": [],
            "user id": "3810130004",
            "user name": "小龙虾可爱的",
            "content": "转发",
            "time": "14-8-26 09:31"
        },
        {
            "comment id": 17,
            "parent": -1,
            "children": [],
            "user id": "1277741251",
            "user name": "潇元___励志与爱情",
            "content": "速转！/@北京十八里店郭桂军: //@房山高佃松: //@北京朝阳区十八里店李海荣://@李和平律师: //@贺延光: //@陈庆港://@袁国宝: 速度转起，这么可爱的孩子，一定保护好，打我电话也行，人贩子嚣张，我杀过去废了他。//@吃货泡泡堂: 帮忙转发～让孩子回家@任志强 @郑渊洁 @袁国宝",
            "time": "14-8-26 09:20"
        },
        {
            "comment id": 18,
            "parent": -1,
            "children": [],
            "user id": "3170658873",
            "user name": "君行国际义工旅行",
            "content": "//@互联网的那麽些事儿: 让孩子安全回家！",
            "time": "14-8-26 09:19"
        },
        {
            "comment id": 19,
            "parent": -1,
            "children": [],
            "user id": "1900672135",
            "user name": "管理培训002",
            "content": "小时候，在集市上我也跑丢过一次，幸运的是被找到了，老一辈说的。不少小伙伴都有这种经历。如果遇上人贩子，这个孩子就是你我。人贩大恶，天下共诛之。",
            "time": "14-8-26 09:12"
        },
        {
            "comment id": 20,
            "parent": -1,
            "children": [],
            "user id": "5071804526",
            "user name": "·樱桃手记·",
            "content": "早就有这个了好吗？",
            "time": "14-8-26 08:50"
        },
        {
            "comment id": 21,
            "parent": -1,
            "children": [],
            "user id": "2803466343",
            "user name": "阿文196938",
            "content": "//@小李孑有话说: 快转//@zj草民://@遗失在密林深处:",
            "time": "14-8-26 07:35"
        },
        {
            "comment id": 22,
            "parent": -1,
            "children": [],
            "user id": "1696431922",
            "user name": "喋翎AK99",
            "content": "看来以后遇到这样祈祷的都应该拍照上传！！",
            "time": "14-8-26 07:25"
        },
        {
            "comment id": 23,
            "parent": -1,
            "children": [],
            "user id": "2559288113",
            "user name": "龙族李",
            "content": "转发微博",
            "time": "14-8-26 07:11"
        },
        {
            "comment id": 24,
            "parent": -1,
            "children": [],
            "user id": "2145364833",
            "user name": "omarmoon",
            "content": "正能量",
            "time": "14-8-26 07:01"
        },
        {
            "comment id": 25,
            "parent": -1,
            "children": [],
            "user id": "2478764907",
            "user name": "崔愷",
            "content": "前几天的事了，孩子已经被微信营救了",
            "time": "14-8-26 06:53"
        },
        {
            "comment id": 26,
            "parent": -1,
            "children": [],
            "user id": "1269836580",
            "user name": "fenggezaixian",
            "content": "",
            "time": "14-8-26 05:41"
        },
        {
            "comment id": 27,
            "parent": -1,
            "children": [],
            "user id": "5028365502",
            "user name": "以梦为马1166",
            "content": "小涵包袋:不知你联系到没有，发照片的是@陈士渠",
            "time": "14-8-26 00:15"
        },
        {
            "comment id": 28,
            "parent": -1,
            "children": [],
            "user id": "1442374243",
            "user name": "小_影子儿",
            "content": "这种组织应该抓一个杀一个！！",
            "time": "14-8-26 00:00"
        },
        {
            "comment id": 29,
            "parent": -1,
            "children": [],
            "user id": "2215629803",
            "user name": "中国足球",
            "content": "杀过去废了他……",
            "time": "14-8-25 23:23"
        },
        {
            "comment id": 30,
            "parent": -1,
            "children": [],
            "user id": "1796476410",
            "user name": "莫晓曦__MOMO",
            "content": "转发微博",
            "time": "14-8-25 23:10"
        },
        {
            "comment id": 31,
            "parent": -1,
            "children": [],
            "user id": "1401879833",
            "user name": "高大威V",
            "content": "经当地公安机关调查，初步了解小孩为山东人，二人为祖孙关系。",
            "time": "14-8-25 22:47"
        },
        {
            "comment id": 32,
            "parent": -1,
            "children": [],
            "user id": "1660295635",
            "user name": "廖信忠",
            "content": "我的朋友圈裡，這個孩子同一天已經出現在沈陽、西安、福州了，誰能跟我說說她到底在那裡[暈][暈][暈]",
            "time": "14-8-25 22:29"
        },
        {
            "comment id": 33,
            "parent": -1,
            "children": [],
            "user id": "1755324497",
            "user name": "方炳焯",
            "content": "让孩子回家！//@魏天无: //@安徽阿翔://@周难的微博: //@房山高佃松: //@北京朝阳区十八里店李海荣://@李和平律师: //@贺延光: //@陈庆港://@袁国宝: 速度转起，这么可爱的孩子，一定保护好，打我电话也行，人贩子嚣张，我杀过去废了他。//@吃货泡泡堂: 帮忙转发～让孩子回家@任志强 @郑渊洁",
            "time": "14-8-25 22:20"
        },
        {
            "comment id": 34,
            "parent": -1,
            "children": [],
            "user id": "1748481200",
            "user name": "世界第一颗汤圆",
            "content": "其实当时看到了为什么不把孩子扣下来，有点不理解，希望早点回家",
            "time": "14-8-25 21:59"
        },
        {
            "comment id": 35,
            "parent": -1,
            "children": [],
            "user id": "2780353243",
            "user name": "谢高平W",
            "content": "@婚礼正策划 拍的照片。",
            "time": "14-8-25 20:33"
        },
        {
            "comment id": 36,
            "parent": -1,
            "children": [],
            "user id": "2780353243",
            "user name": "谢高平W",
            "content": "我关注的人里边有转发这个图片微博的，可惜想不起来了。",
            "time": "14-8-25 20:23"
        },
        {
            "comment id": 37,
            "parent": -1,
            "children": [],
            "user id": "2188065402",
            "user name": "维稳人员",
            "content": "NND,又上霉体人的当了。",
            "time": "14-8-25 19:28"
        },
        {
            "comment id": 38,
            "parent": -1,
            "children": [],
            "user id": "2801966042",
            "user name": "企鹅瑞程",
            "content": "不是说孩子找到了吗",
            "time": "14-8-25 18:32"
        },
        {
            "comment id": 39,
            "parent": -1,
            "children": [],
            "user id": "1051759725",
            "user name": "尝鲜的何涛",
            "content": "//@小草根0417: //@光大证券何群荣: //@李和平律师: //@贺延光: //@陈庆港://@袁国宝: 速度转起，这么可爱的孩子，一定保护好，打我电话也行，人贩子嚣张，我杀过去废了他。//@吃货泡泡堂: 帮忙转发～让孩子回家@任志强 @郑渊洁 @袁国宝",
            "time": "14-8-25 18:26"
        },
        {
            "comment id": 40,
            "parent": -1,
            "children": [],
            "user id": "1713670184",
            "user name": "小草根0417",
            "content": "//@光大证券何群荣: //@李和平律师: //@贺延光: //@陈庆港://@袁国宝: 速度转起，这么可爱的孩子，一定保护好，打我电话也行，人贩子嚣张，我杀过去废了他。//@吃货泡泡堂: 帮忙转发～让孩子回家@任志强 @郑渊洁 @袁国宝",
            "time": "14-8-25 17:53"
        },
        {
            "comment id": 41,
            "parent": -1,
            "children": [],
            "user id": "1497576970",
            "user name": "春在江南人在旅途",
            "content": "//@袁国宝: 速度转起，这么可爱的孩子，一定保护好，打我电话也行，人贩子嚣张，我杀过去废了他。//@吃货泡泡堂: 帮忙转发～让孩子回家@任志强 @郑渊洁 @袁国宝",
            "time": "14-8-25 17:37"
        },
        {
            "comment id": 42,
            "parent": -1,
            "children": [],
            "user id": "2298208207",
            "user name": "程荟丸",
            "content": "散布假消息有意思么",
            "time": "14-8-25 17:35"
        },
        {
            "comment id": 43,
            "parent": -1,
            "children": [],
            "user id": "1659712815",
            "user name": "淘金建宝",
            "content": "孩子已在警察手里，艾特打拐办的@陈士渠 陈主任//@袁国宝: 速度转起，这么可爱的孩子，一定保护好，打我电话也行，人贩子嚣张，我杀过去废了他。//@吃货泡泡堂: 帮忙转发～让孩子回家@任志强 @郑渊洁 @袁国宝",
            "time": "14-8-25 17:32"
        },
        {
            "comment id": 44,
            "parent": -1,
            "children": [],
            "user id": "1656611253",
            "user name": "深圳市金丰硅胶制品有限公司",
            "content": "让孩子早日回家//@贺延光: //@陈庆港://@袁国宝: 速度转起，这么可爱的孩子，一定保护好，打我电话也行，人贩子嚣张，我杀过去废了他。//@吃货泡泡堂: 帮忙转发～让孩子回家@任志强 @郑渊洁 @袁国宝",
            "time": "14-8-25 17:30"
        },
        {
            "comment id": 45,
            "parent": -1,
            "children": [],
            "user id": "1411440771",
            "user name": "捌喜雪鱼",
            "content": "",
            "time": "14-8-25 17:29"
        },
        {
            "comment id": 46,
            "parent": -1,
            "children": [],
            "user id": "1912945385",
            "user name": "億點光",
            "content": "转发微博",
            "time": "14-8-25 17:25"
        },
        {
            "comment id": 47,
            "parent": -1,
            "children": [],
            "user id": "1405068453",
            "user name": "Ziplone",
            "content": "上衣相同，但明显不是同一个女孩子，请看这条微博微博正文",
            "time": "14-8-25 17:24"
        },
        {
            "comment id": 48,
            "parent": -1,
            "children": [],
            "user id": "2044959153",
            "user name": "Tomklst",
            "content": "回复@lzscript:对啊，公安部打怪局已经核查了。不知道一些别有用心的人再发出来有啥目的。",
            "time": "14-8-25 17:23"
        },
        {
            "comment id": 49,
            "parent": -1,
            "children": [],
            "user id": "2002165137",
            "user name": "金牌李童",
            "content": "不转对不起天地良心了//@袁国宝: 速度转起，这么可爱的孩子，一定保护好，打我电话也行，人贩子嚣张，我杀过去废了他。//@吃货泡泡堂: 帮忙转发～让孩子回家@任志强 @郑渊洁 @袁国宝",
            "time": "14-8-25 17:20"
        },
        {
            "comment id": 50,
            "parent": -1,
            "children": [],
            "user id": "3509000174",
            "user name": "安静201325",
            "content": "回复@lzscript:旁边人看起来不像是很老啊？是爷爷？小女孩的鞋子确实不像山区孩子能穿的，要不你再看看？？",
            "time": "14-8-25 17:20"
        },
        {
            "comment id": 51,
            "parent": -1,
            "children": [],
            "user id": "1725668411",
            "user name": "1confused",
            "content": "假消息，照片毫无PS痕迹，哈哈哈",
            "time": "14-8-25 17:16"
        },
        {
            "comment id": 52,
            "parent": -1,
            "children": [],
            "user id": "1315419545",
            "user name": "价值投资之道",
            "content": "//@李和平律师: //@贺延光: //@陈庆港://@袁国宝: 速度转起，这么可爱的孩子，一定保护好，打我电话也行，人贩子嚣张，我杀过去废了他。//@吃货泡泡堂: 帮忙转发～让孩子回家@任志强 @郑渊洁 @袁国宝",
            "time": "14-8-25 17:14"
        },
        {
            "comment id": 53,
            "parent": -1,
            "children": [],
            "user id": "1405068453",
            "user name": "Ziplone",
            "content": "是这个吗？微博正文",
            "time": "14-8-25 17:14"
        },
        {
            "comment id": 54,
            "parent": -1,
            "children": [],
            "user id": "1932086387",
            "user name": "如云飞起",
            "content": "//@贺延光: //@陈庆港://@袁国宝: 速度转起，这么可爱的孩子，一定保护好，打我电话也行，人贩子嚣张，我杀过去废了他。//@吃货泡泡堂: 帮忙转发～让孩子回家@任志强 @郑渊洁 @袁国宝",
            "time": "14-8-25 17:14"
        },
        {
            "comment id": 55,
            "parent": -1,
            "children": [],
            "user id": "2506273810",
            "user name": "行食人生",
            "content": "已有最新消息了",
            "time": "14-8-25 17:11"
        },
        {
            "comment id": 56,
            "parent": -1,
            "children": [],
            "user id": "1570527264",
            "user name": "肥胖的猫熊",
            "content": "//@袁国宝: 速度转起，这么可爱的孩子，一定保护好，打我电话也行，人贩子嚣张，我杀过去废了他。//@吃货泡泡堂: 帮忙转发～让孩子回家@任志强 @郑渊洁 @袁国宝",
            "time": "14-8-25 17:11"
        },
        {
            "comment id": 57,
            "parent": -1,
            "children": [],
            "user id": "1212418831",
            "user name": "青青的青鸟",
            "content": "假消息！请勿传播！！网传温岭女孩被拐 警方：系山东祖孙在河北乞讨网传温岭女孩被拐 警方：系山东祖孙在河北乞讨_新闻_腾讯网 //@次第花开--花开见佛: //@贺延光: //@陈庆港://@袁国宝: 速度转起，这么可爱的孩子，一定保护好，打我电话也行，人贩子嚣张，我杀过去废了他。//@吃货泡泡堂: 帮忙转发～让孩子回家@任志强 @郑渊洁 @袁国宝",
            "time": "14-8-25 17:11"
        },
        {
            "comment id": 58,
            "parent": -1,
            "children": [],
            "user id": "2522055921",
            "user name": "凝云羡鸟",
            "content": "分秒必争、速速转发//@贺延光: //@陈庆港://@袁国宝: 速度转起，这么可爱的孩子，一定保护好，打我电话也行，人贩子嚣张，我杀过去废了他。//@吃货泡泡堂: 帮忙转发～让孩子回家@任志强 @郑渊洁 @袁国宝",
            "time": "14-8-25 17:10"
        },
        {
            "comment id": 59,
            "parent": -1,
            "children": [],
            "user id": "1182924313",
            "user name": "kabbchang",
            "content": "//@袁国宝: 速度转起，这么可爱的孩子，一定保护好，打我电话也行，人贩子嚣张，我杀过去废了他。//@吃货泡泡堂: 帮忙转发～让孩子回家@任志强 @郑渊洁 @袁国宝",
            "time": "14-8-25 17:10"
        },
        {
            "comment id": 60,
            "parent": -1,
            "children": [],
            "user id": "5052454318",
            "user name": "长沙市689玻璃门窗维修中心",
            "content": "该死的人贩子",
            "time": "14-8-25 17:09"
        },
        {
            "comment id": 61,
            "parent": -1,
            "children": [],
            "user id": "1047256053",
            "user name": "2861-",
            "content": "前几天看微博,不是女孩在警方保护下吗?//@贺延光: //@陈庆港://@袁国宝: 速度转起，这么可爱的孩子，一定保护好，打我电话也行，人贩子嚣张，我杀过去废了他。//@吃货泡泡堂: 帮忙转发～让孩子回家@任志强 @郑渊洁 @袁国宝",
            "time": "14-8-25 17:09"
        },
        {
            "comment id": 62,
            "parent": -1,
            "children": [],
            "user id": "2425047701",
            "user name": "作家崔一手",
            "content": "速度转起，这么可爱的孩子，一定保护好，打我电话也行，人贩子嚣张，我杀过去废了他。",
            "time": "14-8-25 17:07"
        },
        {
            "comment id": 63,
            "parent": -1,
            "children": [],
            "user id": "1076965332",
            "user name": "醉狼007",
            "content": "关切",
            "time": "14-8-25 17:07"
        },
        {
            "comment id": 64,
            "parent": -1,
            "children": [],
            "user id": "2256382605",
            "user name": "过眼無煙",
            "content": "是真的吗？愿善因有善果",
            "time": "14-8-25 17:06"
        },
        {
            "comment id": 65,
            "parent": -1,
            "children": [],
            "user id": "1238398272",
            "user name": "莫名---邵",
            "content": "@陈士渠",
            "time": "14-8-25 17:06"
        },
        {
            "comment id": 66,
            "parent": -1,
            "children": [],
            "user id": "3267635065",
            "user name": "剑气如虹客",
            "content": " //@贺延光: //@陈庆港://@袁国宝: 速度转起，这么可爱的孩子，一定保护好，打我电话也行，人贩子嚣张，我杀过去废了他。//@吃货泡泡堂: 帮忙转发～让孩子回家@任志强 @郑渊洁 @袁国宝",
            "time": "14-8-25 17:05"
        },
        {
            "comment id": 67,
            "parent": -1,
            "children": [],
            "user id": "1197863207",
            "user name": "袁国宝",
            "content": "速度转起，这么可爱的孩子，一定保护好，打我电话也行，人贩子嚣张，我杀过去废了他。//@吃货泡泡堂: 帮忙转发～让孩子回家@任志强 @郑渊洁 @袁国宝",
            "time": "14-8-25 16:57"
        },
        {
            "comment id": 68,
            "parent": -1,
            "children": [],
            "user id": "1882867340",
            "user name": "在河-诗词公社",
            "content": "这个不是已经证实两人是爷孙关系了吗 还有微信里传的这个信息 真实性也有待考证 不要胡乱转发了就",
            "time": "14-8-25 16:57"
        },
        {
            "comment id": 69,
            "parent": -1,
            "children": [],
            "user id": "3229663022",
            "user name": "_小果子__",
            "content": "我在朋友圈也看到了",
            "time": "14-8-25 16:55"
        },
        {
            "comment id": 70,
            "parent": -1,
            "children": [],
            "user id": "2043850052",
            "user name": "丁-小时候",
            "content": "警察介入呗，等啥呢",
            "time": "14-8-25 16:55"
        },
        {
            "comment id": 71,
            "parent": -1,
            "children": [],
            "user id": "3921451886",
            "user name": "小杜迎超",
            "content": "转发微博",
            "time": "14-8-25 16:53"
        },
        {
            "comment id": 72,
            "parent": -1,
            "children": [],
            "user id": "2007354964",
            "user name": "MV_白某某_",
            "content": "你怎么不联系呢？",
            "time": "14-8-25 16:50"
        },
        {
            "comment id": 73,
            "parent": -1,
            "children": [],
            "user id": "5233194327",
            "user name": "温县国怀农业科技有限公司",
            "content": "互粉一下。",
            "time": "14-8-25 16:49"
        }
    ]
}