{
    "source": {
        "content": "重磅：20多亿，60多处房产。竟然可以和一个副区长划等号 马淮海，上海金山区副区长，公安局党委书记，局长。 ",
        "time": "14-8-30 07:42",
        "user id": "2407814775",
        "tweet id": "BkDbEFcZc",
        "label": 1,
        "theme": "政治"
    },
    "comment": [
        {
            "comment id": 0,
            "parent": -1,
            "children": [],
            "user id": "2407814775",
            "user name": "崔哥说电商",
            "content": "回复@海淀区Zhonghe:搞得如此神秘",
            "time": "14-8-31 19:33"
        },
        {
            "comment id": 1,
            "parent": -1,
            "children": [],
            "user id": "2818710905",
            "user name": "回龙观ID",
            "content": "回复@崔晓静1234:你百度下 傅学胜。",
            "time": "14-8-31 19:27"
        },
        {
            "comment id": 2,
            "parent": -1,
            "children": [],
            "user id": "2407814775",
            "user name": "崔哥说电商",
            "content": "回复@海淀区Zhonghe:怎么可能呢！消息准确",
            "time": "14-8-31 19:08"
        },
        {
            "comment id": 3,
            "parent": -1,
            "children": [],
            "user id": "2818710905",
            "user name": "回龙观ID",
            "content": "哪来的信息？不要不求证就把看到的消息发布。可能会涉及违法的哦。",
            "time": "14-8-31 19:07"
        },
        {
            "comment id": 4,
            "parent": -1,
            "children": [],
            "user id": "2435231065",
            "user name": "韦少wgj",
            "content": "回复@崔晓静1234:",
            "time": "14-8-30 19:57"
        },
        {
            "comment id": 5,
            "parent": -1,
            "children": [],
            "user id": "2407814775",
            "user name": "崔哥说电商",
            "content": "回复@定边的爱吃米饭的朋友:别骇人听闻了！哪有那么夸张？不能乱猜测",
            "time": "14-8-30 19:54"
        },
        {
            "comment id": 6,
            "parent": -1,
            "children": [],
            "user id": "2435231065",
            "user name": "韦少wgj",
            "content": "回复@崔晓静1234:定边某些官人深藏不露啊！或许已经达到此数字",
            "time": "14-8-30 19:52"
        },
        {
            "comment id": 7,
            "parent": -1,
            "children": [],
            "user id": "2407814775",
            "user name": "崔哥说电商",
            "content": "回复@定边的爱吃米饭的朋友:还少啊！在定边都成首富了",
            "time": "14-8-30 08:30"
        },
        {
            "comment id": 8,
            "parent": -1,
            "children": [],
            "user id": "2435231065",
            "user name": "韦少wgj",
            "content": "这都有点少了！崔哥",
            "time": "14-8-30 07:49"
        }
    ]
}