{
    "source": {
        "content": "今天邵逸夫先生出殡了…一个乔布斯去世的时候，我们中国人铺天盖地的刷屏，而邵逸夫去世了，却没有看见有人悼念，千百个学校的教学楼叫“逸夫教学楼”，多少医院有“逸夫门诊楼”，这位老人一生捐赠了数以千百亿计的医疗设施和教育设施，对国人而言他真的比乔布斯伟大的多，一个真正做事的人应该被记住 ",
        "time": "14-9-12 12:25",
        "user id": "3517906134",
        "tweet id": "BmDB433gi",
        "label": 1,
        "theme": "文体娱乐"
    },
    "comment": [
        {
            "comment id": 0,
            "parent": -1,
            "children": [],
            "user id": "2603399405",
            "user name": "微微jade",
            "content": "哥，早安！",
            "time": "14-9-15 09:07"
        },
        {
            "comment id": 1,
            "parent": -1,
            "children": [],
            "user id": "3070701060",
            "user name": "玫瑰花瓣玉",
            "content": "哥晚安",
            "time": "14-9-14 22:39"
        },
        {
            "comment id": 2,
            "parent": -1,
            "children": [],
            "user id": "5270219587",
            "user name": "晓晓-果果",
            "content": "回复@-LEUNGMUNYEE:人，孰能无过，通过这件事，以后他自己会明白，不是很准确的不乱转发就是了。姐妹，你的话，点个蜡烛这样说，也不对熬。说敲个警钟提提醒，还是对的。蜡烛，是不能随便点的奥。",
            "time": "14-9-14 18:52"
        },
        {
            "comment id": 3,
            "parent": -1,
            "children": [],
            "user id": "2011669667",
            "user name": "张鳕梅",
            "content": "",
            "time": "14-9-14 17:17"
        },
        {
            "comment id": 4,
            "parent": -1,
            "children": [],
            "user id": "5285882409",
            "user name": "g爰的承诺",
            "content": "哥：早上好！",
            "time": "14-9-14 07:16"
        },
        {
            "comment id": 5,
            "parent": -1,
            "children": [],
            "user id": "5285882409",
            "user name": "g爰的承诺",
            "content": "哥：做紧咪吖？训觉未？",
            "time": "14-9-13 20:38"
        },
        {
            "comment id": 6,
            "parent": -1,
            "children": [],
            "user id": "3120529731",
            "user name": "花漾私人订制花店",
            "content": "回复@演员姜艺声:",
            "time": "14-9-13 19:31"
        },
        {
            "comment id": 7,
            "parent": -1,
            "children": [],
            "user id": "2092586601",
            "user name": "半江秋意",
            "content": "回复@冷月coolgirl的天使:好吧！[巨汗]",
            "time": "14-9-13 14:49"
        },
        {
            "comment id": 8,
            "parent": -1,
            "children": [],
            "user id": "2405108912",
            "user name": "全之之",
            "content": "这也能信么？不认识不知道就别乱转。让人笑话",
            "time": "14-9-13 13:46"
        },
        {
            "comment id": 9,
            "parent": -1,
            "children": [],
            "user id": "2832506084",
            "user name": "冷月coolgirl的天使",
            "content": "那也不是一天两天了",
            "time": "14-9-13 12:06"
        },
        {
            "comment id": 10,
            "parent": -1,
            "children": [],
            "user id": "1778960641",
            "user name": "Minlsssslmy",
            "content": "不是言论不言论，你这样是对邵逸夫先生不尊重，最为演员的你，连这都不懂真得给你点个蜡烛",
            "time": "14-9-13 09:14"
        },
        {
            "comment id": 11,
            "parent": -1,
            "children": [],
            "user id": "1640406104",
            "user name": "佳佳晟涵1314",
            "content": "哥，你不理我",
            "time": "14-9-13 08:35"
        },
        {
            "comment id": 12,
            "parent": -1,
            "children": [],
            "user id": "2603399405",
            "user name": "微微jade",
            "content": "哥，早上好，两天没来看你咯",
            "time": "14-9-13 07:24"
        },
        {
            "comment id": 13,
            "parent": -1,
            "children": [],
            "user id": "2011669667",
            "user name": "张鳕梅",
            "content": "晓晓，舆论自由，谁说什么，做什么，都是自己的事情，各扫门前雪，不必挂心。你的心情我能理解，对祖国有贡献的中国人，他永远都活在我们心中，是个有良心的中国人也会记住他的好。晓晓，我走了。回老家一样支持你。@演员姜艺声",
            "time": "14-9-13 07:01"
        },
        {
            "comment id": 14,
            "parent": -1,
            "children": [],
            "user id": "5156530489",
            "user name": "懿惜韶光",
            "content": "回复@演员姜艺声:放错目标，说出不那么好的话来。是很伤人的。人皆平等，有什么好去针对的呢？心情的表达而已，再说，人谁无过？不能因为一句话或者一件事就放大无数倍吧？@演员姜艺声",
            "time": "14-9-13 03:55"
        },
        {
            "comment id": 15,
            "parent": -1,
            "children": [],
            "user id": "2011669667",
            "user name": "张鳕梅",
            "content": "晓晓，晚安。明天上午飞机✈回江苏了，",
            "time": "14-9-13 00:01"
        },
        {
            "comment id": 16,
            "parent": -1,
            "children": [],
            "user id": "2744915677",
            "user name": "Nighthawk夜鹰",
            "content": "低调是一种美",
            "time": "14-9-12 23:18"
        },
        {
            "comment id": 17,
            "parent": -1,
            "children": [],
            "user id": "3027809831",
            "user name": "沐水汐雾",
            "content": "我看博主才是不关注邵逸夫的人好不，知道他的人都知道他去世都半年多了",
            "time": "14-9-12 21:31"
        },
        {
            "comment id": 18,
            "parent": -1,
            "children": [],
            "user id": "1946934600",
            "user name": "Amber_熠鑫",
            "content": "邵逸夫老先生已于2014年1月7日去世，作为公众人物还是不要随意发布这些信息",
            "time": "14-9-12 21:25"
        },
        {
            "comment id": 19,
            "parent": -1,
            "children": [],
            "user id": "5285882409",
            "user name": "g爰的承诺",
            "content": "哥：",
            "time": "14-9-12 21:01"
        },
        {
            "comment id": 20,
            "parent": -1,
            "children": [],
            "user id": "3743750983",
            "user name": "西瓜少年爱夏天",
            "content": "bingo😏",
            "time": "14-9-12 20:30"
        },
        {
            "comment id": 21,
            "parent": -1,
            "children": [],
            "user id": "5260937764",
            "user name": "各有归舟o_",
            "content": "就素就素啊，对于一个中国人而言要时刻铭记为社会做过贡献的每一个人，即便他很卑微；而不是在一个和我们毫无关联的人甚至是一个外国人没有为中国专门做贡献，只是为了利益的人悼念，值得深思。。。。。。",
            "time": "14-9-12 20:21"
        },
        {
            "comment id": 22,
            "parent": -1,
            "children": [],
            "user id": "3456995244",
            "user name": "别动我年糕V",
            "content": "一个真正做事的人应该被记住",
            "time": "14-9-12 20:15"
        },
        {
            "comment id": 23,
            "parent": -1,
            "children": [],
            "user id": "2011669667",
            "user name": "张鳕梅",
            "content": "呵呵，懂你太少。惭愧！",
            "time": "14-9-12 20:01"
        },
        {
            "comment id": 24,
            "parent": -1,
            "children": [],
            "user id": "1826940563",
            "user name": "sjshshs18272",
            "content": "2014年1月7日，邵逸夫逝世，享寿107，今天出殡？",
            "time": "14-9-12 18:06"
        },
        {
            "comment id": 25,
            "parent": -1,
            "children": [],
            "user id": "5185910387",
            "user name": "红楼_梦一场",
            "content": "支持声哥",
            "time": "14-9-12 17:48"
        },
        {
            "comment id": 26,
            "parent": -1,
            "children": [],
            "user id": "3517906134",
            "user name": "演员姜艺声",
            "content": "回复@-Yuki大蜜范儿丶:知道的",
            "time": "14-9-12 17:30"
        },
        {
            "comment id": 27,
            "parent": -1,
            "children": [],
            "user id": "1957167934",
            "user name": "-甜兮尔丶",
            "content": "回复@演员姜艺声:言论本就自由。别去在意。",
            "time": "14-9-12 17:23"
        },
        {
            "comment id": 28,
            "parent": -1,
            "children": [],
            "user id": "5020252122",
            "user name": "九零后小鲜肉Gary",
            "content": "回复@演员姜艺声:哦，老哥我永远支持你，支持你做什么事情",
            "time": "14-9-12 16:48"
        },
        {
            "comment id": 29,
            "parent": -1,
            "children": [],
            "user id": "3140741635",
            "user name": "静静侑妳-RS",
            "content": "回复@演员姜艺声:一起缅怀吧～",
            "time": "14-9-12 16:47"
        },
        {
            "comment id": 30,
            "parent": -1,
            "children": [],
            "user id": "1367267722",
            "user name": "龜國胖陛下",
            "content": "回复@演员姜艺声:明白！因為我的母校也有一間逸夫閣。",
            "time": "14-9-12 16:25"
        },
        {
            "comment id": 31,
            "parent": -1,
            "children": [],
            "user id": "3517906134",
            "user name": "演员姜艺声",
            "content": "这个转发仅仅代表心情，和时间没有关系",
            "time": "14-9-12 16:18"
        },
        {
            "comment id": 32,
            "parent": -1,
            "children": [],
            "user id": "1857611734",
            "user name": "mogooooooooooooo",
            "content": "哈哈哈哈。逗比！",
            "time": "14-9-12 16:07"
        },
        {
            "comment id": 33,
            "parent": -1,
            "children": [],
            "user id": "1814783370",
            "user name": "懓僾同学",
            "content": "快删了吧←_←…老人一月份就去世了。麻烦转发的时候百度一下好么←_←",
            "time": "14-9-12 15:54"
        },
        {
            "comment id": 34,
            "parent": -1,
            "children": [],
            "user id": "5020252122",
            "user name": "九零后小鲜肉Gary",
            "content": "老人一路走好",
            "time": "14-9-12 15:30"
        },
        {
            "comment id": 35,
            "parent": -1,
            "children": [],
            "user id": "2052384482",
            "user name": "蓝色的精灵哩",
            "content": "先生说的对。可惜现在的国人，利已之心太重了，忘了责任二字，只扫门前雪。",
            "time": "14-9-12 14:08"
        },
        {
            "comment id": 36,
            "parent": -1,
            "children": [],
            "user id": "5278418160",
            "user name": "等待湮花",
            "content": "老人一路走好。。。",
            "time": "14-9-12 14:05"
        },
        {
            "comment id": 37,
            "parent": -1,
            "children": [],
            "user id": "3888041046",
            "user name": "九儿丶yy",
            "content": "一路走好  ",
            "time": "14-9-12 13:45"
        },
        {
            "comment id": 38,
            "parent": -1,
            "children": [],
            "user id": "3888041046",
            "user name": "九儿丶yy",
            "content": "很愧疚 希望邵逸夫老人一路走好",
            "time": "14-9-12 13:44"
        },
        {
            "comment id": 39,
            "parent": -1,
            "children": [],
            "user id": "3070701060",
            "user name": "玫瑰花瓣玉",
            "content": "老人一路走好",
            "time": "14-9-12 13:32"
        },
        {
            "comment id": 40,
            "parent": -1,
            "children": [],
            "user id": "3544365525",
            "user name": "野子浩瀚",
            "content": "",
            "time": "14-9-12 13:15"
        },
        {
            "comment id": 41,
            "parent": -1,
            "children": [],
            "user id": "3126427341",
            "user name": "惠惠是小螃蟹",
            "content": "半年前就去世了好么，，，你被逗了",
            "time": "14-9-12 12:59"
        },
        {
            "comment id": 42,
            "parent": -1,
            "children": [],
            "user id": "5285882409",
            "user name": "g爰的承诺",
            "content": "哥！更博了！",
            "time": "14-9-12 12:56"
        },
        {
            "comment id": 43,
            "parent": -1,
            "children": [],
            "user id": "1957167934",
            "user name": "-甜兮尔丶",
            "content": "我们小学教学楼就是逸夫教学楼。",
            "time": "14-9-12 12:46"
        },
        {
            "comment id": 44,
            "parent": -1,
            "children": [],
            "user id": "2011669667",
            "user name": "张鳕梅",
            "content": "六叔的慈善义举会被有心的中国人铭记于心的，晓晓怎么突然心情忧伤起来了，六叔都走了这么久了，你也别太哀伤了。@演员姜艺声",
            "time": "14-9-12 12:45"
        },
        {
            "comment id": 45,
            "parent": -1,
            "children": [],
            "user id": "1367267722",
            "user name": "龜國胖陛下",
            "content": "悼念邵逸夫爵士！",
            "time": "14-9-12 12:45"
        },
        {
            "comment id": 46,
            "parent": -1,
            "children": [],
            "user id": "3238246152",
            "user name": "顾醒卫东篱",
            "content": "可能是消息误传 邵老先生半年前就去世了",
            "time": "14-9-12 12:38"
        },
        {
            "comment id": 47,
            "parent": -1,
            "children": [],
            "user id": "2011669667",
            "user name": "张鳕梅",
            "content": "嗯嗯，应该记住。",
            "time": "14-9-12 12:33"
        },
        {
            "comment id": 48,
            "parent": -1,
            "children": [],
            "user id": "5135416412",
            "user name": "爱笑的静哥",
            "content": "无语状态",
            "time": "14-9-12 12:30"
        },
        {
            "comment id": 49,
            "parent": -1,
            "children": [],
            "user id": "3871464606",
            "user name": "渺小的K米粒",
            "content": "邵逸夫是个老色鬼～",
            "time": "14-9-12 12:30"
        },
        {
            "comment id": 50,
            "parent": -1,
            "children": [],
            "user id": "5270219587",
            "user name": "晓晓-果果",
            "content": "晓晓，中午好，不午睡啊",
            "time": "14-9-12 12:30"
        },
        {
            "comment id": 51,
            "parent": -1,
            "children": [],
            "user id": "1928291385",
            "user name": "卿卿还是QQ",
            "content": "哥的觉悟很高，赞一个《[玫瑰]@演员姜艺声",
            "time": "14-9-12 12:27"
        },
        {
            "comment id": 52,
            "parent": -1,
            "children": [],
            "user id": "1640406104",
            "user name": "佳佳晟涵1314",
            "content": "哥，中午好。你都不理我",
            "time": "14-9-12 12:27"
        }
    ]
}