{
    "source": {
        "content": "【女子为索iPhone 6 深夜当街裸奔】广西崇左市龙州县昨晚深夜突现一名漂亮的年轻女子，全身赤裸马路裸奔。据网民称，该女子之所以裸奔，是因为在“朋友圈”跟友人打赌，如果脱光赤条条绕城一圈，便送她一部苹果新手机iPhone6，结果该名女子真的褪去身上所有衣服，尽情裸奔。 ",
        "time": "14-10-13 11:37",
        "user id": "2033175114",
        "tweet id": "Brlx2c55J",
        "label": 1,
        "theme": "社会生活"
    },
    "comment": [
        {
            "comment id": 0,
            "parent": -1,
            "children": [],
            "user id": "1831289301",
            "user name": "whatsupsowhat",
            "content": "不用吧，就为了个破手机，想要可以挣钱自己买呗，作贱",
            "time": "14-10-19 14:16"
        },
        {
            "comment id": 1,
            "parent": -1,
            "children": [],
            "user id": "1231031973",
            "user name": "我的故事355666",
            "content": "你能发新闻么？谣言发布者已经被处罚了。",
            "time": "14-10-19 08:12"
        },
        {
            "comment id": 2,
            "parent": -1,
            "children": [],
            "user id": "1729805242",
            "user name": "从前月明光",
            "content": "早五百，这么老的假新闻",
            "time": "14-10-18 22:09"
        },
        {
            "comment id": 3,
            "parent": -1,
            "children": [],
            "user id": "2199229327",
            "user name": "米奇老六",
            "content": "帮你500一把",
            "time": "14-10-18 19:04"
        },
        {
            "comment id": 4,
            "parent": -1,
            "children": [],
            "user id": "1453021577",
            "user name": "等待Godot-Rene",
            "content": "祝你早日到500",
            "time": "14-10-18 18:37"
        },
        {
            "comment id": 5,
            "parent": -1,
            "children": [],
            "user id": "1731523561",
            "user name": "忠诚忠橙",
            "content": "造谣者已经被拘留了，帮你到500",
            "time": "14-10-18 18:29"
        },
        {
            "comment id": 6,
            "parent": -1,
            "children": [],
            "user id": "1699712531",
            "user name": "RANSOMMM",
            "content": "不传谣不造谣",
            "time": "14-10-18 12:39"
        },
        {
            "comment id": 7,
            "parent": -1,
            "children": [],
            "user id": "3628440590",
            "user name": "任凭a弱水三千",
            "content": "该女子有精神疾病，你这样造谣真的好嘛？？？",
            "time": "14-10-18 12:11"
        },
        {
            "comment id": 8,
            "parent": -1,
            "children": [],
            "user id": "2133624047",
            "user name": "SHU-汉君",
            "content": "怪不得有那么多出去卖的",
            "time": "14-10-18 11:54"
        },
        {
            "comment id": 9,
            "parent": -1,
            "children": [],
            "user id": "1840832295",
            "user name": "清闲5080",
            "content": "假的好吗，造谣者已经被处罚了，真相是该女子精神病发作。",
            "time": "14-10-17 22:36"
        },
        {
            "comment id": 10,
            "parent": -1,
            "children": [],
            "user id": "2295104390",
            "user name": "ChurchillWONG",
            "content": "這樣也行!",
            "time": "14-10-14 17:14"
        },
        {
            "comment id": 11,
            "parent": -1,
            "children": [],
            "user id": "1897007711",
            "user name": "TheShine-",
            "content": "脑残",
            "time": "14-10-14 10:22"
        },
        {
            "comment id": 12,
            "parent": -1,
            "children": [],
            "user id": "2991706307",
            "user name": "缝隙中透过的一丝阳光",
            "content": "这年代什么人都有！",
            "time": "14-10-13 22:36"
        },
        {
            "comment id": 13,
            "parent": -1,
            "children": [],
            "user id": "2284650354",
            "user name": "快科技-振亭",
            "content": "赞赞赞赞赞赞赞赞赞赞赞赞赞赞赞赞赞赞赞赞赞赞赞赞赞赞赞赞赞赞赞赞赞赞赞赞赞赞赞赞赞赞赞赞赞赞赞赞赞赞赞赞赞赞赞赞赞赞赞赞赞赞赞赞赞赞赞赞赞赞赞赞赞赞赞赞赞赞赞赞赞赞赞赞赞赞赞赞赞赞赞赞赞赞赞赞赞赞赞赞赞赞赞赞赞赞赞赞赞赞赞赞赞赞赞赞赞赞赞赞赞赞赞赞赞赞赞赞赞赞赞赞赞赞赞赞赞赞赞赞",
            "time": "14-10-13 21:37"
        },
        {
            "comment id": 14,
            "parent": -1,
            "children": [],
            "user id": "2938978677",
            "user name": "a邹超cc",
            "content": "也什么那么多人？",
            "time": "14-10-13 18:35"
        },
        {
            "comment id": 15,
            "parent": -1,
            "children": [],
            "user id": "1984629725",
            "user name": "WebKoK",
            "content": "认真打赌 认真赢！值得鼓励",
            "time": "14-10-13 17:35"
        },
        {
            "comment id": 16,
            "parent": -1,
            "children": [],
            "user id": "2250420894",
            "user name": "非文同學",
            "content": "旁边的大叔开着摩托车喊道：美女去哪？上车就走。",
            "time": "14-10-13 16:41"
        },
        {
            "comment id": 17,
            "parent": -1,
            "children": [],
            "user id": "5329245042",
            "user name": "BoSs不解释-",
            "content": "回复@刘承华:他应该是肾已经卖没了，",
            "time": "14-10-13 16:29"
        },
        {
            "comment id": 18,
            "parent": -1,
            "children": [],
            "user id": "1191438733",
            "user name": "第三个十年_",
            "content": "感觉有点病态~",
            "time": "14-10-13 15:47"
        },
        {
            "comment id": 19,
            "parent": -1,
            "children": [],
            "user id": "3081414887",
            "user name": "与生俱来_低调",
            "content": "一个手机至于么。。",
            "time": "14-10-13 15:47"
        },
        {
            "comment id": 20,
            "parent": -1,
            "children": [],
            "user id": "1653406733",
            "user name": "刘承华",
            "content": "终于不用卖肾了",
            "time": "14-10-13 15:35"
        },
        {
            "comment id": 21,
            "parent": -1,
            "children": [],
            "user id": "2128060420",
            "user name": "男儿当立天下",
            "content": "为了lphone6真的蛮拼的。",
            "time": "14-10-13 14:51"
        },
        {
            "comment id": 22,
            "parent": -1,
            "children": [],
            "user id": "3777219672",
            "user name": "偶的嘎嘎32",
            "content": "这时代为了一部苹果真的啥都做得出来，现在的人是不是吃三打奶粉和看韩剧给整傻了！",
            "time": "14-10-13 14:44"
        },
        {
            "comment id": 23,
            "parent": -1,
            "children": [],
            "user id": "1839509894",
            "user name": "-Betterme___鬼鬼",
            "content": "回覆@vv神秘嘉宾:有毛病的,.",
            "time": "14-10-13 14:17"
        },
        {
            "comment id": 24,
            "parent": -1,
            "children": [],
            "user id": "1852210604",
            "user name": "vv蜗牛也是牛",
            "content": "回复@-Betterme___鬼鬼:嗯。。如果系。。就真系变态了",
            "time": "14-10-13 14:17"
        },
        {
            "comment id": 25,
            "parent": -1,
            "children": [],
            "user id": "1839509894",
            "user name": "-Betterme___鬼鬼",
            "content": "回覆@vv神秘嘉宾:可能唔系甘的呢./.",
            "time": "14-10-13 13:57"
        },
        {
            "comment id": 26,
            "parent": -1,
            "children": [],
            "user id": "2169784511",
            "user name": "lx0668_com",
            "content": "最后结果有没有拿到iPhone6都不知道",
            "time": "14-10-13 13:48"
        },
        {
            "comment id": 27,
            "parent": -1,
            "children": [],
            "user id": "1852210604",
            "user name": "vv蜗牛也是牛",
            "content": "@-Betterme___鬼鬼 好傻.....点解可以为手机咁。。",
            "time": "14-10-13 13:44"
        },
        {
            "comment id": 28,
            "parent": -1,
            "children": [],
            "user id": "2032686887",
            "user name": "大脸猫和小气猫",
            "content": "据知情人透露，该女精神有问题，不是为了苹果手机，大家不要相信谣言，其实女孩子挺可怜的，才20岁",
            "time": "14-10-13 13:43"
        },
        {
            "comment id": 29,
            "parent": -1,
            "children": [],
            "user id": "3148423880",
            "user name": "心驰山巅看脚下",
            "content": "够猛！",
            "time": "14-10-13 13:39"
        },
        {
            "comment id": 30,
            "parent": -1,
            "children": [],
            "user id": "1721063655",
            "user name": "纳狄脉搏",
            "content": "比小姐还下贱～难道一点尊严也没有？",
            "time": "14-10-13 13:30"
        },
        {
            "comment id": 31,
            "parent": -1,
            "children": [],
            "user id": "1154144912",
            "user name": "心随那个意动",
            "content": "@成都第一胖",
            "time": "14-10-13 13:22"
        },
        {
            "comment id": 32,
            "parent": -1,
            "children": [],
            "user id": "1955364574",
            "user name": "Edc_王东瀛",
            "content": "我日啊@wfs的唐肖的wdy",
            "time": "14-10-13 13:17"
        },
        {
            "comment id": 33,
            "parent": -1,
            "children": [],
            "user id": "1959272695",
            "user name": "丰色und丰色",
            "content": "自己出不起五六千么",
            "time": "14-10-13 13:14"
        },
        {
            "comment id": 34,
            "parent": -1,
            "children": [],
            "user id": "3295016415",
            "user name": "Mr_Q-c",
            "content": "一次200。 30次就够了",
            "time": "14-10-13 13:09"
        },
        {
            "comment id": 35,
            "parent": -1,
            "children": [],
            "user id": "2448337651",
            "user name": "笑看世间丑2448337651",
            "content": "猥亵公共罪!",
            "time": "14-10-13 13:02"
        },
        {
            "comment id": 36,
            "parent": -1,
            "children": [],
            "user id": "5230951834",
            "user name": "77妖静",
            "content": "真是让在场的所有男性，饱了眼福，饿死了鸡巴啊",
            "time": "14-10-13 13:00"
        },
        {
            "comment id": 37,
            "parent": -1,
            "children": [],
            "user id": "2001095895",
            "user name": "枫之叶w",
            "content": "给日几次都回来啦",
            "time": "14-10-13 12:54"
        },
        {
            "comment id": 38,
            "parent": -1,
            "children": [],
            "user id": "1282889014",
            "user name": "云飞扬cheung",
            "content": "身材不错",
            "time": "14-10-13 12:46"
        },
        {
            "comment id": 39,
            "parent": -1,
            "children": [],
            "user id": "2185646162",
            "user name": "丁在墙上的熊猫",
            "content": "求正面照",
            "time": "14-10-13 12:41"
        },
        {
            "comment id": 40,
            "parent": -1,
            "children": [],
            "user id": "2681657830",
            "user name": "风继续吹fei",
            "content": "@脉搏动力",
            "time": "14-10-13 12:41"
        },
        {
            "comment id": 41,
            "parent": -1,
            "children": [],
            "user id": "3771105234",
            "user name": "李德风衣",
            "content": "有个性。",
            "time": "14-10-13 12:40"
        },
        {
            "comment id": 42,
            "parent": -1,
            "children": [],
            "user id": "1955116813",
            "user name": "纾十七",
            "content": "漂亮额年轻女子。。。亮瞎我的24K钛合金全球最有情怀价值3999的锤子眼。",
            "time": "14-10-13 12:35"
        },
        {
            "comment id": 43,
            "parent": -1,
            "children": [],
            "user id": "2018510767",
            "user name": "十一楼的先森",
            "content": "[囧]",
            "time": "14-10-13 12:29"
        },
        {
            "comment id": 44,
            "parent": -1,
            "children": [],
            "user id": "1676372643",
            "user name": "L-i-C",
            "content": "好多屌丝...骑摩托的",
            "time": "14-10-13 12:28"
        },
        {
            "comment id": 45,
            "parent": -1,
            "children": [],
            "user id": "1957618007",
            "user name": "水饺皮薄肉厚带花边儿",
            "content": "@王一川Ethan 爱拼才会赢啊",
            "time": "14-10-13 12:26"
        },
        {
            "comment id": 46,
            "parent": -1,
            "children": [],
            "user id": "1878097123",
            "user name": "有态度的临时会长",
            "content": "那还不如去被人插～",
            "time": "14-10-13 12:24"
        },
        {
            "comment id": 47,
            "parent": -1,
            "children": [],
            "user id": "2189576161",
            "user name": "乔爷的哀愤",
            "content": "脑残年年有 今年特别多@uu蓝蓝 @不要急着對號入座",
            "time": "14-10-13 12:22"
        },
        {
            "comment id": 48,
            "parent": -1,
            "children": [],
            "user id": "1951266604",
            "user name": "根本停不下来--Lee",
            "content": "哎，为了一部四五千的手机竟然这种事都做的出来，我想只有天朝有",
            "time": "14-10-13 12:21"
        },
        {
            "comment id": 49,
            "parent": -1,
            "children": [],
            "user id": "2059974873",
            "user name": "nico-cho",
            "content": "打了马赛克也还是a",
            "time": "14-10-13 12:21"
        },
        {
            "comment id": 50,
            "parent": -1,
            "children": [],
            "user id": "1724063377",
            "user name": "预言烟雨",
            "content": "穷疯了吧",
            "time": "14-10-13 12:20"
        },
        {
            "comment id": 51,
            "parent": -1,
            "children": [],
            "user id": "2758506387",
            "user name": "柳絮飘qing",
            "content": " 整个一神经病",
            "time": "14-10-13 12:19"
        },
        {
            "comment id": 52,
            "parent": -1,
            "children": [],
            "user id": "2516078652",
            "user name": "此心不动2022",
            "content": "我也会的",
            "time": "14-10-13 12:13"
        },
        {
            "comment id": 53,
            "parent": -1,
            "children": [],
            "user id": "2421311507",
            "user name": "最爱玩儿小号",
            "content": "屁股很漂亮",
            "time": "14-10-13 12:09"
        },
        {
            "comment id": 54,
            "parent": -1,
            "children": [],
            "user id": "1440848023",
            "user name": "朱TR",
            "content": "为了要疯，好大勇气",
            "time": "14-10-13 12:08"
        },
        {
            "comment id": 55,
            "parent": -1,
            "children": [],
            "user id": "2391147995",
            "user name": "大沽河",
            "content": "疯子！",
            "time": "14-10-13 12:06"
        },
        {
            "comment id": 56,
            "parent": -1,
            "children": [],
            "user id": "1533724221",
            "user name": "他乡遇知音",
            "content": "只有背部，看起来身材好像不错",
            "time": "14-10-13 12:02"
        },
        {
            "comment id": 57,
            "parent": -1,
            "children": [],
            "user id": "1776232764",
            "user name": "黑色哒大呲花",
            "content": "诚信！",
            "time": "14-10-13 12:00"
        },
        {
            "comment id": 58,
            "parent": -1,
            "children": [],
            "user id": "2612230077",
            "user name": "叫我啊喵",
            "content": "逗比",
            "time": "14-10-13 12:00"
        },
        {
            "comment id": 59,
            "parent": -1,
            "children": [],
            "user id": "3735521192",
            "user name": "丷孑然",
            "content": "就是个卖淫女也不会这么做啊。。。😥卖十次也够买个了。何必这么丢人丢这么大。。。😥",
            "time": "14-10-13 12:00"
        },
        {
            "comment id": 60,
            "parent": -1,
            "children": [],
            "user id": "1977517131",
            "user name": "纪宇航_",
            "content": "木有高清图啊",
            "time": "14-10-13 11:59"
        },
        {
            "comment id": 61,
            "parent": -1,
            "children": [],
            "user id": "1895796693",
            "user name": "cz小羊的一些事一些情",
            "content": "臀不错",
            "time": "14-10-13 11:59"
        },
        {
            "comment id": 62,
            "parent": -1,
            "children": [],
            "user id": "1911081655",
            "user name": "霖Zing",
            "content": "怎么删了一张",
            "time": "14-10-13 11:56"
        },
        {
            "comment id": 63,
            "parent": -1,
            "children": [],
            "user id": "1698751740",
            "user name": "萍心飞扬",
            "content": "我只能说勇气可嘉~~~",
            "time": "14-10-13 11:50"
        },
        {
            "comment id": 64,
            "parent": -1,
            "children": [],
            "user id": "1812583105",
            "user name": "miss丶弥勒",
            "content": "身材不错！",
            "time": "14-10-13 11:50"
        },
        {
            "comment id": 65,
            "parent": -1,
            "children": [],
            "user id": "2640679965",
            "user name": "骁龙635处理器",
            "content": "挺好的，我说身材。。",
            "time": "14-10-13 11:50"
        },
        {
            "comment id": 66,
            "parent": -1,
            "children": [],
            "user id": "1846883051",
            "user name": "生死看淡rhythm",
            "content": "@--会唱歌的鸢尾花-- 真无语了",
            "time": "14-10-13 11:49"
        },
        {
            "comment id": 67,
            "parent": -1,
            "children": [],
            "user id": "2010324170",
            "user name": "春天气息158",
            "content": "一部I6才几千块！！",
            "time": "14-10-13 11:48"
        },
        {
            "comment id": 68,
            "parent": -1,
            "children": [],
            "user id": "3912085710",
            "user name": "二流子Li",
            "content": "为自己喜欢的东西付出、想要的东西都要付出啊、只是个人方式不同而已、",
            "time": "14-10-13 11:48"
        },
        {
            "comment id": 69,
            "parent": -1,
            "children": [],
            "user id": "1846476225",
            "user name": "lmtoo_",
            "content": "绝对的脑残",
            "time": "14-10-13 11:48"
        },
        {
            "comment id": 70,
            "parent": -1,
            "children": [],
            "user id": "2032970060",
            "user name": "路淑平",
            "content": "锻炼身体",
            "time": "14-10-13 11:47"
        },
        {
            "comment id": 71,
            "parent": -1,
            "children": [],
            "user id": "1733224000",
            "user name": "candlecake206",
            "content": "电话到手没？",
            "time": "14-10-13 11:47"
        },
        {
            "comment id": 72,
            "parent": -1,
            "children": [],
            "user id": "3912085710",
            "user name": "二流子Li",
            "content": "为自己喜欢的东西付出、有什么？",
            "time": "14-10-13 11:47"
        },
        {
            "comment id": 73,
            "parent": -1,
            "children": [],
            "user id": "2615002315",
            "user name": "M-大妖精",
            "content": "谁能服下一包毒鼠强，再从30楼跳到点燃的汽油池里，我就送她/他一部iphone6+！！！",
            "time": "14-10-13 11:46"
        },
        {
            "comment id": 74,
            "parent": -1,
            "children": [],
            "user id": "1556378443",
            "user name": "韩谪凡",
            "content": "有多漂亮？",
            "time": "14-10-13 11:46"
        },
        {
            "comment id": 75,
            "parent": -1,
            "children": [],
            "user id": "1886287265",
            "user name": "freak地球人",
            "content": "裸奔就裸奔，这个新闻现在铺天盖地了，就差没上  人民日报  头条了！靠  有必要吗，",
            "time": "14-10-13 11:45"
        },
        {
            "comment id": 76,
            "parent": -1,
            "children": [],
            "user id": "1432210694",
            "user name": "VIP的低语",
            "content": "奇葩年年有，今年特别多",
            "time": "14-10-13 11:45"
        },
        {
            "comment id": 77,
            "parent": -1,
            "children": [],
            "user id": "5241490912",
            "user name": "锦鲤抱回家",
            "content": "勇气可嘉",
            "time": "14-10-13 11:44"
        },
        {
            "comment id": 78,
            "parent": -1,
            "children": [],
            "user id": "2213139243",
            "user name": "陳Ah-Li",
            "content": "重点 IPHONE6 送了没？",
            "time": "14-10-13 11:42"
        },
        {
            "comment id": 79,
            "parent": -1,
            "children": [],
            "user id": "1431801360",
            "user name": "幸福有保",
            "content": "牛逼",
            "time": "14-10-13 11:42"
        }
    ]
}