{
    "source": {
        "content": "请大家不要再吃猪肉了，太危险了，随手转发，让更多的人知道，为了身边人的健康！特别我们贵州地区的，猪肉已大面积出现钩虫，此虫是寄生虫的一种，水煮不烂，油炸不熟，高温杀不死，据说吃了会钻进你的血管内，昨天都有很多猪被埋了！@遵义同城会 ",
        "time": "14-11-20 12:54",
        "user id": "2105422544",
        "tweet id": "Bx8hkj0dW",
        "label": 1,
        "theme": "医药健康"
    },
    "comment": [
        {
            "comment id": 0,
            "parent": -1,
            "children": [],
            "user id": "2105422544",
            "user name": "poppin刘唐",
            "content": "回复@给你个眼神自己慢慢的去体会:不存在",
            "time": "14-11-24 13:10"
        },
        {
            "comment id": 1,
            "parent": -1,
            "children": [],
            "user id": "5181869504",
            "user name": "给你个眼神自己慢慢的去体会",
            "content": "回复@poppin刘唐:你的速度慢了点",
            "time": "14-11-24 13:05"
        },
        {
            "comment id": 2,
            "parent": -1,
            "children": [],
            "user id": "2105422544",
            "user name": "poppin刘唐",
            "content": "回复@给你个眼神自己慢慢的去体会:好麻",
            "time": "14-11-24 12:50"
        },
        {
            "comment id": 3,
            "parent": -1,
            "children": [],
            "user id": "5181869504",
            "user name": "给你个眼神自己慢慢的去体会",
            "content": "这个早就听说咯，我家啊边都出现过勒",
            "time": "14-11-23 19:55"
        },
        {
            "comment id": 4,
            "parent": -1,
            "children": [],
            "user id": "2105422544",
            "user name": "poppin刘唐",
            "content": "回复@黑色狐狸吃白猫:兄弟，不要在哥哥面前秀智商，你还达不到这个水平，其次好点哥哥也是学医的！再其次图片和内容从朋友朋友圈复制过来，压根就没去管！接着，六图不是血管，ok？",
            "time": "14-11-22 16:03"
        },
        {
            "comment id": 5,
            "parent": -1,
            "children": [],
            "user id": "1715612387",
            "user name": "黑色狐狸吃白猫",
            "content": "你这智商你不知道什么是血管不要乱发，",
            "time": "14-11-22 14:31"
        },
        {
            "comment id": 6,
            "parent": -1,
            "children": [],
            "user id": "1715612387",
            "user name": "黑色狐狸吃白猫",
            "content": "这是血管",
            "time": "14-11-22 14:27"
        },
        {
            "comment id": 7,
            "parent": -1,
            "children": [],
            "user id": "2192697702",
            "user name": "小仙女想喝酒",
            "content": "回复@poppin刘唐:随便说你就信了我也没办法。",
            "time": "14-11-21 15:41"
        },
        {
            "comment id": 8,
            "parent": -1,
            "children": [],
            "user id": "2105422544",
            "user name": "poppin刘唐",
            "content": "回复@杨小花profect:水",
            "time": "14-11-21 15:10"
        },
        {
            "comment id": 9,
            "parent": -1,
            "children": [],
            "user id": "2192697702",
            "user name": "小仙女想喝酒",
            "content": "回复@poppin刘唐:其实骗你的啦。它真的是钩虫。",
            "time": "14-11-21 15:08"
        },
        {
            "comment id": 10,
            "parent": -1,
            "children": [],
            "user id": "5140908017",
            "user name": "请叫我旋转瓜",
            "content": "你确定！！！！",
            "time": "14-11-21 09:42"
        },
        {
            "comment id": 11,
            "parent": -1,
            "children": [],
            "user id": "2105422544",
            "user name": "poppin刘唐",
            "content": "回复@SukiChanlovelife:就是嘛",
            "time": "14-11-21 09:13"
        },
        {
            "comment id": 12,
            "parent": -1,
            "children": [],
            "user id": "1668925301",
            "user name": "HoneySuki_Chan",
            "content": "我们湛江真的出现了很多",
            "time": "14-11-21 07:54"
        },
        {
            "comment id": 13,
            "parent": -1,
            "children": [],
            "user id": "3898007572",
            "user name": "寨上绿草青青",
            "content": "不是真实的事情就不要乱转。搞得人们人心惶惶的",
            "time": "14-11-20 23:32"
        },
        {
            "comment id": 14,
            "parent": -1,
            "children": [],
            "user id": "1268709382",
            "user name": "倾听者V派派",
            "content": "最后一张图是火腿肠事件的。。。。",
            "time": "14-11-20 23:31"
        },
        {
            "comment id": 15,
            "parent": -1,
            "children": [],
            "user id": "2551808472",
            "user name": "葉拾弍",
            "content": "谣言就是这么传出来的！",
            "time": "14-11-20 20:02"
        },
        {
            "comment id": 16,
            "parent": -1,
            "children": [],
            "user id": "1685914054",
            "user name": "库落嗯哼",
            "content": "几年前的又拿出来造谣，您乖乖玩你的朋友圈算了，别出来秀智商了",
            "time": "14-11-20 20:01"
        },
        {
            "comment id": 17,
            "parent": -1,
            "children": [],
            "user id": "3677573497",
            "user name": "Leeeeeeeezy",
            "content": "肉都不能吃 那我还要活么？",
            "time": "14-11-20 19:59"
        },
        {
            "comment id": 18,
            "parent": -1,
            "children": [],
            "user id": "3128684860",
            "user name": "铅都",
            "content": "是血管來的",
            "time": "14-11-20 19:57"
        },
        {
            "comment id": 19,
            "parent": -1,
            "children": [],
            "user id": "2105422544",
            "user name": "poppin刘唐",
            "content": "回复@贵阳晚报互动平台:这种情况，哎，又假恐慌一场",
            "time": "14-11-20 17:28"
        },
        {
            "comment id": 20,
            "parent": -1,
            "children": [],
            "user id": "2514277372",
            "user name": "贵阳晚报互动平台",
            "content": "已经辟谣了，哥们，你转发多一点就称传谣了。。。",
            "time": "14-11-20 17:09"
        },
        {
            "comment id": 21,
            "parent": -1,
            "children": [],
            "user id": "2105422544",
            "user name": "poppin刘唐",
            "content": "回复@请叫我威锋:办公室木有wifi",
            "time": "14-11-20 17:08"
        },
        {
            "comment id": 22,
            "parent": -1,
            "children": [],
            "user id": "2192697702",
            "user name": "小仙女想喝酒",
            "content": "回复@poppin刘唐:好吧",
            "time": "14-11-20 16:29"
        },
        {
            "comment id": 23,
            "parent": -1,
            "children": [],
            "user id": "2105422544",
            "user name": "poppin刘唐",
            "content": "回复@wanvia:其实可以吃",
            "time": "14-11-20 15:02"
        },
        {
            "comment id": 24,
            "parent": -1,
            "children": [],
            "user id": "2438347090",
            "user name": "wanvia",
            "content": "回复@poppin刘唐:主要是那么多高清大图 感觉都不想吃肉了",
            "time": "14-11-20 15:01"
        },
        {
            "comment id": 25,
            "parent": -1,
            "children": [],
            "user id": "2105422544",
            "user name": "poppin刘唐",
            "content": "回复@龚小瑞_:我也觉得是谣言，只是昨天看到执法部门埋猪，问了后说是因为这个事情，才想到发出来的，这些东西信与不信也看你自己，我也只是听到情况发出来大家可以有个注音点！",
            "time": "14-11-20 14:51"
        },
        {
            "comment id": 26,
            "parent": -1,
            "children": [],
            "user id": "2105422544",
            "user name": "poppin刘唐",
            "content": "回复@杨小花profect:我们木有学寄生虫好吗，还有这个是看到了才发的",
            "time": "14-11-20 14:48"
        },
        {
            "comment id": 27,
            "parent": -1,
            "children": [],
            "user id": "2309984141",
            "user name": "我只是路过讷",
            "content": "不是央视都辟谣咯吗，还在发这些，哗众取宠啊，请真正了解一下再发这种东西",
            "time": "14-11-20 14:45"
        },
        {
            "comment id": 28,
            "parent": -1,
            "children": [],
            "user id": "2192697702",
            "user name": "小仙女想喝酒",
            "content": "这个事猪带绦虫，云南吃生猪肉的地区好发，一般长2~4米，钩虫会引起贫血，也没这么大，而且这种虫高温消毒就死了唐哥，你的寄生虫怎么学的？",
            "time": "14-11-20 14:32"
        },
        {
            "comment id": 29,
            "parent": -1,
            "children": [],
            "user id": "2105422544",
            "user name": "poppin刘唐",
            "content": "回复@不死鸟一辉____:这种情况，好麻",
            "time": "14-11-20 14:19"
        },
        {
            "comment id": 30,
            "parent": -1,
            "children": [],
            "user id": "2426856513",
            "user name": "不死鸟一辉____",
            "content": "回复@poppin刘唐:木有肉吃的穷鬼表示很安全",
            "time": "14-11-20 14:16"
        },
        {
            "comment id": 31,
            "parent": -1,
            "children": [],
            "user id": "2105422544",
            "user name": "poppin刘唐",
            "content": "回复@wanvia:我希望是谣言噶，不然没有肉会死",
            "time": "14-11-20 13:56"
        },
        {
            "comment id": 32,
            "parent": -1,
            "children": [],
            "user id": "2105422544",
            "user name": "poppin刘唐",
            "content": "回复@陈云霞-:绦虫不是这种噶",
            "time": "14-11-20 13:56"
        },
        {
            "comment id": 33,
            "parent": -1,
            "children": [],
            "user id": "2438347090",
            "user name": "wanvia",
            "content": "干嘛老是发那么可怕的东西",
            "time": "14-11-20 13:55"
        },
        {
            "comment id": 34,
            "parent": -1,
            "children": [],
            "user id": "1793889411",
            "user name": "陈云霞-",
            "content": "回复@poppin刘唐:啧啧，这个才黑人哟。我们上微生物与寄生虫的时候讲过的，这个是猪肉绦虫，相应的也有牛肉绦虫等。",
            "time": "14-11-20 13:55"
        },
        {
            "comment id": 35,
            "parent": -1,
            "children": [],
            "user id": "2105422544",
            "user name": "poppin刘唐",
            "content": "回复@冷昕xin要瘦瘦瘦:刚刚问了，他们说是真的，已经查出来了",
            "time": "14-11-20 13:49"
        },
        {
            "comment id": 36,
            "parent": -1,
            "children": [],
            "user id": "2069415765",
            "user name": "leng冷昕xin",
            "content": "回复@poppin刘唐:昏，猪埋了只会让肉价上涨！",
            "time": "14-11-20 13:48"
        },
        {
            "comment id": 37,
            "parent": -1,
            "children": [],
            "user id": "2105422544",
            "user name": "poppin刘唐",
            "content": "回复@冷昕xin要瘦瘦瘦:看了，是说以前有人辟谣，但是现在又出现，不知真假，不过这样也好，可以让我们这边的猪肉价格降点了，哈哈",
            "time": "14-11-20 13:37"
        },
        {
            "comment id": 38,
            "parent": -1,
            "children": [],
            "user id": "2105422544",
            "user name": "poppin刘唐",
            "content": "回复@冷昕xin要瘦瘦瘦:我看看",
            "time": "14-11-20 13:30"
        },
        {
            "comment id": 39,
            "parent": -1,
            "children": [],
            "user id": "2069415765",
            "user name": "leng冷昕xin",
            "content": "回复@poppin刘唐:你上网查哈嘛，反正电视上科普过的。",
            "time": "14-11-20 13:30"
        },
        {
            "comment id": 40,
            "parent": -1,
            "children": [],
            "user id": "2105422544",
            "user name": "poppin刘唐",
            "content": "回复@冷昕xin要瘦瘦瘦:是埋猪不是烧猪，昨天看到的，然后又问了哈，他们就说这个事情哦，我倒希望是假的，不然我不吃肉会死的",
            "time": "14-11-20 13:27"
        },
        {
            "comment id": 41,
            "parent": -1,
            "children": [],
            "user id": "2069415765",
            "user name": "leng冷昕xin",
            "content": "回复@poppin刘唐:之前遵义电视台都专门讲过的，因为有个女的买到过。而且我以前看想其他的电视台早就报道过咯！烧猪？你们那点防疫站的人都死光了吧…",
            "time": "14-11-20 13:24"
        },
        {
            "comment id": 42,
            "parent": -1,
            "children": [],
            "user id": "2105422544",
            "user name": "poppin刘唐",
            "content": "回复@LLL--刘岚岚:你也可以试试，哈哈",
            "time": "14-11-20 13:19"
        },
        {
            "comment id": 43,
            "parent": -1,
            "children": [],
            "user id": "2105422544",
            "user name": "poppin刘唐",
            "content": "回复@冷昕xin要瘦瘦瘦:我一开始也以为无聊的谣传，昨天看到这边烧猪才相信的",
            "time": "14-11-20 13:19"
        },
        {
            "comment id": 44,
            "parent": -1,
            "children": [],
            "user id": "2069415765",
            "user name": "leng冷昕xin",
            "content": "回复@poppin刘唐:我反正看电视上讲过的！",
            "time": "14-11-20 13:18"
        },
        {
            "comment id": 45,
            "parent": -1,
            "children": [],
            "user id": "2653197030",
            "user name": "--嘻",
            "content": "回复@poppin刘唐:你是肉食主义者可以尝试哈",
            "time": "14-11-20 13:18"
        },
        {
            "comment id": 46,
            "parent": -1,
            "children": [],
            "user id": "2105422544",
            "user name": "poppin刘唐",
            "content": "回复@LLL--刘岚岚:吃一条？",
            "time": "14-11-20 13:15"
        },
        {
            "comment id": 47,
            "parent": -1,
            "children": [],
            "user id": "2653197030",
            "user name": "--嘻",
            "content": "看到好恶心",
            "time": "14-11-20 13:14"
        },
        {
            "comment id": 48,
            "parent": -1,
            "children": [],
            "user id": "2105422544",
            "user name": "poppin刘唐",
            "content": "回复@请叫我威锋:坑",
            "time": "14-11-20 13:14"
        },
        {
            "comment id": 49,
            "parent": -1,
            "children": [],
            "user id": "2105422544",
            "user name": "poppin刘唐",
            "content": "回复@冷昕xin要瘦瘦瘦:我血管你，我自家拍的一张我会不知道？现在我们这里烧了一百多头猪了",
            "time": "14-11-20 13:13"
        },
        {
            "comment id": 50,
            "parent": -1,
            "children": [],
            "user id": "2069415765",
            "user name": "leng冷昕xin",
            "content": "作为医学生居然没常识，那个是猪的血管！",
            "time": "14-11-20 13:12"
        },
        {
            "comment id": 51,
            "parent": -1,
            "children": [],
            "user id": "2261218792",
            "user name": "花果山的伯乐",
            "content": "回复@poppin刘唐:哈哈哈。祝你成功。  我睡午觉了",
            "time": "14-11-20 13:12"
        },
        {
            "comment id": 52,
            "parent": -1,
            "children": [],
            "user id": "2105422544",
            "user name": "poppin刘唐",
            "content": "回复@请叫我威锋:顺便减肥",
            "time": "14-11-20 13:11"
        },
        {
            "comment id": 53,
            "parent": -1,
            "children": [],
            "user id": "2261218792",
            "user name": "花果山的伯乐",
            "content": "回复@poppin刘唐:那你一天吃素？   过得下去？",
            "time": "14-11-20 13:11"
        },
        {
            "comment id": 54,
            "parent": -1,
            "children": [],
            "user id": "2105422544",
            "user name": "poppin刘唐",
            "content": "回复@请叫我威锋:像我这种肉食动物都不吃了",
            "time": "14-11-20 13:10"
        },
        {
            "comment id": 55,
            "parent": -1,
            "children": [],
            "user id": "2261218792",
            "user name": "花果山的伯乐",
            "content": "回复@poppin刘唐:那不晓得了！  没事。中国人体质乃世界最好。什么都吃！",
            "time": "14-11-20 13:05"
        },
        {
            "comment id": 56,
            "parent": -1,
            "children": [],
            "user id": "2105422544",
            "user name": "poppin刘唐",
            "content": "回复@请叫我威锋:毛，这个真的不是谣言",
            "time": "14-11-20 13:03"
        },
        {
            "comment id": 57,
            "parent": -1,
            "children": [],
            "user id": "2261218792",
            "user name": "花果山的伯乐",
            "content": "散播谣言达到500条转发。三年以下有期徒刑，拘役、管制、剥夺政治权利    哈哈哈！乱散播嘛",
            "time": "14-11-20 13:03"
        }
    ]
}