{
    "source": {
        "content": "【美女大学生网恋残疾小伙3日定情 对方酷似杰伦】90后女大学生小丹在网上认识了广州一男孩，两人不到三天坠入爱河。当她只身前往广州与其见面后，发现他竟双腿失去行动能力，而小丹却做出惊人决定：退学向对方求婚，并承诺照顾对方一生。而男孩长得像周杰伦，吉他弹得好。美女大学生网恋残疾小伙3日定情 对方酷似杰伦 像吗？ ",
        "time": "15-2-10 14:29",
        "user id": "3993200585",
        "tweet id": "C3EtZaPoc",
        "label": 1,
        "theme": "社会生活"
    },
    "comment": [
        {
            "comment id": 0,
            "parent": -1,
            "children": [],
            "user id": "2212286472",
            "user name": "lsw_世文",
            "content": "回复@Asbaby_:肯定假的",
            "time": "15-2-15 15:16"
        },
        {
            "comment id": 1,
            "parent": -1,
            "children": [],
            "user id": "2319521600",
            "user name": "傻儿甜甜",
            "content": "@lsw_世文 假的吧…",
            "time": "15-2-15 15:12"
        },
        {
            "comment id": 2,
            "parent": -1,
            "children": [],
            "user id": "1989158510",
            "user name": "红星L_小毅",
            "content": "卧槽这真的不科学",
            "time": "15-2-15 00:03"
        },
        {
            "comment id": 3,
            "parent": -1,
            "children": [],
            "user id": "2401008233",
            "user name": "-李可以Justmonice",
            "content": "这让我们这些单身 🐶情何以堪[呵呵]",
            "time": "15-2-14 21:17"
        },
        {
            "comment id": 4,
            "parent": -1,
            "children": [],
            "user id": "3550208472",
            "user name": "与萤灯",
            "content": "回复@凯瑟琳Katherine_KKK:[bm抬腿]",
            "time": "15-2-10 19:14"
        },
        {
            "comment id": 5,
            "parent": -1,
            "children": [],
            "user id": "1773806853",
            "user name": "KarmaKatherine",
            "content": "@几个咸蛋 @嚯哈哈哈哈哈给朕退下 周杰棍 像吗",
            "time": "15-2-10 18:49"
        },
        {
            "comment id": 6,
            "parent": -1,
            "children": [],
            "user id": "1761071404",
            "user name": "邪恶熊猫的世界_pmc",
            "content": "回复@路况好:的确是微电影的炒作",
            "time": "15-2-10 15:38"
        },
        {
            "comment id": 7,
            "parent": -1,
            "children": [],
            "user id": "1985595285",
            "user name": "路况好",
            "content": "回复@邪恶猫熊的世界_pmc:周杰伦新片《励志》保密做的那么好，都被你挖出来了？",
            "time": "15-2-10 15:16"
        },
        {
            "comment id": 8,
            "parent": -1,
            "children": [],
            "user id": "1761071404",
            "user name": "邪恶熊猫的世界_pmc",
            "content": "@路况好",
            "time": "15-2-10 15:10"
        },
        {
            "comment id": 9,
            "parent": -1,
            "children": [],
            "user id": "1761071404",
            "user name": "邪恶熊猫的世界_pmc",
            "content": "回复@要出走的熊猫:无语吧",
            "time": "15-2-10 15:10"
        },
        {
            "comment id": 10,
            "parent": -1,
            "children": [],
            "user id": "1068014865",
            "user name": "fish熊",
            "content": "回复@邪恶猫熊的世界_pmc:确实很像！",
            "time": "15-2-10 15:00"
        },
        {
            "comment id": 11,
            "parent": -1,
            "children": [],
            "user id": "5230720602",
            "user name": "星期天想赖床",
            "content": "像 但是比Jay丑。。",
            "time": "15-2-10 14:59"
        },
        {
            "comment id": 12,
            "parent": -1,
            "children": [],
            "user id": "1761071404",
            "user name": "邪恶熊猫的世界_pmc",
            "content": "@要出走的熊猫",
            "time": "15-2-10 14:58"
        },
        {
            "comment id": 13,
            "parent": -1,
            "children": [],
            "user id": "2673263764",
            "user name": "叶子0413痛",
            "content": "",
            "time": "15-2-10 14:39"
        }
    ]
}