{
    "source": {
        "content": "【90后女大学生网恋残疾小伙，三日定情！对方酷似周杰伦】90后女大学生小丹在网上认识了广州一男孩，两人不到三天坠入爱河。当她只身前往广州后，发现男孩竟是双腿失去行动能力，而小丹却做出惊人决定：退学向对方求婚，并承诺照顾对方一生。男孩长得像周杰伦，弹得一手好吉他。据新闻晨报 ",
        "time": "15-2-10 14:30",
        "user id": "3229694724",
        "tweet id": "C3Euzto1l",
        "label": 1,
        "theme": "社会生活"
    },
    "comment": [
        {
            "comment id": 0,
            "parent": -1,
            "children": [],
            "user id": "1903699775",
            "user name": "锦鲤少女心",
            "content": "肿麽决定像炒作",
            "time": "15-2-10 19:38"
        },
        {
            "comment id": 1,
            "parent": -1,
            "children": [],
            "user id": "2331086675",
            "user name": "连了WIFI的避尘",
            "content": "回复@兰花小馆不见不散:装疯哈哈哈",
            "time": "15-2-10 19:07"
        },
        {
            "comment id": 2,
            "parent": -1,
            "children": [],
            "user id": "1572407787",
            "user name": "兰花小馆不见不散",
            "content": "@Hey刘笛",
            "time": "15-2-10 15:42"
        },
        {
            "comment id": 3,
            "parent": -1,
            "children": [],
            "user id": "2013549593",
            "user name": "安好bebeone-",
            "content": "回复@Oo结发授长生oO:哟西",
            "time": "15-2-10 15:19"
        },
        {
            "comment id": 4,
            "parent": -1,
            "children": [],
            "user id": "2859786874",
            "user name": "Oo结发授长生oO",
            "content": "回复@她是李瑞:绝交",
            "time": "15-2-10 15:19"
        },
        {
            "comment id": 5,
            "parent": -1,
            "children": [],
            "user id": "2013549593",
            "user name": "安好bebeone-",
            "content": "@Oo结发授长生oO",
            "time": "15-2-10 15:12"
        }
    ]
}