{
    "source": {
        "content": "急找孩子，求转，求帮忙  有线索酬金10万 帮忙扩散，今天上午一个三岁多小女孩在锦绣花园小区附近被人拐走了，小女孩能说出她爸爸的手机号码 从监控上看是被一个四十多岁男人抱走了现大人都急疯了 看到信息的朋友留意一下 联系人宁继春13940292999 看见的好心人请伸出手指按一下吧 ",
        "time": "15-4-18 23:35",
        "user id": "1635049254",
        "tweet id": "CdTH0kiRA",
        "label": 1,
        "theme": "社会生活"
    },
    "comment": [
        {
            "comment id": 0,
            "parent": -1,
            "children": [],
            "user id": "3194846772",
            "user name": "Thestarinthestars-",
            "content": "//@新人熊乐无穷: 转发微博",
            "time": "15-4-19 18:49"
        },
        {
            "comment id": 1,
            "parent": -1,
            "children": [],
            "user id": "5141478051",
            "user name": "黃藥師__",
            "content": "我知道的锦绣花园就不下四个",
            "time": "15-4-19 01:59"
        },
        {
            "comment id": 2,
            "parent": -1,
            "children": [],
            "user id": "3967680504",
            "user name": "脑残不算残",
            "content": "假的，百度一下手机号码就知道是假的，可以的话删了吧",
            "time": "15-4-19 00:50"
        },
        {
            "comment id": 3,
            "parent": -1,
            "children": [],
            "user id": "1635049254",
            "user name": "开心亿笑",
            "content": "回复@莽子娃儿:这里只说了一个小区，可能重庆的小区吧",
            "time": "15-4-19 00:31"
        },
        {
            "comment id": 4,
            "parent": -1,
            "children": [],
            "user id": "1836145741",
            "user name": "莽子娃儿",
            "content": "我微信里说在重庆走丢的！信息太乱了……",
            "time": "15-4-19 00:07"
        },
        {
            "comment id": 5,
            "parent": -1,
            "children": [],
            "user id": "1635049254",
            "user name": "开心亿笑",
            "content": "微信看到的，就发下微博帮转一下啦。",
            "time": "15-4-18 23:35"
        }
    ]
}