{
    "source": {
        "content": "经确认消息真实： 中国人民解放军总医院（301医院）从即日起到2015年12月15日免费给0-14岁患先天性心脏病的农村孩子做手术。先心救助项目电话：14:30-17:30拨打010-66936283。各位可扩散。 新康路 ",
        "time": "15-5-17 17:14",
        "user id": "2644952894",
        "tweet id": "CigACcDtp",
        "label": 1,
        "theme": "医药健康"
    },
    "comment": [
        {
            "comment id": 0,
            "parent": -1,
            "children": [],
            "user id": "2288015713",
            "user name": "天涯愚者",
            "content": "假消息，请看链接 海口人民解放军301医院免费治先心病为假消息",
            "time": "15-6-1 16:34"
        },
        {
            "comment id": 1,
            "parent": -1,
            "children": [],
            "user id": "2185225083",
            "user name": "睢宁王昊",
            "content": "真的",
            "time": "15-5-18 11:01"
        },
        {
            "comment id": 2,
            "parent": -1,
            "children": [],
            "user id": "2300615290",
            "user name": "陈嘉如小姐姐就是我啦",
            "content": "真的假的求证实",
            "time": "15-5-17 22:47"
        },
        {
            "comment id": 3,
            "parent": -1,
            "children": [],
            "user id": "1430953837",
            "user name": "左聋右聪目半明",
            "content": "请问你怎么确认的？",
            "time": "15-5-17 22:04"
        },
        {
            "comment id": 4,
            "parent": -1,
            "children": [],
            "user id": "1912478867",
            "user name": "木易-RED",
            "content": "是真实的信息吧？我有的朋友说是假的",
            "time": "15-5-17 18:40"
        },
        {
            "comment id": 5,
            "parent": -1,
            "children": [],
            "user id": "1832122611",
            "user name": "2017能让瘦几天嘛",
            "content": "必须转发~",
            "time": "15-5-17 17:21"
        }
    ]
}