{
    "source": {
        "content": "中国人民解放军301医院从即日起到2015年12月15日免费给0-14岁患先天性心脏病的农村孩子做手术，咨询电话：010-66936283。举手之劳，爱心传递。（尽管朋友说核实过了。我还是用了半个小时给301医院的总机打通了电话，必须亲自核实才踏实。是的，这是真的，请转发[爱心]）#为了农村生病的孩子们# ",
        "time": "15-6-1 14:50",
        "user id": "1820678125",
        "tweet id": "Ckx3Fo8oW",
        "label": 1,
        "theme": "医药健康"
    },
    "comment": [
        {
            "comment id": 0,
            "parent": -1,
            "children": [],
            "user id": "2011765640",
            "user name": "储建新微博",
            "content": "求真精神可佳可赞！更应该感谢举报信息不实的博友。//@绿妖绿妖: 这颗心给 //@樱桃和细毛:",
            "time": "15-6-4 12:49"
        },
        {
            "comment id": 1,
            "parent": -1,
            "children": [],
            "user id": "5319272882",
            "user name": "_Mr_Duan_",
            "content": "这消息是假的。传播前先辨别清楚。",
            "time": "15-6-3 11:32"
        },
        {
            "comment id": 2,
            "parent": -1,
            "children": [],
            "user id": "2841090384",
            "user name": "doctor杨先生",
            "content": "这事假的",
            "time": "15-6-2 08:47"
        },
        {
            "comment id": 3,
            "parent": -1,
            "children": [],
            "user id": "1200537723",
            "user name": "马一鸣",
            "content": "你凭自己一己之力 花了这么多的时间 去求证这件事情 这种认真地态度 和为了孩子们的心情 让人尊敬",
            "time": "15-6-1 22:36"
        },
        {
            "comment id": 4,
            "parent": -1,
            "children": [],
            "user id": "1200537723",
            "user name": "马一鸣",
            "content": "只是没有说清楚 但是尽力了 现在是信息时代 网络消息鱼龙混杂 很多人为了吸引眼球和其他目的 混淆视线 连媒体辟谣的速度都跟不上造谣的速度 这就是为什么从今天开始 微博、微信和贴吧都会24小时有网警 现在要搞清楚一条消息正确、全面的情况 连媒体都很难做好 可想而知难度",
            "time": "15-6-1 22:36"
        },
        {
            "comment id": 5,
            "parent": -1,
            "children": [],
            "user id": "1200537723",
            "user name": "马一鸣",
            "content": "回复@樱桃和细毛:为细毛的求真精神点赞",
            "time": "15-6-1 22:27"
        },
        {
            "comment id": 6,
            "parent": -1,
            "children": [],
            "user id": "2109578633",
            "user name": "夕颜与玫瑰",
            "content": "谢谢你",
            "time": "15-6-1 21:25"
        },
        {
            "comment id": 7,
            "parent": -1,
            "children": [],
            "user id": "1820678125",
            "user name": "樱桃和细毛",
            "content": "回复@边城春早_1q5: 说的在理⋯⋯",
            "time": "15-6-1 21:23"
        },
        {
            "comment id": 8,
            "parent": -1,
            "children": [],
            "user id": "1820678125",
            "user name": "樱桃和细毛",
            "content": "终于搞清楚了状况。这确是一个扶贫项目。问题出在我只给医院总机打了电话，得知确有这个项目，而没有进一步核实农村的区域，以及贫困的界定～～这里农村指的是云南贵州西藏等地区，贫困也是要有有关部门出具的证明。免费的定义是医院给病童治病，相关企业和基金会付账。还有额度限制。真的很抱歉",
            "time": "15-6-1 21:09"
        },
        {
            "comment id": 9,
            "parent": -1,
            "children": [],
            "user id": "1820678125",
            "user name": "樱桃和细毛",
            "content": "回复@马一鸣:问题出在我只给医院总机打了电话，得知确有这个项目，而没有进一步核实农村的区域，以及贫困的界定～～",
            "time": "15-6-1 20:53"
        },
        {
            "comment id": 10,
            "parent": -1,
            "children": [],
            "user id": "1265804304",
            "user name": "边城春早_1q5",
            "content": "回复@樱桃和细毛:而且现在信息传播这么快，万一有农村0——14岁这个年龄段的孩子患先天性心脏病，家长正发愁呢，听到消息又打不通电话，带着孩子就坐火车奔北京来了，手术又做不了，怎么办？所以信息核实准确再发布并不是小事，免得以讹传讹，给人家帮倒忙。",
            "time": "15-6-1 20:33"
        },
        {
            "comment id": 11,
            "parent": -1,
            "children": [],
            "user id": "1265804304",
            "user name": "边城春早_1q5",
            "content": "回复@樱桃和细毛:实际这个项目是爱佑慈善基金会和民政部合作的公益项目，微博上经常看到央视主持人鲁健、李修平他们的《爱的分贝》儿童公益项目，也是要先申请，再审核批准，然后落实赞助，都是有一定程序的。关心儿童公益是好事，但要信息核准再发，免得程序不对，医院电话被打爆，项目正常联系受影响",
            "time": "15-6-1 20:13"
        },
        {
            "comment id": 12,
            "parent": -1,
            "children": [],
            "user id": "2388597724",
            "user name": "法罗群岛上的赌徒",
            "content": "回复@马一鸣:可是博主说已经核实过了啊",
            "time": "15-6-1 19:22"
        },
        {
            "comment id": 13,
            "parent": -1,
            "children": [],
            "user id": "1200537723",
            "user name": "马一鸣",
            "content": "回复@樱桃和细毛:这个消息在微信朋友圈传过好几轮了 网友们评论里发出的新闻 是记者调查过的 辟谣过了 我自己也在节目里说过",
            "time": "15-6-1 18:28"
        },
        {
            "comment id": 14,
            "parent": -1,
            "children": [],
            "user id": "1820678125",
            "user name": "樱桃和细毛",
            "content": "只是这个电话只在下午2：30到5；30之间接听，一直忙音打不通。所以我又给301的朋友打了电话，她正准备上一个手术，说下了手术就去心内科帮我质询一下。所以这条微博不是我杜撰的，也不是空穴来风，可能信息有不准确的地方，有待进一步查询。也正是我在做的事情。",
            "time": "15-6-1 17:56"
        },
        {
            "comment id": 15,
            "parent": -1,
            "children": [],
            "user id": "1820678125",
            "user name": "樱桃和细毛",
            "content": "一早小朋友幼儿园里有这个消息，后来说是假的。然后微信朋友圈里再有朋友发这个消息，说是核实过是真的。不敢冒然行事，用半小时打通了301医院官网提供的总机电话，得到肯定回答，是有这个项目，具体详情请咨询01066936283 这个电话也是真是的 就是301医院该项目的咨询电话。",
            "time": "15-6-1 17:51"
        },
        {
            "comment id": 16,
            "parent": -1,
            "children": [],
            "user id": "1279316963",
            "user name": "小女洛溪",
            "content": "假消息 被辟谣过",
            "time": "15-6-1 17:35"
        },
        {
            "comment id": 17,
            "parent": -1,
            "children": [],
            "user id": "2389251245",
            "user name": "立山而云在",
            "content": "//@楊葵: ",
            "time": "15-6-1 17:23"
        },
        {
            "comment id": 18,
            "parent": -1,
            "children": [],
            "user id": "1495558863",
            "user name": "djdoudou",
            "content": "//@自然卷1122:  //@晶晶瓶://@Little_Karen61X57: //@管家的日子: ",
            "time": "15-6-1 17:23"
        },
        {
            "comment id": 19,
            "parent": -1,
            "children": [],
            "user id": "2248154154",
            "user name": "大牙板09",
            "content": "2.不是只有301能做，所有的省级医院都有资质。相反，部队医院报销比例反而稍低。3.这属于小型手术，省级三甲医院都可以做。对于中小型手术，完全不建议去北京热门大医院做。4.对于所有能做手术的医院，都非常希望吸收这类病源，因此都会进行些宣传。这类挂缀不同医院名称的广告段子，我见过20个版本",
            "time": "15-6-1 17:22"
        },
        {
            "comment id": 20,
            "parent": -1,
            "children": [],
            "user id": "1265804304",
            "user name": "边城春早_1q5",
            "content": "该项目每年都可以申请，没有截止时间。申请成功者可获得基金会的部分资金资助，并非完全免费。",
            "time": "15-6-1 17:11"
        },
        {
            "comment id": 21,
            "parent": -1,
            "children": [],
            "user id": "1265804304",
            "user name": "边城春早_1q5",
            "content": "据北京晨报记者了解，爱佑慈善基金会有“爱佑童心”—孤贫先天性心脏病患儿手术治疗项目。查询得知，该项目于2006年与民政部合作设立。资助0-14周岁、满足救助条件的先天性心脏病患儿进行手术治疗，其定点医院含有中国人民解放军301医院。该项目每年都可以申请，没有截止时间。申请成功者可获得基金会",
            "time": "15-6-1 17:11"
        },
        {
            "comment id": 22,
            "parent": -1,
            "children": [],
            "user id": "1823819515",
            "user name": "大妍小瀚的麻麻",
            "content": "必须转啊[不好意思][不好意思]",
            "time": "15-6-1 16:58"
        },
        {
            "comment id": 23,
            "parent": -1,
            "children": [],
            "user id": "2205074942",
            "user name": "水煮海鱼",
            "content": "接力",
            "time": "15-6-1 16:56"
        },
        {
            "comment id": 24,
            "parent": -1,
            "children": [],
            "user id": "1875374561",
            "user name": "oooov-11",
            "content": "为了可爱的孩子们！",
            "time": "15-6-1 16:53"
        },
        {
            "comment id": 25,
            "parent": -1,
            "children": [],
            "user id": "1231852177",
            "user name": "红茶手绘本",
            "content": "前几天，我在微信朋友圈看到一则类似的信息（那个是关于治疗骨病的）。我把信息和联系电话抄下来，给了一个在校园里整天陪孩子训练（小孩有天生骨骼疾病）、看不到希望的母亲。我们不相识，我一再嘱咐她要打听好了，要慎重。当时的想法就是：万一有希望呢。",
            "time": "15-6-1 16:36"
        },
        {
            "comment id": 26,
            "parent": -1,
            "children": [],
            "user id": "1200537723",
            "user name": "马一鸣",
            "content": "好久的消息了 各大媒体还特地报道过这个事情是假的 混乱了",
            "time": "15-6-1 16:34"
        },
        {
            "comment id": 27,
            "parent": -1,
            "children": [],
            "user id": "2288015713",
            "user name": "天涯愚者",
            "content": "假消息，请看链接 海口人民解放军301医院免费治先心病为假消息",
            "time": "15-6-1 16:33"
        },
        {
            "comment id": 28,
            "parent": -1,
            "children": [],
            "user id": "2372318040",
            "user name": "lazy-晴",
            "content": "爱心转发",
            "time": "15-6-1 16:31"
        },
        {
            "comment id": 29,
            "parent": -1,
            "children": [],
            "user id": "1678523134",
            "user name": "CHINA茶腻子",
            "content": "",
            "time": "15-6-1 16:27"
        },
        {
            "comment id": 30,
            "parent": -1,
            "children": [],
            "user id": "1931498790",
            "user name": "freesia2000",
            "content": "万一记不住电话，可以打总机问的，一会儿跟儿科大夫说说去。",
            "time": "15-6-1 16:19"
        },
        {
            "comment id": 31,
            "parent": -1,
            "children": [],
            "user id": "2098430715",
            "user name": "小迪zxd",
            "content": "",
            "time": "15-6-1 16:15"
        },
        {
            "comment id": 32,
            "parent": -1,
            "children": [],
            "user id": "2308833174",
            "user name": "774美雨",
            "content": "",
            "time": "15-6-1 16:14"
        },
        {
            "comment id": 33,
            "parent": -1,
            "children": [],
            "user id": "1760656463",
            "user name": "查太婷妈",
            "content": "//@管家的日子: ",
            "time": "15-6-1 16:13"
        },
        {
            "comment id": 34,
            "parent": -1,
            "children": [],
            "user id": "1430596015",
            "user name": "yuany09_e44",
            "content": "虽然没有什么粉丝，还是要转一下，这真是医德楷模~~~~",
            "time": "15-6-1 16:06"
        },
        {
            "comment id": 35,
            "parent": -1,
            "children": [],
            "user id": "1406718177",
            "user name": "管家的日子",
            "content": "",
            "time": "15-6-1 16:05"
        },
        {
            "comment id": 36,
            "parent": -1,
            "children": [],
            "user id": "2248154154",
            "user name": "大牙板09",
            "content": "每次都有不明真相的小清新瞎转消息，导致不明真相的人千里迢迢奔赴北京。恐怕去个北京，手术费以外的花费比手术费本身更高吧。更正一下，先心救助：1.这个不是不收费，只是报销比例较高，近似不收费，并且这类手术在界定范围内本身也花费不高，国家报销总额是不能超过3万。",
            "time": "15-6-1 15:46"
        },
        {
            "comment id": 37,
            "parent": -1,
            "children": [],
            "user id": "1397351524",
            "user name": "瑾萱雨涵",
            "content": "回复@薄荷绿装成小清新:有专门的基金，是国家或者其他基金给钱，医院只是负责筛选、上报、做手术，只能免大部分，不可能一分钱不出的",
            "time": "15-6-1 15:42"
        },
        {
            "comment id": 38,
            "parent": -1,
            "children": [],
            "user id": "3292003321",
            "user name": "魔力年967",
            "content": "抓紧转吧！难得301能眼睛向下，干点人事",
            "time": "15-6-1 15:41"
        },
        {
            "comment id": 39,
            "parent": -1,
            "children": [],
            "user id": "1772276635",
            "user name": "中老年表情包使用者",
            "content": "",
            "time": "15-6-1 15:39"
        },
        {
            "comment id": 40,
            "parent": -1,
            "children": [],
            "user id": "5492068347",
            "user name": "kklkifjhgd",
            "content": "不说别的   免费手术这几个字本身就很假",
            "time": "15-6-1 15:33"
        },
        {
            "comment id": 41,
            "parent": -1,
            "children": [],
            "user id": "1855499191",
            "user name": "隐者采薇",
            "content": "是谣传。看新闻网页链接",
            "time": "15-6-1 15:25"
        },
        {
            "comment id": 42,
            "parent": -1,
            "children": [],
            "user id": "1922792705",
            "user name": "丨轻安丨",
            "content": "扩散",
            "time": "15-6-1 15:21"
        },
        {
            "comment id": 43,
            "parent": -1,
            "children": [],
            "user id": "1262211750",
            "user name": "Libran_2018",
            "content": "",
            "time": "15-6-1 15:16"
        },
        {
            "comment id": 44,
            "parent": -1,
            "children": [],
            "user id": "2089268621",
            "user name": "地球梦游人",
            "content": "回复@樱桃和细毛:据说这个是某公司采购电话？",
            "time": "15-6-1 15:14"
        },
        {
            "comment id": 45,
            "parent": -1,
            "children": [],
            "user id": "2770453642",
            "user name": "周国镇青年小帅",
            "content": "It's alive with the beating of young hearts//@绿妖绿妖: ",
            "time": "15-6-1 15:07"
        },
        {
            "comment id": 46,
            "parent": -1,
            "children": [],
            "user id": "1272139891",
            "user name": "宅到地老天荒",
            "content": "//@张丹丹: 确定，是真的。转给有需要的朋友。",
            "time": "15-6-1 15:06"
        },
        {
            "comment id": 47,
            "parent": -1,
            "children": [],
            "user id": "1820678125",
            "user name": "樱桃和细毛",
            "content": "回复@DearIvyQueen: 这个消息一早孩子幼儿园家长群里就有，后来说是假的。再后来微信又有朋友发，说是打电话确认过。不敢冒然转发，我也给301医院总机打了电话，确认是真的。那么为什么说是假的呢？什么部门辟谣的？说实在的，大家这么一说，我都不确定了，难不成查到的301医院的总机号码是假的？！！",
            "time": "15-6-1 15:04"
        },
        {
            "comment id": 48,
            "parent": -1,
            "children": [],
            "user id": "2794482454",
            "user name": "日月的菩提",
            "content": "//@张丹丹: 确定，是真的。转给有需要的朋友。",
            "time": "15-6-1 15:03"
        },
        {
            "comment id": 49,
            "parent": -1,
            "children": [],
            "user id": "3208119655",
            "user name": "彧倾心",
            "content": "电话是假的",
            "time": "15-6-1 15:03"
        },
        {
            "comment id": 50,
            "parent": -1,
            "children": [],
            "user id": "2133511215",
            "user name": "蓝弧874763",
            "content": "",
            "time": "15-6-1 15:01"
        },
        {
            "comment id": 51,
            "parent": -1,
            "children": [],
            "user id": "1405982765",
            "user name": "楊葵",
            "content": "",
            "time": "15-6-1 14:58"
        },
        {
            "comment id": 52,
            "parent": -1,
            "children": [],
            "user id": "3234275160",
            "user name": "舂曦静悄悄",
            "content": "这个👍",
            "time": "15-6-1 14:58"
        },
        {
            "comment id": 53,
            "parent": -1,
            "children": [],
            "user id": "1411454771",
            "user name": "bamboobird",
            "content": "假的，怎么还在转啊！",
            "time": "15-6-1 14:57"
        },
        {
            "comment id": 54,
            "parent": -1,
            "children": [],
            "user id": "1595041271",
            "user name": "方彦菇凉不是方枪枪",
            "content": "//@绿妖绿妖: ",
            "time": "15-6-1 14:55"
        },
        {
            "comment id": 55,
            "parent": -1,
            "children": [],
            "user id": "1497911480",
            "user name": "绿妖绿妖",
            "content": "",
            "time": "15-6-1 14:54"
        }
    ]
}