{
    "source": {
        "content": "今年的8月 好好珍惜吧 800多年才有一次呢！！！ ",
        "time": "15-6-30 13:10",
        "user id": "2094390635",
        "tweet id": "CoVNrdve6",
        "label": 1,
        "theme": "文体娱乐"
    },
    "comment": [
        {
            "comment id": 0,
            "parent": -1,
            "children": [],
            "user id": "5182367200",
            "user name": "呼噜二重奏2",
            "content": "猪🐷才转发这些",
            "time": "15-7-1 20:12"
        },
        {
            "comment id": 1,
            "parent": -1,
            "children": [],
            "user id": "5365597482",
            "user name": "一纸流星的春天",
            "content": "呵呵呵，这么有学问",
            "time": "15-7-1 05:17"
        },
        {
            "comment id": 2,
            "parent": -1,
            "children": [],
            "user id": "2659025501",
            "user name": "爱莎莎的小乐子",
            "content": "莫国丢脸好啵~还连带丢长沙滴脸~",
            "time": "15-6-30 21:00"
        },
        {
            "comment id": 3,
            "parent": -1,
            "children": [],
            "user id": "2729833015",
            "user name": "朝气蓬勃小清新啦",
            "content": "珍惜毛啊，七月都不知道能过完不",
            "time": "15-6-30 17:47"
        },
        {
            "comment id": 4,
            "parent": -1,
            "children": [],
            "user id": "3989321050",
            "user name": "本宝是一只小黄鸡",
            "content": "日历是真的的话确实有很多假期可是本来就在放暑假啊",
            "time": "15-6-30 17:46"
        },
        {
            "comment id": 5,
            "parent": -1,
            "children": [],
            "user id": "1795272687",
            "user name": "妤妤妤妤妤啊",
            "content": "造谣转发超五百就爽歪歪了。",
            "time": "15-6-30 17:33"
        },
        {
            "comment id": 6,
            "parent": -1,
            "children": [],
            "user id": "1779657273",
            "user name": "请给我一个像样的昵称",
            "content": "生日月",
            "time": "15-6-30 17:16"
        },
        {
            "comment id": 7,
            "parent": -1,
            "children": [],
            "user id": "1975129462",
            "user name": "A_two_Z",
            "content": "原来中国古代用公历啊",
            "time": "15-6-30 17:14"
        },
        {
            "comment id": 8,
            "parent": -1,
            "children": [],
            "user id": "2169817941",
            "user name": "小灿呀呀呀呀呀",
            "content": "@谭晨恺",
            "time": "15-6-30 17:06"
        },
        {
            "comment id": 9,
            "parent": -1,
            "children": [],
            "user id": "3182350395",
            "user name": "berylX高高",
            "content": "",
            "time": "15-6-30 17:00"
        },
        {
            "comment id": 10,
            "parent": -1,
            "children": [],
            "user id": "3566848340",
            "user name": "睡神唯乐",
            "content": "转发微博",
            "time": "15-6-30 15:39"
        },
        {
            "comment id": 11,
            "parent": -1,
            "children": [],
            "user id": "1947607051",
            "user name": "想改昵称叫彭大胖子",
            "content": "愚弄大众",
            "time": "15-6-30 15:22"
        },
        {
            "comment id": 12,
            "parent": -1,
            "children": [],
            "user id": "2058829232",
            "user name": "蓝天绿树小黄人",
            "content": "5月也有啊",
            "time": "15-6-30 15:11"
        },
        {
            "comment id": 13,
            "parent": -1,
            "children": [],
            "user id": "1196425324",
            "user name": "不做浪漫农夫",
            "content": "没有一点媒体的社会责任感和使命感，",
            "time": "15-6-30 14:19"
        },
        {
            "comment id": 14,
            "parent": -1,
            "children": [],
            "user id": "2294266594",
            "user name": "胖嘟嘟的小肉脸",
            "content": "五月份不也是这样的吗😂",
            "time": "15-6-30 14:18"
        },
        {
            "comment id": 15,
            "parent": -1,
            "children": [],
            "user id": "2463452294",
            "user name": "梦无修",
            "content": "说的好像我真的多放了几个周末假一样",
            "time": "15-6-30 14:14"
        },
        {
            "comment id": 16,
            "parent": -1,
            "children": [],
            "user id": "1868591894",
            "user name": "dingding_的丁丁",
            "content": "我的生日月，幸运月。",
            "time": "15-6-30 14:07"
        },
        {
            "comment id": 17,
            "parent": -1,
            "children": [],
            "user id": "1742172522",
            "user name": "otomihsahk",
            "content": "明明是五个星期一！然并卵 暑假没有周末概念～",
            "time": "15-6-30 13:53"
        },
        {
            "comment id": 18,
            "parent": -1,
            "children": [],
            "user id": "2347288347",
            "user name": "欣一叽",
            "content": "然并卵",
            "time": "15-6-30 13:42"
        },
        {
            "comment id": 19,
            "parent": -1,
            "children": [],
            "user id": "1950776857",
            "user name": "jaccccine",
            "content": "这种低智商的东西以后就不要拿来发了好么😒",
            "time": "15-6-30 13:27"
        },
        {
            "comment id": 20,
            "parent": -1,
            "children": [],
            "user id": "2703507425",
            "user name": "水煮牛肉蘑菇",
            "content": "",
            "time": "15-6-30 13:27"
        },
        {
            "comment id": 21,
            "parent": -1,
            "children": [],
            "user id": "5182367200",
            "user name": "呼噜二重奏2",
            "content": "",
            "time": "15-6-30 13:25"
        },
        {
            "comment id": 22,
            "parent": -1,
            "children": [],
            "user id": "1873343904",
            "user name": "梁密-",
            "content": "@乱猜离_",
            "time": "15-6-30 13:16"
        },
        {
            "comment id": 23,
            "parent": -1,
            "children": [],
            "user id": "5375620569",
            "user name": "其实不想有昵称的",
            "content": "你家八月跟我的怎么不一样",
            "time": "15-6-30 13:15"
        },
        {
            "comment id": 24,
            "parent": -1,
            "children": [],
            "user id": "3050321520",
            "user name": "昨天疯了一天的女子",
            "content": "休10天，简直是休了三个法定节假日呀",
            "time": "15-6-30 13:14"
        },
        {
            "comment id": 25,
            "parent": -1,
            "children": [],
            "user id": "3509009331",
            "user name": "双鱼座不吃鱼",
            "content": "8月1号是星期六……",
            "time": "15-6-30 13:13"
        },
        {
            "comment id": 26,
            "parent": -1,
            "children": [],
            "user id": "1856328500",
            "user name": "午餐柠檬两个半",
            "content": "8月1号 星期六 别逗了",
            "time": "15-6-30 13:13"
        }
    ]
}