{
    "source": {
        "content": "紧急通知：暂时别吃麻辣烫、米线, 天津某医院患者凌晨4:20因H799死！年龄31岁，孩子还在妈妈肚子里，参与抢救的医生已被隔离。米线，麻辣烫自助餐都是食用胶。纯米线没有这种味道，天津市卫生局刚开完紧急会议。已有多人被感染，发给你关心的人。为了自己及家人的健康  远离麻辣烫远离米线。 ",
        "time": "15-7-6 07:56",
        "user id": "2273213520",
        "tweet id": "CpOjd2NWp",
        "label": 1,
        "theme": "医药健康"
    },
    "comment": [
        {
            "comment id": 0,
            "parent": -1,
            "children": [],
            "user id": "5034050022",
            "user name": "欧球瓜",
            "content": "分享图片 ",
            "time": "15-11-7 17:25"
        },
        {
            "comment id": 1,
            "parent": -1,
            "children": [],
            "user id": "2273213520",
            "user name": "小五郎119",
            "content": "回复@克拉拉的永恒:谣言批的越厉害，幕后越有问题",
            "time": "15-7-6 14:46"
        },
        {
            "comment id": 2,
            "parent": -1,
            "children": [],
            "user id": "1329253005",
            "user name": "克拉拉的永恒",
            "content": "已经辟谣了",
            "time": "15-7-6 13:31"
        },
        {
            "comment id": 3,
            "parent": -1,
            "children": [],
            "user id": "2273213520",
            "user name": "小五郎119",
            "content": "回复@nelly630:病毒啊",
            "time": "15-7-6 09:07"
        },
        {
            "comment id": 4,
            "parent": -1,
            "children": [],
            "user id": "1676699854",
            "user name": "就耐帅哥的张小鱼",
            "content": "我以为是H7N9",
            "time": "15-7-6 08:54"
        },
        {
            "comment id": 5,
            "parent": -1,
            "children": [],
            "user id": "2273213520",
            "user name": "小五郎119",
            "content": "回复@nelly630:病毒啊",
            "time": "15-7-6 08:50"
        },
        {
            "comment id": 6,
            "parent": -1,
            "children": [],
            "user id": "1286642602",
            "user name": "nelly630",
            "content": "h799是什么",
            "time": "15-7-6 08:33"
        }
    ]
}