{
    "source": {
        "content": "【知道日军建的\"人圈\"吗？把人当牲畜 毫无尊严】日前内蒙古发现国内保存规模最大的\"人圈\"遗址，\"人圈\"为日军侵华时圈禁中国百姓所建。在\"人圈\"，毒打凌辱每天上演，姑娘没裤子穿，只能蹲在坑中保留最后一点尊严。很多村民宁死不屈，1939至1945六年，仅在“无人区”35万人被屠杀。视频 ",
        "time": "15-7-12 19:10",
        "user id": "2656274875",
        "tweet id": "CqNhG3AGJ",
        "label": 0,
        "theme": "社会生活"
    },
    "comment": [
        {
            "comment id": 0,
            "parent": -1,
            "children": [],
            "user id": "5119048767",
            "user name": "半场先生",
            "content": "勿忘国耻",
            "time": "17-6-9 03:21"
        },
        {
            "comment id": 1,
            "parent": -1,
            "children": [],
            "user id": "1111834421",
            "user name": "Sailor桃桃子",
            "content": "听说过两脚羊么？",
            "time": "17-4-19 02:25"
        },
        {
            "comment id": 2,
            "parent": -1,
            "children": [],
            "user id": "3159889472",
            "user name": "辰的Eric",
            "content": "回复@小名儿叫金金金金金:你是小学生吗",
            "time": "17-4-13 11:45"
        },
        {
            "comment id": 3,
            "parent": -1,
            "children": [],
            "user id": "3159889472",
            "user name": "辰的Eric",
            "content": "回复@小名儿叫金金金金金:这跟番剧有关系？",
            "time": "17-4-13 11:37"
        },
        {
            "comment id": 4,
            "parent": -1,
            "children": [],
            "user id": "5659683865",
            "user name": "那雪酱",
            "content": "一部番整出这么多。。",
            "time": "17-4-13 00:21"
        },
        {
            "comment id": 5,
            "parent": -1,
            "children": [],
            "user id": "1766010335",
            "user name": "MOMO小奶膘",
            "content": "回复@FutamiKonoha:有疑问是好事，但是起码要看清楚新闻的细节，而不是凭着，“个人认为”来为了否定而否定。",
            "time": "17-4-12 20:56"
        },
        {
            "comment id": 6,
            "parent": -1,
            "children": [],
            "user id": "1766010335",
            "user name": "MOMO小奶膘",
            "content": "回复@FutamiKonoha:最后，你连这则新闻在哪里发生都没有看仔细，这不是青海也不是新疆更不是西藏，而是内蒙古，32年日军就侵占内蒙古了谢谢。",
            "time": "17-4-12 20:56"
        },
        {
            "comment id": 7,
            "parent": -1,
            "children": [],
            "user id": "1766010335",
            "user name": "MOMO小奶膘",
            "content": "回复@FutamiKonoha:其次，中国人当时有血性的大概都在战场上了，留下的……你说南京大屠杀是怎么造成的？有血性?",
            "time": "17-4-12 20:55"
        },
        {
            "comment id": 8,
            "parent": -1,
            "children": [],
            "user id": "1766010335",
            "user name": "MOMO小奶膘",
            "content": "回复@FutamiKonoha:首先，你说41年时候日本已经没有余力战斗了，那么请问你知道远征军吗？当时日本不但有能力战斗，而且打穿了中国到达缅甸战场上虐了一圈英国盟军后还有能力打回中国。",
            "time": "17-4-12 20:54"
        },
        {
            "comment id": 9,
            "parent": -1,
            "children": [],
            "user id": "3538920482",
            "user name": "浮舟今天学习了么",
            "content": "回复@震一震:综上，依本人愚见，这条消息的虚假程度是比较高的。同时，这种设施的存在相当愚蠢。日军曾侵略中国长达14年之久，这是个特别精明奸诈的国家，个人认为他不会做出大量制造这种设施的选择。",
            "time": "17-4-12 20:15"
        },
        {
            "comment id": 10,
            "parent": -1,
            "children": [],
            "user id": "3538920482",
            "user name": "浮舟今天学习了么",
            "content": "回复@震一震:最后，原po说“仅在无人区就死了35w”。首先日军侵华根本没有打到青海新疆西藏，然后如果无人区就死了35w,那么这就应该是一个普遍现象，那么这种方式祸害的人至少也有100万【纯属个人推测】。这个不亚于南京大屠杀的杀戮行为早该放在历史教科书被斥骂。然而事实上这却鲜为人知。",
            "time": "17-4-12 20:11"
        },
        {
            "comment id": 11,
            "parent": -1,
            "children": [],
            "user id": "3538920482",
            "user name": "浮舟今天学习了么",
            "content": "回复@震一震:其次，从为了舒缓士兵战争压力的角度来看，这个设施性价比太低。单纯屠杀和强奸更能达成目的，外墙的修建的劳动力不如拿来修战壕堡垒，后期的恐怖统治不只是需要狗腿子还需要日军自身的统治。凭中国人的血性至少20个人需要1个日军士兵进行恐怖统治。",
            "time": "17-4-12 20:05"
        },
        {
            "comment id": 12,
            "parent": -1,
            "children": [],
            "user id": "3538920482",
            "user name": "浮舟今天学习了么",
            "content": "回复@震一震:仔细说说。首先，39年日军打了苏联41年打了美国，他急于结束中国战场已经没有余力选择战斗力，一切可用于战争的战斗力他都使用了，没有理由分散余力看守这么大的设施。",
            "time": "17-4-12 20:05"
        },
        {
            "comment id": 13,
            "parent": -1,
            "children": [],
            "user id": "1766010335",
            "user name": "MOMO小奶膘",
            "content": "回复@FutamiKonoha:因为狗腿子不适合打仗啊，胆小懦弱背弃国家民族的汉奸，你是日本人你会用这些人打仗吗？但是这些人会讲中国话，由它们看管中国人最方便，还会为了活命讨好日本人拼命欺压自己的同胞。如同现在还在下面为一部日本右翼画家画的漫画拼命洗地的那些日杂一样",
            "time": "17-4-12 19:03"
        },
        {
            "comment id": 14,
            "parent": -1,
            "children": [],
            "user id": "3538920482",
            "user name": "浮舟今天学习了么",
            "content": "回复@震一震:有狗腿子监督的人力物力为什么不用来打仗呢……",
            "time": "17-4-12 14:40"
        },
        {
            "comment id": 15,
            "parent": -1,
            "children": [],
            "user id": "1897351524",
            "user name": "viiisix",
            "content": "@王小靖233 评论",
            "time": "17-4-12 09:25"
        },
        {
            "comment id": 16,
            "parent": -1,
            "children": [],
            "user id": "1766010335",
            "user name": "MOMO小奶膘",
            "content": "回复@污里麻辣丽莎:没办法，当年不也一堆汉奸么，日杂就是喜欢跪日本人",
            "time": "17-4-12 08:14"
        },
        {
            "comment id": 17,
            "parent": -1,
            "children": [],
            "user id": "1710313564",
            "user name": "爬过_______",
            "content": "回复@LostSmallWorld:但是作者用旅顺大屠杀的战犯作为原型创作正面角色这是事实吧，他自己都公开声明了呀，有反转么？",
            "time": "17-4-9 13:02"
        },
        {
            "comment id": 18,
            "parent": -1,
            "children": [],
            "user id": "1778190503",
            "user name": "汪号全力复读机模式",
            "content": "最关键的是 这篇东西 你们怎么又翻出来评论了",
            "time": "17-4-9 11:29"
        },
        {
            "comment id": 19,
            "parent": -1,
            "children": [],
            "user id": "1778190503",
            "user name": "汪号全力复读机模式",
            "content": "回复@青铜骑士的肩头雪:爱国没错 但是什么程度的爱国才能让我国更加强壮才是正确的思想 一方面很多人都在抱怨愤愤不平但是正真为了国家出力的人少之又少不是吗？",
            "time": "17-4-9 11:24"
        },
        {
            "comment id": 20,
            "parent": -1,
            "children": [],
            "user id": "1778190503",
            "user name": "汪号全力复读机模式",
            "content": "回复@如圣悠然:…现在国家们都是高智商和平战斗 平民百姓就是靠着国家思路再走 我国不管做什么 基层人员有些愤愤不平的人就会扩大事情 所以啊不管限号韩什么 过段时间别的还会闹事就对了 静静的看吧",
            "time": "17-4-9 11:20"
        },
        {
            "comment id": 21,
            "parent": -1,
            "children": [],
            "user id": "1778190503",
            "user name": "汪号全力复读机模式",
            "content": "回复@朱箫烬的钢琴盖掉下来了:兄弟 15年的东西你都能翻出来回复 在下实在佩服 关于右翼也是今年事特多 还有个最根本的是 每个国家都有一部分类似于日本右翼的存在 在中国你只是看不见 日本右翼这种群体是个中国人都不能忍 但是他们就是思想极端很变态 所以？某种程度上 去和一个激进群体去闹腾 这？右翼若是侵犯 我国也不是吃素的",
            "time": "17-4-9 11:15"
        },
        {
            "comment id": 22,
            "parent": -1,
            "children": [],
            "user id": "5201002379",
            "user name": "_可爱阿星",
            "content": "回复@LOKEY_洛七:你搞笑吧，只要看过巨人的都明白不管巨人是中国人还是日本人，在里面都是逻辑不通的。比如巨人如果是中国人，那作者画的就是中国人杀日本人。如果巨人是日本人，那主角艾伦是被他爸爸从日本人变成中国人啦？",
            "time": "17-4-8 12:28"
        },
        {
            "comment id": 23,
            "parent": -1,
            "children": [],
            "user id": "1961877404",
            "user name": "勉强希麻思",
            "content": "回复@LostSmallWorld:艾伦设定不是日本人吧。我记得三笠的设定是最后一个日本人所以战斗力那么强。 不过关于中国人和巨人的关系我是真不知道。",
            "time": "17-4-8 12:24"
        },
        {
            "comment id": 24,
            "parent": -1,
            "children": [],
            "user id": "5201002379",
            "user name": "_可爱阿星",
            "content": "回复@勉强希麻思:无语，如果巨人是中国人，那艾伦是从日本人变成中国人咯",
            "time": "17-4-8 12:21"
        },
        {
            "comment id": 25,
            "parent": -1,
            "children": [],
            "user id": "5201002379",
            "user name": "_可爱阿星",
            "content": "搞笑吧，估计黑巨人的都没看过巨人吧！主角艾伦就是人类变巨人，还有其他很多人都是人类，那照这么说主角都是中国人，而反派是日本人咯",
            "time": "17-4-8 12:20"
        },
        {
            "comment id": 26,
            "parent": -1,
            "children": [],
            "user id": "2242433662",
            "user name": "一杯糯米汤圆猫",
            "content": "@罗罗诺亚家的刘小怪",
            "time": "17-4-8 10:29"
        },
        {
            "comment id": 27,
            "parent": -1,
            "children": [],
            "user id": "1734134030",
            "user name": "瓯子",
            "content": "人圈里面还有盖房子？",
            "time": "17-4-7 16:21"
        },
        {
            "comment id": 28,
            "parent": -1,
            "children": [],
            "user id": "3174715753",
            "user name": "Hannie_rainbow",
            "content": "@哔哩哔哩弹幕网",
            "time": "17-4-7 14:33"
        },
        {
            "comment id": 29,
            "parent": -1,
            "children": [],
            "user id": "5263508779",
            "user name": "迷之哦哦屁",
            "content": "丧尽天良",
            "time": "17-4-7 08:38"
        },
        {
            "comment id": 30,
            "parent": -1,
            "children": [],
            "user id": "2077201311",
            "user name": "兰绛AIXN",
            "content": "感谢革命先烈，你们用鲜血生命换来了我们现在的安宁。愿抗日战争中逝去的生命，来世都能过得幸福安稳。看图泪目",
            "time": "17-4-6 19:39"
        },
        {
            "comment id": 31,
            "parent": -1,
            "children": [],
            "user id": "5856570400",
            "user name": "-莫展眉",
            "content": "回复@宵夜汪汪汪:难道依照你的意思爱国就有错了么？看到自己的民族曾饱受凌辱，那种愤怒感就不该存在么？",
            "time": "17-4-6 17:54"
        },
        {
            "comment id": 32,
            "parent": -1,
            "children": [],
            "user id": "1979860023",
            "user name": "酷儿了啦",
            "content": "都撕得好厉害可是对作者来说屁事都没有…爱国情怀还是要看自己怎么想吧",
            "time": "17-4-6 16:56"
        },
        {
            "comment id": 33,
            "parent": -1,
            "children": [],
            "user id": "5261549069",
            "user name": "翘摇啊摇",
            "content": "@我姓代不姓戴啊啊啊",
            "time": "17-4-6 16:45"
        },
        {
            "comment id": 34,
            "parent": -1,
            "children": [],
            "user id": "1735057273",
            "user name": "罗宾要喝褔灵剂",
            "content": "进击的巨人那作者本来就是右翼，这个还需要洗地？",
            "time": "17-4-6 16:19"
        },
        {
            "comment id": 35,
            "parent": -1,
            "children": [],
            "user id": "1766010335",
            "user name": "MOMO小奶膘",
            "content": "回复@SIROUS翼:四年前那里澄清了？用参加旅顺大屠杀的战争犯作原型创造角色已经澄清了？",
            "time": "17-4-6 16:10"
        },
        {
            "comment id": 36,
            "parent": -1,
            "children": [],
            "user id": "1766010335",
            "user name": "MOMO小奶膘",
            "content": "回复@FutamiKonoha:看图，一般是狗腿子汉奸监督。日军只是建立人圈。",
            "time": "17-4-6 16:08"
        },
        {
            "comment id": 37,
            "parent": -1,
            "children": [],
            "user id": "1766010335",
            "user name": "MOMO小奶膘",
            "content": "回复@子木-1030:已经和平太久了，再不拿出来，都快忘光了。想想进击的巨人，作者在作品里还原了人圈，用二战分子作原型创造角色，还有一堆中国的粉丝替作者洗地！",
            "time": "17-4-6 16:07"
        },
        {
            "comment id": 38,
            "parent": -1,
            "children": [],
            "user id": "1774083765",
            "user name": "咸鱼真仙",
            "content": "//@晋江我想吃肉: //@-云长歌-://@缡兔纸: //@胧月舞_玲珑酱://@无端全家身体倍儿棒: //@卓上橙心滚梨蛋喵喵喵: 最右 //@飒_任务清单已满:转给首页//@不思量啊费思量：巨人第二季了，转给首页//@十八嫌直:某些跪舔狗勿忘国耻//@白丁其人:于是毫不右翼的谏山创老师在进击的倭寇中详细还原了这一景象",
            "time": "17-4-6 15:40"
        },
        {
            "comment id": 39,
            "parent": -1,
            "children": [],
            "user id": "1400395193",
            "user name": "李实Sebastian",
            "content": "//@双双JR: //@hyonei://@贞斯基://@佐藤流虾饺芒果大福团子海底捞王:排=_=知道为什么某番叫进击的某啥了吧//@不是易拉罐://@瓷漾://@虚陌和弗朗过着幸福快乐的生活://@暮臣再也不改名辣:拜托巨人粉把我双了谢谢//@白丁其人:于是毫不右翼的谏山创老师在进击的倭寇中详细还原了这一景象",
            "time": "17-4-6 13:22"
        },
        {
            "comment id": 40,
            "parent": -1,
            "children": [],
            "user id": "2173797834",
            "user name": "舌尖上的糖",
            "content": "//@知念_念不过时间: 可怕//@莫玥_流星刹那烟火://@Monika_遥遥遥遥遥: //@Jinception:这个真不能忘！//@tiliya南:可怕//:转给首页巨人粉//@不思量啊费思量：巨人第二季了，转给首页//@病妹: 排最右 //@十八嫌直://@白丁其人:于是毫不右翼的谏山创老师在进击的倭寇中详细还原了这一景象",
            "time": "17-4-6 13:11"
        },
        {
            "comment id": 41,
            "parent": -1,
            "children": [],
            "user id": "5640364794",
            "user name": "余一途",
            "content": "@白糖甜汤",
            "time": "17-4-6 10:38"
        },
        {
            "comment id": 42,
            "parent": -1,
            "children": [],
            "user id": "3538920482",
            "user name": "浮舟今天学习了么",
            "content": "回复@王二涛很直你信吗:别的不说，云南是打下来的。中国的版图本身就是个不断战争吞并的过程。",
            "time": "17-4-6 08:48"
        },
        {
            "comment id": 43,
            "parent": -1,
            "children": [],
            "user id": "3538920482",
            "user name": "浮舟今天学习了么",
            "content": "对这个是否存在表示质疑。从合理性的角度这个是需要比较大的人力物力的，在战争僵持阶段日军有这个余力来进行这个工程？",
            "time": "17-4-6 08:46"
        },
        {
            "comment id": 44,
            "parent": -1,
            "children": [],
            "user id": "5891158969",
            "user name": "苍砂_长夜荒原",
            "content": "回复@勉强希麻思:不是，巨人是中国人还是墙内是中国人都有矛盾，更何况他们空口无凭",
            "time": "17-4-5 23:58"
        },
        {
            "comment id": 45,
            "parent": -1,
            "children": [],
            "user id": "5891158969",
            "user name": "苍砂_长夜荒原",
            "content": "回复@记忆力严重退化的猩猩:你听谁说的……无语了，这个四年前就澄清了谢谢。",
            "time": "17-4-5 23:58"
        },
        {
            "comment id": 46,
            "parent": -1,
            "children": [],
            "user id": "5105749957",
            "user name": "ikotniG-atakaS",
            "content": "二季一出就要被带波爱国节奏 很强。照评论转发区各位爱国人士的说法，身为右翼的谏山创讲的是个中国人追求自由抗击敌国的故事？除非结局艾伦他们被全歼你们以前不是还说巨人就是中国人么？什么都不知道就跟风 跟风 很强了各位。别把你们满腔的爱国情怀浪费在一部番上 请先把你们家里的日货砸了吧",
            "time": "17-4-5 19:09"
        },
        {
            "comment id": 47,
            "parent": -1,
            "children": [],
            "user id": "1803202985",
            "user name": "次次是五仙教地方保护主义小战士",
            "content": "//@kazuya_ishihara:  //@石榴-2016:转给首页二次元小伙伴//@宝子要果啾啾_:我靠我要看我就是狗//@每天来瓶DD-wei:/巨人第二季了，转给首页//@焚墨目_:转给跪舔狗//@ludwigvienna:最右简直一语点醒梦中人//@白丁其人:于是毫不右翼的谏山创老师在进击的倭寇中详细还原了这一景象",
            "time": "17-4-5 17:02"
        },
        {
            "comment id": 48,
            "parent": -1,
            "children": [],
            "user id": "1903777761",
            "user name": "我家的猫不可能那么蠢",
            "content": "@水花奶不起",
            "time": "17-4-5 15:40"
        },
        {
            "comment id": 49,
            "parent": -1,
            "children": [],
            "user id": "2082698992",
            "user name": "到处爬墙的夭華",
            "content": "回复@被遮盖的时间:因为我在看完第一季才看到关于是右翼的言论，所以如果是假的我还是想去把剧情看完的",
            "time": "17-4-5 15:03"
        },
        {
            "comment id": 50,
            "parent": -1,
            "children": [],
            "user id": "1719236890",
            "user name": "元气血滴子",
            "content": "@朕辣么年轻还不能死啊",
            "time": "17-4-5 14:14"
        },
        {
            "comment id": 51,
            "parent": -1,
            "children": [],
            "user id": "1914547233",
            "user name": "叶程傲",
            "content": "转发真的很有趣，一会儿说丑陋愚蠢的巨人是中国人，现在人圈新闻出了又说巨人是日本人，总之哪个形象比较“丑恶”哪个就是中国人，以达到自己被迫害妄想症的臆想。那自由之翼杀巨人到底是作者美化中国人还是暗讽圈养中国人？转发一群表演型人格整一迷幻。作者政治倾向应该是没得洗，但是代入请带脑。",
            "time": "17-4-5 13:40"
        },
        {
            "comment id": 52,
            "parent": -1,
            "children": [],
            "user id": "3212898621",
            "user name": "记忆力严重退化的猩猩",
            "content": "回复@潭孝寺枫笙:是是是，你说得对，你认为是假的就是假的。OK？",
            "time": "17-4-5 12:08"
        },
        {
            "comment id": 53,
            "parent": -1,
            "children": [],
            "user id": "3212898621",
            "user name": "记忆力严重退化的猩猩",
            "content": "回复@勉强希麻思:作者自己在记者会公开说【巨人就是以中国人为蓝本画的】",
            "time": "17-4-5 11:43"
        },
        {
            "comment id": 54,
            "parent": -1,
            "children": [],
            "user id": "5822295569",
            "user name": "冰色沉迷梦境飘浮",
            "content": "回复@bwMarisa:这不是2015年的新闻吗。",
            "time": "17-4-5 10:57"
        },
        {
            "comment id": 55,
            "parent": -1,
            "children": [],
            "user id": "2598029330",
            "user name": "暮暮暮暮锦",
            "content": "回复@郑负负19:可是现在注重版权之后你看个动漫是给了他钱的啊，人家恨不得弄死你，你却在给他钱",
            "time": "17-4-5 10:39"
        },
        {
            "comment id": 56,
            "parent": -1,
            "children": [],
            "user id": "1961877404",
            "user name": "勉强希麻思",
            "content": "回复@记忆力严重退化的猩猩:什么？！巨人暗指的中国人？震惊脸！不会吧……",
            "time": "17-4-5 10:26"
        },
        {
            "comment id": 57,
            "parent": -1,
            "children": [],
            "user id": "2984391355",
            "user name": "郑负负19",
            "content": "回复@记忆力严重退化的猩猩:哈哈，不管怎么样，我觉得大部分人只是单纯看看动漫而已",
            "time": "17-4-5 10:18"
        },
        {
            "comment id": 58,
            "parent": -1,
            "children": [],
            "user id": "2984391355",
            "user name": "郑负负19",
            "content": "回复@暮暮暮暮暮锦:不会吧，看个动漫而已，我只是单纯喜欢兵长而且动漫也不错啊，大部分人应该都跟我一样吧",
            "time": "17-4-5 10:17"
        },
        {
            "comment id": 59,
            "parent": -1,
            "children": [],
            "user id": "1944663682",
            "user name": "huopeter",
            "content": "p4。。。狗腿子。。。中国人的事儿坏就坏在汉奸上了，要是没有那些汉奸，小日本回那么嚣张吗？",
            "time": "17-4-5 09:38"
        },
        {
            "comment id": 60,
            "parent": -1,
            "children": [],
            "user id": "1613378180",
            "user name": "梓Azusa_KHR",
            "content": "回复@被遮盖的时间:看评论啊，好多说巨人的",
            "time": "17-4-5 09:36"
        },
        {
            "comment id": 61,
            "parent": -1,
            "children": [],
            "user id": "5908447143",
            "user name": "红烧肉的帅气小马甲",
            "content": "进击巨人作者确实是右翼啊，评论里的粉丝一边说着不想打嘴炮一遍挨个回复挨个说一通，自以为只有自己了解事情真像我也是醉了，自己想粉就默默粉，别人不喜欢就别强制安利作者了好么，真看不懂这个脑回",
            "time": "17-4-5 08:32"
        },
        {
            "comment id": 62,
            "parent": -1,
            "children": [],
            "user id": "1878702552",
            "user name": "XCHAMETX",
            "content": "不看就出门左转哪那么多屁话喜欢看的怎么也会看SO WHAT.巨人香港上映的时候还去刷了几遍",
            "time": "17-4-5 04:00"
        },
        {
            "comment id": 63,
            "parent": -1,
            "children": [],
            "user id": "1639911991",
            "user name": "有苏瞳",
            "content": "@MTme_ 不准看进击巨人了",
            "time": "17-4-5 03:15"
        },
        {
            "comment id": 64,
            "parent": -1,
            "children": [],
            "user id": "5122723626",
            "user name": "電那勿",
            "content": "回复@culture最爱的人:唐代薛仁贵杀降，清代灭准喀尔，都是例子",
            "time": "17-4-5 00:10"
        },
        {
            "comment id": 65,
            "parent": -1,
            "children": [],
            "user id": "5891158969",
            "user name": "苍砂_长夜荒原",
            "content": "回复@ZHB_来自赫奇帕奇的一丨:谁跟你拍胸脯保证谏山创是极右了谢谢？这个四年前就澄清了。",
            "time": "17-4-5 00:09"
        },
        {
            "comment id": 66,
            "parent": -1,
            "children": [],
            "user id": "5891158969",
            "user name": "苍砂_长夜荒原",
            "content": "回复@ZERO-V-银尘:想想还是不爆粗了。请不要看到墙就想起巨人好吗，谏山创也不是右翼这个四年前就澄清了，这么残忍的史实很大部分人现在才知道的话，谏山创可能就更不知道了。谢谢。",
            "time": "17-4-5 00:08"
        },
        {
            "comment id": 67,
            "parent": -1,
            "children": [],
            "user id": "5891158969",
            "user name": "苍砂_长夜荒原",
            "content": "回复@Dragonborn-简:其实就是一部乌托邦一样的漫画作品。根据现在的剧情你说墙内是中国人还是巨人是中国人都有矛盾，不要看见墙就想到进击好吗谢谢，中国人大部分都不知道这么残忍的史实，谏山创或许更不知道这码子事。",
            "time": "17-4-5 00:04"
        },
        {
            "comment id": 68,
            "parent": -1,
            "children": [],
            "user id": "5402580379",
            "user name": "从今天起一定做个人",
            "content": "回复@SIROUS翼:就是如此。历史当然会看会记，但是终究没办法联系到现实。一边想着灭绝日本一遍要和日本谈合作，本来就是冲突的。仇恨式教育也是从微博上就能直接看出来教育成果。就这样吧。",
            "time": "17-4-5 00:04"
        },
        {
            "comment id": 69,
            "parent": -1,
            "children": [],
            "user id": "5402580379",
            "user name": "从今天起一定做个人",
            "content": "回复@好生氣哦_可是還要保持微笑_:我的坚持我的所想，不会改变。辩论就到此为止吧。中国早就是仇恨式教育了，教科书对日的大量宣传，再加上个别激进教师和社会言论。一句日本人全都该死绝是很容易就被引出来的话。我言尽于此。",
            "time": "17-4-5 00:02"
        },
        {
            "comment id": 70,
            "parent": -1,
            "children": [],
            "user id": "5891158969",
            "user name": "苍砂_长夜荒原",
            "content": "回复@KillDita-:人家画漫画主要是给自己人看的不是给中国人看的，可能漫画说历史有假是批判日本教科书有假啊。现在巨人几乎都被赶尽杀绝了呢，我能不能说谏山创支持中国人把日本人全杀了？",
            "time": "17-4-5 00:00"
        },
        {
            "comment id": 71,
            "parent": -1,
            "children": [],
            "user id": "3625925675",
            "user name": "就要喝奶盖-",
            "content": "就记得进击的巨人作者是亲右派?还是右翼啊什么的",
            "time": "17-4-4 23:56"
        },
        {
            "comment id": 72,
            "parent": -1,
            "children": [],
            "user id": "5891158969",
            "user name": "苍砂_长夜荒原",
            "content": "回复@智障少女的生活记录:中国人无辜，但要强大自身才能打回去，光打嘴炮没用。我们需要的是借鉴和自强，这个世界上不是光有无辜和正义就能赢的。还有，进巨的事四年前就已经澄清了，麻烦您把事实搞清楚。",
            "time": "17-4-4 23:55"
        },
        {
            "comment id": 73,
            "parent": -1,
            "children": [],
            "user id": "5891158969",
            "user name": "苍砂_长夜荒原",
            "content": "回复@culture最爱的人:有些人是只会打嘴仗的，说着高兴，他们能为中国强于日本做出多大贡献？眼不见心不烦，咱们自己做自己的事，懒得跟三观出问题的人较劲。看现在理直气壮，鬼子打过来他们说不定照样吓尿。",
            "time": "17-4-4 23:52"
        },
        {
            "comment id": 74,
            "parent": -1,
            "children": [],
            "user id": "1631320227",
            "user name": "好生气哦_可是还要继续保持颠勺_",
            "content": "回复@culture最爱的人:之前说的是在仇恨别人前先想想自己怎么侵略别人的，而现在却强行说自己表达的是过去的屈辱装在心里，好好发展未来。为辩解而辩解已经没有什么意义了，连自己的论点都不能坚持下去的言论也真没必要再说了，只能越扯越远，",
            "time": "17-4-4 23:51"
        },
        {
            "comment id": 75,
            "parent": -1,
            "children": [],
            "user id": "1631320227",
            "user name": "好生气哦_可是还要继续保持颠勺_",
            "content": "回复@culture最爱的人:我心理年龄像你这么大的时候也是这么想的，就想告诉你，多看看我们国家现在的样子，和在做的事，综合考量你会发现它与你想象的一点儿都不一样。不再与你争论了，毕竟我就是只为了反驳你关于让他们说别人前先想想自己以前怎么侵略别国的言论，因为我国确实没有进行过类似的虐杀，关于这点没什么好反省的",
            "time": "17-4-4 23:48"
        },
        {
            "comment id": 76,
            "parent": -1,
            "children": [],
            "user id": "5597180521",
            "user name": "允七郎",
            "content": "@傲慢的风-",
            "time": "17-4-4 23:47"
        },
        {
            "comment id": 77,
            "parent": -1,
            "children": [],
            "user id": "5402580379",
            "user name": "从今天起一定做个人",
            "content": "回复@好生氣哦_可是還要保持微笑_:按照我的观点可能不少人都觉得我不爱国吧。按照大多数人的想法，我确实是在ky。按我的理解，这些过去的事唯一的作用就是警示我们不能再次弱小。其他的都没用，又不可能攻击日本和当年的列强。我对历史毫无恨意，只有悲痛。每个人家里不同，有的人亲身经历，有他们无法理解的恨吧。只是仇恨教育不可取",
            "time": "17-4-4 23:37"
        },
        {
            "comment id": 78,
            "parent": -1,
            "children": [],
            "user id": "1631320227",
            "user name": "好生气哦_可是还要继续保持颠勺_",
            "content": "回复@culture最爱的人:你的观点是在说别人之前先想下自己，以前是怎么侵略别人的。因此我才会评论你说侵略和虐杀不是一回事。因为本条微博并不在追究到底日本是否屠杀，而是在揭露日军侵华时的又一暴行。所以我认为你这样说是在ky。",
            "time": "17-4-4 23:30"
        },
        {
            "comment id": 79,
            "parent": -1,
            "children": [],
            "user id": "3872679138",
            "user name": "只剩六块钱了",
            "content": "因为 进巨 作者是 右翼 啊 啊 日本人好可怜好无辜哦 中国人就不无辜了？",
            "time": "17-4-4 23:27"
        }
    ]
}