{
    "source": {
        "content": "#天津塘沽爆炸真相#  一个小区的都炸了，才17人？ 附近的都被夷为平地了，睁着眼睛说瞎话。真心寒。匹诺曹 ",
        "time": "15-8-13 22:50",
        "user id": "2288103531",
        "tweet id": "CvGoP9ubg",
        "label": 1,
        "theme": "社会生活"
    },
    "comment": [
        {
            "comment id": 0,
            "parent": -1,
            "children": [],
            "user id": "5678251462",
            "user name": "用户5678251462",
            "content": "摆脱晚上11点学校还有人么？又没有住宿生",
            "time": "15-8-16 10:39"
        },
        {
            "comment id": 1,
            "parent": -1,
            "children": [],
            "user id": "5654841492",
            "user name": "亚亚12345654841492",
            "content": "希望我们的英雄一路走好。",
            "time": "15-8-15 17:53"
        },
        {
            "comment id": 2,
            "parent": -1,
            "children": [],
            "user id": "5654841492",
            "user name": "亚亚12345654841492",
            "content": "太惨了，希望你们一路走好。",
            "time": "15-8-15 17:32"
        },
        {
            "comment id": 3,
            "parent": -1,
            "children": [],
            "user id": "5654601290",
            "user name": "起早鸟儿有食吃39846",
            "content": "九0后，太残酷了",
            "time": "15-8-15 13:49"
        },
        {
            "comment id": 4,
            "parent": -1,
            "children": [],
            "user id": "5156117550",
            "user name": "手机用户5156117550",
            "content": "到底多少人遇难，要后期核实了才会发布吧，政府是权威的，不可能估计人数和去预测人数，要有确实的证据才敢报人数吧",
            "time": "15-8-15 09:55"
        },
        {
            "comment id": 5,
            "parent": -1,
            "children": [],
            "user id": "5677042350",
            "user name": "有你真幸福59064",
            "content": "有机会瞅瞅9号线的轻轨站都成什么逼样了！",
            "time": "15-8-15 01:24"
        },
        {
            "comment id": 6,
            "parent": -1,
            "children": [],
            "user id": "5677042350",
            "user name": "有你真幸福59064",
            "content": "虚报是必然的，你他么以为是煤气罐爆炸吗？告诉你如果就这么点生命没有的话，市领导能撸吗？几百个伤者塘沽完全可以安置，至于运送天津市里的各大医院吗？蘑菇云都炸出来了，什么概念自己想去吧！！！！",
            "time": "15-8-15 01:23"
        },
        {
            "comment id": 7,
            "parent": -1,
            "children": [],
            "user id": "5677368485",
            "user name": "珺83252",
            "content": "上过小学的都知道，物理化！天津爆炸是水吧，没有多大杀伤力！！！！！中国人多没事，还有后来人！",
            "time": "15-8-14 22:52"
        },
        {
            "comment id": 8,
            "parent": -1,
            "children": [],
            "user id": "2586338647",
            "user name": "meredith是超棒的",
            "content": "死亡人数绝不会那么少吧!看那视频轰轰，感觉虚报了",
            "time": "15-8-14 22:45"
        },
        {
            "comment id": 9,
            "parent": -1,
            "children": [],
            "user id": "2463618993",
            "user name": "川岛专杀007",
            "content": "事实我也晕了，有看到媒体50多人有说100多人，有说上千上万的，",
            "time": "15-8-14 22:13"
        },
        {
            "comment id": 10,
            "parent": -1,
            "children": [],
            "user id": "1827108463",
            "user name": "伯晓贺TiM",
            "content": "回复@坏人痞皮_:早他妈超过35人了 几年前的老梗到现在还拿出来说累吗？根本没这规定",
            "time": "15-8-14 21:29"
        },
        {
            "comment id": 11,
            "parent": -1,
            "children": [],
            "user id": "1827108463",
            "user name": "伯晓贺TiM",
            "content": "回复@小不点狐狸:亲 你来说说你认为到底多少人遇难 5千？1万？",
            "time": "15-8-14 21:28"
        },
        {
            "comment id": 12,
            "parent": -1,
            "children": [],
            "user id": "2272637351",
            "user name": "_卫先生_",
            "content": "回复@正太控的黑哥:小区里面的距离，墙体厚度，都是比工作那几栋近楼安全的多。所以。目前统计出来50多个我觉得差不多。最后100-200个不会太离谱",
            "time": "15-8-14 21:22"
        },
        {
            "comment id": 13,
            "parent": -1,
            "children": [],
            "user id": "2272637351",
            "user name": "_卫先生_",
            "content": "回复@正太控的黑哥:玻璃破碎的话，也不是100%致死。而且考虑到光比声音快，近距离看见了爆炸都会下意识防御姿态。最近的500米小区也就差不多半秒一秒的时间。足够背过身或者挡个胳膊了。至于工作人员。夜里一般也就是值班的。外面晃悠的也不会太多。但是肯定是重伤因为太近了。",
            "time": "15-8-14 21:21"
        },
        {
            "comment id": 14,
            "parent": -1,
            "children": [],
            "user id": "2272637351",
            "user name": "_卫先生_",
            "content": "回复@正太控的黑哥:死亡人数肯定也不止50。但是现在也没定论一共就死了50。我觉得三位数也就差不多了。跟千都没关系。消防主要伤亡都是第一天，现在已经没啥伤亡点了。第一天十几二十几个我觉得符合正常情况。除了二次爆炸那次是没准备，之后都是火场作业，专业知识下伤亡存在但是不会太多",
            "time": "15-8-14 21:19"
        },
        {
            "comment id": 15,
            "parent": -1,
            "children": [],
            "user id": "5632873427",
            "user name": "YL55386",
            "content": "造谣市要负法律责任的",
            "time": "15-8-14 20:27"
        },
        {
            "comment id": 16,
            "parent": -1,
            "children": [],
            "user id": "2272637351",
            "user name": "_卫先生_",
            "content": "回复@小不点狐狸:最近的几栋楼是废了。但是那是什么楼你看清楚了吗？夜里全是人吗？还有，还不是偏僻的仓库区，别相信新闻了。大姐你百度地自己搜天津瑞海国际物流有限公司。看看都他吗快到码头了你告诉我还是人口密集的地方吗？恩？真是睁着眼说瞎话",
            "time": "15-8-14 19:36"
        },
        {
            "comment id": 17,
            "parent": -1,
            "children": [],
            "user id": "2272637351",
            "user name": "_卫先生_",
            "content": "回复@小不点狐狸:@小寶最爱旻旻 。来来来，我可算用电脑了。你给我看看这个人，她家就住最近那栋楼23层。你看看她什么伤，她老公什么伤？她老公难道身负重伤给他从23层背下去？23层无地面建筑杂物掩体，上升气流首当其冲的位置都如此，凭啥一栋楼都死了或者身负重伤？恩？",
            "time": "15-8-14 19:34"
        },
        {
            "comment id": 18,
            "parent": -1,
            "children": [],
            "user id": "2272637351",
            "user name": "_卫先生_",
            "content": "回复@小不点狐狸:还他吗事实胜于雄辩。指鹿为马还嘴上穷横。你哪来的自信我问问？你觉得里面人全死了还是你看见全死了？你觉得那没几层的办公楼夜里塞满了人还是怎么的？看了俩破视频就开始脑补。真不是我人身攻击歧视你。你这严谨性和人云亦云的0独立思考能力真的也就能看看朋友圈了",
            "time": "15-8-14 19:30"
        },
        {
            "comment id": 19,
            "parent": -1,
            "children": [],
            "user id": "3024257567",
            "user name": "小不点狐狸",
            "content": "回复@卫神马呢:还有你要不要看下视频！？网民拍的真实视频！看看500米的房子有没有成为废墟有没有你说的500米躲在墙后面一点事都没有！？事实胜于雄辩！",
            "time": "15-8-14 19:13"
        },
        {
            "comment id": 20,
            "parent": -1,
            "children": [],
            "user id": "3024257567",
            "user name": "小不点狐狸",
            "content": "回复@卫神马呢:大哥你不看新闻！？已经报到了那可不是什么偏僻的仓库区！别洗黑了！大家也用不着你叫醒，最后结果不就知道了么！有些事光听新闻有用么！还是得靠人民的热心爆出来国家不要脸的黑幕！",
            "time": "15-8-14 19:10"
        },
        {
            "comment id": 21,
            "parent": -1,
            "children": [],
            "user id": "3024257567",
            "user name": "小不点狐狸",
            "content": "回复@卫神马呢:说的就像你在爆炸地点500米的地方一样。那你去试试啊，同样的爆炸威力看你在500米墙后面还能好好的活着吧，不能就别叨叨别洗黑！这次爆炸都能引发地震，你居然说的跟小打小闹一样也真牛逼！那么大的火灾进去救火的加起来死亡才10个，那威力没那么大找别市调动消防官兵干什么？凭什么让他们去送死！",
            "time": "15-8-14 19:07"
        },
        {
            "comment id": 22,
            "parent": -1,
            "children": [],
            "user id": "2272637351",
            "user name": "_卫先生_",
            "content": "回复@小不点狐狸:你啊。就按自己幻想和想当然的结果理解就行。不符合你幻想和主观意愿的就是欺骗和黑幕。政府进步就是谎言和演戏。当然，你还可以通过你“相信”的渠道获得你臆想的佐证从而形成闭环证据。你接着幻想吧。我懒得给你普及基础逻辑教育了。对牛弹琴，叫不醒的先入为主装睡者",
            "time": "15-8-14 19:03"
        },
        {
            "comment id": 23,
            "parent": -1,
            "children": [],
            "user id": "2272637351",
            "user name": "_卫先生_",
            "content": "回复@小不点狐狸:是啊。正是每个人都有数，所以能告诉你第一波去了两个中队现场，入场8个，死了俩活了六个。你非觉得进了几十上百个，还全死了，没符合你的设想就是政府说谎。真是强盗逻辑",
            "time": "15-8-14 19:00"
        },
        {
            "comment id": 24,
            "parent": -1,
            "children": [],
            "user id": "2272637351",
            "user name": "_卫先生_",
            "content": "回复@小不点狐狸:第一时间到的是码头专属消防中队和附近的一个中队。远的10分钟能到？第一波人十多个，一半人外围安置设备和外围喷水，另外一半人进去营救。有啥问题？不符合逻辑吗？还是你意思，一个偏僻的仓库区十多分钟能到上百人？智商呢？",
            "time": "15-8-14 18:58"
        },
        {
            "comment id": 25,
            "parent": -1,
            "children": [],
            "user id": "3024257567",
            "user name": "小不点狐狸",
            "content": "回复@卫神马呢:第一时间忙着救人救火没错，但是消防官兵每队人数都是一样的吧，最后死了多少还能不知道？",
            "time": "15-8-14 18:57"
        },
        {
            "comment id": 26,
            "parent": -1,
            "children": [],
            "user id": "2272637351",
            "user name": "_卫先生_",
            "content": "回复@小不点狐狸:做事要有动机。这是个私营仓库，没有危险品储存资格私营危险品。私企的个人责任。政府最多就是监察不到位不负主要责任。为啥要隐瞒？动机呢？而且你当还是5年前煤矿的瞒报套路呢？现在不知道有舆论监督？哪怕有动机也会动动脑子。不是自己的锅凭啥替别人冒风险？",
            "time": "15-8-14 18:56"
        },
        {
            "comment id": 27,
            "parent": -1,
            "children": [],
            "user id": "3024257567",
            "user name": "小不点狐狸",
            "content": "回复@卫神马呢:你所谓的派进去几个人不都是看的报道么！这么大的爆炸才进去几个人！？用点脑子好么",
            "time": "15-8-14 18:55"
        },
        {
            "comment id": 28,
            "parent": -1,
            "children": [],
            "user id": "3024257567",
            "user name": "小不点狐狸",
            "content": "回复@卫神马呢:还真不好意思！真不是什么子虚乌有的朋友，现场视频好么！我也真逗了你洗黑真的好么？爆炸来临都是自乱阵脚，而且还是半夜爆炸，请问对于从来都没有训练过的市民是怎么做到临危不乱还知道在哪最安全的！",
            "time": "15-8-14 18:54"
        },
        {
            "comment id": 29,
            "parent": -1,
            "children": [],
            "user id": "2272637351",
            "user name": "_卫先生_",
            "content": "回复@小不点狐狸:第一波爆炸中心去了8个，第二波爆炸后死了2个活着6个。你告诉我全军覆没了这6个人怎么回事？其次，第一时间都在忙着救火，谁专门去点死人？难道死亡人数定格36了还是56了？还是说给最后定论了？",
            "time": "15-8-14 18:52"
        },
        {
            "comment id": 30,
            "parent": -1,
            "children": [],
            "user id": "2272637351",
            "user name": "_卫先生_",
            "content": "回复@小不点狐狸:是我无知白痴，还是你。是我想当然还是你。爆炸致死1、冲击波2、高温灼伤呼吸道或表体3、溅射物体物理致死。所以空地的死，裸露的死，玻璃、门、简易房的死。你告诉我一个厚墙之后的人凭啥死？我不吹牛皮，我看见了当事人，最近小区的人。你看见谁了？微信群里子虚乌有的志愿者朋友？",
            "time": "15-8-14 18:50"
        },
        {
            "comment id": 31,
            "parent": -1,
            "children": [],
            "user id": "3024257567",
            "user name": "小不点狐狸",
            "content": "回复@卫神马呢:在说就算图片里说死了5万人可能是假的！但是国家隐瞒事实就是隐瞒事实！今天新闻还报道死了几十人！放屁呢！第一次爆炸导致的居民肯定就吓得往外跑，接着第二次爆炸来了，距离500米都没事还真以为他们都是大罗神仙了么！不说居民死亡人数。就那些派去救火的消防官兵至少也有几十人吧！你也太能扯了！",
            "time": "15-8-14 18:50"
        },
        {
            "comment id": 32,
            "parent": -1,
            "children": [],
            "user id": "2272637351",
            "user name": "_卫先生_",
            "content": "回复@小不点狐狸:一个二踢脚扔嘴里也能炸死你。核弹下来躲掩体里幸存的也有大把。站空地5000米都能被冲击波震死。躲一座没塌的屋子里500米也能没啥大事。别再想当然了好吗？你要不信，自己搜搜看。别说啥这朋友那朋友。看看住最近的当事人什么情况再来发言好吗？",
            "time": "15-8-14 18:47"
        },
        {
            "comment id": 33,
            "parent": -1,
            "children": [],
            "user id": "3024257567",
            "user name": "小不点狐狸",
            "content": "回复@卫神马呢:巨大的爆炸也有很多几公里外的人居民拍过，那么远的距离都被爆炸晃的左右摇摆，你说500米还死不了人还没事？你是无知呢还是装白痴！",
            "time": "15-8-14 18:45"
        },
        {
            "comment id": 34,
            "parent": -1,
            "children": [],
            "user id": "3024257567",
            "user name": "小不点狐狸",
            "content": "回复@卫神马呢:你可别笑死人了！我看你所有都回复看几楼几楼，他们就真是那的了？21吨这也不是我说的，别说你不看新闻不看视频，这次的爆炸威力都分析出来了。不知道的你去优酷搜啊。真不知道你在装什么辩解什么！",
            "time": "15-8-14 18:45"
        },
        {
            "comment id": 35,
            "parent": -1,
            "children": [],
            "user id": "2272637351",
            "user name": "_卫先生_",
            "content": "回复@小不点狐狸:我洗白还是你抹黑呢？我看到了车全废了，也看到了死人，也看到了爆炸中心的房子。但是我没看到所谓成千上万的死人和尸体。我就看到了大量的人上救护车和公车去了医院。我也看到了最近小区的轻伤者。你告诉我zf没能力灭火但有能力一夜搬走火场里千万尸？",
            "time": "15-8-14 18:45"
        },
        {
            "comment id": 36,
            "parent": -1,
            "children": [],
            "user id": "2272637351",
            "user name": "_卫先生_",
            "content": "回复@小不点狐狸:车能和房子比？你看哪懂房子塌了？你看看最近小区里面玻璃碎了，但楼梯和家具什么都粉碎了吗？凭啥屋子都没事也没烧毁，里面人就全死了？集装箱仓库夜里能有多少人？能别人云亦云小道消息然后想当然吗？还觉得自己看到了真相。能吗？嗯？",
            "time": "15-8-14 18:42"
        },
        {
            "comment id": 37,
            "parent": -1,
            "children": [],
            "user id": "2272637351",
            "user name": "_卫先生_",
            "content": "回复@小不点狐狸:笑死了。一个核弹最小2万顿量。你告诉我21吨比二战大？你当二战放烟花？什么我朋友就别拿出来说了。我哥们还是比尔盖茨亲戚呢。自己搜搜23楼。看看住最近的小区的人是不是只受了轻伤？况且文章里写多少？五万人？你一个仓库区半夜给我空地上站五万人？",
            "time": "15-8-14 18:40"
        },
        {
            "comment id": 38,
            "parent": -1,
            "children": [],
            "user id": "3024257567",
            "user name": "小不点狐狸",
            "content": "回复@卫神马呢:我也真是醉了！你在现场么？你看到了么？拍客拍的视频你看了么？房子轿车大型货车都坍塌了你眼睛是高度近视么！21吨tnt爆炸威力比第二次世界大战都猛，距离500米都没事你以为你是超人么！你这洗黑也别太明显好么！我朋友今天去做的志愿者少说死亡人数就有一千人，你居然说这些是谣言还要不要脸！",
            "time": "15-8-14 18:36"
        },
        {
            "comment id": 39,
            "parent": -1,
            "children": [],
            "user id": "2272637351",
            "user name": "_卫先生_",
            "content": "回复@千里不留行94359:遇事别想当然，自己看看当事人情况，多看看具体细节。别看个数据就一拍脑门想当然。鞭炮放嘴里都能炸死人。核弹下来幸存的也不少。在当时的时间都跟屋里呆着呢。除非大片玻璃下炸伤的。楼体墙体没塌，屋里的人凭啥死？",
            "time": "15-8-14 18:30"
        },
        {
            "comment id": 40,
            "parent": -1,
            "children": [],
            "user id": "2272637351",
            "user name": "_卫先生_",
            "content": "回复@千里不留行94359:5000米站空地都生死难测。500米有掩体安然无事也完全没问题",
            "time": "15-8-14 18:27"
        },
        {
            "comment id": 41,
            "parent": -1,
            "children": [],
            "user id": "2272637351",
            "user name": "_卫先生_",
            "content": "回复@千里不留行94359:有事没事自己看看住那楼的人在说话可以吗？别臆测可以吗？",
            "time": "15-8-14 18:26"
        },
        {
            "comment id": 42,
            "parent": -1,
            "children": [],
            "user id": "5649630156",
            "user name": "千里不留行94359",
            "content": "回复@卫神马呢:请问你知道24吨TNT是什么概念不？你觉得500米会没事？",
            "time": "15-8-14 18:25"
        },
        {
            "comment id": 43,
            "parent": -1,
            "children": [],
            "user id": "2272637351",
            "user name": "_卫先生_",
            "content": "回复@用户5649628438:500米有墙类掩体最多受伤。5000米没掩体都受伤。没说没影响。我是说没那么多死亡。什么几千具尸体5万人死亡纯扯淡。举例最近小区23楼只是皮外伤就是佐证。受伤一定，恶意夸大人数可恨",
            "time": "15-8-14 18:01"
        },
        {
            "comment id": 44,
            "parent": -1,
            "children": [],
            "user id": "2272637351",
            "user name": "_卫先生_",
            "content": "大半夜仓库爆炸了，最近只有一个大型小区500多米远。大半夜跟仓库区晃的还有几个人？只要不是在外面作业，或者窗边的，都是有掩体的。车和玻璃碎一地，但楼塌了吗？墙后面的人都得死难道？不动动脑子。主观觉得该死千万人，就一定是死了千万，别人说啥都是假话都是黑幕都是我不听。真是叫不醒装睡的人",
            "time": "15-8-14 17:43"
        },
        {
            "comment id": 45,
            "parent": -1,
            "children": [],
            "user id": "2272637351",
            "user name": "_卫先生_",
            "content": "还有不要B脸的美分过来骂，说我收GCD多少钱。首先要证据的自己搜“23楼”，看看住最近小区的人怎么样，老婆被真晕，老公没啥事，给老婆背下楼送医了。爆炸虽然严重，只要有掩体且不是太近留条命不难。受伤在所难免，横尸遍野的居心叵测。那些所谓朋友在天津，七大姑八大姨在天津的，就是哗众取宠引关注",
            "time": "15-8-14 17:40"
        },
        {
            "comment id": 46,
            "parent": -1,
            "children": [],
            "user id": "2272637351",
            "user name": "_卫先生_",
            "content": "回复@羽走江湖:自己搜“23楼”，看看住旁边小区里面的人死没死再说话。没说没影响，只是说没那么多伤亡",
            "time": "15-8-14 17:35"
        },
        {
            "comment id": 47,
            "parent": -1,
            "children": [],
            "user id": "2272637351",
            "user name": "_卫先生_",
            "content": "回复@用户5668977877:自己搜“23楼”，看看住最近的那个小区里的人死没死？看看那个小区是不是距离500多米",
            "time": "15-8-14 17:35"
        },
        {
            "comment id": 48,
            "parent": -1,
            "children": [],
            "user id": "2272637351",
            "user name": "_卫先生_",
            "content": "回复@用户5536371806:自己搜“23楼”。看看住的最近的小区死了没。大半夜仓库区码头爆了。最近的大型小区就一个还是夜里没几个外面乱晃悠的。你给我死一万个人看看？还我收GCD多少钱，你收你美爹多少钱？整天就知道黑幕这怀疑那，现实生活一个丑屌丝loser，键盘侠名不虚传。",
            "time": "15-8-14 17:34"
        },
        {
            "comment id": 49,
            "parent": -1,
            "children": [],
            "user id": "2272637351",
            "user name": "_卫先生_",
            "content": "回复@佳男Nutcracker:自己搜“23楼”。看看住的最近的小区死了没。",
            "time": "15-8-14 17:32"
        },
        {
            "comment id": 50,
            "parent": -1,
            "children": [],
            "user id": "2272637351",
            "user name": "_卫先生_",
            "content": "回复@大刘刘刘刘刘刘刘刘:自己搜“23楼”。看看住的最近的小区死了没。",
            "time": "15-8-14 17:32"
        },
        {
            "comment id": 51,
            "parent": -1,
            "children": [],
            "user id": "2272637351",
            "user name": "_卫先生_",
            "content": "回复@佳男Nutcracker:现在还在救灾阶段，数据也没汇总。汇总之后肯定还要上升。我没说只死了55个。我只是说成千上万纯属扯淡",
            "time": "15-8-14 17:31"
        },
        {
            "comment id": 52,
            "parent": -1,
            "children": [],
            "user id": "2272637351",
            "user name": "_卫先生_",
            "content": "回复@用户5536371806:你就继续吹B吧。我朋友咋样咋样，视频里咋样咋样。你自己去趟天津回来再BB。你随便骂，越骂越能体现你的无知。真的。",
            "time": "15-8-14 17:30"
        },
        {
            "comment id": 53,
            "parent": -1,
            "children": [],
            "user id": "5536371806",
            "user name": "用户5536371806",
            "content": "回复@卫神马呢:gcd给你多少b钱 让你搁这这儿放屁 不得好死 我天津朋友就在事故现场 都录视频了 全看着了 听你瞎bb ",
            "time": "15-8-14 17:28"
        },
        {
            "comment id": 54,
            "parent": -1,
            "children": [],
            "user id": "5536371806",
            "user name": "用户5536371806",
            "content": "回复@卫神马呢:你个该死的五毛党 你tmb的死全家 艹你mb ",
            "time": "15-8-14 17:26"
        },
        {
            "comment id": 55,
            "parent": -1,
            "children": [],
            "user id": "3159970735",
            "user name": "小艺艺的小丑丑",
            "content": "回复@卫神马呢:求图片。绝不是报的那几十人。说上万肯定不致于。但是上百绝对有。不是不愿意相信官方。是官方做了太多不可信的事。我干过媒体。知道媒体是什么样",
            "time": "15-8-14 17:04"
        },
        {
            "comment id": 56,
            "parent": -1,
            "children": [],
            "user id": "3233910647",
            "user name": "安于命_Yan",
            "content": "一句军命难违就要搭上性命，更何况都还这么年轻！！！！！！",
            "time": "15-8-14 16:22"
        },
        {
            "comment id": 57,
            "parent": -1,
            "children": [],
            "user id": "1809764747",
            "user name": "TOLOVEISTOGIVE",
            "content": "你拿出你的证据回复@卫神马呢:",
            "time": "15-8-14 15:51"
        },
        {
            "comment id": 58,
            "parent": -1,
            "children": [],
            "user id": "1609376641",
            "user name": "布里斯班的猫咪大咖",
            "content": "转发超过200条 楼主就要被查处水表 还是小心某党的好， ",
            "time": "15-8-14 14:59"
        },
        {
            "comment id": 59,
            "parent": -1,
            "children": [],
            "user id": "5668977877",
            "user name": "用户5668977877",
            "content": "回复@卫神马呢:一个能够腾起蘑菇云的爆炸，一个能把几千辆车摧毁的爆炸，距离500米会没事？你书读到哪里去了？你以为是手榴弹还是500公里？",
            "time": "15-8-14 14:46"
        },
        {
            "comment id": 60,
            "parent": -1,
            "children": [],
            "user id": "5676077846",
            "user name": "鸿达断桥铝门窗厂56303",
            "content": "我只想说“新闻掩盖了太多事实    ”",
            "time": "15-8-14 14:36"
        },
        {
            "comment id": 61,
            "parent": -1,
            "children": [],
            "user id": "5676077846",
            "user name": "鸿达断桥铝门窗厂56303",
            "content": "五万人是没有啦    估计怎么也得五千人 她妈方圆1000米估计没活口了",
            "time": "15-8-14 14:35"
        },
        {
            "comment id": 62,
            "parent": -1,
            "children": [],
            "user id": "1813892983",
            "user name": "善万物之得时",
            "content": "让我想起了前苏联切尔诺贝利核泄露事件。",
            "time": "15-8-14 14:22"
        },
        {
            "comment id": 63,
            "parent": -1,
            "children": [],
            "user id": "2272637351",
            "user name": "_卫先生_",
            "content": "妈勒逼不造谣能死？隔壁500米小区的人大部分都没事，这还死五万人一地残肢？处心积虑抹黑还是唯恐天下不乱？还是说你希望死了这么多人？非愿意觉得新闻是假，小道消息是真。辨别能力被狗吃了吗？真是叫不醒装睡的，洗不清故意抹黑的。就是因为po主这种人太多才没法民主，因为只会被人当傻子忽悠当枪使",
            "time": "15-8-14 14:11"
        },
        {
            "comment id": 64,
            "parent": -1,
            "children": [],
            "user id": "5649832140",
            "user name": "泰然自若张二少",
            "content": "中国面对灾难的同时，什么时候能报道点真的。",
            "time": "15-8-14 14:02"
        },
        {
            "comment id": 65,
            "parent": -1,
            "children": [],
            "user id": "3037611021",
            "user name": "yufuren阿丽",
            "content": "好惨啊！希望不是真的",
            "time": "15-8-14 13:44"
        },
        {
            "comment id": 66,
            "parent": -1,
            "children": [],
            "user id": "5676056236",
            "user name": "依然17877",
            "content": "别看新闻了，没一句真话。",
            "time": "15-8-14 12:29"
        },
        {
            "comment id": 67,
            "parent": -1,
            "children": [],
            "user id": "2288103531",
            "user name": "柳之年",
            "content": "回复@lH罗昊:粉了",
            "time": "15-8-14 11:45"
        },
        {
            "comment id": 68,
            "parent": -1,
            "children": [],
            "user id": "2288103531",
            "user name": "柳之年",
            "content": "回复@用户5177944410:",
            "time": "15-8-14 11:44"
        },
        {
            "comment id": 69,
            "parent": -1,
            "children": [],
            "user id": "5177944410",
            "user name": "本宝宝筱悦悦",
            "content": "应该习惯舆论，有哪一次灾难不是谎报，比如汶川地震，级数，之类。",
            "time": "15-8-14 11:43"
        },
        {
            "comment id": 70,
            "parent": -1,
            "children": [],
            "user id": "5073686273",
            "user name": "LH罗昊",
            "content": "回复@Ashley艾俐慧儿:互粉",
            "time": "15-8-14 06:53"
        },
        {
            "comment id": 71,
            "parent": -1,
            "children": [],
            "user id": "2692835342",
            "user name": "noneemoji",
            "content": "回复@Ashley艾俐慧儿:上海踩踏事件也这样",
            "time": "15-8-14 00:57"
        },
        {
            "comment id": 72,
            "parent": -1,
            "children": [],
            "user id": "2288103531",
            "user name": "柳之年",
            "content": "回复@坏人痞皮_:每次都这样",
            "time": "15-8-14 00:52"
        },
        {
            "comment id": 73,
            "parent": -1,
            "children": [],
            "user id": "2692835342",
            "user name": "noneemoji",
            "content": "因为死亡超过35人估计市长要下台所以新闻都是假的",
            "time": "15-8-14 00:51"
        },
        {
            "comment id": 74,
            "parent": -1,
            "children": [],
            "user id": "1787744823",
            "user name": "你咋还吃呢啊",
            "content": "回复@香草布丁是505迷你寝妈:谁也不说然后就过去了呗，肯定就这样",
            "time": "15-8-14 00:38"
        },
        {
            "comment id": 75,
            "parent": -1,
            "children": [],
            "user id": "2770325867",
            "user name": "香草布丁是505迷你寝妈",
            "content": "回复@刘嘉明是505巨婴:恩，想起都觉得堵的慌，真相会被掩埋吗？",
            "time": "15-8-14 00:12"
        },
        {
            "comment id": 76,
            "parent": -1,
            "children": [],
            "user id": "2288103531",
            "user name": "柳之年",
            "content": "回复@香草布丁是505迷你寝妈:",
            "time": "15-8-14 00:08"
        },
        {
            "comment id": 77,
            "parent": -1,
            "children": [],
            "user id": "1787744823",
            "user name": "你咋还吃呢啊",
            "content": "回复@香草布丁是505迷你寝妈:其实想想也是，车都炸成那样了，人怎么可能死亡那么少，而且肯定也有在街上瞎溜达的，或者夏天热不管窗户的",
            "time": "15-8-14 00:03"
        },
        {
            "comment id": 78,
            "parent": -1,
            "children": [],
            "user id": "2770325867",
            "user name": "香草布丁是505迷你寝妈",
            "content": "@刘嘉明是505巨婴 关注了吗？看完真是。。。。想起匹诺曹了。唉。。。。",
            "time": "15-8-13 23:59"
        },
        {
            "comment id": 79,
            "parent": -1,
            "children": [],
            "user id": "2288103531",
            "user name": "柳之年",
            "content": "回复@lH罗昊:",
            "time": "15-8-13 23:51"
        }
    ]
}