{
    "source": {
        "content": "#天津塘沽大爆炸#为什么部报道？为他们祈福 🙏 🙏 🙏#世界上最帅的逆行#  ",
        "time": "15-8-14 07:40",
        "user id": "5108024972",
        "tweet id": "CvJRQwNuH",
        "label": 1,
        "theme": "社会生活"
    },
    "comment": [
        {
            "comment id": 0,
            "parent": -1,
            "children": [],
            "user id": "5661698060",
            "user name": "Stephyers",
            "content": "你们就想着举报举报的，想想牺牲的英雄们的家属，自己的亲人献出宝贵的生命，到头来混个失踪，凭什么？",
            "time": "15-8-14 15:01"
        },
        {
            "comment id": 1,
            "parent": -1,
            "children": [],
            "user id": "5313260977",
            "user name": "杨福寿99",
            "content": "分享图片 ",
            "time": "15-8-14 14:46"
        },
        {
            "comment id": 2,
            "parent": -1,
            "children": [],
            "user id": "5313260977",
            "user name": "杨福寿99",
            "content": "@临沂公安 @平安聊城 @山东公安 @平安天津 @潍坊公安 @山东公安 @山东省公安厅经侦总队",
            "time": "15-8-14 14:45"
        },
        {
            "comment id": 3,
            "parent": -1,
            "children": [],
            "user id": "5313260977",
            "user name": "杨福寿99",
            "content": "@中国警察网 @海州公安分局 @大连公安 @西安公安 @滨海新区公安塘沽分局 @大连公安 @公安部刑侦局 @公安部打四黑除四害 @甘肃公安 @海州公安分局 @南海公安 @江门公安 @开发区公安分局微博 @宁波公安 @台州公安 @青岛公安 @海州公安分局 @天津港公安局刑侦支队 @天津港公安局交警支队 @天津港公安局",
            "time": "15-8-14 14:41"
        },
        {
            "comment id": 4,
            "parent": -1,
            "children": [],
            "user id": "5313260977",
            "user name": "杨福寿99",
            "content": "已经举报给公安 …………让他们自己去查ip地址吧   别说查不到    我都能查～～～",
            "time": "15-8-14 14:33"
        },
        {
            "comment id": 5,
            "parent": -1,
            "children": [],
            "user id": "2519041850",
            "user name": "文文文文文俊",
            "content": "报道什么？？你再散播谣言我就举报你了！！",
            "time": "15-8-14 12:51"
        },
        {
            "comment id": 6,
            "parent": -1,
            "children": [],
            "user id": "2704817515",
            "user name": "下次再玩zl多肉",
            "content": "这就是我们国家……",
            "time": "15-8-14 11:06"
        }
    ]
}