{
    "source": {
        "content": "爱奇艺昨天下午还报400多人遇难，现在居然也给封了！呕心的政府！禁止点赞，请转发。如此大面积的爆炸。谁相信只有十二名消防员牺牲？ ",
        "time": "15-8-14 12:40",
        "user id": "3107205671",
        "tweet id": "CvLPIyVlK",
        "label": 1,
        "theme": "社会生活"
    },
    "comment": [
        {
            "comment id": 0,
            "parent": -1,
            "children": [],
            "user id": "3107205671",
            "user name": "JPK-YG",
            "content": "回复@bellefawn:搞笑?你的意思就是我说假话？那就爱信不信吧",
            "time": "15-8-22 13:10"
        },
        {
            "comment id": 1,
            "parent": -1,
            "children": [],
            "user id": "2825865575",
            "user name": "Mia无所畏惧",
            "content": "回复@JPK-YG:😂😂😂好吧 也是搞笑",
            "time": "15-8-21 19:27"
        },
        {
            "comment id": 2,
            "parent": -1,
            "children": [],
            "user id": "3107205671",
            "user name": "JPK-YG",
            "content": "回复@bellefawn:这两条微博非本人所发，我都好些天没有玩微博了！我从不发此类微博",
            "time": "15-8-21 19:22"
        },
        {
            "comment id": 3,
            "parent": -1,
            "children": [],
            "user id": "2825865575",
            "user name": "Mia无所畏惧",
            "content": "今天还没诈尸 看来是死绝了",
            "time": "15-8-17 22:42"
        },
        {
            "comment id": 4,
            "parent": -1,
            "children": [],
            "user id": "3962190445",
            "user name": "乡巴佬555",
            "content": "这么想死你自己去，别你妈逼造谣说消防队员牺牲！",
            "time": "15-8-17 04:44"
        },
        {
            "comment id": 5,
            "parent": -1,
            "children": [],
            "user id": "1803630034",
            "user name": "hanwckf",
            "content": "大家自己看这货的表演 ",
            "time": "15-8-15 18:54"
        },
        {
            "comment id": 6,
            "parent": -1,
            "children": [],
            "user id": "1634100134",
            "user name": "Redevil_",
            "content": "你知道转发超过一定数量会被抓吗？",
            "time": "15-8-15 08:39"
        },
        {
            "comment id": 7,
            "parent": -1,
            "children": [],
            "user id": "1879527793",
            "user name": "Usain_bolt",
            "content": "我相信官方数据。谣棍去死！",
            "time": "15-8-14 21:54"
        },
        {
            "comment id": 8,
            "parent": -1,
            "children": [],
            "user id": "1607094117",
            "user name": "深深深心",
            "content": "@永安警长 @广州公安",
            "time": "15-8-14 20:29"
        },
        {
            "comment id": 9,
            "parent": -1,
            "children": [],
            "user id": "1607094117",
            "user name": "深深深心",
            "content": "靓仔唔好玩野，#天津塘沽大爆炸#这件事全世界都喺度睇住，我地唔系盲嘅亦都唔系聋嘅更加唔系傻嘅，所以你发微博个时候谂清谂楚你要面对嘅系咩人，",
            "time": "15-8-14 20:25"
        },
        {
            "comment id": 10,
            "parent": -1,
            "children": [],
            "user id": "2096913883",
            "user name": "张小梁有点二",
            "content": "恨奇艺昨天报道，博主全家都变成尸气了，霉体都封锁了不让报道！",
            "time": "15-8-14 19:36"
        },
        {
            "comment id": 11,
            "parent": -1,
            "children": [],
            "user id": "3672424375",
            "user name": "ShinarSun",
            "content": "造谣一时爽，全家。。。你懂的",
            "time": "15-8-14 19:28"
        },
        {
            "comment id": 12,
            "parent": -1,
            "children": [],
            "user id": "1427197475",
            "user name": "香菇滑鸡好吃",
            "content": "等约谈喝茶吧",
            "time": "15-8-14 19:20"
        },
        {
            "comment id": 13,
            "parent": -1,
            "children": [],
            "user id": "5070162631",
            "user name": "喔一頂要快樂",
            "content": "就那么希望有上千人死了吗？？？？？？",
            "time": "15-8-14 18:43"
        },
        {
            "comment id": 14,
            "parent": -1,
            "children": [],
            "user id": "2315426284",
            "user name": "天行者2000",
            "content": "博主数学小学一年级水平啊。数字都对不上。。。",
            "time": "15-8-14 18:35"
        },
        {
            "comment id": 15,
            "parent": -1,
            "children": [],
            "user id": "2825865575",
            "user name": "Mia无所畏惧",
            "content": "你死了？",
            "time": "15-8-14 18:00"
        },
        {
            "comment id": 16,
            "parent": -1,
            "children": [],
            "user id": "3091606403",
            "user name": "白龙柏",
            "content": "我想知道你说的是真是假？你怎么就敢那么确定自己没在造谣？",
            "time": "15-8-14 17:50"
        },
        {
            "comment id": 17,
            "parent": -1,
            "children": [],
            "user id": "1142027510",
            "user name": "王远城",
            "content": "回复@木各木各人工人:看来是死了",
            "time": "15-8-14 17:31"
        },
        {
            "comment id": 18,
            "parent": -1,
            "children": [],
            "user id": "5076527034",
            "user name": "歃血-关河令",
            "content": "哈哈，估计已经被抓了吧",
            "time": "15-8-14 17:08"
        },
        {
            "comment id": 19,
            "parent": -1,
            "children": [],
            "user id": "3573934534",
            "user name": "LYJ_loveUnited",
            "content": "造谣死吗笑哈哈",
            "time": "15-8-14 16:44"
        },
        {
            "comment id": 20,
            "parent": -1,
            "children": [],
            "user id": "3844128196",
            "user name": "木各木各人工人",
            "content": "回复@王远城:就他么的赞你！咋滴！",
            "time": "15-8-14 16:24"
        },
        {
            "comment id": 21,
            "parent": -1,
            "children": [],
            "user id": "1790410167",
            "user name": "畏尔玛",
            "content": "谣狗死妈挂树",
            "time": "15-8-14 16:15"
        },
        {
            "comment id": 22,
            "parent": -1,
            "children": [],
            "user id": "3177640717",
            "user name": "艾葭-",
            "content": "造谣死一户口本",
            "time": "15-8-14 15:51"
        },
        {
            "comment id": 23,
            "parent": -1,
            "children": [],
            "user id": "3345747334",
            "user name": "哼哼哼哼哼嘿哈",
            "content": "微博上各种司马玩意",
            "time": "15-8-14 15:36"
        },
        {
            "comment id": 24,
            "parent": -1,
            "children": [],
            "user id": "1841338302",
            "user name": "周大饼的饼",
            "content": "谣言",
            "time": "15-8-14 15:31"
        },
        {
            "comment id": 25,
            "parent": -1,
            "children": [],
            "user id": "2153923021",
            "user name": "鲁拉鲁拉路",
            "content": "你他妈不拿出证据我就草你全家的妈",
            "time": "15-8-14 15:13"
        },
        {
            "comment id": 26,
            "parent": -1,
            "children": [],
            "user id": "2750828837",
            "user name": "会飞得喵鱼",
            "content": "又一造谣者！→_→",
            "time": "15-8-14 15:10"
        },
        {
            "comment id": 27,
            "parent": -1,
            "children": [],
            "user id": "1785360235",
            "user name": "wqfwdgqetygq",
            "content": "博主不先死个妈助助兴",
            "time": "15-8-14 15:06"
        },
        {
            "comment id": 28,
            "parent": -1,
            "children": [],
            "user id": "1619583055",
            "user name": "井底之猫_Akira",
            "content": "玛德居然删了，谁删的？新浪或者网警就算了，博主你自己敢删？你怂不怂我还没喷完",
            "time": "15-8-14 14:54"
        },
        {
            "comment id": 29,
            "parent": -1,
            "children": [],
            "user id": "3082678657",
            "user name": "你看前方是谁",
            "content": "你tm的是sb么？ 添什么乱？",
            "time": "15-8-14 14:51"
        },
        {
            "comment id": 30,
            "parent": -1,
            "children": [],
            "user id": "2387083090",
            "user name": "EnglishTing",
            "content": "谣言者炸全家哦，国难当头你还嫌不够乱？",
            "time": "15-8-14 14:47"
        },
        {
            "comment id": 31,
            "parent": -1,
            "children": [],
            "user id": "2312116684",
            "user name": "小狗说旺旺汪",
            "content": "打脸打得爽？",
            "time": "15-8-14 14:44"
        },
        {
            "comment id": 32,
            "parent": -1,
            "children": [],
            "user id": "2409525930",
            "user name": "胖虎胖虎大大胖虎",
            "content": "我从未见过如此厚颜无耻之人",
            "time": "15-8-14 14:33"
        },
        {
            "comment id": 33,
            "parent": -1,
            "children": [],
            "user id": "3150984694",
            "user name": "SCP-991102CG",
            "content": "脑子冲厕所了？",
            "time": "15-8-14 14:32"
        },
        {
            "comment id": 34,
            "parent": -1,
            "children": [],
            "user id": "1673530817",
            "user name": "魅力无限ACD",
            "content": "这时候来造谣，还带上宝马，也是蠢到家了",
            "time": "15-8-14 14:30"
        },
        {
            "comment id": 35,
            "parent": -1,
            "children": [],
            "user id": "3765691592",
            "user name": "杀妻名将张灵甫",
            "content": "造谣死全家！博主开车带着全家被泥头车含家产！",
            "time": "15-8-14 14:27"
        },
        {
            "comment id": 36,
            "parent": -1,
            "children": [],
            "user id": "3271069432",
            "user name": "大坪山居士",
            "content": "爱奇艺有新闻资质？",
            "time": "15-8-14 14:23"
        },
        {
            "comment id": 37,
            "parent": -1,
            "children": [],
            "user id": "2749507925",
            "user name": "昱叔叔",
            "content": "求消息来源",
            "time": "15-8-14 14:22"
        },
        {
            "comment id": 38,
            "parent": -1,
            "children": [],
            "user id": "2117043271",
            "user name": "山形人有个支那妻",
            "content": "400+400等于1300 数学老师教得好 你能能造谣还没言论自由啊",
            "time": "15-8-14 14:19"
        },
        {
            "comment id": 39,
            "parent": -1,
            "children": [],
            "user id": "1415995770",
            "user name": "破小墨",
            "content": "这丫不停传谣言，直接封了他",
            "time": "15-8-14 14:18"
        },
        {
            "comment id": 40,
            "parent": -1,
            "children": [],
            "user id": "1940847537",
            "user name": "科研苦手Vivian",
            "content": "你全家都死里面了吧？",
            "time": "15-8-14 14:18"
        },
        {
            "comment id": 41,
            "parent": -1,
            "children": [],
            "user id": "1352194833",
            "user name": "迷糊的老张",
            "content": "继续作吧。不作死不会死。",
            "time": "15-8-14 14:18"
        },
        {
            "comment id": 42,
            "parent": -1,
            "children": [],
            "user id": "1283091937",
            "user name": "Marines-Xq",
            "content": "你这是想出名想疯了吧。看了一下你的微博，除了最上面两条外，其他的都是关于豪车的，我很怀疑你的目的呀",
            "time": "15-8-14 14:18"
        },
        {
            "comment id": 43,
            "parent": -1,
            "children": [],
            "user id": "3210303091",
            "user name": "wozaiyebuyongzhezhanghaole",
            "content": "日本这边NHK报道，截止到东京时间15:00，实际群众和消防员伤亡合计1413人。你信吗？",
            "time": "15-8-14 14:16"
        },
        {
            "comment id": 44,
            "parent": -1,
            "children": [],
            "user id": "1986247937",
            "user name": "Rienvila",
            "content": "截个图看看",
            "time": "15-8-14 14:08"
        },
        {
            "comment id": 45,
            "parent": -1,
            "children": [],
            "user id": "1745562521",
            "user name": "哈比組",
            "content": "sb謠狗",
            "time": "15-8-14 14:08"
        },
        {
            "comment id": 46,
            "parent": -1,
            "children": [],
            "user id": "1786632463",
            "user name": "QQ向日葵184",
            "content": "这是你希望的吗",
            "time": "15-8-14 14:08"
        },
        {
            "comment id": 47,
            "parent": -1,
            "children": [],
            "user id": "2477023762",
            "user name": "shan1103007",
            "content": "帮你上头条",
            "time": "15-8-14 14:07"
        },
        {
            "comment id": 48,
            "parent": -1,
            "children": [],
            "user id": "3609435882",
            "user name": "董孤臣-外向型孤独症患者",
            "content": "@广东网警巡查执法  广东那边的谣棍，快来处理啊",
            "time": "15-8-14 14:06"
        },
        {
            "comment id": 49,
            "parent": -1,
            "children": [],
            "user id": "2786085442",
            "user name": "洲厨-",
            "content": "牛逼啊，po主",
            "time": "15-8-14 14:05"
        },
        {
            "comment id": 50,
            "parent": -1,
            "children": [],
            "user id": "3828596825",
            "user name": "斋五",
            "content": "看了看评论大家还是理智的造谣不用死人是吗",
            "time": "15-8-14 14:05"
        },
        {
            "comment id": 51,
            "parent": -1,
            "children": [],
            "user id": "1748892594",
            "user name": "异国重生苏霍伊",
            "content": "@天津网警巡查执法",
            "time": "15-8-14 14:02"
        },
        {
            "comment id": 52,
            "parent": -1,
            "children": [],
            "user id": "1842698934",
            "user name": "qinzhaolun网",
            "content": "@江宁公安在线",
            "time": "15-8-14 14:01"
        },
        {
            "comment id": 53,
            "parent": -1,
            "children": [],
            "user id": "1952446421",
            "user name": "章笑拳",
            "content": "送500",
            "time": "15-8-14 14:01"
        },
        {
            "comment id": 54,
            "parent": -1,
            "children": [],
            "user id": "2290216910",
            "user name": "福州伊雲",
            "content": "看了这些评论bo主还坐的住，真服了不要脸的谣狗",
            "time": "15-8-14 14:01"
        },
        {
            "comment id": 55,
            "parent": -1,
            "children": [],
            "user id": "2277843641",
            "user name": "三四幸ZHZ",
            "content": "@天津网警巡查执法 @天津网警",
            "time": "15-8-14 13:56"
        },
        {
            "comment id": 56,
            "parent": -1,
            "children": [],
            "user id": "1751563262",
            "user name": "西天有狼星",
            "content": "带图片送你500，莫客气。 ",
            "time": "15-8-14 13:56"
        },
        {
            "comment id": 57,
            "parent": -1,
            "children": [],
            "user id": "1751563262",
            "user name": "西天有狼星",
            "content": "送500",
            "time": "15-8-14 13:54"
        },
        {
            "comment id": 58,
            "parent": -1,
            "children": [],
            "user id": "1142027510",
            "user name": "王远城",
            "content": "博主妈妈刚死了，别赞我 我是造谣的",
            "time": "15-8-14 13:53"
        },
        {
            "comment id": 59,
            "parent": -1,
            "children": [],
            "user id": "3607971385",
            "user name": "鸵鸟飞飞无尽的烦恼",
            "content": "为你到500加一把力",
            "time": "15-8-14 13:49"
        },
        {
            "comment id": 60,
            "parent": -1,
            "children": [],
            "user id": "1681423653",
            "user name": "柴郡猫可夫斯基",
            "content": "大家加油，过了500送进去",
            "time": "15-8-14 13:36"
        },
        {
            "comment id": 61,
            "parent": -1,
            "children": [],
            "user id": "1681423653",
            "user name": "柴郡猫可夫斯基",
            "content": "来来来",
            "time": "15-8-14 13:35"
        },
        {
            "comment id": 62,
            "parent": -1,
            "children": [],
            "user id": "1846821877",
            "user name": "安德烈_阿列克塞耶维奇_柯西金",
            "content": "政府再恶心也不及万分之一恶心。",
            "time": "15-8-14 13:34"
        },
        {
            "comment id": 63,
            "parent": -1,
            "children": [],
            "user id": "2145561541",
            "user name": "树袋熊土肥圆",
            "content": "@宝马中国",
            "time": "15-8-14 13:29"
        },
        {
            "comment id": 64,
            "parent": -1,
            "children": [],
            "user id": "2803992882",
            "user name": "sszzlin",
            "content": "新闻上的死亡人数是已经找到尸体的，没消息都是失联，失联的人你直接当他死了，信不信家属知道了分分钟打死你",
            "time": "15-8-14 13:28"
        },
        {
            "comment id": 65,
            "parent": -1,
            "children": [],
            "user id": "2209771607",
            "user name": "一Ewan唯",
            "content": "送你一程",
            "time": "15-8-14 13:28"
        },
        {
            "comment id": 66,
            "parent": -1,
            "children": [],
            "user id": "3184526654",
            "user name": "熠熠生不了辉",
            "content": "无图无真相你觉得有人信吗？",
            "time": "15-8-14 13:27"
        },
        {
            "comment id": 67,
            "parent": -1,
            "children": [],
            "user id": "1910335977",
            "user name": "脖子疼的向日葵--",
            "content": "博主带全家凑死亡人数",
            "time": "15-8-14 13:25"
        },
        {
            "comment id": 68,
            "parent": -1,
            "children": [],
            "user id": "5226234892",
            "user name": "独行的苍澜",
            "content": "操你妈逼的，等着被黑出你地址吧，造谣狗怎么他妈就不能死光呢",
            "time": "15-8-14 13:23"
        },
        {
            "comment id": 69,
            "parent": -1,
            "children": [],
            "user id": "5420263459",
            "user name": "chowkyle",
            "content": "@公安部打四黑除四害",
            "time": "15-8-14 13:21"
        },
        {
            "comment id": 70,
            "parent": -1,
            "children": [],
            "user id": "2069408365",
            "user name": "萌宠异宠de小海哥",
            "content": "政府不及你万分之一恶心 谣狗全家死绝",
            "time": "15-8-14 13:20"
        },
        {
            "comment id": 71,
            "parent": -1,
            "children": [],
            "user id": "2119681063",
            "user name": "LIU_PAN_PAN",
            "content": "sb",
            "time": "15-8-14 13:20"
        },
        {
            "comment id": 72,
            "parent": -1,
            "children": [],
            "user id": "2270968964",
            "user name": "皮皮鲁之鲁皮皮",
            "content": "吃s都不知道吃新鲜的吗 官方现在报的是17名消防员 白痴",
            "time": "15-8-14 13:18"
        },
        {
            "comment id": 73,
            "parent": -1,
            "children": [],
            "user id": "1931883863",
            "user name": "CCB邱白",
            "content": "放心吧，绝对帮你转够五百～",
            "time": "15-8-14 13:17"
        },
        {
            "comment id": 74,
            "parent": -1,
            "children": [],
            "user id": "1642932497",
            "user name": "富平小学生",
            "content": "加油作死。",
            "time": "15-8-14 13:17"
        },
        {
            "comment id": 75,
            "parent": -1,
            "children": [],
            "user id": "1719753294",
            "user name": "柴刀女的笑容由我守护",
            "content": "@天津网警巡查执法",
            "time": "15-8-14 13:17"
        },
        {
            "comment id": 76,
            "parent": -1,
            "children": [],
            "user id": "1816441715",
            "user name": "京都大叔子",
            "content": "@天津网警巡查执法 交给你们了",
            "time": "15-8-14 13:17"
        },
        {
            "comment id": 77,
            "parent": -1,
            "children": [],
            "user id": "1834642107",
            "user name": "老广斌少",
            "content": "被盗号了？注意不要造谣传谣。。。目前仍然在救援阶段，任何伤亡数字都不是最终结果，统计是一个严谨的工作，不是随便说说。在未寻获遗体或确认无生还希望的情况下，任何失踪都不可认定为死亡，这是常识，这种荒谬的只在于煽动网民情绪的所谓“真实数据”才是谎言。",
            "time": "15-8-14 13:17"
        },
        {
            "comment id": 78,
            "parent": -1,
            "children": [],
            "user id": "1719753294",
            "user name": "柴刀女的笑容由我守护",
            "content": "脑子是拌饭吃完了吧",
            "time": "15-8-14 13:16"
        },
        {
            "comment id": 79,
            "parent": -1,
            "children": [],
            "user id": "1779290433",
            "user name": "poiu91",
            "content": "@天津网警巡查执法",
            "time": "15-8-14 13:15"
        }
    ]
}