{
    "source": {
        "content": "天津爆炸事件之后，宁波市委书记带着一干人马检查安全生产，任凭夏天的寒冷！ ",
        "time": "15-8-14 20:57",
        "user id": "5348537183",
        "tweet id": "CvP5kdykA",
        "label": 1,
        "theme": "社会生活"
    },
    "comment": [
        {
            "comment id": 0,
            "parent": -1,
            "children": [],
            "user id": "5348537183",
            "user name": "大连MR_倍儿坚强",
            "content": "回复@拉拉拉拉拉拉拉拉拉拉1:我删与不删是我的事情，和你无关吧？",
            "time": "15-8-15 13:52"
        },
        {
            "comment id": 1,
            "parent": -1,
            "children": [],
            "user id": "1843859791",
            "user name": "LeoLeung啊",
            "content": "哈哈//@不知7所以然: 对，这才是真正的共产党员。不畏夏天的寒冷",
            "time": "15-8-15 12:07"
        },
        {
            "comment id": 2,
            "parent": -1,
            "children": [],
            "user id": "2682871365",
            "user name": "南京剑道松风馆",
            "content": "不要脸的zf",
            "time": "15-8-15 07:33"
        },
        {
            "comment id": 3,
            "parent": -1,
            "children": [],
            "user id": "2686385492",
            "user name": "历史告诉未来zr",
            "content": "笑死了",
            "time": "15-8-15 02:20"
        },
        {
            "comment id": 4,
            "parent": -1,
            "children": [],
            "user id": "3027442701",
            "user name": "城乡结合部大干部",
            "content": "照片没p好，用上p图软件，瞬间虚化",
            "time": "15-8-15 00:35"
        },
        {
            "comment id": 5,
            "parent": -1,
            "children": [],
            "user id": "1848608952",
            "user name": "张小姐的韩妆铺",
            "content": "该文出现的新闻配图出错情况，网易宁波已更正道歉说明了网页链接",
            "time": "15-8-14 20:59"
        }
    ]
}