{
    "source": {
        "content": "#天津大爆炸#好可怕，希望没事 ",
        "time": "15-8-13 02:01",
        "user id": "1787110795",
        "tweet id": "CvydUAE5x",
        "label": 1,
        "theme": "社会生活"
    },
    "comment": [
        {
            "comment id": 0,
            "parent": -1,
            "children": [],
            "user id": "1531406675",
            "user name": "神秘的中年男人",
            "content": "明明是车祸",
            "time": "15-8-14 08:18"
        },
        {
            "comment id": 1,
            "parent": -1,
            "children": [],
            "user id": "5455412669",
            "user name": "neko三岁半",
            "content": "第二张是腿吗",
            "time": "15-8-14 01:38"
        },
        {
            "comment id": 2,
            "parent": -1,
            "children": [],
            "user id": "3214716544",
            "user name": "吴培谦",
            "content": "推都出来了，能没事吗？傻",
            "time": "15-8-13 19:26"
        },
        {
            "comment id": 3,
            "parent": -1,
            "children": [],
            "user id": "3244921061",
            "user name": "不知道叫啥就叫小仙女吧",
            "content": "最后一张是腿吗，天呐",
            "time": "15-8-13 13:46"
        },
        {
            "comment id": 4,
            "parent": -1,
            "children": [],
            "user id": "2500982325",
            "user name": "一撮小绿毛儿",
            "content": "天啊",
            "time": "15-8-13 11:59"
        },
        {
            "comment id": 5,
            "parent": -1,
            "children": [],
            "user id": "1303952975",
            "user name": "-啵啵心心-",
            "content": "(# ﾟДﾟ)",
            "time": "15-8-13 06:48"
        },
        {
            "comment id": 6,
            "parent": -1,
            "children": [],
            "user id": "3630745113",
            "user name": "长不大的兴mi",
            "content": "好可怕🙏🙏🙏🙏🙏🙏祈祷",
            "time": "15-8-13 02:40"
        },
        {
            "comment id": 7,
            "parent": -1,
            "children": [],
            "user id": "2662714295",
            "user name": "陈墩煌",
            "content": "太恐怖了",
            "time": "15-8-13 02:33"
        },
        {
            "comment id": 8,
            "parent": -1,
            "children": [],
            "user id": "3812380798",
            "user name": "Cerulean_days",
            "content": "不是油庫",
            "time": "15-8-13 02:33"
        }
    ]
}