{
    "source": {
        "content": "#天津塘沽大爆炸# 【搜救犬】，这是一只狗，一样不眠不休，奋斗到深夜，累了困了就跟消防人员和搜救兵一起随地就眯一会。在救你命的程度上，人和狗都一样救命。能不能不吃狗肉？因它们本就不是菜系，是战友、是生活伴侣、是家人！如果你不吃狗肉点个赞（转自博友） ",
        "time": "15-8-16 07:00",
        "user id": "1740961333",
        "tweet id": "Cw2sM86By",
        "label": 1,
        "theme": "社会生活"
    },
    "comment": [
        {
            "comment id": 0,
            "parent": -1,
            "children": [],
            "user id": "5095825264",
            "user name": "丶王不二丶",
            "content": "回复@杨柳青小朋友:自己说话前后矛盾，还说我，智商是硬伤啊！",
            "time": "15-9-25 08:50"
        },
        {
            "comment id": 1,
            "parent": -1,
            "children": [],
            "user id": "5514605494",
            "user name": "侨开心",
            "content": "喜欢和美妞互粉很喜欢你",
            "time": "15-9-16 11:50"
        },
        {
            "comment id": 2,
            "parent": -1,
            "children": [],
            "user id": "2978672395",
            "user name": "到底夺了谁的笋",
            "content": "回复@一起追忆似水的年华:那有可能是个奇葩",
            "time": "15-8-23 19:25"
        },
        {
            "comment id": 3,
            "parent": -1,
            "children": [],
            "user id": "2840166823",
            "user name": "Moses_小墨o",
            "content": "回复@二喵买买买:你是吃饱了撑的没事干了么？就喜欢有人和你撕逼是么？有没有逼啊你？懒得和你掰扯滚犊子",
            "time": "15-8-23 09:39"
        },
        {
            "comment id": 4,
            "parent": -1,
            "children": [],
            "user id": "3913882967",
            "user name": "一只甜甜的小蜜桃",
            "content": "回复@Moses_小墨o:是你思想扭曲",
            "time": "15-8-23 09:39"
        },
        {
            "comment id": 5,
            "parent": -1,
            "children": [],
            "user id": "3913882967",
            "user name": "一只甜甜的小蜜桃",
            "content": "回复@Moses_小墨o:告诉我在哪里？难道你是那里出来的？",
            "time": "15-8-23 09:38"
        },
        {
            "comment id": 6,
            "parent": -1,
            "children": [],
            "user id": "2840166823",
            "user name": "Moses_小墨o",
            "content": "回复@二喵买买买:哦，你太伟大了，懒得和你瞎掰扯，无聊",
            "time": "15-8-23 09:33"
        },
        {
            "comment id": 7,
            "parent": -1,
            "children": [],
            "user id": "2840166823",
            "user name": "Moses_小墨o",
            "content": "回复@二喵买买买:呵呵，没有平民窟么？开玩笑",
            "time": "15-8-23 09:32"
        },
        {
            "comment id": 8,
            "parent": -1,
            "children": [],
            "user id": "5679083586",
            "user name": "幸运的抓根宝",
            "content": "真无聊，还是不实消息",
            "time": "15-8-22 19:59"
        },
        {
            "comment id": 9,
            "parent": -1,
            "children": [],
            "user id": "1866804853",
            "user name": "橘喵姬-水洛",
            "content": "这都是N年前的图了，放过它！",
            "time": "15-8-22 18:00"
        },
        {
            "comment id": 10,
            "parent": -1,
            "children": [],
            "user id": "2650354204",
            "user name": "Gmshere",
            "content": "回复@长发飘飘0302:你這個人還真無聊！",
            "time": "15-8-20 14:30"
        },
        {
            "comment id": 11,
            "parent": -1,
            "children": [],
            "user id": "2265174563",
            "user name": "962977265_072ff1",
            "content": "回复@山顶上的房子:Shut up! Bitch!",
            "time": "15-8-19 13:54"
        },
        {
            "comment id": 12,
            "parent": -1,
            "children": [],
            "user id": "3913882967",
            "user name": "一只甜甜的小蜜桃",
            "content": "回复@饼饼大王和kiki宝宝的幸福生活:嗯，我也觉得…思维有点问题，总是自相矛盾",
            "time": "15-8-19 13:35"
        },
        {
            "comment id": 13,
            "parent": -1,
            "children": [],
            "user id": "1745900627",
            "user name": "林嘻嘻summer",
            "content": "回复@二喵买买买:你不要跟那SB说了。他说那话都不是正常人的思维....他最该吃的不是猪也不是狗。是药！",
            "time": "15-8-19 12:58"
        },
        {
            "comment id": 14,
            "parent": -1,
            "children": [],
            "user id": "1745900627",
            "user name": "林嘻嘻summer",
            "content": "回复@靡荼忧:呵呵..我不是圣母...我只是想大家吃狗肉的时候不要顺带助长了犯罪...也呼吁国家出台相关法律。规范狗肉市场。爱吃的人吃到放心肉。爱狗的人不用担心自己家狗走失或被偷就进了狗肉馆下了别人的肚。",
            "time": "15-8-19 12:54"
        },
        {
            "comment id": 15,
            "parent": -1,
            "children": [],
            "user id": "5657846861",
            "user name": "-1颗菜心",
            "content": "回复@哇系喜欢绮贞的沁鱼同学啦:那你不吃是吗？？？",
            "time": "15-8-19 11:00"
        },
        {
            "comment id": 16,
            "parent": -1,
            "children": [],
            "user id": "3913882967",
            "user name": "一只甜甜的小蜜桃",
            "content": "回复@Moses_小墨o:还有，我大中国好像没有贫民窟这个东西，只有农村与城市的区别",
            "time": "15-8-18 23:39"
        },
        {
            "comment id": 17,
            "parent": -1,
            "children": [],
            "user id": "3913882967",
            "user name": "一只甜甜的小蜜桃",
            "content": "回复@Moses_小墨o:不好意思，我家狗长得不好看，不高贵，也不会救人，但是看见有人要攻击我的话绝对会护着我。小心我放狗咬你，你记得养只住来保护你哦。还有，我有见过很穷的人依然坚持养流浪狗，而且数量也不少。像你这样的人，连贫民都不如。",
            "time": "15-8-18 23:32"
        },
        {
            "comment id": 18,
            "parent": -1,
            "children": [],
            "user id": "2840166823",
            "user name": "Moses_小墨o",
            "content": "回复@二喵买买买:所谓的爱心只是你伪装出来的而已，如果这狗不好看，不够高贵，不会救人，在你眼里只是一盘菜！！你的爱心只是因为他会救人，他够高贵，所以你这种人放在贫民窟，绝对死的很惨！！",
            "time": "15-8-18 23:17"
        },
        {
            "comment id": 19,
            "parent": -1,
            "children": [],
            "user id": "3913882967",
            "user name": "一只甜甜的小蜜桃",
            "content": "回复@Moses_小墨o:猪除了是可以吃的，你告诉我还有什么其他用途。但是狗的用途很多。你那么爱猪，难怪跟猪的智商没什么区别",
            "time": "15-8-18 23:13"
        },
        {
            "comment id": 20,
            "parent": -1,
            "children": [],
            "user id": "2840166823",
            "user name": "Moses_小墨o",
            "content": "回复@二喵买买买:呵呵，吃着猪肉，却呼吁着不要吃狗肉，哎，这就是你这种人所谓的有爱心！！",
            "time": "15-8-18 23:06"
        },
        {
            "comment id": 21,
            "parent": -1,
            "children": [],
            "user id": "3913882967",
            "user name": "一只甜甜的小蜜桃",
            "content": "回复@Moses_小墨o:呵呵，那你也是畜生耶",
            "time": "15-8-18 23:02"
        },
        {
            "comment id": 22,
            "parent": -1,
            "children": [],
            "user id": "2250224851",
            "user name": "肉山大魔王加两个V",
            "content": "博主脑子坏了，大家散了吧",
            "time": "15-8-18 22:51"
        },
        {
            "comment id": 23,
            "parent": -1,
            "children": [],
            "user id": "2554736851",
            "user name": "Micheal1001",
            "content": "回复@MissQueen_N:你好幸福，动物都有灵性的",
            "time": "15-8-18 20:49"
        },
        {
            "comment id": 24,
            "parent": -1,
            "children": [],
            "user id": "2466083887",
            "user name": "MissQueen_N",
            "content": "回复@Micheal1001:非常赞同，狗是人类的忠诚的朋友，不论什么狗都不应该被虐待被屠杀，有一次我半夜和男朋友吵架，跑出去，站在没人的路边哭，一只流浪狗跑来躺在了我边上陪我，那种感觉，真的是形容不出来的感动！",
            "time": "15-8-18 19:10"
        },
        {
            "comment id": 25,
            "parent": -1,
            "children": [],
            "user id": "2840166823",
            "user name": "Moses_小墨o",
            "content": "回复@二喵买买买:呵呵，所以你永远不会明白为什么有些人觉得你吃猪肉就是个畜生",
            "time": "15-8-18 16:59"
        },
        {
            "comment id": 26,
            "parent": -1,
            "children": [],
            "user id": "3913882967",
            "user name": "一只甜甜的小蜜桃",
            "content": "回复@Moses_小墨o:呵呵，不是说有错，你没这样的爱心也不勉强你，爱吃不吃，呼吁一下当然是要的。不过那些都够贼给那些狗打的毒针啊什么的，你都吃进去了，祝你健康，呵呵",
            "time": "15-8-18 16:55"
        },
        {
            "comment id": 27,
            "parent": -1,
            "children": [],
            "user id": "2840166823",
            "user name": "Moses_小墨o",
            "content": "回复@二喵买买买:我吃啊，所以呢？就因为狗能搜救，就在这呼吁不要吃狗肉？吃狗肉就有错？",
            "time": "15-8-18 16:45"
        },
        {
            "comment id": 28,
            "parent": -1,
            "children": [],
            "user id": "1130650412",
            "user name": "秃猴killian",
            "content": "出这么大事你还在这关注吃不吃狗肉 我特么真是醉了",
            "time": "15-8-18 16:14"
        },
        {
            "comment id": 29,
            "parent": -1,
            "children": [],
            "user id": "5159386622",
            "user name": "多愁善感的心515",
            "content": "你妈逼是来捣乱的吗，同样是人待遇一样吗，同是狗有的就是菜，你就别在这BB了",
            "time": "15-8-18 16:04"
        },
        {
            "comment id": 30,
            "parent": -1,
            "children": [],
            "user id": "2110542982",
            "user name": "嗷呜丫",
            "content": "不实消息，请删博 ",
            "time": "15-8-18 14:19"
        },
        {
            "comment id": 31,
            "parent": -1,
            "children": [],
            "user id": "3687596317",
            "user name": "会稽山阴有大仙",
            "content": "回复@米包_米包:怕狗的飘过",
            "time": "15-8-18 14:07"
        },
        {
            "comment id": 32,
            "parent": -1,
            "children": [],
            "user id": "1243592602",
            "user name": "米包_米包",
            "content": "回复@正版孙葭:诶，道友，起初我也是不吃的，直到我被狼狗咬了腿……据说吃狗肉的人，狗就不咬你了。",
            "time": "15-8-18 14:07"
        },
        {
            "comment id": 33,
            "parent": -1,
            "children": [],
            "user id": "2993928694",
            "user name": "心里有璇",
            "content": "回复@宗介很爱波妞:@angelababy tu是ggtr",
            "time": "15-8-18 08:18"
        },
        {
            "comment id": 34,
            "parent": -1,
            "children": [],
            "user id": "2993928694",
            "user name": "心里有璇",
            "content": "ft ",
            "time": "15-8-18 08:10"
        },
        {
            "comment id": 35,
            "parent": -1,
            "children": [],
            "user id": "5350400638",
            "user name": "杨柳青小朋友",
            "content": "回复@Gmshere:你以为你是救世主，有本事啥都不要吃，那都是命！你给我说哪个不是？[许愿]",
            "time": "15-8-18 00:45"
        },
        {
            "comment id": 36,
            "parent": -1,
            "children": [],
            "user id": "5350400638",
            "user name": "杨柳青小朋友",
            "content": "回复@密斯张001:我觉得疯狗就该被吃。好的警犬就留下，那是英雄，人和人的差异比人和猪都大，我的天，总有些人不是人，有些狗是疯狗。",
            "time": "15-8-18 00:44"
        },
        {
            "comment id": 37,
            "parent": -1,
            "children": [],
            "user id": "2466575494",
            "user name": "靡荼忧",
            "content": "回复@饼饼大王和kiki宝宝的幸福生活:我根本不吃狗肉好不好，我也是爱养宠物的人，我只不过一些看不惯一些人总以为自己是圣母，自己认为能吃的东西就让别人吃",
            "time": "15-8-18 00:14"
        },
        {
            "comment id": 38,
            "parent": -1,
            "children": [],
            "user id": "2257812751",
            "user name": "落日飞贼odd赵",
            "content": "回复@Linko-C:那我也有这么说的权利，你怎么不想想？",
            "time": "15-8-17 21:20"
        },
        {
            "comment id": 39,
            "parent": -1,
            "children": [],
            "user id": "1969416723",
            "user name": "linko是林町",
            "content": "回复@最近只想听Nujabes的老赵:那你被困在火灾现场时，叫你家鸡啊，鸭啊去救你啊，做人不要一点道德底线，别人发微博碍着你拉，碍着你不要看啊，何必自己给自己找罪受，这不是有病吗？",
            "time": "15-8-17 21:19"
        },
        {
            "comment id": 40,
            "parent": -1,
            "children": [],
            "user id": "5162434024",
            "user name": "一个被宠坏的坏坏坏小孩",
            "content": "[玫瑰]真心痛",
            "time": "15-8-17 18:50"
        },
        {
            "comment id": 41,
            "parent": -1,
            "children": [],
            "user id": "5626054714",
            "user name": "狗狗美美达",
            "content": "回复@Sveno_:你想吃也没那能力",
            "time": "15-8-17 16:30"
        },
        {
            "comment id": 42,
            "parent": -1,
            "children": [],
            "user id": "5402578344",
            "user name": "密斯张001",
            "content": "回复@长发飘飘0302:博主表达的意思是狗狗🐶是人类的朋友，大家要善待它们。我并没有抠字眼儿。我看一棍子打死的是你",
            "time": "15-8-17 15:56"
        },
        {
            "comment id": 43,
            "parent": -1,
            "children": [],
            "user id": "3803936519",
            "user name": "下酒的头孢",
            "content": "这个是霹雳",
            "time": "15-8-17 15:54"
        },
        {
            "comment id": 44,
            "parent": -1,
            "children": [],
            "user id": "3803936519",
            "user name": "下酒的头孢",
            "content": "哎呀，这个不是霹雳吗？",
            "time": "15-8-17 15:53"
        },
        {
            "comment id": 45,
            "parent": -1,
            "children": [],
            "user id": "1798527295",
            "user name": "谓之妄言",
            "content": "本来很多人骂博主的 然后博主删了删评论 一片和谐",
            "time": "15-8-17 15:45"
        },
        {
            "comment id": 46,
            "parent": -1,
            "children": [],
            "user id": "1745900627",
            "user name": "林嘻嘻summer",
            "content": "回复@靡荼忧:但愿你真的清楚自己吃的狗肉来源...2013年的时候西班牙国家报的发言人哈维尔和中国青年报的记者就调查过中国的肉狗养殖场...最大规模的不超过100只狗...而中国每年吃掉1000万只狗..供求关系差这么大养殖场却濒临破产养殖场老板直言偷来的狗价格低更好卖。最后证明中国狗肉交易与犯罪同在...偷窃猎杀",
            "time": "15-8-17 15:14"
        },
        {
            "comment id": 47,
            "parent": -1,
            "children": [],
            "user id": "2469409144",
            "user name": "歪歪扣女士",
            "content": "可笑！搜救犬就不是犬吗！？什么叫吃的又不是搜救犬坚决不吃狗肉，因为他是人类的朋友！",
            "time": "15-8-17 15:11"
        },
        {
            "comment id": 48,
            "parent": -1,
            "children": [],
            "user id": "2679670943",
            "user name": "机智诞",
            "content": "回复@刘又又太太太焦虑了:大概看了下因为评论太多了",
            "time": "15-8-17 15:04"
        },
        {
            "comment id": 49,
            "parent": -1,
            "children": [],
            "user id": "2466575494",
            "user name": "靡荼忧",
            "content": "回复@饼饼大王和kiki宝宝的幸福生活:我没吃过别人家养的狗",
            "time": "15-8-17 15:03"
        },
        {
            "comment id": 50,
            "parent": -1,
            "children": [],
            "user id": "2670556245",
            "user name": "吃甜食不长胖",
            "content": "回复@机智诞:围观了？真的不能嘴炮一时爽啊",
            "time": "15-8-17 15:03"
        },
        {
            "comment id": 51,
            "parent": -1,
            "children": [],
            "user id": "1745900627",
            "user name": "林嘻嘻summer",
            "content": "回复@我的男神女神都浴了FFF的火:千万看好你家狗。国内没有正规肉狗供应。宠物狗跑丢了9成狗肉馆了。别哪天吃的是自己家的狗啊……",
            "time": "15-8-17 15:03"
        },
        {
            "comment id": 52,
            "parent": -1,
            "children": [],
            "user id": "2679670943",
            "user name": "机智诞",
            "content": "回复@刘又又太太太焦虑了:",
            "time": "15-8-17 15:02"
        },
        {
            "comment id": 53,
            "parent": -1,
            "children": [],
            "user id": "1745900627",
            "user name": "林嘻嘻summer",
            "content": "回复@靡荼忧:没有高贵低贱之分。只是该吃的吃该宠得宠。物尽其用。你喜欢养殖金毛 拉布拉多 泰迪去用来吃那是你的自由。但不要去偷别人家的这些狗去吃！因为在你眼里他们是肉。在别人家他们是伴侣动物是情感寄托。而且照你这样说大熊猫也不用保护了，都是动物没什么高贵的跟养殖场动物一样你吃一个我看看...",
            "time": "15-8-17 14:59"
        },
        {
            "comment id": 54,
            "parent": -1,
            "children": [],
            "user id": "2670556245",
            "user name": "吃甜食不长胖",
            "content": "@机智诞",
            "time": "15-8-17 14:56"
        },
        {
            "comment id": 55,
            "parent": -1,
            "children": [],
            "user id": "3807693348",
            "user name": "瓦尼果酱",
            "content": "回复@刘又又太太太焦虑了:你给狗多少关爱，同样狗就会给你多少忠诚，就算你得到了狗的忠诚，你也不配。懂吗？道不同不相为谋，对于你这种人说多少也是白费，你应该没有过一条对你忠诚的狗，所以有些东西你不会懂。",
            "time": "15-8-17 13:47"
        },
        {
            "comment id": 56,
            "parent": -1,
            "children": [],
            "user id": "3807693348",
            "user name": "瓦尼果酱",
            "content": "回复@刘又又太太太焦虑了:这么多回答，我怎么知道你回的哪条。我的理解能力跟你没关系吧。",
            "time": "15-8-17 13:44"
        },
        {
            "comment id": 57,
            "parent": -1,
            "children": [],
            "user id": "3807693348",
            "user name": "瓦尼果酱",
            "content": "回复@刘又又太太太焦虑了:每个人都有选择发什么的权力，说不定某事某刻你的微博也同样遭人反感呢？只要把要表达什么发清楚了，又何必这么深究",
            "time": "15-8-17 13:40"
        },
        {
            "comment id": 58,
            "parent": -1,
            "children": [],
            "user id": "2462384972",
            "user name": "双双对对OK",
            "content": "回复@蓝的雪华:救过你啊？你不喝奶能死啊？！",
            "time": "15-8-17 13:09"
        },
        {
            "comment id": 59,
            "parent": -1,
            "children": [],
            "user id": "1950529224",
            "user name": "Moree的世界",
            "content": "我不吃搜救犬！但是狗肉和搜救犬有什么关系?",
            "time": "15-8-17 11:48"
        },
        {
            "comment id": 60,
            "parent": -1,
            "children": [],
            "user id": "2670556245",
            "user name": "吃甜食不长胖",
            "content": "回复@旋转没有边际:我的回答只不过是针对“肉狗也是狗，就真的能吃的那么心安理得吗”你的疑问，同学你的阅读理解也是能力拔群。我对我的狗怎样取决我的态度，我的狗对我是否忠诚同样也不是你我能支配的。还有在塘沽大爆炸的话题下刷这么一条文不对题的微博招我反感，且配图还是汶川地震的老图[[弱",
            "time": "15-8-17 11:31"
        },
        {
            "comment id": 61,
            "parent": -1,
            "children": [],
            "user id": "2650354204",
            "user name": "Gmshere",
            "content": "回复@长发飘飘0302:妹妹無意冒犯，我只是很愛狗，因為它們真的值得被愛！純屬於個人問題，你不需要和我爭執！你不喜歡狗或者你覺得它們的肉可以吃那是你的權利！我管不著，也與我無關！[有鸭梨]",
            "time": "15-8-17 11:21"
        },
        {
            "comment id": 62,
            "parent": -1,
            "children": [],
            "user id": "3807693348",
            "user name": "瓦尼果酱",
            "content": "回复@刘又又太太太焦虑了:所以你不配得到一条忠犬。永远不配，你爱的只是你自己的东西而已",
            "time": "15-8-17 11:13"
        },
        {
            "comment id": 63,
            "parent": -1,
            "children": [],
            "user id": "3568229215",
            "user name": "盖铺盖扇风扇",
            "content": "好样的。厉害。狗狗。",
            "time": "15-8-17 11:12"
        },
        {
            "comment id": 64,
            "parent": -1,
            "children": [],
            "user id": "3807693348",
            "user name": "瓦尼果酱",
            "content": "回复@刘又又太太太焦虑了:只是一种倡导而已。至于这么敏感吗？？？",
            "time": "15-8-17 11:11"
        },
        {
            "comment id": 65,
            "parent": -1,
            "children": [],
            "user id": "3539599857",
            "user name": "汪_格雷诺耶",
            "content": "这个可以顺手举报了",
            "time": "15-8-17 11:10"
        },
        {
            "comment id": 66,
            "parent": -1,
            "children": [],
            "user id": "3807693348",
            "user name": "瓦尼果酱",
            "content": "回复@刘又又太太太焦虑了:从头到尾。我有要求你们不去吃吗？？？我想博主发这一条微博也只是告诉吃狗肉者狗的感情，却没有强加要求你们吧。",
            "time": "15-8-17 11:10"
        },
        {
            "comment id": 67,
            "parent": -1,
            "children": [],
            "user id": "2670556245",
            "user name": "吃甜食不长胖",
            "content": "回复@旋转没有边际:而且我也没有那么丰富的感情和充沛的精力去爱护每一条与我无关的狗",
            "time": "15-8-17 11:10"
        },
        {
            "comment id": 68,
            "parent": -1,
            "children": [],
            "user id": "2670556245",
            "user name": "吃甜食不长胖",
            "content": "回复@旋转没有边际:所以你有什么立场去要求和狗并没有什么感情的人不去吃狗肉呢，每一条狗都值得你去爱护而并不是“我们”。你吃和你没有感情的鸡鸭鱼肉不是同样心安理得嘛。",
            "time": "15-8-17 11:06"
        },
        {
            "comment id": 69,
            "parent": -1,
            "children": [],
            "user id": "2616884121",
            "user name": "7A1918",
            "content": "微博关了吧！啊。 听话。",
            "time": "15-8-17 10:51"
        },
        {
            "comment id": 70,
            "parent": -1,
            "children": [],
            "user id": "3807693348",
            "user name": "瓦尼果酱",
            "content": "回复@刘又又太太太焦虑了:如果真有的话我绝对会的，如果真的喜欢一样动物，那么它们的肉放进你的嘴里你都会绝对恶心，像在吃同伴的肉一样，你们所谓的喜欢狗只是喜欢你自己的狗，就像因为是自己的东西所以喜欢一样，不是真的喜欢",
            "time": "15-8-17 10:50"
        },
        {
            "comment id": 71,
            "parent": -1,
            "children": [],
            "user id": "5634826837",
            "user name": "打农药吐泡泡X",
            "content": "回复@冯去疾:意思就是什么样的人做什么样的事，说什么样的话嘛？！",
            "time": "15-8-17 10:22"
        },
        {
            "comment id": 72,
            "parent": -1,
            "children": [],
            "user id": "2462384972",
            "user name": "双双对对OK",
            "content": "不管此次救援有没有，有恩就要有感谢，拒绝吃狗肉！ ",
            "time": "15-8-17 10:20"
        },
        {
            "comment id": 73,
            "parent": -1,
            "children": [],
            "user id": "2466575494",
            "user name": "靡荼忧",
            "content": "回复@饼饼大王和kiki宝宝的幸福生活:我没有偏激呀，养殖场的动物就活该被吃？宠物就比养殖场的天生高贵？？你这观点也挺搞笑。",
            "time": "15-8-17 09:50"
        },
        {
            "comment id": 74,
            "parent": -1,
            "children": [],
            "user id": "1745900627",
            "user name": "林嘻嘻summer",
            "content": "回复@DT_Bastard:问题是很多人吃的是从别人家偷来的宠物狗你明白吗？我也吃鸡鸭牛，但是都在正规企业买来的放心肉！不是宠物牛宠物鸡鸭！请问狗肉在中国有这样的正规途径企业吗？即便有零星的几个肉狗养殖场最大的规模不超过100只！供得上市场？养殖狗成本高！你是开饭店的 你要养殖场高价狗肉还是要偷来的便宜狗肉？",
            "time": "15-8-17 08:59"
        },
        {
            "comment id": 75,
            "parent": -1,
            "children": [],
            "user id": "2952827142",
            "user name": "贾货店",
            "content": "在评论里看到好多人提到5毛钱…估计像网店刷好评一样，各种招刷评论的人，很多人说不过心的话，是因为他们因刷评论赚钱了…",
            "time": "15-8-17 08:54"
        },
        {
            "comment id": 76,
            "parent": -1,
            "children": [],
            "user id": "1745900627",
            "user name": "林嘻嘻summer",
            "content": "回复@靡荼忧:请不要偏激！吃狗可以！请吃养殖场的肉狗！检验检疫过的！不要吃宠物狗！流浪狗！我们也不会偷别人家的宠物牛、宠物鸡鸭来吃的！但是我们可以买得到养殖的检验检疫过的鸡鸭牛...你买得到养殖的检验检疫过的肉狗吗？",
            "time": "15-8-17 08:52"
        },
        {
            "comment id": 77,
            "parent": -1,
            "children": [],
            "user id": "1745900627",
            "user name": "林嘻嘻summer",
            "content": "回复@用户3799567741:农村自己养自己吃的那几只狗算什么啊？德国时代周报的不完全统计中国每年至少吃掉1000万只狗！农村除了看家护院又有多少狗是专门用来像鸡鸭鱼一样成批养殖供人食用？西班牙国家报发言人哈维尔也调查并指出中国每年偷狗猎杀流浪狗是提供狗肉的主要来源！狗肉交易与犯罪同在！所以就不要再掩耳盗铃了！",
            "time": "15-8-17 08:44"
        },
        {
            "comment id": 78,
            "parent": -1,
            "children": [],
            "user id": "5253102304",
            "user name": "孤山龙焰",
            "content": "回复@刘又又太太太焦虑了:然而这里并没有人强迫你一定不能吃狗肉，谈何说按自己的想法强迫别人做事？我们在说的是吃的狗而不是流浪狗，不要把两个性质完全不一样的东西扯到一起不喜欢这种吃的狗全都是人养殖出来的肉狗这种思想，假如有一天出现了肉人这种东西，法律允许吃又便宜营养价值还高，那你们还吃吗？",
            "time": "15-8-17 08:10"
        },
        {
            "comment id": 79,
            "parent": -1,
            "children": [],
            "user id": "5558867374",
            "user name": "丽阿丽儿",
            "content": "回复@Sveno_:而且我去百度查过，根本没有专门饲养狗供人类食用的地方。你们吃的狗肉很有可能是流浪狗，对自身本来就没有益处，流浪狗带那么多细菌，你认为狗贩会给你处理？",
            "time": "15-8-17 03:38"
        }
    ]
}