{
    "source": {
        "content": "#天津塘沽大爆炸# 他们是搜救犬，他们跟人类一样为了搜救不眠不休地工作，累了困了就跟消防人员和搜救兵一起就地眯一会。在救命的程度上，人和狗都一样！欧洲菌就想嘀咕一句：咱以后都能不能别吃狗肉了？ ",
        "time": "15-8-17 08:51",
        "user id": "1888494957",
        "tweet id": "CwcCddBdM",
        "label": 1,
        "theme": "社会生活"
    },
    "comment": [
        {
            "comment id": 0,
            "parent": -1,
            "children": [],
            "user id": "2626634877",
            "user name": "河风海韵-马拉丰",
            "content": "虽然我从来不吃，但是，这个跟你的微博有关系嘛？",
            "time": "15-8-17 13:03"
        },
        {
            "comment id": 1,
            "parent": -1,
            "children": [],
            "user id": "3847200917",
            "user name": "用户3847200917",
            "content": "我想说吃狗肉不违法，自己可以不吃但是也不能指责别人，但是那些肆意伤害别人家狗的狗贩子真的很可恶，我家养的狗一到冬天就被别人药走了，迄今为止最起码养了十来条了，没有一个寿终正寝的，搞得现在都不敢养狗了。",
            "time": "15-8-17 11:19"
        },
        {
            "comment id": 2,
            "parent": -1,
            "children": [],
            "user id": "2464557370",
            "user name": "Tina_PTN",
            "content": "你这种官v居然也说什么不吃狗肉，呵呵",
            "time": "15-8-17 11:03"
        },
        {
            "comment id": 3,
            "parent": -1,
            "children": [],
            "user id": "5131693048",
            "user name": "芮芮妮nini",
            "content": "导盲犬警犬帮助人类还要吃吗？多少老人家里养狗猫是为了精神寄托只有它们不离不弃。导盲鸡警鸭呢有危险先跑了吧？有人要吃没办法做好自己就可以了  这社会喷子太多没办法也许要人肉能吃也早吃了",
            "time": "15-8-17 10:29"
        },
        {
            "comment id": 4,
            "parent": -1,
            "children": [],
            "user id": "1393894707",
            "user name": "司空小宝Zero",
            "content": "道德绑架了吧？咱以后都能不能别吃猪牛鸡鸭鱼海鲜了？咱以后都能不能别吃蔬菜大米了？咱以后都能不能别呼吸空气了？空气也受了伤，蔬菜大米也被有毒物毒害了是不是？？？",
            "time": "15-8-17 09:35"
        },
        {
            "comment id": 5,
            "parent": -1,
            "children": [],
            "user id": "1822340303",
            "user name": "奇奇_呦呦呦",
            "content": "回复@lena我就是:是吧，要不是在天津塘沽大爆炸这个题目里，我也不认为应该派搜救犬",
            "time": "15-8-17 09:34"
        },
        {
            "comment id": 6,
            "parent": -1,
            "children": [],
            "user id": "1677307982",
            "user name": "lena冲鸭",
            "content": "回复@奇奇_呦呦呦:好像这次就没有使用搜救犬",
            "time": "15-8-17 09:31"
        },
        {
            "comment id": 7,
            "parent": -1,
            "children": [],
            "user id": "1888494957",
            "user name": "新欧洲战法",
            "content": "回复@ZicR:只是希望那些吃狗肉的人 都能加入到咱们这些“从来不吃”的行列中来",
            "time": "15-8-17 09:17"
        },
        {
            "comment id": 8,
            "parent": -1,
            "children": [],
            "user id": "1670375733",
            "user name": "再也不买了嘤嘤嘤",
            "content": "虽然从来不吃狗肉，但受过训练的和肉狗是两回事吧？",
            "time": "15-8-17 09:16"
        },
        {
            "comment id": 9,
            "parent": -1,
            "children": [],
            "user id": "1888494957",
            "user name": "新欧洲战法",
            "content": "回复@奇奇_呦呦呦:嗯，人类还可以戴上口罩和面具防护，可是汪们什么都没有。。心疼。。",
            "time": "15-8-17 09:15"
        },
        {
            "comment id": 10,
            "parent": -1,
            "children": [],
            "user id": "1822340303",
            "user name": "奇奇_呦呦呦",
            "content": "这么重的化工味道，让嗅觉灵敏的狗狗来闻，估计也是炸裂的感觉",
            "time": "15-8-17 09:14"
        },
        {
            "comment id": 11,
            "parent": -1,
            "children": [],
            "user id": "1974521591",
            "user name": "请叫我瑶酱",
            "content": "从来不吃",
            "time": "15-8-17 09:10"
        },
        {
            "comment id": 12,
            "parent": -1,
            "children": [],
            "user id": "1888494957",
            "user name": "新欧洲战法",
            "content": "回复@Cynthia0827:希望那些很喜欢吃的人，也别吃了。。",
            "time": "15-8-17 09:07"
        },
        {
            "comment id": 13,
            "parent": -1,
            "children": [],
            "user id": "1560107823",
            "user name": "zickness的zic",
            "content": "咱以后能不能不随便用咱来代表所有人了？",
            "time": "15-8-17 09:07"
        },
        {
            "comment id": 14,
            "parent": -1,
            "children": [],
            "user id": "1863115343",
            "user name": "疯狂的jackie",
            "content": "",
            "time": "15-8-17 09:01"
        },
        {
            "comment id": 15,
            "parent": -1,
            "children": [],
            "user id": "3609691612",
            "user name": "再想一夏o",
            "content": "从来不吃！",
            "time": "15-8-17 08:54"
        }
    ]
}