{
    "source": {
        "content": "#天津塘沽大爆炸#这是【搜救犬】，这是一只狗，一样不眠不休，奋斗到深夜，累了困了就跟消防人员和搜救兵一起随地就眯一会。在救你命的程度上，人和狗都一样救命。能不能不吃狗肉？因它们本就不是菜系，是战友、是生活伴侣、是家人！如果你不吃狗肉点个赞吧！ ",
        "time": "15-8-17 13:04",
        "user id": "3476926151",
        "tweet id": "Cweh5DQDx",
        "label": 1,
        "theme": "社会生活"
    },
    "comment": [
        {
            "comment id": 0,
            "parent": -1,
            "children": [],
            "user id": "1819582463",
            "user name": "涵独特的魅力",
            "content": "回复@我还是学生啊回答不了您:觉知 以前造的业 慢慢修吧",
            "time": "17-8-8 01:07"
        },
        {
            "comment id": 1,
            "parent": -1,
            "children": [],
            "user id": "1819582463",
            "user name": "涵独特的魅力",
            "content": "回复@用户3645127630:我爸死了 你也是么？",
            "time": "17-8-8 01:06"
        },
        {
            "comment id": 2,
            "parent": -1,
            "children": [],
            "user id": "5409929179",
            "user name": "冷月美美哒",
            "content": "回复@七九耶择:你智商够用，你智商这么高，你咋不去救灾，就会在这里耍嘴皮子，窝囊废",
            "time": "16-8-2 09:05"
        },
        {
            "comment id": 3,
            "parent": -1,
            "children": [],
            "user id": "2432358437",
            "user name": "如懿传小说6卷全集",
            "content": "回复@WUYU的Grace:看时间  你也是够闲的蛋疼的",
            "time": "16-5-24 10:07"
        },
        {
            "comment id": 4,
            "parent": -1,
            "children": [],
            "user id": "2804102743",
            "user name": "WUYU的Grace",
            "content": "回复@小张松一是鬼怪:你这人真奇怪，人家删你回复，是不想看你侮辱人家眼球，你到好，到处丢人现眼，还彰显你自个多牛叉，一说就是全家，真不知道你脑子里装的都是啥.",
            "time": "16-5-23 08:00"
        },
        {
            "comment id": 5,
            "parent": -1,
            "children": [],
            "user id": "1719421282",
            "user name": "捧起甜甜的哈密瓜",
            "content": "回复@归零-倩:呵呵，没人培训，它们也比某些自以为是，忘恩负义的人强",
            "time": "16-3-5 04:41"
        },
        {
            "comment id": 6,
            "parent": -1,
            "children": [],
            "user id": "2257193193",
            "user name": "劉藰瀏",
            "content": "回复@飘渺的懒猫:如果没有人的培训，它也就是是一只没用的狗。有情有义这个词应该夸培养它的人。",
            "time": "16-3-5 01:52"
        },
        {
            "comment id": 7,
            "parent": -1,
            "children": [],
            "user id": "5556797478",
            "user name": "BLU-82",
            "content": "回复@一人一谶_Mrs:你是狗吗？没有人性",
            "time": "16-2-21 18:35"
        },
        {
            "comment id": 8,
            "parent": -1,
            "children": [],
            "user id": "2808663772",
            "user name": "笑看风云100年",
            "content": "回复@極品的歲月:您说的对",
            "time": "16-1-4 12:57"
        },
        {
            "comment id": 9,
            "parent": -1,
            "children": [],
            "user id": "1439268825",
            "user name": "Garriton_5",
            "content": "吃狗肉已经out了，现如今时兴吃人肉啦。",
            "time": "15-10-30 09:40"
        },
        {
            "comment id": 10,
            "parent": -1,
            "children": [],
            "user id": "5494195033",
            "user name": "洋洋LT",
            "content": "回复@脸上的坑坑好多哟:😭",
            "time": "15-10-18 10:48"
        },
        {
            "comment id": 11,
            "parent": -1,
            "children": [],
            "user id": "5646391692",
            "user name": "缘分濮志刚",
            "content": "人类最忠的伙伴",
            "time": "15-10-10 18:13"
        },
        {
            "comment id": 12,
            "parent": -1,
            "children": [],
            "user id": "1909207377",
            "user name": "黄筠婷_hyt",
            "content": "回复@神思SENS:从来没遇到过这么没品的人，臭不要脸。",
            "time": "15-10-7 00:30"
        },
        {
            "comment id": 13,
            "parent": -1,
            "children": [],
            "user id": "1819582463",
            "user name": "涵独特的魅力",
            "content": "回复@用户3645127630:听你后妈说的么？",
            "time": "15-9-20 17:44"
        },
        {
            "comment id": 14,
            "parent": -1,
            "children": [],
            "user id": "5294612249",
            "user name": "姐只愿开心地活着",
            "content": "回复@天雨若瑟:小姐  不好意思呢  我国家的军人 不叫解放军呢。。而且是人都知道  搜寻犬是灾难中搜寻人很好的一种助力",
            "time": "15-9-16 13:22"
        },
        {
            "comment id": 15,
            "parent": -1,
            "children": [],
            "user id": "5079027719",
            "user name": "Vicky郭子馨",
            "content": "回复@洛莉塔娜娜:",
            "time": "15-9-1 11:21"
        },
        {
            "comment id": 16,
            "parent": -1,
            "children": [],
            "user id": "1909207377",
            "user name": "黄筠婷_hyt",
            "content": "回复@神思SENS:从来没遇到过这么没品的人，臭不要脸。",
            "time": "15-8-29 12:02"
        },
        {
            "comment id": 17,
            "parent": -1,
            "children": [],
            "user id": "3196567123",
            "user name": "扩尼吉蛙",
            "content": "回复@黄筠婷爱何菇:收爹啦，死臭西",
            "time": "15-8-29 08:22"
        },
        {
            "comment id": 18,
            "parent": -1,
            "children": [],
            "user id": "2627739395",
            "user name": "L急逆",
            "content": "现在各种变相“吃人”到处都是，你不用活了？牛为我们祖先耕耘几千年，牛排的出现也是错误的？蜜蜂酿蜜授粉，实为益虫，为何蜂蛹化身顶级美食？公鸡打鸣母鸡下蛋几千年，为什么我们要有各种花样吃鸡？何解？求解！！",
            "time": "15-8-28 20:49"
        },
        {
            "comment id": 19,
            "parent": -1,
            "children": [],
            "user id": "5648591970",
            "user name": "随和的开心宝贝99",
            "content": "回复@孤独前行沉默的石头:你吗？",
            "time": "15-8-27 12:51"
        },
        {
            "comment id": 20,
            "parent": -1,
            "children": [],
            "user id": "3400091230",
            "user name": "孤独前行沉默的石头",
            "content": "回复@随和的开心宝贝99:有人不吃猪肉的",
            "time": "15-8-27 11:15"
        },
        {
            "comment id": 21,
            "parent": -1,
            "children": [],
            "user id": "1909207377",
            "user name": "黄筠婷_hyt",
            "content": "回复@神思SENS:呸",
            "time": "15-8-25 19:37"
        },
        {
            "comment id": 22,
            "parent": -1,
            "children": [],
            "user id": "3196567123",
            "user name": "扩尼吉蛙",
            "content": "回复@黄筠婷爱何菇:看清楚啦死八婆",
            "time": "15-8-25 19:35"
        },
        {
            "comment id": 23,
            "parent": -1,
            "children": [],
            "user id": "1072514054",
            "user name": "jian0349",
            "content": "回复@白羊--軒:你说得也有理。如果不在天津爆炸的话题下，我会支持。我家也养了两只狗。我只是觉得在灾难时期，大家都纠结在吃狗对错上；事实上已经转移了关注焦点。",
            "time": "15-8-25 16:30"
        },
        {
            "comment id": 24,
            "parent": -1,
            "children": [],
            "user id": "5648591970",
            "user name": "随和的开心宝贝99",
            "content": "回复@孤独前行沉默的石头:猪肉人人都在吃啊！怎么会死！是不是嘛？哈哈哈哈",
            "time": "15-8-24 22:59"
        },
        {
            "comment id": 25,
            "parent": -1,
            "children": [],
            "user id": "3970235926",
            "user name": "詹俊的小粉丝",
            "content": "回复@我想吃熊样:搞的你好像很高级一样 死滚",
            "time": "15-8-24 22:35"
        },
        {
            "comment id": 26,
            "parent": -1,
            "children": [],
            "user id": "5499605460",
            "user name": "我想吃熊样",
            "content": "回复@毕竟我这么逗:谁最脏 这不一目了然。你知道最低级的骂人是怎样的吗？ 就是像你一样泼妇骂街一样在这说  反正我又不气 何必呢？",
            "time": "15-8-24 13:16"
        },
        {
            "comment id": 27,
            "parent": -1,
            "children": [],
            "user id": "3186606734",
            "user name": "Morteaus",
            "content": "回复@瓶中的小茶茶_24K纯屌丝:国内狗养殖场有多少？所谓的正规运输车，那里面真的都是专门养殖的？被志愿者拦下的车拿着检疫证明，里面还不是好多戴着项圈甚至被主人认出的，别自欺欺人了。",
            "time": "15-8-24 01:23"
        },
        {
            "comment id": 28,
            "parent": -1,
            "children": [],
            "user id": "1691210092",
            "user name": "渔竹丞妖",
            "content": "回复@Morteaus:我说的是正规运输你跟我扯偷运，把话看清楚了再来扯好吗。",
            "time": "15-8-24 01:11"
        },
        {
            "comment id": 29,
            "parent": -1,
            "children": [],
            "user id": "2264463262",
            "user name": "媛来是我fot",
            "content": "我纳闷了，渣浪，即使这不是搜救犬在天津的照片，但它救人事实！嘛叫信息不属实？我告诉你新浪！你们这些职员等着呗人民戳脊梁骨吧",
            "time": "15-8-23 22:20"
        },
        {
            "comment id": 30,
            "parent": -1,
            "children": [],
            "user id": "5067513755",
            "user name": "蹦迪大熊",
            "content": "回复@手机用户1894032395:那只是形容词。",
            "time": "15-8-23 16:09"
        },
        {
            "comment id": 31,
            "parent": -1,
            "children": [],
            "user id": "1894032395",
            "user name": "手机用户18911061125",
            "content": "回复@国大帅24K纯爷们:很多人猪狗不如！",
            "time": "15-8-23 15:25"
        },
        {
            "comment id": 32,
            "parent": -1,
            "children": [],
            "user id": "1894032395",
            "user name": "手机用户18911061125",
            "content": "回复@种花家园子:你不吃狗肉捍卫哪门子吃狗肉的！狗和别的动物不一样！可能只有哪天你需要狗的帮助时你才明白把狗当朋友远远比把狗放在饭桌上更有必要！",
            "time": "15-8-23 15:22"
        },
        {
            "comment id": 33,
            "parent": -1,
            "children": [],
            "user id": "5678617432",
            "user name": "用户5678617432",
            "content": "吃狗的倒霉   衰死   偷狗的不得好死，最好是让他感受一下狗狗的死，",
            "time": "15-8-22 17:10"
        },
        {
            "comment id": 34,
            "parent": -1,
            "children": [],
            "user id": "5677065826",
            "user name": "用户5677065826",
            "content": "回复@弗如赵括:去你妈的！你Tm死的远点",
            "time": "15-8-21 20:57"
        },
        {
            "comment id": 35,
            "parent": -1,
            "children": [],
            "user id": "5632811016",
            "user name": "Ada于5632811016",
            "content": "回复@可爱的陆你妹:呃，你可能真是不走运遇到发疯的狗了",
            "time": "15-8-21 20:52"
        },
        {
            "comment id": 36,
            "parent": -1,
            "children": [],
            "user id": "5346566245",
            "user name": "朱建兵0001",
            "content": "动物当中我最爱狗",
            "time": "15-8-21 19:51"
        },
        {
            "comment id": 37,
            "parent": -1,
            "children": [],
            "user id": "3970235926",
            "user name": "詹俊的小粉丝",
            "content": "回复@我想吃熊样:原来你全家吃屎长大的啊 真牛 别回我 再回你全家今晚出车祸然后女的被jian在全家被剁shi。在被狗吃 sb滚 全家脑残",
            "time": "15-8-21 17:36"
        },
        {
            "comment id": 38,
            "parent": -1,
            "children": [],
            "user id": "5499605460",
            "user name": "我想吃熊样",
            "content": "回复@毕竟我这么逗:你那么脏 我才不吃你呢!哈哈",
            "time": "15-8-21 15:14"
        },
        {
            "comment id": 39,
            "parent": -1,
            "children": [],
            "user id": "1962220162",
            "user name": "人间自有风月",
            "content": "回复@回忆是座坟墓:谢谢",
            "time": "15-8-21 13:15"
        },
        {
            "comment id": 40,
            "parent": -1,
            "children": [],
            "user id": "1653604093",
            "user name": "OK易莱纹",
            "content": "不实消息已经确认了，为什么不删呢？还留着？",
            "time": "15-8-20 23:35"
        },
        {
            "comment id": 41,
            "parent": -1,
            "children": [],
            "user id": "1186199784",
            "user name": "一座孤岛丶C",
            "content": "回复@秘药少女不吃饭:哪有残疾的上一线的，自己没脑子怪我喽？",
            "time": "15-8-20 17:40"
        },
        {
            "comment id": 42,
            "parent": -1,
            "children": [],
            "user id": "1186199784",
            "user name": "一座孤岛丶C",
            "content": "回复@秘药少女不吃饭:自己看到假新闻怪我喽？我说的大咖是这个？我说的已经死了，死了！看不懂？房屋垮塌砸死的，看不懂？",
            "time": "15-8-20 17:39"
        },
        {
            "comment id": 43,
            "parent": -1,
            "children": [],
            "user id": "2654375295",
            "user name": "辛奈奈奈特别的",
            "content": "回复@桃子流浪猫领养丶:说不通这个傻子",
            "time": "15-8-20 17:30"
        },
        {
            "comment id": 44,
            "parent": -1,
            "children": [],
            "user id": "2654375295",
            "user name": "辛奈奈奈特别的",
            "content": "回复@桃子流浪猫领养丶:本来好好说话的，到了后面实在不行了，行，我也求求你，能不能滚回你妈的肚子里",
            "time": "15-8-20 17:29"
        },
        {
            "comment id": 45,
            "parent": -1,
            "children": [],
            "user id": "2654375295",
            "user name": "辛奈奈奈特别的",
            "content": "回复@桃子流浪猫领养丶:你还好意思说大咖？白痴 ",
            "time": "15-8-20 17:27"
        },
        {
            "comment id": 46,
            "parent": -1,
            "children": [],
            "user id": "2654375295",
            "user name": "辛奈奈奈特别的",
            "content": "回复@桃子流浪猫领养丶:你能不能去看看我的微博？什么叫实时消息？",
            "time": "15-8-20 17:22"
        },
        {
            "comment id": 47,
            "parent": -1,
            "children": [],
            "user id": "2654375295",
            "user name": "辛奈奈奈特别的",
            "content": "回复@桃子流浪猫领养丶:我喜欢狗不吃狗肉，对于5、6的观点中的指责表示汗颜、并不是所有反对的声音都是为了给自己吃狗肉，不喜欢狗开脱的呀",
            "time": "15-8-20 17:21"
        },
        {
            "comment id": 48,
            "parent": -1,
            "children": [],
            "user id": "1186199784",
            "user name": "一座孤岛丶C",
            "content": "回复@秘药少女不吃饭:你真的没有否认？“这里不会有搜救犬，因为气味影响嗅觉没办法搜救”，这不是你说的？是你健忘还是我瞎？天朝说死了一百人受伤一千人就真的是这样？天朝说附近大部分都没什么人真的是这样？求你别回复我了，智硬太可怕。",
            "time": "15-8-20 17:19"
        },
        {
            "comment id": 49,
            "parent": -1,
            "children": [],
            "user id": "2654375295",
            "user name": "辛奈奈奈特别的",
            "content": "回复@桃子流浪猫领养丶:4、这当然需要澄清，还呼吁保护犬请另开话题。不谢",
            "time": "15-8-20 17:14"
        },
        {
            "comment id": 50,
            "parent": -1,
            "children": [],
            "user id": "1186199784",
            "user name": "一座孤岛丶C",
            "content": "回复@秘药少女不吃饭:还有，你所谓的18号之前没有搜救犬，并不是没有，只是没有公开而已有点常识的都知道，五天后才进入现场搜救什么？腐烂的尸体么？怎么可能！麻烦你看一下大咖怎么死的再出来秀你的智商下线。",
            "time": "15-8-20 17:13"
        },
        {
            "comment id": 51,
            "parent": -1,
            "children": [],
            "user id": "2654375295",
            "user name": "辛奈奈奈特别的",
            "content": "回复@桃子流浪猫领养丶:1、搜救犬不是万能的，去不去是根据实际情况进行部署的，2、在这里我并没有可以否认天津事件的搜救犬，我否认的是原博在搜救犬还没有出动前还没有具体报道搜救犬到达现场前，就大肆宣扬搜救犬并带上#天津塘沽大爆炸# 误导大家的微博。3、我说的工作条件所指外部工作条件。",
            "time": "15-8-20 17:12"
        },
        {
            "comment id": 52,
            "parent": -1,
            "children": [],
            "user id": "1186199784",
            "user name": "一座孤岛丶C",
            "content": "回复@秘药少女不吃饭:再来说一下你所谓的辟谣，用的理由是现场气味混乱，搜救犬无法用嗅觉分辨并搜救，你小学毕业了么？狗在黑暗中可以视物，可以听到微小的动静，生理特征比人在灾区活动更灵巧，并不是闻不到就没用了，你是游泳游多了脑子进水了么？",
            "time": "15-8-20 17:07"
        },
        {
            "comment id": 53,
            "parent": -1,
            "children": [],
            "user id": "1186199784",
            "user name": "一座孤岛丶C",
            "content": "回复@秘药少女不吃饭:5.没危险的时候打骂吃杀，有危险的求救，这是应该有的态度？你有什么脸去向你的盘中餐求救！你怎么不向你家电饭煲里的大米饭求救！6.不管是哪场灾难，他们都做了很多，有几个人知道搜救犬牺牲？有几个人知道他们救了多少人？歌颂就是没脑子？你脑子长在哪里的！",
            "time": "15-8-20 17:00"
        },
        {
            "comment id": 54,
            "parent": -1,
            "children": [],
            "user id": "1072514054",
            "user name": "jian0349",
            "content": "回复@我有一顶小红帽丶:我自己家也养了两只狗，而且美国人对吃狗根本不能认同。但要记住这不是重点。在大难当头时，一条不吃狗的话题已经成功使得国人忘记了要对爆炸追责，全都纠结在吃狗的对错上了。这样事实上已经转移了大家对爆炸追责的关注焦点了。",
            "time": "15-8-20 16:58"
        },
        {
            "comment id": 55,
            "parent": -1,
            "children": [],
            "user id": "1186199784",
            "user name": "一座孤岛丶C",
            "content": "回复@秘药少女不吃饭:我们来说几个客观事实，1，每次灾区基本都有搜救犬去对不对？2.这次爆炸现场也去了搜救犬对不对？3.人都需要带防毒面具，你觉得人鼻子比狗灵？所谓的具备工作条件，到底什么才算具备？4.不管是什么时候的照片，这条微博呼吁的是保护犬，不是单一的保护天津搜救犬。",
            "time": "15-8-20 16:56"
        },
        {
            "comment id": 56,
            "parent": -1,
            "children": [],
            "user id": "1072514054",
            "user name": "jian0349",
            "content": "回复@我有一顶小红帽丶:目前最重要的是要对爆炸追责。博主的话题是直接转移到是否吃狗。已经很多天了，这个话题使得大多数人为了吃狗的对错争来争去，而不去关注谁该承担爆炸的责任。所以导致了偏离对大爆炸的真相的关注。他可以另开爱狗话题但不要绑架在大爆炸的微博下。",
            "time": "15-8-20 16:55"
        },
        {
            "comment id": 57,
            "parent": -1,
            "children": [],
            "user id": "1072514054",
            "user name": "jian0349",
            "content": "回复@我有一顶小红帽丶:在其它场合比较合适而且我会支持。在需要对天津爆炸追责时转移了大家的关注焦点不合适。",
            "time": "15-8-20 16:52"
        },
        {
            "comment id": 58,
            "parent": -1,
            "children": [],
            "user id": "2918785567",
            "user name": "dear_方迪儿",
            "content": "回复@jian0349:宣传一下不吃狗肉也是好的。",
            "time": "15-8-20 16:43"
        },
        {
            "comment id": 59,
            "parent": -1,
            "children": [],
            "user id": "1174519811",
            "user name": "冷箭突击队",
            "content": "回复@聪明的小鸡翅:何必这么直接，我说话多么含蓄啊！",
            "time": "15-8-20 16:08"
        },
        {
            "comment id": 60,
            "parent": -1,
            "children": [],
            "user id": "2654375295",
            "user name": "辛奈奈奈特别的",
            "content": "回复@桃子流浪猫领养丶:你自己都不看看原博发博时间的么？搜救犬18号是后来的事了，评论是我当时知道搜救犬并没有来的时候发的，没有给他骗过去，一大群不动脑子的来没来都不知道就在那歌颂，受不了，这一条我也举报过。",
            "time": "15-8-20 15:04"
        },
        {
            "comment id": 61,
            "parent": -1,
            "children": [],
            "user id": "2654375295",
            "user name": "辛奈奈奈特别的",
            "content": "回复@桃子流浪猫领养丶:你能去看看我的微博吗，我那是18号前搜救犬还没有到现场的发出去的辟谣消息。",
            "time": "15-8-20 14:56"
        },
        {
            "comment id": 62,
            "parent": -1,
            "children": [],
            "user id": "1186199784",
            "user name": "一座孤岛丶C",
            "content": "回复@秘药少女不吃饭:新闻里面都出现搜救犬了，你们真的看不到么？？除了气味他们还能听到声音，他们不只是鼻子灵敏而已。",
            "time": "15-8-20 13:25"
        },
        {
            "comment id": 63,
            "parent": -1,
            "children": [],
            "user id": "2744970323",
            "user name": "嵛林",
            "content": "回复@唯有身材和美食不可辜负:弄老彭大姐做头像！",
            "time": "15-8-19 22:33"
        },
        {
            "comment id": 64,
            "parent": -1,
            "children": [],
            "user id": "1214945423",
            "user name": "圣依谷",
            "content": "我从小到达从来不吃 狗肉。因为我喜欢狗狗。那么多家禽 鱼类 为什么要吃 忠诚的狗狗",
            "time": "15-8-19 22:06"
        },
        {
            "comment id": 65,
            "parent": -1,
            "children": [],
            "user id": "1003999353",
            "user name": "DDreameborah",
            "content": "回复@jian0349:你说的有道理 我也被迷惑了",
            "time": "15-8-19 20:35"
        },
        {
            "comment id": 66,
            "parent": -1,
            "children": [],
            "user id": "5381168138",
            "user name": "西安凉皮羊肉汤",
            "content": "回复@天雨若瑟:吃狗肉就是 狗腿子 不然 问问大家吧  爱吃狗肉  会减少寿命吆 啊哈哈",
            "time": "15-8-19 20:15"
        },
        {
            "comment id": 67,
            "parent": -1,
            "children": [],
            "user id": "2150379944",
            "user name": "V西奥多V",
            "content": "本人不吃狗肉 但是人家的风俗习惯爱好口味 你还真心管不了！",
            "time": "15-8-19 19:45"
        },
        {
            "comment id": 68,
            "parent": -1,
            "children": [],
            "user id": "2568119437",
            "user name": "桃杏温白茶",
            "content": "我不反感吃狗肉的，但是我最恶心一边养着洋狗一边吃着土狗还他妈的说土狗就是用来吃的！这种人最恶心！土狗是中华田园犬，咱中国的狗，因为大多数都没地位才变得价格便宜，实际上和国外的洋狗没什么区别，什么叫做土狗就用来吃的，尤其那种人“我自己家也养了哈士奇，可是我吃狗肉，土狗就是用来吃的”",
            "time": "15-8-19 16:21"
        },
        {
            "comment id": 69,
            "parent": -1,
            "children": [],
            "user id": "3904979137",
            "user name": "镜花水月昨夜梦",
            "content": "面对楼下狂吠的狗来说，，我觉得还是早点转世的好",
            "time": "15-8-19 14:39"
        },
        {
            "comment id": 70,
            "parent": -1,
            "children": [],
            "user id": "5556797478",
            "user name": "BLU-82",
            "content": "回复@一人一谶_Mrs:那你是有多矮？？ 😂 😂 😂",
            "time": "15-8-19 13:54"
        },
        {
            "comment id": 71,
            "parent": -1,
            "children": [],
            "user id": "5019994630",
            "user name": "兔兔大妞妞",
            "content": "回复@听说网里有东西:有的人狗都不如",
            "time": "15-8-19 10:46"
        },
        {
            "comment id": 72,
            "parent": -1,
            "children": [],
            "user id": "3970235926",
            "user name": "詹俊的小粉丝",
            "content": "回复@我想吃熊样:嘴巴干净点 别跟吃了屎一样",
            "time": "15-8-19 10:28"
        },
        {
            "comment id": 73,
            "parent": -1,
            "children": [],
            "user id": "5036845325",
            "user name": "菜菜菜CCCCAI",
            "content": "回复@1-Alexander:如果你非要吃狗肉的话，那跟我也没多大关系😒仅是个人观点",
            "time": "15-8-19 10:18"
        },
        {
            "comment id": 74,
            "parent": -1,
            "children": [],
            "user id": "1238408842",
            "user name": "钧寅",
            "content": "以经不吃狗肉很多年了",
            "time": "15-8-19 09:47"
        },
        {
            "comment id": 75,
            "parent": -1,
            "children": [],
            "user id": "2216157675",
            "user name": "小洋洋臭美日常",
            "content": "回复@听说网里有东西:我个人还是坚持爱好动物，爱护狗狗，可能你也会说我做作，我也吃肉，但是就是不希望人们吃狗肉或猴肉啥的，当然这是我个人的，并不是让别人接受我的观点，我很理智，我只是发表意见",
            "time": "15-8-19 09:13"
        },
        {
            "comment id": 76,
            "parent": -1,
            "children": [],
            "user id": "5532693513",
            "user name": "lingling1225329",
            "content": "虚假消息",
            "time": "15-8-19 08:35"
        },
        {
            "comment id": 77,
            "parent": -1,
            "children": [],
            "user id": "3317021644",
            "user name": "hjdhshsjsbsb",
            "content": "回复@刁家小民:配呸呸呸呸",
            "time": "15-8-19 08:29"
        },
        {
            "comment id": 78,
            "parent": -1,
            "children": [],
            "user id": "1909207377",
            "user name": "黄筠婷_hyt",
            "content": "回复@神思SENS:公关都比小姐好呀。鸡婆",
            "time": "15-8-19 08:19"
        },
        {
            "comment id": 79,
            "parent": -1,
            "children": [],
            "user id": "1909207377",
            "user name": "黄筠婷_hyt",
            "content": "回复@神思SENS:管唔住自己的嘴巴仲好意思在这里BB，呸，谁叫你理我了？讲唔过人家就在这里乱骂，泼妇。",
            "time": "15-8-19 08:18"
        }
    ]
}