{
    "source": {
        "content": "视频：谁敢坐广深高铁？广深高铁龙华段地桩竟然没有水泥，袋装石块垒的！为了安全，2013年，羊城晚报报道过，今天发出来，警钟长鸣！！！！ 秒拍视频  ",
        "time": "15-8-21 23:17",
        "user id": "1635386337",
        "tweet id": "CwTZSEIUd",
        "label": 1,
        "theme": "财经商业"
    },
    "comment": [
        {
            "comment id": 0,
            "parent": -1,
            "children": [],
            "user id": "2101903145",
            "user name": "HACCP通报",
            "content": "哎…这方形的水泥结构只是地桩的保护基而已，被雨水冲刷或者地基下沉，和高架桥的安全质量几乎木有关系。真正的地桩应该深入地下几十米…。",
            "time": "15-8-23 11:42"
        },
        {
            "comment id": 1,
            "parent": -1,
            "children": [],
            "user id": "5478409028",
            "user name": "南无本释迦牟尼佛",
            "content": "转发微博",
            "time": "15-8-22 22:21"
        },
        {
            "comment id": 2,
            "parent": -1,
            "children": [],
            "user id": "2252621741",
            "user name": "张原子",
            "content": "//@唠点实磕: //@张原子: //@新闻调查反腐记者张子保: 转发微博",
            "time": "15-8-22 19:46"
        },
        {
            "comment id": 3,
            "parent": -1,
            "children": [],
            "user id": "1741988474",
            "user name": "小厦伢",
            "content": "@CRH380AL动车组 您又得辟谣了，中国人真是不是一个普通的群体……",
            "time": "15-8-22 18:34"
        },
        {
            "comment id": 4,
            "parent": -1,
            "children": [],
            "user id": "3831761980",
            "user name": "周杰伦的唯一女婿",
            "content": "基座建时河床挖太浅，然后浇水泥时防水措施又没做好，水泥油和沙子全漏掉了，只留下了石子，着实危险@观察者网 @央视财经 ",
            "time": "15-8-22 00:40"
        },
        {
            "comment id": 5,
            "parent": -1,
            "children": [],
            "user id": "2471267415",
            "user name": "鹿野樵夫",
            "content": "这个是地下（几十米深）地基桩与地面桩结合部的基座保护层，造成这样的原因多半是浇筑混凝土时底层水泥浆漏掉了只剩下石子。具体有没有危及柱体，应用超声波或射线检测柱体有无裂缝或空腔。",
            "time": "15-8-21 23:50"
        },
        {
            "comment id": 6,
            "parent": -1,
            "children": [],
            "user id": "1914285751",
            "user name": "文章改好了吗",
            "content": "提高些科学素养吧",
            "time": "15-8-21 23:20"
        }
    ]
}