{
    "source": {
        "content": "帮忙转：甘肃庆阳市环县实验小学的学生家长在步行街捡到一个钱包，里面有身份证徐俊峰的，卡10多张，现金1000左右，动车票两张（徐俊峰，徐海腾）车票是明天的。大家帮忙扩散。失主请联系:13930709613，18233717777，急转! ",
        "time": "15-8-30 08:54",
        "user id": "3884247481",
        "tweet id": "Cybcao1Ln",
        "label": 1,
        "theme": "社会生活"
    },
    "comment": [
        {
            "comment id": 0,
            "parent": -1,
            "children": [],
            "user id": "1805703562",
            "user name": "那个0妹妹",
            "content": "刚要转发，居然不属实",
            "time": "15-8-31 09:11"
        },
        {
            "comment id": 1,
            "parent": -1,
            "children": [],
            "user id": "5158552138",
            "user name": "朱懿凡",
            "content": "笑。呵呵。关博了吧，别丢庆阳人脸了。",
            "time": "15-8-31 06:12"
        },
        {
            "comment id": 2,
            "parent": -1,
            "children": [],
            "user id": "5548321305",
            "user name": "zs我狗子",
            "content": "呵",
            "time": "15-8-30 23:51"
        },
        {
            "comment id": 3,
            "parent": -1,
            "children": [],
            "user id": "5180207470",
            "user name": "你也喜欢本田吗",
            "content": "假的，不属实的别乱发了。",
            "time": "15-8-30 16:30"
        },
        {
            "comment id": 4,
            "parent": -1,
            "children": [],
            "user id": "2167684052",
            "user name": "朱小超",
            "content": "假的！",
            "time": "15-8-30 14:43"
        },
        {
            "comment id": 5,
            "parent": -1,
            "children": [],
            "user id": "1352294537",
            "user name": "花生日记APP淘宝省钱神器",
            "content": "这个消息还在传？",
            "time": "15-8-30 14:41"
        },
        {
            "comment id": 6,
            "parent": -1,
            "children": [],
            "user id": "2550505303",
            "user name": "靠左3号床",
            "content": "亲，这种查实不了的消息你也发？",
            "time": "15-8-30 11:58"
        },
        {
            "comment id": 7,
            "parent": -1,
            "children": [],
            "user id": "3161393081",
            "user name": "华山杨震",
            "content": "假消息，在我们这儿也有此条消息，地址不同而已",
            "time": "15-8-30 09:25"
        }
    ]
}