{
    "source": {
        "content": "#安倍晋三辞职# 日本首相安倍晋三宣布辞职！鬼子投降了 ！ 更多进展请关注 @爱心公益  网页链接 ",
        "time": "15-9-2 07:02",
        "user id": "1110087244",
        "tweet id": "CyCKb7BLc",
        "label": 1,
        "theme": "政治"
    },
    "comment": [
        {
            "comment id": 0,
            "parent": -1,
            "children": [],
            "user id": "1110087244",
            "user name": "爱心公益",
            "content": "大家别再转发了 ，这条微博我也是转发别人了，目前正在和新浪微博客服沟通解决并删掉。",
            "time": "15-9-4 18:20"
        },
        {
            "comment id": 1,
            "parent": -1,
            "children": [],
            "user id": "5132941575",
            "user name": "忘川泪-眼",
            "content": "回复@爱心公益:好的",
            "time": "15-9-4 16:52"
        },
        {
            "comment id": 2,
            "parent": -1,
            "children": [],
            "user id": "1937335405",
            "user name": "Wheat_JourneY",
            "content": "为了点转发访问量也是不要脸了",
            "time": "15-9-4 07:55"
        },
        {
            "comment id": 3,
            "parent": -1,
            "children": [],
            "user id": "2300132435",
            "user name": "ARIAZERO",
            "content": "在这种一眼了解中国的强大后看到安培这样的新闻真是好开心",
            "time": "15-9-4 01:51"
        },
        {
            "comment id": 4,
            "parent": -1,
            "children": [],
            "user id": "2505821380",
            "user name": "哇啊呀诶呦喂",
            "content": "作为一个公众号，这样散播谣言是很愚蠢的好么。。。",
            "time": "15-9-4 01:40"
        },
        {
            "comment id": 5,
            "parent": -1,
            "children": [],
            "user id": "2238867522",
            "user name": "PacinoW",
            "content": "其实我挺希望这是真的",
            "time": "15-9-4 00:23"
        },
        {
            "comment id": 6,
            "parent": -1,
            "children": [],
            "user id": "1281793123",
            "user name": "美环花花",
            "content": "回复@爱心公益:你们加v的这么随便就转发微博吗？？？转发之前不动脑子吗？？",
            "time": "15-9-4 00:00"
        },
        {
            "comment id": 7,
            "parent": -1,
            "children": [],
            "user id": "2423588554",
            "user name": "核桃粉碎者_colin",
            "content": "又一个造谣的！",
            "time": "15-9-3 23:35"
        },
        {
            "comment id": 8,
            "parent": -1,
            "children": [],
            "user id": "3987937526",
            "user name": "Eine_weile",
            "content": "安倍晋三下台是假的！请删微博！不造传播虚假信息误导群众！",
            "time": "15-9-3 22:57"
        },
        {
            "comment id": 9,
            "parent": -1,
            "children": [],
            "user id": "1110087244",
            "user name": "爱心公益",
            "content": "大家别再转发了 ，这条微博我也是转发别人了，目前正在和新浪微博客服沟通解决删掉",
            "time": "15-9-3 21:54"
        },
        {
            "comment id": 10,
            "parent": -1,
            "children": [],
            "user id": "5118744183",
            "user name": "碧海蓝天是我老婆",
            "content": "哈哈",
            "time": "15-9-3 17:50"
        },
        {
            "comment id": 11,
            "parent": -1,
            "children": [],
            "user id": "3996171216",
            "user name": "吃素的清轩",
            "content": "你这自己能把自己高潮的人",
            "time": "15-9-3 14:56"
        },
        {
            "comment id": 12,
            "parent": -1,
            "children": [],
            "user id": "1761735151",
            "user name": "Amloenxai",
            "content": "真辞啦？[贊啊][贊啊][贊啊]",
            "time": "15-9-3 14:33"
        },
        {
            "comment id": 13,
            "parent": -1,
            "children": [],
            "user id": "2708770185",
            "user name": "Mr-Coldplayer",
            "content": "安倍弯人辞职。安倍下一弯人宣布钓鱼岛是中国的",
            "time": "15-9-3 14:25"
        },
        {
            "comment id": 14,
            "parent": -1,
            "children": [],
            "user id": "3894829195",
            "user name": "Hello你seiO_o",
            "content": "官博怎么都这样@中国周刊",
            "time": "15-9-3 14:13"
        },
        {
            "comment id": 15,
            "parent": -1,
            "children": [],
            "user id": "5134361740",
            "user name": "初八漓江上",
            "content": "已截图",
            "time": "15-9-3 14:08"
        },
        {
            "comment id": 16,
            "parent": -1,
            "children": [],
            "user id": "5273308087",
            "user name": "草莓nine酪",
            "content": "帮过500",
            "time": "15-9-3 14:08"
        },
        {
            "comment id": 17,
            "parent": -1,
            "children": [],
            "user id": "2142760000",
            "user name": "2020hideonbush",
            "content": "→_→",
            "time": "15-9-3 14:06"
        },
        {
            "comment id": 18,
            "parent": -1,
            "children": [],
            "user id": "1966459297",
            "user name": "想不到改啥名就这个吧那就",
            "content": "帮个忙 不谢",
            "time": "15-9-3 14:02"
        },
        {
            "comment id": 19,
            "parent": -1,
            "children": [],
            "user id": "2325019883",
            "user name": "甲基丙烯酸羟乙酯HEMA",
            "content": "来来来过500了啊",
            "time": "15-9-3 14:01"
        },
        {
            "comment id": 20,
            "parent": -1,
            "children": [],
            "user id": "2012644213",
            "user name": "亦小文",
            "content": "凑五百，你就惨了",
            "time": "15-9-3 14:00"
        },
        {
            "comment id": 21,
            "parent": -1,
            "children": [],
            "user id": "5609397514",
            "user name": "替代我",
            "content": "帮你过五百？",
            "time": "15-9-3 13:49"
        },
        {
            "comment id": 22,
            "parent": -1,
            "children": [],
            "user id": "3906258650",
            "user name": "董-其明",
            "content": "帮你过五百？？？",
            "time": "15-9-3 13:42"
        },
        {
            "comment id": 23,
            "parent": -1,
            "children": [],
            "user id": "5561027267",
            "user name": "-多摩川",
            "content": "造谣狗",
            "time": "15-9-3 13:35"
        },
        {
            "comment id": 24,
            "parent": -1,
            "children": [],
            "user id": "2607185327",
            "user name": "把你急坏了吧",
            "content": "帮你凑个五百？",
            "time": "15-9-3 13:25"
        },
        {
            "comment id": 25,
            "parent": -1,
            "children": [],
            "user id": "1951651913",
            "user name": "ChaL_kkkkk",
            "content": "帮你过五百吧",
            "time": "15-9-3 13:17"
        },
        {
            "comment id": 26,
            "parent": -1,
            "children": [],
            "user id": "5558444526",
            "user name": "小姑娘你没事儿吧",
            "content": "违反了《治安管理处罚法》 “散布谣言，谎报险情、疫情、警情或者以其他方法故意扰乱公共秩序的，处五日以上十日以下拘留，可以并处五百元以下罚款。”",
            "time": "15-9-3 13:16"
        },
        {
            "comment id": 27,
            "parent": -1,
            "children": [],
            "user id": "3316102081",
            "user name": "干物妹小叽",
            "content": "能帮它凑个五百转发么现在的官博都流行传播虚假消息么",
            "time": "15-9-3 13:11"
        },
        {
            "comment id": 28,
            "parent": -1,
            "children": [],
            "user id": "2314535874",
            "user name": "汉堡夹牛排",
            "content": "假的不行",
            "time": "15-9-3 12:06"
        },
        {
            "comment id": 29,
            "parent": -1,
            "children": [],
            "user id": "2426038484",
            "user name": "月泠中",
            "content": "…坐等真相",
            "time": "15-9-3 11:54"
        },
        {
            "comment id": 30,
            "parent": -1,
            "children": [],
            "user id": "1320713715",
            "user name": "聊天栏已屏蔽",
            "content": "谣言婊",
            "time": "15-9-3 11:41"
        },
        {
            "comment id": 31,
            "parent": -1,
            "children": [],
            "user id": "2492947581",
            "user name": "紫烟IA",
            "content": "下一任还没选，直接就辞了？",
            "time": "15-9-3 10:55"
        }
    ]
}