{
    "source": {
        "content": "#清远身边事#【南门街：伤母抢孩童事件传得人惶惶！！！恳请官媒还原真相】从前日起，朋友圈就开始疯传一则消息：“南门街抢小孩没抢走，把孩子母亲捅了一刀，看见这车的注意了，真事，车牌号冀D S6005”！如今该消息在口口相传，搞得人心惶惶！！！！希望官媒尽快还原事实真相，平息民众的忧虑。 ",
        "time": "15-10-28 11:00",
        "user id": "1863649795",
        "tweet id": "D1cM3pBTz",
        "label": 1,
        "theme": "社会生活"
    },
    "comment": [
        {
            "comment id": 0,
            "parent": -1,
            "children": [],
            "user id": "5657403904",
            "user name": "佛山网警巡查执法",
            "content": "佛山网警提醒您：网络有风险，转发需谨慎！ 网络不是法外之地，切勿随意散布传播未经证实、可能造成群众恐慌的消息，不传谣、不信谣、不造谣！",
            "time": "16-5-4 15:53"
        },
        {
            "comment id": 1,
            "parent": -1,
            "children": [],
            "user id": "2298354433",
            "user name": "嚴照川",
            "content": "6月份就查清了→_→只是不知谁又给发出来了",
            "time": "15-10-30 01:34"
        },
        {
            "comment id": 2,
            "parent": -1,
            "children": [],
            "user id": "2298354433",
            "user name": "嚴照川",
            "content": "回复@花泥nxNnb:假的 ",
            "time": "15-10-30 01:33"
        },
        {
            "comment id": 3,
            "parent": -1,
            "children": [],
            "user id": "3078948467",
            "user name": "淡然冷色丶",
            "content": "到底是不是真的，能还原事情的真相吗，别让我们都在害怕啊！",
            "time": "15-10-29 10:53"
        },
        {
            "comment id": 4,
            "parent": -1,
            "children": [],
            "user id": "5310441868",
            "user name": "我的安之若素",
            "content": "在惠东的同学群上传了一条一模一样，就换了地名！现在的网络谣言满天飞吖！",
            "time": "15-10-28 22:29"
        },
        {
            "comment id": 5,
            "parent": -1,
            "children": [],
            "user id": "3114118273",
            "user name": "Minky_me",
            "content": "越来越多丧心病狂的人了，这世界是怎么了？",
            "time": "15-10-28 17:33"
        },
        {
            "comment id": 6,
            "parent": -1,
            "children": [],
            "user id": "5660481833",
            "user name": "HonYu丶",
            "content": "唔多信得过",
            "time": "15-10-28 17:28"
        },
        {
            "comment id": 7,
            "parent": -1,
            "children": [],
            "user id": "2720758955",
            "user name": "雨夜遐想2009",
            "content": "一定是假的，我查过了，这两台车在清远根本就没有出行记录。",
            "time": "15-10-28 17:11"
        },
        {
            "comment id": 8,
            "parent": -1,
            "children": [],
            "user id": "3179914944",
            "user name": "文醒宇",
            "content": "抓起来",
            "time": "15-10-28 15:32"
        },
        {
            "comment id": 9,
            "parent": -1,
            "children": [],
            "user id": "2153968802",
            "user name": "Lu露_SHMILY",
            "content": "好恐怖咯，",
            "time": "15-10-28 14:03"
        },
        {
            "comment id": 10,
            "parent": -1,
            "children": [],
            "user id": "2162315271",
            "user name": "小小猫仔",
            "content": "做乜变成南门街，晕死！应该系龙塘啲南门",
            "time": "15-10-28 13:32"
        },
        {
            "comment id": 11,
            "parent": -1,
            "children": [],
            "user id": "1891294565",
            "user name": "vivi_yaos",
            "content": "以讹传讹",
            "time": "15-10-28 11:18"
        },
        {
            "comment id": 12,
            "parent": -1,
            "children": [],
            "user id": "2658862824",
            "user name": "大脸射手座",
            "content": "真5真啊？？！",
            "time": "15-10-28 11:16"
        },
        {
            "comment id": 13,
            "parent": -1,
            "children": [],
            "user id": "3296693243",
            "user name": "捏么拍立得8",
            "content": "@平安清远 ",
            "time": "15-10-28 11:04"
        }
    ]
}