{
    "source": {
        "content": "哈哈哈哈屎上最牛的车辆违 法罚 单 ！！ 开！！车！！挖！！鼻！！子！！！哈哈哈哈哈哈哈哈司机师傅你是咋挖的居然挖违 法了 ",
        "time": "15-10-28 14:06",
        "user id": "3199463904",
        "tweet id": "D1dZDm9m1",
        "label": 1,
        "theme": "社会生活"
    },
    "comment": [
        {
            "comment id": 0,
            "parent": -1,
            "children": [],
            "user id": "2298361467",
            "user name": "JC小确幸",
            "content": "@Joeyee",
            "time": "15-11-3 11:13"
        },
        {
            "comment id": 1,
            "parent": -1,
            "children": [],
            "user id": "1706774137",
            "user name": "一只一米五的日常",
            "content": "66666",
            "time": "15-10-31 09:19"
        },
        {
            "comment id": 2,
            "parent": -1,
            "children": [],
            "user id": "1762610752",
            "user name": "大海邊_小漁村fisherman",
            "content": "",
            "time": "15-10-30 07:58"
        },
        {
            "comment id": 3,
            "parent": -1,
            "children": [],
            "user id": "5577787892",
            "user name": "fly雷先森",
            "content": "回复@一大波蛇精病:刚甩掉",
            "time": "15-10-30 00:27"
        },
        {
            "comment id": 4,
            "parent": -1,
            "children": [],
            "user id": "5577787892",
            "user name": "fly雷先森",
            "content": "回复@一大波蛇精病:操，早说啊！",
            "time": "15-10-30 00:27"
        },
        {
            "comment id": 5,
            "parent": -1,
            "children": [],
            "user id": "3121341470",
            "user name": "G1oTto",
            "content": "回复@Tomberamoureux:",
            "time": "15-10-29 18:35"
        },
        {
            "comment id": 6,
            "parent": -1,
            "children": [],
            "user id": "2039080087",
            "user name": "大头啄",
            "content": "回复@楊小矇:最喜欢呢",
            "time": "15-10-29 18:22"
        },
        {
            "comment id": 7,
            "parent": -1,
            "children": [],
            "user id": "2144373694",
            "user name": "__Miizu",
            "content": "回复@__Leona:哈哈哈哈",
            "time": "15-10-29 17:01"
        },
        {
            "comment id": 8,
            "parent": -1,
            "children": [],
            "user id": "2295511664",
            "user name": "SHN48-小栗旬",
            "content": "回复@胡海钰:评论都说是假的的还笑毛不过，哈哈哈哈哈哈哈哈哈哈哈哈",
            "time": "15-10-29 11:29"
        },
        {
            "comment id": 9,
            "parent": -1,
            "children": [],
            "user id": "2883172385",
            "user name": "陈富贵儿的小发财",
            "content": "回复@不二是超人:你自己跟他说",
            "time": "15-10-29 10:53"
        },
        {
            "comment id": 10,
            "parent": -1,
            "children": [],
            "user id": "2613104315",
            "user name": "是大胖虎",
            "content": "哈哈哈哈哈哈哈@马仲杨",
            "time": "15-10-29 10:41"
        },
        {
            "comment id": 11,
            "parent": -1,
            "children": [],
            "user id": "2110532722",
            "user name": "CY我本人",
            "content": "回复@特立独行王胖子:没事，在别人眼里这叫“打情骂俏”",
            "time": "15-10-29 08:36"
        },
        {
            "comment id": 12,
            "parent": -1,
            "children": [],
            "user id": "2099553457",
            "user name": "不懂文化的文化人不是条好咸鱼",
            "content": "回复@CY我本人:人在做。天在看！说不定就有好有看到了！",
            "time": "15-10-29 08:34"
        },
        {
            "comment id": 13,
            "parent": -1,
            "children": [],
            "user id": "2110532722",
            "user name": "CY我本人",
            "content": "回复@特立独行王胖子:反正评论里，认识的人又看不到",
            "time": "15-10-29 08:33"
        },
        {
            "comment id": 14,
            "parent": -1,
            "children": [],
            "user id": "2099553457",
            "user name": "不懂文化的文化人不是条好咸鱼",
            "content": "回复@CY我本人:居然还说出来！",
            "time": "15-10-29 08:33"
        },
        {
            "comment id": 15,
            "parent": -1,
            "children": [],
            "user id": "1926779002",
            "user name": "Sayu萌萌小果酱",
            "content": "哈哈哈哈！开车挖鼻子！哈哈哈！肯定是电子警察察觉到车主的恶意了！",
            "time": "15-10-29 08:21"
        },
        {
            "comment id": 16,
            "parent": -1,
            "children": [],
            "user id": "1825013985",
            "user name": "不给叫大神",
            "content": "@fly雷先森 开车不要乱挖鼻屎啊😂😂😂",
            "time": "15-10-29 00:22"
        },
        {
            "comment id": 17,
            "parent": -1,
            "children": [],
            "user id": "2110532722",
            "user name": "CY我本人",
            "content": "@特立独行王胖子   以后不在摄像头那里揪你耳朵啦，怕你接罚单😂",
            "time": "15-10-29 00:18"
        },
        {
            "comment id": 18,
            "parent": -1,
            "children": [],
            "user id": "2236579371",
            "user name": "南门学童",
            "content": "吓得俺赶紧把手指从鼻孔抽出来",
            "time": "15-10-28 23:54"
        },
        {
            "comment id": 19,
            "parent": -1,
            "children": [],
            "user id": "1860568354",
            "user name": "玉米要吃糖",
            "content": "回复@_快到锅里来:让蛋蛋长点心吧",
            "time": "15-10-28 23:42"
        },
        {
            "comment id": 20,
            "parent": -1,
            "children": [],
            "user id": "2883172385",
            "user name": "陈富贵儿的小发财",
            "content": "回复@不二是超人:哈哈哈哈哈哈哈哈哈",
            "time": "15-10-28 23:41"
        },
        {
            "comment id": 21,
            "parent": -1,
            "children": [],
            "user id": "2503258683",
            "user name": "任玉_Marie",
            "content": "回复@Effy陈娟:卧槽、这个都抓",
            "time": "15-10-28 22:25"
        },
        {
            "comment id": 22,
            "parent": -1,
            "children": [],
            "user id": "1780690050",
            "user name": "Pinkxyl",
            "content": "@凸回凸",
            "time": "15-10-28 21:31"
        },
        {
            "comment id": 23,
            "parent": -1,
            "children": [],
            "user id": "2460346157",
            "user name": "草莓丽纱",
            "content": "@陈蝌蚪ckr",
            "time": "15-10-28 21:17"
        },
        {
            "comment id": 24,
            "parent": -1,
            "children": [],
            "user id": "3198083652",
            "user name": "四月的羊驼",
            "content": "回复@胡紫薇Vivid:",
            "time": "15-10-28 21:02"
        },
        {
            "comment id": 25,
            "parent": -1,
            "children": [],
            "user id": "3535261764",
            "user name": "IAMHYYYY",
            "content": "回复@农夫山泉点点酸:",
            "time": "15-10-28 20:54"
        },
        {
            "comment id": 26,
            "parent": -1,
            "children": [],
            "user id": "2643945967",
            "user name": "當愛過后才知道珍惜",
            "content": "回复@这个宝宝有点儿萌:一看就是假的，这个不可能",
            "time": "15-10-28 20:46"
        },
        {
            "comment id": 27,
            "parent": -1,
            "children": [],
            "user id": "1727559220",
            "user name": "__桃丝小熊丶",
            "content": "回复@Remote_her:哇你还有这习惯！",
            "time": "15-10-28 20:30"
        },
        {
            "comment id": 28,
            "parent": -1,
            "children": [],
            "user id": "5726990562",
            "user name": "Moons_牧之",
            "content": "回复@__桃丝小熊丶:hahaha，这个，看来下次得小心些，",
            "time": "15-10-28 20:15"
        },
        {
            "comment id": 29,
            "parent": -1,
            "children": [],
            "user id": "1855763111",
            "user name": "莱茵鬼娃娃",
            "content": "@非别家养小路易 [震惊]",
            "time": "15-10-28 20:13"
        },
        {
            "comment id": 30,
            "parent": -1,
            "children": [],
            "user id": "1727559220",
            "user name": "__桃丝小熊丶",
            "content": "@Remote_her 哈哈哈哈哈哈哈",
            "time": "15-10-28 20:06"
        },
        {
            "comment id": 31,
            "parent": -1,
            "children": [],
            "user id": "3981912900",
            "user name": "Waitingsmile13",
            "content": "回复@Super_Annie_:你的喵好像对他的窝不感兴趣",
            "time": "15-10-28 19:55"
        },
        {
            "comment id": 32,
            "parent": -1,
            "children": [],
            "user id": "3981912900",
            "user name": "Waitingsmile13",
            "content": "回复@Super_Annie_:这是逼死开车人呢",
            "time": "15-10-28 19:55"
        },
        {
            "comment id": 33,
            "parent": -1,
            "children": [],
            "user id": "1752836805",
            "user name": "Erika-Ccc",
            "content": "回复@苏敏斯:辟谣了 是假的 你在副驾驶位不要抠脚",
            "time": "15-10-28 19:32"
        },
        {
            "comment id": 34,
            "parent": -1,
            "children": [],
            "user id": "2522530145",
            "user name": "RedEnzo",
            "content": "哈哈哈@婷酱yo",
            "time": "15-10-28 19:31"
        },
        {
            "comment id": 35,
            "parent": -1,
            "children": [],
            "user id": "5233620865",
            "user name": "蓂悕",
            "content": "谣言转发过500了，博主当心点。",
            "time": "15-10-28 19:29"
        },
        {
            "comment id": 36,
            "parent": -1,
            "children": [],
            "user id": "3064061343",
            "user name": "行走的破产辣妹",
            "content": "@當愛過后才知道珍惜",
            "time": "15-10-28 19:14"
        },
        {
            "comment id": 37,
            "parent": -1,
            "children": [],
            "user id": "2263509282",
            "user name": "Tomberamoureux",
            "content": "@G1oTto 哈哈哈！",
            "time": "15-10-28 18:59"
        },
        {
            "comment id": 38,
            "parent": -1,
            "children": [],
            "user id": "1565265793",
            "user name": "moonciao",
            "content": "回复@小小酥sue:",
            "time": "15-10-28 18:56"
        },
        {
            "comment id": 39,
            "parent": -1,
            "children": [],
            "user id": "2052395843",
            "user name": "佩枪朱莉",
            "content": "@吃饭睡觉打坛坛",
            "time": "15-10-28 18:55"
        },
        {
            "comment id": 40,
            "parent": -1,
            "children": [],
            "user id": "2984233264",
            "user name": "款鸡涌的小顺毛",
            "content": "回复@Better钱嘉丽:你哟",
            "time": "15-10-28 18:44"
        },
        {
            "comment id": 41,
            "parent": -1,
            "children": [],
            "user id": "2708287037",
            "user name": "梦舞清愁愁悠悠",
            "content": "回复@那你会开花吗:哈哈哈哈这都不让",
            "time": "15-10-28 18:41"
        },
        {
            "comment id": 42,
            "parent": -1,
            "children": [],
            "user id": "2531693850",
            "user name": "俞隽儒",
            "content": "回复@小月月中二病yyy:哈哈哈",
            "time": "15-10-28 18:39"
        },
        {
            "comment id": 43,
            "parent": -1,
            "children": [],
            "user id": "2187954694",
            "user name": "那你会开花吗",
            "content": "@梦舞清愁愁悠悠",
            "time": "15-10-28 18:35"
        },
        {
            "comment id": 44,
            "parent": -1,
            "children": [],
            "user id": "2731523597",
            "user name": "阳太阳太阳大阳",
            "content": "回复@Achzro:哈哈哈哈哈",
            "time": "15-10-28 18:32"
        },
        {
            "comment id": 45,
            "parent": -1,
            "children": [],
            "user id": "2369449827",
            "user name": "汪小小小百",
            "content": "回复@Achzro:交警看那么仔细",
            "time": "15-10-28 18:24"
        },
        {
            "comment id": 46,
            "parent": -1,
            "children": [],
            "user id": "3631828593",
            "user name": "水野桃子",
            "content": "@毛毛谨 @卷欧巴-",
            "time": "15-10-28 18:06"
        },
        {
            "comment id": 47,
            "parent": -1,
            "children": [],
            "user id": "1856151427",
            "user name": "帝都帝王",
            "content": "回复@两颗白兔糖:哈哈😄",
            "time": "15-10-28 17:57"
        },
        {
            "comment id": 48,
            "parent": -1,
            "children": [],
            "user id": "1856151427",
            "user name": "帝都帝王",
            "content": "回复@两颗白兔糖:",
            "time": "15-10-28 17:57"
        },
        {
            "comment id": 49,
            "parent": -1,
            "children": [],
            "user id": "1769268237",
            "user name": "两颗白兔糖",
            "content": "回复@帝都帝王:图片评论 ",
            "time": "15-10-28 17:56"
        },
        {
            "comment id": 50,
            "parent": -1,
            "children": [],
            "user id": "1856151427",
            "user name": "帝都帝王",
            "content": "回复@两颗白兔糖:你那个狗头表情在哪里",
            "time": "15-10-28 17:56"
        },
        {
            "comment id": 51,
            "parent": -1,
            "children": [],
            "user id": "2832881130",
            "user name": "壹方law",
            "content": "估计罚款交警是处女座，实在看不惯，必须罚一单。@Cony_wen",
            "time": "15-10-28 17:55"
        },
        {
            "comment id": 52,
            "parent": -1,
            "children": [],
            "user id": "1889780601",
            "user name": "兔大王诶",
            "content": "@小坚强其实不坚强 @昭_小沐 😂",
            "time": "15-10-28 17:50"
        },
        {
            "comment id": 53,
            "parent": -1,
            "children": [],
            "user id": "2271918590",
            "user name": "一只狗飞",
            "content": "回复@农夫山泉点点酸:哈哈哈哈哈哎你也真是懒噢",
            "time": "15-10-28 17:50"
        },
        {
            "comment id": 54,
            "parent": -1,
            "children": [],
            "user id": "2464794881",
            "user name": "Reviewmumu",
            "content": "@纠结拐带扭曲",
            "time": "15-10-28 17:48"
        },
        {
            "comment id": 55,
            "parent": -1,
            "children": [],
            "user id": "1680245352",
            "user name": "想要向上",
            "content": "@AABIGBANGBI @阳太阳太阳大阳 @想换名字的朋小啊 不要挖了",
            "time": "15-10-28 17:47"
        },
        {
            "comment id": 56,
            "parent": -1,
            "children": [],
            "user id": "1845832855",
            "user name": "肉肉的妈妈是仙女",
            "content": "@橙子的小逗比-",
            "time": "15-10-28 17:47"
        },
        {
            "comment id": 57,
            "parent": -1,
            "children": [],
            "user id": "2139767230",
            "user name": "我只吃一口鱼丸哟",
            "content": "@-故梦里 😂😂😂😂哎哟喂 前一个还没笑完 哈哈哈哈哈哈哈哈哈哈哈哈哈哈哈",
            "time": "15-10-28 17:43"
        },
        {
            "comment id": 58,
            "parent": -1,
            "children": [],
            "user id": "1751226755",
            "user name": "蔡小云xoxo",
            "content": "开车窗挖了隔壁车司机的鼻子？",
            "time": "15-10-28 17:41"
        },
        {
            "comment id": 59,
            "parent": -1,
            "children": [],
            "user id": "5329703101",
            "user name": "beibei贝贝1213",
            "content": "图片评论 网页链接",
            "time": "15-10-28 17:39"
        },
        {
            "comment id": 60,
            "parent": -1,
            "children": [],
            "user id": "5329703101",
            "user name": "beibei贝贝1213",
            "content": "假的，已举报，不谢 网页链接",
            "time": "15-10-28 17:35"
        },
        {
            "comment id": 61,
            "parent": -1,
            "children": [],
            "user id": "5355974634",
            "user name": "YYYYYYY丶Q",
            "content": "我开车拿纸抽擦鼻涕还在长安街上被抓现行过...",
            "time": "15-10-28 17:35"
        },
        {
            "comment id": 62,
            "parent": -1,
            "children": [],
            "user id": "2667362283",
            "user name": "aairm",
            "content": "回复@tszkiCHAN:哈哈哈 我就是要挖[淚][愛你]",
            "time": "15-10-28 17:33"
        },
        {
            "comment id": 63,
            "parent": -1,
            "children": [],
            "user id": "2554060471",
            "user name": "小月月中二病",
            "content": "@俞隽儒",
            "time": "15-10-28 17:31"
        },
        {
            "comment id": 64,
            "parent": -1,
            "children": [],
            "user id": "1939246021",
            "user name": "-百利恬",
            "content": "@六土大仙 @听说你们都没有备注我名字 笑炸了哈哈哈哈",
            "time": "15-10-28 17:29"
        },
        {
            "comment id": 65,
            "parent": -1,
            "children": [],
            "user id": "2142254337",
            "user name": "__Leona",
            "content": "@__Miizu",
            "time": "15-10-28 17:28"
        },
        {
            "comment id": 66,
            "parent": -1,
            "children": [],
            "user id": "3959311211",
            "user name": "李屿之",
            "content": "@稚莺少女",
            "time": "15-10-28 17:26"
        },
        {
            "comment id": 67,
            "parent": -1,
            "children": [],
            "user id": "2924788375",
            "user name": "带我去吃饭饭嘛",
            "content": "@是你的笑笑呀i",
            "time": "15-10-28 17:25"
        },
        {
            "comment id": 68,
            "parent": -1,
            "children": [],
            "user id": "2272304031",
            "user name": "格格_xx",
            "content": "@卷土重来的色彩",
            "time": "15-10-28 17:22"
        },
        {
            "comment id": 69,
            "parent": -1,
            "children": [],
            "user id": "1677863385",
            "user name": "划水的星垂哥哥",
            "content": "假消息，已举报，不谢",
            "time": "15-10-28 17:12"
        },
        {
            "comment id": 70,
            "parent": -1,
            "children": [],
            "user id": "3171137743",
            "user name": "-刘程鹏",
            "content": "回复@羅中銳是理智科蜜也是EF:我经常干…",
            "time": "15-10-28 17:11"
        },
        {
            "comment id": 71,
            "parent": -1,
            "children": [],
            "user id": "3612918513",
            "user name": "二木啊___",
            "content": "@天涯春日",
            "time": "15-10-28 17:10"
        },
        {
            "comment id": 72,
            "parent": -1,
            "children": [],
            "user id": "1099719105",
            "user name": "高维李斯特",
            "content": "回复@肉滚子呀:我用舔的",
            "time": "15-10-28 17:06"
        },
        {
            "comment id": 73,
            "parent": -1,
            "children": [],
            "user id": "2607072901",
            "user name": "TOO_SOUR",
            "content": "@waterman_lei",
            "time": "15-10-28 17:03"
        },
        {
            "comment id": 74,
            "parent": -1,
            "children": [],
            "user id": "1710814481",
            "user name": "Summer_歪",
            "content": "@譚先森是我 以后开车要注意了，哈哈哈哈哈",
            "time": "15-10-28 17:01"
        },
        {
            "comment id": 75,
            "parent": -1,
            "children": [],
            "user id": "3130295795",
            "user name": "RoroZ_",
            "content": "可能是两手食指一手挖一个孔吧☝️☝️",
            "time": "15-10-28 16:58"
        },
        {
            "comment id": 76,
            "parent": -1,
            "children": [],
            "user id": "1733488212",
            "user name": "綿羊君CC",
            "content": "@君亦是只鹅",
            "time": "15-10-28 16:56"
        },
        {
            "comment id": 77,
            "parent": -1,
            "children": [],
            "user id": "1794165504",
            "user name": "美_少女战士",
            "content": "回复@明哥的一亩三分田:哈哈哈哈，不文明驾驶吗",
            "time": "15-10-28 16:52"
        },
        {
            "comment id": 78,
            "parent": -1,
            "children": [],
            "user id": "1719340383",
            "user name": "SuikaTsui",
            "content": "@Isea新娘造型-化妆师Kbetka 哈哈哈哈哈哈哈哈哈@化妆师CHACHA",
            "time": "15-10-28 16:52"
        },
        {
            "comment id": 79,
            "parent": -1,
            "children": [],
            "user id": "1838902142",
            "user name": "加勒比海带丝儿_",
            "content": " @_赵彬_",
            "time": "15-10-28 16:49"
        }
    ]
}