{
    "source": {
        "content": "小斗士：这是发生在安徽省太和县一起强拆残案，黑社会打死了一家七口，当地政府己封锁了消息，希望有良知的国人把他转出去。  ",
        "time": "15-10-28 15:03",
        "user id": "1765319864",
        "tweet id": "D1emMy3dS",
        "label": 1,
        "theme": "社会生活"
    },
    "comment": [
        {
            "comment id": 0,
            "parent": -1,
            "children": [],
            "user id": "1765319864",
            "user name": "银杏园林李刚",
            "content": "回复@毛毛虫amm:我错了",
            "time": "15-10-31 06:47"
        },
        {
            "comment id": 1,
            "parent": -1,
            "children": [],
            "user id": "1765319864",
            "user name": "银杏园林李刚",
            "content": "回复@大话-人生:我也是受害者",
            "time": "15-10-31 06:47"
        },
        {
            "comment id": 2,
            "parent": -1,
            "children": [],
            "user id": "1765319864",
            "user name": "银杏园林李刚",
            "content": "回复@颜正璐啊:不好意思 是假的",
            "time": "15-10-31 06:47"
        },
        {
            "comment id": 3,
            "parent": -1,
            "children": [],
            "user id": "5613738337",
            "user name": "Yanzhenglu璐儿",
            "content": "到底是假消息还是？",
            "time": "15-10-28 17:21"
        },
        {
            "comment id": 4,
            "parent": -1,
            "children": [],
            "user id": "2129771227",
            "user name": "大话-人生",
            "content": "@大话-人生：网页链接等着进监狱吧，传播假消息，我转发。",
            "time": "15-10-28 17:05"
        },
        {
            "comment id": 5,
            "parent": -1,
            "children": [],
            "user id": "5145471485",
            "user name": "毛毛虫amm",
            "content": "这是发生河南烧香三轮车撞墙翻车事故 假消息",
            "time": "15-10-28 15:42"
        }
    ]
}