{
    "source": {
        "content": "【求证实】11月13日下午4点多左右，QQ行了一次QQ群付费入群功能的内部技术测试。之前2015腾讯全球合作伙伴大会上腾讯公司副总裁殷宇表示将开放QQ群支付结算功能，可让群主设置入群门槛，会员缴费入群或按月缴纳“会费”，群主获取收入后，以更多的热情对群进行管理，这个市场潜力是非常巨大的@龚文祥 ",
        "time": "15-11-16 10:13",
        "user id": "1181241831",
        "tweet id": "D45At6IsH",
        "label": 2,
        "theme": "科技"
    },
    "comment": [
        {
            "comment id": 0,
            "parent": -1,
            "children": [],
            "user id": "2447091304",
            "user name": "郑钱花吧",
            "content": "一大波黄群裸聊群即将崛起",
            "time": "15-11-29 11:10"
        },
        {
            "comment id": 1,
            "parent": -1,
            "children": [],
            "user id": "1225766004",
            "user name": "厦门电商-阿峰",
            "content": "回复@襄阳烈哥:恩，是滴！",
            "time": "15-11-16 14:12"
        },
        {
            "comment id": 2,
            "parent": -1,
            "children": [],
            "user id": "1181241831",
            "user name": "襄阳烈哥",
            "content": "回复@我就是那个阿峰:希望是真的",
            "time": "15-11-16 11:45"
        },
        {
            "comment id": 3,
            "parent": -1,
            "children": [],
            "user id": "2013949387",
            "user name": "帝企鹅代表",
            "content": "回复@襄阳烈哥:微信可以转账给群主。不过管理确实麻烦，我100以后得群主一个一个的拉。",
            "time": "15-11-16 11:42"
        },
        {
            "comment id": 4,
            "parent": -1,
            "children": [],
            "user id": "1181241831",
            "user name": "襄阳烈哥",
            "content": "回复@王金伟2046:微信群现在不能，而且它的管理更难，一百人以内都能扫二维码进群",
            "time": "15-11-16 11:40"
        },
        {
            "comment id": 5,
            "parent": -1,
            "children": [],
            "user id": "1181241831",
            "user name": "襄阳烈哥",
            "content": "回复@威海和信:这样可以筛选为价值买单的用户进群！",
            "time": "15-11-16 11:39"
        },
        {
            "comment id": 6,
            "parent": -1,
            "children": [],
            "user id": "2013949387",
            "user name": "帝企鹅代表",
            "content": "微信群早已实现了，QQ有点落伍了",
            "time": "15-11-16 11:33"
        },
        {
            "comment id": 7,
            "parent": -1,
            "children": [],
            "user id": "2489604807",
            "user name": "我打软件",
            "content": "至少可以屏蔽垃圾用户！",
            "time": "15-11-16 10:54"
        },
        {
            "comment id": 8,
            "parent": -1,
            "children": [],
            "user id": "1225766004",
            "user name": "厦门电商-阿峰",
            "content": "同上，求证实",
            "time": "15-11-16 10:48"
        },
        {
            "comment id": 9,
            "parent": -1,
            "children": [],
            "user id": "1923667074",
            "user name": "Sami83",
            "content": "学支付宝付费群？",
            "time": "15-11-16 10:48"
        },
        {
            "comment id": 10,
            "parent": -1,
            "children": [],
            "user id": "1649155730",
            "user name": "龚文祥",
            "content": "转发求证。",
            "time": "15-11-16 10:44"
        }
    ]
}