{
    "source": {
        "content": "#消防实验室#【热水比冷水灭火更快？】说起用水灭火，大家第一反应肯定是找水龙头接自来水，可是你有想过用热水灭火吗？网上流传说热水比冷水灭火更快，因为当热水覆盖在燃烧物上时，燃烧物周围被水蒸气笼罩，使四周氧气减少，大火缺氧火势便能得到控制。这是真的吗？请看实验。 秒拍视频 ",
        "time": "16-6-16 15:54",
        "user id": "2113463832",
        "tweet id": "DAvQsiH58",
        "label": 0,
        "theme": "医药健康"
    },
    "comment": [
        {
            "comment id": 0,
            "parent": -1,
            "children": [],
            "user id": "2283580401",
            "user name": "梅州消防",
            "content": "转发微博",
            "time": "16-6-18 18:27"
        },
        {
            "comment id": 1,
            "parent": -1,
            "children": [],
            "user id": "2379979684",
            "user name": "东莞消防",
            "content": "热水灭火比冷水还快？？来看看是不是真的",
            "time": "16-6-17 15:58"
        },
        {
            "comment id": 2,
            "parent": -1,
            "children": [],
            "user id": "2113463832",
            "user name": "广东消防",
            "content": "回复@中山三乡消防:",
            "time": "16-6-17 14:54"
        },
        {
            "comment id": 3,
            "parent": -1,
            "children": [],
            "user id": "2036750721",
            "user name": "阿汀在魔都",
            "content": "@广东消防",
            "time": "16-6-17 14:34"
        },
        {
            "comment id": 4,
            "parent": -1,
            "children": [],
            "user id": "2113463832",
            "user name": "广东消防",
            "content": "回复@任性的瓶子__诗敏:是的呢",
            "time": "16-6-17 10:04"
        },
        {
            "comment id": 5,
            "parent": -1,
            "children": [],
            "user id": "2417298352",
            "user name": "任性的瓶子__诗敏",
            "content": "原来如此",
            "time": "16-6-17 09:54"
        },
        {
            "comment id": 6,
            "parent": -1,
            "children": [],
            "user id": "2265571912",
            "user name": "揭阳消防",
            "content": "",
            "time": "16-6-17 08:58"
        },
        {
            "comment id": 7,
            "parent": -1,
            "children": [],
            "user id": "1765746774",
            "user name": "汕尾消防",
            "content": "热水比冷水灭火更快？",
            "time": "16-6-17 08:50"
        },
        {
            "comment id": 8,
            "parent": -1,
            "children": [],
            "user id": "5506132978",
            "user name": "惠州消防官微",
            "content": "热水比冷水灭火更快？",
            "time": "16-6-17 08:41"
        },
        {
            "comment id": 9,
            "parent": -1,
            "children": [],
            "user id": "1368273935",
            "user name": "quoimien",
            "content": "原来这样。",
            "time": "16-6-16 20:32"
        },
        {
            "comment id": 10,
            "parent": -1,
            "children": [],
            "user id": "5894232197",
            "user name": "中山市南朗消防",
            "content": "转发微博",
            "time": "16-6-16 20:14"
        },
        {
            "comment id": 11,
            "parent": -1,
            "children": [],
            "user id": "1752255161",
            "user name": "林林嗄嗄",
            "content": "转发微博",
            "time": "16-6-16 20:14"
        },
        {
            "comment id": 12,
            "parent": -1,
            "children": [],
            "user id": "5896390422",
            "user name": "一颗爱玩的忘忧草",
            "content": "都一样",
            "time": "16-6-16 19:32"
        },
        {
            "comment id": 13,
            "parent": -1,
            "children": [],
            "user id": "2113463832",
            "user name": "广东消防",
            "content": "回复@潮州消防:看视频就知道了噢",
            "time": "16-6-16 17:33"
        },
        {
            "comment id": 14,
            "parent": -1,
            "children": [],
            "user id": "2113463832",
            "user name": "广东消防",
            "content": "回复@梁宝辉KevinLiang:恩恩，是差不多的",
            "time": "16-6-16 17:33"
        },
        {
            "comment id": 15,
            "parent": -1,
            "children": [],
            "user id": "2113463832",
            "user name": "广东消防",
            "content": "回复@揭阳揭西消防在线:",
            "time": "16-6-16 17:32"
        },
        {
            "comment id": 16,
            "parent": -1,
            "children": [],
            "user id": "2113463832",
            "user name": "广东消防",
            "content": "回复@包饱笣靤:",
            "time": "16-6-16 17:32"
        },
        {
            "comment id": 17,
            "parent": -1,
            "children": [],
            "user id": "2283580401",
            "user name": "梅州消防",
            "content": "转发微博",
            "time": "16-6-16 17:01"
        },
        {
            "comment id": 18,
            "parent": -1,
            "children": [],
            "user id": "3766881781",
            "user name": "陈胖虎119",
            "content": "@丁曦cici 上镜啦",
            "time": "16-6-16 16:41"
        },
        {
            "comment id": 19,
            "parent": -1,
            "children": [],
            "user id": "5874959771",
            "user name": "源城消防-华",
            "content": "",
            "time": "16-6-16 16:30"
        },
        {
            "comment id": 20,
            "parent": -1,
            "children": [],
            "user id": "2941720900",
            "user name": "梁宝辉Kevin",
            "content": "涨知识，其实都差不多",
            "time": "16-6-16 16:23"
        },
        {
            "comment id": 21,
            "parent": -1,
            "children": [],
            "user id": "5497196000",
            "user name": "潮州消防",
            "content": "热水比冷水灭火更快？",
            "time": "16-6-16 16:14"
        },
        {
            "comment id": 22,
            "parent": -1,
            "children": [],
            "user id": "1735091127",
            "user name": "包饱笣靤",
            "content": "热水比冷水灭火更快？",
            "time": "16-6-16 15:57"
        }
    ]
}