{
    "source": {
        "content": "据中央报道，江苏省盐城市阜宁县受强暴雨影响遭遇12级龙卷风，目前看来这是我国有史以来受强暴雨影响最大一次。据统计，截至6月23日17时38分阜宁死亡人数正不断上升，目前死亡321人，重伤842人，还有 32人至今下落不明。[快哭了]愿阜宁的家人们安康🙏🙏🙏🙏🙏 ",
        "time": "16-6-23 22:13",
        "user id": "2352174153",
        "tweet id": "DBCk6f3NX",
        "label": 1,
        "theme": "社会生活"
    },
    "comment": [
        {
            "comment id": 0,
            "parent": -1,
            "children": [],
            "user id": "1429993173",
            "user name": "浪迹荒原215",
            "content": "造谣死全家",
            "time": "16-6-24 18:24"
        },
        {
            "comment id": 1,
            "parent": -1,
            "children": [],
            "user id": "2343017401",
            "user name": "4711_suke",
            "content": "这种谣言也信，还据统计，谁统计的，小明吗？这么多医院诊所，除了政府谁能统计的了？还重伤，懂什么叫重伤吗？这么快都能区分重伤轻伤了？",
            "time": "16-6-23 23:20"
        },
        {
            "comment id": 2,
            "parent": -1,
            "children": [],
            "user id": "2898211045",
            "user name": "想学游泳的鱼鱼",
            "content": "数据假的",
            "time": "16-6-23 22:43"
        },
        {
            "comment id": 3,
            "parent": -1,
            "children": [],
            "user id": "2665570411",
            "user name": "I天天打酱油-酱油办",
            "content": "真谣言要被抓了。",
            "time": "16-6-23 22:31"
        },
        {
            "comment id": 4,
            "parent": -1,
            "children": [],
            "user id": "3206159877",
            "user name": "是个懒惰的我",
            "content": "你在造谣啊",
            "time": "16-6-23 22:29"
        },
        {
            "comment id": 5,
            "parent": -1,
            "children": [],
            "user id": "5775898855",
            "user name": "千山远_",
            "content": "不是51人吗？",
            "time": "16-6-23 22:16"
        },
        {
            "comment id": 6,
            "parent": -1,
            "children": [],
            "user id": "2352174153",
            "user name": "新亮爆光大佬",
            "content": "回复@丨Handcuffs丨:对",
            "time": "16-6-23 22:16"
        }
    ]
}