{
    "source": {
        "content": "【看完你还敢迷恋手机吗？】重度手机综合症晚期是什么样的？看完这个视频，你有啥感觉？微博视频 by网络 ",
        "time": "16-6-21 19:53",
        "user id": "1292808363",
        "tweet id": "DBiyh83nK",
        "label": 2,
        "theme": "科技"
    },
    "comment": [
        {
            "comment id": 0,
            "parent": -1,
            "children": [],
            "user id": "1814390593",
            "user name": "霄霄喵喵马尔济斯",
            "content": "@YuESCJiaLe-ooO @miss张潇洒小姐",
            "time": "16-6-25 14:16"
        },
        {
            "comment id": 1,
            "parent": -1,
            "children": [],
            "user id": "5914222370",
            "user name": "卿妖欲染",
            "content": "额(⊙o⊙)…",
            "time": "16-6-22 07:12"
        },
        {
            "comment id": 2,
            "parent": -1,
            "children": [],
            "user id": "1941243483",
            "user name": "你别闹屁了",
            "content": "回复@你被使用了:共勉小沙",
            "time": "16-6-21 20:49"
        },
        {
            "comment id": 3,
            "parent": -1,
            "children": [],
            "user id": "2170392093",
            "user name": "虾虾虾虾王",
            "content": "回复@烦烦烦烦人的很:哈哈哈哈有这么吓人",
            "time": "16-6-21 20:09"
        },
        {
            "comment id": 4,
            "parent": -1,
            "children": [],
            "user id": "1875023205",
            "user name": "你被使用了",
            "content": "@别闹p了你 @Winniebabe1010 好好看看吧 还举着呢",
            "time": "16-6-21 19:59"
        },
        {
            "comment id": 5,
            "parent": -1,
            "children": [],
            "user id": "1740909490",
            "user name": "烦烦烦烦人的很",
            "content": "@虾虾虾虾王 跟你很像，一天抱起手机耍，也不理我",
            "time": "16-6-21 19:57"
        },
        {
            "comment id": 6,
            "parent": -1,
            "children": [],
            "user id": "5013196664",
            "user name": "Mr罗文智",
            "content": "",
            "time": "16-6-21 19:55"
        }
    ]
}