{
    "source": {
        "content": "（紧急转发，爱心救助！）海南朋友的…………帮朋友转~确实要帮忙转发！ 求扩散，今天上午有朋友的朋友的女儿在大润发超市附近被人拐走了，小女孩三岁多，能准确说出她爸爸的手机号码，这是我们同事女儿的照片，从监控上看是被一个四十多岁男人抱走了，现大人都急疯了，有知情者请告之，万分感谢！ ",
        "time": "13-7-15 14:26",
        "user id": "2347875265",
        "tweet id": "A08E8qmrW",
        "label": 1,
        "theme": "社会生活"
    },
    "comment": [
        {
            "comment id": 0,
            "parent": -1,
            "children": [],
            "user id": "2347875265",
            "user name": "智策王知行",
            "content": "我确实不是故意的，我是在微信上的一个朋友那里转来的，是我不对！",
            "time": "13-7-15 23:25"
        },
        {
            "comment id": 1,
            "parent": -1,
            "children": [],
            "user id": "3182715972",
            "user name": "钟华辉煌人生",
            "content": "博主 您什么意思 广大博友都在帮您传递 你发布不实微博 您跟博友开这样玩笑 以后就不怕失信于广大博友吗",
            "time": "13-7-15 22:12"
        },
        {
            "comment id": 2,
            "parent": -1,
            "children": [],
            "user id": "1705417052",
            "user name": "南国报梁振文",
            "content": "回复@inzaghi望:那么厉害，消息滴快",
            "time": "13-7-15 18:39"
        },
        {
            "comment id": 3,
            "parent": -1,
            "children": [],
            "user id": "1251448541",
            "user name": "西风竹雨的幸福总结",
            "content": "爱心传递，有没有清楚的照片，这些混账的人贩子，法律对他们是不是太过无力了。",
            "time": "13-7-15 18:05"
        },
        {
            "comment id": 4,
            "parent": -1,
            "children": [],
            "user id": "3182715972",
            "user name": "钟华辉煌人生",
            "content": "紧急扩散 寻找小女孩",
            "time": "13-7-15 18:05"
        },
        {
            "comment id": 5,
            "parent": -1,
            "children": [],
            "user id": "2347875265",
            "user name": "智策王知行",
            "content": "回复@前行者-碧松:我们被利用了！不过假的总比真的好！",
            "time": "13-7-15 17:26"
        },
        {
            "comment id": 6,
            "parent": -1,
            "children": [],
            "user id": "2129338831",
            "user name": "inzaghi望",
            "content": "回复@智策王知行:你也是转发朋友的吧？",
            "time": "13-7-15 17:26"
        },
        {
            "comment id": 7,
            "parent": -1,
            "children": [],
            "user id": "2347875265",
            "user name": "智策王知行",
            "content": "回复@陈家莉莉要毕业啦:假的总比真的好！谢谢提醒~",
            "time": "13-7-15 17:25"
        },
        {
            "comment id": 8,
            "parent": -1,
            "children": [],
            "user id": "2347875265",
            "user name": "智策王知行",
            "content": "回复@麻辣聚焦:谢谢提醒！",
            "time": "13-7-15 17:25"
        },
        {
            "comment id": 9,
            "parent": -1,
            "children": [],
            "user id": "2347875265",
            "user name": "智策王知行",
            "content": "回复@麻辣聚焦:啊！",
            "time": "13-7-15 17:24"
        },
        {
            "comment id": 10,
            "parent": -1,
            "children": [],
            "user id": "2347875265",
            "user name": "智策王知行",
            "content": "回复@inzaghi望:我是在微信上看到朋友的信息，郁闷哦！",
            "time": "13-7-15 17:24"
        },
        {
            "comment id": 11,
            "parent": -1,
            "children": [],
            "user id": "2129338831",
            "user name": "inzaghi望",
            "content": "你好！你这个消息好像是假消息，我是南海网记者，请问你的消息来源是从哪里来的？",
            "time": "13-7-15 17:10"
        },
        {
            "comment id": 12,
            "parent": -1,
            "children": [],
            "user id": "2458410062",
            "user name": "前行者-碧松",
            "content": "明明是假消息，咋还有那么多人帮转呢？",
            "time": "13-7-15 17:07"
        },
        {
            "comment id": 13,
            "parent": -1,
            "children": [],
            "user id": "1866850535",
            "user name": "初识Lily",
            "content": "假消息",
            "time": "13-7-15 16:54"
        },
        {
            "comment id": 14,
            "parent": -1,
            "children": [],
            "user id": "1609734732",
            "user name": "老夏谈事",
            "content": "警方提醒：此信息为假消息，同一个小姑娘同一超市分别在浙江瑞安、广东韶关、福建厦门、广东顺德等多地走失。这些明显都是虚假信息。 网页链接",
            "time": "13-7-15 16:50"
        },
        {
            "comment id": 15,
            "parent": -1,
            "children": [],
            "user id": "2309890175",
            "user name": "小张小张态度嚣张-",
            "content": "转发微博",
            "time": "13-7-15 16:45"
        },
        {
            "comment id": 16,
            "parent": -1,
            "children": [],
            "user id": "1791678651",
            "user name": "海南老纪",
            "content": "//@藝次元景儿: [話筒]//@阿卜婆盐焗鸡: @阳阳2012A://@海南世外人: 快转//@智策王知行:没办法，监控的图像//@海南梁山: 图片不清。 //@海南浪子文:转起！//@智策王知行:@海南梁山 @吴顾问1970 @资深广告人王鹏 @海南卫浴专家 @南海流 @阿卜婆盐焗鸡 @海南浪子文",
            "time": "13-7-15 15:55"
        },
        {
            "comment id": 17,
            "parent": -1,
            "children": [],
            "user id": "2732374084",
            "user name": "海南廖雲",
            "content": "看看其他地方的摄像头，能否找到线索。 //@海南关律师://@资深广告人王鹏: 赶快扩散！但愿早上找到。//@海南世外人:快转//@智策王知行:没办法，监控的图像//@海南梁山: 图片不清。 //@海南浪子文:转起！//@智策王知行:@海南梁山 @吴顾问1970 @海南卫浴专家 @南海流 @阿卜婆盐焗鸡 @海南浪",
            "time": "13-7-15 15:42"
        },
        {
            "comment id": 18,
            "parent": -1,
            "children": [],
            "user id": "1817978805",
            "user name": "海南关律师",
            "content": "//@资深广告人王鹏: 赶快扩散！但愿早上找到。//@海南世外人:快转//@智策王知行:没办法，监控的图像//@海南梁山: 图片不清。 //@海南浪子文:转起！//@智策王知行:@海南梁山 @吴顾问1970 @海南卫浴专家 @南海流 @阿卜婆盐焗鸡 @海南浪子文",
            "time": "13-7-15 15:34"
        },
        {
            "comment id": 19,
            "parent": -1,
            "children": [],
            "user id": "2057173343",
            "user name": "锐见严选",
            "content": "@薛蛮子 @马伊琍 @南海流",
            "time": "13-7-15 15:18"
        },
        {
            "comment id": 20,
            "parent": -1,
            "children": [],
            "user id": "1651529682",
            "user name": "放馬過来-風之涙痕",
            "content": "鄙视你，造谣",
            "time": "13-7-15 15:16"
        },
        {
            "comment id": 21,
            "parent": -1,
            "children": [],
            "user id": "3173562903",
            "user name": "老虎無患",
            "content": "昨天看到说，这个消息是不实的 ，",
            "time": "13-7-15 15:02"
        },
        {
            "comment id": 22,
            "parent": -1,
            "children": [],
            "user id": "1872339850",
            "user name": "海口生活家",
            "content": "//@KOLI宝贝: //@椰星艺术教育培训中心: ",
            "time": "13-7-15 14:57"
        },
        {
            "comment id": 23,
            "parent": -1,
            "children": [],
            "user id": "3461152894",
            "user name": "可丽育儿网",
            "content": "//@椰星艺术教育培训中心: //@阿卜婆盐焗鸡: @阳阳2012A://@海南世外人: 快转//@智策王知行:没办法，监控的图像//@海南梁山: 图片不清。 //@海南浪子文:转起！//@智策王知行:@海南梁山 @吴顾问1970 @资深广告人王鹏 @海南卫浴专家 @南海流 @阿卜婆盐焗鸡 @海南浪子文",
            "time": "13-7-15 14:55"
        },
        {
            "comment id": 24,
            "parent": -1,
            "children": [],
            "user id": "1961236852",
            "user name": "土蛋糕",
            "content": "//@海口冯磊: //@智策王知行:@南海云鸥1 @椰岛刘燕飞 @子夏爸 @丫二1919 @广知帅老师 @布岛翁-布谷 @海南言 @海口冯磊 @海口雷锋",
            "time": "13-7-15 14:48"
        },
        {
            "comment id": 25,
            "parent": -1,
            "children": [],
            "user id": "1852712283",
            "user name": "椰星艺术教育培训中心",
            "content": "//@阿卜婆盐焗鸡: @阳阳2012A://@海南世外人: 快转//@智策王知行:没办法，监控的图像//@海南梁山: 图片不清。 //@海南浪子文:转起！//@智策王知行:@海南梁山 @吴顾问1970 @资深广告人王鹏 @海南卫浴专家 @南海流 @阿卜婆盐焗鸡 @海南浪子文",
            "time": "13-7-15 14:48"
        },
        {
            "comment id": 26,
            "parent": -1,
            "children": [],
            "user id": "2498680040",
            "user name": "穷开心0_0",
            "content": "在微信上看到了，到底是国贸还是国兴？//@海口冯磊:哪个大润发，扩散。@海漂椰子 @国贸书店 @广知帅老师 //@椰岛刘燕飞: //@智策王知行:@南海云鸥1 @椰岛刘燕飞 @子夏爸 @丫二1919 @广知帅老师 @布岛翁-布谷 @海南言 @海口冯磊 @海口雷锋",
            "time": "13-7-15 14:40"
        },
        {
            "comment id": 27,
            "parent": -1,
            "children": [],
            "user id": "1739988984",
            "user name": "海南城",
            "content": "缩小范围。//@海南特价机票: 在哪个大润发？",
            "time": "13-7-15 14:40"
        },
        {
            "comment id": 28,
            "parent": -1,
            "children": [],
            "user id": "1739988984",
            "user name": "海南城",
            "content": "在哪个大润发？",
            "time": "13-7-15 14:37"
        },
        {
            "comment id": 29,
            "parent": -1,
            "children": [],
            "user id": "1739988984",
            "user name": "海南城",
            "content": "",
            "time": "13-7-15 14:36"
        },
        {
            "comment id": 30,
            "parent": -1,
            "children": [],
            "user id": "1657854281",
            "user name": "龙眼-树下",
            "content": "海南的转起~~//@海南浪子文: 转起！//@智策王知行:@海南梁山 @吴顾问1970 @资深广告人王鹏 @海南卫浴专家 @南海流 @阿卜婆盐焗鸡 @海南浪子文",
            "time": "13-7-15 14:34"
        }
    ]
}