{
    "source": {
        "content": "【分享图片】临武县委副书记、县长贺遵庆个人资料简历：其中有两句“在职研究生学历，维稳学硕士学位”。——不看不知道，竟然还有一门学科叫“维稳学”，还有硕士学位！真长见识了！随着社会的发展，估计还会有城管博士，截访学教授，拆迁学院士..... ",
        "time": "13-7-18 23:03",
        "user id": "2424389775",
        "tweet id": "A0Ejp1F46",
        "label": 1,
        "theme": "政治"
    },
    "comment": [
        {
            "comment id": 0,
            "parent": -1,
            "children": [],
            "user id": "1411046902",
            "user name": "盛嘉PKU",
            "content": "当真?",
            "time": "13-8-16 18:53"
        },
        {
            "comment id": 1,
            "parent": -1,
            "children": [],
            "user id": "2035976555",
            "user name": "孤帆远影1997",
            "content": "你也是做新闻的人，明显的恶搞分不出来吗？",
            "time": "13-8-4 09:37"
        },
        {
            "comment id": 2,
            "parent": -1,
            "children": [],
            "user id": "1676826102",
            "user name": "无限理性",
            "content": "纳尼？郴州市油水局办公室主任、郴州市脑残副主席，坑爹啊有木有",
            "time": "13-7-29 13:38"
        },
        {
            "comment id": 3,
            "parent": -1,
            "children": [],
            "user id": "1508282744",
            "user name": "承正81",
            "content": "//@海淀冉平: //@胡紫微: 1，你猜，2，你猜，3，你猜猜猜 //@李艷秋的新聞夜總會: //@_-冰翼-_: 觀察微博兩個月，發現討論最熱的詞是【維穩】【城管】，隔海就教:1.要維穩是因為有什麼事不穩嗎?2.城管只取締攤販嗎?3.維穩碩士主修什麼?",
            "time": "13-7-23 19:08"
        },
        {
            "comment id": 4,
            "parent": -1,
            "children": [],
            "user id": "1881994180",
            "user name": "寒山弄月",
            "content": "ＭＢ这还让人活不！再搞下去真的要出大事了！",
            "time": "13-7-22 14:01"
        },
        {
            "comment id": 5,
            "parent": -1,
            "children": [],
            "user id": "1405638862",
            "user name": "回头望去遍地是金",
            "content": "反贪硕士已经够希奇 又来个维稳硕士 天朝无奇不有",
            "time": "13-7-22 00:38"
        },
        {
            "comment id": 6,
            "parent": -1,
            "children": [],
            "user id": "1276649192",
            "user name": "走马中原",
            "content": "现在的小县官许多当官的还有一种是裙带关系，都是自己的哥们兄弟在当官！一人飞升，鸡犬都跟着上天！",
            "time": "13-7-20 22:47"
        },
        {
            "comment id": 7,
            "parent": -1,
            "children": [],
            "user id": "1276649192",
            "user name": "走马中原",
            "content": "这货我估计学历是造假的！这一代七十后许多官员都是初中生、高中生居多，然后花钱买学历！我哥们里面就有现在公务员里主任级别！呵呵",
            "time": "13-7-20 22:45"
        },
        {
            "comment id": 8,
            "parent": -1,
            "children": [],
            "user id": "1464495757",
            "user name": "老茶刀",
            "content": "I服了You！！！",
            "time": "13-7-20 18:43"
        },
        {
            "comment id": 9,
            "parent": -1,
            "children": [],
            "user id": "2374457290",
            "user name": "有点热还冷",
            "content": "果然长见识了//@任志强: 党校的？ //@刘淀生:才知道現在大学竟有此专业，我也想学。 //@胡紫微:1，你猜，2，你猜，3，你猜猜猜 //@李艷秋的新聞夜總會: //@_-冰翼-_: 觀察微博兩個月，發現討論最熱的詞是【維穩】【城管】，隔海就教:1.要維穩是因為有什麼事不穩嗎?2.城管只取締攤販嗎?3",
            "time": "13-7-20 17:02"
        },
        {
            "comment id": 10,
            "parent": -1,
            "children": [],
            "user id": "3150514543",
            "user name": "飞飞428",
            "content": "转发微博",
            "time": "13-7-20 15:44"
        },
        {
            "comment id": 11,
            "parent": -1,
            "children": [],
            "user id": "1676888521",
            "user name": "乐在游世界",
            "content": "//@任志强: 党校的？ //@刘淀生:才知道現在大学竟有此专业，我也想学。 //@胡紫微:1，你猜，2，你猜，3，你猜猜猜 //@李艷秋的新聞夜總會: //@_-冰翼-_: 觀察微博兩個月，發現討論最熱的詞是【維穩】【城管】，隔海就教:1.要維穩是因為有什麼事不穩嗎?2.城管只取締攤販嗎?3.維穩碩士主修什麼?",
            "time": "13-7-20 00:32"
        },
        {
            "comment id": 12,
            "parent": -1,
            "children": [],
            "user id": "1712741244",
            "user name": "猜猜看谁来吃晚餐",
            "content": "真他妈新鲜了，“维稳学”？这应该是中国创造吧？//@媒体人孔曼: 哇哦~这专业不错，很多家庭主妇可以去修一个，人家县长学一个这个专业是为了维系一县之稳定，咱修一个这个可以维持家庭之稳定，实乃大学问啊！",
            "time": "13-7-20 00:02"
        },
        {
            "comment id": 13,
            "parent": -1,
            "children": [],
            "user id": "3479728301",
            "user name": "手机用户3479728301",
            "content": "公务员的学历真是让我和小伙伴们大吃一惊。",
            "time": "13-7-19 23:38"
        },
        {
            "comment id": 14,
            "parent": -1,
            "children": [],
            "user id": "2259457381",
            "user name": "文锐生",
            "content": "维稳学硕士？是社会学科，还是军事学分支？",
            "time": "13-7-19 23:30"
        },
        {
            "comment id": 15,
            "parent": -1,
            "children": [],
            "user id": "1684659413",
            "user name": "心在天上自由的飞",
            "content": "造谣可耻，传谣也可耻。//@May波长波短: 累死你！//@胡紫微: 1，你猜，2，你猜，3，你猜猜猜 //@李艷秋的新聞夜總會: //@_-冰翼-_: 觀察微博兩個月，發現討論最熱的詞是【維穩】【城管】，隔海就教:1.要維穩是因為有什麼事不穩嗎?2.城管只取締攤販嗎?3.維穩碩士主修什麼?",
            "time": "13-7-19 23:24"
        },
        {
            "comment id": 16,
            "parent": -1,
            "children": [],
            "user id": "1750690474",
            "user name": "听冷笑话治疗偏头痛",
            "content": "维稳硕士是网友在这次事件之后网友加上去的，台湾媒体不能核实一下吗 //@李艷秋的新聞夜總會: //@_-冰翼-_: 觀察微博兩個月，發現討論最熱的詞是【維穩】【城管】，隔海就教:1.要維穩是因為有什麼事不穩嗎?2.城管只取締攤販嗎?3.維穩碩士主修什麼?",
            "time": "13-7-19 22:53"
        },
        {
            "comment id": 17,
            "parent": -1,
            "children": [],
            "user id": "1885280764",
            "user name": "洛酱洛酱",
            "content": "//@任志强:党校的？ //@刘淀生:才知道現在大学竟有此专业，我也想学。 //@胡紫微:1，你猜，2，你猜，3，你猜猜猜  //@李艷秋的新聞夜總會:  //@_-冰翼-_: 觀察微博兩個月，發現討論最熱的詞是【維穩】【城管】，隔海就教:1.要維穩是因為有什麼事不穩嗎?2.城管只取締攤販嗎?3.維穩碩士主修什麼?",
            "time": "13-7-19 22:47"
        },
        {
            "comment id": 18,
            "parent": -1,
            "children": [],
            "user id": "1271843634",
            "user name": "楞严释子",
            "content": "累死你！//@胡紫微: 1，你猜，2，你猜，3，你猜猜猜 //@李艷秋的新聞夜總會: //@_-冰翼-_: 觀察微博兩個月，發現討論最熱的詞是【維穩】【城管】，隔海就教:1.要維穩是因為有什麼事不穩嗎?2.城管只取締攤販嗎?3.維穩碩士主修什麼?",
            "time": "13-7-19 22:46"
        },
        {
            "comment id": 19,
            "parent": -1,
            "children": [],
            "user id": "2705520894",
            "user name": "boomgreen",
            "content": " //@任志强: 党校的？ //@刘淀生:才知道現在大学竟有此专业，我也想学。 //@胡紫微:1，你猜，2，你猜，3，你猜猜猜  //@李艷秋的新聞夜總會:  //@_-冰翼-_: 觀察微博兩個月，發現討論最熱的詞是【維穩】【城管】，隔海就教:1.要維穩是因為有什麼事不穩嗎?2.城管只取締攤販嗎?3.維穩碩士主修什麼?",
            "time": "13-7-19 22:36"
        },
        {
            "comment id": 20,
            "parent": -1,
            "children": [],
            "user id": "1496810172",
            "user name": "哈哥棋杰",
            "content": "垃圾！",
            "time": "13-7-19 21:46"
        },
        {
            "comment id": 21,
            "parent": -1,
            "children": [],
            "user id": "1771827297",
            "user name": "分寸文章",
            "content": "这个学位应该是党校才有的吧。",
            "time": "13-7-19 21:35"
        },
        {
            "comment id": 22,
            "parent": -1,
            "children": [],
            "user id": "3540537751",
            "user name": "草民老大哥",
            "content": "无聊，人死了还开这种玩笑。",
            "time": "13-7-19 21:32"
        },
        {
            "comment id": 23,
            "parent": -1,
            "children": [],
            "user id": "2434225414",
            "user name": "北冥---有鱼",
            "content": "这个专业好啊",
            "time": "13-7-19 21:32"
        },
        {
            "comment id": 24,
            "parent": -1,
            "children": [],
            "user id": "1648049431",
            "user name": "秦之秦",
            "content": "党校有维稳学？有维稳专业？",
            "time": "13-7-19 21:19"
        },
        {
            "comment id": 25,
            "parent": -1,
            "children": [],
            "user id": "2424661622",
            "user name": "阿愚8899",
            "content": "找到了链接，百度百科里面也列了这次抢尸事件。网页链接",
            "time": "13-7-19 21:10"
        },
        {
            "comment id": 26,
            "parent": -1,
            "children": [],
            "user id": "3339753904",
            "user name": "天岩_17907",
            "content": "@长见识了//@任志强: 党校的？ //@刘淀生:才知道現在大学竟有此专业，我也想学。 //@李艷秋的新聞夜總會: //@_-冰翼-_: 觀察微博兩個月，發現討論最熱的詞是【維穩】【城管】，隔海就教:1.要維穩是因為有什麼事不穩嗎?2.城管只取締攤販嗎?3.維穩碩士主修什麼?",
            "time": "13-7-19 21:10"
        },
        {
            "comment id": 27,
            "parent": -1,
            "children": [],
            "user id": "2248858054",
            "user name": "折翅的雄鹰007",
            "content": "头一次听说啊//@胡紫微: 1，你猜，2，你猜，3，你猜猜猜 //@李艷秋的新聞夜總會: //@_-冰翼-_: 觀察微博兩個月，發現討論最熱的詞是【維穩】【城管】，隔海就教:1.要維穩是因為有什麼事不穩嗎?2.城管只取締攤販嗎?3.維穩碩士主修什麼?",
            "time": "13-7-19 20:57"
        },
        {
            "comment id": 28,
            "parent": -1,
            "children": [],
            "user id": "1252356587",
            "user name": "两色空间",
            "content": "维稳硕士是网友PS上去的",
            "time": "13-7-19 20:55"
        },
        {
            "comment id": 29,
            "parent": -1,
            "children": [],
            "user id": "3042756301",
            "user name": "并州道者",
            "content": "太有才了//@任志强: 党校的？ 才知道現在大学竟有此专业，我也想学。 1，你猜，2，你猜，3，你猜猜猜  觀察微博兩個月，發現討論最熱的詞是【維穩】【城管】，隔海就教:1.要維穩是因為有什麼事不穩嗎?2.城管只取締攤販嗎?3.維穩碩士主修什麼?",
            "time": "13-7-19 20:55"
        },
        {
            "comment id": 30,
            "parent": -1,
            "children": [],
            "user id": "2402902473",
            "user name": "我是人生百味",
            "content": "随着社会的发展，估计还会有城管博士，截访学教授，拆迁学院士.....，天朝真是个很神奇的国度！",
            "time": "13-7-19 20:53"
        },
        {
            "comment id": 31,
            "parent": -1,
            "children": [],
            "user id": "2178968563",
            "user name": "萌卖多了会成弱智",
            "content": "额。。脑残副主席？",
            "time": "13-7-19 20:46"
        },
        {
            "comment id": 32,
            "parent": -1,
            "children": [],
            "user id": "2154717760",
            "user name": "吴合美125",
            "content": "必修课",
            "time": "13-7-19 20:43"
        },
        {
            "comment id": 33,
            "parent": -1,
            "children": [],
            "user id": "1425776871",
            "user name": "那石ZL",
            "content": "刚看到网页提示“此内容为不实消息”，举报人是@昨夜西风凋碧树剪不断 不过有一个有趣现象：这位刚注册不久只发了5条微博的高人似乎特别爱举报……在号称“早就辟谣”的举报里有一个链接 网页链接 发布时间是10分钟前，而出面辟谣的正是荣登“造谣百强”的@于建嵘 @李开复 ",
            "time": "13-7-19 20:39"
        },
        {
            "comment id": 34,
            "parent": -1,
            "children": [],
            "user id": "2746013305",
            "user name": "静夜单簧",
            "content": "奇葩！",
            "time": "13-7-19 20:36"
        },
        {
            "comment id": 35,
            "parent": -1,
            "children": [],
            "user id": "2689306700",
            "user name": "骑驴充电",
            "content": "//@任志强: 党校的？ //@刘淀生:才知道現在大学竟有此专业，我也想学。 //@胡紫微:1，你猜，2，你猜，3，你猜猜猜 //@李艷秋的新聞夜總會: //@_-冰翼-_: 觀察微博兩個月，發現討論最熱的詞是【維穩】【城管】，隔海就教:1.要維穩是因為有什麼事不穩嗎?2.城管只取締攤販嗎?3.維穩碩士主修什",
            "time": "13-7-19 20:22"
        },
        {
            "comment id": 36,
            "parent": -1,
            "children": [],
            "user id": "2122079387",
            "user name": "王氏软件创意",
            "content": "有没有腐败学教授",
            "time": "13-7-19 20:18"
        },
        {
            "comment id": 37,
            "parent": -1,
            "children": [],
            "user id": "1890303291",
            "user name": "冯宗见v",
            "content": " //@任志强:党校的？ //@刘淀生:才知道現在大学竟有此专业，我也想学。 //@胡紫微:1，你猜，2，你猜，3，你猜猜猜  //@李艷秋的新聞夜總會:  //@_-冰翼-_: 觀察微博兩個月，發現討論最熱的詞是【維穩】【城管】，隔海就教:1.要維穩是因為有什麼事不穩嗎?2.城管只取締攤販嗎?3.維穩碩士主修什麼?",
            "time": "13-7-19 20:17"
        },
        {
            "comment id": 38,
            "parent": -1,
            "children": [],
            "user id": "2907034673",
            "user name": "_寧靜-致遠_",
            "content": "似乎后面还有一个油水局？//@任志强: 党校的？ //@刘淀生:才知道現在大学竟有此专业，我也想学。 //@李艷秋的新聞夜總會: //@_-冰翼-_: 觀察微博兩個月，發現討論最熱的詞是【維穩】【城管】，隔海就教:1.要維穩是因為有什麼事不穩嗎?2.城管只取締攤販嗎?3.維穩碩士主修什麼?",
            "time": "13-7-19 20:14"
        },
        {
            "comment id": 39,
            "parent": -1,
            "children": [],
            "user id": "1716441152",
            "user name": "傅筱筱",
            "content": "//@任志强: 党校的？ //@刘淀生:才知道現在大学竟有此专业，我也想学。 //@胡紫微:1，你猜，2，你猜，3，你猜猜猜 //@李艷秋的新聞夜總會: //@_-冰翼-_: 觀察微博兩個月，發現討論最熱的詞是【維穩】【城管】，隔海就教:1.要維穩是因為有什麼事不穩嗎?2.城管只取締攤販嗎?3.維穩碩士主修什麼?",
            "time": "13-7-19 20:14"
        },
        {
            "comment id": 40,
            "parent": -1,
            "children": [],
            "user id": "1498659502",
            "user name": "Richard李先生",
            "content": "天朝真尼玛奇葩无处不在啊",
            "time": "13-7-19 20:03"
        },
        {
            "comment id": 41,
            "parent": -1,
            "children": [],
            "user id": "2348061755",
            "user name": "大道踏歌",
            "content": "//@任志强: 党校的？ //@刘淀生:才知道現在大学竟有此专业，我也想学。 //@胡紫微:1，你猜，2，你猜，3，你猜猜猜 //@李艷秋的新聞夜總會: //@_-冰翼-_: 觀察微博兩個月，發現討論最熱的詞是【維穩】【城管】，隔海就教:1.要維穩是因為有什麼事不穩嗎?2.城管只取締攤販嗎?3.維穩碩士主修什麼?",
            "time": "13-7-19 20:03"
        },
        {
            "comment id": 42,
            "parent": -1,
            "children": [],
            "user id": "2721361371",
            "user name": "东东兔兔123",
            "content": "//@任志强:党校的？ //@刘淀生:才知道現在大学竟有此专业，我也想学。 //@李艷秋的新聞夜總會:  //@_-冰翼-_:【維穩】【城管】，隔海就教:1.要維穩是因為有什麼事不穩嗎?2.城管只取締攤販嗎?3.維穩碩士主修什麼?",
            "time": "13-7-19 20:02"
        },
        {
            "comment id": 43,
            "parent": -1,
            "children": [],
            "user id": "3214746623",
            "user name": "太空巡洋舰2013",
            "content": "维稳学就是厚黑学，脸皮厚心要黑，镇压公民的刽子手。不听话打死再抢尸再胡说再道谦再拖再升官再错再犯再改再犯…………",
            "time": "13-7-19 19:50"
        },
        {
            "comment id": 44,
            "parent": -1,
            "children": [],
            "user id": "1357185872",
            "user name": "朱惑木棉花",
            "content": "维稳学！荒谬至极维稳，多少罪恶假你之名而行！你就是原罪",
            "time": "13-7-19 19:48"
        },
        {
            "comment id": 45,
            "parent": -1,
            "children": [],
            "user id": "2938814173",
            "user name": "探长2938814173",
            "content": "无耻学院毕业！",
            "time": "13-7-19 19:44"
        },
        {
            "comment id": 46,
            "parent": -1,
            "children": [],
            "user id": "1563575657",
            "user name": "秋天的风和云",
            "content": "//@任志强: 党校的？ //@刘淀生:才知道現在大学竟有此专业，我也想学。 //@胡紫微:1，你猜，2，你猜，3，你猜猜猜 //@李艷秋的新聞夜總會: //@_-冰翼-_: 觀察微博兩個月，發現討論最熱的詞是【維穩】【城管】，隔海就教:1.要維穩是因為有什麼事不穩嗎?2.城管只取締攤販嗎?3.維穩碩士主修什麼?",
            "time": "13-7-19 19:38"
        },
        {
            "comment id": 47,
            "parent": -1,
            "children": [],
            "user id": "1425776871",
            "user name": "那石ZL",
            "content": "原来是科班出身啊！",
            "time": "13-7-19 19:34"
        },
        {
            "comment id": 48,
            "parent": -1,
            "children": [],
            "user id": "1705761240",
            "user name": "小佐先生啊咦呀咦嗨",
            "content": "校长一人，学校一所，学生一位，专业一个，本硕博后连读，自我评定！",
            "time": "13-7-19 19:27"
        },
        {
            "comment id": 49,
            "parent": -1,
            "children": [],
            "user id": "1211863342",
            "user name": "完美大象",
            "content": "邓正加见城管同志和警察热心帮他把西瓜摊搬到更好更舒适价钱更贵销路更畅的市场去卖激动万分心脏病嘎嘣倒地身亡，城管纷纷抢救无效。重要的教训是不管是谁都可能积痨成疾轰然倒地身亡，邓正加在底层生命线上轰然倒地，伟光正在高层也不例外，她操劳城市管理积痨成疾已经不是十年八月了。",
            "time": "13-7-19 19:21"
        },
        {
            "comment id": 50,
            "parent": -1,
            "children": [],
            "user id": "2643306411",
            "user name": "后知后觉的小子",
            "content": "用称砣来维稳的。//@任志强: 党校的？ //@刘淀生:才知道現在大学竟有此专业，我也想学。 //@胡紫微:1，你猜，2，你猜，3，你猜猜猜 /隔海就教:1.要維穩是因為有什麼事不穩嗎?2.城管只取締攤販嗎?3.維穩碩士主修什麼?",
            "time": "13-7-19 19:19"
        },
        {
            "comment id": 51,
            "parent": -1,
            "children": [],
            "user id": "1358915623",
            "user name": "HR帝李晶V",
            "content": "纪委在哪里？//@任志强: 党校的？ //@刘淀生:才知道現在大学竟有此专业，我也想学。 //@胡紫微:1，你猜，2，你猜，3，你猜猜猜 //@李艷秋的新聞夜總會: //@_-冰翼-_: 觀察微博兩個月，發現討論最熱的詞是【維穩】【城管】，隔海就教:1.要維穩是因為有什麼事不穩嗎?2.城管只取締攤販嗎?3.維穩碩士",
            "time": "13-7-19 19:19"
        },
        {
            "comment id": 52,
            "parent": -1,
            "children": [],
            "user id": "1967452851",
            "user name": "大商范蠡",
            "content": "强拆学院院长是谁",
            "time": "13-7-19 19:16"
        },
        {
            "comment id": 53,
            "parent": -1,
            "children": [],
            "user id": "1736988390",
            "user name": "无花果1009",
            "content": "最无耻的专业。。//@任志强: 党校的？ //@刘淀生:才知道現在大学竟有此专业，我也想学。 //@胡紫微:1，你猜，2，你猜，3，你猜猜猜 //@李艷秋的新聞夜總會: //@_-冰翼-_: 觀察微博兩個月，發現討論最熱的詞是【維穩】【城管】，隔海就教:1.要維穩是因為有什麼事不穩嗎?2.城管只取締攤販嗎?3.維",
            "time": "13-7-19 19:12"
        },
        {
            "comment id": 54,
            "parent": -1,
            "children": [],
            "user id": "1708416354",
            "user name": "上海卡益瑜伽服饰王建国",
            "content": "想不到有维稳这个专业，维稳硕士县长也维不了稳，真是。。。。",
            "time": "13-7-19 19:09"
        },
        {
            "comment id": 55,
            "parent": -1,
            "children": [],
            "user id": "3257645724",
            "user name": "章小林他爸",
            "content": "共产党的创造发明。",
            "time": "13-7-19 19:07"
        },
        {
            "comment id": 56,
            "parent": -1,
            "children": [],
            "user id": "2397742317",
            "user name": "麽麽0123456789",
            "content": "人才啊哈哈，党还用这人才？可悲。谢你告白天下。",
            "time": "13-7-19 19:07"
        },
        {
            "comment id": 57,
            "parent": -1,
            "children": [],
            "user id": "1415790384",
            "user name": "cardinlai",
            "content": "那个学校，那个叫兽 //@任志强: 党校的？ //@刘淀生:才知道現在大学竟有此//@胡紫微:1，你猜，2，你猜，3，你猜猜猜  //@李艷秋的新聞夜總會:  //@_-冰翼-_: 觀察微博兩個月，發現討論最熱的詞是【維穩】【城管】，隔海就教:1.要維穩是因為有什麼事不穩嗎?2.城管只取締攤販嗎?3.維穩碩士主修什麼?",
            "time": "13-7-19 19:06"
        },
        {
            "comment id": 58,
            "parent": -1,
            "children": [],
            "user id": "2323098590",
            "user name": "cccx_708",
            "content": "书记、县长党校普遍的水货学历学位,竟然组织部门还认可！社会已经污秽不堪了，滑天下之大稽！＂维稳学＂研究生，真有才啊！鄙视！！！ 傻逼县长，书记",
            "time": "13-7-19 19:03"
        },
        {
            "comment id": 59,
            "parent": -1,
            "children": [],
            "user id": "2887178667",
            "user name": "过江龙GJL",
            "content": "哈哈，维稳学硕士？党校的？@刘淀生:才知道現在大学竟有此专业，我也想学。 //@胡紫微:1，你猜，2你猜，3，你猜猜猜 //@李艷秋的新聞夜總會: //@_-冰翼-_: 觀察微博兩個月，發現討論最熱的詞是【維穩】【城管】，隔海就教:1.要維穩是因為有什麼事不穩嗎?2.城管只取締攤販嗎?3.維穩碩士主修什麼?",
            "time": "13-7-19 19:02"
        },
        {
            "comment id": 60,
            "parent": -1,
            "children": [],
            "user id": "1199754735",
            "user name": "两航子弟斯斯",
            "content": "有木有增加苛捐杂税学博士学位捏？？？",
            "time": "13-7-19 18:59"
        },
        {
            "comment id": 61,
            "parent": -1,
            "children": [],
            "user id": "1626024210",
            "user name": "江苏苏州人",
            "content": "中共党校形同黒社会, 属非法组织, 应予以取缔 //@任志强:党校的？ //@刘淀生:才知道現在大学竟有此专业，我也想学。 //@胡紫微:1，你猜，2，你猜，3，你猜猜猜  //@李艷秋的新聞夜總會:  //@_-冰翼-_: 觀察微博兩個月，發現討論最熱的詞是【維穩】【城管】，隔海就教:1.要維穩是因為有什麼事不穩嗎",
            "time": "13-7-19 18:59"
        },
        {
            "comment id": 62,
            "parent": -1,
            "children": [],
            "user id": "1404665583",
            "user name": "叶嘉琳子",
            "content": "维稳硕士，油水局主任，脑残副主席，网友的调侃而已了",
            "time": "13-7-19 18:54"
        },
        {
            "comment id": 63,
            "parent": -1,
            "children": [],
            "user id": "2268641925",
            "user name": "AAAvin",
            "content": "维稳学？一门研究如何打压公民的学问？",
            "time": "13-7-19 18:53"
        },
        {
            "comment id": 64,
            "parent": -1,
            "children": [],
            "user id": "2037897775",
            "user name": "姚睿睿",
            "content": "长见识了！",
            "time": "13-7-19 18:53"
        },
        {
            "comment id": 65,
            "parent": -1,
            "children": [],
            "user id": "2589447484",
            "user name": "言坤1991",
            "content": "中国特色嘛！",
            "time": "13-7-19 18:52"
        },
        {
            "comment id": 66,
            "parent": -1,
            "children": [],
            "user id": "2174476130",
            "user name": "W王凡",
            "content": "瞎了。。。",
            "time": "13-7-19 18:52"
        },
        {
            "comment id": 67,
            "parent": -1,
            "children": [],
            "user id": "2674049915",
            "user name": "-心澄若空-",
            "content": "哈，居然还有维稳学硕士！",
            "time": "13-7-19 18:49"
        },
        {
            "comment id": 68,
            "parent": -1,
            "children": [],
            "user id": "1785513541",
            "user name": "Arsalan90",
            "content": "维稳学硕士学位！！我和我的小伙伴都震惊了",
            "time": "13-7-19 18:49"
        },
        {
            "comment id": 69,
            "parent": -1,
            "children": [],
            "user id": "1435574201",
            "user name": "阿乐村长",
            "content": "中国特色专业",
            "time": "13-7-19 18:46"
        },
        {
            "comment id": 70,
            "parent": -1,
            "children": [],
            "user id": "2152491960",
            "user name": "同是老三届",
            "content": "来一炮，大炮一见这个是最来劲的。",
            "time": "13-7-19 18:43"
        },
        {
            "comment id": 71,
            "parent": -1,
            "children": [],
            "user id": "1404891632",
            "user name": "stoastoa",
            "content": "大家被涮了，作者是开个玩笑，右面还有\"油水局\"和\"脑残副主席\"呢，呵呵",
            "time": "13-7-19 18:42"
        },
        {
            "comment id": 72,
            "parent": -1,
            "children": [],
            "user id": "1745213471",
            "user name": "董记传统糕点",
            "content": "//@任志强: 党校的？ //@刘淀生:才知道現在大学竟有此专业，我也想学。 //@胡紫微:1，你猜，2，你猜，3，你猜猜猜 //@李艷秋的新聞夜總會: //@_-冰翼-_: 觀察微博兩個月，發現討論最熱的詞是【維穩】【城管】，隔海就教:1.要維穩是因為有什麼事不穩嗎?2.城管只取締攤販嗎?3.維穩碩士主修什麼?",
            "time": "13-7-19 18:39"
        },
        {
            "comment id": 73,
            "parent": -1,
            "children": [],
            "user id": "1402269880",
            "user name": "宣宇微博",
            "content": "真是天下奇谈……",
            "time": "13-7-19 18:38"
        },
        {
            "comment id": 74,
            "parent": -1,
            "children": [],
            "user id": "270587579",
            "user name": "jing_王靖",
            "content": "长知识",
            "time": "13-7-19 18:37"
        },
        {
            "comment id": 75,
            "parent": -1,
            "children": [],
            "user id": "2180119744",
            "user name": "osu001",
            "content": "//@任志强: 党校的？ 才知道現在大学竟有此专业，我也想学。 //@胡紫微:1，你猜，2，你猜，3，你猜猜猜 //@李艷秋的新聞夜總會: //@_-冰翼-_: 觀察微博兩個月，發現討論最熱的詞是【維穩】【城管】，隔海就教:1.要維穩是因為有什麼事不穩嗎?2.城管只取締攤販嗎?3.維穩碩士主修什麼?",
            "time": "13-7-19 18:35"
        },
        {
            "comment id": 76,
            "parent": -1,
            "children": [],
            "user id": "2851296237",
            "user name": "不吐不快999",
            "content": "有没有混蛋贪污专业",
            "time": "13-7-19 18:33"
        },
        {
            "comment id": 77,
            "parent": -1,
            "children": [],
            "user id": "1188215420",
            "user name": "活泼大尾巴狼",
            "content": "这TMD的不公平，为什么@平壤崔成浩不能学，哼",
            "time": "13-7-19 18:32"
        },
        {
            "comment id": 78,
            "parent": -1,
            "children": [],
            "user id": "1639344577",
            "user name": "externIE",
            "content": "@李开复 不是说过吗这是网友的戏谑，你们还传//@任志强: 党校的？ //@刘淀生:才知道現在大学竟有此专业，我也想学。 //@胡紫微:1，你猜，2，你猜，3，你猜猜猜 //@李艷秋的新聞夜總會: //@_-冰翼-_: 觀察微博兩個月，發現討論最熱的詞是【維穩】【城管】，隔海就教:1.要維穩是因為有什麼事不穩",
            "time": "13-7-19 18:32"
        },
        {
            "comment id": 79,
            "parent": -1,
            "children": [],
            "user id": "2212452253",
            "user name": "陈振宇NJU",
            "content": " //@任志强: 党校的？ //@刘淀生:才知道現在大学竟有此专业，我也想学。 //@胡紫微:1，你猜，2，你猜，3，你猜猜猜  //@李艷秋的新聞夜總會:  //@_-冰翼-_: 觀察微博兩個月，發現討論最熱的詞是【維穩】【城管】，隔海就教:1.要維穩是因為有什麼事不穩嗎?2.城管只取締攤販嗎?3.維穩碩士主修什",
            "time": "13-7-19 18:31"
        }
    ]
}