{
    "source": {
        "content": "#红麦舆情解读#【红麦舆情聚焦：湖北学生工疲劳死，其父维权被打伤】7月12日，网曝刚上班3天的武汉理工大学学生杜春晓因工作时间过长(12小时)中暑身亡，7月19日，湖北广水市强海制鞋厂工人进行罢工，造成交通堵塞，特警奉命暴力驱赶，其父在找厂方维权时被当着警察面“打死”。网页链接 ",
        "time": "13-7-23 17:30",
        "user id": "1642352264",
        "tweet id": "A1ngKj2Tx",
        "label": 1,
        "theme": "社会生活"
    },
    "comment": [
        {
            "comment id": 0,
            "parent": -1,
            "children": [],
            "user id": "1748448300",
            "user name": "沈阳人儿",
            "content": "",
            "time": "13-7-26 14:59"
        },
        {
            "comment id": 1,
            "parent": -1,
            "children": [],
            "user id": "1681003912",
            "user name": "江燕-swallow",
            "content": "转发微博",
            "time": "13-7-25 22:15"
        },
        {
            "comment id": 2,
            "parent": -1,
            "children": [],
            "user id": "3244126853",
            "user name": "随风小筑的院落",
            "content": "是学生工疲劳死是谣言，还是其父维权被打伤是谣言",
            "time": "13-7-25 11:44"
        },
        {
            "comment id": 3,
            "parent": -1,
            "children": [],
            "user id": "1759054531",
            "user name": "BL蒋军辉",
            "content": "现在的工作人人压力都大啊",
            "time": "13-7-25 08:54"
        },
        {
            "comment id": 4,
            "parent": -1,
            "children": [],
            "user id": "2549726300",
            "user name": "广水新闻",
            "content": "【“学生打工身亡 父亲维权被打死”系谣传】网曝湖北广水大学生杜春晓12日在制鞋厂打工中暑死亡；18日其父找厂方维权时被打死。记者从广水市委宣传部和杜春晓家属处得知，杜春晓在广水市海强制鞋厂打工期间突发疾病死亡，其父杜某与厂方发生冲突受伤已于20日上午出院 via新京报 网页链接",
            "time": "13-7-24 21:52"
        },
        {
            "comment id": 5,
            "parent": -1,
            "children": [],
            "user id": "3272491834",
            "user name": "吃可爱多长大的鹿酱",
            "content": "又一个年轻的生命",
            "time": "13-7-24 18:11"
        },
        {
            "comment id": 6,
            "parent": -1,
            "children": [],
            "user id": "1621183882",
            "user name": "myhyperion",
            "content": "被举报了",
            "time": "13-7-24 11:54"
        },
        {
            "comment id": 7,
            "parent": -1,
            "children": [],
            "user id": "1822528741",
            "user name": "阿舒koko",
            "content": "",
            "time": "13-7-24 10:34"
        },
        {
            "comment id": 8,
            "parent": -1,
            "children": [],
            "user id": "2010987420",
            "user name": "楚风666",
            "content": "唉，能说点什么呢？好像都麻木了，P民们自求多福吧。",
            "time": "13-7-23 22:22"
        },
        {
            "comment id": 9,
            "parent": -1,
            "children": [],
            "user id": "1881330551",
            "user name": "潘依提多",
            "content": "",
            "time": "13-7-23 22:10"
        },
        {
            "comment id": 10,
            "parent": -1,
            "children": [],
            "user id": "2696236240",
            "user name": "WohAerYuo",
            "content": "Mark",
            "time": "13-7-23 18:30"
        },
        {
            "comment id": 11,
            "parent": -1,
            "children": [],
            "user id": "3502925755",
            "user name": "xiaobai9090",
            "content": "转发微博",
            "time": "13-7-23 18:30"
        },
        {
            "comment id": 12,
            "parent": -1,
            "children": [],
            "user id": "1914769121",
            "user name": "孙超532",
            "content": "转发微博",
            "time": "13-7-23 18:30"
        },
        {
            "comment id": 13,
            "parent": -1,
            "children": [],
            "user id": "1778036035",
            "user name": "安子游",
            "content": "又一个热点事件出现了",
            "time": "13-7-23 17:44"
        }
    ]
}