{
    "source": {
        "content": "【中国父子】博士和他的父亲，这国家，一孩子读书能把老父亲读成野人。拼尽全身全心全血全汗送个孩子读书！ 中国当代社会的真实写照。 ",
        "time": "13-7-23 23:07",
        "user id": "1147562814",
        "tweet id": "A1ptDojYp",
        "label": 1,
        "theme": "教育考试"
    },
    "comment": [
        {
            "comment id": 0,
            "parent": -1,
            "children": [],
            "user id": "1216746430",
            "user name": "老鸣子",
            "content": "回复@simpai:这很明显不是博士服",
            "time": "13-12-15 00:01"
        },
        {
            "comment id": 1,
            "parent": -1,
            "children": [],
            "user id": "1902451045",
            "user name": "simpai",
            "content": "@老鸣子 唉...",
            "time": "13-12-14 21:36"
        },
        {
            "comment id": 2,
            "parent": -1,
            "children": [],
            "user id": "3362205720",
            "user name": "BOSS男装-尊师桥i",
            "content": "如果读书出来还找不到工作那可怎么办啊 再要啃老就麻烦了 悲剧啊",
            "time": "13-8-3 13:43"
        },
        {
            "comment id": 3,
            "parent": -1,
            "children": [],
            "user id": "2211221273",
            "user name": "精纯和美夫人",
            "content": "我看介书不读也罢！",
            "time": "13-7-25 14:50"
        },
        {
            "comment id": 4,
            "parent": -1,
            "children": [],
            "user id": "1904065834",
            "user name": "垂帘吃瓜",
            "content": "这是泰国的图片。另外，就不能早点出来工作吗，非要读到博士。",
            "time": "13-7-24 19:45"
        },
        {
            "comment id": 5,
            "parent": -1,
            "children": [],
            "user id": "1624843791",
            "user name": "快乐王子路得",
            "content": "中国现实写照。//@演员孙海英: //@李军林导演: 伟大的父亲 //@作家浮石://@陈雷4498: ",
            "time": "13-7-24 16:15"
        },
        {
            "comment id": 6,
            "parent": -1,
            "children": [],
            "user id": "1929446625",
            "user name": "四九城儿的流浪猫",
            "content": "真悲哀 就你这还 \"全媒体出版人 历史地理 散文小说随笔 时尚传媒\" 那? 代表澳大利亚部分华人对你表示鄙视~",
            "time": "13-7-24 14:49"
        },
        {
            "comment id": 7,
            "parent": -1,
            "children": [],
            "user id": "2231861473",
            "user name": "深海之蜃楼",
            "content": "嘴角和眉头还是挺像的！这么是不实消息呢？",
            "time": "13-7-24 14:43"
        },
        {
            "comment id": 8,
            "parent": -1,
            "children": [],
            "user id": "2239628814",
            "user name": "Ray8612",
            "content": "你要不要脸，泰国的也要说成是中国的。有必要这样抹黑中国吗",
            "time": "13-7-24 13:37"
        },
        {
            "comment id": 9,
            "parent": -1,
            "children": [],
            "user id": "1919506815",
            "user name": "EXTRASOLO",
            "content": "他不读书就跟他爸一样，你见过美国底层读书读到博士了！都是贩毒犯罪博士",
            "time": "13-7-24 13:10"
        },
        {
            "comment id": 10,
            "parent": -1,
            "children": [],
            "user id": "2009834283",
            "user name": "isabella若若",
            "content": "这就是中国的复古梦",
            "time": "13-7-24 12:58"
        },
        {
            "comment id": 11,
            "parent": -1,
            "children": [],
            "user id": "1747956923",
            "user name": "老头帮",
            "content": "回复@09季候风:因为中国老人特别要给儿子面子，所以不会陪儿子拍这样照片。难道你这样岁数的会不知道？",
            "time": "13-7-24 12:01"
        },
        {
            "comment id": 12,
            "parent": -1,
            "children": [],
            "user id": "2598703362",
            "user name": "了心桐",
            "content": "没有淤泥，那来的莲花！最重的恩啊，如何思报！//@项君子: //@演员孙海英://@李军林导演: 伟大的父亲 //@作家浮石://@陈雷4498: ",
            "time": "13-7-24 11:50"
        },
        {
            "comment id": 13,
            "parent": -1,
            "children": [],
            "user id": "2303182857",
            "user name": "09季候风",
            "content": "回复@老头帮:呵呵，朋友，中国为什么不会有这样的照片？",
            "time": "13-7-24 11:40"
        },
        {
            "comment id": 14,
            "parent": -1,
            "children": [],
            "user id": "1657111931",
            "user name": "行走的Zero",
            "content": "这人是傻逼吗？照这张照片",
            "time": "13-7-24 11:30"
        },
        {
            "comment id": 15,
            "parent": -1,
            "children": [],
            "user id": "1135976427",
            "user name": "hgpymm",
            "content": "//@耐冬--小鸽子: //@演员孙海英: //@李军林导演: 伟大的父亲 //@作家浮石://@陈雷4498: ",
            "time": "13-7-24 11:18"
        },
        {
            "comment id": 16,
            "parent": -1,
            "children": [],
            "user id": "1747956923",
            "user name": "老头帮",
            "content": "回复@09季候风:中国不少。但中国不会有这样的照片",
            "time": "13-7-24 11:12"
        },
        {
            "comment id": 17,
            "parent": -1,
            "children": [],
            "user id": "1068092055",
            "user name": "稀里哗啦_",
            "content": "大学本来就不是义务教育，真心疼就先工作养家呗！",
            "time": "13-7-24 11:07"
        },
        {
            "comment id": 18,
            "parent": -1,
            "children": [],
            "user id": "1758902142",
            "user name": "有人说名字还是越短越好",
            "content": "除了心酸，找不到合适的话语。",
            "time": "13-7-24 11:07"
        },
        {
            "comment id": 19,
            "parent": -1,
            "children": [],
            "user id": "2303182857",
            "user name": "09季候风",
            "content": "回复@老头帮:难道中国这样的父子少吗？？？",
            "time": "13-7-24 10:49"
        },
        {
            "comment id": 20,
            "parent": -1,
            "children": [],
            "user id": "3651217631",
            "user name": "地球那些中国事",
            "content": "//@吾是毛毛扣:博主是SB，这是泰国的新闻。",
            "time": "13-7-24 10:45"
        },
        {
            "comment id": 21,
            "parent": -1,
            "children": [],
            "user id": "1822536853",
            "user name": "吾是毛毛扣",
            "content": "博主是SB，这是泰国的新闻。",
            "time": "13-7-24 10:42"
        },
        {
            "comment id": 22,
            "parent": -1,
            "children": [],
            "user id": "1497309317",
            "user name": "京城看荷",
            "content": "博主您长点儿心吧，这根本就不是中国的学位服好吗",
            "time": "13-7-24 10:36"
        },
        {
            "comment id": 23,
            "parent": -1,
            "children": [],
            "user id": "1941220504",
            "user name": "晓马不识途",
            "content": "太多太多了//@Guetta_Zhang: 老父含辛茹荼，陋室一贫如洗，只期望儿子有个不同于自己的人生。“知识改变命运”，希望这个儿子能完成人生蜕变，而非走过场。。。//@小能俊: 我觉得不读也罢！",
            "time": "13-7-24 10:35"
        },
        {
            "comment id": 24,
            "parent": -1,
            "children": [],
            "user id": "3651217631",
            "user name": "地球那些中国事",
            "content": "转发微博",
            "time": "13-7-24 10:32"
        },
        {
            "comment id": 25,
            "parent": -1,
            "children": [],
            "user id": "1564941630",
            "user name": "会吐火的红孩儿",
            "content": "回复@小乌鸦:是泰国的啊 这群 混蛋 找不到题材了",
            "time": "13-7-24 10:29"
        },
        {
            "comment id": 26,
            "parent": -1,
            "children": [],
            "user id": "2691823163",
            "user name": "yutq2010",
            "content": "此子若从政成为贪官的可能性大，若搞学术成就一般，可怜的父亲",
            "time": "13-7-24 10:28"
        },
        {
            "comment id": 27,
            "parent": -1,
            "children": [],
            "user id": "2361702011",
            "user name": "leegrace",
            "content": "我有一个这样伟大的父亲 //@Laruence: 唉 //@阿笨达斯: 你丫读成这操性有个蛋用！//@豌豆公主-sharon:心酸//@演员孙海英: //@李军林导演: 伟大的父亲 //@作家浮石://@陈雷4498: ",
            "time": "13-7-24 10:18"
        },
        {
            "comment id": 28,
            "parent": -1,
            "children": [],
            "user id": "3215712377",
            "user name": "养只小狗叫烧饼",
            "content": "尼玛！这是泰国的好吗！！！昨天都辟谣了！！！而且这是一套照片中最挫的那张！！！！看系列就不是那么个意思了！ //@_呼呼猪_:这男人挫爆了//@Laruence: 唉 //@阿笨达斯: 你丫读成这操性有个蛋用！//@豌豆公主-sharon:心酸//@演员孙海英: //@李军林导演: 伟大的父亲 //@作家浮石://@陈雷4498: ",
            "time": "13-7-24 10:15"
        },
        {
            "comment id": 29,
            "parent": -1,
            "children": [],
            "user id": "1773166081",
            "user name": "一朵小小小的红花",
            "content": "唉 。",
            "time": "13-7-24 10:09"
        },
        {
            "comment id": 30,
            "parent": -1,
            "children": [],
            "user id": "1224038105",
            "user name": "小乌鸦",
            "content": "中国的博士学位袍是红黑相间的，图中显然不是中国博士。别国的照片怎么就成了中国社会的真实写照呢？不过这些人不会认错，他们的逻辑是这样的，拿着错误的论据得出一个结论，你跟他说论据错误，他会说“就算论据错了，结论还是对的，事实就是这样”。",
            "time": "13-7-24 10:07"
        },
        {
            "comment id": 31,
            "parent": -1,
            "children": [],
            "user id": "2631489603",
            "user name": "北邮二浩哥",
            "content": "学而优则仕？",
            "time": "13-7-24 10:03"
        },
        {
            "comment id": 32,
            "parent": -1,
            "children": [],
            "user id": "1923349557",
            "user name": "泰委屈",
            "content": "艹，这是泰国的！！！！",
            "time": "13-7-24 10:01"
        },
        {
            "comment id": 33,
            "parent": -1,
            "children": [],
            "user id": "2815125502",
            "user name": "绮绮Jennifer",
            "content": "悲哀阿",
            "time": "13-7-24 10:01"
        },
        {
            "comment id": 34,
            "parent": -1,
            "children": [],
            "user id": "1657032010",
            "user name": "袁孜焕",
            "content": "泰国的。这个图说明不了什么，这个父亲看样子是刚从田里被临时叫上来拍照，鞋都没穿，不见得就比周围人穷。如果真穷，早该皮包骨头了。想象下中国矿工孩子跟刚从矿井出来的父亲拍照的场景。",
            "time": "13-7-24 09:58"
        },
        {
            "comment id": 35,
            "parent": -1,
            "children": [],
            "user id": "2157461541",
            "user name": "klfaoe",
            "content": "哎",
            "time": "13-7-24 09:50"
        },
        {
            "comment id": 36,
            "parent": -1,
            "children": [],
            "user id": "1659628560",
            "user name": "我不是小男",
            "content": "更可悲的是，自以为是博士的儿子也会因为没有背景而不能出人头地。买不起房、娶不起媳妇，老父晚年无养老可言、生病无钱治病，穷困而亡，最终博士郁郁而死。",
            "time": "13-7-24 09:48"
        },
        {
            "comment id": 37,
            "parent": -1,
            "children": [],
            "user id": "1152870424",
            "user name": "搬个凳子看星星",
            "content": "2B儿子",
            "time": "13-7-24 09:28"
        },
        {
            "comment id": 38,
            "parent": -1,
            "children": [],
            "user id": "3053030810",
            "user name": "溢流海鲜",
            "content": "可怜天下父母心",
            "time": "13-7-24 09:11"
        },
        {
            "comment id": 39,
            "parent": -1,
            "children": [],
            "user id": "1919842204",
            "user name": "夏长阳微博",
            "content": "//@摄影师陆杰: //@黄飞珏: //@黃克留: //@中国黑镜头: 想出头？太难。",
            "time": "13-7-24 09:09"
        },
        {
            "comment id": 40,
            "parent": -1,
            "children": [],
            "user id": "1747956923",
            "user name": "老头帮",
            "content": "这个有为孩子读书辛苦的父母，但是为什么发这样的照片呢来证明？明明泰国的事情啊，原文网页链接",
            "time": "13-7-24 09:05"
        },
        {
            "comment id": 41,
            "parent": -1,
            "children": [],
            "user id": "3574937414",
            "user name": "何群勇希望田野脐橙",
            "content": "不知道说什么好，感觉别扭//@露露-赣南脐橙:高贵的博士和他可怜的父亲//@小白兔口腔张亚南://@紫砂壶痴:转发微博",
            "time": "13-7-24 09:01"
        },
        {
            "comment id": 42,
            "parent": -1,
            "children": [],
            "user id": "2270426260",
            "user name": "老顽固777",
            "content": "中国梦！//@摄影师陆杰: //@黄飞珏: //@黃克留: //@中国黑镜头: 想出头？太难。",
            "time": "13-7-24 09:00"
        },
        {
            "comment id": 43,
            "parent": -1,
            "children": [],
            "user id": "1827266051",
            "user name": "CHINtyan",
            "content": "这图是泰国的，清迈大学",
            "time": "13-7-24 08:59"
        },
        {
            "comment id": 44,
            "parent": -1,
            "children": [],
            "user id": "1805489442",
            "user name": "摄影师陆杰",
            "content": "//@黄飞珏: //@黃克留: //@中国黑镜头: 想出头？太难。",
            "time": "13-7-24 08:57"
        },
        {
            "comment id": 45,
            "parent": -1,
            "children": [],
            "user id": "1490317540",
            "user name": "独行泥瓦匠",
            "content": "转发微博",
            "time": "13-7-24 08:54"
        },
        {
            "comment id": 46,
            "parent": -1,
            "children": [],
            "user id": "2360656522",
            "user name": "自大的木昆",
            "content": "这个揭的好，以正视听！//@茶馆酒仙: 不知道说你们什么好,照片都被扒了是清迈,那是泰国.//@古越-舜皇山:中国怪胎多啊！！！！//@露露-赣南脐橙:高贵的博士和他可怜的父亲//@小白兔口腔张亚南://@紫砂壶痴:转发微博",
            "time": "13-7-24 08:54"
        },
        {
            "comment id": 47,
            "parent": -1,
            "children": [],
            "user id": "1144119944",
            "user name": "四川纳雅生态农业开发有限公司",
            "content": "博士夫人会不会嫌弃这么伟大的夫亲！？//@露露-赣南脐橙: 高贵的博士和他可怜的父亲//@小白兔口腔张亚南://@紫砂壶痴:转发微博",
            "time": "13-7-24 08:48"
        },
        {
            "comment id": 48,
            "parent": -1,
            "children": [],
            "user id": "1306801802",
            "user name": "热爱篮球2",
            "content": "回复@周根硕:正解～",
            "time": "13-7-24 08:46"
        },
        {
            "comment id": 49,
            "parent": -1,
            "children": [],
            "user id": "1320226842",
            "user name": "甄国为",
            "content": "改变命运的父亲//@露露-赣南脐橙: 高贵的博士和他可怜的父亲//@小白兔口腔张亚南://@紫砂壶痴:转发微博",
            "time": "13-7-24 08:40"
        },
        {
            "comment id": 50,
            "parent": -1,
            "children": [],
            "user id": "2112686277",
            "user name": "大河之彬",
            "content": "这社会",
            "time": "13-7-24 08:34"
        },
        {
            "comment id": 51,
            "parent": -1,
            "children": [],
            "user id": "1770890645",
            "user name": "梦萦京城",
            "content": "转发微博",
            "time": "13-7-24 08:26"
        },
        {
            "comment id": 52,
            "parent": -1,
            "children": [],
            "user id": "1281267222",
            "user name": "JIA-YAJUN",
            "content": "哎。。。。",
            "time": "13-7-24 08:24"
        },
        {
            "comment id": 53,
            "parent": -1,
            "children": [],
            "user id": "1871727393",
            "user name": "驴背天下",
            "content": "这个图片是PS出来的吧！肯定是想损这个博士了！",
            "time": "13-7-24 08:24"
        },
        {
            "comment id": 54,
            "parent": -1,
            "children": [],
            "user id": "2141418205",
            "user name": "轩秀图文",
            "content": "这是一个什么社会？？？？",
            "time": "13-7-24 08:20"
        },
        {
            "comment id": 55,
            "parent": -1,
            "children": [],
            "user id": "1985737650",
            "user name": "小文家快时尚",
            "content": "心酸呢",
            "time": "13-7-24 08:16"
        },
        {
            "comment id": 56,
            "parent": -1,
            "children": [],
            "user id": "1914397794",
            "user name": "李志-同學",
            "content": "转发微博",
            "time": "13-7-24 07:58"
        },
        {
            "comment id": 57,
            "parent": -1,
            "children": [],
            "user id": "1259930685",
            "user name": "Kevin-kangkang",
            "content": "回复@小希童年:为什么无端骂人",
            "time": "13-7-24 07:50"
        },
        {
            "comment id": 58,
            "parent": -1,
            "children": [],
            "user id": "1420166355",
            "user name": "跑走在梅赫伦",
            "content": "这个孩子，本科即可工作，养家，为什么还要多读这么多年？//@新闻酸菜馆: //@演员孙海英://@李军林导演: 伟大的父亲 //@作家浮石://@陈雷4498: ",
            "time": "13-7-24 07:47"
        },
        {
            "comment id": 59,
            "parent": -1,
            "children": [],
            "user id": "1299001605",
            "user name": "谢廖申卡",
            "content": "回复@盐城weathervane:泰国的事情啊，原文网页链接",
            "time": "13-7-24 07:46"
        },
        {
            "comment id": 60,
            "parent": -1,
            "children": [],
            "user id": "1299001605",
            "user name": "谢廖申卡",
            "content": "回复@一小粒草籽:泰国的事情，原文网页链接",
            "time": "13-7-24 07:44"
        },
        {
            "comment id": 61,
            "parent": -1,
            "children": [],
            "user id": "1871871770",
            "user name": "2016轻描淡写诉人生",
            "content": "无语…感叹…",
            "time": "13-7-24 07:37"
        },
        {
            "comment id": 62,
            "parent": -1,
            "children": [],
            "user id": "1831175775",
            "user name": "暴走小芳",
            "content": "什么博士 mb 就是一个脑残！看那个长相就和微薄的博主一个掉样",
            "time": "13-7-24 07:29"
        },
        {
            "comment id": 63,
            "parent": -1,
            "children": [],
            "user id": "1956622752",
            "user name": "佳琳2011",
            "content": "泰国父子//@若瑟_天牧星星: 造谣可耻！//@好脾气linda: 泰国父子照片，博主你故意张冠李戴 //@任厂长: 介尼玛是泰国的事情，还真有傻缺容易被忽悠，原文有大量的照片和泰文介绍，地址：网页链接",
            "time": "13-7-24 07:24"
        },
        {
            "comment id": 64,
            "parent": -1,
            "children": [],
            "user id": "2596458991",
            "user name": "异域孔雀",
            "content": "拿着博士学位踏入社会，处处凌乱后才知道，中国只是文明世界的荒郊野外。",
            "time": "13-7-24 07:22"
        },
        {
            "comment id": 65,
            "parent": -1,
            "children": [],
            "user id": "1955799405",
            "user name": "商业女记者部落",
            "content": "如果这博士再失业了……",
            "time": "13-7-24 07:12"
        },
        {
            "comment id": 66,
            "parent": -1,
            "children": [],
            "user id": "2903467655",
            "user name": "孟林羽夕",
            "content": "真的很无语＇眼泪在眼里打转＇为了孩子＇可怜的父亲是怎样熬过来的 。。。。",
            "time": "13-7-24 07:06"
        },
        {
            "comment id": 67,
            "parent": -1,
            "children": [],
            "user id": "1721697235",
            "user name": "小小一块五",
            "content": "都博士了，就不能琢磨着让老爹洗个澡换身衣服",
            "time": "13-7-24 06:57"
        },
        {
            "comment id": 68,
            "parent": -1,
            "children": [],
            "user id": "2720894617",
            "user name": "石三金-",
            "content": "我爱中国，但是我不爱社会主义。",
            "time": "13-7-24 06:52"
        },
        {
            "comment id": 69,
            "parent": -1,
            "children": [],
            "user id": "1820836917",
            "user name": "NnN_n刘",
            "content": "",
            "time": "13-7-24 06:39"
        },
        {
            "comment id": 70,
            "parent": -1,
            "children": [],
            "user id": "1972446242",
            "user name": "盐城weathervane",
            "content": "中国的农民不容易，孩子读书和家人疾病是贫困的主要原因。",
            "time": "13-7-24 06:01"
        },
        {
            "comment id": 71,
            "parent": -1,
            "children": [],
            "user id": "2247989967",
            "user name": "江阴色织布",
            "content": "你拿来了这个博士又如何？报效祖国？那祖国如何对待你的父亲？",
            "time": "13-7-24 06:00"
        },
        {
            "comment id": 72,
            "parent": -1,
            "children": [],
            "user id": "1281761302",
            "user name": "张江柚子哥哥",
            "content": " @柚子皮妹妹 ",
            "time": "13-7-24 04:46"
        },
        {
            "comment id": 73,
            "parent": -1,
            "children": [],
            "user id": "1266334773",
            "user name": "PemmyTin",
            "content": "都是好父亲！",
            "time": "13-7-24 03:35"
        },
        {
            "comment id": 74,
            "parent": -1,
            "children": [],
            "user id": "2357531530",
            "user name": "金银花是忍冬",
            "content": "這博士就不能把他的襯衣，皮鞋給老爹穿，自己光腳照一張。供這麼個孩子出來有啥用？老大不小了啥都靠爹供。",
            "time": "13-7-24 03:35"
        },
        {
            "comment id": 75,
            "parent": -1,
            "children": [],
            "user id": "3044835347",
            "user name": "高山观日",
            "content": "应该向这对父子敬礼！它使人想起日本电影《砂器》。伟大的父亲！而博士能够和野人一般的父亲合影，良心未泯！",
            "time": "13-7-24 01:39"
        },
        {
            "comment id": 76,
            "parent": -1,
            "children": [],
            "user id": "1815918995",
            "user name": "悍无敌",
            "content": "",
            "time": "13-7-24 01:30"
        },
        {
            "comment id": 77,
            "parent": -1,
            "children": [],
            "user id": "2075135731",
            "user name": "重慶光子",
            "content": "一样花两样看（有人看见了花，有人看见了刺），一桩事两样情（一则一喜，一则一忧）。勤俭勤劳的父亲和他勤奋读书的儿子这幅令人感慨万千的合影，今天来看有些苍桑与遗憾，“朝为田舍郎，暮登天子堂”在今天似越来越成童话了，在这个拼爹的国度，社会底层的上升通道是敞开的吗？！",
            "time": "13-7-24 01:14"
        },
        {
            "comment id": 78,
            "parent": -1,
            "children": [],
            "user id": "1820219345",
            "user name": "李爱伟EvanLee",
            "content": "这孩子有蛋用？",
            "time": "13-7-24 01:10"
        },
        {
            "comment id": 79,
            "parent": -1,
            "children": [],
            "user id": "1659828763",
            "user name": "重力式挡墙",
            "content": "属实？他读的是畜生博士么？",
            "time": "13-7-24 01:01"
        }
    ]
}