{
    "source": {
        "content": ". 帮忙、！ 求扩散，今天上午一个三岁多小女孩在龙华大润发超市附近被人拐走了，小女孩能准确说出她爸爸的手机号码，从监控上看是被一个四十多岁男人抱走了，现大人都急疯了，有知情者请告之，万分感谢！看到信息的兄弟姐妹留意一下！联系人郑春蓉13606961118 （幫忙转发）  功德无量 ",
        "time": "13-8-2 23:41",
        "user id": "1035938010",
        "tweet id": "A2VYqzenZ",
        "label": 1,
        "theme": "社会生活"
    },
    "comment": [
        {
            "comment id": 0,
            "parent": -1,
            "children": [],
            "user id": "3050980235",
            "user name": "中国茶艺美学馆",
            "content": "",
            "time": "13-8-9 06:35"
        },
        {
            "comment id": 1,
            "parent": -1,
            "children": [],
            "user id": "1350433707",
            "user name": "澄杳钟",
            "content": "//@邵立春书画: 转发微博",
            "time": "13-8-4 19:56"
        },
        {
            "comment id": 2,
            "parent": -1,
            "children": [],
            "user id": "1697551425",
            "user name": "元青同学",
            "content": "不知什么是真什么是假了。",
            "time": "13-8-3 23:34"
        },
        {
            "comment id": 3,
            "parent": -1,
            "children": [],
            "user id": "1901654087",
            "user name": "名城在线网",
            "content": "博主您好，小编请您往搜微博中输入“大润发超市”，您就会看见与这寻人微博一模一样的有太原版、汕头版、齐齐哈尔版、杭州版等十几个版本的，原发和转发这种谣言微博的人除了是出于爱心，还有是为了通过吸金手机来骗钱和企图引得关注，而其骗人的成本却很低，为了清澈微博，请您删除这虚假信息吧",
            "time": "13-8-3 00:07"
        },
        {
            "comment id": 4,
            "parent": -1,
            "children": [],
            "user id": "1423037454",
            "user name": "金陵芦苇",
            "content": "假的信息。",
            "time": "13-8-2 23:44"
        }
    ]
}