{
    "source": {
        "content": "#越南乳瓜#【“越南乳瓜”来了 你敢吃么？】神奇的越南乳瓜，神似女性的乳房，颜色略呈粉色。乳瓜成熟果实含葡萄糖、果糖、蔗糖、胡萝卜素、维生素C、酒石酸、枸椽酸、苹果酸等。营养价值也很高。越南商务部发言人说，预计适当时间这种瓜果会大量进入中国市场，流入千家万户的餐桌。越南乳瓜你敢吃吗？ ",
        "time": "13-8-3 17:47",
        "user id": "2090141707",
        "tweet id": "A334Ze2vU",
        "label": 1,
        "theme": "医药健康"
    },
    "comment": [
        {
            "comment id": 0,
            "parent": -1,
            "children": [],
            "user id": "2558095311",
            "user name": "萌坏一锅粥呀",
            "content": "#越南乳瓜# 越南乳瓜 涨姿势了@离岛刂 详情:网页链接",
            "time": "13-8-16 09:03"
        },
        {
            "comment id": 1,
            "parent": -1,
            "children": [],
            "user id": "1096063642",
            "user name": "jumpooooooooo",
            "content": "“还有一些网店跟风售卖这种“越南进口乳瓜 ”——上当了有木有？这些乳房形状的丝瓜是人造制品，它们是由一位来自越南河静省的28岁女艺术家创作！” 来自话题#越南乳瓜# 网页链接",
            "time": "13-8-12 15:04"
        },
        {
            "comment id": 2,
            "parent": -1,
            "children": [],
            "user id": "1750755115",
            "user name": "继续发光发亮呀乡小嘉",
            "content": "回复@个个讲野都唔算数:-.-你最近。。。",
            "time": "13-8-6 01:43"
        },
        {
            "comment id": 3,
            "parent": -1,
            "children": [],
            "user id": "1880012190",
            "user name": "给恢诡谲怪",
            "content": "@Kathy_Heung 像不像",
            "time": "13-8-6 01:42"
        },
        {
            "comment id": 4,
            "parent": -1,
            "children": [],
            "user id": "2902348693",
            "user name": "寻寻觅觅毕竟是人生",
            "content": "淘宝网:卖国鞋国鞋 正在火热促销中, 凭这条信息进店购买可享优惠,专注于脚下的顶级设计 网页链接",
            "time": "13-8-4 17:59"
        },
        {
            "comment id": 5,
            "parent": -1,
            "children": [],
            "user id": "3202082191",
            "user name": "畑中光亮MitsusukeHatanaka",
            "content": "What's these!?Are these women's breast juice melon?Vorwohoho!",
            "time": "13-8-4 14:29"
        },
        {
            "comment id": 6,
            "parent": -1,
            "children": [],
            "user id": "2270949044",
            "user name": "Mark_lau123",
            "content": "SBBBBBBBBBBBBBBBB 来自话题#越南乳瓜# 网页链接",
            "time": "13-8-4 13:47"
        },
        {
            "comment id": 7,
            "parent": -1,
            "children": [],
            "user id": "3523636705",
            "user name": "久别重逢lll",
            "content": "#越南乳瓜# 敢吃么[lt切克闹][lt切克闹] 详情:网页链接",
            "time": "13-8-4 13:33"
        },
        {
            "comment id": 8,
            "parent": -1,
            "children": [],
            "user id": "1804281240",
            "user name": "斯诺登Snowden-",
            "content": "近日网上流传一种乳瓜，其中一些专家，名人，媒体等言论不乏大赞此物营养极高，试问，你吃过？见过？你这营养是从哪里来的，随便搜搜就能见到众多关于此物可以吃的言说，发言前请论证(谷歌 百度 ），没有实际就敢如此大放言论，觉得这类专家可以收收场，不要闹笑话 来自:网页链接",
            "time": "13-8-4 13:14"
        },
        {
            "comment id": 9,
            "parent": -1,
            "children": [],
            "user id": "1757221653",
            "user name": "酱鸡翅我们走",
            "content": "#越南乳瓜# 转发微博 话题详情:网页链接",
            "time": "13-8-4 13:12"
        },
        {
            "comment id": 10,
            "parent": -1,
            "children": [],
            "user id": "1653746674",
            "user name": "我是一颗菠萝精",
            "content": "不管是不是真的，总之好恶心 来自话题#越南乳瓜# 网页链接",
            "time": "13-8-4 13:03"
        },
        {
            "comment id": 11,
            "parent": -1,
            "children": [],
            "user id": "2130551202",
            "user name": "H-218",
            "content": "麻烦删博啦...不要再让谣言到处散播 来自话题#越南乳瓜# 网页链接",
            "time": "13-8-4 13:01"
        },
        {
            "comment id": 12,
            "parent": -1,
            "children": [],
            "user id": "1789661253",
            "user name": "梅了_",
            "content": "呵呵。。。微博谣言就是这么来的！明明澄清了是艺术家人造的 尼玛还能把成分说出来。。。太神了你 来自话题#越南乳瓜# 网页链接",
            "time": "13-8-4 12:49"
        },
        {
            "comment id": 13,
            "parent": -1,
            "children": [],
            "user id": "1947082275",
            "user name": "尾小巴mao",
            "content": "谣言还说的有理有据的，微博上的谣言都是这么来的 来自话题#越南乳瓜# 网页链接",
            "time": "13-8-4 12:46"
        },
        {
            "comment id": 14,
            "parent": -1,
            "children": [],
            "user id": "1750882192",
            "user name": "------aaaaaa----------",
            "content": "sx 来自话题#越南乳瓜# 网页链接",
            "time": "13-8-4 12:40"
        },
        {
            "comment id": 15,
            "parent": -1,
            "children": [],
            "user id": "1725141730",
            "user name": "珠江新城少女的祈祷",
            "content": "大哥，假的啊- -！ 来自话题#越南乳瓜# 网页链接",
            "time": "13-8-4 12:36"
        },
        {
            "comment id": 16,
            "parent": -1,
            "children": [],
            "user id": "3196893185",
            "user name": "elle的爱",
            "content": "#越南乳瓜# 转发微博 话题详情:网页链接",
            "time": "13-8-4 12:36"
        },
        {
            "comment id": 17,
            "parent": -1,
            "children": [],
            "user id": "1644737355",
            "user name": "仅知",
            "content": "谣言 来自话题#越南乳瓜# 网页链接",
            "time": "13-8-4 12:35"
        },
        {
            "comment id": 18,
            "parent": -1,
            "children": [],
            "user id": "2885386734",
            "user name": "光影剪刀手马克",
            "content": "#越南乳瓜# 太神奇了！ 详情:网页链接",
            "time": "13-8-4 11:28"
        },
        {
            "comment id": 19,
            "parent": -1,
            "children": [],
            "user id": "1052190472",
            "user name": "城东老周包袱多",
            "content": "已经证实是人造作品，假的。但为什么会说会大量进入中国市场呢？以往这种玩意的市场，不都是在日本吗？不解。 来自话题#越南乳瓜# 网页链接",
            "time": "13-8-4 11:07"
        },
        {
            "comment id": 20,
            "parent": -1,
            "children": [],
            "user id": "1046429175",
            "user name": "碧缘风语",
            "content": "#越南乳瓜# 越南乳瓜”来了 你敢吃么？ 详情:网页链接",
            "time": "13-8-4 11:02"
        },
        {
            "comment id": 21,
            "parent": -1,
            "children": [],
            "user id": "1763334735",
            "user name": "天凉-好ge秋",
            "content": "什么敢不敢吃的，某些男人不是都在舔女人的B么？拉屎拉尿的地方都敢舔了，还有什么不敢吃的 来自话题#越南乳瓜# 网页链接",
            "time": "13-8-4 11:02"
        },
        {
            "comment id": 22,
            "parent": -1,
            "children": [],
            "user id": "1978341095",
            "user name": "H-耀洪",
            "content": "回复@L-Tanas:有点奇葩",
            "time": "13-8-4 10:53"
        },
        {
            "comment id": 23,
            "parent": -1,
            "children": [],
            "user id": "1763955434",
            "user name": "夏雨啦_",
            "content": "@H-耀洪 来自话题#越南乳瓜# 网页链接",
            "time": "13-8-4 10:52"
        },
        {
            "comment id": 24,
            "parent": -1,
            "children": [],
            "user id": "2502072944",
            "user name": "别关注真小号",
            "content": "#越南乳瓜# @无存在感的仓鼠 详情:网页链接",
            "time": "13-8-4 10:47"
        },
        {
            "comment id": 25,
            "parent": -1,
            "children": [],
            "user id": "1932805384",
            "user name": "zy怡--今天晴",
            "content": "好无聊啊你   不知道是假的吗？ 来自话题#越南乳瓜# 网页链接",
            "time": "13-8-4 10:41"
        },
        {
            "comment id": 26,
            "parent": -1,
            "children": [],
            "user id": "2070869192",
            "user name": "深浅de清溪",
            "content": "那不是人家的艺术创作么·····这么错误的言论竟然还不删除= =越南哪个商务部发言人说的啊····真是= =！ 来自话题#越南乳瓜# 网页链接",
            "time": "13-8-4 10:40"
        },
        {
            "comment id": 27,
            "parent": -1,
            "children": [],
            "user id": "1853746232",
            "user name": "Mister-k",
            "content": "回复@Ceastbon:买给你食",
            "time": "13-8-4 10:35"
        },
        {
            "comment id": 28,
            "parent": -1,
            "children": [],
            "user id": "1794585120",
            "user name": "火山尼",
            "content": "请你删除这条错误的微博好吗 不要再传递错误信息了。 来自话题#越南乳瓜# 查看话题详情",
            "time": "13-8-4 10:24"
        },
        {
            "comment id": 29,
            "parent": -1,
            "children": [],
            "user id": "3333573272",
            "user name": "伯滋高级成衣定制__无锡店",
            "content": "",
            "time": "13-8-4 10:22"
        },
        {
            "comment id": 30,
            "parent": -1,
            "children": [],
            "user id": "1863479480",
            "user name": "哇涩蒋茜",
            "content": "#越南乳瓜# 这营养价值！如果比胡萝卜好吃的话，还种什么胡萝卜， 详情:查看话题详情",
            "time": "13-8-4 10:15"
        },
        {
            "comment id": 31,
            "parent": -1,
            "children": [],
            "user id": "1797476574",
            "user name": "小肥甲",
            "content": "辟谣了傻逼！ 来自话题#越南乳瓜# 查看话题详情",
            "time": "13-8-4 10:15"
        },
        {
            "comment id": 32,
            "parent": -1,
            "children": [],
            "user id": "1950951791",
            "user name": "MYGGGGGG",
            "content": "傻逼都说是假的了 来自话题#越南乳瓜# 查看话题详情",
            "time": "13-8-4 10:03"
        },
        {
            "comment id": 33,
            "parent": -1,
            "children": [],
            "user id": "3543987845",
            "user name": "言成岂几",
            "content": "#越南乳瓜# 转发微博 话题详情:查看话题详情",
            "time": "13-8-4 09:53"
        },
        {
            "comment id": 34,
            "parent": -1,
            "children": [],
            "user id": "1734139815",
            "user name": "江家熠",
            "content": "以讹传讹么？ 来自话题#越南乳瓜# 查看话题详情",
            "time": "13-8-4 09:50"
        },
        {
            "comment id": 35,
            "parent": -1,
            "children": [],
            "user id": "3535221673",
            "user name": "咯咯嗝格格",
            "content": "#越南乳瓜#  详情:查看话题详情",
            "time": "13-8-4 09:40"
        },
        {
            "comment id": 36,
            "parent": -1,
            "children": [],
            "user id": "2290460444",
            "user name": "MandyCherry_",
            "content": "男性同胞的福利 来自话题#越南乳瓜# 查看话题详情",
            "time": "13-8-4 09:23"
        },
        {
            "comment id": 37,
            "parent": -1,
            "children": [],
            "user id": "1768582131",
            "user name": "Wonder群鴨",
            "content": "#越南乳瓜# 转发微博 话题详情:查看话题详情",
            "time": "13-8-4 08:49"
        },
        {
            "comment id": 38,
            "parent": -1,
            "children": [],
            "user id": "3651510865",
            "user name": "webo12593",
            "content": "#越南乳瓜# 转发微博 话题详情:查看话题详情",
            "time": "13-8-4 08:26"
        },
        {
            "comment id": 39,
            "parent": -1,
            "children": [],
            "user id": "2022490547",
            "user name": "鲁国寡民",
            "content": "吃乳",
            "time": "13-8-4 05:02"
        },
        {
            "comment id": 40,
            "parent": -1,
            "children": [],
            "user id": "1803978204",
            "user name": "Ceci_这个佩儿那个珊儿",
            "content": "@-黄HX- @黄晓q1ng 重不重口味啊哈 春色满园关不住，一支乳瓜出墙来 来自话题#越南乳瓜# 查看话题详情",
            "time": "13-8-4 03:25"
        },
        {
            "comment id": 41,
            "parent": -1,
            "children": [],
            "user id": "2903760293",
            "user name": "谦-Hin",
            "content": "回复@__志豪同學:啤啤 你好变态",
            "time": "13-8-4 00:22"
        },
        {
            "comment id": 42,
            "parent": -1,
            "children": [],
            "user id": "1733135433",
            "user name": "麋·鹿酱酱酱",
            "content": "艺术品听说也能富含这么多元素? 来自话题#越南乳瓜# 查看话题详情",
            "time": "13-8-4 00:02"
        },
        {
            "comment id": 43,
            "parent": -1,
            "children": [],
            "user id": "1568477464",
            "user name": "Deleteeeeeeeeeeettt",
            "content": "#越南乳瓜# 满园春色关不住，一只乳瓜出墙来。 详情:查看话题详情",
            "time": "13-8-3 23:45"
        },
        {
            "comment id": 44,
            "parent": -1,
            "children": [],
            "user id": "1678218714",
            "user name": "zxxxxxxxc",
            "content": "@荭点点 来自话题#越南乳瓜# 查看话题详情",
            "time": "13-8-3 23:42"
        },
        {
            "comment id": 45,
            "parent": -1,
            "children": [],
            "user id": "1937789762",
            "user name": "我就是幼稚啊丶",
            "content": "回复@哪个少年不戴花:就是因为吃过了太好吃了还想吃嘛",
            "time": "13-8-3 23:31"
        },
        {
            "comment id": 46,
            "parent": -1,
            "children": [],
            "user id": "2295412491",
            "user name": "仗剑醉小楼",
            "content": "傻逼 来自话题#越南乳瓜# 查看话题详情",
            "time": "13-8-3 23:17"
        },
        {
            "comment id": 47,
            "parent": -1,
            "children": [],
            "user id": "2906075991",
            "user name": "狐狸的小屁孩",
            "content": "#越南乳瓜# 尼玛，太恶心了！！真的世界什么都有！！@当王沥川遇上原非白 @pacoYEUNG @June_俊义 详情:查看话题详情",
            "time": "13-8-3 23:17"
        },
        {
            "comment id": 48,
            "parent": -1,
            "children": [],
            "user id": "2620757247",
            "user name": "好运穗穗",
            "content": "原来你乳房长这样。。 来自话题#越南乳瓜# 查看话题详情",
            "time": "13-8-3 22:42"
        },
        {
            "comment id": 49,
            "parent": -1,
            "children": [],
            "user id": "2303151907",
            "user name": "是你艳大佬没错了",
            "content": "回复@-我是新新哦哈哈:又不是没吃过",
            "time": "13-8-3 22:40"
        },
        {
            "comment id": 50,
            "parent": -1,
            "children": [],
            "user id": "1709584197",
            "user name": "闪亮晶",
            "content": "这他妈不可能？！P的吧？！",
            "time": "13-8-3 22:32"
        },
        {
            "comment id": 51,
            "parent": -1,
            "children": [],
            "user id": "2285607092",
            "user name": "-Loser刘月英",
            "content": "@-loser杨斯敏 来自话题#越南乳瓜# 查看话题详情",
            "time": "13-8-3 22:22"
        },
        {
            "comment id": 52,
            "parent": -1,
            "children": [],
            "user id": "1649178454",
            "user name": "智障一中留级生",
            "content": "难怪人家说加V的都是沙比 来自话题#越南乳瓜# 查看话题详情",
            "time": "13-8-3 22:19"
        },
        {
            "comment id": 53,
            "parent": -1,
            "children": [],
            "user id": "1959386177",
            "user name": "一颗放荡不羁的香菇",
            "content": "#越南乳瓜# 我诶个去  太像了吧 详情:查看话题详情",
            "time": "13-8-3 22:14"
        },
        {
            "comment id": 54,
            "parent": -1,
            "children": [],
            "user id": "2291448562",
            "user name": "嗨是我在呀",
            "content": "#越南乳瓜# 糙。。世界无奇不有 详情:查看话题详情",
            "time": "13-8-3 22:13"
        },
        {
            "comment id": 55,
            "parent": -1,
            "children": [],
            "user id": "2168350554",
            "user name": "柑是柑总的柑",
            "content": "PO主大忽悠   人家都澄清了这不是真的 来自话题#越南乳瓜# 查看话题详情",
            "time": "13-8-3 22:06"
        },
        {
            "comment id": 56,
            "parent": -1,
            "children": [],
            "user id": "1658318924",
            "user name": "说不定你叫夏天",
            "content": "。。。。。。。。。。。。。。。。。。。。。。。。 来自话题#越南乳瓜# 查看话题详情",
            "time": "13-8-3 21:50"
        },
        {
            "comment id": 57,
            "parent": -1,
            "children": [],
            "user id": "1692582437",
            "user name": "南瓜糖少女",
            "content": "#越南乳瓜# 卧槽  好恶心啊 ,,,, 详情:查看话题详情",
            "time": "13-8-3 21:45"
        },
        {
            "comment id": 58,
            "parent": -1,
            "children": [],
            "user id": "1958099741",
            "user name": "2h0uF5",
            "content": "忽悠，接着忽悠。包治百病 来自话题#越南乳瓜# 查看话题详情",
            "time": "13-8-3 21:20"
        },
        {
            "comment id": 59,
            "parent": -1,
            "children": [],
            "user id": "1813149683",
            "user name": "来自星星的夏大大",
            "content": "这些乳房形状的丝瓜是人造制品，它们是由一位来自越南河静省的28岁女艺术家创作。lz傻逼不要解释 来自话题#越南乳瓜# 查看话题详情",
            "time": "13-8-3 21:08"
        },
        {
            "comment id": 60,
            "parent": -1,
            "children": [],
            "user id": "1762111774",
            "user name": "EvanismYu",
            "content": "@Mister-k 来自话题#越南乳瓜# 查看话题详情",
            "time": "13-8-3 21:05"
        },
        {
            "comment id": 61,
            "parent": -1,
            "children": [],
            "user id": "1641073543",
            "user name": "然尘Cherry",
            "content": "#越南乳瓜# 我怎么感觉是想吐的节奏··· 详情:查看话题详情",
            "time": "13-8-3 21:03"
        },
        {
            "comment id": 62,
            "parent": -1,
            "children": [],
            "user id": "1870844981",
            "user name": "萌芽wu",
            "content": "@zworkman 来自话题#越南乳瓜# 查看话题详情",
            "time": "13-8-3 21:01"
        },
        {
            "comment id": 63,
            "parent": -1,
            "children": [],
            "user id": "1582669167",
            "user name": "我们学校放假啦_",
            "content": "呵呵 来自话题#越南乳瓜# 查看话题详情",
            "time": "13-8-3 20:59"
        },
        {
            "comment id": 64,
            "parent": -1,
            "children": [],
            "user id": "1792157103",
            "user name": "Juneeighthx",
            "content": "红心大萝卜  欢迎大家来充个话费 来自话题#越南乳瓜# 查看话题详情",
            "time": "13-8-3 20:49"
        },
        {
            "comment id": 65,
            "parent": -1,
            "children": [],
            "user id": "1792157103",
            "user name": "Juneeighthx",
            "content": "楼主傻逼不解释( 来自话题#越南乳瓜# 查看话题详情",
            "time": "13-8-3 20:48"
        },
        {
            "comment id": 66,
            "parent": -1,
            "children": [],
            "user id": "3678131592",
            "user name": "夕阳红2049",
            "content": "#越南乳瓜# 女人吃了再不要丰乳了！ 详情:查看话题详情",
            "time": "13-8-3 20:48"
        },
        {
            "comment id": 67,
            "parent": -1,
            "children": [],
            "user id": "1310048397",
            "user name": "花果山小猴子",
            "content": "#越南乳瓜# @吃水闲人 详情:查看话题详情",
            "time": "13-8-3 20:37"
        },
        {
            "comment id": 68,
            "parent": -1,
            "children": [],
            "user id": "1088226365",
            "user name": "空有吃货心_求铁桶胃",
            "content": "楼主不容易，还自己多编了一点，辛苦了。 来自话题#越南乳瓜# 查看话题详情",
            "time": "13-8-3 20:37"
        },
        {
            "comment id": 69,
            "parent": -1,
            "children": [],
            "user id": "2132274352",
            "user name": "Ming媚-",
            "content": "我和小伙伴们都惊呆了[抠鼻屎]",
            "time": "13-8-3 20:29"
        },
        {
            "comment id": 70,
            "parent": -1,
            "children": [],
            "user id": "2609855317",
            "user name": "美杉酱Sophia",
            "content": "回复@清矜小甜心:楼主傻逼不解释 来自话题#越南乳瓜# 查看话题详情",
            "time": "13-8-3 20:19"
        },
        {
            "comment id": 71,
            "parent": -1,
            "children": [],
            "user id": "2609855317",
            "user name": "美杉酱Sophia",
            "content": "傻逼 来自话题#越南乳瓜# 查看话题详情",
            "time": "13-8-3 20:18"
        },
        {
            "comment id": 72,
            "parent": -1,
            "children": [],
            "user id": "2210442090",
            "user name": "方啤啤",
            "content": "@谦-Hin ",
            "time": "13-8-3 20:11"
        },
        {
            "comment id": 73,
            "parent": -1,
            "children": [],
            "user id": "2423349554",
            "user name": "Stephanie--Huang",
            "content": "@雨听话听雨 当时我还真信了 来自话题#越南乳瓜# 查看话题详情",
            "time": "13-8-3 20:06"
        },
        {
            "comment id": 74,
            "parent": -1,
            "children": [],
            "user id": "1641360872",
            "user name": "橙橙橙橙橙陈-",
            "content": "@脑袋立在屁股上  来自话题#越南乳瓜# 查看话题详情",
            "time": "13-8-3 19:45"
        },
        {
            "comment id": 75,
            "parent": -1,
            "children": [],
            "user id": "3651632901",
            "user name": "你必须活得像一句广告mm",
            "content": "我和小伙伴们都惊呆了 来自话题#越南乳瓜# 查看话题详情",
            "time": "13-8-3 19:45"
        },
        {
            "comment id": 76,
            "parent": -1,
            "children": [],
            "user id": "1686882165",
            "user name": "菜帮帮_",
            "content": "#越南乳瓜# 转发微博 话题详情:查看话题详情",
            "time": "13-8-3 19:45"
        },
        {
            "comment id": 77,
            "parent": -1,
            "children": [],
            "user id": "1743584692",
            "user name": "慢慢迪",
            "content": "@Kenleungggg",
            "time": "13-8-3 19:42"
        },
        {
            "comment id": 78,
            "parent": -1,
            "children": [],
            "user id": "2621663983",
            "user name": "清矜",
            "content": "你初中高中有没有学过化学？果糖、蔗糖，葡萄糖一个瓜里面这么多糖？那还能吃？还营养价值高？枸橼酸苹果酸，竟然还有还原剂酒石酸？！！ 我和医学界所有人都惊呆了。 来自话题#越南乳瓜# 查看话题详情",
            "time": "13-8-3 19:37"
        },
        {
            "comment id": 79,
            "parent": -1,
            "children": [],
            "user id": "2387139354",
            "user name": "一击不堪本石",
            "content": "回复@Kaya_khun:我去 毁我三观",
            "time": "13-8-3 19:32"
        }
    ]
}