{
    "source": {
        "content": "#网友反映#【视频：江苏新沂城管暴力执法？】据网友@李敖观天下 ：继延安城管爆头商户，临武城管打死瓜农，西宁城管围殴民警之后，江苏城管以五对一，好不威风。视频：视频 城管执法何时才能不这么简单粗暴？@微博江苏 @新沂发布 ",
        "time": "13-8-7 09:36",
        "user id": "3214103771",
        "tweet id": "A3BzRzR0H",
        "label": 0,
        "theme": "社会生活"
    },
    "comment": [
        {
            "comment id": 0,
            "parent": -1,
            "children": [],
            "user id": "3244835403",
            "user name": "用户3244835403",
            "content": "@新沂城管 @新沂发布",
            "time": "13-8-8 18:19"
        },
        {
            "comment id": 1,
            "parent": -1,
            "children": [],
            "user id": "2093494325",
            "user name": "江海摄影网",
            "content": "//@江苏身边事: 城管又来了！//@人民微博: 江苏新沂城管暴力执法？",
            "time": "13-8-8 14:16"
        },
        {
            "comment id": 2,
            "parent": -1,
            "children": [],
            "user id": "2879564310",
            "user name": "Jackiy_Hu",
            "content": "//@江苏身边事: 城管又来了！//@人民微博: 江苏新沂城管暴力执法？",
            "time": "13-8-7 17:55"
        },
        {
            "comment id": 3,
            "parent": -1,
            "children": [],
            "user id": "1642132060",
            "user name": "亭子",
            "content": "回复@刘瑞波波_:徐州市的。",
            "time": "13-8-7 17:03"
        },
        {
            "comment id": 4,
            "parent": -1,
            "children": [],
            "user id": "3597408781",
            "user name": "的哥127",
            "content": "//@人民微博: 江苏新沂城管暴力执法？",
            "time": "13-8-7 17:01"
        },
        {
            "comment id": 5,
            "parent": -1,
            "children": [],
            "user id": "3174246975",
            "user name": "天天好年年好",
            "content": "回复@亭子:你是哪人？",
            "time": "13-8-7 16:35"
        },
        {
            "comment id": 6,
            "parent": -1,
            "children": [],
            "user id": "1649319113",
            "user name": "艹尔马",
            "content": "大钟吾帝国",
            "time": "13-8-7 13:32"
        },
        {
            "comment id": 7,
            "parent": -1,
            "children": [],
            "user id": "2469893845",
            "user name": "小米1米",
            "content": "新沂又出名了！",
            "time": "13-8-7 13:00"
        },
        {
            "comment id": 8,
            "parent": -1,
            "children": [],
            "user id": "1644466377",
            "user name": "爱你在薪口难开",
            "content": "视频能传到网上说明城管已经手下留情了。",
            "time": "13-8-7 11:56"
        },
        {
            "comment id": 9,
            "parent": -1,
            "children": [],
            "user id": "1920553631",
            "user name": "Shaolihua",
            "content": "暴力执法何时休。",
            "time": "13-8-7 11:45"
        },
        {
            "comment id": 10,
            "parent": -1,
            "children": [],
            "user id": "3538873890",
            "user name": "南苑style",
            "content": "哪儿有正能量？如何实现我的梦？",
            "time": "13-8-7 11:17"
        },
        {
            "comment id": 11,
            "parent": -1,
            "children": [],
            "user id": "2101770881",
            "user name": "幸福愉快的小虾米",
            "content": "这些欺压百姓的人间败类，天会收拾他们的！！！//@健春微博: 江苏人的脸都给你们这帮王八蛋丢尽了！@徐州发布@新沂发布//@江苏商报朱泉: 以五对一，好不威风啊！//@江苏身边事: 城管又来了！//@人民微博: 江苏新沂城管暴力执法？",
            "time": "13-8-7 10:59"
        },
        {
            "comment id": 12,
            "parent": -1,
            "children": [],
            "user id": "1642132060",
            "user name": "亭子",
            "content": "这一年徐州各县市在媒体上亮相的次数越来越多了。",
            "time": "13-8-7 10:45"
        },
        {
            "comment id": 13,
            "parent": -1,
            "children": [],
            "user id": "1664949731",
            "user name": "Forza_YH",
            "content": "够凶残",
            "time": "13-8-7 10:31"
        },
        {
            "comment id": 14,
            "parent": -1,
            "children": [],
            "user id": "1659839860",
            "user name": "麦田2048",
            "content": "制服啊制服就这么被糟蹋了",
            "time": "13-8-7 10:30"
        },
        {
            "comment id": 15,
            "parent": -1,
            "children": [],
            "user id": "2741731763",
            "user name": "老百姓挺起",
            "content": "快跑啊 🐶来啦",
            "time": "13-8-7 10:28"
        },
        {
            "comment id": 16,
            "parent": -1,
            "children": [],
            "user id": "2736893265",
            "user name": "上勾拳的快乐",
            "content": "小贩也不是什么好东西",
            "time": "13-8-7 10:25"
        },
        {
            "comment id": 17,
            "parent": -1,
            "children": [],
            "user id": "1133510054",
            "user name": "城河的鱼",
            "content": "城来啦！城管进村啦！！！乡亲们快跑啊！谁家养的城管链子掉了，跑出来乱咬人啊！！！",
            "time": "13-8-7 10:25"
        },
        {
            "comment id": 18,
            "parent": -1,
            "children": [],
            "user id": "2674699692",
            "user name": "龙驹侯",
            "content": "//@江苏身边事: 城管又来了！//@人民微博: 江苏新沂城管暴力执法？",
            "time": "13-8-7 10:24"
        },
        {
            "comment id": 19,
            "parent": -1,
            "children": [],
            "user id": "1750393640",
            "user name": "汤溪小书童",
            "content": "女商贩先用铁铲打城管头部，城管徒手殴打，双方过错，鉴定完毕。",
            "time": "13-8-7 10:23"
        },
        {
            "comment id": 20,
            "parent": -1,
            "children": [],
            "user id": "2489846930",
            "user name": "江苏身边事",
            "content": "城管又来了！//@人民微博: 江苏新沂城管暴力执法？",
            "time": "13-8-7 10:21"
        },
        {
            "comment id": 21,
            "parent": -1,
            "children": [],
            "user id": "3690261790",
            "user name": "感恩-阳光",
            "content": "回复@网络情缘--一线牵:说的好.一针见血",
            "time": "13-8-7 10:11"
        },
        {
            "comment id": 22,
            "parent": -1,
            "children": [],
            "user id": "1950080841",
            "user name": "惠泽堂中医门诊",
            "content": "[转发]//@帝王树---梦V: 城管暴力执法不是新闻，城管不暴力执法才是新闻。 //@人民微博:江苏新沂城管暴力执法？",
            "time": "13-8-7 09:57"
        },
        {
            "comment id": 23,
            "parent": -1,
            "children": [],
            "user id": "3065810481",
            "user name": "lhdzk",
            "content": "城管不施用暴力，说明那些被打的，从没有把政府放在眼里，打了以后，才发现，政府才是不好惹的。～～凌寒独自开｛茶余饭后）",
            "time": "13-8-7 09:55"
        },
        {
            "comment id": 24,
            "parent": -1,
            "children": [],
            "user id": "3666227351",
            "user name": "网络情缘--一线牵育儿之家",
            "content": "//@河南电视台: 关注 //@人民微博:江苏新沂城管暴力执法？腐败导致这种情况的发生。无法改变.....建国大业有一句话。反腐就会灭党，不反腐就会灭国。任灭国也不能灭党啊.....",
            "time": "13-8-7 09:50"
        },
        {
            "comment id": 25,
            "parent": -1,
            "children": [],
            "user id": "3673636784",
            "user name": "楛笑哪慯虛偽_",
            "content": "城管土匪流氓",
            "time": "13-8-7 09:44"
        },
        {
            "comment id": 26,
            "parent": -1,
            "children": [],
            "user id": "3582411697",
            "user name": "cucumber-shaoyuan",
            "content": "臭鸡巴城管*90000000000000•••••••••",
            "time": "13-8-7 09:44"
        }
    ]
}