{
    "source": {
        "content": "【国人震惊：5名女法官竟乳汁喂养性贪副院长】 中纪委收到一张性爱光盘，画面中，一男二女在床上丑态百出，男主角正是法院副院长裴洪泉。深圳市中级法院副院长裴洪泉财色双收，霸占下属5名女法官肉体，暗示和怂恿女法官们向当事人索贿，和女律师风花雪月，和其他女性四处滥淫... 网页链接 ",
        "time": "13-8-9 14:28",
        "user id": "1791121141",
        "tweet id": "A3WlkBMKo",
        "label": 1,
        "theme": "政治"
    },
    "comment": [
        {
            "comment id": 0,
            "parent": -1,
            "children": [],
            "user id": "2433503182",
            "user name": "空间瞬移风尚",
            "content": "党的乳汁有点不够喝",
            "time": "13-8-12 12:19"
        },
        {
            "comment id": 1,
            "parent": -1,
            "children": [],
            "user id": "1900959712",
            "user name": "热心市民大肥",
            "content": "女法官真漂亮~//@大大大大大大大大大大大大大嘎桑: //@KDS-尤贝峰: 我觉得满真实的//@wjwj701: 出名了 @瀟湘墨人:【国人震惊：5名女法官竟乳汁喂养性贪副院长】 中纪委收到一张性爱光盘，男主角正是法院副院长裴洪泉。深圳市中级法院副院长裴洪泉财色双收，霸占下属5名女法官肉体",
            "time": "13-8-12 11:53"
        },
        {
            "comment id": 2,
            "parent": -1,
            "children": [],
            "user id": "2507144877",
            "user name": "路路顺义877",
            "content": " //@瀟湘墨人:【国人震惊：5名女法官竟乳汁喂养性贪副院长】 中纪委收到一张性爱光盘，画面中，一男二女在床上丑态百出，男主角正是法院副院长裴洪泉。深圳市中级法院副院长裴洪泉财色双收，霸占下属5名女法官肉体，暗示和怂恿女法官们向当事人索贿，和女律师风花雪月，和其他女性四处滥淫... http://t",
            "time": "13-8-12 00:21"
        },
        {
            "comment id": 3,
            "parent": -1,
            "children": [],
            "user id": "2272508730",
            "user name": "非常音乐哆来咪",
            "content": "法大于权，人民监督什么时候能真正实现",
            "time": "13-8-11 08:34"
        },
        {
            "comment id": 4,
            "parent": -1,
            "children": [],
            "user id": "1881940352",
            "user name": "浴火重生的精灵",
            "content": "有人说过！政府抽屉内套套很多！随便翻翻",
            "time": "13-8-9 19:23"
        },
        {
            "comment id": 5,
            "parent": -1,
            "children": [],
            "user id": "2114062652",
            "user name": "龙行华夏84",
            "content": "同求种子，女法官看着不错",
            "time": "13-8-9 18:00"
        },
        {
            "comment id": 6,
            "parent": -1,
            "children": [],
            "user id": "2205421400",
            "user name": "埜儿",
            "content": "什么时候的旧闻？裴洪泉早已判刑。",
            "time": "13-8-9 17:42"
        },
        {
            "comment id": 7,
            "parent": -1,
            "children": [],
            "user id": "2099923580",
            "user name": "海南钓神",
            "content": "难道说法院跟妓院就隔着一堵墙？门通着？怎么这阵子尽是些法官的“好事儿”呢？",
            "time": "13-8-9 17:19"
        },
        {
            "comment id": 8,
            "parent": -1,
            "children": [],
            "user id": "1758906747",
            "user name": "风言石语",
            "content": "俱往矣，数风流人物，还看今朝",
            "time": "13-8-9 16:48"
        },
        {
            "comment id": 9,
            "parent": -1,
            "children": [],
            "user id": "1947313635",
            "user name": "因缘随顺",
            "content": "回复@做最有生产力的事情:他们内部的那些风流快活事儿懒得操心，他们花的是纳税人的钱，睡的是自身快活，公平正义法律怎么期待？",
            "time": "13-8-9 16:38"
        },
        {
            "comment id": 10,
            "parent": -1,
            "children": [],
            "user id": "1752000904",
            "user name": "丫-妈呆",
            "content": "静待后续",
            "time": "13-8-9 16:31"
        },
        {
            "comment id": 11,
            "parent": -1,
            "children": [],
            "user id": "1832324531",
            "user name": "驭酒者",
            "content": "第一张是网上流传已久的“冰冰炮图”之一。最后三张曾被用在赵红霞身上赵红霞真实照片 竟然比杨钰莹还甜美！_军事要闻_三军情报网。电梯照片毫无价值，但可以判定此消息造谣无疑。",
            "time": "13-8-9 16:26"
        },
        {
            "comment id": 12,
            "parent": -1,
            "children": [],
            "user id": "1263388571",
            "user name": "玉竹佩兰",
            "content": "照片太片面，还是静待后续",
            "time": "13-8-9 16:11"
        },
        {
            "comment id": 13,
            "parent": -1,
            "children": [],
            "user id": "2114062652",
            "user name": "龙行华夏84",
            "content": "天朝法官逆袭了",
            "time": "13-8-9 16:06"
        },
        {
            "comment id": 14,
            "parent": -1,
            "children": [],
            "user id": "2574406291",
            "user name": "Ever_Vigorous",
            "content": "回复@自然Linda:国家不是一定要这个党管的。党和国家不是一码事~~",
            "time": "13-8-9 15:48"
        },
        {
            "comment id": 15,
            "parent": -1,
            "children": [],
            "user id": "1623129971",
            "user name": "木星人0008",
            "content": "马上就删了。。。。",
            "time": "13-8-9 15:45"
        },
        {
            "comment id": 16,
            "parent": -1,
            "children": [],
            "user id": "2274193150",
            "user name": "自然Linda",
            "content": "回复@allinvancouver:还是有关系的，党家搞不好，如何管好国家？唉，",
            "time": "13-8-9 15:35"
        },
        {
            "comment id": 17,
            "parent": -1,
            "children": [],
            "user id": "2241373184",
            "user name": "飞儿我爱",
            "content": "不要脸！",
            "time": "13-8-9 15:09"
        },
        {
            "comment id": 18,
            "parent": -1,
            "children": [],
            "user id": "1593811334",
            "user name": "AAA互助圆梦10元带你飞向500万",
            "content": "回复@因缘随顺:他们那是内部资源，内部淫乐，法官也换了啊。",
            "time": "13-8-9 15:08"
        },
        {
            "comment id": 19,
            "parent": -1,
            "children": [],
            "user id": "1947313635",
            "user name": "因缘随顺",
            "content": "回复@做最有生产力的事情:纳税人养嫖客？",
            "time": "13-8-9 15:04"
        },
        {
            "comment id": 20,
            "parent": -1,
            "children": [],
            "user id": "1930534451",
            "user name": "醋茶和蛋饭",
            "content": "都喂了禽兽了孩子吃啥？跟禽兽混的妈怎么有脸面对孩子？",
            "time": "13-8-9 14:59"
        },
        {
            "comment id": 21,
            "parent": -1,
            "children": [],
            "user id": "2574406291",
            "user name": "Ever_Vigorous",
            "content": "回复@自然Linda:这个和国家没关系吧。是他们党家的事吧~~",
            "time": "13-8-9 14:56"
        },
        {
            "comment id": 22,
            "parent": -1,
            "children": [],
            "user id": "2968834935",
            "user name": "王屋与太行",
            "content": "这些女的怎么进的法院",
            "time": "13-8-9 14:56"
        },
        {
            "comment id": 23,
            "parent": -1,
            "children": [],
            "user id": "1593811334",
            "user name": "AAA互助圆梦10元带你飞向500万",
            "content": "都是别人的私生活，有什么好大惊小怪的。我也经常去嫖",
            "time": "13-8-9 14:43"
        },
        {
            "comment id": 24,
            "parent": -1,
            "children": [],
            "user id": "2596381843",
            "user name": "蓝田崔大官人",
            "content": " //@为国扛过枪的人:转发微博",
            "time": "13-8-9 14:43"
        },
        {
            "comment id": 25,
            "parent": -1,
            "children": [],
            "user id": "1284689595",
            "user name": "行者_CD",
            "content": "真是好工作",
            "time": "13-8-9 14:40"
        },
        {
            "comment id": 26,
            "parent": -1,
            "children": [],
            "user id": "1346772082",
            "user name": "SUN爱善",
            "content": "这都是些什么法官？真令我恶心！",
            "time": "13-8-9 14:39"
        },
        {
            "comment id": 27,
            "parent": -1,
            "children": [],
            "user id": "2872979892",
            "user name": "Mae梅花",
            "content": "求证？？",
            "time": "13-8-9 14:37"
        },
        {
            "comment id": 28,
            "parent": -1,
            "children": [],
            "user id": "1945106820",
            "user name": "牛继续吹·",
            "content": "",
            "time": "13-8-9 14:37"
        },
        {
            "comment id": 29,
            "parent": -1,
            "children": [],
            "user id": "2274193150",
            "user name": "自然Linda",
            "content": "忍不住要问：这国家还有救吗？",
            "time": "13-8-9 14:36"
        },
        {
            "comment id": 30,
            "parent": -1,
            "children": [],
            "user id": "1677299761",
            "user name": "hengchao0248",
            "content": "黄网反腐",
            "time": "13-8-9 14:35"
        },
        {
            "comment id": 31,
            "parent": -1,
            "children": [],
            "user id": "2191986297",
            "user name": "偶还是偶么",
            "content": "腐败",
            "time": "13-8-9 14:34"
        }
    ]
}