{
    "source": {
        "content": "浙江磐安人工降雨失误，竟然降。。。降雪了[雪][雪][雪] ",
        "time": "13-8-17 18:30",
        "user id": "1893769523",
        "tweet id": "A5blyoyTx",
        "label": 1,
        "theme": "社会生活"
    },
    "comment": [
        {
            "comment id": 0,
            "parent": -1,
            "children": [],
            "user id": "1136038333",
            "user name": "草儿影子",
            "content": "干冰太多了",
            "time": "13-8-20 16:43"
        },
        {
            "comment id": 1,
            "parent": -1,
            "children": [],
            "user id": "2136709070",
            "user name": "想给nino画眉毛的Fuji_yang",
            "content": "回复@弘颜知己:我不禁怀疑孟姜女哭到六月飞雪是不是就是因为人工降雨失误。。。",
            "time": "13-8-19 22:23"
        },
        {
            "comment id": 2,
            "parent": -1,
            "children": [],
            "user id": "2887714292",
            "user name": "fannyweny",
            "content": "不會吧？",
            "time": "13-8-18 17:39"
        },
        {
            "comment id": 3,
            "parent": -1,
            "children": [],
            "user id": "2336129161",
            "user name": "懂董董董董乀",
            "content": "真的假的？",
            "time": "13-8-18 17:12"
        },
        {
            "comment id": 4,
            "parent": -1,
            "children": [],
            "user id": "2371092795",
            "user name": "凤凤凤凤凤凤儿",
            "content": " @郑从开 ",
            "time": "13-8-18 15:29"
        },
        {
            "comment id": 5,
            "parent": -1,
            "children": [],
            "user id": "2660379524",
            "user name": "永结无情游w",
            "content": "我嘞个去",
            "time": "13-8-18 12:56"
        },
        {
            "comment id": 6,
            "parent": -1,
            "children": [],
            "user id": "1805442175",
            "user name": "GY是燕子",
            "content": "回复@唐晓晓兵:我以为是你有冤情，所以八月飞雪",
            "time": "13-8-18 09:13"
        },
        {
            "comment id": 7,
            "parent": -1,
            "children": [],
            "user id": "3308124503",
            "user name": "滚过屎的小壳郎",
            "content": "回复@我爱深海C:砖家最不靠谱",
            "time": "13-8-18 07:57"
        },
        {
            "comment id": 8,
            "parent": -1,
            "children": [],
            "user id": "3468925980",
            "user name": "l紫暮",
            "content": "哇，那是有冤情啊",
            "time": "13-8-18 00:07"
        },
        {
            "comment id": 9,
            "parent": -1,
            "children": [],
            "user id": "3176763981",
            "user name": "姣ber在奋斗快活着过",
            "content": "假的吧，，难道是哪里有什么冤情。",
            "time": "13-8-17 23:54"
        },
        {
            "comment id": 10,
            "parent": -1,
            "children": [],
            "user id": "2698631205",
            "user name": "等着春天到来",
            "content": "真的假的?",
            "time": "13-8-17 23:31"
        },
        {
            "comment id": 11,
            "parent": -1,
            "children": [],
            "user id": "2211057323",
            "user name": "角落里的虾米",
            "content": "假的。",
            "time": "13-8-17 23:27"
        },
        {
            "comment id": 12,
            "parent": -1,
            "children": [],
            "user id": "2352600854",
            "user name": "K拉拉啦啦",
            "content": "转发微博",
            "time": "13-8-17 23:14"
        },
        {
            "comment id": 13,
            "parent": -1,
            "children": [],
            "user id": "1714736964",
            "user name": "小葱拌泡芙",
            "content": "回复@shan隹10ban:是假的",
            "time": "13-8-17 23:02"
        },
        {
            "comment id": 14,
            "parent": -1,
            "children": [],
            "user id": "1831486287",
            "user name": "小小一看客",
            "content": "这TM就是六月飞雪啊。绝对假的。",
            "time": "13-8-17 22:58"
        },
        {
            "comment id": 15,
            "parent": -1,
            "children": [],
            "user id": "3008536965",
            "user name": "窝窝S8OL",
            "content": "磐安人人都终于享受到一次冰火两重天的快感。",
            "time": "13-8-17 22:56"
        }
    ]
}