{
    "source": {
        "content": "【一男被五女轮奸至精尽人亡！！！】@小痞张 ： 被五个女人轮奸后的男人。这社会似乎全乱套了。。事情发生在杭州附近桐庐某个山上在情人节当晚、几女子有目的将其男子灌醉以爬山为名对其男子实施轮奸、蹂躏、摧残、手段极其残忍。法医鉴定结果为：精尽而人亡！by@乐清小道新闻 ",
        "time": "13-8-17 22:10",
        "user id": "2294409121",
        "tweet id": "A5cMEiDZB",
        "label": 1,
        "theme": "社会生活"
    },
    "comment": [
        {
            "comment id": 0,
            "parent": -1,
            "children": [],
            "user id": "2861620594",
            "user name": "夜叹丿听歌悲凉",
            "content": "为什么会精尽人亡了，求大神解答",
            "time": "13-8-19 15:23"
        },
        {
            "comment id": 1,
            "parent": -1,
            "children": [],
            "user id": "2680676911",
            "user name": "胡吊扯落",
            "content": "回复@袁小萌688:你懂的还不少呢，小姑娘家的",
            "time": "13-8-18 14:49"
        },
        {
            "comment id": 2,
            "parent": -1,
            "children": [],
            "user id": "2612665044",
            "user name": "听你半路上668",
            "content": "这图明明是个孩子",
            "time": "13-8-18 13:31"
        },
        {
            "comment id": 3,
            "parent": -1,
            "children": [],
            "user id": "3722294633",
            "user name": "黑色天空_45208",
            "content": "假的 肯定是假的啊 ",
            "time": "13-8-18 11:25"
        },
        {
            "comment id": 4,
            "parent": -1,
            "children": [],
            "user id": "2385958444",
            "user name": "光明地了",
            "content": "以前就听过，一小姐还是下三滥女的，给2老外搞死了。贱人下场。",
            "time": "13-8-18 11:19"
        },
        {
            "comment id": 5,
            "parent": -1,
            "children": [],
            "user id": "2385958444",
            "user name": "光明地了",
            "content": "好想看看这5个逼 德性 是什么样，浅操 就去当野鸡。10快一次，农民工轮流上。//@乐清小道新闻: 丿 //@飞行的心966:不会吧!",
            "time": "13-8-18 11:16"
        },
        {
            "comment id": 6,
            "parent": -1,
            "children": [],
            "user id": "2698006492",
            "user name": "圆舞幽妍",
            "content": "世界之大无奇不有",
            "time": "13-8-18 10:17"
        },
        {
            "comment id": 7,
            "parent": -1,
            "children": [],
            "user id": "2445796225",
            "user name": "楼上楼下非正即平",
            "content": "[吃驚][吃驚][吃驚][吃驚][吃驚]",
            "time": "13-8-18 09:38"
        },
        {
            "comment id": 8,
            "parent": -1,
            "children": [],
            "user id": "2828088934",
            "user name": "桶桶桑",
            "content": "回复@桶桶桑的南瓜酱:太厉害了",
            "time": "13-8-18 09:14"
        },
        {
            "comment id": 9,
            "parent": -1,
            "children": [],
            "user id": "2401174661",
            "user name": "桶桶桑的南瓜酱",
            "content": "@桶桶桑 还有这种死法？",
            "time": "13-8-18 09:01"
        },
        {
            "comment id": 10,
            "parent": -1,
            "children": [],
            "user id": "2010799084",
            "user name": "宋岱岙",
            "content": "下药了呗，不会还是50几的大姐吧，那得化成厉鬼了//@hz碾梦成风: 怎么可能！以为男人那玩意想硬就硬啊？ //@旅行者liu89: [挖鼻屎]",
            "time": "13-8-18 06:29"
        },
        {
            "comment id": 11,
            "parent": -1,
            "children": [],
            "user id": "1169557245",
            "user name": "朵朵jane",
            "content": "回复@刚哥忠橙: 必须是假新闻！",
            "time": "13-8-18 06:06"
        },
        {
            "comment id": 12,
            "parent": -1,
            "children": [],
            "user id": "2558487867",
            "user name": "这吖头脾气拽_",
            "content": "造假",
            "time": "13-8-18 00:59"
        },
        {
            "comment id": 13,
            "parent": -1,
            "children": [],
            "user id": "1227717781",
            "user name": "马小桃的魔法盒",
            "content": "回复@狙击手51837:不止今天这一条，最近一直这种的。",
            "time": "13-8-18 00:02"
        },
        {
            "comment id": 14,
            "parent": -1,
            "children": [],
            "user id": "2111778347",
            "user name": "薛定谔的狙击手",
            "content": "回复@瘦腿专家-马小桃:草根啊，你这微博代表的不是个人，既然名字带济南，你代表的是济南人的形象，这条微博可以以个人名义转转乐呵一下，但不要代表济南人民乐呵一下",
            "time": "13-8-18 00:00"
        },
        {
            "comment id": 15,
            "parent": -1,
            "children": [],
            "user id": "2412898671",
            "user name": "无水_硫酸铜_",
            "content": "假新闻，不传谣！",
            "time": "13-8-17 23:50"
        },
        {
            "comment id": 16,
            "parent": -1,
            "children": [],
            "user id": "2412898671",
            "user name": "无水_硫酸铜_",
            "content": "回复@瘦腿专家-马小桃:赞！",
            "time": "13-8-17 23:49"
        },
        {
            "comment id": 17,
            "parent": -1,
            "children": [],
            "user id": "2124470917",
            "user name": "我叫王富贵er",
            "content": "幸福的死去，死而无憾",
            "time": "13-8-17 23:47"
        },
        {
            "comment id": 18,
            "parent": -1,
            "children": [],
            "user id": "2036934214",
            "user name": "爱国敬业诚信友善了",
            "content": " @朵朵jane",
            "time": "13-8-17 23:06"
        },
        {
            "comment id": 19,
            "parent": -1,
            "children": [],
            "user id": "1452672623",
            "user name": "李没有才",
            "content": "这是个神马社会？",
            "time": "13-8-17 22:44"
        },
        {
            "comment id": 20,
            "parent": -1,
            "children": [],
            "user id": "1435759393",
            "user name": "BensalChen",
            "content": "爽死的吗？",
            "time": "13-8-17 22:36"
        },
        {
            "comment id": 21,
            "parent": -1,
            "children": [],
            "user id": "1227717781",
            "user name": "马小桃的魔法盒",
            "content": "要是这是博主自己的微博，发什么都没有禁忌~~~但是名字您顶着“济南”，能有点节操吗？？？最近发的这些微博，都挺没劲的，怎么着也得过滤一遍吧~~~博主，您自个偷着乐行，但是作为济南市民，我觉得您这个做法，有欠考虑~~~~",
            "time": "13-8-17 22:33"
        },
        {
            "comment id": 22,
            "parent": -1,
            "children": [],
            "user id": "3116716781",
            "user name": "潇洒独行狼",
            "content": "怎么感觉不像真的呢",
            "time": "13-8-17 22:27"
        },
        {
            "comment id": 23,
            "parent": -1,
            "children": [],
            "user id": "3059940723",
            "user name": "品寂寞悟人生2012",
            "content": "我只想说再有这事叫着我！",
            "time": "13-8-17 22:27"
        },
        {
            "comment id": 24,
            "parent": -1,
            "children": [],
            "user id": "2048748642",
            "user name": "苇笠翁",
            "content": "能不能不忽悠！",
            "time": "13-8-17 22:26"
        },
        {
            "comment id": 25,
            "parent": -1,
            "children": [],
            "user id": "1785786081",
            "user name": "王府池子洗过澡",
            "content": "桐庐，富春山咩？",
            "time": "13-8-17 22:24"
        },
        {
            "comment id": 26,
            "parent": -1,
            "children": [],
            "user id": "2173688907",
            "user name": "MUSTAPHALEE",
            "content": "不要传假新闻哈",
            "time": "13-8-17 22:19"
        },
        {
            "comment id": 27,
            "parent": -1,
            "children": [],
            "user id": "2450973727",
            "user name": "忘了哭qq",
            "content": "回复@水煮沉浮:",
            "time": "13-8-17 22:16"
        },
        {
            "comment id": 28,
            "parent": -1,
            "children": [],
            "user id": "1878645853",
            "user name": "坏耳朵",
            "content": "是摧死的。不是精尽。。",
            "time": "13-8-17 22:16"
        },
        {
            "comment id": 29,
            "parent": -1,
            "children": [],
            "user id": "2450973727",
            "user name": "忘了哭qq",
            "content": "回复@济南草根新闻:[挖鼻屎]",
            "time": "13-8-17 22:16"
        },
        {
            "comment id": 30,
            "parent": -1,
            "children": [],
            "user id": "3116966135",
            "user name": "知者即倾心2012",
            "content": "为人而死！公伤！",
            "time": "13-8-17 22:16"
        },
        {
            "comment id": 31,
            "parent": -1,
            "children": [],
            "user id": "3185061585",
            "user name": "清幽聚缘",
            "content": "这社会是怎么了",
            "time": "13-8-17 22:15"
        },
        {
            "comment id": 32,
            "parent": -1,
            "children": [],
            "user id": "2294409121",
            "user name": "济南根叔",
            "content": "回复@水煮沉浮: @忘了哭991",
            "time": "13-8-17 22:12"
        },
        {
            "comment id": 33,
            "parent": -1,
            "children": [],
            "user id": "2087979787",
            "user name": "李二雷_",
            "content": "我勒个去，林子大了，什么鸟都有啊...",
            "time": "13-8-17 22:12"
        },
        {
            "comment id": 34,
            "parent": -1,
            "children": [],
            "user id": "1651443567",
            "user name": "水煮沉浮",
            "content": "这男人要是换成忘了哭991，倒霉的就是那五个女人了~",
            "time": "13-8-17 22:12"
        },
        {
            "comment id": 35,
            "parent": -1,
            "children": [],
            "user id": "2074226915",
            "user name": "海带爸",
            "content": "什么世道啊",
            "time": "13-8-17 22:11"
        },
        {
            "comment id": 36,
            "parent": -1,
            "children": [],
            "user id": "1339720684",
            "user name": "平彦王",
            "content": "有意思",
            "time": "13-8-17 22:11"
        }
    ]
}