{
    "source": {
        "content": "送票啦！关注 @子涵派 并爱特三位好友将有机会获得 成龙跨界巨星峰会门票  中国史上独创飞跃电影人生演唱会 华语乐坛大牌云集就在2013年9月30日  杭州黄龙体育中心  售票网址:中演票务通www.t3.com.cn 售票0571-85355536 明星阵容权志龙  谢霆锋李宇春古巨基容祖儿 周蕙 杨幂 房祖名黑girl ",
        "time": "13-8-31 12:30",
        "user id": "1726000321",
        "tweet id": "A7gYggdNr",
        "label": 0,
        "theme": "财经商业"
    },
    "comment": [
        {
            "comment id": 0,
            "parent": -1,
            "children": [],
            "user id": "3145647521",
            "user name": "开心周小强",
            "content": "回复@生活着wwww:靠",
            "time": "13-9-28 19:56"
        },
        {
            "comment id": 1,
            "parent": -1,
            "children": [],
            "user id": "2204601561",
            "user name": "Joyce胖",
            "content": "求票啊！！朋友中弹了，本人为中啊！！//@Joyce胖: //@菜菜努力充电的一年:每天坚持转发，希望博主能看到我的诚意！@阿呆Chris @Joyce胖 @爱葱的米310",
            "time": "13-9-27 20:52"
        },
        {
            "comment id": 2,
            "parent": -1,
            "children": [],
            "user id": "2707436657",
            "user name": "Yerenwz",
            "content": " @开心周小强 @刘雨@黄栋 赶紧的",
            "time": "13-9-27 14:35"
        },
        {
            "comment id": 3,
            "parent": -1,
            "children": [],
            "user id": "1786958452",
            "user name": "Juknow飛",
            "content": " 去不去//@侠小娜:第一次转发，居然给中了@子涵派 ",
            "time": "13-9-25 15:04"
        },
        {
            "comment id": 4,
            "parent": -1,
            "children": [],
            "user id": "1646350562",
            "user name": "文艺青年沉醉",
            "content": "@小景致 @门牙蹦了 @葱花雨 为神马我没有收到私信",
            "time": "13-9-25 14:08"
        },
        {
            "comment id": 5,
            "parent": -1,
            "children": [],
            "user id": "1808908090",
            "user name": "恋宇520",
            "content": "@中演票务通 @小洋妞吖 @韩森急冻曼",
            "time": "13-9-25 14:04"
        },
        {
            "comment id": 6,
            "parent": -1,
            "children": [],
            "user id": "1726000321",
            "user name": "子涵派",
            "content": "回复@侠小娜:恭喜",
            "time": "13-9-25 14:04"
        },
        {
            "comment id": 7,
            "parent": -1,
            "children": [],
            "user id": "1806316984",
            "user name": "松田小娜",
            "content": "第一次转发，居然给中了@子涵派 ",
            "time": "13-9-25 13:07"
        },
        {
            "comment id": 8,
            "parent": -1,
            "children": [],
            "user id": "1904529541",
            "user name": "浆板圆子小汤果",
            "content": " @Q尛菟 @囡囡宝宝贝 @点点星海",
            "time": "13-9-25 12:15"
        },
        {
            "comment id": 9,
            "parent": -1,
            "children": [],
            "user id": "1958949585",
            "user name": "一點一點1984310",
            "content": "@小轩的兜兜 @米太郎爱葱羊羊 @虹色滴-巧-克-力-荳 ",
            "time": "13-9-25 11:40"
        },
        {
            "comment id": 10,
            "parent": -1,
            "children": [],
            "user id": "1901555284",
            "user name": "慕容囍儿",
            "content": " @飘纱烛影玉簪翠 @影珈1113 @囡囡宝宝贝",
            "time": "13-9-25 11:19"
        },
        {
            "comment id": 11,
            "parent": -1,
            "children": [],
            "user id": "3236595142",
            "user name": "婷婷Love-J",
            "content": "求RP，想去看幂姐@橙子V-闵晓橙 @爱慕爱惜色Color @赵家瑜78020",
            "time": "13-9-25 11:13"
        },
        {
            "comment id": 12,
            "parent": -1,
            "children": [],
            "user id": "1506669970",
            "user name": "song在响",
            "content": "快要公布结果了吧'期待哇~",
            "time": "13-9-25 10:36"
        },
        {
            "comment id": 13,
            "parent": -1,
            "children": [],
            "user id": "1852020647",
            "user name": "EvanLee的寶貝",
            "content": "求博主赐票@haohaohyuk @GameGyu88 @Donghai1015",
            "time": "13-9-25 10:09"
        },
        {
            "comment id": 14,
            "parent": -1,
            "children": [],
            "user id": "1852020647",
            "user name": "EvanLee的寶貝",
            "content": "求博主赐票@Donghai1015 @GameGyu88 @haohaohyuk",
            "time": "13-9-25 09:35"
        },
        {
            "comment id": 15,
            "parent": -1,
            "children": [],
            "user id": "1675062420",
            "user name": "改名为璐儿",
            "content": "让我中张票吧。就一张就够了。。。。喔啦@sun思-毒Lee @青春的弹性_lee @玉米小怪",
            "time": "13-9-25 09:25"
        },
        {
            "comment id": 16,
            "parent": -1,
            "children": [],
            "user id": "1809066072",
            "user name": "馒大蛮2013",
            "content": "关注 、转发一个都没少，@多点小葱少点蒜 @momo的花花 @洋洋的小宇 我的3位亲密小伙伴，十一长假给自己出去顺便炮从的理由吧！让我们一起去看群星演唱会！25张超值门票等我们来拿！9月25日第一轮抽奖一定要抽我哦！",
            "time": "13-9-25 09:15"
        },
        {
            "comment id": 17,
            "parent": -1,
            "children": [],
            "user id": "1809066072",
            "user name": "馒大蛮2013",
            "content": "关注 、转发一个都没少，@多点小葱少点蒜 @momo的花花 @洋洋的小宇 我的3位亲密小伙伴，十一长假给自己出去顺便炮从的理由吧！让我们一起去看群星演唱会！25张超值门票等我们来拿！9月25日第一轮抽奖一定要抽我哦！",
            "time": "13-9-25 09:15"
        },
        {
            "comment id": 18,
            "parent": -1,
            "children": [],
            "user id": "1852020647",
            "user name": "EvanLee的寶貝",
            "content": "求博主赐票@haohaohyuk @GameGyu88 @Donghai1015",
            "time": "13-9-25 09:06"
        },
        {
            "comment id": 19,
            "parent": -1,
            "children": [],
            "user id": "1852020647",
            "user name": "EvanLee的寶貝",
            "content": "求博主赐票@Donghai1015 @GameGyu88 @haohaohyuk",
            "time": "13-9-25 09:06"
        },
        {
            "comment id": 20,
            "parent": -1,
            "children": [],
            "user id": "3480504611",
            "user name": "love梦辉",
            "content": "@胖子宇上海歪密要进场 @⒈苆從零開始 @Sally-梦 ,求票.都转发快一个月了，每天都转诚心求票啊博主，一定要给我私信啊",
            "time": "13-9-25 08:58"
        },
        {
            "comment id": 21,
            "parent": -1,
            "children": [],
            "user id": "3480504611",
            "user name": "love梦辉",
            "content": " @胖子宇上海歪密要进场 @⒈苆從零開始 @Sally-梦 ,求票.都转发快一个月了，每天都转诚心求票啊博主，一定要给我私信啊",
            "time": "13-9-25 08:57"
        },
        {
            "comment id": 22,
            "parent": -1,
            "children": [],
            "user id": "3480504611",
            "user name": "love梦辉",
            "content": "@胖子宇上海歪密要进场 @⒈苆從零開始 @梦love葱 ,求票.都转发快一个月了，每天都转诚心求票啊博主，一定要给我私信啊",
            "time": "13-9-25 08:56"
        },
        {
            "comment id": 23,
            "parent": -1,
            "children": [],
            "user id": "1819827835",
            "user name": "Sally-梦",
            "content": "@⒈苆從零開始 @胖子宇上海歪密要进场 @白斩鱼 求票啊求票",
            "time": "13-9-25 08:55"
        },
        {
            "comment id": 24,
            "parent": -1,
            "children": [],
            "user id": "1819827835",
            "user name": "Sally-梦",
            "content": "@⒈苆從零開始 @胖子宇上海歪密要进场 @白斩鱼 求票啊",
            "time": "13-9-25 08:55"
        },
        {
            "comment id": 25,
            "parent": -1,
            "children": [],
            "user id": "1902580577",
            "user name": "查询不到此帐号",
            "content": "@阿拉蕾阿蕾拉蕾 @雨夜朦胧陀 @TOP华小七_ ",
            "time": "13-9-25 08:42"
        },
        {
            "comment id": 26,
            "parent": -1,
            "children": [],
            "user id": "1649939265",
            "user name": "小潘潘310",
            "content": " @Echo阿k @二珊得六 @丹么么",
            "time": "13-9-25 08:42"
        },
        {
            "comment id": 27,
            "parent": -1,
            "children": [],
            "user id": "1646371857",
            "user name": "葱家李凯蒂",
            "content": "求票@就你脸小 @春之小宇宙 @耗子CHRIS",
            "time": "13-9-25 08:35"
        },
        {
            "comment id": 28,
            "parent": -1,
            "children": [],
            "user id": "1852020647",
            "user name": "EvanLee的寶貝",
            "content": "求博主赐票@haohaohyuk @GameGyu88 @Donghai1015",
            "time": "13-9-25 08:34"
        },
        {
            "comment id": 29,
            "parent": -1,
            "children": [],
            "user id": "1852020647",
            "user name": "EvanLee的寶貝",
            "content": "求博主赐票@Donghai1015 @GameGyu88 @haohaohyuk",
            "time": "13-9-25 08:34"
        },
        {
            "comment id": 30,
            "parent": -1,
            "children": [],
            "user id": "1852020647",
            "user name": "EvanLee的寶貝",
            "content": "求博主赐票@haohaohyuk @GameGyu88 @Donghai1015",
            "time": "13-9-25 08:33"
        },
        {
            "comment id": 31,
            "parent": -1,
            "children": [],
            "user id": "1878718454",
            "user name": "宁波森哥",
            "content": "路过杭州，看个演唱会再去十一之旅不错哈@太空的烟花 @天天商旅 @天天大庆",
            "time": "13-9-25 08:14"
        },
        {
            "comment id": 32,
            "parent": -1,
            "children": [],
            "user id": "1649695017",
            "user name": "青春的弹性_lee",
            "content": "再来试试运气，po你一定要抽中我啊 @單純晃了眼 @葱无名指上的戒指 @阿童木斯基",
            "time": "13-9-25 08:08"
        },
        {
            "comment id": 33,
            "parent": -1,
            "children": [],
            "user id": "1736145291",
            "user name": "URNOTLIJIAWEI",
            "content": "再来转一发！小伙伴们，躁起来！ @邵小丸 @Mmo-莫妮卡 @遥望天空see",
            "time": "13-9-25 08:07"
        },
        {
            "comment id": 34,
            "parent": -1,
            "children": [],
            "user id": "1675062420",
            "user name": "改名为璐儿",
            "content": "特地买了一号的票，就希望30可以看演唱会！！！@單純晃了眼 @青春的弹性_lee @白痴安安和她的张先生",
            "time": "13-9-25 07:39"
        },
        {
            "comment id": 35,
            "parent": -1,
            "children": [],
            "user id": "1830727640",
            "user name": "倩影衬程心",
            "content": "早安。好多人都期待吧",
            "time": "13-9-25 07:39"
        },
        {
            "comment id": 36,
            "parent": -1,
            "children": [],
            "user id": "2726894052",
            "user name": "倔强的晴小雨",
            "content": " @凹凸曼不爱肉球MU @DJ阿纶 @敏捷_悦二猴的小右翼",
            "time": "13-9-25 07:38"
        },
        {
            "comment id": 37,
            "parent": -1,
            "children": [],
            "user id": "2692871574",
            "user name": "吉星丸子",
            "content": " @囡囡宝宝贝 @牛奶糖的浪漫 @天蝎and金牛",
            "time": "13-9-25 07:35"
        },
        {
            "comment id": 38,
            "parent": -1,
            "children": [],
            "user id": "2803179645",
            "user name": "是筱楽呀",
            "content": "早安！每日必转！求砸中我！！",
            "time": "13-9-25 07:35"
        },
        {
            "comment id": 39,
            "parent": -1,
            "children": [],
            "user id": "1675062420",
            "user name": "改名为璐儿",
            "content": "@青春的弹性_lee @單純晃了眼 @麦莎 抽奖抽中啊！！醒来第一件事呢！求好运",
            "time": "13-9-25 07:33"
        },
        {
            "comment id": 40,
            "parent": -1,
            "children": [],
            "user id": "1627138213",
            "user name": "阿童木斯基",
            "content": "今天就抽奖了！！！po主必须抽中我，不然对不起我这段时间的辛苦支持啊！！！！@小舒Jiecao @Kathy_熙 @林纯真小姐",
            "time": "13-9-25 07:22"
        },
        {
            "comment id": 41,
            "parent": -1,
            "children": [],
            "user id": "2957863965",
            "user name": "春宝宝的醋苞苞",
            "content": "豌豆豌豆，杭州欢迎你！！ 求赐票‼@敏捷_悦二猴的小右翼 @李小思LTYF @倩影衬程心  #李宇春#25号了！！！我会说我在等私信么？？",
            "time": "13-9-25 06:45"
        },
        {
            "comment id": 42,
            "parent": -1,
            "children": [],
            "user id": "1765654601",
            "user name": "URNOT卢小坏",
            "content": "土豪土豪快看到我！@momo的花花 @荏一 @我是苏苏啊",
            "time": "13-9-25 06:33"
        },
        {
            "comment id": 43,
            "parent": -1,
            "children": [],
            "user id": "1858541300",
            "user name": "碧湖茶花2012",
            "content": " @龙琰玉儿 @巧蕊smile @怼玙錯灬",
            "time": "13-9-25 06:08"
        },
        {
            "comment id": 44,
            "parent": -1,
            "children": [],
            "user id": "1687994012",
            "user name": "牛犊之鼠",
            "content": "今天就要抽出25位票票的获得者，内心充满激动忐忑，担心票会从我身边擦肩而过！怎么办！博主，我算今天第一个转发你微博的吗？给张票吧！国庆节快乐@疯狂卢小坏 @逍遥的菜 @疯狂卢小坏 @馒大蛮2013 @二珊得六 求票转发喔",
            "time": "13-9-25 04:59"
        },
        {
            "comment id": 45,
            "parent": -1,
            "children": [],
            "user id": "1809066072",
            "user name": "馒大蛮2013",
            "content": "关注 、转发一个都没少，@多点小葱少点蒜 @momo的花花 @洋洋的小宇 我的3位亲密小伙伴，十一长假给自己出去顺便炮从的理由吧！让我们一起去看群星演唱会！25张超值门票等我们来拿！9月25日第一轮抽奖一定要抽我哦！",
            "time": "13-9-25 01:22"
        },
        {
            "comment id": 46,
            "parent": -1,
            "children": [],
            "user id": "1809066072",
            "user name": "馒大蛮2013",
            "content": "关注 、转发一个都没少，@多点小葱少点蒜 @momo的花花 @洋洋的小宇 我的3位亲密小伙伴，十一长假给自己出去顺便炮从的理由吧！让我们一起去看群星演唱会！25张超值门票等我们来拿！9月25日第一轮抽奖一定要抽我哦！",
            "time": "13-9-25 01:22"
        },
        {
            "comment id": 47,
            "parent": -1,
            "children": [],
            "user id": "1809066072",
            "user name": "馒大蛮2013",
            "content": "关注 、转发一个都没少，@多点小葱少点蒜 @momo的花花 @洋洋的小宇 我的3位亲密小伙伴，十一长假给自己出去顺便炮从的理由吧！让我们一起去看群星演唱会！25张超值门票等我们来拿！9月25日第一轮抽奖一定要抽我哦！",
            "time": "13-9-25 01:21"
        },
        {
            "comment id": 48,
            "parent": -1,
            "children": [],
            "user id": "1809066072",
            "user name": "馒大蛮2013",
            "content": "关注 、转发一个都没少，@多点小葱少点蒜 @momo的花花 @洋洋的小宇 我的3位亲密小伙伴，十一长假给自己出去顺便炮从的理由吧！让我们一起去看群星演唱会！25张超值门票等我们来拿！9月25日第一轮抽奖一定要抽我哦！",
            "time": "13-9-25 01:21"
        },
        {
            "comment id": 49,
            "parent": -1,
            "children": [],
            "user id": "1809066072",
            "user name": "馒大蛮2013",
            "content": "关注 、转发一个都没少，@多点小葱少点蒜 @momo的花花 @洋洋的小宇 我的3位亲密小伙伴，十一长假给自己出去顺便炮从的理由吧！让我们一起去看群星演唱会！25张超值门票等我们来拿！9月25日第一轮抽奖一定要抽我哦！",
            "time": "13-9-25 01:21"
        },
        {
            "comment id": 50,
            "parent": -1,
            "children": [],
            "user id": "1809066072",
            "user name": "馒大蛮2013",
            "content": "关注 、转发一个都没少，@多点小葱少点蒜 @momo的花花 @洋洋的小宇 我的3位亲密小伙伴，十一长假给自己出去顺便炮从的理由吧！让我们一起去看群星演唱会！25张超值门票等我们来拿！9月25日第一轮抽奖一定要抽我哦！",
            "time": "13-9-25 01:21"
        },
        {
            "comment id": 51,
            "parent": -1,
            "children": [],
            "user id": "2828019172",
            "user name": "木魚朝想要的生活奋斗",
            "content": "@amour1115   @俞小欣_肝   @赵学勤2011  博主晚安~顺便求票票~睡觉觉了，睡前最后一条微博",
            "time": "13-9-25 01:02"
        },
        {
            "comment id": 52,
            "parent": -1,
            "children": [],
            "user id": "1928084255",
            "user name": "666简单666",
            "content": "@箫大帮主箫鸣 @奋斗的男人想初恋 @再见了过去886 真心支持  ",
            "time": "13-9-25 00:49"
        },
        {
            "comment id": 53,
            "parent": -1,
            "children": [],
            "user id": "2828019172",
            "user name": "木魚朝想要的生活奋斗",
            "content": "@Blue豆豆豆豆 @李小葱的一颗xin @妹儿好好过 求票票求票票",
            "time": "13-9-25 00:47"
        },
        {
            "comment id": 54,
            "parent": -1,
            "children": [],
            "user id": "3735428043",
            "user name": "小丸子愛樱桃_",
            "content": "就在黄龍附近，好想去看喔!!!!!!!幸運星快點降临吧!!!!!@伊一 @肖巨牌 @Host华少 ",
            "time": "13-9-25 00:08"
        },
        {
            "comment id": 55,
            "parent": -1,
            "children": [],
            "user id": "1830727640",
            "user name": "倩影衬程心",
            "content": "晚安。发现好多专一的说。",
            "time": "13-9-25 00:01"
        },
        {
            "comment id": 56,
            "parent": -1,
            "children": [],
            "user id": "1852020647",
            "user name": "EvanLee的寶貝",
            "content": "要开奖了吗？[许愿][许愿][许愿]保佑我中吧@Donghai1015 @GameGyu88 @haohaohyuk",
            "time": "13-9-25 00:01"
        },
        {
            "comment id": 57,
            "parent": -1,
            "children": [],
            "user id": "1852020647",
            "user name": "EvanLee的寶貝",
            "content": "求博主赐票啊啊啊@haohaohyuk @GameGyu88 @Donghai1015",
            "time": "13-9-25 00:00"
        },
        {
            "comment id": 58,
            "parent": -1,
            "children": [],
            "user id": "1852020647",
            "user name": "EvanLee的寶貝",
            "content": "求博主赐票@Donghai1015 @GameGyu88 @haohaohyuk",
            "time": "13-9-25 00:00"
        },
        {
            "comment id": 59,
            "parent": -1,
            "children": [],
            "user id": "1852020647",
            "user name": "EvanLee的寶貝",
            "content": "一分钟@haohaohyuk @GameGyu88 @Donghai1015",
            "time": "13-9-24 23:59"
        },
        {
            "comment id": 60,
            "parent": -1,
            "children": [],
            "user id": "1830727640",
            "user name": "倩影衬程心",
            "content": "只为某人。一回首！@街角de差生丶捷@敏捷_悦二猴的小右翼 @李小思LTYF 哈哈哈，第一次转凌晨转是不是不可能",
            "time": "13-9-24 23:59"
        },
        {
            "comment id": 61,
            "parent": -1,
            "children": [],
            "user id": "1852020647",
            "user name": "EvanLee的寶貝",
            "content": "求博主赐票@Donghai1015 @GameGyu88 @haohaohyuk ",
            "time": "13-9-24 23:49"
        },
        {
            "comment id": 62,
            "parent": -1,
            "children": [],
            "user id": "1852020647",
            "user name": "EvanLee的寶貝",
            "content": "博主我是每天都转的啊@haohaohyuk @GameGyu88 @Donghai1015",
            "time": "13-9-24 23:48"
        },
        {
            "comment id": 63,
            "parent": -1,
            "children": [],
            "user id": "1852020647",
            "user name": "EvanLee的寶貝",
            "content": "求私信啊@Donghai1015 @GameGyu88 @haohaohyuk",
            "time": "13-9-24 23:48"
        },
        {
            "comment id": 64,
            "parent": -1,
            "children": [],
            "user id": "1852020647",
            "user name": "EvanLee的寶貝",
            "content": "求博主赐票@haohaohyuk @GameGyu88 @Donghai1015",
            "time": "13-9-24 23:47"
        },
        {
            "comment id": 65,
            "parent": -1,
            "children": [],
            "user id": "1852020647",
            "user name": "EvanLee的寶貝",
            "content": "求博主赐票@Donghai1015 @GameGyu88 @haohaohyuk",
            "time": "13-9-24 23:45"
        },
        {
            "comment id": 66,
            "parent": -1,
            "children": [],
            "user id": "2957863965",
            "user name": "春宝宝的醋苞苞",
            "content": "豌豆豌豆，杭州欢迎你！！ 求赐票‼@敏捷_悦二猴的小右翼 @李小思LTYF @倩影衬程心  #李宇春#还有❶㊇分钟就25号了！！！静等私信啊。学生党伤不起，博主晚安。明儿一早起来还得上课。30号放假只差门票了啊",
            "time": "13-9-24 23:42"
        },
        {
            "comment id": 67,
            "parent": -1,
            "children": [],
            "user id": "1852020647",
            "user name": "EvanLee的寶貝",
            "content": "求博主赐票@haohaohyuk @GameGyu88 @Donghai1015",
            "time": "13-9-24 23:40"
        },
        {
            "comment id": 68,
            "parent": -1,
            "children": [],
            "user id": "2957863965",
            "user name": "春宝宝的醋苞苞",
            "content": "豌豆豌豆，杭州欢迎你！！ 求赐票‼@敏捷_悦二猴的小右翼 @李小思LTYF @倩影衬程心  #李宇春#还有❷⓪分钟就25号了！！！我会说我在等私信么？？各种期盼！！",
            "time": "13-9-24 23:39"
        },
        {
            "comment id": 69,
            "parent": -1,
            "children": [],
            "user id": "1628616933",
            "user name": "敏捷_不知会遇见Lee",
            "content": "转一发，求好运！@梦超悦 @想念ning @闹闹_悦二猴的小左翼 ",
            "time": "13-9-24 23:39"
        },
        {
            "comment id": 70,
            "parent": -1,
            "children": [],
            "user id": "1852020647",
            "user name": "EvanLee的寶貝",
            "content": "求博主赐票@Donghai1015 @GameGyu88 @haohaohyuk",
            "time": "13-9-24 23:38"
        },
        {
            "comment id": 71,
            "parent": -1,
            "children": [],
            "user id": "1852020647",
            "user name": "EvanLee的寶貝",
            "content": "求票@haohaohyuk @GameGyu88 @Donghai1015",
            "time": "13-9-24 23:38"
        },
        {
            "comment id": 72,
            "parent": -1,
            "children": [],
            "user id": "1852020647",
            "user name": "EvanLee的寶貝",
            "content": "求博主赐票@Donghai1015 @GameGyu88 @haohaohyuk",
            "time": "13-9-24 23:33"
        },
        {
            "comment id": 73,
            "parent": -1,
            "children": [],
            "user id": "2957863965",
            "user name": "春宝宝的醋苞苞",
            "content": "豌豆豌豆，杭州欢迎你！！ 求赐票‼@敏捷_悦二猴的小右翼 @李小思LTYF @倩影衬程心  #李宇春#还有❸❷分钟就25号了！！！我葱很久没来杭州了！！！",
            "time": "13-9-24 23:27"
        },
        {
            "comment id": 74,
            "parent": -1,
            "children": [],
            "user id": "1852020647",
            "user name": "EvanLee的寶貝",
            "content": "求私信@haohaohyuk @GameGyu88 @Donghai1015",
            "time": "13-9-24 23:24"
        },
        {
            "comment id": 75,
            "parent": -1,
            "children": [],
            "user id": "1852020647",
            "user name": "EvanLee的寶貝",
            "content": "求中@Donghai1015 @GameGyu88 @haohaohyuk",
            "time": "13-9-24 23:24"
        },
        {
            "comment id": 76,
            "parent": -1,
            "children": [],
            "user id": "1852020647",
            "user name": "EvanLee的寶貝",
            "content": "求博主赐票@haohaohyuk @GameGyu88 @Donghai1015",
            "time": "13-9-24 23:23"
        },
        {
            "comment id": 77,
            "parent": -1,
            "children": [],
            "user id": "1852020647",
            "user name": "EvanLee的寶貝",
            "content": "求博主赐票啊@Donghai1015 @GameGyu88 @haohaohyuk",
            "time": "13-9-24 23:23"
        },
        {
            "comment id": 78,
            "parent": -1,
            "children": [],
            "user id": "1852020647",
            "user name": "EvanLee的寶貝",
            "content": "求博主赐票@haohaohyuk @GameGyu88 @Donghai1015",
            "time": "13-9-24 23:22"
        },
        {
            "comment id": 79,
            "parent": -1,
            "children": [],
            "user id": "2957863965",
            "user name": "春宝宝的醋苞苞",
            "content": "豌豆豌豆，杭州欢迎你！！ 求赐票‼@敏捷_悦二猴的小右翼 @李小思LTYF @倩影衬程心  #李宇春#还有❹⓪分钟就25号了！！！我会说我在等私信么？？",
            "time": "13-9-24 23:22"
        }
    ]
}