{
    "source": {
        "content": "#中国中医药报单验方#柚子皮验方 程怀孟 1、哮喘 柚子皮1个，百合150克，冰糖200克，水煎去渣，每天服用3次，3天服完。2、慢性支气管炎 柚子皮洗净切碎，开水冲泡代茶饮，频服。3、食欲不振 柚子皮15克，鸡内金10克，山楂10克，砂仁5克，水煎服，日1剂 ",
        "time": "14-3-16 08:43",
        "user id": "2147283903",
        "tweet id": "ABcG00e7n",
        "label": 0,
        "theme": "医药健康"
    },
    "comment": [
        {
            "comment id": 0,
            "parent": -1,
            "children": [],
            "user id": "1653280347",
            "user name": "静夜思绪10",
            "content": "转发微博",
            "time": "14-3-20 23:56"
        },
        {
            "comment id": 1,
            "parent": -1,
            "children": [],
            "user id": "1400504824",
            "user name": "墨者天下客",
            "content": "甚善",
            "time": "14-3-17 08:08"
        },
        {
            "comment id": 2,
            "parent": -1,
            "children": [],
            "user id": "3480302304",
            "user name": "a-笨猫",
            "content": "转发微博",
            "time": "14-3-16 22:10"
        },
        {
            "comment id": 3,
            "parent": -1,
            "children": [],
            "user id": "1655978223",
            "user name": "豆萁嘢",
            "content": "柚子皮验方 程怀孟 1、哮喘 柚子皮1个，百合150克，冰糖200克，水煎去渣，每天服用3次，3天服完。2、慢性支气管炎 柚子皮洗净切碎，开水冲泡代茶饮，频服。3、食欲不振 柚子皮15克，鸡内金10克，山楂10克，砂仁5克，水煎服，日1剂",
            "time": "14-3-16 19:34"
        },
        {
            "comment id": 4,
            "parent": -1,
            "children": [],
            "user id": "2717934111",
            "user name": "北京市怀柔区第二医院",
            "content": "转发微博",
            "time": "14-3-16 11:49"
        },
        {
            "comment id": 5,
            "parent": -1,
            "children": [],
            "user id": "2528366075",
            "user name": "第三华佗",
            "content": "转发微博",
            "time": "14-3-16 09:54"
        },
        {
            "comment id": 6,
            "parent": -1,
            "children": [],
            "user id": "1652761254",
            "user name": "浩然星空",
            "content": "转发微博",
            "time": "14-3-16 09:08"
        },
        {
            "comment id": 7,
            "parent": -1,
            "children": [],
            "user id": "1268418222",
            "user name": "黄利军同学",
            "content": "转发微博",
            "time": "14-3-16 09:05"
        },
        {
            "comment id": 8,
            "parent": -1,
            "children": [],
            "user id": "2275976310",
            "user name": "甘肃仲景国医馆",
            "content": "转发微博",
            "time": "14-3-16 08:55"
        },
        {
            "comment id": 9,
            "parent": -1,
            "children": [],
            "user id": "1808257710",
            "user name": "小苯貓不想看sb所以改个名",
            "content": "转发微博",
            "time": "14-3-16 08:49"
        }
    ]
}