{
    "source": {
        "content": "马航旧广告， 在推特上传疯了。非常尴尬！Via@自由的Cyberomeo @KDS宽带社／微信：weish021 ",
        "time": "14-3-17 09:13",
        "user id": "2256231983",
        "tweet id": "ABmiDaDDK",
        "label": 1,
        "theme": "财经商业"
    },
    "comment": [
        {
            "comment id": 0,
            "parent": -1,
            "children": [],
            "user id": "2588487471",
            "user name": "蓝孩子先生",
            "content": "回复@MissCanada小铺:太叼了",
            "time": "14-3-18 07:55"
        },
        {
            "comment id": 1,
            "parent": -1,
            "children": [],
            "user id": "1739734505",
            "user name": "MissCanada小铺",
            "content": "@蓝孩子先生 良心企业",
            "time": "14-3-18 07:29"
        },
        {
            "comment id": 2,
            "parent": -1,
            "children": [],
            "user id": "1739734505",
            "user name": "MissCanada小铺",
            "content": "@蓝孩子先生 赢了",
            "time": "14-3-18 07:29"
        },
        {
            "comment id": 3,
            "parent": -1,
            "children": [],
            "user id": "3561632775",
            "user name": "soogoheysoul",
            "content": "回复@rain-Hsu:靠谱的离谱[挖鼻屎]",
            "time": "14-3-18 00:19"
        },
        {
            "comment id": 4,
            "parent": -1,
            "children": [],
            "user id": "1617301162",
            "user name": "rain-Hsu",
            "content": " @喂不饱的存在感赶不走的小透明 诚信企业",
            "time": "14-3-17 22:58"
        },
        {
            "comment id": 5,
            "parent": -1,
            "children": [],
            "user id": "1902397403",
            "user name": "爸气十足的大叔",
            "content": "777广告配380的图！",
            "time": "14-3-17 20:12"
        },
        {
            "comment id": 6,
            "parent": -1,
            "children": [],
            "user id": "1401866115",
            "user name": "BH4AYG",
            "content": "[挖鼻屎]//@红烧肉Corrie: 真有一套。//@KDS坏人晖: //@白相上海滩: 诚信企业啊！果然说到做到了！",
            "time": "14-3-17 17:26"
        },
        {
            "comment id": 7,
            "parent": -1,
            "children": [],
            "user id": "1702967192",
            "user name": "崔一二",
            "content": "//@红烧肉Corrie: 真有一套。//@KDS坏人晖: //@白相上海滩: 诚信企业啊！果然说到做到了！",
            "time": "14-3-17 17:11"
        },
        {
            "comment id": 8,
            "parent": -1,
            "children": [],
            "user id": "1879472130",
            "user name": "红烧肉Corrie",
            "content": "真有一套。//@KDS坏人晖: //@白相上海滩: 诚信企业啊！果然说到做到了！",
            "time": "14-3-17 16:58"
        },
        {
            "comment id": 9,
            "parent": -1,
            "children": [],
            "user id": "2323633900",
            "user name": "吉檀迦利1980",
            "content": "wherever you go，no one will ever konw…… 无论你走到哪里，没有人会知道……",
            "time": "14-3-17 16:51"
        },
        {
            "comment id": 10,
            "parent": -1,
            "children": [],
            "user id": "2323633900",
            "user name": "吉檀迦利1980",
            "content": "果然！果然！果然！…… @杰森福 @在伤害里游荡的胖子 @h_z_ming @谁动了我的烟火",
            "time": "14-3-17 16:50"
        },
        {
            "comment id": 11,
            "parent": -1,
            "children": [],
            "user id": "1775104032",
            "user name": "Jing_期待旅行",
            "content": "是PS的啦还在传",
            "time": "14-3-17 15:16"
        },
        {
            "comment id": 12,
            "parent": -1,
            "children": [],
            "user id": "1588451095",
            "user name": "ET很散漫",
            "content": "转发微博",
            "time": "14-3-17 14:54"
        },
        {
            "comment id": 13,
            "parent": -1,
            "children": [],
            "user id": "2206822994",
            "user name": "panda98028",
            "content": "哈哈哈，早有预言嘛",
            "time": "14-3-17 13:56"
        },
        {
            "comment id": 14,
            "parent": -1,
            "children": [],
            "user id": "1275747284",
            "user name": "JILLLLLLLLLLLLLLLLLLLLLLLL",
            "content": " @左手时间右手信念",
            "time": "14-3-17 13:41"
        },
        {
            "comment id": 15,
            "parent": -1,
            "children": [],
            "user id": "1926404154",
            "user name": "裘卡V",
            "content": "",
            "time": "14-3-17 12:42"
        },
        {
            "comment id": 16,
            "parent": -1,
            "children": [],
            "user id": "1306834465",
            "user name": "Seventec",
            "content": "诚信企业，说到做到。",
            "time": "14-3-17 12:38"
        },
        {
            "comment id": 17,
            "parent": -1,
            "children": [],
            "user id": "1874113782",
            "user name": "丿Mm丶",
            "content": "@Yoyo的天荒地老",
            "time": "14-3-17 12:24"
        },
        {
            "comment id": 18,
            "parent": -1,
            "children": [],
            "user id": "2835881800",
            "user name": "小阿拉蕾alalei",
            "content": "转发微博",
            "time": "14-3-17 11:40"
        },
        {
            "comment id": 19,
            "parent": -1,
            "children": [],
            "user id": "1033758923",
            "user name": "T晓水",
            "content": "转发微博",
            "time": "14-3-17 11:35"
        },
        {
            "comment id": 20,
            "parent": -1,
            "children": [],
            "user id": "1827124015",
            "user name": "西瓜树上的狐狸",
            "content": "椰子巫师出品的广告文字吧.\"wherever you go，no one will ever konw！\"有这样的Air company 吗?.",
            "time": "14-3-17 11:16"
        },
        {
            "comment id": 21,
            "parent": -1,
            "children": [],
            "user id": "1785386013",
            "user name": "土豆洗衣机",
            "content": "@sherryyycheng",
            "time": "14-3-17 11:14"
        },
        {
            "comment id": 22,
            "parent": -1,
            "children": [],
            "user id": "1597621770",
            "user name": "marco9988",
            "content": "果然有先见",
            "time": "14-3-17 11:08"
        },
        {
            "comment id": 23,
            "parent": -1,
            "children": [],
            "user id": "1182574420",
            "user name": "Jill-FxG",
            "content": "这广告",
            "time": "14-3-17 10:59"
        },
        {
            "comment id": 24,
            "parent": -1,
            "children": [],
            "user id": "2479756495",
            "user name": "lilyjiang75",
            "content": "如果是你的亲人在飞机上，你还会转发这样的帖子吗？还会觉得好笑吗?无知，冷漠！！消停一下吧！再黑的冷幽默，也不应该拿生命去博取！！！",
            "time": "14-3-17 10:44"
        },
        {
            "comment id": 25,
            "parent": -1,
            "children": [],
            "user id": "2479756495",
            "user name": "lilyjiang75",
            "content": "这有什么好笑的？拿着飞机上200多号人的生命来证实这种广告的诚信吗？看着这些评论，真感到有些国人的冷漠！博主转发这样的帖子，也是在博取关注吗？BS!",
            "time": "14-3-17 10:40"
        },
        {
            "comment id": 26,
            "parent": -1,
            "children": [],
            "user id": "2092021225",
            "user name": "命小贱不像狮子座",
            "content": "回复@Missssss_长颈鹿:hahaha 这个好好笑",
            "time": "14-3-17 10:30"
        },
        {
            "comment id": 27,
            "parent": -1,
            "children": [],
            "user id": "2406028307",
            "user name": "Sophia奥特曼",
            "content": "whenever you go,no one will ever know.擦",
            "time": "14-3-17 10:27"
        },
        {
            "comment id": 28,
            "parent": -1,
            "children": [],
            "user id": "2253583211",
            "user name": "我_提提提",
            "content": "这算诚信广告啊！",
            "time": "14-3-17 10:27"
        },
        {
            "comment id": 29,
            "parent": -1,
            "children": [],
            "user id": "1899473480",
            "user name": "宙斯的Aires",
            "content": "哈哈哈哈~诚信企业，业界良心！",
            "time": "14-3-17 10:26"
        },
        {
            "comment id": 30,
            "parent": -1,
            "children": [],
            "user id": "1678606235",
            "user name": "浩爷那减肥焦虑症ing滴妈呦",
            "content": "好吧 他们确实做到了",
            "time": "14-3-17 10:20"
        },
        {
            "comment id": 31,
            "parent": -1,
            "children": [],
            "user id": "1402284861",
            "user name": "执着的叶小楼",
            "content": "//@尐马过河: 转发微博",
            "time": "14-3-17 10:20"
        },
        {
            "comment id": 32,
            "parent": -1,
            "children": [],
            "user id": "1817255245",
            "user name": "shakeyourbonbon",
            "content": "诚信马航，说到做到！",
            "time": "14-3-17 10:13"
        },
        {
            "comment id": 33,
            "parent": -1,
            "children": [],
            "user id": "1905440650",
            "user name": "Gracelee说请叫我女王大人",
            "content": "Wherever you go,no one ever know!",
            "time": "14-3-17 10:12"
        },
        {
            "comment id": 34,
            "parent": -1,
            "children": [],
            "user id": "1704707877",
            "user name": "lizzy林小闹",
            "content": "回复@米开朗骑马累:今天出门晚了，还在地铁上[打哈气]",
            "time": "14-3-17 10:11"
        },
        {
            "comment id": 35,
            "parent": -1,
            "children": [],
            "user id": "1824027801",
            "user name": "搞钱买论文吸包",
            "content": "回复@lizzy林小闹:够了......快来！",
            "time": "14-3-17 10:10"
        },
        {
            "comment id": 36,
            "parent": -1,
            "children": [],
            "user id": "2586722090",
            "user name": "菱角莲藕微微甜",
            "content": "[挖鼻屎]//@莫忘心安: [挖鼻屎]//@NOVEN_0V0: //@Fami梦-A_xxx:[挖鼻屎]//@上海热门资讯: wherever you go，no one will ever konw！诚信企业，说到做到！",
            "time": "14-3-17 10:09"
        },
        {
            "comment id": 37,
            "parent": -1,
            "children": [],
            "user id": "1642369904",
            "user name": "quux",
            "content": "//faint //@蹲在墙角种蘑菇咕咕咕:  //@nini617830: //@Fami梦-A_xxx:[挖鼻屎]//@上海热门资讯: wherever you go，no one will ever konw！诚信企业，说到做到！",
            "time": "14-3-17 10:06"
        },
        {
            "comment id": 38,
            "parent": -1,
            "children": [],
            "user id": "1732753673",
            "user name": "扫妹的扫帚FiFi",
            "content": "蓄谋已久了~",
            "time": "14-3-17 10:04"
        },
        {
            "comment id": 39,
            "parent": -1,
            "children": [],
            "user id": "1704707877",
            "user name": "lizzy林小闹",
            "content": "@米开朗骑马累 哈哈",
            "time": "14-3-17 10:04"
        },
        {
            "comment id": 40,
            "parent": -1,
            "children": [],
            "user id": "1714570304",
            "user name": "专看吐槽君而已",
            "content": "",
            "time": "14-3-17 09:59"
        },
        {
            "comment id": 41,
            "parent": -1,
            "children": [],
            "user id": "1459586743",
            "user name": "欢欢的花花",
            "content": "马行诚信企业",
            "time": "14-3-17 09:54"
        },
        {
            "comment id": 42,
            "parent": -1,
            "children": [],
            "user id": "1679521090",
            "user name": "Missssss_长颈鹿",
            "content": "回复@芭啦啦_熊:噗。。。。哈哈哈哈哈哈哈哈赞",
            "time": "14-3-17 09:48"
        },
        {
            "comment id": 43,
            "parent": -1,
            "children": [],
            "user id": "1784081335",
            "user name": "芭啦啦_熊",
            "content": "回复@Missssss_长颈鹿:好巧啊→_→",
            "time": "14-3-17 09:46"
        },
        {
            "comment id": 44,
            "parent": -1,
            "children": [],
            "user id": "1642388412",
            "user name": "tiny龙龙",
            "content": "这个想想后背冒凉风",
            "time": "14-3-17 09:43"
        },
        {
            "comment id": 45,
            "parent": -1,
            "children": [],
            "user id": "1561672743",
            "user name": "瑞秋在路上",
            "content": "特嘈了",
            "time": "14-3-17 09:42"
        },
        {
            "comment id": 46,
            "parent": -1,
            "children": [],
            "user id": "1679521090",
            "user name": "Missssss_长颈鹿",
            "content": "@命小贱不像狮子座",
            "time": "14-3-17 09:39"
        },
        {
            "comment id": 47,
            "parent": -1,
            "children": [],
            "user id": "2524956903",
            "user name": "aleoyang",
            "content": "p的，广告上面是A380",
            "time": "14-3-17 09:33"
        },
        {
            "comment id": 48,
            "parent": -1,
            "children": [],
            "user id": "1774191683",
            "user name": "高小为V",
            "content": "太假",
            "time": "14-3-17 09:32"
        },
        {
            "comment id": 49,
            "parent": -1,
            "children": [],
            "user id": "2256231983",
            "user name": "上海热门资讯",
            "content": "wherever you go，no one will ever konw！诚信企业，说到做到！",
            "time": "14-3-17 09:30"
        },
        {
            "comment id": 50,
            "parent": -1,
            "children": [],
            "user id": "1746437892",
            "user name": "五只小肥熊vivi",
            "content": "哦册那",
            "time": "14-3-17 09:29"
        },
        {
            "comment id": 51,
            "parent": -1,
            "children": [],
            "user id": "1745395015",
            "user name": "我是性感的非凡",
            "content": "這句英文我看得懂！",
            "time": "14-3-17 09:26"
        },
        {
            "comment id": 52,
            "parent": -1,
            "children": [],
            "user id": "1309103085",
            "user name": "greymane_23",
            "content": "@Elaine__Y ",
            "time": "14-3-17 09:26"
        },
        {
            "comment id": 53,
            "parent": -1,
            "children": [],
            "user id": "1943943080",
            "user name": "魔法部长",
            "content": "",
            "time": "14-3-17 09:24"
        },
        {
            "comment id": 54,
            "parent": -1,
            "children": [],
            "user id": "1745395015",
            "user name": "我是性感的非凡",
            "content": "⋯⋯",
            "time": "14-3-17 09:24"
        },
        {
            "comment id": 55,
            "parent": -1,
            "children": [],
            "user id": "1799865997",
            "user name": "葉小姐努力賺錢Seven",
            "content": "马航的领导大概就是那三个划船的@新加坡眼 @AaronYZ杨舟 ",
            "time": "14-3-17 09:22"
        },
        {
            "comment id": 56,
            "parent": -1,
            "children": [],
            "user id": "1822102374",
            "user name": "橡皮REN",
            "content": "@这世界辽阔2011 ",
            "time": "14-3-17 09:20"
        },
        {
            "comment id": 57,
            "parent": -1,
            "children": [],
            "user id": "1872812065",
            "user name": "emma王",
            "content": "转发微博",
            "time": "14-3-17 09:19"
        },
        {
            "comment id": 58,
            "parent": -1,
            "children": [],
            "user id": "1900711100",
            "user name": "施s妈m妈m",
            "content": "转发微博",
            "time": "14-3-17 09:18"
        },
        {
            "comment id": 59,
            "parent": -1,
            "children": [],
            "user id": "1737862143",
            "user name": "cyberia",
            "content": "@象大仙",
            "time": "14-3-17 09:17"
        },
        {
            "comment id": 60,
            "parent": -1,
            "children": [],
            "user id": "1212750152",
            "user name": "Lino_土豆",
            "content": " @安琪琪琪安",
            "time": "14-3-17 09:16"
        },
        {
            "comment id": 61,
            "parent": -1,
            "children": [],
            "user id": "1746026760",
            "user name": "HarryGuo_forTheWin",
            "content": "Whenever u go no one will ever know...",
            "time": "14-3-17 09:16"
        },
        {
            "comment id": 62,
            "parent": -1,
            "children": [],
            "user id": "1732161153",
            "user name": "瞧呆麻豆",
            "content": "233",
            "time": "14-3-17 09:15"
        },
        {
            "comment id": 63,
            "parent": -1,
            "children": [],
            "user id": "1824239497",
            "user name": "开心抹茶默默",
            "content": "吓死了呀",
            "time": "14-3-17 09:15"
        },
        {
            "comment id": 64,
            "parent": -1,
            "children": [],
            "user id": "2019967721",
            "user name": "梨渦淺笑kiki",
            "content": "转发微博",
            "time": "14-3-17 09:15"
        },
        {
            "comment id": 65,
            "parent": -1,
            "children": [],
            "user id": "1294104142",
            "user name": "严夏",
            "content": "诚信企业啊！果然说到做到了！",
            "time": "14-3-17 09:15"
        },
        {
            "comment id": 66,
            "parent": -1,
            "children": [],
            "user id": "2082001913",
            "user name": "晓奖安妮1",
            "content": "原来早就埋下伏笔。。。No One Will Ever Know！！！！！！！",
            "time": "14-3-17 09:15"
        },
        {
            "comment id": 67,
            "parent": -1,
            "children": [],
            "user id": "1648129487",
            "user name": "super瑩寶貝",
            "content": "不幸言中",
            "time": "14-3-17 09:13"
        }
    ]
}