{
    "source": {
        "content": "#马航飞机失联#系统自动转发！ ",
        "time": "14-3-18 00:23",
        "user id": "1904799102",
        "tweet id": "ABsg1ygh8",
        "label": 1,
        "theme": "社会生活"
    },
    "comment": [
        {
            "comment id": 0,
            "parent": -1,
            "children": [],
            "user id": "1411648020",
            "user name": "宣萱624",
            "content": "各种有啊？",
            "time": "14-3-18 08:10"
        },
        {
            "comment id": 1,
            "parent": -1,
            "children": [],
            "user id": "2042849591",
            "user name": "张晏铭",
            "content": "国内的新闻媒体搞得懂个锤子！那些批哈儿现在都在别人老公老婆小三凯子的床上流汗！操尼玛，今天才礼拜二都不用上班吗",
            "time": "14-3-18 00:42"
        },
        {
            "comment id": 2,
            "parent": -1,
            "children": [],
            "user id": "1904799102",
            "user name": "看重庆",
            "content": "回复@SleepyOce:不知道真假，是侯耀华朋友圈流出，但是有时我宁愿相信个人也不愿意听官方新闻瞎BB",
            "time": "14-3-18 00:35"
        },
        {
            "comment id": 3,
            "parent": -1,
            "children": [],
            "user id": "1681623142",
            "user name": "来一碗豆汤饭",
            "content": "是真消息么?新闻源是哪儿",
            "time": "14-3-18 00:28"
        },
        {
            "comment id": 4,
            "parent": -1,
            "children": [],
            "user id": "2805809674",
            "user name": "Q乾坤猫",
            "content": "@杜子建 印度岛上。。。。",
            "time": "14-3-18 00:27"
        },
        {
            "comment id": 5,
            "parent": -1,
            "children": [],
            "user id": "1784241384",
            "user name": "Jisen小张",
            "content": "造谣一时爽，全家火葬场",
            "time": "14-3-18 00:25"
        }
    ]
}