{
    "source": {
        "content": "安利老板死了！才56岁,吃了27年的纽崔莱，好讽刺啊！安利成冠3S系统创始人陈观田因肝癌56岁去世,干了27年安利,吃了27年纽崔莱, 安利大师超凡创办人王慈官.享年61岁。 安利网络21系统创始人吉米道南2013年8月13日去逝,65岁。用了安利产品四十三年。高科技萃取工艺破坏了天然食物！真的不能乱吃!(张京华) ",
        "time": "13-11-13 18:07",
        "user id": "2709577332",
        "tweet id": "AiyNXABDb",
        "label": 1,
        "theme": "财经商业"
    },
    "comment": [
        {
            "comment id": 0,
            "parent": -1,
            "children": [],
            "user id": "2274773620",
            "user name": "快乐宁姐姐",
            "content": "回复@林小琳200605:我一直在用",
            "time": "15-3-20 22:55"
        },
        {
            "comment id": 1,
            "parent": -1,
            "children": [],
            "user id": "2247614157",
            "user name": "林小琳从来不靠谱",
            "content": "回复@搅毛三_快乐宁姐姐:你竟然信这个，安利的东西还是不错的",
            "time": "15-3-20 22:52"
        },
        {
            "comment id": 2,
            "parent": -1,
            "children": [],
            "user id": "3186507142",
            "user name": "敬你这碗狗粮啊",
            "content": "滚",
            "time": "14-11-30 20:58"
        },
        {
            "comment id": 3,
            "parent": -1,
            "children": [],
            "user id": "3801880926",
            "user name": "财智侠客",
            "content": "回复@我要长高166:嗨，祝你国庆快乐",
            "time": "14-9-30 20:52"
        },
        {
            "comment id": 4,
            "parent": -1,
            "children": [],
            "user id": "3801880926",
            "user name": "财智侠客",
            "content": "回复@我要长高166:呵呵，",
            "time": "14-9-5 23:41"
        },
        {
            "comment id": 5,
            "parent": -1,
            "children": [],
            "user id": "3074413811",
            "user name": "坤海集团",
            "content": "回复@DJ培培2014:你好",
            "time": "14-7-26 21:38"
        },
        {
            "comment id": 6,
            "parent": -1,
            "children": [],
            "user id": "3801880926",
            "user name": "财智侠客",
            "content": "回复@我要长高166:你好，朋友",
            "time": "14-7-26 20:07"
        },
        {
            "comment id": 7,
            "parent": -1,
            "children": [],
            "user id": "3074413811",
            "user name": "坤海集团",
            "content": "没有的事，也可以掰",
            "time": "14-7-25 17:43"
        },
        {
            "comment id": 8,
            "parent": -1,
            "children": [],
            "user id": "1830689921",
            "user name": "Laughing小小姐",
            "content": "回复@小妮儿猫:人家车祸死的。",
            "time": "14-1-28 10:39"
        },
        {
            "comment id": 9,
            "parent": -1,
            "children": [],
            "user id": "1977830317",
            "user name": "造梦儿-3",
            "content": "@小椅哥",
            "time": "13-12-20 15:49"
        },
        {
            "comment id": 10,
            "parent": -1,
            "children": [],
            "user id": "2216964432",
            "user name": "-舒不起",
            "content": "回复@小徐徐买不到:我只用沐浴露",
            "time": "13-12-12 13:19"
        },
        {
            "comment id": 11,
            "parent": -1,
            "children": [],
            "user id": "1973574927",
            "user name": "茶聚人和",
            "content": "没去了解，只是碰到，觉得有意思，分享而已！我后悔@你了",
            "time": "13-11-27 17:22"
        },
        {
            "comment id": 12,
            "parent": -1,
            "children": [],
            "user id": "1812593470",
            "user name": "指尖下的旅行",
            "content": "回复@太姥一杰:亲，生老病死很正常的吧~话说，你去了解这些对你的选择有帮助吗？",
            "time": "13-11-27 16:23"
        },
        {
            "comment id": 13,
            "parent": -1,
            "children": [],
            "user id": "1633902074",
            "user name": "层叠的涟漪圈",
            "content": "回复@独慕成林 他有没有良心啊拿死者炒作 ？邻居家爷爷吃了80年饭得癌症去世了 就可以总结吃饭饭致癌 大家都别吃饭了 这些信息明显是其他的直销公司攻击安利公司 这么弱智的写手还敢出来显 亲爱的你的智商怎么下降了呢 纽崔莱80年全球他妈的那么多检查机构都是白痴啊就他精运动员一天20次尿检都是闹",
            "time": "13-11-24 00:34"
        },
        {
            "comment id": 14,
            "parent": -1,
            "children": [],
            "user id": "2829478300",
            "user name": "zhaozhaobbb",
            "content": "@南方大猫",
            "time": "13-11-23 22:30"
        },
        {
            "comment id": 15,
            "parent": -1,
            "children": [],
            "user id": "2637873141",
            "user name": "耳東师兄",
            "content": "回复@_露米儿eCho:你发我的？？",
            "time": "13-11-22 19:41"
        },
        {
            "comment id": 16,
            "parent": -1,
            "children": [],
            "user id": "1305674273",
            "user name": "郝杰导演",
            "content": "回复@shanshanq:留言始于小人。止于智者。",
            "time": "13-11-22 16:08"
        },
        {
            "comment id": 17,
            "parent": -1,
            "children": [],
            "user id": "1768463744",
            "user name": "能不能不要下雨了啊啊啊啊啊啊",
            "content": "回复@MRs_Lily:呵呵",
            "time": "13-11-19 20:27"
        },
        {
            "comment id": 18,
            "parent": -1,
            "children": [],
            "user id": "1762492651",
            "user name": "MRs_Lily",
            "content": "回复@瀛Tattoo-蓝莓Blueberry:无知",
            "time": "13-11-19 19:41"
        },
        {
            "comment id": 19,
            "parent": -1,
            "children": [],
            "user id": "1768463744",
            "user name": "能不能不要下雨了啊啊啊啊啊啊",
            "content": "为什么那么多人力撑安利 感觉安利就一传销",
            "time": "13-11-19 19:12"
        },
        {
            "comment id": 20,
            "parent": -1,
            "children": [],
            "user id": "2183235917",
            "user name": "百年前之中国",
            "content": "@Happy张江 转发超过500，在家等警察叔叔吧。 ",
            "time": "13-11-19 17:22"
        },
        {
            "comment id": 21,
            "parent": -1,
            "children": [],
            "user id": "1733253322",
            "user name": "顿悟顿了了",
            "content": "中国奥运会跟安利签约8年，看来国家傻了，运动员将来都被吃死了。所以，妖言最好止于智者！",
            "time": "13-11-19 15:21"
        },
        {
            "comment id": 22,
            "parent": -1,
            "children": [],
            "user id": "2639060311",
            "user name": "ElaineW_DD",
            "content": "回复@我de世界观:莫名其妙一大早有人说你没修养说你怨妇你开心么",
            "time": "13-11-19 04:55"
        },
        {
            "comment id": 23,
            "parent": -1,
            "children": [],
            "user id": "2639060311",
            "user name": "ElaineW_DD",
            "content": "回复@我de世界观:你没事干把几天前的回复翻出来、你卖安利你不能让每个人都爱安利吧。我这前阵子熟的不熟的都问知道安利么知道安利么的开始推销、我说下我的感想你就说我修养不够、那我不可笑么？",
            "time": "13-11-19 04:09"
        },
        {
            "comment id": 24,
            "parent": -1,
            "children": [],
            "user id": "2639060311",
            "user name": "ElaineW_DD",
            "content": "回复@我de世界观:不知道是谁无聊先挑事的哦。你真闲",
            "time": "13-11-19 04:03"
        },
        {
            "comment id": 25,
            "parent": -1,
            "children": [],
            "user id": "2639060311",
            "user name": "ElaineW_DD",
            "content": "回复@我de世界观:我说安利关你屁事！我有说谁么？你管得多不多、别人的喜好碍着你了？看起来你有修养似的。无聊疯了吧找着人挑事儿",
            "time": "13-11-19 03:53"
        },
        {
            "comment id": 26,
            "parent": -1,
            "children": [],
            "user id": "2141364485",
            "user name": "非著名首席增长官",
            "content": "為什麼還不抓！",
            "time": "13-11-19 02:38"
        },
        {
            "comment id": 27,
            "parent": -1,
            "children": [],
            "user id": "2463210501",
            "user name": "我的人生需要被矫正_",
            "content": "@陳妍控- 前几天想说的…一直忘找了…今天有时间给你找出来的",
            "time": "13-11-18 22:45"
        },
        {
            "comment id": 28,
            "parent": -1,
            "children": [],
            "user id": "1432529617",
            "user name": "大兔子官KK",
            "content": "回复@某小桃_Naomi:你好坏，哈哈哈",
            "time": "13-11-17 19:23"
        },
        {
            "comment id": 29,
            "parent": -1,
            "children": [],
            "user id": "2758936277",
            "user name": "记忆中心息的当初",
            "content": "回复@hjkgddcgttgjjugfd:哈哈",
            "time": "13-11-16 20:23"
        },
        {
            "comment id": 30,
            "parent": -1,
            "children": [],
            "user id": "1689888345",
            "user name": "小徐要快乐a",
            "content": "假新闻。看你怎么办了。转发破500了",
            "time": "13-11-16 19:19"
        },
        {
            "comment id": 31,
            "parent": -1,
            "children": [],
            "user id": "2840850530",
            "user name": "晓丑鱼2012",
            "content": "回复@Reina-Hu:亲，知道了哈...",
            "time": "13-11-16 15:45"
        },
        {
            "comment id": 32,
            "parent": -1,
            "children": [],
            "user id": "1709435643",
            "user name": "shanshanq",
            "content": " @郝杰导演",
            "time": "13-11-16 13:13"
        },
        {
            "comment id": 33,
            "parent": -1,
            "children": [],
            "user id": "2207891241",
            "user name": "迷蛋NY",
            "content": "哇塞，远超500次了，坐等怎么处理",
            "time": "13-11-16 10:59"
        },
        {
            "comment id": 34,
            "parent": -1,
            "children": [],
            "user id": "2131957730",
            "user name": "烦恼的时候有火无烟",
            "content": "呵呵呵 //@勤奋的笨老头:",
            "time": "13-11-16 08:40"
        },
        {
            "comment id": 35,
            "parent": -1,
            "children": [],
            "user id": "1735614913",
            "user name": "腾跃Tencky",
            "content": "直销企业狗咬狗？",
            "time": "13-11-16 02:59"
        },
        {
            "comment id": 36,
            "parent": -1,
            "children": [],
            "user id": "2162921910",
            "user name": "妹仔又做黑暗料理",
            "content": "回复@如影流岚:至少他也是新闻官的一种吧，新闻官要以客观事实为依据，没有调查就没有发言权。如果新闻官写出来的报告文章都是黑别人品牌的，没经过证实的，那会引起很大的波动！！！影响最深的是我们这些消费者。",
            "time": "13-11-15 22:36"
        },
        {
            "comment id": 37,
            "parent": -1,
            "children": [],
            "user id": "3218457433",
            "user name": "觅珀MemoryBox",
            "content": "回复@人土土000:所以要吃天然的！",
            "time": "13-11-15 22:18"
        },
        {
            "comment id": 38,
            "parent": -1,
            "children": [],
            "user id": "2706709355",
            "user name": "嘉一金属",
            "content": "回复@despicablemeeeeeeeee:太讽刺了吧",
            "time": "13-11-15 21:02"
        },
        {
            "comment id": 39,
            "parent": -1,
            "children": [],
            "user id": "1804908691",
            "user name": "Erain_T",
            "content": "回复@May_Tseee:这些和个人有关，",
            "time": "13-11-15 20:24"
        },
        {
            "comment id": 40,
            "parent": -1,
            "children": [],
            "user id": "2006317531",
            "user name": "艾榕艾榕",
            "content": "回复@伟淼不靠谱:假的",
            "time": "13-11-15 20:21"
        },
        {
            "comment id": 41,
            "parent": -1,
            "children": [],
            "user id": "1751007564",
            "user name": "Q特的Q",
            "content": "安利的生活用品还是挺好用的",
            "time": "13-11-15 18:58"
        },
        {
            "comment id": 42,
            "parent": -1,
            "children": [],
            "user id": "1301692757",
            "user name": "Lilylan的平淡日常",
            "content": "回复@老诸Garfield:编辑也是平民百姓的好伐？",
            "time": "13-11-15 18:23"
        },
        {
            "comment id": 43,
            "parent": -1,
            "children": [],
            "user id": "1497465364",
            "user name": "lyt6208",
            "content": "是挺讽刺的",
            "time": "13-11-15 18:01"
        },
        {
            "comment id": 44,
            "parent": -1,
            "children": [],
            "user id": "3176921607",
            "user name": "心如碧海蓝天",
            "content": "回复@纠结在青春背后:第一句不正确 第二句",
            "time": "13-11-15 17:18"
        },
        {
            "comment id": 45,
            "parent": -1,
            "children": [],
            "user id": "3176921607",
            "user name": "心如碧海蓝天",
            "content": "回复@消费陷阱太多了:",
            "time": "13-11-15 17:17"
        },
        {
            "comment id": 46,
            "parent": -1,
            "children": [],
            "user id": "3176921607",
            "user name": "心如碧海蓝天",
            "content": "回复@末世未明:",
            "time": "13-11-15 17:16"
        },
        {
            "comment id": 47,
            "parent": -1,
            "children": [],
            "user id": "3176921607",
            "user name": "心如碧海蓝天",
            "content": "回复@搅毛三:此外公司的日用品外包装＂中国南、北极科考队专用产品”醒目的标志也来之不易：其时 400多家公司争相申报，通过数十位权威科学家在南、北极的实地实验，经过国际环保机构的严格遴选，最终安利公司胜出〜〜＂中国南、北极科考队专用产品”的烙印由此打在安利公司日用产品的外包装上",
            "time": "13-11-15 17:16"
        },
        {
            "comment id": 48,
            "parent": -1,
            "children": [],
            "user id": "3176921607",
            "user name": "心如碧海蓝天",
            "content": "回复@搅毛三:🌹朋友：知道吗？纽崔莱瓶子上耀眼的奥运五环标志是凭什么印上去的？这需要205个同盟国签字认可才能获此殊荣！国内60多家保健食品公司同台竞争 安利公司是唯一通过205个国家签字审批的公司，由此脱颖而出🌺",
            "time": "13-11-15 17:15"
        },
        {
            "comment id": 49,
            "parent": -1,
            "children": [],
            "user id": "3176921607",
            "user name": "心如碧海蓝天",
            "content": "回复@搅毛三:你当然要用啊 为了家人的健康",
            "time": "13-11-15 17:13"
        },
        {
            "comment id": 50,
            "parent": -1,
            "children": [],
            "user id": "3176921607",
            "user name": "心如碧海蓝天",
            "content": "1谁永生了？谁是不死之身？谁说吃了营养品就不死？医院救死扶伤，可天天还那么多人死呢？2健康长寿主要因素〜来自世界卫生组织研究报告：遗传15% 自然环境10% 社会状况7% 医疗条件8% 生活方式60%。3常怀慈悲之心 对逝者谣言 其行为不可理喻。",
            "time": "13-11-15 17:13"
        },
        {
            "comment id": 51,
            "parent": -1,
            "children": [],
            "user id": "2162921910",
            "user name": "妹仔又做黑暗料理",
            "content": "回复@如影流岚:说得好！这才叫客观！！这编辑还不如一个平民百姓呢！！",
            "time": "13-11-15 16:16"
        },
        {
            "comment id": 52,
            "parent": -1,
            "children": [],
            "user id": "2162921910",
            "user name": "妹仔又做黑暗料理",
            "content": "回复@又TM重名:这些人就是没事找事做！！！中国霉体！！你信？？？",
            "time": "13-11-15 16:14"
        },
        {
            "comment id": 53,
            "parent": -1,
            "children": [],
            "user id": "2162921910",
            "user name": "妹仔又做黑暗料理",
            "content": "回复@消费陷阱太多了:他也不过是副的！！！有什么气候！！！",
            "time": "13-11-15 16:12"
        },
        {
            "comment id": 54,
            "parent": -1,
            "children": [],
            "user id": "2854060280",
            "user name": "天OO-地00",
            "content": "回复@禹点点:还好我吃的是klx",
            "time": "13-11-15 15:57"
        },
        {
            "comment id": 55,
            "parent": -1,
            "children": [],
            "user id": "1839149015",
            "user name": "猫猫他妈",
            "content": "//@徐子轩与采果集: 回复@Wu-XJinG:［吃惊］//@Wu-XJinG:回复@甘滋滋:我让你看比内容为不实消息以处理",
            "time": "13-11-15 12:52"
        },
        {
            "comment id": 56,
            "parent": -1,
            "children": [],
            "user id": "2274773620",
            "user name": "快乐宁姐姐",
            "content": "我还在用安利洗漱洗涤的产品还有雅姿护肤品，是否不要用了？",
            "time": "13-11-15 11:34"
        },
        {
            "comment id": 57,
            "parent": -1,
            "children": [],
            "user id": "1834372787",
            "user name": "Fish_Leez",
            "content": "[挖鼻屎]",
            "time": "13-11-15 10:04"
        },
        {
            "comment id": 58,
            "parent": -1,
            "children": [],
            "user id": "3083319240",
            "user name": "肥丸子-",
            "content": " @郭总儿",
            "time": "13-11-15 09:21"
        },
        {
            "comment id": 59,
            "parent": -1,
            "children": [],
            "user id": "2035740272",
            "user name": "小柿子88052",
            "content": "",
            "time": "13-11-15 00:51"
        },
        {
            "comment id": 60,
            "parent": -1,
            "children": [],
            "user id": "2719064403",
            "user name": "翻滚吧牛宝宝-",
            "content": "还好老子买不起",
            "time": "13-11-14 23:48"
        },
        {
            "comment id": 61,
            "parent": -1,
            "children": [],
            "user id": "1800455335",
            "user name": "MissHanna",
            "content": "超凡的创始人不是王慈官。王慈官也不是创办人，他只是总监！说谎也不打草稿！",
            "time": "13-11-14 23:30"
        },
        {
            "comment id": 62,
            "parent": -1,
            "children": [],
            "user id": "2503782420",
            "user name": "Chris_Z_Jonggiya",
            "content": "回复@金重婷婷:这个我早就知道了哦",
            "time": "13-11-14 22:38"
        },
        {
            "comment id": 63,
            "parent": -1,
            "children": [],
            "user id": "2241813163",
            "user name": "outerspaceAlien",
            "content": "回复@甘滋滋:我让你看比内容为不实消息以处理",
            "time": "13-11-14 22:32"
        },
        {
            "comment id": 64,
            "parent": -1,
            "children": [],
            "user id": "1753129041",
            "user name": "造假大户",
            "content": " @白小天71",
            "time": "13-11-14 19:25"
        },
        {
            "comment id": 65,
            "parent": -1,
            "children": [],
            "user id": "1686146874",
            "user name": "一果的果",
            "content": "虽然逻辑有问题，但是安利是赤露露打着直销幌子的传销是不争的事实愚昧的安利老鼠们，醒来吧。",
            "time": "13-11-14 19:20"
        },
        {
            "comment id": 66,
            "parent": -1,
            "children": [],
            "user id": "1752344262",
            "user name": "甘滋滋",
            "content": "回复@Wu-XJinG:我昨天才艾特过你",
            "time": "13-11-14 19:06"
        },
        {
            "comment id": 67,
            "parent": -1,
            "children": [],
            "user id": "2563236354",
            "user name": "末世未明",
            "content": "你可以把白的说成黑的，但是你不能把白的变成黑的，安利已经在社会上建立了难以撼动的诚信守法经营者形象，我们会继续我们的经营理念，履行社会责任，大众最终会认识到谣言本质，最终出路只有不攻自破。",
            "time": "13-11-14 18:30"
        },
        {
            "comment id": 68,
            "parent": -1,
            "children": [],
            "user id": "2557464927",
            "user name": "儍·吥兲眞",
            "content": "NND，一直都在看投资者报的，看完这条微博，怎么觉得自己水准一下被拉低这么多。",
            "time": "13-11-14 18:30"
        },
        {
            "comment id": 69,
            "parent": -1,
            "children": [],
            "user id": "2897178651",
            "user name": "聆听现实的社会",
            "content": "未经证实的新闻，也敢发，愧对副总编辑的头衔啊",
            "time": "13-11-14 18:29"
        },
        {
            "comment id": 70,
            "parent": -1,
            "children": [],
            "user id": "3165808331",
            "user name": "薛慕杨",
            "content": "这条微博的格式跟网络上常见的虚假信息比较类似，具体的我也不想去一一考证了，你说的老板不知道是什么概念？总公司老板？中国区？某个系统？作为一个总编，一定是深受其毒害，才能用这种语气来感慨吧。",
            "time": "13-11-14 18:29"
        },
        {
            "comment id": 71,
            "parent": -1,
            "children": [],
            "user id": "2618064013",
            "user name": "古怪贝贝",
            "content": "怎么看都是起哄造谣生事的口气，唯恐天下不乱，吃饱了撑得",
            "time": "13-11-14 18:29"
        },
        {
            "comment id": 72,
            "parent": -1,
            "children": [],
            "user id": "2891091091",
            "user name": "我说你很ok",
            "content": "善恶终有报，谣言满天飞，不信？抬头看！苍天饶过谁！！！",
            "time": "13-11-14 18:29"
        },
        {
            "comment id": 73,
            "parent": -1,
            "children": [],
            "user id": "2528679810",
            "user name": "爱可以休息了",
            "content": "人们每天要呼吸，要饮水，要吃饭，那死因也会是这其中一种？",
            "time": "13-11-14 18:28"
        },
        {
            "comment id": 74,
            "parent": -1,
            "children": [],
            "user id": "2884681733",
            "user name": "爱艺吖吖",
            "content": "吃保健品的去世了说保健品有毒，不吃保健品只吃食物的去世了是什么有毒？都是食物中毒吗？显然是谬论。",
            "time": "13-11-14 18:28"
        },
        {
            "comment id": 75,
            "parent": -1,
            "children": [],
            "user id": "2204902274",
            "user name": "武汉长江大桥4",
            "content": "其实，理想的健康需要四要素：充足的睡眠、愉悦的心情、适量的运动、均衡的营养，缺一不可。但即使能做到这四样，只是可以让身体最大化的减少发病的概率，人体有差异性，有先天不足甚至是缺陷。没有一种方法、药品、乃至食品可以确保所有人长生不老，这是常识。",
            "time": "13-11-14 18:28"
        },
        {
            "comment id": 76,
            "parent": -1,
            "children": [],
            "user id": "2901961731",
            "user name": "SONAR_速耐_SD",
            "content": "呵呵，这么肤浅的断定一个人的死亡原因，是不是显得太没专业水准了。",
            "time": "13-11-14 18:28"
        },
        {
            "comment id": 77,
            "parent": -1,
            "children": [],
            "user id": "2980819587",
            "user name": "总有希望啊",
            "content": "你可以把白的说成黑的，但是你不能把白的变成黑的，安利已经在社会上建立了难以撼动的诚信守法经营者形象，我们会继续我们的经营理念，履行社会责任，大众最终会认识到谣言本质，最终出路只有不攻自破。",
            "time": "13-11-14 18:28"
        },
        {
            "comment id": 78,
            "parent": -1,
            "children": [],
            "user id": "1724174274",
            "user name": "哥弹左上月球",
            "content": "安利和现在非常热的面部spa机一样。你说自己怎样好怎样好起码你也给个科学数据啊。安利成分表里面的东西，你去超市买几个蔬菜水果就能够拥有那么多的营养成分。人类用了那么多个千年来适应自然食品，好好的蔬菜水果就已经能让人类补充需要的成分，吃你干毛？",
            "time": "13-11-14 18:21"
        },
        {
            "comment id": 79,
            "parent": -1,
            "children": [],
            "user id": "1301692757",
            "user name": "Lilylan的平淡日常",
            "content": "我一直崇尚客观辩证的态度认识世界，这样才不会迷失在信息世界里。明显的悖论：很多吃了许多年安利没死的人，如安利公司创始人，今年快80了吧。有许多没吃安利早死的人。保健品只是辅助，健康的生活方式最重要。安利在保健品中还是不错的，有条件自己做些研究，适当地弥补饮食应该是现代人不错的选择。",
            "time": "13-11-14 18:03"
        }
    ]
}