{
    "source": {
        "content": "【谷歌学术推出My library功能】近日，谷歌学术（google Scholar）推出了其个人文献管理服务：my library。通过几步简单的注册，就可以拥有自己的在线文献数据库啦。同时具备自定义标签（Labels）的功能。还可输出至Endnote等主流文献管理软件。习惯于zotero和在线管理文献的同学可以尝试一下。 ",
        "time": "13-11-26 13:22",
        "user id": "1641540265",
        "tweet id": "AkvuB23w8",
        "label": 2,
        "theme": "医药健康"
    },
    "comment": [
        {
            "comment id": 0,
            "parent": -1,
            "children": [],
            "user id": "2336674721",
            "user name": "之乎者也小书生",
            "content": " @mywiz",
            "time": "13-11-29 08:15"
        },
        {
            "comment id": 1,
            "parent": -1,
            "children": [],
            "user id": "2614015411",
            "user name": "零零漆的微博",
            "content": "@hypersurface",
            "time": "13-11-26 13:59"
        },
        {
            "comment id": 2,
            "parent": -1,
            "children": [],
            "user id": "1667395013",
            "user name": "粉蒸肉小蘑菇",
            "content": "这个好！",
            "time": "13-11-26 13:56"
        },
        {
            "comment id": 3,
            "parent": -1,
            "children": [],
            "user id": "1536670570",
            "user name": "小小猪头best",
            "content": "回去学学，MARK下",
            "time": "13-11-26 13:44"
        },
        {
            "comment id": 4,
            "parent": -1,
            "children": [],
            "user id": "3214098095",
            "user name": "聚合医刊网",
            "content": "我的就是你的，赶快来试试吧",
            "time": "13-11-26 13:32"
        },
        {
            "comment id": 5,
            "parent": -1,
            "children": [],
            "user id": "1340246204",
            "user name": "美观高",
            "content": "很便捷！",
            "time": "13-11-26 13:29"
        }
    ]
}