{
    "source": {
        "content": "ELIFE E7的镜头采用蓝宝石玻璃保护，摄像头的体积要比普通手机摄像头大2.5倍，机身依旧纤薄，屏占比大。前置摄像头是800w，1.4微米，和iphone5相同，自动对焦。800AC版本的支持LTE等5模，8974 3G版支持TD和WCDMA双模，12月5号量产，12月12号正式开卖。将抽取一名转发本文的朋友获得无线传输器E-box。 ",
        "time": "13-11-26 23:59",
        "user id": "1412758841",
        "tweet id": "AkzF8yMCx",
        "label": 0,
        "theme": "科技"
    },
    "comment": [
        {
            "comment id": 0,
            "parent": -1,
            "children": [],
            "user id": "2064975753",
            "user name": "Jupiter杨楠",
            "content": "前面像华为P6，后面像诺基亚1520",
            "time": "13-12-3 20:44"
        },
        {
            "comment id": 1,
            "parent": -1,
            "children": [],
            "user id": "2064975753",
            "user name": "Jupiter杨楠",
            "content": "前面像华为P6，后面像诺基亚1520",
            "time": "13-12-3 20:44"
        },
        {
            "comment id": 2,
            "parent": -1,
            "children": [],
            "user id": "2040421975",
            "user name": "在这疯狂的时代",
            "content": "what's the",
            "time": "13-11-29 20:05"
        },
        {
            "comment id": 3,
            "parent": -1,
            "children": [],
            "user id": "3774070011",
            "user name": "科技Live",
            "content": "哎呀，好！",
            "time": "13-11-29 12:43"
        },
        {
            "comment id": 4,
            "parent": -1,
            "children": [],
            "user id": "2106101295",
            "user name": "小乖逗ING",
            "content": "好产品",
            "time": "13-11-28 11:54"
        },
        {
            "comment id": 5,
            "parent": -1,
            "children": [],
            "user id": "1261978241",
            "user name": "绣春瓜",
            "content": "小声问什么是E-BOX ...",
            "time": "13-11-27 23:20"
        },
        {
            "comment id": 6,
            "parent": -1,
            "children": [],
            "user id": "2680344937",
            "user name": "孙高峰sunson",
            "content": "E7的多色彩机身不错",
            "time": "13-11-27 21:39"
        },
        {
            "comment id": 7,
            "parent": -1,
            "children": [],
            "user id": "1954969513",
            "user name": "翔想翔想翔",
            "content": "回复@酷游侠超超:额 表示用不上...",
            "time": "13-11-27 21:38"
        },
        {
            "comment id": 8,
            "parent": -1,
            "children": [],
            "user id": "2895933644",
            "user name": "酷游侠超超",
            "content": "回复@翔想翔想翔:简单玩法就是无线显示(WIFI Display),可以将手机显示的任何东西同屏到带HDMI的显示器上。另外，苹果的产品可以通过airplay同屏；还可以播放带DLNA的视频源，如腾讯视频，PPTV等，这种方式可以实现视频后台播放，也就是手机可以玩别的，同时视频可以推送到显示器上…",
            "time": "13-11-27 21:23"
        },
        {
            "comment id": 9,
            "parent": -1,
            "children": [],
            "user id": "1745370981",
            "user name": "坨坨lonely",
            "content": "为神马不送E7",
            "time": "13-11-27 21:01"
        },
        {
            "comment id": 10,
            "parent": -1,
            "children": [],
            "user id": "1954969513",
            "user name": "翔想翔想翔",
            "content": "回复@酷游侠超超:怎么用的？表示没玩过",
            "time": "13-11-27 20:28"
        },
        {
            "comment id": 11,
            "parent": -1,
            "children": [],
            "user id": "3907382312",
            "user name": "i就这个范儿",
            "content": "[得意地笑]",
            "time": "13-11-27 19:48"
        },
        {
            "comment id": 12,
            "parent": -1,
            "children": [],
            "user id": "3907382312",
            "user name": "i就这个范儿",
            "content": "",
            "time": "13-11-27 19:48"
        },
        {
            "comment id": 13,
            "parent": -1,
            "children": [],
            "user id": "3907382312",
            "user name": "i就这个范儿",
            "content": "",
            "time": "13-11-27 19:47"
        },
        {
            "comment id": 14,
            "parent": -1,
            "children": [],
            "user id": "3907382312",
            "user name": "i就这个范儿",
            "content": "",
            "time": "13-11-27 19:47"
        },
        {
            "comment id": 15,
            "parent": -1,
            "children": [],
            "user id": "3907382312",
            "user name": "i就这个范儿",
            "content": "",
            "time": "13-11-27 19:47"
        },
        {
            "comment id": 16,
            "parent": -1,
            "children": [],
            "user id": "3258955571",
            "user name": "掉进福堆儿",
            "content": "E77777777777777777777777777",
            "time": "13-11-27 19:33"
        },
        {
            "comment id": 17,
            "parent": -1,
            "children": [],
            "user id": "1054089083",
            "user name": "哈油粉",
            "content": "",
            "time": "13-11-27 15:22"
        },
        {
            "comment id": 18,
            "parent": -1,
            "children": [],
            "user id": "1787839007",
            "user name": "DannyHsueh__",
            "content": "虽然你的活动每次都参加，但是从来没中过",
            "time": "13-11-27 14:54"
        },
        {
            "comment id": 19,
            "parent": -1,
            "children": [],
            "user id": "2552719850",
            "user name": "古月彳正",
            "content": "金立这次的翻身仗打的很漂亮",
            "time": "13-11-27 14:18"
        },
        {
            "comment id": 20,
            "parent": -1,
            "children": [],
            "user id": "3059882931",
            "user name": "随意起个名啊",
            "content": "高端洋气上档次 ",
            "time": "13-11-27 13:39"
        },
        {
            "comment id": 21,
            "parent": -1,
            "children": [],
            "user id": "2895933644",
            "user name": "酷游侠超超",
            "content": "这E-BOX还挺好用的..",
            "time": "13-11-27 13:36"
        },
        {
            "comment id": 22,
            "parent": -1,
            "children": [],
            "user id": "1454984975",
            "user name": "爱好数码互联网",
            "content": "大宝带给我好运吧！",
            "time": "13-11-27 13:30"
        },
        {
            "comment id": 23,
            "parent": -1,
            "children": [],
            "user id": "2608802624",
            "user name": "衣带V",
            "content": "看到了nokia1520的影子",
            "time": "13-11-27 13:29"
        },
        {
            "comment id": 24,
            "parent": -1,
            "children": [],
            "user id": "3910249897",
            "user name": "梦想家张宇飞",
            "content": "手里来。",
            "time": "13-11-27 13:07"
        },
        {
            "comment id": 25,
            "parent": -1,
            "children": [],
            "user id": "3198682393",
            "user name": "黎明安好",
            "content": "谢谢分享！十分感谢！",
            "time": "13-11-27 12:55"
        },
        {
            "comment id": 26,
            "parent": -1,
            "children": [],
            "user id": "3907382312",
            "user name": "i就这个范儿",
            "content": "[花心]",
            "time": "13-11-27 12:51"
        },
        {
            "comment id": 27,
            "parent": -1,
            "children": [],
            "user id": "3907382312",
            "user name": "i就这个范儿",
            "content": "",
            "time": "13-11-27 12:51"
        },
        {
            "comment id": 28,
            "parent": -1,
            "children": [],
            "user id": "3907382312",
            "user name": "i就这个范儿",
            "content": "",
            "time": "13-11-27 12:50"
        },
        {
            "comment id": 29,
            "parent": -1,
            "children": [],
            "user id": "3907382312",
            "user name": "i就这个范儿",
            "content": "",
            "time": "13-11-27 12:50"
        },
        {
            "comment id": 30,
            "parent": -1,
            "children": [],
            "user id": "2595297635",
            "user name": "Jonsonse",
            "content": "很给力的样子 ，。、、",
            "time": "13-11-27 12:32"
        },
        {
            "comment id": 31,
            "parent": -1,
            "children": [],
            "user id": "2595297635",
            "user name": "Jonsonse",
            "content": "很给力的样子 ，。、",
            "time": "13-11-27 12:32"
        },
        {
            "comment id": 32,
            "parent": -1,
            "children": [],
            "user id": "2595297635",
            "user name": "Jonsonse",
            "content": "很给力的样子 。、",
            "time": "13-11-27 12:32"
        },
        {
            "comment id": 33,
            "parent": -1,
            "children": [],
            "user id": "2595297635",
            "user name": "Jonsonse",
            "content": "很给力的样子 ，。",
            "time": "13-11-27 12:32"
        },
        {
            "comment id": 34,
            "parent": -1,
            "children": [],
            "user id": "2595297635",
            "user name": "Jonsonse",
            "content": "很给力的样子 、",
            "time": "13-11-27 12:32"
        },
        {
            "comment id": 35,
            "parent": -1,
            "children": [],
            "user id": "2595297635",
            "user name": "Jonsonse",
            "content": "很给力的样子 。",
            "time": "13-11-27 12:32"
        },
        {
            "comment id": 36,
            "parent": -1,
            "children": [],
            "user id": "2595297635",
            "user name": "Jonsonse",
            "content": "很给力的样子 ，",
            "time": "13-11-27 12:32"
        },
        {
            "comment id": 37,
            "parent": -1,
            "children": [],
            "user id": "2595297635",
            "user name": "Jonsonse",
            "content": "很给力的样子",
            "time": "13-11-27 12:32"
        },
        {
            "comment id": 38,
            "parent": -1,
            "children": [],
            "user id": "3108154590",
            "user name": "梦得尔",
            "content": "续航怎么样",
            "time": "13-11-27 10:23"
        },
        {
            "comment id": 39,
            "parent": -1,
            "children": [],
            "user id": "3848474631",
            "user name": "龙舞天下_龙魂",
            "content": "//@靓蒙蒙靓: 不错，支持祝大卖@王腾霄最尊敬_乔布斯先生 @守望者_恒嘉 @杨乐最爱__小美女",
            "time": "13-11-27 10:18"
        },
        {
            "comment id": 40,
            "parent": -1,
            "children": [],
            "user id": "1640721872",
            "user name": "Mr丶泰森",
            "content": "支持支持 我真心喜欢",
            "time": "13-11-27 10:15"
        },
        {
            "comment id": 41,
            "parent": -1,
            "children": [],
            "user id": "3907382312",
            "user name": "i就这个范儿",
            "content": "[得意地笑]",
            "time": "13-11-27 09:51"
        },
        {
            "comment id": 42,
            "parent": -1,
            "children": [],
            "user id": "3907382312",
            "user name": "i就这个范儿",
            "content": "",
            "time": "13-11-27 09:51"
        },
        {
            "comment id": 43,
            "parent": -1,
            "children": [],
            "user id": "3907382312",
            "user name": "i就这个范儿",
            "content": "",
            "time": "13-11-27 09:51"
        },
        {
            "comment id": 44,
            "parent": -1,
            "children": [],
            "user id": "3907382312",
            "user name": "i就这个范儿",
            "content": "",
            "time": "13-11-27 09:50"
        },
        {
            "comment id": 45,
            "parent": -1,
            "children": [],
            "user id": "3907382312",
            "user name": "i就这个范儿",
            "content": "",
            "time": "13-11-27 09:50"
        },
        {
            "comment id": 46,
            "parent": -1,
            "children": [],
            "user id": "1058548740",
            "user name": "tjy01小面",
            "content": "@鹿鹿张 @一腚之龟 @朱雪光",
            "time": "13-11-27 09:49"
        },
        {
            "comment id": 47,
            "parent": -1,
            "children": [],
            "user id": "2732719927",
            "user name": "镜花水月风影",
            "content": "拼了！",
            "time": "13-11-27 09:09"
        },
        {
            "comment id": 48,
            "parent": -1,
            "children": [],
            "user id": "1749705962",
            "user name": "耿已脑残",
            "content": "什么东西！",
            "time": "13-11-27 08:57"
        },
        {
            "comment id": 49,
            "parent": -1,
            "children": [],
            "user id": "2471452853",
            "user name": "桃小枝枝枝",
            "content": "",
            "time": "13-11-27 08:47"
        },
        {
            "comment id": 50,
            "parent": -1,
            "children": [],
            "user id": "1401363555",
            "user name": "田园米格道",
            "content": "移动就有五模，GSM、WCDMA、TD-SCDMA、LTE-TDD、LTE-FDD，电信就是用不了，要是全制式，就要有，CDMA1X、CDMA2000，变成7模。",
            "time": "13-11-27 08:46"
        },
        {
            "comment id": 51,
            "parent": -1,
            "children": [],
            "user id": "2009406107",
            "user name": "杰森斯坦兰",
            "content": "不知道这机子到底怎么样",
            "time": "13-11-27 08:41"
        },
        {
            "comment id": 52,
            "parent": -1,
            "children": [],
            "user id": "1863326155",
            "user name": "icerivers",
            "content": "金立在我印象中属于比较比较能坚持的公司，可惜被电视购物给砸可。",
            "time": "13-11-27 08:40"
        },
        {
            "comment id": 53,
            "parent": -1,
            "children": [],
            "user id": "3066544631",
            "user name": "刁不二K",
            "content": "神器！",
            "time": "13-11-27 08:40"
        },
        {
            "comment id": 54,
            "parent": -1,
            "children": [],
            "user id": "3774180171",
            "user name": "Shdnkk",
            "content": "主打拍照，专注研发一年",
            "time": "13-11-27 08:39"
        },
        {
            "comment id": 55,
            "parent": -1,
            "children": [],
            "user id": "2237854225",
            "user name": "晖晖晖晖哥",
            "content": "我友情参与一下",
            "time": "13-11-27 08:37"
        },
        {
            "comment id": 56,
            "parent": -1,
            "children": [],
            "user id": "2309039553",
            "user name": "Robo_Liu",
            "content": "屏占比80",
            "time": "13-11-27 08:35"
        },
        {
            "comment id": 57,
            "parent": -1,
            "children": [],
            "user id": "1033105165",
            "user name": "ksbdjsksmdm",
            "content": "无线传输器是啥，，。",
            "time": "13-11-27 08:29"
        },
        {
            "comment id": 58,
            "parent": -1,
            "children": [],
            "user id": "3754697537",
            "user name": "末生人m",
            "content": "支持。必须大卖。@伍琪俊 @jack范小纯 @明天会更好_宁 [花心][花心]",
            "time": "13-11-27 08:28"
        },
        {
            "comment id": 59,
            "parent": -1,
            "children": [],
            "user id": "273725600",
            "user name": "紫岚枫",
            "content": "转发微博",
            "time": "13-11-27 08:23"
        },
        {
            "comment id": 60,
            "parent": -1,
            "children": [],
            "user id": "1804931572",
            "user name": "ZY__春",
            "content": "转了",
            "time": "13-11-27 08:13"
        },
        {
            "comment id": 61,
            "parent": -1,
            "children": [],
            "user id": "1860823645",
            "user name": "石岂几羊习习",
            "content": "转发微博",
            "time": "13-11-27 08:12"
        },
        {
            "comment id": 62,
            "parent": -1,
            "children": [],
            "user id": "3197557015",
            "user name": "阳光丶充斥着我的心房",
            "content": "来一个，来一个",
            "time": "13-11-27 08:10"
        },
        {
            "comment id": 63,
            "parent": -1,
            "children": [],
            "user id": "1352502824",
            "user name": "Oo杨嘟嘟oO",
            "content": "转发",
            "time": "13-11-27 08:02"
        },
        {
            "comment id": 64,
            "parent": -1,
            "children": [],
            "user id": "1252875222",
            "user name": "享耳文武",
            "content": "",
            "time": "13-11-27 08:00"
        },
        {
            "comment id": 65,
            "parent": -1,
            "children": [],
            "user id": "2708759924",
            "user name": "时光一天天逝去",
            "content": "我喜欢她方方正正的，就是不晓得多重",
            "time": "13-11-27 07:55"
        },
        {
            "comment id": 66,
            "parent": -1,
            "children": [],
            "user id": "2180808351",
            "user name": "你有本事来打我呀",
            "content": "p6跟925的合体啊。塑料感太重。",
            "time": "13-11-27 07:54"
        },
        {
            "comment id": 67,
            "parent": -1,
            "children": [],
            "user id": "3889283317",
            "user name": "精神病院666号",
            "content": "参数读起来总是吓死人，实际使用又落苹果一条街。诶，何时能真的忘记参数。@移动叔叔 ",
            "time": "13-11-27 07:45"
        },
        {
            "comment id": 68,
            "parent": -1,
            "children": [],
            "user id": "1926145121",
            "user name": "张小eeeeeee",
            "content": "很有吸引力",
            "time": "13-11-27 07:45"
        },
        {
            "comment id": 69,
            "parent": -1,
            "children": [],
            "user id": "1162969907",
            "user name": "女儿是公主",
            "content": "速度真快@郑茹64",
            "time": "13-11-27 07:42"
        },
        {
            "comment id": 70,
            "parent": -1,
            "children": [],
            "user id": "2646178550",
            "user name": "李志伟欢乐多",
            "content": "12月12号开卖不算太晚。",
            "time": "13-11-27 07:42"
        },
        {
            "comment id": 71,
            "parent": -1,
            "children": [],
            "user id": "1912894427",
            "user name": "chris-du",
            "content": "刚睁眼",
            "time": "13-11-27 07:40"
        },
        {
            "comment id": 72,
            "parent": -1,
            "children": [],
            "user id": "1844896970",
            "user name": "爱成往事",
            "content": "//@靓蒙蒙靓: 不错，支持|祝大卖@王腾霄最尊敬_乔布斯先生 @守望者_恒嘉 @杨乐最爱__小美女",
            "time": "13-11-27 07:39"
        },
        {
            "comment id": 73,
            "parent": -1,
            "children": [],
            "user id": "1731055025",
            "user name": "昨ye那场梦",
            "content": "这个可以有",
            "time": "13-11-27 07:39"
        },
        {
            "comment id": 74,
            "parent": -1,
            "children": [],
            "user id": "2205596851",
            "user name": "奔走的温柔",
            "content": "3G内存可以用来做什么？",
            "time": "13-11-27 07:33"
        },
        {
            "comment id": 75,
            "parent": -1,
            "children": [],
            "user id": "2952573683",
            "user name": "特么名字都被谁用了",
            "content": "这个不错！价格多少？",
            "time": "13-11-27 07:33"
        },
        {
            "comment id": 76,
            "parent": -1,
            "children": [],
            "user id": "1937978934",
            "user name": "正在奋斗中",
            "content": "大宝经常送福利，自己掏腰包？",
            "time": "13-11-27 07:29"
        },
        {
            "comment id": 77,
            "parent": -1,
            "children": [],
            "user id": "1989674245",
            "user name": "西边有座城",
            "content": "无线传输器是干嘛的",
            "time": "13-11-27 07:28"
        },
        {
            "comment id": 78,
            "parent": -1,
            "children": [],
            "user id": "3800849977",
            "user name": "冷暖自知足矣",
            "content": "金品质，立天下呀～呵呵",
            "time": "13-11-27 07:25"
        },
        {
            "comment id": 79,
            "parent": -1,
            "children": [],
            "user id": "1782898801",
            "user name": "江陌丶珡",
            "content": "转发微博",
            "time": "13-11-27 07:22"
        }
    ]
}