{
    "source": {
        "content": "转  📢卖狗肉违法了， 国家食品药品监督局11月1日开始集中受理狗肉馆举报，举报电话☎️12331 ❗️大家扩散出去啊！爱狗狗爱动物！养狗的爱狗的请果断转发🍀 ",
        "time": "13-12-8 18:55",
        "user id": "1244767010",
        "tweet id": "AmmNEnrGN",
        "label": 1,
        "theme": "社会生活"
    },
    "comment": [
        {
            "comment id": 0,
            "parent": -1,
            "children": [],
            "user id": "2685802303",
            "user name": "墨禾特效",
            "content": "造谣也违法哟！",
            "time": "14-3-30 13:17"
        },
        {
            "comment id": 1,
            "parent": -1,
            "children": [],
            "user id": "2921461567",
            "user name": "姬然美丽",
            "content": "转发微博",
            "time": "14-3-24 16:33"
        },
        {
            "comment id": 2,
            "parent": -1,
            "children": [],
            "user id": "1856189942",
            "user name": "Double-D儿",
            "content": "还算做了件好事 //@小么是君太_GINA: zf果然做了件人事",
            "time": "13-12-20 16:37"
        },
        {
            "comment id": 3,
            "parent": -1,
            "children": [],
            "user id": "1726406141",
            "user name": "iroiro01",
            "content": "12331",
            "time": "13-12-12 18:09"
        },
        {
            "comment id": 4,
            "parent": -1,
            "children": [],
            "user id": "1881109064",
            "user name": "tuzi999",
            "content": "好喜欢你，也喜欢你的狗狗啊！[花心][花心][花心]",
            "time": "13-12-10 06:30"
        },
        {
            "comment id": 5,
            "parent": -1,
            "children": [],
            "user id": "2837043734",
            "user name": "Michael-1-9-8-9",
            "content": "牛，羊，鸡。情何以堪",
            "time": "13-12-10 04:09"
        },
        {
            "comment id": 6,
            "parent": -1,
            "children": [],
            "user id": "1679725147",
            "user name": "顶着黑眼圈",
            "content": "谣言少转",
            "time": "13-12-9 16:07"
        },
        {
            "comment id": 7,
            "parent": -1,
            "children": [],
            "user id": "3127988961",
            "user name": "冰天雪地的小妮子",
            "content": "支持！！！！",
            "time": "13-12-9 12:08"
        },
        {
            "comment id": 8,
            "parent": -1,
            "children": [],
            "user id": "2373091422",
            "user name": "左包昌的徒弟",
            "content": "希望是真的！以后看到卖狗肉的就打12331",
            "time": "13-12-9 11:01"
        },
        {
            "comment id": 9,
            "parent": -1,
            "children": [],
            "user id": "1375098740",
            "user name": "道其不行",
            "content": "呵呵。",
            "time": "13-12-9 10:15"
        },
        {
            "comment id": 10,
            "parent": -1,
            "children": [],
            "user id": "1803348334",
            "user name": "玄冰叔叔",
            "content": "几时立法禁食猪牛羊？",
            "time": "13-12-9 08:14"
        },
        {
            "comment id": 11,
            "parent": -1,
            "children": [],
            "user id": "1469216082",
            "user name": "SidDangerWang",
            "content": "转发微博",
            "time": "13-12-9 01:16"
        },
        {
            "comment id": 12,
            "parent": -1,
            "children": [],
            "user id": "1712361843",
            "user name": "坠山饭团",
            "content": "个人觉得可信度不大",
            "time": "13-12-9 00:16"
        },
        {
            "comment id": 13,
            "parent": -1,
            "children": [],
            "user id": "2902269623",
            "user name": "努力的偶像们_JYJ",
            "content": "希望是真的",
            "time": "13-12-8 23:06"
        },
        {
            "comment id": 14,
            "parent": -1,
            "children": [],
            "user id": "1425372884",
            "user name": "-The0ne-",
            "content": "好嫩啊。。。",
            "time": "13-12-8 22:55"
        },
        {
            "comment id": 15,
            "parent": -1,
            "children": [],
            "user id": "1711336654",
            "user name": "丶丶心光",
            "content": "谣言惑众啊",
            "time": "13-12-8 22:55"
        },
        {
            "comment id": 16,
            "parent": -1,
            "children": [],
            "user id": "1630766737",
            "user name": "小剁椒鱼头",
            "content": "来源？？？？？？？？？？",
            "time": "13-12-8 21:50"
        },
        {
            "comment id": 17,
            "parent": -1,
            "children": [],
            "user id": "1785320152",
            "user name": "yoshikiily",
            "content": "谣言。。。",
            "time": "13-12-8 20:52"
        },
        {
            "comment id": 18,
            "parent": -1,
            "children": [],
            "user id": "3112627297",
            "user name": "李Lauren",
            "content": "爱猪牛羊鸡鸭的呢?呵呵",
            "time": "13-12-8 20:37"
        },
        {
            "comment id": 19,
            "parent": -1,
            "children": [],
            "user id": "2872655154",
            "user name": "妞妞巴哥",
            "content": "[转发]",
            "time": "13-12-8 20:19"
        },
        {
            "comment id": 20,
            "parent": -1,
            "children": [],
            "user id": "1783259395",
            "user name": "彭彭10",
            "content": "这是真的假的",
            "time": "13-12-8 20:11"
        },
        {
            "comment id": 21,
            "parent": -1,
            "children": [],
            "user id": "2162974685",
            "user name": "牛正亲",
            "content": "能不能看看真假再发出来。。。看准了再发好么？而且你最好是什么都别吃，花花草草也是有生命的啊！",
            "time": "13-12-8 20:04"
        },
        {
            "comment id": 22,
            "parent": -1,
            "children": [],
            "user id": "1867948295",
            "user name": "LMHDLCODE",
            "content": "不会吧，假新闻吧，狗肉非法？？？",
            "time": "13-12-8 19:52"
        },
        {
            "comment id": 23,
            "parent": -1,
            "children": [],
            "user id": "1678261877",
            "user name": "擎獣",
            "content": "",
            "time": "13-12-8 19:24"
        },
        {
            "comment id": 24,
            "parent": -1,
            "children": [],
            "user id": "2063939414",
            "user name": "Sat-yagraha",
            "content": "猪，牛，羊：“下辈子，投胎做狗！”",
            "time": "13-12-8 19:23"
        },
        {
            "comment id": 25,
            "parent": -1,
            "children": [],
            "user id": "1974139140",
            "user name": "Joanna葶",
            "content": "",
            "time": "13-12-8 19:20"
        },
        {
            "comment id": 26,
            "parent": -1,
            "children": [],
            "user id": "2662362143",
            "user name": "燕厌烟",
            "content": "TV里程三的声音又出来了，真心讨厌她，人恶心连声音也是超恶心！还是你最甜美！",
            "time": "13-12-8 19:15"
        },
        {
            "comment id": 27,
            "parent": -1,
            "children": [],
            "user id": "1731133422",
            "user name": "百元虫",
            "content": "打个电话不就知道了……不过想想卖狗肉违法这事就不靠谱",
            "time": "13-12-8 19:15"
        },
        {
            "comment id": 28,
            "parent": -1,
            "children": [],
            "user id": "3143855404",
            "user name": "盗海de海盗",
            "content": "回复@伶俐酱:哈赞！我家是铁包金。。。喜欢你以前的东印。。继续↖(^ω^)↗",
            "time": "13-12-8 19:10"
        },
        {
            "comment id": 29,
            "parent": -1,
            "children": [],
            "user id": "1977411582",
            "user name": "Megane吧唧君",
            "content": "话说我在东北饭馆里听到最多的就是，手撕狗肉，每次听着就起鸡皮疙瘩",
            "time": "13-12-8 19:09"
        },
        {
            "comment id": 30,
            "parent": -1,
            "children": [],
            "user id": "1768662390",
            "user name": "Jackson的Mark宝宝",
            "content": "转发微博",
            "time": "13-12-8 19:08"
        },
        {
            "comment id": 31,
            "parent": -1,
            "children": [],
            "user id": "1700869010",
            "user name": "和然知李倩",
            "content": "嗯呐",
            "time": "13-12-8 19:07"
        },
        {
            "comment id": 32,
            "parent": -1,
            "children": [],
            "user id": "1780880430",
            "user name": "541号",
            "content": "根本没有看过相关报道，百度去查也没有，只看到说微信朋友圈看到这种说法网上求证的[挖鼻屎]微信朋友圈都快成谣言大本营了，先查证一下再发吧，未必是真的",
            "time": "13-12-8 19:03"
        },
        {
            "comment id": 33,
            "parent": -1,
            "children": [],
            "user id": "2349926682",
            "user name": "好一朵美丽的白莲花啊啊啊",
            "content": "转发微博",
            "time": "13-12-8 19:02"
        },
        {
            "comment id": 34,
            "parent": -1,
            "children": [],
            "user id": "1657731851",
            "user name": "包心啲小胖紙Jackie",
            "content": "转发微博",
            "time": "13-12-8 19:01"
        },
        {
            "comment id": 35,
            "parent": -1,
            "children": [],
            "user id": "1445910092",
            "user name": "闲小囡neko酱",
            "content": "",
            "time": "13-12-8 19:01"
        },
        {
            "comment id": 36,
            "parent": -1,
            "children": [],
            "user id": "2279751092",
            "user name": "julian的地盘",
            "content": "胡说八道",
            "time": "13-12-8 19:00"
        },
        {
            "comment id": 37,
            "parent": -1,
            "children": [],
            "user id": "1556299793",
            "user name": "好吃的哈卡话梅",
            "content": "好消息",
            "time": "13-12-8 18:59"
        },
        {
            "comment id": 38,
            "parent": -1,
            "children": [],
            "user id": "2027723441",
            "user name": "卑鄙的babysony酱",
            "content": "只要有检疫章就可以了，针对的是食品卫生而不是吃狗肉",
            "time": "13-12-8 18:59"
        },
        {
            "comment id": 39,
            "parent": -1,
            "children": [],
            "user id": "1517891485",
            "user name": "hu_pin09",
            "content": "",
            "time": "13-12-8 18:59"
        },
        {
            "comment id": 40,
            "parent": -1,
            "children": [],
            "user id": "1424682531",
            "user name": "粉红爱乐猫",
            "content": "这也用得着专门立法，《动物保护法》是装饰品吗？",
            "time": "13-12-8 18:59"
        },
        {
            "comment id": 41,
            "parent": -1,
            "children": [],
            "user id": "1965546473",
            "user name": "加糖lalalala",
            "content": "@SNH48-吴哲晗",
            "time": "13-12-8 18:59"
        },
        {
            "comment id": 42,
            "parent": -1,
            "children": [],
            "user id": "2117857363",
            "user name": "贝尔格里尔斯小动物保护协会会长",
            "content": "太好了！！！",
            "time": "13-12-8 18:58"
        },
        {
            "comment id": 43,
            "parent": -1,
            "children": [],
            "user id": "1907190617",
            "user name": "-胸肌大过鲨鱼",
            "content": "哪管得了这么多阿。。全国各地千千万万饭馆几乎没有不吃狗肉的",
            "time": "13-12-8 18:58"
        },
        {
            "comment id": 44,
            "parent": -1,
            "children": [],
            "user id": "1969951483",
            "user name": "Joanne_bjt",
            "content": "转发微博",
            "time": "13-12-8 18:58"
        },
        {
            "comment id": 45,
            "parent": -1,
            "children": [],
            "user id": "1244767010",
            "user name": "伶俐酱",
            "content": "回复@盗海de海盗:yes",
            "time": "13-12-8 18:58"
        },
        {
            "comment id": 46,
            "parent": -1,
            "children": [],
            "user id": "3143855404",
            "user name": "盗海de海盗",
            "content": "这条是香槟色腊肠咩？？",
            "time": "13-12-8 18:58"
        },
        {
            "comment id": 47,
            "parent": -1,
            "children": [],
            "user id": "2237029945",
            "user name": "海无三尺水",
            "content": "500[挖鼻屎]",
            "time": "13-12-8 18:57"
        },
        {
            "comment id": 48,
            "parent": -1,
            "children": [],
            "user id": "1879702834",
            "user name": "欧气满满喵十九",
            "content": "沙发[微公益爱心]",
            "time": "13-12-8 18:55"
        }
    ]
}