{
    "source": {
        "content": "❤️❤️❤️太好了，卖狗肉违法了， 国家食品药品监督局11月1日开始集中受理狗肉馆举报，举报电话：12331 ．大家扩散出去啊！爱狗狗爱动物！养狗的爱狗的请果断转发，请爱护关心帮助伴侣动物！ ",
        "time": "13-12-9 13:56",
        "user id": "2438055410",
        "tweet id": "AmugGzBtJ",
        "label": 1,
        "theme": "社会生活"
    },
    "comment": [
        {
            "comment id": 0,
            "parent": -1,
            "children": [],
            "user id": "2482434561",
            "user name": "陈玲1375",
            "content": "回复@美食遵义站:",
            "time": "13-12-10 10:34"
        },
        {
            "comment id": 1,
            "parent": -1,
            "children": [],
            "user id": "2438055410",
            "user name": "美食遵义站",
            "content": "回复@熊元龙佷爱柳静:我没证实过，如果真是假消息，哪怕会被封号，这样的散播会让更多人不会去吃狗肉，让更多的狗肉馆被吓唬住！只要是为狗狗！我愿意。[呵呵]",
            "time": "13-12-10 10:33"
        },
        {
            "comment id": 2,
            "parent": -1,
            "children": [],
            "user id": "2438055410",
            "user name": "美食遵义站",
            "content": "回复@陈玲1375:我没证实过，如果真是假消息，哪怕会被封号，这样的散播会让更多人不会去吃狗肉，让更多的狗肉馆被吓唬住！只要是为狗狗！我愿意。[呵呵]",
            "time": "13-12-10 10:33"
        },
        {
            "comment id": 3,
            "parent": -1,
            "children": [],
            "user id": "2907617704",
            "user name": "辣喇蜡邋剌",
            "content": "小心假消息500转被抓",
            "time": "13-12-9 22:54"
        },
        {
            "comment id": 4,
            "parent": -1,
            "children": [],
            "user id": "2482434561",
            "user name": "陈玲1375",
            "content": "支持。不过怕是假消息吧？博主你证实过了吗？",
            "time": "13-12-9 18:58"
        },
        {
            "comment id": 5,
            "parent": -1,
            "children": [],
            "user id": "2569958871",
            "user name": "霓大",
            "content": "明智",
            "time": "13-12-9 15:46"
        },
        {
            "comment id": 6,
            "parent": -1,
            "children": [],
            "user id": "2736545261",
            "user name": "姚香干",
            "content": "回复@美食遵义站:这回狗肉馆要改行了！",
            "time": "13-12-9 15:21"
        },
        {
            "comment id": 7,
            "parent": -1,
            "children": [],
            "user id": "2180052662",
            "user name": "马青峰-马青峰",
            "content": "好！！我支持",
            "time": "13-12-9 15:08"
        },
        {
            "comment id": 8,
            "parent": -1,
            "children": [],
            "user id": "1847937592",
            "user name": "是狗不是狗-",
            "content": "回复@Y_mx---quiet:明白",
            "time": "13-12-9 15:03"
        },
        {
            "comment id": 9,
            "parent": -1,
            "children": [],
            "user id": "1967542067",
            "user name": "Y_mx---",
            "content": " @王源王阿呆 快打电话吧",
            "time": "13-12-9 15:02"
        },
        {
            "comment id": 10,
            "parent": -1,
            "children": [],
            "user id": "2256650344",
            "user name": "三只眼睛看生活",
            "content": "",
            "time": "13-12-9 15:00"
        },
        {
            "comment id": 11,
            "parent": -1,
            "children": [],
            "user id": "2438055410",
            "user name": "美食遵义站",
            "content": "@三只眼睛看生活 @姚香干 @生活在遵义 @ZcC晨z @巢门咖啡 @爱便当-BD",
            "time": "13-12-9 14:50"
        },
        {
            "comment id": 12,
            "parent": -1,
            "children": [],
            "user id": "1795759551",
            "user name": "小黑莽",
            "content": "真棒!!👏",
            "time": "13-12-9 14:31"
        }
    ]
}