{
    "source": {
        "content": "【寻人启事】帮忙扩散，今天上午一个三岁多小女孩在开发区怡馨家园小区附近被人拐走了，小女孩能准确说出她爸爸的手机号码，监控上看是被一个四十多岁男人抱走了，现大人都急疯了，知情者请告之，万分感谢！看到信息的兄弟姐妹留意一下！联系人:郑春蓉13969597919 我在这里: ",
        "time": "14-1-6 22:18",
        "user id": "3477684367",
        "tweet id": "AqNwxAK3J",
        "label": 1,
        "theme": "社会生活"
    },
    "comment": [
        {
            "comment id": 0,
            "parent": -1,
            "children": [],
            "user id": "1260283384",
            "user name": "中国涟水",
            "content": "郑春蓉13969597919，虚拟草根，中华名骗，已在全国范围内丢了无数个三岁小女孩。问问度娘吧。",
            "time": "14-2-10 15:34"
        },
        {
            "comment id": 1,
            "parent": -1,
            "children": [],
            "user id": "2139622185",
            "user name": "忆似水流年呐",
            "content": "...我还是删了啊。。",
            "time": "14-1-6 22:51"
        },
        {
            "comment id": 2,
            "parent": -1,
            "children": [],
            "user id": "3477684367",
            "user name": "洛阳XROOM真人密室逃脱",
            "content": "回复@deeRix:嗯，我听其他粉丝说了",
            "time": "14-1-6 22:46"
        },
        {
            "comment id": 3,
            "parent": -1,
            "children": [],
            "user id": "3477684367",
            "user name": "洛阳XROOM真人密室逃脱",
            "content": "回复@根据相关法规此号封停:好吧，被骗了。。",
            "time": "14-1-6 22:46"
        },
        {
            "comment id": 4,
            "parent": -1,
            "children": [],
            "user id": "2010094031",
            "user name": "根据相关法规此号封停",
            "content": "假的 自己百度去 这是装比呢么？",
            "time": "14-1-6 22:43"
        },
        {
            "comment id": 5,
            "parent": -1,
            "children": [],
            "user id": "3639067193",
            "user name": "外星系蛋饼",
            "content": "回复@洛阳XROOM真人密室逃脱:嗯，好人～～",
            "time": "14-1-6 22:41"
        },
        {
            "comment id": 6,
            "parent": -1,
            "children": [],
            "user id": "3477684367",
            "user name": "洛阳XROOM真人密室逃脱",
            "content": "回复@deeRix:不知道呢，我看朋友圈里有，就转过来的，但愿是假消息吧，希望孩子安全",
            "time": "14-1-6 22:24"
        },
        {
            "comment id": 7,
            "parent": -1,
            "children": [],
            "user id": "3477684367",
            "user name": "洛阳XROOM真人密室逃脱",
            "content": "回复@Victoria董3:这个我不清楚，我看他们家人着急，帮忙扩散的",
            "time": "14-1-6 22:21"
        },
        {
            "comment id": 8,
            "parent": -1,
            "children": [],
            "user id": "3639067193",
            "user name": "外星系蛋饼",
            "content": "小女孩的具体特征描述一下啊。。。",
            "time": "14-1-6 22:19"
        }
    ]
}