{
    "source": {
        "content": "喵星人你这么萌，你自己知道吗？ ",
        "time": "14-1-8 23:54",
        "user id": "2143579695",
        "tweet id": "Ar70JtAuD",
        "label": 0,
        "theme": "文体娱乐"
    },
    "comment": [
        {
            "comment id": 0,
            "parent": -1,
            "children": [],
            "user id": "1728192037",
            "user name": "吃土少女小小苏",
            "content": "回复@Kwoksamlam:全部都好可爱欸 哈哈哈哈哈哈",
            "time": "14-1-11 09:24"
        },
        {
            "comment id": 1,
            "parent": -1,
            "children": [],
            "user id": "1853788992",
            "user name": "手机用户1853788992",
            "content": "转发微博",
            "time": "14-1-10 14:17"
        },
        {
            "comment id": 2,
            "parent": -1,
            "children": [],
            "user id": "3128321295",
            "user name": "盐酸绿丙嗪",
            "content": "回复@了不起的李斯特菌:",
            "time": "14-1-10 00:14"
        },
        {
            "comment id": 3,
            "parent": -1,
            "children": [],
            "user id": "1952645350",
            "user name": "了不起的李斯特菌",
            "content": "回复@了不起的龋齿罗菌:",
            "time": "14-1-9 23:40"
        },
        {
            "comment id": 4,
            "parent": -1,
            "children": [],
            "user id": "2069240027",
            "user name": "埃妥啡",
            "content": "回复@了不起的李斯特菌:小屁屁~",
            "time": "14-1-9 23:21"
        },
        {
            "comment id": 5,
            "parent": -1,
            "children": [],
            "user id": "2724421603",
            "user name": "张家二小姐--",
            "content": "回复@ssyong223:保存图片！抑郁了一天看到，感觉好温暖。",
            "time": "14-1-9 23:17"
        },
        {
            "comment id": 6,
            "parent": -1,
            "children": [],
            "user id": "3891830399",
            "user name": "S的自娱自乐",
            "content": "回复@丶rich:是我",
            "time": "14-1-9 18:03"
        },
        {
            "comment id": 7,
            "parent": -1,
            "children": [],
            "user id": "3854669997",
            "user name": "丶rich",
            "content": "回复@爱Gaga的爽爽已成年:好多好萌的猫猫@爽爽偷偷爱",
            "time": "14-1-9 17:44"
        },
        {
            "comment id": 8,
            "parent": -1,
            "children": [],
            "user id": "1747217887",
            "user name": "1988鲸鱼",
            "content": "刚一看，以为第一张就够萌了，结果越往下，越萌……//@聂小倩讲鬼故事: 转发微博",
            "time": "14-1-9 17:22"
        },
        {
            "comment id": 9,
            "parent": -1,
            "children": [],
            "user id": "1968178765",
            "user name": "爽爽就是过场多",
            "content": "@丶rich",
            "time": "14-1-9 17:02"
        },
        {
            "comment id": 10,
            "parent": -1,
            "children": [],
            "user id": "1660619225",
            "user name": "oah盆盆君",
            "content": "@秋吉积极 你喜欢的萌物",
            "time": "14-1-9 15:16"
        },
        {
            "comment id": 11,
            "parent": -1,
            "children": [],
            "user id": "2647953821",
            "user name": "美儿是个乖宝宝",
            "content": "喵～^_^",
            "time": "14-1-9 14:28"
        },
        {
            "comment id": 12,
            "parent": -1,
            "children": [],
            "user id": "1952645350",
            "user name": "了不起的李斯特菌",
            "content": "回复@了不起的霍乱弧菌:ㄟ(￣▽￣ㄟ)不是你 不是你 不要随意带如角色 等喵星人前加上^无节操^的时候再。。。",
            "time": "14-1-9 13:46"
        },
        {
            "comment id": 13,
            "parent": -1,
            "children": [],
            "user id": "3128321295",
            "user name": "盐酸绿丙嗪",
            "content": "回复@了不起的李斯特菌:嘛~我造啊",
            "time": "14-1-9 13:12"
        },
        {
            "comment id": 14,
            "parent": -1,
            "children": [],
            "user id": "1280934644",
            "user name": "Dundees",
            "content": "喜欢最后那张 小时候就是这样趴在迷蒙的玻璃窗前看着屋外的唰唰飘雨",
            "time": "14-1-9 11:53"
        },
        {
            "comment id": 15,
            "parent": -1,
            "children": [],
            "user id": "3139023770",
            "user name": "迷途少年KaMi",
            "content": "回复@蕉蕉_俄喺香蕉:[lxhx不爽]",
            "time": "14-1-9 11:24"
        },
        {
            "comment id": 16,
            "parent": -1,
            "children": [],
            "user id": "1854135755",
            "user name": "蕉蕉_我喺香蕉",
            "content": "回复@迷途少哖KaMi:来给我调戏~~~~~",
            "time": "14-1-9 11:19"
        },
        {
            "comment id": 17,
            "parent": -1,
            "children": [],
            "user id": "2013737093",
            "user name": "菟莫肉想吃毛血旺综合症",
            "content": "转发微博",
            "time": "14-1-9 10:48"
        },
        {
            "comment id": 18,
            "parent": -1,
            "children": [],
            "user id": "1935160617",
            "user name": "青秀区吃瓜群众阿宝",
            "content": "@Miss_岑哈哈大人 @AmandaSis",
            "time": "14-1-9 10:28"
        },
        {
            "comment id": 19,
            "parent": -1,
            "children": [],
            "user id": "2689453885",
            "user name": "舒妍-Li",
            "content": "//@全球创意搜罗: 你自己知道吗？",
            "time": "14-1-9 09:39"
        },
        {
            "comment id": 20,
            "parent": -1,
            "children": [],
            "user id": "3208933007",
            "user name": "吹吹ya",
            "content": "哈哈哈你一定不知道哈",
            "time": "14-1-9 09:33"
        },
        {
            "comment id": 21,
            "parent": -1,
            "children": [],
            "user id": "1089217194",
            "user name": "C_Bell",
            "content": "第一只。。萌哭了~",
            "time": "14-1-9 09:28"
        },
        {
            "comment id": 22,
            "parent": -1,
            "children": [],
            "user id": "1848045222",
            "user name": "我爱我自己_77",
            "content": "看到一只老虎。。",
            "time": "14-1-9 09:17"
        },
        {
            "comment id": 23,
            "parent": -1,
            "children": [],
            "user id": "1752357063",
            "user name": "老猫儿xx",
            "content": "回复@钟梦拉拉:我真的太可爱",
            "time": "14-1-9 09:02"
        },
        {
            "comment id": 24,
            "parent": -1,
            "children": [],
            "user id": "1798920211",
            "user name": "李文睿-",
            "content": "@Janet-LLLLLL",
            "time": "14-1-9 08:56"
        },
        {
            "comment id": 25,
            "parent": -1,
            "children": [],
            "user id": "3908836962",
            "user name": "暖阳27号",
            "content": "卡哇伊",
            "time": "14-1-9 08:54"
        },
        {
            "comment id": 26,
            "parent": -1,
            "children": [],
            "user id": "1804081102",
            "user name": "钟梦拉拉",
            "content": "@老猫儿xx",
            "time": "14-1-9 08:38"
        },
        {
            "comment id": 27,
            "parent": -1,
            "children": [],
            "user id": "1787852264",
            "user name": "无闷生",
            "content": "回复@原圆原THU: 哈哈哈 其实我更喜欢傻的！",
            "time": "14-1-9 08:37"
        },
        {
            "comment id": 28,
            "parent": -1,
            "children": [],
            "user id": "3768356284",
            "user name": "汪寳儿",
            "content": "转发微博",
            "time": "14-1-9 08:34"
        },
        {
            "comment id": 29,
            "parent": -1,
            "children": [],
            "user id": "2647156233",
            "user name": "雪PAPAPA",
            "content": "好吧好吧！不爱猫的人也受不了了！",
            "time": "14-1-9 08:22"
        },
        {
            "comment id": 30,
            "parent": -1,
            "children": [],
            "user id": "1600609543",
            "user name": "乐滋滋的每一天",
            "content": "太可爱了",
            "time": "14-1-9 07:40"
        },
        {
            "comment id": 31,
            "parent": -1,
            "children": [],
            "user id": "2973586631",
            "user name": "Tiffi-",
            "content": "萌毙啦好不好",
            "time": "14-1-9 07:33"
        },
        {
            "comment id": 32,
            "parent": -1,
            "children": [],
            "user id": "3080692161",
            "user name": "云边有个我",
            "content": "@爱生活爱陈哥",
            "time": "14-1-9 07:24"
        },
        {
            "comment id": 33,
            "parent": -1,
            "children": [],
            "user id": "1802754450",
            "user name": "Ella新的开始",
            "content": "",
            "time": "14-1-9 06:57"
        },
        {
            "comment id": 34,
            "parent": -1,
            "children": [],
            "user id": "2807941293",
            "user name": "Binbinbing冰",
            "content": "好萌",
            "time": "14-1-9 03:43"
        },
        {
            "comment id": 35,
            "parent": -1,
            "children": [],
            "user id": "2215851805",
            "user name": "Nile_H",
            "content": "回复@宿灼环:",
            "time": "14-1-9 01:38"
        },
        {
            "comment id": 36,
            "parent": -1,
            "children": [],
            "user id": "1960682144",
            "user name": "泽熙熙-CC",
            "content": "@Cloud_Strife23",
            "time": "14-1-9 01:26"
        },
        {
            "comment id": 37,
            "parent": -1,
            "children": [],
            "user id": "2435871383",
            "user name": "废柴不良女",
            "content": "回复@Muggle_Hermione:我们试得。。= ='（别闹",
            "time": "14-1-9 01:24"
        },
        {
            "comment id": 38,
            "parent": -1,
            "children": [],
            "user id": "2215851805",
            "user name": "Nile_H",
            "content": "回复@宿灼环:最喜欢倒数第6张 下次我们试试？",
            "time": "14-1-9 01:18"
        },
        {
            "comment id": 39,
            "parent": -1,
            "children": [],
            "user id": "2435871383",
            "user name": "废柴不良女",
            "content": "回复@Muggle_Hermione:hhhhhhhhhhh小天使",
            "time": "14-1-9 01:02"
        },
        {
            "comment id": 40,
            "parent": -1,
            "children": [],
            "user id": "3721648080",
            "user name": "东木在意呆利",
            "content": "嘟嘟~晚安[打哈气]",
            "time": "14-1-9 00:47"
        },
        {
            "comment id": 41,
            "parent": -1,
            "children": [],
            "user id": "2455352470",
            "user name": "娇宝贝哟",
            "content": "有一只是友情客串来的吧〜",
            "time": "14-1-9 00:42"
        },
        {
            "comment id": 42,
            "parent": -1,
            "children": [],
            "user id": "2424234392",
            "user name": "给我1只烟的时间",
            "content": "爱死了",
            "time": "14-1-9 00:38"
        },
        {
            "comment id": 43,
            "parent": -1,
            "children": [],
            "user id": "2338335693",
            "user name": "雨楓ZJ",
            "content": "回复@瞿lululululululu:没点开看就直接艾特你们了",
            "time": "14-1-9 00:38"
        },
        {
            "comment id": 44,
            "parent": -1,
            "children": [],
            "user id": "1952645350",
            "user name": "了不起的李斯特菌",
            "content": " @了不起的龋齿罗菌 @了不起的霍乱弧菌 ",
            "time": "14-1-9 00:36"
        },
        {
            "comment id": 45,
            "parent": -1,
            "children": [],
            "user id": "1781563661",
            "user name": "-天天走大运-",
            "content": "回复@雨楓ZJ:有一张是老虎吧。。。",
            "time": "14-1-9 00:35"
        },
        {
            "comment id": 46,
            "parent": -1,
            "children": [],
            "user id": "2338335693",
            "user name": "雨楓ZJ",
            "content": "好东西一起分享@1995-奶牛先生 @瞿lululululululu",
            "time": "14-1-9 00:34"
        },
        {
            "comment id": 47,
            "parent": -1,
            "children": [],
            "user id": "2393406971",
            "user name": "不去碼頭當場整薯條",
            "content": "回复@_龔业乙醇_:卧槽 萌到飞起来[花心]",
            "time": "14-1-9 00:32"
        },
        {
            "comment id": 48,
            "parent": -1,
            "children": [],
            "user id": "1798624191",
            "user name": "1njoy",
            "content": "转发微博",
            "time": "14-1-9 00:27"
        },
        {
            "comment id": 49,
            "parent": -1,
            "children": [],
            "user id": "2648686890",
            "user name": "Remember_The_Name1",
            "content": "转发微博",
            "time": "14-1-9 00:22"
        },
        {
            "comment id": 50,
            "parent": -1,
            "children": [],
            "user id": "2015832533",
            "user name": "韧性海洋",
            "content": "//@全球创意搜罗: 你自己知道吗？",
            "time": "14-1-9 00:20"
        },
        {
            "comment id": 51,
            "parent": -1,
            "children": [],
            "user id": "1788939035",
            "user name": "一名观众朋友",
            "content": "@名叫百里陌的肥啾啾",
            "time": "14-1-9 00:20"
        },
        {
            "comment id": 52,
            "parent": -1,
            "children": [],
            "user id": "2461018391",
            "user name": "无聊的很_WSN",
            "content": "@动画妹子_黄丽丽",
            "time": "14-1-9 00:15"
        },
        {
            "comment id": 53,
            "parent": -1,
            "children": [],
            "user id": "2118645314",
            "user name": "狗廖",
            "content": "@无闷生",
            "time": "14-1-9 00:11"
        },
        {
            "comment id": 54,
            "parent": -1,
            "children": [],
            "user id": "3167043342",
            "user name": "住在三月三",
            "content": " @是蔬菜君",
            "time": "14-1-9 00:09"
        },
        {
            "comment id": 55,
            "parent": -1,
            "children": [],
            "user id": "3013043571",
            "user name": "肥咝咝",
            "content": "肯定知道[拍手]",
            "time": "14-1-9 00:08"
        },
        {
            "comment id": 56,
            "parent": -1,
            "children": [],
            "user id": "2625524865",
            "user name": "raskus",
            "content": "@张家二小姐--",
            "time": "14-1-9 00:05"
        },
        {
            "comment id": 57,
            "parent": -1,
            "children": [],
            "user id": "2160502824",
            "user name": "_Neflibata1994",
            "content": "回复@影像w:",
            "time": "14-1-9 00:04"
        },
        {
            "comment id": 58,
            "parent": -1,
            "children": [],
            "user id": "2256148502",
            "user name": "Kwoksamlam",
            "content": "[呵呵]@青年才俊苏 ",
            "time": "14-1-9 00:03"
        },
        {
            "comment id": 59,
            "parent": -1,
            "children": [],
            "user id": "1768776290",
            "user name": "lyuuly",
            "content": "@Alchemist_Lam",
            "time": "14-1-9 00:03"
        },
        {
            "comment id": 60,
            "parent": -1,
            "children": [],
            "user id": "2933167894",
            "user name": "旅美护士",
            "content": "#胡歌# 刚收到买家给我[龙蛋]∪[lt浮云]∶的好评，好开心！你也来分享下吧～～[ppb囧]",
            "time": "14-1-9 00:03"
        },
        {
            "comment id": 61,
            "parent": -1,
            "children": [],
            "user id": "3048047633",
            "user name": "航航晒的黑黝黝",
            "content": "转发微博",
            "time": "14-1-9 00:03"
        },
        {
            "comment id": 62,
            "parent": -1,
            "children": [],
            "user id": "1878342873",
            "user name": "小智_皮卡丘丶",
            "content": "第六张不是狮子吗。。。",
            "time": "14-1-9 00:03"
        },
        {
            "comment id": 63,
            "parent": -1,
            "children": [],
            "user id": "1720121923",
            "user name": "兔子先生的狐狸少女",
            "content": "抱走[花心]",
            "time": "14-1-9 00:02"
        },
        {
            "comment id": 64,
            "parent": -1,
            "children": [],
            "user id": "1763684380",
            "user name": "Toshihiko",
            "content": "转发微博",
            "time": "14-1-9 00:02"
        },
        {
            "comment id": 65,
            "parent": -1,
            "children": [],
            "user id": "1916698137",
            "user name": "Z曾一森",
            "content": " @六个_晴天 [花心][花心]",
            "time": "14-1-9 00:01"
        },
        {
            "comment id": 66,
            "parent": -1,
            "children": [],
            "user id": "3139023770",
            "user name": "迷途少年KaMi",
            "content": "@蕉蕉_俄喺香蕉 [bm路过]好想做一只猫~",
            "time": "14-1-9 00:00"
        },
        {
            "comment id": 67,
            "parent": -1,
            "children": [],
            "user id": "2215851805",
            "user name": "Nile_H",
            "content": "@宿灼环",
            "time": "14-1-8 23:59"
        },
        {
            "comment id": 68,
            "parent": -1,
            "children": [],
            "user id": "2001649365",
            "user name": "TsangYinNei",
            "content": "[xkl转圈]喵星人你这么萌，你自己知道吗？",
            "time": "14-1-8 23:59"
        },
        {
            "comment id": 69,
            "parent": -1,
            "children": [],
            "user id": "2319221560",
            "user name": "ZKJane",
            "content": "@双人余rrr",
            "time": "14-1-8 23:59"
        },
        {
            "comment id": 70,
            "parent": -1,
            "children": [],
            "user id": "2118648253",
            "user name": "我可以抱你吗SML",
            "content": "OMG@抱猪小孩____琳琅王氏",
            "time": "14-1-8 23:59"
        },
        {
            "comment id": 71,
            "parent": -1,
            "children": [],
            "user id": "2962938611",
            "user name": "慌想家小姐Y",
            "content": "",
            "time": "14-1-8 23:58"
        },
        {
            "comment id": 72,
            "parent": -1,
            "children": [],
            "user id": "1313676610",
            "user name": "南窗潇潇",
            "content": "第九张忒像俺家可乐讨吃的样子了",
            "time": "14-1-8 23:57"
        },
        {
            "comment id": 73,
            "parent": -1,
            "children": [],
            "user id": "2635231791",
            "user name": "没有文化的人不伤心嘻哈",
            "content": "它如此地萌它妈咪知道吗？它daddy@被穿刺的基督徒_666 知道吗",
            "time": "14-1-8 23:57"
        },
        {
            "comment id": 74,
            "parent": -1,
            "children": [],
            "user id": "2267792790",
            "user name": "Judeeeeld",
            "content": "为毛这么萌！！@evilmoe 麻麻已经同意我带回家~[得意地笑]",
            "time": "14-1-8 23:56"
        },
        {
            "comment id": 75,
            "parent": -1,
            "children": [],
            "user id": "1653304161",
            "user name": "W耀华",
            "content": "@毛哥蕾姐",
            "time": "14-1-8 23:56"
        },
        {
            "comment id": 76,
            "parent": -1,
            "children": [],
            "user id": "2966857557",
            "user name": "腐成灰的小23",
            "content": "小奶猫~",
            "time": "14-1-8 23:56"
        },
        {
            "comment id": 77,
            "parent": -1,
            "children": [],
            "user id": "1898404885",
            "user name": "ONER瞎穿bot",
            "content": "转发微博",
            "time": "14-1-8 23:56"
        }
    ]
}