{
    "source": {
        "content": "一张很残忍的图：要伤多少人的心，又要被多少人伤，才能走到这一步...../net ",
        "time": "14-1-12 23:50",
        "user id": "1851524785",
        "tweet id": "ArIGNb9MA",
        "label": 0,
        "theme": "社会生活"
    },
    "comment": [
        {
            "comment id": 0,
            "parent": -1,
            "children": [],
            "user id": "1835918597",
            "user name": "Vienna_L钜",
            "content": "回复@-KYAURR610:我说我想要你是我最后一个女人",
            "time": "14-12-20 11:50"
        },
        {
            "comment id": 1,
            "parent": -1,
            "children": [],
            "user id": "2393514124",
            "user name": "蘅芷清沐",
            "content": "twilight",
            "time": "14-1-17 09:39"
        },
        {
            "comment id": 2,
            "parent": -1,
            "children": [],
            "user id": "2946890993",
            "user name": "马面薯仔土豆c",
            "content": "转发微博",
            "time": "14-1-14 11:10"
        },
        {
            "comment id": 3,
            "parent": -1,
            "children": [],
            "user id": "1948968920",
            "user name": "Lueiswaiting",
            "content": "好一个一将功成万古枯",
            "time": "14-1-14 10:29"
        },
        {
            "comment id": 4,
            "parent": -1,
            "children": [],
            "user id": "1948968920",
            "user name": "Lueiswaiting",
            "content": "呵呵",
            "time": "14-1-14 09:44"
        },
        {
            "comment id": 5,
            "parent": -1,
            "children": [],
            "user id": "3181238123",
            "user name": "Aurelius-23",
            "content": "怪不得女人都那么向往结婚......",
            "time": "14-1-13 16:23"
        },
        {
            "comment id": 6,
            "parent": -1,
            "children": [],
            "user id": "1985760622",
            "user name": "四月里的言小早",
            "content": "要伤多少次心，才能走到这一步",
            "time": "14-1-13 15:52"
        },
        {
            "comment id": 7,
            "parent": -1,
            "children": [],
            "user id": "3576787001",
            "user name": "果脯小九",
            "content": "暮光之城？[想一想]",
            "time": "14-1-13 15:19"
        },
        {
            "comment id": 8,
            "parent": -1,
            "children": [],
            "user id": "2338322557",
            "user name": "Z_zzzzi",
            "content": "回复@Gattina_葉:做到这些就能了哈哈哈",
            "time": "14-1-13 14:20"
        },
        {
            "comment id": 9,
            "parent": -1,
            "children": [],
            "user id": "1784098394",
            "user name": "葱花小鱼头",
            "content": "转发微博",
            "time": "14-1-13 14:07"
        },
        {
            "comment id": 10,
            "parent": -1,
            "children": [],
            "user id": "3195408691",
            "user name": "最美女教师xiao",
            "content": "转发微博",
            "time": "14-1-13 13:54"
        },
        {
            "comment id": 11,
            "parent": -1,
            "children": [],
            "user id": "2579797624",
            "user name": "Kjggfgjjbbvh",
            "content": "@漂流群 ",
            "time": "14-1-13 13:18"
        },
        {
            "comment id": 12,
            "parent": -1,
            "children": [],
            "user id": "2381894194",
            "user name": "C-D-P",
            "content": "确实",
            "time": "14-1-13 13:15"
        },
        {
            "comment id": 13,
            "parent": -1,
            "children": [],
            "user id": "2833267884",
            "user name": "gent1e_style",
            "content": "回复@ChuckiWong:",
            "time": "14-1-13 12:46"
        },
        {
            "comment id": 14,
            "parent": -1,
            "children": [],
            "user id": "1774932842",
            "user name": "你隔壁黄爸爸",
            "content": "回复@gent1e_style:你是下面的[睡觉]",
            "time": "14-1-13 12:46"
        },
        {
            "comment id": 15,
            "parent": -1,
            "children": [],
            "user id": "2659576903",
            "user name": "二逼赵思嘎",
            "content": "好恶心",
            "time": "14-1-13 12:33"
        }
    ]
}