{
    "source": {
        "content": "【男孩遭逼供，被迫认罪入狱20年[震惊]】据福克斯新闻网，1995年，16岁的黑人男孩丹尼尔，在一杀人案中遭刑讯逼供，警察威胁说，若不认罪就强奸他。他被迫认罪，被判终身监禁。如今，36岁的他迎来重审，目前已获保释，等待检方是继续起诉还是放弃指控。母亲说，因贫困，一直没钱上诉，多亏好心人资助。 ",
        "time": "14-1-16 21:08",
        "user id": "1974576991",
        "tweet id": "Asjl6miPl",
        "label": 1,
        "theme": "社会生活"
    },
    "comment": [
        {
            "comment id": 0,
            "parent": -1,
            "children": [],
            "user id": "1703919130",
            "user name": "江汉人方圆",
            "content": "//@理科全才匡申升: 这个翻译也很雷人了……//@美国人权大观察:【若不认罪就强奸他】看到这里顿时就错乱了，环球翻译能用点心不，是威胁说不认罪的话在监狱会被强奸",
            "time": "14-2-5 13:16"
        },
        {
            "comment id": 1,
            "parent": -1,
            "children": [],
            "user id": "1905073935",
            "user name": "飞机城小呆",
            "content": "你们终于在饭里找到一粒屎呀",
            "time": "14-2-4 21:40"
        },
        {
            "comment id": 2,
            "parent": -1,
            "children": [],
            "user id": "2675013692",
            "user name": "东风飘过香如故",
            "content": "胡锡进怎么不讲美国监狱是资本家开的，是盈利的，所以，警察配合他们盈利。@天然仰吧A:没钱没法制！//@高温下的冻鸽:没钱上诉，这就是所谓法制。//@天然仰吧A: //@飘逸美姝:种族歧视是美国唯一天生解决不掉的内在不稳定因素，由于美国的强大和自省，尚没有国家对此予以输出革命，但是， //@刘仰:[围观",
            "time": "14-1-18 19:41"
        },
        {
            "comment id": 3,
            "parent": -1,
            "children": [],
            "user id": "1911581757",
            "user name": "高温下的冻鸽",
            "content": "法条多，猫腻也多，官司成本更大。",
            "time": "14-1-17 19:33"
        },
        {
            "comment id": 4,
            "parent": -1,
            "children": [],
            "user id": "1911581757",
            "user name": "高温下的冻鸽",
            "content": "没钱上诉，这就是所谓法制。//@天然仰吧A: //@飘逸美姝:种族歧视是美国唯一天生解决不掉的内在不稳定因素，由于美国的强大和自省，尚没有国家对此予以输出革命，但是，一旦美国没落，难保美国不会像德国对待犹太人一样对付有色人种。不经历完善的民族融合是避免不了得。 //@刘仰:",
            "time": "14-1-17 18:36"
        },
        {
            "comment id": 5,
            "parent": -1,
            "children": [],
            "user id": "1355749543",
            "user name": "茅厕天屎",
            "content": "回复@ty没事偷着乐:你牛！行了吧。。。",
            "time": "14-1-17 11:59"
        },
        {
            "comment id": 6,
            "parent": -1,
            "children": [],
            "user id": "2198519965",
            "user name": "云的聪明",
            "content": "@袁裕来律师 请来急公好义一下。//@辟谣与真相: //@驭酒者: //@紫贝竹: 因沒钱一直沒法上诉美国绝对是自由民主法治的国家",
            "time": "14-1-17 09:21"
        },
        {
            "comment id": 7,
            "parent": -1,
            "children": [],
            "user id": "2541246931",
            "user name": "沈水之峰",
            "content": "//@北方北大营: 竟有此事？建议由冤狱来率大法党讨伐之！ //@卜安淳: //@Fox_in_the_wind: 这个逻辑好奇怪，不认罪就进不了监狱，进不了监狱就不会被强X，认了罪反而要进去被强X，干吗要认罪？ //@美国人权大观察:【若不认罪就强奸他】看到这里顿时就错乱了",
            "time": "14-1-17 09:11"
        },
        {
            "comment id": 8,
            "parent": -1,
            "children": [],
            "user id": "1650944797",
            "user name": "啤酒Wu你就不能每天好好看书嘛",
            "content": "五毛很有特点，不敢开评论回复，喜欢骂人，你们在外卖着良心赚这钱，素质这么差，你们家人知道吗?",
            "time": "14-1-17 03:00"
        },
        {
            "comment id": 9,
            "parent": -1,
            "children": [],
            "user id": "3601437602",
            "user name": "钓鱼捣主2013",
            "content": "没钱打屁的个官司，",
            "time": "14-1-17 02:05"
        },
        {
            "comment id": 10,
            "parent": -1,
            "children": [],
            "user id": "3169575135",
            "user name": "JzzzzzStyle",
            "content": "回复@Fox_in_the_wind:站在这个孩子的角度想一下，穷所以没钱请律师。所以不论真相究竟如何，他现在已经是法院手下的鱼肉了。他也就只有听法院的摆布，祈求法院开恩能换稍微好点的生活。推荐一本书，我在美国坐牢_揭秘联邦监狱  里面就讲过很多这样的事情，我觉得这就是美国司法的最大弊端。",
            "time": "14-1-17 00:29"
        },
        {
            "comment id": 11,
            "parent": -1,
            "children": [],
            "user id": "2497280843",
            "user name": "染红江山",
            "content": "//@刘仰: ",
            "time": "14-1-17 00:24"
        },
        {
            "comment id": 12,
            "parent": -1,
            "children": [],
            "user id": "3169575135",
            "user name": "JzzzzzStyle",
            "content": "回复@華恩小镇:去年的新闻，某监狱一大堆女狱警给黑帮老大生孩子。",
            "time": "14-1-17 00:21"
        },
        {
            "comment id": 13,
            "parent": -1,
            "children": [],
            "user id": "1298327915",
            "user name": "北方北大营",
            "content": "竟有此事？建议由冤狱来率大法党讨伐之！",
            "time": "14-1-17 00:21"
        },
        {
            "comment id": 14,
            "parent": -1,
            "children": [],
            "user id": "3169575135",
            "user name": "JzzzzzStyle",
            "content": "回复@云中燕958:这不是个案而已，这是美国司法的一个弊端（他们有优点，但是缺点也很明显）",
            "time": "14-1-17 00:18"
        },
        {
            "comment id": 15,
            "parent": -1,
            "children": [],
            "user id": "3169575135",
            "user name": "JzzzzzStyle",
            "content": "回复@Fox_in_the_wind:建议你看一些美国监狱的书，经常有法院私下协商嫌疑人，不认罪的话重判，认罪的话轻判（但是这个协商不具备任何法律效力）",
            "time": "14-1-17 00:16"
        },
        {
            "comment id": 16,
            "parent": -1,
            "children": [],
            "user id": "3023794181",
            "user name": "卜安淳",
            "content": "//@Fox_in_the_wind: 这个逻辑好奇怪，不认罪就进不了监狱，进不了监狱就不会被强X，认了罪反而要进去被强X，干吗要认罪？//@美国人权大观察:【若不认罪就强奸他】看到这里顿时就错乱了，环球翻译能用点心不，是威胁说不认罪的话在监狱会被强奸//@辟谣与真相://@驭酒者:",
            "time": "14-1-17 00:14"
        },
        {
            "comment id": 17,
            "parent": -1,
            "children": [],
            "user id": "2322691154",
            "user name": "苍白的阵容",
            "content": "美国法律不是“一案不再审”吗",
            "time": "14-1-17 00:05"
        },
        {
            "comment id": 18,
            "parent": -1,
            "children": [],
            "user id": "1439839257",
            "user name": "前路不识君",
            "content": "资本主义就是资本可以让法律无效。",
            "time": "14-1-17 00:01"
        },
        {
            "comment id": 19,
            "parent": -1,
            "children": [],
            "user id": "2872659114",
            "user name": "高祖拔剑唱大风",
            "content": "//@辟谣与真相://@驭酒者: //@紫贝竹: 因沒钱一直沒法上诉美国绝对是自由民主法治的国家",
            "time": "14-1-17 00:00"
        },
        {
            "comment id": 20,
            "parent": -1,
            "children": [],
            "user id": "2849478873",
            "user name": "百年树人-Y-",
            "content": "回复@Ningbo_Jason:放心吧，在美国，一分也没有。",
            "time": "14-1-16 23:58"
        },
        {
            "comment id": 21,
            "parent": -1,
            "children": [],
            "user id": "2849478873",
            "user name": "百年树人-Y-",
            "content": "回复@北临秋水:终于看到了非常少见的有理性的评论。另外介绍一个名词--逆向种族主义者，这个词说的是那些比美国人更忠诚于美国的中国人。",
            "time": "14-1-16 23:57"
        },
        {
            "comment id": 22,
            "parent": -1,
            "children": [],
            "user id": "2264746207",
            "user name": "大唐巡府",
            "content": "人家是上诉而我们却是上访！",
            "time": "14-1-16 23:31"
        },
        {
            "comment id": 23,
            "parent": -1,
            "children": [],
            "user id": "1841984340",
            "user name": "碧蓝之歌",
            "content": "真是腐、败……",
            "time": "14-1-16 23:29"
        },
        {
            "comment id": 24,
            "parent": -1,
            "children": [],
            "user id": "1272214722",
            "user name": "昕飞扬1996",
            "content": "衙门口朝南开，有理无钱莫进来!在号称最讲“民主、自由、法治”的美国，你没钱，一样与正义和公理无缘。",
            "time": "14-1-16 23:27"
        },
        {
            "comment id": 25,
            "parent": -1,
            "children": [],
            "user id": "1832324531",
            "user name": "驭酒者",
            "content": "//@紫贝竹: 因沒钱一直沒法上诉美国绝对是自由民主法治的国家",
            "time": "14-1-16 23:16"
        },
        {
            "comment id": 26,
            "parent": -1,
            "children": [],
            "user id": "2133929514",
            "user name": "ty没事偷着乐",
            "content": "回复@茅厕天屎:我支持你，环球又在造谣，高贵的美爹不能受任何诋毁",
            "time": "14-1-16 23:13"
        },
        {
            "comment id": 27,
            "parent": -1,
            "children": [],
            "user id": "3081478095",
            "user name": "1nFeRn0",
            "content": "回复@腐青织耽:我天 做男的也不安全",
            "time": "14-1-16 22:53"
        },
        {
            "comment id": 28,
            "parent": -1,
            "children": [],
            "user id": "1434350403",
            "user name": "心悦-苔-曼陀罗沙龙",
            "content": "法治的本质？//@刘仰:",
            "time": "14-1-16 22:51"
        },
        {
            "comment id": 29,
            "parent": -1,
            "children": [],
            "user id": "3088013615",
            "user name": "小煦的日常记录",
            "content": "卑鄙，人生能有几个二十年啊！支持起诉！",
            "time": "14-1-16 22:48"
        },
        {
            "comment id": 30,
            "parent": -1,
            "children": [],
            "user id": "2275766354",
            "user name": "渺万里",
            "content": "原来米国也有刑讯逼供啊",
            "time": "14-1-16 22:47"
        },
        {
            "comment id": 31,
            "parent": -1,
            "children": [],
            "user id": "1315686084",
            "user name": "小猫Tom",
            "content": "",
            "time": "14-1-16 22:41"
        },
        {
            "comment id": 32,
            "parent": -1,
            "children": [],
            "user id": "1261470984",
            "user name": "北方以南",
            "content": "靠",
            "time": "14-1-16 22:38"
        },
        {
            "comment id": 33,
            "parent": -1,
            "children": [],
            "user id": "3121271715",
            "user name": "眼看星空",
            "content": "我支持你打官司",
            "time": "14-1-16 22:25"
        },
        {
            "comment id": 34,
            "parent": -1,
            "children": [],
            "user id": "2949453677",
            "user name": "小短腿联盟CEO",
            "content": "强奸他…………美帝的口味……",
            "time": "14-1-16 22:24"
        },
        {
            "comment id": 35,
            "parent": -1,
            "children": [],
            "user id": "2706345085",
            "user name": "杰客大圣",
            "content": "体制啊！",
            "time": "14-1-16 22:17"
        },
        {
            "comment id": 36,
            "parent": -1,
            "children": [],
            "user id": "3756293002",
            "user name": "乱舞封灵",
            "content": "都一样",
            "time": "14-1-16 22:11"
        },
        {
            "comment id": 37,
            "parent": -1,
            "children": [],
            "user id": "1898358020",
            "user name": "Obotchaman",
            "content": "回复@啤酒Wu你就不能每天好好看书嘛:你搞月球的也不耽误人看新闻哦，",
            "time": "14-1-16 22:06"
        },
        {
            "comment id": 38,
            "parent": -1,
            "children": [],
            "user id": "1891497893",
            "user name": "心不动YY",
            "content": "转发微博",
            "time": "14-1-16 22:06"
        },
        {
            "comment id": 39,
            "parent": -1,
            "children": [],
            "user id": "2727154795",
            "user name": "云中燕958",
            "content": "这种案件每个国家都有个案！",
            "time": "14-1-16 22:03"
        },
        {
            "comment id": 40,
            "parent": -1,
            "children": [],
            "user id": "3209078310",
            "user name": "我不跟蠢的人说话",
            "content": "这些年的委屈已经不能用眼泪来表达[呵呵]",
            "time": "14-1-16 21:57"
        },
        {
            "comment id": 41,
            "parent": -1,
            "children": [],
            "user id": "2463684941",
            "user name": "落日空余晖",
            "content": "维护社会公平正义的法律，其实也是有钱人才玩的起的规则",
            "time": "14-1-16 21:55"
        },
        {
            "comment id": 42,
            "parent": -1,
            "children": [],
            "user id": "3606825520",
            "user name": "河图洛书01",
            "content": "我们的伟大的共产党社会！",
            "time": "14-1-16 21:55"
        },
        {
            "comment id": 43,
            "parent": -1,
            "children": [],
            "user id": "2127406900",
            "user name": "肥咖咖0111",
            "content": "",
            "time": "14-1-16 21:45"
        },
        {
            "comment id": 44,
            "parent": -1,
            "children": [],
            "user id": "1355749543",
            "user name": "茅厕天屎",
            "content": "1环球不愧是环球，肩挑替美国人民监督美国政府的重任。2环球负责告诉中国人民两个逻辑，一个是：你穷有比你更穷的，你苦有比你更苦的，你惨有比你更惨的，知足吧；另一个是：一锅掺了几粒米的老鼠屎和一锅掺了几颗老鼠屎的粥本质是一样的，天下国家一般黑，能有这么个兲朝让你待还不知足。总结：你赢了",
            "time": "14-1-16 21:43"
        },
        {
            "comment id": 45,
            "parent": -1,
            "children": [],
            "user id": "1650944797",
            "user name": "啤酒Wu你就不能每天好好看书嘛",
            "content": "回复@Obotchaman:笑了，我就是搞法律的，在刑讯逼供这方面，我们只有资格笑朝鲜~",
            "time": "14-1-16 21:40"
        },
        {
            "comment id": 46,
            "parent": -1,
            "children": [],
            "user id": "1112104823",
            "user name": "梦里远游",
            "content": "看看！米国的所谓司法公正！",
            "time": "14-1-16 21:40"
        },
        {
            "comment id": 47,
            "parent": -1,
            "children": [],
            "user id": "3786506137",
            "user name": "腐青织",
            "content": " @混合内向型语言交流障碍患者 @食蜜鸟_张艺兴我的男朋友",
            "time": "14-1-16 21:37"
        },
        {
            "comment id": 48,
            "parent": -1,
            "children": [],
            "user id": "1883859210",
            "user name": "恒久是梦",
            "content": "这篇报道是专门给中国人看，因为最近政府被曝出也干很多这种事情，一来可以缓和一下广大愤青的情绪，二来告诉我们美国没什么好的，别老想着移民。这是政府的一贯策略，客观的看待新闻，别越陷越深，新浪上很多新闻都是受政府控制的",
            "time": "14-1-16 21:34"
        },
        {
            "comment id": 49,
            "parent": -1,
            "children": [],
            "user id": "3925281819",
            "user name": "ALsinDB",
            "content": "这是民主的冤狱，懂吗？",
            "time": "14-1-16 21:33"
        },
        {
            "comment id": 50,
            "parent": -1,
            "children": [],
            "user id": "3738257415",
            "user name": "快死的老头",
            "content": "回复@自转跟公转之间:→_→为人民说话，谁给利益[挖鼻屎]",
            "time": "14-1-16 21:33"
        },
        {
            "comment id": 51,
            "parent": -1,
            "children": [],
            "user id": "2662650070",
            "user name": "Khaki想睡到自然醒",
            "content": "这惊讶什么啊，好像中国没有似的，比人家少吗？",
            "time": "14-1-16 21:33"
        },
        {
            "comment id": 52,
            "parent": -1,
            "children": [],
            "user id": "1898358020",
            "user name": "Obotchaman",
            "content": "回复@啤酒Wu你就不能每天好好看书嘛:真实的事情该说还是要说的。",
            "time": "14-1-16 21:32"
        },
        {
            "comment id": 53,
            "parent": -1,
            "children": [],
            "user id": "2909948721",
            "user name": "文殊院童哥玺瑞159",
            "content": "有没有上访啊 在人家那这是大丑闻，在我们这是司空见怪，还有脸说别人?屎报就是屎报~",
            "time": "14-1-16 21:31"
        },
        {
            "comment id": 54,
            "parent": -1,
            "children": [],
            "user id": "1296998751",
            "user name": "林子大了叉叉",
            "content": "谁说这个世界是公平的呢",
            "time": "14-1-16 21:29"
        },
        {
            "comment id": 55,
            "parent": -1,
            "children": [],
            "user id": "3123696823",
            "user name": "想看许嵩演唱会",
            "content": "回复@诚实遇到宽容:我也觉得啊，奇葩",
            "time": "14-1-16 21:26"
        },
        {
            "comment id": 56,
            "parent": -1,
            "children": [],
            "user id": "1093974672",
            "user name": "刘仰",
            "content": "",
            "time": "14-1-16 21:26"
        },
        {
            "comment id": 57,
            "parent": -1,
            "children": [],
            "user id": "3123696823",
            "user name": "想看许嵩演唱会",
            "content": "回复@造价师颜工:95年到现在。差不多啊36",
            "time": "14-1-16 21:26"
        },
        {
            "comment id": 58,
            "parent": -1,
            "children": [],
            "user id": "1144644424",
            "user name": "乾坤合太极",
            "content": "中国不完美，美国也部咋的，世界有完美的制度吗？真乃笑话",
            "time": "14-1-16 21:23"
        },
        {
            "comment id": 59,
            "parent": -1,
            "children": [],
            "user id": "1144644424",
            "user name": "乾坤合太极",
            "content": "公知是不会看事实跟真相的，他们只会叫嚎而无力改变，他们贪图的不过是他们眼前的那些小利益，真伤及他们利益他们就跳出来了，唉，没事在那假装着正义，",
            "time": "14-1-16 21:22"
        },
        {
            "comment id": 60,
            "parent": -1,
            "children": [],
            "user id": "1335821375",
            "user name": "LIANG先生的微博",
            "content": "美国？ ",
            "time": "14-1-16 21:22"
        },
        {
            "comment id": 61,
            "parent": -1,
            "children": [],
            "user id": "3140240544",
            "user name": "小胖子也很特别",
            "content": "要还清白的人一个公道",
            "time": "14-1-16 21:20"
        },
        {
            "comment id": 62,
            "parent": -1,
            "children": [],
            "user id": "2525279541",
            "user name": "自我奋斗历史的进程",
            "content": "回复@啤酒Wu你就不能每天好好看书嘛: 专业洗地20年呀～",
            "time": "14-1-16 21:20"
        },
        {
            "comment id": 63,
            "parent": -1,
            "children": [],
            "user id": "3140240544",
            "user name": "小胖子也很特别",
            "content": "要还公平的人一个公道",
            "time": "14-1-16 21:20"
        },
        {
            "comment id": 64,
            "parent": -1,
            "children": [],
            "user id": "1915537041",
            "user name": "Ningbo_Jason",
            "content": "在中国的话，也就六七十万的赔偿就没事儿了，在米国，可能是几千万的赔偿。",
            "time": "14-1-16 21:19"
        },
        {
            "comment id": 65,
            "parent": -1,
            "children": [],
            "user id": "1806560070",
            "user name": "张小明Naruto",
            "content": "毒树之果！！！",
            "time": "14-1-16 21:19"
        },
        {
            "comment id": 66,
            "parent": -1,
            "children": [],
            "user id": "2681905630",
            "user name": "深海浅云",
            "content": "米国也不是平的嘛",
            "time": "14-1-16 21:18"
        },
        {
            "comment id": 67,
            "parent": -1,
            "children": [],
            "user id": "1650944797",
            "user name": "啤酒Wu你就不能每天好好看书嘛",
            "content": "在人家那这是大丑闻，在我们这是司空见怪，还有脸说别人?屎报就是屎报~",
            "time": "14-1-16 21:16"
        },
        {
            "comment id": 68,
            "parent": -1,
            "children": [],
            "user id": "3616284875",
            "user name": "華恩小镇",
            "content": "老外就是这样动不动就强奸男的，监狱里都是这样，没女的，只能找男的",
            "time": "14-1-16 21:16"
        },
        {
            "comment id": 69,
            "parent": -1,
            "children": [],
            "user id": "2272379570",
            "user name": "白秀婷",
            "content": "不要什么都和种族歧视联系在一起。。。这明显的美国的司法问题，而且是大问题，中国也存在，难道中国也什么劳什子种族歧视？",
            "time": "14-1-16 21:15"
        },
        {
            "comment id": 70,
            "parent": -1,
            "children": [],
            "user id": "2135199091",
            "user name": "FriskyFriday",
            "content": "种族歧视",
            "time": "14-1-16 21:15"
        },
        {
            "comment id": 71,
            "parent": -1,
            "children": [],
            "user id": "2996153960",
            "user name": "肥头大耳君",
            "content": "屎报又开始自己光着屁股笑别人穿得少了",
            "time": "14-1-16 21:14"
        },
        {
            "comment id": 72,
            "parent": -1,
            "children": [],
            "user id": "1770917424",
            "user name": "是迪丽锅巴",
            "content": "这警察中国来的吧",
            "time": "14-1-16 21:13"
        },
        {
            "comment id": 73,
            "parent": -1,
            "children": [],
            "user id": "3652650297",
            "user name": "诚实遇到宽容",
            "content": "郁闷。。。明明写的是男孩，何来强奸。。。晕了",
            "time": "14-1-16 21:13"
        },
        {
            "comment id": 74,
            "parent": -1,
            "children": [],
            "user id": "3209525494",
            "user name": "咖啡于水",
            "content": "……//@Jason_Mrazing:这警察…",
            "time": "14-1-16 21:12"
        },
        {
            "comment id": 75,
            "parent": -1,
            "children": [],
            "user id": "2596631687",
            "user name": "干平佳敏",
            "content": "消除种族歧视才没多长时间",
            "time": "14-1-16 21:12"
        },
        {
            "comment id": 76,
            "parent": -1,
            "children": [],
            "user id": "2594077455",
            "user name": "zn柠檬少女",
            "content": "转发微博",
            "time": "14-1-16 21:12"
        },
        {
            "comment id": 77,
            "parent": -1,
            "children": [],
            "user id": "1751787611",
            "user name": "SeanySeanySean",
            "content": "中国的为什么都不报道",
            "time": "14-1-16 21:12"
        },
        {
            "comment id": 78,
            "parent": -1,
            "children": [],
            "user id": "2643660081",
            "user name": "刘酸呐",
            "content": "贱贱的种族歧视",
            "time": "14-1-16 21:10"
        },
        {
            "comment id": 79,
            "parent": -1,
            "children": [],
            "user id": "2631294941",
            "user name": "胖丁使用连环巴掌扇飞波克比",
            "content": "这警察…",
            "time": "14-1-16 21:10"
        }
    ]
}