{
    "source": {
        "content": "参战明天漳州市中级人民法院二审的郑龙江涉黑案部分辩护律师正在研究案情，对细节继续进行分析。明天上午八点半正式开庭，欢迎旁听。广泛大面积刑讯逼供是本案件特点！另：广泛征集了解漳浦县看守所特审室情况的证人，该特审室位于距离看守所大门最远处。电话：13904527179。 我在:建元路 ",
        "time": "14-1-16 21:14",
        "user id": "1935084477",
        "tweet id": "AsjnHau19",
        "label": 0,
        "theme": "社会生活"
    },
    "comment": [
        {
            "comment id": 0,
            "parent": -1,
            "children": [],
            "user id": "2938322417",
            "user name": "杨春林2008",
            "content": "这样的会议，就应该常开不谢。//@不仅是围观者: //@杨学林律师: 实践中，所谓特审室，就是刑讯逼供室！",
            "time": "14-1-18 13:39"
        },
        {
            "comment id": 1,
            "parent": -1,
            "children": [],
            "user id": "3969264247",
            "user name": "李轩法治天下",
            "content": "扩散：//@周泽律师: 专案辩护组在行动",
            "time": "14-1-17 11:02"
        },
        {
            "comment id": 2,
            "parent": -1,
            "children": [],
            "user id": "1550562082",
            "user name": "翠云经案下",
            "content": "转发微博",
            "time": "14-1-17 10:12"
        },
        {
            "comment id": 3,
            "parent": -1,
            "children": [],
            "user id": "3828365855",
            "user name": "乐观的qwertyuiop123",
            "content": "看到你们，觉察到你们身上散发着君子风范气息.承担着国家繁荣昌盛的使命。谢谢你们",
            "time": "14-1-17 09:59"
        },
        {
            "comment id": 4,
            "parent": -1,
            "children": [],
            "user id": "3828365855",
            "user name": "乐观的qwertyuiop123",
            "content": "支持正义，感谢为争取正义的人们，感谢为正义辛苦的律师们，",
            "time": "14-1-17 09:48"
        },
        {
            "comment id": 5,
            "parent": -1,
            "children": [],
            "user id": "2024124873",
            "user name": "杭州郭堂战律师",
            "content": "//@周泽律师: 专案辩护组在行动",
            "time": "14-1-17 09:38"
        },
        {
            "comment id": 6,
            "parent": -1,
            "children": [],
            "user id": "2151272103",
            "user name": "郭蓉子",
            "content": "期待。//@周泽律师: 专案辩护组在行动",
            "time": "14-1-17 09:00"
        },
        {
            "comment id": 7,
            "parent": -1,
            "children": [],
            "user id": "3172310824",
            "user name": "盼青天为我做主",
            "content": "支持正义！呼唤正义！！感谢正义！！！//@周泽律师: 专案辩护组在行动",
            "time": "14-1-17 08:40"
        },
        {
            "comment id": 8,
            "parent": -1,
            "children": [],
            "user id": "3812831638",
            "user name": "天津拄拐大姐赵玉敏",
            "content": "//@徐昕: @伍雷论法的精神：特审室内的血腥：刑讯导致外伤\\疝气一年后仍然存在！这是漳浦公安局长林顺德领导下的丰功伟绩。单单本人办理的涉黑案就有两起是林局长的杰作，龙海的陈惠良案，被打残，也是时任该县公安局长的林顺德丰功伟绩！ ",
            "time": "14-1-17 02:07"
        },
        {
            "comment id": 9,
            "parent": -1,
            "children": [],
            "user id": "1044734763",
            "user name": "xyt777",
            "content": "要会借东风。",
            "time": "14-1-17 01:22"
        },
        {
            "comment id": 10,
            "parent": -1,
            "children": [],
            "user id": "2423053351",
            "user name": "忠义良祥",
            "content": "@南方周末 @北京新青年 //@徐昕: @伍雷论法的精神：特审室内的血腥：刑讯导致外伤\\疝气一年后仍然存在！这是漳浦公安局长林顺德领导下的丰功伟绩。单单本人办理的涉黑案就有两起是林局长的杰作，龙海的陈惠良案，被打残，也是时任该县公安局长的林顺德丰功伟绩！ ",
            "time": "14-1-17 00:35"
        },
        {
            "comment id": 11,
            "parent": -1,
            "children": [],
            "user id": "2423053351",
            "user name": "忠义良祥",
            "content": "@南方周末",
            "time": "14-1-17 00:34"
        },
        {
            "comment id": 12,
            "parent": -1,
            "children": [],
            "user id": "1910174542",
            "user name": "KYJF",
            "content": "//@王甫律师: 大战前夜",
            "time": "14-1-17 00:31"
        },
        {
            "comment id": 13,
            "parent": -1,
            "children": [],
            "user id": "2150572942",
            "user name": "般若-渡",
            "content": "//@王甫律师: 大战前夜",
            "time": "14-1-17 00:20"
        },
        {
            "comment id": 14,
            "parent": -1,
            "children": [],
            "user id": "1778270590",
            "user name": "观者WWW",
            "content": "",
            "time": "14-1-16 23:46"
        },
        {
            "comment id": 15,
            "parent": -1,
            "children": [],
            "user id": "3961045136",
            "user name": "周翔在南京",
            "content": "转发微博",
            "time": "14-1-16 23:31"
        },
        {
            "comment id": 16,
            "parent": -1,
            "children": [],
            "user id": "2969365084",
            "user name": "没有人知道崇军姓黄",
            "content": "加油！！",
            "time": "14-1-16 23:02"
        },
        {
            "comment id": 17,
            "parent": -1,
            "children": [],
            "user id": "1816416280",
            "user name": "朱应明律师",
            "content": "//@杨学林律师: 实践中，所谓特审室，就是刑讯逼供室！",
            "time": "14-1-16 22:57"
        },
        {
            "comment id": 18,
            "parent": -1,
            "children": [],
            "user id": "2080702851",
            "user name": "张彦恒律师",
            "content": "//@许丹: 今天好好休息，迎接明天。漳州，正在关注中！",
            "time": "14-1-16 22:55"
        },
        {
            "comment id": 19,
            "parent": -1,
            "children": [],
            "user id": "1704084074",
            "user name": "杨学林律师",
            "content": "实践中，所谓特审室，就是刑讯逼供室！",
            "time": "14-1-16 22:53"
        },
        {
            "comment id": 20,
            "parent": -1,
            "children": [],
            "user id": "3709961392",
            "user name": "神灯186",
            "content": "//@徐昕: @伍雷论法的精神：特审室内的血腥：刑讯导致外伤\\疝气一年后仍然存在！这是漳浦公安局长林顺德领导下的丰功伟绩。单单本人办理的涉黑案就有两起是林局长的杰作，龙海的陈惠良案，被打残，也是时任该县公安局长的林顺德丰功伟绩！ ",
            "time": "14-1-16 22:53"
        },
        {
            "comment id": 21,
            "parent": -1,
            "children": [],
            "user id": "1776361441",
            "user name": "忘尘许丹",
            "content": "今天好好休息，迎接明天。漳州，正在关注中！",
            "time": "14-1-16 22:52"
        },
        {
            "comment id": 22,
            "parent": -1,
            "children": [],
            "user id": "3233235603",
            "user name": "运筹帷幄唯你",
            "content": "//@孚孚是臭美蛋: //@五行马齿苋://@一鞭直渡_90594:集中营",
            "time": "14-1-16 22:42"
        },
        {
            "comment id": 23,
            "parent": -1,
            "children": [],
            "user id": "1877173605",
            "user name": "陈十三律师",
            "content": "迟律，您好！我是你的忠实粉丝，明天我只要拿张身份证就可以进去旁听了么？会有阻碍么？",
            "time": "14-1-16 22:41"
        },
        {
            "comment id": 24,
            "parent": -1,
            "children": [],
            "user id": "2808875384",
            "user name": "吴-华英",
            "content": "//@徐昕: @伍雷论法的精神：特审室内的血腥：刑讯导致外伤\\疝气一年后仍然存在！这是漳浦公安局长林顺德领导下的丰功伟绩。单单本人办理的涉黑案就有两起是林局长的杰作，龙海的陈惠良案，被打残，也是时任该县公安局长的林顺德丰功伟绩！ ",
            "time": "14-1-16 22:33"
        },
        {
            "comment id": 25,
            "parent": -1,
            "children": [],
            "user id": "1300579700",
            "user name": "依依老爷在齊國",
            "content": "//@顽老太情结: 关注！",
            "time": "14-1-16 22:30"
        },
        {
            "comment id": 26,
            "parent": -1,
            "children": [],
            "user id": "1433144204",
            "user name": "7lawyer7",
            "content": "刑案还需要研究啊?",
            "time": "14-1-16 22:21"
        },
        {
            "comment id": 27,
            "parent": -1,
            "children": [],
            "user id": "3702624677",
            "user name": "大大咧咧_7",
            "content": "一帮面善之人，真不容易，敬礼！👍",
            "time": "14-1-16 21:56"
        },
        {
            "comment id": 28,
            "parent": -1,
            "children": [],
            "user id": "1906680815",
            "user name": "记录者李昌乾",
            "content": "旁听证问题已解决？//@徐昕: @伍雷论法的精神：特审室内的血腥：刑讯导致外伤\\疝气一年后仍然存在！这是漳浦公安局长林顺德领导下的丰功伟绩。单单本人办理的涉黑案就有两起是林局长的杰作，龙海的陈惠良案，被打残，也是时任该县公安局长的林顺德丰功伟绩！ ",
            "time": "14-1-16 21:46"
        },
        {
            "comment id": 29,
            "parent": -1,
            "children": [],
            "user id": "1663695874",
            "user name": "现在亲眼看见你",
            "content": "明天，漳州二审，郑龙江涉黑案，广泛大面积刑讯逼供是本案件特点！特审室！",
            "time": "14-1-16 21:36"
        },
        {
            "comment id": 30,
            "parent": -1,
            "children": [],
            "user id": "3951805505",
            "user name": "Bleepingtree",
            "content": "对公正无尽的期望，对邪恶黑暗势力的痛恨......，战斗吧，蒙冤受害小民们的律师团。",
            "time": "14-1-16 21:34"
        },
        {
            "comment id": 31,
            "parent": -1,
            "children": [],
            "user id": "2191906010",
            "user name": "xsa1314520",
            "content": "//@徐昕: @伍雷论法的精神：特审室内的血腥：刑讯导致外伤\\疝气一年后仍然存在！这是漳浦公安局长林顺德领导下的丰功伟绩。单单本人办理的涉黑案就有两起是林局长的杰作，龙海的陈惠良案，被打残，也是时任该县公安局长的林顺德丰功伟绩！ ",
            "time": "14-1-16 21:33"
        },
        {
            "comment id": 32,
            "parent": -1,
            "children": [],
            "user id": "2080702851",
            "user name": "张彦恒律师",
            "content": "//@徐昕: @伍雷论法的精神：特审室内的血腥：刑讯导致外伤\\疝气一年后仍然存在！这是漳浦公安局长林顺德领导下的丰功伟绩。单单本人办理的涉黑案就有两起是林局长的杰作，龙海的陈惠良案，被打残，也是时任该县公安局长的林顺德丰功伟绩！ ",
            "time": "14-1-16 21:32"
        },
        {
            "comment id": 33,
            "parent": -1,
            "children": [],
            "user id": "1308414434",
            "user name": "用户1308414434",
            "content": " //@徐昕:@伍雷论法的精神：特审室内的血腥：刑讯导致外伤\\疝气一年后仍然存在！这是漳浦公安局长林顺德领导下的丰功伟绩。单单本人办理的涉黑案就有两起是林局长的杰作，龙海的陈惠良案，被打残，也是时任该县公安局长的林顺德丰功伟绩！",
            "time": "14-1-16 21:31"
        },
        {
            "comment id": 34,
            "parent": -1,
            "children": [],
            "user id": "2932615587",
            "user name": "龚龚云祥",
            "content": "转发微博",
            "time": "14-1-16 21:30"
        },
        {
            "comment id": 35,
            "parent": -1,
            "children": [],
            "user id": "2366428194",
            "user name": "职业玩家-吹笙人",
            "content": "涉黑，严惩不贷",
            "time": "14-1-16 21:30"
        },
        {
            "comment id": 36,
            "parent": -1,
            "children": [],
            "user id": "1935084477",
            "user name": "迟夙生律师",
            "content": "回复@锦言慎行:该案件庭审将持续多日，欢迎旁听。",
            "time": "14-1-16 21:27"
        },
        {
            "comment id": 37,
            "parent": -1,
            "children": [],
            "user id": "1954283123",
            "user name": "醒已渐人国",
            "content": "祝愿你们马上成功，支持你们!",
            "time": "14-1-16 21:27"
        },
        {
            "comment id": 38,
            "parent": -1,
            "children": [],
            "user id": "3612808760",
            "user name": "公民呛声团",
            "content": "关注",
            "time": "14-1-16 21:26"
        },
        {
            "comment id": 39,
            "parent": -1,
            "children": [],
            "user id": "1811166554",
            "user name": "天际伍豪",
            "content": "",
            "time": "14-1-16 21:22"
        },
        {
            "comment id": 40,
            "parent": -1,
            "children": [],
            "user id": "1904752183",
            "user name": "Tianze2020",
            "content": "在刑讯逼供这些人类耻辱的罪恶与现代文明渐行渐远时，与我们却形影相随，挥之不去，我们的先进性、优越性、制度建设、顶层设计、改革开放、实事求是不都是浮云吗？",
            "time": "14-1-16 21:21"
        },
        {
            "comment id": 41,
            "parent": -1,
            "children": [],
            "user id": "2734830302",
            "user name": "翁涛wb",
            "content": "支持！",
            "time": "14-1-16 21:20"
        },
        {
            "comment id": 42,
            "parent": -1,
            "children": [],
            "user id": "1412215361",
            "user name": "偶滴滴滴神呐",
            "content": "逼供",
            "time": "14-1-16 21:20"
        },
        {
            "comment id": 43,
            "parent": -1,
            "children": [],
            "user id": "2106025135",
            "user name": "锦言慎行",
            "content": "太晚看到这个信息了，不然明天可以去旁听",
            "time": "14-1-16 21:20"
        },
        {
            "comment id": 44,
            "parent": -1,
            "children": [],
            "user id": "1477451952",
            "user name": "习惯自己习惯时差",
            "content": "迟大姐辛苦了",
            "time": "14-1-16 21:19"
        },
        {
            "comment id": 45,
            "parent": -1,
            "children": [],
            "user id": "1961658655",
            "user name": "王玉凡2011",
            "content": "早点休息！养精蓄锐！@新华社中国网事 @人民网 @凤凰卫视",
            "time": "14-1-16 21:19"
        },
        {
            "comment id": 46,
            "parent": -1,
            "children": [],
            "user id": "2189769851",
            "user name": "戴花镜的小伙",
            "content": "畜生",
            "time": "14-1-16 21:18"
        },
        {
            "comment id": 47,
            "parent": -1,
            "children": [],
            "user id": "1498259771",
            "user name": "天津龍貓",
            "content": "转发微博",
            "time": "14-1-16 21:17"
        },
        {
            "comment id": 48,
            "parent": -1,
            "children": [],
            "user id": "2403699177",
            "user name": "Eva-Dora",
            "content": "一直关注着！",
            "time": "14-1-16 21:16"
        },
        {
            "comment id": 49,
            "parent": -1,
            "children": [],
            "user id": "2589445224",
            "user name": "梦想19681227",
            "content": "法律在法院真的喝醉了，世界有什么良方医治，双残家庭要国家赔偿，以逼迫签署不起诉协议书，两审法院判决剥夺双残家庭的诉权，本事行政案 ，两审法院却按照刑事审理，连法院的最后一颗救命稻草都歪了，双残家庭恳请世人帮助!",
            "time": "14-1-16 21:16"
        },
        {
            "comment id": 50,
            "parent": -1,
            "children": [],
            "user id": "2611309481",
            "user name": "林踩城",
            "content": "捞人？",
            "time": "14-1-16 21:15"
        }
    ]
}