{
    "source": {
        "content": "【保护小动物们的好消息来了！】上海已开通全国首个卖猫狗肉的举报电话！只要拨打食品药品安全投诉热线12331就可举报，而且政府奖励¥500！！！已经有网友举报成功并拿到了奖金！这可谓是新年最好的消息之一了，爱猫狗的亲们赶紧转起来吧！！！【微信：weish021】 ",
        "time": "14-2-6 20:31",
        "user id": "2256231983",
        "tweet id": "Avv4uueut",
        "label": 1,
        "theme": "社会生活"
    },
    "comment": [
        {
            "comment id": 0,
            "parent": -1,
            "children": [],
            "user id": "1996028747",
            "user name": "是11也是梦想家",
            "content": "有必要转一发！",
            "time": "14-2-7 16:59"
        },
        {
            "comment id": 1,
            "parent": -1,
            "children": [],
            "user id": "2856539512",
            "user name": "末末家里有恶猫",
            "content": "回复@瓜吃狸:貌似前段日子真有人领了",
            "time": "14-2-7 13:46"
        },
        {
            "comment id": 2,
            "parent": -1,
            "children": [],
            "user id": "1827510032",
            "user name": "SteveShiq施",
            "content": "转发微博",
            "time": "14-2-7 09:30"
        },
        {
            "comment id": 3,
            "parent": -1,
            "children": [],
            "user id": "1410125364",
            "user name": "锡山孤星",
            "content": "",
            "time": "14-2-7 08:51"
        },
        {
            "comment id": 4,
            "parent": -1,
            "children": [],
            "user id": "2370624892",
            "user name": "瓜吃狸",
            "content": "真的嘛？@Vin_Chu @瓜皮的id酱 @末末家里有恶猫 ",
            "time": "14-2-7 01:20"
        },
        {
            "comment id": 5,
            "parent": -1,
            "children": [],
            "user id": "1628309263",
            "user name": "过儿三代目",
            "content": "喜大普奔 //@天津古鲁皮://@蛋妈a: 和谐社会，文明城市！ //@猫儿小西: 魔都威武 //@成都貓媽: 新年第一好消息 //@吃饭睡觉打电动: ",
            "time": "14-2-7 00:59"
        },
        {
            "comment id": 6,
            "parent": -1,
            "children": [],
            "user id": "2167285657",
            "user name": "天津古鲁皮",
            "content": "//@蛋妈a: 和谐社会，文明城市！ //@猫儿小西: 魔都威武 //@成都貓媽: 新年第一好消息 //@吃饭睡觉打电动: ",
            "time": "14-2-7 00:29"
        },
        {
            "comment id": 7,
            "parent": -1,
            "children": [],
            "user id": "2045641505",
            "user name": "M_奋发向上",
            "content": "转发微博",
            "time": "14-2-6 23:54"
        },
        {
            "comment id": 8,
            "parent": -1,
            "children": [],
            "user id": "1583962797",
            "user name": "Lesliejo1213",
            "content": "[贊]",
            "time": "14-2-6 22:58"
        },
        {
            "comment id": 9,
            "parent": -1,
            "children": [],
            "user id": "1973246995",
            "user name": "猫儿小西",
            "content": "魔都威武 //@成都貓媽: 新年第一好消息 //@吃饭睡觉打电动: ",
            "time": "14-2-6 22:34"
        },
        {
            "comment id": 10,
            "parent": -1,
            "children": [],
            "user id": "1868734872",
            "user name": "成都貓媽",
            "content": "新年第一好消息",
            "time": "14-2-6 22:33"
        },
        {
            "comment id": 11,
            "parent": -1,
            "children": [],
            "user id": "1923462474",
            "user name": "哄鼠睡觉的猫",
            "content": "//@小虎吉: //@ylstar222:  //@tracy陆:转发微博",
            "time": "14-2-6 22:16"
        },
        {
            "comment id": 12,
            "parent": -1,
            "children": [],
            "user id": "3282917303",
            "user name": "huayunxue",
            "content": "应该保护动物哦！[手套][发红包]",
            "time": "14-2-6 21:54"
        },
        {
            "comment id": 13,
            "parent": -1,
            "children": [],
            "user id": "1887885230",
            "user name": "爱will婷",
            "content": "",
            "time": "14-2-6 21:10"
        },
        {
            "comment id": 14,
            "parent": -1,
            "children": [],
            "user id": "2755148573",
            "user name": "他们叫我大曾",
            "content": "博主请百度一下，这个消息去年底就辟谣是假新闻了。等转发500次后悔就来不及了。",
            "time": "14-2-6 21:04"
        },
        {
            "comment id": 15,
            "parent": -1,
            "children": [],
            "user id": "1862370764",
            "user name": "yitazura",
            "content": "@夜月蘋果 @杯杯养脸记 ",
            "time": "14-2-6 21:02"
        },
        {
            "comment id": 16,
            "parent": -1,
            "children": [],
            "user id": "2755148573",
            "user name": "他们叫我大曾",
            "content": "看清楚，挂羊头卖狗肉的才可以举报。",
            "time": "14-2-6 20:59"
        },
        {
            "comment id": 17,
            "parent": -1,
            "children": [],
            "user id": "2039936607",
            "user name": "阿扣扣酱",
            "content": "转发微博",
            "time": "14-2-6 20:57"
        },
        {
            "comment id": 18,
            "parent": -1,
            "children": [],
            "user id": "1410284271",
            "user name": "青鸟与锦瑟",
            "content": "",
            "time": "14-2-6 20:52"
        },
        {
            "comment id": 19,
            "parent": -1,
            "children": [],
            "user id": "1586174770",
            "user name": "Roxy勞可惜",
            "content": "",
            "time": "14-2-6 20:49"
        },
        {
            "comment id": 20,
            "parent": -1,
            "children": [],
            "user id": "2277483841",
            "user name": "Jacky993672277483841",
            "content": "",
            "time": "14-2-6 20:47"
        },
        {
            "comment id": 21,
            "parent": -1,
            "children": [],
            "user id": "1929596177",
            "user name": "yeye熊猫仔仔",
            "content": "",
            "time": "14-2-6 20:46"
        },
        {
            "comment id": 22,
            "parent": -1,
            "children": [],
            "user id": "2049028647",
            "user name": "LZ大总统",
            "content": "这个抓起来是不是该人民广场打一百水火棍？",
            "time": "14-2-6 20:46"
        },
        {
            "comment id": 23,
            "parent": -1,
            "children": [],
            "user id": "1728464213",
            "user name": "兔宝宝爱贝贝萌",
            "content": "这个算是文明规范还是列入法律条款么？我个人觉得应该要么就出条严禁捕杀吃猫猫狗狗，一旦被查处将会追究刑事责任",
            "time": "14-2-6 20:46"
        },
        {
            "comment id": 24,
            "parent": -1,
            "children": [],
            "user id": "2645309977",
            "user name": "蜉蝣千重",
            "content": "",
            "time": "14-2-6 20:41"
        },
        {
            "comment id": 25,
            "parent": -1,
            "children": [],
            "user id": "1230609853",
            "user name": "sky空空",
            "content": "",
            "time": "14-2-6 20:39"
        },
        {
            "comment id": 26,
            "parent": -1,
            "children": [],
            "user id": "2277524492",
            "user name": "人到中年心态要好",
            "content": "赞",
            "time": "14-2-6 20:37"
        },
        {
            "comment id": 27,
            "parent": -1,
            "children": [],
            "user id": "2816074604",
            "user name": "alpha-神",
            "content": " @蔡小纠_纠你妹",
            "time": "14-2-6 20:36"
        },
        {
            "comment id": 28,
            "parent": -1,
            "children": [],
            "user id": "1932123710",
            "user name": "跌落神坛的ccj",
            "content": "半年以后，我们拭目以待。。",
            "time": "14-2-6 20:33"
        },
        {
            "comment id": 29,
            "parent": -1,
            "children": [],
            "user id": "1835391275",
            "user name": "1颗冰糖草莓",
            "content": "转发微博",
            "time": "14-2-6 20:33"
        }
    ]
}