{
    "source": {
        "content": "注意了！！！肯德基情人节点餐就送套套，为了避免尴尬和儿童，他们不会主动说和宣传的，你需要的话就对店员说送我几个肯德基安全套，他们就会免费给！！！！不要错过！ ",
        "time": "14-2-11 19:27",
        "user id": "1922219715",
        "tweet id": "AwfN4ao2n",
        "label": 1,
        "theme": "社会生活"
    },
    "comment": [
        {
            "comment id": 0,
            "parent": -1,
            "children": [],
            "user id": "1796112517",
            "user name": "梅川熊昭-ying",
            "content": "@汤圆圆圆AT 看评论！笑死了",
            "time": "14-6-9 11:57"
        },
        {
            "comment id": 1,
            "parent": -1,
            "children": [],
            "user id": "1959226855",
            "user name": "honeybabedarling",
            "content": " @黄豪云",
            "time": "14-2-27 00:24"
        },
        {
            "comment id": 2,
            "parent": -1,
            "children": [],
            "user id": "2645286705",
            "user name": "MAXEDLC",
            "content": "回复@Lmaki:死贱人……",
            "time": "14-2-18 21:15"
        },
        {
            "comment id": 3,
            "parent": -1,
            "children": [],
            "user id": "1779635884",
            "user name": "Rilakkummmaki",
            "content": "@刘木木耳 看评论好贱的po主",
            "time": "14-2-18 20:41"
        },
        {
            "comment id": 4,
            "parent": -1,
            "children": [],
            "user id": "2330595642",
            "user name": "丘汉康",
            "content": "回复@吴连伟:变态",
            "time": "14-2-15 20:27"
        },
        {
            "comment id": 5,
            "parent": -1,
            "children": [],
            "user id": "2505068733",
            "user name": "Robinpolee",
            "content": "回复@O_丶:以后嘛",
            "time": "14-2-15 18:32"
        },
        {
            "comment id": 6,
            "parent": -1,
            "children": [],
            "user id": "2360941343",
            "user name": "O_丶",
            "content": "回复@_猫小贱:[纠结]关我们事吗",
            "time": "14-2-15 17:08"
        },
        {
            "comment id": 7,
            "parent": -1,
            "children": [],
            "user id": "1758301911",
            "user name": "波多野结_伊利",
            "content": "回复@曾绮颖:没听闻过呢",
            "time": "14-2-15 00:24"
        },
        {
            "comment id": 8,
            "parent": -1,
            "children": [],
            "user id": "1923163277",
            "user name": "王博Jason",
            "content": "回复@花开Joan:还是别了，情人节忌行房",
            "time": "14-2-14 22:02"
        },
        {
            "comment id": 9,
            "parent": -1,
            "children": [],
            "user id": "2538623824",
            "user name": "钟意觉觉猪",
            "content": "没有啊@-@，我去问了他们给了",
            "time": "14-2-14 20:57"
        },
        {
            "comment id": 10,
            "parent": -1,
            "children": [],
            "user id": "1971563447",
            "user name": "SeetYuenPaddy",
            "content": "",
            "time": "14-2-14 19:08"
        },
        {
            "comment id": 11,
            "parent": -1,
            "children": [],
            "user id": "3103037435",
            "user name": "陈等等的生活日常",
            "content": "hahhahhah差点去问//@陆小鸟: 被举报了哈哈哈哈哈哈//@微报纸: 原来真的有许多人去店里问，然后回来举报这条微博，心疼哭了。。。",
            "time": "14-2-14 18:53"
        },
        {
            "comment id": 12,
            "parent": -1,
            "children": [],
            "user id": "1409344733",
            "user name": "秋原nrokin",
            "content": "怎么说呢，前天在KFC等人时正好刷出内容类似一条微博，鬼迷心窍了，等会儿过来个男店员在邻桌收拾，俺举着手机问，哥们真的假的啊？对方一脸不屑，但还是保持客气的说“不知道，反正我们这个店没有”当时觉的自己道德点特TM三俗//@SB夺命乌鸦嘴: //@SONIC激扬: 哈哈哈//@派大星inside:笑傻了！",
            "time": "14-2-14 18:41"
        },
        {
            "comment id": 13,
            "parent": -1,
            "children": [],
            "user id": "2535942942",
            "user name": "Mimiy丶",
            "content": "为爱而转..//@刘柯艾:哈哈哈~~//@陆小鸟: 被举报了哈哈哈哈哈哈//@微报纸: 原来真的有许多人去店里问，然后回来举报这条微博，心疼哭了。。。",
            "time": "14-2-14 18:34"
        },
        {
            "comment id": 14,
            "parent": -1,
            "children": [],
            "user id": "3161693700",
            "user name": "要是有一条长长绒绒的尾巴就好了",
            "content": "回复@全身心扭曲:呵呵",
            "time": "14-2-14 17:28"
        },
        {
            "comment id": 15,
            "parent": -1,
            "children": [],
            "user id": "1665831900",
            "user name": "倔强_小萝卜",
            "content": "[挖鼻屎]//@吐槽鬼: 哈哈哈哈哈哈,真特么有人信了啊~~//@炼乳弟:哈哈哈哈哈哈哈//@你不是睡了吗: 哈哈哈哈哈哈//@顾啧啧:哈哈哈哈情人节快乐 //@微报纸:原来真的有许多人去店里问，然后回来举报这条微博，心疼哭了。。。",
            "time": "14-2-14 17:19"
        },
        {
            "comment id": 16,
            "parent": -1,
            "children": [],
            "user id": "2614211917",
            "user name": "小蘑菇很发愁",
            "content": "//@吐槽鬼: 哈哈哈哈哈哈,真特么有人信了啊~~//@炼乳弟:哈哈哈哈哈哈哈//@你不是睡了吗: 哈哈哈哈哈哈//@顾啧啧:哈哈哈哈情人节快乐 //@微报纸:原来真的有许多人去店里问，然后回来举报这条微博，心疼哭了。。。",
            "time": "14-2-14 17:10"
        },
        {
            "comment id": 17,
            "parent": -1,
            "children": [],
            "user id": "3205265513",
            "user name": "已解放的Enforcer",
            "content": "博主，你等我出来的。",
            "time": "14-2-14 17:10"
        },
        {
            "comment id": 18,
            "parent": -1,
            "children": [],
            "user id": "2177491307",
            "user name": "吴旸洁",
            "content": "原来真能领到",
            "time": "14-2-14 17:09"
        },
        {
            "comment id": 19,
            "parent": -1,
            "children": [],
            "user id": "2001458470",
            "user name": "涉疫雪糕",
            "content": "吃屎吧博主 虽然我没试 你还是活该被人吊起来打的 果取关",
            "time": "14-2-14 17:04"
        },
        {
            "comment id": 20,
            "parent": -1,
            "children": [],
            "user id": "2194747090",
            "user name": "CC-9X",
            "content": "是真的",
            "time": "14-2-14 17:00"
        },
        {
            "comment id": 21,
            "parent": -1,
            "children": [],
            "user id": "2111041055",
            "user name": "猎她",
            "content": "回复@付毛线-:哈哈哈哈哈哈哈哈哈哈",
            "time": "14-2-14 16:56"
        },
        {
            "comment id": 22,
            "parent": -1,
            "children": [],
            "user id": "2128214753",
            "user name": "--Lien",
            "content": "我試過了，是真的",
            "time": "14-2-14 16:54"
        },
        {
            "comment id": 23,
            "parent": -1,
            "children": [],
            "user id": "2762287493",
            "user name": "连接设备",
            "content": " //@微报纸:原来真的有许多人去店里问，然后回来举报这条微博，心疼哭了。。。",
            "time": "14-2-14 16:36"
        },
        {
            "comment id": 24,
            "parent": -1,
            "children": [],
            "user id": "2714589443",
            "user name": "枸杞当归鹿茸角",
            "content": "回复@要是有一条长长绒绒的尾巴就好了:我又没有女朋友……",
            "time": "14-2-14 15:36"
        },
        {
            "comment id": 25,
            "parent": -1,
            "children": [],
            "user id": "1689884925",
            "user name": "花开Joan",
            "content": "@王博Jason 你去试试！",
            "time": "14-2-14 15:11"
        },
        {
            "comment id": 26,
            "parent": -1,
            "children": [],
            "user id": "3161693700",
            "user name": "要是有一条长长绒绒的尾巴就好了",
            "content": "回复@全身心扭曲:呵呵 你去试试",
            "time": "14-2-14 14:59"
        },
        {
            "comment id": 27,
            "parent": -1,
            "children": [],
            "user id": "2424246240",
            "user name": "娜娜我横是横类",
            "content": "回复@神道要有风:",
            "time": "14-2-14 14:01"
        },
        {
            "comment id": 28,
            "parent": -1,
            "children": [],
            "user id": "1465548891",
            "user name": "沃今天没有吃药",
            "content": "回复@娜娜我横是横类:谁会信啊，就给你看看TT~",
            "time": "14-2-14 14:01"
        },
        {
            "comment id": 29,
            "parent": -1,
            "children": [],
            "user id": "2424246240",
            "user name": "娜娜我横是横类",
            "content": "回复@神道要有风:此内容为不实消息，提示了",
            "time": "14-2-14 14:00"
        },
        {
            "comment id": 30,
            "parent": -1,
            "children": [],
            "user id": "1465548891",
            "user name": "沃今天没有吃药",
            "content": "@弃治疗_Shota @娜娜我横是横类 ",
            "time": "14-2-14 13:46"
        },
        {
            "comment id": 31,
            "parent": -1,
            "children": [],
            "user id": "2749568557",
            "user name": "Alex胡智健",
            "content": "回复@付毛线-:哈哈真的去了？",
            "time": "14-2-14 11:25"
        },
        {
            "comment id": 32,
            "parent": -1,
            "children": [],
            "user id": "2136208584",
            "user name": "-何奔奔",
            "content": "@高芊XD",
            "time": "14-2-13 23:16"
        },
        {
            "comment id": 33,
            "parent": -1,
            "children": [],
            "user id": "3265302024",
            "user name": "虚空之弦void",
            "content": "回复@黄心多子西瓜:我们的战友遍布全世界！！！各行各业！！各国各城！！壮哉大FFF团！！哈哈哈哈哈哈没有人能阻挡我们！！",
            "time": "14-2-13 23:01"
        },
        {
            "comment id": 34,
            "parent": -1,
            "children": [],
            "user id": "1981677894",
            "user name": "黄心多子西瓜",
            "content": "@午夜的twilight 看了评论觉得po主和举报的人大概都是团员[呵呵]",
            "time": "14-2-13 22:36"
        },
        {
            "comment id": 35,
            "parent": -1,
            "children": [],
            "user id": "2215033677",
            "user name": "自-然-卷-",
            "content": "回复@Kananono:",
            "time": "14-2-13 22:10"
        },
        {
            "comment id": 36,
            "parent": -1,
            "children": [],
            "user id": "1764528883",
            "user name": "Kananono",
            "content": "回复@自-然-卷-:也是",
            "time": "14-2-13 21:07"
        },
        {
            "comment id": 37,
            "parent": -1,
            "children": [],
            "user id": "2973911780",
            "user name": "小Sheen",
            "content": "回复@-妄想回游的鱼:用不到啊宝",
            "time": "14-2-13 20:56"
        },
        {
            "comment id": 38,
            "parent": -1,
            "children": [],
            "user id": "3016469185",
            "user name": "_单宁酸",
            "content": "@SxQ同学要改变",
            "time": "14-2-13 20:54"
        },
        {
            "comment id": 39,
            "parent": -1,
            "children": [],
            "user id": "2353169382",
            "user name": "蛋挞不要吃太多",
            "content": "回复@风中的Summer:at我是几个意思？",
            "time": "14-2-13 17:40"
        },
        {
            "comment id": 40,
            "parent": -1,
            "children": [],
            "user id": "2689740451",
            "user name": "宵宵不是Marmot",
            "content": "回复@谁懂who:明天晚上赶紧去吃！然后再晚点也就不要出去买啦[抠鼻屎]",
            "time": "14-2-13 17:11"
        },
        {
            "comment id": 41,
            "parent": -1,
            "children": [],
            "user id": "1688231342",
            "user name": "NickyYe",
            "content": "回复@shiningnova:微博不是有人领到的",
            "time": "14-2-13 17:03"
        },
        {
            "comment id": 42,
            "parent": -1,
            "children": [],
            "user id": "1678117952",
            "user name": "shiningnova",
            "content": "回复@NickyYe:说是不实信息啊",
            "time": "14-2-13 17:02"
        },
        {
            "comment id": 43,
            "parent": -1,
            "children": [],
            "user id": "1688231342",
            "user name": "NickyYe",
            "content": "@shiningnova 麦当劳也送",
            "time": "14-2-13 16:51"
        },
        {
            "comment id": 44,
            "parent": -1,
            "children": [],
            "user id": "2630168091",
            "user name": "随便发的都是随便发的",
            "content": "@I济公",
            "time": "14-2-13 16:19"
        },
        {
            "comment id": 45,
            "parent": -1,
            "children": [],
            "user id": "2256453050",
            "user name": "UUnicorn阿山_",
            "content": "回复@Gnsss阿銀子_227成人礼:绝逼假的！！！",
            "time": "14-2-13 16:01"
        },
        {
            "comment id": 46,
            "parent": -1,
            "children": [],
            "user id": "2215033677",
            "user name": "自-然-卷-",
            "content": "回复@Kananono:还有这种好事我要了也没用",
            "time": "14-2-13 15:59"
        },
        {
            "comment id": 47,
            "parent": -1,
            "children": [],
            "user id": "2900146257",
            "user name": "遥远的她__-",
            "content": "回复@梦圆呢:假的",
            "time": "14-2-13 15:37"
        },
        {
            "comment id": 48,
            "parent": -1,
            "children": [],
            "user id": "2420471627",
            "user name": "谁懂who",
            "content": "回复@宵宵不是Marmot:我会不好意思但是好想要[花心]",
            "time": "14-2-13 14:51"
        },
        {
            "comment id": 49,
            "parent": -1,
            "children": [],
            "user id": "1850590085",
            "user name": "綺羅銀-",
            "content": "@UUnicorn阿山_",
            "time": "14-2-13 12:09"
        },
        {
            "comment id": 50,
            "parent": -1,
            "children": [],
            "user id": "1503704915",
            "user name": "梧箏",
            "content": "回复@李林峯:好吧那天绝对不会和朋友去肯德基→_→.",
            "time": "14-2-13 11:43"
        },
        {
            "comment id": 51,
            "parent": -1,
            "children": [],
            "user id": "1806848104",
            "user name": "Anlom黄瑞钦",
            "content": "回复@Sillyynana姐姐:刚试了，服务员说神经病",
            "time": "14-2-13 11:27"
        },
        {
            "comment id": 52,
            "parent": -1,
            "children": [],
            "user id": "2993843992",
            "user name": "Mr-米尔摩斯饭",
            "content": "为毛有打开会有原味鸡或奥尔良味道的赶脚...",
            "time": "14-2-13 10:32"
        },
        {
            "comment id": 53,
            "parent": -1,
            "children": [],
            "user id": "1998271937",
            "user name": "村村上树",
            "content": "@微报纸 说肯德基情人节点餐就送套套，但我担心用了这套套后明年就该多买几份儿童套餐了。 网页链接",
            "time": "14-2-13 10:00"
        },
        {
            "comment id": 54,
            "parent": -1,
            "children": [],
            "user id": "1840161270",
            "user name": "W嘚9088",
            "content": "回复@快到黄豆碗里来:我有空奏去，可能会回老屋去",
            "time": "14-2-13 09:39"
        },
        {
            "comment id": 55,
            "parent": -1,
            "children": [],
            "user id": "2744924637",
            "user name": "周二狗的小祖宗",
            "content": "回复@疯叻個丰:你去试试嘛~扭扭舔舔泡泡~",
            "time": "14-2-13 09:19"
        },
        {
            "comment id": 56,
            "parent": -1,
            "children": [],
            "user id": "3498038960",
            "user name": "KmR-Alpha",
            "content": "回复@变成笨蛋的依蓝:謝謝你",
            "time": "14-2-13 07:04"
        },
        {
            "comment id": 57,
            "parent": -1,
            "children": [],
            "user id": "2158278324",
            "user name": "本大王我",
            "content": "回复@江展博-:不实消息已处理",
            "time": "14-2-13 05:46"
        },
        {
            "comment id": 58,
            "parent": -1,
            "children": [],
            "user id": "2535059530",
            "user name": "Teamo么么哒乄",
            "content": "回复@神秘纳木错:不实消息 真可惜",
            "time": "14-2-13 04:51"
        },
        {
            "comment id": 59,
            "parent": -1,
            "children": [],
            "user id": "1781991230",
            "user name": "反正烦恼会解决烦恼v_M",
            "content": "回复@菊花残满地血你的呻吟听不见:……",
            "time": "14-2-13 01:11"
        },
        {
            "comment id": 60,
            "parent": -1,
            "children": [],
            "user id": "1993788804",
            "user name": "陈豆豆包",
            "content": "回复@向死_而生:后天遗爱湖搞烟花 来也。一路过情人节咧。",
            "time": "14-2-13 00:50"
        },
        {
            "comment id": 61,
            "parent": -1,
            "children": [],
            "user id": "1879162457",
            "user name": "Kay小恩子",
            "content": "回复@E十_419班Chang:不实消息",
            "time": "14-2-13 00:41"
        },
        {
            "comment id": 62,
            "parent": -1,
            "children": [],
            "user id": "3223671423",
            "user name": "他山之石石石",
            "content": "回复@丸子要努力努力学习:消息不实……",
            "time": "14-2-13 00:06"
        },
        {
            "comment id": 63,
            "parent": -1,
            "children": [],
            "user id": "1840161270",
            "user name": "W嘚9088",
            "content": "回复@快到黄豆碗里来:得了吧，要不我炮你一下[挖鼻屎]你明天干嘛啊，出来炮一下？",
            "time": "14-2-12 23:56"
        },
        {
            "comment id": 64,
            "parent": -1,
            "children": [],
            "user id": "2247469424",
            "user name": "一个绚丽的人",
            "content": "回复@oH童童李:真好看@oH童童李",
            "time": "14-2-12 23:41"
        },
        {
            "comment id": 65,
            "parent": -1,
            "children": [],
            "user id": "2897436157",
            "user name": "扑街少女大N大",
            "content": " @_風度翩翩浪里小白龍",
            "time": "14-2-12 23:38"
        },
        {
            "comment id": 66,
            "parent": -1,
            "children": [],
            "user id": "2068379457",
            "user name": "疯叻個丰",
            "content": "回复@曹杰是百毒不侵的女战士:我又没用过。实话实说是有带味道的可是我不知道咋用啊啊啊啊",
            "time": "14-2-12 23:28"
        },
        {
            "comment id": 67,
            "parent": -1,
            "children": [],
            "user id": "2341832883",
            "user name": "鱼尾汶",
            "content": " @蒋金涛蒋金涛",
            "time": "14-2-12 23:27"
        },
        {
            "comment id": 68,
            "parent": -1,
            "children": [],
            "user id": "2744924637",
            "user name": "周二狗的小祖宗",
            "content": "回复@疯叻個丰:我好奇啊",
            "time": "14-2-12 23:26"
        },
        {
            "comment id": 69,
            "parent": -1,
            "children": [],
            "user id": "2068379457",
            "user name": "疯叻個丰",
            "content": "回复@曹杰是百毒不侵的女战士:关心这干啥 你又用不着",
            "time": "14-2-12 23:26"
        },
        {
            "comment id": 70,
            "parent": -1,
            "children": [],
            "user id": "2744924637",
            "user name": "周二狗的小祖宗",
            "content": "会不会是炸鸡味儿@疯叻個丰 ",
            "time": "14-2-12 23:21"
        },
        {
            "comment id": 71,
            "parent": -1,
            "children": [],
            "user id": "2521936384",
            "user name": "回眸迢迢",
            "content": "看成了肯德基情。",
            "time": "14-2-12 23:16"
        },
        {
            "comment id": 72,
            "parent": -1,
            "children": [],
            "user id": "1872044513",
            "user name": "su_kkkkkkkkkkk",
            "content": "回复@臾绿臾歌:我是中国人！我过七夕节！",
            "time": "14-2-12 23:12"
        },
        {
            "comment id": 73,
            "parent": -1,
            "children": [],
            "user id": "2131655974",
            "user name": "神秘纳木错",
            "content": "回复@ylx-很爱吃奇多:无法直视",
            "time": "14-2-12 22:56"
        },
        {
            "comment id": 74,
            "parent": -1,
            "children": [],
            "user id": "1734169250",
            "user name": "Genieya",
            "content": "回复@mafia幽冥:看了回复，太损了～",
            "time": "14-2-12 22:53"
        },
        {
            "comment id": 75,
            "parent": -1,
            "children": [],
            "user id": "2179389104",
            "user name": "--Tsubaki--",
            "content": "回复@钰子YUIKO:不实消息喔～",
            "time": "14-2-12 22:51"
        },
        {
            "comment id": 76,
            "parent": -1,
            "children": [],
            "user id": "1849948043",
            "user name": "我可以是麻瓜",
            "content": "回复@Cuishuq:看看 看看 看看 有对象和没对象对你来说有区别吗",
            "time": "14-2-12 22:40"
        },
        {
            "comment id": 77,
            "parent": -1,
            "children": [],
            "user id": "1872044513",
            "user name": "su_kkkkkkkkkkk",
            "content": "回复@臾绿臾歌:爷情人节不出去[挖鼻屎]",
            "time": "14-2-12 22:39"
        },
        {
            "comment id": 78,
            "parent": -1,
            "children": [],
            "user id": "1789450165",
            "user name": "E十_419班Chang",
            "content": "@Kay小恩子 要个咯",
            "time": "14-2-12 22:35"
        },
        {
            "comment id": 79,
            "parent": -1,
            "children": [],
            "user id": "2386881634",
            "user name": "迷人的周老师2",
            "content": "扩",
            "time": "14-2-12 22:34"
        }
    ]
}