{
    "source": {
        "content": " 小李的推特，哈哈哈哈哈哈哈哈哈~（via @唐僧僧僧僧僧)  ",
        "time": "14-3-3 19:55",
        "user id": "1886419032",
        "tweet id": "AziwrpT4g",
        "label": 1,
        "theme": "文体娱乐"
    },
    "comment": [
        {
            "comment id": 0,
            "parent": -1,
            "children": [],
            "user id": "1240016913",
            "user name": "来个大橙武",
            "content": "才看见23333//@大鱼落GA: 哈哈哈哈哈",
            "time": "14-3-10 09:29"
        },
        {
            "comment id": 1,
            "parent": -1,
            "children": [],
            "user id": "2925158660",
            "user name": "儿鱼殿",
            "content": "回复@E心-J:已证不实[挖鼻屎][挖鼻屎]",
            "time": "14-3-6 10:08"
        },
        {
            "comment id": 2,
            "parent": -1,
            "children": [],
            "user id": "2368590930",
            "user name": "馒兮头兮",
            "content": "转发微博",
            "time": "14-3-4 14:00"
        },
        {
            "comment id": 3,
            "parent": -1,
            "children": [],
            "user id": "2691774554",
            "user name": "废九er",
            "content": "哈哈哈哈哈简直 //@喻文州不动声色的摸出了钱包说: 心疼哈哈哈哈哈哈哈 //@海辰子_等风来:陪跑20年 //@灵子-千城醉歌-忙成狗:哈哈哈哈哈，小李受不了了！",
            "time": "14-3-4 13:39"
        },
        {
            "comment id": 4,
            "parent": -1,
            "children": [],
            "user id": "2260413614",
            "user name": "四百只吉",
            "content": " @TsingLs 虽然是假消息但也值得一笑哈哈哈哈哈哈哈",
            "time": "14-3-4 11:50"
        },
        {
            "comment id": 5,
            "parent": -1,
            "children": [],
            "user id": "1567962301",
            "user name": "唐甜甜81_狗卷棘中毒中",
            "content": "但是在汤不热上确实看到有人转发这条推了好吗？[挖鼻屎]",
            "time": "14-3-4 10:02"
        },
        {
            "comment id": 6,
            "parent": -1,
            "children": [],
            "user id": "1863456625",
            "user name": "打南边来了个土豆",
            "content": "fuck your mom。。。小李拿不到奥斯卡被刺激的连母语都不会讲了",
            "time": "14-3-4 09:57"
        },
        {
            "comment id": 7,
            "parent": -1,
            "children": [],
            "user id": "2922122913",
            "user name": "人間不信-",
            "content": "fuck your mom",
            "time": "14-3-4 09:31"
        },
        {
            "comment id": 8,
            "parent": -1,
            "children": [],
            "user id": "1798948023",
            "user name": "_Weiss_",
            "content": "哈哈哈！！",
            "time": "14-3-4 02:33"
        },
        {
            "comment id": 9,
            "parent": -1,
            "children": [],
            "user id": "1940769022",
            "user name": "GOLDENPUSSY",
            "content": "真的假的？！哈哈哈 //@Li-NiLang: 小李真棒",
            "time": "14-3-4 00:38"
        },
        {
            "comment id": 10,
            "parent": -1,
            "children": [],
            "user id": "1818758983",
            "user name": "依旧Jin_SY",
            "content": "好心疼[xb压力]",
            "time": "14-3-4 00:35"
        },
        {
            "comment id": 11,
            "parent": -1,
            "children": [],
            "user id": "2578127805",
            "user name": "跟你丫死磕不了",
            "content": "不是真的也值得一转…",
            "time": "14-3-3 23:50"
        },
        {
            "comment id": 12,
            "parent": -1,
            "children": [],
            "user id": "2412038391",
            "user name": "佳佳可爱_s",
            "content": "回复@Azhi_豌容:你最傻",
            "time": "14-3-3 23:22"
        },
        {
            "comment id": 13,
            "parent": -1,
            "children": [],
            "user id": "2578366803",
            "user name": "-拒绝交流",
            "content": "哈哈哈fuck your mom求补完常识再p图",
            "time": "14-3-3 23:09"
        },
        {
            "comment id": 14,
            "parent": -1,
            "children": [],
            "user id": "2203980757",
            "user name": "不是会不是惠",
            "content": "小李子可受委屈了，看看实况去",
            "time": "14-3-3 22:56"
        },
        {
            "comment id": 15,
            "parent": -1,
            "children": [],
            "user id": "2104469161",
            "user name": "却折枝_",
            "content": "请删除",
            "time": "14-3-3 22:55"
        },
        {
            "comment id": 16,
            "parent": -1,
            "children": [],
            "user id": "1735047570",
            "user name": "潘家阿三",
            "content": "回复@黄家阿二:不知 哪",
            "time": "14-3-3 22:54"
        },
        {
            "comment id": 17,
            "parent": -1,
            "children": [],
            "user id": "2117702625",
            "user name": "兔兔神威照天下",
            "content": "回复@Zmith:心酸带泪啊",
            "time": "14-3-3 22:46"
        },
        {
            "comment id": 18,
            "parent": -1,
            "children": [],
            "user id": "2034144255",
            "user name": "豌豆様azhi",
            "content": "回复@E心-J:傻不傻",
            "time": "14-3-3 22:41"
        },
        {
            "comment id": 19,
            "parent": -1,
            "children": [],
            "user id": "3114652561",
            "user name": "游丝丝丝诗",
            "content": "[呵呵]字体没P一样啊",
            "time": "14-3-3 22:29"
        },
        {
            "comment id": 20,
            "parent": -1,
            "children": [],
            "user id": "1141119484",
            "user name": "Grace_小沐烟",
            "content": "这是不实消息请删除",
            "time": "14-3-3 22:18"
        },
        {
            "comment id": 21,
            "parent": -1,
            "children": [],
            "user id": "1989187841",
            "user name": "三短一长选最长哟",
            "content": "",
            "time": "14-3-3 22:11"
        },
        {
            "comment id": 22,
            "parent": -1,
            "children": [],
            "user id": "2279270545",
            "user name": "晓Kim晓",
            "content": " @牟丽欣 看看大家造的假",
            "time": "14-3-3 22:10"
        },
        {
            "comment id": 23,
            "parent": -1,
            "children": [],
            "user id": "3350637884",
            "user name": "微微微微朵花",
            "content": "@我是倔强的一只鸟 ",
            "time": "14-3-3 22:00"
        },
        {
            "comment id": 24,
            "parent": -1,
            "children": [],
            "user id": "2272626775",
            "user name": "刘小仙的半岛铁盒",
            "content": "哈哈哈",
            "time": "14-3-3 21:48"
        },
        {
            "comment id": 25,
            "parent": -1,
            "children": [],
            "user id": "1964429527",
            "user name": "辞镜容",
            "content": "假的不忍直视",
            "time": "14-3-3 21:46"
        },
        {
            "comment id": 26,
            "parent": -1,
            "children": [],
            "user id": "2674569051",
            "user name": "一个巴蜀靓仔",
            "content": "[泪流满面]",
            "time": "14-3-3 21:44"
        },
        {
            "comment id": 27,
            "parent": -1,
            "children": [],
            "user id": "1658669812",
            "user name": "耗儿年纪大了跟很多往事说拜拜",
            "content": "造假太明显",
            "time": "14-3-3 21:43"
        },
        {
            "comment id": 28,
            "parent": -1,
            "children": [],
            "user id": "2072876463",
            "user name": "南丽春",
            "content": "球别黑",
            "time": "14-3-3 21:39"
        },
        {
            "comment id": 29,
            "parent": -1,
            "children": [],
            "user id": "1890696605",
            "user name": "草莓见愁",
            "content": "外国人骂人不会说fuck your mother好么",
            "time": "14-3-3 21:29"
        },
        {
            "comment id": 30,
            "parent": -1,
            "children": [],
            "user id": "2242380537",
            "user name": "-Naki-",
            "content": "leo别这样……",
            "time": "14-3-3 21:26"
        },
        {
            "comment id": 31,
            "parent": -1,
            "children": [],
            "user id": "1648943204",
            "user name": "好啊我们回家吧",
            "content": "有好多人当真了。。。。",
            "time": "14-3-3 21:25"
        },
        {
            "comment id": 32,
            "parent": -1,
            "children": [],
            "user id": "1784738567",
            "user name": "忘忧草志",
            "content": "黑你妈逼啊！我操尼玛的！",
            "time": "14-3-3 21:25"
        },
        {
            "comment id": 33,
            "parent": -1,
            "children": [],
            "user id": "2196156425",
            "user name": "田十三彪",
            "content": "哈哈哈啊哈哪有说 法克腰妈母 的外国人",
            "time": "14-3-3 21:25"
        },
        {
            "comment id": 34,
            "parent": -1,
            "children": [],
            "user id": "1871949881",
            "user name": "黑喵三三",
            "content": "p图被雷劈哦…刚去推特看了根本没有",
            "time": "14-3-3 21:22"
        },
        {
            "comment id": 35,
            "parent": -1,
            "children": [],
            "user id": "1522651243",
            "user name": "秋大仙期年已过缚难逃丶",
            "content": "..笑",
            "time": "14-3-3 21:21"
        },
        {
            "comment id": 36,
            "parent": -1,
            "children": [],
            "user id": "2063989542",
            "user name": "布丁咩敏",
            "content": "李子不哭，站撸",
            "time": "14-3-3 21:21"
        },
        {
            "comment id": 37,
            "parent": -1,
            "children": [],
            "user id": "2674995724",
            "user name": "魔法师炒鸡",
            "content": "真性情！！",
            "time": "14-3-3 21:19"
        },
        {
            "comment id": 38,
            "parent": -1,
            "children": [],
            "user id": "2280481671",
            "user name": "止然然不当爱情败犬",
            "content": "回复@努力成为不土又豪可造:你在欺负我不懂英文吗 (´Д｀。)",
            "time": "14-3-3 21:19"
        },
        {
            "comment id": 39,
            "parent": -1,
            "children": [],
            "user id": "1571026350",
            "user name": "阿修罗L",
            "content": "转发微博",
            "time": "14-3-3 21:15"
        },
        {
            "comment id": 40,
            "parent": -1,
            "children": [],
            "user id": "3984985752",
            "user name": "意言勇敢向前冲",
            "content": " @希希不是你的果冻",
            "time": "14-3-3 21:13"
        },
        {
            "comment id": 41,
            "parent": -1,
            "children": [],
            "user id": "2707579033",
            "user name": "珞夏-男神叫烤火炉",
            "content": "哈哈哈哈，是该发泄一下，毕竟都这么多年了",
            "time": "14-3-3 21:12"
        },
        {
            "comment id": 42,
            "parent": -1,
            "children": [],
            "user id": "1693041614",
            "user name": "已阅_dragonXX",
            "content": "回复@分分钟努力减肥的小忘依:不太好的意思。。。就是在骂街。。。",
            "time": "14-3-3 21:07"
        },
        {
            "comment id": 43,
            "parent": -1,
            "children": [],
            "user id": "2395171725",
            "user name": "9973·k",
            "content": "别傻了 = = 上一条twitter是2月20号发的",
            "time": "14-3-3 21:05"
        },
        {
            "comment id": 44,
            "parent": -1,
            "children": [],
            "user id": "2473730190",
            "user name": "-JoJo-Wong-",
            "content": "看到fuck your mom就知道又是哪个闲得蛋疼来P图造谣了",
            "time": "14-3-3 21:01"
        },
        {
            "comment id": 45,
            "parent": -1,
            "children": [],
            "user id": "2105516297",
            "user name": "白水煮瓜子",
            "content": "假= =",
            "time": "14-3-3 20:54"
        },
        {
            "comment id": 46,
            "parent": -1,
            "children": [],
            "user id": "1655770025",
            "user name": "紫禁之翼",
            "content": "拒绝造谣！根本没这条，刚看了",
            "time": "14-3-3 20:49"
        },
        {
            "comment id": 47,
            "parent": -1,
            "children": [],
            "user id": "1776115287",
            "user name": "大脸兔王点点",
            "content": "really？！@Claire_Jane ",
            "time": "14-3-3 20:49"
        },
        {
            "comment id": 48,
            "parent": -1,
            "children": [],
            "user id": "1968267803",
            "user name": "一只芒果干鸭",
            "content": "@哎哟喂你个小清新",
            "time": "14-3-3 20:49"
        },
        {
            "comment id": 49,
            "parent": -1,
            "children": [],
            "user id": "5018348332",
            "user name": "太空人磊子",
            "content": "哈哈哈！",
            "time": "14-3-3 20:48"
        },
        {
            "comment id": 50,
            "parent": -1,
            "children": [],
            "user id": "2816466845",
            "user name": "祖国的老花骨朵儿",
            "content": "乖～别闹",
            "time": "14-3-3 20:47"
        },
        {
            "comment id": 51,
            "parent": -1,
            "children": [],
            "user id": "2305010497",
            "user name": "天册万岁武神皇",
            "content": "转发微博",
            "time": "14-3-3 20:46"
        },
        {
            "comment id": 52,
            "parent": -1,
            "children": [],
            "user id": "1797329205",
            "user name": "LesMills-Jacky",
            "content": "这是真的",
            "time": "14-3-3 20:45"
        },
        {
            "comment id": 53,
            "parent": -1,
            "children": [],
            "user id": "2052667803",
            "user name": "Paranoideccentric",
            "content": "真的吗。。@潘家阿三 ",
            "time": "14-3-3 20:45"
        },
        {
            "comment id": 54,
            "parent": -1,
            "children": [],
            "user id": "2250157682",
            "user name": "不二AK",
            "content": "转发微博",
            "time": "14-3-3 20:43"
        },
        {
            "comment id": 55,
            "parent": -1,
            "children": [],
            "user id": "2280481671",
            "user name": "止然然不当爱情败犬",
            "content": " @努力成为不土又豪可造 翻译",
            "time": "14-3-3 20:42"
        },
        {
            "comment id": 56,
            "parent": -1,
            "children": [],
            "user id": "1841090531",
            "user name": "此页正在加载中",
            "content": "是P的啊！",
            "time": "14-3-3 20:41"
        },
        {
            "comment id": 57,
            "parent": -1,
            "children": [],
            "user id": "2396564985",
            "user name": "不遇清城",
            "content": "QAQ稳住啊亲",
            "time": "14-3-3 20:40"
        },
        {
            "comment id": 58,
            "parent": -1,
            "children": [],
            "user id": "2438644617",
            "user name": "小份糖醋鲤鱼",
            "content": "转发微博",
            "time": "14-3-3 20:39"
        },
        {
            "comment id": 59,
            "parent": -1,
            "children": [],
            "user id": "1743956444",
            "user name": "苏天天xyh",
            "content": "",
            "time": "14-3-3 20:39"
        },
        {
            "comment id": 60,
            "parent": -1,
            "children": [],
            "user id": "2010367045",
            "user name": "四岁半多萝士的椰子林",
            "content": "@螃蟹煮南瓜 [挖鼻屎][挖鼻屎][挖鼻屎]",
            "time": "14-3-3 20:37"
        },
        {
            "comment id": 61,
            "parent": -1,
            "children": [],
            "user id": "3555606243",
            "user name": "蒹葭士_",
            "content": "虽然是假的，但是道出了他的心声",
            "time": "14-3-3 20:37"
        },
        {
            "comment id": 62,
            "parent": -1,
            "children": [],
            "user id": "3611716603",
            "user name": "極限破防一掌會心_",
            "content": " @宇宙燃燒中_大和",
            "time": "14-3-3 20:36"
        },
        {
            "comment id": 63,
            "parent": -1,
            "children": [],
            "user id": "3041990075",
            "user name": "一个没有姓名的黑户",
            "content": "别这么没节操啊亲",
            "time": "14-3-3 20:35"
        },
        {
            "comment id": 64,
            "parent": -1,
            "children": [],
            "user id": "2346287080",
            "user name": "萌萌迪和皮皮虾",
            "content": "小李好样的",
            "time": "14-3-3 20:34"
        },
        {
            "comment id": 65,
            "parent": -1,
            "children": [],
            "user id": "1827431267",
            "user name": "冷冷冷大王",
            "content": "小李真性情！",
            "time": "14-3-3 20:33"
        },
        {
            "comment id": 66,
            "parent": -1,
            "children": [],
            "user id": "3481891940",
            "user name": "从前有只喵头鹰",
            "content": "哈哈哈哈哈哈哈哈哈",
            "time": "14-3-3 20:33"
        },
        {
            "comment id": 67,
            "parent": -1,
            "children": [],
            "user id": "1949084465",
            "user name": "北极星纪念碑",
            "content": "",
            "time": "14-3-3 20:30"
        },
        {
            "comment id": 68,
            "parent": -1,
            "children": [],
            "user id": "1762743135",
            "user name": "小叔翼翼背个小包说滚就滚",
            "content": "。。。。。别黑人家了",
            "time": "14-3-3 20:29"
        },
        {
            "comment id": 69,
            "parent": -1,
            "children": [],
            "user id": "1853464115",
            "user name": "BonnieBanV5",
            "content": "",
            "time": "14-3-3 20:29"
        },
        {
            "comment id": 70,
            "parent": -1,
            "children": [],
            "user id": "2498997472",
            "user name": "瓦坎达老农民",
            "content": "假的，别黑我小李子了！他21号就没更推了！",
            "time": "14-3-3 20:27"
        },
        {
            "comment id": 71,
            "parent": -1,
            "children": [],
            "user id": "2907007655",
            "user name": "骨小冉的骨小骨",
            "content": " @戈多没梦想 英语再烂也看的懂",
            "time": "14-3-3 20:26"
        },
        {
            "comment id": 72,
            "parent": -1,
            "children": [],
            "user id": "2267745622",
            "user name": "蹲在角落的猫猫人",
            "content": "转过五百",
            "time": "14-3-3 20:26"
        },
        {
            "comment id": 73,
            "parent": -1,
            "children": [],
            "user id": "2062743654",
            "user name": "Leslie顾又又",
            "content": "回复@正能量小明之咸鱼大翻身:",
            "time": "14-3-3 20:25"
        },
        {
            "comment id": 74,
            "parent": -1,
            "children": [],
            "user id": "2194726202",
            "user name": "超级神隐的JU",
            "content": "@胖大姜",
            "time": "14-3-3 20:25"
        },
        {
            "comment id": 75,
            "parent": -1,
            "children": [],
            "user id": "1028515825",
            "user name": "Joke不务正业很不好",
            "content": "假的吧。。",
            "time": "14-3-3 20:25"
        },
        {
            "comment id": 76,
            "parent": -1,
            "children": [],
            "user id": "2844707324",
            "user name": "wen大明DAMING",
            "content": "@顾玉莲Leslie what happened？",
            "time": "14-3-3 20:25"
        },
        {
            "comment id": 77,
            "parent": -1,
            "children": [],
            "user id": "2250272360",
            "user name": "MonicaDepp",
            "content": "转发微博",
            "time": "14-3-3 20:24"
        },
        {
            "comment id": 78,
            "parent": -1,
            "children": [],
            "user id": "2634685101",
            "user name": "鲸卡卡yo",
            "content": "黑人家有意思么 一看就知道是假的好么[奧特曼]",
            "time": "14-3-3 20:24"
        },
        {
            "comment id": 79,
            "parent": -1,
            "children": [],
            "user id": "1727472714",
            "user name": "黑巴拉秋的Q",
            "content": "噗，不要妒世！～",
            "time": "14-3-3 20:22"
        }
    ]
}