{
    "source": {
        "content": "【学生称《背影》因违反交规被逐出教材？教授称审核尺度令人遗憾】 南大教授王彬彬称，若《背影》因文中父亲违反了今天的交通规则，所以不能作为中学课文，这是一种很奇怪的尺度。孟浩然的“春眠不觉晓”难道不是在鼓励孩子睡懒觉？网页链接时代在变，经典经受考验！你怎么看？  ",
        "time": "14-5-17 18:12",
        "user id": "3881380517",
        "tweet id": "B4JrrxdXe",
        "label": 1,
        "theme": "教育考试"
    },
    "comment": [
        {
            "comment id": 0,
            "parent": -1,
            "children": [],
            "user id": "2151284897",
            "user name": "谭大妮子",
            "content": "无语！",
            "time": "14-5-18 06:00"
        },
        {
            "comment id": 1,
            "parent": -1,
            "children": [],
            "user id": "2674113431",
            "user name": "乡村教师橘万里花",
            "content": "对得起周总理吗",
            "time": "14-5-18 00:04"
        },
        {
            "comment id": 2,
            "parent": -1,
            "children": [],
            "user id": "1563737095",
            "user name": "二1日",
            "content": "简介里写着为周恩来亲自创办，你们这么无脑传播假消息对得起周恩来先生吗？简直就是丢他的脸好吗! 网页链接",
            "time": "14-5-17 23:47"
        },
        {
            "comment id": 3,
            "parent": -1,
            "children": [],
            "user id": "1666939817",
            "user name": "山间清泉xj",
            "content": "不应用现在的眼光去看以前的作品，更不应用现在的交规去规范以前的行为。",
            "time": "14-5-17 21:30"
        },
        {
            "comment id": 4,
            "parent": -1,
            "children": [],
            "user id": "1696481291",
            "user name": "笨雅明賽翼德",
            "content": "我还在襁褓中时，母亲常抱着我坐火车回家，从安徽到镇江还要换一次车，换车时，只能穿过站内的铁道，要不就来不及。有时那铁道上有车，就只能从车底下钻过。巧的是当年也带了橘子，穿过铁道时纷纷掉在地上，而这橘子真应该入选#舌尖上的中国第二季#",
            "time": "14-5-17 18:44"
        },
        {
            "comment id": 5,
            "parent": -1,
            "children": [],
            "user id": "1037198362",
            "user name": "無忌仔",
            "content": "坦诚相见，总比掩盖有说服。我不喜欢做澳洲的鸵鸟，更不喜欢迂腐儒生。世界已经改变了价值观，我们只有阳光下前进。i think so",
            "time": "14-5-17 18:29"
        },
        {
            "comment id": 6,
            "parent": -1,
            "children": [],
            "user id": "3164898425",
            "user name": "w南有乔木不可休思",
            "content": "除了呵呵，我们还能说什么呢。。。",
            "time": "14-5-17 18:24"
        },
        {
            "comment id": 7,
            "parent": -1,
            "children": [],
            "user id": "3758960071",
            "user name": "ZD藤井树",
            "content": "呵呵呵",
            "time": "14-5-17 18:22"
        }
    ]
}