{
    "source": {
        "content": "#活动预告#“垃圾不落地 深圳更美丽”微访谈将在10分钟后开始！欢迎大家积极踊跃参与提问，我们将有专业人士进行详细的解答。参与方式还记得吗？#垃圾不落地#+您想问的问题+@深圳市城市管理局 就可以了~@宝安城市管理 @深圳微博发布厅 @深圳零废弃 @深圳交警 大家快来哦~ ",
        "time": "14-5-27 14:56",
        "user id": "2858032432",
        "tweet id": "B6eqRnMRV",
        "label": 0,
        "theme": "社会生活"
    },
    "comment": [
        {
            "comment id": 0,
            "parent": -1,
            "children": [],
            "user id": "1410224802",
            "user name": "圳山石",
            "content": "为什么把我的提问删除了",
            "time": "14-5-28 13:42"
        },
        {
            "comment id": 1,
            "parent": -1,
            "children": [],
            "user id": "1872004411",
            "user name": "lansend",
            "content": "#垃圾不落地#，结果都落在银湖山上的大垃圾填埋场上了，请问坂田、布吉、民治的居民为什么必须忍受这个大垃圾填埋场无尽的臭味？你们城管局能否说句人话把这个实际问题处理好？",
            "time": "14-5-27 16:00"
        },
        {
            "comment id": 2,
            "parent": -1,
            "children": [],
            "user id": "2858032432",
            "user name": "深圳市城市管理和综合执法局",
            "content": "回复@涵宝淇宝妈:车窗外抛物是交警处罚，临街门店外扫和随地吐痰、乱丢垃圾是城管处罚的。[呵呵]",
            "time": "14-5-27 15:37"
        },
        {
            "comment id": 3,
            "parent": -1,
            "children": [],
            "user id": "2473838992",
            "user name": "Li安好吖",
            "content": "坪固体废物填埋场长期给周围10公里的造成严重的臭气污染，这么多垃圾落在市中心，不仅影响银湖山的环境，还空气污染呢！城管局精英，管好该管好的，该撤离的“大垃圾桶”就该撤离了。@深圳市城市管理局",
            "time": "14-5-27 15:31"
        },
        {
            "comment id": 4,
            "parent": -1,
            "children": [],
            "user id": "2858032432",
            "user name": "深圳市城市管理和综合执法局",
            "content": "回复@martinmouse:这一块是由公安交警部门按照交通管理条例来处罚，这一块的处罚力度也是比较到位的，比如说摄像调取，委托执法单位对于外抛进行举报和投诉，一旦交警部门认定这个行为是违法的，可以形成证据链进行处罚，所以我们呼吁广大市民和车主不要向车外抛垃圾，同时也为了您和他人的安全。",
            "time": "14-5-27 15:30"
        },
        {
            "comment id": 5,
            "parent": -1,
            "children": [],
            "user id": "1845213352",
            "user name": "涵宝淇宝妈",
            "content": "回复@martinmouse:好像这是交警处罚的，不是城管",
            "time": "14-5-27 15:28"
        },
        {
            "comment id": 6,
            "parent": -1,
            "children": [],
            "user id": "2858032432",
            "user name": "深圳市城市管理和综合执法局",
            "content": "回复@涵宝淇宝妈:在校园开展宣传教育活动，提高中小学、幼儿园小朋友的环境卫生意识，通过一个小孩带动一个家庭，也可以在机场、车站、港口、码头、地铁等交通站场设置环卫文明行为的温馨提示，劝导和动员市民维护良好的环境卫生。还可以在一些繁华商业街区设立宣传栏、曝光台和投放公益宣传广告等。",
            "time": "14-5-27 15:25"
        },
        {
            "comment id": 7,
            "parent": -1,
            "children": [],
            "user id": "2858032432",
            "user name": "深圳市城市管理和综合执法局",
            "content": "回复@涵宝淇宝妈:要做到“垃圾不落地”应该是让每一个市民都要知道“垃圾不落地”，还是我们原来说的要以教为先，首先还是要全方位的宣传引导，将“垃圾不落地”的行为准则和行为规范融入到市民的日常生活的各种场景，比如说深圳的外地游客比较多，我们可以通过一些观光指引，旅行社景区的告示等方式，",
            "time": "14-5-27 15:24"
        },
        {
            "comment id": 8,
            "parent": -1,
            "children": [],
            "user id": "1870258862",
            "user name": "martinmouse",
            "content": "#垃圾不落地#经常看见有司机向车窗外扔垃圾，如何有效制止？@深圳市城市管理局",
            "time": "14-5-27 15:23"
        },
        {
            "comment id": 9,
            "parent": -1,
            "children": [],
            "user id": "2858032432",
            "user name": "深圳市城市管理和综合执法局",
            "content": "回复@martinmouse:目前这个数字还未统计，目前我们主要针对以下三种行为进行处罚。一是随地吐痰、乱丢废弃物处50元定额罚款；二是对没有扔进垃圾桶或者指定容器内地，处以50元罚款，违法行为严重情节恶劣的处以200元罚款；三是从临街门店向街道外扫垃圾的，依法处1000元罚款。",
            "time": "14-5-27 15:18"
        },
        {
            "comment id": 10,
            "parent": -1,
            "children": [],
            "user id": "1845213352",
            "user name": "涵宝淇宝妈",
            "content": "回复@lansend:其实餐厨垃圾除了可以给专业公司回收做能源外，还可以做环保酵素的，我想等天气没那么热的时候，把家里的餐厨垃圾做点环保酵素，可以用来做家里的清洁剂之类的。贵局宣传时除了倡导垃圾分类外，我觉得也可以建议市民做环保酵素@深圳市城市管理局",
            "time": "14-5-27 15:17"
        },
        {
            "comment id": 11,
            "parent": -1,
            "children": [],
            "user id": "1870258862",
            "user name": "martinmouse",
            "content": "#垃圾不落地#截止目前，有多少人因为乱认垃圾而受罚？@深圳市城市管理局",
            "time": "14-5-27 15:16"
        },
        {
            "comment id": 12,
            "parent": -1,
            "children": [],
            "user id": "1870258862",
            "user name": "martinmouse",
            "content": "截止目前，有多少人因为乱认垃圾而受罚？@深圳市城市管理局",
            "time": "14-5-27 15:11"
        },
        {
            "comment id": 13,
            "parent": -1,
            "children": [],
            "user id": "1872004411",
            "user name": "lansend",
            "content": "回复@涵宝淇宝妈:支持垃圾分类，拒绝将餐厨垃圾直接填埋，避免引发臭味",
            "time": "14-5-27 15:09"
        },
        {
            "comment id": 14,
            "parent": -1,
            "children": [],
            "user id": "1845213352",
            "user name": "涵宝淇宝妈",
            "content": "#垃圾不落地# 垃圾不落地的根本解决办法我认为是在于全面推广垃圾分类。现在市民对于垃圾分类的认识还不够深，建议贵局要加大这方面的宣传力度。罗马也不是一天能建成的，宣传一定要持之以恒，几年以后才能见到效果。 @深圳市城市管理局",
            "time": "14-5-27 15:05"
        },
        {
            "comment id": 15,
            "parent": -1,
            "children": [],
            "user id": "1872004411",
            "user name": "lansend",
            "content": "请回答坂田居民的提问，#垃圾不落地#，#坂田臭味飘#，请问何时解决下坪垃圾场的臭味问题，请拿出实际的行之有效的计划来 @深圳市城市管理局",
            "time": "14-5-27 15:04"
        }
    ]
}