{
    "source": {
        "content": "【自拍在美国被定性精神疾病】7月2日消息，美国精神病学协会将自拍成瘾认定为精神疾病，特点是常常想自拍并将照片上传至社交网络。为三个层次：1、情景自拍型，每天自拍至少三次不上传至社交网络；2、严重自拍型，每天自拍至少三次并上传至社交网络；第三，抑制不住自拍冲动，每天上传自拍照至少六次。 ",
        "time": "14-7-2 12:38",
        "user id": "1868516374",
        "tweet id": "BbGUDFrrU",
        "label": 1,
        "theme": "医药健康"
    },
    "comment": [
        {
            "comment id": 0,
            "parent": -1,
            "children": [],
            "user id": "1870754511",
            "user name": "左章宏",
            "content": "虚荣心在作祟。",
            "time": "14-7-9 00:26"
        },
        {
            "comment id": 1,
            "parent": -1,
            "children": [],
            "user id": "2164989875",
            "user name": "nykin",
            "content": "被标识为  消息不实！！！",
            "time": "14-7-3 14:46"
        },
        {
            "comment id": 2,
            "parent": -1,
            "children": [],
            "user id": "3033292410",
            "user name": "阳春布泽万物生辉",
            "content": "就不一一@了。。。//@中兴通讯智能终端: 你身边有多少个蛇精病？  ",
            "time": "14-7-3 08:25"
        },
        {
            "comment id": 3,
            "parent": -1,
            "children": [],
            "user id": "2304722633",
            "user name": "小崽子3皮-",
            "content": "回复@取名字真烦人_:[挖鼻屎]",
            "time": "14-7-2 21:28"
        },
        {
            "comment id": 4,
            "parent": -1,
            "children": [],
            "user id": "1665400715",
            "user name": "赵光磊tx",
            "content": "这个是拉仇恨的吧，跟广大女性同胞过不去呀",
            "time": "14-7-2 20:19"
        },
        {
            "comment id": 5,
            "parent": -1,
            "children": [],
            "user id": "2103386213",
            "user name": "喵呜虾仁拌饭",
            "content": "此内容为不实消息，已处理。 详情 》",
            "time": "14-7-2 20:04"
        },
        {
            "comment id": 6,
            "parent": -1,
            "children": [],
            "user id": "2919770403",
            "user name": "_大米VS_小米",
            "content": "间接说明美国专家长得对不起大众",
            "time": "14-7-2 19:35"
        },
        {
            "comment id": 7,
            "parent": -1,
            "children": [],
            "user id": "2576406330",
            "user name": "hello猪猪小姐zmx",
            "content": "回复@星鑫源:",
            "time": "14-7-2 18:47"
        },
        {
            "comment id": 8,
            "parent": -1,
            "children": [],
            "user id": "1876843415",
            "user name": "星鑫源",
            "content": "@hello猪猪小姐zmx ",
            "time": "14-7-2 18:29"
        },
        {
            "comment id": 9,
            "parent": -1,
            "children": [],
            "user id": "2656513324",
            "user name": "anarcho_zn",
            "content": "@放松就是允许发生",
            "time": "14-7-2 18:19"
        },
        {
            "comment id": 10,
            "parent": -1,
            "children": [],
            "user id": "2647856097",
            "user name": "Jeff_XF_",
            "content": "这么说来身边***还真不少",
            "time": "14-7-2 17:48"
        },
        {
            "comment id": 11,
            "parent": -1,
            "children": [],
            "user id": "1785307120",
            "user name": "萧彦林",
            "content": "是病，得治。",
            "time": "14-7-2 16:50"
        },
        {
            "comment id": 12,
            "parent": -1,
            "children": [],
            "user id": "1790637234",
            "user name": "馕族少女-v",
            "content": "回复@好好的-很致命:",
            "time": "14-7-2 16:06"
        },
        {
            "comment id": 13,
            "parent": -1,
            "children": [],
            "user id": "3548180533",
            "user name": "噗啊噗踢皮球",
            "content": "回复@T-Rex郭:→_→考完试了。。好想睡",
            "time": "14-7-2 16:01"
        },
        {
            "comment id": 14,
            "parent": -1,
            "children": [],
            "user id": "1651977431",
            "user name": "米饭水加多了",
            "content": "那么再严重点呢 ",
            "time": "14-7-2 15:39"
        },
        {
            "comment id": 15,
            "parent": -1,
            "children": [],
            "user id": "1889165620",
            "user name": "Dora牛角",
            "content": "我也受不鸟每天po自拍滴，脑残就不说了，审美疲劳了都~//@我心如海洋: 身边太多了……请自觉排队吃药//@中兴通讯智能终端:你身边有多少个蛇精病？  ",
            "time": "14-7-2 15:37"
        },
        {
            "comment id": 16,
            "parent": -1,
            "children": [],
            "user id": "3261032125",
            "user name": "昵称到底用哪个合适",
            "content": "@马克思的韦伯",
            "time": "14-7-2 14:52"
        },
        {
            "comment id": 17,
            "parent": -1,
            "children": [],
            "user id": "1456130464",
            "user name": "微博爱厨房",
            "content": "已经认定这是假新闻了。",
            "time": "14-7-2 14:32"
        },
        {
            "comment id": 18,
            "parent": -1,
            "children": [],
            "user id": "5022466467",
            "user name": "好好的-很致命",
            "content": "@小清新牙医 看来需要治疗了",
            "time": "14-7-2 14:24"
        },
        {
            "comment id": 19,
            "parent": -1,
            "children": [],
            "user id": "3622512887",
            "user name": "比较爱梁静茹的歌",
            "content": "能治疗吗",
            "time": "14-7-2 14:23"
        },
        {
            "comment id": 20,
            "parent": -1,
            "children": [],
            "user id": "1804576944",
            "user name": "call-me-P",
            "content": "@李恺Nick //@中兴通讯智能终端: 你身边有多少个蛇精病？  ",
            "time": "14-7-2 14:21"
        },
        {
            "comment id": 21,
            "parent": -1,
            "children": [],
            "user id": "2360559392",
            "user name": "第22的块",
            "content": "@罗玉凤",
            "time": "14-7-2 14:21"
        },
        {
            "comment id": 22,
            "parent": -1,
            "children": [],
            "user id": "1666285261",
            "user name": "闲人老周",
            "content": "//@金台东夕照: 自拍精神病？ 怕怕哦[拍照]//@好人老周: 奥巴马、卡梅伦与丹麦女总理施密特的自拍照曾风靡网络[挖鼻屎]",
            "time": "14-7-2 14:19"
        },
        {
            "comment id": 23,
            "parent": -1,
            "children": [],
            "user id": "1907950475",
            "user name": "金台东夕照",
            "content": "自拍精神病？ 怕怕哦[拍照]//@好人老周: 奥巴马、卡梅伦与丹麦女总理施密特的自拍照曾风靡网络[挖鼻屎]",
            "time": "14-7-2 14:18"
        },
        {
            "comment id": 24,
            "parent": -1,
            "children": [],
            "user id": "1666285261",
            "user name": "闲人老周",
            "content": "奥巴马、卡梅伦与丹麦女总理施密特的自拍照曾风靡网络[挖鼻屎]",
            "time": "14-7-2 14:11"
        },
        {
            "comment id": 25,
            "parent": -1,
            "children": [],
            "user id": "1252278122",
            "user name": "谢71",
            "content": "次数划分的依据是什么......字数与成瘾的关系，需有论证，这个“认定”才能成立。//@焦达De微博: //@Fakuman: //@魔都怪蜀黍马上抢钱: //@姚啊姚322:送我进美国的精神病院吧//@冲破黑暗的英雄: 你自拍的还少啊 //@米家雷不贱:我现在不自拍了[别烦我] //@不插电丁元气: @米家雷不贱",
            "time": "14-7-2 14:08"
        },
        {
            "comment id": 26,
            "parent": -1,
            "children": [],
            "user id": "1156323387",
            "user name": "连云港胡文磊",
            "content": "哈哈，一帮神经病中枪",
            "time": "14-7-2 14:08"
        },
        {
            "comment id": 27,
            "parent": -1,
            "children": [],
            "user id": "1133688447",
            "user name": "Fakuman",
            "content": "//@魔都怪蜀黍马上抢钱: //@姚啊姚322:送我进美国的精神病院吧//@冲破黑暗的英雄: 你自拍的还少啊 //@米家雷不贱:我现在不自拍了[别烦我] //@不插电丁元气: @米家雷不贱",
            "time": "14-7-2 14:01"
        },
        {
            "comment id": 28,
            "parent": -1,
            "children": [],
            "user id": "1003015670",
            "user name": "取名字真烦人_",
            "content": "@浪茬太子爷的爸爸",
            "time": "14-7-2 13:43"
        },
        {
            "comment id": 29,
            "parent": -1,
            "children": [],
            "user id": "1436579273",
            "user name": "史蒂芬牛伊",
            "content": "@我是Gary的妈妈 ",
            "time": "14-7-2 13:20"
        },
        {
            "comment id": 30,
            "parent": -1,
            "children": [],
            "user id": "2519005643",
            "user name": "割鸡割鸡割鸡割鸡再看我就报警啦",
            "content": "你们都有病",
            "time": "14-7-2 13:16"
        },
        {
            "comment id": 31,
            "parent": -1,
            "children": [],
            "user id": "1265516730",
            "user name": "柘焱9686",
            "content": "SB！",
            "time": "14-7-2 13:14"
        },
        {
            "comment id": 32,
            "parent": -1,
            "children": [],
            "user id": "1046111830",
            "user name": "老郭007",
            "content": "haha",
            "time": "14-7-2 13:13"
        },
        {
            "comment id": 33,
            "parent": -1,
            "children": [],
            "user id": "2911483695",
            "user name": "柠檬维他_",
            "content": "自拍是种病，你中招了嘛？@Brianna超激萌 @光溢城 @你中意否",
            "time": "14-7-2 13:09"
        },
        {
            "comment id": 34,
            "parent": -1,
            "children": [],
            "user id": "1266096323",
            "user name": "北京摄迷",
            "content": "今天你拍了没",
            "time": "14-7-2 13:07"
        },
        {
            "comment id": 35,
            "parent": -1,
            "children": [],
            "user id": "3848815243",
            "user name": "AlphaaaYU",
            "content": "求别传播谣言了，已经辟谣了",
            "time": "14-7-2 13:02"
        },
        {
            "comment id": 36,
            "parent": -1,
            "children": [],
            "user id": "1780099427",
            "user name": "杨鲜僧",
            "content": "自大的极致就是极致的自卑吧",
            "time": "14-7-2 12:55"
        },
        {
            "comment id": 37,
            "parent": -1,
            "children": [],
            "user id": "1783737765",
            "user name": "南都子",
            "content": "转发微博",
            "time": "14-7-2 12:50"
        },
        {
            "comment id": 38,
            "parent": -1,
            "children": [],
            "user id": "2035843565",
            "user name": "None无法使用",
            "content": "呵呵",
            "time": "14-7-2 12:49"
        },
        {
            "comment id": 39,
            "parent": -1,
            "children": [],
            "user id": "2070052295",
            "user name": "通讯研究老孙",
            "content": "美国应该不会这样定性。",
            "time": "14-7-2 12:48"
        },
        {
            "comment id": 40,
            "parent": -1,
            "children": [],
            "user id": "2744216823",
            "user name": "hello肯尼酱",
            "content": "谣言而已",
            "time": "14-7-2 12:45"
        },
        {
            "comment id": 41,
            "parent": -1,
            "children": [],
            "user id": "1117986444",
            "user name": "麻辣教师Lj",
            "content": "转发微博",
            "time": "14-7-2 12:45"
        },
        {
            "comment id": 42,
            "parent": -1,
            "children": [],
            "user id": "2240413872",
            "user name": "地球上的地瓜",
            "content": "说的就是你@vivian-sz2010 ，大家快来看@leo天真 @珦鈤-藈 @kirari_m @DDW-yz",
            "time": "14-7-2 12:44"
        },
        {
            "comment id": 43,
            "parent": -1,
            "children": [],
            "user id": "1811424351",
            "user name": "口袋里的坦克",
            "content": " @楠小湘",
            "time": "14-7-2 12:43"
        },
        {
            "comment id": 44,
            "parent": -1,
            "children": [],
            "user id": "1418881433",
            "user name": "笑脸龙哥",
            "content": "嗯，是病，得治。",
            "time": "14-7-2 12:42"
        },
        {
            "comment id": 45,
            "parent": -1,
            "children": [],
            "user id": "2377005342",
            "user name": "幻想神丶",
            "content": "。。。。。",
            "time": "14-7-2 12:42"
        },
        {
            "comment id": 46,
            "parent": -1,
            "children": [],
            "user id": "2636513541",
            "user name": "鱼塘养大鱼",
            "content": "这个也要注意了～",
            "time": "14-7-2 12:41"
        },
        {
            "comment id": 47,
            "parent": -1,
            "children": [],
            "user id": "1738174294",
            "user name": "不懂拍照",
            "content": "",
            "time": "14-7-2 12:40"
        },
        {
            "comment id": 48,
            "parent": -1,
            "children": [],
            "user id": "2214494915",
            "user name": "上党人士",
            "content": "已经辟谣",
            "time": "14-7-2 12:40"
        },
        {
            "comment id": 49,
            "parent": -1,
            "children": [],
            "user id": "2797323110",
            "user name": "MichaelKors迈克科尔斯",
            "content": "哈哈",
            "time": "14-7-2 12:40"
        },
        {
            "comment id": 50,
            "parent": -1,
            "children": [],
            "user id": "1639001735",
            "user name": "莱客文饰",
            "content": "@手机教主妹妹-妞妞 得好好治了",
            "time": "14-7-2 12:40"
        }
    ]
}