{
    "source": {
        "content": "昨夜上海外滩陈毅广场发生踩踏事故死亡35人，重伤40多人！上帝啊，你为何让中国的重大伤亡事故每次死亡人数都约定是35人呢？温州高铁死亡35人，云南矿难死亡35人，山西瓦斯爆炸死亡35人，辽宁矿难死亡35人……翻开中国的事故档案，死亡35人是一个铁的定律！原来，死亡36人地方首长就要被免职处分！ ",
        "time": "15-1-1 08:40",
        "user id": "2254914790",
        "tweet id": "BDuyRFl7t",
        "label": 1,
        "theme": "社会生活"
    },
    "comment": [
        {
            "comment id": 0,
            "parent": -1,
            "children": [],
            "user id": "3556384273",
            "user name": "逸楠s",
            "content": "不要脸的东西",
            "time": "16-7-18 02:09"
        },
        {
            "comment id": 1,
            "parent": -1,
            "children": [],
            "user id": "3194240740",
            "user name": "云中来的你",
            "content": "回复@不愿意透露姓名的李文亮先生:，我脑子又没有问题光你鸟事。。贱你妈",
            "time": "15-1-22 21:59"
        },
        {
            "comment id": 2,
            "parent": -1,
            "children": [],
            "user id": "2366564271",
            "user name": "不愿意透露姓名的李文亮先生",
            "content": "回复@午时叄刻:你脑子有问题啊，看问题他们不能有自己的思考能力啊，别人说什么就是什么啊，不会查啊，傻逼玩意",
            "time": "15-1-21 23:55"
        },
        {
            "comment id": 3,
            "parent": -1,
            "children": [],
            "user id": "1022551880",
            "user name": "-王大忽悠",
            "content": "有要有人拿截图去扣扣空间了",
            "time": "15-1-3 14:41"
        },
        {
            "comment id": 4,
            "parent": -1,
            "children": [],
            "user id": "2365090560",
            "user name": "vokelr",
            "content": "呵呵，看看这个傻逼的嘴脸，为了点美分，脸都不要了",
            "time": "15-1-2 23:18"
        },
        {
            "comment id": 5,
            "parent": -1,
            "children": [],
            "user id": "2389763684",
            "user name": "mmmmmmmmmmmm迷8",
            "content": "事发第一时间一定是35。之后增加死亡人数一定是在24小时之后。。。恐怕第36个人是在24小时零1分时撤的呼吸机吧",
            "time": "15-1-2 19:54"
        },
        {
            "comment id": 6,
            "parent": -1,
            "children": [],
            "user id": "5141036326",
            "user name": "能吃会喝文武双全汪小胖",
            "content": "儒家如你麻痹啊",
            "time": "15-1-2 15:55"
        },
        {
            "comment id": 7,
            "parent": -1,
            "children": [],
            "user id": "5141036326",
            "user name": "能吃会喝文武双全汪小胖",
            "content": "就知道整天拿个jb出去玩",
            "time": "15-1-2 15:54"
        },
        {
            "comment id": 8,
            "parent": -1,
            "children": [],
            "user id": "5141036326",
            "user name": "能吃会喝文武双全汪小胖",
            "content": "你懂个鸡吧",
            "time": "15-1-2 15:54"
        },
        {
            "comment id": 9,
            "parent": -1,
            "children": [],
            "user id": "5141036326",
            "user name": "能吃会喝文武双全汪小胖",
            "content": "草泥马的编辑",
            "time": "15-1-2 15:54"
        },
        {
            "comment id": 10,
            "parent": -1,
            "children": [],
            "user id": "5141036326",
            "user name": "能吃会喝文武双全汪小胖",
            "content": "傻逼玩意",
            "time": "15-1-2 15:54"
        },
        {
            "comment id": 11,
            "parent": -1,
            "children": [],
            "user id": "5141036326",
            "user name": "能吃会喝文武双全汪小胖",
            "content": "：就你这没文化、不懂法的2B玩意都TM可以当上总编辑，就知道你们那书局是干什么勾当的地方了，你TM要造谣也先提升一下智商啊，傻逼玩意，吃屎去吧！",
            "time": "15-1-2 15:54"
        },
        {
            "comment id": 12,
            "parent": -1,
            "children": [],
            "user id": "1951486915",
            "user name": "无翼于世",
            "content": "回复@午时叄刻:我操，还真尼玛的这么多2B信这个...",
            "time": "15-1-2 12:53"
        },
        {
            "comment id": 13,
            "parent": -1,
            "children": [],
            "user id": "1951486915",
            "user name": "无翼于世",
            "content": "就你这没文化、不懂法的2B玩意都TM可以当上总编辑，就知道你们那书局是干什么勾当的地方了，你TM要造谣也先提升一下智商啊，傻逼玩意，吃屎去吧！",
            "time": "15-1-2 12:47"
        },
        {
            "comment id": 14,
            "parent": -1,
            "children": [],
            "user id": "1959321580",
            "user name": "Rashid_zbz",
            "content": "谣言止于智者！遇难人数已升至36人，没话说了吧。荒谬！",
            "time": "15-1-2 12:10"
        },
        {
            "comment id": 15,
            "parent": -1,
            "children": [],
            "user id": "1959321580",
            "user name": "Rashid_zbz",
            "content": "还大V，谣言止于智者！",
            "time": "15-1-2 11:27"
        },
        {
            "comment id": 16,
            "parent": -1,
            "children": [],
            "user id": "1404860610",
            "user name": "混混儿爱石头",
            "content": "呵呵，走好博主",
            "time": "15-1-2 06:10"
        },
        {
            "comment id": 17,
            "parent": -1,
            "children": [],
            "user id": "2424161880",
            "user name": "我是2020年没减肥的狗",
            "content": "哟哟哟 远东书局总编辑？ 算是读书人？？？消费死者算什么心态？？你的良知读书读没？？？还是读书读傻了？？ 随手百度就有是真相不会做？？ 你还是把你的总编辑认证删了吧 免得丢人，煞笔",
            "time": "15-1-2 02:39"
        },
        {
            "comment id": 18,
            "parent": -1,
            "children": [],
            "user id": "1196608284",
            "user name": "剧本道",
            "content": "//@朱杰--Jerry: //@中殷:神奇数字35",
            "time": "15-1-2 02:12"
        },
        {
            "comment id": 19,
            "parent": -1,
            "children": [],
            "user id": "1749149813",
            "user name": "max今天你喝橙汁了吗",
            "content": "你是傻逼吗？乱造谣死全家 败类！做调查了吗 睁眼说瞎话好吗 警察出来拿证据辟谣也没用就是有你这样的傻逼！非要全国人民活在黑暗里才好？",
            "time": "15-1-1 23:27"
        },
        {
            "comment id": 20,
            "parent": -1,
            "children": [],
            "user id": "2665155070",
            "user name": "阿舟叫阿九",
            "content": "回复@午时叄刻:有心的话去搜一下…绝大多数数字都是假的好嘛！！谣言！！",
            "time": "15-1-1 22:40"
        },
        {
            "comment id": 21,
            "parent": -1,
            "children": [],
            "user id": "2665155070",
            "user name": "阿舟叫阿九",
            "content": "回复@梅林藏殊:看江宁公安在线的辟谣！！这里的数字你有心去搜一下就知道大多是假的！！！",
            "time": "15-1-1 22:39"
        },
        {
            "comment id": 22,
            "parent": -1,
            "children": [],
            "user id": "1986793043",
            "user name": "纵横地平线CAN",
            "content": "SB……造谣",
            "time": "15-1-1 20:45"
        },
        {
            "comment id": 23,
            "parent": -1,
            "children": [],
            "user id": "1663302875",
            "user name": "何也Tips",
            "content": "谣言可畏，请负责发言！",
            "time": "15-1-1 19:47"
        },
        {
            "comment id": 24,
            "parent": -1,
            "children": [],
            "user id": "5151856272",
            "user name": "续丶仙缘",
            "content": "我艹。变36了。你这么一说，人家都改了。好可怕",
            "time": "15-1-1 18:11"
        },
        {
            "comment id": 25,
            "parent": -1,
            "children": [],
            "user id": "1644555221",
            "user name": "A-symmetry",
            "content": "别傻了现在都36了",
            "time": "15-1-1 17:08"
        },
        {
            "comment id": 26,
            "parent": -1,
            "children": [],
            "user id": "1796697311",
            "user name": "李小懒要努力工作",
            "content": "打脸疼么？",
            "time": "15-1-1 16:44"
        },
        {
            "comment id": 27,
            "parent": -1,
            "children": [],
            "user id": "2082238700",
            "user name": "solanum1",
            "content": "回复@楊禕衡:四节车厢从这么高掉下来才三十九 ",
            "time": "15-1-1 13:29"
        },
        {
            "comment id": 28,
            "parent": -1,
            "children": [],
            "user id": "1847341020",
            "user name": "实验室杀手的匆匆过客",
            "content": "造谣一时爽全家火葬场。要不要帮你看一下交通情况？",
            "time": "15-1-1 12:54"
        },
        {
            "comment id": 29,
            "parent": -1,
            "children": [],
            "user id": "2040902451",
            "user name": "王箔-CMES",
            "content": "事实就是35吧！",
            "time": "15-1-1 12:36"
        },
        {
            "comment id": 30,
            "parent": -1,
            "children": [],
            "user id": "2290926895",
            "user name": "可可西里的长颈鹿不回头",
            "content": "大叔，发微博之前百度一下～好歹是认证账号",
            "time": "15-1-1 12:31"
        },
        {
            "comment id": 31,
            "parent": -1,
            "children": [],
            "user id": "1643292861",
            "user name": "胡凯撒",
            "content": "大叔，新年伊始就暴露了自己的身份不好哟，中国的特大安全事故划分是死亡人数30人以上，不谢",
            "time": "15-1-1 12:26"
        },
        {
            "comment id": 32,
            "parent": -1,
            "children": [],
            "user id": "1923880770",
            "user name": "西湖寒碧_梁小猫",
            "content": "谣言到现在还在传播？！30人以上算特大事故，要上报国务院了！",
            "time": "15-1-1 11:32"
        },
        {
            "comment id": 33,
            "parent": -1,
            "children": [],
            "user id": "1210554771",
            "user name": "snoopys",
            "content": "还书局的总编辑。能不能有点职业精神？？？国务院《生产安全事故报告和调查处理条例》(2007年6月1日施行)第三条规定：“根据生产安全事故造成的人员伤亡或者直接经济损失，事故一般分为以下等级：特别重大事故、重大事故、较大事故和一般事故。 特别重大事故，是指造成30人（包括30人）以上死亡。",
            "time": "15-1-1 11:22"
        },
        {
            "comment id": 34,
            "parent": -1,
            "children": [],
            "user id": "1874286380",
            "user name": "悦竹听蝉",
            "content": "@sa888：新年辟个谣，撒谎精一个也没说对，很难得。（温州高铁事故死了40个，2011年私庄煤矿矿难43个，辽宁孙家湾矿难是指于2005年2月14日214个，山西屯兰煤矿事故发生于中国山西省古交市内，2009年2月22日74个）",
            "time": "15-1-1 11:06"
        },
        {
            "comment id": 35,
            "parent": -1,
            "children": [],
            "user id": "1409825297",
            "user name": "文艺青年储老根",
            "content": "每逢重大事故灾难，政府忙于救援，公知大v就跳出来造谣。几百年前的谣言了还搬出来。造谣一时爽全家火葬场，祝造谣者全家新年愉快。网页链接",
            "time": "15-1-1 11:00"
        },
        {
            "comment id": 36,
            "parent": -1,
            "children": [],
            "user id": "1687066852",
            "user name": "sa888",
            "content": "回复@梅林藏殊:你也难得呢，非要从这么多谎话里挑一个看起来好像是正确的去相信，而忽略掉其他的谎言，只要看到谎话就鄙视，可保以后不上当。",
            "time": "15-1-1 10:55"
        },
        {
            "comment id": 37,
            "parent": -1,
            "children": [],
            "user id": "1687066852",
            "user name": "sa888",
            "content": "回复@梅林藏殊:最后一句也是撒谎，35以下有责任也跑不了",
            "time": "15-1-1 10:49"
        },
        {
            "comment id": 38,
            "parent": -1,
            "children": [],
            "user id": "1687066852",
            "user name": "sa888",
            "content": "回复@梅林藏殊:用撒谎包装什么啊？",
            "time": "15-1-1 10:47"
        },
        {
            "comment id": 39,
            "parent": -1,
            "children": [],
            "user id": "1687066852",
            "user name": "sa888",
            "content": "回复@梅林藏殊:你脑袋不好，看不懂撒谎",
            "time": "15-1-1 10:43"
        },
        {
            "comment id": 40,
            "parent": -1,
            "children": [],
            "user id": "1687066852",
            "user name": "sa888",
            "content": "新年辟个谣，撒谎精一个也没说对，很难得。（温州高铁事故死了40个，2011年私庄煤矿矿难43个，辽宁孙家湾矿难是指于2005年2月14日214个，山西屯兰煤矿事故发生于中国山西省古交市内，2009年2月22日74个）",
            "time": "15-1-1 10:30"
        },
        {
            "comment id": 41,
            "parent": -1,
            "children": [],
            "user id": "1066921757",
            "user name": "midsecond",
            "content": "//@原子漫: //@后余万凯: //@东写夕读: 转发微博",
            "time": "15-1-1 10:25"
        },
        {
            "comment id": 42,
            "parent": -1,
            "children": [],
            "user id": "2491803505",
            "user name": "齐心协力095",
            "content": "@猫耳朵梅花爪猴脑子",
            "time": "15-1-1 10:25"
        },
        {
            "comment id": 43,
            "parent": -1,
            "children": [],
            "user id": "3098728487",
            "user name": "唐妮妮的老婆",
            "content": "@杨杨杨阿 @大约是只cat @阿多尼斯______________________",
            "time": "15-1-1 10:20"
        },
        {
            "comment id": 44,
            "parent": -1,
            "children": [],
            "user id": "1647148411",
            "user name": "AcronymZ",
            "content": "最诡异的数字：35！多大的事儿都只能死亡35！",
            "time": "15-1-1 10:19"
        },
        {
            "comment id": 45,
            "parent": -1,
            "children": [],
            "user id": "2011544572",
            "user name": "杨狮獒",
            "content": "放p，温州高铁死了39个人。云南21，辽宁28，你这种唯恐天下不乱的傻b怎么没把你踩死。滚蛋。",
            "time": "15-1-1 10:17"
        },
        {
            "comment id": 46,
            "parent": -1,
            "children": [],
            "user id": "2103386583",
            "user name": "哈哈天意",
            "content": "//@周易的人生2012: 组织超大规模倒计时活动而没做充分保障可能是踩踏事故第一罪因，撒钱可能是第二诱因。//@后余万凯://@东写夕读: 转发微博",
            "time": "15-1-1 10:12"
        },
        {
            "comment id": 47,
            "parent": -1,
            "children": [],
            "user id": "1347838905",
            "user name": "大路白杨",
            "content": "//@后余万凯: //@东写夕读: 转发微博",
            "time": "15-1-1 10:06"
        },
        {
            "comment id": 48,
            "parent": -1,
            "children": [],
            "user id": "3209138377",
            "user name": "温江全搜索-段语",
            "content": "转发微博",
            "time": "15-1-1 09:55"
        },
        {
            "comment id": 49,
            "parent": -1,
            "children": [],
            "user id": "2400106305",
            "user name": "杨佳人儿",
            "content": "理論上是這樣，但其實報的就算報的死亡人數比實際少也會免職貶職，也有不同的處罰。",
            "time": "15-1-1 08:47"
        },
        {
            "comment id": 50,
            "parent": -1,
            "children": [],
            "user id": "1761202077",
            "user name": "tiffany要hlod住",
            "content": "原来如此",
            "time": "15-1-1 08:44"
        },
        {
            "comment id": 51,
            "parent": -1,
            "children": [],
            "user id": "3901293139",
            "user name": "盖盖子啊",
            "content": "你也是政府的[挖鼻屎]",
            "time": "15-1-1 08:43"
        }
    ]
}