{
    "source": {
        "content": "#今日电视#广电总局2015年管令：1.4月起实施限外令，海外电视剧将延迟半年播出 2.演员名人不得主持养生节目 3.2015年起一部电视剧将最多在两家卫视联播 4.9月到10月底间，必须播爱国主义题材和反法西斯题材。5.严打婚外恋、一夜情内容 6.青春校园片可出现早恋 但不许成功 7.建国后动物不许修炼成精。转 ",
        "time": "15-1-4 18:00",
        "user id": "1806201972",
        "tweet id": "BE0vWgkOK",
        "label": 1,
        "theme": "文体娱乐"
    },
    "comment": [
        {
            "comment id": 0,
            "parent": -1,
            "children": [],
            "user id": "5504749956",
            "user name": "相思唯尔",
            "content": "大枣养生，新疆和田大枣，看资料加号",
            "time": "15-2-14 09:53"
        },
        {
            "comment id": 1,
            "parent": -1,
            "children": [],
            "user id": "5504749956",
            "user name": "相思唯尔",
            "content": "大枣养生，新疆和田大枣，看资料加号",
            "time": "15-2-3 17:46"
        },
        {
            "comment id": 2,
            "parent": -1,
            "children": [],
            "user id": "2698834034",
            "user name": "CHOI-DAAT-WING",
            "content": "哈哈（wocao）",
            "time": "15-1-7 21:05"
        },
        {
            "comment id": 3,
            "parent": -1,
            "children": [],
            "user id": "2102886272",
            "user name": "噢噢噢润吉呀",
            "content": " @罗不乖",
            "time": "15-1-6 13:56"
        },
        {
            "comment id": 4,
            "parent": -1,
            "children": [],
            "user id": "2836206554",
            "user name": "princess-eye公主爱美瞳官网",
            "content": "我就是校园早恋的，我和老公谈恋爱十二年了。今年结婚！happy endding",
            "time": "15-1-6 03:00"
        },
        {
            "comment id": 5,
            "parent": -1,
            "children": [],
            "user id": "1213490485",
            "user name": "纯情小P孩儿",
            "content": "一群傻逼",
            "time": "15-1-5 21:39"
        },
        {
            "comment id": 6,
            "parent": -1,
            "children": [],
            "user id": "2286648345",
            "user name": "ljj不是林俊杰_周五下班就回家",
            "content": "",
            "time": "15-1-5 21:19"
        },
        {
            "comment id": 7,
            "parent": -1,
            "children": [],
            "user id": "2910516557",
            "user name": "叉除减",
            "content": "回复@珵珵珵:我们以后还能看什么",
            "time": "15-1-5 19:16"
        },
        {
            "comment id": 8,
            "parent": -1,
            "children": [],
            "user id": "5127119616",
            "user name": "萌熊猫5",
            "content": "//@不丶丶丶二丶丶丶小哥: //@藤井树George:一大批电视剧不能播了。我期待的盗墓笔记千万不能禁播啊",
            "time": "15-1-5 19:10"
        },
        {
            "comment id": 9,
            "parent": -1,
            "children": [],
            "user id": "3620848687",
            "user name": "滑动变阻器-",
            "content": "。。",
            "time": "15-1-5 18:17"
        },
        {
            "comment id": 10,
            "parent": -1,
            "children": [],
            "user id": "1794403752",
            "user name": "我才是翔哥",
            "content": "转发过500次了",
            "time": "15-1-5 17:41"
        },
        {
            "comment id": 11,
            "parent": -1,
            "children": [],
            "user id": "2407664714",
            "user name": "管他的好结果坏结果",
            "content": "回复@和弃疗_:😂",
            "time": "15-1-5 17:31"
        },
        {
            "comment id": 12,
            "parent": -1,
            "children": [],
            "user id": "1788473723",
            "user name": "维克多是不倒翁",
            "content": "哦",
            "time": "15-1-5 17:30"
        },
        {
            "comment id": 13,
            "parent": -1,
            "children": [],
            "user id": "3146335127",
            "user name": "月下邮差·",
            "content": "回复@叉除减:不造",
            "time": "15-1-5 17:28"
        },
        {
            "comment id": 14,
            "parent": -1,
            "children": [],
            "user id": "2910516557",
            "user name": "叉除减",
            "content": "回复@珵珵珵:什么叫海外电视剧延迟半年！！！动漫算吗",
            "time": "15-1-5 16:02"
        },
        {
            "comment id": 15,
            "parent": -1,
            "children": [],
            "user id": "1268392023",
            "user name": "张肖",
            "content": "看见过这些内容，不知道真的假的，要是真的的话真的是想打死广电了脑残规定",
            "time": "15-1-5 15:20"
        },
        {
            "comment id": 16,
            "parent": -1,
            "children": [],
            "user id": "3165585697",
            "user name": "SheWas_a_Boy",
            "content": "@管他的好结果坏结果",
            "time": "15-1-5 15:08"
        },
        {
            "comment id": 17,
            "parent": -1,
            "children": [],
            "user id": "3847707996",
            "user name": "jiong3825",
            "content": "早恋可以失败，不过是被小三抢跑了，婚外恋不播可以，可以放在学生时代的三角恋，动物再也不能做妖精了，可以让植物修仙啊",
            "time": "15-1-5 14:15"
        },
        {
            "comment id": 18,
            "parent": -1,
            "children": [],
            "user id": "1726010730",
            "user name": "火星无敌",
            "content": "广电为了刷存在感，坑了不少人！",
            "time": "15-1-5 13:59"
        },
        {
            "comment id": 19,
            "parent": -1,
            "children": [],
            "user id": "1826870570",
            "user name": "I_Mamba",
            "content": "还好我不喜欢看电视剧",
            "time": "15-1-5 13:19"
        },
        {
            "comment id": 20,
            "parent": -1,
            "children": [],
            "user id": "1881163231",
            "user name": "Elijah_Gao",
            "content": "6和7实在是",
            "time": "15-1-5 13:15"
        },
        {
            "comment id": 21,
            "parent": -1,
            "children": [],
            "user id": "3517695310",
            "user name": "怡27",
            "content": "回复@等风起风:可以",
            "time": "15-1-5 13:14"
        },
        {
            "comment id": 22,
            "parent": -1,
            "children": [],
            "user id": "2795265777",
            "user name": "Yeshuangdy",
            "content": "回复@_____-Muse:不许成功",
            "time": "15-1-5 13:11"
        },
        {
            "comment id": 23,
            "parent": -1,
            "children": [],
            "user id": "2165354123",
            "user name": "今天也是元气阿姨-",
            "content": "可以出现早恋但不能成功这个我喜欢",
            "time": "15-1-5 13:05"
        },
        {
            "comment id": 24,
            "parent": -1,
            "children": [],
            "user id": "2686949611",
            "user name": "刘什么o",
            "content": "播盗墓笔记的时候会把粽子都剪掉吗！？",
            "time": "15-1-5 12:15"
        },
        {
            "comment id": 25,
            "parent": -1,
            "children": [],
            "user id": "2424724163",
            "user name": "周周周周-周先生",
            "content": "这样做怪不得人才会逃去国外 做为中国人感觉自己国家的电视都不能好好看了 真他妈的逗",
            "time": "15-1-5 12:11"
        },
        {
            "comment id": 26,
            "parent": -1,
            "children": [],
            "user id": "2424724163",
            "user name": "周周周周-周先生",
            "content": "呵呵 这么逗逼的令这他妈的还是人民当家作主么？说的那么好听做的令人恶心 好好的作品都被你们给毁了",
            "time": "15-1-5 12:07"
        },
        {
            "comment id": 27,
            "parent": -1,
            "children": [],
            "user id": "2770893980",
            "user name": "小栗文_",
            "content": "回复@SHY也会听慢歌:不懂啊……",
            "time": "15-1-5 11:48"
        },
        {
            "comment id": 28,
            "parent": -1,
            "children": [],
            "user id": "1020264070",
            "user name": "____茕茕",
            "content": "@_黄繁 看第六",
            "time": "15-1-5 11:26"
        },
        {
            "comment id": 29,
            "parent": -1,
            "children": [],
            "user id": "2210591790",
            "user name": "Cocomitty",
            "content": "回复@SB阿迪沙发:卧槽",
            "time": "15-1-5 11:20"
        },
        {
            "comment id": 30,
            "parent": -1,
            "children": [],
            "user id": "1221001474",
            "user name": "深渊歌者",
            "content": "好逗比",
            "time": "15-1-5 11:00"
        },
        {
            "comment id": 31,
            "parent": -1,
            "children": [],
            "user id": "5410855679",
            "user name": "寻找建哥",
            "content": "戴老师，你能把你的作品写作顺序说一下吗，我很喜欢你的作品，想从头看一遍",
            "time": "15-1-5 10:17"
        },
        {
            "comment id": 32,
            "parent": -1,
            "children": [],
            "user id": "2667605713",
            "user name": "三食风风",
            "content": "回复@LeonardooooYG:",
            "time": "15-1-5 10:12"
        },
        {
            "comment id": 33,
            "parent": -1,
            "children": [],
            "user id": "1833680844",
            "user name": "快乐小强1972",
            "content": "悲哀啊[震惊]",
            "time": "15-1-5 10:09"
        },
        {
            "comment id": 34,
            "parent": -1,
            "children": [],
            "user id": "2433833053",
            "user name": "麦-小珊",
            "content": "回复@Cat_catcat:看到一半滴肿么破",
            "time": "15-1-5 10:08"
        },
        {
            "comment id": 35,
            "parent": -1,
            "children": [],
            "user id": "2433833053",
            "user name": "麦-小珊",
            "content": "回复@凉凉阿包:文化滴上闭关锁国",
            "time": "15-1-5 10:08"
        },
        {
            "comment id": 36,
            "parent": -1,
            "children": [],
            "user id": "1875174385",
            "user name": "诸葛孙文",
            "content": "@4getz 总局真是闲的啊！",
            "time": "15-1-5 10:07"
        },
        {
            "comment id": 37,
            "parent": -1,
            "children": [],
            "user id": "2261153671",
            "user name": "Blue冯少",
            "content": "回复@Patrick_2015:唉 广电局真是太作死了",
            "time": "15-1-5 09:58"
        },
        {
            "comment id": 38,
            "parent": -1,
            "children": [],
            "user id": "2879645260",
            "user name": "锦上-徐小园",
            "content": "回复@Tian小钱:",
            "time": "15-1-5 09:58"
        },
        {
            "comment id": 39,
            "parent": -1,
            "children": [],
            "user id": "2725441575",
            "user name": "橘紫酱小a",
            "content": "回复@高级智慧生物张:不允许成功…",
            "time": "15-1-5 09:46"
        },
        {
            "comment id": 40,
            "parent": -1,
            "children": [],
            "user id": "1814493535",
            "user name": "高级智慧生物张",
            "content": "@橘紫酱小a",
            "time": "15-1-5 09:45"
        },
        {
            "comment id": 41,
            "parent": -1,
            "children": [],
            "user id": "1963078181",
            "user name": "凉凉阿包",
            "content": "回复@麦-小珊:文化大革命的感脚....",
            "time": "15-1-5 09:39"
        },
        {
            "comment id": 42,
            "parent": -1,
            "children": [],
            "user id": "1762430737",
            "user name": "o晒太阳的贝壳o",
            "content": "噗哈哈哈哈哈哈哈哈 也是醉了！",
            "time": "15-1-5 09:38"
        },
        {
            "comment id": 43,
            "parent": -1,
            "children": [],
            "user id": "2102548342",
            "user name": "丁丁丁培育",
            "content": "@dengmaggie 好搞笑",
            "time": "15-1-5 09:36"
        },
        {
            "comment id": 44,
            "parent": -1,
            "children": [],
            "user id": "1103339312",
            "user name": "流浪的牛老怪",
            "content": "这个绝对是假新闻，你当广电总局的爷们真的是心理变态生理残缺的二货啊！",
            "time": "15-1-5 09:26"
        },
        {
            "comment id": 45,
            "parent": -1,
            "children": [],
            "user id": "2789684285",
            "user name": "柴丷C",
            "content": "太傻了呵呵",
            "time": "15-1-5 08:39"
        },
        {
            "comment id": 46,
            "parent": -1,
            "children": [],
            "user id": "2485461712",
            "user name": "寻找乌托邦的傻波",
            "content": "干脆禁看电视吧",
            "time": "15-1-5 08:25"
        },
        {
            "comment id": 47,
            "parent": -1,
            "children": [],
            "user id": "3964525287",
            "user name": "镜子脏了",
            "content": "一朝回到解放前",
            "time": "15-1-5 08:14"
        },
        {
            "comment id": 48,
            "parent": -1,
            "children": [],
            "user id": "2841963581",
            "user name": "韩大眼Holiday",
            "content": "@刘丹宁会万福哒",
            "time": "15-1-5 08:03"
        },
        {
            "comment id": 49,
            "parent": -1,
            "children": [],
            "user id": "2852393955",
            "user name": "阿迪沙发zjs",
            "content": "@张晓小童cc 看6",
            "time": "15-1-5 08:00"
        },
        {
            "comment id": 50,
            "parent": -1,
            "children": [],
            "user id": "3217684163",
            "user name": "是公子雪-",
            "content": "#微盘点# 我去，也太现实迂腐了吧。。。打压这么重，也不许有幻想吗？？？是对自己的统治和教化没有信心吗？？？这也太讽刺了些吧！！！ ",
            "time": "15-1-5 07:49"
        },
        {
            "comment id": 51,
            "parent": -1,
            "children": [],
            "user id": "1872472314",
            "user name": "Wu皇太后",
            "content": "好胡扯，知道中国为什么永远比不了其他国家么？尼玛思想这么永远被眷顾，只知道红军打仗最后赢得胜利。演员名人当主持人，那是对方有本事，什么婚外情啦，这些都是生活中会发生的事，你就没有？什么早恋就不能成功，难不成广电局的叔叔阿姨们都是上世纪的红军五好青年相亲成功？",
            "time": "15-1-5 07:18"
        },
        {
            "comment id": 52,
            "parent": -1,
            "children": [],
            "user id": "1937114940",
            "user name": "喂你幼不幼稚",
            "content": "脑残啊😒😒😒😒修炼成精😓😓😓",
            "time": "15-1-5 06:56"
        },
        {
            "comment id": 53,
            "parent": -1,
            "children": [],
            "user id": "1952557295",
            "user name": "Kathieeee",
            "content": "回复@nubia视界徐家小姑娘:哈哈哈。太可爱了你 没话说了我 我确实是数着字数发的",
            "time": "15-1-5 06:42"
        },
        {
            "comment id": 54,
            "parent": -1,
            "children": [],
            "user id": "2879645260",
            "user name": "锦上-徐小园",
            "content": "回复@Tian小钱:是复制你的，前面加你就超字了，发不了",
            "time": "15-1-5 06:26"
        },
        {
            "comment id": 55,
            "parent": -1,
            "children": [],
            "user id": "1234961744",
            "user name": "TEENANEET",
            "content": "当今微博欢乐源：朝鲜金正恩，喉舌环球报，庙堂广电局",
            "time": "15-1-5 04:52"
        },
        {
            "comment id": 56,
            "parent": -1,
            "children": [],
            "user id": "2778256902",
            "user name": "高老师有话说",
            "content": "海外剧延迟了半年，估计门户网站的视频点击率要爆降了吧？！ 第三条支持一下，经常换了20多个台在播同一部国产肥皂剧，有想砸电视机的冲动。",
            "time": "15-1-5 04:03"
        },
        {
            "comment id": 57,
            "parent": -1,
            "children": [],
            "user id": "1825132525",
            "user name": "哈村夏风行",
            "content": "求取消这个邪教部门",
            "time": "15-1-5 03:32"
        },
        {
            "comment id": 58,
            "parent": -1,
            "children": [],
            "user id": "1711352067",
            "user name": "长春巡抚",
            "content": "中国不是朝鲜，广电总局没有能力让老百姓只看一个节目，而且，现在的政府，也没有做什么惠及万代子孙的好事，可让老百姓只关注他们。强硬只会让大众更加反感！",
            "time": "15-1-5 03:25"
        },
        {
            "comment id": 59,
            "parent": -1,
            "children": [],
            "user id": "1704589271",
            "user name": "蘑菇炖豆腐",
            "content": "回复@Kevin惠不像Durant:7实在是太好笑了亲爱的这个政策上台之后你只能看北平无战事了！congrats！",
            "time": "15-1-5 02:52"
        },
        {
            "comment id": 60,
            "parent": -1,
            "children": [],
            "user id": "1952557295",
            "user name": "Kathieeee",
            "content": "回复@nubia视界徐家小姑娘:大姐。。您复制我评论好歹也改一改啊 别这样 没创新。我就发表一下个人感慨 您盗用是不是说我说得很好 对此我表示万分荣幸。",
            "time": "15-1-5 02:25"
        },
        {
            "comment id": 61,
            "parent": -1,
            "children": [],
            "user id": "2771053191",
            "user name": "辛凉向暖",
            "content": "习大大，快点灭了这个没有人性的部门。",
            "time": "15-1-5 02:06"
        },
        {
            "comment id": 62,
            "parent": -1,
            "children": [],
            "user id": "2821180813",
            "user name": "JZG-LYT",
            "content": "神经病",
            "time": "15-1-5 01:12"
        },
        {
            "comment id": 63,
            "parent": -1,
            "children": [],
            "user id": "5077873765",
            "user name": "哪天快乐sa",
            "content": "@Astrid雨落下 来来来，看看",
            "time": "15-1-5 00:51"
        },
        {
            "comment id": 64,
            "parent": -1,
            "children": [],
            "user id": "3768895375",
            "user name": "熊小雄雄雄雄雄",
            "content": "扯蛋的新规，我们国家真的解放了吗而不是又回到1840年的鸦片战争时代，闭关锁国、自欺欺人的愚昧政策！！！",
            "time": "15-1-5 00:25"
        },
        {
            "comment id": 65,
            "parent": -1,
            "children": [],
            "user id": "3768895375",
            "user name": "熊小雄雄雄雄雄",
            "content": "#今日电视#广电总局的高官们，你们能不能自我反省一下，为什么我们喜欢看美剧英剧而不看所谓的手撕鬼子、手雷炸飞机etc.脑残抗战剧。就这次武则天而言，请你们回去好好查阅资料，在唐朝我国的发展可谓是空前盛事，女性的衣服着装就得到解放，所以剧里@范冰冰 没有刻意为博眼球才穿这样。",
            "time": "15-1-5 00:24"
        },
        {
            "comment id": 66,
            "parent": -1,
            "children": [],
            "user id": "2424052324",
            "user name": "LEEZYSWAG",
            "content": "很庆幸到时候不在国内",
            "time": "15-1-5 00:19"
        },
        {
            "comment id": 67,
            "parent": -1,
            "children": [],
            "user id": "1789277044",
            "user name": "冷胭YR",
            "content": "意思是我还能看到2月复播的行尸走肉？！另，第六条真是让我醉得不省人事……",
            "time": "15-1-5 00:17"
        },
        {
            "comment id": 68,
            "parent": -1,
            "children": [],
            "user id": "1748027321",
            "user name": "田莹TY",
            "content": "第6、7條真是醉了……",
            "time": "15-1-5 00:14"
        },
        {
            "comment id": 69,
            "parent": -1,
            "children": [],
            "user id": "1801732872",
            "user name": "Hillvinisgood",
            "content": "卧槽  我们要像朝鲜人民看齐了吗？",
            "time": "15-1-5 00:14"
        },
        {
            "comment id": 70,
            "parent": -1,
            "children": [],
            "user id": "2940588371",
            "user name": "江子骁",
            "content": "朝鲜民主主义人民共和国万岁！",
            "time": "15-1-5 00:06"
        },
        {
            "comment id": 71,
            "parent": -1,
            "children": [],
            "user id": "2813243957",
            "user name": "Zzzzzyang-",
            "content": "对于9-10月只能看抗战片最恶心了，难道感受哈手撕鬼子，英雄题材就爱国了吗，真是恶心",
            "time": "15-1-5 00:05"
        },
        {
            "comment id": 72,
            "parent": -1,
            "children": [],
            "user id": "1660762573",
            "user name": "雪梨花",
            "content": "实在为自己处在这个国度感到悲哀",
            "time": "15-1-4 23:59"
        },
        {
            "comment id": 73,
            "parent": -1,
            "children": [],
            "user id": "1672571084",
            "user name": "丁耙猫",
            "content": "很好奇，电视还真的有很多80后在看？自己还真特把自个当回事。6和7是哪位人才想出来的？什么逻辑。",
            "time": "15-1-4 23:59"
        },
        {
            "comment id": 74,
            "parent": -1,
            "children": [],
            "user id": "3603214103",
            "user name": "此号已不完",
            "content": "回复@珵珵珵:广电发疯了",
            "time": "15-1-4 23:54"
        },
        {
            "comment id": 75,
            "parent": -1,
            "children": [],
            "user id": "1883255414",
            "user name": "Maggiex1",
            "content": "回复@Her3611:他妈逼",
            "time": "15-1-4 23:53"
        },
        {
            "comment id": 76,
            "parent": -1,
            "children": [],
            "user id": "1883255414",
            "user name": "Maggiex1",
            "content": "广电，你直接给剧本算了！越来越他妈过份了！怎能让十几亿人口不批判你们如此愚蠢旳制度？让国家向朝鲜并进吗？掩耳盗铃，何其愚昧？难怪越来越多国人崇洋媚外，被逼旳！",
            "time": "15-1-4 23:53"
        },
        {
            "comment id": 77,
            "parent": -1,
            "children": [],
            "user id": "2143109442",
            "user name": "Moody张张",
            "content": "广电总局傻逼",
            "time": "15-1-4 23:48"
        },
        {
            "comment id": 78,
            "parent": -1,
            "children": [],
            "user id": "1883255414",
            "user name": "Maggiex1",
            "content": "sb广电，回到解放前吧",
            "time": "15-1-4 23:47"
        },
        {
            "comment id": 79,
            "parent": -1,
            "children": [],
            "user id": "5243835142",
            "user name": "古丹丹古",
            "content": "哈哈，早恋不许成功！",
            "time": "15-1-4 23:45"
        }
    ]
}