{
    "source": {
        "content": "#诺基亚最后一天#【今天是诺基亚的最后一天，明天正式归入微软旗下】当诺基亚现任CEO约玛·奥利拉在记者招待会上公布同意微软收购时最后说了一句话：我们并没有做错什么，但不知为什么，我们输了。说完几十名诺基亚高管不禁落泪。这些诺基亚手机你曾拥有哪款？追忆那些年你曾经用过的诺基亚_移动版一财网_一财网 via第一财经日报 ",
        "time": "14-7-20 10:22",
        "user id": "1689041330",
        "tweet id": "BepIg2nXZ",
        "label": 1,
        "theme": "财经商业"
    },
    "comment": [
        {
            "comment id": 0,
            "parent": -1,
            "children": [],
            "user id": "1140053701",
            "user name": "DJX-OnePiece",
            "content": "阿门~",
            "time": "14-7-21 02:57"
        },
        {
            "comment id": 1,
            "parent": -1,
            "children": [],
            "user id": "1724721867",
            "user name": "陈家杰",
            "content": "n82 、5230",
            "time": "14-7-20 21:31"
        },
        {
            "comment id": 2,
            "parent": -1,
            "children": [],
            "user id": "1796442440",
            "user name": "波板糖敏",
            "content": "我们并没有做错什么，但不知为什么，我们输了。看左真是好心伤",
            "time": "14-7-20 17:02"
        },
        {
            "comment id": 3,
            "parent": -1,
            "children": [],
            "user id": "1236804852",
            "user name": "Starbucks拉萨",
            "content": "[lt切克闹] 别了，诺基亚。",
            "time": "14-7-20 11:53"
        },
        {
            "comment id": 4,
            "parent": -1,
            "children": [],
            "user id": "2261174934",
            "user name": "Qlin_Chow",
            "content": "唉，可惜了。",
            "time": "14-7-20 11:52"
        },
        {
            "comment id": 5,
            "parent": -1,
            "children": [],
            "user id": "1660628442",
            "user name": "火镀红叶",
            "content": "喜欢诺基亚，n73照相超正",
            "time": "14-7-20 11:52"
        },
        {
            "comment id": 6,
            "parent": -1,
            "children": [],
            "user id": "1236804852",
            "user name": "Starbucks拉萨",
            "content": "今天么？！",
            "time": "14-7-20 11:51"
        },
        {
            "comment id": 7,
            "parent": -1,
            "children": [],
            "user id": "1689041330",
            "user name": "广报G视频",
            "content": "回复@西羌Poka:嗯，新闻发布会是之前。是明天正式，连牌子都没了吧……",
            "time": "14-7-20 11:38"
        },
        {
            "comment id": 8,
            "parent": -1,
            "children": [],
            "user id": "2629131663",
            "user name": "陈志豪-FXF",
            "content": "跟不上时代的变化 就要淘汰。",
            "time": "14-7-20 11:38"
        },
        {
            "comment id": 9,
            "parent": -1,
            "children": [],
            "user id": "1791124730",
            "user name": "--cL-D企鹅",
            "content": "不是做错了就会输也不一定做对了就会赢，大家都惋惜它，但是却不会再买它，现实就是这样",
            "time": "14-7-20 11:35"
        },
        {
            "comment id": 10,
            "parent": -1,
            "children": [],
            "user id": "1272856263",
            "user name": "西羌Poka",
            "content": "时代变了呀，诺基亚没变，所以……",
            "time": "14-7-20 11:26"
        },
        {
            "comment id": 11,
            "parent": -1,
            "children": [],
            "user id": "1708925581",
            "user name": "Weifung_Wu",
            "content": "不是一早就被收购了吗？",
            "time": "14-7-20 11:15"
        },
        {
            "comment id": 12,
            "parent": -1,
            "children": [],
            "user id": "1689041330",
            "user name": "广报G视频",
            "content": "尊敬的老师，诺基亚感激您！摔不烂，诺基亚~ //@钟劲: 上课。我的中学生、成人学生们无一例外用iPhone，我的小学生们用三星。我用Nokia播首歌给他们调琴，然后用Nokia给他们压谱，免得被风扇吹翻。偶尔Nokia摔地上，学生一顿紧张，我淡定地捡起机和壳，合上，继续讲课。",
            "time": "14-7-20 11:09"
        },
        {
            "comment id": 13,
            "parent": -1,
            "children": [],
            "user id": "2298170154",
            "user name": "Richard776",
            "content": "对比表示惋惜却也有点伤感@-巨小巴-",
            "time": "14-7-20 11:04"
        },
        {
            "comment id": 14,
            "parent": -1,
            "children": [],
            "user id": "1290351705",
            "user name": "钟劲",
            "content": "上课。我的中学生、成人学生们无一例外用iPhone，我的小学生们用三星。我用Nokia播首歌给他们调琴，然后用Nokia给他们压谱，免得被风扇吹翻。偶尔Nokia摔地上，学生一顿紧张，我淡定地捡起机和壳，合上，继续讲课。",
            "time": "14-7-20 11:01"
        },
        {
            "comment id": 15,
            "parent": -1,
            "children": [],
            "user id": "1917515043",
            "user name": "山上云海的家",
            "content": "我还在用，十多年同一个牌子：诺基亚！ //@羊城地铁报:嘻嘻，顺道一问，多少铁丝现在和君君一样，怀念着那些年我们一起用过的诺基亚，发送的却是“iPhone客户端”、“iPad客户端”、“Android客户端” ",
            "time": "14-7-20 10:56"
        },
        {
            "comment id": 16,
            "parent": -1,
            "children": [],
            "user id": "3653822363",
            "user name": "居咕哩",
            "content": "",
            "time": "14-7-20 10:45"
        },
        {
            "comment id": 17,
            "parent": -1,
            "children": [],
            "user id": "2042757613",
            "user name": "怒海孤其",
            "content": "不是4月25日已经正式归入了吗？",
            "time": "14-7-20 10:36"
        },
        {
            "comment id": 18,
            "parent": -1,
            "children": [],
            "user id": "1442384347",
            "user name": "子鼠妈妈",
            "content": "我全家都用NOKIA，充电器都共用",
            "time": "14-7-20 10:34"
        },
        {
            "comment id": 19,
            "parent": -1,
            "children": [],
            "user id": "2609048637",
            "user name": "花落重生之门",
            "content": "社会在进步，但诺基亚没有进步，所以被淘汰了，觉得挺可惜的。",
            "time": "14-7-20 10:26"
        },
        {
            "comment id": 20,
            "parent": -1,
            "children": [],
            "user id": "2312337561",
            "user name": "王丽堃",
            "content": "@毛居心何在",
            "time": "14-7-20 10:23"
        }
    ]
}