{
    "source": {
        "content": "#诺基亚的最后一天# “收到过的最美的情话，和撂下过的最狠的气话，都活在诺基亚里。”——这就是Nokia给过我们的最美好的曾经 ",
        "time": "14-7-20 10:52",
        "user id": "1233965570",
        "tweet id": "BepUD6XXs",
        "label": 1,
        "theme": "财经商业"
    },
    "comment": [
        {
            "comment id": 0,
            "parent": -1,
            "children": [],
            "user id": "2010034975",
            "user name": "果儿啦啦啦",
            "content": "@Alvinxy",
            "time": "14-7-20 18:18"
        },
        {
            "comment id": 1,
            "parent": -1,
            "children": [],
            "user id": "2193191137",
            "user name": "hzh嘻嘻嘻",
            "content": "诺基亚被收购的只是手机部门，不是诺基亚全部 。诺基亚没有倒闭，诺基亚现任ceo是苏立，前任是埃洛普。诺基亚现在有三大业务，HERE地图、NSN、高新技术研发 。诺基亚授权微软使用诺基亚商标十年，Lumia/Asha/X商标则卖给微软。编这条谣言的人别有用心。",
            "time": "14-7-20 18:03"
        },
        {
            "comment id": 2,
            "parent": -1,
            "children": [],
            "user id": "2396193343",
            "user name": "杳杳缱绻",
            "content": "现在依旧活在诺基亚里",
            "time": "14-7-20 17:39"
        },
        {
            "comment id": 3,
            "parent": -1,
            "children": [],
            "user id": "1767782763",
            "user name": "白言",
            "content": "微博正文",
            "time": "14-7-20 15:23"
        },
        {
            "comment id": 4,
            "parent": -1,
            "children": [],
            "user id": "2702903720",
            "user name": "木咦木咦",
            "content": "欸。",
            "time": "14-7-20 14:37"
        },
        {
            "comment id": 5,
            "parent": -1,
            "children": [],
            "user id": "2416308985",
            "user name": "懒猫晒太阳zZ",
            "content": "致诺基亚，致青春~~",
            "time": "14-7-20 14:07"
        },
        {
            "comment id": 6,
            "parent": -1,
            "children": [],
            "user id": "1776222733",
            "user name": "Agoni19514",
            "content": "",
            "time": "14-7-20 12:56"
        },
        {
            "comment id": 7,
            "parent": -1,
            "children": [],
            "user id": "2213874713",
            "user name": "筱筱译兵",
            "content": "嗯，看到这句话，泪奔",
            "time": "14-7-20 12:05"
        },
        {
            "comment id": 8,
            "parent": -1,
            "children": [],
            "user id": "1233965570",
            "user name": "川外川",
            "content": "回复@最爱梧桐落满地:哈哈 总得跟着潮流买苹果和安卓",
            "time": "14-7-20 11:00"
        },
        {
            "comment id": 9,
            "parent": -1,
            "children": [],
            "user id": "2511006227",
            "user name": "李小冰凉",
            "content": "又因何因换了苹果？哈哈",
            "time": "14-7-20 10:54"
        }
    ]
}