{
    "source": {
        "content": "#诺基亚的最后一天#向诺基亚致敬!!“英雄末路，美人迟暮”总是让人特别伤感。看到如今手机店里曾经独领风骚的诺基亚手机默默地缩在一个角落，回想诺基亚手机曾经陪伴了我们多少岁月，总是唏嘘不已!— 诺基亚现任CEO说：我们并没有做错什么，但不知为什么，我们输了。”。每次看到这句话都挺难受的 ",
        "time": "14-7-21 09:12",
        "user id": "1914034603",
        "tweet id": "BeyGm1JfH",
        "label": 1,
        "theme": "财经商业"
    },
    "comment": [
        {
            "comment id": 0,
            "parent": -1,
            "children": [],
            "user id": "3797846995",
            "user name": "louriekw",
            "content": "#诺基亚的最后一天#我一直用诺基亚，难道以后都没有诺基亚用了吗？好伤感！我从来不认为苹果和三星有什么好的，质量永远都赶不上诺基亚，可是现在的人只认外观，不认质量了！悲哀啊！",
            "time": "14-7-28 09:27"
        },
        {
            "comment id": 1,
            "parent": -1,
            "children": [],
            "user id": "1967448675",
            "user name": "狸奴MIW",
            "content": "所以我马上买了一部用来收藏纪念！！永远的诺基亚...",
            "time": "14-7-26 11:18"
        },
        {
            "comment id": 2,
            "parent": -1,
            "children": [],
            "user id": "1837646423",
            "user name": "J1haoLee",
            "content": "諾基亞的來電鈴聲不知道多時髦",
            "time": "14-7-25 01:18"
        },
        {
            "comment id": 3,
            "parent": -1,
            "children": [],
            "user id": "3307196322",
            "user name": "FT小方",
            "content": "致敬",
            "time": "14-7-24 22:31"
        },
        {
            "comment id": 4,
            "parent": -1,
            "children": [],
            "user id": "5159481439",
            "user name": "欧越啤酒汇",
            "content": "现在我也用诺基亚 第一部手机3210 3310 N8 6700s N9 lumia800 820 920 1020 1520结束",
            "time": "14-7-23 11:23"
        },
        {
            "comment id": 5,
            "parent": -1,
            "children": [],
            "user id": "1105739697",
            "user name": "121小鸭子过河121",
            "content": "十年之前，十年之后！这就是生活，风水轮流转，说不定10年后的苹果，小偷都看不上了！",
            "time": "14-7-23 02:04"
        },
        {
            "comment id": 6,
            "parent": -1,
            "children": [],
            "user id": "1697163142",
            "user name": "Heyhuy",
            "content": "看到这句心里真的难受极了。",
            "time": "14-7-23 00:31"
        },
        {
            "comment id": 7,
            "parent": -1,
            "children": [],
            "user id": "1859268012",
            "user name": "_Evol_",
            "content": "@Jyxcccccc",
            "time": "14-7-22 23:18"
        }
    ]
}