{
    "source": {
        "content": "【扩散！国产奶粉已经逆袭！】上市刚过百天，君乐宝奶粉成功狙击众多洋奶粉：君乐宝奶粉天猫旗舰店单日销量遥遥领先，将众多洋奶粉品牌甩在身后。Ps：你还买洋奶粉么？ ",
        "time": "14-7-31 10:27",
        "user id": "1887790981",
        "tweet id": "Bg5rU5YH0",
        "label": 0,
        "theme": "医药健康"
    },
    "comment": [
        {
            "comment id": 0,
            "parent": -1,
            "children": [],
            "user id": "5786328238",
            "user name": "我的猫咪麻麻在找你",
            "content": "君乐宝奶粉找杀人犯华🐕‍🦺代言，坚决抵制！！！",
            "time": "21-5-9 11:59"
        },
        {
            "comment id": 1,
            "parent": -1,
            "children": [],
            "user id": "3909116600",
            "user name": "璐璐Winnie德国购_",
            "content": "趁现在国外买奶粉还没让出示孩子证明。趁我还在德国，趁爱他美还没涨价。赶紧来吧。给咱娃囤好货！！把国外最好的带给中国好宝宝！宝宝强中国才能更强！[转发][转发][转发]",
            "time": "14-8-20 04:47"
        },
        {
            "comment id": 2,
            "parent": -1,
            "children": [],
            "user id": "3162317745",
            "user name": "深白之1982",
            "content": "君乐宝，给力哈，",
            "time": "14-8-1 19:01"
        },
        {
            "comment id": 3,
            "parent": -1,
            "children": [],
            "user id": "2315713247",
            "user name": "Jennie_Jing",
            "content": "以前三鹿的奶有个系列就是君乐宝",
            "time": "14-8-1 12:56"
        },
        {
            "comment id": 4,
            "parent": -1,
            "children": [],
            "user id": "3704979007",
            "user name": "儿爱呆",
            "content": "国货有待观察，还是先吃进口的吧。",
            "time": "14-7-31 23:26"
        },
        {
            "comment id": 5,
            "parent": -1,
            "children": [],
            "user id": "2352788480",
            "user name": "马老师在奋斗",
            "content": "呵呵",
            "time": "14-7-31 22:24"
        },
        {
            "comment id": 6,
            "parent": -1,
            "children": [],
            "user id": "2486418200",
            "user name": "ozhao_新野柳芯",
            "content": "广州日报打广告，有病？咩七小编来噶，专业素养甘低！！！",
            "time": "14-7-31 19:16"
        },
        {
            "comment id": 7,
            "parent": -1,
            "children": [],
            "user id": "3175677640",
            "user name": "烟花-非花",
            "content": "君乐宝你可别给我们希望然后又给我们失望啊！中国的孩子伤不起吖！",
            "time": "14-7-31 18:18"
        },
        {
            "comment id": 8,
            "parent": -1,
            "children": [],
            "user id": "2041273521",
            "user name": "LXM-windy1010",
            "content": "日报君，看了这条广告，都想取消关注了",
            "time": "14-7-31 17:59"
        },
        {
            "comment id": 9,
            "parent": -1,
            "children": [],
            "user id": "2041273521",
            "user name": "LXM-windy1010",
            "content": "坚决不卖国产奶粉。它伤透了我们的心",
            "time": "14-7-31 17:57"
        },
        {
            "comment id": 10,
            "parent": -1,
            "children": [],
            "user id": "1872807594",
            "user name": "葉小燕cherry",
            "content": "广日君，你系咪收过黑钱，一味赞国产奶粉点好点好[挖鼻屎][挖鼻屎]",
            "time": "14-7-31 17:52"
        },
        {
            "comment id": 11,
            "parent": -1,
            "children": [],
            "user id": "5110700155",
            "user name": "Pc_p",
            "content": "日报君，你的良心在哪里，甘假的新闻都够胆编，收左人地几钱啊",
            "time": "14-7-31 17:01"
        },
        {
            "comment id": 12,
            "parent": -1,
            "children": [],
            "user id": "2958724330",
            "user name": "无所求111aa",
            "content": "收钱成功逆袭！",
            "time": "14-7-31 16:54"
        },
        {
            "comment id": 13,
            "parent": -1,
            "children": [],
            "user id": "1837411747",
            "user name": "包包爱轩仔",
            "content": "发这条微博的，你敢让你孩子喝这个吗？",
            "time": "14-7-31 16:49"
        },
        {
            "comment id": 14,
            "parent": -1,
            "children": [],
            "user id": "2212146714",
            "user name": "shero-babylee",
            "content": "肯定系收左钱了",
            "time": "14-7-31 16:40"
        },
        {
            "comment id": 15,
            "parent": -1,
            "children": [],
            "user id": "2212146714",
            "user name": "shero-babylee",
            "content": "回复@弦外之音_Jim:我都觉得系有病",
            "time": "14-7-31 16:40"
        },
        {
            "comment id": 16,
            "parent": -1,
            "children": [],
            "user id": "1921405421",
            "user name": "木子木木彡木木彡99",
            "content": "好失望，看到这条微博",
            "time": "14-7-31 16:33"
        },
        {
            "comment id": 17,
            "parent": -1,
            "children": [],
            "user id": "3183949012",
            "user name": "福慧双全322",
            "content": "收了多少钱？",
            "time": "14-7-31 16:10"
        },
        {
            "comment id": 18,
            "parent": -1,
            "children": [],
            "user id": "1931998503",
            "user name": "认真学习版",
            "content": "听到没听过",
            "time": "14-7-31 16:02"
        },
        {
            "comment id": 19,
            "parent": -1,
            "children": [],
            "user id": "1748992243",
            "user name": "Cookieany",
            "content": "这是要掉粉的，日报君你知道吗？",
            "time": "14-7-31 15:59"
        },
        {
            "comment id": 20,
            "parent": -1,
            "children": [],
            "user id": "1789703225",
            "user name": "FADOxing",
            "content": "【三鹿女董事长获减刑 细节不明】三鹿毒奶粉案发近6周年，三鹿女董事长田文华，从无期减刑至18年，而减刑具体缘由，却成了不能对外公布的机密。当年“问责”官员，也大多重新上岗。一位三鹿老员工称，“无期改判有期，再过两三年就保外就医， 这是大家都知道的。”",
            "time": "14-7-31 15:58"
        },
        {
            "comment id": 21,
            "parent": -1,
            "children": [],
            "user id": "1789703225",
            "user name": "FADOxing",
            "content": "呵呵，现在微博靠广告营利也无可口非的，但这广告也做得太不专业了吧。。。",
            "time": "14-7-31 15:56"
        },
        {
            "comment id": 22,
            "parent": -1,
            "children": [],
            "user id": "1718192611",
            "user name": "bbxRock",
            "content": "回复@君乐宝-1号店:",
            "time": "14-7-31 15:32"
        },
        {
            "comment id": 23,
            "parent": -1,
            "children": [],
            "user id": "1114063397",
            "user name": "狂奔的酸菜鱼",
            "content": "作为一个公共媒体，说这个合适吗？",
            "time": "14-7-31 15:23"
        },
        {
            "comment id": 24,
            "parent": -1,
            "children": [],
            "user id": "1990569963",
            "user name": "sz_yvonne",
            "content": "广州日报也没底限吗？",
            "time": "14-7-31 15:19"
        },
        {
            "comment id": 25,
            "parent": -1,
            "children": [],
            "user id": "2739200780",
            "user name": "kaykayoccupied",
            "content": "广州日报！！！竟然做广告！！！",
            "time": "14-7-31 15:15"
        },
        {
            "comment id": 26,
            "parent": -1,
            "children": [],
            "user id": "1759689485",
            "user name": "虎躯一震的Rayvan",
            "content": "回复@君乐宝-1号店:加你老母！",
            "time": "14-7-31 15:05"
        },
        {
            "comment id": 27,
            "parent": -1,
            "children": [],
            "user id": "1759689485",
            "user name": "虎躯一震的Rayvan",
            "content": "你孩子会吃吗白痴小编？我叼你老豆！",
            "time": "14-7-31 15:05"
        },
        {
            "comment id": 28,
            "parent": -1,
            "children": [],
            "user id": "5076916082",
            "user name": "君乐宝-1号店",
            "content": "为民族奶粉加油，为中国妈妈减负！！[江南style]",
            "time": "14-7-31 14:52"
        },
        {
            "comment id": 29,
            "parent": -1,
            "children": [],
            "user id": "2075571743",
            "user name": "wei_wei维维",
            "content": "不负责。。。。",
            "time": "14-7-31 14:50"
        },
        {
            "comment id": 30,
            "parent": -1,
            "children": [],
            "user id": "1727462130",
            "user name": "M_Chocolate",
            "content": "软广告",
            "time": "14-7-31 14:31"
        },
        {
            "comment id": 31,
            "parent": -1,
            "children": [],
            "user id": "2640579070",
            "user name": "洋葱海外直邮_假一赔万",
            "content": "老老实实，收左几多钱帮人打广告",
            "time": "14-7-31 14:21"
        },
        {
            "comment id": 32,
            "parent": -1,
            "children": [],
            "user id": "1745965170",
            "user name": "劍輝K",
            "content": "拿出真实的证据来咯",
            "time": "14-7-31 14:09"
        },
        {
            "comment id": 33,
            "parent": -1,
            "children": [],
            "user id": "2063593421",
            "user name": "IchGehoerNurMir",
            "content": "讨厌这种不负责任的广告",
            "time": "14-7-31 14:00"
        },
        {
            "comment id": 34,
            "parent": -1,
            "children": [],
            "user id": "1572339514",
            "user name": "MR曹皮皮他妈",
            "content": "",
            "time": "14-7-31 13:55"
        },
        {
            "comment id": 35,
            "parent": -1,
            "children": [],
            "user id": "1977061801",
            "user name": "小予滴麻",
            "content": "拿广告当新闻么?有点职业操守好不?!",
            "time": "14-7-31 13:55"
        },
        {
            "comment id": 36,
            "parent": -1,
            "children": [],
            "user id": "3171347923",
            "user name": "月朦笼",
            "content": "垃圾",
            "time": "14-7-31 13:46"
        },
        {
            "comment id": 37,
            "parent": -1,
            "children": [],
            "user id": "2256433170",
            "user name": "Moukie--Youth",
            "content": "建议拿着几罐这牌子的奶粉去国家食品检验局检查检查。呵呵！",
            "time": "14-7-31 13:43"
        },
        {
            "comment id": 38,
            "parent": -1,
            "children": [],
            "user id": "1747017083",
            "user name": "leon331",
            "content": "你还真相信吗？",
            "time": "14-7-31 13:41"
        },
        {
            "comment id": 39,
            "parent": -1,
            "children": [],
            "user id": "1581910667",
            "user name": "小禮君_",
            "content": "给了多少广告费？",
            "time": "14-7-31 13:38"
        },
        {
            "comment id": 40,
            "parent": -1,
            "children": [],
            "user id": "2441095814",
            "user name": "深圳兆顺",
            "content": "通过什么数据说逆袭的，给广州日报的广告费吗？",
            "time": "14-7-31 13:35"
        },
        {
            "comment id": 41,
            "parent": -1,
            "children": [],
            "user id": "1781075925",
            "user name": "一搞事就头晕症",
            "content": "",
            "time": "14-7-31 13:28"
        },
        {
            "comment id": 42,
            "parent": -1,
            "children": [],
            "user id": "2692725937",
            "user name": "夏小辉2013",
            "content": "听都没听说过的牌子，就别谈朋友圈里有人吃这个奶粉的。如果小编家里有人吃，我信……",
            "time": "14-7-31 13:27"
        },
        {
            "comment id": 43,
            "parent": -1,
            "children": [],
            "user id": "1082727607",
            "user name": "黑仔小伈软",
            "content": "淘宝都无真货，广州日报你到底想点啊，果断取消关注啦",
            "time": "14-7-31 13:27"
        },
        {
            "comment id": 44,
            "parent": -1,
            "children": [],
            "user id": "1885206343",
            "user name": "likeautumn",
            "content": "恶心的",
            "time": "14-7-31 13:27"
        },
        {
            "comment id": 45,
            "parent": -1,
            "children": [],
            "user id": "1757563127",
            "user name": "Jeason-l",
            "content": "取消关注",
            "time": "14-7-31 13:17"
        },
        {
            "comment id": 46,
            "parent": -1,
            "children": [],
            "user id": "1767538574",
            "user name": "wenwen1967",
            "content": "毫无职业操守可言！！！鄙视这种做法！！！这哪是新闻报道！！！这就是明目张胆的广告行为！！！你说它遥遥领先，具体证据呢！！！强烈要求删除这样的所谓新闻！！！",
            "time": "14-7-31 13:08"
        },
        {
            "comment id": 47,
            "parent": -1,
            "children": [],
            "user id": "3121024131",
            "user name": "金佑拓",
            "content": "影衰广州啦！@广州物价 @广州日报 @广州公安 广州公安 查处下",
            "time": "14-7-31 13:08"
        },
        {
            "comment id": 48,
            "parent": -1,
            "children": [],
            "user id": "2255496152",
            "user name": "浮云__凉茶",
            "content": "就吹吧你",
            "time": "14-7-31 13:07"
        },
        {
            "comment id": 49,
            "parent": -1,
            "children": [],
            "user id": "1782480265",
            "user name": "广州仔YUYU",
            "content": "卖广告可耻",
            "time": "14-7-31 13:06"
        },
        {
            "comment id": 50,
            "parent": -1,
            "children": [],
            "user id": "1215105327",
            "user name": "言午_仙森",
            "content": "也沦落到要靠广告费来生存的地步了",
            "time": "14-7-31 12:59"
        },
        {
            "comment id": 51,
            "parent": -1,
            "children": [],
            "user id": "3150570752",
            "user name": "小西瓜在梦游",
            "content": "滚粗！！直接取消关注！！！",
            "time": "14-7-31 12:56"
        },
        {
            "comment id": 52,
            "parent": -1,
            "children": [],
            "user id": "3150570752",
            "user name": "小西瓜在梦游",
            "content": "垃圾广州日报！！",
            "time": "14-7-31 12:56"
        },
        {
            "comment id": 53,
            "parent": -1,
            "children": [],
            "user id": "2011590832",
            "user name": "蝶魔摄影",
            "content": "到底收了人家多少广告费[怒駡]",
            "time": "14-7-31 12:55"
        },
        {
            "comment id": 54,
            "parent": -1,
            "children": [],
            "user id": "2291675384",
            "user name": "James邱2011",
            "content": "丢",
            "time": "14-7-31 12:51"
        },
        {
            "comment id": 55,
            "parent": -1,
            "children": [],
            "user id": "1925464132",
            "user name": "今天辞职了吗i",
            "content": "刷单的。",
            "time": "14-7-31 12:48"
        },
        {
            "comment id": 56,
            "parent": -1,
            "children": [],
            "user id": "1852606624",
            "user name": "Crystal_XCX",
            "content": "到时睇下有无报道话出现咩问题的？",
            "time": "14-7-31 12:47"
        },
        {
            "comment id": 57,
            "parent": -1,
            "children": [],
            "user id": "2657527263",
            "user name": "李厷",
            "content": "突然对这个微博感到很失望，国产奶粉大家有目共睹，已经无法欺骗消费者了。再好的国产都比不上洋奶粉，最起码人家企业有良心。",
            "time": "14-7-31 12:46"
        },
        {
            "comment id": 58,
            "parent": -1,
            "children": [],
            "user id": "1931137575",
            "user name": "渔沣海产",
            "content": "扯淡吧，又吃出大头婴。",
            "time": "14-7-31 12:45"
        },
        {
            "comment id": 59,
            "parent": -1,
            "children": [],
            "user id": "1805588862",
            "user name": "麦Doo",
            "content": "你才吃国产奶粉，你全家都吃国产奶粉。现在国产的食物还有安全可言吗？毒大米，毒蒜头，农药蔬菜，瘦肉精，灌水牛肉、、、我们每天都在吃有毒的食物，国家安全部门那里去了？",
            "time": "14-7-31 12:36"
        },
        {
            "comment id": 60,
            "parent": -1,
            "children": [],
            "user id": "1840621460",
            "user name": "清源-creative艺",
            "content": "广州日报收了广告费吧？",
            "time": "14-7-31 12:35"
        },
        {
            "comment id": 61,
            "parent": -1,
            "children": [],
            "user id": "1996019343",
            "user name": "DD小锋",
            "content": "中国制造的奶粉？靠边去吧！吃死人都不偿命的！",
            "time": "14-7-31 12:35"
        },
        {
            "comment id": 62,
            "parent": -1,
            "children": [],
            "user id": "2013422630",
            "user name": "Tanhieuhung",
            "content": "肯定买洋奶粉",
            "time": "14-7-31 12:23"
        },
        {
            "comment id": 63,
            "parent": -1,
            "children": [],
            "user id": "1352335374",
            "user name": "环球收视",
            "content": "廣州日報收了多少錢？",
            "time": "14-7-31 12:22"
        },
        {
            "comment id": 64,
            "parent": -1,
            "children": [],
            "user id": "1731735972",
            "user name": "kaka卡兒",
            "content": "買",
            "time": "14-7-31 12:20"
        },
        {
            "comment id": 65,
            "parent": -1,
            "children": [],
            "user id": "1775170692",
            "user name": "升斗笔亲",
            "content": "sb 小编。收了多少钱打广告？这个牌子听都没听过",
            "time": "14-7-31 12:11"
        },
        {
            "comment id": 66,
            "parent": -1,
            "children": [],
            "user id": "1743528775",
            "user name": "豪塔塔",
            "content": "买",
            "time": "14-7-31 12:11"
        },
        {
            "comment id": 67,
            "parent": -1,
            "children": [],
            "user id": "1061254177",
            "user name": "L海er",
            "content": "我能弱弱说一句：我没有听过这牌子么？？我们都是吃的港奶。。。",
            "time": "14-7-31 12:10"
        },
        {
            "comment id": 68,
            "parent": -1,
            "children": [],
            "user id": "3599323833",
            "user name": "LF881",
            "content": "广州日报也这样做广告？出了问题会可以承担责任吗？天猫也有假的，销量也有假的！",
            "time": "14-7-31 12:00"
        },
        {
            "comment id": 69,
            "parent": -1,
            "children": [],
            "user id": "1750593450",
            "user name": "Yu芸芸yo",
            "content": "听说这个X鹿改名后的？我只是听说，我们在广东这边，一向是港奶。。。。",
            "time": "14-7-31 11:59"
        },
        {
            "comment id": 70,
            "parent": -1,
            "children": [],
            "user id": "1046743490",
            "user name": "Edwin_新琪日",
            "content": "垃圾广告",
            "time": "14-7-31 11:58"
        },
        {
            "comment id": 71,
            "parent": -1,
            "children": [],
            "user id": "1888909302",
            "user name": "Jak_Aquarius",
            "content": "卖广告不止 评论里还那么多水军 收人多少钱了",
            "time": "14-7-31 11:57"
        },
        {
            "comment id": 72,
            "parent": -1,
            "children": [],
            "user id": "1992027143",
            "user name": "wing--zhy",
            "content": "老实说，在广东吃洋奶粉的，有多少人是买进口的？去一次澳门或香港又不麻烦。买国产奶粉的都是其它地区多。",
            "time": "14-7-31 11:48"
        },
        {
            "comment id": 73,
            "parent": -1,
            "children": [],
            "user id": "2078588005",
            "user name": "CaI家雄",
            "content": "你还买洋奶粉么？ Ps：买",
            "time": "14-7-31 11:47"
        },
        {
            "comment id": 74,
            "parent": -1,
            "children": [],
            "user id": "1020336557",
            "user name": "CUTE苗苗",
            "content": "好假。。。。。",
            "time": "14-7-31 11:46"
        },
        {
            "comment id": 75,
            "parent": -1,
            "children": [],
            "user id": "3489606355",
            "user name": "无野谂",
            "content": "这广告................................你发广告不说明？",
            "time": "14-7-31 11:46"
        },
        {
            "comment id": 76,
            "parent": -1,
            "children": [],
            "user id": "3136623265",
            "user name": "LingLing_TO",
            "content": "做出来的数据！看看发达城市的妈妈，会不会买国产奶粉！",
            "time": "14-7-31 11:46"
        },
        {
            "comment id": 77,
            "parent": -1,
            "children": [],
            "user id": "2883806233",
            "user name": "中国行唐2",
            "content": "希望这是国产奶粉重振的标志",
            "time": "14-7-31 11:45"
        },
        {
            "comment id": 78,
            "parent": -1,
            "children": [],
            "user id": "3994678883",
            "user name": "清醒了真痛",
            "content": " 不愧是一直信赖的国产品牌",
            "time": "14-7-31 11:45"
        },
        {
            "comment id": 79,
            "parent": -1,
            "children": [],
            "user id": "1932771550",
            "user name": "在天空写你的名字",
            "content": "怒顶！怒赞",
            "time": "14-7-31 11:45"
        }
    ]
}