{
    "source": {
        "content": "#太仓新闻#【行走黄土高原4个月  太仓医生赴陕北支医】今年3月27日，市一院骨科医生陈俊峰作为苏州市第18批赴陕扶贫支医的志愿者，赶赴陕西榆林进行为期4个月的对口医疗援助工作。这几天，他结束支医任务，返回了太仓。 ",
        "time": "14-8-6 11:02",
        "user id": "3195619433",
        "tweet id": "Bh0f3FoC8",
        "label": 2,
        "theme": "社会生活"
    },
    "comment": [
        {
            "comment id": 0,
            "parent": -1,
            "children": [],
            "user id": "3937990228",
            "user name": "昆仑饭店HotelKunl亨",
            "content": "太仓医生赴陕北支医",
            "time": "14-8-6 21:59"
        },
        {
            "comment id": 1,
            "parent": -1,
            "children": [],
            "user id": "5041332819",
            "user name": "直塘凌子博",
            "content": "转发微博",
            "time": "14-8-6 21:40"
        },
        {
            "comment id": 2,
            "parent": -1,
            "children": [],
            "user id": "5042140116",
            "user name": "碧彤元霜",
            "content": "转发微博",
            "time": "14-8-6 21:34"
        },
        {
            "comment id": 3,
            "parent": -1,
            "children": [],
            "user id": "2830617112",
            "user name": "小苏-娄晴",
            "content": "回复@米妮日志:老照片好，是因为照片里的人年经。哈。",
            "time": "14-8-6 17:18"
        },
        {
            "comment id": 4,
            "parent": -1,
            "children": [],
            "user id": "2830617112",
            "user name": "小苏-娄晴",
            "content": "１８批了。那一年去看志愿者，应该是０６年。那一次动员会，哈，太仓一院某同志还保留了张照片，哈@米妮日志",
            "time": "14-8-6 11:48"
        },
        {
            "comment id": 5,
            "parent": -1,
            "children": [],
            "user id": "2203719567",
            "user name": "洛梵映画-小洛",
            "content": "赞～",
            "time": "14-8-6 11:31"
        }
    ]
}