{
    "source": {
        "content": "作为全省“文明餐桌”活动的牵头单位，省商务厅在反对“舌尖上的浪费”上有哪些措施？随着电子商务的快速发展，怎么保证网购安全？8月18号早7：30的《政府在线》“政风行风评议”节目，省商务厅党组书记、厅长焦锦淼 将做客直播室，在线解答听众网友关注的问题。欢迎参与互动，跟贴留言@河南新闻广播 ",
        "time": "14-8-15 18:00",
        "user id": "1779611923",
        "tweet id": "BipPgFzjG",
        "label": 2,
        "theme": "医药健康"
    },
    "comment": [
        {
            "comment id": 0,
            "parent": -1,
            "children": [],
            "user id": "1607651117",
            "user name": "截瘫伤友",
            "content": "回复@九六防化兵:今天联系邓州市商务局郭松泉局长，他说他是外行，转到商务局执法队，邓州市商务局是外行领导内行？@河南新闻广播政府在线 @河南新闻广播",
            "time": "14-9-1 11:22"
        },
        {
            "comment id": 1,
            "parent": -1,
            "children": [],
            "user id": "1607651117",
            "user name": "截瘫伤友",
            "content": "回复@小峰的Radio:十一年来政府在线节目变了，不解决问题了",
            "time": "14-8-20 07:45"
        },
        {
            "comment id": 2,
            "parent": -1,
            "children": [],
            "user id": "2917766114",
            "user name": "小峰的Radio",
            "content": "回复@九六防化兵:哦，谢谢！",
            "time": "14-8-18 10:16"
        },
        {
            "comment id": 3,
            "parent": -1,
            "children": [],
            "user id": "1607651117",
            "user name": "截瘫伤友",
            "content": "七点到七点半新闻中说商务厅开发手机上用的电子商务软件叫啥？能下吗？",
            "time": "14-8-18 07:36"
        },
        {
            "comment id": 4,
            "parent": -1,
            "children": [],
            "user id": "1607651117",
            "user name": "截瘫伤友",
            "content": "回复@小峰的Radio:因为河南人民广播电台台长是个贪污犯，收受邓州市的贿赂把你反映邓州的问题都压下了，它已被逮",
            "time": "14-8-18 07:34"
        },
        {
            "comment id": 5,
            "parent": -1,
            "children": [],
            "user id": "2917766114",
            "user name": "小峰的Radio",
            "content": "一直以来多次通过节目反映问题，反映后一点消息也没有了！基层各个部门也都不回复！",
            "time": "14-8-18 05:59"
        },
        {
            "comment id": 6,
            "parent": -1,
            "children": [],
            "user id": "1607651117",
            "user name": "截瘫伤友",
            "content": "请问焦厅长，占压道路红线，没有成品油经营许可证的违规加油站商务部门是如何管理的？邓州市穰东镇煜婕加油站被查封后又开业二年没人管，邓州市商务局在哪里做什么?_?",
            "time": "14-8-17 20:56"
        }
    ]
}