{
    "source": {
        "content": "昨天邵逸夫先生出殡了... 一个外国人乔布斯去世的时候，我们中国人铺天卷地的刷屏，而邵逸夫去世了，却没有看见有人悼念，我们有千百个学校的教学楼叫做“逸夫教学楼”，多少医院有“逸夫门诊楼＂，这位老人一生捐赠了数以千百亿计的医疗设施和教育设施，伟大的逸夫老先生，一路走好！我转了! ",
        "time": "14-9-6 23:52",
        "user id": "1074309907",
        "tweet id": "BlNwSCWWb",
        "label": 1,
        "theme": "文体娱乐"
    },
    "comment": [
        {
            "comment id": 0,
            "parent": -1,
            "children": [],
            "user id": "3104291905",
            "user name": "takeruru_",
            "content": "啊，昨天就觉得有点不对，但还是转了，来对博主表示鄙视",
            "time": "14-9-19 14:11"
        },
        {
            "comment id": 1,
            "parent": -1,
            "children": [],
            "user id": "3605975093",
            "user name": "桃花拂雪",
            "content": "愿先生在那里也平安喜乐",
            "time": "14-9-13 18:01"
        },
        {
            "comment id": 2,
            "parent": -1,
            "children": [],
            "user id": "2492595692",
            "user name": "初箭_",
            "content": "转发微博",
            "time": "14-9-13 13:29"
        },
        {
            "comment id": 3,
            "parent": -1,
            "children": [],
            "user id": "1961441915",
            "user name": "银橐驼_Y",
            "content": "假消息",
            "time": "14-9-13 11:22"
        },
        {
            "comment id": 4,
            "parent": -1,
            "children": [],
            "user id": "1778960641",
            "user name": "Minlsssslmy",
            "content": "点蜡烛那些真是凑什么热闹",
            "time": "14-9-13 09:07"
        },
        {
            "comment id": 5,
            "parent": -1,
            "children": [],
            "user id": "1844705370",
            "user name": "何婷婷Ava",
            "content": "尼玛，好几个月了，能不能尊重一下！",
            "time": "14-9-12 22:41"
        },
        {
            "comment id": 6,
            "parent": -1,
            "children": [],
            "user id": "1898089114",
            "user name": "Hydra_CAT",
            "content": "转发这么多能抓么",
            "time": "14-9-12 13:18"
        },
        {
            "comment id": 7,
            "parent": -1,
            "children": [],
            "user id": "2107933710",
            "user name": "叮咛咛林霖",
            "content": "你这才是不尊重他，没常识就不要乱发。",
            "time": "14-9-12 09:46"
        },
        {
            "comment id": 8,
            "parent": -1,
            "children": [],
            "user id": "2886591027",
            "user name": "猛男不会生气",
            "content": "怎么还不删？原po智商捉急",
            "time": "14-9-11 23:44"
        },
        {
            "comment id": 9,
            "parent": -1,
            "children": [],
            "user id": "1964048017",
            "user name": "超级无敌小婶婶",
            "content": "假消息请别传播了",
            "time": "14-9-11 22:57"
        },
        {
            "comment id": 10,
            "parent": -1,
            "children": [],
            "user id": "2099457601",
            "user name": "彩彩眼怪",
            "content": "傻逼",
            "time": "14-9-11 22:56"
        },
        {
            "comment id": 11,
            "parent": -1,
            "children": [],
            "user id": "1772725533",
            "user name": "ztymami",
            "content": "刚搜了下，还有些脑残转发 有病吧都",
            "time": "14-9-11 22:25"
        },
        {
            "comment id": 12,
            "parent": -1,
            "children": [],
            "user id": "2167643271",
            "user name": "执着的沙丁鱼",
            "content": "我们利辛还有逸夫小学呢。",
            "time": "14-9-11 22:11"
        },
        {
            "comment id": 13,
            "parent": -1,
            "children": [],
            "user id": "2241871890",
            "user name": "-随-遇-而-安",
            "content": "脑残，逗比",
            "time": "14-9-11 19:25"
        },
        {
            "comment id": 14,
            "parent": -1,
            "children": [],
            "user id": "3117407057",
            "user name": "岛歌随风飘_",
            "content": "快删了吧",
            "time": "14-9-11 10:58"
        },
        {
            "comment id": 15,
            "parent": -1,
            "children": [],
            "user id": "1920917881",
            "user name": "第十滴沥青",
            "content": "傻逼",
            "time": "14-9-10 19:58"
        },
        {
            "comment id": 16,
            "parent": -1,
            "children": [],
            "user id": "1564009042",
            "user name": "xixi_小幸运",
            "content": "脑残",
            "time": "14-9-10 16:10"
        },
        {
            "comment id": 17,
            "parent": -1,
            "children": [],
            "user id": "1932000923",
            "user name": "啾小熊軟糖",
            "content": "真他吗丢河南人的脸",
            "time": "14-9-10 10:42"
        },
        {
            "comment id": 18,
            "parent": -1,
            "children": [],
            "user id": "2347857161",
            "user name": "加州小甜豆",
            "content": "因我没有核实信息就转发了 很对不起大家",
            "time": "14-9-10 00:39"
        },
        {
            "comment id": 19,
            "parent": -1,
            "children": [],
            "user id": "1985075147",
            "user name": "奔波妹要好好生活",
            "content": "low逼",
            "time": "14-9-9 20:46"
        },
        {
            "comment id": 20,
            "parent": -1,
            "children": [],
            "user id": "5263403526",
            "user name": "池上橘柚",
            "content": "你还是去玩空间吧",
            "time": "14-9-9 20:27"
        },
        {
            "comment id": 21,
            "parent": -1,
            "children": [],
            "user id": "1031709631",
            "user name": "王者之妻",
            "content": "昨天？是什么时候？",
            "time": "14-9-9 13:09"
        },
        {
            "comment id": 22,
            "parent": -1,
            "children": [],
            "user id": "3607729007",
            "user name": "瓶子米米喵",
            "content": "不是早死了么…当时悼念了啊",
            "time": "14-9-9 13:03"
        },
        {
            "comment id": 23,
            "parent": -1,
            "children": [],
            "user id": "1916221697",
            "user name": "李梦迪吃西瓜",
            "content": "邵逸夫天天去世。。",
            "time": "14-9-9 10:21"
        },
        {
            "comment id": 24,
            "parent": -1,
            "children": [],
            "user id": "1799568580",
            "user name": "狂躁的小船",
            "content": "过500了",
            "time": "14-9-9 08:38"
        },
        {
            "comment id": 25,
            "parent": -1,
            "children": [],
            "user id": "2280337790",
            "user name": "一桶米饭一桶肉",
            "content": " 你妈个傻逼，发布虚假信息博取眼球？最他妈讨厌你这种恶心狗，滚！",
            "time": "14-9-9 00:25"
        },
        {
            "comment id": 26,
            "parent": -1,
            "children": [],
            "user id": "3499270240",
            "user name": "SaungHninWai",
            "content": "对啊，现在才想起在书上看到过老先生已经去世了，但看到还是转了",
            "time": "14-9-8 23:29"
        },
        {
            "comment id": 27,
            "parent": -1,
            "children": [],
            "user id": "1162722863",
            "user name": "Sherly-Commander",
            "content": "记得老先生已去世好久，但看到还是转了，十分抱歉……",
            "time": "14-9-8 23:22"
        },
        {
            "comment id": 28,
            "parent": -1,
            "children": [],
            "user id": "2553486551",
            "user name": "仙女庙方丈小狮飞吻",
            "content": "回复@_夏雪o_O:智商捉急啊",
            "time": "14-9-8 22:01"
        },
        {
            "comment id": 29,
            "parent": -1,
            "children": [],
            "user id": "2721695950",
            "user name": "朶米缇",
            "content": "回复@keke握住benben的手:今年一月份就去世了，微博上好多人都在刷的",
            "time": "14-9-8 20:17"
        },
        {
            "comment id": 30,
            "parent": -1,
            "children": [],
            "user id": "2158108757",
            "user name": "就咯啦咯啦咯啦",
            "content": "完全不懂那些转达加蜡烛的几个意思。。",
            "time": "14-9-8 17:35"
        },
        {
            "comment id": 31,
            "parent": -1,
            "children": [],
            "user id": "2632412177",
            "user name": "_浮一大白",
            "content": "空间狗即视感",
            "time": "14-9-8 17:18"
        },
        {
            "comment id": 32,
            "parent": -1,
            "children": [],
            "user id": "1902120222",
            "user name": "Nichole-Blog",
            "content": "😱😱",
            "time": "14-9-8 16:40"
        },
        {
            "comment id": 33,
            "parent": -1,
            "children": [],
            "user id": "1965719687",
            "user name": "kekelcyy-",
            "content": "回复@销魂的蛋包饭:这样啊 我以为还在",
            "time": "14-9-8 16:28"
        },
        {
            "comment id": 34,
            "parent": -1,
            "children": [],
            "user id": "2845046462",
            "user name": "咸芝士粉和嫩里脊猪排我和你",
            "content": "对不起对不起真的对不起QAQ",
            "time": "14-9-8 14:28"
        },
        {
            "comment id": 35,
            "parent": -1,
            "children": [],
            "user id": "3290144257",
            "user name": "Happiness-煥",
            "content": "😡😡😡😡😡！！！！真心對不起！原po可以去死了",
            "time": "14-9-8 13:50"
        },
        {
            "comment id": 36,
            "parent": -1,
            "children": [],
            "user id": "3348841844",
            "user name": "形成两面包夹芝士",
            "content": "卧槽被骗了",
            "time": "14-9-8 13:34"
        },
        {
            "comment id": 37,
            "parent": -1,
            "children": [],
            "user id": "3137000430",
            "user name": "正常的神经病_",
            "content": "对不起老先生=_=",
            "time": "14-9-8 12:50"
        },
        {
            "comment id": 38,
            "parent": -1,
            "children": [],
            "user id": "3137000430",
            "user name": "正常的神经病_",
            "content": "卧槽骗子",
            "time": "14-9-8 12:50"
        },
        {
            "comment id": 39,
            "parent": -1,
            "children": [],
            "user id": "3544344131",
            "user name": "galaxy_ana",
            "content": "老先生抱歉",
            "time": "14-9-8 12:49"
        },
        {
            "comment id": 40,
            "parent": -1,
            "children": [],
            "user id": "3544344131",
            "user name": "galaxy_ana",
            "content": "真恶心",
            "time": "14-9-8 12:49"
        },
        {
            "comment id": 41,
            "parent": -1,
            "children": [],
            "user id": "1941152365",
            "user name": "WJX一BIC",
            "content": " 假的！！！",
            "time": "14-9-8 12:29"
        },
        {
            "comment id": 42,
            "parent": -1,
            "children": [],
            "user id": "1780862537",
            "user name": "销魂的蛋包饭",
            "content": "回复@keke握住benben的手:不是还健在，是年初就去世了……",
            "time": "14-9-8 12:22"
        },
        {
            "comment id": 43,
            "parent": -1,
            "children": [],
            "user id": "3874265332",
            "user name": "不谈正义_",
            "content": "我就说怎么感觉这么奇怪，老先生对不起......",
            "time": "14-9-8 11:50"
        },
        {
            "comment id": 44,
            "parent": -1,
            "children": [],
            "user id": "3197975430",
            "user name": "钺夭",
            "content": "我们学校就有//@优姬每天被哥哥们papapa了: //@八歧樱最爱八歧龙儿了: //@芽子meko_: //@麦尼拔_天台常驻人员: //@西门雪珊_开学了真讨厌QAQ://@JohnHamishWatsonLock:  //@坂田匿名: //@糖泥酥: //@我这束光可是J2味儿的光: //@眨眼儿-:",
            "time": "14-9-8 11:47"
        },
        {
            "comment id": 45,
            "parent": -1,
            "children": [],
            "user id": "2070650703",
            "user name": "XCOXGO",
            "content": "老先生对不起！！",
            "time": "14-9-8 11:44"
        },
        {
            "comment id": 46,
            "parent": -1,
            "children": [],
            "user id": "1965719687",
            "user name": "kekelcyy-",
            "content": "我就说好像还健在啊",
            "time": "14-9-8 11:19"
        },
        {
            "comment id": 47,
            "parent": -1,
            "children": [],
            "user id": "2306624872",
            "user name": "耀仙_就是想要小钱钱",
            "content": "抱歉没有好好核实就转了，老先生抱歉！",
            "time": "14-9-8 11:15"
        },
        {
            "comment id": 48,
            "parent": -1,
            "children": [],
            "user id": "1880713672",
            "user name": "才不会告诉你我有胸",
            "content": "去世不是很久了？",
            "time": "14-9-8 11:10"
        },
        {
            "comment id": 49,
            "parent": -1,
            "children": [],
            "user id": "1790024773",
            "user name": "金属铱",
            "content": "傻逼们就不知道百度一下“邵逸夫”这仨字吗？",
            "time": "14-9-8 11:04"
        },
        {
            "comment id": 50,
            "parent": -1,
            "children": [],
            "user id": "3104291905",
            "user name": "takeruru_",
            "content": "啊，昨天就觉得有点不对，但还是转了，来对博主表示鄙视",
            "time": "14-9-8 10:57"
        },
        {
            "comment id": 51,
            "parent": -1,
            "children": [],
            "user id": "2877627250",
            "user name": "仰望星空星永恒",
            "content": "老先生对不起",
            "time": "14-9-8 10:55"
        },
        {
            "comment id": 52,
            "parent": -1,
            "children": [],
            "user id": "1797198960",
            "user name": "霓虹lee",
            "content": "我能骂人么？！",
            "time": "14-9-8 10:36"
        },
        {
            "comment id": 53,
            "parent": -1,
            "children": [],
            "user id": "3051473122",
            "user name": "我要下凡了",
            "content": "不实",
            "time": "14-9-8 10:32"
        },
        {
            "comment id": 54,
            "parent": -1,
            "children": [],
            "user id": "2714769323",
            "user name": "only-日獭梨-",
            "content": "我就觉得有点奇怪，但还是转了，老先生对不起",
            "time": "14-9-8 10:32"
        },
        {
            "comment id": 55,
            "parent": -1,
            "children": [],
            "user id": "1953198304",
            "user name": "YVONNEEE-",
            "content": "博主你更恶心[呵呵]走好不送。",
            "time": "14-9-8 10:24"
        },
        {
            "comment id": 56,
            "parent": -1,
            "children": [],
            "user id": "1738900372",
            "user name": "一大颗撒尿牛丸",
            "content": "博主你凉了",
            "time": "14-9-8 10:20"
        },
        {
            "comment id": 57,
            "parent": -1,
            "children": [],
            "user id": "1794903192",
            "user name": "esss葡萄",
            "content": "煞笔",
            "time": "14-9-8 10:08"
        },
        {
            "comment id": 58,
            "parent": -1,
            "children": [],
            "user id": "2978786167",
            "user name": "暴躁羊驼驼",
            "content": "po主你妈炸了",
            "time": "14-9-8 10:01"
        },
        {
            "comment id": 59,
            "parent": -1,
            "children": [],
            "user id": "3232564590",
            "user name": "油炸洋芋怪",
            "content": "你麻痹！你这种人打脸啪啪啪",
            "time": "14-9-8 09:59"
        },
        {
            "comment id": 60,
            "parent": -1,
            "children": [],
            "user id": "1942013781",
            "user name": "劝膳惩饿-",
            "content": "卧槽被骗了qwq老先生对不起",
            "time": "14-9-8 09:59"
        },
        {
            "comment id": 61,
            "parent": -1,
            "children": [],
            "user id": "2840110657",
            "user name": "二月中所绽放的墨墨",
            "content": "真不知道你们这群黑人死去的消息的人怎么想的，人家活的好好的说人家死了，缺不缺德！已经死去的人也不让人家安息又拿出来造谣，有良心没良心，什么心态！这样造业，自会自食其业果！",
            "time": "14-9-8 09:48"
        },
        {
            "comment id": 62,
            "parent": -1,
            "children": [],
            "user id": "2392675507",
            "user name": "梁溪冷泉君魏璎韬",
            "content": "老人停了八九个月才出殡也是蛮拼的···老人走好！！！",
            "time": "14-9-8 09:24"
        },
        {
            "comment id": 63,
            "parent": -1,
            "children": [],
            "user id": "5211181403",
            "user name": "小峰子LoveYouForever",
            "content": "漠良心！",
            "time": "14-9-8 09:23"
        },
        {
            "comment id": 64,
            "parent": -1,
            "children": [],
            "user id": "2860324752",
            "user name": "大药药爱哈鲁鲁",
            "content": "你妈凉了",
            "time": "14-9-8 09:15"
        },
        {
            "comment id": 65,
            "parent": -1,
            "children": [],
            "user id": "1568046610",
            "user name": "送鸡蛋",
            "content": "该死的大V",
            "time": "14-9-8 09:15"
        },
        {
            "comment id": 66,
            "parent": -1,
            "children": [],
            "user id": "5021431231",
            "user name": "刘你今天学习了吗",
            "content": "渊博真的恶心",
            "time": "14-9-8 09:11"
        },
        {
            "comment id": 67,
            "parent": -1,
            "children": [],
            "user id": "1912497832",
            "user name": "云释梦-喵嗷嗷嗷嗷",
            "content": "老先生对不起",
            "time": "14-9-8 09:10"
        },
        {
            "comment id": 68,
            "parent": -1,
            "children": [],
            "user id": "3249922894",
            "user name": "天上又要下雨啦",
            "content": "妈蛋老先生对不起",
            "time": "14-9-8 09:09"
        },
        {
            "comment id": 69,
            "parent": -1,
            "children": [],
            "user id": "3831702428",
            "user name": "狗屎beng红糖",
            "content": "[愤怒][愤怒][愤怒][愤怒][愤怒][愤怒]",
            "time": "14-9-8 09:08"
        },
        {
            "comment id": 70,
            "parent": -1,
            "children": [],
            "user id": "5059877576",
            "user name": "小鸟是肥啾",
            "content": "卧槽。。我被骗了。。",
            "time": "14-9-8 08:55"
        },
        {
            "comment id": 71,
            "parent": -1,
            "children": [],
            "user id": "2660190474",
            "user name": "实力卖萌小能手",
            "content": "转发已过五百保重",
            "time": "14-9-8 08:39"
        },
        {
            "comment id": 72,
            "parent": -1,
            "children": [],
            "user id": "1763504760",
            "user name": "如海不要放弃治疗",
            "content": "居然还有好多人跟着转…",
            "time": "14-9-8 08:38"
        },
        {
            "comment id": 73,
            "parent": -1,
            "children": [],
            "user id": "2271757862",
            "user name": "高冷范的小贱贱",
            "content": "放大半年才出殡也不怕臭了…",
            "time": "14-9-8 08:30"
        },
        {
            "comment id": 74,
            "parent": -1,
            "children": [],
            "user id": "3091578212",
            "user name": "CornIsSweetCorn",
            "content": "造谣一时爽，全家火葬场。",
            "time": "14-9-8 08:30"
        },
        {
            "comment id": 75,
            "parent": -1,
            "children": [],
            "user id": "1913549453",
            "user name": "kiki不腐不舒服斯基",
            "content": "造谣一时爽，后面你懂得。",
            "time": "14-9-8 08:25"
        },
        {
            "comment id": 76,
            "parent": -1,
            "children": [],
            "user id": "1874450583",
            "user name": "灵犀听雨",
            "content": "SB",
            "time": "14-9-8 08:22"
        },
        {
            "comment id": 77,
            "parent": -1,
            "children": [],
            "user id": "2195819380",
            "user name": "伊达锦",
            "content": "他也不一定是骗，就是不看新闻随便乱转吧。现在红了",
            "time": "14-9-8 08:13"
        },
        {
            "comment id": 78,
            "parent": -1,
            "children": [],
            "user id": "3627317937",
            "user name": "留啊白",
            "content": "回复@伦理师:一个大v说这么傻逼的话，孩子，有种你别吃河南的梁！要点儿逼脸好么！",
            "time": "14-9-8 08:10"
        },
        {
            "comment id": 79,
            "parent": -1,
            "children": [],
            "user id": "1604635561",
            "user name": "没见过这么无聊的人",
            "content": "傻逼",
            "time": "14-9-8 08:10"
        }
    ]
}