{
    "source": {
        "content": "今天邵逸夫先生出殡了…一个外国人乔布斯去世的时候，我们中国人铺天盖地的刷屏，而邵逸夫去世了，却没有看见有人悼念，有千百个学校的教学楼叫“逸夫教学楼”，多少医院有“逸夫门诊楼”，一生捐赠了数以千百亿计的医疗设施和教育设施，对国人来说，他真的比乔布斯伟大的多，老先生一路走好！默哀！！ ",
        "time": "14-9-10 16:34",
        "user id": "1749614127",
        "tweet id": "Bmmnq0SnR",
        "label": 1,
        "theme": "文体娱乐"
    },
    "comment": [
        {
            "comment id": 0,
            "parent": -1,
            "children": [],
            "user id": "1749614127",
            "user name": "华中鸿儒卢迎春",
            "content": "回复@沈培鑫V:您批评的是，我只是想让大家在教师节这一天怀念一下邵老，如有不当之处请见谅！",
            "time": "14-9-10 21:41"
        },
        {
            "comment id": 1,
            "parent": -1,
            "children": [],
            "user id": "1749614127",
            "user name": "华中鸿儒卢迎春",
            "content": "回复@enby:您批评的是，我只是想让大家在教师节这一天怀念一下邵老，如有不当之处请见谅！",
            "time": "14-9-10 21:18"
        },
        {
            "comment id": 2,
            "parent": -1,
            "children": [],
            "user id": "1434975700",
            "user name": "enby",
            "content": "邵逸夫很牛逼！乔布斯很牛逼！楼主很傻逼！",
            "time": "14-9-10 19:38"
        },
        {
            "comment id": 3,
            "parent": -1,
            "children": [],
            "user id": "1688463381",
            "user name": "偷油塔的日常",
            "content": "一群什么人？！！！还特么尊敬悼念邵逸夫先生，邵逸夫1月去世，给你们这些傻屌传成昨天出殡？！真正尊敬的连邵逸夫先生真正出殡日都不知道？",
            "time": "14-9-10 18:21"
        },
        {
            "comment id": 4,
            "parent": -1,
            "children": [],
            "user id": "1306642662",
            "user name": "罗林虎",
            "content": "我很怀念邵氏以前的老片，乾隆系列画面很唯美，很精彩。//@王总90前: //@著名女神:",
            "time": "14-9-10 17:33"
        },
        {
            "comment id": 5,
            "parent": -1,
            "children": [],
            "user id": "2847447271",
            "user name": "7小豆儿",
            "content": "走好",
            "time": "14-9-10 16:59"
        },
        {
            "comment id": 6,
            "parent": -1,
            "children": [],
            "user id": "2978832567",
            "user name": "热剧馆长",
            "content": "//@著名女神: ",
            "time": "14-9-10 16:42"
        },
        {
            "comment id": 7,
            "parent": -1,
            "children": [],
            "user id": "2805488905",
            "user name": "阿玉阿玉阿玉yuyuyu",
            "content": "",
            "time": "14-9-10 16:39"
        },
        {
            "comment id": 8,
            "parent": -1,
            "children": [],
            "user id": "1749614127",
            "user name": "华中鸿儒卢迎春",
            "content": "请为他老人家默哀@北京华夏管理学院 @人力资源研究 @娇婆娘 @著名女神 @五个毛线琪",
            "time": "14-9-10 16:38"
        }
    ]
}