{
    "source": {
        "content": "【河大14级新生军训时表白被开除】河南大学一14级新生在阅兵大会时冲上讲台，抢了正在讲话的大校军官的话筒，向学姐表白，被开除学籍，同时连累一万多人受罚。据悉该男孩去年考上郑大，为了女孩，复读一年考上河大，然后军训表白被开除… ",
        "time": "14-9-10 18:33",
        "user id": "2857068192",
        "tweet id": "Bmn9Kh1xp",
        "label": 1,
        "theme": "教育考试"
    },
    "comment": [
        {
            "comment id": 0,
            "parent": -1,
            "children": [],
            "user id": "1293295524",
            "user name": "ufo带来的鱼",
            "content": "回复@祖国小花朵LiLy:学校雪木有开除",
            "time": "14-9-11 10:27"
        },
        {
            "comment id": 1,
            "parent": -1,
            "children": [],
            "user id": "1859455420",
            "user name": "倔强的小铁锅",
            "content": "@ufo带来的鱼 哈哈",
            "time": "14-9-11 01:05"
        },
        {
            "comment id": 2,
            "parent": -1,
            "children": [],
            "user id": "5086242723",
            "user name": "福祁庙孔",
            "content": "郑大的分数线不是比河大高吗？",
            "time": "14-9-10 23:41"
        },
        {
            "comment id": 3,
            "parent": -1,
            "children": [],
            "user id": "1445863951",
            "user name": "饮马忘川河",
            "content": "应该的",
            "time": "14-9-10 21:52"
        },
        {
            "comment id": 4,
            "parent": -1,
            "children": [],
            "user id": "5269236406",
            "user name": "Choi珉豪-",
            "content": "有点吓人",
            "time": "14-9-10 21:05"
        },
        {
            "comment id": 5,
            "parent": -1,
            "children": [],
            "user id": "3867284393",
            "user name": "mas等着我",
            "content": "假的。",
            "time": "14-9-10 20:27"
        },
        {
            "comment id": 6,
            "parent": -1,
            "children": [],
            "user id": "2985857841",
            "user name": "请假条就系神器",
            "content": "这是没有妹子会死的节奏吗？！",
            "time": "14-9-10 20:20"
        },
        {
            "comment id": 7,
            "parent": -1,
            "children": [],
            "user id": "3132811443",
            "user name": "夯犇骉",
            "content": "这配图是几个意思 [挖鼻屎]",
            "time": "14-9-10 20:16"
        },
        {
            "comment id": 8,
            "parent": -1,
            "children": [],
            "user id": "2616590857",
            "user name": "心灵砒霜良心制造厂家V",
            "content": "觉得真的过了，这男的可能还没过冲动期",
            "time": "14-9-10 20:15"
        },
        {
            "comment id": 9,
            "parent": -1,
            "children": [],
            "user id": "3140202241",
            "user name": "_芙芙_",
            "content": "这样会搞得这个女生也很尴尬的。",
            "time": "14-9-10 20:13"
        },
        {
            "comment id": 10,
            "parent": -1,
            "children": [],
            "user id": "5090168223",
            "user name": "佛系电商",
            "content": "从此有了不同常人的人生",
            "time": "14-9-10 20:11"
        },
        {
            "comment id": 11,
            "parent": -1,
            "children": [],
            "user id": "1869111334",
            "user name": "归归归归归归归归归零l",
            "content": "有病",
            "time": "14-9-10 20:11"
        },
        {
            "comment id": 12,
            "parent": -1,
            "children": [],
            "user id": "2446747993",
            "user name": "酷酷的小朋友",
            "content": "人家为了一女生多努力，，，唉~",
            "time": "14-9-10 20:09"
        },
        {
            "comment id": 13,
            "parent": -1,
            "children": [],
            "user id": "2263358762",
            "user name": "刀尖上的舞者1971",
            "content": "转发微博",
            "time": "14-9-10 19:35"
        },
        {
            "comment id": 14,
            "parent": -1,
            "children": [],
            "user id": "2807363877",
            "user name": "一路彩虹_",
            "content": "必须开 军训就应该严格服从命令 在部队一个罗罗敢去抢大校的话筒 除了后台硬 否则完蛋了",
            "time": "14-9-10 19:30"
        },
        {
            "comment id": 15,
            "parent": -1,
            "children": [],
            "user id": "3008480817",
            "user name": "随风飘逸bat",
            "content": "贱人",
            "time": "14-9-10 19:29"
        },
        {
            "comment id": 16,
            "parent": -1,
            "children": [],
            "user id": "5281900306",
            "user name": "杜娟花528",
            "content": "有点儿过分了",
            "time": "14-9-10 19:21"
        },
        {
            "comment id": 17,
            "parent": -1,
            "children": [],
            "user id": "2537831821",
            "user name": "大树小树老树",
            "content": "勇气可嘉，我是校长也会开除他。",
            "time": "14-9-10 18:57"
        },
        {
            "comment id": 18,
            "parent": -1,
            "children": [],
            "user id": "3500153415",
            "user name": "会打高尔夫的厨子",
            "content": "玩儿大了。。。",
            "time": "14-9-10 18:43"
        },
        {
            "comment id": 19,
            "parent": -1,
            "children": [],
            "user id": "1679726461",
            "user name": "xxxxyy1",
            "content": "[挖鼻屎][挖鼻屎]不做死就不会死",
            "time": "14-9-10 18:39"
        }
    ]
}