{
    "source": {
        "content": "邵逸夫先生出殡了，一个布斯去世的时候，我们铺天盖地的刷屏，而邵逸夫去世了，却没有看见有人悼念，我们有千百个学校的教学楼叫“逸夫教学楼”，多少医院有“逸夫门诊楼”，这位老人一生捐赠了数以千百亿计的医疗设施和教育设施，对国人来说，他真的比乔布斯伟大的多，逸夫老先生一路走好！默哀！ ",
        "time": "14-9-12 00:06",
        "user id": "1173657193",
        "tweet id": "BmyL7yc7r",
        "label": 1,
        "theme": "文体娱乐"
    },
    "comment": [
        {
            "comment id": 0,
            "parent": -1,
            "children": [],
            "user id": "2816480455",
            "user name": "一梦千年-May",
            "content": "早上好，哥哥",
            "time": "14-9-15 07:21"
        },
        {
            "comment id": 1,
            "parent": -1,
            "children": [],
            "user id": "2816480455",
            "user name": "一梦千年-May",
            "content": "一路走好",
            "time": "14-9-14 11:59"
        },
        {
            "comment id": 2,
            "parent": -1,
            "children": [],
            "user id": "2816480455",
            "user name": "一梦千年-May",
            "content": "",
            "time": "14-9-14 11:58"
        },
        {
            "comment id": 3,
            "parent": -1,
            "children": [],
            "user id": "5271229564",
            "user name": "百合里的忧伤",
            "content": "默哀",
            "time": "14-9-12 12:04"
        },
        {
            "comment id": 4,
            "parent": -1,
            "children": [],
            "user id": "3978398025",
            "user name": "北乔云岫",
            "content": "邵逸夫先生一月份就去世了",
            "time": "14-9-12 09:14"
        },
        {
            "comment id": 5,
            "parent": -1,
            "children": [],
            "user id": "3219500302",
            "user name": "-小可爱洁洁-",
            "content": "这位先生真的好伟大，愿他一路走好",
            "time": "14-9-12 07:41"
        },
        {
            "comment id": 6,
            "parent": -1,
            "children": [],
            "user id": "3195992164",
            "user name": "_张哈哈哈哈哈",
            "content": "",
            "time": "14-9-12 07:06"
        },
        {
            "comment id": 7,
            "parent": -1,
            "children": [],
            "user id": "1830667223",
            "user name": "老大不小的simon",
            "content": "你用的这张照片是我母校的教学楼",
            "time": "14-9-12 00:37"
        },
        {
            "comment id": 8,
            "parent": -1,
            "children": [],
            "user id": "3160152612",
            "user name": "二十一岁祭年",
            "content": "感念，或许只是一个普通的哀悼，但对于死者却是最大的告慰！因为他留下的不只是自己存在过的痕迹。",
            "time": "14-9-12 00:12"
        },
        {
            "comment id": 9,
            "parent": -1,
            "children": [],
            "user id": "5225988562",
            "user name": "BAEKHYUNandU",
            "content": "逸夫小学是我的母校。",
            "time": "14-9-12 00:07"
        },
        {
            "comment id": 10,
            "parent": -1,
            "children": [],
            "user id": "5225988562",
            "user name": "BAEKHYUNandU",
            "content": "哥，还不睡啊😊",
            "time": "14-9-12 00:06"
        }
    ]
}