{
    "source": {
        "content": "女.子.拒.绝.强.奸，被.判.刑.3.年 ",
        "time": "14-9-17 11:25",
        "user id": "2672118041",
        "tweet id": "Bnol8cTIp",
        "label": 1,
        "theme": "社会生活"
    },
    "comment": [
        {
            "comment id": 0,
            "parent": -1,
            "children": [],
            "user id": "1262372365",
            "user name": "石上泉8788",
            "content": "这条假新闻公安局打算怎么处理@台州公安",
            "time": "14-9-18 09:55"
        },
        {
            "comment id": 1,
            "parent": -1,
            "children": [],
            "user id": "1262372365",
            "user name": "石上泉8788",
            "content": "这是假新闻好吗？还在这里发，报警！",
            "time": "14-9-18 09:52"
        },
        {
            "comment id": 2,
            "parent": -1,
            "children": [],
            "user id": "1973158265",
            "user name": "Candy-xiong",
            "content": "这法官也是强奸犯吧",
            "time": "14-9-17 23:31"
        },
        {
            "comment id": 3,
            "parent": -1,
            "children": [],
            "user id": "2122073883",
            "user name": "白芍不是勺",
            "content": "回复@一个英文字母:太危险了，这个世界",
            "time": "14-9-17 15:50"
        },
        {
            "comment id": 4,
            "parent": -1,
            "children": [],
            "user id": "3166501194",
            "user name": "幸运刮刮乐大奖得主",
            "content": "回复@chiliam-C:",
            "time": "14-9-17 15:50"
        },
        {
            "comment id": 5,
            "parent": -1,
            "children": [],
            "user id": "2122073883",
            "user name": "白芍不是勺",
            "content": "@你从哪来的自信 @王露颖最近智商很捉急 @一个英文字母 出门没有人生安全了",
            "time": "14-9-17 15:44"
        },
        {
            "comment id": 6,
            "parent": -1,
            "children": [],
            "user id": "2233612801",
            "user name": "孙主播的小屋",
            "content": "好早的新闻了//@陈盆滨: 应该判这个法官3年刑",
            "time": "14-9-17 14:02"
        },
        {
            "comment id": 7,
            "parent": -1,
            "children": [],
            "user id": "1947312823",
            "user name": "一颗肉包只",
            "content": "回复@-Rourouli:不。。看脸。。",
            "time": "14-9-17 11:58"
        },
        {
            "comment id": 8,
            "parent": -1,
            "children": [],
            "user id": "2299592572",
            "user name": "海洋之星8225",
            "content": "大家去强奸这个法官的老婆和女儿吧！//@陈盆滨: 应该判这个法官3年刑",
            "time": "14-9-17 11:58"
        },
        {
            "comment id": 9,
            "parent": -1,
            "children": [],
            "user id": "2248790797",
            "user name": "-Rourouli",
            "content": "回复@Ding大壮:看来你以后不能反抗了哈哈哈哈哈",
            "time": "14-9-17 11:58"
        },
        {
            "comment id": 10,
            "parent": -1,
            "children": [],
            "user id": "1947312823",
            "user name": "一颗肉包只",
            "content": "回复@-Rourouli:噗。。。。。这样都行。。。",
            "time": "14-9-17 11:50"
        },
        {
            "comment id": 11,
            "parent": -1,
            "children": [],
            "user id": "3757173121",
            "user name": "幻影公众张饼酱",
            "content": "骂逼，那个死鬼，死了正好，女孩好样的，力挺她",
            "time": "14-9-17 11:37"
        },
        {
            "comment id": 12,
            "parent": -1,
            "children": [],
            "user id": "1505595230",
            "user name": "天天高兴0534",
            "content": "上他妈",
            "time": "14-9-17 11:36"
        },
        {
            "comment id": 13,
            "parent": -1,
            "children": [],
            "user id": "2248790797",
            "user name": "-Rourouli",
            "content": "@Ding大壮 醉了",
            "time": "14-9-17 11:35"
        },
        {
            "comment id": 14,
            "parent": -1,
            "children": [],
            "user id": "1214448015",
            "user name": "二馬_V",
            "content": "什么世道了，被强奸了还要配合 ",
            "time": "14-9-17 11:34"
        },
        {
            "comment id": 15,
            "parent": -1,
            "children": [],
            "user id": "2482638487",
            "user name": "TT--TINGGGGG",
            "content": "靠 这种事都有 他死了他活该 ",
            "time": "14-9-17 11:32"
        },
        {
            "comment id": 16,
            "parent": -1,
            "children": [],
            "user id": "1634435495",
            "user name": "陈盆滨100天连续100个马拉松",
            "content": "应该判这个法官3年刑",
            "time": "14-9-17 11:31"
        }
    ]
}