{
    "source": {
        "content": "【班主任悬赏50元怂恿学生跳楼 孩子跳下2楼摔断腿】武汉一班主任悬赏50元怂恿学生从二楼跳下，一四年级学生经不住诱惑跳下把腿摔断。学校表示已将该名老师开除，其去向不明。你们感受下，小猿真的懵了 （via@今日头条）猿题库 ",
        "time": "14-9-17 19:30",
        "user id": "3536879194",
        "tweet id": "BnrvZcWYy",
        "label": 1,
        "theme": "教育考试"
    },
    "comment": [
        {
            "comment id": 0,
            "parent": -1,
            "children": [],
            "user id": "2653137137",
            "user name": "MOON与共",
            "content": "回复@aphrodite的翅膀:只能说咱们学校的老师都很好-😂",
            "time": "14-9-18 17:19"
        },
        {
            "comment id": 1,
            "parent": -1,
            "children": [],
            "user id": "1149390325",
            "user name": "aphrodite的翅膀",
            "content": "回复@MOON人心半掩半掩:你艾特我干嘛？",
            "time": "14-9-18 11:54"
        },
        {
            "comment id": 2,
            "parent": -1,
            "children": [],
            "user id": "3844456815",
            "user name": "不想努力了只想退休",
            "content": "没事闲着蛋疼？？？PS ：这插图真心喜欢",
            "time": "14-9-17 22:54"
        },
        {
            "comment id": 3,
            "parent": -1,
            "children": [],
            "user id": "2313190082",
            "user name": "香芋七分甜不加冰",
            "content": "有病啊",
            "time": "14-9-17 22:48"
        },
        {
            "comment id": 4,
            "parent": -1,
            "children": [],
            "user id": "2635162013",
            "user name": "唐木韵",
            "content": "       教育。。。",
            "time": "14-9-17 22:34"
        },
        {
            "comment id": 5,
            "parent": -1,
            "children": [],
            "user id": "2653137137",
            "user name": "MOON与共",
            "content": "@aphrodite的翅膀",
            "time": "14-9-17 21:27"
        },
        {
            "comment id": 6,
            "parent": -1,
            "children": [],
            "user id": "1966051095",
            "user name": "关温婉",
            "content": "我才这班主任一是因为跟孩子生气，二是可能锻炼孩子抗诱惑能力，不过他们才四年级，十一二岁的小孩子还没有明确的是非观，他们懂什么啊？这老师！真是作死！",
            "time": "14-9-17 21:02"
        },
        {
            "comment id": 7,
            "parent": -1,
            "children": [],
            "user id": "1724322174",
            "user name": "栗噗噜噜",
            "content": "为什么啊😳",
            "time": "14-9-17 20:50"
        },
        {
            "comment id": 8,
            "parent": -1,
            "children": [],
            "user id": "3579951872",
            "user name": "L十三州府",
            "content": "绝啦",
            "time": "14-9-17 20:20"
        },
        {
            "comment id": 9,
            "parent": -1,
            "children": [],
            "user id": "2101388074",
            "user name": "算了bot",
            "content": "你是猴子！不是考拉！",
            "time": "14-9-17 20:20"
        },
        {
            "comment id": 10,
            "parent": -1,
            "children": [],
            "user id": "2807256852",
            "user name": "这个人很懒很懒很懒很懒很懒很懒",
            "content": "我只想问这钱给了吗",
            "time": "14-9-17 19:59"
        },
        {
            "comment id": 11,
            "parent": -1,
            "children": [],
            "user id": "3744084610",
            "user name": "SmmSo",
            "content": "老师神经病吧！！！",
            "time": "14-9-17 19:50"
        },
        {
            "comment id": 12,
            "parent": -1,
            "children": [],
            "user id": "1950290403",
            "user name": "我就是说不听",
            "content": "有病？",
            "time": "14-9-17 19:50"
        },
        {
            "comment id": 13,
            "parent": -1,
            "children": [],
            "user id": "2013478975",
            "user name": "新狼外婆",
            "content": "特校毕业的老师吗？",
            "time": "14-9-17 19:45"
        },
        {
            "comment id": 14,
            "parent": -1,
            "children": [],
            "user id": "2312883321",
            "user name": "我叫白白白九_XYZY",
            "content": "什么人啊",
            "time": "14-9-17 19:39"
        },
        {
            "comment id": 15,
            "parent": -1,
            "children": [],
            "user id": "1668017121",
            "user name": "_马孔多在下雨_",
            "content": "无师德",
            "time": "14-9-17 19:34"
        },
        {
            "comment id": 16,
            "parent": -1,
            "children": [],
            "user id": "1760712222",
            "user name": "-风筝飘呀飘-",
            "content": "这个班主任太无聊了",
            "time": "14-9-17 19:32"
        }
    ]
}