{
    "source": {
        "content": "北京谁有兴趣领养狗，免费的。有金毛，德牧，古牧，泰迪，萨摩，哈士奇，在平谷西利津有个杀狗场被捣毁。有几百只狗，无人领养就要安乐死了。有要领养的赶快联系13910573621 周国冻 2014年10月25日截止，如果你领养不了，就麻烦转发一下，救救可怜的狗狗！您的复制粘贴可以拯救无数狗狗生命。 ",
        "time": "14-9-28 16:36",
        "user id": "1712295232",
        "tweet id": "Bp64YwgGD",
        "label": 1,
        "theme": "社会生活"
    },
    "comment": [
        {
            "comment id": 0,
            "parent": -1,
            "children": [],
            "user id": "1688617943",
            "user name": "巴巴小象",
            "content": "回复@咔咔郭郭:说是不实消息",
            "time": "15-11-19 21:05"
        },
        {
            "comment id": 1,
            "parent": -1,
            "children": [],
            "user id": "2360879663",
            "user name": "足浅",
            "content": "@TearsBack心 快来领奖",
            "time": "14-10-22 08:51"
        },
        {
            "comment id": 2,
            "parent": -1,
            "children": [],
            "user id": "2445331425",
            "user name": "萍子Pandora",
            "content": "这人怎么又发假消息了呀？真是可恨",
            "time": "14-10-21 14:43"
        },
        {
            "comment id": 3,
            "parent": -1,
            "children": [],
            "user id": "3913332760",
            "user name": "徐蕊rr",
            "content": "回复@阿悦悦悦悦悦悦悦儿:是北京啊 😭",
            "time": "14-10-17 21:31"
        },
        {
            "comment id": 4,
            "parent": -1,
            "children": [],
            "user id": "1909782771",
            "user name": "Enen82489",
            "content": "回复@饭没了厹:没有",
            "time": "14-10-17 15:45"
        },
        {
            "comment id": 5,
            "parent": -1,
            "children": [],
            "user id": "2623244571",
            "user name": "嫌弃小道",
            "content": "回复@钟依娜娜_:桂林没有领养的么？",
            "time": "14-10-17 15:45"
        },
        {
            "comment id": 6,
            "parent": -1,
            "children": [],
            "user id": "1909782771",
            "user name": "Enen82489",
            "content": "回复@饭没了厹:好吧",
            "time": "14-10-17 15:44"
        },
        {
            "comment id": 7,
            "parent": -1,
            "children": [],
            "user id": "2623244571",
            "user name": "嫌弃小道",
            "content": "回复@钟依娜娜_:假的",
            "time": "14-10-17 15:44"
        },
        {
            "comment id": 8,
            "parent": -1,
            "children": [],
            "user id": "1651928882",
            "user name": "武琼Alice",
            "content": "假消息！请博主自觉删除",
            "time": "14-10-16 12:02"
        },
        {
            "comment id": 9,
            "parent": -1,
            "children": [],
            "user id": "3744175347",
            "user name": "罗日日__",
            "content": "好像是假的，我就是平谷的，平谷论坛上这些消息都被删了，而且对于平谷人来说，这些狗只会被卖，而不会屠杀....",
            "time": "14-10-13 18:11"
        },
        {
            "comment id": 10,
            "parent": -1,
            "children": [],
            "user id": "3285446040",
            "user name": "平谷人话平谷",
            "content": "这个是假消息",
            "time": "14-10-11 10:50"
        },
        {
            "comment id": 11,
            "parent": -1,
            "children": [],
            "user id": "2431891320",
            "user name": "古粤东山青年文化交流活动中心",
            "content": "都好可爱喔，北京的朋友快去领养吧",
            "time": "14-10-11 08:53"
        },
        {
            "comment id": 12,
            "parent": -1,
            "children": [],
            "user id": "2295753082",
            "user name": "呜哇哈哈哈哈哈",
            "content": "晕 骗人的？ 我都发信息过去那个号码了",
            "time": "14-10-9 20:21"
        },
        {
            "comment id": 13,
            "parent": -1,
            "children": [],
            "user id": "1980720324",
            "user name": "lilyz11",
            "content": "死骗子",
            "time": "14-10-9 15:39"
        },
        {
            "comment id": 14,
            "parent": -1,
            "children": [],
            "user id": "3778142714",
            "user name": "漳州海达钟表有限公司",
            "content": "回复@碧空朗月响溪石:没事啦",
            "time": "14-10-9 06:51"
        },
        {
            "comment id": 15,
            "parent": -1,
            "children": [],
            "user id": "1668946595",
            "user name": "江宁婆婆的小汪",
            "content": "假的。。。。",
            "time": "14-10-9 06:37"
        },
        {
            "comment id": 16,
            "parent": -1,
            "children": [],
            "user id": "2450621734",
            "user name": "恺恺Nick的麻麻",
            "content": "骗子",
            "time": "14-10-9 02:38"
        },
        {
            "comment id": 17,
            "parent": -1,
            "children": [],
            "user id": "3778142714",
            "user name": "漳州海达钟表有限公司",
            "content": "回复@碧空朗月响溪石:为啥你给杨大叔的评论我居然有提醒信息[呵呵]",
            "time": "14-10-8 22:33"
        },
        {
            "comment id": 18,
            "parent": -1,
            "children": [],
            "user id": "1863847712",
            "user name": "LuckyGirl香香香",
            "content": "假的，靠",
            "time": "14-10-8 21:55"
        },
        {
            "comment id": 19,
            "parent": -1,
            "children": [],
            "user id": "3057449951",
            "user name": "一个路人的心事",
            "content": "石头老师，你的那收养狗真的是假的吗？",
            "time": "14-10-8 21:08"
        },
        {
            "comment id": 20,
            "parent": -1,
            "children": [],
            "user id": "2940159353",
            "user name": "蜗蜗牛牛1025",
            "content": "既然是假的……石头哥[泪流满面]",
            "time": "14-10-8 19:43"
        },
        {
            "comment id": 21,
            "parent": -1,
            "children": [],
            "user id": "2800694841",
            "user name": "我才是你的The_future",
            "content": "草泥马，骗人好玩？",
            "time": "14-10-8 19:33"
        },
        {
            "comment id": 22,
            "parent": -1,
            "children": [],
            "user id": "2752056787",
            "user name": "真不爱吃蒜",
            "content": "可能石头哥不知道这是不实消息。我挺他。人都会犯错，看他平时的所做所为，不要断章取义。[呵呵]",
            "time": "14-10-8 19:20"
        },
        {
            "comment id": 23,
            "parent": -1,
            "children": [],
            "user id": "1834902705",
            "user name": "山口喵子",
            "content": "骗子死全家",
            "time": "14-10-8 18:57"
        },
        {
            "comment id": 24,
            "parent": -1,
            "children": [],
            "user id": "5202422540",
            "user name": "小赵温暖呀",
            "content": "可能他也不知道这是不实消息，要不然他是不会转的，看我们大家不是也转了吗？难道骂他是骗子，我们不是吗？估计他和我们一样呢……大家理智点",
            "time": "14-10-8 18:33"
        },
        {
            "comment id": 25,
            "parent": -1,
            "children": [],
            "user id": "3249749451",
            "user name": "男神张根硕V5-cri",
            "content": "死骗子",
            "time": "14-10-8 18:32"
        },
        {
            "comment id": 26,
            "parent": -1,
            "children": [],
            "user id": "1862806735",
            "user name": "吱莴桌",
            "content": "居然是假消息",
            "time": "14-10-8 18:31"
        },
        {
            "comment id": 27,
            "parent": -1,
            "children": [],
            "user id": "1199621053",
            "user name": "慧默墨",
            "content": "骗子，利用人的善心，你这人品",
            "time": "14-10-8 18:20"
        },
        {
            "comment id": 28,
            "parent": -1,
            "children": [],
            "user id": "1692367827",
            "user name": "Andy丶丶",
            "content": "傻逼骗子，滚",
            "time": "14-10-8 18:07"
        },
        {
            "comment id": 29,
            "parent": -1,
            "children": [],
            "user id": "1998349062",
            "user name": "Camila玲灵",
            "content": "骗子，果断取消关注",
            "time": "14-10-8 17:32"
        },
        {
            "comment id": 30,
            "parent": -1,
            "children": [],
            "user id": "1735496901",
            "user name": "葛媛媛Vivin",
            "content": "骗子",
            "time": "14-10-8 17:30"
        },
        {
            "comment id": 31,
            "parent": -1,
            "children": [],
            "user id": "2840314404",
            "user name": "FangSSeven_",
            "content": "真他妈不要脸",
            "time": "14-10-8 17:29"
        },
        {
            "comment id": 32,
            "parent": -1,
            "children": [],
            "user id": "3936722404",
            "user name": "漫漫絮語",
            "content": "善心就是被这种“爱心信息”给慢慢冷淡的。",
            "time": "14-10-8 17:22"
        },
        {
            "comment id": 33,
            "parent": -1,
            "children": [],
            "user id": "1891351662",
            "user name": "猫的孤岛321",
            "content": "操你麻痹骗子今年死全家！！！草！",
            "time": "14-10-8 17:06"
        },
        {
            "comment id": 34,
            "parent": -1,
            "children": [],
            "user id": "1211410861",
            "user name": "六月姿来",
            "content": "人品有问题！",
            "time": "14-10-8 17:02"
        },
        {
            "comment id": 35,
            "parent": -1,
            "children": [],
            "user id": "2674915971",
            "user name": "娜天nn",
            "content": "死骗子",
            "time": "14-10-8 17:02"
        },
        {
            "comment id": 36,
            "parent": -1,
            "children": [],
            "user id": "2061555301",
            "user name": "婉君君君君",
            "content": "石头哥!!!!以后不要再转发这种消息了!!!!!",
            "time": "14-10-8 16:51"
        },
        {
            "comment id": 37,
            "parent": -1,
            "children": [],
            "user id": "5127931190",
            "user name": "散娘",
            "content": "艹骗转发可以炸了",
            "time": "14-10-8 16:49"
        },
        {
            "comment id": 38,
            "parent": -1,
            "children": [],
            "user id": "1877143007",
            "user name": "晴天_Jay0506",
            "content": "我是来操尼玛的",
            "time": "14-10-8 16:37"
        },
        {
            "comment id": 39,
            "parent": -1,
            "children": [],
            "user id": "1623792573",
            "user name": "指尖上的彩虹",
            "content": "骗子？。。我无语O__O\"…",
            "time": "14-10-8 16:26"
        },
        {
            "comment id": 40,
            "parent": -1,
            "children": [],
            "user id": "2057848041",
            "user name": "黑宝不在乎",
            "content": "草，你个孙子",
            "time": "14-10-8 16:26"
        },
        {
            "comment id": 41,
            "parent": -1,
            "children": [],
            "user id": "3137471547",
            "user name": "我还没有想到叫什么",
            "content": "额假的",
            "time": "14-10-8 16:25"
        },
        {
            "comment id": 42,
            "parent": -1,
            "children": [],
            "user id": "3916777259",
            "user name": "卓玥joy",
            "content": "骗子",
            "time": "14-10-8 16:23"
        },
        {
            "comment id": 43,
            "parent": -1,
            "children": [],
            "user id": "2099290830",
            "user name": "你好鸭与我很蚝",
            "content": "骗转发无耻啊  果取关",
            "time": "14-10-8 16:20"
        },
        {
            "comment id": 44,
            "parent": -1,
            "children": [],
            "user id": "2760682097",
            "user name": "晏华的女朋友",
            "content": "我去你妈逼的你妈炸了",
            "time": "14-10-8 16:16"
        },
        {
            "comment id": 45,
            "parent": -1,
            "children": [],
            "user id": "1810878873",
            "user name": "吃不起果冻",
            "content": "骗人",
            "time": "14-10-8 16:14"
        },
        {
            "comment id": 46,
            "parent": -1,
            "children": [],
            "user id": "2160136385",
            "user name": "一个人的建造者",
            "content": "我向来不怀疑你，几个意思？",
            "time": "14-10-8 16:09"
        },
        {
            "comment id": 47,
            "parent": -1,
            "children": [],
            "user id": "3473713070",
            "user name": "小鱼儿会游水",
            "content": "我被骗了，不过既然没有贩卖狗狗，那是好事情！",
            "time": "14-10-8 16:09"
        },
        {
            "comment id": 48,
            "parent": -1,
            "children": [],
            "user id": "2038043363",
            "user name": "粉红小野豹",
            "content": "骗子",
            "time": "14-10-8 16:09"
        },
        {
            "comment id": 49,
            "parent": -1,
            "children": [],
            "user id": "3822953572",
            "user name": "找一首好听的歌牵着很爱你的人",
            "content": "假的大家别信",
            "time": "14-10-8 16:08"
        },
        {
            "comment id": 50,
            "parent": -1,
            "children": [],
            "user id": "5252789802",
            "user name": "品趣社会化大数据营销",
            "content": "手机已经停机了，应该是假的消息吧!",
            "time": "14-10-8 10:38"
        },
        {
            "comment id": 51,
            "parent": -1,
            "children": [],
            "user id": "1426172774",
            "user name": "卢沟瞧月",
            "content": "转发微博",
            "time": "14-10-8 03:23"
        },
        {
            "comment id": 52,
            "parent": -1,
            "children": [],
            "user id": "1752336661",
            "user name": "哈喽雷青春",
            "content": "@真不错 ",
            "time": "14-10-7 15:43"
        },
        {
            "comment id": 53,
            "parent": -1,
            "children": [],
            "user id": "2007233265",
            "user name": "isabelxlau",
            "content": "可以領養嗎",
            "time": "14-10-6 23:07"
        },
        {
            "comment id": 54,
            "parent": -1,
            "children": [],
            "user id": "2866491910",
            "user name": "清欢_若",
            "content": "有泰迪吗？我想领养一只",
            "time": "14-10-6 19:02"
        },
        {
            "comment id": 55,
            "parent": -1,
            "children": [],
            "user id": "5175715213",
            "user name": "娜漾年华3",
            "content": "回复@忧郁的小猪蹄儿:是真的吗",
            "time": "14-10-6 17:19"
        },
        {
            "comment id": 56,
            "parent": -1,
            "children": [],
            "user id": "5300281188",
            "user name": "转身一场雨8",
            "content": "我要",
            "time": "14-10-6 14:45"
        },
        {
            "comment id": 57,
            "parent": -1,
            "children": [],
            "user id": "3391936500",
            "user name": "Leilamwai-",
            "content": "我要领养",
            "time": "14-10-6 11:03"
        },
        {
            "comment id": 58,
            "parent": -1,
            "children": [],
            "user id": "2472385110",
            "user name": "慈溪最帅的润泽",
            "content": "您好，有阿拉斯加吗",
            "time": "14-10-6 09:46"
        },
        {
            "comment id": 59,
            "parent": -1,
            "children": [],
            "user id": "1768103300",
            "user name": "流水成溪",
            "content": "这种基本不可信！",
            "time": "14-10-6 02:46"
        },
        {
            "comment id": 60,
            "parent": -1,
            "children": [],
            "user id": "3186781902",
            "user name": "蓉大大哟",
            "content": "南京的怎么破！",
            "time": "14-10-5 23:50"
        },
        {
            "comment id": 61,
            "parent": -1,
            "children": [],
            "user id": "2209331210",
            "user name": "聼聼聼风声",
            "content": "回复@时光会咬人ya:",
            "time": "14-10-5 22:10"
        },
        {
            "comment id": 62,
            "parent": -1,
            "children": [],
            "user id": "3607758287",
            "user name": "喵ccco",
            "content": "我要",
            "time": "14-10-5 20:25"
        },
        {
            "comment id": 63,
            "parent": -1,
            "children": [],
            "user id": "3730045967",
            "user name": "总是自己跟自己过不去的Winnie",
            "content": "真假？",
            "time": "14-10-5 20:23"
        },
        {
            "comment id": 64,
            "parent": -1,
            "children": [],
            "user id": "3189005813",
            "user name": "这里是soso",
            "content": "回复@聼聼聼风声:不知道还有没有",
            "time": "14-10-5 17:58"
        },
        {
            "comment id": 65,
            "parent": -1,
            "children": [],
            "user id": "2209331210",
            "user name": "聼聼聼风声",
            "content": "真的假的？地址详细点，明天过去",
            "time": "14-10-5 16:18"
        },
        {
            "comment id": 66,
            "parent": -1,
            "children": [],
            "user id": "2264560164",
            "user name": "33是小魔王呀",
            "content": "想要泰迪",
            "time": "14-10-5 14:13"
        },
        {
            "comment id": 67,
            "parent": -1,
            "children": [],
            "user id": "2499845600",
            "user name": "Gwj20201021",
            "content": "请问快递到福州要多少钱= =",
            "time": "14-10-5 12:15"
        },
        {
            "comment id": 68,
            "parent": -1,
            "children": [],
            "user id": "1837666494",
            "user name": "我是咖喱酱",
            "content": "脑子呢？",
            "time": "14-10-5 09:48"
        },
        {
            "comment id": 69,
            "parent": -1,
            "children": [],
            "user id": "2806155255",
            "user name": "Bibeby",
            "content": "真的吗",
            "time": "14-10-5 00:12"
        },
        {
            "comment id": 70,
            "parent": -1,
            "children": [],
            "user id": "3024681791",
            "user name": "雅雅雅0耶",
            "content": "@The0the0sunshine 救救它",
            "time": "14-10-4 23:15"
        },
        {
            "comment id": 71,
            "parent": -1,
            "children": [],
            "user id": "1732807563",
            "user name": "兽医陈满福",
            "content": "#vet520dog#转发，救助的朋友我微信vet520dog和微博提供免费疾病咨询。大家为爱转发吧",
            "time": "14-10-4 22:42"
        },
        {
            "comment id": 72,
            "parent": -1,
            "children": [],
            "user id": "2157803784",
            "user name": "老蒙Acelin",
            "content": "快快救救狗狗吧 家里已经有一只狗五只猫了 养不下了",
            "time": "14-10-4 22:00"
        },
        {
            "comment id": 73,
            "parent": -1,
            "children": [],
            "user id": "3305331283",
            "user name": "同同是我我很不同",
            "content": "回复@都爱猪宝悲:好像是的，会找借口管人要钱",
            "time": "14-10-4 19:12"
        },
        {
            "comment id": 74,
            "parent": -1,
            "children": [],
            "user id": "2213221641",
            "user name": "玲宝DL",
            "content": "怎么都说是骗子@我男神是曺相比",
            "time": "14-10-4 18:41"
        },
        {
            "comment id": 75,
            "parent": -1,
            "children": [],
            "user id": "1795995915",
            "user name": "hei妞穿搭",
            "content": "停机了",
            "time": "14-10-4 15:17"
        },
        {
            "comment id": 76,
            "parent": -1,
            "children": [],
            "user id": "1830439825",
            "user name": "LunarEclipse-",
            "content": "回复@好奇害死猫w:嗯啊",
            "time": "14-10-4 13:53"
        },
        {
            "comment id": 77,
            "parent": -1,
            "children": [],
            "user id": "1832459427",
            "user name": "陈旺仔牛奶糖",
            "content": "想，但太远",
            "time": "14-10-4 11:10"
        },
        {
            "comment id": 78,
            "parent": -1,
            "children": [],
            "user id": "2650610702",
            "user name": "牙尖的木头人",
            "content": "回复@野老多:晕！又是网上得骗子！",
            "time": "14-10-4 09:25"
        },
        {
            "comment id": 79,
            "parent": -1,
            "children": [],
            "user id": "1804899832",
            "user name": "国王的猫WW",
            "content": "回复@小透篮子:北京无能为力'''",
            "time": "14-10-4 08:00"
        }
    ]
}