{
    "source": {
        "content": "玉溪昆明谁有兴趣领养狗，免费的。有金毛，德牧，古牧，泰迪，萨摩，哈士奇，在铁东有个杀狗场被捣毁。有几百只狗，无人领养就要安乐死了。有要领养的赶快联系13888696042，春师。2014年10月25日截止，是免费领养的。如果你领养不了，就麻烦转发一下，救救可怜的狗狗！ ",
        "time": "14-10-9 12:21",
        "user id": "2655188193",
        "tweet id": "BqK6NwTrY",
        "label": 1,
        "theme": "社会生活"
    },
    "comment": [
        {
            "comment id": 0,
            "parent": -1,
            "children": [],
            "user id": "3570365835",
            "user name": "白小白1223",
            "content": "回复@老米的柔软时光:好吧，不要难过了，因为善良才会受骗",
            "time": "14-10-11 08:21"
        },
        {
            "comment id": 1,
            "parent": -1,
            "children": [],
            "user id": "2655188193",
            "user name": "老米团",
            "content": "不好意思，被举报我发布的这条微博内容为虚假信息，早经证实是一个骗局。我是在朋友圈看到以为是真事，还难过许久。",
            "time": "14-10-10 12:32"
        },
        {
            "comment id": 2,
            "parent": -1,
            "children": [],
            "user id": "1844399062",
            "user name": "Adarow",
            "content": "可惜我是广东的",
            "time": "14-10-9 16:05"
        },
        {
            "comment id": 3,
            "parent": -1,
            "children": [],
            "user id": "2361677593",
            "user name": "阿桐慕今天在一起了么",
            "content": "离江苏太远额～～",
            "time": "14-10-9 14:52"
        },
        {
            "comment id": 4,
            "parent": -1,
            "children": [],
            "user id": "2938672343",
            "user name": "曲终人终须散-",
            "content": "离得太远。怕是说打运费骗钱的",
            "time": "14-10-9 14:27"
        },
        {
            "comment id": 5,
            "parent": -1,
            "children": [],
            "user id": "2558221314",
            "user name": "Vivey311",
            "content": "前两天刚转了个吉林的，写的差不多，看来是骗人的",
            "time": "14-10-9 13:15"
        },
        {
            "comment id": 6,
            "parent": -1,
            "children": [],
            "user id": "1170488542",
            "user name": "小沐子VS佛佛",
            "content": "不是讲是骗人的？说是你打电话过去就会要求你打运费克。",
            "time": "14-10-9 12:59"
        },
        {
            "comment id": 7,
            "parent": -1,
            "children": [],
            "user id": "2190344993",
            "user name": "雪瓶雪碧",
            "content": "江苏太远",
            "time": "14-10-9 12:55"
        },
        {
            "comment id": 8,
            "parent": -1,
            "children": [],
            "user id": "3170438275",
            "user name": "逆风的蔷薇3170438275",
            "content": "同是浙江的，想领养啊...............",
            "time": "14-10-9 12:51"
        },
        {
            "comment id": 9,
            "parent": -1,
            "children": [],
            "user id": "1679560447",
            "user name": "人字拖baby",
            "content": "北京离的太远，可怜的狗狗",
            "time": "14-10-9 12:47"
        },
        {
            "comment id": 10,
            "parent": -1,
            "children": [],
            "user id": "1927109897",
            "user name": "淘白菜小姐",
            "content": "可惜我在成都",
            "time": "14-10-9 12:45"
        },
        {
            "comment id": 11,
            "parent": -1,
            "children": [],
            "user id": "2193677405",
            "user name": "宝宝屋啦啦",
            "content": "离的太远了",
            "time": "14-10-9 12:42"
        },
        {
            "comment id": 12,
            "parent": -1,
            "children": [],
            "user id": "3570365835",
            "user name": "白小白1223",
            "content": "浙江的能领养吗？具体要怎么操作啊",
            "time": "14-10-9 12:39"
        }
    ]
}