{
    "source": {
        "content": "宁波已发现中国第一起埃博拉！此疾病死亡率90%。流入中国时间比专家预估早十天。务必提醒孩子和家人随时肥皂洗手，不吃街边摊和露天食物，买回家的成品食物务必煮开食用，防范在先！切记！！此次埃博拉极可能发展为比SARS更可怕的瘟疫。中国人口密集，防范意识差，令人担忧。 ",
        "time": "14-10-23 07:42",
        "user id": "1220970732",
        "tweet id": "BsQgRf1ce",
        "label": 1,
        "theme": "医药健康"
    },
    "comment": [
        {
            "comment id": 0,
            "parent": -1,
            "children": [],
            "user id": "2405106175",
            "user name": "一块钱的大白兔奶糖",
            "content": "走好，不谢",
            "time": "14-10-24 22:11"
        },
        {
            "comment id": 1,
            "parent": -1,
            "children": [],
            "user id": "2345829727",
            "user name": "一年一次改名字的机会叫什么好",
            "content": "你是傻逼么",
            "time": "14-10-24 17:33"
        },
        {
            "comment id": 2,
            "parent": -1,
            "children": [],
            "user id": "1807072063",
            "user name": "玄之又玄sam",
            "content": "你这傻逼，用脑子想想",
            "time": "14-10-24 17:23"
        },
        {
            "comment id": 3,
            "parent": -1,
            "children": [],
            "user id": "1144465700",
            "user name": "我家米兰烂出翔",
            "content": "已举报，最恨造谣生事的",
            "time": "14-10-24 16:16"
        },
        {
            "comment id": 4,
            "parent": -1,
            "children": [],
            "user id": "2189434194",
            "user name": "-5X-",
            "content": "造谣？",
            "time": "14-10-24 12:36"
        },
        {
            "comment id": 5,
            "parent": -1,
            "children": [],
            "user id": "1667062650",
            "user name": "刘记故事",
            "content": "美院的教授就这水平？帮你早日攒够500",
            "time": "14-10-23 22:13"
        },
        {
            "comment id": 6,
            "parent": -1,
            "children": [],
            "user id": "5239490680",
            "user name": "第一女皇蔡总裁",
            "content": "回复@宁波流水账:看到骂他的这么多就放心了。",
            "time": "14-10-23 20:40"
        },
        {
            "comment id": 7,
            "parent": -1,
            "children": [],
            "user id": "2657491671",
            "user name": "丶消灭银河系灬",
            "content": "抓起来吧。这种造谣的不能留",
            "time": "14-10-23 18:31"
        },
        {
            "comment id": 8,
            "parent": -1,
            "children": [],
            "user id": "1044537631",
            "user name": "SomethingJustLikeThis__",
            "content": "转发五百条 要判刑了，还是教授，居然这么不严谨，应该好好核实。后面是说已经处理了吧？ 教授需要有点辨别能力啊",
            "time": "14-10-23 17:59"
        },
        {
            "comment id": 9,
            "parent": -1,
            "children": [],
            "user id": "2289942693",
            "user name": "xyyh2k",
            "content": "真正是埃博拉病毒，随时肥皂洗手、不吃街边摊、煮开成品食物的办法根本起不到作用，看看有关防护服的资料就清楚埃博拉传播有多可怕！",
            "time": "14-10-23 15:40"
        },
        {
            "comment id": 10,
            "parent": -1,
            "children": [],
            "user id": "1220970732",
            "user name": "时尚时事品牌-张辛可",
            "content": "回覆@紫璞未琢:谢谢！我在微信看到这信息，觉得对付埃博拉，应该防范在先！随时肥皂洗手；不吃街边摊和露天食物；买回家的成品食物务必煮开食用等。我没检查宁波的事有没有解决，客观上传播了“不实信息”，已删除和被@微博管理员 扣分。但辱骂的我已投诉。",
            "time": "14-10-23 15:32"
        },
        {
            "comment id": 11,
            "parent": -1,
            "children": [],
            "user id": "5171290692",
            "user name": "逛逛天然呆",
            "content": "动动脑子再转发吧，谣言止于智者",
            "time": "14-10-23 15:18"
        },
        {
            "comment id": 12,
            "parent": -1,
            "children": [],
            "user id": "1466052047",
            "user name": "WEI完待XU",
            "content": "转500次你就挂了",
            "time": "14-10-23 13:00"
        },
        {
            "comment id": 13,
            "parent": -1,
            "children": [],
            "user id": "2359726743",
            "user name": "Taurus_huo",
            "content": "防范在先是对的，",
            "time": "14-10-23 11:58"
        },
        {
            "comment id": 14,
            "parent": -1,
            "children": [],
            "user id": "1357286685",
            "user name": "海汐子--",
            "content": "拜托你发类似消息先查一查，你造成了多少坏影响，你知道吗？我的微信里还有人在发这个消息，原来源头在你啊。",
            "time": "14-10-23 11:08"
        },
        {
            "comment id": 15,
            "parent": -1,
            "children": [],
            "user id": "2882784590",
            "user name": "广告贴",
            "content": "传谣哦应该封号",
            "time": "14-10-23 10:33"
        },
        {
            "comment id": 16,
            "parent": -1,
            "children": [],
            "user id": "5194949785",
            "user name": "紫璞未琢",
            "content": "张教授是好心，善意，怎么还惹骂了，这是什么道理？被大环境污染下受刺激了吧",
            "time": "14-10-23 10:21"
        },
        {
            "comment id": 17,
            "parent": -1,
            "children": [],
            "user id": "1576481953",
            "user name": "楼市君",
            "content": "就你这水平还做教授，呵呵直接抓起来，已举报！",
            "time": "14-10-23 10:12"
        },
        {
            "comment id": 18,
            "parent": -1,
            "children": [],
            "user id": "1860356340",
            "user name": "开心麦芽糖_76",
            "content": "又开始造谣！",
            "time": "14-10-23 10:10"
        },
        {
            "comment id": 19,
            "parent": -1,
            "children": [],
            "user id": "2314664551",
            "user name": "青青草地是我吗",
            "content": "亲，20号都辟谣了，你还23号发？停止你那不参与“重大事件”就会死的造谣的双手。别再闹得人心惶惶行吗？OK？",
            "time": "14-10-23 10:05"
        },
        {
            "comment id": 20,
            "parent": -1,
            "children": [],
            "user id": "1654277754",
            "user name": "奧麗芙和菠菜",
            "content": "不确认就乱发~哎",
            "time": "14-10-23 09:47"
        },
        {
            "comment id": 21,
            "parent": -1,
            "children": [],
            "user id": "1288127745",
            "user name": "落雁孤行",
            "content": "有V的请自觉，不要哗众取宠传播谣言引发恐慌，过500等着被约谈吧。。。。果断举报",
            "time": "14-10-23 09:45"
        },
        {
            "comment id": 22,
            "parent": -1,
            "children": [],
            "user id": "3225428595",
            "user name": "谁给我充的会员",
            "content": "过五百就能吃皇家饭了吧😱",
            "time": "14-10-23 09:41"
        },
        {
            "comment id": 23,
            "parent": -1,
            "children": [],
            "user id": "5178790039",
            "user name": "今天要漂亮",
            "content": "回复@桔子密达:谣言  已经证实了  不要相信",
            "time": "14-10-23 09:32"
        },
        {
            "comment id": 24,
            "parent": -1,
            "children": [],
            "user id": "5178790039",
            "user name": "今天要漂亮",
            "content": "传播谣言也是犯罪",
            "time": "14-10-23 09:32"
        },
        {
            "comment id": 25,
            "parent": -1,
            "children": [],
            "user id": "2197391020",
            "user name": "拖走小跟班",
            "content": "知道造谣的后果么？",
            "time": "14-10-23 09:26"
        },
        {
            "comment id": 26,
            "parent": -1,
            "children": [],
            "user id": "1821051902",
            "user name": "Lan_sam",
            "content": "看到的人自动举报吧",
            "time": "14-10-23 08:51"
        },
        {
            "comment id": 27,
            "parent": -1,
            "children": [],
            "user id": "2247877851",
            "user name": "很Q的荷包",
            "content": "18号就出院了。。。。您这消息真逗",
            "time": "14-10-23 08:19"
        },
        {
            "comment id": 28,
            "parent": -1,
            "children": [],
            "user id": "2247877851",
            "user name": "很Q的荷包",
            "content": "那个尼日利亚入境宁波的男子早就入院观察了，现在已经宣布解除隔离了，不是埃博拉",
            "time": "14-10-23 08:18"
        },
        {
            "comment id": 29,
            "parent": -1,
            "children": [],
            "user id": "1798754625",
            "user name": "广汉第一水",
            "content": "无聊 幼稚 白痴",
            "time": "14-10-23 07:58"
        },
        {
            "comment id": 30,
            "parent": -1,
            "children": [],
            "user id": "3719749285",
            "user name": "桔子密达",
            "content": "我的妈呀太恐怖了，机场，车站没有搞检疫吗？政府部门是否失职？",
            "time": "14-10-23 07:51"
        }
    ]
}