{
    "source": {
        "content": "紧急通告！今天在宁波已发现中国国内第一起埃博拉，此疾病基本死亡率90%流入中国时间比专家预估时间早十天大家务必提醒孩子和家人随时肥皂洗手，不吃街边摊和露天食物，买回家的成品食物务必煮开食用防范在先！切记此次埃博拉极可能发展为比SARS更可怕的瘟疫。中国人口密集，防范意识差，很令人担忧。 ",
        "time": "14-10-24 09:03",
        "user id": "5331189194",
        "tweet id": "Bt0e7itI9",
        "label": 1,
        "theme": "医药健康"
    },
    "comment": [
        {
            "comment id": 0,
            "parent": -1,
            "children": [],
            "user id": "2829045102",
            "user name": "三胖的美丽妈",
            "content": "回复@Crazylady_丁丁:嗯啊",
            "time": "14-10-25 10:40"
        },
        {
            "comment id": 1,
            "parent": -1,
            "children": [],
            "user id": "5331189194",
            "user name": "车厘子糖糖丫",
            "content": "回复@爱喝牛奶的小源源:这个信息已经被证实是假消息了！没想到我一个好意竟然被警告处罚了以后一定要注意，有关这类话题不能随便说的！",
            "time": "14-10-25 01:30"
        },
        {
            "comment id": 2,
            "parent": -1,
            "children": [],
            "user id": "2829045102",
            "user name": "三胖的美丽妈",
            "content": "回复@Crazylady_丁丁:嗯啊！不希望家人爱人朋友出事！希望中国还有全世界都好好的，快点好起来",
            "time": "14-10-25 00:22"
        },
        {
            "comment id": 3,
            "parent": -1,
            "children": [],
            "user id": "5137858243",
            "user name": "禾婴姐姐",
            "content": "回复@Crazylady_丁丁:不怕不怕",
            "time": "14-10-24 11:06"
        },
        {
            "comment id": 4,
            "parent": -1,
            "children": [],
            "user id": "5331189194",
            "user name": "车厘子糖糖丫",
            "content": "回复@靖哥哥家韩代:嗯嗯 那就好啦 如果是真的就太可怕了",
            "time": "14-10-24 11:03"
        },
        {
            "comment id": 5,
            "parent": -1,
            "children": [],
            "user id": "5331189194",
            "user name": "车厘子糖糖丫",
            "content": "回复@爱喝牛奶的小源源:嗯嗯 那就好，太恐怖了",
            "time": "14-10-24 11:02"
        },
        {
            "comment id": 6,
            "parent": -1,
            "children": [],
            "user id": "5137858243",
            "user name": "禾婴姐姐",
            "content": "假的，只是轻度发热，体温恢复了",
            "time": "14-10-24 10:29"
        },
        {
            "comment id": 7,
            "parent": -1,
            "children": [],
            "user id": "2829045102",
            "user name": "三胖的美丽妈",
            "content": "假的，不要相信谣言！央视新闻已经说明了。",
            "time": "14-10-24 09:39"
        },
        {
            "comment id": 8,
            "parent": -1,
            "children": [],
            "user id": "5331189194",
            "user name": "车厘子糖糖丫",
            "content": "回复@小泥巴点:一大早妈妈发给我的信息！应该假不了！还是多加注意防范吧！",
            "time": "14-10-24 09:24"
        },
        {
            "comment id": 9,
            "parent": -1,
            "children": [],
            "user id": "1882913193",
            "user name": "-张煜保罗-",
            "content": "500次转发，送博主去旅游",
            "time": "14-10-24 09:09"
        },
        {
            "comment id": 10,
            "parent": -1,
            "children": [],
            "user id": "1809598762",
            "user name": "小泥巴点",
            "content": "真的吗？",
            "time": "14-10-24 09:09"
        },
        {
            "comment id": 11,
            "parent": -1,
            "children": [],
            "user id": "1809598762",
            "user name": "小泥巴点",
            "content": "真的假的？",
            "time": "14-10-24 09:07"
        }
    ]
}