{
    "source": {
        "content": "熊孩子把鞭炮扔进下水道，引发沼气爆炸~！！快过年了，家长们要引导好熊孩子使用手雷啊！ ",
        "time": "15-2-5 16:18",
        "user id": "2966094294",
        "tweet id": "C2U3ZDliU",
        "label": 1,
        "theme": "社会生活"
    },
    "comment": [
        {
            "comment id": 0,
            "parent": -1,
            "children": [],
            "user id": "1986673092",
            "user name": "迷迷糊小呆瓜",
            "content": "好壮观……",
            "time": "15-2-12 03:24"
        },
        {
            "comment id": 1,
            "parent": -1,
            "children": [],
            "user id": "1967637114",
            "user name": "大大大雄先生",
            "content": "回复@沃软Kation：生死就一瞬间。。。",
            "time": "15-2-8 16:43"
        },
        {
            "comment id": 2,
            "parent": -1,
            "children": [],
            "user id": "1941583900",
            "user name": "dz29837",
            "content": "假照片，这个图片早了，也不是放炮引起的",
            "time": "15-2-6 21:51"
        },
        {
            "comment id": 3,
            "parent": -1,
            "children": [],
            "user id": "1862954120",
            "user name": "flower-potato",
            "content": "回复@以后请叫我Iron熊:视频没问题，确实是当时新闻的画面。因为就发生在我家附近，所以记得很清楚。",
            "time": "15-2-6 20:35"
        },
        {
            "comment id": 4,
            "parent": -1,
            "children": [],
            "user id": "1936497135",
            "user name": "请叫我Iron熊",
            "content": "回复@who麻麻:看了几遍是不像孩子 人好大个",
            "time": "15-2-6 20:30"
        },
        {
            "comment id": 5,
            "parent": -1,
            "children": [],
            "user id": "1936497135",
            "user name": "请叫我Iron熊",
            "content": "回复@who麻麻:视频是假的？不像工人在操作啊[懒得理你]",
            "time": "15-2-6 20:27"
        },
        {
            "comment id": 6,
            "parent": -1,
            "children": [],
            "user id": "2035240907",
            "user name": "花镜儿_",
            "content": "@谁容许你偷窥本蜀黍",
            "time": "15-2-6 20:14"
        },
        {
            "comment id": 7,
            "parent": -1,
            "children": [],
            "user id": "1807879604",
            "user name": "DJY-系个海贼迷",
            "content": "都说老子炸了百来个下水道都没事了.里面都是污水而已",
            "time": "15-2-6 20:07"
        },
        {
            "comment id": 8,
            "parent": -1,
            "children": [],
            "user id": "3173430994",
            "user name": "风落昕晗",
            "content": "明显不是小孩子，而且他们好像知道要爆炸，不然也不会跑那么快那么远了。",
            "time": "15-2-6 16:29"
        },
        {
            "comment id": 9,
            "parent": -1,
            "children": [],
            "user id": "1923632165",
            "user name": "莳氤__o最爱白白",
            "content": "回复@-94恩莉-:我有好多私生兔崽子[转发][转发]",
            "time": "15-2-6 15:33"
        },
        {
            "comment id": 10,
            "parent": -1,
            "children": [],
            "user id": "3033233461",
            "user name": "那一年丶2B我只知道是铅笔",
            "content": "",
            "time": "15-2-6 14:32"
        },
        {
            "comment id": 11,
            "parent": -1,
            "children": [],
            "user id": "3541544242",
            "user name": "monk412",
            "content": "回复@小许缺瞌睡:玩大",
            "time": "15-2-6 14:12"
        },
        {
            "comment id": 12,
            "parent": -1,
            "children": [],
            "user id": "2942018437",
            "user name": "讨说",
            "content": "面包车也是会玩的啊",
            "time": "15-2-6 13:50"
        },
        {
            "comment id": 13,
            "parent": -1,
            "children": [],
            "user id": "2711219641",
            "user name": "_多芒小丸子_",
            "content": "@一个人的战役__ ",
            "time": "15-2-6 12:57"
        },
        {
            "comment id": 14,
            "parent": -1,
            "children": [],
            "user id": "1675410433",
            "user name": "Ko星人",
            "content": "@LV-竹-",
            "time": "15-2-6 12:07"
        },
        {
            "comment id": 15,
            "parent": -1,
            "children": [],
            "user id": "5047943257",
            "user name": "山有秩",
            "content": "这是迫击炮吗？",
            "time": "15-2-6 10:45"
        },
        {
            "comment id": 16,
            "parent": -1,
            "children": [],
            "user id": "2619905071",
            "user name": "大茜你好啊",
            "content": "回复@安静滴小杰:",
            "time": "15-2-6 10:23"
        },
        {
            "comment id": 17,
            "parent": -1,
            "children": [],
            "user id": "2724200803",
            "user name": "安静滴小杰",
            "content": "@温婉贤淑滴大茜 小心点吧",
            "time": "15-2-6 10:20"
        },
        {
            "comment id": 18,
            "parent": -1,
            "children": [],
            "user id": "2104630672",
            "user name": "依乐乐Emily",
            "content": "@STTTAR",
            "time": "15-2-6 09:56"
        },
        {
            "comment id": 19,
            "parent": -1,
            "children": [],
            "user id": "3190128772",
            "user name": "速速_XU",
            "content": "回复@adorablecooper:OMG",
            "time": "15-2-6 09:50"
        },
        {
            "comment id": 20,
            "parent": -1,
            "children": [],
            "user id": "2366704520",
            "user name": "adorablecooper",
            "content": "@susu_cmbc  @我是痰多多  见过炸开井盖的！没见过这么炸的！",
            "time": "15-2-6 09:47"
        },
        {
            "comment id": 21,
            "parent": -1,
            "children": [],
            "user id": "3261719592",
            "user name": "-G弦上的郑大壮",
            "content": "回复@毛逸阳:炮在哪买的…",
            "time": "15-2-6 09:41"
        },
        {
            "comment id": 22,
            "parent": -1,
            "children": [],
            "user id": "1798638220",
            "user name": "UncleoftheThaPhaeGate",
            "content": "@姗美 我的妈！！！",
            "time": "15-2-6 09:39"
        },
        {
            "comment id": 23,
            "parent": -1,
            "children": [],
            "user id": "2120712415",
            "user name": "一样不完美",
            "content": "@A小调的郑某某",
            "time": "15-2-6 09:34"
        },
        {
            "comment id": 24,
            "parent": -1,
            "children": [],
            "user id": "1770688662",
            "user name": "CJGGENG",
            "content": "沼气爆炸..",
            "time": "15-2-6 09:15"
        },
        {
            "comment id": 25,
            "parent": -1,
            "children": [],
            "user id": "3798232191",
            "user name": "独一无二的我1964",
            "content": "图片解说很逗逼",
            "time": "15-2-6 08:23"
        },
        {
            "comment id": 26,
            "parent": -1,
            "children": [],
            "user id": "2135195041",
            "user name": "圆圆de程子",
            "content": "这鞭炮，哪家厂生产的",
            "time": "15-2-6 08:17"
        },
        {
            "comment id": 27,
            "parent": -1,
            "children": [],
            "user id": "1560716861",
            "user name": "青空万里mx",
            "content": "每次看这个图都觉得面包车好机智~",
            "time": "15-2-6 07:57"
        },
        {
            "comment id": 28,
            "parent": -1,
            "children": [],
            "user id": "3070505907",
            "user name": "呼哧呼啦啊哟喂",
            "content": "@木家长_",
            "time": "15-2-6 06:26"
        },
        {
            "comment id": 29,
            "parent": -1,
            "children": [],
            "user id": "1871521054",
            "user name": "SALT2H2O",
            "content": "回复@逸飞和逸飞的被子还没逸飞重:看评论～",
            "time": "15-2-6 02:24"
        },
        {
            "comment id": 30,
            "parent": -1,
            "children": [],
            "user id": "1622605377",
            "user name": "舊時代的守望者",
            "content": "@晚安咪唧",
            "time": "15-2-6 02:22"
        },
        {
            "comment id": 31,
            "parent": -1,
            "children": [],
            "user id": "1750669252",
            "user name": "Efay_Chan",
            "content": "@YellowNacl- …",
            "time": "15-2-6 02:17"
        },
        {
            "comment id": 32,
            "parent": -1,
            "children": [],
            "user id": "2612050995",
            "user name": "天真可爱傻傻的",
            "content": "这何止是手雷。。。",
            "time": "15-2-6 02:00"
        },
        {
            "comment id": 33,
            "parent": -1,
            "children": [],
            "user id": "1812632744",
            "user name": "fionaaa_xsy",
            "content": "@DoDo_TSE @hihihihihihihiHx",
            "time": "15-2-6 01:28"
        },
        {
            "comment id": 34,
            "parent": -1,
            "children": [],
            "user id": "1866175135",
            "user name": "哈哈的食界",
            "content": "@小鳄鱼爱搓澡 。。。。。。。。",
            "time": "15-2-6 01:19"
        },
        {
            "comment id": 35,
            "parent": -1,
            "children": [],
            "user id": "1821666934",
            "user name": "卢文俊小朋友",
            "content": " @yoyo张天玉",
            "time": "15-2-6 01:13"
        },
        {
            "comment id": 36,
            "parent": -1,
            "children": [],
            "user id": "2279377030",
            "user name": "娅梦韩就是胖大海_",
            "content": "@CME7",
            "time": "15-2-6 00:51"
        },
        {
            "comment id": 37,
            "parent": -1,
            "children": [],
            "user id": "1802018180",
            "user name": "0C_嘉敏",
            "content": "@爆AbsoluteX",
            "time": "15-2-6 00:20"
        },
        {
            "comment id": 38,
            "parent": -1,
            "children": [],
            "user id": "2245318753",
            "user name": "刘小乐要快乐",
            "content": "@ZooooM @bosspiman @solarrrshadow 小孩点炮一般都不会跑这么快这么远，看评论",
            "time": "15-2-6 00:12"
        },
        {
            "comment id": 39,
            "parent": -1,
            "children": [],
            "user id": "1819338471",
            "user name": "热姜奶丶",
            "content": "@追赶公车的男人",
            "time": "15-2-5 23:57"
        },
        {
            "comment id": 40,
            "parent": -1,
            "children": [],
            "user id": "1795245581",
            "user name": "阿b怀念家",
            "content": "回覆@杀手菊花疼:有我保护你",
            "time": "15-2-5 23:56"
        },
        {
            "comment id": 41,
            "parent": -1,
            "children": [],
            "user id": "2283906754",
            "user name": "AIRI-SUZUKI",
            "content": "卧槽",
            "time": "15-2-5 23:48"
        },
        {
            "comment id": 42,
            "parent": -1,
            "children": [],
            "user id": "1747714122",
            "user name": "旧故麻袋",
            "content": "回复@徐的的:😂",
            "time": "15-2-5 23:34"
        },
        {
            "comment id": 43,
            "parent": -1,
            "children": [],
            "user id": "1954423227",
            "user name": "私私大大",
            "content": "造谣",
            "time": "15-2-5 23:15"
        },
        {
            "comment id": 44,
            "parent": -1,
            "children": [],
            "user id": "2392543802",
            "user name": "黄弱",
            "content": "@小爆斯",
            "time": "15-2-5 23:12"
        },
        {
            "comment id": 45,
            "parent": -1,
            "children": [],
            "user id": "1949747423",
            "user name": "Q-THATS-ALL",
            "content": "回复@小许缺瞌睡:这个NB",
            "time": "15-2-5 23:06"
        },
        {
            "comment id": 46,
            "parent": -1,
            "children": [],
            "user id": "2351946173",
            "user name": "黃鳩鳩",
            "content": "回复@盐啡WithYouForever:我不知道还有危机",
            "time": "15-2-5 23:01"
        },
        {
            "comment id": 47,
            "parent": -1,
            "children": [],
            "user id": "1766622291",
            "user name": "Edison是没相机的陈老师",
            "content": "回复@陈-小蕊Diamond:吓人",
            "time": "15-2-5 22:34"
        },
        {
            "comment id": 48,
            "parent": -1,
            "children": [],
            "user id": "2742803242",
            "user name": "王志豪Vason",
            "content": "@剝橘子的少女 好牛掰",
            "time": "15-2-5 22:28"
        },
        {
            "comment id": 49,
            "parent": -1,
            "children": [],
            "user id": "1795245581",
            "user name": "阿b怀念家",
            "content": "回覆@杀手菊花疼:我有念过会发生==但次次都无发生过",
            "time": "15-2-5 22:17"
        },
        {
            "comment id": 50,
            "parent": -1,
            "children": [],
            "user id": "1956379520",
            "user name": "我喜欢向日葵啊",
            "content": "我看过这新闻，当时笑死我了",
            "time": "15-2-5 22:11"
        },
        {
            "comment id": 51,
            "parent": -1,
            "children": [],
            "user id": "3113262081",
            "user name": "一只雪糕z",
            "content": "回复@钟剑锋很ok:不酷",
            "time": "15-2-5 21:46"
        },
        {
            "comment id": 52,
            "parent": -1,
            "children": [],
            "user id": "2316845305",
            "user name": "和自己赛跑的zjff",
            "content": "酷不酷。。@曾小静也要被宠爱",
            "time": "15-2-5 21:33"
        },
        {
            "comment id": 53,
            "parent": -1,
            "children": [],
            "user id": "2510523762",
            "user name": "陆地最强木匠",
            "content": "不率先使用熊孩子应该写入各国和平外交章程//@神回复吐槽帝: 卧槽~",
            "time": "15-2-5 21:25"
        },
        {
            "comment id": 54,
            "parent": -1,
            "children": [],
            "user id": "2506689217",
            "user name": "我的宛呢",
            "content": "1⃣️抗敏祛痘2⃣️修复色斑以及红血丝3⃣️改善肤色不均匀4⃣️美白保湿 👉请点我头像私信我✨不用吃药😍不用打针⭐️20天给你的皮肤一个转变",
            "time": "15-2-5 21:10"
        },
        {
            "comment id": 55,
            "parent": -1,
            "children": [],
            "user id": "1925480057",
            "user name": "Jin_277",
            "content": "@吴千千爱千奢奢",
            "time": "15-2-5 20:49"
        },
        {
            "comment id": 56,
            "parent": -1,
            "children": [],
            "user id": "1841241404",
            "user name": "吴双的笛箫",
            "content": "回复@莳氤__o最爱白白:啥时候生的一群兔崽子 祸祸社会",
            "time": "15-2-5 20:30"
        },
        {
            "comment id": 57,
            "parent": -1,
            "children": [],
            "user id": "1923632165",
            "user name": "莳氤__o最爱白白",
            "content": "回复@-94恩莉-:嗯嗯。。这小孩其实是我家的😳",
            "time": "15-2-5 20:30"
        },
        {
            "comment id": 58,
            "parent": -1,
            "children": [],
            "user id": "1040332993",
            "user name": "-吴金展",
            "content": "这才是过年嘛",
            "time": "15-2-5 20:27"
        },
        {
            "comment id": 59,
            "parent": -1,
            "children": [],
            "user id": "2425700264",
            "user name": "一介鹅民",
            "content": "回复@MrLee_Yy:",
            "time": "15-2-5 20:26"
        },
        {
            "comment id": 60,
            "parent": -1,
            "children": [],
            "user id": "1892919744",
            "user name": "银語时",
            "content": "如果可以引导就不是熊孩子了",
            "time": "15-2-5 20:21"
        },
        {
            "comment id": 61,
            "parent": -1,
            "children": [],
            "user id": "5034033885",
            "user name": "小宇哥yyyy_",
            "content": "草榴(1024)最新地址，开放注册时间有限，抓紧了。地址：网页链接",
            "time": "15-2-5 20:15"
        },
        {
            "comment id": 62,
            "parent": -1,
            "children": [],
            "user id": "1733847152",
            "user name": "很厉害的呆萌",
            "content": "@Edison是没相机的陈老师",
            "time": "15-2-5 20:02"
        },
        {
            "comment id": 63,
            "parent": -1,
            "children": [],
            "user id": "5310307923",
            "user name": "四次元超人",
            "content": "我想起了那天那个小屁孩说要炸我家门。。我还不以为意",
            "time": "15-2-5 20:00"
        },
        {
            "comment id": 64,
            "parent": -1,
            "children": [],
            "user id": "3395411690",
            "user name": "祝祝祝先生_",
            "content": "回复@黑黑黑羊:今天看这个的时候想@你来着",
            "time": "15-2-5 19:56"
        },
        {
            "comment id": 65,
            "parent": -1,
            "children": [],
            "user id": "1841241404",
            "user name": "吴双的笛箫",
            "content": "回复@莳氤__o最爱白白:沼气好像很厉害哦",
            "time": "15-2-5 19:45"
        },
        {
            "comment id": 66,
            "parent": -1,
            "children": [],
            "user id": "1923632165",
            "user name": "莳氤__o最爱白白",
            "content": "回复@-94恩莉-:尼玛这个地皮是塑料的嘛这么渣=口=",
            "time": "15-2-5 19:44"
        },
        {
            "comment id": 67,
            "parent": -1,
            "children": [],
            "user id": "1497032164",
            "user name": "刀齿",
            "content": "这张不是小孩 是工程人员查管道 扔了个明火试试",
            "time": "15-2-5 19:40"
        },
        {
            "comment id": 68,
            "parent": -1,
            "children": [],
            "user id": "1805121735",
            "user name": "西早匕禾页就是我",
            "content": "图片不对吧，去年新闻还是前年的，你这是谣言啊。新闻明明是勘探地下的工人做什么，结果地下沼气太重",
            "time": "15-2-5 19:39"
        },
        {
            "comment id": 69,
            "parent": -1,
            "children": [],
            "user id": "1056618022",
            "user name": "北京袁超",
            "content": "回复@邓春苗:是啊……",
            "time": "15-2-5 19:39"
        },
        {
            "comment id": 70,
            "parent": -1,
            "children": [],
            "user id": "2009175571",
            "user name": "嗯阿渣",
            "content": "@熊洋-",
            "time": "15-2-5 19:29"
        },
        {
            "comment id": 71,
            "parent": -1,
            "children": [],
            "user id": "1846448933",
            "user name": "Tea-NT",
            "content": "真牛逼。。。想想自己当年也做过这样的事。。。还好没爆过沼气。。。还好后面的面包车停住了，不过还是有问题，不能光怪熊孩子，如果是不小心烟头掉下去了爆了呢。。问题是怎么处理城市里的沼气。//@镜花水月忆遥遥_:怎么没炸死这几个小混蛋 //@囫囵勇:我勒个去。",
            "time": "15-2-5 19:29"
        },
        {
            "comment id": 72,
            "parent": -1,
            "children": [],
            "user id": "5055060019",
            "user name": "多啦暗黑",
            "content": "多少当量的TNT？",
            "time": "15-2-5 19:28"
        },
        {
            "comment id": 73,
            "parent": -1,
            "children": [],
            "user id": "2922441964",
            "user name": "浅蓝的浅蓝的天",
            "content": "回复@没了皮的洋葱:悟空，怎么这么调皮？",
            "time": "15-2-5 19:23"
        },
        {
            "comment id": 74,
            "parent": -1,
            "children": [],
            "user id": "3562094380",
            "user name": "Gp--",
            "content": "@我是Zyq不是在一起",
            "time": "15-2-5 19:22"
        },
        {
            "comment id": 75,
            "parent": -1,
            "children": [],
            "user id": "1740747042",
            "user name": "树下一颗紫葡萄",
            "content": "回复@老妈发现账号要改名:14年的",
            "time": "15-2-5 19:22"
        },
        {
            "comment id": 76,
            "parent": -1,
            "children": [],
            "user id": "1783522177",
            "user name": "用户1119号",
            "content": "雾艹",
            "time": "15-2-5 19:15"
        },
        {
            "comment id": 77,
            "parent": -1,
            "children": [],
            "user id": "1862954120",
            "user name": "flower-potato",
            "content": "这几个工人扔东西进去是想要测量什么，可是错误的用了明火，一扔进去就有大量的白烟往外冒，他们感觉不对所以撒丫子跑。那辆面包车也是看到白烟才停下来的。别再瞎传了。",
            "time": "15-2-5 19:15"
        },
        {
            "comment id": 78,
            "parent": -1,
            "children": [],
            "user id": "1639221587",
            "user name": "倪大湿",
            "content": "团灭",
            "time": "15-2-5 19:13"
        },
        {
            "comment id": 79,
            "parent": -1,
            "children": [],
            "user id": "3428556352",
            "user name": "年华锁命",
            "content": "怎么没把熊孩子炸了那些车算谁的",
            "time": "15-2-5 19:07"
        }
    ]
}