{
    "source": {
        "content": "【女大学生网恋残疾小伙三日定情 对方酷似周杰伦】90后女大学生小丹在网上认识了广州一男孩，两人不到三天坠入爱河。当她只身前往广州后，发现男孩竟双腿无行动能力，而小丹却做出惊人决定：退学向他求婚，并承诺照顾他一生。男孩长得像周杰伦，弹得一手好吉他。90后大学生网恋残疾小伙三日定情求婚 对方酷似周杰伦 ",
        "time": "15-2-10 14:15",
        "user id": "2360016402",
        "tweet id": "C3EoiDsEB",
        "label": 1,
        "theme": "社会生活"
    },
    "comment": [
        {
            "comment id": 0,
            "parent": -1,
            "children": [],
            "user id": "2116855515",
            "user name": "iCHENKE",
            "content": "感觉更像东尼大木……",
            "time": "15-2-12 08:41"
        },
        {
            "comment id": 1,
            "parent": -1,
            "children": [],
            "user id": "3829182100",
            "user name": "thinktoomuchfeeltoolittle",
            "content": "我只想问谁拍的。这不明显摆拍吗真逗",
            "time": "15-2-10 22:06"
        },
        {
            "comment id": 2,
            "parent": -1,
            "children": [],
            "user id": "2088780641",
            "user name": "白痴树袋熊",
            "content": " @CCC_懒癌末期陈小N",
            "time": "15-2-10 20:54"
        },
        {
            "comment id": 3,
            "parent": -1,
            "children": [],
            "user id": "2832038957",
            "user name": "夕阳看多久",
            "content": "姑娘、三思而行",
            "time": "15-2-10 18:08"
        },
        {
            "comment id": 4,
            "parent": -1,
            "children": [],
            "user id": "3304845361",
            "user name": "金开心啊",
            "content": "这。。。。  求神评论",
            "time": "15-2-10 16:36"
        },
        {
            "comment id": 5,
            "parent": -1,
            "children": [],
            "user id": "2288273893",
            "user name": "jingyang1984",
            "content": "不是童话吧",
            "time": "15-2-10 15:27"
        },
        {
            "comment id": 6,
            "parent": -1,
            "children": [],
            "user id": "1738516590",
            "user name": "Miss然然兔",
            "content": "@舊時_Secret 为何我笑了",
            "time": "15-2-10 14:49"
        },
        {
            "comment id": 7,
            "parent": -1,
            "children": [],
            "user id": "3551698850",
            "user name": "秘密918030",
            "content": "跟李琛演的微电影“更上一层楼”一样",
            "time": "15-2-10 14:39"
        },
        {
            "comment id": 8,
            "parent": -1,
            "children": [],
            "user id": "1659658040",
            "user name": "你又掉坑里了",
            "content": "哎呦卧槽",
            "time": "15-2-10 14:37"
        },
        {
            "comment id": 9,
            "parent": -1,
            "children": [],
            "user id": "2890269034",
            "user name": "LuckyLee__",
            "content": "从此又相信爱情了",
            "time": "15-2-10 14:36"
        },
        {
            "comment id": 10,
            "parent": -1,
            "children": [],
            "user id": "1571898214",
            "user name": "一类疫苗",
            "content": "残疾人能带该你幸福吗，姑娘？",
            "time": "15-2-10 14:25"
        },
        {
            "comment id": 11,
            "parent": -1,
            "children": [],
            "user id": "1736399543",
            "user name": "不要说话Bingo",
            "content": "不可能在现实中",
            "time": "15-2-10 14:22"
        },
        {
            "comment id": 12,
            "parent": -1,
            "children": [],
            "user id": "1764581173",
            "user name": "尾灯一样红",
            "content": "两个残疾人，不过也般配。",
            "time": "15-2-10 14:20"
        },
        {
            "comment id": 13,
            "parent": -1,
            "children": [],
            "user id": "2106796863",
            "user name": "抓住2的尾巴",
            "content": "男孩子好福气，上辈子修来的。这才是上帝恩赐的真正的女神！女神是自由女神一样是很高尚纯洁神圣的象征！又会给带来好运的。现在说的女神真的是太玷污这个称呼了、",
            "time": "15-2-10 14:19"
        },
        {
            "comment id": 14,
            "parent": -1,
            "children": [],
            "user id": "2997515682",
            "user name": "28-200",
            "content": "那女的是周董的粉吗",
            "time": "15-2-10 14:18"
        },
        {
            "comment id": 15,
            "parent": -1,
            "children": [],
            "user id": "2653363495",
            "user name": "男人有一种气质叫奋斗-",
            "content": "女的很美啊",
            "time": "15-2-10 14:18"
        },
        {
            "comment id": 16,
            "parent": -1,
            "children": [],
            "user id": "2261856300",
            "user name": "sihanzZ",
            "content": "女生好漂亮",
            "time": "15-2-10 14:16"
        }
    ]
}