{
    "source": {
        "content": "【女大学生网恋残疾小伙三日定情 对方酷似周杰伦】90后女大学生小丹在网上认识了广州一男孩，两人不到三天坠入爱河。当她只身前往广州后，发现男孩竟是双腿失去行动能力，而小丹却做出惊人决定：退学向对方求婚，并承诺照顾对方一生。男孩长得像周杰伦，弹得一手好吉他。 ",
        "time": "15-2-10 14:31",
        "user id": "1734530730",
        "tweet id": "C3Ev9gIEy",
        "label": 1,
        "theme": "社会生活"
    },
    "comment": [
        {
            "comment id": 0,
            "parent": -1,
            "children": [],
            "user id": "1772985832",
            "user name": "刘姝含_",
            "content": "傻逼了吧，被举报了吧",
            "time": "15-2-12 21:43"
        },
        {
            "comment id": 1,
            "parent": -1,
            "children": [],
            "user id": "1587775963",
            "user name": "兰花花蓝",
            "content": "怎么还不删啊",
            "time": "15-2-12 15:52"
        },
        {
            "comment id": 2,
            "parent": -1,
            "children": [],
            "user id": "2122363672",
            "user name": "夏夏夏夏夏夏天要过了",
            "content": "这女的是有病吧",
            "time": "15-2-12 14:30"
        },
        {
            "comment id": 3,
            "parent": -1,
            "children": [],
            "user id": "2251549567",
            "user name": "三十而已在生活",
            "content": "这姑娘好美，美的我都动心了我是女的",
            "time": "15-2-11 21:04"
        },
        {
            "comment id": 4,
            "parent": -1,
            "children": [],
            "user id": "1159529481",
            "user name": "丨闪光丨",
            "content": "傻逼，新闻存在的意义是什么知道么。",
            "time": "15-2-11 20:26"
        },
        {
            "comment id": 5,
            "parent": -1,
            "children": [],
            "user id": "1847213437",
            "user name": "0秋o枫0",
            "content": "中原新城公园一号2号楼1单元3楼业主私自打通七套房子，勾结物业，开黑幼儿园，无论对楼体结构还是居民生活都造成了极大的困扰，求贵报报道，为民做主，谢谢！",
            "time": "15-2-11 16:17"
        },
        {
            "comment id": 6,
            "parent": -1,
            "children": [],
            "user id": "2205880584",
            "user name": "baby温小乐",
            "content": "回复@MISSZZLYNN:腿惨又不是那里残",
            "time": "15-2-11 16:11"
        },
        {
            "comment id": 7,
            "parent": -1,
            "children": [],
            "user id": "3154414912",
            "user name": "w_how_ever",
            "content": "回复@Lz__Lan:啊哈哈",
            "time": "15-2-11 15:50"
        },
        {
            "comment id": 8,
            "parent": -1,
            "children": [],
            "user id": "1560446990",
            "user name": "SS笨笨",
            "content": "周杰伦是个屁",
            "time": "15-2-11 09:39"
        },
        {
            "comment id": 9,
            "parent": -1,
            "children": [],
            "user id": "1793124354",
            "user name": "是阿古麻麻",
            "content": "@MC_meng",
            "time": "15-2-11 09:19"
        },
        {
            "comment id": 10,
            "parent": -1,
            "children": [],
            "user id": "1701314494",
            "user name": "马2先生",
            "content": "炒作",
            "time": "15-2-11 08:32"
        },
        {
            "comment id": 11,
            "parent": -1,
            "children": [],
            "user id": "1720920253",
            "user name": "Perfect调",
            "content": "回复@美圈_Circle:我知道",
            "time": "15-2-11 02:26"
        },
        {
            "comment id": 12,
            "parent": -1,
            "children": [],
            "user id": "2788426913",
            "user name": "7个小小猴子",
            "content": "@一头2蘑菇",
            "time": "15-2-11 00:50"
        },
        {
            "comment id": 13,
            "parent": -1,
            "children": [],
            "user id": "1772985832",
            "user name": "刘姝含_",
            "content": "傻逼了吧，被举报了吧",
            "time": "15-2-11 00:03"
        },
        {
            "comment id": 14,
            "parent": -1,
            "children": [],
            "user id": "1639928662",
            "user name": "盈盈1639928662",
            "content": "这中国还是韩国，都穿毛衣了，还光腿穿裙子，真的不冷吗？",
            "time": "15-2-10 22:45"
        },
        {
            "comment id": 15,
            "parent": -1,
            "children": [],
            "user id": "2668981413",
            "user name": "不记得是谁的小尾巴",
            "content": "回复@Till_symphoney:为什么突然只@我",
            "time": "15-2-10 22:33"
        },
        {
            "comment id": 16,
            "parent": -1,
            "children": [],
            "user id": "2605849630",
            "user name": "卖鱼的流氓兔",
            "content": "腿不能动又不是手不能动，干嘛要喂饭",
            "time": "15-2-10 22:22"
        },
        {
            "comment id": 17,
            "parent": -1,
            "children": [],
            "user id": "1738190727",
            "user name": "DJ孙科",
            "content": "炒作嘛。硬是往杰伦的感觉去化妆",
            "time": "15-2-10 22:21"
        },
        {
            "comment id": 18,
            "parent": -1,
            "children": [],
            "user id": "1971875753",
            "user name": "活在鞋盒里最好_",
            "content": "回复@变心太快没有oba了:我看到了，哈哈哈哈",
            "time": "15-2-10 22:07"
        },
        {
            "comment id": 19,
            "parent": -1,
            "children": [],
            "user id": "2788764347",
            "user name": "小嘻哈茜",
            "content": "炒作或是假的！",
            "time": "15-2-10 22:07"
        },
        {
            "comment id": 20,
            "parent": -1,
            "children": [],
            "user id": "5379039848",
            "user name": "小丑的home",
            "content": "无地自容0啊",
            "time": "15-2-10 22:01"
        },
        {
            "comment id": 21,
            "parent": -1,
            "children": [],
            "user id": "2523807273",
            "user name": "Mr赵lover",
            "content": "我就说嘛，肯定假新闻",
            "time": "15-2-10 21:40"
        },
        {
            "comment id": 22,
            "parent": -1,
            "children": [],
            "user id": "2321943085",
            "user name": "DD的小抱抱",
            "content": "炒作吧",
            "time": "15-2-10 21:06"
        },
        {
            "comment id": 23,
            "parent": -1,
            "children": [],
            "user id": "3199736757",
            "user name": "STARGAZERZ",
            "content": "回复@fangtao哟:讲重点",
            "time": "15-2-10 20:46"
        },
        {
            "comment id": 24,
            "parent": -1,
            "children": [],
            "user id": "2133854480",
            "user name": "一同了",
            "content": "哈哈，每次看到这么大的媒体还转发虚假消息，就想呵呵",
            "time": "15-2-10 20:42"
        },
        {
            "comment id": 25,
            "parent": -1,
            "children": [],
            "user id": "3006723841",
            "user name": "FANGFANFAFT",
            "content": "回复@zhangluder呀:周杰伦落烂了",
            "time": "15-2-10 20:40"
        },
        {
            "comment id": 26,
            "parent": -1,
            "children": [],
            "user id": "3027853165",
            "user name": "浩哥在北京",
            "content": "此信息已被辟谣，",
            "time": "15-2-10 20:25"
        },
        {
            "comment id": 27,
            "parent": -1,
            "children": [],
            "user id": "5146477105",
            "user name": "果果子Gigi",
            "content": "回复@小鬼别摔倒:看墙上的亮点",
            "time": "15-2-10 19:51"
        },
        {
            "comment id": 28,
            "parent": -1,
            "children": [],
            "user id": "5194645187",
            "user name": "小鬼别摔倒",
            "content": "回复@景景景逢逢春:只不过是他的影子",
            "time": "15-2-10 19:27"
        },
        {
            "comment id": 29,
            "parent": -1,
            "children": [],
            "user id": "3181900895",
            "user name": "BONCAN-Wang",
            "content": "作",
            "time": "15-2-10 19:11"
        },
        {
            "comment id": 30,
            "parent": -1,
            "children": [],
            "user id": "2551810485",
            "user name": "走马仍是少年",
            "content": "照片是摆拍的吧。",
            "time": "15-2-10 18:29"
        },
        {
            "comment id": 31,
            "parent": -1,
            "children": [],
            "user id": "3135835091",
            "user name": "七号亭下",
            "content": "原来只是一出戏～～没有童话故事出现",
            "time": "15-2-10 18:28"
        },
        {
            "comment id": 32,
            "parent": -1,
            "children": [],
            "user id": "1913091910",
            "user name": "Lz__Lai",
            "content": "回复@Lee-suy:让我想起车站那个",
            "time": "15-2-10 18:12"
        },
        {
            "comment id": 33,
            "parent": -1,
            "children": [],
            "user id": "3977850957",
            "user name": "雪球爱吃鱼a",
            "content": "腿残连碗都端不了吗 我就笑笑",
            "time": "15-2-10 18:03"
        },
        {
            "comment id": 34,
            "parent": -1,
            "children": [],
            "user id": "3922575499",
            "user name": "娟子5492",
            "content": "个人觉得退学是不对的，既然他之前过的很好，那你也就没有必要退学啦。古人都说啦，两情若在久长时又岂在朝朝暮暮。不过每个人都有自己的选择权利，，，，还是在最后祝福你啦",
            "time": "15-2-10 18:02"
        },
        {
            "comment id": 35,
            "parent": -1,
            "children": [],
            "user id": "2048458473",
            "user name": "安静浅笑",
            "content": "是很像，但是假了一点",
            "time": "15-2-10 17:50"
        },
        {
            "comment id": 36,
            "parent": -1,
            "children": [],
            "user id": "1656270070",
            "user name": "豫鼎中原123456789",
            "content": "不是说是一部微电影吗，这是电影里的男女主角@大河报",
            "time": "15-2-10 17:41"
        },
        {
            "comment id": 37,
            "parent": -1,
            "children": [],
            "user id": "2315916561",
            "user name": "边走边吃冰",
            "content": "现在新闻是靠编？？真是编辑～～",
            "time": "15-2-10 17:40"
        },
        {
            "comment id": 38,
            "parent": -1,
            "children": [],
            "user id": "2775976005",
            "user name": "汪子娴Erin",
            "content": "@嘴巴上说着不要",
            "time": "15-2-10 17:38"
        },
        {
            "comment id": 39,
            "parent": -1,
            "children": [],
            "user id": "1805689093",
            "user name": "小涛-同学",
            "content": "微电影",
            "time": "15-2-10 17:37"
        },
        {
            "comment id": 40,
            "parent": -1,
            "children": [],
            "user id": "1424245815",
            "user name": "东坡投石",
            "content": "像电影中的情节",
            "time": "15-2-10 17:28"
        },
        {
            "comment id": 41,
            "parent": -1,
            "children": [],
            "user id": "1051392523",
            "user name": "frank419",
            "content": "好假",
            "time": "15-2-10 17:27"
        },
        {
            "comment id": 42,
            "parent": -1,
            "children": [],
            "user id": "2285997991",
            "user name": "梦中醒悟不了情",
            "content": "多么美好的一个传说故事",
            "time": "15-2-10 17:27"
        },
        {
            "comment id": 43,
            "parent": -1,
            "children": [],
            "user id": "2691076020",
            "user name": "喵喵喵并喵Emmmm",
            "content": "周。  杰。  伦。",
            "time": "15-2-10 17:15"
        },
        {
            "comment id": 44,
            "parent": -1,
            "children": [],
            "user id": "1708925581",
            "user name": "Weifung_Wu",
            "content": "假的。。。。",
            "time": "15-2-10 17:14"
        },
        {
            "comment id": 45,
            "parent": -1,
            "children": [],
            "user id": "5275030754",
            "user name": "琛琛深深琛琛O_o",
            "content": "本来想说看脸的时代，有没有腿已经没所谓了，但是看到图片，这腿部残疾的小伙子，为啥不自己端碗吃饭？",
            "time": "15-2-10 17:13"
        },
        {
            "comment id": 46,
            "parent": -1,
            "children": [],
            "user id": "3669378695",
            "user name": "那女孩对我说妖怪哪里逃",
            "content": "注意图2墙上的报纸，呵呵哒！",
            "time": "15-2-10 17:13"
        },
        {
            "comment id": 47,
            "parent": -1,
            "children": [],
            "user id": "3480595767",
            "user name": "清静守中",
            "content": "这是微电影，不是真事，删了吧，不然公信力何在？！",
            "time": "15-2-10 17:12"
        },
        {
            "comment id": 48,
            "parent": -1,
            "children": [],
            "user id": "3801743241",
            "user name": "嗯嗯_好吧",
            "content": "服了  这是电影",
            "time": "15-2-10 17:06"
        },
        {
            "comment id": 49,
            "parent": -1,
            "children": [],
            "user id": "2132636074",
            "user name": "怪人骨头咔咔响",
            "content": "这是微电影，小编，注意一下别发假新闻",
            "time": "15-2-10 17:06"
        },
        {
            "comment id": 50,
            "parent": -1,
            "children": [],
            "user id": "3624260663",
            "user name": "小河边er",
            "content": "我就想知道这是不是真的",
            "time": "15-2-10 17:04"
        },
        {
            "comment id": 51,
            "parent": -1,
            "children": [],
            "user id": "1710864194",
            "user name": "落日黄花Sunny",
            "content": "多么美好的一个传说故事",
            "time": "15-2-10 17:01"
        },
        {
            "comment id": 52,
            "parent": -1,
            "children": [],
            "user id": "1184235742",
            "user name": "mylittle9",
            "content": "回复@珈娘娘:我也觉得 纯摆拍！！！",
            "time": "15-2-10 17:00"
        },
        {
            "comment id": 53,
            "parent": -1,
            "children": [],
            "user id": "1427846215",
            "user name": "九个太阳照亮一个sun",
            "content": "这必然是炒作啊，太无耻了",
            "time": "15-2-10 16:58"
        },
        {
            "comment id": 54,
            "parent": -1,
            "children": [],
            "user id": "1984665983",
            "user name": "wupaa_568",
            "content": "手只能弹吉他不会端碗拿筷子么？另外，墙上那些花花绿绿的美女画是干啥的？",
            "time": "15-2-10 16:54"
        },
        {
            "comment id": 55,
            "parent": -1,
            "children": [],
            "user id": "3198098060",
            "user name": "与王八蛋对着干",
            "content": "我日你妈",
            "time": "15-2-10 16:53"
        },
        {
            "comment id": 56,
            "parent": -1,
            "children": [],
            "user id": "2445114175",
            "user name": "杆子依旧T",
            "content": "我和我的小伙伴们都惊呆了",
            "time": "15-2-10 16:52"
        },
        {
            "comment id": 57,
            "parent": -1,
            "children": [],
            "user id": "5090553276",
            "user name": "只是个白日梦",
            "content": "幸亏是个故事",
            "time": "15-2-10 16:52"
        },
        {
            "comment id": 58,
            "parent": -1,
            "children": [],
            "user id": "1840390252",
            "user name": "Skyyyyyyoung",
            "content": "假的吧 她父母怎么可能同意？",
            "time": "15-2-10 16:51"
        },
        {
            "comment id": 59,
            "parent": -1,
            "children": [],
            "user id": "2799684394",
            "user name": "王玮WanGv",
            "content": "回复@HiHiVvVvbb:你好 我是周杰伦",
            "time": "15-2-10 16:47"
        },
        {
            "comment id": 60,
            "parent": -1,
            "children": [],
            "user id": "2272295761",
            "user name": "明天LZ1",
            "content": "不予评论",
            "time": "15-2-10 16:46"
        },
        {
            "comment id": 61,
            "parent": -1,
            "children": [],
            "user id": "1955164821",
            "user name": "王阿千",
            "content": "5图的墙上贴的是啥？",
            "time": "15-2-10 16:45"
        },
        {
            "comment id": 62,
            "parent": -1,
            "children": [],
            "user id": "2168923240",
            "user name": "shirkey_xinyue",
            "content": "@二二的小xin ",
            "time": "15-2-10 16:44"
        },
        {
            "comment id": 63,
            "parent": -1,
            "children": [],
            "user id": "2729536835",
            "user name": "CCCEr阳",
            "content": "女的还很漂亮",
            "time": "15-2-10 16:42"
        },
        {
            "comment id": 64,
            "parent": -1,
            "children": [],
            "user id": "5068782455",
            "user name": "用户ztwtbi58o9",
            "content": "作秀",
            "time": "15-2-10 16:42"
        },
        {
            "comment id": 65,
            "parent": -1,
            "children": [],
            "user id": "1833062144",
            "user name": "Chenxl_Sally紫藤",
            "content": "no zuo no die!!! 这不叫爱情 假～～～",
            "time": "15-2-10 16:41"
        },
        {
            "comment id": 66,
            "parent": -1,
            "children": [],
            "user id": "1773729705",
            "user name": "折腾透了",
            "content": "什么年代还网恋呢",
            "time": "15-2-10 16:40"
        },
        {
            "comment id": 67,
            "parent": -1,
            "children": [],
            "user id": "1773729705",
            "user name": "折腾透了",
            "content": "手能弹吉他都不能端碗吃饭？",
            "time": "15-2-10 16:39"
        },
        {
            "comment id": 68,
            "parent": -1,
            "children": [],
            "user id": "1974692763",
            "user name": "__陈胖胖",
            "content": "好丑",
            "time": "15-2-10 16:39"
        },
        {
            "comment id": 69,
            "parent": -1,
            "children": [],
            "user id": "5126487266",
            "user name": "萤火之森的刘同学",
            "content": "快来打断我的腿好吗",
            "time": "15-2-10 16:38"
        },
        {
            "comment id": 70,
            "parent": -1,
            "children": [],
            "user id": "2612390617",
            "user name": "Carson-丷",
            "content": "原来童话都是骗人的，我放心了。//@都市晨报: 【原来只是一场戏...】经鉴定，这是网络大电影《暖男电话》的一组剧照，该片男主角外形酷似周杰伦，还可以弹得一首好吉他，颇有年少时的周杰伦风范，而且他也是一位原创音乐人。 电影《暖男电话》网络上映 阳光男孩致敬“周杰伦” 哎，又被骗了...",
            "time": "15-2-10 16:37"
        },
        {
            "comment id": 71,
            "parent": -1,
            "children": [],
            "user id": "2316796513",
            "user name": "浩子de围脖",
            "content": "这个社会怎么了",
            "time": "15-2-10 16:37"
        },
        {
            "comment id": 72,
            "parent": -1,
            "children": [],
            "user id": "2547084771",
            "user name": "唯一好运",
            "content": "假的！",
            "time": "15-2-10 16:37"
        },
        {
            "comment id": 73,
            "parent": -1,
            "children": [],
            "user id": "3053659665",
            "user name": "聂靖文",
            "content": "回复@王宇航不迷茫:",
            "time": "15-2-10 16:36"
        },
        {
            "comment id": 74,
            "parent": -1,
            "children": [],
            "user id": "1964924582",
            "user name": "不爱说话的病毒",
            "content": "作为一个当地比较大的媒体，看看这个比较合适。 电影《暖男电话》网络上映 阳光男孩致敬“周杰伦”",
            "time": "15-2-10 16:36"
        },
        {
            "comment id": 75,
            "parent": -1,
            "children": [],
            "user id": "3303717863",
            "user name": "洋气新店jewelry",
            "content": "真爱啊卧槽 这个女孩真美",
            "time": "15-2-10 16:36"
        },
        {
            "comment id": 76,
            "parent": -1,
            "children": [],
            "user id": "3432149252",
            "user name": "Hillop_",
            "content": "回复@帅的没自信丷:要不要如此。。",
            "time": "15-2-10 16:36"
        },
        {
            "comment id": 77,
            "parent": -1,
            "children": [],
            "user id": "1742824441",
            "user name": "珈珈珈Z",
            "content": "回复@ShadowShadowQ:女娃想红了",
            "time": "15-2-10 16:35"
        },
        {
            "comment id": 78,
            "parent": -1,
            "children": [],
            "user id": "1710845231",
            "user name": "专业泼冷水二级运动员",
            "content": "双腿失去行动能力为什么要喂饭呢？又不是四肢瘫痪好么！炒作也稍微带着点脑子呗",
            "time": "15-2-10 16:35"
        },
        {
            "comment id": 79,
            "parent": -1,
            "children": [],
            "user id": "1225878410",
            "user name": "小月aj",
            "content": "墙上的画……",
            "time": "15-2-10 16:34"
        }
    ]
}