{
    "source": {
        "content": "【女大学生网恋残疾小伙三日定情 对方酷似周杰伦】90后女大学生小丹在网上认识了广州一男孩，两人不到三天坠入爱河。当她只身前往广州后，发现男孩竟双腿无行动能力，而小丹却做出惊人决定：退学向他求婚，并承诺照顾他一生。男孩长得像周杰伦，弹得一手好吉他。 ",
        "time": "15-2-9 23:30",
        "user id": "3220342801",
        "tweet id": "C3yBstxyI",
        "label": 1,
        "theme": "社会生活"
    },
    "comment": [
        {
            "comment id": 0,
            "parent": -1,
            "children": [],
            "user id": "2727572460",
            "user name": "假中出真对错生",
            "content": "回复@我姓鈡那个钟表的钟表的表:胡子明显修过～装呢还是装呢～",
            "time": "15-2-11 02:30"
        },
        {
            "comment id": 1,
            "parent": -1,
            "children": [],
            "user id": "3852081426",
            "user name": "归来的午后",
            "content": "回复@你也是脑残:真爱",
            "time": "15-2-10 22:08"
        },
        {
            "comment id": 2,
            "parent": -1,
            "children": [],
            "user id": "2058942620",
            "user name": "美宁N",
            "content": "假",
            "time": "15-2-10 13:02"
        },
        {
            "comment id": 3,
            "parent": -1,
            "children": [],
            "user id": "5168276589",
            "user name": "用户5168276589",
            "content": "你爸妈造吗",
            "time": "15-2-10 10:15"
        },
        {
            "comment id": 4,
            "parent": -1,
            "children": [],
            "user id": "1819682371",
            "user name": "chjvfrxnvjbffrgh",
            "content": "我怎么觉得像黄立成",
            "time": "15-2-10 09:23"
        },
        {
            "comment id": 5,
            "parent": -1,
            "children": [],
            "user id": "1221077845",
            "user name": "bigskong",
            "content": "杰伦歌迷",
            "time": "15-2-10 08:43"
        },
        {
            "comment id": 6,
            "parent": -1,
            "children": [],
            "user id": "3132897721",
            "user name": "加肥猫要减肥啦",
            "content": "瞎了",
            "time": "15-2-10 08:10"
        },
        {
            "comment id": 7,
            "parent": -1,
            "children": [],
            "user id": "1783367795",
            "user name": "_yesbuter--",
            "content": "回复@你也是脑残:是的",
            "time": "15-2-10 02:52"
        },
        {
            "comment id": 8,
            "parent": -1,
            "children": [],
            "user id": "2701511937",
            "user name": "我就是大草莓",
            "content": "疯了",
            "time": "15-2-10 01:48"
        },
        {
            "comment id": 9,
            "parent": -1,
            "children": [],
            "user id": "2067553807",
            "user name": "一颗静静",
            "content": "@_yesbuter-- @放空-_x @再候半夏 @归来的午后 真爱",
            "time": "15-2-10 00:46"
        },
        {
            "comment id": 10,
            "parent": -1,
            "children": [],
            "user id": "2687110811",
            "user name": "LALAla--娜娜NAna",
            "content": "回复@南铁撩螺吴彦祖:挺像",
            "time": "15-2-10 00:46"
        },
        {
            "comment id": 11,
            "parent": -1,
            "children": [],
            "user id": "2350739441",
            "user name": "_Qtr",
            "content": "回复@L1AN9SW:醉了",
            "time": "15-2-10 00:44"
        },
        {
            "comment id": 12,
            "parent": -1,
            "children": [],
            "user id": "2396471773",
            "user name": "i-Mollybaby",
            "content": "@_Qtr ",
            "time": "15-2-10 00:42"
        },
        {
            "comment id": 13,
            "parent": -1,
            "children": [],
            "user id": "1836921397",
            "user name": "南铁撩螺吴彦祖",
            "content": "@LALAla--娜娜NAna 脑残吗",
            "time": "15-2-10 00:38"
        },
        {
            "comment id": 14,
            "parent": -1,
            "children": [],
            "user id": "2663657451",
            "user name": "莹亮的离子",
            "content": "背后的报纸图片内容也是醉了",
            "time": "15-2-9 23:52"
        },
        {
            "comment id": 15,
            "parent": -1,
            "children": [],
            "user id": "1692717843",
            "user name": "黄吱吱不胖",
            "content": "呵呵→_→",
            "time": "15-2-9 23:46"
        },
        {
            "comment id": 16,
            "parent": -1,
            "children": [],
            "user id": "1659475200",
            "user name": "傻傻傻噢啦",
            "content": "@西大行健非官方微博 二哥长得像周杰伦吗。",
            "time": "15-2-9 23:36"
        },
        {
            "comment id": 17,
            "parent": -1,
            "children": [],
            "user id": "2100734481",
            "user name": "-zeng的生活",
            "content": "啊、、、、",
            "time": "15-2-9 23:34"
        },
        {
            "comment id": 18,
            "parent": -1,
            "children": [],
            "user id": "3579388024",
            "user name": "猪突猛进996",
            "content": "瞎了",
            "time": "15-2-9 23:33"
        },
        {
            "comment id": 19,
            "parent": -1,
            "children": [],
            "user id": "3193895432",
            "user name": "玉兔云之念",
            "content": "⊙▽⊙真爱啊",
            "time": "15-2-9 23:32"
        }
    ]
}