{
    "source": {
        "content": "一个小孩的生命结束了，就是因为她把手机充电接口放到嘴里，而另一头还在插线板上。家长们请看图，家里有这样插着的，请及时拔掉️小朋友会错误觉得好玩含在嘴里，十分危险⚠️！ ",
        "time": "15-3-11 23:22",
        "user id": "1860096194",
        "tweet id": "C87mKdogN",
        "label": 1,
        "theme": "社会生活"
    },
    "comment": [
        {
            "comment id": 0,
            "parent": -1,
            "children": [],
            "user id": "1652793012",
            "user name": "笑一笑即是晴天",
            "content": "没常识，就这样还手机评测……",
            "time": "15-3-18 07:02"
        },
        {
            "comment id": 1,
            "parent": -1,
            "children": [],
            "user id": "1646817497",
            "user name": "itom",
            "content": "",
            "time": "15-3-15 00:33"
        },
        {
            "comment id": 2,
            "parent": -1,
            "children": [],
            "user id": "1146846865",
            "user name": "清香似旧",
            "content": "微信里传出来的吧~ 呵呵 到微博里只有被枪毙的份",
            "time": "15-3-14 15:20"
        },
        {
            "comment id": 3,
            "parent": -1,
            "children": [],
            "user id": "2608762481",
            "user name": "小红蓝骑破车",
            "content": "你串联5个充电器给我含一下看会不会死",
            "time": "15-3-13 23:46"
        },
        {
            "comment id": 4,
            "parent": -1,
            "children": [],
            "user id": "2408626897",
            "user name": "啊面条条",
            "content": "5V能电死人 我也是醉了",
            "time": "15-3-13 11:20"
        },
        {
            "comment id": 5,
            "parent": -1,
            "children": [],
            "user id": "2088814443",
            "user name": "徐大歪",
            "content": "你也被处理了吧",
            "time": "15-3-12 19:12"
        },
        {
            "comment id": 6,
            "parent": -1,
            "children": [],
            "user id": "1826048213",
            "user name": "威字旗",
            "content": "靠 假消息",
            "time": "15-3-12 19:10"
        },
        {
            "comment id": 7,
            "parent": -1,
            "children": [],
            "user id": "1821721391",
            "user name": "改个名字来看看吧",
            "content": "你在高端黑么？",
            "time": "15-3-12 12:45"
        },
        {
            "comment id": 8,
            "parent": -1,
            "children": [],
            "user id": "1846459202",
            "user name": "苜蓿小强",
            "content": "5v2a能电死人？36v安全电压是白叫的？",
            "time": "15-3-12 10:43"
        },
        {
            "comment id": 9,
            "parent": -1,
            "children": [],
            "user id": "2256559983",
            "user name": "墨蛟道祖",
            "content": "不会电死人，我被电到过，不过确实有点疼",
            "time": "15-3-12 10:36"
        },
        {
            "comment id": 10,
            "parent": -1,
            "children": [],
            "user id": "2345257521",
            "user name": "Qlid",
            "content": "很害怕@灰原熊 ",
            "time": "15-3-12 10:27"
        },
        {
            "comment id": 11,
            "parent": -1,
            "children": [],
            "user id": "2532166224",
            "user name": "茅十八丶",
            "content": "傻逼",
            "time": "15-3-12 10:15"
        },
        {
            "comment id": 12,
            "parent": -1,
            "children": [],
            "user id": "2022987253",
            "user name": "坏蜀黍Bobby",
            "content": "艾丝比",
            "time": "15-3-12 09:58"
        },
        {
            "comment id": 13,
            "parent": -1,
            "children": [],
            "user id": "1827364852",
            "user name": "Da-JW",
            "content": "Sb",
            "time": "15-3-12 09:34"
        },
        {
            "comment id": 14,
            "parent": -1,
            "children": [],
            "user id": "2270012577",
            "user name": "汕头市澄海区宏力五金塑料厂",
            "content": "我小学没上过物理你不要欺骗我",
            "time": "15-3-12 09:05"
        },
        {
            "comment id": 15,
            "parent": -1,
            "children": [],
            "user id": "2164542947",
            "user name": "TopMess",
            "content": "SB了吗",
            "time": "15-3-12 08:33"
        },
        {
            "comment id": 16,
            "parent": -1,
            "children": [],
            "user id": "1792914085",
            "user name": "来人灌本杰明喝浓硫酸",
            "content": "取消关注谢谢",
            "time": "15-3-12 08:00"
        },
        {
            "comment id": 17,
            "parent": -1,
            "children": [],
            "user id": "1653124094",
            "user name": "caxxvo",
            "content": "取了。。。",
            "time": "15-3-12 07:55"
        },
        {
            "comment id": 18,
            "parent": -1,
            "children": [],
            "user id": "2197224703",
            "user name": "瘦不下去的李易燃",
            "content": "回复@retry-:[呵呵]你不知道我是学渣吗",
            "time": "15-3-12 07:43"
        },
        {
            "comment id": 19,
            "parent": -1,
            "children": [],
            "user id": "1933535304",
            "user name": "小卫校长",
            "content": "果断取关",
            "time": "15-3-12 07:11"
        },
        {
            "comment id": 20,
            "parent": -1,
            "children": [],
            "user id": "3220486062",
            "user name": "JeremiahTheBullfrog",
            "content": "[呵呵]看在关注你一年多的份上就不取关了",
            "time": "15-3-12 07:09"
        },
        {
            "comment id": 21,
            "parent": -1,
            "children": [],
            "user id": "2404963713",
            "user name": "js萌萌",
            "content": "一点也不好笑",
            "time": "15-3-12 06:54"
        },
        {
            "comment id": 22,
            "parent": -1,
            "children": [],
            "user id": "3320395834",
            "user name": "abdcv",
            "content": "",
            "time": "15-3-12 06:48"
        },
        {
            "comment id": 23,
            "parent": -1,
            "children": [],
            "user id": "2120312611",
            "user name": "筠墅封尘",
            "content": "你这是闹着玩的？还是真这么认为？",
            "time": "15-3-12 05:30"
        },
        {
            "comment id": 24,
            "parent": -1,
            "children": [],
            "user id": "1885445667",
            "user name": "阿怪吉祥",
            "content": "真有幽默感",
            "time": "15-3-12 05:23"
        },
        {
            "comment id": 25,
            "parent": -1,
            "children": [],
            "user id": "1722451957",
            "user name": "Huxley_",
            "content": "已举报",
            "time": "15-3-12 04:58"
        },
        {
            "comment id": 26,
            "parent": -1,
            "children": [],
            "user id": "2932494777",
            "user name": "kks96",
            "content": "知道什么叫变压器吗",
            "time": "15-3-12 04:13"
        },
        {
            "comment id": 27,
            "parent": -1,
            "children": [],
            "user id": "1923757221",
            "user name": "anarchist_smth",
            "content": "自黑？",
            "time": "15-3-12 03:00"
        },
        {
            "comment id": 28,
            "parent": -1,
            "children": [],
            "user id": "2088645747",
            "user name": "细毛y",
            "content": "傻逼了。。",
            "time": "15-3-12 01:51"
        },
        {
            "comment id": 29,
            "parent": -1,
            "children": [],
            "user id": "2131325524",
            "user name": "堕落爱国者",
            "content": "这智商明显qq空间以下",
            "time": "15-3-12 01:47"
        },
        {
            "comment id": 30,
            "parent": -1,
            "children": [],
            "user id": "2290985997",
            "user name": "被逼无奈改名的牛郎",
            "content": "已取关",
            "time": "15-3-12 01:41"
        },
        {
            "comment id": 31,
            "parent": -1,
            "children": [],
            "user id": "2704606675",
            "user name": "马马马步云",
            "content": "笑了",
            "time": "15-3-12 01:13"
        },
        {
            "comment id": 32,
            "parent": -1,
            "children": [],
            "user id": "1774018677",
            "user name": "小小小菜鸟赖",
            "content": "看到智商停留在QQ空间就笑了",
            "time": "15-3-12 01:12"
        },
        {
            "comment id": 33,
            "parent": -1,
            "children": [],
            "user id": "1739994992",
            "user name": "晨雾星辰",
            "content": "5V能电死人？",
            "time": "15-3-12 00:54"
        },
        {
            "comment id": 34,
            "parent": -1,
            "children": [],
            "user id": "1517140925",
            "user name": "叫我刘XX",
            "content": "智商停留在qq空间么。",
            "time": "15-3-12 00:48"
        },
        {
            "comment id": 35,
            "parent": -1,
            "children": [],
            "user id": "1792204817",
            "user name": "流会_",
            "content": "居然关住了一个传播谣言的傻逼，取关",
            "time": "15-3-12 00:39"
        },
        {
            "comment id": 36,
            "parent": -1,
            "children": [],
            "user id": "1215840493",
            "user name": "老汉玩手机",
            "content": "已经取关，再见",
            "time": "15-3-12 00:38"
        },
        {
            "comment id": 37,
            "parent": -1,
            "children": [],
            "user id": "2078845223",
            "user name": "薛定谔的FUJI",
            "content": "发这种微博对得起你的粉丝吗",
            "time": "15-3-12 00:26"
        },
        {
            "comment id": 38,
            "parent": -1,
            "children": [],
            "user id": "5036006167",
            "user name": "木机道",
            "content": "大蠢逼",
            "time": "15-3-12 00:21"
        },
        {
            "comment id": 39,
            "parent": -1,
            "children": [],
            "user id": "3928813817",
            "user name": "盒者",
            "content": "已取关 脑子像他妈不管用一样 受不了这些自诩kol的sb",
            "time": "15-3-12 00:21"
        },
        {
            "comment id": 40,
            "parent": -1,
            "children": [],
            "user id": "1787167077",
            "user name": "一刻钟的消遣",
            "content": "铭记",
            "time": "15-3-12 00:20"
        },
        {
            "comment id": 41,
            "parent": -1,
            "children": [],
            "user id": "1742525247",
            "user name": "丁楚湘JoyTing",
            "content": "你个傻逼",
            "time": "15-3-12 00:19"
        },
        {
            "comment id": 42,
            "parent": -1,
            "children": [],
            "user id": "1794667857",
            "user name": "红领巾_飘扬",
            "content": "怎么可能，不是有电阻吗？",
            "time": "15-3-12 00:11"
        },
        {
            "comment id": 43,
            "parent": -1,
            "children": [],
            "user id": "1848503647",
            "user name": "E人E点",
            "content": "呵呵，对得起自己的职业么[呵呵]",
            "time": "15-3-12 00:05"
        },
        {
            "comment id": 44,
            "parent": -1,
            "children": [],
            "user id": "2324742997",
            "user name": "漆黑中的追迹者",
            "content": "5v死人  直钩",
            "time": "15-3-12 00:00"
        },
        {
            "comment id": 45,
            "parent": -1,
            "children": [],
            "user id": "2013720192",
            "user name": "大树98",
            "content": "非常危险！为USB线会被咬坏",
            "time": "15-3-11 23:52"
        },
        {
            "comment id": 46,
            "parent": -1,
            "children": [],
            "user id": "1402415844",
            "user name": "justbin",
            "content": "这不是已经说是假新闻了？",
            "time": "15-3-11 23:52"
        },
        {
            "comment id": 47,
            "parent": -1,
            "children": [],
            "user id": "2386142720",
            "user name": "丢西瓜",
            "content": "傻逼",
            "time": "15-3-11 23:50"
        },
        {
            "comment id": 48,
            "parent": -1,
            "children": [],
            "user id": "2286090643",
            "user name": "小白Caprinae",
            "content": "@江宁公安在线 公交司机快来辟谣",
            "time": "15-3-11 23:48"
        },
        {
            "comment id": 49,
            "parent": -1,
            "children": [],
            "user id": "2286090643",
            "user name": "小白Caprinae",
            "content": "@江宁公安在线",
            "time": "15-3-11 23:47"
        },
        {
            "comment id": 50,
            "parent": -1,
            "children": [],
            "user id": "1843382795",
            "user name": "不想过去也不想未来",
            "content": "三星刚试过，没事",
            "time": "15-3-11 23:46"
        },
        {
            "comment id": 51,
            "parent": -1,
            "children": [],
            "user id": "2411600464",
            "user name": "千佛山梨叔",
            "content": "呵呵呵你一脸……",
            "time": "15-3-11 23:44"
        },
        {
            "comment id": 52,
            "parent": -1,
            "children": [],
            "user id": "2098967684",
            "user name": "EchoVision",
            "content": "洗粉贴？？",
            "time": "15-3-11 23:41"
        },
        {
            "comment id": 53,
            "parent": -1,
            "children": [],
            "user id": "2179482142",
            "user name": "虚空管道",
            "content": "我对此感到这个主播是村网通吗",
            "time": "15-3-11 23:41"
        },
        {
            "comment id": 54,
            "parent": -1,
            "children": [],
            "user id": "3310842685",
            "user name": "WuXin丶无心",
            "content": "我是来看评论的",
            "time": "15-3-11 23:40"
        },
        {
            "comment id": 55,
            "parent": -1,
            "children": [],
            "user id": "2418947152",
            "user name": "菌要橙死",
            "content": "呵呵哒 结论不应该是不要乱买山寨充电器么 容易漏电",
            "time": "15-3-11 23:38"
        },
        {
            "comment id": 56,
            "parent": -1,
            "children": [],
            "user id": "2002736333",
            "user name": "草珊瑚之爱",
            "content": "我试了，差点转发不了这个微博了",
            "time": "15-3-11 23:37"
        },
        {
            "comment id": 57,
            "parent": -1,
            "children": [],
            "user id": "1696204461",
            "user name": "化学特好",
            "content": "哈哈 5v2a会死人 笑死了 没上过初中吗",
            "time": "15-3-11 23:34"
        },
        {
            "comment id": 58,
            "parent": -1,
            "children": [],
            "user id": "2124945325",
            "user name": "YoungLD",
            "content": "放心啦，不论这电压还是这电流，都电不死人啦。除非充电器漏电，不过那样的话，对谁都是危险的。",
            "time": "15-3-11 23:34"
        },
        {
            "comment id": 59,
            "parent": -1,
            "children": [],
            "user id": "1945883934",
            "user name": "鹿鹿鹿鹿鹿鹿鹿鹿鹿鹿鹿鹿呀",
            "content": "对得起自己的职业么？",
            "time": "15-3-11 23:31"
        },
        {
            "comment id": 60,
            "parent": -1,
            "children": [],
            "user id": "1626202295",
            "user name": "霰神",
            "content": "@深海之鲱",
            "time": "15-3-11 23:29"
        },
        {
            "comment id": 61,
            "parent": -1,
            "children": [],
            "user id": "1801463905",
            "user name": "绪Yu",
            "content": "5v，呵呵",
            "time": "15-3-11 23:28"
        },
        {
            "comment id": 62,
            "parent": -1,
            "children": [],
            "user id": "1979352037",
            "user name": "Dya474747",
            "content": "假的拜托",
            "time": "15-3-11 23:27"
        },
        {
            "comment id": 63,
            "parent": -1,
            "children": [],
            "user id": "1882602563",
            "user name": "iceo微博",
            "content": "家长在干吗？",
            "time": "15-3-11 23:27"
        },
        {
            "comment id": 64,
            "parent": -1,
            "children": [],
            "user id": "2026706803",
            "user name": "梁净意",
            "content": "接口电压才几伏，怎么会电死呢？",
            "time": "15-3-11 23:26"
        },
        {
            "comment id": 65,
            "parent": -1,
            "children": [],
            "user id": "2197224703",
            "user name": "瘦不下去的李易燃",
            "content": "有一点点的痛很早之前试过。。",
            "time": "15-3-11 23:26"
        },
        {
            "comment id": 66,
            "parent": -1,
            "children": [],
            "user id": "3317263763",
            "user name": "DopeTech",
            "content": "2A的电流对人体没事吧…",
            "time": "15-3-11 23:25"
        },
        {
            "comment id": 67,
            "parent": -1,
            "children": [],
            "user id": "3272432793",
            "user name": "平凡的海哲",
            "content": "这么权威的大v发出来让人不得不信",
            "time": "15-3-11 23:24"
        },
        {
            "comment id": 68,
            "parent": -1,
            "children": [],
            "user id": "2205027361",
            "user name": "末路人DL",
            "content": "已辟谣",
            "time": "15-3-11 23:24"
        },
        {
            "comment id": 69,
            "parent": -1,
            "children": [],
            "user id": "2011036360",
            "user name": "Rabbicube",
            "content": "亲自试过。。 没事儿。。",
            "time": "15-3-11 23:24"
        }
    ]
}