{
    "source": {
        "content": "2019年春晚节目曝光：陈佩斯刘谦回归，刘德华张学友王菲同台飙歌 #2019年最期待# #2019年央视春晚# #2019年春晚节目单曝光#   ",
        "time": "18-12-6 13:49",
        "user id": "6412726809",
        "tweet id": "H5Y6Zmf1q",
        "label": 1,
        "theme": null
    },
    "comment": [
        {
            "comment id": 0,
            "parent": -1,
            "children": [],
            "user id": "2551947010",
            "user name": "四川泸州古蔺县胡宇骗子",
            "content": "期待(๑˙ー˙๑)",
            "time": "18-12-6 16:05"
        },
        {
            "comment id": 1,
            "parent": -1,
            "children": [],
            "user id": "3734963527",
            "user name": "整个世界的黑暗5",
            "content": "呵呵了？还张学友王菲刘德华",
            "time": "18-12-13 20:15"
        },
        {
            "comment id": 2,
            "parent": -1,
            "children": [],
            "user id": "6091006832",
            "user name": "Piwrik_k",
            "content": "此内容不实，已处理，哈哈哈",
            "time": "19-2-1 13:42"
        },
        {
            "comment id": 3,
            "parent": -1,
            "children": [],
            "user id": "1815981950",
            "user name": "风之R",
            "content": "刘德华感冒了，演唱会都取消了",
            "time": "19-1-6 20:53"
        },
        {
            "comment id": 4,
            "parent": -1,
            "children": [],
            "user id": "6573100493",
            "user name": "且放白鹿青崖间呀",
            "content": "😂😂😂学友哥要是上春晚歌迷当然很开心，但是今年貌似是不可能了",
            "time": "19-1-4 11:26"
        },
        {
            "comment id": 5,
            "parent": -1,
            "children": [],
            "user id": "6842703846",
            "user name": "大坤的摇滚生活RockYou",
            "content": "这是最早发布的假节目单",
            "time": "19-1-30 16:26"
        },
        {
            "comment id": 6,
            "parent": -1,
            "children": [],
            "user id": "6106799974",
            "user name": "zyldqsj",
            "content": "为什么没有拢龙，",
            "time": "19-2-1 18:18"
        },
        {
            "comment id": 7,
            "parent": -1,
            "children": [],
            "user id": "5245344443",
            "user name": "CamilleGreen",
            "content": "关晓彤不可能和迪丽热巴同台演出的",
            "time": "19-1-30 14:31"
        },
        {
            "comment id": 8,
            "parent": -1,
            "children": [],
            "user id": "2989781721",
            "user name": "唯爱添福宝和时代少年团",
            "content": "这节目单是真的吗",
            "time": "19-1-30 00:33"
        },
        {
            "comment id": 9,
            "parent": -1,
            "children": [],
            "user id": "1609936335",
            "user name": "有鱼余",
            "content": "我不信",
            "time": "18-12-6 21:31"
        },
        {
            "comment id": 10,
            "parent": -1,
            "children": [],
            "user id": "6405083239",
            "user name": "拥之则安QY",
            "content": "刘谦真的有估计，",
            "time": "19-2-2 20:19"
        },
        {
            "comment id": 11,
            "parent": -1,
            "children": [],
            "user id": "5711896318",
            "user name": "拟歌歌",
            "content": "李裁缝",
            "time": "19-2-1 21:09"
        },
        {
            "comment id": 12,
            "parent": -1,
            "children": [
                13
            ],
            "user id": "6319580649",
            "user name": "亦以阳光寂夏天",
            "content": "我艺兴呢",
            "time": "19-1-30 19:11"
        },
        {
            "comment id": 13,
            "parent": 12,
            "children": [],
            "user id": "6884132107",
            "user name": "小小小羊x",
            "content": "对呀 我也想问",
            "time": "19-1-31 21:13"
        },
        {
            "comment id": 14,
            "parent": -1,
            "children": [],
            "user id": "6512994219",
            "user name": "卷土重来滴6512994219",
            "content": "不可能刘德华张学友都在开演唱会，没时间彩排",
            "time": "18-12-6 23:52"
        },
        {
            "comment id": 15,
            "parent": -1,
            "children": [],
            "user id": "3176196024",
            "user name": "yeliya1983",
            "content": "傻子才信张学友上春晚",
            "time": "18-12-6 19:04"
        },
        {
            "comment id": 16,
            "parent": -1,
            "children": [],
            "user id": "6179611391",
            "user name": "明晚可以晚睡吗",
            "content": "支持生僻字上春晚",
            "time": "18-12-25 20:45"
        },
        {
            "comment id": 17,
            "parent": -1,
            "children": [],
            "user id": "6876141881",
            "user name": "鞠家骑",
            "content": "张学友都来了我的天啊",
            "time": "19-1-31 14:26"
        },
        {
            "comment id": 18,
            "parent": -1,
            "children": [],
            "user id": "6876141881",
            "user name": "鞠家骑",
            "content": "主要来看小鞠",
            "time": "19-1-31 14:25"
        }
    ]
}