{
    "source": {
        "content": "#女子遭殴打犯罪嫌疑人照片#我们要看见受害人照片  女子真的没事了吗  请媒体不要敷衍大众好吗 ",
        "time": "19-6-26 12:34",
        "user id": "1684074161",
        "tweet id": "HAFWUdRIU",
        "label": 1,
        "theme": null
    },
    "comment": [
        {
            "comment id": 0,
            "parent": -1,
            "children": [
                1
            ],
            "user id": "2255339222",
            "user name": "贝尔摩德金狗",
            "content": "智商呢，凭什么给你见，大家怼着她脸麻",
            "time": "19-6-26 13:13"
        },
        {
            "comment id": 1,
            "parent": 0,
            "children": [],
            "user id": "1684074161",
            "user name": "胡歌只有一个",
            "content": "懂个屁",
            "time": "19-6-26 14:25"
        },
        {
            "comment id": 2,
            "parent": -1,
            "children": [
                3
            ],
            "user id": "3627744101",
            "user name": "硝烟中走来的明又寂",
            "content": "凭啥给你看？有病",
            "time": "19-6-26 14:57"
        },
        {
            "comment id": 3,
            "parent": 2,
            "children": [],
            "user id": "1684074161",
            "user name": "胡歌只有一个",
            "content": "你全家都是病",
            "time": "19-6-26 15:09"
        },
        {
            "comment id": 4,
            "parent": -1,
            "children": [
                5
            ],
            "user id": "6336431513",
            "user name": "酸菜炒肉丝喔___",
            "content": "举报",
            "time": "19-6-26 14:16"
        },
        {
            "comment id": 5,
            "parent": 4,
            "children": [],
            "user id": "1684074161",
            "user name": "胡歌只有一个",
            "content": "举报个毛线啊举报  神经病吧",
            "time": "19-6-26 14:25"
        },
        {
            "comment id": 6,
            "parent": -1,
            "children": [
                7
            ],
            "user id": "6758406168",
            "user name": "霏花Izzo",
            "content": "沙比一个 造谣好玩？标新立异？学什么不好学猴子？",
            "time": "19-6-26 15:52"
        },
        {
            "comment id": 7,
            "parent": 6,
            "children": [],
            "user id": "1684074161",
            "user name": "胡歌只有一个",
            "content": "你全家SB",
            "time": "19-6-26 16:59"
        },
        {
            "comment id": 8,
            "parent": -1,
            "children": [
                9,
                10
            ],
            "user id": "5388445075",
            "user name": "啊酱和啊胖",
            "content": "不是同一个女孩 ",
            "time": "19-6-26 12:38"
        },
        {
            "comment id": 9,
            "parent": 8,
            "children": [],
            "user id": "1940888683",
            "user name": "我是少女凶凶的",
            "content": "这个是花坛，你发的那个是河边",
            "time": "19-6-26 13:02"
        },
        {
            "comment id": 10,
            "parent": 8,
            "children": [],
            "user id": "6660819442",
            "user name": "多管闲事啥时候能改",
            "content": "花坛女孩其实是莆田这个案件对吗？这个通报我看过，不过因为图片看不清细节，以为是黑色裙子，也没看出是河边，一直以为不相关",
            "time": "19-6-26 12:59"
        },
        {
            "comment id": 11,
            "parent": -1,
            "children": [
                12
            ],
            "user id": "1407208437",
            "user name": "浮生旧梦",
            "content": "你造谣传谣犯法了",
            "time": "19-6-26 12:39"
        },
        {
            "comment id": 12,
            "parent": 11,
            "children": [],
            "user id": "3019711635",
            "user name": "了不起的盖茨波",
            "content": "帮她转发五百",
            "time": "19-6-26 13:10"
        },
        {
            "comment id": 13,
            "parent": -1,
            "children": [],
            "user id": "2881821042",
            "user name": "NyankoSenseiiii",
            "content": "人家刚经历这事让别人安静养伤不行吗？非得大批记者跑人家家里怼着人受害者拍吗？",
            "time": "19-6-26 12:37"
        },
        {
            "comment id": 14,
            "parent": -1,
            "children": [
                15
            ],
            "user id": "2983538194",
            "user name": "墨惜炎燚",
            "content": "我也想知道那个女孩现在如何",
            "time": "19-6-26 12:38"
        },
        {
            "comment id": 15,
            "parent": 14,
            "children": [],
            "user id": "6660819442",
            "user name": "多管闲事啥时候能改",
            "content": "我也是，哪怕是旧案子，告诉我们一声就好",
            "time": "19-6-26 12:54"
        },
        {
            "comment id": 16,
            "parent": -1,
            "children": [
                17
            ],
            "user id": "5207622719",
            "user name": "第7种人_",
            "content": "我也觉得可能不在了",
            "time": "19-6-26 12:49"
        },
        {
            "comment id": 17,
            "parent": 16,
            "children": [],
            "user id": "1174001973",
            "user name": "琪乐无穷1215",
            "content": "同感",
            "time": "19-6-26 12:54"
        },
        {
            "comment id": 18,
            "parent": -1,
            "children": [
                19
            ],
            "user id": "2974502255",
            "user name": "小明家的韦香主",
            "content": "造谣会被判刑吗",
            "time": "19-6-26 12:42"
        },
        {
            "comment id": 19,
            "parent": 18,
            "children": [],
            "user id": "3523524753",
            "user name": "Andrew·W",
            "content": "严重的话可以追究刑事责任",
            "time": "19-6-26 17:20"
        },
        {
            "comment id": 20,
            "parent": -1,
            "children": [],
            "user id": "1993329581",
            "user name": "奶味海盐苏打水",
            "content": "您有事吗",
            "time": "19-6-26 12:41"
        },
        {
            "comment id": 21,
            "parent": -1,
            "children": [],
            "user id": "5095526724",
            "user name": "甜腌蜜鱼",
            "content": "有点脑子，小心被抓",
            "time": "19-6-26 12:46"
        },
        {
            "comment id": 22,
            "parent": -1,
            "children": [],
            "user id": "1777816155",
            "user name": "大猫手工粗犷甜点存图用",
            "content": "你想进局里？一般这种胡到掉渣都看不清楚的图我都不信 9012年了 拍照的还没换手机呢",
            "time": "19-6-26 12:55"
        },
        {
            "comment id": 23,
            "parent": -1,
            "children": [],
            "user id": "5687784278",
            "user name": "Marrrrrrrrco",
            "content": "你这图片属于造谣。另外，受害者刚刚遭受这么大的打击（身心都有），你让人家出来采访？就为了满足你那一点点的正义感？人家自己想采访什么时候都有，央视也报道了。求求你别用键盘思考了。",
            "time": "19-6-26 12:45"
        },
        {
            "comment id": 24,
            "parent": -1,
            "children": [],
            "user id": "6165475882",
            "user name": "悲情的渐近线",
            "content": "举报了，转赞过500就违法了，为了帮你！",
            "time": "19-6-26 13:09"
        },
        {
            "comment id": 25,
            "parent": -1,
            "children": [],
            "user id": "2854270577",
            "user name": "信仰-日光倾城",
            "content": "公开女孩子信息满足你 以后她如何生活 她的隐私不需要保护吗",
            "time": "19-6-26 13:02"
        },
        {
            "comment id": 26,
            "parent": -1,
            "children": [],
            "user id": "2167211464",
            "user name": "maige23",
            "content": "打架快点平均，超过一定数量就可以去喝茶了",
            "time": "19-6-26 15:51"
        },
        {
            "comment id": 27,
            "parent": -1,
            "children": [],
            "user id": "6313480321",
            "user name": "是个好人yt",
            "content": "张嘴就来，造谣不用付出代价是吧？",
            "time": "19-6-26 15:28"
        },
        {
            "comment id": 28,
            "parent": -1,
            "children": [],
            "user id": "2288128380",
            "user name": "Aophylia",
            "content": "我真是服了，你是睿智吗？",
            "time": "19-6-26 13:00"
        },
        {
            "comment id": 29,
            "parent": -1,
            "children": [],
            "user id": "5840110132",
            "user name": "大忠",
            "content": "别添乱了",
            "time": "19-6-26 12:59"
        },
        {
            "comment id": 30,
            "parent": -1,
            "children": [],
            "user id": "2010932405",
            "user name": "佳佳830820",
            "content": "",
            "time": "19-6-26 12:53"
        },
        {
            "comment id": 31,
            "parent": -1,
            "children": [],
            "user id": "6583929084",
            "user name": "薇拉奈尔儿seven",
            "content": "赶紧删了吧，这种事当然听官方的，别传谣，要付法律责任的",
            "time": "19-6-26 12:45"
        },
        {
            "comment id": 32,
            "parent": -1,
            "children": [],
            "user id": "3636891791",
            "user name": "主题资深造型师Aaron",
            "content": "请为你所说的话负法律责任",
            "time": "19-6-26 12:44"
        },
        {
            "comment id": 33,
            "parent": -1,
            "children": [],
            "user id": "2806439077",
            "user name": "伤心小女孩123",
            "content": "举报了",
            "time": "19-6-26 12:42"
        },
        {
            "comment id": 34,
            "parent": -1,
            "children": [],
            "user id": "6305015757",
            "user name": "财色兼收123",
            "content": "我也觉得，踢那几脚看到都痛，起码脑震荡，看拖走那个样子都是晕过去的",
            "time": "19-6-26 12:41"
        },
        {
            "comment id": 35,
            "parent": -1,
            "children": [],
            "user id": "5626365449",
            "user name": "苍漓夜_我欲对伏见图谋不轨",
            "content": "卧槽真假？？",
            "time": "19-6-26 12:36"
        },
        {
            "comment id": 36,
            "parent": -1,
            "children": [],
            "user id": "6612729548",
            "user name": "甜甜楊同学",
            "content": "你老人家出门带脑子了吗",
            "time": "19-6-26 12:47"
        },
        {
            "comment id": 37,
            "parent": -1,
            "children": [],
            "user id": "5274767723",
            "user name": "万饿之源源源源",
            "content": "？这是对受害者二次伤害好吗？为了自己的好奇心非要拉被害人出来进行二次伤害，这不是正义的行为，是无知的举动",
            "time": "19-6-26 12:40"
        },
        {
            "comment id": 38,
            "parent": -1,
            "children": [],
            "user id": "6563721887",
            "user name": "晴晴没有胸",
            "content": "不要曝光受害者照片才对吧。你疯了？",
            "time": "19-6-26 15:07"
        },
        {
            "comment id": 39,
            "parent": -1,
            "children": [],
            "user id": "6111951470",
            "user name": "6111951470_174",
            "content": "抓的那个人也是假的，真正的凶手背景深厚大连警察不敢动，这个是抓了个替罪羊，大连公安打算发个假通告息事宁人",
            "time": "19-6-26 14:56"
        },
        {
            "comment id": 40,
            "parent": -1,
            "children": [],
            "user id": "5353647524",
            "user name": "女鉴婊师",
            "content": "回复@万饿之源源源源:他发的图，不是一个案件，",
            "time": "19-6-26 12:42"
        }
    ]
}