{
    "source": {
        "content": "#深夜暴打女孩嫌疑人被刑拘# 这样就说得通了…    #暴打女孩嫌疑人被抓# 不过大连警方破案速度确实可以，点个赞！  ",
        "time": "19-6-27 03:48",
        "user id": "2719869060",
        "tweet id": "HALVUeyl0",
        "label": 1,
        "theme": null
    },
    "comment": [
        {
            "comment id": 0,
            "parent": -1,
            "children": [],
            "user id": "1255575063",
            "user name": "Bel_Wenteng",
            "content": "你这个图是假的已经辟谣了。",
            "time": "19-6-27 04:12"
        },
        {
            "comment id": 1,
            "parent": -1,
            "children": [],
            "user id": "6508549503",
            "user name": "叶抚林",
            "content": "可以删了！",
            "time": "19-6-27 07:38"
        },
        {
            "comment id": 2,
            "parent": -1,
            "children": [],
            "user id": "1961968614",
            "user name": "栀小萌丶",
            "content": "真会意淫",
            "time": "19-6-27 07:30"
        },
        {
            "comment id": 3,
            "parent": -1,
            "children": [],
            "user id": "3302599841",
            "user name": "不入地狱势不成佛",
            "content": "段子手",
            "time": "19-6-27 06:43"
        },
        {
            "comment id": 4,
            "parent": -1,
            "children": [],
            "user id": "3265264121",
            "user name": "就叫浩冉吧",
            "content": "三天破案还效率？也就马赛克打的好了",
            "time": "19-6-27 06:39"
        },
        {
            "comment id": 5,
            "parent": -1,
            "children": [],
            "user id": "5229840688",
            "user name": "温柔饱饱",
            "content": "造谣biss",
            "time": "19-6-27 06:37"
        }
    ]
}