{
    "source": {
        "content": "#西安爆料# 西安地铁一男子嗑瓜子仍在地上不听劝阻，还骂人被一个穿着铠甲的人用锤子砸的头破血流。ps：不管是真的还是假的不管是以前视频，还是最近的，小编想说：地铁属于公共的，请大家共同爱护 #谝在西安# JL-张超的微博视频 ",
        "time": "19-1-9 19:18",
        "user id": "5386362398",
        "tweet id": "HbaNnd9Rr",
        "label": 1,
        "theme": null
    },
    "comment": [
        {
            "comment id": 0,
            "parent": -1,
            "children": [
                1
            ],
            "user id": "2372208183",
            "user name": "西安地铁",
            "content": "建议您停止传播该信息，以免误导网友。 ",
            "time": "19-1-9 21:49"
        },
        {
            "comment id": 1,
            "parent": 0,
            "children": [],
            "user id": "5386362398",
            "user name": "谝在西安",
            "content": "我误导谁了？最后不会看后面写的ps，谁不知道是16年的，摆拍时候你们干嘛呢？到底谁先引起的误导？",
            "time": "19-1-9 21:56"
        },
        {
            "comment id": 2,
            "parent": -1,
            "children": [],
            "user id": "5621996884",
            "user name": "秦怂娃",
            "content": "这个电影拍的好   很真实  看不出来摆拍",
            "time": "19-1-9 22:54"
        },
        {
            "comment id": 3,
            "parent": -1,
            "children": [],
            "user id": "5616358118",
            "user name": "西安网警巡查执法",
            "content": "“2016年3月15日，西安市公安局专门针对此事发布消息称：“西安地铁嗑瓜子男被暴力殴打”的视频，是陕西某影视公司在地铁拍摄的一部片子，不是真实发生的事件，也并非地铁部门官方出品。”这是一个恶搞的旧片子，还请大家注意！",
            "time": "19-1-9 22:22"
        },
        {
            "comment id": 4,
            "parent": -1,
            "children": [],
            "user id": "2499187952",
            "user name": "翠华赵本山",
            "content": "@柠森",
            "time": "19-1-9 20:19"
        }
    ]
}