{
    "source": {
        "content": "西安到昆明的165次车，桥被冲毁，中部车厢掉江里，刚发生的。好好的过每一天吧！不是每个人都有明天的！逝者已矣，愿生者珍惜生活[大哭] 网页链接 ",
        "time": "19-7-2 22:41",
        "user id": "2932613523",
        "tweet id": "HBEuqcVvA",
        "label": 1,
        "theme": null
    },
    "comment": [
        {
            "comment id": 0,
            "parent": -1,
            "children": [
                3
            ],
            "user id": "5658295841",
            "user name": "台州网警巡查执法",
            "content": "谣言！请删帖！",
            "time": "19-7-3 12:33"
        },
        {
            "comment id": 1,
            "parent": 2,
            "children": [],
            "user id": "2932613523",
            "user name": "橘子味儿的草莓555",
            "content": "回复@台州网警巡查执法:好的，以后一定注意",
            "time": "19-7-8 01:01"
        },
        {
            "comment id": 2,
            "parent": 3,
            "children": [
                1
            ],
            "user id": "5658295841",
            "user name": "台州网警巡查执法",
            "content": "回复@橘子味儿的草莓555:以后注意，发布前全网搜一下。以免引起民众恐慌",
            "time": "19-7-3 21:23"
        },
        {
            "comment id": 3,
            "parent": 0,
            "children": [
                2
            ],
            "user id": "2932613523",
            "user name": "橘子味儿的草莓555",
            "content": "不好意思，给你们添麻烦了，我删除不了了",
            "time": "19-7-3 21:16"
        },
        {
            "comment id": 4,
            "parent": -1,
            "children": [],
            "user id": "1303586644",
            "user name": "独自觅食的傻瓜",
            "content": "@台州网警巡查执法",
            "time": "19-7-3 11:32"
        }
    ]
}