{
    "source": {
        "content": "网友投稿“一条反复被删的评论”\n\n#河南玛莎拉蒂# ",
        "time": "19-7-6 13:37",
        "user id": "1468251294",
        "tweet id": "HCcDBsqIt",
        "label": 1,
        "theme": null
    },
    "comment": [
        {
            "comment id": 0,
            "parent": -1,
            "children": [],
            "user id": "1468251294",
            "user name": "富二代挖掘机",
            "content": "此内容为不实消息请不要乱投稿！",
            "time": "19-7-6 19:40"
        },
        {
            "comment id": 1,
            "parent": -1,
            "children": [],
            "user id": "1468251294",
            "user name": "富二代挖掘机",
            "content": "此条为不实消息",
            "time": "19-7-6 22:06"
        },
        {
            "comment id": 2,
            "parent": -1,
            "children": [
                3
            ],
            "user id": "6344083418",
            "user name": "洛歌啊",
            "content": "博主你要是被威胁了就朝我眨眨眼",
            "time": "19-7-6 22:47"
        },
        {
            "comment id": 3,
            "parent": 2,
            "children": [],
            "user id": "1468251294",
            "user name": "富二代挖掘机",
            "content": "没有",
            "time": "19-7-7 00:01"
        },
        {
            "comment id": 4,
            "parent": -1,
            "children": [
                5
            ],
            "user id": "2607091393",
            "user name": "Mesfano",
            "content": "因为这是谣言。。一个在市区西北角 一个在市区东南角",
            "time": "19-7-6 16:55"
        },
        {
            "comment id": 5,
            "parent": 4,
            "children": [],
            "user id": "1468251294",
            "user name": "富二代挖掘机",
            "content": "已证实为谣言",
            "time": "19-7-6 19:40"
        },
        {
            "comment id": 6,
            "parent": -1,
            "children": [],
            "user id": "5915260560",
            "user name": "喵啊喵啊喵小猫",
            "content": "这年头，还有这种造谣，早过时了好吗？",
            "time": "19-7-6 15:51"
        },
        {
            "comment id": 7,
            "parent": -1,
            "children": [],
            "user id": "3579499564",
            "user name": "两杯冰美式8",
            "content": "真是可怕",
            "time": "19-7-6 16:00"
        },
        {
            "comment id": 8,
            "parent": -1,
            "children": [],
            "user id": "6621571416",
            "user name": "哦泥水匠",
            "content": "1",
            "time": "21-1-20 15:38"
        },
        {
            "comment id": 9,
            "parent": -1,
            "children": [],
            "user id": "2574104312",
            "user name": "春华秋实0346",
            "content": "真的假的",
            "time": "19-7-8 07:53"
        }
    ]
}