{
    "source": {
        "content": "#萍乡暴雨#萍乡武功山路段山口岩水库全力泄洪！祈祷平安！🙏🙏🙏 就是刘永溪的微博视频 ",
        "time": "19-7-9 12:30",
        "user id": "3486040104",
        "tweet id": "HCEtBjfbC",
        "label": 1,
        "theme": null
    },
    "comment": [
        {
            "comment id": 0,
            "parent": -1,
            "children": [],
            "user id": "3025937000",
            "user name": "春风又到江南绍兴",
            "content": "这个是浙江千岛湖的",
            "time": "19-7-13 20:28"
        },
        {
            "comment id": 1,
            "parent": -1,
            "children": [],
            "user id": "6535823020",
            "user name": "助人ing乐己",
            "content": "祈祷平安🙏",
            "time": "19-7-9 12:54"
        },
        {
            "comment id": 2,
            "parent": -1,
            "children": [],
            "user id": "6197572092",
            "user name": "废小话",
            "content": "天哪可怕",
            "time": "19-7-9 12:32"
        },
        {
            "comment id": 3,
            "parent": -1,
            "children": [
                4
            ],
            "user id": "5189544076",
            "user name": "一起去凉亭里看星星呀",
            "content": "@贰拾柒_J 原来那个是造谣的",
            "time": "19-7-9 13:34"
        },
        {
            "comment id": 4,
            "parent": 3,
            "children": [
                5
            ],
            "user id": "5111630170",
            "user name": "力口贝_J",
            "content": "没事，我的关注点在哪些鱼，都飞起来了。",
            "time": "19-7-9 14:47"
        },
        {
            "comment id": 5,
            "parent": 4,
            "children": [],
            "user id": "5189544076",
            "user name": "一起去凉亭里看星星呀",
            "content": "回复@贰拾柒_J:",
            "time": "19-7-9 14:48"
        },
        {
            "comment id": 6,
            "parent": -1,
            "children": [
                7
            ],
            "user id": "5287390661",
            "user name": "想要努力长头发",
            "content": "@与青梅与竹马",
            "time": "19-7-9 12:43"
        },
        {
            "comment id": 7,
            "parent": 6,
            "children": [
                8
            ],
            "user id": "6249672159",
            "user name": "与青梅与竹马",
            "content": "听说假的……",
            "time": "19-7-9 13:02"
        },
        {
            "comment id": 8,
            "parent": 7,
            "children": [],
            "user id": "5287390661",
            "user name": "想要努力长头发",
            "content": "回复@与青梅与竹马:视频假的？就那些鱼鱼？我关注点只在鱼",
            "time": "19-7-9 14:12"
        }
    ]
}