{
    "source": {
        "content": "合肥市交警在包河大道抓到一个人贩子！\n带小孩子外出要注意安全！感谢人民警察！@合肥110  @合肥交警    合肥豁牙巴的微博视频 ",
        "time": "19-7-11 20:23",
        "user id": "2542384550",
        "tweet id": "HD0qAjtcf",
        "label": 1,
        "theme": null
    },
    "comment": [
        {
            "comment id": 0,
            "parent": -1,
            "children": [
                1
            ],
            "user id": "5807479632",
            "user name": "tallmeway",
            "content": "沙雕这是合肥嘛",
            "time": "19-7-11 22:43"
        },
        {
            "comment id": 1,
            "parent": 0,
            "children": [],
            "user id": "2542384550",
            "user name": "合肥豁牙巴",
            "content": "嘴巴涂屎者，滚！",
            "time": "19-7-11 23:11"
        },
        {
            "comment id": 2,
            "parent": -1,
            "children": [],
            "user id": "2640813043",
            "user name": "姬氏后人",
            "content": "不是合肥本地，别传谣",
            "time": "19-7-12 13:10"
        },
        {
            "comment id": 3,
            "parent": -1,
            "children": [],
            "user id": "5530654897",
            "user name": "TheJamesRay",
            "content": "这是温州的",
            "time": "19-7-12 09:00"
        },
        {
            "comment id": 4,
            "parent": -1,
            "children": [],
            "user id": "2875674762",
            "user name": "长亭-Achang",
            "content": "请把人贩子打死吧",
            "time": "19-7-11 23:15"
        },
        {
            "comment id": 5,
            "parent": -1,
            "children": [],
            "user id": "2855083842",
            "user name": "莫莫哥Dendy",
            "content": "如果真是人贩子，请枪毙！",
            "time": "19-7-11 22:17"
        },
        {
            "comment id": 6,
            "parent": -1,
            "children": [],
            "user id": "5093494656",
            "user name": "卞环心",
            "content": "这个是假的哦",
            "time": "19-7-11 22:12"
        },
        {
            "comment id": 7,
            "parent": -1,
            "children": [],
            "user id": "6177606186",
            "user name": "宝哥也有春天",
            "content": "合肥警方已经辟谣了",
            "time": "19-7-11 23:30"
        }
    ]
}