{
    "source": {
        "content": "四川大凉山悬崖村修建了一条举世闻名的天路，据说投资6.3亿建2556级钢梯台阶，这条天路，彻底结束了悬崖村与世隔绝的历史。 信阳故事汇的微博视频 ",
        "time": "19-7-12 06:56",
        "user id": "5140492478",
        "tweet id": "HD4zw1krB",
        "label": 1,
        "theme": null
    },
    "comment": [
        {
            "comment id": 0,
            "parent": -1,
            "children": [
                1,
                2,
                3,
                4,
                5,
                6,
                7
            ],
            "user id": "1496952253",
            "user name": "摄影师陈杰",
            "content": "再辟谣：作为天梯上学路的首个报道者，我很奇怪为什么会有人制造这样的谣言来吸引眼球。悬崖村钢梯实际投资300多万元，而且是在技术专家指导下，由专业人士和悬崖村村民一起建设成的，资金主要用在原材料和支付建设者的工资。至于数亿投资，只是一个旅游规划的设想，还没着落呢。",
            "time": "19-7-14 14:25"
        },
        {
            "comment id": 1,
            "parent": 0,
            "children": [],
            "user id": "6430072043",
            "user name": "朝英__",
            "content": "别人的心血啊",
            "time": "19-7-14 18:51"
        },
        {
            "comment id": 2,
            "parent": 0,
            "children": [],
            "user id": "3294678935",
            "user name": "踏踏听归来",
            "content": "麻烦您了，忙前忙后，还被营销号造谣。😓😓😓",
            "time": "19-7-14 18:16"
        },
        {
            "comment id": 3,
            "parent": 0,
            "children": [],
            "user id": "2870541790",
            "user name": "贾斯汀铁国正",
            "content": "这个微博主不会看你的",
            "time": "19-7-14 15:34"
        },
        {
            "comment id": 4,
            "parent": 0,
            "children": [],
            "user id": "1223790257",
            "user name": "38佬",
            "content": "，",
            "time": "19-7-14 15:21"
        },
        {
            "comment id": 5,
            "parent": 0,
            "children": [],
            "user id": "5402794926",
            "user name": "身轻如燕李浩宇",
            "content": "不知道这作者会不会道歉",
            "time": "19-7-14 15:19"
        },
        {
            "comment id": 6,
            "parent": 0,
            "children": [],
            "user id": "5225544357",
            "user name": "奶茶鉴定专嘉",
            "content": "造谣一张嘴 辟谣跑断腿",
            "time": "19-7-14 14:28"
        },
        {
            "comment id": 7,
            "parent": 0,
            "children": [],
            "user id": "5225010603",
            "user name": "有机会去次东京吧和小兔子人一起",
            "content": "辟谣[嘿哈]",
            "time": "19-7-14 14:26"
        },
        {
            "comment id": 8,
            "parent": -1,
            "children": [
                10,
                11
            ],
            "user id": "1936009434",
            "user name": "黄豆荚",
            "content": "修天路是政绩啊！不懂？",
            "time": "19-7-12 17:26"
        },
        {
            "comment id": 9,
            "parent": 10,
            "children": [],
            "user id": "1910697421",
            "user name": "Niraque",
            "content": "回复@再见林佳钰:你说的还不准确，应该是 中国的国家机器=原罪，外国(只含欧美发达国家)的国家机器=自由民主blabla万岁",
            "time": "19-7-14 20:03"
        },
        {
            "comment id": 10,
            "parent": 8,
            "children": [
                9
            ],
            "user id": "5253634860",
            "user name": "再见林佳钰",
            "content": "回复@南岩赫瞻:把大概去掉就是基本事实了 在他们眼里 国家机器＝原罪",
            "time": "19-7-14 18:21"
        },
        {
            "comment id": 11,
            "parent": 8,
            "children": [],
            "user id": "5258644568",
            "user name": "12apqkqk",
            "content": "回复@南岩赫瞻:他会看个屁，听风就是雨，现在看新闻一点脑子都不带的",
            "time": "19-7-14 16:35"
        },
        {
            "comment id": 12,
            "parent": -1,
            "children": [
                13,
                14,
                15,
                16
            ],
            "user id": "2186063514",
            "user name": "中国刘学刚",
            "content": "是谁修建的？经费来源？质量保证？整体搬迁行不行？........",
            "time": "19-7-12 15:18"
        },
        {
            "comment id": 13,
            "parent": 12,
            "children": [],
            "user id": "1648454447",
            "user name": "逗逗的__7888",
            "content": "回复@九亿少女的瞢:恰恰你没有的东西 别人都带了。",
            "time": "19-7-14 16:58"
        },
        {
            "comment id": 14,
            "parent": 12,
            "children": [],
            "user id": "2012852434",
            "user name": "你的酒里被我下了药",
            "content": "长个脑子吧",
            "time": "19-7-14 16:11"
        },
        {
            "comment id": 15,
            "parent": 12,
            "children": [],
            "user id": "6080194923",
            "user name": "一口烟x",
            "content": "看评论第一条，辟谣了",
            "time": "19-7-14 15:22"
        },
        {
            "comment id": 16,
            "parent": 12,
            "children": [],
            "user id": "5953499100",
            "user name": "满舅公",
            "content": "多看看新闻没错，早些年就计划整体搬迁，搬迁房建好了人家不愿搬，政府能怎么办？只有花大价钱修路咯",
            "time": "19-7-14 13:12"
        },
        {
            "comment id": 17,
            "parent": -1,
            "children": [
                18
            ],
            "user id": "1866964211",
            "user name": "知名在家做饭也把号炸了博主",
            "content": "山上多少人，就算6.3亿按人头分衣食无忧了吧",
            "time": "19-7-12 18:18"
        },
        {
            "comment id": 18,
            "parent": 17,
            "children": [],
            "user id": "1601296495",
            "user name": "清风舞藤",
            "content": "下来了就没补贴了，好吃懒做",
            "time": "19-7-14 15:20"
        },
        {
            "comment id": 19,
            "parent": -1,
            "children": [],
            "user id": "2662173181",
            "user name": "雪碧味儿烤包子",
            "content": "真不愧是故事汇 汇的全是故事",
            "time": "19-7-14 15:27"
        },
        {
            "comment id": 20,
            "parent": -1,
            "children": [],
            "user id": "1914212954",
            "user name": "电影川藏线官微",
            "content": "下来了可没补贴了，所以",
            "time": "19-7-12 14:36"
        },
        {
            "comment id": 21,
            "parent": -1,
            "children": [],
            "user id": "5528470735",
            "user name": "爱吃肉的小熊猫9527",
            "content": "造谣要脸吗",
            "time": "19-7-14 15:17"
        },
        {
            "comment id": 22,
            "parent": -1,
            "children": [],
            "user id": "6360066322",
            "user name": "从前从前有个人爱你很久呀",
            "content": "下来了，可就不能直播间打赏，没得补助，没得捐款捐物了。每天宁愿娃娃走危险路，也不搬下去住新房子",
            "time": "19-7-12 17:25"
        },
        {
            "comment id": 23,
            "parent": -1,
            "children": [],
            "user id": "3024150757",
            "user name": "鲍个大腿",
            "content": "还有批脸置顶",
            "time": "19-7-14 16:14"
        },
        {
            "comment id": 24,
            "parent": -1,
            "children": [],
            "user id": "2736918445",
            "user name": "那年1878",
            "content": "博主也是沙雕啊，不过脑子吗？",
            "time": "19-7-14 14:31"
        },
        {
            "comment id": 25,
            "parent": -1,
            "children": [],
            "user id": "6517765546",
            "user name": "怀风抱雪",
            "content": "造尼玛的谣哦",
            "time": "19-7-14 16:17"
        },
        {
            "comment id": 26,
            "parent": -1,
            "children": [],
            "user id": "2948213101",
            "user name": "LewPan",
            "content": "举报了",
            "time": "19-7-14 23:04"
        },
        {
            "comment id": 27,
            "parent": -1,
            "children": [
                28,
                29,
                30
            ],
            "user id": "2000244965",
            "user name": "小书俊的姨母粉_SU",
            "content": "为了一个破村，几个零头人，几个亿砸进去，看来中国人就是吃得太饱了，呵呵",
            "time": "19-7-14 00:01"
        },
        {
            "comment id": 28,
            "parent": 27,
            "children": [],
            "user id": "2000244965",
            "user name": "小书俊的姨母粉_SU",
            "content": "回复@赵云2941361833:这种人别说一千万，给他们一百块都嫌多都嫌浪费好不好",
            "time": "19-7-16 20:17"
        },
        {
            "comment id": 29,
            "parent": 27,
            "children": [],
            "user id": "2941361833",
            "user name": "修改名称ABC",
            "content": "你是对钱没概念吗，这个需要几个亿，一千万顶破天了，",
            "time": "19-7-14 17:31"
        },
        {
            "comment id": 30,
            "parent": 27,
            "children": [],
            "user id": "5565636489",
            "user name": "团队之盾蒙大拿",
            "content": "说好的共同富裕，到你这共同脱贫就不行了，当心下次革了你这个白眼狼的命",
            "time": "19-7-14 15:49"
        },
        {
            "comment id": 31,
            "parent": -1,
            "children": [],
            "user id": "3615062750",
            "user name": "历史书里没有的野史",
            "content": "不报道，你不修，修了你就举世闻名了。擦尼玛辣鸡。支持陈杰。贪官爬开",
            "time": "19-12-24 01:15"
        },
        {
            "comment id": 32,
            "parent": -1,
            "children": [],
            "user id": "3194829853",
            "user name": "非常切克闹",
            "content": "🍔🍔🍔🍔🍔🍔🍔🍔🍔🍔🍔🍔🍔🍔🍔🍔🍔🍔🍔🍔🍔🍔🍔🍔🍔🍔🍔🍔🍔🍔🍔🍔🍔🍔🍔🍔🍔🍔🍔🍔🍔🍔🍔🍔🍔🍔🍔🍔🍔🍔🍔🍔🍔🍔🍔🍔🍔🍔🍔🍔🍔🍔🍔🍔🍔知道啥意思吗？博主",
            "time": "19-7-14 23:53"
        },
        {
            "comment id": 33,
            "parent": -1,
            "children": [],
            "user id": "1101586724",
            "user name": "沉默的云层",
            "content": "500",
            "time": "19-7-14 21:24"
        },
        {
            "comment id": 34,
            "parent": -1,
            "children": [],
            "user id": "2694767121",
            "user name": "一三阿一三",
            "content": "如果是谣言大家转发起来可以去局子喝茶啊",
            "time": "19-7-14 19:24"
        },
        {
            "comment id": 35,
            "parent": -1,
            "children": [],
            "user id": "5138574367",
            "user name": "NGT48",
            "content": "#流量与亲妈不可兼得# 系列",
            "time": "19-7-14 18:17"
        },
        {
            "comment id": 36,
            "parent": -1,
            "children": [],
            "user id": "2643438172",
            "user name": "日常马赫点八五",
            "content": "信阳？是哪个省的？",
            "time": "19-7-14 18:08"
        },
        {
            "comment id": 37,
            "parent": -1,
            "children": [],
            "user id": "1014456657",
            "user name": "牙查拉",
            "content": "悬崖村是有什么好东西需要守护吗世世代代不下来",
            "time": "19-7-14 17:32"
        },
        {
            "comment id": 38,
            "parent": -1,
            "children": [],
            "user id": "6395201207",
            "user name": "斑跳墙七上树",
            "content": "这个普通话听得我头痛",
            "time": "19-7-14 15:33"
        },
        {
            "comment id": 39,
            "parent": -1,
            "children": [],
            "user id": "2179294265",
            "user name": "大西八小西八都是西八",
            "content": "没脑子的太多了",
            "time": "19-7-14 15:28"
        },
        {
            "comment id": 40,
            "parent": -1,
            "children": [],
            "user id": "7165432463",
            "user name": "奈亚子OVO",
            "content": "你据你🐴说呢？张嘴就来，做个人不行？",
            "time": "19-7-14 15:24"
        },
        {
            "comment id": 41,
            "parent": -1,
            "children": [],
            "user id": "1832324531",
            "user name": "驭酒者",
            "content": "//@摄影师陈杰:再辟谣：作为天梯上学路的首个报道者，我很奇怪为什么会有人制造这样的谣言来吸引眼球。悬崖村钢梯实际投资300多万元，而且是在技术专家指导下，由专业人士和悬崖村村民一起建设成的，资金主要用在原材料和支付建设者的工资。至于数亿投资，只是一个旅游规划的设想，还没着落呢。",
            "time": "19-7-14 18:44"
        },
        {
            "comment id": 42,
            "parent": -1,
            "children": [
                43,
                44
            ],
            "user id": "3816284692",
            "user name": "阿泉___",
            "content": "@绵阳网警巡查执法 @江宁婆婆 @扫黄打非 @平安信阳 @凉山公安 造谣处理一下",
            "time": "19-7-14 18:43"
        },
        {
            "comment id": 43,
            "parent": 42,
            "children": [],
            "user id": "3816284692",
            "user name": "阿泉___",
            "content": "真实情况:@摄影师陈杰:再辟谣：作为天梯上学路的首个报道者，我很奇怪为什么会有人制造这样的谣言来吸引眼球。悬崖村钢梯实际投资300多万元，而且是在技术专家指导下，由专业人士和悬崖村村民一起建设成的，资金主要用在原材料和支付建设者的工资。至于数亿投资，只是一个旅游规划的设想，还没着落呢。",
            "time": "19-7-14 18:46"
        },
        {
            "comment id": 44,
            "parent": 42,
            "children": [],
            "user id": "3816284692",
            "user name": "阿泉___",
            "content": "@四川发布 @四川公安 @四川共青团",
            "time": "19-7-14 18:45"
        },
        {
            "comment id": 45,
            "parent": -1,
            "children": [],
            "user id": "7204888912",
            "user name": "HSimmer",
            "content": "坐等转发过500",
            "time": "19-7-14 17:22"
        },
        {
            "comment id": 46,
            "parent": -1,
            "children": [],
            "user id": "1648036051",
            "user name": "点滴裂变",
            "content": "6.5亿？？？！希望没有层层转包，没有贪腐，没有偷工减料！",
            "time": "19-7-12 10:07"
        }
    ]
}