{
    "source": {
        "content": "玛莎拉蒂肇事女被传患上了精神病? 什么意思？？？ ",
        "time": "19-7-15 15:36",
        "user id": "5864631680",
        "tweet id": "HDAgko6Dp",
        "label": 1,
        "theme": null
    },
    "comment": [
        {
            "comment id": 0,
            "parent": -1,
            "children": [
                1,
                2,
                3,
                4,
                5,
                6,
                7,
                8,
                9,
                10,
                11,
                12,
                13,
                14
            ],
            "user id": "5864631680",
            "user name": "科技猩球",
            "content": "tm的！学长也不想说别的了。左右不了",
            "time": "19-7-15 15:56"
        },
        {
            "comment id": 1,
            "parent": 0,
            "children": [],
            "user id": "5245839592",
            "user name": "Reliablezs",
            "content": "不实消息也转发？几百万粉丝的博主这么当的吗",
            "time": "19-9-4 14:32"
        },
        {
            "comment id": 2,
            "parent": 0,
            "children": [],
            "user id": "5527894018",
            "user name": "愤怒的胖仔i",
            "content": "回复@纯粹的老蒲哥_:估计最多判七年",
            "time": "19-7-19 08:53"
        },
        {
            "comment id": 3,
            "parent": 0,
            "children": [],
            "user id": "6157661751",
            "user name": "流流的汗考克",
            "content": "花钱摆平，有钱能使鬼推磨呀，真是跪了",
            "time": "19-7-16 23:54"
        },
        {
            "comment id": 4,
            "parent": 0,
            "children": [],
            "user id": "6898247954",
            "user name": "海融投资顾问",
            "content": "应该是查到背景很强大了，所以就用套路掩盖",
            "time": "19-7-16 20:32"
        },
        {
            "comment id": 5,
            "parent": 0,
            "children": [],
            "user id": "6897628357",
            "user name": "庆15073",
            "content": "有关单位解决不了的，一般都会用这招，套路。可怜的百姓呀",
            "time": "19-7-16 19:14"
        },
        {
            "comment id": 6,
            "parent": 0,
            "children": [],
            "user id": "3537142542",
            "user name": "雅雅呀呀雅雅呀",
            "content": "都神经病啊！什么鬼",
            "time": "19-7-16 18:43"
        },
        {
            "comment id": 7,
            "parent": 0,
            "children": [],
            "user id": "2126313401",
            "user name": "猴贱你大爷",
            "content": "这个证能考么？我想考一个",
            "time": "19-7-16 09:19"
        },
        {
            "comment id": 8,
            "parent": 0,
            "children": [],
            "user id": "5537093964",
            "user name": "余夏的宝儿",
            "content": "回复@陆遥eee:神经病吧",
            "time": "19-7-15 22:12"
        },
        {
            "comment id": 9,
            "parent": 0,
            "children": [],
            "user id": "6594372023",
            "user name": "习之有道22530",
            "content": "看看人家牛宇虹，人家是真的精神病！",
            "time": "19-7-15 21:15"
        },
        {
            "comment id": 10,
            "parent": 0,
            "children": [],
            "user id": "5813585630",
            "user name": "masurin1105",
            "content": "你说什么是犯法呢",
            "time": "19-7-15 20:36"
        },
        {
            "comment id": 11,
            "parent": 0,
            "children": [],
            "user id": "5213740035",
            "user name": "太阳花的喵酱",
            "content": "撞人的时候又没有精神病，法律上判刑只看犯罪时的状态",
            "time": "19-7-15 20:16"
        },
        {
            "comment id": 12,
            "parent": 0,
            "children": [],
            "user id": "1765588301",
            "user name": "周111112",
            "content": "国航事件也是精神病复发，哈哈哈",
            "time": "19-7-15 19:31"
        },
        {
            "comment id": 13,
            "parent": 0,
            "children": [],
            "user id": "1826053552",
            "user name": "福尔摩斯的八音盒",
            "content": "这还不简单啊，要坐牢了就有神经病，你看她以前炫富时候，别人如果说神经病她不把别人骂死。。。",
            "time": "19-7-15 19:23"
        },
        {
            "comment id": 14,
            "parent": 0,
            "children": [],
            "user id": "3162630212",
            "user name": "卡萨朴",
            "content": "喝酒假不了吧。这精神病证咋就成免死金牌了？",
            "time": "19-7-15 16:58"
        },
        {
            "comment id": 15,
            "parent": -1,
            "children": [
                16,
                17,
                18,
                19,
                20,
                21,
                22,
                23,
                24
            ],
            "user id": "5864631680",
            "user name": "科技猩球",
            "content": "@绣春刀秀恩爱: 好，以后精神病证书比985/211的证书都值钱，你要没本精神病证书都不好意思见人～",
            "time": "19-7-15 20:46"
        },
        {
            "comment id": 16,
            "parent": 15,
            "children": [],
            "user id": "2731104587",
            "user name": "尝试去改变2731104587",
            "content": "多少钱一个我去考一个",
            "time": "19-7-22 09:34"
        },
        {
            "comment id": 17,
            "parent": 15,
            "children": [],
            "user id": "6262238540",
            "user name": "寒星竹雨_k",
            "content": "哈哈哈，如此优秀的你，以后考这个不知道是否需要演技，国家是否应该考虑被这些人钻空子，精神病活着也是受罪，不如帮她解脱了算了",
            "time": "19-7-16 19:12"
        },
        {
            "comment id": 18,
            "parent": 15,
            "children": [],
            "user id": "6622458560",
            "user name": "北京丹卿朱砂文化发展有限公司",
            "content": "不知道还有没有人记得以前有个天津宝马案也是这样最后不了了之",
            "time": "19-7-16 12:49"
        },
        {
            "comment id": 19,
            "parent": 15,
            "children": [],
            "user id": "7209392627",
            "user name": "懂不米米修69511",
            "content": "讲的太对了，不知道我以后可有机会申请一个",
            "time": "19-7-15 22:18"
        },
        {
            "comment id": 20,
            "parent": 15,
            "children": [],
            "user id": "5702069032",
            "user name": "安妮胖墩",
            "content": "有钱的人一定得有精神疾病方面的证书💣💣💣",
            "time": "19-7-15 21:32"
        },
        {
            "comment id": 21,
            "parent": 15,
            "children": [],
            "user id": "6540279972",
            "user name": "今天我遇见了你呀",
            "content": "那必须备好了 万一用得上呢。",
            "time": "19-7-15 21:03"
        },
        {
            "comment id": 22,
            "parent": 15,
            "children": [],
            "user id": "3304156185",
            "user name": "猪婆小主你好",
            "content": "有没有钱看有没有精神病证书",
            "time": "19-7-15 21:02"
        },
        {
            "comment id": 23,
            "parent": 15,
            "children": [],
            "user id": "2287500947",
            "user name": "路一样的飞",
            "content": "",
            "time": "19-7-15 20:54"
        },
        {
            "comment id": 24,
            "parent": 15,
            "children": [],
            "user id": "2796736607",
            "user name": "连么凹",
            "content": "主要是不好意思杀人，有这证书等同于免死金牌",
            "time": "19-7-15 20:53"
        },
        {
            "comment id": 25,
            "parent": -1,
            "children": [
                27,
                30,
                31,
                32,
                35,
                37,
                40,
                41
            ],
            "user id": "5143892919",
            "user name": "诺诺曹60301",
            "content": "一出事了就弄这招，能不能有点新意，既然是精神病那就真的去精神病院里待着",
            "time": "19-7-15 15:38"
        },
        {
            "comment id": 26,
            "parent": 27,
            "children": [],
            "user id": "5971333888",
            "user name": "骄傲变自负",
            "content": "回复@一个不太正经的小仙女:法律是是对于有钱人的公正",
            "time": "19-7-19 08:58"
        },
        {
            "comment id": 27,
            "parent": 25,
            "children": [
                26
            ],
            "user id": "2061392050",
            "user name": "一个不太正经的小仙女",
            "content": "回复@情商超低啊啊啊:无力辩驳，只能希望最后结果不会偏失严重",
            "time": "19-7-18 23:37"
        },
        {
            "comment id": 28,
            "parent": 29,
            "children": [],
            "user id": "2061392050",
            "user name": "一个不太正经的小仙女",
            "content": "回复@骄傲变自负:先表态，我怼不起，也没法保证我说的就是最终结果。最后的结果还没出来，我只希望司法调查后有个公正的宣判。",
            "time": "19-7-18 23:32"
        },
        {
            "comment id": 29,
            "parent": 40,
            "children": [
                28
            ],
            "user id": "5971333888",
            "user name": "骄傲变自负",
            "content": "回复@一个不太正经的小仙女:你晓得这个证有什么用不，你在说话",
            "time": "19-7-18 22:11"
        },
        {
            "comment id": 30,
            "parent": 25,
            "children": [],
            "user id": "1451077795",
            "user name": "尹没钱",
            "content": "酒驾和精神病以哪个为准？",
            "time": "19-7-16 02:51"
        },
        {
            "comment id": 31,
            "parent": 25,
            "children": [],
            "user id": "5143892919",
            "user name": "诺诺曹60301",
            "content": "现在精神病证这么值钱，以后比驾照还难拿到手咯",
            "time": "19-7-15 22:13"
        },
        {
            "comment id": 32,
            "parent": 25,
            "children": [],
            "user id": "6095781656",
            "user name": "天水云长",
            "content": "效仿的太普遍了，真的接受不了那种全民精神病状态。真到那时候怎么活",
            "time": "19-7-15 21:42"
        },
        {
            "comment id": 33,
            "parent": 41,
            "children": [],
            "user id": "3300518431",
            "user name": "发现昱宝藏",
            "content": "回复@让眼睛变美的新号:她不死的话，监护人死",
            "time": "19-7-15 21:01"
        },
        {
            "comment id": 34,
            "parent": 35,
            "children": [],
            "user id": "2650617485",
            "user name": "朴到贤女友",
            "content": "回复@Extreme-steak:这是真的吗....还是微博法律判定啊...",
            "time": "19-7-15 20:59"
        },
        {
            "comment id": 35,
            "parent": 25,
            "children": [
                34
            ],
            "user id": "6138172534",
            "user name": "Extreme-steak",
            "content": "回复@趴耳兔:据说是10年起步，最好死刑。",
            "time": "19-7-15 20:58"
        },
        {
            "comment id": 36,
            "parent": 41,
            "children": [],
            "user id": "6462451144",
            "user name": "临冬城的Summer",
            "content": "回复@让眼睛变美的新号:精神病是不完全民事行为能力人，只要她能证明自己是在发作期间开的车就可以证明当时是不完全民事行为能力人，不用承担全部责任",
            "time": "19-7-15 20:23"
        },
        {
            "comment id": 37,
            "parent": 25,
            "children": [],
            "user id": "6012147931",
            "user name": "不如归去_whatever",
            "content": "就是，以后精神病出事再免死罪，就让他余生待在精神病院里吧！既然有病不治留着继续祸害别人？？",
            "time": "19-7-15 20:19"
        },
        {
            "comment id": 38,
            "parent": 41,
            "children": [],
            "user id": "2650617485",
            "user name": "朴到贤女友",
            "content": "回复@让眼睛变美的新号:....酒驾肇事发生命案是要死刑嘛？不是杠 是孩子要考科目一 不懂而已",
            "time": "19-7-15 20:16"
        },
        {
            "comment id": 39,
            "parent": 41,
            "children": [],
            "user id": "6196321897",
            "user name": "SexyAppeal",
            "content": "回复@让眼睛变美的新号:今天一审奔驰五死呢个判六年",
            "time": "19-7-15 19:12"
        },
        {
            "comment id": 40,
            "parent": 25,
            "children": [
                29
            ],
            "user id": "2061392050",
            "user name": "一个不太正经的小仙女",
            "content": "问题是她是酒驾，跑不了",
            "time": "19-7-15 18:15"
        },
        {
            "comment id": 41,
            "parent": 25,
            "children": [
                33,
                36,
                38,
                39
            ],
            "user id": "6614343933",
            "user name": "让眼睛变美的新号",
            "content": "问题是她杀人了，得了精神病还是得死",
            "time": "19-7-15 17:59"
        },
        {
            "comment id": 42,
            "parent": -1,
            "children": [
                43,
                44,
                45,
                46,
                47,
                48,
                50
            ],
            "user id": "3913699482",
            "user name": "毛毛家爸爸是坏蛋",
            "content": "有钱能使鬼推磨",
            "time": "19-7-15 15:38"
        },
        {
            "comment id": 43,
            "parent": 42,
            "children": [],
            "user id": "6113287440",
            "user name": "仰视问题",
            "content": "有钱能使磨推鬼",
            "time": "19-7-16 12:43"
        },
        {
            "comment id": 44,
            "parent": 42,
            "children": [],
            "user id": "1686505377",
            "user name": "ktxyd",
            "content": "别鬼推磨了 有钱能让你看见磨推鬼",
            "time": "19-7-15 20:32"
        },
        {
            "comment id": 45,
            "parent": 42,
            "children": [],
            "user id": "2292176743",
            "user name": "香蕉你个笨呐呐v",
            "content": "有钱能得神经病，见一个杀一个",
            "time": "19-7-15 20:27"
        },
        {
            "comment id": 46,
            "parent": 42,
            "children": [],
            "user id": "5485282036",
            "user name": "下次见丶丶",
            "content": "翘首待盼终于等来了这个噩耗 妈的",
            "time": "19-7-15 20:24"
        },
        {
            "comment id": 47,
            "parent": 42,
            "children": [],
            "user id": "5934554868",
            "user name": "塑料Seven",
            "content": "有钱能让鬼出来嗮太阳",
            "time": "19-7-15 19:10"
        },
        {
            "comment id": 48,
            "parent": 42,
            "children": [],
            "user id": "5366906324",
            "user name": "Lun-Leon",
            "content": "有钱能使磨推鬼",
            "time": "19-7-15 18:28"
        },
        {
            "comment id": 49,
            "parent": 50,
            "children": [],
            "user id": "5510003418",
            "user name": "Go兔北海道",
            "content": "回复@巨蟹醉酒:秀儿",
            "time": "19-7-15 18:20"
        },
        {
            "comment id": 50,
            "parent": 42,
            "children": [
                49
            ],
            "user id": "6234735719",
            "user name": "巨蟹醉酒",
            "content": "不是，是有钱能使人想得啥病得啥病",
            "time": "19-7-15 16:40"
        },
        {
            "comment id": 51,
            "parent": -1,
            "children": [
                52,
                53,
                54,
                55,
                56,
                57,
                58,
                60
            ],
            "user id": "3118928481",
            "user name": "吃瓜群众肥仔水",
            "content": "有钱人第一个要考的证是什么证啊？",
            "time": "19-7-15 15:52"
        },
        {
            "comment id": 52,
            "parent": 51,
            "children": [],
            "user id": "2731104587",
            "user name": "尝试去改变2731104587",
            "content": "精神病证多少钱一个？",
            "time": "19-7-22 09:41"
        },
        {
            "comment id": 53,
            "parent": 51,
            "children": [],
            "user id": "6501959053",
            "user name": "迈珞201803",
            "content": "可以编一个小品",
            "time": "19-7-16 22:55"
        },
        {
            "comment id": 54,
            "parent": 51,
            "children": [],
            "user id": "2720236280",
            "user name": "无尽的旅途__",
            "content": "错了，这个不用考的，出事给钱自动获取",
            "time": "19-7-15 20:26"
        },
        {
            "comment id": 55,
            "parent": 51,
            "children": [],
            "user id": "3148986271",
            "user name": "韭菜与鳝鱼",
            "content": "必须是精神病证",
            "time": "19-7-15 20:17"
        },
        {
            "comment id": 56,
            "parent": 51,
            "children": [],
            "user id": "5936550849",
            "user name": "高频犯困小王",
            "content": "当然是精神病证",
            "time": "19-7-15 18:53"
        },
        {
            "comment id": 57,
            "parent": 51,
            "children": [],
            "user id": "5616848119",
            "user name": "渔火丶注定漂泊",
            "content": "敲黑板，划重点！",
            "time": "19-7-15 18:29"
        },
        {
            "comment id": 58,
            "parent": 51,
            "children": [],
            "user id": "3060939291",
            "user name": "十二点不准笑",
            "content": "😂😂😂忽略不记",
            "time": "19-7-15 18:18"
        },
        {
            "comment id": 59,
            "parent": 60,
            "children": [],
            "user id": "3118928481",
            "user name": "吃瓜群众肥仔水",
            "content": "回复@十二点不准笑:亲，打错字啦",
            "time": "19-7-15 16:09"
        },
        {
            "comment id": 60,
            "parent": 51,
            "children": [
                59
            ],
            "user id": "3060939291",
            "user name": "十二点不准笑",
            "content": "急性短暂性精神障碍患者争！",
            "time": "19-7-15 16:05"
        },
        {
            "comment id": 61,
            "parent": -1,
            "children": [
                62
            ],
            "user id": "2563854732",
            "user name": "虐的就是你造吗",
            "content": "这是最近被人遗忘了，他们家要花钱洗白了吗",
            "time": "19-7-15 15:53"
        },
        {
            "comment id": 62,
            "parent": 61,
            "children": [],
            "user id": "5790979679",
            "user name": "拿拿桑的欧吧",
            "content": "大天朝的法律终归没让我失望",
            "time": "19-7-17 20:18"
        },
        {
            "comment id": 63,
            "parent": -1,
            "children": [
                65,
                66,
                67,
                69
            ],
            "user id": "6645201971",
            "user name": "樸素無華",
            "content": "有条件的都提前去给自己鉴定个精神病，反正你不说也没人知道。以后看谁不爽开车撞死他，反正有精神病护体，免死金牌。",
            "time": "19-7-15 19:28"
        },
        {
            "comment id": 64,
            "parent": 69,
            "children": [],
            "user id": "7190420510",
            "user name": "魏云海12",
            "content": "回复@一路向北533:对，我这有个富二代酒驾，撞别人把自己撞死了，结果他老爹让那全家消失了，上网看看吧，能找到蛛丝马迹，就是没人敢明说",
            "time": "19-7-16 20:09"
        },
        {
            "comment id": 65,
            "parent": 63,
            "children": [],
            "user id": "6700201197",
            "user name": "起啥因结甚果",
            "content": "怕就怕你撞的那人背景强，不管你有没有病都不好使。最后别被株连九族那就玩大发了",
            "time": "19-7-16 13:08"
        },
        {
            "comment id": 66,
            "parent": 63,
            "children": [],
            "user id": "2448531981",
            "user name": "金龙骑士1981",
            "content": "没钱还没权利得精神病",
            "time": "19-7-16 12:04"
        },
        {
            "comment id": 67,
            "parent": 63,
            "children": [],
            "user id": "5600234342",
            "user name": "我与孔方兄相依为命",
            "content": "有了精神残疾证处处是掣肘，比如是不能开车，不能买房，不能结婚，找不了工作，以后恐怕还有不能独自登机",
            "time": "19-7-15 20:27"
        },
        {
            "comment id": 68,
            "parent": 69,
            "children": [],
            "user id": "6645201971",
            "user name": "樸素無華",
            "content": "回复@一路向北533:所以说要有条件。有钱有势是有条件的一种。",
            "time": "19-7-15 20:24"
        },
        {
            "comment id": 69,
            "parent": 63,
            "children": [
                64,
                68
            ],
            "user id": "5749519374",
            "user name": "一路向北533",
            "content": "那也得有钱有势啊，要不就算您真的是精神病，那也活不了",
            "time": "19-7-15 20:23"
        },
        {
            "comment id": 70,
            "parent": -1,
            "children": [
                71,
                72,
                73,
                75,
                76,
                77,
                78,
                79
            ],
            "user id": "5870201888",
            "user name": "MVP丨烟丶",
            "content": "我想问一下，我现在也想办个间歇性精神病证，然后喝酒开车把这个娘们撞废了，有没有支持我的？",
            "time": "19-7-16 07:41"
        },
        {
            "comment id": 71,
            "parent": 70,
            "children": [],
            "user id": "5150667328",
            "user name": "陈家南城",
            "content": "666",
            "time": "19-7-19 10:36"
        },
        {
            "comment id": 72,
            "parent": 70,
            "children": [],
            "user id": "6013964776",
            "user name": "夏日阎良",
            "content": "哎，要撞别只撞一个，把它们一家子都撞了，不然岂不惹麻烦",
            "time": "19-7-17 22:15"
        },
        {
            "comment id": 73,
            "parent": 70,
            "children": [],
            "user id": "5867703596",
            "user name": "白羊座清风徐来-01",
            "content": "送你一台二手捷达去吧",
            "time": "19-7-17 14:32"
        },
        {
            "comment id": 74,
            "parent": 75,
            "children": [],
            "user id": "5870201888",
            "user name": "MVP丨烟丶",
            "content": "回复@荒芜到岸Ec:",
            "time": "19-7-16 18:27"
        },
        {
            "comment id": 75,
            "parent": 70,
            "children": [
                74
            ],
            "user id": "5266909274",
            "user name": "荒芜到岸Ec",
            "content": "可是你也一样要赔钱的鸭",
            "time": "19-7-16 18:26"
        },
        {
            "comment id": 76,
            "parent": 70,
            "children": [],
            "user id": "5870201888",
            "user name": "MVP丨烟丶",
            "content": "回复@挚爱我此生时光:",
            "time": "19-7-16 15:07"
        },
        {
            "comment id": 77,
            "parent": 70,
            "children": [],
            "user id": "5870201888",
            "user name": "MVP丨烟丶",
            "content": "回复@柳州宋国民74225:这个………………真没有",
            "time": "19-7-16 15:07"
        },
        {
            "comment id": 78,
            "parent": 70,
            "children": [],
            "user id": "6259917035",
            "user name": "Trsuuuuu",
            "content": "你比她有票就行",
            "time": "19-7-16 15:07"
        },
        {
            "comment id": 79,
            "parent": 70,
            "children": [],
            "user id": "5849287339",
            "user name": "那一年的秋天很美丽",
            "content": "你不可以，因为你家没有玛莎拉蒂",
            "time": "19-7-16 13:25"
        },
        {
            "comment id": 80,
            "parent": -1,
            "children": [
                81
            ],
            "user id": "2425566961",
            "user name": "嚻戅炮",
            "content": "下一步就是在精神病住几天，然后有来个鉴定说可以回家治疗，这是就不了了之了吧，我特么都能当导演了",
            "time": "19-7-15 18:19"
        },
        {
            "comment id": 81,
            "parent": 80,
            "children": [],
            "user id": "6048645442",
            "user name": "团子诶诶诶诶诶",
            "content": "你们两个都是编剧导演",
            "time": "19-7-18 11:40"
        },
        {
            "comment id": 82,
            "parent": -1,
            "children": [
                83,
                84
            ],
            "user id": "5668290562",
            "user name": "Mr徐浩奇",
            "content": "现实告诉我们，要好好赚钱，有钱想要风得风 要雨得雨",
            "time": "19-7-16 07:30"
        },
        {
            "comment id": 83,
            "parent": 82,
            "children": [],
            "user id": "5668290562",
            "user name": "Mr徐浩奇",
            "content": "回复@思瞻:有时候，病能带人走，但也能留下人，就比如杀人了出示精神病证",
            "time": "19-7-16 13:20"
        },
        {
            "comment id": 84,
            "parent": 82,
            "children": [],
            "user id": "6095769539",
            "user name": "思觉启颜",
            "content": "可以随便杀人",
            "time": "19-7-16 09:15"
        },
        {
            "comment id": 85,
            "parent": -1,
            "children": [],
            "user id": "6235486963",
            "user name": "蛇界女总裁",
            "content": "多简单 当官的爹",
            "time": "19-7-15 15:45"
        },
        {
            "comment id": 86,
            "parent": -1,
            "children": [],
            "user id": "3162630212",
            "user name": "卡萨朴",
            "content": "这个证需要考吗？",
            "time": "19-7-15 16:58"
        },
        {
            "comment id": 87,
            "parent": -1,
            "children": [],
            "user id": "3921471117",
            "user name": "gdutrchu兔",
            "content": "一出事就有精神病，一出事就是临时工，一出事摄像头就坏",
            "time": "19-7-15 20:17"
        },
        {
            "comment id": 88,
            "parent": -1,
            "children": [
                89
            ],
            "user id": "5335449681",
            "user name": "努力画画的Evan_W___",
            "content": "精神病说明不用坐牢",
            "time": "19-7-15 23:00"
        },
        {
            "comment id": 89,
            "parent": 88,
            "children": [],
            "user id": "5561593296",
            "user name": "有他在72073",
            "content": "但是酒驾撞人",
            "time": "19-7-16 07:49"
        },
        {
            "comment id": 90,
            "parent": -1,
            "children": [],
            "user id": "5625399016",
            "user name": "不知道规则",
            "content": "精神病背祸",
            "time": "19-7-15 18:08"
        },
        {
            "comment id": 91,
            "parent": -1,
            "children": [
                92
            ],
            "user id": "3293883221",
            "user name": "shut-up-guy",
            "content": "哇 《囚犯医生》现实版",
            "time": "19-7-15 17:57"
        },
        {
            "comment id": 92,
            "parent": 91,
            "children": [],
            "user id": "5905705446",
            "user name": "Craire韦雅",
            "content": "可能是进去之后看的这部电视剧吧",
            "time": "19-7-15 18:41"
        },
        {
            "comment id": 93,
            "parent": -1,
            "children": [],
            "user id": "2414452805",
            "user name": "CAIYUHUA_",
            "content": "是不是假证？那醉酒开车也有饮酒驾驶证？",
            "time": "19-7-15 15:49"
        },
        {
            "comment id": 94,
            "parent": -1,
            "children": [],
            "user id": "5064095975",
            "user name": "小董不吃-",
            "content": "那就永远关进精神病院吧，",
            "time": "19-7-15 16:23"
        },
        {
            "comment id": 95,
            "parent": -1,
            "children": [],
            "user id": "1935366523",
            "user name": "绣春刀就剩刀了",
            "content": "好，以后精神病证书比985/211的证书都值钱，你要没本精神病证书都不好意思见人～",
            "time": "19-7-15 20:46"
        },
        {
            "comment id": 96,
            "parent": -1,
            "children": [
                97
            ],
            "user id": "6377863363",
            "user name": "疯狂的小书僮",
            "content": "CTM这么说肏了她，然后去南京开一张短暂性间歇性失忆证明是不是也可以？",
            "time": "19-7-15 18:57"
        },
        {
            "comment id": 97,
            "parent": 96,
            "children": [],
            "user id": "6377863363",
            "user name": "疯狂的小书僮",
            "content": "回复@努力减肥的肉段:比喻一下",
            "time": "19-7-16 17:13"
        },
        {
            "comment id": 98,
            "parent": -1,
            "children": [],
            "user id": "5668290562",
            "user name": "Mr徐浩奇",
            "content": "是那些死去的犯人没有钱养出精神病，还是他们都判错了！",
            "time": "19-7-16 07:39"
        },
        {
            "comment id": 99,
            "parent": -1,
            "children": [],
            "user id": "3869179922",
            "user name": "小彭_7G4T",
            "content": "有钱真好",
            "time": "19-7-15 20:58"
        },
        {
            "comment id": 100,
            "parent": -1,
            "children": [],
            "user id": "1994888521",
            "user name": "银河里的婴儿车",
            "content": "这证还能考吗？我也想去考一个",
            "time": "19-7-15 18:05"
        },
        {
            "comment id": 101,
            "parent": -1,
            "children": [],
            "user id": "5063886960",
            "user name": "一年好景君须记_",
            "content": "呵",
            "time": "19-7-15 17:58"
        },
        {
            "comment id": 102,
            "parent": -1,
            "children": [
                103
            ],
            "user id": "5380138026",
            "user name": "男爵myb",
            "content": "啥也别说了，后台硬！！！",
            "time": "19-7-16 12:00"
        },
        {
            "comment id": 103,
            "parent": 102,
            "children": [],
            "user id": "5380138026",
            "user name": "男爵myb",
            "content": "后台硬，花钱可以买人命。正义有时候也会缺席……",
            "time": "19-7-16 12:01"
        },
        {
            "comment id": 104,
            "parent": -1,
            "children": [],
            "user id": "6115021082",
            "user name": "赫赫没有flow-",
            "content": "那精神病考你🐎的驾照",
            "time": "19-7-15 20:20"
        },
        {
            "comment id": 105,
            "parent": -1,
            "children": [],
            "user id": "2956568730",
            "user name": "刘飘飘呐",
            "content": "有钱就任性，穷人家的孩子不理解",
            "time": "19-7-15 20:20"
        },
        {
            "comment id": 106,
            "parent": -1,
            "children": [],
            "user id": "6348252372",
            "user name": "撸猫鹿_",
            "content": "所以说判不了死刑了？",
            "time": "19-7-15 20:20"
        },
        {
            "comment id": 107,
            "parent": -1,
            "children": [],
            "user id": "5671719272",
            "user name": "Alice__晶",
            "content": "现实版囚犯医生剧情来了",
            "time": "19-7-15 20:17"
        },
        {
            "comment id": 108,
            "parent": -1,
            "children": [],
            "user id": "2022236501",
            "user name": "莫得感情的mexi",
            "content": "担心的事还是发生了。。",
            "time": "19-7-15 20:15"
        },
        {
            "comment id": 109,
            "parent": -1,
            "children": [],
            "user id": "5833681904",
            "user name": "LK2607730455",
            "content": "有钱真好",
            "time": "19-7-28 16:53"
        },
        {
            "comment id": 110,
            "parent": -1,
            "children": [],
            "user id": "6057033979",
            "user name": "怪大叔鸭",
            "content": "突然也想搞个精神病证，杀人的心都不怕哈哈",
            "time": "19-7-16 21:21"
        },
        {
            "comment id": 111,
            "parent": -1,
            "children": [],
            "user id": "2550662795",
            "user name": "莫莫Summer",
            "content": "有钱 想有啥病有啥病，最好是可以逃脱法律制裁的那种",
            "time": "19-7-16 18:06"
        },
        {
            "comment id": 112,
            "parent": -1,
            "children": [],
            "user id": "2355089923",
            "user name": "草莓香草味牛奶",
            "content": "那神经病更应该赶紧死刑了，谁能保证不会有下次发病的时候。留着肯定是祸害",
            "time": "19-7-16 16:46"
        },
        {
            "comment id": 113,
            "parent": -1,
            "children": [],
            "user id": "3269132090",
            "user name": "王一博先生V",
            "content": "精神病怎么了？是不是这个法律该改改了？你有精神病就活该别人被你杀？",
            "time": "19-7-16 16:01"
        },
        {
            "comment id": 114,
            "parent": -1,
            "children": [],
            "user id": "5240375591",
            "user name": "邢瑞彪",
            "content": "哈哈哈哈哈哈哈哈",
            "time": "19-7-16 13:11"
        },
        {
            "comment id": 115,
            "parent": -1,
            "children": [],
            "user id": "3744088805",
            "user name": "上辈子是颗柠檬树",
            "content": "我朋友就在精神病医院上班，不瞒你说真的很多富二代官二代。为了逃避责任就在里面呆着。",
            "time": "19-7-16 07:29"
        },
        {
            "comment id": 116,
            "parent": -1,
            "children": [],
            "user id": "6002595378",
            "user name": "四八二十七",
            "content": "那就把她送进精神病医院呀",
            "time": "19-7-15 20:26"
        },
        {
            "comment id": 117,
            "parent": -1,
            "children": [],
            "user id": "5823074500",
            "user name": "咖啡杯里的芥末",
            "content": "有钱能使鬼推磨",
            "time": "19-7-15 20:17"
        },
        {
            "comment id": 118,
            "parent": -1,
            "children": [],
            "user id": "5620455762",
            "user name": "生活就是个骗纸",
            "content": "精神病还不拴好",
            "time": "19-7-15 19:28"
        },
        {
            "comment id": 119,
            "parent": -1,
            "children": [],
            "user id": "6040865791",
            "user name": "换季了没衣服穿",
            "content": "精神病有驾照？",
            "time": "19-7-15 19:07"
        },
        {
            "comment id": 120,
            "parent": -1,
            "children": [],
            "user id": "3873644882",
            "user name": "无辣不欢哈哈",
            "content": "有钱真好",
            "time": "19-7-15 18:41"
        },
        {
            "comment id": 121,
            "parent": -1,
            "children": [],
            "user id": "3336333270",
            "user name": "陪lh到老的小狐狸",
            "content": "有钱什么病都可以",
            "time": "19-7-15 18:26"
        },
        {
            "comment id": 122,
            "parent": -1,
            "children": [],
            "user id": "5540626542",
            "user name": "最后的皮影偶",
            "content": "有钱还是好办事",
            "time": "19-7-15 18:25"
        },
        {
            "comment id": 123,
            "parent": -1,
            "children": [],
            "user id": "1882402185",
            "user name": "飞天钢铁侠",
            "content": "精神病的含金量吊打国内各大名校，有免死金牌功能……",
            "time": "19-7-16 14:11"
        },
        {
            "comment id": 124,
            "parent": -1,
            "children": [],
            "user id": "2399186335",
            "user name": "跳跳糖qzq",
            "content": "完全无罪",
            "time": "19-7-16 14:06"
        },
        {
            "comment id": 125,
            "parent": -1,
            "children": [],
            "user id": "5081059280",
            "user name": "风的宇",
            "content": "有钱人就能逃脱法律制裁？既然是精神病，弄到精神病医院胃药两年吧！",
            "time": "19-7-16 14:03"
        },
        {
            "comment id": 126,
            "parent": -1,
            "children": [],
            "user id": "6567829520",
            "user name": "天道酬勤94251",
            "content": "这样说 恐怖分子也有精神病，",
            "time": "19-7-16 14:02"
        },
        {
            "comment id": 127,
            "parent": -1,
            "children": [],
            "user id": "5658300196",
            "user name": "单车米汤",
            "content": "谁上火了尿黄，来给我呲她",
            "time": "19-7-16 13:58"
        },
        {
            "comment id": 128,
            "parent": -1,
            "children": [],
            "user id": "5069890052",
            "user name": "黄宗泽在此",
            "content": "这很好解释，间接性精神病，意思就是说出事前没发病，出事后才有病，这完全没影响没毛病，该怎么判怎么判",
            "time": "19-7-16 13:58"
        },
        {
            "comment id": 129,
            "parent": -1,
            "children": [],
            "user id": "3137671971",
            "user name": "身边阳光好温暖",
            "content": "有事没事的都去办理个精神病证吧。拿着出门可以为所欲为",
            "time": "19-7-16 13:56"
        },
        {
            "comment id": 130,
            "parent": -1,
            "children": [],
            "user id": "6067435133",
            "user name": "伯贤淑娴",
            "content": "精神病怎么会有驾照，这洗不白吧",
            "time": "19-7-16 13:56"
        },
        {
            "comment id": 131,
            "parent": -1,
            "children": [],
            "user id": "2828092567",
            "user name": "YBc没时间精",
            "content": "法律精神还是有钱人玩的透呢。",
            "time": "19-7-16 13:54"
        },
        {
            "comment id": 132,
            "parent": -1,
            "children": [],
            "user id": "5731465069",
            "user name": "陈玄乙",
            "content": " 法律不公",
            "time": "19-7-16 13:53"
        },
        {
            "comment id": 133,
            "parent": -1,
            "children": [],
            "user id": "3909134172",
            "user name": "袁胜凡",
            "content": "有钱能使磨推鬼",
            "time": "19-7-16 13:43"
        },
        {
            "comment id": 134,
            "parent": -1,
            "children": [],
            "user id": "6599436025",
            "user name": "毕业去当兵",
            "content": "要等n多年后，再被提出来了",
            "time": "19-7-16 13:39"
        },
        {
            "comment id": 135,
            "parent": -1,
            "children": [],
            "user id": "1697360585",
            "user name": "曲径Y通幽",
            "content": "在和平时代精神病证明免死金牌   这都成什么了  之前炫富为什么不说自己是精神病",
            "time": "19-7-16 13:37"
        },
        {
            "comment id": 136,
            "parent": -1,
            "children": [],
            "user id": "5545540728",
            "user name": "逸76653",
            "content": "央视毫无存在感？？？",
            "time": "19-7-16 13:28"
        },
        {
            "comment id": 137,
            "parent": -1,
            "children": [],
            "user id": "5352924873",
            "user name": "丁香窠",
            "content": "精神病还能考驾照开车了",
            "time": "19-7-16 13:27"
        },
        {
            "comment id": 138,
            "parent": -1,
            "children": [],
            "user id": "5469835283",
            "user name": "随意也是任性",
            "content": "呵呵",
            "time": "19-7-16 13:23"
        },
        {
            "comment id": 139,
            "parent": -1,
            "children": [],
            "user id": "5653678418",
            "user name": "明天在改名",
            "content": "有钱什么病得不了？",
            "time": "19-7-16 13:22"
        },
        {
            "comment id": 140,
            "parent": -1,
            "children": [],
            "user id": "6104171254",
            "user name": "不吖不加糖",
            "content": "有钱能得精神病",
            "time": "19-7-16 13:21"
        },
        {
            "comment id": 141,
            "parent": -1,
            "children": [],
            "user id": "2267613300",
            "user name": "乐涵哲多",
            "content": "建议国家订制免死金牌出售给这些有钱人，防止太多人得精神病。",
            "time": "19-7-16 13:16"
        },
        {
            "comment id": 142,
            "parent": -1,
            "children": [],
            "user id": "3266786895",
            "user name": "闪电奇缘1599",
            "content": "社会水太深，又有几人能看透，但愿人间真有公道，",
            "time": "19-7-16 13:13"
        },
        {
            "comment id": 143,
            "parent": -1,
            "children": [],
            "user id": "6090095520",
            "user name": "Pabu三斤",
            "content": "tmd，以后我杀了人也是精神病",
            "time": "19-7-16 13:08"
        },
        {
            "comment id": 144,
            "parent": -1,
            "children": [],
            "user id": "5763737875",
            "user name": "豆豆Bonnie",
            "content": "想逃避",
            "time": "19-7-16 13:03"
        },
        {
            "comment id": 145,
            "parent": -1,
            "children": [],
            "user id": "6916286405",
            "user name": "罗罗罗罗罗201102",
            "content": "啊？原来我也有病！",
            "time": "19-7-16 12:55"
        },
        {
            "comment id": 146,
            "parent": -1,
            "children": [],
            "user id": "6096122684",
            "user name": "我是那粒大米饭",
            "content": "呵呵",
            "time": "19-7-16 12:54"
        },
        {
            "comment id": 147,
            "parent": -1,
            "children": [],
            "user id": "3152004794",
            "user name": "许你孚生若梦",
            "content": "多简单 当官的爹 这种人都不治治，真该下地狱 老话说得好，不是不报时候未到",
            "time": "19-7-16 12:48"
        },
        {
            "comment id": 148,
            "parent": -1,
            "children": [],
            "user id": "6622458560",
            "user name": "北京丹卿朱砂文化发展有限公司",
            "content": "这年头没这个证都不好意思出门，也不敢出门",
            "time": "19-7-16 12:47"
        },
        {
            "comment id": 149,
            "parent": -1,
            "children": [],
            "user id": "5526000430",
            "user name": "努力点总会幸运点",
            "content": "有钱人，出事了，都会得精神病",
            "time": "19-7-16 12:43"
        },
        {
            "comment id": 150,
            "parent": -1,
            "children": [],
            "user id": "5034592065",
            "user name": "我爱我家cc216",
            "content": "我擦，这特么的是视他人生命于不顾。这么包庇这个杀人犯，又和杀人犯有啥区别。",
            "time": "19-7-16 12:36"
        },
        {
            "comment id": 151,
            "parent": -1,
            "children": [],
            "user id": "5462988116",
            "user name": "521紫陌",
            "content": "又来这一套",
            "time": "19-7-16 12:35"
        },
        {
            "comment id": 152,
            "parent": -1,
            "children": [],
            "user id": "5611935019",
            "user name": "雅安琪珠宝设计",
            "content": "请问哪里有办此证的，我也想办一个",
            "time": "19-7-16 12:33"
        },
        {
            "comment id": 153,
            "parent": -1,
            "children": [],
            "user id": "2938194634",
            "user name": "我的CP终于be了",
            "content": "哈哈哈哈哈哈哈哈哈，共和国特色",
            "time": "19-7-16 12:33"
        },
        {
            "comment id": 154,
            "parent": -1,
            "children": [],
            "user id": "6264830897",
            "user name": "发光发热的韭菜",
            "content": "有钱出事神经病，厉害了",
            "time": "19-7-16 12:32"
        },
        {
            "comment id": 155,
            "parent": -1,
            "children": [],
            "user id": "1807663011",
            "user name": "jiangxj1994",
            "content": "她当然有精神病了，能开玛莎拉蒂的人，那么容易死？笑话",
            "time": "19-7-16 12:31"
        },
        {
            "comment id": 156,
            "parent": -1,
            "children": [],
            "user id": "5504971738",
            "user name": "不停地扮演小丑",
            "content": "又是精神病？？？有钱真的能使鬼推磨呢，呵呵",
            "time": "19-7-16 12:29"
        },
        {
            "comment id": 157,
            "parent": -1,
            "children": [],
            "user id": "2806433232",
            "user name": "杰克小哥",
            "content": "精神病不能有驾驶证吧！我最近考科一呢，练题呢！",
            "time": "19-7-16 12:28"
        },
        {
            "comment id": 158,
            "parent": -1,
            "children": [],
            "user id": "2149855694",
            "user name": "气球好危险",
            "content": "我相信是真的",
            "time": "19-7-16 12:28"
        }
    ]
}