{
    "source": {
        "content": "西安到昆明的165次车，桥被冲毁，中部车厢掉江里，刚发生的。好好的过每一天吧！不是每个人都有明天的！无常啊！为不实消息。  网页链接 ",
        "time": "19-7-13 10:47",
        "user id": "5898199949",
        "tweet id": "HDfw2BJ6A",
        "label": 1,
        "theme": null
    },
    "comment": [
        {
            "comment id": 0,
            "parent": -1,
            "children": [],
            "user id": "6536948375",
            "user name": "花石阁主",
            "content": "这是2010年发生在宝成铁路的石亭江大桥塌桥事故视频，事发时人员全部及时转移后的10多分钟内，两节车厢坠入江中，无死亡，仅三人受轻伤。事后参与救人的铁路职工47人全部受到表彰和奖励。",
            "time": "19-7-13 22:48"
        },
        {
            "comment id": 1,
            "parent": -1,
            "children": [],
            "user id": "2250572045",
            "user name": "J十一_",
            "content": "以前说所有的交通里火车最安全，现在火车也不安全了",
            "time": "19-7-13 19:12"
        },
        {
            "comment id": 2,
            "parent": -1,
            "children": [],
            "user id": "3731249372",
            "user name": "起个name真费神",
            "content": "这事我记得是10年八月十几号，好像是西安到昆明，因为我当时买了这列车的车票去成都转九寨沟玩，因为当时九寨沟泥石流我就退票了，去了其他地方玩，第三天看到新闻才知道这列火车发生事故，但是没人遇难",
            "time": "19-7-14 03:41"
        },
        {
            "comment id": 3,
            "parent": -1,
            "children": [],
            "user id": "2309040167",
            "user name": "小猪佩辣奇",
            "content": "真的假的呀？？",
            "time": "19-7-13 19:35"
        },
        {
            "comment id": 4,
            "parent": -1,
            "children": [],
            "user id": "6016008517",
            "user name": "熊和鱼掌可兼得",
            "content": "最近真是多灾多难",
            "time": "19-7-13 19:06"
        },
        {
            "comment id": 5,
            "parent": -1,
            "children": [],
            "user id": "5516216058",
            "user name": "後来lail",
            "content": "又在传谣",
            "time": "19-7-14 14:57"
        }
    ]
}