{
    "source": {
        "content": "美国民众抗议特朗普的关税政策 ",
        "time": "19-7-17 15:42",
        "user id": "1623404035",
        "tweet id": "HDT9wjYel",
        "label": 1,
        "theme": null
    },
    "comment": [
        {
            "comment id": 0,
            "parent": -1,
            "children": [
                1,
                2,
                4,
                5,
                6,
                7
            ],
            "user id": "3278316735",
            "user name": "XF_小烽子",
            "content": "我有视频 网页链接",
            "time": "19-7-18 10:53"
        },
        {
            "comment id": 1,
            "parent": 0,
            "children": [],
            "user id": "7130452514",
            "user name": "依旧那个精彩阿义",
            "content": "分享分享",
            "time": "19-7-22 14:50"
        },
        {
            "comment id": 2,
            "parent": 0,
            "children": [],
            "user id": "6693006887",
            "user name": "漫山猴子我腚最红_",
            "content": "私我",
            "time": "19-7-19 00:14"
        },
        {
            "comment id": 3,
            "parent": 4,
            "children": [],
            "user id": "2644381277",
            "user name": "风月无尘",
            "content": "回复@XF_小烽子:我以为是视频呢",
            "time": "19-7-18 12:40"
        },
        {
            "comment id": 4,
            "parent": 0,
            "children": [
                3
            ],
            "user id": "3278316735",
            "user name": "XF_小烽子",
            "content": "回复@最硬核推推酱:截图，你当然打不开",
            "time": "19-7-18 12:17"
        },
        {
            "comment id": 5,
            "parent": 0,
            "children": [],
            "user id": "6912407230",
            "user name": "Caciennnn",
            "content": "回复@最硬核推推酱:他截的屏",
            "time": "19-7-18 12:06"
        },
        {
            "comment id": 6,
            "parent": 0,
            "children": [],
            "user id": "5652707697",
            "user name": "美翘阿鑫",
            "content": "分享分享",
            "time": "19-7-18 12:05"
        },
        {
            "comment id": 7,
            "parent": 0,
            "children": [],
            "user id": "2644381277",
            "user name": "风月无尘",
            "content": "点不开",
            "time": "19-7-18 12:05"
        },
        {
            "comment id": 8,
            "parent": -1,
            "children": [
                9,
                11
            ],
            "user id": "2557340734",
            "user name": "smoothly张琪",
            "content": "这是真的吗。",
            "time": "19-7-17 15:43"
        },
        {
            "comment id": 9,
            "parent": 8,
            "children": [],
            "user id": "6127736937",
            "user name": "神奇的年轻人",
            "content": "兄弟，发份给我看看",
            "time": "19-7-18 15:45"
        },
        {
            "comment id": 10,
            "parent": 11,
            "children": [],
            "user id": "5652707697",
            "user name": "美翘阿鑫",
            "content": "回复@ohkyou:有视频，分享下",
            "time": "19-7-18 12:05"
        },
        {
            "comment id": 11,
            "parent": 8,
            "children": [
                10
            ],
            "user id": "2495445462",
            "user name": "ohkyou",
            "content": "真的 视频都看到了",
            "time": "19-7-18 09:25"
        },
        {
            "comment id": 12,
            "parent": -1,
            "children": [],
            "user id": "5999040176",
            "user name": "漫渡羁旅",
            "content": "自由的气息",
            "time": "19-7-18 09:18"
        },
        {
            "comment id": 13,
            "parent": -1,
            "children": [
                15,
                17,
                18
            ],
            "user id": "1841562205",
            "user name": "s牧羊犬",
            "content": "开头一张图内容全靠编",
            "time": "19-7-17 17:23"
        },
        {
            "comment id": 14,
            "parent": 15,
            "children": [],
            "user id": "5449495906",
            "user name": "大作手回忆录l",
            "content": "回复@很讨厌被打扰:哈哈",
            "time": "19-7-18 11:07"
        },
        {
            "comment id": 15,
            "parent": 13,
            "children": [
                14
            ],
            "user id": "5595611378",
            "user name": "很讨厌被打扰",
            "content": "回复@嘹亮的小号咩:至少你知道真相 我知道真相哈哈哈 还是有雪亮的眼睛的！",
            "time": "19-7-18 10:58"
        },
        {
            "comment id": 16,
            "parent": 17,
            "children": [],
            "user id": "5449495906",
            "user name": "大作手回忆录l",
            "content": "回复@很讨厌被打扰:有些人就是这么没有下限，但依然有人相信，所以分辨能力很重要",
            "time": "19-7-18 10:52"
        },
        {
            "comment id": 17,
            "parent": 13,
            "children": [
                16
            ],
            "user id": "5595611378",
            "user name": "很讨厌被打扰",
            "content": "@很讨厌被打扰：后面彩虹旗是同性恋游行。而且这街景怕是我家楼下吧卧槽。多伦多church wellesly 同性恋村。加拿大能跑美国去，造谣单凭一张嘴啊。请问这样的博主，造这样的遥，是把公众当傻子耍，还是不尊重你自己的微博流量？",
            "time": "19-7-18 10:44"
        },
        {
            "comment id": 18,
            "parent": 13,
            "children": [],
            "user id": "5778921227",
            "user name": "能改名字就太好了",
            "content": "四张图",
            "time": "19-7-18 10:25"
        },
        {
            "comment id": 19,
            "parent": -1,
            "children": [
                24,
                25,
                26,
                27,
                28,
                29,
                30,
                31,
                34,
                35,
                38,
                39,
                40,
                41,
                42,
                43,
                44,
                45,
                46,
                47,
                48,
                49,
                50,
                51,
                52
            ],
            "user id": "2472182292",
            "user name": "倚金阁",
            "content": "世界上只有一个国家生产服装？",
            "time": "19-7-17 16:18"
        },
        {
            "comment id": 20,
            "parent": 21,
            "children": [],
            "user id": "1609380451",
            "user name": "XYP还是想做药片",
            "content": "回复@Anne1仙:不行✋",
            "time": "19-7-19 16:00"
        },
        {
            "comment id": 21,
            "parent": 22,
            "children": [
                20
            ],
            "user id": "5746451419",
            "user name": "Anne1仙",
            "content": "回复@XYP还是想做药片:我在哪说怎么了呢？……服了你了不要回了",
            "time": "19-7-19 14:02"
        },
        {
            "comment id": 22,
            "parent": 23,
            "children": [
                21
            ],
            "user id": "1609380451",
            "user name": "XYP还是想做药片",
            "content": "回复@Anne1仙:问题是你在这说中国牛逼不合适啊",
            "time": "19-7-18 22:46"
        },
        {
            "comment id": 23,
            "parent": 33,
            "children": [
                22
            ],
            "user id": "5746451419",
            "user name": "Anne1仙",
            "content": "回复@XYP还是想做药片:你中国只有衣服制造的可以会有人找你？我说的话不顺你心了？为什么要钻牛角尖呢？",
            "time": "19-7-18 21:17"
        },
        {
            "comment id": 24,
            "parent": 19,
            "children": [],
            "user id": "2716344013",
            "user name": "董小媛小布丁",
            "content": "中国制造",
            "time": "19-7-18 10:40"
        },
        {
            "comment id": 25,
            "parent": 19,
            "children": [],
            "user id": "3529408391",
            "user name": "咩咩咩咩呆呆",
            "content": "回复@少年煲清蛙:哎。。这种图片就适合给你这种人看。",
            "time": "19-7-18 10:11"
        },
        {
            "comment id": 26,
            "parent": 19,
            "children": [],
            "user id": "5898422308",
            "user name": "第一届沙雕网友比拼大赛总评委",
            "content": "借楼 几十年前是日本，故技重施在中国，美国的手段经济制裁很猛的，不要随便意淫了，要重视！没了中国市场人家转战东南亚，中国人口红利利用完了，再来搞东南亚工厂",
            "time": "19-7-18 10:01"
        },
        {
            "comment id": 27,
            "parent": 19,
            "children": [],
            "user id": "1830667882",
            "user name": "Yogurt悠优果",
            "content": "微博上看郭杰瑞的某期视频就知道美国是多么离不开中国制造",
            "time": "19-7-18 09:54"
        },
        {
            "comment id": 28,
            "parent": 19,
            "children": [],
            "user id": "2824352847",
            "user name": "影鬼之刃",
            "content": "差不多吧",
            "time": "19-7-18 09:53"
        },
        {
            "comment id": 29,
            "parent": 19,
            "children": [],
            "user id": "6795883756",
            "user name": "中华暖狗",
            "content": "我什么我美亚买的鞋子都是东南亚国家代工的",
            "time": "19-7-18 09:49"
        },
        {
            "comment id": 30,
            "parent": 19,
            "children": [],
            "user id": "3113214867",
            "user name": "超KE12376875",
            "content": "中国是世界工厂！美国军队制度的金属标志都是中国产的！",
            "time": "19-7-18 09:48"
        },
        {
            "comment id": 31,
            "parent": 19,
            "children": [],
            "user id": "1861975450",
            "user name": "不说话的名",
            "content": "美国的沃尔玛和好市多超市里面95%的产品全是中国制造的，你去查一查吧",
            "time": "19-7-18 09:45"
        },
        {
            "comment id": 32,
            "parent": 34,
            "children": [],
            "user id": "6367141323",
            "user name": "常胜00将军",
            "content": "回复@常胜00将军:是只有一个国家有能力生产廉价服装",
            "time": "19-7-18 09:44"
        },
        {
            "comment id": 33,
            "parent": 40,
            "children": [
                23
            ],
            "user id": "1609380451",
            "user name": "XYP还是想做药片",
            "content": "回复@Anne1仙:衣服这种低端制造业有什么牛逼的？",
            "time": "19-7-18 09:43"
        },
        {
            "comment id": 34,
            "parent": 19,
            "children": [
                32
            ],
            "user id": "6367141323",
            "user name": "常胜00将军",
            "content": "不是一个国家生产服装！是只有一个国家生产廉价服装！",
            "time": "19-7-18 09:42"
        },
        {
            "comment id": 35,
            "parent": 19,
            "children": [],
            "user id": "5150479832",
            "user name": "ZWKB阿泽",
            "content": "回复@英中二了:很多，都是这个制造中国发明便捷的东西很厉害。",
            "time": "19-7-18 09:39"
        },
        {
            "comment id": 36,
            "parent": 50,
            "children": [],
            "user id": "5696106521",
            "user name": "yanyanyanzzz",
            "content": "回复@闲处一晌贪欢:我刚买两双鞋子，一双盒子上越南，一双盒子柬埔寨，一双没味道，另一双味道很大…",
            "time": "19-7-18 09:33"
        },
        {
            "comment id": 37,
            "parent": 38,
            "children": [],
            "user id": "5961031355",
            "user name": "·眉间痣·",
            "content": "回复@ZWKB阿泽:",
            "time": "19-7-18 09:32"
        },
        {
            "comment id": 38,
            "parent": 19,
            "children": [
                37
            ],
            "user id": "5150479832",
            "user name": "ZWKB阿泽",
            "content": "回复@英中二了:我看过，好像那个短片是日本那家人一脸茫然",
            "time": "19-7-18 09:31"
        },
        {
            "comment id": 39,
            "parent": 19,
            "children": [],
            "user id": "5844000261",
            "user name": "一只小锦鲤Vvv",
            "content": "主要是反对政策你看不懂吗？",
            "time": "19-7-18 09:27"
        },
        {
            "comment id": 40,
            "parent": 19,
            "children": [
                33
            ],
            "user id": "5746451419",
            "user name": "Anne1仙",
            "content": "没办法。中国就是太牛逼了",
            "time": "19-7-18 09:23"
        },
        {
            "comment id": 41,
            "parent": 19,
            "children": [],
            "user id": "6489041333",
            "user name": "是老陈呐_",
            "content": "中国就你一个人吗？",
            "time": "19-7-18 09:19"
        },
        {
            "comment id": 42,
            "parent": 19,
            "children": [],
            "user id": "2435948513",
            "user name": "Mavis0909",
            "content": "你也可以买别的国家生产的",
            "time": "19-7-18 09:10"
        },
        {
            "comment id": 43,
            "parent": 19,
            "children": [],
            "user id": "1688521480",
            "user name": "斗门栗子",
            "content": "中国出口过去的超便宜。",
            "time": "19-7-18 09:01"
        },
        {
            "comment id": 44,
            "parent": 19,
            "children": [],
            "user id": "1865589114",
            "user name": "喂喂喂-wei",
            "content": "中国的便宜啊",
            "time": "19-7-18 08:57"
        },
        {
            "comment id": 45,
            "parent": 19,
            "children": [],
            "user id": "2112069581",
            "user name": "透心的夏天",
            "content": "回复@改个烂名十五块:那个坚决说自己家没有中国制造的男人最后连底裤都被节目组脱了",
            "time": "19-7-18 08:46"
        },
        {
            "comment id": 46,
            "parent": 19,
            "children": [],
            "user id": "6357011225",
            "user name": "NeikoCharm",
            "content": "你这舔的毫无营养",
            "time": "19-7-18 08:42"
        },
        {
            "comment id": 47,
            "parent": 19,
            "children": [],
            "user id": "1139110432",
            "user name": "飞跳豆豆",
            "content": "回复@英中二了:大部分，确实很难割离中国制造，但是不代表没有替代品，只是时间和价格略多",
            "time": "19-7-18 08:38"
        },
        {
            "comment id": 48,
            "parent": 19,
            "children": [],
            "user id": "6526172117",
            "user name": "台湾猴子周结巴6",
            "content": "以前日本也做过这种视频，大部分日本居民用的家电衣服都是中国进口。",
            "time": "19-7-18 08:25"
        },
        {
            "comment id": 49,
            "parent": 19,
            "children": [],
            "user id": "1222471847",
            "user name": "小虫慢慢爬4373_78m",
            "content": "回复@慢的变好:然而布料还大多是中国生产的",
            "time": "19-7-18 08:25"
        },
        {
            "comment id": 50,
            "parent": 19,
            "children": [
                36
            ],
            "user id": "6568299200",
            "user name": "闲处一晌贪欢",
            "content": "现在阿迪都是越南制造了",
            "time": "19-7-17 22:23"
        },
        {
            "comment id": 51,
            "parent": 19,
            "children": [],
            "user id": "2319832652",
            "user name": "身体健康i万事如意",
            "content": "很多名牌潮牌都是国内加工再转出口的，不过现在很多都开始转东南亚了。",
            "time": "19-7-17 20:35"
        },
        {
            "comment id": 52,
            "parent": 19,
            "children": [],
            "user id": "5961031355",
            "user name": "·眉间痣·",
            "content": "美国卖的衣服家电啥的写着中国制造的英文 我看过一个短片",
            "time": "19-7-17 16:32"
        },
        {
            "comment id": 53,
            "parent": -1,
            "children": [
                54,
                55,
                56,
                57,
                58,
                59,
                60,
                61,
                62,
                63,
                64
            ],
            "user id": "7186075000",
            "user name": "瀚淇是你爸爸",
            "content": "为什么有的人造谣要被抓，有的人造谣却没事呢？",
            "time": "19-7-18 08:46"
        },
        {
            "comment id": 54,
            "parent": 53,
            "children": [],
            "user id": "5095163531",
            "user name": "杨先生不可语",
            "content": "就跟读书人的事不能算偷一个道理",
            "time": "19-7-18 10:23"
        },
        {
            "comment id": 55,
            "parent": 53,
            "children": [],
            "user id": "5146916587",
            "user name": "为国民的Laurance",
            "content": "回复@池边游泳戏虾:他们老爹，你们在说什么，我好想笑",
            "time": "19-7-18 10:08"
        },
        {
            "comment id": 56,
            "parent": 53,
            "children": [],
            "user id": "6522009806",
            "user name": "在阳光灿烂的日子里太阳照常升起",
            "content": "带的一手好节奏",
            "time": "19-7-18 10:01"
        },
        {
            "comment id": 57,
            "parent": 53,
            "children": [],
            "user id": "7186075000",
            "user name": "瀚淇是你爸爸",
            "content": "回复@XL喜鹊:高手",
            "time": "19-7-18 09:50"
        },
        {
            "comment id": 58,
            "parent": 53,
            "children": [],
            "user id": "5226228821",
            "user name": "卡巴拉果实",
            "content": "这种造谣和湾湾说我们吃不起茶叶蛋一样。到头来丢的是谁的脸？",
            "time": "19-7-18 09:32"
        },
        {
            "comment id": 59,
            "parent": 53,
            "children": [],
            "user id": "6482445701",
            "user name": "穿不上的外衣",
            "content": "随手举报吧，这什么玩意天天的",
            "time": "19-7-18 09:31"
        },
        {
            "comment id": 60,
            "parent": 53,
            "children": [],
            "user id": "2884577991",
            "user name": "Clone士",
            "content": "回复@握哈嘛:那是屁的爱国 爱清政府罢了",
            "time": "19-7-18 09:30"
        },
        {
            "comment id": 61,
            "parent": 53,
            "children": [],
            "user id": "2884577991",
            "user name": "Clone士",
            "content": "都爱国了 要是被抓谁还敢爱国……",
            "time": "19-7-18 09:22"
        },
        {
            "comment id": 62,
            "parent": 53,
            "children": [],
            "user id": "5865977417",
            "user name": "可与任",
            "content": "回复@真嗣都惊呆了:看得出来这是个读书人",
            "time": "19-7-18 09:20"
        },
        {
            "comment id": 63,
            "parent": 53,
            "children": [],
            "user id": "2391788464",
            "user name": "天赐一个小白",
            "content": "回复@真嗣都惊呆了:秀啊老哥",
            "time": "19-7-18 09:14"
        },
        {
            "comment id": 64,
            "parent": 53,
            "children": [],
            "user id": "7186075000",
            "user name": "瀚淇是你爸爸",
            "content": "回复@真嗣都惊呆了:",
            "time": "19-7-18 08:59"
        },
        {
            "comment id": 65,
            "parent": -1,
            "children": [
                66,
                67
            ],
            "user id": "1440525160",
            "user name": "好帅的好帅",
            "content": "假的吧",
            "time": "19-7-17 15:47"
        },
        {
            "comment id": 66,
            "parent": 65,
            "children": [],
            "user id": "6150701540",
            "user name": "蓝毒体验",
            "content": "看那个彩虹旗",
            "time": "19-7-18 10:51"
        },
        {
            "comment id": 67,
            "parent": 65,
            "children": [],
            "user id": "6097893176",
            "user name": "死你们全家吧",
            "content": "只要裸奔是真的就好，好想去现场看老外的老鹰啊",
            "time": "19-7-17 20:18"
        },
        {
            "comment id": 68,
            "parent": -1,
            "children": [
                69
            ],
            "user id": "6749147459",
            "user name": "探山听海",
            "content": "em…这就是之前有新闻网说的国外“失职”民主民众…吧",
            "time": "19-7-17 15:44"
        },
        {
            "comment id": 69,
            "parent": 68,
            "children": [],
            "user id": "6749147459",
            "user name": "探山听海",
            "content": "失智",
            "time": "19-7-18 11:24"
        },
        {
            "comment id": 70,
            "parent": -1,
            "children": [],
            "user id": "1829421794",
            "user name": "快乐的Caelan",
            "content": "太假了吧，后面的彩虹旗看不到吗？",
            "time": "19-7-18 10:12"
        },
        {
            "comment id": 71,
            "parent": -1,
            "children": [],
            "user id": "7181384790",
            "user name": "潇乐乐的德莱文",
            "content": "这也有人信？",
            "time": "19-7-18 08:54"
        },
        {
            "comment id": 72,
            "parent": -1,
            "children": [],
            "user id": "2274179751",
            "user name": "Kraus_",
            "content": "博主4🐴了造谣4🐴好了",
            "time": "19-7-18 10:28"
        },
        {
            "comment id": 73,
            "parent": -1,
            "children": [
                74
            ],
            "user id": "3529408391",
            "user name": "咩咩咩咩呆呆",
            "content": "就不能正确面对吗。？除了中国难道全世界没有其他国家可以生产衣服吗？",
            "time": "19-7-18 10:09"
        },
        {
            "comment id": 74,
            "parent": 73,
            "children": [],
            "user id": "3529408391",
            "user name": "咩咩咩咩呆呆",
            "content": "现在中国已经不是廉价劳动力的国家，",
            "time": "19-7-18 10:10"
        },
        {
            "comment id": 75,
            "parent": -1,
            "children": [],
            "user id": "3919886071",
            "user name": "陈红鹏--笑看人生",
            "content": "国外打尼玛马赛克啊！",
            "time": "19-7-17 17:48"
        },
        {
            "comment id": 76,
            "parent": -1,
            "children": [],
            "user id": "5961031355",
            "user name": "·眉间痣·",
            "content": "国外有的是真的开放",
            "time": "19-7-17 16:30"
        },
        {
            "comment id": 77,
            "parent": -1,
            "children": [],
            "user id": "5187511853",
            "user name": "先生0304",
            "content": "早该这样干了",
            "time": "19-7-17 16:00"
        },
        {
            "comment id": 78,
            "parent": -1,
            "children": [],
            "user id": "3124198793",
            "user name": "每天记不住",
            "content": "@Jeff_977",
            "time": "19-7-18 12:04"
        },
        {
            "comment id": 79,
            "parent": -1,
            "children": [],
            "user id": "1905822082",
            "user name": "西梦园青",
            "content": "好",
            "time": "19-7-18 10:23"
        },
        {
            "comment id": 80,
            "parent": -1,
            "children": [
                81
            ],
            "user id": "6210062060",
            "user name": "是浪味仙子_",
            "content": "@hippohuang",
            "time": "19-7-18 10:17"
        },
        {
            "comment id": 81,
            "parent": 80,
            "children": [],
            "user id": "1599440361",
            "user name": "hippohuang",
            "content": "骄傲月游行吧",
            "time": "19-7-18 10:59"
        },
        {
            "comment id": 82,
            "parent": -1,
            "children": [],
            "user id": "5109351273",
            "user name": "咕涌",
            "content": "他的西装也是中国制造",
            "time": "19-7-18 10:06"
        },
        {
            "comment id": 83,
            "parent": -1,
            "children": [],
            "user id": "5974484388",
            "user name": "天马行空xht",
            "content": "搬个凳子沏壶茶，慢慢看",
            "time": "19-7-18 09:58"
        },
        {
            "comment id": 84,
            "parent": -1,
            "children": [],
            "user id": "6661807484",
            "user name": "苦酒折柳201112",
            "content": "nb",
            "time": "19-7-18 09:50"
        },
        {
            "comment id": 85,
            "parent": -1,
            "children": [],
            "user id": "3990725719",
            "user name": "我有猪也有笨笨狗",
            "content": "别给国人洗脑了 特朗普白宫发表支持宗教自由 盖过十条你这样的新闻",
            "time": "19-7-18 09:44"
        },
        {
            "comment id": 86,
            "parent": -1,
            "children": [],
            "user id": "5953518983",
            "user name": "青祤Ala",
            "content": "想去围观",
            "time": "19-7-18 09:19"
        },
        {
            "comment id": 87,
            "parent": -1,
            "children": [],
            "user id": "2826169024",
            "user name": "清清茶Monica",
            "content": "真刚",
            "time": "19-7-18 17:37"
        },
        {
            "comment id": 88,
            "parent": -1,
            "children": [],
            "user id": "5257106841",
            "user name": "我想上天Y",
            "content": "口嗨？",
            "time": "19-7-18 10:38"
        },
        {
            "comment id": 89,
            "parent": -1,
            "children": [],
            "user id": "2876823681",
            "user name": "末曦的烦恼",
            "content": "特朗普这下脸丢大了",
            "time": "19-7-18 10:10"
        },
        {
            "comment id": 90,
            "parent": -1,
            "children": [],
            "user id": "5495588923",
            "user name": "每天早晨七点起床",
            "content": "美国人有时候地确挺有意思的",
            "time": "19-7-18 15:10"
        },
        {
            "comment id": 91,
            "parent": -1,
            "children": [],
            "user id": "6928833413",
            "user name": "一颗大毛栗子",
            "content": "确定抗议的是这个事情吗？",
            "time": "19-7-18 13:47"
        },
        {
            "comment id": 92,
            "parent": -1,
            "children": [],
            "user id": "2077181805",
            "user name": "萌萌哒卷心菜",
            "content": "假的了",
            "time": "19-7-18 13:41"
        },
        {
            "comment id": 93,
            "parent": -1,
            "children": [],
            "user id": "2653558843",
            "user name": "纪录江南",
            "content": "靠这种内容来刷存在感 有劲吗",
            "time": "19-7-18 13:29"
        },
        {
            "comment id": 94,
            "parent": -1,
            "children": [],
            "user id": "6027234292",
            "user name": "小白真白最白好白我的猫",
            "content": "这裸的，万一 有想法了怎么办，",
            "time": "19-7-18 13:25"
        },
        {
            "comment id": 95,
            "parent": -1,
            "children": [],
            "user id": "5914245693",
            "user name": "天气不友好",
            "content": "假的",
            "time": "19-7-18 13:21"
        },
        {
            "comment id": 96,
            "parent": -1,
            "children": [],
            "user id": "2788195794",
            "user name": "赖伟耿耶",
            "content": "举报了",
            "time": "19-7-18 12:06"
        },
        {
            "comment id": 97,
            "parent": -1,
            "children": [],
            "user id": "5841723099",
            "user name": "无心插柳树荫",
            "content": "没衣服穿还能穿马赛克",
            "time": "19-7-18 12:03"
        },
        {
            "comment id": 98,
            "parent": -1,
            "children": [],
            "user id": "5976084303",
            "user name": "Seonhohadaxxx",
            "content": "假的啦明明就是人家支持同性",
            "time": "19-7-18 11:53"
        },
        {
            "comment id": 99,
            "parent": -1,
            "children": [],
            "user id": "3170558995",
            "user name": "那就叫我姜华巴",
            "content": "牛逼",
            "time": "19-7-18 11:46"
        },
        {
            "comment id": 100,
            "parent": -1,
            "children": [],
            "user id": "2007733621",
            "user name": "Solobaby",
            "content": "知道是造谣还是不舍得删，现在的营销号真是没下限",
            "time": "19-7-18 11:41"
        },
        {
            "comment id": 101,
            "parent": -1,
            "children": [],
            "user id": "5792510180",
            "user name": "海兴___格尔木",
            "content": "图、文不相符？！看着是集体“裸行”！",
            "time": "19-7-18 11:12"
        },
        {
            "comment id": 102,
            "parent": -1,
            "children": [],
            "user id": "5023584902",
            "user name": "renyue0330",
            "content": "男男女女都有，，就不会有尴尬的事情发生吗？",
            "time": "19-7-18 11:11"
        },
        {
            "comment id": 103,
            "parent": -1,
            "children": [],
            "user id": "6886972943",
            "user name": "隔壁的悬崖",
            "content": "我正在定美国的机票呢",
            "time": "19-7-18 11:09"
        },
        {
            "comment id": 104,
            "parent": -1,
            "children": [],
            "user id": "1751857231",
            "user name": "OrangeSuda-",
            "content": "？？？我缓缓打出一个问号 用着平权的图片说贸易。我也是服了 真给国人丢脸",
            "time": "19-7-18 11:07"
        },
        {
            "comment id": 105,
            "parent": -1,
            "children": [],
            "user id": "5827781626",
            "user name": "每天六点起来锻炼",
            "content": "传谣憨批",
            "time": "19-7-18 11:02"
        },
        {
            "comment id": 106,
            "parent": -1,
            "children": [],
            "user id": "5663306762",
            "user name": "小月女青青",
            "content": "这么极端",
            "time": "19-7-18 10:54"
        },
        {
            "comment id": 107,
            "parent": -1,
            "children": [],
            "user id": "5744741719",
            "user name": "M末日女友M",
            "content": "沙比博主",
            "time": "19-7-18 10:54"
        },
        {
            "comment id": 108,
            "parent": -1,
            "children": [],
            "user id": "2117162990",
            "user name": "水泠e",
            "content": "鞋子也要脱掉啊",
            "time": "19-7-18 10:02"
        },
        {
            "comment id": 109,
            "parent": -1,
            "children": [],
            "user id": "2296829415",
            "user name": "Mrcraig-",
            "content": "后面彩虹旗🏳️‍🌈呢，全程一张图内容全靠编？",
            "time": "19-7-18 10:00"
        },
        {
            "comment id": 110,
            "parent": -1,
            "children": [],
            "user id": "3169928050",
            "user name": "黑白间白黑",
            "content": "转发500条你就可以喝茶啦",
            "time": "19-7-18 09:59"
        },
        {
            "comment id": 111,
            "parent": -1,
            "children": [],
            "user id": "1966242591",
            "user name": "文房庆玩",
            "content": "有了马赛克我们看什么？",
            "time": "19-7-18 09:59"
        },
        {
            "comment id": 112,
            "parent": -1,
            "children": [],
            "user id": "2324028647",
            "user name": "Sunnysuisui",
            "content": "牛",
            "time": "19-7-18 09:59"
        },
        {
            "comment id": 113,
            "parent": -1,
            "children": [],
            "user id": "3883199185",
            "user name": "曾土包",
            "content": "如果是色情，请不要传播。 如果是行为艺术，请不要打码。",
            "time": "19-7-18 09:59"
        },
        {
            "comment id": 114,
            "parent": -1,
            "children": [],
            "user id": "2183610105",
            "user name": "mgg0351",
            "content": "中国制造业现在第一 甩第二好几条街 大部分国家都是中国制造",
            "time": "19-7-18 09:57"
        },
        {
            "comment id": 115,
            "parent": -1,
            "children": [],
            "user id": "2098475194",
            "user name": "不息的Harry",
            "content": "身材不好的别出来秀",
            "time": "19-7-18 09:57"
        },
        {
            "comment id": 116,
            "parent": -1,
            "children": [],
            "user id": "6920680998",
            "user name": "广西成考奇卓教育报名咨询",
            "content": "哈哈身材不好也太难看了",
            "time": "19-7-18 09:55"
        },
        {
            "comment id": 117,
            "parent": -1,
            "children": [],
            "user id": "1946559307",
            "user name": "粑粑坨坨",
            "content": "不知羞耻",
            "time": "19-7-18 09:55"
        },
        {
            "comment id": 118,
            "parent": -1,
            "children": [],
            "user id": "1814524570",
            "user name": "TG沧浪人间",
            "content": "美国人好会玩",
            "time": "19-7-18 09:55"
        },
        {
            "comment id": 119,
            "parent": -1,
            "children": [],
            "user id": "6185189258",
            "user name": "宵夜大脑价值一个亿",
            "content": "这个全裸是关于支持同性恋的好吗？？能不能不要散发你的想象力",
            "time": "19-7-18 09:54"
        },
        {
            "comment id": 120,
            "parent": -1,
            "children": [],
            "user id": "5261135835",
            "user name": "2_BLollipop",
            "content": "自由",
            "time": "19-7-18 09:54"
        },
        {
            "comment id": 121,
            "parent": -1,
            "children": [],
            "user id": "3978074366",
            "user name": "毕竟都不会过时的",
            "content": "进口比本地的便宜！",
            "time": "19-7-18 09:54"
        },
        {
            "comment id": 122,
            "parent": -1,
            "children": [],
            "user id": "1642438814",
            "user name": "Del-D",
            "content": "香港也可以裸替游行",
            "time": "19-7-18 09:53"
        },
        {
            "comment id": 123,
            "parent": -1,
            "children": [],
            "user id": "1668222455",
            "user name": "类似婷婷",
            "content": "老美才不care中国",
            "time": "19-7-18 09:53"
        },
        {
            "comment id": 124,
            "parent": -1,
            "children": [],
            "user id": "3790613462",
            "user name": "我乐源码",
            "content": "一群暴露癖",
            "time": "19-7-18 09:53"
        },
        {
            "comment id": 125,
            "parent": -1,
            "children": [],
            "user id": "2353054663",
            "user name": "了不起的安妮呀",
            "content": "@我叫小柿子kaka",
            "time": "19-7-18 09:52"
        },
        {
            "comment id": 126,
            "parent": -1,
            "children": [],
            "user id": "6163560724",
            "user name": "杰克的小爸爸",
            "content": "美利坚人民就是狠",
            "time": "19-7-18 09:52"
        },
        {
            "comment id": 127,
            "parent": -1,
            "children": [],
            "user id": "5532662756",
            "user name": "洋葱香菜说byebye",
            "content": "辟谣了，这是是艺术家作品",
            "time": "19-7-18 09:51"
        },
        {
            "comment id": 128,
            "parent": -1,
            "children": [],
            "user id": "3789308211",
            "user name": "叶Sam生",
            "content": "hk废青看看人家的游行多和谐，可以借鉴哦",
            "time": "19-7-18 09:51"
        },
        {
            "comment id": 129,
            "parent": -1,
            "children": [],
            "user id": "2649541195",
            "user name": "000晓晴",
            "content": "他们不害臊吗？光着光腚他们不尴尬？",
            "time": "19-7-18 09:51"
        },
        {
            "comment id": 130,
            "parent": -1,
            "children": [],
            "user id": "6034370094",
            "user name": "Seto-L",
            "content": "这些人只是想不穿衣服上街骚一下吧……",
            "time": "19-7-18 09:51"
        },
        {
            "comment id": 131,
            "parent": -1,
            "children": [],
            "user id": "3219952411",
            "user name": "特务zhou",
            "content": "有没有衣服穿关我们什么事",
            "time": "19-7-18 09:49"
        },
        {
            "comment id": 132,
            "parent": -1,
            "children": [],
            "user id": "2775353121",
            "user name": "到站5下车",
            "content": "为啥这种裸体抗议中国没有？",
            "time": "19-7-18 09:47"
        },
        {
            "comment id": 133,
            "parent": -1,
            "children": [],
            "user id": "5100073074",
            "user name": "草莓大王爷",
            "content": "感觉这个游行满足了大部分暴露癖    其中有多少是真心游行为了争取权益呢",
            "time": "19-7-18 09:46"
        },
        {
            "comment id": 134,
            "parent": -1,
            "children": [],
            "user id": "3533134555",
            "user name": "石瑶biu",
            "content": "@刘冬IMD",
            "time": "19-7-18 09:46"
        },
        {
            "comment id": 135,
            "parent": -1,
            "children": [],
            "user id": "6466573797",
            "user name": "可爱飞雪5376",
            "content": "真是个自由的国度！",
            "time": "19-7-18 09:46"
        },
        {
            "comment id": 136,
            "parent": -1,
            "children": [],
            "user id": "3271140104",
            "user name": "爱做梦的惜惜",
            "content": "真的假的？",
            "time": "19-7-18 09:46"
        },
        {
            "comment id": 137,
            "parent": -1,
            "children": [],
            "user id": "5462598391",
            "user name": "胖衫最可爱",
            "content": "在中国，会被抓起来啊这波人",
            "time": "19-7-18 09:46"
        },
        {
            "comment id": 138,
            "parent": -1,
            "children": [],
            "user id": "5192584725",
            "user name": "采蘑菇的小小樱子",
            "content": "好恶心的美国人",
            "time": "19-7-18 09:45"
        },
        {
            "comment id": 139,
            "parent": -1,
            "children": [],
            "user id": "2475254701",
            "user name": "没有我世界很寂寞",
            "content": "造谣动动嘴，辟谣跑断腿",
            "time": "19-7-18 09:45"
        },
        {
            "comment id": 140,
            "parent": -1,
            "children": [],
            "user id": "5641054655",
            "user name": "东京铁下de夕阳",
            "content": "不是已经承诺不再加关税了吗？",
            "time": "19-7-18 09:45"
        },
        {
            "comment id": 141,
            "parent": -1,
            "children": [],
            "user id": "5441889593",
            "user name": "箫昔",
            "content": "内衣不是有vs？穿上个内衣这么难？",
            "time": "19-7-18 09:44"
        },
        {
            "comment id": 142,
            "parent": -1,
            "children": [],
            "user id": "5290497672",
            "user name": "哭哭哭是解决不了问题的",
            "content": "漏阴癖的天堂游行？",
            "time": "19-7-18 09:43"
        },
        {
            "comment id": 143,
            "parent": -1,
            "children": [],
            "user id": "6537333906",
            "user name": "天才少女奶茶xi",
            "content": "这是多伦多彩虹游行的照片😞",
            "time": "19-7-18 09:42"
        }
    ]
}