{
    "source": {
        "content": "《#南航#这是中国南航航空公司的波音747客机，满载450名乘客。它的一个发动机被一架无人直升机撞了并引起另一个引擎失火，飞行员水平非常高，沉着应对将飞机停在京通快速公路八里桥收费站前。受到国家有关部门奖历5780万元人民币。 网页链接 》来自 爱笑_yeah 的微博网页链接",
        "time": "19-7-19 08:23",
        "user id": "2208704887",
        "tweet id": "HE98tAWBV",
        "label": 1,
        "theme": null
    },
    "comment": [
        {
            "comment id": 0,
            "parent": -1,
            "children": [
                1,
                2,
                4
            ],
            "user id": "2208704887",
            "user name": "A黄金之路",
            "content": "中国南航航空公司的波音747客机，满载450名乘客。发动机被一架无人直升机撞了并引起另一个引擎失火，飞行员水平高超，沉着应对将飞机停在京通快速公路八里桥收费站前，受到国家有关部门奖励5780万元人民币。CG还原情景。向这位飞行员致敬！[强]",
            "time": "19-7-19 08:29"
        },
        {
            "comment id": 1,
            "parent": 0,
            "children": [],
            "user id": "2208704887",
            "user name": "A黄金之路",
            "content": "回复@Ourman是凹凸曼:言者无罪 闻者足戒",
            "time": "19-8-25 18:03"
        },
        {
            "comment id": 2,
            "parent": 0,
            "children": [],
            "user id": "2344903101",
            "user name": "凹凸曼就是凹凸曼并且还是凹凸曼",
            "content": "希望你造谣被抓吧",
            "time": "19-7-24 13:54"
        },
        {
            "comment id": 3,
            "parent": 4,
            "children": [],
            "user id": "7018745305",
            "user name": "清绾-76728",
            "content": "回复@山呓:同感",
            "time": "19-7-19 22:03"
        },
        {
            "comment id": 4,
            "parent": 0,
            "children": [
                3
            ],
            "user id": "5667606654",
            "user name": "山呓",
            "content": "你说的我都信，我就想问这CG怎么跟GTA5地图一模一样？",
            "time": "19-7-19 19:48"
        },
        {
            "comment id": 5,
            "parent": -1,
            "children": [
                6
            ],
            "user id": "2642042153",
            "user name": "拈花一笑而不语",
            "content": "假的",
            "time": "19-7-19 12:05"
        },
        {
            "comment id": 6,
            "parent": 5,
            "children": [],
            "user id": "2643867570",
            "user name": "爱上王俊杰",
            "content": "假的吗？",
            "time": "19-7-19 12:29"
        },
        {
            "comment id": 7,
            "parent": -1,
            "children": [],
            "user id": "2458421482",
            "user name": "齐天大圣小威廉",
            "content": "编故事也不能乱编吧，南航哪里有波音747客机啊？#吐槽# 感觉您能上天",
            "time": "19-7-20 12:56"
        },
        {
            "comment id": 8,
            "parent": -1,
            "children": [],
            "user id": "5622199171",
            "user name": "杰大咖biabia",
            "content": "这是gta5吧",
            "time": "19-7-19 19:41"
        },
        {
            "comment id": 9,
            "parent": -1,
            "children": [],
            "user id": "5023827019",
            "user name": "Zisususuhua",
            "content": "英雄，这样的人是无价之宝。",
            "time": "19-7-19 09:17"
        },
        {
            "comment id": 10,
            "parent": -1,
            "children": [],
            "user id": "7118206222",
            "user name": "变态少女晴",
            "content": "gta5阿这是😂",
            "time": "19-8-2 11:20"
        },
        {
            "comment id": 11,
            "parent": -1,
            "children": [],
            "user id": "5463102424",
            "user name": "名气男人",
            "content": "这是真实的故事么？",
            "time": "19-7-19 20:00"
        }
    ]
}