{
    "source": {
        "content": "由于上周发生上下客区交通事故导致一名横穿机动车道旅客死亡事件，浦东机场上下客区机动车限速已降至20km/h，请一定要注意！ ",
        "time": "19-7-19 12:29",
        "user id": "1971537652",
        "tweet id": "HEaK61Uc3",
        "label": 1,
        "theme": null
    },
    "comment": [
        {
            "comment id": 0,
            "parent": -1,
            "children": [],
            "user id": "2416906074",
            "user name": "胖子白相官",
            "content": "乱穿不应该是活该嘛",
            "time": "19-7-19 13:21"
        },
        {
            "comment id": 1,
            "parent": -1,
            "children": [],
            "user id": "2117418340",
            "user name": "赢过CALORIE的JENNY",
            "content": "20码？国内不是用公里计量？",
            "time": "19-7-19 13:18"
        },
        {
            "comment id": 2,
            "parent": -1,
            "children": [],
            "user id": "1832256332",
            "user name": "锅小铲",
            "content": "设计确实不合理",
            "time": "19-7-19 14:41"
        },
        {
            "comment id": 3,
            "parent": -1,
            "children": [],
            "user id": "3219220981",
            "user name": "GiveMeMpower",
            "content": "横穿机动车道有没有走斑马线？",
            "time": "19-7-19 12:31"
        },
        {
            "comment id": 4,
            "parent": -1,
            "children": [],
            "user id": "1781527123",
            "user name": "设计师SAYA",
            "content": "今天正好要去T2，我去看看",
            "time": "19-7-19 12:31"
        },
        {
            "comment id": 5,
            "parent": -1,
            "children": [],
            "user id": "1885698235",
            "user name": "Boris_Ping",
            "content": "不是应该治理乱停车和乱下客横穿的旅客吗？否则哪怕停着不动，他一头撞你车上也会死人的",
            "time": "19-7-19 17:53"
        },
        {
            "comment id": 6,
            "parent": -1,
            "children": [],
            "user id": "1737242905",
            "user name": "Neal拉着柯基看申-花",
            "content": "就因为行人的错误而修改机动车。治标不治本",
            "time": "19-7-19 23:09"
        },
        {
            "comment id": 7,
            "parent": -1,
            "children": [],
            "user id": "1087308311",
            "user name": "Shi-胖纸",
            "content": "这样的话，送人直接送到到达层，自己走走过去算了，地库下去兜一圈，跑路……",
            "time": "19-7-19 14:02"
        },
        {
            "comment id": 8,
            "parent": -1,
            "children": [],
            "user id": "1092756723",
            "user name": "温室猫",
            "content": "地库半小时内不收费，出发层不准停车，不就完美解决了吗？限速算什么方案？",
            "time": "19-7-19 13:37"
        },
        {
            "comment id": 9,
            "parent": -1,
            "children": [],
            "user id": "2251708841",
            "user name": "虹口刚毅哥",
            "content": "懒政～",
            "time": "19-7-19 13:29"
        },
        {
            "comment id": 10,
            "parent": -1,
            "children": [],
            "user id": "1390320170",
            "user name": "派翠客吳斌",
            "content": "20公里… 跟工地差不多了",
            "time": "19-7-19 12:58"
        },
        {
            "comment id": 11,
            "parent": -1,
            "children": [],
            "user id": "2297730920",
            "user name": "安菲尔德草皮上飞奔的小短腿",
            "content": "@PingPing酱包",
            "time": "19-7-19 12:34"
        },
        {
            "comment id": 12,
            "parent": -1,
            "children": [],
            "user id": "1760009227",
            "user name": "蛮胖纸曾经很瘦",
            "content": "假的",
            "time": "19-7-19 12:30"
        },
        {
            "comment id": 13,
            "parent": -1,
            "children": [],
            "user id": "2309302050",
            "user name": "猪头小分队大队长",
            "content": "横穿机动车道还有理？",
            "time": "19-7-19 12:30"
        },
        {
            "comment id": 14,
            "parent": -1,
            "children": [],
            "user id": "1699322560",
            "user name": "金山蓝翼",
            "content": "额 这么大的大v乌龙了 已经辟谣过了 删了吧",
            "time": "19-7-21 07:21"
        },
        {
            "comment id": 15,
            "parent": -1,
            "children": [],
            "user id": "1303218072",
            "user name": "李挖耳多啦A梦",
            "content": "造谣要抓起来的",
            "time": "19-7-21 01:06"
        },
        {
            "comment id": 16,
            "parent": -1,
            "children": [],
            "user id": "1442425777",
            "user name": "魔都中环SJTUerV",
            "content": "已辟谣",
            "time": "19-7-20 17:41"
        },
        {
            "comment id": 17,
            "parent": -1,
            "children": [],
            "user id": "2480733512",
            "user name": "风遥子LLLL",
            "content": "下车推肯定不会撞人的",
            "time": "19-7-20 17:35"
        },
        {
            "comment id": 18,
            "parent": -1,
            "children": [],
            "user id": "1358795785",
            "user name": "邵东玖",
            "content": "什么意思？如果再有事故是不是10㎞/小时了？要不要脸？要你们干什么的，跟我炫耀你会除法？这是懒政！不能管理好就别占那个位子。",
            "time": "19-7-20 17:10"
        },
        {
            "comment id": 19,
            "parent": -1,
            "children": [],
            "user id": "1409579645",
            "user name": "uliya",
            "content": "不要造谣，上海新闻已经辟谣了",
            "time": "19-7-20 16:12"
        },
        {
            "comment id": 20,
            "parent": -1,
            "children": [],
            "user id": "1727410602",
            "user name": "冯春明",
            "content": "不如改成驾驶员下车推行多好？",
            "time": "19-7-20 15:28"
        },
        {
            "comment id": 21,
            "parent": -1,
            "children": [],
            "user id": "1967573154",
            "user name": "路见不平踩上一脚",
            "content": "因噎废食的举措，事故到底谁对谁错？二十公里限速就不怕车辆挤成堆？",
            "time": "19-7-20 15:26"
        },
        {
            "comment id": 22,
            "parent": -1,
            "children": [],
            "user id": "5745109325",
            "user name": "线段70146",
            "content": "又是一刀切的政策，自己不想想怎么管好自己该管的事情，一股脑把责任都推给司机，真不要脸",
            "time": "19-7-20 13:24"
        },
        {
            "comment id": 23,
            "parent": -1,
            "children": [],
            "user id": "1005195822",
            "user name": "Chris笑看风云淡",
            "content": "已经辟谣了",
            "time": "19-7-20 12:06"
        },
        {
            "comment id": 24,
            "parent": -1,
            "children": [],
            "user id": "2498818052",
            "user name": "较真的日常",
            "content": "辟谣了吧？",
            "time": "19-7-20 08:54"
        },
        {
            "comment id": 25,
            "parent": -1,
            "children": [],
            "user id": "6325350196",
            "user name": "hahahah886",
            "content": "神经病",
            "time": "19-7-20 01:27"
        },
        {
            "comment id": 26,
            "parent": -1,
            "children": [],
            "user id": "5881111463",
            "user name": "兔兔虹宝宝",
            "content": "如果再有人乱穿马路被撞死，那送行车辆是不是要下来推着到出发层了？",
            "time": "19-7-20 00:25"
        },
        {
            "comment id": 27,
            "parent": -1,
            "children": [],
            "user id": "2950551207",
            "user name": "SSCC-孙文旭",
            "content": "堵车更严重了",
            "time": "19-7-19 19:43"
        },
        {
            "comment id": 28,
            "parent": -1,
            "children": [],
            "user id": "5078096039",
            "user name": "suede93",
            "content": "這是網路傳聞吧。我只認政府公告",
            "time": "19-7-19 13:19"
        },
        {
            "comment id": 29,
            "parent": -1,
            "children": [],
            "user id": "1686100614",
            "user name": "pop176",
            "content": "哪个领导想出来的 有才",
            "time": "19-7-19 14:12"
        }
    ]
}