{
    "source": {
        "content": "2019春晚节目单出来了？ ",
        "time": "19-1-30 17:24",
        "user id": "2090476735",
        "tweet id": "Hem1D81Dp",
        "label": 1,
        "theme": null
    },
    "comment": [
        {
            "comment id": 0,
            "parent": -1,
            "children": [],
            "user id": "2120160751",
            "user name": "小奶狗男友",
            "content": "除了相声小品，其他一律不想看。一首七子之歌除外。",
            "time": "19-1-31 12:21"
        },
        {
            "comment id": 1,
            "parent": -1,
            "children": [],
            "user id": "1998984005",
            "user name": "ly远行客",
            "content": "有赵本山？",
            "time": "19-1-31 14:26"
        },
        {
            "comment id": 2,
            "parent": -1,
            "children": [],
            "user id": "2230612791",
            "user name": "夏_1_个冬天",
            "content": "但看到武磊就已经假的不能再假，武球王正在西班牙备战3号同比利亚雷亚尔的西甲联赛，如何分身参加春晚",
            "time": "19-1-31 23:53"
        },
        {
            "comment id": 3,
            "parent": -1,
            "children": [],
            "user id": "5608630597",
            "user name": "WJIE·",
            "content": "除了李谷一老师其他你猜我信不信",
            "time": "19-1-31 12:44"
        },
        {
            "comment id": 4,
            "parent": -1,
            "children": [],
            "user id": "6501357284",
            "user name": "姑鹿机极",
            "content": "欺待",
            "time": "19-1-31 23:53"
        },
        {
            "comment id": 5,
            "parent": -1,
            "children": [],
            "user id": "2134721594",
            "user name": "水果秋月",
            "content": "旭日阳刚做穿梭机从江西到吉林吗",
            "time": "19-1-31 21:11"
        },
        {
            "comment id": 6,
            "parent": -1,
            "children": [],
            "user id": "2252745080",
            "user name": "悲催诚_的夏天",
            "content": "里皮？？？是真的皮。",
            "time": "19-1-31 11:59"
        },
        {
            "comment id": 7,
            "parent": -1,
            "children": [],
            "user id": "1774476957",
            "user name": "莎士比没有牙·",
            "content": "这都什么鬼",
            "time": "19-2-1 10:14"
        },
        {
            "comment id": 8,
            "parent": -1,
            "children": [],
            "user id": "5677759885",
            "user name": "Future-2023",
            "content": "假到不能再假了好吗？",
            "time": "19-2-1 09:36"
        },
        {
            "comment id": 9,
            "parent": -1,
            "children": [],
            "user id": "3223131740",
            "user name": "是叶的微博",
            "content": "出尼玛，董卿今年没主持春晚",
            "time": "19-2-1 09:13"
        },
        {
            "comment id": 10,
            "parent": -1,
            "children": [],
            "user id": "5102692838",
            "user name": "-晚仪",
            "content": "大家不要信啊 这是假的😂",
            "time": "19-2-1 08:56"
        },
        {
            "comment id": 11,
            "parent": -1,
            "children": [],
            "user id": "6324441070",
            "user name": "筱草要开心",
            "content": "节目选择很好！",
            "time": "19-2-1 03:19"
        },
        {
            "comment id": 12,
            "parent": -1,
            "children": [],
            "user id": "2938049725",
            "user name": "一横乖",
            "content": "老子好认真的看完了 结果是假的 哎哟我去",
            "time": "19-2-1 01:15"
        },
        {
            "comment id": 13,
            "parent": -1,
            "children": [],
            "user id": "6120294423",
            "user name": "阿宅没有钱",
            "content": "蔡徐坤，刘谦",
            "time": "19-1-31 23:44"
        },
        {
            "comment id": 14,
            "parent": -1,
            "children": [],
            "user id": "3610368915",
            "user name": "evol______",
            "content": "真的假的啊？我居然看到了赵本山宋丹丹？",
            "time": "19-1-31 23:02"
        },
        {
            "comment id": 15,
            "parent": -1,
            "children": [],
            "user id": "5596010807",
            "user name": "iam張yi璠",
            "content": "不是 假的吧？里皮郑智怎么还有？？？？？",
            "time": "19-1-31 18:25"
        },
        {
            "comment id": 16,
            "parent": -1,
            "children": [],
            "user id": "2463036650",
            "user name": "snngjee",
            "content": "没什么没朱军",
            "time": "19-1-31 16:17"
        },
        {
            "comment id": 17,
            "parent": -1,
            "children": [],
            "user id": "2688257685",
            "user name": "郑疯人",
            "content": "信不信我捏你的蛋？",
            "time": "19-1-31 15:45"
        },
        {
            "comment id": 18,
            "parent": -1,
            "children": [],
            "user id": "3863524479",
            "user name": "好piu亮的猫",
            "content": "哈哈哈哈哈哈 你iq真伤不起",
            "time": "19-1-31 15:21"
        },
        {
            "comment id": 19,
            "parent": -1,
            "children": [],
            "user id": "1797261383",
            "user name": "韩咩咩家的毛毛HG1221",
            "content": "为什么知否知否不是郁可唯和胡夏。。",
            "time": "19-2-3 10:10"
        },
        {
            "comment id": 20,
            "parent": -1,
            "children": [],
            "user id": "2232323882",
            "user name": "_Abbott",
            "content": "看到赵本山我就知道假的了",
            "time": "19-2-1 08:17"
        },
        {
            "comment id": 21,
            "parent": -1,
            "children": [],
            "user id": "5404236605",
            "user name": "泡芙小姐丫丫",
            "content": "",
            "time": "19-2-1 00:28"
        },
        {
            "comment id": 22,
            "parent": -1,
            "children": [
                23,
                24,
                25
            ],
            "user id": "5985421704",
            "user name": "勤奋的深渊陌路1990",
            "content": "期待春晚节目",
            "time": "19-1-31 22:56"
        },
        {
            "comment id": 23,
            "parent": 22,
            "children": [],
            "user id": "5985421704",
            "user name": "勤奋的深渊陌路1990",
            "content": "伤心",
            "time": "19-1-31 23:23"
        },
        {
            "comment id": 24,
            "parent": 22,
            "children": [],
            "user id": "5985421704",
            "user name": "勤奋的深渊陌路1990",
            "content": "不会吧",
            "time": "19-1-31 23:23"
        },
        {
            "comment id": 25,
            "parent": 22,
            "children": [],
            "user id": "6460987752",
            "user name": "Unpredictable_xxxxyi",
            "content": "假的",
            "time": "19-1-31 23:14"
        },
        {
            "comment id": 26,
            "parent": -1,
            "children": [],
            "user id": "6168355955",
            "user name": "小阿玺c",
            "content": "嘻嘻",
            "time": "19-1-31 22:09"
        },
        {
            "comment id": 27,
            "parent": -1,
            "children": [],
            "user id": "2562498591",
            "user name": "谢建明许昌A",
            "content": "观察一下",
            "time": "19-1-31 20:53"
        },
        {
            "comment id": 28,
            "parent": -1,
            "children": [],
            "user id": "3989259345",
            "user name": "元气少女崔胜铉",
            "content": "假死了。还能有冯提莫？？？？",
            "time": "19-1-31 18:17"
        },
        {
            "comment id": 29,
            "parent": -1,
            "children": [],
            "user id": "2068926721",
            "user name": "cornflower1212",
            "content": "excuse me",
            "time": "19-1-31 14:03"
        },
        {
            "comment id": 30,
            "parent": -1,
            "children": [],
            "user id": "5129634876",
            "user name": "Dentist-家兴",
            "content": "竟然有江西",
            "time": "19-1-31 13:45"
        },
        {
            "comment id": 31,
            "parent": -1,
            "children": [],
            "user id": "5321035991",
            "user name": "酒坊小二的树洞",
            "content": "太假了……",
            "time": "19-1-31 13:38"
        },
        {
            "comment id": 32,
            "parent": -1,
            "children": [],
            "user id": "3553932875",
            "user name": "_焓呀",
            "content": "卡路里！？！？",
            "time": "19-1-31 13:36"
        },
        {
            "comment id": 33,
            "parent": -1,
            "children": [],
            "user id": "2660528243",
            "user name": "熊本Tu先森",
            "content": "看到谢娜就不想看了",
            "time": "19-1-31 13:13"
        },
        {
            "comment id": 34,
            "parent": -1,
            "children": [],
            "user id": "5506440393",
            "user name": "红尘一俗人丶",
            "content": "这也太假了",
            "time": "19-1-31 12:55"
        },
        {
            "comment id": 35,
            "parent": -1,
            "children": [],
            "user id": "5820213299",
            "user name": "珍珠儿-",
            "content": "闭嘴吧",
            "time": "19-1-31 12:53"
        },
        {
            "comment id": 36,
            "parent": -1,
            "children": [],
            "user id": "1630471961",
            "user name": "王开洋同学",
            "content": "陈佩斯朱时茂？？？！！！",
            "time": "19-1-31 12:42"
        },
        {
            "comment id": 37,
            "parent": -1,
            "children": [],
            "user id": "5334632372",
            "user name": "刺三岁",
            "content": "真棒！",
            "time": "19-1-31 12:39"
        },
        {
            "comment id": 38,
            "parent": -1,
            "children": [],
            "user id": "1808881077",
            "user name": "夏de小昕",
            "content": "看到后边发现真假！你请这些人来一场吧",
            "time": "19-1-31 12:33"
        },
        {
            "comment id": 39,
            "parent": -1,
            "children": [
                40
            ],
            "user id": "1861327684",
            "user name": "爱梦水晶",
            "content": "怎么撒贝宁跑分会场了",
            "time": "19-1-31 12:29"
        },
        {
            "comment id": 40,
            "parent": 39,
            "children": [],
            "user id": "5148609399",
            "user name": "学徒刘明涛",
            "content": "撒贝宁这条是真的。离家近",
            "time": "19-2-4 09:15"
        },
        {
            "comment id": 41,
            "parent": -1,
            "children": [],
            "user id": "5514883975",
            "user name": "Rebecca_haohao",
            "content": "假的。。。。",
            "time": "19-1-31 12:28"
        },
        {
            "comment id": 42,
            "parent": -1,
            "children": [],
            "user id": "6870413082",
            "user name": "叽哩咕噜兔叽呀",
            "content": "冯提莫上春晚？？搞笑呢？骗人精",
            "time": "19-1-31 12:21"
        },
        {
            "comment id": 43,
            "parent": -1,
            "children": [],
            "user id": "1880038084",
            "user name": "Por-Apple",
            "content": "看到蔡徐坤就能肯定是假的了……",
            "time": "19-1-31 12:20"
        },
        {
            "comment id": 44,
            "parent": -1,
            "children": [],
            "user id": "2982124983",
            "user name": "平凡对象",
            "content": "菜屎鲲？肯定是假的",
            "time": "19-1-31 12:19"
        },
        {
            "comment id": 45,
            "parent": -1,
            "children": [],
            "user id": "3080201373",
            "user name": "亚比璐",
            "content": "只有我觉得还不错嘛？？",
            "time": "19-1-31 12:03"
        },
        {
            "comment id": 46,
            "parent": -1,
            "children": [],
            "user id": "3910475256",
            "user name": "颊丂澊",
            "content": "我于今年不参加春晚🙃#于魁智#",
            "time": "19-1-31 11:49"
        },
        {
            "comment id": 47,
            "parent": -1,
            "children": [],
            "user id": "1877352313",
            "user name": "葡萄藤遂",
            "content": "没有朱一龙李易峰的节目？？",
            "time": "19-1-31 11:41"
        },
        {
            "comment id": 48,
            "parent": -1,
            "children": [
                50
            ],
            "user id": "2332656105",
            "user name": "等我瘦了再改名",
            "content": "撒贝宁分场？",
            "time": "19-1-31 11:36"
        },
        {
            "comment id": 49,
            "parent": 50,
            "children": [],
            "user id": "2332656105",
            "user name": "等我瘦了再改名",
            "content": "回复@学徒刘明涛:央视是不爱他了吧",
            "time": "19-2-4 10:21"
        },
        {
            "comment id": 50,
            "parent": 48,
            "children": [
                49
            ],
            "user id": "5148609399",
            "user name": "学徒刘明涛",
            "content": "没错，这条是真的，可能离ta家近吧。",
            "time": "19-2-4 09:15"
        },
        {
            "comment id": 51,
            "parent": -1,
            "children": [],
            "user id": "5148142848",
            "user name": "蛋挞边_",
            "content": "假的吧，蔡徐坤有两个节目吗",
            "time": "19-1-31 11:28"
        },
        {
            "comment id": 52,
            "parent": -1,
            "children": [],
            "user id": "2332556552",
            "user name": "不愿世故的小胖子",
            "content": "假的～一个名字出现两次～怎么可能",
            "time": "19-1-31 11:23"
        },
        {
            "comment id": 53,
            "parent": -1,
            "children": [],
            "user id": "3986028656",
            "user name": "怼怼拢龙和花花丫",
            "content": "假的要命",
            "time": "19-1-31 11:20"
        },
        {
            "comment id": 54,
            "parent": -1,
            "children": [],
            "user id": "2455968327",
            "user name": "付小烦烦烦烦烦",
            "content": "还陈佩斯朱时茂",
            "time": "19-1-31 11:13"
        },
        {
            "comment id": 55,
            "parent": -1,
            "children": [],
            "user id": "2455968327",
            "user name": "付小烦烦烦烦烦",
            "content": "赵本山不可能吧",
            "time": "19-1-31 11:13"
        },
        {
            "comment id": 56,
            "parent": -1,
            "children": [],
            "user id": "6541764361",
            "user name": "姜kang丹尼尔",
            "content": "不是说没董卿吗？",
            "time": "19-2-1 14:14"
        },
        {
            "comment id": 57,
            "parent": -1,
            "children": [],
            "user id": "6496287236",
            "user name": "123七忆鱼",
            "content": "怎么没邓伦",
            "time": "19-2-1 13:00"
        },
        {
            "comment id": 58,
            "parent": -1,
            "children": [],
            "user id": "3041698575",
            "user name": "嗷汪汪",
            "content": "蔡徐坤，文藝男青年？？？？？？",
            "time": "19-2-1 11:52"
        },
        {
            "comment id": 59,
            "parent": -1,
            "children": [],
            "user id": "5583910544",
            "user name": "吃小笼包的蜜蜂",
            "content": "不是说峰峰，居居和姚明同台么？这是假的吧！",
            "time": "19-2-1 10:43"
        },
        {
            "comment id": 60,
            "parent": -1,
            "children": [],
            "user id": "5522969265",
            "user name": "陪我看一场日出",
            "content": "希望这是真的期待麒麟和沈叔叔",
            "time": "19-2-1 09:27"
        },
        {
            "comment id": 61,
            "parent": -1,
            "children": [],
            "user id": "1883220505",
            "user name": "款爷范",
            "content": "赵本山宋丹丹和崔永元？好吧 太假了",
            "time": "19-2-1 08:43"
        },
        {
            "comment id": 62,
            "parent": -1,
            "children": [],
            "user id": "6297590537",
            "user name": "只拾昨日花",
            "content": "这是看到的第5个节目单了，都不一样",
            "time": "19-2-1 08:38"
        },
        {
            "comment id": 63,
            "parent": -1,
            "children": [],
            "user id": "5093237131",
            "user name": "钢蹦是我的好朋友",
            "content": "我特么认认真真看完，你告诉我赵本山会上春晚？",
            "time": "19-2-1 08:24"
        },
        {
            "comment id": 64,
            "parent": -1,
            "children": [],
            "user id": "5738122082",
            "user name": "阿戴是个小天才",
            "content": "我都认真的看完了，你告诉我是假的",
            "time": "19-2-1 07:29"
        },
        {
            "comment id": 65,
            "parent": -1,
            "children": [],
            "user id": "3508563773",
            "user name": "睡不醒的MrDai",
            "content": "杠精是什么鬼？",
            "time": "19-2-1 07:13"
        },
        {
            "comment id": 66,
            "parent": -1,
            "children": [],
            "user id": "2032755191",
            "user name": "Ta家老刘",
            "content": "还有里皮？不是回家了吗？",
            "time": "19-1-31 23:54"
        },
        {
            "comment id": 67,
            "parent": -1,
            "children": [],
            "user id": "5194723882",
            "user name": "是柒儿啊",
            "content": "好假啊",
            "time": "19-1-31 23:50"
        },
        {
            "comment id": 68,
            "parent": -1,
            "children": [],
            "user id": "5487324607",
            "user name": "夏槿凉璇",
            "content": "蔡徐坤两个节目？",
            "time": "19-1-31 23:09"
        },
        {
            "comment id": 69,
            "parent": -1,
            "children": [],
            "user id": "2248874460",
            "user name": "常德菇凉",
            "content": "不说别的，里皮已经回意大利了。。。。。",
            "time": "19-1-31 22:57"
        },
        {
            "comment id": 70,
            "parent": -1,
            "children": [],
            "user id": "2780535741",
            "user name": "小情绪8080",
            "content": "本山大叔终于出来了，不过冯提莫什么鬼",
            "time": "19-1-31 19:19"
        },
        {
            "comment id": 71,
            "parent": -1,
            "children": [],
            "user id": "5403960641",
            "user name": "铎铎今天睡够了吗",
            "content": "蔡徐坤哪有脸来春晚？他算个p哪有资格",
            "time": "19-1-31 18:59"
        },
        {
            "comment id": 72,
            "parent": -1,
            "children": [],
            "user id": "5709291935",
            "user name": "妖灬羽毛灬",
            "content": "春晚要真是这样，真的没法看了",
            "time": "19-1-31 18:40"
        },
        {
            "comment id": 73,
            "parent": -1,
            "children": [],
            "user id": "6526741194",
            "user name": "老的提不动刀了",
            "content": "看到赵本山我希望是真的",
            "time": "19-1-31 18:24"
        },
        {
            "comment id": 74,
            "parent": -1,
            "children": [],
            "user id": "2141093434",
            "user name": "妙蛙鸭鸭",
            "content": "#刘谦#，拒绝恶意造谣，谣言止于智者！请一起见证奇迹吧！ ",
            "time": "19-1-31 18:20"
        },
        {
            "comment id": 75,
            "parent": -1,
            "children": [],
            "user id": "3664476537",
            "user name": "Serchains",
            "content": "隔壁泰山和卡路里是来搞笑的？？",
            "time": "19-1-31 18:12"
        },
        {
            "comment id": 76,
            "parent": -1,
            "children": [],
            "user id": "5890259095",
            "user name": "LHor诺言",
            "content": "为毛没有宋小宝",
            "time": "19-1-31 18:12"
        },
        {
            "comment id": 77,
            "parent": -1,
            "children": [],
            "user id": "5746011861",
            "user name": "橘止的柠檬汁",
            "content": "杨洋吴磊",
            "time": "19-1-31 18:08"
        },
        {
            "comment id": 78,
            "parent": -1,
            "children": [],
            "user id": "5090058396",
            "user name": "Chloco",
            "content": "还有里皮...把大伙都逗乐了",
            "time": "19-1-31 18:01"
        },
        {
            "comment id": 79,
            "parent": -1,
            "children": [],
            "user id": "5840016282",
            "user name": "A-肥崽呀",
            "content": "蔡徐坤？还两个节目？搞笑？ ",
            "time": "19-1-31 17:30"
        },
        {
            "comment id": 80,
            "parent": -1,
            "children": [],
            "user id": "5385589849",
            "user name": "想帅不能帅爱美不能有",
            "content": "赵本山。骗爹",
            "time": "19-1-31 16:41"
        },
        {
            "comment id": 81,
            "parent": -1,
            "children": [],
            "user id": "5546349765",
            "user name": "灬无言灬",
            "content": "一年不如一年",
            "time": "19-1-31 16:06"
        },
        {
            "comment id": 82,
            "parent": -1,
            "children": [],
            "user id": "5750250639",
            "user name": "用户爱哭的小豆虫",
            "content": "太假了",
            "time": "19-1-31 15:19"
        },
        {
            "comment id": 83,
            "parent": -1,
            "children": [],
            "user id": "6056766588",
            "user name": "觞陌宇",
            "content": "不好意思，李宇春回家过年，抱走不约🙏🙏🙏🙏",
            "time": "19-1-31 15:13"
        },
        {
            "comment id": 84,
            "parent": -1,
            "children": [],
            "user id": "5999265221",
            "user name": "小怪兽素锦",
            "content": "你自己给安排的吗",
            "time": "19-1-31 14:58"
        },
        {
            "comment id": 85,
            "parent": -1,
            "children": [],
            "user id": "1748537693",
            "user name": "小儿郎同学",
            "content": "没有朱军",
            "time": "19-1-31 14:36"
        }
    ]
}