{
    "source": {
        "content": "大妈买个菜，一块钱惹来五年有期徒刑 ",
        "time": "19-7-25 11:42",
        "user id": "2504004715",
        "tweet id": "HF5039ZCY",
        "label": 1,
        "theme": null
    },
    "comment": [
        {
            "comment id": 0,
            "parent": -1,
            "children": [
                1
            ],
            "user id": "2390608371",
            "user name": "装笔青老年",
            "content": "不是一块钱的事，是这大妈骨子里的恶惹的祸。",
            "time": "19-7-25 12:53"
        },
        {
            "comment id": 1,
            "parent": 0,
            "children": [],
            "user id": "5891283068",
            "user name": "李李李大zui",
            "content": "这个人本性就是个恶人，在监狱还能打伤人。",
            "time": "19-7-25 23:33"
        },
        {
            "comment id": 2,
            "parent": -1,
            "children": [
                3,
                5
            ],
            "user id": "5536851282",
            "user name": "无双志宇",
            "content": "自作孽啊",
            "time": "19-7-25 12:02"
        },
        {
            "comment id": 3,
            "parent": 2,
            "children": [],
            "user id": "6456326201",
            "user name": "TyouKjoku9106",
            "content": "回复@张全蛋我的蛋:到上海看得懂🐎 👀不想要捐了",
            "time": "19-7-26 05:53"
        },
        {
            "comment id": 4,
            "parent": 5,
            "children": [],
            "user id": "6053548700",
            "user name": "蛋稻捣蛋",
            "content": "回复@善雅alh:这特么就一上海泼妇，别说是外地人",
            "time": "19-7-25 16:35"
        },
        {
            "comment id": 5,
            "parent": 2,
            "children": [
                4
            ],
            "user id": "2405591295",
            "user name": "善雅alh",
            "content": "这种老人还是在老家好好养着吧，进上海带什么孙子，会被教坏的！",
            "time": "19-7-25 12:32"
        },
        {
            "comment id": 6,
            "parent": -1,
            "children": [
                7
            ],
            "user id": "2644109127",
            "user name": "大妈的花花世界",
            "content": "我表姐婚后好多年没能生孩子，也跟我姐夫感情很好！后来试管生了个男孩，婆婆来带，总撺掇她儿子跟我姐离婚，都差点要离了，我爸还在某个过年把我姐姐夫喊去我家玩劝他们别离婚！后来我问我妈事情怎么样了，我妈说没事了，我姐她婆婆在上海嚣张把本地人打了，人家不要赔偿，坐牢去啦！",
            "time": "19-7-25 14:35"
        },
        {
            "comment id": 7,
            "parent": 6,
            "children": [],
            "user id": "3216206681",
            "user name": "高冷的文丽",
            "content": "看着好爽",
            "time": "19-7-25 20:11"
        },
        {
            "comment id": 8,
            "parent": -1,
            "children": [],
            "user id": "3563532564",
            "user name": "Quebect艾诗凡·提",
            "content": "加刑真是大快人心",
            "time": "19-7-25 12:08"
        },
        {
            "comment id": 9,
            "parent": -1,
            "children": [],
            "user id": "2911538752",
            "user name": "Anastasia_IO",
            "content": "大妈好厉害，我以后不敢惹大妈们了……",
            "time": "19-7-25 13:03"
        },
        {
            "comment id": 10,
            "parent": -1,
            "children": [],
            "user id": "5080537465",
            "user name": "flowers深黑",
            "content": "爽了",
            "time": "19-7-25 12:01"
        },
        {
            "comment id": 11,
            "parent": -1,
            "children": [],
            "user id": "1813426043",
            "user name": "霜冻寒天雪",
            "content": "恶人自有恶人磨",
            "time": "19-7-26 07:47"
        },
        {
            "comment id": 12,
            "parent": -1,
            "children": [],
            "user id": "1797990031",
            "user name": "投行子非",
            "content": "不知道说点儿啥好呢，点个赞吧",
            "time": "19-7-26 01:54"
        },
        {
            "comment id": 13,
            "parent": -1,
            "children": [],
            "user id": "5524413324",
            "user name": "无定绫波",
            "content": "活该",
            "time": "19-7-25 12:40"
        },
        {
            "comment id": 14,
            "parent": -1,
            "children": [],
            "user id": "1559556484",
            "user name": "坏兔TU",
            "content": "悍妇牛逼",
            "time": "19-7-25 12:05"
        },
        {
            "comment id": 15,
            "parent": -1,
            "children": [],
            "user id": "1135510423",
            "user name": "图南之翼w",
            "content": "大快人心",
            "time": "19-7-25 11:57"
        },
        {
            "comment id": 16,
            "parent": -1,
            "children": [],
            "user id": "5343875842",
            "user name": "知其不可而为之者",
            "content": "该！",
            "time": "19-7-25 11:56"
        },
        {
            "comment id": 17,
            "parent": -1,
            "children": [],
            "user id": "6165401630",
            "user name": "橙江似练",
            "content": "活了个该，听清楚了吗？活～了～个～该～",
            "time": "19-7-25 20:31"
        },
        {
            "comment id": 18,
            "parent": -1,
            "children": [],
            "user id": "6336562332",
            "user name": "潋滟飘渺仙儿",
            "content": "以为是王者，结果成了青铜",
            "time": "19-7-25 17:33"
        },
        {
            "comment id": 19,
            "parent": -1,
            "children": [],
            "user id": "5684392442",
            "user name": "哈哈哈博肖丫",
            "content": "这样的人就是活该、",
            "time": "19-7-25 12:29"
        },
        {
            "comment id": 20,
            "parent": -1,
            "children": [],
            "user id": "2840778595",
            "user name": "Lala静静",
            "content": "骨子里的恶",
            "time": "19-7-26 05:50"
        },
        {
            "comment id": 21,
            "parent": -1,
            "children": [],
            "user id": "3164208390",
            "user name": "HYxxxM",
            "content": "开局一张图后面全靠编",
            "time": "19-7-26 01:14"
        },
        {
            "comment id": 22,
            "parent": -1,
            "children": [],
            "user id": "5865873914",
            "user name": "秋风送爽17549",
            "content": "这回不用带孩子了，自己还得让别人看着😳",
            "time": "19-7-26 05:29"
        },
        {
            "comment id": 23,
            "parent": -1,
            "children": [],
            "user id": "1004935737",
            "user name": "先农坛1974",
            "content": "在号子里终老吧，别出来祸害人了。",
            "time": "19-7-25 22:54"
        },
        {
            "comment id": 24,
            "parent": -1,
            "children": [],
            "user id": "6013629366",
            "user name": "nnJasonnn",
            "content": "能不能再多几年",
            "time": "19-7-25 22:33"
        },
        {
            "comment id": 25,
            "parent": -1,
            "children": [],
            "user id": "5260986236",
            "user name": "亮利哥",
            "content": "就这么简单？！",
            "time": "19-7-25 20:01"
        },
        {
            "comment id": 26,
            "parent": -1,
            "children": [],
            "user id": "5646319684",
            "user name": "遇见一个渣",
            "content": "坏人变老了的典型代表",
            "time": "19-7-25 19:32"
        },
        {
            "comment id": 27,
            "parent": -1,
            "children": [],
            "user id": "6601700576",
            "user name": "Lahshv",
            "content": "这位农村人是有多NB监狱都不老实",
            "time": "19-7-25 16:45"
        },
        {
            "comment id": 28,
            "parent": -1,
            "children": [],
            "user id": "3222743302",
            "user name": "x静心莲语x",
            "content": "好",
            "time": "19-7-26 08:07"
        },
        {
            "comment id": 29,
            "parent": -1,
            "children": [],
            "user id": "6480296188",
            "user name": "杨三妮YSN",
            "content": "骨子里的恶霸体质！建议终身监禁！！",
            "time": "19-7-26 06:41"
        },
        {
            "comment id": 30,
            "parent": -1,
            "children": [],
            "user id": "5602193981",
            "user name": "卡考恩恩恩恩恩",
            "content": "好",
            "time": "19-7-26 04:24"
        },
        {
            "comment id": 31,
            "parent": -1,
            "children": [],
            "user id": "6462040957",
            "user name": "弹吉他的年轻人",
            "content": "自作孽不可活",
            "time": "19-7-26 01:56"
        },
        {
            "comment id": 32,
            "parent": -1,
            "children": [],
            "user id": "2738707842",
            "user name": "农民色狼",
            "content": "她家邻居乐坏了吧。",
            "time": "19-7-26 01:54"
        },
        {
            "comment id": 33,
            "parent": -1,
            "children": [],
            "user id": "2233504043",
            "user name": "飞絮轻摇",
            "content": "她去坐牢其实是对孩子最好的关照，不然怎能想象，孩子被她带大会变成什么可恶的样子",
            "time": "19-7-26 01:52"
        },
        {
            "comment id": 34,
            "parent": -1,
            "children": [],
            "user id": "5513783757",
            "user name": "郭琳小朋友",
            "content": "。",
            "time": "19-7-26 01:41"
        },
        {
            "comment id": 35,
            "parent": -1,
            "children": [],
            "user id": "1781251954",
            "user name": "疲惫的曾经6428",
            "content": "加吧加吧，这种人放外面也是祸害",
            "time": "19-7-26 01:35"
        },
        {
            "comment id": 36,
            "parent": -1,
            "children": [],
            "user id": "2314216575",
            "user name": "拉自己一把",
            "content": "自己做的，欠的债多着呢",
            "time": "19-7-26 00:55"
        },
        {
            "comment id": 37,
            "parent": -1,
            "children": [],
            "user id": "5268962504",
            "user name": "来自妖尾的小人物",
            "content": "骂一句给一个巴掌，打一下我给您一棍，没事，我皮糙肉厚年轻耐打，看谁扛的过谁，谁先认错谁孙子",
            "time": "19-7-26 00:06"
        },
        {
            "comment id": 38,
            "parent": -1,
            "children": [],
            "user id": "1748483337",
            "user name": "轮痕LAND",
            "content": "这就农村里的黑恶",
            "time": "19-7-26 00:00"
        },
        {
            "comment id": 39,
            "parent": -1,
            "children": [],
            "user id": "3871414517",
            "user name": "qg在人间",
            "content": "精神鉴定一下，不用坐牢了",
            "time": "19-7-25 23:52"
        },
        {
            "comment id": 40,
            "parent": -1,
            "children": [],
            "user id": "5539733553",
            "user name": "感性的狗哥哥",
            "content": "大妈应该死了吧",
            "time": "19-7-25 23:48"
        },
        {
            "comment id": 41,
            "parent": -1,
            "children": [],
            "user id": "3291898297",
            "user name": "旭日光华---",
            "content": "这样的货死在监狱里算了",
            "time": "19-7-25 23:28"
        },
        {
            "comment id": 42,
            "parent": -1,
            "children": [],
            "user id": "6667520279",
            "user name": "玲儿想叮当0839",
            "content": "出狱后会继续作恶害人的！",
            "time": "19-7-25 23:16"
        },
        {
            "comment id": 43,
            "parent": -1,
            "children": [],
            "user id": "5807496145",
            "user name": "xzxz-ysbh",
            "content": "没文化，真可怕。",
            "time": "19-7-25 18:36"
        },
        {
            "comment id": 44,
            "parent": -1,
            "children": [],
            "user id": "6315207398",
            "user name": "南辞旧染",
            "content": "舒服了",
            "time": "19-7-25 16:39"
        },
        {
            "comment id": 45,
            "parent": -1,
            "children": [],
            "user id": "3468926760",
            "user name": "hyt是会冒泡的橙汁",
            "content": "这叫家里不管社会管",
            "time": "19-7-25 16:29"
        },
        {
            "comment id": 46,
            "parent": -1,
            "children": [],
            "user id": "2199669691",
            "user name": "第四号人格鹏鹏",
            "content": "活该，泼妇",
            "time": "19-7-25 16:17"
        },
        {
            "comment id": 47,
            "parent": -1,
            "children": [],
            "user id": "6616634499",
            "user name": "微风碧波201212",
            "content": "离无期还能作几次。",
            "time": "19-7-25 16:13"
        },
        {
            "comment id": 48,
            "parent": -1,
            "children": [],
            "user id": "6028613486",
            "user name": "要我怎么教你爱我吗",
            "content": "好像应了一句话……不见棺材不落泪……",
            "time": "19-7-25 16:12"
        },
        {
            "comment id": 49,
            "parent": -1,
            "children": [],
            "user id": "5801782994",
            "user name": "三唔识七_",
            "content": "6666 这是报应 真舒服",
            "time": "19-7-25 15:36"
        },
        {
            "comment id": 50,
            "parent": -1,
            "children": [],
            "user id": "2431415094",
            "user name": "cherrybabyrabit",
            "content": "这不是一块钱的事好吗！2斤就2块钱了好嘛",
            "time": "19-7-25 15:05"
        },
        {
            "comment id": 51,
            "parent": -1,
            "children": [],
            "user id": "1957848604",
            "user name": "踏浪海风",
            "content": "这是上海监狱欢迎你的节奏！",
            "time": "19-7-25 12:19"
        }
    ]
}