{
    "source": {
        "content": "外卖小哥路边救人，救人后结果自己的车子被偷走，小哥说：不后悔，一个人，一个车，谁更重要。 ",
        "time": "19-7-25 16:00",
        "user id": "1841515721",
        "tweet id": "HF6GRF2N3",
        "label": 1,
        "theme": null
    },
    "comment": [
        {
            "comment id": 0,
            "parent": -1,
            "children": [],
            "user id": "1044932114",
            "user name": "愁小多丶",
            "content": "所以车子警察叔叔能追回来吗？",
            "time": "19-7-25 16:10"
        },
        {
            "comment id": 1,
            "parent": -1,
            "children": [],
            "user id": "2623012111",
            "user name": "风雨无阻_1818",
            "content": "偷车贼，你要是还有点良心，还把自己当个人就主动把车送还外卖小哥",
            "time": "19-7-25 16:11"
        },
        {
            "comment id": 2,
            "parent": -1,
            "children": [],
            "user id": "6982506633",
            "user name": "嘛哩嘛哩哄BGM",
            "content": "心中有大爱的人值得被点赞（｡ò ∀ ó｡）",
            "time": "19-7-25 16:14"
        },
        {
            "comment id": 3,
            "parent": -1,
            "children": [],
            "user id": "1865607554",
            "user name": "聆心",
            "content": "",
            "time": "19-7-25 16:03"
        },
        {
            "comment id": 4,
            "parent": -1,
            "children": [],
            "user id": "3157969347",
            "user name": "霡霂滂霈玓瓑",
            "content": "车子能弄回来吗？不能让人损失财产呀",
            "time": "19-7-25 16:55"
        },
        {
            "comment id": 5,
            "parent": -1,
            "children": [],
            "user id": "6583314273",
            "user name": "蓦然吴",
            "content": "这么没良心吗？",
            "time": "19-7-25 16:25"
        },
        {
            "comment id": 6,
            "parent": -1,
            "children": [],
            "user id": "2174173707",
            "user name": "夏庄街最靓的仔",
            "content": "建议嘉奖",
            "time": "19-7-26 23:02"
        },
        {
            "comment id": 7,
            "parent": -1,
            "children": [],
            "user id": "5501853916",
            "user name": "军芳瑶宸",
            "content": "回复@韩博雅- 的表态:",
            "time": "19-7-25 16:57"
        },
        {
            "comment id": 8,
            "parent": -1,
            "children": [],
            "user id": "5501853916",
            "user name": "军芳瑶宸",
            "content": "传播正能量，奸人终遭天谴",
            "time": "19-7-25 16:11"
        }
    ]
}