{
    "source": {
        "content": "被子里的狗咬了，得了狂犬病！在地上学狗叫 好扎心 用户7199046746的微博视频 ",
        "time": "19-7-30 16:18",
        "user id": "7199046746",
        "tweet id": "HFRWMgkVc",
        "label": 1,
        "theme": null
    },
    "comment": [
        {
            "comment id": 0,
            "parent": -1,
            "children": [],
            "user id": "5368249818",
            "user name": "小英雄大宝",
            "content": "造谣，已举报  狂犬病特有的临床表现是恐水、怕风、咽肌痉挛，进行性瘫痪等。狂犬病是狂犬病病毒所导致的急性传染病，是人畜共患的传染性疾病。因为恐水的症状特别突出，所以又名恐水症，是一种侵害中枢神经系统的急性的病毒性的传染病，流行性广，病死率是百分之百。",
            "time": "19-7-31 22:15"
        },
        {
            "comment id": 1,
            "parent": -1,
            "children": [],
            "user id": "5078022117",
            "user name": "福气好运满满满",
            "content": "造谣是犯法的，要坐牢滴",
            "time": "19-7-31 19:23"
        },
        {
            "comment id": 2,
            "parent": -1,
            "children": [
                3,
                4,
                6,
                7,
                8,
                9,
                10,
                12,
                14,
                15,
                18,
                20,
                21,
                23
            ],
            "user id": "6286402916",
            "user name": "走位太马叉虫怕闪腰",
            "content": "大家举报的时候叫上我",
            "time": "19-8-1 12:34"
        },
        {
            "comment id": 3,
            "parent": 2,
            "children": [],
            "user id": "1872941215",
            "user name": "bottle_先生是反派",
            "content": "举报",
            "time": "19-9-11 23:34"
        },
        {
            "comment id": 4,
            "parent": 2,
            "children": [],
            "user id": "5504319576",
            "user name": "歌歌巫巛",
            "content": "已举报",
            "time": "19-8-28 18:04"
        },
        {
            "comment id": 5,
            "parent": 23,
            "children": [],
            "user id": "6214768948",
            "user name": "Dyimeng-",
            "content": "回复@用户7199046746:已举报  不谢",
            "time": "19-8-23 21:34"
        },
        {
            "comment id": 6,
            "parent": 2,
            "children": [],
            "user id": "6115130953",
            "user name": "某位不知名的人物",
            "content": "举报了",
            "time": "19-8-23 19:05"
        },
        {
            "comment id": 7,
            "parent": 2,
            "children": [],
            "user id": "2584259047",
            "user name": "我没钱可想去旅游",
            "content": "举报了",
            "time": "19-8-19 20:13"
        },
        {
            "comment id": 8,
            "parent": 2,
            "children": [],
            "user id": "6185100032",
            "user name": "MrShaw180rich",
            "content": "好的",
            "time": "19-8-19 19:45"
        },
        {
            "comment id": 9,
            "parent": 2,
            "children": [],
            "user id": "5238813418",
            "user name": "铁扇牛牛公主",
            "content": "举报打卡",
            "time": "19-8-10 08:56"
        },
        {
            "comment id": 10,
            "parent": 2,
            "children": [],
            "user id": "5172543649",
            "user name": "只关注不私聊",
            "content": "好想笑造这样的谣是把我们的智商放在地上摩擦嘛",
            "time": "19-8-9 23:04"
        },
        {
            "comment id": 11,
            "parent": 23,
            "children": [],
            "user id": "6247883789",
            "user name": "斯德哥尔摩症水粉",
            "content": "回复@用户7199046746:每层楼回复你哈批",
            "time": "19-8-9 19:36"
        },
        {
            "comment id": 12,
            "parent": 2,
            "children": [],
            "user id": "5536767703",
            "user name": "江南Pig厂倒闭了",
            "content": "已被标注",
            "time": "19-8-9 12:56"
        },
        {
            "comment id": 13,
            "parent": 23,
            "children": [],
            "user id": "5020660881",
            "user name": "ZhiyujinDONG-",
            "content": "回复@用户7199046746:你心思我们惯着你啊，你用一个我们举报一个",
            "time": "19-8-9 12:11"
        },
        {
            "comment id": 14,
            "parent": 2,
            "children": [],
            "user id": "5511477162",
            "user name": "未来很长_有我别慌",
            "content": "马上举报。",
            "time": "19-8-9 08:48"
        },
        {
            "comment id": 15,
            "parent": 2,
            "children": [],
            "user id": "5951371910",
            "user name": "wuli景容",
            "content": "谢谢提醒",
            "time": "19-8-8 20:40"
        },
        {
            "comment id": 16,
            "parent": 23,
            "children": [],
            "user id": "5174579868",
            "user name": "用户5174579868",
            "content": "回复@用户7199046746:哈批",
            "time": "19-8-6 14:22"
        },
        {
            "comment id": 17,
            "parent": 18,
            "children": [],
            "user id": "6286402916",
            "user name": "走位太马叉虫怕闪腰",
            "content": "回复@肖-芬娜:右上角三个点",
            "time": "19-8-3 07:29"
        },
        {
            "comment id": 18,
            "parent": 2,
            "children": [
                17
            ],
            "user id": "2235592392",
            "user name": "肖-芬娜",
            "content": "怎么举报",
            "time": "19-8-3 00:19"
        },
        {
            "comment id": 19,
            "parent": 20,
            "children": [],
            "user id": "6286402916",
            "user name": "走位太马叉虫怕闪腰",
            "content": "回复@goodlucktofzm:虚假信息什么的，还有社会恐慌社会影响力",
            "time": "19-8-2 10:51"
        },
        {
            "comment id": 20,
            "parent": 2,
            "children": [
                19
            ],
            "user id": "1751812597",
            "user name": "goodlucktofzm",
            "content": "以什么理由？统一一下",
            "time": "19-8-2 00:02"
        },
        {
            "comment id": 21,
            "parent": 2,
            "children": [],
            "user id": "6286402916",
            "user name": "走位太马叉虫怕闪腰",
            "content": "谢谢提醒",
            "time": "19-8-1 13:53"
        },
        {
            "comment id": 22,
            "parent": 23,
            "children": [],
            "user id": "6286402916",
            "user name": "走位太马叉虫怕闪腰",
            "content": "回复@用户7199046746:举报了，和大家一起等结果",
            "time": "19-8-1 13:53"
        },
        {
            "comment id": 23,
            "parent": 2,
            "children": [
                5,
                11,
                13,
                16,
                22
            ],
            "user id": "7199046746",
            "user name": "用户7199046746",
            "content": "快点举报，好多人举报",
            "time": "19-8-1 12:45"
        },
        {
            "comment id": 24,
            "parent": -1,
            "children": [
                25,
                26,
                27,
                28,
                29,
                30,
                33,
                34,
                35,
                36,
                38,
                39,
                40,
                41,
                42,
                43,
                44
            ],
            "user id": "5976621939",
            "user name": "小丢丢小豆豆",
            "content": "作为一个医学生我咋不知道狂犬病发作的临床表现是这样的",
            "time": "19-8-1 00:40"
        },
        {
            "comment id": 25,
            "parent": 24,
            "children": [],
            "user id": "3146033084",
            "user name": "小酒瓶子zzzzzGH",
            "content": "回复@一个黄瓜摄万菊:那家猫叫丁丁的人，说的对。你是不是听错了",
            "time": "19-9-1 10:00"
        },
        {
            "comment id": 26,
            "parent": 24,
            "children": [],
            "user id": "5364995435",
            "user name": "贪婪地赫克托",
            "content": "回复@一个黄瓜摄万菊:亲缘关系接近的类群之间在自然条件下不交配，即使能交配也不能产生后代或不能产生可育性后代的隔离机制，称为生殖隔离。你去问的副主任，可能日过猪吧",
            "time": "19-8-30 17:23"
        },
        {
            "comment id": 27,
            "parent": 24,
            "children": [],
            "user id": "5861928687",
            "user name": "爱次榴莲的小居居",
            "content": "回复@我家的猫叫丁丁:........ 我在医院问的人家副主任医师 人家说的生殖隔离啊 而且 百度上也是这么说的呀",
            "time": "19-8-30 14:58"
        },
        {
            "comment id": 28,
            "parent": 24,
            "children": [],
            "user id": "5364995435",
            "user name": "贪婪地赫克托",
            "content": "回复@一个黄瓜摄万菊:生殖隔离是人被🐖上了或者人把猪上了，不能产生后代或后代没有繁衍能力。这和猪瘟有个毛线关系",
            "time": "19-8-29 23:41"
        },
        {
            "comment id": 29,
            "parent": 24,
            "children": [],
            "user id": "3044367943",
            "user name": "qisuss-白罗布",
            "content": "比较好奇这症状，医生可否解答下",
            "time": "19-8-29 11:16"
        },
        {
            "comment id": 30,
            "parent": 24,
            "children": [],
            "user id": "5861928687",
            "user name": "爱次榴莲的小居居",
            "content": "造谣没有成本啊 最近不是猪瘟流行咩 网上就有什么一家四口吃毒猪肉吃死了 猪不能吃 会死人啊 拜托啊 人跟猪有生殖隔离阿 ",
            "time": "19-8-28 18:44"
        },
        {
            "comment id": 31,
            "parent": 38,
            "children": [],
            "user id": "6583463317",
            "user name": "亚索腥红之月",
            "content": "回复@小调调花枝:精神病，妄想，幻想，行为举止怪异。",
            "time": "19-8-26 12:47"
        },
        {
            "comment id": 32,
            "parent": 40,
            "children": [],
            "user id": "5367465967",
            "user name": "三十而透",
            "content": "回复@wyzdlb:",
            "time": "19-8-12 23:37"
        },
        {
            "comment id": 33,
            "parent": 24,
            "children": [],
            "user id": "5248722074",
            "user name": "叫叫个啥",
            "content": "大家跟我一起做 查看图片",
            "time": "19-8-10 10:04"
        },
        {
            "comment id": 34,
            "parent": 24,
            "children": [],
            "user id": "6583463317",
            "user name": "亚索腥红之月",
            "content": "被猫咬就是喵喵喵",
            "time": "19-8-10 09:10"
        },
        {
            "comment id": 35,
            "parent": 24,
            "children": [],
            "user id": "5183221464",
            "user name": "小罗同学111111",
            "content": "喵",
            "time": "19-8-10 01:52"
        },
        {
            "comment id": 36,
            "parent": 24,
            "children": [],
            "user id": "5596680877",
            "user name": "爱做深蹲的胖子",
            "content": "可能博主得过一样的",
            "time": "19-8-10 00:40"
        },
        {
            "comment id": 37,
            "parent": 38,
            "children": [],
            "user id": "2790172645",
            "user name": "峡谷菜狗",
            "content": "回复@小调调花枝:要么精神病，要么对医院不满想闹",
            "time": "19-8-9 18:49"
        },
        {
            "comment id": 38,
            "parent": 24,
            "children": [
                31,
                37
            ],
            "user id": "2291628242",
            "user name": "小调调花枝",
            "content": "回复@常年自闭玩家:她为什么这样啊？看着长的挺好的",
            "time": "19-8-9 18:49"
        },
        {
            "comment id": 39,
            "parent": 24,
            "children": [],
            "user id": "2790172645",
            "user name": "峡谷菜狗",
            "content": "哈哈哈哈哈哈我也是看评论能气死加笑死，难怪有的病人就不能理解医护人员，无知无罪，但是无知反而犟是什么道理 哈哈哈哈哈哈",
            "time": "19-8-9 14:22"
        },
        {
            "comment id": 40,
            "parent": 24,
            "children": [
                32
            ],
            "user id": "6024042248",
            "user name": "wyzdlb",
            "content": "回复@老男孩很傻:😱😱😱",
            "time": "19-8-9 12:28"
        },
        {
            "comment id": 41,
            "parent": 24,
            "children": [],
            "user id": "5367465967",
            "user name": "三十而透",
            "content": "我们一起学猫叫，喵喵喵",
            "time": "19-8-9 08:32"
        },
        {
            "comment id": 42,
            "parent": 24,
            "children": [],
            "user id": "3344520842",
            "user name": "findingparadise不语",
            "content": "回复@想要做龙傲天啊:被猫、蝙蝠咬了也会得狂犬病自己查查，难道要学猫叫?",
            "time": "19-8-8 20:46"
        },
        {
            "comment id": 43,
            "parent": 24,
            "children": [],
            "user id": "3344520842",
            "user name": "findingparadise不语",
            "content": "回复@想要做龙傲天啊:你能自己好好了解再说话吗？我寻思都9012年了网上也不是没有狂犬病临床病人的视频啊？去看看这么难的吗？狂犬病又叫恐水病，看到水怕都怕死了还像狗一样喝水呢 无知者无畏真是张口就来没文化就别学别人乱怼",
            "time": "19-8-8 20:44"
        },
        {
            "comment id": 44,
            "parent": 24,
            "children": [],
            "user id": "6265852896",
            "user name": "Big郭鱼鱼",
            "content": "漂亮",
            "time": "19-8-8 10:56"
        },
        {
            "comment id": 45,
            "parent": -1,
            "children": [
                46,
                47,
                51,
                52,
                53,
                54,
                55,
                56,
                57,
                58,
                59,
                60,
                61,
                62,
                63,
                64,
                65
            ],
            "user id": "3753239164",
            "user name": "念梦_____",
            "content": "别么在这造谣奥。你家狂犬病这样？狂犬病得了之后回恐水，不明白百度。",
            "time": "19-7-31 14:52"
        },
        {
            "comment id": 46,
            "parent": 45,
            "children": [],
            "user id": "5364995435",
            "user name": "贪婪地赫克托",
            "content": "回复@在风景线上:可能抽动症谣传吧，有的严重抽动症就会叫，声音还有区别，有的就像动物叫声",
            "time": "19-8-29 23:48"
        },
        {
            "comment id": 47,
            "parent": 45,
            "children": [],
            "user id": "5871988476",
            "user name": "美丽尖尖",
            "content": "回复@1Vergil:小时候听很多大人讲，哪个村的人被狗咬了，发病就是学狗叫我们这边都是这样说的",
            "time": "19-8-28 05:53"
        },
        {
            "comment id": 48,
            "parent": 51,
            "children": [],
            "user id": "2608021255",
            "user name": "漫步半生的轨迹丶",
            "content": "回复@念梦_____:我不知道让蝙蝠咬了会不会有超声波，我知道被蜘蛛咬了，可以拉丝满天飞",
            "time": "19-8-27 09:48"
        },
        {
            "comment id": 49,
            "parent": 51,
            "children": [],
            "user id": "6429136563",
            "user name": "鹤梦",
            "content": "回复@念梦_____:哈哈哈哈哈哈超声波",
            "time": "19-8-25 04:11"
        },
        {
            "comment id": 50,
            "parent": 51,
            "children": [],
            "user id": "5851402377",
            "user name": "一顿十个番茄",
            "content": "回复@念梦_____:哈哈哈哈哈哈哈哈？？？",
            "time": "19-8-24 21:45"
        },
        {
            "comment id": 51,
            "parent": 45,
            "children": [
                48,
                49,
                50
            ],
            "user id": "3753239164",
            "user name": "念梦_____",
            "content": "回复@1Vergil:那你要是让蝙蝠咬了，你还叫出超声波？",
            "time": "19-8-22 08:54"
        },
        {
            "comment id": 52,
            "parent": 45,
            "children": [],
            "user id": "2638361631",
            "user name": "mis-qin",
            "content": "那你是没见过现场的比这个还吓人。恐水都是小问题。",
            "time": "19-8-21 13:13"
        },
        {
            "comment id": 53,
            "parent": 45,
            "children": [],
            "user id": "5525886072",
            "user name": "或许或与",
            "content": "水在哪呢？",
            "time": "19-8-10 06:30"
        },
        {
            "comment id": 54,
            "parent": 45,
            "children": [],
            "user id": "6088330035",
            "user name": "抹茶兮_",
            "content": "回复@昔日已成永久18627:你确定你家老人见到的是狂犬病而不是神经病？",
            "time": "19-8-9 17:46"
        },
        {
            "comment id": 55,
            "parent": 45,
            "children": [],
            "user id": "5710198300",
            "user name": "就是没道李",
            "content": "回复@昔日已成永久18627:禽流感咕咕咕",
            "time": "19-8-9 16:15"
        },
        {
            "comment id": 56,
            "parent": 45,
            "children": [],
            "user id": "2308631231",
            "user name": "斯托克斯倒逆关系",
            "content": "把不明白百度 去掉，这还算条好评论。",
            "time": "19-8-9 14:33"
        },
        {
            "comment id": 57,
            "parent": 45,
            "children": [],
            "user id": "6231922166",
            "user name": "七八七八七七",
            "content": "回复@昔日已成永久18627:问老人有啥用？有各种文献不去差还问老人",
            "time": "19-8-9 13:30"
        },
        {
            "comment id": 58,
            "parent": 45,
            "children": [],
            "user id": "6231922166",
            "user name": "七八七八七七",
            "content": "回复@昔日已成永久18627:肌肉震颤和学狗叫满地爬一样？",
            "time": "19-8-9 13:29"
        },
        {
            "comment id": 59,
            "parent": 45,
            "children": [],
            "user id": "5504156395",
            "user name": "亦如惊鸿明月",
            "content": "回复@考研政冶徐踌:别的评论我都可以不笑，但是你这个我忍不住 网页链接",
            "time": "19-8-8 17:30"
        },
        {
            "comment id": 60,
            "parent": 45,
            "children": [],
            "user id": "3345319704",
            "user name": "方熊家长",
            "content": "回复@昔日已成永久18627:你家老娘就是这样，村里人都送她外号 骚 母🐶",
            "time": "19-8-8 17:28"
        },
        {
            "comment id": 61,
            "parent": 45,
            "children": [],
            "user id": "2734634994",
            "user name": "时间煮雨至",
            "content": "回复@昔日已成永久18627:你家老人得过啊",
            "time": "19-8-8 16:21"
        },
        {
            "comment id": 62,
            "parent": 45,
            "children": [],
            "user id": "6761807373",
            "user name": "噗噗乃诺儿",
            "content": "回复@昔日已成永久18627:你家老人可真厉害，",
            "time": "19-8-8 11:40"
        },
        {
            "comment id": 63,
            "parent": 45,
            "children": [],
            "user id": "6670482472",
            "user name": "song影娇",
            "content": "回复@昔日已成永久18627:你家老人个个是专家？？？？？",
            "time": "19-8-2 13:24"
        },
        {
            "comment id": 64,
            "parent": 45,
            "children": [],
            "user id": "3753239164",
            "user name": "念梦_____",
            "content": "回复@昔日已成永久18627:你快拉鸡巴倒吧，自己百度奥，别在这跟我抬杠",
            "time": "19-8-1 08:40"
        },
        {
            "comment id": 65,
            "parent": 45,
            "children": [],
            "user id": "6623701886",
            "user name": "落叶缤纷待你来",
            "content": "问问你家老人见过没有，发作时真的就像疯狗一样",
            "time": "19-8-1 08:08"
        },
        {
            "comment id": 66,
            "parent": -1,
            "children": [
                67,
                68,
                69
            ],
            "user id": "5590723103",
            "user name": "我这么帅气可不能死啊",
            "content": "造谣一张嘴，辟谣跑断腿",
            "time": "19-8-2 18:09"
        },
        {
            "comment id": 67,
            "parent": 66,
            "children": [],
            "user id": "2018666581",
            "user name": "Vg_骆",
            "content": "然而还是看得到啊",
            "time": "19-8-8 23:34"
        },
        {
            "comment id": 68,
            "parent": 66,
            "children": [],
            "user id": "2644662373",
            "user name": "阿阿阿楚酱kiki",
            "content": "可是。还在",
            "time": "19-8-8 22:24"
        },
        {
            "comment id": 69,
            "parent": 66,
            "children": [],
            "user id": "1336342293",
            "user name": "呼啦啦小蟹",
            "content": "没有跑断腿哦同学，我刚举报完，微博就判定“不实信息了呢”效率还是挺不错的。所以遇到这种误导大众还不知悔改的，都请随手举报哦～",
            "time": "19-8-8 16:58"
        },
        {
            "comment id": 70,
            "parent": -1,
            "children": [
                71,
                72,
                73
            ],
            "user id": "5590723103",
            "user name": "我这么帅气可不能死啊",
            "content": "这明明是精神病",
            "time": "19-8-2 12:33"
        },
        {
            "comment id": 71,
            "parent": 70,
            "children": [],
            "user id": "5364995435",
            "user name": "贪婪地赫克托",
            "content": "回复@都不给我改名字的哦:神经病是神经痛神经炎症这些东西",
            "time": "19-8-29 23:49"
        },
        {
            "comment id": 72,
            "parent": 70,
            "children": [],
            "user id": "5701085867",
            "user name": "秋牧苏_",
            "content": "回复@都不给我改名字的哦:这个是精神病啊，很明显，精神状况",
            "time": "19-8-27 06:37"
        },
        {
            "comment id": 73,
            "parent": 70,
            "children": [],
            "user id": "5778732643",
            "user name": "炳扎",
            "content": "神经病和精神病是不一样的😂",
            "time": "19-8-25 00:17"
        },
        {
            "comment id": 74,
            "parent": -1,
            "children": [
                75,
                76
            ],
            "user id": "5230897354",
            "user name": "桃花仙人0315",
            "content": "不要再撒播危言耸听的假消息，这女的是装的。狂犬病发作有一点，怕光，这么大灯光照着，她还装的挺带劲",
            "time": "19-8-2 01:01"
        },
        {
            "comment id": 75,
            "parent": 74,
            "children": [],
            "user id": "6139752731",
            "user name": "迪嘎奥特曼变身",
            "content": "不一定是装的 可能是精神类疾病",
            "time": "19-8-27 14:15"
        },
        {
            "comment id": 76,
            "parent": 74,
            "children": [],
            "user id": "6583463317",
            "user name": "亚索腥红之月",
            "content": "可带劲啦",
            "time": "19-8-26 12:48"
        },
        {
            "comment id": 77,
            "parent": -1,
            "children": [
                78,
                79,
                80,
                81,
                82,
                83,
                84,
                85,
                86,
                87,
                88,
                89,
                90,
                91
            ],
            "user id": "3613181310",
            "user name": "陈可以ky",
            "content": "举报了 网页链接",
            "time": "19-8-2 20:23"
        },
        {
            "comment id": 78,
            "parent": 77,
            "children": [],
            "user id": "5364995435",
            "user name": "贪婪地赫克托",
            "content": "回复@寂寞孤独的时候来看看:狗头少了",
            "time": "19-8-29 23:50"
        },
        {
            "comment id": 79,
            "parent": 77,
            "children": [],
            "user id": "6239024461",
            "user name": "李子树上的精灵",
            "content": "垃圾微博你举报有什么用",
            "time": "19-8-27 10:10"
        },
        {
            "comment id": 80,
            "parent": 77,
            "children": [],
            "user id": "5628522181",
            "user name": "一個深海魚",
            "content": "回复@寂寞孤独的时候来看看:看着不适，就可以举报，何况是造谣误导呢",
            "time": "19-8-24 00:53"
        },
        {
            "comment id": 81,
            "parent": 77,
            "children": [],
            "user id": "5628522181",
            "user name": "一個深海魚",
            "content": "有害信息",
            "time": "19-8-24 00:51"
        },
        {
            "comment id": 82,
            "parent": 77,
            "children": [],
            "user id": "5093135476",
            "user name": "飞天小女警7871",
            "content": "回复@寂寞孤独的时候来看看:哈批",
            "time": "19-8-21 15:22"
        },
        {
            "comment id": 83,
            "parent": 77,
            "children": [],
            "user id": "3613181310",
            "user name": "陈可以ky",
            "content": "回复@寂寞孤独的时候来看看:帮您加一串",
            "time": "19-8-10 14:35"
        },
        {
            "comment id": 84,
            "parent": 77,
            "children": [],
            "user id": "1982006790",
            "user name": "Roderick_Q",
            "content": "回复@寂寞孤独的时候来看看:吃饱了撑的没事干，你妈生你能得到什么⊙∀⊙？你没生过不代表真的也不代表假的",
            "time": "19-8-10 06:09"
        },
        {
            "comment id": 85,
            "parent": 77,
            "children": [],
            "user id": "5714581110",
            "user name": "三分普男-",
            "content": "回复@寂寞孤独的时候来看看:没办法，厚葬友军吧",
            "time": "19-8-9 20:24"
        },
        {
            "comment id": 86,
            "parent": 77,
            "children": [],
            "user id": "5905617824",
            "user name": "儒一翡翠",
            "content": "回复@寂寞孤独的时候来看看:哈皮",
            "time": "19-8-9 19:44"
        },
        {
            "comment id": 87,
            "parent": 77,
            "children": [],
            "user id": "5242339171",
            "user name": "打拳学习两不误",
            "content": "回复@寂寞孤独的时候来看看:狗头加少了厚葬吧",
            "time": "19-8-9 18:48"
        },
        {
            "comment id": 88,
            "parent": 77,
            "children": [],
            "user id": "6077052626",
            "user name": "阿提兔叽",
            "content": "回复@寂寞孤独的时候来看看:哈皮",
            "time": "19-8-9 18:44"
        },
        {
            "comment id": 89,
            "parent": 77,
            "children": [],
            "user id": "3309536013",
            "user name": "Zacheohe",
            "content": "回复@寂寞孤独的时候来看看:哈批",
            "time": "19-8-9 18:16"
        },
        {
            "comment id": 90,
            "parent": 77,
            "children": [],
            "user id": "5710629641",
            "user name": "数字藏品担保中心",
            "content": "回复@寂寞孤独的时候来看看:哈皮",
            "time": "19-8-9 17:49"
        },
        {
            "comment id": 91,
            "parent": 77,
            "children": [],
            "user id": "2968905163",
            "user name": "平淡如水ABC",
            "content": "吃饱了撑的没事干，举报你得到什么⊙∀⊙？你没见过不代表真的也不代表假的",
            "time": "19-8-9 17:41"
        },
        {
            "comment id": 92,
            "parent": -1,
            "children": [
                93,
                94,
                95,
                97,
                99,
                101,
                103,
                104,
                105
            ],
            "user id": "6543348330",
            "user name": "王香橙啊",
            "content": "犯病了就是百分百死。",
            "time": "19-8-8 10:56"
        },
        {
            "comment id": 93,
            "parent": 92,
            "children": [],
            "user id": "1264113783",
            "user name": "爰爰是个懒蛋包",
            "content": "回复@猫病毛病:好像是十天",
            "time": "19-8-26 20:13"
        },
        {
            "comment id": 94,
            "parent": 92,
            "children": [],
            "user id": "6543348330",
            "user name": "王香橙啊",
            "content": "回复@朔风可寒:没办法，狂犬疫苗要打很多次才行，只能说那个小男孩命不好。",
            "time": "19-8-26 07:30"
        },
        {
            "comment id": 95,
            "parent": 92,
            "children": [],
            "user id": "5524389450",
            "user name": "学渣渣中渣",
            "content": "家猫是不是很少有狂犬病毒啊，我家的猫没有打过狂犬疫苗有没有问题",
            "time": "19-8-21 19:38"
        },
        {
            "comment id": 96,
            "parent": 97,
            "children": [],
            "user id": "6543348330",
            "user name": "王香橙啊",
            "content": "回复@聊了几句啦啦啦:我也不知道啊。但是狂犬病会潜伏很多很多年。所以最安全的方法就是被咬了打狂犬疫苗。。",
            "time": "19-8-21 12:46"
        },
        {
            "comment id": 97,
            "parent": 92,
            "children": [
                96
            ],
            "user id": "5197735105",
            "user name": "聊了几句啦啦啦",
            "content": "怎么知道自己是不是感染了",
            "time": "19-8-21 12:30"
        },
        {
            "comment id": 98,
            "parent": 99,
            "children": [],
            "user id": "5037407975",
            "user name": "设计师北辰呀",
            "content": "回复@三洞大学保安队长:不发病可治愈，发病基本就没救了。",
            "time": "19-8-10 08:57"
        },
        {
            "comment id": 99,
            "parent": 92,
            "children": [
                98
            ],
            "user id": "6601572473",
            "user name": "三洞大学保安队长",
            "content": "回复@水瓶小梁200:美国有一个小女孩感染的II型狂犬病，被蝙蝠咬伤的，治愈了",
            "time": "19-8-10 08:24"
        },
        {
            "comment id": 100,
            "parent": 101,
            "children": [],
            "user id": "5327567676",
            "user name": "今昔风叶",
            "content": "回复@丿流言蜚语:猫的感染率不高，最高的是狼，其实并没有多少实际案例是被猫感染，猫本身是不回带有狂犬病毒的，只可能是被携带病毒的动物咬了后二次传播",
            "time": "19-8-9 19:34"
        },
        {
            "comment id": 101,
            "parent": 92,
            "children": [
                100
            ],
            "user id": "3040880995",
            "user name": "丿流言蜚语",
            "content": "回复@水瓶小梁200:狗携带狂犬病的概率不是很高  相反猫和蝙蝠的携带率更高  反正被咬了选清洗消毒 然后立刻去医院注射预苗 才是最安全的做法",
            "time": "19-8-9 14:16"
        },
        {
            "comment id": 102,
            "parent": 103,
            "children": [],
            "user id": "2336963034",
            "user name": "LucyLong826",
            "content": "回复@桃-白白:世界卫生组织公布：狂犬病潜伏期最长一年，绝大多数三个月内发病。",
            "time": "19-8-9 10:53"
        },
        {
            "comment id": 103,
            "parent": 92,
            "children": [
                102
            ],
            "user id": "2312361091",
            "user name": "桃-白白",
            "content": "回复@水瓶小梁200:是的，但是中国很多狗都没有打疫苗的。所以被狗咬了都要发打的，狂犬病潜伏期很长的，有的甚至几年",
            "time": "19-8-8 17:56"
        },
        {
            "comment id": 104,
            "parent": 92,
            "children": [],
            "user id": "2356087941",
            "user name": "L_sixi",
            "content": "回复@水瓶小梁200:要发病了的狗咬了人才有可能得，一般家养犬很少的，绝大部分都有打过疫苗，国际上有个七天观察法，如果咬了你的狗七天后没死，你就绝对不会被传染狂犬病，就可以停打疫苗了，狂犬病发作的狗七天后一定会死的",
            "time": "19-8-8 17:43"
        },
        {
            "comment id": 105,
            "parent": 92,
            "children": [],
            "user id": "6116618018",
            "user name": "梁思虫",
            "content": "不懂就问🙋，是不是只有带狂犬病毒的狗要咬了才会感染病毒？",
            "time": "19-8-8 13:24"
        },
        {
            "comment id": 106,
            "parent": -1,
            "children": [
                107,
                108
            ],
            "user id": "3449011480",
            "user name": "Misery_og",
            "content": "没文化真可怕",
            "time": "19-8-1 11:14"
        },
        {
            "comment id": 107,
            "parent": 106,
            "children": [],
            "user id": "2584390307",
            "user name": "FJCUDUGDIFU",
            "content": "他不知道造谣违法，他就是没文化",
            "time": "19-8-11 00:09"
        },
        {
            "comment id": 108,
            "parent": 106,
            "children": [],
            "user id": "5674921310",
            "user name": "一炮穿膛",
            "content": "它这不是没文化，它这是造谣",
            "time": "19-8-5 09:30"
        },
        {
            "comment id": 109,
            "parent": -1,
            "children": [
                111,
                113,
                114,
                116,
                117,
                118,
                119
            ],
            "user id": "3812588068",
            "user name": "教父MVP",
            "content": "别评论了，她真坐牢了怎么办？笑啊哈哈哈哈哈嗝 网页链接",
            "time": "19-8-8 19:56"
        },
        {
            "comment id": 110,
            "parent": 111,
            "children": [],
            "user id": "3812588068",
            "user name": "教父MVP",
            "content": "回复@薯条控少女爱喝柠檬汁:然而并没有",
            "time": "19-9-5 19:45"
        },
        {
            "comment id": 111,
            "parent": 109,
            "children": [
                110
            ],
            "user id": "6098060102",
            "user name": "薯条控少女爱喝柠檬汁",
            "content": "今天9月5号……",
            "time": "19-9-5 19:45"
        },
        {
            "comment id": 112,
            "parent": 113,
            "children": [],
            "user id": "3812588068",
            "user name": "教父MVP",
            "content": "回复@死鱼不沉:卧槽，新浪是不是有点过分啊",
            "time": "19-8-29 14:16"
        },
        {
            "comment id": 113,
            "parent": 109,
            "children": [
                112
            ],
            "user id": "2639870890",
            "user name": "死鱼不沉",
            "content": "29号了还在推",
            "time": "19-8-29 14:13"
        },
        {
            "comment id": 114,
            "parent": 109,
            "children": [],
            "user id": "3812588068",
            "user name": "教父MVP",
            "content": "回复@述寅卯:因为新浪渣啊",
            "time": "19-8-21 15:42"
        },
        {
            "comment id": 115,
            "parent": 118,
            "children": [],
            "user id": "3812588068",
            "user name": "教父MVP",
            "content": "回复@几个菜呐喝这么多:哈哈哈，转发多点就可以",
            "time": "19-8-21 15:42"
        },
        {
            "comment id": 116,
            "parent": 109,
            "children": [],
            "user id": "3812588068",
            "user name": "教父MVP",
            "content": "回复@红花会B-KAN:",
            "time": "19-8-21 15:41"
        },
        {
            "comment id": 117,
            "parent": 109,
            "children": [],
            "user id": "2904171013",
            "user name": "五月爱意",
            "content": "8号就显示已处理到现在21号还在推送给我 新浪才是个哈批",
            "time": "19-8-21 15:37"
        },
        {
            "comment id": 118,
            "parent": 109,
            "children": [
                115
            ],
            "user id": "7207819449",
            "user name": "几个菜呐喝这么多",
            "content": "想坐就满足呀",
            "time": "19-8-19 12:27"
        },
        {
            "comment id": 119,
            "parent": 109,
            "children": [],
            "user id": "6265227837",
            "user name": "接头艺术家",
            "content": "一起欢呼吧",
            "time": "19-8-8 21:57"
        },
        {
            "comment id": 120,
            "parent": -1,
            "children": [
                121,
                122,
                123,
                124,
                125,
                126,
                127,
                128,
                129,
                130,
                131,
                132,
                133,
                134,
                135,
                136,
                137,
                138
            ],
            "user id": "2194812401",
            "user name": "黑荨紫葌",
            "content": "我以前见过一个农村妇女被狗咬了，医院都不接，丈夫只能带回家锁屋里，真的在学狗叫！怕不怕水我不知道，但是和疯狗发病差不多的。",
            "time": "19-8-6 14:47"
        },
        {
            "comment id": 121,
            "parent": 120,
            "children": [],
            "user id": "7170492036",
            "user name": "初遇50085",
            "content": "那些看教材治病的估计到现在都没真实见过一例的狂犬病人发病时候的情景吧。",
            "time": "19-9-10 10:15"
        },
        {
            "comment id": 122,
            "parent": 120,
            "children": [],
            "user id": "5361807087",
            "user name": "jimin_vv",
            "content": "回复@Park谭:貌似有个病叫猫抓热?",
            "time": "19-9-5 14:44"
        },
        {
            "comment id": 123,
            "parent": 120,
            "children": [],
            "user id": "5558649430",
            "user name": "老坛与怪味豆25",
            "content": "回复@中文昵称999:你的亲戚要是知道没有狂犬病有狂猫病她还会趴在地上喵喵叫你信不信",
            "time": "19-9-3 12:25"
        },
        {
            "comment id": 124,
            "parent": 120,
            "children": [],
            "user id": "5873528101",
            "user name": "VEN_X88",
            "content": "回复@中文昵称999:有些感染狂犬病的人确实会暴躁，之前看过那个科普视频（里面有些病人很亢奋），因为病毒已经侵入神经系统了",
            "time": "19-9-2 14:02"
        },
        {
            "comment id": 125,
            "parent": 120,
            "children": [],
            "user id": "5873528101",
            "user name": "VEN_X88",
            "content": "那是出现咽喉痉挛了说不出话然后发出类似狗叫的声音，还有些会暴躁",
            "time": "19-9-2 14:02"
        },
        {
            "comment id": 126,
            "parent": 120,
            "children": [],
            "user id": "6674919040",
            "user name": "雪妞1909",
            "content": "回复@中文昵称999:狂犬病的典型症状是恐水，畏光，当然狂犬狂犬病人也会攻击人，力气会很大，临床判断的依据首先恐水就会问是不是被狗、猫等动物咬伤或者抓伤，总不能在地上学狗叫就是狂犬病吧",
            "time": "19-8-31 02:14"
        },
        {
            "comment id": 127,
            "parent": 120,
            "children": [],
            "user id": "3165507143",
            "user name": "腳吖嚒嚒嚒",
            "content": "回复@中文昵称999:我相信你，很多狂犬病发作会咬人会狂躁喉咙发出类似狗叫，看过很多类似视频",
            "time": "19-8-30 09:49"
        },
        {
            "comment id": 128,
            "parent": 120,
            "children": [],
            "user id": "5364995435",
            "user name": "贪婪地赫克托",
            "content": "回复@中文昵称999:你这是当全世界医务工作者是笨蛋，狂犬病一个致死率如此高的疾病，合着你们都能看到，医生一个都看不见睿智",
            "time": "19-8-29 23:54"
        },
        {
            "comment id": 129,
            "parent": 120,
            "children": [],
            "user id": "5364995435",
            "user name": "贪婪地赫克托",
            "content": "回复@小隐于市zhang:没那么大反应，大部分表现为瞎哼唧。严重的抽搐症倒是有可能，两回事儿",
            "time": "19-8-29 23:52"
        },
        {
            "comment id": 130,
            "parent": 120,
            "children": [],
            "user id": "5871988476",
            "user name": "美丽尖尖",
            "content": "回复@中文昵称999:我这边的人都是这样说，得了狂犬病会学狗叫。再说，恐水也不影响他叫啊",
            "time": "19-8-28 05:58"
        },
        {
            "comment id": 131,
            "parent": 120,
            "children": [],
            "user id": "1927484844",
            "user name": "Ringroro",
            "content": "回复@中文昵称999:哈哈哈哈哈哈哈哈哈哈哈哈喵喵喵？",
            "time": "19-8-22 09:20"
        },
        {
            "comment id": 132,
            "parent": 120,
            "children": [],
            "user id": "2280659961",
            "user name": "梅梅的锅锅",
            "content": "回复@跳进被窝到天光的CC:喵喵喵？",
            "time": "19-8-21 10:49"
        },
        {
            "comment id": 133,
            "parent": 120,
            "children": [],
            "user id": "2481282064",
            "user name": "林深有鹤栖",
            "content": "回复@中文昵称999:哈哈哈哈哈哈哈哈哈哈哈哈哈哈哈哈哈哈哈哈哈哈哈哈哈哈哈哈哈哈哈哈哈哈哈哈哈哈哈哈",
            "time": "19-8-20 10:39"
        },
        {
            "comment id": 134,
            "parent": 120,
            "children": [],
            "user id": "5230897354",
            "user name": "桃花仙人0315",
            "content": "她不是学狗叫，而是喉头痉挛抽搐无法讲话，不由自主的发出声音，有点像狗叫",
            "time": "19-8-10 16:36"
        },
        {
            "comment id": 135,
            "parent": 120,
            "children": [],
            "user id": "6599331637",
            "user name": "懒癌患者哼哼",
            "content": "回复@中文昵称999:你把👴 逗笑了",
            "time": "19-8-10 13:23"
        },
        {
            "comment id": 136,
            "parent": 120,
            "children": [],
            "user id": "5160366718",
            "user name": "青朝-",
            "content": "回复@中文昵称999:那那种就是神经病不是狂犬病，你们口口声声说有的狂犬病是这样的请问那些人有没有看过医生？如果真是狂犬病那整个医学界都要被你们的亲戚震动了搞不好能改变全世界的医疗界呢哈哈哈哈哈哈你们信吗？",
            "time": "19-8-9 22:17"
        },
        {
            "comment id": 137,
            "parent": 120,
            "children": [],
            "user id": "6077052626",
            "user name": "阿提兔叽",
            "content": "回复@mindy66V:因为是假的，是神经病",
            "time": "19-8-9 18:45"
        },
        {
            "comment id": 138,
            "parent": 120,
            "children": [],
            "user id": "2105961242",
            "user name": "人间监视者",
            "content": "是呀，到底乱叫是为啥",
            "time": "19-8-9 18:15"
        },
        {
            "comment id": 139,
            "parent": -1,
            "children": [],
            "user id": "2030863191",
            "user name": "日式小清新",
            "content": "这他妈是狂犬病？这是神经病好不啦",
            "time": "19-8-2 06:22"
        },
        {
            "comment id": 140,
            "parent": -1,
            "children": [],
            "user id": "5511316762",
            "user name": "聂鲁达的玫瑰花",
            "content": "憨批",
            "time": "19-8-2 11:43"
        },
        {
            "comment id": 141,
            "parent": -1,
            "children": [
                142,
                143,
                144,
                145
            ],
            "user id": "3319363610",
            "user name": "其实我没这么叼",
            "content": "这还有救吗...",
            "time": "19-7-31 16:42"
        },
        {
            "comment id": 142,
            "parent": 141,
            "children": [],
            "user id": "6077052626",
            "user name": "阿提兔叽",
            "content": "这是神经病，应该也没救了",
            "time": "19-8-9 18:45"
        },
        {
            "comment id": 143,
            "parent": 141,
            "children": [],
            "user id": "5770812941",
            "user name": "玄冬阳已复",
            "content": "这tm是精神病",
            "time": "19-8-9 14:47"
        },
        {
            "comment id": 144,
            "parent": 141,
            "children": [],
            "user id": "3753239164",
            "user name": "念梦_____",
            "content": "假的，这逼造谣，狂犬病不这样。。",
            "time": "19-7-31 22:17"
        },
        {
            "comment id": 145,
            "parent": 141,
            "children": [],
            "user id": "6234527316",
            "user name": "傲娇小金兔",
            "content": "死亡率百分之百",
            "time": "19-7-31 18:21"
        },
        {
            "comment id": 146,
            "parent": -1,
            "children": [],
            "user id": "6538638387",
            "user name": "哎呀我一点也不想吃肉",
            "content": "一看就是假的好吗",
            "time": "19-8-5 09:18"
        },
        {
            "comment id": 147,
            "parent": -1,
            "children": [],
            "user id": "3915895481",
            "user name": "喜欢拍照的MAX",
            "content": "都处理了，还放出来",
            "time": "19-8-8 17:37"
        },
        {
            "comment id": 148,
            "parent": -1,
            "children": [
                149,
                150,
                151,
                152,
                153,
                154
            ],
            "user id": "5108748941",
            "user name": "睡不醒的斑MA",
            "content": "狂犬病不会学狗叫的......有常识吗",
            "time": "19-8-9 00:12"
        },
        {
            "comment id": 149,
            "parent": 148,
            "children": [],
            "user id": "5364995435",
            "user name": "贪婪地赫克托",
            "content": "回复@窜天小海豹:呵呵，生化危机是啥你怕是都不知道吧",
            "time": "19-8-30 14:49"
        },
        {
            "comment id": 150,
            "parent": 148,
            "children": [],
            "user id": "5364995435",
            "user name": "贪婪地赫克托",
            "content": "回复@窜天小海豹:然后你又见过狂犬病患者了，合着人家全世界医务工作者近百年病例，没这一条微博里面评论见得多睿智",
            "time": "19-8-29 23:57"
        },
        {
            "comment id": 151,
            "parent": 148,
            "children": [],
            "user id": "5364995435",
            "user name": "贪婪地赫克托",
            "content": "回复@窜天小海豹:你可真能吹，电影根据游戏拍的，游戏最早g病毒原型是埃博拉",
            "time": "19-8-29 23:56"
        },
        {
            "comment id": 152,
            "parent": 148,
            "children": [],
            "user id": "2584390307",
            "user name": "FJCUDUGDIFU",
            "content": "回复@窜天小海豹:你见过的那个不是狂犬病",
            "time": "19-8-11 00:11"
        },
        {
            "comment id": 153,
            "parent": 148,
            "children": [],
            "user id": "5108748941",
            "user name": "睡不醒的斑MA",
            "content": "回复@窜天小海豹:哦",
            "time": "19-8-10 05:35"
        },
        {
            "comment id": 154,
            "parent": 148,
            "children": [],
            "user id": "5108748941",
            "user name": "睡不醒的斑MA",
            "content": "回复@窜天小海豹:您认真的吗？",
            "time": "19-8-9 13:35"
        },
        {
            "comment id": 155,
            "parent": -1,
            "children": [],
            "user id": "5819918908",
            "user name": "MollyJoJoJo",
            "content": "狂犬病也不是学狗叫啊  有常识吗",
            "time": "19-8-8 20:55"
        },
        {
            "comment id": 156,
            "parent": -1,
            "children": [],
            "user id": "6277444035",
            "user name": "-你温柔如走在风中_",
            "content": "狂犬病就是学狗叫吗？！那被猫抓了还会得狂犬病呢，请问病发是学狗叫还是猫叫",
            "time": "19-8-19 23:50"
        },
        {
            "comment id": 157,
            "parent": -1,
            "children": [
                162
            ],
            "user id": "6124776798",
            "user name": "鹿屿与南",
            "content": "狂犬病死亡率百分百",
            "time": "19-8-8 19:02"
        },
        {
            "comment id": 158,
            "parent": 162,
            "children": [],
            "user id": "6601572473",
            "user name": "三洞大学保安队长",
            "content": "回复@庄zu夫ren:咬死你的动物两周内没有死去，证明你没有得狂犬病",
            "time": "19-8-10 08:08"
        },
        {
            "comment id": 159,
            "parent": 162,
            "children": [],
            "user id": "5799968444",
            "user name": "唐唐Cium",
            "content": "回复@庄zu夫ren:我和你情况差不多，我想是不是小时候打过预防针的原因。",
            "time": "19-8-10 07:05"
        },
        {
            "comment id": 160,
            "parent": 162,
            "children": [],
            "user id": "6077052626",
            "user name": "阿提兔叽",
            "content": "回复@庄zu夫ren:并不是所有狗都有狂犬病，",
            "time": "19-8-9 18:46"
        },
        {
            "comment id": 161,
            "parent": 162,
            "children": [],
            "user id": "6124776798",
            "user name": "鹿屿与南",
            "content": "回复@庄zu夫ren:犬病毒感染到出现临床症状的一段时间就是狂犬病潜伏期，潜伏期长短不一为本病的特点之一。大多数在3个月以内发病，超过半年者占4%～10%，超过1年以上者约1%，根据世界卫生组织（WHO）的记载，世界最长一例长达6年。  所以你应该没事的啦",
            "time": "19-8-9 14:43"
        },
        {
            "comment id": 162,
            "parent": 157,
            "children": [
                158,
                159,
                160,
                161
            ],
            "user id": "6205572535",
            "user name": "庄zu夫ren",
            "content": "真的吗？我4-5岁的时候被邻居家狗咬到过，大腿内侧，当时肉都给我咬翻出来掉起了。那时候在农村，医疗条件差，现在23岁了从没打过疫苗。害怕得不敢百度",
            "time": "19-8-9 14:02"
        },
        {
            "comment id": 163,
            "parent": -1,
            "children": [
                164,
                166,
                168
            ],
            "user id": "5139630249",
            "user name": "敲喜欢赞丸的火山猴猴",
            "content": "所以 她不是狂犬病是怎么了？你们说这一堆造谣的评论 没有一个说答案的 让人捉急想知道答案啊",
            "time": "19-8-8 22:26"
        },
        {
            "comment id": 164,
            "parent": 163,
            "children": [],
            "user id": "5139630249",
            "user name": "敲喜欢赞丸的火山猴猴",
            "content": "回复@aka小宁:我怎么知道 这不是在问吗",
            "time": "19-8-28 11:12"
        },
        {
            "comment id": 165,
            "parent": 166,
            "children": [],
            "user id": "5139630249",
            "user name": "敲喜欢赞丸的火山猴猴",
            "content": "回复@阿提兔叽:正常想法嘛 好吧 知道啦 谢谢",
            "time": "19-8-9 18:56"
        },
        {
            "comment id": 166,
            "parent": 163,
            "children": [
                165
            ],
            "user id": "6077052626",
            "user name": "阿提兔叽",
            "content": "回复@敲喜欢大忽忽的火山猴猴:你对时髦是不是有误解不是神经病就是演的呗，不是演的也是脑子不好的",
            "time": "19-8-9 18:50"
        },
        {
            "comment id": 167,
            "parent": 168,
            "children": [],
            "user id": "5139630249",
            "user name": "敲喜欢赞丸的火山猴猴",
            "content": "回复@阿提兔叽:看穿着的话 感觉不像呀 穿的还挺时髦",
            "time": "19-8-9 18:48"
        },
        {
            "comment id": 168,
            "parent": 163,
            "children": [
                167
            ],
            "user id": "6077052626",
            "user name": "阿提兔叽",
            "content": "是神经病啊",
            "time": "19-8-9 18:47"
        },
        {
            "comment id": 169,
            "parent": -1,
            "children": [],
            "user id": "5498978569",
            "user name": "我要的生活LEX",
            "content": "现在造谣成本好低啊，也没人管，到处造谣！一个神经病而已",
            "time": "19-8-8 19:33"
        },
        {
            "comment id": 170,
            "parent": -1,
            "children": [],
            "user id": "6461687393",
            "user name": "舒克369",
            "content": "瞎几把说？？？？？",
            "time": "19-7-31 20:59"
        },
        {
            "comment id": 171,
            "parent": -1,
            "children": [
                172,
                173,
                174,
                178
            ],
            "user id": "6205572535",
            "user name": "庄zu夫ren",
            "content": "我才4-5岁的时候被邻居家的狗咬了，我96年的，那时候在农村。医疗条件差，现在20多岁了，从来没有打过疫苗。当时邻居我们喊伯伯，他家也没有带我打针，也没有赔钱，现在看到很深的水我就有恐惧，就像是被淹在水里快窒息的感觉",
            "time": "19-8-9 13:58"
        },
        {
            "comment id": 172,
            "parent": 171,
            "children": [],
            "user id": "1762585650",
            "user name": "諾堩",
            "content": "哈哈，典型的心理阴影吧，被狗咬得狂犬病也是个概率问题，不是被狗咬了就一定会得狂犬病的。",
            "time": "19-8-25 06:39"
        },
        {
            "comment id": 173,
            "parent": 171,
            "children": [],
            "user id": "6301749923",
            "user name": "我爱吃火锅ovo",
            "content": "临床上一年没发病就可以判定没有感染了，那个最长记录6年的因为是个例，影响因素过多没有参考意义。",
            "time": "19-8-23 22:59"
        },
        {
            "comment id": 174,
            "parent": 171,
            "children": [],
            "user id": "3313390494",
            "user name": "-甄汐",
            "content": "怕水是喝不下。你这个是深水恐惧症，完全两码事",
            "time": "19-8-10 13:56"
        },
        {
            "comment id": 175,
            "parent": 176,
            "children": [],
            "user id": "2620532923",
            "user name": "Losing-Loser",
            "content": "回复@三洞大学保安队长:潜伏期这种很难说清楚的，有说是20年，但本来这个病就很罕见，谁知道那个所谓的“20”年后发病的会不会是新发的感染没有被发现而已呢？",
            "time": "19-8-10 09:11"
        },
        {
            "comment id": 176,
            "parent": 177,
            "children": [
                175
            ],
            "user id": "6601572473",
            "user name": "三洞大学保安队长",
            "content": "回复@湿袜新格格:别传谣了，记录最长 的也就6年",
            "time": "19-8-10 07:24"
        },
        {
            "comment id": 177,
            "parent": 178,
            "children": [
                176
            ],
            "user id": "2255269397",
            "user name": "湿袜新格格",
            "content": "回复@kitty少年:他的恐水确实是心理问题，不过狂犬病潜伏期长的有二十多年",
            "time": "19-8-10 06:28"
        },
        {
            "comment id": 178,
            "parent": 171,
            "children": [
                177
            ],
            "user id": "2632781371",
            "user name": "kitty少年",
            "content": "你没事的，这么多年了，要是得了早就病发了，看到深水恐惧那可能是你心理的恐惧，有的人还有深海恐惧症呢，人对未知的东西都是恐惧的",
            "time": "19-8-9 14:10"
        },
        {
            "comment id": 179,
            "parent": -1,
            "children": [],
            "user id": "2768631521",
            "user name": "悬壶医者中医",
            "content": "这也是人们没法的法，毕竟………",
            "time": "19-9-17 21:12"
        },
        {
            "comment id": 180,
            "parent": -1,
            "children": [],
            "user id": "2768631521",
            "user name": "悬壶医者中医",
            "content": "桃仁10克、蝎子蜈蚣各三只，大黄11克、土鳖虫7只，共研末，加蜂蜜30克，烧酒一杯，水煎，灌下，注意别被其抓伤咬伤，有过成功的治愈病例，",
            "time": "19-9-17 21:11"
        },
        {
            "comment id": 181,
            "parent": -1,
            "children": [],
            "user id": "2768631521",
            "user name": "悬壶医者中医",
            "content": "这事就算不是真事，起码应该引起大家的重视吧！一旦染上狂犬病，中医虽然有百分之几的治疗可能，但是也是微乎其微，死亡率基本是百分百，爱狗爱猫没有错，但是过分亲近，这就是祸害自己和家人的开始",
            "time": "19-9-17 21:03"
        },
        {
            "comment id": 182,
            "parent": -1,
            "children": [],
            "user id": "6437876565",
            "user name": "南方大伙",
            "content": "真的假的",
            "time": "19-9-14 15:00"
        },
        {
            "comment id": 183,
            "parent": -1,
            "children": [],
            "user id": "5543153979",
            "user name": "陈皮皮皮皮儿6",
            "content": "造谣可是犯法的哥们",
            "time": "19-9-5 20:43"
        },
        {
            "comment id": 184,
            "parent": -1,
            "children": [],
            "user id": "2308400631",
            "user name": "小徐嘻嘻嘻",
            "content": "已举报",
            "time": "19-9-3 15:44"
        },
        {
            "comment id": 185,
            "parent": -1,
            "children": [],
            "user id": "1627001920",
            "user name": "头疼取什么好昵称",
            "content": "这是精神病吧",
            "time": "19-9-2 09:02"
        },
        {
            "comment id": 186,
            "parent": -1,
            "children": [],
            "user id": "5729306905",
            "user name": "Ohmine鸡涌",
            "content": "博主你亲🐎上网了？",
            "time": "19-9-1 21:11"
        },
        {
            "comment id": 187,
            "parent": -1,
            "children": [],
            "user id": "5702371234",
            "user name": "贵州泽稷企业管理服务有限公司",
            "content": "举报",
            "time": "19-9-1 13:55"
        },
        {
            "comment id": 188,
            "parent": -1,
            "children": [],
            "user id": "6359530617",
            "user name": "左日右月",
            "content": "乱搞是吧  这件事老久就已经证明是假的了你还拿来发出来",
            "time": "19-8-31 03:20"
        },
        {
            "comment id": 189,
            "parent": -1,
            "children": [],
            "user id": "5653570662",
            "user name": "Annie安安羊",
            "content": "这个是精神病患者...已经澄清过了",
            "time": "19-8-30 17:19"
        },
        {
            "comment id": 190,
            "parent": -1,
            "children": [],
            "user id": "1895985657",
            "user name": "阿秀一定会变好",
            "content": "过500转了@江宁公安在线",
            "time": "19-8-30 11:25"
        },
        {
            "comment id": 191,
            "parent": -1,
            "children": [],
            "user id": "3812588068",
            "user name": "教父MVP",
            "content": "转发五百了，可以判刑了",
            "time": "19-8-29 14:16"
        },
        {
            "comment id": 192,
            "parent": -1,
            "children": [],
            "user id": "5621617409",
            "user name": "小豆汁儿i",
            "content": "楼主真是白痴，憨批",
            "time": "19-8-29 09:03"
        },
        {
            "comment id": 193,
            "parent": -1,
            "children": [],
            "user id": "5072222439",
            "user name": "好有才琪",
            "content": "？？",
            "time": "19-8-29 01:19"
        },
        {
            "comment id": 194,
            "parent": -1,
            "children": [],
            "user id": "6052344567",
            "user name": "兜兜里没钱dys",
            "content": "怕风怕水，恶心呕吐流口水是狂犬病的临床特征，发之前建议差一下百度啊",
            "time": "19-8-28 20:22"
        },
        {
            "comment id": 195,
            "parent": -1,
            "children": [],
            "user id": "2748390857",
            "user name": "弃医从武周树人",
            "content": "憨批一个",
            "time": "19-8-27 16:05"
        },
        {
            "comment id": 196,
            "parent": -1,
            "children": [],
            "user id": "6369552133",
            "user name": "那就浅玩一哈",
            "content": "都9012年了还有憨憨说狂犬病是学狗叫？",
            "time": "19-8-25 21:48"
        },
        {
            "comment id": 197,
            "parent": -1,
            "children": [],
            "user id": "5612274824",
            "user name": "擂辣椒茄子皮蛋",
            "content": "举报了 网页链接",
            "time": "19-8-24 18:58"
        },
        {
            "comment id": 198,
            "parent": -1,
            "children": [],
            "user id": "5450838354",
            "user name": "一夜爆腹",
            "content": "哈哈哈哈 造谣你能🔥吗 我看评论都是怼你的呢",
            "time": "19-8-24 13:00"
        },
        {
            "comment id": 199,
            "parent": -1,
            "children": [],
            "user id": "1609908852",
            "user name": "雨晨妹",
            "content": "哈哈哈哈哈哈",
            "time": "19-8-24 12:03"
        },
        {
            "comment id": 200,
            "parent": -1,
            "children": [],
            "user id": "2704772563",
            "user name": "我想瘦了呀",
            "content": "多读点书吧",
            "time": "19-8-24 01:20"
        },
        {
            "comment id": 201,
            "parent": -1,
            "children": [],
            "user id": "5174039414",
            "user name": "我只玩7王52山",
            "content": "@你告诉我为什么不可用",
            "time": "19-8-23 19:49"
        },
        {
            "comment id": 202,
            "parent": -1,
            "children": [],
            "user id": "2643061723",
            "user name": "晴枳_",
            "content": "哈哈哈我的天？",
            "time": "19-8-23 10:47"
        },
        {
            "comment id": 203,
            "parent": -1,
            "children": [],
            "user id": "5874612243",
            "user name": "实铁生",
            "content": "哈哈哈哈哈哈狂犬病学狗叫",
            "time": "19-8-23 08:58"
        },
        {
            "comment id": 204,
            "parent": -1,
            "children": [],
            "user id": "1262205555",
            "user name": "光风佳佳",
            "content": "被咬被抓了要及时打疫苗，不要拖，不要想着没关系。",
            "time": "19-8-23 05:33"
        },
        {
            "comment id": 205,
            "parent": -1,
            "children": [],
            "user id": "5792434670",
            "user name": "大顺儿和仨喵",
            "content": "假的。造谣蹲监狱",
            "time": "19-8-22 11:35"
        },
        {
            "comment id": 206,
            "parent": -1,
            "children": [],
            "user id": "1892494305",
            "user name": "社会大辈儿的喵哒",
            "content": "这是欺骗谁没见过狂犬病？",
            "time": "19-8-21 15:13"
        },
        {
            "comment id": 207,
            "parent": -1,
            "children": [],
            "user id": "7052261710",
            "user name": "昵称不可用怎么破333",
            "content": "我知道我造谣，但就是不想删嘛，哇好多人评论我赞我也",
            "time": "19-8-21 14:14"
        },
        {
            "comment id": 208,
            "parent": -1,
            "children": [],
            "user id": "6384870706",
            "user name": "浮萍何归",
            "content": "我以前有个选房堂叔也是被狗咬的，但没有出现这种情况，只是躺在床上抽搐，根本没有像博主说的那样学狗叫",
            "time": "19-8-21 13:25"
        },
        {
            "comment id": 209,
            "parent": -1,
            "children": [],
            "user id": "2956126410",
            "user name": "默默努力家",
            "content": "@一只Happy青年 這怕是精神病",
            "time": "19-8-21 12:36"
        },
        {
            "comment id": 210,
            "parent": -1,
            "children": [],
            "user id": "2681081703",
            "user name": "不能喝就算了",
            "content": "简直脑瘫。",
            "time": "19-8-20 06:22"
        },
        {
            "comment id": 211,
            "parent": -1,
            "children": [],
            "user id": "3922829569",
            "user name": "是谁这么可爱吖",
            "content": "你妈就是这样去世的吧？",
            "time": "19-8-20 00:37"
        },
        {
            "comment id": 212,
            "parent": -1,
            "children": [],
            "user id": "6517698577",
            "user name": "DOEQ",
            "content": "@孔武有力小朋友",
            "time": "19-8-19 21:10"
        },
        {
            "comment id": 213,
            "parent": -1,
            "children": [],
            "user id": "1466439307",
            "user name": "一颗软糯糯的团子",
            "content": "？？？？这么哗众取宠有意思？",
            "time": "19-8-19 20:50"
        },
        {
            "comment id": 214,
            "parent": -1,
            "children": [],
            "user id": "2061493720",
            "user name": "Andin029",
            "content": "狂犬病不狗叫",
            "time": "19-8-19 20:07"
        },
        {
            "comment id": 215,
            "parent": -1,
            "children": [],
            "user id": "3683752023",
            "user name": "不是咸鱼了",
            "content": "你是个哈批吧",
            "time": "19-8-19 18:19"
        },
        {
            "comment id": 216,
            "parent": -1,
            "children": [],
            "user id": "3923638323",
            "user name": "私人男孩",
            "content": "@阿洁大人在心里",
            "time": "19-8-19 16:39"
        },
        {
            "comment id": 217,
            "parent": -1,
            "children": [],
            "user id": "5459446344",
            "user name": "卑微崽崽-",
            "content": "谣言止于智者",
            "time": "19-8-19 16:17"
        },
        {
            "comment id": 218,
            "parent": -1,
            "children": [],
            "user id": "1449029495",
            "user name": "流泪的底限",
            "content": "真棒！哈哈！",
            "time": "19-8-19 11:50"
        },
        {
            "comment id": 219,
            "parent": -1,
            "children": [],
            "user id": "1688949283",
            "user name": "就叫周五",
            "content": "@124PG",
            "time": "19-8-19 11:18"
        },
        {
            "comment id": 220,
            "parent": -1,
            "children": [],
            "user id": "2073402014",
            "user name": "无所不能的Chaos",
            "content": "这是精神病发作吧",
            "time": "19-8-19 11:17"
        },
        {
            "comment id": 221,
            "parent": -1,
            "children": [],
            "user id": "6027166354",
            "user name": "Z-Chowhound",
            "content": "第一次知道狂犬病这样的 真怕她咬狗",
            "time": "19-8-19 10:28"
        },
        {
            "comment id": 222,
            "parent": -1,
            "children": [],
            "user id": "5641752013",
            "user name": "笆斗先生n",
            "content": "帮你过500",
            "time": "19-8-18 22:58"
        },
        {
            "comment id": 223,
            "parent": -1,
            "children": [],
            "user id": "2521254625",
            "user name": "_让哀家好好看看你",
            "content": "谁英语不好？赶紧找个外国人咬一口，你就会说英语啦！",
            "time": "19-8-18 16:45"
        },
        {
            "comment id": 224,
            "parent": -1,
            "children": [
                225
            ],
            "user id": "2342518311",
            "user name": "毛柳条",
            "content": "图片评论 ",
            "time": "19-8-18 15:55"
        },
        {
            "comment id": 225,
            "parent": 224,
            "children": [],
            "user id": "2280659961",
            "user name": "梅梅的锅锅",
            "content": "哈哈啊哈哈哈哈哈哈还",
            "time": "19-8-21 10:51"
        },
        {
            "comment id": 226,
            "parent": -1,
            "children": [],
            "user id": "1957679470",
            "user name": "天才第1步",
            "content": "哈皮",
            "time": "19-8-10 12:16"
        },
        {
            "comment id": 227,
            "parent": -1,
            "children": [],
            "user id": "1824299167",
            "user name": "Tiya小雅_希",
            "content": "神特么狂犬病，那要是被猫咬了就得猫叫？狼咬了得狼叫？还有其他动物呢再说这女的也就是叫几声怎么人家就学狗叫了",
            "time": "19-8-10 10:45"
        },
        {
            "comment id": 228,
            "parent": -1,
            "children": [],
            "user id": "2859592370",
            "user name": "贝尓",
            "content": "瞎扯",
            "time": "19-8-10 10:34"
        },
        {
            "comment id": 229,
            "parent": -1,
            "children": [],
            "user id": "1949038145",
            "user name": "WwW懒得理你WwW",
            "content": "它是深井冰",
            "time": "19-8-10 09:34"
        },
        {
            "comment id": 230,
            "parent": -1,
            "children": [],
            "user id": "2644186497",
            "user name": "认真背书的小彭",
            "content": "怎么现在还有文盲？",
            "time": "19-8-10 07:25"
        },
        {
            "comment id": 231,
            "parent": -1,
            "children": [],
            "user id": "1804597337",
            "user name": "孤独客一人",
            "content": "举报就举报",
            "time": "19-8-10 05:42"
        },
        {
            "comment id": 232,
            "parent": -1,
            "children": [],
            "user id": "2391575372",
            "user name": "兔子大哥",
            "content": "狂犬病这样？你没脑子吗",
            "time": "19-8-9 23:18"
        },
        {
            "comment id": 233,
            "parent": -1,
            "children": [],
            "user id": "5162602373",
            "user name": "0Ahao0",
            "content": "没打狂犬病的疫苗吗。正常养狗不是都要打吗",
            "time": "19-8-9 23:00"
        }
    ]
}