{
    "source": {
        "content": "：寻人启事\n13940292999。有线索酬金10万\n帮忙扩散，今天上午一个三岁多小女孩在锦绣花园小区附近被人拐走了，小女孩能说出她爸爸的手机号码 从监控上看是被一个四十多岁男人抱走了现大人都急疯了 有知情者请告之 万分感谢 看到信息的兄弟姐妹留意一下 联系人宁继春13940292999\n如果看一眼懒得转的冷漠的人也请\n你伸出手指按3秒 看到就转转 ",
        "time": "19-2-10 20:56",
        "user id": "5684047276",
        "tweet id": "Hg37abLpr",
        "label": 1,
        "theme": null
    },
    "comment": [
        {
            "comment id": 0,
            "parent": -1,
            "children": [],
            "user id": "2638700817",
            "user name": "机智又帅气_之棘",
            "content": "图片评论 网页链接",
            "time": "19-2-10 21:52"
        },
        {
            "comment id": 1,
            "parent": -1,
            "children": [],
            "user id": "1831448292",
            "user name": "常州网警巡查执法",
            "content": "您好，我是常州网警，您发布的信息为谣言。为避免不实信息的扩散，建议您将该信息自行删除。警方提示：根据《计算机信息网络国际联网安全保护管理办法》，利用互联网制作、复制、传播不实信息等扰乱社会秩序的，都属于违法行为。",
            "time": "19-4-29 16:15"
        },
        {
            "comment id": 2,
            "parent": -1,
            "children": [],
            "user id": "5835944060",
            "user name": "小果丁讷",
            "content": "假的",
            "time": "19-2-10 22:48"
        },
        {
            "comment id": 3,
            "parent": -1,
            "children": [],
            "user id": "6382296968",
            "user name": "RICK_ki",
            "content": "假的",
            "time": "19-2-10 21:44"
        },
        {
            "comment id": 4,
            "parent": -1,
            "children": [],
            "user id": "6980148236",
            "user name": "-炉钩子",
            "content": "我很认真的告诉你，这个是假的！",
            "time": "19-2-11 08:40"
        },
        {
            "comment id": 5,
            "parent": -1,
            "children": [],
            "user id": "1035868335",
            "user name": "雲胡不囍顏顏",
            "content": "图片评论 网页链接",
            "time": "19-2-10 22:29"
        }
    ]
}