{
    "source": {
        "content": "寻人启事\n13940292999。有线索酬金10万\n帮忙扩散，今天上午一个三岁多小男孩在锦绣花园小区附近被人拐走了，小男孩能说出爸爸的手机号码 从监控上看是被一个四十多岁男人抱走了现大人都急疯了 有知情者请告之 万分感谢 看到信息的兄弟姐妹留意一下 联系人宁继春13940292999\n如果看一眼懒得转的冷漠的人也请\n你伸出手指按3秒 看到就转转 ",
        "time": "19-2-11 07:55",
        "user id": "1594390633",
        "tweet id": "Hg7qxBfDG",
        "label": 1,
        "theme": null
    },
    "comment": [
        {
            "comment id": 0,
            "parent": -1,
            "children": [
                2,
                3,
                4
            ],
            "user id": "6232235686",
            "user name": "牵着小毛驴020",
            "content": "谣言止于智者，这都几年前的谣言了也有人信。",
            "time": "19-2-11 08:54"
        },
        {
            "comment id": 1,
            "parent": 2,
            "children": [],
            "user id": "1010011150",
            "user name": "智慧男孩有点秃头",
            "content": "回复@牵着小毛驴020:笑死了 还有人信 真弱智…… 这个社会上 低智商的咋这么多。 人家警方都辟谣了…",
            "time": "19-2-11 10:54"
        },
        {
            "comment id": 2,
            "parent": 0,
            "children": [
                1
            ],
            "user id": "6232235686",
            "user name": "牵着小毛驴020",
            "content": "回复@每天吃三个小朋友:貌似你才是。哈哈",
            "time": "19-2-11 09:37"
        },
        {
            "comment id": 3,
            "parent": 0,
            "children": [],
            "user id": "6232235686",
            "user name": "牵着小毛驴020",
            "content": "回复@每天吃三个小朋友:脑残才信这些",
            "time": "19-2-11 09:36"
        },
        {
            "comment id": 4,
            "parent": 0,
            "children": [],
            "user id": "6232235686",
            "user name": "牵着小毛驴020",
            "content": "回复@每天吃三个小朋友:最起码我智商没问题。",
            "time": "19-2-11 09:36"
        },
        {
            "comment id": 5,
            "parent": -1,
            "children": [],
            "user id": "6980148236",
            "user name": "-炉钩子",
            "content": "我很认真的告诉你，这个是假的！",
            "time": "19-2-11 08:39"
        }
    ]
}