{
    "source": {
        "content": "帮转，骗子勿扰，寻人启事\n13940292999。今天上午一个三岁多小女孩在锦绣花园小区附近被人拐走了，小女孩能说出她爸爸的手机号码 从监控上看是被一个四十多岁男人抱走了现大人都急疯了 有知情者请告之 万分感谢 看到信息的兄弟姐妹留意一下 联系人宁继春13940292999\n如果看一眼懒得转的冷漠的人也请\n你伸出手指按3秒 看到就转转🙏🙏 ",
        "time": "19-2-11 19:20",
        "user id": "3010034331",
        "tweet id": "HgbUHE7y9",
        "label": 1,
        "theme": null
    },
    "comment": [
        {
            "comment id": 0,
            "parent": -1,
            "children": [
                1
            ],
            "user id": "5300485969",
            "user name": "哥谭唱跳第一人",
            "content": "还\"骗子勿扰\"呢！这是假消息",
            "time": "19-2-12 22:12"
        },
        {
            "comment id": 1,
            "parent": 0,
            "children": [
                2
            ],
            "user id": "3010034331",
            "user name": "漓梧桐家的院子0215",
            "content": "额",
            "time": "19-2-13 20:55"
        },
        {
            "comment id": 2,
            "parent": 1,
            "children": [],
            "user id": "5300485969",
            "user name": "哥谭唱跳第一人",
            "content": "回复@伴夏飘乡:辟谣了……不信你搜一下……",
            "time": "19-2-13 21:17"
        },
        {
            "comment id": 3,
            "parent": -1,
            "children": [
                4
            ],
            "user id": "2697993540",
            "user name": "用户54694846874",
            "content": "您这就已经被骗子骗了",
            "time": "19-2-11 19:23"
        },
        {
            "comment id": 4,
            "parent": 3,
            "children": [
                5
            ],
            "user id": "3010034331",
            "user name": "漓梧桐家的院子0215",
            "content": "额，真的吗？我看朋友圈发的额",
            "time": "19-2-13 20:55"
        },
        {
            "comment id": 5,
            "parent": 4,
            "children": [],
            "user id": "2697993540",
            "user name": "用户54694846874",
            "content": "回复@伴夏飘乡:你可以去微博找这个手机号就可以了",
            "time": "19-2-13 21:56"
        },
        {
            "comment id": 6,
            "parent": -1,
            "children": [],
            "user id": "2697993540",
            "user name": "用户54694846874",
            "content": "这是假的",
            "time": "19-2-11 19:23"
        },
        {
            "comment id": 7,
            "parent": -1,
            "children": [],
            "user id": "2697993540",
            "user name": "用户54694846874",
            "content": "还骗子勿扰",
            "time": "19-2-11 19:23"
        }
    ]
}