{
    "source": {
        "content": "网传安徽六安一女子，因为父母要彩礼28万，礼钱太多，男方不接受，导至女子跳井自杀，真是钱比命贵，命比纸薄，为了钱搭上女儿一条命。， 作家刘小海的微博视频 ",
        "time": "19-2-17 21:39",
        "user id": "1906856481",
        "tweet id": "Hh7nYelZk",
        "label": 1,
        "theme": null
    },
    "comment": [
        {
            "comment id": 0,
            "parent": -1,
            "children": [],
            "user id": "1906856481",
            "user name": "作家刘小海",
            "content": "此条信息网友告知是不实信息。希望不要因为高价彩礼而真的造成悲剧！",
            "time": "19-3-1 16:02"
        },
        {
            "comment id": 1,
            "parent": -1,
            "children": [],
            "user id": "3028169162",
            "user name": "野泶肆",
            "content": "我们施桥的，2019大年初四，有点产后抑郁加上二胎女儿，才投井",
            "time": "19-2-23 08:13"
        },
        {
            "comment id": 2,
            "parent": -1,
            "children": [],
            "user id": "2612828573",
            "user name": "不屌不相识",
            "content": "是不实消息还是属于不和谐音？我昨天发了就给我删了视频",
            "time": "19-2-22 08:52"
        },
        {
            "comment id": 3,
            "parent": -1,
            "children": [],
            "user id": "6204327771",
            "user name": "我是醉雪碧",
            "content": "卖了女儿，给儿子买媳妇",
            "time": "19-2-26 13:37"
        },
        {
            "comment id": 4,
            "parent": -1,
            "children": [],
            "user id": "5749952721",
            "user name": "个人招租",
            "content": "若是真事，那她家就是人财两空了。",
            "time": "19-2-24 17:55"
        },
        {
            "comment id": 5,
            "parent": -1,
            "children": [],
            "user id": "2286419751",
            "user name": "-屮艸芔茻-",
            "content": "攀比，虚荣，物质，现实，无情，冷漠，这就是改革开放以来，物质生活提高了，而精神追求，观念意识，道德品质都扔掉了。这就是新时代的父母包办婚姻，男女有情有爱，却因为父母的干预而不能携手，只能阴阳两隔。改革开放以来信仰的缺失，教育的失败。",
            "time": "19-2-26 18:07"
        },
        {
            "comment id": 6,
            "parent": -1,
            "children": [],
            "user id": "6206206582",
            "user name": "矫情的陈太阳",
            "content": "安徽北部一些地区彩礼钱确实很多，二三十万太正常了，我同事说他有很多在老家的同学为了结婚父母都要去借钱去贷款。。。。结婚的时候都是抹眼泪。。",
            "time": "19-2-22 00:24"
        },
        {
            "comment id": 7,
            "parent": -1,
            "children": [],
            "user id": "3537690110",
            "user name": "VIC_Wong_",
            "content": "逝者安息",
            "time": "19-2-25 00:06"
        },
        {
            "comment id": 8,
            "parent": -1,
            "children": [],
            "user id": "3198150953",
            "user name": "规律探究",
            "content": "山东菏泽彩礼了解一下，地方不富，要的彩礼可不少",
            "time": "19-2-26 17:02"
        },
        {
            "comment id": 9,
            "parent": -1,
            "children": [],
            "user id": "6628230587",
            "user name": "娟儿来了1213",
            "content": "无意打扰愿安息🙏🙏🙏",
            "time": "19-2-26 10:42"
        },
        {
            "comment id": 10,
            "parent": -1,
            "children": [],
            "user id": "2613022421",
            "user name": "红色大狗Clifford",
            "content": "跟彩礼无关。自己没能力赚钱，就别总怨气冲天抱怨彩礼。",
            "time": "19-2-26 03:17"
        },
        {
            "comment id": 11,
            "parent": -1,
            "children": [],
            "user id": "1401450823",
            "user name": "疾风-隐",
            "content": "为了劝阻女要彩礼真是无所不用其极，新闻都编",
            "time": "19-2-24 20:43"
        },
        {
            "comment id": 12,
            "parent": -1,
            "children": [],
            "user id": "3119376467",
            "user name": "韩小小羊",
            "content": "到谈婚论嫁的时候了，女方就不要妄想要多少钱了。看看男方小伙子人怎样，是个老实人就嫁了吧。女儿幸福就好。这个时候你想让女儿分手也是不可能的事。",
            "time": "19-2-24 17:22"
        },
        {
            "comment id": 13,
            "parent": -1,
            "children": [],
            "user id": "3163146375",
            "user name": "快快荔枝",
            "content": "现在为什么大力宣传不要彩礼？",
            "time": "19-2-24 23:46"
        },
        {
            "comment id": 14,
            "parent": -1,
            "children": [],
            "user id": "5078245891",
            "user name": "苏北人Molly",
            "content": "怪不的我上次去澡堂洗澡，搓背阿姨说的，今天看到，原来是真的。",
            "time": "19-2-26 10:43"
        },
        {
            "comment id": 15,
            "parent": -1,
            "children": [],
            "user id": "2635327070",
            "user name": "锦鲤啥的都赶紧来668",
            "content": "回复@小聋瞎OwO 的表态:最近不知道咋滴，知乎上跟我推荐了很多女权和田园女权的问题。在看的过程中发现里面很多“女权主义者“倒真是把每一个地方都能跟钱挂钩，反倒是很多男性在跟她们讲男女平等。",
            "time": "19-2-26 09:31"
        },
        {
            "comment id": 16,
            "parent": -1,
            "children": [],
            "user id": "5843925372",
            "user name": "梁67345",
            "content": "钱钱钱……这是买卖关系？",
            "time": "19-2-26 11:47"
        },
        {
            "comment id": 17,
            "parent": -1,
            "children": [],
            "user id": "5556546700",
            "user name": "芥末阿聪",
            "content": "要跳也不会跳这个，",
            "time": "19-2-26 09:15"
        },
        {
            "comment id": 18,
            "parent": -1,
            "children": [],
            "user id": "1801436287",
            "user name": "三點幾咧飲茶先呐",
            "content": "来广东广西吧娶老婆吧，不，你们还是别来了。",
            "time": "19-2-21 16:48"
        },
        {
            "comment id": 19,
            "parent": -1,
            "children": [],
            "user id": "5165538923",
            "user name": "极品异类--煉獄破坏神",
            "content": "回复@happy老孟 的表态:",
            "time": "19-2-18 21:48"
        },
        {
            "comment id": 20,
            "parent": -1,
            "children": [],
            "user id": "5921519890",
            "user name": "沐风哥哥-V",
            "content": "收彩礼这事儿确实会让生活更糟糕 别问我怎么知道的",
            "time": "19-2-25 07:40"
        },
        {
            "comment id": 21,
            "parent": -1,
            "children": [],
            "user id": "3888021596",
            "user name": "宾语前置之惟利是图",
            "content": "不会后悔的，会找很多理由把自己说的很无辜的，这就是我们这地方人，狭隘，专制，胆小，冷漠！可自身浑然不觉！",
            "time": "19-2-20 20:29"
        },
        {
            "comment id": 22,
            "parent": -1,
            "children": [],
            "user id": "5390436424",
            "user name": "fengfxx",
            "content": "不管怎样 一路走好",
            "time": "19-2-24 23:35"
        },
        {
            "comment id": 23,
            "parent": -1,
            "children": [],
            "user id": "2760014770",
            "user name": "习惯做好人",
            "content": "穿红衣而走，怨气很重",
            "time": "19-2-24 11:52"
        },
        {
            "comment id": 24,
            "parent": -1,
            "children": [],
            "user id": "1737631714",
            "user name": "万向通达",
            "content": "不知道真假，不敢评论",
            "time": "19-2-21 23:33"
        },
        {
            "comment id": 25,
            "parent": -1,
            "children": [],
            "user id": "1412383294",
            "user name": "卡夫1018",
            "content": "马克思教育中国七十年，经济基础是决定一切其他的基础，包括婚姻，包括传宗接代。这是中国特色社会主义的核心价值观。我们不能选择这样的道德观，更无法改变它。因为作为中国人，我们都没有骨头，只有重新选择转世，才能离开这个烂透了都社会。",
            "time": "19-2-20 16:36"
        },
        {
            "comment id": 26,
            "parent": -1,
            "children": [],
            "user id": "6997044657",
            "user name": "看什么看你个呆子",
            "content": "为毛不私奔",
            "time": "19-2-17 22:50"
        }
    ]
}