{
    "source": {
        "content": "遇见不良商家，虾爬子竟然注胶了  ",
        "time": "19-3-12 21:02",
        "user id": "1884519404",
        "tweet id": "HkBYypcH9",
        "label": 1,
        "theme": null
    },
    "comment": [
        {
            "comment id": 0,
            "parent": -1,
            "children": [
                1,
                6,
                7
            ],
            "user id": "2035080941",
            "user name": "LIsten_HL",
            "content": "Sb",
            "time": "19-3-13 13:10"
        },
        {
            "comment id": 1,
            "parent": 0,
            "children": [],
            "user id": "3447080340",
            "user name": "三楼3fff",
            "content": "你一🐎当先，做个自我介绍",
            "time": "19-3-15 13:07"
        },
        {
            "comment id": 2,
            "parent": 3,
            "children": [],
            "user id": "2467167462",
            "user name": "大头肥鼠",
            "content": "回复@大连匈奴:可怜的博主啊哈哈",
            "time": "19-3-14 16:53"
        },
        {
            "comment id": 3,
            "parent": 4,
            "children": [
                2
            ],
            "user id": "1884519404",
            "user name": "大连匈奴",
            "content": "回复@親愛的Nancy_:嗯",
            "time": "19-3-14 15:48"
        },
        {
            "comment id": 4,
            "parent": 7,
            "children": [
                3
            ],
            "user id": "2735516567",
            "user name": "親愛的Nancy_",
            "content": "回复@大连匈奴:哎。真的是心疼你。。仿佛整个网络里知识渊博的人都赶来了",
            "time": "19-3-14 15:46"
        },
        {
            "comment id": 5,
            "parent": 7,
            "children": [],
            "user id": "5657517308",
            "user name": "我叫郭婧",
            "content": "回复@大连匈奴:哈哈哈哈哈哈心疼你！😂😂",
            "time": "19-3-13 22:50"
        },
        {
            "comment id": 6,
            "parent": 0,
            "children": [],
            "user id": "5784865296",
            "user name": "谁是颜控我打谁哦",
            "content": "形容到位，与图片无关，这些文字会引起误解",
            "time": "19-3-13 18:10"
        },
        {
            "comment id": 7,
            "parent": 0,
            "children": [
                4,
                5
            ],
            "user id": "1884519404",
            "user name": "大连匈奴",
            "content": "你全家都是s b",
            "time": "19-3-13 14:35"
        },
        {
            "comment id": 8,
            "parent": -1,
            "children": [
                9,
                10,
                11,
                12,
                13,
                15,
                18,
                19,
                22,
                24,
                25,
                29,
                30,
                31,
                32
            ],
            "user id": "1729081824",
            "user name": "张某的松紧裤",
            "content": "已举报造谣",
            "time": "19-3-13 14:38"
        },
        {
            "comment id": 9,
            "parent": 8,
            "children": [],
            "user id": "5802688736",
            "user name": "YXYMing",
            "content": "回复@小狐狐狐狸呀:没吃过会说他造谣？",
            "time": "19-3-15 10:41"
        },
        {
            "comment id": 10,
            "parent": 8,
            "children": [],
            "user id": "2735516567",
            "user name": "親愛的Nancy_",
            "content": "人家说反话重复个之前的一个笑话，你真的好认真",
            "time": "19-3-14 15:44"
        },
        {
            "comment id": 11,
            "parent": 8,
            "children": [],
            "user id": "5822888798",
            "user name": "全世界最厉害的小朋友的管理员",
            "content": "你是太没见识了吧，第一次吃？",
            "time": "19-3-14 13:56"
        },
        {
            "comment id": 12,
            "parent": 8,
            "children": [],
            "user id": "1634032602",
            "user name": "zaowan24087",
            "content": "测智商微博。",
            "time": "19-3-14 13:22"
        },
        {
            "comment id": 13,
            "parent": 8,
            "children": [],
            "user id": "2112944550",
            "user name": "土豆马铃薯味",
            "content": "举报走一波！造谣狗",
            "time": "19-3-14 12:22"
        },
        {
            "comment id": 14,
            "parent": 32,
            "children": [],
            "user id": "3015955467",
            "user name": "三文鱼ox",
            "content": "回复@大连匈奴:三百个人赞了他。是你俩谁脑子有病？不用觉得自己挺幽默或者挺委屈的    也不用嘲笑别人  记着被误解是你们这些表达者的宿命",
            "time": "19-3-14 08:48"
        },
        {
            "comment id": 15,
            "parent": 8,
            "children": [],
            "user id": "3044254293",
            "user name": "元元-jeff",
            "content": "一斤硅胶多少钱？",
            "time": "19-3-14 08:15"
        },
        {
            "comment id": 16,
            "parent": 32,
            "children": [],
            "user id": "2621059875",
            "user name": "十一号楼二零零二",
            "content": "回复@大连匈奴:低能啊？",
            "time": "19-3-14 07:09"
        },
        {
            "comment id": 17,
            "parent": 32,
            "children": [],
            "user id": "5784613166",
            "user name": "无期不在年华_",
            "content": "回复@大连匈奴:为了博关注你真是啥都说",
            "time": "19-3-14 07:05"
        },
        {
            "comment id": 18,
            "parent": 8,
            "children": [],
            "user id": "1811886277",
            "user name": "给我来个可乐呀",
            "content": "图片评论 查看图片",
            "time": "19-3-14 00:39"
        },
        {
            "comment id": 19,
            "parent": 8,
            "children": [],
            "user id": "2369119421",
            "user name": "城市里的野生动物",
            "content": "我也是",
            "time": "19-3-13 22:31"
        },
        {
            "comment id": 20,
            "parent": 28,
            "children": [],
            "user id": "2493836443",
            "user name": "我再看看这世界就走了",
            "content": "回复@渡我丶:你口中这种不过脑子的，最常见发生在自己的父母和亲戚长辈。",
            "time": "19-3-13 21:36"
        },
        {
            "comment id": 21,
            "parent": 32,
            "children": [],
            "user id": "5667883366",
            "user name": "卟来卟来的金灿灿",
            "content": "回复@大连匈奴:活该",
            "time": "19-3-13 21:19"
        },
        {
            "comment id": 22,
            "parent": 8,
            "children": [],
            "user id": "5270486735",
            "user name": "慕青鸢a",
            "content": "朋友圈第二天就开始传了",
            "time": "19-3-13 21:11"
        },
        {
            "comment id": 23,
            "parent": 32,
            "children": [],
            "user id": "5682836027",
            "user name": "Yellow_3t",
            "content": "回复@大连匈奴:我看你需要治治",
            "time": "19-3-13 21:04"
        },
        {
            "comment id": 24,
            "parent": 8,
            "children": [],
            "user id": "1652693967",
            "user name": "不吃爆米花哈",
            "content": "没吃过虾爬子 不怪你哈",
            "time": "19-3-13 20:44"
        },
        {
            "comment id": 25,
            "parent": 8,
            "children": [],
            "user id": "1740579762",
            "user name": "vv笑",
            "content": "你还是直接去举报虾爬呃吧，都怪它长的太好，带籽还这么饱满",
            "time": "19-3-13 20:42"
        },
        {
            "comment id": 26,
            "parent": 32,
            "children": [],
            "user id": "5752860212",
            "user name": "Zzzzzzzzzz0121",
            "content": "回复@大连匈奴:脑子有毛病的是你哦",
            "time": "19-3-13 19:39"
        },
        {
            "comment id": 27,
            "parent": 28,
            "children": [],
            "user id": "5784865296",
            "user name": "谁是颜控我打谁哦",
            "content": "回复@渡我丶:食品安全关乎民生，不能拿来开玩笑。要开玩笑，你可以找个其他东西。",
            "time": "19-3-13 18:06"
        },
        {
            "comment id": 28,
            "parent": 32,
            "children": [
                20,
                27
            ],
            "user id": "2877669973",
            "user name": "渡我丶",
            "content": "回复@大连匈奴:大哥你要知道网上啥人都有，真有那种不过脑子的，肯定会有人信这就是胶，你加多少个狗头他也不看",
            "time": "19-3-13 17:59"
        },
        {
            "comment id": 29,
            "parent": 8,
            "children": [],
            "user id": "5482682543",
            "user name": "届介节",
            "content": "可以，同意",
            "time": "19-3-13 17:46"
        },
        {
            "comment id": 30,
            "parent": 8,
            "children": [],
            "user id": "3989292800",
            "user name": "炎灬觌氅",
            "content": "",
            "time": "19-3-13 17:22"
        },
        {
            "comment id": 31,
            "parent": 8,
            "children": [],
            "user id": "3753084493",
            "user name": "drenched_yours",
            "content": "分享图片 查看图片",
            "time": "19-3-13 16:17"
        },
        {
            "comment id": 32,
            "parent": 8,
            "children": [
                14,
                16,
                17,
                21,
                23,
                26,
                28
            ],
            "user id": "1884519404",
            "user name": "大连匈奴",
            "content": "你脑子没毛病吧？",
            "time": "19-3-13 14:42"
        },
        {
            "comment id": 33,
            "parent": -1,
            "children": [
                35,
                36,
                39
            ],
            "user id": "1652693967",
            "user name": "不吃爆米花哈",
            "content": "这博主 你不要出来秀胎盘了 笑抽",
            "time": "19-3-13 20:45"
        },
        {
            "comment id": 34,
            "parent": 39,
            "children": [],
            "user id": "2842112703",
            "user name": "王吉祥哈哈哈哈哈",
            "content": "回复@大连匈奴:跟东财啥关系，没事找事吧你",
            "time": "19-3-15 10:26"
        },
        {
            "comment id": 35,
            "parent": 33,
            "children": [],
            "user id": "6934309954",
            "user name": "小狐狸狸呀",
            "content": "回复@SQ_今天更新了吗:那看出来 你成功被教育了 只不过是被教育成狗了 就是没成人",
            "time": "19-3-14 20:13"
        },
        {
            "comment id": 36,
            "parent": 33,
            "children": [],
            "user id": "6315313165",
            "user name": "林逸欣逸逸",
            "content": "回复@小狐狐狐狸呀:反正你不成功",
            "time": "19-3-14 11:18"
        },
        {
            "comment id": 37,
            "parent": 39,
            "children": [],
            "user id": "1652693967",
            "user name": "不吃爆米花哈",
            "content": "回复@大连匈奴:看来你成人教育很成功",
            "time": "19-3-14 09:02"
        },
        {
            "comment id": 38,
            "parent": 39,
            "children": [],
            "user id": "5761481952",
            "user name": "URMY天使-Henry-Lau",
            "content": "回复@大连匈奴:其实食品安全谣言那么多，你就别吓唬他们了",
            "time": "19-3-13 21:33"
        },
        {
            "comment id": 39,
            "parent": 33,
            "children": [
                34,
                37,
                38
            ],
            "user id": "1884519404",
            "user name": "大连匈奴",
            "content": "智商真低，还东财的？成人教育？",
            "time": "19-3-13 20:47"
        },
        {
            "comment id": 40,
            "parent": -1,
            "children": [
                41,
                43
            ],
            "user id": "2061096244",
            "user name": "暖洋洋呀么暖洋洋",
            "content": "很认真的给你科普的那些群众都是带脑袋来的吗？你以后还敢不敢了？",
            "time": "19-3-13 21:37"
        },
        {
            "comment id": 41,
            "parent": 40,
            "children": [],
            "user id": "1884519404",
            "user name": "大连匈奴",
            "content": "回复@我是赵舜琦鸭:我还举报过螃蟹注胶了",
            "time": "19-3-14 16:22"
        },
        {
            "comment id": 42,
            "parent": 43,
            "children": [],
            "user id": "5059111385",
            "user name": "叫我小琦就好啦",
            "content": "回复@大连匈奴:哈哈哈哈上次举报墨鱼里面有塑料的是不是也是你？",
            "time": "19-3-14 16:07"
        },
        {
            "comment id": 43,
            "parent": 40,
            "children": [
                42
            ],
            "user id": "1884519404",
            "user name": "大连匈奴",
            "content": "不敢了",
            "time": "19-3-13 21:41"
        },
        {
            "comment id": 44,
            "parent": -1,
            "children": [],
            "user id": "2735516567",
            "user name": "親愛的Nancy_",
            "content": "但凡长期关注过他的人都了解他说话风格，但凡看过之前的一个关于皮皮虾的视频的梗的都看得懂这条到底其实是在秀虾有籽很肥的意思。我说呢生活中遇见的人都不咋有文化，原来文化人全在网上呀，真的是开了眼",
            "time": "19-3-14 15:52"
        },
        {
            "comment id": 45,
            "parent": -1,
            "children": [
                46
            ],
            "user id": "6052633657",
            "user name": "了不起的三先生",
            "content": "这个时候要用",
            "time": "19-3-13 16:26"
        },
        {
            "comment id": 46,
            "parent": 45,
            "children": [],
            "user id": "1884519404",
            "user name": "大连匈奴",
            "content": "",
            "time": "19-3-13 16:28"
        },
        {
            "comment id": 47,
            "parent": -1,
            "children": [
                48
            ],
            "user id": "1899011833",
            "user name": "nickbearzr",
            "content": "狗头用的不好",
            "time": "19-3-13 16:03"
        },
        {
            "comment id": 48,
            "parent": 47,
            "children": [
                49
            ],
            "user id": "1884519404",
            "user name": "大连匈奴",
            "content": "该怎么用我也迷茫了",
            "time": "19-3-13 16:08"
        },
        {
            "comment id": 49,
            "parent": 48,
            "children": [],
            "user id": "1899011833",
            "user name": "nickbearzr",
            "content": "回复@大连匈奴:现在满脑子只有虾爬子籽的口感，别理我",
            "time": "19-3-13 16:11"
        },
        {
            "comment id": 50,
            "parent": -1,
            "children": [
                51
            ],
            "user id": "2264130414",
            "user name": "郭抱抱Una",
            "content": "你用错表情了，应该用，这个狗头",
            "time": "19-3-15 18:18"
        },
        {
            "comment id": 51,
            "parent": 50,
            "children": [],
            "user id": "1884519404",
            "user name": "大连匈奴",
            "content": "",
            "time": "19-3-15 18:36"
        },
        {
            "comment id": 52,
            "parent": -1,
            "children": [
                53
            ],
            "user id": "6606148884",
            "user name": "闫东2014",
            "content": "没吃过虾爬子子吗？商家真可怜，躺着中枪。",
            "time": "19-3-13 08:31"
        },
        {
            "comment id": 53,
            "parent": 52,
            "children": [],
            "user id": "1884519404",
            "user name": "大连匈奴",
            "content": "哇哈哈哈哈",
            "time": "19-3-13 09:15"
        },
        {
            "comment id": 54,
            "parent": -1,
            "children": [
                55,
                56,
                57,
                58,
                59,
                60,
                61
            ],
            "user id": "2431805943",
            "user name": "瓜瓜的大瓜",
            "content": "大哥，这个不是籽吗？",
            "time": "19-3-12 21:07"
        },
        {
            "comment id": 55,
            "parent": 54,
            "children": [],
            "user id": "5614434841",
            "user name": "汪叽打不赢喵叽",
            "content": "原来是这种，谢谢科普，这个是真不知道",
            "time": "19-3-14 12:57"
        },
        {
            "comment id": 56,
            "parent": 54,
            "children": [],
            "user id": "2431805943",
            "user name": "瓜瓜的大瓜",
            "content": "城里人套路太深",
            "time": "19-3-14 06:45"
        },
        {
            "comment id": 57,
            "parent": 54,
            "children": [],
            "user id": "5580683269",
            "user name": "百年忽悠",
            "content": "你大哥不认识籽，只知道“胶”",
            "time": "19-3-13 19:10"
        },
        {
            "comment id": 58,
            "parent": 54,
            "children": [],
            "user id": "6314125182",
            "user name": "DL海茄子",
            "content": "哇！老实人！",
            "time": "19-3-13 08:29"
        },
        {
            "comment id": 59,
            "parent": 54,
            "children": [],
            "user id": "1253473911",
            "user name": "怕妻诺夫司机",
            "content": "哈哈哈，你真实惠",
            "time": "19-3-13 06:25"
        },
        {
            "comment id": 60,
            "parent": 54,
            "children": [],
            "user id": "1298258941",
            "user name": "hello_lily",
            "content": "快来看，这里有个老实人",
            "time": "19-3-12 22:00"
        },
        {
            "comment id": 61,
            "parent": 54,
            "children": [],
            "user id": "1910513637",
            "user name": "百事可爱0411",
            "content": "哈哈哈哈哈，是籽哦",
            "time": "19-3-12 21:21"
        },
        {
            "comment id": 62,
            "parent": -1,
            "children": [],
            "user id": "2822924892",
            "user name": "小鱼kekooo-",
            "content": "给我来三斤",
            "time": "19-3-14 15:48"
        },
        {
            "comment id": 63,
            "parent": -1,
            "children": [],
            "user id": "6183866694",
            "user name": "傲来国的猴胖",
            "content": "现在有虾爬子嘛，好馋",
            "time": "19-3-14 15:46"
        },
        {
            "comment id": 64,
            "parent": -1,
            "children": [],
            "user id": "6140943792",
            "user name": "snwkqns",
            "content": "你应该用才对",
            "time": "19-3-14 15:39"
        },
        {
            "comment id": 65,
            "parent": -1,
            "children": [],
            "user id": "5893631067",
            "user name": "hmily的小店",
            "content": "你故意的吧😄",
            "time": "19-3-14 15:09"
        },
        {
            "comment id": 66,
            "parent": -1,
            "children": [],
            "user id": "6511071143",
            "user name": "一个七月520",
            "content": "好肥",
            "time": "19-3-14 14:29"
        },
        {
            "comment id": 67,
            "parent": -1,
            "children": [],
            "user id": "2160204425",
            "user name": "柳Elvira",
            "content": "没文化真可怕",
            "time": "19-3-14 14:02"
        },
        {
            "comment id": 68,
            "parent": -1,
            "children": [],
            "user id": "5871720403",
            "user name": "江东东2015",
            "content": "",
            "time": "19-3-14 13:29"
        },
        {
            "comment id": 69,
            "parent": -1,
            "children": [],
            "user id": "3892046382",
            "user name": "爪子英雄",
            "content": "有这个更好吃，不要给我，我统统接受",
            "time": "19-3-14 13:08"
        },
        {
            "comment id": 70,
            "parent": -1,
            "children": [],
            "user id": "2309258142",
            "user name": "跌勾跌勾跌",
            "content": "玩砸了吧",
            "time": "19-3-14 12:20"
        },
        {
            "comment id": 71,
            "parent": -1,
            "children": [],
            "user id": "1848057273",
            "user name": "峨眉云霞",
            "content": "人家都加了狗头了……",
            "time": "19-3-14 11:32"
        },
        {
            "comment id": 72,
            "parent": -1,
            "children": [],
            "user id": "2041790277",
            "user name": "牛肉面面的那种面面",
            "content": "流口水",
            "time": "19-3-14 11:25"
        },
        {
            "comment id": 73,
            "parent": -1,
            "children": [],
            "user id": "5225050959",
            "user name": "回忆是一条狂犬1",
            "content": "低价回收注胶虾爬子",
            "time": "19-3-14 11:24"
        },
        {
            "comment id": 74,
            "parent": -1,
            "children": [],
            "user id": "1658366992",
            "user name": "AK先生爱吃肉",
            "content": "让你钓鱼。。。被科普了吧。。。",
            "time": "19-3-14 11:11"
        },
        {
            "comment id": 75,
            "parent": -1,
            "children": [],
            "user id": "1943567390",
            "user name": "韩梅梅小盆友吖",
            "content": "确实，太过分了，你把它们寄过来我帮你鉴定下",
            "time": "19-3-14 11:09"
        },
        {
            "comment id": 76,
            "parent": -1,
            "children": [],
            "user id": "3257332500",
            "user name": "Sure__SSW",
            "content": "放下，别吃，有毒，赶快私信我地址，我去替你吃",
            "time": "19-3-14 11:08"
        },
        {
            "comment id": 77,
            "parent": -1,
            "children": [],
            "user id": "3825838197",
            "user name": "小熊饼干啵啵茶",
            "content": "不要给我吃吧 我就喜欢吃这种带籽的",
            "time": "19-3-14 11:04"
        },
        {
            "comment id": 78,
            "parent": -1,
            "children": [],
            "user id": "2881457682",
            "user name": "cfso929",
            "content": "是道德的沦丧还是人性的扭曲？虾爬子的黄何以成为胶水？",
            "time": "19-3-14 10:57"
        },
        {
            "comment id": 79,
            "parent": -1,
            "children": [],
            "user id": "5721651176",
            "user name": "大风伴着烈酒",
            "content": "呵呵～～～～～",
            "time": "19-3-14 10:49"
        },
        {
            "comment id": 80,
            "parent": -1,
            "children": [],
            "user id": "5544279259",
            "user name": "邪星V坠落",
            "content": "呸",
            "time": "19-3-14 10:27"
        },
        {
            "comment id": 81,
            "parent": -1,
            "children": [],
            "user id": "6314989302",
            "user name": "年少无欢悲",
            "content": "玩笑开的不明显",
            "time": "19-3-14 10:26"
        },
        {
            "comment id": 82,
            "parent": -1,
            "children": [],
            "user id": "3289511785",
            "user name": "海鲜泡面君",
            "content": "食品安全的事情在中国可敏感了，而且狗头也不是所有人都知道",
            "time": "19-3-14 10:22"
        },
        {
            "comment id": 83,
            "parent": -1,
            "children": [],
            "user id": "6195349682",
            "user name": "Jinguoguo2018",
            "content": "哪买的，给我来十斤",
            "time": "19-3-14 10:19"
        },
        {
            "comment id": 84,
            "parent": -1,
            "children": [],
            "user id": "2239986407",
            "user name": "lin林12345",
            "content": "你没毛病吧",
            "time": "19-3-14 10:13"
        },
        {
            "comment id": 85,
            "parent": -1,
            "children": [],
            "user id": "5067556995",
            "user name": "香菜配面汤",
            "content": "你这不像笑话啊，因为一点也不好笑，倒像造谣多一点，我相信没吃过皮皮虾的老年人会相信，所以你这不如不发",
            "time": "19-3-14 10:13"
        },
        {
            "comment id": 86,
            "parent": -1,
            "children": [],
            "user id": "2430683675",
            "user name": "钉钉大王",
            "content": "请给我送来，就让我受这苦吧",
            "time": "19-3-14 10:13"
        },
        {
            "comment id": 87,
            "parent": -1,
            "children": [],
            "user id": "2661416243",
            "user name": "XieJinJin--",
            "content": "怕是第一吃吃虾菇的兄弟",
            "time": "19-3-14 10:12"
        },
        {
            "comment id": 88,
            "parent": -1,
            "children": [],
            "user id": "5705518489",
            "user name": "猫奴本性",
            "content": "这不就是皮皮虾吗",
            "time": "19-3-14 09:55"
        },
        {
            "comment id": 89,
            "parent": -1,
            "children": [],
            "user id": "2591432733",
            "user name": "-Nice澎彭",
            "content": "哪家店！！！你千万别吃！放着让我来！！！！",
            "time": "19-3-14 09:47"
        },
        {
            "comment id": 90,
            "parent": -1,
            "children": [],
            "user id": "6049481181",
            "user name": "被散打之王者",
            "content": "你这个真的是注脚了，不能吃，快给我发来我帮你去化验。",
            "time": "19-3-14 09:45"
        },
        {
            "comment id": 91,
            "parent": -1,
            "children": [],
            "user id": "5626565701",
            "user name": "哟呵呵哒_00",
            "content": "自以为是的抖机灵，但确实很容易误导别人，并可能造成谣传。所以别人骂你，不亏！",
            "time": "19-3-14 09:44"
        },
        {
            "comment id": 92,
            "parent": -1,
            "children": [],
            "user id": "5936073488",
            "user name": "DQDQqqqq",
            "content": "我要吃，",
            "time": "19-3-14 09:33"
        },
        {
            "comment id": 93,
            "parent": -1,
            "children": [],
            "user id": "6967619571",
            "user name": "我想吃素呀",
            "content": "这种不良商家多给我介绍一点",
            "time": "19-3-14 09:26"
        },
        {
            "comment id": 94,
            "parent": -1,
            "children": [],
            "user id": "5327734803",
            "user name": "呆呆呆呆111",
            "content": "不该用的，只用就好了",
            "time": "19-3-14 09:03"
        },
        {
            "comment id": 95,
            "parent": -1,
            "children": [],
            "user id": "2281951105",
            "user name": "熊孩子呆呆",
            "content": "怕不是傻子吧，带籽儿都不知道，还注胶",
            "time": "19-3-14 08:57"
        },
        {
            "comment id": 96,
            "parent": -1,
            "children": [],
            "user id": "3957109002",
            "user name": "大H在这",
            "content": "认真的？",
            "time": "19-3-14 08:28"
        },
        {
            "comment id": 97,
            "parent": -1,
            "children": [],
            "user id": "5672826787",
            "user name": "隔壁村杀猪的表弟的厨师的二姨夫",
            "content": "5毛一斤回收。及时止损啊",
            "time": "19-3-13 16:14"
        },
        {
            "comment id": 98,
            "parent": -1,
            "children": [],
            "user id": "2815359791",
            "user name": "疾风暗夜",
            "content": "不会吃就别吃了，吃了浪费",
            "time": "19-3-13 16:11"
        },
        {
            "comment id": 99,
            "parent": -1,
            "children": [],
            "user id": "1179767120",
            "user name": "就叫阿不了",
            "content": "可怜的内陆人",
            "time": "19-3-13 16:00"
        },
        {
            "comment id": 100,
            "parent": -1,
            "children": [],
            "user id": "1841327807",
            "user name": "花月末",
            "content": "这种注胶的皮皮虾给我来5斤谢谢",
            "time": "19-3-13 15:51"
        },
        {
            "comment id": 101,
            "parent": -1,
            "children": [],
            "user id": "1781695480",
            "user name": "一粒微尘想阳光",
            "content": "无知",
            "time": "19-3-13 15:48"
        },
        {
            "comment id": 102,
            "parent": -1,
            "children": [],
            "user id": "1850700877",
            "user name": "赖育涵",
            "content": "致远星战况如何",
            "time": "19-3-13 15:45"
        },
        {
            "comment id": 103,
            "parent": -1,
            "children": [],
            "user id": "1102939475",
            "user name": "我的小太阳WJC程程",
            "content": "这是虾的籽，最好吃的地方，真是无语😓",
            "time": "19-3-13 15:32"
        },
        {
            "comment id": 104,
            "parent": -1,
            "children": [],
            "user id": "2097135964",
            "user name": "你总是那样美",
            "content": "那个是红膏吧",
            "time": "19-3-13 15:32"
        },
        {
            "comment id": 105,
            "parent": -1,
            "children": [],
            "user id": "1791966943",
            "user name": "公元_1987",
            "content": "老实人真多",
            "time": "19-3-13 15:27"
        },
        {
            "comment id": 106,
            "parent": -1,
            "children": [],
            "user id": "1849586510",
            "user name": "是小仙仙哦",
            "content": "那是母皮皮虾，那是籽",
            "time": "19-3-13 15:26"
        },
        {
            "comment id": 107,
            "parent": -1,
            "children": [],
            "user id": "2803329134",
            "user name": "黑镜偏",
            "content": "这虾一斤多少，胶一斤多少，活的虾一斤多少，死的虾一斤多少。希望你有个脑子。。",
            "time": "19-3-13 15:26"
        },
        {
            "comment id": 108,
            "parent": -1,
            "children": [],
            "user id": "2683046894",
            "user name": "逃跑无出路",
            "content": "雄虾的精囊",
            "time": "19-3-13 15:23"
        },
        {
            "comment id": 109,
            "parent": -1,
            "children": [],
            "user id": "2168084401",
            "user name": "观音寺幺妹",
            "content": "中国之所以这么多人造价售价，干一些违法勾当，就是惩处力度太小，违法成本太低！",
            "time": "19-3-13 14:51"
        },
        {
            "comment id": 110,
            "parent": -1,
            "children": [],
            "user id": "2179864413",
            "user name": "慕_慕",
            "content": "又来一个无知的人",
            "time": "19-3-13 14:39"
        },
        {
            "comment id": 111,
            "parent": -1,
            "children": [],
            "user id": "2507171850",
            "user name": "云鹤有云",
            "content": "煮老了",
            "time": "19-3-13 14:21"
        },
        {
            "comment id": 112,
            "parent": -1,
            "children": [],
            "user id": "5554301636",
            "user name": "里儿个浪",
            "content": "这是卵……",
            "time": "19-3-13 14:03"
        },
        {
            "comment id": 113,
            "parent": -1,
            "children": [],
            "user id": "1786674345",
            "user name": "晒太阳的猫",
            "content": "留着给我处理，快递费我出！！",
            "time": "19-3-13 13:49"
        },
        {
            "comment id": 114,
            "parent": -1,
            "children": [],
            "user id": "5525710007",
            "user name": "雪莉的梦想国",
            "content": "曝光他",
            "time": "19-3-13 13:46"
        },
        {
            "comment id": 115,
            "parent": -1,
            "children": [],
            "user id": "3487365141",
            "user name": "太二真人1872",
            "content": "",
            "time": "19-3-13 13:36"
        },
        {
            "comment id": 116,
            "parent": -1,
            "children": [],
            "user id": "3170512421",
            "user name": "CHENCHEN-NINI",
            "content": "快递给我吧，我帮你吃",
            "time": "19-3-13 13:36"
        },
        {
            "comment id": 117,
            "parent": -1,
            "children": [],
            "user id": "1064346584",
            "user name": "imabusybee",
            "content": "还有这种操作",
            "time": "19-3-13 13:26"
        },
        {
            "comment id": 118,
            "parent": -1,
            "children": [],
            "user id": "1837085370",
            "user name": "-潘婷向M之路进发",
            "content": "想吃",
            "time": "19-3-13 13:05"
        },
        {
            "comment id": 119,
            "parent": -1,
            "children": [],
            "user id": "1825269034",
            "user name": "昵称_麻烦死",
            "content": "这么无良的商家，必须拥有名字，地址!我要去买买买",
            "time": "19-3-12 22:05"
        },
        {
            "comment id": 120,
            "parent": -1,
            "children": [],
            "user id": "5285866747",
            "user name": "蓝色深冰",
            "content": "交给我们吧，别吃坏了你的身体",
            "time": "19-3-12 21:08"
        },
        {
            "comment id": 121,
            "parent": -1,
            "children": [],
            "user id": "5124311037",
            "user name": "chaos孙",
            "content": "这是个脑残吗",
            "time": "19-3-13 16:15"
        },
        {
            "comment id": 122,
            "parent": -1,
            "children": [],
            "user id": "5513530983",
            "user name": "Mr娄数一150",
            "content": "哗众取宠，",
            "time": "19-3-15 09:11"
        },
        {
            "comment id": 123,
            "parent": -1,
            "children": [],
            "user id": "1650746640",
            "user name": "Christian不卖奶粉",
            "content": "还有人说公的大闸蟹也注胶了呢",
            "time": "19-3-13 13:55"
        },
        {
            "comment id": 124,
            "parent": -1,
            "children": [],
            "user id": "6481994700",
            "user name": "杨小满装可怜儿",
            "content": "还有这样无良的商家！快告诉我在哪",
            "time": "19-3-12 21:08"
        },
        {
            "comment id": 125,
            "parent": -1,
            "children": [],
            "user id": "6077876357",
            "user name": "_晓丹34452",
            "content": "显摆",
            "time": "19-3-15 15:49"
        },
        {
            "comment id": 126,
            "parent": -1,
            "children": [],
            "user id": "3529706724",
            "user name": "不简单的小美妹",
            "content": "这个是好东西啊",
            "time": "19-3-15 14:16"
        },
        {
            "comment id": 127,
            "parent": -1,
            "children": [],
            "user id": "6152371277",
            "user name": "Kiki里_",
            "content": "潮汕人吃了几百年的注胶的皮皮虾我们怎么没有事.....",
            "time": "19-3-15 02:42"
        },
        {
            "comment id": 128,
            "parent": -1,
            "children": [],
            "user id": "6098641697",
            "user name": "雾都孤儿27005",
            "content": "论用对狗头的重要性！ ",
            "time": "19-3-14 13:53"
        },
        {
            "comment id": 129,
            "parent": -1,
            "children": [],
            "user id": "5977379226",
            "user name": "囧架架欧耶",
            "content": "狗头用错了",
            "time": "19-3-14 12:26"
        },
        {
            "comment id": 130,
            "parent": -1,
            "children": [],
            "user id": "5977379226",
            "user name": "囧架架欧耶",
            "content": "",
            "time": "19-3-14 12:25"
        },
        {
            "comment id": 131,
            "parent": -1,
            "children": [],
            "user id": "6724094475",
            "user name": "小倪同学865",
            "content": "以后记得多加几个",
            "time": "19-3-14 10:18"
        }
    ]
}