{
    "source": {
        "content": "【太可怕了】埃航坠机视频来了。。。 黑e土地陈的微博视频 ",
        "time": "19-3-13 14:02",
        "user id": "5593168217",
        "tweet id": "HkIEA6KNa",
        "label": 1,
        "theme": null
    },
    "comment": [
        {
            "comment id": 0,
            "parent": -1,
            "children": [],
            "user id": "2055559065",
            "user name": "家有小鲲鲲",
            "content": "老视频",
            "time": "19-3-13 14:08"
        },
        {
            "comment id": 1,
            "parent": -1,
            "children": [],
            "user id": "1788035591",
            "user name": "心-随-风-舞",
            "content": "假的",
            "time": "19-3-13 16:35"
        },
        {
            "comment id": 2,
            "parent": -1,
            "children": [],
            "user id": "1760134383",
            "user name": "功夫熊猫xm",
            "content": "这是美国的军机，多少年前的视频了",
            "time": "19-3-13 15:48"
        },
        {
            "comment id": 3,
            "parent": -1,
            "children": [],
            "user id": "1841437101",
            "user name": "MrAlexxxx",
            "content": "假的，737-MAX可是是双引擎，不是4个",
            "time": "19-3-13 14:47"
        },
        {
            "comment id": 4,
            "parent": -1,
            "children": [],
            "user id": "1660408187",
            "user name": "兔子i",
            "content": "这是真的假的？？",
            "time": "19-3-13 14:06"
        }
    ]
}