{
    "source": {
        "content": "心理崩溃了！模拟近日的埃塞俄比亚空难最后二分钟视频！坐飞机还是注意点儿好！ 刀兄的微博视频 ",
        "time": "19-3-13 15:40",
        "user id": "1956498357",
        "tweet id": "HkJi897Nt",
        "label": 1,
        "theme": null
    },
    "comment": [
        {
            "comment id": 0,
            "parent": -1,
            "children": [],
            "user id": "3223032624",
            "user name": "淡定zz一生",
            "content": "黑匣子还没解码，何来视频？",
            "time": "19-3-13 15:42"
        },
        {
            "comment id": 1,
            "parent": -1,
            "children": [],
            "user id": "2085551041",
            "user name": "边个甘大胆",
            "content": "见到死神的尖叫 是挺崩溃的",
            "time": "19-3-13 15:45"
        },
        {
            "comment id": 2,
            "parent": -1,
            "children": [],
            "user id": "2918073235",
            "user name": "山中的美丽石楠花",
            "content": "我每次坐飞机都是害怕 这次看了这新闻 还是尽量少坐飞机",
            "time": "19-3-13 17:00"
        },
        {
            "comment id": 3,
            "parent": -1,
            "children": [],
            "user id": "2327021584",
            "user name": "赵希瑞",
            "content": "逝者安息！",
            "time": "19-3-13 15:43"
        },
        {
            "comment id": 4,
            "parent": -1,
            "children": [],
            "user id": "2750562391",
            "user name": "她摆烂向来很可以的",
            "content": "这怎么注意",
            "time": "19-3-13 20:15"
        },
        {
            "comment id": 5,
            "parent": -1,
            "children": [],
            "user id": "6147282375",
            "user name": "少年派大星的奇幻漂流",
            "content": "但是自己注意有什么用 也不是自己可以控制的",
            "time": "19-3-13 19:02"
        },
        {
            "comment id": 6,
            "parent": -1,
            "children": [],
            "user id": "6019127361",
            "user name": "Aimee上云轩",
            "content": "转发微博",
            "time": "19-3-13 17:02"
        },
        {
            "comment id": 7,
            "parent": -1,
            "children": [],
            "user id": "5774196280",
            "user name": "用户被禁用",
            "content": "还是别出国了，国内航班可是零意外",
            "time": "19-3-19 12:13"
        },
        {
            "comment id": 8,
            "parent": -1,
            "children": [],
            "user id": "6988680259",
            "user name": "雨York",
            "content": "怎么注意啊？这就是命",
            "time": "19-3-13 23:05"
        },
        {
            "comment id": 9,
            "parent": -1,
            "children": [],
            "user id": "2653613315",
            "user name": "无忧大师2653613315",
            "content": "注意管啥用",
            "time": "19-3-13 16:28"
        },
        {
            "comment id": 10,
            "parent": -1,
            "children": [],
            "user id": "1737480362",
            "user name": "天枰待人",
            "content": "动画",
            "time": "19-3-13 22:32"
        },
        {
            "comment id": 11,
            "parent": -1,
            "children": [],
            "user id": "5226394787",
            "user name": "__hhhhello",
            "content": "@__hhhhhhhi",
            "time": "19-3-13 21:30"
        },
        {
            "comment id": 12,
            "parent": -1,
            "children": [],
            "user id": "1785298380",
            "user name": "改了名就等于隐身了",
            "content": "我坐飞机注意个啥....别触发烟雾报警器吗，关键我注意了没用啊",
            "time": "19-3-13 19:34"
        },
        {
            "comment id": 13,
            "parent": -1,
            "children": [],
            "user id": "6749309660",
            "user name": "佛系股匪",
            "content": "飞机仍然是安全系数最高的",
            "time": "19-3-13 16:13"
        },
        {
            "comment id": 14,
            "parent": -1,
            "children": [],
            "user id": "2602697695",
            "user name": "石鸿绪爸爸",
            "content": "这哪是视频呢？这是模拟动画。",
            "time": "19-3-13 15:42"
        }
    ]
}