{
    "source": {
        "content": "无人生还！埃塞俄比亚航空一架载157人飞机坠毁，8名中国公民遇难。\n飞机最后坠落的视频，谁应该对此次事故负责呢？\n不知道坠落那刻，这些乘客心情是怎么样的？\n愿死者安息！ 金剪刀开箱的微博视频 ",
        "time": "19-3-13 16:59",
        "user id": "6174602953",
        "tweet id": "HkJOogu3S",
        "label": 1,
        "theme": null
    },
    "comment": [
        {
            "comment id": 0,
            "parent": -1,
            "children": [],
            "user id": "2899304767",
            "user name": "龙佬三藏哥哥",
            "content": "怎么看怎么像模拟器弄的！@金剪刀开箱",
            "time": "19-3-13 18:35"
        },
        {
            "comment id": 1,
            "parent": -1,
            "children": [
                2,
                3,
                4
            ],
            "user id": "6574706211",
            "user name": "Romantic·illusion",
            "content": "逝者安息  真的好想哭  天堂没有伤痛",
            "time": "19-3-13 18:59"
        },
        {
            "comment id": 2,
            "parent": 1,
            "children": [],
            "user id": "5632110293",
            "user name": "我是赣榆扛把子",
            "content": "回复@逐鹿RW:早安",
            "time": "19-3-16 10:00"
        },
        {
            "comment id": 3,
            "parent": 1,
            "children": [],
            "user id": "6574706211",
            "user name": "Romantic·illusion",
            "content": "回复@Windy_L:晚安",
            "time": "19-3-15 22:58"
        },
        {
            "comment id": 4,
            "parent": 1,
            "children": [],
            "user id": "5632110293",
            "user name": "我是赣榆扛把子",
            "content": "我愿意保护你",
            "time": "19-3-15 14:52"
        },
        {
            "comment id": 5,
            "parent": -1,
            "children": [],
            "user id": "1134286995",
            "user name": "未来时间X",
            "content": "最后视频段几乎是垂直俯冲了",
            "time": "19-3-13 17:16"
        },
        {
            "comment id": 6,
            "parent": -1,
            "children": [],
            "user id": "6075967646",
            "user name": "差评滴",
            "content": "死亡恐惧的尖叫",
            "time": "19-3-13 17:09"
        },
        {
            "comment id": 7,
            "parent": -1,
            "children": [],
            "user id": "2157759803",
            "user name": "昵称亮瞎眼",
            "content": "死者安息",
            "time": "19-3-13 17:01"
        },
        {
            "comment id": 8,
            "parent": -1,
            "children": [],
            "user id": "6172350754",
            "user name": "喜欢所以爱",
            "content": "",
            "time": "19-3-13 20:38"
        },
        {
            "comment id": 9,
            "parent": -1,
            "children": [],
            "user id": "5238480581",
            "user name": "花生forever",
            "content": "害怕",
            "time": "19-3-13 17:19"
        },
        {
            "comment id": 10,
            "parent": -1,
            "children": [],
            "user id": "1287226000",
            "user name": "阿夏小窝窝",
            "content": "",
            "time": "19-3-17 00:53"
        },
        {
            "comment id": 11,
            "parent": -1,
            "children": [],
            "user id": "6441351362",
            "user name": "咯额哟gg",
            "content": "这是模拟",
            "time": "19-3-14 11:11"
        },
        {
            "comment id": 12,
            "parent": -1,
            "children": [],
            "user id": "2258710855",
            "user name": "American_dog_911",
            "content": "转发微博",
            "time": "19-3-13 21:42"
        },
        {
            "comment id": 13,
            "parent": -1,
            "children": [],
            "user id": "1652341870",
            "user name": "人生路长酒杯宽",
            "content": "这是游戏视频",
            "time": "19-3-13 21:26"
        },
        {
            "comment id": 14,
            "parent": -1,
            "children": [],
            "user id": "2645120051",
            "user name": "夏日阳光2020",
            "content": "逝者安息",
            "time": "19-3-13 18:28"
        },
        {
            "comment id": 15,
            "parent": -1,
            "children": [],
            "user id": "2130266265",
            "user name": "韬韬KissDark",
            "content": "转发微博",
            "time": "19-3-13 17:31"
        },
        {
            "comment id": 16,
            "parent": -1,
            "children": [],
            "user id": "1890131782",
            "user name": "号我不要了再见",
            "content": "可以在假点么",
            "time": "19-3-13 19:44"
        },
        {
            "comment id": 17,
            "parent": -1,
            "children": [],
            "user id": "5220869466",
            "user name": "超正的萌新",
            "content": "逝者安息",
            "time": "19-3-13 20:54"
        }
    ]
}