{
    "source": {
        "content": "不知是真是假，埃航坠毁时候的视频拍摄。愿逝者安息🙏 iAcro-裤裆老爷的秒拍视频 ",
        "time": "19-3-13 15:56",
        "user id": "1293758223",
        "tweet id": "HkJoRjToe",
        "label": 1,
        "theme": null
    },
    "comment": [
        {
            "comment id": 0,
            "parent": -1,
            "children": [
                1
            ],
            "user id": "6054692343",
            "user name": "瘾行四筒",
            "content": "这是根据黑匣子记录的信息模拟出来的动画。",
            "time": "19-3-13 16:27"
        },
        {
            "comment id": 1,
            "parent": 0,
            "children": [],
            "user id": "1293758223",
            "user name": "iAcro-裤裆老爷",
            "content": "哦哦哦",
            "time": "19-3-13 16:30"
        },
        {
            "comment id": 2,
            "parent": -1,
            "children": [],
            "user id": "2234864074",
            "user name": "super_chentao",
            "content": "明显假的 这是模拟的",
            "time": "19-3-13 16:03"
        },
        {
            "comment id": 3,
            "parent": -1,
            "children": [],
            "user id": "1783884357",
            "user name": "阿旗华仔",
            "content": "模拟的哦！",
            "time": "19-3-13 16:01"
        },
        {
            "comment id": 4,
            "parent": -1,
            "children": [],
            "user id": "1889605305",
            "user name": "_takumi_86",
            "content": "xplane11模拟出来的",
            "time": "19-3-13 18:29"
        },
        {
            "comment id": 5,
            "parent": -1,
            "children": [],
            "user id": "3209042074",
            "user name": "丨之丨",
            "content": "假的",
            "time": "19-3-13 16:00"
        },
        {
            "comment id": 6,
            "parent": -1,
            "children": [],
            "user id": "3852277675",
            "user name": "谢冉小同学",
            "content": "以前总是以为你叫  裤裆姥爷",
            "time": "19-3-14 08:24"
        },
        {
            "comment id": 7,
            "parent": -1,
            "children": [],
            "user id": "2668258912",
            "user name": "口十三二五",
            "content": "假的，已经说了",
            "time": "19-3-13 22:27"
        },
        {
            "comment id": 8,
            "parent": -1,
            "children": [],
            "user id": "5816154586",
            "user name": "晃过KOBE交易平台",
            "content": "模拟人生",
            "time": "19-3-13 17:25"
        },
        {
            "comment id": 9,
            "parent": -1,
            "children": [],
            "user id": "3285345551",
            "user name": "張钊炜要快乐",
            "content": "假的，737max8机翼不长这样",
            "time": "19-3-13 17:07"
        },
        {
            "comment id": 10,
            "parent": -1,
            "children": [],
            "user id": "1169142887",
            "user name": "Phillip飞",
            "content": "这是动画",
            "time": "19-3-13 16:57"
        },
        {
            "comment id": 11,
            "parent": -1,
            "children": [],
            "user id": "6098880265",
            "user name": "愛車的小飛",
            "content": "假的",
            "time": "19-3-13 16:50"
        },
        {
            "comment id": 12,
            "parent": -1,
            "children": [],
            "user id": "2787685625",
            "user name": "杜十亿",
            "content": "我宁愿相信是假的",
            "time": "19-3-13 16:33"
        },
        {
            "comment id": 13,
            "parent": -1,
            "children": [],
            "user id": "2854942942",
            "user name": "Supertramp---",
            "content": "要死了，谁还能这么淡定拍视频",
            "time": "19-3-13 16:32"
        },
        {
            "comment id": 14,
            "parent": -1,
            "children": [],
            "user id": "1042222911",
            "user name": "欧阳现在有猫了吗",
            "content": "不是，模拟的，加配音而已",
            "time": "19-3-13 16:26"
        },
        {
            "comment id": 15,
            "parent": -1,
            "children": [],
            "user id": "1652402762",
            "user name": "拖头",
            "content": "假的，真的最后看不到发动机了",
            "time": "19-3-13 16:18"
        },
        {
            "comment id": 16,
            "parent": -1,
            "children": [],
            "user id": "1926511013",
            "user name": "沉默是沉默者的武器",
            "content": "脑子是个好东西",
            "time": "19-3-13 16:07"
        },
        {
            "comment id": 17,
            "parent": -1,
            "children": [],
            "user id": "2360351224",
            "user name": "与其苟延残喘91",
            "content": "模拟的 谁有心情拍它",
            "time": "19-3-13 16:03"
        },
        {
            "comment id": 18,
            "parent": -1,
            "children": [],
            "user id": "1464211544",
            "user name": "没符号的人",
            "content": "飞机部分是做的，录像那黑人不知道是不是真的",
            "time": "19-3-13 16:02"
        },
        {
            "comment id": 19,
            "parent": -1,
            "children": [],
            "user id": "1831215563",
            "user name": "勛勛吖",
            "content": "这个是动画模拟的",
            "time": "19-3-13 15:57"
        },
        {
            "comment id": 20,
            "parent": -1,
            "children": [],
            "user id": "5574295981",
            "user name": "CG-Winnsweet",
            "content": "模拟哦",
            "time": "19-3-13 16:03"
        },
        {
            "comment id": 21,
            "parent": -1,
            "children": [],
            "user id": "5032782145",
            "user name": "爱青岑",
            "content": "这是模拟动画",
            "time": "19-3-14 10:53"
        }
    ]
}