{
    "source": {
        "content": "#埃航坠毁前飞行员请求返航#  网传埃航坠机前最后画面... 飛機思囡的秒拍视频 ",
        "time": "19-3-13 17:23",
        "user id": "2122373913",
        "tweet id": "HkJXVgWkz",
        "label": 1,
        "theme": null
    },
    "comment": [
        {
            "comment id": 0,
            "parent": -1,
            "children": [],
            "user id": "2983714464",
            "user name": "小薇薇阿i",
            "content": "听到这种声音 感觉心里好难受 那种绝望我深有体会 之前出了一次车祸 我都以为我完蛋了 还好上天让我活下来 要珍惜每一天在这个世界上的日子",
            "time": "19-3-14 22:52"
        },
        {
            "comment id": 1,
            "parent": -1,
            "children": [],
            "user id": "5875117232",
            "user name": "你是我的旧回忆",
            "content": "听到声音，想象到那一刻他们是有多么绝望啊！就这样失去生命了！连个全尸都没有，多疼",
            "time": "19-3-13 22:44"
        },
        {
            "comment id": 2,
            "parent": -1,
            "children": [
                3
            ],
            "user id": "5339836936",
            "user name": "_尢的心跳",
            "content": "看一遍起一身鸡皮疙瘩不敢看了",
            "time": "19-3-13 17:43"
        },
        {
            "comment id": 3,
            "parent": 2,
            "children": [],
            "user id": "6636185342",
            "user name": "惢兲",
            "content": "我也是",
            "time": "19-3-15 21:53"
        },
        {
            "comment id": 4,
            "parent": -1,
            "children": [],
            "user id": "3765237403",
            "user name": "另一颗恒星",
            "content": "真的假的。。。不过真的很可怕，特别是看到陆地的时候",
            "time": "19-3-13 17:50"
        },
        {
            "comment id": 5,
            "parent": -1,
            "children": [],
            "user id": "5861875434",
            "user name": "Jupiter201602",
            "content": "OMG",
            "time": "19-3-13 18:30"
        },
        {
            "comment id": 6,
            "parent": -1,
            "children": [],
            "user id": "1853211433",
            "user name": "小骨头ai玉哥",
            "content": "没事惹什么王八去",
            "time": "19-3-19 19:29"
        },
        {
            "comment id": 7,
            "parent": -1,
            "children": [],
            "user id": "1849440315",
            "user name": "Dreams0205",
            "content": "人们该有都害怕😨",
            "time": "19-3-17 09:39"
        },
        {
            "comment id": 8,
            "parent": -1,
            "children": [],
            "user id": "2995516131",
            "user name": "sunshine忆乖",
            "content": "叫的真是叫人心疼啊",
            "time": "19-3-15 12:18"
        },
        {
            "comment id": 9,
            "parent": -1,
            "children": [],
            "user id": "2648625114",
            "user name": "SJH99999",
            "content": "@TTING_K",
            "time": "19-4-9 02:47"
        },
        {
            "comment id": 10,
            "parent": -1,
            "children": [
                11
            ],
            "user id": "2253947214",
            "user name": "只要芋泥啵啵_",
            "content": "@钢豌豆儿z 好绝望",
            "time": "19-3-17 00:04"
        },
        {
            "comment id": 11,
            "parent": 10,
            "children": [],
            "user id": "5507468287",
            "user name": "钢豌豆儿z",
            "content": "天呐……",
            "time": "19-3-17 09:28"
        },
        {
            "comment id": 12,
            "parent": -1,
            "children": [],
            "user id": "2949074932",
            "user name": "Daiiiiiu",
            "content": "@Yeppp_-",
            "time": "19-3-15 11:43"
        },
        {
            "comment id": 13,
            "parent": -1,
            "children": [],
            "user id": "3248690247",
            "user name": "·杰瑞",
            "content": "@一只王阿姨",
            "time": "19-3-14 14:55"
        },
        {
            "comment id": 14,
            "parent": -1,
            "children": [],
            "user id": "5763146617",
            "user name": "姓柳叫不爽",
            "content": "怎么感觉在坐过山车尖叫一样",
            "time": "19-3-14 11:10"
        },
        {
            "comment id": 15,
            "parent": -1,
            "children": [],
            "user id": "3174389283",
            "user name": "大鹿蹒跚_",
            "content": "@可念但不可说",
            "time": "19-3-13 18:20"
        },
        {
            "comment id": 16,
            "parent": -1,
            "children": [],
            "user id": "2599188225",
            "user name": "汤包汤圆汤又圆",
            "content": "转发微博",
            "time": "19-3-13 17:43"
        },
        {
            "comment id": 17,
            "parent": -1,
            "children": [],
            "user id": "2599188225",
            "user name": "汤包汤圆汤又圆",
            "content": "哎",
            "time": "19-3-13 17:43"
        }
    ]
}