{
    "source": {
        "content": "#埃航坠机现场视频曝光# GEM烟熏妆的微博视频 ",
        "time": "19-3-13 19:26",
        "user id": "5768030278",
        "tweet id": "HkKLMnqk6",
        "label": 1,
        "theme": null
    },
    "comment": [
        {
            "comment id": 0,
            "parent": -1,
            "children": [],
            "user id": "2261489160",
            "user name": "半夜吃方便面",
            "content": "@一只大超人",
            "time": "19-3-13 20:11"
        },
        {
            "comment id": 1,
            "parent": -1,
            "children": [],
            "user id": "1945890324",
            "user name": "华哥HO",
            "content": "@光着屁股走走停停",
            "time": "19-3-13 20:09"
        },
        {
            "comment id": 2,
            "parent": -1,
            "children": [],
            "user id": "1945890324",
            "user name": "华哥HO",
            "content": "@女王tantanbaby",
            "time": "19-3-13 20:08"
        },
        {
            "comment id": 3,
            "parent": -1,
            "children": [],
            "user id": "2720824917",
            "user name": "xminmin酱",
            "content": "@柔情似水吗",
            "time": "19-3-13 19:54"
        },
        {
            "comment id": 4,
            "parent": -1,
            "children": [],
            "user id": "3110046821",
            "user name": "荷包蛋小姐Sarah",
            "content": "@s思Taiste @一只小兔子想发财",
            "time": "19-3-13 19:48"
        }
    ]
}