{
    "source": {
        "content": "有点小恐怖诶。#埃塞俄比亚客机失事# 小香猪卜卜的微博视频 ",
        "time": "19-3-13 21:14",
        "user id": "6588930177",
        "tweet id": "HkLtU5xs8",
        "label": 1,
        "theme": null
    },
    "comment": [
        {
            "comment id": 0,
            "parent": -1,
            "children": [],
            "user id": "1750494164",
            "user name": "薇薇安是只猫咪",
            "content": "假视频和假分析一大堆，请不造谣，不传谣，不信谣，静待事故调查分析报告，至今黑匣子没有任何官方信息出来。#埃塞俄比亚客机失事#  ​",
            "time": "19-3-13 22:50"
        },
        {
            "comment id": 1,
            "parent": -1,
            "children": [
                2
            ],
            "user id": "2173988713",
            "user name": "前世的贝瑟芬尼",
            "content": "这不是这次的视频",
            "time": "19-3-13 22:54"
        },
        {
            "comment id": 2,
            "parent": 1,
            "children": [],
            "user id": "6588930177",
            "user name": "叶小喆bb",
            "content": "是嘛(≧∇≦*)？我搞错喽？",
            "time": "19-3-14 15:46"
        },
        {
            "comment id": 3,
            "parent": -1,
            "children": [],
            "user id": "2425052661",
            "user name": "洁西Jessie呀",
            "content": "看着揪心压抑",
            "time": "19-3-13 21:33"
        },
        {
            "comment id": 4,
            "parent": -1,
            "children": [],
            "user id": "2638743454",
            "user name": "比邻星居民08",
            "content": "不要造谣 这是几年前美国的一架波音747坠毁的视频",
            "time": "19-3-13 22:16"
        },
        {
            "comment id": 5,
            "parent": -1,
            "children": [],
            "user id": "6070573930",
            "user name": "纸飞机Gank",
            "content": "假的",
            "time": "19-3-13 21:43"
        },
        {
            "comment id": 6,
            "parent": -1,
            "children": [],
            "user id": "5289863217",
            "user name": "有钱有兔毛",
            "content": "@璞璞吧",
            "time": "19-3-13 21:32"
        },
        {
            "comment id": 7,
            "parent": -1,
            "children": [],
            "user id": "5484703351",
            "user name": "香菜咩咩",
            "content": "@杨直溜",
            "time": "19-3-13 21:31"
        },
        {
            "comment id": 8,
            "parent": -1,
            "children": [],
            "user id": "5484703351",
            "user name": "香菜咩咩",
            "content": "@奶绿味阿姨",
            "time": "19-3-13 21:29"
        }
    ]
}