{
    "source": {
        "content": "飞机超话#埃塞俄比亚航空一飞机坠毁# 飞机坠落的那一刻，他们内心的恐惧无助……🙏🙏🙏 李安豆豆的微博视频 ",
        "time": "19-3-14 11:57",
        "user id": "6095591900",
        "tweet id": "HkRg9DHNG",
        "label": 1,
        "theme": null
    },
    "comment": [
        {
            "comment id": 0,
            "parent": -1,
            "children": [],
            "user id": "6095591900",
            "user name": "李安豆豆",
            "content": "图片评论 ",
            "time": "19-3-18 09:19"
        },
        {
            "comment id": 1,
            "parent": -1,
            "children": [
                2
            ],
            "user id": "2891130444",
            "user name": "MonsieurZzzz",
            "content": "已举报 不谢",
            "time": "19-3-17 21:02"
        },
        {
            "comment id": 2,
            "parent": 1,
            "children": [],
            "user id": "3816723834",
            "user name": "1angui",
            "content": "怎么举报的？",
            "time": "19-3-18 14:51"
        },
        {
            "comment id": 3,
            "parent": -1,
            "children": [],
            "user id": "1946143505",
            "user name": "绿豆挂面",
            "content": "别传不实视频好吗？把别人的生命当成自己博取关注的筹码，能有点道德么？",
            "time": "19-3-18 13:22"
        },
        {
            "comment id": 4,
            "parent": -1,
            "children": [],
            "user id": "5103726780",
            "user name": "三观极正接班人",
            "content": "误人视听！已举报!希望严肃处理！",
            "time": "19-4-4 19:51"
        },
        {
            "comment id": 5,
            "parent": -1,
            "children": [],
            "user id": "3205788564",
            "user name": "琪姐在世界充满爱",
            "content": "太恐怖了",
            "time": "19-3-19 12:59"
        },
        {
            "comment id": 6,
            "parent": -1,
            "children": [],
            "user id": "2921904621",
            "user name": "YuenDavid",
            "content": "不要乱剪辑，737Max8是窄体单通道的客机，视频是宽体双通道的，制作舆论错误导向的视频有何意义？",
            "time": "19-3-18 05:34"
        }
    ]
}