{
    "source": {
        "content": "埃塞俄比亚飞机失事——\n生命本无常，且行且珍惜！\n愿逝者安息🙏#埃塞俄比亚客机失事# \n关于明天和意外 不要留遗憾有爱的人有没做的事都要尽全力去热爱 _ENOYout-的秒拍视频 ",
        "time": "19-3-14 13:59",
        "user id": "2362282093",
        "tweet id": "HkS3yrZ3Q",
        "label": 1,
        "theme": null
    },
    "comment": [
        {
            "comment id": 0,
            "parent": -1,
            "children": [],
            "user id": "3168980635",
            "user name": "丶nsf",
            "content": "靠这个博人眼球，你真衰",
            "time": "19-3-20 18:47"
        },
        {
            "comment id": 1,
            "parent": -1,
            "children": [],
            "user id": "3494010141",
            "user name": "墨一不想长大",
            "content": "天啊",
            "time": "19-3-18 06:00"
        },
        {
            "comment id": 2,
            "parent": -1,
            "children": [],
            "user id": "2524343873",
            "user name": "Easoncwy",
            "content": "卧槽",
            "time": "19-4-15 22:05"
        },
        {
            "comment id": 3,
            "parent": -1,
            "children": [],
            "user id": "2108635613",
            "user name": "leeyoung_",
            "content": "737是双发，这个是四发",
            "time": "19-3-17 00:10"
        },
        {
            "comment id": 4,
            "parent": -1,
            "children": [],
            "user id": "3917696366",
            "user name": "等太阳的海森堡",
            "content": "你妈死了",
            "time": "19-3-23 11:31"
        },
        {
            "comment id": 5,
            "parent": -1,
            "children": [],
            "user id": "2143953930",
            "user name": "Vincent-吔槽哥",
            "content": "美国国家航空102，别乱讲哈",
            "time": "19-5-9 00:42"
        },
        {
            "comment id": 6,
            "parent": -1,
            "children": [],
            "user id": "2737568761",
            "user name": "lokimom",
            "content": "@A一个小学生A",
            "time": "19-3-30 14:02"
        },
        {
            "comment id": 7,
            "parent": -1,
            "children": [],
            "user id": "5579488274",
            "user name": "雪山飞狐2020clo",
            "content": "飞机有明显的缺陷，波音必须赔偿",
            "time": "19-3-15 11:42"
        },
        {
            "comment id": 8,
            "parent": -1,
            "children": [],
            "user id": "1393464883",
            "user name": "O五二七",
            "content": "愿逝者安息",
            "time": "19-3-14 14:30"
        },
        {
            "comment id": 9,
            "parent": -1,
            "children": [],
            "user id": "6728952661",
            "user name": "鱼小飞的胖橘",
            "content": "你告诉我这是埃塞尔比亚的飞机？？？？能不能发微博认真点，瞎拿个视频乱说",
            "time": "19-3-18 20:35"
        },
        {
            "comment id": 10,
            "parent": -1,
            "children": [],
            "user id": "5368510730",
            "user name": "陆营z",
            "content": "明明是以前美军军机坠毁视频拿来扯淡",
            "time": "19-3-16 20:55"
        },
        {
            "comment id": 11,
            "parent": -1,
            "children": [],
            "user id": "6978026173",
            "user name": "一只新奥尔良烤翅",
            "content": "🙏🙏🙏承载着多少亲人的思念",
            "time": "19-3-17 22:14"
        },
        {
            "comment id": 12,
            "parent": -1,
            "children": [],
            "user id": "5359939472",
            "user name": "御前壹品带刀猫",
            "content": "@CoCoCoCo0",
            "time": "19-3-22 15:48"
        },
        {
            "comment id": 13,
            "parent": -1,
            "children": [],
            "user id": "2543359013",
            "user name": "我是疗愈系老师子桐",
            "content": "希望在明天喔",
            "time": "19-3-20 17:32"
        }
    ]
}