{
    "source": {
        "content": "#埃塞俄比亚客机失事#网传这是一个乘客捕捉到的航班最后时刻的视讯，此时飞行员刚刚宣布他已经完全失去了飞机的控制权。死亡几分钟。你会做什么？（视频为印尼狮航JT353巴东至雅加达航班上发生的事件，当时飞机剧烈颠簸，但所有乘客都幸存了下来） 月亮湖视频的微博视频 ",
        "time": "19-3-11 19:54",
        "user id": "6078562289",
        "tweet id": "Hks6usPBg",
        "label": 1,
        "theme": null
    },
    "comment": [
        {
            "comment id": 0,
            "parent": -1,
            "children": [
                2,
                3,
                4,
                5
            ],
            "user id": "3919222544",
            "user name": "夏一个梦想",
            "content": "这明显不是737",
            "time": "19-3-11 20:03"
        },
        {
            "comment id": 1,
            "parent": 2,
            "children": [],
            "user id": "5939259809",
            "user name": "游游游游走了丷",
            "content": "回复@夏一个梦想:哦",
            "time": "19-3-14 23:32"
        },
        {
            "comment id": 2,
            "parent": 0,
            "children": [
                1
            ],
            "user id": "3919222544",
            "user name": "夏一个梦想",
            "content": "回复@鱼鱼的猫冰:后面那句话是他后来才加上去的",
            "time": "19-3-14 23:15"
        },
        {
            "comment id": 3,
            "parent": 0,
            "children": [],
            "user id": "5939259809",
            "user name": "游游游游走了丷",
            "content": "文字里说明了型号的……",
            "time": "19-3-14 17:03"
        },
        {
            "comment id": 4,
            "parent": 0,
            "children": [],
            "user id": "5261498455",
            "user name": "jsomin86",
            "content": "而且时间也不对啊 玻璃外面是黑的 说明是晚上",
            "time": "19-3-13 00:45"
        },
        {
            "comment id": 5,
            "parent": 0,
            "children": [],
            "user id": "2806167313",
            "user name": "黄磊g",
            "content": "马航表示……",
            "time": "19-3-13 00:39"
        },
        {
            "comment id": 6,
            "parent": -1,
            "children": [
                7,
                8,
                9,
                10,
                11,
                12
            ],
            "user id": "5907443750",
            "user name": "90后的李莹莹",
            "content": "为什么不跳伞啊",
            "time": "19-3-13 00:51"
        },
        {
            "comment id": 7,
            "parent": 6,
            "children": [],
            "user id": "2035783650",
            "user name": "空记事本",
            "content": "民航飞机没有降落伞的，没经过专业训练，普通人跳伞几乎没有成功可能",
            "time": "19-3-13 08:51"
        },
        {
            "comment id": 8,
            "parent": 6,
            "children": [],
            "user id": "2663592483",
            "user name": "不是hong佑杨",
            "content": "不说飞机自身的原因，客机飞行高度上万米 零下几十度 缺氧 人一出去十秒就没意识了",
            "time": "19-3-13 02:11"
        },
        {
            "comment id": 9,
            "parent": 6,
            "children": [],
            "user id": "3150653580",
            "user name": "不是仙人球",
            "content": "看电影和现实果然不一样的",
            "time": "19-3-13 01:54"
        },
        {
            "comment id": 10,
            "parent": 6,
            "children": [],
            "user id": "5324941897",
            "user name": "拱火天王贾德诺",
            "content": "第一伞包又大又贵又难穿 第二飞机失速状态下组织乘客有序跳伞不现实 第三未经训练的人80%会在空中翻滚自己晕过去 剩下的人多半会在开伞时候把自己缠住 这比和飞机一起坠毁难受多了",
            "time": "19-3-13 01:29"
        },
        {
            "comment id": 11,
            "parent": 6,
            "children": [],
            "user id": "6473731487",
            "user name": "蜡笔小新新cc",
            "content": "没有经过专业的训练这一点就已经不用说跳伞这个问题，何况还有其他各种因素",
            "time": "19-3-13 01:27"
        },
        {
            "comment id": 12,
            "parent": 6,
            "children": [],
            "user id": "1763329392",
            "user name": "星期6日",
            "content": "好像会空中分解。我也不知道    技术应该要改进",
            "time": "19-3-13 01:25"
        },
        {
            "comment id": 13,
            "parent": -1,
            "children": [],
            "user id": "2369200420",
            "user name": "天佑德玄",
            "content": "机型不对",
            "time": "19-3-11 19:56"
        },
        {
            "comment id": 14,
            "parent": -1,
            "children": [],
            "user id": "1358842311",
            "user name": "-beibei001-",
            "content": "抱紧爱人，抽根烟，给父母录视频，然后等待死亡",
            "time": "19-3-11 21:38"
        },
        {
            "comment id": 15,
            "parent": -1,
            "children": [
                16
            ],
            "user id": "6988040365",
            "user name": "索马里球王",
            "content": "不管真假，请安息！",
            "time": "19-3-11 20:55"
        },
        {
            "comment id": 16,
            "parent": 15,
            "children": [],
            "user id": "2155342650",
            "user name": "导演小可",
            "content": "",
            "time": "19-3-13 00:26"
        },
        {
            "comment id": 17,
            "parent": -1,
            "children": [],
            "user id": "1911068861",
            "user name": "东四二百条",
            "content": "这是宽体",
            "time": "19-3-11 19:58"
        },
        {
            "comment id": 18,
            "parent": -1,
            "children": [
                19
            ],
            "user id": "3334027592",
            "user name": "梦里梦到醒不来的梦ss",
            "content": "没有任何办法，唯一能做的就是找到一切软性的东西把周围填满，然后抱头屈膝，接下来就看天意了",
            "time": "19-3-12 19:37"
        },
        {
            "comment id": 19,
            "parent": 18,
            "children": [],
            "user id": "6473731487",
            "user name": "蜡笔小新新cc",
            "content": "",
            "time": "19-3-13 01:28"
        },
        {
            "comment id": 20,
            "parent": -1,
            "children": [],
            "user id": "6487333717",
            "user name": "L再落空",
            "content": "@嗯呐呗ha",
            "time": "19-3-13 00:23"
        },
        {
            "comment id": 21,
            "parent": -1,
            "children": [],
            "user id": "6513509512",
            "user name": "王小狗6513509512",
            "content": "这个事故是突发的瞬间的    而这个视频都能带氧气罩了   不可能的",
            "time": "19-3-11 20:03"
        }
    ]
}