{
    "source": {
        "content": "疑似埃航坠机最后一刻实拍：喊叫声中，极速坠地 深秋踏红叶的秒拍视频 ",
        "time": "19-3-12 15:19",
        "user id": "2296943224",
        "tweet id": "HkzJdaY9a",
        "label": 1,
        "theme": null
    },
    "comment": [
        {
            "comment id": 0,
            "parent": -1,
            "children": [],
            "user id": "2975378897",
            "user name": "爆笑六哥",
            "content": "最新最快的资讯，尽在攻重号   #新爆血深秋吧#",
            "time": "19-3-12 16:32"
        },
        {
            "comment id": 1,
            "parent": -1,
            "children": [],
            "user id": "1731780362",
            "user name": "Bill_biubiubiu",
            "content": "这是模拟动画。。。",
            "time": "19-3-12 15:22"
        },
        {
            "comment id": 2,
            "parent": -1,
            "children": [],
            "user id": "5083187917",
            "user name": "Tiann_",
            "content": "脑子是个好东西",
            "time": "19-3-14 07:59"
        },
        {
            "comment id": 3,
            "parent": -1,
            "children": [],
            "user id": "6452310144",
            "user name": "Mai091126",
            "content": "这是微软模拟飞行",
            "time": "19-3-13 22:54"
        },
        {
            "comment id": 4,
            "parent": -1,
            "children": [],
            "user id": "5830934668",
            "user name": "小甜甜李铁蛋",
            "content": "都穿模了……",
            "time": "19-3-13 16:21"
        }
    ]
}