{
    "source": {
        "content": "当时这些人得多无助，多害怕呀#坠毁客机黑匣子已找到##埃航坠毁客机8名中国乘客遇难# 北方妹子阿飞的微博视频 ",
        "time": "19-3-15 09:44",
        "user id": "6052827905",
        "tweet id": "HkZOTCiHN",
        "label": 1,
        "theme": null
    },
    "comment": [
        {
            "comment id": 0,
            "parent": -1,
            "children": [
                1,
                2
            ],
            "user id": "3849639999",
            "user name": "Yo尹子豪",
            "content": "这什么啊？埃航的黑匣子内容？",
            "time": "19-3-15 09:47"
        },
        {
            "comment id": 1,
            "parent": 0,
            "children": [],
            "user id": "3626550497",
            "user name": "姜博杨在",
            "content": "这是真的",
            "time": "19-3-16 12:55"
        },
        {
            "comment id": 2,
            "parent": 0,
            "children": [],
            "user id": "2110715783",
            "user name": "登哥的小迷妹",
            "content": "模拟",
            "time": "19-3-16 00:54"
        },
        {
            "comment id": 3,
            "parent": -1,
            "children": [],
            "user id": "1865176632",
            "user name": "然ii",
            "content": "看得我心脏都要停止了…………………………",
            "time": "19-3-15 09:47"
        },
        {
            "comment id": 4,
            "parent": -1,
            "children": [],
            "user id": "5096961945",
            "user name": "小李不洗碗",
            "content": "尖叫声听的太揪心了",
            "time": "19-3-15 12:44"
        },
        {
            "comment id": 5,
            "parent": -1,
            "children": [],
            "user id": "6457725170",
            "user name": "我love打麻将",
            "content": "阿弥陀佛",
            "time": "19-3-16 11:24"
        },
        {
            "comment id": 6,
            "parent": -1,
            "children": [
                7
            ],
            "user id": "3737370854",
            "user name": "Zkkkx",
            "content": "真的太揪心了",
            "time": "19-3-15 21:24"
        },
        {
            "comment id": 7,
            "parent": 6,
            "children": [],
            "user id": "5261181698",
            "user name": "Yuming_sky",
            "content": "",
            "time": "19-3-21 13:29"
        },
        {
            "comment id": 8,
            "parent": -1,
            "children": [],
            "user id": "1823288695",
            "user name": "真真假假组合经纪人",
            "content": "这是什么…………",
            "time": "19-3-15 12:29"
        },
        {
            "comment id": 9,
            "parent": -1,
            "children": [],
            "user id": "5014543654",
            "user name": "大哒哒大哒哒哒大",
            "content": "@精彩路卒",
            "time": "19-3-22 13:54"
        },
        {
            "comment id": 10,
            "parent": -1,
            "children": [],
            "user id": "5604211989",
            "user name": "醉了土豆啊",
            "content": "@阳光下浅笑蓝天 我的妈呀 害怕",
            "time": "19-3-16 18:15"
        },
        {
            "comment id": 11,
            "parent": -1,
            "children": [],
            "user id": "5307929549",
            "user name": "CiCiwdd",
            "content": "@菜小菜又被占用了",
            "time": "19-3-16 10:20"
        }
    ]
}