{
    "source": {
        "content": "埃航失事客机黑匣子已找到，这是自动记录仪录下的最后10秒钟 ！活着就是最大的幸运。 隋云涛的微博视频 ",
        "time": "19-3-16 01:00",
        "user id": "1883847931",
        "tweet id": "Hl5Ozy7Ua",
        "label": 1,
        "theme": null
    },
    "comment": [
        {
            "comment id": 0,
            "parent": -1,
            "children": [],
            "user id": "1803122077",
            "user name": "曾凯程",
            "content": "没文化好可怕",
            "time": "19-3-25 10:56"
        },
        {
            "comment id": 1,
            "parent": -1,
            "children": [],
            "user id": "2378764934",
            "user name": "随便取一个就好了",
            "content": "举报就完事了",
            "time": "19-3-17 23:54"
        },
        {
            "comment id": 2,
            "parent": -1,
            "children": [],
            "user id": "1477672350",
            "user name": "六车宇哥",
            "content": "神特么黑匣子，还特么能第三视角的",
            "time": "19-3-17 11:09"
        },
        {
            "comment id": 3,
            "parent": -1,
            "children": [],
            "user id": "1826172842",
            "user name": "Jen_RH12",
            "content": "这是阿富汗的飞机！不要乱造谣引起恐慌",
            "time": "19-3-17 08:43"
        },
        {
            "comment id": 4,
            "parent": -1,
            "children": [],
            "user id": "1559730222",
            "user name": "月夜秋戈",
            "content": "这不是埃航。早就辟谣了。🇺🇸军机阿富汗。",
            "time": "19-3-16 07:28"
        },
        {
            "comment id": 5,
            "parent": -1,
            "children": [],
            "user id": "3305658847",
            "user name": "三宾女子",
            "content": "@段佳林Lvj",
            "time": "19-3-16 02:33"
        },
        {
            "comment id": 6,
            "parent": -1,
            "children": [],
            "user id": "2299231740",
            "user name": "LaraineJau",
            "content": "@娘喂蚊",
            "time": "19-3-16 01:28"
        }
    ]
}