{
    "source": {
        "content": "狂犬病，发病就没救了，太可怕了#广州要求学校负责人与学生共餐# 电气技术控的微博视频 ",
        "time": "19-3-16 07:45",
        "user id": "3074190771",
        "tweet id": "Hl8sY27nc",
        "label": 1,
        "theme": null
    },
    "comment": [
        {
            "comment id": 0,
            "parent": -1,
            "children": [
                2,
                4,
                5,
                7,
                8
            ],
            "user id": "5143869857",
            "user name": "惜缘758",
            "content": "被狗咬了为什么不及时送医院呢。到狂犬病发作了还是在那里做无用功，是思想意识没有警惕啊",
            "time": "19-3-16 07:58"
        },
        {
            "comment id": 1,
            "parent": 2,
            "children": [],
            "user id": "5143869857",
            "user name": "惜缘758",
            "content": "回复@一定会的不错:可以养啊，只是宠物得每年去打狂犬疫苗，防范于未然总是好的",
            "time": "19-3-16 08:28"
        },
        {
            "comment id": 2,
            "parent": 0,
            "children": [
                1
            ],
            "user id": "5911877367",
            "user name": "一定会的不错",
            "content": "有孩子之后真看不得这样的内容。所以孩子一直要养宠物，都是坚决不同意。离别家的动物也要远远的。",
            "time": "19-3-16 08:21"
        },
        {
            "comment id": 3,
            "parent": 4,
            "children": [],
            "user id": "5143869857",
            "user name": "惜缘758",
            "content": "回复@一定会的不错:被狗咬了后他回家用药酒处理了后到伤口化脓在到发作最后就一命呜呼啦",
            "time": "19-3-16 08:10"
        },
        {
            "comment id": 4,
            "parent": 0,
            "children": [
                3
            ],
            "user id": "5911877367",
            "user name": "一定会的不错",
            "content": "怕是忘了长春长生吧 万一是打了却打了假疫苗呢。",
            "time": "19-3-16 08:08"
        },
        {
            "comment id": 5,
            "parent": 0,
            "children": [],
            "user id": "5143869857",
            "user name": "惜缘758",
            "content": "回复@电气技术控:我也被咬过只是及时的去兽医站打了狂犬疫苗。因为家是农村的，在村里有一个人被狗咬了没有去打疫苗结果狂犬病发作时什么东西都咬，亲眼见过被他咬的东西太可怕啦",
            "time": "19-3-16 08:07"
        },
        {
            "comment id": 6,
            "parent": 7,
            "children": [],
            "user id": "3074190771",
            "user name": "曾颖老师_造价",
            "content": "回复@惜缘758:是，但有些人是没那意识的。当年我被狗咬就是拿白酒蹭蹭",
            "time": "19-3-16 08:04"
        },
        {
            "comment id": 7,
            "parent": 0,
            "children": [
                6
            ],
            "user id": "5143869857",
            "user name": "惜缘758",
            "content": "回复@电气技术控:不管是真的假的疫苗，治疗总比不治疗的好吧。",
            "time": "19-3-16 08:01"
        },
        {
            "comment id": 8,
            "parent": 0,
            "children": [],
            "user id": "3074190771",
            "user name": "曾颖老师_造价",
            "content": "家长没意识到那么严重，还有可能 假疫苗",
            "time": "19-3-16 07:59"
        },
        {
            "comment id": 9,
            "parent": -1,
            "children": [
                10,
                11,
                12
            ],
            "user id": "5206620090",
            "user name": "Ht打小就欠揍",
            "content": "这个是假的，小孩装的，打一顿就好了",
            "time": "19-3-16 08:08"
        },
        {
            "comment id": 10,
            "parent": 9,
            "children": [],
            "user id": "5333169356",
            "user name": "武汉大学附属中山医院许医生",
            "content": "打你！",
            "time": "19-9-7 09:02"
        },
        {
            "comment id": 11,
            "parent": 9,
            "children": [],
            "user id": "5206620090",
            "user name": "Ht打小就欠揍",
            "content": "回复@电气技术控:广东警方辟谣：男孩狂犬病发作学狗叫？假的！",
            "time": "19-3-16 08:17"
        },
        {
            "comment id": 12,
            "parent": 9,
            "children": [],
            "user id": "3074190771",
            "user name": "曾颖老师_造价",
            "content": "影帝级可以做到",
            "time": "19-3-16 08:12"
        },
        {
            "comment id": 13,
            "parent": -1,
            "children": [
                14
            ],
            "user id": "5447005423",
            "user name": "A日川钢板",
            "content": "不是说狂犬病发作百分百死亡吗？",
            "time": "19-3-18 01:50"
        },
        {
            "comment id": 14,
            "parent": 13,
            "children": [],
            "user id": "3074190771",
            "user name": "曾颖老师_造价",
            "content": "是呀",
            "time": "19-3-18 20:34"
        },
        {
            "comment id": 15,
            "parent": -1,
            "children": [],
            "user id": "3735435875",
            "user name": "YinYearn",
            "content": "妈耶，多久之前的假新闻了",
            "time": "19-3-16 16:19"
        },
        {
            "comment id": 16,
            "parent": -1,
            "children": [],
            "user id": "5911877367",
            "user name": "一定会的不错",
            "content": "好心酸",
            "time": "19-3-16 08:07"
        },
        {
            "comment id": 17,
            "parent": -1,
            "children": [],
            "user id": "3234322242",
            "user name": "我的cp是女的",
            "content": "可怜的孩子，真是太心疼了",
            "time": "19-3-16 08:36"
        },
        {
            "comment id": 18,
            "parent": -1,
            "children": [],
            "user id": "6849711181",
            "user name": "葡萄西柚茶呦",
            "content": "可怕",
            "time": "19-3-16 07:50"
        },
        {
            "comment id": 19,
            "parent": -1,
            "children": [],
            "user id": "3267155170",
            "user name": "宇宙之光明星",
            "content": "可怜的娃",
            "time": "19-3-16 12:52"
        },
        {
            "comment id": 20,
            "parent": -1,
            "children": [],
            "user id": "6503945656",
            "user name": "勇气201803",
            "content": "悲痛，应该安乐死。",
            "time": "19-3-16 08:55"
        },
        {
            "comment id": 21,
            "parent": -1,
            "children": [],
            "user id": "1438790085",
            "user name": "色彩韵",
            "content": "转发微博",
            "time": "19-3-16 08:04"
        }
    ]
}