{
    "source": {
        "content": "埃航失事客機黑匣子已找到，記錄儀錄下的最後10秒鐘…機上乘客的慘叫聲[流淚]\n……活著就是最大的幸運，沒那麼多的事和人值得你去計較，世事無常，保持一份平常心，明是非，懂感恩！去見你想見的人，去愛你想愛的人，去做你想做的事，趁陽光正好，趁微風不噪、趁你還擁有生命⋯⋯珍惜！ 华美源布艺布鲜森的秒拍视频",
        "time": "19-3-16 10:06",
        "user id": "6451830273",
        "tweet id": "Hl9ofwBL6",
        "label": 1,
        "theme": null
    },
    "comment": [
        {
            "comment id": 0,
            "parent": -1,
            "children": [],
            "user id": "6451830273",
            "user name": "布鲜森",
            "content": "本意是文字的内容，抱歉了给大家带来了不适，今天看了这么多评论后马上就删掉可就是删除不了。非常抱歉！",
            "time": "19-4-30 23:15"
        },
        {
            "comment id": 1,
            "parent": -1,
            "children": [],
            "user id": "1410164995",
            "user name": "普通用户修改昵称1次",
            "content": "这是动画模拟吧……",
            "time": "19-3-16 10:15"
        },
        {
            "comment id": 2,
            "parent": -1,
            "children": [],
            "user id": "2742917252",
            "user name": "快乐就Vans惹",
            "content": "不要断章取义制造恐慌，会被抓起来的。这只是一条新闻里的动画模拟",
            "time": "19-3-16 10:37"
        },
        {
            "comment id": 3,
            "parent": -1,
            "children": [],
            "user id": "6739839264",
            "user name": "易祥万玺",
            "content": "人生苦短，小心判刑",
            "time": "19-4-26 23:17"
        },
        {
            "comment id": 4,
            "parent": -1,
            "children": [],
            "user id": "2230505511",
            "user name": "王二狗_UrumQi",
            "content": "建议先百度下黑匣子，另已举报不实消息",
            "time": "19-4-29 10:56"
        },
        {
            "comment id": 5,
            "parent": -1,
            "children": [],
            "user id": "1844181082",
            "user name": "没错是你东哥啊",
            "content": "黑匣子可以拍这视频？",
            "time": "19-4-8 00:21"
        },
        {
            "comment id": 6,
            "parent": -1,
            "children": [],
            "user id": "6033086077",
            "user name": "老婆老婆你真好啊简直是个大傻吊",
            "content": "这是模拟的，别拿出来混淆视听，犯法的",
            "time": "19-3-18 02:51"
        },
        {
            "comment id": 7,
            "parent": -1,
            "children": [],
            "user id": "1826172842",
            "user name": "Jen_RH12",
            "content": "ball ball你在转发之前看一下其他发了这个视频和文字的博主，微博已经显示“不实消息，已处理”，还不删了要制造恐慌吗？",
            "time": "19-3-17 08:38"
        }
    ]
}