{
    "source": {
        "content": "惊现注胶的 ",
        "time": "19-3-19 11:42",
        "user id": "1884519404",
        "tweet id": "HlCiF2iDy",
        "label": 1,
        "theme": null
    },
    "comment": [
        {
            "comment id": 0,
            "parent": -1,
            "children": [],
            "user id": "1253473911",
            "user name": "怕妻诺夫司机",
            "content": "脑残又该当真了",
            "time": "19-3-19 12:56"
        },
        {
            "comment id": 1,
            "parent": -1,
            "children": [
                2
            ],
            "user id": "1419657802",
            "user name": "蒙古海军总司令",
            "content": "注胶了不行不能吃 你拿郭来我给你处理了 太危险了",
            "time": "19-3-19 13:20"
        },
        {
            "comment id": 2,
            "parent": 1,
            "children": [],
            "user id": "5758429340",
            "user name": "我是一只鱼头",
            "content": "我这边有专业的处理团队，给我吧",
            "time": "19-3-20 23:15"
        },
        {
            "comment id": 3,
            "parent": -1,
            "children": [],
            "user id": "1775877711",
            "user name": "欧洲马林贝尼特斯",
            "content": "还得有傻子举报你。哈哈哈哈",
            "time": "19-3-19 11:53"
        },
        {
            "comment id": 4,
            "parent": -1,
            "children": [],
            "user id": "2449016520",
            "user name": "饭团饭团我是地瓜",
            "content": "顽皮",
            "time": "19-3-19 11:53"
        },
        {
            "comment id": 5,
            "parent": -1,
            "children": [],
            "user id": "1676693657",
            "user name": "卡卡的意思是咩呀",
            "content": "已经举报哈哈哈哈",
            "time": "19-3-19 11:44"
        },
        {
            "comment id": 6,
            "parent": -1,
            "children": [
                7
            ],
            "user id": "3220291805",
            "user name": "抠脚大汉丸子君",
            "content": "开玩笑吧，这不是虾黄吗？不是注胶的吧。。。海滨城市长大，我经常吃啊。。",
            "time": "19-3-20 15:22"
        },
        {
            "comment id": 7,
            "parent": 6,
            "children": [],
            "user id": "6813970144",
            "user name": "努力加油好运UPUPUP",
            "content": "终于有个说实话的了，不然像我这样没怎么吃过皮皮虾的，又被蒙骗了。",
            "time": "19-3-20 23:41"
        },
        {
            "comment id": 8,
            "parent": -1,
            "children": [],
            "user id": "1136555542",
            "user name": "大连气象爱好者",
            "content": "这次这么多狗头，然而还是得举报",
            "time": "19-3-19 13:25"
        },
        {
            "comment id": 9,
            "parent": -1,
            "children": [],
            "user id": "1398307064",
            "user name": "可乐葽加冰",
            "content": "卧槽！这还了得！散布谣言，唯恐天下不乱！赶紧举报了！等着被抓吧！让你一天就看看！",
            "time": "19-3-19 16:15"
        },
        {
            "comment id": 10,
            "parent": -1,
            "children": [],
            "user id": "1928759210",
            "user name": "我是要熬死尾田的男人",
            "content": "此物及其危险，我专门处理这个的，给我地址，我会上门服务。不需要服务费，准备一箱凯龙就行。",
            "time": "19-3-19 13:38"
        },
        {
            "comment id": 11,
            "parent": -1,
            "children": [],
            "user id": "3121441797",
            "user name": "一切看我的脸色行事",
            "content": "这么肥~",
            "time": "19-3-19 12:30"
        },
        {
            "comment id": 12,
            "parent": -1,
            "children": [],
            "user id": "2522340297",
            "user name": "我爱大连我执纯蓝",
            "content": "傻子不懂狗头啥意思，小心再被举报",
            "time": "19-3-19 11:44"
        },
        {
            "comment id": 13,
            "parent": -1,
            "children": [],
            "user id": "6544045936",
            "user name": "小鲸鱼有小骄傲",
            "content": "请给我一打这种注胶的",
            "time": "19-3-19 12:45"
        },
        {
            "comment id": 14,
            "parent": -1,
            "children": [],
            "user id": "1939217065",
            "user name": "燕窩绵绵冰又补又凉快",
            "content": "顶风作案",
            "time": "19-3-19 12:25"
        },
        {
            "comment id": 15,
            "parent": -1,
            "children": [],
            "user id": "2362137085",
            "user name": "zoe就是超爺",
            "content": "注胶的动机是什么？",
            "time": "19-3-19 12:11"
        },
        {
            "comment id": 16,
            "parent": -1,
            "children": [],
            "user id": "1757518465",
            "user name": "梵贝伴清风",
            "content": "哈哈哈哈哈哈，又买着注胶的了。",
            "time": "19-3-19 11:45"
        },
        {
            "comment id": 17,
            "parent": -1,
            "children": [],
            "user id": "1974855523",
            "user name": "_魏超酷",
            "content": "我是来看还有多少傻子的",
            "time": "19-3-19 13:32"
        },
        {
            "comment id": 18,
            "parent": -1,
            "children": [],
            "user id": "2524714043",
            "user name": "七零年代爱看球的老李",
            "content": "哈哈哈，又被人封了吧！打再多狗头也不好使唤",
            "time": "19-3-24 11:20"
        },
        {
            "comment id": 19,
            "parent": -1,
            "children": [],
            "user id": "2937042620",
            "user name": "二十八笔和九个字母",
            "content": "以后买到注胶的不要乱丢 这东西对环境影响很大 联系我 我给你和地址顺丰过来 我们走专业人员处理",
            "time": "19-3-22 19:05"
        },
        {
            "comment id": 20,
            "parent": -1,
            "children": [],
            "user id": "3260557192",
            "user name": "忻姑娘呀",
            "content": "过分",
            "time": "19-3-20 14:47"
        },
        {
            "comment id": 21,
            "parent": -1,
            "children": [],
            "user id": "1805648323",
            "user name": "夏天天Summer_Topwinner努力时",
            "content": "哪儿买的？",
            "time": "19-3-20 14:01"
        },
        {
            "comment id": 22,
            "parent": -1,
            "children": [],
            "user id": "2735516567",
            "user name": "親愛的Nancy_",
            "content": "你不怕再被举报了吗？你不怕网络博士们给你上课了嘛？我看你是胆子越来越大了",
            "time": "19-3-19 20:31"
        },
        {
            "comment id": 23,
            "parent": -1,
            "children": [],
            "user id": "2864389140",
            "user name": "楊家酱vip",
            "content": "哈哈哈举报有个人吃注胶虾爬子",
            "time": "19-3-19 16:32"
        },
        {
            "comment id": 24,
            "parent": -1,
            "children": [],
            "user id": "1830230405",
            "user name": "80后霸道",
            "content": "现在的虾爬子这么受么？",
            "time": "19-3-19 16:27"
        },
        {
            "comment id": 25,
            "parent": -1,
            "children": [],
            "user id": "3211339983",
            "user name": "树群向阳",
            "content": "你就直接说注胶狗头得了",
            "time": "19-3-19 15:25"
        },
        {
            "comment id": 26,
            "parent": -1,
            "children": [],
            "user id": "3153244132",
            "user name": "张士心元",
            "content": "这怎么回事 你买的就那么多胶 我买的胶就那么少",
            "time": "19-3-19 13:31"
        },
        {
            "comment id": 27,
            "parent": -1,
            "children": [],
            "user id": "1849002080",
            "user name": "ZH_ZA",
            "content": "举报真肥啊~~~",
            "time": "19-3-19 12:54"
        },
        {
            "comment id": 28,
            "parent": -1,
            "children": [],
            "user id": "1671457020",
            "user name": "热拿铁冰美式",
            "content": "别举报 都给我吧",
            "time": "19-3-19 12:30"
        },
        {
            "comment id": 29,
            "parent": -1,
            "children": [],
            "user id": "1788795891",
            "user name": "爱爬高的小诺诺",
            "content": "好肥呀！",
            "time": "19-3-19 12:29"
        },
        {
            "comment id": 30,
            "parent": -1,
            "children": [],
            "user id": "2486530871",
            "user name": "孙承栋",
            "content": "有没有沙子",
            "time": "19-3-19 11:53"
        },
        {
            "comment id": 31,
            "parent": -1,
            "children": [],
            "user id": "1241524422",
            "user name": "总是要加油吧",
            "content": "",
            "time": "19-3-19 11:51"
        },
        {
            "comment id": 32,
            "parent": -1,
            "children": [],
            "user id": "1805551315",
            "user name": "mosquito的小调",
            "content": "调皮 想起上次那位大哥",
            "time": "19-3-19 11:47"
        },
        {
            "comment id": 33,
            "parent": -1,
            "children": [],
            "user id": "1415033825",
            "user name": "大连煎粉",
            "content": "没天理的，居然各个注胶。",
            "time": "19-3-19 11:45"
        },
        {
            "comment id": 34,
            "parent": -1,
            "children": [],
            "user id": "1337486023",
            "user name": "木小麻",
            "content": "胶真厚",
            "time": "19-3-19 11:44"
        },
        {
            "comment id": 35,
            "parent": -1,
            "children": [],
            "user id": "1706650892",
            "user name": "暮雨音",
            "content": "艾玛，我爱吃胶",
            "time": "19-3-22 17:48"
        },
        {
            "comment id": 36,
            "parent": -1,
            "children": [],
            "user id": "2665442011",
            "user name": "四月麦田",
            "content": "单身久了，暧昧久了，你会发现自己越来越挑剔，入眼的头像跟图片越来越少，能写进心里的句子翻了十页都翻不到，让你在乎的人一百个里头都难出来一个，就好像真的你存在这世上越久，就会越孤独。",
            "time": "19-3-20 05:31"
        },
        {
            "comment id": 37,
            "parent": -1,
            "children": [],
            "user id": "5489233824",
            "user name": "吴啵啵o",
            "content": "这种东西不能吃的，我小时候被毒死过",
            "time": "19-3-23 17:06"
        },
        {
            "comment id": 38,
            "parent": -1,
            "children": [],
            "user id": "2010308637",
            "user name": "火华社大堆堆",
            "content": "开海了？现在这么肥了？",
            "time": "19-3-23 15:59"
        },
        {
            "comment id": 39,
            "parent": -1,
            "children": [],
            "user id": "2180770375",
            "user name": "蜗牛不上树V",
            "content": "这么多胶？麻烦发给我，我帮你处理掉",
            "time": "19-3-23 11:13"
        },
        {
            "comment id": 40,
            "parent": -1,
            "children": [],
            "user id": "2149611451",
            "user name": "2018小荷才露尖尖角2018",
            "content": "你不懂瞎说",
            "time": "19-3-22 19:27"
        },
        {
            "comment id": 41,
            "parent": -1,
            "children": [],
            "user id": "1892061935",
            "user name": "君君君君wang",
            "content": "麻烦把胶都给我，最喜欢吃胶",
            "time": "19-3-22 17:34"
        },
        {
            "comment id": 42,
            "parent": -1,
            "children": [],
            "user id": "6443904225",
            "user name": "燕绥半夏",
            "content": "这种注胶的请交给我来处理~",
            "time": "19-3-22 16:26"
        },
        {
            "comment id": 43,
            "parent": -1,
            "children": [],
            "user id": "1752418855",
            "user name": "若是一一",
            "content": "海边长大的人看到以后，又该笑了",
            "time": "19-3-22 16:02"
        },
        {
            "comment id": 44,
            "parent": -1,
            "children": [],
            "user id": "2775909695",
            "user name": "夏日绵绵冰---",
            "content": "这么多的狗头能保命吗",
            "time": "19-3-22 12:06"
        },
        {
            "comment id": 45,
            "parent": -1,
            "children": [],
            "user id": "5523964034",
            "user name": "佛山海之声",
            "content": "",
            "time": "19-3-22 07:56"
        },
        {
            "comment id": 46,
            "parent": -1,
            "children": [],
            "user id": "3616818412",
            "user name": "1967289b",
            "content": "以后遇到这样的事交给我来处理就行 钱不钱的无所谓，主要想讨个公道",
            "time": "19-3-22 01:34"
        },
        {
            "comment id": 47,
            "parent": -1,
            "children": [],
            "user id": "2730234774",
            "user name": "盐巴爱的不是味精",
            "content": "放开那胶全部留给我",
            "time": "19-3-21 23:15"
        },
        {
            "comment id": 48,
            "parent": -1,
            "children": [],
            "user id": "2815671937",
            "user name": "艳色坤坭",
            "content": "不说哪里买的 举报你",
            "time": "19-3-19 12:38"
        },
        {
            "comment id": 49,
            "parent": -1,
            "children": [],
            "user id": "6940555229",
            "user name": "爷爷给起名双全",
            "content": "我要吃胶",
            "time": "19-3-19 12:01"
        },
        {
            "comment id": 50,
            "parent": -1,
            "children": [],
            "user id": "2476905612",
            "user name": "糖有福",
            "content": "你又来了，真皮",
            "time": "19-3-22 13:22"
        },
        {
            "comment id": 51,
            "parent": -1,
            "children": [],
            "user id": "5236764157",
            "user name": "vccTccv",
            "content": "@少年菀得G 最好吃的时候",
            "time": "19-3-22 09:04"
        },
        {
            "comment id": 52,
            "parent": -1,
            "children": [],
            "user id": "2607613261",
            "user name": "周杰伦的琪琪",
            "content": "@请你泡澡 好馋",
            "time": "19-3-20 19:38"
        },
        {
            "comment id": 53,
            "parent": -1,
            "children": [],
            "user id": "6142040540",
            "user name": "玮玮时代F",
            "content": "把胶都给我留着，我就爱吃这个胶！",
            "time": "19-3-19 11:52"
        }
    ]
}