{
    "source": {
        "content": "埃航失事客机黑匣子已找到，这是自动记录仪录下的最后10秒钟……人们濒死的惨叫声\n\n确认中？\n\n设计缺陷，硬件问题！软件弥补？补好了，谁敢坐？？？\n波音公司要赔偿一切损失，飞机召回，还有赔命了！其他免谈\n\n比如汽车设计时，偶尔会跑偏的，需要纠正，现在靠软件自动纠正，用软件纠正安全吗？人工纠正会安全吗？你愿意买这辆车吗？你愿意坐这辆车吗？\n\n国内哪些美粹喷子呢，着实瞧不起这帮人，该喷不喷，拿自己命开玩笑！ 展望未来的夏天的秒拍视频",
        "time": "19-3-16 22:43",
        "user id": "1630373525",
        "tweet id": "Hlelx6qVv",
        "label": 1,
        "theme": null
    },
    "comment": [
        {
            "comment id": 0,
            "parent": -1,
            "children": [
                1
            ],
            "user id": "1630373525",
            "user name": "展望未来的夏天",
            "content": "应该是模拟的，但我还是发了。最后的惨叫！坐在飞机上无希望的人们，应该就这种状态",
            "time": "19-3-16 23:32"
        },
        {
            "comment id": 1,
            "parent": 0,
            "children": [],
            "user id": "1826172842",
            "user name": "Jen_RH12",
            "content": "你的文字就是造谣啊亲模拟就写模拟，不要言之凿凿地说是埃航最后10秒",
            "time": "19-3-17 08:32"
        },
        {
            "comment id": 2,
            "parent": -1,
            "children": [],
            "user id": "1916533185",
            "user name": "RAYDON-X",
            "content": "这是模拟的动画看不出来？？？黑匣子没有视频功能也不记录客舱语音。。。谣言就是这么传出来的",
            "time": "19-3-16 23:04"
        },
        {
            "comment id": 3,
            "parent": -1,
            "children": [],
            "user id": "1826172842",
            "user name": "Jen_RH12",
            "content": "ball ball你转发之前查一下什么是“黑匣子”，它具备什么功能？很明显这是模拟的！",
            "time": "19-3-17 08:31"
        },
        {
            "comment id": 4,
            "parent": -1,
            "children": [],
            "user id": "3626299177",
            "user name": "拾月与之七",
            "content": "这只是模拟器 不是真实视频 博主用点脑吧",
            "time": "19-3-17 00:13"
        }
    ]
}