{
    "source": {
        "content": "#埃塞俄比亚客机失事# 愿波音被制裁，愿空难者安息。网传机舱内部最后的视频，大人和小孩惊恐万分哭声一片。 军武季的微博视频 ",
        "time": "19-3-16 23:54",
        "user id": "2178514797",
        "tweet id": "HleOdkfst",
        "label": 1,
        "theme": null
    },
    "comment": [
        {
            "comment id": 0,
            "parent": -1,
            "children": [
                1,
                2,
                3,
                4,
                5
            ],
            "user id": "2178514797",
            "user name": "军武季",
            "content": "视频已经被有关方面证实是假的",
            "time": "19-3-17 09:43"
        },
        {
            "comment id": 1,
            "parent": 0,
            "children": [],
            "user id": "6517102441",
            "user name": "高等的苏荷",
            "content": "我说呢，听着声音虽然揪心，看着视频画面像那种游戏画面，",
            "time": "19-3-17 18:56"
        },
        {
            "comment id": 2,
            "parent": 0,
            "children": [],
            "user id": "6549971991",
            "user name": "人间失格Beyond",
            "content": "@人间失格Beyond: 明白人都知道事假的？你确故意以假乱真蹭热度？？？",
            "time": "19-3-17 16:58"
        },
        {
            "comment id": 3,
            "parent": 0,
            "children": [],
            "user id": "6549971991",
            "user name": "人间失格Beyond",
            "content": "明白人都知道事假的？你确故意以假乱真蹭热度？？？",
            "time": "19-3-17 16:58"
        },
        {
            "comment id": 4,
            "parent": 0,
            "children": [],
            "user id": "1358944591",
            "user name": "HomeAnimator",
            "content": "这高度撞不出大坑！还有，那碰撞的声音是不是太长了！至少不是最近这次。",
            "time": "19-3-17 15:56"
        },
        {
            "comment id": 5,
            "parent": 0,
            "children": [],
            "user id": "5648060628",
            "user name": "oursmen",
            "content": "哦哦哦",
            "time": "19-3-17 13:02"
        },
        {
            "comment id": 6,
            "parent": -1,
            "children": [
                7
            ],
            "user id": "6504359518",
            "user name": "如梦陈",
            "content": "假的视频啊，这个明显不是737",
            "time": "19-3-16 23:59"
        },
        {
            "comment id": 7,
            "parent": 6,
            "children": [],
            "user id": "1358944591",
            "user name": "HomeAnimator",
            "content": "最后那个坠落的是4发动机",
            "time": "19-3-17 15:58"
        },
        {
            "comment id": 8,
            "parent": -1,
            "children": [],
            "user id": "3814060198",
            "user name": "affection小白",
            "content": "假的，一开始还觉得可能是真的，但是最后的片段是死神来了电影里的片段，剪辑的人是欺负没人看过那个电影吗",
            "time": "19-3-17 00:11"
        },
        {
            "comment id": 9,
            "parent": -1,
            "children": [],
            "user id": "2628990667",
            "user name": "不曾戒色",
            "content": "现在的博主一点儿责任心都没有，这个视频是分别是好几年前的视频和七和其他的视频拼接而成的，包括飞机掉落那段视频好几年前我就看过。",
            "time": "19-3-17 03:43"
        },
        {
            "comment id": 10,
            "parent": -1,
            "children": [],
            "user id": "2219758565",
            "user name": "白衣小强强",
            "content": "假的",
            "time": "19-3-17 05:17"
        },
        {
            "comment id": 11,
            "parent": -1,
            "children": [],
            "user id": "2299387914",
            "user name": "深蓝蔚蓝BBB",
            "content": "这是模拟的",
            "time": "19-3-17 02:26"
        },
        {
            "comment id": 12,
            "parent": -1,
            "children": [],
            "user id": "3447155130",
            "user name": "三舍mia",
            "content": "愿大家都安息[蠟燭][蠟燭][蠟燭]",
            "time": "19-3-17 22:28"
        },
        {
            "comment id": 13,
            "parent": -1,
            "children": [],
            "user id": "2514846743",
            "user name": "八大商人",
            "content": "这是真的视频吗？如何保存下来的？最后那下，飞机简直就是砸向地面的…→_→#埃塞俄比亚客机失事# 愿波音被制裁，愿空难者安息。网传机舱内部最后的视频曝光，大人和小孩惊恐万分哭声一片。 军武季的微博视频 ​",
            "time": "19-3-17 01:31"
        },
        {
            "comment id": 14,
            "parent": -1,
            "children": [],
            "user id": "6984507468",
            "user name": "A寄cat",
            "content": "",
            "time": "19-3-16 23:55"
        },
        {
            "comment id": 15,
            "parent": -1,
            "children": [],
            "user id": "2331554960",
            "user name": "十八个壮汉",
            "content": "737是窄体客机，视频前面一段是宽体客机，中间一段是动画片，后面一段是几年前一个运输机（好像是美军的，具体记不清了）坠毁的视频",
            "time": "19-3-17 21:45"
        },
        {
            "comment id": 16,
            "parent": -1,
            "children": [],
            "user id": "5555071112",
            "user name": "不会坍塌的安河桥",
            "content": "美国飞机，已失去全球人们的信任！",
            "time": "19-3-19 03:48"
        },
        {
            "comment id": 17,
            "parent": -1,
            "children": [],
            "user id": "5977656756",
            "user name": "上网好玩",
            "content": "假的吧，法国都说了需要几个月时间才能恢复黑匣子数据，这才几天？",
            "time": "19-3-17 17:45"
        },
        {
            "comment id": 18,
            "parent": -1,
            "children": [],
            "user id": "3177773790",
            "user name": "大林trees",
            "content": "假的不能再假",
            "time": "19-3-17 17:02"
        },
        {
            "comment id": 19,
            "parent": -1,
            "children": [],
            "user id": "1815877223",
            "user name": "aqwn123456",
            "content": "面对死亡谁不怕",
            "time": "19-3-17 14:45"
        },
        {
            "comment id": 20,
            "parent": -1,
            "children": [],
            "user id": "5585528221",
            "user name": "酷炫小许",
            "content": "这视频都是合成的，有些都是好多年前就看过的内容",
            "time": "19-3-17 12:20"
        },
        {
            "comment id": 21,
            "parent": -1,
            "children": [],
            "user id": "5387733273",
            "user name": "sdasdad31592",
            "content": "口渴了吗",
            "time": "19-3-17 10:58"
        },
        {
            "comment id": 22,
            "parent": -1,
            "children": [],
            "user id": "1965586831",
            "user name": "笑临危",
            "content": "1分37秒以后的视频我五年前就看过",
            "time": "19-3-17 04:36"
        },
        {
            "comment id": 23,
            "parent": -1,
            "children": [],
            "user id": "2200597017",
            "user name": "夜读春秋有木有",
            "content": "虽然是假的，但还是好难受，毕竟逝去的生命是真真实实的，他们在死前经历的绝望不会比这个轻",
            "time": "19-3-17 02:22"
        },
        {
            "comment id": 24,
            "parent": -1,
            "children": [],
            "user id": "1645674967",
            "user name": "GeGe_Design",
            "content": "是个游戏而已",
            "time": "19-3-17 00:03"
        },
        {
            "comment id": 25,
            "parent": -1,
            "children": [],
            "user id": "6517102441",
            "user name": "高等的苏荷",
            "content": "朋友圈疯传一个坠机短视频，看着有点别扭像动画，",
            "time": "19-3-17 00:02"
        },
        {
            "comment id": 26,
            "parent": -1,
            "children": [],
            "user id": "6104240304",
            "user name": "穿风衣的H",
            "content": "飞机冲下去的时候，乘客会是多么无助",
            "time": "19-3-16 23:59"
        },
        {
            "comment id": 27,
            "parent": -1,
            "children": [],
            "user id": "5925427681",
            "user name": "二次元-齐娜",
            "content": "假的人家说了两秒",
            "time": "19-3-18 12:14"
        },
        {
            "comment id": 28,
            "parent": -1,
            "children": [],
            "user id": "1900468577",
            "user name": "bvcxp",
            "content": "多个视频合成的，开始应该是真实镜头，后面的像是游戏模拟，最后地面拍摄的是美军阿富汗失事的运输机真实镜头",
            "time": "19-3-17 03:01"
        },
        {
            "comment id": 29,
            "parent": -1,
            "children": [],
            "user id": "1263348083",
            "user name": "JiayingELLE",
            "content": "一次又一次的被骗，我们做错了什么",
            "time": "19-3-17 00:40"
        },
        {
            "comment id": 30,
            "parent": -1,
            "children": [],
            "user id": "2683572264",
            "user name": "mildkiller-MK",
            "content": "游戏动画",
            "time": "19-3-17 00:03"
        }
    ]
}