{
    "source": {
        "content": "好牙医在宁波超话#埃航考虑保留坠机现场作永久纪念##埃航黑匣子数据成功提取# \n生命在灾难面前是如此的脆弱，最后九秒，那惨叫声，撕心裂肺，希望以后不要再有空难发生🙏🙏🙏  牙医在宁波的秒拍视频 ",
        "time": "19-3-17 13:16",
        "user id": "1355658213",
        "tweet id": "Hlk3Nzsjf",
        "label": 1,
        "theme": null
    },
    "comment": [
        {
            "comment id": 0,
            "parent": -1,
            "children": [
                1,
                2
            ],
            "user id": "3005255143",
            "user name": "liineCy-",
            "content": "这是真的？",
            "time": "19-3-17 13:47"
        },
        {
            "comment id": 1,
            "parent": 0,
            "children": [],
            "user id": "6576975038",
            "user name": "溪水流淌的爱情故事",
            "content": "假视频，别穿了，辟谣跑断腿了都",
            "time": "19-3-17 18:15"
        },
        {
            "comment id": 2,
            "parent": 0,
            "children": [],
            "user id": "5323516872",
            "user name": "皮皮豆的铲屎官",
            "content": "动画模拟",
            "time": "19-3-17 14:17"
        },
        {
            "comment id": 3,
            "parent": -1,
            "children": [],
            "user id": "6078727553",
            "user name": "阿浅oba",
            "content": "听完心里不舒服，特别不舒服",
            "time": "19-3-17 14:38"
        },
        {
            "comment id": 4,
            "parent": -1,
            "children": [],
            "user id": "6481137066",
            "user name": "郭德盆2",
            "content": "声音真的假的",
            "time": "19-3-17 21:31"
        },
        {
            "comment id": 5,
            "parent": -1,
            "children": [],
            "user id": "5991773039",
            "user name": "小李的隐藏人格",
            "content": "假的吧",
            "time": "19-4-27 09:27"
        },
        {
            "comment id": 6,
            "parent": -1,
            "children": [],
            "user id": "2164346644",
            "user name": "WVyang",
            "content": "",
            "time": "19-3-21 11:42"
        },
        {
            "comment id": 7,
            "parent": -1,
            "children": [],
            "user id": "5145282319",
            "user name": "Mirrzat_",
            "content": "fsx, xp11了解一下",
            "time": "19-3-20 09:38"
        },
        {
            "comment id": 8,
            "parent": -1,
            "children": [],
            "user id": "6899170946",
            "user name": "笑过的小妮子",
            "content": "我也听了，真的好难受",
            "time": "19-3-17 16:57"
        },
        {
            "comment id": 9,
            "parent": -1,
            "children": [],
            "user id": "7027311874",
            "user name": "悬崖边上的哈哈迪",
            "content": "睿智玩意",
            "time": "19-4-5 01:17"
        }
    ]
}