{
    "source": {
        "content": "🎈 埃航失事客机黑匣子已找到，这是自动记录仪录下的最后10秒钟……人们濒死的惨叫声，多么恐惧和绝望😭\n\n……活着就是一种幸运，保持一份好心情，去见你想见的人，去做你想做的事，有梦想就尽力去实现！\n\n或许这辈子找不到陪自己走下去的人！\n有一份事业可以一直经营下去也是一种陪伴🐣  WJ小宇的秒拍视频",
        "time": "19-3-17 23:32",
        "user id": "3287611185",
        "tweet id": "Hlo5Dw3hD",
        "label": 1,
        "theme": null
    },
    "comment": [
        {
            "comment id": 0,
            "parent": -1,
            "children": [
                1,
                2,
                4
            ],
            "user id": "5892645343",
            "user name": "桥渡伶子",
            "content": "这是模拟的动画…",
            "time": "19-3-18 04:07"
        },
        {
            "comment id": 1,
            "parent": 0,
            "children": [],
            "user id": "3287611185",
            "user name": "WJ小宇",
            "content": "不会吧",
            "time": "19-3-19 23:57"
        },
        {
            "comment id": 2,
            "parent": 0,
            "children": [],
            "user id": "6576975038",
            "user name": "溪水流淌的爱情故事",
            "content": "回复@二夫人的小老婆:倒也不是什么大神，一个粗劣的模拟，基本数据都没有，除了提供谣言也没什么用",
            "time": "19-3-18 23:57"
        },
        {
            "comment id": 3,
            "parent": 4,
            "children": [],
            "user id": "5892645343",
            "user name": "桥渡伶子",
            "content": "回复@WJ小宇:前两天有大神网友做了飞机失事模型然后上传的 以讹传讹",
            "time": "19-3-18 12:51"
        },
        {
            "comment id": 4,
            "parent": 0,
            "children": [
                3
            ],
            "user id": "3287611185",
            "user name": "WJ小宇",
            "content": "应该吧",
            "time": "19-3-18 11:37"
        },
        {
            "comment id": 5,
            "parent": -1,
            "children": [
                6
            ],
            "user id": "2626048184",
            "user name": "小杏孕",
            "content": "这是模拟的",
            "time": "19-3-18 01:21"
        },
        {
            "comment id": 6,
            "parent": 5,
            "children": [
                7
            ],
            "user id": "3287611185",
            "user name": "WJ小宇",
            "content": "不会吧",
            "time": "19-3-18 11:37"
        },
        {
            "comment id": 7,
            "parent": 6,
            "children": [],
            "user id": "1944746301",
            "user name": "肉酸大魔王",
            "content": "回复@WJ小宇:这个游戏是微软出的模拟飞行",
            "time": "19-3-22 07:00"
        },
        {
            "comment id": 8,
            "parent": -1,
            "children": [],
            "user id": "5170970377",
            "user name": "嗯就是它",
            "content": "逝者安息🙏",
            "time": "19-3-19 00:53"
        },
        {
            "comment id": 9,
            "parent": -1,
            "children": [],
            "user id": "1679479681",
            "user name": "海贼王Luffy",
            "content": "飞机黑匣子只能录驾驶舱的声音",
            "time": "19-3-18 22:55"
        },
        {
            "comment id": 10,
            "parent": -1,
            "children": [],
            "user id": "5893651415",
            "user name": "北巷与清风",
            "content": "安息",
            "time": "19-3-19 20:31"
        },
        {
            "comment id": 11,
            "parent": -1,
            "children": [],
            "user id": "1538231740",
            "user name": "大瑶瑶啊瑶",
            "content": "安息",
            "time": "19-3-18 01:02"
        },
        {
            "comment id": 12,
            "parent": -1,
            "children": [],
            "user id": "5863637140",
            "user name": "superpower2016",
            "content": "@GmygmyG",
            "time": "19-3-26 16:49"
        }
    ]
}