{
    "source": {
        "content": "#埃航失事或因鸟类撞击导致#\n【珍惜拥有，活在当下】\n\n埃航失事客机🙏黑匣子已找到，这是自动记录仪录下的最后10秒钟……听到人们濒死的惨叫声深感生命的脆弱与无常。\n珍惜拥有，活在当下。把每一天当成最后一天去活，勿以善小而不为，用合乎天道、“具体而微”的言行举止，为这个世界持续带去正面的影响❤️ 美商婕斯-大中华区招商V的秒拍视频",
        "time": "19-4-4 19:12",
        "user id": "3262229404",
        "tweet id": "Ho65f1YLr",
        "label": 1,
        "theme": null
    },
    "comment": [
        {
            "comment id": 0,
            "parent": -1,
            "children": [
                1,
                2,
                3
            ],
            "user id": "1927427755",
            "user name": "吃藕的大高个",
            "content": "不应该是冷静的和亲友们告别吗？",
            "time": "19-4-5 11:07"
        },
        {
            "comment id": 1,
            "parent": 0,
            "children": [],
            "user id": "1927427755",
            "user name": "吃藕的大高个",
            "content": "回复@美商婕斯-大中华区招商V:你在说啥？没听到视频那么多尖叫？",
            "time": "19-4-5 17:08"
        },
        {
            "comment id": 2,
            "parent": 0,
            "children": [],
            "user id": "3262229404",
            "user name": "婕斯环球大中华区西北总代",
            "content": "一次生前的孝敬，胜过身后百次扫墓！ 清明烧万堆纸钱，不如在世端一碗饭！ 时刻谨记：百善孝为先！",
            "time": "19-4-5 12:23"
        },
        {
            "comment id": 3,
            "parent": 0,
            "children": [],
            "user id": "3262229404",
            "user name": "婕斯环球大中华区西北总代",
            "content": "告别之后，是不是应该冷静下来反省一下自己？",
            "time": "19-4-5 11:13"
        },
        {
            "comment id": 4,
            "parent": -1,
            "children": [],
            "user id": "3262229404",
            "user name": "婕斯环球大中华区西北总代",
            "content": "肯定是真的啊。假的怎么敢乱发",
            "time": "19-4-4 20:03"
        },
        {
            "comment id": 5,
            "parent": -1,
            "children": [
                6
            ],
            "user id": "1375615910",
            "user name": "她说她叫皮小乖",
            "content": "这是真的？",
            "time": "19-4-4 19:32"
        },
        {
            "comment id": 6,
            "parent": 5,
            "children": [],
            "user id": "1701793142",
            "user name": "大绅",
            "content": "计算机动画",
            "time": "19-4-5 08:27"
        },
        {
            "comment id": 7,
            "parent": -1,
            "children": [],
            "user id": "1247387667",
            "user name": "探赜无涯",
            "content": "传播虚假信息，投诉，这一看就是电脑模拟的。",
            "time": "19-4-8 16:10"
        },
        {
            "comment id": 8,
            "parent": -1,
            "children": [],
            "user id": "6177035048",
            "user name": "鱼蛋babi",
            "content": "明显假",
            "time": "19-5-9 08:59"
        },
        {
            "comment id": 9,
            "parent": -1,
            "children": [],
            "user id": "5511450545",
            "user name": "lok3333333",
            "content": "这是模拟的",
            "time": "19-4-5 21:42"
        },
        {
            "comment id": 10,
            "parent": -1,
            "children": [],
            "user id": "5654341299",
            "user name": "不淡定iii",
            "content": "Gta5吧",
            "time": "19-4-8 12:04"
        }
    ]
}