{
    "source": {
        "content": "卢森堡首相贝泰尔先生携其先生访华，我也觉得挺愁人的，到底怎么播？！  ",
        "time": "19-4-14 20:27",
        "user id": "2648476497",
        "tweet id": "HpCQq4Wqu",
        "label": 1,
        "theme": null
    },
    "comment": [
        {
            "comment id": 0,
            "parent": -1,
            "children": [],
            "user id": "5902904705",
            "user name": "赤脚大仙611",
            "content": "",
            "time": "19-4-14 20:56"
        },
        {
            "comment id": 1,
            "parent": -1,
            "children": [],
            "user id": "1742602163",
            "user name": "吉氏太极拳",
            "content": "博主故意拿有色眼镜看人罢了，而且这根本不是卢森堡首相和他伴侣",
            "time": "19-4-15 08:25"
        },
        {
            "comment id": 2,
            "parent": -1,
            "children": [],
            "user id": "1987780773",
            "user name": "热心肠的王大大",
            "content": "一把年纪了，好好玩收藏吧，别哗众取宠了。实在是无知，百度一下再发言。",
            "time": "19-4-15 11:08"
        },
        {
            "comment id": 3,
            "parent": -1,
            "children": [],
            "user id": "3089925547",
            "user name": "鱼腥草乌拉拉",
            "content": "早都辟谣了，那是一个个歌星演出照片，不要乱转发这些谣言，挺无知的",
            "time": "19-4-15 08:44"
        },
        {
            "comment id": 4,
            "parent": -1,
            "children": [],
            "user id": "3089925547",
            "user name": "鱼腥草乌拉拉",
            "content": "不知道P图造假一说么，啥转发",
            "time": "19-4-15 08:43"
        }
    ]
}