{
    "source": {
        "content": "卢森堡首相贝泰尔携夫人今天抵京，开始对华访问，这造型愁死新闻联播人民日报新华社那些媒体了吧！[呲牙] 哈哈哈哈哈  ",
        "time": "19-4-15 04:27",
        "user id": "2823886162",
        "tweet id": "HpFZg2lLG",
        "label": 1,
        "theme": null
    },
    "comment": [
        {
            "comment id": 0,
            "parent": -1,
            "children": [],
            "user id": "5740542617",
            "user name": "嗨嗨儿的迷子",
            "content": "可能给p下去（参见吴秀波",
            "time": "19-4-15 06:29"
        },
        {
            "comment id": 1,
            "parent": -1,
            "children": [],
            "user id": "5860664425",
            "user name": "我是你的薇薇安呀",
            "content": "而且这也不是他夫人，别瞎发",
            "time": "19-4-15 07:22"
        },
        {
            "comment id": 2,
            "parent": -1,
            "children": [],
            "user id": "6597395899",
            "user name": "佳佳鹿森林",
            "content": "造谣可耻",
            "time": "19-4-15 07:35"
        },
        {
            "comment id": 3,
            "parent": -1,
            "children": [],
            "user id": "5083945985",
            "user name": "HarryYi的藏宝箱",
            "content": "造谣可耻",
            "time": "19-4-15 07:25"
        },
        {
            "comment id": 4,
            "parent": -1,
            "children": [],
            "user id": "2830695041",
            "user name": "残荷湮雨",
            "content": "辟谣，假新闻",
            "time": "19-4-15 07:23"
        },
        {
            "comment id": 5,
            "parent": -1,
            "children": [],
            "user id": "6529088512",
            "user name": "mjflyhighzz",
            "content": "造谣了，要不要道个歉啊？",
            "time": "19-4-15 16:17"
        },
        {
            "comment id": 6,
            "parent": -1,
            "children": [],
            "user id": "1794482433",
            "user name": "努力ZHBoy",
            "content": "这种转发谣言的同伙，就该抓进入坐牢！判个10年！",
            "time": "19-4-15 07:48"
        },
        {
            "comment id": 7,
            "parent": -1,
            "children": [],
            "user id": "2798053117",
            "user name": "爱吃夹心梨哟",
            "content": "这不是他伴侣！",
            "time": "19-4-15 07:28"
        },
        {
            "comment id": 8,
            "parent": -1,
            "children": [],
            "user id": "6296341010",
            "user name": "蕭木易99",
            "content": "造谣不犯法镁？？？",
            "time": "19-5-17 16:50"
        }
    ]
}