{
    "source": {
        "content": "#沈阳棋盘山着火#4月17日上午，沈阳市棋盘山开发区英达街道与沈北辉山街道交界处突发火情。事故发生后，沈阳市森林公安局及时进行侦查，第一时间将野外违规用火者抓获。经查违规用火者是富某，男，46岁，现居住英达街道东沟村。17日上午，富某在耕地内烧秸秆，由于当时风力较大，引燃周围荒草。",
        "time": "19-4-17 15:56",
        "user id": "2553493045",
        "tweet id": "Hq3mdwBWN",
        "label": 1,
        "theme": null
    },
    "comment": [
        {
            "comment id": 0,
            "parent": -1,
            "children": [],
            "user id": "3921264312",
            "user name": "惰性向日葵",
            "content": "为什么不标注年份？这是12年的内容了，不要ヽ(≧Д≦)ノ传了好么？",
            "time": "19-4-17 16:00"
        },
        {
            "comment id": 1,
            "parent": -1,
            "children": [],
            "user id": "1805037955",
            "user name": "旻旻游到爱琴海",
            "content": "都不是一个地方",
            "time": "19-4-17 16:05"
        },
        {
            "comment id": 2,
            "parent": -1,
            "children": [],
            "user id": "3178332870",
            "user name": "吴善良-",
            "content": "火是着了 但是违规情况是12年的",
            "time": "19-4-17 16:03"
        },
        {
            "comment id": 3,
            "parent": -1,
            "children": [],
            "user id": "1767226564",
            "user name": "阿里君君吖",
            "content": "上午就着了？",
            "time": "19-4-17 16:01"
        },
        {
            "comment id": 4,
            "parent": -1,
            "children": [],
            "user id": "2263825295",
            "user name": "Violet·S·Evergarden",
            "content": "12年新闻，不要在传了",
            "time": "19-4-17 16:03"
        }
    ]
}