{
    "source": {
        "content": "4月17日上午，沈阳市棋盘山开发区英达街道与沈北辉山街道交界处突发火情。事故发生后，沈阳市森林公安局及时进行侦查，第一时间将野外违规用火者抓获。经查违规用火者是富某，男，46岁，现居住英达街道东沟村。17日上午，富某在耕地内烧秸秆，由于当时风力较大，引燃周围荒草。目前，富某因涉嫌在防火戒严期内违法野外用火，已被沈阳市森林公安局行政拘留。  网页链接",
        "time": "19-4-17 16:06",
        "user id": "5680023541",
        "tweet id": "Hq3qi9Qlv",
        "label": 1,
        "theme": null
    },
    "comment": [
        {
            "comment id": 0,
            "parent": -1,
            "children": [
                1,
                2,
                4,
                6
            ],
            "user id": "6689100698",
            "user name": "氵番广宇",
            "content": "谣言，请删除。",
            "time": "19-4-17 16:22"
        },
        {
            "comment id": 1,
            "parent": 0,
            "children": [],
            "user id": "5680023541",
            "user name": "红领巾一万飞",
            "content": "回复@诺手有福:那么你微博搜搜沈阳棋盘山吧",
            "time": "19-4-18 11:53"
        },
        {
            "comment id": 2,
            "parent": 0,
            "children": [],
            "user id": "5680023541",
            "user name": "红领巾一万飞",
            "content": "回复@潘广宇想变强:他说他的吧，我说我的，你明天看微信新闻就知道了",
            "time": "19-4-17 21:34"
        },
        {
            "comment id": 3,
            "parent": 4,
            "children": [],
            "user id": "6689100698",
            "user name": "氵番广宇",
            "content": "回复@红领巾一万飞:你自己那微博上边官方都写了谣言了，你还在这查啥呢？",
            "time": "19-4-17 20:48"
        },
        {
            "comment id": 4,
            "parent": 0,
            "children": [
                3
            ],
            "user id": "5680023541",
            "user name": "红领巾一万飞",
            "content": "回复@潘广宇想变强:你查一下微博吧你",
            "time": "19-4-17 20:42"
        },
        {
            "comment id": 5,
            "parent": 6,
            "children": [],
            "user id": "6689100698",
            "user name": "氵番广宇",
            "content": "回复@红领巾一万飞:唉",
            "time": "19-4-17 20:07"
        },
        {
            "comment id": 6,
            "parent": 0,
            "children": [
                5
            ],
            "user id": "5680023541",
            "user name": "红领巾一万飞",
            "content": "你凭什么说是谣言呢？",
            "time": "19-4-17 19:39"
        },
        {
            "comment id": 7,
            "parent": -1,
            "children": [
                8
            ],
            "user id": "1593263770",
            "user name": "勍了个晴",
            "content": "切斤卖了也赔不起这山啊！千万别有人员伤亡了，太坑人了简直",
            "time": "19-4-17 16:10"
        },
        {
            "comment id": 8,
            "parent": 7,
            "children": [],
            "user id": "5680023541",
            "user name": "红领巾一万飞",
            "content": "周内的住户也被烧了，判刑得有年头了",
            "time": "19-4-17 16:35"
        },
        {
            "comment id": 9,
            "parent": -1,
            "children": [
                10
            ],
            "user id": "5512674003",
            "user name": "假如从噺來過",
            "content": "说是谣言的人  你是他什么人啊",
            "time": "19-4-17 16:46"
        },
        {
            "comment id": 10,
            "parent": 9,
            "children": [],
            "user id": "6689100698",
            "user name": "氵番广宇",
            "content": "？？？？",
            "time": "19-4-17 20:08"
        },
        {
            "comment id": 11,
            "parent": -1,
            "children": [],
            "user id": "3110829053",
            "user name": "Treasure丶宇",
            "content": "你还不删谣言？等着被抓？",
            "time": "19-4-17 19:49"
        },
        {
            "comment id": 12,
            "parent": -1,
            "children": [],
            "user id": "6689100698",
            "user name": "氵番广宇",
            "content": "@沈阳网警小胖 @沈阳网警巡查执法 @沈阳网安",
            "time": "19-4-17 20:07"
        }
    ]
}