{
    "source": {
        "content": "森林防火，不要说说，要去做做，爱护环境，爱护动物，人人有责！  沈阳棋盘山发生火灾！心疼这些动物  ",
        "time": "19-4-17 17:54",
        "user id": "3283528095",
        "tweet id": "Hq4836a2o",
        "label": 1,
        "theme": null
    },
    "comment": [
        {
            "comment id": 0,
            "parent": -1,
            "children": [
                2,
                4,
                6,
                8,
                9
            ],
            "user id": "2398218397",
            "user name": "仲小夏_夏夏夏夏夏夏夏夏夏啊",
            "content": "这都是动物园烧死的吗",
            "time": "19-4-17 17:56"
        },
        {
            "comment id": 1,
            "parent": 2,
            "children": [],
            "user id": "3283528095",
            "user name": "得劲哥与妈妈",
            "content": "回复@仲小夏_夏夏夏夏夏夏夏夏夏啊:唉！",
            "time": "19-4-17 18:10"
        },
        {
            "comment id": 2,
            "parent": 0,
            "children": [
                1
            ],
            "user id": "2398218397",
            "user name": "仲小夏_夏夏夏夏夏夏夏夏夏啊",
            "content": "回复@李朝斌坏蛋哥哥:是啊 心里难受",
            "time": "19-4-17 18:09"
        },
        {
            "comment id": 3,
            "parent": 4,
            "children": [],
            "user id": "3283528095",
            "user name": "得劲哥与妈妈",
            "content": "回复@仲小夏_夏夏夏夏夏夏夏夏夏啊:那也心疼啊",
            "time": "19-4-17 18:07"
        },
        {
            "comment id": 4,
            "parent": 0,
            "children": [
                3
            ],
            "user id": "2398218397",
            "user name": "仲小夏_夏夏夏夏夏夏夏夏夏啊",
            "content": "回复@李朝斌坏蛋哥哥:动物园没事？烧死的都是野生的小动物啊",
            "time": "19-4-17 18:04"
        },
        {
            "comment id": 5,
            "parent": 6,
            "children": [],
            "user id": "3283528095",
            "user name": "得劲哥与妈妈",
            "content": "回复@仲小夏_夏夏夏夏夏夏夏夏夏啊:真的",
            "time": "19-4-17 18:04"
        },
        {
            "comment id": 6,
            "parent": 0,
            "children": [
                5
            ],
            "user id": "2398218397",
            "user name": "仲小夏_夏夏夏夏夏夏夏夏夏啊",
            "content": "回复@李朝斌坏蛋哥哥:难道真的都烧死了？辟谣的新闻是Jia的？",
            "time": "19-4-17 18:03"
        },
        {
            "comment id": 7,
            "parent": 8,
            "children": [],
            "user id": "3283528095",
            "user name": "得劲哥与妈妈",
            "content": "回复@古德里安2018:这是真实事儿",
            "time": "19-4-17 18:03"
        },
        {
            "comment id": 8,
            "parent": 0,
            "children": [
                7
            ],
            "user id": "6482934548",
            "user name": "古德里安2018",
            "content": "动物园不是辟谣了吗",
            "time": "19-4-17 18:00"
        },
        {
            "comment id": 9,
            "parent": 0,
            "children": [],
            "user id": "3283528095",
            "user name": "得劲哥与妈妈",
            "content": "嗯呢",
            "time": "19-4-17 17:57"
        },
        {
            "comment id": 10,
            "parent": -1,
            "children": [
                11
            ],
            "user id": "6195051307",
            "user name": "詹叔",
            "content": "别瞎传了 这都哪看的图片啊",
            "time": "19-4-17 23:30"
        },
        {
            "comment id": 11,
            "parent": 10,
            "children": [],
            "user id": "3283528095",
            "user name": "得劲哥与妈妈",
            "content": "你看不出来真假",
            "time": "19-4-18 08:32"
        },
        {
            "comment id": 12,
            "parent": -1,
            "children": [],
            "user id": "1264727505",
            "user name": "玛丽莲懵兔yumi",
            "content": "别闹了，火还没扑灭，咋拍的。还这么晴的天",
            "time": "19-4-17 23:17"
        },
        {
            "comment id": 13,
            "parent": -1,
            "children": [],
            "user id": "5174781139",
            "user name": "Yikyau",
            "content": "沈阳今天哪来的太阳？",
            "time": "19-4-18 01:01"
        },
        {
            "comment id": 14,
            "parent": -1,
            "children": [],
            "user id": "2398218397",
            "user name": "仲小夏_夏夏夏夏夏夏夏夏夏啊",
            "content": "太心疼了",
            "time": "19-4-17 17:56"
        },
        {
            "comment id": 15,
            "parent": -1,
            "children": [],
            "user id": "5297262669",
            "user name": "月下独歌",
            "content": "图片是你拍的吗",
            "time": "19-4-19 17:08"
        },
        {
            "comment id": 16,
            "parent": -1,
            "children": [],
            "user id": "5866098688",
            "user name": "感谢经历让我懂得珍惜她",
            "content": "别传谣了，沈阳哪来的太阳，而且官方也说了，没烧到动物园",
            "time": "19-4-18 12:52"
        },
        {
            "comment id": 17,
            "parent": -1,
            "children": [],
            "user id": "6983214003",
            "user name": "喜欢小一号的你",
            "content": "你只要相信自己的眼睛就好了",
            "time": "19-4-18 11:39"
        }
    ]
}