{
    "source": {
        "content": "地下车库起火了然后……消防来了没能进得去…直接灌水灭火一辆特斯拉毁了两层车库 ",
        "time": "19-4-22 10:58",
        "user id": "5986066272",
        "tweet id": "HqMxCeAkP",
        "label": 1,
        "theme": null
    },
    "comment": [
        {
            "comment id": 0,
            "parent": -1,
            "children": [
                1,
                3,
                5,
                6,
                8,
                9,
                10,
                11
            ],
            "user id": "5205272657",
            "user name": "没名起啥",
            "content": "造谣是要负法律责任的",
            "time": "19-4-22 12:28"
        },
        {
            "comment id": 1,
            "parent": 0,
            "children": [],
            "user id": "1926287297",
            "user name": "一个比爷们还爷们的爷们",
            "content": "多少水才能灌满两层车库啊",
            "time": "19-4-24 15:03"
        },
        {
            "comment id": 2,
            "parent": 11,
            "children": [],
            "user id": "2651140714",
            "user name": "teotws",
            "content": "回复@玩车TV:有点搞笑",
            "time": "19-4-23 23:58"
        },
        {
            "comment id": 3,
            "parent": 0,
            "children": [],
            "user id": "5960463362",
            "user name": "萌友的基地遭到公鸡",
            "content": "已经投诉博主",
            "time": "19-4-23 19:03"
        },
        {
            "comment id": 4,
            "parent": 11,
            "children": [],
            "user id": "3199246052",
            "user name": "永远的爱情Sun小强_LI",
            "content": "回复@玩车TV:为啥不求证之后再发，你发的可以点有没有求证的意思",
            "time": "19-4-23 13:04"
        },
        {
            "comment id": 5,
            "parent": 0,
            "children": [],
            "user id": "2687194404",
            "user name": "夏-美DaYdAyHaPpY",
            "content": "地下车库大多都有国防功能，反正我不姓防火挡灾的地下车库会这样",
            "time": "19-4-23 12:41"
        },
        {
            "comment id": 6,
            "parent": 0,
            "children": [],
            "user id": "2954390722",
            "user name": "明日有风",
            "content": "回复 @Vone_Lin:支持这样骂博主，他心里就算是知道这是谣言还是发出来博眼球。",
            "time": "19-4-23 12:31"
        },
        {
            "comment id": 7,
            "parent": 11,
            "children": [],
            "user id": "2530694002",
            "user name": "Vone_Lin",
            "content": "回复@玩车TV:你等你妈呢？你这发出来的说法语气像是要求证的样子，我看你很确定啊一副斩钉截铁现场看到的样子。",
            "time": "19-4-23 11:41"
        },
        {
            "comment id": 8,
            "parent": 0,
            "children": [],
            "user id": "3376753620",
            "user name": "一曲离别悲",
            "content": "多刷刷，就会出来视频以及gif。不要心疼流量",
            "time": "19-4-22 22:49"
        },
        {
            "comment id": 9,
            "parent": 0,
            "children": [],
            "user id": "6383124153",
            "user name": "是阿一啊啊",
            "content": "肯定造谣啊，哪个地下车库没有喷淋，没有消火栓，没有排烟",
            "time": "19-4-22 20:33"
        },
        {
            "comment id": 10,
            "parent": 0,
            "children": [],
            "user id": "2230252847",
            "user name": "Nocturnal10929",
            "content": "地下车库没有下水道？？淹掉一层需要几个消防栓？？",
            "time": "19-4-22 19:57"
        },
        {
            "comment id": 11,
            "parent": 0,
            "children": [
                2,
                4,
                7
            ],
            "user id": "5986066272",
            "user name": "玩车TV",
            "content": "一样等求证  大家一起求证",
            "time": "19-4-22 16:49"
        },
        {
            "comment id": 12,
            "parent": -1,
            "children": [
                13,
                15,
                16,
                17,
                18,
                19,
                21,
                22,
                23,
                24,
                26,
                28
            ],
            "user id": "2439176745",
            "user name": "广州嬴政",
            "content": "地库没有消防喷淋？",
            "time": "19-4-22 11:00"
        },
        {
            "comment id": 13,
            "parent": 12,
            "children": [],
            "user id": "5292769713",
            "user name": "冷ccclc",
            "content": "回复@TLoLoooo:烟感只报警，喷淋是温度到达警戒点自动爆开洒水",
            "time": "19-4-23 22:03"
        },
        {
            "comment id": 14,
            "parent": 26,
            "children": [],
            "user id": "1986435805",
            "user name": "Jay弦De调",
            "content": "回复@黑桃_七:规范上地下车库也有消防栓。。这段子编的太假。",
            "time": "19-4-23 21:47"
        },
        {
            "comment id": 15,
            "parent": 12,
            "children": [],
            "user id": "2439176745",
            "user name": "广州嬴政",
            "content": "回复@精壮的胖娃儿:原来这样，学到东西了",
            "time": "19-4-23 21:09"
        },
        {
            "comment id": 16,
            "parent": 12,
            "children": [],
            "user id": "3184801570",
            "user name": "LeeeeZp",
            "content": "锂电池又不是普通木柴什么的 水灭火只是特定条件 很多情况下洒水还会助燃",
            "time": "19-4-23 20:25"
        },
        {
            "comment id": 17,
            "parent": 12,
            "children": [],
            "user id": "6023874522",
            "user name": "NineElevenALEXG",
            "content": "可以手动关闭，电池自燃不能浇水的。",
            "time": "19-4-22 23:09"
        },
        {
            "comment id": 18,
            "parent": 12,
            "children": [],
            "user id": "5629092911",
            "user name": "木头爱睡觉",
            "content": "回复@TLoLoooo:特斯拉的话，锂电池一旦爆炸就比较剧烈，而且锂电池爆炸喷淋没用，一旦引燃旁边某辆车油箱基本就没法阻止了。所以喷淋效果确实有限。",
            "time": "19-4-22 22:17"
        },
        {
            "comment id": 19,
            "parent": 12,
            "children": [],
            "user id": "1645859633",
            "user name": "柠柠爸比",
            "content": "回复@TLoLoooo:水量不会很大，如果火势比较迅猛，一下子灭不掉，应该是着火信号回馈到消控室之后派人到现场用消火栓一起灭火。",
            "time": "19-4-22 21:15"
        },
        {
            "comment id": 20,
            "parent": 22,
            "children": [],
            "user id": "2439176745",
            "user name": "广州嬴政",
            "content": "回复@柠柠爸比:冒烟的话，烟感感应到喷水的话，第二辆车可能不用遭殃吧",
            "time": "19-4-22 21:11"
        },
        {
            "comment id": 21,
            "parent": 12,
            "children": [],
            "user id": "2439176745",
            "user name": "广州嬴政",
            "content": "回复@草坡天:或者是吧",
            "time": "19-4-22 21:10"
        },
        {
            "comment id": 22,
            "parent": 12,
            "children": [
                20
            ],
            "user id": "1645859633",
            "user name": "柠柠爸比",
            "content": "自喷只能对付初期火灾，持续时间在一个小时，不过要是说淹了两层，我不大相信，因为这需要的水量是非常巨大的，而且地下室几十个排水泵也会全部运行的。",
            "time": "19-4-22 20:47"
        },
        {
            "comment id": 23,
            "parent": 12,
            "children": [],
            "user id": "6527723859",
            "user name": "谭谭这么多的么",
            "content": "车着火喷淋一点作用都没有",
            "time": "19-4-22 16:57"
        },
        {
            "comment id": 24,
            "parent": 12,
            "children": [],
            "user id": "1227606287",
            "user name": "F-I-R-E",
            "content": "回复@TLoLoooo:不可能，没有消防设施根本没法验收，更没法卖。这点不现实。",
            "time": "19-4-22 16:37"
        },
        {
            "comment id": 25,
            "parent": 26,
            "children": [],
            "user id": "2439176745",
            "user name": "广州嬴政",
            "content": "回复@黑桃_七:那也是",
            "time": "19-4-22 14:11"
        },
        {
            "comment id": 26,
            "parent": 12,
            "children": [
                14,
                25
            ],
            "user id": "2179529042",
            "user name": "黑桃_七",
            "content": "喷淋估计也喷不灭吧",
            "time": "19-4-22 13:20"
        },
        {
            "comment id": 27,
            "parent": 28,
            "children": [],
            "user id": "2439176745",
            "user name": "广州嬴政",
            "content": "回复@玩车TV:这个地库一定是没有自带消防系统",
            "time": "19-4-22 11:03"
        },
        {
            "comment id": 28,
            "parent": 12,
            "children": [
                27
            ],
            "user id": "5986066272",
            "user name": "玩车TV",
            "content": "烟太大进都进不去",
            "time": "19-4-22 11:01"
        },
        {
            "comment id": 29,
            "parent": -1,
            "children": [
                30,
                31,
                32,
                33,
                34,
                35
            ],
            "user id": "5083533502",
            "user name": "玩车教授",
            "content": "这得赔多少钱",
            "time": "19-4-22 10:59"
        },
        {
            "comment id": 30,
            "parent": 29,
            "children": [],
            "user id": "6622095910",
            "user name": "刘刘刘_拴宝",
            "content": "回复@冷静xk:电池组自燃肯定属于特斯拉赔啊，技术问题，又不是因为车主发生事故导致损失",
            "time": "19-4-24 15:33"
        },
        {
            "comment id": 31,
            "parent": 29,
            "children": [],
            "user id": "5413586635",
            "user name": "杰森斯坦·壮",
            "content": "但凡长点脑子的你好好想想去。看看地下车库能不能被淹",
            "time": "19-4-24 11:46"
        },
        {
            "comment id": 32,
            "parent": 29,
            "children": [],
            "user id": "2420410641",
            "user name": "人称梅大胆",
            "content": "回复@冷静xk:看着吧、八成最后甩给车主",
            "time": "19-4-23 01:02"
        },
        {
            "comment id": 33,
            "parent": 29,
            "children": [],
            "user id": "5260543678",
            "user name": "NAMJIHYUN",
            "content": "回复@冷静xk:应该由特斯拉官方赔",
            "time": "19-4-22 21:32"
        },
        {
            "comment id": 34,
            "parent": 29,
            "children": [],
            "user id": "5986066272",
            "user name": "玩车TV",
            "content": "这个责任归结怎么算……保险怎么赔……想想都头大",
            "time": "19-4-22 11:00"
        },
        {
            "comment id": 35,
            "parent": 29,
            "children": [],
            "user id": "2653347347",
            "user name": "清风月伴鸣蝉",
            "content": "问题是保险赔还是特斯拉？肯定不会是车主吧",
            "time": "19-4-22 11:00"
        },
        {
            "comment id": 36,
            "parent": -1,
            "children": [
                37,
                39
            ],
            "user id": "5509319277",
            "user name": "我就是想上天啊",
            "content": "这怎么算",
            "time": "19-4-22 16:32"
        },
        {
            "comment id": 37,
            "parent": 36,
            "children": [],
            "user id": "1986435805",
            "user name": "Jay弦De调",
            "content": "这算造谣。",
            "time": "19-4-23 21:47"
        },
        {
            "comment id": 38,
            "parent": 39,
            "children": [],
            "user id": "5549904515",
            "user name": "指尖风暴c",
            "content": "回复@玩车TV:神特么被燃险",
            "time": "19-4-23 21:10"
        },
        {
            "comment id": 39,
            "parent": 36,
            "children": [
                38
            ],
            "user id": "5986066272",
            "user name": "玩车TV",
            "content": "有自燃险和被燃险  等后面出科普文！",
            "time": "19-4-22 16:47"
        },
        {
            "comment id": 40,
            "parent": -1,
            "children": [
                42,
                46,
                47,
                49,
                51
            ],
            "user id": "2447938282",
            "user name": "志倫Alan",
            "content": "怎么可能淹了…………瞎几把扯",
            "time": "19-4-22 11:25"
        },
        {
            "comment id": 41,
            "parent": 42,
            "children": [],
            "user id": "2447938282",
            "user name": "志倫Alan",
            "content": "回复@自豪自豪蹦擦擦:哈哈哈哈哈哈这可能是个20000的水箱",
            "time": "19-4-23 08:32"
        },
        {
            "comment id": 42,
            "parent": 40,
            "children": [
                41
            ],
            "user id": "5226084919",
            "user name": "自豪自豪蹦擦擦",
            "content": "小学问题，出水是5，进水是6试问一个20的水箱多长时间能满",
            "time": "19-4-23 08:27"
        },
        {
            "comment id": 43,
            "parent": 44,
            "children": [],
            "user id": "2447938282",
            "user name": "志倫Alan",
            "content": "回复@马自达粉丝煲:友军友军",
            "time": "19-4-22 13:44"
        },
        {
            "comment id": 44,
            "parent": 45,
            "children": [
                43
            ],
            "user id": "6872320385",
            "user name": "马自达粉丝煲",
            "content": "回复@志倫Alan:你明不明白我的意思，，我要表达，有消防喉就搭水管灭火，，，，不是全开消防喉把车库给淹了",
            "time": "19-4-22 13:23"
        },
        {
            "comment id": 45,
            "parent": 46,
            "children": [
                44
            ],
            "user id": "2447938282",
            "user name": "志倫Alan",
            "content": "回复@马自达粉丝煲:你把地库消防喉全开了都不知道何年何月才能淹，这是常识问题",
            "time": "19-4-22 13:06"
        },
        {
            "comment id": 46,
            "parent": 40,
            "children": [
                45
            ],
            "user id": "6872320385",
            "user name": "马自达粉丝煲",
            "content": "当消防喉是摆设？",
            "time": "19-4-22 12:58"
        },
        {
            "comment id": 47,
            "parent": 40,
            "children": [],
            "user id": "2009811823",
            "user name": "平行线永远不变的距离",
            "content": "回复@游戏阿柴:不清楚，也是看别人说的",
            "time": "19-4-22 12:36"
        },
        {
            "comment id": 48,
            "parent": 50,
            "children": [],
            "user id": "1835620342",
            "user name": "土孩子Soil",
            "content": "回复@志倫Alan:排水起作用那灌水干啥，灌进去排出去，不是白忙活么",
            "time": "19-4-22 11:55"
        },
        {
            "comment id": 49,
            "parent": 40,
            "children": [],
            "user id": "1843914814",
            "user name": "豆腐火腩白饭",
            "content": "一天都灌不满一层",
            "time": "19-4-22 11:44"
        },
        {
            "comment id": 50,
            "parent": 51,
            "children": [
                48
            ],
            "user id": "2447938282",
            "user name": "志倫Alan",
            "content": "回复@平行线永远不变的距离:…………那怎么把排水给堵了",
            "time": "19-4-22 11:29"
        },
        {
            "comment id": 51,
            "parent": 40,
            "children": [
                50
            ],
            "user id": "2009811823",
            "user name": "平行线永远不变的距离",
            "content": "说是人进不去，只能用水灌灭火",
            "time": "19-4-22 11:28"
        },
        {
            "comment id": 52,
            "parent": -1,
            "children": [
                53
            ],
            "user id": "5021988642",
            "user name": "HZ丶Bean",
            "content": "你觉得一个车库能进多少量消防车，灌满一个车库要多少水多长时间想过吗？发这种东西不动脑子吗？ 一个车库没有消防系统可能太老了，可能没有排水系统吗？？？",
            "time": "19-4-22 11:50"
        },
        {
            "comment id": 53,
            "parent": 52,
            "children": [
                54
            ],
            "user id": "1986435805",
            "user name": "Jay弦De调",
            "content": "编段子的人智商太低。",
            "time": "19-4-23 21:48"
        },
        {
            "comment id": 54,
            "parent": 53,
            "children": [],
            "user id": "5021988642",
            "user name": "HZ丶Bean",
            "content": "回复@Jay弦De调:小编智商也不高，入门要求太低了 看着生气",
            "time": "19-4-23 23:01"
        },
        {
            "comment id": 55,
            "parent": -1,
            "children": [
                56,
                57,
                58
            ],
            "user id": "1708849635",
            "user name": "钟鸿飞",
            "content": "看来我楼下的保安还是对的 ",
            "time": "19-4-22 11:54"
        },
        {
            "comment id": 56,
            "parent": 55,
            "children": [],
            "user id": "5540106699",
            "user name": "那一束狗尾巴草vv",
            "content": "电动车牌这个样子嘛？",
            "time": "19-4-24 14:23"
        },
        {
            "comment id": 57,
            "parent": 55,
            "children": [],
            "user id": "5168152233",
            "user name": "花生AG",
            "content": "电动车要用水",
            "time": "19-4-22 12:10"
        },
        {
            "comment id": 58,
            "parent": 55,
            "children": [],
            "user id": "6442450915",
            "user name": "Wuen-Wen",
            "content": "保安的安全意识",
            "time": "19-4-22 12:03"
        },
        {
            "comment id": 59,
            "parent": -1,
            "children": [
                60
            ],
            "user id": "1590906525",
            "user name": "lewanGOALski_",
            "content": "消防车的管子很长的，车库才有多少距离",
            "time": "19-4-22 11:30"
        },
        {
            "comment id": 60,
            "parent": 59,
            "children": [
                61
            ],
            "user id": "1882500785",
            "user name": "肉酸托-腮",
            "content": "浓烟 现场内部环境未知 只能先这样处理吧。 难道让消防战士冒险吗",
            "time": "19-4-22 12:02"
        },
        {
            "comment id": 61,
            "parent": 60,
            "children": [],
            "user id": "1590906525",
            "user name": "lewanGOALski_",
            "content": "回复@肉酸托-腮:啊对，烟太大了",
            "time": "19-4-22 12:07"
        },
        {
            "comment id": 62,
            "parent": -1,
            "children": [],
            "user id": "5695524609",
            "user name": "李斯特CurryAyoM_",
            "content": "瞎扯",
            "time": "19-4-22 11:43"
        },
        {
            "comment id": 63,
            "parent": -1,
            "children": [],
            "user id": "1784487062",
            "user name": "二四章",
            "content": "脑子是个好东西",
            "time": "19-4-22 12:00"
        },
        {
            "comment id": 64,
            "parent": -1,
            "children": [
                65
            ],
            "user id": "1785192354",
            "user name": "yangvisa",
            "content": "不可能吧 车库没排水？",
            "time": "19-4-22 11:38"
        },
        {
            "comment id": 65,
            "parent": 64,
            "children": [
                66
            ],
            "user id": "2361214234",
            "user name": "fat-milk",
            "content": "应该是把排水关了吧",
            "time": "19-4-22 13:39"
        },
        {
            "comment id": 66,
            "parent": 65,
            "children": [],
            "user id": "6493806668",
            "user name": "就酱子啦11",
            "content": "回复@fat-milk:关了也不可能灌满啊。那么大的地库要灌满得放多长时间的水？一天一夜都灌不满",
            "time": "19-4-22 16:50"
        },
        {
            "comment id": 67,
            "parent": -1,
            "children": [],
            "user id": "2181588947",
            "user name": "Jonathan1437",
            "content": "招摇",
            "time": "19-4-22 12:36"
        },
        {
            "comment id": 68,
            "parent": -1,
            "children": [],
            "user id": "1576780174",
            "user name": "Alex不爱吃菠萝",
            "content": "发之前过过脑子，什么样的爆炸和燃烧能搞点两层车",
            "time": "19-4-22 12:10"
        },
        {
            "comment id": 69,
            "parent": -1,
            "children": [
                70
            ],
            "user id": "1948211323",
            "user name": "黄芽菜K",
            "content": "灌满两层车库起码要一天，把附近的河都抽干了才行，说话是真的夸张，地下室还有排水系统",
            "time": "19-4-22 12:55"
        },
        {
            "comment id": 70,
            "parent": 69,
            "children": [],
            "user id": "6493806668",
            "user name": "就酱子啦11",
            "content": "就说嘛发这种没脑子的新闻，还两层呢真是当大家都是傻子",
            "time": "19-4-22 16:51"
        },
        {
            "comment id": 71,
            "parent": -1,
            "children": [],
            "user id": "3077101027",
            "user name": "做了错错了再错错了还错",
            "content": "就烧了三辆车，也没被淹，请核实再转发",
            "time": "19-4-22 13:44"
        },
        {
            "comment id": 72,
            "parent": -1,
            "children": [],
            "user id": "1797300257",
            "user name": "雪越橘_",
            "content": "车库没消防栓？拉倒吧",
            "time": "19-4-23 22:12"
        },
        {
            "comment id": 73,
            "parent": -1,
            "children": [],
            "user id": "2069506935",
            "user name": "Leslie_头哥",
            "content": "玩车TV还是要严谨一点。诶",
            "time": "19-4-22 21:37"
        },
        {
            "comment id": 74,
            "parent": -1,
            "children": [],
            "user id": "2854678544",
            "user name": "dadadada-2",
            "content": "地下室没有喷淋系统嘛？怎么过消防的",
            "time": "19-4-22 11:41"
        },
        {
            "comment id": 75,
            "parent": -1,
            "children": [],
            "user id": "1818709297",
            "user name": "赛亚人de骄傲",
            "content": "可怕",
            "time": "19-4-22 11:40"
        },
        {
            "comment id": 76,
            "parent": -1,
            "children": [],
            "user id": "1875885701",
            "user name": "套马的王师傅",
            "content": "上海那个？",
            "time": "19-4-22 11:10"
        },
        {
            "comment id": 77,
            "parent": -1,
            "children": [],
            "user id": "1308266101",
            "user name": "bardwang",
            "content": "灭一辆车要这么多水？造谣吧",
            "time": "19-4-23 13:09"
        },
        {
            "comment id": 78,
            "parent": -1,
            "children": [],
            "user id": "2667327841",
            "user name": "采扎克的小蘑菇",
            "content": "消防员起码是专业的 怎么可能用这么傻的方式 毕竟又不是让三岁小孩去灭火 就算普通人也不会用整体灌水这种弱智方式吧",
            "time": "19-4-24 10:14"
        },
        {
            "comment id": 79,
            "parent": -1,
            "children": [],
            "user id": "2723135681",
            "user name": "你是如何自勉-",
            "content": "小区就在河边下大雨加上水都没把地下车库给淹了，我就想知道消防车多大排水量",
            "time": "19-4-23 23:10"
        },
        {
            "comment id": 80,
            "parent": -1,
            "children": [],
            "user id": "1832599291",
            "user name": "Tian瑞山",
            "content": "反手就一个举报。瞎扯淡",
            "time": "19-4-23 22:28"
        },
        {
            "comment id": 81,
            "parent": -1,
            "children": [],
            "user id": "2971709891",
            "user name": "Ted-ye",
            "content": "造谣 举报了",
            "time": "19-4-23 06:51"
        },
        {
            "comment id": 82,
            "parent": -1,
            "children": [],
            "user id": "3099551597",
            "user name": "xxxxdmx",
            "content": "笑",
            "time": "19-4-22 23:57"
        },
        {
            "comment id": 83,
            "parent": -1,
            "children": [],
            "user id": "5963758131",
            "user name": "阿炳炳暖暖的",
            "content": "我做地下车库和人防的，这种情况不可能出现，造谣",
            "time": "19-4-22 22:37"
        },
        {
            "comment id": 84,
            "parent": -1,
            "children": [],
            "user id": "1869822747",
            "user name": "于星夜世界",
            "content": "绝对的不靠谱 谣言",
            "time": "19-4-22 21:38"
        },
        {
            "comment id": 85,
            "parent": -1,
            "children": [],
            "user id": "6188059840",
            "user name": "颜呀颜呀颜",
            "content": "真不怕扯着🥚啊",
            "time": "19-4-22 16:28"
        },
        {
            "comment id": 86,
            "parent": -1,
            "children": [],
            "user id": "1944897813",
            "user name": "聽风_ye",
            "content": "这有点扯，感觉靠脑洞拍出来的",
            "time": "19-4-22 11:53"
        },
        {
            "comment id": 87,
            "parent": -1,
            "children": [],
            "user id": "6807917211",
            "user name": "铁塔凌云-李豪基",
            "content": "灌一层车库需要黑色暴雨下起码三小时以上，消防队哪有这个能耐，造谣党博眼球就没意思罗",
            "time": "19-4-22 14:32"
        },
        {
            "comment id": 88,
            "parent": -1,
            "children": [],
            "user id": "3804707233",
            "user name": "间秉果子",
            "content": "这截图都发错消息了吧",
            "time": "19-4-22 12:55"
        },
        {
            "comment id": 89,
            "parent": -1,
            "children": [],
            "user id": "1834169654",
            "user name": "Y--hy",
            "content": "回去学一下小明游泳池灌水防水题，你就知道这题多离谱",
            "time": "19-4-23 23:59"
        },
        {
            "comment id": 90,
            "parent": -1,
            "children": [],
            "user id": "5032814291",
            "user name": "阿福qzq",
            "content": "保险先来，保险不够，要是车的问题，厂家还得跟上，应该是这样吧",
            "time": "19-4-23 11:48"
        },
        {
            "comment id": 91,
            "parent": -1,
            "children": [],
            "user id": "1807543727",
            "user name": "LCJ使用了一张改名卡",
            "content": "聊天记录都能当新闻发。。。",
            "time": "19-4-23 08:02"
        },
        {
            "comment id": 92,
            "parent": -1,
            "children": [],
            "user id": "2096307122",
            "user name": "舋愸",
            "content": "妈呀，国产骗补厂商们担心蛋糕被动，开始动手网络黑了",
            "time": "19-4-22 21:47"
        },
        {
            "comment id": 93,
            "parent": -1,
            "children": [],
            "user id": "6258470212",
            "user name": "SsssssssssGZ",
            "content": "用膀胱想也不会淹了地库",
            "time": "19-4-22 21:38"
        },
        {
            "comment id": 94,
            "parent": -1,
            "children": [],
            "user id": "1227606287",
            "user name": "F-I-R-E",
            "content": "当喷淋，排水，防火卷帘门，排烟是摆设？一个坏还能全坏？瞎扯淡。",
            "time": "19-4-22 16:38"
        },
        {
            "comment id": 95,
            "parent": -1,
            "children": [],
            "user id": "1920343443",
            "user name": "Zz孟涛",
            "content": "造谣吧",
            "time": "19-4-22 12:44"
        },
        {
            "comment id": 96,
            "parent": -1,
            "children": [],
            "user id": "1921548357",
            "user name": "心事难眠思春夜",
            "content": "难道为你们负重前行的人就被你们这么说的吗 你家要是着火了 我直接给你免费洗家！！！！",
            "time": "19-4-24 15:29"
        },
        {
            "comment id": 97,
            "parent": -1,
            "children": [],
            "user id": "5913120758",
            "user name": "别抒情",
            "content": "智商低，",
            "time": "19-4-24 14:39"
        },
        {
            "comment id": 98,
            "parent": -1,
            "children": [],
            "user id": "5325497600",
            "user name": "最帅的小伙子当然是我",
            "content": "举报造谣",
            "time": "19-4-24 12:52"
        },
        {
            "comment id": 99,
            "parent": -1,
            "children": [],
            "user id": "1055648411",
            "user name": "吞冰的猪",
            "content": "造谣不上税？",
            "time": "19-4-24 12:34"
        },
        {
            "comment id": 100,
            "parent": -1,
            "children": [],
            "user id": "1915517303",
            "user name": "手机用户xxxxjr",
            "content": "@Mulamchi",
            "time": "19-4-24 11:21"
        },
        {
            "comment id": 101,
            "parent": -1,
            "children": [],
            "user id": "6046978926",
            "user name": "认清现在",
            "content": "真的会玩，脑子呢？",
            "time": "19-4-24 10:52"
        },
        {
            "comment id": 102,
            "parent": -1,
            "children": [],
            "user id": "2179533742",
            "user name": "许武彬",
            "content": "消防淹掉两层地下车库的时间，消防会来不及拉水救火",
            "time": "19-4-24 00:57"
        },
        {
            "comment id": 103,
            "parent": -1,
            "children": [],
            "user id": "2199230894",
            "user name": "豆子鼓励猪",
            "content": "地下室又不是没排水系统...就消防车那喷水量 你灌多少流多少..",
            "time": "19-4-23 23:44"
        },
        {
            "comment id": 104,
            "parent": -1,
            "children": [],
            "user id": "3008966063",
            "user name": "量产型喵星人马克兔",
            "content": "早就辟谣了，还在传",
            "time": "19-4-23 22:22"
        },
        {
            "comment id": 105,
            "parent": -1,
            "children": [],
            "user id": "3209188164",
            "user name": "LTF_XXX",
            "content": "不给特斯拉抹点黑，等它国产了，卖二三十万，其他的新能源车怎么玩",
            "time": "19-4-23 22:22"
        },
        {
            "comment id": 106,
            "parent": -1,
            "children": [],
            "user id": "3102030031",
            "user name": "海大王198333",
            "content": "这种话以后尽量在自己熟悉的领域说吧",
            "time": "19-4-23 21:52"
        },
        {
            "comment id": 107,
            "parent": -1,
            "children": [],
            "user id": "1862675921",
            "user name": "田浩帅妈妈",
            "content": "放屁么",
            "time": "19-4-23 21:50"
        },
        {
            "comment id": 108,
            "parent": -1,
            "children": [],
            "user id": "5632648998",
            "user name": "Y木昜楊",
            "content": "说这个的怕是个傻子，信的也是",
            "time": "19-4-23 20:52"
        },
        {
            "comment id": 109,
            "parent": -1,
            "children": [],
            "user id": "5332775872",
            "user name": "时空机器1_89926",
            "content": "没图说个毛线",
            "time": "19-4-23 20:14"
        },
        {
            "comment id": 110,
            "parent": -1,
            "children": [],
            "user id": "5122660760",
            "user name": "易碎淬",
            "content": "造谣是要付法律责任的",
            "time": "19-4-23 18:42"
        },
        {
            "comment id": 111,
            "parent": -1,
            "children": [],
            "user id": "5413810956",
            "user name": "zwz-bearing",
            "content": "没事吓扯淡小心把自己给扯进去，造谣的确要付法律责任",
            "time": "19-4-23 15:06"
        },
        {
            "comment id": 112,
            "parent": -1,
            "children": [],
            "user id": "2122914124",
            "user name": "小正的忧伤",
            "content": "车库灌满？怕是要几万吨水吧。你接着给我编",
            "time": "19-4-23 14:00"
        },
        {
            "comment id": 113,
            "parent": -1,
            "children": [],
            "user id": "5830668199",
            "user name": "冬冬知不道",
            "content": "吹到天上去了",
            "time": "19-4-23 13:58"
        },
        {
            "comment id": 114,
            "parent": -1,
            "children": [],
            "user id": "6222280593",
            "user name": "佛山李砖家",
            "content": "哪里的小区呀？",
            "time": "19-4-23 13:10"
        },
        {
            "comment id": 115,
            "parent": -1,
            "children": [],
            "user id": "1994936503",
            "user name": "eh1丶",
            "content": "你家消防车没有管子？只会拿着键盘喷。",
            "time": "19-4-23 12:35"
        },
        {
            "comment id": 116,
            "parent": -1,
            "children": [],
            "user id": "2036524252",
            "user name": "暴走果子",
            "content": "扯淡也扯点靠谱的啊。说得好像小区地下停车场没有消防栓能过审验收一样",
            "time": "19-4-23 12:27"
        },
        {
            "comment id": 117,
            "parent": -1,
            "children": [],
            "user id": "5292519919",
            "user name": "刘口水哈哈",
            "content": "我觉得可信度不高",
            "time": "19-4-23 11:48"
        },
        {
            "comment id": 118,
            "parent": -1,
            "children": [],
            "user id": "2188502045",
            "user name": "一品sama",
            "content": "提醒你们造谣要坐牢的哦",
            "time": "19-4-23 10:42"
        },
        {
            "comment id": 119,
            "parent": -1,
            "children": [],
            "user id": "5979973488",
            "user name": "大喻不壮实",
            "content": "地下室没有消防栓？没有消防水源？你当消防验收是儿戏？",
            "time": "19-4-23 10:29"
        },
        {
            "comment id": 120,
            "parent": -1,
            "children": [],
            "user id": "3642665874",
            "user name": "形式主义枇杷亭亭如盖",
            "content": "神他妈灌水灭火，你怎么不靠造谣灭火呢？？？@北京网警",
            "time": "19-4-23 09:38"
        },
        {
            "comment id": 121,
            "parent": -1,
            "children": [],
            "user id": "1848841375",
            "user name": "i张昊",
            "content": "放屁",
            "time": "19-4-23 08:54"
        },
        {
            "comment id": 122,
            "parent": -1,
            "children": [],
            "user id": "2189339145",
            "user name": "宋朋朋朋",
            "content": "把车库灌满水需要一个海燕吧？",
            "time": "19-4-23 08:20"
        },
        {
            "comment id": 123,
            "parent": -1,
            "children": [],
            "user id": "3810113796",
            "user name": "Eric-没口袋的哆啦A梦",
            "content": "还自问自答，也是秀",
            "time": "19-4-23 08:18"
        },
        {
            "comment id": 124,
            "parent": -1,
            "children": [],
            "user id": "1935442094",
            "user name": "飒蔓-YWX",
            "content": "谣言止于智者",
            "time": "19-4-23 07:53"
        },
        {
            "comment id": 125,
            "parent": -1,
            "children": [],
            "user id": "6453292287",
            "user name": "偷偷摸摸1234567",
            "content": "。。。。",
            "time": "19-4-23 06:48"
        },
        {
            "comment id": 126,
            "parent": -1,
            "children": [],
            "user id": "3895088709",
            "user name": "crush1231",
            "content": "给你攒够五百，哈哈哈",
            "time": "19-4-23 01:48"
        },
        {
            "comment id": 127,
            "parent": -1,
            "children": [],
            "user id": "1762120280",
            "user name": "三百万年一命推",
            "content": "@馮偉文 @Vetrax嚣张卫视@晴天披沥 @硬哥  这种智商的自媒体",
            "time": "19-4-23 01:15"
        },
        {
            "comment id": 128,
            "parent": -1,
            "children": [],
            "user id": "3845747609",
            "user name": "会飞的大大鸟",
            "content": "首先地库设计重来不是要消防车进去，第二地库一般有喷淋，第三地库有自己的排水措施，且都在底层，就算消防能堵住排水，也是淹负二层再淹负一层，第四你知道平时我们用的消防水池一般都在地库吗，需要放满地库，你知道需要多少的水吗，怕是几百倍的消防水池得水了，够灭几百次的火了，所以楼主赶紧删了",
            "time": "19-4-23 00:51"
        },
        {
            "comment id": 129,
            "parent": -1,
            "children": [],
            "user id": "3957785262",
            "user name": "还没来得及打个照面",
            "content": "真特么瞎扯，你咋不说把地球都炸穿了然后水灌地心去灭火了",
            "time": "19-4-22 23:59"
        },
        {
            "comment id": 130,
            "parent": -1,
            "children": [],
            "user id": "6190138224",
            "user name": "License_xu",
            "content": "以前，聊天记录可以作为佐证，传达真实的情况。现在，我看着聊天记录就觉得不可信。谣言止于智者。",
            "time": "19-4-22 23:32"
        },
        {
            "comment id": 131,
            "parent": -1,
            "children": [],
            "user id": "5704146741",
            "user name": "二仙桥要走成华道",
            "content": "我看了的，好像是自己拉先给特斯拉充电导致的",
            "time": "19-4-22 23:23"
        },
        {
            "comment id": 132,
            "parent": -1,
            "children": [],
            "user id": "6524184227",
            "user name": "2019我要做一只法考狗",
            "content": "赶紧删了吧，不要被请去吃牢饭",
            "time": "19-4-22 23:22"
        },
        {
            "comment id": 133,
            "parent": -1,
            "children": [],
            "user id": "2520169391",
            "user name": "我是郭dada",
            "content": "造谣举报",
            "time": "19-4-22 23:14"
        },
        {
            "comment id": 134,
            "parent": -1,
            "children": [],
            "user id": "6023874522",
            "user name": "NineElevenALEXG",
            "content": "编段子，电池车失火怎么灌水，脑子进水了。",
            "time": "19-4-22 23:08"
        },
        {
            "comment id": 135,
            "parent": -1,
            "children": [],
            "user id": "1789262572",
            "user name": "Luck-Tan",
            "content": "没人把地库的排水堵上的话、要调几个消防大队过来才能把两层地库灌满",
            "time": "19-4-22 22:52"
        },
        {
            "comment id": 136,
            "parent": -1,
            "children": [],
            "user id": "1403433581",
            "user name": "鲨萨",
            "content": "智商税",
            "time": "19-4-22 22:45"
        }
    ]
}