{
    "source": {
        "content": "#一车一视界# #特斯拉回应车辆自燃# 传闻特斯拉车主要赔一车库的车，那可真是倒霉了 ",
        "time": "19-4-22 14:52",
        "user id": "6431948680",
        "tweet id": "HqO4suqSu",
        "label": 1,
        "theme": null
    },
    "comment": [
        {
            "comment id": 0,
            "parent": -1,
            "children": [
                4,
                7
            ],
            "user id": "2935540701",
            "user name": "精点留言",
            "content": "不是说才烧三辆吗",
            "time": "19-4-22 15:48"
        },
        {
            "comment id": 1,
            "parent": 3,
            "children": [],
            "user id": "5630360537",
            "user name": "杠杠和文文",
            "content": "回复@卡塔库栗ii:那说话也不要这么冲嘛 我又没有说伤害你的话 对叭",
            "time": "19-4-24 22:32"
        },
        {
            "comment id": 2,
            "parent": 4,
            "children": [],
            "user id": "6385891452",
            "user name": "给老婆当AT的m",
            "content": "回复@一颗小冬枣:是无良营销号这样说的",
            "time": "19-4-23 18:40"
        },
        {
            "comment id": 3,
            "parent": 7,
            "children": [
                1
            ],
            "user id": "2372879464",
            "user name": "卡塔库栗ii",
            "content": "回复@杠杠和文文:现在的人一点常识没有？你以为地下没有排水口还7谁淹，你把东海龙王喊来还是把水娃叫来淹的？",
            "time": "19-4-23 18:17"
        },
        {
            "comment id": 4,
            "parent": 0,
            "children": [
                2
            ],
            "user id": "3514000753",
            "user name": "一颗小冬枣",
            "content": "回复@守己心守已心:新闻是这样说的",
            "time": "19-4-23 12:28"
        },
        {
            "comment id": 5,
            "parent": 7,
            "children": [],
            "user id": "1885836242",
            "user name": "深秋蟋蟀",
            "content": "回复@杠杠和文文:进去也没用，锂电池一旦燃烧最有效的就是泡在水里。没有其它办法。",
            "time": "19-4-22 20:52"
        },
        {
            "comment id": 6,
            "parent": 7,
            "children": [],
            "user id": "6122325669",
            "user name": "马蒂亚比诺托",
            "content": "回复@杠杠和文文:真的假的 这也太秀了吧",
            "time": "19-4-22 19:33"
        },
        {
            "comment id": 7,
            "parent": 0,
            "children": [
                3,
                5,
                6
            ],
            "user id": "5630360537",
            "user name": "杠杠和文文",
            "content": "消防员进不去地下 放水淹灭的",
            "time": "19-4-22 17:08"
        },
        {
            "comment id": 8,
            "parent": -1,
            "children": [],
            "user id": "5284859132",
            "user name": "夏乏中",
            "content": "这种自媒体，除了造谣还会干什么",
            "time": "19-4-23 17:41"
        },
        {
            "comment id": 9,
            "parent": -1,
            "children": [],
            "user id": "5131300866",
            "user name": "想再睡五分钟的打包熊_",
            "content": "哈哈 贼tm 惨",
            "time": "19-4-22 15:51"
        },
        {
            "comment id": 10,
            "parent": -1,
            "children": [],
            "user id": "1827194943",
            "user name": "赵小楠都被用上了",
            "content": "真特么倒霉",
            "time": "19-4-22 15:00"
        },
        {
            "comment id": 11,
            "parent": -1,
            "children": [],
            "user id": "5934495075",
            "user name": "小李叔叔的旅行日记",
            "content": "青春不息，旅行不止。",
            "time": "19-4-23 12:12"
        },
        {
            "comment id": 12,
            "parent": -1,
            "children": [],
            "user id": "5380274284",
            "user name": "就无头像用户怎么了",
            "content": "不是 特斯拉使用380的电源 你不和物业打招呼怎么私拉电线 你以为你家电瓶车带个拖线板就行吗？",
            "time": "19-4-24 05:50"
        },
        {
            "comment id": 13,
            "parent": -1,
            "children": [],
            "user id": "5574213294",
            "user name": "赤甲蚊_",
            "content": "特私拉？",
            "time": "19-4-25 14:43"
        },
        {
            "comment id": 14,
            "parent": -1,
            "children": [],
            "user id": "2796347660",
            "user name": "街头霸王jack",
            "content": "上500条",
            "time": "19-4-23 14:29"
        },
        {
            "comment id": 15,
            "parent": -1,
            "children": [],
            "user id": "2464734301",
            "user name": "Tzmrio",
            "content": "不是没有在充电并且没有拉充电线吗。",
            "time": "19-4-23 01:52"
        },
        {
            "comment id": 16,
            "parent": -1,
            "children": [],
            "user id": "6468666082",
            "user name": "valte",
            "content": "都没充电你跟我说私拉电线？",
            "time": "19-4-22 21:58"
        }
    ]
}