{
    "source": {
        "content": "网传开封市某小学一体育老师经常虐打男生，乱摸女生，还威胁学生不准告诉家长，家长知道后非常生气。 微博视频 ",
        "time": "19-4-24 21:53",
        "user id": "6078562289",
        "tweet id": "Hr9GGkqMW",
        "label": 1,
        "theme": null
    },
    "comment": [
        {
            "comment id": 0,
            "parent": -1,
            "children": [],
            "user id": "6437817448",
            "user name": "半隐的风筝",
            "content": "报警啊！判他十年八年的",
            "time": "19-4-24 22:02"
        },
        {
            "comment id": 1,
            "parent": -1,
            "children": [],
            "user id": "3876961129",
            "user name": "沉舟23",
            "content": "严字亮了",
            "time": "19-4-25 13:59"
        },
        {
            "comment id": 2,
            "parent": -1,
            "children": [],
            "user id": "3908471262",
            "user name": "著名演员王某",
            "content": "标题真的是他妈想到哪儿就写到哪儿？？",
            "time": "19-4-29 14:41"
        },
        {
            "comment id": 3,
            "parent": -1,
            "children": [],
            "user id": "5898429356",
            "user name": "啰嗦老太婆婆",
            "content": "所以我一定从小就让我的孩子知道学会勇敢告诉家长，拒绝这种事",
            "time": "19-4-24 22:06"
        },
        {
            "comment id": 4,
            "parent": -1,
            "children": [],
            "user id": "2880940323",
            "user name": "德州一超人在现场",
            "content": "#河南开封体育老师# ",
            "time": "19-4-25 10:53"
        }
    ]
}