{
    "source": {
        "content": "【最后的致敬，只有音乐活在心里】当代最伟大的指挥家一一小泽征尔，患上老年痴呆症，真正痴呆了。在这台交响乐演奏中，乐队用感人的爱向他致敬！向音乐致敬，帮助他完成谢幕演出。人都有老的时候，能如此谢幕足矣。这就是对人的尊重，让人的尊严在即使只有躯壳时仍然存在，他本人已经全然不知晓什么是舞台了，可人们却依然会记起他当年在交响乐界的辉煌成就 陈有西的微博视频",
        "time": "19-4-29 02:17",
        "user id": "1803570001",
        "tweet id": "HrN7zkmqg",
        "label": 1,
        "theme": null
    },
    "comment": [
        {
            "comment id": 0,
            "parent": -1,
            "children": [
                1,
                2,
                3,
                4,
                5
            ],
            "user id": "1803570001",
            "user name": "陈有西",
            "content": "神经病在网上不少的。//@侠骨劲风:这有啥特地要举报，？小泽的确是患病，小泽征尔遭受病痛远比老年痴呆症多，这些年，他不仅身患肺炎、食道癌和背部疾病（轻度腰椎压迫性骨折），还有心脏疾病。所以这个只需在回复里说一下就可，弄个举报，好像搞了个大事情，是举报人个人恩怨吧！ . ​​​​",
            "time": "19-5-1 22:01"
        },
        {
            "comment id": 1,
            "parent": 0,
            "children": [],
            "user id": "2910691851",
            "user name": "从北樵夫",
            "content": "多此一举……",
            "time": "19-5-8 16:14"
        },
        {
            "comment id": 2,
            "parent": 0,
            "children": [],
            "user id": "1863089831",
            "user name": "一树风",
            "content": "对啊，真不明白举报这个是有何居心？",
            "time": "19-5-5 21:31"
        },
        {
            "comment id": 3,
            "parent": 0,
            "children": [],
            "user id": "5197611743",
            "user name": "郎的想法",
            "content": "为什么新浪告诉我这个是假的？是不实信息？",
            "time": "19-5-4 10:08"
        },
        {
            "comment id": 4,
            "parent": 0,
            "children": [],
            "user id": "2971156404",
            "user name": "O馨语加菲猫lolaO",
            "content": "一群疯子，条件反射",
            "time": "19-5-2 20:30"
        },
        {
            "comment id": 5,
            "parent": 0,
            "children": [],
            "user id": "5039123227",
            "user name": "任在旅途",
            "content": "这个时代，病人太多",
            "time": "19-5-1 22:04"
        },
        {
            "comment id": 6,
            "parent": -1,
            "children": [
                7,
                8
            ],
            "user id": "1803570001",
            "user name": "陈有西",
            "content": "红眼航班刚刚从天上下来。//@1个踏实的男人:我起床看球赛，陈律在刷微博。",
            "time": "19-4-29 02:25"
        },
        {
            "comment id": 7,
            "parent": 6,
            "children": [],
            "user id": "5762260824",
            "user name": "粤人王",
            "content": "没有日",
            "time": "19-5-17 20:10"
        },
        {
            "comment id": 8,
            "parent": 6,
            "children": [],
            "user id": "1867039867",
            "user name": "平哥的浮云",
            "content": "回复@117打耳钉guitar:草，没特么ri死你",
            "time": "19-4-29 05:10"
        },
        {
            "comment id": 9,
            "parent": -1,
            "children": [],
            "user id": "3079084493",
            "user name": "0523林自刚",
            "content": "热泪盈眶……",
            "time": "19-4-29 02:57"
        },
        {
            "comment id": 10,
            "parent": -1,
            "children": [],
            "user id": "2140415420",
            "user name": "米家那个山",
            "content": "感动！",
            "time": "19-4-29 13:09"
        },
        {
            "comment id": 11,
            "parent": -1,
            "children": [],
            "user id": "1874426707",
            "user name": "风也萧萧_雨也萧萧",
            "content": "辟谣了，没有痴呆，NHK今年会有他的纪录短片，说在京都教学生。心脏不好。",
            "time": "19-4-29 06:43"
        },
        {
            "comment id": 12,
            "parent": -1,
            "children": [],
            "user id": "3284726187",
            "user name": "o斯洛伐克o",
            "content": "网上没有小泽征尔患老年痴呆的消息啊",
            "time": "19-4-29 03:10"
        },
        {
            "comment id": 13,
            "parent": -1,
            "children": [],
            "user id": "5886237622",
            "user name": "海太阳",
            "content": "木有水平品鉴指挥艺术",
            "time": "19-5-1 04:55"
        },
        {
            "comment id": 14,
            "parent": -1,
            "children": [],
            "user id": "6732357472",
            "user name": "钧哥5776",
            "content": "发至心底的尊重，这种场景的出现可以看出社会的文明程度",
            "time": "19-4-29 08:49"
        }
    ]
}