{
    "source": {
        "content": "让大家认识一下水库里的水鬼  qingsudegangwan的微博视频 ",
        "time": "19-5-11 09:04",
        "user id": "6069152763",
        "tweet id": "HtEUMgWle",
        "label": 1,
        "theme": null
    },
    "comment": [
        {
            "comment id": 0,
            "parent": -1,
            "children": [
                9,
                12
            ],
            "user id": "6298530749",
            "user name": "Clusters鋅",
            "content": "要不是我认识树懒，我差点就让你骗了",
            "time": "19-5-18 09:41"
        },
        {
            "comment id": 1,
            "parent": 2,
            "children": [],
            "user id": "1986838422",
            "user name": "Jack_帥",
            "content": "回复@吃不饱的Maskkk:不好意思，树懒这种动物中国都没有，你跟哪知道他叫水鬼的？树懒只分布在南美洲，北到洪都拉斯，南到阿根廷北部，二趾树懒分布略狭窄，北到尼加拉瓜，南到巴西北部。你估计连南美洲是哪都不知道吧？会说西班牙语吗？还他妈水鬼，你劳力士水鬼看多了吧？",
            "time": "19-6-8 12:51"
        },
        {
            "comment id": 2,
            "parent": 3,
            "children": [
                1
            ],
            "user id": "6676491776",
            "user name": "吃不饱的Maskkk",
            "content": "回复@Clusters鋅:呦  生活在信息时代的人好牛逼啊  我这个生活在第四次工业革命的人还真挺无知的   那你就用你那全知全能的百度谷歌给我讲解一下  什么是水鬼",
            "time": "19-5-25 14:58"
        },
        {
            "comment id": 3,
            "parent": 5,
            "children": [
                2
            ],
            "user id": "6298530749",
            "user name": "Clusters鋅",
            "content": "回复@吃不饱的Maskkk:你要是不说我都不知道人还能这么无知，你这么一说，我长见识了，有些人就属于那种啥都不知道，知道点皮毛就觉的自己无所不能，说的就是你把",
            "time": "19-5-24 15:09"
        },
        {
            "comment id": 4,
            "parent": 7,
            "children": [],
            "user id": "6298530749",
            "user name": "Clusters鋅",
            "content": "回复@qingsudegangwan:咸吃萝卜淡操心",
            "time": "19-5-24 15:07"
        },
        {
            "comment id": 5,
            "parent": 7,
            "children": [
                3
            ],
            "user id": "6676491776",
            "user name": "吃不饱的Maskkk",
            "content": "回复@qingsudegangwan:好多人啥都不知道  就知道瞎胡说  还自以为自己全是对的   没办法",
            "time": "19-5-23 21:43"
        },
        {
            "comment id": 6,
            "parent": 8,
            "children": [],
            "user id": "6676491776",
            "user name": "吃不饱的Maskkk",
            "content": "回复@Clusters鋅:说得对  不过你是时候扔下手机去接触接触生活了  什么都不知道就在这拿着手机乱发   我要是不说 我估计你都不知道树懒还会游泳   别一天天抱着手机不放  多去外面看看世界  比你在这胡说八道有用",
            "time": "19-5-23 21:41"
        },
        {
            "comment id": 7,
            "parent": 8,
            "children": [
                4,
                5
            ],
            "user id": "6069152763",
            "user name": "qingsudegangwan",
            "content": "回复@Clusters鋅:磨症，没救了。",
            "time": "19-5-23 17:41"
        },
        {
            "comment id": 8,
            "parent": 9,
            "children": [
                6,
                7
            ],
            "user id": "6298530749",
            "user name": "Clusters鋅",
            "content": "回复@吃不饱的Maskkk:多读书没有错，不知道了可以去百度，现在科技这么发达 ，不要整天拿个手机，就知道瞎胡说",
            "time": "19-5-23 17:16"
        },
        {
            "comment id": 9,
            "parent": 0,
            "children": [
                8
            ],
            "user id": "6676491776",
            "user name": "吃不饱的Maskkk",
            "content": "你只是知道它叫树懒  却不知道它还被叫水鬼   水鬼不是它学术上的名称  是农村人起的  因为树懒在水里的时候会抱住东西不放  人们迷信说是水鬼缠着人 其实是树懒把人当树枝抱住了",
            "time": "19-5-21 00:44"
        },
        {
            "comment id": 10,
            "parent": 11,
            "children": [],
            "user id": "6069152763",
            "user name": "qingsudegangwan",
            "content": "回复@Clusters鋅:什么叫胡说八道呢，？劝你说话客气点。",
            "time": "19-5-19 04:25"
        },
        {
            "comment id": 11,
            "parent": 12,
            "children": [
                10
            ],
            "user id": "6298530749",
            "user name": "Clusters鋅",
            "content": "回复@qingsudegangwan:就听你一本正经的胡说八道",
            "time": "19-5-18 20:54"
        },
        {
            "comment id": 12,
            "parent": 0,
            "children": [
                11
            ],
            "user id": "6069152763",
            "user name": "qingsudegangwan",
            "content": "没骗你，地域不同，叫法也不同。",
            "time": "19-5-18 11:00"
        },
        {
            "comment id": 13,
            "parent": -1,
            "children": [
                15,
                23,
                24,
                25,
                26
            ],
            "user id": "5994973124",
            "user name": "如鹿切慕丶溪水",
            "content": "吓说什么呀！！明明是树懒！真能造谣！",
            "time": "19-5-16 11:32"
        },
        {
            "comment id": 14,
            "parent": 15,
            "children": [],
            "user id": "5994973124",
            "user name": "如鹿切慕丶溪水",
            "content": "回复@不做车手:哈哈，是哒",
            "time": "19-6-8 15:43"
        },
        {
            "comment id": 15,
            "parent": 13,
            "children": [
                14
            ],
            "user id": "2918870773",
            "user name": "不做车手",
            "content": "瞎说什么呀!明明是闪电!",
            "time": "19-6-7 00:29"
        },
        {
            "comment id": 16,
            "parent": 17,
            "children": [],
            "user id": "6676491776",
            "user name": "吃不饱的Maskkk",
            "content": "回复@如鹿切慕丶溪水:树懒是树懒  水獭是水獭  长的都不一样好吗  树懒也被人叫水鬼   因为它在水里的时候会抱住东西不放  日本河童的原型的就是树懒  你对比一下就知道了",
            "time": "19-5-19 17:16"
        },
        {
            "comment id": 17,
            "parent": 18,
            "children": [
                16
            ],
            "user id": "5994973124",
            "user name": "如鹿切慕丶溪水",
            "content": "回复@qingsudegangwan:你这么说，我还能说啥ﾉBye~",
            "time": "19-5-19 15:58"
        },
        {
            "comment id": 18,
            "parent": 19,
            "children": [
                17
            ],
            "user id": "6069152763",
            "user name": "qingsudegangwan",
            "content": "回复@如鹿切慕丶溪水:你认为是啥就是啥，没必要搞的那么清楚。",
            "time": "19-5-19 15:46"
        },
        {
            "comment id": 19,
            "parent": 20,
            "children": [
                18
            ],
            "user id": "5994973124",
            "user name": "如鹿切慕丶溪水",
            "content": "回复@吃不饱的Maskkk:没懂你要表达什么，你意思他们两者是一个东西？",
            "time": "19-5-19 15:43"
        },
        {
            "comment id": 20,
            "parent": 21,
            "children": [
                19
            ],
            "user id": "6676491776",
            "user name": "吃不饱的Maskkk",
            "content": "回复@如鹿切慕丶溪水:没生活了吧  去农村问问吧   或者你去看看日本的河童  再和树懒对比一下",
            "time": "19-5-19 15:30"
        },
        {
            "comment id": 21,
            "parent": 25,
            "children": [
                20
            ],
            "user id": "5994973124",
            "user name": "如鹿切慕丶溪水",
            "content": "回复@吃不饱的Maskkk:树懒是会游泳，但是树懒和水獭不同。",
            "time": "19-5-19 13:07"
        },
        {
            "comment id": 22,
            "parent": 23,
            "children": [],
            "user id": "5994973124",
            "user name": "如鹿切慕丶溪水",
            "content": "回复@qingsudegangwan:民间俗称的水鬼指的是水獭，是常生活在水里的，你这里的就是树懒，是经常在树上生活的，也会游泳但这两者完全不同。",
            "time": "19-5-19 13:06"
        },
        {
            "comment id": 23,
            "parent": 13,
            "children": [
                22
            ],
            "user id": "6069152763",
            "user name": "qingsudegangwan",
            "content": "没造谣，也没骗你，地域不同，叫法也不尽相同。",
            "time": "19-5-18 16:18"
        },
        {
            "comment id": 24,
            "parent": 13,
            "children": [],
            "user id": "6069152763",
            "user name": "qingsudegangwan",
            "content": "没造谣，地域不同，叫法也不同。",
            "time": "19-5-18 11:01"
        },
        {
            "comment id": 25,
            "parent": 13,
            "children": [
                21
            ],
            "user id": "6676491776",
            "user name": "吃不饱的Maskkk",
            "content": "树懒水性好  在水里抱住人不放  有的农村也叫水鬼",
            "time": "19-5-18 07:42"
        },
        {
            "comment id": 26,
            "parent": 13,
            "children": [],
            "user id": "6069152763",
            "user name": "qingsudegangwan",
            "content": "是吗？转发的，标题是说水鬼。",
            "time": "19-5-17 11:46"
        },
        {
            "comment id": 27,
            "parent": -1,
            "children": [
                34
            ],
            "user id": "1846134631",
            "user name": "周玫May",
            "content": "明明是树懒",
            "time": "19-5-13 23:05"
        },
        {
            "comment id": 28,
            "parent": 29,
            "children": [],
            "user id": "1813066817",
            "user name": "萧某菜",
            "content": "回复@吃不饱的Maskkk:树懒会不会游泳我不知道，但它只分布在南美洲，并生活在热带雨林，不管是中国式的叫法水鬼，还是日本的河童都和它没有关系。不怕不懂还科普，就怕科普还一本正经的跟你扯典故。",
            "time": "19-5-28 12:55"
        },
        {
            "comment id": 29,
            "parent": 30,
            "children": [
                28
            ],
            "user id": "6676491776",
            "user name": "吃不饱的Maskkk",
            "content": "回复@忙波画画:树懒是会游泳的  也下水  只不过多数时间是呆在树上的  之所以被人叫做水鬼是因为它在水里抱住东西的时候会不放手  人们迷信说是水鬼  其实就是树懒  你找一下日本河童的画  对比一下就知道了",
            "time": "19-5-23 21:47"
        },
        {
            "comment id": 30,
            "parent": 31,
            "children": [
                29
            ],
            "user id": "6745012888",
            "user name": "忙波画画",
            "content": "回复@qingsudegangwan:这个是树懒，不下水的。",
            "time": "19-5-19 18:00"
        },
        {
            "comment id": 31,
            "parent": 33,
            "children": [
                30
            ],
            "user id": "6069152763",
            "user name": "qingsudegangwan",
            "content": "回复@忙波画画:我只是想告诉大家，水里有这么样的东西，下水的时候注意点。",
            "time": "19-5-19 18:00"
        },
        {
            "comment id": 32,
            "parent": 33,
            "children": [],
            "user id": "6069152763",
            "user name": "qingsudegangwan",
            "content": "回复@忙波画画:谢谢你的指导。",
            "time": "19-5-19 13:36"
        },
        {
            "comment id": 33,
            "parent": 34,
            "children": [
                31,
                32
            ],
            "user id": "6745012888",
            "user name": "忙波画画",
            "content": "回复@qingsudegangwan:有的地方是哪？说清楚",
            "time": "19-5-19 00:24"
        },
        {
            "comment id": 34,
            "parent": 27,
            "children": [
                33
            ],
            "user id": "6069152763",
            "user name": "qingsudegangwan",
            "content": "有的地方也叫水鬼。",
            "time": "19-5-18 11:02"
        },
        {
            "comment id": 35,
            "parent": -1,
            "children": [
                42
            ],
            "user id": "1899011833",
            "user name": "nickbearzr",
            "content": "锑",
            "time": "19-5-22 00:43"
        },
        {
            "comment id": 36,
            "parent": 38,
            "children": [],
            "user id": "6069152763",
            "user name": "qingsudegangwan",
            "content": "回复@吃不饱的Maskkk:诶呀，对不起，我被那泼水鬼屎，熏晕了，请您原谅，真是大水冲了龙王庙，自家人不认自家人了，请您原谅，请您原谅，祝好人一生平安。",
            "time": "19-5-24 12:28"
        },
        {
            "comment id": 37,
            "parent": 38,
            "children": [],
            "user id": "6069152763",
            "user name": "qingsudegangwan",
            "content": "回复@吃不饱的Maskkk:诶呀，对不起，请您原谅？真是大水冲了龙王庙，自家人不认自家人了。谢谢您啊！谢谢！",
            "time": "19-5-24 12:15"
        },
        {
            "comment id": 38,
            "parent": 39,
            "children": [
                36,
                37
            ],
            "user id": "6676491776",
            "user name": "吃不饱的Maskkk",
            "content": "回复@qingsudegangwan:你先看看我回复的是谁再说好吗 人家骂你 我帮你说话你还骂我",
            "time": "19-5-24 11:53"
        },
        {
            "comment id": 39,
            "parent": 40,
            "children": [
                38
            ],
            "user id": "6069152763",
            "user name": "qingsudegangwan",
            "content": "回复@吃不饱的Maskkk:什么博士主哇？就是个狗屁。你文化高，也就是驴马经学的好，对吧？",
            "time": "19-5-24 06:24"
        },
        {
            "comment id": 40,
            "parent": 41,
            "children": [
                39
            ],
            "user id": "6676491776",
            "user name": "吃不饱的Maskkk",
            "content": "回复@nickbearzr:你脖子上的那颗肿瘤就能挤出来这个字儿了？ 我还以为是个大手子呢  喷子都不会当",
            "time": "19-5-23 22:05"
        },
        {
            "comment id": 41,
            "parent": 42,
            "children": [
                40
            ],
            "user id": "1899011833",
            "user name": "nickbearzr",
            "content": "回复@吃不饱的Maskkk:滚",
            "time": "19-5-23 22:03"
        },
        {
            "comment id": 42,
            "parent": 35,
            "children": [
                41
            ],
            "user id": "6676491776",
            "user name": "吃不饱的Maskkk",
            "content": "没文化就别学别人装有文化    什么都不懂就骂人家博主   我看你才是51号元素",
            "time": "19-5-23 21:51"
        },
        {
            "comment id": 43,
            "parent": -1,
            "children": [
                44,
                45,
                47,
                49,
                51
            ],
            "user id": "2405257223",
            "user name": "很伤心很难过很不开心哈哈哈fxxk",
            "content": "怎么不说这是你妈呢",
            "time": "19-5-21 04:50"
        },
        {
            "comment id": 44,
            "parent": 43,
            "children": [],
            "user id": "6069152763",
            "user name": "qingsudegangwan",
            "content": "回复@猴嗨森啊哈呵嘻:你的精神有病，快上精神病医院吧！如果你精神没病，那你就是一个搅屎棍。",
            "time": "19-5-22 03:46"
        },
        {
            "comment id": 45,
            "parent": 43,
            "children": [],
            "user id": "6069152763",
            "user name": "qingsudegangwan",
            "content": "回复@猴嗨森啊哈呵嘻:你是什么东西，精神病，死不要脸，赖皮狗，",
            "time": "19-5-21 11:11"
        },
        {
            "comment id": 46,
            "parent": 47,
            "children": [],
            "user id": "2405257223",
            "user name": "很伤心很难过很不开心哈哈哈fxxk",
            "content": "回复@qingsudegangwan:原来你妈不是人 你也不是啊 哪你就离远点吧 好可怕哦",
            "time": "19-5-21 09:52"
        },
        {
            "comment id": 47,
            "parent": 43,
            "children": [
                46
            ],
            "user id": "6069152763",
            "user name": "qingsudegangwan",
            "content": "回复@猴嗨森啊哈呵嘻:你看不看与我没关系，我不在乎谁看，人是行行色色的，够人的就搭理搭理，遇到不是人的，就离远点。",
            "time": "19-5-21 07:27"
        },
        {
            "comment id": 48,
            "parent": 49,
            "children": [],
            "user id": "2405257223",
            "user name": "很伤心很难过很不开心哈哈哈fxxk",
            "content": "回复@qingsudegangwan:你先请 记得发微博 我要看",
            "time": "19-5-21 06:51"
        },
        {
            "comment id": 49,
            "parent": 43,
            "children": [
                48
            ],
            "user id": "6069152763",
            "user name": "qingsudegangwan",
            "content": "回复@猴嗨森啊哈呵嘻:滚犊子！",
            "time": "19-5-21 06:50"
        },
        {
            "comment id": 50,
            "parent": 51,
            "children": [],
            "user id": "2405257223",
            "user name": "很伤心很难过很不开心哈哈哈fxxk",
            "content": "回复@qingsudegangwan:我是人渣 好过那个是你妈 ",
            "time": "19-5-21 06:49"
        },
        {
            "comment id": 51,
            "parent": 43,
            "children": [
                50
            ],
            "user id": "6069152763",
            "user name": "qingsudegangwan",
            "content": "你是什么人呢？出口不逊，人渣。",
            "time": "19-5-21 06:06"
        },
        {
            "comment id": 52,
            "parent": -1,
            "children": [
                55
            ],
            "user id": "1813066817",
            "user name": "萧某菜",
            "content": "还一本正经的配个吉林的定位，树懒除了动物园只有南美洲有啊。",
            "time": "19-5-28 12:56"
        },
        {
            "comment id": 53,
            "parent": 54,
            "children": [],
            "user id": "6069152763",
            "user name": "qingsudegangwan",
            "content": "回复@萧某菜:你这个有病，魔魔症症的，好像招魔了，让鬼来治治你！",
            "time": "19-5-28 18:50"
        },
        {
            "comment id": 54,
            "parent": 55,
            "children": [
                53
            ],
            "user id": "1813066817",
            "user name": "萧某菜",
            "content": "回复@qingsudegangwan:还带这样的?说你乱科普，还要让我撞鬼？",
            "time": "19-5-28 18:42"
        },
        {
            "comment id": 55,
            "parent": 52,
            "children": [
                54
            ],
            "user id": "6069152763",
            "user name": "qingsudegangwan",
            "content": "水鬼！水鬼！这点破事说起没完了！加小心水鬼去抓你！",
            "time": "19-5-28 14:25"
        },
        {
            "comment id": 56,
            "parent": -1,
            "children": [],
            "user id": "6069152763",
            "user name": "qingsudegangwan",
            "content": "回复@抵抗寒冬 的表态:谢谢",
            "time": "19-6-11 14:30"
        },
        {
            "comment id": 57,
            "parent": -1,
            "children": [],
            "user id": "6069152763",
            "user name": "qingsudegangwan",
            "content": "回复@晋SoulMate 的表态:谢谢！",
            "time": "19-6-3 11:42"
        },
        {
            "comment id": 58,
            "parent": -1,
            "children": [],
            "user id": "6069152763",
            "user name": "qingsudegangwan",
            "content": "回复@晋SoulMate 的表态:谢谢！",
            "time": "19-6-1 06:23"
        },
        {
            "comment id": 59,
            "parent": -1,
            "children": [],
            "user id": "6069152763",
            "user name": "qingsudegangwan",
            "content": "回复@晋SoulMate 的表态:谢！",
            "time": "19-5-31 07:37"
        }
    ]
}