{
    "source": {
        "content": "#张士平去世#真的去世了 中午的事儿最次的车还是奥迪车一排排的 ",
        "time": "19-5-15 19:00",
        "user id": "5985950373",
        "tweet id": "HukwMrse7",
        "label": 1,
        "theme": null
    },
    "comment": [
        {
            "comment id": 0,
            "parent": -1,
            "children": [
                1
            ],
            "user id": "2010380231",
            "user name": "O泡果奶zyrrr",
            "content": "假的吧 上午家里人去医院看他还有呼吸",
            "time": "19-5-15 19:02"
        },
        {
            "comment id": 1,
            "parent": 0,
            "children": [],
            "user id": "5985950373",
            "user name": "阿汭不是瑞",
            "content": "中午没得",
            "time": "19-5-16 07:22"
        },
        {
            "comment id": 2,
            "parent": -1,
            "children": [],
            "user id": "3880398546",
            "user name": "我是你的暄暄暄仔",
            "content": "假的",
            "time": "19-5-16 06:39"
        },
        {
            "comment id": 3,
            "parent": -1,
            "children": [],
            "user id": "1639042695",
            "user name": "OtimeWO",
            "content": "假的",
            "time": "19-5-15 20:18"
        },
        {
            "comment id": 4,
            "parent": -1,
            "children": [],
            "user id": "5151203387",
            "user name": "正蓝旗先生",
            "content": "到底真假",
            "time": "19-5-15 19:01"
        },
        {
            "comment id": 5,
            "parent": -1,
            "children": [],
            "user id": "5345332856",
            "user name": "台湾不解放啊绝不改昵称呢",
            "content": "不是说没死，只是病危了吗",
            "time": "19-5-15 19:02"
        }
    ]
}