{
    "source": {
        "content": "#预防艾滋病# 【人民网:贵州落马副县长供出30名异性名单传患上艾滋病】\n这个传言是：三穗县当地一位女教师在检查中发现艾滋病，随后向警方报案称遭到了副县长杨昌明的强奸，杨随即纳入政法部门的视野，最后落马，其供述与下属女干部、女教师及发廊女30多人发生过性关系。 辽阔草原锡林郭勒的秒拍视频 ",
        "time": "19-5-26 10:55",
        "user id": "6329822151",
        "tweet id": "HvX3iyVca",
        "label": 1,
        "theme": null
    },
    "comment": [
        {
            "comment id": 0,
            "parent": -1,
            "children": [],
            "user id": "1412119254",
            "user name": "大灰狼罗克儿",
            "content": "都烂透了。",
            "time": "19-5-26 11:05"
        },
        {
            "comment id": 1,
            "parent": -1,
            "children": [],
            "user id": "1790187995",
            "user name": "消费避坑指南",
            "content": "贵圈真乱",
            "time": "19-5-26 11:00"
        },
        {
            "comment id": 2,
            "parent": -1,
            "children": [],
            "user id": "1408093740",
            "user name": "不如吃茶去11111",
            "content": "不自带全了各种抗体不配做高官的女人🙃",
            "time": "19-5-26 10:59"
        },
        {
            "comment id": 3,
            "parent": -1,
            "children": [],
            "user id": "5993951382",
            "user name": "太阳坡3",
            "content": "转发微博",
            "time": "19-5-26 11:03"
        },
        {
            "comment id": 4,
            "parent": -1,
            "children": [],
            "user id": "1595940165",
            "user name": "人来人往兮",
            "content": "应该是分管教育线",
            "time": "19-5-26 11:04"
        },
        {
            "comment id": 5,
            "parent": -1,
            "children": [],
            "user id": "1408093740",
            "user name": "不如吃茶去11111",
            "content": "物种进化论",
            "time": "19-5-26 10:58"
        },
        {
            "comment id": 6,
            "parent": -1,
            "children": [],
            "user id": "2303152771",
            "user name": "Chu大哥",
            "content": "@我就是要用流萤谷当昵称",
            "time": "19-12-28 09:47"
        },
        {
            "comment id": 7,
            "parent": -1,
            "children": [],
            "user id": "2303152771",
            "user name": "Chu大哥",
            "content": "@我就是要用流萤谷当昵称",
            "time": "19-12-19 14:18"
        },
        {
            "comment id": 8,
            "parent": -1,
            "children": [],
            "user id": "1139094765",
            "user name": "阿喆的东成西就",
            "content": "在我这村长都是老大的官了",
            "time": "19-6-1 01:28"
        },
        {
            "comment id": 9,
            "parent": -1,
            "children": [],
            "user id": "6059414766",
            "user name": "炉桥陈德林",
            "content": "苍蝇不叮无缝蛋。",
            "time": "19-5-29 09:41"
        },
        {
            "comment id": 10,
            "parent": -1,
            "children": [],
            "user id": "1443551171",
            "user name": "越走越远的总是岁月",
            "content": "【",
            "time": "19-5-28 23:15"
        },
        {
            "comment id": 11,
            "parent": -1,
            "children": [],
            "user id": "2261135883",
            "user name": "张冰6",
            "content": "求我孤陋寡闻了！",
            "time": "19-5-27 20:51"
        },
        {
            "comment id": 12,
            "parent": -1,
            "children": [],
            "user id": "6878417284",
            "user name": "未知数的惬意",
            "content": "PL",
            "time": "19-5-27 09:43"
        },
        {
            "comment id": 13,
            "parent": -1,
            "children": [],
            "user id": "5140135097",
            "user name": "良人读书",
            "content": "转发微博",
            "time": "19-5-26 15:02"
        },
        {
            "comment id": 14,
            "parent": -1,
            "children": [],
            "user id": "2303455921",
            "user name": "一头叫旺达的驴",
            "content": "转发微博",
            "time": "19-5-26 14:33"
        },
        {
            "comment id": 15,
            "parent": -1,
            "children": [],
            "user id": "7026430752",
            "user name": "三辰之旗",
            "content": "太乱",
            "time": "19-5-26 13:02"
        },
        {
            "comment id": 16,
            "parent": -1,
            "children": [],
            "user id": "1848089164",
            "user name": "Bright_Beijing",
            "content": "可怕",
            "time": "19-5-26 12:46"
        },
        {
            "comment id": 17,
            "parent": -1,
            "children": [],
            "user id": "6679805769",
            "user name": "听风荒野",
            "content": "是什么制度让人异化成这样？",
            "time": "19-5-26 12:31"
        },
        {
            "comment id": 18,
            "parent": -1,
            "children": [],
            "user id": "2349476301",
            "user name": "纳吕贝特",
            "content": "可以啊！",
            "time": "19-5-26 12:25"
        },
        {
            "comment id": 19,
            "parent": -1,
            "children": [],
            "user id": "7027011701",
            "user name": "路可幸福42251",
            "content": "我档精英的英明的人民公仆，辛苦了全县啊！",
            "time": "19-5-26 12:11"
        },
        {
            "comment id": 20,
            "parent": -1,
            "children": [],
            "user id": "6850653789",
            "user name": "贝壳海母2018",
            "content": "这下麻烦大了，30个异性的家属和情人，还有家属和情人的家属和情人……",
            "time": "19-5-26 11:37"
        },
        {
            "comment id": 21,
            "parent": -1,
            "children": [],
            "user id": "6984758674",
            "user name": "青木瓜子仁",
            "content": "//@贝壳海母2018:这下麻烦大了，30个异性的家属和情人，还有家属和情人的家属和情人……",
            "time": "19-5-26 11:43"
        },
        {
            "comment id": 22,
            "parent": -1,
            "children": [],
            "user id": "5150449029",
            "user name": "长益视界",
            "content": "发廊女？",
            "time": "19-5-26 11:53"
        },
        {
            "comment id": 23,
            "parent": -1,
            "children": [],
            "user id": "1132286985",
            "user name": "郭珉",
            "content": "一屌惊半城！",
            "time": "19-5-26 11:19"
        }
    ]
}