{
    "source": {
        "content": "安徽一位医生，在工作中突发疾病去世，而他在生命的最后一刻，还在叮嘱同事：病人还没有换血…… ",
        "time": "19-5-23 21:46",
        "user id": "5724440591",
        "tweet id": "Hvz2crwyK",
        "label": 1,
        "theme": null
    },
    "comment": [
        {
            "comment id": 0,
            "parent": -1,
            "children": [],
            "user id": "6661743124",
            "user name": "再谦卑一点",
            "content": "确实有这样的白衣天使",
            "time": "19-5-23 22:31"
        },
        {
            "comment id": 1,
            "parent": -1,
            "children": [],
            "user id": "6208650916",
            "user name": "从不吃洋葱y",
            "content": "逝者安息",
            "time": "19-5-23 22:23"
        },
        {
            "comment id": 2,
            "parent": -1,
            "children": [],
            "user id": "5507241334",
            "user name": "二航倍爽",
            "content": "好笑吗？要是你父母你笑得出？",
            "time": "19-5-23 21:48"
        },
        {
            "comment id": 3,
            "parent": -1,
            "children": [],
            "user id": "7061894670",
            "user name": "紫色会不会吸引你",
            "content": "表示尊敬。",
            "time": "19-5-24 00:42"
        },
        {
            "comment id": 4,
            "parent": -1,
            "children": [],
            "user id": "7101005451",
            "user name": "木色201904",
            "content": "医生也只有工作到累死才有人说你高尚，病人康复，别人会说你高明，病人死了，别人会说你是个收了红包不尽力的刽子手",
            "time": "19-5-25 15:04"
        }
    ]
}