{
    "source": {
        "content": "#浙江新鲜事儿#突发！绍兴市区中兴南路发生一起严重车祸！一轿车发生事故后自燃，据消息车内有一人……#绍兴身边事#  ",
        "time": "19-5-31 16:23",
        "user id": "5456576577",
        "tweet id": "HwKkJxLLZ",
        "label": 1,
        "theme": null
    },
    "comment": [
        {
            "comment id": 0,
            "parent": -1,
            "children": [],
            "user id": "1782110520",
            "user name": "cute读你",
            "content": "几个月前的事情还拿出来说！故意的吧",
            "time": "19-5-31 23:14"
        },
        {
            "comment id": 1,
            "parent": -1,
            "children": [],
            "user id": "3024762800",
            "user name": "永远回不去的春天",
            "content": "举报",
            "time": "19-6-1 18:55"
        },
        {
            "comment id": 2,
            "parent": -1,
            "children": [],
            "user id": "2653317571",
            "user name": "安昌腊肠特卖",
            "content": "什么？中华人民共和国成立啦？",
            "time": "19-6-1 10:36"
        },
        {
            "comment id": 3,
            "parent": -1,
            "children": [],
            "user id": "5060371449",
            "user name": "丫天蓝地蓝",
            "content": "这事几个⺼前吧",
            "time": "19-5-31 21:28"
        },
        {
            "comment id": 4,
            "parent": -1,
            "children": [],
            "user id": "2111294651",
            "user name": "德宏大小事",
            "content": "[喝多了]",
            "time": "19-6-1 08:00"
        }
    ]
}