{
    "source": {
        "content": "地铁上偷手机被抓到，被失主摁住一顿削，小偷被打的受不了，大喊… 奇趣视频超话 秒拍视频  ",
        "time": "19-5-30 10:38",
        "user id": "5384771805",
        "tweet id": "HwyElsUMn",
        "label": 1,
        "theme": null
    },
    "comment": [
        {
            "comment id": 0,
            "parent": -1,
            "children": [
                1,
                3,
                5,
                7,
                9
            ],
            "user id": "6191387923",
            "user name": "草莓座0先生",
            "content": "最讨厌这样的人，三百九六十行，干点啥不能挣钱呀，非要偷，别人的钱都是大风刮来的么，就你聪明，偷来的快是吧",
            "time": "19-5-30 11:03"
        },
        {
            "comment id": 1,
            "parent": 0,
            "children": [],
            "user id": "3246423741",
            "user name": "AABB小cc",
            "content": "（",
            "time": "19-7-21 01:15"
        },
        {
            "comment id": 2,
            "parent": 3,
            "children": [],
            "user id": "6191387923",
            "user name": "草莓座0先生",
            "content": "回复@爱喵皇的橘橘mm:就是",
            "time": "19-5-30 22:16"
        },
        {
            "comment id": 3,
            "parent": 0,
            "children": [
                2
            ],
            "user id": "7135608776",
            "user name": "爱喵皇的橘橘mm",
            "content": "里面围观喊别打的看着这么来气呢？好人被偷被咸猪手等被欺负的时候没看到这么多围观让别打的！一个该揍的畜牲又开始发善心了！打的好！要我能打过我也狠狠的揍！偷老百姓的血汗！",
            "time": "19-5-30 21:23"
        },
        {
            "comment id": 4,
            "parent": 5,
            "children": [],
            "user id": "6191387923",
            "user name": "草莓座0先生",
            "content": "回复@刘思宇10081:就是就是",
            "time": "19-5-30 18:26"
        },
        {
            "comment id": 5,
            "parent": 0,
            "children": [
                4
            ],
            "user id": "5719395626",
            "user name": "刘思宇10081",
            "content": "最可恶的就是这种没道义的毛贼，偷普通老百姓的血汗钱和物品，抓住把手剁了。那么多为富不仁的贪官奸商不去偷，反而祸害穷人，打得好。",
            "time": "19-5-30 18:26"
        },
        {
            "comment id": 6,
            "parent": 7,
            "children": [],
            "user id": "6191387923",
            "user name": "草莓座0先生",
            "content": "回复@鸡屎蚊子xEva:好吧，杠精",
            "time": "19-5-30 16:55"
        },
        {
            "comment id": 7,
            "parent": 0,
            "children": [
                6
            ],
            "user id": "5137287028",
            "user name": "鸡屎蚊子xEva",
            "content": "不是360行？现代升级了36行？？？？再说偷好像也是360行里面的。。。。",
            "time": "19-5-30 16:50"
        },
        {
            "comment id": 8,
            "parent": 9,
            "children": [],
            "user id": "6191387923",
            "user name": "草莓座0先生",
            "content": "回复@oniarashi:",
            "time": "19-5-30 16:15"
        },
        {
            "comment id": 9,
            "parent": 0,
            "children": [
                8
            ],
            "user id": "6070978236",
            "user name": "oniarashi",
            "content": "应该偷抢的剁手，强奸的剁屌",
            "time": "19-5-30 14:49"
        },
        {
            "comment id": 10,
            "parent": -1,
            "children": [
                11,
                12,
                13,
                15,
                16
            ],
            "user id": "5802268964",
            "user name": "Xu宇晨",
            "content": "确定是小偷吗？会不会是贼喊捉贼呢？",
            "time": "19-5-30 12:42"
        },
        {
            "comment id": 11,
            "parent": 10,
            "children": [],
            "user id": "2523547151",
            "user name": "SilverMoonGP",
            "content": "我去，你这稀泥活的好啊，你应该去当警察或者交警啊，以后百姓有事找你就行，两边都摆平，什么法院检察院都可以撤销了，你就可以当审判者了，公平公正，任何事情都先各打五十大板就完了，管他谁对谁错呢，不重要，和稀泥最重要，任何事情都可以从反面来解读一下，高手，这是高手，你家祖传太极吧？",
            "time": "19-5-30 22:33"
        },
        {
            "comment id": 12,
            "parent": 10,
            "children": [],
            "user id": "6510743425",
            "user name": "一位不愿意透露网名的热心网友",
            "content": "你很熟练啊",
            "time": "19-5-30 17:21"
        },
        {
            "comment id": 13,
            "parent": 10,
            "children": [],
            "user id": "5802268964",
            "user name": "Xu宇晨",
            "content": "回复@九毫米圆寸头:我只是表示一种疑问？就好像人贩子的那招，说是自己孩子，硬生生的抢走，一圈的人就那样看着",
            "time": "19-5-30 14:24"
        },
        {
            "comment id": 14,
            "parent": 15,
            "children": [],
            "user id": "5802268964",
            "user name": "Xu宇晨",
            "content": "回复@谁有好名啊:我只是事情从俩方面看",
            "time": "19-5-30 14:21"
        },
        {
            "comment id": 15,
            "parent": 10,
            "children": [
                14
            ],
            "user id": "3972611216",
            "user name": "谁有好名啊",
            "content": "你是不是经常干这种偷鸡摸狗的事。这么了解",
            "time": "19-5-30 14:09"
        },
        {
            "comment id": 16,
            "parent": 10,
            "children": [],
            "user id": "2004872733",
            "user name": "Sun丨Go丨Ku",
            "content": "好一个贼喊捉贼！",
            "time": "19-5-30 13:04"
        },
        {
            "comment id": 17,
            "parent": -1,
            "children": [
                18,
                20,
                21,
                22,
                23,
                24
            ],
            "user id": "3254446862",
            "user name": "拉粑粑啊啊啊",
            "content": "有个旁观的，不帮助丢手机者呵斥小偷交出手机，却喊丢手机的别打小偷了，丢手机的并不是无故打小偷，而是因为小偷无论怎样，就是不交出手机，这时候你不帮受害者反帮小偷，真是三观不正！",
            "time": "19-5-30 14:43"
        },
        {
            "comment id": 18,
            "parent": 17,
            "children": [],
            "user id": "5235038786",
            "user name": "逮虾户藤原塔咕密",
            "content": "不是这样的，因为就算是小偷，你把他打了也要负刑事责任的，群众是怕打得太狠了怕小伙承担不起。",
            "time": "19-5-31 20:23"
        },
        {
            "comment id": 19,
            "parent": 22,
            "children": [],
            "user id": "3254446862",
            "user name": "拉粑粑啊啊啊",
            "content": "回复@爱喵皇的橘橘mm:就是！",
            "time": "19-5-31 11:32"
        },
        {
            "comment id": 20,
            "parent": 17,
            "children": [],
            "user id": "3254446862",
            "user name": "拉粑粑啊啊啊",
            "content": "回复@我系贰源:太tm赞同了！",
            "time": "19-5-31 11:32"
        },
        {
            "comment id": 21,
            "parent": 17,
            "children": [],
            "user id": "2523547151",
            "user name": "SilverMoonGP",
            "content": "而且小小偷还咬人了吧？好像听见被偷的人喊你还敢咬我，不知道是不是。",
            "time": "19-5-30 22:34"
        },
        {
            "comment id": 22,
            "parent": 17,
            "children": [
                19
            ],
            "user id": "7135608776",
            "user name": "爱喵皇的橘橘mm",
            "content": "对啊，我就是看着这里来气！好人被欺负时候没看到这么多围观伸张正义的！",
            "time": "19-5-30 21:29"
        },
        {
            "comment id": 23,
            "parent": 17,
            "children": [],
            "user id": "5834609132",
            "user name": "我系玖伍贰柒",
            "content": "这些事没发生在他们身上 他们是不会有感觉到 假如是小偷偷东西被发现了 小偷反过来打人 他们也会无动于衷",
            "time": "19-5-30 19:34"
        },
        {
            "comment id": 24,
            "parent": 17,
            "children": [],
            "user id": "5704074076",
            "user name": "一只不愿透漏姓名的小老虎",
            "content": "就是，换了我就喊加油，只要真的是他偷的，打丫的，给他打出心理阴影。",
            "time": "19-5-30 18:08"
        },
        {
            "comment id": 25,
            "parent": -1,
            "children": [
                26,
                28,
                29
            ],
            "user id": "6531579043",
            "user name": "小默静静",
            "content": "上次我买菜一个六十几岁的男的也偷我手机，被我发现了！我前后捶了他三拳，后面想想我应该扇耳光的，我一个八十多斤的女孩子，一拳打出去应该不疼！",
            "time": "19-5-30 13:58"
        },
        {
            "comment id": 26,
            "parent": 25,
            "children": [],
            "user id": "7135608776",
            "user name": "爱喵皇的橘橘mm",
            "content": "我买菜时候猪肉被人偷了先买的肉拿着去买菜，挑菜时候肉放旁边！",
            "time": "19-5-30 21:26"
        },
        {
            "comment id": 27,
            "parent": 28,
            "children": [],
            "user id": "5651697116",
            "user name": "无敌搞笑大王爷",
            "content": "回复@小默静静:来来来，来打我啊",
            "time": "19-5-30 15:45"
        },
        {
            "comment id": 28,
            "parent": 25,
            "children": [
                27
            ],
            "user id": "6531579043",
            "user name": "小默静静",
            "content": "回复@我是恶里很:没有少，只有八十多斤",
            "time": "19-5-30 15:44"
        },
        {
            "comment id": 29,
            "parent": 25,
            "children": [],
            "user id": "5651697116",
            "user name": "无敌搞笑大王爷",
            "content": "是不是少打了一个“公”字？",
            "time": "19-5-30 15:25"
        },
        {
            "comment id": 30,
            "parent": -1,
            "children": [
                31,
                32,
                33,
                34
            ],
            "user id": "3607405047",
            "user name": "联萌吗",
            "content": "打的很解气  可惜了  这算偷窃未遂还是啥  偷东西判多久    打人不一样15天？还是啥 看情况分析好像",
            "time": "19-5-30 12:08"
        },
        {
            "comment id": 31,
            "parent": 30,
            "children": [],
            "user id": "3607405047",
            "user name": "联萌吗",
            "content": "不是追回来了…  这样应该算未遂吧",
            "time": "19-5-31 18:09"
        },
        {
            "comment id": 32,
            "parent": 30,
            "children": [],
            "user id": "5586169210",
            "user name": "陈茶滚",
            "content": "已经偷了好吧，手机在",
            "time": "19-5-31 16:20"
        },
        {
            "comment id": 33,
            "parent": 30,
            "children": [],
            "user id": "3607405047",
            "user name": "联萌吗",
            "content": "我知道有刑事责任  我想知道的是  小偷被抓以后  打小偷  需要承担什么样的责任  严重应该也是刑事吧？",
            "time": "19-5-30 19:56"
        },
        {
            "comment id": 34,
            "parent": 30,
            "children": [],
            "user id": "6790745620",
            "user name": "Finally066",
            "content": "法学学生解释一下，偷到手机之后属于盗窃既遂，手机价值在2000元以上需承担刑事责任",
            "time": "19-5-30 16:54"
        },
        {
            "comment id": 35,
            "parent": -1,
            "children": [
                36
            ],
            "user id": "5771505792",
            "user name": "迟来的老白",
            "content": "作为一个冷漠的人 110我肯定是不会打的",
            "time": "19-5-30 11:00"
        },
        {
            "comment id": 36,
            "parent": 35,
            "children": [],
            "user id": "3972611216",
            "user name": "谁有好名啊",
            "content": "应该打电话再叫几个兄弟过来一起锤",
            "time": "19-5-30 14:11"
        },
        {
            "comment id": 37,
            "parent": -1,
            "children": [],
            "user id": "2546875164",
            "user name": "消失的城堡199",
            "content": "也没怎么打啊  以前网上打小偷的视频那才叫酷刑",
            "time": "19-5-30 10:58"
        },
        {
            "comment id": 38,
            "parent": -1,
            "children": [],
            "user id": "5760311647",
            "user name": "Makayla128",
            "content": "现在的手机都是一个小型数据库，这种被打死活该！希望偷盗手机被抓能重判",
            "time": "19-5-30 12:03"
        },
        {
            "comment id": 39,
            "parent": -1,
            "children": [],
            "user id": "3240452920",
            "user name": "ZAIJLH",
            "content": "想起我可怜的诺基亚！当年在海口赶着上公交去机场、上车那会就被两个可疑人给偷了手机！因为他们一前一后夹击着我不让我上车、",
            "time": "19-5-30 15:14"
        }
    ]
}