{
    "source": {
        "content": "美国总统特朗普单方宣布提高关税5%。墨西哥总统Lopez Obrador为了回敬，宣布全面放开墨西哥边境管制，偷渡客的狂欢节来临了。冲鸭！踏平美利坚。墨西哥与美国边境线长达3196公里，长期以来，墨西哥一直是偷渡客们进入美国的最佳跳板。美国需要增派边境线的成本将远高于5%关税。 ",
        "time": "19-6-2 09:43",
        "user id": "1239419462",
        "tweet id": "Hx0zrbjG3",
        "label": 1,
        "theme": null
    },
    "comment": [
        {
            "comment id": 0,
            "parent": -1,
            "children": [
                1
            ],
            "user id": "2332897527",
            "user name": "武阳茶徒",
            "content": "老特朗普再增加4000公里的边境墙",
            "time": "19-6-2 12:04"
        },
        {
            "comment id": 1,
            "parent": 0,
            "children": [],
            "user id": "1239419462",
            "user name": "聂景秀",
            "content": "没钱中国抠门，不借钱给特朗普",
            "time": "19-6-2 12:07"
        },
        {
            "comment id": 2,
            "parent": -1,
            "children": [
                3
            ],
            "user id": "6602336572",
            "user name": "葡叶萄叶葡萄叶",
            "content": "玩的好，不是修了隔离墙了吗？",
            "time": "19-6-2 10:29"
        },
        {
            "comment id": 3,
            "parent": 2,
            "children": [],
            "user id": "1239419462",
            "user name": "聂景秀",
            "content": "推翻不得了么？",
            "time": "19-6-2 10:46"
        },
        {
            "comment id": 4,
            "parent": -1,
            "children": [
                5,
                7,
                8
            ],
            "user id": "7084589566",
            "user name": "mingyunwanzhuan",
            "content": "这种谣言也发。",
            "time": "19-6-2 16:47"
        },
        {
            "comment id": 5,
            "parent": 4,
            "children": [],
            "user id": "7084589566",
            "user name": "mingyunwanzhuan",
            "content": "回复@老聂:那就别说我说造谣。",
            "time": "19-6-2 17:01"
        },
        {
            "comment id": 6,
            "parent": 7,
            "children": [],
            "user id": "1239419462",
            "user name": "聂景秀",
            "content": "回复@mingyunwanzhuan:我有这个告诉你的义务么",
            "time": "19-6-2 16:59"
        },
        {
            "comment id": 7,
            "parent": 4,
            "children": [
                6
            ],
            "user id": "7084589566",
            "user name": "mingyunwanzhuan",
            "content": "回复@老聂:新闻在哪里？真是",
            "time": "19-6-2 16:58"
        },
        {
            "comment id": 8,
            "parent": 4,
            "children": [],
            "user id": "1239419462",
            "user name": "聂景秀",
            "content": "你怎么觉得是谣言呢？",
            "time": "19-6-2 16:57"
        },
        {
            "comment id": 9,
            "parent": -1,
            "children": [
                10
            ],
            "user id": "2130438743",
            "user name": "杜志苊",
            "content": "看别人打架自己撸一发？",
            "time": "19-6-2 10:22"
        },
        {
            "comment id": 10,
            "parent": 9,
            "children": [],
            "user id": "1239419462",
            "user name": "聂景秀",
            "content": "好玩",
            "time": "19-6-2 10:46"
        },
        {
            "comment id": 11,
            "parent": -1,
            "children": [],
            "user id": "1648648800",
            "user name": "搞笑陈王爷",
            "content": "",
            "time": "19-6-2 09:45"
        },
        {
            "comment id": 12,
            "parent": -1,
            "children": [],
            "user id": "1440333750",
            "user name": "往事只能嗯回诶味诶",
            "content": "当段子看其实蛮好笑的，管他真的假的干啥呀  一直觉得特朗普跟个老小孩似的，没想到墨西哥总统也这么随性  放心吧，感觉这俩孩子最后肯定把泥巴放一个盆里一块儿玩儿去",
            "time": "19-6-3 09:31"
        },
        {
            "comment id": 13,
            "parent": -1,
            "children": [],
            "user id": "2202386927",
            "user name": "人文湖南",
            "content": "小人很多哈",
            "time": "19-6-4 18:52"
        },
        {
            "comment id": 14,
            "parent": -1,
            "children": [],
            "user id": "2202386927",
            "user name": "人文湖南",
            "content": "天啦",
            "time": "19-6-2 16:29"
        }
    ]
}