{
    "source": {
        "content": "#浙江新鲜事儿#突发！绍兴市区中兴南路发生一起严重车祸！一轿车发生事故后自燃，据消息车内有一人……#绍兴身边事# [手套] ",
        "time": "19-6-7 01:43",
        "user id": "3892088104",
        "tweet id": "HxIz1k2f2",
        "label": 1,
        "theme": null
    },
    "comment": [
        {
            "comment id": 0,
            "parent": -1,
            "children": [],
            "user id": "2317983827",
            "user name": "广元之女皇故里",
            "content": "转给朋友。。。。。",
            "time": "19-6-7 17:31"
        },
        {
            "comment id": 1,
            "parent": -1,
            "children": [],
            "user id": "5975340671",
            "user name": "月光使者百合",
            "content": "因为专业，所[咖啡]以卓越。",
            "time": "19-6-21 21:41"
        },
        {
            "comment id": 2,
            "parent": -1,
            "children": [],
            "user id": "1591372754",
            "user name": "咸宁生活谈",
            "content": "[玫瑰][自行车][玫瑰][玫瑰]",
            "time": "19-6-15 13:24"
        },
        {
            "comment id": 3,
            "parent": -1,
            "children": [],
            "user id": "2111328273",
            "user name": "海口街头风情",
            "content": "[din推撞]",
            "time": "19-6-9 02:20"
        },
        {
            "comment id": 4,
            "parent": -1,
            "children": [],
            "user id": "2111329173",
            "user name": "本溪美时美刻",
            "content": "进去看看%！",
            "time": "19-6-21 08:05"
        },
        {
            "comment id": 5,
            "parent": -1,
            "children": [],
            "user id": "2059904032",
            "user name": "沈阳旅行全搜索",
            "content": "留个[din推撞]爪印",
            "time": "19-6-21 07:52"
        },
        {
            "comment id": 6,
            "parent": -1,
            "children": [],
            "user id": "5971795024",
            "user name": "梅小姐复古风",
            "content": "严重[甩甩手]同意楼上的。",
            "time": "19-6-15 19:01"
        },
        {
            "comment id": 7,
            "parent": -1,
            "children": [],
            "user id": "5886255105",
            "user name": "何欢hle",
            "content": "[喝多了]",
            "time": "19-6-14 14:09"
        },
        {
            "comment id": 8,
            "parent": -1,
            "children": [],
            "user id": "2144453027",
            "user name": "北京事爆料",
            "content": "真是好词！！！！！！！！",
            "time": "19-6-14 03:32"
        },
        {
            "comment id": 9,
            "parent": -1,
            "children": [],
            "user id": "2112857525",
            "user name": "小淑女的大秘密",
            "content": "逆天的家伙",
            "time": "19-6-10 01:15"
        },
        {
            "comment id": 10,
            "parent": -1,
            "children": [],
            "user id": "2118397267",
            "user name": "咸宁故事在线",
            "content": "[玫瑰][玫瑰][玫瑰][雷锋]",
            "time": "19-6-9 06:46"
        },
        {
            "comment id": 11,
            "parent": -1,
            "children": [],
            "user id": "2107778313",
            "user name": "南昌帮助",
            "content": "支持一下！",
            "time": "19-6-9 05:42"
        },
        {
            "comment id": 12,
            "parent": -1,
            "children": [],
            "user id": "5436253955",
            "user name": "北M姐",
            "content": "[庆祝]",
            "time": "19-6-8 22:47"
        },
        {
            "comment id": 13,
            "parent": -1,
            "children": [],
            "user id": "2150595475",
            "user name": "万能的西双版纳",
            "content": "[许愿][din推撞]",
            "time": "19-6-8 01:48"
        },
        {
            "comment id": 14,
            "parent": -1,
            "children": [],
            "user id": "3915652549",
            "user name": "飞回去的鱼儿",
            "content": "微博求互粉",
            "time": "19-6-20 04:48"
        },
        {
            "comment id": 15,
            "parent": -1,
            "children": [],
            "user id": "3074280095",
            "user name": "大阿淼V",
            "content": "#微博辟谣# 微博正文",
            "time": "19-6-7 06:45"
        },
        {
            "comment id": 16,
            "parent": -1,
            "children": [],
            "user id": "3074280095",
            "user name": "大阿淼V",
            "content": "#微博辟谣# @绍兴网警巡查执法 ",
            "time": "19-6-7 06:35"
        }
    ]
}