{
    "source": {
        "content": "埃航失事客机黑匣子已找到，这是自动记录仪录下的最后10秒钟……人们濒死的惨叫声#航空那些事儿# 飞上云端的故事的秒拍视频 ",
        "time": "19-6-4 11:14",
        "user id": "6063043169",
        "tweet id": "Hxk1ivakC",
        "label": 1,
        "theme": null
    },
    "comment": [
        {
            "comment id": 0,
            "parent": -1,
            "children": [],
            "user id": "3181039793",
            "user name": "万物皆星尘",
            "content": "造这种假，是对死者的不尊重",
            "time": "19-6-29 10:44"
        },
        {
            "comment id": 1,
            "parent": -1,
            "children": [],
            "user id": "2695083383",
            "user name": "披着羊皮的萨摩耶",
            "content": "举报走起",
            "time": "19-6-7 13:06"
        },
        {
            "comment id": 2,
            "parent": -1,
            "children": [],
            "user id": "2942011735",
            "user name": "王研析",
            "content": "不管真假，听着就觉得很惨🙏🙏🙏",
            "time": "19-6-20 00:32"
        },
        {
            "comment id": 3,
            "parent": -1,
            "children": [],
            "user id": "5243307901",
            "user name": "不可苟着",
            "content": "黑瞎子只有音频吧",
            "time": "19-6-8 01:04"
        },
        {
            "comment id": 4,
            "parent": -1,
            "children": [],
            "user id": "1797374411",
            "user name": "L木木同学_",
            "content": "这是黑匣子记录的吗？",
            "time": "19-6-4 13:13"
        },
        {
            "comment id": 5,
            "parent": -1,
            "children": [
                6
            ],
            "user id": "5501449715",
            "user name": "杨大土豆很可爱",
            "content": "黑匣子不实在驾驶室吗？",
            "time": "19-7-26 12:04"
        },
        {
            "comment id": 6,
            "parent": 5,
            "children": [],
            "user id": "6206517305",
            "user name": "我以为这次改昵称会继续失败",
            "content": "在飞机的水平安定面那一部分，THS舱里   驾驶舱话音记录器简称CVR   飞机失事一般尾部是最容易保留的。",
            "time": "19-7-27 12:38"
        },
        {
            "comment id": 7,
            "parent": -1,
            "children": [],
            "user id": "2799108142",
            "user name": "三七二十五啊",
            "content": "黑匣子记录音频和飞行数据",
            "time": "19-6-20 08:52"
        },
        {
            "comment id": 8,
            "parent": -1,
            "children": [],
            "user id": "5120511648",
            "user name": "她与阳光不可替",
            "content": "辣鸡营销号",
            "time": "19-7-22 00:32"
        },
        {
            "comment id": 9,
            "parent": -1,
            "children": [],
            "user id": "3078931930",
            "user name": "爱大太阳的星星",
            "content": "啊啊啊啊啊啊啊啊啊",
            "time": "19-7-10 20:37"
        },
        {
            "comment id": 10,
            "parent": -1,
            "children": [],
            "user id": "5903728409",
            "user name": "只是風声而已丨",
            "content": "GTA5游戏。这样真的好吗。再说这是侧窗手机拍的。",
            "time": "19-7-23 10:05"
        },
        {
            "comment id": 11,
            "parent": -1,
            "children": [],
            "user id": "5284922747",
            "user name": "心情不好吃掉一整盘碳烤五花肉",
            "content": "黑瞎子叫驾驶舱话音记录器，大声跟我读，驾驶舱 话音",
            "time": "19-7-1 19:05"
        },
        {
            "comment id": 12,
            "parent": -1,
            "children": [],
            "user id": "2828684012",
            "user name": "啦咪哆嗦",
            "content": "画面假的要标明模拟",
            "time": "19-7-31 00:00"
        },
        {
            "comment id": 13,
            "parent": -1,
            "children": [],
            "user id": "1402099667",
            "user name": "比萨思",
            "content": "举报虚假信息。",
            "time": "19-7-9 00:48"
        },
        {
            "comment id": 14,
            "parent": -1,
            "children": [],
            "user id": "2405409144",
            "user name": "大大时光",
            "content": "假！",
            "time": "19-6-26 18:16"
        },
        {
            "comment id": 15,
            "parent": -1,
            "children": [],
            "user id": "5476508577",
            "user name": "Xx年年有鱼",
            "content": "声音是真的，画面是模拟动画",
            "time": "19-6-20 09:49"
        },
        {
            "comment id": 16,
            "parent": -1,
            "children": [],
            "user id": "5854565116",
            "user name": "詹乔丹LJ",
            "content": "黑匣子还在窗里面拍 还会抖？[費解]",
            "time": "19-6-19 09:44"
        },
        {
            "comment id": 17,
            "parent": -1,
            "children": [],
            "user id": "2752898973",
            "user name": "lan快跑",
            "content": "举报",
            "time": "19-6-11 23:03"
        }
    ]
}