{
    "source": {
        "content": "广州某村的拆迁款，我有点凌乱了…… 长三角房事的微博视频 ",
        "time": "19-6-15 14:43",
        "user id": "1953042082",
        "tweet id": "Hz15WBsPq",
        "label": 1,
        "theme": null
    },
    "comment": [
        {
            "comment id": 0,
            "parent": -1,
            "children": [
                1,
                2,
                3,
                4,
                5,
                6
            ],
            "user id": "1953042082",
            "user name": "长三角房事",
            "content": "图片评论 ",
            "time": "19-6-15 14:45"
        },
        {
            "comment id": 1,
            "parent": 0,
            "children": [],
            "user id": "1951160137",
            "user name": "晚晚十点训早日一百斤",
            "content": "回复@玩猫丧志的姐姐:雨我无瓜",
            "time": "19-6-21 15:33"
        },
        {
            "comment id": 2,
            "parent": 0,
            "children": [],
            "user id": "2881059052",
            "user name": "小智芝士",
            "content": "就是陈田村对吧@大原穗穗子",
            "time": "19-6-19 12:58"
        },
        {
            "comment id": 3,
            "parent": 0,
            "children": [],
            "user id": "1951160137",
            "user name": "晚晚十点训早日一百斤",
            "content": "回复@玩猫丧志的姐姐:哈哈哈哈哈哈哈哈哈",
            "time": "19-6-17 10:33"
        },
        {
            "comment id": 4,
            "parent": 0,
            "children": [],
            "user id": "5523709708",
            "user name": "杀鸡狂魔撒贝宁",
            "content": "又来一个哗众取宠的，没看到那条微博被举报了？！",
            "time": "19-6-17 07:30"
        },
        {
            "comment id": 5,
            "parent": 0,
            "children": [],
            "user id": "3022449953",
            "user name": "嘉2W士多啤梨",
            "content": "@cavualinluo2yeah 卧槽",
            "time": "19-6-17 01:00"
        },
        {
            "comment id": 6,
            "parent": 0,
            "children": [],
            "user id": "2013252211",
            "user name": "L-JenyLI",
            "content": "@邱俊威WM @好多东西要学 @Ee-lai",
            "time": "19-6-17 00:49"
        },
        {
            "comment id": 7,
            "parent": -1,
            "children": [],
            "user id": "1878399534",
            "user name": "蜗牛要飞翔",
            "content": "共同富裕，党从来都没有忘记",
            "time": "19-6-15 20:32"
        },
        {
            "comment id": 8,
            "parent": -1,
            "children": [],
            "user id": "1726924044",
            "user name": "金山二姐",
            "content": "这特么和卸带鱼一个赶脚",
            "time": "19-6-15 15:21"
        },
        {
            "comment id": 9,
            "parent": -1,
            "children": [
                10
            ],
            "user id": "2426363681",
            "user name": "大强子的生活",
            "content": "拆迁是这么分钱吗？",
            "time": "19-6-16 22:13"
        },
        {
            "comment id": 10,
            "parent": 9,
            "children": [],
            "user id": "3124773875",
            "user name": "欢喜啊傅傅",
            "content": "回复@山西裴彦祖:没见过世面就没见过世面。说啥假的。",
            "time": "19-7-1 11:51"
        },
        {
            "comment id": 11,
            "parent": -1,
            "children": [
                12
            ],
            "user id": "6649286507",
            "user name": "人小騩大",
            "content": "确定不是雪花牛排？",
            "time": "19-6-16 11:46"
        },
        {
            "comment id": 12,
            "parent": 11,
            "children": [],
            "user id": "5082865367",
            "user name": "黑玫瑰Blake",
            "content": "雪花牛排大概用不着武装押运",
            "time": "19-6-17 11:21"
        },
        {
            "comment id": 13,
            "parent": -1,
            "children": [
                14,
                15
            ],
            "user id": "5859992826",
            "user name": "大傻子思欣",
            "content": "假的，我现在就住陈田这里",
            "time": "19-6-16 03:34"
        },
        {
            "comment id": 14,
            "parent": 13,
            "children": [],
            "user id": "5859992826",
            "user name": "大傻子思欣",
            "content": "回复@梁晓大大大:我说的是这个视频不是陈田这里的，钱随便扔地下？",
            "time": "19-6-19 02:21"
        },
        {
            "comment id": 15,
            "parent": 13,
            "children": [],
            "user id": "5379328002",
            "user name": "今年吃穿不愁",
            "content": "回复@夜幕Ry900:猎德遍地土豪，一夜暴富",
            "time": "19-6-17 13:58"
        },
        {
            "comment id": 16,
            "parent": -1,
            "children": [],
            "user id": "2007859981",
            "user name": "教主1981",
            "content": "这年头还tm发现金，这脑子得多浆糊",
            "time": "19-6-23 16:37"
        },
        {
            "comment id": 17,
            "parent": -1,
            "children": [],
            "user id": "5199766317",
            "user name": "郑小郑D性格",
            "content": "广州珠江新城冼村",
            "time": "19-6-17 00:05"
        },
        {
            "comment id": 18,
            "parent": -1,
            "children": [],
            "user id": "3644080791",
            "user name": "牟木木xx",
            "content": "",
            "time": "19-6-20 18:26"
        },
        {
            "comment id": 19,
            "parent": -1,
            "children": [],
            "user id": "1808679073",
            "user name": "遣怀",
            "content": "",
            "time": "19-6-15 15:36"
        },
        {
            "comment id": 20,
            "parent": -1,
            "children": [],
            "user id": "3910750662",
            "user name": "wensueting",
            "content": "大湾区么",
            "time": "19-6-15 15:27"
        },
        {
            "comment id": 21,
            "parent": -1,
            "children": [],
            "user id": "6576628484",
            "user name": "conlin无所谓",
            "content": "哇塞",
            "time": "19-7-14 21:43"
        },
        {
            "comment id": 22,
            "parent": -1,
            "children": [],
            "user id": "2147863344",
            "user name": "火星D邻居",
            "content": "我去，我以为四件套床品呢",
            "time": "19-7-14 18:42"
        },
        {
            "comment id": 23,
            "parent": -1,
            "children": [],
            "user id": "2277413894",
            "user name": "川大毕加索小屋",
            "content": "快来把我砸",
            "time": "19-7-1 14:00"
        },
        {
            "comment id": 24,
            "parent": -1,
            "children": [],
            "user id": "2103055785",
            "user name": "不朽花",
            "content": "对国家来说 这就是一堆纸",
            "time": "19-6-23 09:55"
        },
        {
            "comment id": 25,
            "parent": -1,
            "children": [],
            "user id": "2807134673",
            "user name": "丶臭蛋蛋儿_",
            "content": "缴获的赃款？",
            "time": "19-6-23 05:52"
        },
        {
            "comment id": 26,
            "parent": -1,
            "children": [],
            "user id": "2711048062",
            "user name": "孤儿上单不需要帮",
            "content": "打卡里，而且还是当面打款一个一个进还不忘让你买理财把你忽悠",
            "time": "19-6-23 01:48"
        },
        {
            "comment id": 27,
            "parent": -1,
            "children": [],
            "user id": "6067522298",
            "user name": "sakoo1412",
            "content": "烦死了，臭钱，臭钱，重死了，臭钱！",
            "time": "19-6-22 13:07"
        },
        {
            "comment id": 28,
            "parent": -1,
            "children": [],
            "user id": "5616641459",
            "user name": "未来可期充满希望",
            "content": "有核动力印钞机、就这点屁钱 还不是沙沙水的事情",
            "time": "19-6-22 00:34"
        },
        {
            "comment id": 29,
            "parent": -1,
            "children": [],
            "user id": "1901273221",
            "user name": "邵源泉",
            "content": "别这样啊 要有仪式感啊……好歹来个金属密码箱和10个安保人员。这样看就像发枕头",
            "time": "19-6-21 19:30"
        },
        {
            "comment id": 30,
            "parent": -1,
            "children": [],
            "user id": "2674910434",
            "user name": "一只猫耳朵sakyfl",
            "content": "旁边有持枪的特警",
            "time": "19-6-20 00:30"
        },
        {
            "comment id": 31,
            "parent": -1,
            "children": [],
            "user id": "1801905812",
            "user name": "Yvonne每天都要元气满满哒",
            "content": "@Aohanw @-Wllan",
            "time": "19-6-18 13:37"
        },
        {
            "comment id": 32,
            "parent": -1,
            "children": [],
            "user id": "5626869627",
            "user name": "那年的心碎一地",
            "content": "不要了？？那我拖点回家了！你们都不要了",
            "time": "19-6-18 13:18"
        },
        {
            "comment id": 33,
            "parent": -1,
            "children": [],
            "user id": "1809385831",
            "user name": "Venussa",
            "content": "怎么我家是转账的…",
            "time": "19-6-17 08:14"
        },
        {
            "comment id": 34,
            "parent": -1,
            "children": [],
            "user id": "1893003157",
            "user name": "灿瞬",
            "content": "陈田村吗呜呜呜呜呜呜呜",
            "time": "19-6-17 03:22"
        },
        {
            "comment id": 35,
            "parent": -1,
            "children": [],
            "user id": "6466091110",
            "user name": "帅总是帅的",
            "content": "现在还拆的出现金来？",
            "time": "19-6-15 15:18"
        },
        {
            "comment id": 36,
            "parent": -1,
            "children": [],
            "user id": "3208855322",
            "user name": "MewGulf纪念日",
            "content": "@发呆星球 @大佬的鹤儿啦",
            "time": "19-6-23 23:08"
        },
        {
            "comment id": 37,
            "parent": -1,
            "children": [],
            "user id": "3494599325",
            "user name": "学渣小王要努力",
            "content": "@痞人木木龙",
            "time": "19-6-23 15:42"
        },
        {
            "comment id": 38,
            "parent": -1,
            "children": [
                39
            ],
            "user id": "2799392907",
            "user name": "_Fanxiaohan",
            "content": "@你最爱的大鹏哥",
            "time": "19-6-21 11:01"
        },
        {
            "comment id": 39,
            "parent": 38,
            "children": [],
            "user id": "5856533607",
            "user name": "你最爱的大鹏哥",
            "content": "我凌乱了",
            "time": "19-6-21 11:07"
        },
        {
            "comment id": 40,
            "parent": -1,
            "children": [],
            "user id": "5684743964",
            "user name": "爱后也余生",
            "content": "@你屁话好多哟 好想天上掉点钱",
            "time": "19-6-20 22:25"
        },
        {
            "comment id": 41,
            "parent": -1,
            "children": [],
            "user id": "5174466850",
            "user name": "乐呵呵的阿园",
            "content": "@臭脾气ya 快去给我抢一包回来",
            "time": "19-6-20 09:35"
        },
        {
            "comment id": 42,
            "parent": -1,
            "children": [],
            "user id": "2136189177",
            "user name": "Birl-",
            "content": "@林大垚爱吃水蜜桃 @时光烟雨露 @LANYPIGGY- ！！！想不想要",
            "time": "19-6-20 00:30"
        },
        {
            "comment id": 43,
            "parent": -1,
            "children": [],
            "user id": "1025656381",
            "user name": "易陞陽",
            "content": "视金钱如粪土",
            "time": "19-6-19 12:43"
        },
        {
            "comment id": 44,
            "parent": -1,
            "children": [],
            "user id": "3929090085",
            "user name": "2022延续依然想暴富",
            "content": "尊重一下钱好嘛？就这样扔地上，不要给我！来砸我",
            "time": "19-6-18 01:05"
        },
        {
            "comment id": 45,
            "parent": -1,
            "children": [
                46
            ],
            "user id": "1923937130",
            "user name": "彰彰蕾",
            "content": "@找个人一起闯荡江湖",
            "time": "19-6-16 16:02"
        },
        {
            "comment id": 46,
            "parent": 45,
            "children": [],
            "user id": "6430312389",
            "user name": "找个人一起闯荡江湖",
            "content": "都说是假的",
            "time": "19-6-16 19:03"
        },
        {
            "comment id": 47,
            "parent": -1,
            "children": [
                49,
                50
            ],
            "user id": "5718075527",
            "user name": "馨馨不是猩猩是星星",
            "content": "@heyjunen",
            "time": "19-6-15 18:38"
        },
        {
            "comment id": 48,
            "parent": 49,
            "children": [],
            "user id": "5670683377",
            "user name": "芝士柴柴",
            "content": "回复@馨馨不是猩猩是星星:你帮我带一块嘛",
            "time": "19-6-15 22:13"
        },
        {
            "comment id": 49,
            "parent": 47,
            "children": [
                48
            ],
            "user id": "5718075527",
            "user name": "馨馨不是猩猩是星星",
            "content": "回复@heyjunen:快去捡一个",
            "time": "19-6-15 21:59"
        },
        {
            "comment id": 50,
            "parent": 47,
            "children": [],
            "user id": "5670683377",
            "user name": "芝士柴柴",
            "content": "我眼睛都亮了",
            "time": "19-6-15 18:43"
        },
        {
            "comment id": 51,
            "parent": -1,
            "children": [],
            "user id": "5894148449",
            "user name": "慧来塔罗占星",
            "content": "假的吧，拆迁都是银行存单",
            "time": "19-6-15 16:03"
        },
        {
            "comment id": 52,
            "parent": -1,
            "children": [],
            "user id": "2240624491",
            "user name": "奥斯卡的亲姐姐",
            "content": "拆迁款都打银行的好嘛",
            "time": "19-6-15 16:02"
        },
        {
            "comment id": 53,
            "parent": -1,
            "children": [],
            "user id": "2050112957",
            "user name": "骜老",
            "content": "@我的桀骜 ",
            "time": "19-6-15 15:31"
        }
    ]
}