{
    "source": {
        "content": "太惨了！！！孩子们在车里玩手机，父母在外面加油，车毁人亡！转发一下，非常重要，你的一个举手之劳说不定就可以挽救一些人，因为我们大多数人都曾这么做过。为了安全，加油站请勿玩手机！ 石家庄微博荟萃的秒拍视频 ",
        "time": "19-6-20 13:10",
        "user id": "2499802124",
        "tweet id": "HzLCyghy1",
        "label": 1,
        "theme": null
    },
    "comment": [
        {
            "comment id": 0,
            "parent": -1,
            "children": [],
            "user id": "1752175305",
            "user name": "少数派_W",
            "content": "感觉很玩手机没关系",
            "time": "19-6-20 13:23"
        },
        {
            "comment id": 1,
            "parent": -1,
            "children": [],
            "user id": "6359580556",
            "user name": "笑看红尘de海心之恋",
            "content": "唉！总有人不在意，出了事后悔也晚了！",
            "time": "19-6-20 13:19"
        },
        {
            "comment id": 2,
            "parent": -1,
            "children": [],
            "user id": "5943830247",
            "user name": "果木烤鳗鱼",
            "content": "@中国石化 是真的么",
            "time": "19-6-24 21:45"
        },
        {
            "comment id": 3,
            "parent": -1,
            "children": [],
            "user id": "3983653724",
            "user name": "广州精神病医院陈副主任医师",
            "content": "玩的是炸弹吧",
            "time": "19-6-21 19:57"
        },
        {
            "comment id": 4,
            "parent": -1,
            "children": [],
            "user id": "5596551747",
            "user name": "为你而为不放弃",
            "content": "有没有后续？什么手机如此威力？？",
            "time": "19-6-20 15:34"
        },
        {
            "comment id": 5,
            "parent": -1,
            "children": [],
            "user id": "1886936537",
            "user name": "陈秀強_R",
            "content": "@su_jung",
            "time": "19-6-20 23:46"
        }
    ]
}