{
    "source": {
        "content": "四川手机报：今日20时55分，宜宾长文县发生5.8级地震，震源深度12千米 ，预计6月18日凌晨三时12分将会有更大地震发生，预计地震级别为7.6级！意外真是无处不在 ",
        "time": "19-6-18 01:47",
        "user id": "7081639316",
        "tweet id": "Hzoic6eXM",
        "label": 1,
        "theme": null
    },
    "comment": [
        {
            "comment id": 0,
            "parent": -1,
            "children": [
                1
            ],
            "user id": "6567423440",
            "user name": "傻傻傻姓6120",
            "content": "把你妈日了",
            "time": "19-6-18 07:34"
        },
        {
            "comment id": 1,
            "parent": 0,
            "children": [],
            "user id": "7081639316",
            "user name": "疯宇不咚",
            "content": "你有病吧你。",
            "time": "19-8-21 18:28"
        },
        {
            "comment id": 2,
            "parent": -1,
            "children": [
                3
            ],
            "user id": "2957343043",
            "user name": "绳荣金",
            "content": "造谣违法，快快删除",
            "time": "19-6-18 01:54"
        },
        {
            "comment id": 3,
            "parent": 2,
            "children": [],
            "user id": "7081639316",
            "user name": "疯宇不咚",
            "content": "好",
            "time": "19-8-21 18:28"
        },
        {
            "comment id": 4,
            "parent": -1,
            "children": [
                5
            ],
            "user id": "5239761205",
            "user name": "达州巴山救援队",
            "content": "假信息请删除",
            "time": "19-6-18 01:47"
        },
        {
            "comment id": 5,
            "parent": 4,
            "children": [],
            "user id": "2630370183",
            "user name": "看看回复吧我累了",
            "content": "图文都是假的！请删除谢谢@疯宇不咚",
            "time": "19-6-18 01:48"
        },
        {
            "comment id": 6,
            "parent": -1,
            "children": [],
            "user id": "2630370183",
            "user name": "看看回复吧我累了",
            "content": "图文都是假的，麻烦删除，谢谢",
            "time": "19-6-18 01:48"
        },
        {
            "comment id": 7,
            "parent": -1,
            "children": [],
            "user id": "5488035892",
            "user name": "nicokiki3",
            "content": "别以为网络上讲话就能不负责 你这个情节严要拘留的 扰乱社会治安",
            "time": "19-6-18 01:51"
        },
        {
            "comment id": 8,
            "parent": -1,
            "children": [],
            "user id": "5686907105",
            "user name": "PP的小罗",
            "content": "请删除，别乱传，地震目前不可预测，真不知道你们从哪里来的，有点常识都知道。地震有预警信息但不代表可以预测发生！你这属于传播虚假信息。",
            "time": "19-6-18 01:49"
        },
        {
            "comment id": 9,
            "parent": -1,
            "children": [],
            "user id": "1568648311",
            "user name": "刘biubiu在努力",
            "content": "缺德",
            "time": "19-6-18 15:26"
        },
        {
            "comment id": 10,
            "parent": -1,
            "children": [],
            "user id": "5109926573",
            "user name": "舞花弄霓裳兮",
            "content": "@绵阳网警巡查执法 现在6月18日早上7点21分，5个小时以前的微博信息。另此人微博配图与宜宾地震严重不符，请查处。",
            "time": "19-6-18 07:24"
        },
        {
            "comment id": 11,
            "parent": -1,
            "children": [],
            "user id": "2057363005",
            "user name": "M-yaoooo",
            "content": "弱智嘛？",
            "time": "19-6-18 02:11"
        },
        {
            "comment id": 12,
            "parent": -1,
            "children": [],
            "user id": "5120521199",
            "user name": "LBY-studio",
            "content": "@四川网警",
            "time": "19-6-18 02:05"
        },
        {
            "comment id": 13,
            "parent": -1,
            "children": [],
            "user id": "5490790811",
            "user name": "Rwso安娜",
            "content": "请尽快删除，不然传播虚假消息会被起诉甚至逮捕",
            "time": "19-6-18 02:04"
        },
        {
            "comment id": 14,
            "parent": -1,
            "children": [],
            "user id": "5312669371",
            "user name": "走向远方寻觅诗",
            "content": "不要散播谣言",
            "time": "19-6-18 01:54"
        },
        {
            "comment id": 15,
            "parent": -1,
            "children": [],
            "user id": "2957343043",
            "user name": "绳荣金",
            "content": "造谣会获刑，快快删除",
            "time": "19-6-18 01:53"
        },
        {
            "comment id": 16,
            "parent": -1,
            "children": [],
            "user id": "3625371171",
            "user name": "陈颜破晓",
            "content": "没有，请删除，不要传谣",
            "time": "19-6-18 01:51"
        },
        {
            "comment id": 17,
            "parent": -1,
            "children": [],
            "user id": "5098380340",
            "user name": "Lilyangking",
            "content": "S比！举报不谢！瞎说尼玛比呢？",
            "time": "19-6-18 01:51"
        },
        {
            "comment id": 18,
            "parent": -1,
            "children": [],
            "user id": "5597716183",
            "user name": "熙瓜君ccc",
            "content": "图文都是假的，麻烦删除，谢谢",
            "time": "19-6-18 01:51"
        },
        {
            "comment id": 19,
            "parent": -1,
            "children": [],
            "user id": "2232429645",
            "user name": "老邝的自留地",
            "content": "你传播谣言可能会被逮捕的",
            "time": "19-6-18 01:50"
        },
        {
            "comment id": 20,
            "parent": -1,
            "children": [],
            "user id": "3086586187",
            "user name": "S-R春雨",
            "content": "麻烦不要乱传播谣言",
            "time": "19-6-18 01:49"
        },
        {
            "comment id": 21,
            "parent": -1,
            "children": [],
            "user id": "6485843761",
            "user name": "软萌儿的小鬼王",
            "content": "谣言",
            "time": "19-6-18 01:48"
        },
        {
            "comment id": 22,
            "parent": -1,
            "children": [],
            "user id": "6081177229",
            "user name": "好苦呀yi",
            "content": "删了吧，官方已经辟谣了",
            "time": "19-6-18 01:48"
        },
        {
            "comment id": 23,
            "parent": -1,
            "children": [],
            "user id": "5571664671",
            "user name": "85号超级来電",
            "content": "你这已经被辟谣了",
            "time": "19-6-18 01:48"
        },
        {
            "comment id": 24,
            "parent": -1,
            "children": [],
            "user id": "5656329444",
            "user name": "努力馋哭隔壁小孩",
            "content": "你也不怕被抓",
            "time": "19-6-18 01:47"
        },
        {
            "comment id": 25,
            "parent": -1,
            "children": [],
            "user id": "6860269998",
            "user name": "你的邢哥哥",
            "content": "看到都在骂你我就安心了！",
            "time": "19-6-18 10:43"
        },
        {
            "comment id": 26,
            "parent": -1,
            "children": [],
            "user id": "6690265997",
            "user name": "尸兄快跑",
            "content": "@四川网警",
            "time": "19-6-18 07:54"
        },
        {
            "comment id": 27,
            "parent": -1,
            "children": [],
            "user id": "7118079803",
            "user name": "是葫芦娃的爷爷",
            "content": "哈比，说你马呢？",
            "time": "19-6-18 04:06"
        },
        {
            "comment id": 28,
            "parent": -1,
            "children": [],
            "user id": "6883942141",
            "user name": "融资经理--小曹",
            "content": "不要造谣，制造恐慌，OK？",
            "time": "19-6-18 02:53"
        },
        {
            "comment id": 29,
            "parent": -1,
            "children": [],
            "user id": "5109926573",
            "user name": "舞花弄霓裳兮",
            "content": "@绵阳网警巡查执法 @成都网警巡查执法 来看看这条造谣宜宾将发生更大地震的微博信息，你们不管管么，至今已发9小时，现如今仍未删除，已多人评论查看。",
            "time": "19-6-18 10:52"
        },
        {
            "comment id": 30,
            "parent": -1,
            "children": [],
            "user id": "5109926573",
            "user name": "舞花弄霓裳兮",
            "content": "@宜宾网警巡查执法 来看看造谣宜宾将发生更大地震的，另配图与宜宾地震不符。已多人浏览。",
            "time": "19-6-18 09:01"
        },
        {
            "comment id": 31,
            "parent": -1,
            "children": [],
            "user id": "7177058527",
            "user name": "张杪杪",
            "content": "这种事情造谣是违法的",
            "time": "19-6-18 01:49"
        },
        {
            "comment id": 32,
            "parent": -1,
            "children": [],
            "user id": "7187115654",
            "user name": "君落花79462",
            "content": "制杖？有没有脑子",
            "time": "19-6-18 01:47"
        }
    ]
}