{
    "source": {
        "content": "#宜宾长宁6级地震#正蹲马桶上，地震发生了……  丽江洛洛的秒拍视频 ",
        "time": "19-6-18 08:37",
        "user id": "1684190853",
        "tweet id": "HzqYMszna",
        "label": 1,
        "theme": null
    },
    "comment": [
        {
            "comment id": 0,
            "parent": -1,
            "children": [
                1,
                2
            ],
            "user id": "2526698287",
            "user name": "能不能让我好好的起个名字",
            "content": "虽然很惨但我还是忍不住笑了",
            "time": "19-6-18 19:49"
        },
        {
            "comment id": 1,
            "parent": 0,
            "children": [],
            "user id": "1684190853",
            "user name": "丽江洛洛",
            "content": "回复@白咲花_喵:",
            "time": "19-6-19 08:12"
        },
        {
            "comment id": 2,
            "parent": 0,
            "children": [],
            "user id": "1684190853",
            "user name": "丽江洛洛",
            "content": "",
            "time": "19-6-18 20:11"
        },
        {
            "comment id": 3,
            "parent": -1,
            "children": [
                4
            ],
            "user id": "6070641525",
            "user name": "杨潼潼",
            "content": "@北京村干部 来看看",
            "time": "19-6-18 12:42"
        },
        {
            "comment id": 4,
            "parent": 3,
            "children": [],
            "user id": "1684190853",
            "user name": "丽江洛洛",
            "content": "[笑而不語]",
            "time": "19-6-18 12:44"
        },
        {
            "comment id": 5,
            "parent": -1,
            "children": [
                6
            ],
            "user id": "5383042674",
            "user name": "倾沫moo",
            "content": "真假的",
            "time": "19-6-18 08:44"
        },
        {
            "comment id": 6,
            "parent": 5,
            "children": [],
            "user id": "1684190853",
            "user name": "丽江洛洛",
            "content": "主角不是我，事情是真的。",
            "time": "19-6-18 08:44"
        },
        {
            "comment id": 7,
            "parent": -1,
            "children": [
                8
            ],
            "user id": "6198946885",
            "user name": "超级演说家里",
            "content": "笑死我了",
            "time": "19-6-18 19:23"
        },
        {
            "comment id": 8,
            "parent": 7,
            "children": [],
            "user id": "1684190853",
            "user name": "丽江洛洛",
            "content": "",
            "time": "19-6-18 19:32"
        },
        {
            "comment id": 9,
            "parent": -1,
            "children": [
                10
            ],
            "user id": "3633370362",
            "user name": "嶋与女",
            "content": "我觉得。先擦屁股吧",
            "time": "19-6-18 10:44"
        },
        {
            "comment id": 10,
            "parent": 9,
            "children": [],
            "user id": "1684190853",
            "user name": "丽江洛洛",
            "content": "",
            "time": "19-6-18 11:39"
        },
        {
            "comment id": 11,
            "parent": -1,
            "children": [
                12
            ],
            "user id": "2096544022",
            "user name": "键盘狭",
            "content": "老视频了",
            "time": "19-6-18 08:59"
        },
        {
            "comment id": 12,
            "parent": 11,
            "children": [],
            "user id": "1684190853",
            "user name": "丽江洛洛",
            "content": "",
            "time": "19-6-18 11:39"
        },
        {
            "comment id": 13,
            "parent": -1,
            "children": [
                14
            ],
            "user id": "6578199564",
            "user name": "情感挽回_咨询导师",
            "content": "学我，忙里偷闲来看你，你一定能成大事哦",
            "time": "19-6-18 11:14"
        },
        {
            "comment id": 14,
            "parent": 13,
            "children": [],
            "user id": "1684190853",
            "user name": "丽江洛洛",
            "content": "",
            "time": "19-6-18 11:39"
        },
        {
            "comment id": 15,
            "parent": -1,
            "children": [
                16
            ],
            "user id": "6983649069",
            "user name": "沐雪23868",
            "content": "先把厕所蹲完",
            "time": "19-6-18 16:21"
        },
        {
            "comment id": 16,
            "parent": 15,
            "children": [],
            "user id": "1684190853",
            "user name": "丽江洛洛",
            "content": "",
            "time": "19-6-18 17:55"
        },
        {
            "comment id": 17,
            "parent": -1,
            "children": [],
            "user id": "3142341515",
            "user name": "尹露涵",
            "content": "支持",
            "time": "19-6-18 17:12"
        },
        {
            "comment id": 18,
            "parent": -1,
            "children": [],
            "user id": "3779568353",
            "user name": "搞笑村干部",
            "content": "玩微博一定要开心",
            "time": "19-6-18 14:53"
        },
        {
            "comment id": 19,
            "parent": -1,
            "children": [],
            "user id": "6181622350",
            "user name": "周末闲散人",
            "content": "不幸中之大幸，你还有无尽生命之源",
            "time": "19-6-30 21:16"
        },
        {
            "comment id": 20,
            "parent": -1,
            "children": [],
            "user id": "2025249997",
            "user name": "小马lllwenyao",
            "content": "@蒋晓林是万能的邪恶外星人Alien",
            "time": "19-6-25 21:49"
        },
        {
            "comment id": 21,
            "parent": -1,
            "children": [],
            "user id": "5939066125",
            "user name": "-今天陈晓瘦了么",
            "content": "哈哈😄 😄 😄😄😄😄😄😄",
            "time": "19-6-23 11:52"
        },
        {
            "comment id": 22,
            "parent": -1,
            "children": [],
            "user id": "5464824042",
            "user name": "性感渣妹",
            "content": "皮友！皮皮虾？",
            "time": "19-6-21 00:34"
        },
        {
            "comment id": 23,
            "parent": -1,
            "children": [],
            "user id": "3766687085",
            "user name": "夏诗年",
            "content": "我来互动了",
            "time": "19-6-19 11:02"
        },
        {
            "comment id": 24,
            "parent": -1,
            "children": [],
            "user id": "3815969784",
            "user name": "馨晓晓",
            "content": "[米奇比心][米奇比心][米奇比心]",
            "time": "19-6-19 09:46"
        },
        {
            "comment id": 25,
            "parent": -1,
            "children": [],
            "user id": "3779214097",
            "user name": "宫小魔",
            "content": "世界太大还是遇见了你",
            "time": "19-6-19 02:05"
        },
        {
            "comment id": 26,
            "parent": -1,
            "children": [],
            "user id": "3027572717",
            "user name": "Uncle一ZY",
            "content": "马桶不要冲，里面有水和食物，施救时间可能有点长，请保持体力耐心等待，祝平安",
            "time": "19-6-19 00:37"
        },
        {
            "comment id": 27,
            "parent": -1,
            "children": [],
            "user id": "3814884375",
            "user name": "王子璎",
            "content": "赞赞赞",
            "time": "19-6-18 17:35"
        },
        {
            "comment id": 28,
            "parent": -1,
            "children": [],
            "user id": "3815969784",
            "user name": "馨晓晓",
            "content": "[米奇比心][米奇比心][米奇比心]",
            "time": "19-6-18 17:34"
        },
        {
            "comment id": 29,
            "parent": -1,
            "children": [],
            "user id": "3780017433",
            "user name": "凌晓洛",
            "content": "",
            "time": "19-6-18 17:34"
        },
        {
            "comment id": 30,
            "parent": -1,
            "children": [],
            "user id": "1772240352",
            "user name": "自嗨顽童",
            "content": "这是我去年就看过",
            "time": "19-6-18 15:55"
        },
        {
            "comment id": 31,
            "parent": -1,
            "children": [],
            "user id": "6074086161",
            "user name": "释婷",
            "content": "打雷了，我先到你家支持，再躲雨。",
            "time": "19-6-18 12:07"
        },
        {
            "comment id": 32,
            "parent": -1,
            "children": [],
            "user id": "3809776356",
            "user name": "慕容丹",
            "content": "支持",
            "time": "19-6-18 10:49"
        },
        {
            "comment id": 33,
            "parent": -1,
            "children": [],
            "user id": "6166956935",
            "user name": "榕子轩",
            "content": "",
            "time": "19-6-18 09:51"
        },
        {
            "comment id": 34,
            "parent": -1,
            "children": [],
            "user id": "3780017433",
            "user name": "凌晓洛",
            "content": "",
            "time": "19-6-18 09:02"
        }
    ]
}