{
    "source": {
        "content": "实拍X大学向“国际学生”发放助学补贴半年/三万！领取人签名都不会～摁手印后拿钱扬长而去！😱令国民特别是辍学生情何以堪？！唉……苦😢啊  尉校八苑西的微博视频 ",
        "time": "19-8-1 17:30",
        "user id": "5670766551",
        "tweet id": "I0dOrr1hU",
        "label": 1,
        "theme": null
    },
    "comment": [
        {
            "comment id": 0,
            "parent": -1,
            "children": [
                2,
                7,
                8,
                10
            ],
            "user id": "3540942740",
            "user name": "牵着风筝流浪",
            "content": "扯犊子呢这是，你见过哪个大学财务穿成这样的。。。",
            "time": "19-8-1 23:09"
        },
        {
            "comment id": 1,
            "parent": 2,
            "children": [],
            "user id": "5883124645",
            "user name": "SOLVESU",
            "content": "回复@尉校八苑西:🙈hhh",
            "time": "19-8-4 11:57"
        },
        {
            "comment id": 2,
            "parent": 0,
            "children": [
                1
            ],
            "user id": "5670766551",
            "user name": "尉校八苑西",
            "content": "回复@走走之月:好吧！一发现该视频，直接就发出来了是我不对。但要说存心造谣，这个确非咱本意………感谢指出不足，以儆效尤。目前就这样了，气出不来，扛着。",
            "time": "19-8-4 11:51"
        },
        {
            "comment id": 3,
            "parent": 4,
            "children": [],
            "user id": "5883124645",
            "user name": "SOLVESU",
            "content": "回复@尉校八苑西:不实信息就是不实信息，承认很难吗，找七七八八的理由给自己开脱有意思吗，喷奇葩学校的留学生制度也要喷地光明正大，不能偷鸡摸狗地去黑知道吗",
            "time": "19-8-4 11:28"
        },
        {
            "comment id": 4,
            "parent": 5,
            "children": [
                3
            ],
            "user id": "5670766551",
            "user name": "尉校八苑西",
            "content": "回复@牵着风筝流浪:嗯，小朋友回家吧，外面很危险的呀。",
            "time": "19-8-3 22:47"
        },
        {
            "comment id": 5,
            "parent": 7,
            "children": [
                4
            ],
            "user id": "3540942740",
            "user name": "牵着风筝流浪",
            "content": "回复@尉校八苑西:没文化真可怕",
            "time": "19-8-3 18:56"
        },
        {
            "comment id": 6,
            "parent": 7,
            "children": [],
            "user id": "3540942740",
            "user name": "牵着风筝流浪",
            "content": "回复@尉校八苑西:可怕。",
            "time": "19-8-3 18:54"
        },
        {
            "comment id": 7,
            "parent": 0,
            "children": [
                5,
                6
            ],
            "user id": "5670766551",
            "user name": "尉校八苑西",
            "content": "举报的好啊！祝你成功，网上好多说这是真的！嗯，举报加油！这家伙，利比亚都被你发现了，厉害厉害！FBI啊，像大佬膜拜。加油加油加油",
            "time": "19-8-3 18:30"
        },
        {
            "comment id": 8,
            "parent": 0,
            "children": [],
            "user id": "5670766551",
            "user name": "尉校八苑西",
            "content": "清不清楚全国多少大学为了完成指令性指标，各种奇葩招外国学生！不论是几等大学，知道么？？？不知道就闭嘴。穿什么？中山服啊！西装革履穿龙袍啊！",
            "time": "19-8-3 18:26"
        },
        {
            "comment id": 9,
            "parent": 10,
            "children": [],
            "user id": "5670766551",
            "user name": "尉校八苑西",
            "content": "回复@牵着风筝流浪:举报的好啊！祝你成功，网上好多说这是真的！嗯，举报加油！这家伙，利比亚都被你发现了，厉害厉害！FBI啊，像大佬膜拜。",
            "time": "19-8-3 18:23"
        },
        {
            "comment id": 10,
            "parent": 0,
            "children": [
                9
            ],
            "user id": "3540942740",
            "user name": "牵着风筝流浪",
            "content": "举报了",
            "time": "19-8-1 23:09"
        },
        {
            "comment id": 11,
            "parent": -1,
            "children": [
                12
            ],
            "user id": "5622548826",
            "user name": "小狼狗川",
            "content": "瞎扯",
            "time": "19-8-1 22:58"
        },
        {
            "comment id": 12,
            "parent": 11,
            "children": [],
            "user id": "5670766551",
            "user name": "尉校八苑西",
            "content": "不了解情况，就闭嘴！在中国上了几年学，国语日常对话都做不到的洋垃圾，有的是！闭嘴吧啊！你是什么时候扯瞎的！！！",
            "time": "19-8-3 18:28"
        },
        {
            "comment id": 13,
            "parent": -1,
            "children": [
                16,
                18
            ],
            "user id": "5976063129",
            "user name": "春天里去流浪",
            "content": "我想知道这个钱某领导敢不敢贪污了",
            "time": "19-8-1 22:10"
        },
        {
            "comment id": 14,
            "parent": 16,
            "children": [],
            "user id": "5670766551",
            "user name": "尉校八苑西",
            "content": "回复@被风吹走的上官萝莉:脑子是个🧠好东西！",
            "time": "19-8-3 18:56"
        },
        {
            "comment id": 15,
            "parent": 16,
            "children": [],
            "user id": "5670766551",
            "user name": "尉校八苑西",
            "content": "回复@被风吹走的上官萝莉:加油一二加油一二加油一二，是不是发个视频上，写你是个SB，这证据就妥妥的，是不是啊？加油一二加油一二加油一二！！！",
            "time": "19-8-3 18:56"
        },
        {
            "comment id": 16,
            "parent": 13,
            "children": [
                14,
                15
            ],
            "user id": "6486623192",
            "user name": "被风吹走的上官萝莉",
            "content": "回复 @尉校八苑西:呵呵",
            "time": "19-8-3 18:44"
        },
        {
            "comment id": 17,
            "parent": 18,
            "children": [],
            "user id": "5670766551",
            "user name": "尉校八苑西",
            "content": "回复@被风吹走的上官萝莉:利比亚都被你发现了，厉害厉害！怎么不说是刚果呢？亦或是莫桑比克！？呵呵嘻嘻",
            "time": "19-8-3 18:29"
        },
        {
            "comment id": 18,
            "parent": 13,
            "children": [
                17
            ],
            "user id": "6486623192",
            "user name": "被风吹走的上官萝莉",
            "content": "这是利比亚某工厂发工资",
            "time": "19-8-2 14:52"
        },
        {
            "comment id": 19,
            "parent": -1,
            "children": [],
            "user id": "5670766551",
            "user name": "尉校八苑西",
            "content": "隔几天上一回微博，好新奇哦！利比亚被发现了！！！6啊！一句话，不清楚，闭嘴！虽然这不是我拍的，但好多人说这是真的！也确实各种大学都在招生。从服装看？穿圣衣啊，青铜还是黄金？？？特别是你丫几个WB骂我，滚你几个妈蛋！CNMB，世界很大也不是爷惯着你的理由！",
            "time": "19-8-3 18:43"
        },
        {
            "comment id": 20,
            "parent": -1,
            "children": [
                21
            ],
            "user id": "6701184040",
            "user name": "告辞别留步",
            "content": "敬告：不实视频处罚完了，官方处理咱服气！网络转发，非一心造谣，今后以此为戒，吸取教训。 警告：蹭热点，没完了？看不见到此为止？看不见官方主持正义了？视频失真，咱发了咱的错，但第一这不是咱拍的，更不是咱第一手上传网络的，在网上满大街，没看过？跑我这来，文革呀！？戴帽子呢？GD",
            "time": "19-8-5 19:57"
        },
        {
            "comment id": 21,
            "parent": 20,
            "children": [],
            "user id": "6701184040",
            "user name": "告辞别留步",
            "content": "在国内极其优待留学生这是事实吧！？学伴也配了，这是个别现象？不论成绩，按月领取高额补贴，这是谣言？查一查、看一看、了解了解，谢谢哈！在我这里戴帽子的，GD！还不懂，累了，慢走不送。",
            "time": "19-8-5 20:02"
        },
        {
            "comment id": 22,
            "parent": -1,
            "children": [
                23
            ],
            "user id": "5670766551",
            "user name": "尉校八苑西",
            "content": "呵呵哈哈，心情真好啊！加油举报，一二三四五！6666，世界真的很大，但也不是小爷惯着你的借口！！！！ ",
            "time": "19-8-3 20:28"
        },
        {
            "comment id": 23,
            "parent": 22,
            "children": [
                24
            ],
            "user id": "3875569439",
            "user name": "永夜极光美",
            "content": "传播谣言是违法的，人前怂如狗，网上吊炸天？真的网警叔叔找到你，不知道你还这么牛逼不",
            "time": "19-8-5 14:47"
        },
        {
            "comment id": 24,
            "parent": 23,
            "children": [],
            "user id": "6701184040",
            "user name": "告辞别留步",
            "content": "回复@永夜极光美:说了“视频网络转发，非一心造谣”，看不见？说了“网络有规矩，官方处罚服气”，你盲啊？视频已经处罚了，你那玻璃球啊？蹭热点呢？网警叔叔很辛苦的。太可怕了，我是中华人民共和国的守法公民，吓死我了，喝杯水压压惊。报告政府，在华留学生确实是不论成绩咋样，按月领补贴的，完毕。不懂，慢走。",
            "time": "19-8-5 20:04"
        }
    ]
}