{
    "source": {
        "content": "联合国总部搬迁中国正式启动：\n\n联合国西安总部工程进展概况 ：于2019年6月4曰在北京华侨大厦三楼会议室正式揭开围幕，由和平园公司主办的《联合国总部西安项目设计研讨会》上正式公布以下数字：\n 1、位置在西安城 秦岭以北地带。\n 2、总规划面积216平方公里。\n 3、拆迁总面积1700万平方米。\n 4、征地216平方公里。 \n5、总投资约26500亿人民币。\n 6、入住人口600万人口。\n 7、建设周期自2019年9月9日起六年完成。\n 8、其中有联合国总部大楼、世界银行总部大楼、维和部队总部大楼，高度为350米。\n 9、地下工程庞大，城市地面以上不走汽车。 \n10、全部采用新能源交通技术。\n 11、调水15亿立方米/年。 \n12、目前总规审查已获最高决策批准。（转） ",
        "time": "19-8-1 23:06",
        "user id": "5733413903",
        "tweet id": "I0g0Vtl7w",
        "label": 1,
        "theme": null
    },
    "comment": [
        {
            "comment id": 0,
            "parent": -1,
            "children": [],
            "user id": "5733413903",
            "user name": "明了41384",
            "content": "已經閱讀人次：    126",
            "time": "19-8-1 23:17"
        },
        {
            "comment id": 1,
            "parent": -1,
            "children": [],
            "user id": "5285698229",
            "user name": "小树阿桃",
            "content": "你吗死了傻狗",
            "time": "19-8-20 16:39"
        },
        {
            "comment id": 2,
            "parent": -1,
            "children": [],
            "user id": "2018840663",
            "user name": "阅微草堂",
            "content": "216平方公里",
            "time": "19-8-2 17:09"
        },
        {
            "comment id": 3,
            "parent": -1,
            "children": [],
            "user id": "2281344065",
            "user name": "素枢问",
            "content": "煞笔",
            "time": "19-8-2 08:39"
        },
        {
            "comment id": 4,
            "parent": -1,
            "children": [],
            "user id": "5733413903",
            "user name": "明了41384",
            "content": "原件鏈接：网页链接",
            "time": "19-8-1 23:20"
        }
    ]
}