{
    "source": {
        "content": "#台风眼##临海全市被淹#\n   \n      唐山气象台17时发布暴雨和大风黄色预警:受台风“利奇马”影响，10日夜间至12日，我市将有中雨转暴雨到大暴雨，偏北风内陆6-7级，沿海7-8级阵风10-11级，请防范。 华北理工大学大事件的微博视频 ",
        "time": "19-8-10 18:58",
        "user id": "5311097831",
        "tweet id": "I1BeShFSq",
        "label": 1,
        "theme": null
    },
    "comment": [
        {
            "comment id": 0,
            "parent": -1,
            "children": [],
            "user id": "1800228451",
            "user name": "我有一匹小粉马",
            "content": "@垚小烨同学",
            "time": "19-8-10 19:44"
        },
        {
            "comment id": 1,
            "parent": -1,
            "children": [],
            "user id": "1807073763",
            "user name": "翟呈呈",
            "content": "这是真的嘛",
            "time": "19-8-10 19:11"
        },
        {
            "comment id": 2,
            "parent": -1,
            "children": [],
            "user id": "3232704590",
            "user name": "Sagittariussa",
            "content": "@这个微博用户真好看啊",
            "time": "19-8-10 19:04"
        },
        {
            "comment id": 3,
            "parent": -1,
            "children": [],
            "user id": "5721651289",
            "user name": "海之月lunasea",
            "content": "😨害怕",
            "time": "19-8-10 19:04"
        },
        {
            "comment id": 4,
            "parent": -1,
            "children": [],
            "user id": "1764968200",
            "user name": "小麻雀爱蹦哒",
            "content": "转发微博",
            "time": "19-8-10 19:17"
        },
        {
            "comment id": 5,
            "parent": -1,
            "children": [],
            "user id": "5226087426",
            "user name": "能力者vs_615",
            "content": "真的假的",
            "time": "19-8-10 19:19"
        },
        {
            "comment id": 6,
            "parent": -1,
            "children": [],
            "user id": "6200261833",
            "user name": "青桔白团子",
            "content": "雷暴啊",
            "time": "19-8-10 19:15"
        },
        {
            "comment id": 7,
            "parent": -1,
            "children": [],
            "user id": "5769879861",
            "user name": "薄荷糖小仙男lqxyw",
            "content": "好像科幻大片啊，这么壮观",
            "time": "19-8-10 19:12"
        },
        {
            "comment id": 8,
            "parent": -1,
            "children": [],
            "user id": "5957921550",
            "user name": "迷梦smile",
            "content": "好可怕😨",
            "time": "19-8-10 19:12"
        },
        {
            "comment id": 9,
            "parent": -1,
            "children": [],
            "user id": "5967525236",
            "user name": "素女吃斋",
            "content": "和科幻片一样",
            "time": "19-8-10 19:11"
        },
        {
            "comment id": 10,
            "parent": -1,
            "children": [],
            "user id": "6741658800",
            "user name": "沁芯小可爱",
            "content": "@一根辣条切克闹",
            "time": "19-8-10 21:55"
        }
    ]
}