{
    "source": {
        "content": "#超强台风利奇马来了# 没事别出门，出门注意安全！ 网页链接 ",
        "time": "19-8-9 21:23",
        "user id": "1915596045",
        "tweet id": "I1sKW9ult",
        "label": 1,
        "theme": null
    },
    "comment": [
        {
            "comment id": 0,
            "parent": -1,
            "children": [
                1
            ],
            "user id": "1914597335",
            "user name": "嬷星人",
            "content": "我以为是我买的唯品会的东西被吹翻了",
            "time": "19-8-10 14:22"
        },
        {
            "comment id": 1,
            "parent": 0,
            "children": [],
            "user id": "1915596045",
            "user name": "龍D視界",
            "content": "顺~风走的快",
            "time": "19-8-10 16:54"
        },
        {
            "comment id": 2,
            "parent": -1,
            "children": [],
            "user id": "1915596045",
            "user name": "龍D視界",
            "content": "#超强台风利奇马来了# 可能要创63年来最强#台风# 记录！ 网页链接",
            "time": "19-8-10 06:35"
        },
        {
            "comment id": 3,
            "parent": -1,
            "children": [
                4
            ],
            "user id": "1249136457",
            "user name": "胆小鬼毛毛菜",
            "content": "辟谣：该卡车系2018年9月4日“飞燕”台风在日本吹翻在路上的卡车。",
            "time": "19-8-10 14:11"
        },
        {
            "comment id": 4,
            "parent": 3,
            "children": [],
            "user id": "1915596045",
            "user name": "龍D視界",
            "content": "",
            "time": "19-8-10 16:55"
        },
        {
            "comment id": 5,
            "parent": -1,
            "children": [],
            "user id": "6079071036",
            "user name": "惶恐的木鱼",
            "content": "放屁！这个视频在这次台风之前就有了！净胡咧咧",
            "time": "19-8-10 13:48"
        },
        {
            "comment id": 6,
            "parent": -1,
            "children": [],
            "user id": "2835346615",
            "user name": "tttttttfvvvvdja",
            "content": "海南，两广，福建人员表示小场面啦",
            "time": "19-8-10 13:59"
        },
        {
            "comment id": 7,
            "parent": -1,
            "children": [],
            "user id": "1933218835",
            "user name": "霹雳陈贝奇",
            "content": "@Foolfrankdude",
            "time": "19-8-10 09:30"
        }
    ]
}