{
    "source": {
        "content": "外卖小哥路边救人，救人后结果自己的车子被偷走，小哥说：不后悔，一个人，一个车，谁更重要。 ",
        "time": "19-8-14 23:54",
        "user id": "6301688124",
        "tweet id": "I2eSQmY3d",
        "label": 1,
        "theme": null
    },
    "comment": [
        {
            "comment id": 0,
            "parent": -1,
            "children": [],
            "user id": "7096308259",
            "user name": "匕靈匕",
            "content": "偷一个善良的男青年，一位救人的英雄的车真的这种人警察不管吗",
            "time": "19-8-15 23:56"
        },
        {
            "comment id": 1,
            "parent": -1,
            "children": [],
            "user id": "7096308259",
            "user name": "匕靈匕",
            "content": "希望警方能把这位英雄的车找到",
            "time": "19-8-15 23:55"
        },
        {
            "comment id": 2,
            "parent": -1,
            "children": [],
            "user id": "7096308259",
            "user name": "匕靈匕",
            "content": "这个小偷还是个人吗？",
            "time": "19-8-15 23:54"
        },
        {
            "comment id": 3,
            "parent": -1,
            "children": [],
            "user id": "5232478234",
            "user name": "banana庄庄",
            "content": "正能量",
            "time": "19-8-15 23:35"
        },
        {
            "comment id": 4,
            "parent": -1,
            "children": [],
            "user id": "5261804174",
            "user name": "一人两袖清风哟",
            "content": "我也愿意救",
            "time": "19-8-15 12:21"
        },
        {
            "comment id": 5,
            "parent": -1,
            "children": [],
            "user id": "6266498412",
            "user name": "夜幕升明月",
            "content": "@饿了么 怎么也是个正面宣传，总部帮小哥免费换个新车顺便发点奖金吧，感谢了，鼓励一下社会风气，让好人有好报。",
            "time": "19-8-15 19:11"
        },
        {
            "comment id": 6,
            "parent": -1,
            "children": [],
            "user id": "2954087461",
            "user name": "晓雨真伟大",
            "content": "小哥好伟大，当地警察帮他找找吧！",
            "time": "19-8-15 18:39"
        },
        {
            "comment id": 7,
            "parent": -1,
            "children": [],
            "user id": "5935295405",
            "user name": "赵吴周",
            "content": "当地公安局不替他好好找找车子吗？车主万一是日本人呢",
            "time": "19-8-15 17:16"
        },
        {
            "comment id": 8,
            "parent": -1,
            "children": [],
            "user id": "5851872527",
            "user name": "科技学院",
            "content": "一个人一个车 那个最重要！",
            "time": "19-8-15 13:55"
        },
        {
            "comment id": 9,
            "parent": -1,
            "children": [],
            "user id": "6354394813",
            "user name": "大侠疯清扬",
            "content": "饿了么开始公关了吗",
            "time": "19-8-15 14:15"
        }
    ]
}