{
    "source": {
        "content": "二战期间一位美国记者拦住一名奔赴前线的士兵。\n记者问：你多大？军人说：16岁。\n问：你想你的家人吗？答：他们已经死了。\n问：你觉得中国能胜利吗？答：中国一定会胜利的！\n问：当中国胜利之后，你准备干什么？娶妻生子吗？军人笑了笑：那个时候我已经战死沙场！\n1945年8月15日日本宣布投降。 ",
        "time": "19-8-20 09:01",
        "user id": "1841515721",
        "tweet id": "I33Bgejkg",
        "label": 1,
        "theme": null
    },
    "comment": [
        {
            "comment id": 0,
            "parent": -1,
            "children": [
                1
            ],
            "user id": "6239682521",
            "user name": "沙雕网友1号代表",
            "content": "20岁的我感到很羞愧，我不知道自己能为祖国做什么，感觉自己很没用。",
            "time": "19-8-20 09:14"
        },
        {
            "comment id": 1,
            "parent": 0,
            "children": [],
            "user id": "1762327377",
            "user name": "你不知道的夏天我在热爱生活",
            "content": "那就做好自己，做一个善良、上进的人",
            "time": "19-8-20 11:46"
        },
        {
            "comment id": 2,
            "parent": -1,
            "children": [],
            "user id": "1442102612",
            "user name": "甫子的微博",
            "content": "真汉子",
            "time": "19-8-20 10:12"
        },
        {
            "comment id": 3,
            "parent": -1,
            "children": [
                4
            ],
            "user id": "3636659241",
            "user name": "心简如梦",
            "content": "目测是个机枪手",
            "time": "19-8-20 11:46"
        },
        {
            "comment id": 4,
            "parent": 3,
            "children": [],
            "user id": "5165404968",
            "user name": "恍若昨734215",
            "content": "应该是步枪弹，五发一夹。",
            "time": "19-8-22 18:32"
        },
        {
            "comment id": 5,
            "parent": -1,
            "children": [],
            "user id": "5769799432",
            "user name": "iLeonyy",
            "content": "",
            "time": "19-8-20 11:19"
        },
        {
            "comment id": 6,
            "parent": -1,
            "children": [],
            "user id": "1778398193",
            "user name": "翩然一只云中贺",
            "content": "最近正在看《特赦1959》",
            "time": "19-8-20 10:52"
        },
        {
            "comment id": 7,
            "parent": -1,
            "children": [],
            "user id": "6557862913",
            "user name": "龙腾羽上无越也",
            "content": "犯吾大汉者虽远必诛",
            "time": "19-8-20 09:58"
        },
        {
            "comment id": 8,
            "parent": -1,
            "children": [],
            "user id": "6668652322",
            "user name": "曦日清和",
            "content": "只可惜自己生不逢时",
            "time": "19-8-20 09:15"
        },
        {
            "comment id": 9,
            "parent": -1,
            "children": [],
            "user id": "5165404968",
            "user name": "恍若昨734215",
            "content": "确实，他们为了这个国家付出了很多很多及生命，却毁于上层统治者的腐败与无能。",
            "time": "19-8-22 18:30"
        },
        {
            "comment id": 10,
            "parent": -1,
            "children": [],
            "user id": "5688255646",
            "user name": "站着儿说话腰疼",
            "content": "我们现在的生活是他们用生命换来的。",
            "time": "19-8-20 11:35"
        },
        {
            "comment id": 11,
            "parent": -1,
            "children": [],
            "user id": "7189214960",
            "user name": "Acorn201906",
            "content": "好多子弹",
            "time": "19-8-20 09:12"
        }
    ]
}