{
    "source": {
        "content": "南京美龄宫的最美项链，据说是蒋介石给宋美龄生生世世的承诺。 ",
        "time": "19-8-24 17:13",
        "user id": "3237100252",
        "tweet id": "I3Ix6trFz",
        "label": 1,
        "theme": null
    },
    "comment": [
        {
            "comment id": 0,
            "parent": -1,
            "children": [],
            "user id": "3038685860",
            "user name": "tanzhangjiao_3663a9",
            "content": "庐山也有美玲林，超级浪漫",
            "time": "19-8-25 07:33"
        },
        {
            "comment id": 1,
            "parent": -1,
            "children": [],
            "user id": "5532882714",
            "user name": "王源和2857根小卷",
            "content": "转发",
            "time": "19-8-25 04:56"
        },
        {
            "comment id": 2,
            "parent": -1,
            "children": [],
            "user id": "3136053303",
            "user name": "君必强印度神油初心家族青",
            "content": "一份深沉的爱",
            "time": "19-8-25 03:56"
        },
        {
            "comment id": 3,
            "parent": -1,
            "children": [],
            "user id": "5165901207",
            "user name": "志华数码通",
            "content": "这么浪漫啊",
            "time": "19-8-25 02:36"
        },
        {
            "comment id": 4,
            "parent": -1,
            "children": [],
            "user id": "2182993247",
            "user name": "茫茫无岸_可回头",
            "content": "生生世世",
            "time": "19-8-25 01:55"
        },
        {
            "comment id": 5,
            "parent": -1,
            "children": [],
            "user id": "3267789972",
            "user name": "HEHE2005的地",
            "content": "我想一路是你，只是你",
            "time": "19-8-25 01:25"
        },
        {
            "comment id": 6,
            "parent": -1,
            "children": [],
            "user id": "5741551363",
            "user name": "000000000黼国黻",
            "content": "去看嚒",
            "time": "19-8-25 00:25"
        },
        {
            "comment id": 7,
            "parent": -1,
            "children": [],
            "user id": "3899095901",
            "user name": "白肖也能被占",
            "content": "可谓民贼。",
            "time": "19-8-24 22:54"
        },
        {
            "comment id": 8,
            "parent": -1,
            "children": [],
            "user id": "3822196751",
            "user name": "灿烂d强烈198",
            "content": "去中山陵的路上大朋友跟我讲述了一番历史",
            "time": "19-8-24 21:53"
        },
        {
            "comment id": 9,
            "parent": -1,
            "children": [],
            "user id": "3019811480",
            "user name": "FF-Saill",
            "content": "是好看",
            "time": "19-8-24 19:52"
        },
        {
            "comment id": 10,
            "parent": -1,
            "children": [],
            "user id": "2949101634",
            "user name": "11_1袆袆袆",
            "content": "让去旅游吗，对外开放吗",
            "time": "19-8-24 23:14"
        },
        {
            "comment id": 11,
            "parent": -1,
            "children": [],
            "user id": "2874606901",
            "user name": "青春储巛菲",
            "content": "小编你无脑么？",
            "time": "19-8-24 22:44"
        },
        {
            "comment id": 12,
            "parent": -1,
            "children": [],
            "user id": "3078763660",
            "user name": "轧片雄古",
            "content": "爱的见证！",
            "time": "19-8-24 21:33"
        },
        {
            "comment id": 13,
            "parent": -1,
            "children": [],
            "user id": "5484476898",
            "user name": "我开着拖拉机迎着幸福的到",
            "content": "辟谣多次",
            "time": "19-8-24 19:12"
        }
    ]
}