{
    "source": {
        "content": "外卖小哥路边救人，救人后结果自己的车子被偷走，小哥说：不后悔，一个人，一个车，谁更重要。 ",
        "time": "19-8-22 06:50",
        "user id": "5136485422",
        "tweet id": "I3lBeylx0",
        "label": 1,
        "theme": null
    },
    "comment": [
        {
            "comment id": 0,
            "parent": -1,
            "children": [
                1,
                2
            ],
            "user id": "5136485422",
            "user name": "搞笑大妹子",
            "content": "把键盘改为九键按9键七下！",
            "time": "19-8-22 06:50"
        },
        {
            "comment id": 1,
            "parent": 0,
            "children": [],
            "user id": "5745503203",
            "user name": "萌萌哒的一童",
            "content": "呜呜呜呜呜呜呜",
            "time": "19-8-24 07:47"
        },
        {
            "comment id": 2,
            "parent": 0,
            "children": [],
            "user id": "6028960402",
            "user name": "二哈在飞",
            "content": "？？？？？",
            "time": "19-8-22 12:34"
        },
        {
            "comment id": 3,
            "parent": -1,
            "children": [],
            "user id": "5266659917",
            "user name": "我却不要梨",
            "content": "这必须得奖励新车",
            "time": "19-8-22 07:08"
        },
        {
            "comment id": 4,
            "parent": -1,
            "children": [],
            "user id": "3182607634",
            "user name": "这个ID很硬气",
            "content": "这这才叫真的帅气",
            "time": "19-8-22 07:21"
        },
        {
            "comment id": 5,
            "parent": -1,
            "children": [],
            "user id": "5589768386",
            "user name": "曾逸海",
            "content": "偷车的可能也是急需交通工具去见他绝症的老妈最后一面",
            "time": "19-8-22 12:53"
        },
        {
            "comment id": 6,
            "parent": -1,
            "children": [],
            "user id": "3544274647",
            "user name": "末末你最棒",
            "content": "所以千万别催外卖小哥，他可能正在拯救地球。",
            "time": "19-8-22 07:31"
        },
        {
            "comment id": 7,
            "parent": -1,
            "children": [],
            "user id": "5836578330",
            "user name": "Joey_827",
            "content": "看上去就是个好孩子！",
            "time": "19-8-22 07:11"
        },
        {
            "comment id": 8,
            "parent": -1,
            "children": [],
            "user id": "6964676720",
            "user name": "福猴2019",
            "content": "放心，会有一辆更好的车给他，说不定还有一个美人呢。生活会给他回报的。",
            "time": "19-8-23 08:15"
        },
        {
            "comment id": 9,
            "parent": -1,
            "children": [],
            "user id": "2945996715",
            "user name": "宅里宅嘁",
            "content": "有点儿像印小天呢",
            "time": "19-8-22 22:25"
        },
        {
            "comment id": 10,
            "parent": -1,
            "children": [],
            "user id": "3238422530",
            "user name": "野潴佩奇_身上纹",
            "content": "他才是小鲜肉",
            "time": "19-8-22 13:10"
        },
        {
            "comment id": 11,
            "parent": -1,
            "children": [],
            "user id": "7231806448",
            "user name": "MingQin0804",
            "content": "为帅哥点赞",
            "time": "19-8-22 12:40"
        },
        {
            "comment id": 12,
            "parent": -1,
            "children": [],
            "user id": "6984536225",
            "user name": "可爱兮2019",
            "content": "值得尊敬",
            "time": "19-8-22 12:31"
        },
        {
            "comment id": 13,
            "parent": -1,
            "children": [],
            "user id": "6242668465",
            "user name": "别闹我没要",
            "content": "好像贾乃亮",
            "time": "19-8-22 07:44"
        },
        {
            "comment id": 14,
            "parent": -1,
            "children": [],
            "user id": "7003736050",
            "user name": "泽嘉敲可爱",
            "content": "牛🐮",
            "time": "19-8-22 07:42"
        }
    ]
}