{
    "source": {
        "content": "#郑州爆料# 重要通知：少数民族运动会期间，郑州所有物流停运，大家该屯东西的这两天赶紧！8月25号起快递停运！@郑州同城 ",
        "time": "19-8-22 15:40",
        "user id": "5185572214",
        "tweet id": "I3p4jwsfR",
        "label": 1,
        "theme": null
    },
    "comment": [
        {
            "comment id": 0,
            "parent": -1,
            "children": [
                1,
                2,
                3,
                6,
                8,
                9
            ],
            "user id": "5032947491",
            "user name": "整天回忆青春有啥用",
            "content": "  一个运动会  还把物流给停了",
            "time": "19-8-22 15:41"
        },
        {
            "comment id": 1,
            "parent": 0,
            "children": [],
            "user id": "1826297587",
            "user name": "lovelove小晶晶",
            "content": "物流的已经停了，通知说放假45天，不知道真的假的？",
            "time": "19-8-30 08:21"
        },
        {
            "comment id": 2,
            "parent": 0,
            "children": [],
            "user id": "6981221118",
            "user name": "我是姜姜诶",
            "content": "辟谣了 不停运",
            "time": "19-8-24 12:03"
        },
        {
            "comment id": 3,
            "parent": 0,
            "children": [],
            "user id": "7036618169",
            "user name": "汤圆想吃吗",
            "content": "早辟谣了，假的消息",
            "time": "19-8-23 10:29"
        },
        {
            "comment id": 4,
            "parent": 7,
            "children": [],
            "user id": "6409243792",
            "user name": "始于前夕",
            "content": "回复@整天回忆青春有啥用:估计是假的，我姐申通公司的，没有通知都",
            "time": "19-8-23 08:10"
        },
        {
            "comment id": 5,
            "parent": 9,
            "children": [],
            "user id": "5890396375",
            "user name": "洋气的皮卡丘",
            "content": "回复@魅丽郑州:请问消息核实了吗？",
            "time": "19-8-22 20:18"
        },
        {
            "comment id": 6,
            "parent": 0,
            "children": [],
            "user id": "5930713633",
            "user name": "清搭",
            "content": "问了中通官方说没有接到通知",
            "time": "19-8-22 19:33"
        },
        {
            "comment id": 7,
            "parent": 9,
            "children": [
                4
            ],
            "user id": "5032947491",
            "user name": "整天回忆青春有啥用",
            "content": "回复@魅丽郑州:",
            "time": "19-8-22 15:47"
        },
        {
            "comment id": 8,
            "parent": 0,
            "children": [],
            "user id": "5032947491",
            "user name": "整天回忆青春有啥用",
            "content": "回复@小腰精的唐长老:运动会和物流正常运行矛盾么？",
            "time": "19-8-22 15:46"
        },
        {
            "comment id": 9,
            "parent": 0,
            "children": [
                5,
                7
            ],
            "user id": "5185572214",
            "user name": "魅丽郑州",
            "content": "",
            "time": "19-8-22 15:43"
        },
        {
            "comment id": 10,
            "parent": -1,
            "children": [
                11,
                12,
                13,
                14
            ],
            "user id": "6359665060",
            "user name": "一缕独行的风",
            "content": "你哪来的消息啊？官方还没动静呢，你倒在这里传起来了！图片日期下面为什么没有颁发此通知的机构组织？这个图片空口无凭，你为什么还要发出来？",
            "time": "19-8-22 17:59"
        },
        {
            "comment id": 11,
            "parent": 10,
            "children": [],
            "user id": "5215633947",
            "user name": "苏颖浩183",
            "content": "回复@学法律小孩的爷爷:已经停了",
            "time": "19-9-10 23:39"
        },
        {
            "comment id": 12,
            "parent": 10,
            "children": [],
            "user id": "5364043474",
            "user name": "暖暖阳光懒懒爬上窗",
            "content": "回复@学法律小孩的爷爷:图片评论 查看图片",
            "time": "19-8-24 10:29"
        },
        {
            "comment id": 13,
            "parent": 10,
            "children": [],
            "user id": "3309724665",
            "user name": "七七戒戒",
            "content": "截图留证，看看要打谁的脸",
            "time": "19-8-23 09:40"
        },
        {
            "comment id": 14,
            "parent": 10,
            "children": [],
            "user id": "5184303822",
            "user name": "Mr赵仙人",
            "content": "政府盖章都没有",
            "time": "19-8-22 22:47"
        },
        {
            "comment id": 15,
            "parent": -1,
            "children": [
                16,
                17
            ],
            "user id": "5151408493",
            "user name": "你的小刘呀yyy",
            "content": "卧槽 都是开学季 学生不寄东西嘛！！！！",
            "time": "19-8-23 16:40"
        },
        {
            "comment id": 16,
            "parent": 15,
            "children": [],
            "user id": "5151408493",
            "user name": "你的小刘呀yyy",
            "content": "回复@young大仙儿:果然是代购搞出来的 真恶心",
            "time": "19-8-24 10:51"
        },
        {
            "comment id": 17,
            "parent": 15,
            "children": [],
            "user id": "5364043474",
            "user name": "暖暖阳光懒懒爬上窗",
            "content": "假的，辟谣了",
            "time": "19-8-24 10:27"
        },
        {
            "comment id": 18,
            "parent": -1,
            "children": [
                19
            ],
            "user id": "3929443373",
            "user name": "炸香芋",
            "content": "？？？？开学囤货被迫提前",
            "time": "19-8-22 15:48"
        },
        {
            "comment id": 19,
            "parent": 18,
            "children": [],
            "user id": "6354502283",
            "user name": "欢城_",
            "content": "+1",
            "time": "19-8-23 12:49"
        },
        {
            "comment id": 20,
            "parent": -1,
            "children": [],
            "user id": "2192271850",
            "user name": "富魄力软体家具",
            "content": "好多人都在传，估计只是商家的促销销售话术",
            "time": "19-8-22 16:26"
        },
        {
            "comment id": 21,
            "parent": -1,
            "children": [],
            "user id": "7201220200",
            "user name": "奶油uu-",
            "content": "确定吗？官方没通知啊…",
            "time": "19-8-23 12:23"
        },
        {
            "comment id": 22,
            "parent": -1,
            "children": [],
            "user id": "5931381404",
            "user name": "小歪全宇宙独一无二",
            "content": "韵达也说没有收到通知。。。",
            "time": "19-8-22 17:37"
        },
        {
            "comment id": 23,
            "parent": -1,
            "children": [],
            "user id": "1851499690",
            "user name": "china一匹骄傲马",
            "content": "网络不是法外之地 发布消息请核实",
            "time": "19-8-22 16:36"
        }
    ]
}