{
    "source": {
        "content": "外卖小哥路边救人，救人后结果自己的车子被偷走，小哥说：不后悔，一个人，一个车，谁更重要。 ",
        "time": "19-8-23 18:40",
        "user id": "5280953479",
        "tweet id": "I3zG1akUv",
        "label": 1,
        "theme": null
    },
    "comment": [
        {
            "comment id": 0,
            "parent": -1,
            "children": [],
            "user id": "5280953479",
            "user name": "笑尿蜀黍了",
            "content": "把键盘改为九键按9键七下！",
            "time": "19-8-23 18:40"
        },
        {
            "comment id": 1,
            "parent": -1,
            "children": [],
            "user id": "5687560803",
            "user name": "元気头铁少女",
            "content": "这种情况下偷车的更可恨",
            "time": "19-8-23 18:42"
        },
        {
            "comment id": 2,
            "parent": -1,
            "children": [],
            "user id": "2827868631",
            "user name": "蒋建强a",
            "content": "这饿了么外卖小哥人品   太欠了    好人一生平安",
            "time": "19-8-23 18:53"
        },
        {
            "comment id": 3,
            "parent": -1,
            "children": [],
            "user id": "1761293051",
            "user name": "呢呢影",
            "content": "偷车的看到了么，麻烦把车还给英雄吧。",
            "time": "19-8-23 18:42"
        },
        {
            "comment id": 4,
            "parent": -1,
            "children": [],
            "user id": "5172568850",
            "user name": "喜东东Oo_",
            "content": "这他妈偷车的真🐶啊， ",
            "time": "19-8-23 18:48"
        },
        {
            "comment id": 5,
            "parent": -1,
            "children": [],
            "user id": "6941617717",
            "user name": "月牙儿92744",
            "content": "偷车的人要背时 哼！",
            "time": "19-8-23 18:47"
        },
        {
            "comment id": 6,
            "parent": -1,
            "children": [],
            "user id": "2513937827",
            "user name": "-JDY-",
            "content": "外卖小哥  无所不能",
            "time": "19-8-24 03:55"
        },
        {
            "comment id": 7,
            "parent": -1,
            "children": [],
            "user id": "6611742236",
            "user name": "等不到的蹉跎",
            "content": "偷车的和晕倒的可别是一伙人才好",
            "time": "19-8-23 22:48"
        },
        {
            "comment id": 8,
            "parent": -1,
            "children": [],
            "user id": "3908162153",
            "user name": "让儿子成为富二代的李瑞祥",
            "content": "以后要是碰见偷车的先卸条腿再说",
            "time": "19-8-24 11:09"
        },
        {
            "comment id": 9,
            "parent": -1,
            "children": [],
            "user id": "6472206363",
            "user name": "Boiinblack",
            "content": "偷车的也不想想被人肉以后骂的多惨",
            "time": "19-8-24 08:39"
        },
        {
            "comment id": 10,
            "parent": -1,
            "children": [],
            "user id": "2974375643",
            "user name": "原来是你豆豆",
            "content": "同样是人，差距咋这么大？",
            "time": "19-8-23 19:20"
        },
        {
            "comment id": 11,
            "parent": -1,
            "children": [],
            "user id": "1726275727",
            "user name": "胖成篮球的胖子",
            "content": "为什么救人现场总有小偷出没",
            "time": "19-8-23 19:07"
        },
        {
            "comment id": 12,
            "parent": -1,
            "children": [],
            "user id": "1917653815",
            "user name": "金杯白刃",
            "content": "记者采访你想让他说什么？说后悔了？",
            "time": "19-8-24 10:32"
        },
        {
            "comment id": 13,
            "parent": -1,
            "children": [],
            "user id": "6358519078",
            "user name": "全球趣事百科",
            "content": "偷车的还是人吗？",
            "time": "19-8-23 18:56"
        }
    ]
}