{
    "source": {
        "content": "【侥幸酿大祸！自驾避暑途中被河水卷走】近日，重庆到利川避暑的自驾车不幸坠河。先车在小河沟陷得不深，有人建议车上人先下来，再用绳子牵上车，但车上人心存侥幸不予采纳。\n待周围人群找到绳子试图打捞车辆时，水势已不容控制，在一片惊呼声中车身随水流没入深水中…… 月亮湖视频的微博视频 ",
        "time": "19-8-26 18:45",
        "user id": "6078562289",
        "tweet id": "I41Zw68V8",
        "label": 1,
        "theme": null
    },
    "comment": [
        {
            "comment id": 0,
            "parent": -1,
            "children": [],
            "user id": "6437817448",
            "user name": "半隐的风筝",
            "content": "总觉得自己是老鹰，实际比柴鸡还柴",
            "time": "19-8-26 21:19"
        },
        {
            "comment id": 1,
            "parent": -1,
            "children": [],
            "user id": "3579190651",
            "user name": "云月无羁",
            "content": "错过一线生机，可惜了。",
            "time": "19-8-26 19:00"
        },
        {
            "comment id": 2,
            "parent": -1,
            "children": [],
            "user id": "1102739874",
            "user name": "我喜欢我的肚子",
            "content": "@舒傲寒---- 看完了看评论",
            "time": "19-8-27 06:15"
        },
        {
            "comment id": 3,
            "parent": -1,
            "children": [],
            "user id": "6227621719",
            "user name": "Mister-9527",
            "content": "车比命贵呗?",
            "time": "19-8-26 20:53"
        },
        {
            "comment id": 4,
            "parent": -1,
            "children": [],
            "user id": "5771700019",
            "user name": "壬白头",
            "content": "征服大自然",
            "time": "19-8-27 12:21"
        },
        {
            "comment id": 5,
            "parent": -1,
            "children": [],
            "user id": "1920819227",
            "user name": "mun慕寒",
            "content": "里面有人？",
            "time": "19-8-27 00:55"
        },
        {
            "comment id": 6,
            "parent": -1,
            "children": [],
            "user id": "6853429299",
            "user name": "呼和浩特市草原文化促进会",
            "content": "哎 悲剧",
            "time": "19-8-26 19:29"
        },
        {
            "comment id": 7,
            "parent": -1,
            "children": [],
            "user id": "5842115178",
            "user name": "鹏23679",
            "content": "欺山莫欺水",
            "time": "19-8-26 19:26"
        },
        {
            "comment id": 8,
            "parent": -1,
            "children": [],
            "user id": "6891899424",
            "user name": "杂坛小区",
            "content": "明明可以逃生，偏偏坐车上不下来，这到底怪谁呢",
            "time": "19-8-26 19:24"
        },
        {
            "comment id": 9,
            "parent": -1,
            "children": [],
            "user id": "3493435722",
            "user name": "没头脑和有高兴",
            "content": "活该",
            "time": "19-8-26 18:56"
        },
        {
            "comment id": 10,
            "parent": -1,
            "children": [],
            "user id": "5634320455",
            "user name": "阿son乐悠悠",
            "content": "没了人",
            "time": "19-8-26 18:52"
        },
        {
            "comment id": 11,
            "parent": -1,
            "children": [],
            "user id": "3820331197",
            "user name": "川美设计基础_王熙",
            "content": "你们这些渣渣  老子是硬派越野   硬……  咕咕咕咕",
            "time": "19-8-27 21:21"
        },
        {
            "comment id": 12,
            "parent": -1,
            "children": [],
            "user id": "1416677623",
            "user name": "余生爱骋",
            "content": "深刻的教训",
            "time": "19-8-26 19:59"
        },
        {
            "comment id": 13,
            "parent": -1,
            "children": [],
            "user id": "6352499961",
            "user name": "骑马老三",
            "content": "自找死",
            "time": "19-8-26 19:22"
        },
        {
            "comment id": 14,
            "parent": -1,
            "children": [
                15
            ],
            "user id": "1101158005",
            "user name": "风清清1101158005",
            "content": "太可惜了",
            "time": "19-8-26 19:10"
        },
        {
            "comment id": 15,
            "parent": 14,
            "children": [],
            "user id": "1416677623",
            "user name": "余生爱骋",
            "content": "是啊",
            "time": "19-8-26 19:58"
        }
    ]
}