{
    "source": {
        "content": "南京美龄宫的最美项链 据说是蒋介石给宋美龄生生世世的承诺。 ",
        "time": "19-8-30 11:02",
        "user id": "2393304071",
        "tweet id": "I4AFyvlhQ",
        "label": 1,
        "theme": null
    },
    "comment": [
        {
            "comment id": 0,
            "parent": -1,
            "children": [],
            "user id": "6120644074",
            "user name": "斑马还没睡醒",
            "content": "最后蒋介石还是离开了宋美龄",
            "time": "19-8-30 13:00"
        },
        {
            "comment id": 1,
            "parent": -1,
            "children": [],
            "user id": "2442942631",
            "user name": "Miss-Doraemon",
            "content": "真好",
            "time": "19-8-30 11:26"
        },
        {
            "comment id": 2,
            "parent": -1,
            "children": [],
            "user id": "5571898445",
            "user name": "名十名",
            "content": "",
            "time": "19-8-30 11:26"
        },
        {
            "comment id": 3,
            "parent": -1,
            "children": [],
            "user id": "1246294292",
            "user name": "别样花开",
            "content": "真美，景色美、画面美、情更美",
            "time": "19-8-30 11:35"
        },
        {
            "comment id": 4,
            "parent": -1,
            "children": [],
            "user id": "3561910532",
            "user name": "好橘难寻_",
            "content": "@沒事扯噗憨",
            "time": "19-8-30 12:28"
        },
        {
            "comment id": 5,
            "parent": -1,
            "children": [],
            "user id": "2230320231",
            "user name": "进击的桃李不言",
            "content": "我朋友圈背景照片",
            "time": "19-8-30 11:48"
        },
        {
            "comment id": 6,
            "parent": -1,
            "children": [],
            "user id": "6037256827",
            "user name": "风轻轻吹M10",
            "content": "是啊，爱美人胜过江山",
            "time": "19-8-30 11:41"
        },
        {
            "comment id": 7,
            "parent": -1,
            "children": [],
            "user id": "2807061244",
            "user name": "麦兜的梦想想",
            "content": "太美了，用自己的方式创造生生世世的爱，若你轮回转世，一定会找到当初相爱的地方",
            "time": "19-8-30 11:19"
        },
        {
            "comment id": 8,
            "parent": -1,
            "children": [],
            "user id": "5531690985",
            "user name": "湖边古月打官司",
            "content": "我听说过这是假的",
            "time": "19-8-30 13:07"
        },
        {
            "comment id": 9,
            "parent": -1,
            "children": [],
            "user id": "2308167692",
            "user name": "派克固美丽导热材料方案",
            "content": "只是个历史传说，微博那么较真干嘛，还禁言扣分的，传说本身就应该有些美好的寓意或意境",
            "time": "19-11-6 14:34"
        },
        {
            "comment id": 10,
            "parent": -1,
            "children": [],
            "user id": "1952818995",
            "user name": "一箫一剑忆江南",
            "content": "假的",
            "time": "19-9-4 22:29"
        },
        {
            "comment id": 11,
            "parent": -1,
            "children": [],
            "user id": "2320646055",
            "user name": "veggieNC",
            "content": "介兄夫君，美齡敬挽",
            "time": "19-9-4 02:11"
        },
        {
            "comment id": 12,
            "parent": -1,
            "children": [],
            "user id": "6674600943",
            "user name": "很保暖的秋衣",
            "content": "中间那栋别墅多少钱，最近做梦有点多想把它买了",
            "time": "19-9-3 13:44"
        },
        {
            "comment id": 13,
            "parent": -1,
            "children": [],
            "user id": "1173017221",
            "user name": "sjjsjj0613",
            "content": "转发微博",
            "time": "19-8-31 06:21"
        },
        {
            "comment id": 14,
            "parent": -1,
            "children": [],
            "user id": "5422416265",
            "user name": "巨浪-巨浪-不断增长",
            "content": "👴🏻 ",
            "time": "19-8-30 17:05"
        },
        {
            "comment id": 15,
            "parent": -1,
            "children": [],
            "user id": "2725246787",
            "user name": "Not丶Alone潘达",
            "content": "另一个贴子说，这不是蒋介石种的，你们打一架吧",
            "time": "19-8-30 16:39"
        },
        {
            "comment id": 16,
            "parent": -1,
            "children": [],
            "user id": "7279111123",
            "user name": "生病也不需要吃药",
            "content": "因为爱情",
            "time": "19-8-30 16:34"
        },
        {
            "comment id": 17,
            "parent": -1,
            "children": [],
            "user id": "3647950337",
            "user name": "时间旅行者2021",
            "content": "看来老将确实是疼媳妇，怕媳妇",
            "time": "19-8-30 12:52"
        },
        {
            "comment id": 18,
            "parent": -1,
            "children": [],
            "user id": "3036326113",
            "user name": "天地一刍狗hb522",
            "content": "建它的时候刚丢东北",
            "time": "19-8-30 12:13"
        },
        {
            "comment id": 19,
            "parent": -1,
            "children": [],
            "user id": "2629648291",
            "user name": "郑老四93",
            "content": "@土味少女_",
            "time": "19-8-30 11:24"
        }
    ]
}