{
    "source": {
        "content": "据网友说是重庆到利川避暑的自驾车，不知怎么的被困水里了。\n\n开始时在水里陷的不深，有人建议车上人先下来，再用绳子救车，但车上人不采纳。\n\n从找绳子到喊人过了相当一段时间，完全可以从车窗往外转移车内的人。\n\n由于车上人固执，导致错过救人关键时机，车慢慢移向深水中…… 网页链接 ",
        "time": "19-8-27 22:47",
        "user id": "1163390501",
        "tweet id": "I4d0466sy",
        "label": 1,
        "theme": null
    },
    "comment": [
        {
            "comment id": 0,
            "parent": -1,
            "children": [
                1,
                2
            ],
            "user id": "5693631824",
            "user name": "依然美美哒",
            "content": "舍命不舍财",
            "time": "19-8-27 22:50"
        },
        {
            "comment id": 1,
            "parent": 0,
            "children": [],
            "user id": "5266196944",
            "user name": "云淡风轻的你我",
            "content": "分不清孰轻孰重的人",
            "time": "19-8-28 07:22"
        },
        {
            "comment id": 2,
            "parent": 0,
            "children": [],
            "user id": "5276308566",
            "user name": "莉莉好想要",
            "content": "gege用力弄我",
            "time": "19-8-28 04:11"
        },
        {
            "comment id": 3,
            "parent": -1,
            "children": [],
            "user id": "2631860681",
            "user name": "小宇宙ECHOes",
            "content": "我就喜欢这种作死的人最后死了",
            "time": "19-8-27 23:00"
        },
        {
            "comment id": 4,
            "parent": -1,
            "children": [],
            "user id": "2722091601",
            "user name": "只要你幸福·蔷薇粉",
            "content": "人先出来再说呀着急",
            "time": "19-8-27 23:04"
        },
        {
            "comment id": 5,
            "parent": -1,
            "children": [
                8
            ],
            "user id": "1105257484",
            "user name": "微笑的蚂蚁927",
            "content": "特地去查了，17年的，救援绳断。8月30日下午，贵州水城县猴场水库下游打母河处发生一起多人溺水事故。 \" 据了解，因天气炎热当时几人在一辆七座越野车中歇凉，但水电站突然开闸放水，导致车内村民避让不及，发生了事故。\"调查初步确认溺亡者女性4人男性2人。",
            "time": "19-8-28 02:45"
        },
        {
            "comment id": 6,
            "parent": 8,
            "children": [],
            "user id": "6622738381",
            "user name": "一块酱骨的日常",
            "content": "回复@心碎苦咖啡只为伊人醉:下游全围起来？不然怎么通知两条腿的人？？？",
            "time": "19-8-28 15:21"
        },
        {
            "comment id": 7,
            "parent": 8,
            "children": [],
            "user id": "3660906207",
            "user name": "IG替补上单zheshy",
            "content": "回复@心碎苦咖啡只为伊人醉:你把车停在河道里面。。应该吗。。。",
            "time": "19-8-28 11:22"
        },
        {
            "comment id": 8,
            "parent": 5,
            "children": [
                6,
                7
            ],
            "user id": "3075139547",
            "user name": "心碎苦咖啡只为伊人醉",
            "content": "开闸放水不通知下游的最不要脸了，应该严惩",
            "time": "19-8-28 08:49"
        },
        {
            "comment id": 9,
            "parent": -1,
            "children": [],
            "user id": "5643542153",
            "user name": "好运相伴566",
            "content": "转发",
            "time": "19-8-27 22:49"
        },
        {
            "comment id": 10,
            "parent": -1,
            "children": [
                11
            ],
            "user id": "5925242720",
            "user name": "只要你幸福3呗祢寵壞",
            "content": "他们的口号是，车在人在，车毁人亡，悲哀呀！但愿车里的人一切安好。🙏🙏🙏",
            "time": "19-8-28 07:10"
        },
        {
            "comment id": 11,
            "parent": 10,
            "children": [],
            "user id": "1568799820",
            "user name": "蓝雪不是雪",
            "content": "人不在了车也还在的，泡水车修修还是可以开的，人没了就没了",
            "time": "19-8-28 09:09"
        },
        {
            "comment id": 12,
            "parent": -1,
            "children": [
                13
            ],
            "user id": "1878768775",
            "user name": "大有作为牛主任",
            "content": "中间那几秒为什么把镜头挪开了",
            "time": "19-8-27 23:16"
        },
        {
            "comment id": 13,
            "parent": 12,
            "children": [],
            "user id": "1667201303",
            "user name": "魏红兵在山城",
            "content": "吓着了，紧张",
            "time": "19-8-28 01:26"
        },
        {
            "comment id": 14,
            "parent": -1,
            "children": [
                15
            ],
            "user id": "3210902833",
            "user name": "优优熙31号",
            "content": "百度了一下是2017的旧闻，6人都死了。而且位置也不对，乱说地址可能算传播谣言哦😯",
            "time": "19-8-28 02:09"
        },
        {
            "comment id": 15,
            "parent": 14,
            "children": [
                16
            ],
            "user id": "1245439987",
            "user name": "表里如一的香菜",
            "content": "这车上坐6人别人还要拉吗",
            "time": "19-8-28 02:38"
        },
        {
            "comment id": 16,
            "parent": 15,
            "children": [],
            "user id": "5179699823",
            "user name": "lancey9月茉莉",
            "content": "回复@邝贤财:这是七人座的",
            "time": "19-8-28 06:23"
        },
        {
            "comment id": 17,
            "parent": -1,
            "children": [],
            "user id": "1724869827",
            "user name": "一起幸福遗失的美好1229",
            "content": "🙏🙏🙏🙏",
            "time": "19-8-27 23:00"
        },
        {
            "comment id": 18,
            "parent": -1,
            "children": [],
            "user id": "6069120960",
            "user name": "小西和朗",
            "content": "相信车的功能，相信自己的经验技术，可惜了",
            "time": "19-8-28 07:39"
        },
        {
            "comment id": 19,
            "parent": -1,
            "children": [],
            "user id": "6122493231",
            "user name": "清香百合53880",
            "content": "比命更重要的是钱",
            "time": "19-8-28 07:04"
        },
        {
            "comment id": 20,
            "parent": -1,
            "children": [],
            "user id": "7141283660",
            "user name": "正心以中123改名了",
            "content": "//@好好先生_199709:良言难劝该死鬼，慈悲不度自绝人",
            "time": "19-8-28 06:54"
        },
        {
            "comment id": 21,
            "parent": -1,
            "children": [],
            "user id": "2950487254",
            "user name": "淡淡的忧伤5208",
            "content": "不作不死",
            "time": "19-8-28 06:23"
        },
        {
            "comment id": 22,
            "parent": -1,
            "children": [],
            "user id": "5321728525",
            "user name": "王心悦雨指甲魔盒",
            "content": "唉",
            "time": "19-8-28 06:19"
        },
        {
            "comment id": 23,
            "parent": -1,
            "children": [],
            "user id": "7174713047",
            "user name": "明志38982",
            "content": "车里的人笨死了，车还是人命要紧呢？",
            "time": "19-8-28 06:18"
        },
        {
            "comment id": 24,
            "parent": -1,
            "children": [],
            "user id": "5178268085",
            "user name": "KUTAEAES",
            "content": "看着捉急",
            "time": "19-8-28 06:16"
        },
        {
            "comment id": 25,
            "parent": -1,
            "children": [],
            "user id": "1850150003",
            "user name": "我以后就是劫哥哥的人啦",
            "content": "活该淹死",
            "time": "19-8-28 03:12"
        },
        {
            "comment id": 26,
            "parent": -1,
            "children": [],
            "user id": "5348416673",
            "user name": "无良人品",
            "content": "带辆车  投胎可以跑得快",
            "time": "19-8-28 02:35"
        },
        {
            "comment id": 27,
            "parent": -1,
            "children": [],
            "user id": "5761765547",
            "user name": "花伦的小丸子呀",
            "content": "走的好",
            "time": "19-8-28 02:28"
        },
        {
            "comment id": 28,
            "parent": -1,
            "children": [],
            "user id": "1960494541",
            "user name": "东北崔崔崔",
            "content": "司机好像跑了",
            "time": "19-8-28 02:07"
        },
        {
            "comment id": 29,
            "parent": -1,
            "children": [],
            "user id": "2756627705",
            "user name": "徐佳汇2014",
            "content": "下辈子有车开了",
            "time": "19-8-28 02:06"
        },
        {
            "comment id": 30,
            "parent": -1,
            "children": [],
            "user id": "1840656040",
            "user name": "高胖妞1234",
            "content": "@Evywhere",
            "time": "19-8-28 01:38"
        },
        {
            "comment id": 31,
            "parent": -1,
            "children": [],
            "user id": "2808260071",
            "user name": "little阳阳",
            "content": "割在地板上了",
            "time": "19-8-28 00:37"
        },
        {
            "comment id": 32,
            "parent": -1,
            "children": [],
            "user id": "1959342703",
            "user name": "挖掘机的机",
            "content": "悲剧",
            "time": "19-8-27 23:37"
        },
        {
            "comment id": 33,
            "parent": -1,
            "children": [],
            "user id": "5641935057",
            "user name": "仙七岁i",
            "content": "",
            "time": "19-8-27 23:19"
        },
        {
            "comment id": 34,
            "parent": -1,
            "children": [],
            "user id": "1496989512",
            "user name": "卧龙水塘",
            "content": "凉爽！",
            "time": "19-8-27 23:04"
        },
        {
            "comment id": 35,
            "parent": -1,
            "children": [],
            "user id": "1584568424",
            "user name": "胡拍侠-乒乓第一视角",
            "content": "丰田普拉多",
            "time": "19-8-27 23:03"
        },
        {
            "comment id": 36,
            "parent": -1,
            "children": [],
            "user id": "1790126983",
            "user name": "万水泉人",
            "content": "估计大家不知道，其实这是一个潜水艇",
            "time": "19-8-27 23:00"
        },
        {
            "comment id": 37,
            "parent": -1,
            "children": [],
            "user id": "1496989512",
            "user name": "卧龙水塘",
            "content": "这车可以在水里行走，太好了！",
            "time": "19-8-27 22:57"
        },
        {
            "comment id": 38,
            "parent": -1,
            "children": [],
            "user id": "6039779270",
            "user name": "一夏清橙",
            "content": "应该是打不开车门了",
            "time": "19-8-28 06:20"
        },
        {
            "comment id": 39,
            "parent": -1,
            "children": [],
            "user id": "7072422728",
            "user name": "新石头大魔王",
            "content": "我倒觉得车里的人没那么傻。这个时候谁还爱财不爱命。可能巨大的水流车门推不开。第二车子进水可能电路故障玻璃窗也没办法打开。第三心里恐惧没有指挥逃生活活当误了班宝贵时间。",
            "time": "19-8-29 14:28"
        },
        {
            "comment id": 40,
            "parent": -1,
            "children": [],
            "user id": "6538306100",
            "user name": "Xbl夜枫",
            "content": "坐得都是傻子啊…",
            "time": "19-8-28 21:31"
        },
        {
            "comment id": 41,
            "parent": -1,
            "children": [],
            "user id": "5872798192",
            "user name": "名字已沦陷",
            "content": "敲了锣，响了鼓，黄泉路上斗地主！",
            "time": "19-8-28 12:15"
        },
        {
            "comment id": 42,
            "parent": -1,
            "children": [],
            "user id": "2895741587",
            "user name": "舒霓梦家居服",
            "content": "略略略",
            "time": "19-8-28 09:37"
        },
        {
            "comment id": 43,
            "parent": -1,
            "children": [],
            "user id": "6359669359",
            "user name": "痴情清清10",
            "content": "真是舍命不舍财，怎么想的啊",
            "time": "19-8-28 06:21"
        },
        {
            "comment id": 44,
            "parent": -1,
            "children": [],
            "user id": "6446930963",
            "user name": "恒泰2495",
            "content": "命最重要",
            "time": "19-8-28 06:13"
        },
        {
            "comment id": 45,
            "parent": -1,
            "children": [],
            "user id": "6017577987",
            "user name": "股海余生29596",
            "content": "不求同日生，只求同日死。好兄弟",
            "time": "19-8-28 06:06"
        },
        {
            "comment id": 46,
            "parent": -1,
            "children": [],
            "user id": "1167008464",
            "user name": "安全安全2011_139",
            "content": "多危险呀。",
            "time": "19-8-28 05:47"
        },
        {
            "comment id": 47,
            "parent": -1,
            "children": [],
            "user id": "3162831822",
            "user name": "abingesz",
            "content": "🙏",
            "time": "19-8-27 23:14"
        },
        {
            "comment id": 48,
            "parent": -1,
            "children": [],
            "user id": "7062812703",
            "user name": "文大拿775",
            "content": "又是一起人间悲剧，该割的时候必须割必须保证生存下来",
            "time": "19-8-27 22:55"
        },
        {
            "comment id": 49,
            "parent": -1,
            "children": [],
            "user id": "1867566530",
            "user name": "13238443851好友如茶",
            "content": "愣货",
            "time": "19-8-28 21:08"
        },
        {
            "comment id": 50,
            "parent": -1,
            "children": [],
            "user id": "1139795633",
            "user name": "设计师叶子",
            "content": "完了完了完了",
            "time": "19-8-28 16:09"
        },
        {
            "comment id": 51,
            "parent": -1,
            "children": [],
            "user id": "3034334610",
            "user name": "羽衣月",
            "content": "开局一张图，你当这里是微信朋友圈？",
            "time": "19-8-28 08:36"
        },
        {
            "comment id": 52,
            "parent": -1,
            "children": [],
            "user id": "6600767619",
            "user name": "152手机",
            "content": "考虑考虑",
            "time": "19-8-28 07:53"
        },
        {
            "comment id": 53,
            "parent": -1,
            "children": [],
            "user id": "6676154437",
            "user name": "美意富足15161443950全球购",
            "content": "人财两空，",
            "time": "19-8-28 06:56"
        },
        {
            "comment id": 54,
            "parent": -1,
            "children": [],
            "user id": "1438295640",
            "user name": "wilson88888",
            "content": "",
            "time": "19-8-28 06:54"
        },
        {
            "comment id": 55,
            "parent": -1,
            "children": [],
            "user id": "3366570962",
            "user name": "斗鬼_28150",
            "content": "与车同在",
            "time": "19-8-28 06:33"
        },
        {
            "comment id": 56,
            "parent": -1,
            "children": [],
            "user id": "6591605887",
            "user name": "立华199603",
            "content": "舍命不舍财",
            "time": "19-8-28 06:24"
        },
        {
            "comment id": 57,
            "parent": -1,
            "children": [],
            "user id": "1293785467",
            "user name": "老多事",
            "content": "人活着才是第一的，快跑吧。",
            "time": "19-8-28 01:44"
        },
        {
            "comment id": 58,
            "parent": -1,
            "children": [
                59
            ],
            "user id": "1065092482",
            "user name": "浩哲1106",
            "content": "眼特么瞎了，不都跑出来了吗",
            "time": "19-8-27 23:10"
        },
        {
            "comment id": 59,
            "parent": 58,
            "children": [],
            "user id": "3481038213",
            "user name": "贝尔圆西",
            "content": "一个都没跑出来 往岸边游的是救人的",
            "time": "19-8-28 02:27"
        },
        {
            "comment id": 60,
            "parent": -1,
            "children": [],
            "user id": "6347631897",
            "user name": "南阳居士八字论命",
            "content": "还是缺少安全意识，说白了就是头脑简单",
            "time": "19-8-27 23:08"
        }
    ]
}