{
    "source": {
        "content": "#深圳爆料# 8月28日，在广东深圳一购物中心，一个1岁多幼童突然遭受黑人暴力袭击，被踢倒在地！！！奶奶见状上前理论，又遭威胁，家属报警并发布视频网上追凶 网页链接 ",
        "time": "19-9-1 06:21",
        "user id": "6982536972",
        "tweet id": "I4RGthS2c",
        "label": 1,
        "theme": null
    },
    "comment": [
        {
            "comment id": 0,
            "parent": -1,
            "children": [
                1
            ],
            "user id": "6388362511",
            "user name": "雪的尽头是哨兵",
            "content": "根据时间点8月28号开学季，购物中心的黑人，非常可能是拿着奖学金的黑人留学生",
            "time": "19-9-1 06:32"
        },
        {
            "comment id": 1,
            "parent": 0,
            "children": [],
            "user id": "2790058451",
            "user name": "老腊友",
            "content": "山东大学的吧",
            "time": "19-9-1 23:44"
        },
        {
            "comment id": 2,
            "parent": -1,
            "children": [
                3
            ],
            "user id": "1008533545",
            "user name": "有种楚门的赶脚",
            "content": "这就是花钱请进来的黑大爷！！！",
            "time": "19-9-1 07:39"
        },
        {
            "comment id": 3,
            "parent": 2,
            "children": [],
            "user id": "3575197682",
            "user name": "Mr_Cheung先森",
            "content": "",
            "time": "19-9-1 20:23"
        },
        {
            "comment id": 4,
            "parent": -1,
            "children": [
                8
            ],
            "user id": "2060140283",
            "user name": "湘L-3老郭",
            "content": "报警估计是没有用",
            "time": "19-9-1 07:02"
        },
        {
            "comment id": 5,
            "parent": 6,
            "children": [],
            "user id": "6903148160",
            "user name": "默默不说话的橙子",
            "content": "回复@410111984lVNbY:看了，没说是中国人。所以也不知道。从视频看确实像黑人",
            "time": "19-9-1 19:32"
        },
        {
            "comment id": 6,
            "parent": 7,
            "children": [
                5
            ],
            "user id": "7275081215",
            "user name": "410111984lVNbY",
            "content": "回复@默默不说话的橙子:澎湃新闻里有",
            "time": "19-9-1 19:28"
        },
        {
            "comment id": 7,
            "parent": 8,
            "children": [
                6
            ],
            "user id": "6903148160",
            "user name": "默默不说话的橙子",
            "content": "回复@410111984lVNbY:哪里有？",
            "time": "19-9-1 19:28"
        },
        {
            "comment id": 8,
            "parent": 4,
            "children": [
                7
            ],
            "user id": "7275081215",
            "user name": "410111984lVNbY",
            "content": "刑拘了，是中国人，不是黑人",
            "time": "19-9-1 18:06"
        },
        {
            "comment id": 9,
            "parent": -1,
            "children": [
                12
            ],
            "user id": "1233528393",
            "user name": "西门吹泡泡z",
            "content": "@微言教育 陈鸨生的亲爹打人了",
            "time": "19-9-1 09:35"
        },
        {
            "comment id": 10,
            "parent": 11,
            "children": [],
            "user id": "5134626750",
            "user name": "吉首大学山寨吉大",
            "content": "回复@西门吹泡泡z:别被举报！中国教育！学生会！",
            "time": "19-9-1 21:31"
        },
        {
            "comment id": 11,
            "parent": 12,
            "children": [
                10
            ],
            "user id": "1233528393",
            "user name": "西门吹泡泡z",
            "content": "回复@吉首大学山寨吉大:你傻啊？",
            "time": "19-9-1 21:30"
        },
        {
            "comment id": 12,
            "parent": 9,
            "children": [
                11
            ],
            "user id": "5134626750",
            "user name": "吉首大学山寨吉大",
            "content": "是宝不是鸨",
            "time": "19-9-1 21:23"
        },
        {
            "comment id": 13,
            "parent": -1,
            "children": [],
            "user id": "5064754338",
            "user name": "幸运的华腾",
            "content": "国内霉体眼里的国妓有人",
            "time": "19-9-1 07:41"
        },
        {
            "comment id": 14,
            "parent": -1,
            "children": [],
            "user id": "1735914387",
            "user name": "阿黛162",
            "content": "应该是某部请来的垃圾",
            "time": "19-9-1 07:45"
        },
        {
            "comment id": 15,
            "parent": -1,
            "children": [],
            "user id": "7077658244",
            "user name": "交易游击队长",
            "content": "衙门官员花纳税人的钱请来的洋大爷确实牛逼啊！",
            "time": "19-9-1 08:53"
        },
        {
            "comment id": 16,
            "parent": -1,
            "children": [],
            "user id": "2723811514",
            "user name": "南京黄山路",
            "content": "老鸨请来的褐人！",
            "time": "19-9-1 09:40"
        },
        {
            "comment id": 17,
            "parent": -1,
            "children": [],
            "user id": "6137721658",
            "user name": "幕刃在微博想干什么就干什么",
            "content": "国妓友人尼格，帮助消灭本地土著腾笼换鸟",
            "time": "19-9-1 15:36"
        },
        {
            "comment id": 18,
            "parent": -1,
            "children": [],
            "user id": "6823842106",
            "user name": "又小又白_",
            "content": "洋大人？不敢说话不好说话，洋大人踢他是国家的荣幸",
            "time": "19-9-1 10:04"
        },
        {
            "comment id": 19,
            "parent": -1,
            "children": [],
            "user id": "3284718102",
            "user name": "就要宠着豆包",
            "content": "找到非踢死他",
            "time": "19-9-1 08:14"
        },
        {
            "comment id": 20,
            "parent": -1,
            "children": [],
            "user id": "3244435353",
            "user name": "裹毡下山",
            "content": "想起以前看过的一个视频：欧洲引进的难民毫无预兆地将本地居民踹下（火车站）站台。。。",
            "time": "19-9-1 07:31"
        },
        {
            "comment id": 21,
            "parent": -1,
            "children": [],
            "user id": "5679099576",
            "user name": "去回忆里听曾经的歌",
            "content": "这就是些没进化完全的黑猩猩。",
            "time": "19-9-1 09:53"
        },
        {
            "comment id": 22,
            "parent": -1,
            "children": [
                23,
                24
            ],
            "user id": "1878781542",
            "user name": "唐博志",
            "content": "深圳只有深圳大学和深职",
            "time": "19-9-1 07:57"
        },
        {
            "comment id": 23,
            "parent": 22,
            "children": [],
            "user id": "2265311500",
            "user name": "陳睿入驻微博",
            "content": "深職是大專吧？大專的話還有深信息學院，新安學院，別在這不懂裝懂",
            "time": "19-9-1 08:28"
        },
        {
            "comment id": 24,
            "parent": 22,
            "children": [],
            "user id": "2278789207",
            "user name": "此留言已被审核删除",
            "content": "深圳有好几个研究生院啊",
            "time": "19-9-1 10:12"
        },
        {
            "comment id": 25,
            "parent": -1,
            "children": [],
            "user id": "2673220323",
            "user name": "子蔚胜任",
            "content": "视频都删了",
            "time": "19-9-1 07:10"
        },
        {
            "comment id": 26,
            "parent": -1,
            "children": [
                27
            ],
            "user id": "6486633720",
            "user name": "明天的诗123",
            "content": "到底是黑人还是国人？",
            "time": "19-9-1 18:18"
        },
        {
            "comment id": 27,
            "parent": 26,
            "children": [],
            "user id": "6486633720",
            "user name": "明天的诗123",
            "content": "回复@朱学磊:好的，谢谢，等最后的结果吧",
            "time": "19-9-2 00:40"
        },
        {
            "comment id": 28,
            "parent": -1,
            "children": [
                29
            ],
            "user id": "6903148160",
            "user name": "默默不说话的橙子",
            "content": "@深圳交警",
            "time": "19-9-1 09:58"
        },
        {
            "comment id": 29,
            "parent": 28,
            "children": [],
            "user id": "2757327287",
            "user name": "大茶夫",
            "content": "应该是网警才对",
            "time": "19-9-1 17:30"
        },
        {
            "comment id": 30,
            "parent": -1,
            "children": [],
            "user id": "5058857877",
            "user name": "白左终结者",
            "content": "我歧视黑人，你们可以来打我了",
            "time": "19-9-1 21:10"
        },
        {
            "comment id": 31,
            "parent": -1,
            "children": [],
            "user id": "1689948335",
            "user name": "简直就是绘画",
            "content": "鸨牲部长做的孽",
            "time": "19-9-1 15:35"
        },
        {
            "comment id": 32,
            "parent": -1,
            "children": [],
            "user id": "5875013510",
            "user name": "醉鹤闲001",
            "content": "打死后遣返",
            "time": "19-9-1 07:48"
        },
        {
            "comment id": 33,
            "parent": -1,
            "children": [],
            "user id": "2723393515",
            "user name": "安格书生",
            "content": "@深圳公安 @深圳商报 @深圳特区报 找到这个黑人了么",
            "time": "19-9-2 23:18"
        },
        {
            "comment id": 34,
            "parent": -1,
            "children": [],
            "user id": "1656460603",
            "user name": "我是吴玮",
            "content": "@微言教育 你家的高端人才么  ",
            "time": "19-9-1 14:23"
        },
        {
            "comment id": 35,
            "parent": -1,
            "children": [],
            "user id": "6109725431",
            "user name": "上往下看的精彩",
            "content": "老祖宗早就告诫，非我族类，其心必异",
            "time": "19-9-1 08:43"
        },
        {
            "comment id": 36,
            "parent": -1,
            "children": [],
            "user id": "6700718936",
            "user name": "福建靓仔吴彦祖",
            "content": "",
            "time": "19-9-1 07:59"
        },
        {
            "comment id": 37,
            "parent": -1,
            "children": [],
            "user id": "1964205543",
            "user name": "捐窿捐喇",
            "content": "转.",
            "time": "19-9-1 07:27"
        },
        {
            "comment id": 38,
            "parent": -1,
            "children": [],
            "user id": "6746072254",
            "user name": "夜笙姬",
            "content": "@深圳公安 ",
            "time": "19-9-1 16:55"
        },
        {
            "comment id": 39,
            "parent": -1,
            "children": [],
            "user id": "5127520574",
            "user name": "破_罐_子",
            "content": "又双叒叕惹洋大人不开心！",
            "time": "19-9-1 09:36"
        },
        {
            "comment id": 40,
            "parent": -1,
            "children": [],
            "user id": "6313299228",
            "user name": "讨虏大司马",
            "content": "警察还没消息？//@老郑减肥中:可能计划就是来踢死中国人小孩，未来占领高铁地铁绿化公园，什么大国厉害了都可能归了坏B，全是他们来享受。国人不是得人瘟死了，就是早被被踢死。//@有种楚门的赶脚:这就是花钱请进来的黑大爷！！！",
            "time": "19-9-1 10:41"
        },
        {
            "comment id": 41,
            "parent": -1,
            "children": [],
            "user id": "6014857630",
            "user name": "绵阳老郭",
            "content": "@中国警方在线 这些垃圾如何处理？？？",
            "time": "19-9-1 09:04"
        },
        {
            "comment id": 42,
            "parent": -1,
            "children": [],
            "user id": "5773607195",
            "user name": "mp3xxx",
            "content": "@深圳公安 @深圳网警 ",
            "time": "19-9-1 08:47"
        },
        {
            "comment id": 43,
            "parent": -1,
            "children": [],
            "user id": "7272949398",
            "user name": "O01832521",
            "content": "相关部门不作为吗 后续呢",
            "time": "19-9-1 07:45"
        }
    ]
}