{
    "source": {
        "content": "外卖小哥路边救人，救人后结果自己的车子被偷走，小哥说：不后悔，一个人，一个车，谁更重要。 ",
        "time": "19-9-1 17:40",
        "user id": "5280953479",
        "tweet id": "I4W7Vi4LJ",
        "label": 1,
        "theme": null
    },
    "comment": [
        {
            "comment id": 0,
            "parent": -1,
            "children": [],
            "user id": "5280953479",
            "user name": "笑尿蜀黍了",
            "content": "愿赞我的永远被温柔以待！",
            "time": "19-9-1 17:40"
        },
        {
            "comment id": 1,
            "parent": -1,
            "children": [
                2
            ],
            "user id": "1212887501",
            "user name": "苍海一声笑呵呵",
            "content": "这辈子肯定有大好事等着他，偷他车的肯定重病等着他",
            "time": "19-9-1 17:53"
        },
        {
            "comment id": 2,
            "parent": 1,
            "children": [],
            "user id": "6070422028",
            "user name": "chlong0818",
            "content": "说不定这女的成了他女朋友",
            "time": "19-9-1 18:02"
        },
        {
            "comment id": 3,
            "parent": -1,
            "children": [],
            "user id": "2477241167",
            "user name": "鄂A77N29",
            "content": "这个偷车判个死刑请问有人反对吗？没人反对我就走简易程序直接开枪了啊！",
            "time": "19-9-1 18:19"
        },
        {
            "comment id": 4,
            "parent": -1,
            "children": [],
            "user id": "5282563595",
            "user name": "推牛君",
            "content": "这才十几分钟分钟的功夫，车就被偷了，小偷无处不在，给快递小哥点个赞",
            "time": "19-9-1 17:59"
        },
        {
            "comment id": 5,
            "parent": -1,
            "children": [],
            "user id": "6534412608",
            "user name": "花花哔哩哩yu",
            "content": "请把我们外卖哥的车子还回来",
            "time": "19-9-1 18:32"
        },
        {
            "comment id": 6,
            "parent": -1,
            "children": [],
            "user id": "2955320441",
            "user name": "文绉绉的李淡淡",
            "content": "帅气的小哥，愿世界对你越来越好",
            "time": "19-9-1 18:08"
        },
        {
            "comment id": 7,
            "parent": -1,
            "children": [],
            "user id": "1832095742",
            "user name": "_妖怪被師父抓走了",
            "content": "这小哥长得还挺帅！",
            "time": "19-9-1 17:50"
        },
        {
            "comment id": 8,
            "parent": -1,
            "children": [],
            "user id": "3895748071",
            "user name": "AviciiWalker",
            "content": "被偷了一百辆车后。。",
            "time": "19-9-1 17:47"
        },
        {
            "comment id": 9,
            "parent": -1,
            "children": [],
            "user id": "5888292269",
            "user name": "猴子请来的越哥",
            "content": "老天爷见你救人，觉得你不适合做跑腿服务，小伙子，更有前途的事等着你去做",
            "time": "19-9-3 16:53"
        },
        {
            "comment id": 10,
            "parent": -1,
            "children": [],
            "user id": "2108829272",
            "user name": "杨晔Phoebus",
            "content": "但是...在咱们这儿 不缺人啊 倒是很多人缺车",
            "time": "19-9-1 18:18"
        },
        {
            "comment id": 11,
            "parent": -1,
            "children": [],
            "user id": "2363837794",
            "user name": "湘兰花园",
            "content": "这个对比太揪心了， 这个贼真是个畜牲不如的垃圾， 真该下地狱去",
            "time": "19-9-1 18:06"
        },
        {
            "comment id": 12,
            "parent": -1,
            "children": [],
            "user id": "5343119444",
            "user name": "我冒个泡会不会被打啊",
            "content": "好人一生平安",
            "time": "19-9-1 18:01"
        },
        {
            "comment id": 13,
            "parent": -1,
            "children": [
                14
            ],
            "user id": "1923341163",
            "user name": "幸福微甜886",
            "content": "救命之恩被救者事后没给人家一辆新车吗",
            "time": "19-9-1 17:57"
        },
        {
            "comment id": 14,
            "parent": 13,
            "children": [],
            "user id": "2172253027",
            "user name": "BadBoyTG",
            "content": "想太多",
            "time": "19-9-1 19:58"
        },
        {
            "comment id": 15,
            "parent": -1,
            "children": [],
            "user id": "5860169393",
            "user name": "Rockykz",
            "content": "我也碰到过，当志愿者的时候，自行车上的挎包被人顺走！",
            "time": "19-9-1 17:47"
        },
        {
            "comment id": 16,
            "parent": -1,
            "children": [],
            "user id": "1105818793",
            "user name": "轮回再相遇陆凌蕾",
            "content": "我的天，现在这种人真的太少了，这女孩真幸运",
            "time": "19-9-1 17:45"
        },
        {
            "comment id": 17,
            "parent": -1,
            "children": [],
            "user id": "2163755793",
            "user name": "尾琦世界观",
            "content": "换成是你，你会说划不来，不应该救得吗？",
            "time": "19-9-1 17:50"
        },
        {
            "comment id": 18,
            "parent": -1,
            "children": [],
            "user id": "6469246528",
            "user name": "我是这样的王先生",
            "content": "估计这偷车的能抓到！",
            "time": "19-9-1 18:32"
        }
    ]
}