{
    "source": {
        "content": "被狗猫咬伤后孩子发病学狗叫太可怕了！ 无影强哥的微博视频 ",
        "time": "19-9-4 19:28",
        "user id": "2092512240",
        "tweet id": "I5p7hcmEX",
        "label": 1,
        "theme": null
    },
    "comment": [
        {
            "comment id": 0,
            "parent": -1,
            "children": [
                1,
                2,
                3
            ],
            "user id": "3082947491",
            "user name": "绾芽",
            "content": "狂犬病的症状不是学狗叫，不要误导好吗",
            "time": "19-9-14 12:10"
        },
        {
            "comment id": 1,
            "parent": 0,
            "children": [],
            "user id": "2092512240",
            "user name": "西部兰博ONE",
            "content": "我看错了对不起",
            "time": "19-9-19 15:34"
        },
        {
            "comment id": 2,
            "parent": 0,
            "children": [],
            "user id": "3082947491",
            "user name": "绾芽",
            "content": "回复@无影强哥:我没举报啊………………",
            "time": "19-9-19 15:32"
        },
        {
            "comment id": 3,
            "parent": 0,
            "children": [],
            "user id": "2092512240",
            "user name": "西部兰博ONE",
            "content": "你觉得不对可以叫我删除你举报干嘛！也我只是为大家好。养猫养狗要注意",
            "time": "19-9-19 15:31"
        },
        {
            "comment id": 4,
            "parent": -1,
            "children": [],
            "user id": "5244245560",
            "user name": "dididu滴",
            "content": "狂犬病症状是学狗叫这个事到如今还有人信，神奇",
            "time": "19-9-22 22:16"
        },
        {
            "comment id": 5,
            "parent": -1,
            "children": [],
            "user id": "1809210307",
            "user name": "Jamfer_",
            "content": "扯几把蛋，你家狂犬病学狗叫",
            "time": "19-10-29 09:19"
        },
        {
            "comment id": 6,
            "parent": -1,
            "children": [],
            "user id": "2334618141",
            "user name": "没有县城不行",
            "content": "这孩子是不想上学吧 狂犬病没有这个症状",
            "time": "19-10-29 10:41"
        },
        {
            "comment id": 7,
            "parent": -1,
            "children": [],
            "user id": "5930163242",
            "user name": "dairy然然",
            "content": "这两天学校开学了",
            "time": "19-9-14 12:17"
        },
        {
            "comment id": 8,
            "parent": -1,
            "children": [],
            "user id": "2242556937",
            "user name": "报局_",
            "content": "狂犬病致死率百分之百。。。",
            "time": "19-9-9 21:07"
        },
        {
            "comment id": 9,
            "parent": -1,
            "children": [],
            "user id": "6729110280",
            "user name": "改个记不住的名",
            "content": "愚昧",
            "time": "19-9-14 12:23"
        }
    ]
}