{
    "source": {
        "content": "年少不懂李鸿章，如今方知真中堂. ",
        "time": "19-9-7 21:19",
        "user id": "1831521082",
        "tweet id": "I5S7Rpatg",
        "label": 1,
        "theme": null
    },
    "comment": [
        {
            "comment id": 0,
            "parent": -1,
            "children": [],
            "user id": "2922494411",
            "user name": "田小螺Alieen",
            "content": "唱歌那个是谣言，刚被辟谣，贪官还是贪官",
            "time": "19-9-7 21:25"
        },
        {
            "comment id": 1,
            "parent": -1,
            "children": [],
            "user id": "5796431368",
            "user name": "小啊露0805",
            "content": "不在那个时代，我们就没资格评论他们。成为过去的历史，也是别人写的，主观意识尚在，不予评价，给他们尊重就够了",
            "time": "19-9-7 22:44"
        },
        {
            "comment id": 2,
            "parent": -1,
            "children": [],
            "user id": "2949371373",
            "user name": "gzzs74",
            "content": "晒了吧，开头就是谣言",
            "time": "19-9-7 21:22"
        },
        {
            "comment id": 3,
            "parent": -1,
            "children": [],
            "user id": "6206319305",
            "user name": "别踩我脚丫子",
            "content": "“劳劳车马未离鞍，临事方知一死难。 三百年来伤国步，八千里外吊民残。 秋风宝剑孤臣泪，落日旌旗大将坛。 海外尘氛犹未息，诸君莫作等闲看。”  以一人之力竭力挽救实在是杯水车薪，那种无力感他也很难受啊！",
            "time": "19-9-7 21:44"
        },
        {
            "comment id": 4,
            "parent": -1,
            "children": [],
            "user id": "1461947964",
            "user name": "我的爱地",
            "content": "第一张唱过歌那个刚被辟谣",
            "time": "19-9-7 21:21"
        },
        {
            "comment id": 5,
            "parent": -1,
            "children": [],
            "user id": "6440752008",
            "user name": "皮皮皮可西yini",
            "content": "没有背叛政府，可是政府背叛了人民",
            "time": "19-9-7 22:01"
        },
        {
            "comment id": 6,
            "parent": -1,
            "children": [
                7,
                8
            ],
            "user id": "1451087544",
            "user name": "沐枫天晴",
            "content": "倘若慈禧不挪用资金去过生日而是买回军舰呢！",
            "time": "19-9-7 21:58"
        },
        {
            "comment id": 7,
            "parent": 6,
            "children": [],
            "user id": "1451087544",
            "user name": "沐枫天晴",
            "content": "回复@特来人间与君好:说的好",
            "time": "19-9-11 21:36"
        },
        {
            "comment id": 8,
            "parent": 6,
            "children": [],
            "user id": "3968728909",
            "user name": "张特来tonight",
            "content": "腐烂的不是慈禧，不是清政府，真正烂的是摇摇欲坠的封建君主制度，你别说不过生日，就算没有慈禧，也会有另一个慈禧推动大清灭亡",
            "time": "19-9-8 13:57"
        },
        {
            "comment id": 9,
            "parent": -1,
            "children": [
                10
            ],
            "user id": "5990507656",
            "user name": "dream断梦",
            "content": "马关条约总得有人去签",
            "time": "19-9-7 21:44"
        },
        {
            "comment id": 10,
            "parent": 9,
            "children": [],
            "user id": "5856055639",
            "user name": "我非常非常非常可爱",
            "content": "是的，他只是一个臣子，我并没有说他没有错，我只是觉得他也有他的难处",
            "time": "19-9-8 13:55"
        },
        {
            "comment id": 11,
            "parent": -1,
            "children": [],
            "user id": "3886550215",
            "user name": "无声声吖",
            "content": "年少不识君，看着那么多丧权辱国的条约，只是一心气愤为官者不曾为国效力，却未看到这风雨飘摇中一己之力之微弱，终是愿这世人能知你所付出的一切",
            "time": "19-9-7 21:34"
        },
        {
            "comment id": 12,
            "parent": -1,
            "children": [
                13,
                14,
                15
            ],
            "user id": "6034753190",
            "user name": "贝里硫和冲绳岛上的老猎犬",
            "content": "别看了点电视剧还有一群傻子的话就乱洗白，显得无知",
            "time": "19-9-8 07:43"
        },
        {
            "comment id": 13,
            "parent": 12,
            "children": [],
            "user id": "5837441551",
            "user name": "有只傻橘要捋毛",
            "content": "回复@GORGEOUS377:李鸿章没有实权？洋务运动他不搞也会有别人搞。年少不知李鸿章，年长方知真中堂？——买办是如何残害中国的",
            "time": "19-9-15 10:26"
        },
        {
            "comment id": 14,
            "parent": 12,
            "children": [],
            "user id": "6034753190",
            "user name": "贝里硫和冲绳岛上的老猎犬",
            "content": "回复@GORGEOUS377:是是是，你就看到了所谓的亚洲第一舰队，还有成果寥寥的洋务运动。他李鸿章卖国收贿，对洋人卑躬屈膝您一点都看不到。他有那么一点点功劳，还是为了维护地主阶级的利益，阻碍历史的前进",
            "time": "19-9-11 20:10"
        },
        {
            "comment id": 15,
            "parent": 12,
            "children": [],
            "user id": "6446033029",
            "user name": "假叶微博",
            "content": "电视剧？初中历史课本没学过？到底谁是弱智？洋务运动，北洋军舰确实李鸿章的，北洋军舰刚建起是作为中国最强的海上军事力量，后被击沉，送去留学生也是强国之策，因为近代中国太腐朽太落后，不断战败，清朝灭亡是历史所趋，这怎能怪罪与一个没有任何实权的大臣？",
            "time": "19-9-11 16:33"
        },
        {
            "comment id": 16,
            "parent": -1,
            "children": [],
            "user id": "6508283434",
            "user name": "在下苏慕",
            "content": "一个清瘦的老人，在摇摇欲坠的年代，用尽一切，去扛起来了一个国家最后的尊严。",
            "time": "19-9-7 21:38"
        },
        {
            "comment id": 17,
            "parent": -1,
            "children": [
                18
            ],
            "user id": "5598326535",
            "user name": "峡谷水煮鱼580",
            "content": "唱歌不是唱的茉莉花，但确实李鸿章现场做了一首歌，全文只有这个地方出错了。其他都是真的，很想知道有些人到底学没学历史，本来历史人物就不能一巴掌打死全部。老师没教🐴",
            "time": "19-9-8 13:13"
        },
        {
            "comment id": 18,
            "parent": 17,
            "children": [],
            "user id": "2131418222",
            "user name": "雨芸晴天",
            "content": "其他不知道，历史人物也不评价，只是唱歌那里，才辟谣，李鸿章不在运动会现场",
            "time": "19-9-8 15:07"
        },
        {
            "comment id": 19,
            "parent": -1,
            "children": [],
            "user id": "6508283434",
            "user name": "在下苏慕",
            "content": "予少年科第，壮年戎马，中年封疆，晚年洋务。一路扶摇，遭遇不为不幸。//@在下苏慕:一个清瘦的老人，在摇摇欲坠的年代，用尽一切，去扛起来了一个国家最后的尊严。",
            "time": "19-9-7 22:05"
        },
        {
            "comment id": 20,
            "parent": -1,
            "children": [],
            "user id": "5667107989",
            "user name": "偏头__-痛",
            "content": "看待历史评价人物都要用辩证的角度去观察，没有十全十美的人，也没有一无是处的人，评论里那些酸酸的只会片面的否定别人，只能说你见识也高不到哪去",
            "time": "19-9-8 13:57"
        },
        {
            "comment id": 21,
            "parent": -1,
            "children": [],
            "user id": "2614024235",
            "user name": "不二烦人",
            "content": "功大于过，有能力才有能力贪",
            "time": "19-9-7 21:36"
        },
        {
            "comment id": 22,
            "parent": -1,
            "children": [],
            "user id": "6578552627",
            "user name": "假面超人1991",
            "content": "哈哈哈哈，假历史又来了",
            "time": "19-9-8 06:53"
        },
        {
            "comment id": 23,
            "parent": -1,
            "children": [],
            "user id": "1908434893",
            "user name": "可爱淘气喵",
            "content": "有一本书《落笔三千年》就是写李鸿章的故事",
            "time": "19-9-7 21:21"
        },
        {
            "comment id": 24,
            "parent": -1,
            "children": [],
            "user id": "2476761675",
            "user name": "Ju丶丶丶",
            "content": "官方刚辟完谣   你就这样转发 真的好吗？？？",
            "time": "19-9-8 12:04"
        },
        {
            "comment id": 25,
            "parent": -1,
            "children": [],
            "user id": "6077399030",
            "user name": "油_炸皮卡丘",
            "content": "不知道什么时候起，总有人说：刘禅是大智若愚，秦桧忠臣被逼无奈，还有人说经过研究，猪是世界上最聪明的动物",
            "time": "19-9-8 18:00"
        },
        {
            "comment id": 26,
            "parent": -1,
            "children": [],
            "user id": "5151446830",
            "user name": "Sunnee的小葵妹",
            "content": "转发微博",
            "time": "19-9-10 13:36"
        },
        {
            "comment id": 27,
            "parent": -1,
            "children": [],
            "user id": "6087954358",
            "user name": "爪向东",
            "content": "如果没记错奕劻曾经居住过的府邸就是恭王府，恭亲王奕訢的王府，最开始为和珅的府邸。有传言说\"一座恭王府，半部清朝史\"。个人认为现在来说，恭王府比圆明园、故宫什么的更适合游玩参观。",
            "time": "19-9-7 21:42"
        },
        {
            "comment id": 28,
            "parent": -1,
            "children": [],
            "user id": "3968727562",
            "user name": "广交天下好人",
            "content": "买办而已，彻头彻尾的国贼。想喷我的，宰相合肥天下瘦了解一下",
            "time": "19-9-8 12:40"
        },
        {
            "comment id": 29,
            "parent": -1,
            "children": [
                30
            ],
            "user id": "5737471217",
            "user name": "阿早余地",
            "content": "@巧克力牛奶卷卷心先生",
            "time": "19-9-29 22:03"
        },
        {
            "comment id": 30,
            "parent": 29,
            "children": [],
            "user id": "2762298173",
            "user name": "巧克力牛奶卷卷心先生",
            "content": "李鸿章：我太难了。",
            "time": "19-9-29 22:24"
        },
        {
            "comment id": 31,
            "parent": -1,
            "children": [],
            "user id": "5090043768",
            "user name": "浪里个浪呀小喵咪",
            "content": "//@各种喵的喵爹:就像答文科的主观题，如果一开始就错了方向，写的越多错的越远。只能说在一个错误的路上，努力过了。",
            "time": "19-9-8 13:39"
        },
        {
            "comment id": 32,
            "parent": -1,
            "children": [
                33
            ],
            "user id": "5851889389",
            "user name": "红楼中梦",
            "content": "李鸿章是个清官，一生清廉朴实",
            "time": "19-9-8 06:49"
        },
        {
            "comment id": 33,
            "parent": 32,
            "children": [],
            "user id": "5851889389",
            "user name": "红楼中梦",
            "content": "但其他方面…",
            "time": "19-9-8 06:50"
        },
        {
            "comment id": 34,
            "parent": -1,
            "children": [],
            "user id": "5788234562",
            "user name": "xc辛辛",
            "content": "勿忘国耻吧。不予评价对错。",
            "time": "19-9-7 23:08"
        },
        {
            "comment id": 35,
            "parent": -1,
            "children": [],
            "user id": "2709376111",
            "user name": "天使-不负如来不负卿",
            "content": "但愿我们都牢记国耻",
            "time": "19-9-7 21:42"
        },
        {
            "comment id": 36,
            "parent": -1,
            "children": [],
            "user id": "5834643749",
            "user name": "青山可换酒",
            "content": "谣言 别特么洗了",
            "time": "19-9-9 00:05"
        },
        {
            "comment id": 37,
            "parent": -1,
            "children": [],
            "user id": "1939088740",
            "user name": "各种喵的喵爹",
            "content": "就像答文科的主观题，如果一开始就错了方向，写的越多错的越远。只能说在一个错误的路上，努力过了。",
            "time": "19-9-8 12:22"
        },
        {
            "comment id": 38,
            "parent": -1,
            "children": [],
            "user id": "5662334534",
            "user name": "是日大雪",
            "content": "害，功过与否谁能论，一个国家的沉沦不应该由一人背负，不是他还会有别人，在那个无力的年代毁了多少能人。",
            "time": "19-9-30 12:49"
        },
        {
            "comment id": 39,
            "parent": -1,
            "children": [],
            "user id": "5558566355",
            "user name": "你算个小饼干",
            "content": "我听一个历史老师说，好像是当时举办一个运动会还是啥，爱的国家都有国歌，我们没有，外国人都笑话我们，有一个老人走上去唱了一首茉莉花，这个老人是李鸿章",
            "time": "19-9-8 17:16"
        },
        {
            "comment id": 40,
            "parent": -1,
            "children": [],
            "user id": "1827794017",
            "user name": "彼特拉克十四行诗",
            "content": "怎么，清朝早亡50年不是好事么。你们想反华复清不成",
            "time": "19-9-8 12:43"
        },
        {
            "comment id": 41,
            "parent": -1,
            "children": [],
            "user id": "5293981481",
            "user name": "我是路过的大飞",
            "content": "年少不懂李鸿章，如今方知真中堂",
            "time": "19-9-8 12:38"
        },
        {
            "comment id": 42,
            "parent": -1,
            "children": [],
            "user id": "5697794113",
            "user name": "欧阳小枝呀",
            "content": "我并不认为李鸿章是罪人，他只是替清王朝背了黑锅",
            "time": "19-9-7 23:15"
        },
        {
            "comment id": 43,
            "parent": -1,
            "children": [],
            "user id": "5834643749",
            "user name": "青山可换酒",
            "content": "@中国历史研究院",
            "time": "19-9-9 00:05"
        },
        {
            "comment id": 44,
            "parent": -1,
            "children": [],
            "user id": "1729805242",
            "user name": "从前月明光",
            "content": "@中国历史研究院",
            "time": "19-9-8 15:08"
        },
        {
            "comment id": 45,
            "parent": -1,
            "children": [],
            "user id": "1630670284",
            "user name": "桃蓝珈啬",
            "content": "@中国历史研究院 这个时候嘛～当然要专业的来",
            "time": "19-9-8 14:08"
        },
        {
            "comment id": 46,
            "parent": -1,
            "children": [],
            "user id": "5241948452",
            "user name": "FxxkingDog",
            "content": "@棒棒呸呀哈",
            "time": "19-9-8 13:17"
        },
        {
            "comment id": 47,
            "parent": -1,
            "children": [],
            "user id": "5074776711",
            "user name": "家有_娇猫",
            "content": "@中国历史研究院",
            "time": "19-9-8 12:34"
        },
        {
            "comment id": 48,
            "parent": -1,
            "children": [],
            "user id": "2736754221",
            "user name": "消逝不回",
            "content": "莫要对一个历史人物匆忙定义，李鸿章贪官之实，误国大罪，责无旁贷，不要在这种充满谣言的公众号文章里被蒙蔽了",
            "time": "19-9-8 12:27"
        },
        {
            "comment id": 49,
            "parent": -1,
            "children": [],
            "user id": "3180330164",
            "user name": "南枞见鹤",
            "content": "@酸柠檬的可爱多 想哭",
            "time": "19-9-8 09:53"
        },
        {
            "comment id": 50,
            "parent": -1,
            "children": [],
            "user id": "5578113583",
            "user name": "铁骨铮铮李初一",
            "content": "@LCM-8-",
            "time": "19-9-8 01:20"
        },
        {
            "comment id": 51,
            "parent": -1,
            "children": [],
            "user id": "5403183054",
            "user name": "_绾瑆wf",
            "content": "历史具有两面性  不同史观看待一个事物都有不同的看法",
            "time": "19-9-7 21:24"
        }
    ]
}