{
    "source": {
        "content": "太痛心了！演员张丰毅的孙子几周前被自家的狗狗抓了一下，没当回事就没去打狂犬疫苗，前天学校开学，小孩子发病了，听说狂犬病很难治的，真得太可惜了！ 不屌不相识的微博视频 ",
        "time": "19-9-5 21:46",
        "user id": "2612828573",
        "tweet id": "I5zrRoFSK",
        "label": 1,
        "theme": null
    },
    "comment": [
        {
            "comment id": 0,
            "parent": -1,
            "children": [
                2,
                4,
                5,
                6,
                7,
                8,
                9,
                11,
                13
            ],
            "user id": "6020534785",
            "user name": "卤猪猪babe",
            "content": "造谣不打草稿？ ",
            "time": "19-9-5 23:30"
        },
        {
            "comment id": 1,
            "parent": 2,
            "children": [],
            "user id": "5048977632",
            "user name": "哈哈哈哈哈哈哈泽",
            "content": "回复@不屌不相识:你提醒啥 这就不是狂犬病 你提醒啥 你咋不发个精神病的视频提醒人们离狗远点啊",
            "time": "19-11-5 01:24"
        },
        {
            "comment id": 2,
            "parent": 0,
            "children": [
                1
            ],
            "user id": "2612828573",
            "user name": "不屌不相识",
            "content": "回复@母澔葳_:删不了",
            "time": "19-9-7 17:10"
        },
        {
            "comment id": 3,
            "parent": 7,
            "children": [],
            "user id": "1820673251",
            "user name": "玛丽小水母",
            "content": "回复@不屌不相识:视频里的症状和狂犬病都不一样，算是误导大众，以警醒他人作为说辞，却无视本质性的错误以及其他不良影响，博主我劝您还是删了好",
            "time": "19-9-7 13:55"
        },
        {
            "comment id": 4,
            "parent": 0,
            "children": [],
            "user id": "6915400736",
            "user name": "呜呼哀哉82178",
            "content": "弱智",
            "time": "19-9-6 12:47"
        },
        {
            "comment id": 5,
            "parent": 0,
            "children": [],
            "user id": "2208645677",
            "user name": "森淼少许",
            "content": "不用跟他废话，直接举报！眼神有问题，跑出来造谣！还说别人！",
            "time": "19-9-6 09:01"
        },
        {
            "comment id": 6,
            "parent": 0,
            "children": [],
            "user id": "3143251723",
            "user name": "筱羽_筱羽",
            "content": "回复@Usuzuki_another:什么程度造谣算犯法？他这个程度差不多够了吧",
            "time": "19-9-6 08:14"
        },
        {
            "comment id": 7,
            "parent": 0,
            "children": [
                3
            ],
            "user id": "2612828573",
            "user name": "不屌不相识",
            "content": "回复@Usuzuki_another:你要是说出你和张丰毅之间有什么亲戚关系的话我可以考虑删除微博",
            "time": "19-9-6 01:33"
        },
        {
            "comment id": 8,
            "parent": 0,
            "children": [],
            "user id": "2612828573",
            "user name": "不屌不相识",
            "content": "回复@Usuzuki_another:我不是跟你说了吗？我不是造谣，我是提醒大家，这只是一个例子罢了！请问你是张丰毅家什么人？",
            "time": "19-9-6 01:08"
        },
        {
            "comment id": 9,
            "parent": 0,
            "children": [],
            "user id": "1131077587",
            "user name": "Solomon_destiny",
            "content": "回复@Usuzuki_another:不必跟她说啦，脑子一根筋，年纪大了估计听不懂咱们说的是啥",
            "time": "19-9-6 00:57"
        },
        {
            "comment id": 10,
            "parent": 11,
            "children": [],
            "user id": "6020534785",
            "user name": "卤猪猪babe",
            "content": "回复@不屌不相识:现在说你造谣的是张丰毅和狂犬病好吗？？你明天挂个号，提上你的键盘去医院给大夫看看狂犬病病状是这样吗？",
            "time": "19-9-6 00:52"
        },
        {
            "comment id": 11,
            "parent": 0,
            "children": [
                10
            ],
            "user id": "2612828573",
            "user name": "不屌不相识",
            "content": "回复@Usuzuki_another:我发这视频就是造谣了？那造这种谣有什么大不了的事？这只不过是提醒人们遇到被小动物咬伤或者抓伤一定要第一时间去医院打狂犬病疫苗！不能拖时间！",
            "time": "19-9-6 00:31"
        },
        {
            "comment id": 12,
            "parent": 13,
            "children": [],
            "user id": "6020534785",
            "user name": "卤猪猪babe",
            "content": "回复@不屌不相识:所以你是拍视频的那个人？还是你就是小男孩本人？你觉得在这造谣不用负法律责任是吧",
            "time": "19-9-6 00:18"
        },
        {
            "comment id": 13,
            "parent": 0,
            "children": [
                12
            ],
            "user id": "2612828573",
            "user name": "不屌不相识",
            "content": "究竟谁的是谣言？那视频一目了然！你把真的消息打上谣言两字就是谣言了？那张丰毅不是在广东英德警方当然查不到了！",
            "time": "19-9-5 23:48"
        },
        {
            "comment id": 14,
            "parent": -1,
            "children": [
                20,
                22,
                24
            ],
            "user id": "1131077587",
            "user name": "Solomon_destiny",
            "content": "大姐，这个早就辟谣了",
            "time": "19-9-5 23:36"
        },
        {
            "comment id": 15,
            "parent": 17,
            "children": [],
            "user id": "5116112796",
            "user name": "樱桃丸子爹啊",
            "content": "回复@不屌不相识:如果你不确定是张丰毅，你就不能这么说，你自身就涉嫌招摇，传谣，因为此视频18年3月已被证实招摇，你就简单想一想，张丰毅孙子会是生活在这样的环境吗？这么简单的事儿",
            "time": "19-9-9 11:35"
        },
        {
            "comment id": 16,
            "parent": 17,
            "children": [],
            "user id": "5873071312",
            "user name": "做一个开心的肥肠",
            "content": "回复@不屌不相识:本来也不是张丰毅啊",
            "time": "19-9-8 20:38"
        },
        {
            "comment id": 17,
            "parent": 18,
            "children": [
                15,
                16
            ],
            "user id": "2612828573",
            "user name": "不屌不相识",
            "content": "回复@韩四是我:我哪一点恨他？你倒是指出来呀！",
            "time": "19-9-6 23:46"
        },
        {
            "comment id": 18,
            "parent": 22,
            "children": [
                17
            ],
            "user id": "1904505341",
            "user name": "韩四是我",
            "content": "回复@不屌不相识:你这么恨张丰毅？他怎么你了？",
            "time": "19-9-6 17:20"
        },
        {
            "comment id": 19,
            "parent": 22,
            "children": [],
            "user id": "1841207984",
            "user name": "yyvonnene",
            "content": "回复@不屌不相识:张丰毅要被你气死了",
            "time": "19-9-6 08:43"
        },
        {
            "comment id": 20,
            "parent": 14,
            "children": [],
            "user id": "3277644371",
            "user name": "又荣YouRongMASTER",
            "content": "我真是服了这位了，出发点是没错，就是少根筋",
            "time": "19-9-6 06:28"
        },
        {
            "comment id": 21,
            "parent": 22,
            "children": [],
            "user id": "1131077587",
            "user name": "Solomon_destiny",
            "content": "回复@不屌不相识:哈哈哈哈大姐请平身就算你心是好的，可这就是谣言啊，没必要做标题党继续传谣了。还有你说的打疫苗是常识，宁做标题党真没必要",
            "time": "19-9-6 00:51"
        },
        {
            "comment id": 22,
            "parent": 14,
            "children": [
                18,
                19,
                21
            ],
            "user id": "2612828573",
            "user name": "不屌不相识",
            "content": "我在这里叫你一声阿姨，对不起！我没有要造谣污蔑的意思！我发这视频只是想让大家知道，无论被什么样的小动物咬伤或者抓伤都要第一时间去医院打狂犬病疫苗！不可以拖延时间",
            "time": "19-9-6 00:44"
        },
        {
            "comment id": 23,
            "parent": 24,
            "children": [],
            "user id": "1131077587",
            "user name": "Solomon_destiny",
            "content": "回复@不屌不相识:因为长得有些神似啊，而且张丰毅是知名人物，方便谣言传播呗",
            "time": "19-9-6 00:15"
        },
        {
            "comment id": 24,
            "parent": 14,
            "children": [
                23
            ],
            "user id": "2612828573",
            "user name": "不屌不相识",
            "content": "我也希望视频里的人不是张丰毅，那小孩和张丰毅无关，可视频就在这里，没办法不信！即使是谣言，那么为什么要造张丰毅的谣？吃饱了撑的？",
            "time": "19-9-5 23:59"
        },
        {
            "comment id": 25,
            "parent": -1,
            "children": [
                28,
                29
            ],
            "user id": "3146619404",
            "user name": "愛桐丶",
            "content": "瞎扯，张丰毅哪来的孙子？？",
            "time": "19-9-5 22:05"
        },
        {
            "comment id": 26,
            "parent": 28,
            "children": [],
            "user id": "3636706821",
            "user name": "一定会瘦的--",
            "content": "回复@不屌不相识:你真牛逼",
            "time": "19-9-9 12:34"
        },
        {
            "comment id": 27,
            "parent": 28,
            "children": [],
            "user id": "3146619404",
            "user name": "愛桐丶",
            "content": "回复@不屌不相识:你咋就非要给人家抠脑袋上？那根本就不是张丰毅，自己看辟谣。",
            "time": "19-9-6 08:49"
        },
        {
            "comment id": 28,
            "parent": 25,
            "children": [
                26,
                27
            ],
            "user id": "2612828573",
            "user name": "不屌不相识",
            "content": "现在我知道了，得狂犬病的是张丰毅的小儿子，是小张丰毅14岁的苏州妻子所生",
            "time": "19-9-5 23:03"
        },
        {
            "comment id": 29,
            "parent": 25,
            "children": [],
            "user id": "2612828573",
            "user name": "不屌不相识",
            "content": "外甥算不算是？",
            "time": "19-9-5 22:38"
        },
        {
            "comment id": 30,
            "parent": -1,
            "children": [
                32
            ],
            "user id": "3167029815",
            "user name": "Alinzzz",
            "content": "这个是谣言，这里面的男的也不是张丰毅，他家也没人得狂犬病。",
            "time": "19-9-5 23:18"
        },
        {
            "comment id": 31,
            "parent": 32,
            "children": [],
            "user id": "6787341516",
            "user name": "丶五月雨丶",
            "content": "回复@不屌不相识:真tm一点常识都没有就瞎tm传谣言，自己好好查查狂犬病发病症状吧，学nm狗叫",
            "time": "19-9-8 20:13"
        },
        {
            "comment id": 32,
            "parent": 30,
            "children": [
                31
            ],
            "user id": "2612828573",
            "user name": "不屌不相识",
            "content": "你才谣言，里面小孩后面那个人确实是张丰毅，你怎么知道他家没人得狂犬病？",
            "time": "19-9-5 23:29"
        },
        {
            "comment id": 33,
            "parent": -1,
            "children": [
                35,
                37
            ],
            "user id": "2964276990",
            "user name": "亲爱的可乐先生",
            "content": "能不能别发造谣视频上来了？张丰毅没孙子",
            "time": "19-9-5 22:05"
        },
        {
            "comment id": 34,
            "parent": 35,
            "children": [],
            "user id": "2964276990",
            "user name": "亲爱的可乐先生",
            "content": "回复@不屌不相识:这件事情广州日报已经辟过谣了，这个人不是张丰毅，是广东一带的居民，而且小男孩也不是狂犬病，是一种叫图雷特的病，狂犬病是不会学狗叫的。视频本身就是一个谣传，你还发出来不是传谣是什么？你的脑回路也是太绕了。警惕没错，方法错了",
            "time": "19-9-6 05:24"
        },
        {
            "comment id": 35,
            "parent": 33,
            "children": [
                34
            ],
            "user id": "2612828573",
            "user name": "不屌不相识",
            "content": "天底下真有一模一样的人？我知道张丰毅可能不想让人在网上谈论，我发这视频也只是想让大家知道，无论是给什么动物咬了或者抓伤了一定要第一时间去打狂犬病疫苗，这和信谣传谣不搭尬吧？",
            "time": "19-9-6 00:10"
        },
        {
            "comment id": 36,
            "parent": 37,
            "children": [],
            "user id": "2964276990",
            "user name": "亲爱的可乐先生",
            "content": "回复@不屌不相识:这个人不是张丰毅，这个小孩也不是得狂犬病。",
            "time": "19-9-5 23:42"
        },
        {
            "comment id": 37,
            "parent": 33,
            "children": [
                36
            ],
            "user id": "2612828573",
            "user name": "不屌不相识",
            "content": "难道是外甥",
            "time": "19-9-5 22:38"
        },
        {
            "comment id": 38,
            "parent": -1,
            "children": [
                40,
                41,
                42
            ],
            "user id": "6450339653",
            "user name": "静音空荡荡",
            "content": "旧壶装新谣！但是不明白，为什么要这样做？为什么要造谣？网络不是法外之地！",
            "time": "19-9-6 23:12"
        },
        {
            "comment id": 39,
            "parent": 41,
            "children": [],
            "user id": "5625498156",
            "user name": "梨花又开放ho",
            "content": "回复@静音空荡荡:对这种不识好歹的货色 直接抽她Y一耳刮都算客气了",
            "time": "19-9-7 03:12"
        },
        {
            "comment id": 40,
            "parent": 38,
            "children": [],
            "user id": "5625498156",
            "user name": "梨花又开放ho",
            "content": "对这种货色你还讲文明？你脾气也太好了吧",
            "time": "19-9-7 03:10"
        },
        {
            "comment id": 41,
            "parent": 38,
            "children": [
                39
            ],
            "user id": "6450339653",
            "user name": "静音空荡荡",
            "content": "何苦恼羞成怒！恶语伤人！丢人也就算了，还会伤身，保重！",
            "time": "19-9-7 00:12"
        },
        {
            "comment id": 42,
            "parent": 38,
            "children": [],
            "user id": "2612828573",
            "user name": "不屌不相识",
            "content": "放你妈的屁！我造谣干嘛？这视频又不是我第一个发出来的，里面真真切切是那个人怎么会有假？",
            "time": "19-9-6 23:51"
        },
        {
            "comment id": 43,
            "parent": -1,
            "children": [
                44
            ],
            "user id": "3826768920",
            "user name": "泡芙泡芙香草味的泡芙",
            "content": "你看没看见你这微博上面写的 此内容为不实信息？ 然后还不删微博，一直在这挂着，咱不知道你咋想的",
            "time": "19-9-11 09:23"
        },
        {
            "comment id": 44,
            "parent": 43,
            "children": [],
            "user id": "2612828573",
            "user name": "不屌不相识",
            "content": "我删了，可删不了",
            "time": "19-9-11 19:03"
        },
        {
            "comment id": 45,
            "parent": -1,
            "children": [
                46,
                47
            ],
            "user id": "2478312843",
            "user name": "我喜欢的人都很优秀吖",
            "content": "哈哈 我当时还纳闷一个知名演员怎么会无知到连这点防范意识都没有 我们普通人都知道要赶紧打狂犬疫苗 结果事造谣",
            "time": "19-9-6 00:37"
        },
        {
            "comment id": 46,
            "parent": 45,
            "children": [],
            "user id": "2612828573",
            "user name": "不屌不相识",
            "content": "演员又和普通人有什么两样了？有可能小孩子没有和大人说呢",
            "time": "19-9-6 00:53"
        },
        {
            "comment id": 47,
            "parent": 45,
            "children": [],
            "user id": "2612828573",
            "user name": "不屌不相识",
            "content": "我也希望这是谣言",
            "time": "19-9-6 00:50"
        },
        {
            "comment id": 48,
            "parent": -1,
            "children": [
                49
            ],
            "user id": "1841443743",
            "user name": "一念成了魔dtx",
            "content": "一般发这视频的都不知道张丰毅是谁？去年就被辟谣的事今年还拿出来说",
            "time": "19-9-6 10:34"
        },
        {
            "comment id": 49,
            "parent": 48,
            "children": [],
            "user id": "2612828573",
            "user name": "不屌不相识",
            "content": "我不知道，今年才看到",
            "time": "19-9-9 23:54"
        },
        {
            "comment id": 50,
            "parent": -1,
            "children": [
                51
            ],
            "user id": "5836302660",
            "user name": "你怎麼總是不開心",
            "content": "博主脑子有毛病，这事一搜就能看到辟谣的新闻，这么多人和她说是造谣，是假的，死不承认，一会说是张丰毅孙子，一会说是张丰毅儿子，一会又说只是提醒大家",
            "time": "19-9-6 09:17"
        },
        {
            "comment id": 51,
            "parent": 50,
            "children": [],
            "user id": "5867498590",
            "user name": "猪儿虫嗡嗡嗡",
            "content": "看它给别人的评论就知道它有狂犬病，死咬着不放见人就狂吠这很狂犬",
            "time": "19-9-6 12:13"
        },
        {
            "comment id": 52,
            "parent": -1,
            "children": [],
            "user id": "2040507803",
            "user name": "James-Yau",
            "content": "无知",
            "time": "19-9-5 23:39"
        },
        {
            "comment id": 53,
            "parent": -1,
            "children": [],
            "user id": "3826768920",
            "user name": "泡芙泡芙香草味的泡芙",
            "content": "谣言不是拘留吗？谁逮捕一下？？",
            "time": "19-9-6 20:56"
        },
        {
            "comment id": 54,
            "parent": -1,
            "children": [
                55
            ],
            "user id": "2644924457",
            "user name": "Sociopathy_L",
            "content": "博主初衷没错 有一说一 老百姓还是太恐狂了 所以造成看见这种视频 都会去转发",
            "time": "19-9-6 05:17"
        },
        {
            "comment id": 55,
            "parent": 54,
            "children": [],
            "user id": "3826768920",
            "user name": "泡芙泡芙香草味的泡芙",
            "content": "初衷没错，但是油盐不进，太过固执",
            "time": "19-9-11 09:22"
        },
        {
            "comment id": 56,
            "parent": -1,
            "children": [],
            "user id": "2197929257",
            "user name": "拒宅手册",
            "content": "连最基本的常识都没有",
            "time": "19-9-8 13:09"
        },
        {
            "comment id": 57,
            "parent": -1,
            "children": [],
            "user id": "2290435721",
            "user name": "极品小生_",
            "content": "狂犬病患者不会学狗叫，没有任何例子！狂犬病又称恐水症",
            "time": "19-9-6 10:22"
        },
        {
            "comment id": 58,
            "parent": -1,
            "children": [],
            "user id": "1841207984",
            "user name": "yyvonnene",
            "content": "阿姨，警察已经辟谣了，狂犬病不会学狗叫，这叫图雷特综合症",
            "time": "19-9-6 08:52"
        },
        {
            "comment id": 59,
            "parent": -1,
            "children": [],
            "user id": "3832775980",
            "user name": "孙叔淑",
            "content": "张丰毅家里为嘛这么黑咋可能是啊",
            "time": "19-9-6 09:17"
        },
        {
            "comment id": 60,
            "parent": -1,
            "children": [],
            "user id": "5357060583",
            "user name": "WslbA32",
            "content": "不是张丰毅，那个小孩也不是狂犬病，你不觉得你自己跟个脑残一样吗？",
            "time": "19-9-6 08:11"
        },
        {
            "comment id": 61,
            "parent": -1,
            "children": [],
            "user id": "6530708067",
            "user name": "葡萄干爸",
            "content": "怎么举报博主造谣？已经涉嫌违法了！",
            "time": "19-9-7 01:11"
        },
        {
            "comment id": 62,
            "parent": -1,
            "children": [],
            "user id": "2023235997",
            "user name": "大橘在树上",
            "content": "营销号发博都不用带脑子么",
            "time": "19-9-6 10:52"
        },
        {
            "comment id": 63,
            "parent": -1,
            "children": [],
            "user id": "2290435721",
            "user name": "极品小生_",
            "content": "傻屌",
            "time": "19-9-6 10:20"
        },
        {
            "comment id": 64,
            "parent": -1,
            "children": [],
            "user id": "2208645677",
            "user name": "森淼少许",
            "content": "你这眼神真是有点问题，仔细拿张丰毅的照片跟这个视频对照对照去吧。别自己眼神有问题跑出来造谣。",
            "time": "19-9-6 09:03"
        },
        {
            "comment id": 65,
            "parent": -1,
            "children": [],
            "user id": "5949083597",
            "user name": "e-butterfly1122",
            "content": "麻烦不懂的先去补一下知识 数理化不懂 疾病表现还查不到吗？",
            "time": "19-9-8 20:41"
        },
        {
            "comment id": 66,
            "parent": -1,
            "children": [],
            "user id": "1326026223",
            "user name": "了倒起字名",
            "content": "狂犬病的症状不是畏光，恐水吗？咋成了学狗叫",
            "time": "19-9-8 19:15"
        },
        {
            "comment id": 67,
            "parent": -1,
            "children": [],
            "user id": "1844798750",
            "user name": "豚豚屁",
            "content": "没脑子还学人家造谣。",
            "time": "19-9-8 02:10"
        },
        {
            "comment id": 68,
            "parent": -1,
            "children": [],
            "user id": "6321967285",
            "user name": "狐狸君西堙",
            "content": "看看你发的微博，已经被官方证实为不实消息了，你咋还不认头？而且狂犬症也不学狗叫",
            "time": "19-9-7 22:36"
        },
        {
            "comment id": 69,
            "parent": -1,
            "children": [],
            "user id": "5257922137",
            "user name": "今天心跳很急",
            "content": "造谣者需要负法律责任",
            "time": "19-9-7 03:23"
        },
        {
            "comment id": 70,
            "parent": -1,
            "children": [],
            "user id": "5620767925",
            "user name": "晨曦Yi心曌南笙",
            "content": "又来了 我家风衣没孙子 况且那个人也不是风衣",
            "time": "19-9-6 20:16"
        },
        {
            "comment id": 71,
            "parent": -1,
            "children": [],
            "user id": "1712156855",
            "user name": "v寶_大小姐",
            "content": "别说什么提醒，发这种视频本身就已经是在散播谣言",
            "time": "19-9-6 09:18"
        },
        {
            "comment id": 72,
            "parent": -1,
            "children": [],
            "user id": "6259005121",
            "user name": "墨眉无渊",
            "content": "狂犬病就是学狗叫？能不能先查下资料，然后再发？开局一段视频，文字随便编。",
            "time": "19-9-13 16:04"
        },
        {
            "comment id": 73,
            "parent": -1,
            "children": [],
            "user id": "2340075431",
            "user name": "名字都被人占了哦",
            "content": "姐妹你没救了",
            "time": "19-9-12 23:08"
        },
        {
            "comment id": 74,
            "parent": -1,
            "children": [],
            "user id": "2250714607",
            "user name": "在线的文人",
            "content": "666，被处理了",
            "time": "19-9-11 19:03"
        },
        {
            "comment id": 75,
            "parent": -1,
            "children": [],
            "user id": "6871423302",
            "user name": "万事胜意熬",
            "content": "那这个小孩是怎么了",
            "time": "19-9-10 04:37"
        },
        {
            "comment id": 76,
            "parent": -1,
            "children": [],
            "user id": "5859769736",
            "user name": "懒惰的荳荳",
            "content": "为什么就没人关心一下视频里的孩子呢我看了挺心疼他的。",
            "time": "19-9-9 22:06"
        },
        {
            "comment id": 77,
            "parent": -1,
            "children": [],
            "user id": "5334821028",
            "user name": "罗斯今天首发了吗",
            "content": "大家多转发，够500就能拘留他了",
            "time": "19-9-9 13:57"
        },
        {
            "comment id": 78,
            "parent": -1,
            "children": [],
            "user id": "2240975271",
            "user name": "王豆豆Eva",
            "content": "发这种造谣，你是没脑子吗？",
            "time": "19-9-8 13:28"
        },
        {
            "comment id": 79,
            "parent": -1,
            "children": [],
            "user id": "2240975271",
            "user name": "王豆豆Eva",
            "content": "你再造谣就等法律处罚吧",
            "time": "19-9-8 13:28"
        },
        {
            "comment id": 80,
            "parent": -1,
            "children": [],
            "user id": "5873071312",
            "user name": "做一个开心的肥肠",
            "content": "额，狂犬病的症状是这个？怕是上学没学好吧",
            "time": "19-9-8 20:39"
        },
        {
            "comment id": 81,
            "parent": -1,
            "children": [],
            "user id": "6524986412",
            "user name": "小瑄瑄来了",
            "content": "别再造谣了，这个很久之前就被辟谣了好么，而且这是图雷特综合症，后面的人也不是张丰毅",
            "time": "19-9-6 09:10"
        },
        {
            "comment id": 82,
            "parent": -1,
            "children": [],
            "user id": "6379912532",
            "user name": "温软软ii",
            "content": "脑子是个好东西。可惜你没有。",
            "time": "19-9-7 20:30"
        },
        {
            "comment id": 83,
            "parent": -1,
            "children": [],
            "user id": "5628814832",
            "user name": "waxq703",
            "content": "@跟我去鬼混叭",
            "time": "19-9-7 09:20"
        },
        {
            "comment id": 84,
            "parent": -1,
            "children": [],
            "user id": "6706037565",
            "user name": "33s前",
            "content": "@穿上毛衣了",
            "time": "19-9-6 19:11"
        },
        {
            "comment id": 85,
            "parent": -1,
            "children": [],
            "user id": "3291328240",
            "user name": "一丁珊",
            "content": "阿姨，警察已经辟谣了，狂犬病不会学狗叫，这叫图雷特综合症",
            "time": "19-9-6 13:27"
        },
        {
            "comment id": 86,
            "parent": -1,
            "children": [],
            "user id": "7300736644",
            "user name": "皮皮蕉我们走",
            "content": "去你🐎的吧",
            "time": "19-9-6 09:45"
        }
    ]
}