{
    "source": {
        "content": "你知道孙中山亲自设计，民国政府将其定为国服的中山装有什么涵义吗？1.四方袋表示“礼义廉耻”。袋盖为倒置笔架，寓意以文治国。2.门襟五粒扣代表“行政、立法、司法、考试、监察”五权分立，比西方多两项。3.袖口三粒扣代表“民族民权民生”三民主义。4.后背整片，代表国家统一。5.衣领紧闭代表严谨治国。",
        "time": "19-9-5 22:52",
        "user id": "3876174997",
        "tweet id": "I5zStpG30",
        "label": 1,
        "theme": null
    },
    "comment": [
        {
            "comment id": 0,
            "parent": -1,
            "children": [
                2,
                7,
                8,
                9
            ],
            "user id": "3935849787",
            "user name": "傻友骑车去旅行",
            "content": "深刻～可惜了",
            "time": "19-9-5 23:07"
        },
        {
            "comment id": 1,
            "parent": 2,
            "children": [],
            "user id": "5428880648",
            "user name": "陈年网虱",
            "content": "回复@Leo豪GE:新闻发布会穿的就是西装",
            "time": "19-9-6 19:02"
        },
        {
            "comment id": 2,
            "parent": 0,
            "children": [
                1
            ],
            "user id": "5966605971",
            "user name": "Leo豪GE",
            "content": "回复@痴N先森:国庆阅兵，一把手穿的啥？西装？？？",
            "time": "19-9-6 18:19"
        },
        {
            "comment id": 3,
            "parent": 4,
            "children": [],
            "user id": "7185668540",
            "user name": "11月19报名99730",
            "content": "回复@晚舟乘风:可惜资产阶级归袁世凯了",
            "time": "19-9-6 17:36"
        },
        {
            "comment id": 4,
            "parent": 5,
            "children": [
                3
            ],
            "user id": "5688744438",
            "user name": "晚舟乘风",
            "content": "回复@这都什么玩意儿啊:现在看当然是这样！老三民的提出本身就很有总结性了！毕竟孙接受帝国的教育！不容易跳出这个框架！后期接受马克思后的新三民当然更先进！",
            "time": "19-9-6 17:34"
        },
        {
            "comment id": 5,
            "parent": 7,
            "children": [
                4
            ],
            "user id": "2725487147",
            "user name": "这都什么玩意儿啊",
            "content": "回复@晚舟乘风:局限性太大了 新三民还好一些老三民完全是民粹主义",
            "time": "19-9-6 16:26"
        },
        {
            "comment id": 6,
            "parent": 7,
            "children": [],
            "user id": "6134569921",
            "user name": "妖刀速来护驾",
            "content": "回复@晚舟乘风:没有袁世凯武昌能成功？",
            "time": "19-9-6 14:59"
        },
        {
            "comment id": 7,
            "parent": 0,
            "children": [
                5,
                6
            ],
            "user id": "5688744438",
            "user name": "晚舟乘风",
            "content": "不可惜！三民思想深刻把握当时的社会矛盾！一群人为了国家抛家弃子！那种奋斗响彻整个时代！而袁世凯称帝并不是三民主义的失败！这个要辩证的看",
            "time": "19-9-6 11:42"
        },
        {
            "comment id": 8,
            "parent": 0,
            "children": [],
            "user id": "5428880648",
            "user name": "陈年网虱",
            "content": "回复@DERLANK_K2553木有方克生:可惜现在都是穿西装",
            "time": "19-9-6 11:24"
        },
        {
            "comment id": 9,
            "parent": 0,
            "children": [],
            "user id": "1741825317",
            "user name": "我是DERLANK",
            "content": "可惜啥呢？",
            "time": "19-9-6 09:59"
        },
        {
            "comment id": 10,
            "parent": -1,
            "children": [
                11,
                12,
                13,
                14,
                15,
                16,
                17,
                18,
                19,
                20,
                21,
                22
            ],
            "user id": "7060281712",
            "user name": "中国历史研究院",
            "content": "提醒一下，不再复述。 ",
            "time": "19-9-6 16:23"
        },
        {
            "comment id": 11,
            "parent": 10,
            "children": [],
            "user id": "5419771366",
            "user name": "秦小官人",
            "content": "历史虚无可真严重啊  这些人什么来头",
            "time": "19-9-7 14:58"
        },
        {
            "comment id": 12,
            "parent": 10,
            "children": [],
            "user id": "5188803871",
            "user name": "努力努力再努力bellis",
            "content": "楼里说人教版有考试题目有的麻烦照张相来，我记得只学过三民主义和四方袋的含义，其他可没听过",
            "time": "19-9-7 11:22"
        },
        {
            "comment id": 13,
            "parent": 10,
            "children": [],
            "user id": "2623243400",
            "user name": "七哥依旧不想说话",
            "content": "现场打脸 哈哈哈哈",
            "time": "19-9-6 19:36"
        },
        {
            "comment id": 14,
            "parent": 10,
            "children": [],
            "user id": "3309709602",
            "user name": "星夜西湖",
            "content": "记得人教版中学历史书好像有这种说法",
            "time": "19-9-6 19:00"
        },
        {
            "comment id": 15,
            "parent": 10,
            "children": [],
            "user id": "3743263887",
            "user name": "守序善良雪亲王",
            "content": "奉旨打脸",
            "time": "19-9-6 18:29"
        },
        {
            "comment id": 16,
            "parent": 10,
            "children": [],
            "user id": "1076695640",
            "user name": "自在飞",
            "content": "喜闻乐见的打脸现场啊",
            "time": "19-9-6 18:27"
        },
        {
            "comment id": 17,
            "parent": 10,
            "children": [],
            "user id": "1834891791",
            "user name": "闲行独自归",
            "content": "可是考试题目有它，答案解释有它，现在历史教案还是有它",
            "time": "19-9-6 18:26"
        },
        {
            "comment id": 18,
            "parent": 10,
            "children": [],
            "user id": "6883520720",
            "user name": "我是渺我回来了",
            "content": "还是关注你比较靠谱",
            "time": "19-9-6 18:19"
        },
        {
            "comment id": 19,
            "parent": 10,
            "children": [],
            "user id": "1203555683",
            "user name": "天天哥哥I",
            "content": "哈哈哈哈 极速打脸 真香",
            "time": "19-9-6 18:19"
        },
        {
            "comment id": 20,
            "parent": 10,
            "children": [],
            "user id": "1977172357",
            "user name": "素素素素念",
            "content": "hhhhhhhhhhhhhhhhhhhhhhhh，在线打脸，我爱了",
            "time": "19-9-6 18:15"
        },
        {
            "comment id": 21,
            "parent": 10,
            "children": [],
            "user id": "6062369428",
            "user name": "轻风入画来",
            "content": "通融一下嘛！",
            "time": "19-9-6 18:07"
        },
        {
            "comment id": 22,
            "parent": 10,
            "children": [],
            "user id": "2245307941",
            "user name": "特朤噗",
            "content": "建议博主还是投案自首吧",
            "time": "19-9-6 16:34"
        },
        {
            "comment id": 23,
            "parent": -1,
            "children": [
                24,
                25,
                26,
                27,
                28,
                29
            ],
            "user id": "1458615453",
            "user name": "华中雄",
            "content": "真能附会哈😊。”门襟五粒扣代表行政、立法、司法、考试、监察五权分立“，人家孔先生设计的七粒扣子的，是我朝改为五粒扣子的哈",
            "time": "19-9-5 23:21"
        },
        {
            "comment id": 24,
            "parent": 23,
            "children": [],
            "user id": "7185668540",
            "user name": "11月19报名99730",
            "content": "可惜政权归了袁世凯蒋介石，资产阶级失败。然后，嘿嘿",
            "time": "19-9-6 17:37"
        },
        {
            "comment id": 25,
            "parent": 23,
            "children": [],
            "user id": "6481642428",
            "user name": "我是Dawn001",
            "content": "微博上的知名历史，知名财经基本都是香蕉人或者网络间谍 各种歪曲历史和扯淡言论偏偏还有那么多人信",
            "time": "19-9-6 17:31"
        },
        {
            "comment id": 26,
            "parent": 23,
            "children": [],
            "user id": "1630815957",
            "user name": "极度深寒201101",
            "content": "回复@老七201001:和高考阅读一个德行",
            "time": "19-9-6 14:19"
        },
        {
            "comment id": 27,
            "parent": 23,
            "children": [],
            "user id": "7163283901",
            "user name": "赤甲山里白盐先生",
            "content": "人家就改个衣服而已，孙先生可能都不会想到这些鸟人能搞出这么多东西来，纯属闲的蛋疼",
            "time": "19-9-6 11:46"
        },
        {
            "comment id": 28,
            "parent": 23,
            "children": [],
            "user id": "5948498153",
            "user name": "4AM噶德伟",
            "content": "孔祥熙？？？？",
            "time": "19-9-6 11:07"
        },
        {
            "comment id": 29,
            "parent": 23,
            "children": [],
            "user id": "1765867097",
            "user name": "竹径微",
            "content": "孔先生是孔子吗",
            "time": "19-9-6 09:59"
        },
        {
            "comment id": 30,
            "parent": -1,
            "children": [
                33,
                40
            ],
            "user id": "5247073016",
            "user name": "克拉玛依分析能力太强卢宁强",
            "content": "说得好听，一旦坐了天下就不是这么回事了，洪秀全比他画的饼更大，结果搞成了人间地狱。",
            "time": "19-9-6 07:29"
        },
        {
            "comment id": 31,
            "parent": 40,
            "children": [],
            "user id": "5966605971",
            "user name": "Leo豪GE",
            "content": "回复@四腰酒吧:是蒋介石",
            "time": "19-9-7 14:53"
        },
        {
            "comment id": 32,
            "parent": 40,
            "children": [],
            "user id": "5188803871",
            "user name": "努力努力再努力bellis",
            "content": "回复@四腰酒吧:可能是带领全世界人民追寻民主自由吧",
            "time": "19-9-7 12:23"
        },
        {
            "comment id": 33,
            "parent": 30,
            "children": [],
            "user id": "1716709343",
            "user name": "sapphir",
            "content": "回复@月夜凌霄醉:难道现在不是在逐步努力实现吗？70年的进步有目共睹",
            "time": "19-9-7 10:24"
        },
        {
            "comment id": 34,
            "parent": 40,
            "children": [],
            "user id": "3176328380",
            "user name": "凡不予",
            "content": "回复@四腰酒吧:别以为我不知道，我知道也不说",
            "time": "19-9-6 20:05"
        },
        {
            "comment id": 35,
            "parent": 40,
            "children": [],
            "user id": "2101087214",
            "user name": "此生不悔入华夏来世还生种花家",
            "content": "回复@四腰酒吧:大到国家，小到公司，古今往来，做事情都要拿个理想撑个旗帜出来，你是不是对画大饼有什么误解？",
            "time": "19-9-6 17:23"
        },
        {
            "comment id": 36,
            "parent": 40,
            "children": [],
            "user id": "5255898586",
            "user name": "V二八二五六",
            "content": "回复@四腰酒吧:我以为蒋介石呢",
            "time": "19-9-6 14:26"
        },
        {
            "comment id": 37,
            "parent": 40,
            "children": [],
            "user id": "2949716347",
            "user name": "逐梦走丶天涯",
            "content": "回复@四腰酒吧:开门！精准扶贫！",
            "time": "19-9-6 14:25"
        },
        {
            "comment id": 38,
            "parent": 40,
            "children": [],
            "user id": "1630815957",
            "user name": "极度深寒201101",
            "content": "回复@四腰酒吧:你是不是要收快递了",
            "time": "19-9-6 14:19"
        },
        {
            "comment id": 39,
            "parent": 40,
            "children": [],
            "user id": "5827930149",
            "user name": "蕃茄蛋汤_888",
            "content": "回复@四腰酒吧:喜欢讲就多讲一点嘛",
            "time": "19-9-6 14:01"
        },
        {
            "comment id": 40,
            "parent": 30,
            "children": [
                31,
                32,
                34,
                35,
                36,
                37,
                38,
                39
            ],
            "user id": "5050416804",
            "user name": "四腰酒吧",
            "content": "画饼最大可不是洪秀全，是，嗯……自己想！我忘了",
            "time": "19-9-6 11:59"
        },
        {
            "comment id": 41,
            "parent": -1,
            "children": [
                42,
                43
            ],
            "user id": "2142768495",
            "user name": "一枚平凡的男孩",
            "content": "瞎掰扯啥？孙中山自己都是混黑社会洪门的",
            "time": "19-9-6 06:18"
        },
        {
            "comment id": 42,
            "parent": 41,
            "children": [],
            "user id": "5722134009",
            "user name": "無心法师117",
            "content": "回复@德艺双馨的稀有的缓缓翱翔的鸵鸟:好像是假博士",
            "time": "19-9-7 17:29"
        },
        {
            "comment id": 43,
            "parent": 41,
            "children": [],
            "user id": "1716709343",
            "user name": "sapphir",
            "content": "那时是爱国社团，因为他们的目标是反清复明和抗击外敌，被当时的当权政府定性为非法组织，新中国成立时国内的洪门组织就变成了合法民主党派——致公党了。",
            "time": "19-9-7 10:30"
        },
        {
            "comment id": 44,
            "parent": -1,
            "children": [
                45,
                46,
                47,
                48,
                49
            ],
            "user id": "3899555140",
            "user name": "8023罗布泊",
            "content": "现在很少有人穿了🇨🇳",
            "time": "19-9-6 14:17"
        },
        {
            "comment id": 45,
            "parent": 44,
            "children": [],
            "user id": "3411519060",
            "user name": "金毛是家装小能手",
            "content": "回复@欢脱子熙:所以确实是很少人穿啊……",
            "time": "19-9-6 22:19"
        },
        {
            "comment id": 46,
            "parent": 44,
            "children": [],
            "user id": "3411519060",
            "user name": "金毛是家装小能手",
            "content": "回复@欢脱子熙:“有的老师”“偶尔穿”，这个楼主说的穿的人不多不是一个意思吗？",
            "time": "19-9-6 22:05"
        },
        {
            "comment id": 47,
            "parent": 44,
            "children": [],
            "user id": "3411519060",
            "user name": "金毛是家装小能手",
            "content": "回复@欢脱子熙:中国虽然说要进入老龄化社会了，但老头子也不多的吧，好歹人口结构是纺锤形……",
            "time": "19-9-6 22:04"
        },
        {
            "comment id": 48,
            "parent": 44,
            "children": [],
            "user id": "3411519060",
            "user name": "金毛是家装小能手",
            "content": "回复@欢脱子熙:国内很多老大？",
            "time": "19-9-6 21:59"
        },
        {
            "comment id": 49,
            "parent": 44,
            "children": [],
            "user id": "3411519060",
            "user name": "金毛是家装小能手",
            "content": "回复@欢脱子熙:国内很多中山装？",
            "time": "19-9-6 20:52"
        },
        {
            "comment id": 50,
            "parent": -1,
            "children": [],
            "user id": "2644980057",
            "user name": "传说中的那条虫",
            "content": "这是后来人的牵强附会！早期雏形就是日本学生制服而已。",
            "time": "19-9-6 15:28"
        },
        {
            "comment id": 51,
            "parent": -1,
            "children": [],
            "user id": "1652166212",
            "user name": "姬千鸟",
            "content": "这衣服不是他设计的",
            "time": "19-9-6 06:55"
        },
        {
            "comment id": 52,
            "parent": -1,
            "children": [
                53
            ],
            "user id": "1427162125",
            "user name": "事故天春",
            "content": "不就是日本学生装？",
            "time": "19-9-6 10:12"
        },
        {
            "comment id": 53,
            "parent": 52,
            "children": [],
            "user id": "2258409635",
            "user name": "执着的依米",
            "content": "其实是普鲁士军装啦",
            "time": "19-9-7 06:50"
        },
        {
            "comment id": 54,
            "parent": -1,
            "children": [],
            "user id": "1730697793",
            "user name": "许你一路顺风",
            "content": "后任者可没有按照他的思想做事",
            "time": "19-9-6 10:42"
        },
        {
            "comment id": 55,
            "parent": -1,
            "children": [],
            "user id": "5985919845",
            "user name": "酒醒何处201607",
            "content": "是孙中山想的这么完美还是你想的这么完美呢？",
            "time": "19-9-6 16:25"
        },
        {
            "comment id": 56,
            "parent": -1,
            "children": [],
            "user id": "1880592712",
            "user name": "李斌sightlife",
            "content": "后背不是整片难道还通风",
            "time": "19-9-6 10:34"
        },
        {
            "comment id": 57,
            "parent": -1,
            "children": [],
            "user id": "1322304685",
            "user name": "颖畔布衣",
            "content": "孙中山说：我都不知道这些，你特娘的还真是个天才！",
            "time": "19-9-6 16:28"
        },
        {
            "comment id": 58,
            "parent": -1,
            "children": [],
            "user id": "2746774165",
            "user name": "逆火T22",
            "content": "净瞎扯淡，一本正经的胡说八道……",
            "time": "19-9-6 20:13"
        },
        {
            "comment id": 59,
            "parent": -1,
            "children": [],
            "user id": "5928199039",
            "user name": "罗马fans俱乐部",
            "content": "@我的印象笔记",
            "time": "19-9-6 17:20"
        },
        {
            "comment id": 60,
            "parent": -1,
            "children": [],
            "user id": "6060059513",
            "user name": "悠然见南山78254",
            "content": "涨姿势了",
            "time": "19-9-6 17:05"
        },
        {
            "comment id": 61,
            "parent": -1,
            "children": [],
            "user id": "6930161154",
            "user name": "K2J1314",
            "content": "嗯",
            "time": "19-9-6 15:52"
        },
        {
            "comment id": 62,
            "parent": -1,
            "children": [],
            "user id": "6673905373",
            "user name": "一个小透明8581",
            "content": "原来如此",
            "time": "19-9-6 09:18"
        },
        {
            "comment id": 63,
            "parent": -1,
            "children": [],
            "user id": "3164851054",
            "user name": "六十六中队",
            "content": "有点意思。",
            "time": "19-9-5 23:24"
        },
        {
            "comment id": 64,
            "parent": -1,
            "children": [],
            "user id": "2700778692",
            "user name": "长枪骑士金闪闪",
            "content": "开局一张图 内容全靠编🙃",
            "time": "19-9-7 10:38"
        },
        {
            "comment id": 65,
            "parent": -1,
            "children": [],
            "user id": "2548654147",
            "user name": "黄昏的橙果",
            "content": "四方袋是吃喝嫖赌，袋口是不被发现，",
            "time": "19-9-6 16:08"
        },
        {
            "comment id": 66,
            "parent": -1,
            "children": [],
            "user id": "1706137214",
            "user name": "贾克布",
            "content": "中国的美学思想是以寓意和象征为核心，观感的美感为表现和语言，这种思路下的作品虽然不总是会眼前一亮，但经得起时间的久久品味。",
            "time": "19-9-6 10:50"
        },
        {
            "comment id": 67,
            "parent": -1,
            "children": [],
            "user id": "5380126030",
            "user name": "我是涛仔呀",
            "content": "编个洗脑的话术定义狗毛都能给你吹上天",
            "time": "19-9-6 09:40"
        },
        {
            "comment id": 68,
            "parent": -1,
            "children": [],
            "user id": "5768444932",
            "user name": "拖延症惹蚊子",
            "content": "孙中山：我可没想这么多",
            "time": "19-9-6 18:00"
        },
        {
            "comment id": 69,
            "parent": -1,
            "children": [],
            "user id": "2028765360",
            "user name": "徵文心",
            "content": "孙中山:是鲁迅说的",
            "time": "19-9-6 17:54"
        },
        {
            "comment id": 70,
            "parent": -1,
            "children": [],
            "user id": "1386192477",
            "user name": "涂数字",
            "content": "又在造陈年老谣了",
            "time": "19-9-6 17:13"
        },
        {
            "comment id": 71,
            "parent": -1,
            "children": [],
            "user id": "1964840432",
            "user name": "天堂鱼的世界",
            "content": "孙中山：你们想太多了",
            "time": "19-9-6 16:24"
        },
        {
            "comment id": 72,
            "parent": -1,
            "children": [],
            "user id": "6569410664",
            "user name": "我一会就去",
            "content": "这是假的",
            "time": "19-9-7 10:30"
        },
        {
            "comment id": 73,
            "parent": -1,
            "children": [],
            "user id": "6739839264",
            "user name": "易祥万玺",
            "content": "玩五权分立更完蛋操",
            "time": "19-9-7 08:32"
        },
        {
            "comment id": 74,
            "parent": -1,
            "children": [],
            "user id": "3079979755",
            "user name": "天亮也别吵",
            "content": "阅读理解做多了吧",
            "time": "19-9-7 03:50"
        },
        {
            "comment id": 75,
            "parent": -1,
            "children": [],
            "user id": "1157799840",
            "user name": "幻海浮生",
            "content": "后背整片？国家统一？牵强附会到如此地步",
            "time": "19-9-6 21:23"
        },
        {
            "comment id": 76,
            "parent": -1,
            "children": [],
            "user id": "6726125934",
            "user name": "苕棒头98927",
            "content": "小編，你是去中山陵，問中山先生的嗎？",
            "time": "19-9-6 18:39"
        },
        {
            "comment id": 77,
            "parent": -1,
            "children": [],
            "user id": "2209866205",
            "user name": "舟木攸",
            "content": "读的是💩吧…多么牵强附会的造谣啊。",
            "time": "19-9-6 18:35"
        },
        {
            "comment id": 78,
            "parent": -1,
            "children": [],
            "user id": "1322872950",
            "user name": "踏雪丨行歌",
            "content": "也不知道真假",
            "time": "19-9-6 18:33"
        },
        {
            "comment id": 79,
            "parent": -1,
            "children": [],
            "user id": "2614959413",
            "user name": "萌萌哒的樊麽酱",
            "content": "5个扣子更像五大洲。",
            "time": "19-9-6 18:16"
        },
        {
            "comment id": 80,
            "parent": -1,
            "children": [],
            "user id": "3285796333",
            "user name": "咪高積遜",
            "content": "我想孫中山先生 不太明白中國人的特性 民族的特質 因為他這樣的思想 一定的程度上說 完全是西方國家的資本主義思想 但孫中山先生確實是一個偉人 思想改革派！",
            "time": "19-9-6 18:11"
        },
        {
            "comment id": 81,
            "parent": -1,
            "children": [],
            "user id": "2006797943",
            "user name": "万俊权",
            "content": "据我所知是和当时的日本学生装有很大关系的。",
            "time": "19-9-6 18:09"
        },
        {
            "comment id": 82,
            "parent": -1,
            "children": [],
            "user id": "1744396480",
            "user name": "霍曾布鲁斯老爷",
            "content": "微博上名字有历史的自媒体博主至少一半是谣言造假搬运工",
            "time": "19-9-6 18:03"
        },
        {
            "comment id": 83,
            "parent": -1,
            "children": [],
            "user id": "6414954049",
            "user name": "皇帝他的新衣",
            "content": "我管它什么含义，一个破衣服那么多道道？舒服不就行吗。不舒服就不穿。所以现在都不穿了，勒脖子难受",
            "time": "19-9-6 17:41"
        },
        {
            "comment id": 84,
            "parent": -1,
            "children": [],
            "user id": "2852918505",
            "user name": "亲亲如来",
            "content": "瞎扯淡",
            "time": "19-9-6 18:48"
        },
        {
            "comment id": 85,
            "parent": -1,
            "children": [],
            "user id": "7276899663",
            "user name": "小小兵20190809",
            "content": "伟大的理想主义者",
            "time": "19-9-6 17:32"
        },
        {
            "comment id": 86,
            "parent": -1,
            "children": [],
            "user id": "6315620237",
            "user name": "炒股犯正传",
            "content": "",
            "time": "19-9-6 17:27"
        },
        {
            "comment id": 87,
            "parent": -1,
            "children": [],
            "user id": "5403026455",
            "user name": "无聊的好闲",
            "content": "初中老师讲的@严律己丶不律人",
            "time": "19-9-6 16:06"
        },
        {
            "comment id": 88,
            "parent": -1,
            "children": [],
            "user id": "7276611534",
            "user name": "亦襄阳",
            "content": "寓意再多也没用",
            "time": "19-9-6 14:43"
        },
        {
            "comment id": 89,
            "parent": -1,
            "children": [],
            "user id": "1918784151",
            "user name": "叫兽讲整形",
            "content": "一代伟人！",
            "time": "19-9-6 14:07"
        },
        {
            "comment id": 90,
            "parent": -1,
            "children": [],
            "user id": "1979436345",
            "user name": "一秒一时一刻",
            "content": "这么讲究",
            "time": "19-9-6 11:49"
        },
        {
            "comment id": 91,
            "parent": -1,
            "children": [],
            "user id": "1103315813",
            "user name": "巨灵神巴萨",
            "content": "中山装",
            "time": "19-9-6 11:38"
        }
    ]
}