{
    "source": {
        "content": "【贵州一落马的副县长染上爱滋病，害得全县 30多名女干部和女教师都往医院跑】杨昌明遭刑拘后查出患有艾滋病，疾控部门要求其供述与其有染的女性，结果名单上竟有30多人。女干部的老公要去体检，女干部老公的情妇要去体检…给各位靠身体上位的女士提个醒：上床有风险，脱裤需谨慎。 #艾滋病# ",
        "time": "19-9-10 13:41",
        "user id": "1986561077",
        "tweet id": "I6hpkjiWD",
        "label": 1,
        "theme": null
    },
    "comment": [
        {
            "comment id": 0,
            "parent": -1,
            "children": [
                1
            ],
            "user id": "5025370510",
            "user name": "A叻嘞",
            "content": "谴责一下无良媒体。也就只能这样而已。",
            "time": "19-9-10 22:28"
        },
        {
            "comment id": 1,
            "parent": 0,
            "children": [],
            "user id": "1986561077",
            "user name": "乐山陈晓宇",
            "content": "所以媒体报道只管爆点，而不管真实性",
            "time": "19-9-10 22:29"
        },
        {
            "comment id": 2,
            "parent": -1,
            "children": [],
            "user id": "1683214337",
            "user name": "坐在岸边看风景o",
            "content": "呵呵，风情和风险在于一念之间",
            "time": "19-9-12 12:42"
        },
        {
            "comment id": 3,
            "parent": -1,
            "children": [],
            "user id": "1661053162",
            "user name": "大熊星座守望者",
            "content": "虚假新闻。",
            "time": "19-9-12 09:12"
        },
        {
            "comment id": 4,
            "parent": -1,
            "children": [],
            "user id": "3792996817",
            "user name": "Mr灬XxQ",
            "content": "好恶心🤢",
            "time": "19-9-10 18:19"
        },
        {
            "comment id": 5,
            "parent": -1,
            "children": [
                6
            ],
            "user id": "5591946669",
            "user name": "佛说521521",
            "content": "多年前就看到过这个新闻，其实就是媒体的假新闻，利用艾滋病感染者来提高阅读量和知名度，根本没有的事。贵州这位副县长确实落马，但根本没有感染hiv，也没有所谓情妇30多人去检查，媒体对这样失实报道和踩着感染者痛点骗取流量的做法也该停止了！",
            "time": "19-9-10 14:35"
        },
        {
            "comment id": 6,
            "parent": 5,
            "children": [
                7
            ],
            "user id": "6482094384",
            "user name": "理科小学长",
            "content": "也是这样的报道多了让一种疾病污名化",
            "time": "19-9-10 17:12"
        },
        {
            "comment id": 7,
            "parent": 6,
            "children": [],
            "user id": "5591946669",
            "user name": "佛说521521",
            "content": "回复 @理科小学长:对",
            "time": "19-9-10 17:16"
        }
    ]
}