{
    "source": {
        "content": "指哥超话大妈买个菜，只因一块钱“买”来五年有期徒刑 ，到底发生了什么？ ",
        "time": "19-9-15 15:06",
        "user id": "3023215907",
        "tweet id": "I736wjJ4Y",
        "label": 1,
        "theme": null
    },
    "comment": [
        {
            "comment id": 0,
            "parent": -1,
            "children": [],
            "user id": "3023215907",
            "user name": "指尖长春",
            "content": "只能说有才",
            "time": "19-9-18 09:21"
        },
        {
            "comment id": 1,
            "parent": -1,
            "children": [],
            "user id": "5176824063",
            "user name": "翠叮当珠宝",
            "content": "我来看看博主好文采",
            "time": "19-9-15 15:49"
        },
        {
            "comment id": 2,
            "parent": -1,
            "children": [],
            "user id": "3545796917",
            "user name": "七月alf",
            "content": "该",
            "time": "19-9-15 16:22"
        },
        {
            "comment id": 3,
            "parent": -1,
            "children": [
                4
            ],
            "user id": "2487925613",
            "user name": "哈哩波峰",
            "content": "也他妈够了，贪污个千八百万也不过如此",
            "time": "19-9-15 23:38"
        },
        {
            "comment id": 4,
            "parent": 3,
            "children": [],
            "user id": "2194080287",
            "user name": "gnaWnauG",
            "content": "都是管没权没钱的.有钱的咋滴都行",
            "time": "19-9-16 08:51"
        },
        {
            "comment id": 5,
            "parent": -1,
            "children": [],
            "user id": "3180749193",
            "user name": "GQ冬日暖陽",
            "content": "大城市不惯着你",
            "time": "19-9-18 08:06"
        },
        {
            "comment id": 6,
            "parent": -1,
            "children": [],
            "user id": "3720492085",
            "user name": "你若安好那还得了4不4",
            "content": "为了逃避带小孩也是拼了老命了",
            "time": "19-9-15 22:13"
        },
        {
            "comment id": 7,
            "parent": -1,
            "children": [],
            "user id": "5756450332",
            "user name": "文win博",
            "content": "必须治她泱泱华夏怎么能让你随便作恶",
            "time": "19-9-15 18:52"
        },
        {
            "comment id": 8,
            "parent": -1,
            "children": [],
            "user id": "5847364723",
            "user name": "我的名让人占用了",
            "content": "本想按闹获利",
            "time": "19-9-15 18:50"
        },
        {
            "comment id": 9,
            "parent": -1,
            "children": [],
            "user id": "5095642855",
            "user name": "蓝山醇",
            "content": "过两年再整出个事 再加几年  估计一时半会是出不来了",
            "time": "19-9-16 05:31"
        }
    ]
}