{
    "source": {
        "content": "外卖小哥路边救人，救人后结果自己的车子被偷走，小哥说：不后悔，一个人，一个车，谁更重要。 ",
        "time": "19-9-15 19:25",
        "user id": "5280953479",
        "tweet id": "I74NEhsIy",
        "label": 1,
        "theme": null
    },
    "comment": [
        {
            "comment id": 0,
            "parent": -1,
            "children": [],
            "user id": "5515174864",
            "user name": "步行者468",
            "content": "趁人之危的盗窃，属于从重情节",
            "time": "19-9-15 19:33"
        },
        {
            "comment id": 1,
            "parent": -1,
            "children": [],
            "user id": "3967328363",
            "user name": "兔宝宝小葵",
            "content": "真帅",
            "time": "19-9-15 19:26"
        },
        {
            "comment id": 2,
            "parent": -1,
            "children": [],
            "user id": "5470383324",
            "user name": "山雨虎符",
            "content": "必须引起公安机关高度重视，寻找目击证人或开动天眼抓到坏人，严惩严惩",
            "time": "19-9-15 19:33"
        },
        {
            "comment id": 3,
            "parent": -1,
            "children": [],
            "user id": "1377422604",
            "user name": "辽宁老关",
            "content": "偷车绝对是损贼。",
            "time": "19-9-15 19:27"
        },
        {
            "comment id": 4,
            "parent": -1,
            "children": [
                5
            ],
            "user id": "2608936370",
            "user name": "Mr-DragonL",
            "content": "可以后悔，为什么好人要当活该的代名词",
            "time": "19-9-15 19:55"
        },
        {
            "comment id": 5,
            "parent": 4,
            "children": [],
            "user id": "3287437791",
            "user name": "DL人海孤鸿",
            "content": "可，有的时候好人真就是活该→_→",
            "time": "19-9-15 20:12"
        },
        {
            "comment id": 6,
            "parent": -1,
            "children": [],
            "user id": "3197217994",
            "user name": "洛先森啊",
            "content": "这賊真他妈损啊",
            "time": "19-9-15 19:51"
        },
        {
            "comment id": 7,
            "parent": -1,
            "children": [],
            "user id": "5303843132",
            "user name": "恋上你的de味道",
            "content": "偷车的真不是个东西！",
            "time": "19-9-15 20:46"
        },
        {
            "comment id": 8,
            "parent": -1,
            "children": [],
            "user id": "5523610547",
            "user name": "亲爱的怀特小姐",
            "content": "这还是人吗！？",
            "time": "19-9-15 19:31"
        },
        {
            "comment id": 9,
            "parent": -1,
            "children": [],
            "user id": "1168529420",
            "user name": "柚子C论",
            "content": "警察叔叔要给点力好吧！快递小哥希望快点找回来",
            "time": "19-9-15 21:07"
        },
        {
            "comment id": 10,
            "parent": -1,
            "children": [],
            "user id": "6316712257",
            "user name": "whatifwhatif",
            "content": "很绅士",
            "time": "19-9-15 19:42"
        },
        {
            "comment id": 11,
            "parent": -1,
            "children": [],
            "user id": "5884557971",
            "user name": "李X没有耶稣的上帝66",
            "content": "这个小偷也不看时候做贼",
            "time": "19-9-16 10:39"
        },
        {
            "comment id": 12,
            "parent": -1,
            "children": [],
            "user id": "6469246528",
            "user name": "我是这样的王先生",
            "content": "这就考验警察实力的时候了",
            "time": "19-9-15 23:40"
        },
        {
            "comment id": 13,
            "parent": -1,
            "children": [],
            "user id": "6295949333",
            "user name": "冰激凌与黑熊",
            "content": "👍🏻 👍🏻 👍🏻 👍🏻 👍🏻 👍🏻 这种精神太可贵了",
            "time": "19-9-15 19:45"
        },
        {
            "comment id": 14,
            "parent": -1,
            "children": [],
            "user id": "1839809154",
            "user name": "西京润柱",
            "content": "找到了车没有？",
            "time": "19-9-15 19:32"
        }
    ]
}