{
    "source": {
        "content": "昨晚上广州白云区人和地铁外面美食街吃小龙蝦中毒！三个男两个女死亡大件事！千万不要回去美食吃小龙蝦中毒，注意饮食。 微博视频 ",
        "time": "19-9-16 01:04",
        "user id": "1967162211",
        "tweet id": "I771lldnx",
        "label": 1,
        "theme": null
    },
    "comment": [
        {
            "comment id": 0,
            "parent": -1,
            "children": [
                4
            ],
            "user id": "5611549818",
            "user name": "广州网警巡查执法",
            "content": "您好，您发布的微博陈述与事实不符。该事件相关单位已作了说明，链接如下：微博正文。请您迅速删除此信息！散布谣言是违法行为，请勿以身试法。",
            "time": "19-9-16 19:15"
        },
        {
            "comment id": 1,
            "parent": 2,
            "children": [],
            "user id": "1967162211",
            "user name": "无声乖乖小子88",
            "content": "回复@我们的幸福路:对的",
            "time": "19-9-18 15:18"
        },
        {
            "comment id": 2,
            "parent": 3,
            "children": [
                1
            ],
            "user id": "1639389837",
            "user name": "我们的幸福路",
            "content": "回复@无声乖乖小子88:有啥？有人死亡吗？如果没有就是造谣，地方多个官微辟谣，媒体都做澄清，博主还要坚持传谣？等警察请茶？",
            "time": "19-9-17 12:19"
        },
        {
            "comment id": 3,
            "parent": 4,
            "children": [
                2
            ],
            "user id": "1967162211",
            "user name": "无声乖乖小子88",
            "content": "回复@我们的幸福路:有的",
            "time": "19-9-17 03:14"
        },
        {
            "comment id": 4,
            "parent": 0,
            "children": [
                3
            ],
            "user id": "1639389837",
            "user name": "我们的幸福路",
            "content": "@无声乖乖小子88 这下好了，要等网警出面博主才会有动作？",
            "time": "19-9-16 19:18"
        },
        {
            "comment id": 5,
            "parent": -1,
            "children": [],
            "user id": "6026341591",
            "user name": "阿纯仔in",
            "content": "瞎扯，几个朋友活的好好的，只是喝多了，现在什么事都没有",
            "time": "19-9-16 12:05"
        },
        {
            "comment id": 6,
            "parent": -1,
            "children": [],
            "user id": "1879940923",
            "user name": "cover_天窗",
            "content": "我那天刚好在现场，只是酗酒过度，后来也了解到人送去医院后没多久就清醒走了，还是请楼主不要造谣吧",
            "time": "19-9-16 11:59"
        },
        {
            "comment id": 7,
            "parent": -1,
            "children": [],
            "user id": "1639389837",
            "user name": "我们的幸福路",
            "content": "造谣是吧？这种消息也敢乱说？据人和镇知情朋友称，就是几个年轻人不知轻重P酒、醉酒，喝高了不省人事，被人送医院治疗，有两个打了个吊针就跑回家了。呼吁@白云公安 出手，严惩造谣者。",
            "time": "19-9-16 11:47"
        }
    ]
}