{
    "source": {
        "content": "真实殉情，就在今天的丽江-玉龙雪山\n一对情侣约好一起从上面跳下去殉情\n演绎雪山的情话故事！！\n结果男的先跳下去粉身碎骨\n女的转身离开了……\n身体发肤授之于父母，且行且珍惜！！  曲奇饼不好吃吗的微博视频 ",
        "time": "19-9-16 22:49",
        "user id": "5880318781",
        "tweet id": "I7fyX17cQ",
        "label": 1,
        "theme": null
    },
    "comment": [
        {
            "comment id": 0,
            "parent": -1,
            "children": [
                1
            ],
            "user id": "3589823863",
            "user name": "sunny9587622",
            "content": "不会吧",
            "time": "19-9-17 08:57"
        },
        {
            "comment id": 1,
            "parent": 0,
            "children": [],
            "user id": "5880318781",
            "user name": "曲奇饼不好吃吗",
            "content": "真的",
            "time": "19-9-17 10:37"
        },
        {
            "comment id": 2,
            "parent": -1,
            "children": [
                3
            ],
            "user id": "5105474629",
            "user name": "纳西族足球",
            "content": "官方通报 不是殉情 ",
            "time": "19-9-16 23:31"
        },
        {
            "comment id": 3,
            "parent": 2,
            "children": [],
            "user id": "5880318781",
            "user name": "曲奇饼不好吃吗",
            "content": "是的",
            "time": "19-9-16 23:32"
        },
        {
            "comment id": 4,
            "parent": -1,
            "children": [],
            "user id": "5880318781",
            "user name": "曲奇饼不好吃吗",
            "content": "辟谣了，是男子一人早上九点贵州飞到丽江的",
            "time": "19-9-16 23:14"
        },
        {
            "comment id": 5,
            "parent": -1,
            "children": [
                6
            ],
            "user id": "2958338317",
            "user name": "Chc-sea",
            "content": "mlgb，造谣？缺德不缺德！",
            "time": "19-9-26 10:48"
        },
        {
            "comment id": 6,
            "parent": 5,
            "children": [],
            "user id": "5880318781",
            "user name": "曲奇饼不好吃吗",
            "content": "你个杠精，评论里面回复已经是辟谣了",
            "time": "19-9-26 20:26"
        },
        {
            "comment id": 7,
            "parent": -1,
            "children": [],
            "user id": "1704189397",
            "user name": "唱跳天後_金三順丶",
            "content": "@正直的俐俐阳小朋友",
            "time": "19-9-16 22:53"
        },
        {
            "comment id": 8,
            "parent": -1,
            "children": [],
            "user id": "5320408286",
            "user name": "喜欢听甜甜的歌",
            "content": "不造谣，不传谣，不信谣！",
            "time": "19-9-16 23:03"
        }
    ]
}