{
    "source": {
        "content": "昨晚上广州白云区人和地铁外面美食街吃小龙蝦中毒！三个男两个女死亡大件事！千万注意饮食。  加加爱肖战的微博视频 ",
        "time": "19-9-20 09:15",
        "user id": "7283687790",
        "tweet id": "I7LWB0DcR",
        "label": 1,
        "theme": null
    },
    "comment": [
        {
            "comment id": 0,
            "parent": -1,
            "children": [],
            "user id": "5557306773",
            "user name": "鑫科宇绝缘材料有限公司",
            "content": "不实消息",
            "time": "19-9-21 01:15"
        },
        {
            "comment id": 1,
            "parent": -1,
            "children": [],
            "user id": "5325822872",
            "user name": "陌上觅风铃",
            "content": "小心吃官司",
            "time": "19-9-22 21:02"
        },
        {
            "comment id": 2,
            "parent": -1,
            "children": [],
            "user id": "5605567204",
            "user name": "ZHANGQR-",
            "content": "明明就是醉酒无人买单而报的警 ",
            "time": "19-9-22 01:44"
        },
        {
            "comment id": 3,
            "parent": -1,
            "children": [],
            "user id": "5585061826",
            "user name": "爱笑的zhang",
            "content": "快醒醒，你被新浪标记了",
            "time": "19-9-22 00:19"
        },
        {
            "comment id": 4,
            "parent": -1,
            "children": [],
            "user id": "1842095662",
            "user name": "鴻哥哥V",
            "content": "不是假酒吗",
            "time": "19-9-21 00:24"
        },
        {
            "comment id": 5,
            "parent": -1,
            "children": [],
            "user id": "3814697905",
            "user name": "i夜晚有三年",
            "content": "又说是喝了假酒",
            "time": "19-9-20 20:26"
        },
        {
            "comment id": 6,
            "parent": -1,
            "children": [],
            "user id": "6586671394",
            "user name": "是Taylor的泰乐啊",
            "content": "前几天的吧",
            "time": "19-9-20 12:29"
        }
    ]
}