{
    "source": {
        "content": "互粉超话 \n我国自行研制的机器人美女，超过世界上任何国家，在上海庆祝祖国70年之际。表演舞蹈(一条大河)先睹为快\n 果粒橙乐的微博视频 ",
        "time": "19-10-4 06:55",
        "user id": "6518704073",
        "tweet id": "I9T0yuETm",
        "label": 1,
        "theme": null
    },
    "comment": [
        {
            "comment id": 0,
            "parent": -1,
            "children": [
                1,
                3
            ],
            "user id": "1415481570",
            "user name": "语真美加",
            "content": "互",
            "time": "19-10-4 07:11"
        },
        {
            "comment id": 1,
            "parent": 0,
            "children": [],
            "user id": "6518704073",
            "user name": "果粒橙乐",
            "content": "🙏🙏🙏",
            "time": "19-10-4 18:08"
        },
        {
            "comment id": 2,
            "parent": 3,
            "children": [],
            "user id": "1415481570",
            "user name": "语真美加",
            "content": "回复@果粒橙乐:关巳",
            "time": "19-10-4 10:33"
        },
        {
            "comment id": 3,
            "parent": 0,
            "children": [
                2
            ],
            "user id": "6518704073",
            "user name": "果粒橙乐",
            "content": "回哦",
            "time": "19-10-4 10:01"
        },
        {
            "comment id": 4,
            "parent": -1,
            "children": [
                5
            ],
            "user id": "1950292293",
            "user name": "莲子豆豆",
            "content": "被你的内容吸引",
            "time": "19-10-4 14:04"
        },
        {
            "comment id": 5,
            "parent": 4,
            "children": [],
            "user id": "6518704073",
            "user name": "果粒橙乐",
            "content": "🙏🙏",
            "time": "19-10-4 18:08"
        },
        {
            "comment id": 6,
            "parent": -1,
            "children": [
                7
            ],
            "user id": "1950292293",
            "user name": "莲子豆豆",
            "content": "欣赏，问好！",
            "time": "19-10-4 14:04"
        },
        {
            "comment id": 7,
            "parent": 6,
            "children": [],
            "user id": "6518704073",
            "user name": "果粒橙乐",
            "content": "🙏",
            "time": "19-10-4 18:07"
        },
        {
            "comment id": 8,
            "parent": -1,
            "children": [
                9
            ],
            "user id": "5817713813",
            "user name": "五分钟电影汇",
            "content": "幸福不是长生不老，不是家财万贯，而是每一个微小愿望的达成。",
            "time": "19-10-4 07:00"
        },
        {
            "comment id": 9,
            "parent": 8,
            "children": [],
            "user id": "6518704073",
            "user name": "果粒橙乐",
            "content": "🙏",
            "time": "19-10-4 18:07"
        },
        {
            "comment id": 10,
            "parent": -1,
            "children": [
                11
            ],
            "user id": "1738597333",
            "user name": "博闻视点",
            "content": "早上好~~~[米奇比心][米奇比心]~",
            "time": "19-10-4 06:57"
        },
        {
            "comment id": 11,
            "parent": 10,
            "children": [],
            "user id": "6518704073",
            "user name": "果粒橙乐",
            "content": "🙏",
            "time": "19-10-4 18:06"
        },
        {
            "comment id": 12,
            "parent": -1,
            "children": [
                13
            ],
            "user id": "3910259139",
            "user name": "聚笑话",
            "content": "早上好(o゜▽゜)o☆，跨越山和大海赶来看看好友",
            "time": "19-10-4 06:55"
        },
        {
            "comment id": 13,
            "parent": 12,
            "children": [],
            "user id": "6518704073",
            "user name": "果粒橙乐",
            "content": "🙏",
            "time": "19-10-4 18:06"
        },
        {
            "comment id": 14,
            "parent": -1,
            "children": [
                15
            ],
            "user id": "6481834516",
            "user name": "多情玉蝶吻花香",
            "content": "[米奇比心][米奇比心][米奇比心]",
            "time": "19-10-4 14:53"
        },
        {
            "comment id": 15,
            "parent": 14,
            "children": [],
            "user id": "6518704073",
            "user name": "果粒橙乐",
            "content": "🙏",
            "time": "19-10-4 18:05"
        },
        {
            "comment id": 16,
            "parent": -1,
            "children": [
                17
            ],
            "user id": "6481834516",
            "user name": "多情玉蝶吻花香",
            "content": "美美哒",
            "time": "19-10-4 14:53"
        },
        {
            "comment id": 17,
            "parent": 16,
            "children": [],
            "user id": "6518704073",
            "user name": "果粒橙乐",
            "content": "🙏",
            "time": "19-10-4 18:05"
        },
        {
            "comment id": 18,
            "parent": -1,
            "children": [
                19
            ],
            "user id": "6481834516",
            "user name": "多情玉蝶吻花香",
            "content": "下午好🍵",
            "time": "19-10-4 14:53"
        },
        {
            "comment id": 19,
            "parent": 18,
            "children": [],
            "user id": "6518704073",
            "user name": "果粒橙乐",
            "content": "",
            "time": "19-10-4 18:05"
        },
        {
            "comment id": 20,
            "parent": -1,
            "children": [
                21
            ],
            "user id": "6889392606",
            "user name": "容颜悦",
            "content": "早上好~~~~",
            "time": "19-10-4 07:01"
        },
        {
            "comment id": 21,
            "parent": 20,
            "children": [],
            "user id": "6518704073",
            "user name": "果粒橙乐",
            "content": "🙏🙏",
            "time": "19-10-4 18:05"
        },
        {
            "comment id": 22,
            "parent": -1,
            "children": [
                23
            ],
            "user id": "6673454081",
            "user name": "东丰地球",
            "content": "假新闻视频，快删了吧！网警正在寻找这种视频呢！",
            "time": "19-10-4 08:10"
        },
        {
            "comment id": 23,
            "parent": 22,
            "children": [],
            "user id": "6518704073",
            "user name": "果粒橙乐",
            "content": "🙏",
            "time": "19-10-4 18:04"
        },
        {
            "comment id": 24,
            "parent": -1,
            "children": [
                25
            ],
            "user id": "6200610567",
            "user name": "宋fen题",
            "content": "回",
            "time": "19-10-4 07:33"
        },
        {
            "comment id": 25,
            "parent": 24,
            "children": [],
            "user id": "6518704073",
            "user name": "果粒橙乐",
            "content": "🙏🙏🙏",
            "time": "19-10-4 18:03"
        },
        {
            "comment id": 26,
            "parent": -1,
            "children": [
                27
            ],
            "user id": "3419799322",
            "user name": "萧然侠",
            "content": "胡闹这个是真人表演，",
            "time": "19-10-4 15:15"
        },
        {
            "comment id": 27,
            "parent": 26,
            "children": [],
            "user id": "6518704073",
            "user name": "果粒橙乐",
            "content": "🙏",
            "time": "19-10-4 18:02"
        },
        {
            "comment id": 28,
            "parent": -1,
            "children": [
                29
            ],
            "user id": "5577470259",
            "user name": "雅迪一直在努力呀",
            "content": "早上好🙏",
            "time": "19-10-4 07:06"
        },
        {
            "comment id": 29,
            "parent": 28,
            "children": [],
            "user id": "6518704073",
            "user name": "果粒橙乐",
            "content": "🙏",
            "time": "19-10-4 10:00"
        },
        {
            "comment id": 30,
            "parent": -1,
            "children": [],
            "user id": "3910259139",
            "user name": "聚笑话",
            "content": "下午好(*^▽^*)，风驰电掣地赶来拜会好友",
            "time": "19-10-5 14:51"
        },
        {
            "comment id": 31,
            "parent": -1,
            "children": [],
            "user id": "6021797982",
            "user name": "蒙阳巛-",
            "content": "[米奇比心][米奇比心][米奇比心]",
            "time": "19-10-5 10:20"
        },
        {
            "comment id": 32,
            "parent": -1,
            "children": [],
            "user id": "1769610782",
            "user name": "快樂的小尼_Happy",
            "content": "",
            "time": "19-10-5 03:17"
        },
        {
            "comment id": 33,
            "parent": -1,
            "children": [],
            "user id": "2760016141",
            "user name": "逗B闪闪放光彩",
            "content": "特来支持！",
            "time": "19-10-4 22:31"
        },
        {
            "comment id": 34,
            "parent": -1,
            "children": [],
            "user id": "2163147373",
            "user name": "Wb小二哥",
            "content": "天天开心😁",
            "time": "19-10-4 20:53"
        },
        {
            "comment id": 35,
            "parent": -1,
            "children": [],
            "user id": "2163147373",
            "user name": "Wb小二哥",
            "content": "助力一下",
            "time": "19-10-4 20:53"
        },
        {
            "comment id": 36,
            "parent": -1,
            "children": [],
            "user id": "2163147373",
            "user name": "Wb小二哥",
            "content": "力挺到底😳",
            "time": "19-10-4 20:53"
        },
        {
            "comment id": 37,
            "parent": -1,
            "children": [],
            "user id": "5139259084",
            "user name": "爆燥的野牛",
            "content": "互赞的快来呀互赞互评",
            "time": "19-10-4 18:04"
        }
    ]
}