{
    "source": {
        "content": "四百万的手表[捂脸]又搞事情了  ",
        "time": "19-10-10 23:42",
        "user id": "6539084789",
        "tweet id": "IaUa890ga",
        "label": 1,
        "theme": null
    },
    "comment": [
        {
            "comment id": 0,
            "parent": -1,
            "children": [
                1
            ],
            "user id": "3390351182",
            "user name": "隼舞丶",
            "content": "没看到传播谣言的已经被抓起来了？？",
            "time": "19-10-11 11:56"
        },
        {
            "comment id": 1,
            "parent": 0,
            "children": [],
            "user id": "6539084789",
            "user name": "赵新苗6539084789",
            "content": "看到了",
            "time": "19-10-16 19:49"
        },
        {
            "comment id": 2,
            "parent": -1,
            "children": [
                3
            ],
            "user id": "1878811497",
            "user name": "知秋1878811497",
            "content": "就服你，传播的那两位在拘留所屁股还没坐热，你这想凑桌麻将去？",
            "time": "19-10-11 12:08"
        },
        {
            "comment id": 3,
            "parent": 2,
            "children": [],
            "user id": "6539084789",
            "user name": "赵新苗6539084789",
            "content": "我可什么都没有说",
            "time": "19-10-16 19:51"
        },
        {
            "comment id": 4,
            "parent": -1,
            "children": [],
            "user id": "1633059123",
            "user name": "咩遇玖",
            "content": "神特么四台车，举报了",
            "time": "19-10-13 20:24"
        },
        {
            "comment id": 5,
            "parent": -1,
            "children": [],
            "user id": "2551733514",
            "user name": "兜兜来蜜",
            "content": "删了吧，昨天传播这个信息的人已经被叫去公安局了。",
            "time": "19-10-11 10:48"
        },
        {
            "comment id": 6,
            "parent": -1,
            "children": [],
            "user id": "6377896611",
            "user name": "一脚一个小脑斧",
            "content": "管事婆能不能不要散播谣言",
            "time": "19-10-11 15:56"
        },
        {
            "comment id": 7,
            "parent": -1,
            "children": [],
            "user id": "6377896611",
            "user name": "一脚一个小脑斧",
            "content": "不要造谣当心被抓进去",
            "time": "19-10-11 15:55"
        },
        {
            "comment id": 8,
            "parent": -1,
            "children": [],
            "user id": "2865460260",
            "user name": "A娜女人",
            "content": "删了吧 造谣的人都抓起来了 你还转发",
            "time": "19-10-13 18:42"
        },
        {
            "comment id": 9,
            "parent": -1,
            "children": [],
            "user id": "3465345862",
            "user name": "逅街Miky",
            "content": "傻子吧这是",
            "time": "19-10-13 18:02"
        },
        {
            "comment id": 10,
            "parent": -1,
            "children": [],
            "user id": "5188999164",
            "user name": "冬天的百事",
            "content": "玉祁人？",
            "time": "19-10-11 13:15"
        },
        {
            "comment id": 11,
            "parent": -1,
            "children": [],
            "user id": "2320607933",
            "user name": "阿福的小姊姊",
            "content": "你是不是也要被抓啊，这个散步谣言的人已经抓起来了",
            "time": "19-10-11 12:49"
        },
        {
            "comment id": 12,
            "parent": -1,
            "children": [],
            "user id": "1622310791",
            "user name": "MJun1121",
            "content": "看表带就知道不是理查，无脑传播谣言",
            "time": "19-10-11 11:41"
        },
        {
            "comment id": 13,
            "parent": -1,
            "children": [],
            "user id": "6373774326",
            "user name": "keha_2910",
            "content": "公务员400万很正常啊",
            "time": "19-10-11 10:41"
        },
        {
            "comment id": 14,
            "parent": -1,
            "children": [],
            "user id": "6642619759",
            "user name": "人海小丑",
            "content": "先打个卡 坐等你上热搜",
            "time": "19-10-13 16:55"
        },
        {
            "comment id": 15,
            "parent": -1,
            "children": [],
            "user id": "6266630220",
            "user name": "xxqiang47",
            "content": "还1号车 2号车 我也真是服 有点脑子 这种群快退了吧",
            "time": "19-10-11 13:02"
        }
    ]
}