{
    "source": {
        "content": "#无锡高架坍塌# 无锡网友投稿，一出大事，人民公仆准露马脚这不，又来一个表哥，事故现场某领导手戴400多万名表…… #无锡警方通报高架桥面侧翻# ",
        "time": "19-10-11 00:34",
        "user id": "6248082231",
        "tweet id": "IaUvxaqSn",
        "label": 1,
        "theme": null
    },
    "comment": [
        {
            "comment id": 0,
            "parent": -1,
            "children": [],
            "user id": "1900434947",
            "user name": "白白的小离熊",
            "content": "不要瞎扯淡，我在无锡，我每天交集3个区，这几个区天天都有交警执勤，哪来都是辅警？下雨天一样路上指挥，谣言真可怕！",
            "time": "19-10-11 00:40"
        },
        {
            "comment id": 1,
            "parent": -1,
            "children": [],
            "user id": "5892769393",
            "user name": "今天你又没有瘦呀",
            "content": "别瞎传，关注点都在哪里呢",
            "time": "19-10-11 00:42"
        },
        {
            "comment id": 2,
            "parent": -1,
            "children": [],
            "user id": "3091243664",
            "user name": "半糖大仙wyx",
            "content": "你j儿一电影自媒体蹭屁热度？？？考证过了吗？？？？",
            "time": "19-10-11 00:43"
        },
        {
            "comment id": 3,
            "parent": -1,
            "children": [],
            "user id": "1824802067",
            "user name": "Noodlesiaa",
            "content": "呵呵  🦐🐔8带节奏  想🔥想疯了？胡来搞矛盾 我看你是反f动 h分子🙃",
            "time": "19-10-11 00:44"
        },
        {
            "comment id": 4,
            "parent": -1,
            "children": [],
            "user id": "1657076227",
            "user name": "0忙里偷闲0",
            "content": "图片评论 ",
            "time": "19-10-11 08:54"
        },
        {
            "comment id": 5,
            "parent": -1,
            "children": [],
            "user id": "1781351817",
            "user name": "花小郁J",
            "content": "先救人 定责都是后话 有功夫扯这些有的没的～",
            "time": "19-10-11 01:03"
        },
        {
            "comment id": 6,
            "parent": -1,
            "children": [],
            "user id": "6226379215",
            "user name": "Ilucd",
            "content": "牛逼，严查@无锡纪委",
            "time": "19-10-11 00:55"
        },
        {
            "comment id": 7,
            "parent": -1,
            "children": [],
            "user id": "3833244981",
            "user name": "其实我很乖滴ah",
            "content": "交警没执行过任务？？那我上次被罚的20谁罚的？？",
            "time": "19-10-11 00:52"
        },
        {
            "comment id": 8,
            "parent": -1,
            "children": [],
            "user id": "5509900913",
            "user name": "psroad",
            "content": "辟谣都几十分钟了，这个慢了",
            "time": "19-10-11 00:50"
        }
    ]
}