{
    "source": {
        "content": "据事故调查组介绍，4台货车同顺方向倾覆匝道右侧翻落至地面，由北至南排序分别编为1—4号车。1号车(黑AH3976号)为2轴货车、2号车(辽M45107号)、3号车(黑E52268号)、4号车(黑L82392号)都为6轴重型半挂车，均属非标车辆。\n\n经调查和实际称重，1号车核载9.6吨，实载12.42吨，超载率29.375%，车货总重18.625吨；2号车核载30吨，实载125.23吨，超载率317.43%，车货总重153.29吨；3号车核载31.235吨，实载134.55吨，超载率330.77%，车货总重163.59吨；4号车核载31.3吨，实载123.2吨，超载率293.61%，车货总重149.68吨。 1至4号车核载总量为102.135吨，实载总量为395.4吨，总超载为293.265吨，车货总重485.185吨。#无锡高架坍塌##无锡警方通报高架桥面侧翻#",
        "time": "19-10-11 06:21",
        "user id": "1006113285",
        "tweet id": "IaWMazoMT",
        "label": 1,
        "theme": null
    },
    "comment": [
        {
            "comment id": 0,
            "parent": -1,
            "children": [],
            "user id": "2668609231",
            "user name": "my1959",
            "content": "官方通报只有两辆货车？你的数据从哪里来的？",
            "time": "19-10-11 06:28"
        },
        {
            "comment id": 1,
            "parent": -1,
            "children": [],
            "user id": "5556541102",
            "user name": "月下孤草乄",
            "content": "这个是其他的事故调查结果，好像是2012年哈尔滨（不确定，但肯定不是这次无锡的事故）",
            "time": "19-10-11 06:27"
        },
        {
            "comment id": 2,
            "parent": -1,
            "children": [],
            "user id": "2597291583",
            "user name": "BlueDaydreaming_",
            "content": "造谣直接举报",
            "time": "19-10-11 08:51"
        },
        {
            "comment id": 3,
            "parent": -1,
            "children": [],
            "user id": "2349517141",
            "user name": "Lee李式优雅",
            "content": "你是相关警方人员吗，不是不要在这带节奏好吗",
            "time": "19-10-11 06:28"
        },
        {
            "comment id": 4,
            "parent": -1,
            "children": [],
            "user id": "1770390750",
            "user name": "我是葱花马甲",
            "content": "这是哈尔滨7年前的事故 不要造谣了",
            "time": "19-10-11 07:01"
        },
        {
            "comment id": 5,
            "parent": -1,
            "children": [],
            "user id": "6254708619",
            "user name": "淹留客杨",
            "content": "请不要造谣～",
            "time": "19-10-11 06:31"
        },
        {
            "comment id": 6,
            "parent": -1,
            "children": [],
            "user id": "1775787444",
            "user name": "宇宙中心爱丁堡",
            "content": "造谣？",
            "time": "19-10-11 06:29"
        },
        {
            "comment id": 7,
            "parent": -1,
            "children": [],
            "user id": "6254708619",
            "user name": "淹留客杨",
            "content": "@人民日报 @第一时间 @平安无锡",
            "time": "19-10-11 06:32"
        }
    ]
}