{
    "source": {
        "content": "张家界后坪一妇女见老公赌博叫不回，一气之下挑来一担粪水把参赌者全泼了。这才是真正的——泼妇，见者有粪 弘清的微博视频 ",
        "time": "19-10-12 15:50",
        "user id": "1616704480",
        "tweet id": "Ib9VFiVVC",
        "label": 1,
        "theme": null
    },
    "comment": [
        {
            "comment id": 0,
            "parent": -1,
            "children": [],
            "user id": "5398431321",
            "user name": "V_greta",
            "content": "泼的好！肯定是生活过不下去了，才会让一个女性做出这种事情。",
            "time": "19-10-13 10:43"
        },
        {
            "comment id": 1,
            "parent": -1,
            "children": [
                2,
                3,
                4,
                5,
                6
            ],
            "user id": "2803835383",
            "user name": "有松农场",
            "content": "粪发图强",
            "time": "19-10-13 10:55"
        },
        {
            "comment id": 2,
            "parent": 1,
            "children": [],
            "user id": "6894553734",
            "user name": "拂尘影像",
            "content": "粪粪不平。？",
            "time": "19-10-15 17:07"
        },
        {
            "comment id": 3,
            "parent": 1,
            "children": [],
            "user id": "2430275681",
            "user name": "链记手工皮革工具",
            "content": "粪起直追",
            "time": "19-10-15 01:09"
        },
        {
            "comment id": 4,
            "parent": 1,
            "children": [],
            "user id": "2803835383",
            "user name": "有松农场",
            "content": "粪战到底",
            "time": "19-10-14 23:58"
        },
        {
            "comment id": 5,
            "parent": 1,
            "children": [],
            "user id": "2803835383",
            "user name": "有松农场",
            "content": "粪不顾身",
            "time": "19-10-14 23:57"
        },
        {
            "comment id": 6,
            "parent": 1,
            "children": [],
            "user id": "2803835383",
            "user name": "有松农场",
            "content": "见者有粪",
            "time": "19-10-14 23:57"
        },
        {
            "comment id": 7,
            "parent": -1,
            "children": [],
            "user id": "2630529451",
            "user name": "one一条失去梦想的咸鱼",
            "content": "什么样的男人能把一个女人逼成这样",
            "time": "19-10-13 19:02"
        },
        {
            "comment id": 8,
            "parent": -1,
            "children": [
                9
            ],
            "user id": "5351571560",
            "user name": "姚达超06790",
            "content": "我朋友村受害的都是村领导强拆的",
            "time": "19-10-13 21:22"
        },
        {
            "comment id": 9,
            "parent": 8,
            "children": [],
            "user id": "5351571560",
            "user name": "姚达超06790",
            "content": "广州市白云区人和镇汉塘村",
            "time": "19-10-13 21:23"
        },
        {
            "comment id": 10,
            "parent": -1,
            "children": [],
            "user id": "3978029635",
            "user name": "杨二柱子",
            "content": "干的漂亮",
            "time": "19-10-13 21:46"
        },
        {
            "comment id": 11,
            "parent": -1,
            "children": [],
            "user id": "5784526090",
            "user name": "_xxxcool",
            "content": "干的漂亮",
            "time": "19-10-14 10:47"
        },
        {
            "comment id": 12,
            "parent": -1,
            "children": [],
            "user id": "6011590558",
            "user name": "一苏清泽",
            "content": "干的漂亮",
            "time": "19-10-14 11:35"
        },
        {
            "comment id": 13,
            "parent": -1,
            "children": [],
            "user id": "1779400881",
            "user name": "小太阳不再发光了",
            "content": "干得漂亮！",
            "time": "19-10-14 11:30"
        },
        {
            "comment id": 14,
            "parent": -1,
            "children": [],
            "user id": "6661455101",
            "user name": "杨咩咩-吖",
            "content": "干的漂亮 但是应该现报警 然后再去泼粪会比较好一点",
            "time": "19-10-14 10:25"
        },
        {
            "comment id": 15,
            "parent": -1,
            "children": [],
            "user id": "5124813640",
            "user name": "打小掳过",
            "content": "看热闹的人什么心态离那么近",
            "time": "19-10-13 14:20"
        },
        {
            "comment id": 16,
            "parent": -1,
            "children": [],
            "user id": "5661776352",
            "user name": "吃不饱的逗D",
            "content": "这明明是很文明的做法，哪来的泼妇之说，又不是拿担子直接打人",
            "time": "19-10-15 09:11"
        },
        {
            "comment id": 17,
            "parent": -1,
            "children": [],
            "user id": "2716089762",
            "user name": "xcf冬黛",
            "content": "干的漂亮！",
            "time": "19-10-14 23:35"
        },
        {
            "comment id": 18,
            "parent": -1,
            "children": [],
            "user id": "5917144141",
            "user name": "抓住手中的花",
            "content": "泼的好",
            "time": "19-10-14 20:09"
        },
        {
            "comment id": 19,
            "parent": -1,
            "children": [],
            "user id": "6011590558",
            "user name": "一苏清泽",
            "content": "发粪图强",
            "time": "19-10-14 11:35"
        },
        {
            "comment id": 20,
            "parent": -1,
            "children": [],
            "user id": "5864590234",
            "user name": "zyi2016",
            "content": "牛啊",
            "time": "19-10-14 10:56"
        },
        {
            "comment id": 21,
            "parent": -1,
            "children": [],
            "user id": "2654204012",
            "user name": "AsherKe",
            "content": "真的需要这样",
            "time": "19-10-14 09:02"
        },
        {
            "comment id": 22,
            "parent": -1,
            "children": [],
            "user id": "5581900829",
            "user name": "闪闪紫诱781116",
            "content": "赌博是害人害己",
            "time": "19-10-14 08:45"
        },
        {
            "comment id": 23,
            "parent": -1,
            "children": [],
            "user id": "2243629601",
            "user name": "红绿灯的黄某",
            "content": "反赌斗士",
            "time": "19-10-13 21:51"
        },
        {
            "comment id": 24,
            "parent": -1,
            "children": [],
            "user id": "1957672202",
            "user name": "辉_aijiapp",
            "content": "情有可原，干得漂亮",
            "time": "19-10-13 21:33"
        },
        {
            "comment id": 25,
            "parent": -1,
            "children": [],
            "user id": "6216739440",
            "user name": "兔兔图图了啦咯",
            "content": "这才是泼妇该有的样子",
            "time": "19-10-13 21:23"
        },
        {
            "comment id": 26,
            "parent": -1,
            "children": [],
            "user id": "2731616932",
            "user name": "黄泽呓",
            "content": "牛逼，粪水怎么来的？",
            "time": "19-10-13 19:49"
        },
        {
            "comment id": 27,
            "parent": -1,
            "children": [],
            "user id": "5728754212",
            "user name": "Dej-y",
            "content": "好",
            "time": "19-10-13 18:41"
        },
        {
            "comment id": 28,
            "parent": -1,
            "children": [],
            "user id": "7217247580",
            "user name": "超级无敌爱国小粉红",
            "content": "这是江西土葬改火葬的时候。",
            "time": "19-10-13 18:30"
        },
        {
            "comment id": 29,
            "parent": -1,
            "children": [],
            "user id": "6432042055",
            "user name": "风也轻云也淡了",
            "content": "",
            "time": "19-10-13 13:06"
        },
        {
            "comment id": 30,
            "parent": -1,
            "children": [],
            "user id": "7183544458",
            "user name": "日月11880",
            "content": "一条有味道的视频",
            "time": "19-10-14 16:46"
        },
        {
            "comment id": 31,
            "parent": -1,
            "children": [],
            "user id": "5861575270",
            "user name": "呵呵5861575270",
            "content": "臭味相投",
            "time": "19-10-13 19:54"
        },
        {
            "comment id": 32,
            "parent": -1,
            "children": [],
            "user id": "5381191655",
            "user name": "小鱼29800",
            "content": "有味道的视频",
            "time": "19-10-13 18:33"
        },
        {
            "comment id": 33,
            "parent": -1,
            "children": [],
            "user id": "6008259091",
            "user name": "Mr小新6006",
            "content": "是个狠人。",
            "time": "19-10-13 08:44"
        },
        {
            "comment id": 34,
            "parent": -1,
            "children": [],
            "user id": "7307171504",
            "user name": "墨茶柒丶卿语悠",
            "content": "拖把蘸屎 犹如吕布再世",
            "time": "19-10-16 17:19"
        },
        {
            "comment id": 35,
            "parent": -1,
            "children": [],
            "user id": "6878933937",
            "user name": "南京MIUCLUB酒吧",
            "content": "哈哈哈哈哈哈",
            "time": "19-10-15 04:36"
        },
        {
            "comment id": 36,
            "parent": -1,
            "children": [],
            "user id": "5224923441",
            "user name": "芄子同學i",
            "content": "@腰子同學i",
            "time": "19-10-14 17:27"
        },
        {
            "comment id": 37,
            "parent": -1,
            "children": [],
            "user id": "7316421651",
            "user name": "吾知叫乜2019",
            "content": "泼得好，赌博害人害己",
            "time": "19-10-14 17:17"
        }
    ]
}