{
    "source": {
        "content": "阿尔及利亚，恐怖分子突然将运油车驶进跑道，空客380紧急复飞，几乎擦着油罐顶部升空。整个过程足以媲美好莱坞大片。 外科医生马煜的微博视频 ",
        "time": "19-10-16 12:20",
        "user id": "3107726567",
        "tweet id": "IbKgwBSvJ",
        "label": 1,
        "theme": null
    },
    "comment": [
        {
            "comment id": 0,
            "parent": -1,
            "children": [],
            "user id": "2348362827",
            "user name": "治安模范哥谭市",
            "content": "这是洛圣都，当时我就在现场，我就是那个油罐车司机",
            "time": "19-10-26 14:11"
        },
        {
            "comment id": 1,
            "parent": -1,
            "children": [
                3,
                5,
                6,
                7,
                9,
                10,
                11,
                12,
                13,
                14,
                15,
                16,
                17,
                19,
                20,
                21,
                22,
                23,
                24,
                25,
                26,
                27,
                28,
                29
            ],
            "user id": "2344903101",
            "user name": "凹凸曼就是凹凸曼并且还是凹凸曼",
            "content": "就你这智商还外科医生",
            "time": "19-10-17 08:07"
        },
        {
            "comment id": 2,
            "parent": 15,
            "children": [],
            "user id": "2802299745",
            "user name": "手捏大象兴风作浪",
            "content": "回复@提子硬糖O:懂了，谢谢",
            "time": "19-10-28 13:35"
        },
        {
            "comment id": 3,
            "parent": 1,
            "children": [],
            "user id": "5042939609",
            "user name": "浔松90693",
            "content": "他就是个神经病。",
            "time": "19-10-28 09:54"
        },
        {
            "comment id": 4,
            "parent": 6,
            "children": [],
            "user id": "2344903101",
            "user name": "凹凸曼就是凹凸曼并且还是凹凸曼",
            "content": "回复@大得很的葫芦:那必须满分",
            "time": "19-10-27 14:48"
        },
        {
            "comment id": 5,
            "parent": 1,
            "children": [],
            "user id": "2103389053",
            "user name": "中子星坠落",
            "content": "回复@酱烧鱼DontPanic:吓死我了，还好是外科医生啊。还好不是眼瞎的眼科医生",
            "time": "19-10-27 13:16"
        },
        {
            "comment id": 6,
            "parent": 1,
            "children": [
                4
            ],
            "user id": "7230647533",
            "user name": "大得很的葫芦",
            "content": "我只是配图而已，又没有说视频和说的事情是一件事。这个视频是还原事件的。这个狡辩给我几分",
            "time": "19-10-27 10:10"
        },
        {
            "comment id": 7,
            "parent": 1,
            "children": [],
            "user id": "2344903101",
            "user name": "凹凸曼就是凹凸曼并且还是凹凸曼",
            "content": "回复@ClementWang_21:？？",
            "time": "19-10-26 23:48"
        },
        {
            "comment id": 8,
            "parent": 9,
            "children": [],
            "user id": "2344903101",
            "user name": "凹凸曼就是凹凸曼并且还是凹凸曼",
            "content": "回复@-博麗霊夢-:？？？",
            "time": "19-10-26 23:47"
        },
        {
            "comment id": 9,
            "parent": 1,
            "children": [
                8
            ],
            "user id": "1927750111",
            "user name": "-博麗霊夢-",
            "content": "憨批",
            "time": "19-10-26 22:28"
        },
        {
            "comment id": 10,
            "parent": 1,
            "children": [],
            "user id": "5225366091",
            "user name": "Lorentz_",
            "content": "回复@AKS48-今村悦朗:555555我错了已经删了，女菩萨别生气了",
            "time": "19-10-26 19:19"
        },
        {
            "comment id": 11,
            "parent": 1,
            "children": [],
            "user id": "7152202317",
            "user name": "暴虎冯河波维希",
            "content": "回复 @Lorentz_zZ:尘归尘土归土，孤儿不配有老母，文斗你个铁憨憨",
            "time": "19-10-26 19:19"
        },
        {
            "comment id": 12,
            "parent": 1,
            "children": [],
            "user id": "5225366091",
            "user name": "Lorentz_",
            "content": "回复@废宅委员会偶像部:？？就这？？。就没了？？。👴寻思你文斗也不行啊，那你舔个B脸来出你🐎的头？宁配吗！？",
            "time": "19-10-26 19:17"
        },
        {
            "comment id": 13,
            "parent": 1,
            "children": [],
            "user id": "7152202317",
            "user name": "暴虎冯河波维希",
            "content": "回复 @Lorentz_zZ:爬你🐴呢，贱畜你今晚必死嗷",
            "time": "19-10-26 19:12"
        },
        {
            "comment id": 14,
            "parent": 1,
            "children": [],
            "user id": "1817817067",
            "user name": "Mr丶Jim--",
            "content": "哈哈哈哈，笑死我了",
            "time": "19-10-26 18:58"
        },
        {
            "comment id": 15,
            "parent": 1,
            "children": [
                2
            ],
            "user id": "3908137234",
            "user name": "提子硬糖O",
            "content": "回复 @手捏大象兴风作浪:对层主说的“你的智商又算啥”",
            "time": "19-10-26 17:34"
        },
        {
            "comment id": 16,
            "parent": 1,
            "children": [],
            "user id": "2802299745",
            "user name": "手捏大象兴风作浪",
            "content": "回复@邱邱的奇妙冒险:好想知道那人说了什么",
            "time": "19-10-26 17:05"
        },
        {
            "comment id": 17,
            "parent": 1,
            "children": [],
            "user id": "6477980379",
            "user name": "或许是只桔猫",
            "content": "回复@一条单身汪1217:不用安排自我介绍，👴知道你啥样",
            "time": "19-10-26 16:43"
        },
        {
            "comment id": 18,
            "parent": 19,
            "children": [],
            "user id": "5509180393",
            "user name": "骠姚校尉饮马翰海",
            "content": "回复@或许是只桔猫:憨批",
            "time": "19-10-26 16:20"
        },
        {
            "comment id": 19,
            "parent": 1,
            "children": [
                18
            ],
            "user id": "6477980379",
            "user name": "或许是只桔猫",
            "content": "错了就站好挨打，在这强撑什么呢？弟弟",
            "time": "19-10-26 15:55"
        },
        {
            "comment id": 20,
            "parent": 1,
            "children": [],
            "user id": "5676213099",
            "user name": "Twanghey_",
            "content": "回复@liudertpk:憨批",
            "time": "19-10-26 15:54"
        },
        {
            "comment id": 21,
            "parent": 1,
            "children": [],
            "user id": "5202784001",
            "user name": "春天花和情的歌",
            "content": "回复@liudertpk:憨批",
            "time": "19-10-26 15:54"
        },
        {
            "comment id": 22,
            "parent": 1,
            "children": [],
            "user id": "5188259093",
            "user name": "Bony25",
            "content": "回复@liudertpk:憨批",
            "time": "19-10-26 15:54"
        },
        {
            "comment id": 23,
            "parent": 1,
            "children": [],
            "user id": "5348576483",
            "user name": "没错还是浅川",
            "content": "回复@liudertpk:憨批(复读，哈哈哈哈",
            "time": "19-10-26 15:53"
        },
        {
            "comment id": 24,
            "parent": 1,
            "children": [],
            "user id": "2166385965",
            "user name": "宇哥考山药",
            "content": "回复@liudertpk:确实，我不反驳憨批",
            "time": "19-10-26 15:52"
        },
        {
            "comment id": 25,
            "parent": 1,
            "children": [],
            "user id": "7280567798",
            "user name": "普通路过LBJun",
            "content": "回复@liudertpk:憨批",
            "time": "19-10-26 15:51"
        },
        {
            "comment id": 26,
            "parent": 1,
            "children": [],
            "user id": "2166385965",
            "user name": "宇哥考山药",
            "content": "回复@liudertpk:你好像很急？",
            "time": "19-10-26 15:49"
        },
        {
            "comment id": 27,
            "parent": 1,
            "children": [],
            "user id": "5095475673",
            "user name": "宇宙特级起床困难户",
            "content": "回复@liudertpk:憨批",
            "time": "19-10-26 15:48"
        },
        {
            "comment id": 28,
            "parent": 1,
            "children": [],
            "user id": "2497516244",
            "user name": "ZephyrMan",
            "content": "回复@liudertpk:兄弟，别的我不敢说，但是你智商绝对低，如果你还想反驳我，你智商要是正常我把我头砍了",
            "time": "19-10-26 15:45"
        },
        {
            "comment id": 29,
            "parent": 1,
            "children": [],
            "user id": "5440678286",
            "user name": "又又又又又又忘了",
            "content": "回复@liudertpk:说原博智商有问题吗？拿游戏来编故事，还一本正经的编",
            "time": "19-10-26 15:45"
        },
        {
            "comment id": 30,
            "parent": -1,
            "children": [
                31
            ],
            "user id": "5558110524",
            "user name": "0w1et",
            "content": "不是阿尔及利亚，是洛圣都",
            "time": "19-10-26 02:50"
        },
        {
            "comment id": 31,
            "parent": 30,
            "children": [
                32
            ],
            "user id": "5845681442",
            "user name": "机务NEO",
            "content": "看我发现了什么",
            "time": "19-10-26 14:29"
        },
        {
            "comment id": 32,
            "parent": 31,
            "children": [],
            "user id": "5558110524",
            "user name": "0w1et",
            "content": "回复@机务NEO:这么巧的吗😂",
            "time": "19-10-26 14:29"
        },
        {
            "comment id": 33,
            "parent": -1,
            "children": [
                38,
                39,
                40,
                41,
                44,
                45,
                46,
                47
            ],
            "user id": "2144668061",
            "user name": "jm-alex",
            "content": "引擎上没EA的话我就差点信了",
            "time": "19-10-26 14:11"
        },
        {
            "comment id": 34,
            "parent": 35,
            "children": [],
            "user id": "2568365737",
            "user name": "Thjrteen",
            "content": "回复@坂井矿矿矿泉水:我晓得",
            "time": "19-10-31 09:06"
        },
        {
            "comment id": 35,
            "parent": 36,
            "children": [
                34
            ],
            "user id": "1857956160",
            "user name": "坂井矿矿矿泉水",
            "content": "回复@Thjrteen:。。。不搭噶是吴语方言。。",
            "time": "19-10-30 17:27"
        },
        {
            "comment id": 36,
            "parent": 38,
            "children": [
                35
            ],
            "user id": "2568365737",
            "user name": "Thjrteen",
            "content": "回复@坂井矿矿矿泉水:不搭界",
            "time": "19-10-27 15:42"
        },
        {
            "comment id": 37,
            "parent": 41,
            "children": [],
            "user id": "1913231782",
            "user name": "焦焦CIAOKOFF",
            "content": "回复@jm-alex:EA是发动机联盟公司啊，这有啥问题",
            "time": "19-10-26 23:21"
        },
        {
            "comment id": 38,
            "parent": 33,
            "children": [
                36
            ],
            "user id": "1857956160",
            "user name": "坂井矿矿矿泉水",
            "content": "回复@哪里有远方哪有我:哪里有GE",
            "time": "19-10-26 20:45"
        },
        {
            "comment id": 39,
            "parent": 33,
            "children": [],
            "user id": "1857956160",
            "user name": "坂井矿矿矿泉水",
            "content": "回复@哪里有远方哪有我:图片评论 网页链接",
            "time": "19-10-26 20:45"
        },
        {
            "comment id": 40,
            "parent": 33,
            "children": [],
            "user id": "1857956160",
            "user name": "坂井矿矿矿泉水",
            "content": "A380现实中的涂装就是这样的，跟EA不搭噶",
            "time": "19-10-26 20:03"
        },
        {
            "comment id": 41,
            "parent": 33,
            "children": [
                37
            ],
            "user id": "2144668061",
            "user name": "jm-alex",
            "content": "回复@Chanzichan:没玩过游戏，但你再看看飞机发动机上是不是有EA",
            "time": "19-10-26 19:26"
        },
        {
            "comment id": 42,
            "parent": 44,
            "children": [],
            "user id": "5242894933",
            "user name": "就巛巛",
            "content": "回复@jm-alex:刷个梗，我还不知道给他爱哪家的？ 网页链接",
            "time": "19-10-26 19:07"
        },
        {
            "comment id": 43,
            "parent": 44,
            "children": [],
            "user id": "5242894933",
            "user name": "就巛巛",
            "content": "回复@jm-alex:你看头像，我是猫",
            "time": "19-10-26 19:01"
        },
        {
            "comment id": 44,
            "parent": 33,
            "children": [
                42,
                43
            ],
            "user id": "2144668061",
            "user name": "jm-alex",
            "content": "回复@Chanzichan:谁家狗没拴绳？",
            "time": "19-10-26 18:57"
        },
        {
            "comment id": 45,
            "parent": 33,
            "children": [],
            "user id": "5242894933",
            "user name": "就巛巛",
            "content": "你放屁这是育碧的",
            "time": "19-10-26 17:14"
        },
        {
            "comment id": 46,
            "parent": 33,
            "children": [],
            "user id": "5286771986",
            "user name": "强尼银喵",
            "content": "回复 @Master-Chief_:ea收购r星实锤了",
            "time": "19-10-26 15:48"
        },
        {
            "comment id": 47,
            "parent": 33,
            "children": [],
            "user id": "3180768332",
            "user name": "东城男孩-",
            "content": "哈哈哈ea，r星要骂街了",
            "time": "19-10-26 14:27"
        },
        {
            "comment id": 48,
            "parent": -1,
            "children": [
                49,
                50,
                52,
                53,
                54,
                55,
                56
            ],
            "user id": "5211634548",
            "user name": "金桔柠檬hy",
            "content": "阿尔及利亚这么乱吗",
            "time": "19-10-26 14:37"
        },
        {
            "comment id": 49,
            "parent": 48,
            "children": [],
            "user id": "1916300804",
            "user name": "上当受骗洋洋",
            "content": "回复@放荡不羁的装B:草",
            "time": "19-10-27 03:55"
        },
        {
            "comment id": 50,
            "parent": 48,
            "children": [],
            "user id": "5071991364",
            "user name": "Jokerphly",
            "content": "老实人",
            "time": "19-10-26 23:54"
        },
        {
            "comment id": 51,
            "parent": 52,
            "children": [],
            "user id": "1855915340",
            "user name": "jack_block",
            "content": "回复@李思远就是李思远:加入战局失败 返回单人模式",
            "time": "19-10-26 17:43"
        },
        {
            "comment id": 52,
            "parent": 48,
            "children": [
                51
            ],
            "user id": "3290074767",
            "user name": "李思远就是李思远",
            "content": "回复@放荡不羁的装B:换个战局吧，这里面人太乱了",
            "time": "19-10-26 17:37"
        },
        {
            "comment id": 53,
            "parent": 48,
            "children": [],
            "user id": "5286771986",
            "user name": "强尼银喵",
            "content": "回复 @键盘侠v587:巧了，这人我听我朋友麦克说过",
            "time": "19-10-26 17:22"
        },
        {
            "comment id": 54,
            "parent": 48,
            "children": [],
            "user id": "2239691043",
            "user name": "让呀_可乐说",
            "content": "回复@赫里福基地猛男教官奶盖:还有很多斗宗强者踏空而行",
            "time": "19-10-26 16:23"
        },
        {
            "comment id": 55,
            "parent": 48,
            "children": [],
            "user id": "5286771986",
            "user name": "强尼银喵",
            "content": "我告诉你哦，视频中的场景发生在美国的洛圣都市，在这个城市里可以为所欲为，还有这个城市的医院医疗水平非常的高，不管你是怎么死的，只要5000美元就可以把你抢救活，救治时间不超过10秒，出院后又是一条活蹦乱跳的好汉。",
            "time": "19-10-26 15:54"
        },
        {
            "comment id": 56,
            "parent": 48,
            "children": [],
            "user id": "3183363421",
            "user name": "亲吻与歌",
            "content": "这是游戏",
            "time": "19-10-26 15:43"
        },
        {
            "comment id": 57,
            "parent": -1,
            "children": [
                58,
                59,
                60
            ],
            "user id": "3787915280",
            "user name": "昨页封棠",
            "content": "好好的医生不当，非要当公知，当公知就罢了，智商还不高…",
            "time": "19-10-26 14:57"
        },
        {
            "comment id": 58,
            "parent": 57,
            "children": [],
            "user id": "1671374930",
            "user name": "礼问莱昂",
            "content": "回复@超好奇的TALI:微博公知（贬义词）的特色就是喜欢写故事……所以才嘲讽是不是要当公知",
            "time": "19-10-27 02:02"
        },
        {
            "comment id": 59,
            "parent": 57,
            "children": [],
            "user id": "2711959303",
            "user name": "李白莎小麻瓜",
            "content": "回复@超好奇的TALI:你去玩一下GTA5就知道了",
            "time": "19-10-26 17:50"
        },
        {
            "comment id": 60,
            "parent": 57,
            "children": [],
            "user id": "5242894933",
            "user name": "就巛巛",
            "content": "回复@超好奇的TALI:反正就这眼神的外科医生不大靠谱",
            "time": "19-10-26 17:15"
        },
        {
            "comment id": 61,
            "parent": -1,
            "children": [],
            "user id": "6812358923",
            "user name": "伊尔库茨克航空工厂",
            "content": "原博是什么智商",
            "time": "19-10-26 14:02"
        },
        {
            "comment id": 62,
            "parent": -1,
            "children": [
                63,
                64,
                65,
                66,
                67,
                70,
                72
            ],
            "user id": "5026157139",
            "user name": "勇敢的阿李皮皮",
            "content": "这游戏我有，下次想要啥其他场景找我，我帮你录下来",
            "time": "19-10-26 15:02"
        },
        {
            "comment id": 63,
            "parent": 62,
            "children": [],
            "user id": "6451286582",
            "user name": "微风吹来PP凉丶",
            "content": "回复@橙·汁:看来我老了，对不起",
            "time": "19-10-27 15:57"
        },
        {
            "comment id": 64,
            "parent": 62,
            "children": [],
            "user id": "5542687516",
            "user name": "星河下电子荒原",
            "content": "回复@zHa0hrrR丶:bilibili也是个梗哦",
            "time": "19-10-27 15:28"
        },
        {
            "comment id": 65,
            "parent": 62,
            "children": [],
            "user id": "6451286582",
            "user name": "微风吹来PP凉丶",
            "content": "回复@橙·汁:哈哈哈哈，你还真认真回答了，这是一个梗啊，小学生三连问",
            "time": "19-10-27 13:20"
        },
        {
            "comment id": 66,
            "parent": 62,
            "children": [],
            "user id": "5542687516",
            "user name": "星河下电子荒原",
            "content": "回复@zHa0hrrR丶:bilibili不能直播，所以手机不能玩",
            "time": "19-10-27 12:46"
        },
        {
            "comment id": 67,
            "parent": 62,
            "children": [],
            "user id": "6451286582",
            "user name": "微风吹来PP凉丶",
            "content": "什么游戏？手机能不能玩？多少钱？",
            "time": "19-10-26 20:48"
        },
        {
            "comment id": 68,
            "parent": 69,
            "children": [],
            "user id": "1408700395",
            "user name": "我爱豌豆尖",
            "content": "回复@狂奔的蜗牛2331984:噗～～",
            "time": "19-10-26 17:29"
        },
        {
            "comment id": 69,
            "parent": 72,
            "children": [
                68
            ],
            "user id": "7207250576",
            "user name": "狂奔的蜗牛2331984",
            "content": "回复@wuli_刘:战争雷霆",
            "time": "19-10-26 17:06"
        },
        {
            "comment id": 70,
            "parent": 62,
            "children": [],
            "user id": "2270942480",
            "user name": "MogalKahn",
            "content": "回复 @wuli_刘:我是老实人，gta5",
            "time": "19-10-26 16:20"
        },
        {
            "comment id": 71,
            "parent": 72,
            "children": [],
            "user id": "5675758954",
            "user name": "京极堂作妖",
            "content": "回复@wuli_刘:jojo",
            "time": "19-10-26 16:09"
        },
        {
            "comment id": 72,
            "parent": 62,
            "children": [
                69,
                71
            ],
            "user id": "2411365625",
            "user name": "wuli_刘",
            "content": "什么游戏啊这是",
            "time": "19-10-26 16:03"
        },
        {
            "comment id": 73,
            "parent": -1,
            "children": [],
            "user id": "3967759458",
            "user name": "漫渡光阴",
            "content": "男患者说要刨腹产，于是博主准备手术",
            "time": "19-10-26 14:16"
        },
        {
            "comment id": 74,
            "parent": -1,
            "children": [],
            "user id": "2671652420",
            "user name": "加麻加辣不放醋",
            "content": "图片评论 ",
            "time": "19-10-24 23:01"
        },
        {
            "comment id": 75,
            "parent": -1,
            "children": [],
            "user id": "1711657661",
            "user name": "缘我执爱",
            "content": "明显是游戏画质啊，而且摄像头明显是预定位置悬空平滑",
            "time": "19-10-26 14:09"
        },
        {
            "comment id": 76,
            "parent": -1,
            "children": [
                77,
                78
            ],
            "user id": "2390711780",
            "user name": "剑鱼二",
            "content": "还好你是外科，当内科得死多少人",
            "time": "19-10-26 15:57"
        },
        {
            "comment id": 77,
            "parent": 76,
            "children": [],
            "user id": "5144395738",
            "user name": "带带你大爹",
            "content": "憨憨？外科是做手术的",
            "time": "19-10-26 17:32"
        },
        {
            "comment id": 78,
            "parent": 76,
            "children": [],
            "user id": "2080187575",
            "user name": "Charlie8264",
            "content": "外科更惨，切开胳膊，把腿缝起来了……",
            "time": "19-10-26 16:55"
        },
        {
            "comment id": 79,
            "parent": -1,
            "children": [],
            "user id": "2335990751",
            "user name": "大回小回振羽",
            "content": "都不玩游戏不上网的么？",
            "time": "19-10-26 14:27"
        },
        {
            "comment id": 80,
            "parent": -1,
            "children": [
                81
            ],
            "user id": "1773868750",
            "user name": "郭二流子",
            "content": "我举报！他是我朋友，叫老崔！我曾经和他在洛圣都为所欲为，直到我开始和99个人在机场纠缠不清，然后我就离开他了！",
            "time": "19-10-26 16:05"
        },
        {
            "comment id": 81,
            "parent": 80,
            "children": [],
            "user id": "3102358511",
            "user name": "发哥小迷妹yry",
            "content": "巧了，我听我朋友老麦说过这个人！",
            "time": "19-10-28 09:06"
        },
        {
            "comment id": 82,
            "parent": -1,
            "children": [],
            "user id": "5567376205",
            "user name": "暮雪且白云",
            "content": "洛圣都警车已就位",
            "time": "19-10-26 14:25"
        },
        {
            "comment id": 83,
            "parent": -1,
            "children": [],
            "user id": "3477592064",
            "user name": "刘战士从不放下他的手机",
            "content": "我在洛圣都有私人机库，私人办公楼，私人地堡，豪车上百辆，飞机上十架，还有个银河号私人游艇，其实这场事件也是我指使的，连罐子里的油都是我加的",
            "time": "19-10-26 17:04"
        },
        {
            "comment id": 84,
            "parent": -1,
            "children": [
                85
            ],
            "user id": "5545469091",
            "user name": "快点给我想个昵称啊",
            "content": "要不是我玩过，我就信了",
            "time": "19-10-26 15:41"
        },
        {
            "comment id": 85,
            "parent": 84,
            "children": [],
            "user id": "5545469091",
            "user name": "快点给我想个昵称啊",
            "content": "回复@身为风帆66:GTA5啊",
            "time": "19-11-18 15:56"
        },
        {
            "comment id": 86,
            "parent": -1,
            "children": [
                87
            ],
            "user id": "1779183887",
            "user name": "某南条爱乃的元子",
            "content": "龟头癌5",
            "time": "19-10-26 14:36"
        },
        {
            "comment id": 87,
            "parent": 86,
            "children": [],
            "user id": "3178507323",
            "user name": "无解的九神",
            "content": "给他AV",
            "time": "19-10-26 20:47"
        },
        {
            "comment id": 88,
            "parent": -1,
            "children": [],
            "user id": "6457612669",
            "user name": "路易斯的九月照相馆",
            "content": "哈哈哈哈就你外科医生会不会把眼睛落在别人肚子里",
            "time": "19-10-26 15:42"
        },
        {
            "comment id": 89,
            "parent": -1,
            "children": [],
            "user id": "5970833551",
            "user name": "普通人老温",
            "content": "！",
            "time": "19-10-26 15:40"
        },
        {
            "comment id": 90,
            "parent": -1,
            "children": [
                91
            ],
            "user id": "5608088375",
            "user name": "日狗的地球人",
            "content": "Gta现在还原度这么高么",
            "time": "19-10-26 15:41"
        },
        {
            "comment id": 91,
            "parent": 90,
            "children": [],
            "user id": "2080187575",
            "user name": "Charlie8264",
            "content": "可以打Mod",
            "time": "19-10-26 16:56"
        },
        {
            "comment id": 92,
            "parent": -1,
            "children": [],
            "user id": "1582873001",
            "user name": "特污_兔",
            "content": "我是乘客，我能闻到油罐车的气味",
            "time": "19-10-26 14:40"
        },
        {
            "comment id": 93,
            "parent": -1,
            "children": [],
            "user id": "5903728409",
            "user name": "只是風声而已丨",
            "content": "没玩过游戏不怪你。就这画质是个人都知道不是真的啊",
            "time": "19-10-28 10:22"
        },
        {
            "comment id": 94,
            "parent": -1,
            "children": [],
            "user id": "6069851306",
            "user name": "你就是个瓜皮-",
            "content": "上楼去神经科看看吧",
            "time": "19-10-26 21:44"
        },
        {
            "comment id": 95,
            "parent": -1,
            "children": [],
            "user id": "5127258310",
            "user name": "明明伦",
            "content": "在现场",
            "time": "19-10-26 15:32"
        },
        {
            "comment id": 96,
            "parent": -1,
            "children": [
                97
            ],
            "user id": "2724674351",
            "user name": "乌江之恨本尊",
            "content": "当时我就在现场！摄像机就是我扛的！",
            "time": "19-10-26 14:47"
        },
        {
            "comment id": 97,
            "parent": 96,
            "children": [],
            "user id": "5224066072",
            "user name": "陈不饿__",
            "content": "今年奥斯卡最佳摄影 最佳技术奖",
            "time": "19-10-29 16:24"
        },
        {
            "comment id": 98,
            "parent": -1,
            "children": [],
            "user id": "1792555933",
            "user name": "广东人并不是什么都柒",
            "content": "★★★★☆",
            "time": "19-10-26 14:42"
        },
        {
            "comment id": 99,
            "parent": -1,
            "children": [],
            "user id": "1400073204",
            "user name": "山人老蓝",
            "content": "我能说我是摄像吗？",
            "time": "19-10-26 14:41"
        },
        {
            "comment id": 100,
            "parent": -1,
            "children": [],
            "user id": "5903728409",
            "user name": "只是風声而已丨",
            "content": "就算是a330。复飞起码也需要1000米的跑道啊",
            "time": "19-10-28 10:23"
        },
        {
            "comment id": 101,
            "parent": -1,
            "children": [],
            "user id": "2323934185",
            "user name": "Will_拾柒",
            "content": "R星牛皮",
            "time": "19-10-26 17:48"
        },
        {
            "comment id": 102,
            "parent": -1,
            "children": [],
            "user id": "1687528942",
            "user name": "Ky1errr",
            "content": "2019年了还有人没玩过给他爱5？？",
            "time": "19-10-29 09:02"
        },
        {
            "comment id": 103,
            "parent": -1,
            "children": [
                104
            ],
            "user id": "1071347843",
            "user name": "风天筱",
            "content": "@任星",
            "time": "19-10-27 14:13"
        },
        {
            "comment id": 104,
            "parent": 103,
            "children": [],
            "user id": "2269715004",
            "user name": "任星",
            "content": "对对对，洛圣都",
            "time": "19-10-27 17:59"
        },
        {
            "comment id": 105,
            "parent": -1,
            "children": [],
            "user id": "6018348253",
            "user name": "KongMoonPoonSir",
            "content": "我对你的行医执照来源比较感兴趣",
            "time": "19-10-26 16:01"
        },
        {
            "comment id": 106,
            "parent": -1,
            "children": [],
            "user id": "1936844637",
            "user name": "Escapeone",
            "content": "飞机上要是不喷个380你岂不是编不下去了？我甚至有些怀疑你在钓鱼",
            "time": "19-10-26 15:45"
        },
        {
            "comment id": 107,
            "parent": -1,
            "children": [],
            "user id": "2091283195",
            "user name": "说星星美丽的人没见过莹莹的眼睛",
            "content": "太傻鸟了，自己的真实微博账户，虚荣买点粉可以理解，乱发东西搞笑就幽默了，还有很多真实用户呢，见面了尴尬不",
            "time": "19-10-28 12:05"
        },
        {
            "comment id": 108,
            "parent": -1,
            "children": [],
            "user id": "1260052505",
            "user name": "ShumI_27",
            "content": "信的人是眼睛还是脑子不要了？赶紧趁新鲜加点孜然烤了吧！",
            "time": "19-10-26 21:31"
        },
        {
            "comment id": 109,
            "parent": -1,
            "children": [],
            "user id": "1720799561",
            "user name": "猪头不卖-FIA皖舵",
            "content": "9102年，居然还有人分不清游戏视频与现实。引擎上的EA logo表示：我什么都不知道，我就静静的看着。",
            "time": "19-10-26 20:43"
        },
        {
            "comment id": 110,
            "parent": -1,
            "children": [],
            "user id": "1962667880",
            "user name": "看电影的奇才_老吴",
            "content": "是真的，我是跑道，当时确实感觉到油罐车的邪恶和飞机的紧张。",
            "time": "19-10-26 14:49"
        },
        {
            "comment id": 111,
            "parent": -1,
            "children": [],
            "user id": "3094180521",
            "user name": "跟着飞机行走的菜鸟",
            "content": "这个是GTA5！，！什么阿尔及利亚，A380还原厂涂装呢！",
            "time": "19-10-28 17:27"
        },
        {
            "comment id": 112,
            "parent": -1,
            "children": [],
            "user id": "2309841637",
            "user name": "王魂疯子设计师",
            "content": "游戏",
            "time": "19-10-28 09:01"
        },
        {
            "comment id": 113,
            "parent": -1,
            "children": [],
            "user id": "1773753114",
            "user name": "tommylaiLCKT",
            "content": "果然古语有云能医不治医！你脑子有问题？那就不要当医生了！连动画都可以拿来给你说成头头是道的，还不傻！要借这个微博想更多关注你可以先去看看病先",
            "time": "19-10-27 13:30"
        },
        {
            "comment id": 114,
            "parent": -1,
            "children": [],
            "user id": "1743569674",
            "user name": "人一山刀",
            "content": "当时我在场，后面我用F16把A380打下来了，花5000贿赂脱罪，民风淳朴美利坚，人才辈出洛圣都",
            "time": "19-10-27 03:11"
        },
        {
            "comment id": 115,
            "parent": -1,
            "children": [],
            "user id": "6318054213",
            "user name": "也许我该邀请星光共渡这忧伤",
            "content": "卧槽，这年轻人，卧槽！",
            "time": "19-10-26 22:12"
        },
        {
            "comment id": 116,
            "parent": -1,
            "children": [],
            "user id": "6116470680",
            "user name": "14cola_",
            "content": "给他爱给他爱 ",
            "time": "19-10-26 21:09"
        },
        {
            "comment id": 117,
            "parent": -1,
            "children": [],
            "user id": "2115651885",
            "user name": "爱吃Bamboo",
            "content": "@一口少女",
            "time": "19-10-26 20:09"
        },
        {
            "comment id": 118,
            "parent": -1,
            "children": [],
            "user id": "6623021528",
            "user name": "椿下湫咚",
            "content": "@迷惑行為大賞",
            "time": "19-10-26 20:04"
        },
        {
            "comment id": 119,
            "parent": -1,
            "children": [],
            "user id": "5111686607",
            "user name": "24Says",
            "content": "这年头造谣都不是考虑不考虑受众智商的问题了，而是看受众是不是瞎子。",
            "time": "19-10-26 17:42"
        },
        {
            "comment id": 120,
            "parent": -1,
            "children": [],
            "user id": "1735781105",
            "user name": "Han93-",
            "content": "🙂",
            "time": "19-10-26 17:04"
        },
        {
            "comment id": 121,
            "parent": -1,
            "children": [],
            "user id": "2264455141",
            "user name": "司机叔",
            "content": "是真的，我叫麦克，飞机是我好兄弟老崔开的",
            "time": "19-10-26 16:20"
        },
        {
            "comment id": 122,
            "parent": -1,
            "children": [],
            "user id": "2904586625",
            "user name": "FrAN-99",
            "content": "手术做多了眼睛不好使",
            "time": "19-10-26 15:23"
        },
        {
            "comment id": 123,
            "parent": -1,
            "children": [],
            "user id": "2885370882",
            "user name": "老方块laws",
            "content": "那这摄影师岂不是很棒棒，估计还用了轨道拍摄吧",
            "time": "19-10-26 15:06"
        },
        {
            "comment id": 124,
            "parent": -1,
            "children": [],
            "user id": "3106126097",
            "user name": "三年改一次名",
            "content": "我是飞行员",
            "time": "19-10-26 14:31"
        },
        {
            "comment id": 125,
            "parent": -1,
            "children": [],
            "user id": "5618551024",
            "user name": "Darius05182018",
            "content": "就你这智商还当外科医生啊",
            "time": "19-10-26 14:30"
        },
        {
            "comment id": 126,
            "parent": -1,
            "children": [],
            "user id": "1777802975",
            "user name": "冯小宇_米9",
            "content": "小样想阴我？幸亏我跳得高，我就是380",
            "time": "19-10-26 14:30"
        },
        {
            "comment id": 127,
            "parent": -1,
            "children": [],
            "user id": "1878101957",
            "user name": "早上不吃油条",
            "content": "还tm阿尔及利亚。你的智商让人着急。如果你是外科医生还是转行吧，为了自己也为了病人",
            "time": "19-10-28 22:20"
        },
        {
            "comment id": 128,
            "parent": -1,
            "children": [],
            "user id": "3216330805",
            "user name": "艾·喆芷谮濹锉布锴勒",
            "content": "到底谁特么还没买gta5",
            "time": "19-10-27 15:07"
        },
        {
            "comment id": 129,
            "parent": -1,
            "children": [],
            "user id": "1858334123",
            "user name": "slusho",
            "content": "谢邀，人在洛圣都，刚下飞机。",
            "time": "19-10-27 15:00"
        },
        {
            "comment id": 130,
            "parent": -1,
            "children": [],
            "user id": "1228716490",
            "user name": "huazhenting",
            "content": "崔佛表示这个点子不错",
            "time": "19-10-26 18:54"
        },
        {
            "comment id": 131,
            "parent": -1,
            "children": [],
            "user id": "2193747100",
            "user name": "某个想法很多的人",
            "content": "富兰克林表示强烈谴责",
            "time": "19-10-26 16:54"
        },
        {
            "comment id": 132,
            "parent": -1,
            "children": [],
            "user id": "7127268744",
            "user name": "炸号无数",
            "content": "给他爱",
            "time": "19-10-26 16:44"
        },
        {
            "comment id": 133,
            "parent": -1,
            "children": [],
            "user id": "5304437136",
            "user name": "张什么寅啊",
            "content": "外科医生这智商？",
            "time": "19-10-26 15:39"
        },
        {
            "comment id": 134,
            "parent": -1,
            "children": [],
            "user id": "1957519405",
            "user name": "一璐由妮",
            "content": "恐怖分子有什么诉求不能好好说，非得残害无辜平民啊？",
            "time": "19-11-4 13:42"
        },
        {
            "comment id": 135,
            "parent": -1,
            "children": [],
            "user id": "6623148123",
            "user name": "wxg0412",
            "content": "为飞行员点赞",
            "time": "19-10-28 14:10"
        },
        {
            "comment id": 136,
            "parent": -1,
            "children": [],
            "user id": "2696563681",
            "user name": "FloatingMajorTom",
            "content": "这是洛圣都国际机场，我的游轮就停在跑道后面的海里",
            "time": "19-10-28 12:58"
        },
        {
            "comment id": 137,
            "parent": -1,
            "children": [],
            "user id": "3029828854",
            "user name": "别给我推无良yx号了",
            "content": "这爆炸了得4颗星吧",
            "time": "19-10-28 10:43"
        },
        {
            "comment id": 138,
            "parent": -1,
            "children": [],
            "user id": "6443608536",
            "user name": "看梅西踢球丶",
            "content": "造谣超过五百了，不抓他？",
            "time": "19-10-28 09:20"
        },
        {
            "comment id": 139,
            "parent": -1,
            "children": [],
            "user id": "5560941962",
            "user name": "向天再借五",
            "content": "这是我拍的",
            "time": "19-10-28 00:19"
        },
        {
            "comment id": 140,
            "parent": -1,
            "children": [],
            "user id": "5043786137",
            "user name": "非得有个名字吗",
            "content": "上次有个博主也是发这个视频被封号了",
            "time": "19-10-27 17:03"
        },
        {
            "comment id": 141,
            "parent": -1,
            "children": [],
            "user id": "6597324539",
            "user name": "三言-轻摄影",
            "content": "洛圣都国际机场",
            "time": "19-10-27 12:38"
        },
        {
            "comment id": 142,
            "parent": -1,
            "children": [],
            "user id": "2158566982",
            "user name": "虢馘聒",
            "content": "怎么可能有这个视角的视频，有脑子的都知道不可能是真的视频。",
            "time": "19-10-27 11:06"
        },
        {
            "comment id": 143,
            "parent": -1,
            "children": [],
            "user id": "1749796141",
            "user name": "Duce费利佩",
            "content": "你这眼神应该找你眼科同事给你好好查查看了。不行转脑神经外科吧",
            "time": "19-10-27 10:15"
        },
        {
            "comment id": 144,
            "parent": -1,
            "children": [],
            "user id": "5590738025",
            "user name": "御坂琴琴子",
            "content": "阿尼玛呢gta5玩过吗",
            "time": "19-10-27 10:15"
        },
        {
            "comment id": 145,
            "parent": -1,
            "children": [],
            "user id": "1544593902",
            "user name": "天人合一之境",
            "content": "//@大数云海君: //@PS3保罗:主要是EA刚收购RR想试试发动机到底如何//@航空物语:你这消息太旧了。后来警方查明油罐车司机根本不是恐怖分子，只是赶着去钓鱼而已，不想半路鱼钩把自己钩住，挣脱不了，就稀里糊涂把车开跑道上了。",
            "time": "19-10-27 10:06"
        },
        {
            "comment id": 146,
            "parent": -1,
            "children": [],
            "user id": "5603108577",
            "user name": "北天极2015",
            "content": "为什么微博表情里没有竖中指呢？",
            "time": "19-10-27 01:15"
        },
        {
            "comment id": 147,
            "parent": -1,
            "children": [],
            "user id": "1336151765",
            "user name": "无语不等于无态度",
            "content": "公知毕竟没脑子，大家原谅它吧，不然明天它会把患者没事的右腿给锯掉滴。",
            "time": "19-10-27 00:11"
        },
        {
            "comment id": 148,
            "parent": -1,
            "children": [],
            "user id": "5571282363",
            "user name": "Earvints",
            "content": "这tm不是我las国际机场嘛，我天天在这里起降",
            "time": "19-10-26 23:50"
        },
        {
            "comment id": 149,
            "parent": -1,
            "children": [],
            "user id": "5224066072",
            "user name": "陈不饿__",
            "content": "人在洛城，刚下飞机",
            "time": "19-10-26 22:48"
        },
        {
            "comment id": 150,
            "parent": -1,
            "children": [],
            "user id": "2105545224",
            "user name": "绝对没精神",
            "content": "#微博辟谣#",
            "time": "19-10-26 22:45"
        },
        {
            "comment id": 151,
            "parent": -1,
            "children": [],
            "user id": "1961169191",
            "user name": "泰斗桌",
            "content": "panzer",
            "time": "19-10-26 22:39"
        },
        {
            "comment id": 152,
            "parent": -1,
            "children": [],
            "user id": "3851694540",
            "user name": "LanceVince22",
            "content": "我們把RON放在罐子裏",
            "time": "19-10-26 22:37"
        }
    ]
}