{
    "source": {
        "content": "【俄罗斯正式提议搬迁联合国  上海成候选点】\n\n联合国前三大会费国分别为美国、中国、日本，美国为最大会费国，但美国拖欠会费总额已约10.55亿美元。由于资金短缺，联合国电梯已停止运行以步代行、联合国总部大院喷泉也已关闭，真是过上了“节衣缩食、勒紧裤腰带过日子”的生活了。\n\n美国欠缴会费引发诸多国家不满。俄媒10月18日报道，俄罗斯已正式向联合国递交申请草案，建议将联合国从美国纽约搬出，并给了四个地点选择：奥地利维也纳、瑞士日内瓦、中国上海、俄罗斯。\n\n中国作为联合国第二大会费国、第一大实际支出国，你们支持将联合国搬到中国吗？\n\n#李召军正能量#",
        "time": "19-10-20 12:28",
        "user id": "3175594150",
        "tweet id": "Icm1F2Wo5",
        "label": 1,
        "theme": null
    },
    "comment": [
        {
            "comment id": 0,
            "parent": -1,
            "children": [
                1,
                2,
                3,
                4,
                6,
                7,
                8,
                9,
                11,
                12,
                13,
                14
            ],
            "user id": "5844342502",
            "user name": "LeeQnWn",
            "content": "不支持，现在在哪就让他在哪吧，还是想办法让美国把会费补上吧",
            "time": "19-10-20 12:41"
        },
        {
            "comment id": 1,
            "parent": 0,
            "children": [],
            "user id": "6172496851",
            "user name": "暴躁佬打爆你眼睛",
            "content": "去叙利亚吧",
            "time": "19-10-21 10:26"
        },
        {
            "comment id": 2,
            "parent": 0,
            "children": [],
            "user id": "5540133788",
            "user name": "吉米不爱吃糯米",
            "content": "不传谣，不信谣。看帖得思考",
            "time": "19-10-21 08:38"
        },
        {
            "comment id": 3,
            "parent": 0,
            "children": [],
            "user id": "2652694913",
            "user name": "Aluo海",
            "content": "觉得还是有道理的",
            "time": "19-10-20 22:53"
        },
        {
            "comment id": 4,
            "parent": 0,
            "children": [],
            "user id": "3358523814",
            "user name": "永远没有我的M4",
            "content": "之前有个新闻说：联合国会搬到西安来，现在看来有希望",
            "time": "19-10-20 18:53"
        },
        {
            "comment id": 5,
            "parent": 6,
            "children": [],
            "user id": "5844342502",
            "user name": "LeeQnWn",
            "content": "回复@禾田2018:噗嗤，你逗笑我了。倒是我看着你的言论像是小学没毕业",
            "time": "19-10-20 18:34"
        },
        {
            "comment id": 6,
            "parent": 0,
            "children": [
                5
            ],
            "user id": "6580943613",
            "user name": "禾田2018",
            "content": "你好天真！小学还没毕业吧！",
            "time": "19-10-20 18:13"
        },
        {
            "comment id": 7,
            "parent": 0,
            "children": [],
            "user id": "2237958332",
            "user name": "Tonleiter",
            "content": "去瑞士呗，和平国度",
            "time": "19-10-20 17:39"
        },
        {
            "comment id": 8,
            "parent": 0,
            "children": [],
            "user id": "1431439040",
            "user name": "孤山云龙",
            "content": "不支持，物价会上涨，国人地位下降，百姓利益受损，治安环境复杂，增加社会矛盾。",
            "time": "19-10-20 16:49"
        },
        {
            "comment id": 9,
            "parent": 0,
            "children": [],
            "user id": "1028399640",
            "user name": "名将后起之秀",
            "content": "有老美这帮人在，联合国就摆设，美国用的着就联合国军，用不着就北约为首，",
            "time": "19-10-20 15:54"
        },
        {
            "comment id": 10,
            "parent": 11,
            "children": [],
            "user id": "1028399640",
            "user name": "名将后起之秀",
            "content": "回复@昭昭是鸽子王:国土面积大，可以去西伯利亚",
            "time": "19-10-20 15:52"
        },
        {
            "comment id": 11,
            "parent": 0,
            "children": [
                10
            ],
            "user id": "5865456868",
            "user name": "昭昭是鸽子王",
            "content": "千万别来，俄罗斯挺好的过去吧",
            "time": "19-10-20 15:44"
        },
        {
            "comment id": 12,
            "parent": 0,
            "children": [],
            "user id": "6563230437",
            "user name": "这个名字不能太长长了不容易记住",
            "content": "中国的地方已经很小了，容不下那么多外国人",
            "time": "19-10-20 15:33"
        },
        {
            "comment id": 13,
            "parent": 0,
            "children": [],
            "user id": "5461107385",
            "user name": "正见大湿胸",
            "content": "中国已经安全了。",
            "time": "19-10-20 15:08"
        },
        {
            "comment id": 14,
            "parent": 0,
            "children": [],
            "user id": "1980553823",
            "user name": "GPRS冲浪",
            "content": "不搬过来和搬过来一样要给钱，但搬过来他们的衣食住行，设备耗材都要从当地买，当地受益",
            "time": "19-10-20 13:23"
        },
        {
            "comment id": 15,
            "parent": -1,
            "children": [],
            "user id": "2030240534",
            "user name": "杨广元2013",
            "content": "转发微博",
            "time": "19-10-20 15:50"
        },
        {
            "comment id": 16,
            "parent": -1,
            "children": [],
            "user id": "1340529235",
            "user name": "于海青",
            "content": "太滑稽了！",
            "time": "19-10-20 17:24"
        },
        {
            "comment id": 17,
            "parent": -1,
            "children": [],
            "user id": "5393309507",
            "user name": "Rani不时尚",
            "content": "中午好",
            "time": "19-10-20 12:29"
        },
        {
            "comment id": 18,
            "parent": -1,
            "children": [],
            "user id": "5653061042",
            "user name": "贵州李召军文化传播有限公司",
            "content": "转发微博",
            "time": "19-10-20 15:50"
        },
        {
            "comment id": 19,
            "parent": -1,
            "children": [],
            "user id": "1617941334",
            "user name": "小熊猫nina",
            "content": "转发微博",
            "time": "19-10-20 15:50"
        },
        {
            "comment id": 20,
            "parent": -1,
            "children": [],
            "user id": "1710915255",
            "user name": "liu---豆豆",
            "content": "转发微博",
            "time": "19-10-20 15:50"
        },
        {
            "comment id": 21,
            "parent": -1,
            "children": [],
            "user id": "2365336580",
            "user name": "姚苗燕家庭教育指导师",
            "content": "转发微博",
            "time": "19-10-20 15:50"
        },
        {
            "comment id": 22,
            "parent": -1,
            "children": [],
            "user id": "7045074315",
            "user name": "宁波正能量mm",
            "content": "转发微博",
            "time": "19-10-20 15:50"
        },
        {
            "comment id": 23,
            "parent": -1,
            "children": [],
            "user id": "2141469797",
            "user name": "Bill--Lai",
            "content": "别来，来了米国就更加不交了，到时还赖上中国了",
            "time": "19-10-21 13:48"
        },
        {
            "comment id": 24,
            "parent": -1,
            "children": [],
            "user id": "5646090695",
            "user name": "雪域wj",
            "content": "搬到河南驻马店",
            "time": "19-10-21 12:58"
        },
        {
            "comment id": 25,
            "parent": -1,
            "children": [],
            "user id": "5961853799",
            "user name": "珍珠74258",
            "content": "联合国搬上海来太好了！必须支持！",
            "time": "19-10-21 12:43"
        },
        {
            "comment id": 26,
            "parent": -1,
            "children": [],
            "user id": "6384976212",
            "user name": "默明齐少",
            "content": "联合国总部应设立在中立国为好。个人觉得中国不合适。",
            "time": "19-10-21 12:08"
        },
        {
            "comment id": 27,
            "parent": -1,
            "children": [],
            "user id": "6109034321",
            "user name": "靖在画中",
            "content": "可能联合国开会，到后面美国都不给与它异见国家的人签证，又剩下7国集团了。",
            "time": "19-10-21 10:46"
        },
        {
            "comment id": 28,
            "parent": -1,
            "children": [],
            "user id": "2765237313",
            "user name": "讨厌的语言",
            "content": "来吧，可以到我国，但是不能在一线城市，其他的可以选择",
            "time": "19-10-21 10:24"
        },
        {
            "comment id": 29,
            "parent": -1,
            "children": [],
            "user id": "5646011769",
            "user name": "w小岛西岸来信w",
            "content": "此消息为不实消息，还不删？",
            "time": "19-10-21 10:07"
        },
        {
            "comment id": 30,
            "parent": -1,
            "children": [],
            "user id": "1418754383",
            "user name": "狂吃也不胖",
            "content": "不支持，还嫌房价不够高？",
            "time": "19-10-21 09:33"
        },
        {
            "comment id": 31,
            "parent": -1,
            "children": [],
            "user id": "6498534026",
            "user name": "Anderson016",
            "content": "搬我们这还得花钱建大厦",
            "time": "19-10-21 08:54"
        },
        {
            "comment id": 32,
            "parent": -1,
            "children": [],
            "user id": "6370253990",
            "user name": "M城泉",
            "content": "搬到上海，开什么玩笑？我们有个啥国际会议啥的，都要限行之类的，你不知道吗？",
            "time": "19-10-21 08:39"
        },
        {
            "comment id": 33,
            "parent": -1,
            "children": [],
            "user id": "3425410134",
            "user name": "姚老爸1961_",
            "content": "我到时支持联合国搬到我们重庆石柱县来哟。我连明天到午饭钱都没有着落，我表个态哈，如果联合国搬起来，我捐11亿美元。",
            "time": "19-10-21 08:35"
        },
        {
            "comment id": 34,
            "parent": -1,
            "children": [],
            "user id": "5469638804",
            "user name": "李峰90990",
            "content": "搬到中国东北地区。",
            "time": "19-10-21 08:10"
        },
        {
            "comment id": 35,
            "parent": -1,
            "children": [],
            "user id": "7149921230",
            "user name": "帝子6688",
            "content": "强烈支持联合国搬迁到中国，让它发挥正常的维护和平的功能！",
            "time": "19-10-21 07:16"
        },
        {
            "comment id": 36,
            "parent": -1,
            "children": [],
            "user id": "6027676949",
            "user name": "家住海边喜欢浪0-o",
            "content": "当年曹操携天子令诸侯，曹操说一个官印都在抢，这么大一个天子没人要？当年的天子和当今的联合国是不是一样的呢，那些说不要的真实鼠目寸光",
            "time": "19-10-20 23:31"
        },
        {
            "comment id": 37,
            "parent": -1,
            "children": [],
            "user id": "6008912026",
            "user name": "牧青山2016",
            "content": "中国也可以欠费？联合国没啥鸟用",
            "time": "19-10-20 22:07"
        },
        {
            "comment id": 38,
            "parent": -1,
            "children": [],
            "user id": "2200125485",
            "user name": "站在田埂上抽着烟",
            "content": "真别来",
            "time": "19-10-20 21:49"
        },
        {
            "comment id": 39,
            "parent": -1,
            "children": [],
            "user id": "1335822752",
            "user name": "原石视觉",
            "content": "来吧，中国人民的热情好客，欢迎世界爱好和平的人们",
            "time": "19-10-20 21:16"
        },
        {
            "comment id": 40,
            "parent": -1,
            "children": [],
            "user id": "5948943898",
            "user name": "我的心曲2017",
            "content": "其实以我国的传统，如果搬过来.......不管有没有会费，都不会让他们节衣缩食。",
            "time": "19-10-20 19:56"
        },
        {
            "comment id": 41,
            "parent": -1,
            "children": [],
            "user id": "1593285535",
            "user name": "YY猫泉",
            "content": "不要来",
            "time": "19-10-20 19:36"
        },
        {
            "comment id": 42,
            "parent": -1,
            "children": [],
            "user id": "3917226769",
            "user name": "骑士-HEAT",
            "content": "建议搬到香港",
            "time": "19-10-20 14:38"
        },
        {
            "comment id": 43,
            "parent": -1,
            "children": [],
            "user id": "2173510640",
            "user name": "callocallo",
            "content": "每年美国从联合国工作人员的消费中赚了不少",
            "time": "19-10-20 13:11"
        },
        {
            "comment id": 44,
            "parent": -1,
            "children": [],
            "user id": "2284562394",
            "user name": "用户2284562394",
            "content": "搬到上海来，估计间谍很多。",
            "time": "19-10-23 11:53"
        },
        {
            "comment id": 45,
            "parent": -1,
            "children": [],
            "user id": "5578292862",
            "user name": "店小二的平凡世界",
            "content": "编新闻是吧，@中国警方在线",
            "time": "19-10-22 15:04"
        },
        {
            "comment id": 46,
            "parent": -1,
            "children": [],
            "user id": "1673431474",
            "user name": "认真的人哦",
            "content": "还能说话吗哈哈哈",
            "time": "19-10-22 09:21"
        },
        {
            "comment id": 47,
            "parent": -1,
            "children": [],
            "user id": "2434115573",
            "user name": "唯梦舒2434115573",
            "content": "支持搬出美国佬，到一个和平国家，到一个严控恐怖分子活动的国家。",
            "time": "19-10-21 12:25"
        },
        {
            "comment id": 48,
            "parent": -1,
            "children": [],
            "user id": "6936082898",
            "user name": "流动的城南旧事",
            "content": "意淫吧，还上海呢！搬到哪儿都不会搬到上海，不信走着瞧…",
            "time": "19-10-21 09:34"
        },
        {
            "comment id": 49,
            "parent": -1,
            "children": [],
            "user id": "6350888880",
            "user name": "正义的风继续吹-20110",
            "content": "把联合国搬到我们大美郯城来",
            "time": "19-10-21 08:45"
        },
        {
            "comment id": 50,
            "parent": -1,
            "children": [],
            "user id": "6611216631",
            "user name": "绿谷仙翁",
            "content": "散了吧，联合国还没有咱们微信群有意思。",
            "time": "19-10-21 07:25"
        },
        {
            "comment id": 51,
            "parent": -1,
            "children": [],
            "user id": "1324576450",
            "user name": "相品缘",
            "content": "不要搬到中国来",
            "time": "19-10-21 03:55"
        },
        {
            "comment id": 52,
            "parent": -1,
            "children": [],
            "user id": "6007918466",
            "user name": "洛世施华",
            "content": "不实消息！！！",
            "time": "19-10-20 20:08"
        },
        {
            "comment id": 53,
            "parent": -1,
            "children": [],
            "user id": "5998594344",
            "user name": "独脚爬行的蜗牛",
            "content": "不支持",
            "time": "19-10-20 17:06"
        },
        {
            "comment id": 54,
            "parent": -1,
            "children": [],
            "user id": "6871859394",
            "user name": "心有阳光82380",
            "content": "联合国就是个包袱，爱哪哪去，有它二五，没有一十，二战后除了美国谁得过它的所谓公平公正自由与和平，应该解散，联合国的存在对人类的发展没有起到一点作用，反而是地区霸权主义的帮凶，是美国的一条赖皮狗",
            "time": "19-10-20 17:03"
        },
        {
            "comment id": 55,
            "parent": -1,
            "children": [],
            "user id": "5414977838",
            "user name": "x女特工2",
            "content": "先让美国把欠费交齐了再搬到中国来",
            "time": "19-10-20 16:33"
        },
        {
            "comment id": 56,
            "parent": -1,
            "children": [],
            "user id": "1143630912",
            "user name": "Hattingen",
            "content": "建议搬到香港",
            "time": "19-10-20 16:26"
        },
        {
            "comment id": 57,
            "parent": -1,
            "children": [],
            "user id": "1263348083",
            "user name": "JiayingELLE",
            "content": "天哪！一辈子没想到！",
            "time": "19-10-20 14:45"
        },
        {
            "comment id": 58,
            "parent": -1,
            "children": [],
            "user id": "1950933947",
            "user name": "海牛_哥哥",
            "content": "卧槽，别来。现在就够堵的了……",
            "time": "19-10-20 14:29"
        }
    ]
}