{
    "source": {
        "content": "#无锡 爆炸#无锡真是流年不利，无锡市委的领导真的是疲于灭火，无锡金桥某加油站附近发生爆炸着火，具体伤亡情况暂不明，消防已赶往现场处理，希望平安🙏 母亲的爱最伟大的微博视频  ",
        "time": "19-10-31 19:48",
        "user id": "2728749874",
        "tweet id": "Ie4BDtEBp",
        "label": 1,
        "theme": null
    },
    "comment": [
        {
            "comment id": 0,
            "parent": -1,
            "children": [],
            "user id": "1828162454",
            "user name": "原二军",
            "content": "卧槽",
            "time": "19-10-31 23:24"
        },
        {
            "comment id": 1,
            "parent": -1,
            "children": [],
            "user id": "1688476891",
            "user name": "隐于市的香香洋",
            "content": "希望平安🙏🙏🙏",
            "time": "19-10-31 19:48"
        },
        {
            "comment id": 2,
            "parent": -1,
            "children": [],
            "user id": "5240060937",
            "user name": "清风拂柳幕染轻纱",
            "content": "平安",
            "time": "19-11-3 16:44"
        },
        {
            "comment id": 3,
            "parent": -1,
            "children": [],
            "user id": "6423177913",
            "user name": "马爸爸的小棉袄",
            "content": "愿平安",
            "time": "19-11-1 13:15"
        },
        {
            "comment id": 4,
            "parent": -1,
            "children": [],
            "user id": "5426197487",
            "user name": "衬衣如雪的少年",
            "content": "愿平安🙏🙏🙏",
            "time": "19-11-1 00:46"
        },
        {
            "comment id": 5,
            "parent": -1,
            "children": [],
            "user id": "5426197487",
            "user name": "衬衣如雪的少年",
            "content": "🙏🙏🙏愿平安",
            "time": "19-10-31 22:00"
        },
        {
            "comment id": 6,
            "parent": -1,
            "children": [],
            "user id": "6394300541",
            "user name": "天天天蓝892",
            "content": "无锡你肿么啦",
            "time": "19-10-31 20:30"
        },
        {
            "comment id": 7,
            "parent": -1,
            "children": [],
            "user id": "2810735107",
            "user name": "Dear-迪丽热巴的绯闻男友",
            "content": "愿平安",
            "time": "19-10-31 20:25"
        },
        {
            "comment id": 8,
            "parent": -1,
            "children": [],
            "user id": "2748866971",
            "user name": "W怦怦怦怦-柚柚",
            "content": "🙏🙏🙏🙏",
            "time": "19-10-31 20:20"
        },
        {
            "comment id": 9,
            "parent": -1,
            "children": [],
            "user id": "1425457120",
            "user name": "易学软件商城",
            "content": "发布虚假消息！",
            "time": "19-11-2 04:39"
        },
        {
            "comment id": 10,
            "parent": -1,
            "children": [],
            "user id": "7282578390",
            "user name": "心灵传输者-X",
            "content": "倒霉啊",
            "time": "19-10-31 19:53"
        },
        {
            "comment id": 11,
            "parent": -1,
            "children": [],
            "user id": "5901440578",
            "user name": "小海豚爱吃巧克力68",
            "content": "愿平安",
            "time": "19-10-31 19:51"
        },
        {
            "comment id": 12,
            "parent": -1,
            "children": [],
            "user id": "6971355657",
            "user name": "光北之路",
            "content": "希望平安🙏",
            "time": "19-10-31 19:50"
        },
        {
            "comment id": 13,
            "parent": -1,
            "children": [],
            "user id": "2875143642",
            "user name": "风不知道往哪里吹",
            "content": "愿平安",
            "time": "19-10-31 19:49"
        },
        {
            "comment id": 14,
            "parent": -1,
            "children": [],
            "user id": "1687691271",
            "user name": "半路坡",
            "content": "又是无锡",
            "time": "19-10-31 19:49"
        },
        {
            "comment id": 15,
            "parent": -1,
            "children": [],
            "user id": "5584485999",
            "user name": "好山好水-好无聊yy",
            "content": "望平安",
            "time": "19-10-31 19:49"
        },
        {
            "comment id": 16,
            "parent": -1,
            "children": [],
            "user id": "1342378237",
            "user name": "黄埔一投",
            "content": "",
            "time": "19-10-31 19:51"
        },
        {
            "comment id": 17,
            "parent": -1,
            "children": [],
            "user id": "1799072263",
            "user name": "慧de晓宝",
            "content": "无锡市政府市长应去灵山大佛那里烧烧香，祈福平安！",
            "time": "19-10-31 22:21"
        },
        {
            "comment id": 18,
            "parent": -1,
            "children": [],
            "user id": "6171639843",
            "user name": "金哲Juvenile",
            "content": "愿平安",
            "time": "19-10-31 21:53"
        },
        {
            "comment id": 19,
            "parent": -1,
            "children": [],
            "user id": "3191784980",
            "user name": "归零的爱意",
            "content": "是块空地吧，那里放废弃油桶的地方",
            "time": "19-10-31 20:55"
        }
    ]
}