{
    "source": {
        "content": "又震惊！男子娶山大女研究生，结果却生出了黑人宝宝。\n山大女研究生的梗看来实锤了。\n本来想用孔子文化来改造别人的！这可倒好[捂脸][捂脸][捂脸]被别人基因改造了。  ",
        "time": "19-11-8 23:14",
        "user id": "3286636197",
        "tweet id": "IfjnqbheS",
        "label": 1,
        "theme": null
    },
    "comment": [
        {
            "comment id": 0,
            "parent": -1,
            "children": [
                1
            ],
            "user id": "1450829283",
            "user name": "松果快报",
            "content": "黑人基因真强大，这么黑",
            "time": "19-11-9 10:31"
        },
        {
            "comment id": 1,
            "parent": 0,
            "children": [],
            "user id": "3286636197",
            "user name": "严永利的微博",
            "content": "是的",
            "time": "19-11-9 12:07"
        },
        {
            "comment id": 2,
            "parent": -1,
            "children": [
                3
            ],
            "user id": "3238664131",
            "user name": "解放-姜戈",
            "content": "真的假的？",
            "time": "19-11-17 16:37"
        },
        {
            "comment id": 3,
            "parent": 2,
            "children": [],
            "user id": "3286636197",
            "user name": "严永利的微博",
            "content": "假的",
            "time": "19-11-24 07:26"
        },
        {
            "comment id": 4,
            "parent": -1,
            "children": [
                5
            ],
            "user id": "7325508057",
            "user name": "魔发公主Cherry",
            "content": "造谣传谣可是要被投诉的哦",
            "time": "19-11-9 15:44"
        },
        {
            "comment id": 5,
            "parent": 4,
            "children": [],
            "user id": "3286636197",
            "user name": "严永利的微博",
            "content": "多谢提醒",
            "time": "19-11-9 18:48"
        },
        {
            "comment id": 6,
            "parent": -1,
            "children": [
                7
            ],
            "user id": "1218288982",
            "user name": "单衣试酒君",
            "content": "无脑博主蹭热度，祝贺你成功了",
            "time": "19-11-11 11:05"
        },
        {
            "comment id": 7,
            "parent": 6,
            "children": [],
            "user id": "3286636197",
            "user name": "严永利的微博",
            "content": "谢谢",
            "time": "19-11-24 07:27"
        },
        {
            "comment id": 8,
            "parent": -1,
            "children": [
                9
            ],
            "user id": "6542568548",
            "user name": "骄阳似火-共相伴",
            "content": "黑芝麻吃多了😂",
            "time": "19-11-9 08:36"
        },
        {
            "comment id": 9,
            "parent": 8,
            "children": [],
            "user id": "3286636197",
            "user name": "严永利的微博",
            "content": "是的，真恶心",
            "time": "19-11-9 09:13"
        },
        {
            "comment id": 10,
            "parent": -1,
            "children": [],
            "user id": "3075025424",
            "user name": "Nutrilon诺优能",
            "content": "咚咚咚~是强健中国宝宝吗？快快发布宝宝照片并@Nutrilon诺优能，可能会被惊喜明星嘉宾翻牌哟！动动手指戳下图看攻略👇 网页链接",
            "time": "19-11-8 23:14"
        },
        {
            "comment id": 11,
            "parent": -1,
            "children": [],
            "user id": "5021412327",
            "user name": "思想完善中",
            "content": "这个视频是拼凑的，这期节目讲的根本不是这个事儿。",
            "time": "19-11-9 14:18"
        },
        {
            "comment id": 12,
            "parent": -1,
            "children": [],
            "user id": "1089406403",
            "user name": "武南山",
            "content": "传播谣言违法、无耻，你还有点良知吗？？",
            "time": "19-11-10 11:18"
        },
        {
            "comment id": 13,
            "parent": -1,
            "children": [],
            "user id": "5332777737",
            "user name": "HamelinWhite",
            "content": "传谣好玩🐴 ?",
            "time": "19-11-11 14:34"
        },
        {
            "comment id": 14,
            "parent": -1,
            "children": [],
            "user id": "2817378794",
            "user name": "红烧茄子123",
            "content": "用造谣蹭热度真的很无耻！人怎么能这么无耻呢？",
            "time": "19-11-11 13:18"
        },
        {
            "comment id": 15,
            "parent": -1,
            "children": [],
            "user id": "5854846024",
            "user name": "北海浪里个浪",
            "content": "网页链接 看看真相动动脑好吗👏",
            "time": "19-11-9 18:20"
        }
    ]
}