{
    "source": {
        "content": "他们是不是认为打人不犯法？浙江杭州一初中生宿舍内遭群殴，被骑在身上打致骨折！ 军武季的微博视频 ",
        "time": "19-11-11 20:40",
        "user id": "2178514797",
        "tweet id": "IfKEskpxP",
        "label": 1,
        "theme": null
    },
    "comment": [
        {
            "comment id": 0,
            "parent": -1,
            "children": [
                1
            ],
            "user id": "3798304577",
            "user name": "香港司法是个笑话",
            "content": "有未成年人伤害他人不受惩罚保护法呢",
            "time": "19-11-11 20:58"
        },
        {
            "comment id": 1,
            "parent": 0,
            "children": [],
            "user id": "2178514797",
            "user name": "军武季",
            "content": "这条消息是广东的，事是真，地点错误，抱歉！",
            "time": "19-11-12 21:54"
        },
        {
            "comment id": 2,
            "parent": -1,
            "children": [],
            "user id": "3207700253",
            "user name": "黑毛学长",
            "content": "犯了未成年人保护法，即是未成年人又犯法",
            "time": "19-11-11 20:47"
        },
        {
            "comment id": 3,
            "parent": -1,
            "children": [],
            "user id": "6222961676",
            "user name": "打小就搞笑",
            "content": "犯了未成年人保护法，即是未成年人又犯法",
            "time": "19-11-11 20:57"
        },
        {
            "comment id": 4,
            "parent": -1,
            "children": [],
            "user id": "1926156135",
            "user name": "Way619201",
            "content": "未成年人打架最可怕的就是：他们不知道这么打能打死人…",
            "time": "19-11-12 00:44"
        },
        {
            "comment id": 5,
            "parent": -1,
            "children": [],
            "user id": "6183782443",
            "user name": "墨迹之行3",
            "content": "这群法西斯恶魔，真该无期徒刑",
            "time": "19-11-11 21:57"
        },
        {
            "comment id": 6,
            "parent": -1,
            "children": [],
            "user id": "2126543162",
            "user name": "麦浪花海CA",
            "content": "这小伙要是爆发拿出来把刀把这些霸凌的捅了该保护谁呢",
            "time": "19-11-11 22:16"
        },
        {
            "comment id": 7,
            "parent": -1,
            "children": [],
            "user id": "3524330137",
            "user name": "等等等阅读",
            "content": "不是说不犯法，是中学教育从来没把法律教明白",
            "time": "19-11-11 21:45"
        },
        {
            "comment id": 8,
            "parent": -1,
            "children": [],
            "user id": "5421991301",
            "user name": "沉睡的曼珠沙华663",
            "content": "开除是肯定了，回到家还有一场死揍等着呢！何必呢",
            "time": "19-11-11 21:33"
        },
        {
            "comment id": 9,
            "parent": -1,
            "children": [],
            "user id": "7019543477",
            "user name": "陈睿201407",
            "content": "野蛮部落出生的吗？",
            "time": "19-11-11 21:22"
        },
        {
            "comment id": 10,
            "parent": -1,
            "children": [],
            "user id": "2099036167",
            "user name": "麦当当原味圆筒雪糕",
            "content": "他们怕什么，反正未成年，就算是加害者也有法律保护呀！",
            "time": "19-11-11 21:02"
        },
        {
            "comment id": 11,
            "parent": -1,
            "children": [],
            "user id": "1724975403",
            "user name": "狗咬胶和大垫子都给你",
            "content": "想起了《少年的你》里的片段",
            "time": "19-11-11 20:58"
        },
        {
            "comment id": 12,
            "parent": -1,
            "children": [],
            "user id": "1763900861",
            "user name": "我的房间想我了H",
            "content": "我觉得住校是个很大的问题，初中跟高中住了六年校的我深深的感受到了……没有一个人是没有被打过的",
            "time": "19-11-11 20:57"
        },
        {
            "comment id": 13,
            "parent": -1,
            "children": [],
            "user id": "1928471252",
            "user name": "_游于艺",
            "content": "@环球时报 @观察者网 @新浪新闻 @人民日报",
            "time": "19-11-11 20:56"
        },
        {
            "comment id": 14,
            "parent": -1,
            "children": [],
            "user id": "6074749215",
            "user name": "绿水园",
            "content": "现在的学校呼吁先上法律课",
            "time": "19-11-11 20:47"
        },
        {
            "comment id": 15,
            "parent": -1,
            "children": [],
            "user id": "5867820375",
            "user name": "我是辛爸",
            "content": "@师伟微博",
            "time": "19-11-11 21:04"
        },
        {
            "comment id": 16,
            "parent": -1,
            "children": [],
            "user id": "6564668479",
            "user name": "人间事未可知矣",
            "content": "问题是真的不犯法",
            "time": "19-11-11 21:37"
        }
    ]
}