{
    "source": {
        "content": "【女子双十一疯狂购物23万！老公当场昏倒抢救无效死亡！】\n\n据新闻报道，双十一凌晨两点一男子不停听到手机信心响铃，打开后看到4张信用卡被疯狂刷爆！\n\n当时以为是银行卡被盗，仔细一看竟然都是来自网上购物消费，当他走进书房，发现妻子正在电脑旁购物，男子仔细一算共计消费23万左右，当时就昏倒过去了，妻子拨打120，经抢救无效早上6点死亡！#如何看待借贷消费##双十一总成交额2684亿##双11花了多少钱#",
        "time": "19-11-12 19:39",
        "user id": "5645756008",
        "tweet id": "IfTGhoItx",
        "label": 1,
        "theme": null
    },
    "comment": [
        {
            "comment id": 0,
            "parent": -1,
            "children": [],
            "user id": "1766621407",
            "user name": "0丁丁丁丁0",
            "content": "假的，朝闻天下已经改版了",
            "time": "19-11-12 19:46"
        },
        {
            "comment id": 1,
            "parent": -1,
            "children": [],
            "user id": "5794491570",
            "user name": "大地的孩子67380",
            "content": "这个博主就是个恶臭，前几天瞎扯说一堆女性在王思聪微博下说老公操我（实际是男性在说，多为玩笑的性质）现在又传前天女性消费23万气死老公。博主对女性是有多大的恶意，扯了劲的污蔑女性！",
            "time": "19-11-13 08:32"
        },
        {
            "comment id": 2,
            "parent": -1,
            "children": [],
            "user id": "1851194383",
            "user name": "K--新月传奇",
            "content": "谁还用电脑购物",
            "time": "19-11-12 20:04"
        },
        {
            "comment id": 3,
            "parent": -1,
            "children": [],
            "user id": "6026313726",
            "user name": "王跃斐Jack-Wang",
            "content": "当我老婆一定很幸福，毕竟我不在乎你花我23w。",
            "time": "19-11-12 22:58"
        },
        {
            "comment id": 4,
            "parent": -1,
            "children": [],
            "user id": "6067897736",
            "user name": "ZHY_Myself",
            "content": "我就想问，信用卡还用还不?",
            "time": "19-11-12 19:44"
        }
    ]
}