{
    "source": {
        "content": "昨晚国足输给叙利亚，足协致歉，里皮辞职。叙利亚为了庆祝这场胜利，政府军和反对派武装组织决定停火48小时！停火48小时能够挽救多少生命，说真的这条新闻很暖心。张琳梵带伤上场，手断了打封闭上去比赛，动作变形导致失误，国家荣誉面前确实没有借口，但是换成别人，也一样很无奈背锅。\n愿世界和平！ ",
        "time": "19-11-15 10:42",
        "user id": "1294655291",
        "tweet id": "IgirvjlsM",
        "label": 1,
        "theme": null
    },
    "comment": [
        {
            "comment id": 0,
            "parent": -1,
            "children": [
                1
            ],
            "user id": "1909288791",
            "user name": "水无棱",
            "content": "看时间，不是针对谁，再坐都是为了黑而黑，对谁都没好",
            "time": "19-11-15 12:05"
        },
        {
            "comment id": 1,
            "parent": 0,
            "children": [],
            "user id": "1294655291",
            "user name": "强尼二点零",
            "content": "点个赞",
            "time": "19-11-15 12:47"
        },
        {
            "comment id": 2,
            "parent": -1,
            "children": [],
            "user id": "2631513613",
            "user name": "不太聪明的阿阿泽",
            "content": "这洗的很专业",
            "time": "19-11-16 22:49"
        },
        {
            "comment id": 3,
            "parent": -1,
            "children": [],
            "user id": "1710489861",
            "user name": "ropdj",
            "content": "谣言制造者，举报。",
            "time": "19-11-16 23:00"
        },
        {
            "comment id": 4,
            "parent": -1,
            "children": [],
            "user id": "7316878218",
            "user name": "雪域将国",
            "content": "断的马德比，踢乌龙就跟在战友身后打黑枪有啥区别！",
            "time": "19-11-16 20:10"
        },
        {
            "comment id": 5,
            "parent": -1,
            "children": [],
            "user id": "5746639120",
            "user name": "千八了一不是李",
            "content": "不看比赛瞎蹭热度？时间不对就算了比分错了看不出来？",
            "time": "19-11-16 10:21"
        },
        {
            "comment id": 6,
            "parent": -1,
            "children": [],
            "user id": "2741441742",
            "user name": "要坚韧a",
            "content": "这扯得有点远了……",
            "time": "19-11-15 22:13"
        },
        {
            "comment id": 7,
            "parent": -1,
            "children": [],
            "user id": "2315719150",
            "user name": "卡卡熊Y",
            "content": "#孙楠重塑未来专项基金#",
            "time": "19-11-15 11:00"
        },
        {
            "comment id": 8,
            "parent": -1,
            "children": [],
            "user id": "1641277507",
            "user name": "刺挠的皮卡丘",
            "content": "是我们肤浅了..",
            "time": "19-11-15 10:43"
        },
        {
            "comment id": 9,
            "parent": -1,
            "children": [
                10
            ],
            "user id": "6545179050",
            "user name": "wifi消失术表演者",
            "content": "不是1:2吗？",
            "time": "19-11-15 10:53"
        },
        {
            "comment id": 10,
            "parent": 9,
            "children": [],
            "user id": "5727558677",
            "user name": "随便回复一哈",
            "content": "1/2不可怕，可怕的是自己往自己家🥅 踢，！这真不是乌龙俩字就能概括的，这是智商问题",
            "time": "19-11-16 14:16"
        },
        {
            "comment id": 11,
            "parent": -1,
            "children": [],
            "user id": "6513288240",
            "user name": "纯真的柚子怪",
            "content": "散播谣言吧你就，网上都辟谣了人家根本没停战",
            "time": "19-11-15 19:59"
        },
        {
            "comment id": 12,
            "parent": -1,
            "children": [],
            "user id": "5239353876",
            "user name": "Goldinbooks",
            "content": "哎",
            "time": "19-11-16 22:00"
        }
    ]
}