{
    "source": {
        "content": "关键字：南中国海，水下50米，大爆炸，核辐射… ",
        "time": "19-11-21 20:15",
        "user id": "6547391406",
        "tweet id": "IhgLf3R7J",
        "label": 1,
        "theme": null
    },
    "comment": [
        {
            "comment id": 0,
            "parent": -1,
            "children": [
                1
            ],
            "user id": "5975147171",
            "user name": "Kiki5975147171",
            "content": "会不会是航妈的抗爆炸冲击测试？",
            "time": "19-11-21 20:19"
        },
        {
            "comment id": 1,
            "parent": 0,
            "children": [],
            "user id": "6547391406",
            "user name": "_摄友约克_",
            "content": "谁家测试新航母，会搞出一至两万吨的水下爆炸来？",
            "time": "19-11-21 20:34"
        },
        {
            "comment id": 2,
            "parent": -1,
            "children": [],
            "user id": "7262681904",
            "user name": "蓦然少帅",
            "content": "额，首先不要是我们国家的……",
            "time": "19-11-21 20:27"
        },
        {
            "comment id": 3,
            "parent": -1,
            "children": [],
            "user id": "1229216381",
            "user name": "Blaun",
            "content": "勿谓言之不预？",
            "time": "19-11-21 20:37"
        },
        {
            "comment id": 4,
            "parent": -1,
            "children": [
                5,
                6
            ],
            "user id": "6805499644",
            "user name": "CipherCX",
            "content": "我们可以乐观一点，说不定是越南拥核了呢",
            "time": "19-11-21 20:38"
        },
        {
            "comment id": 5,
            "parent": 4,
            "children": [],
            "user id": "5339642496",
            "user name": "鲸探链",
            "content": "这算乐观嘛",
            "time": "19-11-22 12:22"
        },
        {
            "comment id": 6,
            "parent": 4,
            "children": [],
            "user id": "5988227399",
            "user name": "gala进世界赛好吗",
            "content": "",
            "time": "19-11-21 20:54"
        },
        {
            "comment id": 7,
            "parent": -1,
            "children": [],
            "user id": "2433528732",
            "user name": "samzzzzzzz",
            "content": "看消息来源，一个经常发假消息的记者",
            "time": "19-11-21 21:54"
        },
        {
            "comment id": 8,
            "parent": -1,
            "children": [],
            "user id": "1610112292",
            "user name": "我的名字叫XP",
            "content": "逮着美帝潜艇了，不能够啊，核潜艇一般不敢闹这么大动静吧",
            "time": "19-11-21 20:45"
        },
        {
            "comment id": 9,
            "parent": -1,
            "children": [
                10
            ],
            "user id": "1827678541",
            "user name": "北京大张张",
            "content": "这货长期一惊一乍，我就当笑话听",
            "time": "19-11-22 00:21"
        },
        {
            "comment id": 10,
            "parent": 9,
            "children": [],
            "user id": "5392921342",
            "user name": "只爱赵今麦一直爱她",
            "content": "什么叫长期一惊一乍？",
            "time": "19-11-22 06:42"
        },
        {
            "comment id": 11,
            "parent": -1,
            "children": [],
            "user id": "3299507513",
            "user name": "高海文啦",
            "content": "发这新闻的是白人极右，白人至上种族主义者",
            "time": "19-11-22 13:06"
        },
        {
            "comment id": 12,
            "parent": -1,
            "children": [],
            "user id": "6454879854",
            "user name": "不辣真不辣",
            "content": "已经举报",
            "time": "19-11-22 00:13"
        },
        {
            "comment id": 13,
            "parent": -1,
            "children": [],
            "user id": "3227743243",
            "user name": "春江财富",
            "content": "转发微博",
            "time": "19-11-22 11:45"
        },
        {
            "comment id": 14,
            "parent": -1,
            "children": [],
            "user id": "5809578440",
            "user name": "准许屠宰",
            "content": "消息来源可靠吗.jpg",
            "time": "19-11-22 11:05"
        },
        {
            "comment id": 15,
            "parent": -1,
            "children": [],
            "user id": "5616203099",
            "user name": "一林淮生一",
            "content": "一万吨到两万吨？原子弹？",
            "time": "19-11-21 21:07"
        },
        {
            "comment id": 16,
            "parent": -1,
            "children": [],
            "user id": "1252104524",
            "user name": "佳佳Amen",
            "content": "卧槽",
            "time": "19-11-21 20:51"
        },
        {
            "comment id": 17,
            "parent": -1,
            "children": [],
            "user id": "1497441201",
            "user name": "逍遥叹he",
            "content": "大新闻？库尔斯克事件重演？希望不要是TG的艇",
            "time": "19-11-21 21:03"
        },
        {
            "comment id": 18,
            "parent": -1,
            "children": [],
            "user id": "1596025077",
            "user name": "豪情万涨博",
            "content": "现在都不会等消息飞一会儿的？他说的就是真的？川普总统都官方确认，美国传媒都是假消息",
            "time": "19-11-21 22:32"
        },
        {
            "comment id": 19,
            "parent": -1,
            "children": [],
            "user id": "5392921342",
            "user name": "只爱赵今麦一直爱她",
            "content": "我天。。。不会是核潜艇出事了吧。。。这位消息来源是哪里？？还有没有最新进展了？到底怎么回事？希望别是我们国家的潜艇",
            "time": "19-11-22 06:42"
        },
        {
            "comment id": 20,
            "parent": -1,
            "children": [],
            "user id": "3205637880",
            "user name": "馋猫的鱼_2000",
            "content": "//@懒得注册: 一到两万吨当量这是什么“科研设备”呢？//@FYJS罐头鱼 ://@Blaun :勿谓言之不预？",
            "time": "19-11-22 02:54"
        },
        {
            "comment id": 21,
            "parent": -1,
            "children": [],
            "user id": "2560226545",
            "user name": "匡威converse鞋迷",
            "content": "@吐槽鬼 ",
            "time": "19-11-21 21:31"
        },
        {
            "comment id": 22,
            "parent": -1,
            "children": [],
            "user id": "1665492321",
            "user name": "顺其自然一切随Yuan",
            "content": "",
            "time": "19-11-21 21:09"
        }
    ]
}