{
    "source": {
        "content": "牛逼；中央汇金公司前三季度净利润4513亿元 同比增12%\n\n（这个比彩票牛逼，可以光明正大说出来，彩票13人贪污1300多亿，戴着面具偷偷摸摸领取的。） ",
        "time": "19-11-28 16:22",
        "user id": "1163390501",
        "tweet id": "Iije06ZR0",
        "label": 1,
        "theme": null
    },
    "comment": [
        {
            "comment id": 0,
            "parent": -1,
            "children": [
                4,
                5
            ],
            "user id": "3215878534",
            "user name": "瑄王2013",
            "content": "可怜中国股民",
            "time": "19-11-28 16:25"
        },
        {
            "comment id": 1,
            "parent": 5,
            "children": [],
            "user id": "3255931420",
            "user name": "星宿派二狗子",
            "content": "回复@RepLayS0329:带着截图问你主子领赏去吧",
            "time": "19-11-29 12:30"
        },
        {
            "comment id": 2,
            "parent": 5,
            "children": [],
            "user id": "2673673461",
            "user name": "BAGA电子竞技俱乐部",
            "content": "回复@RepLayS0329:我可以作证，我就在现场我是那个碗",
            "time": "19-11-29 09:26"
        },
        {
            "comment id": 3,
            "parent": 5,
            "children": [],
            "user id": "6530358633",
            "user name": "只见君去不见君还",
            "content": "回复@RepLayS0329:轮子会拼接？那方向盘会画画了",
            "time": "19-11-29 08:13"
        },
        {
            "comment id": 4,
            "parent": 0,
            "children": [],
            "user id": "2606904723",
            "user name": "是轩弟弟啊",
            "content": "这种都有人信？？？",
            "time": "19-11-29 00:15"
        },
        {
            "comment id": 5,
            "parent": 0,
            "children": [
                1,
                2,
                3
            ],
            "user id": "2020218113",
            "user name": "RepLayS0329",
            "content": "这个视频是轮子拼接的",
            "time": "19-11-28 21:03"
        },
        {
            "comment id": 6,
            "parent": -1,
            "children": [
                10,
                11,
                15,
                16,
                19,
                21,
                27,
                36
            ],
            "user id": "1750834311",
            "user name": "--长相决定命运--",
            "content": "草特么的福彩中心，草特么的",
            "time": "19-11-28 16:29"
        },
        {
            "comment id": 7,
            "parent": 8,
            "children": [],
            "user id": "6346529841",
            "user name": "乔戈里峰的雪",
            "content": "回复@蔚子w:我不是体制内，没那命，我是体彩的一线销售，福彩是我们的对手！但是博主说的太假，没忍住，替对手辟谣！",
            "time": "19-11-29 10:40"
        },
        {
            "comment id": 8,
            "parent": 10,
            "children": [
                7
            ],
            "user id": "1817864660",
            "user name": "蔚子w",
            "content": "回复@乔戈里峰的雪:你既然是体制内人就好好讲讲嘛，肯定很懂的呀 查看图片",
            "time": "19-11-29 10:39"
        },
        {
            "comment id": 9,
            "parent": 10,
            "children": [],
            "user id": "1817864660",
            "user name": "蔚子w",
            "content": "回复@乔戈里峰的雪:既然资金分配网上都有，怎么会有贪掉的钱呢？？你自己打自己脸？",
            "time": "19-11-29 10:36"
        },
        {
            "comment id": 10,
            "parent": 6,
            "children": [
                8,
                9
            ],
            "user id": "6346529841",
            "user name": "乔戈里峰的雪",
            "content": "回复@BigBang三井寿:博主说的福彩的人，而且是福彩管理中心的，我当然算福彩全国性大盘玩法啊！3d头奖一千，中一个亿估计都要十万注，不得累死！",
            "time": "19-11-29 10:32"
        },
        {
            "comment id": 11,
            "parent": 6,
            "children": [],
            "user id": "1614874371",
            "user name": "小羊皮萌萌",
            "content": "你们实事求是行不行，好好看看当时的新闻！！不要以讹传讹！贪污的钱数额很大，但是不是所谓的偷偷领奖！！",
            "time": "19-11-29 10:30"
        },
        {
            "comment id": 12,
            "parent": 13,
            "children": [],
            "user id": "6346529841",
            "user name": "乔戈里峰的雪",
            "content": "回复@蔚子w:不是语病哦，是常识性错误，福彩体彩搞混淆了，具体销售额，彩票销售资金流向分配，网上有，具体多少，如果相信博主说的是真的，自己去查一下，多了解一点！",
            "time": "19-11-29 10:28"
        },
        {
            "comment id": 13,
            "parent": 15,
            "children": [
                12
            ],
            "user id": "1817864660",
            "user name": "蔚子w",
            "content": "回复@乔戈里峰的雪:抓个语病想避开关键问题？你那么懂好好说说，福彩有几种，每期销售额多少，全年销售额多少，敢说嘛，搞笑",
            "time": "19-11-29 10:20"
        },
        {
            "comment id": 14,
            "parent": 15,
            "children": [],
            "user id": "1817864660",
            "user name": "蔚子w",
            "content": "回复@乔戈里峰的雪:喂，醒醒，光双色球每期的销售额就三四亿，一周三期，还有3d，刮刮卡等等。。。这样行了？请解释",
            "time": "19-11-29 10:17"
        },
        {
            "comment id": 15,
            "parent": 6,
            "children": [
                13,
                14
            ],
            "user id": "6346529841",
            "user name": "乔戈里峰的雪",
            "content": "回复@张金柱:你相信十几年头奖都是他们自己中的？",
            "time": "19-11-29 09:55"
        },
        {
            "comment id": 16,
            "parent": 6,
            "children": [],
            "user id": "6346529841",
            "user name": "乔戈里峰的雪",
            "content": "回复@蔚子w:就冲你说大乐透，我觉得没必要说了，大乐透是体彩，福彩的领导能贪体彩部门的钱！中国的两大彩票发行机构，和管理部门都搞不清楚。发表自己观点，需要论点论据！如果自己证据都是错的，就没法继续探讨了！",
            "time": "19-11-29 09:53"
        },
        {
            "comment id": 17,
            "parent": 18,
            "children": [],
            "user id": "3289870230",
            "user name": "张金柱米兰",
            "content": "回复@乔戈里峰的雪:不是说十几年么！",
            "time": "19-11-29 09:37"
        },
        {
            "comment id": 18,
            "parent": 20,
            "children": [
                17
            ],
            "user id": "6346529841",
            "user name": "乔戈里峰的雪",
            "content": "回复@郭伟vvv:你是说他们自己贪投注？这个作假需要设备和人员更多，还有，双色球是福彩全国性大盘玩法，其他的没有听说，3d，15选5都是小盘，头奖没多少！还有民政部早就辟谣了，福彩属于民政部和财政部管理，体育彩票属于国家体育总局和财政部管理！福彩人不可能去贪污大乐透，七星彩吧！",
            "time": "19-11-29 09:14"
        },
        {
            "comment id": 19,
            "parent": 6,
            "children": [],
            "user id": "6346529841",
            "user name": "乔戈里峰的雪",
            "content": "回复@我在东北玩泥粑:一次四十注，才两个亿！最多一次应该中了十个亿，唉，平均值呢，有时候空开，有时候就记住，我按每次一个亿算，完全是不可能的，你多注意双色球开奖，不就得了，只有双色球才是福彩全国性大盘玩法！",
            "time": "19-11-29 09:05"
        },
        {
            "comment id": 20,
            "parent": 22,
            "children": [
                18
            ],
            "user id": "5448661083",
            "user name": "郭伟vvv",
            "content": "回复@乔戈里峰的雪:他们贪的不只是一等奖，就光双色球一批都是4个亿以上的投注，还有很多其他类型的彩票",
            "time": "19-11-29 08:58"
        },
        {
            "comment id": 21,
            "parent": 6,
            "children": [],
            "user id": "5829745851",
            "user name": "陈小猪的男人",
            "content": "回复@逼劲儿随谁:还真有这事",
            "time": "19-11-29 08:36"
        },
        {
            "comment id": 22,
            "parent": 24,
            "children": [
                20
            ],
            "user id": "6346529841",
            "user name": "乔戈里峰的雪",
            "content": "回复@superferrari:这个不可能，他们没有能力动公益金，所有销售的钱，都是财政部门管理的，财政部和省一级财政部门，即使兑奖，他们也是按计划向财政部门申请额度到自己单位对公帐户，别说公益金了",
            "time": "19-11-29 00:50"
        },
        {
            "comment id": 23,
            "parent": 25,
            "children": [],
            "user id": "6346529841",
            "user name": "乔戈里峰的雪",
            "content": "回复@我像金秀贤:博主说的是中奖，我就是跟着他的观点来的！你说的没错，贪腐手段很多！",
            "time": "19-11-29 00:45"
        },
        {
            "comment id": 24,
            "parent": 28,
            "children": [
                22
            ],
            "user id": "1897461490",
            "user name": "superferrari",
            "content": "回复@乔戈里峰的雪:你说的没错，这种消息太假了。而且他们贪的方式不是通过中奖，而是动了彩票公益金，这部分每年有几百上千亿（2018年全国彩票公益金是1300多亿，包括福彩和体彩）。",
            "time": "19-11-29 00:45"
        },
        {
            "comment id": 25,
            "parent": 28,
            "children": [
                23
            ],
            "user id": "5344123153",
            "user name": "我像金秀贤",
            "content": "回复@乔戈里峰的雪:不是这样的，不光是彩票呀，他是作为福利事业的 那个是需要运营成本的呀。这里花一点 那里花一点。做帐还不会",
            "time": "19-11-28 22:38"
        },
        {
            "comment id": 26,
            "parent": 28,
            "children": [],
            "user id": "3794509990",
            "user name": "假奶绿的亮",
            "content": "回复@乔戈里峰的雪:你确定你把所有的彩票类型都算进去了？",
            "time": "19-11-28 22:23"
        },
        {
            "comment id": 27,
            "parent": 6,
            "children": [],
            "user id": "3807770207",
            "user name": "番薯大王来巡山",
            "content": "转发超过500可以判刑造谣",
            "time": "19-11-28 21:57"
        },
        {
            "comment id": 28,
            "parent": 30,
            "children": [
                24,
                25,
                26
            ],
            "user id": "6346529841",
            "user name": "乔戈里峰的雪",
            "content": "回复@等你下课的小康:去年年底，是运营调低了，还取消了1%调解基金！",
            "time": "19-11-28 21:16"
        },
        {
            "comment id": 29,
            "parent": 30,
            "children": [],
            "user id": "6346529841",
            "user name": "乔戈里峰的雪",
            "content": "回复@等你下课的小康:贪腐是没跑，，夸大其实，也不对！",
            "time": "19-11-28 21:13"
        },
        {
            "comment id": 30,
            "parent": 31,
            "children": [
                28,
                29
            ],
            "user id": "2680809460",
            "user name": "等你下课的小康",
            "content": "回复@乔戈里峰的雪:我印象中竞彩好像在去年调了一次返还率，又降低了一次。",
            "time": "19-11-28 21:13"
        },
        {
            "comment id": 31,
            "parent": 32,
            "children": [
                30
            ],
            "user id": "6346529841",
            "user name": "乔戈里峰的雪",
            "content": "回复@等你下课的小康:竞彩也没80%，国家提留的是20%，还有一定运营，大概13-14%，具体多少不记得了，剩下的才是派奖，估计也就是百分之六十几！似乎百分之六十九，那运营就是11%。",
            "time": "19-11-28 21:11"
        },
        {
            "comment id": 32,
            "parent": 33,
            "children": [
                31
            ],
            "user id": "2680809460",
            "user name": "等你下课的小康",
            "content": "回复@乔戈里峰的雪:一千多亿没那么多，不过过亿应该是有的。其实竞彩做到像香港马会那样，估计就没那么多人去外围了。",
            "time": "19-11-28 21:11"
        },
        {
            "comment id": 33,
            "parent": 34,
            "children": [
                32
            ],
            "user id": "6346529841",
            "user name": "乔戈里峰的雪",
            "content": "回复@等你下课的小康:是的，大部分是小盘玩法，中了头奖也少啊，按照博主的意思，快速偷取资金，五百万一次的最快了，我这样算，按照每次一亿，都要好几年，再说了，一亿左右的奖，一年开出几个呢，明显是为了黑而黑！贪腐是肯定的，可以存在，设备采购，人员培训，宣发等环节，自己去中奖也可能！但是，总量大，不可能",
            "time": "19-11-28 21:08"
        },
        {
            "comment id": 34,
            "parent": 36,
            "children": [
                33
            ],
            "user id": "2680809460",
            "user name": "等你下课的小康",
            "content": "回复@乔戈里峰的雪:除了竞彩，基本都是坑的，不过竞彩也是坑，国际主流的返还率都是95%起，国家竞彩竟然调成80%不到，北单65%，也是够厉害。",
            "time": "19-11-28 21:06"
        },
        {
            "comment id": 35,
            "parent": 36,
            "children": [],
            "user id": "2680809460",
            "user name": "等你下课的小康",
            "content": "回复@乔戈里峰的雪:有很多彩种的。",
            "time": "19-11-28 21:04"
        },
        {
            "comment id": 36,
            "parent": 6,
            "children": [
                34,
                35
            ],
            "user id": "6346529841",
            "user name": "乔戈里峰的雪",
            "content": "福彩一个星期开三次，一次中一个亿吧！一年休市一星期，大概153期，那就是153亿，一千多亿，几年呢？再说了，派奖结果都可以查到，一年有几次中奖过一亿都可以查到，说他们没贪我不信，贪这么多，我也不信！",
            "time": "19-11-28 20:44"
        },
        {
            "comment id": 37,
            "parent": -1,
            "children": [
                38,
                39,
                40,
                41,
                42,
                43,
                44,
                45
            ],
            "user id": "1892298782",
            "user name": "翀少_",
            "content": "不是吧，1360亿？然后国家怎么处理",
            "time": "19-11-28 16:26"
        },
        {
            "comment id": 38,
            "parent": 37,
            "children": [],
            "user id": "5018584452",
            "user name": "开心过每一天WTT",
            "content": "钱赚了一圈没少反多了，还给了一个为民除害的，好印象。",
            "time": "19-11-29 00:08"
        },
        {
            "comment id": 39,
            "parent": 37,
            "children": [],
            "user id": "2797063865",
            "user name": "给涨停找个理由",
            "content": "国家洗钱",
            "time": "19-11-28 21:37"
        },
        {
            "comment id": 40,
            "parent": 37,
            "children": [],
            "user id": "6320717872",
            "user name": "夸郡15073",
            "content": "早转移了，还充公?拿命充",
            "time": "19-11-28 21:32"
        },
        {
            "comment id": 41,
            "parent": 37,
            "children": [],
            "user id": "5999934185",
            "user name": "江边的树叶",
            "content": "这么多，不信",
            "time": "19-11-28 20:59"
        },
        {
            "comment id": 42,
            "parent": 37,
            "children": [],
            "user id": "7003707498",
            "user name": "SOWON的老父亲",
            "content": "假新闻，民政部都辟谣了，2018年福彩所有项目的销售额才两千多亿，出事的是国企的那个公司。1360不实",
            "time": "19-11-28 19:38"
        },
        {
            "comment id": 43,
            "parent": 37,
            "children": [],
            "user id": "6475855280",
            "user name": "何以解忧愁哦",
            "content": "回复@王小x囧:牛逼牛逼，螳螂捕蝉黄雀在后啊",
            "time": "19-11-28 18:53"
        },
        {
            "comment id": 44,
            "parent": 37,
            "children": [],
            "user id": "1806889482",
            "user name": "啊吖呀w",
            "content": "都归国库了，一手好牌，合法充公",
            "time": "19-11-28 18:04"
        },
        {
            "comment id": 45,
            "parent": 37,
            "children": [],
            "user id": "1892298782",
            "user name": "翀少_",
            "content": "回复@隔壁老王猛吸了一口烟悠悠的说:谁还买彩票啊，难过销售额少那么多",
            "time": "19-11-28 16:34"
        },
        {
            "comment id": 46,
            "parent": -1,
            "children": [],
            "user id": "2056102261",
            "user name": "YC施松春",
            "content": "汇金在吸股民骨髓啊",
            "time": "19-11-28 16:41"
        },
        {
            "comment id": 47,
            "parent": -1,
            "children": [
                48
            ],
            "user id": "1699966981",
            "user name": "李半仙哟哟哟",
            "content": "www____com谢了",
            "time": "19-11-28 18:20"
        },
        {
            "comment id": 48,
            "parent": 47,
            "children": [],
            "user id": "3115014341",
            "user name": "欣欣15546",
            "content": "95kkb不谢",
            "time": "19-11-28 18:21"
        },
        {
            "comment id": 49,
            "parent": -1,
            "children": [
                50
            ],
            "user id": "1157324734",
            "user name": "Ydudy16",
            "content": "钱交出来充公还是继续投入股票池",
            "time": "19-11-28 16:41"
        },
        {
            "comment id": 50,
            "parent": 49,
            "children": [],
            "user id": "7123414119",
            "user name": "AmazonCheng",
            "content": "投入？做梦吧",
            "time": "19-11-29 08:54"
        },
        {
            "comment id": 51,
            "parent": -1,
            "children": [
                52
            ],
            "user id": "5124735305",
            "user name": "闭关态度覅",
            "content": "全世界最善良的韭菜在哪里？",
            "time": "19-11-28 16:45"
        },
        {
            "comment id": 52,
            "parent": 51,
            "children": [],
            "user id": "6796280696",
            "user name": "拗苍",
            "content": "看这里、看这里！",
            "time": "19-11-28 19:58"
        },
        {
            "comment id": 53,
            "parent": -1,
            "children": [],
            "user id": "5557304251",
            "user name": "Lv蓝色星空",
            "content": "",
            "time": "19-11-28 17:52"
        },
        {
            "comment id": 54,
            "parent": -1,
            "children": [],
            "user id": "2722091601",
            "user name": "只要你幸福·蔷薇粉",
            "content": "",
            "time": "19-11-28 16:55"
        },
        {
            "comment id": 55,
            "parent": -1,
            "children": [],
            "user id": "5985550779",
            "user name": "只要你幸福-流氓兔-马仔艾斯",
            "content": "",
            "time": "19-12-2 12:32"
        },
        {
            "comment id": 56,
            "parent": -1,
            "children": [],
            "user id": "2175878897",
            "user name": "蒋小o白",
            "content": "标记此内容不实，已处理，不是说传播谣言要坐牢的吗？",
            "time": "19-12-30 09:25"
        },
        {
            "comment id": 57,
            "parent": -1,
            "children": [],
            "user id": "6176079276",
            "user name": "搞笑旺",
            "content": "无论你觉得自己多么的了不起，也永远有人比你更强。",
            "time": "19-11-29 14:05"
        },
        {
            "comment id": 58,
            "parent": -1,
            "children": [],
            "user id": "3097410383",
            "user name": "神二儿",
            "content": "[冰雪奇缘雪宝]",
            "time": "19-11-29 13:41"
        },
        {
            "comment id": 59,
            "parent": -1,
            "children": [],
            "user id": "2703864415",
            "user name": "海阔天空FCG",
            "content": "分享下经验呗",
            "time": "19-11-29 13:09"
        },
        {
            "comment id": 60,
            "parent": -1,
            "children": [],
            "user id": "6313168900",
            "user name": "雅痞Boy叫猿帅",
            "content": "贪污可恨，造谣可耻",
            "time": "19-11-29 12:18"
        },
        {
            "comment id": 61,
            "parent": -1,
            "children": [],
            "user id": "6176079276",
            "user name": "搞笑旺",
            "content": "成功源于不懈的努力。",
            "time": "19-11-29 12:17"
        },
        {
            "comment id": 62,
            "parent": -1,
            "children": [],
            "user id": "1676748013",
            "user name": "我是你朱哥x",
            "content": "最大的骗子",
            "time": "19-11-29 12:05"
        },
        {
            "comment id": 63,
            "parent": -1,
            "children": [],
            "user id": "7089057670",
            "user name": "vv老师的老师",
            "content": "已经不炒股了",
            "time": "19-11-29 10:55"
        },
        {
            "comment id": 64,
            "parent": -1,
            "children": [],
            "user id": "1614874371",
            "user name": "小羊皮萌萌",
            "content": "有点常识行不行，知不知道福彩腐败案不是所谓的偷偷领奖？？？而是贪污了销售款？？你这种不实事求是的博文，除了引发负能量还有什么用？？",
            "time": "19-11-29 10:29"
        },
        {
            "comment id": 65,
            "parent": -1,
            "children": [],
            "user id": "5097049249",
            "user name": "不高兴高兴反正都要快乐",
            "content": "怪不得我中不了",
            "time": "19-11-29 10:17"
        },
        {
            "comment id": 66,
            "parent": -1,
            "children": [],
            "user id": "2794193013",
            "user name": "YANGSHIKUZI",
            "content": "我也受害者，坚决抵制一切不正当行为。",
            "time": "19-11-29 09:48"
        },
        {
            "comment id": 67,
            "parent": -1,
            "children": [],
            "user id": "5641294025",
            "user name": "噗噗丶小侯爷",
            "content": "200多万粉丝的号造谣？",
            "time": "19-11-29 09:07"
        },
        {
            "comment id": 68,
            "parent": -1,
            "children": [],
            "user id": "1790513803",
            "user name": "背葱少秊",
            "content": "这么微博说，那些人不会管的吗",
            "time": "19-11-29 09:03"
        },
        {
            "comment id": 69,
            "parent": -1,
            "children": [],
            "user id": "5358572556",
            "user name": "非我莫属要靠谱",
            "content": "不传谣不造谣，第一中金是合法收入，拿十来万亿炒股挣钱了这也被喷。第二彩票贪污1300亿拿出证据来，否则就是蛊惑人心。",
            "time": "19-11-29 09:01"
        },
        {
            "comment id": 70,
            "parent": -1,
            "children": [],
            "user id": "2136946751",
            "user name": "进阶中的咻",
            "content": "大盘股汇金都是长线持有的，如持有的工商银行市值就600多亿，一年分红就300亿。",
            "time": "19-11-29 08:56"
        },
        {
            "comment id": 71,
            "parent": -1,
            "children": [],
            "user id": "2486812564",
            "user name": "牛Professor",
            "content": "造谣可耻",
            "time": "19-11-28 22:56"
        },
        {
            "comment id": 72,
            "parent": -1,
            "children": [],
            "user id": "6346529841",
            "user name": "乔戈里峰的雪",
            "content": "图二中的配图，就有问题，那明明是派出所打击私彩的采访，用来说国家队，还有，彩票管理中心是两个，一个福利彩票，一个体育彩票！说彩票管理中心，明显的外行！",
            "time": "19-11-28 20:48"
        },
        {
            "comment id": 73,
            "parent": -1,
            "children": [],
            "user id": "3097410383",
            "user name": "神二儿",
            "content": "[冰雪奇缘安娜]",
            "time": "19-11-28 20:32"
        },
        {
            "comment id": 74,
            "parent": -1,
            "children": [],
            "user id": "3898873468",
            "user name": "韩大猫子",
            "content": "牛批",
            "time": "19-11-28 20:24"
        },
        {
            "comment id": 75,
            "parent": -1,
            "children": [],
            "user id": "1104930170",
            "user name": "马修丶麦康纳",
            "content": "合法充公",
            "time": "19-11-28 20:18"
        },
        {
            "comment id": 76,
            "parent": -1,
            "children": [],
            "user id": "6044393867",
            "user name": "RunningPanorama",
            "content": "你这种大V造谣不怕进局子吗？",
            "time": "19-11-28 20:51"
        },
        {
            "comment id": 77,
            "parent": -1,
            "children": [],
            "user id": "6344716970",
            "user name": "芙莎绘品牌",
            "content": "平均一天16亿净利润，",
            "time": "19-11-28 20:29"
        },
        {
            "comment id": 78,
            "parent": -1,
            "children": [],
            "user id": "5870337399",
            "user name": "模特v网红v淘女郎",
            "content": "无尽空虚，令人唏嘘。。//@翀少_:不是吧，1360亿？然后国家怎么处理",
            "time": "19-11-29 01:16"
        },
        {
            "comment id": 79,
            "parent": -1,
            "children": [],
            "user id": "1356687592",
            "user name": "BOLANDINNI",
            "content": "厉害👍这牌玩儿的太溜啦！股民亏 你们赚",
            "time": "19-11-29 01:01"
        },
        {
            "comment id": 80,
            "parent": -1,
            "children": [],
            "user id": "1848191730",
            "user name": "devilwizard",
            "content": "@皮一下很开心的小孩儿",
            "time": "19-11-29 00:07"
        },
        {
            "comment id": 81,
            "parent": -1,
            "children": [],
            "user id": "3283453635",
            "user name": "渐渐变老的刚",
            "content": "4513亿，中国14亿人口，每人可以分322.357143亿",
            "time": "19-11-28 22:53"
        },
        {
            "comment id": 82,
            "parent": -1,
            "children": [],
            "user id": "7282927711",
            "user name": "梦中哩哩",
            "content": "都是韭菜的血",
            "time": "19-11-28 22:43"
        },
        {
            "comment id": 83,
            "parent": -1,
            "children": [],
            "user id": "5038783778",
            "user name": "金鍟燚",
            "content": "r如果是真的，政府，不法院该怎么判这些人？我司彩民，我个人认为应该千刀万剐！！！！！！",
            "time": "19-11-28 20:34"
        }
    ]
}