{
    "source": {
        "content": "想不到吧“买彩票中奖最高的人，竟是中国彩票管理中心14名领导。”\n\n几十年来共中500万大奖27200注，累计1360亿，打破人类有史以来的买彩票中奖记录！  \n\n正是这个叫王素英的女人，带着她的13个班子团伙，贪污了彩票款，被一锅端了，是中国彩票史上的耻辱。\n 网页链接 ",
        "time": "19-11-28 19:36",
        "user id": "1163390501",
        "tweet id": "IikuT6UcI",
        "label": 1,
        "theme": null
    },
    "comment": [
        {
            "comment id": 0,
            "parent": -1,
            "children": [
                15,
                16
            ],
            "user id": "6050117889",
            "user name": "神1样的好孩子",
            "content": "去他妈的",
            "time": "19-11-28 19:39"
        },
        {
            "comment id": 1,
            "parent": 2,
            "children": [],
            "user id": "3626891275",
            "user name": "花蕊米迷",
            "content": "回复@乔戈里峰的雪:跟我相不相信博主有啥关系 是你质疑数字 我就跟你说数字的事  你这思维没sei了   简直了",
            "time": "19-11-29 13:46"
        },
        {
            "comment id": 2,
            "parent": 3,
            "children": [
                1
            ],
            "user id": "6346529841",
            "user name": "乔戈里峰的雪",
            "content": "回复@花蕊米迷:你说啥就是啥吧，你愿意相信博主说的是真的，你开心就好！玩游戏去了！",
            "time": "19-11-29 12:25"
        },
        {
            "comment id": 3,
            "parent": 4,
            "children": [
                2
            ],
            "user id": "3626891275",
            "user name": "花蕊米迷",
            "content": "回复@乔戈里峰的雪:诡辩？你确定这个词用的没问题",
            "time": "19-11-29 12:01"
        },
        {
            "comment id": 4,
            "parent": 7,
            "children": [
                3
            ],
            "user id": "6346529841",
            "user name": "乔戈里峰的雪",
            "content": "回复@花蕊米迷:我是针对博主所说的，他们中了两万多注头奖，我才发现你把我带偏了，诡辩高手啊，",
            "time": "19-11-29 09:21"
        },
        {
            "comment id": 5,
            "parent": 6,
            "children": [],
            "user id": "6346529841",
            "user name": "乔戈里峰的雪",
            "content": "回复@小姜玩饼:唉，一帮人，不了解情况，也不愿去了解，看到标题党这么写，情绪收到挑拨，这个消息，国家民政部早就辟谣了，博主还发，明显就是坏！",
            "time": "19-11-29 09:08"
        },
        {
            "comment id": 6,
            "parent": 8,
            "children": [
                5
            ],
            "user id": "6506169731",
            "user name": "小姜玩饼",
            "content": "回复@乔戈里峰的雪:明白人！",
            "time": "19-11-29 08:11"
        },
        {
            "comment id": 7,
            "parent": 8,
            "children": [
                4
            ],
            "user id": "3626891275",
            "user name": "花蕊米迷",
            "content": "回复@乔戈里峰的雪:国家公务员，福利彩票是国家的，筹来的钱属于公家国库的，贪污罪就是国家公务人员利用职务之便窃取、骗取公共财物。欺诈彩民这个没办法定性到这么多彩民，收回的钱也不可能给到彩民啊，只可能是没收到国家。",
            "time": "19-11-29 01:39"
        },
        {
            "comment id": 8,
            "parent": 10,
            "children": [
                6,
                7
            ],
            "user id": "6346529841",
            "user name": "乔戈里峰的雪",
            "content": "回复@花蕊米迷:还有就是，他们自己中奖，那不就贪污，那是弄虚作假，欺诈彩民！诈骗罪哦，既然定性贪腐，就不是自己中奖！",
            "time": "19-11-29 00:44"
        },
        {
            "comment id": 9,
            "parent": 10,
            "children": [],
            "user id": "6346529841",
            "user name": "乔戈里峰的雪",
            "content": "回复@花蕊米迷:店彩2003开始的，一开始销量低，用了十个月时间期销售才过亿，派奖就不用说了，更不可能过亿吧，即使一等奖全是他们中的，而且一开始面世他们就自己中，累计到现在，我不知道有没有一千多亿，但是，我佩服他们毅力！",
            "time": "19-11-29 00:39"
        },
        {
            "comment id": 10,
            "parent": 13,
            "children": [
                8,
                9
            ],
            "user id": "3626891275",
            "user name": "花蕊米迷",
            "content": "回复@乔戈里峰的雪:不是说一个人 几年 中了 几个亿，而是14个人几十年中了500万， 27000次  ，1360亿。这几个数字你都算一下 ，怎么就不可能？买彩票不需要自己去领奖吧？",
            "time": "19-11-29 00:17"
        },
        {
            "comment id": 11,
            "parent": 13,
            "children": [],
            "user id": "3547253234",
            "user name": "博客是神马",
            "content": "回复@乔戈里峰的雪:说是几十年一人贪了100亿，一直在感谢组织培养她让她贪这么多钱，又很关怀教育她，看来是不用死",
            "time": "19-11-28 23:23"
        },
        {
            "comment id": 12,
            "parent": 16,
            "children": [],
            "user id": "1727786790",
            "user name": "sunny781",
            "content": "回复@龙蛟的困囚2017:最大的老鼠",
            "time": "19-11-28 22:31"
        },
        {
            "comment id": 13,
            "parent": 14,
            "children": [
                10,
                11
            ],
            "user id": "6346529841",
            "user name": "乔戈里峰的雪",
            "content": "回复@叮叮榜中榜:是的，标题党，很贴切",
            "time": "19-11-28 22:01"
        },
        {
            "comment id": 14,
            "parent": 15,
            "children": [
                13
            ],
            "user id": "2165875265",
            "user name": "叮叮榜中榜",
            "content": "回复@乔戈里峰的雪:标题党而已，用一个贪污案编一个惊悚的标题，赚一波流量，带一波节奏，同时赚一波傻子的情绪转发。  看看就行了，当不得真。",
            "time": "19-11-28 21:58"
        },
        {
            "comment id": 15,
            "parent": 0,
            "children": [
                14
            ],
            "user id": "6346529841",
            "user name": "乔戈里峰的雪",
            "content": "福彩一个星期开三次，一次中一个亿吧！一年休市一星期，大概153期，那就是153亿，一千多亿，几年呢？再说了，派奖结果都可以查到，一年有几次中奖过一亿都可以查到，说他们没贪我不信，贪这么多，我也不信！",
            "time": "19-11-28 20:52"
        },
        {
            "comment id": 16,
            "parent": 0,
            "children": [
                12
            ],
            "user id": "6397786656",
            "user name": "龙蛟的困囚2017",
            "content": "股市最赚钱的也是国家队",
            "time": "19-11-28 19:50"
        },
        {
            "comment id": 17,
            "parent": -1,
            "children": [
                19,
                20,
                21,
                22
            ],
            "user id": "1921217142",
            "user name": "兵兵的白米粥铭辉",
            "content": "抓到了。就哭，就悔过交代，反省一切，痛哭流涕。没抓到就贪污腐败官僚。如果这些有用，还要死刑，监狱来干嘛，对党干部都是摆设吗？",
            "time": "19-11-28 20:06"
        },
        {
            "comment id": 18,
            "parent": 19,
            "children": [],
            "user id": "1921217142",
            "user name": "兵兵的白米粥铭辉",
            "content": "回复@网络投机撸羊毛:不是，损失的更多",
            "time": "19-11-30 11:14"
        },
        {
            "comment id": 19,
            "parent": 17,
            "children": [
                18
            ],
            "user id": "5666236639",
            "user name": "网络投机撸羊毛",
            "content": "如果这些钱被上缴国库了。你说这些人对党是不是做贡献了？",
            "time": "19-11-30 09:43"
        },
        {
            "comment id": 20,
            "parent": 17,
            "children": [],
            "user id": "5632310602",
            "user name": "悠悠-Sherry",
            "content": "说得太好",
            "time": "19-11-29 00:15"
        },
        {
            "comment id": 21,
            "parent": 17,
            "children": [],
            "user id": "5784199922",
            "user name": "11号tony老师",
            "content": "制度自信",
            "time": "19-11-29 00:06"
        },
        {
            "comment id": 22,
            "parent": 17,
            "children": [],
            "user id": "2273905587",
            "user name": "何纪良",
            "content": "组织优待自己人",
            "time": "19-11-28 21:19"
        },
        {
            "comment id": 23,
            "parent": -1,
            "children": [
                24,
                25,
                26
            ],
            "user id": "1916851601",
            "user name": "自由的旋旋风",
            "content": "现在买股票不会我们也被骗了吧？",
            "time": "19-11-28 19:58"
        },
        {
            "comment id": 24,
            "parent": 23,
            "children": [],
            "user id": "7286174239",
            "user name": "闪对邀请码",
            "content": "暴风服务器都欠费了股票还可以交易",
            "time": "19-12-3 13:55"
        },
        {
            "comment id": 25,
            "parent": 23,
            "children": [],
            "user id": "2185880655",
            "user name": "通天巫师",
            "content": "有小概率赚钱",
            "time": "19-11-29 00:12"
        },
        {
            "comment id": 26,
            "parent": 23,
            "children": [],
            "user id": "1739965845",
            "user name": "美-小晴",
            "content": "我们就是被骗了",
            "time": "19-11-28 20:19"
        },
        {
            "comment id": 27,
            "parent": -1,
            "children": [],
            "user id": "3281049520",
            "user name": "一切美丽如初",
            "content": "听完他们的话我只想笑 太他妈的假了",
            "time": "19-11-28 19:55"
        },
        {
            "comment id": 28,
            "parent": -1,
            "children": [
                29
            ],
            "user id": "3188318460",
            "user name": "股市红狐",
            "content": "平均每个人100亿，NND想想都怕啊，难道没有后台？",
            "time": "19-11-28 20:02"
        },
        {
            "comment id": 29,
            "parent": 28,
            "children": [],
            "user id": "5115985798",
            "user name": "笛仙人",
            "content": "造谣，不传谣不信谣，他们是因为彩票销售问题受贿被处理的500万金额",
            "time": "19-11-29 00:13"
        },
        {
            "comment id": 30,
            "parent": -1,
            "children": [
                31
            ],
            "user id": "3930545873",
            "user name": "我是横横竖横王",
            "content": "当场的公证员抓不抓？",
            "time": "19-11-28 22:02"
        },
        {
            "comment id": 31,
            "parent": 30,
            "children": [],
            "user id": "3278026172",
            "user name": "我把大象送给你",
            "content": "肯定分给他们了的",
            "time": "19-12-3 09:00"
        },
        {
            "comment id": 32,
            "parent": -1,
            "children": [],
            "user id": "6488496658",
            "user name": "福贵的富",
            "content": "难怪我买彩票一直中不了奖了，原来是全部被他们中了！",
            "time": "19-11-28 19:42"
        },
        {
            "comment id": 33,
            "parent": -1,
            "children": [],
            "user id": "5643542153",
            "user name": "好运相伴566",
            "content": "",
            "time": "19-11-28 23:24"
        },
        {
            "comment id": 34,
            "parent": -1,
            "children": [],
            "user id": "2722091601",
            "user name": "只要你幸福·蔷薇粉",
            "content": "",
            "time": "19-11-28 19:57"
        },
        {
            "comment id": 35,
            "parent": -1,
            "children": [
                36,
                38
            ],
            "user id": "1821546397",
            "user name": "一水清寧",
            "content": "会判死刑吗？这么大金额，这么长时间",
            "time": "19-11-28 19:43"
        },
        {
            "comment id": 36,
            "parent": 35,
            "children": [],
            "user id": "5510445743",
            "user name": "DeFi_Metaverse",
            "content": "回复@拒绝ky哦小垃圾:没查到的估计会更多",
            "time": "19-11-29 12:21"
        },
        {
            "comment id": 37,
            "parent": 38,
            "children": [],
            "user id": "6064447776",
            "user name": "气氛的maker",
            "content": "回复@如风往事在江湖:组织自己人咱们平民老百姓能决定的了？",
            "time": "19-11-29 00:00"
        },
        {
            "comment id": 38,
            "parent": 35,
            "children": [
                37
            ],
            "user id": "2705745203",
            "user name": "如风往事在江湖",
            "content": "应该死刑",
            "time": "19-11-28 20:56"
        },
        {
            "comment id": 39,
            "parent": -1,
            "children": [
                42
            ],
            "user id": "3928960836",
            "user name": "佛系腊二八",
            "content": "不会吧，1360亿14个人，差不多人均100亿，不可能贪这么多吧，难道所有亲戚都分了钱的。",
            "time": "19-11-28 21:19"
        },
        {
            "comment id": 40,
            "parent": 42,
            "children": [],
            "user id": "1835017847",
            "user name": "葱葱匆匆葱葱匆匆",
            "content": "回复@叮叮榜中榜:搜什么能搜到",
            "time": "19-11-30 13:44"
        },
        {
            "comment id": 41,
            "parent": 42,
            "children": [],
            "user id": "2743389255",
            "user name": "空不空不空不空",
            "content": "回复@叮叮榜中榜:两个新闻，两个视频合一齐标题党",
            "time": "19-11-28 23:18"
        },
        {
            "comment id": 42,
            "parent": 39,
            "children": [
                40,
                41
            ],
            "user id": "2165875265",
            "user name": "叮叮榜中榜",
            "content": "贪污是真的，后面都是假的，案件有详细介绍搜一下就看到了，相信一个网络博主的标题党，不是把自己的智商交出去了么，你看看评论一堆被别人一个标题加私彩和福彩贪污两个案件的剪接视频忽悠成傻子了还帮忽悠他们的转发赚流量。傻子太多，所以才有源源不断的标题党。",
            "time": "19-11-28 22:03"
        },
        {
            "comment id": 43,
            "parent": -1,
            "children": [],
            "user id": "2250632932",
            "user name": "ynsf土豆",
            "content": "全部判死刑才好",
            "time": "19-11-28 22:29"
        },
        {
            "comment id": 44,
            "parent": -1,
            "children": [],
            "user id": "3305153551",
            "user name": "作天作地的兔纸22322",
            "content": "不是我运气不好，而是有人从中作梗",
            "time": "19-11-29 09:04"
        },
        {
            "comment id": 45,
            "parent": -1,
            "children": [],
            "user id": "2185339794",
            "user name": "重庆纹身升子刺青",
            "content": "晚上好",
            "time": "19-11-28 19:45"
        },
        {
            "comment id": 46,
            "parent": -1,
            "children": [],
            "user id": "2568160325",
            "user name": "飞儿飞灬",
            "content": "那么问题来了，他们做手脚的那几期，我们彩民是否可以退款",
            "time": "19-11-28 20:01"
        },
        {
            "comment id": 47,
            "parent": -1,
            "children": [
                48,
                49
            ],
            "user id": "3176643357",
            "user name": "刘向辉2008",
            "content": "这些话像是备好的稿子",
            "time": "19-11-28 19:45"
        },
        {
            "comment id": 48,
            "parent": 47,
            "children": [],
            "user id": "3976275887",
            "user name": "海晏河清艳阳天",
            "content": "这都被你发现了",
            "time": "19-11-28 19:50"
        },
        {
            "comment id": 49,
            "parent": 47,
            "children": [],
            "user id": "6570845639",
            "user name": "50千克每米",
            "content": "能做到这个位置文化水平不低了",
            "time": "19-11-29 00:18"
        },
        {
            "comment id": 50,
            "parent": -1,
            "children": [],
            "user id": "5985550779",
            "user name": "只要你幸福-流氓兔-马仔艾斯",
            "content": "",
            "time": "19-12-2 12:30"
        },
        {
            "comment id": 51,
            "parent": -1,
            "children": [],
            "user id": "5578038168",
            "user name": "niuxiaoniu_24858",
            "content": "转发微博",
            "time": "19-11-29 07:43"
        },
        {
            "comment id": 52,
            "parent": -1,
            "children": [],
            "user id": "5848550651",
            "user name": "alone-glay",
            "content": "一个个都是戏精",
            "time": "19-11-28 20:10"
        },
        {
            "comment id": 53,
            "parent": -1,
            "children": [],
            "user id": "5606737080",
            "user name": "菩提815",
            "content": "我的祖国呀，让我怎么爱你？？？",
            "time": "19-11-28 20:02"
        },
        {
            "comment id": 54,
            "parent": -1,
            "children": [
                55
            ],
            "user id": "5585883404",
            "user name": "huashanlunjian_58739",
            "content": "这么大数额没去见上帝，天朝真宽容啊",
            "time": "19-11-28 19:59"
        },
        {
            "comment id": 55,
            "parent": 54,
            "children": [],
            "user id": "6570845639",
            "user name": "50千克每米",
            "content": "贪念人之常情，只是贪财，没伤害人的话不会判死刑的",
            "time": "19-11-29 00:26"
        },
        {
            "comment id": 56,
            "parent": -1,
            "children": [],
            "user id": "3318850945",
            "user name": "Jim的爸爸",
            "content": "在内地有多少人有真正的选举权？体制问题",
            "time": "19-11-28 21:23"
        },
        {
            "comment id": 57,
            "parent": -1,
            "children": [],
            "user id": "1731774530",
            "user name": "都是有缘人777",
            "content": "没事，特色囯家里死不了。",
            "time": "19-11-28 20:59"
        },
        {
            "comment id": 58,
            "parent": -1,
            "children": [
                59
            ],
            "user id": "2030863191",
            "user name": "日式小清新",
            "content": "彩票史上的耻辱？？？别闹了，你以为这就是中国彩票史上最脏的事？这只是冰山一角",
            "time": "19-11-29 00:00"
        },
        {
            "comment id": 59,
            "parent": 58,
            "children": [],
            "user id": "2030863191",
            "user name": "日式小清新",
            "content": "这几个只是出来背锅的小角色。彩票系统自己串通就可以把钱吞了？过千亿的资金，上级呢？监管呢？真当人民群众是二百五啊？",
            "time": "19-11-29 00:05"
        },
        {
            "comment id": 60,
            "parent": -1,
            "children": [],
            "user id": "3880627728",
            "user name": "想看世界的井底之蛙",
            "content": "彩票的暗偷，股票是明抢",
            "time": "19-11-28 22:27"
        },
        {
            "comment id": 61,
            "parent": -1,
            "children": [],
            "user id": "1500830507",
            "user name": "喜杨杨---浦东",
            "content": "没有监督，制度给了她们的权力！",
            "time": "19-11-28 19:50"
        },
        {
            "comment id": 62,
            "parent": -1,
            "children": [],
            "user id": "5609478002",
            "user name": "嗜睡微澜",
            "content": "平均每人将近100亿！//@胡说区块链: 发空气币、传销币的与他们比起来就是个小学生",
            "time": "19-11-29 13:42"
        },
        {
            "comment id": 63,
            "parent": -1,
            "children": [],
            "user id": "1320154613",
            "user name": "伍德赵相基老想喝甜水儿",
            "content": "还会有余生？",
            "time": "19-11-29 12:59"
        },
        {
            "comment id": 64,
            "parent": -1,
            "children": [],
            "user id": "1776543234",
            "user name": "继园台七号",
            "content": "这要死刑吧",
            "time": "19-11-29 11:59"
        },
        {
            "comment id": 65,
            "parent": -1,
            "children": [],
            "user id": "7080418134",
            "user name": "三三得九200803",
            "content": "死了吧！因为这辈你也值当的了！中肯那么多奖！运气用完了！",
            "time": "19-11-29 11:31"
        },
        {
            "comment id": 66,
            "parent": -1,
            "children": [],
            "user id": "2237362831",
            "user name": "荒木毬菜的小粉丝",
            "content": "转发过500你进去喝茶了",
            "time": "19-11-29 10:49"
        },
        {
            "comment id": 67,
            "parent": -1,
            "children": [],
            "user id": "1136501860",
            "user name": "Tonger_童",
            "content": "好幸运",
            "time": "19-11-29 09:35"
        },
        {
            "comment id": 68,
            "parent": -1,
            "children": [],
            "user id": "2657265141",
            "user name": "JoselynCat",
            "content": "这群人说话，没有一个有诚意的。果然，它们只是后悔被抓到",
            "time": "19-11-29 08:55"
        },
        {
            "comment id": 69,
            "parent": -1,
            "children": [],
            "user id": "7009953704",
            "user name": "济宁小肖愁容版",
            "content": "我家彩票店本来有人出22万买，后来大家都不买了，直到领导被抓，民智已开，彩票更是没人买了。现在彩票机随便申请，我家彩票机一文不值了。王素英，你还我血汗钱！！！！",
            "time": "19-11-29 05:41"
        },
        {
            "comment id": 70,
            "parent": -1,
            "children": [],
            "user id": "6733755840",
            "user name": "赤兔草",
            "content": "钱花完了，哭着叫国家养，建议像朝鲜给她炮决",
            "time": "19-11-29 00:19"
        },
        {
            "comment id": 71,
            "parent": -1,
            "children": [],
            "user id": "3762592440",
            "user name": "我也不知道要取什么昵称88",
            "content": "派个内部人去中奖，然后查处，款项充公，资金又回流进来。完美",
            "time": "19-11-29 00:18"
        },
        {
            "comment id": 72,
            "parent": -1,
            "children": [],
            "user id": "1751146150",
            "user name": "-JoyceLau",
            "content": "@李李李李灵根",
            "time": "19-11-29 00:14"
        },
        {
            "comment id": 73,
            "parent": -1,
            "children": [],
            "user id": "2441577914",
            "user name": "jckdjd香蕉",
            "content": "都是暗箱操作的吗？公信力在哪？",
            "time": "19-11-29 00:13"
        },
        {
            "comment id": 74,
            "parent": -1,
            "children": [],
            "user id": "2185880655",
            "user name": "通天巫师",
            "content": "你才知道啊",
            "time": "19-11-29 00:12"
        },
        {
            "comment id": 75,
            "parent": -1,
            "children": [],
            "user id": "1757181625",
            "user name": "LuckyAroundMe",
            "content": "太假，不想听",
            "time": "19-11-29 00:12"
        },
        {
            "comment id": 76,
            "parent": -1,
            "children": [],
            "user id": "5115985798",
            "user name": "笛仙人",
            "content": "你再瞎说？贪污1370亿，明明是因为彩票销售问题产生贪污行为，与操纵彩票获取彩票款无关。我要举报你造谣了，等着银手镯。",
            "time": "19-11-29 00:12"
        },
        {
            "comment id": 77,
            "parent": -1,
            "children": [],
            "user id": "2613348161",
            "user name": "岸边游",
            "content": "为什么要哭？",
            "time": "19-11-29 00:12"
        },
        {
            "comment id": 78,
            "parent": -1,
            "children": [],
            "user id": "6231798490",
            "user name": "那头猪呀",
            "content": "判死刑",
            "time": "19-11-29 00:09"
        },
        {
            "comment id": 79,
            "parent": -1,
            "children": [],
            "user id": "2168055475",
            "user name": "DP_Tommy",
            "content": "这些人有多可恨，1.抓到时卖惨卖同情心。演技可谓一流，碾压一众实力派演员。2.贪污数目惊人，毫无节制，生活奢华到百姓无法想象（参考一些报道）3.福利彩票之福利兑现程度可疑，社会上多少重大疾病贫苦百姓无法生存，可谓辛辛苦苦一辈子，一场大病人财不保。4.就怕走了狐狸又来了狼",
            "time": "19-11-29 00:09"
        },
        {
            "comment id": 80,
            "parent": -1,
            "children": [],
            "user id": "2944747324",
            "user name": "Evelynbx",
            "content": "@梁宵宵宵",
            "time": "19-11-29 00:09"
        },
        {
            "comment id": 81,
            "parent": -1,
            "children": [],
            "user id": "38280655",
            "user name": "老于勒",
            "content": "这算出老千啊",
            "time": "19-11-29 00:08"
        },
        {
            "comment id": 82,
            "parent": -1,
            "children": [],
            "user id": "1591659017",
            "user name": "黄埼玉",
            "content": "哎哟 说这些屁话  什么叫 好话说尽 坏事做绝",
            "time": "19-11-29 00:07"
        },
        {
            "comment id": 83,
            "parent": -1,
            "children": [],
            "user id": "3201114712",
            "user name": "卍雪山之舟卍",
            "content": "我根本就不信",
            "time": "19-11-29 00:05"
        },
        {
            "comment id": 84,
            "parent": -1,
            "children": [],
            "user id": "5609354923",
            "user name": "只爱米兰呀",
            "content": "要不然你以为每次领奖为什么带头套？就因为都是同样的人",
            "time": "19-11-29 00:05"
        },
        {
            "comment id": 85,
            "parent": -1,
            "children": [],
            "user id": "6534899186",
            "user name": "Ross老巢",
            "content": "所以从不买",
            "time": "19-11-29 00:03"
        },
        {
            "comment id": 86,
            "parent": -1,
            "children": [],
            "user id": "1100548393",
            "user name": "aegeanjiang1",
            "content": "我们买彩票的钱是不是可以退给我们呢？",
            "time": "19-11-29 00:03"
        },
        {
            "comment id": 87,
            "parent": -1,
            "children": [],
            "user id": "6721775171",
            "user name": "鹏哥鹏鹏鹏",
            "content": "把中国人民当白痴的下场，太轻了吧！",
            "time": "19-11-29 00:00"
        },
        {
            "comment id": 88,
            "parent": -1,
            "children": [],
            "user id": "3036580681",
            "user name": "老查1971",
            "content": "谁是这些人的领导？妈的，无耻，老百姓是用来被割肉，被骗的。",
            "time": "19-11-28 23:59"
        },
        {
            "comment id": 89,
            "parent": -1,
            "children": [],
            "user id": "1655060841",
            "user name": "23333333mmm",
            "content": "标题请写清楚 福彩",
            "time": "19-11-28 23:57"
        },
        {
            "comment id": 90,
            "parent": -1,
            "children": [],
            "user id": "3157480323",
            "user name": "阿新的蜡笔",
            "content": "这就是中国的公务员",
            "time": "19-11-28 23:56"
        },
        {
            "comment id": 91,
            "parent": -1,
            "children": [],
            "user id": "5466648445",
            "user name": "吴策WZT",
            "content": "她贪污的那些期能把我们彩民的钱退了不？",
            "time": "19-11-28 23:24"
        },
        {
            "comment id": 92,
            "parent": -1,
            "children": [],
            "user id": "5783382722",
            "user name": "不给糖我就哭",
            "content": "现在还是那样，不可能中奖，",
            "time": "19-11-28 23:00"
        },
        {
            "comment id": 93,
            "parent": -1,
            "children": [],
            "user id": "3767431361",
            "user name": "Miboss",
            "content": "真她妈乱套啊！真的在坑彩民的血汗钱啊！这样投机分子被抓了，所得全数退回！gj没亏啊！亏的是彩民！",
            "time": "19-11-28 22:58"
        },
        {
            "comment id": 94,
            "parent": -1,
            "children": [],
            "user id": "2782669662",
            "user name": "挖啦猛购雷斯",
            "content": "这他妈不判死刑天理难容",
            "time": "19-11-28 22:44"
        },
        {
            "comment id": 95,
            "parent": -1,
            "children": [],
            "user id": "2580906147",
            "user name": "唯是指行",
            "content": "探囊取物，易如反掌，私家钱箱。",
            "time": "19-11-28 21:50"
        },
        {
            "comment id": 96,
            "parent": -1,
            "children": [],
            "user id": "6266252525",
            "user name": "易库ekuool",
            "content": "一直以来最大的骗局就是彩票",
            "time": "19-11-28 21:45"
        },
        {
            "comment id": 97,
            "parent": -1,
            "children": [],
            "user id": "1473172483",
            "user name": "大唐一家",
            "content": "电脑中心控制号码，利用开奖时间差做手脚，假借保护中奖者隐私不用曝光，都是这批蛀虫繁殖的土壤。。。这不是什么贪污案，明明是团伙巨额盗窃案。",
            "time": "19-11-28 21:37"
        },
        {
            "comment id": 98,
            "parent": -1,
            "children": [],
            "user id": "2273905587",
            "user name": "何纪良",
            "content": "组织没放弃她？这他妈的意思是一伙的，从轻处罚",
            "time": "19-11-28 21:15"
        },
        {
            "comment id": 99,
            "parent": -1,
            "children": [],
            "user id": "2775927353",
            "user name": "大V就是威",
            "content": "这都不枪毙？",
            "time": "19-11-28 20:56"
        },
        {
            "comment id": 100,
            "parent": -1,
            "children": [],
            "user id": "5592374927",
            "user name": "宗培园",
            "content": "道歉有用还要法律干什么？贪污如此巨额不枪毙就是没王法！",
            "time": "19-11-28 20:50"
        },
        {
            "comment id": 101,
            "parent": -1,
            "children": [],
            "user id": "1934896895",
            "user name": "手机用户小伦子",
            "content": "没偷没抢，中奖了，如何定罪",
            "time": "19-11-28 20:40"
        },
        {
            "comment id": 102,
            "parent": -1,
            "children": [],
            "user id": "2194517437",
            "user name": "阿Q的世界66_341",
            "content": "操他妈的",
            "time": "19-11-28 20:02"
        },
        {
            "comment id": 103,
            "parent": -1,
            "children": [],
            "user id": "2207782631",
            "user name": "soso风风",
            "content": "这些垃圾",
            "time": "19-11-28 19:39"
        },
        {
            "comment id": 104,
            "parent": -1,
            "children": [],
            "user id": "1863420901",
            "user name": "胡说区块链",
            "content": "发空气币、传销币的与他们比起来就是个小学生",
            "time": "19-11-29 11:52"
        },
        {
            "comment id": 105,
            "parent": -1,
            "children": [],
            "user id": "5535780688",
            "user name": "北风吹西风",
            "content": "只要彩票不是实时开奖那就有猫腻。",
            "time": "19-11-28 21:53"
        },
        {
            "comment id": 106,
            "parent": -1,
            "children": [],
            "user id": "1703924752",
            "user name": "泰山大祭司",
            "content": "监管呢",
            "time": "19-11-28 20:31"
        },
        {
            "comment id": 107,
            "parent": -1,
            "children": [],
            "user id": "3027603144",
            "user name": "中华戏曲_59f_2",
            "content": "统统的杀头",
            "time": "19-11-29 16:13"
        },
        {
            "comment id": 108,
            "parent": -1,
            "children": [],
            "user id": "1941275072",
            "user name": "勇气勇敢的心",
            "content": "把党和政府的形象糟蹋成这个样子",
            "time": "19-11-29 08:28"
        },
        {
            "comment id": 109,
            "parent": -1,
            "children": [],
            "user id": "1941275072",
            "user name": "勇气勇敢的心",
            "content": "操她妈的",
            "time": "19-11-29 08:27"
        },
        {
            "comment id": 110,
            "parent": -1,
            "children": [],
            "user id": "7315489648",
            "user name": "Annabelle酱",
            "content": "请问为什么不截止购买后立马开奖，要截止购买后半小时开奖？这半个小时用来干啥？薅羊毛也别太侮辱智商了不是？",
            "time": "19-11-29 00:20"
        },
        {
            "comment id": 111,
            "parent": -1,
            "children": [],
            "user id": "6668988553",
            "user name": "寒天雪豹",
            "content": "真踏马的应该判死刑",
            "time": "19-11-29 00:16"
        },
        {
            "comment id": 112,
            "parent": -1,
            "children": [],
            "user id": "5940293499",
            "user name": "天气晴226",
            "content": "真的该死！怎么不替高死了呢",
            "time": "19-11-29 00:10"
        },
        {
            "comment id": 113,
            "parent": -1,
            "children": [],
            "user id": "3249909531",
            "user name": "还是丶女神",
            "content": "丧心病狂！",
            "time": "19-11-29 00:00"
        },
        {
            "comment id": 114,
            "parent": -1,
            "children": [],
            "user id": "6628434317",
            "user name": "我是一粒砂_8309",
            "content": "买了几十年了，退钱！",
            "time": "19-11-28 22:57"
        },
        {
            "comment id": 115,
            "parent": -1,
            "children": [],
            "user id": "6333379210",
            "user name": "克拉克前车之鉴1983",
            "content": "我曾经投入那么多彩票钱怎么办？找谁去",
            "time": "19-11-28 21:33"
        }
    ]
}