{
    "source": {
        "content": "许村龙州印染厂污水池爆炸，死亡人数已经到了20-30人，请所有人员车辆  不要往许村七号桥一带去  留出生命救援通道  请求转发🙏🙏🙏  梦想家泡泡-688的微博视频 ",
        "time": "19-12-3 21:39",
        "user id": "5963945657",
        "tweet id": "Ij6rbdOHA",
        "label": 1,
        "theme": null
    },
    "comment": [
        {
            "comment id": 0,
            "parent": -1,
            "children": [],
            "user id": "1790312067",
            "user name": "周五下午两点钟",
            "content": "别造谣",
            "time": "19-12-3 21:53"
        },
        {
            "comment id": 1,
            "parent": -1,
            "children": [],
            "user id": "5185922535",
            "user name": "广西一枝瓜",
            "content": "赶紧删了吧一会查水表的来了是真的镇府也不会让你报出来，要是造谣就gg了",
            "time": "19-12-3 21:45"
        },
        {
            "comment id": 2,
            "parent": -1,
            "children": [],
            "user id": "6580002131",
            "user name": "等待遇见你w-m",
            "content": "不要瞎说，造谣你很可能被拘留的。",
            "time": "19-12-3 21:43"
        },
        {
            "comment id": 3,
            "parent": -1,
            "children": [],
            "user id": "2834815830",
            "user name": "为人低调的浩子",
            "content": "你从哪里听说的？造谣有意思？",
            "time": "19-12-3 21:43"
        },
        {
            "comment id": 4,
            "parent": -1,
            "children": [],
            "user id": "2543866960",
            "user name": "风翊歌",
            "content": "的确有这个事故，人数没这么多",
            "time": "19-12-4 16:26"
        },
        {
            "comment id": 5,
            "parent": -1,
            "children": [],
            "user id": "2834815830",
            "user name": "为人低调的浩子",
            "content": "哈哈哈。举报成功了。让你造谣，活该",
            "time": "19-12-4 11:58"
        },
        {
            "comment id": 6,
            "parent": -1,
            "children": [],
            "user id": "2534911991",
            "user name": "奈何红尘不渡",
            "content": "目前死亡9人",
            "time": "19-12-4 11:32"
        },
        {
            "comment id": 7,
            "parent": -1,
            "children": [],
            "user id": "1774971681",
            "user name": "Horoscope337",
            "content": "招摇是要关的",
            "time": "19-12-4 07:59"
        },
        {
            "comment id": 8,
            "parent": -1,
            "children": [],
            "user id": "6263139026",
            "user name": "Firelance",
            "content": "要不要多叫几个人帮你点个赞，送你去拘留所体验一下？",
            "time": "19-12-4 07:26"
        },
        {
            "comment id": 9,
            "parent": -1,
            "children": [],
            "user id": "2808806462",
            "user name": "顾知郁",
            "content": "还不删？？",
            "time": "19-12-4 00:14"
        },
        {
            "comment id": 10,
            "parent": -1,
            "children": [],
            "user id": "1692942954",
            "user name": "antonymaomao",
            "content": "超500送拘留票一张",
            "time": "19-12-3 22:42"
        },
        {
            "comment id": 11,
            "parent": -1,
            "children": [],
            "user id": "2648526360",
            "user name": "强迫症患者-叽咕叽咕",
            "content": "不要瞎说",
            "time": "19-12-3 22:27"
        },
        {
            "comment id": 12,
            "parent": -1,
            "children": [],
            "user id": "1778093525",
            "user name": "陈醉丶陈醉",
            "content": "就是不知道有没有未救出的",
            "time": "19-12-3 22:24"
        },
        {
            "comment id": 13,
            "parent": -1,
            "children": [],
            "user id": "2696700381",
            "user name": "一只甜酱-",
            "content": "张口就来。佩服！",
            "time": "19-12-3 21:56"
        },
        {
            "comment id": 14,
            "parent": -1,
            "children": [
                15
            ],
            "user id": "2726397182",
            "user name": "s静香小姐",
            "content": "群里都在传，确实死了好多具体不清楚",
            "time": "19-12-3 21:47"
        },
        {
            "comment id": 15,
            "parent": 14,
            "children": [],
            "user id": "5128961627",
            "user name": "是一个低调的用户",
            "content": "哪个群？该封了，一举报一个准，这种事也乱传",
            "time": "19-12-3 22:25"
        },
        {
            "comment id": 16,
            "parent": -1,
            "children": [],
            "user id": "2246902950",
            "user name": "TX陈冠希",
            "content": "开门  查水表",
            "time": "19-12-3 21:46"
        },
        {
            "comment id": 17,
            "parent": -1,
            "children": [],
            "user id": "7312317461",
            "user name": "长江中下游靓仔",
            "content": "我感觉你会被捉起来",
            "time": "19-12-4 07:31"
        }
    ]
}