{
    "source": {
        "content": "#温县一中# 高三学生在寝室吃泡面一人预做开除处理，其余三人被学校要求每人买二十箱泡面…\n\n#校园爆料# \ncr.@河南校园头条 ",
        "time": "19-12-7 19:42",
        "user id": "1943349535",
        "tweet id": "IjHnLokyW",
        "label": 1,
        "theme": null
    },
    "comment": [
        {
            "comment id": 0,
            "parent": -1,
            "children": [
                1,
                2,
                3,
                4
            ],
            "user id": "2464060663",
            "user name": "一隻桃仔",
            "content": "学校不能以这种理由开除学生的吧",
            "time": "19-12-7 19:50"
        },
        {
            "comment id": 1,
            "parent": 0,
            "children": [],
            "user id": "6033461948",
            "user name": "穷哈哈你叉叉",
            "content": "没曝光就会开除了",
            "time": "19-12-12 00:03"
        },
        {
            "comment id": 2,
            "parent": 0,
            "children": [],
            "user id": "6334796456",
            "user name": "41a9378050",
            "content": "开除了。。。",
            "time": "19-12-11 21:55"
        },
        {
            "comment id": 3,
            "parent": 0,
            "children": [],
            "user id": "2464060663",
            "user name": "一隻桃仔",
            "content": "回复@小柒月的妈妈:看岔了",
            "time": "19-12-10 16:59"
        },
        {
            "comment id": 4,
            "parent": 0,
            "children": [],
            "user id": "1942131934",
            "user name": "朝荣夕颜_",
            "content": "并没有开除学生",
            "time": "19-12-10 15:45"
        },
        {
            "comment id": 5,
            "parent": -1,
            "children": [],
            "user id": "6094484536",
            "user name": "那就这7样吧",
            "content": "？？咋地，泡面都不行？",
            "time": "19-12-7 19:45"
        },
        {
            "comment id": 6,
            "parent": -1,
            "children": [],
            "user id": "6579498130",
            "user name": "美女柒柒酱",
            "content": "开除就过分了吧",
            "time": "19-12-7 20:10"
        },
        {
            "comment id": 7,
            "parent": -1,
            "children": [
                8,
                10
            ],
            "user id": "6253202195",
            "user name": "n年年念念",
            "content": "好想不能随意开除学生，他们没有权利这样做来着",
            "time": "19-12-7 22:26"
        },
        {
            "comment id": 8,
            "parent": 7,
            "children": [],
            "user id": "7188215948",
            "user name": "可乐OK不",
            "content": "回复@我的孩子他姓朴:是公立学校，但是学校当时就跟我们说，他们不是义务教育阶段，是可以开出学生，并写入档案的。而且学校已经开除的学生也不少",
            "time": "19-12-10 07:24"
        },
        {
            "comment id": 9,
            "parent": 10,
            "children": [],
            "user id": "6253202195",
            "user name": "n年年念念",
            "content": "回复@可乐OK不:好吧😶",
            "time": "19-12-8 20:10"
        },
        {
            "comment id": 10,
            "parent": 7,
            "children": [
                9
            ],
            "user id": "7188215948",
            "user name": "可乐OK不",
            "content": "高中不是义务教育，是可以开除的",
            "time": "19-12-8 19:22"
        },
        {
            "comment id": 11,
            "parent": -1,
            "children": [],
            "user id": "6575666500",
            "user name": "卞日下ph",
            "content": "？",
            "time": "19-12-7 22:16"
        },
        {
            "comment id": 12,
            "parent": -1,
            "children": [],
            "user id": "5703647937",
            "user name": "今天有点冷耶",
            "content": "？",
            "time": "19-12-7 19:49"
        },
        {
            "comment id": 13,
            "parent": -1,
            "children": [],
            "user id": "6061569463",
            "user name": "叫我桃道长",
            "content": "第一学校能把学生逼得吃泡面，为什么不找找自己食堂？第二很有可能有隐情",
            "time": "19-12-8 01:12"
        },
        {
            "comment id": 14,
            "parent": -1,
            "children": [],
            "user id": "5233452602",
            "user name": "今天就发工资",
            "content": "真没必要",
            "time": "19-12-7 22:05"
        },
        {
            "comment id": 15,
            "parent": -1,
            "children": [],
            "user id": "2636377667",
            "user name": "荔枝枝_cc",
            "content": "？？？",
            "time": "19-12-7 20:42"
        },
        {
            "comment id": 16,
            "parent": -1,
            "children": [],
            "user id": "6285495937",
            "user name": "会有人喜月吧xy",
            "content": "所以买这么多泡面干啥？火化了烧烤吗",
            "time": "19-12-7 20:35"
        },
        {
            "comment id": 17,
            "parent": -1,
            "children": [],
            "user id": "5651338755",
            "user name": "三井壽與-",
            "content": "至于吗？",
            "time": "19-12-7 20:24"
        },
        {
            "comment id": 18,
            "parent": -1,
            "children": [],
            "user id": "3708790140",
            "user name": "错过时节的风",
            "content": "辛苦你了，还被举报了",
            "time": "19-12-11 21:19"
        },
        {
            "comment id": 19,
            "parent": -1,
            "children": [],
            "user id": "2398213475",
            "user name": "HEIDIHEID1",
            "content": "黑白上写的预开除，怎么就成不实信息了",
            "time": "19-12-11 23:01"
        },
        {
            "comment id": 20,
            "parent": -1,
            "children": [],
            "user id": "2805295073",
            "user name": "要爆炸的飞机头",
            "content": "作为16级的学长，还好毕业的早",
            "time": "19-12-10 16:06"
        },
        {
            "comment id": 21,
            "parent": -1,
            "children": [],
            "user id": "5556810204",
            "user name": "APWay___",
            "content": "无力吐槽这学校了",
            "time": "19-12-9 09:39"
        },
        {
            "comment id": 22,
            "parent": -1,
            "children": [],
            "user id": "6610617916",
            "user name": "王大宝啊0",
            "content": "我在那个学校待到快抑郁。",
            "time": "19-12-8 19:20"
        },
        {
            "comment id": 23,
            "parent": -1,
            "children": [
                24
            ],
            "user id": "5991715770",
            "user name": "你需要一支异丙嗪",
            "content": "？这是什么几把学校？吃泡面都犯法了？必须吃食堂？因为食堂是校长家开的对吗？",
            "time": "19-12-8 14:34"
        },
        {
            "comment id": 24,
            "parent": 23,
            "children": [],
            "user id": "7271371577",
            "user name": "酸奶离不开",
            "content": "学校是只让把泡面拿到餐厅吃，不能在寝室吃",
            "time": "19-12-8 15:19"
        },
        {
            "comment id": 25,
            "parent": -1,
            "children": [],
            "user id": "5632131829",
            "user name": "不要捉水母",
            "content": "只有你们想不到，没有一中做不到",
            "time": "19-12-7 20:47"
        },
        {
            "comment id": 26,
            "parent": -1,
            "children": [
                27,
                28
            ],
            "user id": "5154102916",
            "user name": "飞行员舒克的好基友贝塔",
            "content": "去教育局闹啊，真是憨憨，都憨。",
            "time": "19-12-7 22:57"
        },
        {
            "comment id": 27,
            "parent": 26,
            "children": [],
            "user id": "7271371577",
            "user name": "酸奶离不开",
            "content": "前几年就有人告过，然后直接被开了，有关系，我们学生也没办法",
            "time": "19-12-8 15:21"
        },
        {
            "comment id": 28,
            "parent": 26,
            "children": [],
            "user id": "6905205408",
            "user name": "樱落199107",
            "content": "教育局，现实点，都有人的，这话我都害怕有人搞我",
            "time": "19-12-8 10:54"
        },
        {
            "comment id": 29,
            "parent": -1,
            "children": [],
            "user id": "7093574299",
            "user name": "飘渺孤鸿影zhs",
            "content": "唉，学校领导，都疯了，可惜这种随意的行为，也没有人管",
            "time": "19-12-8 11:31"
        },
        {
            "comment id": 30,
            "parent": -1,
            "children": [],
            "user id": "6530047177",
            "user name": "鹿之茸BL",
            "content": "校长:展示结束了把这60箱泡面全部搬到你嫂子在学校的小卖部去，知道了吗？",
            "time": "19-12-8 02:52"
        },
        {
            "comment id": 31,
            "parent": -1,
            "children": [],
            "user id": "6530047177",
            "user name": "鹿之茸BL",
            "content": "什么狗屁规矩，吃个泡面也开除",
            "time": "19-12-8 02:52"
        },
        {
            "comment id": 32,
            "parent": -1,
            "children": [],
            "user id": "5283354287",
            "user name": "菊花蒜子",
            "content": "歧视吃泡面的？想当初老子高中的时候就向往大学可以天天在宿舍天天吃泡面打游戏",
            "time": "19-12-7 19:48"
        }
    ]
}