{
    "source": {
        "content": "刚刚和黄子安聊起来烟大砍人案\n我就问他:\"要是有一天我绿了你你咋办捏\"\n黄赞(沉吟片刻):\"不可能!不存在的!不会发生的!\"(否认三连)\n我说:\"那万一呢，万一，万一!\"\n黄赞:\"那我就去揍他!\"(暴躁👦 )\n我又说:\"那我呢?我要是又回来找你原谅的话你会原谅我吗?\"\n黄赞(已经有点气气了):\"要是你都绿了我的话干嘛还要找我原谅呢\"\n我说(在死亡边缘疯狂试探):\"万一我只是绿了你但不想离开你呢?\"\n然后他就不太爱和我说话了。\n怎样才能让他好起来呢在线等挺急的。 ",
        "time": "19-12-5 20:34",
        "user id": "6035576518",
        "tweet id": "IjoRLjHFK",
        "label": 1,
        "theme": null
    },
    "comment": [
        {
            "comment id": 0,
            "parent": -1,
            "children": [
                2,
                3
            ],
            "user id": "7206118056",
            "user name": "再难遇我啦",
            "content": "是青岛的一个学校",
            "time": "19-12-5 23:23"
        },
        {
            "comment id": 1,
            "parent": 2,
            "children": [],
            "user id": "2250257181",
            "user name": "晚风携你来急",
            "content": "回复@我积极又可爱吖:不知，不管是哪里没有石锤就别传了吧",
            "time": "19-12-6 15:52"
        },
        {
            "comment id": 2,
            "parent": 0,
            "children": [
                1
            ],
            "user id": "7230461952",
            "user name": "我积极又可爱吖",
            "content": "回复@晚风携你来急w:上海不能穿那么多吧！ 大棉袄呢",
            "time": "19-12-6 08:54"
        },
        {
            "comment id": 3,
            "parent": 0,
            "children": [],
            "user id": "2250257181",
            "user name": "晚风携你来急",
            "content": "我还听说是上海的…害没实锤就别说了吧",
            "time": "19-12-6 07:47"
        },
        {
            "comment id": 4,
            "parent": -1,
            "children": [],
            "user id": "6814114984",
            "user name": "小英还ok吗",
            "content": "那到底是哪里呢",
            "time": "19-12-6 14:01"
        },
        {
            "comment id": 5,
            "parent": -1,
            "children": [],
            "user id": "6391777910",
            "user name": "相爱后猫虾感伤",
            "content": "不是烟大的哦，烟大没有那个餐厅",
            "time": "19-12-6 08:48"
        },
        {
            "comment id": 6,
            "parent": -1,
            "children": [],
            "user id": "6142673379",
            "user name": "司马煜宸",
            "content": "是哪里的",
            "time": "19-12-5 21:40"
        },
        {
            "comment id": 7,
            "parent": -1,
            "children": [
                8
            ],
            "user id": "7230461952",
            "user name": "我积极又可爱吖",
            "content": "是咋了呀 是夺爱之仇吗  吓死人了",
            "time": "19-12-5 23:08"
        },
        {
            "comment id": 8,
            "parent": 7,
            "children": [],
            "user id": "2250257181",
            "user name": "晚风携你来急",
            "content": "没有的呀，不是烟大的，烟大很安全",
            "time": "19-12-6 07:47"
        },
        {
            "comment id": 9,
            "parent": -1,
            "children": [],
            "user id": "7304564016",
            "user name": "心ZHM啊啊啊啊",
            "content": "吓死我了呜呜呜呜……",
            "time": "19-12-6 07:50"
        },
        {
            "comment id": 10,
            "parent": -1,
            "children": [],
            "user id": "5997872938",
            "user name": "可真爱你啊",
            "content": "学校都会封锁消息",
            "time": "19-12-6 08:01"
        }
    ]
}