{
    "source": {
        "content": "遇事不能冲动，否则后悔晚已！#烟大砍人#  永恒的距离0670的微博视频 ",
        "time": "19-12-6 12:38",
        "user id": "6374290398",
        "tweet id": "Ijvb8ehwT",
        "label": 1,
        "theme": null
    },
    "comment": [
        {
            "comment id": 0,
            "parent": -1,
            "children": [
                1
            ],
            "user id": "6901935699",
            "user name": "xlxlccc呀",
            "content": "这不是烟大的哦",
            "time": "19-12-6 12:43"
        },
        {
            "comment id": 1,
            "parent": 0,
            "children": [
                2
            ],
            "user id": "6374290398",
            "user name": "一天是赫赫终身是赫赫",
            "content": "那是哪的",
            "time": "19-12-6 12:46"
        },
        {
            "comment id": 2,
            "parent": 1,
            "children": [],
            "user id": "6901935699",
            "user name": "xlxlccc呀",
            "content": "回复@永恒的距离0670:具体是哪里我也不知道，但肯定不是我们食堂啦我们食堂虽然多，但肯定没有这一个啦",
            "time": "19-12-6 13:19"
        },
        {
            "comment id": 3,
            "parent": -1,
            "children": [
                4
            ],
            "user id": "5653240236",
            "user name": "xxxxxyg126",
            "content": "我们烟台莱山公安发通告了，不是烟大",
            "time": "19-12-6 16:18"
        },
        {
            "comment id": 4,
            "parent": 3,
            "children": [],
            "user id": "6374290398",
            "user name": "一天是赫赫终身是赫赫",
            "content": "好的，",
            "time": "19-12-6 22:35"
        },
        {
            "comment id": 5,
            "parent": -1,
            "children": [
                6
            ],
            "user id": "5616236513",
            "user name": "啊哈哈哈哈哈哈啊哈哈哈哈哈",
            "content": "不是烟大 请删除不实信息 谢谢",
            "time": "19-12-6 15:33"
        },
        {
            "comment id": 6,
            "parent": 5,
            "children": [],
            "user id": "6374290398",
            "user name": "一天是赫赫终身是赫赫",
            "content": "好的",
            "time": "19-12-6 22:35"
        },
        {
            "comment id": 7,
            "parent": -1,
            "children": [],
            "user id": "2606722457",
            "user name": "AhhHuang",
            "content": "想知道是哪里应该自己调查啊，不要随便抹黑别人学校请删除",
            "time": "19-12-6 19:35"
        },
        {
            "comment id": 8,
            "parent": -1,
            "children": [],
            "user id": "2975668870",
            "user name": "呼哈呼哈嘟嘟",
            "content": "图片评论 ",
            "time": "19-12-6 17:12"
        },
        {
            "comment id": 9,
            "parent": -1,
            "children": [],
            "user id": "5798038724",
            "user name": "___YHhh",
            "content": "没搞清楚就不要乱传哦",
            "time": "19-12-6 13:11"
        },
        {
            "comment id": 10,
            "parent": -1,
            "children": [],
            "user id": "3220979265",
            "user name": "北行见南山",
            "content": "好像是青岛求实",
            "time": "19-12-9 08:46"
        },
        {
            "comment id": 11,
            "parent": -1,
            "children": [],
            "user id": "2932523093",
            "user name": "自言自语的先生",
            "content": "不是烟大",
            "time": "19-12-6 18:17"
        },
        {
            "comment id": 12,
            "parent": -1,
            "children": [],
            "user id": "5591707305",
            "user name": "ymjaymj",
            "content": "不是我们学校，我们学校10个餐厅一个都不长这样",
            "time": "19-12-6 12:50"
        }
    ]
}