{
    "source": {
        "content": "#我与汽车的日常# 迈凯伦与福克斯剐蹭，交警判定迈凯伦全责，迈凯伦车主当场掏出14万现金把福克斯买了！嗯，有钱就是这么任性#豪车超跑##汽车黑科技# ",
        "time": "19-12-13 17:10",
        "user id": "7077550103",
        "tweet id": "IkAX1wsAr",
        "label": 1,
        "theme": null
    },
    "comment": [
        {
            "comment id": 0,
            "parent": -1,
            "children": [
                1,
                2,
                3,
                4,
                5,
                6,
                7,
                9,
                10,
                11,
                12,
                13,
                14,
                15,
                16,
                17,
                18,
                19
            ],
            "user id": "7077550103",
            "user name": "蔻蔻妮娜",
            "content": "辟谣了！长沙交警通报：2019年12月13日9:00许，雨花交警122中队接到报警，在城南路十一中学路段发生一起两车相碰的交通事故，交警调查认定，闽D772**因未与前车保持安全距离，应负事故全部责任。事故双方就经济赔偿自行进行了协商，闽D772**驾驶人就车辆损失向对方赔偿了8000元，车上现金与事故无关。",
            "time": "19-12-14 08:04"
        },
        {
            "comment id": 1,
            "parent": 0,
            "children": [],
            "user id": "2683673510",
            "user name": "谢勇勇只想好好睡个觉",
            "content": "图片车牌明明是湘开头，搞个球啊",
            "time": "19-12-15 15:34"
        },
        {
            "comment id": 2,
            "parent": 0,
            "children": [],
            "user id": "2654437612",
            "user name": "无影_Young",
            "content": "举报一下，你会更快乐",
            "time": "19-12-15 14:26"
        },
        {
            "comment id": 3,
            "parent": 0,
            "children": [],
            "user id": "2654437612",
            "user name": "无影_Young",
            "content": "自己造谣自己辟谣，牛皮",
            "time": "19-12-15 14:25"
        },
        {
            "comment id": 4,
            "parent": 0,
            "children": [],
            "user id": "1105079371",
            "user name": "我是陈小虾",
            "content": "不能再快点吗？",
            "time": "19-12-14 21:05"
        },
        {
            "comment id": 5,
            "parent": 0,
            "children": [],
            "user id": "2313567380",
            "user name": "老天只会眷顾张恒博",
            "content": "回复@露云邓:否定之否定规律？",
            "time": "19-12-14 19:18"
        },
        {
            "comment id": 6,
            "parent": 0,
            "children": [],
            "user id": "6557299989",
            "user name": "二二二二二二二二二二二姑娘",
            "content": "回复@有空一起唱歌:他这个微博估计上热门了，所以编辑不了",
            "time": "19-12-14 16:53"
        },
        {
            "comment id": 7,
            "parent": 0,
            "children": [],
            "user id": "5340206027",
            "user name": "糖大大C",
            "content": "滚",
            "time": "19-12-14 16:40"
        },
        {
            "comment id": 8,
            "parent": 14,
            "children": [],
            "user id": "5736477782",
            "user name": "hassapta",
            "content": "回复@所以苏点点今天运动了么:说的迈凯伦",
            "time": "19-12-14 16:16"
        },
        {
            "comment id": 9,
            "parent": 0,
            "children": [],
            "user id": "6817156543",
            "user name": "小狗每天睡大觉",
            "content": "你是不知道编辑怎么用吗",
            "time": "19-12-14 15:12"
        },
        {
            "comment id": 10,
            "parent": 0,
            "children": [],
            "user id": "6813192364",
            "user name": "江畔似霰初见月",
            "content": "回复@菜刀刮奶油:闽是黑色车的车牌   大哥    三点水的是湘   因为是长沙",
            "time": "19-12-14 11:46"
        },
        {
            "comment id": 11,
            "parent": 0,
            "children": [],
            "user id": "5351615557",
            "user name": "Snowglow_",
            "content": "回复@菜刀刮奶油:湘，看过原图",
            "time": "19-12-14 11:44"
        },
        {
            "comment id": 12,
            "parent": 0,
            "children": [],
            "user id": "5650334754",
            "user name": "爱放草莓屁的卷毛",
            "content": "仔细看车牌 是闽？闽有三点水o",
            "time": "19-12-14 11:28"
        },
        {
            "comment id": 13,
            "parent": 0,
            "children": [],
            "user id": "5808513334",
            "user name": "八卦炉里的石头",
            "content": "你不就是传谣的嘛？还装鸡毛辟谣的呀",
            "time": "19-12-14 10:52"
        },
        {
            "comment id": 14,
            "parent": 0,
            "children": [
                8
            ],
            "user id": "5079564660",
            "user name": "所以苏点点今天运动了么",
            "content": "这应该不是这个图的新闻吧明显车牌是三点水开头的",
            "time": "19-12-14 10:31"
        },
        {
            "comment id": 15,
            "parent": 0,
            "children": [],
            "user id": "7303126206",
            "user name": "小二子ZS",
            "content": "自导自演吗",
            "time": "19-12-14 10:07"
        },
        {
            "comment id": 16,
            "parent": 0,
            "children": [],
            "user id": "5616712216",
            "user name": "纠结控O_o",
            "content": "传谣，辟谣，一人俩角色累不累",
            "time": "19-12-14 09:25"
        },
        {
            "comment id": 17,
            "parent": 0,
            "children": [],
            "user id": "2034371144",
            "user name": "邓吞吞的围脖",
            "content": "自己建立 自己推翻 科学精神就是这样的",
            "time": "19-12-14 08:56"
        },
        {
            "comment id": 18,
            "parent": 0,
            "children": [],
            "user id": "3229758214",
            "user name": "Flirtationship",
            "content": "自传自辟？",
            "time": "19-12-14 08:48"
        },
        {
            "comment id": 19,
            "parent": 0,
            "children": [],
            "user id": "1684755140",
            "user name": "Epicerie",
            "content": "谣不就是你传的？",
            "time": "19-12-14 08:23"
        },
        {
            "comment id": 20,
            "parent": -1,
            "children": [],
            "user id": "2017075655",
            "user name": "Otaku-Liu",
            "content": "证实是假的了",
            "time": "19-12-14 15:55"
        },
        {
            "comment id": 21,
            "parent": -1,
            "children": [
                22,
                24
            ],
            "user id": "3762254274",
            "user name": "为父心好痛",
            "content": "交警已经证实，这是假的，并没有赔偿14万直接把车买下，屏蔽你了",
            "time": "19-12-14 09:04"
        },
        {
            "comment id": 22,
            "parent": 21,
            "children": [],
            "user id": "3210524574",
            "user name": "想吃炸小鱼的猫头鹰_",
            "content": "已经辟谣了，赔偿了8000块。",
            "time": "19-12-14 11:27"
        },
        {
            "comment id": 23,
            "parent": 24,
            "children": [],
            "user id": "5805036260",
            "user name": "阿小伟steven",
            "content": "回复@lutry276:这博主是没吃药吗？胡乱瞎编又自己给自己评论辟谣？什么操作？",
            "time": "19-12-14 11:10"
        },
        {
            "comment id": 24,
            "parent": 21,
            "children": [
                23
            ],
            "user id": "1690010187",
            "user name": "lutry276",
            "content": "人都自己辟谣了",
            "time": "19-12-14 09:50"
        },
        {
            "comment id": 25,
            "parent": -1,
            "children": [],
            "user id": "2095111991",
            "user name": "资深盒子精",
            "content": "那不是挺好吗？福克斯车主正好换车，迈凯伦车主满足了装逼需求。",
            "time": "19-12-13 18:03"
        },
        {
            "comment id": 26,
            "parent": -1,
            "children": [],
            "user id": "3212553691",
            "user name": "Gali_1eo",
            "content": "学到了",
            "time": "19-12-13 17:12"
        },
        {
            "comment id": 27,
            "parent": -1,
            "children": [],
            "user id": "6094090382",
            "user name": "NITI菲菲",
            "content": "我也开福克斯 这就去找豪车碰瓷 如果我铁粉丢了 记得给我送个汉堡",
            "time": "19-12-13 19:09"
        },
        {
            "comment id": 28,
            "parent": -1,
            "children": [],
            "user id": "3039036712",
            "user name": "行者唐俊雄",
            "content": "求被撞。。。",
            "time": "19-12-13 20:54"
        },
        {
            "comment id": 29,
            "parent": -1,
            "children": [],
            "user id": "3916009257",
            "user name": "陈龙生丶",
            "content": "？",
            "time": "19-12-15 02:30"
        },
        {
            "comment id": 30,
            "parent": -1,
            "children": [],
            "user id": "2455641673",
            "user name": "M少奇",
            "content": "你造谣知道吗",
            "time": "19-12-14 20:51"
        },
        {
            "comment id": 31,
            "parent": -1,
            "children": [],
            "user id": "5392624197",
            "user name": "ENXI_i",
            "content": "不知道为什么，就是想@痞子福克斯 ",
            "time": "19-12-14 16:15"
        },
        {
            "comment id": 32,
            "parent": -1,
            "children": [],
            "user id": "5339423021",
            "user name": "京城郭筅笙",
            "content": "有钱人的世界，挤不进来，同时你也不理解",
            "time": "19-12-14 12:16"
        },
        {
            "comment id": 33,
            "parent": -1,
            "children": [],
            "user id": "5698202241",
            "user name": "LJ利剑出鞘",
            "content": "。",
            "time": "19-12-14 10:18"
        },
        {
            "comment id": 34,
            "parent": -1,
            "children": [],
            "user id": "5356694302",
            "user name": "斯波71710",
            "content": "这是一个谣言四起的时代，也是一个难以辨明真伪的时代！但更是一个法制时代！不信谣，不传谣，静等水落石出的到来。让子弹再飞一会！",
            "time": "19-12-14 10:13"
        },
        {
            "comment id": 35,
            "parent": -1,
            "children": [],
            "user id": "5480364182",
            "user name": "ObstinateLV",
            "content": "有钱真好",
            "time": "19-12-14 08:59"
        },
        {
            "comment id": 36,
            "parent": -1,
            "children": [],
            "user id": "6469142946",
            "user name": "雪娇2682",
            "content": "",
            "time": "19-12-15 16:27"
        },
        {
            "comment id": 37,
            "parent": -1,
            "children": [],
            "user id": "6050099400",
            "user name": "三生石199507",
            "content": "都辟谣了，还在这博眼球，胡说八道！没有公德心！",
            "time": "19-12-15 14:10"
        },
        {
            "comment id": 38,
            "parent": -1,
            "children": [],
            "user id": "2614780741",
            "user name": "王志伟com",
            "content": "中奖的感觉",
            "time": "19-12-15 13:54"
        },
        {
            "comment id": 39,
            "parent": -1,
            "children": [],
            "user id": "3103398615",
            "user name": "墨守成龟便成灰",
            "content": "自己打自己的脸",
            "time": "19-12-15 13:14"
        },
        {
            "comment id": 40,
            "parent": -1,
            "children": [],
            "user id": "3284677127",
            "user name": "IX-DESIGN",
            "content": "大额转账浇水了么",
            "time": "19-12-15 11:33"
        },
        {
            "comment id": 41,
            "parent": -1,
            "children": [],
            "user id": "6512211191",
            "user name": "灵动201209",
            "content": "假的",
            "time": "19-12-15 11:09"
        },
        {
            "comment id": 42,
            "parent": -1,
            "children": [],
            "user id": "5335232184",
            "user name": "black熊83",
            "content": "省得麻烦事",
            "time": "19-12-15 10:20"
        },
        {
            "comment id": 43,
            "parent": -1,
            "children": [],
            "user id": "2703146355",
            "user name": "早安_扬州",
            "content": "不过户就把车卖给对方了，一看就是假的",
            "time": "19-12-15 08:14"
        },
        {
            "comment id": 44,
            "parent": -1,
            "children": [],
            "user id": "1761840077",
            "user name": "我正在风中凌乱",
            "content": "结果福克斯还有三年的抵押贷款没还",
            "time": "19-12-15 07:51"
        },
        {
            "comment id": 45,
            "parent": -1,
            "children": [],
            "user id": "1629349927",
            "user name": "点点事件",
            "content": "说的简单，就算买下来，也要过户的。",
            "time": "19-12-15 05:20"
        },
        {
            "comment id": 46,
            "parent": -1,
            "children": [],
            "user id": "1802083491",
            "user name": "幸福快乐平安就是最美好的",
            "content": "52929",
            "time": "19-12-15 01:59"
        },
        {
            "comment id": 47,
            "parent": -1,
            "children": [],
            "user id": "2107201424",
            "user name": "Mr-lqg",
            "content": "造谣举报",
            "time": "19-12-15 00:52"
        },
        {
            "comment id": 48,
            "parent": -1,
            "children": [],
            "user id": "2108548431",
            "user name": "Sebrena-L",
            "content": "迈凯伦车主你好 买我的福克斯么",
            "time": "19-12-15 00:28"
        },
        {
            "comment id": 49,
            "parent": -1,
            "children": [],
            "user id": "5374877011",
            "user name": "小黄hh-",
            "content": "谁会卖啊。14万能买啥？不开车了？",
            "time": "19-12-14 17:38"
        },
        {
            "comment id": 50,
            "parent": -1,
            "children": [],
            "user id": "5970635486",
            "user name": "关爱设计师组织",
            "content": "这种造谣要不要拘留？？@平安长沙",
            "time": "19-12-14 17:22"
        },
        {
            "comment id": 51,
            "parent": -1,
            "children": [],
            "user id": "6141835422",
            "user name": "源源依依天长地久",
            "content": "屏蔽加举报",
            "time": "19-12-15 09:29"
        },
        {
            "comment id": 52,
            "parent": -1,
            "children": [],
            "user id": "7307049585",
            "user name": "追光Csp",
            "content": "福克斯也有贵的",
            "time": "19-12-15 08:55"
        },
        {
            "comment id": 53,
            "parent": -1,
            "children": [],
            "user id": "5664493985",
            "user name": "心若向阳5664493985",
            "content": "嗯",
            "time": "19-12-15 07:14"
        },
        {
            "comment id": 54,
            "parent": -1,
            "children": [],
            "user id": "6189046959",
            "user name": "翼小米198004",
            "content": "数了，明明是15万",
            "time": "19-12-14 22:12"
        },
        {
            "comment id": 55,
            "parent": -1,
            "children": [],
            "user id": "3162393060",
            "user name": "亮红八霸一剑",
            "content": "假的，造谣的人已经超500赞（评论）了，最少得关十五天吧！",
            "time": "19-12-14 21:26"
        },
        {
            "comment id": 56,
            "parent": -1,
            "children": [],
            "user id": "6154531132",
            "user name": "liulinhua88",
            "content": "",
            "time": "19-12-14 19:45"
        },
        {
            "comment id": 57,
            "parent": -1,
            "children": [],
            "user id": "6092388038",
            "user name": "帅儿乐天",
            "content": "现实生活碰到了朱一旦！枯燥",
            "time": "19-12-14 19:06"
        },
        {
            "comment id": 58,
            "parent": -1,
            "children": [],
            "user id": "5724124767",
            "user name": "财富型男",
            "content": "这福克斯现在值。3 4w 都多说吧  有钱人不傻谢谢",
            "time": "19-12-14 16:41"
        },
        {
            "comment id": 59,
            "parent": -1,
            "children": [],
            "user id": "2454238317",
            "user name": "周晓夜88",
            "content": "这年头还有人带14万现金，得好好查查了",
            "time": "19-12-14 16:20"
        },
        {
            "comment id": 60,
            "parent": -1,
            "children": [],
            "user id": "1316796633",
            "user name": "UP王小宝",
            "content": "先发自己制造的谣言吸睛，然后手动辟谣，真是卑鄙的作法，屏蔽了。",
            "time": "19-12-14 15:35"
        },
        {
            "comment id": 61,
            "parent": -1,
            "children": [],
            "user id": "5379155187",
            "user name": "天长地久有时近0720",
            "content": "真的嘛？",
            "time": "19-12-14 13:11"
        },
        {
            "comment id": 62,
            "parent": -1,
            "children": [],
            "user id": "7335140781",
            "user name": "Wc些到9",
            "content": "",
            "time": "19-12-14 11:10"
        },
        {
            "comment id": 63,
            "parent": -1,
            "children": [],
            "user id": "3809923375",
            "user name": "非法缘",
            "content": "14万我才不卖，重新买一辆多麻烦，至少给够换辆蒙迪欧的钱",
            "time": "19-12-14 10:42"
        },
        {
            "comment id": 64,
            "parent": -1,
            "children": [],
            "user id": "5636506388",
            "user name": "有趣的灵魂王胖子",
            "content": "假的  8000块解决了",
            "time": "19-12-14 09:44"
        },
        {
            "comment id": 65,
            "parent": -1,
            "children": [],
            "user id": "5616712216",
            "user name": "纠结控O_o",
            "content": "试试投诉能不能成功",
            "time": "19-12-14 09:27"
        },
        {
            "comment id": 66,
            "parent": -1,
            "children": [],
            "user id": "7316870011",
            "user name": "吉宇54102",
            "content": "so good",
            "time": "19-12-14 09:22"
        },
        {
            "comment id": 67,
            "parent": -1,
            "children": [],
            "user id": "6735817553",
            "user name": "CenHuaSheng",
            "content": "",
            "time": "19-12-14 09:19"
        },
        {
            "comment id": 68,
            "parent": -1,
            "children": [],
            "user id": "7006810431",
            "user name": "小纳米33401",
            "content": "小地方人就是可笑",
            "time": "19-12-14 08:51"
        },
        {
            "comment id": 69,
            "parent": -1,
            "children": [],
            "user id": "1773986274",
            "user name": "夏-雪无痕",
            "content": "不如果直接给他5000，足够了，买个车没必要",
            "time": "19-12-15 18:17"
        },
        {
            "comment id": 70,
            "parent": -1,
            "children": [],
            "user id": "6649238799",
            "user name": "快乐吧201808",
            "content": "",
            "time": "19-12-15 01:02"
        },
        {
            "comment id": 71,
            "parent": -1,
            "children": [],
            "user id": "1580437984",
            "user name": "陈守财同志",
            "content": "@鲜活的Dreamer",
            "time": "19-12-14 19:17"
        },
        {
            "comment id": 72,
            "parent": -1,
            "children": [],
            "user id": "3846221463",
            "user name": "guoyuehao_",
            "content": "不会编辑是吧？不会删除是吧？那我帮你投诉下吧",
            "time": "19-12-14 16:42"
        },
        {
            "comment id": 73,
            "parent": -1,
            "children": [],
            "user id": "2708424243",
            "user name": "可可朵朵的天空",
            "content": "假的",
            "time": "19-12-14 16:28"
        },
        {
            "comment id": 74,
            "parent": -1,
            "children": [],
            "user id": "7261027706",
            "user name": "纪蔚嘉扛把子",
            "content": "福克斯也不值14万 有钱人是傻吗 这都能信",
            "time": "19-12-14 16:02"
        },
        {
            "comment id": 75,
            "parent": -1,
            "children": [],
            "user id": "6727429741",
            "user name": "叶小兔2001",
            "content": "有意思",
            "time": "19-12-14 12:56"
        },
        {
            "comment id": 76,
            "parent": -1,
            "children": [],
            "user id": "5825936727",
            "user name": "霸王小朋友09",
            "content": "牛",
            "time": "19-12-14 10:12"
        },
        {
            "comment id": 77,
            "parent": -1,
            "children": [],
            "user id": "5825936727",
            "user name": "霸王小朋友09",
            "content": "好",
            "time": "19-12-14 10:12"
        },
        {
            "comment id": 78,
            "parent": -1,
            "children": [],
            "user id": "1839476243",
            "user name": "大型单机动作游戏排行",
            "content": "我也说不清楚啊！  我要空气的清新.我要绿叶的光亮.我要夏季的漫长.我要爱我的你",
            "time": "19-12-14 08:58"
        },
        {
            "comment id": 79,
            "parent": -1,
            "children": [],
            "user id": "2607220963",
            "user name": "请我当个公举呗",
            "content": "@PlEASE一M",
            "time": "19-12-14 08:55"
        }
    ]
}