{
    "source": {
        "content": "迈凯伦撞上福克斯 #车祸后14万现金买下对方车辆#12月13日，长沙街头一辆墨绿色迈凯伦撞上一辆红色的福克斯，交警判定跑车司机全责，该司机当场从后座取出一大箱现金，共计14万，现场把被撞的福克斯小车买下。交警部门证实，确有其事，正在进一步调查处理当中 ",
        "time": "19-12-13 19:25",
        "user id": "5253090679",
        "tweet id": "IkBPGw1Xp",
        "label": 1,
        "theme": null
    },
    "comment": [
        {
            "comment id": 0,
            "parent": -1,
            "children": [],
            "user id": "5253090679",
            "user name": "萝卜报告",
            "content": "辟谣！长沙交警通报：2019年12月13日9:00许，雨花交警122中队接到报警，在城南路十一中学路段发生一起两车相碰的交通事故，交警调查认定，闽D772**因未与前车保持安全距离，应负事故全部责任。事故双方就经济赔偿自行进行了协商，闽D772**驾驶人就车辆损失向对方赔偿了8000元，车上现金与事故无关。 ",
            "time": "19-12-14 03:15"
        },
        {
            "comment id": 1,
            "parent": -1,
            "children": [
                2,
                3,
                4,
                6,
                7,
                8,
                9,
                10,
                12,
                16,
                17,
                20,
                22,
                23,
                24
            ],
            "user id": "2628120773",
            "user name": "京玮同學",
            "content": "我要是车主，得要20万，买车14万，这几年的养车费保险油钱啥的，",
            "time": "19-12-13 19:26"
        },
        {
            "comment id": 2,
            "parent": 1,
            "children": [],
            "user id": "1594951181",
            "user name": "俗人一个贪财好sese",
            "content": "开迈凯伦的你还想讹人家钱，人家不跟你计较你就偷着乐吧",
            "time": "19-12-15 18:14"
        },
        {
            "comment id": 3,
            "parent": 1,
            "children": [],
            "user id": "6418951813",
            "user name": "杨科的围脖",
            "content": "购置税你还没算呢，兄弟",
            "time": "19-12-14 18:54"
        },
        {
            "comment id": 4,
            "parent": 1,
            "children": [],
            "user id": "2142985120",
            "user name": "啊8呱呱呱呱",
            "content": "底下评论 意淫都高潮了哈哈哈哈",
            "time": "19-12-14 16:43"
        },
        {
            "comment id": 5,
            "parent": 16,
            "children": [],
            "user id": "5747570305",
            "user name": "smart鹏95",
            "content": "回复@无声不息V:万一不小心，你媳妇爆炸了，伤了人不得赔的回去？",
            "time": "19-12-14 16:25"
        },
        {
            "comment id": 6,
            "parent": 1,
            "children": [],
            "user id": "7220465455",
            "user name": "道如清风心如明月",
            "content": "傻 人家出钱买车那是会做人 不出钱你想咋样 交通事故而已又没死人 还想要二十万你 做白日梦吧你 现在的人真的是有病 人穷志短 糜烂的心理",
            "time": "19-12-14 16:04"
        },
        {
            "comment id": 7,
            "parent": 1,
            "children": [],
            "user id": "6960391622",
            "user name": "炳熠_心理咨询师",
            "content": "要少了，得学学特朗普",
            "time": "19-12-14 14:11"
        },
        {
            "comment id": 8,
            "parent": 1,
            "children": [],
            "user id": "6490218366",
            "user name": "唤光流影",
            "content": "你这么整，估计一分都得不到，还会被以寻衅滋事拘留着",
            "time": "19-12-13 23:08"
        },
        {
            "comment id": 9,
            "parent": 1,
            "children": [],
            "user id": "2628120773",
            "user name": "京玮同學",
            "content": "回复@我突然使出一招回首掏然后说道:哪有什么，给不了就拿14走人呗",
            "time": "19-12-13 22:59"
        },
        {
            "comment id": 10,
            "parent": 1,
            "children": [],
            "user id": "2559249094",
            "user name": "一条可怜的傻狗",
            "content": "兄弟，人家肯给你买下已经很良心了，你要是得寸进尺，有钱人可不是好惹的",
            "time": "19-12-13 22:21"
        },
        {
            "comment id": 11,
            "parent": 16,
            "children": [],
            "user id": "1426767907",
            "user name": "任宴儿",
            "content": "回复@无声不息V:你给媳妇，谁还敢买啊",
            "time": "19-12-13 22:15"
        },
        {
            "comment id": 12,
            "parent": 1,
            "children": [],
            "user id": "5032774323",
            "user name": "我刚刚睡着天刚刚破晓",
            "content": "你傻啊，你往车下面一趟要个50w没问题",
            "time": "19-12-13 21:18"
        },
        {
            "comment id": 13,
            "parent": 16,
            "children": [],
            "user id": "5870442483",
            "user name": "麦兜坏蛋S",
            "content": "回复@无声不息V:醒醒 你那充气的人家用不上",
            "time": "19-12-13 20:05"
        },
        {
            "comment id": 14,
            "parent": 15,
            "children": [],
            "user id": "3548285265",
            "user name": "amgglll",
            "content": "回复@京玮同學:做人不能贪得无厌",
            "time": "19-12-13 19:42"
        },
        {
            "comment id": 15,
            "parent": 17,
            "children": [
                14
            ],
            "user id": "2628120773",
            "user name": "京玮同學",
            "content": "回复@微微一博很提神:哈哈，能给多少给多少",
            "time": "19-12-13 19:37"
        },
        {
            "comment id": 16,
            "parent": 1,
            "children": [
                5,
                11,
                13
            ],
            "user id": "1357114410",
            "user name": "无声不息V",
            "content": "你真无赖，要是全价给我我把媳妇送给他",
            "time": "19-12-13 19:37"
        },
        {
            "comment id": 17,
            "parent": 1,
            "children": [
                15
            ],
            "user id": "6682216776",
            "user name": "微微一博很提神",
            "content": "人心不足蛇吞象，最后干脆走保险。啥也捞不着",
            "time": "19-12-13 19:33"
        },
        {
            "comment id": 18,
            "parent": 22,
            "children": [],
            "user id": "2628120773",
            "user name": "京玮同學",
            "content": "回复@木木木木木冬:明白，",
            "time": "19-12-13 19:32"
        },
        {
            "comment id": 19,
            "parent": 20,
            "children": [],
            "user id": "2628120773",
            "user name": "京玮同學",
            "content": "回复@印第安老鬼:哈哈哈哈，主要是针对跑车车主 你不是牛逼吗 你不是有钱吗？来 给你一次装大逼的机会",
            "time": "19-12-13 19:31"
        },
        {
            "comment id": 20,
            "parent": 1,
            "children": [
                19
            ],
            "user id": "3831746420",
            "user name": "印第安老鬼",
            "content": "无赖还是你无赖",
            "time": "19-12-13 19:30"
        },
        {
            "comment id": 21,
            "parent": 24,
            "children": [],
            "user id": "2628120773",
            "user name": "京玮同學",
            "content": "回复@amgglll:能多点就多点呗",
            "time": "19-12-13 19:30"
        },
        {
            "comment id": 22,
            "parent": 1,
            "children": [
                18
            ],
            "user id": "1720313115",
            "user name": "木木木木木冬",
            "content": "福克斯二手车几万元。差不多了。",
            "time": "19-12-13 19:29"
        },
        {
            "comment id": 23,
            "parent": 1,
            "children": [],
            "user id": "6060125938",
            "user name": "永时间久",
            "content": "合着保养油钱不是你这几年用的？",
            "time": "19-12-13 19:29"
        },
        {
            "comment id": 24,
            "parent": 1,
            "children": [
                21
            ],
            "user id": "3548285265",
            "user name": "amgglll",
            "content": "你要别人就得给你？",
            "time": "19-12-13 19:28"
        },
        {
            "comment id": 25,
            "parent": -1,
            "children": [
                29,
                30,
                33,
                34
            ],
            "user id": "5149984906",
            "user name": "SARD-RC",
            "content": "福克斯车主：媳妇啊，有个事我不知道咋说",
            "time": "19-12-13 19:30"
        },
        {
            "comment id": 26,
            "parent": 28,
            "children": [],
            "user id": "5720288181",
            "user name": "樋Jamie",
            "content": "回复@SARD-RC:不知道，我就知道林依轮，盛一伦，周杰伦，迈凯轮是哪个明星啊？帅么？咋滴，你认识奥？要个签名合影啥的，我好去朋友圈显摆显摆",
            "time": "19-12-15 08:29"
        },
        {
            "comment id": 27,
            "parent": 29,
            "children": [],
            "user id": "1650890174",
            "user name": "_Brian睡不醒_",
            "content": "回复@萌弯弯:夏洛特烦恼",
            "time": "19-12-13 20:33"
        },
        {
            "comment id": 28,
            "parent": 29,
            "children": [
                26
            ],
            "user id": "5149984906",
            "user name": "SARD-RC",
            "content": "回复@萌弯弯:夏洛特烦恼呀哈哈哈 法拉利换一车花 拿F360换的",
            "time": "19-12-13 20:33"
        },
        {
            "comment id": 29,
            "parent": 25,
            "children": [
                27,
                28
            ],
            "user id": "1697542594",
            "user name": "萌弯弯",
            "content": "哈哈哈哈我有画面感了但是我忘记了是哪部电影",
            "time": "19-12-13 20:30"
        },
        {
            "comment id": 30,
            "parent": 25,
            "children": [],
            "user id": "5492633404",
            "user name": "qh恋情",
            "content": "哈哈哈，还是有代入感的",
            "time": "19-12-13 19:52"
        },
        {
            "comment id": 31,
            "parent": 32,
            "children": [],
            "user id": "2166028077",
            "user name": "King_Of_DDou",
            "content": "回复@SARD-RC:哈哈哈哈哈哈哈做梦也不敢相信是真的",
            "time": "19-12-13 19:36"
        },
        {
            "comment id": 32,
            "parent": 33,
            "children": [
                31
            ],
            "user id": "5149984906",
            "user name": "SARD-RC",
            "content": "回复@King_Of_DDou:我突然想起夏洛特烦恼那个夏洛用法拉利换了一车花哈哈哈 估计福克斯车主也是一脸懵逼",
            "time": "19-12-13 19:34"
        },
        {
            "comment id": 33,
            "parent": 25,
            "children": [
                32
            ],
            "user id": "2166028077",
            "user name": "King_Of_DDou",
            "content": "媳妇内心做了个过山车",
            "time": "19-12-13 19:32"
        },
        {
            "comment id": 34,
            "parent": 25,
            "children": [],
            "user id": "5149984906",
            "user name": "SARD-RC",
            "content": "你知道啥是迈凯轮不",
            "time": "19-12-13 19:31"
        },
        {
            "comment id": 35,
            "parent": -1,
            "children": [
                36,
                37,
                39,
                40,
                41,
                42,
                43,
                44,
                45
            ],
            "user id": "6212508550",
            "user name": "爱妞妞妞儿",
            "content": "这有啥可牛逼的   你买下来能咋的  有能耐你把你全责变成他全责才叫牛逼",
            "time": "19-12-13 19:32"
        },
        {
            "comment id": 36,
            "parent": 35,
            "children": [],
            "user id": "1077869095",
            "user name": "悲情民工5to9",
            "content": "回复@在路上的Jack·:哈哈哈 这还优越了？南方？多南？过了罗湖了？",
            "time": "19-12-14 16:24"
        },
        {
            "comment id": 37,
            "parent": 35,
            "children": [],
            "user id": "5629903804",
            "user name": "若九丶丶",
            "content": "北方人不背这个锅",
            "time": "19-12-14 15:20"
        },
        {
            "comment id": 38,
            "parent": 39,
            "children": [],
            "user id": "3126196460",
            "user name": "一剑江湖冷",
            "content": "回复@一碗酱油炒饭-:对于一个北方人，我想说这位兄弟话糙理不糙，咱也没比要洗",
            "time": "19-12-14 14:13"
        },
        {
            "comment id": 39,
            "parent": 35,
            "children": [
                38
            ],
            "user id": "5440749138",
            "user name": "一碗酱油炒饭-",
            "content": "回复@在路上的Jack·:每每看到你们这种人都得感叹真是隔着屏幕啥都可以敲",
            "time": "19-12-14 08:41"
        },
        {
            "comment id": 40,
            "parent": 35,
            "children": [],
            "user id": "2090547773",
            "user name": "永远是狗子",
            "content": "回复@在路上的Jack·:真相只有一个",
            "time": "19-12-14 05:26"
        },
        {
            "comment id": 41,
            "parent": 35,
            "children": [],
            "user id": "2483564341",
            "user name": "厦门队长43",
            "content": "回复@在路上的Jack·:哈哈哈哈哈",
            "time": "19-12-14 00:36"
        },
        {
            "comment id": 42,
            "parent": 35,
            "children": [],
            "user id": "6490218366",
            "user name": "唤光流影",
            "content": "三鹿？",
            "time": "19-12-13 23:09"
        },
        {
            "comment id": 43,
            "parent": 35,
            "children": [],
            "user id": "6748686090",
            "user name": "这是柒囍",
            "content": "回复@在路上的Jack·:？？？你在搞什么",
            "time": "19-12-13 21:12"
        },
        {
            "comment id": 44,
            "parent": 35,
            "children": [],
            "user id": "2433996627",
            "user name": "小小赖疙宝",
            "content": "回复@在路上的Jack·:真实哈哈哈",
            "time": "19-12-13 20:58"
        },
        {
            "comment id": 45,
            "parent": 35,
            "children": [],
            "user id": "1225522563",
            "user name": "蜜蜂与幸运草",
            "content": "为了避免出警查司机查背景，私了，肯定背后有不为人知的故事，买了对方车就避免一些秘密公开",
            "time": "19-12-13 19:56"
        },
        {
            "comment id": 46,
            "parent": -1,
            "children": [
                48,
                49,
                50,
                51,
                52
            ],
            "user id": "1117364227",
            "user name": "你挺抠啊",
            "content": "艹了，这车卖二手能卖上4万吗？",
            "time": "19-12-13 19:27"
        },
        {
            "comment id": 47,
            "parent": 48,
            "children": [],
            "user id": "5645582837",
            "user name": "韩萧炜",
            "content": "回复@捷克莫扎特:对啊，福特车都不保值",
            "time": "19-12-14 16:32"
        },
        {
            "comment id": 48,
            "parent": 46,
            "children": [
                47
            ],
            "user id": "1450325032",
            "user name": "捷克莫扎特",
            "content": "回复@38号美系妇科控:最多也就是13年的百万纪念版经典福，你说能卖4万多？！顶了天3万5不能再多！还要看车况",
            "time": "19-12-14 14:31"
        },
        {
            "comment id": 49,
            "parent": 46,
            "children": [],
            "user id": "5214322465",
            "user name": "施瓦辛格弋",
            "content": "三万",
            "time": "19-12-14 00:04"
        },
        {
            "comment id": 50,
            "parent": 46,
            "children": [],
            "user id": "5236778802",
            "user name": "赐我双眸",
            "content": "3",
            "time": "19-12-13 19:49"
        },
        {
            "comment id": 51,
            "parent": 46,
            "children": [],
            "user id": "1720313115",
            "user name": "木木木木木冬",
            "content": "缘分无价",
            "time": "19-12-13 19:31"
        },
        {
            "comment id": 52,
            "parent": 46,
            "children": [],
            "user id": "5645582837",
            "user name": "韩萧炜",
            "content": "估计也就不到5万",
            "time": "19-12-13 19:30"
        },
        {
            "comment id": 53,
            "parent": -1,
            "children": [
                54
            ],
            "user id": "5935258899",
            "user name": "龙哥640",
            "content": "感觉迈凯伦即将要被福克斯车友包围了😱大家抢着说，撞我的！撞我的！",
            "time": "19-12-13 19:32"
        },
        {
            "comment id": 54,
            "parent": 53,
            "children": [],
            "user id": "7299898441",
            "user name": "蹉跎的韭黄",
            "content": "把的去了",
            "time": "19-12-13 19:37"
        },
        {
            "comment id": 55,
            "parent": -1,
            "children": [
                56
            ],
            "user id": "1773401193",
            "user name": "Veneno丶木木",
            "content": "神tm帕加尼",
            "time": "19-12-13 19:26"
        },
        {
            "comment id": 56,
            "parent": 55,
            "children": [],
            "user id": "5540818069",
            "user name": "当地较为能吃的一名壮士",
            "content": "哈哈哈哈，终于找到get点一样的了",
            "time": "19-12-13 23:15"
        },
        {
            "comment id": 57,
            "parent": -1,
            "children": [
                58,
                60,
                63
            ],
            "user id": "6008741083",
            "user name": "大牛牛9527",
            "content": "全责为什么要买车？赔钱修车就好了！难道有隐情？？？",
            "time": "19-12-13 19:33"
        },
        {
            "comment id": 58,
            "parent": 57,
            "children": [],
            "user id": "6363121876",
            "user name": "让爱零距离96310",
            "content": "有钱任性",
            "time": "19-12-16 06:14"
        },
        {
            "comment id": 59,
            "parent": 61,
            "children": [],
            "user id": "6008741083",
            "user name": "大牛牛9527",
            "content": "回复@I·want·to·smile:我也是，给我几千就行。心里给美死",
            "time": "19-12-13 21:59"
        },
        {
            "comment id": 60,
            "parent": 57,
            "children": [],
            "user id": "1105573831",
            "user name": "用户sn2u46vden",
            "content": "可能车子里还藏个人，不想耽误时间",
            "time": "19-12-13 21:00"
        },
        {
            "comment id": 61,
            "parent": 62,
            "children": [
                59
            ],
            "user id": "5508528710",
            "user name": "I·want·to·smile",
            "content": "回复@木木家的林同学:你们这瞎抬价啊！我五千就行",
            "time": "19-12-13 20:18"
        },
        {
            "comment id": 62,
            "parent": 63,
            "children": [
                61
            ],
            "user id": "1868230181",
            "user name": "木木家的林同学",
            "content": "回复@风流明月丶:给两万我觉得福特车主也不会多说",
            "time": "19-12-13 19:56"
        },
        {
            "comment id": 63,
            "parent": 57,
            "children": [
                62
            ],
            "user id": "6488816325",
            "user name": "风流明月丶",
            "content": "跟他走形式浪费时间，直接给这么多钱福特车主绝不多说",
            "time": "19-12-13 19:52"
        },
        {
            "comment id": 64,
            "parent": -1,
            "children": [],
            "user id": "5987964575",
            "user name": "丁灿灿同学-",
            "content": "广济桥？来过潮州？",
            "time": "19-12-13 19:29"
        },
        {
            "comment id": 65,
            "parent": -1,
            "children": [],
            "user id": "3044699187",
            "user name": "禅之太玺道",
            "content": "是个狠人！撞了别人然后用钱砸他",
            "time": "19-12-13 19:27"
        },
        {
            "comment id": 66,
            "parent": -1,
            "children": [],
            "user id": "2998531727",
            "user name": "佩奇野猪王",
            "content": "来撞我一下啊当年我落地11万",
            "time": "19-12-14 09:08"
        },
        {
            "comment id": 67,
            "parent": -1,
            "children": [],
            "user id": "5845877003",
            "user name": "许多肉真的很多肉",
            "content": "辟谣了萝卜哥",
            "time": "19-12-14 09:02"
        },
        {
            "comment id": 68,
            "parent": -1,
            "children": [],
            "user id": "1988423905",
            "user name": "北方先生w",
            "content": "把我的也装一下吧",
            "time": "19-12-14 08:56"
        },
        {
            "comment id": 69,
            "parent": -1,
            "children": [],
            "user id": "3867117576",
            "user name": "害羞什么啊",
            "content": "厦门人🐮",
            "time": "19-12-14 06:13"
        },
        {
            "comment id": 70,
            "parent": -1,
            "children": [],
            "user id": "1921827541",
            "user name": "lianjie1992",
            "content": "@lirui1991",
            "time": "19-12-13 23:46"
        },
        {
            "comment id": 71,
            "parent": -1,
            "children": [],
            "user id": "1790971972",
            "user name": "懒人吃喝手记",
            "content": "闽D……",
            "time": "19-12-13 22:38"
        },
        {
            "comment id": 72,
            "parent": -1,
            "children": [],
            "user id": "2618190033",
            "user name": "-晕晕呀",
            "content": "闽D哈哈哈哈哈哈哈哈哈厦门人果然有钱",
            "time": "19-12-13 22:37"
        },
        {
            "comment id": 73,
            "parent": -1,
            "children": [],
            "user id": "3767081877",
            "user name": "野蛮的卡夫卡",
            "content": "狂徒",
            "time": "19-12-13 21:34"
        },
        {
            "comment id": 74,
            "parent": -1,
            "children": [],
            "user id": "3153041962",
            "user name": "Marcoxxxx_",
            "content": "求撞我的GD，我要一半就够",
            "time": "19-12-13 20:46"
        },
        {
            "comment id": 75,
            "parent": -1,
            "children": [],
            "user id": "2351368285",
            "user name": "LewisHamilton_",
            "content": "帕加尼？",
            "time": "19-12-13 20:15"
        },
        {
            "comment id": 76,
            "parent": -1,
            "children": [],
            "user id": "1693872071",
            "user name": "卡曼的好爸爸",
            "content": "有钱真的可以为所欲为",
            "time": "19-12-13 19:59"
        },
        {
            "comment id": 77,
            "parent": -1,
            "children": [],
            "user id": "3866630962",
            "user name": "钢笔狂草",
            "content": "我也想换车了",
            "time": "19-12-13 19:40"
        },
        {
            "comment id": 78,
            "parent": -1,
            "children": [],
            "user id": "3479694602",
            "user name": "普通人类阿亮",
            "content": "？？",
            "time": "19-12-13 19:37"
        },
        {
            "comment id": 79,
            "parent": -1,
            "children": [],
            "user id": "1951439151",
            "user name": "汪国精",
            "content": "@吃饱不饿混天黑",
            "time": "19-12-13 19:35"
        },
        {
            "comment id": 80,
            "parent": -1,
            "children": [],
            "user id": "3165517381",
            "user name": "小哥大金牙",
            "content": "有钱真的可以为所欲为！",
            "time": "19-12-13 19:35"
        },
        {
            "comment id": 81,
            "parent": -1,
            "children": [],
            "user id": "6179011817",
            "user name": "赵士达",
            "content": "我有个同款袋子，这个袋子是放保温箱的，买冰箱给了一个。",
            "time": "19-12-13 19:31"
        },
        {
            "comment id": 82,
            "parent": -1,
            "children": [],
            "user id": "6212508550",
            "user name": "爱妞妞妞儿",
            "content": "好像被辟谣了  说最后赔了8千",
            "time": "19-12-16 10:56"
        },
        {
            "comment id": 83,
            "parent": -1,
            "children": [],
            "user id": "6168364163",
            "user name": "随心lee",
            "content": "这个车主也来撞一下我吧",
            "time": "19-12-14 19:10"
        },
        {
            "comment id": 84,
            "parent": -1,
            "children": [
                85,
                86
            ],
            "user id": "2742800345",
            "user name": "山大王是花姑娘",
            "content": "@ChunChunboo @鲍鲍BBBB",
            "time": "19-12-14 17:55"
        },
        {
            "comment id": 85,
            "parent": 84,
            "children": [],
            "user id": "2033527097",
            "user name": "鲍鲍BBBB",
            "content": "上面都写了为不实消息",
            "time": "19-12-18 17:01"
        },
        {
            "comment id": 86,
            "parent": 84,
            "children": [],
            "user id": "1684691140",
            "user name": "ChunChunboo",
            "content": "卧槽哈哈哈哈",
            "time": "19-12-15 10:07"
        },
        {
            "comment id": 87,
            "parent": -1,
            "children": [],
            "user id": "2308603433",
            "user name": "苦西柚",
            "content": "福建大哥",
            "time": "19-12-14 16:25"
        },
        {
            "comment id": 88,
            "parent": -1,
            "children": [],
            "user id": "2669525153",
            "user name": "原本原本原",
            "content": "哈哈哈，看到的听到的不一定是真相！",
            "time": "19-12-14 14:30"
        },
        {
            "comment id": 89,
            "parent": -1,
            "children": [],
            "user id": "1778601391",
            "user name": "谟诚",
            "content": "帕加尼 迈凯伦都分不清，还造谣",
            "time": "19-12-14 10:23"
        },
        {
            "comment id": 90,
            "parent": -1,
            "children": [],
            "user id": "1772974975",
            "user name": "我系C罗",
            "content": "还帕加尼呢哈哈哈",
            "time": "19-12-14 07:46"
        },
        {
            "comment id": 91,
            "parent": -1,
            "children": [],
            "user id": "1689785021",
            "user name": "烧不死的花儿花儿",
            "content": "有钱任性",
            "time": "19-12-14 07:41"
        },
        {
            "comment id": 92,
            "parent": -1,
            "children": [],
            "user id": "1977203343",
            "user name": "你叉你也麻",
            "content": "那天还在停车场遇到 ",
            "time": "19-12-14 06:03"
        },
        {
            "comment id": 93,
            "parent": -1,
            "children": [],
            "user id": "5242894933",
            "user name": "就巛巛",
            "content": "@杨亚超啊啊 杨总撞我！",
            "time": "19-12-14 03:43"
        },
        {
            "comment id": 94,
            "parent": -1,
            "children": [],
            "user id": "1283380725",
            "user name": "我心蔚蓝_Maple",
            "content": "求迈凯伦撞。。。",
            "time": "19-12-14 00:32"
        },
        {
            "comment id": 95,
            "parent": -1,
            "children": [],
            "user id": "6077193260",
            "user name": "用户九九一",
            "content": "开心就好",
            "time": "19-12-14 00:22"
        },
        {
            "comment id": 96,
            "parent": -1,
            "children": [],
            "user id": "2949387735",
            "user name": "GL00700",
            "content": "全责改修车修车，为什么要买下呢？难道是JJ or DJ？",
            "time": "19-12-13 23:50"
        },
        {
            "comment id": 97,
            "parent": -1,
            "children": [],
            "user id": "2242654130",
            "user name": "姓沈名精兵",
            "content": "@泉摄联-武荣居士 ",
            "time": "19-12-13 23:39"
        },
        {
            "comment id": 98,
            "parent": -1,
            "children": [],
            "user id": "5559548389",
            "user name": "ZObama",
            "content": "能挣10w。",
            "time": "19-12-13 23:14"
        },
        {
            "comment id": 99,
            "parent": -1,
            "children": [],
            "user id": "3266668505",
            "user name": "Passerby-JC",
            "content": "官方辟谣了，赔了4000",
            "time": "19-12-13 23:12"
        },
        {
            "comment id": 100,
            "parent": -1,
            "children": [],
            "user id": "5508528710",
            "user name": "I·want·to·smile",
            "content": "事实只赔了八千，福特车主假装骂骂咧咧的笑着跑了",
            "time": "19-12-13 23:09"
        },
        {
            "comment id": 101,
            "parent": -1,
            "children": [],
            "user id": "6151842461",
            "user name": "BBZDTXZ",
            "content": "现金交易往往伴随着洗黑钱、偷逃税款、行贿受贿，有钱人还是低调一些好。",
            "time": "19-12-13 22:55"
        },
        {
            "comment id": 102,
            "parent": -1,
            "children": [],
            "user id": "1660902194",
            "user name": "真的是高斯",
            "content": "@Kelinnnn",
            "time": "19-12-13 22:42"
        },
        {
            "comment id": 103,
            "parent": -1,
            "children": [],
            "user id": "2050710445",
            "user name": "靳水韭黄",
            "content": "聊撇",
            "time": "19-12-13 22:34"
        },
        {
            "comment id": 104,
            "parent": -1,
            "children": [],
            "user id": "3367148622",
            "user name": "做个扮猪吃老虎的狠货",
            "content": "有钱真好",
            "time": "19-12-13 19:34"
        },
        {
            "comment id": 105,
            "parent": -1,
            "children": [],
            "user id": "1459574151",
            "user name": "J_字数不够",
            "content": "然后保险公司发现两个人都是自己名下，拒赔",
            "time": "19-12-13 19:33"
        },
        {
            "comment id": 106,
            "parent": -1,
            "children": [],
            "user id": "1352212895",
            "user name": "阿刀-TouCH_9",
            "content": "@Bella吱喵赵",
            "time": "19-12-13 19:33"
        },
        {
            "comment id": 107,
            "parent": -1,
            "children": [],
            "user id": "1838441343",
            "user name": "淡水无香CCD",
            "content": "我也喜欢被砸的感觉。",
            "time": "19-12-13 19:33"
        },
        {
            "comment id": 108,
            "parent": -1,
            "children": [],
            "user id": "2884094397",
            "user name": "叔叔三十多",
            "content": "迈凯轮还是帕加尼啊",
            "time": "19-12-13 19:33"
        },
        {
            "comment id": 109,
            "parent": -1,
            "children": [],
            "user id": "5792861051",
            "user name": "低眸浅浅笑",
            "content": "这个操作",
            "time": "19-12-13 19:32"
        },
        {
            "comment id": 110,
            "parent": -1,
            "children": [],
            "user id": "7312515898",
            "user name": "金陵韦老虎",
            "content": "还继续处理你麻辣隔壁的呀！人家车主开心死了，可以换辆新车了。",
            "time": "19-12-13 19:32"
        },
        {
            "comment id": 111,
            "parent": -1,
            "children": [],
            "user id": "2319725912",
            "user name": "Big谭某某",
            "content": "这辆福克斯不值14万吧  撑死给五万",
            "time": "19-12-13 19:31"
        },
        {
            "comment id": 112,
            "parent": -1,
            "children": [],
            "user id": "5843902463",
            "user name": "l7l88",
            "content": "迈凯轮撞福克斯还赔人家14万？？？",
            "time": "19-12-13 19:31"
        },
        {
            "comment id": 113,
            "parent": -1,
            "children": [],
            "user id": "5511050418",
            "user name": "毒-Sir",
            "content": "实名羡慕啊",
            "time": "19-12-13 19:31"
        },
        {
            "comment id": 114,
            "parent": -1,
            "children": [],
            "user id": "1752176983",
            "user name": "喜欢冬天的长颈鹿",
            "content": "迈凯轮司机说我赶时间，钱拿走，福克斯可以拖走了……",
            "time": "19-12-13 19:29"
        },
        {
            "comment id": 115,
            "parent": -1,
            "children": [],
            "user id": "1849320317",
            "user name": "杨城V_",
            "content": "senna",
            "time": "19-12-13 19:29"
        },
        {
            "comment id": 116,
            "parent": -1,
            "children": [],
            "user id": "1720313115",
            "user name": "木木木木木冬",
            "content": "14万…也就是一年的保养费吧。跟我们用几百元一个道理。",
            "time": "19-12-13 19:28"
        },
        {
            "comment id": 117,
            "parent": -1,
            "children": [],
            "user id": "6485991875",
            "user name": "嘟嘟他爸哔",
            "content": "快把我的肥60收了吧",
            "time": "19-12-13 19:28"
        },
        {
            "comment id": 118,
            "parent": -1,
            "children": [],
            "user id": "3171795641",
            "user name": "狗日的青春远去了",
            "content": "福克斯赚了啊",
            "time": "19-12-13 19:27"
        },
        {
            "comment id": 119,
            "parent": -1,
            "children": [],
            "user id": "3630684243",
            "user name": "地球整容师LV",
            "content": "迈凯伦车主该有的态度",
            "time": "19-12-13 19:27"
        },
        {
            "comment id": 120,
            "parent": -1,
            "children": [],
            "user id": "2584561652",
            "user name": "Enze-",
            "content": "厦门牌",
            "time": "19-12-13 19:26"
        },
        {
            "comment id": 121,
            "parent": -1,
            "children": [],
            "user id": "1515628280",
            "user name": "安鹏不会飞",
            "content": "我家有辆七万多公里的荣威350，不知道这个开迈凯伦的大哥收不收？",
            "time": "19-12-13 19:26"
        },
        {
            "comment id": 122,
            "parent": -1,
            "children": [],
            "user id": "2049121674",
            "user name": "锺樓愛人MemoryLove",
            "content": "有钱的福建人",
            "time": "19-12-13 19:26"
        },
        {
            "comment id": 123,
            "parent": -1,
            "children": [],
            "user id": "3839296694",
            "user name": "isyb__",
            "content": "数了一下15万",
            "time": "19-12-13 19:26"
        },
        {
            "comment id": 124,
            "parent": -1,
            "children": [],
            "user id": "2789878277",
            "user name": "本山猪不吃细糠",
            "content": "图四帕加尼亮眼",
            "time": "19-12-13 19:26"
        },
        {
            "comment id": 125,
            "parent": -1,
            "children": [],
            "user id": "2734540365",
            "user name": "ErrandZ",
            "content": "不错 中彩票的感觉",
            "time": "19-12-13 19:26"
        },
        {
            "comment id": 126,
            "parent": -1,
            "children": [],
            "user id": "1581818072",
            "user name": "元宇宙探长",
            "content": "豪气",
            "time": "19-12-16 09:27"
        },
        {
            "comment id": 127,
            "parent": -1,
            "children": [],
            "user id": "6305468465",
            "user name": "即刻逍遥",
            "content": "能不能撞我的大众",
            "time": "19-12-14 12:45"
        },
        {
            "comment id": 128,
            "parent": -1,
            "children": [],
            "user id": "5180466530",
            "user name": "角落里的哀伤2016",
            "content": " 这位土豪车主能不能来把我车也撞一下啊",
            "time": "19-12-14 01:02"
        },
        {
            "comment id": 129,
            "parent": -1,
            "children": [],
            "user id": "3287268362",
            "user name": "厦门旅游小编",
            "content": "官方都辟谣了，赔了4000",
            "time": "19-12-13 23:14"
        },
        {
            "comment id": 130,
            "parent": -1,
            "children": [],
            "user id": "1773490502",
            "user name": "胖觅子",
            "content": "你跑的比他妈香港记者都快，你咋不报道香港那些屁事啥时候能结束呢？",
            "time": "19-12-13 21:10"
        },
        {
            "comment id": 131,
            "parent": -1,
            "children": [],
            "user id": "1775330775",
            "user name": "Jennifer_299",
            "content": "闽D哈哈哈哈",
            "time": "19-12-13 20:59"
        },
        {
            "comment id": 132,
            "parent": -1,
            "children": [],
            "user id": "5136894763",
            "user name": "liwankuanglan_",
            "content": "土豪o",
            "time": "19-12-13 20:51"
        },
        {
            "comment id": 133,
            "parent": -1,
            "children": [],
            "user id": "2403672163",
            "user name": "钟权宇",
            "content": "@发条橙______ 波哥买我车 我求你",
            "time": "19-12-13 20:49"
        },
        {
            "comment id": 134,
            "parent": -1,
            "children": [],
            "user id": "2953131373",
            "user name": "一只羊小居",
            "content": "散了吧朋友们，官方已经辟谣了",
            "time": "19-12-13 20:24"
        },
        {
            "comment id": 135,
            "parent": -1,
            "children": [],
            "user id": "6258618944",
            "user name": "壹碞難盡",
            "content": "胡建大老板，豪气。",
            "time": "19-12-13 20:19"
        },
        {
            "comment id": 136,
            "parent": -1,
            "children": [],
            "user id": "2890571491",
            "user name": "WattzDouble",
            "content": "经典福还能卖14万，车主睡着都能笑醒",
            "time": "19-12-13 19:39"
        },
        {
            "comment id": 137,
            "parent": -1,
            "children": [],
            "user id": "7216315651",
            "user name": "北京东城和平里",
            "content": "真的豪",
            "time": "19-12-14 16:05"
        }
    ]
}