{
    "source": {
        "content": "据说，迈凯轮全责，而车主没空走保险，直接把福克斯买了#百家车坛# ",
        "time": "19-12-13 20:55",
        "user id": "5498415038",
        "tweet id": "IkCqkk9UG",
        "label": 1,
        "theme": null
    },
    "comment": [
        {
            "comment id": 0,
            "parent": -1,
            "children": [
                1
            ],
            "user id": "2078890953",
            "user name": "塔科-法尔",
            "content": "没空走保险，有空去过户？？",
            "time": "19-12-14 16:28"
        },
        {
            "comment id": 1,
            "parent": 0,
            "children": [],
            "user id": "5850265166",
            "user name": "ZZXNiuNiu",
            "content": "买来就扔了",
            "time": "19-12-17 09:30"
        },
        {
            "comment id": 2,
            "parent": -1,
            "children": [],
            "user id": "5242092067",
            "user name": "53张君堂",
            "content": "666",
            "time": "19-12-13 20:57"
        },
        {
            "comment id": 3,
            "parent": -1,
            "children": [],
            "user id": "1959022803",
            "user name": "皇城根人家",
            "content": "扯淡也不看看自己的能力",
            "time": "19-12-17 10:09"
        },
        {
            "comment id": 4,
            "parent": -1,
            "children": [],
            "user id": "3774178082",
            "user name": "胤辰829",
            "content": "福克斯这么贵呢",
            "time": "19-12-13 22:12"
        },
        {
            "comment id": 5,
            "parent": -1,
            "children": [],
            "user id": "2405036463",
            "user name": "最爱谢天笑",
            "content": "有钱任性",
            "time": "19-12-17 10:15"
        },
        {
            "comment id": 6,
            "parent": -1,
            "children": [],
            "user id": "2627887423",
            "user name": "一酒一肉一相片",
            "content": "呵呵，无语",
            "time": "19-12-17 08:45"
        },
        {
            "comment id": 7,
            "parent": -1,
            "children": [],
            "user id": "1939470281",
            "user name": "fox_gale",
            "content": "瞎编乱造",
            "time": "19-12-17 08:29"
        },
        {
            "comment id": 8,
            "parent": -1,
            "children": [],
            "user id": "6309316949",
            "user name": "Feng雨兰",
            "content": "假的，已经辟谣了",
            "time": "19-12-17 10:17"
        },
        {
            "comment id": 9,
            "parent": -1,
            "children": [],
            "user id": "5634389574",
            "user name": "龌龊的木头",
            "content": "官方已经提示是造谣了还不删啊？等着被转发500次？",
            "time": "19-12-17 09:54"
        },
        {
            "comment id": 10,
            "parent": -1,
            "children": [],
            "user id": "5657435069",
            "user name": "為了老婆我戒煙",
            "content": "都说了是谣言，没脑子吗？",
            "time": "19-12-17 09:29"
        },
        {
            "comment id": 11,
            "parent": -1,
            "children": [],
            "user id": "2387933142",
            "user name": "关耳家伟",
            "content": "厦门牌 嘿嘿",
            "time": "19-12-17 08:57"
        },
        {
            "comment id": 12,
            "parent": -1,
            "children": [],
            "user id": "1451022030",
            "user name": "鱼得水1216",
            "content": "忽悠",
            "time": "19-12-17 07:23"
        },
        {
            "comment id": 13,
            "parent": -1,
            "children": [],
            "user id": "2109149132",
            "user name": "Aice_Mua",
            "content": "造谣",
            "time": "19-12-17 00:16"
        },
        {
            "comment id": 14,
            "parent": -1,
            "children": [],
            "user id": "1745793220",
            "user name": "养老吧老李",
            "content": "15万？",
            "time": "19-12-16 21:22"
        },
        {
            "comment id": 15,
            "parent": -1,
            "children": [],
            "user id": "5685841766",
            "user name": "风间彻贰",
            "content": "辟谣了",
            "time": "19-12-16 19:12"
        },
        {
            "comment id": 16,
            "parent": -1,
            "children": [],
            "user id": "6024334659",
            "user name": "0901Cc",
            "content": "瞎传，还百万v",
            "time": "19-12-16 18:02"
        },
        {
            "comment id": 17,
            "parent": -1,
            "children": [],
            "user id": "5973897119",
            "user name": "Irving199811",
            "content": "@张晨阳zm",
            "time": "19-12-16 20:42"
        },
        {
            "comment id": 18,
            "parent": -1,
            "children": [],
            "user id": "1861396883",
            "user name": "Allen_超",
            "content": "@peggy戴",
            "time": "19-12-16 20:32"
        }
    ]
}