{
    "source": {
        "content": "年收入36万以下均是贫穷户。这真的假的，实话实说，你们家是贫穷户吗？ ",
        "time": "19-12-11 13:46",
        "user id": "2030935042",
        "tweet id": "IkgL2bz2Y",
        "label": 1,
        "theme": null
    },
    "comment": [
        {
            "comment id": 0,
            "parent": -1,
            "children": [
                1,
                2,
                3,
                4
            ],
            "user id": "2030935042",
            "user name": "搞机王腾霄",
            "content": "对不起，我不配贫困",
            "time": "19-12-11 13:47"
        },
        {
            "comment id": 1,
            "parent": 0,
            "children": [],
            "user id": "1758754865",
            "user name": "You悠我沁",
            "content": "哈哈",
            "time": "19-12-11 13:54"
        },
        {
            "comment id": 2,
            "parent": 0,
            "children": [],
            "user id": "6621322838",
            "user name": "咪朵儿cici漫壁屋",
            "content": "",
            "time": "19-12-11 13:52"
        },
        {
            "comment id": 3,
            "parent": 0,
            "children": [],
            "user id": "2150788743",
            "user name": "向日葵看齐",
            "content": "哈哈哈，太穷了",
            "time": "19-12-11 13:52"
        },
        {
            "comment id": 4,
            "parent": 0,
            "children": [],
            "user id": "2129501983",
            "user name": "夕何昔今",
            "content": "",
            "time": "19-12-11 13:48"
        },
        {
            "comment id": 5,
            "parent": -1,
            "children": [
                6
            ],
            "user id": "1730094672",
            "user name": "爱丽丝RUN",
            "content": "我发这条被屏蔽了。",
            "time": "19-12-11 13:51"
        },
        {
            "comment id": 6,
            "parent": 5,
            "children": [],
            "user id": "2150788743",
            "user name": "向日葵看齐",
            "content": "贫穷就完事了",
            "time": "19-12-11 13:52"
        },
        {
            "comment id": 7,
            "parent": -1,
            "children": [
                8
            ],
            "user id": "6621322838",
            "user name": "咪朵儿cici漫壁屋",
            "content": "贫困了有没有人捐款昵",
            "time": "19-12-11 13:51"
        },
        {
            "comment id": 8,
            "parent": 7,
            "children": [],
            "user id": "2150788743",
            "user name": "向日葵看齐",
            "content": "我也想说，谁来帮帮我",
            "time": "19-12-11 13:52"
        },
        {
            "comment id": 9,
            "parent": -1,
            "children": [],
            "user id": "2421406324",
            "user name": "空白格紫",
            "content": "特困户",
            "time": "19-12-11 13:57"
        },
        {
            "comment id": 10,
            "parent": -1,
            "children": [],
            "user id": "5373080241",
            "user name": "下辈子一定会好好过",
            "content": "…这肯定是啊",
            "time": "19-12-11 13:47"
        },
        {
            "comment id": 11,
            "parent": -1,
            "children": [],
            "user id": "6669536381",
            "user name": "l孤鸿l",
            "content": "我好穷",
            "time": "19-12-11 13:47"
        },
        {
            "comment id": 12,
            "parent": -1,
            "children": [],
            "user id": "1758754865",
            "user name": "You悠我沁",
            "content": "我肯定是",
            "time": "19-12-11 13:54"
        },
        {
            "comment id": 13,
            "parent": -1,
            "children": [],
            "user id": "2325360383",
            "user name": "LeO-小而堅",
            "content": "我怕是贫民窟里的了",
            "time": "19-12-11 16:49"
        },
        {
            "comment id": 14,
            "parent": -1,
            "children": [],
            "user id": "1772513702",
            "user name": "松野鹤",
            "content": "我是贫困户，大家捐点钱让我步入小康社会吧，就当是为社会主义建设添砖加瓦做贡献了。",
            "time": "19-12-11 14:59"
        },
        {
            "comment id": 15,
            "parent": -1,
            "children": [],
            "user id": "6541852788",
            "user name": "婷不夏来的歌",
            "content": "穷啊",
            "time": "19-12-11 14:34"
        },
        {
            "comment id": 16,
            "parent": -1,
            "children": [
                17
            ],
            "user id": "2831505594",
            "user name": "孩子你怎么你这么不争气啊",
            "content": "心中无数草泥马奔腾而过",
            "time": "19-12-11 14:19"
        },
        {
            "comment id": 17,
            "parent": 16,
            "children": [],
            "user id": "6446040553",
            "user name": "二手手机卖家",
            "content": "啊哈哈哈，太难了",
            "time": "19-12-11 14:42"
        },
        {
            "comment id": 18,
            "parent": -1,
            "children": [],
            "user id": "2150788743",
            "user name": "向日葵看齐",
            "content": " 我家属于特困家庭",
            "time": "19-12-11 13:50"
        },
        {
            "comment id": 19,
            "parent": -1,
            "children": [],
            "user id": "2129501983",
            "user name": "夕何昔今",
            "content": "太穷了",
            "time": "19-12-11 13:48"
        },
        {
            "comment id": 20,
            "parent": -1,
            "children": [],
            "user id": "6593200140",
            "user name": "秤子座的猪",
            "content": "你们都小康了，我咋办",
            "time": "19-12-11 13:51"
        },
        {
            "comment id": 21,
            "parent": -1,
            "children": [],
            "user id": "2307012481",
            "user name": "RunningJS",
            "content": "超级贫困户",
            "time": "19-12-11 13:51"
        },
        {
            "comment id": 22,
            "parent": -1,
            "children": [],
            "user id": "5790369592",
            "user name": "刘彊当自强",
            "content": "小康社会现阶段是区域性小康，GDP高的省份和地区人均当然高",
            "time": "19-12-11 21:33"
        },
        {
            "comment id": 23,
            "parent": -1,
            "children": [
                24
            ],
            "user id": "2963379794",
            "user name": "不玩赛尔号的赛尔号",
            "content": "我还有二十几天就要被消灭了吗",
            "time": "19-12-11 13:58"
        },
        {
            "comment id": 24,
            "parent": 23,
            "children": [],
            "user id": "2963379794",
            "user name": "不玩赛尔号的赛尔号",
            "content": "喔只有十几天了！",
            "time": "19-12-11 13:58"
        },
        {
            "comment id": 25,
            "parent": -1,
            "children": [
                26
            ],
            "user id": "5945824332",
            "user name": "_江湖人称流浪野后_",
            "content": "照这标准，我怕是贫下中农",
            "time": "19-12-11 13:52"
        },
        {
            "comment id": 26,
            "parent": 25,
            "children": [],
            "user id": "2150788743",
            "user name": "向日葵看齐",
            "content": "太难了",
            "time": "19-12-11 13:53"
        },
        {
            "comment id": 27,
            "parent": -1,
            "children": [],
            "user id": "3942391333",
            "user name": "想要交好运",
            "content": "对不起 马上我就要被消灭了",
            "time": "19-12-11 13:48"
        },
        {
            "comment id": 28,
            "parent": -1,
            "children": [],
            "user id": "5945824332",
            "user name": "_江湖人称流浪野后_",
            "content": "是",
            "time": "19-12-11 13:48"
        },
        {
            "comment id": 29,
            "parent": -1,
            "children": [],
            "user id": "5145554219",
            "user name": "清枫不知归处",
            "content": "是，。。",
            "time": "19-12-11 13:46"
        },
        {
            "comment id": 30,
            "parent": -1,
            "children": [],
            "user id": "6043209920",
            "user name": "福建省军区C海防军军长李云龙",
            "content": "我马上就要被消灭了你呢？",
            "time": "19-12-11 15:21"
        },
        {
            "comment id": 31,
            "parent": -1,
            "children": [],
            "user id": "5067145995",
            "user name": "大白辣么白",
            "content": "我来贫困户资格都没达到",
            "time": "19-12-11 15:10"
        },
        {
            "comment id": 32,
            "parent": -1,
            "children": [],
            "user id": "5993724643",
            "user name": "许高昇plus",
            "content": "20年都要被消灭？？",
            "time": "19-12-11 15:06"
        },
        {
            "comment id": 33,
            "parent": -1,
            "children": [],
            "user id": "3027956021",
            "user name": "卿訸安之若素",
            "content": "我连贫困都不配",
            "time": "19-12-11 14:07"
        },
        {
            "comment id": 34,
            "parent": -1,
            "children": [],
            "user id": "1029724927",
            "user name": "luckygirl916",
            "content": "赤贫",
            "time": "19-12-11 14:18"
        },
        {
            "comment id": 35,
            "parent": -1,
            "children": [],
            "user id": "3223759504",
            "user name": "那些回不去的年少时光------",
            "content": "6万都没有",
            "time": "19-12-11 14:15"
        },
        {
            "comment id": 36,
            "parent": -1,
            "children": [],
            "user id": "5531332204",
            "user name": "远方4022",
            "content": "坐等扶贫",
            "time": "19-12-11 14:10"
        },
        {
            "comment id": 37,
            "parent": -1,
            "children": [],
            "user id": "5124184465",
            "user name": "91_胡先生",
            "content": "我们家是难民",
            "time": "19-12-11 14:09"
        },
        {
            "comment id": 38,
            "parent": -1,
            "children": [],
            "user id": "3189141584",
            "user name": "一笑古秋阳",
            "content": "我已不配为人",
            "time": "19-12-11 14:08"
        },
        {
            "comment id": 39,
            "parent": -1,
            "children": [],
            "user id": "7022222992",
            "user name": "哈哈哈笑的",
            "content": "不配贫困户太穷了",
            "time": "19-12-11 14:03"
        },
        {
            "comment id": 40,
            "parent": -1,
            "children": [],
            "user id": "1809130123",
            "user name": "Stephen995",
            "content": "和老王差不多",
            "time": "19-12-11 14:00"
        },
        {
            "comment id": 41,
            "parent": -1,
            "children": [],
            "user id": "6834801657",
            "user name": "情灭09959",
            "content": "特别贫困",
            "time": "19-12-11 14:00"
        },
        {
            "comment id": 42,
            "parent": -1,
            "children": [],
            "user id": "1574451982",
            "user name": "Holiday輕煙有餘",
            "content": "贫困",
            "time": "19-12-11 13:58"
        },
        {
            "comment id": 43,
            "parent": -1,
            "children": [],
            "user id": "1934435523",
            "user name": "Echo_花火",
            "content": "@Mmmmmm1005 你弟是真贫困户了，快来救济我",
            "time": "19-12-11 13:57"
        },
        {
            "comment id": 44,
            "parent": -1,
            "children": [],
            "user id": "3273353841",
            "user name": "快鸭闪购",
            "content": "那他来句家庭年收入，包括全家人的，一家六口人",
            "time": "19-12-11 13:56"
        },
        {
            "comment id": 45,
            "parent": -1,
            "children": [],
            "user id": "5639516970",
            "user name": "蝈豪猿",
            "content": "我不配贫困",
            "time": "19-12-11 13:55"
        },
        {
            "comment id": 46,
            "parent": -1,
            "children": [],
            "user id": "5760112244",
            "user name": "久睡成瘾是茱吗",
            "content": "哎，比贫困户还要穷的人",
            "time": "19-12-11 13:53"
        },
        {
            "comment id": 47,
            "parent": -1,
            "children": [],
            "user id": "5109736175",
            "user name": "白摄影像whitephoto",
            "content": "这标准确定是真的？",
            "time": "19-12-11 13:53"
        },
        {
            "comment id": 48,
            "parent": -1,
            "children": [],
            "user id": "5286935215",
            "user name": "傻呵呵的店小2",
            "content": "我真的玩不明白，为什么国家的机构把数据做的这么高，大部分人都没这么高，这不就是在变相说明国家的政策是失败的么？还有几天就2020了，目标完成不了，还玩个屁啊",
            "time": "19-12-11 13:49"
        },
        {
            "comment id": 49,
            "parent": -1,
            "children": [],
            "user id": "3065424075",
            "user name": "Alvis小朋友",
            "content": "谣言",
            "time": "19-12-11 13:49"
        },
        {
            "comment id": 50,
            "parent": -1,
            "children": [],
            "user id": "3544865620",
            "user name": "蓝太阳呀",
            "content": "还在解放前晃悠",
            "time": "19-12-11 13:49"
        },
        {
            "comment id": 51,
            "parent": -1,
            "children": [],
            "user id": "2191320463",
            "user name": "今天也想暴富的言小薇",
            "content": "我连大脚跟都碰不上",
            "time": "19-12-11 13:49"
        },
        {
            "comment id": 52,
            "parent": -1,
            "children": [],
            "user id": "5591265290",
            "user name": "荒泷一斗k",
            "content": "",
            "time": "19-12-11 13:47"
        },
        {
            "comment id": 53,
            "parent": -1,
            "children": [],
            "user id": "2566064080",
            "user name": "真的话少",
            "content": "不是，我怕被消灭",
            "time": "19-12-11 13:47"
        },
        {
            "comment id": 54,
            "parent": -1,
            "children": [],
            "user id": "6334511647",
            "user name": "·隔壁二舅",
            "content": "太是了",
            "time": "19-12-11 13:46"
        }
    ]
}