{
    "source": {
        "content": "看来郭大侠得襄阳城是不欢迎我咋滴，啥时候都不震，就我来的时候震，说实话没经历过，感觉也就那么回事儿吧#湖北孝感地震#  ",
        "time": "19-12-27 08:21",
        "user id": "2822956723",
        "tweet id": "ImFtn8e7D",
        "label": 1,
        "theme": null
    },
    "comment": [
        {
            "comment id": 0,
            "parent": -1,
            "children": [
                3
            ],
            "user id": "3212075002",
            "user name": "负却当年锦鸾书",
            "content": "还是删了吧，别传谣……",
            "time": "19-12-27 09:38"
        },
        {
            "comment id": 1,
            "parent": 2,
            "children": [],
            "user id": "2822956723",
            "user name": "崔先森的崔",
            "content": "回复@负却当年锦鸾书:唉说多了都是泪啊",
            "time": "19-12-31 14:45"
        },
        {
            "comment id": 2,
            "parent": 3,
            "children": [
                1
            ],
            "user id": "3212075002",
            "user name": "负却当年锦鸾书",
            "content": "回复@崔先森的崔:噗……看来以后上网要注意点，没有官方确切的消息不能乱说",
            "time": "19-12-30 15:23"
        },
        {
            "comment id": 3,
            "parent": 0,
            "children": [
                2
            ],
            "user id": "2822956723",
            "user name": "崔先森的崔",
            "content": "删不了现在，微博给我标注了",
            "time": "19-12-30 13:43"
        },
        {
            "comment id": 4,
            "parent": -1,
            "children": [],
            "user id": "3310704231",
            "user name": "可爱阿欣了",
            "content": "额，活久见",
            "time": "19-12-27 09:05"
        }
    ]
}