{
    "source": {
        "content": "疯狂！卡宴男叫嚣宝马女，女司机一怒之下撞残其双腿\n\n之前，一个开宝马车的女子，与一个开卡宴车的男子，因车辆小剐蹭，发生纠纷，在路上由理论变成争吵，继而拍打车门。\n\n女宝马车上车后，男子还不停拍车门，女子倒车后，男子拦在车头，不让离开。女子突然加速，将男子撞挤在两车之间，男子倒地，抱着自己的腿痛苦的嚎叫起来！据了解，被撞男子单侧下肢粉碎性骨折。",
        "time": "19-12-27 10:46",
        "user id": "2998966864",
        "tweet id": "ImGq4on7b",
        "label": 1,
        "theme": null
    },
    "comment": [
        {
            "comment id": 0,
            "parent": -1,
            "children": [
                1
            ],
            "user id": "5315871868",
            "user name": "奶凶凶的女孩",
            "content": "虽然失去了双腿，，但起码保住了车",
            "time": "19-12-27 10:59"
        },
        {
            "comment id": 1,
            "parent": 0,
            "children": [],
            "user id": "6238663460",
            "user name": "事实上简单很快乐",
            "content": "哈哈哈，看到这个笑了",
            "time": "19-12-27 12:20"
        },
        {
            "comment id": 2,
            "parent": -1,
            "children": [],
            "user id": "3769347680",
            "user name": "舒舒恒",
            "content": "一个敢撞一个敢挨撞",
            "time": "19-12-27 11:40"
        },
        {
            "comment id": 3,
            "parent": -1,
            "children": [],
            "user id": "6600657055",
            "user name": "妈个鸡和思密达",
            "content": "算是杀人未遂了吧？",
            "time": "19-12-27 11:01"
        },
        {
            "comment id": 4,
            "parent": -1,
            "children": [],
            "user id": "5571934506",
            "user name": "陈持",
            "content": "牛批",
            "time": "19-12-27 11:09"
        },
        {
            "comment id": 5,
            "parent": -1,
            "children": [],
            "user id": "5390414720",
            "user name": "鱼叉鱼叉_鱼叉鱼叉",
            "content": "又不是第一天做中国人了，有钱也搞不过有后台的阿，有点钱就飘了，真傻",
            "time": "19-12-27 13:53"
        },
        {
            "comment id": 6,
            "parent": -1,
            "children": [],
            "user id": "5979050073",
            "user name": "l我的另一半你在哪",
            "content": "厉害",
            "time": "19-12-28 02:52"
        },
        {
            "comment id": 7,
            "parent": -1,
            "children": [],
            "user id": "2010778665",
            "user name": "奇点_13",
            "content": "看着都特么疼……",
            "time": "19-12-27 11:47"
        },
        {
            "comment id": 8,
            "parent": -1,
            "children": [],
            "user id": "1287507321",
            "user name": "不会点菜",
            "content": "有钱人的游戏",
            "time": "19-12-27 11:15"
        },
        {
            "comment id": 9,
            "parent": -1,
            "children": [],
            "user id": "2380248051",
            "user name": "白鹤山人-朱近庸",
            "content": "阿弥陀佛，都是活该",
            "time": "19-12-28 00:56"
        },
        {
            "comment id": 10,
            "parent": -1,
            "children": [],
            "user id": "1107512042",
            "user name": "村东头的铁锤啊",
            "content": "16年的事了，据说是和解了，但谁知道是这女的关系大让这男的妥协了，还是真的如那受害者所说的两人是朋友，女方误操作呢。谁知道呢",
            "time": "19-12-28 00:13"
        },
        {
            "comment id": 11,
            "parent": -1,
            "children": [],
            "user id": "6085622588",
            "user name": "无垠深蓝的秋天",
            "content": "啊！",
            "time": "19-12-27 22:43"
        },
        {
            "comment id": 12,
            "parent": -1,
            "children": [],
            "user id": "1878393241",
            "user name": "虔诚的忏悔D",
            "content": "赔你钱，但你下半生，下半身都完了，得饶人处且饶人，退一步海阔天空。",
            "time": "19-12-27 11:23"
        },
        {
            "comment id": 13,
            "parent": -1,
            "children": [],
            "user id": "6179722111",
            "user name": "游客4141441",
            "content": "谁有茄子 番茄 黄瓜 91 的链接",
            "time": "19-12-28 07:05"
        },
        {
            "comment id": 14,
            "parent": -1,
            "children": [],
            "user id": "7231074849",
            "user name": "来了27803",
            "content": "。。。。",
            "time": "19-12-28 01:18"
        },
        {
            "comment id": 15,
            "parent": -1,
            "children": [],
            "user id": "2147443661",
            "user name": "Gan瞅瞅",
            "content": "我只想知道，然后呢?",
            "time": "19-12-27 14:58"
        },
        {
            "comment id": 16,
            "parent": -1,
            "children": [],
            "user id": "1569535495",
            "user name": "Lisalisa001",
            "content": "jia",
            "time": "20-1-3 07:19"
        },
        {
            "comment id": 17,
            "parent": -1,
            "children": [],
            "user id": "2108704315",
            "user name": "-杲杲日出-",
            "content": "都不是差钱的人，挑衅对方吃这个苦只能说no zuo no die",
            "time": "19-12-27 12:15"
        },
        {
            "comment id": 18,
            "parent": -1,
            "children": [],
            "user id": "2368874282",
            "user name": "腹愁者练懵",
            "content": "恶人自有恶人磨",
            "time": "19-12-27 10:53"
        }
    ]
}