{
    "source": {
        "content": "#雪乡车祸4死5伤案司机获死缓#突发，雪乡车祸4死5伤，马上过年了，注意安全 ",
        "time": "20-1-7 14:31",
        "user id": "1310437461",
        "tweet id": "IonB45Xs2",
        "label": 1,
        "theme": null
    },
    "comment": [
        {
            "comment id": 0,
            "parent": -1,
            "children": [
                1,
                2,
                3,
                4,
                5,
                6,
                7
            ],
            "user id": "1895975461",
            "user name": "我来试试能不能改ID",
            "content": "突发你吗皮啊，2年前的",
            "time": "20-1-7 14:39"
        },
        {
            "comment id": 1,
            "parent": 0,
            "children": [],
            "user id": "1425519933",
            "user name": "钝姆雷特",
            "content": "不气不气，别跟丫一般见识",
            "time": "20-1-7 19:21"
        },
        {
            "comment id": 2,
            "parent": 0,
            "children": [],
            "user id": "7341103386",
            "user name": "我这有三级包",
            "content": "我也想说",
            "time": "20-1-7 19:14"
        },
        {
            "comment id": 3,
            "parent": 0,
            "children": [],
            "user id": "3929569646",
            "user name": "迷人又可爱的反派饶",
            "content": "只要有关东北必有地域黑，都是中国人咋就这么有越感了",
            "time": "20-1-7 17:51"
        },
        {
            "comment id": 4,
            "parent": 0,
            "children": [],
            "user id": "5263583511",
            "user name": "不要变胖的小鲸鱼",
            "content": "暴躁老哥",
            "time": "20-1-7 17:51"
        },
        {
            "comment id": 5,
            "parent": 0,
            "children": [],
            "user id": "2948657257",
            "user name": "Chenqiuyu87",
            "content": "我还以为是前几天",
            "time": "20-1-7 17:48"
        },
        {
            "comment id": 6,
            "parent": 0,
            "children": [],
            "user id": "5172730841",
            "user name": "豆本豆大豆奶",
            "content": "……",
            "time": "20-1-7 17:42"
        },
        {
            "comment id": 7,
            "parent": 0,
            "children": [],
            "user id": "5503432374",
            "user name": "乄Sanctuary丨夜色灬",
            "content": "你别这样",
            "time": "20-1-7 15:54"
        },
        {
            "comment id": 8,
            "parent": -1,
            "children": [
                9,
                10
            ],
            "user id": "1711751660",
            "user name": "人莱疯疯疯aaa",
            "content": "突个屁发 2017年大锅 服了 要热度也不是这种要法啊",
            "time": "20-1-7 14:52"
        },
        {
            "comment id": 9,
            "parent": 8,
            "children": [],
            "user id": "5075846358",
            "user name": "小刘鸭爪",
            "content": "突发尼玛卖p 两年前的 宁🐎丝",
            "time": "20-1-7 16:49"
        },
        {
            "comment id": 10,
            "parent": 8,
            "children": [],
            "user id": "3946477831",
            "user name": "c_曹达华",
            "content": "无所谓啦，只要有评论就行，反正都算流量的",
            "time": "20-1-7 16:42"
        },
        {
            "comment id": 11,
            "parent": -1,
            "children": [
                12
            ],
            "user id": "3163446895",
            "user name": "杨小念念念念念",
            "content": "怎么看别的博主发的是2017年呢？？？？？？？？？",
            "time": "20-1-7 14:38"
        },
        {
            "comment id": 12,
            "parent": 11,
            "children": [
                13
            ],
            "user id": "1270482250",
            "user name": "靜-思-閣",
            "content": "就是以前的，不是突发",
            "time": "20-1-7 14:39"
        },
        {
            "comment id": 13,
            "parent": 12,
            "children": [],
            "user id": "3163446895",
            "user name": "杨小念念念念念",
            "content": "回复@靜-思-閣:不够严谨",
            "time": "20-1-7 14:49"
        },
        {
            "comment id": 14,
            "parent": -1,
            "children": [
                15
            ],
            "user id": "3012285573",
            "user name": "最爱贵阳",
            "content": "南有丽江，北有雪乡，垃圾地方，严重宰",
            "time": "20-1-7 14:37"
        },
        {
            "comment id": 15,
            "parent": 14,
            "children": [],
            "user id": "6454633573",
            "user name": "水果酸奶_",
            "content": "丽江……！？愿闻其详，还准备去呢",
            "time": "20-1-7 18:19"
        },
        {
            "comment id": 16,
            "parent": -1,
            "children": [],
            "user id": "2405056161",
            "user name": "新典物化",
            "content": "突什么发，2017年的事",
            "time": "20-1-7 14:54"
        },
        {
            "comment id": 17,
            "parent": -1,
            "children": [],
            "user id": "3099367142",
            "user name": "DadaPinkman",
            "content": "17年的 不是突发 别瞎发新闻了好吗",
            "time": "20-1-7 15:31"
        },
        {
            "comment id": 18,
            "parent": -1,
            "children": [],
            "user id": "6238442783",
            "user name": "C-Marlene",
            "content": "两年前的事了，别蹭热度行吗？不看新闻的吗？",
            "time": "20-1-7 15:12"
        },
        {
            "comment id": 19,
            "parent": -1,
            "children": [],
            "user id": "2476995247",
            "user name": "奋斗路上的JING",
            "content": "四条命死缓？",
            "time": "20-1-7 15:36"
        },
        {
            "comment id": 20,
            "parent": -1,
            "children": [],
            "user id": "5510323384",
            "user name": "酒浓情伤1358",
            "content": "一定要注意安全。",
            "time": "20-1-7 15:03"
        },
        {
            "comment id": 21,
            "parent": -1,
            "children": [],
            "user id": "5129049430",
            "user name": "素人老董",
            "content": "一个简单的案子，一审就等了两年多，不知道上诉后二审、再审要到猴年马月了，一般老百姓真拖不起，何况承受着白发送黑发之痛。  ​​​",
            "time": "20-1-7 14:36"
        },
        {
            "comment id": 22,
            "parent": -1,
            "children": [],
            "user id": "5510035122",
            "user name": "W是一只飞翔的鹰",
            "content": "一定要注意安全。",
            "time": "20-1-7 14:33"
        },
        {
            "comment id": 23,
            "parent": -1,
            "children": [],
            "user id": "5510323384",
            "user name": "酒浓情伤1358",
            "content": "注意安全。",
            "time": "20-1-7 14:33"
        },
        {
            "comment id": 24,
            "parent": -1,
            "children": [],
            "user id": "1714113461",
            "user name": "盛稀饭",
            "content": "两年前发生的事，咋就变突发了？",
            "time": "20-1-7 14:48"
        },
        {
            "comment id": 25,
            "parent": -1,
            "children": [],
            "user id": "6002104522",
            "user name": "索拉卡尔玛",
            "content": "不实消息不是么",
            "time": "20-1-7 17:40"
        },
        {
            "comment id": 26,
            "parent": -1,
            "children": [],
            "user id": "6395865804",
            "user name": "不要问问就是爱了",
            "content": "是两年前的事故现在宣判了，不是现在发生的，反正要过年了大家一定要注意安全！！！！！",
            "time": "20-1-7 15:22"
        },
        {
            "comment id": 27,
            "parent": -1,
            "children": [],
            "user id": "5859888504",
            "user name": "一九玖芭",
            "content": "注意安全",
            "time": "20-1-7 14:33"
        },
        {
            "comment id": 28,
            "parent": -1,
            "children": [],
            "user id": "3807973089",
            "user name": "烫金真爱手册",
            "content": "注意安全",
            "time": "20-1-7 14:33"
        },
        {
            "comment id": 29,
            "parent": -1,
            "children": [],
            "user id": "7239279226",
            "user name": "吹有钱哥哥的彩虹屁",
            "content": "我看到标头写了不实消息已处理",
            "time": "20-1-7 17:46"
        }
    ]
}