{
    "source": {
        "content": "佛罗里达州的Marco岛发生了一件感人的事件：一只狗狗掉进运河，一群海豚便担起了救狗的责任，附近的居民听见海豚的声音，超级大声，出来一看，原来海豚们正驼着狗狗往安全地带游，他们赶紧报警，花了将近15个小时狗狗被消防人员拉出并与主人团聚。感谢附近的居民拍下这一张感人的照片。(BY @牛尔 ） ",
        "time": "13-7-16 08:22",
        "user id": "1549315397",
        "tweet id": "A0fGF8Dr2",
        "label": 1,
        "theme": "社会生活"
    },
    "comment": [
        {
            "comment id": 0,
            "parent": -1,
            "children": [],
            "user id": "1898094787",
            "user name": "婕小嘻嘻",
            "content": " @周晨晨Felixzhou",
            "time": "13-7-17 22:23"
        },
        {
            "comment id": 1,
            "parent": -1,
            "children": [],
            "user id": "1758022885",
            "user name": "秋丫头其实是秋爷",
            "content": "//@嘉的两种幸福ending: 真好，我要去看",
            "time": "13-7-16 15:06"
        },
        {
            "comment id": 2,
            "parent": -1,
            "children": [],
            "user id": "2340909893",
            "user name": "鲨鱼辣椒也",
            "content": "好有爱 大自然",
            "time": "13-7-16 14:44"
        },
        {
            "comment id": 3,
            "parent": -1,
            "children": [],
            "user id": "1768534272",
            "user name": "喵一记",
            "content": "回复@memory1003:猫咪以后掉下去了海豚也会来救的说？",
            "time": "13-7-16 13:48"
        },
        {
            "comment id": 4,
            "parent": -1,
            "children": [],
            "user id": "1206729811",
            "user name": "-还不困-",
            "content": "//@正字儿十八个: 正能量",
            "time": "13-7-16 13:05"
        },
        {
            "comment id": 5,
            "parent": -1,
            "children": [],
            "user id": "3344888750",
            "user name": "FuzzyD",
            "content": "有爱，",
            "time": "13-7-16 12:45"
        },
        {
            "comment id": 6,
            "parent": -1,
            "children": [],
            "user id": "2097634917",
            "user name": "ChristyQing",
            "content": "好有爱！",
            "time": "13-7-16 12:06"
        },
        {
            "comment id": 7,
            "parent": -1,
            "children": [],
            "user id": "2136343463",
            "user name": "平行世界的木琴",
            "content": " @paraponzipopo",
            "time": "13-7-16 11:38"
        },
        {
            "comment id": 8,
            "parent": -1,
            "children": [],
            "user id": "1266205947",
            "user name": "张源升",
            "content": "回复@造型师胡经纬:鸡姐有救了",
            "time": "13-7-16 10:37"
        },
        {
            "comment id": 9,
            "parent": -1,
            "children": [],
            "user id": "1226695655",
            "user name": "胡经纬Gavin",
            "content": " @造型师張源升Eason @一个人_阿 @夏鱼遇冰",
            "time": "13-7-16 10:33"
        },
        {
            "comment id": 10,
            "parent": -1,
            "children": [],
            "user id": "1651337093",
            "user name": "胖小侠II",
            "content": "这是假的，图片是某电影的",
            "time": "13-7-16 10:28"
        },
        {
            "comment id": 11,
            "parent": -1,
            "children": [],
            "user id": "2166487727",
            "user name": "柴悠悠Jazz_in_the_night",
            "content": " @horacethemix",
            "time": "13-7-16 10:02"
        },
        {
            "comment id": 12,
            "parent": -1,
            "children": [],
            "user id": "1958399475",
            "user name": "fampire",
            "content": "好有爱的一幕",
            "time": "13-7-16 09:55"
        },
        {
            "comment id": 13,
            "parent": -1,
            "children": [],
            "user id": "1803533907",
            "user name": "Phylicia8866",
            "content": "海豚湾，狗肉节，这些是人做的事",
            "time": "13-7-16 09:51"
        },
        {
            "comment id": 14,
            "parent": -1,
            "children": [],
            "user id": "1861006611",
            "user name": "希腊日记",
            "content": "",
            "time": "13-7-16 09:50"
        },
        {
            "comment id": 15,
            "parent": -1,
            "children": [],
            "user id": "1863808170",
            "user name": "莫依儿521",
            "content": "@魔兽儿童",
            "time": "13-7-16 09:43"
        },
        {
            "comment id": 16,
            "parent": -1,
            "children": [],
            "user id": "1758323135",
            "user name": "欧洲阿龙",
            "content": " @啡啡加夫QvQ",
            "time": "13-7-16 09:33"
        },
        {
            "comment id": 17,
            "parent": -1,
            "children": [],
            "user id": "1833402003",
            "user name": "crmct",
            "content": "回复@薯仔家族:系罗",
            "time": "13-7-16 09:22"
        },
        {
            "comment id": 18,
            "parent": -1,
            "children": [],
            "user id": "2214207591",
            "user name": "Jack-Kerouac",
            "content": "",
            "time": "13-7-16 09:16"
        },
        {
            "comment id": 19,
            "parent": -1,
            "children": [],
            "user id": "1960883755",
            "user name": "memory1003",
            "content": "@喵一记 海豚好聪明~",
            "time": "13-7-16 09:15"
        },
        {
            "comment id": 20,
            "parent": -1,
            "children": [],
            "user id": "1596545534",
            "user name": "詹宏静",
            "content": "",
            "time": "13-7-16 09:14"
        },
        {
            "comment id": 21,
            "parent": -1,
            "children": [],
            "user id": "2679359084",
            "user name": "小C老H",
            "content": "哇塞，感人。人性。。。惭愧呀",
            "time": "13-7-16 09:02"
        },
        {
            "comment id": 22,
            "parent": -1,
            "children": [],
            "user id": "1723520881",
            "user name": "薯仔家族",
            "content": " @crmct 哇！好叻啊！",
            "time": "13-7-16 08:52"
        },
        {
            "comment id": 23,
            "parent": -1,
            "children": [],
            "user id": "1882449760",
            "user name": "翼儿乐涵",
            "content": "一大早看了好多人吃人的新闻，再看看这个，太治愈系了",
            "time": "13-7-16 08:50"
        },
        {
            "comment id": 24,
            "parent": -1,
            "children": [],
            "user id": "1869247313",
            "user name": "小肉肉妞妞v",
            "content": "",
            "time": "13-7-16 08:38"
        },
        {
            "comment id": 25,
            "parent": -1,
            "children": [],
            "user id": "1751899654",
            "user name": "阿雯雯小姐",
            "content": "海豚智商超级高的！！！ //@小皮球球428: //@作作作作作作头丝饿塔棵菜:哇唔",
            "time": "13-7-16 08:34"
        },
        {
            "comment id": 26,
            "parent": -1,
            "children": [],
            "user id": "1658701925",
            "user name": "eila",
            "content": "",
            "time": "13-7-16 08:31"
        },
        {
            "comment id": 27,
            "parent": -1,
            "children": [],
            "user id": "1139869467",
            "user name": "see_by_nicole",
            "content": "",
            "time": "13-7-16 08:29"
        },
        {
            "comment id": 28,
            "parent": -1,
            "children": [],
            "user id": "1927526731",
            "user name": "百合花的四季",
            "content": "太有爱",
            "time": "13-7-16 08:28"
        },
        {
            "comment id": 29,
            "parent": -1,
            "children": [],
            "user id": "1785617565",
            "user name": "繁小城",
            "content": " @小乔Jennifer",
            "time": "13-7-16 08:27"
        },
        {
            "comment id": 30,
            "parent": -1,
            "children": [],
            "user id": "1400420375",
            "user name": "乒乓静子",
            "content": "太友爱了",
            "time": "13-7-16 08:25"
        },
        {
            "comment id": 31,
            "parent": -1,
            "children": [],
            "user id": "1802151504",
            "user name": "angelina新月",
            "content": "好有愛",
            "time": "13-7-16 08:25"
        }
    ]
}