{
    "source": {
        "content": "#旅行正能量#佛罗里达州的Marco岛发生了一件感人的事件：一只狗掉进运河，一群海豚便担起了救狗的责任，附近的居民听见海豚的声音，超级大声，出来一看，原来海豚们正驼着狗狗往安全地带游，他们赶紧报警，花了将近15个小时狗狗被消防人员拉出并与主人团聚。感谢附近的居民拍下这一张感人的照片。 ",
        "time": "13-7-16 08:31",
        "user id": "1241305362",
        "tweet id": "A0fKhpauy",
        "label": 1,
        "theme": "社会生活"
    },
    "comment": [
        {
            "comment id": 0,
            "parent": -1,
            "children": [],
            "user id": "1749909140",
            "user name": "月光下的March20",
            "content": "好有爱",
            "time": "13-7-17 17:47"
        },
        {
            "comment id": 1,
            "parent": -1,
            "children": [],
            "user id": "1178800433",
            "user name": "Alologo",
            "content": "此信息不实",
            "time": "13-7-16 18:46"
        },
        {
            "comment id": 2,
            "parent": -1,
            "children": [],
            "user id": "1864318491",
            "user name": "DJ宋歌-教海鸥飞翔的猫",
            "content": " //@S佳琪琪琪琪琪: 太有爱了没有杀戮就没有伤害，停止吃那些所谓的山珍野味吧，停止那些名贵的外套吧，动物是人类在地球的邻居，也是人类的朋友，拒绝一切与珍稀动物有关的一切！求扩散@何杨 @DJ常军 @歌手-kobe田晟 @DJ宋歌 @Ailsa-3 @白话体育王喆 @chao_w26  @范伟宁Amelia @從菱_開始",
            "time": "13-7-16 13:42"
        },
        {
            "comment id": 3,
            "parent": -1,
            "children": [],
            "user id": "3547278864",
            "user name": "周舒唯一",
            "content": "好有爱。。。我好喜欢它们//@心殇的强仁XI是大暖男: 会一门外语多重要",
            "time": "13-7-16 12:33"
        },
        {
            "comment id": 4,
            "parent": -1,
            "children": [],
            "user id": "1803397963",
            "user name": "独角兽的后裔",
            "content": "亲爱的用户，您所转发的微博：微博正文，已被证实为不实信息；详情查看：网页链接；感谢您对我们工作的支持，清澈微博需要大家共同维护。",
            "time": "13-7-16 12:20"
        },
        {
            "comment id": 5,
            "parent": -1,
            "children": [],
            "user id": "2363237097",
            "user name": "翻唱悠扬",
            "content": "坑爹",
            "time": "13-7-16 12:14"
        },
        {
            "comment id": 6,
            "parent": -1,
            "children": [],
            "user id": "1739662371",
            "user name": "DEAR_JANEJANE",
            "content": "回复@潮逼亨兒:你都可以嘎😁",
            "time": "13-7-16 11:02"
        },
        {
            "comment id": 7,
            "parent": -1,
            "children": [],
            "user id": "1768722642",
            "user name": "Fran_xxx",
            "content": "回复@黄黄珍珍:好帅 好像骑着海豚出海",
            "time": "13-7-16 10:51"
        },
        {
            "comment id": 8,
            "parent": -1,
            "children": [],
            "user id": "1952687470",
            "user name": "ARROWAPPLE",
            "content": "太有爱了",
            "time": "13-7-16 10:13"
        },
        {
            "comment id": 9,
            "parent": -1,
            "children": [],
            "user id": "1711666133",
            "user name": "been-first",
            "content": "尼玛，假的，这是1970年，美国的电影照片，脑残",
            "time": "13-7-16 09:54"
        },
        {
            "comment id": 10,
            "parent": -1,
            "children": [],
            "user id": "1600759233",
            "user name": "开始减肥的胖子",
            "content": "博主删了吧。。这是假新闻。。@江宁公安在线",
            "time": "13-7-16 09:52"
        },
        {
            "comment id": 11,
            "parent": -1,
            "children": [],
            "user id": "2198922810",
            "user name": "单细胞cy3",
            "content": "海豚，放过那条狗，让我骑一个。",
            "time": "13-7-16 09:47"
        },
        {
            "comment id": 12,
            "parent": -1,
            "children": [],
            "user id": "2298413641",
            "user name": "yami紫菜",
            "content": "动物都如此有灵性。感动",
            "time": "13-7-16 09:25"
        },
        {
            "comment id": 13,
            "parent": -1,
            "children": [],
            "user id": "1072551115",
            "user name": "怜卿如雪",
            "content": "@嗨菲SAMA @简单的淳",
            "time": "13-7-16 09:21"
        },
        {
            "comment id": 14,
            "parent": -1,
            "children": [],
            "user id": "2358661914",
            "user name": "田壳壳",
            "content": "",
            "time": "13-7-16 09:14"
        },
        {
            "comment id": 15,
            "parent": -1,
            "children": [],
            "user id": "2254191927",
            "user name": "呵呵呵不喝",
            "content": "海豚",
            "time": "13-7-16 09:12"
        },
        {
            "comment id": 16,
            "parent": -1,
            "children": [],
            "user id": "1930736401",
            "user name": "神牛孩子",
            "content": "感动！",
            "time": "13-7-16 09:12"
        },
        {
            "comment id": 17,
            "parent": -1,
            "children": [],
            "user id": "1851946595",
            "user name": "悠仁宝贝",
            "content": "回复@跳跳跳海:亲，你说对了！是电影的",
            "time": "13-7-16 09:09"
        },
        {
            "comment id": 18,
            "parent": -1,
            "children": [],
            "user id": "1929778524",
            "user name": "Haibara丫头",
            "content": "动物之间尚有善意，人呢？",
            "time": "13-7-16 09:09"
        },
        {
            "comment id": 19,
            "parent": -1,
            "children": [],
            "user id": "1851946595",
            "user name": "悠仁宝贝",
            "content": "假的吧！是不是九几年一部美国电影的剧照，也是讲狗和海豚的故事",
            "time": "13-7-16 09:09"
        },
        {
            "comment id": 20,
            "parent": -1,
            "children": [],
            "user id": "1730190213",
            "user name": "Evil_elf",
            "content": " @nicoomis ",
            "time": "13-7-16 09:07"
        },
        {
            "comment id": 21,
            "parent": -1,
            "children": [],
            "user id": "1223836324",
            "user name": "Lakula",
            "content": "运河、、、海豚。。。。。15个小时·······",
            "time": "13-7-16 09:01"
        },
        {
            "comment id": 22,
            "parent": -1,
            "children": [],
            "user id": "1301287420",
            "user name": "想睡觉的阿墨",
            "content": "[爱心传递]",
            "time": "13-7-16 08:58"
        },
        {
            "comment id": 23,
            "parent": -1,
            "children": [],
            "user id": "2275863504",
            "user name": "Csx88888888",
            "content": "海豚",
            "time": "13-7-16 08:56"
        },
        {
            "comment id": 24,
            "parent": -1,
            "children": [],
            "user id": "1739662371",
            "user name": "DEAR_JANEJANE",
            "content": " @潮逼亨兒 moved",
            "time": "13-7-16 08:56"
        },
        {
            "comment id": 25,
            "parent": -1,
            "children": [],
            "user id": "2632217817",
            "user name": "从不写诗的诗人",
            "content": "在一起！",
            "time": "13-7-16 08:55"
        },
        {
            "comment id": 26,
            "parent": -1,
            "children": [],
            "user id": "2383023585",
            "user name": "爱唐83是战士",
            "content": "要在天朝，狗和海豚会全被吃掉的@-Mr丶船长养成记- @宠物互助北京站",
            "time": "13-7-16 08:52"
        },
        {
            "comment id": 27,
            "parent": -1,
            "children": [],
            "user id": "1879604820",
            "user name": "王若如s",
            "content": "@137729707hdg",
            "time": "13-7-16 08:48"
        },
        {
            "comment id": 28,
            "parent": -1,
            "children": [],
            "user id": "1970914351",
            "user name": "韩熙莹711",
            "content": "",
            "time": "13-7-16 08:46"
        },
        {
            "comment id": 29,
            "parent": -1,
            "children": [],
            "user id": "1892654422",
            "user name": "欧欧想要环游世界",
            "content": "",
            "time": "13-7-16 08:42"
        },
        {
            "comment id": 30,
            "parent": -1,
            "children": [],
            "user id": "1909980330",
            "user name": "Miss林千鄢",
            "content": "",
            "time": "13-7-16 08:42"
        },
        {
            "comment id": 31,
            "parent": -1,
            "children": [],
            "user id": "2054418161",
            "user name": "dxab06",
            "content": "海豚",
            "time": "13-7-16 08:41"
        },
        {
            "comment id": 32,
            "parent": -1,
            "children": [],
            "user id": "1415654242",
            "user name": "齐毅",
            "content": "真友耐!",
            "time": "13-7-16 08:39"
        },
        {
            "comment id": 33,
            "parent": -1,
            "children": [],
            "user id": "1496683427",
            "user name": "香度度",
            "content": "好有爱~~",
            "time": "13-7-16 08:39"
        },
        {
            "comment id": 34,
            "parent": -1,
            "children": [],
            "user id": "2175829072",
            "user name": "杂毛军团的冰昭已创立蛇精病联盟",
            "content": "狗不会游泳？",
            "time": "13-7-16 08:39"
        },
        {
            "comment id": 35,
            "parent": -1,
            "children": [],
            "user id": "1764000217",
            "user name": "我不是羊过",
            "content": "假故事··图是97年一部美国电影··",
            "time": "13-7-16 08:39"
        },
        {
            "comment id": 36,
            "parent": -1,
            "children": [],
            "user id": "2090579082",
            "user name": "summer051215",
            "content": "太有爱，大自然真奇妙",
            "time": "13-7-16 08:38"
        },
        {
            "comment id": 37,
            "parent": -1,
            "children": [],
            "user id": "2404684347",
            "user name": "yx小贺",
            "content": "正能量 关爱动物",
            "time": "13-7-16 08:38"
        },
        {
            "comment id": 38,
            "parent": -1,
            "children": [],
            "user id": "2087015423",
            "user name": "苍孙的日子",
            "content": "转发微博",
            "time": "13-7-16 08:37"
        },
        {
            "comment id": 39,
            "parent": -1,
            "children": [],
            "user id": "1461887487",
            "user name": "小小世界的新家",
            "content": "小日本还捕杀海豚",
            "time": "13-7-16 08:36"
        },
        {
            "comment id": 40,
            "parent": -1,
            "children": [],
            "user id": "3266816404",
            "user name": "范城玮",
            "content": "生命珍贵啊",
            "time": "13-7-16 08:36"
        },
        {
            "comment id": 41,
            "parent": -1,
            "children": [],
            "user id": "1454306571",
            "user name": "逆了个风飞了个扬",
            "content": "很有爱，但是怎么会花15个小时才被拉出呢？",
            "time": "13-7-16 08:35"
        },
        {
            "comment id": 42,
            "parent": -1,
            "children": [],
            "user id": "1759969773",
            "user name": "蚊几蚊几",
            "content": "感动[手套]",
            "time": "13-7-16 08:35"
        },
        {
            "comment id": 43,
            "parent": -1,
            "children": [],
            "user id": "2123024657",
            "user name": "IMA-GINE",
            "content": "@ZhouyixuanO_o",
            "time": "13-7-16 08:33"
        }
    ]
}