{
    "source": {
        "content": "如果可以接受自己也不那么完美，就不用忙着去粉饰了；如果可以承认自己并不那么伟大，就不用急着去证明；如果可以去放弃自己的种种成见，就不用吵着去反驳了；如果可以不在乎别人怎么看自己，就不用哭着去申诉了；如果可以慢半拍，静半刻，低半头，就可以一直微笑了。《喃喃》安 ",
        "time": "13-7-22 23:56",
        "user id": "2609304432",
        "tweet id": "A1gn41tvF",
        "label": 0,
        "theme": "文体娱乐"
    },
    "comment": [
        {
            "comment id": 0,
            "parent": -1,
            "children": [],
            "user id": "2942212893",
            "user name": "小震子子子子子",
            "content": "我可能有些不求上进，习惯了清闲安逸，承载不了太多的寄托",
            "time": "13-12-2 21:55"
        },
        {
            "comment id": 1,
            "parent": -1,
            "children": [],
            "user id": "1864080605",
            "user name": "山间涧木",
            "content": "多多有好心灵鸡汤的",
            "time": "13-10-28 23:52"
        },
        {
            "comment id": 2,
            "parent": -1,
            "children": [],
            "user id": "1654000295",
            "user name": "笨笨吾爱",
            "content": "晚安",
            "time": "13-9-27 23:08"
        },
        {
            "comment id": 3,
            "parent": -1,
            "children": [],
            "user id": "2820291954",
            "user name": "闲坐庭前听落花",
            "content": "转发微博",
            "time": "13-8-30 14:56"
        },
        {
            "comment id": 4,
            "parent": -1,
            "children": [],
            "user id": "2383696370",
            "user name": "成橙-童姥",
            "content": "[呵呵]",
            "time": "13-8-23 14:57"
        },
        {
            "comment id": 5,
            "parent": -1,
            "children": [],
            "user id": "2612074107",
            "user name": "云水禅修",
            "content": "如果可以慢半拍，静半刻，低半头，就可以一直微笑了",
            "time": "13-8-16 07:30"
        },
        {
            "comment id": 6,
            "parent": -1,
            "children": [],
            "user id": "1405962925",
            "user name": "张芮歌-Rico",
            "content": "好文！",
            "time": "13-8-9 18:28"
        },
        {
            "comment id": 7,
            "parent": -1,
            "children": [],
            "user id": "1433299147",
            "user name": "梓哉自在",
            "content": "呵呵",
            "time": "13-8-2 20:26"
        },
        {
            "comment id": 8,
            "parent": -1,
            "children": [],
            "user id": "2141559085",
            "user name": "zyccapricorn",
            "content": "不慌不忙中，温柔的强大起来。加油。[呵呵]",
            "time": "13-7-29 06:04"
        },
        {
            "comment id": 9,
            "parent": -1,
            "children": [],
            "user id": "1731053597",
            "user name": "Cuute",
            "content": "转发微博",
            "time": "13-7-26 23:30"
        },
        {
            "comment id": 10,
            "parent": -1,
            "children": [],
            "user id": "2457699730",
            "user name": "一起喝奶茶",
            "content": "很多时侯，因觉得图美就这么转了。",
            "time": "13-7-26 21:04"
        },
        {
            "comment id": 11,
            "parent": -1,
            "children": [],
            "user id": "1907335643",
            "user name": "无敌小钻风的地盘",
            "content": "//@经典语录: 如果可以。。。我愿意一直微笑",
            "time": "13-7-26 17:20"
        },
        {
            "comment id": 12,
            "parent": -1,
            "children": [],
            "user id": "1571882804",
            "user name": "颇有微词e",
            "content": "晚安！大家！",
            "time": "13-7-25 23:52"
        },
        {
            "comment id": 13,
            "parent": -1,
            "children": [],
            "user id": "2247083974",
            "user name": "小王小王运气超旺",
            "content": "转发微博",
            "time": "13-7-24 22:00"
        },
        {
            "comment id": 14,
            "parent": -1,
            "children": [],
            "user id": "2174639433",
            "user name": "荷些姐",
            "content": "微笑面对",
            "time": "13-7-24 20:54"
        },
        {
            "comment id": 15,
            "parent": -1,
            "children": [],
            "user id": "1907335643",
            "user name": "无敌小钻风的地盘",
            "content": "//@经典语录: 如果可以。。。我愿意一直微笑",
            "time": "13-7-24 16:34"
        },
        {
            "comment id": 16,
            "parent": -1,
            "children": [],
            "user id": "2728465622",
            "user name": "脏张小宏",
            "content": " //@经典语录:如果可以。。。我愿意一直微笑",
            "time": "13-7-24 08:01"
        },
        {
            "comment id": 17,
            "parent": -1,
            "children": [],
            "user id": "1197331071",
            "user name": "艳阳tian",
            "content": "转发微博",
            "time": "13-7-24 05:50"
        },
        {
            "comment id": 18,
            "parent": -1,
            "children": [],
            "user id": "1476946962",
            "user name": "简雨苏",
            "content": "这个年纪，好朋友是看到了你所有的问题，却不再告诉你应该如何如何。逗你开心，东拉西扯，很二地帮你给自己留一个出口。真是一种幸运。",
            "time": "13-7-23 22:47"
        },
        {
            "comment id": 19,
            "parent": -1,
            "children": [],
            "user id": "1727443230",
            "user name": "困宝Bazzi",
            "content": "受教，我感觉自己又一次提高了，谢谢 //@经典语录:如果可以。。。我愿意一直微笑",
            "time": "13-7-23 22:31"
        },
        {
            "comment id": 20,
            "parent": -1,
            "children": [],
            "user id": "3105591755",
            "user name": "我爱吃苹果Rella恋",
            "content": "追求有时候会委屈自己，学会爱自己多一点",
            "time": "13-7-23 21:15"
        },
        {
            "comment id": 21,
            "parent": -1,
            "children": [],
            "user id": "2313691803",
            "user name": "Januayr-",
            "content": "",
            "time": "13-7-23 11:14"
        },
        {
            "comment id": 22,
            "parent": -1,
            "children": [],
            "user id": "3181549481",
            "user name": "谅的飞羽",
            "content": "回复@阿柳是乖柳:看到，震撼。",
            "time": "13-7-23 10:42"
        },
        {
            "comment id": 23,
            "parent": -1,
            "children": [],
            "user id": "2910998772",
            "user name": "忽如忽如远行",
            "content": "这图真棒！[呵呵]",
            "time": "13-7-23 09:15"
        },
        {
            "comment id": 24,
            "parent": -1,
            "children": [],
            "user id": "1826955732",
            "user name": "Ling_記憶",
            "content": "只有不断地淡定，当世事无再完美。",
            "time": "13-7-23 08:00"
        },
        {
            "comment id": 25,
            "parent": -1,
            "children": [],
            "user id": "1878046203",
            "user name": "泰勒丝超萌",
            "content": "如果真的可以。",
            "time": "13-7-23 07:08"
        },
        {
            "comment id": 26,
            "parent": -1,
            "children": [],
            "user id": "3272742103",
            "user name": "Crazy-Manjusaka",
            "content": "[ali揪耳朵]慢半拍，静半刻，低半头，就可以一直微笑了~~~",
            "time": "13-7-23 05:43"
        },
        {
            "comment id": 27,
            "parent": -1,
            "children": [],
            "user id": "1798992205",
            "user name": "巫山不是呀",
            "content": "如果可以慢半拍，静半刻，低半头，就可以一直微笑了。",
            "time": "13-7-23 02:06"
        },
        {
            "comment id": 28,
            "parent": -1,
            "children": [],
            "user id": "1372091434",
            "user name": "若初am",
            "content": "静下来",
            "time": "13-7-23 01:17"
        },
        {
            "comment id": 29,
            "parent": -1,
            "children": [],
            "user id": "2783080165",
            "user name": "Jane哀莫大于心死",
            "content": "",
            "time": "13-7-23 01:14"
        },
        {
            "comment id": 30,
            "parent": -1,
            "children": [],
            "user id": "1215529962",
            "user name": "糖糖沐洛熙",
            "content": "安",
            "time": "13-7-23 00:35"
        },
        {
            "comment id": 31,
            "parent": -1,
            "children": [],
            "user id": "1985641155",
            "user name": "柳真漂亮",
            "content": " @谅的飞羽 星空",
            "time": "13-7-23 00:32"
        },
        {
            "comment id": 32,
            "parent": -1,
            "children": [],
            "user id": "2305390375",
            "user name": "城堡大大",
            "content": "最后一句",
            "time": "13-7-23 00:27"
        },
        {
            "comment id": 33,
            "parent": -1,
            "children": [],
            "user id": "2987972880",
            "user name": "光华潋滟",
            "content": "如果可以，我就出家了",
            "time": "13-7-23 00:14"
        },
        {
            "comment id": 34,
            "parent": -1,
            "children": [],
            "user id": "3101672107",
            "user name": "苏南薰",
            "content": "如果可以，莫失莫忘",
            "time": "13-7-23 00:09"
        },
        {
            "comment id": 35,
            "parent": -1,
            "children": [],
            "user id": "2405014962",
            "user name": "蟹脚黄",
            "content": "如果可以，就放下执念了。",
            "time": "13-7-23 00:04"
        },
        {
            "comment id": 36,
            "parent": -1,
            "children": [],
            "user id": "3322271862",
            "user name": "记小狗子生活",
            "content": "晚安",
            "time": "13-7-23 00:03"
        },
        {
            "comment id": 37,
            "parent": -1,
            "children": [],
            "user id": "1760547281",
            "user name": "missRainbowbow",
            "content": "不完美的才是真实的。",
            "time": "13-7-23 00:00"
        }
    ]
}