{
    "source": {
        "content": "轉發:今天上午一个三岁多小女孩在龙华大润发超市附近被人拐走了，小女孩能准确说出她爸爸的手机号码，从监控上看是被一个四十多岁男人抱走了，现大人都急疯了，有知情者请告之，万分感谢！看到信息的兄弟姐妹留意一下！联系人郑春蓉13606961118 （幫忙转发）  功德无量 。因為你不冷漠，所以世間溫暖· ",
        "time": "13-7-31 17:44",
        "user id": "1574525494",
        "tweet id": "A2AMquRO9",
        "label": 1,
        "theme": "社会生活"
    },
    "comment": [
        {
            "comment id": 0,
            "parent": -1,
            "children": [],
            "user id": "3141196503",
            "user name": "小阿九121",
            "content": "这个是假新闻,已经辟谣了.",
            "time": "13-8-24 16:49"
        },
        {
            "comment id": 1,
            "parent": -1,
            "children": [],
            "user id": "1580703835",
            "user name": "铁血担心",
            "content": "//@李佐军: 转发微博",
            "time": "13-8-2 09:57"
        },
        {
            "comment id": 2,
            "parent": -1,
            "children": [],
            "user id": "2749331963",
            "user name": "野桑树崖",
            "content": "hi",
            "time": "13-8-1 22:36"
        },
        {
            "comment id": 3,
            "parent": -1,
            "children": [],
            "user id": "1373372302",
            "user name": "ahua10950",
            "content": "回复@铿锵燕:真找到了吗？",
            "time": "13-8-1 19:19"
        },
        {
            "comment id": 4,
            "parent": -1,
            "children": [],
            "user id": "1373372302",
            "user name": "ahua10950",
            "content": "转发微博",
            "time": "13-8-1 19:18"
        },
        {
            "comment id": 5,
            "parent": -1,
            "children": [],
            "user id": "1866552053",
            "user name": "太子嘛嘛",
            "content": "转",
            "time": "13-8-1 04:33"
        },
        {
            "comment id": 6,
            "parent": -1,
            "children": [],
            "user id": "1427884664",
            "user name": "何智强Kenny",
            "content": "靠，这种事让我想起家里的小不点... //@chifeng: //@平凡的香草://@李嵩波: //@张川-致景投资: 转发微博",
            "time": "13-8-1 00:50"
        },
        {
            "comment id": 7,
            "parent": -1,
            "children": [],
            "user id": "1633686175",
            "user name": "古兒浪瓦",
            "content": "[爱心传递]//@曾冠淞: 转发微博",
            "time": "13-8-1 00:30"
        },
        {
            "comment id": 8,
            "parent": -1,
            "children": [],
            "user id": "2646143481",
            "user name": "Kit_Kit_Kittyliu",
            "content": "。。萌总，好不适应这样的微博呢!",
            "time": "13-7-31 23:52"
        },
        {
            "comment id": 9,
            "parent": -1,
            "children": [],
            "user id": "1769972050",
            "user name": "數字攻一枚",
            "content": "//@前任攻略and变变变变: //@aigengaeonsam://@隐身看不到胖胖: //@奶黄宝_: //@庚庚庚你使我无从分辨: //@晓敏等着亲眼看庚哥: //@小迷糊莫离://@小霞想念小毛: //@的的的韩要进精神病院:龙华大润发，好近，父母也该注意了出门在外的，更何况大润发那每天都好多人",
            "time": "13-7-31 23:45"
        },
        {
            "comment id": 10,
            "parent": -1,
            "children": [],
            "user id": "2178473791",
            "user name": "铿锵燕",
            "content": "就发生在周边的事，小女孩早就找到了，怎么又传到你那去了？！",
            "time": "13-7-31 23:43"
        },
        {
            "comment id": 11,
            "parent": -1,
            "children": [],
            "user id": "1614485950",
            "user name": "杨东vs",
            "content": "",
            "time": "13-7-31 22:32"
        },
        {
            "comment id": 12,
            "parent": -1,
            "children": [],
            "user id": "2180784770",
            "user name": "笫漩",
            "content": "提供照片好找",
            "time": "13-7-31 22:24"
        },
        {
            "comment id": 13,
            "parent": -1,
            "children": [],
            "user id": "1708675310",
            "user name": "玲儿响叮当V5",
            "content": "[爱心传递]",
            "time": "13-7-31 22:16"
        },
        {
            "comment id": 14,
            "parent": -1,
            "children": [],
            "user id": "1657289572",
            "user name": "chen070430",
            "content": "转发微博",
            "time": "13-7-31 22:03"
        },
        {
            "comment id": 15,
            "parent": -1,
            "children": [],
            "user id": "1932704401",
            "user name": "月如婉初",
            "content": "噢，多可怜。祝平安。",
            "time": "13-7-31 22:01"
        },
        {
            "comment id": 16,
            "parent": -1,
            "children": [],
            "user id": "1925533262",
            "user name": "城南老刁",
            "content": " //@文和_好运来://@李佐军:转发微博",
            "time": "13-7-31 22:00"
        },
        {
            "comment id": 17,
            "parent": -1,
            "children": [],
            "user id": "1683227333",
            "user name": "逗比码农",
            "content": "转发微博",
            "time": "13-7-31 20:34"
        },
        {
            "comment id": 18,
            "parent": -1,
            "children": [],
            "user id": "1684482523",
            "user name": "微非非",
            "content": "这个是假的，电话都不是深圳的，是漳州的吸费电话",
            "time": "13-7-31 20:10"
        },
        {
            "comment id": 19,
            "parent": -1,
            "children": [],
            "user id": "2158752157",
            "user name": "Ru姐-sz",
            "content": " @小小飞Wang @冷艳玫瑰2012",
            "time": "13-7-31 19:58"
        },
        {
            "comment id": 20,
            "parent": -1,
            "children": [],
            "user id": "1729076850",
            "user name": "布衣若斯",
            "content": "艹",
            "time": "13-7-31 19:43"
        },
        {
            "comment id": 21,
            "parent": -1,
            "children": [],
            "user id": "1878710721",
            "user name": "AT安陶集团---陶陶",
            "content": "楼主是Sb",
            "time": "13-7-31 19:24"
        },
        {
            "comment id": 22,
            "parent": -1,
            "children": [],
            "user id": "1377305733",
            "user name": "翔宇Elton",
            "content": "吸费电话，假的！请核实再发可以么",
            "time": "13-7-31 19:19"
        },
        {
            "comment id": 23,
            "parent": -1,
            "children": [],
            "user id": "1423456347",
            "user name": "得意杨杨的围脖",
            "content": "这是误会导致的假消息",
            "time": "13-7-31 19:06"
        },
        {
            "comment id": 24,
            "parent": -1,
            "children": [],
            "user id": "1835116440",
            "user name": "郑双才",
            "content": "这出现好几次啦，微信上也有",
            "time": "13-7-31 18:59"
        },
        {
            "comment id": 25,
            "parent": -1,
            "children": [],
            "user id": "1649126740",
            "user name": "化城宝所",
            "content": "假的。看看“网络疯传小女孩被拐 原是一场失实的闹剧“。",
            "time": "13-7-31 18:57"
        },
        {
            "comment id": 26,
            "parent": -1,
            "children": [],
            "user id": "1631501663",
            "user name": "跟黄哥学编程",
            "content": "转。",
            "time": "13-7-31 18:53"
        },
        {
            "comment id": 27,
            "parent": -1,
            "children": [],
            "user id": "1444810164",
            "user name": "咖啡糖Q",
            "content": "//@可爱的豌豆粉粉: //@柠檬小小米: 太过分！",
            "time": "13-7-31 18:44"
        },
        {
            "comment id": 28,
            "parent": -1,
            "children": [],
            "user id": "1574927524",
            "user name": "我的105个春天",
            "content": "微信朋友圈拉低智商很明显……",
            "time": "13-7-31 18:35"
        },
        {
            "comment id": 29,
            "parent": -1,
            "children": [],
            "user id": "1870269770",
            "user name": "红火多多猫",
            "content": "回复@温暖三宝:这也能开玩笑，什么人都有！就当度他们一程吧〜🙏🙏🙏",
            "time": "13-7-31 18:24"
        },
        {
            "comment id": 30,
            "parent": -1,
            "children": [],
            "user id": "1337040644",
            "user name": "小天天",
            "content": "回复@温暖三宝:……转发的兄弟看看",
            "time": "13-7-31 18:18"
        },
        {
            "comment id": 31,
            "parent": -1,
            "children": [],
            "user id": "1664531204",
            "user name": "牧狼人云杰",
            "content": "转！",
            "time": "13-7-31 18:17"
        },
        {
            "comment id": 32,
            "parent": -1,
            "children": [],
            "user id": "1734654993",
            "user name": "小肥他爸爸-美玉",
            "content": "赶快报警！！//@李佐军: 转发微博",
            "time": "13-7-31 18:12"
        },
        {
            "comment id": 33,
            "parent": -1,
            "children": [],
            "user id": "1284341950",
            "user name": "温暖三宝",
            "content": "为了证实该求助消息的真伪，记者给郑女士的电话号码发信息留言，希望可以帮其找寻孩子。没过多久，郑女士主动打电话给记者，并告知此次寻人求助纯属闹剧一场，都是她的同学好心办了坏事。网页链接",
            "time": "13-7-31 18:11"
        },
        {
            "comment id": 34,
            "parent": -1,
            "children": [],
            "user id": "1919516731",
            "user name": "凉凉三生恍然如梦",
            "content": "拐卖婴幼儿和妇女的人应该一律处以极刑！//@张川-致景投资: 转发微博",
            "time": "13-7-31 18:10"
        },
        {
            "comment id": 35,
            "parent": -1,
            "children": [],
            "user id": "1746309263",
            "user name": "小旋同学xx",
            "content": "离我很近哟",
            "time": "13-7-31 18:02"
        },
        {
            "comment id": 36,
            "parent": -1,
            "children": [],
            "user id": "2090431781",
            "user name": "东北大妈闲逛逛",
            "content": "假的吧，昨天还是在我们这大润发丢的呢，一模一样",
            "time": "13-7-31 17:59"
        },
        {
            "comment id": 37,
            "parent": -1,
            "children": [],
            "user id": "1497212592",
            "user name": "森林白噪音",
            "content": "转",
            "time": "13-7-31 17:58"
        },
        {
            "comment id": 38,
            "parent": -1,
            "children": [],
            "user id": "1513937941",
            "user name": "君悦子兰",
            "content": "帮转 !",
            "time": "13-7-31 17:57"
        },
        {
            "comment id": 39,
            "parent": -1,
            "children": [],
            "user id": "1775864205",
            "user name": "福宝家家爱68",
            "content": "转发微博",
            "time": "13-7-31 17:57"
        },
        {
            "comment id": 40,
            "parent": -1,
            "children": [],
            "user id": "1658942091",
            "user name": "可爱的豌豆粉粉",
            "content": "//@柠檬小小米: 太过分！",
            "time": "13-7-31 17:57"
        },
        {
            "comment id": 41,
            "parent": -1,
            "children": [],
            "user id": "1224900857",
            "user name": "马跃成",
            "content": "发张照片！",
            "time": "13-7-31 17:56"
        },
        {
            "comment id": 42,
            "parent": -1,
            "children": [],
            "user id": "3254788957",
            "user name": "逆转高血压15313082668",
            "content": "拐孩子的畜生！//@李佐军: 转发微博",
            "time": "13-7-31 17:54"
        },
        {
            "comment id": 43,
            "parent": -1,
            "children": [],
            "user id": "2092500315",
            "user name": "-杨利利-",
            "content": "//@李佐军: 转发微博",
            "time": "13-7-31 17:53"
        },
        {
            "comment id": 44,
            "parent": -1,
            "children": [],
            "user id": "1659419091",
            "user name": "pink-red-blue",
            "content": "回复@王喆1212:最近我朋友圈里也经常看到",
            "time": "13-7-31 17:50"
        },
        {
            "comment id": 45,
            "parent": -1,
            "children": [],
            "user id": "1681448251",
            "user name": "赛博没有猫",
            "content": "龙华大润发，好近，父母也该注意了出门在外的，更何况大润发那每天都好多人",
            "time": "13-7-31 17:49"
        },
        {
            "comment id": 46,
            "parent": -1,
            "children": [],
            "user id": "1762549507",
            "user name": "高浓度乙醚",
            "content": "你上当了，吉吉，是假的!",
            "time": "13-7-31 17:49"
        },
        {
            "comment id": 47,
            "parent": -1,
            "children": [],
            "user id": "2199776253",
            "user name": "浅唱梦回",
            "content": "",
            "time": "13-7-31 17:49"
        },
        {
            "comment id": 48,
            "parent": -1,
            "children": [],
            "user id": "1574525494",
            "user name": "王喆1212",
            "content": "回复@pink-blue-red:朋友今天发的",
            "time": "13-7-31 17:49"
        },
        {
            "comment id": 49,
            "parent": -1,
            "children": [],
            "user id": "1659419091",
            "user name": "pink-red-blue",
            "content": "老王很久之前的好像",
            "time": "13-7-31 17:48"
        },
        {
            "comment id": 50,
            "parent": -1,
            "children": [],
            "user id": "2431990062",
            "user name": "阳光明媚的吃瓜群众",
            "content": "",
            "time": "13-7-31 17:47"
        },
        {
            "comment id": 51,
            "parent": -1,
            "children": [],
            "user id": "2661298321",
            "user name": "李佐军",
            "content": "转发微博",
            "time": "13-7-31 17:45"
        }
    ]
}