{
    "source": {
        "content": "#越南乳瓜#神奇的越南乳瓜，神似女性的乳房，颜色略呈粉色。乳瓜成熟果实含葡萄糖、果糖、蔗糖、胡萝卜素、维生素C、酒石酸、枸椽酸、苹果酸等。未成熟果实的汁液中含多量的乳瓜蛋白酶、脂肪酶。营养价值也很高。可是这样的瓜你敢吃吗 ",
        "time": "13-8-2 14:47",
        "user id": "2831338425",
        "tweet id": "A2StHlz6j",
        "label": 1,
        "theme": "医药健康"
    },
    "comment": [
        {
            "comment id": 0,
            "parent": -1,
            "children": [],
            "user id": "5878659096",
            "user name": "超话社区",
            "content": "你好，你感兴趣的“越南乳瓜”已开通了超话社区～ 超话社区是微博旗下兴趣互动社区，快来与志同道合的小伙伴们一起交流互动吧！ 戳我进入>> 越南乳瓜超话",
            "time": "22-4-13 11:52"
        },
        {
            "comment id": 1,
            "parent": -1,
            "children": [],
            "user id": "1061759044",
            "user name": "顺心1061759044",
            "content": "[做鬼脸]",
            "time": "13-8-18 11:40"
        },
        {
            "comment id": 2,
            "parent": -1,
            "children": [],
            "user id": "1061759044",
            "user name": "顺心1061759044",
            "content": "",
            "time": "13-8-18 11:39"
        },
        {
            "comment id": 3,
            "parent": -1,
            "children": [],
            "user id": "2275488242",
            "user name": "华丽D包包",
            "content": "回复@_muddy_tASikanAKotO:揍你噢",
            "time": "13-8-11 16:28"
        },
        {
            "comment id": 4,
            "parent": -1,
            "children": [],
            "user id": "2116790795",
            "user name": "赵先森和杨吕仕2013",
            "content": "回复@杨32女郎:还挺恶心",
            "time": "13-8-4 08:03"
        },
        {
            "comment id": 5,
            "parent": -1,
            "children": [],
            "user id": "2203457501",
            "user name": "萌小fan",
            "content": "好奇葩",
            "time": "13-8-3 18:43"
        },
        {
            "comment id": 6,
            "parent": -1,
            "children": [],
            "user id": "2400310790",
            "user name": "Ys-要努力",
            "content": "回复@肥是软绵绵:他是硬的，怎么下垂。。",
            "time": "13-8-3 14:57"
        },
        {
            "comment id": 7,
            "parent": -1,
            "children": [],
            "user id": "2463345705",
            "user name": "灯蛾烈火",
            "content": "送到中共官员办公室里吧，便于领导YY。",
            "time": "13-8-3 14:03"
        },
        {
            "comment id": 8,
            "parent": -1,
            "children": [],
            "user id": "2550220633",
            "user name": "智慧闻",
            "content": "回复@老金回家XD钱包准备撸一发:酷似你的形",
            "time": "13-8-3 13:18"
        },
        {
            "comment id": 9,
            "parent": -1,
            "children": [],
            "user id": "1946338113",
            "user name": "野野野野",
            "content": "回复@杜小狂躁皮:不好意思 回错了啊",
            "time": "13-8-3 12:05"
        },
        {
            "comment id": 10,
            "parent": -1,
            "children": [],
            "user id": "1946338113",
            "user name": "野野野野",
            "content": "回复@夢不灭:草 回复错了",
            "time": "13-8-3 12:04"
        },
        {
            "comment id": 11,
            "parent": -1,
            "children": [],
            "user id": "1946338113",
            "user name": "野野野野",
            "content": "回复@杜小狂躁皮:好吃 muamuamua",
            "time": "13-8-3 12:04"
        },
        {
            "comment id": 12,
            "parent": -1,
            "children": [],
            "user id": "1820515633",
            "user name": "杜大宝子",
            "content": "回复@闪电侠和三位数:",
            "time": "13-8-3 12:00"
        },
        {
            "comment id": 13,
            "parent": -1,
            "children": [],
            "user id": "1847836733",
            "user name": "大梦姐的翻糖小世界",
            "content": "@野野野野 @偲仔",
            "time": "13-8-3 11:59"
        },
        {
            "comment id": 14,
            "parent": -1,
            "children": [],
            "user id": "2095775964",
            "user name": "ooooolal",
            "content": "回复@Zzs757:",
            "time": "13-8-3 11:57"
        },
        {
            "comment id": 15,
            "parent": -1,
            "children": [],
            "user id": "2442876471",
            "user name": "WANGYT-Q",
            "content": "回复@吃干发帽的鬼:你应该喜欢的",
            "time": "13-8-3 11:30"
        },
        {
            "comment id": 16,
            "parent": -1,
            "children": [],
            "user id": "2376227157",
            "user name": "Lu酱____",
            "content": "回复@红豆ar抹茶:好似啊~~哈哈哈",
            "time": "13-8-3 11:21"
        },
        {
            "comment id": 17,
            "parent": -1,
            "children": [],
            "user id": "1891545202",
            "user name": "琼鱼L",
            "content": "回复@7j_已为人妻:",
            "time": "13-8-3 11:01"
        },
        {
            "comment id": 18,
            "parent": -1,
            "children": [],
            "user id": "3229460040",
            "user name": "A阿珲hui",
            "content": "这些都是人造制品。它们由来自河静省的28岁艺术家阮氏怀诗创作。她使用了硅和合成材料。并且，每一个“果实”的形体都是由手工精雕细琢完成。现装置于歌德咖啡馆……",
            "time": "13-8-3 10:56"
        },
        {
            "comment id": 19,
            "parent": -1,
            "children": [],
            "user id": "1774474125",
            "user name": "lady7j_",
            "content": "回复@大岛Gary:",
            "time": "13-8-3 10:55"
        },
        {
            "comment id": 20,
            "parent": -1,
            "children": [],
            "user id": "3504244703",
            "user name": "風箏ha",
            "content": "",
            "time": "13-8-3 10:50"
        },
        {
            "comment id": 21,
            "parent": -1,
            "children": [],
            "user id": "2621744235",
            "user name": "郑阿巍",
            "content": "回复@perfunctory_____:忍不住摸摸胸",
            "time": "13-8-3 10:31"
        },
        {
            "comment id": 22,
            "parent": -1,
            "children": [],
            "user id": "1197568923",
            "user name": "浅薄小青年",
            "content": "#越南乳瓜# @NCIS短暂的永恒 喜欢不？？ 详情:查看话题详情",
            "time": "13-8-3 10:27"
        },
        {
            "comment id": 23,
            "parent": -1,
            "children": [],
            "user id": "1849414397",
            "user name": "吃干发帽的鬼",
            "content": "回复@Fatastic-Queenie:你妹",
            "time": "13-8-3 10:25"
        },
        {
            "comment id": 24,
            "parent": -1,
            "children": [],
            "user id": "1735936895",
            "user name": "李不懂真的不懂",
            "content": "#越南乳瓜# 矮马吓死爹了·····这玩意放砧板上切下去肯定会有种身体异样的感觉···· 详情:查看话题详情",
            "time": "13-8-3 10:22"
        },
        {
            "comment id": 25,
            "parent": -1,
            "children": [],
            "user id": "1981832681",
            "user name": "Bunny_CC621",
            "content": "回复@孙喵喵果星人:haha,對呀，他們真無聊 来自话题#越南乳瓜# 查看话题详情",
            "time": "13-8-3 10:18"
        },
        {
            "comment id": 26,
            "parent": -1,
            "children": [],
            "user id": "2607522155",
            "user name": "灿灿901202",
            "content": "不是合成的吗",
            "time": "13-8-3 10:17"
        },
        {
            "comment id": 27,
            "parent": -1,
            "children": [],
            "user id": "1891545202",
            "user name": "琼鱼L",
            "content": "@7j_已为人妻 来自话题#越南乳瓜# 查看话题详情",
            "time": "13-8-3 10:14"
        },
        {
            "comment id": 28,
            "parent": -1,
            "children": [],
            "user id": "1804281240",
            "user name": "斯诺登Snowden-",
            "content": "你在哪里搞的这些：“营养”越南乳瓜只是一种艺术品，你可以吃？ 来自话题#越南乳瓜# 查看话题详情",
            "time": "13-8-3 10:14"
        },
        {
            "comment id": 29,
            "parent": -1,
            "children": [],
            "user id": "1311093142",
            "user name": "GCWR",
            "content": "#越南乳瓜# 我操！！！！！！！！！！！！！！！疯了！！！！ 详情:查看话题详情",
            "time": "13-8-3 10:12"
        },
        {
            "comment id": 30,
            "parent": -1,
            "children": [],
            "user id": "1737435063",
            "user name": "莫名反击D",
            "content": "靠 真的好像啊@杜小狂躁皮 来自话题#越南乳瓜# 查看话题详情",
            "time": "13-8-3 10:11"
        },
        {
            "comment id": 31,
            "parent": -1,
            "children": [],
            "user id": "2421472863",
            "user name": "深海熊",
            "content": " 来自话题#越南乳瓜# 查看话题详情",
            "time": "13-8-3 10:11"
        },
        {
            "comment id": 32,
            "parent": -1,
            "children": [],
            "user id": "3591658344",
            "user name": "小孟儿的微博",
            "content": "回复@王小小颗:外国的东西都很怪...",
            "time": "13-8-3 10:10"
        },
        {
            "comment id": 33,
            "parent": -1,
            "children": [],
            "user id": "2842237320",
            "user name": "Jesus爱faony",
            "content": "#越南乳瓜# 转发微博 话题详情:查看话题详情",
            "time": "13-8-3 10:08"
        },
        {
            "comment id": 34,
            "parent": -1,
            "children": [],
            "user id": "2177496004",
            "user name": "TeaWithYou和你饮茶",
            "content": "@Lu酱____  哈哈 来自话题#越南乳瓜# 查看话题详情",
            "time": "13-8-3 09:49"
        },
        {
            "comment id": 35,
            "parent": -1,
            "children": [],
            "user id": "2159565500",
            "user name": "Diego爸爸陈一铭",
            "content": "@小葵的稲荷 来自话题#越南乳瓜# 查看话题详情",
            "time": "13-8-3 09:48"
        },
        {
            "comment id": 36,
            "parent": -1,
            "children": [],
            "user id": "1827149602",
            "user name": "ETF少秋",
            "content": "这他妈也太像了 来自话题#越南乳瓜# 查看话题详情",
            "time": "13-8-3 09:47"
        },
        {
            "comment id": 37,
            "parent": -1,
            "children": [],
            "user id": "2092116537",
            "user name": "过期小朋友金金金",
            "content": "你敢吃吗 来自话题#越南乳瓜# 查看话题详情",
            "time": "13-8-3 09:45"
        },
        {
            "comment id": 38,
            "parent": -1,
            "children": [],
            "user id": "1930071431",
            "user name": "ASW1101",
            "content": " @Lech丶",
            "time": "13-8-3 09:45"
        },
        {
            "comment id": 39,
            "parent": -1,
            "children": [],
            "user id": "1271459242",
            "user name": "风光摄影施",
            "content": "#越南乳瓜# @李务本堂 @和你在一起 这个是李大师的口味吗？真tm的像啊！ 详情:查看话题详情",
            "time": "13-8-3 09:43"
        },
        {
            "comment id": 40,
            "parent": -1,
            "children": [],
            "user id": "2485674542",
            "user name": "李一二零一三",
            "content": "#越南乳瓜# 上帝也有颗无厘头的心 详情:查看话题详情",
            "time": "13-8-3 09:41"
        },
        {
            "comment id": 41,
            "parent": -1,
            "children": [],
            "user id": "2454271484",
            "user name": "赵heetun",
            "content": "回复@闻闻闻wzh:我吃你的就行了",
            "time": "13-8-3 09:39"
        },
        {
            "comment id": 42,
            "parent": -1,
            "children": [],
            "user id": "2254621623",
            "user name": "_秧宝_",
            "content": "乳瓜并不是一种植物，而是出自于一位艺术家之手的艺术平品，造型独特，思维开放。  这是一种丝瓜蔓藤状的“植物”。它被塑造成女性乳房那样的形状，装置于歌德咖啡馆。",
            "time": "13-8-3 08:53"
        },
        {
            "comment id": 43,
            "parent": -1,
            "children": [],
            "user id": "1767168241",
            "user name": "我的暗涌流年",
            "content": "天 好重口味",
            "time": "13-8-3 08:33"
        },
        {
            "comment id": 44,
            "parent": -1,
            "children": [],
            "user id": "1770025764",
            "user name": "大嘴巴蛙",
            "content": "垂的太厉害了",
            "time": "13-8-3 08:32"
        },
        {
            "comment id": 45,
            "parent": -1,
            "children": [],
            "user id": "2264137035",
            "user name": "樑先生MR",
            "content": "回复@四人帮小帮主yly:好神奇！神圣而不可摧毁！",
            "time": "13-8-3 08:30"
        },
        {
            "comment id": 46,
            "parent": -1,
            "children": [],
            "user id": "2428347693",
            "user name": "肥是软绵绵",
            "content": "回复@Ys-割鸡割鸡割鸡割鸡割鸡割鸡:我靠。。。他不会下垂吧",
            "time": "13-8-3 08:00"
        },
        {
            "comment id": 47,
            "parent": -1,
            "children": [],
            "user id": "2150877341",
            "user name": "小披风131",
            "content": "回复@洛初Tequila:这个可以吃",
            "time": "13-8-3 07:58"
        },
        {
            "comment id": 48,
            "parent": -1,
            "children": [],
            "user id": "1580756970",
            "user name": "拨屎少年",
            "content": "瞎亮我的眼",
            "time": "13-8-3 07:46"
        },
        {
            "comment id": 49,
            "parent": -1,
            "children": [],
            "user id": "3691166485",
            "user name": "新华点评",
            "content": "开眼界了 来自话题#越南乳瓜# 查看话题详情",
            "time": "13-8-3 07:42"
        },
        {
            "comment id": 50,
            "parent": -1,
            "children": [],
            "user id": "1763593014",
            "user name": "秋秋初夏721",
            "content": "有什么不敢吃的  有没毒",
            "time": "13-8-3 07:39"
        },
        {
            "comment id": 51,
            "parent": -1,
            "children": [],
            "user id": "2400310790",
            "user name": "Ys-要努力",
            "content": " @姓Yu的怪蜀黍 你会吃么。。@肥是软绵绵 你看看人家植物都这么。。目测下",
            "time": "13-8-3 07:29"
        },
        {
            "comment id": 52,
            "parent": -1,
            "children": [],
            "user id": "1745136201",
            "user name": "lokkklok",
            "content": " @中州凉 [震惊]敢吃吗",
            "time": "13-8-3 07:29"
        },
        {
            "comment id": 53,
            "parent": -1,
            "children": [],
            "user id": "1931988151",
            "user name": "-Sunny阿晶",
            "content": "恶心死了",
            "time": "13-8-3 07:28"
        },
        {
            "comment id": 54,
            "parent": -1,
            "children": [],
            "user id": "2480946960",
            "user name": "爱穿棉袜的小猪",
            "content": " @DrFeng2008",
            "time": "13-8-3 06:56"
        },
        {
            "comment id": 55,
            "parent": -1,
            "children": [],
            "user id": "1543584363",
            "user name": "向日葵kiki",
            "content": " @瑞塔希尔",
            "time": "13-8-3 06:50"
        },
        {
            "comment id": 56,
            "parent": -1,
            "children": [],
            "user id": "3666289000",
            "user name": "夜夜缠绵4",
            "content": "看着这瓜打飞机估计可以",
            "time": "13-8-3 06:34"
        },
        {
            "comment id": 57,
            "parent": -1,
            "children": [],
            "user id": "2138402300",
            "user name": "白糖黑",
            "content": "[震惊]惊一跳，一句老话:世界之大无奇不有",
            "time": "13-8-3 06:22"
        },
        {
            "comment id": 58,
            "parent": -1,
            "children": [],
            "user id": "1286209891",
            "user name": "瓶盖",
            "content": " @瓶小姐的先生",
            "time": "13-8-3 06:22"
        },
        {
            "comment id": 59,
            "parent": -1,
            "children": [],
            "user id": "2238394023",
            "user name": "活在梦里的小阿飞",
            "content": "要吐了@不吃早餐是一件很嘻哈的事@冬-師郎",
            "time": "13-8-3 06:15"
        },
        {
            "comment id": 60,
            "parent": -1,
            "children": [],
            "user id": "2152920861",
            "user name": "_muddy_tASikanAKotO",
            "content": "  @华丽D包包 @小白兔奶糖y 以形补形 ",
            "time": "13-8-3 05:54"
        },
        {
            "comment id": 61,
            "parent": -1,
            "children": [],
            "user id": "1980842571",
            "user name": "春末夏初0",
            "content": "又出现了一种奇葩的植物！",
            "time": "13-8-3 05:46"
        },
        {
            "comment id": 62,
            "parent": -1,
            "children": [],
            "user id": "2550220633",
            "user name": "智慧闻",
            "content": " @老金回家XD钱包准备撸一发",
            "time": "13-8-3 04:58"
        },
        {
            "comment id": 63,
            "parent": -1,
            "children": [],
            "user id": "3667705720",
            "user name": "随云漂泊的云",
            "content": "#越南乳瓜# 转发微博 话题详情:查看话题详情",
            "time": "13-8-3 04:56"
        },
        {
            "comment id": 64,
            "parent": -1,
            "children": [],
            "user id": "2390836447",
            "user name": "舞斑蝶韵",
            "content": "喏～",
            "time": "13-8-3 04:13"
        },
        {
            "comment id": 65,
            "parent": -1,
            "children": [],
            "user id": "2277496175",
            "user name": "傻瓜一样去爱D",
            "content": "这样子的也有呀，是科学培育的吗，还是原生态的，无奇不有呀",
            "time": "13-8-3 02:54"
        },
        {
            "comment id": 66,
            "parent": -1,
            "children": [],
            "user id": "3556201854",
            "user name": "蓝帼帼",
            "content": "胸部下垂。",
            "time": "13-8-3 02:27"
        },
        {
            "comment id": 67,
            "parent": -1,
            "children": [],
            "user id": "2794217611",
            "user name": "明明在盯我",
            "content": " @LuckY嘉嘉 你快看",
            "time": "13-8-3 02:27"
        },
        {
            "comment id": 68,
            "parent": -1,
            "children": [],
            "user id": "2173178265",
            "user name": "楠哥哥biubiubiu",
            "content": "回复@KrysterV:吐了",
            "time": "13-8-3 02:14"
        },
        {
            "comment id": 69,
            "parent": -1,
            "children": [],
            "user id": "2924972217",
            "user name": "leeyanlamk",
            "content": " @俾心机读书啊啊啊 。。。。",
            "time": "13-8-3 02:09"
        },
        {
            "comment id": 70,
            "parent": -1,
            "children": [],
            "user id": "1750776262",
            "user name": "马豹豹",
            "content": "回复@我是xx我怕鬼:我少儿可以不嘛。是你要ju得嘛！楞个恶心的女人！别个营养还楞个高！你在哪个屋躺起的？",
            "time": "13-8-3 02:01"
        },
        {
            "comment id": 71,
            "parent": -1,
            "children": [],
            "user id": "2068994675",
            "user name": "吐吐吐吐匪",
            "content": "回复@马珊珊不是马姗姗:你男的迈？反正你自己都有！你给我买",
            "time": "13-8-3 01:59"
        },
        {
            "comment id": 72,
            "parent": -1,
            "children": [],
            "user id": "1750776262",
            "user name": "马豹豹",
            "content": "回复@我是xx我怕鬼:你ju噻，没看到别个要来中国迈🙈🙈🙈少儿不宜呀。",
            "time": "13-8-3 01:58"
        },
        {
            "comment id": 73,
            "parent": -1,
            "children": [],
            "user id": "2068994675",
            "user name": "吐吐吐吐匪",
            "content": "回复@马珊珊不是马姗姗:咀奶",
            "time": "13-8-3 01:57"
        },
        {
            "comment id": 74,
            "parent": -1,
            "children": [],
            "user id": "1750776262",
            "user name": "马豹豹",
            "content": " @我是xx我怕鬼 🙈🙈🙈",
            "time": "13-8-3 01:54"
        },
        {
            "comment id": 75,
            "parent": -1,
            "children": [],
            "user id": "3516262675",
            "user name": "茂名醒目仔",
            "content": "是真图不，有点怀疑?",
            "time": "13-8-3 01:07"
        },
        {
            "comment id": 76,
            "parent": -1,
            "children": [],
            "user id": "1855595055",
            "user name": "菜头头快爆了",
            "content": "@Wu_捷润 ",
            "time": "13-8-3 00:38"
        },
        {
            "comment id": 77,
            "parent": -1,
            "children": [],
            "user id": "1707798423",
            "user name": "勒是雾都十八梯",
            "content": "回复@in-sen:粗俗。外表多好看得，啷个说话嫩个……",
            "time": "13-8-2 23:52"
        },
        {
            "comment id": 78,
            "parent": -1,
            "children": [],
            "user id": "1875696697",
            "user name": "泰迪猪仔",
            "content": "水果打什么马赛克啊，考",
            "time": "13-8-2 23:52"
        },
        {
            "comment id": 79,
            "parent": -1,
            "children": [],
            "user id": "2244678843",
            "user name": "启铭at工地",
            "content": "回复@曾隆隆ZERO:有什么不敢的",
            "time": "13-8-2 23:51"
        }
    ]
}