{
    "source": {
        "content": "@熊猫说天下 【“越南乳瓜”来了 你敢吃么？】神奇的越南乳瓜，神似女性的乳房，颜色呈粉色。乳瓜成熟果实含葡萄糖、果糖、蔗糖、胡萝卜素、维生素C、酒石酸、枸椽酸、苹果酸等。营养价值也很高。预计适当时间这种瓜果会大量进入中国市场，流入千家万户的餐桌。越南乳瓜你敢吃吗？ ",
        "time": "13-8-3 14:00",
        "user id": "1704696283",
        "tweet id": "A31AXBCNc",
        "label": 1,
        "theme": "医药健康"
    },
    "comment": [
        {
            "comment id": 0,
            "parent": -1,
            "children": [],
            "user id": "1749249217",
            "user name": "Guliwills",
            "content": "回复@一个人的好天气V:是你种的吧！",
            "time": "13-8-4 09:43"
        },
        {
            "comment id": 1,
            "parent": -1,
            "children": [],
            "user id": "2286487444",
            "user name": "请输入用户名__________",
            "content": "回复@陈-生--:帮我问问朱哥要买什么？？快",
            "time": "13-8-3 19:32"
        },
        {
            "comment id": 2,
            "parent": -1,
            "children": [],
            "user id": "2313910294",
            "user name": "柠檬不酸啊-",
            "content": "回复@请shu入用户名:大旧吃",
            "time": "13-8-3 19:29"
        },
        {
            "comment id": 3,
            "parent": -1,
            "children": [],
            "user id": "1763794322",
            "user name": "喵的人畜无害",
            "content": "吓屎了……这造型",
            "time": "13-8-3 15:30"
        },
        {
            "comment id": 4,
            "parent": -1,
            "children": [],
            "user id": "2045135697",
            "user name": "xiaoxihu2020",
            "content": "回复@Shirley還是SJX:好爽啊",
            "time": "13-8-3 15:23"
        },
        {
            "comment id": 5,
            "parent": -1,
            "children": [],
            "user id": "2639982347",
            "user name": "吃飯不要吧唧嘴啊",
            "content": "這個太逆天了。。。。。 有点看不下去了  。。。。。。 [囧][囧][囧][囧][囧] 太重口味了  。。。。。。。。。。。。 @ting-黃玉婷 @儭-ZQ清 @HUANG-鑫鑫 @Riczok_小丑 @芮子方",
            "time": "13-8-3 15:18"
        },
        {
            "comment id": 6,
            "parent": -1,
            "children": [],
            "user id": "1603005080",
            "user name": "Shirley還是SJX",
            "content": " @xiaoxihu2020 你可以吃",
            "time": "13-8-3 14:48"
        },
        {
            "comment id": 7,
            "parent": -1,
            "children": [],
            "user id": "1341096497",
            "user name": "一个人的好天气V",
            "content": " @Guliwills ",
            "time": "13-8-3 14:21"
        },
        {
            "comment id": 8,
            "parent": -1,
            "children": [],
            "user id": "2286487444",
            "user name": "请输入用户名__________",
            "content": " @IamAFooLishMan_ 哈哈哈！乳瓜",
            "time": "13-8-3 14:07"
        },
        {
            "comment id": 9,
            "parent": -1,
            "children": [],
            "user id": "2286487444",
            "user name": "请输入用户名__________",
            "content": " @陈-生-- @只杰桌面没有快播",
            "time": "13-8-3 14:06"
        },
        {
            "comment id": 10,
            "parent": -1,
            "children": [],
            "user id": "2019222441",
            "user name": "小小小小丶小草莓",
            "content": " @SsssYhhh",
            "time": "13-8-3 14:04"
        },
        {
            "comment id": 11,
            "parent": -1,
            "children": [],
            "user id": "3310688631",
            "user name": "orkeelan",
            "content": "进来中国后再说吧，怎么着也嘚见识见识",
            "time": "13-8-3 14:04"
        }
    ]
}