{
    "source": {
        "content": "饮可口可乐，毒過眼鏡蛇]，  一位中国游客在泰国旅游的时候，吃了很多榴莲之后又喝了可乐，致咖啡因中毒血压飙升，结果引发心脏病猝死，泰国有明确规定，食用大量榴莲后，8小时之内是不能饮可口可乐的！爱榴莲的朋友很多，看到了就转发提醒一下! 知道都转.让所有人都知道！ ",
        "time": "13-8-6 08:11",
        "user id": "2423648853",
        "tweet id": "A3rAUDHpV",
        "label": 1,
        "theme": "医药健康"
    },
    "comment": [
        {
            "comment id": 0,
            "parent": -1,
            "children": [],
            "user id": "2281536522",
            "user name": "Fisher哦",
            "content": "回复@-小家偉:麻麻地啦，村长训后未",
            "time": "13-8-7 00:08"
        },
        {
            "comment id": 1,
            "parent": -1,
            "children": [],
            "user id": "2102730442",
            "user name": "蒜香咸鱼焖番茄",
            "content": "回复@好似系建军:榴莲好食哦",
            "time": "13-8-6 23:53"
        },
        {
            "comment id": 2,
            "parent": -1,
            "children": [],
            "user id": "1770794760",
            "user name": "岑枣贤",
            "content": "回复@__瑶瑶君:我也好想！！！！",
            "time": "13-8-6 16:55"
        },
        {
            "comment id": 3,
            "parent": -1,
            "children": [],
            "user id": "1927890987",
            "user name": "Blacack_",
            "content": "回覆@carolbe:你可以试下。",
            "time": "13-8-6 16:06"
        },
        {
            "comment id": 4,
            "parent": -1,
            "children": [],
            "user id": "2183004372",
            "user name": "鸡腿子糊了",
            "content": "好想吃榴莲@KhunChien",
            "time": "13-8-6 15:09"
        },
        {
            "comment id": 5,
            "parent": -1,
            "children": [],
            "user id": "1864455370",
            "user name": "你可以叫我栗",
            "content": " @李陈梓珊",
            "time": "13-8-6 13:35"
        },
        {
            "comment id": 6,
            "parent": -1,
            "children": [],
            "user id": "1774964195",
            "user name": "carolbe",
            "content": "回复@Lu-wn:有这回事？",
            "time": "13-8-6 12:56"
        },
        {
            "comment id": 7,
            "parent": -1,
            "children": [],
            "user id": "2102730442",
            "user name": "蒜香咸鱼焖番茄",
            "content": "回复@_超越陈德勇:嗯",
            "time": "13-8-6 12:23"
        },
        {
            "comment id": 8,
            "parent": -1,
            "children": [],
            "user id": "2423648853",
            "user name": "陈德勇-",
            "content": "回复@-小家偉:注意啊兄弟",
            "time": "13-8-6 12:22"
        },
        {
            "comment id": 9,
            "parent": -1,
            "children": [],
            "user id": "1927890987",
            "user name": "Blacack_",
            "content": " @carolbe 注意注意",
            "time": "13-8-6 10:28"
        },
        {
            "comment id": 10,
            "parent": -1,
            "children": [],
            "user id": "2102730442",
            "user name": "蒜香咸鱼焖番茄",
            "content": " @好似系建军 爱喝可乐的你[爱心传递]",
            "time": "13-8-6 10:19"
        },
        {
            "comment id": 11,
            "parent": -1,
            "children": [],
            "user id": "2521206973",
            "user name": "FR-氧气少女",
            "content": "😨大家多注意！！",
            "time": "13-8-6 08:58"
        },
        {
            "comment id": 12,
            "parent": -1,
            "children": [],
            "user id": "2248772524",
            "user name": "清荣俊茂V",
            "content": "注意啊，分分鐘喝可樂咖啡因中毒而屎！😱😱😱😱😱😱😱😱😱😱😱",
            "time": "13-8-6 08:49"
        },
        {
            "comment id": 13,
            "parent": -1,
            "children": [],
            "user id": "3216532385",
            "user name": "_欧乜怡",
            "content": "我就在喝可樂。。。",
            "time": "13-8-6 08:28"
        }
    ]
}