{
    "source": {
        "content": "8月3日晚，湖南省湘乡市花坪镇，一私家车撞伤一名15岁小孩，车主勾结交警，将受伤小孩装入麻袋欲毁灭现场，被附近村民及伤者家属发现后拦下，因交警将装有伤者的麻袋直接从车上扔下，引起围观村民愤怒围殴交警，所驾警车被村民扣下，受伤小孩因延误救治已经死亡。  ",
        "time": "13-8-6 17:50",
        "user id": "2387045881",
        "tweet id": "A3vnEcRsh",
        "label": 1,
        "theme": "社会生活"
    },
    "comment": [
        {
            "comment id": 0,
            "parent": -1,
            "children": [],
            "user id": "3198430455",
            "user name": "林洁狮姐",
            "content": " //@非著名商人黄仲丹:转发微博",
            "time": "14-8-1 08:43"
        },
        {
            "comment id": 1,
            "parent": -1,
            "children": [],
            "user id": "2191862305",
            "user name": "卓雅莲狮姐",
            "content": " //@非著名商人黄仲丹:转发微博",
            "time": "14-8-1 08:40"
        },
        {
            "comment id": 2,
            "parent": -1,
            "children": [],
            "user id": "3246495327",
            "user name": "陈德武狮兄",
            "content": " //@非著名商人黄仲丹:转发微博",
            "time": "14-8-1 08:33"
        },
        {
            "comment id": 3,
            "parent": -1,
            "children": [],
            "user id": "1899011901",
            "user name": "四个二xueqiu",
            "content": "回复@杨名村:呵呵 2b",
            "time": "14-4-24 10:12"
        },
        {
            "comment id": 4,
            "parent": -1,
            "children": [],
            "user id": "2404184427",
            "user name": "坏坏公馆_17",
            "content": "回复@露台上的小猫:你妈要死了，赶紧带去看医生",
            "time": "14-4-22 22:45"
        },
        {
            "comment id": 5,
            "parent": -1,
            "children": [],
            "user id": "1899011901",
            "user name": "四个二xueqiu",
            "content": "回复@杨名村:呵呵 2b",
            "time": "14-4-22 14:38"
        },
        {
            "comment id": 6,
            "parent": -1,
            "children": [],
            "user id": "3579776965",
            "user name": "雨天空5",
            "content": "这是什么警察，这种警察'该是人民的公敌",
            "time": "14-1-12 22:08"
        },
        {
            "comment id": 7,
            "parent": -1,
            "children": [],
            "user id": "3742911384",
            "user name": "用户3742911384",
            "content": "腐败吧",
            "time": "13-10-8 08:37"
        },
        {
            "comment id": 8,
            "parent": -1,
            "children": [],
            "user id": "3742911384",
            "user name": "用户3742911384",
            "content": "锄头拳头",
            "time": "13-10-8 07:45"
        },
        {
            "comment id": 9,
            "parent": -1,
            "children": [],
            "user id": "3152276040",
            "user name": "洪水滔滔湘江之舟",
            "content": "虽说可能是假新闻，但从被转发和评论的热度上，反应了广大人民群众对警察的关心和爱戴，表达了他们的心声！",
            "time": "13-9-12 02:30"
        },
        {
            "comment id": 10,
            "parent": -1,
            "children": [],
            "user id": "2771660254",
            "user name": "BilibaBOBO",
            "content": "回复@江山-雨:言之有理，楼下一律师还说警方滥用职权。",
            "time": "13-9-4 22:24"
        },
        {
            "comment id": 11,
            "parent": -1,
            "children": [],
            "user id": "1769795181",
            "user name": "不尽长江滚滚来2019",
            "content": "为了自由的造谣，捡肥皂一直到老",
            "time": "13-9-4 19:23"
        },
        {
            "comment id": 12,
            "parent": -1,
            "children": [],
            "user id": "3630734623",
            "user name": "王少光律师",
            "content": "【友情提示：接到官方辟谣提示后，应当及时删帖。个人认为：虽然接到警方提示后没有删帖有错，但湘潭警方拘留转发者是滥用职权。】//@佳明cn: @悍匪V 微博转发散布\"交警麻袋拖尸灭迹\"谣言且事后没有理会举报及时删帖（网页链接）被湖南警方行拘_网易新闻中心",
            "time": "13-9-4 13:18"
        },
        {
            "comment id": 13,
            "parent": -1,
            "children": [],
            "user id": "1269505844",
            "user name": "小沙弥的夏天",
            "content": "阿门",
            "time": "13-9-4 09:05"
        },
        {
            "comment id": 14,
            "parent": -1,
            "children": [],
            "user id": "1941209621",
            "user name": "憩客",
            "content": "祝po主肥皂捡到老",
            "time": "13-9-4 01:37"
        },
        {
            "comment id": 15,
            "parent": -1,
            "children": [],
            "user id": "1057070341",
            "user name": "潘什么曼呢",
            "content": "回复@巫啦贝诺:为什么不让删？1",
            "time": "13-9-4 00:35"
        },
        {
            "comment id": 16,
            "parent": -1,
            "children": [],
            "user id": "1696103750",
            "user name": "chzh1366835",
            "content": "真的还是假的？如果是假的，那图片内容是什么？如果是真的，怎 么又刑拘了？",
            "time": "13-9-3 22:35"
        },
        {
            "comment id": 17,
            "parent": -1,
            "children": [],
            "user id": "1193142947",
            "user name": "心LU漫长",
            "content": "回来粉丝就到二十万了",
            "time": "13-9-3 22:12"
        },
        {
            "comment id": 18,
            "parent": -1,
            "children": [],
            "user id": "2427816922",
            "user name": "冫imyanl",
            "content": "回复@江山-雨: 额。。央视果然神奇- - 果然是有V",
            "time": "13-9-3 13:06"
        },
        {
            "comment id": 19,
            "parent": -1,
            "children": [],
            "user id": "1064342863",
            "user name": "我想睡觉1649",
            "content": "这些照片哪来的？这么逼真？",
            "time": "13-9-2 13:23"
        },
        {
            "comment id": 20,
            "parent": -1,
            "children": [],
            "user id": "1773727532",
            "user name": "卓尔不群之湯",
            "content": "回复@小帅哥我去看:跟上传谣？",
            "time": "13-9-1 20:58"
        },
        {
            "comment id": 21,
            "parent": -1,
            "children": [],
            "user id": "1773727532",
            "user name": "卓尔不群之湯",
            "content": "回复@巫啦贝诺:没有查证你就敢发？",
            "time": "13-9-1 20:57"
        },
        {
            "comment id": 22,
            "parent": -1,
            "children": [],
            "user id": "1773727532",
            "user name": "卓尔不群之湯",
            "content": "回复@埃玛Emma:此乃谣言",
            "time": "13-9-1 20:56"
        },
        {
            "comment id": 23,
            "parent": -1,
            "children": [],
            "user id": "1773727532",
            "user name": "卓尔不群之湯",
            "content": "回复@IRIS2L:此乃谣言。",
            "time": "13-9-1 20:55"
        },
        {
            "comment id": 24,
            "parent": -1,
            "children": [],
            "user id": "3382806064",
            "user name": "四级警长",
            "content": "回复@Aries-juve:详见微博正文",
            "time": "13-9-1 09:44"
        },
        {
            "comment id": 25,
            "parent": -1,
            "children": [],
            "user id": "3382806064",
            "user name": "四级警长",
            "content": "回复@mht_noe:详见微博正文",
            "time": "13-9-1 09:43"
        },
        {
            "comment id": 26,
            "parent": -1,
            "children": [],
            "user id": "3382806064",
            "user name": "四级警长",
            "content": "回复@抚摸黑夜之手:微博正文",
            "time": "13-9-1 09:43"
        },
        {
            "comment id": 27,
            "parent": -1,
            "children": [],
            "user id": "3382806064",
            "user name": "四级警长",
            "content": "回复@巫啦贝诺:1、所谓官方艾特错了、看不到辟谣为制造谣言，详见微博正文 2、所谓举报后无法删除为借口。发起举报时间为8月9 日9:21，而官方艾特为8月8日 1:34评论时间为8月8日 8:40均早于举报时间12小时以上，完全有时间发澄清或删除，但均作为，系故意放任谣言传播！",
            "time": "13-9-1 09:40"
        },
        {
            "comment id": 28,
            "parent": -1,
            "children": [],
            "user id": "2436015240",
            "user name": "Iwanttocarryou",
            "content": "怒转",
            "time": "13-8-31 15:44"
        },
        {
            "comment id": 29,
            "parent": -1,
            "children": [],
            "user id": "1692034560",
            "user name": "税收法律王彦章",
            "content": "",
            "time": "13-8-30 20:07"
        },
        {
            "comment id": 30,
            "parent": -1,
            "children": [],
            "user id": "2251843750",
            "user name": "万大军66",
            "content": "//@王才亮律师: 不是谣言吧？他妈的狗B交警 操什么世道啊 简直要逆天了",
            "time": "13-8-30 20:03"
        },
        {
            "comment id": 31,
            "parent": -1,
            "children": [],
            "user id": "1233488674",
            "user name": "王才亮律师",
            "content": "回复@悍匪V:所以难。",
            "time": "13-8-30 19:58"
        },
        {
            "comment id": 32,
            "parent": -1,
            "children": [],
            "user id": "2433566090",
            "user name": "宗丽辉律师",
            "content": "这个消息已经在《焦点访谈》澄清，是假的！//@王才亮律师: 不是谣言吧？",
            "time": "13-8-30 19:06"
        },
        {
            "comment id": 33,
            "parent": -1,
            "children": [],
            "user id": "2387045881",
            "user name": "新农人王跃",
            "content": "回复@王才亮律师:是谣言 为此我付出了代价",
            "time": "13-8-30 19:04"
        },
        {
            "comment id": 34,
            "parent": -1,
            "children": [],
            "user id": "1233488674",
            "user name": "王才亮律师",
            "content": "不是谣言吧？",
            "time": "13-8-30 19:02"
        },
        {
            "comment id": 35,
            "parent": -1,
            "children": [],
            "user id": "3226369435",
            "user name": "王尼玛源",
            "content": "官方避谣时艾特我时艾特错了，他艾特的是悍匪，而不是我悍匪V。所以我更本看不到官方避谣。这个贴子当时就要删，只是给人举报了无法删除。现在新浪也不让我删。",
            "time": "13-8-22 00:48"
        },
        {
            "comment id": 36,
            "parent": -1,
            "children": [],
            "user id": "3226369435",
            "user name": "王尼玛源",
            "content": "鉴于在本人《@悍匪V 已禁言 》发布【湘乡市育塅乡8.3交通事故情况通报】后~给社会造成的负面影响，正式向广大网友道歉，8月6日在微博闲逛时，无意看到图说天下的帖子，觉得特别气氛，并用自己的微博发布，此消息并非本人编发，在发布之前我已搜了很多人在发此消息，望有关部门核实情况，我并非造谣",
            "time": "13-8-22 00:45"
        },
        {
            "comment id": 37,
            "parent": -1,
            "children": [],
            "user id": "3226369435",
            "user name": "王尼玛源",
            "content": "鉴于在本人《@悍匪V 已禁言 》发布【湘乡市育塅乡8.3交通事故情况通报】后~给社会造成的负面影响，正式向广大网友道歉，8月6日在微博闲逛时，无意看到图说天下的帖子，觉得特别气氛，并用自己的微博发布，此消息并非本人编发，在发布之前我已搜了很多人在发此消息，望有关部门核实情况，我并非造谣。",
            "time": "13-8-22 00:44"
        },
        {
            "comment id": 38,
            "parent": -1,
            "children": [],
            "user id": "3728979622",
            "user name": "爱你kiuygkh",
            "content": "这号已禁言，人家现在小号叫@巫啦贝诺 ，大家快点跟上",
            "time": "13-8-21 21:21"
        },
        {
            "comment id": 39,
            "parent": -1,
            "children": [],
            "user id": "3728979622",
            "user name": "爱你kiuygkh",
            "content": "这号已禁言，人家现在小号叫@巫啦贝诺 ，大家快点跟上。",
            "time": "13-8-21 21:21"
        },
        {
            "comment id": 40,
            "parent": -1,
            "children": [],
            "user id": "3728979622",
            "user name": "爱你kiuygkh",
            "content": "这号已禁言，人家现在小号叫@巫啦贝诺 ，大家快点跟上",
            "time": "13-8-21 21:21"
        },
        {
            "comment id": 41,
            "parent": -1,
            "children": [],
            "user id": "3728979622",
            "user name": "爱你kiuygkh",
            "content": "这号已禁言，人家现在小号叫@巫啦贝诺 ，大家快点跟上。",
            "time": "13-8-21 21:21"
        },
        {
            "comment id": 42,
            "parent": -1,
            "children": [],
            "user id": "3728979622",
            "user name": "爱你kiuygkh",
            "content": "这号已禁言，人家现在小号叫@巫啦贝诺 ，大家快点跟上",
            "time": "13-8-21 21:21"
        },
        {
            "comment id": 43,
            "parent": -1,
            "children": [],
            "user id": "3728979622",
            "user name": "爱你kiuygkh",
            "content": "这号已禁言，人家现在小号叫@巫啦贝诺 ，大家快点跟上、",
            "time": "13-8-21 21:21"
        },
        {
            "comment id": 44,
            "parent": -1,
            "children": [],
            "user id": "3728979622",
            "user name": "爱你kiuygkh",
            "content": "这号已禁言，人家现在小号叫@巫啦贝诺 ，大家快点跟上",
            "time": "13-8-21 21:21"
        },
        {
            "comment id": 45,
            "parent": -1,
            "children": [],
            "user id": "2122889073",
            "user name": "晓亿kiss",
            "content": "回复@小帅哥我去看:你都上电视了，觉得又要火[得意地笑]",
            "time": "13-8-21 21:20"
        },
        {
            "comment id": 46,
            "parent": -1,
            "children": [],
            "user id": "1830374907",
            "user name": "横眉冷对SB指",
            "content": "路过[挖鼻屎]",
            "time": "13-8-21 21:13"
        },
        {
            "comment id": 47,
            "parent": -1,
            "children": [],
            "user id": "3728979622",
            "user name": "爱你kiuygkh",
            "content": "这号已禁言，人家现在小号叫@巫啦贝诺 ，大家快点跟上",
            "time": "13-8-21 21:08"
        },
        {
            "comment id": 48,
            "parent": -1,
            "children": [],
            "user id": "3728979622",
            "user name": "爱你kiuygkh",
            "content": "这号早已禁言，人家现在小号叫@巫啦贝诺 ，大家快点跟上。",
            "time": "13-8-21 21:03"
        },
        {
            "comment id": 49,
            "parent": -1,
            "children": [],
            "user id": "2743230687",
            "user name": "卡拉迪米尔",
            "content": "我去！要不天天觉得自己生活在水深火热中，弄的个个想移民，现在才知道就是因为不少你这样盲目围观毁坏国家形象的人.这种人罪该万死 @巫啦贝诺 大家去小号吼，这个也多多吼！！",
            "time": "13-8-21 20:44"
        },
        {
            "comment id": 50,
            "parent": -1,
            "children": [],
            "user id": "1929076034",
            "user name": "SweetByul",
            "content": "我是来看评论的哈哈",
            "time": "13-8-21 20:43"
        },
        {
            "comment id": 51,
            "parent": -1,
            "children": [],
            "user id": "2806304520",
            "user name": "猪的快乐生活1",
            "content": "你现在火了。 🔥火的你都上央视了，你现在是名副其实的“名人”，央视在通缉你的。",
            "time": "13-8-21 20:43"
        },
        {
            "comment id": 52,
            "parent": -1,
            "children": [],
            "user id": "3229884893",
            "user name": "一只童小童",
            "content": "我去！要不天天觉得自己生活在水深火热中，弄的个个想移民，现在才知道就是因为不少你这样盲目围观毁坏国家形象的人",
            "time": "13-8-21 20:42"
        },
        {
            "comment id": 53,
            "parent": -1,
            "children": [],
            "user id": "2743230687",
            "user name": "卡拉迪米尔",
            "content": "@巫啦贝诺",
            "time": "13-8-21 20:41"
        },
        {
            "comment id": 54,
            "parent": -1,
            "children": [],
            "user id": "2743230687",
            "user name": "卡拉迪米尔",
            "content": "大家去这个造谣哥小号吼，这个他已经关了。@巫啦贝诺",
            "time": "13-8-21 20:41"
        },
        {
            "comment id": 55,
            "parent": -1,
            "children": [],
            "user id": "3699170142",
            "user name": "佘鑫",
            "content": "你摊上事了'你摊上大事了！！！！",
            "time": "13-8-21 20:41"
        },
        {
            "comment id": 56,
            "parent": -1,
            "children": [],
            "user id": "3728979622",
            "user name": "爱你kiuygkh",
            "content": "这号早已禁言，人家现在小号叫@巫啦贝诺 ，大家快点跟上。",
            "time": "13-8-21 20:40"
        },
        {
            "comment id": 57,
            "parent": -1,
            "children": [],
            "user id": "3728979622",
            "user name": "爱你kiuygkh",
            "content": "这号早已禁言，人家现在小号叫@巫啦贝诺 ，大家快点跟上。！",
            "time": "13-8-21 20:40"
        },
        {
            "comment id": 58,
            "parent": -1,
            "children": [],
            "user id": "2743230687",
            "user name": "卡拉迪米尔",
            "content": "造谣哥，该关个十天半月的！@湖南湘乡公安",
            "time": "13-8-21 20:40"
        },
        {
            "comment id": 59,
            "parent": -1,
            "children": [],
            "user id": "3728979622",
            "user name": "爱你kiuygkh",
            "content": "这号早已禁言，人家现在小号叫@巫啦贝诺 ，大家快点跟上。",
            "time": "13-8-21 20:39"
        },
        {
            "comment id": 60,
            "parent": -1,
            "children": [],
            "user id": "3728979622",
            "user name": "爱你kiuygkh",
            "content": "这号早已禁言，人家现在小号叫@巫啦贝诺 ，大家快点跟上。！",
            "time": "13-8-21 20:39"
        },
        {
            "comment id": 61,
            "parent": -1,
            "children": [],
            "user id": "2516135383",
            "user name": "薪尽So自然凉",
            "content": "再次郑重说明，此条微博为虚假信息！ 大中国有你们这样的蛀虫真是国门的耻辱！！！ 老子今天搜你就是为了骂你来的！",
            "time": "13-8-21 20:39"
        },
        {
            "comment id": 62,
            "parent": -1,
            "children": [],
            "user id": "2702778054",
            "user name": "马赛克卷勉强能画点东西",
            "content": "上电视了，不容易啊。  赶紧去自首吧捡肥皂吧",
            "time": "13-8-21 20:39"
        },
        {
            "comment id": 63,
            "parent": -1,
            "children": [],
            "user id": "2743230687",
            "user name": "卡拉迪米尔",
            "content": "大骗子！谣言平息，继续造谣！大骗子！谣言平息，继续造谣！大骗子！谣言平息，继续造谣！",
            "time": "13-8-21 20:38"
        },
        {
            "comment id": 64,
            "parent": -1,
            "children": [],
            "user id": "1433300844",
            "user name": "奔跑滨哥",
            "content": "这小子原来是个骗子，央视刚曝了你的光，快去自首吧！@湖南湘乡公安",
            "time": "13-8-21 20:38"
        },
        {
            "comment id": 65,
            "parent": -1,
            "children": [],
            "user id": "1742080153",
            "user name": "YQ兰新世界",
            "content": "你摊上大事了~~",
            "time": "13-8-21 20:37"
        },
        {
            "comment id": 66,
            "parent": -1,
            "children": [],
            "user id": "2743230687",
            "user name": "卡拉迪米尔",
            "content": "围观骗子！ 围观骗子！ 围观骗子！ 围观骗子！ 围观骗子！ 围观骗子！ 围观骗子！ 围观骗子！ 围观骗子！",
            "time": "13-8-21 20:37"
        },
        {
            "comment id": 67,
            "parent": -1,
            "children": [],
            "user id": "1273085571",
            "user name": "MoDoo_Agile",
            "content": "你终于火了。",
            "time": "13-8-21 20:36"
        },
        {
            "comment id": 68,
            "parent": -1,
            "children": [],
            "user id": "1197104337",
            "user name": "没肚兜的机器猫",
            "content": "围观骗子！",
            "time": "13-8-21 20:36"
        },
        {
            "comment id": 69,
            "parent": -1,
            "children": [],
            "user id": "1264831895",
            "user name": "水火既济陆拾叁",
            "content": "进去了吗？正在说你的事，收拾细软吧。",
            "time": "13-8-21 20:36"
        },
        {
            "comment id": 70,
            "parent": -1,
            "children": [],
            "user id": "2743230687",
            "user name": "卡拉迪米尔",
            "content": "谣言谣言谣言谣言谣言谣言谣言谣言谣言谣言谣言谣言！！！！！！！！！！谣言谣言谣言谣言谣言谣言谣言谣言谣言谣言谣言谣言！！！！！！！！！！谣言谣言谣言谣言谣言谣言谣言谣言谣言谣言谣言谣言！！！！！！！！！！",
            "time": "13-8-21 20:36"
        },
        {
            "comment id": 71,
            "parent": -1,
            "children": [],
            "user id": "2743230687",
            "user name": "卡拉迪米尔",
            "content": "谣言谣言谣言谣言谣言谣言谣言谣言谣言谣言谣言谣言！！！！！！！！！！谣言谣言谣言谣言谣言谣言谣言谣言谣言谣言谣言谣言！！！！！！！！！！",
            "time": "13-8-21 20:36"
        },
        {
            "comment id": 72,
            "parent": -1,
            "children": [],
            "user id": "2743230687",
            "user name": "卡拉迪米尔",
            "content": "谣言谣言谣言谣言谣言谣言谣言！！！！！！！！！！",
            "time": "13-8-21 20:36"
        },
        {
            "comment id": 73,
            "parent": -1,
            "children": [],
            "user id": "2743230687",
            "user name": "卡拉迪米尔",
            "content": "谣言谣言谣言谣言谣言谣言谣言谣言谣言谣言谣言谣言！！！！！！！！！！",
            "time": "13-8-21 20:35"
        },
        {
            "comment id": 74,
            "parent": -1,
            "children": [],
            "user id": "3043299334",
            "user name": "a_3043299334",
            "content": "哥们 摊上大事啦 央视点名啊",
            "time": "13-8-21 20:35"
        },
        {
            "comment id": 75,
            "parent": -1,
            "children": [],
            "user id": "2743230687",
            "user name": "卡拉迪米尔",
            "content": "谣言谣言谣言谣言谣言谣言谣言谣言谣言谣言谣言谣言！！！！！！！！！！！",
            "time": "13-8-21 20:35"
        },
        {
            "comment id": 76,
            "parent": -1,
            "children": [],
            "user id": "1519461113",
            "user name": "汾阳郡王GYQ",
            "content": "围观通缉犯",
            "time": "13-8-21 20:29"
        },
        {
            "comment id": 77,
            "parent": -1,
            "children": [],
            "user id": "2961874955",
            "user name": "有点方的毛毛虫au",
            "content": "大骗子，这下你火了，出名了，去派出所反省吧。ps：看看心理医生吧!",
            "time": "13-8-21 20:26"
        },
        {
            "comment id": 78,
            "parent": -1,
            "children": [],
            "user id": "3308905377",
            "user name": "豪叔叔i",
            "content": "这号早已封，人家现在小号叫 @悍匪不加V   ，大家快点跟上。！！",
            "time": "13-8-21 20:13"
        },
        {
            "comment id": 79,
            "parent": -1,
            "children": [],
            "user id": "1925818283",
            "user name": "小黄瓜刷奶油",
            "content": " @钟一格 就是这条新闻。",
            "time": "13-8-21 20:09"
        }
    ]
}