{
    "source": {
        "content": "涨姿势！如何引诱你家娃吃下不爱吃的蔬菜~  ",
        "time": "13-8-9 19:00",
        "user id": "1740961333",
        "tweet id": "A3Y7z4ddx",
        "label": 0,
        "theme": "医药健康"
    },
    "comment": [
        {
            "comment id": 0,
            "parent": -1,
            "children": [],
            "user id": "1762667694",
            "user name": "蚂蚁sama",
            "content": "回复@SW祖儿宗:悲剧的娃",
            "time": "13-8-10 21:39"
        },
        {
            "comment id": 1,
            "parent": -1,
            "children": [],
            "user id": "1418926623",
            "user name": "才木邱",
            "content": "其实没用，不想吃喂进去，照样吐出来。",
            "time": "13-8-10 14:10"
        },
        {
            "comment id": 2,
            "parent": -1,
            "children": [],
            "user id": "1906578383",
            "user name": "欢乐幸福黑猫",
            "content": "//@吃货全在这里勾搭: 涨姿势！",
            "time": "13-8-10 10:42"
        },
        {
            "comment id": 3,
            "parent": -1,
            "children": [],
            "user id": "2297230361",
            "user name": "负能量立志变成正能量",
            "content": "回复@小明哥一卵泡气:告诉你窍门了，以后别把喂孩子的事全丢给我一个人做",
            "time": "13-8-10 00:18"
        },
        {
            "comment id": 4,
            "parent": -1,
            "children": [],
            "user id": "1833778682",
            "user name": "仿佛多少年",
            "content": " @安蓝的鸟泥",
            "time": "13-8-10 00:02"
        },
        {
            "comment id": 5,
            "parent": -1,
            "children": [],
            "user id": "2003123937",
            "user name": "Jamine的麻麻",
            "content": "这招好啊！！",
            "time": "13-8-9 23:31"
        },
        {
            "comment id": 6,
            "parent": -1,
            "children": [],
            "user id": "2277041844",
            "user name": "蘋菓西咑",
            "content": "回复@维尼的_Piglet:你以為這樣就可以了麼   到嘴里不吃的還是吐出來   以前我喂我班上不吃菜的小孩    混著別的喂進去  他還是能給我把那根菜吐出來  我都服了",
            "time": "13-8-9 23:04"
        },
        {
            "comment id": 7,
            "parent": -1,
            "children": [],
            "user id": "2086946227",
            "user name": "一博73",
            "content": "娃儿会吐出来的",
            "time": "13-8-9 22:20"
        },
        {
            "comment id": 8,
            "parent": -1,
            "children": [],
            "user id": "1994815824",
            "user name": "不要给我虎头蛇尾啊",
            "content": " @胡_半_仙",
            "time": "13-8-9 21:16"
        },
        {
            "comment id": 9,
            "parent": -1,
            "children": [],
            "user id": "1823954370",
            "user name": "米粉类研究所主任",
            "content": "回复@到处抓人做调查实验问卷的抓狂:哈哈哈哈哈坏爸爸",
            "time": "13-8-9 21:05"
        },
        {
            "comment id": 10,
            "parent": -1,
            "children": [],
            "user id": "1890877211",
            "user name": "uyuogr689hfd",
            "content": "@张先森爱看海贼",
            "time": "13-8-9 20:57"
        },
        {
            "comment id": 11,
            "parent": -1,
            "children": [],
            "user id": "2297230361",
            "user name": "负能量立志变成正能量",
            "content": " @小明哥一卵泡气 可爱",
            "time": "13-8-9 20:45"
        },
        {
            "comment id": 12,
            "parent": -1,
            "children": [],
            "user id": "2781573394",
            "user name": "半夏微凉amony",
            "content": "哈哈哈啊哈",
            "time": "13-8-9 20:39"
        },
        {
            "comment id": 13,
            "parent": -1,
            "children": [],
            "user id": "1503144493",
            "user name": "庭又",
            "content": "绝了！",
            "time": "13-8-9 20:26"
        },
        {
            "comment id": 14,
            "parent": -1,
            "children": [],
            "user id": "2244936334",
            "user name": "草根阿土",
            "content": "哈哈。",
            "time": "13-8-9 20:25"
        },
        {
            "comment id": 15,
            "parent": -1,
            "children": [],
            "user id": "1695353911",
            "user name": "Bambi小屋",
            "content": "收了留给儿子用",
            "time": "13-8-9 19:42"
        },
        {
            "comment id": 16,
            "parent": -1,
            "children": [],
            "user id": "2143941151",
            "user name": "_Memory_",
            "content": "@小美人苏格拉底 ",
            "time": "13-8-9 19:41"
        },
        {
            "comment id": 17,
            "parent": -1,
            "children": [],
            "user id": "3144063804",
            "user name": "4150oaY",
            "content": "如果不爱吃肥肉呢？",
            "time": "13-8-9 19:30"
        },
        {
            "comment id": 18,
            "parent": -1,
            "children": [],
            "user id": "1912104022",
            "user name": "只是_Piglet",
            "content": "@尤加利啝嘸荱熊",
            "time": "13-8-9 19:28"
        },
        {
            "comment id": 19,
            "parent": -1,
            "children": [],
            "user id": "2811226640",
            "user name": "I_Love_sunshine_",
            "content": "哈哈哈哈哈哈哈哈哈哈太逗啦！备用啊！",
            "time": "13-8-9 19:15"
        },
        {
            "comment id": 20,
            "parent": -1,
            "children": [],
            "user id": "2072485241",
            "user name": "vorace",
            "content": "@贤Aki_罗斯 @hxkki丨RASKOLITO @雨雨陈陈",
            "time": "13-8-9 19:13"
        },
        {
            "comment id": 21,
            "parent": -1,
            "children": [],
            "user id": "1744722684",
            "user name": "Sumerain_Leo",
            "content": "回复@蔚岚的海岸:",
            "time": "13-8-9 19:10"
        },
        {
            "comment id": 22,
            "parent": -1,
            "children": [],
            "user id": "1751253513",
            "user name": "蔚岚的海岸",
            "content": "回复@Sumerain_Leo:",
            "time": "13-8-9 19:10"
        },
        {
            "comment id": 23,
            "parent": -1,
            "children": [],
            "user id": "2774419435",
            "user name": "_c___Melody",
            "content": "太坏了",
            "time": "13-8-9 19:10"
        },
        {
            "comment id": 24,
            "parent": -1,
            "children": [],
            "user id": "1744722684",
            "user name": "Sumerain_Leo",
            "content": "回复@蔚岚的海岸:骗子。。这样对小孩不公平",
            "time": "13-8-9 19:09"
        },
        {
            "comment id": 25,
            "parent": -1,
            "children": [],
            "user id": "1751253513",
            "user name": "蔚岚的海岸",
            "content": " @Sumerain_Leo",
            "time": "13-8-9 19:09"
        }
    ]
}