{
    "source": {
        "content": "两人在一起，有回忆就是幸福！——心灵鸡汤。今晚跟大伙煲个鸡汤，有同感转给喜欢的人。晚安。图转。 ",
        "time": "13-8-10 23:56",
        "user id": "2715025067",
        "tweet id": "A49ukCwXP",
        "label": 0,
        "theme": "文体娱乐"
    },
    "comment": [
        {
            "comment id": 0,
            "parent": -1,
            "children": [],
            "user id": "1146255875",
            "user name": "天堂av___唐俊才__写作者-制片人",
            "content": "要申请“媒体=电影摄制组”机构认证！ 请求帮助",
            "time": "13-8-24 08:58"
        },
        {
            "comment id": 1,
            "parent": -1,
            "children": [],
            "user id": "3526450347",
            "user name": "AL安倩",
            "content": "因为爱,所以爱转发微薄",
            "time": "13-8-18 21:51"
        },
        {
            "comment id": 2,
            "parent": -1,
            "children": [],
            "user id": "3554827800",
            "user name": "会上墙的梧桐树",
            "content": "人生最浪漫的是彼此包容和忍让！",
            "time": "13-8-18 18:40"
        },
        {
            "comment id": 3,
            "parent": -1,
            "children": [],
            "user id": "3218095470",
            "user name": "Nu灵子",
            "content": "回复@longdbaby:情感付出越多伤得更重!",
            "time": "13-8-18 10:41"
        },
        {
            "comment id": 4,
            "parent": -1,
            "children": [],
            "user id": "2174370925",
            "user name": "Freeman厚德载福",
            "content": "很有诗情画意呀",
            "time": "13-8-12 21:50"
        },
        {
            "comment id": 5,
            "parent": -1,
            "children": [],
            "user id": "3544635404",
            "user name": "你真可i",
            "content": "有爱",
            "time": "13-8-11 22:42"
        },
        {
            "comment id": 6,
            "parent": -1,
            "children": [],
            "user id": "1758601975",
            "user name": "Grace柯子淇",
            "content": "怎么回事啊？我买了会员，几天了一点反应都没有！打电话客服让我@你们，结果还是没反应到底是解决还是不解决？",
            "time": "13-8-11 16:32"
        },
        {
            "comment id": 7,
            "parent": -1,
            "children": [],
            "user id": "3218607372",
            "user name": "朴果果小王几的香菜园",
            "content": "有爱[花心]",
            "time": "13-8-11 15:16"
        },
        {
            "comment id": 8,
            "parent": -1,
            "children": [],
            "user id": "3302224880",
            "user name": "晓晓37918",
            "content": "回复@红柳情思:在吗？谢谢你，我刚把他拉黑了；",
            "time": "13-8-11 14:00"
        },
        {
            "comment id": 9,
            "parent": -1,
            "children": [],
            "user id": "2715025067",
            "user name": "微博会员",
            "content": "回复@-刘佳晨:已拉黑",
            "time": "13-8-11 13:34"
        },
        {
            "comment id": 10,
            "parent": -1,
            "children": [],
            "user id": "2009204765",
            "user name": "-刘佳晨",
            "content": "回复@打死临武县长贺遵庆:没素质的渣",
            "time": "13-8-11 13:21"
        },
        {
            "comment id": 11,
            "parent": -1,
            "children": [],
            "user id": "1642264562",
            "user name": "小鱼儿_fp5",
            "content": "回复@打死临武县长贺遵庆:见过粗野的，没见过你这么粗野的！先用75%酒精漱漱口消消毒再开口说话！",
            "time": "13-8-11 13:20"
        },
        {
            "comment id": 12,
            "parent": -1,
            "children": [],
            "user id": "1992583475",
            "user name": "十一拾遗eleventimes",
            "content": "回复@打死临武县长贺遵庆:草泥马",
            "time": "13-8-11 13:16"
        },
        {
            "comment id": 13,
            "parent": -1,
            "children": [],
            "user id": "3121608340",
            "user name": "红柳情思",
            "content": "回复@晓晓37918:你看这人的网名就是个变态狂，我刚举报了他，并把他加入黑名单！",
            "time": "13-8-11 13:15"
        },
        {
            "comment id": 14,
            "parent": -1,
            "children": [],
            "user id": "1276901953",
            "user name": "大魔王Timor",
            "content": "回复@打死临武县长贺遵庆:噢  你妈逼被人撞死了  我知道了",
            "time": "13-8-11 13:07"
        },
        {
            "comment id": 15,
            "parent": -1,
            "children": [],
            "user id": "2064247347",
            "user name": "熬夜会变笨ovo",
            "content": "回复@打死临武县长贺遵庆:举报你了，深井冰。",
            "time": "13-8-11 13:03"
        },
        {
            "comment id": 16,
            "parent": -1,
            "children": [],
            "user id": "3302224880",
            "user name": "晓晓37918",
            "content": "回复@打死临武县长贺遵庆:你妈逼你有病吧；我怎么你了你出口就骂",
            "time": "13-8-11 12:51"
        },
        {
            "comment id": 17,
            "parent": -1,
            "children": [],
            "user id": "3121608340",
            "user name": "红柳情思",
            "content": "回复@打死临武县长贺遵庆:这么没修养没教养，不知道哪里蹦出来的？",
            "time": "13-8-11 12:47"
        },
        {
            "comment id": 18,
            "parent": -1,
            "children": [],
            "user id": "2168072730",
            "user name": "zajplbgfalkj0",
            "content": "转发微博",
            "time": "13-8-11 12:43"
        },
        {
            "comment id": 19,
            "parent": -1,
            "children": [],
            "user id": "1879592142",
            "user name": "倔强的敏min",
            "content": "@悠幽雏菊i ",
            "time": "13-8-11 12:05"
        },
        {
            "comment id": 20,
            "parent": -1,
            "children": [],
            "user id": "1925952633",
            "user name": "matechen",
            "content": "有爱呢",
            "time": "13-8-11 11:44"
        },
        {
            "comment id": 21,
            "parent": -1,
            "children": [],
            "user id": "1795998635",
            "user name": "ZHONGMJJ",
            "content": "@SUPER赛亚人Alexis_chan ",
            "time": "13-8-11 11:10"
        },
        {
            "comment id": 22,
            "parent": -1,
            "children": [],
            "user id": "2061429271",
            "user name": "醉倒--温柔乡",
            "content": "",
            "time": "13-8-11 11:07"
        },
        {
            "comment id": 23,
            "parent": -1,
            "children": [],
            "user id": "2061429271",
            "user name": "醉倒--温柔乡",
            "content": "",
            "time": "13-8-11 11:07"
        },
        {
            "comment id": 24,
            "parent": -1,
            "children": [],
            "user id": "2061429271",
            "user name": "醉倒--温柔乡",
            "content": "",
            "time": "13-8-11 11:07"
        },
        {
            "comment id": 25,
            "parent": -1,
            "children": [],
            "user id": "2061429271",
            "user name": "醉倒--温柔乡",
            "content": "[花心]",
            "time": "13-8-11 11:07"
        },
        {
            "comment id": 26,
            "parent": -1,
            "children": [],
            "user id": "2061429271",
            "user name": "醉倒--温柔乡",
            "content": "",
            "time": "13-8-11 11:07"
        },
        {
            "comment id": 27,
            "parent": -1,
            "children": [],
            "user id": "1642264562",
            "user name": "小鱼儿_fp5",
            "content": "两人在一起，有回忆就是幸福！",
            "time": "13-8-11 11:03"
        },
        {
            "comment id": 28,
            "parent": -1,
            "children": [],
            "user id": "2214034784",
            "user name": "劳科斌",
            "content": "好幸福",
            "time": "13-8-11 10:31"
        },
        {
            "comment id": 29,
            "parent": -1,
            "children": [],
            "user id": "3436568054",
            "user name": "不晓名儿儿",
            "content": "转发微博",
            "time": "13-8-11 09:01"
        },
        {
            "comment id": 30,
            "parent": -1,
            "children": [],
            "user id": "3204523747",
            "user name": "樱桃小贯子",
            "content": "美好",
            "time": "13-8-11 08:35"
        },
        {
            "comment id": 31,
            "parent": -1,
            "children": [],
            "user id": "1738858711",
            "user name": "张小几丶丶丶",
            "content": "怎么有种小学课本插画的感觉。。",
            "time": "13-8-11 08:16"
        },
        {
            "comment id": 32,
            "parent": -1,
            "children": [],
            "user id": "1821392265",
            "user name": "锄禾寻当午2010",
            "content": "",
            "time": "13-8-11 08:07"
        },
        {
            "comment id": 33,
            "parent": -1,
            "children": [],
            "user id": "1737778203",
            "user name": "HWT_小萌鹿0504",
            "content": " @静殇雨 @泡沫青 @Atusko",
            "time": "13-8-11 07:36"
        },
        {
            "comment id": 34,
            "parent": -1,
            "children": [],
            "user id": "3121608340",
            "user name": "红柳情思",
            "content": "有几幅图画太喜欢了！",
            "time": "13-8-11 07:07"
        },
        {
            "comment id": 35,
            "parent": -1,
            "children": [],
            "user id": "3302224880",
            "user name": "晓晓37918",
            "content": "幸福的回忆",
            "time": "13-8-11 06:20"
        },
        {
            "comment id": 36,
            "parent": -1,
            "children": [],
            "user id": "3280804153",
            "user name": "Tmatt42_590",
            "content": "@超级无敌煞菲利亚 好可爱啊bb",
            "time": "13-8-11 05:57"
        },
        {
            "comment id": 37,
            "parent": -1,
            "children": [],
            "user id": "2734811537",
            "user name": "幸福要有你2012",
            "content": "有回忆便是幸福。。。。",
            "time": "13-8-11 03:06"
        },
        {
            "comment id": 38,
            "parent": -1,
            "children": [],
            "user id": "2342134865",
            "user name": "wr呢",
            "content": " @哦wsw",
            "time": "13-8-11 01:57"
        },
        {
            "comment id": 39,
            "parent": -1,
            "children": [],
            "user id": "2278518314",
            "user name": "樱萌要当个好师姐",
            "content": "回复@Rambo-志鹏:换头像了，晚安",
            "time": "13-8-11 01:47"
        },
        {
            "comment id": 40,
            "parent": -1,
            "children": [],
            "user id": "2476756752",
            "user name": "vivian丨collections",
            "content": "自从大黄鸭跟了泰迪熊之后，，，",
            "time": "13-8-11 01:46"
        },
        {
            "comment id": 41,
            "parent": -1,
            "children": [],
            "user id": "2179680202",
            "user name": "RamboStephen",
            "content": " @假期不颓废的樱萌 晚安[愛你]",
            "time": "13-8-11 01:43"
        },
        {
            "comment id": 42,
            "parent": -1,
            "children": [],
            "user id": "3194327143",
            "user name": "十一夜_",
            "content": "转发微博",
            "time": "13-8-11 01:27"
        },
        {
            "comment id": 43,
            "parent": -1,
            "children": [],
            "user id": "2009204765",
            "user name": "-刘佳晨",
            "content": "为什么发短信开通新浪微博会员没有回复？   手机状态是正常的，我没有银行卡什么的，只有用手机开通  。求回复。。",
            "time": "13-8-11 01:21"
        },
        {
            "comment id": 44,
            "parent": -1,
            "children": [],
            "user id": "3286418217",
            "user name": "海南美嘉园",
            "content": "看来我们苦苦修炼精元的时代已经过去啦啦……//@超级走神女王: 回复@海南美嘉园:[bm可爱][bm可爱]白天刮腻子，晚上靠熄灯！ //@海南美嘉园:回复@超级走神女王: 好啊！你是怎么长那么漂亮的！ //@超级走神女王:你给机器人骗纸！还敢发微博！",
            "time": "13-8-11 01:15"
        },
        {
            "comment id": 45,
            "parent": -1,
            "children": [],
            "user id": "2049458140",
            "user name": "泽盛大哥",
            "content": "幸福回忆 ",
            "time": "13-8-11 01:06"
        },
        {
            "comment id": 46,
            "parent": -1,
            "children": [],
            "user id": "3171475632",
            "user name": "tt3699",
            "content": "转发微博",
            "time": "13-8-11 01:01"
        },
        {
            "comment id": 47,
            "parent": -1,
            "children": [],
            "user id": "1600376020",
            "user name": "玉香才俊",
            "content": "有回忆是多么幸福，如果回忆是美好的",
            "time": "13-8-11 00:58"
        },
        {
            "comment id": 48,
            "parent": -1,
            "children": [],
            "user id": "2013315834",
            "user name": "卡萨-甲",
            "content": "",
            "time": "13-8-11 00:57"
        },
        {
            "comment id": 49,
            "parent": -1,
            "children": [],
            "user id": "1950903601",
            "user name": "陈铖加油进行时",
            "content": " @涴涴之辈 我们那甜蜜的回忆，有你我便是家。晚安！",
            "time": "13-8-11 00:56"
        },
        {
            "comment id": 50,
            "parent": -1,
            "children": [],
            "user id": "2883773941",
            "user name": "末小沫119",
            "content": "啦啦啦~~ 告诉大家噢~新的一轮抽奖开始啦！！！这次抽奖的奖品又是一款粉色系的爆美行李箱噢~价值198元24寸的万象轮行李箱噢~ 只有一份噢~ 转起来吧妞们~关注蕊儿辣妈同时@三位好友与@蕊儿辣妈即可参与抽奖！中奖名单8月14日公布。对咯~大家以前千万不要错过每周一抽~",
            "time": "13-8-11 00:39"
        },
        {
            "comment id": 51,
            "parent": -1,
            "children": [],
            "user id": "3657277883",
            "user name": "中国艺人音乐",
            "content": "晚安",
            "time": "13-8-11 00:38"
        },
        {
            "comment id": 52,
            "parent": -1,
            "children": [],
            "user id": "3657277883",
            "user name": "中国艺人音乐",
            "content": "同感",
            "time": "13-8-11 00:38"
        },
        {
            "comment id": 53,
            "parent": -1,
            "children": [],
            "user id": "2064247347",
            "user name": "熬夜会变笨ovo",
            "content": "画面感。。。[转发]",
            "time": "13-8-11 00:38"
        },
        {
            "comment id": 54,
            "parent": -1,
            "children": [],
            "user id": "1806326592",
            "user name": "旅行是一种病",
            "content": "幸福就是猫吃鱼，狗吃肉，奥特曼打小怪兽",
            "time": "13-8-11 00:37"
        },
        {
            "comment id": 55,
            "parent": -1,
            "children": [],
            "user id": "3227408632",
            "user name": "夏维豪",
            "content": "@师小雨_Linda ",
            "time": "13-8-11 00:37"
        },
        {
            "comment id": 56,
            "parent": -1,
            "children": [],
            "user id": "2645216883",
            "user name": "无与伦比珍珍",
            "content": "回忆都是痛苦的延续，不要回忆！",
            "time": "13-8-11 00:31"
        },
        {
            "comment id": 57,
            "parent": -1,
            "children": [],
            "user id": "1992583475",
            "user name": "十一拾遗eleventimes",
            "content": "@阿ChU_欣琳仔仔 看这个，晚安",
            "time": "13-8-11 00:23"
        },
        {
            "comment id": 58,
            "parent": -1,
            "children": [],
            "user id": "1276901953",
            "user name": "大魔王Timor",
            "content": "111222",
            "time": "13-8-11 00:22"
        },
        {
            "comment id": 59,
            "parent": -1,
            "children": [],
            "user id": "1609743241",
            "user name": "认真搞学习的小小",
            "content": "【13】好有爱，好喜欢哟。[xkl转圈]献花花给小顽皮，[玫瑰][玫瑰][玫瑰]越来越爱你了，这可肿么办？不会仅只有回忆，一定会有未来。[din推撞]火车不开—推着走，晚安，好梦。",
            "time": "13-8-11 00:14"
        },
        {
            "comment id": 60,
            "parent": -1,
            "children": [],
            "user id": "1752294240",
            "user name": "挨踢民工Hay",
            "content": "[转发][xkl转圈]",
            "time": "13-8-11 00:13"
        },
        {
            "comment id": 61,
            "parent": -1,
            "children": [],
            "user id": "2711095561",
            "user name": "-苹果仔-",
            "content": "好cute好稀饭",
            "time": "13-8-11 00:11"
        },
        {
            "comment id": 62,
            "parent": -1,
            "children": [],
            "user id": "3117612417",
            "user name": "四叶草一墨",
            "content": "好",
            "time": "13-8-11 00:10"
        },
        {
            "comment id": 63,
            "parent": -1,
            "children": [],
            "user id": "2732145387",
            "user name": "你想吃可爱的粽子吗",
            "content": "晚安[睡觉]",
            "time": "13-8-11 00:10"
        },
        {
            "comment id": 64,
            "parent": -1,
            "children": [],
            "user id": "1004190631",
            "user name": "Mr-弓长-",
            "content": "晚安",
            "time": "13-8-11 00:10"
        },
        {
            "comment id": 65,
            "parent": -1,
            "children": [],
            "user id": "1609743241",
            "user name": "认真搞学习的小小",
            "content": "【13】好有爱，好喜欢哟。[xkl转圈]献花花给小顽皮，[玫瑰][玫瑰][玫瑰]越来越爱你了，这可肿么办？[想一想]晚安，好梦。[din推撞]",
            "time": "13-8-11 00:09"
        },
        {
            "comment id": 66,
            "parent": -1,
            "children": [],
            "user id": "1882143570",
            "user name": "葛尐噶",
            "content": "晚安",
            "time": "13-8-11 00:08"
        },
        {
            "comment id": 67,
            "parent": -1,
            "children": [],
            "user id": "1609743241",
            "user name": "认真搞学习的小小",
            "content": "【13】好有爱，好喜欢哟。[xkl转圈]献花花给小顽皮，[玫瑰][玫瑰][玫瑰]越来越爱你了，这可肿么办？[想一想]",
            "time": "13-8-11 00:06"
        },
        {
            "comment id": 68,
            "parent": -1,
            "children": [],
            "user id": "2738811220",
            "user name": "One-dayBye",
            "content": "回复@微博会员: 你原来是人？？？？？大家快来看，这个是人哎。。我那天可跟你私信了半天，，你把我忽悠的。！！",
            "time": "13-8-11 00:05"
        },
        {
            "comment id": 69,
            "parent": -1,
            "children": [],
            "user id": "3224014073",
            "user name": "釹傼孓",
            "content": "晚安！！",
            "time": "13-8-11 00:04"
        },
        {
            "comment id": 70,
            "parent": -1,
            "children": [],
            "user id": "2170979685",
            "user name": "顾寞宁",
            "content": "两男多好！",
            "time": "13-8-11 00:03"
        },
        {
            "comment id": 71,
            "parent": -1,
            "children": [],
            "user id": "1497200777",
            "user name": "Tiehua88",
            "content": "哈哈!谢谢!今天是我和先生的结婚纪念日,23年了!幸福多多满满!向这些图片...当然路还长!",
            "time": "13-8-11 00:03"
        },
        {
            "comment id": 72,
            "parent": -1,
            "children": [],
            "user id": "2172593904",
            "user name": "摄影师-王斌",
            "content": "@福州蒙娜丽莎-香香",
            "time": "13-8-11 00:02"
        },
        {
            "comment id": 73,
            "parent": -1,
            "children": [],
            "user id": "2406562965",
            "user name": "全糖zj",
            "content": "尼句话，好有问题，如果回忆系五开心，会幸福咩？",
            "time": "13-8-11 00:00"
        },
        {
            "comment id": 74,
            "parent": -1,
            "children": [],
            "user id": "3295329301",
            "user name": "血祭",
            "content": "希望七夕那天有人陪我",
            "time": "13-8-11 00:00"
        },
        {
            "comment id": 75,
            "parent": -1,
            "children": [],
            "user id": "2715025067",
            "user name": "微博会员",
            "content": "回复@杨钊1996:时常关注小会长 哟 你看下午还发起活动哟",
            "time": "13-8-11 00:00"
        },
        {
            "comment id": 76,
            "parent": -1,
            "children": [],
            "user id": "2859832750",
            "user name": "猫星人卖萌记",
            "content": "暧昧啊，羡慕，嫉妒，恨，那！---好享受啊！",
            "time": "13-8-10 23:59"
        },
        {
            "comment id": 77,
            "parent": -1,
            "children": [],
            "user id": "2119149533",
            "user name": "拓芙girl",
            "content": "转发微博",
            "time": "13-8-10 23:59"
        },
        {
            "comment id": 78,
            "parent": -1,
            "children": [],
            "user id": "1809812033",
            "user name": "曲奇饼干P",
            "content": " @My已是习惯",
            "time": "13-8-10 23:58"
        },
        {
            "comment id": 79,
            "parent": -1,
            "children": [],
            "user id": "3444792274",
            "user name": "心语之旅",
            "content": "晚安",
            "time": "13-8-10 23:58"
        }
    ]
}