{
    "source": {
        "content": " 1994年前后，中美入世谈判最艰难的时刻，美方突然向中方提出：在全世界都实行双休日的今天，中国必须尊重人权，也给中国人双休日，并把这一项作为入世条件之一。于是，1995年5月1日起，我国开始实行双休日工作制。我们到底应该感谢谁？  ",
        "time": "13-8-18 17:10",
        "user id": "2091696797",
        "tweet id": "A5kfn3aVI",
        "label": 1,
        "theme": "政治"
    },
    "comment": [
        {
            "comment id": 0,
            "parent": -1,
            "children": [],
            "user id": "1897603641",
            "user name": "非洲蓝",
            "content": "转发微博",
            "time": "13-8-20 23:35"
        },
        {
            "comment id": 1,
            "parent": -1,
            "children": [],
            "user id": "2091696797",
            "user name": "何巍总建筑师",
            "content": "　　　曾有机会提前签协议  　　　作为提出条件最多，涵盖范围最广的谈判，中美之间谈判早在1993年就已经确立基调。  　　　1999年初，在经历了多轮来回拉锯之后，中美双边贸易谈判已渐入佳境。网页链接",
            "time": "13-8-20 19:11"
        },
        {
            "comment id": 2,
            "parent": -1,
            "children": [],
            "user id": "1988420617",
            "user name": "论文才是王道",
            "content": "网页链接摘自百年潮2009年12期 有当时决策人自述,证明上世纪80年代我国已经开始着手准备双休日制度",
            "time": "13-8-20 16:53"
        },
        {
            "comment id": 3,
            "parent": -1,
            "children": [],
            "user id": "2701561784",
            "user name": "沧海清净",
            "content": "这个 @何巍总建筑师 一直在他妈了个逼里搞建筑   //@驭酒者:老谣重炒,吃屎都赶不上热乎滴 新浪已判定过网页链接 //@青岛老贝: 回复@青岛鹏少爷:艹，人家敢说你就敢信！ //@青岛鹏少爷:我们的福利需要美帝来帮我们争取，我艹，比昂什么世道",
            "time": "13-8-20 16:27"
        },
        {
            "comment id": 4,
            "parent": -1,
            "children": [],
            "user id": "1832324531",
            "user name": "驭酒者",
            "content": "回复@青岛鹏少爷:这段和双休日有什么关系？这能证明是不是美国帮中国定的？",
            "time": "13-8-20 16:06"
        },
        {
            "comment id": 5,
            "parent": -1,
            "children": [],
            "user id": "1832324531",
            "user name": "驭酒者",
            "content": "回复@青岛鹏少爷:这段文字？我说过？",
            "time": "13-8-20 16:04"
        },
        {
            "comment id": 6,
            "parent": -1,
            "children": [],
            "user id": "1832324531",
            "user name": "驭酒者",
            "content": "回复@青岛鹏少爷:那段文字？",
            "time": "13-8-20 16:02"
        },
        {
            "comment id": 7,
            "parent": -1,
            "children": [],
            "user id": "1832324531",
            "user name": "驭酒者",
            "content": "回复@青岛鹏少爷:你自己找理由还是自己心思吧，入世谈判最艰难是99年",
            "time": "13-8-20 15:59"
        },
        {
            "comment id": 8,
            "parent": -1,
            "children": [],
            "user id": "2609476800",
            "user name": "青岛老贝",
            "content": "回复@青岛鹏少爷:FBI确认的？",
            "time": "13-8-20 15:58"
        },
        {
            "comment id": 9,
            "parent": -1,
            "children": [],
            "user id": "1832324531",
            "user name": "驭酒者",
            "content": "回复@青岛鹏少爷:你不说因素吗？",
            "time": "13-8-20 15:55"
        },
        {
            "comment id": 10,
            "parent": -1,
            "children": [],
            "user id": "1832324531",
            "user name": "驭酒者",
            "content": "回复@青岛鹏少爷:先搞清80早还是90早吧",
            "time": "13-8-20 15:54"
        },
        {
            "comment id": 11,
            "parent": -1,
            "children": [],
            "user id": "1832324531",
            "user name": "驭酒者",
            "content": "回复@青岛鹏少爷:这种被打脸多次的老谣我是真懒得再说了，已举报，是不是谣言我就不说了",
            "time": "13-8-20 15:52"
        },
        {
            "comment id": 12,
            "parent": -1,
            "children": [],
            "user id": "1832324531",
            "user name": "驭酒者",
            "content": "回复@青岛鹏少爷:是博主说的因素吗？",
            "time": "13-8-20 15:47"
        },
        {
            "comment id": 13,
            "parent": -1,
            "children": [],
            "user id": "1832324531",
            "user name": "驭酒者",
            "content": "回复@青岛鹏少爷:这比80年代早？",
            "time": "13-8-20 15:40"
        },
        {
            "comment id": 14,
            "parent": -1,
            "children": [],
            "user id": "1832324531",
            "user name": "驭酒者",
            "content": "回复@青岛鹏少爷:那你拿出证据啊，我说的有证明，你说的50年代呢？",
            "time": "13-8-20 15:38"
        },
        {
            "comment id": 15,
            "parent": -1,
            "children": [],
            "user id": "1832324531",
            "user name": "驭酒者",
            "content": "回复@青岛鹏少爷:上世纪80年代我国已经开始着手准备双休日制度网页链接",
            "time": "13-8-20 15:35"
        },
        {
            "comment id": 16,
            "parent": -1,
            "children": [],
            "user id": "1832324531",
            "user name": "驭酒者",
            "content": "回复@青岛鹏少爷:自己看链接",
            "time": "13-8-20 15:33"
        },
        {
            "comment id": 17,
            "parent": -1,
            "children": [],
            "user id": "1832324531",
            "user name": "驭酒者",
            "content": "回复@青岛鹏少爷:与美入世谈判始于97年10月26日。我国双休日开始是1995年5月1日网页链接",
            "time": "13-8-20 15:31"
        },
        {
            "comment id": 18,
            "parent": -1,
            "children": [],
            "user id": "2609476800",
            "user name": "青岛老贝",
            "content": "回复@青岛鹏少爷:艹，人家敢说你就敢信！",
            "time": "13-8-20 14:58"
        },
        {
            "comment id": 19,
            "parent": -1,
            "children": [],
            "user id": "1496911830",
            "user name": "王岩---37地产",
            "content": "就是。去美国打到他们！//@李孟城: 万恶的美帝！你个挨千刀的，咋不多提点条件啊？！[愤怒]//@王岩---37地产:必须感谢党和政府（尽管心里不一定是这么想的）//@王大国中庸: 还有这故事?美利坚合众国万岁!",
            "time": "13-8-18 18:19"
        },
        {
            "comment id": 20,
            "parent": -1,
            "children": [],
            "user id": "1902941865",
            "user name": "Prof_Gwok",
            "content": "网页链接",
            "time": "13-8-18 17:58"
        },
        {
            "comment id": 21,
            "parent": -1,
            "children": [],
            "user id": "1496911830",
            "user name": "王岩---37地产",
            "content": "不去美国怎么打到他们？//@朕知道啦: 党和国家是有苦衷的，我们要理解。打倒美帝要发自肺腑的啊//@王岩---37地产: 必须感谢党和政府（尽管心里不一定是这么想的）//@王大国中庸: 还有这故事?美利坚合众国万岁!",
            "time": "13-8-18 17:49"
        },
        {
            "comment id": 22,
            "parent": -1,
            "children": [],
            "user id": "2204266804",
            "user name": "桑榆非晚也",
            "content": "记得非常清楚就是从初二时那个五一开始有双休的，原来使这回事啊…",
            "time": "13-8-18 17:25"
        },
        {
            "comment id": 23,
            "parent": -1,
            "children": [],
            "user id": "1496911830",
            "user name": "王岩---37地产",
            "content": "必须感谢党和政府（尽管心里不一定是这么想的）//@王大国中庸: 还有这故事?美利坚合众国万岁!",
            "time": "13-8-18 17:25"
        },
        {
            "comment id": 24,
            "parent": -1,
            "children": [],
            "user id": "2356944525",
            "user name": "潍坊慢生活",
            "content": "那为什么很多没有双休的",
            "time": "13-8-18 17:22"
        },
        {
            "comment id": 25,
            "parent": -1,
            "children": [],
            "user id": "1684797290",
            "user name": "王大国中庸",
            "content": "还有这故事?美利坚合众国万岁!",
            "time": "13-8-18 17:17"
        }
    ]
}