{
    "source": {
        "content": "浙江磐安人工降雨失误，竟然降。。。降雪了[雪][雪][雪]#段子# ",
        "time": "13-8-18 20:44",
        "user id": "2118931932",
        "tweet id": "A5lEsxu99",
        "label": 1,
        "theme": "社会生活"
    },
    "comment": [
        {
            "comment id": 0,
            "parent": -1,
            "children": [],
            "user id": "1316159650",
            "user name": "平凡的1949",
            "content": "",
            "time": "13-8-19 14:16"
        },
        {
            "comment id": 1,
            "parent": -1,
            "children": [],
            "user id": "3173397535",
            "user name": "上善若水_waterliker",
            "content": "不错呀！！！大热天的，下雪多惬意",
            "time": "13-8-19 11:39"
        },
        {
            "comment id": 2,
            "parent": -1,
            "children": [],
            "user id": "2669472193",
            "user name": "星计划_郑钦坡",
            "content": "这………… //@围观人员PY://@Mr_呆萌亮_譚詠麟de不锈钢粉絲: 【失雪过多】@徐毅 ",
            "time": "13-8-19 10:00"
        },
        {
            "comment id": 3,
            "parent": -1,
            "children": [],
            "user id": "1827089831",
            "user name": "呆萌de校長",
            "content": "【失雪过多】@徐毅 ",
            "time": "13-8-19 09:43"
        },
        {
            "comment id": 4,
            "parent": -1,
            "children": [],
            "user id": "2944006872",
            "user name": "干掉的原子笔",
            "content": "羊毛衫翻册来//@羽过纷飞: @干掉的原子笔 感受下",
            "time": "13-8-19 08:48"
        },
        {
            "comment id": 5,
            "parent": -1,
            "children": [],
            "user id": "1678402003",
            "user name": "大脸康",
            "content": "30多度，雪不会化？",
            "time": "13-8-19 08:40"
        },
        {
            "comment id": 6,
            "parent": -1,
            "children": [],
            "user id": "1037108935",
            "user name": "末日anger",
            "content": "瞬间从夏天变为了冬天。。。@林建楊 @Falcon的云之彼端  //@来钱也: //@上海潮流资讯://@板砖和豆腐哪个好使: 那天长沙搞个飞机人工降雨，搞半天结果把阴天给降晴了。。。。。",
            "time": "13-8-19 07:02"
        },
        {
            "comment id": 7,
            "parent": -1,
            "children": [],
            "user id": "1403786500",
            "user name": "李二卿-Eric",
            "content": "[挖鼻屎]",
            "time": "13-8-19 06:18"
        },
        {
            "comment id": 8,
            "parent": -1,
            "children": [],
            "user id": "1879899784",
            "user name": "不小正",
            "content": "@苏小囡",
            "time": "13-8-19 00:28"
        },
        {
            "comment id": 9,
            "parent": -1,
            "children": [],
            "user id": "2576698894",
            "user name": "羽球tim",
            "content": "上海求失误",
            "time": "13-8-19 00:09"
        },
        {
            "comment id": 10,
            "parent": -1,
            "children": [],
            "user id": "1416621912",
            "user name": "Bsr的旅行",
            "content": "//@上海薰衣草5:  //@猫和小黄鱼://@上海潮流资讯://@板砖和豆腐哪个好使: 那天长沙搞个飞机人工降雨，搞半天结果把阴天给降晴了。。。。。",
            "time": "13-8-19 00:09"
        },
        {
            "comment id": 11,
            "parent": -1,
            "children": [],
            "user id": "2203265682",
            "user name": "顾培欣",
            "content": "字幕给露馅了",
            "time": "13-8-18 23:57"
        },
        {
            "comment id": 12,
            "parent": -1,
            "children": [],
            "user id": "1569668822",
            "user name": "乐乐往哪里爬",
            "content": "那天长沙搞个飞机人工降雨，搞半天结果把阴天给降晴了。。。。。",
            "time": "13-8-18 22:38"
        },
        {
            "comment id": 13,
            "parent": -1,
            "children": [],
            "user id": "2558060482",
            "user name": "路西法207",
            "content": "回复@水恋de小窝:这么牛！",
            "time": "13-8-18 22:34"
        },
        {
            "comment id": 14,
            "parent": -1,
            "children": [],
            "user id": "1968129027",
            "user name": "纽泽西的雪",
            "content": " @晓阳儿Ellie",
            "time": "13-8-18 22:31"
        },
        {
            "comment id": 15,
            "parent": -1,
            "children": [],
            "user id": "2345485002",
            "user name": "水恋de小窝",
            "content": " @路西法207",
            "time": "13-8-18 22:07"
        },
        {
            "comment id": 16,
            "parent": -1,
            "children": [],
            "user id": "1761232115",
            "user name": "因为有乐willy",
            "content": "PS的",
            "time": "13-8-18 21:56"
        },
        {
            "comment id": 17,
            "parent": -1,
            "children": [],
            "user id": "1475858697",
            "user name": "暗行的御史-同心合一",
            "content": "六月飘雪？",
            "time": "13-8-18 21:33"
        },
        {
            "comment id": 18,
            "parent": -1,
            "children": [],
            "user id": "1298670444",
            "user name": "我胡啦",
            "content": " @蛋蛋艾桑",
            "time": "13-8-18 21:26"
        },
        {
            "comment id": 19,
            "parent": -1,
            "children": [],
            "user id": "1819763725",
            "user name": "涂氏震山若川亦虓",
            "content": "没可能是冤案吗？//@蒼天熊貓: //@魔都路人丙: ",
            "time": "13-8-18 21:21"
        },
        {
            "comment id": 20,
            "parent": -1,
            "children": [],
            "user id": "1938450971",
            "user name": "SNH48-芷昔莫魂",
            "content": "回复@龙音未来:上海好几年都降雪了，而且下得还挺大的[雪]",
            "time": "13-8-18 21:21"
        },
        {
            "comment id": 21,
            "parent": -1,
            "children": [],
            "user id": "2138676845",
            "user name": "康源堂-小二",
            "content": "@福建省气象局。我人生理想就靠你了，我里格擦。",
            "time": "13-8-18 21:20"
        },
        {
            "comment id": 22,
            "parent": -1,
            "children": [],
            "user id": "1654203557",
            "user name": "龙音未来",
            "content": "回复@张含韵韵闻:浙江这边很久不大雪的",
            "time": "13-8-18 21:18"
        },
        {
            "comment id": 23,
            "parent": -1,
            "children": [],
            "user id": "1938450971",
            "user name": "SNH48-芷昔莫魂",
            "content": "回复@龙音未来:我也想啊",
            "time": "13-8-18 21:16"
        },
        {
            "comment id": 24,
            "parent": -1,
            "children": [],
            "user id": "2118931932",
            "user name": "上海潮流资讯",
            "content": "回复@慈溪店小二:都写了是个段子啊 笑笑么好了呀，没别的意思，希望没有伤害到您的城市的感情，抱歉啊~",
            "time": "13-8-18 21:15"
        },
        {
            "comment id": 25,
            "parent": -1,
            "children": [],
            "user id": "1654203557",
            "user name": "龙音未来",
            "content": "回复@张含韵韵闻:求失误，求降雪，我要出雪景[花心]",
            "time": "13-8-18 21:08"
        },
        {
            "comment id": 26,
            "parent": -1,
            "children": [],
            "user id": "2517748434",
            "user name": "慈溪店小二",
            "content": "降你妈阿博主又在传播谣言，",
            "time": "13-8-18 21:06"
        },
        {
            "comment id": 27,
            "parent": -1,
            "children": [],
            "user id": "1922053652",
            "user name": "Johnny不庄严",
            "content": "上海求失误",
            "time": "13-8-18 21:04"
        },
        {
            "comment id": 28,
            "parent": -1,
            "children": [],
            "user id": "1938450971",
            "user name": "SNH48-芷昔莫魂",
            "content": "@龙音未来   你有何看法",
            "time": "13-8-18 21:02"
        },
        {
            "comment id": 29,
            "parent": -1,
            "children": [],
            "user id": "2577487442",
            "user name": "芹姑拉姑",
            "content": "好假。",
            "time": "13-8-18 20:54"
        },
        {
            "comment id": 30,
            "parent": -1,
            "children": [],
            "user id": "2057678435",
            "user name": "我要做捆废柴晒太阳",
            "content": " @旺食忘忧",
            "time": "13-8-18 20:54"
        },
        {
            "comment id": 31,
            "parent": -1,
            "children": [],
            "user id": "1889625494",
            "user name": "mikkeydee",
            "content": "没视频说个jb",
            "time": "13-8-18 20:47"
        },
        {
            "comment id": 32,
            "parent": -1,
            "children": [],
            "user id": "2285714321",
            "user name": "怪噵",
            "content": " @AmorphisDM ",
            "time": "13-8-18 20:47"
        },
        {
            "comment id": 33,
            "parent": -1,
            "children": [],
            "user id": "1881235595",
            "user name": "Hi扭扭ER",
            "content": "酷",
            "time": "13-8-18 20:45"
        }
    ]
}