{
    "source": {
        "content": "求证：网易@拈花笑评9： 你就是把所有用户都封了也掩盖不住清源水灾的真实情况，死亡已达到四五千人，电视只报53人，失踪无数。这场水灾并非天灾，而是人为，就为一个红河谷漂流，四座水库同时憋水，导致大雨来临来不及排水而淹没村庄！微博说：这是事实，电视不播，我们自己转吧！求证！ ",
        "time": "13-8-22 13:31",
        "user id": "2138511690",
        "tweet id": "A5Uwuph9u",
        "label": 1,
        "theme": "社会生活"
    },
    "comment": [
        {
            "comment id": 0,
            "parent": -1,
            "children": [],
            "user id": "2341023251",
            "user name": "鑫小弟w",
            "content": "转发微博",
            "time": "13-8-23 10:36"
        },
        {
            "comment id": 1,
            "parent": -1,
            "children": [],
            "user id": "2785202892",
            "user name": "708090一句心情签名",
            "content": "转发微博",
            "time": "13-8-22 23:46"
        },
        {
            "comment id": 2,
            "parent": -1,
            "children": [],
            "user id": "2138511690",
            "user name": "竹溪",
            "content": "回复@俺们那旮旯贼穷:",
            "time": "13-8-22 22:08"
        },
        {
            "comment id": 3,
            "parent": -1,
            "children": [],
            "user id": "1838983635",
            "user name": "用户18496003",
            "content": "小心被造谣。",
            "time": "13-8-22 21:22"
        },
        {
            "comment id": 4,
            "parent": -1,
            "children": [],
            "user id": "3198499621",
            "user name": "俺们那旮旯贼穷",
            "content": "转发微博",
            "time": "13-8-22 18:59"
        },
        {
            "comment id": 5,
            "parent": -1,
            "children": [],
            "user id": "2647036652",
            "user name": "司行思",
            "content": "转发微博",
            "time": "13-8-22 14:21"
        },
        {
            "comment id": 6,
            "parent": -1,
            "children": [],
            "user id": "2398097242",
            "user name": "乌托邦里的乌",
            "content": "求证。",
            "time": "13-8-22 13:39"
        },
        {
            "comment id": 7,
            "parent": -1,
            "children": [],
            "user id": "2138511690",
            "user name": "竹溪",
            "content": "回复@英雄山路小学:",
            "time": "13-8-22 13:33"
        },
        {
            "comment id": 8,
            "parent": -1,
            "children": [],
            "user id": "2266139084",
            "user name": "英雄山路小学",
            "content": "小心追究。。。",
            "time": "13-8-22 13:32"
        }
    ]
}