{
    "source": {
        "content": "【凤凰夜读】有一天，你会感谢所有折磨你的人和事。折磨就是锻炼。没有受过折磨，我们不会成长，不会变得成熟，也不会拥有智慧。不要被所有的折磨打倒，你要用这些折磨来自我提升。长夜哭泣之后，你会感谢所有折磨过你的人。他们成就了你。——张小娴《想念》 ",
        "time": "13-8-26 22:02",
        "user id": "1643971635",
        "tweet id": "A6zzWBlh6",
        "label": 0,
        "theme": "文体娱乐"
    },
    "comment": [
        {
            "comment id": 0,
            "parent": -1,
            "children": [],
            "user id": "3562565912",
            "user name": "无忧枫叶沁",
            "content": "转发微博",
            "time": "13-9-9 07:36"
        },
        {
            "comment id": 1,
            "parent": -1,
            "children": [],
            "user id": "1130839771",
            "user name": "卖冰棍儿的老板",
            "content": "有所成就的人，曾经的折磨是重要的积淀！",
            "time": "13-9-7 09:52"
        },
        {
            "comment id": 2,
            "parent": -1,
            "children": [],
            "user id": "2628001321",
            "user name": "酒瓶上的指纹印",
            "content": "",
            "time": "13-9-1 00:58"
        },
        {
            "comment id": 3,
            "parent": -1,
            "children": [],
            "user id": "1595453600",
            "user name": "枯叶蝶cheerio",
            "content": "然！！！折磨就算成就人，留下的创伤和疤痕也许一生都不能平复。",
            "time": "13-8-30 19:46"
        },
        {
            "comment id": 4,
            "parent": -1,
            "children": [],
            "user id": "3042567094",
            "user name": "木子木可09",
            "content": "应该感谢那些曾经折磨、为难你的人，是他们让你变的更成熟、更坚强。",
            "time": "13-8-29 16:39"
        },
        {
            "comment id": 5,
            "parent": -1,
            "children": [],
            "user id": "1955994027",
            "user name": "百分之十佣金",
            "content": "說給我自己......",
            "time": "13-8-28 23:46"
        },
        {
            "comment id": 6,
            "parent": -1,
            "children": [],
            "user id": "1998006653",
            "user name": "落___叶",
            "content": "回复@无言以对WJ:加油！",
            "time": "13-8-28 13:53"
        },
        {
            "comment id": 7,
            "parent": -1,
            "children": [],
            "user id": "1998006653",
            "user name": "落___叶",
            "content": "回复@__荔枝_:更系",
            "time": "13-8-28 13:53"
        },
        {
            "comment id": 8,
            "parent": -1,
            "children": [],
            "user id": "2309852162",
            "user name": "无言以对WJ",
            "content": "回复@落___叶:我正在苦练中",
            "time": "13-8-28 13:13"
        },
        {
            "comment id": 9,
            "parent": -1,
            "children": [],
            "user id": "1685420223",
            "user name": "Viv-tangtang",
            "content": "回复@TheOnlyMaryQueen:知道你都明白这些，只是一个人还难过的时候能想到点正能量的这些，抱抱",
            "time": "13-8-27 23:58"
        },
        {
            "comment id": 10,
            "parent": -1,
            "children": [],
            "user id": "2104581250",
            "user name": "TheOnlyMaryQueen",
            "content": "回复@Viv-tangtang:我知道，其实长那么大，常常是一些负能量、挫折推动着成长……",
            "time": "13-8-27 23:28"
        },
        {
            "comment id": 11,
            "parent": -1,
            "children": [],
            "user id": "1418387312",
            "user name": "VST3-JENNIE",
            "content": "",
            "time": "13-8-27 22:19"
        },
        {
            "comment id": 12,
            "parent": -1,
            "children": [],
            "user id": "2849911845",
            "user name": "雷雷--天赋疗愈导师",
            "content": "回复@kisssey:是啊 他们成就了现在的我们",
            "time": "13-8-27 19:20"
        },
        {
            "comment id": 13,
            "parent": -1,
            "children": [],
            "user id": "2269103152",
            "user name": "薰衣草小屋快乐",
            "content": "转了！",
            "time": "13-8-27 16:01"
        },
        {
            "comment id": 14,
            "parent": -1,
            "children": [],
            "user id": "2027681233",
            "user name": "自然栀子WY",
            "content": "转发微博",
            "time": "13-8-27 13:19"
        },
        {
            "comment id": 15,
            "parent": -1,
            "children": [],
            "user id": "1662831264",
            "user name": "不再用111111",
            "content": "回复@猫洱石_Maoers:傻猫啊~~",
            "time": "13-8-27 12:12"
        },
        {
            "comment id": 16,
            "parent": -1,
            "children": [],
            "user id": "1946861080",
            "user name": "骑着流星去探险",
            "content": "回复@_Desperated_Soul:生是为了追求自己的理想，离开在于你能够放下你获得的所有！",
            "time": "13-8-27 11:53"
        },
        {
            "comment id": 17,
            "parent": -1,
            "children": [],
            "user id": "2841828390",
            "user name": "常乐故事",
            "content": "成长是需要代价的",
            "time": "13-8-27 11:42"
        },
        {
            "comment id": 18,
            "parent": -1,
            "children": [],
            "user id": "2514095725",
            "user name": "sssmile2011",
            "content": "自我提升",
            "time": "13-8-27 11:18"
        },
        {
            "comment id": 19,
            "parent": -1,
            "children": [],
            "user id": "3745733281",
            "user name": "duke红石_692",
            "content": "成长的经历",
            "time": "13-8-27 11:05"
        },
        {
            "comment id": 20,
            "parent": -1,
            "children": [],
            "user id": "2640968214",
            "user name": "yoyoW杨",
            "content": "那些给予过帮助鼓励的人值得感谢，而那些曾打击你伤害过的人和事，同样也值得感谢，因为这些，你才会成长",
            "time": "13-8-27 10:56"
        },
        {
            "comment id": 21,
            "parent": -1,
            "children": [],
            "user id": "1742613060",
            "user name": "AlexanderHowardHsia",
            "content": "那王立军是不是得好好感谢薄大爷他全家？",
            "time": "13-8-27 09:47"
        },
        {
            "comment id": 22,
            "parent": -1,
            "children": [],
            "user id": "1856683690",
            "user name": "悠然之梦",
            "content": " @丁丁莫-LEO 晶晶 看",
            "time": "13-8-27 09:31"
        },
        {
            "comment id": 23,
            "parent": -1,
            "children": [],
            "user id": "1997859591",
            "user name": "__琉璃苣_",
            "content": "回复@落___叶:甘有感触噶？？",
            "time": "13-8-27 09:16"
        },
        {
            "comment id": 24,
            "parent": -1,
            "children": [],
            "user id": "1784889371",
            "user name": "Sophiehongyeh",
            "content": "这话我不同意哈…",
            "time": "13-8-27 08:58"
        },
        {
            "comment id": 25,
            "parent": -1,
            "children": [],
            "user id": "1258468201",
            "user name": "简M易",
            "content": "磨练这个词就是这样形成的……人生之甘苦！",
            "time": "13-8-27 08:43"
        },
        {
            "comment id": 26,
            "parent": -1,
            "children": [],
            "user id": "2055466441",
            "user name": "森森鬘",
            "content": "回复@万丰老师:所以你折磨我是在成就我！",
            "time": "13-8-27 08:29"
        },
        {
            "comment id": 27,
            "parent": -1,
            "children": [],
            "user id": "3174863700",
            "user name": "老地主972",
            "content": "在理！",
            "time": "13-8-27 07:36"
        },
        {
            "comment id": 28,
            "parent": -1,
            "children": [],
            "user id": "2646415611",
            "user name": "weiq666",
            "content": "折磨更能历练人",
            "time": "13-8-27 07:10"
        },
        {
            "comment id": 29,
            "parent": -1,
            "children": [],
            "user id": "2281680170",
            "user name": "付-万-丰",
            "content": " @薆兮",
            "time": "13-8-27 05:44"
        },
        {
            "comment id": 30,
            "parent": -1,
            "children": [],
            "user id": "1595654442",
            "user name": "李先生微博_",
            "content": "转发微博",
            "time": "13-8-27 05:43"
        },
        {
            "comment id": 31,
            "parent": -1,
            "children": [],
            "user id": "2683662921",
            "user name": "老刀66",
            "content": "转发",
            "time": "13-8-27 04:18"
        },
        {
            "comment id": 32,
            "parent": -1,
            "children": [],
            "user id": "3226148482",
            "user name": "刚毅的小顽鱼",
            "content": "",
            "time": "13-8-27 02:54"
        },
        {
            "comment id": 33,
            "parent": -1,
            "children": [],
            "user id": "1930684213",
            "user name": "康拜宁",
            "content": "转发微博",
            "time": "13-8-27 01:42"
        },
        {
            "comment id": 34,
            "parent": -1,
            "children": [],
            "user id": "2278921764",
            "user name": "---zou---",
            "content": "转发微博",
            "time": "13-8-27 00:43"
        },
        {
            "comment id": 35,
            "parent": -1,
            "children": [],
            "user id": "2347033504",
            "user name": "heartworm_B",
            "content": "",
            "time": "13-8-27 00:39"
        },
        {
            "comment id": 36,
            "parent": -1,
            "children": [],
            "user id": "2622689401",
            "user name": "祖玛珑",
            "content": "感谢所有折磨你的人和事。",
            "time": "13-8-27 00:33"
        },
        {
            "comment id": 37,
            "parent": -1,
            "children": [],
            "user id": "2008554447",
            "user name": "梁玉萍--容君",
            "content": "感谢生命中遇见的所有人，大家都是最好的营养剂，填补了生命的空白，增加了命运的多彩！",
            "time": "13-8-27 00:31"
        },
        {
            "comment id": 38,
            "parent": -1,
            "children": [],
            "user id": "2149078461",
            "user name": "AllenWongCQ",
            "content": "成就？！",
            "time": "13-8-27 00:27"
        },
        {
            "comment id": 39,
            "parent": -1,
            "children": [],
            "user id": "2669716062",
            "user name": "雅墨飘香",
            "content": "有同感",
            "time": "13-8-27 00:15"
        },
        {
            "comment id": 40,
            "parent": -1,
            "children": [],
            "user id": "2340647235",
            "user name": "刘功文HF",
            "content": "转发微博",
            "time": "13-8-27 00:12"
        },
        {
            "comment id": 41,
            "parent": -1,
            "children": [],
            "user id": "2076750203",
            "user name": "Rhythm--D",
            "content": "是吧",
            "time": "13-8-27 00:09"
        },
        {
            "comment id": 42,
            "parent": -1,
            "children": [],
            "user id": "2369110015",
            "user name": "Kingshw",
            "content": "感谢那些人和事",
            "time": "13-8-27 00:06"
        },
        {
            "comment id": 43,
            "parent": -1,
            "children": [],
            "user id": "1924125083",
            "user name": "黑框长颈鹿",
            "content": "我要睡了，不停折磨我的人生，晚安…咱们明天继续折磨",
            "time": "13-8-27 00:05"
        },
        {
            "comment id": 44,
            "parent": -1,
            "children": [],
            "user id": "2407032611",
            "user name": "静静想我我不想静静",
            "content": "虽说此话是用以安慰此刻正受着折磨的人，可是，凭什么要感激这些折磨和带来折磨的人？该庆幸的自己终于熬过来了，没有人愿意经历第二次，有哪个傻子愿意再被捅一刀之后学习到刀子是凶器呢？明明一开始就知道好么！怎么去感激刀子？怎么去感激持刀之人？所以，最烦这些假装圣母的废话！",
            "time": "13-8-26 23:55"
        },
        {
            "comment id": 45,
            "parent": -1,
            "children": [],
            "user id": "1903336241",
            "user name": "张堂杰",
            "content": "@-那一缕孤魂",
            "time": "13-8-26 23:51"
        },
        {
            "comment id": 46,
            "parent": -1,
            "children": [],
            "user id": "1867884554",
            "user name": "若风来吹向何方",
            "content": "我想即使我被折磨成功了我也无法感谢折磨我的人",
            "time": "13-8-26 23:36"
        },
        {
            "comment id": 47,
            "parent": -1,
            "children": [],
            "user id": "2129595433",
            "user name": "南山有个人",
            "content": "現在是不是該求虐，遊戲繼續下去的動力在於總是贏……",
            "time": "13-8-26 23:33"
        },
        {
            "comment id": 48,
            "parent": -1,
            "children": [],
            "user id": "2475988330",
            "user name": "泠希贤雅",
            "content": " @JANE--NAZY",
            "time": "13-8-26 23:32"
        },
        {
            "comment id": 49,
            "parent": -1,
            "children": [],
            "user id": "1922185690",
            "user name": "圣母玛利亚V",
            "content": "非常认同，我们有着一颗不愄艰难险阻的心，和一种乐观积极的人生态度。",
            "time": "13-8-26 23:31"
        },
        {
            "comment id": 50,
            "parent": -1,
            "children": [],
            "user id": "3187278435",
            "user name": "joyceting0112",
            "content": "哈哈，感谢你们…",
            "time": "13-8-26 23:30"
        },
        {
            "comment id": 51,
            "parent": -1,
            "children": [],
            "user id": "2219299212",
            "user name": "哥特9515",
            "content": "理智，励志，总会让我们在失败的阴影下，找到自己的目标与方向！永远保持一份整装待发的状态！未来，我来！Come  on![落叶][噢耶]",
            "time": "13-8-26 23:26"
        },
        {
            "comment id": 52,
            "parent": -1,
            "children": [],
            "user id": "3126527161",
            "user name": "陈二牛195",
            "content": "羔羊为您提供各种国内外麻辣趣闻、视频美图，绿色无污染，随手关注一下呗",
            "time": "13-8-26 23:26"
        },
        {
            "comment id": 53,
            "parent": -1,
            "children": [],
            "user id": "2455057845",
            "user name": "考拉喜欢吃巧克",
            "content": "转发微博",
            "time": "13-8-26 23:25"
        },
        {
            "comment id": 54,
            "parent": -1,
            "children": [],
            "user id": "2164504107",
            "user name": "林小瑜sf",
            "content": "回复@落___叶:嗯嗯",
            "time": "13-8-26 23:23"
        },
        {
            "comment id": 55,
            "parent": -1,
            "children": [],
            "user id": "1679345641",
            "user name": "喜乐的乐",
            "content": "转发微博",
            "time": "13-8-26 23:23"
        },
        {
            "comment id": 56,
            "parent": -1,
            "children": [],
            "user id": "2751534535",
            "user name": "_______喵",
            "content": "谢谢",
            "time": "13-8-26 23:21"
        },
        {
            "comment id": 57,
            "parent": -1,
            "children": [],
            "user id": "2618681283",
            "user name": "寂静之声zc",
            "content": "哇，评论速度够快，一下子到百。",
            "time": "13-8-26 23:19"
        },
        {
            "comment id": 58,
            "parent": -1,
            "children": [],
            "user id": "1832974560",
            "user name": "Gemmydan",
            "content": "他们成就了我吗",
            "time": "13-8-26 23:19"
        },
        {
            "comment id": 59,
            "parent": -1,
            "children": [],
            "user id": "2527842100",
            "user name": "旋子窝窝",
            "content": "最近被折磨中，看后觉着好励志",
            "time": "13-8-26 23:14"
        },
        {
            "comment id": 60,
            "parent": -1,
            "children": [],
            "user id": "1920426125",
            "user name": "CClism",
            "content": "【我有不同观点】折磨并不是提升的必要条件，甚至也不是充分条件。若是有意为之，简直称得上可恶，更不能被感谢。鼓励、爱护与支持才代表着善意与善行，更符合人性，更有积极效果。为什么要感谢前者而不是后者呢？难道受虐是人的优先选项？",
            "time": "13-8-26 23:14"
        },
        {
            "comment id": 61,
            "parent": -1,
            "children": [],
            "user id": "1949413463",
            "user name": "五月的青麦",
            "content": "感谢！",
            "time": "13-8-26 23:07"
        },
        {
            "comment id": 62,
            "parent": -1,
            "children": [],
            "user id": "2631562791",
            "user name": "精神创可贴",
            "content": "人有经历，才有感悟",
            "time": "13-8-26 23:02"
        },
        {
            "comment id": 63,
            "parent": -1,
            "children": [],
            "user id": "1933974020",
            "user name": "边缘一直",
            "content": "转发微博",
            "time": "13-8-26 23:02"
        },
        {
            "comment id": 64,
            "parent": -1,
            "children": [],
            "user id": "1662831264",
            "user name": "不再用111111",
            "content": "@猫洱石_Maoers 傻猫，这段话，让我想起你跟我说起的，你原来被人欺负的时候",
            "time": "13-8-26 22:59"
        },
        {
            "comment id": 65,
            "parent": -1,
            "children": [],
            "user id": "2826278622",
            "user name": "雨虹的柠檬汁",
            "content": "转发微博",
            "time": "13-8-26 22:57"
        },
        {
            "comment id": 66,
            "parent": -1,
            "children": [],
            "user id": "2281385342",
            "user name": "菠萝蜜100",
            "content": "只转发，不评论。仁者见仁，智者见智",
            "time": "13-8-26 22:57"
        },
        {
            "comment id": 67,
            "parent": -1,
            "children": [],
            "user id": "2446383213",
            "user name": "锦之浩I",
            "content": "转发微博",
            "time": "13-8-26 22:56"
        },
        {
            "comment id": 68,
            "parent": -1,
            "children": [],
            "user id": "2876298425",
            "user name": "郡主的城池",
            "content": "也感谢那些爱过与付出过的人",
            "time": "13-8-26 22:52"
        },
        {
            "comment id": 69,
            "parent": -1,
            "children": [],
            "user id": "1221440912",
            "user name": "蜗在这里牛在那里",
            "content": "我该感谢谁呢？",
            "time": "13-8-26 22:51"
        },
        {
            "comment id": 70,
            "parent": -1,
            "children": [],
            "user id": "2159316791",
            "user name": "Pharma_Crystal",
            "content": "让暴风雨来的更猛烈些吧！",
            "time": "13-8-26 22:50"
        },
        {
            "comment id": 71,
            "parent": -1,
            "children": [],
            "user id": "2515386427",
            "user name": "MC大龙老师",
            "content": "要对得起之前受过的苦",
            "time": "13-8-26 22:50"
        },
        {
            "comment id": 72,
            "parent": -1,
            "children": [],
            "user id": "3120346212",
            "user name": "地下的青春2013",
            "content": "呜呜",
            "time": "13-8-26 22:49"
        },
        {
            "comment id": 73,
            "parent": -1,
            "children": [],
            "user id": "1363118980",
            "user name": "劒穀",
            "content": "坦然养骨气 乐观莫生气！感谢所有折磨过你的人。他们成就了你。",
            "time": "13-8-26 22:48"
        },
        {
            "comment id": 74,
            "parent": -1,
            "children": [],
            "user id": "2845104055",
            "user name": "天秤座的lulu",
            "content": "共勉…",
            "time": "13-8-26 22:48"
        },
        {
            "comment id": 75,
            "parent": -1,
            "children": [],
            "user id": "1887932197",
            "user name": "凌祥伟",
            "content": "说得很在理。",
            "time": "13-8-26 22:45"
        },
        {
            "comment id": 76,
            "parent": -1,
            "children": [],
            "user id": "1794012547",
            "user name": "广油DX青协",
            "content": "有道理！！！",
            "time": "13-8-26 22:44"
        },
        {
            "comment id": 77,
            "parent": -1,
            "children": [],
            "user id": "1685420223",
            "user name": "Viv-tangtang",
            "content": " @TheOnlyMaryQueen",
            "time": "13-8-26 22:39"
        },
        {
            "comment id": 78,
            "parent": -1,
            "children": [],
            "user id": "2009248265",
            "user name": "大宝贝_Dgx",
            "content": "[呵呵]",
            "time": "13-8-26 22:39"
        },
        {
            "comment id": 79,
            "parent": -1,
            "children": [],
            "user id": "1780457513",
            "user name": "JennieBaby58",
            "content": "",
            "time": "13-8-26 22:38"
        }
    ]
}