{
    "source": {
        "content": "【CNN发布独家消息：马来西亚军机击落MH370】由美国CIA参与的调查显示，已失联五天马来西亚航空公司MH370航班系于2014年3月8日凌晨2时21分被马来西亚军机击落并坠毁于马来西亚槟城西北200英里的马六甲海域，最后发出攻击命令的是马来西亚皇家空军总司令马德扎利-达乌德。 网页链接 ",
        "time": "14-3-13 13:33",
        "user id": "1909767781",
        "tweet id": "AAMinwCS5",
        "label": 1,
        "theme": "社会生活"
    },
    "comment": [
        {
            "comment id": 0,
            "parent": -1,
            "children": [],
            "user id": "1651612393",
            "user name": "Redgun2009",
            "content": "马来空防应该不会太严谨，对应来犯飞行物，相信也不会太认真，击落客机不可能，除非军方指挥官，精神有问题，",
            "time": "14-3-15 13:34"
        },
        {
            "comment id": 1,
            "parent": -1,
            "children": [],
            "user id": "2016713117",
            "user name": "微博客服",
            "content": "回复@高骥中文网:您好！为了消除恶劣影响，因此凡被判定为“不实信息”的微博无法删除。请您谅解。感谢您对新浪微博的支持！",
            "time": "14-3-15 10:50"
        },
        {
            "comment id": 2,
            "parent": -1,
            "children": [],
            "user id": "1238097984",
            "user name": "纯粹七零后",
            "content": "不知是真是假？",
            "time": "14-3-15 10:35"
        },
        {
            "comment id": 3,
            "parent": -1,
            "children": [],
            "user id": "2297626294",
            "user name": "Swatow-品读汕头",
            "content": "不实？",
            "time": "14-3-15 00:07"
        },
        {
            "comment id": 4,
            "parent": -1,
            "children": [],
            "user id": "1909767781",
            "user name": "高骥中文网",
            "content": "请 @微博客服 帮助删除！谢谢！",
            "time": "14-3-14 10:03"
        },
        {
            "comment id": 5,
            "parent": -1,
            "children": [],
            "user id": "2408232913",
            "user name": "吾哀民生之多艰",
            "content": "转发微博",
            "time": "14-3-14 07:38"
        },
        {
            "comment id": 6,
            "parent": -1,
            "children": [],
            "user id": "1909767781",
            "user name": "高骥中文网",
            "content": "CNN该信息仅供参考，有待官方证实！ @新华社中国网事 @人民日报 @中国新闻网 @环球时报",
            "time": "14-3-13 13:55"
        }
    ]
}