{
    "source": {
        "content": "谁能告诉我，这是真的假的。。。是谣言还是真的。。。那些生命啊！#马航飞机失联# 我在这里: ",
        "time": "14-3-13 13:39",
        "user id": "1431351272",
        "tweet id": "AAMkQlGWx",
        "label": 1,
        "theme": "社会生活"
    },
    "comment": [
        {
            "comment id": 0,
            "parent": -1,
            "children": [],
            "user id": "1773738524",
            "user name": "无奸不商奴良妹子",
            "content": "假的。",
            "time": "14-3-13 14:06"
        },
        {
            "comment id": 1,
            "parent": -1,
            "children": [],
            "user id": "2400427881",
            "user name": "SJDDDDDDD",
            "content": "如果是真的，现在也就能找到航油和马方漏掉的残骸",
            "time": "14-3-13 13:55"
        },
        {
            "comment id": 2,
            "parent": -1,
            "children": [],
            "user id": "1826467064",
            "user name": "pimkie0921",
            "content": "还是感觉不靠谱～直接回吉隆坡不好吗～跑那么远迫降～",
            "time": "14-3-13 13:49"
        },
        {
            "comment id": 3,
            "parent": -1,
            "children": [],
            "user id": "1431351272",
            "user name": "超级无敌霹雳小宇宙",
            "content": "回复@默简言:好可怕。。。一瞬间。。。那么多生命",
            "time": "14-3-13 13:47"
        },
        {
            "comment id": 4,
            "parent": -1,
            "children": [],
            "user id": "1727973913",
            "user name": "手握指南针",
            "content": "转发微博",
            "time": "14-3-13 13:42"
        },
        {
            "comment id": 5,
            "parent": -1,
            "children": [],
            "user id": "2871642544",
            "user name": "三年二班邱小冬3",
            "content": "某些人的个人臆测，不能当真，静观进展",
            "time": "14-3-13 13:42"
        }
    ]
}