{
    "source": {
        "content": "#马航飞机失联# 怪不得遮遮掩掩！由美国CIA参与此次调查的调查结果显示，已失联五天之久MH370航班系于2014年3月8日凌晨2时21分被马来西亚军机击落并坠毁于马来西亚槟城西北200英里的马六甲海域，最后发出攻击命令的是马来西亚皇家空军总司令马德扎利-达乌德。（CNN特派记者：ONEJOYO 发自吉隆坡） ",
        "time": "14-3-13 13:51",
        "user id": "3848938548",
        "tweet id": "AAMpBvzFc",
        "label": 1,
        "theme": "社会生活"
    },
    "comment": [
        {
            "comment id": 0,
            "parent": -1,
            "children": [],
            "user id": "2348141485",
            "user name": "烟斗是个好东西",
            "content": "击落后飞五小时？",
            "time": "14-3-14 15:30"
        },
        {
            "comment id": 1,
            "parent": -1,
            "children": [],
            "user id": "1503241877",
            "user name": "囤物君",
            "content": "真的假的啊",
            "time": "14-3-13 18:05"
        },
        {
            "comment id": 2,
            "parent": -1,
            "children": [],
            "user id": "2923518611",
            "user name": "收起内心那份年少轻狂",
            "content": "真的？假的？",
            "time": "14-3-13 14:49"
        },
        {
            "comment id": 3,
            "parent": -1,
            "children": [],
            "user id": "3848938548",
            "user name": "游历四维",
            "content": "#马航飞机失联# 吉隆坡流言乱飞 CNN否认报道“击落说” 网页链接 （分享自 @新浪新闻）",
            "time": "14-3-13 14:29"
        },
        {
            "comment id": 4,
            "parent": -1,
            "children": [],
            "user id": "3848938548",
            "user name": "游历四维",
            "content": "吉隆坡流言乱飞 CNN否认报道“击落说” 网页链接 （分享自 @新浪新闻）",
            "time": "14-3-13 14:28"
        },
        {
            "comment id": 5,
            "parent": -1,
            "children": [],
            "user id": "2676236702",
            "user name": "春末至初冬",
            "content": "是真的吗？",
            "time": "14-3-13 14:24"
        },
        {
            "comment id": 6,
            "parent": -1,
            "children": [],
            "user id": "1884516601",
            "user name": "王珂NALANXIAO",
            "content": "真的假的",
            "time": "14-3-13 14:00"
        },
        {
            "comment id": 7,
            "parent": -1,
            "children": [],
            "user id": "3613470604",
            "user name": "liu_ruiqin",
            "content": "要不要轉發500博主",
            "time": "14-3-13 13:59"
        },
        {
            "comment id": 8,
            "parent": -1,
            "children": [],
            "user id": "2767823031",
            "user name": "Dasibuai",
            "content": "转发500坐等坐牢。",
            "time": "14-3-13 13:56"
        },
        {
            "comment id": 9,
            "parent": -1,
            "children": [],
            "user id": "1503241877",
            "user name": "囤物君",
            "content": "真的假的啊",
            "time": "14-3-13 13:56"
        },
        {
            "comment id": 10,
            "parent": -1,
            "children": [],
            "user id": "2013731804",
            "user name": "招财小金机",
            "content": "",
            "time": "14-3-13 13:55"
        },
        {
            "comment id": 11,
            "parent": -1,
            "children": [],
            "user id": "2110425590",
            "user name": "Long小小bbbbby",
            "content": "但愿不是真的！",
            "time": "14-3-13 13:55"
        }
    ]
}