{
    "source": {
        "content": "文章、马伊琍、姚笛上热搜，俺不奇怪，咋高晓松也上了热搜哩？再一看，原来是@文章同學 的道歉信抄袭了@高晓松 的，高老师躺着中枪呀~ ",
        "time": "14-3-31 14:54",
        "user id": "1620237582",
        "tweet id": "ADwvW0wlC",
        "label": 1,
        "theme": "文体娱乐"
    },
    "comment": [
        {
            "comment id": 0,
            "parent": -1,
            "children": [],
            "user id": "1870361727",
            "user name": "小阿呆不是小呆瓜",
            "content": "传播谣言者道德好高尚啊，哈哈。",
            "time": "14-4-4 15:24"
        },
        {
            "comment id": 1,
            "parent": -1,
            "children": [],
            "user id": "1849288542",
            "user name": "小雨的小嘎",
            "content": "回复@--熊熊:不是啊，不是说高晓松有写过在先吗",
            "time": "14-4-1 10:43"
        },
        {
            "comment id": 2,
            "parent": -1,
            "children": [],
            "user id": "2620174852",
            "user name": "KeKeAiAi94",
            "content": "回复@--熊熊:…人生果然是充满了戏剧性和戏剧性和戏剧性…",
            "time": "14-4-1 00:17"
        },
        {
            "comment id": 3,
            "parent": -1,
            "children": [],
            "user id": "3025037331",
            "user name": "袁安琼_指尖轻敲心间",
            "content": "如有雷同，纯属巧合。雷同99！//@广告公司打杂女//@侬好旁友: 道歉信也抄袭？真的话，太让人无语了！",
            "time": "14-3-31 22:00"
        },
        {
            "comment id": 4,
            "parent": -1,
            "children": [],
            "user id": "1718435202",
            "user name": "麦祺",
            "content": "@刘-键",
            "time": "14-3-31 20:55"
        },
        {
            "comment id": 5,
            "parent": -1,
            "children": [],
            "user id": "1651396453",
            "user name": "杨杨杨梅梅梅梅子子子",
            "content": "晕。。。文章也太敷衍大众了吧。。。",
            "time": "14-3-31 20:14"
        },
        {
            "comment id": 6,
            "parent": -1,
            "children": [],
            "user id": "2183616912",
            "user name": "Guanyuer-",
            "content": "@无法在黑夜里行走的猫",
            "time": "14-3-31 19:54"
        },
        {
            "comment id": 7,
            "parent": -1,
            "children": [],
            "user id": "1929221235",
            "user name": "佳佳佳佳夹子",
            "content": "假的",
            "time": "14-3-31 19:27"
        },
        {
            "comment id": 8,
            "parent": -1,
            "children": [],
            "user id": "2036575065",
            "user name": "麻辣麻辣红ok",
            "content": "回复@--熊熊:对于文章出轨，我根本就不信！不可能不可能！我心里一直的好男人！！！",
            "time": "14-3-31 18:25"
        },
        {
            "comment id": 9,
            "parent": -1,
            "children": [],
            "user id": "2765439187",
            "user name": "_LikeABreeze",
            "content": "回复@--熊熊:哇塞 ，， ，真的假的啊",
            "time": "14-3-31 18:00"
        },
        {
            "comment id": 10,
            "parent": -1,
            "children": [],
            "user id": "1723443645",
            "user name": "一岛一屿",
            "content": "回复@--熊熊:晕",
            "time": "14-3-31 17:22"
        },
        {
            "comment id": 11,
            "parent": -1,
            "children": [],
            "user id": "2344842107",
            "user name": "王耀祺-J",
            "content": "回复@--熊熊:哇，看来你是确定了，那逻辑更正常了，文章的层次基本上不会看高老师的作品的[江南style]",
            "time": "14-3-31 17:22"
        },
        {
            "comment id": 12,
            "parent": -1,
            "children": [],
            "user id": "1715957192",
            "user name": "_Lady呱呱",
            "content": "回复@--熊熊:我天··我认真了",
            "time": "14-3-31 17:19"
        },
        {
            "comment id": 13,
            "parent": -1,
            "children": [],
            "user id": "1620237582",
            "user name": "熊小X同学",
            "content": "回复@王耀祺-J:高老师的道歉信不系这样的。哈哈",
            "time": "14-3-31 17:18"
        },
        {
            "comment id": 14,
            "parent": -1,
            "children": [],
            "user id": "1620237582",
            "user name": "熊小X同学",
            "content": "回复@王耀祺-J:貌似介条消息系谣言，介是一个交警模仿文章的道歉信，写着玩儿的，结果……",
            "time": "14-3-31 17:18"
        },
        {
            "comment id": 15,
            "parent": -1,
            "children": [],
            "user id": "1620237582",
            "user name": "熊小X同学",
            "content": "回复@玮winnie:貌似介条消息系谣言，介是一个交警模仿文章的道歉信，写着玩儿的，结果……",
            "time": "14-3-31 17:17"
        },
        {
            "comment id": 16,
            "parent": -1,
            "children": [],
            "user id": "1620237582",
            "user name": "熊小X同学",
            "content": "回复@_Lady呱呱:貌似介条消息系谣言，介是一个交警模仿文章的道歉信，写着玩儿的，结果……",
            "time": "14-3-31 17:17"
        },
        {
            "comment id": 17,
            "parent": -1,
            "children": [],
            "user id": "1620237582",
            "user name": "熊小X同学",
            "content": "回复@初秋水:貌似介条消息系谣言，介是一个交警模仿文章的道歉信，写着玩儿的，结果……",
            "time": "14-3-31 17:17"
        },
        {
            "comment id": 18,
            "parent": -1,
            "children": [],
            "user id": "1620237582",
            "user name": "熊小X同学",
            "content": "回复@二愣子outsider:貌似介条消息系谣言，介是一个交警模仿文章的道歉信，写着玩儿的，结果……",
            "time": "14-3-31 17:17"
        },
        {
            "comment id": 19,
            "parent": -1,
            "children": [],
            "user id": "1620237582",
            "user name": "熊小X同学",
            "content": "回复@吴敏David:貌似介条消息系谣言，介是一个交警模仿文章的道歉信，写着玩儿的，结果……",
            "time": "14-3-31 17:16"
        },
        {
            "comment id": 20,
            "parent": -1,
            "children": [],
            "user id": "2344842107",
            "user name": "王耀祺-J",
            "content": "回复@--熊熊:额，确定么？不过娱乐圈就是让大家笑笑。。。但是文章懂得抄袭晓松说明还是有品的~",
            "time": "14-3-31 17:16"
        },
        {
            "comment id": 21,
            "parent": -1,
            "children": [],
            "user id": "1620237582",
            "user name": "熊小X同学",
            "content": "回复@落难的公主Angela:貌似介条消息系谣言，介是一个交警模仿文章的道歉信，写着玩儿的，结果……",
            "time": "14-3-31 17:16"
        },
        {
            "comment id": 22,
            "parent": -1,
            "children": [],
            "user id": "1620237582",
            "user name": "熊小X同学",
            "content": "回复@Happyx风:貌似介条消息系谣言，介是一个交警模仿文章的道歉信，写着玩儿的，结果……",
            "time": "14-3-31 17:16"
        },
        {
            "comment id": 23,
            "parent": -1,
            "children": [],
            "user id": "1620237582",
            "user name": "熊小X同学",
            "content": "回复@李萌萌Eva:貌似介条消息系谣言，介是一个交警模仿文章的道歉信，写着玩儿的，结果……",
            "time": "14-3-31 17:16"
        },
        {
            "comment id": 24,
            "parent": -1,
            "children": [],
            "user id": "1620237582",
            "user name": "熊小X同学",
            "content": "回复@lara628:貌似介条消息系谣言，介是一个交警模仿文章的道歉信，写着玩儿的，结果……",
            "time": "14-3-31 17:16"
        },
        {
            "comment id": 25,
            "parent": -1,
            "children": [],
            "user id": "1620237582",
            "user name": "熊小X同学",
            "content": "回复@已有人跟我抢小错这个名字:貌似介条消息系谣言，介是一个交警模仿文章的道歉信，写着玩儿的，结果……",
            "time": "14-3-31 17:15"
        },
        {
            "comment id": 26,
            "parent": -1,
            "children": [],
            "user id": "1620237582",
            "user name": "熊小X同学",
            "content": "回复@luna沫沫:貌似介条消息系谣言，介是一个交警模仿文章的道歉信，写着玩儿的，结果……",
            "time": "14-3-31 17:15"
        },
        {
            "comment id": 27,
            "parent": -1,
            "children": [],
            "user id": "1620237582",
            "user name": "熊小X同学",
            "content": "回复@温柔的老Q:貌似介条消息系谣言，介是一个交警模仿文章的道歉信，写着玩儿的，结果……",
            "time": "14-3-31 17:15"
        },
        {
            "comment id": 28,
            "parent": -1,
            "children": [],
            "user id": "1620237582",
            "user name": "熊小X同学",
            "content": "回复@vivi花畑裡de跳舞蘭:貌似介条消息系谣言，介是一个交警模仿文章的道歉信，写着玩儿的，结果……",
            "time": "14-3-31 17:15"
        },
        {
            "comment id": 29,
            "parent": -1,
            "children": [],
            "user id": "1620237582",
            "user name": "熊小X同学",
            "content": "回复@王雅琼vivain:貌似介条消息系谣言，介是一个交警模仿文章的道歉信，写着玩儿的，结果……",
            "time": "14-3-31 17:15"
        },
        {
            "comment id": 30,
            "parent": -1,
            "children": [],
            "user id": "1620237582",
            "user name": "熊小X同学",
            "content": "回复@hikaru525:貌似介条消息系谣言，介是一个交警模仿文章的道歉信，写着玩儿的，结果……",
            "time": "14-3-31 17:15"
        },
        {
            "comment id": 31,
            "parent": -1,
            "children": [],
            "user id": "1620237582",
            "user name": "熊小X同学",
            "content": "回复@大猪猪姐姐:貌似介条消息系谣言，介是一个交警模仿文章的道歉信，写着玩儿的，结果……",
            "time": "14-3-31 17:15"
        },
        {
            "comment id": 32,
            "parent": -1,
            "children": [],
            "user id": "1620237582",
            "user name": "熊小X同学",
            "content": "回复@你看丶我的信仰不在了:貌似介条消息系谣言，介是一个交警模仿文章的道歉信，写着玩儿的，结果……",
            "time": "14-3-31 17:15"
        },
        {
            "comment id": 33,
            "parent": -1,
            "children": [],
            "user id": "1620237582",
            "user name": "熊小X同学",
            "content": "回复@一个人走去有你的路口11:貌似介条消息系谣言，介是一个交警模仿文章的道歉信，写着玩儿的，结果……",
            "time": "14-3-31 17:15"
        },
        {
            "comment id": 34,
            "parent": -1,
            "children": [],
            "user id": "1620237582",
            "user name": "熊小X同学",
            "content": "回复@又去集:貌似介条消息系谣言，介是一个交警模仿文章的道歉信，写着玩儿的，结果……",
            "time": "14-3-31 17:14"
        },
        {
            "comment id": 35,
            "parent": -1,
            "children": [],
            "user id": "1620237582",
            "user name": "熊小X同学",
            "content": "回复@可爱小妮子JJ:貌似介条消息系谣言，介是一个交警模仿文章的道歉信，写着玩儿的，结果……",
            "time": "14-3-31 17:14"
        },
        {
            "comment id": 36,
            "parent": -1,
            "children": [],
            "user id": "1620237582",
            "user name": "熊小X同学",
            "content": "回复@王耀祺-J:貌似介条消息系谣言，介是一个交警模仿文章的道歉信，写着玩儿的，结果……",
            "time": "14-3-31 17:14"
        },
        {
            "comment id": 37,
            "parent": -1,
            "children": [],
            "user id": "2344842107",
            "user name": "王耀祺-J",
            "content": "我还纳闷呢，tmd，没文化是硬伤。劈腿的男星多的是，文章偏要扮好男人，大家其实不是骂劈腿，骂的是立牌坊//@布娃娃JackZhang: //",
            "time": "14-3-31 17:11"
        },
        {
            "comment id": 38,
            "parent": -1,
            "children": [],
            "user id": "2912153835",
            "user name": "可爱小妮子JJ",
            "content": "转发微博",
            "time": "14-3-31 16:54"
        },
        {
            "comment id": 39,
            "parent": -1,
            "children": [],
            "user id": "1678413874",
            "user name": "摄影阿宝",
            "content": "假的",
            "time": "14-3-31 16:48"
        },
        {
            "comment id": 40,
            "parent": -1,
            "children": [],
            "user id": "1723443645",
            "user name": "一岛一屿",
            "content": "咋想的",
            "time": "14-3-31 16:48"
        },
        {
            "comment id": 41,
            "parent": -1,
            "children": [],
            "user id": "2648872032",
            "user name": "有烟的朋友",
            "content": "我不挺文，我只想说造谣死全家哇哈哈[呵呵]",
            "time": "14-3-31 16:02"
        },
        {
            "comment id": 42,
            "parent": -1,
            "children": [],
            "user id": "1620237582",
            "user name": "熊小X同学",
            "content": "又在微博上逛了逛，发现这条消息系谣言，遂来辟谣，介是一个交警模仿文章的道歉信，写着玩儿的，结果…结果高晓松就躺枪了…我木有传谣，阿弥陀佛[bm彩色]~~",
            "time": "14-3-31 15:58"
        },
        {
            "comment id": 43,
            "parent": -1,
            "children": [],
            "user id": "1809524950",
            "user name": "不圆润的静香simona",
            "content": "哈哈哈  同一个人写的吧",
            "time": "14-3-31 15:58"
        },
        {
            "comment id": 44,
            "parent": -1,
            "children": [],
            "user id": "2392308422",
            "user name": "御大叔",
            "content": "真假？",
            "time": "14-3-31 15:49"
        },
        {
            "comment id": 45,
            "parent": -1,
            "children": [],
            "user id": "1769447063",
            "user name": "hikaru525",
            "content": "两个都是同一类人·～",
            "time": "14-3-31 15:49"
        },
        {
            "comment id": 46,
            "parent": -1,
            "children": [],
            "user id": "2363457741",
            "user name": "范优筑r",
            "content": "高老师好不容易安心了 。。呵呵。",
            "time": "14-3-31 15:48"
        },
        {
            "comment id": 47,
            "parent": -1,
            "children": [],
            "user id": "2620174852",
            "user name": "KeKeAiAi94",
            "content": "噗…不是吧…",
            "time": "14-3-31 15:40"
        },
        {
            "comment id": 48,
            "parent": -1,
            "children": [],
            "user id": "2878201014",
            "user name": "vermilion奈良一休妈妈",
            "content": "越来越有意思了",
            "time": "14-3-31 15:39"
        },
        {
            "comment id": 49,
            "parent": -1,
            "children": [],
            "user id": "2236002184",
            "user name": "luna_momo",
            "content": "",
            "time": "14-3-31 15:38"
        },
        {
            "comment id": 50,
            "parent": -1,
            "children": [],
            "user id": "2506811883",
            "user name": "会修图的孙美腻",
            "content": "连道歉都如此不诚恳。。。太失望",
            "time": "14-3-31 15:38"
        },
        {
            "comment id": 51,
            "parent": -1,
            "children": [],
            "user id": "1773309490",
            "user name": "lara628",
            "content": "原来这也可以抄袭，还是高晓松老师更有诚意更有才！",
            "time": "14-3-31 15:35"
        },
        {
            "comment id": 52,
            "parent": -1,
            "children": [],
            "user id": "2036575065",
            "user name": "麻辣麻辣红ok",
            "content": "这怎么可以抄袭、、、",
            "time": "14-3-31 15:35"
        },
        {
            "comment id": 53,
            "parent": -1,
            "children": [],
            "user id": "2765439187",
            "user name": "_LikeABreeze",
            "content": "无语了",
            "time": "14-3-31 15:34"
        },
        {
            "comment id": 54,
            "parent": -1,
            "children": [],
            "user id": "1356710074",
            "user name": "落难的公主Angela",
            "content": "道歉都抄袭人家的。。。真是让人。。。",
            "time": "14-3-31 15:34"
        },
        {
            "comment id": 55,
            "parent": -1,
            "children": [],
            "user id": "2395699283",
            "user name": "BIGBIAOli",
            "content": "草泥马的有你这种人 社会能和谐。看热闹的就怕事小是吧。 你还是人！！！",
            "time": "14-3-31 15:28"
        },
        {
            "comment id": 56,
            "parent": -1,
            "children": [],
            "user id": "1885290030",
            "user name": "紫马怎么",
            "content": "是一交警模仿恶搞的",
            "time": "14-3-31 15:27"
        },
        {
            "comment id": 57,
            "parent": -1,
            "children": [],
            "user id": "2590886862",
            "user name": "有求必应屋多远",
            "content": "都辟谣了行么，不确定的新闻别胡乱传行么",
            "time": "14-3-31 15:26"
        },
        {
            "comment id": 58,
            "parent": -1,
            "children": [],
            "user id": "3170250825",
            "user name": "thanous1978",
            "content": "道歉信也抄啊",
            "time": "14-3-31 15:25"
        },
        {
            "comment id": 59,
            "parent": -1,
            "children": [],
            "user id": "2177354281",
            "user name": "梦想是个拖油瓶",
            "content": "我去！那这道歉信也太没诚意了！！！",
            "time": "14-3-31 15:25"
        },
        {
            "comment id": 60,
            "parent": -1,
            "children": [],
            "user id": "2048740740",
            "user name": "王一博后座的女孩",
            "content": "操，他妈的这也可以",
            "time": "14-3-31 15:24"
        },
        {
            "comment id": 61,
            "parent": -1,
            "children": [],
            "user id": "2614528567",
            "user name": "妈妈说我命里缺木木木木",
            "content": "假的",
            "time": "14-3-31 15:23"
        },
        {
            "comment id": 62,
            "parent": -1,
            "children": [],
            "user id": "2614528567",
            "user name": "妈妈说我命里缺木木木木",
            "content": "都辟谣了",
            "time": "14-3-31 15:23"
        },
        {
            "comment id": 63,
            "parent": -1,
            "children": [],
            "user id": "1563946682",
            "user name": "迷恋硕的叶子",
            "content": "这也能照抄啊",
            "time": "14-3-31 15:20"
        },
        {
            "comment id": 64,
            "parent": -1,
            "children": [],
            "user id": "1179878281",
            "user name": "西瓜汁0420",
            "content": "危机公关请用文章体",
            "time": "14-3-31 15:20"
        },
        {
            "comment id": 65,
            "parent": -1,
            "children": [],
            "user id": "2708359874",
            "user name": "日野蓝莓子-",
            "content": "回复@二愣子outsider:文先森态度严重有问题",
            "time": "14-3-31 15:17"
        },
        {
            "comment id": 66,
            "parent": -1,
            "children": [],
            "user id": "3094763420",
            "user name": "观其仁声",
            "content": "@Se琳娜 @haohaosy641 这是什么行为？",
            "time": "14-3-31 15:15"
        },
        {
            "comment id": 67,
            "parent": -1,
            "children": [],
            "user id": "1681518413",
            "user name": "惊毛狮子",
            "content": "那是假的好么，动动脑子行不",
            "time": "14-3-31 15:15"
        },
        {
            "comment id": 68,
            "parent": -1,
            "children": [],
            "user id": "1758643405",
            "user name": "hhhkkkii",
            "content": "",
            "time": "14-3-31 15:15"
        },
        {
            "comment id": 69,
            "parent": -1,
            "children": [],
            "user id": "2689724475",
            "user name": "Number汪",
            "content": "这只是一个交警模仿文章体写的酒驾致歉书",
            "time": "14-3-31 15:15"
        },
        {
            "comment id": 70,
            "parent": -1,
            "children": [],
            "user id": "1758469983",
            "user name": "Baby畅的点滴成长",
            "content": "哈哈…",
            "time": "14-3-31 15:15"
        },
        {
            "comment id": 71,
            "parent": -1,
            "children": [],
            "user id": "3069668813",
            "user name": "傅田凱FTK",
            "content": "老师，他作文是抄袭的！！！@文章同學",
            "time": "14-3-31 15:15"
        },
        {
            "comment id": 72,
            "parent": -1,
            "children": [],
            "user id": "1862501154",
            "user name": "绵绵刘-",
            "content": "微博真乱 真相是一个交警刘小川模仿文章的道歉信 写着玩的 结果高晓松毫不相关就躺枪了 微博还能相信？",
            "time": "14-3-31 15:14"
        },
        {
            "comment id": 73,
            "parent": -1,
            "children": [],
            "user id": "2139591975",
            "user name": "o已废",
            "content": "@等待我的旋转木马",
            "time": "14-3-31 15:14"
        },
        {
            "comment id": 74,
            "parent": -1,
            "children": [],
            "user id": "1783909062",
            "user name": "Ice--Chou",
            "content": "",
            "time": "14-3-31 15:14"
        },
        {
            "comment id": 75,
            "parent": -1,
            "children": [],
            "user id": "2530068960",
            "user name": "侥幸者OuO",
            "content": "顶五百不用谢",
            "time": "14-3-31 15:14"
        },
        {
            "comment id": 76,
            "parent": -1,
            "children": [],
            "user id": "1849288542",
            "user name": "小雨的小嘎",
            "content": "原来还有道歉体",
            "time": "14-3-31 15:14"
        },
        {
            "comment id": 77,
            "parent": -1,
            "children": [],
            "user id": "1649724505",
            "user name": "玮winnie",
            "content": "高晓松的致歉书不是这样的",
            "time": "14-3-31 15:13"
        },
        {
            "comment id": 78,
            "parent": -1,
            "children": [],
            "user id": "2721825622",
            "user name": "sunny-sea15",
            "content": "",
            "time": "14-3-31 15:13"
        },
        {
            "comment id": 79,
            "parent": -1,
            "children": [],
            "user id": "2418944594",
            "user name": "二丁目丁",
            "content": "@蘑菇树先生 清华高材生",
            "time": "14-3-31 15:13"
        }
    ]
}