{
    "source": {
        "content": "文章和高晓松是一个学校毕业的？语文是一个老师教的？中国的应试教育真是生产线批量生产啊！ 我在:劲松四路 ",
        "time": "14-3-31 20:17",
        "user id": "1682933314",
        "tweet id": "ADyD6woqd",
        "label": 1,
        "theme": "文体娱乐"
    },
    "comment": [
        {
            "comment id": 0,
            "parent": -1,
            "children": [],
            "user id": "1277932950",
            "user name": "我亦人间孤独者",
            "content": "麻烦不要以讹传讹。这是@民警刘小川 仿写的文章体，传来传去就成文章抄的了。转发之前，麻烦想想当事人有那么傻？",
            "time": "14-3-31 22:12"
        },
        {
            "comment id": 1,
            "parent": -1,
            "children": [],
            "user id": "1640034707",
            "user name": "1215_xiahsoo",
            "content": "高晓松没写过这封信，是一个交警根据文章的编的提醒大家不要醉驾。虽然我对文章的行为也感到不可理解。但是看到无中生有的事情还是觉得不妥。你还是赶紧删了吧，不要以谣传谣了。民警刘小川的主页",
            "time": "14-3-31 20:29"
        },
        {
            "comment id": 2,
            "parent": -1,
            "children": [],
            "user id": "1273637263",
            "user name": "-春水碧于天-",
            "content": "差不多行了，煽风点火也够了。都是人，非要在困难时刻为难别人？",
            "time": "14-3-31 20:27"
        },
        {
            "comment id": 3,
            "parent": -1,
            "children": [],
            "user id": "1738645482",
            "user name": "真人版cherry小丸子",
            "content": "出自一家公关公司吧",
            "time": "14-3-31 20:25"
        },
        {
            "comment id": 4,
            "parent": -1,
            "children": [],
            "user id": "1773122742",
            "user name": "南京记录者",
            "content": "天啦，忏悔书是抄袭的，文章，你真的在忏悔啊。",
            "time": "14-3-31 20:25"
        },
        {
            "comment id": 5,
            "parent": -1,
            "children": [],
            "user id": "1840230113",
            "user name": "三三三三三么",
            "content": "",
            "time": "14-3-31 20:22"
        }
    ]
}