{
    "source": {
        "content": "#请点支蜡烛#【清明节向英雄致敬】2011年9月18日河南洛阳电视台记者李翔身中10余刀,惨死.他为全国不能吃特供的十多亿平民的食品安全努力过!是他执着追查了地沟油事件!他人生的最后一条微博仍与地沟油窝点有关!请动一下鼠标,转发!向英雄记者致敬!翔子,我们怀念你!@袁裕来律师 ",
        "time": "14-4-5 11:10",
        "user id": "3259623590",
        "tweet id": "AEgbIrSId",
        "label": 1,
        "theme": "社会生活"
    },
    "comment": [
        {
            "comment id": 0,
            "parent": -1,
            "children": [],
            "user id": "2059108054",
            "user name": "嘴宝吹",
            "content": "//@点子正: 挂着冤狱来的，十有八九是谣言。老谣翻炒，吃屎赶不上热乎滴，造谣大脑都是地沟油，全家清明节。",
            "time": "14-5-4 18:09"
        },
        {
            "comment id": 1,
            "parent": -1,
            "children": [],
            "user id": "1911463202",
            "user name": "路边牙子",
            "content": "回复@正常学生:驴屎都很可怕!",
            "time": "14-4-15 00:56"
        },
        {
            "comment id": 2,
            "parent": -1,
            "children": [],
            "user id": "1839149015",
            "user name": "猫猫他妈",
            "content": "已处理？为什么还不删？[lxhx挠]//@点子正: 挂着冤狱来的，十有八九是谣言。老谣翻炒，吃屎赶不上热乎滴，造谣大脑都是地沟油，全家清明节。",
            "time": "14-4-8 13:25"
        },
        {
            "comment id": 3,
            "parent": -1,
            "children": [],
            "user id": "1730259867",
            "user name": "五颜六色的的的",
            "content": "唉生在天朝的悲哀",
            "time": "14-4-7 10:47"
        },
        {
            "comment id": 4,
            "parent": -1,
            "children": [],
            "user id": "1623407045",
            "user name": "屯叔UncleTune",
            "content": "兄弟就是干这个的，新闻行业的人很辛苦 风险也大，致敬//@你最美阿xi: 🙏🙏🙏 //@浙江直播:再转//@讲句真话: 向英雄致敬！",
            "time": "14-4-6 23:47"
        },
        {
            "comment id": 5,
            "parent": -1,
            "children": [],
            "user id": "1901503627",
            "user name": "老资信了你滴邪",
            "content": "",
            "time": "14-4-6 21:07"
        },
        {
            "comment id": 6,
            "parent": -1,
            "children": [],
            "user id": "2841187884",
            "user name": "此目先生_Z",
            "content": "回复@正常学生:挂",
            "time": "14-4-6 18:05"
        },
        {
            "comment id": 7,
            "parent": -1,
            "children": [],
            "user id": "3225321853",
            "user name": "苯蓓",
            "content": "转发微博",
            "time": "14-4-6 12:46"
        },
        {
            "comment id": 8,
            "parent": -1,
            "children": [],
            "user id": "3486096863",
            "user name": "北方的呐喊",
            "content": "在咱们中国，别说市长，就是一个小小的派出所长，你也不能随便见到，全国各地不管什么部门的一把手，你能见到么，现在山东省烟台市公安局的督查科，监察科，纪委这些部门都有电话你都可以查到，可是你能打通吗？由此看出在当今中国真正为老百姓办事的官员没有了，改朝换代是必然的",
            "time": "14-4-6 11:37"
        },
        {
            "comment id": 9,
            "parent": -1,
            "children": [],
            "user id": "3486096863",
            "user name": "北方的呐喊",
            "content": "转发微博",
            "time": "14-4-6 11:36"
        },
        {
            "comment id": 10,
            "parent": -1,
            "children": [],
            "user id": "2390205600",
            "user name": "jiangjun7108",
            "content": "转发微博",
            "time": "14-4-6 06:46"
        },
        {
            "comment id": 11,
            "parent": -1,
            "children": [],
            "user id": "3209138377",
            "user name": "温江全搜索-段语",
            "content": "转发微博",
            "time": "14-4-6 04:28"
        },
        {
            "comment id": 12,
            "parent": -1,
            "children": [],
            "user id": "1832324531",
            "user name": "驭酒者",
            "content": "//@胡杨麟: 老谣言，李翔是遭遇抢劫反抗被杀，此案已破，与地沟油没有任何关系，他从来没有调查过地沟油，只是在网络上关注过，李翔家人多次辟谣，希望不要再有误传。清明时刻不要再传谣了，造谣的，要不让李翔亲自和你们解释一下啊。",
            "time": "14-4-6 00:33"
        },
        {
            "comment id": 13,
            "parent": -1,
            "children": [],
            "user id": "3028232337",
            "user name": "Mix-GL",
            "content": "",
            "time": "14-4-5 23:47"
        },
        {
            "comment id": 14,
            "parent": -1,
            "children": [],
            "user id": "2621274931",
            "user name": "Gazzzi",
            "content": "为什么这种谣言最后都要@ 袁裕来律师，他喜欢地沟油吗 //@胡杨麟:老谣言，李翔是遭遇抢劫反抗被杀，此案已破，与地沟油没有任何关系，他从来没有调查过地沟油，只是在网络上关注过，李翔家人多次辟谣，希望不要再有误传。清明时刻不要再传谣了，造谣的，要不让李翔亲自和你们解释一下啊。//@点子正: 挂",
            "time": "14-4-5 22:58"
        },
        {
            "comment id": 15,
            "parent": -1,
            "children": [],
            "user id": "1666880781",
            "user name": "睡过头的狮子是头猪",
            "content": "Repost",
            "time": "14-4-5 21:52"
        },
        {
            "comment id": 16,
            "parent": -1,
            "children": [],
            "user id": "3793459264",
            "user name": "zhangshunrong2013",
            "content": "//@崔小平律师: //@律师王学明://@许丹: //@邱旭瑜律师:查查什么人举报的！",
            "time": "14-4-5 21:39"
        },
        {
            "comment id": 17,
            "parent": -1,
            "children": [],
            "user id": "1253885823",
            "user name": "朱啸风",
            "content": "//@崔小平律师: //@律师王学明://@许丹: //@邱旭瑜律师:查查什么人举报的！",
            "time": "14-4-5 21:39"
        },
        {
            "comment id": 18,
            "parent": -1,
            "children": [],
            "user id": "1304138942",
            "user name": "湖南大相正行林俐律师",
            "content": "",
            "time": "14-4-5 21:39"
        },
        {
            "comment id": 19,
            "parent": -1,
            "children": [],
            "user id": "2263778200",
            "user name": "彦china",
            "content": "连公知新浪都看不得你这造遥公知,莫非你是高级黑公知？",
            "time": "14-4-5 21:35"
        },
        {
            "comment id": 20,
            "parent": -1,
            "children": [],
            "user id": "1562613481",
            "user name": "红光闪闪小屁股",
            "content": "向你们致敬！",
            "time": "14-4-5 20:32"
        },
        {
            "comment id": 21,
            "parent": -1,
            "children": [],
            "user id": "531080",
            "user name": "民生焦点转播",
            "content": "转发微博",
            "time": "14-4-5 19:52"
        },
        {
            "comment id": 22,
            "parent": -1,
            "children": [],
            "user id": "1746543745",
            "user name": "老仙女爱吃火锅",
            "content": "回复@Silmand:是么，我是看微博上这样说得，那最好",
            "time": "14-4-5 19:49"
        },
        {
            "comment id": 23,
            "parent": -1,
            "children": [],
            "user id": "1726595173",
            "user name": "江枫时评",
            "content": "//@夫子论道: ",
            "time": "14-4-5 19:21"
        },
        {
            "comment id": 24,
            "parent": -1,
            "children": [],
            "user id": "1930655901",
            "user name": "活法99",
            "content": "转发微博",
            "time": "14-4-5 19:19"
        },
        {
            "comment id": 25,
            "parent": -1,
            "children": [],
            "user id": "2530514534",
            "user name": "zggxgpqc",
            "content": "转发微博 ",
            "time": "14-4-5 18:48"
        },
        {
            "comment id": 26,
            "parent": -1,
            "children": [],
            "user id": "2054160705",
            "user name": "秋子LL",
            "content": "回复@鹏超人:真巧，前些天隧道世故的那个首先到达事故现场的交警第二天也意外坠亡了 。真巧，真巧，真巧。",
            "time": "14-4-5 18:40"
        },
        {
            "comment id": 27,
            "parent": -1,
            "children": [],
            "user id": "1898226311",
            "user name": "大大·后花园",
            "content": "//@我是可可西米: 转发微博",
            "time": "14-4-5 18:38"
        },
        {
            "comment id": 28,
            "parent": -1,
            "children": [],
            "user id": "1738746025",
            "user name": "魏埋汰郎",
            "content": "转发微博",
            "time": "14-4-5 17:51"
        },
        {
            "comment id": 29,
            "parent": -1,
            "children": [],
            "user id": "1771471145",
            "user name": "中古車朝聖者",
            "content": "跟我一起唱 没有河南人就没有防盗门 预备！开始！！",
            "time": "14-4-5 17:46"
        },
        {
            "comment id": 30,
            "parent": -1,
            "children": [],
            "user id": "1827370530",
            "user name": "王强_99",
            "content": "",
            "time": "14-4-5 17:44"
        },
        {
            "comment id": 31,
            "parent": -1,
            "children": [],
            "user id": "2051686577",
            "user name": "梦梦宫主",
            "content": "",
            "time": "14-4-5 17:14"
        },
        {
            "comment id": 32,
            "parent": -1,
            "children": [],
            "user id": "3096247673",
            "user name": "樊川一丁",
            "content": "转发微博",
            "time": "14-4-5 17:07"
        },
        {
            "comment id": 33,
            "parent": -1,
            "children": [],
            "user id": "1762582455",
            "user name": "Camille-Supergirl",
            "content": "",
            "time": "14-4-5 16:51"
        },
        {
            "comment id": 34,
            "parent": -1,
            "children": [],
            "user id": "2703343007",
            "user name": "樱花翠微",
            "content": "可惜了，严惩不法分子",
            "time": "14-4-5 16:34"
        },
        {
            "comment id": 35,
            "parent": -1,
            "children": [],
            "user id": "1571402965",
            "user name": "樱桃树上的猫二",
            "content": "",
            "time": "14-4-5 16:31"
        },
        {
            "comment id": 36,
            "parent": -1,
            "children": [],
            "user id": "2058484720",
            "user name": "郭韩一思",
            "content": "",
            "time": "14-4-5 16:19"
        },
        {
            "comment id": 37,
            "parent": -1,
            "children": [],
            "user id": "2899085930",
            "user name": "云儿飘在天上",
            "content": "//@心灵阅者: ",
            "time": "14-4-5 15:52"
        },
        {
            "comment id": 38,
            "parent": -1,
            "children": [],
            "user id": "3628217677",
            "user name": "真实的谎言111666",
            "content": "//@心灵阅者: ",
            "time": "14-4-5 15:49"
        },
        {
            "comment id": 39,
            "parent": -1,
            "children": [],
            "user id": "2218037002",
            "user name": "遇见蓝天666",
            "content": "天呐",
            "time": "14-4-5 15:35"
        },
        {
            "comment id": 40,
            "parent": -1,
            "children": [],
            "user id": "1424099140",
            "user name": "悠一说一",
            "content": " //@心灵阅者:",
            "time": "14-4-5 15:35"
        },
        {
            "comment id": 41,
            "parent": -1,
            "children": [],
            "user id": "1935575754",
            "user name": "整整齐齐快快乐乐",
            "content": "点爷英明！",
            "time": "14-4-5 15:35"
        },
        {
            "comment id": 42,
            "parent": -1,
            "children": [],
            "user id": "2609269865",
            "user name": "青海旅游攻略线路",
            "content": "",
            "time": "14-4-5 15:24"
        },
        {
            "comment id": 43,
            "parent": -1,
            "children": [],
            "user id": "2660114997",
            "user name": "双面骄2660114997",
            "content": "",
            "time": "14-4-5 15:15"
        },
        {
            "comment id": 44,
            "parent": -1,
            "children": [],
            "user id": "1855652437",
            "user name": "徐徐之清风",
            "content": "",
            "time": "14-4-5 15:13"
        },
        {
            "comment id": 45,
            "parent": -1,
            "children": [],
            "user id": "1025900852",
            "user name": "马那谁",
            "content": "//@胡杨麟: 老谣言，李翔是遭遇抢劫反抗被杀，此案已破，与地沟油没任何关系，他从来没调查过地沟油，只是在网上关注过，李翔家人多次辟谣，希望不要再有误传。清明时刻不要再传谣了，造谣的，要不让李翔亲自和你们解释一下啊//@点子正:挂着冤狱来的都是谣言。老谣翻炒，造谣大脑都是地沟油，全家清明",
            "time": "14-4-5 15:08"
        },
        {
            "comment id": 46,
            "parent": -1,
            "children": [],
            "user id": "1748873950",
            "user name": "爱依-1019",
            "content": "",
            "time": "14-4-5 15:08"
        },
        {
            "comment id": 47,
            "parent": -1,
            "children": [],
            "user id": "3788626080",
            "user name": "狄仁志平",
            "content": "纪念",
            "time": "14-4-5 15:06"
        },
        {
            "comment id": 48,
            "parent": -1,
            "children": [],
            "user id": "2214369270",
            "user name": "咸鱼主任",
            "content": "",
            "time": "14-4-5 15:06"
        },
        {
            "comment id": 49,
            "parent": -1,
            "children": [],
            "user id": "3195596300",
            "user name": "八百里析木",
            "content": "顶",
            "time": "14-4-5 15:05"
        },
        {
            "comment id": 50,
            "parent": -1,
            "children": [],
            "user id": "3305305323",
            "user name": "紅魔一一治清",
            "content": "//@风流韵史:",
            "time": "14-4-5 15:05"
        },
        {
            "comment id": 51,
            "parent": -1,
            "children": [],
            "user id": "2842664411",
            "user name": "老姜了了便了",
            "content": "",
            "time": "14-4-5 15:01"
        },
        {
            "comment id": 52,
            "parent": -1,
            "children": [],
            "user id": "1281491922",
            "user name": "强直翁",
            "content": "造谣可耻！",
            "time": "14-4-5 14:53"
        },
        {
            "comment id": 53,
            "parent": -1,
            "children": [],
            "user id": "1795328020",
            "user name": "大唐河微博",
            "content": " //@总统本:向英雄记者致敬",
            "time": "14-4-5 14:45"
        },
        {
            "comment id": 54,
            "parent": -1,
            "children": [],
            "user id": "1915758877",
            "user name": "桃念慈",
            "content": "",
            "time": "14-4-5 14:44"
        },
        {
            "comment id": 55,
            "parent": -1,
            "children": [],
            "user id": "3751457687",
            "user name": "大大大大大头疯",
            "content": "一堆傻逼还点蜡烛",
            "time": "14-4-5 14:42"
        },
        {
            "comment id": 56,
            "parent": -1,
            "children": [],
            "user id": "1969905885",
            "user name": "我的狗叫进财",
            "content": "造谣全家被扫墓",
            "time": "14-4-5 14:41"
        },
        {
            "comment id": 57,
            "parent": -1,
            "children": [],
            "user id": "3817196629",
            "user name": "艾德教育欺诈",
            "content": "老谣言，李翔是遭遇抢劫反抗被 杀，此案已破，与地沟油没有任何关系，他 从来没有调查过地沟油，只是在网络上关注 过，李翔家人多次辟谣，希望不要再有误 传。清明时刻不要再传谣了，造谣的，要不 让李翔亲自和你们解释一下啊。",
            "time": "14-4-5 14:38"
        },
        {
            "comment id": 58,
            "parent": -1,
            "children": [],
            "user id": "2462024412",
            "user name": "楚国周狼",
            "content": "老谣",
            "time": "14-4-5 14:36"
        },
        {
            "comment id": 59,
            "parent": -1,
            "children": [],
            "user id": "2350706101",
            "user name": "三月天天和甜甜",
            "content": "",
            "time": "14-4-5 14:35"
        },
        {
            "comment id": 60,
            "parent": -1,
            "children": [],
            "user id": "1527826425",
            "user name": "还有啊1",
            "content": "好人不长命，乌龟王八活千年",
            "time": "14-4-5 14:34"
        },
        {
            "comment id": 61,
            "parent": -1,
            "children": [],
            "user id": "2642185230",
            "user name": "叫我Jessie杰西",
            "content": "",
            "time": "14-4-5 14:29"
        },
        {
            "comment id": 62,
            "parent": -1,
            "children": [],
            "user id": "2042989743",
            "user name": "冰冰出水w",
            "content": "",
            "time": "14-4-5 14:27"
        },
        {
            "comment id": 63,
            "parent": -1,
            "children": [],
            "user id": "3816714896",
            "user name": "愛菿深處其實就是習慣",
            "content": "",
            "time": "14-4-5 14:25"
        },
        {
            "comment id": 64,
            "parent": -1,
            "children": [],
            "user id": "2763692875",
            "user name": "小黑鱼斯基",
            "content": "没错，连李翔都跟着倒霉。这上海帝这时候消费死者真是缺德到家了。//@点子正: 挂着冤狱来的，十有八九是谣言。老谣翻炒，吃屎赶不上热乎滴，造谣大脑都是地沟油，全家清明节。",
            "time": "14-4-5 14:21"
        },
        {
            "comment id": 65,
            "parent": -1,
            "children": [],
            "user id": "2080839267",
            "user name": "二二二二二二二二二二二二二二E",
            "content": "不管怎样，为他致敬",
            "time": "14-4-5 14:15"
        },
        {
            "comment id": 66,
            "parent": -1,
            "children": [],
            "user id": "2614774780",
            "user name": "团子大家族来安店",
            "content": "有良知的人.",
            "time": "14-4-5 14:14"
        },
        {
            "comment id": 67,
            "parent": -1,
            "children": [],
            "user id": "2641299533",
            "user name": "浅雪初晴2012",
            "content": "",
            "time": "14-4-5 14:11"
        },
        {
            "comment id": 68,
            "parent": -1,
            "children": [],
            "user id": "1764907741",
            "user name": "Miss磨磨唧唧",
            "content": "",
            "time": "14-4-5 14:09"
        },
        {
            "comment id": 69,
            "parent": -1,
            "children": [],
            "user id": "1913056255",
            "user name": "foamllllllllllll",
            "content": "[蠟燭]",
            "time": "14-4-5 14:08"
        },
        {
            "comment id": 70,
            "parent": -1,
            "children": [],
            "user id": "1618683142",
            "user name": "陈丹摄影师",
            "content": "",
            "time": "14-4-5 14:08"
        },
        {
            "comment id": 71,
            "parent": -1,
            "children": [],
            "user id": "1993641380",
            "user name": "果不其然是个逗比",
            "content": "走好",
            "time": "14-4-5 14:08"
        },
        {
            "comment id": 72,
            "parent": -1,
            "children": [],
            "user id": "3750730344",
            "user name": "与可爱私奔1996",
            "content": "",
            "time": "14-4-5 14:00"
        },
        {
            "comment id": 73,
            "parent": -1,
            "children": [],
            "user id": "2196903021",
            "user name": "Oo红旗渠oO",
            "content": "回复@俺小弟:",
            "time": "14-4-5 13:56"
        },
        {
            "comment id": 74,
            "parent": -1,
            "children": [],
            "user id": "2328776027",
            "user name": "Youngblood666",
            "content": "警察又吃屎了？",
            "time": "14-4-5 13:55"
        },
        {
            "comment id": 75,
            "parent": -1,
            "children": [],
            "user id": "1295409303",
            "user name": "hpzhang",
            "content": "你夏季吧造谣！",
            "time": "14-4-5 13:52"
        },
        {
            "comment id": 76,
            "parent": -1,
            "children": [],
            "user id": "1415147274",
            "user name": "中医顺势治疗",
            "content": "//@风流韵史: ",
            "time": "14-4-5 13:50"
        },
        {
            "comment id": 77,
            "parent": -1,
            "children": [],
            "user id": "2174408364",
            "user name": "明日_新君",
            "content": "",
            "time": "14-4-5 13:50"
        },
        {
            "comment id": 78,
            "parent": -1,
            "children": [],
            "user id": "1511839427",
            "user name": "奥德操王",
            "content": "我要他提升一下语文表达式。//@山高水长1115: 操王，点子说袁讼棍哈！ //@奥德操王:全家清明节？啥意思啥语文水平？@点子正 你准备被别人全家清明节吧。//@广州笑爹: 我们怀念你，袁裕来律师//@点子正:挂着冤狱来的，十有八九是谣言。老谣翻炒，吃屎赶不上热乎滴，造谣大脑都是地沟油，全家清明节。",
            "time": "14-4-5 13:46"
        },
        {
            "comment id": 79,
            "parent": -1,
            "children": [],
            "user id": "2244541182",
            "user name": "有时真飞",
            "content": "回复@你不会一往情深:谁造谣传谣谁全家清明节",
            "time": "14-4-5 13:45"
        }
    ]
}