{
    "source": {
        "content": "昨日外滩一年轻女人投江自杀，当时有一群人围观，但没有一个人跳下去抢救，一个老外看到，马上放下身上的物品，奋不顾身跳下去把这名女人救了上来，结果当这名老外把这名女人救上来时傻了眼，这个老外放在桥上的随身财物被一些围观人盗走了.... ",
        "time": "13-10-16 13:37",
        "user id": "1731579417",
        "tweet id": "Aeh4mAASI",
        "label": 1,
        "theme": "社会生活"
    },
    "comment": [
        {
            "comment id": 0,
            "parent": -1,
            "children": [],
            "user id": "2007825097",
            "user name": "chenhong_xuan",
            "content": "是真的，报纸都有报道",
            "time": "14-5-14 14:43"
        },
        {
            "comment id": 1,
            "parent": -1,
            "children": [],
            "user id": "2102213057",
            "user name": "没头脑倍儿高兴",
            "content": "这真的假的？太讽刺太丢人了！",
            "time": "14-5-4 12:56"
        },
        {
            "comment id": 2,
            "parent": -1,
            "children": [],
            "user id": "1732007524",
            "user name": "kennyzw",
            "content": "这是真事，很多报纸都报道了",
            "time": "13-12-2 15:48"
        },
        {
            "comment id": 3,
            "parent": -1,
            "children": [],
            "user id": "1775096807",
            "user name": "Jude——",
            "content": "明明就是真事",
            "time": "13-11-29 12:29"
        },
        {
            "comment id": 4,
            "parent": -1,
            "children": [],
            "user id": "2980528017",
            "user name": "Cytheria苏子烟",
            "content": "既然这么不要脸，这些人干脆出个事故毁容算了",
            "time": "13-11-10 16:34"
        },
        {
            "comment id": 5,
            "parent": -1,
            "children": [],
            "user id": "2637824175",
            "user name": "祁斌Eleven",
            "content": "老外是真没见过中国人民的厉害！这下傻B了吧？",
            "time": "13-11-2 18:10"
        },
        {
            "comment id": 6,
            "parent": -1,
            "children": [],
            "user id": "1942733395",
            "user name": "Stefan·Wang",
            "content": "中国啊！",
            "time": "13-10-27 15:12"
        },
        {
            "comment id": 7,
            "parent": -1,
            "children": [],
            "user id": "2192254784",
            "user name": "Jaycole",
            "content": "国人的素质，就TMD那么不值，就会让外国人耻笑，难怪去哪里都被人讨厌//@杰伦控-尕磊: //@怪咖_Green: 悲哀的中国 //@SCC鹏鹏:这都他妈什么世道啊！",
            "time": "13-10-27 12:07"
        },
        {
            "comment id": 8,
            "parent": -1,
            "children": [],
            "user id": "1782149804",
            "user name": "CheL-one",
            "content": "！",
            "time": "13-10-26 20:01"
        },
        {
            "comment id": 9,
            "parent": -1,
            "children": [],
            "user id": "2232965615",
            "user name": "我是_田甜甜",
            "content": "这就是国人啊",
            "time": "13-10-24 13:39"
        },
        {
            "comment id": 10,
            "parent": -1,
            "children": [],
            "user id": "3076003853",
            "user name": "盐魚叮",
            "content": "诶",
            "time": "13-10-24 00:46"
        },
        {
            "comment id": 11,
            "parent": -1,
            "children": [],
            "user id": "3626928093",
            "user name": "皖南土特产",
            "content": "是故事还是事故？",
            "time": "13-10-18 21:00"
        },
        {
            "comment id": 12,
            "parent": -1,
            "children": [],
            "user id": "3224104175",
            "user name": "哎哟喂嘞个喂",
            "content": "中国人TD还要脸不要",
            "time": "13-10-17 21:09"
        },
        {
            "comment id": 13,
            "parent": -1,
            "children": [],
            "user id": "2198512003",
            "user name": "在大溪地等你",
            "content": "相信这个老外会永远记住中国的 神奇的国度",
            "time": "13-10-17 20:44"
        },
        {
            "comment id": 14,
            "parent": -1,
            "children": [],
            "user id": "2260747114",
            "user name": "李先生912",
            "content": "国人心寒//@SCC鹏鹏: 这都他妈什么世道啊！",
            "time": "13-10-17 16:12"
        },
        {
            "comment id": 15,
            "parent": -1,
            "children": [],
            "user id": "1844228305",
            "user name": "醒醒啊薛鄂定",
            "content": "虽然偷东西这事在哪都有，但是..😒真丢人//@猫Helius: 真是CAO了，都TM什么人呀，我去年买了个表（阿弥陀佛，我不应该爆粗口）//@金刚葫芦娃他妹://@SCC鹏鹏:这都他妈什么世道啊！",
            "time": "13-10-17 14:18"
        },
        {
            "comment id": 16,
            "parent": -1,
            "children": [],
            "user id": "1976760427",
            "user name": "darkmf",
            "content": "这素质。。。哎",
            "time": "13-10-17 10:09"
        },
        {
            "comment id": 17,
            "parent": -1,
            "children": [],
            "user id": "3025619450",
            "user name": "zhan同学啊",
            "content": "唉 呀  尼玛 //@SCC鹏鹏:这都他妈什么世道啊！",
            "time": "13-10-16 23:40"
        },
        {
            "comment id": 18,
            "parent": -1,
            "children": [],
            "user id": "1827779811",
            "user name": "Dreamer006",
            "content": "",
            "time": "13-10-16 22:44"
        },
        {
            "comment id": 19,
            "parent": -1,
            "children": [],
            "user id": "2838566535",
            "user name": "喵喵nnnnw",
            "content": "草，真丢人～",
            "time": "13-10-16 21:18"
        },
        {
            "comment id": 20,
            "parent": -1,
            "children": [],
            "user id": "1768214964",
            "user name": "尐丹寳寳",
            "content": "真的简直无语，中国人的耻辱…",
            "time": "13-10-16 20:51"
        },
        {
            "comment id": 21,
            "parent": -1,
            "children": [],
            "user id": "1567132940",
            "user name": "赵贝拉",
            "content": "国人自取其辱 丢人丢大发了！",
            "time": "13-10-16 19:41"
        },
        {
            "comment id": 22,
            "parent": -1,
            "children": [],
            "user id": "2739285931",
            "user name": "无限的靠近",
            "content": "如果情况属实，我已经出离地悲愤。如今的中国是什么？一个冷酷到底的无情社会，一个道德沦丧的无耻之国，一个的信仰真空的无主之城！祖国啊祖国，我盼你不再夸耀你的经济规模有多大，不再吹嘘你的外汇储备有多高，不再放言你即将超过美国成为超级大国，请让我们觉得你更有人情味！让人活得更有尊严！",
            "time": "13-10-16 19:19"
        },
        {
            "comment id": 23,
            "parent": -1,
            "children": [],
            "user id": "1373286670",
            "user name": "colorful_Dayyyy",
            "content": "Really speechless...",
            "time": "13-10-16 16:30"
        },
        {
            "comment id": 24,
            "parent": -1,
            "children": [],
            "user id": "2886342142",
            "user name": "深夜母鸡汤",
            "content": "这都TM什么J8人！艹他 妈",
            "time": "13-10-16 16:03"
        },
        {
            "comment id": 25,
            "parent": -1,
            "children": [],
            "user id": "3350112264",
            "user name": "Sunhhhheyy__",
            "content": "中国人的耻辱！",
            "time": "13-10-16 14:53"
        },
        {
            "comment id": 26,
            "parent": -1,
            "children": [],
            "user id": "1103975123",
            "user name": "念来过倒要定一么什为字名的我",
            "content": "人肉",
            "time": "13-10-16 14:40"
        },
        {
            "comment id": 27,
            "parent": -1,
            "children": [],
            "user id": "1460638390",
            "user name": "大舟哥-汉军威武",
            "content": "从来不上思政课的老外教会了我们什么是个人修养//@SCC鹏鹏: 这都他妈什么世道啊！",
            "time": "13-10-16 14:37"
        },
        {
            "comment id": 28,
            "parent": -1,
            "children": [],
            "user id": "2855214754",
            "user name": "你干爹死后",
            "content": "中国人道德沦丧啊。什么文明和谐社会。狗屁",
            "time": "13-10-16 14:14"
        },
        {
            "comment id": 29,
            "parent": -1,
            "children": [],
            "user id": "1835822221",
            "user name": "__Music-FL__",
            "content": "这就是中国",
            "time": "13-10-16 14:14"
        },
        {
            "comment id": 30,
            "parent": -1,
            "children": [],
            "user id": "1861404572",
            "user name": "无111一",
            "content": "这都他妈什么世道啊！",
            "time": "13-10-16 14:12"
        },
        {
            "comment id": 31,
            "parent": -1,
            "children": [],
            "user id": "1805445060",
            "user name": "SCC鹏鹏",
            "content": "这都他妈什么世道啊！",
            "time": "13-10-16 14:07"
        }
    ]
}