{
    "source": {
        "content": "[爱心传递]特大好消息 国家食品药品监督局11月1日开始集中受理狗肉馆举报，举报电话：12331 ．大家扩散出去啊 ",
        "time": "13-11-3 12:53",
        "user id": "2282471870",
        "tweet id": "Ah0tCnkSW",
        "label": 1,
        "theme": "社会生活"
    },
    "comment": [
        {
            "comment id": 0,
            "parent": -1,
            "children": [],
            "user id": "1982604133",
            "user name": "丸子田田妹",
            "content": "",
            "time": "15-1-4 00:01"
        },
        {
            "comment id": 1,
            "parent": -1,
            "children": [],
            "user id": "1770604287",
            "user name": "404Finder",
            "content": "大傻逼",
            "time": "14-6-13 09:39"
        },
        {
            "comment id": 2,
            "parent": -1,
            "children": [],
            "user id": "1678858513",
            "user name": "janechun918",
            "content": "好！！//@宝鸡流浪狗救助基地: //@帚帚木: //@芯比芯: @帚帚木 @我是lucky妈妈 @C胡桃夹子 @宝鸡流浪狗救助基地 @陳小喵cici @囧猫牛丸 @Katherine小宝贝 @领养小铺 @v_Elena_v @Vin_Chu @嗞嗞妈要增高 扩散",
            "time": "14-3-24 15:10"
        },
        {
            "comment id": 3,
            "parent": -1,
            "children": [],
            "user id": "3942064902",
            "user name": "狗儿屌字头",
            "content": "造谣可耻！",
            "time": "13-12-24 20:37"
        },
        {
            "comment id": 4,
            "parent": -1,
            "children": [],
            "user id": "1855718113",
            "user name": "城里的水寿",
            "content": "回复@VivianLZ18:你要是有种，别吃肉。",
            "time": "13-12-19 15:28"
        },
        {
            "comment id": 5,
            "parent": -1,
            "children": [],
            "user id": "3171066040",
            "user name": "Hyoegg_蛋蛋",
            "content": "药监局从来没发过这样的通知，造谣转发过500造成后果的是要判刑的你知道吗？",
            "time": "13-12-10 09:23"
        },
        {
            "comment id": 6,
            "parent": -1,
            "children": [],
            "user id": "2812036190",
            "user name": "SUSAN--G",
            "content": "再吃上火烧掉你!!!",
            "time": "13-12-9 16:39"
        },
        {
            "comment id": 7,
            "parent": -1,
            "children": [],
            "user id": "1711249383",
            "user name": "圆圈gogogo",
            "content": "@王嘉嘉嘉嘉仪 @zhan詹 @筱莜倩",
            "time": "13-12-9 10:05"
        },
        {
            "comment id": 8,
            "parent": -1,
            "children": [],
            "user id": "2665879383",
            "user name": "牧歌三福",
            "content": "太好了，求扩散！！！",
            "time": "13-12-5 11:45"
        },
        {
            "comment id": 9,
            "parent": -1,
            "children": [],
            "user id": "1726590740",
            "user name": "CathyChou",
            "content": "12331，见到狗肉馆、猫肉馆就罗起电话打！ //@小雅黄: //@顺德宠爱有家动物救助: 曾有几个救助站的义工尝试过，有执过法，所以，亲们，大力的拨打吧，话费要花得值才有用！",
            "time": "13-12-5 11:18"
        },
        {
            "comment id": 10,
            "parent": -1,
            "children": [],
            "user id": "3164466137",
            "user name": "VivianLZ18",
            "content": "某些中国人就是恶心和贱种。什么都要吃，还有人连大熊猫都宰杀吃。这样的国人应该枪毙。呼吁国家尽快出台保护法吧。",
            "time": "13-12-3 01:54"
        },
        {
            "comment id": 11,
            "parent": -1,
            "children": [],
            "user id": "2977965420",
            "user name": "咸菜水煮鱼",
            "content": "行，明天就打一个举报电话，那狗狗屠宰场他们管不管的？//@上海爱宠领养家园:MARK！大家记住这个举报电话！",
            "time": "13-12-2 20:21"
        },
        {
            "comment id": 12,
            "parent": -1,
            "children": [],
            "user id": "3175211060",
            "user name": "0维-尼0",
            "content": "回复@o0胖丁先生0o:我只看不懂各种极端行为，虐杀固然不对。。。分清宠物犬和食用犬就好，，要不要时时刻刻绑架他人",
            "time": "13-11-30 18:25"
        },
        {
            "comment id": 13,
            "parent": -1,
            "children": [],
            "user id": "1698961117",
            "user name": "o0胖丁小姐0o",
            "content": "回复@小小腐儒生_竞儒:以食用为目的的养殖和以解馋为目的的虐杀有很大区别。很多被吃的狗也是来源不明的走失的流浪狗，你连这个和牛肉和区别都分不清么。",
            "time": "13-11-30 14:55"
        },
        {
            "comment id": 14,
            "parent": -1,
            "children": [],
            "user id": "1698961117",
            "user name": "o0胖丁小姐0o",
            "content": "回复@0维-尼0:你还没看明白呢，这个微博的意思就是吃狗肉以后不再像你以为的这么“合法合理”了。全世界就中国会吃狗肉吧，少吃一顿会馋死么，匪夷所思。",
            "time": "13-11-30 14:52"
        },
        {
            "comment id": 15,
            "parent": -1,
            "children": [],
            "user id": "1974470893",
            "user name": "田野1959",
            "content": "这次终于有明确部门负责了，~~~~2006年，我与李姐等人，找过中华人民共和国卫生部，食品药品监督局，被家皮球一样踢来踢去，最后用粗鲁办法把卫生部人逼了出来，但还是责任不明确被推诿，，，，，这次算是个好消息吧，我没白努力过！",
            "time": "13-11-29 19:28"
        },
        {
            "comment id": 16,
            "parent": -1,
            "children": [],
            "user id": "3175211060",
            "user name": "0维-尼0",
            "content": "回复@南充天狼训犬:自己要求好自己就行了，已所不欲勿施于人，关于吃不吃狗，如何吃，道德的问题啥的命题太大了，我这人比较懒。不再做任何回应，打字思考太麻烦。。。byebye",
            "time": "13-11-25 11:16"
        },
        {
            "comment id": 17,
            "parent": -1,
            "children": [],
            "user id": "3070690863",
            "user name": "南充天狼训犬",
            "content": "回复@0维-尼0:人做任何事，都是种什么因得什么果，相信善恶有报吧。",
            "time": "13-11-25 11:09"
        },
        {
            "comment id": 18,
            "parent": -1,
            "children": [],
            "user id": "3070690863",
            "user name": "南充天狼训犬",
            "content": "回复@安妮HeAnny:果断支持",
            "time": "13-11-25 11:07"
        },
        {
            "comment id": 19,
            "parent": -1,
            "children": [],
            "user id": "1733988513",
            "user name": "安妮HeAnny",
            "content": " 大家一起举报吃狗肉的 ",
            "time": "13-11-25 09:14"
        },
        {
            "comment id": 20,
            "parent": -1,
            "children": [],
            "user id": "2678861095",
            "user name": "从直线加速器飞出去的一个电子",
            "content": "ps一句：转发超500了，博主水表还在吗？",
            "time": "13-11-22 14:58"
        },
        {
            "comment id": 21,
            "parent": -1,
            "children": [],
            "user id": "2678861095",
            "user name": "从直线加速器飞出去的一个电子",
            "content": "有些店有合法手续，有自己的合法食材来源，这些请问那什么举报？",
            "time": "13-11-22 14:57"
        },
        {
            "comment id": 22,
            "parent": -1,
            "children": [],
            "user id": "1890141357",
            "user name": "_FKCS_",
            "content": "恩恩~~~坚决不吃狗肉~~",
            "time": "13-11-22 13:27"
        },
        {
            "comment id": 23,
            "parent": -1,
            "children": [],
            "user id": "1796652583",
            "user name": "__苏酥酥__",
            "content": "太好了！！！！！！！！看见一家我举报一家，看见一家举报一家！！",
            "time": "13-11-18 13:48"
        },
        {
            "comment id": 24,
            "parent": -1,
            "children": [],
            "user id": "1405171235",
            "user name": "写代码的饲养员",
            "content": "必须转//@YUKI-YUMI麻麻:  //@秀秀Natalie:见一家举报一家！",
            "time": "13-11-18 08:00"
        },
        {
            "comment id": 25,
            "parent": -1,
            "children": [],
            "user id": "1911851591",
            "user name": "摩羯座的吕大仁",
            "content": "这个爽了！12331！！！！",
            "time": "13-11-18 02:09"
        },
        {
            "comment id": 26,
            "parent": -1,
            "children": [],
            "user id": "2170210434",
            "user name": "justsosook",
            "content": "真的嗎?👏👏👏",
            "time": "13-11-16 09:18"
        },
        {
            "comment id": 27,
            "parent": -1,
            "children": [],
            "user id": "3072717515",
            "user name": "小小腐儒生_竞儒",
            "content": "回复@超級無敵靚仔的LF:没见过这么傻屌的",
            "time": "13-11-15 14:52"
        },
        {
            "comment id": 28,
            "parent": -1,
            "children": [],
            "user id": "3072717515",
            "user name": "小小腐儒生_竞儒",
            "content": "回复@超級無敵靚仔的LF:说下辈子不是迷信是什么，sb，没见过这么傻叉的，我养狗的时候，你还在你爸屌里",
            "time": "13-11-15 14:50"
        },
        {
            "comment id": 29,
            "parent": -1,
            "children": [],
            "user id": "1798559157",
            "user name": "小可爱六炸了",
            "content": "回复@小小腐儒生_竞儒:这不是迷不迷信你懂个屁啊，你养过狗吗，养过狗的人都知道狗是非常有灵性的！你不为你自己积点阴德你也为你爸你妈积回点阴德",
            "time": "13-11-15 07:52"
        },
        {
            "comment id": 30,
            "parent": -1,
            "children": [],
            "user id": "3072717515",
            "user name": "小小腐儒生_竞儒",
            "content": "回复@超級無敵靚仔的LF:那么大的人，还迷信下辈子，狗是动物最有灵性，你是智商低成这样，你是猪吧！",
            "time": "13-11-14 23:40"
        },
        {
            "comment id": 31,
            "parent": -1,
            "children": [],
            "user id": "2350797352",
            "user name": "RongJia琪",
            "content": "大家快快举报！",
            "time": "13-11-14 16:09"
        },
        {
            "comment id": 32,
            "parent": -1,
            "children": [],
            "user id": "2841892144",
            "user name": "二宠嘛嘛",
            "content": "求扩散 ",
            "time": "13-11-14 12:19"
        },
        {
            "comment id": 33,
            "parent": -1,
            "children": [],
            "user id": "1798559157",
            "user name": "小可爱六炸了",
            "content": "回复@小小腐儒生_竞儒:因为狗是动物里最有灵性的！吃狗肉你不怕下辈子做狗也被像你这种人吃吗？",
            "time": "13-11-14 08:22"
        },
        {
            "comment id": 34,
            "parent": -1,
            "children": [],
            "user id": "1504290870",
            "user name": "MEGGIE868",
            "content": "那么松花江要开大型屠狗场。大家去举报！",
            "time": "13-11-14 07:06"
        },
        {
            "comment id": 35,
            "parent": -1,
            "children": [],
            "user id": "3175211060",
            "user name": "0维-尼0",
            "content": "自己不吃是自己的事情请不要强加在别人头上，只要合法合理就能吃为什么不能吃，有人喜欢花花草草难道你们连植物也不吃了么，那你们可以辟谷了。。。玛尼玛尼贝贝哄",
            "time": "13-11-13 22:39"
        },
        {
            "comment id": 36,
            "parent": -1,
            "children": [],
            "user id": "1916987850",
            "user name": "小猪隊長",
            "content": "快转发吧，但愿是真的。",
            "time": "13-11-13 12:04"
        },
        {
            "comment id": 37,
            "parent": -1,
            "children": [],
            "user id": "2285044844",
            "user name": "包阿巧",
            "content": "外地的可以嘛",
            "time": "13-11-13 07:08"
        },
        {
            "comment id": 38,
            "parent": -1,
            "children": [],
            "user id": "1759550261",
            "user name": "我来讲句公道话啊",
            "content": "真的麼",
            "time": "13-11-12 23:38"
        },
        {
            "comment id": 39,
            "parent": -1,
            "children": [],
            "user id": "1263970607",
            "user name": "小年糕emm",
            "content": "是真的吗？真的会管吗？？？",
            "time": "13-11-12 22:58"
        },
        {
            "comment id": 40,
            "parent": -1,
            "children": [],
            "user id": "1636361267",
            "user name": "起风了17916",
            "content": "转发破500是不是可以定罪？",
            "time": "13-11-12 09:49"
        },
        {
            "comment id": 41,
            "parent": -1,
            "children": [],
            "user id": "3483590921",
            "user name": "蓝帝王鱼",
            "content": "回复@中华狗司令:其实我也觉得，不是那么轻易的事。",
            "time": "13-11-12 01:53"
        },
        {
            "comment id": 42,
            "parent": -1,
            "children": [],
            "user id": "1978262121",
            "user name": "严宏治",
            "content": "世界之大，煞笔无处不在还不让吃狗肉了。",
            "time": "13-11-11 05:00"
        },
        {
            "comment id": 43,
            "parent": -1,
            "children": [],
            "user id": "2633016513",
            "user name": "热狗里头夹狗肉",
            "content": "好吃！",
            "time": "13-11-10 13:46"
        },
        {
            "comment id": 44,
            "parent": -1,
            "children": [],
            "user id": "2740432867",
            "user name": "宠物皮肤病医院-宠物宝药液",
            "content": "好消息啊！赶紧转！！//@丽江的月亮: //@丽江的月亮:不立法解决不了根本问题//@梅派青衣-抵制玉林狗肉节://@莱西jojo: 一定转！//@苏州动协徐卫卫: 转发微博",
            "time": "13-11-10 13:19"
        },
        {
            "comment id": 45,
            "parent": -1,
            "children": [],
            "user id": "1937894282",
            "user name": "MissShang啊一身狗毛",
            "content": "@tuotuoshang @合肥市犬业协会小动物关怀中心",
            "time": "13-11-10 01:34"
        },
        {
            "comment id": 46,
            "parent": -1,
            "children": [],
            "user id": "2633016513",
            "user name": "热狗里头夹狗肉",
            "content": "狗粉加油，让更多的人厌恶你们，看清你们的真面目，",
            "time": "13-11-8 23:10"
        },
        {
            "comment id": 47,
            "parent": -1,
            "children": [],
            "user id": "2408099622",
            "user name": "NINoy999",
            "content": "转发微博",
            "time": "13-11-8 22:56"
        },
        {
            "comment id": 48,
            "parent": -1,
            "children": [],
            "user id": "2366159562",
            "user name": "暖胎圈就爆缸",
            "content": "现在立法禁止了？",
            "time": "13-11-8 18:17"
        },
        {
            "comment id": 49,
            "parent": -1,
            "children": [],
            "user id": "2654708931",
            "user name": "话唠橘猫",
            "content": "狗狗是家人 永远的家人👿👿",
            "time": "13-11-8 13:04"
        },
        {
            "comment id": 50,
            "parent": -1,
            "children": [],
            "user id": "1867404063",
            "user name": "乐天宠物",
            "content": "拒吃狗肉 大家积极举报啊 行动起来 扩散消息 ！！！[din推撞]",
            "time": "13-11-8 12:09"
        },
        {
            "comment id": 51,
            "parent": -1,
            "children": [],
            "user id": "3250763511",
            "user name": "Dummmm丶",
            "content": "扩撒",
            "time": "13-11-8 10:13"
        },
        {
            "comment id": 52,
            "parent": -1,
            "children": [],
            "user id": "1864481612",
            "user name": "女巫丶妹",
            "content": "必须转 //@小博猪猪:  //@米家大宅: 转发微博",
            "time": "13-11-8 00:16"
        },
        {
            "comment id": 53,
            "parent": -1,
            "children": [],
            "user id": "2654708931",
            "user name": "话唠橘猫",
            "content": " @爱宠物部落",
            "time": "13-11-7 23:47"
        },
        {
            "comment id": 54,
            "parent": -1,
            "children": [],
            "user id": "1806168704",
            "user name": "猫咪小兜兜",
            "content": "行动起来！",
            "time": "13-11-7 22:40"
        },
        {
            "comment id": 55,
            "parent": -1,
            "children": [],
            "user id": "2783247413",
            "user name": "盒子想颐养天年",
            "content": "//@杜大丸子: 大家积极举报阿！ //@米家大宅: 转发微博",
            "time": "13-11-7 18:51"
        },
        {
            "comment id": 56,
            "parent": -1,
            "children": [],
            "user id": "1886534950",
            "user name": "糯米仔boom了个大青蛙",
            "content": "你这是逗我呢[打哈欠]",
            "time": "13-11-7 18:11"
        },
        {
            "comment id": 57,
            "parent": -1,
            "children": [],
            "user id": "2823894890",
            "user name": "珠海狗司令",
            "content": "刚进总局网站查过，搜不出原文条款出处。//@漫如竹煙: //@爱屎的雨滴:支持//@大爱炒花蟹://@尐ki琪:太好了！@珠海大李哥 @食话杨大姐 @珠海律师林叔权 @中华狗司令 @珠海热心翔子 @大爱炒花蟹 @Vivi-Wu5 @小鱼鱼1208 @美女壮壮的小窝 @潇sir @給大胖先生的專屬日記",
            "time": "13-11-7 17:58"
        },
        {
            "comment id": 58,
            "parent": -1,
            "children": [],
            "user id": "2421727490",
            "user name": "我是张小姐Z",
            "content": "好样的！！！",
            "time": "13-11-7 17:55"
        },
        {
            "comment id": 59,
            "parent": -1,
            "children": [],
            "user id": "2516502370",
            "user name": "大鹏爱吃臭豆腐",
            "content": "回复@小小腐儒生_竞儒:说得好 ！！！",
            "time": "13-11-7 17:22"
        },
        {
            "comment id": 60,
            "parent": -1,
            "children": [],
            "user id": "1839787821",
            "user name": "加油小地雷",
            "content": "扩散！！！//@金毛豌豆TanG: 扩散！",
            "time": "13-11-7 16:51"
        },
        {
            "comment id": 61,
            "parent": -1,
            "children": [],
            "user id": "3810016414",
            "user name": "世界宠物协会黄赟超",
            "content": "//@WPA国际宠物展: 为了每一只与人类有着同样灵魂的狗狗，散发你的爱心，将这支接力棒传递下去吧~~@世界宠物协会",
            "time": "13-11-7 15:35"
        },
        {
            "comment id": 62,
            "parent": -1,
            "children": [],
            "user id": "1286847973",
            "user name": "WoO影随赫舞Ric35",
            "content": "扩//@他是神话我是神话创造WEAreBACK: //@jin橙橙://@土猫之家: //@一角9898: @冰城流浪小动物关注者 @幸福之家猫狗救助站 @土猫之家 //@辘辘北_抵制哈尔滨禁狗令://@NMD放过大型犬一胖胖大白鼠: //@神经很大条君: 恩 //@咲咲同学:@一朵奇葩北京大妞 @神经很大条君",
            "time": "13-11-7 15:28"
        },
        {
            "comment id": 63,
            "parent": -1,
            "children": [],
            "user id": "1068517317",
            "user name": "linda要嗨皮",
            "content": "吃狗肉的 ，全家不得好死！！！",
            "time": "13-11-7 13:42"
        },
        {
            "comment id": 64,
            "parent": -1,
            "children": [],
            "user id": "1645396573",
            "user name": "拉妹与圈圈的小温暖",
            "content": "扩散!!奥特曼上身，打到怪兽！！！！//@丨阿米豆腐丨: 扩！ //@金毛豌豆TanG:扩散！",
            "time": "13-11-7 12:34"
        },
        {
            "comment id": 65,
            "parent": -1,
            "children": [],
            "user id": "3401230654",
            "user name": "WPA国际宠物展",
            "content": "为了每一只与人类有着同样灵魂的狗狗，散发你的爱心，将这支接力棒传递下去吧~~@世界宠物协会",
            "time": "13-11-7 09:45"
        },
        {
            "comment id": 66,
            "parent": -1,
            "children": [],
            "user id": "1823829255",
            "user name": "九宠一生",
            "content": "多一个投诉渠道总是好事,希望各方官员能有所作为不是一个挂牌部门!",
            "time": "13-11-7 09:14"
        },
        {
            "comment id": 67,
            "parent": -1,
            "children": [],
            "user id": "2449865850",
            "user name": "大舌哥-宠物达人-金域精灵",
            "content": "支持",
            "time": "13-11-7 08:48"
        },
        {
            "comment id": 68,
            "parent": -1,
            "children": [],
            "user id": "2658917041",
            "user name": "ILOVE犬舍-风云",
            "content": "支持",
            "time": "13-11-7 02:54"
        },
        {
            "comment id": 69,
            "parent": -1,
            "children": [],
            "user id": "2504326484",
            "user name": "环境主义--抗议玉林狗肉节",
            "content": "投诉渠道多一条，总是好事情！",
            "time": "13-11-7 00:16"
        },
        {
            "comment id": 70,
            "parent": -1,
            "children": [],
            "user id": "2282731224",
            "user name": "周大龙666",
            "content": "刚打了，感觉对方模棱两可，明天白天继续印证。",
            "time": "13-11-6 23:39"
        },
        {
            "comment id": 71,
            "parent": -1,
            "children": [],
            "user id": "1639249052",
            "user name": "这世界唯一的林二_WJJ",
            "content": "不要吃狗肉，混蛋们！！",
            "time": "13-11-6 23:35"
        },
        {
            "comment id": 72,
            "parent": -1,
            "children": [],
            "user id": "1082796482",
            "user name": "鲸鱼_nice",
            "content": "这个只是针对猫狗销售屠宰，不是针对吃狗肉的举报电话",
            "time": "13-11-6 23:26"
        },
        {
            "comment id": 73,
            "parent": -1,
            "children": [],
            "user id": "1963781113",
            "user name": "翔鹤木雕",
            "content": "希望是真的",
            "time": "13-11-6 22:45"
        },
        {
            "comment id": 74,
            "parent": -1,
            "children": [],
            "user id": "1928375042",
            "user name": "拯救动物",
            "content": "",
            "time": "13-11-6 22:41"
        },
        {
            "comment id": 75,
            "parent": -1,
            "children": [],
            "user id": "3152217714",
            "user name": "玖梦_19536",
            "content": "太太太好了。这下看谁在敢回我，我们不管这事！！！nnd，吃狗肉的吃完就拉，拉死你，拉晕你，拉软你，拉臭你。。。",
            "time": "13-11-6 22:12"
        },
        {
            "comment id": 76,
            "parent": -1,
            "children": [],
            "user id": "1921655771",
            "user name": "南京莞儿",
            "content": "",
            "time": "13-11-6 22:09"
        },
        {
            "comment id": 77,
            "parent": -1,
            "children": [],
            "user id": "2708966772",
            "user name": "午夜飞行B-6139",
            "content": "全国各地都有效吗？",
            "time": "13-11-6 22:02"
        },
        {
            "comment id": 78,
            "parent": -1,
            "children": [],
            "user id": "1958986987",
            "user name": "DunDun墩宝",
            "content": "太太太太太好啦！",
            "time": "13-11-6 21:51"
        },
        {
            "comment id": 79,
            "parent": -1,
            "children": [],
            "user id": "1863218244",
            "user name": "V哥特",
            "content": "[汽车][汽车]",
            "time": "13-11-6 21:23"
        }
    ]
}