{
    "source": {
        "content": "#快男唱响上海大舞台#《追梦赤子心》二度奏响，男生们集体登台致谢全场歌迷，感谢你们长久以来的支持与陪伴，今天的上海注定是一个不眠之夜！告诉小快，他们的演出你们满意吗？此刻，你最想对他们说一声什么呢？亲爱的宝贝粉们，11月30日我们武汉体育中心体育馆不见不散！ ",
        "time": "13-11-23 22:52",
        "user id": "2048774442",
        "tweet id": "Ak6WkhaWO",
        "label": 0,
        "theme": "文体娱乐"
    },
    "comment": [
        {
            "comment id": 0,
            "parent": -1,
            "children": [],
            "user id": "3832918143",
            "user name": "姐的初吻给了奶瓶v",
            "content": "[帅] 花 最喜欢说的帅",
            "time": "13-11-28 15:37"
        },
        {
            "comment id": 1,
            "parent": -1,
            "children": [],
            "user id": "2269885284",
            "user name": "潘艳兰PP",
            "content": "回复@佛罗伦萨多云转晴:是的，你有去过？",
            "time": "13-11-28 12:51"
        },
        {
            "comment id": 2,
            "parent": -1,
            "children": [],
            "user id": "1696052507",
            "user name": "风雨人生路gu",
            "content": "最后一张好感动，温暖了整个夏天的少年，向前跑",
            "time": "13-11-28 11:00"
        },
        {
            "comment id": 3,
            "parent": -1,
            "children": [],
            "user id": "2821943454",
            "user name": "小董董的墨镜",
            "content": "每个快男小伙伴都很有礼貌！华晨宇，我只希望你以后的路走得稳一些，毕竟你是我唯一追的星，也是唯一一个我为他写文章的歌手，准备毕业论文也写你！！！！！！",
            "time": "13-11-26 19:11"
        },
        {
            "comment id": 4,
            "parent": -1,
            "children": [],
            "user id": "1672445860",
            "user name": "笑在夏",
            "content": "没有一张火星人的啊？明显是火星人最多好不  //@佟蕙儿: 我发现你们图片避重就轻的本领真是越来越厉害了。有本事只拿票房决出城市之星啊？突然搞什么票房60%，你们天娱官网40%。想炒作别拿人家甜甜当炮灰啊！！有这脑筋好好把握今年的这几个快男吧，做出好的音乐，真为你们的将来点灯祈祷。。。NC",
            "time": "13-11-26 14:07"
        },
        {
            "comment id": 5,
            "parent": -1,
            "children": [],
            "user id": "3842656392",
            "user name": "feelinggood花爷",
            "content": "//@佟蕙儿: 我发现你们图片避重就轻的本领真是越来越厉害了。。。有本事只拿票房决出城市之星啊？突然搞什么票房60%，你们天娱官网40%。想炒作别拿人家甜甜当炮灰啊！！！有这脑筋好好把握今年的这几个快男吧，做出好的音乐，真为你们的将来点灯祈祷。。。NC",
            "time": "13-11-26 14:05"
        },
        {
            "comment id": 6,
            "parent": -1,
            "children": [],
            "user id": "3708902703",
            "user name": "张二丫是大哥",
            "content": "在ktv听到朋友唱这首歌的时候我好激动地，又一次的看到了追梦赤子心快男的MV，想了好多好多，爱你们",
            "time": "13-11-26 11:11"
        },
        {
            "comment id": 7,
            "parent": -1,
            "children": [],
            "user id": "3317963993",
            "user name": "范饭饭爱吃饭饭",
            "content": "每次都这样！！！",
            "time": "13-11-26 00:48"
        },
        {
            "comment id": 8,
            "parent": -1,
            "children": [],
            "user id": "2658286812",
            "user name": "-陈嘻嘻i",
            "content": "用心良苦啊",
            "time": "13-11-25 19:42"
        },
        {
            "comment id": 9,
            "parent": -1,
            "children": [],
            "user id": "3848483634",
            "user name": "LiaNgManyU",
            "content": "花花最棒！！",
            "time": "13-11-25 18:42"
        },
        {
            "comment id": 10,
            "parent": -1,
            "children": [],
            "user id": "3810808790",
            "user name": "斑马斑马mad",
            "content": "火星人上百万的票房不是你一张偏了的照片就能掩盖的",
            "time": "13-11-25 16:43"
        },
        {
            "comment id": 11,
            "parent": -1,
            "children": [],
            "user id": "3810808790",
            "user name": "斑马斑马mad",
            "content": "城市之星只是一个虚名，人头才是王道，公道在我心",
            "time": "13-11-25 16:41"
        },
        {
            "comment id": 12,
            "parent": -1,
            "children": [],
            "user id": "2648459843",
            "user name": "大杉杉杉杉杉杉杉",
            "content": "欧阳 晚安",
            "time": "13-11-25 03:47"
        },
        {
            "comment id": 13,
            "parent": -1,
            "children": [],
            "user id": "1559735744",
            "user name": "Will_园",
            "content": "太美好，看了演出视频我也忍不住哭了，湉湉圈们真的和你一样的温暖，我也默默的逛着贴吧看着他们对你无私的爱。于湉你太温暖。傻孩子，我想这次我会陪你走很久，愿我们一路相随，风雨无阻。加油~",
            "time": "13-11-25 02:52"
        },
        {
            "comment id": 14,
            "parent": -1,
            "children": [],
            "user id": "1559735744",
            "user name": "Will_园",
            "content": "想跟湉湉说真的是很偶然的看了快男，今年夏天一路的追随，收获了这么美好的你。姐姐本来想陪你一段时间，伴你走过赛后这最艰难的时候，待看到你展翅高飞万众瞩目之时。但是你的真诚努力用心做好每件事，珍视世间所有的感情。你对湉湉圈深沉的关爱，真的深深的打动我了。一步一步一次一次，我所看到的你",
            "time": "13-11-25 02:47"
        },
        {
            "comment id": 15,
            "parent": -1,
            "children": [],
            "user id": "2216570865",
            "user name": "谁家小猴跳芭蕾",
            "content": "威威好棒",
            "time": "13-11-25 00:33"
        },
        {
            "comment id": 16,
            "parent": -1,
            "children": [],
            "user id": "1646880445",
            "user name": "ZTian2010",
            "content": "好想看他们几个都合作一个~湉七 宇纲 双宇~",
            "time": "13-11-24 23:07"
        },
        {
            "comment id": 17,
            "parent": -1,
            "children": [],
            "user id": "2943034344",
            "user name": "有钱花的女孩yu",
            "content": "过了武汉你们自己慢慢玩反正我们已经稳定三场主场了，这图拍的真辛苦愣是把抗票房的火星人拍没了",
            "time": "13-11-24 21:33"
        },
        {
            "comment id": 18,
            "parent": -1,
            "children": [],
            "user id": "2943034344",
            "user name": "有钱花的女孩yu",
            "content": "过了武汉随便你怎么玩，武汉之星不是华晨宇我们看着来，狗屁投票劳资一票不会投",
            "time": "13-11-24 21:31"
        },
        {
            "comment id": 19,
            "parent": -1,
            "children": [],
            "user id": "3822200321",
            "user name": "华晨宇学长yu",
            "content": "回复@_钟向阳_:随意赖，回复我干嘛呢？",
            "time": "13-11-24 21:13"
        },
        {
            "comment id": 20,
            "parent": -1,
            "children": [],
            "user id": "3211396542",
            "user name": "出逃太阳",
            "content": "回复@夏天_留短发:哦可是总共木有10站吧",
            "time": "13-11-24 21:12"
        },
        {
            "comment id": 21,
            "parent": -1,
            "children": [],
            "user id": "3822200321",
            "user name": "华晨宇学长yu",
            "content": "回复@_钟向阳_:城市之星，天娱多半是让每家轮着来。不说了",
            "time": "13-11-24 21:09"
        },
        {
            "comment id": 22,
            "parent": -1,
            "children": [],
            "user id": "3211396542",
            "user name": "出逃太阳",
            "content": "回复@夏天_留短发:谢谢火星人不争下次城市之星了[呵呵]",
            "time": "13-11-24 20:42"
        },
        {
            "comment id": 23,
            "parent": -1,
            "children": [],
            "user id": "3211396542",
            "user name": "出逃太阳",
            "content": "回复@我不是华晨宇哎:呸",
            "time": "13-11-24 20:41"
        },
        {
            "comment id": 24,
            "parent": -1,
            "children": [],
            "user id": "2439569453",
            "user name": "北冥有鱼xch",
            "content": "#城市之星华晨宇#        #为什么要这样对华晨宇，一次一次黑他还不够吗？总决赛清票已经不计较了，现在事实摆在这还要黑吗！求公开城市之星评选规则！求公开票务！还华晨宇公道！还火星人公道！#    ！          //   @天娱传媒       @2013快乐男声  ",
            "time": "13-11-24 20:36"
        },
        {
            "comment id": 25,
            "parent": -1,
            "children": [],
            "user id": "3269229024",
            "user name": "华晨宇的老弟",
            "content": "故意没敢拍火星人吧怕吓着？",
            "time": "13-11-24 19:32"
        },
        {
            "comment id": 26,
            "parent": -1,
            "children": [],
            "user id": "2266355235",
            "user name": "泷泷Steven",
            "content": "非常满意，花花、阳阳很帅，花花现场听的效果真好",
            "time": "13-11-24 19:28"
        },
        {
            "comment id": 27,
            "parent": -1,
            "children": [],
            "user id": "2665781917",
            "user name": "Ace_moee",
            "content": "#摇滚吧白举纲#这么看现场好壮观在舞台上的感受一定是最好的",
            "time": "13-11-24 17:47"
        },
        {
            "comment id": 28,
            "parent": -1,
            "children": [],
            "user id": "3822200321",
            "user name": "华晨宇学长yu",
            "content": "角度选的真好！天娱请悠着点，不要玩大了，自己圆不回来！票房火星人撑着将近一半的票房，打脸不？不过你们肯定不在意，数钱估计都数到手软！恭喜你成功玩弄了众多火星人。下次城市之星想给谁给谁，让他们撑票房吧！",
            "time": "13-11-24 17:29"
        },
        {
            "comment id": 29,
            "parent": -1,
            "children": [],
            "user id": "2121499514",
            "user name": "LY-say",
            "content": "华晨宇就是主场的#华晨宇主场#",
            "time": "13-11-24 16:51"
        },
        {
            "comment id": 30,
            "parent": -1,
            "children": [],
            "user id": "3025220733",
            "user name": "郑爽r",
            "content": "我也想去，顺便找弟弟玩，可是，我还在上学，你们什么时候也来南阳巡演哩。",
            "time": "13-11-24 16:48"
        },
        {
            "comment id": 31,
            "parent": -1,
            "children": [],
            "user id": "3815190010",
            "user name": "维也纳的天空920",
            "content": "爱小白，希望小白可以好好的",
            "time": "13-11-24 16:44"
        },
        {
            "comment id": 32,
            "parent": -1,
            "children": [],
            "user id": "3779758651",
            "user name": "H啊S啊",
            "content": "晨宇加油，你是最棒的",
            "time": "13-11-24 16:39"
        },
        {
            "comment id": 33,
            "parent": -1,
            "children": [],
            "user id": "3779758651",
            "user name": "H啊S啊",
            "content": "多好的一群大男生啊[转发]",
            "time": "13-11-24 16:39"
        },
        {
            "comment id": 34,
            "parent": -1,
            "children": [],
            "user id": "2643241745",
            "user name": "我没有你想像中那么好欺负",
            "content": "转发微博",
            "time": "13-11-24 16:15"
        },
        {
            "comment id": 35,
            "parent": -1,
            "children": [],
            "user id": "2675542234",
            "user name": "查查mx_",
            "content": "最后一张感动了，标准的九十度",
            "time": "13-11-24 16:13"
        },
        {
            "comment id": 36,
            "parent": -1,
            "children": [],
            "user id": "2116876032",
            "user name": "Hjialibaby",
            "content": "桓桓，雨点永远支持你",
            "time": "13-11-24 16:04"
        },
        {
            "comment id": 37,
            "parent": -1,
            "children": [],
            "user id": "2733140260",
            "user name": "你这个考研人醒醒",
            "content": "花花加油！@华晨宇yu @火星村妇联主任",
            "time": "13-11-24 15:38"
        },
        {
            "comment id": 38,
            "parent": -1,
            "children": [],
            "user id": "3883607445",
            "user name": "壳哥的女人",
            "content": "用眼睛看就知道上海巡演红海最多，主持人都说了，难道你们还要为自己的偶像来说谎吗？？",
            "time": "13-11-24 15:36"
        },
        {
            "comment id": 39,
            "parent": -1,
            "children": [],
            "user id": "1857953332",
            "user name": "奇迹昏昏",
            "content": "#于朦胧1123沪耀星辰#",
            "time": "13-11-24 15:10"
        },
        {
            "comment id": 40,
            "parent": -1,
            "children": [],
            "user id": "3836403048",
            "user name": "火星de胡小疯",
            "content": "#城市之星华晨宇##华晨宇完美主场#请善待花花，请善待每一位艺人和粉丝，希望公布城市之星的评选过程，公平！公正！公开！",
            "time": "13-11-24 14:56"
        },
        {
            "comment id": 41,
            "parent": -1,
            "children": [],
            "user id": "3705211822",
            "user name": "小梨涡爱欧豪爱朦朦",
            "content": "回复@ziyoudefeng56:亲 建议你去天涯看看后台工作人员对快男的一些小爆料贴 觉得挺真实的 你家花花待遇绝对不差[呵呵]",
            "time": "13-11-24 14:37"
        },
        {
            "comment id": 42,
            "parent": -1,
            "children": [],
            "user id": "3882776655",
            "user name": "柴思雨yu",
            "content": "大家一起加油吧！爱你们。",
            "time": "13-11-24 14:34"
        },
        {
            "comment id": 43,
            "parent": -1,
            "children": [],
            "user id": "1799664245",
            "user name": "zz朱政",
            "content": "#摇滚吧白举纲#我看到了绿色，而且绿色很多，这绝对是照片角度的问题！",
            "time": "13-11-24 14:31"
        },
        {
            "comment id": 44,
            "parent": -1,
            "children": [],
            "user id": "3824380738",
            "user name": "ziyoudefeng56",
            "content": "被你么愚弄得受够了，从5进3时开始到冠军夜，你们对花花的黑消停过吗？巡演开始，从北京到上海，你们的黑诈手段使尽，这么不懂得珍爱花花的话，那就还他自由。天天忙着为你们站台，为你们那些拿着年薪六千万的人辛苦挣钱，得到了你们该有的尊重吗！芒果台的口碑脸面也被你们丢尽了！",
            "time": "13-11-24 14:28"
        },
        {
            "comment id": 45,
            "parent": -1,
            "children": [],
            "user id": "3865712008",
            "user name": "W_久自知",
            "content": "#欧豪盛装舞动魔都#",
            "time": "13-11-24 14:23"
        },
        {
            "comment id": 46,
            "parent": -1,
            "children": [],
            "user id": "3602791984",
            "user name": "-YuLi_",
            "content": "#城市之星华晨宇# 花爷永远是最特别的～",
            "time": "13-11-24 14:16"
        },
        {
            "comment id": 47,
            "parent": -1,
            "children": [],
            "user id": "3745713237",
            "user name": "露露露露23",
            "content": "海鸥最给力 每场巡演主场都要是欧豪的！",
            "time": "13-11-24 14:15"
        },
        {
            "comment id": 48,
            "parent": -1,
            "children": [],
            "user id": "1740762195",
            "user name": "从遇见你的夏天开始",
            "content": "鞠躬很赞啦",
            "time": "13-11-24 14:01"
        },
        {
            "comment id": 49,
            "parent": -1,
            "children": [],
            "user id": "1774150863",
            "user name": "寒戾",
            "content": "说好的小时候呢",
            "time": "13-11-24 13:49"
        },
        {
            "comment id": 50,
            "parent": -1,
            "children": [],
            "user id": "1906363623",
            "user name": "小D的Lemon",
            "content": "湉湉圈的灯牌闪亮亮的。。。湉湉加油。。。",
            "time": "13-11-24 13:44"
        },
        {
            "comment id": 51,
            "parent": -1,
            "children": [],
            "user id": "3837088083",
            "user name": "丫丫路易",
            "content": "花花主场！",
            "time": "13-11-24 13:40"
        },
        {
            "comment id": 52,
            "parent": -1,
            "children": [],
            "user id": "1497004677",
            "user name": "猫语者Rebecca_Xu",
            "content": "为什么小白最后说11月30日是深圳呢？还是我听错了？",
            "time": "13-11-24 13:29"
        },
        {
            "comment id": 53,
            "parent": -1,
            "children": [],
            "user id": "3844301860",
            "user name": "Sunshine-Girl-Boys",
            "content": "#摇滚吧白举纲#啊哈哈哈，我家纲蛋儿@白举纲 快瞧过来，1130是【武汉】NO【深圳1213】快记住了哈[hold住][hold住]",
            "time": "13-11-24 13:23"
        },
        {
            "comment id": 54,
            "parent": -1,
            "children": [],
            "user id": "3847862309",
            "user name": "华晨宇0207生日快乐",
            "content": "回复@非单道:心知肚明，做好咱们自己的！加油火星宝贝！",
            "time": "13-11-24 13:07"
        },
        {
            "comment id": 55,
            "parent": -1,
            "children": [],
            "user id": "3847862309",
            "user name": "华晨宇0207生日快乐",
            "content": "花花的歌没听够！太爱！",
            "time": "13-11-24 13:04"
        },
        {
            "comment id": 56,
            "parent": -1,
            "children": [],
            "user id": "3611041002",
            "user name": "desk桌子",
            "content": "最后一张戳泪点了么么哒",
            "time": "13-11-24 13:03"
        },
        {
            "comment id": 57,
            "parent": -1,
            "children": [],
            "user id": "2623593403",
            "user name": "朝猫夕食",
            "content": "不理智的粉丝 哎 只会让公司无语 你们好啊 真好啊",
            "time": "13-11-24 12:50"
        },
        {
            "comment id": 58,
            "parent": -1,
            "children": [],
            "user id": "3696373134",
            "user name": "MinGioy",
            "content": "各位快男们加油！我非常非常喜欢你们。",
            "time": "13-11-24 12:32"
        },
        {
            "comment id": 59,
            "parent": -1,
            "children": [],
            "user id": "3524871497",
            "user name": "_春日星河",
            "content": "看到绿色了，真好",
            "time": "13-11-24 12:31"
        },
        {
            "comment id": 60,
            "parent": -1,
            "children": [],
            "user id": "1835456304",
            "user name": "胖达瘫",
            "content": "不满意！尽是黑幕!!有本事亮全景图啊!!!",
            "time": "13-11-24 12:26"
        },
        {
            "comment id": 61,
            "parent": -1,
            "children": [],
            "user id": "3720720912",
            "user name": "joly糊涂",
            "content": " @2013快乐男声 想听宁桓宇唱RAP歌曲和对唱歌曲≪外滩十八号≫。请帮忙转达。",
            "time": "13-11-24 12:26"
        },
        {
            "comment id": 62,
            "parent": -1,
            "children": [],
            "user id": "2667515772",
            "user name": "童TTY",
            "content": "为什么？我们也是人，累了，我们也不会在高冷的",
            "time": "13-11-24 12:02"
        },
        {
            "comment id": 63,
            "parent": -1,
            "children": [],
            "user id": "1976316483",
            "user name": "tting阿ting",
            "content": "我们就当城市之星改了评选方式就好！为武汉努力吧！但是唯一不理解的还是湉家，明明灯牌是白色的，巡演何必又说红海汇聚？城市之星本就是分猪肉，无所谓了都，只是冒领红海，呵呵，这次冒领，下次冒领，以后的发展，购买力是能冒领得到的吗？武装自己，火星小伙伴们，我们变强了，才能给花花更好的！",
            "time": "13-11-24 11:47"
        },
        {
            "comment id": 64,
            "parent": -1,
            "children": [],
            "user id": "1963361611",
            "user name": "低空飞行-235",
            "content": "",
            "time": "13-11-24 11:44"
        },
        {
            "comment id": 65,
            "parent": -1,
            "children": [],
            "user id": "1976316483",
            "user name": "tting阿ting",
            "content": "白就是白，黑就是黑，一张照片什么都不是！红海是我们火星人一点一点积聚的，这是购买力，媒体都看得到！颠倒黑白是没可能的！",
            "time": "13-11-24 11:42"
        },
        {
            "comment id": 66,
            "parent": -1,
            "children": [],
            "user id": "1976316483",
            "user name": "tting阿ting",
            "content": "大家觉得不公平，ty难道不知道花花人气最高吗，但是我们还不够强大，没足够能力保他，吵无济于事，我们应该武装自己才是硬道理！城市之星又怎样，看看今天出来的新闻，城市之星不代表人气王，报道不都说我们家和小白家的人气王之争吗？不都说花花演唱时的红海吗？",
            "time": "13-11-24 11:38"
        },
        {
            "comment id": 67,
            "parent": -1,
            "children": [],
            "user id": "3771105994",
            "user name": "錵開只为你28",
            "content": "#饶威，阿拉爱侬#   年轻就要疯狂的追一次星，年轻就要疯狂的爱一次，等老了才没有遗憾，饶威，因为有你，此生无憾！",
            "time": "13-11-24 11:38"
        },
        {
            "comment id": 68,
            "parent": -1,
            "children": [],
            "user id": "2639540877",
            "user name": "--Chanyeol",
            "content": "回复@潘梦秋信仰bayern:嗯嗯，但是很散",
            "time": "13-11-24 11:37"
        },
        {
            "comment id": 69,
            "parent": -1,
            "children": [],
            "user id": "3510579933",
            "user name": "爱你爱我2013夏",
            "content": "#微博桌面表态#",
            "time": "13-11-24 11:35"
        },
        {
            "comment id": 70,
            "parent": -1,
            "children": [],
            "user id": "2943034344",
            "user name": "有钱花的女孩yu",
            "content": "这图拍的真好把华晨宇红色都变成于湉的了，理解天娱也拍的不容易吧，就那么几个红湉全让你拍下来了不知道的以为现场没有火星人呢",
            "time": "13-11-24 11:34"
        },
        {
            "comment id": 71,
            "parent": -1,
            "children": [],
            "user id": "2134105357",
            "user name": "L温文吻问-",
            "content": "花花  每次穿的都不一样昂",
            "time": "13-11-24 11:25"
        },
        {
            "comment id": 72,
            "parent": -1,
            "children": [],
            "user id": "3171545923",
            "user name": "小鲸鱼蒽蒽",
            "content": "白举纲就是白举纲 快男粉们真开心蛤",
            "time": "13-11-24 11:13"
        },
        {
            "comment id": 73,
            "parent": -1,
            "children": [],
            "user id": "1693914373",
            "user name": "潘梦秋信仰bayern",
            "content": "绿色也挺多的@温雅兰-",
            "time": "13-11-24 11:04"
        },
        {
            "comment id": 74,
            "parent": -1,
            "children": [],
            "user id": "2152779900",
            "user name": "就是黄香香啊",
            "content": "喜欢漂亮衣服吗！！！有兴趣的加我微信呀，，guigui350",
            "time": "13-11-24 11:04"
        },
        {
            "comment id": 75,
            "parent": -1,
            "children": [],
            "user id": "3147318430",
            "user name": "我的皇后star",
            "content": "就华晨宇是白色衣服 哈哈 喜欢",
            "time": "13-11-24 10:58"
        },
        {
            "comment id": 76,
            "parent": -1,
            "children": [],
            "user id": "3730018094",
            "user name": "口十禾斗男",
            "content": "",
            "time": "13-11-24 10:57"
        },
        {
            "comment id": 77,
            "parent": -1,
            "children": [],
            "user id": "3916269039",
            "user name": "荔枝XXXF",
            "content": "sb的天娱，等我有钱我把它买下来给快男玩！！！！",
            "time": "13-11-24 10:51"
        },
        {
            "comment id": 78,
            "parent": -1,
            "children": [],
            "user id": "3021368543",
            "user name": "_w_s_m_",
            "content": "#华晨宇完美主场# #城市之星华晨宇#  甜甜圈的灯牌多数是白色的，只有极少数是红色的，而且甜甜圈和火星人不坐在一起，所以现场那一大片红海是华晨宇的。请你们公布票房，去现场的人都说是华晨宇的主场，所以请你们公布票房",
            "time": "13-11-24 10:50"
        },
        {
            "comment id": 79,
            "parent": -1,
            "children": [],
            "user id": "2706710352",
            "user name": "时光不老Yq",
            "content": "@欧豪",
            "time": "13-11-24 10:33"
        }
    ]
}