{
    "source": {
        "content": "特大好消息！卖狗肉违法了， 国家食品药品监督局11月1日开始集中受理狗肉馆举报，举报电话：12331 ．大家扩散出去啊！ ",
        "time": "13-12-6 21:10",
        "user id": "1991558311",
        "tweet id": "Am4Pqryjm",
        "label": 1,
        "theme": "社会生活"
    },
    "comment": [
        {
            "comment id": 0,
            "parent": -1,
            "children": [],
            "user id": "1241608150",
            "user name": "虚实疏密",
            "content": "//@爱吃鱼小窝: @赵大跑 @山间燕榭 @田黎Tim @紫紫yeah @城市通缉犯 @虚实疏密 //@冒牌妖精: [懒得理你]",
            "time": "13-12-30 03:19"
        },
        {
            "comment id": 1,
            "parent": -1,
            "children": [],
            "user id": "1245142315",
            "user name": "IPCD6",
            "content": "人民网北京12月10日电 近日，一则 “国家食品药品监督局11月1日开始集中受理狗肉馆举报”的消息在微博和贴吧被广泛传播。昨日，贵阳市食品药品监督管理局官方微博辟谣。今日，记者咨询北京食品药品监督管理局，了解到此消息不实。",
            "time": "13-12-12 20:28"
        },
        {
            "comment id": 2,
            "parent": -1,
            "children": [],
            "user id": "1766950261",
            "user name": "黑熊爱美丽",
            "content": "[ppb鼓掌]//@小鬼不许哭-泰佑缘:吃狗肉违法！看你们再吃的！//@E宠商城-宠物风向标:存通讯录，最新消息，成都已经出具体政策！//@萨摩耶雪瑞:我今天已经举报一家了//@E宠商城-宠物风向标:电话加区号010。举报网站：网页链接",
            "time": "13-12-11 06:52"
        },
        {
            "comment id": 3,
            "parent": -1,
            "children": [],
            "user id": "2718305791",
            "user name": "嶀墿",
            "content": "狂点赞!",
            "time": "13-12-9 16:25"
        },
        {
            "comment id": 4,
            "parent": -1,
            "children": [],
            "user id": "2293282330",
            "user name": "走走走走走啊走617",
            "content": "真的吗？",
            "time": "13-12-9 15:56"
        },
        {
            "comment id": 5,
            "parent": -1,
            "children": [],
            "user id": "1991558311",
            "user name": "E宠商城",
            "content": "回复@当个烂人:加区号010。举报网站：网页链接",
            "time": "13-12-9 13:04"
        },
        {
            "comment id": 6,
            "parent": -1,
            "children": [],
            "user id": "1642754975",
            "user name": "一根渣人的小胡子",
            "content": "电话都打求不通，信息是哪点来的发个源文件撒",
            "time": "13-12-9 12:59"
        },
        {
            "comment id": 7,
            "parent": -1,
            "children": [],
            "user id": "1046971295",
            "user name": "可爱的溜溜日记",
            "content": "是真的吗？//@小蓝-狗狗找家: 转发微博",
            "time": "13-12-9 10:00"
        },
        {
            "comment id": 8,
            "parent": -1,
            "children": [],
            "user id": "2280833282",
            "user name": "linglin_Victor",
            "content": "//@安娜犬业: 继续有力的微博！为不会说话的狗孩子们做一份援助！",
            "time": "13-12-9 09:29"
        },
        {
            "comment id": 9,
            "parent": -1,
            "children": [],
            "user id": "3191651470",
            "user name": "ww柠檬吹",
            "content": "关键问题在于很多偷狗的贩子都是毒死的狗，你们觉得吃起来安全么。不过比起这个我觉得更应该先出台防止虐待动物的法案！！！",
            "time": "13-12-9 09:25"
        },
        {
            "comment id": 10,
            "parent": -1,
            "children": [],
            "user id": "1051709553",
            "user name": "白羊可以煎着吃",
            "content": "狗粉都脑残到了这个地步，我都无话可说了。",
            "time": "13-12-9 02:19"
        },
        {
            "comment id": 11,
            "parent": -1,
            "children": [],
            "user id": "1969519091",
            "user name": "罗迷偶遇猪立业",
            "content": "",
            "time": "13-12-8 20:52"
        },
        {
            "comment id": 12,
            "parent": -1,
            "children": [],
            "user id": "1497498605",
            "user name": "浮游的丁丁",
            "content": "太好了，愿我们最亲密的朋友一直平安。",
            "time": "13-12-8 20:34"
        },
        {
            "comment id": 13,
            "parent": -1,
            "children": [],
            "user id": "1227357354",
            "user name": "Sun_minghan",
            "content": "我打了，客服咋说没这项通知呢",
            "time": "13-12-8 18:45"
        },
        {
            "comment id": 14,
            "parent": -1,
            "children": [],
            "user id": "1257079161",
            "user name": "威威小可",
            "content": "真的么？",
            "time": "13-12-8 17:26"
        },
        {
            "comment id": 15,
            "parent": -1,
            "children": [],
            "user id": "3238224634",
            "user name": "要早睡早起多吃水果的我",
            "content": "12331~以后狗狗们的安全更有保障啦#微博益起来#",
            "time": "13-12-8 16:14"
        },
        {
            "comment id": 16,
            "parent": -1,
            "children": [],
            "user id": "2880746340",
            "user name": "小小俗物-",
            "content": "回复@波波和他的朋友們:别推卸好吗?你肚量大的话会计较那么久?一口一个毒死不是你说的?",
            "time": "13-12-8 12:20"
        },
        {
            "comment id": 17,
            "parent": -1,
            "children": [],
            "user id": "2880746340",
            "user name": "小小俗物-",
            "content": "回复@波波和他的朋友們:我没你恶毒，没说你被咬死。而你就不一样了，肚量那么小。",
            "time": "13-12-8 11:47"
        },
        {
            "comment id": 18,
            "parent": -1,
            "children": [],
            "user id": "2880746340",
            "user name": "小小俗物-",
            "content": "回复@波波和他的朋友們:如果你再乱说早晚被狗咬",
            "time": "13-12-8 11:45"
        },
        {
            "comment id": 19,
            "parent": -1,
            "children": [],
            "user id": "2880746340",
            "user name": "小小俗物-",
            "content": "回复@波波和他的朋友們:要你管，干嘛跟你讲",
            "time": "13-12-8 11:43"
        },
        {
            "comment id": 20,
            "parent": -1,
            "children": [],
            "user id": "2880746340",
            "user name": "小小俗物-",
            "content": "回复@波波和他的朋友們:那也不是它咬了人你跟着嚷嚷个毛线。反正在我逻辑里笨蛋和傻逼是同等的",
            "time": "13-12-8 11:40"
        },
        {
            "comment id": 21,
            "parent": -1,
            "children": [],
            "user id": "2880746340",
            "user name": "小小俗物-",
            "content": "回复@波波和他的朋友們:强调下那不是我家狗，你爱怎么说怎么说。还有再下贱也没你下贱，笨蛋不也是骂人的么?",
            "time": "13-12-8 11:34"
        },
        {
            "comment id": 22,
            "parent": -1,
            "children": [],
            "user id": "2880746340",
            "user name": "小小俗物-",
            "content": "回复@波波和他的朋友們:那你别对我说，傻逼",
            "time": "13-12-8 11:26"
        },
        {
            "comment id": 23,
            "parent": -1,
            "children": [],
            "user id": "1946395847",
            "user name": "安之若素line",
            "content": "回复@波波和他的朋友們:随便你怎么想吧。我说的是不是等你岁数大了就知道了。我觉得跟你说这些完全没有道理。你不用再回去我了",
            "time": "13-12-8 11:24"
        },
        {
            "comment id": 24,
            "parent": -1,
            "children": [],
            "user id": "2366161342",
            "user name": "爱儿旺旺",
            "content": "//@约克夏_小弟: 太他妈好了！！！ //@跳跳九妹and我:转发微博",
            "time": "13-12-8 11:17"
        },
        {
            "comment id": 25,
            "parent": -1,
            "children": [],
            "user id": "2880746340",
            "user name": "小小俗物-",
            "content": "回复@波波和他的朋友們:管不着你嚣张毛线",
            "time": "13-12-8 11:15"
        },
        {
            "comment id": 26,
            "parent": -1,
            "children": [],
            "user id": "1834668224",
            "user name": "玫荔开",
            "content": "@Coffee橙Burberry @陈家少奶奶九万 @Tao滊月兒 @乌鲁木齐流浪小宝集散地 @乌鲁木齐校园 @新疆美食发现 @新疆美食发现公益社 卖狗肉是违法的！！！终于有所行动了，拒食伴侣宠物！呼吁尽快出台小动物保护法，禁止虐杀小动物！",
            "time": "13-12-8 11:12"
        },
        {
            "comment id": 27,
            "parent": -1,
            "children": [],
            "user id": "1946395847",
            "user name": "安之若素line",
            "content": "回复@波波和他的朋友們:那是你偏激想法。没辙。",
            "time": "13-12-8 11:10"
        },
        {
            "comment id": 28,
            "parent": -1,
            "children": [],
            "user id": "2880746340",
            "user name": "小小俗物-",
            "content": "回复@波波和他的朋友們:个人逻辑不一样，你管得着吗",
            "time": "13-12-8 11:09"
        },
        {
            "comment id": 29,
            "parent": -1,
            "children": [],
            "user id": "2880746340",
            "user name": "小小俗物-",
            "content": "回复@波波和他的朋友們:咬你家小孩了?这么缺德，别回复了，恶心",
            "time": "13-12-8 11:04"
        },
        {
            "comment id": 30,
            "parent": -1,
            "children": [],
            "user id": "1847274260",
            "user name": "小鬼不许哭1118",
            "content": "吃狗肉违法！看你们再吃的！",
            "time": "13-12-8 11:04"
        },
        {
            "comment id": 31,
            "parent": -1,
            "children": [],
            "user id": "1946395847",
            "user name": "安之若素line",
            "content": "回复@波波和他的朋友們:那最起码我又做好事在弥补。",
            "time": "13-12-8 11:01"
        },
        {
            "comment id": 32,
            "parent": -1,
            "children": [],
            "user id": "1946395847",
            "user name": "安之若素line",
            "content": "回复@E宠商城-宠物风向标:我觉得也是.说也说不明白的还浪费我时间",
            "time": "13-12-8 10:56"
        },
        {
            "comment id": 33,
            "parent": -1,
            "children": [],
            "user id": "1991558311",
            "user name": "E宠商城",
            "content": "回复@拾起安放:别理这种人",
            "time": "13-12-8 10:47"
        },
        {
            "comment id": 34,
            "parent": -1,
            "children": [],
            "user id": "1946395847",
            "user name": "安之若素line",
            "content": "回复@波波和他的朋友們:从来不吃狗肉。狗是多么有灵性的动物。你这样肯定会有报应的。因为我相信因果",
            "time": "13-12-8 10:41"
        },
        {
            "comment id": 35,
            "parent": -1,
            "children": [],
            "user id": "2880746340",
            "user name": "小小俗物-",
            "content": "回复@波波和他的朋友們:别人家的放养了十年都没问题，还要你操心?",
            "time": "13-12-8 10:11"
        },
        {
            "comment id": 36,
            "parent": -1,
            "children": [],
            "user id": "1746335454",
            "user name": "小多多爱吃大草莓",
            "content": "//@华元宠物用品: 可以打电话了！！！",
            "time": "13-12-8 09:52"
        },
        {
            "comment id": 37,
            "parent": -1,
            "children": [],
            "user id": "1946395847",
            "user name": "安之若素line",
            "content": "回复@波波和他的朋友們:你这样早晚会有报应的",
            "time": "13-12-8 09:47"
        },
        {
            "comment id": 38,
            "parent": -1,
            "children": [],
            "user id": "2435367284",
            "user name": "中华周易风水文化",
            "content": "//@来福小院流浪动物救助: //@西山吠舍之声: //@十三陵流浪宝贝家园:求扩散〜以后见到狗肉馆可以打投诉电话投诉！",
            "time": "13-12-8 08:02"
        },
        {
            "comment id": 39,
            "parent": -1,
            "children": [],
            "user id": "2683112803",
            "user name": "多老乐",
            "content": "哈哈哈   ",
            "time": "13-12-8 01:39"
        },
        {
            "comment id": 40,
            "parent": -1,
            "children": [],
            "user id": "1788158065",
            "user name": "迷你的空間",
            "content": "//@番薯的主子_拯救国犬: //@十三陵流浪宝贝家园:求扩散〜以后见到狗肉馆可以打投诉电话投诉！",
            "time": "13-12-8 00:45"
        },
        {
            "comment id": 41,
            "parent": -1,
            "children": [],
            "user id": "2586062211",
            "user name": "喵喵喵喵大人丶",
            "content": "武汉常码头有家狗肉馆.",
            "time": "13-12-8 00:31"
        },
        {
            "comment id": 42,
            "parent": -1,
            "children": [],
            "user id": "2952206791",
            "user name": "灶灶今天仔细了吗",
            "content": "睡觉前转一个~前段时间就有这消息了，普及一下~狗狗们做个好梦吧！",
            "time": "13-12-8 00:05"
        },
        {
            "comment id": 43,
            "parent": -1,
            "children": [],
            "user id": "2909453364",
            "user name": "古格公主318",
            "content": "扩散！",
            "time": "13-12-7 23:46"
        },
        {
            "comment id": 44,
            "parent": -1,
            "children": [],
            "user id": "3800190423",
            "user name": "YO妹子YO",
            "content": "",
            "time": "13-12-7 23:37"
        },
        {
            "comment id": 45,
            "parent": -1,
            "children": [],
            "user id": "1873942865",
            "user name": "囷囷_sleepwalker",
            "content": "个别省份吧，有的省份12331投诉举报中心还没开通呢",
            "time": "13-12-7 22:40"
        },
        {
            "comment id": 46,
            "parent": -1,
            "children": [],
            "user id": "3482613420",
            "user name": "番茄你个头马头",
            "content": "转发微博",
            "time": "13-12-7 21:49"
        },
        {
            "comment id": 47,
            "parent": -1,
            "children": [],
            "user id": "1956392227",
            "user name": "别急吃根辣条慢慢说",
            "content": "最好管用啊",
            "time": "13-12-7 18:20"
        },
        {
            "comment id": 48,
            "parent": -1,
            "children": [],
            "user id": "2706862274",
            "user name": "李沁姈_沐沐",
            "content": "如果是真的就太棒了。",
            "time": "13-12-7 18:09"
        },
        {
            "comment id": 49,
            "parent": -1,
            "children": [],
            "user id": "1768523661",
            "user name": "Withwd",
            "content": "@每日上海 @好狗好猫义工团上海站 @路加宠物 //@长腿喜欢陈忘词: @上海发布 //@中国动物保护公益联盟://@小斑点ufo: 继续扩散",
            "time": "13-12-7 16:25"
        },
        {
            "comment id": 50,
            "parent": -1,
            "children": [],
            "user id": "1468900441",
            "user name": "cathyooo",
            "content": "您好，您拨打的号码是空号……",
            "time": "13-12-7 15:56"
        },
        {
            "comment id": 51,
            "parent": -1,
            "children": [],
            "user id": "1960559287",
            "user name": "风轻云淡171717",
            "content": "//@小斑点ufo: 继续扩散",
            "time": "13-12-7 15:27"
        },
        {
            "comment id": 52,
            "parent": -1,
            "children": [],
            "user id": "2233148392",
            "user name": "Alissa_tt",
            "content": "介个必须大力推广啊！！！支持支持，政府做了件好事情！！",
            "time": "13-12-7 11:57"
        },
        {
            "comment id": 53,
            "parent": -1,
            "children": [],
            "user id": "1659499662",
            "user name": "怡路好运Change",
            "content": "扩//@戴小贱DYW: 转起走",
            "time": "13-12-7 11:11"
        },
        {
            "comment id": 54,
            "parent": -1,
            "children": [],
            "user id": "3630597314",
            "user name": "别偷看我呢",
            "content": "必须的前几天去，买东西还看见一家店写着出售狗肉我去年买了个表",
            "time": "13-12-7 10:20"
        },
        {
            "comment id": 55,
            "parent": -1,
            "children": [],
            "user id": "2880746340",
            "user name": "小小俗物-",
            "content": "太过分了，我们这每到下半年就有好多狗不见了。大白天的还有狗出门被麻药打了，拼了命跑回家，结果死在家里。伤心",
            "time": "13-12-7 10:11"
        },
        {
            "comment id": 56,
            "parent": -1,
            "children": [],
            "user id": "2880746340",
            "user name": "小小俗物-",
            "content": "转发微博",
            "time": "13-12-7 10:08"
        },
        {
            "comment id": 57,
            "parent": -1,
            "children": [],
            "user id": "3218129342",
            "user name": "请叫我_萌女神",
            "content": "全国的么",
            "time": "13-12-7 09:13"
        },
        {
            "comment id": 58,
            "parent": -1,
            "children": [],
            "user id": "1749795321",
            "user name": "Diamond_Dog",
            "content": "这是真的么？全国性的？",
            "time": "13-12-7 08:55"
        },
        {
            "comment id": 59,
            "parent": -1,
            "children": [],
            "user id": "1307729731",
            "user name": "皮皮和甜甜的妈咪",
            "content": "",
            "time": "13-12-7 07:12"
        },
        {
            "comment id": 60,
            "parent": -1,
            "children": [],
            "user id": "3293929455",
            "user name": "红晓石",
            "content": "转发微博",
            "time": "13-12-7 05:59"
        },
        {
            "comment id": 61,
            "parent": -1,
            "children": [],
            "user id": "1295928312",
            "user name": "kiss_kiss_kiss莎莎莎",
            "content": "求扩散",
            "time": "13-12-7 02:20"
        },
        {
            "comment id": 62,
            "parent": -1,
            "children": [],
            "user id": "1923211853",
            "user name": "苗苗水果铺子",
            "content": "",
            "time": "13-12-7 01:25"
        },
        {
            "comment id": 63,
            "parent": -1,
            "children": [],
            "user id": "1748606943",
            "user name": "希芷王",
            "content": "必须的！",
            "time": "13-12-7 01:21"
        },
        {
            "comment id": 64,
            "parent": -1,
            "children": [],
            "user id": "2078352021",
            "user name": "oleemon",
            "content": "好感動!人類忠誠的朋友",
            "time": "13-12-7 00:50"
        },
        {
            "comment id": 65,
            "parent": -1,
            "children": [],
            "user id": "1945859112",
            "user name": "养生中的熊E先生",
            "content": "",
            "time": "13-12-6 23:39"
        },
        {
            "comment id": 66,
            "parent": -1,
            "children": [],
            "user id": "1702782585",
            "user name": "Sumi5",
            "content": "到底是不是真的，这样大快人心的消息！",
            "time": "13-12-6 23:26"
        },
        {
            "comment id": 67,
            "parent": -1,
            "children": [],
            "user id": "1707298640",
            "user name": "丰满大猩猩",
            "content": "真的假的？",
            "time": "13-12-6 23:25"
        },
        {
            "comment id": 68,
            "parent": -1,
            "children": [],
            "user id": "2281350172",
            "user name": "2020是条柴犬啊",
            "content": "智商。。。。",
            "time": "13-12-6 23:02"
        },
        {
            "comment id": 69,
            "parent": -1,
            "children": [],
            "user id": "1796734180",
            "user name": "伞晒呀",
            "content": "",
            "time": "13-12-6 23:01"
        },
        {
            "comment id": 70,
            "parent": -1,
            "children": [],
            "user id": "2369863994",
            "user name": "SADISMMASOCHISM-",
            "content": "是真的吗 我们这里有狗肉馆！！",
            "time": "13-12-6 22:38"
        },
        {
            "comment id": 71,
            "parent": -1,
            "children": [],
            "user id": "1889655193",
            "user name": "Jhua俊华",
            "content": "真的假的",
            "time": "13-12-6 22:33"
        },
        {
            "comment id": 72,
            "parent": -1,
            "children": [],
            "user id": "1308708835",
            "user name": "陈瑶cynthia0404",
            "content": "是不是真的，真希望这个消息被证实",
            "time": "13-12-6 22:05"
        },
        {
            "comment id": 73,
            "parent": -1,
            "children": [],
            "user id": "2712829337",
            "user name": "luara日本院线",
            "content": "真的假的？",
            "time": "13-12-6 21:48"
        },
        {
            "comment id": 74,
            "parent": -1,
            "children": [],
            "user id": "2103260590",
            "user name": "最爱我家YOYO妹",
            "content": "转发微博",
            "time": "13-12-6 21:42"
        },
        {
            "comment id": 75,
            "parent": -1,
            "children": [],
            "user id": "2425031464",
            "user name": "babybabybaby羊羊羊",
            "content": "",
            "time": "13-12-6 21:40"
        },
        {
            "comment id": 76,
            "parent": -1,
            "children": [],
            "user id": "3503767967",
            "user name": "连云港拉布拉多俱乐部",
            "content": "求出处",
            "time": "13-12-6 21:36"
        },
        {
            "comment id": 77,
            "parent": -1,
            "children": [],
            "user id": "2527934952",
            "user name": "叼烟小妖",
            "content": "坚决抵制食用狗肉！！！",
            "time": "13-12-6 21:29"
        },
        {
            "comment id": 78,
            "parent": -1,
            "children": [],
            "user id": "1949771633",
            "user name": "宋好啊",
            "content": "大快人心 先把吉木轩给扳倒",
            "time": "13-12-6 21:28"
        },
        {
            "comment id": 79,
            "parent": -1,
            "children": [],
            "user id": "2827757802",
            "user name": "思思fei",
            "content": "那猫肉呢？",
            "time": "13-12-6 21:23"
        }
    ]
}