{
    "source": {
        "content": "喜欢一个人是犯贱的开始 死厚脸皮的找着别人聊天 死厚脸皮的问一句你怎么不理我了 死厚脸皮的叫人家早点睡觉早点回家 死厚脸皮的硬挤出幽默 可能人家收到短信的时候心里在想 他妈的这傻逼怎么这么烦啊 ",
        "time": "13-12-7 23:33",
        "user id": "2409392302",
        "tweet id": "Amfc4kcuK",
        "label": 0,
        "theme": "文体娱乐"
    },
    "comment": [
        {
            "comment id": 0,
            "parent": -1,
            "children": [],
            "user id": "1671067550",
            "user name": "Jackson香草可乐Vcn",
            "content": " @yinianen 是这样吧。，",
            "time": "13-12-18 23:04"
        },
        {
            "comment id": 1,
            "parent": -1,
            "children": [],
            "user id": "2014051391",
            "user name": "世人皆醉我已睡",
            "content": "呵呵，哈哈哈，这傻逼当着当着哭了",
            "time": "13-12-18 14:48"
        },
        {
            "comment id": 2,
            "parent": -1,
            "children": [],
            "user id": "3109188081",
            "user name": "也许because",
            "content": "贱逼日记，真心不错",
            "time": "13-12-17 19:27"
        },
        {
            "comment id": 3,
            "parent": -1,
            "children": [],
            "user id": "1791401733",
            "user name": "样小澜",
            "content": "说得太Tm正确了！",
            "time": "13-12-17 09:34"
        },
        {
            "comment id": 4,
            "parent": -1,
            "children": [],
            "user id": "2273099211",
            "user name": "活着幸福快乐每一天",
            "content": "//@智慧百科全说: 贱逼日记，真心不错 ，你的文字太犀利了 说出我们的心声！",
            "time": "13-12-17 07:36"
        },
        {
            "comment id": 5,
            "parent": -1,
            "children": [],
            "user id": "3937241800",
            "user name": "花有别样红",
            "content": "贱是门艺术，谁他妈想学我通宵指教",
            "time": "13-12-17 02:36"
        },
        {
            "comment id": 6,
            "parent": -1,
            "children": [],
            "user id": "3937241800",
            "user name": "花有别样红",
            "content": "老子就是个活版本，小号二哥，大号苦逼二哥，有交流的指教",
            "time": "13-12-17 02:30"
        },
        {
            "comment id": 7,
            "parent": -1,
            "children": [],
            "user id": "2279441541",
            "user name": "素描未染的鱼",
            "content": " //@教你做个有能力的人:贱逼日记，真心不错 ，你的文字太犀利了 说出我们的心声！",
            "time": "13-12-17 01:02"
        },
        {
            "comment id": 8,
            "parent": -1,
            "children": [],
            "user id": "1885453151",
            "user name": "叫偶夏爺",
            "content": "喜歡一個人就得犯點兒賤",
            "time": "13-12-17 01:00"
        },
        {
            "comment id": 9,
            "parent": -1,
            "children": [],
            "user id": "3568349384",
            "user name": "日渐咸鱼的李某某",
            "content": "转发微博",
            "time": "13-12-16 18:29"
        },
        {
            "comment id": 10,
            "parent": -1,
            "children": [],
            "user id": "2451461014",
            "user name": "钢带大叔",
            "content": "确实是这样的",
            "time": "13-12-16 13:29"
        },
        {
            "comment id": 11,
            "parent": -1,
            "children": [],
            "user id": "2319712890",
            "user name": "学会一个人的Mr",
            "content": "@爱做白日梦的郭只想美梦成真 似曾相识的场景么？[得意地笑]",
            "time": "13-12-16 12:31"
        },
        {
            "comment id": 12,
            "parent": -1,
            "children": [],
            "user id": "2439279183",
            "user name": "辣手豆芽儿Nicole",
            "content": "转发微博",
            "time": "13-12-16 11:21"
        },
        {
            "comment id": 13,
            "parent": -1,
            "children": [],
            "user id": "2465736943",
            "user name": "陕西乔娃",
            "content": "😳我犯贱了？",
            "time": "13-12-16 10:50"
        },
        {
            "comment id": 14,
            "parent": -1,
            "children": [],
            "user id": "2562581903",
            "user name": "一毛銭一丗堺One",
            "content": "人都犯贱的，喜欢不喜欢自己的，不喜欢喜欢自己的！",
            "time": "13-12-16 10:40"
        },
        {
            "comment id": 15,
            "parent": -1,
            "children": [],
            "user id": "2161967253",
            "user name": "这个小仙女很有趣",
            "content": " //@教你女人心计学:贱逼日记，真心不错 ，你的文字太犀利了 说出我们的心声！",
            "time": "13-12-16 09:20"
        },
        {
            "comment id": 16,
            "parent": -1,
            "children": [],
            "user id": "2436918132",
            "user name": "海铭-蔡炯雄",
            "content": " //@夜店音乐馆:贱逼日记，真心不错 ，你的文字太犀利了 说出我们的心声！",
            "time": "13-12-16 03:30"
        },
        {
            "comment id": 17,
            "parent": -1,
            "children": [],
            "user id": "2403859863",
            "user name": "看见43次日落",
            "content": "@TH-我的季节是雨季 是吗？",
            "time": "13-12-16 01:13"
        },
        {
            "comment id": 18,
            "parent": -1,
            "children": [],
            "user id": "1801542711",
            "user name": "栗子灵性工作室",
            "content": "因为已经是Loser了",
            "time": "13-12-16 01:03"
        },
        {
            "comment id": 19,
            "parent": -1,
            "children": [],
            "user id": "1583546305",
            "user name": "二不过三2010",
            "content": "//@每日学做一道菜: 贱逼日记，真心不错 ，你的文字太犀利了 说出我们的心声！",
            "time": "13-12-15 23:15"
        },
        {
            "comment id": 20,
            "parent": -1,
            "children": [],
            "user id": "2939659225",
            "user name": "困到变形啦",
            "content": "哎。。。人都是贱骨头//@夜店调酒师: 贱逼日记，真心不错 ，你的文字太犀利了 说出我们的心声！",
            "time": "13-12-15 19:53"
        },
        {
            "comment id": 21,
            "parent": -1,
            "children": [],
            "user id": "1686150977",
            "user name": "柯基拿铁在济州",
            "content": "闲那人烦的最后沦陷了  烦人的人潇洒地和别人在一起了  呵呵",
            "time": "13-12-15 19:51"
        },
        {
            "comment id": 22,
            "parent": -1,
            "children": [],
            "user id": "3017170095",
            "user name": "黑名单里的钉子户",
            "content": "T^T！！！！！！！！！我就是这么演绎的…",
            "time": "13-12-15 18:01"
        },
        {
            "comment id": 23,
            "parent": -1,
            "children": [],
            "user id": "3081240090",
            "user name": "阿猪不吃西瓜",
            "content": "转发微博",
            "time": "13-12-15 14:41"
        },
        {
            "comment id": 24,
            "parent": -1,
            "children": [],
            "user id": "2903970087",
            "user name": "绝_涩",
            "content": "转发微博",
            "time": "13-12-15 14:34"
        },
        {
            "comment id": 25,
            "parent": -1,
            "children": [],
            "user id": "2790836693",
            "user name": "LEIGUANGWEI",
            "content": "贱逼日记，真心不错 ，你的文字太犀利了 说出我们的心声！",
            "time": "13-12-15 14:00"
        },
        {
            "comment id": 26,
            "parent": -1,
            "children": [],
            "user id": "2752965415",
            "user name": "llll955酱",
            "content": "回复@朱麒桦和雷文文的这一路:嘻嘻 晓得嗒",
            "time": "13-12-15 11:46"
        },
        {
            "comment id": 27,
            "parent": -1,
            "children": [],
            "user id": "2375713963",
            "user name": "小蟹子LY",
            "content": "回复@盒子钦X:不要伤心，喜欢就要承受！",
            "time": "13-12-15 10:06"
        },
        {
            "comment id": 28,
            "parent": -1,
            "children": [],
            "user id": "3054729643",
            "user name": "只想当小迷弟啊",
            "content": "回复@6002-请叫我猪嫂雷dy:我怎么会烦你 想什么呢 傻瓜",
            "time": "13-12-15 09:59"
        },
        {
            "comment id": 29,
            "parent": -1,
            "children": [],
            "user id": "2366313884",
            "user name": "芒果汁水果茶",
            "content": " @小蟹子LY ",
            "time": "13-12-15 03:09"
        },
        {
            "comment id": 30,
            "parent": -1,
            "children": [],
            "user id": "2124096191",
            "user name": "jiankangkuaileba",
            "content": "哎",
            "time": "13-12-15 00:29"
        },
        {
            "comment id": 31,
            "parent": -1,
            "children": [],
            "user id": "2752965415",
            "user name": "llll955酱",
            "content": "@朱麒桦和雷文文的这一路  你是不是这么想的",
            "time": "13-12-15 00:25"
        },
        {
            "comment id": 32,
            "parent": -1,
            "children": [],
            "user id": "3852854429",
            "user name": "Thmosun",
            "content": "脸皮跟着年龄一起长",
            "time": "13-12-14 17:02"
        },
        {
            "comment id": 33,
            "parent": -1,
            "children": [],
            "user id": "3795809727",
            "user name": "小栗酱ya",
            "content": "转发微博",
            "time": "13-12-14 09:04"
        },
        {
            "comment id": 34,
            "parent": -1,
            "children": [],
            "user id": "2630515782",
            "user name": "1余生清欢渡",
            "content": "转发微博",
            "time": "13-12-14 07:56"
        },
        {
            "comment id": 35,
            "parent": -1,
            "children": [],
            "user id": "2246701840",
            "user name": "胖西西西1",
            "content": "所以啊 不要随便把自己的态度表露出来",
            "time": "13-12-14 06:57"
        },
        {
            "comment id": 36,
            "parent": -1,
            "children": [],
            "user id": "3120386977",
            "user name": "孙晓宣",
            "content": "回复@Luo_彬海:可以做朋友。",
            "time": "13-12-14 00:59"
        },
        {
            "comment id": 37,
            "parent": -1,
            "children": [],
            "user id": "1642380000",
            "user name": "Luo_彬海",
            "content": "回复@孙晓宣:为什么？",
            "time": "13-12-14 00:32"
        },
        {
            "comment id": 38,
            "parent": -1,
            "children": [],
            "user id": "1835058873",
            "user name": "总有刁-想害朕",
            "content": "回复@小丽宝--:[懒得理你][懒得理你][挖鼻屎][挖鼻屎][打哈气]那什么那",
            "time": "13-12-13 22:53"
        },
        {
            "comment id": 39,
            "parent": -1,
            "children": [],
            "user id": "2881221280",
            "user name": "小丽宝",
            "content": "回复@033-林成瑶瑶瑶:那。那。",
            "time": "13-12-13 22:52"
        },
        {
            "comment id": 40,
            "parent": -1,
            "children": [],
            "user id": "1835058873",
            "user name": "总有刁-想害朕",
            "content": "回复@小丽宝--:没有这么问的想法.....   那你艾特我干嘛",
            "time": "13-12-13 22:50"
        },
        {
            "comment id": 41,
            "parent": -1,
            "children": [],
            "user id": "2881221280",
            "user name": "小丽宝",
            "content": "回复@033-林成瑶瑶瑶:没有吧……",
            "time": "13-12-13 22:49"
        },
        {
            "comment id": 42,
            "parent": -1,
            "children": [],
            "user id": "1835058873",
            "user name": "总有刁-想害朕",
            "content": "回复@小丽宝--:你想问我有没把你当傻逼看吗",
            "time": "13-12-13 22:48"
        },
        {
            "comment id": 43,
            "parent": -1,
            "children": [],
            "user id": "2881221280",
            "user name": "小丽宝",
            "content": "@033-林成瑶瑶瑶 ",
            "time": "13-12-13 22:45"
        },
        {
            "comment id": 44,
            "parent": -1,
            "children": [],
            "user id": "2685894291",
            "user name": "一个超大的热气球",
            "content": "转发微博",
            "time": "13-12-13 17:31"
        },
        {
            "comment id": 45,
            "parent": -1,
            "children": [],
            "user id": "2167614512",
            "user name": "只想在办公室摸鱼",
            "content": "哦",
            "time": "13-12-13 13:46"
        },
        {
            "comment id": 46,
            "parent": -1,
            "children": [],
            "user id": "1974365601",
            "user name": "张震祥",
            "content": " //@性论篇:贱逼日记，真心不错 ，你的文字太犀利了 说出我们的心声！",
            "time": "13-12-11 19:24"
        },
        {
            "comment id": 47,
            "parent": -1,
            "children": [],
            "user id": "1745827722",
            "user name": "Karrinbaby",
            "content": " @zw0_0 可最后我还是选择了这个大傻逼",
            "time": "13-12-11 16:17"
        },
        {
            "comment id": 48,
            "parent": -1,
            "children": [],
            "user id": "2492852094",
            "user name": "Lionet59",
            "content": "转发微博",
            "time": "13-12-9 07:40"
        },
        {
            "comment id": 49,
            "parent": -1,
            "children": [],
            "user id": "3365160134",
            "user name": "杨瑶-Y",
            "content": "回复@我不是欢锅:实话，，确实，，有点犯贱。。。。",
            "time": "13-12-8 21:37"
        },
        {
            "comment id": 50,
            "parent": -1,
            "children": [],
            "user id": "2036032657",
            "user name": "我不是欢锅",
            "content": "@木易瑶sophia",
            "time": "13-12-8 21:31"
        },
        {
            "comment id": 51,
            "parent": -1,
            "children": [],
            "user id": "2969351147",
            "user name": "听说名字起得长会有傻子跟着念",
            "content": "回复@-Crazy-浩:那太好了",
            "time": "13-12-8 15:51"
        },
        {
            "comment id": 52,
            "parent": -1,
            "children": [],
            "user id": "3692649495",
            "user name": "夢见镰倉_",
            "content": "回复@大师兄-师父被妖怪捉走了:不会喇",
            "time": "13-12-8 11:53"
        },
        {
            "comment id": 53,
            "parent": -1,
            "children": [],
            "user id": "1593533885",
            "user name": "ailsa0115",
            "content": "转发微博",
            "time": "13-12-8 11:25"
        },
        {
            "comment id": 54,
            "parent": -1,
            "children": [],
            "user id": "2634116113",
            "user name": "jgalyupiozyc",
            "content": "回复@小爸爸田奋奋:干嘛",
            "time": "13-12-8 11:14"
        },
        {
            "comment id": 55,
            "parent": -1,
            "children": [],
            "user id": "1995116235",
            "user name": "小爸爸田奋奋",
            "content": "@Inc9",
            "time": "13-12-8 11:03"
        },
        {
            "comment id": 56,
            "parent": -1,
            "children": [],
            "user id": "1992432354",
            "user name": "郭落俗",
            "content": "回复@王咬咬_wLLy:我就烦你，阿哈哈哈",
            "time": "13-12-8 10:34"
        },
        {
            "comment id": 57,
            "parent": -1,
            "children": [],
            "user id": "2751561905",
            "user name": "雷欧炮",
            "content": "呵呵，一笑而过吧",
            "time": "13-12-8 09:49"
        },
        {
            "comment id": 58,
            "parent": -1,
            "children": [],
            "user id": "2616462131",
            "user name": "尤尤其珍贵",
            "content": "唉。以前他肯定就是这样想的把",
            "time": "13-12-8 09:37"
        },
        {
            "comment id": 59,
            "parent": -1,
            "children": [],
            "user id": "1991627855",
            "user name": "王小猴MonkeyWang",
            "content": "回复@G_YX:我讨厌任何人烦我",
            "time": "13-12-8 09:35"
        },
        {
            "comment id": 60,
            "parent": -1,
            "children": [],
            "user id": "2113140613",
            "user name": "王丸子WANGWANZI",
            "content": "发错表情了",
            "time": "13-12-8 07:03"
        },
        {
            "comment id": 61,
            "parent": -1,
            "children": [],
            "user id": "2113140613",
            "user name": "王丸子WANGWANZI",
            "content": "很对 当你不喜欢一个人很明显的拒绝。对方还是每天都这样。真的很烦",
            "time": "13-12-8 07:03"
        },
        {
            "comment id": 62,
            "parent": -1,
            "children": [],
            "user id": "2716158621",
            "user name": "我们不听流行音乐__",
            "content": "回复@SSssshining_B:真他妈烦",
            "time": "13-12-8 04:19"
        },
        {
            "comment id": 63,
            "parent": -1,
            "children": [],
            "user id": "3220792583",
            "user name": "我的昵称是微博中最长的",
            "content": "回复@爱Jolin的战大玲:干了什么？",
            "time": "13-12-8 01:28"
        },
        {
            "comment id": 64,
            "parent": -1,
            "children": [],
            "user id": "3540381881",
            "user name": "山里的孩子546239",
            "content": " @-Crazy-浩 你会觉得我烦么??",
            "time": "13-12-8 01:13"
        },
        {
            "comment id": 65,
            "parent": -1,
            "children": [],
            "user id": "1719668970",
            "user name": "SSssshining_B",
            "content": "@我们不听流行音乐__ 😒😒😒",
            "time": "13-12-8 00:53"
        },
        {
            "comment id": 66,
            "parent": -1,
            "children": [],
            "user id": "3120386977",
            "user name": "孙晓宣",
            "content": "不会烦。！真的好感动、也会觉得有点愧疚。",
            "time": "13-12-8 00:28"
        },
        {
            "comment id": 67,
            "parent": -1,
            "children": [],
            "user id": "2969351147",
            "user name": "听说名字起得长会有傻子跟着念",
            "content": " @-Crazy-浩 你会觉得我烦么😥",
            "time": "13-12-8 00:15"
        },
        {
            "comment id": 68,
            "parent": -1,
            "children": [],
            "user id": "2388994695",
            "user name": "屈可欣有暴力倾向_",
            "content": "你是这样子想的吗？@LIANGZHAOWEI",
            "time": "13-12-8 00:02"
        },
        {
            "comment id": 69,
            "parent": -1,
            "children": [],
            "user id": "2540166571",
            "user name": "鲁一瓶",
            "content": "多少傻逼为红颜，多少红颜为了钱多少红颜为傻逼，多少傻逼不珍惜",
            "time": "13-12-8 00:01"
        },
        {
            "comment id": 70,
            "parent": -1,
            "children": [],
            "user id": "2201829631",
            "user name": "MISSZHAN全球小买手",
            "content": "我好像干了更死厚脸皮的事……",
            "time": "13-12-8 00:01"
        },
        {
            "comment id": 71,
            "parent": -1,
            "children": [],
            "user id": "2832103581",
            "user name": "本人已换号丶13982287892",
            "content": "自作多情的总有那么多 自己也算一个吧 呵呵",
            "time": "13-12-7 23:44"
        },
        {
            "comment id": 72,
            "parent": -1,
            "children": [],
            "user id": "2176531312",
            "user name": "Zhang-_-脏脏",
            "content": "看了你转发的这个日志，觉得你理所当然的把自己当备胎了，呵呵@噢噢噢橄榄儿",
            "time": "13-12-7 23:40"
        },
        {
            "comment id": 73,
            "parent": -1,
            "children": [],
            "user id": "1992432354",
            "user name": "郭落俗",
            "content": "你以前是不这么想@王咬咬_wLLy 啊哈哈",
            "time": "13-12-7 23:39"
        }
    ]
}