{
    "source": {
        "content": "特大好消息！卖狗肉违法了， 国家食品药品监督局11月1日开始集中受理狗肉馆举报，举报电话：12331 ．大家扩散出去啊！爱狗狗爱动物！养狗的爱狗的请果断转发。你的转发就会救无数生命  功德无量！  ",
        "time": "13-12-9 20:15",
        "user id": "1897150803",
        "tweet id": "AmwKCqHYn",
        "label": 1,
        "theme": "社会生活"
    },
    "comment": [
        {
            "comment id": 0,
            "parent": -1,
            "children": [],
            "user id": "2024417811",
            "user name": "吃素的波妞",
            "content": " 如果真的能执行下去，这是一个太好的开始！绝对支持！//@飛行大亨vegan: 药监局管这个？我倒是知道一家卖的//@瑜忌亚:",
            "time": "13-12-11 08:07"
        },
        {
            "comment id": 1,
            "parent": -1,
            "children": [],
            "user id": "1946636240",
            "user name": "愛与光的旅程",
            "content": "狗狗们终于有救了！关心狗狗的人们，现在终于有了正式的渠道为我们的朋友们争取生存的权利，大家加油，转起来，把电话号码存起来。",
            "time": "13-12-10 09:45"
        },
        {
            "comment id": 2,
            "parent": -1,
            "children": [],
            "user id": "3009728545",
            "user name": "素创意",
            "content": "//@青青素果果: @爱之素创意料理 [轉發][轉發][轉發] 請疯狂的転..........",
            "time": "13-12-10 00:17"
        },
        {
            "comment id": 3,
            "parent": -1,
            "children": [],
            "user id": "2304241172",
            "user name": "魔法小王子MF",
            "content": "👍",
            "time": "13-12-9 22:33"
        },
        {
            "comment id": 4,
            "parent": -1,
            "children": [],
            "user id": "2260268597",
            "user name": "端酱-molo",
            "content": "什么时候贩卖猪肉牛肉羊肉鸡肉猫肉也违法？//@飛行大亨vegan: 药监局管这个？我倒是知道一家卖的//@瑜忌亚:@焦尔_vegan",
            "time": "13-12-9 21:07"
        }
    ]
}