{
    "source": {
        "content": "朋友在扬州Party Club捡到一个钱包，里面有卡数张，现金一千二左右，火车票一张，名字叫刘学伟，车票是后天的，，失主请联系:18118285333大家帮忙扩散，大过年的，都不容易，扬州的朋友大家帮帮忙转转吧！ 我在:润扬中路 ",
        "time": "14-1-5 00:50",
        "user id": "1736084587",
        "tweet id": "AqvF5hZG8",
        "label": 1,
        "theme": "社会生活"
    },
    "comment": [
        {
            "comment id": 0,
            "parent": -1,
            "children": [],
            "user id": "1433973192",
            "user name": "楚英飛虹",
            "content": "打電話給銀行，留下自己的電話。他們會讓失主自己聯繫你的。我就這麼乾過，非常方便",
            "time": "14-1-5 10:19"
        },
        {
            "comment id": 1,
            "parent": -1,
            "children": [],
            "user id": "1817927655",
            "user name": "枕戈待旦V",
            "content": "移送就近的公安系统吧，通过人口信息查询很快可以找到失主的。",
            "time": "14-1-5 10:02"
        },
        {
            "comment id": 2,
            "parent": -1,
            "children": [],
            "user id": "2647374705",
            "user name": "ARS_GrleVEd",
            "content": "转发微博",
            "time": "14-1-5 09:42"
        },
        {
            "comment id": 3,
            "parent": -1,
            "children": [],
            "user id": "1409037974",
            "user name": "三月白水",
            "content": "//@名城扬州网: 帮转",
            "time": "14-1-5 08:12"
        },
        {
            "comment id": 4,
            "parent": -1,
            "children": [],
            "user id": "1915046935",
            "user name": "Twinklej_0823",
            "content": "送公安局，可以通过银行卡找到他手机号码。",
            "time": "14-1-5 03:28"
        },
        {
            "comment id": 5,
            "parent": -1,
            "children": [],
            "user id": "2821949881",
            "user name": "扬州小舍客栈",
            "content": "回复@冷冷胭脂:希望早点找到失主",
            "time": "14-1-5 01:07"
        },
        {
            "comment id": 6,
            "parent": -1,
            "children": [],
            "user id": "1736084587",
            "user name": "迷糊的渣冰",
            "content": "抄送@醉夜心语-胖哥 @扬州小舍艺栈 @MIXCAFE和咖啡 @FM985扬州新闻广播 @扬州刷屏小分队 @猪猪侠是猪还是侠",
            "time": "14-1-5 00:51"
        }
    ]
}