{
    "source": {
        "content": "网友@潴潴darling 说同事朋友的妈妈在公交上捡到个钱包，内有两张身份证，驾驶证，和三张1月25号日惠州到武昌的火车票，分别是陈翠珍，高艳林，张馨元 (联系:陈珉岩 13006609059)。请失主与之联系！ ",
        "time": "14-1-10 12:01",
        "user id": "1872422262",
        "tweet id": "Arlc9DKqw",
        "label": 1,
        "theme": "社会生活"
    },
    "comment": [
        {
            "comment id": 0,
            "parent": -1,
            "children": [],
            "user id": "1790759517",
            "user name": "光様",
            "content": "回复@1___4:这种骗人的东西就不要看了，你看看其它评论啊",
            "time": "14-1-10 17:31"
        },
        {
            "comment id": 1,
            "parent": -1,
            "children": [],
            "user id": "2430258492",
            "user name": "定波---猪",
            "content": "转发微博",
            "time": "14-1-10 15:20"
        },
        {
            "comment id": 2,
            "parent": -1,
            "children": [],
            "user id": "1771725460",
            "user name": "那就做你的一颗牙吧",
            "content": "@光様 第三个名字。。。",
            "time": "14-1-10 14:53"
        },
        {
            "comment id": 3,
            "parent": -1,
            "children": [],
            "user id": "2258954262",
            "user name": "可达儿鸭",
            "content": "百度这个号，去年就丢了，今年还在丢",
            "time": "14-1-10 13:35"
        },
        {
            "comment id": 4,
            "parent": -1,
            "children": [],
            "user id": "2268572320",
            "user name": "兵临心城",
            "content": "假的！假的！",
            "time": "14-1-10 13:13"
        },
        {
            "comment id": 5,
            "parent": -1,
            "children": [],
            "user id": "1748860015",
            "user name": "胖仔很胖2018",
            "content": "假的，还发",
            "time": "14-1-10 12:29"
        }
    ]
}