{
    "source": {
        "content": "哈哈哈哈哈哈哈哈哈哈哈哈哈哈@special特特 咱俩来一个呗！！！哈哈哈哈哈哈哈哈哈哈哈哈哈哈【视频：东北话版《星星》（4） 全智贤 金秀贤】 （分享自 @优酷网） 东北话版《星星》（4） 全智贤 金秀贤   查看图片",
        "time": "14-2-27 22:24",
        "user id": "1579439782",
        "tweet id": "AyHMF0JXS",
        "label": 0,
        "theme": "文体娱乐"
    },
    "comment": [
        {
            "comment id": 0,
            "parent": -1,
            "children": [],
            "user id": "3370362302",
            "user name": "许先生的小甜止",
            "content": "回复@vicky慕哈哈:哈哈哈哈哈笑猝了",
            "time": "14-5-24 23:25"
        },
        {
            "comment id": 1,
            "parent": -1,
            "children": [],
            "user id": "2909189762",
            "user name": "日暮照暖阳",
            "content": "笑到不行@容止不怠",
            "time": "14-5-24 21:42"
        },
        {
            "comment id": 2,
            "parent": -1,
            "children": [],
            "user id": "3276595355",
            "user name": "你桃桃",
            "content": "回复@Hello张远先生:噗哈哈哈哈哈哈哈哈二哥同款三分大钻戒",
            "time": "14-3-29 19:58"
        },
        {
            "comment id": 3,
            "parent": -1,
            "children": [],
            "user id": "2115443317",
            "user name": "你的温柔赵",
            "content": "@关关关关guan @Wang姓的人",
            "time": "14-3-29 17:49"
        },
        {
            "comment id": 4,
            "parent": -1,
            "children": [],
            "user id": "1770067197",
            "user name": "宝妹宝妹",
            "content": " @a-dull-person @陈浩南他弟扛把子 @2014继续努力_海带妞 @天琪ZTQ @MissBeauty代购小铺",
            "time": "14-3-7 08:05"
        },
        {
            "comment id": 5,
            "parent": -1,
            "children": [],
            "user id": "1828735231",
            "user name": "萱_zOe",
            "content": "回复@531Monkey:哈哈哈",
            "time": "14-3-6 22:50"
        },
        {
            "comment id": 6,
            "parent": -1,
            "children": [],
            "user id": "2000999785",
            "user name": "CHENYANXY",
            "content": "回覆@萱xuanxun:老婆孩子热炕头，俺觉着 真不错",
            "time": "14-3-6 22:49"
        },
        {
            "comment id": 7,
            "parent": -1,
            "children": [],
            "user id": "1828735231",
            "user name": "萱_zOe",
            "content": "@531Monkey @悦悦方给未来的自己 哈哈哈，嘟嘟哥，给你们听听正宗东北话",
            "time": "14-3-6 22:25"
        },
        {
            "comment id": 8,
            "parent": -1,
            "children": [],
            "user id": "3869271381",
            "user name": "狸小么",
            "content": "我去五爱买的2333明儿我也买一个去",
            "time": "14-3-3 22:22"
        },
        {
            "comment id": 9,
            "parent": -1,
            "children": [],
            "user id": "1845869980",
            "user name": "谢肆叁_无qi不欢",
            "content": "回复@不是KY是KEY:",
            "time": "14-3-2 19:52"
        },
        {
            "comment id": 10,
            "parent": -1,
            "children": [],
            "user id": "1884345280",
            "user name": "不是KY是KEY",
            "content": "回复@谢肆叁_无qi不欢:……差不多",
            "time": "14-3-2 19:49"
        },
        {
            "comment id": 11,
            "parent": -1,
            "children": [],
            "user id": "1845869980",
            "user name": "谢肆叁_无qi不欢",
            "content": "回复@不是KY是KEY:你确定，这样教授就真的变了小沈阳",
            "time": "14-3-2 19:47"
        },
        {
            "comment id": 12,
            "parent": -1,
            "children": [],
            "user id": "1884345280",
            "user name": "不是KY是KEY",
            "content": "回复@谢肆叁_无qi不欢:全是东北话版的才好看(๑•̀ㅂ•́)و✧",
            "time": "14-3-2 16:22"
        },
        {
            "comment id": 13,
            "parent": -1,
            "children": [],
            "user id": "1845869980",
            "user name": "谢肆叁_无qi不欢",
            "content": "回覆@不是KY是KEY:感觉全没了[淚]",
            "time": "14-3-2 15:50"
        },
        {
            "comment id": 14,
            "parent": -1,
            "children": [],
            "user id": "1884345280",
            "user name": "不是KY是KEY",
            "content": "@谢肆叁_无qi不欢 ",
            "time": "14-3-2 13:28"
        },
        {
            "comment id": 15,
            "parent": -1,
            "children": [],
            "user id": "2502473073",
            "user name": "被窝_里偷笑",
            "content": "@Yh--余韩 ",
            "time": "14-3-2 09:58"
        },
        {
            "comment id": 16,
            "parent": -1,
            "children": [],
            "user id": "2561820075",
            "user name": "肆我随性",
            "content": "贼好玩了！主要是那个义演怎么回事啊？",
            "time": "14-3-1 18:43"
        },
        {
            "comment id": 17,
            "parent": -1,
            "children": [],
            "user id": "1945861117",
            "user name": "此去经年温如言",
            "content": "",
            "time": "14-3-1 16:27"
        },
        {
            "comment id": 18,
            "parent": -1,
            "children": [],
            "user id": "2001469820",
            "user name": "太阳系也遇不到平行线",
            "content": "哈哈哈哈哈哈哈哈哈都都哥！！！哈哈哈你俩来个吧哈哈哈！@么么哒--么么哒-",
            "time": "14-2-28 23:01"
        },
        {
            "comment id": 19,
            "parent": -1,
            "children": [],
            "user id": "1978670277",
            "user name": "巴西木y",
            "content": "不！忍！直！视！可是，，，我居然还看完了，，，",
            "time": "14-2-28 22:00"
        },
        {
            "comment id": 20,
            "parent": -1,
            "children": [],
            "user id": "1841750034",
            "user name": "诸葛小葵",
            "content": "回复@非洲小白脸vvv:哈哈哈哈槽 好像在看乡村爱情8",
            "time": "14-2-28 20:52"
        },
        {
            "comment id": 21,
            "parent": -1,
            "children": [],
            "user id": "2005613015",
            "user name": "玉笙寒-Cass",
            "content": "回复@玉笙寒-K: @绿色心情jy",
            "time": "14-2-28 20:34"
        },
        {
            "comment id": 22,
            "parent": -1,
            "children": [],
            "user id": "2146523861",
            "user name": "影子后的薄荷-",
            "content": "哈哈哈哈哈哈哈",
            "time": "14-2-28 20:22"
        },
        {
            "comment id": 23,
            "parent": -1,
            "children": [],
            "user id": "3171431645",
            "user name": "ID卖粗线的鱼丸__尊我麦兜总攻",
            "content": "哈哈哈哈哈乐死我了",
            "time": "14-2-28 18:06"
        },
        {
            "comment id": 24,
            "parent": -1,
            "children": [],
            "user id": "3671074872",
            "user name": "楠木可-依",
            "content": "我滴都都哥[花心]",
            "time": "14-2-28 16:07"
        },
        {
            "comment id": 25,
            "parent": -1,
            "children": [],
            "user id": "2005613015",
            "user name": "玉笙寒-Cass",
            "content": "@睡睡淰 都都哥~",
            "time": "14-2-28 15:45"
        },
        {
            "comment id": 26,
            "parent": -1,
            "children": [],
            "user id": "1702566073",
            "user name": "长亓-",
            "content": "@董艺伟KAREN @Panda-_-Li @_Quuuuyang @三角眼-- ",
            "time": "14-2-28 14:38"
        },
        {
            "comment id": 27,
            "parent": -1,
            "children": [],
            "user id": "1588715784",
            "user name": "萝北呀萝北L",
            "content": " @柜柜柜柜柜柜",
            "time": "14-2-28 14:30"
        },
        {
            "comment id": 28,
            "parent": -1,
            "children": [],
            "user id": "1824895405",
            "user name": "o小怪受o",
            "content": "都都哥，让我来守护你吧",
            "time": "14-2-28 13:14"
        },
        {
            "comment id": 29,
            "parent": -1,
            "children": [],
            "user id": "3569027921",
            "user name": "Jenny_40",
            "content": "都都哥，给俺唱支山歌呗哈哈哈哈哈！😂😂",
            "time": "14-2-28 13:06"
        },
        {
            "comment id": 30,
            "parent": -1,
            "children": [],
            "user id": "1733957090",
            "user name": "-春熙",
            "content": "@南棉",
            "time": "14-2-28 12:57"
        },
        {
            "comment id": 31,
            "parent": -1,
            "children": [],
            "user id": "2184341554",
            "user name": "就要小米粥",
            "content": "哈哈哈哈哎呀妈呀啥玩意儿！虽然木有看过星星，可是好好笑2333~",
            "time": "14-2-28 12:51"
        },
        {
            "comment id": 32,
            "parent": -1,
            "children": [],
            "user id": "1841181283",
            "user name": "猴子家的小鱼儿",
            "content": "哈哈哈 原博来一段呗",
            "time": "14-2-28 12:40"
        },
        {
            "comment id": 33,
            "parent": -1,
            "children": [],
            "user id": "1579439782",
            "user name": "猫猫熊Mihashi",
            "content": "回复@万小迷:哈哈哈哈哈哈哈",
            "time": "14-2-28 11:17"
        },
        {
            "comment id": 34,
            "parent": -1,
            "children": [],
            "user id": "1114037927",
            "user name": "heroholic",
            "content": "马",
            "time": "14-2-28 11:06"
        },
        {
            "comment id": 35,
            "parent": -1,
            "children": [],
            "user id": "1736468314",
            "user name": "万小迷",
            "content": "翻译有点问题，应该是吐吐沫，哈喇子是流的",
            "time": "14-2-28 10:55"
        },
        {
            "comment id": 36,
            "parent": -1,
            "children": [],
            "user id": "1736468314",
            "user name": "万小迷",
            "content": "哈哈哈哈哈哈",
            "time": "14-2-28 10:53"
        },
        {
            "comment id": 37,
            "parent": -1,
            "children": [],
            "user id": "1780289944",
            "user name": "时啊啊啊梦",
            "content": "回复@Jenny_徐欣欣:",
            "time": "14-2-28 10:10"
        },
        {
            "comment id": 38,
            "parent": -1,
            "children": [],
            "user id": "1221098062",
            "user name": "chii_ww",
            "content": "毫无违和感好期待~~",
            "time": "14-2-28 09:59"
        },
        {
            "comment id": 39,
            "parent": -1,
            "children": [],
            "user id": "1712851860",
            "user name": "Joyce_北北",
            "content": "坐等！",
            "time": "14-2-28 08:21"
        },
        {
            "comment id": 40,
            "parent": -1,
            "children": [],
            "user id": "2566012287",
            "user name": "冬日里夜",
            "content": "期待你俩 的、】",
            "time": "14-2-28 07:56"
        },
        {
            "comment id": 41,
            "parent": -1,
            "children": [],
            "user id": "3304183703",
            "user name": "浅夏_peppermint",
            "content": "",
            "time": "14-2-28 07:55"
        },
        {
            "comment id": 42,
            "parent": -1,
            "children": [],
            "user id": "2470320762",
            "user name": "晚风温柔不及",
            "content": "坐等，快来",
            "time": "14-2-28 07:44"
        },
        {
            "comment id": 43,
            "parent": -1,
            "children": [],
            "user id": "1836125083",
            "user name": "雨林旺旺",
            "content": "@山下宅 ",
            "time": "14-2-28 07:04"
        },
        {
            "comment id": 44,
            "parent": -1,
            "children": [],
            "user id": "5049323030",
            "user name": "Ture_Melody",
            "content": "猫猫和虎哥真的能来一个坐等啊2333333",
            "time": "14-2-28 03:29"
        },
        {
            "comment id": 45,
            "parent": -1,
            "children": [],
            "user id": "2272188191",
            "user name": "澜宇荼",
            "content": "233",
            "time": "14-2-28 01:52"
        },
        {
            "comment id": 46,
            "parent": -1,
            "children": [],
            "user id": "2786858412",
            "user name": "CV佐佐木",
            "content": "",
            "time": "14-2-28 01:25"
        },
        {
            "comment id": 47,
            "parent": -1,
            "children": [],
            "user id": "1911874154",
            "user name": "林空饮溪鹿",
            "content": "坐等！",
            "time": "14-2-28 00:49"
        },
        {
            "comment id": 48,
            "parent": -1,
            "children": [],
            "user id": "2007923342",
            "user name": "冰雪格林77",
            "content": "哈哈哈@阑珊水色 @巫小静 @肥麟883 ",
            "time": "14-2-28 00:44"
        },
        {
            "comment id": 49,
            "parent": -1,
            "children": [],
            "user id": "1313483832",
            "user name": "Simple小小小小",
            "content": "还真听出井哥的声音来了@井柏然 //@當當im_叮噹: 哈哈哈哈哈哈哈哈哈哈哈哈大半夜快笑岔气儿了时尚地下买滴吧？·。。。。五爱买滴//@小永远--大米米米米米:哈哈哈哈哈哈！咋听出来井柏然说话的声音了呢[挖鼻屎][挖鼻屎]",
            "time": "14-2-28 00:12"
        },
        {
            "comment id": 50,
            "parent": -1,
            "children": [],
            "user id": "2178677177",
            "user name": "怎么就不能好佳呢",
            "content": "@Tornado-肉肉 @杨萌seven7 @时梦就是三分钟热度",
            "time": "14-2-27 23:59"
        },
        {
            "comment id": 51,
            "parent": -1,
            "children": [],
            "user id": "1782974635",
            "user name": "布布木木",
            "content": "回复@tarepandayy:嘿嘿 不管了 哈哈哈 ",
            "time": "14-2-27 23:59"
        },
        {
            "comment id": 52,
            "parent": -1,
            "children": [],
            "user id": "1782974635",
            "user name": "布布木木",
            "content": "回复@tarepandayy:咪呜！！那我明天留一天出来追完它！！哈哈哈！！",
            "time": "14-2-27 23:58"
        },
        {
            "comment id": 53,
            "parent": -1,
            "children": [],
            "user id": "1735556357",
            "user name": "tarepandayy",
            "content": "回复@布布木木:夜深了 你别笑那么疯造吗",
            "time": "14-2-27 23:47"
        },
        {
            "comment id": 54,
            "parent": -1,
            "children": [],
            "user id": "1798724505",
            "user name": "阿溦WII",
            "content": "阿哈哈哈哈哈哈哈哈哈哈～哎呀妈呀～东北话版老好笑了！！！！",
            "time": "14-2-27 23:47"
        },
        {
            "comment id": 55,
            "parent": -1,
            "children": [],
            "user id": "1735556357",
            "user name": "tarepandayy",
            "content": "回复@布布木木:你可以不用睡了哈哈哈 追死你",
            "time": "14-2-27 23:47"
        },
        {
            "comment id": 56,
            "parent": -1,
            "children": [],
            "user id": "1782974635",
            "user name": "布布木木",
            "content": "回复@tarepandayy:立马看！！！！！！",
            "time": "14-2-27 23:42"
        },
        {
            "comment id": 57,
            "parent": -1,
            "children": [],
            "user id": "1735556357",
            "user name": "tarepandayy",
            "content": "回复@布布木木:不会上瘾只会过瘾 快看丫傻孩子",
            "time": "14-2-27 23:38"
        },
        {
            "comment id": 58,
            "parent": -1,
            "children": [],
            "user id": "1782974635",
            "user name": "布布木木",
            "content": "回复@tarepandayy:艾玛！！东北老爷们笑疯我了！！！吖妹 你太厉害了 咪呜！！！！！！！！！！！",
            "time": "14-2-27 23:38"
        },
        {
            "comment id": 59,
            "parent": -1,
            "children": [],
            "user id": "1782974635",
            "user name": "布布木木",
            "content": "回复@tarepandayy:小屁孩 你咋知道人家还没有看 咪呜 人家怕上瘾咪呜！！",
            "time": "14-2-27 23:35"
        },
        {
            "comment id": 60,
            "parent": -1,
            "children": [],
            "user id": "1919279311",
            "user name": "非洲小白脸vvv",
            "content": "@balabala叨逼叨 ",
            "time": "14-2-27 23:34"
        },
        {
            "comment id": 61,
            "parent": -1,
            "children": [],
            "user id": "2436306453",
            "user name": "我不知道你不知道他不知道",
            "content": "小公主，撒楞携虎哥整一集出(二声)来(轻声)来(二声)~~~233333",
            "time": "14-2-27 23:27"
        },
        {
            "comment id": 62,
            "parent": -1,
            "children": [],
            "user id": "2208690282",
            "user name": "艺术家雯雯子",
            "content": "",
            "time": "14-2-27 23:24"
        },
        {
            "comment id": 63,
            "parent": -1,
            "children": [],
            "user id": "1580219052",
            "user name": "Joiycee",
            "content": "哈哈哈哈哈哈哈哈哈哈哈哈哈哈哈哈哈哈哈哈哈都都哥什么鬼",
            "time": "14-2-27 23:24"
        },
        {
            "comment id": 64,
            "parent": -1,
            "children": [],
            "user id": "1876892433",
            "user name": "路痴的某花",
            "content": "哈哈哈，都都哥，笑抽了～😂",
            "time": "14-2-27 23:17"
        },
        {
            "comment id": 65,
            "parent": -1,
            "children": [],
            "user id": "1837000573",
            "user name": "Tracy_张XL",
            "content": "哈哈哈哈我的个天呐哈哈哈哈哈哈",
            "time": "14-2-27 23:11"
        },
        {
            "comment id": 66,
            "parent": -1,
            "children": [],
            "user id": "2428032083",
            "user name": "傾瀾奕墨",
            "content": "噗 ……藥别停",
            "time": "14-2-27 23:08"
        },
        {
            "comment id": 67,
            "parent": -1,
            "children": [],
            "user id": "1735556357",
            "user name": "tarepandayy",
            "content": "你看了没 再不看 你就彻底输了@布布木木",
            "time": "14-2-27 23:04"
        },
        {
            "comment id": 68,
            "parent": -1,
            "children": [],
            "user id": "1870043377",
            "user name": "丹丹酱stella",
            "content": "哈哈哈哈来一个~",
            "time": "14-2-27 23:04"
        },
        {
            "comment id": 69,
            "parent": -1,
            "children": [],
            "user id": "2859742014",
            "user name": "酒和奶茶",
            "content": "艾玛笑炸了哈啊哈哈哈哈哈哈哈哈哈哈哈哈哈哈哈哈哈哈。。。。。。。晚安",
            "time": "14-2-27 23:00"
        },
        {
            "comment id": 70,
            "parent": -1,
            "children": [],
            "user id": "2732961465",
            "user name": "猫猫劈个叉",
            "content": "嗯嗯  你两来一个",
            "time": "14-2-27 23:00"
        },
        {
            "comment id": 71,
            "parent": -1,
            "children": [],
            "user id": "1931533220",
            "user name": "西弗西珐",
            "content": "5410坐等",
            "time": "14-2-27 23:00"
        },
        {
            "comment id": 72,
            "parent": -1,
            "children": [],
            "user id": "2306132497",
            "user name": "ichel_摸摸鱼",
            "content": "2333333333333笑尿！！！",
            "time": "14-2-27 22:59"
        },
        {
            "comment id": 73,
            "parent": -1,
            "children": [],
            "user id": "1204299005",
            "user name": "轩轩-妮子",
            "content": "别闹",
            "time": "14-2-27 22:59"
        },
        {
            "comment id": 74,
            "parent": -1,
            "children": [],
            "user id": "2032925681",
            "user name": "MM_KUN",
            "content": "期待一下",
            "time": "14-2-27 22:54"
        },
        {
            "comment id": 75,
            "parent": -1,
            "children": [],
            "user id": "2517813890",
            "user name": "布衣喳喳",
            "content": "233333333期待",
            "time": "14-2-27 22:53"
        },
        {
            "comment id": 76,
            "parent": -1,
            "children": [],
            "user id": "3199058265",
            "user name": "努力减肥的小芒果",
            "content": "都都哥，嘎哈来了@蝉小娟娟 @小小星辰ZHM @蕙崽崽_Sissi",
            "time": "14-2-27 22:53"
        },
        {
            "comment id": 77,
            "parent": -1,
            "children": [],
            "user id": "2292293693",
            "user name": "默默无---",
            "content": "O(∩_∩)O哈哈哈~~~你俩快点喋！赶紧把这幺蛾子作出来！别整岔劈喽噢~",
            "time": "14-2-27 22:52"
        },
        {
            "comment id": 78,
            "parent": -1,
            "children": [],
            "user id": "1761781873",
            "user name": "一只虾饺呀",
            "content": "[呵呵]你们酷爱来感受一下",
            "time": "14-2-27 22:51"
        },
        {
            "comment id": 79,
            "parent": -1,
            "children": [],
            "user id": "2922530794",
            "user name": "木有蛀牙sky",
            "content": "→_←",
            "time": "14-2-27 22:50"
        }
    ]
}