{
    "source": {
        "content": "你们就看看不要转发！ ",
        "time": "14-5-11 00:28",
        "user id": "1717721400",
        "tweet id": "B3HUEgebs",
        "label": 1,
        "theme": "社会生活"
    },
    "comment": [
        {
            "comment id": 0,
            "parent": -1,
            "children": [],
            "user id": "1763455294",
            "user name": "ABOLOZHIXI",
            "content": "@惠子21-",
            "time": "14-5-11 16:13"
        },
        {
            "comment id": 1,
            "parent": -1,
            "children": [],
            "user id": "1613643460",
            "user name": "腰果的老妈子",
            "content": "回复@Cozking:天啊幸好是杭州",
            "time": "14-5-11 12:14"
        },
        {
            "comment id": 2,
            "parent": -1,
            "children": [],
            "user id": "1700307457",
            "user name": "网绿球",
            "content": "回复@你和我的曙光:嗯看了",
            "time": "14-5-11 12:04"
        },
        {
            "comment id": 3,
            "parent": -1,
            "children": [],
            "user id": "2349799711",
            "user name": "浮生倥偬",
            "content": "回复@去吧皮卡丘丘丘丘丘丘:看今天余杭官方发布的公告",
            "time": "14-5-11 12:02"
        },
        {
            "comment id": 4,
            "parent": -1,
            "children": [],
            "user id": "1752066182",
            "user name": "天才的穗穗",
            "content": "静待结果",
            "time": "14-5-11 09:27"
        },
        {
            "comment id": 5,
            "parent": -1,
            "children": [],
            "user id": "1783082307",
            "user name": "是我沉默过了头",
            "content": "回复@OIAM_sakatan:怕屁啊你又不参加 又在装娇弱了！！",
            "time": "14-5-11 09:00"
        },
        {
            "comment id": 6,
            "parent": -1,
            "children": [],
            "user id": "2063904725",
            "user name": "坐看羚羊草枝摆",
            "content": "卧槽！这么恶心！",
            "time": "14-5-11 08:58"
        },
        {
            "comment id": 7,
            "parent": -1,
            "children": [],
            "user id": "1915877214",
            "user name": "凤梨罐头没过期",
            "content": "回复@Nico_愿有人陪你颠沛流离:看到了。。。。。好可怕我今天还要出门",
            "time": "14-5-11 08:43"
        },
        {
            "comment id": 8,
            "parent": -1,
            "children": [],
            "user id": "1700307457",
            "user name": "网绿球",
            "content": "我就在临安上大学，被这件事震惊了，册册你快去发微博让更多的人知道呀",
            "time": "14-5-11 08:33"
        },
        {
            "comment id": 9,
            "parent": -1,
            "children": [],
            "user id": "1799617767",
            "user name": "奶油吞",
            "content": "@海美了 好好窝家里 杭州太可怕了[書呆子]",
            "time": "14-5-11 08:30"
        },
        {
            "comment id": 10,
            "parent": -1,
            "children": [],
            "user id": "1783082307",
            "user name": "是我沉默过了头",
            "content": "@OIAM_sakatan",
            "time": "14-5-11 08:02"
        },
        {
            "comment id": 11,
            "parent": -1,
            "children": [],
            "user id": "1837408693",
            "user name": "李森freeparty",
            "content": "回复@四包叔叔:我也觉得很扯",
            "time": "14-5-11 07:05"
        },
        {
            "comment id": 12,
            "parent": -1,
            "children": [],
            "user id": "1791159207",
            "user name": "文聿Anakin",
            "content": "回复@修罗城之瞳:静等消息了解真相〜〜",
            "time": "14-5-11 06:16"
        },
        {
            "comment id": 13,
            "parent": -1,
            "children": [],
            "user id": "2327862771",
            "user name": "甜不腻秀宝儿520",
            "content": "不造谣，不传谣",
            "time": "14-5-11 04:33"
        },
        {
            "comment id": 14,
            "parent": -1,
            "children": [],
            "user id": "1702132295",
            "user name": "黄龙龙",
            "content": "博主喊不要转发！听见没有？",
            "time": "14-5-11 03:37"
        },
        {
            "comment id": 15,
            "parent": -1,
            "children": [],
            "user id": "1777742801",
            "user name": "吼--把你变成猪",
            "content": " @切片等于土司",
            "time": "14-5-11 02:50"
        },
        {
            "comment id": 16,
            "parent": -1,
            "children": [],
            "user id": "2152143150",
            "user name": "修罗城之瞳",
            "content": "哎。。。@AndrieWu",
            "time": "14-5-11 02:48"
        },
        {
            "comment id": 17,
            "parent": -1,
            "children": [],
            "user id": "3738951261",
            "user name": "一只椒盐炸鸡腿",
            "content": " @江宁公安在线 @十堰市公安局东岳分局 婆婆和小受蜀黍这是怎么了",
            "time": "14-5-11 01:17"
        },
        {
            "comment id": 18,
            "parent": -1,
            "children": [],
            "user id": "3884838788",
            "user name": "龙生的那九个鸡小萌",
            "content": "[呵呵]我图存了，自己发。[呵呵]",
            "time": "14-5-11 01:14"
        },
        {
            "comment id": 19,
            "parent": -1,
            "children": [],
            "user id": "2923280207",
            "user name": "溺水米",
            "content": "我曹简直...扩！",
            "time": "14-5-11 01:13"
        },
        {
            "comment id": 20,
            "parent": -1,
            "children": [],
            "user id": "2486527840",
            "user name": "祝叶叶青",
            "content": "不转，但要知道",
            "time": "14-5-11 01:01"
        },
        {
            "comment id": 21,
            "parent": -1,
            "children": [],
            "user id": "2389474582",
            "user name": "兽王猎ADD创伤后遗症康复平台",
            "content": "虽然不知道怎么回事，但是刚看见@辟谣与真相 的微博，有不同的立场",
            "time": "14-5-11 01:00"
        },
        {
            "comment id": 22,
            "parent": -1,
            "children": [],
            "user id": "3043284172",
            "user name": "萧飒喜欢一个人",
            "content": "加油，顶住",
            "time": "14-5-11 01:00"
        },
        {
            "comment id": 23,
            "parent": -1,
            "children": [],
            "user id": "3172006004",
            "user name": "上翘",
            "content": "哎",
            "time": "14-5-11 00:53"
        },
        {
            "comment id": 24,
            "parent": -1,
            "children": [],
            "user id": "2575468267",
            "user name": "bubbleDun",
            "content": "转了还是立马删了 我不知道说什么",
            "time": "14-5-11 00:50"
        },
        {
            "comment id": 25,
            "parent": -1,
            "children": [],
            "user id": "1066995495",
            "user name": "四包包包包",
            "content": "太扯了…抢过小孩从桥上摔死",
            "time": "14-5-11 00:49"
        },
        {
            "comment id": 26,
            "parent": -1,
            "children": [],
            "user id": "1956789162",
            "user name": "我是水果味的",
            "content": "忍住不转",
            "time": "14-5-11 00:49"
        },
        {
            "comment id": 27,
            "parent": -1,
            "children": [],
            "user id": "2750472715",
            "user name": "爱到杯满",
            "content": "还是有傻逼转了 哎",
            "time": "14-5-11 00:48"
        },
        {
            "comment id": 28,
            "parent": -1,
            "children": [],
            "user id": "3203195143",
            "user name": "kawhi音",
            "content": "回复@黄星期六:我就说搜杭州怎么搜不到",
            "time": "14-5-11 00:47"
        },
        {
            "comment id": 29,
            "parent": -1,
            "children": [],
            "user id": "3647720102",
            "user name": "淡蓝色房子",
            "content": "操他妈的社会主义好，政府就是一群傻大逼！",
            "time": "14-5-11 00:46"
        },
        {
            "comment id": 30,
            "parent": -1,
            "children": [],
            "user id": "3258275440",
            "user name": "大螃骇",
            "content": "@曾皓韵和他的朋友们",
            "time": "14-5-11 00:45"
        },
        {
            "comment id": 31,
            "parent": -1,
            "children": [],
            "user id": "1656439137",
            "user name": "一个大元宝",
            "content": "亲爱的阿册，我关注的大号里就只有你在转发这个事情，谢谢，更喜欢你了",
            "time": "14-5-11 00:44"
        },
        {
            "comment id": 32,
            "parent": -1,
            "children": [],
            "user id": "1697061523",
            "user name": "萌粥粥的日常",
            "content": "这条信息如果是真的，那么余杭政府乃至杭州政府都会倒霉。但综合每次事件的考量，对这条消息的正确性，希望大家保持警惕。不转发，不参与，自有公论。还有网上的视频，我看到的是一群暴民在犯罪！",
            "time": "14-5-11 00:44"
        },
        {
            "comment id": 33,
            "parent": -1,
            "children": [],
            "user id": "3963618881",
            "user name": "是三吉啦",
            "content": "好多人转啊！等等又被和谐了！真的是！",
            "time": "14-5-11 00:42"
        },
        {
            "comment id": 34,
            "parent": -1,
            "children": [],
            "user id": "3165609662",
            "user name": "jzahptdr",
            "content": "啊册都让你们别转发了！！还转！！",
            "time": "14-5-11 00:42"
        },
        {
            "comment id": 35,
            "parent": -1,
            "children": [],
            "user id": "3298967775",
            "user name": "haluolo",
            "content": "@古典同學 万事谨慎",
            "time": "14-5-11 00:40"
        },
        {
            "comment id": 36,
            "parent": -1,
            "children": [],
            "user id": "3963618881",
            "user name": "是三吉啦",
            "content": "回复@叔待业中:图片保存下来然后自己发……",
            "time": "14-5-11 00:40"
        },
        {
            "comment id": 37,
            "parent": -1,
            "children": [],
            "user id": "1863171590",
            "user name": "暄裔",
            "content": "有时总觉得很无助，虽然还没发生在身边，但也莫名的悲凉！",
            "time": "14-5-11 00:39"
        },
        {
            "comment id": 38,
            "parent": -1,
            "children": [],
            "user id": "1761164984",
            "user name": "樊甯院長",
            "content": "说不也让转总是还会有人转发 唉",
            "time": "14-5-11 00:38"
        },
        {
            "comment id": 39,
            "parent": -1,
            "children": [],
            "user id": "2011854302",
            "user name": "__Misery-",
            "content": "",
            "time": "14-5-11 00:38"
        },
        {
            "comment id": 40,
            "parent": -1,
            "children": [],
            "user id": "2730942077",
            "user name": "崔胜贤女友v",
            "content": "@顾本无源i",
            "time": "14-5-11 00:37"
        },
        {
            "comment id": 41,
            "parent": -1,
            "children": [],
            "user id": "2671708454",
            "user name": "LiLi很无辜",
            "content": "谁转发的！！",
            "time": "14-5-11 00:35"
        },
        {
            "comment id": 42,
            "parent": -1,
            "children": [],
            "user id": "1768990553",
            "user name": "小面团嘤嘤嘤嘤嘤嘤",
            "content": "天哪",
            "time": "14-5-11 00:34"
        },
        {
            "comment id": 43,
            "parent": -1,
            "children": [],
            "user id": "3547342764",
            "user name": "小居崽汁",
            "content": "可恶",
            "time": "14-5-11 00:34"
        },
        {
            "comment id": 44,
            "parent": -1,
            "children": [],
            "user id": "1804084382",
            "user name": "夜深悲傷長",
            "content": "默默收藏",
            "time": "14-5-11 00:34"
        },
        {
            "comment id": 45,
            "parent": -1,
            "children": [],
            "user id": "2524137042",
            "user name": "三杠小队长",
            "content": "哎。。。",
            "time": "14-5-11 00:33"
        },
        {
            "comment id": 46,
            "parent": -1,
            "children": [],
            "user id": "1196263042",
            "user name": "吃土少年四",
            "content": "为了你的安全忍住不转发。。卧槽，明天起来看官方说辞！",
            "time": "14-5-11 00:33"
        },
        {
            "comment id": 47,
            "parent": -1,
            "children": [],
            "user id": "3277548100",
            "user name": "迷你小小小小透明",
            "content": "你要注意安全啊[淚]天朝太可怕了！",
            "time": "14-5-11 00:32"
        },
        {
            "comment id": 48,
            "parent": -1,
            "children": [],
            "user id": "2871427321",
            "user name": "845_845",
            "content": "顿时语塞",
            "time": "14-5-11 00:32"
        },
        {
            "comment id": 49,
            "parent": -1,
            "children": [],
            "user id": "2970567647",
            "user name": "psw田七一洗白",
            "content": "唉",
            "time": "14-5-11 00:31"
        },
        {
            "comment id": 50,
            "parent": -1,
            "children": [],
            "user id": "2788287324",
            "user name": "菌軍珺君",
            "content": "其实很想转发····",
            "time": "14-5-11 00:30"
        },
        {
            "comment id": 51,
            "parent": -1,
            "children": [],
            "user id": "3463662850",
            "user name": "坦然很重要",
            "content": "我去…",
            "time": "14-5-11 00:29"
        }
    ]
}