{
    "source": {
        "content": "【《背影》因违反交规被逐出教材 教授称审核尺度令人遗憾】文中父亲跳下站台、穿过铁道到对面给儿子买橘子，违反了今天的交通规则，所以不能作为中学课文，曾感动无数人的经典最终败在了交通规则上。如果是这样，那木兰辞中木兰替父从军不诚信，红楼梦中提倡早恋同性恋不是统统都要逐出教材。。。 ",
        "time": "14-5-17 20:58",
        "user id": "3936527402",
        "tweet id": "B4KwOjuGl",
        "label": 1,
        "theme": "教育考试"
    },
    "comment": [
        {
            "comment id": 0,
            "parent": -1,
            "children": [],
            "user id": "3910799978",
            "user name": "曾几何时的那个曾经",
            "content": "神经病。。文学作品明显不能这么看的。放在课文里又怎么了？小孩子还会跨过月台？开玩笑",
            "time": "14-5-18 11:15"
        },
        {
            "comment id": 1,
            "parent": -1,
            "children": [],
            "user id": "3811291353",
            "user name": "小牧94年",
            "content": "搁得着这样吗？？？那时候的为什么要用现代的准则来限定，“忒吧”。。。",
            "time": "14-5-17 23:56"
        },
        {
            "comment id": 2,
            "parent": -1,
            "children": [],
            "user id": "3168723061",
            "user name": "FocusonmyselfD",
            "content": "教授现在都是干什么吃得啊",
            "time": "14-5-17 22:09"
        },
        {
            "comment id": 3,
            "parent": -1,
            "children": [],
            "user id": "1881715952",
            "user name": "流影逆光",
            "content": "妈蛋，小时候特喜欢这篇文章",
            "time": "14-5-17 21:10"
        },
        {
            "comment id": 4,
            "parent": -1,
            "children": [],
            "user id": "2833633574",
            "user name": "赵二狗姓王",
            "content": "。。。",
            "time": "14-5-17 21:09"
        }
    ]
}