{
    "source": {
        "content": "你们都要移民了，还打着中国国旗干什么？转 ",
        "time": "14-6-14 09:15",
        "user id": "2338502960",
        "tweet id": "B8VTo7X08",
        "label": 1,
        "theme": "政治"
    },
    "comment": [
        {
            "comment id": 0,
            "parent": -1,
            "children": [],
            "user id": "2096894854",
            "user name": "广东GZmark",
            "content": "加拿大明智，不要这堆垃圾",
            "time": "14-6-16 22:39"
        },
        {
            "comment id": 1,
            "parent": -1,
            "children": [],
            "user id": "1052183307",
            "user name": "乔治河",
            "content": "太具讽刺意义了",
            "time": "14-6-14 18:35"
        },
        {
            "comment id": 2,
            "parent": -1,
            "children": [],
            "user id": "2664643734",
            "user name": "用阳光勾勒微笑2374543286",
            "content": "一群脑残，都移民了就别再举中国的国旗了！",
            "time": "14-6-14 15:54"
        },
        {
            "comment id": 3,
            "parent": -1,
            "children": [],
            "user id": "1997814481",
            "user name": "孜婉",
            "content": "哭着喊着要离开，中国实在待不下去了吗？",
            "time": "14-6-14 15:01"
        },
        {
            "comment id": 4,
            "parent": -1,
            "children": [],
            "user id": "2241236351",
            "user name": "mdjronaldinho",
            "content": "[挖鼻屎]",
            "time": "14-6-14 14:59"
        },
        {
            "comment id": 5,
            "parent": -1,
            "children": [],
            "user id": "3907897395",
            "user name": "风花雪夜遇见了你",
            "content": "跟普京商量商量，加拿大不要这帮傻逼，能否给移民到西柏利亚去。",
            "time": "14-6-14 14:41"
        },
        {
            "comment id": 6,
            "parent": -1,
            "children": [],
            "user id": "1103757284",
            "user name": "青成秀",
            "content": "打加拿大旗吧！一群不要B脸的东西！",
            "time": "14-6-14 14:06"
        },
        {
            "comment id": 7,
            "parent": -1,
            "children": [],
            "user id": "3994977155",
            "user name": "萌萌哒雪妹妹",
            "content": "各位客户 既然加拿大去不了 可以考虑美国和欧洲//@萝莉控的光哥哥: //@丰乳肥臀v: 太搞了",
            "time": "14-6-14 14:01"
        },
        {
            "comment id": 8,
            "parent": -1,
            "children": [],
            "user id": "1847006887",
            "user name": "云巴的黑巴",
            "content": "PS你都发了好几遍了！",
            "time": "14-6-14 13:44"
        },
        {
            "comment id": 9,
            "parent": -1,
            "children": [],
            "user id": "1588892667",
            "user name": "奥酒马",
            "content": "碧莲哪去了？",
            "time": "14-6-14 13:22"
        },
        {
            "comment id": 10,
            "parent": -1,
            "children": [],
            "user id": "2613400821",
            "user name": "梁主你必须稳底",
            "content": "哎哟我去，这尼玛分裂成啥样了。现在这脑残跟高级黑都不好分了。",
            "time": "14-6-14 12:59"
        },
        {
            "comment id": 11,
            "parent": -1,
            "children": [],
            "user id": "2480518131",
            "user name": "咖啡1892",
            "content": "这才叫走狗叛徒",
            "time": "14-6-14 12:36"
        },
        {
            "comment id": 12,
            "parent": -1,
            "children": [],
            "user id": "1465113277",
            "user name": "星际旺",
            "content": "[打哈气]",
            "time": "14-6-14 12:04"
        },
        {
            "comment id": 13,
            "parent": -1,
            "children": [],
            "user id": "3992339406",
            "user name": "人mo老但伊爱老",
            "content": "一帮心态不正常的东西！",
            "time": "14-6-14 11:55"
        },
        {
            "comment id": 14,
            "parent": -1,
            "children": [],
            "user id": "2687148207",
            "user name": "寂道",
            "content": "移到老猫囤去吧",
            "time": "14-6-14 11:52"
        },
        {
            "comment id": 15,
            "parent": -1,
            "children": [],
            "user id": "1998790295",
            "user name": "cocojoys",
            "content": "都要移民了，还想腊肉呢。",
            "time": "14-6-14 11:34"
        },
        {
            "comment id": 16,
            "parent": -1,
            "children": [],
            "user id": "3204878472",
            "user name": "年轻人不轻佻浮躁",
            "content": "不要脸",
            "time": "14-6-14 11:32"
        },
        {
            "comment id": 17,
            "parent": -1,
            "children": [],
            "user id": "1709020841",
            "user name": "楼兰的男儿",
            "content": "好大一群痘比",
            "time": "14-6-14 11:12"
        },
        {
            "comment id": 18,
            "parent": -1,
            "children": [],
            "user id": "1445898045",
            "user name": "布克叮咚",
            "content": "真不要脸",
            "time": "14-6-14 10:52"
        },
        {
            "comment id": 19,
            "parent": -1,
            "children": [],
            "user id": "2422478354",
            "user name": "lamojiang",
            "content": "加拿大人民在干吗？",
            "time": "14-6-14 10:50"
        },
        {
            "comment id": 20,
            "parent": -1,
            "children": [],
            "user id": "2497803597",
            "user name": "S独孤",
            "content": "傻逼啊",
            "time": "14-6-14 10:47"
        },
        {
            "comment id": 21,
            "parent": -1,
            "children": [],
            "user id": "2106220201",
            "user name": "牛牛碧碧",
            "content": "不可理喻，有本事告中国政府啊，告他们把中国变成谁都不想待的地方！！",
            "time": "14-6-14 10:47"
        },
        {
            "comment id": 22,
            "parent": -1,
            "children": [],
            "user id": "2454070682",
            "user name": "杏花村酒飘香",
            "content": "货真价实王",
            "time": "14-6-14 10:47"
        },
        {
            "comment id": 23,
            "parent": -1,
            "children": [],
            "user id": "2134411865",
            "user name": "小颜玖幺幺",
            "content": "蛇精病",
            "time": "14-6-14 10:47"
        },
        {
            "comment id": 24,
            "parent": -1,
            "children": [],
            "user id": "2372836467",
            "user name": "Logistics8ZHOU",
            "content": "原来是假照片？",
            "time": "14-6-14 10:45"
        },
        {
            "comment id": 25,
            "parent": -1,
            "children": [],
            "user id": "1826688465",
            "user name": "爱酸奶的小灰灰",
            "content": "拿张ps的假图煽风点火，安的什么心！！！！",
            "time": "14-6-14 10:42"
        },
        {
            "comment id": 26,
            "parent": -1,
            "children": [],
            "user id": "3264516165",
            "user name": "剑胆琴心-KELVIN",
            "content": "这是假照，早就辟谣了！",
            "time": "14-6-14 10:39"
        },
        {
            "comment id": 27,
            "parent": -1,
            "children": [],
            "user id": "1915209885",
            "user name": "半边自由",
            "content": "加拿大不治脑残啊！",
            "time": "14-6-14 10:39"
        },
        {
            "comment id": 28,
            "parent": -1,
            "children": [],
            "user id": "2432218854",
            "user name": "潮洲客",
            "content": "拜托傻逼楼主学好ps",
            "time": "14-6-14 10:38"
        },
        {
            "comment id": 29,
            "parent": -1,
            "children": [],
            "user id": "1853509691",
            "user name": "安先生Sir",
            "content": "给那些不认识中国字儿的人看，快移吧！",
            "time": "14-6-14 10:38"
        },
        {
            "comment id": 30,
            "parent": -1,
            "children": [],
            "user id": "1293985150",
            "user name": "菠菜蚊子",
            "content": "回复@黄帅20130:标语布条褶皱的地方字体也是褶皱的，PS可能性比较小。",
            "time": "14-6-14 10:37"
        },
        {
            "comment id": 31,
            "parent": -1,
            "children": [],
            "user id": "5123943376",
            "user name": "用户gswvwa6u5a",
            "content": "换了国籍就在也不是中国人，想吃二家饭，没门",
            "time": "14-6-14 10:33"
        },
        {
            "comment id": 32,
            "parent": -1,
            "children": [],
            "user id": "3030940327",
            "user name": "PinMuengngam",
            "content": "可笑，想移民！有你们这些混蛋，不欺负你才怪！",
            "time": "14-6-14 10:32"
        },
        {
            "comment id": 33,
            "parent": -1,
            "children": [],
            "user id": "5106804150",
            "user name": "莫名的帅008",
            "content": "ps的",
            "time": "14-6-14 10:29"
        },
        {
            "comment id": 34,
            "parent": -1,
            "children": [],
            "user id": "2363202931",
            "user name": "Go-ahead-Kitty",
            "content": "呵呵，",
            "time": "14-6-14 10:28"
        },
        {
            "comment id": 35,
            "parent": -1,
            "children": [],
            "user id": "3185477524",
            "user name": "别骄傲了咖啡结婚了",
            "content": "很无趣，其实移民并不等于不爱国只会向往资本主义的生活",
            "time": "14-6-14 10:28"
        },
        {
            "comment id": 36,
            "parent": -1,
            "children": [],
            "user id": "2673872235",
            "user name": "杨公子假斯文",
            "content": "特么的 当中国是备胎啊！",
            "time": "14-6-14 10:27"
        },
        {
            "comment id": 37,
            "parent": -1,
            "children": [],
            "user id": "1956543231",
            "user name": "魔佛冠冕外星鸡",
            "content": "充满喜感. //@丰乳肥臀v: 太搞了",
            "time": "14-6-14 10:15"
        },
        {
            "comment id": 38,
            "parent": -1,
            "children": [],
            "user id": "1711394447",
            "user name": "影孨",
            "content": "值得全民思考。。。。。。。。。。。。。。。。。",
            "time": "14-6-14 10:12"
        },
        {
            "comment id": 39,
            "parent": -1,
            "children": [],
            "user id": "2270252847",
            "user name": "左撇子语录",
            "content": "我靠，都他妈的不要当中国人了，还举着五星旗哄鬼啊！真是一群豆比！",
            "time": "14-6-14 10:10"
        },
        {
            "comment id": 40,
            "parent": -1,
            "children": [],
            "user id": "1462910467",
            "user name": "发麺馒頭",
            "content": "哈哈，真是好笑",
            "time": "14-6-14 10:06"
        },
        {
            "comment id": 41,
            "parent": -1,
            "children": [],
            "user id": "3764796037",
            "user name": "黑带_WSJ",
            "content": "怕被欺负还哭着喊着要移民，找死一族。",
            "time": "14-6-14 09:58"
        },
        {
            "comment id": 42,
            "parent": -1,
            "children": [],
            "user id": "2384638017",
            "user name": "Arstra",
            "content": "跳梁小丑！有钱没耻！",
            "time": "14-6-14 09:58"
        },
        {
            "comment id": 43,
            "parent": -1,
            "children": [],
            "user id": "3055487201",
            "user name": "白话人生100927",
            "content": "不要脸，按国旗法处置他们。",
            "time": "14-6-14 09:49"
        },
        {
            "comment id": 44,
            "parent": -1,
            "children": [],
            "user id": "2959493355",
            "user name": "桑树葛",
            "content": "脑袋被驴踢了！",
            "time": "14-6-14 09:45"
        },
        {
            "comment id": 45,
            "parent": -1,
            "children": [],
            "user id": "2805056104",
            "user name": "_王晓春",
            "content": "应该拿加拿大国旗",
            "time": "14-6-14 09:44"
        },
        {
            "comment id": 46,
            "parent": -1,
            "children": [],
            "user id": "3165486814",
            "user name": "laowang138",
            "content": "入籍某国,首先须宣誓忠于该国.却又想原籍国做后台.二臣之心,人品低下.",
            "time": "14-6-14 09:43"
        },
        {
            "comment id": 47,
            "parent": -1,
            "children": [],
            "user id": "2805056104",
            "user name": "_王晓春",
            "content": "拿了外国护照，过几年再回来拿中国PR",
            "time": "14-6-14 09:42"
        },
        {
            "comment id": 48,
            "parent": -1,
            "children": [],
            "user id": "3799424504",
            "user name": "三山先日月",
            "content": "p的吧",
            "time": "14-6-14 09:41"
        },
        {
            "comment id": 49,
            "parent": -1,
            "children": [],
            "user id": "3292705021",
            "user name": "任渭房",
            "content": "这就体现了，人的阴暗性。不管打着哪国国旗，也不管他们伸张什么事情，都是为他们自己，代表不了国家，民族……",
            "time": "14-6-14 09:41"
        },
        {
            "comment id": 50,
            "parent": -1,
            "children": [],
            "user id": "1852606512",
            "user name": "Henry-2016",
            "content": "神经错乱的，哈哈",
            "time": "14-6-14 09:41"
        },
        {
            "comment id": 51,
            "parent": -1,
            "children": [],
            "user id": "2805056104",
            "user name": "_王晓春",
            "content": "国际无产阶级者都出在中国。",
            "time": "14-6-14 09:40"
        },
        {
            "comment id": 52,
            "parent": -1,
            "children": [],
            "user id": "2096894854",
            "user name": "广东GZmark",
            "content": "没有价值取向，也不怕全世界都知道。你还是人不是？",
            "time": "14-6-14 09:38"
        },
        {
            "comment id": 53,
            "parent": -1,
            "children": [],
            "user id": "1401687760",
            "user name": "逐风之箭",
            "content": "爱过～～//@老故事周伟思: 真爱国啊。//@丰乳肥臀v: 太搞了",
            "time": "14-6-14 09:38"
        },
        {
            "comment id": 54,
            "parent": -1,
            "children": [],
            "user id": "2712709723",
            "user name": "老故事周伟思",
            "content": "真爱国啊。//@丰乳肥臀v: 太搞了",
            "time": "14-6-14 09:30"
        },
        {
            "comment id": 55,
            "parent": -1,
            "children": [],
            "user id": "1891200642",
            "user name": "llnzj",
            "content": "钓鱼的，P的，别信",
            "time": "14-6-14 09:30"
        },
        {
            "comment id": 56,
            "parent": -1,
            "children": [],
            "user id": "2919931031",
            "user name": "沙海流云2013",
            "content": "绝对是装...！",
            "time": "14-6-14 09:28"
        },
        {
            "comment id": 57,
            "parent": -1,
            "children": [],
            "user id": "1645671124",
            "user name": "Mr_LightLight",
            "content": "//@丰乳肥臀v: 太搞了",
            "time": "14-6-14 09:26"
        },
        {
            "comment id": 58,
            "parent": -1,
            "children": [],
            "user id": "2712068823",
            "user name": "得句鹭飞处",
            "content": "脑残片告急。",
            "time": "14-6-14 09:25"
        },
        {
            "comment id": 59,
            "parent": -1,
            "children": [],
            "user id": "1687308335",
            "user name": "神仙二郎",
            "content": "加拿大是中国的？！！！",
            "time": "14-6-14 09:23"
        },
        {
            "comment id": 60,
            "parent": -1,
            "children": [],
            "user id": "2817128650",
            "user name": "石头下的草122",
            "content": "这帮臭不要脸的",
            "time": "14-6-14 09:21"
        },
        {
            "comment id": 61,
            "parent": -1,
            "children": [],
            "user id": "5099989994",
            "user name": "承智文-爱新闻",
            "content": "最无耻的抗议//@丰乳肥臀v: 太搞了",
            "time": "14-6-14 09:20"
        },
        {
            "comment id": 62,
            "parent": -1,
            "children": [],
            "user id": "3148802960",
            "user name": "森牧远",
            "content": "//@丰乳肥臀v: 太搞了",
            "time": "14-6-14 09:19"
        },
        {
            "comment id": 63,
            "parent": -1,
            "children": [],
            "user id": "2145494291",
            "user name": "丰乳肥臀v",
            "content": "太搞了",
            "time": "14-6-14 09:19"
        },
        {
            "comment id": 64,
            "parent": -1,
            "children": [],
            "user id": "1942211332",
            "user name": "梁山汉",
            "content": "爱国呗，不论走到哪里都有一颗中国嘴~",
            "time": "14-6-14 09:17"
        },
        {
            "comment id": 65,
            "parent": -1,
            "children": [],
            "user id": "1463935570",
            "user name": "要称心便难得洒脱",
            "content": "从加拿大移民到中国？",
            "time": "14-6-14 09:16"
        },
        {
            "comment id": 66,
            "parent": -1,
            "children": [],
            "user id": "1847057861",
            "user name": "沂蒙老肖56876",
            "content": "乱了",
            "time": "14-6-14 09:16"
        },
        {
            "comment id": 67,
            "parent": -1,
            "children": [],
            "user id": "2105360664",
            "user name": "TOZXY",
            "content": "太搞笑了",
            "time": "14-6-14 09:16"
        }
    ]
}