{
    "source": {
        "content": "【自拍被美国精神病学协会认定为精神病！】美国精神病学协会已将\"自拍成瘾\"认定为一种精神疾病，其特点是常常想自拍并将照片传至社交网络，以弥补现实生活中自尊心的缺失。心理医生指出，治疗这种精神疾病的药物目前还没有研制出来。但有网友提出了自己的解决方案：手机砸了就行了。。 ",
        "time": "14-7-2 10:22",
        "user id": "1969737530",
        "tweet id": "BbG1ymV4J",
        "label": 1,
        "theme": "科技"
    },
    "comment": [
        {
            "comment id": 0,
            "parent": -1,
            "children": [],
            "user id": "2413166107",
            "user name": "Jane-乱柒捌糟",
            "content": "回复@-靖鸿-:",
            "time": "14-7-12 13:10"
        },
        {
            "comment id": 1,
            "parent": -1,
            "children": [],
            "user id": "2959733010",
            "user name": "吖蠢有只猫",
            "content": "回复@沉默的煌琪:这个是贱贱",
            "time": "14-7-7 13:27"
        },
        {
            "comment id": 2,
            "parent": -1,
            "children": [],
            "user id": "3193723777",
            "user name": "_杨大萌",
            "content": "回复@-oulu:哈哈哈砸了吧😢",
            "time": "14-7-4 11:37"
        },
        {
            "comment id": 3,
            "parent": -1,
            "children": [],
            "user id": "1752752512",
            "user name": "Wiwi_Wong",
            "content": "回复@Mask__Li:猪",
            "time": "14-7-3 19:24"
        },
        {
            "comment id": 4,
            "parent": -1,
            "children": [],
            "user id": "2957006347",
            "user name": "Mask__Li",
            "content": "回复@Wiwi桑:系吖",
            "time": "14-7-3 19:23"
        },
        {
            "comment id": 5,
            "parent": -1,
            "children": [],
            "user id": "1752752512",
            "user name": "Wiwi_Wong",
            "content": "回复@Mask__Li:贱人= =你醒啦",
            "time": "14-7-3 17:59"
        },
        {
            "comment id": 6,
            "parent": -1,
            "children": [],
            "user id": "2957006347",
            "user name": "Mask__Li",
            "content": "回复@Wiwi桑:贱人",
            "time": "14-7-3 17:58"
        },
        {
            "comment id": 7,
            "parent": -1,
            "children": [],
            "user id": "2193126940",
            "user name": "布拉格浪子",
            "content": "回复@Takka_Freed:",
            "time": "14-7-3 11:23"
        },
        {
            "comment id": 8,
            "parent": -1,
            "children": [],
            "user id": "1949415627",
            "user name": "这谁家的大可爱呀",
            "content": "回复@刘大元是个大大大大大好人:",
            "time": "14-7-3 08:47"
        },
        {
            "comment id": 9,
            "parent": -1,
            "children": [],
            "user id": "1298580033",
            "user name": "彼黍离离",
            "content": "已被证实谣言。警察叔叔要来送快递了",
            "time": "14-7-2 23:14"
        },
        {
            "comment id": 10,
            "parent": -1,
            "children": [],
            "user id": "2341883351",
            "user name": "原来是肥仔-",
            "content": "@你猜猜我是谁o @OnlyI梁慧芳 某些人。。。",
            "time": "14-7-2 19:58"
        },
        {
            "comment id": 11,
            "parent": -1,
            "children": [],
            "user id": "2070863645",
            "user name": "Galea-",
            "content": "回复@龙锦华_GaGa:每天拍一拍精神！",
            "time": "14-7-2 18:57"
        },
        {
            "comment id": 12,
            "parent": -1,
            "children": [],
            "user id": "3168350493",
            "user name": "chen-颖颖颖颖颖",
            "content": "@早安鹏鹏- 得治",
            "time": "14-7-2 16:33"
        },
        {
            "comment id": 13,
            "parent": -1,
            "children": [],
            "user id": "1897511441",
            "user name": "_陈奕俊",
            "content": "把美图软件都删了、、、估计能治好很多人！！！",
            "time": "14-7-2 15:47"
        },
        {
            "comment id": 14,
            "parent": -1,
            "children": [],
            "user id": "3478821364",
            "user name": "zDoriss",
            "content": "回复@-张煌:对阿…好苦恼😪",
            "time": "14-7-2 15:06"
        },
        {
            "comment id": 15,
            "parent": -1,
            "children": [],
            "user id": "2646544951",
            "user name": "-张煌",
            "content": " @春风十里不如_你 得病了？",
            "time": "14-7-2 14:48"
        },
        {
            "comment id": 16,
            "parent": -1,
            "children": [],
            "user id": "3193102794",
            "user name": "优衣小筑",
            "content": "这下满大街都是神经病了",
            "time": "14-7-2 14:18"
        },
        {
            "comment id": 17,
            "parent": -1,
            "children": [],
            "user id": "1784305612",
            "user name": "乄左岸丶",
            "content": "确实是病",
            "time": "14-7-2 14:17"
        },
        {
            "comment id": 18,
            "parent": -1,
            "children": [],
            "user id": "1752752512",
            "user name": "Wiwi_Wong",
            "content": "@Mask__Li",
            "time": "14-7-2 14:04"
        },
        {
            "comment id": 19,
            "parent": -1,
            "children": [],
            "user id": "2012367747",
            "user name": "月饼在七月",
            "content": "来来来，我带你一起病～",
            "time": "14-7-2 12:59"
        },
        {
            "comment id": 20,
            "parent": -1,
            "children": [],
            "user id": "1694417450",
            "user name": "孔大欣",
            "content": "回复@zxg101101:啊这下真成神经病了。。",
            "time": "14-7-2 12:56"
        },
        {
            "comment id": 21,
            "parent": -1,
            "children": [],
            "user id": "1812513007",
            "user name": "zxg101101",
            "content": "回复@孔大欣:snapchat 也算 不要作弊 阅后即焚咋地啦",
            "time": "14-7-2 12:55"
        },
        {
            "comment id": 22,
            "parent": -1,
            "children": [],
            "user id": "1694417450",
            "user name": "孔大欣",
            "content": "回复@zxg101101:可是我没有发到社交网络！！",
            "time": "14-7-2 12:52"
        },
        {
            "comment id": 23,
            "parent": -1,
            "children": [],
            "user id": "2491605627",
            "user name": "璇儿Sherry",
            "content": "回复@骆某某不会飞:草泥马",
            "time": "14-7-2 12:49"
        },
        {
            "comment id": 24,
            "parent": -1,
            "children": [],
            "user id": "2212764985",
            "user name": "Howie_Luo",
            "content": "回复@璇儿Sherry:我就艾特一下你，叫跟你聊天？这么看得起自己？",
            "time": "14-7-2 12:49"
        },
        {
            "comment id": 25,
            "parent": -1,
            "children": [],
            "user id": "2491605627",
            "user name": "璇儿Sherry",
            "content": "回复@骆某某不会飞:谁叫尼玛我",
            "time": "14-7-2 12:47"
        },
        {
            "comment id": 26,
            "parent": -1,
            "children": [],
            "user id": "2212764985",
            "user name": "Howie_Luo",
            "content": "回复@璇儿Sherry:我有跟你聊么？？就是想说自己忙。。",
            "time": "14-7-2 12:45"
        },
        {
            "comment id": 27,
            "parent": -1,
            "children": [],
            "user id": "2696882770",
            "user name": "柚籽momo茶",
            "content": "@琴咩咩咩 ",
            "time": "14-7-2 12:36"
        },
        {
            "comment id": 28,
            "parent": -1,
            "children": [],
            "user id": "2850052762",
            "user name": "_Leizicon",
            "content": "@BonnieJane",
            "time": "14-7-2 12:36"
        },
        {
            "comment id": 29,
            "parent": -1,
            "children": [],
            "user id": "1729185607",
            "user name": "只爱西瓜心",
            "content": "回复@黄豆豆的兜兜没有豆豆:手机砸了还有神器，不可都砸啊",
            "time": "14-7-2 12:34"
        },
        {
            "comment id": 30,
            "parent": -1,
            "children": [],
            "user id": "1959421234",
            "user name": "久玥九悦",
            "content": "回复@M大人是也:",
            "time": "14-7-2 12:29"
        },
        {
            "comment id": 31,
            "parent": -1,
            "children": [],
            "user id": "1978553445",
            "user name": "包包与礼",
            "content": "大家努力轉夠500博主可以關小黑屋了",
            "time": "14-7-2 12:29"
        },
        {
            "comment id": 32,
            "parent": -1,
            "children": [],
            "user id": "3976906641",
            "user name": "九月和奥莉",
            "content": "回复@倩_阿姨:有镜头的时候你别乱入！！！！",
            "time": "14-7-2 12:25"
        },
        {
            "comment id": 33,
            "parent": -1,
            "children": [],
            "user id": "1790401081",
            "user name": "黄豆豆的兜兜没有豆豆",
            "content": "@只爱西瓜心 ",
            "time": "14-7-2 12:20"
        },
        {
            "comment id": 34,
            "parent": -1,
            "children": [],
            "user id": "2201149237",
            "user name": "王大剩qqq",
            "content": "@大辫子_ZZX",
            "time": "14-7-2 12:19"
        },
        {
            "comment id": 35,
            "parent": -1,
            "children": [],
            "user id": "1853856023",
            "user name": "施沅糦",
            "content": "回复@希某惊呆了:准啊！！！！",
            "time": "14-7-2 12:12"
        },
        {
            "comment id": 36,
            "parent": -1,
            "children": [],
            "user id": "1935820980",
            "user name": "UP马蚤年",
            "content": "都辟谣啦，假的",
            "time": "14-7-2 12:10"
        },
        {
            "comment id": 37,
            "parent": -1,
            "children": [],
            "user id": "3014527661",
            "user name": "你的w灰灰",
            "content": "@柳泽键爱生活",
            "time": "14-7-2 12:07"
        },
        {
            "comment id": 38,
            "parent": -1,
            "children": [],
            "user id": "2880440622",
            "user name": "海的珊想要去远方",
            "content": "@哒哒不是马蹄声 看来病得不轻。。",
            "time": "14-7-2 12:05"
        },
        {
            "comment id": 39,
            "parent": -1,
            "children": [],
            "user id": "2304247844",
            "user name": "-靖鸿-",
            "content": "@LHZ-海珍 再次捻起家宜",
            "time": "14-7-2 12:01"
        },
        {
            "comment id": 40,
            "parent": -1,
            "children": [],
            "user id": "1305178734",
            "user name": "失智老人C",
            "content": "@施心疯_",
            "time": "14-7-2 11:54"
        },
        {
            "comment id": 41,
            "parent": -1,
            "children": [],
            "user id": "2353424074",
            "user name": "SaccVoo",
            "content": "你是不想活了吧@mijiangjiang ",
            "time": "14-7-2 11:45"
        },
        {
            "comment id": 42,
            "parent": -1,
            "children": [],
            "user id": "2436379854",
            "user name": "Sc-Nannan",
            "content": "回复@尼玛_鸟森:",
            "time": "14-7-2 11:40"
        },
        {
            "comment id": 43,
            "parent": -1,
            "children": [],
            "user id": "2419573995",
            "user name": "一只忧伤的树袋熊熊",
            "content": "。。。。。。。。。",
            "time": "14-7-2 11:39"
        },
        {
            "comment id": 44,
            "parent": -1,
            "children": [],
            "user id": "2457883032",
            "user name": "M大人是也",
            "content": "@黄佳夷Katrina @Sandy-lsaq",
            "time": "14-7-2 11:35"
        },
        {
            "comment id": 45,
            "parent": -1,
            "children": [],
            "user id": "2217368811",
            "user name": "一个L一个y",
            "content": "回复@Smile_and_remain_smile:",
            "time": "14-7-2 11:23"
        },
        {
            "comment id": 46,
            "parent": -1,
            "children": [],
            "user id": "3202913237",
            "user name": "雨明同学",
            "content": "美国专家都TM一帮神经病。",
            "time": "14-7-2 11:19"
        },
        {
            "comment id": 47,
            "parent": -1,
            "children": [],
            "user id": "1950765503",
            "user name": "草木青山皆是我",
            "content": "@崔小喵_噜啦噜啦嘞",
            "time": "14-7-2 11:12"
        },
        {
            "comment id": 48,
            "parent": -1,
            "children": [],
            "user id": "2741209521",
            "user name": "小透明blue",
            "content": "[别烦我][别烦我][别烦我][别烦我]",
            "time": "14-7-2 11:10"
        },
        {
            "comment id": 49,
            "parent": -1,
            "children": [],
            "user id": "1968864425",
            "user name": "effy_W",
            "content": "@梁緣同學",
            "time": "14-7-2 11:06"
        },
        {
            "comment id": 50,
            "parent": -1,
            "children": [],
            "user id": "2360805983",
            "user name": "一起狗带",
            "content": "自拍的妹子要不就是长得漂亮，要不就是P的一手好图",
            "time": "14-7-2 11:06"
        },
        {
            "comment id": 51,
            "parent": -1,
            "children": [],
            "user id": "1812513007",
            "user name": "zxg101101",
            "content": "默默@孔大欣",
            "time": "14-7-2 11:04"
        },
        {
            "comment id": 52,
            "parent": -1,
            "children": [],
            "user id": "1648969685",
            "user name": "张世豪_zz",
            "content": "@段晓晨想为自己的梦拼一次",
            "time": "14-7-2 11:03"
        },
        {
            "comment id": 53,
            "parent": -1,
            "children": [],
            "user id": "1949415627",
            "user name": "这谁家的大可爱呀",
            "content": "回复@刘大元是个大大大大大好人:说得好",
            "time": "14-7-2 11:02"
        },
        {
            "comment id": 54,
            "parent": -1,
            "children": [],
            "user id": "1949415627",
            "user name": "这谁家的大可爱呀",
            "content": "回复@左晗琦bringbring:",
            "time": "14-7-2 11:02"
        },
        {
            "comment id": 55,
            "parent": -1,
            "children": [],
            "user id": "2979953941",
            "user name": "龙锦华_GaGa",
            "content": "@Galea家玲 @彭珠宝 ",
            "time": "14-7-2 11:00"
        },
        {
            "comment id": 56,
            "parent": -1,
            "children": [],
            "user id": "1291356031",
            "user name": "jiajujiaj",
            "content": "买个诺基亚黑白机~~立刻药到病除，还不耽误日常手机工作~~",
            "time": "14-7-2 10:59"
        },
        {
            "comment id": 57,
            "parent": -1,
            "children": [],
            "user id": "2963034710",
            "user name": "xwxmrw",
            "content": "自拍是精神病。。。。。",
            "time": "14-7-2 10:57"
        },
        {
            "comment id": 58,
            "parent": -1,
            "children": [],
            "user id": "2994414780",
            "user name": "缺根筋的乖乖君",
            "content": "哪个人没有精神病",
            "time": "14-7-2 10:54"
        },
        {
            "comment id": 59,
            "parent": -1,
            "children": [],
            "user id": "2175848105",
            "user name": "大魔法绅士桑",
            "content": "笑死",
            "time": "14-7-2 10:51"
        },
        {
            "comment id": 60,
            "parent": -1,
            "children": [],
            "user id": "1884306361",
            "user name": "MoooonYE",
            "content": "@--小太阳z---   。。",
            "time": "14-7-2 10:51"
        },
        {
            "comment id": 61,
            "parent": -1,
            "children": [],
            "user id": "2264219060",
            "user name": "川端康斯坦丁",
            "content": "回复@雀斑要暴走了:稳稳45度角の美丽啊发",
            "time": "14-7-2 10:50"
        },
        {
            "comment id": 62,
            "parent": -1,
            "children": [],
            "user id": "2491605627",
            "user name": "璇儿Sherry",
            "content": "回复@骆某某不会飞:我是正常的！哎呀不聊了！忙死了！",
            "time": "14-7-2 10:47"
        },
        {
            "comment id": 63,
            "parent": -1,
            "children": [],
            "user id": "2287128031",
            "user name": "噔噔噔噔________",
            "content": "@一颗生长的蘑菇 看看看看",
            "time": "14-7-2 10:47"
        },
        {
            "comment id": 64,
            "parent": -1,
            "children": [],
            "user id": "1688104373",
            "user name": "糖霜汤",
            "content": "回复@我是你请来的逗比吗:放心里啊伐",
            "time": "14-7-2 10:47"
        },
        {
            "comment id": 65,
            "parent": -1,
            "children": [],
            "user id": "2264219060",
            "user name": "川端康斯坦丁",
            "content": "@雀斑要暴走了 你想到了谁",
            "time": "14-7-2 10:46"
        },
        {
            "comment id": 66,
            "parent": -1,
            "children": [],
            "user id": "2979213352",
            "user name": "该用户不想被你们看到",
            "content": "@肖唯京_Wijing",
            "time": "14-7-2 10:43"
        },
        {
            "comment id": 67,
            "parent": -1,
            "children": [],
            "user id": "2217368811",
            "user name": "一个L一个y",
            "content": "回复@Smile_and_remain_smile:长得丑，我怕我摄像头爆了……",
            "time": "14-7-2 10:42"
        },
        {
            "comment id": 68,
            "parent": -1,
            "children": [],
            "user id": "2212764985",
            "user name": "Howie_Luo",
            "content": "@璇儿Sherry 戒了吧，神经病",
            "time": "14-7-2 10:42"
        },
        {
            "comment id": 69,
            "parent": -1,
            "children": [],
            "user id": "2092447034",
            "user name": "bluishmist",
            "content": "回复@阳鸡巴是个奇葩_:😳好吧~屏蔽你~✌",
            "time": "14-7-2 10:42"
        },
        {
            "comment id": 70,
            "parent": -1,
            "children": [],
            "user id": "2695792984",
            "user name": "qiao酷的",
            "content": "眼瞎了才行",
            "time": "14-7-2 10:41"
        },
        {
            "comment id": 71,
            "parent": -1,
            "children": [],
            "user id": "1583465780",
            "user name": "左圈圈blabla",
            "content": "回复@Smile_and_remain_smile:同病",
            "time": "14-7-2 10:39"
        },
        {
            "comment id": 72,
            "parent": -1,
            "children": [],
            "user id": "1949415627",
            "user name": "这谁家的大可爱呀",
            "content": "回复@刘大元是个大大大大大好人:哈哈，来来来，自拍起来",
            "time": "14-7-2 10:39"
        },
        {
            "comment id": 73,
            "parent": -1,
            "children": [],
            "user id": "2401306211",
            "user name": "Tina_Scaler",
            "content": "回复@老牛充满正能量:只自拍，并没有上传社交网络谢谢[睡觉][睡觉]",
            "time": "14-7-2 10:38"
        },
        {
            "comment id": 74,
            "parent": -1,
            "children": [],
            "user id": "3603569217",
            "user name": "DLD-11",
            "content": "最后一句o(*≧▽≦)ツ",
            "time": "14-7-2 10:38"
        },
        {
            "comment id": 75,
            "parent": -1,
            "children": [],
            "user id": "2217368811",
            "user name": "一个L一个y",
            "content": "回复@Smile_and_remain_smile:我还没～",
            "time": "14-7-2 10:38"
        },
        {
            "comment id": 76,
            "parent": -1,
            "children": [],
            "user id": "1855606027",
            "user name": "湘露营",
            "content": "@这个名字让我觉得萌萌哒 ",
            "time": "14-7-2 10:37"
        },
        {
            "comment id": 77,
            "parent": -1,
            "children": [],
            "user id": "1949415627",
            "user name": "这谁家的大可爱呀",
            "content": "@刘大元是个大大大大大好人 @郝多肉肉 @左晗琦bringbring 我已病入膏肓，你们呢",
            "time": "14-7-2 10:37"
        },
        {
            "comment id": 78,
            "parent": -1,
            "children": [],
            "user id": "1144320550",
            "user name": "树根的皮",
            "content": "手机砸了会再买。砍手才是",
            "time": "14-7-2 10:36"
        },
        {
            "comment id": 79,
            "parent": -1,
            "children": [],
            "user id": "1282094282",
            "user name": "小抗",
            "content": "回复@飞小鼠er:嗯，以后不得和你拍照了。",
            "time": "14-7-2 10:36"
        }
    ]
}