{
    "source": {
        "content": "【“自拍成瘾”被美国精神病学协会认定为精神病】美国精神病学协会已将“自拍成瘾”认定为一种精神疾病。美国心理医生将“自拍成瘾”定义为强迫症，特点是常常想自拍并将照片上传至社交网络，以弥补现实生活中自尊心的缺失。心理医生指出治疗这种精神疾病的药物还没有研制出来。是我 ",
        "time": "14-7-2 11:01",
        "user id": "2182038504",
        "tweet id": "BbGhi6g5A",
        "label": 1,
        "theme": "财经商业"
    },
    "comment": [
        {
            "comment id": 0,
            "parent": -1,
            "children": [],
            "user id": "2884528217",
            "user name": "莫晶焱-Nice",
            "content": "回复@777家慧:精神病",
            "time": "15-8-12 00:40"
        },
        {
            "comment id": 1,
            "parent": -1,
            "children": [],
            "user id": "3210734347",
            "user name": "七七呢····",
            "content": "回复@莫晶焱-Nice:",
            "time": "15-8-12 00:35"
        },
        {
            "comment id": 2,
            "parent": -1,
            "children": [],
            "user id": "2950929017",
            "user name": "喜乐安妥",
            "content": "回复@护眼灯6:哪里有",
            "time": "14-11-21 09:00"
        },
        {
            "comment id": 3,
            "parent": -1,
            "children": [],
            "user id": "3768505585",
            "user name": "燕燕橘子酱",
            "content": "回复@程浩是个贁家子:那还是算了，女生宿舍。男生止步😂",
            "time": "14-10-27 22:42"
        },
        {
            "comment id": 4,
            "parent": -1,
            "children": [],
            "user id": "2149642727",
            "user name": "乘号是个贁家子",
            "content": "回复@猫丫头vivi:是要登门拜访吗",
            "time": "14-10-27 22:39"
        },
        {
            "comment id": 5,
            "parent": -1,
            "children": [],
            "user id": "3768505585",
            "user name": "燕燕橘子酱",
            "content": "回复@程浩是个贁家子:道歉",
            "time": "14-10-27 22:37"
        },
        {
            "comment id": 6,
            "parent": -1,
            "children": [],
            "user id": "2149642727",
            "user name": "乘号是个贁家子",
            "content": "回复@猫丫头vivi:好吧，我错了",
            "time": "14-10-27 22:25"
        },
        {
            "comment id": 7,
            "parent": -1,
            "children": [],
            "user id": "3768505585",
            "user name": "燕燕橘子酱",
            "content": "回复@程浩是个贁家子:讨厌[崩溃]我自拍还没成瘾呢。",
            "time": "14-10-27 22:24"
        },
        {
            "comment id": 8,
            "parent": -1,
            "children": [],
            "user id": "1750081664",
            "user name": "Apologize岛",
            "content": "回复@Yoyo是好白菜:为什么光at我",
            "time": "14-9-5 18:10"
        },
        {
            "comment id": 9,
            "parent": -1,
            "children": [],
            "user id": "1900036931",
            "user name": "00Serendipity00",
            "content": "回复@张政-zz:此内容不实，已被处理",
            "time": "14-7-15 08:19"
        },
        {
            "comment id": 10,
            "parent": -1,
            "children": [],
            "user id": "2469634520",
            "user name": "猫哆哩牌狸猫",
            "content": "回复@孔琳卷:你A我整哪样，这个么就是你了",
            "time": "14-7-11 16:41"
        },
        {
            "comment id": 11,
            "parent": -1,
            "children": [],
            "user id": "3480503287",
            "user name": "可爱或唐诗",
            "content": "回复@大大大丶光芒:我有强迫症 ",
            "time": "14-7-11 16:01"
        },
        {
            "comment id": 12,
            "parent": -1,
            "children": [],
            "user id": "3308155687",
            "user name": "啃啃萝卜喝喝茶",
            "content": "回复@王楠楠cri:你也有病了",
            "time": "14-7-11 12:42"
        },
        {
            "comment id": 13,
            "parent": -1,
            "children": [],
            "user id": "3152527487",
            "user name": "我想要瘦十斤呀",
            "content": "回复@大叔快到杯里来:我就说吧→_→",
            "time": "14-7-7 09:01"
        },
        {
            "comment id": 14,
            "parent": -1,
            "children": [],
            "user id": "1909880623",
            "user name": "_Manjll",
            "content": "回复@Zxsssssssss:",
            "time": "14-7-6 22:47"
        },
        {
            "comment id": 15,
            "parent": -1,
            "children": [],
            "user id": "2996680861",
            "user name": "BloodRose___",
            "content": "回复@外太空的小绵羊:不要在意这些细节",
            "time": "14-7-6 18:18"
        },
        {
            "comment id": 16,
            "parent": -1,
            "children": [],
            "user id": "2740707780",
            "user name": "summer要努力努力",
            "content": "回复@BloodRose___:消息为不实消息，已处理",
            "time": "14-7-6 18:08"
        },
        {
            "comment id": 17,
            "parent": -1,
            "children": [],
            "user id": "2996680861",
            "user name": "BloodRose___",
            "content": "@外太空的小绵羊",
            "time": "14-7-6 17:49"
        },
        {
            "comment id": 18,
            "parent": -1,
            "children": [],
            "user id": "2293170082",
            "user name": "辣辣想吃辣子鸡",
            "content": "回复@不知所措很想KIM:带坏你 然后一起治疗",
            "time": "14-7-6 15:57"
        },
        {
            "comment id": 19,
            "parent": -1,
            "children": [],
            "user id": "2233897243",
            "user name": "颖儿_abc",
            "content": "@Annie葉淑雯 @嘿bao包",
            "time": "14-7-6 00:53"
        },
        {
            "comment id": 20,
            "parent": -1,
            "children": [],
            "user id": "3144321263",
            "user name": "相逢在黑夜的海上",
            "content": "回复@Emmanuel屈小赖:[懒得理你]",
            "time": "14-7-5 18:26"
        },
        {
            "comment id": 21,
            "parent": -1,
            "children": [],
            "user id": "1783415395",
            "user name": "NOHALONE",
            "content": "圈我干嘛我不是好吗!!!",
            "time": "14-7-5 17:13"
        },
        {
            "comment id": 22,
            "parent": -1,
            "children": [],
            "user id": "2950929017",
            "user name": "喜乐安妥",
            "content": "回复@护眼灯6:没呢   ",
            "time": "14-7-5 12:49"
        },
        {
            "comment id": 23,
            "parent": -1,
            "children": [],
            "user id": "1790167990",
            "user name": "我是钟钟家汪汪",
            "content": "@镜染醉 你看顶头第一句",
            "time": "14-7-5 08:33"
        },
        {
            "comment id": 24,
            "parent": -1,
            "children": [],
            "user id": "1951161801",
            "user name": "阿啦嘎神灯",
            "content": "回复@杜粒粒_:！！！我哪有",
            "time": "14-7-4 18:24"
        },
        {
            "comment id": 25,
            "parent": -1,
            "children": [],
            "user id": "1885251447",
            "user name": "么么姬大王",
            "content": "谁举报的哈哈哈哈哈哈哈！",
            "time": "14-7-4 16:29"
        },
        {
            "comment id": 26,
            "parent": -1,
            "children": [],
            "user id": "1777229400",
            "user name": "不知名Wing",
            "content": "回复@怡核圆:我哪里有许淳自拍多 这个大家都是有目共睹的我不用解释的",
            "time": "14-7-4 15:26"
        },
        {
            "comment id": 27,
            "parent": -1,
            "children": [],
            "user id": "3994395846",
            "user name": "护眼灯6",
            "content": "回复@欢喜灰烬:好了？",
            "time": "14-7-4 15:00"
        },
        {
            "comment id": 28,
            "parent": -1,
            "children": [],
            "user id": "2296151253",
            "user name": "SouththJY",
            "content": "哈哈哈哈！不实消息已处理😂打脸阿",
            "time": "14-7-4 14:35"
        },
        {
            "comment id": 29,
            "parent": -1,
            "children": [],
            "user id": "2803301222",
            "user name": "hi-黄海宁",
            "content": "回复@尘埃落定的九月:",
            "time": "14-7-4 12:58"
        },
        {
            "comment id": 30,
            "parent": -1,
            "children": [],
            "user id": "2906996021",
            "user name": "DBOSN",
            "content": "@SONDB 去治疗吧",
            "time": "14-7-4 10:00"
        },
        {
            "comment id": 31,
            "parent": -1,
            "children": [],
            "user id": "1731285953",
            "user name": "fancyc7",
            "content": "@Williammm_HUI",
            "time": "14-7-4 09:19"
        },
        {
            "comment id": 32,
            "parent": -1,
            "children": [],
            "user id": "2434741952",
            "user name": "K-燕霞",
            "content": "回复@pony_unM:拜托，你比我严重好不！自己去翻微信朋友圈，那么多证据！",
            "time": "14-7-4 07:22"
        },
        {
            "comment id": 33,
            "parent": -1,
            "children": [],
            "user id": "1838625392",
            "user name": "一休的橙",
            "content": "回复@莎莎de梦:不实消息啊…sad！",
            "time": "14-7-4 06:49"
        },
        {
            "comment id": 34,
            "parent": -1,
            "children": [],
            "user id": "2107315280",
            "user name": "注销注销注销注销注销注销注销吧",
            "content": "@一天又一天的生活z",
            "time": "14-7-4 03:12"
        },
        {
            "comment id": 35,
            "parent": -1,
            "children": [],
            "user id": "2869290052",
            "user name": "每个人都是流动的河",
            "content": "回复@穿着短裙秀牙签:我没有",
            "time": "14-7-4 00:55"
        },
        {
            "comment id": 36,
            "parent": -1,
            "children": [],
            "user id": "2830180484",
            "user name": "JennyHwang_",
            "content": "回复@胡文妍-:哈哈哈哈哈！别这样  我也是",
            "time": "14-7-4 00:38"
        },
        {
            "comment id": 37,
            "parent": -1,
            "children": [],
            "user id": "1957833375",
            "user name": "精神病院院长-",
            "content": "被举报了哈哈哈",
            "time": "14-7-3 20:59"
        },
        {
            "comment id": 38,
            "parent": -1,
            "children": [],
            "user id": "3113437493",
            "user name": "夜降天外飞仙",
            "content": "竟然是假的",
            "time": "14-7-3 18:57"
        },
        {
            "comment id": 39,
            "parent": -1,
            "children": [],
            "user id": "5187317045",
            "user name": "Sakkeina00",
            "content": "回复@王小臻Wayne:大学",
            "time": "14-7-3 18:17"
        },
        {
            "comment id": 40,
            "parent": -1,
            "children": [],
            "user id": "2795845415",
            "user name": "SweeetSong",
            "content": "回复@缓坠的冰叶:点开之后是 此微博为不实消息已处理[挖鼻屎][挖鼻屎]哈哈哈哈哈哈哈哈哈哈哈",
            "time": "14-7-3 16:13"
        },
        {
            "comment id": 41,
            "parent": -1,
            "children": [],
            "user id": "2102857452",
            "user name": "仪宝Bowie",
            "content": "回复@Carabears:此内容为不实消息，已处理。",
            "time": "14-7-3 16:06"
        },
        {
            "comment id": 42,
            "parent": -1,
            "children": [],
            "user id": "1790145177",
            "user name": "Bunbu-kun",
            "content": "不实消息，傻逼",
            "time": "14-7-3 15:52"
        },
        {
            "comment id": 43,
            "parent": -1,
            "children": [],
            "user id": "2950929017",
            "user name": "喜乐安妥",
            "content": "回复@护眼灯6今天刚出 。没办手续",
            "time": "14-7-3 14:32"
        },
        {
            "comment id": 44,
            "parent": -1,
            "children": [],
            "user id": "1848576822",
            "user name": "kev1noooo",
            "content": "回复@BW-Anne:没救了",
            "time": "14-7-3 14:28"
        },
        {
            "comment id": 45,
            "parent": -1,
            "children": [],
            "user id": "2023433577",
            "user name": "Miss可可尨",
            "content": "回复@程八岁:😂人家不要嘛",
            "time": "14-7-3 12:49"
        },
        {
            "comment id": 46,
            "parent": -1,
            "children": [],
            "user id": "3085599540",
            "user name": "小程不爱吃",
            "content": "回复@龙珂辛:不想跟精神病做朋友 走开",
            "time": "14-7-3 12:34"
        },
        {
            "comment id": 47,
            "parent": -1,
            "children": [],
            "user id": "2108874502",
            "user name": "林欣煒",
            "content": "@诶朵",
            "time": "14-7-3 12:32"
        },
        {
            "comment id": 48,
            "parent": -1,
            "children": [],
            "user id": "2023433577",
            "user name": "Miss可可尨",
            "content": "回复@程八岁:早看过了好不 我是比较严重的",
            "time": "14-7-3 12:32"
        },
        {
            "comment id": 49,
            "parent": -1,
            "children": [],
            "user id": "3085599540",
            "user name": "小程不爱吃",
            "content": "@龙珂辛 话不多说 自己看 哈哈",
            "time": "14-7-3 12:23"
        },
        {
            "comment id": 50,
            "parent": -1,
            "children": [],
            "user id": "2181329604",
            "user name": "我爱苏打饼干也爱无糖豆浆",
            "content": "回复@慢慢慢纪念:[睡觉]好像一点点",
            "time": "14-7-3 11:54"
        },
        {
            "comment id": 51,
            "parent": -1,
            "children": [],
            "user id": "1706521651",
            "user name": "十点半睡觉--",
            "content": "回复@向日葵公主___:为啥艾特我你说吧",
            "time": "14-7-3 09:53"
        },
        {
            "comment id": 52,
            "parent": -1,
            "children": [],
            "user id": "2123787485",
            "user name": "Lillian_______",
            "content": "回复@不换个名字:你现在看我空间呢 哈哈 请你看看 我空间里还有什么",
            "time": "14-7-3 09:15"
        },
        {
            "comment id": 53,
            "parent": -1,
            "children": [],
            "user id": "2123787485",
            "user name": "Lillian_______",
            "content": "回复@不换个名字:你现在看我空间呢 哈哈 请你看看 我空间里有什么",
            "time": "14-7-3 09:13"
        },
        {
            "comment id": 54,
            "parent": -1,
            "children": [],
            "user id": "1846627821",
            "user name": "NQ范er",
            "content": "回复@杜小雪1122:哈哈…是不实消息…",
            "time": "14-7-3 09:12"
        },
        {
            "comment id": 55,
            "parent": -1,
            "children": [],
            "user id": "2149642727",
            "user name": "乘号是个贁家子",
            "content": "回复@貓丫頭vivi:哈哈，秒回啊",
            "time": "14-7-3 08:27"
        },
        {
            "comment id": 56,
            "parent": -1,
            "children": [],
            "user id": "3768505585",
            "user name": "燕燕橘子酱",
            "content": "回复@程浩是个贁家子:",
            "time": "14-7-3 08:26"
        },
        {
            "comment id": 57,
            "parent": -1,
            "children": [],
            "user id": "2149642727",
            "user name": "乘号是个贁家子",
            "content": "回复@貓丫頭vivi:已证实此微博不真实",
            "time": "14-7-3 08:26"
        },
        {
            "comment id": 58,
            "parent": -1,
            "children": [],
            "user id": "1855492897",
            "user name": "夏天过于漫长",
            "content": " @魏较瘦xxxxxx 哈哈哈",
            "time": "14-7-3 08:05"
        },
        {
            "comment id": 59,
            "parent": -1,
            "children": [],
            "user id": "3216440692",
            "user name": "咕叽咕叽妈妈咪y",
            "content": "回复@郭士豪郭士豪:哦呵呵",
            "time": "14-7-3 06:51"
        },
        {
            "comment id": 60,
            "parent": -1,
            "children": [],
            "user id": "2518581885",
            "user name": "WellwellSong",
            "content": "回复@這姑娘很懶:我没自拍过啊现在…",
            "time": "14-7-3 06:19"
        },
        {
            "comment id": 61,
            "parent": -1,
            "children": [],
            "user id": "3768505585",
            "user name": "燕燕橘子酱",
            "content": "回复@程浩是个贁家子:讨厌",
            "time": "14-7-3 05:59"
        },
        {
            "comment id": 62,
            "parent": -1,
            "children": [],
            "user id": "3988904882",
            "user name": "MOMO许愿精灵首饰",
            "content": "北欧星座♈️精灵，采用天然宝石💎来自印度的精灵圣物🎀增加人缘，个人魅力，财运@MOMO许愿精灵首饰",
            "time": "14-7-3 03:31"
        },
        {
            "comment id": 63,
            "parent": -1,
            "children": [],
            "user id": "3567931853",
            "user name": "莎莎de梦",
            "content": "回复@一休的橙:担心他的精神病！",
            "time": "14-7-3 02:02"
        },
        {
            "comment id": 64,
            "parent": -1,
            "children": [],
            "user id": "1780323161",
            "user name": "SHISHIYINGG",
            "content": "@崩了她 治疗",
            "time": "14-7-3 01:52"
        },
        {
            "comment id": 65,
            "parent": -1,
            "children": [],
            "user id": "1737020754",
            "user name": "Zzzgongbo",
            "content": "觉得其中有些说不通。会自拍并且上传的，定自认为其自拍照有出彩的地方。不能否定的是部分自拍成瘾的确相貌较为出众，这是一个优势，在现实生活他们真的有所谓的这方面自尊的缺失么？自拍成瘾可能有一定的心理问题，但若要是说原因是现实生活中其某些自尊缺失，这是有待考究的。",
            "time": "14-7-3 01:31"
        },
        {
            "comment id": 66,
            "parent": -1,
            "children": [],
            "user id": "2926318522",
            "user name": "你没有我电话",
            "content": "回复@你来咬我啊__:内容不实，已处理。",
            "time": "14-7-3 00:47"
        },
        {
            "comment id": 67,
            "parent": -1,
            "children": [],
            "user id": "2052826392",
            "user name": "这少年有丶酷",
            "content": "回复@Yumi你长点心好伐:预防为主",
            "time": "14-7-3 00:45"
        },
        {
            "comment id": 68,
            "parent": -1,
            "children": [],
            "user id": "2652370672",
            "user name": "你来咬我啊__",
            "content": "回复@一介匹夫i:你不敢",
            "time": "14-7-3 00:35"
        },
        {
            "comment id": 69,
            "parent": -1,
            "children": [],
            "user id": "2003032773",
            "user name": "SCccba",
            "content": "@不是所有佳丽都姓段 @FBI白菜花菜包包菜 治吧",
            "time": "14-7-3 00:04"
        },
        {
            "comment id": 70,
            "parent": -1,
            "children": [],
            "user id": "3264084974",
            "user name": "虫子的篮球",
            "content": "回复@许许许许薇薇薇:我这是劝你不要放弃治疗",
            "time": "14-7-3 00:01"
        },
        {
            "comment id": 71,
            "parent": -1,
            "children": [],
            "user id": "1734457953",
            "user name": "想去WB当宿管",
            "content": "Ellen[花心]",
            "time": "14-7-2 23:30"
        },
        {
            "comment id": 72,
            "parent": -1,
            "children": [],
            "user id": "3994395846",
            "user name": "护眼灯6",
            "content": "回复@欢喜灰烬:你妈出院了没？",
            "time": "14-7-2 23:22"
        },
        {
            "comment id": 73,
            "parent": -1,
            "children": [],
            "user id": "2829796702",
            "user name": "EODREAMY",
            "content": "回复@刘嘎玲:搞得好像你不是的！！！",
            "time": "14-7-2 23:20"
        },
        {
            "comment id": 74,
            "parent": -1,
            "children": [],
            "user id": "1898116797",
            "user name": "www夏日暴雨",
            "content": "回复@大队长教主:你也经常没吃药",
            "time": "14-7-2 23:19"
        },
        {
            "comment id": 75,
            "parent": -1,
            "children": [],
            "user id": "1633639617",
            "user name": "堵怪一号",
            "content": "哈哈",
            "time": "14-7-2 23:17"
        },
        {
            "comment id": 76,
            "parent": -1,
            "children": [],
            "user id": "2296392245",
            "user name": "Rainbowrainrainrain",
            "content": "回复@张大曼--:哈哈",
            "time": "14-7-2 23:14"
        },
        {
            "comment id": 77,
            "parent": -1,
            "children": [],
            "user id": "2169535610",
            "user name": "Icicicyicyyicyyy",
            "content": "回复@Ginccc:我自拍没有你跟陈小姐多哦",
            "time": "14-7-2 23:13"
        },
        {
            "comment id": 78,
            "parent": -1,
            "children": [],
            "user id": "2544114764",
            "user name": "不瘦40不改名字",
            "content": "回复@王兴榕哦:哈哈哈，这些都是假的，你妈老子怕随便照两张也是神经病哦，哈哈",
            "time": "14-7-2 23:10"
        },
        {
            "comment id": 79,
            "parent": -1,
            "children": [],
            "user id": "2408691245",
            "user name": "杜小雪1122",
            "content": "@NQ范er @发条兔子lin儿",
            "time": "14-7-2 23:05"
        }
    ]
}