{
    "source": {
        "content": "【自拍在美国被定性蛇精病？】美国精神病学协会已将“自拍成瘾”认定为一种精神疾病。美国心理医生将“自拍成瘾”定义为强迫症，其特点是常常想自拍并将照片上传至社交网络，以弥补现实生活中自尊心的缺失。好吧，现实生活中自尊心的缺失... ",
        "time": "14-7-2 13:32",
        "user id": "2963499524",
        "tweet id": "BbHgrfcV5",
        "label": 1,
        "theme": "财经商业"
    },
    "comment": [
        {
            "comment id": 0,
            "parent": -1,
            "children": [],
            "user id": "1996422853",
            "user name": "heniyg",
            "content": "",
            "time": "14-7-8 19:58"
        },
        {
            "comment id": 1,
            "parent": -1,
            "children": [],
            "user id": "2074125763",
            "user name": "秋秋final已圓寂",
            "content": "回复@TechChan:你是说你拿我手机自拍的事么？",
            "time": "14-7-7 12:49"
        },
        {
            "comment id": 2,
            "parent": -1,
            "children": [],
            "user id": "3055480501",
            "user name": "熙悦悦悦悦",
            "content": "回复@TechChan:呵呵，你居然说求求是蛇静病",
            "time": "14-7-2 22:34"
        },
        {
            "comment id": 3,
            "parent": -1,
            "children": [],
            "user id": "3956106516",
            "user name": "余生已无需指教",
            "content": "举报的人一定是爱自拍的，我会乱说吗？",
            "time": "14-7-2 19:25"
        },
        {
            "comment id": 4,
            "parent": -1,
            "children": [],
            "user id": "2469905440",
            "user name": "店小二345456",
            "content": "怎么删我评论呢？",
            "time": "14-7-2 18:14"
        },
        {
            "comment id": 5,
            "parent": -1,
            "children": [],
            "user id": "2734001450",
            "user name": "黄育嘉",
            "content": "还不删？系统都说已处理为不实消息了",
            "time": "14-7-2 17:38"
        },
        {
            "comment id": 6,
            "parent": -1,
            "children": [],
            "user id": "1237708884",
            "user name": "Tonfeg",
            "content": "😱居然被人举报",
            "time": "14-7-2 17:33"
        },
        {
            "comment id": 7,
            "parent": -1,
            "children": [],
            "user id": "2951866222",
            "user name": "泡泡聊数码",
            "content": "哈",
            "time": "14-7-2 17:16"
        },
        {
            "comment id": 8,
            "parent": -1,
            "children": [],
            "user id": "1960319967",
            "user name": "小桃ivy_J",
            "content": "已证实是不实信息。哈哈",
            "time": "14-7-2 17:05"
        },
        {
            "comment id": 9,
            "parent": -1,
            "children": [],
            "user id": "1854994735",
            "user name": "曰月郯",
            "content": "猫哥还是专心搞手机吧",
            "time": "14-7-2 17:04"
        },
        {
            "comment id": 10,
            "parent": -1,
            "children": [],
            "user id": "3217275724",
            "user name": "大东爱雷婷",
            "content": "",
            "time": "14-7-2 16:58"
        },
        {
            "comment id": 11,
            "parent": -1,
            "children": [],
            "user id": "1880734312",
            "user name": "梦中翅膀受了伤",
            "content": "被举报了，哈哈！蛇精病",
            "time": "14-7-2 16:58"
        },
        {
            "comment id": 12,
            "parent": -1,
            "children": [],
            "user id": "2050870315",
            "user name": "_JO1N_",
            "content": "回复@床前明月光你是地上哪瓶护手霜:",
            "time": "14-7-2 16:08"
        },
        {
            "comment id": 13,
            "parent": -1,
            "children": [],
            "user id": "2000129693",
            "user name": "我是好先生_",
            "content": "咋回事",
            "time": "14-7-2 15:45"
        },
        {
            "comment id": 14,
            "parent": -1,
            "children": [],
            "user id": "2882066284",
            "user name": "我是吃货小昊",
            "content": "此内容为不实消息，已处理。[挖鼻屎][挖鼻屎]",
            "time": "14-7-2 15:45"
        },
        {
            "comment id": 15,
            "parent": -1,
            "children": [],
            "user id": "1946254140",
            "user name": "帅哥中的帅锅",
            "content": "回复@今今Cookie灬:这样啊！",
            "time": "14-7-2 15:42"
        },
        {
            "comment id": 16,
            "parent": -1,
            "children": [],
            "user id": "2799395440",
            "user name": "搁浅的鲸鱼Dreamtale",
            "content": "给那些爱自拍的",
            "time": "14-7-2 15:41"
        },
        {
            "comment id": 17,
            "parent": -1,
            "children": [],
            "user id": "1787218084",
            "user name": "sva__",
            "content": "此内容为不实消息，已处理。",
            "time": "14-7-2 15:37"
        },
        {
            "comment id": 18,
            "parent": -1,
            "children": [],
            "user id": "2483638017",
            "user name": "Whiteness丶",
            "content": "回复@帅哥中的帅锅:我现在很少自拍了 ..",
            "time": "14-7-2 15:26"
        },
        {
            "comment id": 19,
            "parent": -1,
            "children": [],
            "user id": "2863001331",
            "user name": "LeelenSheh",
            "content": "不实的不要乱发！",
            "time": "14-7-2 15:11"
        },
        {
            "comment id": 20,
            "parent": -1,
            "children": [],
            "user id": "2930728602",
            "user name": "姬红杰ZUO",
            "content": "怎么被举报了?",
            "time": "14-7-2 15:08"
        },
        {
            "comment id": 21,
            "parent": -1,
            "children": [],
            "user id": "1869433513",
            "user name": "PumpkinPieeeee",
            "content": "所以说，还是老老实实的做科技新闻吧",
            "time": "14-7-2 14:54"
        },
        {
            "comment id": 22,
            "parent": -1,
            "children": [],
            "user id": "1292103763",
            "user name": "幻化程风",
            "content": "此内容涉嫌违反《微博社区管理规定（试行）》或相关法律法规，请谨慎转发评论。",
            "time": "14-7-2 14:53"
        },
        {
            "comment id": 23,
            "parent": -1,
            "children": [],
            "user id": "1652869815",
            "user name": "终月冥",
            "content": "还不删？系统都说已处理为不实消息了",
            "time": "14-7-2 14:52"
        },
        {
            "comment id": 24,
            "parent": -1,
            "children": [],
            "user id": "3994553471",
            "user name": "SqueakSpy",
            "content": "几百年前的假段子还发",
            "time": "14-7-2 14:48"
        },
        {
            "comment id": 25,
            "parent": -1,
            "children": [],
            "user id": "3350098842",
            "user name": "是一如既往就好",
            "content": "考，这也能举报啊",
            "time": "14-7-2 14:44"
        },
        {
            "comment id": 26,
            "parent": -1,
            "children": [],
            "user id": "1113017094",
            "user name": "绿荷白沙",
            "content": "此内容为不实消息，已处理。 详情»",
            "time": "14-7-2 14:43"
        },
        {
            "comment id": 27,
            "parent": -1,
            "children": [],
            "user id": "1685816495",
            "user name": "房价不高",
            "content": "放屁，自尊心不足的敢把照片发网络上吗",
            "time": "14-7-2 14:34"
        },
        {
            "comment id": 28,
            "parent": -1,
            "children": [],
            "user id": "2032211955",
            "user name": "客观独立聊产品",
            "content": "哦，买噶扽",
            "time": "14-7-2 14:28"
        },
        {
            "comment id": 29,
            "parent": -1,
            "children": [],
            "user id": "2107215894",
            "user name": "吃嘛点嘛香",
            "content": "假的、已辟谣",
            "time": "14-7-2 14:23"
        },
        {
            "comment id": 30,
            "parent": -1,
            "children": [],
            "user id": "1981465261",
            "user name": "原来是沐泽",
            "content": "@秋秋我丑阿 @熙悦悦悦悦",
            "time": "14-7-2 14:22"
        },
        {
            "comment id": 31,
            "parent": -1,
            "children": [],
            "user id": "1946254140",
            "user name": "帅哥中的帅锅",
            "content": "@桃-脸哥 @今今Cookie灬 @陈贝_小妞姓陈 @MiniMe_萌萌 @x玄玄 @气势姐 @妮尼玛-Ayuki @婷葶_Kiss 是这样的吗？",
            "time": "14-7-2 14:13"
        },
        {
            "comment id": 32,
            "parent": -1,
            "children": [],
            "user id": "2195820724",
            "user name": "驰远_CY",
            "content": "唉",
            "time": "14-7-2 13:52"
        },
        {
            "comment id": 33,
            "parent": -1,
            "children": [],
            "user id": "1763610554",
            "user name": "鼬殿爱吃月饼",
            "content": "神经病。。",
            "time": "14-7-2 13:43"
        },
        {
            "comment id": 34,
            "parent": -1,
            "children": [],
            "user id": "1944837341",
            "user name": "2022年年底还10万给被人",
            "content": "进来看评论的",
            "time": "14-7-2 13:41"
        },
        {
            "comment id": 35,
            "parent": -1,
            "children": [],
            "user id": "2332571220",
            "user name": "就是这么魅道理",
            "content": "假新闻",
            "time": "14-7-2 13:39"
        },
        {
            "comment id": 36,
            "parent": -1,
            "children": [],
            "user id": "2768911073",
            "user name": "海盗-Caribbean",
            "content": "这是假新闻，别转了",
            "time": "14-7-2 13:35"
        },
        {
            "comment id": 37,
            "parent": -1,
            "children": [],
            "user id": "1738174294",
            "user name": "不懂拍照",
            "content": "",
            "time": "14-7-2 13:33"
        }
    ]
}