{
    "source": {
        "content": "【\"自拍成瘾\"在美国认定为精神病】美国心理医生将“自拍成瘾”定义为强迫症，其特点是常常想自拍并将照片上传至社交网络，以弥补现实生活中自尊心的缺失。目前还没有药。唯一治疗方法是：扔掉手机。 ",
        "time": "14-7-2 15:49",
        "user id": "2023815132",
        "tweet id": "BbIaipjNZ",
        "label": 1,
        "theme": "财经商业"
    },
    "comment": [
        {
            "comment id": 0,
            "parent": -1,
            "children": [],
            "user id": "2244559412",
            "user name": "就一根香蕉啊",
            "content": "内容不实，已处理。哈哈哈",
            "time": "14-7-3 10:26"
        },
        {
            "comment id": 1,
            "parent": -1,
            "children": [],
            "user id": "3134165487",
            "user name": "啊真是可爱啊",
            "content": "@_何文珊 @桐语童语_草莓味 哈哈哈",
            "time": "14-7-3 00:48"
        },
        {
            "comment id": 2,
            "parent": -1,
            "children": [],
            "user id": "2162074794",
            "user name": "BentleyJobs",
            "content": "居然还会被举报我槽",
            "time": "14-7-3 00:15"
        },
        {
            "comment id": 3,
            "parent": -1,
            "children": [],
            "user id": "1656051852",
            "user name": "雪地里的娜娜子",
            "content": "回复@圈圈圈董_Y:",
            "time": "14-7-2 22:14"
        },
        {
            "comment id": 4,
            "parent": -1,
            "children": [],
            "user id": "1833252635",
            "user name": "嘻嘻蹦叉叉",
            "content": "回复@爱吃面的磨叽牛仔吃面不磨叽:定义很准确",
            "time": "14-7-2 21:30"
        },
        {
            "comment id": 5,
            "parent": -1,
            "children": [],
            "user id": "1523378460",
            "user name": "喃瓜头大人",
            "content": "这难道不是个笑话？还会被举报",
            "time": "14-7-2 21:17"
        },
        {
            "comment id": 6,
            "parent": -1,
            "children": [],
            "user id": "1788056570",
            "user name": "JrxxHong",
            "content": "竟然被举报了，哈哈哈",
            "time": "14-7-2 21:11"
        },
        {
            "comment id": 7,
            "parent": -1,
            "children": [],
            "user id": "2827472931",
            "user name": "上面有个傻子",
            "content": "@崔小虫 哈哈哈哈哈",
            "time": "14-7-2 19:32"
        },
        {
            "comment id": 8,
            "parent": -1,
            "children": [],
            "user id": "2636233085",
            "user name": "丨七月流火丨",
            "content": "哈哈，被举报了",
            "time": "14-7-2 19:28"
        },
        {
            "comment id": 9,
            "parent": -1,
            "children": [],
            "user id": "1364032967",
            "user name": "kelly惠文",
            "content": "[书呆子]",
            "time": "14-7-2 17:55"
        },
        {
            "comment id": 10,
            "parent": -1,
            "children": [],
            "user id": "1844724214",
            "user name": "一颗戒懒der子弹",
            "content": "回复@铁之贝克Vermouth___:耶  祸害全人类",
            "time": "14-7-2 17:52"
        },
        {
            "comment id": 11,
            "parent": -1,
            "children": [],
            "user id": "1923011375",
            "user name": "无状态0300314",
            "content": "@伪导V传说中的粪斗哥   这么说淾嬟的自拍馆不是在放纵大家的精神病 哈哈哈",
            "time": "14-7-2 17:35"
        },
        {
            "comment id": 12,
            "parent": -1,
            "children": [],
            "user id": "1811139610",
            "user name": "厚屌",
            "content": "回复@呵呵你大爷-:",
            "time": "14-7-2 16:41"
        },
        {
            "comment id": 13,
            "parent": -1,
            "children": [],
            "user id": "1611570045",
            "user name": "即将拥有人鱼线的DY",
            "content": "@Mona萌萌哒",
            "time": "14-7-2 16:40"
        },
        {
            "comment id": 14,
            "parent": -1,
            "children": [],
            "user id": "3180690305",
            "user name": "呵呵你大爷-",
            "content": "回复@厚屌:你们是真爱！",
            "time": "14-7-2 16:39"
        },
        {
            "comment id": 15,
            "parent": -1,
            "children": [],
            "user id": "1811139610",
            "user name": "厚屌",
            "content": "回复@呵呵你大爷-:哈哈，看来我们都是同道中人。",
            "time": "14-7-2 16:39"
        },
        {
            "comment id": 16,
            "parent": -1,
            "children": [],
            "user id": "3180690305",
            "user name": "呵呵你大爷-",
            "content": "回复@厚屌:其实这两天有点丑，哈哈，告诉你个秘密，莉狗也圈过我这条微博！！",
            "time": "14-7-2 16:38"
        },
        {
            "comment id": 17,
            "parent": -1,
            "children": [],
            "user id": "1811139610",
            "user name": "厚屌",
            "content": "回复@呵呵你大爷-:哈哈，那这就是从前的你，恭喜病好了，柔姐！！！",
            "time": "14-7-2 16:36"
        },
        {
            "comment id": 18,
            "parent": -1,
            "children": [],
            "user id": "2663977002",
            "user name": "AudreyHe007",
            "content": "最新消息说这是假新闻",
            "time": "14-7-2 16:35"
        },
        {
            "comment id": 19,
            "parent": -1,
            "children": [],
            "user id": "3180690305",
            "user name": "呵呵你大爷-",
            "content": "回复@厚屌:好样的，我这几天都没有照好吗！！",
            "time": "14-7-2 16:34"
        },
        {
            "comment id": 20,
            "parent": -1,
            "children": [],
            "user id": "1811139610",
            "user name": "厚屌",
            "content": "回复@呵呵你大爷-:看到的第一反映就是马上@你…我也不知道为什么[挖鼻屎]",
            "time": "14-7-2 16:32"
        },
        {
            "comment id": 21,
            "parent": -1,
            "children": [],
            "user id": "3927856852",
            "user name": "李婷婷bess",
            "content": "回复@DYC-马文立:扔！",
            "time": "14-7-2 16:28"
        },
        {
            "comment id": 22,
            "parent": -1,
            "children": [],
            "user id": "3180690305",
            "user name": "呵呵你大爷-",
            "content": "回复@厚屌:为什么@我！！！！！！！！",
            "time": "14-7-2 16:27"
        },
        {
            "comment id": 23,
            "parent": -1,
            "children": [],
            "user id": "1811139610",
            "user name": "厚屌",
            "content": "@呵呵你大爷-",
            "time": "14-7-2 16:24"
        },
        {
            "comment id": 24,
            "parent": -1,
            "children": [],
            "user id": "1919584661",
            "user name": "请叫我董董董阿弟",
            "content": "回复@isa_Sommer:我呸",
            "time": "14-7-2 16:20"
        },
        {
            "comment id": 25,
            "parent": -1,
            "children": [],
            "user id": "2273649487",
            "user name": "miss_小小安",
            "content": "回复@请叫我董董董阿弟:我哪有！！我已经很矜持了好嘛！！",
            "time": "14-7-2 16:19"
        },
        {
            "comment id": 26,
            "parent": -1,
            "children": [],
            "user id": "1919584661",
            "user name": "请叫我董董董阿弟",
            "content": "@isa_Sommer ！！",
            "time": "14-7-2 16:17"
        },
        {
            "comment id": 27,
            "parent": -1,
            "children": [],
            "user id": "3616554882",
            "user name": "DongYJDong",
            "content": "@黄boss-",
            "time": "14-7-2 16:12"
        },
        {
            "comment id": 28,
            "parent": -1,
            "children": [],
            "user id": "1970254611",
            "user name": "旻昱一路哼小曲儿",
            "content": "@CiCi---果冻 咳咳",
            "time": "14-7-2 16:01"
        },
        {
            "comment id": 29,
            "parent": -1,
            "children": [],
            "user id": "2959848842",
            "user name": "消失的时间和消失的人",
            "content": "哈哈",
            "time": "14-7-2 15:50"
        }
    ]
}