{
    "source": {
        "content": "寻人启事 太原的帮忙扩散，昨天上午一个三岁女孩在锦绣花园小区附近被人拐走，小女孩能说出她爸爸的手机号码从监控上看是被一个四十多男人抱走了现大人都急疯了 有知情者请告之 万分感谢 看到信息的兄弟姐妹留意一下 联系人 张静杰13759695559，拜托了 ",
        "time": "14-12-21 13:02",
        "user id": "2713149063",
        "tweet id": "BBQzV9V61",
        "label": 1,
        "theme": "社会生活"
    },
    "comment": [
        {
            "comment id": 0,
            "parent": -1,
            "children": [],
            "user id": "2805765994",
            "user name": "谣场现形记",
            "content": "此为虚假消息！此手机号码是陕西渭南的收费电话，拨打此号码会收取高额费用。",
            "time": "15-2-4 12:27"
        },
        {
            "comment id": 1,
            "parent": -1,
            "children": [],
            "user id": "2713149063",
            "user name": "牛冲天麻辣香锅亲贤店",
            "content": "回复@守护小秦:因为是很尊重的人朋友圈发出来的，以为是真的，就发出来了！不过，孩子妈妈联系我们了，我们紧接着发了一条微博澄清了！这些恶作剧的人是在消费大家的爱心！",
            "time": "14-12-21 23:27"
        },
        {
            "comment id": 2,
            "parent": -1,
            "children": [],
            "user id": "2713149063",
            "user name": "牛冲天麻辣香锅亲贤店",
            "content": "回复@深沉的草地:嗯，孩子妈妈联系我们了，我们发了一条微博澄清了！这些恶作剧的人是在消费大家的爱心！",
            "time": "14-12-21 23:26"
        },
        {
            "comment id": 3,
            "parent": -1,
            "children": [],
            "user id": "2360383494",
            "user name": "追风筝的人luck",
            "content": "请删帖，不实信息，百度手机号码可查证(以后记得求证再转发)",
            "time": "14-12-21 22:42"
        },
        {
            "comment id": 4,
            "parent": -1,
            "children": [],
            "user id": "1667327061",
            "user name": "深沉的草地",
            "content": "注意，这是个欺诈电话",
            "time": "14-12-21 21:30"
        },
        {
            "comment id": 5,
            "parent": -1,
            "children": [],
            "user id": "2713149063",
            "user name": "牛冲天麻辣香锅亲贤店",
            "content": "回复@脸蛋红红的:举手之劳！",
            "time": "14-12-21 13:22"
        },
        {
            "comment id": 6,
            "parent": -1,
            "children": [],
            "user id": "2259940473",
            "user name": "脸蛋红红的",
            "content": "回复@牛冲天麻辣香锅亲贤店:谢谢您",
            "time": "14-12-21 13:20"
        },
        {
            "comment id": 7,
            "parent": -1,
            "children": [],
            "user id": "2713149063",
            "user name": "牛冲天麻辣香锅亲贤店",
            "content": "回复@脸蛋红红的:转了",
            "time": "14-12-21 13:19"
        },
        {
            "comment id": 8,
            "parent": -1,
            "children": [],
            "user id": "2713149063",
            "user name": "牛冲天麻辣香锅亲贤店",
            "content": "回复@脸蛋红红的:孩子没有事就最好！看来是遇上小人了！",
            "time": "14-12-21 13:19"
        },
        {
            "comment id": 9,
            "parent": -1,
            "children": [],
            "user id": "2259940473",
            "user name": "脸蛋红红的",
            "content": "回复@牛冲天麻辣香锅亲贤店:我微博里有辟谣的，麻烦您要是方便转发一下",
            "time": "14-12-21 13:19"
        },
        {
            "comment id": 10,
            "parent": -1,
            "children": [],
            "user id": "2259940473",
            "user name": "脸蛋红红的",
            "content": "回复@牛冲天麻辣香锅亲贤店:被别人盗用照片了，躺着也中枪，而且我们也是太原人",
            "time": "14-12-21 13:18"
        },
        {
            "comment id": 11,
            "parent": -1,
            "children": [],
            "user id": "2713149063",
            "user name": "牛冲天麻辣香锅亲贤店",
            "content": "回复@脸蛋红红的:朋友圈里都转疯，到底怎么回事？",
            "time": "14-12-21 13:17"
        },
        {
            "comment id": 12,
            "parent": -1,
            "children": [],
            "user id": "2259940473",
            "user name": "脸蛋红红的",
            "content": "回复@牛冲天麻辣香锅亲贤店:可不是咋的，所以他用的别人孩子开玩笑",
            "time": "14-12-21 13:13"
        },
        {
            "comment id": 13,
            "parent": -1,
            "children": [],
            "user id": "2713149063",
            "user name": "牛冲天麻辣香锅亲贤店",
            "content": "回复@能能妈妈转闲置:谁家会拿孩子开玩笑……",
            "time": "14-12-21 13:06"
        },
        {
            "comment id": 14,
            "parent": -1,
            "children": [],
            "user id": "2259940473",
            "user name": "脸蛋红红的",
            "content": "您好，这个是骗人的，是我女儿的照片，如果方便请转发我的辟谣微博，别让更多人上当受骗，谢谢了",
            "time": "14-12-21 13:06"
        },
        {
            "comment id": 15,
            "parent": -1,
            "children": [],
            "user id": "3303271931",
            "user name": "能能妈妈转闲置",
            "content": "真的假的？",
            "time": "14-12-21 13:05"
        }
    ]
}