{
    "source": {
        "content": "【“自拍成瘾”被美国精神病学协会认定为精神病】美国精神病学协会已将“自拍成瘾”认定为一种精神疾病。美国心理医生将“自拍成瘾”定义为强迫症，特点是常常想自拍并将照片上传至社交网络，以弥补现实生活中自尊心的缺失。心理医生指出治疗这种精神疾病的药物还没有研制出来。 ",
        "time": "14-7-3 18:45",
        "user id": "2577608254",
        "tweet id": "BbSK69Bb4",
        "label": 1,
        "theme": "财经商业"
    },
    "comment": [
        {
            "comment id": 0,
            "parent": -1,
            "children": [],
            "user id": "3500768182",
            "user name": "我就是熊娃儿",
            "content": "[路过这儿]",
            "time": "14-7-6 01:35"
        },
        {
            "comment id": 1,
            "parent": -1,
            "children": [],
            "user id": "2049157334",
            "user name": "大方奶奶",
            "content": "回复@惠来小劲小劲的死不了的小景:我是想发几张照片给你，不看准后悔，马上发给我微信！",
            "time": "14-7-4 17:11"
        },
        {
            "comment id": 2,
            "parent": -1,
            "children": [],
            "user id": "2049157334",
            "user name": "大方奶奶",
            "content": "回复@惠来小劲小劲的死不了的小景:妈的你居然拒收我的微信信息！！",
            "time": "14-7-4 03:25"
        },
        {
            "comment id": 3,
            "parent": -1,
            "children": [],
            "user id": "1688823262",
            "user name": "铁血卫国碳元素",
            "content": "一群精神病？//@紫菜女巫: 转发微博",
            "time": "14-7-4 00:28"
        },
        {
            "comment id": 4,
            "parent": -1,
            "children": [],
            "user id": "3222650514",
            "user name": "提子20130",
            "content": "好恐怖下次不敢自拍了",
            "time": "14-7-3 23:39"
        },
        {
            "comment id": 5,
            "parent": -1,
            "children": [],
            "user id": "2877065712",
            "user name": "上发条丶",
            "content": "回复@惠来小劲小劲的死不了的小景:[被电][霹雳][霹雳][霹雳]你@  差你自己了！",
            "time": "14-7-3 20:27"
        },
        {
            "comment id": 6,
            "parent": -1,
            "children": [],
            "user id": "1635384511",
            "user name": "百年孤独zcr",
            "content": "那先送医院？",
            "time": "14-7-3 19:54"
        },
        {
            "comment id": 7,
            "parent": -1,
            "children": [],
            "user id": "2713533501",
            "user name": "grh4727",
            "content": "居然是种病！",
            "time": "14-7-3 19:31"
        },
        {
            "comment id": 8,
            "parent": -1,
            "children": [],
            "user id": "1757796741",
            "user name": "叫我小森就行",
            "content": "@love公主范er",
            "time": "14-7-3 19:01"
        },
        {
            "comment id": 9,
            "parent": -1,
            "children": [],
            "user id": "2932127533",
            "user name": "顺我芯",
            "content": "要改掉这个毛病啦",
            "time": "14-7-3 18:51"
        }
    ]
}