{
    "source": {
        "content": "【昨天是诺基亚的最后一天……】今天，诺基亚正式归入微软旗下了。回想诺基亚手机曾经陪伴了我们多少岁月，总是唏嘘不已。这个品牌曾经引领和代表了手机的一个时代…via新闻晨报 是不是还记得,你曾拥有的诺基亚是哪款？ ",
        "time": "14-7-20 07:25",
        "user id": "1043320390",
        "tweet id": "Beoytl8aR",
        "label": 1,
        "theme": "财经商业"
    },
    "comment": [
        {
            "comment id": 0,
            "parent": -1,
            "children": [],
            "user id": "2469847917",
            "user name": "三三的秘密花园",
            "content": "",
            "time": "14-7-21 19:56"
        },
        {
            "comment id": 1,
            "parent": -1,
            "children": [],
            "user id": "1916893773",
            "user name": "动动不许动v",
            "content": "7610是一个跨时代的产品啊",
            "time": "14-7-20 12:07"
        },
        {
            "comment id": 2,
            "parent": -1,
            "children": [],
            "user id": "2371725874",
            "user name": "钮祜禄七儿",
            "content": "我的6630",
            "time": "14-7-20 11:25"
        },
        {
            "comment id": 3,
            "parent": -1,
            "children": [],
            "user id": "3202702841",
            "user name": "钛尔玛全屋定制",
            "content": "我现在还用着诺基亚E71这款呢！很抗造，很耐用，用了都快4年了……虽说版本很旧，但是手机确实是很棒！伴我走过了很多的青春岁月！！",
            "time": "14-7-20 11:06"
        },
        {
            "comment id": 4,
            "parent": -1,
            "children": [],
            "user id": "1043320390",
            "user name": "半岛晨报",
            "content": "回复@转身的幸福--:",
            "time": "14-7-20 11:06"
        },
        {
            "comment id": 5,
            "parent": -1,
            "children": [],
            "user id": "1236664445",
            "user name": "转身的幸福--",
            "content": "唏嘘的不是诺基亚这个品牌，而是这个品牌曾经陪伴我们走过的那段时光",
            "time": "14-7-20 09:46"
        },
        {
            "comment id": 6,
            "parent": -1,
            "children": [],
            "user id": "1831460307",
            "user name": "赶紧减肥别吃了",
            "content": "从来没用过诺基亚，就是不喜欢，结果真倒了。",
            "time": "14-7-20 09:41"
        },
        {
            "comment id": 7,
            "parent": -1,
            "children": [],
            "user id": "2391718164",
            "user name": "檬里",
            "content": "n 97",
            "time": "14-7-20 09:19"
        },
        {
            "comment id": 8,
            "parent": -1,
            "children": [],
            "user id": "1861244365",
            "user name": "资深维尼",
            "content": "",
            "time": "14-7-20 09:00"
        },
        {
            "comment id": 9,
            "parent": -1,
            "children": [],
            "user id": "2063428851",
            "user name": "邹扒皮啊",
            "content": "值得怀念",
            "time": "14-7-20 08:52"
        },
        {
            "comment id": 10,
            "parent": -1,
            "children": [],
            "user id": "3315006045",
            "user name": "深潜3千Mi-",
            "content": "8850",
            "time": "14-7-20 08:43"
        },
        {
            "comment id": 11,
            "parent": -1,
            "children": [],
            "user id": "1904198691",
            "user name": "强壮的大树啊",
            "content": "😞",
            "time": "14-7-20 08:28"
        },
        {
            "comment id": 12,
            "parent": -1,
            "children": [],
            "user id": "2884634104",
            "user name": "高兴的海绵",
            "content": "好多，图片中好多都用过",
            "time": "14-7-20 08:26"
        },
        {
            "comment id": 13,
            "parent": -1,
            "children": [],
            "user id": "1631951440",
            "user name": "栀紫悠悠笙陆白",
            "content": "太巧了,昨晚做梦梦到自己又开始用诺基亚手机了。",
            "time": "14-7-20 08:23"
        },
        {
            "comment id": 14,
            "parent": -1,
            "children": [],
            "user id": "2176217134",
            "user name": "未知海苔",
            "content": "3230",
            "time": "14-7-20 08:21"
        },
        {
            "comment id": 15,
            "parent": -1,
            "children": [],
            "user id": "1923553791",
            "user name": "AaaaKun_",
            "content": "一代机皇N97",
            "time": "14-7-20 08:18"
        },
        {
            "comment id": 16,
            "parent": -1,
            "children": [],
            "user id": "1847152123",
            "user name": "溺在河水里的鱼",
            "content": "回复@半岛晨报:很精制的一部电话，信号好，耐用。",
            "time": "14-7-20 08:15"
        },
        {
            "comment id": 17,
            "parent": -1,
            "children": [],
            "user id": "1869613713",
            "user name": "火星也有嫦娥",
            "content": "曾经的街机啊",
            "time": "14-7-20 08:10"
        },
        {
            "comment id": 18,
            "parent": -1,
            "children": [],
            "user id": "1418721663",
            "user name": "海阔冰蓝7788",
            "content": "5110。3210。8850。N70（老总编给的，非自买）。",
            "time": "14-7-20 08:06"
        },
        {
            "comment id": 19,
            "parent": -1,
            "children": [],
            "user id": "1727398792",
            "user name": "olia22",
            "content": "8210 6300",
            "time": "14-7-20 08:05"
        },
        {
            "comment id": 20,
            "parent": -1,
            "children": [],
            "user id": "1931661034",
            "user name": "我要的幸福辽宁",
            "content": "7270",
            "time": "14-7-20 08:02"
        },
        {
            "comment id": 21,
            "parent": -1,
            "children": [],
            "user id": "3033909611",
            "user name": "小豹诺诺",
            "content": "希望诺基亚可以重新复苏！！加油",
            "time": "14-7-20 07:59"
        },
        {
            "comment id": 22,
            "parent": -1,
            "children": [],
            "user id": "1043320390",
            "user name": "半岛晨报",
            "content": "回复@溺在河水里的鱼:8210~多熟悉啊！",
            "time": "14-7-20 07:57"
        },
        {
            "comment id": 23,
            "parent": -1,
            "children": [],
            "user id": "2215755291",
            "user name": "三亚游艇租车小龙",
            "content": "X3",
            "time": "14-7-20 07:43"
        },
        {
            "comment id": 24,
            "parent": -1,
            "children": [],
            "user id": "1926505681",
            "user name": "Frankkoma",
            "content": "经典的7610",
            "time": "14-7-20 07:38"
        },
        {
            "comment id": 25,
            "parent": -1,
            "children": [],
            "user id": "1847152123",
            "user name": "溺在河水里的鱼",
            "content": "2110-8210",
            "time": "14-7-20 07:38"
        },
        {
            "comment id": 26,
            "parent": -1,
            "children": [],
            "user id": "1730620042",
            "user name": "Rosicky_HG",
            "content": "依然在用E72",
            "time": "14-7-20 07:37"
        },
        {
            "comment id": 27,
            "parent": -1,
            "children": [],
            "user id": "1848835860",
            "user name": "-游吟诗人",
            "content": "正在用撸妹925",
            "time": "14-7-20 07:31"
        },
        {
            "comment id": 28,
            "parent": -1,
            "children": [],
            "user id": "1658488715",
            "user name": "久石让的拇指",
            "content": "n82 e71",
            "time": "14-7-20 07:31"
        },
        {
            "comment id": 29,
            "parent": -1,
            "children": [],
            "user id": "1043320390",
            "user name": "半岛晨报",
            "content": "回复@赛博坦-驻连办事处:",
            "time": "14-7-20 07:26"
        },
        {
            "comment id": 30,
            "parent": -1,
            "children": [],
            "user id": "1969498941",
            "user name": "赛博坦-驻连办事处",
            "content": "6681",
            "time": "14-7-20 07:25"
        }
    ]
}