{
    "source": {
        "content": "【诺基亚的最后一天：致敬！】昨天是诺基亚的最后一天，今天诺基亚正式归入微软旗下了。当诺基亚现任CEO约玛·奥利拉在记者招待会上公布同意微软收购时最后说了一句话：我们并没有做错什么，但不知为什么，我们输了。说完几十名诺基亚高管不禁落泪。你曾拥有的诺基亚是哪款？诺基亚的最后一天：致敬！ ",
        "time": "14-7-20 10:30",
        "user id": "1774259814",
        "tweet id": "BepLvvJPo",
        "label": 1,
        "theme": "财经商业"
    },
    "comment": [
        {
            "comment id": 0,
            "parent": -1,
            "children": [],
            "user id": "2779538323",
            "user name": "一一一一听说",
            "content": "以前都是用诺基亚 不知道为啥 智能机来了 就没听见诺基亚了 还是觉得挺可惜的",
            "time": "14-7-20 19:11"
        },
        {
            "comment id": 1,
            "parent": -1,
            "children": [],
            "user id": "2338592295",
            "user name": "她的少年呢",
            "content": "再见，诺基亚。",
            "time": "14-7-20 15:07"
        },
        {
            "comment id": 2,
            "parent": -1,
            "children": [],
            "user id": "1943922261",
            "user name": "y_masami",
            "content": "回复@不要问我摩羯座是几月份:爱过",
            "time": "14-7-20 13:15"
        },
        {
            "comment id": 3,
            "parent": -1,
            "children": [],
            "user id": "2530992751",
            "user name": "家临江001",
            "content": "诺基亚手机质量非常好，虽然现在用的不是诺基亚手机，但以前用的诺基亚手机一直留着，有时拿出来还能抵上急用，一点毛病没有。",
            "time": "14-7-20 13:08"
        },
        {
            "comment id": 4,
            "parent": -1,
            "children": [],
            "user id": "2528856263",
            "user name": "身体虚吃不得那甜东西",
            "content": "@YS_囧",
            "time": "14-7-20 12:58"
        },
        {
            "comment id": 5,
            "parent": -1,
            "children": [],
            "user id": "1862039160",
            "user name": "风有点凉_jia",
            "content": "连自己错在哪都不知道?你不输才怪！你就错在手机系统没选好前进方向！",
            "time": "14-7-20 12:54"
        },
        {
            "comment id": 6,
            "parent": -1,
            "children": [],
            "user id": "2873878074",
            "user name": "三中金课",
            "content": "很多事其实都没有做错，但是确实输了；世事瞬息万变，也许没有进步没有随流就是退步吧！诺基亚手机质量很好，力挺之。",
            "time": "14-7-20 12:26"
        },
        {
            "comment id": 7,
            "parent": -1,
            "children": [],
            "user id": "1947604602",
            "user name": "七年南康",
            "content": "就是死心眼和死要面子，做安卓就行了呗",
            "time": "14-7-20 11:54"
        },
        {
            "comment id": 8,
            "parent": -1,
            "children": [],
            "user id": "2190489015",
            "user name": "南岭岭南的榴莲牛奶",
            "content": "5230真的很好用，是我觉得性价比最高的手机",
            "time": "14-7-20 11:44"
        },
        {
            "comment id": 9,
            "parent": -1,
            "children": [],
            "user id": "2323810667",
            "user name": "夏锦桃逃逃逃",
            "content": "我也没明白…输在了哪里",
            "time": "14-7-20 11:39"
        },
        {
            "comment id": 10,
            "parent": -1,
            "children": [],
            "user id": "2953490111",
            "user name": "小瓶盖浩浩然",
            "content": "从来就没有喜欢过诺基亚",
            "time": "14-7-20 11:27"
        },
        {
            "comment id": 11,
            "parent": -1,
            "children": [],
            "user id": "2866317933",
            "user name": "哈士奇当警犬",
            "content": "过去的年代，大家一般通用诺基亚，现在，大家通用三星",
            "time": "14-7-20 11:19"
        },
        {
            "comment id": 12,
            "parent": -1,
            "children": [],
            "user id": "1851204752",
            "user name": "樟木姑娘",
            "content": "7210c",
            "time": "14-7-20 10:59"
        },
        {
            "comment id": 13,
            "parent": -1,
            "children": [],
            "user id": "1938284164",
            "user name": "鱼香肉丝煲",
            "content": "相当皮实的手机",
            "time": "14-7-20 10:58"
        },
        {
            "comment id": 14,
            "parent": -1,
            "children": [],
            "user id": "1269598533",
            "user name": "小龙云_七凝双塔兵之魂",
            "content": "谣言不要再发了好么。。。",
            "time": "14-7-20 10:56"
        },
        {
            "comment id": 15,
            "parent": -1,
            "children": [],
            "user id": "2002538661",
            "user name": "Z4梦",
            "content": "爱过",
            "time": "14-7-20 10:54"
        },
        {
            "comment id": 16,
            "parent": -1,
            "children": [],
            "user id": "1871967694",
            "user name": "TIM-777",
            "content": "",
            "time": "14-7-20 10:54"
        },
        {
            "comment id": 17,
            "parent": -1,
            "children": [],
            "user id": "2350099230",
            "user name": "网格交易教学",
            "content": "NO 你错了，你错在没有及时发现市场的风向改变，你没有阻挡弯道超车的对手！",
            "time": "14-7-20 10:52"
        },
        {
            "comment id": 18,
            "parent": -1,
            "children": [],
            "user id": "3235408234",
            "user name": "Ruimond",
            "content": "诺基亚～永远的神机",
            "time": "14-7-20 10:51"
        },
        {
            "comment id": 19,
            "parent": -1,
            "children": [],
            "user id": "1422195181",
            "user name": "伤神_神伤",
            "content": "还是智能机时代没有把握住啊！固执的不是用安卓系统",
            "time": "14-7-20 10:47"
        },
        {
            "comment id": 20,
            "parent": -1,
            "children": [],
            "user id": "1811192930",
            "user name": "咑回厡形",
            "content": "转发微博",
            "time": "14-7-20 10:45"
        },
        {
            "comment id": 21,
            "parent": -1,
            "children": [],
            "user id": "1808865084",
            "user name": "什么名字才能让你注意我",
            "content": "很多款都用过",
            "time": "14-7-20 10:42"
        },
        {
            "comment id": 22,
            "parent": -1,
            "children": [],
            "user id": "1402485057",
            "user name": "老兵观市",
            "content": "买过的最后一款诺基亚是N8",
            "time": "14-7-20 10:39"
        },
        {
            "comment id": 23,
            "parent": -1,
            "children": [],
            "user id": "1157197794",
            "user name": "不甘寂寞的小康",
            "content": "6300",
            "time": "14-7-20 10:38"
        }
    ]
}