{
    "source": {
        "content": "【诺基亚的最后一天：致敬！】明天他将正式归入微软旗下了。当诺基亚现任CEO约玛·奥利拉在记者招待会上公布同意微软收购时最后说了一句话：我们并没有做错什么，但不知为什么，我们输了。说完几十名诺基亚高管不禁落泪…你觉得为什么会输？你还记得你用过的诺基亚手机吗？小编先来：N73，N81… ",
        "time": "14-7-20 11:06",
        "user id": "1734530730",
        "tweet id": "Beq0pwfNt",
        "label": 1,
        "theme": "财经商业"
    },
    "comment": [
        {
            "comment id": 0,
            "parent": -1,
            "children": [],
            "user id": "2732823153",
            "user name": "热心市民张张张先生",
            "content": "回复@我是屈坚强-:他妈的真的气死了",
            "time": "14-7-24 19:33"
        },
        {
            "comment id": 1,
            "parent": -1,
            "children": [],
            "user id": "3980922252",
            "user name": "998高歌",
            "content": "不花哨，不爱玩晋级游戏……",
            "time": "14-7-22 12:02"
        },
        {
            "comment id": 2,
            "parent": -1,
            "children": [],
            "user id": "2690501683",
            "user name": "三名好友即可参加",
            "content": "回复@小丑JOKER:啊欧。。好吧",
            "time": "14-7-21 22:04"
        },
        {
            "comment id": 3,
            "parent": -1,
            "children": [],
            "user id": "2690501683",
            "user name": "三名好友即可参加",
            "content": "回复@来杯乌龙吧:。。。。原谅我，，，",
            "time": "14-7-21 22:04"
        },
        {
            "comment id": 4,
            "parent": -1,
            "children": [],
            "user id": "2795010487",
            "user name": "过去种种像一场梦",
            "content": "",
            "time": "14-7-21 21:06"
        },
        {
            "comment id": 5,
            "parent": -1,
            "children": [],
            "user id": "2245781381",
            "user name": "阿尔only",
            "content": "真的很喜欢诺基亚，一直在支持",
            "time": "14-7-21 01:53"
        },
        {
            "comment id": 6,
            "parent": -1,
            "children": [],
            "user id": "2279970623",
            "user name": "红豆丶双皮奶",
            "content": "@关门放缪缪 用过一个…被偷了…都忘了什么型号的了…字母键盘的你的最爱",
            "time": "14-7-21 00:55"
        },
        {
            "comment id": 7,
            "parent": -1,
            "children": [],
            "user id": "2659637061",
            "user name": "-伯乐马",
            "content": "留恋",
            "time": "14-7-20 22:33"
        },
        {
            "comment id": 8,
            "parent": -1,
            "children": [],
            "user id": "2922601717",
            "user name": "e句实话",
            "content": "短信传奇，再续辉煌！",
            "time": "14-7-20 21:59"
        },
        {
            "comment id": 9,
            "parent": -1,
            "children": [],
            "user id": "2922601717",
            "user name": "e句实话",
            "content": "短信传奇，再续辉煌！",
            "time": "14-7-20 21:58"
        },
        {
            "comment id": 10,
            "parent": -1,
            "children": [],
            "user id": "1633198347",
            "user name": "泪的重量",
            "content": "这话不是诺基亚董事长说的吗",
            "time": "14-7-20 21:09"
        },
        {
            "comment id": 11,
            "parent": -1,
            "children": [],
            "user id": "2424001871",
            "user name": "飞天还是猪",
            "content": "塞班坚持的太久了",
            "time": "14-7-20 20:13"
        },
        {
            "comment id": 12,
            "parent": -1,
            "children": [],
            "user id": "1819343084",
            "user name": "埋葬青春的5",
            "content": "其实NOKIA很好",
            "time": "14-7-20 20:12"
        },
        {
            "comment id": 13,
            "parent": -1,
            "children": [],
            "user id": "3539312134",
            "user name": "7ian不是钱",
            "content": "回复@Cathy_小鹿:我是诺粉!我骄傲!~",
            "time": "14-7-20 19:24"
        },
        {
            "comment id": 14,
            "parent": -1,
            "children": [],
            "user id": "1961613075",
            "user name": "思绪超然",
            "content": "诺基亚现在还在用，真得很耐用啊",
            "time": "14-7-20 19:02"
        },
        {
            "comment id": 15,
            "parent": -1,
            "children": [],
            "user id": "2675427270",
            "user name": "_冯峰杰",
            "content": "诺基亚确实是很好的，最起码的电池耐用、手机耐摔，还能防子弹救人生命呢。可能诺基亚出于系统问题，大多坚持塞班系统，如今大多数人喜欢安卓或者苹果等等的新型好玩的系统，所以这块是铁定的硬伤。",
            "time": "14-7-20 18:09"
        },
        {
            "comment id": 16,
            "parent": -1,
            "children": [],
            "user id": "1734676811",
            "user name": "stacey狼图腾",
            "content": "最后一款居然是我的第一部手机。。。",
            "time": "14-7-20 18:00"
        },
        {
            "comment id": 17,
            "parent": -1,
            "children": [],
            "user id": "1862793134",
            "user name": "制片刘好人",
            "content": "第9⃣️部还在用",
            "time": "14-7-20 17:37"
        },
        {
            "comment id": 18,
            "parent": -1,
            "children": [],
            "user id": "1548631820",
            "user name": "猫的文竹",
            "content": "质量太好了！用不坏换不了新的！良心企业！很舍不得！",
            "time": "14-7-20 17:37"
        },
        {
            "comment id": 19,
            "parent": -1,
            "children": [],
            "user id": "2811082732",
            "user name": "世道小情绪",
            "content": "诺基亚，真心喜欢你。",
            "time": "14-7-20 17:21"
        },
        {
            "comment id": 20,
            "parent": -1,
            "children": [],
            "user id": "1351800024",
            "user name": "双s恋曲",
            "content": "7130",
            "time": "14-7-20 16:44"
        },
        {
            "comment id": 21,
            "parent": -1,
            "children": [],
            "user id": "2199580841",
            "user name": "mariomaurer大东张",
            "content": "当你高贵冷艳的选择wp的时候就应该会想到终结，不然怎么会末路",
            "time": "14-7-20 16:05"
        },
        {
            "comment id": 22,
            "parent": -1,
            "children": [],
            "user id": "2410011614",
            "user name": "MC小黑硕",
            "content": "N85",
            "time": "14-7-20 15:39"
        },
        {
            "comment id": 23,
            "parent": -1,
            "children": [],
            "user id": "1862948500",
            "user name": "我可不是个傻子",
            "content": "支持着，热爱着，一直在用实际行动拥护着!",
            "time": "14-7-20 15:28"
        },
        {
            "comment id": 24,
            "parent": -1,
            "children": [],
            "user id": "2995206882",
            "user name": "布散相思",
            "content": "要跟得上时代的潮流，但是你们还得值得肯定的。",
            "time": "14-7-20 15:28"
        },
        {
            "comment id": 25,
            "parent": -1,
            "children": [],
            "user id": "1364323935",
            "user name": "关季涛",
            "content": "选择wp还不够错？",
            "time": "14-7-20 15:20"
        },
        {
            "comment id": 26,
            "parent": -1,
            "children": [],
            "user id": "2752413305",
            "user name": "____D调",
            "content": "N70用了5年、诺基亚触摸屏太贵了",
            "time": "14-7-20 15:17"
        },
        {
            "comment id": 27,
            "parent": -1,
            "children": [],
            "user id": "2502659987",
            "user name": "沙落尘先生",
            "content": "刚刚换了两部新壳…",
            "time": "14-7-20 15:05"
        },
        {
            "comment id": 28,
            "parent": -1,
            "children": [],
            "user id": "1911491067",
            "user name": "Dr·木木",
            "content": "@新浪科技 你好无知啊大河报",
            "time": "14-7-20 14:37"
        },
        {
            "comment id": 29,
            "parent": -1,
            "children": [],
            "user id": "5164244367",
            "user name": "Nana鲜榨果汁",
            "content": "N95 3250",
            "time": "14-7-20 14:15"
        },
        {
            "comment id": 30,
            "parent": -1,
            "children": [],
            "user id": "2813135945",
            "user name": "织梦冰心",
            "content": "我现在还在用",
            "time": "14-7-20 14:12"
        },
        {
            "comment id": 31,
            "parent": -1,
            "children": [],
            "user id": "2243643221",
            "user name": "AngelJu举",
            "content": "输在了你没有与中关村合作而选择了美国。",
            "time": "14-7-20 13:57"
        },
        {
            "comment id": 32,
            "parent": -1,
            "children": [],
            "user id": "2712337750",
            "user name": "红尘过客0911",
            "content": "没做错什么，同样也没做对什么呀！！！",
            "time": "14-7-20 13:55"
        },
        {
            "comment id": 33,
            "parent": -1,
            "children": [],
            "user id": "2981076961",
            "user name": "迷雾中混淆黑暗",
            "content": "5230 5300",
            "time": "14-7-20 13:54"
        },
        {
            "comment id": 34,
            "parent": -1,
            "children": [],
            "user id": "2641037663",
            "user name": "舵主夫人0806",
            "content": "但在我们的记忆中一直都存在",
            "time": "14-7-20 13:46"
        },
        {
            "comment id": 35,
            "parent": -1,
            "children": [],
            "user id": "3678577020",
            "user name": "妄想夏日限定",
            "content": "用过第四个 最后一个我妈用过质量超级好",
            "time": "14-7-20 13:46"
        },
        {
            "comment id": 36,
            "parent": -1,
            "children": [],
            "user id": "2993985535",
            "user name": "深邃陳先生",
            "content": "5000 5233",
            "time": "14-7-20 13:45"
        },
        {
            "comment id": 37,
            "parent": -1,
            "children": [],
            "user id": "2144460110",
            "user name": "Bear-luo汪汪",
            "content": "回复@当钢筋爱上水泥:擦~~",
            "time": "14-7-20 13:38"
        },
        {
            "comment id": 38,
            "parent": -1,
            "children": [],
            "user id": "3926735404",
            "user name": "淡漠星竹",
            "content": "诺基亚5233",
            "time": "14-7-20 13:35"
        },
        {
            "comment id": 39,
            "parent": -1,
            "children": [],
            "user id": "2920609370",
            "user name": "Shoco_",
            "content": "第十四部什么型号啊",
            "time": "14-7-20 13:34"
        },
        {
            "comment id": 40,
            "parent": -1,
            "children": [],
            "user id": "1760797653",
            "user name": "本微博停止使用123",
            "content": "老子现在用的是E63",
            "time": "14-7-20 13:27"
        },
        {
            "comment id": 41,
            "parent": -1,
            "children": [],
            "user id": "2025065144",
            "user name": "真系好劲",
            "content": "诺基亚错就错在专注于质量，这个时代的手机是拼科技，并不是并质量，现在的人使用手机的周期都相当短，并不需要好的质量。",
            "time": "14-7-20 13:23"
        },
        {
            "comment id": 42,
            "parent": -1,
            "children": [],
            "user id": "2025065144",
            "user name": "真系好劲",
            "content": "转发微博",
            "time": "14-7-20 13:21"
        },
        {
            "comment id": 43,
            "parent": -1,
            "children": [],
            "user id": "1772495354",
            "user name": "-一颗陈子",
            "content": "再见，诺基亚",
            "time": "14-7-20 13:12"
        },
        {
            "comment id": 44,
            "parent": -1,
            "children": [],
            "user id": "3625318384",
            "user name": "Magic的郑州奋斗历程",
            "content": "小编你对信息核实了吗？人云亦云体现不出媒体专业度的。自己百度下微软收购诺基亚的时间吧！(−_−＃)",
            "time": "14-7-20 13:11"
        },
        {
            "comment id": 45,
            "parent": -1,
            "children": [],
            "user id": "1651288597",
            "user name": "小笨猪网校",
            "content": "市场经济告诉我们：没有做错什么，其实就是一种错！@美德立邦河南运营中心 @河南日报",
            "time": "14-7-20 13:07"
        },
        {
            "comment id": 46,
            "parent": -1,
            "children": [],
            "user id": "2793270571",
            "user name": "程程Unique",
            "content": "经典机型都用过",
            "time": "14-7-20 13:07"
        },
        {
            "comment id": 47,
            "parent": -1,
            "children": [],
            "user id": "2301298460",
            "user name": "Younger月",
            "content": "5800我还用着呢",
            "time": "14-7-20 13:04"
        },
        {
            "comment id": 48,
            "parent": -1,
            "children": [],
            "user id": "3853341005",
            "user name": "城市旅行者F",
            "content": "前不久我还买了一个5310呢！值得收藏",
            "time": "14-7-20 13:03"
        },
        {
            "comment id": 49,
            "parent": -1,
            "children": [],
            "user id": "1786830953",
            "user name": "alex浙江",
            "content": "夜郎自大，固步自封，没有居安思危的意识，这还不够错吗？真操蛋，居然说自己没做错什么？",
            "time": "14-7-20 13:01"
        },
        {
            "comment id": 50,
            "parent": -1,
            "children": [],
            "user id": "3880094749",
            "user name": "酷的像个哑巴",
            "content": "不是早就说了收购完了吗",
            "time": "14-7-20 12:59"
        },
        {
            "comment id": 51,
            "parent": -1,
            "children": [],
            "user id": "1961581071",
            "user name": "ZLQ君",
            "content": "永远忘不掉的3200！",
            "time": "14-7-20 12:55"
        },
        {
            "comment id": 52,
            "parent": -1,
            "children": [],
            "user id": "3726205160",
            "user name": "摄影师Titan",
            "content": "连为什么会输都不知道，这可真的是输得彻底，而且下次一定还会输[睡觉]",
            "time": "14-7-20 12:55"
        },
        {
            "comment id": 53,
            "parent": -1,
            "children": [],
            "user id": "2956484537",
            "user name": "枯荷不枯",
            "content": "x6",
            "time": "14-7-20 12:47"
        },
        {
            "comment id": 54,
            "parent": -1,
            "children": [],
            "user id": "1883558102",
            "user name": "Linchpin-LB",
            "content": "诺基亚从放弃meego开始就走入了失败的道路～",
            "time": "14-7-20 12:45"
        },
        {
            "comment id": 55,
            "parent": -1,
            "children": [],
            "user id": "1651209700",
            "user name": "索罗米修斯",
            "content": "约玛 奥利拉06年就卸任诺基亚CEO了，微软也已经在4月25就完成对诺基亚收购了，去哪流泪？新闻媒体的狗屁素质啊，看到抓眼球新闻都不带核实就转发。说句不客气的，吃屎都赶不上热乎的。",
            "time": "14-7-20 12:45"
        },
        {
            "comment id": 56,
            "parent": -1,
            "children": [],
            "user id": "1900248941",
            "user name": "m小每文m",
            "content": "诺基亚的质量还是不错的",
            "time": "14-7-20 12:45"
        },
        {
            "comment id": 57,
            "parent": -1,
            "children": [],
            "user id": "2675122881",
            "user name": "Colorfishyu",
            "content": "前两年我家用的都是诺基亚。而现在全换了。可能是系统太守旧满足不了现代人的需求吧。诺基亚。",
            "time": "14-7-20 12:41"
        },
        {
            "comment id": 58,
            "parent": -1,
            "children": [],
            "user id": "2415030487",
            "user name": "小麦芽与啤酒花的星期天",
            "content": "以后拿神马防身啊",
            "time": "14-7-20 12:41"
        },
        {
            "comment id": 59,
            "parent": -1,
            "children": [],
            "user id": "5000101927",
            "user name": "邻居的萝莉小姐",
            "content": "转发微博",
            "time": "14-7-20 12:40"
        },
        {
            "comment id": 60,
            "parent": -1,
            "children": [],
            "user id": "2734664804",
            "user name": "zhangweihua2012",
            "content": "因为诺基亚没用安卓系统做智能手机",
            "time": "14-7-20 12:40"
        },
        {
            "comment id": 61,
            "parent": -1,
            "children": [],
            "user id": "1840415521",
            "user name": "回音收集员Mr",
            "content": "没有输。这么多的色彩源自于诺基亚@诺基亚",
            "time": "14-7-20 12:37"
        },
        {
            "comment id": 62,
            "parent": -1,
            "children": [],
            "user id": "3261859322",
            "user name": "环保小布点",
            "content": "5200。5230。5233。 5280",
            "time": "14-7-20 12:37"
        },
        {
            "comment id": 63,
            "parent": -1,
            "children": [],
            "user id": "2708018701",
            "user name": "是喜欢Jay的小酒窝啊",
            "content": "5235",
            "time": "14-7-20 12:35"
        },
        {
            "comment id": 64,
            "parent": -1,
            "children": [],
            "user id": "1881950130",
            "user name": "桃花仙主",
            "content": "我用过三款，最后一款：E71",
            "time": "14-7-20 12:32"
        },
        {
            "comment id": 65,
            "parent": -1,
            "children": [],
            "user id": "3802878825",
            "user name": "濮阳吃货",
            "content": "俺还有两部 收藏起来了",
            "time": "14-7-20 12:30"
        },
        {
            "comment id": 66,
            "parent": -1,
            "children": [],
            "user id": "1688602257",
            "user name": "茶麦",
            "content": "5300",
            "time": "14-7-20 12:29"
        },
        {
            "comment id": 67,
            "parent": -1,
            "children": [],
            "user id": "2306440761",
            "user name": "Ra_ris",
            "content": "@丐小奇7",
            "time": "14-7-20 12:29"
        },
        {
            "comment id": 68,
            "parent": -1,
            "children": [],
            "user id": "2306359445",
            "user name": "什么都没有的那个无",
            "content": "回复@国产农二代:你用的诺基亚是德国的？",
            "time": "14-7-20 12:28"
        },
        {
            "comment id": 69,
            "parent": -1,
            "children": [],
            "user id": "2306359445",
            "user name": "什么都没有的那个无",
            "content": "诺基亚手机还不错吧，稳重的象征。",
            "time": "14-7-20 12:26"
        },
        {
            "comment id": 70,
            "parent": -1,
            "children": [],
            "user id": "5217063316",
            "user name": "德庆_德州扒鸡",
            "content": "E71.N89诺基亚就是太抗用了，怎么也用不坏",
            "time": "14-7-20 12:24"
        },
        {
            "comment id": 71,
            "parent": -1,
            "children": [],
            "user id": "1923999673",
            "user name": "傲娇的锯子",
            "content": "回复@国产农二代:诺基亚是芬兰的，同学。",
            "time": "14-7-20 12:23"
        },
        {
            "comment id": 72,
            "parent": -1,
            "children": [],
            "user id": "2657055333",
            "user name": "风声雨声AA",
            "content": "5110",
            "time": "14-7-20 12:23"
        },
        {
            "comment id": 73,
            "parent": -1,
            "children": [],
            "user id": "2690501683",
            "user name": "三名好友即可参加",
            "content": "诺基亚和苹果，就是德国和美国的一种传统吧！德国人保守但重视品质，美国人重视新颖和创新",
            "time": "14-7-20 12:20"
        },
        {
            "comment id": 74,
            "parent": -1,
            "children": [],
            "user id": "2000525717",
            "user name": "只求新去处KAQ",
            "content": "我没有用过诺基亚，可是看到这样的消息也感到遗憾",
            "time": "14-7-20 12:20"
        },
        {
            "comment id": 75,
            "parent": -1,
            "children": [],
            "user id": "3067924753",
            "user name": "planet__24",
            "content": "那些年我们用过的手机",
            "time": "14-7-20 12:19"
        },
        {
            "comment id": 76,
            "parent": -1,
            "children": [],
            "user id": "1953273040",
            "user name": "true荆超",
            "content": "倒闭不倒闭吧我现在用的诺基亚1520挺好.诺基亚930马上上市了就是贵啊",
            "time": "14-7-20 12:19"
        },
        {
            "comment id": 77,
            "parent": -1,
            "children": [],
            "user id": "3785617253",
            "user name": "灼灼其华569",
            "content": "唉，我的N81已經收藏起來了，留個紀念",
            "time": "14-7-20 12:14"
        },
        {
            "comment id": 78,
            "parent": -1,
            "children": [],
            "user id": "2664928211",
            "user name": "木子卓1993",
            "content": "5233",
            "time": "14-7-20 12:11"
        },
        {
            "comment id": 79,
            "parent": -1,
            "children": [],
            "user id": "2799365624",
            "user name": "Max就是浪",
            "content": "这么多款手机都很熟悉，潮流所趋，永远的诺基亚。。。。。。。。。。。",
            "time": "14-7-20 12:09"
        }
    ]
}