{
    "source": {
        "content": "【上海一女子在警所被扒裤子光腚几小时 7岁女儿拍照曝料】网友@郭嘉不死 曝料，上海闸北区一红衣女子在警所裤子被扒，几个小时无人过问，却因动迁问题被拘留五天。照片是其7岁女儿所拍。上海一女子在警所被扒裤子光腚几小时 7岁女儿拍照曝料 ",
        "time": "15-1-7 17:20",
        "user id": "3884247481",
        "tweet id": "BEsxcDQvM",
        "label": 1,
        "theme": "社会生活"
    },
    "comment": [
        {
            "comment id": 0,
            "parent": -1,
            "children": [],
            "user id": "1436445421",
            "user name": "张四百万",
            "content": "博主这种自称“媒体”的营销号真是蠢得令人发指。",
            "time": "15-1-9 17:23"
        },
        {
            "comment id": 1,
            "parent": -1,
            "children": [],
            "user id": "2491322740",
            "user name": "多乖岛岛主",
            "content": "能不能别不核实就跟着造谣",
            "time": "15-1-9 09:19"
        },
        {
            "comment id": 2,
            "parent": -1,
            "children": [],
            "user id": "3855637124",
            "user name": "坚持不懈公寓",
            "content": " 这是当时的录像，你就造谣传谣吧",
            "time": "15-1-9 08:48"
        },
        {
            "comment id": 3,
            "parent": -1,
            "children": [],
            "user id": "1645085307",
            "user name": "人海骄阳",
            "content": "是被扒的还是自己脱的也不一定",
            "time": "15-1-7 17:33"
        },
        {
            "comment id": 4,
            "parent": -1,
            "children": [],
            "user id": "5030085267",
            "user name": "直播西北",
            "content": "",
            "time": "15-1-7 17:23"
        }
    ]
}