{
    "source": {
        "content": "【今天是诺基亚的最后一天：致敬！】明天他将正式归入微软旗下了。当诺基亚现任CEO约玛·奥利拉在记者招待会上公布同意微软收购时最后说了一句话：我们并没有做错什么，但不知为什么，我们输了。说完几十名诺基亚高管不禁落泪。你曾拥有的诺基亚是哪款？ ",
        "time": "14-7-20 21:35",
        "user id": "1901031071",
        "tweet id": "Beu7IuDh5",
        "label": 1,
        "theme": "财经商业"
    },
    "comment": [
        {
            "comment id": 0,
            "parent": -1,
            "children": [],
            "user id": "3077818103",
            "user name": "夏_弯_弯",
            "content": "N78 N73",
            "time": "14-7-21 11:43"
        },
        {
            "comment id": 1,
            "parent": -1,
            "children": [],
            "user id": "3282114824",
            "user name": "剧毒的火锅",
            "content": "N73N85",
            "time": "14-7-21 11:28"
        },
        {
            "comment id": 2,
            "parent": -1,
            "children": [],
            "user id": "2556713567",
            "user name": "酱香橘子酒",
            "content": "CEO是斯蒂芬埃洛普",
            "time": "14-7-21 01:08"
        },
        {
            "comment id": 3,
            "parent": -1,
            "children": [],
            "user id": "1312893987",
            "user name": "NullPointExcepiton",
            "content": "手机设计的还是很好的，现在手机没了键盘，设计比较少了",
            "time": "14-7-21 00:58"
        },
        {
            "comment id": 4,
            "parent": -1,
            "children": [],
            "user id": "1912666755",
            "user name": "吹水耶稣",
            "content": "我的第一款诺基亚手机是8850银色，当年真的很拉风[不好意思]",
            "time": "14-7-21 00:35"
        },
        {
            "comment id": 5,
            "parent": -1,
            "children": [],
            "user id": "1760949633",
            "user name": "UncleQ是蓝黑色的",
            "content": "哎，终究老去！",
            "time": "14-7-20 23:51"
        },
        {
            "comment id": 6,
            "parent": -1,
            "children": [],
            "user id": "2101893242",
            "user name": "抿口清茶",
            "content": "没创新就是错了呗。",
            "time": "14-7-20 23:38"
        },
        {
            "comment id": 7,
            "parent": -1,
            "children": [],
            "user id": "5101208408",
            "user name": "Ytyyhysqtk",
            "content": "我有过e71 当时用着很有幸福感",
            "time": "14-7-20 23:14"
        },
        {
            "comment id": 8,
            "parent": -1,
            "children": [],
            "user id": "2097581904",
            "user name": "章小骚",
            "content": "6120 5320",
            "time": "14-7-20 22:42"
        },
        {
            "comment id": 9,
            "parent": -1,
            "children": [],
            "user id": "3153583260",
            "user name": "我想我还有拯救的希望",
            "content": "唯一的信息来源.....",
            "time": "14-7-20 22:35"
        },
        {
            "comment id": 10,
            "parent": -1,
            "children": [],
            "user id": "1876243713",
            "user name": "小牛牛奶爸",
            "content": "都已经辟谣了。。。",
            "time": "14-7-20 22:33"
        },
        {
            "comment id": 11,
            "parent": -1,
            "children": [],
            "user id": "1952966184",
            "user name": "杨小贤-土豆烧牛肉",
            "content": "[泪流满面][泪流满面][泪流满面][泪流满面][泪流满面][泪流满面][泪流满面][泪流满面]",
            "time": "14-7-20 22:28"
        },
        {
            "comment id": 12,
            "parent": -1,
            "children": [],
            "user id": "3911679788",
            "user name": "阿阿阿阿阿姣呀",
            "content": "",
            "time": "14-7-20 22:26"
        },
        {
            "comment id": 13,
            "parent": -1,
            "children": [],
            "user id": "1880640181",
            "user name": "改吉巴什么名都告诉我失败淦",
            "content": "NOKIA",
            "time": "14-7-20 22:19"
        },
        {
            "comment id": 14,
            "parent": -1,
            "children": [],
            "user id": "1956271503",
            "user name": "什么不可用的",
            "content": "卧槽，我想不通你为什么也这么脑残？",
            "time": "14-7-20 21:42"
        },
        {
            "comment id": 15,
            "parent": -1,
            "children": [],
            "user id": "3426798944",
            "user name": "-Baggins-",
            "content": "C6",
            "time": "14-7-20 21:41"
        },
        {
            "comment id": 16,
            "parent": -1,
            "children": [],
            "user id": "3919590020",
            "user name": "好开开开开开开心",
            "content": "@一草若",
            "time": "14-7-20 21:39"
        }
    ]
}