{
    "source": {
        "content": "【阿婆去银行取500块柜员不给办理 那就拿2亿吧】有位广州阿婆去银行取500元，柜台小姐不耐烦：去ATM机拿。阿婆：那把卡里所有的钱都拿出来。柜台小姐：你卡里有两个亿，要预约才能拿到。阿婆：现在能拿多少？柜台小姐帮阿婆取30万，阿婆拿出500元说，“帮我存299500元！唔该你”。@东莞时报 有钱任性！ ",
        "time": "15-1-12 11:01",
        "user id": "1913382117",
        "tweet id": "BFbbtDqSZ",
        "label": 1,
        "theme": "社会生活"
    },
    "comment": [
        {
            "comment id": 0,
            "parent": -1,
            "children": [],
            "user id": "2525528115",
            "user name": "扬仔的背包",
            "content": "做的好@建设银行 @农业银行 @工商银行 @中国银行 @邮政储蓄银行 ",
            "time": "15-1-17 18:00"
        },
        {
            "comment id": 1,
            "parent": -1,
            "children": [],
            "user id": "2390932680",
            "user name": "善子Pypy",
            "content": "回复@村长不要:",
            "time": "15-1-16 16:00"
        },
        {
            "comment id": 2,
            "parent": -1,
            "children": [],
            "user id": "2390932680",
            "user name": "善子Pypy",
            "content": "回复@村长不要:怎么知道是假新闻",
            "time": "15-1-13 10:09"
        },
        {
            "comment id": 3,
            "parent": -1,
            "children": [],
            "user id": "1731157244",
            "user name": "Gbblam",
            "content": "回复@HIic-:任性",
            "time": "15-1-12 17:49"
        },
        {
            "comment id": 4,
            "parent": -1,
            "children": [],
            "user id": "1730808150",
            "user name": "cali小白",
            "content": "@Garbry_day 牛B",
            "time": "15-1-12 16:44"
        },
        {
            "comment id": 5,
            "parent": -1,
            "children": [],
            "user id": "1994464395",
            "user name": "啊拉叫小生",
            "content": "你不知道这是假新闻吗？！",
            "time": "15-1-12 16:38"
        },
        {
            "comment id": 6,
            "parent": -1,
            "children": [],
            "user id": "1575333033",
            "user name": "我思故我饿得慌",
            "content": "你个扑街佬，被打脸了吧，又发假新闻！你又不是段子手，是正规媒体啊，底裤都木要了吗？有点底线好不好。",
            "time": "15-1-12 16:36"
        },
        {
            "comment id": 7,
            "parent": -1,
            "children": [],
            "user id": "2120906737",
            "user name": "深圳钟二宝",
            "content": "刚刚看新闻，这是假新闻，小编！",
            "time": "15-1-12 16:35"
        },
        {
            "comment id": 8,
            "parent": -1,
            "children": [],
            "user id": "1847234452",
            "user name": "若心已空",
            "content": "这样把婆婆的照片登出来好吗？会对她造成危险不？",
            "time": "15-1-12 16:06"
        },
        {
            "comment id": 9,
            "parent": -1,
            "children": [],
            "user id": "5452864366",
            "user name": "看看小V怎么说",
            "content": "老人和年轻人要区别对待。",
            "time": "15-1-12 16:01"
        },
        {
            "comment id": 10,
            "parent": -1,
            "children": [],
            "user id": "5056917565",
            "user name": "岩森态",
            "content": "阿姨，任性啊~~柜台那位是不是吓懵了~",
            "time": "15-1-12 14:18"
        },
        {
            "comment id": 11,
            "parent": -1,
            "children": [],
            "user id": "2101658775",
            "user name": "23vs3",
            "content": "回复@Phionna:会的会的",
            "time": "15-1-12 14:07"
        },
        {
            "comment id": 12,
            "parent": -1,
            "children": [],
            "user id": "1832454641",
            "user name": "Phionna",
            "content": "@23vs3 我也要这么任性",
            "time": "15-1-12 14:03"
        },
        {
            "comment id": 13,
            "parent": -1,
            "children": [],
            "user id": "2098276682",
            "user name": "齐诗丽韩",
            "content": "活该",
            "time": "15-1-12 13:34"
        },
        {
            "comment id": 14,
            "parent": -1,
            "children": [],
            "user id": "1737754281",
            "user name": "罗允绮YUKI",
            "content": "@-郑毅峰",
            "time": "15-1-12 13:19"
        },
        {
            "comment id": 15,
            "parent": -1,
            "children": [],
            "user id": "2524869782",
            "user name": "hOng__ZhU",
            "content": "很好，活该，这样的服务态度",
            "time": "15-1-12 13:03"
        },
        {
            "comment id": 16,
            "parent": -1,
            "children": [],
            "user id": "1925874930",
            "user name": "lazyfish0220",
            "content": "晚报君，转发假新闻啊！那个阿婆的新闻图片是说她去银行找厕所被职员打了。。。这么大个官微也瞎转假新闻。。。",
            "time": "15-1-12 12:51"
        },
        {
            "comment id": 17,
            "parent": -1,
            "children": [],
            "user id": "5372344966",
            "user name": "时尚的一修",
            "content": "这 这阿婆现在还安全吗//@kakiko-Y: 柜姐才叫活该",
            "time": "15-1-12 12:14"
        },
        {
            "comment id": 18,
            "parent": -1,
            "children": [],
            "user id": "1780686023",
            "user name": "黄鑫琪_",
            "content": "",
            "time": "15-1-12 11:55"
        },
        {
            "comment id": 19,
            "parent": -1,
            "children": [],
            "user id": "3876096946",
            "user name": "a浪迹天涯n",
            "content": "不是有钱就任性，是银行工作人狗眼看人底，没有换做硬币来存就给面你了。",
            "time": "15-1-12 11:34"
        },
        {
            "comment id": 20,
            "parent": -1,
            "children": [],
            "user id": "5232467695",
            "user name": "bili似雾",
            "content": "然后，第二天阿婆给人打劫了~",
            "time": "15-1-12 11:23"
        },
        {
            "comment id": 21,
            "parent": -1,
            "children": [],
            "user id": "3215768333",
            "user name": "贵阳de小妹",
            "content": "哈哈哈。。。有钱人就这么任性#！！",
            "time": "15-1-12 11:21"
        },
        {
            "comment id": 22,
            "parent": -1,
            "children": [],
            "user id": "2093900724",
            "user name": "笨笨巫婆婆",
            "content": "回复@踏浪之帆:你有一天也会老的，就会明白老人的心情，别自以为是的",
            "time": "15-1-12 11:18"
        },
        {
            "comment id": 23,
            "parent": -1,
            "children": [],
            "user id": "2093900724",
            "user name": "笨笨巫婆婆",
            "content": "回复@踏浪之帆:等你老再来说这事吧",
            "time": "15-1-12 11:18"
        },
        {
            "comment id": 24,
            "parent": -1,
            "children": [],
            "user id": "1658406127",
            "user name": "踏浪之帆",
            "content": "回复@笨笨巫婆婆::会有保安或大堂工作人员教她的",
            "time": "15-1-12 11:16"
        },
        {
            "comment id": 25,
            "parent": -1,
            "children": [],
            "user id": "2093900724",
            "user name": "笨笨巫婆婆",
            "content": "回复@踏浪之帆:很多老人确实不会取存柜员机的，作为服务行业，要尽能帮助这些人才是对的",
            "time": "15-1-12 11:15"
        },
        {
            "comment id": 26,
            "parent": -1,
            "children": [],
            "user id": "2120906737",
            "user name": "深圳钟二宝",
            "content": "转发微博",
            "time": "15-1-12 11:14"
        },
        {
            "comment id": 27,
            "parent": -1,
            "children": [],
            "user id": "3315943442",
            "user name": "那疙瘩_10800",
            "content": "[呵呵]",
            "time": "15-1-12 11:14"
        }
    ]
}