{
    "source": {
        "content": "【广东老太柜台取500元遭拒：那就取2亿吧】有位广州阿婆去银行取500元，柜台小姐不耐烦：去自动取款机拿。阿婆：那把卡里所有的钱都拿出来。柜台小姐：你卡里有两个亿，要预约。阿婆：那现在能拿多少？柜台小姐帮阿婆取30万，阿婆拿出500元说，“帮我存299500元”。东莞时报 ",
        "time": "15-1-12 22:19",
        "user id": "1656493885",
        "tweet id": "BFfCRuDjn",
        "label": 1,
        "theme": "财经商业"
    },
    "comment": [
        {
            "comment id": 0,
            "parent": -1,
            "children": [],
            "user id": "2275245093",
            "user name": "real金葫芦",
            "content": "这类故事一再上演，貌似银行店大欺客，其实展现的是个别人的暴发户心态。土豪何苦为难一个小柜员呢？",
            "time": "15-1-13 15:18"
        },
        {
            "comment id": 1,
            "parent": -1,
            "children": [],
            "user id": "1155368830",
            "user name": "淮河儒士",
            "content": "",
            "time": "15-1-13 08:49"
        },
        {
            "comment id": 2,
            "parent": -1,
            "children": [],
            "user id": "1789677837",
            "user name": "老毕也疯狂",
            "content": "老板 来两个亿～",
            "time": "15-1-13 08:23"
        },
        {
            "comment id": 3,
            "parent": -1,
            "children": [],
            "user id": "1314613365",
            "user name": "潦勋",
            "content": "假",
            "time": "15-1-13 00:34"
        },
        {
            "comment id": 4,
            "parent": -1,
            "children": [],
            "user id": "2828274401",
            "user name": "超级大朵朵",
            "content": "假新闻，请不要为难一线柜面人员",
            "time": "15-1-12 23:11"
        },
        {
            "comment id": 5,
            "parent": -1,
            "children": [],
            "user id": "1706377751",
            "user name": "MvpEgg",
            "content": "假新闻也转，注意影响",
            "time": "15-1-12 23:10"
        },
        {
            "comment id": 6,
            "parent": -1,
            "children": [],
            "user id": "1603708233",
            "user name": "中场法学家",
            "content": "暴脾气！//@飛渔懞懞:  //@一只自强的猫:转发微博",
            "time": "15-1-12 22:44"
        },
        {
            "comment id": 7,
            "parent": -1,
            "children": [],
            "user id": "1354782554",
            "user name": "笑看风云_2025",
            "content": "老太太绝对思路清爽",
            "time": "15-1-12 22:41"
        },
        {
            "comment id": 8,
            "parent": -1,
            "children": [],
            "user id": "1157027497",
            "user name": "魔女呦嘻",
            "content": "这不是假新闻吗",
            "time": "15-1-12 22:35"
        },
        {
            "comment id": 9,
            "parent": -1,
            "children": [],
            "user id": "1575443751",
            "user name": "知行-知止",
            "content": "跪了",
            "time": "15-1-12 22:34"
        },
        {
            "comment id": 10,
            "parent": -1,
            "children": [],
            "user id": "1924946285",
            "user name": "agdm2011",
            "content": "别把阿婆不当老板，阿婆当老板时柜台小姐可能还没上幼稚园呢。",
            "time": "15-1-12 22:31"
        },
        {
            "comment id": 11,
            "parent": -1,
            "children": [],
            "user id": "2290918960",
            "user name": "容和ing",
            "content": "一个老太的卡内居然有两亿，让我情何以堪。",
            "time": "15-1-12 22:24"
        },
        {
            "comment id": 12,
            "parent": -1,
            "children": [],
            "user id": "1667741332",
            "user name": "西里里",
            "content": "转发500",
            "time": "15-1-12 22:21"
        }
    ]
}