{
    "source": {
        "content": "被这圆生菜的制作工艺吓哭了(((ﾟДﾟ;)))我就想问。。这尼玛能吃吗。。。 ",
        "time": "15-1-17 12:01",
        "user id": "1615743184",
        "tweet id": "BFWIGiTaM",
        "label": 1,
        "theme": "医药健康"
    },
    "comment": [
        {
            "comment id": 0,
            "parent": -1,
            "children": [],
            "user id": "2638108427",
            "user name": "李琁衡",
            "content": "@榴莲流奶牛角包_evil",
            "time": "16-5-24 21:13"
        },
        {
            "comment id": 1,
            "parent": -1,
            "children": [],
            "user id": "2270464032",
            "user name": "凤只鸾孤",
            "content": "整个人都不好了",
            "time": "15-2-2 13:56"
        },
        {
            "comment id": 2,
            "parent": -1,
            "children": [],
            "user id": "2405510204",
            "user name": "M北鼻-",
            "content": "回复@Vang-Yun:这个我看过啦 这是国外做模拟道剧 百分之九九的像",
            "time": "15-2-2 13:52"
        },
        {
            "comment id": 3,
            "parent": -1,
            "children": [],
            "user id": "2610616051",
            "user name": "Vang-Yun",
            "content": "@YTT恰北北 @神经宝宝baby @--Boo-",
            "time": "15-2-2 13:51"
        },
        {
            "comment id": 4,
            "parent": -1,
            "children": [],
            "user id": "2365748452",
            "user name": "淘金者-Z",
            "content": "@KissHyaya",
            "time": "15-1-29 06:57"
        },
        {
            "comment id": 5,
            "parent": -1,
            "children": [],
            "user id": "1926088153",
            "user name": "一只小飞犬_",
            "content": "丢人",
            "time": "15-1-28 16:30"
        },
        {
            "comment id": 6,
            "parent": -1,
            "children": [],
            "user id": "2140383775",
            "user name": "下雪Cinderella",
            "content": "吓人",
            "time": "15-1-25 23:22"
        },
        {
            "comment id": 7,
            "parent": -1,
            "children": [],
            "user id": "2128218814",
            "user name": "朱老三79",
            "content": "@小邓吗 以后都吃肉吧咱们",
            "time": "15-1-25 05:18"
        },
        {
            "comment id": 8,
            "parent": -1,
            "children": [],
            "user id": "3824194175",
            "user name": "营销策划之道",
            "content": "我去，看完这个瞬间觉得神马转基因都弱爆了。",
            "time": "15-1-24 16:40"
        },
        {
            "comment id": 9,
            "parent": -1,
            "children": [],
            "user id": "3488502897",
            "user name": "阳光下的小泡泡",
            "content": "吓人。。@摔死的黑猫",
            "time": "15-1-23 14:44"
        },
        {
            "comment id": 10,
            "parent": -1,
            "children": [],
            "user id": "3943316295",
            "user name": "泰泰勒牌戳洗碗",
            "content": "@YY预言又止",
            "time": "15-1-21 23:11"
        },
        {
            "comment id": 11,
            "parent": -1,
            "children": [],
            "user id": "2503294332",
            "user name": "_nNMM",
            "content": "@我是越慌",
            "time": "15-1-20 22:07"
        },
        {
            "comment id": 12,
            "parent": -1,
            "children": [],
            "user id": "2503294332",
            "user name": "_nNMM",
            "content": "@黄耶耶耶",
            "time": "15-1-20 22:07"
        },
        {
            "comment id": 13,
            "parent": -1,
            "children": [],
            "user id": "1757891215",
            "user name": "l1ont",
            "content": "这是制作蔬菜的膜具（日本的）",
            "time": "15-1-19 17:20"
        },
        {
            "comment id": 14,
            "parent": -1,
            "children": [],
            "user id": "2258331295",
            "user name": "AdventureLR",
            "content": "@林科如 我靠………",
            "time": "15-1-17 12:25"
        },
        {
            "comment id": 15,
            "parent": -1,
            "children": [],
            "user id": "1690439310",
            "user name": "caihongping0624",
            "content": "😱😱😱",
            "time": "15-1-17 12:24"
        },
        {
            "comment id": 16,
            "parent": -1,
            "children": [],
            "user id": "1815194750",
            "user name": "悠闹闹亚克西",
            "content": "@张大寒寒寒寒寒 @水水水maya贇 好厉害好厉害好厉害！",
            "time": "15-1-17 12:22"
        },
        {
            "comment id": 17,
            "parent": -1,
            "children": [],
            "user id": "5080979021",
            "user name": "Simplerbt",
            "content": "@紫藤萝一幕",
            "time": "15-1-17 12:22"
        },
        {
            "comment id": 18,
            "parent": -1,
            "children": [],
            "user id": "1773201697",
            "user name": "大梦Selina",
            "content": "本来就不能吃，这个是模型",
            "time": "15-1-17 12:22"
        },
        {
            "comment id": 19,
            "parent": -1,
            "children": [],
            "user id": "2416849137",
            "user name": "改名字都变难了",
            "content": "@Viburnum荣 ",
            "time": "15-1-17 12:11"
        },
        {
            "comment id": 20,
            "parent": -1,
            "children": [],
            "user id": "1736796147",
            "user name": "金小兔爱丽丝",
            "content": " @WWW鹿鹿",
            "time": "15-1-17 12:11"
        },
        {
            "comment id": 21,
            "parent": -1,
            "children": [],
            "user id": "1075329295",
            "user name": "Liumocci",
            "content": "@_Liu蓮_ ",
            "time": "15-1-17 12:09"
        },
        {
            "comment id": 22,
            "parent": -1,
            "children": [],
            "user id": "1957913453",
            "user name": "Fire火火韩",
            "content": "@点击查看更多好昵称",
            "time": "15-1-17 12:08"
        },
        {
            "comment id": 23,
            "parent": -1,
            "children": [],
            "user id": "1704717897",
            "user name": "妈妈咪呀MS唐",
            "content": "....天啊",
            "time": "15-1-17 12:03"
        }
    ]
}