{
    "source": {
        "content": "紧急寻人： 今天上午一个三岁多小女孩在贵阳高新开发区怡馨家园小区附近被人拐走了，小女孩能准确说出她爸爸的手机号码，从监控上看是   被一个四十多岁男人抱走了，现大人都急疯了，有知情者请告之，万分感谢！看到信息的兄弟姐妹留意一下！联系人:郑春蓉13969 597919（转自微信朋友求助） ",
        "time": "14-8-27 14:53",
        "user id": "2500285894",
        "tweet id": "BkdJpCnkF",
        "label": 1,
        "theme": "社会生活"
    },
    "comment": [
        {
            "comment id": 0,
            "parent": -1,
            "children": [],
            "user id": "2682484851",
            "user name": "贵州旅游攻略君",
            "content": "回复@微遵义:一边工作一边偷空转发，居然是假的，自身辨别意识急需提升！下不为例",
            "time": "14-8-27 17:03"
        },
        {
            "comment id": 1,
            "parent": -1,
            "children": [],
            "user id": "3483005345",
            "user name": "微遵义",
            "content": "回复@钱晓阳:别转了",
            "time": "14-8-27 16:57"
        },
        {
            "comment id": 2,
            "parent": -1,
            "children": [],
            "user id": "3483005345",
            "user name": "微遵义",
            "content": "为何不落实真假？自己打打电话看看是什么情况！",
            "time": "14-8-27 16:56"
        },
        {
            "comment id": 3,
            "parent": -1,
            "children": [],
            "user id": "2682484851",
            "user name": "贵州旅游攻略君",
            "content": "@陈士渠 @我就是邹市明  @贵阳王进 @微遵义 @乐活林城 @寻人总动员鸣警 ",
            "time": "14-8-27 16:14"
        },
        {
            "comment id": 4,
            "parent": -1,
            "children": [],
            "user id": "1012340984",
            "user name": "贵州李践",
            "content": "此类寻人太多，需尽快核实详情。",
            "time": "14-8-27 16:13"
        },
        {
            "comment id": 5,
            "parent": -1,
            "children": [],
            "user id": "1671587933",
            "user name": "阿市申伟杰",
            "content": "//@声声入耳761: //@钱晓阳://@黔美食报:紧急扩散：请大家帮忙找找这个孩子@三只眼睛看生活 @贵州丁锐 @贵州李践 @远方何欢 @阿市申伟杰 @贵阳印象 @钱晓阳 @贵阳王进 @微遵义 @乐活林城 @寻人总动员鸣警 @陈士渠 @我就是邹市明",
            "time": "14-8-27 15:58"
        },
        {
            "comment id": 6,
            "parent": -1,
            "children": [],
            "user id": "2096578393",
            "user name": "小-雪哦啦啦",
            "content": "未经查实的信息，最好不要转发。微博随便一搜就知道，全国各地都在丢一个孩子~~而这个号码是山东的~",
            "time": "14-8-27 15:33"
        },
        {
            "comment id": 7,
            "parent": -1,
            "children": [],
            "user id": "2256650344",
            "user name": "三只眼睛看生活",
            "content": "电话确认没有？",
            "time": "14-8-27 15:15"
        },
        {
            "comment id": 8,
            "parent": -1,
            "children": [],
            "user id": "2350163802",
            "user name": "前任是个女神经病",
            "content": "//@微遵义: ",
            "time": "14-8-27 15:06"
        },
        {
            "comment id": 9,
            "parent": -1,
            "children": [],
            "user id": "3483005345",
            "user name": "微遵义",
            "content": "",
            "time": "14-8-27 15:03"
        }
    ]
}