{
    "source": {
        "content": "市中医院王晓燕主任呼吁：有小宝贝的朋友，小孩发热不要用尼美舒利颗粒退热治疗，商品名“瑞芝清”，工作以来已经遇见五例这样的病人，四个抢救无效死亡！昨夜又一个小天使离开，希望告诉有宝宝的朋友们，此药康芝药业生产，禁止十二岁以下的儿童使用，为了安全，请不要到药店或私人诊所随意用药。 ",
        "time": "14-9-12 18:26",
        "user id": "1284139322",
        "tweet id": "BmFXI5E7U",
        "label": 1,
        "theme": "医药健康"
    },
    "comment": [
        {
            "comment id": 0,
            "parent": -1,
            "children": [],
            "user id": "2803225230",
            "user name": "晓色云开1213",
            "content": "这个消息不确切",
            "time": "14-9-13 00:01"
        },
        {
            "comment id": 1,
            "parent": -1,
            "children": [],
            "user id": "2293586063",
            "user name": "Jiurgen",
            "content": "@吴肥萌",
            "time": "14-9-12 23:05"
        },
        {
            "comment id": 2,
            "parent": -1,
            "children": [],
            "user id": "1751081677",
            "user name": "小散户看盘",
            "content": "什么时候的消息了？",
            "time": "14-9-12 21:08"
        },
        {
            "comment id": 3,
            "parent": -1,
            "children": [],
            "user id": "2658217381",
            "user name": "道法自然0000",
            "content": "蠢货，私人诊所也是正规的医疗单位，不论从医疗质量和医德都不比做广告民营医院差！",
            "time": "14-9-12 19:35"
        },
        {
            "comment id": 4,
            "parent": -1,
            "children": [],
            "user id": "1029711331",
            "user name": "李枱儿老木呆",
            "content": "这个要利用！",
            "time": "14-9-12 18:54"
        },
        {
            "comment id": 5,
            "parent": -1,
            "children": [],
            "user id": "5121232687",
            "user name": "嵩山石8",
            "content": "转发微博",
            "time": "14-9-12 18:38"
        },
        {
            "comment id": 6,
            "parent": -1,
            "children": [],
            "user id": "2820325845",
            "user name": "方大同543",
            "content": "",
            "time": "14-9-12 18:27"
        }
    ]
}