{
    "source": {
        "content": "今日十大情报⑥【班主任悬赏50元怂恿小学生跳楼 12岁男孩摔断腿】武汉汉阳一小学班主任发工资后对班上同学说：哪个学生敢翻到二楼走廊栏杆外跳下去，就当场奖励其50元。12岁勇勇立即表示他敢，班主任带班上同学一起为他加油，勇勇跳下后当场摔断腿。目前学校已将该师开除，其去向不明。 ",
        "time": "14-9-17 19:00",
        "user id": "2135757312",
        "tweet id": "Bnrk0mbOW",
        "label": 1,
        "theme": "教育考试"
    },
    "comment": [
        {
            "comment id": 0,
            "parent": -1,
            "children": [],
            "user id": "2959556475",
            "user name": "球形齿轮",
            "content": "是过于缺钱，还是过于缺智商....",
            "time": "14-9-20 17:21"
        },
        {
            "comment id": 1,
            "parent": -1,
            "children": [],
            "user id": "3558426052",
            "user name": "一只温柔的辣椒",
            "content": "哈哈",
            "time": "14-9-19 13:05"
        },
        {
            "comment id": 2,
            "parent": -1,
            "children": [],
            "user id": "1759797831",
            "user name": "暗夜与星盏",
            "content": "为什么开除工作能代替刑罚",
            "time": "14-9-18 00:24"
        },
        {
            "comment id": 3,
            "parent": -1,
            "children": [],
            "user id": "2094425794",
            "user name": "Yun-Lianglu",
            "content": "回复@末世圣徒xu99:原文是怎样说的 ？",
            "time": "14-9-17 23:25"
        },
        {
            "comment id": 4,
            "parent": -1,
            "children": [],
            "user id": "1362068834",
            "user name": "八画八画",
            "content": "我给这个老师100让她从楼下不走楼梯爬上2楼.",
            "time": "14-9-17 23:07"
        },
        {
            "comment id": 5,
            "parent": -1,
            "children": [],
            "user id": "2118461157",
            "user name": "冇可能_",
            "content": "富哥、@肥牜Q @想--平凡",
            "time": "14-9-17 22:06"
        },
        {
            "comment id": 6,
            "parent": -1,
            "children": [],
            "user id": "1793501181",
            "user name": "南瓜谷谷谷",
            "content": "枪毙",
            "time": "14-9-17 21:45"
        },
        {
            "comment id": 7,
            "parent": -1,
            "children": [],
            "user id": "3821174799",
            "user name": "你好我叫容景",
            "content": "这老师傻逼了吧",
            "time": "14-9-17 19:59"
        },
        {
            "comment id": 8,
            "parent": -1,
            "children": [],
            "user id": "3317458640",
            "user name": "末世圣徒xu99",
            "content": "当时新闻可不是这样报道的 这篇文章真特么妓者",
            "time": "14-9-17 19:33"
        },
        {
            "comment id": 9,
            "parent": -1,
            "children": [],
            "user id": "3099275385",
            "user name": "额勺子",
            "content": "@提拉米苏的味道73 好牛逼有事武汉的",
            "time": "14-9-17 19:30"
        },
        {
            "comment id": 10,
            "parent": -1,
            "children": [],
            "user id": "3425716342",
            "user name": "鱼鱼鱼鱼不喜",
            "content": "2个逗比",
            "time": "14-9-17 19:25"
        },
        {
            "comment id": 11,
            "parent": -1,
            "children": [],
            "user id": "2211893901",
            "user name": "拉米思星球",
            "content": "是不是有病",
            "time": "14-9-17 19:21"
        },
        {
            "comment id": 12,
            "parent": -1,
            "children": [],
            "user id": "3059734843",
            "user name": "小周同学_7",
            "content": "2个天下",
            "time": "14-9-17 19:21"
        },
        {
            "comment id": 13,
            "parent": -1,
            "children": [],
            "user id": "2459226365",
            "user name": "嘎嘣嘎嘣吃西瓜",
            "content": "这样还叫人民教师呵呵我想到了我的初中英语老师",
            "time": "14-9-17 19:19"
        },
        {
            "comment id": 14,
            "parent": -1,
            "children": [],
            "user id": "1012168453",
            "user name": "ly绽放",
            "content": "现在的老师都咋了 ",
            "time": "14-9-17 19:18"
        },
        {
            "comment id": 15,
            "parent": -1,
            "children": [],
            "user id": "2405125502",
            "user name": "cyb3525",
            "content": "这老师有病啊",
            "time": "14-9-17 19:14"
        },
        {
            "comment id": 16,
            "parent": -1,
            "children": [],
            "user id": "1421140514",
            "user name": "雨中浮萍--monica",
            "content": "光开除就不用付刑事责任了？",
            "time": "14-9-17 19:12"
        },
        {
            "comment id": 17,
            "parent": -1,
            "children": [],
            "user id": "1769500844",
            "user name": "洞房昨夜停红烛",
            "content": "脑残？",
            "time": "14-9-17 19:12"
        },
        {
            "comment id": 18,
            "parent": -1,
            "children": [],
            "user id": "2995905630",
            "user name": "腹黑楚-",
            "content": "也是醉了",
            "time": "14-9-17 19:06"
        },
        {
            "comment id": 19,
            "parent": -1,
            "children": [],
            "user id": "2411450640",
            "user name": "杨珊1019",
            "content": "@王端端是大叔控",
            "time": "14-9-17 19:06"
        },
        {
            "comment id": 20,
            "parent": -1,
            "children": [],
            "user id": "2279877133",
            "user name": "我的V博啊",
            "content": "@央视新闻 @头条新闻",
            "time": "14-9-17 19:06"
        },
        {
            "comment id": 21,
            "parent": -1,
            "children": [],
            "user id": "2878363353",
            "user name": "咋又困了呢-",
            "content": "好多老师都会这样说 我也遇见过",
            "time": "14-9-17 19:03"
        },
        {
            "comment id": 22,
            "parent": -1,
            "children": [],
            "user id": "2198729974",
            "user name": "唐园街",
            "content": "就开除了事，太便宜了吧。",
            "time": "14-9-17 19:02"
        },
        {
            "comment id": 23,
            "parent": -1,
            "children": [],
            "user id": "2265841280",
            "user name": "Giraffe坎杰尔",
            "content": "@疯魔的葉叔",
            "time": "14-9-17 19:02"
        },
        {
            "comment id": 24,
            "parent": -1,
            "children": [],
            "user id": "5092741523",
            "user name": "dhaiwozyqjalebzhka",
            "content": "..................",
            "time": "14-9-17 19:01"
        }
    ]
}