{
    "source": {
        "content": "【十月已到中旬，十一月还远吗？】国家食品药品监督局11月1日开始集中受理狗肉馆举报，举报电话: 12331 👊👊这是大家努力的结果，请扩散！ ",
        "time": "14-10-13 12:57",
        "user id": "1965980377",
        "tweet id": "Brm3na1ej",
        "label": 1,
        "theme": "社会生活"
    },
    "comment": [
        {
            "comment id": 0,
            "parent": -1,
            "children": [],
            "user id": "5768066127",
            "user name": "azzz呐",
            "content": "回复@modair:吃狗肉你觉得正确吗？真够残忍，很多人早已经发出心声.发出声音了。所以我们有权利阻止！🐶",
            "time": "16-8-7 18:15"
        },
        {
            "comment id": 1,
            "parent": -1,
            "children": [],
            "user id": "2179545782",
            "user name": "Aka_Stanley",
            "content": "回复@罗星宇70033:请你看清楚再bb，我说的是没权利要求别人不吃狗肉，至于你转不转发是你的问题！连东西都没看清楚的，你又是从哪个汪星球冒出来的？",
            "time": "15-4-25 09:40"
        },
        {
            "comment id": 2,
            "parent": -1,
            "children": [],
            "user id": "5595981335",
            "user name": "罗星宇70033",
            "content": "回复@Aka_Stanley:没那个权限 就代表不能扩散？ 你逗比吧你 ",
            "time": "15-4-25 08:59"
        },
        {
            "comment id": 3,
            "parent": -1,
            "children": [],
            "user id": "5312017091",
            "user name": "下一届领导",
            "content": "这过分了，把人惹毛了只能私下虐狗了",
            "time": "14-10-15 20:59"
        },
        {
            "comment id": 4,
            "parent": -1,
            "children": [],
            "user id": "1748182707",
            "user name": "张俊英",
            "content": "#保护动物#国家食品药品监督局11月1日开始集中受理狗肉馆举报，举报电话: 12331 这是大家努力的结果，请扩散！ [太開心]",
            "time": "14-10-15 10:21"
        },
        {
            "comment id": 5,
            "parent": -1,
            "children": [],
            "user id": "1911334147",
            "user name": "-Leooo",
            "content": "扩散扩散，必须扩散",
            "time": "14-10-13 19:15"
        },
        {
            "comment id": 6,
            "parent": -1,
            "children": [],
            "user id": "2179545782",
            "user name": "Aka_Stanley",
            "content": "呵呵，不准吃狗肉真的很没道理。个人喜好而已，你可以自己不吃狗肉，也可以呼吁别人不吃狗肉，但是不能强制别人不吃狗肉，因为你们没有那个权利。",
            "time": "14-10-13 17:50"
        },
        {
            "comment id": 7,
            "parent": -1,
            "children": [],
            "user id": "1906832104",
            "user name": "卉siny",
            "content": "//@陳嘉上Gordon: ",
            "time": "14-10-13 15:01"
        },
        {
            "comment id": 8,
            "parent": -1,
            "children": [],
            "user id": "2477170200",
            "user name": "夏日么me茶",
            "content": "回复@modair:狗不比牛和羊特殊",
            "time": "14-10-13 14:59"
        },
        {
            "comment id": 9,
            "parent": -1,
            "children": [],
            "user id": "5162029931",
            "user name": "荆逗逗",
            "content": "",
            "time": "14-10-13 14:44"
        },
        {
            "comment id": 10,
            "parent": -1,
            "children": [],
            "user id": "3309941191",
            "user name": "承轩1977",
            "content": "有法律依据吗",
            "time": "14-10-13 14:42"
        },
        {
            "comment id": 11,
            "parent": -1,
            "children": [],
            "user id": "3465605992",
            "user name": "淘气贝贝快回家",
            "content": "//@陳嘉上Gordon: ",
            "time": "14-10-13 13:54"
        },
        {
            "comment id": 12,
            "parent": -1,
            "children": [],
            "user id": "3217200451",
            "user name": "12级猫语翻译者",
            "content": "这有点剥夺了人家吃狗人的权利啊，照这么说马上可以查封羊肉馆牛肉馆？我反对残忍杀狗，但也尊重吃狗人的权利",
            "time": "14-10-13 13:49"
        },
        {
            "comment id": 13,
            "parent": -1,
            "children": [],
            "user id": "1806535710",
            "user name": "卡布奇诺有点甜_",
            "content": "//@陳嘉上Gordon: ",
            "time": "14-10-13 13:41"
        },
        {
            "comment id": 14,
            "parent": -1,
            "children": [],
            "user id": "2505917107",
            "user name": "俺今晚一定不熬夜",
            "content": "必须收到惩罚，开心",
            "time": "14-10-13 13:25"
        },
        {
            "comment id": 15,
            "parent": -1,
            "children": [],
            "user id": "5194949785",
            "user name": "紫璞未琢",
            "content": "这是我今年听到的最好的消息了！",
            "time": "14-10-13 13:16"
        },
        {
            "comment id": 16,
            "parent": -1,
            "children": [],
            "user id": "2203828201",
            "user name": "天才鼠宝宝",
            "content": "不远了不远了，记住12331了吗？😃😃",
            "time": "14-10-13 13:00"
        }
    ]
}