{
    "source": {
        "content": "【网曝多地出现骆驼乞讨 骆驼四肢被砍】近日，据网友@厦门脚丫爆料，广东佛山街头出现了牵着骆驼乞讨的乞丐。骆驼四肢从膝盖处被截肢，只能趴在地上，十分可怜。今年以来我国多等地均出现了牵骆驼乞讨的状况。求有关部门解救各地辗转乞讨的骆驼们~！求扩散~！网曝多地出现骆驼乞讨（图集）-观察者网观察者网 ",
        "time": "14-10-19 13:53",
        "user id": "1314608344",
        "tweet id": "BsgZ5pN51",
        "label": 1,
        "theme": "社会生活"
    },
    "comment": [
        {
            "comment id": 0,
            "parent": -1,
            "children": [],
            "user id": "1789349604",
            "user name": "小公举保持围笑",
            "content": "我在广州天河见过这种截肢的骆驼，就是上上周",
            "time": "14-10-26 12:06"
        },
        {
            "comment id": 1,
            "parent": -1,
            "children": [],
            "user id": "1734894660",
            "user name": "向往喧嚣",
            "content": "不实报道?被处理?连新闻晨报都发的不实，还能不能负责了",
            "time": "14-10-24 18:45"
        },
        {
            "comment id": 2,
            "parent": -1,
            "children": [],
            "user id": "1428998532",
            "user name": "谁谁谁的小金鱼",
            "content": "丧心病狂",
            "time": "14-10-23 16:48"
        },
        {
            "comment id": 3,
            "parent": -1,
            "children": [],
            "user id": "1717338374",
            "user name": "Gilberttttttttt",
            "content": "？",
            "time": "14-10-23 16:48"
        },
        {
            "comment id": 4,
            "parent": -1,
            "children": [],
            "user id": "3898667041",
            "user name": "jikey-kk",
            "content": "越是这样越是不能给钱，这些乞丐太无耻了",
            "time": "14-10-21 10:46"
        },
        {
            "comment id": 5,
            "parent": -1,
            "children": [],
            "user id": "3068346223",
            "user name": "丝发飘动",
            "content": "终生只为钱财活，行尸走肉无生趣，自残残人残🐫，地狱🚪开终要入！",
            "time": "14-10-21 07:47"
        },
        {
            "comment id": 6,
            "parent": -1,
            "children": [],
            "user id": "1337863870",
            "user name": "希斯特利亚",
            "content": "那些乞讨的人据说家里有嫖娼的和卖淫的，国家赶快管管，骆驼可不能被染上艾滋病！！",
            "time": "14-10-20 20:27"
        },
        {
            "comment id": 7,
            "parent": -1,
            "children": [],
            "user id": "5336602518",
            "user name": "一如既往的奔波",
            "content": "丧尽天良！这些人为了赚钱什么都不要了！脸不要了！良心也不要了！还活着做甚！死了为球减轻压力！",
            "time": "14-10-20 20:20"
        },
        {
            "comment id": 8,
            "parent": -1,
            "children": [],
            "user id": "1808784824",
            "user name": "莔rz的地松鼠",
            "content": "我是专门过来看脑残的",
            "time": "14-10-20 19:26"
        },
        {
            "comment id": 9,
            "parent": -1,
            "children": [],
            "user id": "1797454411",
            "user name": "云彩层",
            "content": "上帝，求你把中国人都收了吧",
            "time": "14-10-20 18:44"
        },
        {
            "comment id": 10,
            "parent": -1,
            "children": [],
            "user id": "3835822761",
            "user name": "Christine陳瑶",
            "content": "好可怜，怎么会这样，这到底是乞丐都知道要救骆驼还是借住骆驼达到自己的目的",
            "time": "14-10-20 14:30"
        },
        {
            "comment id": 11,
            "parent": -1,
            "children": [],
            "user id": "2369118200",
            "user name": "B-Bella-B",
            "content": "请别再残害动物，它们不是你们乞讨的工具",
            "time": "14-10-20 13:47"
        },
        {
            "comment id": 12,
            "parent": -1,
            "children": [],
            "user id": "3103018221",
            "user name": "galoooois",
            "content": "莫让同情心占领了你的智商",
            "time": "14-10-20 12:26"
        },
        {
            "comment id": 13,
            "parent": -1,
            "children": [],
            "user id": "2009815533",
            "user name": "对影成一人",
            "content": "蹄没被砍掉，是姿势问题。。。",
            "time": "14-10-20 12:15"
        },
        {
            "comment id": 14,
            "parent": -1,
            "children": [],
            "user id": "1078813260",
            "user name": "SH-HK2233",
            "content": "骆驼的智商都比小编智商高",
            "time": "14-10-20 11:15"
        },
        {
            "comment id": 15,
            "parent": -1,
            "children": [],
            "user id": "5335093139",
            "user name": "FJLZQ",
            "content": "无论你是善良还是出于同情，千万不要捐钱给他们，给吃的给他们就行，也不要给太多，否则带来的后果只会更加糜烂，不能纵容他们后面的那帮畜生不如的东西。",
            "time": "14-10-20 10:52"
        },
        {
            "comment id": 16,
            "parent": -1,
            "children": [],
            "user id": "3796969362",
            "user name": "殷益锋2013",
            "content": "求扩散，求转发，拯救这些可怜的骆驼！！！",
            "time": "14-10-20 01:18"
        },
        {
            "comment id": 17,
            "parent": -1,
            "children": [],
            "user id": "3918722196",
            "user name": "Etherrrr",
            "content": "回复@见习巫师-逌:假的",
            "time": "14-10-20 01:02"
        },
        {
            "comment id": 18,
            "parent": -1,
            "children": [],
            "user id": "5203433237",
            "user name": "浩仔独特",
            "content": "人好残忍啊",
            "time": "14-10-19 23:55"
        },
        {
            "comment id": 19,
            "parent": -1,
            "children": [],
            "user id": "1907221813",
            "user name": "琳小琳L0L",
            "content": "哇靠！这些死不要脸的！",
            "time": "14-10-19 23:10"
        },
        {
            "comment id": 20,
            "parent": -1,
            "children": [],
            "user id": "3809768733",
            "user name": "章鱼小丸子的不二生活",
            "content": "这个真不是人的行为，自己乞讨就算了，还带着动物来，不是犯贱么，动物又没有理由要陪你讨",
            "time": "14-10-19 22:48"
        },
        {
            "comment id": 21,
            "parent": -1,
            "children": [],
            "user id": "1771767165",
            "user name": "想成为巫师的逌",
            "content": "尼玛！自己乞讨也算了，以前拐孩子弄残了赚钱，现在还拐骆驼弄残了赚钱，这些人都应该流放到沙漠去劳作一辈子到死！",
            "time": "14-10-19 22:45"
        },
        {
            "comment id": 22,
            "parent": -1,
            "children": [],
            "user id": "2019511501",
            "user name": "娜娜奇的云宝",
            "content": "回复@甜年糕DD:一码归一码，别混为一谈。因没有或丧失劳动能力而乞讨，因身世凄凉、穷困潦倒而乞讨，没人来管制你，也不代表对人的遭遇视而不见，你可以在你的权利范围内利己，但绝不允许触及，损害无辜的人或动物的范围，动物开不了口不代表它愿意！！",
            "time": "14-10-19 22:40"
        },
        {
            "comment id": 23,
            "parent": -1,
            "children": [],
            "user id": "2231388513",
            "user name": "幸运嘎子006",
            "content": "骆驼太可怜了",
            "time": "14-10-19 22:38"
        },
        {
            "comment id": 24,
            "parent": -1,
            "children": [],
            "user id": "1774628917",
            "user name": "helensharon",
            "content": "回复@小芮ai:确实没有被剁，请自行百度图片",
            "time": "14-10-19 22:30"
        },
        {
            "comment id": 25,
            "parent": -1,
            "children": [],
            "user id": "1422938915",
            "user name": "不沉的镇远-巴莱",
            "content": "回复@小芮ai:晕，看我回复里的链接！！！",
            "time": "14-10-19 22:17"
        },
        {
            "comment id": 26,
            "parent": -1,
            "children": [],
            "user id": "2019511501",
            "user name": "娜娜奇的云宝",
            "content": "利用动物可耻；利用心地柔软的人的同情心可耻；为了钱没有自尊不要脸皮可耻！！",
            "time": "14-10-19 22:16"
        },
        {
            "comment id": 27,
            "parent": -1,
            "children": [],
            "user id": "2060227397",
            "user name": "Aison在路上",
            "content": "吃的可以给 钱不行",
            "time": "14-10-19 22:11"
        },
        {
            "comment id": 28,
            "parent": -1,
            "children": [],
            "user id": "1428998532",
            "user name": "谁谁谁的小金鱼",
            "content": "丧心病狂",
            "time": "14-10-19 22:11"
        },
        {
            "comment id": 29,
            "parent": -1,
            "children": [],
            "user id": "1774422841",
            "user name": "豆芽样",
            "content": "这些孩子肯定是被人贩子控制的",
            "time": "14-10-19 22:08"
        },
        {
            "comment id": 30,
            "parent": -1,
            "children": [],
            "user id": "2658749421",
            "user name": "imLeocc",
            "content": "气愤，法律何在",
            "time": "14-10-19 21:58"
        },
        {
            "comment id": 31,
            "parent": -1,
            "children": [],
            "user id": "3191781712",
            "user name": "快乐格尔",
            "content": "哎''人啊！还有什么事是你干不出来'还有什么行骗伎俩是你想不出来的！",
            "time": "14-10-19 21:56"
        },
        {
            "comment id": 32,
            "parent": -1,
            "children": [],
            "user id": "1875261213",
            "user name": "s_小朋友",
            "content": "丐帮帮主是谁  奶奶地   灭他九族都是轻地",
            "time": "14-10-19 21:51"
        },
        {
            "comment id": 33,
            "parent": -1,
            "children": [],
            "user id": "3171070301",
            "user name": "月牙周",
            "content": "妈的，贱人！这么残忍！",
            "time": "14-10-19 21:33"
        },
        {
            "comment id": 34,
            "parent": -1,
            "children": [],
            "user id": "3257994573",
            "user name": "钟离野-Jolin",
            "content": "真心希望能有相关的法律能约束这种现象，让我们保留一份善良。",
            "time": "14-10-19 21:07"
        },
        {
            "comment id": 35,
            "parent": -1,
            "children": [],
            "user id": "1422938915",
            "user name": "不沉的镇远-巴莱",
            "content": "虐待动物理应谴责，但也要避免犯常识性的错误。这不是被剁了腿，骆驼跪下腿看上去就这效果。如果真被剁了腿，这几个要饭的岂不是要抬着它走？ 老阿姨在看着你的主页",
            "time": "14-10-19 21:05"
        },
        {
            "comment id": 36,
            "parent": -1,
            "children": [],
            "user id": "5061233260",
            "user name": "小歪爱洋洋",
            "content": "变态",
            "time": "14-10-19 21:04"
        },
        {
            "comment id": 37,
            "parent": -1,
            "children": [],
            "user id": "1736185341",
            "user name": "教育路的山楂肉蒲團",
            "content": "大沥城南供销门口。。。//@dearC-zxy: 人类真可悲",
            "time": "14-10-19 20:46"
        },
        {
            "comment id": 38,
            "parent": -1,
            "children": [],
            "user id": "3767396245",
            "user name": "樱之花语LOVER",
            "content": "求相关部门调查",
            "time": "14-10-19 20:37"
        },
        {
            "comment id": 39,
            "parent": -1,
            "children": [],
            "user id": "2278027087",
            "user name": "敏感肌肤之道_梅鹤祥",
            "content": "有组织犯罪",
            "time": "14-10-19 20:15"
        },
        {
            "comment id": 40,
            "parent": -1,
            "children": [],
            "user id": "1956951871",
            "user name": "恬静花香",
            "content": "赚钱赚的没有人性了",
            "time": "14-10-19 20:10"
        },
        {
            "comment id": 41,
            "parent": -1,
            "children": [],
            "user id": "1750720673",
            "user name": "甜年糕DD",
            "content": "回复@喵司叽:我们无力改变当前的现状，但是至少我们自己能够区分善恶是非，不被他人蛊惑煽动，我觉得就很好了，如果推己及人，能心存善念，在力所能及的时候帮助一下他人，就足够了",
            "time": "14-10-19 20:09"
        },
        {
            "comment id": 42,
            "parent": -1,
            "children": [],
            "user id": "1750720673",
            "user name": "甜年糕DD",
            "content": "回复@喵司叽:骗子和乞丐还是有些许不同的",
            "time": "14-10-19 20:03"
        },
        {
            "comment id": 43,
            "parent": -1,
            "children": [],
            "user id": "1750720673",
            "user name": "甜年糕DD",
            "content": "回复@喵司叽:这是一个好方法，受教了",
            "time": "14-10-19 19:59"
        },
        {
            "comment id": 44,
            "parent": -1,
            "children": [],
            "user id": "3215519832",
            "user name": "子蕥",
            "content": "人太可恶了，可怜的骆驼",
            "time": "14-10-19 19:57"
        },
        {
            "comment id": 45,
            "parent": -1,
            "children": [],
            "user id": "5204692769",
            "user name": "一心一意967",
            "content": "活不下去把骆驼卖了啊！",
            "time": "14-10-19 19:50"
        },
        {
            "comment id": 46,
            "parent": -1,
            "children": [],
            "user id": "1750720673",
            "user name": "甜年糕DD",
            "content": "回复@喵司叽:每个人都有自己的生活无奈，我不知道他们这种现象的原因，所以我不去苛责他们。但是对于一个漂泊无依的年迈老人，我更多的怜悯关心，而不仅仅关心他身后的畜牲，在我眼中他的生命远比骆驼珍贵。",
            "time": "14-10-19 19:47"
        },
        {
            "comment id": 47,
            "parent": -1,
            "children": [],
            "user id": "2603653990",
            "user name": "晋在我心之晓秋",
            "content": "这些骆驼好可怜希望有关部门可以把它们救出来，现在的乞丐为了要钱连这种残忍的做法都想的出来@新闻晨报",
            "time": "14-10-19 19:44"
        },
        {
            "comment id": 48,
            "parent": -1,
            "children": [],
            "user id": "2314894391",
            "user name": "tianyuanyuan1203",
            "content": "鄙视所有乞讨的人",
            "time": "14-10-19 19:40"
        },
        {
            "comment id": 49,
            "parent": -1,
            "children": [],
            "user id": "2314894391",
            "user name": "tianyuanyuan1203",
            "content": "人类的卑劣无下限",
            "time": "14-10-19 19:39"
        },
        {
            "comment id": 50,
            "parent": -1,
            "children": [],
            "user id": "2246934252",
            "user name": "喜宝doki",
            "content": "回复@甜年糕DD:谢谢 说的是",
            "time": "14-10-19 19:37"
        },
        {
            "comment id": 51,
            "parent": -1,
            "children": [],
            "user id": "1750720673",
            "user name": "甜年糕DD",
            "content": "回复@喵司叽:我已经不想回答太多，你可以看看我给那个女孩的回答，谢谢",
            "time": "14-10-19 19:37"
        },
        {
            "comment id": 52,
            "parent": -1,
            "children": [],
            "user id": "1750720673",
            "user name": "甜年糕DD",
            "content": "回复@黄呀麽黄婷呀:需要有明辨是非的能力，慢慢学会独立思考，保持人格，这对于你未来会有很大帮助的，同学。",
            "time": "14-10-19 19:36"
        },
        {
            "comment id": 53,
            "parent": -1,
            "children": [],
            "user id": "2246934252",
            "user name": "喜宝doki",
            "content": "回复@甜年糕DD:还有太多拐卖孩子的，对孩子做出那么多非人道的事，让那些孩子去乞讨的。",
            "time": "14-10-19 19:34"
        },
        {
            "comment id": 54,
            "parent": -1,
            "children": [],
            "user id": "2246934252",
            "user name": "喜宝doki",
            "content": "回复@甜年糕DD:这是我们大家对这个社会失去信心，报道出来太多的假乞丐，报道出来太多被讹诈。以前我也会抱有同情，但是看多了就没感觉了，去车站有太多人跟你要钱，去街上太多人跪在地上，昨天去步行街，还有人冒充老战士穿军装，可是并没有任何残疾，只是穿军装，对于这种人我只能说侮辱了老兵了这个词。",
            "time": "14-10-19 19:32"
        },
        {
            "comment id": 55,
            "parent": -1,
            "children": [],
            "user id": "1750720673",
            "user name": "甜年糕DD",
            "content": "回复@黄呀麽黄婷呀:你可以同情一个动物的遭遇，为什么对人的遭遇视而不见。他们有没有伤害动物，是不是假的乞丐，这些都是没有核实的事实，而真正的事实就是你们能看到的他们镜头前的生活状态。在没有任何事实依据的情况下，你去看看评论，太多刻薄的话留给他们，只因为媒体这样呼吁。这就是网络暴民",
            "time": "14-10-19 19:24"
        },
        {
            "comment id": 56,
            "parent": -1,
            "children": [],
            "user id": "2660057251",
            "user name": "一只大杠精",
            "content": "呵呵。@土豆土豆土豆土豆子",
            "time": "14-10-19 19:19"
        },
        {
            "comment id": 57,
            "parent": -1,
            "children": [],
            "user id": "1342719023",
            "user name": "安眠藥女孩",
            "content": "缺德，千萬別給錢這些人",
            "time": "14-10-19 19:18"
        },
        {
            "comment id": 58,
            "parent": -1,
            "children": [],
            "user id": "1750720673",
            "user name": "甜年糕DD",
            "content": "回复@黄呀麽黄婷呀:你看看最后一张白发老人，你现在要他靠自己的双手去奋斗吗，他身后的骆驼大大小小的行李俨然是一个四处飘临，居无定所的人。再看看那个小孩难道不想上学读书，不想衣冠楚楚的侃侃而谈保护动物，而是跪在你们面前接受你们的审判。我第一眼看到的他们，而不是微博上煽动的文字。",
            "time": "14-10-19 19:12"
        },
        {
            "comment id": 59,
            "parent": -1,
            "children": [],
            "user id": "5324464682",
            "user name": "小吃饭的奶奶",
            "content": "怎么会有这样败坏的人，是没心了吗？骆驼是无辜的啊！你们靠自残去博取别人同情为什么要剥夺它们的健全？沙漠之舟被这样对待，你们根本就没想到这种动物对以前的人来说是多么宝贵，只能它能带你走出那种绝望的沙漠!你现在把它带向绝望!禽兽不如!",
            "time": "14-10-19 19:12"
        },
        {
            "comment id": 60,
            "parent": -1,
            "children": [],
            "user id": "3887273223",
            "user name": "随缘之空32",
            "content": "太没人性了， 简直丧尽天良让他们不得好死，也让他们断手断脚太 缺德了。",
            "time": "14-10-19 19:09"
        },
        {
            "comment id": 61,
            "parent": -1,
            "children": [],
            "user id": "2246934252",
            "user name": "喜宝doki",
            "content": "回复@甜年糕DD:无论如何，都不应该以伤害动物的方法来博取大家的同情，动物是乞讨的工具吗？对，这是一个不正常的社会现象，但是这些话你都该去跟他们说说，告诉他们改怎么样用自己的双手双脚努力生活，而不是博取同情。",
            "time": "14-10-19 19:02"
        },
        {
            "comment id": 62,
            "parent": -1,
            "children": [],
            "user id": "1750720673",
            "user name": "甜年糕DD",
            "content": "回复@黄呀麽黄婷呀:是不是乞丐暂且不谈，如果一个人沦落到需要跪在大家面前来维持生活，这就是不正常的社会现象，我们的眼中不应该只有应该对畜牲的怜悯，而应该多多关注这群人的生活状态及造成这种现象的原因。学会独立的思考，舆论导向只是有话语权的人说掌控的，不要盲从",
            "time": "14-10-19 18:54"
        },
        {
            "comment id": 63,
            "parent": -1,
            "children": [],
            "user id": "5021288150",
            "user name": "平印727",
            "content": "这时城管呢！警察呢！都到那儿去了",
            "time": "14-10-19 18:48"
        },
        {
            "comment id": 64,
            "parent": -1,
            "children": [],
            "user id": "1744463190",
            "user name": "是lovely的少女麻麻",
            "content": "中国政府管管这个团伙吧，中国现状都成啥了",
            "time": "14-10-19 18:47"
        },
        {
            "comment id": 65,
            "parent": -1,
            "children": [],
            "user id": "1725841093",
            "user name": "顾不上减月邑",
            "content": "回复@DaniellSharp:孩子的手脚都能敲断拉去乞讨还有啥干不出的",
            "time": "14-10-19 18:42"
        },
        {
            "comment id": 66,
            "parent": -1,
            "children": [],
            "user id": "5327520975",
            "user name": "蒋春妹1",
            "content": "希望有关动物保护单位能处理下",
            "time": "14-10-19 18:32"
        },
        {
            "comment id": 67,
            "parent": -1,
            "children": [],
            "user id": "2768248453",
            "user name": "DaniellSharp",
            "content": "@顾不上减月邑 @木亨子 ………",
            "time": "14-10-19 18:28"
        },
        {
            "comment id": 68,
            "parent": -1,
            "children": [],
            "user id": "2686482722",
            "user name": "知食分子a咩咩杨",
            "content": "太过分了，怎么能这样对待动物，它们也是生命",
            "time": "14-10-19 18:25"
        },
        {
            "comment id": 69,
            "parent": -1,
            "children": [],
            "user id": "1256045797",
            "user name": "________执念x",
            "content": "MD，我要爆粗口了！！有没有人性！！残忍的人类！！有没有人管阿！！强烈呼吁转发和继续关注！！难道我大天朝就让这么灭绝人性的事在光天化日之下！",
            "time": "14-10-19 18:20"
        },
        {
            "comment id": 70,
            "parent": -1,
            "children": [],
            "user id": "3943251482",
            "user name": "罗菊呀",
            "content": "这些丧尽天良的人，就不怕报应到他们亲人身上吗？",
            "time": "14-10-19 18:11"
        },
        {
            "comment id": 71,
            "parent": -1,
            "children": [],
            "user id": "1978785475",
            "user name": "Lyric震坤",
            "content": "抓起来",
            "time": "14-10-19 18:07"
        },
        {
            "comment id": 72,
            "parent": -1,
            "children": [],
            "user id": "5325146970",
            "user name": "羊皮筏子Dragon",
            "content": "惨绝人寰",
            "time": "14-10-19 18:03"
        },
        {
            "comment id": 73,
            "parent": -1,
            "children": [],
            "user id": "3340642704",
            "user name": "FAN-大个儿",
            "content": "能买能起骆驼说明不穷欠打",
            "time": "14-10-19 18:00"
        },
        {
            "comment id": 74,
            "parent": -1,
            "children": [],
            "user id": "3340642704",
            "user name": "FAN-大个儿",
            "content": "公安局快来教育这伙王八蛋",
            "time": "14-10-19 17:59"
        },
        {
            "comment id": 75,
            "parent": -1,
            "children": [],
            "user id": "2129358527",
            "user name": "miss李二小姐",
            "content": "乞讨就乞讨吧，为什么还要附加上骆驼？还要这么残忍的对待它们？牵骆驼的人啊，真想把你给截肢！",
            "time": "14-10-19 17:42"
        },
        {
            "comment id": 76,
            "parent": -1,
            "children": [],
            "user id": "3314836845",
            "user name": "孤舟带一蓑烟雨",
            "content": "假乞丐加神经病",
            "time": "14-10-19 17:34"
        },
        {
            "comment id": 77,
            "parent": -1,
            "children": [],
            "user id": "1774633681",
            "user name": "爱吃美食的龙少",
            "content": "//@Lrr_DP贱贱窝爱泥: //@谁特么是阿鬼:卧槽！！！",
            "time": "14-10-19 17:34"
        },
        {
            "comment id": 78,
            "parent": -1,
            "children": [],
            "user id": "2676207885",
            "user name": "啊哟喔嘿",
            "content": "猪狗不如的东西",
            "time": "14-10-19 17:34"
        },
        {
            "comment id": 79,
            "parent": -1,
            "children": [],
            "user id": "1701426222",
            "user name": "江都小竇",
            "content": "虐待动物，一帮畜生",
            "time": "14-10-19 17:32"
        }
    ]
}