{
    "source": {
        "content": "【十余人暴打警察组图曝光 中国目前无袭警罪】1月16日，网络上传出一段河南郑州十余人暴打警察的骇人视频。视频中，一伙不明身份者共计十余人一拥而上将警察拖进小树林殴打，持续30秒左右。据了解，目前中国法律没有袭警罪，袭击警察行为多以“妨害公务罪”论。十余人暴打警察组图曝光 中国没竟无袭警罪南方网 ",
        "time": "15-1-19 14:17",
        "user id": "1709286740",
        "tweet id": "C0j0d8mXR",
        "label": 1,
        "theme": "社会生活"
    },
    "comment": [
        {
            "comment id": 0,
            "parent": -1,
            "children": [],
            "user id": "1958116141",
            "user name": "洒脱余生",
            "content": "有本事去打刑警不击毙了你们的",
            "time": "15-1-20 08:11"
        },
        {
            "comment id": 1,
            "parent": -1,
            "children": [],
            "user id": "3208468982",
            "user name": "民间传世滋润屌丝",
            "content": "。。。。",
            "time": "15-1-19 22:24"
        },
        {
            "comment id": 2,
            "parent": -1,
            "children": [],
            "user id": "5378553413",
            "user name": "80后单车上成长",
            "content": "坏警察的话 活该",
            "time": "15-1-19 21:27"
        },
        {
            "comment id": 3,
            "parent": -1,
            "children": [],
            "user id": "5215706169",
            "user name": "绻香",
            "content": "没有素质",
            "time": "15-1-19 21:08"
        },
        {
            "comment id": 4,
            "parent": -1,
            "children": [],
            "user id": "2981856917",
            "user name": "调二钓四",
            "content": "没有袭警罪！你怎么不早说",
            "time": "15-1-19 21:07"
        },
        {
            "comment id": 5,
            "parent": -1,
            "children": [],
            "user id": "1177982194",
            "user name": "韦战",
            "content": "刚辟谣了 这是人家拍的微电影片段//@风流才子z_转珠型提督LLer大夫: 你们现在去乡下还能看到有的地儿写“不准袭击警车”。。。。",
            "time": "15-1-19 20:14"
        },
        {
            "comment id": 6,
            "parent": -1,
            "children": [],
            "user id": "3751679730",
            "user name": "清空万里0",
            "content": "在某些方面中国比美国更民主不是吗？在美国你要敢这样，估计你现在就是一具尸体",
            "time": "15-1-19 16:43"
        },
        {
            "comment id": 7,
            "parent": -1,
            "children": [],
            "user id": "1969403407",
            "user name": "Mamba14Y",
            "content": "怎么会有人说打得好啊，就算围殴的不是警察，这也是犯罪啊，如果纵容这样的事情发生，人人可打警察，以后谁来保护我们的安全！等你真正危难的时候，你就会知道能依靠的只有他们。公务人员做的不好，会由公务人员处理责罚，不能作为人人可打的借口啊！而且，不是所有警察都不作为啊。别人的付出感激过么",
            "time": "15-1-19 16:08"
        },
        {
            "comment id": 8,
            "parent": -1,
            "children": [],
            "user id": "2195616790",
            "user name": "ShiroiKnight",
            "content": "那十个人一定是城管",
            "time": "15-1-19 15:49"
        },
        {
            "comment id": 9,
            "parent": -1,
            "children": [],
            "user id": "3467412022",
            "user name": "yo_ghourt布丁",
            "content": "毕竟是政府人员，普通老百姓谁会没事打警察？",
            "time": "15-1-19 15:32"
        },
        {
            "comment id": 10,
            "parent": -1,
            "children": [],
            "user id": "3074373220",
            "user name": "腊梅989898",
            "content": "回复@腊梅989898:若果因私结怨遭打，那就喝袭警无任何关系！不能因为你穿了警服自己作恶得罪人别人打你就是袭警！即便是袭警也只能是处理公务的过程中遭袭才能成立！否则，流氓穿了警服作恶岂非光明正大了？",
            "time": "15-1-19 15:18"
        },
        {
            "comment id": 11,
            "parent": -1,
            "children": [],
            "user id": "2014505192",
            "user name": "石家庄摩卡视觉婚纱摄影",
            "content": "怎么着不也得是个故意伤害啊？妨碍公务才判几年？",
            "time": "15-1-19 15:10"
        },
        {
            "comment id": 12,
            "parent": -1,
            "children": [],
            "user id": "5419724543",
            "user name": "SABU家的蜀黍",
            "content": "警察都敢打了，还顾得上法律？",
            "time": "15-1-19 15:06"
        },
        {
            "comment id": 13,
            "parent": -1,
            "children": [],
            "user id": "1391835611",
            "user name": "海那边有一群蓝精灵",
            "content": "什么原因没结果？总有动机一说，也没有？",
            "time": "15-1-19 15:03"
        },
        {
            "comment id": 14,
            "parent": -1,
            "children": [],
            "user id": "2782460453",
            "user name": "窜天虎",
            "content": "把中国警察全部打死",
            "time": "15-1-19 14:52"
        },
        {
            "comment id": 15,
            "parent": -1,
            "children": [],
            "user id": "3794848020",
            "user name": "追风小孩流鼻涕",
            "content": "#十余人暴打警察#这种话题就不叫话题，用我这个笨脑袋想想我都知道，谁没事打吃皇粮的啊，就给你上个袭警的罪我们老百姓都吃不了兜着走啊，记住了没人找死，只是破不得以，记得前几个月吧，警察不也把农民工打死了吗，人在做天在看，比如当年的那个山，现在电视或互联网还能看见吗？天下乌鸦一般黑。",
            "time": "15-1-19 14:41"
        },
        {
            "comment id": 16,
            "parent": -1,
            "children": [],
            "user id": "1750789512",
            "user name": "猪猪猪儿哦",
            "content": "打的好，最好把警察全部打死",
            "time": "15-1-19 14:32"
        },
        {
            "comment id": 17,
            "parent": -1,
            "children": [],
            "user id": "3074373220",
            "user name": "腊梅989898",
            "content": "得罪人了！如果因私结怨遭打那就喝袭警。！",
            "time": "15-1-19 14:30"
        },
        {
            "comment id": 18,
            "parent": -1,
            "children": [],
            "user id": "2792353091",
            "user name": "咆哮的熊孩子",
            "content": "太假了吧，看了视频，那人录像那么明显，那群人不抢手机啊，荒郊野岭又没多余的人，他们慌张跑啥啊，谣言",
            "time": "15-1-19 14:22"
        },
        {
            "comment id": 19,
            "parent": -1,
            "children": [],
            "user id": "2714144874",
            "user name": "赵洁琼同学",
            "content": "是与故意伤害并罚",
            "time": "15-1-19 14:22"
        },
        {
            "comment id": 20,
            "parent": -1,
            "children": [],
            "user id": "2639832324",
            "user name": "林熙晨宇",
            "content": "是保安吗",
            "time": "15-1-19 14:18"
        }
    ]
}