{
    "source": {
        "content": "【女大学生网恋残疾小伙三日定情 对方酷似周杰伦】90后女大学生小丹在网上认识了广州一男孩，两人不到三天坠入爱河。当她只身前往广州后，发现男孩竟是双腿失去行动能力，而小丹却做出惊人决定：退学向对方求婚，并承诺照顾对方一生。男孩长得像周杰伦，弹得一手好吉他。via阳光报 ",
        "time": "15-2-10 15:26",
        "user id": "2116708197",
        "tweet id": "C3ERce4uq",
        "label": 1,
        "theme": "社会生活"
    },
    "comment": [
        {
            "comment id": 0,
            "parent": -1,
            "children": [],
            "user id": "3481914464",
            "user name": "VV_空白",
            "content": "吹牛比了吧？怎么这么不相信呢。",
            "time": "15-5-28 05:47"
        },
        {
            "comment id": 1,
            "parent": -1,
            "children": [],
            "user id": "3886735359",
            "user name": "嘻嘻嘻嘻嘻嘻嘻嘻啦啦啦",
            "content": "醉了",
            "time": "15-2-11 03:21"
        },
        {
            "comment id": 2,
            "parent": -1,
            "children": [],
            "user id": "2469129514",
            "user name": "M大侠不大",
            "content": "尼玛 我疯了",
            "time": "15-2-10 22:26"
        },
        {
            "comment id": 3,
            "parent": -1,
            "children": [],
            "user id": "3079294197",
            "user name": "想减肥的阿霄",
            "content": "一辈子？ 讲故事",
            "time": "15-2-10 22:22"
        },
        {
            "comment id": 4,
            "parent": -1,
            "children": [],
            "user id": "2779972623",
            "user name": "榆林高铁",
            "content": "大木",
            "time": "15-2-10 20:42"
        },
        {
            "comment id": 5,
            "parent": -1,
            "children": [],
            "user id": "2779972623",
            "user name": "榆林高铁",
            "content": "煞笔",
            "time": "15-2-10 20:42"
        },
        {
            "comment id": 6,
            "parent": -1,
            "children": [],
            "user id": "2592370151",
            "user name": "话不二说-",
            "content": "你这么一发说的和真的也是",
            "time": "15-2-10 19:18"
        },
        {
            "comment id": 7,
            "parent": -1,
            "children": [],
            "user id": "3283820080",
            "user name": "有些睡不着",
            "content": "不是真的好吗",
            "time": "15-2-10 15:50"
        },
        {
            "comment id": 8,
            "parent": -1,
            "children": [],
            "user id": "2027804445",
            "user name": "微甜-o-",
            "content": "我也觉得像炒作。。",
            "time": "15-2-10 15:37"
        },
        {
            "comment id": 9,
            "parent": -1,
            "children": [],
            "user id": "2641910571",
            "user name": "二丹丹-",
            "content": "真爱",
            "time": "15-2-10 15:29"
        },
        {
            "comment id": 10,
            "parent": -1,
            "children": [],
            "user id": "1523350440",
            "user name": "更漏到天明",
            "content": "微电影。。。炒作。",
            "time": "15-2-10 15:28"
        },
        {
            "comment id": 11,
            "parent": -1,
            "children": [],
            "user id": "2428979984",
            "user name": "实惠磊落",
            "content": "这就是真爱~！！",
            "time": "15-2-10 15:27"
        }
    ]
}