{
    "source": {
        "content": "【女大学生网恋残疾小伙三日定情 对方酷似周杰伦】90后女大学生小丹在网上认识了广州一男孩，两人不到三天坠入爱河。当她只身前往广州后，发现男孩竟是双腿失去行动能力，而小丹却做出惊人决定：退学向对方求婚，并承诺照顾对方一生。男孩长得像周杰伦，弹得一手好吉他。by都市快报 ",
        "time": "15-2-10 14:30",
        "user id": "1824398837",
        "tweet id": "C3EuofJc9",
        "label": 1,
        "theme": "社会生活"
    },
    "comment": [
        {
            "comment id": 0,
            "parent": -1,
            "children": [],
            "user id": "2609865307",
            "user name": "向太阳望月亮",
            "content": "回复@0喵0呜0:还好吧。",
            "time": "15-6-3 05:25"
        },
        {
            "comment id": 1,
            "parent": -1,
            "children": [],
            "user id": "2526355794",
            "user name": "DaleBarbara",
            "content": "回复@zihaoan:喜欢这感觉……审美眼光很独到！",
            "time": "15-2-11 06:58"
        },
        {
            "comment id": 2,
            "parent": -1,
            "children": [],
            "user id": "2609865307",
            "user name": "向太阳望月亮",
            "content": "回复@ycyc-0:就喜欢这感觉",
            "time": "15-2-11 02:44"
        },
        {
            "comment id": 3,
            "parent": -1,
            "children": [],
            "user id": "1862044297",
            "user name": "郑sir不知何许人也",
            "content": "回复@GYotF:那你看",
            "time": "15-2-10 18:01"
        },
        {
            "comment id": 4,
            "parent": -1,
            "children": [],
            "user id": "2285937587",
            "user name": "赵赵赵楠theEpic",
            "content": "回复@郑sir不知何许人也:这你又知道了？",
            "time": "15-2-10 17:59"
        },
        {
            "comment id": 5,
            "parent": -1,
            "children": [],
            "user id": "1862044297",
            "user name": "郑sir不知何许人也",
            "content": "回复@GYotF:这他妈是个微电影",
            "time": "15-2-10 17:59"
        },
        {
            "comment id": 6,
            "parent": -1,
            "children": [],
            "user id": "5188826108",
            "user name": "D小海角",
            "content": "无奇不有呀！怎么不正常的都有对象，好人却单着",
            "time": "15-2-10 17:03"
        },
        {
            "comment id": 7,
            "parent": -1,
            "children": [],
            "user id": "2526355794",
            "user name": "DaleBarbara",
            "content": "蛇精病吧这是？还尼马退学？是没见过男的啊？",
            "time": "15-2-10 16:58"
        },
        {
            "comment id": 8,
            "parent": -1,
            "children": [],
            "user id": "1896450491",
            "user name": "对1985",
            "content": "吉林省榆树市交通局原出租办主任王立新和韩成义 宋宏伟两位领导开发房地产28层 ！涉嫌违纪违法、 互相推诿 欠农民工工资不给 ！在榆树市之手遮天农民工上告无门！谁能为百姓做主？？",
            "time": "15-2-10 16:02"
        },
        {
            "comment id": 9,
            "parent": -1,
            "children": [],
            "user id": "2285937587",
            "user name": "赵赵赵楠theEpic",
            "content": "这尼玛@郑sir不知何许人也",
            "time": "15-2-10 15:20"
        },
        {
            "comment id": 10,
            "parent": -1,
            "children": [],
            "user id": "2678495674",
            "user name": "吃西瓜想西瓜",
            "content": "回复@张小凯发誓要过幸福生活:嘿嘿 😁",
            "time": "15-2-10 15:19"
        },
        {
            "comment id": 11,
            "parent": -1,
            "children": [],
            "user id": "2453732721",
            "user name": "凯哥哥很幸运",
            "content": "回复@我的名字是李进文:哪有这么丑的周杰伦",
            "time": "15-2-10 15:17"
        },
        {
            "comment id": 12,
            "parent": -1,
            "children": [],
            "user id": "2678495674",
            "user name": "吃西瓜想西瓜",
            "content": "回复@张小凯发誓要过幸福生活:你的男神嘛",
            "time": "15-2-10 15:16"
        },
        {
            "comment id": 13,
            "parent": -1,
            "children": [],
            "user id": "2170546213",
            "user name": "爱吃Macaron______的熊宝",
            "content": "纯扯犊子",
            "time": "15-2-10 15:13"
        },
        {
            "comment id": 14,
            "parent": -1,
            "children": [],
            "user id": "2453732721",
            "user name": "凯哥哥很幸运",
            "content": "回复@我的名字是李进文:这么恶心的事，你还@ 我，就是一个宣传",
            "time": "15-2-10 15:10"
        },
        {
            "comment id": 15,
            "parent": -1,
            "children": [],
            "user id": "2678495674",
            "user name": "吃西瓜想西瓜",
            "content": "@张小凯发誓要过幸福生活",
            "time": "15-2-10 15:07"
        },
        {
            "comment id": 16,
            "parent": -1,
            "children": [],
            "user id": "2758905891",
            "user name": "翔宇_Sean",
            "content": "我会相信？",
            "time": "15-2-10 15:07"
        },
        {
            "comment id": 17,
            "parent": -1,
            "children": [],
            "user id": "1682861241",
            "user name": "小苹果_515",
            "content": "一笑而过",
            "time": "15-2-10 15:02"
        },
        {
            "comment id": 18,
            "parent": -1,
            "children": [],
            "user id": "2369891904",
            "user name": "莫莫女王陛下",
            "content": "脑残粉",
            "time": "15-2-10 15:00"
        },
        {
            "comment id": 19,
            "parent": -1,
            "children": [],
            "user id": "2482387860",
            "user name": "是劉哈哈阿",
            "content": "除了性别和胡子看不出哪像周杰伦",
            "time": "15-2-10 14:59"
        },
        {
            "comment id": 20,
            "parent": -1,
            "children": [],
            "user id": "2473100281",
            "user name": "闫筱青qing",
            "content": "表示无语",
            "time": "15-2-10 14:58"
        },
        {
            "comment id": 21,
            "parent": -1,
            "children": [],
            "user id": "1796217575",
            "user name": "二郎李",
            "content": "我操……",
            "time": "15-2-10 14:35"
        }
    ]
}