{
    "source": {
        "content": "90后女大学生小丹通过网络社交比邻上认识了广州一男孩，两人在几天的时间迅速坠入爱河，当小丹前往广州与其见面后，发现对方竟是双腿失去行动能力的小伙，而小丹竟做出一个惊人的决定：退学向对方求婚，并承诺照顾对方一生，对方长得像周杰伦，还弹得一首好吉他。果然这还是一个看脸的世界 ",
        "time": "15-2-10 16:00",
        "user id": "2003290751",
        "tweet id": "C3F5211JG",
        "label": 1,
        "theme": "社会生活"
    },
    "comment": [
        {
            "comment id": 0,
            "parent": -1,
            "children": [],
            "user id": "3862629056",
            "user name": "御手洗红豆42",
            "content": "怎么还不实消息",
            "time": "15-2-10 21:30"
        },
        {
            "comment id": 1,
            "parent": -1,
            "children": [],
            "user id": "2284938573",
            "user name": "小琛r",
            "content": "博主你作啥",
            "time": "15-2-10 19:45"
        },
        {
            "comment id": 2,
            "parent": -1,
            "children": [],
            "user id": "1647071495",
            "user name": "Hiyifff",
            "content": "好可啪！",
            "time": "15-2-10 19:42"
        },
        {
            "comment id": 3,
            "parent": -1,
            "children": [],
            "user id": "2508484913",
            "user name": "最镁的不是下雨天",
            "content": "周杰伦又中枪了",
            "time": "15-2-10 17:39"
        },
        {
            "comment id": 4,
            "parent": -1,
            "children": [],
            "user id": "2037811393",
            "user name": "鸡血懒人",
            "content": "微电影的宣传，不是真事，辟谣了！",
            "time": "15-2-10 17:18"
        },
        {
            "comment id": 5,
            "parent": -1,
            "children": [],
            "user id": "2644589043",
            "user name": "稹2020",
            "content": "哎呦卧槽",
            "time": "15-2-10 17:17"
        },
        {
            "comment id": 6,
            "parent": -1,
            "children": [],
            "user id": "2581893227",
            "user name": "天涯共明月HD",
            "content": "比邻的营销软文",
            "time": "15-2-10 17:02"
        },
        {
            "comment id": 7,
            "parent": -1,
            "children": [],
            "user id": "5357441074",
            "user name": "Harr_灵魂在消耗",
            "content": "回复@太原校园:哈哈",
            "time": "15-2-10 16:43"
        },
        {
            "comment id": 8,
            "parent": -1,
            "children": [],
            "user id": "3904355044",
            "user name": "高曌-",
            "content": "好漂亮的姑娘，哎",
            "time": "15-2-10 16:41"
        },
        {
            "comment id": 9,
            "parent": -1,
            "children": [],
            "user id": "2003290751",
            "user name": "太原校园",
            "content": "回复@不汹涌zi是个谜:小编是个理智的理科生[纠结]",
            "time": "15-2-10 16:34"
        },
        {
            "comment id": 10,
            "parent": -1,
            "children": [],
            "user id": "5357441074",
            "user name": "Harr_灵魂在消耗",
            "content": "回复@太原校园:从这点可以看出，小编是个理智型选手",
            "time": "15-2-10 16:34"
        },
        {
            "comment id": 11,
            "parent": -1,
            "children": [],
            "user id": "2003290751",
            "user name": "太原校园",
            "content": "回复@不汹涌zi是个谜:小编应该不会",
            "time": "15-2-10 16:29"
        },
        {
            "comment id": 12,
            "parent": -1,
            "children": [],
            "user id": "3824131903",
            "user name": "再也不当胖子啦",
            "content": "假的",
            "time": "15-2-10 16:18"
        },
        {
            "comment id": 13,
            "parent": -1,
            "children": [],
            "user id": "2743125523",
            "user name": "道煎",
            "content": "这女的有病",
            "time": "15-2-10 16:17"
        },
        {
            "comment id": 14,
            "parent": -1,
            "children": [],
            "user id": "3195248997",
            "user name": "Jomirazhy",
            "content": "回复@Secret-0719:力宏",
            "time": "15-2-10 16:16"
        },
        {
            "comment id": 15,
            "parent": -1,
            "children": [],
            "user id": "3195248997",
            "user name": "Jomirazhy",
            "content": "炒作嘛",
            "time": "15-2-10 16:15"
        },
        {
            "comment id": 16,
            "parent": -1,
            "children": [],
            "user id": "3035016490",
            "user name": "肥鱼失眠了",
            "content": "像吗",
            "time": "15-2-10 16:14"
        },
        {
            "comment id": 17,
            "parent": -1,
            "children": [],
            "user id": "1875717651",
            "user name": "Secret_1_1",
            "content": "墙上贴的是什么鬼",
            "time": "15-2-10 16:11"
        },
        {
            "comment id": 18,
            "parent": -1,
            "children": [],
            "user id": "1757491745",
            "user name": "贝小壳Summer",
            "content": "无法理解",
            "time": "15-2-10 16:11"
        },
        {
            "comment id": 19,
            "parent": -1,
            "children": [],
            "user id": "5357441074",
            "user name": "Harr_灵魂在消耗",
            "content": "小编，如果有个残疾的并且长得像范冰冰的女孩，你会娶她么？？？",
            "time": "15-2-10 16:10"
        },
        {
            "comment id": 20,
            "parent": -1,
            "children": [],
            "user id": "2140986743",
            "user name": "Sunhequan",
            "content": "别逗了",
            "time": "15-2-10 16:08"
        },
        {
            "comment id": 21,
            "parent": -1,
            "children": [],
            "user id": "3308121962",
            "user name": "了难太字名个起",
            "content": "女孩好漂亮",
            "time": "15-2-10 16:04"
        },
        {
            "comment id": 22,
            "parent": -1,
            "children": [],
            "user id": "3761225697",
            "user name": "胡为之乎",
            "content": "小编别说了[泪流满面][泪流满面]，马上就情人节了。让我安静会去",
            "time": "15-2-10 16:02"
        }
    ]
}