{
    "source": {
        "content": "#这沂年那些事# 【90后大学生网恋残疾网友退学求婚】2015年90后女大学生小丹通过网络社交比邻上认识了广州一男孩，两人在不到三天的时间迅速坠入爱河，发现对方竟是双腿的小伙，而小丹对此竟做出一个惊人的决定：退学向对方求婚，并承诺照顾对方一生，这段不寻常的恋情在网上引起轩然大波。 ",
        "time": "15-2-10 17:05",
        "user id": "5137977018",
        "tweet id": "C3FvAeEoD",
        "label": 1,
        "theme": "社会生活"
    },
    "comment": [
        {
            "comment id": 0,
            "parent": -1,
            "children": [],
            "user id": "3255354534",
            "user name": "我叫梁坤",
            "content": "周杰伦",
            "time": "15-2-10 21:31"
        },
        {
            "comment id": 1,
            "parent": -1,
            "children": [],
            "user id": "5137977018",
            "user name": "直通临沂",
            "content": "回复@shenlan69512:你知道的太多了",
            "time": "15-2-10 21:29"
        },
        {
            "comment id": 2,
            "parent": -1,
            "children": [],
            "user id": "5137977018",
            "user name": "直通临沂",
            "content": "回复@临沂大小事:还有一种说法叫真爱，就看你信不信",
            "time": "15-2-10 21:29"
        },
        {
            "comment id": 3,
            "parent": -1,
            "children": [],
            "user id": "5137977018",
            "user name": "直通临沂",
            "content": "回复@叫我祥哥就行:",
            "time": "15-2-10 21:28"
        },
        {
            "comment id": 4,
            "parent": -1,
            "children": [],
            "user id": "5181714484",
            "user name": "叫我祥哥就行",
            "content": "看脸的世界，又一次在瞎扯淡",
            "time": "15-2-10 20:55"
        },
        {
            "comment id": 5,
            "parent": -1,
            "children": [],
            "user id": "1989622034",
            "user name": "S小雨文子",
            "content": "社交网络炒作",
            "time": "15-2-10 17:32"
        },
        {
            "comment id": 6,
            "parent": -1,
            "children": [],
            "user id": "5122654941",
            "user name": "临沂大小事",
            "content": "只因他像周杰伦吗",
            "time": "15-2-10 17:14"
        },
        {
            "comment id": 7,
            "parent": -1,
            "children": [],
            "user id": "2713543887",
            "user name": "SuenYF",
            "content": "……假新闻，-_-||发之前好好审阅下好不",
            "time": "15-2-10 17:11"
        },
        {
            "comment id": 8,
            "parent": -1,
            "children": [],
            "user id": "2608830467",
            "user name": "郑州身边事",
            "content": "假的",
            "time": "15-2-10 17:07"
        }
    ]
}