{
    "source": {
        "content": "#盐城身边事#【住酒店千万要小心！东台某宾馆被曝有针孔摄像头！】针孔摄像头一般都好像应该出现在警匪片里的，但有时候的的确确的就会出现在我们身边！这不，东台某宾馆就被网友曝光有针孔摄像头，而且非常隐蔽 —— 居然在机顶盒里面！ ",
        "time": "15-3-11 17:07",
        "user id": "5396784258",
        "tweet id": "C84US5fhp",
        "label": 1,
        "theme": "社会生活"
    },
    "comment": [
        {
            "comment id": 0,
            "parent": -1,
            "children": [],
            "user id": "5224611751",
            "user name": "眉眼991",
            "content": "回复@艾比铅笔:也知道自己没读过书嘛！没读过书你还以为自己是博士嘛！回你的不读书的侏罗纪世界去吧👎",
            "time": "15-11-7 12:10"
        },
        {
            "comment id": 1,
            "parent": -1,
            "children": [],
            "user id": "2946295287",
            "user name": "艾比铅笔",
            "content": "回复@晚聚M:农村人，没读过书，也比你懂",
            "time": "15-10-29 12:39"
        },
        {
            "comment id": 2,
            "parent": -1,
            "children": [],
            "user id": "5224611751",
            "user name": "眉眼991",
            "content": "回复@艾比铅笔:不要没搞懂事情就胡乱瞎搞，自己回去读读书！看清事实，乱起哄！作怪",
            "time": "15-10-5 09:17"
        },
        {
            "comment id": 3,
            "parent": -1,
            "children": [],
            "user id": "2712122624",
            "user name": "gaposa",
            "content": "东台人就是这么叼→_→",
            "time": "15-4-15 10:50"
        },
        {
            "comment id": 4,
            "parent": -1,
            "children": [],
            "user id": "5224611751",
            "user name": "眉眼991",
            "content": "不是搞独立，而是盐城让人寒心，历史永不会改变，请不要随便侮辱我的东台家。",
            "time": "15-4-15 10:47"
        },
        {
            "comment id": 5,
            "parent": -1,
            "children": [],
            "user id": "1688854263",
            "user name": "爱做甜品的浩哥xh",
            "content": "回复@型哥1980:不是你至于老拿市区说话吗，我说了如果市区比不过县城就是废物，你咋不说亭湖加盐都加市中心还加城南新区才980亿，这是整个市区……",
            "time": "15-3-20 18:28"
        },
        {
            "comment id": 6,
            "parent": -1,
            "children": [],
            "user id": "1046046032",
            "user name": "斑驳的记忆yc",
            "content": "回复@祥浩xh:你自己去查数据吧，懒得和你争了，盐城还不至于和乡下县城比，永远不在一个层面上。勿回！",
            "time": "15-3-20 18:25"
        },
        {
            "comment id": 7,
            "parent": -1,
            "children": [],
            "user id": "1688854263",
            "user name": "爱做甜品的浩哥xh",
            "content": "回复@型哥1980:14年上半年就是300多",
            "time": "15-3-20 18:17"
        },
        {
            "comment id": 8,
            "parent": -1,
            "children": [],
            "user id": "1046046032",
            "user name": "斑驳的记忆yc",
            "content": "回复@祥浩xh:东台就是三百多亿，你别跟着我水涨船高撒",
            "time": "15-3-20 18:16"
        },
        {
            "comment id": 9,
            "parent": -1,
            "children": [],
            "user id": "1688854263",
            "user name": "爱做甜品的浩哥xh",
            "content": "回复@型哥1980:没记错东台应该是600亿左右",
            "time": "15-3-20 18:14"
        },
        {
            "comment id": 10,
            "parent": -1,
            "children": [],
            "user id": "1688854263",
            "user name": "爱做甜品的浩哥xh",
            "content": "回复@型哥1980:两市占盐城总量斤三分之一，这也是近几年才平衡下来的。算起来就是整个市区亭湖加盐都再带上4个县也就占了三分之二。而且市区大部分的财政个服务业收入肯定要大于各县市，市区如果比不过下属市那就废了。",
            "time": "15-3-20 18:11"
        },
        {
            "comment id": 11,
            "parent": -1,
            "children": [],
            "user id": "1046046032",
            "user name": "斑驳的记忆yc",
            "content": "回复@祥浩xh:13年的GDP，盐城市区是980亿的好像，自己算算",
            "time": "15-3-20 08:33"
        },
        {
            "comment id": 12,
            "parent": -1,
            "children": [],
            "user id": "1688854263",
            "user name": "爱做甜品的浩哥xh",
            "content": "回复@型哥1980:370亿",
            "time": "15-3-20 06:49"
        },
        {
            "comment id": 13,
            "parent": -1,
            "children": [],
            "user id": "1688854263",
            "user name": "爱做甜品的浩哥xh",
            "content": "回复@型哥1980:那你自己算下，东台370万，盐城还有哪个超300万的。",
            "time": "15-3-20 06:49"
        },
        {
            "comment id": 14,
            "parent": -1,
            "children": [],
            "user id": "1046046032",
            "user name": "斑驳的记忆yc",
            "content": "回复@祥浩xh:GDP就是总量，就是说明经济水平的数据",
            "time": "15-3-20 06:24"
        },
        {
            "comment id": 15,
            "parent": -1,
            "children": [],
            "user id": "1688854263",
            "user name": "爱做甜品的浩哥xh",
            "content": "回复@型哥1980:看总量，看那玩意市区的永远都自以为是。",
            "time": "15-3-19 11:15"
        },
        {
            "comment id": 16,
            "parent": -1,
            "children": [],
            "user id": "1046046032",
            "user name": "斑驳的记忆yc",
            "content": "回复@祥浩xh:是啊，自己去看14年、13年GDP",
            "time": "15-3-19 10:52"
        },
        {
            "comment id": 17,
            "parent": -1,
            "children": [],
            "user id": "1688854263",
            "user name": "爱做甜品的浩哥xh",
            "content": "回复@型哥1980:呵呵呵呵自己去查总产值",
            "time": "15-3-19 10:51"
        },
        {
            "comment id": 18,
            "parent": -1,
            "children": [],
            "user id": "1046046032",
            "user name": "斑驳的记忆yc",
            "content": "回复@祥浩xh:老兄你说错了，大丰东台加起来差不多大道盐城市区的水平，可能稍微差一点，远远达不到整个盐城市的一半，你们东台穷逼自我感觉太良好了吧",
            "time": "15-3-19 10:44"
        },
        {
            "comment id": 19,
            "parent": -1,
            "children": [],
            "user id": "2885413652",
            "user name": "十六的宝贝喵",
            "content": "回复@张家的喵星人:如果你闲的实在无聊，何不把评论里说东台不好都回复一遍呢，光和我说就能改变现在外人误认为东台就属于盐城的事实吗？就能制止那些比我更厉声厉色评剖东台的过路人吗？你要无聊自个儿无聊去吧，不奉陪，别再像苍蝇一样让人厌烦，彰显你那狭隘的大民族主义！",
            "time": "15-3-14 15:39"
        },
        {
            "comment id": 20,
            "parent": -1,
            "children": [],
            "user id": "2885413652",
            "user name": "十六的宝贝喵",
            "content": "回复@张家的喵星人:没兴趣搞懂你们东台的鸟事，我发表观点评论盐城关你什事，看不过眼就请闭眼，至于你想不想独立更与我无关，我站在我的角度评论哪里来不懂装懂？难不成你站在自身角度评论一件事，别人认为有错你也不就是不懂装懂？中国文化源远流长，你又懂得多少？呵呵，孤陋寡闻送还给你！",
            "time": "15-3-14 15:30"
        },
        {
            "comment id": 21,
            "parent": -1,
            "children": [],
            "user id": "1963135664",
            "user name": "一只大橘橘鸭",
            "content": "回复@M窝的小泠希:不懂就要搞懂，否则就不要乱说。不懂却非要装懂，那不是孤陋寡闻是什么？你说我们东台想要独立，这和香港那些激进分子是否是不谋而合呢？",
            "time": "15-3-14 11:07"
        },
        {
            "comment id": 22,
            "parent": -1,
            "children": [],
            "user id": "1963135664",
            "user name": "一只大橘橘鸭",
            "content": "回复@M窝的小泠希:人云亦云，谣言置于智者",
            "time": "15-3-14 11:02"
        },
        {
            "comment id": 23,
            "parent": -1,
            "children": [],
            "user id": "3393363240",
            "user name": "肉感天地",
            "content": "可以报警了",
            "time": "15-3-14 08:03"
        },
        {
            "comment id": 24,
            "parent": -1,
            "children": [],
            "user id": "5512663368",
            "user name": "此生有你足矣空荡荡_764",
            "content": "回复@Fan姝婷:难到不是你爸操你妈才有你的吗？",
            "time": "15-3-13 17:47"
        },
        {
            "comment id": 25,
            "parent": -1,
            "children": [],
            "user id": "2885413652",
            "user name": "十六的宝贝喵",
            "content": "回复@Money哩哩:我大丰关心你东台什么事哦，我要关心的也是盐城好不，你了解自家事，那你了解别的么，大丰射阳。。。还不是一样孤陋寡闻，别再半斤笑八两，把自己也亮出来一个模样[挖鼻屎]有什么资本说人额",
            "time": "15-3-13 17:35"
        },
        {
            "comment id": 26,
            "parent": -1,
            "children": [],
            "user id": "2885413652",
            "user name": "十六的宝贝喵",
            "content": "回复@张家的喵星人:呵呵，每个人总有不了解的地方吧，难不成抓住你一个不懂的地方就要讽刺孤陋寡闻还是你没文化真可怕？我又并非东台人，难不成还要关心它祖宗八代？我只不过看到盐城身边事发表自己观点而已，是对是错你可以纠正，我也会接受，但是莫要再无文化地无创新地一味抄袭别人的话语“没文化真可怕，说你呢”",
            "time": "15-3-13 17:23"
        },
        {
            "comment id": 27,
            "parent": -1,
            "children": [],
            "user id": "2084765751",
            "user name": "小维尼-Winnie",
            "content": "回复@灬香蕉叔叔:我又没指这个",
            "time": "15-3-13 15:44"
        },
        {
            "comment id": 28,
            "parent": -1,
            "children": [],
            "user id": "5461841581",
            "user name": "卡哇伊的蒙奇奇mww",
            "content": "我在外面从来都不好意思讲自己是盐城人，我都直接说我是东台的",
            "time": "15-3-13 13:30"
        },
        {
            "comment id": 29,
            "parent": -1,
            "children": [],
            "user id": "5528944843",
            "user name": "用户5528944843",
            "content": "蛮抽象你@杨子晚报",
            "time": "15-3-13 12:17"
        },
        {
            "comment id": 30,
            "parent": -1,
            "children": [],
            "user id": "2741403967",
            "user name": "一颗暴躁的桃桃子",
            "content": "回复@孙鹏孙鹏_欣怡欣怡:怎么办！我们被偷拍了！",
            "time": "15-3-13 07:52"
        },
        {
            "comment id": 31,
            "parent": -1,
            "children": [],
            "user id": "3738610473",
            "user name": "superkeaine",
            "content": "回复@艾比铅笔:东台人民欢迎你到东台看看经济实力",
            "time": "15-3-12 23:14"
        },
        {
            "comment id": 32,
            "parent": -1,
            "children": [],
            "user id": "5529849243",
            "user name": "辛苦人3_541",
            "content": "人要有事做！没事要找事做！找不到事就惹事！一惹事就生非？",
            "time": "15-3-12 20:26"
        },
        {
            "comment id": 33,
            "parent": -1,
            "children": [],
            "user id": "2961754240",
            "user name": "茅山丑和尚",
            "content": "回复@M窝的小泠希:所以就可以随便谣言咯？",
            "time": "15-3-12 19:52"
        },
        {
            "comment id": 34,
            "parent": -1,
            "children": [],
            "user id": "2961754240",
            "user name": "茅山丑和尚",
            "content": "顶个虚假头条连删都不删，这脸呢？@幸福东台    东叔，是我我忍不了。",
            "time": "15-3-12 19:49"
        },
        {
            "comment id": 35,
            "parent": -1,
            "children": [],
            "user id": "2345708751",
            "user name": "dtltlgo",
            "content": "别以为我们一直被打压习惯了，关键时刻我们东台人还是能反抗的",
            "time": "15-3-12 19:37"
        },
        {
            "comment id": 36,
            "parent": -1,
            "children": [],
            "user id": "2946295287",
            "user name": "艾比铅笔",
            "content": "回复@南城沐歌-臧莉:还需不需要独立，只能看事实说话，事实东台就是盐城的，独立与否，又有何意义，难不成东台不是盐城的？看来我真是孤陋寡闻了，呵呵",
            "time": "15-3-12 16:50"
        },
        {
            "comment id": 37,
            "parent": -1,
            "children": [],
            "user id": "5261646282",
            "user name": "刘小雅哟",
            "content": "没有必要这样说，你怎么就能证明是东台的了，把名字爆出来啊，",
            "time": "15-3-12 15:59"
        },
        {
            "comment id": 38,
            "parent": -1,
            "children": [],
            "user id": "2622476313",
            "user name": "JHFUPPKGFDMKGGTI1iITR",
            "content": "你这个傻逼终于靠造谣火了一把",
            "time": "15-3-12 15:29"
        },
        {
            "comment id": 39,
            "parent": -1,
            "children": [],
            "user id": "3387097482",
            "user name": "三斤ll",
            "content": "回复@井然超界:底下说回去问爷爷奶奶盐城是不是靠东台供血发展起来的我非常赞同啊 哈哈",
            "time": "15-3-12 15:18"
        },
        {
            "comment id": 40,
            "parent": -1,
            "children": [],
            "user id": "1688854263",
            "user name": "爱做甜品的浩哥xh",
            "content": "不要黑啦，我是东台人，东台就是盐城的。好歹盐城也是三线城市。一个盐城顶三个安徽地级市呢，一个东台顶一个安徽地级市，这是事实。东台大丰两个县级市的经济产值达到整个盐城的一半。全国百强县东台40多名大丰50多名，这也许是优越感的存在，不过北边的县发展也很快，比如建湖最近也近全国百强了。",
            "time": "15-3-12 15:14"
        },
        {
            "comment id": 41,
            "parent": -1,
            "children": [],
            "user id": "3829747433",
            "user name": "陆璐露丫",
            "content": "东台也真是够了！盐城让你丢人了还咋的！",
            "time": "15-3-12 15:06"
        },
        {
            "comment id": 42,
            "parent": -1,
            "children": [],
            "user id": "1811583035",
            "user name": "走过你来时嘚路",
            "content": "回复@小维尼-Winnie:在宾馆里放摄像头就能证明发展的快？好吧，你赢了！",
            "time": "15-3-12 14:51"
        },
        {
            "comment id": 43,
            "parent": -1,
            "children": [],
            "user id": "5447660791",
            "user name": "何以解忧唯有暴富啊",
            "content": "回复@旖旎一米烟雨:我也是大丰的",
            "time": "15-3-12 14:51"
        },
        {
            "comment id": 44,
            "parent": -1,
            "children": [],
            "user id": "2262915787",
            "user name": "李-million",
            "content": "回复@爱谢倩呀:没去过不怕",
            "time": "15-3-12 14:50"
        },
        {
            "comment id": 45,
            "parent": -1,
            "children": [],
            "user id": "2622476313",
            "user name": "JHFUPPKGFDMKGGTI1iITR",
            "content": "反正要升地级市了 黑就黑吧[噢耶]",
            "time": "15-3-12 14:50"
        },
        {
            "comment id": 46,
            "parent": -1,
            "children": [],
            "user id": "5281904153",
            "user name": "彭羊羊丫",
            "content": "我特么就不懂了，哪儿来的优越感？东台的车牌不是苏J？东台的区号不是0515？盐城就是靠你东台发展起来的？我丹顶鹤保护区是你东台的？我麋鹿保护区是你东台的？我麻油大糕是你东台的？我五醍浆是你东台的？整天拿发展好说事，港澳台发展的再好也特么永远是中国的！",
            "time": "15-3-12 14:47"
        },
        {
            "comment id": 47,
            "parent": -1,
            "children": [],
            "user id": "2128461633",
            "user name": "MissesCherish",
            "content": "回复@芒果有点甜6:在那没住过 哈哈",
            "time": "15-3-12 14:43"
        },
        {
            "comment id": 48,
            "parent": -1,
            "children": [],
            "user id": "3210949803",
            "user name": "吃鳗鱼的阿獭",
            "content": "po主你个萌萌，你这是要让人撕逼么？",
            "time": "15-3-12 14:37"
        },
        {
            "comment id": 49,
            "parent": -1,
            "children": [],
            "user id": "5269485838",
            "user name": "坐等红杏出墙来找我",
            "content": "回复@南城沐歌-臧莉:这是你觉着的不是东台人觉着",
            "time": "15-3-12 14:27"
        },
        {
            "comment id": 50,
            "parent": -1,
            "children": [],
            "user id": "5040971603",
            "user name": "lemon--pomelo",
            "content": "回复@那抹灰m:还真没去过，真是老在火车上听到盐城过来的人说东台好，",
            "time": "15-3-12 14:21"
        },
        {
            "comment id": 51,
            "parent": -1,
            "children": [],
            "user id": "5040971603",
            "user name": "lemon--pomelo",
            "content": "回复@艾比铅笔:我只想说呵呵。",
            "time": "15-3-12 14:16"
        },
        {
            "comment id": 52,
            "parent": -1,
            "children": [],
            "user id": "5221826671",
            "user name": "fly东台老男人",
            "content": "回复@那抹灰m:你先问问你的爷爷奶奶，或许你爸爸也知道些",
            "time": "15-3-12 14:16"
        },
        {
            "comment id": 53,
            "parent": -1,
            "children": [],
            "user id": "5221826671",
            "user name": "fly东台老男人",
            "content": "回复@手浪用户2590524363:自己去查这方面的资料，不想多解释多少",
            "time": "15-3-12 14:15"
        },
        {
            "comment id": 54,
            "parent": -1,
            "children": [],
            "user id": "5537665383",
            "user name": "盐城市晟远杭州叉车",
            "content": "对的    有本事你把宾馆名报出来啊    你不说就是有假",
            "time": "15-3-12 14:13"
        },
        {
            "comment id": 55,
            "parent": -1,
            "children": [],
            "user id": "3412936560",
            "user name": "NotYour_Lynn",
            "content": "回复@酱油牙黑:哈哈哈哈服",
            "time": "15-3-12 14:11"
        },
        {
            "comment id": 56,
            "parent": -1,
            "children": [],
            "user id": "2878505302",
            "user name": "hmskr",
            "content": "表示不开房不干猥琐的事，管它有没有针孔",
            "time": "15-3-12 14:08"
        },
        {
            "comment id": 57,
            "parent": -1,
            "children": [],
            "user id": "5346199960",
            "user name": "鳗鳗鳗鱼啊",
            "content": "不就是一个不知道是不是真的东西发表在儿 有必要上他的当在这破坏吗 真受不了",
            "time": "15-3-12 13:58"
        },
        {
            "comment id": 58,
            "parent": -1,
            "children": [],
            "user id": "3738610473",
            "user name": "superkeaine",
            "content": "回复@艾比铅笔:亲，是该说你孤陋寡闻还是该说你是没文化真可怕！东台早在在2012年就成为江苏江北唯一单独的县级市，所以说东台他本身就是个市也是县，那么问题来了东台需要如你所说需要独立成市吗？",
            "time": "15-3-12 13:49"
        },
        {
            "comment id": 59,
            "parent": -1,
            "children": [],
            "user id": "3738610473",
            "user name": "superkeaine",
            "content": "回复@M窝的小泠希:东台跟大丰不一样，本来盐城也只是代管而已，东台不承认很正常。",
            "time": "15-3-12 13:47"
        },
        {
            "comment id": 60,
            "parent": -1,
            "children": [],
            "user id": "3738610473",
            "user name": "superkeaine",
            "content": "回复@坐等红杏出墙来找我:东台人还觉得泰州兴化附近都应该是东台的呢",
            "time": "15-3-12 13:45"
        },
        {
            "comment id": 61,
            "parent": -1,
            "children": [],
            "user id": "3175413457",
            "user name": "Chen_71",
            "content": "我那个糙！！妈蛋！！关门！！！！@CHARM-ZHUWOKUAILE @纯齿凉凉薄荷糖 @MUZILI_AG @小小小毛驴i ",
            "time": "15-3-12 13:45"
        },
        {
            "comment id": 62,
            "parent": -1,
            "children": [],
            "user id": "3741035531",
            "user name": "噗通噗通Smile",
            "content": "这么黑东台？东台和你有多大深仇大恨呐，东台官方微博已经辟谣了，说的客气一点，请把这条微博删掉～～～@盐城头条资讯",
            "time": "15-3-12 13:41"
        },
        {
            "comment id": 63,
            "parent": -1,
            "children": [],
            "user id": "2612948831",
            "user name": "Ada_颖儿5999",
            "content": "@Jack_giya",
            "time": "15-3-12 13:37"
        },
        {
            "comment id": 64,
            "parent": -1,
            "children": [],
            "user id": "1736782425",
            "user name": "甜菜泡米饭",
            "content": "笑看一群只会吹口水的煞笔们发扬东台",
            "time": "15-3-12 13:36"
        },
        {
            "comment id": 65,
            "parent": -1,
            "children": [],
            "user id": "2134711923",
            "user name": "风织雨烟",
            "content": "台湾搞台独，你们搞东台独，有意思？",
            "time": "15-3-12 13:35"
        },
        {
            "comment id": 66,
            "parent": -1,
            "children": [],
            "user id": "1827827010",
            "user name": "抽屉里的电影票__",
            "content": "呆逼头条//@幸福东台：回复@宇雨瑜:感谢提醒，直接复制官方辟谣链接微博正文 进行举报。共同打击网络谣言。",
            "time": "15-3-12 13:29"
        },
        {
            "comment id": 67,
            "parent": -1,
            "children": [],
            "user id": "2882328770",
            "user name": "井然超界",
            "content": "回复@M窝的小泠希:87年国务院将东台划为县级市并且由江苏省直辖，后来江苏不知道处于什么理由，让盐城代管东台。所以说，无论省管县与否，东台严格来说不属盐城，而是省直辖的县级市。希望其他盐城人要纠正这个思想，东台不是盐城下属县，它和建湖射阳等县的情况不同。",
            "time": "15-3-12 13:26"
        },
        {
            "comment id": 68,
            "parent": -1,
            "children": [],
            "user id": "3387097482",
            "user name": "三斤ll",
            "content": "回复@fly东台老男人:对",
            "time": "15-3-12 13:19"
        },
        {
            "comment id": 69,
            "parent": -1,
            "children": [],
            "user id": "5198766924",
            "user name": "乔木丢了夏木",
            "content": "我在一边看热闹。😂",
            "time": "15-3-12 13:18"
        },
        {
            "comment id": 70,
            "parent": -1,
            "children": [],
            "user id": "2882328770",
            "user name": "井然超界",
            "content": "回复@Money哩哩:顶👆",
            "time": "15-3-12 13:18"
        },
        {
            "comment id": 71,
            "parent": -1,
            "children": [],
            "user id": "2172460647",
            "user name": "爱谢倩呀",
            "content": "@Samx_Lee",
            "time": "15-3-12 13:17"
        },
        {
            "comment id": 72,
            "parent": -1,
            "children": [],
            "user id": "3387097482",
            "user name": "三斤ll",
            "content": "回复@M窝的小泠希:只能说明你孤陋寡闻",
            "time": "15-3-12 13:17"
        },
        {
            "comment id": 73,
            "parent": -1,
            "children": [],
            "user id": "2839076501",
            "user name": "BonBonSun_",
            "content": "@Oba_Jun_",
            "time": "15-3-12 13:17"
        },
        {
            "comment id": 74,
            "parent": -1,
            "children": [],
            "user id": "2172460647",
            "user name": "爱谢倩呀",
            "content": "@amx_Lee",
            "time": "15-3-12 13:17"
        },
        {
            "comment id": 75,
            "parent": -1,
            "children": [],
            "user id": "2615137334",
            "user name": "不万能青年96",
            "content": "我只知道我是东台的   身份证上是江苏省东台市  。",
            "time": "15-3-12 13:14"
        },
        {
            "comment id": 76,
            "parent": -1,
            "children": [],
            "user id": "3387097482",
            "user name": "三斤ll",
            "content": "回复@M窝的小泠希:本来就是东台市 ",
            "time": "15-3-12 13:14"
        },
        {
            "comment id": 77,
            "parent": -1,
            "children": [],
            "user id": "1965829005",
            "user name": "蓝歆吟",
            "content": "盐城市区就是靠东台发展起的，东台的财政收入都用在了盐城市内的发展上，管文蔚任省长时就曾向中央提议设东台市为省辖市，结果被盐城市当时的一帮当政者否决。",
            "time": "15-3-12 13:11"
        },
        {
            "comment id": 78,
            "parent": -1,
            "children": [],
            "user id": "5386845094",
            "user name": "blgzw7",
            "content": "卧槽你大爷 有本事说是哪家啊",
            "time": "15-3-12 13:10"
        },
        {
            "comment id": 79,
            "parent": -1,
            "children": [],
            "user id": "3860195968",
            "user name": "大Lqqian",
            "content": "快说出来呀，哪家宾馆，以后绝逼不去",
            "time": "15-3-12 13:08"
        }
    ]
}