{
    "source": {
        "content": "如果见到这两个人请立即报警，专业的拐卖儿童犯罪嫌疑人，还未抓获！ ",
        "time": "15-4-12 20:57",
        "user id": "1280289893",
        "tweet id": "CcY5ZyRWL",
        "label": 1,
        "theme": "社会生活"
    },
    "comment": [
        {
            "comment id": 0,
            "parent": -1,
            "children": [],
            "user id": "1912396451",
            "user name": "一份心跳",
            "content": "那你报警啊",
            "time": "15-4-14 16:04"
        },
        {
            "comment id": 1,
            "parent": -1,
            "children": [],
            "user id": "5343021663",
            "user name": "笑嘻嘻的小灵儿",
            "content": "抓到一定要严惩...",
            "time": "15-4-14 10:19"
        },
        {
            "comment id": 2,
            "parent": -1,
            "children": [],
            "user id": "2528821844",
            "user name": "龚大奔DaBen",
            "content": "",
            "time": "15-4-13 18:29"
        },
        {
            "comment id": 3,
            "parent": -1,
            "children": [],
            "user id": "3100858577",
            "user name": "真爱是真的",
            "content": "抓",
            "time": "15-4-13 11:35"
        },
        {
            "comment id": 4,
            "parent": -1,
            "children": [],
            "user id": "2266891342",
            "user name": "记录感恩每一天",
            "content": "人贩子抓到就应该毙了！//@勤于思考的狼: //@愚者V5: //@强哥不是光头__2013:转发微博",
            "time": "15-4-13 10:39"
        },
        {
            "comment id": 5,
            "parent": -1,
            "children": [],
            "user id": "1929988650",
            "user name": "yakieme",
            "content": "这个是谣言啦老师",
            "time": "15-4-13 10:21"
        },
        {
            "comment id": 6,
            "parent": -1,
            "children": [],
            "user id": "1349636717",
            "user name": "老李卖干果",
            "content": "//@nicknameav: 转发微博",
            "time": "15-4-13 08:35"
        },
        {
            "comment id": 7,
            "parent": -1,
            "children": [],
            "user id": "2671487851",
            "user name": "蓝混沌",
            "content": "谣言",
            "time": "15-4-13 00:18"
        },
        {
            "comment id": 8,
            "parent": -1,
            "children": [],
            "user id": "1760294773",
            "user name": "LG时光漫步",
            "content": "转",
            "time": "15-4-12 22:43"
        },
        {
            "comment id": 9,
            "parent": -1,
            "children": [],
            "user id": "1977132027",
            "user name": "巴蜀怪人",
            "content": "人贩子祸害了多少家庭？！//@詹淑娟: //@特许连锁李维华://@后羿之颠VV://@愚者V5: //@强哥不是光头__2013:转发微博",
            "time": "15-4-12 22:15"
        },
        {
            "comment id": 10,
            "parent": -1,
            "children": [],
            "user id": "1778581531",
            "user name": "蓝月谷果",
            "content": "人贩子最该死",
            "time": "15-4-12 22:13"
        },
        {
            "comment id": 11,
            "parent": -1,
            "children": [],
            "user id": "1306774654",
            "user name": "w明心",
            "content": "//@特许连锁李维华: //@后羿之颠VV://@愚者V5: //@强哥不是光头__2013:转发微博",
            "time": "15-4-12 22:00"
        },
        {
            "comment id": 12,
            "parent": -1,
            "children": [],
            "user id": "1911187345",
            "user name": "后羿之颠VV",
            "content": "//@愚者V5: //@强哥不是光头__2013:转发微博",
            "time": "15-4-12 21:21"
        },
        {
            "comment id": 13,
            "parent": -1,
            "children": [],
            "user id": "2432112204",
            "user name": "NAnMenWaiChenchen",
            "content": "长得就不是什么好吊",
            "time": "15-4-12 21:10"
        },
        {
            "comment id": 14,
            "parent": -1,
            "children": [],
            "user id": "2966558454",
            "user name": "风-从山里来",
            "content": "这种消息最好还是由权威部门发布，你别好心办了坏事[呵呵]",
            "time": "15-4-12 21:09"
        },
        {
            "comment id": 15,
            "parent": -1,
            "children": [],
            "user id": "2214494915",
            "user name": "上党人士",
            "content": "@陈士渠 ",
            "time": "15-4-12 21:09"
        },
        {
            "comment id": 16,
            "parent": -1,
            "children": [],
            "user id": "1866951527",
            "user name": "阿哲S007爱",
            "content": "我不会报警的，我会直接教训她们",
            "time": "15-4-12 21:08"
        },
        {
            "comment id": 17,
            "parent": -1,
            "children": [],
            "user id": "1966477673",
            "user name": "那就这样吧9399",
            "content": "别傻了行吗，前年的事呢，都不是去年的事，你还玩呢2015年了，假新闻",
            "time": "15-4-12 21:06"
        },
        {
            "comment id": 18,
            "parent": -1,
            "children": [],
            "user id": "2622554123",
            "user name": "孙钥洋备用号",
            "content": "@邓飞 @作业本 @白百何",
            "time": "15-4-12 21:03"
        },
        {
            "comment id": 19,
            "parent": -1,
            "children": [],
            "user id": "2681769557",
            "user name": "舒阳暖通",
            "content": "能否介绍详细一些？比如口音籍贯，具体事件或公安认定书等。",
            "time": "15-4-12 21:03"
        },
        {
            "comment id": 20,
            "parent": -1,
            "children": [],
            "user id": "1487446657",
            "user name": "我是传奇601",
            "content": "转",
            "time": "15-4-12 21:00"
        },
        {
            "comment id": 21,
            "parent": -1,
            "children": [],
            "user id": "1654848767",
            "user name": "李韶阳",
            "content": "QQ空间里流传很久了",
            "time": "15-4-12 20:59"
        }
    ]
}