{
    "source": {
        "content": "4月10日凌晨3点14分，河南龙宇能源股份有限公司永城市陈四楼煤矿北翼12采区发生煤与瓦斯突出事故。此次事当班工人说，事故死亡人说已经超过十人，一人获救，获救者向外泄露了死亡人数的实情已被警方控制，愿逝者安息，能得到应有的公道， ",
        "time": "15-4-13 01:28",
        "user id": "3199288030",
        "tweet id": "CcZRSrnJx",
        "label": 1,
        "theme": "社会生活"
    },
    "comment": [
        {
            "comment id": 0,
            "parent": -1,
            "children": [],
            "user id": "1634392297",
            "user name": "微6666666",
            "content": "真实的死亡人数永远是个迷",
            "time": "15-4-13 07:52"
        },
        {
            "comment id": 1,
            "parent": -1,
            "children": [],
            "user id": "1634392297",
            "user name": "微6666666",
            "content": "都这么多天了才报道，说明什么原因",
            "time": "15-4-13 07:51"
        },
        {
            "comment id": 2,
            "parent": -1,
            "children": [],
            "user id": "1937165690",
            "user name": "-高级黑-",
            "content": "典型的中国特色，共产禽兽们罄竹难书！",
            "time": "15-4-13 07:31"
        },
        {
            "comment id": 3,
            "parent": -1,
            "children": [],
            "user id": "2486205221",
            "user name": "ALINLIN林林",
            "content": "深夜看到这条新闻！逝者安息🙏🙏🙏🙏🙏",
            "time": "15-4-13 03:31"
        },
        {
            "comment id": 4,
            "parent": -1,
            "children": [],
            "user id": "5506625445",
            "user name": "ame13914",
            "content": "",
            "time": "15-4-13 02:58"
        },
        {
            "comment id": 5,
            "parent": -1,
            "children": [],
            "user id": "2506628907",
            "user name": "哎呦不错有限公司",
            "content": "转发微博",
            "time": "15-4-13 02:52"
        },
        {
            "comment id": 6,
            "parent": -1,
            "children": [],
            "user id": "1942866683",
            "user name": "这个世界我一直爱着它",
            "content": "",
            "time": "15-4-13 02:51"
        },
        {
            "comment id": 7,
            "parent": -1,
            "children": [],
            "user id": "2257250041",
            "user name": "巴啦啦小魔仙周阴婷",
            "content": "",
            "time": "15-4-13 02:32"
        }
    ]
}