{
    "source": {
        "content": "急找孩子，求转，求帮忙 2015.04.16  实验小学 有线索酬金10万 帮忙扩散，今天上午一个三岁多小女孩在锦绣花园小区附近被人拐走了，小女孩能说出她爸爸的手机号码 从监控上看是被一个四十多岁男人抱走了现大人都急疯了 有知情者请告之 万分感谢 ，联系人宁继春13940292999 骇河街 ",
        "time": "15-4-17 11:56",
        "user id": "3199758553",
        "tweet id": "CdFGLDys5",
        "label": 1,
        "theme": "社会生活"
    },
    "comment": [
        {
            "comment id": 0,
            "parent": -1,
            "children": [],
            "user id": "3199758553",
            "user name": "烧饼佛龙与熊猫",
            "content": "回复@花自漂零的天空:看到类似新闻消息，没想太多，总觉得是举手之劳，我真是没想到骗子又这么多～～还是要谢谢您",
            "time": "15-4-17 23:55"
        },
        {
            "comment id": 1,
            "parent": -1,
            "children": [],
            "user id": "2805765994",
            "user name": "谣场现形记",
            "content": "回复@花子君10:举报，是为了及时阻止谣言的散播，否则可能会以无法控制的速度蔓延。我想这也是你不希望看到的结果吧？另外，在未经证实的前提下，就冒然发布。你觉得这是否合适？",
            "time": "15-4-17 23:52"
        },
        {
            "comment id": 2,
            "parent": -1,
            "children": [],
            "user id": "3199758553",
            "user name": "烧饼佛龙与熊猫",
            "content": "回复@花自漂零的天空:其实我也想做类似的公益活动，去年开始抽空去给老人们义工剪发，只是网上这方面我不是太了解真假，毕竟时间有限，没法去证实……可是被您举报心里有点……",
            "time": "15-4-17 23:47"
        },
        {
            "comment id": 3,
            "parent": -1,
            "children": [],
            "user id": "2805765994",
            "user name": "谣场现形记",
            "content": "回复@花子君10:谢谢你对我的关注。同类（系列、变种）的谣言在我的微博里有很多，相信在看了之后，你会有新的认识的。呵呵。。。",
            "time": "15-4-17 23:42"
        },
        {
            "comment id": 4,
            "parent": -1,
            "children": [],
            "user id": "3199758553",
            "user name": "烧饼佛龙与熊猫",
            "content": "回复@花自漂零的天空:真的，这不是谣言，请相信我",
            "time": "15-4-17 23:33"
        },
        {
            "comment id": 5,
            "parent": -1,
            "children": [],
            "user id": "3199758553",
            "user name": "烧饼佛龙与熊猫",
            "content": "回复@花自漂零的天空:这个事情是真的，小女孩现在都没找到，已经失踪三四天啦！我不知道电话号码会出差错",
            "time": "15-4-17 23:32"
        },
        {
            "comment id": 6,
            "parent": -1,
            "children": [],
            "user id": "2805765994",
            "user name": "谣场现形记",
            "content": "回复@花子君10:看你真是一个可怜的人。宁继春确有其人，他是辽宁省凤城市香元日用品厂的销售部经理，手机号码也是辽宁的。这个假消息全国各地都有，已被辟谣了无数次了。如果你认为是真实的，请拿出确凿的证据来，千万别说是听来的。",
            "time": "15-4-17 23:27"
        },
        {
            "comment id": 7,
            "parent": -1,
            "children": [],
            "user id": "3199758553",
            "user name": "烧饼佛龙与熊猫",
            "content": "回复@诚幽:你好，可能是网友误解，我是德州禹城的，这个事情是真实的，我曾经就读于禹城实验小学，确实有孩子丢失，他的老师也就是我的班主任，亲口证实，我才自主发的帖是真的",
            "time": "15-4-17 23:21"
        },
        {
            "comment id": 8,
            "parent": -1,
            "children": [],
            "user id": "3199758553",
            "user name": "烧饼佛龙与熊猫",
            "content": "回复@花自漂零的天空:你好，我是德州禹城的，这个事情是真实的，我曾经就读于禹城实验小学，确实有孩子丢失，他的老师也就是我的班主任，亲口证实，我才自主发的帖是真的",
            "time": "15-4-17 23:19"
        },
        {
            "comment id": 9,
            "parent": -1,
            "children": [],
            "user id": "1955106054",
            "user name": "诚幽",
            "content": "回复@花子君10:被人指出是假消息",
            "time": "15-4-17 13:14"
        },
        {
            "comment id": 10,
            "parent": -1,
            "children": [],
            "user id": "2805765994",
            "user name": "谣场现形记",
            "content": "你受骗上当了，这是虚假消息！请看辟谣网址（微博正文）。尽快删除帖子，因为已被举报。",
            "time": "15-4-17 12:13"
        },
        {
            "comment id": 11,
            "parent": -1,
            "children": [],
            "user id": "3199758553",
            "user name": "烧饼佛龙与熊猫",
            "content": "回复@诚幽:谢谢，好人好报",
            "time": "15-4-17 11:59"
        },
        {
            "comment id": 12,
            "parent": -1,
            "children": [],
            "user id": "1955106054",
            "user name": "诚幽",
            "content": "帮转",
            "time": "15-4-17 11:57"
        }
    ]
}