{
    "source": {
        "content": "【河南：疑\"小三\"被多名女子当街扒衣 】据禹州吧网友“子弹砰着球”爆料，4月12日下午6时许，禹州市大同路，一名疑为“小三”的女子被数名女性按倒当街扒裤子。律师张博认为此举太过野蛮，至少已构成治安案件。 ",
        "time": "15-4-15 14:04",
        "user id": "1198220993",
        "tweet id": "CdnFJ6UEZ",
        "label": 1,
        "theme": "社会生活"
    },
    "comment": [
        {
            "comment id": 0,
            "parent": -1,
            "children": [],
            "user id": "1938142377",
            "user name": "奇葩哥气球",
            "content": "不解释了！小三也不好……",
            "time": "15-5-6 10:59"
        },
        {
            "comment id": 1,
            "parent": -1,
            "children": [],
            "user id": "2295866067",
            "user name": "清茶668",
            "content": "你妹的，管好自己男人，关小三什么事，有些人真是脑残",
            "time": "15-4-26 15:04"
        },
        {
            "comment id": 2,
            "parent": -1,
            "children": [],
            "user id": "2653090073",
            "user name": "凌莫名",
            "content": "无言以对这样国度",
            "time": "15-4-20 07:01"
        },
        {
            "comment id": 3,
            "parent": -1,
            "children": [],
            "user id": "2467514310",
            "user name": "武汉爱尚红酒",
            "content": "女人何必为难女人",
            "time": "15-4-17 14:42"
        },
        {
            "comment id": 4,
            "parent": -1,
            "children": [],
            "user id": "3741398113",
            "user name": "是它乡非故乡",
            "content": "不应该这样处理呀！",
            "time": "15-4-17 12:27"
        },
        {
            "comment id": 5,
            "parent": -1,
            "children": [],
            "user id": "2821155664",
            "user name": "fulure",
            "content": "回复@郭金铭义无反顾支持李敏镐的一切:如果真的是小三， 小三不对，原配也是没教养的货",
            "time": "15-4-17 09:54"
        },
        {
            "comment id": 6,
            "parent": -1,
            "children": [],
            "user id": "5553428719",
            "user name": "罗东仔1",
            "content": "回复@Frimwoman_:用错台词了？",
            "time": "15-4-16 14:30"
        },
        {
            "comment id": 7,
            "parent": -1,
            "children": [],
            "user id": "5514471935",
            "user name": "星星的记事本_",
            "content": "那些支持小三的，一般就两种情况，1自己男人 2自己就是小三。说什么错在老公，小三无辜这种屁话的人，等你男人搞了外遇你再说一遍我就敬你是条汉子，否则，滚",
            "time": "15-4-16 14:14"
        },
        {
            "comment id": 8,
            "parent": -1,
            "children": [],
            "user id": "1864035000",
            "user name": "Frimwoman_",
            "content": "回复@罗东仔1:什么鬼，还珍惜",
            "time": "15-4-16 08:32"
        },
        {
            "comment id": 9,
            "parent": -1,
            "children": [],
            "user id": "5553428719",
            "user name": "罗东仔1",
            "content": "回复@Frimwoman_:怎么？当小三不易，且行且珍惜",
            "time": "15-4-16 06:59"
        },
        {
            "comment id": 10,
            "parent": -1,
            "children": [],
            "user id": "2308403123",
            "user name": "憨包那个傻蛋",
            "content": "回复@杨琴在彭于晏的心里:欧哇",
            "time": "15-4-16 00:01"
        },
        {
            "comment id": 11,
            "parent": -1,
            "children": [],
            "user id": "3192127144",
            "user name": "她曾经的梦",
            "content": "禁止传播不实消息！",
            "time": "15-4-15 21:53"
        },
        {
            "comment id": 12,
            "parent": -1,
            "children": [],
            "user id": "1787184943",
            "user name": "我爱看向幸福出发",
            "content": "兄弟不错呀，有见解//@小方师兄:该马赛克脸才是重要的！下面都一样[转发]",
            "time": "15-4-15 18:59"
        },
        {
            "comment id": 13,
            "parent": -1,
            "children": [],
            "user id": "2263578480",
            "user name": "反正我超酷的_",
            "content": "回复@佼佼佼儿:害怕死了，你看最后那个女呢",
            "time": "15-4-15 18:49"
        },
        {
            "comment id": 14,
            "parent": -1,
            "children": [],
            "user id": "2351128440",
            "user name": "光耀黎明",
            "content": "应该是两件事，或许是配图张冠李戴而已//@高立东-刀尖舞者: 2014年10月份的事情，@紫荆报 现在又拿出来炒一次是何意思？ 网页链接 高立东-刀尖舞者: 这是以前的老照片//@中医金刚手: 为什么不扒光自己的老公、打自己的老公，你以为这样就能挽回老公的心吗，傻逼+贱逼！",
            "time": "15-4-15 18:38"
        },
        {
            "comment id": 15,
            "parent": -1,
            "children": [],
            "user id": "2801953704",
            "user name": "直播PZ",
            "content": "一年前的事了，打人者已被判刑。",
            "time": "15-4-15 18:21"
        },
        {
            "comment id": 16,
            "parent": -1,
            "children": [],
            "user id": "1753032962",
            "user name": "拉直板的兔子",
            "content": "活该你老公找小三+1。",
            "time": "15-4-15 18:19"
        },
        {
            "comment id": 17,
            "parent": -1,
            "children": [],
            "user id": "5114783265",
            "user name": "她爱喝酸奶呢",
            "content": "回复@婷婷_糖是甜唇是红谁是奇迹:不跟你说了，",
            "time": "15-4-15 18:09"
        },
        {
            "comment id": 18,
            "parent": -1,
            "children": [],
            "user id": "1556236371",
            "user name": "尾尾猪丫",
            "content": "回复@怕贼惦记:有本事把那男的也扒了阿 一个巴掌拍不响[懒得理你]",
            "time": "15-4-15 17:59"
        },
        {
            "comment id": 19,
            "parent": -1,
            "children": [],
            "user id": "5129573635",
            "user name": "g可乐贩卖机",
            "content": "该马赛克脸才是重要的！下面都一样[转发]",
            "time": "15-4-15 17:59"
        },
        {
            "comment id": 20,
            "parent": -1,
            "children": [],
            "user id": "2671179073",
            "user name": "优佳HR",
            "content": "既然没有爱情，何必强求在一起",
            "time": "15-4-15 17:51"
        },
        {
            "comment id": 21,
            "parent": -1,
            "children": [],
            "user id": "2749863175",
            "user name": "死他",
            "content": "回复@aaaaaajjjgfd:正义不是你标榜的 这种行为侵犯人权 是犯罪行为. 我敢说这种大奶就是没有三儿也不会有好下场的  三儿不是天生喜欢找有妇之夫 男的贱 大奶和三儿也不是好玩意",
            "time": "15-4-15 17:36"
        },
        {
            "comment id": 22,
            "parent": -1,
            "children": [],
            "user id": "1269132841",
            "user name": "老高-刀尖舞者",
            "content": "2014年10月份的事情，@紫荆报 现在又拿出来炒一次是何意思？ 网页链接高立东-刀尖舞者: 这是以前的老照片//@中医金刚手: 为什么不扒光自己的老公、打自己的老公，你以为这样就能挽回老公的心吗，傻逼+贱逼！",
            "time": "15-4-15 17:29"
        },
        {
            "comment id": 23,
            "parent": -1,
            "children": [],
            "user id": "1854852862",
            "user name": "就是驴叫不改",
            "content": "应该把你老公的唧唧割下来才好。",
            "time": "15-4-15 17:27"
        },
        {
            "comment id": 24,
            "parent": -1,
            "children": [],
            "user id": "2637245845",
            "user name": "ZPXlBPlC_TT",
            "content": "回复@爱婷婷婷婷婷婷婷婷:你傻啊，看车牌",
            "time": "15-4-15 17:25"
        },
        {
            "comment id": 25,
            "parent": -1,
            "children": [],
            "user id": "2085867235",
            "user name": "雪在飘8812",
            "content": "回家管你老公去。",
            "time": "15-4-15 17:25"
        },
        {
            "comment id": 26,
            "parent": -1,
            "children": [],
            "user id": "2784227912",
            "user name": "中风患者之家",
            "content": "这样的做法只能是 弄巧成戳 事与愿违 要管住自己男人才是//@中医金刚手: 为什么不扒光自己的老公、打自己的老公，你以为这样就能挽回老公的心吗，傻逼+贱逼！",
            "time": "15-4-15 17:24"
        },
        {
            "comment id": 27,
            "parent": -1,
            "children": [],
            "user id": "1269132841",
            "user name": "老高-刀尖舞者",
            "content": "这是以前的老照片//@中医金刚手: 为什么不扒光自己的老公、打自己的老公，你以为这样就能挽回老公的心吗，傻逼+贱逼！",
            "time": "15-4-15 17:23"
        },
        {
            "comment id": 28,
            "parent": -1,
            "children": [],
            "user id": "5305762916",
            "user name": "黛眉画心",
            "content": "如果我老公出轨，我会教训我老公的，一个巴掌拍不响，他不有那心思，谁勾搭的了",
            "time": "15-4-15 17:16"
        },
        {
            "comment id": 29,
            "parent": -1,
            "children": [],
            "user id": "2205103314",
            "user name": "秋有月",
            "content": "老图了，炒冷饭！",
            "time": "15-4-15 17:11"
        },
        {
            "comment id": 30,
            "parent": -1,
            "children": [],
            "user id": "3671086310",
            "user name": "遛猴子的八戒",
            "content": "多久之前的事了、还在转！我去年年初看到的新闻",
            "time": "15-4-15 17:08"
        },
        {
            "comment id": 31,
            "parent": -1,
            "children": [],
            "user id": "2936036911",
            "user name": "KX_有只汪",
            "content": "回复@ZX_有大眼和可乐:",
            "time": "15-4-15 16:53"
        },
        {
            "comment id": 32,
            "parent": -1,
            "children": [],
            "user id": "3413009220",
            "user name": "草莓VIP定制",
            "content": "后面还有孩子呢，虽然小三是可恶。真是没文化",
            "time": "15-4-15 16:44"
        },
        {
            "comment id": 33,
            "parent": -1,
            "children": [],
            "user id": "1771837041",
            "user name": "-小短腿跑快点-",
            "content": "@懒人不要做-",
            "time": "15-4-15 16:44"
        },
        {
            "comment id": 34,
            "parent": -1,
            "children": [],
            "user id": "1751529285",
            "user name": "创业独角SHOW",
            "content": "请继续，不要打码",
            "time": "15-4-15 16:43"
        },
        {
            "comment id": 35,
            "parent": -1,
            "children": [],
            "user id": "2123733301",
            "user name": "吃米赵先生",
            "content": "看你以后还敢不敢@KX_有只汪",
            "time": "15-4-15 16:41"
        },
        {
            "comment id": 36,
            "parent": -1,
            "children": [],
            "user id": "1778628177",
            "user name": "奶味雪饼x",
            "content": "回复@惜墨99:青島馬路上不會看到這么多自行車和摩托車",
            "time": "15-4-15 16:41"
        },
        {
            "comment id": 37,
            "parent": -1,
            "children": [],
            "user id": "1937684160",
            "user name": "惜墨99",
            "content": "图片好像是拼凑的，也不是禹州的，好像是青岛那边的，有人黑禹州啊！禹州公安应该介入吧？",
            "time": "15-4-15 16:37"
        },
        {
            "comment id": 38,
            "parent": -1,
            "children": [],
            "user id": "2376124664",
            "user name": "土豆被肉肉抓住了",
            "content": "回复@肉肉想土豆:",
            "time": "15-4-15 16:36"
        },
        {
            "comment id": 39,
            "parent": -1,
            "children": [],
            "user id": "3292081204",
            "user name": "今天满月了吗",
            "content": "都把错怪在小三身上对么？也许已婚男子欺骗人家，隐瞒了家室，这样也算她的错？女人何苦难为女人额，男人倒是做的轻巧出轨了就出轨了，看你俩撕，两个人却为了一个渣男争的要死要活。",
            "time": "15-4-15 16:33"
        },
        {
            "comment id": 40,
            "parent": -1,
            "children": [],
            "user id": "1990076475",
            "user name": "Georgina88",
            "content": "野蛮。小三肯定不对，原配也好不到哪里去。都是女人，当街扒光人家，自己就光彩了吗？没有涵养、只会用暴力解决问题的女人根本守护不了自己的婚姻。可怜之人必有可恨之处。",
            "time": "15-4-15 16:31"
        },
        {
            "comment id": 41,
            "parent": -1,
            "children": [],
            "user id": "5147261077",
            "user name": "改名烦死了",
            "content": "好多人说小三毁坏了一个家庭，殊不知是你自己男人不在乎和你这个家庭",
            "time": "15-4-15 16:30"
        },
        {
            "comment id": 42,
            "parent": -1,
            "children": [],
            "user id": "5147261077",
            "user name": "改名烦死了",
            "content": "自己老公问题，怎么不去扒你老公",
            "time": "15-4-15 16:29"
        },
        {
            "comment id": 43,
            "parent": -1,
            "children": [],
            "user id": "5147261077",
            "user name": "改名烦死了",
            "content": "这种女人真的老公不出口都奇怪",
            "time": "15-4-15 16:29"
        },
        {
            "comment id": 44,
            "parent": -1,
            "children": [],
            "user id": "1450502280",
            "user name": "木黏",
            "content": "呢男的还停下电动车回头瞅·····",
            "time": "15-4-15 16:29"
        },
        {
            "comment id": 45,
            "parent": -1,
            "children": [],
            "user id": "3287121492",
            "user name": "肉肉想土豆",
            "content": "回复@我爱土豆儿呀:对啊，说出了我的心声",
            "time": "15-4-15 16:29"
        },
        {
            "comment id": 46,
            "parent": -1,
            "children": [],
            "user id": "3951770611",
            "user name": "Z-imy",
            "content": "一个巴掌拍不响，不全是小三的错。",
            "time": "15-4-15 16:28"
        },
        {
            "comment id": 47,
            "parent": -1,
            "children": [],
            "user id": "2055950623",
            "user name": "丸子哒滴",
            "content": "不作死就不会死",
            "time": "15-4-15 16:28"
        },
        {
            "comment id": 48,
            "parent": -1,
            "children": [],
            "user id": "3270079424",
            "user name": "排骨大教主",
            "content": "哈哈",
            "time": "15-4-15 16:27"
        },
        {
            "comment id": 49,
            "parent": -1,
            "children": [],
            "user id": "5362563238",
            "user name": "用smile面对一切1",
            "content": "扒的好 道德败坏的小三",
            "time": "15-4-15 16:27"
        },
        {
            "comment id": 50,
            "parent": -1,
            "children": [],
            "user id": "5066943018",
            "user name": "小小小木棍",
            "content": "何苦哦，打了三儿还有四儿，五儿，不如把自家男人揍一顿。",
            "time": "15-4-15 16:26"
        },
        {
            "comment id": 51,
            "parent": -1,
            "children": [],
            "user id": "1608107943",
            "user name": "葛昊Edward",
            "content": "呵呵",
            "time": "15-4-15 16:26"
        },
        {
            "comment id": 52,
            "parent": -1,
            "children": [],
            "user id": "2433089301",
            "user name": "泛滥的悲伤",
            "content": "请继续，不要打码",
            "time": "15-4-15 16:26"
        },
        {
            "comment id": 53,
            "parent": -1,
            "children": [],
            "user id": "5177821931",
            "user name": "白沙再无白沙",
            "content": "什么时候的事了。。",
            "time": "15-4-15 16:25"
        },
        {
            "comment id": 54,
            "parent": -1,
            "children": [],
            "user id": "1942444063",
            "user name": "冻GeGe",
            "content": "这是以前的新闻，以前的图，你现在换了个标题。现在是不是什么东西都能当记者？",
            "time": "15-4-15 16:25"
        },
        {
            "comment id": 55,
            "parent": -1,
            "children": [],
            "user id": "5178834014",
            "user name": "张子霞同学",
            "content": "狗男女该死",
            "time": "15-4-15 16:25"
        },
        {
            "comment id": 56,
            "parent": -1,
            "children": [],
            "user id": "1505464710",
            "user name": "马里奥小仙儿",
            "content": "我想知道上法律课时老师讲的公民的人权是不是骗我们的，这些是人吗？",
            "time": "15-4-15 16:25"
        },
        {
            "comment id": 57,
            "parent": -1,
            "children": [],
            "user id": "1937684160",
            "user name": "惜墨99",
            "content": "好恐怖！",
            "time": "15-4-15 16:24"
        },
        {
            "comment id": 58,
            "parent": -1,
            "children": [],
            "user id": "5020403102",
            "user name": "道是有情却无情haha",
            "content": "活该",
            "time": "15-4-15 16:24"
        },
        {
            "comment id": 59,
            "parent": -1,
            "children": [],
            "user id": "2809201063",
            "user name": "划船不用桨hjy",
            "content": "好可怕。。。",
            "time": "15-4-15 16:24"
        },
        {
            "comment id": 60,
            "parent": -1,
            "children": [],
            "user id": "2100810554",
            "user name": "王义山45",
            "content": "没本事管住自己的男人 还有脸在大街上扒人家的衣服",
            "time": "15-4-15 16:24"
        },
        {
            "comment id": 61,
            "parent": -1,
            "children": [],
            "user id": "5444134949",
            "user name": "金中小雅",
            "content": "我擦",
            "time": "15-4-15 16:24"
        },
        {
            "comment id": 62,
            "parent": -1,
            "children": [],
            "user id": "3201467525",
            "user name": "浩荡的浩自然的然",
            "content": "怪男人",
            "time": "15-4-15 16:23"
        },
        {
            "comment id": 63,
            "parent": -1,
            "children": [],
            "user id": "3779518782",
            "user name": "金鲤戏荷塘",
            "content": "老婆愚蠢，男人才坏，主观矛盾不找，客观找原因，悲哀，活该你老公不稀罕你。",
            "time": "15-4-15 16:23"
        },
        {
            "comment id": 64,
            "parent": -1,
            "children": [],
            "user id": "3515144902",
            "user name": "熊猫怪也",
            "content": "小三们，卿本佳人，何必当贼",
            "time": "15-4-15 16:23"
        },
        {
            "comment id": 65,
            "parent": -1,
            "children": [],
            "user id": "2344911230",
            "user name": "荭茶叶",
            "content": "干得漂亮",
            "time": "15-4-15 16:23"
        },
        {
            "comment id": 66,
            "parent": -1,
            "children": [],
            "user id": "5113694959",
            "user name": "以后请叫我九爷",
            "content": "一个巴掌拍不响，贱女人贱男人狗男女！",
            "time": "15-4-15 16:23"
        },
        {
            "comment id": 67,
            "parent": -1,
            "children": [],
            "user id": "2022971435",
            "user name": "用户101908180805",
            "content": "说不出的感觉，自作孽不可活吧！",
            "time": "15-4-15 16:23"
        },
        {
            "comment id": 68,
            "parent": -1,
            "children": [],
            "user id": "5300180214",
            "user name": "我开心就好zs",
            "content": "回复@__Gracechowwwww:@chichibop",
            "time": "15-4-15 16:22"
        },
        {
            "comment id": 69,
            "parent": -1,
            "children": [],
            "user id": "5271497166",
            "user name": "ZUTTER-----",
            "content": "哪有不偷腥的猫  男人都这样",
            "time": "15-4-15 16:22"
        },
        {
            "comment id": 70,
            "parent": -1,
            "children": [],
            "user id": "5516929930",
            "user name": "CiganoJD",
            "content": "多久的新闻了，评论里的人也真是够了，痛快是痛快了，不违法？",
            "time": "15-4-15 16:21"
        },
        {
            "comment id": 71,
            "parent": -1,
            "children": [],
            "user id": "5214348506",
            "user name": "记不得星光而已啦",
            "content": "又是个找小三的男人",
            "time": "15-4-15 16:21"
        },
        {
            "comment id": 72,
            "parent": -1,
            "children": [],
            "user id": "1791259725",
            "user name": "画画的74",
            "content": "可怜之人必有可恨之处。一定足够贱才会有这样的下场！",
            "time": "15-4-15 16:21"
        },
        {
            "comment id": 73,
            "parent": -1,
            "children": [],
            "user id": "2282367382",
            "user name": "大耳朵嘟嘟嘟嘟",
            "content": "小三们，以后外出，多穿点衣服！",
            "time": "15-4-15 16:20"
        },
        {
            "comment id": 74,
            "parent": -1,
            "children": [],
            "user id": "3295255981",
            "user name": "缺氧的鱼3295255981",
            "content": "虽然这样不对，但谁让她破坏别人家庭",
            "time": "15-4-15 16:20"
        },
        {
            "comment id": 75,
            "parent": -1,
            "children": [],
            "user id": "2403410851",
            "user name": "醉梦1000年",
            "content": "你发网上更野蛮",
            "time": "15-4-15 16:20"
        },
        {
            "comment id": 76,
            "parent": -1,
            "children": [],
            "user id": "5310896975",
            "user name": "游空青",
            "content": "为什么很多大V都喜欢把很久以前的图片拿来当最近的事来发博~反射弧也太长了吧~",
            "time": "15-4-15 16:20"
        },
        {
            "comment id": 77,
            "parent": -1,
            "children": [],
            "user id": "3555091807",
            "user name": "Big十Man",
            "content": "一大批圣母来临！",
            "time": "15-4-15 16:19"
        },
        {
            "comment id": 78,
            "parent": -1,
            "children": [],
            "user id": "1742328972",
            "user name": "Samularia",
            "content": "为什么都是骂小三的，骂出轨男的那么少",
            "time": "15-4-15 16:19"
        },
        {
            "comment id": 79,
            "parent": -1,
            "children": [],
            "user id": "3023414775",
            "user name": "清风的microblog",
            "content": "一点都不同情怎么办",
            "time": "15-4-15 16:19"
        }
    ]
}