{
    "source": {
        "content": "WHO权威专家艾尔沃德：中国新冠疫情二次爆发将是大概率事件！ \n个人感觉中国第二次大规模感染概率比较小。 ",
        "time": "20-3-28 19:43",
        "user id": "7390567278",
        "tweet id": "IAJfLFv4k",
        "label": 1,
        "theme": null
    },
    "comment": [
        {
            "comment id": 0,
            "parent": -1,
            "children": [
                1
            ],
            "user id": "7390567278",
            "user name": "大鹰DN",
            "content": "我是驳斥他们，居然被小人举报了。",
            "time": "20-3-29 02:52"
        },
        {
            "comment id": 1,
            "parent": 0,
            "children": [],
            "user id": "1918232390",
            "user name": "太平仙子",
            "content": "怎么操作啊？打开看不出来",
            "time": "20-3-29 09:23"
        },
        {
            "comment id": 2,
            "parent": -1,
            "children": [],
            "user id": "6883589968",
            "user name": "QBQ的危险关系",
            "content": "体制框架现成待机，人员修整待命现成的，物资只多不少，要咋个失控法？",
            "time": "20-3-28 20:52"
        },
        {
            "comment id": 3,
            "parent": -1,
            "children": [],
            "user id": "5642398574",
            "user name": "东海渔夫----",
            "content": "还是要小心",
            "time": "20-3-28 20:48"
        },
        {
            "comment id": 4,
            "parent": -1,
            "children": [],
            "user id": "1758917673",
            "user name": "上雨下田",
            "content": "假的",
            "time": "20-3-28 20:16"
        },
        {
            "comment id": 5,
            "parent": -1,
            "children": [],
            "user id": "6000059086",
            "user name": "只管努力就是了",
            "content": "这有啥举报的，",
            "time": "20-3-29 10:18"
        },
        {
            "comment id": 6,
            "parent": -1,
            "children": [],
            "user id": "1886711702",
            "user name": "_燁_唐風",
            "content": "概率很大，看到4月中旬再说吧,希望我个人判断是错的。",
            "time": "20-3-29 13:49"
        },
        {
            "comment id": 7,
            "parent": -1,
            "children": [],
            "user id": "2916530275",
            "user name": "罗前2916530275",
            "content": "大鹰讲的是概率比较小，应该是正确的。我们整个国家付出巨大牺牲，没有那么容易来第二次。相信国家",
            "time": "20-3-29 09:38"
        },
        {
            "comment id": 8,
            "parent": -1,
            "children": [],
            "user id": "7404348593",
            "user name": "吾爱种花呀",
            "content": "//@大鹰DN:我是驳斥他们，居然被小人举报了。",
            "time": "20-3-29 12:51"
        },
        {
            "comment id": 9,
            "parent": -1,
            "children": [],
            "user id": "6768638118",
            "user name": "战狼赵治国",
            "content": "你是感觉，就像欧美国家之前都觉得自己不会爆发疫情一样。事实是疫苗或特效药出现以前都不能说不会再次爆发。",
            "time": "20-3-29 10:42"
        },
        {
            "comment id": 10,
            "parent": -1,
            "children": [],
            "user id": "6294084573",
            "user name": "横看山峰侧成塔",
            "content": "加分的脑子不够用",
            "time": "20-3-29 09:27"
        },
        {
            "comment id": 11,
            "parent": -1,
            "children": [],
            "user id": "1293209597",
            "user name": "知心当玩偶Larry",
            "content": "未雨绸缪，不要放松",
            "time": "20-3-28 20:21"
        }
    ]
}