{
    "source": {
        "content": "到公园偷土属违法行为，望周知。  ",
        "time": "20-4-10 23:51",
        "user id": "3255330700",
        "tweet id": "ICJqLgHDu",
        "label": 1,
        "theme": null
    },
    "comment": [
        {
            "comment id": 0,
            "parent": -1,
            "children": [
                1
            ],
            "user id": "3199423623",
            "user name": "娱影谈",
            "content": "我又来了",
            "time": "20-4-10 23:53"
        },
        {
            "comment id": 1,
            "parent": 0,
            "children": [],
            "user id": "3255330700",
            "user name": "笑炸天",
            "content": "",
            "time": "20-4-11 00:46"
        },
        {
            "comment id": 2,
            "parent": -1,
            "children": [
                3
            ],
            "user id": "5946193548",
            "user name": "找文案",
            "content": "我不能，也永远不会，对你厌倦。",
            "time": "20-4-10 23:56"
        },
        {
            "comment id": 3,
            "parent": 2,
            "children": [],
            "user id": "3255330700",
            "user name": "笑炸天",
            "content": "",
            "time": "20-4-11 00:44"
        },
        {
            "comment id": 4,
            "parent": -1,
            "children": [
                5
            ],
            "user id": "6028079091",
            "user name": "金渐层布偶猫小墩墩",
            "content": "默默路过，不发言，这就是我的状态",
            "time": "20-4-10 23:59"
        },
        {
            "comment id": 5,
            "parent": 4,
            "children": [],
            "user id": "3255330700",
            "user name": "笑炸天",
            "content": "",
            "time": "20-4-11 00:42"
        },
        {
            "comment id": 6,
            "parent": -1,
            "children": [
                7
            ],
            "user id": "5649170494",
            "user name": "兰州微播",
            "content": "我觉得咱俩应该可以互动的更频繁一些",
            "time": "20-4-10 23:59"
        },
        {
            "comment id": 7,
            "parent": 6,
            "children": [],
            "user id": "3255330700",
            "user name": "笑炸天",
            "content": "",
            "time": "20-4-11 00:42"
        },
        {
            "comment id": 8,
            "parent": -1,
            "children": [
                9
            ],
            "user id": "5706392168",
            "user name": "懿薄云天",
            "content": "",
            "time": "20-4-10 23:55"
        },
        {
            "comment id": 9,
            "parent": 8,
            "children": [],
            "user id": "3255330700",
            "user name": "笑炸天",
            "content": "",
            "time": "20-4-11 00:45"
        },
        {
            "comment id": 10,
            "parent": -1,
            "children": [
                11
            ],
            "user id": "5189718491",
            "user name": "影视剧专场",
            "content": "关注你很久了朋友",
            "time": "20-4-10 23:54"
        },
        {
            "comment id": 11,
            "parent": 10,
            "children": [],
            "user id": "3255330700",
            "user name": "笑炸天",
            "content": "",
            "time": "20-4-11 00:46"
        },
        {
            "comment id": 12,
            "parent": -1,
            "children": [
                13
            ],
            "user id": "6641452095",
            "user name": "寻觅的旅行",
            "content": "今天刷了这么多微博，我认为你的是最优质的。",
            "time": "20-4-10 23:52"
        },
        {
            "comment id": 13,
            "parent": 12,
            "children": [],
            "user id": "3255330700",
            "user name": "笑炸天",
            "content": "",
            "time": "20-4-11 00:47"
        },
        {
            "comment id": 14,
            "parent": -1,
            "children": [
                15
            ],
            "user id": "6211270267",
            "user name": "旅行小小V",
            "content": "来看看",
            "time": "20-4-10 23:52"
        },
        {
            "comment id": 15,
            "parent": 14,
            "children": [],
            "user id": "3255330700",
            "user name": "笑炸天",
            "content": "",
            "time": "20-4-11 00:47"
        },
        {
            "comment id": 16,
            "parent": -1,
            "children": [
                17
            ],
            "user id": "3181558672",
            "user name": "旅行达人赵小雨",
            "content": "暑假首选之地的好地方",
            "time": "20-4-10 23:51"
        },
        {
            "comment id": 17,
            "parent": 16,
            "children": [],
            "user id": "3255330700",
            "user name": "笑炸天",
            "content": "",
            "time": "20-4-11 00:48"
        },
        {
            "comment id": 18,
            "parent": -1,
            "children": [
                19
            ],
            "user id": "2580722395",
            "user name": "私家先生",
            "content": "你的微博里不能少了我祝福",
            "time": "20-4-10 23:51"
        },
        {
            "comment id": 19,
            "parent": 18,
            "children": [],
            "user id": "3255330700",
            "user name": "笑炸天",
            "content": "",
            "time": "20-4-11 00:48"
        },
        {
            "comment id": 20,
            "parent": -1,
            "children": [
                21,
                22,
                23
            ],
            "user id": "2271021902",
            "user name": "草莓恰月亮",
            "content": "望周知，造谣被抓 网页链接",
            "time": "20-4-12 18:44"
        },
        {
            "comment id": 21,
            "parent": 20,
            "children": [],
            "user id": "3255330700",
            "user name": "笑炸天",
            "content": "回复@戴兜兜327:",
            "time": "20-4-13 04:05"
        },
        {
            "comment id": 22,
            "parent": 20,
            "children": [],
            "user id": "5333208818",
            "user name": "隔壁幼儿园干饭第一名",
            "content": "营销号嘛，你懂的",
            "time": "20-4-13 04:05"
        },
        {
            "comment id": 23,
            "parent": 20,
            "children": [],
            "user id": "3255330700",
            "user name": "笑炸天",
            "content": "",
            "time": "20-4-12 22:17"
        },
        {
            "comment id": 24,
            "parent": -1,
            "children": [
                25
            ],
            "user id": "7410603135",
            "user name": "视频搬运工人",
            "content": "春风十里不如你",
            "time": "20-4-12 23:47"
        },
        {
            "comment id": 25,
            "parent": 24,
            "children": [],
            "user id": "3255330700",
            "user name": "笑炸天",
            "content": "",
            "time": "20-4-13 23:25"
        },
        {
            "comment id": 26,
            "parent": -1,
            "children": [
                27,
                28
            ],
            "user id": "3049635322",
            "user name": "_那时正好",
            "content": "我想要第一个赞他的头像",
            "time": "20-4-13 02:35"
        },
        {
            "comment id": 27,
            "parent": 26,
            "children": [],
            "user id": "3255330700",
            "user name": "笑炸天",
            "content": "",
            "time": "20-4-13 02:41"
        },
        {
            "comment id": 28,
            "parent": 26,
            "children": [],
            "user id": "3049635322",
            "user name": "_那时正好",
            "content": "可不可以分享下",
            "time": "20-4-13 02:55"
        },
        {
            "comment id": 29,
            "parent": -1,
            "children": [
                30
            ],
            "user id": "1200855282",
            "user name": "芒果胖papa",
            "content": "已经造谣被抓了",
            "time": "20-4-13 09:02"
        },
        {
            "comment id": 30,
            "parent": 29,
            "children": [],
            "user id": "3255330700",
            "user name": "笑炸天",
            "content": "",
            "time": "20-4-13 19:06"
        },
        {
            "comment id": 31,
            "parent": -1,
            "children": [
                32,
                33
            ],
            "user id": "2070648353",
            "user name": "土豆番茄炒黄瓜",
            "content": "我举报的",
            "time": "20-4-13 11:53"
        },
        {
            "comment id": 32,
            "parent": 31,
            "children": [],
            "user id": "3255330700",
            "user name": "笑炸天",
            "content": "",
            "time": "20-4-13 18:43"
        },
        {
            "comment id": 33,
            "parent": 31,
            "children": [],
            "user id": "3255330700",
            "user name": "笑炸天",
            "content": "",
            "time": "20-4-13 11:54"
        },
        {
            "comment id": 34,
            "parent": -1,
            "children": [
                35
            ],
            "user id": "6243148034",
            "user name": "湿的汉子",
            "content": "感觉是不是破坏绿化了啊",
            "time": "20-4-13 08:51"
        },
        {
            "comment id": 35,
            "parent": 34,
            "children": [],
            "user id": "3255330700",
            "user name": "笑炸天",
            "content": "",
            "time": "20-4-13 19:06"
        },
        {
            "comment id": 36,
            "parent": -1,
            "children": [
                37
            ],
            "user id": "3299015311",
            "user name": "jaugamfu2021",
            "content": "这个闹剧都被警察证实谣言，是这个人为了火编出来的，那个罚款单是拿着交通罚款单改的，",
            "time": "20-4-12 23:18"
        },
        {
            "comment id": 37,
            "parent": 36,
            "children": [],
            "user id": "3255330700",
            "user name": "笑炸天",
            "content": "",
            "time": "20-4-13 23:36"
        },
        {
            "comment id": 38,
            "parent": -1,
            "children": [
                39
            ],
            "user id": "2271021902",
            "user name": "草莓恰月亮",
            "content": "早就辟谣了啊",
            "time": "20-4-12 18:43"
        },
        {
            "comment id": 39,
            "parent": 38,
            "children": [],
            "user id": "3255330700",
            "user name": "笑炸天",
            "content": "",
            "time": "20-4-12 22:17"
        },
        {
            "comment id": 40,
            "parent": -1,
            "children": [
                41
            ],
            "user id": "2940883013",
            "user name": "吕叶神奇",
            "content": "我看到最新说这个人自导自演不过如愿被警方带走了",
            "time": "20-4-12 18:12"
        },
        {
            "comment id": 41,
            "parent": 40,
            "children": [],
            "user id": "3255330700",
            "user name": "笑炸天",
            "content": "",
            "time": "20-4-12 22:18"
        },
        {
            "comment id": 42,
            "parent": -1,
            "children": [
                43
            ],
            "user id": "3871748183",
            "user name": "蒂雪飞霜",
            "content": "图片评论 ",
            "time": "20-4-12 10:33"
        },
        {
            "comment id": 43,
            "parent": 42,
            "children": [],
            "user id": "3255330700",
            "user name": "笑炸天",
            "content": "",
            "time": "20-4-12 22:45"
        },
        {
            "comment id": 44,
            "parent": -1,
            "children": [
                45
            ],
            "user id": "2008887005",
            "user name": "河豚咕咕咕咕凉",
            "content": "@霍乱时期的苏东坡 哈哈哈哈哈哈哈哈",
            "time": "20-4-13 08:47"
        },
        {
            "comment id": 45,
            "parent": 44,
            "children": [],
            "user id": "3255330700",
            "user name": "笑炸天",
            "content": "",
            "time": "20-4-13 19:06"
        },
        {
            "comment id": 46,
            "parent": -1,
            "children": [
                47
            ],
            "user id": "5221560068",
            "user name": "女头像壁纸无水印原图",
            "content": "夜深了,注意休息!",
            "time": "20-4-10 23:56"
        },
        {
            "comment id": 47,
            "parent": 46,
            "children": [],
            "user id": "3255330700",
            "user name": "笑炸天",
            "content": "",
            "time": "20-4-11 00:44"
        },
        {
            "comment id": 48,
            "parent": -1,
            "children": [
                49
            ],
            "user id": "5388850790",
            "user name": "苦味咖色_",
            "content": "夜深了,注意休息!",
            "time": "20-4-10 23:55"
        },
        {
            "comment id": 49,
            "parent": 48,
            "children": [],
            "user id": "3255330700",
            "user name": "笑炸天",
            "content": "",
            "time": "20-4-11 00:45"
        },
        {
            "comment id": 50,
            "parent": -1,
            "children": [
                51,
                52
            ],
            "user id": "6440034658",
            "user name": "大枫陀陀",
            "content": "@新一点点点",
            "time": "20-4-13 10:11"
        },
        {
            "comment id": 51,
            "parent": 50,
            "children": [],
            "user id": "3255330700",
            "user name": "笑炸天",
            "content": "",
            "time": "20-4-13 18:59"
        },
        {
            "comment id": 52,
            "parent": 50,
            "children": [],
            "user id": "1874516515",
            "user name": "新一点点点",
            "content": "为什么",
            "time": "20-4-13 10:12"
        },
        {
            "comment id": 53,
            "parent": -1,
            "children": [
                54
            ],
            "user id": "6039981778",
            "user name": "河西走廊义务教育我",
            "content": "共产主义社会  我们人民是主人   可笑啦",
            "time": "20-4-12 23:15"
        },
        {
            "comment id": 54,
            "parent": 53,
            "children": [],
            "user id": "3255330700",
            "user name": "笑炸天",
            "content": "",
            "time": "20-4-13 23:37"
        },
        {
            "comment id": 55,
            "parent": -1,
            "children": [
                56,
                57
            ],
            "user id": "6416272442",
            "user name": "可能不到一米",
            "content": "官方已经辟谣，转发过五千你将承担法律责任",
            "time": "20-4-12 20:48"
        },
        {
            "comment id": 56,
            "parent": 55,
            "children": [],
            "user id": "3255330700",
            "user name": "笑炸天",
            "content": "",
            "time": "20-4-12 22:06"
        },
        {
            "comment id": 57,
            "parent": 55,
            "children": [],
            "user id": "3255330700",
            "user name": "笑炸天",
            "content": "",
            "time": "20-4-12 20:48"
        },
        {
            "comment id": 58,
            "parent": -1,
            "children": [
                59
            ],
            "user id": "6428466461",
            "user name": "小小太阳邹邹",
            "content": "我在网上买土，同事让我在园区挖，她说她才不会买",
            "time": "20-4-12 19:28"
        },
        {
            "comment id": 59,
            "parent": 58,
            "children": [],
            "user id": "3255330700",
            "user name": "笑炸天",
            "content": "",
            "time": "20-4-12 22:16"
        },
        {
            "comment id": 60,
            "parent": -1,
            "children": [],
            "user id": "1930977220",
            "user name": "我是九九是我",
            "content": "",
            "time": "20-4-11 00:00"
        },
        {
            "comment id": 61,
            "parent": -1,
            "children": [],
            "user id": "1994565124",
            "user name": "木木-McGonagall",
            "content": "这算不算薅社会主义的羊毛",
            "time": "20-4-11 00:14"
        },
        {
            "comment id": 62,
            "parent": -1,
            "children": [],
            "user id": "5627158212",
            "user name": "女人养成记",
            "content": "偷就偷，还怕别人不知道！😂",
            "time": "20-4-11 00:12"
        },
        {
            "comment id": 63,
            "parent": -1,
            "children": [],
            "user id": "1418286303",
            "user name": "单酒窝524",
            "content": "还晒朋友圈肚皮笑痛了，都不用调监控了",
            "time": "20-4-11 00:00"
        },
        {
            "comment id": 64,
            "parent": -1,
            "children": [],
            "user id": "6543861473",
            "user name": "陳羨笙",
            "content": "为什么不发后续？",
            "time": "20-4-13 07:59"
        }
    ]
}