{
    "source": {
        "content": "哈哈哈哈哈哈哈哈哈哈哈#到公园偷土是违法的吗#千万别去公园偷土啦 ",
        "time": "20-4-11 15:50",
        "user id": "2393541445",
        "tweet id": "ICPIfaW9r",
        "label": 1,
        "theme": null
    },
    "comment": [
        {
            "comment id": 0,
            "parent": -1,
            "children": [
                1,
                2,
                3,
                5,
                7,
                9,
                11,
                12,
                14,
                15,
                17,
                18,
                19,
                20,
                21,
                23,
                24
            ],
            "user id": "2612122751",
            "user name": "桌上有鱼头",
            "content": "不是吧阿sir，偷个土都算犯罪。给个鸡会嘛阿sir。",
            "time": "20-4-11 15:52"
        },
        {
            "comment id": 1,
            "parent": 0,
            "children": [],
            "user id": "5976580551",
            "user name": "qnmdgggg",
            "content": "回复@吃头肥鲶鱼:哈哈哈哈哈哈哈哈哈哈哈还",
            "time": "20-4-11 22:46"
        },
        {
            "comment id": 2,
            "parent": 0,
            "children": [],
            "user id": "2612122751",
            "user name": "桌上有鱼头",
            "content": "回复@未麻今天哭了吗-:阿sir！这里有人叫同伙啦！",
            "time": "20-4-11 22:45"
        },
        {
            "comment id": 3,
            "parent": 0,
            "children": [],
            "user id": "5976580551",
            "user name": "qnmdgggg",
            "content": "@胡淑琪的碎碎念",
            "time": "20-4-11 22:00"
        },
        {
            "comment id": 4,
            "parent": 5,
            "children": [],
            "user id": "2612122751",
            "user name": "桌上有鱼头",
            "content": "回复@旺旺不停v:哈哈哈哈厉害吧",
            "time": "20-4-11 21:54"
        },
        {
            "comment id": 5,
            "parent": 0,
            "children": [
                4
            ],
            "user id": "7078858358",
            "user name": "旺旺不停v",
            "content": "你为什么可以发语音",
            "time": "20-4-11 21:29"
        },
        {
            "comment id": 6,
            "parent": 7,
            "children": [],
            "user id": "2612122751",
            "user name": "桌上有鱼头",
            "content": "回复@在火炉里吃西瓜:这...",
            "time": "20-4-11 21:24"
        },
        {
            "comment id": 7,
            "parent": 0,
            "children": [
                6
            ],
            "user id": "2828968514",
            "user name": "在火炉里吃西瓜",
            "content": "这人自己无聊造谣的，现在真的被抓了",
            "time": "20-4-11 21:13"
        },
        {
            "comment id": 8,
            "parent": 9,
            "children": [],
            "user id": "2612122751",
            "user name": "桌上有鱼头",
            "content": "回复@总有风在:哈哈哈哈厉害吧",
            "time": "20-4-11 20:01"
        },
        {
            "comment id": 9,
            "parent": 0,
            "children": [
                8
            ],
            "user id": "2325720495",
            "user name": "总有风在",
            "content": "有内味了",
            "time": "20-4-11 20:01"
        },
        {
            "comment id": 10,
            "parent": 12,
            "children": [],
            "user id": "2287082804",
            "user name": "不知不觉到山巅",
            "content": "回复@赤道yu366:哈哈哈告诉我姥以后路边的野花不能采了",
            "time": "20-4-11 18:25"
        },
        {
            "comment id": 11,
            "parent": 0,
            "children": [],
            "user id": "5850192499",
            "user name": "少女越轨",
            "content": "@龟田志斌o 笑死我了",
            "time": "20-4-11 18:13"
        },
        {
            "comment id": 12,
            "parent": 0,
            "children": [
                10
            ],
            "user id": "2877424682",
            "user name": "赤道yu366",
            "content": "@不知不觉到山巅 哈哈哈哈哈哈哈",
            "time": "20-4-11 17:48"
        },
        {
            "comment id": 13,
            "parent": 14,
            "children": [],
            "user id": "2612122751",
            "user name": "桌上有鱼头",
            "content": "回复@Esun_Leon:太狠了。",
            "time": "20-4-11 17:35"
        },
        {
            "comment id": 14,
            "parent": 0,
            "children": [
                13
            ],
            "user id": "6050570581",
            "user name": "Esun_Leon",
            "content": "怎么给你鸡会，你去跟法官说啊",
            "time": "20-4-11 17:33"
        },
        {
            "comment id": 15,
            "parent": 0,
            "children": [],
            "user id": "2612122751",
            "user name": "桌上有鱼头",
            "content": "回复@点大婶要做锦鲤大王:哈哈哈哈哈你的图也还有内味",
            "time": "20-4-11 17:23"
        },
        {
            "comment id": 16,
            "parent": 17,
            "children": [],
            "user id": "2612122751",
            "user name": "桌上有鱼头",
            "content": "回复@魔法少女拥护者巴莱:哈哈哈哈啊哈了解了阿 sir",
            "time": "20-4-11 17:22"
        },
        {
            "comment id": 17,
            "parent": 0,
            "children": [
                16
            ],
            "user id": "5980344952",
            "user name": "魔法少女拥护者巴莱",
            "content": "肛一下，违法不等于犯罪",
            "time": "20-4-11 17:20"
        },
        {
            "comment id": 18,
            "parent": 0,
            "children": [],
            "user id": "5809774325",
            "user name": "大内锦鲤灵灵柒",
            "content": "图片评论 查看图片",
            "time": "20-4-11 17:19"
        },
        {
            "comment id": 19,
            "parent": 0,
            "children": [],
            "user id": "3047322445",
            "user name": "hhhdddboss",
            "content": "@NibNibcc 哈哈哈哈哈有画面了，看来以前我在楼下挖土算是犯法了",
            "time": "20-4-11 16:37"
        },
        {
            "comment id": 20,
            "parent": 0,
            "children": [],
            "user id": "2612122751",
            "user name": "桌上有鱼头",
            "content": "回复@ViolentMaG:哈哈哈哈的语音评论，厉害吧。",
            "time": "20-4-11 16:24"
        },
        {
            "comment id": 21,
            "parent": 0,
            "children": [],
            "user id": "5105602317",
            "user name": "奥赛罗-起航",
            "content": "有声音了",
            "time": "20-4-11 16:23"
        },
        {
            "comment id": 22,
            "parent": 23,
            "children": [],
            "user id": "2612122751",
            "user name": "桌上有鱼头",
            "content": "回复@松鼠视频:阿sir，我错了。 网页链接",
            "time": "20-4-11 15:55"
        },
        {
            "comment id": 23,
            "parent": 0,
            "children": [
                22
            ],
            "user id": "2393541445",
            "user name": "松鼠视频",
            "content": "去跟法官说，看他给不给你鸡会",
            "time": "20-4-11 15:53"
        },
        {
            "comment id": 24,
            "parent": 0,
            "children": [],
            "user id": "2866248724",
            "user name": "猫小罐猫小罐",
            "content": "去跟法官说，看他给不给你机会",
            "time": "20-4-11 15:53"
        },
        {
            "comment id": 25,
            "parent": -1,
            "children": [
                26
            ],
            "user id": "3719774917",
            "user name": "美丽长臂猿",
            "content": "那个玲酱（网课中）是隐藏在他朋友圈里的便衣吧？",
            "time": "20-4-11 15:52"
        },
        {
            "comment id": 26,
            "parent": 25,
            "children": [],
            "user id": "2393541445",
            "user name": "松鼠视频",
            "content": "哈哈哈哈哈破案了",
            "time": "20-4-11 15:53"
        },
        {
            "comment id": 27,
            "parent": -1,
            "children": [
                28,
                29
            ],
            "user id": "6320995216",
            "user name": "我的头卡住了",
            "content": "好了 以后土都吃不起了",
            "time": "20-4-11 15:52"
        },
        {
            "comment id": 28,
            "parent": 27,
            "children": [],
            "user id": "2393541445",
            "user name": "松鼠视频",
            "content": "哈哈哈哈哈哈哈哈200一顿",
            "time": "20-4-11 15:56"
        },
        {
            "comment id": 29,
            "parent": 27,
            "children": [],
            "user id": "5581447209",
            "user name": "花臂博士",
            "content": "",
            "time": "20-4-11 16:42"
        },
        {
            "comment id": 30,
            "parent": -1,
            "children": [
                31,
                32
            ],
            "user id": "5625788295",
            "user name": "张小熊猫",
            "content": "哈哈哈哈哈哈哈哈哈哈这个操作好奇怪",
            "time": "20-4-11 15:51"
        },
        {
            "comment id": 31,
            "parent": 30,
            "children": [],
            "user id": "2393541445",
            "user name": "松鼠视频",
            "content": "200块一袋的土",
            "time": "20-4-11 15:54"
        },
        {
            "comment id": 32,
            "parent": 30,
            "children": [],
            "user id": "5625788295",
            "user name": "张小熊猫",
            "content": "",
            "time": "20-4-11 15:54"
        },
        {
            "comment id": 33,
            "parent": -1,
            "children": [
                34
            ],
            "user id": "6124115336",
            "user name": "小肉涩涩",
            "content": "怎么会这样？我也偷过",
            "time": "20-4-11 15:54"
        },
        {
            "comment id": 34,
            "parent": 33,
            "children": [],
            "user id": "2393541445",
            "user name": "松鼠视频",
            "content": "坦白从宽，抗拒从严，给你机会，重新做人",
            "time": "20-4-11 15:57"
        },
        {
            "comment id": 35,
            "parent": -1,
            "children": [
                36
            ],
            "user id": "3970799939",
            "user name": "贤卿祎只",
            "content": "哈哈哈哈哈哈哈哈哈哈哈找找里头有没有蚯蚓养起来说不定一条发财致富路，坚强点！",
            "time": "20-4-11 15:53"
        },
        {
            "comment id": 36,
            "parent": 35,
            "children": [],
            "user id": "2393541445",
            "user name": "松鼠视频",
            "content": "哈哈哈哈哈哈致富经安排上了",
            "time": "20-4-11 15:54"
        },
        {
            "comment id": 37,
            "parent": -1,
            "children": [
                38,
                39,
                40
            ],
            "user id": "5132614484",
            "user name": "敏敏家的魚豆包",
            "content": "什么时候偷我人啊",
            "time": "20-4-11 15:53"
        },
        {
            "comment id": 38,
            "parent": 37,
            "children": [],
            "user id": "5132614484",
            "user name": "敏敏家的魚豆包",
            "content": "回复@热心村民老高:联系我吧  别说了",
            "time": "20-4-12 23:06"
        },
        {
            "comment id": 39,
            "parent": 37,
            "children": [],
            "user id": "3189110751",
            "user name": "动身跋涉千里wm",
            "content": "来吧，我一个人，也想尝尝爱情的苦",
            "time": "20-4-11 16:46"
        },
        {
            "comment id": 40,
            "parent": 37,
            "children": [],
            "user id": "2393541445",
            "user name": "松鼠视频",
            "content": "？我偷土养你可以吗",
            "time": "20-4-11 15:58"
        },
        {
            "comment id": 41,
            "parent": -1,
            "children": [
                42,
                43,
                44
            ],
            "user id": "5234660899",
            "user name": "我真的是大兄弟",
            "content": "哈哈哈哈哈哈哈哈哈哈哈哈哈哈哈这个消息和我第一次听到土也可以卖钱一样震惊",
            "time": "20-4-11 16:03"
        },
        {
            "comment id": 42,
            "parent": 41,
            "children": [],
            "user id": "6969704048",
            "user name": "ZicooCapppYikiiiii",
            "content": "我爸还在网上买过鸡屎养花呢",
            "time": "20-4-11 17:14"
        },
        {
            "comment id": 43,
            "parent": 41,
            "children": [],
            "user id": "7285236117",
            "user name": "8月19周一下雨天气阴",
            "content": "据说土的成分还不一样有差别",
            "time": "20-4-11 16:36"
        },
        {
            "comment id": 44,
            "parent": 41,
            "children": [],
            "user id": "2393541445",
            "user name": "松鼠视频",
            "content": "哈哈哈哈网上有卖 查看图片",
            "time": "20-4-11 16:13"
        },
        {
            "comment id": 45,
            "parent": -1,
            "children": [],
            "user id": "6444183247",
            "user name": "春华秋月moon",
            "content": "不是吧（｀Δ´）！",
            "time": "20-4-11 16:19"
        },
        {
            "comment id": 46,
            "parent": -1,
            "children": [],
            "user id": "6369961187",
            "user name": "阿凯Alakay",
            "content": "不好说真假，咱也不懂，在另一个博主评论区好多人说这是假的，还说他伪造罚单犯法",
            "time": "20-4-11 15:59"
        },
        {
            "comment id": 47,
            "parent": -1,
            "children": [],
            "user id": "5895810002",
            "user name": "花无重开时hasaki",
            "content": "挖社会主义公园土",
            "time": "20-4-11 15:56"
        },
        {
            "comment id": 48,
            "parent": -1,
            "children": [],
            "user id": "5474988384",
            "user name": "西红柿福酱呀",
            "content": "哈哈哈哈哈哈笑死我了",
            "time": "20-4-11 15:51"
        },
        {
            "comment id": 49,
            "parent": -1,
            "children": [
                50
            ],
            "user id": "5576544135",
            "user name": "桐生十一马",
            "content": "@圆脸脸哥布林 9",
            "time": "20-4-11 15:51"
        },
        {
            "comment id": 50,
            "parent": 49,
            "children": [],
            "user id": "1780176345",
            "user name": "圆脸脸哥布林",
            "content": "9",
            "time": "20-4-11 15:57"
        },
        {
            "comment id": 51,
            "parent": -1,
            "children": [],
            "user id": "5650202045",
            "user name": "单一的素",
            "content": "",
            "time": "20-4-19 01:13"
        },
        {
            "comment id": 52,
            "parent": -1,
            "children": [],
            "user id": "2180924020",
            "user name": "胡同旮旯c",
            "content": "被禁言了吗",
            "time": "20-4-13 09:57"
        },
        {
            "comment id": 53,
            "parent": -1,
            "children": [],
            "user id": "5392151046",
            "user name": "热-心网友",
            "content": "此内容为不实消息，已处理。 详情»",
            "time": "20-4-13 00:20"
        },
        {
            "comment id": 54,
            "parent": -1,
            "children": [],
            "user id": "3714380127",
            "user name": "Nikolina_suess",
            "content": "不实消息诶",
            "time": "20-4-12 18:47"
        },
        {
            "comment id": 55,
            "parent": -1,
            "children": [],
            "user id": "3163877054",
            "user name": "等一树花开丶",
            "content": "图片评论 ",
            "time": "20-4-12 17:13"
        },
        {
            "comment id": 56,
            "parent": -1,
            "children": [],
            "user id": "5223799693",
            "user name": "dgicutxg",
            "content": "他确实也被逮了，但是是因为造谣",
            "time": "20-4-12 16:58"
        },
        {
            "comment id": 57,
            "parent": -1,
            "children": [],
            "user id": "5171324902",
            "user name": "自律一点又不会si",
            "content": "真的假的",
            "time": "20-4-12 13:05"
        },
        {
            "comment id": 58,
            "parent": -1,
            "children": [],
            "user id": "7338596009",
            "user name": "小姜小姜从不慌姜",
            "content": "被举报了吧，什么消息不证实就发",
            "time": "20-4-12 12:02"
        },
        {
            "comment id": 59,
            "parent": -1,
            "children": [],
            "user id": "3002494601",
            "user name": "比奇堡的邮差鱼",
            "content": "分享图片 ",
            "time": "20-4-12 07:52"
        },
        {
            "comment id": 60,
            "parent": -1,
            "children": [],
            "user id": "2607882685",
            "user name": "查姓用户",
            "content": "啊？",
            "time": "20-4-12 06:36"
        },
        {
            "comment id": 61,
            "parent": -1,
            "children": [],
            "user id": "5253513480",
            "user name": "卫庄大帅比",
            "content": "假的啦",
            "time": "20-4-12 00:35"
        },
        {
            "comment id": 62,
            "parent": -1,
            "children": [],
            "user id": "1876255723",
            "user name": "再改多少次名字也不会被关注",
            "content": "鹅鹅鹅鹅鹅鹅",
            "time": "20-4-11 22:57"
        },
        {
            "comment id": 63,
            "parent": -1,
            "children": [],
            "user id": "2629581823",
            "user name": "Isaydelicious",
            "content": "假的！请辟谣",
            "time": "20-4-11 22:52"
        },
        {
            "comment id": 64,
            "parent": -1,
            "children": [],
            "user id": "2448165334",
            "user name": "21世纪美少女-",
            "content": "那去山上偷土违法吗",
            "time": "20-4-11 21:18"
        },
        {
            "comment id": 65,
            "parent": -1,
            "children": [],
            "user id": "5579888827",
            "user name": "运作浪漫",
            "content": "造谣被抓了。。",
            "time": "20-4-11 21:05"
        },
        {
            "comment id": 66,
            "parent": -1,
            "children": [],
            "user id": "5560354002",
            "user name": "小胡子面包",
            "content": "那普通市民需要土壤只能上网购买？",
            "time": "20-4-11 20:56"
        },
        {
            "comment id": 67,
            "parent": -1,
            "children": [],
            "user id": "2657781272",
            "user name": "o没有光明的未来",
            "content": "治不了洋人还治不了你？",
            "time": "20-4-11 18:27"
        },
        {
            "comment id": 68,
            "parent": -1,
            "children": [
                69
            ],
            "user id": "5047369260",
            "user name": "一个老芒果啊",
            "content": "@Mary咕噜呀",
            "time": "20-4-11 18:17"
        },
        {
            "comment id": 69,
            "parent": 68,
            "children": [],
            "user id": "2998924183",
            "user name": "Mary咕噜呀",
            "content": "",
            "time": "20-4-11 21:28"
        },
        {
            "comment id": 70,
            "parent": -1,
            "children": [],
            "user id": "5097568741",
            "user name": "千代酱--",
            "content": "@谁身在当时我幻想的未来里 摘花",
            "time": "20-4-11 18:11"
        },
        {
            "comment id": 71,
            "parent": -1,
            "children": [],
            "user id": "3311406701",
            "user name": "柯绾心",
            "content": "是啊,我家里种菜的土都是买的",
            "time": "20-4-11 17:58"
        },
        {
            "comment id": 72,
            "parent": -1,
            "children": [],
            "user id": "7074263472",
            "user name": "麻辣太师",
            "content": "这两百块能买好几袋子土了",
            "time": "20-4-11 17:46"
        },
        {
            "comment id": 73,
            "parent": -1,
            "children": [],
            "user id": "3055480157",
            "user name": "今日有饭吃吗",
            "content": "@Oryiin",
            "time": "20-4-11 17:45"
        },
        {
            "comment id": 74,
            "parent": -1,
            "children": [],
            "user id": "7382410531",
            "user name": "我会养一只小狗",
            "content": "@江河波峦",
            "time": "20-4-11 17:40"
        },
        {
            "comment id": 75,
            "parent": -1,
            "children": [],
            "user id": "5673911017",
            "user name": "派大星的黑洞胃",
            "content": "是真的吗",
            "time": "20-4-11 17:40"
        },
        {
            "comment id": 76,
            "parent": -1,
            "children": [],
            "user id": "2253874237",
            "user name": "Lilycat喵喵喵",
            "content": "@VamORanGe ",
            "time": "20-4-11 17:34"
        },
        {
            "comment id": 77,
            "parent": -1,
            "children": [],
            "user id": "2635313732",
            "user name": "路文榕",
            "content": "@管管管丽 好惨",
            "time": "20-4-11 17:23"
        },
        {
            "comment id": 78,
            "parent": -1,
            "children": [],
            "user id": "5047081690",
            "user name": "赣江烈女",
            "content": "@Heyde1h",
            "time": "20-4-11 17:20"
        },
        {
            "comment id": 79,
            "parent": -1,
            "children": [],
            "user id": "3789079085",
            "user name": "老师你好我叫文文",
            "content": "",
            "time": "20-4-11 17:16"
        },
        {
            "comment id": 80,
            "parent": -1,
            "children": [],
            "user id": "5346722174",
            "user name": "叮叮猫儿飞",
            "content": "笑死了",
            "time": "20-4-11 17:14"
        },
        {
            "comment id": 81,
            "parent": -1,
            "children": [],
            "user id": "2795905522",
            "user name": "cznnnn_",
            "content": "如此说来，小伙再往公园种树献土，200就回来了",
            "time": "20-4-11 17:10"
        },
        {
            "comment id": 82,
            "parent": -1,
            "children": [],
            "user id": "1419666084",
            "user name": "抑郁三轮",
            "content": "？？？这他妈？？？违法？？",
            "time": "20-4-11 17:02"
        },
        {
            "comment id": 83,
            "parent": -1,
            "children": [],
            "user id": "3104359827",
            "user name": "无肉不欢的蓉嬷嬷",
            "content": "想要土真的只能淘宝买，营养土给你配的好好的",
            "time": "20-4-11 17:01"
        },
        {
            "comment id": 84,
            "parent": -1,
            "children": [
                85
            ],
            "user id": "2123073733",
            "user name": "啰啰文",
            "content": "@快跑劫来了 哈哈哈哈哈哈哈哈哈哈哈哈哈哈哈哈哈哈哈",
            "time": "20-4-11 16:56"
        },
        {
            "comment id": 85,
            "parent": 84,
            "children": [],
            "user id": "2942113855",
            "user name": "你喜欢奶摇吗",
            "content": "哈哈哈哈哈哈哈哈哈哈哈哈",
            "time": "20-4-11 17:52"
        },
        {
            "comment id": 86,
            "parent": -1,
            "children": [],
            "user id": "7315194228",
            "user name": "随便说说bxx",
            "content": "ㅇ승 ㅇ승 ㅇ승 ㅇ승 ㅇ승 ㅇ승 ㅇ승 ㅇ승 ㅇ승 ㅇ승 ㅇ승 ㅇ승 ㅇ승 ㅇ승 ㅇ승 ㅇ승 ㅇ승 ㅇ승 ㅇ승 ㅇ승 ㅇ승 ㅇ승 ㅇ승 ㅇ승 ㅇ승 ㅇ승 ㅇ승",
            "time": "20-4-11 16:49"
        },
        {
            "comment id": 87,
            "parent": -1,
            "children": [],
            "user id": "6345034108",
            "user name": "Nova歪歪_",
            "content": "自信点姐妹！这就是违法！🤗",
            "time": "20-4-11 16:48"
        },
        {
            "comment id": 88,
            "parent": -1,
            "children": [],
            "user id": "3714601155",
            "user name": "SU-ET",
            "content": "肯定是朋友圈举报的哈哈",
            "time": "20-4-11 16:46"
        },
        {
            "comment id": 89,
            "parent": -1,
            "children": [],
            "user id": "3315357331",
            "user name": "蛋黄虾丸子",
            "content": "发给我妈看看！老让我去跟她去挖土，还好我懒",
            "time": "20-4-11 16:33"
        },
        {
            "comment id": 90,
            "parent": -1,
            "children": [],
            "user id": "2394749423",
            "user name": "不早起斯基",
            "content": "哈哈哈，以身传法的冷知识！",
            "time": "20-4-11 16:33"
        },
        {
            "comment id": 91,
            "parent": -1,
            "children": [
                92
            ],
            "user id": "2118192670",
            "user name": "蛋蟲蟲蟲飛",
            "content": "@___牙_",
            "time": "20-4-11 16:31"
        },
        {
            "comment id": 92,
            "parent": 91,
            "children": [],
            "user id": "1804970435",
            "user name": "___牙_",
            "content": "😂",
            "time": "20-4-11 16:44"
        },
        {
            "comment id": 93,
            "parent": -1,
            "children": [],
            "user id": "3952278689",
            "user name": "别说了会把我笑死",
            "content": "我家亲戚还去公园里挖菜回来吃呢，这不会…",
            "time": "20-4-11 16:27"
        },
        {
            "comment id": 94,
            "parent": -1,
            "children": [],
            "user id": "2192174467",
            "user name": "玄阿玄阿玄",
            "content": "偷钱包的倒是从来也抓不到",
            "time": "20-4-11 16:21"
        },
        {
            "comment id": 95,
            "parent": -1,
            "children": [],
            "user id": "3952391991",
            "user name": "肯徳鸡真好吃",
            "content": "@早日实现柴犬自由",
            "time": "20-4-11 16:12"
        },
        {
            "comment id": 96,
            "parent": -1,
            "children": [],
            "user id": "3811031549",
            "user name": "cico-Chang",
            "content": "这兜土还卖不了200了",
            "time": "20-4-11 16:00"
        },
        {
            "comment id": 97,
            "parent": -1,
            "children": [],
            "user id": "2947579133",
            "user name": "Li在律途",
            "content": "别误导人了",
            "time": "20-4-11 15:59"
        },
        {
            "comment id": 98,
            "parent": -1,
            "children": [],
            "user id": "5707214641",
            "user name": "SuperLAQii",
            "content": "@大熊猫爱看海",
            "time": "20-4-11 15:59"
        },
        {
            "comment id": 99,
            "parent": -1,
            "children": [],
            "user id": "3914695429",
            "user name": "FAF6EE",
            "content": "@从树上走过",
            "time": "20-4-11 15:59"
        },
        {
            "comment id": 100,
            "parent": -1,
            "children": [],
            "user id": "3608392010",
            "user name": "谁是卧底谁知道",
            "content": "@-陳珂",
            "time": "20-4-11 15:57"
        },
        {
            "comment id": 101,
            "parent": -1,
            "children": [],
            "user id": "5021297983",
            "user name": "青泽_leo",
            "content": "@脾气好饮食清淡又很勤快 ",
            "time": "20-4-11 15:54"
        },
        {
            "comment id": 102,
            "parent": -1,
            "children": [],
            "user id": "7008843802",
            "user name": "koronia_",
            "content": "哈哈哈哈哈哈哈神经病啊哈哈哈",
            "time": "20-4-11 15:54"
        },
        {
            "comment id": 103,
            "parent": -1,
            "children": [],
            "user id": "1733502373",
            "user name": "大凯小锅",
            "content": "@橙永远",
            "time": "20-4-11 15:53"
        },
        {
            "comment id": 104,
            "parent": -1,
            "children": [],
            "user id": "7315520628",
            "user name": "那年夏天梦刚好",
            "content": "这个土太贵了",
            "time": "20-4-11 15:53"
        },
        {
            "comment id": 105,
            "parent": -1,
            "children": [],
            "user id": "5983016549",
            "user name": "IAM_flora_",
            "content": "哈哈哈哈哈哈 知法犯法",
            "time": "20-4-11 15:53"
        },
        {
            "comment id": 106,
            "parent": -1,
            "children": [],
            "user id": "5222921172",
            "user name": "不重生了老子就是比格犬",
            "content": "@Higherandhigheryouchaseit",
            "time": "20-4-11 15:52"
        },
        {
            "comment id": 107,
            "parent": -1,
            "children": [],
            "user id": "6074866101",
            "user name": "玛卡巴卡要多努力_",
            "content": "求仁得仁…",
            "time": "20-4-11 15:52"
        },
        {
            "comment id": 108,
            "parent": -1,
            "children": [],
            "user id": "3563258657",
            "user name": "拳湿bot",
            "content": "就是玲酱报的警",
            "time": "20-4-11 15:52"
        },
        {
            "comment id": 109,
            "parent": -1,
            "children": [],
            "user id": "1977028777",
            "user name": "AMPHETA_",
            "content": "以后穷吃土 其实我土都吃不起",
            "time": "20-4-11 15:52"
        },
        {
            "comment id": 110,
            "parent": -1,
            "children": [],
            "user id": "5705263105",
            "user name": "纠纠纠结症",
            "content": "长知识了",
            "time": "20-4-11 15:51"
        },
        {
            "comment id": 111,
            "parent": -1,
            "children": [],
            "user id": "7354091844",
            "user name": "Jasonxuuuuuuu",
            "content": "支付宝到账200元",
            "time": "20-4-11 15:51"
        },
        {
            "comment id": 112,
            "parent": -1,
            "children": [],
            "user id": "3994778829",
            "user name": "TaylorsivanSwift",
            "content": "哈哈哈哈不实，你想si吧",
            "time": "20-4-12 08:18"
        },
        {
            "comment id": 113,
            "parent": -1,
            "children": [],
            "user id": "5970054646",
            "user name": "Godolone247",
            "content": "这位兄弟名言 ",
            "time": "20-4-11 21:15"
        },
        {
            "comment id": 114,
            "parent": -1,
            "children": [],
            "user id": "6745965713",
            "user name": "小肘冲冲",
            "content": "@70indaeyo",
            "time": "20-4-11 16:01"
        },
        {
            "comment id": 115,
            "parent": -1,
            "children": [],
            "user id": "2113316627",
            "user name": "吾日三省四闻五读书",
            "content": "@不好玩也不好吃 哈哈哈哈哈哈哈哈哈哈哈哈哈哈哈哈哈哈哈哈",
            "time": "20-4-14 00:32"
        },
        {
            "comment id": 116,
            "parent": -1,
            "children": [],
            "user id": "5393332392",
            "user name": "我系盯追",
            "content": "咱小区一楼的大爷说他家花坛里的土都是他从附近的山上背下来的..我懵了",
            "time": "20-4-13 23:50"
        },
        {
            "comment id": 117,
            "parent": -1,
            "children": [],
            "user id": "1680116537",
            "user name": "半赫-",
            "content": "@爱好喝水 我哈哈哈哈哈哈哈哈注意安全！",
            "time": "20-4-11 22:23"
        },
        {
            "comment id": 118,
            "parent": -1,
            "children": [],
            "user id": "5223716887",
            "user name": "快乐多少一斤",
            "content": "@只喜欢稀饭",
            "time": "20-4-11 22:10"
        },
        {
            "comment id": 119,
            "parent": -1,
            "children": [],
            "user id": "2545121474",
            "user name": "Heycassie_",
            "content": "@嚏吉TQ",
            "time": "20-4-11 21:30"
        },
        {
            "comment id": 120,
            "parent": -1,
            "children": [],
            "user id": "6334080640",
            "user name": "F泡泡茶壶",
            "content": "怎么又没有截到我啊 博主vx推推",
            "time": "20-4-11 20:41"
        }
    ]
}