{
    "source": {
        "content": "到公园偷土属违法行为，望周知。 ",
        "time": "20-4-12 02:20",
        "user id": "3316281682",
        "tweet id": "ICTPW0xIW",
        "label": 1,
        "theme": null
    },
    "comment": [
        {
            "comment id": 0,
            "parent": -1,
            "children": [
                1
            ],
            "user id": "3764221277",
            "user name": "沙雕一哥",
            "content": "光一个转账凭证，谁知道这200是不是偷土的罚款。再一个谁偷个土，还发个朋友圈啊？偷土违法不违法我不知道，但是造谣肯定是违法的",
            "time": "20-4-12 02:42"
        },
        {
            "comment id": 1,
            "parent": 0,
            "children": [],
            "user id": "2781686522",
            "user name": "若木有本",
            "content": "辟谣了，这个人造谣被抓了",
            "time": "20-4-12 06:50"
        },
        {
            "comment id": 2,
            "parent": -1,
            "children": [],
            "user id": "1934409797",
            "user name": "哆啦_Kin",
            "content": "原博主刚因这个造谣被刑事拘留，看来你也想进去？",
            "time": "20-4-12 02:48"
        },
        {
            "comment id": 3,
            "parent": -1,
            "children": [],
            "user id": "5146134003",
            "user name": "螳螂推手",
            "content": "有条件的公园可以提供一点种花土，或出售一点，都是为享受蓝天繁华世界。",
            "time": "20-4-12 06:42"
        },
        {
            "comment id": 4,
            "parent": -1,
            "children": [],
            "user id": "5121510698",
            "user name": "果了个果壳",
            "content": "薅社会主义羊毛的现代版，挖社会主义土壤？",
            "time": "20-4-12 02:24"
        },
        {
            "comment id": 5,
            "parent": -1,
            "children": [],
            "user id": "6076652570",
            "user name": "大区",
            "content": "如果是假的 我希望是真的 如果是真的我只想说干得漂亮",
            "time": "20-4-12 08:38"
        },
        {
            "comment id": 6,
            "parent": -1,
            "children": [],
            "user id": "5894061336",
            "user name": "努力减肥变帅做渣男",
            "content": "这回好了，穷到连土都吃不起了",
            "time": "20-4-12 02:45"
        },
        {
            "comment id": 7,
            "parent": -1,
            "children": [],
            "user id": "5135527093",
            "user name": "香芋地瓜丸0_0",
            "content": "哈",
            "time": "20-4-12 07:02"
        },
        {
            "comment id": 8,
            "parent": -1,
            "children": [],
            "user id": "5918920471",
            "user name": "小人物小透明",
            "content": "这人因为造这个造谣，警察叔叔已经找到他了，你这信息太滞后了吧",
            "time": "20-4-12 06:50"
        },
        {
            "comment id": 9,
            "parent": -1,
            "children": [],
            "user id": "7412786063",
            "user name": "陈子昂2021",
            "content": "滚滚滚粉",
            "time": "20-4-12 07:24"
        },
        {
            "comment id": 10,
            "parent": -1,
            "children": [],
            "user id": "5859688870",
            "user name": "抉aaa",
            "content": "@風也溫柔yayaya",
            "time": "20-4-12 06:38"
        }
    ]
}