{
    "source": {
        "content": "NBA超话目前疫情影响，很多球员无法返国隔离，这也包括我们cba名将孙大圣（孙悦），春节期间，孙悦陈露携全家美国度假，目前美国疫情严重无法回国，大胆的推测他俩应该都拿到绿卡了，改国籍就是时间的事 ",
        "time": "20-4-15 16:31",
        "user id": "2877991363",
        "tweet id": "IDrGykfXv",
        "label": 1,
        "theme": null
    },
    "comment": [
        {
            "comment id": 0,
            "parent": -1,
            "children": [],
            "user id": "5943178234",
            "user name": "珠宝首饰",
            "content": "流水不争先 争的是滔滔不绝",
            "time": "20-4-15 16:47"
        },
        {
            "comment id": 1,
            "parent": -1,
            "children": [],
            "user id": "5285322418",
            "user name": "梓鑫创梦官博",
            "content": "占个位置",
            "time": "20-4-15 16:37"
        },
        {
            "comment id": 2,
            "parent": -1,
            "children": [],
            "user id": "2456144587",
            "user name": "长春老冰棍",
            "content": "关注博主，好运常伴",
            "time": "20-4-15 16:35"
        },
        {
            "comment id": 3,
            "parent": -1,
            "children": [],
            "user id": "5482585466",
            "user name": "影小迷",
            "content": "支持博主",
            "time": "20-4-15 16:34"
        },
        {
            "comment id": 4,
            "parent": -1,
            "children": [],
            "user id": "6614409246",
            "user name": "甄曦微博",
            "content": "为你打caI l啦",
            "time": "20-4-15 16:43"
        },
        {
            "comment id": 5,
            "parent": -1,
            "children": [],
            "user id": "3304722770",
            "user name": "风华沉淀",
            "content": "已经多方辟谣了，此为造谣，博主赶紧撤了吧，不然小心被起诉喔",
            "time": "20-4-18 23:11"
        },
        {
            "comment id": 6,
            "parent": -1,
            "children": [],
            "user id": "3793075895",
            "user name": "分手挽回婚姻咨询导师",
            "content": "求你一赞",
            "time": "20-4-15 16:43"
        },
        {
            "comment id": 7,
            "parent": -1,
            "children": [],
            "user id": "5776225288",
            "user name": "娱情理",
            "content": "我可以接受失败，但绝对不能接受未曾奋斗过的自己。人生就是一条坎坷曲折的路，即使不断的跌倒，也一定要爬起来，坚持自己的梦想。记住，这一秒不放弃，下一秒就会有希望。",
            "time": "20-4-15 16:31"
        },
        {
            "comment id": 8,
            "parent": -1,
            "children": [],
            "user id": "1226449281",
            "user name": "于大侃3",
            "content": "人家跟队训练视频被你吃了",
            "time": "20-4-18 17:32"
        }
    ]
}