{
    "source": {
        "content": "#此时此刻你本人的状态#河南孤寡老人去世后留下8万元存款取不出来？银行：这笔钱归国家所有！ ",
        "time": "20-4-23 21:17",
        "user id": "6018228099",
        "tweet id": "IEGYHoEVa",
        "label": 1,
        "theme": null
    },
    "comment": [
        {
            "comment id": 0,
            "parent": -1,
            "children": [
                1
            ],
            "user id": "1617539724",
            "user name": "Luli0712",
            "content": "这种一贯的流氓逻辑还想搞好需要高度信用担保的数字货币？简直天荒夜谭。",
            "time": "20-4-23 21:32"
        },
        {
            "comment id": 1,
            "parent": 0,
            "children": [],
            "user id": "6018228099",
            "user name": "深圳令狐冲",
            "content": "唉，悲哀！",
            "time": "20-4-23 21:35"
        },
        {
            "comment id": 2,
            "parent": -1,
            "children": [
                3
            ],
            "user id": "3190049782",
            "user name": "就为活明白",
            "content": "范德一彪曾经曰过：改抢了 是不是？",
            "time": "20-4-23 21:47"
        },
        {
            "comment id": 3,
            "parent": 2,
            "children": [],
            "user id": "6018228099",
            "user name": "深圳令狐冲",
            "content": "唉……",
            "time": "20-4-23 21:48"
        },
        {
            "comment id": 4,
            "parent": -1,
            "children": [
                5
            ],
            "user id": "6619435753",
            "user name": "天地有情容我醉",
            "content": "可怜的中国人",
            "time": "20-4-23 21:31"
        },
        {
            "comment id": 5,
            "parent": 4,
            "children": [],
            "user id": "6018228099",
            "user name": "深圳令狐冲",
            "content": "是啊！",
            "time": "20-4-23 21:34"
        },
        {
            "comment id": 6,
            "parent": -1,
            "children": [
                7
            ],
            "user id": "1894045845",
            "user name": "河洛波哥",
            "content": "列如失信名单",
            "time": "20-4-23 22:18"
        },
        {
            "comment id": 7,
            "parent": 6,
            "children": [],
            "user id": "6018228099",
            "user name": "深圳令狐冲",
            "content": "唉，有权任性",
            "time": "20-4-23 22:21"
        },
        {
            "comment id": 8,
            "parent": -1,
            "children": [
                9
            ],
            "user id": "5527569838",
            "user name": "花泽卿菜-",
            "content": "哪个银行",
            "time": "20-4-23 21:27"
        },
        {
            "comment id": 9,
            "parent": 8,
            "children": [],
            "user id": "6018228099",
            "user name": "深圳令狐冲",
            "content": "不知道",
            "time": "20-4-23 21:30"
        },
        {
            "comment id": 10,
            "parent": -1,
            "children": [],
            "user id": "1827652007",
            "user name": "于建嵘",
            "content": "1、根据现行法律，第一顺序和第二顺序继承人全部在死者之前故去，没有合法序列继承人，死者遗产有死者生前所属集体单位或国家所有。银行据此操作，合法。2、本案中侄儿侄女在老人生病期间，出钱出力对老人进行照顾，理应获得相应的回报。可由民政部门支付八万元给老人的侄儿侄女。",
            "time": "20-4-23 22:52"
        },
        {
            "comment id": 11,
            "parent": -1,
            "children": [],
            "user id": "1704832685",
            "user name": "happy热哥",
            "content": "按银行的逻辑，人去世后，欠了贷款亲人是不是可以不用还？",
            "time": "20-4-23 23:55"
        },
        {
            "comment id": 12,
            "parent": -1,
            "children": [],
            "user id": "7397506857",
            "user name": "生命凯歌95",
            "content": "依法文明的抢",
            "time": "20-4-23 23:06"
        },
        {
            "comment id": 13,
            "parent": -1,
            "children": [],
            "user id": "1984868334",
            "user name": "Joseph_Ivan",
            "content": "怎么这么多人不懂法，这是银行考虑到这笔钱涉及到继承权的问题，为了以后不扯皮",
            "time": "20-4-24 00:03"
        },
        {
            "comment id": 14,
            "parent": -1,
            "children": [],
            "user id": "6553728769",
            "user name": "那年的小凡2018",
            "content": "无耻！",
            "time": "20-4-24 06:01"
        },
        {
            "comment id": 15,
            "parent": -1,
            "children": [],
            "user id": "1676350277",
            "user name": "我凡的妈妈",
            "content": "生前生病不用国家管，怎么死后遗产却由国家管了。",
            "time": "20-4-24 00:27"
        },
        {
            "comment id": 16,
            "parent": -1,
            "children": [],
            "user id": "7414491682",
            "user name": "卓安魏律师",
            "content": "按照继承法规定，侄女确实不属于法定继承人序列之一。如果侄女要拿该遗产有三个途径，第一有合法的遗嘱，第二，有遗赠扶养协议，第三，对被继承人承担了扶养义务。如果没有上述三种条件之一，该被继承人遗产视为无人继承遗产，遗产将归国家或者被继承人所在的集体经济组织集体所有。",
            "time": "20-4-23 22:57"
        },
        {
            "comment id": 17,
            "parent": -1,
            "children": [],
            "user id": "3801320185",
            "user name": "mhch0829",
            "content": "可怜。。。",
            "time": "20-4-24 05:56"
        },
        {
            "comment id": 18,
            "parent": -1,
            "children": [],
            "user id": "2257386350",
            "user name": "饭搭子-同桌之缘",
            "content": "为这几万块钱单单办个公证，各项成本开销和花费的精力就不止这个数，很多人基本就放弃了！",
            "time": "20-4-23 23:39"
        },
        {
            "comment id": 19,
            "parent": -1,
            "children": [],
            "user id": "1400677507",
            "user name": "欢乐小鱼儿75",
            "content": "密码都告知侄女了不能算赠与的证据？",
            "time": "20-4-24 21:04"
        },
        {
            "comment id": 20,
            "parent": -1,
            "children": [],
            "user id": "1401092395",
            "user name": "cs围城石",
            "content": "你跟它斗？小心点",
            "time": "20-4-24 09:48"
        },
        {
            "comment id": 21,
            "parent": -1,
            "children": [],
            "user id": "7214328426",
            "user name": "敬子1658",
            "content": "转发微博",
            "time": "20-4-23 21:44"
        },
        {
            "comment id": 22,
            "parent": -1,
            "children": [],
            "user id": "2605115943",
            "user name": "俺的小新的围脖",
            "content": "不照顾一天，凭啥继承人家的钱！无耻！",
            "time": "20-4-24 01:01"
        },
        {
            "comment id": 23,
            "parent": -1,
            "children": [],
            "user id": "2169741301",
            "user name": "民声小号",
            "content": "侄子侄女是第几继承人？",
            "time": "20-4-24 00:12"
        },
        {
            "comment id": 24,
            "parent": -1,
            "children": [],
            "user id": "6089457375",
            "user name": "rival888",
            "content": "这法律必须修改，第一、第二继承人都不存在的话，按近亲远亲依次继承下去！",
            "time": "20-4-23 23:46"
        },
        {
            "comment id": 25,
            "parent": -1,
            "children": [],
            "user id": "2342443442",
            "user name": "奴隶1000",
            "content": "这样的钱银行吃了多少？",
            "time": "20-4-23 23:01"
        }
    ]
}