{
    "source": {
        "content": "有大爱的姑娘 ",
        "time": "20-4-27 09:58",
        "user id": "2082436847",
        "tweet id": "IFef1xc1E",
        "label": 1,
        "theme": null
    },
    "comment": [
        {
            "comment id": 0,
            "parent": -1,
            "children": [
                5,
                7,
                8,
                11,
                12,
                14,
                15,
                18,
                20,
                21,
                22
            ],
            "user id": "2078072110",
            "user name": "无锡房哥",
            "content": "谁能娶到这种媳妇有福了，旺夫",
            "time": "20-4-27 10:37"
        },
        {
            "comment id": 1,
            "parent": 2,
            "children": [],
            "user id": "1502852523",
            "user name": "朔北过客",
            "content": "回复@无锡房哥:她嫁不嫁是她的自由。",
            "time": "20-4-27 15:26"
        },
        {
            "comment id": 2,
            "parent": 3,
            "children": [
                1
            ],
            "user id": "2078072110",
            "user name": "无锡房哥",
            "content": "回复@皮皮乐和洗衣机:来来来接招",
            "time": "20-4-27 13:21"
        },
        {
            "comment id": 3,
            "parent": 4,
            "children": [
                2
            ],
            "user id": "2824272052",
            "user name": "皮皮乐和洗衣机",
            "content": "回复@无锡房哥:哈哈哈拳师要对你出击了兄弟",
            "time": "20-4-27 13:19"
        },
        {
            "comment id": 4,
            "parent": 5,
            "children": [
                3
            ],
            "user id": "2078072110",
            "user name": "无锡房哥",
            "content": "回复@鹿湿湿:还真是，坚决不同意",
            "time": "20-4-27 13:19"
        },
        {
            "comment id": 5,
            "parent": 0,
            "children": [
                4
            ],
            "user id": "7013947331",
            "user name": "鹿湿湿",
            "content": "不同意，你设身处地想一下……",
            "time": "20-4-27 13:17"
        },
        {
            "comment id": 6,
            "parent": 19,
            "children": [],
            "user id": "2091069020",
            "user name": "雷曼Dang",
            "content": "回复@亲自脱裤子注册:你没g点。你就是跟JB。",
            "time": "20-4-27 13:17"
        },
        {
            "comment id": 7,
            "parent": 0,
            "children": [],
            "user id": "7370789008",
            "user name": "高配红旗天窗话筒",
            "content": "回复@木兰辞1993:那他是怎么知道这个护士有想嫁的意愿呢？没有知道她是否有想嫁的意愿的情况下就BB“旺夫”“有福”等等。。。啧啧啧",
            "time": "20-4-27 12:50"
        },
        {
            "comment id": 8,
            "parent": 0,
            "children": [],
            "user id": "2078072110",
            "user name": "无锡房哥",
            "content": "回复@强壮的老妇:都可以只要你乐意",
            "time": "20-4-27 12:48"
        },
        {
            "comment id": 9,
            "parent": 15,
            "children": [],
            "user id": "2373329062",
            "user name": "你在昆仑仙境",
            "content": "回复@高配红旗天窗话筒:他分明是说“谁能娶到”，而没有说“她是否愿意嫁”。这也太附会了吧。",
            "time": "20-4-27 12:47"
        },
        {
            "comment id": 10,
            "parent": 12,
            "children": [],
            "user id": "2114972145",
            "user name": "强壮小爽",
            "content": "回复@无锡房哥:没看我写的旺妻吗",
            "time": "20-4-27 12:45"
        },
        {
            "comment id": 11,
            "parent": 0,
            "children": [],
            "user id": "6345664345",
            "user name": "Akila荔荔",
            "content": "？？？？？",
            "time": "20-4-27 12:44"
        },
        {
            "comment id": 12,
            "parent": 0,
            "children": [
                10
            ],
            "user id": "2078072110",
            "user name": "无锡房哥",
            "content": "回复@强壮的老妇:都一样，没看我写的娶了这个女孩有福吗？",
            "time": "20-4-27 12:43"
        },
        {
            "comment id": 13,
            "parent": 20,
            "children": [],
            "user id": "2114972145",
            "user name": "强壮小爽",
            "content": "回复@无锡房哥:这样的好女孩，应该找个旺妻的男人～",
            "time": "20-4-27 12:42"
        },
        {
            "comment id": 14,
            "parent": 0,
            "children": [],
            "user id": "7272971181",
            "user name": "你闹闹闹闹闹闹闹闹闹闹闹闹",
            "content": "您看看找个什么样的男人能旺妻呢",
            "time": "20-4-27 12:23"
        },
        {
            "comment id": 15,
            "parent": 0,
            "children": [
                9
            ],
            "user id": "7370789008",
            "user name": "高配红旗天窗话筒",
            "content": "回复@木兰辞1993:问题在于层主“己所欲硬施于人”",
            "time": "20-4-27 12:14"
        },
        {
            "comment id": 16,
            "parent": 17,
            "children": [],
            "user id": "2373329062",
            "user name": "你在昆仑仙境",
            "content": "回复@高配红旗天窗话筒:己所不欲勿施于人",
            "time": "20-4-27 12:12"
        },
        {
            "comment id": 17,
            "parent": 20,
            "children": [
                16
            ],
            "user id": "7370789008",
            "user name": "高配红旗天窗话筒",
            "content": "回复@无锡房哥:独身有什么不好吗？",
            "time": "20-4-27 12:08"
        },
        {
            "comment id": 18,
            "parent": 0,
            "children": [],
            "user id": "7122728156",
            "user name": "改名是为了不让你发现",
            "content": "？？？",
            "time": "20-4-27 12:05"
        },
        {
            "comment id": 19,
            "parent": 21,
            "children": [
                6
            ],
            "user id": "1010911625",
            "user name": "亲自脱裤子注册",
            "content": "回复@雷曼Dang:G点真多",
            "time": "20-4-27 11:49"
        },
        {
            "comment id": 20,
            "parent": 0,
            "children": [
                13,
                17
            ],
            "user id": "2078072110",
            "user name": "无锡房哥",
            "content": "杠精真多，这么好的姑娘不要嫁人吗，让她独身？",
            "time": "20-4-27 10:46"
        },
        {
            "comment id": 21,
            "parent": 0,
            "children": [
                19
            ],
            "user id": "2091069020",
            "user name": "雷曼Dang",
            "content": "这种话建议删了，容易引起不适",
            "time": "20-4-27 10:41"
        },
        {
            "comment id": 22,
            "parent": 0,
            "children": [],
            "user id": "1720247105",
            "user name": "傻子686",
            "content": "谢邀，姑娘太优秀不要碰瓷",
            "time": "20-4-27 10:41"
        },
        {
            "comment id": 23,
            "parent": -1,
            "children": [
                24
            ],
            "user id": "1882387712",
            "user name": "看云彩的小猴子",
            "content": "最讨厌这种漂亮姑娘，啥都好，让你不得不喜欢。",
            "time": "20-4-27 10:58"
        },
        {
            "comment id": 24,
            "parent": 23,
            "children": [],
            "user id": "1935757464",
            "user name": "ss_zz09",
            "content": "太TMD有才了。",
            "time": "20-4-27 12:58"
        },
        {
            "comment id": 25,
            "parent": -1,
            "children": [],
            "user id": "2644740417",
            "user name": "江边钓友",
            "content": "真正的白衣天使！",
            "time": "20-4-27 10:24"
        },
        {
            "comment id": 26,
            "parent": -1,
            "children": [],
            "user id": "7314357526",
            "user name": "转贴专业户2021",
            "content": "我们记住你：贾晓月，2020年25岁。连云港人。目前在南京一家民营医疗机构任职护士。",
            "time": "20-4-27 12:32"
        },
        {
            "comment id": 27,
            "parent": -1,
            "children": [],
            "user id": "1883740884",
            "user name": "诗说天下W",
            "content": "别再空谈什么大爱，来点儿真金白银才是正道！//@江苏道法自然:",
            "time": "20-4-27 14:03"
        },
        {
            "comment id": 28,
            "parent": -1,
            "children": [],
            "user id": "6615705756",
            "user name": "霸奔儿波1240",
            "content": "人美心也美，很难得。",
            "time": "20-4-27 10:36"
        },
        {
            "comment id": 29,
            "parent": -1,
            "children": [],
            "user id": "5451272707",
            "user name": "晓风晨月725",
            "content": "真正的志愿者",
            "time": "20-4-27 13:14"
        },
        {
            "comment id": 30,
            "parent": -1,
            "children": [],
            "user id": "5143253004",
            "user name": "小猪要蘸酱",
            "content": "顶上赤裸裸的不实消息，真的是讽刺哈哈哈",
            "time": "20-6-11 08:34"
        },
        {
            "comment id": 31,
            "parent": -1,
            "children": [],
            "user id": "7408849998",
            "user name": "极美-田伟强",
            "content": "志愿的目的不是默默付出么？难道还有别的目的？",
            "time": "20-5-22 07:46"
        },
        {
            "comment id": 32,
            "parent": -1,
            "children": [],
            "user id": "1800317500",
            "user name": "临水聼风",
            "content": "善良有大爱的姑娘",
            "time": "20-4-28 08:14"
        },
        {
            "comment id": 33,
            "parent": -1,
            "children": [],
            "user id": "2248731273",
            "user name": "景京心魔",
            "content": "先把编制解决了再说",
            "time": "20-4-27 22:48"
        },
        {
            "comment id": 34,
            "parent": -1,
            "children": [],
            "user id": "3397228612",
            "user name": "Gangstary",
            "content": "你真美 从外到里",
            "time": "20-4-27 21:13"
        },
        {
            "comment id": 35,
            "parent": -1,
            "children": [],
            "user id": "7386804120",
            "user name": "同飲一江水撒",
            "content": "观察网辟谣啦",
            "time": "20-4-27 21:13"
        },
        {
            "comment id": 36,
            "parent": -1,
            "children": [],
            "user id": "5089224849",
            "user name": "羊小小高",
            "content": "又是一位感天动地的平凡人，谢谢你，深深鞠躬。",
            "time": "20-4-27 19:49"
        },
        {
            "comment id": 37,
            "parent": -1,
            "children": [],
            "user id": "1937103575",
            "user name": "我们都爱德尔塔脸",
            "content": "好姑娘",
            "time": "20-4-27 19:47"
        },
        {
            "comment id": 38,
            "parent": -1,
            "children": [],
            "user id": "3036266903",
            "user name": "楚剑寒芒2012",
            "content": "",
            "time": "20-4-27 19:21"
        },
        {
            "comment id": 39,
            "parent": -1,
            "children": [],
            "user id": "1735406070",
            "user name": "如来是我哥_an5",
            "content": "好美",
            "time": "20-4-27 18:55"
        },
        {
            "comment id": 40,
            "parent": -1,
            "children": [],
            "user id": "3089628831",
            "user name": "思考---快与慢",
            "content": "有木有编制太重要了",
            "time": "20-4-27 18:23"
        },
        {
            "comment id": 41,
            "parent": -1,
            "children": [],
            "user id": "5944043145",
            "user name": "万老二63",
            "content": "看多所谓正能量没有一点感动反尔有点倒胃了，这种平平常常的事迹才能受人敬重！",
            "time": "20-4-27 17:05"
        },
        {
            "comment id": 42,
            "parent": -1,
            "children": [],
            "user id": "2002985615",
            "user name": "仰望天空ving",
            "content": "真正的白衣天使！",
            "time": "20-4-27 16:58"
        },
        {
            "comment id": 43,
            "parent": -1,
            "children": [],
            "user id": "6864574379",
            "user name": "東門奴仔",
            "content": "钦敬",
            "time": "20-4-27 14:55"
        },
        {
            "comment id": 44,
            "parent": -1,
            "children": [],
            "user id": "1723118767",
            "user name": "我在地球修飞船",
            "content": "勇敢的善良人！//@边境计划firefly: 人间还有希望//@yf23_87801://@左行唯我://@大红矛:人美心更美。",
            "time": "20-4-27 14:46"
        },
        {
            "comment id": 45,
            "parent": -1,
            "children": [],
            "user id": "1229197750",
            "user name": "都亭侯虎贲中郎将",
            "content": "我愿意做备胎",
            "time": "20-4-27 14:37"
        },
        {
            "comment id": 46,
            "parent": -1,
            "children": [],
            "user id": "7402241914",
            "user name": "易水犹寒85",
            "content": "英雄的城市是靠英雄的人民缔造的",
            "time": "20-4-27 14:36"
        },
        {
            "comment id": 47,
            "parent": -1,
            "children": [],
            "user id": "1362957751",
            "user name": "掐你bo子",
            "content": "嫁给我吧 晓月 我是认真的",
            "time": "20-4-27 14:31"
        },
        {
            "comment id": 48,
            "parent": -1,
            "children": [],
            "user id": "2035099983",
            "user name": "Jojeongho",
            "content": "大姑娘真棒希望能够得到支持",
            "time": "20-4-27 14:28"
        },
        {
            "comment id": 49,
            "parent": -1,
            "children": [],
            "user id": "3895980553",
            "user name": "莫道晚来",
            "content": "呃，有点儿疑问，4月2号就可以自己买票离开武汉了？",
            "time": "20-4-27 14:04"
        },
        {
            "comment id": 50,
            "parent": -1,
            "children": [],
            "user id": "1562659881",
            "user name": "清秋梧桐语",
            "content": "真正的偉大",
            "time": "20-4-27 13:51"
        },
        {
            "comment id": 51,
            "parent": -1,
            "children": [],
            "user id": "1899959185",
            "user name": "7sevsn",
            "content": "好姑娘",
            "time": "20-4-27 13:47"
        },
        {
            "comment id": 52,
            "parent": -1,
            "children": [],
            "user id": "1816416280",
            "user name": "朱应明律师",
            "content": "国家应给予其补贴待遇，自愿上前线者应一视同仁。//@隋彭生民商法: //@律师一诚信尽职: 施恩不求报，与人不追悔。所谓善人，人皆敬之，天道佑之，福禄随之。众邪远之，神灵卫之，所作必成，神仙可冀。//@广州城堡堡主:多好的姑娘//@承诺一生L//@酒说诗话://@夜宵遥:真是一个好姑娘",
            "time": "20-4-27 13:42"
        },
        {
            "comment id": 53,
            "parent": -1,
            "children": [],
            "user id": "1833064904",
            "user name": "士兵突击99",
            "content": "我大江苏好儿女。",
            "time": "20-4-27 13:39"
        },
        {
            "comment id": 54,
            "parent": -1,
            "children": [],
            "user id": "3637049587",
            "user name": "cjt春水东流",
            "content": "好姑娘 #贾晓月#    #贾晓月护士#    @何春银微想 @江苏道法自然 @南京大俭 ",
            "time": "20-4-27 13:27"
        },
        {
            "comment id": 55,
            "parent": -1,
            "children": [],
            "user id": "2187028097",
            "user name": "步云大地",
            "content": "这位必须点赞",
            "time": "20-4-27 13:25"
        },
        {
            "comment id": 56,
            "parent": -1,
            "children": [],
            "user id": "3765234454",
            "user name": "中二兔",
            "content": "伟大",
            "time": "20-4-27 11:51"
        },
        {
            "comment id": 57,
            "parent": -1,
            "children": [],
            "user id": "2739121513",
            "user name": "大毛猴仔",
            "content": "无以言表唯有点赞👍",
            "time": "20-4-27 10:05"
        },
        {
            "comment id": 58,
            "parent": -1,
            "children": [],
            "user id": "2647139105",
            "user name": "欠扁大神",
            "content": "希望比照编制内给予奖励",
            "time": "20-4-27 12:40"
        },
        {
            "comment id": 59,
            "parent": -1,
            "children": [],
            "user id": "6382019485",
            "user name": "i-漫長當下Mahsing_",
            "content": "这样的人和事，让人在每每#人间不值得#时，能感受到人性中最#温暖纯良#的部分！是我们苦苦挣扎也依然想守护的，虚无中的意义！",
            "time": "20-4-27 10:31"
        },
        {
            "comment id": 60,
            "parent": -1,
            "children": [],
            "user id": "2044273063",
            "user name": "华盛小成",
            "content": "必须必的转发支持白衣战士🙏",
            "time": "20-4-27 13:21"
        },
        {
            "comment id": 61,
            "parent": -1,
            "children": [],
            "user id": "5854806161",
            "user name": "公子骑鲸",
            "content": "更值得致敬与宣传，没有红旗招展，人山人海，更可敬！真美！",
            "time": "20-4-27 13:01"
        },
        {
            "comment id": 62,
            "parent": -1,
            "children": [],
            "user id": "1878361481",
            "user name": "呼延道",
            "content": "真漂亮",
            "time": "20-4-27 12:37"
        },
        {
            "comment id": 63,
            "parent": -1,
            "children": [],
            "user id": "2513465192",
            "user name": "小-八斤",
            "content": "转发微博",
            "time": "20-4-27 12:24"
        },
        {
            "comment id": 64,
            "parent": -1,
            "children": [],
            "user id": "1726168205",
            "user name": "明少貞臣院",
            "content": "棒",
            "time": "20-4-27 12:12"
        },
        {
            "comment id": 65,
            "parent": -1,
            "children": [],
            "user id": "1724826115",
            "user name": "Sarkara",
            "content": "谢谢晓月。",
            "time": "20-4-27 11:50"
        },
        {
            "comment id": 66,
            "parent": -1,
            "children": [],
            "user id": "2278124283",
            "user name": "书客千里",
            "content": "大仁，大爱，大美",
            "time": "20-4-27 11:08"
        },
        {
            "comment id": 67,
            "parent": -1,
            "children": [],
            "user id": "2320720980",
            "user name": "科主任",
            "content": "医者仁心.",
            "time": "20-4-27 10:06"
        },
        {
            "comment id": 68,
            "parent": -1,
            "children": [],
            "user id": "1643118507",
            "user name": "余杰刚",
            "content": "大连滞留志愿者都跟团走的，这位一个人回去？",
            "time": "20-4-27 12:19"
        },
        {
            "comment id": 69,
            "parent": -1,
            "children": [],
            "user id": "5971748254",
            "user name": "红尘验货员",
            "content": "",
            "time": "20-4-27 11:52"
        },
        {
            "comment id": 70,
            "parent": -1,
            "children": [],
            "user id": "1441352435",
            "user name": "查太太呀",
            "content": "好人一生平安",
            "time": "20-4-27 13:21"
        },
        {
            "comment id": 71,
            "parent": -1,
            "children": [],
            "user id": "2435544143",
            "user name": "大胡同刘四爷",
            "content": "好姑娘必须曝光啊👏",
            "time": "20-4-27 13:18"
        },
        {
            "comment id": 72,
            "parent": -1,
            "children": [],
            "user id": "2724674351",
            "user name": "乌江之恨本尊",
            "content": "好美的姑娘",
            "time": "20-4-27 13:13"
        },
        {
            "comment id": 73,
            "parent": -1,
            "children": [],
            "user id": "7384828539",
            "user name": "lzmin98",
            "content": "大爱！精诚！应该有掌声！",
            "time": "20-4-27 13:12"
        },
        {
            "comment id": 74,
            "parent": -1,
            "children": [],
            "user id": "1694264223",
            "user name": "lawgal",
            "content": "好美的姑娘 真好",
            "time": "20-4-27 13:06"
        },
        {
            "comment id": 75,
            "parent": -1,
            "children": [],
            "user id": "1084620290",
            "user name": "王小二roy",
            "content": "让我知道了美的含义，谢谢您",
            "time": "20-4-27 12:58"
        },
        {
            "comment id": 76,
            "parent": -1,
            "children": [],
            "user id": "2509531657",
            "user name": "湖山书僮cwq",
            "content": "瞬间被感动了",
            "time": "20-4-27 12:51"
        },
        {
            "comment id": 77,
            "parent": -1,
            "children": [],
            "user id": "5894188925",
            "user name": "洪荒之力蜜汁自信",
            "content": "转发微博",
            "time": "20-4-27 12:47"
        },
        {
            "comment id": 78,
            "parent": -1,
            "children": [],
            "user id": "1785855692",
            "user name": "抽烟喝酒烫头渣浪",
            "content": "太可怜了",
            "time": "20-4-27 12:43"
        },
        {
            "comment id": 79,
            "parent": -1,
            "children": [],
            "user id": "5469638354",
            "user name": "史硕东10141",
            "content": "必须点赞，人靓心美",
            "time": "20-4-27 12:43"
        },
        {
            "comment id": 80,
            "parent": -1,
            "children": [],
            "user id": "1434258574",
            "user name": "汤大泥",
            "content": "转发微博",
            "time": "20-4-27 12:42"
        },
        {
            "comment id": 81,
            "parent": -1,
            "children": [],
            "user id": "6860026517",
            "user name": "后知后觉GQH",
            "content": "",
            "time": "20-4-27 12:34"
        },
        {
            "comment id": 82,
            "parent": -1,
            "children": [],
            "user id": "2736793071",
            "user name": "成长的想想",
            "content": "4.2武汉还尚未解封好么",
            "time": "20-4-27 12:33"
        },
        {
            "comment id": 83,
            "parent": -1,
            "children": [],
            "user id": "6904763171",
            "user name": "梦中倾冇",
            "content": "真是，侠胆柔肠。太美好了",
            "time": "20-4-27 12:28"
        },
        {
            "comment id": 84,
            "parent": -1,
            "children": [],
            "user id": "5691923498",
            "user name": "哈喽睿乐坏2",
            "content": "漂亮",
            "time": "20-4-27 12:27"
        },
        {
            "comment id": 85,
            "parent": -1,
            "children": [],
            "user id": "1885453912",
            "user name": "likuidcrystal",
            "content": "多好的姑娘，希望国家不要忘记她",
            "time": "20-4-27 12:26"
        },
        {
            "comment id": 86,
            "parent": -1,
            "children": [],
            "user id": "1781035305",
            "user name": "wingho_yip",
            "content": "品格高尚",
            "time": "20-4-27 12:23"
        },
        {
            "comment id": 87,
            "parent": -1,
            "children": [],
            "user id": "2143577334",
            "user name": "金城江老路",
            "content": "人间大爱",
            "time": "20-4-27 12:21"
        },
        {
            "comment id": 88,
            "parent": -1,
            "children": [],
            "user id": "2338046870",
            "user name": "应动不应静",
            "content": "棒棒哒！㊗️ 事业顺利，身体健康！！！",
            "time": "20-4-27 12:19"
        },
        {
            "comment id": 89,
            "parent": -1,
            "children": [],
            "user id": "2478608210",
            "user name": "逗逗梦语0609",
            "content": "这就是人间大爱//@广州城堡堡主: 多好的姑娘//@承诺一生L:真是一位好人！！//@酒说诗话://@夜宵遥:真是一个好姑娘",
            "time": "20-4-27 12:17"
        },
        {
            "comment id": 90,
            "parent": -1,
            "children": [],
            "user id": "2144255035",
            "user name": "梅威斯寇",
            "content": "好姑娘，美丽又善良！",
            "time": "20-4-27 12:15"
        },
        {
            "comment id": 91,
            "parent": -1,
            "children": [],
            "user id": "5993344270",
            "user name": "浪漫不渝t",
            "content": "真美真好看",
            "time": "20-4-27 12:14"
        },
        {
            "comment id": 92,
            "parent": -1,
            "children": [],
            "user id": "1905251234",
            "user name": "冰火qf",
            "content": "共和国之盾。",
            "time": "20-4-27 12:02"
        },
        {
            "comment id": 93,
            "parent": -1,
            "children": [],
            "user id": "1106895770",
            "user name": "维迪耐德翻译实践与研究",
            "content": "//@拾豆叁_mufc: //@广州城堡堡主:多好的姑娘//@承诺一生L:真是一位好人！！//@酒说诗话://@夜宵遥:真是一个好姑娘",
            "time": "20-4-27 11:55"
        },
        {
            "comment id": 94,
            "parent": -1,
            "children": [],
            "user id": "3179780574",
            "user name": "厦门煮酒",
            "content": "多好的姑娘//@广州城堡堡主: 多好的姑娘//@承诺一生L:真是一位好人！！//@酒说诗话://@夜宵遥:真是一个好姑娘",
            "time": "20-4-27 11:54"
        },
        {
            "comment id": 95,
            "parent": -1,
            "children": [],
            "user id": "2275648234",
            "user name": "Inside_Combat_Rescue",
            "content": "天使！佩服！",
            "time": "20-4-27 11:51"
        },
        {
            "comment id": 96,
            "parent": -1,
            "children": [],
            "user id": "1010911625",
            "user name": "亲自脱裤子注册",
            "content": "这种姑娘真是好，父母一定很善良",
            "time": "20-4-27 11:50"
        },
        {
            "comment id": 97,
            "parent": -1,
            "children": [],
            "user id": "5278084514",
            "user name": "昆仑山勋爵",
            "content": "",
            "time": "20-4-27 11:30"
        },
        {
            "comment id": 98,
            "parent": -1,
            "children": [],
            "user id": "2826443802",
            "user name": "欣求3",
            "content": "中国未来——更加光明正大之希望所在！自知之明，知他之智，二者的真正统一=在自己！只问耕耘，莫取收获。共青团的恢复、重构，离不开这一主体宗旨地真诚践行！//@私家野史: ",
            "time": "20-4-27 11:26"
        },
        {
            "comment id": 99,
            "parent": -1,
            "children": [],
            "user id": "5034402035",
            "user name": "染lucky",
            "content": "//@无锡房哥: 谁能娶到这种媳妇有福了，旺夫",
            "time": "20-4-27 10:58"
        },
        {
            "comment id": 100,
            "parent": -1,
            "children": [],
            "user id": "1043001757",
            "user name": "回到事物本身",
            "content": "太美了吧！",
            "time": "20-4-27 10:38"
        },
        {
            "comment id": 101,
            "parent": -1,
            "children": [],
            "user id": "1435324995",
            "user name": "飞天306",
            "content": "美丽的人，美丽的心。",
            "time": "20-4-27 10:29"
        },
        {
            "comment id": 102,
            "parent": -1,
            "children": [],
            "user id": "1155421651",
            "user name": "希望19900104",
            "content": "优秀，应该算杰出青年代表。",
            "time": "20-4-27 10:29"
        }
    ]
}