{
    "source": {
        "content": "外卖小哥马路边遭两壮汉殴打，同行赶到后帮忙引发多人互殴。#外卖小哥惨遭两老外群殴# 外卖职业得不到尊重！经常受到歧视！在此我是支持外卖小哥 物之联-Rowley的微博视频 ",
        "time": "20-4-30 21:44",
        "user id": "6050014568",
        "tweet id": "IFL9aw5oy",
        "label": 1,
        "theme": null
    },
    "comment": [
        {
            "comment id": 0,
            "parent": -1,
            "children": [
                1,
                2,
                3,
                4,
                5,
                6,
                7
            ],
            "user id": "1722192673",
            "user name": "再别盗我号",
            "content": "旁边背手看戏的中国男人，垃圾一个，哪天被外国人欺负了也别想着别人帮你。",
            "time": "20-5-1 08:23"
        },
        {
            "comment id": 1,
            "parent": 0,
            "children": [],
            "user id": "6534558874",
            "user name": "老樊有了姑娘",
            "content": "回复@如果一朵花是美丽的:没有针对你的意思姐姐，就是这个视频真的是这两个外国人特别过分我看不下去，你这么说我才说的",
            "time": "20-5-12 16:55"
        },
        {
            "comment id": 2,
            "parent": 0,
            "children": [],
            "user id": "6534558874",
            "user name": "老樊有了姑娘",
            "content": "回复@如果一朵花是美丽的:我没作业，我都准备秋招了，你在说什么啊姐姐，这不挺好吗，还给你寄防疫品。",
            "time": "20-5-12 16:54"
        },
        {
            "comment id": 3,
            "parent": 0,
            "children": [],
            "user id": "6534558874",
            "user name": "老樊有了姑娘",
            "content": "回复@如果一朵花是美丽的:因为最近很多回国的不管是留学还是上班挤破头了往我们国家跑，这实在没办法，我说的是实话",
            "time": "20-5-12 16:50"
        },
        {
            "comment id": 4,
            "parent": 0,
            "children": [],
            "user id": "6534558874",
            "user name": "老樊有了姑娘",
            "content": "回复@如果一朵花是美丽的:对不起，这个视频原版包括语音我都看过谁对谁错我知道，先撞得人先动手打人还是在我们中国本来就是不对，人人像你袖手旁观，哪怕是很多生命就挽救不了了姐姐",
            "time": "20-5-12 16:49"
        },
        {
            "comment id": 5,
            "parent": 0,
            "children": [],
            "user id": "6534558874",
            "user name": "老樊有了姑娘",
            "content": "回复@如果一朵花是美丽的:我们中国疫情控制住了，别回来给添乱啊，日本挺好的，",
            "time": "20-5-12 16:46"
        },
        {
            "comment id": 6,
            "parent": 0,
            "children": [],
            "user id": "6534558874",
            "user name": "老樊有了姑娘",
            "content": "回复@如果一朵花是美丽的:但是后边最开始被打的那个外卖小哥要走还被拉着打你还不明白吗两个外国人仗着身体优势打人还不饶人你细细看看好吧要是乱打架当然不用参和看了你微博我知道了原来日本的呀哈哈哈哈哈哈以后看东西认真一点好吧这个事情原本事件我也看过，就是外国人先撞了人还打人你不了解不要在这里嘟嘟嘟嘟",
            "time": "20-5-12 16:43"
        },
        {
            "comment id": 7,
            "parent": 0,
            "children": [],
            "user id": "6050014568",
            "user name": "坐井观数",
            "content": "对这种人看着就来气",
            "time": "20-5-1 08:27"
        },
        {
            "comment id": 8,
            "parent": -1,
            "children": [],
            "user id": "6376792885",
            "user name": "航空新视角",
            "content": "支持外卖小哥",
            "time": "20-5-1 15:46"
        },
        {
            "comment id": 9,
            "parent": -1,
            "children": [],
            "user id": "3214744230",
            "user name": "Ethan尔冬",
            "content": "那个车都来不及停，直接撞上去的小哥好帅啊",
            "time": "20-5-2 17:54"
        },
        {
            "comment id": 10,
            "parent": -1,
            "children": [],
            "user id": "5135516931",
            "user name": "Piscessaid",
            "content": "看得我热血沸腾 管他谁先犯的错 一致对外",
            "time": "20-5-1 22:47"
        },
        {
            "comment id": 11,
            "parent": -1,
            "children": [],
            "user id": "6380445717",
            "user name": "倚楼醉听风吹雨_",
            "content": "在这问题上坚决支持国人同胞。 白皮猪在中国领土上殴打国人，坚决不能忍！",
            "time": "20-5-2 22:01"
        },
        {
            "comment id": 12,
            "parent": -1,
            "children": [],
            "user id": "1277634705",
            "user name": "爱秦AIQIN",
            "content": "最后河南法制报！",
            "time": "20-5-1 21:25"
        },
        {
            "comment id": 13,
            "parent": -1,
            "children": [],
            "user id": "6240987061",
            "user name": "易烊千玺我女婿yuan",
            "content": "大快人心",
            "time": "20-5-1 05:52"
        },
        {
            "comment id": 14,
            "parent": -1,
            "children": [],
            "user id": "7071470296",
            "user name": "禁爱区X",
            "content": "用头盔砸，砸的爽",
            "time": "20-5-2 08:21"
        },
        {
            "comment id": 15,
            "parent": -1,
            "children": [],
            "user id": "5665549849",
            "user name": "V黑白世界",
            "content": "一定要揍到这丫跪地道歉为止",
            "time": "20-5-1 14:35"
        },
        {
            "comment id": 16,
            "parent": -1,
            "children": [],
            "user id": "2273099447",
            "user name": "弯卷世界",
            "content": "很好，民族自信心大幅提升！赞东北人。",
            "time": "20-5-2 12:22"
        },
        {
            "comment id": 17,
            "parent": -1,
            "children": [],
            "user id": "5288807206",
            "user name": "孙五开",
            "content": "还是同行仗义",
            "time": "20-5-2 02:20"
        },
        {
            "comment id": 18,
            "parent": -1,
            "children": [],
            "user id": "5625453825",
            "user name": "kiki飞飞鱼",
            "content": "他妈的",
            "time": "20-5-2 12:19"
        },
        {
            "comment id": 19,
            "parent": -1,
            "children": [],
            "user id": "1101482567",
            "user name": "我爱小白兔2013",
            "content": "中国的黑人问题不能再拖了，得解决",
            "time": "20-5-2 10:54"
        },
        {
            "comment id": 20,
            "parent": -1,
            "children": [],
            "user id": "6613232292",
            "user name": "晴天Martin2488",
            "content": "打的好！必须重奖他们！",
            "time": "20-5-2 10:48"
        },
        {
            "comment id": 21,
            "parent": -1,
            "children": [],
            "user id": "6429928984",
            "user name": "果仁却秋风",
            "content": "给我打",
            "time": "20-5-2 09:55"
        },
        {
            "comment id": 22,
            "parent": -1,
            "children": [],
            "user id": "1079811635",
            "user name": "微皆雨",
            "content": "打得好",
            "time": "20-5-2 06:29"
        },
        {
            "comment id": 23,
            "parent": -1,
            "children": [],
            "user id": "1742013712",
            "user name": "牛小排NN",
            "content": "干死这些洋垃圾！！！",
            "time": "20-5-2 20:24"
        },
        {
            "comment id": 24,
            "parent": -1,
            "children": [],
            "user id": "2728366013",
            "user name": "Leon_L1u",
            "content": "仗义每多屠狗辈",
            "time": "20-5-3 00:41"
        },
        {
            "comment id": 25,
            "parent": -1,
            "children": [],
            "user id": "2729868045",
            "user name": "让我来开大",
            "content": "塞恩:腕豪，吃我一大招",
            "time": "20-5-11 23:02"
        },
        {
            "comment id": 26,
            "parent": -1,
            "children": [],
            "user id": "2724306603",
            "user name": "秀山脚下二",
            "content": "美团群殴才厉害",
            "time": "20-5-3 13:15"
        },
        {
            "comment id": 27,
            "parent": -1,
            "children": [],
            "user id": "6473809211",
            "user name": "老木子的Iris",
            "content": "打得好",
            "time": "20-5-3 11:56"
        },
        {
            "comment id": 28,
            "parent": -1,
            "children": [],
            "user id": "5637848030",
            "user name": "住在深海的大萝菠里",
            "content": "@绝世皮皮怪",
            "time": "20-5-2 22:08"
        },
        {
            "comment id": 29,
            "parent": -1,
            "children": [],
            "user id": "3472513180",
            "user name": "陈小胖纸",
            "content": "无条件站外卖小哥",
            "time": "20-5-2 20:17"
        },
        {
            "comment id": 30,
            "parent": -1,
            "children": [],
            "user id": "3880367886",
            "user name": "-干涸的河-",
            "content": "转发微博",
            "time": "20-5-2 15:36"
        },
        {
            "comment id": 31,
            "parent": -1,
            "children": [],
            "user id": "3160063470",
            "user name": "歹贼王小武僧",
            "content": "干tmd!",
            "time": "20-5-7 09:27"
        },
        {
            "comment id": 32,
            "parent": -1,
            "children": [],
            "user id": "1669117085",
            "user name": "wokongzhibuzhuwozijile",
            "content": "打得好",
            "time": "20-5-2 18:43"
        }
    ]
}