{
    "source": {
        "content": "#雪乡车祸4死5伤案司机获死缓#突发，雪乡车祸4死5伤，马上过年了，注意安全 ",
        "time": "20-1-7 14:31",
        "user id": "1310437461",
        "tweet id": "IonB45Xs2",
        "label": 1,
        "theme": null
    },
    "comment": [
        {
            "comment id": 0,
            "parent": -1,
            "children": [
                1,
                2,
                3,
                4,
                5,
                6,
                7
            ],
            "user id": "1895975461",
            "user name": "我来试试能不能改ID",
            "content": "突发你吗皮啊，2年前的",
            "time": "20-1-7 14:39"
        },
        {
            "comment id": 1,
            "parent": 0,
            "children": [],
            "user id": "1425519933",
            "user name": "钝姆雷特",
            "content": "不气不气，别跟丫一般见识",
            "time": "20-1-7 19:21"
        },
        {
            "comment id": 2,
            "parent": 0,
            "children": [],
            "user id": "7341103386",
            "user name": "我这有三级包",
            "content": "我也想说",
            "time": "20-1-7 19:14"
        },
        {
            "comment id": 3,
            "parent": 0,
            "children": [],
            "user id": "3929569646",
            "user name": "迷人又可爱的反派饶",
            "content": "只要有关东北必有地域黑，都是中国人咋就这么有越感了",
            "time": "20-1-7 17:51"
        },
        {
            "comment id": 4,
            "parent": 0,
            "children": [],
            "user id": "5263583511",
            "user name": "不要变胖的小鲸鱼",
            "content": "暴躁老哥",
            "time": "20-1-7 17:51"
        },
        {
            "comment id": 5,
            "parent": 0,
            "children": [],
            "user id": "2948657257",
            "user name": "Chenqiuyu87",
            "content": "我还以为是前几天",
            "time": "20-1-7 17:48"
        },
        {
            "comment id": 6,
            "parent": 0,
            "children": [],
            "user id": "5172730841",
            "user name": "豆本豆大豆奶",
            "content": "……",
            "time": "20-1-7 17:42"
        },
        {
            "comment id": 7,
            "parent": 0,
            "children": [],
            "user id": "5503432374",
            "user name": "乄Sanctuary丨夜色灬",
            "content": "你别这样",
            "time": "20-1-7 15:54"
        },
        {
            "comment id": 8,
            "parent": -1,
            "children": [
                9,
                10
            ],
            "user id": "1711751660",
            "user name": "人莱疯疯疯aaa",
            "content": "突个屁发 2017年大锅 服了 要热度也不是这种要法啊",
            "time": "20-1-7 14:52"
        },
        {
            "comment id": 9,
            "parent": 8,
            "children": [],
            "user id": "5075846358",
            "user name": "小刘鸭爪",
            "content": "突发尼玛卖p 两年前的 宁🐎丝",
            "time": "20-1-7 16:49"
        },
        {
            "comment id": 10,
            "parent": 8,
            "children": [],
            "user id": "3946477831",
            "user name": "c_曹达华",
            "content": "无所谓啦，只要有评论就行，反正都算流量的",
            "time": "20-1-7 16:42"
        },
        {
            "comment id": 11,
            "parent": -1,
            "children": [
                12
            ],
            "user id": "3163446895",
            "user name": "杨小念念念念念",
            "content": "怎么看别的博主发的是2017年呢？？？？？？？？？",
            "time": "20-1-7 14:38"
        },
        {
            "comment id": 12,
            "parent": 11,
            "children": [
                13
            ],
            "user id": "1270482250",
            "user name": "靜-思-閣",
            "content": "就是以前的，不是突发",
            "time": "20-1-7 14:39"
        },
        {
            "comment id": 13,
            "parent": 12,
            "children": [],
            "user id": "3163446895",
            "user name": "杨小念念念念念",
            "content": "回复@靜-思-閣:不够严谨",
            "time": "20-1-7 14:49"
        },
        {
            "comment id": 14,
            "parent": -1,
            "children": [
                15
            ],
            "user id": "3012285573",
            "user name": "最爱贵阳",
            "content": "南有丽江，北有雪乡，垃圾地方，严重宰",
            "time": "20-1-7 14:37"
        },
        {
            "comment id": 15,
            "parent": 14,
            "children": [],
            "user id": "6454633573",
            "user name": "水果酸奶_",
            "content": "丽江……！？愿闻其详，还准备去呢",
            "time": "20-1-7 18:19"
        },
        {
            "comment id": 16,
            "parent": -1,
            "children": [],
            "user id": "2405056161",
            "user name": "新典物化",
            "content": "突什么发，2017年的事",
            "time": "20-1-7 14:54"
        },
        {
            "comment id": 17,
            "parent": -1,
            "children": [],
            "user id": "3099367142",
            "user name": "DadaPinkman",
            "content": "17年的 不是突发 别瞎发新闻了好吗",
            "time": "20-1-7 15:31"
        },
        {
            "comment id": 18,
            "parent": -1,
            "children": [],
            "user id": "6238442783",
            "user name": "C-Marlene",
            "content": "两年前的事了，别蹭热度行吗？不看新闻的吗？",
            "time": "20-1-7 15:12"
        },
        {
            "comment id": 19,
            "parent": -1,
            "children": [],
            "user id": "1888736241",
            "user name": "冰棒真好吃",
            "content": "突发？不是2017年吗？",
            "time": "20-1-7 14:41"
        },
        {
            "comment id": 20,
            "parent": -1,
            "children": [],
            "user id": "2696696327",
            "user name": "Pluto2517",
            "content": "突发个鸡儿～2017年的事儿",
            "time": "20-1-7 15:10"
        },
        {
            "comment id": 21,
            "parent": -1,
            "children": [],
            "user id": "2776844005",
            "user name": "____wwwwww",
            "content": "真够突发的  村里通网了",
            "time": "20-1-7 15:30"
        },
        {
            "comment id": 22,
            "parent": -1,
            "children": [],
            "user id": "5269707436",
            "user name": "Singleme-a",
            "content": "这热度给你蹭的，你来告诉我怎么个突发法！",
            "time": "20-1-7 15:16"
        },
        {
            "comment id": 23,
            "parent": -1,
            "children": [],
            "user id": "5674817553",
            "user name": "多冰不要糖谢谢",
            "content": "那路小心行驶都很危险了 还竞逐？司机脑子有泡",
            "time": "20-1-7 15:16"
        },
        {
            "comment id": 24,
            "parent": -1,
            "children": [],
            "user id": "5816054927",
            "user name": "啊静是米肥",
            "content": "突发你个毛线，都几年前的新闻了还来炒作，无下限",
            "time": "20-1-7 15:11"
        },
        {
            "comment id": 25,
            "parent": -1,
            "children": [],
            "user id": "5099669948",
            "user name": "在下姓诸名葛亮",
            "content": "突发你大爷啊  两年前的了",
            "time": "20-1-7 15:04"
        },
        {
            "comment id": 26,
            "parent": -1,
            "children": [],
            "user id": "6138542952",
            "user name": "蜜橘Lee",
            "content": "垃圾博主 这是2017年的新闻",
            "time": "20-1-7 14:51"
        },
        {
            "comment id": 27,
            "parent": -1,
            "children": [],
            "user id": "1650106363",
            "user name": "lady_灿",
            "content": "这不是今年的事情吧",
            "time": "20-1-7 14:33"
        },
        {
            "comment id": 28,
            "parent": -1,
            "children": [],
            "user id": "1906803134",
            "user name": "酸菜炒番茄",
            "content": "这种号不封了留着干啥？",
            "time": "20-1-7 17:22"
        },
        {
            "comment id": 29,
            "parent": -1,
            "children": [],
            "user id": "6372449354",
            "user name": "老帮主",
            "content": "这是被骂出来的热门吗？",
            "time": "20-1-7 18:19"
        },
        {
            "comment id": 30,
            "parent": -1,
            "children": [],
            "user id": "5729199783",
            "user name": "秋秋不是白白胖胖",
            "content": "此内容不实？哈哈哈哈",
            "time": "20-1-7 18:12"
        },
        {
            "comment id": 31,
            "parent": -1,
            "children": [],
            "user id": "1435899263",
            "user name": "-NinaNina-",
            "content": "2017年的！！！！还突发，我呸，垃圾营销号",
            "time": "20-1-7 18:45"
        },
        {
            "comment id": 32,
            "parent": -1,
            "children": [],
            "user id": "6598028775",
            "user name": "阿卡索官微",
            "content": "出门在外，安全第一",
            "time": "20-1-7 17:26"
        },
        {
            "comment id": 33,
            "parent": -1,
            "children": [],
            "user id": "7332223027",
            "user name": "麻瓜也有巫师梦",
            "content": "什么突发啊，2017年的哥哥",
            "time": "20-1-7 15:51"
        },
        {
            "comment id": 34,
            "parent": -1,
            "children": [],
            "user id": "2105539537",
            "user name": "渼少年壯士",
            "content": "不说别的，首先东北有很多贪图便宜拼车而不走正规渠道买火车票汽车票的，司机不会有打表或发票的，那么首先你就要考虑到风险。",
            "time": "20-1-7 15:46"
        },
        {
            "comment id": 35,
            "parent": -1,
            "children": [],
            "user id": "2641928114",
            "user name": "Hiroto的小樱奈",
            "content": "？突发？",
            "time": "20-1-7 15:27"
        },
        {
            "comment id": 36,
            "parent": -1,
            "children": [],
            "user id": "1651751602",
            "user name": "七彩阳光星yy",
            "content": "标题党，两年前的新闻叫突发？",
            "time": "20-1-7 15:26"
        },
        {
            "comment id": 37,
            "parent": -1,
            "children": [],
            "user id": "2725971503",
            "user name": "刘红发yoyo",
            "content": "突发你妹，2017年的车祸你现在这样说，为了流量你也蛮拼的",
            "time": "20-1-7 15:24"
        },
        {
            "comment id": 38,
            "parent": -1,
            "children": [],
            "user id": "5604748423",
            "user name": "kamakama1996",
            "content": "🙏🙏🙏",
            "time": "20-1-7 15:07"
        },
        {
            "comment id": 39,
            "parent": -1,
            "children": [],
            "user id": "7112755991",
            "user name": "月亮心动乐了",
            "content": "注意安全",
            "time": "20-1-7 14:33"
        },
        {
            "comment id": 40,
            "parent": -1,
            "children": [],
            "user id": "5412402835",
            "user name": "幸福生活要努力哦",
            "content": "严惩啊",
            "time": "20-1-7 14:33"
        },
        {
            "comment id": 41,
            "parent": -1,
            "children": [],
            "user id": "7333730943",
            "user name": "柠檬你个酸溜溜lxy",
            "content": "注意安全",
            "time": "20-1-7 14:33"
        },
        {
            "comment id": 42,
            "parent": -1,
            "children": [],
            "user id": "6111774574",
            "user name": "樱花树下的浪漫属于我",
            "content": "举报成功",
            "time": "20-1-7 17:46"
        },
        {
            "comment id": 43,
            "parent": -1,
            "children": [],
            "user id": "5784939878",
            "user name": "Iskandar老蓝",
            "content": "传谣造谣怎么处罚？",
            "time": "20-1-7 16:41"
        },
        {
            "comment id": 44,
            "parent": -1,
            "children": [],
            "user id": "5970349455",
            "user name": "金木犀的绽放",
            "content": "2017年发生的事情，现在这时候拿出来，完全是南方自媒体的丑恶嘴脸，不是骗流量，就是大家都懂",
            "time": "20-1-9 09:37"
        },
        {
            "comment id": 45,
            "parent": -1,
            "children": [],
            "user id": "5292857548",
            "user name": "duangduang小胖子",
            "content": "突你mgb发",
            "time": "20-1-7 19:05"
        },
        {
            "comment id": 46,
            "parent": -1,
            "children": [],
            "user id": "1705131051",
            "user name": "内裤穿外",
            "content": "500",
            "time": "20-1-7 19:00"
        },
        {
            "comment id": 47,
            "parent": -1,
            "children": [],
            "user id": "1213851995",
            "user name": "伊拉的学妹",
            "content": "2年前这样写标题容易误导人",
            "time": "20-1-7 18:44"
        },
        {
            "comment id": 48,
            "parent": -1,
            "children": [],
            "user id": "5140127213",
            "user name": "flower月儿coco",
            "content": "面包车司机呢？",
            "time": "20-1-7 18:18"
        },
        {
            "comment id": 49,
            "parent": -1,
            "children": [],
            "user id": "5577498416",
            "user name": "你有的模样我都爱",
            "content": "出门基本不搭黑车的我",
            "time": "20-1-7 18:00"
        },
        {
            "comment id": 50,
            "parent": -1,
            "children": [],
            "user id": "1692205863",
            "user name": "猫咪们的夏天",
            "content": "@猫咪们的夜行抄",
            "time": "20-1-7 17:46"
        },
        {
            "comment id": 51,
            "parent": -1,
            "children": [],
            "user id": "5041620283",
            "user name": "兰灰色天空",
            "content": "逝者安息",
            "time": "20-1-7 17:43"
        },
        {
            "comment id": 52,
            "parent": -1,
            "children": [],
            "user id": "5771539814",
            "user name": "是成成成成成呀",
            "content": "你们村刚通网？",
            "time": "20-1-7 17:40"
        },
        {
            "comment id": 53,
            "parent": -1,
            "children": [],
            "user id": "3819185595",
            "user name": "vip量子波动砖家",
            "content": "突发你奶奶个大腚眼子",
            "time": "20-1-7 16:43"
        },
        {
            "comment id": 54,
            "parent": -1,
            "children": [],
            "user id": "1827623613",
            "user name": "进军中的粘豆包",
            "content": "别光顾着追热点，爆大新闻。起码得调查还是要有的，起码得新闻旧闻先搞清楚再发也不迟。",
            "time": "20-1-7 16:38"
        },
        {
            "comment id": 55,
            "parent": -1,
            "children": [],
            "user id": "2730638592",
            "user name": "七九_己未羊",
            "content": "瞎啊",
            "time": "20-1-7 16:34"
        },
        {
            "comment id": 56,
            "parent": -1,
            "children": [],
            "user id": "5118950111",
            "user name": "VANILLA_七色",
            "content": "哎",
            "time": "20-1-7 15:50"
        },
        {
            "comment id": 57,
            "parent": -1,
            "children": [],
            "user id": "1156767170",
            "user name": "怀蠢少女bb",
            "content": "一路走好",
            "time": "20-1-7 15:46"
        },
        {
            "comment id": 58,
            "parent": -1,
            "children": [],
            "user id": "2476995247",
            "user name": "奋斗路上的JING",
            "content": "四条命死缓？",
            "time": "20-1-7 15:36"
        },
        {
            "comment id": 59,
            "parent": -1,
            "children": [],
            "user id": "5510323384",
            "user name": "酒浓情伤1358",
            "content": "一定要注意安全。",
            "time": "20-1-7 15:03"
        },
        {
            "comment id": 60,
            "parent": -1,
            "children": [],
            "user id": "5129049430",
            "user name": "素人老董",
            "content": "一个简单的案子，一审就等了两年多，不知道上诉后二审、再审要到猴年马月了，一般老百姓真拖不起，何况承受着白发送黑发之痛。  ​​​",
            "time": "20-1-7 14:36"
        },
        {
            "comment id": 61,
            "parent": -1,
            "children": [],
            "user id": "5510035122",
            "user name": "W是一只飞翔的鹰",
            "content": "一定要注意安全。",
            "time": "20-1-7 14:33"
        },
        {
            "comment id": 62,
            "parent": -1,
            "children": [],
            "user id": "5510323384",
            "user name": "酒浓情伤1358",
            "content": "注意安全。",
            "time": "20-1-7 14:33"
        },
        {
            "comment id": 63,
            "parent": -1,
            "children": [],
            "user id": "1714113461",
            "user name": "盛稀饭",
            "content": "两年前发生的事，咋就变突发了？",
            "time": "20-1-7 14:48"
        },
        {
            "comment id": 64,
            "parent": -1,
            "children": [],
            "user id": "6002104522",
            "user name": "索拉卡尔玛",
            "content": "不实消息不是么",
            "time": "20-1-7 17:40"
        },
        {
            "comment id": 65,
            "parent": -1,
            "children": [],
            "user id": "6395865804",
            "user name": "不要问问就是爱了",
            "content": "是两年前的事故现在宣判了，不是现在发生的，反正要过年了大家一定要注意安全！！！！！",
            "time": "20-1-7 15:22"
        },
        {
            "comment id": 66,
            "parent": -1,
            "children": [],
            "user id": "5859888504",
            "user name": "一九玖芭",
            "content": "注意安全",
            "time": "20-1-7 14:33"
        },
        {
            "comment id": 67,
            "parent": -1,
            "children": [],
            "user id": "3807973089",
            "user name": "烫金真爱手册",
            "content": "注意安全",
            "time": "20-1-7 14:33"
        },
        {
            "comment id": 68,
            "parent": -1,
            "children": [],
            "user id": "7239279226",
            "user name": "吹有钱哥哥的彩虹屁",
            "content": "我看到标头写了不实消息已处理",
            "time": "20-1-7 17:46"
        },
        {
            "comment id": 69,
            "parent": -1,
            "children": [
                70
            ],
            "user id": "1650766147",
            "user name": "bibidibabidiboo_0415",
            "content": "@时刻放松 我知道我不应该@你，但我忍不住",
            "time": "20-1-7 17:47"
        },
        {
            "comment id": 70,
            "parent": 69,
            "children": [],
            "user id": "1870391315",
            "user name": "时刻放松",
            "content": "……",
            "time": "20-1-7 17:53"
        },
        {
            "comment id": 71,
            "parent": -1,
            "children": [],
            "user id": "6547927155",
            "user name": "要减肥肥呀呀1234",
            "content": "@下雨天_小怪兽 卧槽 我就说很危险吧",
            "time": "20-1-7 17:46"
        },
        {
            "comment id": 72,
            "parent": -1,
            "children": [],
            "user id": "5055034748",
            "user name": "喜碧小公主",
            "content": "造谣就是你们这些人了",
            "time": "20-1-7 16:37"
        },
        {
            "comment id": 73,
            "parent": -1,
            "children": [],
            "user id": "1651729861",
            "user name": "美美金很美",
            "content": "旧新闻",
            "time": "20-1-7 14:39"
        },
        {
            "comment id": 74,
            "parent": -1,
            "children": [],
            "user id": "1013670275",
            "user name": "桌角的烟缸",
            "content": "开的慢一点，过年了要注意安全",
            "time": "20-1-7 14:33"
        },
        {
            "comment id": 75,
            "parent": -1,
            "children": [],
            "user id": "6419136050",
            "user name": "意wmy义",
            "content": "愿平安",
            "time": "20-1-7 14:33"
        }
    ]
}