{
    "source": {
        "content": "杭州高铁🚅 站，一男子光顾低头看手机，一脚踩空，高铁同时进站……一时救都没法救了，生不如死啊！😱😱\n希望各位多一点防备多一点留意，走路🚶 千万不要玩手机📱 珍惜眼前的自己。  康忙北鼻_GOGOGO的微博视频 ",
        "time": "20-1-12 13:16",
        "user id": "5057570064",
        "tweet id": "Ip8eWFbSj",
        "label": 1,
        "theme": null
    },
    "comment": [
        {
            "comment id": 0,
            "parent": -1,
            "children": [
                1
            ],
            "user id": "5520786962",
            "user name": "柚子柚子柚柚_",
            "content": "怎么样了",
            "time": "20-1-12 13:17"
        },
        {
            "comment id": 1,
            "parent": 0,
            "children": [
                2
            ],
            "user id": "5057570064",
            "user name": "随遇而安_Garry",
            "content": "不知道啊，转载的，怕是活不了了，胸腔都挤瘪了😱",
            "time": "20-1-12 13:18"
        },
        {
            "comment id": 2,
            "parent": 1,
            "children": [],
            "user id": "5520786962",
            "user name": "柚子柚子柚柚_",
            "content": "回复@康忙北鼻_GOGOGO:好痛苦啊",
            "time": "20-1-12 14:58"
        },
        {
            "comment id": 3,
            "parent": -1,
            "children": [
                4
            ],
            "user id": "5132064472",
            "user name": "善良的肉肉菌",
            "content": "才禁言15天，以后微博应该加个消息来源功能，如果是转发屏蔽了就好，如果是原创应该加大处罚力度",
            "time": "20-1-17 18:14"
        },
        {
            "comment id": 4,
            "parent": 3,
            "children": [],
            "user id": "5057570064",
            "user name": "随遇而安_Garry",
            "content": "嗯嗯，知道啦，我也是好心转发提醒，转载的",
            "time": "20-1-28 15:29"
        },
        {
            "comment id": 5,
            "parent": -1,
            "children": [
                6
            ],
            "user id": "2180113802",
            "user name": "Ethan-吳",
            "content": "谣言哥",
            "time": "20-1-13 18:16"
        },
        {
            "comment id": 6,
            "parent": 5,
            "children": [],
            "user id": "5057570064",
            "user name": "随遇而安_Garry",
            "content": "嗯嗯，知道了",
            "time": "20-1-28 15:54"
        },
        {
            "comment id": 7,
            "parent": -1,
            "children": [
                8
            ],
            "user id": "1906979050",
            "user name": "雪语星飞",
            "content": "谣言",
            "time": "20-1-13 07:36"
        },
        {
            "comment id": 8,
            "parent": 7,
            "children": [],
            "user id": "5057570064",
            "user name": "随遇而安_Garry",
            "content": "嗯嗯",
            "time": "20-1-28 15:54"
        },
        {
            "comment id": 9,
            "parent": -1,
            "children": [],
            "user id": "1684584834",
            "user name": "听雨荷花爱猫猫的妈妈",
            "content": "去年的",
            "time": "20-1-12 23:00"
        },
        {
            "comment id": 10,
            "parent": -1,
            "children": [],
            "user id": "5316628303",
            "user name": "今晚吃鰻魚飯",
            "content": "怎么样了",
            "time": "20-1-12 21:05"
        },
        {
            "comment id": 11,
            "parent": -1,
            "children": [],
            "user id": "1145134574",
            "user name": "Window_Wu",
            "content": "只有切割站台了，只是恐怕那个人等不了多久，估计下身大出血中，赶紧留遗言",
            "time": "20-1-12 18:35"
        }
    ]
}