{
    "source": {
        "content": "意外无处不在[惊恐]杭州站，一乘客光顾看手机，一脚踩空，高铁同时进站，救都没法救，生不如死啊！你在走路时🚶‍♂️千万不要看手机，玩手机！  潘美丽5631935388的微博视频 ",
        "time": "20-1-12 14:49",
        "user id": "5631935388",
        "tweet id": "Ip8QP05TS",
        "label": 1,
        "theme": null
    },
    "comment": [
        {
            "comment id": 0,
            "parent": -1,
            "children": [],
            "user id": "5605281720",
            "user name": "策马山水间",
            "content": "假的，别传了，他走错站台，冒险从铁道穿越时发生",
            "time": "20-1-12 19:09"
        },
        {
            "comment id": 1,
            "parent": -1,
            "children": [],
            "user id": "3816176297",
            "user name": "呢路上挺",
            "content": "杭州的？",
            "time": "20-1-12 16:07"
        },
        {
            "comment id": 2,
            "parent": -1,
            "children": [],
            "user id": "1034889397",
            "user name": "用户ukrz08l9jw",
            "content": "假的，这是前几年南京的事情，不信谣不传谣",
            "time": "20-1-15 08:49"
        },
        {
            "comment id": 3,
            "parent": -1,
            "children": [],
            "user id": "2732561365",
            "user name": "飞行兔",
            "content": "@魏晨的陈",
            "time": "20-1-12 23:48"
        },
        {
            "comment id": 4,
            "parent": -1,
            "children": [],
            "user id": "2866560914",
            "user name": "少年自不年少",
            "content": "这还能活？",
            "time": "20-1-12 15:25"
        }
    ]
}