{
    "source": {
        "content": "据说：射向美军基地的伊朗导弹都被激光武器摧毁了…… 武大口腔彭彬的微博视频 ",
        "time": "20-1-15 16:47",
        "user id": "2727988052",
        "tweet id": "IpBU17ofX",
        "label": 1,
        "theme": null
    },
    "comment": [
        {
            "comment id": 0,
            "parent": -1,
            "children": [],
            "user id": "2727988052",
            "user name": "武大口腔彭彬",
            "content": "近防炮//@壹顆過期貓糧:这个声音是近防炮的声音",
            "time": "20-1-15 20:10"
        },
        {
            "comment id": 1,
            "parent": -1,
            "children": [],
            "user id": "2727988052",
            "user name": "武大口腔彭彬",
            "content": "难怪这么历害//@又叫老liu了:听说是美国的密集阵系统武器",
            "time": "20-1-15 19:22"
        },
        {
            "comment id": 2,
            "parent": -1,
            "children": [
                3,
                4
            ],
            "user id": "2341741825",
            "user name": "显微牙医",
            "content": "打游戏吧？",
            "time": "20-1-15 17:21"
        },
        {
            "comment id": 3,
            "parent": 2,
            "children": [],
            "user id": "1261141393",
            "user name": "endo苑士良",
            "content": "感觉激光的传播速度和子弹的飞行速度差不多？",
            "time": "20-1-15 18:03"
        },
        {
            "comment id": 4,
            "parent": 2,
            "children": [],
            "user id": "1830199414",
            "user name": "NULLSECTOR",
            "content": "是游戏cg",
            "time": "20-1-15 19:33"
        },
        {
            "comment id": 5,
            "parent": -1,
            "children": [],
            "user id": "5844650726",
            "user name": "貉子糖",
            "content": "视频确实是好像游戏",
            "time": "20-1-15 17:13"
        },
        {
            "comment id": 6,
            "parent": -1,
            "children": [],
            "user id": "5949196115",
            "user name": "Lhlalala_",
            "content": "这好像是一个游戏《武装突袭3》里的画面",
            "time": "20-1-15 19:33"
        },
        {
            "comment id": 7,
            "parent": -1,
            "children": [],
            "user id": "5262347844",
            "user name": "哎呦哎呦喂1993",
            "content": "游戏吧？烟消散太快了",
            "time": "20-1-15 18:59"
        },
        {
            "comment id": 8,
            "parent": -1,
            "children": [],
            "user id": "6146444682",
            "user name": "007医者007",
            "content": "游戏机画面太美感了",
            "time": "20-1-16 09:31"
        },
        {
            "comment id": 9,
            "parent": -1,
            "children": [],
            "user id": "1875675027",
            "user name": "大峡谷小队长",
            "content": "密集阵近防系统，使用曳光弹",
            "time": "20-1-16 08:01"
        },
        {
            "comment id": 10,
            "parent": -1,
            "children": [],
            "user id": "2257175873",
            "user name": "热门微博",
            "content": "恭喜你的优质内容进入热门流曝光~持续沿着垂直领域方向创作，获取更多流量,详情见微博正文 ",
            "time": "20-1-16 03:21"
        },
        {
            "comment id": 11,
            "parent": -1,
            "children": [],
            "user id": "7331654234",
            "user name": "似你ln",
            "content": "没文化，这是游戏画面 一点判断都没",
            "time": "20-1-16 11:36"
        },
        {
            "comment id": 12,
            "parent": -1,
            "children": [],
            "user id": "6252658483",
            "user name": "威力WeiLi威力",
            "content": "你个搞牙齿的就别发军事了，这是游戏的画面。",
            "time": "20-1-15 23:23"
        },
        {
            "comment id": 13,
            "parent": -1,
            "children": [],
            "user id": "2942974171",
            "user name": "用户名暂无显示",
            "content": "这是CG，电脑影像",
            "time": "20-1-15 22:38"
        },
        {
            "comment id": 14,
            "parent": -1,
            "children": [],
            "user id": "5474988242",
            "user name": "垃圾总该有个垃圾桶放着",
            "content": "这是游戏视频  憨批",
            "time": "20-1-15 22:21"
        },
        {
            "comment id": 15,
            "parent": -1,
            "children": [],
            "user id": "2271771965",
            "user name": "-Wxxxxx-",
            "content": "别传了，这是个游戏的视频",
            "time": "20-1-15 22:16"
        },
        {
            "comment id": 16,
            "parent": -1,
            "children": [],
            "user id": "2117681125",
            "user name": "邬·格尔南欽·悟扎",
            "content": "遊戲片斷，還是動畫片的趕腳喔！",
            "time": "20-1-15 21:39"
        },
        {
            "comment id": 17,
            "parent": -1,
            "children": [],
            "user id": "1748807192",
            "user name": "陈蛋蛋-",
            "content": "删了吧 我都举报无数个了 这个是游戏视频 另外这个是近防炮 与激光没有0.1分关系",
            "time": "20-1-16 00:19"
        },
        {
            "comment id": 18,
            "parent": -1,
            "children": [],
            "user id": "5534380965",
            "user name": "绝对C罗yzz",
            "content": "星球大战来了",
            "time": "20-1-15 18:52"
        },
        {
            "comment id": 19,
            "parent": -1,
            "children": [],
            "user id": "5890343133",
            "user name": "veronicamylove",
            "content": "别据说了，假的",
            "time": "20-1-16 11:11"
        },
        {
            "comment id": 20,
            "parent": -1,
            "children": [
                21
            ],
            "user id": "2727988052",
            "user name": "武大口腔彭彬",
            "content": "有点像哈//@HoneyMan2011_722:这是激光定位反导弹系统",
            "time": "20-1-15 23:16"
        },
        {
            "comment id": 21,
            "parent": 20,
            "children": [],
            "user id": "2117681125",
            "user name": "邬·格尔南欽·悟扎",
            "content": "4D遊戲片斷把？",
            "time": "20-1-15 23:18"
        },
        {
            "comment id": 22,
            "parent": -1,
            "children": [],
            "user id": "5133173708",
            "user name": "壹顆過期貓糧",
            "content": "这个声音是近防炮的声音",
            "time": "20-1-15 19:00"
        },
        {
            "comment id": 23,
            "parent": -1,
            "children": [],
            "user id": "5133173708",
            "user name": "壹顆過期貓糧",
            "content": "CG动画",
            "time": "20-1-15 19:00"
        },
        {
            "comment id": 24,
            "parent": -1,
            "children": [],
            "user id": "3243538041",
            "user name": "长春牙医崔日涛cRt",
            "content": "感觉像是啥游戏的画面呢？",
            "time": "20-1-15 16:57"
        }
    ]
}