{
    "source": {
        "content": "广州南站，一乘客在站台候车时光顾着玩手机，一脚踏空，高铁同时进站……一时救都没法救，生不如死！回家过年路上尽量不要玩手机！大家出行注意安全且行且珍惜  浩待明月76769的微博视频 ",
        "time": "20-1-14 17:57",
        "user id": "6008903172",
        "tweet id": "IpsVZvMNi",
        "label": 1,
        "theme": null
    },
    "comment": [
        {
            "comment id": 0,
            "parent": -1,
            "children": [
                1,
                2
            ],
            "user id": "3151608994",
            "user name": "王小平诶",
            "content": "消费死人不要脸",
            "time": "20-1-14 20:22"
        },
        {
            "comment id": 1,
            "parent": 0,
            "children": [],
            "user id": "6118535589",
            "user name": "相思不近人意",
            "content": "回复@馨馨miracle:17年4月份的事，百度一下你就知道了，南京的",
            "time": "20-1-14 23:50"
        },
        {
            "comment id": 2,
            "parent": 0,
            "children": [],
            "user id": "5422223161",
            "user name": "Heimdall后",
            "content": "这人死了？啥时候的事……我在朋友圈也看到了～",
            "time": "20-1-14 21:23"
        },
        {
            "comment id": 3,
            "parent": -1,
            "children": [
                4
            ],
            "user id": "3151608994",
            "user name": "王小平诶",
            "content": "现在有这事早上热搜了，等你爆料？好像2017年的事",
            "time": "20-1-14 20:13"
        },
        {
            "comment id": 4,
            "parent": 3,
            "children": [],
            "user id": "1617930560",
            "user name": "Be-Bie",
            "content": "是啊，记得很久之前，不是广州",
            "time": "20-1-14 23:38"
        },
        {
            "comment id": 5,
            "parent": -1,
            "children": [],
            "user id": "1948325087",
            "user name": "风的承诺FLY23",
            "content": "别造谣，自己百度吧",
            "time": "20-1-14 19:04"
        },
        {
            "comment id": 6,
            "parent": -1,
            "children": [],
            "user id": "1839718354",
            "user name": "海底一片云_",
            "content": "这是17年的南京南吧，造谣上刑的呀",
            "time": "20-1-15 10:45"
        },
        {
            "comment id": 7,
            "parent": -1,
            "children": [],
            "user id": "2657885107",
            "user name": "Funny_MudPeee",
            "content": "谣言，举报了",
            "time": "20-1-15 09:15"
        },
        {
            "comment id": 8,
            "parent": -1,
            "children": [],
            "user id": "3927511321",
            "user name": "竹竹穗",
            "content": "不知道就不要乱发",
            "time": "20-1-15 00:42"
        },
        {
            "comment id": 9,
            "parent": -1,
            "children": [],
            "user id": "3151608994",
            "user name": "王小平诶",
            "content": "举报了",
            "time": "20-1-14 20:23"
        },
        {
            "comment id": 10,
            "parent": -1,
            "children": [],
            "user id": "7010700750",
            "user name": "Doubleklu-",
            "content": "啊看的腿软",
            "time": "20-1-14 19:39"
        },
        {
            "comment id": 11,
            "parent": -1,
            "children": [],
            "user id": "7303800525",
            "user name": "风来时7",
            "content": "真的假的",
            "time": "20-1-14 18:31"
        },
        {
            "comment id": 12,
            "parent": -1,
            "children": [],
            "user id": "5287261625",
            "user name": "那个无聊人",
            "content": "这……看什么手机啊！这么入迷",
            "time": "20-1-14 18:23"
        },
        {
            "comment id": 13,
            "parent": -1,
            "children": [],
            "user id": "5422223161",
            "user name": "Heimdall后",
            "content": "有得救吗？是不是没救了？",
            "time": "20-1-14 18:04"
        },
        {
            "comment id": 14,
            "parent": -1,
            "children": [],
            "user id": "7166397765",
            "user name": "妳锋哥520",
            "content": "是个狠人",
            "time": "20-1-15 10:47"
        },
        {
            "comment id": 15,
            "parent": -1,
            "children": [],
            "user id": "7330644733",
            "user name": "妈的找死啊99945",
            "content": "刚发生的",
            "time": "20-1-15 00:13"
        },
        {
            "comment id": 16,
            "parent": -1,
            "children": [],
            "user id": "2314535874",
            "user name": "汉堡夹牛排",
            "content": "17年南京的事，别消费死人了",
            "time": "20-1-14 22:09"
        },
        {
            "comment id": 17,
            "parent": -1,
            "children": [],
            "user id": "7051432703",
            "user name": "一只小嫣然呀",
            "content": "沉迷于手机无法自拔，迟早出事啊",
            "time": "20-1-14 18:38"
        },
        {
            "comment id": 18,
            "parent": -1,
            "children": [],
            "user id": "1886948322",
            "user name": "后会无期的明天",
            "content": "回复@y超人唔識飛q:在者 高铁同时进站 先不说站台跟列车之间的间隙容不容纳下一个大人的身距  列车进站跟男子同时的话 被夹住的男子估计当场挂了 列车是移动的 他不会有“拖”痕？就算紧制 也会存在制动距离吧",
            "time": "20-1-14 19:33"
        },
        {
            "comment id": 19,
            "parent": -1,
            "children": [],
            "user id": "1886948322",
            "user name": "后会无期的明天",
            "content": "回复@y超人唔識飛q:视频 比较模糊  楼主使用的小米note3 拍人更美  这像素是表达朦胧美么",
            "time": "20-1-14 19:27"
        }
    ]
}