{
    "source": {
        "content": "中国南方航空公司波音747客机，满载450名乘客。因发动机被一架无人直升机撞击后导致一个引擎起火，由于飞行员水平高超，沉着应对将飞机安全降落停在京通快速公路八里桥收费站前，确保了本次航班所有人员安全降落。受到国家奖励5780万元人民币。CG还原这段情景视频，让我们向这位飞行员致以崇高的敬礼！，老视频值得一看，为飞行只高超技术点贊！，， 用户6084604918的微博视频",
        "time": "20-1-18 11:48",
        "user id": "6084604918",
        "tweet id": "Iq2e10ns5",
        "label": 1,
        "theme": null
    },
    "comment": [
        {
            "comment id": 0,
            "parent": -1,
            "children": [],
            "user id": "5876790820",
            "user name": "导弹MCH",
            "content": "假的，gta游戏而已，而且飞机那么重前轮压到汽车，车直接能压塌",
            "time": "20-1-18 13:04"
        },
        {
            "comment id": 1,
            "parent": -1,
            "children": [],
            "user id": "5651698963",
            "user name": "中都分霆",
            "content": "举报，恶意造谣惑众",
            "time": "20-1-18 19:36"
        },
        {
            "comment id": 2,
            "parent": -1,
            "children": [],
            "user id": "5390753031",
            "user name": "停在2014-",
            "content": "去你妈的，gta5游戏视频你说你妈呢？用模拟飞行也行啊，营销号",
            "time": "20-1-18 13:12"
        },
        {
            "comment id": 3,
            "parent": -1,
            "children": [],
            "user id": "6049516522",
            "user name": "军刀要开心",
            "content": "给他爱",
            "time": "20-1-19 10:18"
        },
        {
            "comment id": 4,
            "parent": -1,
            "children": [],
            "user id": "5328779891",
            "user name": "公路炮弹",
            "content": "我特么看的津津有味的",
            "time": "20-1-20 20:51"
        },
        {
            "comment id": 5,
            "parent": -1,
            "children": [],
            "user id": "2778722870",
            "user name": "开会员来改名字",
            "content": "该用户已被标注，不能举报？是什么意思？",
            "time": "20-1-19 11:59"
        },
        {
            "comment id": 6,
            "parent": -1,
            "children": [],
            "user id": "6333079230",
            "user name": "秋秋9965",
            "content": "事件是真的吗？？",
            "time": "20-1-18 13:34"
        },
        {
            "comment id": 7,
            "parent": -1,
            "children": [],
            "user id": "1742933153",
            "user name": "来来008",
            "content": "这太能胡诌了",
            "time": "20-1-18 13:15"
        },
        {
            "comment id": 8,
            "parent": -1,
            "children": [
                9
            ],
            "user id": "7339599711",
            "user name": "李斯特的妹--李思易",
            "content": "别蒙我 ",
            "time": "20-1-18 13:15"
        },
        {
            "comment id": 9,
            "parent": 8,
            "children": [],
            "user id": "6193863150",
            "user name": "余生养二哈",
            "content": "就蒙你",
            "time": "20-1-19 07:39"
        },
        {
            "comment id": 10,
            "parent": -1,
            "children": [],
            "user id": "2968647683",
            "user name": "补刀要稳",
            "content": "随手举报",
            "time": "20-1-18 13:02"
        },
        {
            "comment id": 11,
            "parent": -1,
            "children": [],
            "user id": "2390942067",
            "user name": "这昵称就很离谱",
            "content": "@平安北京 @首都网警 有人造谣",
            "time": "20-1-18 21:03"
        },
        {
            "comment id": 12,
            "parent": -1,
            "children": [],
            "user id": "3777321174",
            "user name": "重案组刘永仁",
            "content": "死🐎营销号 先骂你一顿再举报造谣",
            "time": "20-1-22 06:58"
        },
        {
            "comment id": 13,
            "parent": -1,
            "children": [],
            "user id": "2715487320",
            "user name": "-Sinsam-Chen",
            "content": "我小富经常来这里开飞机",
            "time": "20-1-21 00:54"
        },
        {
            "comment id": 14,
            "parent": -1,
            "children": [],
            "user id": "5332797091",
            "user name": "农村小伙在澳洲",
            "content": "还有格里菲斯天文台，这不是洛杉矶吗？哪来的八里桥收费站",
            "time": "20-1-20 21:13"
        },
        {
            "comment id": 15,
            "parent": -1,
            "children": [],
            "user id": "1759747821",
            "user name": "肚儿鼓鼓",
            "content": "南航就特么没有747。。。",
            "time": "20-1-20 14:56"
        },
        {
            "comment id": 16,
            "parent": -1,
            "children": [],
            "user id": "3806982764",
            "user name": "v_Ly航",
            "content": "Sb",
            "time": "20-1-20 10:02"
        },
        {
            "comment id": 17,
            "parent": -1,
            "children": [],
            "user id": "6046172060",
            "user name": "keepevo",
            "content": "确实太扯，正常飞机发动机起火肯定早就启动发动机灭火程序了",
            "time": "20-1-19 22:42"
        },
        {
            "comment id": 18,
            "parent": -1,
            "children": [],
            "user id": "1834543902",
            "user name": "不懈怠小伙子",
            "content": "这存造谣 我单位747是货机 不拉人啊",
            "time": "20-1-19 19:38"
        },
        {
            "comment id": 19,
            "parent": -1,
            "children": [],
            "user id": "5551595203",
            "user name": "Paterikaaa",
            "content": "你骗你🐴 呢",
            "time": "20-1-19 13:20"
        },
        {
            "comment id": 20,
            "parent": -1,
            "children": [],
            "user id": "2046831427",
            "user name": "PalaceBJ",
            "content": "@首都网警 @平安北京",
            "time": "20-1-19 08:45"
        },
        {
            "comment id": 21,
            "parent": -1,
            "children": [],
            "user id": "5533064383",
            "user name": "写扯淡的青春18310",
            "content": "举报按扭在哪？",
            "time": "20-1-19 07:29"
        },
        {
            "comment id": 22,
            "parent": -1,
            "children": [],
            "user id": "6183695245",
            "user name": "ZUUU的金刚",
            "content": "你妈一定死了吧",
            "time": "20-1-18 21:07"
        },
        {
            "comment id": 23,
            "parent": -1,
            "children": [],
            "user id": "5872748002",
            "user name": "相逢and安逸",
            "content": "我不相信",
            "time": "20-1-18 12:46"
        },
        {
            "comment id": 24,
            "parent": -1,
            "children": [],
            "user id": "6126173469",
            "user name": "四夕的主场",
            "content": "假的，造谣也敢发",
            "time": "20-1-20 11:50"
        },
        {
            "comment id": 25,
            "parent": -1,
            "children": [],
            "user id": "6021761306",
            "user name": "Ren在路上",
            "content": "应该降落到天安门广场比较安全",
            "time": "20-1-19 20:05"
        },
        {
            "comment id": 26,
            "parent": -1,
            "children": [],
            "user id": "7373611722",
            "user name": "不上皇冠不该头像",
            "content": "看到营销号反手一个举报",
            "time": "20-1-18 14:30"
        }
    ]
}