{
    "source": {
        "content": "大家都在发新年祝福新年快乐，我真的一点都没法融入到新年氛围里，信阳明天就封城了，我真的觉得特别特别恐怖，身边还有很多家长朋友不去重视，我头都大了。真的很害怕信阳会变成第二个武汉，上海重庆那些城市现在全都说是重灾区，信阳远远比他们严重，却没人重视，没有帮助和及时的处理才是最让人崩溃。希望河南不要抛弃信阳，帮帮我们吧。为什么不早点封，等到七万人进来了才去封，真的来得及么？ @人民日报 @新浪河南 @平安信阳 @在信阳 #信阳封城# #信阳肺炎# #来抄河南的作业# #河南硬核#",
        "time": "20-1-25 00:25",
        "user id": "5482301424",
        "tweet id": "Ir1KuCyiw",
        "label": 1,
        "theme": null
    },
    "comment": [
        {
            "comment id": 0,
            "parent": -1,
            "children": [
                4,
                5,
                6,
                7,
                9,
                10,
                12
            ],
            "user id": "5674657719",
            "user name": "跟我走咯_",
            "content": "信阳zf好像没有管市里……听说县里都挺好",
            "time": "20-1-25 00:31"
        },
        {
            "comment id": 1,
            "parent": 2,
            "children": [],
            "user id": "3667345032",
            "user name": "隔壁是老章",
            "content": "回复@跟我走咯_:感觉这比丧尸病毒爆发还可怕",
            "time": "20-1-25 02:14"
        },
        {
            "comment id": 2,
            "parent": 6,
            "children": [
                1
            ],
            "user id": "5674657719",
            "user name": "跟我走咯_",
            "content": "回复@隔壁是老章:",
            "time": "20-1-25 02:13"
        },
        {
            "comment id": 3,
            "parent": 5,
            "children": [],
            "user id": "5674657719",
            "user name": "跟我走咯_",
            "content": "回复@阿金有个梦_:你他妈的真暴躁",
            "time": "20-1-25 02:13"
        },
        {
            "comment id": 4,
            "parent": 0,
            "children": [],
            "user id": "5674657719",
            "user name": "跟我走咯_",
            "content": "回复@信信小鱼干-:榜样！",
            "time": "20-1-25 02:13"
        },
        {
            "comment id": 5,
            "parent": 0,
            "children": [
                3
            ],
            "user id": "5550464365",
            "user name": "阿金有个梦_",
            "content": "在这嚷嚷个锤子，国务院客户端举报信阳市政府就完了",
            "time": "20-1-25 02:12"
        },
        {
            "comment id": 6,
            "parent": 0,
            "children": [
                2
            ],
            "user id": "3667345032",
            "user name": "隔壁是老章",
            "content": "县里也就医院里自己着急，我爸大年三十这一天开了一天的会，在家吃饭的时候都在打电话交代今年别走亲戚了。但是别人好像一点都不着急。     我一直抵抗力不好，已经被我妈关在家里好多天了，外面街上的人大多都没带口罩。我现在就可害怕",
            "time": "20-1-25 02:00"
        },
        {
            "comment id": 7,
            "parent": 0,
            "children": [],
            "user id": "5546812018",
            "user name": "Miley_23",
            "content": "光山县管的很严！",
            "time": "20-1-25 01:58"
        },
        {
            "comment id": 8,
            "parent": 9,
            "children": [],
            "user id": "5722853044",
            "user name": "啵一下给个赞-",
            "content": "回复@跟我走咯_:有个下发文件说是在各个高速路口排查，这太晚了，我们县都有好多逃回来的",
            "time": "20-1-25 00:51"
        },
        {
            "comment id": 9,
            "parent": 0,
            "children": [
                8
            ],
            "user id": "5674657719",
            "user name": "跟我走咯_",
            "content": "回复@小羊睡了喔:哭了  咱不是亲生的",
            "time": "20-1-25 00:34"
        },
        {
            "comment id": 10,
            "parent": 0,
            "children": [],
            "user id": "5482301424",
            "user name": "小羊2022要羔兴",
            "content": "我就在县里 也有很多中老年人不戴口罩 而且街上人也不少",
            "time": "20-1-25 00:34"
        },
        {
            "comment id": 11,
            "parent": 12,
            "children": [],
            "user id": "5674657719",
            "user name": "跟我走咯_",
            "content": "回复@啵一下给个赞-:市里好像没什么动作",
            "time": "20-1-25 00:33"
        },
        {
            "comment id": 12,
            "parent": 0,
            "children": [
                11
            ],
            "user id": "5722853044",
            "user name": "啵一下给个赞-",
            "content": "我们县里街上大部分都戴着口罩…",
            "time": "20-1-25 00:32"
        },
        {
            "comment id": 13,
            "parent": -1,
            "children": [
                15,
                17,
                19
            ],
            "user id": "5482301424",
            "user name": "小羊2022要羔兴",
            "content": "我们家今天还家庭聚会了，我爸出门说什么也不戴口罩，我武汉回来的朋友昨天还在去网吧玩，我男朋友连续三天出门去那种公共场所打麻将，我真的快急死了，嘴快说烂了手指头快发烂了，总有那么多我爱的人不去重视我真的又急又气！！！",
            "time": "20-1-25 00:33"
        },
        {
            "comment id": 14,
            "parent": 15,
            "children": [],
            "user id": "5482301424",
            "user name": "小羊2022要羔兴",
            "content": "回复@左世红啊:反正不要出门就对了 找点事做",
            "time": "20-1-25 18:45"
        },
        {
            "comment id": 15,
            "parent": 13,
            "children": [
                14
            ],
            "user id": "2914170394",
            "user name": "左世红啊",
            "content": "回复@小羊睡了喔:啊 我在家无聊死了..出门一个人都没有..",
            "time": "20-1-25 18:44"
        },
        {
            "comment id": 16,
            "parent": 17,
            "children": [],
            "user id": "5482301424",
            "user name": "小羊2022要羔兴",
            "content": "回复@左世红啊:麻将馆电竞酒店这些还都在照常营业",
            "time": "20-1-25 18:43"
        },
        {
            "comment id": 17,
            "parent": 13,
            "children": [
                16
            ],
            "user id": "2914170394",
            "user name": "左世红啊",
            "content": "回复@小羊睡了喔:不是发布了文件 要这些娱乐场所..都关门吗",
            "time": "20-1-25 18:41"
        },
        {
            "comment id": 18,
            "parent": 19,
            "children": [],
            "user id": "5482301424",
            "user name": "小羊2022要羔兴",
            "content": "回复@左世红啊:不重视的人真的是没整 我们市区有很多公共打牌的地方还有那些酒店宾馆也有麻将机，上网的话有电竞酒店，我都想把那些电竞酒店打麻将的地方举报了，那麻将都不知道多少人什么人摸过的",
            "time": "20-1-25 01:09"
        },
        {
            "comment id": 19,
            "parent": 13,
            "children": [
                18
            ],
            "user id": "2914170394",
            "user name": "左世红啊",
            "content": "我是固始的 我们这的网吧什么的娱乐活动场所都关了 大街上差不多都带着口罩",
            "time": "20-1-25 01:03"
        },
        {
            "comment id": 20,
            "parent": -1,
            "children": [
                21
            ],
            "user id": "2291420900",
            "user name": "我好像有魔法",
            "content": "长沙岳阳这边也进来好多武汉的 大家都减少出门 保护好自己 不想看任何人被吃野味的那个罪人害到",
            "time": "20-1-25 03:45"
        },
        {
            "comment id": 21,
            "parent": 20,
            "children": [
                22
            ],
            "user id": "5482301424",
            "user name": "小羊2022要羔兴",
            "content": "姐妹一定别出门",
            "time": "20-1-25 03:47"
        },
        {
            "comment id": 22,
            "parent": 21,
            "children": [],
            "user id": "2291420900",
            "user name": "我好像有魔法",
            "content": "回复@小羊睡了喔:姐妹你也是 一定要保护好自己",
            "time": "20-1-25 03:47"
        },
        {
            "comment id": 23,
            "parent": -1,
            "children": [
                24
            ],
            "user id": "5234272149",
            "user name": "小狗也害怕长大吗",
            "content": "我也是…好害怕",
            "time": "20-1-25 00:27"
        },
        {
            "comment id": 24,
            "parent": 23,
            "children": [],
            "user id": "5482301424",
            "user name": "小羊2022要羔兴",
            "content": "一定要重视",
            "time": "20-1-25 00:30"
        },
        {
            "comment id": 25,
            "parent": -1,
            "children": [
                26
            ],
            "user id": "5678939274",
            "user name": "鹿鹿鹿鱼粥",
            "content": "做好自我保护！！！平平安安，不要出门啦！会好的",
            "time": "20-1-25 01:14"
        },
        {
            "comment id": 26,
            "parent": 25,
            "children": [],
            "user id": "5482301424",
            "user name": "小羊2022要羔兴",
            "content": "你也是姐妹！",
            "time": "20-1-25 01:17"
        },
        {
            "comment id": 27,
            "parent": -1,
            "children": [
                28
            ],
            "user id": "2142810504",
            "user name": "简直甜死了",
            "content": "太害怕了",
            "time": "20-1-25 00:27"
        },
        {
            "comment id": 28,
            "parent": 27,
            "children": [],
            "user id": "5482301424",
            "user name": "小羊2022要羔兴",
            "content": "别出门宝宝",
            "time": "20-1-25 00:30"
        },
        {
            "comment id": 29,
            "parent": -1,
            "children": [],
            "user id": "5482301424",
            "user name": "小羊2022要羔兴",
            "content": "在此呼吁信阳的那些电竞酒店还有茶叶街打麻将的地方都能关门，不要在这个时候还选择赚钱，生命诚可贵。公共场所的电脑、鼠标键盘、麻将不知道多少人摸过也不知道什么人摸过真的特别的脏！！zf应该严令禁止拜年串门的行为，有些不上心的人和顽固的老年人根本没办法重视起来！",
            "time": "20-1-25 01:33"
        },
        {
            "comment id": 30,
            "parent": -1,
            "children": [
                32,
                33
            ],
            "user id": "6528639770",
            "user name": "葵葵真的很伤心",
            "content": "我真的急死了！我不在家里，从十几号就开始关注这个，怕我们离武汉太近而且我们信阳大部分人都在武汉上班上学的还有周末放假逛街的，最终我怕的还是来了。而且我在家的朋友不止一人告诉我从武汉返乡的各种朋友亲戚一点也不注意，也不做防护措施乱跑乱玩，去人多的地方，并且还有发热的人乘坐公交车。",
            "time": "20-1-25 02:23"
        },
        {
            "comment id": 31,
            "parent": 32,
            "children": [],
            "user id": "5482301424",
            "user name": "小羊2022要羔兴",
            "content": "回复@葵葵真的很伤心:我也是，每天都说每天都说还是很多人不在意，我真的觉得特别崩溃",
            "time": "20-1-25 02:28"
        },
        {
            "comment id": 32,
            "parent": 30,
            "children": [
                31
            ],
            "user id": "6528639770",
            "user name": "葵葵真的很伤心",
            "content": "回复@小羊睡了喔:而且我们那边的人根本一点都不注意，感染人数可想而知如果来个大爆发，我们信阳医疗条件又差，该怎么办，我整夜整夜睡不着，我的家人也不听我的，怎么劝都不听，今晚看他们在家庭群里说要封城，他们都开始怕了，可是已经晚了，他们之前还是该出去出去，我真的太绝望了。",
            "time": "20-1-25 02:26"
        },
        {
            "comment id": 33,
            "parent": 30,
            "children": [],
            "user id": "5482301424",
            "user name": "小羊2022要羔兴",
            "content": "真的很让人崩溃",
            "time": "20-1-25 02:24"
        },
        {
            "comment id": 34,
            "parent": -1,
            "children": [],
            "user id": "1949834000",
            "user name": "橙子阳_czy",
            "content": "@幼稚园大福",
            "time": "20-1-25 02:32"
        },
        {
            "comment id": 35,
            "parent": -1,
            "children": [],
            "user id": "5650805234",
            "user name": "进进井井",
            "content": "真的封城了嘛？？？？？我快怕死了",
            "time": "20-1-25 02:10"
        },
        {
            "comment id": 36,
            "parent": -1,
            "children": [],
            "user id": "3790418964",
            "user name": "哪里有黎明",
            "content": "真的假的？",
            "time": "20-1-25 01:31"
        },
        {
            "comment id": 37,
            "parent": -1,
            "children": [],
            "user id": "5190501986",
            "user name": "银银爱吃香香菜",
            "content": "？？？？我有点恐慌",
            "time": "20-1-25 01:11"
        },
        {
            "comment id": 38,
            "parent": -1,
            "children": [],
            "user id": "3933873338",
            "user name": "小何七分甜",
            "content": "真的 我也怕",
            "time": "20-1-25 01:11"
        },
        {
            "comment id": 39,
            "parent": -1,
            "children": [],
            "user id": "5864486829",
            "user name": "AckerMan_saver",
            "content": "我在家里贼慌",
            "time": "20-1-25 00:34"
        },
        {
            "comment id": 40,
            "parent": -1,
            "children": [],
            "user id": "7188904044",
            "user name": "魏昊937",
            "content": "我们还要回去上学",
            "time": "20-1-25 00:31"
        }
    ]
}