{
    "source": {
        "content": "#封城日记#我的城市是湖北最后一个被封城的城市，金庸笔下的襄阳，郭靖黄蓉守城战死的地方。\n\n至此，湖北省，封省。    ",
        "time": "20-1-24 23:45",
        "user id": "5188661769",
        "tweet id": "Ir1ufhd0W",
        "label": 1,
        "theme": null
    },
    "comment": [
        {
            "comment id": 0,
            "parent": -1,
            "children": [],
            "user id": "5188661769",
            "user name": "凡哥有点甜",
            "content": "官方的消息是没有封城，好消息是襄阳的机场很多航班已经取消了。所以大家不要担心。我们襄阳人现在能做的就是做好自我的防护，不出门，不给别人添麻烦。我们一起加油",
            "time": "20-1-26 00:18"
        },
        {
            "comment id": 1,
            "parent": -1,
            "children": [
                2
            ],
            "user id": "5188661769",
            "user name": "凡哥有点甜",
            "content": "虽然我支持封城不给别人添麻烦，但是想想湖北人民很多都是无辜被传染的！吃野味的人真真都该死！！！",
            "time": "20-1-24 23:49"
        },
        {
            "comment id": 2,
            "parent": 1,
            "children": [],
            "user id": "2176200372",
            "user name": "小丫头发次",
            "content": "还有那些明显发着烧还往外跑的也真的该死吧……",
            "time": "20-1-25 14:08"
        },
        {
            "comment id": 3,
            "parent": -1,
            "children": [
                4
            ],
            "user id": "3546857970",
            "user name": "乔娃子今天很开心哟",
            "content": "爆哭😭抱抱你，亲爱的，加油！",
            "time": "20-1-24 23:51"
        },
        {
            "comment id": 4,
            "parent": 3,
            "children": [],
            "user id": "5188661769",
            "user name": "凡哥有点甜",
            "content": "抱抱",
            "time": "20-1-24 23:51"
        },
        {
            "comment id": 5,
            "parent": -1,
            "children": [
                6
            ],
            "user id": "3029124133",
            "user name": "猫先森vinny",
            "content": "除夕快乐！加油！",
            "time": "20-1-24 23:50"
        },
        {
            "comment id": 6,
            "parent": 5,
            "children": [],
            "user id": "5188661769",
            "user name": "凡哥有点甜",
            "content": "除夕快乐！！！💪",
            "time": "20-1-24 23:51"
        },
        {
            "comment id": 7,
            "parent": -1,
            "children": [
                8
            ],
            "user id": "5974559291",
            "user name": "眼睛大大白又白",
            "content": "会过去的除夕快乐，加油",
            "time": "20-1-24 23:48"
        },
        {
            "comment id": 8,
            "parent": 7,
            "children": [],
            "user id": "5188661769",
            "user name": "凡哥有点甜",
            "content": "除夕快乐",
            "time": "20-1-24 23:49"
        },
        {
            "comment id": 9,
            "parent": -1,
            "children": [
                10
            ],
            "user id": "5527021158",
            "user name": "Rigannorl",
            "content": "加油",
            "time": "20-1-24 23:51"
        },
        {
            "comment id": 10,
            "parent": 9,
            "children": [],
            "user id": "5188661769",
            "user name": "凡哥有点甜",
            "content": "谢谢",
            "time": "20-1-24 23:52"
        },
        {
            "comment id": 11,
            "parent": -1,
            "children": [
                12,
                13
            ],
            "user id": "5652982247",
            "user name": "松喜安月",
            "content": "姐妹早安 起床记得一杯温白开 多吃水果多吃菜 在家多做做有氧运动 提高免疫力 实在不行 我陪你聊天 我特沙雕不对。。我特可爱",
            "time": "20-1-26 08:12"
        },
        {
            "comment id": 12,
            "parent": 11,
            "children": [],
            "user id": "5188661769",
            "user name": "凡哥有点甜",
            "content": "看到这条评论暖暖的",
            "time": "20-1-26 09:29"
        },
        {
            "comment id": 13,
            "parent": 11,
            "children": [],
            "user id": "5652982247",
            "user name": "松喜安月",
            "content": "开心鸭 希望大家都能好好的 等这一切快快过去 欢迎来我的城市 加油！",
            "time": "20-1-26 10:38"
        },
        {
            "comment id": 14,
            "parent": -1,
            "children": [
                16,
                17,
                21,
                22,
                23,
                24,
                26,
                28,
                29,
                31,
                32,
                33,
                35,
                36,
                37,
                38,
                40,
                41,
                42,
                43,
                44,
                45,
                47
            ],
            "user id": "5496711538",
            "user name": "说句好话哄我-",
            "content": "没有封没有封大家看看官方好吗！！不要乱传谣言了！！",
            "time": "20-1-25 09:11"
        },
        {
            "comment id": 15,
            "parent": 23,
            "children": [],
            "user id": "6060396735",
            "user name": "重启东西不东西",
            "content": "回复@漫天樱火:湖北襄阳，1.27日凌晨封城，",
            "time": "20-1-27 20:22"
        },
        {
            "comment id": 16,
            "parent": 14,
            "children": [],
            "user id": "1869671951",
            "user name": "V易小希",
            "content": "回复@清清清-水:你在湖北吗？",
            "time": "20-1-26 01:25"
        },
        {
            "comment id": 17,
            "parent": 14,
            "children": [],
            "user id": "3831785600",
            "user name": "una今天吃五花肉了吗",
            "content": "咋没封啊。恩施地都被撅了",
            "time": "20-1-25 23:47"
        },
        {
            "comment id": 18,
            "parent": 28,
            "children": [],
            "user id": "5736817063",
            "user name": "Garadenia",
            "content": "回复@V易小希:真的封了，湖北省宜昌市，全省都封了，实际病情严重的很，官方都没有通告。",
            "time": "20-1-25 20:37"
        },
        {
            "comment id": 19,
            "parent": 20,
            "children": [],
            "user id": "6549224669",
            "user name": "橘之蜜意",
            "content": "回复@清梦03853:襄阳没有封好吧，高铁动车停了，普通车次还在正常发车",
            "time": "20-1-25 20:22"
        },
        {
            "comment id": 20,
            "parent": 32,
            "children": [
                19
            ],
            "user id": "6910514327",
            "user name": "清梦03853",
            "content": "回复@_陈壹:封了，襄阳是最后一个，湖北省现在全省封闭，刚刚发布的消息，湖北省向外的62趟列车全部停运",
            "time": "20-1-25 19:18"
        },
        {
            "comment id": 21,
            "parent": 14,
            "children": [],
            "user id": "6200829068",
            "user name": "你是梦里的星辰大海啊",
            "content": "整个湖北都封得死死的了，你真的是无知无畏啊。",
            "time": "20-1-25 19:04"
        },
        {
            "comment id": 22,
            "parent": 14,
            "children": [],
            "user id": "5594133001",
            "user name": "赵丶公子世无双",
            "content": "还等官方？内蒙古首府呼和浩特这么远的地方都封路了，只出不进，别看官方信息了",
            "time": "20-1-25 18:50"
        },
        {
            "comment id": 23,
            "parent": 14,
            "children": [
                15
            ],
            "user id": "6836992858",
            "user name": "漫天樱火",
            "content": "回复@如瞳神一般1:是的，十堰的交通运行已经关闭，我就是十堰的",
            "time": "20-1-25 18:10"
        },
        {
            "comment id": 24,
            "parent": 14,
            "children": [],
            "user id": "6836992858",
            "user name": "漫天樱火",
            "content": "湖北省已经都封了好吗！我就是湖北十堰的，我们这里已经关闭所有交通运行",
            "time": "20-1-25 18:09"
        },
        {
            "comment id": 25,
            "parent": 29,
            "children": [],
            "user id": "3490868557",
            "user name": "崭崭不迟",
            "content": "回复@whalien52AM:我襄阳本地人，告诉你 没封",
            "time": "20-1-25 18:06"
        },
        {
            "comment id": 26,
            "parent": 14,
            "children": [],
            "user id": "5234770137",
            "user name": "恩赐解脱_____",
            "content": "别什么都扯造谣好吗 我都谣言ptsd了 当地居民不是更懂？我舅舅就被困在十堰了",
            "time": "20-1-25 17:52"
        },
        {
            "comment id": 27,
            "parent": 28,
            "children": [],
            "user id": "1798034843",
            "user name": "我是Xuhong",
            "content": "回复@V易小希:襄阳没封，火车汽车公交都没封，下午刚从316国道去襄阳，但路上确实车很少",
            "time": "20-1-25 17:40"
        },
        {
            "comment id": 28,
            "parent": 14,
            "children": [
                18,
                27
            ],
            "user id": "1869671951",
            "user name": "V易小希",
            "content": "如果真封了 官方却说没封 那是不是意味着 官方说的话不可靠",
            "time": "20-1-25 17:38"
        },
        {
            "comment id": 29,
            "parent": 14,
            "children": [
                25
            ],
            "user id": "5236257493",
            "user name": "whalien52AM",
            "content": "回复 @我是Xuhong:造谣什么的真没必要哈，，，，麻烦嘴巴放干净点👌🏻，湖北省疫区各个地级市人民大家心里都不好受哈",
            "time": "20-1-25 17:14"
        },
        {
            "comment id": 30,
            "parent": 32,
            "children": [],
            "user id": "1798034843",
            "user name": "我是Xuhong",
            "content": "回复@_陈壹:襄阳没封",
            "time": "20-1-25 17:01"
        },
        {
            "comment id": 31,
            "parent": 14,
            "children": [],
            "user id": "5236257493",
            "user name": "whalien52AM",
            "content": "回复 @我是Xuhong:？",
            "time": "20-1-25 16:58"
        },
        {
            "comment id": 32,
            "parent": 14,
            "children": [
                20,
                30
            ],
            "user id": "7192173236",
            "user name": "_陈壹",
            "content": "官方一边辟谣说没封，然后又一堆号称本地人的说真封了，到底该信谁啊，到底怎么了啊",
            "time": "20-1-25 16:47"
        },
        {
            "comment id": 33,
            "parent": 14,
            "children": [],
            "user id": "7347816685",
            "user name": "竹小葵冲鸭",
            "content": "没封。。。",
            "time": "20-1-25 16:15"
        },
        {
            "comment id": 34,
            "parent": 38,
            "children": [],
            "user id": "1798034843",
            "user name": "我是Xuhong",
            "content": "回复@whalien52AM:你特么下令封的襄阳？",
            "time": "20-1-25 15:59"
        },
        {
            "comment id": 35,
            "parent": 14,
            "children": [],
            "user id": "1798034843",
            "user name": "我是Xuhong",
            "content": "回复@柠青Chipmunk:你下令封的？造谣一时爽。。。",
            "time": "20-1-25 15:59"
        },
        {
            "comment id": 36,
            "parent": 14,
            "children": [],
            "user id": "1343382197",
            "user name": "杨顺成Better",
            "content": "回复@名奢一号:那个镇啊？",
            "time": "20-1-25 15:25"
        },
        {
            "comment id": 37,
            "parent": 14,
            "children": [],
            "user id": "1766487714",
            "user name": "就是小心眼-哈哈哈",
            "content": "襄阳没有封城！！官方已经出来辟谣了！！！",
            "time": "20-1-25 13:50"
        },
        {
            "comment id": 38,
            "parent": 14,
            "children": [
                34
            ],
            "user id": "5236257493",
            "user name": "whalien52AM",
            "content": "襄阳真的封了，本地人能不知道吗，我家乡湖北十堰，昨天晚上十点封城的，城区连附近的县都去不了。",
            "time": "20-1-25 13:43"
        },
        {
            "comment id": 39,
            "parent": 42,
            "children": [],
            "user id": "1343382197",
            "user name": "杨顺成Better",
            "content": "回复@取名真tm难还要加乱码:为啥官方没发出来？湖北加油",
            "time": "20-1-25 13:26"
        },
        {
            "comment id": 40,
            "parent": 14,
            "children": [],
            "user id": "1343382197",
            "user name": "杨顺成Better",
            "content": "回复@名奢一号:我南江的",
            "time": "20-1-25 13:26"
        },
        {
            "comment id": 41,
            "parent": 14,
            "children": [],
            "user id": "1343382197",
            "user name": "杨顺成Better",
            "content": "回复@柠青Chipmunk:襄阳日报出来辟谣了？说没封啊？",
            "time": "20-1-25 13:25"
        },
        {
            "comment id": 42,
            "parent": 14,
            "children": [
                39
            ],
            "user id": "5918140792",
            "user name": "取名真tm难还要加乱码",
            "content": "回复@杨顺成AHZL:封了都封了，我是本省人那些地级市的从开始到现在发过几条消息啊",
            "time": "20-1-25 13:09"
        },
        {
            "comment id": 43,
            "parent": 14,
            "children": [],
            "user id": "3866645305",
            "user name": "爱吃芒果的summer呀",
            "content": "是的 我们老家这边封了",
            "time": "20-1-25 13:00"
        },
        {
            "comment id": 44,
            "parent": 14,
            "children": [],
            "user id": "2655310483",
            "user name": "-桃子噗噗-",
            "content": "我老家是襄阳的 真的封了",
            "time": "20-1-25 12:20"
        },
        {
            "comment id": 45,
            "parent": 14,
            "children": [],
            "user id": "2697040592",
            "user name": "普墅悖论",
            "content": "真的封了",
            "time": "20-1-25 12:16"
        },
        {
            "comment id": 46,
            "parent": 47,
            "children": [],
            "user id": "1343382197",
            "user name": "杨顺成Better",
            "content": "回复@取名真tm难还要加乱码:真封了？怎么没官方的消息",
            "time": "20-1-25 12:16"
        },
        {
            "comment id": 47,
            "parent": 14,
            "children": [
                46
            ],
            "user id": "5918140792",
            "user name": "取名真tm难还要加乱码",
            "content": "真封了",
            "time": "20-1-25 12:05"
        },
        {
            "comment id": 48,
            "parent": -1,
            "children": [
                49,
                51,
                52,
                53,
                54,
                55,
                56
            ],
            "user id": "3783179173",
            "user name": "拯救不开森W",
            "content": "又听谁说的呀，官方没出通知啊",
            "time": "20-1-25 05:27"
        },
        {
            "comment id": 49,
            "parent": 48,
            "children": [],
            "user id": "7350055752",
            "user name": "输个名字怎么就这么难啊",
            "content": "回复@我今天一定会早睡早起的:公共交通停运了 但是私家车可以出去吧",
            "time": "20-1-25 18:16"
        },
        {
            "comment id": 50,
            "parent": 56,
            "children": [],
            "user id": "3129899484",
            "user name": "--小蘇苏了",
            "content": "回复@粽子你肿了:飞机和高铁都还在走 哪里停了？",
            "time": "20-1-25 17:41"
        },
        {
            "comment id": 51,
            "parent": 48,
            "children": [],
            "user id": "1798034843",
            "user name": "我是Xuhong",
            "content": "回复@我今天一定会早睡早起的:谁特么告诉你襄阳交通都停了？公交火车都特么跑着呢",
            "time": "20-1-25 16:00"
        },
        {
            "comment id": 52,
            "parent": 48,
            "children": [],
            "user id": "5838268193",
            "user name": "年華未央y",
            "content": "我们连村口都封了",
            "time": "20-1-25 14:19"
        },
        {
            "comment id": 53,
            "parent": 48,
            "children": [],
            "user id": "5209827304",
            "user name": "香猿莔子",
            "content": "官方是没出通知，可是大部分交通都停运了，这不是封城是什么？",
            "time": "20-1-25 12:10"
        },
        {
            "comment id": 54,
            "parent": 48,
            "children": [],
            "user id": "5799832674",
            "user name": "我要早睡早起吖",
            "content": "不是听谁说的，湖北省各个市全部都发公告了。最后襄阳停了之后，就代表着全省都已经停了",
            "time": "20-1-25 11:47"
        },
        {
            "comment id": 55,
            "parent": 48,
            "children": [],
            "user id": "6501056537",
            "user name": "段姜子",
            "content": "昨天中午12点封了12个省城，别问我怎么知道我家在汉川",
            "time": "20-1-25 11:15"
        },
        {
            "comment id": 56,
            "parent": 48,
            "children": [
                50
            ],
            "user id": "2436159293",
            "user name": "粽子你肿了",
            "content": "湖北省内很多地方都已经停了公交，大巴。官方也都通知了，可能你没有注意吧",
            "time": "20-1-25 11:12"
        },
        {
            "comment id": 57,
            "parent": -1,
            "children": [
                58,
                59,
                60,
                62,
                63,
                64
            ],
            "user id": "2677392480",
            "user name": "Jory_",
            "content": "假的好吗 不要制造更多的恐慌了 该封还是会封的 至少现在没有 ",
            "time": "20-1-25 14:54"
        },
        {
            "comment id": 58,
            "parent": 57,
            "children": [],
            "user id": "2826286892",
            "user name": "TS婧",
            "content": "我困在湖北回不去了",
            "time": "20-1-29 00:24"
        },
        {
            "comment id": 59,
            "parent": 57,
            "children": [],
            "user id": "2677392480",
            "user name": "Jory_",
            "content": "回复@恋恋蜜桃乌龙茶:哈哈哈哈我有个同学 就住在王家墩 离汉口站蛮近 我觉得他现在心态蛮好哈哈哈哈哈哈哈 网页链接",
            "time": "20-1-25 23:05"
        },
        {
            "comment id": 60,
            "parent": 57,
            "children": [],
            "user id": "2677392480",
            "user name": "Jory_",
            "content": "回复@恋恋蜜桃乌龙茶:对 河南这次管控措施很好 真的很负责了",
            "time": "20-1-25 22:45"
        },
        {
            "comment id": 61,
            "parent": 63,
            "children": [],
            "user id": "2677392480",
            "user name": "Jory_",
            "content": "回复@清梦03853:我朋友今天下午到的襄阳机场 封城的话他能回去？ 网页链接",
            "time": "20-1-25 22:24"
        },
        {
            "comment id": 62,
            "parent": 57,
            "children": [],
            "user id": "2677392480",
            "user name": "Jory_",
            "content": "回复@恋恋蜜桃乌龙茶:很多都是这样的  襄阳目前机场还在运营中 我朋友今天下午到的襄阳机场",
            "time": "20-1-25 22:23"
        },
        {
            "comment id": 63,
            "parent": 57,
            "children": [
                61
            ],
            "user id": "6910514327",
            "user name": "清梦03853",
            "content": "官方发不发消息没有任何意义了，襄阳四周的都封了，他就算不封，他能去哪儿",
            "time": "20-1-25 19:21"
        },
        {
            "comment id": 64,
            "parent": 57,
            "children": [],
            "user id": "6910514327",
            "user name": "清梦03853",
            "content": "假的？我就在襄阳旁边的丹江我会不知道？襄阳很多超市都被搬空了，我们这儿25号凌晨正式封市，现在当地米油价格至少翻了一倍，很多粮油店都关门了，你要不信你加我我给你看",
            "time": "20-1-25 19:20"
        },
        {
            "comment id": 65,
            "parent": -1,
            "children": [
                66,
                67,
                68,
                70
            ],
            "user id": "1955784111",
            "user name": "bh啊哈嗯哼啊哈嗯哼啊哈嗯哼",
            "content": "湖北全省都封城了？？？？？",
            "time": "20-1-25 15:32"
        },
        {
            "comment id": 66,
            "parent": 65,
            "children": [],
            "user id": "6418512776",
            "user name": "子沐啊38204",
            "content": "荆门封了吗请问",
            "time": "20-1-26 11:59"
        },
        {
            "comment id": 67,
            "parent": 65,
            "children": [],
            "user id": "6836992858",
            "user name": "漫天樱火",
            "content": "封了十几个市，我们十堰市也封城了。",
            "time": "20-1-25 18:11"
        },
        {
            "comment id": 68,
            "parent": 65,
            "children": [],
            "user id": "3129899484",
            "user name": "--小蘇苏了",
            "content": "襄阳没封 高铁都还可以走",
            "time": "20-1-25 17:41"
        },
        {
            "comment id": 69,
            "parent": 70,
            "children": [],
            "user id": "6629797612",
            "user name": "亮亮亮暗暗",
            "content": "回复@嘻嘻哈哈君啊啊啊啊:不是还有神农架的吗",
            "time": "20-1-25 17:09"
        },
        {
            "comment id": 70,
            "parent": 65,
            "children": [
                69
            ],
            "user id": "6371494176",
            "user name": "嘻嘻哈哈君啊啊啊啊",
            "content": "对的",
            "time": "20-1-25 16:18"
        },
        {
            "comment id": 71,
            "parent": -1,
            "children": [
                73
            ],
            "user id": "2239808860",
            "user name": "独自潜行的鱼雷",
            "content": "就想问问襄阳的，到底封没封",
            "time": "20-1-25 14:52"
        },
        {
            "comment id": 72,
            "parent": 73,
            "children": [],
            "user id": "2239808860",
            "user name": "独自潜行的鱼雷",
            "content": "回复@Beny-Girl:谢谢！",
            "time": "20-1-25 18:42"
        },
        {
            "comment id": 73,
            "parent": 71,
            "children": [
                72
            ],
            "user id": "2187003510",
            "user name": "Beny-Girl",
            "content": "没有",
            "time": "20-1-25 17:17"
        },
        {
            "comment id": 74,
            "parent": -1,
            "children": [],
            "user id": "2065364231",
            "user name": "沾甜脑汤",
            "content": "加油",
            "time": "20-1-25 10:39"
        },
        {
            "comment id": 75,
            "parent": -1,
            "children": [],
            "user id": "6061127059",
            "user name": "吃可爱多长大的唧唧",
            "content": "会过去的，加油",
            "time": "20-1-25 14:38"
        },
        {
            "comment id": 76,
            "parent": -1,
            "children": [],
            "user id": "5656624203",
            "user name": "贪了稗子酿的酒",
            "content": "湖北加油(ง •̀_•́)ง",
            "time": "20-1-25 01:28"
        },
        {
            "comment id": 77,
            "parent": -1,
            "children": [],
            "user id": "3782840594",
            "user name": "倪日日日日日日",
            "content": "加油💪",
            "time": "20-1-26 23:59"
        },
        {
            "comment id": 78,
            "parent": -1,
            "children": [],
            "user id": "5239884826",
            "user name": "可能是个馕",
            "content": "新年快乐  保护好自己  加油💪",
            "time": "20-1-25 20:17"
        },
        {
            "comment id": 79,
            "parent": -1,
            "children": [],
            "user id": "5658347427",
            "user name": "波仔不能丧",
            "content": "加油",
            "time": "20-1-25 17:49"
        },
        {
            "comment id": 80,
            "parent": -1,
            "children": [],
            "user id": "6343639511",
            "user name": "换名保命丶",
            "content": "襄阳人民加油 湖北加油 情况在转好！度过最难熬的这几天 你们可以的",
            "time": "20-1-25 17:41"
        },
        {
            "comment id": 81,
            "parent": -1,
            "children": [],
            "user id": "1712335721",
            "user name": "粉黛玉儿",
            "content": "",
            "time": "20-1-25 17:38"
        },
        {
            "comment id": 82,
            "parent": -1,
            "children": [],
            "user id": "2890194081",
            "user name": "howyDoNg-",
            "content": "加油 💪我们与你们同在",
            "time": "20-1-25 17:15"
        },
        {
            "comment id": 83,
            "parent": -1,
            "children": [],
            "user id": "5316742031",
            "user name": "streamWillow527",
            "content": "做好防护措施，囤好粮食，加油，好好的度过封城时光",
            "time": "20-1-25 16:56"
        },
        {
            "comment id": 84,
            "parent": -1,
            "children": [],
            "user id": "3211368607",
            "user name": "想回到二零零六年",
            "content": "希望我们都好",
            "time": "20-1-25 16:46"
        },
        {
            "comment id": 85,
            "parent": -1,
            "children": [],
            "user id": "1781245571",
            "user name": "slipwanan",
            "content": "加油",
            "time": "20-1-25 16:42"
        },
        {
            "comment id": 86,
            "parent": -1,
            "children": [],
            "user id": "2721447927",
            "user name": "-小机灵啊-",
            "content": "@阿菜鼠 封省 听着好难过呀",
            "time": "20-1-25 15:12"
        },
        {
            "comment id": 87,
            "parent": -1,
            "children": [],
            "user id": "5779833489",
            "user name": "季米moco",
            "content": "加油加油加油！！！",
            "time": "20-1-25 15:00"
        },
        {
            "comment id": 88,
            "parent": -1,
            "children": [],
            "user id": "5691980033",
            "user name": "i6_Ghost琳",
            "content": "加油加油一切都会好起来的",
            "time": "20-1-25 14:52"
        },
        {
            "comment id": 89,
            "parent": -1,
            "children": [],
            "user id": "2677392480",
            "user name": "Jory_",
            "content": "是谣言 请把微博删了好吗",
            "time": "20-1-25 14:51"
        },
        {
            "comment id": 90,
            "parent": -1,
            "children": [],
            "user id": "6405083544",
            "user name": "是顾小晴阿",
            "content": "想哭。难受",
            "time": "20-1-25 14:30"
        },
        {
            "comment id": 91,
            "parent": -1,
            "children": [],
            "user id": "1965254597",
            "user name": "不努力就没饭吃啊",
            "content": "加油",
            "time": "20-1-25 14:24"
        },
        {
            "comment id": 92,
            "parent": -1,
            "children": [],
            "user id": "5498560933",
            "user name": "温柔玫y",
            "content": "乖乖的 会过去的！",
            "time": "20-1-25 14:05"
        },
        {
            "comment id": 93,
            "parent": -1,
            "children": [],
            "user id": "3981798755",
            "user name": "小栗微博没粉丝",
            "content": "加油！",
            "time": "20-1-25 14:03"
        },
        {
            "comment id": 94,
            "parent": -1,
            "children": [],
            "user id": "1787571250",
            "user name": "愚木小姐",
            "content": "会好的！！！这一定是我们中国人新年的愿望！！",
            "time": "20-1-25 13:56"
        },
        {
            "comment id": 95,
            "parent": -1,
            "children": [],
            "user id": "1908627891",
            "user name": "种花家的唐可爱",
            "content": "加油呀",
            "time": "20-1-25 13:40"
        },
        {
            "comment id": 96,
            "parent": -1,
            "children": [],
            "user id": "5530828148",
            "user name": "王一博超大的",
            "content": "加油！！！！",
            "time": "20-1-25 12:13"
        },
        {
            "comment id": 97,
            "parent": -1,
            "children": [],
            "user id": "1929270251",
            "user name": "夢露小宝宝o",
            "content": "加油，陌生人。",
            "time": "20-1-25 11:34"
        },
        {
            "comment id": 98,
            "parent": -1,
            "children": [],
            "user id": "5629575489",
            "user name": "橘子果酱Kay",
            "content": "新年快乐姐妹！加油！！",
            "time": "20-1-25 11:26"
        },
        {
            "comment id": 99,
            "parent": -1,
            "children": [],
            "user id": "2047776085",
            "user name": "mangocheese-65",
            "content": "加油！都会好起来的",
            "time": "20-1-25 11:12"
        },
        {
            "comment id": 100,
            "parent": -1,
            "children": [],
            "user id": "6110437022",
            "user name": "开心桃桃Monica",
            "content": "一定会过去的。加油(ง •̀_•́)ง",
            "time": "20-1-25 15:29"
        },
        {
            "comment id": 101,
            "parent": -1,
            "children": [],
            "user id": "7343659560",
            "user name": "笑笑帅帅",
            "content": "襄阳封城了，湖北封省了，说真的，不太相信政府了，害怕",
            "time": "20-1-25 12:11"
        },
        {
            "comment id": 102,
            "parent": -1,
            "children": [],
            "user id": "6449829712",
            "user name": "FYHHGFFDDDDFGHHF",
            "content": "加油！",
            "time": "20-1-25 11:06"
        },
        {
            "comment id": 103,
            "parent": -1,
            "children": [],
            "user id": "5717606585",
            "user name": "鬼冢熏会久伴sean",
            "content": "加油",
            "time": "20-1-25 11:03"
        },
        {
            "comment id": 104,
            "parent": -1,
            "children": [],
            "user id": "5077903510",
            "user name": "zzziuoY",
            "content": "加油！",
            "time": "20-1-25 11:02"
        },
        {
            "comment id": 105,
            "parent": -1,
            "children": [],
            "user id": "5412991646",
            "user name": "带我逃吧日落之前",
            "content": "湖北加油❤️ 中国加油❤️",
            "time": "20-1-25 10:59"
        },
        {
            "comment id": 106,
            "parent": -1,
            "children": [],
            "user id": "1798787751",
            "user name": "渺渺Candice",
            "content": "没封",
            "time": "20-1-25 10:54"
        },
        {
            "comment id": 107,
            "parent": -1,
            "children": [],
            "user id": "6128841841",
            "user name": "一定要慢慢改变自己啊",
            "content": "",
            "time": "20-1-25 10:51"
        },
        {
            "comment id": 108,
            "parent": -1,
            "children": [],
            "user id": "2506340211",
            "user name": "要加油加油哈",
            "content": "加油呀 新年快乐 一切都会过去的",
            "time": "20-1-25 10:50"
        },
        {
            "comment id": 109,
            "parent": -1,
            "children": [],
            "user id": "2981428597",
            "user name": "长得好看的我都爱",
            "content": "加油加油",
            "time": "20-1-25 10:45"
        },
        {
            "comment id": 110,
            "parent": -1,
            "children": [],
            "user id": "7342417178",
            "user name": "不一样的艾大小橙子",
            "content": "会过去的，加油",
            "time": "20-1-30 09:15"
        },
        {
            "comment id": 111,
            "parent": -1,
            "children": [],
            "user id": "6004408081",
            "user name": "可爱哒猫猫君",
            "content": "我朋友前天从湖北来的，已经到深圳了",
            "time": "20-1-27 16:38"
        },
        {
            "comment id": 112,
            "parent": -1,
            "children": [],
            "user id": "6004408081",
            "user name": "可爱哒猫猫君",
            "content": "湖北省封省了，湖北人照样可以出来",
            "time": "20-1-27 16:38"
        },
        {
            "comment id": 113,
            "parent": -1,
            "children": [],
            "user id": "6874215213",
            "user name": "大喵2006",
            "content": "加油(ง •̀_•́)ง！！",
            "time": "20-1-26 23:45"
        },
        {
            "comment id": 114,
            "parent": -1,
            "children": [],
            "user id": "5298294488",
            "user name": "余生能精彩",
            "content": "我们与你同在❤️",
            "time": "20-1-26 08:31"
        },
        {
            "comment id": 115,
            "parent": -1,
            "children": [],
            "user id": "6440660969",
            "user name": "遲暮潮汐_",
            "content": "加油",
            "time": "20-1-26 08:15"
        },
        {
            "comment id": 116,
            "parent": -1,
            "children": [],
            "user id": "3061525023",
            "user name": "琥珀川的白龙啊",
            "content": "荆州封了吗？",
            "time": "20-1-26 01:05"
        },
        {
            "comment id": 117,
            "parent": -1,
            "children": [],
            "user id": "5890661967",
            "user name": "季怀北",
            "content": "要加油",
            "time": "20-1-26 00:54"
        },
        {
            "comment id": 118,
            "parent": -1,
            "children": [],
            "user id": "5841882432",
            "user name": "小行在阳台",
            "content": "加油",
            "time": "20-1-26 00:12"
        },
        {
            "comment id": 119,
            "parent": -1,
            "children": [],
            "user id": "5685038286",
            "user name": "给我脱非入欧",
            "content": "神农架还没封呢",
            "time": "20-1-25 23:33"
        },
        {
            "comment id": 120,
            "parent": -1,
            "children": [],
            "user id": "5754468395",
            "user name": "憩于阳光的喵",
            "content": "不管封城是否是否是真的，不在湖北你慌啥？在家自己做好防护就是，也不会无端端生病。湖北人民要相信全国人民，如果你们有生活物资的困难，我们不会坐视不理的。捐钱捐物尽我所能！祝湖北人民新年快乐，平安顺利",
            "time": "20-1-25 22:33"
        },
        {
            "comment id": 121,
            "parent": -1,
            "children": [],
            "user id": "6365800896",
            "user name": "LUZHIW9",
            "content": "加油",
            "time": "20-1-25 20:21"
        },
        {
            "comment id": 122,
            "parent": -1,
            "children": [],
            "user id": "3253093164",
            "user name": "Angel_银",
            "content": "加油啊朋友",
            "time": "20-1-25 18:37"
        },
        {
            "comment id": 123,
            "parent": -1,
            "children": [],
            "user id": "6147056511",
            "user name": "Cute小婷-",
            "content": "一定能挺过去的!",
            "time": "20-1-25 18:29"
        },
        {
            "comment id": 124,
            "parent": -1,
            "children": [],
            "user id": "2665309173",
            "user name": "fjj疯一样的女子",
            "content": "新年快乐 加油",
            "time": "20-1-25 18:18"
        },
        {
            "comment id": 125,
            "parent": -1,
            "children": [],
            "user id": "1862055502",
            "user name": "MMMMonnn",
            "content": "谢谢。",
            "time": "20-1-25 18:13"
        },
        {
            "comment id": 126,
            "parent": -1,
            "children": [],
            "user id": "1253221281",
            "user name": "张小花卷55",
            "content": "好悲壮。 抱抱亲。一切都会过去的",
            "time": "20-1-25 18:06"
        },
        {
            "comment id": 127,
            "parent": -1,
            "children": [],
            "user id": "6424778287",
            "user name": "名字mei想好",
            "content": "哭了祈祷疫情赶快过去，这个年大家都要好好的啊",
            "time": "20-1-25 18:04"
        },
        {
            "comment id": 128,
            "parent": -1,
            "children": [],
            "user id": "5834411334",
            "user name": "芋泥呆桃啵啵",
            "content": "加油！！！",
            "time": "20-1-25 17:57"
        },
        {
            "comment id": 129,
            "parent": -1,
            "children": [],
            "user id": "2991493623",
            "user name": "猜猜是什么颜色的小仙女",
            "content": "加油！",
            "time": "20-1-25 17:57"
        },
        {
            "comment id": 130,
            "parent": -1,
            "children": [],
            "user id": "1865967554",
            "user name": "-大白奶兔糖",
            "content": "现在封省了？",
            "time": "20-1-25 17:53"
        },
        {
            "comment id": 131,
            "parent": -1,
            "children": [],
            "user id": "6999793597",
            "user name": "y小羊eah",
            "content": "屏幕前的大家都要相信国家!!加油!!一定会过去!!!🙏",
            "time": "20-1-25 17:48"
        },
        {
            "comment id": 132,
            "parent": -1,
            "children": [],
            "user id": "5620236318",
            "user name": "楚九悲回风",
            "content": "",
            "time": "20-1-25 17:43"
        },
        {
            "comment id": 133,
            "parent": -1,
            "children": [],
            "user id": "5390297923",
            "user name": "尹织0110",
            "content": "一人过失，全省买单！新的一年里大家都要加油啊！",
            "time": "20-1-25 17:38"
        },
        {
            "comment id": 134,
            "parent": -1,
            "children": [],
            "user id": "1834789244",
            "user name": "懒洋洋1017",
            "content": "希望大家都平安……吃野味的，武汉主政官员秋后记得算账",
            "time": "20-1-25 17:38"
        },
        {
            "comment id": 135,
            "parent": -1,
            "children": [],
            "user id": "3376635730",
            "user name": "原久宿",
            "content": "看到这我哭了",
            "time": "20-1-25 17:37"
        },
        {
            "comment id": 136,
            "parent": -1,
            "children": [],
            "user id": "6666076877",
            "user name": "鹿先生的7号机灵鬼",
            "content": "没封城啊",
            "time": "20-1-25 17:37"
        },
        {
            "comment id": 137,
            "parent": -1,
            "children": [],
            "user id": "2954856977",
            "user name": "badwoman冲冲冲",
            "content": "加油！",
            "time": "20-1-25 17:36"
        },
        {
            "comment id": 138,
            "parent": -1,
            "children": [],
            "user id": "7262202629",
            "user name": "龙小滕",
            "content": "好悲凉，加油！！",
            "time": "20-1-25 17:33"
        },
        {
            "comment id": 139,
            "parent": -1,
            "children": [],
            "user id": "1598500147",
            "user name": "Finning",
            "content": "恩施今早六点封的 有朋友的朋友趁封城前一大早从恩施乘5点多的航班跑到上海",
            "time": "20-1-25 17:32"
        },
        {
            "comment id": 140,
            "parent": -1,
            "children": [],
            "user id": "1791351204",
            "user name": "claire-wang",
            "content": "加油。我们其他省份与你们同在。相信祖国，相信党，相信科学，很快会好起来的。加油加油",
            "time": "20-1-25 17:27"
        },
        {
            "comment id": 141,
            "parent": -1,
            "children": [],
            "user id": "1304004704",
            "user name": "SnOw-悠悠",
            "content": "新年快乐，一切都会好起来的",
            "time": "20-1-25 17:26"
        }
    ]
}