{
    "source": {
        "content": "#襄阳封城 湖北封省# \n \n大襄阳作为最后一个也封城了，而我在封城的十堰。\n湖北加油(ง •̀_•́)ง 大家一定要健健康康啊!\n我自己也要加油啊  ",
        "time": "20-1-25 01:06",
        "user id": "5995221525",
        "tweet id": "Ir219mDha",
        "label": 1,
        "theme": null
    },
    "comment": [
        {
            "comment id": 0,
            "parent": -1,
            "children": [
                1
            ],
            "user id": "2176929987",
            "user name": "Miako_o",
            "content": "十堰没封吧 我朋友初四飞机都还能飞厦门",
            "time": "20-1-25 15:03"
        },
        {
            "comment id": 1,
            "parent": 0,
            "children": [
                2
            ],
            "user id": "3988610437",
            "user name": "美少女陈翠花",
            "content": "十堰封了，只允许火车和飞机行驶。公交车大巴车全部停运。搁几百米设个关卡，有专人守护",
            "time": "20-1-25 15:37"
        },
        {
            "comment id": 2,
            "parent": 1,
            "children": [],
            "user id": "2176929987",
            "user name": "Miako_o",
            "content": "回复@美少女陈翠花:哦",
            "time": "20-1-25 15:41"
        },
        {
            "comment id": 3,
            "parent": -1,
            "children": [],
            "user id": "5899957367",
            "user name": "BaekHyuunn0506",
            "content": "加油！会过去的 陌生人你一定要平安",
            "time": "20-1-25 01:19"
        },
        {
            "comment id": 4,
            "parent": -1,
            "children": [],
            "user id": "7271925402",
            "user name": "眼穿仍欲归-",
            "content": "襄阳没封",
            "time": "20-1-25 15:28"
        }
    ]
}