{
    "source": {
        "content": "截止2020年1月25日00:00时❌湖北最后一个城市襄阳，整个湖北所有城市封城完毕，无公交，无地铁，不能上国道。至此湖北封省。。。\n希望家里的亲人，朋友、湖北、中国平安，加油！  ",
        "time": "20-1-25 08:56",
        "user id": "5890926697",
        "tweet id": "Ir55P6Da5",
        "label": 1,
        "theme": null
    },
    "comment": [
        {
            "comment id": 0,
            "parent": -1,
            "children": [],
            "user id": "5461558027",
            "user name": "小熊软糖汪泡泡",
            "content": "襄阳没有封城，电视台说是假消息",
            "time": "20-1-25 09:02"
        },
        {
            "comment id": 1,
            "parent": -1,
            "children": [],
            "user id": "5315362617",
            "user name": "童话小镇Y童装店",
            "content": "谣言",
            "time": "20-1-25 13:18"
        },
        {
            "comment id": 2,
            "parent": -1,
            "children": [],
            "user id": "6374413258",
            "user name": "宋和梁",
            "content": "封城已错过最佳时机，全国沦陷只是时间问题",
            "time": "20-1-25 10:04"
        },
        {
            "comment id": 3,
            "parent": -1,
            "children": [],
            "user id": "2647660997",
            "user name": "奔跑的娃哈哈呀",
            "content": "都不看权威发布吗？襄阳没有封城！！",
            "time": "20-1-25 09:54"
        },
        {
            "comment id": 4,
            "parent": -1,
            "children": [],
            "user id": "2391359092",
            "user name": "Jodan_丹",
            "content": "高速也封了吗",
            "time": "20-1-25 14:00"
        },
        {
            "comment id": 5,
            "parent": -1,
            "children": [],
            "user id": "5706657857",
            "user name": "我今天还没吃饱诶",
            "content": "管方都辟谣了  还在发",
            "time": "20-1-25 12:52"
        },
        {
            "comment id": 6,
            "parent": -1,
            "children": [],
            "user id": "2679928937",
            "user name": "冬菇HOho酱",
            "content": "那么乡道还可以走啊？难怪其它城市都出现大量湖北的车，大家现在对湖北逃出来的人都恨的牙痒痒！！",
            "time": "20-1-25 11:01"
        },
        {
            "comment id": 7,
            "parent": -1,
            "children": [],
            "user id": "2617558282",
            "user name": "ccczzz846454",
            "content": "已辟谣，封城是谣言",
            "time": "20-1-25 09:03"
        },
        {
            "comment id": 8,
            "parent": -1,
            "children": [],
            "user id": "6371793767",
            "user name": "清岭2017",
            "content": "假消息，没封城",
            "time": "20-1-25 12:54"
        }
    ]
}