{
    "source": {
        "content": "紧急通知：车牌号为浙BL0535，这个车刚从浙江出来，正在前往北京方向，车上所有人已经确诊了病情偷跑出来，大家看到了及时报警，为了大家的健康，都转发，人人看到都要转发。@北京12345 @平安北京 ",
        "time": "20-1-25 14:05",
        "user id": "1381482610",
        "tweet id": "Ir778sKuy",
        "label": 1,
        "theme": null
    },
    "comment": [
        {
            "comment id": 0,
            "parent": -1,
            "children": [
                1
            ],
            "user id": "3913802746",
            "user name": "勇敢无敌而温柔",
            "content": "别造谣",
            "time": "20-1-25 18:19"
        },
        {
            "comment id": 1,
            "parent": 0,
            "children": [],
            "user id": "1381482610",
            "user name": "绿色才是唯一",
            "content": "去你妈的",
            "time": "20-1-25 19:52"
        },
        {
            "comment id": 2,
            "parent": -1,
            "children": [
                3
            ],
            "user id": "5656444152",
            "user name": "哼哼哈嘿2T",
            "content": "在网络上造谣、传谣，散布虚假信息属于治安管理处罚法调整范围。 〈中华人民共和国治安管理处罚法〉 第二十五条有下列行为之一的，处5日以上10日以下拘留，可以并处500元以下罚款；情节较轻的，处5日以下拘留或者500元以下罚款",
            "time": "20-1-25 14:59"
        },
        {
            "comment id": 3,
            "parent": 2,
            "children": [],
            "user id": "1381482610",
            "user name": "绿色才是唯一",
            "content": "那你去举报我SB",
            "time": "20-1-25 19:52"
        },
        {
            "comment id": 4,
            "parent": -1,
            "children": [],
            "user id": "2143400750",
            "user name": "海海大海",
            "content": "假的 已辟谣",
            "time": "20-1-25 14:07"
        },
        {
            "comment id": 5,
            "parent": -1,
            "children": [],
            "user id": "2159769664",
            "user name": "不入流作家酥乔",
            "content": "全国都在说这车去他家那了，连我们一个小县城都有传，别发了，谣言。",
            "time": "20-1-25 14:17"
        },
        {
            "comment id": 6,
            "parent": -1,
            "children": [],
            "user id": "5485289322",
            "user name": "七悦gy",
            "content": "谣言，就算有也是警察先知道",
            "time": "20-1-25 14:09"
        },
        {
            "comment id": 7,
            "parent": -1,
            "children": [],
            "user id": "6075741752",
            "user name": "去了皮的POTATO",
            "content": "听您造谣",
            "time": "20-1-25 14:06"
        },
        {
            "comment id": 8,
            "parent": -1,
            "children": [],
            "user id": "3982106803",
            "user name": "炒冰椰奶清补凉",
            "content": "假的，这车在全国朋友圈都传开了全国跑怎么可能",
            "time": "20-1-25 15:46"
        }
    ]
}