{
    "source": {
        "content": "官宣🇹🇭 泰国移民局正式文件已出，文件中明确确定表示：中国湖北省游客落地签15天到期后，若不想回国的可暂时不用出境，泰国移民局配合最长可续签两个月。\n凡来泰旅游探亲的中国人可延期回国，不会被视为非法居留。 ",
        "time": "20-1-26 15:17",
        "user id": "1768564452",
        "tweet id": "Irh0MiBEf",
        "label": 1,
        "theme": null
    },
    "comment": [
        {
            "comment id": 0,
            "parent": -1,
            "children": [
                1,
                2,
                6,
                7,
                8,
                11,
                12,
                13,
                14,
                15
            ],
            "user id": "6570893421",
            "user name": "达奚35500",
            "content": "这波操作溜得很啊，钱多挣了，好印象留下了",
            "time": "20-1-26 15:49"
        },
        {
            "comment id": 1,
            "parent": 0,
            "children": [],
            "user id": "6570893421",
            "user name": "达奚35500",
            "content": "回复@水果硬糖SHERO:那么什么是格局大呢？国与国之间有纯洁的友谊吗？毕竟上一拨相信“鲜血凝成的友谊 ”的人，现在脸还肿着呢。",
            "time": "20-1-27 15:59"
        },
        {
            "comment id": 2,
            "parent": 0,
            "children": [],
            "user id": "1793576832",
            "user name": "歪宝比巴卜",
            "content": "现在泰国已经有感染肺炎的患者了 在这个时候 人家还能敞开大门收留我们 不是钱的事",
            "time": "20-1-27 02:00"
        },
        {
            "comment id": 3,
            "parent": 9,
            "children": [],
            "user id": "5333054115",
            "user name": "谢顶大侠王秃头",
            "content": "回复@是英熙呀:新加坡那是自己改签的，辟谣了。而且新加坡才多大，人口密度又多大，人口密度是泰国的60倍啊，你寻思一下这个差距，那可不是闹着玩的，只能第一时间保住自己国家。",
            "time": "20-1-27 01:25"
        },
        {
            "comment id": 4,
            "parent": 9,
            "children": [],
            "user id": "1354185885",
            "user name": "原小暖",
            "content": "回复@是英熙呀:那是酷航的问题，不是新加坡政府的错",
            "time": "20-1-26 20:04"
        },
        {
            "comment id": 5,
            "parent": 9,
            "children": [],
            "user id": "3595444537",
            "user name": "绿光森林_33693",
            "content": "回复@是英熙呀:人家自己买的那个航空公司的机票… 跟新当局有什么关系…。国内高铁飞机上也没有告诉你 你旁边有没有武汉人啊",
            "time": "20-1-26 19:46"
        },
        {
            "comment id": 6,
            "parent": 0,
            "children": [],
            "user id": "1952089951",
            "user name": "刀刀-业",
            "content": "小人之心",
            "time": "20-1-26 19:12"
        },
        {
            "comment id": 7,
            "parent": 0,
            "children": [],
            "user id": "5253131727",
            "user name": "我只是受到内裤的怂恿了",
            "content": "你可真睿智",
            "time": "20-1-26 19:09"
        },
        {
            "comment id": 8,
            "parent": 0,
            "children": [],
            "user id": "1404085401",
            "user name": "偕行精进",
            "content": "你看看台湾那个烂地方怎么对待大陆游客的",
            "time": "20-1-26 18:36"
        },
        {
            "comment id": 9,
            "parent": 10,
            "children": [
                3,
                4,
                5
            ],
            "user id": "6382639605",
            "user name": "是英熙呀",
            "content": "回复@原小暖:仍然是把不知情的其他游客和武汉人塞一起送回来的啊",
            "time": "20-1-26 18:34"
        },
        {
            "comment id": 10,
            "parent": 15,
            "children": [
                9
            ],
            "user id": "1354185885",
            "user name": "原小暖",
            "content": "回复@是英熙呀:新加坡官方辟谣了，没有遣返，谣言，是正常离境，只是飞不了武汉，改签去了杭州",
            "time": "20-1-26 18:23"
        },
        {
            "comment id": 11,
            "parent": 0,
            "children": [],
            "user id": "2403590565",
            "user name": "Mia_林亦冰",
            "content": "你的格局真小",
            "time": "20-1-26 18:21"
        },
        {
            "comment id": 12,
            "parent": 0,
            "children": [],
            "user id": "5203351782",
            "user name": "Da_ni2",
            "content": "回复@在营业部鹿中:这次好我承认 但18年的帆船事件我可还记着呢",
            "time": "20-1-26 17:32"
        },
        {
            "comment id": 13,
            "parent": 0,
            "children": [],
            "user id": "2806275810",
            "user name": "简单简单煎个蛋",
            "content": "泰国一向很好 谢谢 ",
            "time": "20-1-26 17:27"
        },
        {
            "comment id": 14,
            "parent": 0,
            "children": [],
            "user id": "5992107382",
            "user name": "谁战l我的玐倍镜",
            "content": "我们得到帮助了不就行了 那你还要人家怎样？？",
            "time": "20-1-26 17:23"
        },
        {
            "comment id": 15,
            "parent": 0,
            "children": [
                10
            ],
            "user id": "6382639605",
            "user name": "是英熙呀",
            "content": "这个时候考虑的还是钱吗？这个时候能伸出援手就很不错了，没有像新加坡一样塞一起送回来",
            "time": "20-1-26 17:20"
        },
        {
            "comment id": 16,
            "parent": -1,
            "children": [
                19,
                21,
                24,
                26,
                29,
                37,
                38,
                39,
                40,
                42,
                44,
                46,
                47,
                49
            ],
            "user id": "1692527155",
            "user name": "MissMengTV-",
            "content": "辟谣，朋友圈传的这个文件并没有说给中国人延期2个月。而是说因为中国武汉那边机场关闭导致滞留的客人如果签证过期了不收罚款。",
            "time": "20-1-26 16:20"
        },
        {
            "comment id": 17,
            "parent": 21,
            "children": [],
            "user id": "3889889591",
            "user name": "悦子喵",
            "content": "回复@牛肉丸加粿:自己看 网页链接",
            "time": "20-1-27 11:29"
        },
        {
            "comment id": 18,
            "parent": 19,
            "children": [],
            "user id": "1692527155",
            "user name": "MissMengTV-",
            "content": "回复@马猴烧酒李美好:是的，是的",
            "time": "20-1-27 08:35"
        },
        {
            "comment id": 19,
            "parent": 16,
            "children": [
                18
            ],
            "user id": "3183490350",
            "user name": "马猴烧酒李美好",
            "content": "辟谣了：“文件上的意思是，移民局表示如果因为武汉和相关地区城市关闭、机场关闭，而在机场滞留，不能回国的人超过时间不会罚款。并不是指不想回国就不用回国，比如国内其他城市没有关闭机场的，旅客不可以随便滞留；如果超过15天，而且不属于那些滞留城市的，会被列入黑名单。” 网页链接",
            "time": "20-1-27 03:19"
        },
        {
            "comment id": 20,
            "parent": 40,
            "children": [],
            "user id": "5333054115",
            "user name": "谢顶大侠王秃头",
            "content": "回复@一千咿-:辟谣了，那是他们自己改签。",
            "time": "20-1-27 01:26"
        },
        {
            "comment id": 21,
            "parent": 16,
            "children": [
                17
            ],
            "user id": "1818358713",
            "user name": "牛肉丸加粿",
            "content": "回复@MissMeng-_-:？？？让你出示对应的石锤这叫杠精？你可真是中华睿智王啊   开口就吐象牙  厉害",
            "time": "20-1-26 22:47"
        },
        {
            "comment id": 22,
            "parent": 24,
            "children": [],
            "user id": "1692527155",
            "user name": "MissMengTV-",
            "content": "回复@塔什么塔:杠精真多，周一才发文呢，搞得你多明白似的，别站着说话不腰疼，我也不想离开曼谷，但是需要时间验证",
            "time": "20-1-26 22:44"
        },
        {
            "comment id": 23,
            "parent": 26,
            "children": [],
            "user id": "1692527155",
            "user name": "MissMengTV-",
            "content": "回复@牛肉丸加粿:杠精真多，周一才发文呢，搞得你多明白似的",
            "time": "20-1-26 22:43"
        },
        {
            "comment id": 24,
            "parent": 16,
            "children": [
                22
            ],
            "user id": "2729894032",
            "user name": "塔什么塔",
            "content": "这算哪门子的谣言啊！泰国移民局这个通告没任何问题！目的很明确就是为了因武汉疫情导致滞留的所有旅客，不仅限于中国籍而是针对因这种特殊原因所致的旅客！",
            "time": "20-1-26 19:27"
        },
        {
            "comment id": 25,
            "parent": 26,
            "children": [],
            "user id": "3889889591",
            "user name": "悦子喵",
            "content": "回复@牛肉丸加粿:造谣博主已举报 网页链接",
            "time": "20-1-26 18:48"
        },
        {
            "comment id": 26,
            "parent": 16,
            "children": [
                23,
                25
            ],
            "user id": "1818358713",
            "user name": "牛肉丸加粿",
            "content": "这你你这辟谣至少给点实际数据呀…",
            "time": "20-1-26 18:47"
        },
        {
            "comment id": 27,
            "parent": 31,
            "children": [],
            "user id": "3249237220",
            "user name": "直球型选手",
            "content": "回复@默默仔仔008:是今天下午说的",
            "time": "20-1-26 18:44"
        },
        {
            "comment id": 28,
            "parent": 29,
            "children": [],
            "user id": "1692527155",
            "user name": "MissMengTV-",
            "content": "回复@悦子喵:是的，都是乱写他们",
            "time": "20-1-26 18:20"
        },
        {
            "comment id": 29,
            "parent": 16,
            "children": [
                28
            ],
            "user id": "3889889591",
            "user name": "悦子喵",
            "content": "看了好多无脑博主在那发 真的快气死了 造谣的全举报了 不可以这样误导大众！！官博并没有提到什么两个月十五个月的",
            "time": "20-1-26 18:20"
        },
        {
            "comment id": 30,
            "parent": 31,
            "children": [],
            "user id": "1890211173",
            "user name": "STIV水下摄影",
            "content": "回复@默默仔仔008:只对湖北的游客生效、 其他地方的不行",
            "time": "20-1-26 18:07"
        },
        {
            "comment id": 31,
            "parent": 38,
            "children": [
                27,
                30
            ],
            "user id": "2705561325",
            "user name": "默默仔仔008",
            "content": "回复@STIV水下摄影:请问真的可以请问真的可以延期两个月回国吗？在曼谷，好着急",
            "time": "20-1-26 18:05"
        },
        {
            "comment id": 32,
            "parent": 39,
            "children": [],
            "user id": "2705561325",
            "user name": "默默仔仔008",
            "content": "回复@直球型选手:请问是最近一两天泰国导游说可以延期两个月吗",
            "time": "20-1-26 18:03"
        },
        {
            "comment id": 33,
            "parent": 38,
            "children": [],
            "user id": "1692527155",
            "user name": "MissMengTV-",
            "content": "回复@STIV水下摄影:是延迟回国不罚款，并不是续签，看清楚，而且只是限制湖北的，并没有说的那么好，什么续签2个月，泰国人没那么好，有瘟疫，他们也不想惹祸 ",
            "time": "20-1-26 17:50"
        },
        {
            "comment id": 34,
            "parent": 37,
            "children": [],
            "user id": "1692527155",
            "user name": "MissMengTV-",
            "content": "回复@超级厉害的Aman哒:是延迟回国不罚款，并不是续签，看清楚，而且只是限制湖北的，并没有说的那么好，什么续签2个月，泰国人没那么好，有瘟疫，他们也不想惹祸",
            "time": "20-1-26 17:48"
        },
        {
            "comment id": 35,
            "parent": 37,
            "children": [],
            "user id": "1843897745",
            "user name": "undine--水精",
            "content": "回复@超级厉害的Aman哒:官方是说逾期不用交罚款，不是说可延期，并且根本没有提到天数。",
            "time": "20-1-26 17:42"
        },
        {
            "comment id": 36,
            "parent": 39,
            "children": [],
            "user id": "1843897745",
            "user name": "undine--水精",
            "content": "回复@直球型选手:不是延期，是逾期也不用交罚款，很多人理解错误了。",
            "time": "20-1-26 17:41"
        },
        {
            "comment id": 37,
            "parent": 16,
            "children": [
                34,
                35
            ],
            "user id": "1934464225",
            "user name": "超级厉害的Aman哒",
            "content": "官方文件已经发啦，是可以续签延迟回国的，朋友圈里也传了很多谣啊",
            "time": "20-1-26 17:26"
        },
        {
            "comment id": 38,
            "parent": 16,
            "children": [
                31,
                33
            ],
            "user id": "1890211173",
            "user name": "STIV水下摄影",
            "content": "抱歉、这是我泰国同学说的。 不是谣言， 我在泰国待了7年 查看图片",
            "time": "20-1-26 17:26"
        },
        {
            "comment id": 39,
            "parent": 16,
            "children": [
                32,
                36
            ],
            "user id": "3249237220",
            "user name": "直球型选手",
            "content": "回复@大霖顺利毕业了吗:是吧～导游还说我们是暂时的最后一批游客了 如果这一批走了对泰国旅游业影响还是不小的",
            "time": "20-1-26 17:13"
        },
        {
            "comment id": 40,
            "parent": 16,
            "children": [
                20
            ],
            "user id": "3744197623",
            "user name": "一千咿-",
            "content": "回复@一只薛:新加坡扔回来了啊…空投杭州",
            "time": "20-1-26 17:13"
        },
        {
            "comment id": 41,
            "parent": 46,
            "children": [],
            "user id": "1693228173",
            "user name": "KENT不是烟",
            "content": "回复@不良懵智Z:新加坡出啥政策了？还没看到。",
            "time": "20-1-26 17:12"
        },
        {
            "comment id": 42,
            "parent": 16,
            "children": [],
            "user id": "5658670159",
            "user name": "小周的宇宙逃离计划",
            "content": "中国湖北省游客可以续签",
            "time": "20-1-26 17:09"
        },
        {
            "comment id": 43,
            "parent": 47,
            "children": [],
            "user id": "7366481058",
            "user name": "祝我们永远自由",
            "content": "回复@直球型选手:我们导游也这么说！！",
            "time": "20-1-26 17:09"
        },
        {
            "comment id": 44,
            "parent": 16,
            "children": [],
            "user id": "1758059785",
            "user name": "解-小花",
            "content": "是只有武汉，还是中国人都可以",
            "time": "20-1-26 17:08"
        },
        {
            "comment id": 45,
            "parent": 46,
            "children": [],
            "user id": "1692527155",
            "user name": "MissMengTV-",
            "content": "回复@不良懵智Z:",
            "time": "20-1-26 17:07"
        },
        {
            "comment id": 46,
            "parent": 16,
            "children": [
                41,
                45
            ],
            "user id": "2669727792",
            "user name": "不良懵智Z",
            "content": "那也很好啊 ！你看看 新加坡 台湾 怎么做的",
            "time": "20-1-26 17:06"
        },
        {
            "comment id": 47,
            "parent": 16,
            "children": [
                43
            ],
            "user id": "3249237220",
            "user name": "直球型选手",
            "content": "回复@Aaasomefunstory:反正导游是说都可以的 你如果想办的话问问官方吧",
            "time": "20-1-26 17:05"
        },
        {
            "comment id": 48,
            "parent": 49,
            "children": [],
            "user id": "1692527155",
            "user name": "MissMengTV-",
            "content": "回复@直球型选手:导游是说了能算吗？让她给你办一个看看",
            "time": "20-1-26 17:04"
        },
        {
            "comment id": 49,
            "parent": 16,
            "children": [
                48
            ],
            "user id": "3249237220",
            "user name": "直球型选手",
            "content": "我在泰国 导游说了就是可以延期两个月啊",
            "time": "20-1-26 17:03"
        },
        {
            "comment id": 50,
            "parent": -1,
            "children": [
                51,
                52,
                53,
                54,
                55,
                56,
                57,
                58,
                59,
                60,
                61,
                62,
                63,
                64,
                65,
                66,
                67,
                68
            ],
            "user id": "2107546424",
            "user name": "Tony天空之城",
            "content": "由于新型冠状病毒肺炎爆发，中国政府下令于1月23日起关闭武汉、黄冈、鄂州机场，致使大量中国游客无法返回国，滞留泰国机场。对此泰国国家移民局决定按照入境管理法第54条规定，免除因上述原因滞留泰国游客的滞留罚款费用。特此公告，请悉知。",
            "time": "20-1-26 15:55"
        },
        {
            "comment id": 51,
            "parent": 50,
            "children": [],
            "user id": "2331554960",
            "user name": "十八个壮汉",
            "content": "然后全部空投萧山，浙江人民只能默默承受",
            "time": "20-1-27 09:43"
        },
        {
            "comment id": 52,
            "parent": 50,
            "children": [],
            "user id": "1760589522",
            "user name": "今夜月明江上酒初醒",
            "content": "从评论不难看出，小粉蛆们已经杀红了眼",
            "time": "20-1-26 23:29"
        },
        {
            "comment id": 53,
            "parent": 50,
            "children": [],
            "user id": "2712212174",
            "user name": "黑眼圈抓猫",
            "content": "这层楼里真是难看，它文件这么写，而且音译出来就这几个城市，当然也有可能出现错误，然而通用文稿就是这几个城市……骂人造谣你也先动脑动手搜一下？？ 网页链接",
            "time": "20-1-26 22:23"
        },
        {
            "comment id": 54,
            "parent": 50,
            "children": [],
            "user id": "7227687795",
            "user name": "起名实难",
            "content": "黄冈有机场吗？",
            "time": "20-1-26 19:57"
        },
        {
            "comment id": 55,
            "parent": 50,
            "children": [],
            "user id": "1242687790",
            "user name": "BX今天倒闭了吗",
            "content": "回复@2019对我好一点吧拜托了:造谣你🐴呢？阅读理解不过关去传染病医院治脑",
            "time": "20-1-26 18:41"
        },
        {
            "comment id": 56,
            "parent": 50,
            "children": [],
            "user id": "1843897745",
            "user name": "undine--水精",
            "content": "回复@是乌鱼饭的珏妹:对啊，原文的措辞本就有点模糊，而且还有打错的单词——鄂州打成yizhou(อี้โจว)，我们只是按原文翻译，不希望大家把“免罚签证逾期款”理解为“可续签”。",
            "time": "20-1-26 18:23"
        },
        {
            "comment id": 57,
            "parent": 50,
            "children": [],
            "user id": "1843897745",
            "user name": "undine--水精",
            "content": "由于新型冠状病毒肺炎爆发，武汉、黄冈、鄂州三市为疫源区，中国政府下令于1月23日起关闭武汉机场，致使大量中国游客无法回国。对此泰国国家移民局决定按照入境管理法第54条规定，免除因上述原因滞留泰国的游客的签证逾期罚款费（目前逾期免罚款只针对武汉黄冈鄂州三市的游客）。特此公告，请悉知。",
            "time": "20-1-26 17:49"
        },
        {
            "comment id": 58,
            "parent": 50,
            "children": [],
            "user id": "1806942213",
            "user name": "RudAns",
            "content": "一群人避谣避傻了都",
            "time": "20-1-26 17:28"
        },
        {
            "comment id": 59,
            "parent": 50,
            "children": [],
            "user id": "3441541274",
            "user name": "米斯西奥",
            "content": "哎作为黄冈人真是尴尬，为什么这么多阅读理解不过关的人，层主只是翻译了一下，就算有质疑不能好好说话么",
            "time": "20-1-26 17:26"
        },
        {
            "comment id": 60,
            "parent": 50,
            "children": [],
            "user id": "5182415275",
            "user name": "_七重奏",
            "content": "泰国公告原文如此，层主只转发了原文翻译。就算要指正公告错误也先学会好好说话，别张口闭口就扣人造谣帽子。",
            "time": "20-1-26 17:23"
        },
        {
            "comment id": 61,
            "parent": 50,
            "children": [],
            "user id": "2894358741",
            "user name": "珏妹唔",
            "content": "真的是打扰了  层主只是翻译了泰文原件  泰文原件里就是说的武汉  黄冈  鄂州的机场关闭了  不是我说评论这么大火气干嘛   人家怎么就造谣了  按文件翻译给大家还要被骂我？？？",
            "time": "20-1-26 17:20"
        },
        {
            "comment id": 62,
            "parent": 50,
            "children": [],
            "user id": "3806839031",
            "user name": "吴世勋今天和我在一起了吗",
            "content": "各位举报有害信息",
            "time": "20-1-26 17:20"
        },
        {
            "comment id": 63,
            "parent": 50,
            "children": [],
            "user id": "6402327001",
            "user name": "sweet099",
            "content": "笑死我了",
            "time": "20-1-26 17:18"
        },
        {
            "comment id": 64,
            "parent": 50,
            "children": [],
            "user id": "7211216428",
            "user name": "去哪找老公",
            "content": "你🐴是哪个🐶zf，用你个海外🐶说话",
            "time": "20-1-26 17:15"
        },
        {
            "comment id": 65,
            "parent": 50,
            "children": [],
            "user id": "5217996774",
            "user name": "2022年段段要继续努力啊",
            "content": "啧啧啧@央视新闻 @人民日报 @紫光阁 @湖北网警巡查执法 举报",
            "time": "20-1-26 17:13"
        },
        {
            "comment id": 66,
            "parent": 50,
            "children": [],
            "user id": "6242680258",
            "user name": "Thunderbird2019",
            "content": "黄冈没有机场，黄冈人",
            "time": "20-1-26 17:11"
        },
        {
            "comment id": 67,
            "parent": 50,
            "children": [],
            "user id": "2873915312",
            "user name": "叶子苏ye",
            "content": "@深圳网警 @人民日报 @央视新闻 假证向谁举报？",
            "time": "20-1-26 17:09"
        },
        {
            "comment id": 68,
            "parent": 50,
            "children": [],
            "user id": "2316785807",
            "user name": "伍豪nick",
            "content": "我是黄冈本地人？ 黄冈有机场？ 已举报",
            "time": "20-1-26 17:06"
        },
        {
            "comment id": 69,
            "parent": -1,
            "children": [
                70
            ],
            "user id": "5075418334",
            "user name": "catincm",
            "content": "真实翻译，并没有提什么可续签两个月 ",
            "time": "20-1-26 16:36"
        },
        {
            "comment id": 70,
            "parent": 69,
            "children": [],
            "user id": "7342098301",
            "user name": "疯狂的豆腐WIP",
            "content": "既不强制遣返也不罚款，一个意思",
            "time": "20-1-26 19:04"
        },
        {
            "comment id": 71,
            "parent": -1,
            "children": [
                72,
                73,
                74,
                76,
                77,
                78,
                80,
                81,
                82,
                83,
                84,
                85,
                86,
                87
            ],
            "user id": "1692527155",
            "user name": "MissMengTV-",
            "content": "别的国内户籍是否可以.我们也不想走",
            "time": "20-1-26 15:33"
        },
        {
            "comment id": 72,
            "parent": 71,
            "children": [],
            "user id": "1692527155",
            "user name": "MissMengTV-",
            "content": "回复@Misaya冥宗:是延迟回国不罚款，并不是续签，看清楚，而且只是限制湖北的，并没有说的那么好，什么续签2个月，泰国人没那么好，有瘟疫，他们也不想惹祸",
            "time": "20-1-31 09:23"
        },
        {
            "comment id": 73,
            "parent": 71,
            "children": [],
            "user id": "1692527155",
            "user name": "MissMengTV-",
            "content": "回复@豆子的小摊儿:涉及到后期黑名单限制入境问题，不是收不收钱那么简单",
            "time": "20-1-27 03:05"
        },
        {
            "comment id": 74,
            "parent": 71,
            "children": [],
            "user id": "1793576832",
            "user name": "歪宝比巴卜",
            "content": "回复@MissMeng-_-:是啊 既然延期了 那肯定就是可以留啊 也没说强制遣返啊 那不是一个意思吗 签证都续签了 机场都关闭了 那肯定是留在泰国了啊！ 所以我不懂你们到底在争个啥啊？？",
            "time": "20-1-27 02:06"
        },
        {
            "comment id": 75,
            "parent": 76,
            "children": [],
            "user id": "1692527155",
            "user name": "MissMengTV-",
            "content": "回复@undine--水精:是的，弄不好以后几年都限制入境，所以还是搞清楚再滞留吧，看看代价合不合适",
            "time": "20-1-26 23:56"
        },
        {
            "comment id": 76,
            "parent": 71,
            "children": [
                75
            ],
            "user id": "1843897745",
            "user name": "undine--水精",
            "content": "回复@给金角大王倒酒的:不是用不用的问题，是大部分人都主动戴了口罩",
            "time": "20-1-26 23:13"
        },
        {
            "comment id": 77,
            "parent": 71,
            "children": [],
            "user id": "1843897745",
            "user name": "undine--水精",
            "content": "回复@MissMeng-_-:而且目前只针对武汉、黄冈、鄂州三市的游客免收签证逾期罚款；其他省市的游客签证逾期15天有可能会被拉入黑名单。",
            "time": "20-1-26 23:11"
        },
        {
            "comment id": 78,
            "parent": 71,
            "children": [],
            "user id": "2137140755",
            "user name": "踏上流浪旅途的猫",
            "content": "回复@给金角大王倒酒的:我就在清迈，现在连夜市摊上都开始卖口罩了，一半人都戴口罩，不戴口罩的基本是大部分中国人，韩国人和部分欧美人本地人",
            "time": "20-1-26 21:43"
        },
        {
            "comment id": 79,
            "parent": 80,
            "children": [],
            "user id": "6429358621",
            "user name": "Annnnn_en",
            "content": "回复@常驻清迈的靖宝:？？？我就旅游……………想多呆1-2个月而已",
            "time": "20-1-26 19:21"
        },
        {
            "comment id": 80,
            "parent": 71,
            "children": [
                79
            ],
            "user id": "6449982111",
            "user name": "常驻清迈的靖宝",
            "content": "回复@sjdkznej:如果你是贴签，我就可以帮你转一年的留学签",
            "time": "20-1-26 18:44"
        },
        {
            "comment id": 81,
            "parent": 71,
            "children": [],
            "user id": "5369330745",
            "user name": "I林林C",
            "content": "回复@给金角大王倒酒的:不不，我在泰国小县城，学校还有市场都很多人开始戴了",
            "time": "20-1-26 17:29"
        },
        {
            "comment id": 82,
            "parent": 71,
            "children": [],
            "user id": "5978847744",
            "user name": "一朵没力的茉莉",
            "content": "回复@给金角大王倒酒的:就曼谷市区吧 大街上很多人都戴口罩，如果郊区就没什么人戴了",
            "time": "20-1-26 17:27"
        },
        {
            "comment id": 83,
            "parent": 71,
            "children": [],
            "user id": "5978847744",
            "user name": "一朵没力的茉莉",
            "content": "回复@给金角大王倒酒的:我在泰国 办公室上班都带老板要求的",
            "time": "20-1-26 17:20"
        },
        {
            "comment id": 84,
            "parent": 71,
            "children": [],
            "user id": "6429358621",
            "user name": "Annnnn_en",
            "content": "问问回个信息啊 同问 在泰国不想回",
            "time": "20-1-26 17:09"
        },
        {
            "comment id": 85,
            "parent": 71,
            "children": [],
            "user id": "5889942929",
            "user name": "摸仙堡宿管阿姨",
            "content": "蹲个回答",
            "time": "20-1-26 17:05"
        },
        {
            "comment id": 86,
            "parent": 71,
            "children": [],
            "user id": "1692527155",
            "user name": "MissMengTV-",
            "content": "回复@Aaasomefunstory:是的，我找泰国人看了",
            "time": "20-1-26 17:05"
        },
        {
            "comment id": 87,
            "parent": 71,
            "children": [],
            "user id": "1692527155",
            "user name": "MissMengTV-",
            "content": "回复@Aaasomefunstory:辟谣，朋友圈传的这个文件并没有说给中国人延期2个月。而是说因为中国武汉那边机场关闭导致滞留的客人如果签证过期了不收罚款。",
            "time": "20-1-26 16:19"
        },
        {
            "comment id": 88,
            "parent": -1,
            "children": [
                89,
                90,
                91,
                92,
                93
            ],
            "user id": "1843897745",
            "user name": "undine--水精",
            "content": "不是哦，文件内容是说针对湖北省武汉、黄冈、鄂州三地（应该是鄂州，泰文打成yizhou了）的游客，因为湖北各城市封城，武汉往返泰国的航班也取消了，湖北游客无法返回湖北。而且文件中并没有明确表示可延期60天，具体要看疫情情况来定。",
            "time": "20-1-26 16:26"
        },
        {
            "comment id": 89,
            "parent": 88,
            "children": [],
            "user id": "1843897745",
            "user name": "undine--水精",
            "content": "往返泰国的航班取消了，湖北游客无法返回湖北，没说黄冈有机场。",
            "time": "20-1-26 17:37"
        },
        {
            "comment id": 90,
            "parent": 88,
            "children": [],
            "user id": "1843897745",
            "user name": "undine--水精",
            "content": "我没说黄冈有机场啊",
            "time": "20-1-26 17:34"
        },
        {
            "comment id": 91,
            "parent": 88,
            "children": [],
            "user id": "5690169959",
            "user name": "Esther023",
            "content": "回复@丶点点世界:泰语原文就写了黄冈 火气不要太大",
            "time": "20-1-26 17:28"
        },
        {
            "comment id": 92,
            "parent": 88,
            "children": [],
            "user id": "3477494507",
            "user name": "阿宝炒鸡萌啦",
            "content": "回复@丶点点世界:你自己看原文，泰语翻译过来就是有黄冈",
            "time": "20-1-26 17:17"
        },
        {
            "comment id": 93,
            "parent": 88,
            "children": [],
            "user id": "5462372096",
            "user name": "丿芒果慕斯",
            "content": "黄冈机场你建的？",
            "time": "20-1-26 17:06"
        },
        {
            "comment id": 94,
            "parent": -1,
            "children": [],
            "user id": "3233830372",
            "user name": "我是二熊熊",
            "content": "那如果这样来泰国岂不是会碰到很多武汉游客 包括潜伏期中的？这也很危险啊",
            "time": "20-1-26 16:56"
        },
        {
            "comment id": 95,
            "parent": 96,
            "children": [
                96
            ],
            "user id": "1093851613",
            "user name": "jellyfishsaway",
            "content": "@superangryjellyfish：泰国正常签证15天有效期，要走这个流程的都是过了目前最长14天潜伏期的人类。请抛下成见",
            "time": "20-1-26 17:26"
        },
        {
            "comment id": 96,
            "parent": 95,
            "children": [
                95
            ],
            "user id": "3233830372",
            "user name": "我是二熊熊",
            "content": "回复@superangryjellyfish:如果能湖北游客能够自觉隔离 而不是去往人多处 那肯定是没问题的",
            "time": "20-1-26 21:05"
        },
        {
            "comment id": 97,
            "parent": -1,
            "children": [],
            "user id": "2978715183",
            "user name": "怡个呆梨_",
            "content": "台湾啊台湾你看看人家怎么做的 连一个无关的国家都能施以援手 你台畜却这样",
            "time": "20-1-26 16:22"
        },
        {
            "comment id": 98,
            "parent": -1,
            "children": [
                99
            ],
            "user id": "1866172887",
            "user name": "评论区表演艺术家赏鉴者",
            "content": "@TANGNIY 泰国不错啊",
            "time": "20-1-26 15:56"
        },
        {
            "comment id": 99,
            "parent": 98,
            "children": [
                100
            ],
            "user id": "1823583023",
            "user name": "TANGNIY",
            "content": "“玩的好 再来呀～”",
            "time": "20-1-26 18:53"
        },
        {
            "comment id": 100,
            "parent": 99,
            "children": [],
            "user id": "1866172887",
            "user name": "评论区表演艺术家赏鉴者",
            "content": "回复@TANGNIY:？？？？",
            "time": "20-1-26 19:14"
        },
        {
            "comment id": 101,
            "parent": -1,
            "children": [],
            "user id": "3164005503",
            "user name": "泰小mian",
            "content": "在暹罗百丽宫上班，我们公司的销售基本都戴口罩。慌的一匹",
            "time": "20-1-26 20:44"
        },
        {
            "comment id": 102,
            "parent": -1,
            "children": [],
            "user id": "3931251453",
            "user name": "泼茶归燕·1640",
            "content": "留学生真的慌，游客真的没几个戴口罩的，求求大家把口罩戴起来吧",
            "time": "20-1-26 16:35"
        },
        {
            "comment id": 103,
            "parent": -1,
            "children": [],
            "user id": "1010654691",
            "user name": "珠圆毓润2018",
            "content": "同问，怎么续啊？要去移民局办理吗？",
            "time": "20-1-26 16:16"
        },
        {
            "comment id": 104,
            "parent": -1,
            "children": [
                105
            ],
            "user id": "1794488874",
            "user name": "勤奋的苏丫丫",
            "content": "你好，我想咨询一下延期停留泰国的事～我是从北京来的，我们落地签，原本打算2月2日是第15天返回，现在如果想延期怎么办理？",
            "time": "20-1-26 17:36"
        },
        {
            "comment id": 105,
            "parent": 104,
            "children": [],
            "user id": "1801006607",
            "user name": "宇大仙儿家的喵",
            "content": "不行的。必须要两个其中一个条件。要么探亲，出示证明(很复杂），要么你是湖北省的游客，没有办法回去才能这样。不然你该走还得走。要么你出个境去菲律宾。再回来落地签。。。",
            "time": "20-1-27 00:02"
        },
        {
            "comment id": 106,
            "parent": -1,
            "children": [],
            "user id": "2249843367",
            "user name": "节操满满纸杯君",
            "content": "一个外邦都比年年给政策优惠的所谓同胞要强，宁可宁可捐赠土澳也不出口给我们物资，还公然的诅咒大陆患病的患者，国台办怎么有脸昨天说惠台政策暖了他们的心的",
            "time": "20-1-26 18:36"
        },
        {
            "comment id": 107,
            "parent": -1,
            "children": [],
            "user id": "5954798550",
            "user name": "zinccha",
            "content": "不要乱翻译好吗 文件根本没有提到60天",
            "time": "20-1-26 17:08"
        },
        {
            "comment id": 108,
            "parent": -1,
            "children": [],
            "user id": "5392620643",
            "user name": "卡卡的小暖书",
            "content": "患难见真情！谢谢泰国🇹🇭",
            "time": "20-1-26 16:30"
        },
        {
            "comment id": 109,
            "parent": -1,
            "children": [],
            "user id": "3245439895",
            "user name": "王跃军",
            "content": "这个思路十分清奇",
            "time": "20-1-26 16:20"
        },
        {
            "comment id": 110,
            "parent": -1,
            "children": [],
            "user id": "2131606380",
            "user name": "糠一糠",
            "content": "感谢🙏",
            "time": "20-1-26 16:11"
        },
        {
            "comment id": 111,
            "parent": -1,
            "children": [],
            "user id": "1850240203",
            "user name": "-大表姐i",
            "content": "中国是金主爸爸👨",
            "time": "20-1-26 16:57"
        },
        {
            "comment id": 112,
            "parent": -1,
            "children": [],
            "user id": "2281895432",
            "user name": "baiiiii",
            "content": "1900猪七天",
            "time": "20-1-26 15:51"
        },
        {
            "comment id": 113,
            "parent": -1,
            "children": [],
            "user id": "7340621697",
            "user name": "股票大梦想家",
            "content": "泰国日本都不错，湖北和武汉的父母官出来挨打",
            "time": "20-1-26 18:12"
        },
        {
            "comment id": 114,
            "parent": -1,
            "children": [],
            "user id": "2780154691",
            "user name": "吃葡萄么",
            "content": "不实消息?",
            "time": "20-1-27 20:12"
        },
        {
            "comment id": 115,
            "parent": -1,
            "children": [],
            "user id": "2594271441",
            "user name": "月光少女-",
            "content": "去不了了酒店啥的能不能协助退款。",
            "time": "20-1-26 23:13"
        },
        {
            "comment id": 116,
            "parent": -1,
            "children": [],
            "user id": "1878941010",
            "user name": "曹樂樂樂",
            "content": "泰国牛逼",
            "time": "20-1-26 20:54"
        },
        {
            "comment id": 117,
            "parent": -1,
            "children": [],
            "user id": "5964248940",
            "user name": "TIAN-NITA",
            "content": "太可爱了吧！",
            "time": "20-1-26 19:38"
        },
        {
            "comment id": 118,
            "parent": -1,
            "children": [],
            "user id": "2879902762",
            "user name": "米社长",
            "content": "感谢！",
            "time": "20-1-26 18:23"
        },
        {
            "comment id": 119,
            "parent": -1,
            "children": [],
            "user id": "3524237294",
            "user name": "神把黑暗中跳舞的心脏叫月亮",
            "content": "泰棒了很棒！",
            "time": "20-1-26 17:17"
        },
        {
            "comment id": 120,
            "parent": -1,
            "children": [],
            "user id": "2845001742",
            "user name": "ddddhiong",
            "content": "@饭加_ ",
            "time": "20-1-26 17:08"
        },
        {
            "comment id": 121,
            "parent": -1,
            "children": [],
            "user id": "2011929404",
            "user name": "怡然读经典",
            "content": "感恩🙏",
            "time": "20-1-26 17:00"
        },
        {
            "comment id": 122,
            "parent": -1,
            "children": [],
            "user id": "1427967842",
            "user name": "丁丁800",
            "content": "真是的离岸的省做的还没一个外国好，省长拉出去喂狗吧。",
            "time": "20-1-26 16:14"
        },
        {
            "comment id": 123,
            "parent": -1,
            "children": [],
            "user id": "5089415819",
            "user name": "Evan-YYY",
            "content": "具体怎么操作？",
            "time": "20-1-26 15:32"
        },
        {
            "comment id": 124,
            "parent": -1,
            "children": [],
            "user id": "1894169067",
            "user name": "野原新之猪小盆友",
            "content": "比某些国人强多了",
            "time": "20-1-26 16:33"
        },
        {
            "comment id": 125,
            "parent": -1,
            "children": [],
            "user id": "2166955005",
            "user name": "速水之皮革物语",
            "content": "泰国政府蛮就意思，同意的点赞",
            "time": "20-1-27 00:10"
        },
        {
            "comment id": 126,
            "parent": -1,
            "children": [],
            "user id": "2130066470",
            "user name": "春暖花开爱熊猫",
            "content": "我们只希望有些同胞能自觉做好自我隔离，不给别人添乱，这是公民基本素养，和城市国籍没有关系，原po不用偷换概念",
            "time": "20-1-26 16:45"
        },
        {
            "comment id": 127,
            "parent": -1,
            "children": [],
            "user id": "1212804202",
            "user name": "宝贝儿Jimmy",
            "content": "其他省的游客落地签到期后可以申请延期吗？",
            "time": "20-1-26 15:39"
        },
        {
            "comment id": 128,
            "parent": -1,
            "children": [],
            "user id": "2631093601",
            "user name": "老酒醒着喝",
            "content": "谢谢，多15天没事就没有病毒",
            "time": "20-1-27 12:25"
        },
        {
            "comment id": 129,
            "parent": -1,
            "children": [],
            "user id": "3477584374",
            "user name": "似幻似虛-",
            "content": "再看看台湾",
            "time": "20-1-27 11:55"
        },
        {
            "comment id": 130,
            "parent": -1,
            "children": [],
            "user id": "2248215490",
            "user name": "_有奶香味的猪猪",
            "content": "已经辟谣了 假的",
            "time": "20-1-26 22:59"
        },
        {
            "comment id": 131,
            "parent": -1,
            "children": [],
            "user id": "5372683875",
            "user name": "我是啊止",
            "content": "谢谢，帮助了滞留的武汉人民",
            "time": "20-1-26 22:24"
        },
        {
            "comment id": 132,
            "parent": -1,
            "children": [],
            "user id": "2712212174",
            "user name": "黑眼圈抓猫",
            "content": "只写了3个地方可以，武汉，黄冈，鄂州。而且文件没有说2个月啊，只是暂时不出镜不会罚款",
            "time": "20-1-26 22:19"
        },
        {
            "comment id": 133,
            "parent": -1,
            "children": [],
            "user id": "3995260023",
            "user name": "你一点儿也不好吃",
            "content": "就冲这个，疫情过去后大家都去泰国旅游给你贡献gdp去！",
            "time": "20-1-26 21:03"
        },
        {
            "comment id": 134,
            "parent": -1,
            "children": [],
            "user id": "2638358377",
            "user name": "黑夜终将过去",
            "content": "",
            "time": "20-1-26 20:39"
        },
        {
            "comment id": 135,
            "parent": -1,
            "children": [],
            "user id": "3165677887",
            "user name": "哥哥老姥",
            "content": "国人的无情无义 泰国人的有情有义",
            "time": "20-1-26 20:37"
        },
        {
            "comment id": 136,
            "parent": -1,
            "children": [],
            "user id": "1404981843",
            "user name": "战斗猫",
            "content": "善举善心，中国人民会记住朋友的帮助",
            "time": "20-1-26 19:50"
        },
        {
            "comment id": 137,
            "parent": -1,
            "children": [],
            "user id": "2108731315",
            "user name": "_会编网的柠檬",
            "content": "不错，好感",
            "time": "20-1-26 19:37"
        },
        {
            "comment id": 138,
            "parent": -1,
            "children": [],
            "user id": "5446672241",
            "user name": "BRAIN-OASIS",
            "content": "我们去泰国玩吧",
            "time": "20-1-26 19:03"
        },
        {
            "comment id": 139,
            "parent": -1,
            "children": [],
            "user id": "1879023977",
            "user name": "山中-水边-田间",
            "content": "赞",
            "time": "20-1-26 19:03"
        },
        {
            "comment id": 140,
            "parent": -1,
            "children": [],
            "user id": "7111695032",
            "user name": "猪蛋大人",
            "content": "活该他大米水果大卖发财！",
            "time": "20-1-26 18:54"
        }
    ]
}