{
    "source": {
        "content": "从武汉撤回来的日本人，迎接他们的是每个人一台救护车，206人=206台救护车，进行隔离。这就是连续20年被世界卫生组织评定医疗水平世界第一的国家。\n客观来说，日本的医疗水平真的是很强。这也就理解了为什么很多华人想在日本长居，这或许是原因之一了。 梁美夕的微博视频 ",
        "time": "20-1-29 20:43",
        "user id": "5706567329",
        "tweet id": "IrLqSBrak",
        "label": 1,
        "theme": null
    },
    "comment": [
        {
            "comment id": 0,
            "parent": -1,
            "children": [
                1,
                9
            ],
            "user id": "1406895523",
            "user name": "jack_j11",
            "content": "是21辆救护车加5辆大巴车，每人收费8万日元。东京的救护车归消防局管，目前一共才260辆，医院的救护车只负责医院之间的转运，206辆救护车接飞机是不可能发生的事情，是置全东京其他人的安危于不顾。",
            "time": "20-1-29 20:48"
        },
        {
            "comment id": 1,
            "parent": 0,
            "children": [],
            "user id": "2475320604",
            "user name": "ABBA妈妈咪呀",
            "content": "报销了",
            "time": "20-3-4 11:23"
        },
        {
            "comment id": 2,
            "parent": 3,
            "children": [],
            "user id": "1229596435",
            "user name": "金_麒麟",
            "content": "回复@艾娜-06:又杠上了。那我问你是贵还是便宜。杠好玩吗？",
            "time": "20-2-3 08:14"
        },
        {
            "comment id": 3,
            "parent": 4,
            "children": [
                2
            ],
            "user id": "6158584158",
            "user name": "艾娜-06",
            "content": "回复@金_麒麟:那机票是贵还是便宜？",
            "time": "20-2-3 08:05"
        },
        {
            "comment id": 4,
            "parent": 5,
            "children": [
                3
            ],
            "user id": "1229596435",
            "user name": "金_麒麟",
            "content": "回复@艾娜-06:中国是免费的，中国治疗也免费呀",
            "time": "20-2-3 06:31"
        },
        {
            "comment id": 5,
            "parent": 7,
            "children": [
                4
            ],
            "user id": "6158584158",
            "user name": "艾娜-06",
            "content": "回复@金_麒麟:不便宜  也代表不贵吧  专机 还要便宜？冒着生命危险接回来  救治免费",
            "time": "20-2-2 22:54"
        },
        {
            "comment id": 6,
            "parent": 7,
            "children": [],
            "user id": "1406895523",
            "user name": "jack_j11",
            "content": "回复@金_麒麟:确实不便宜啊，所以大概是分摊到每个人的全部撤侨费用，毕竟飞机也要临时调配，不是正常航班。",
            "time": "20-1-30 06:28"
        },
        {
            "comment id": 7,
            "parent": 8,
            "children": [
                5,
                6
            ],
            "user id": "1229596435",
            "user name": "金_麒麟",
            "content": "回复@jack_j11:问一下，机票费是8万日币吗？这价格就是和平时普通机票。并不便宜呀。",
            "time": "20-1-30 05:52"
        },
        {
            "comment id": 8,
            "parent": 9,
            "children": [
                7
            ],
            "user id": "1406895523",
            "user name": "jack_j11",
            "content": "回复@梁美夕: 是我说的不清楚，八万日元/人是机票费，不是救护车的费用。",
            "time": "20-1-29 21:06"
        },
        {
            "comment id": 9,
            "parent": 0,
            "children": [
                8
            ],
            "user id": "5706567329",
            "user name": "梁美夕",
            "content": "救护车都属于日本的国民保险保险范围之内，我之前陪朋友乘过救护车，根本就是免费的。你从哪里听说救护车要花钱了？不仅不花钱，这次肺炎所有在日本的中国人看肺炎这个病都不用花钱，不管什么签证，日本都免费治疗，这个事情你不知道吗？",
            "time": "20-1-29 20:58"
        },
        {
            "comment id": 10,
            "parent": -1,
            "children": [
                12,
                14
            ],
            "user id": "6174449291",
            "user name": "这是个昵称ha",
            "content": "中国撤侨的时候呢。现在不是乱bb别国的时候。中国疫情你能靠日本政府？中国已经够好了。",
            "time": "20-1-29 21:01"
        },
        {
            "comment id": 11,
            "parent": 12,
            "children": [],
            "user id": "6174449291",
            "user name": "这是个昵称ha",
            "content": "回复@梁美夕:愿2020好起来吧，也为你如此正的三观点个赞。我们国家医疗也在逐步改善了。现阶段看病难床位紧张也只是个别科室了。国家近几年相关政策出台，少量必需医疗仪器也逐步攻克，医院科室越来越完整，诊断治疗水平也逐步提高，都会好起来的。",
            "time": "20-1-29 21:27"
        },
        {
            "comment id": 12,
            "parent": 10,
            "children": [
                11
            ],
            "user id": "5706567329",
            "user name": "梁美夕",
            "content": "回复@江江江的Billd:我们国家的努力和进步以及这些年各方面的成就是有目共睹的，以后会越来越好。我这两年一直在日本，日本医疗环境和医疗条件真的很好，很多都是免费的，自己花不了什么钱。相比我们国家的看病难床位紧张，我还是觉得很心痛的。发这个视频还是感同身受更多一些，并不是要否定大家做出的贡献和努力。",
            "time": "20-1-29 21:19"
        },
        {
            "comment id": 13,
            "parent": 14,
            "children": [],
            "user id": "6174449291",
            "user name": "这是个昵称ha",
            "content": "回复@梁美夕:不是说你乱bb，我们也确实还有很多改进地方。本人从事医疗行业，据我所知的国内医疗厂商都在保住成本不加价出货，包括我公司。在这个阶段，作为博主不是应该大力鼓吹他国，而忽略像我们这样的国内厂商的辛苦努力。",
            "time": "20-1-29 21:13"
        },
        {
            "comment id": 14,
            "parent": 10,
            "children": [
                13
            ],
            "user id": "5706567329",
            "user name": "梁美夕",
            "content": "你也别这样说，日本这次捐了100多万个口罩。台湾一个口罩都不允许运到大陆。国内哄抬物价一个口罩卖几十块，我们是有很多方面有待改进。",
            "time": "20-1-29 21:06"
        },
        {
            "comment id": 15,
            "parent": -1,
            "children": [],
            "user id": "2892492805",
            "user name": "大虎仔",
            "content": "这的确是个假新闻",
            "time": "20-1-29 21:43"
        },
        {
            "comment id": 16,
            "parent": -1,
            "children": [],
            "user id": "6458065102",
            "user name": "亮多多72",
            "content": "瞎说，明明是每人一架飞机！！！",
            "time": "20-1-30 00:00"
        },
        {
            "comment id": 17,
            "parent": -1,
            "children": [],
            "user id": "6535742951",
            "user name": "奕可赛艇666",
            "content": "还一人一架飞机呢",
            "time": "20-1-29 22:20"
        },
        {
            "comment id": 18,
            "parent": -1,
            "children": [],
            "user id": "5214031884",
            "user name": "杰仁义",
            "content": "发假消息还不道歉，",
            "time": "20-1-31 16:58"
        },
        {
            "comment id": 19,
            "parent": -1,
            "children": [],
            "user id": "6444379488",
            "user name": "漠然43295",
            "content": "这一看就是假新闻，还转发，吹捧别国有意思吗？",
            "time": "20-1-30 10:20"
        }
    ]
}