{
    "source": {
        "content": "同济应急小组组长博导：\n呆在家里不要出门，\n不要过早服用抗病毒，\n或使用调节免疫功能药物，\n最最关键的是把家里暖气空调都打开，\n室内温度保持25度左右，\n开窗五分钟通风换气，\n原理是同济最新研究发现这种病毒喜欢0度左右的湿冷环境，\n20度左右就死亡，\n所以病毒在20度以上的室温下基本不能存活。（经确认转发）",
        "time": "20-1-27 08:46",
        "user id": "2014878391",
        "tweet id": "IrnSL61Lr",
        "label": 1,
        "theme": null
    },
    "comment": [
        {
            "comment id": 0,
            "parent": -1,
            "children": [
                1,
                4
            ],
            "user id": "6207726934",
            "user name": "武汉红树林",
            "content": "着完全是谣言。",
            "time": "20-1-27 08:55"
        },
        {
            "comment id": 1,
            "parent": 0,
            "children": [],
            "user id": "5936550080",
            "user name": "谢谢你带我吹海风",
            "content": "官方已经认定是谣言了 查看图片",
            "time": "20-2-2 11:33"
        },
        {
            "comment id": 2,
            "parent": 4,
            "children": [],
            "user id": "5522897280",
            "user name": "聊也1",
            "content": "回复@武汉刘正涛:平时智商挺高的",
            "time": "20-1-27 10:52"
        },
        {
            "comment id": 3,
            "parent": 4,
            "children": [],
            "user id": "1864709187",
            "user name": "乘疯啊",
            "content": "回复@武汉刘正涛:人体温度36度，够病毒死100次",
            "time": "20-1-27 09:41"
        },
        {
            "comment id": 4,
            "parent": 0,
            "children": [
                2,
                3
            ],
            "user id": "2014878391",
            "user name": "武汉刘正涛",
            "content": "谣言你的头，都说经过确认的了",
            "time": "20-1-27 09:04"
        },
        {
            "comment id": 5,
            "parent": -1,
            "children": [
                6,
                7
            ],
            "user id": "6254606861",
            "user name": "车车VS車車",
            "content": "这种病毒对热敏感，在干燥环境下很容易会失去水份死去。。。所以开空调暖气，对杀死病毒有效。。。但是要注意通风，身体注意补水，出门前注意身体保暖加油武汉，加油涛哥",
            "time": "20-1-27 09:40"
        },
        {
            "comment id": 6,
            "parent": 5,
            "children": [],
            "user id": "2014878391",
            "user name": "武汉刘正涛",
            "content": "对头",
            "time": "20-1-27 10:10"
        },
        {
            "comment id": 7,
            "parent": 5,
            "children": [],
            "user id": "3583950575",
            "user name": "天道酬勤0575",
            "content": "明白人",
            "time": "20-1-27 09:55"
        },
        {
            "comment id": 8,
            "parent": -1,
            "children": [],
            "user id": "5524573538",
            "user name": "Mac灬小白",
            "content": "涛哥，A50期货跌惨了",
            "time": "20-1-27 10:13"
        },
        {
            "comment id": 9,
            "parent": -1,
            "children": [],
            "user id": "5484553224",
            "user name": "老杨证券投融资",
            "content": "这么说吃蝙蝠应该是生吃的。",
            "time": "20-1-27 09:18"
        },
        {
            "comment id": 10,
            "parent": -1,
            "children": [],
            "user id": "5031337696",
            "user name": "泽瑞波子",
            "content": "666",
            "time": "20-1-27 09:11"
        },
        {
            "comment id": 11,
            "parent": -1,
            "children": [],
            "user id": "5339608207",
            "user name": "缠小刀",
            "content": "",
            "time": "20-1-27 09:00"
        },
        {
            "comment id": 12,
            "parent": -1,
            "children": [],
            "user id": "3281033215",
            "user name": "石头爱石子们",
            "content": "武汉加油！",
            "time": "20-1-27 08:58"
        },
        {
            "comment id": 13,
            "parent": -1,
            "children": [],
            "user id": "7094292348",
            "user name": "弘土土",
            "content": "谢谢涛哥",
            "time": "20-1-27 08:55"
        },
        {
            "comment id": 14,
            "parent": -1,
            "children": [],
            "user id": "5372162511",
            "user name": "我为谁人狂",
            "content": "这种你也信。？？？",
            "time": "20-1-27 08:48"
        },
        {
            "comment id": 15,
            "parent": -1,
            "children": [],
            "user id": "1625881051",
            "user name": "Sunny天天向上",
            "content": "无知真可怕，取关了",
            "time": "20-1-27 09:23"
        },
        {
            "comment id": 16,
            "parent": -1,
            "children": [],
            "user id": "5654168473",
            "user name": "神气的厨子",
            "content": "你的脑子得钱治了",
            "time": "20-1-27 09:10"
        },
        {
            "comment id": 17,
            "parent": -1,
            "children": [],
            "user id": "1484149354",
            "user name": "开坏2000",
            "content": "让我笑一会儿",
            "time": "20-1-27 08:59"
        },
        {
            "comment id": 18,
            "parent": -1,
            "children": [],
            "user id": "2078210725",
            "user name": "燕水梦",
            "content": "感觉跟省市政府一样，说话不过闹",
            "time": "20-1-27 09:54"
        },
        {
            "comment id": 19,
            "parent": -1,
            "children": [],
            "user id": "2610797123",
            "user name": "加仓大吉",
            "content": "放屁！",
            "time": "20-1-27 09:19"
        },
        {
            "comment id": 20,
            "parent": -1,
            "children": [],
            "user id": "3158702405",
            "user name": "任洪道SolarQ",
            "content": "骚涛，人体多少温度？",
            "time": "20-1-27 09:32"
        },
        {
            "comment id": 21,
            "parent": -1,
            "children": [],
            "user id": "3443205594",
            "user name": "茉莉_30433",
            "content": "",
            "time": "20-1-27 11:51"
        },
        {
            "comment id": 22,
            "parent": -1,
            "children": [],
            "user id": "2357750107",
            "user name": "繁錵hua",
            "content": "",
            "time": "20-1-27 10:37"
        },
        {
            "comment id": 23,
            "parent": -1,
            "children": [],
            "user id": "1434966302",
            "user name": "财大张兵",
            "content": "赶紧试试",
            "time": "20-1-27 10:16"
        },
        {
            "comment id": 24,
            "parent": -1,
            "children": [],
            "user id": "6767381424",
            "user name": "我魂牵梦绕的故乡",
            "content": "你是猴子🐒派来的逗比吗？",
            "time": "20-1-27 10:01"
        },
        {
            "comment id": 25,
            "parent": -1,
            "children": [],
            "user id": "1901983653",
            "user name": "千觞乱炖",
            "content": "反正天冷泡剧吹空调呗",
            "time": "20-1-27 09:59"
        },
        {
            "comment id": 26,
            "parent": -1,
            "children": [],
            "user id": "5779646147",
            "user name": "白马粉",
            "content": "666",
            "time": "20-1-27 09:57"
        },
        {
            "comment id": 27,
            "parent": -1,
            "children": [],
            "user id": "5993695666",
            "user name": "谷粒谷粒368",
            "content": "666",
            "time": "20-1-27 09:53"
        },
        {
            "comment id": 28,
            "parent": -1,
            "children": [],
            "user id": "1987599401",
            "user name": "如水遇风H",
            "content": "海南平均温度多高…………一样出现了",
            "time": "20-1-27 09:53"
        },
        {
            "comment id": 29,
            "parent": -1,
            "children": [],
            "user id": "1463265580",
            "user name": "o阿蒙的阿蒙的阿蒙o",
            "content": "就这智商，还炒股呢",
            "time": "20-1-27 09:52"
        },
        {
            "comment id": 30,
            "parent": -1,
            "children": [],
            "user id": "1581970547",
            "user name": "旅行中的静子",
            "content": "这条信息让我怀疑是不是你本人发的",
            "time": "20-1-27 09:46"
        },
        {
            "comment id": 31,
            "parent": -1,
            "children": [],
            "user id": "3241836310",
            "user name": "eas1956",
            "content": "希望这是有科学依据的，大家都能早点好起来。",
            "time": "20-1-27 09:43"
        },
        {
            "comment id": 32,
            "parent": -1,
            "children": [],
            "user id": "2597707444",
            "user name": "孤筝望月",
            "content": "你的体温是多少？如果20度以上就可以消灭它，它还上的了你的身吗",
            "time": "20-1-27 09:32"
        },
        {
            "comment id": 33,
            "parent": -1,
            "children": [],
            "user id": "2218036442",
            "user name": "小马奔腾1599",
            "content": "这智商堪忧啊",
            "time": "20-1-27 09:30"
        },
        {
            "comment id": 34,
            "parent": -1,
            "children": [],
            "user id": "5457443229",
            "user name": "海燕-201608",
            "content": "非常感谢！",
            "time": "20-1-27 09:21"
        },
        {
            "comment id": 35,
            "parent": -1,
            "children": [],
            "user id": "3171466045",
            "user name": "银河系涛涛",
            "content": "科比挂了，我们默哀三分钟！",
            "time": "20-1-27 09:06"
        },
        {
            "comment id": 36,
            "parent": -1,
            "children": [],
            "user id": "7158753676",
            "user name": "鸿蒙ii",
            "content": "做运动不是全部杀死了！",
            "time": "20-1-27 09:06"
        },
        {
            "comment id": 37,
            "parent": -1,
            "children": [],
            "user id": "5940013936",
            "user name": "无月无界",
            "content": "广东海南都超25度一样发生",
            "time": "20-1-27 09:04"
        },
        {
            "comment id": 38,
            "parent": -1,
            "children": [],
            "user id": "7157500638",
            "user name": "相濡以沫166166",
            "content": "不管真假都要试试！关键时期不要吝啬那点电费了。我家热得穿半袖，一年四季用热水。让钱受罪，不能让人受罪",
            "time": "20-1-27 09:04"
        },
        {
            "comment id": 39,
            "parent": -1,
            "children": [],
            "user id": "5573887999",
            "user name": "吉祥0898",
            "content": "疫情爆发后武汉人进来海南七八万，海南现在确诊22例，我还一直不解，原来…",
            "time": "20-1-27 09:00"
        },
        {
            "comment id": 40,
            "parent": -1,
            "children": [
                41
            ],
            "user id": "1851250085",
            "user name": "好备备贝贝白",
            "content": "那广东  ，海南，深圳，香港，泰国……是怎么肥事儿？",
            "time": "20-1-27 08:51"
        },
        {
            "comment id": 41,
            "parent": 40,
            "children": [],
            "user id": "5559844763",
            "user name": "高毅1798",
            "content": "说的大多数是指北方，温带气候，干燥一些。等等，不能一概而论咯。",
            "time": "20-1-27 15:22"
        },
        {
            "comment id": 42,
            "parent": -1,
            "children": [],
            "user id": "1707393010",
            "user name": "郭__锐",
            "content": "还在散布这些乱七八糟的东西，严重鄙视👎！",
            "time": "20-1-27 11:25"
        },
        {
            "comment id": 43,
            "parent": -1,
            "children": [],
            "user id": "5887255243",
            "user name": "惠45531",
            "content": "我还是相信56度高温煮30分钟那则…",
            "time": "20-1-27 08:53"
        },
        {
            "comment id": 44,
            "parent": -1,
            "children": [],
            "user id": "7111461106",
            "user name": "就知道oy",
            "content": "涛哥没事在家呆着吧。能让我们省点心不",
            "time": "20-1-27 09:01"
        },
        {
            "comment id": 45,
            "parent": -1,
            "children": [],
            "user id": "6722082048",
            "user name": "天道酬勤6722082048",
            "content": "那为什么海南也有呢",
            "time": "20-1-27 13:34"
        },
        {
            "comment id": 46,
            "parent": -1,
            "children": [],
            "user id": "1806293927",
            "user name": "cosmocc_430",
            "content": "假的",
            "time": "20-1-27 10:37"
        },
        {
            "comment id": 47,
            "parent": -1,
            "children": [],
            "user id": "6093110710",
            "user name": "黑马猎人一号",
            "content": "人体26℃都杀不死它",
            "time": "20-1-27 09:43"
        }
    ]
}