{
    "source": {
        "content": "#最新疫情地图#\n12分全部扣完，直接重新考本 ",
        "time": "20-1-28 13:22",
        "user id": "6431380637",
        "tweet id": "Irz7cqtdq",
        "label": 1,
        "theme": null
    },
    "comment": [
        {
            "comment id": 0,
            "parent": -1,
            "children": [
                2,
                4,
                8,
                9
            ],
            "user id": "6571184135",
            "user name": "上岸上岸upup",
            "content": "不懂哎",
            "time": "20-1-28 13:23"
        },
        {
            "comment id": 1,
            "parent": 2,
            "children": [],
            "user id": "3299452221",
            "user name": "翊直到末日的盡頭",
            "content": "回复@翊直到末日的盡頭:回复完抬头问了一下，也是6分，说错了说错了",
            "time": "20-1-29 14:05"
        },
        {
            "comment id": 2,
            "parent": 0,
            "children": [
                1
            ],
            "user id": "3299452221",
            "user name": "翊直到末日的盡頭",
            "content": "我们一个红灯3分",
            "time": "20-1-29 14:03"
        },
        {
            "comment id": 3,
            "parent": 9,
            "children": [],
            "user id": "6118837413",
            "user name": "Forever阳春",
            "content": "回复@不忘初心勇气兴兴:我们这里一个红灯6分",
            "time": "20-1-28 17:36"
        },
        {
            "comment id": 4,
            "parent": 0,
            "children": [],
            "user id": "6571184135",
            "user name": "上岸上岸upup",
            "content": "哦哦哦哦",
            "time": "20-1-28 14:10"
        },
        {
            "comment id": 5,
            "parent": 6,
            "children": [],
            "user id": "1897435141",
            "user name": "天下树迷",
            "content": "回复@碎玉秋心-Kia:对啊！刚好扣完，让你回家",
            "time": "20-1-28 14:02"
        },
        {
            "comment id": 6,
            "parent": 7,
            "children": [
                5
            ],
            "user id": "1964261570",
            "user name": "碎玉秋心-Kia",
            "content": "回复@天下树迷:往回走也是红灯啊",
            "time": "20-1-28 14:01"
        },
        {
            "comment id": 7,
            "parent": 9,
            "children": [
                6
            ],
            "user id": "1897435141",
            "user name": "天下树迷",
            "content": "回复@不忘初心勇气兴兴:才两分，罰得好轻啊我们这一个六分。闯过一个就得往回走了",
            "time": "20-1-28 13:41"
        },
        {
            "comment id": 8,
            "parent": 0,
            "children": [],
            "user id": "1780400633",
            "user name": "时光机翼",
            "content": "现在红灯6分 两次就重考",
            "time": "20-1-28 13:39"
        },
        {
            "comment id": 9,
            "parent": 0,
            "children": [
                3,
                7
            ],
            "user id": "2381289143",
            "user name": "不忘初心勇气兴兴",
            "content": "红绿灯全是红的，那开车出行就只能闯红灯，闯一个红灯扣2分，六个红灯就把一年的分扣完了，只能重新考驾照。",
            "time": "20-1-28 13:32"
        },
        {
            "comment id": 10,
            "parent": -1,
            "children": [],
            "user id": "5369089008",
            "user name": "海口锦鲤",
            "content": "加油，2020，战胜困难一往无前，愈挫愈奋！",
            "time": "20-1-28 13:26"
        },
        {
            "comment id": 11,
            "parent": -1,
            "children": [],
            "user id": "5858103644",
            "user name": "sevenwnnn",
            "content": "哈哈哈哈哈哈哈这个绝了",
            "time": "20-1-28 16:53"
        },
        {
            "comment id": 12,
            "parent": -1,
            "children": [],
            "user id": "2257175873",
            "user name": "热门微博",
            "content": "恭喜你的优质内容进入热门流曝光~持续沿着垂直领域方向创作，获取更多流量,详情见微博正文 ",
            "time": "20-1-29 19:58"
        },
        {
            "comment id": 13,
            "parent": -1,
            "children": [
                14
            ],
            "user id": "6078366727",
            "user name": "张阿婉",
            "content": "湖北十堰 想起我花 祝大家身体健康",
            "time": "20-1-28 13:23"
        },
        {
            "comment id": 14,
            "parent": 13,
            "children": [],
            "user id": "3863279324",
            "user name": "perper家的宇宇",
            "content": "同一个十堰，同一个花，希望大家都好",
            "time": "20-1-28 17:51"
        },
        {
            "comment id": 15,
            "parent": -1,
            "children": [],
            "user id": "6604873204",
            "user name": "糖果色的巴黎",
            "content": "",
            "time": "20-4-29 00:16"
        },
        {
            "comment id": 16,
            "parent": -1,
            "children": [],
            "user id": "2623507467",
            "user name": "ChiaraHeyan",
            "content": "[米奇比心]",
            "time": "20-2-21 18:05"
        },
        {
            "comment id": 17,
            "parent": -1,
            "children": [],
            "user id": "6039767262",
            "user name": "你de香味悬在半空",
            "content": "这个太狠了",
            "time": "20-1-28 16:28"
        },
        {
            "comment id": 18,
            "parent": -1,
            "children": [],
            "user id": "6675288732",
            "user name": "欧欧欧欧欧欧欧皇加身",
            "content": "可以",
            "time": "20-1-28 16:16"
        },
        {
            "comment id": 19,
            "parent": -1,
            "children": [
                20
            ],
            "user id": "5660393165",
            "user name": "小袁小袁快乐源泉",
            "content": "@知府知福 这个好好笑怎么办",
            "time": "20-1-28 13:45"
        },
        {
            "comment id": 20,
            "parent": 19,
            "children": [],
            "user id": "5202553325",
            "user name": "知痴失",
            "content": "hhhhhhhhh 这个太狠了",
            "time": "20-1-28 16:37"
        },
        {
            "comment id": 21,
            "parent": -1,
            "children": [],
            "user id": "6167545198",
            "user name": "最可爱的殷离",
            "content": "我们这一个红灯6分",
            "time": "20-1-29 14:02"
        },
        {
            "comment id": 22,
            "parent": -1,
            "children": [],
            "user id": "5460584062",
            "user name": "Maankop",
            "content": "厉害了",
            "time": "20-1-28 14:08"
        },
        {
            "comment id": 23,
            "parent": -1,
            "children": [],
            "user id": "3071956775",
            "user name": "西梦徒徒",
            "content": "不瞒您说，湖北18线的小县城也是这个操作",
            "time": "20-1-28 13:52"
        },
        {
            "comment id": 24,
            "parent": -1,
            "children": [],
            "user id": "5856321912",
            "user name": "黛柳欧阳",
            "content": "硬核硬核",
            "time": "20-1-28 13:35"
        },
        {
            "comment id": 25,
            "parent": -1,
            "children": [],
            "user id": "3281409704",
            "user name": "辉辉暖暖",
            "content": "",
            "time": "20-1-28 13:24"
        },
        {
            "comment id": 26,
            "parent": -1,
            "children": [],
            "user id": "7286594718",
            "user name": "快乐小青蛙1310",
            "content": "我们这里也是，全开红灯",
            "time": "20-1-29 14:51"
        },
        {
            "comment id": 27,
            "parent": -1,
            "children": [],
            "user id": "6456578431",
            "user name": "狗儿塞关注",
            "content": "图片评论 ",
            "time": "20-1-29 13:56"
        }
    ]
}