{
    "source": {
        "content": "#全国累计确诊病例4515例# 一名武汉男性故意在上海传播病毒，说好的最高七年的刑法呢？#丹麦媒体刊载辱华漫画# 强哥说事的微博视频 ",
        "time": "20-1-28 14:05",
        "user id": "1253139560",
        "tweet id": "IrzoSpGLE",
        "label": 1,
        "theme": null
    },
    "comment": [
        {
            "comment id": 0,
            "parent": -1,
            "children": [],
            "user id": "5442779227",
            "user name": "女球曼巴",
            "content": "这样的人可以枪毙吗？",
            "time": "20-1-28 14:06"
        },
        {
            "comment id": 1,
            "parent": -1,
            "children": [],
            "user id": "6309216341",
            "user name": "明天见明天见咯",
            "content": "这种人真的讨大嘴巴子",
            "time": "20-1-28 14:08"
        },
        {
            "comment id": 2,
            "parent": -1,
            "children": [],
            "user id": "5442779227",
            "user name": "女球曼巴",
            "content": "渣！！",
            "time": "20-1-28 16:58"
        },
        {
            "comment id": 3,
            "parent": -1,
            "children": [],
            "user id": "5652537669",
            "user name": "Doris怡娉",
            "content": "枪毙",
            "time": "20-1-28 16:23"
        },
        {
            "comment id": 4,
            "parent": -1,
            "children": [],
            "user id": "5624136475",
            "user name": "高才伟业",
            "content": "大千世界",
            "time": "20-1-28 14:10"
        },
        {
            "comment id": 5,
            "parent": -1,
            "children": [],
            "user id": "5308732660",
            "user name": "不吃花椒_lll",
            "content": "这绝壁有病",
            "time": "20-1-28 14:26"
        },
        {
            "comment id": 6,
            "parent": -1,
            "children": [],
            "user id": "1870405012",
            "user name": "悠嘻寰宇",
            "content": "这个视频不是在上海别乱发",
            "time": "20-1-28 14:18"
        },
        {
            "comment id": 7,
            "parent": -1,
            "children": [],
            "user id": "5861388818",
            "user name": "笑离离哈哈哈",
            "content": "举报了，为了热度毫无底线，国难当头毫无底线，扰乱国内治安，团结，您就这么差流量吗？传谣必被传染",
            "time": "20-1-29 09:28"
        },
        {
            "comment id": 8,
            "parent": -1,
            "children": [],
            "user id": "5480423031",
            "user name": "春春最可爱了",
            "content": "不是肺炎普通感冒。。",
            "time": "20-1-28 19:08"
        },
        {
            "comment id": 9,
            "parent": -1,
            "children": [],
            "user id": "6585642607",
            "user name": "哈登的男朋友",
            "content": "这人可能家里人没了",
            "time": "20-1-28 18:49"
        },
        {
            "comment id": 10,
            "parent": -1,
            "children": [],
            "user id": "37285445",
            "user name": "汀沄涛",
            "content": "说好的孝感妇幼保健院？变成武汉人在上海传播？传谣是想进去隔离吗",
            "time": "20-1-28 15:16"
        },
        {
            "comment id": 11,
            "parent": -1,
            "children": [],
            "user id": "2580906147",
            "user name": "唯是指行",
            "content": "是该报警。传播疾病，涉嫌犯罪了。",
            "time": "20-1-28 17:13"
        },
        {
            "comment id": 12,
            "parent": -1,
            "children": [],
            "user id": "6384735739",
            "user name": "追梦人JSChen",
            "content": "两位前台护士看到这病患作出如此卑鄙不负责任的行为，该马上报警了！此人不马上抓去隔离，待他离院害人无数啊！！！",
            "time": "20-1-28 14:50"
        },
        {
            "comment id": 13,
            "parent": -1,
            "children": [],
            "user id": "2607693907",
            "user name": "哩格尔愣",
            "content": "@柴犬妹妹",
            "time": "20-1-28 14:27"
        },
        {
            "comment id": 14,
            "parent": -1,
            "children": [],
            "user id": "5136121081",
            "user name": "监护人ISFJ",
            "content": "直接无期吧",
            "time": "20-1-28 14:19"
        },
        {
            "comment id": 15,
            "parent": -1,
            "children": [],
            "user id": "2792557450",
            "user name": "羅-KK",
            "content": "@IUUUJIA",
            "time": "20-1-28 14:11"
        }
    ]
}