{
    "source": {
        "content": "网友投稿： 有网友称嘉兴海盐有市民报警称有人跳楼， 警车和救护车都去了，结果发现是晒充气娃娃 ",
        "time": "20-2-5 06:17",
        "user id": "2435939794",
        "tweet id": "IsJKWpUJ8",
        "label": 1,
        "theme": null
    },
    "comment": [
        {
            "comment id": 0,
            "parent": -1,
            "children": [],
            "user id": "5868527608",
            "user name": "明星探长",
            "content": "这也太嚣张了，把她主人叫来大家认识一下",
            "time": "20-2-5 07:13"
        },
        {
            "comment id": 1,
            "parent": -1,
            "children": [],
            "user id": "6130309109",
            "user name": "柠檬酸酸一路酸",
            "content": "这是硅胶材质的娃娃，这下好了，所有人都知道你的老婆在晒太阳了",
            "time": "20-2-5 07:00"
        },
        {
            "comment id": 2,
            "parent": -1,
            "children": [],
            "user id": "6973317785",
            "user name": "Deadheart49382",
            "content": "你能不能不传谣？？？？？",
            "time": "20-2-5 07:28"
        },
        {
            "comment id": 3,
            "parent": -1,
            "children": [],
            "user id": "3158142900",
            "user name": "moray沫漓",
            "content": "太神奇了，充气的手还会抓娃娃杆子，不少钱吧?",
            "time": "20-2-5 06:34"
        },
        {
            "comment id": 4,
            "parent": -1,
            "children": [],
            "user id": "2787141430",
            "user name": "北冥有咸鱼sl",
            "content": "我咋关注了这辣鸡微博号，不要造谣好吗，这是一女生想自杀",
            "time": "20-2-5 14:44"
        },
        {
            "comment id": 5,
            "parent": -1,
            "children": [],
            "user id": "3176200424",
            "user name": "爱吃香菜的老母亲",
            "content": "谣言",
            "time": "20-2-6 22:29"
        },
        {
            "comment id": 6,
            "parent": -1,
            "children": [],
            "user id": "3527649440",
            "user name": "李尒郎",
            "content": "已经辟谣了，不是充气娃娃。",
            "time": "20-2-5 12:28"
        },
        {
            "comment id": 7,
            "parent": -1,
            "children": [],
            "user id": "6025996355",
            "user name": "我不是特别喜欢吃苹果",
            "content": "都已经澄清是真人了，发的晚不说，还你🐴的造谣！！秀智商下线呢？",
            "time": "20-2-6 11:39"
        },
        {
            "comment id": 8,
            "parent": -1,
            "children": [],
            "user id": "5589469141",
            "user name": "幼儿园媛长",
            "content": "@wangjiaerhaoshuai",
            "time": "20-2-5 10:38"
        },
        {
            "comment id": 9,
            "parent": -1,
            "children": [],
            "user id": "1917366395",
            "user name": "黎秋秋",
            "content": "是真人来的，不是充气娃娃",
            "time": "20-2-5 10:37"
        },
        {
            "comment id": 10,
            "parent": -1,
            "children": [],
            "user id": "3941763639",
            "user name": "那个男人他lei了",
            "content": "昨天就辟谣是真人了，你今天还发这个谣言…",
            "time": "20-2-5 10:12"
        },
        {
            "comment id": 11,
            "parent": -1,
            "children": [],
            "user id": "6320617006",
            "user name": "快乐的搞笑生活",
            "content": "是真人，屁股坐在一根横杆上，一动不动而已",
            "time": "20-2-5 06:32"
        },
        {
            "comment id": 12,
            "parent": -1,
            "children": [],
            "user id": "7276915116",
            "user name": "香蕉94072",
            "content": "别传谣了行不行？",
            "time": "20-2-5 06:30"
        },
        {
            "comment id": 13,
            "parent": -1,
            "children": [],
            "user id": "1036783014",
            "user name": "蜜蜂甜蜜蜜1203",
            "content": "是真人，不是充气娃娃",
            "time": "20-2-5 06:28"
        }
    ]
}