{
    "source": {
        "content": "您知道武汉火神山医院吗？2月2日已经交付使用了。这所速建专科医院的规划设计者是谁？我想医院建筑与装备杂志社的人都不一定去关注此事。这个人是日本竹务工务店（超高层建筑施工公司）高级规划师木间雄二先生，他提出了无地基小承载陆上漂浮建设方案，最终被疫情指挥部选中了。这个原理是水上浮桥设计理念（没有桥墩），在中国地上快速装配建筑工程技术领域尚属首例。工程利用轻型钢架组拼塔技术制造成浮架，摆放在防渗透地面上，再以其为基础装配负压隔离病房。这种设计方案的最大好处是快，而且地面与房子之间形成了架空空间，为负压病房的隔离换气乃至下送风提供了施工方便，为上下水管，电缆线综合布线及建筑物的通风隔潮，医疗废弃物收集，提供了一个意想不到的第二通道。有专业人士认为，这种漂浮式应急建筑设计理念，让人们打开了多年来军式基地营房建设的新思路和新高度！也是当今电子战，无人机控制机房，陆基导弹和边境哨所的设计首选，不错吧！其实木间先生自己讲，他的设计灵感，就来源于中国西双版傣族的吊脚楼。（网摘） 永生阳光的微博视频",
        "time": "20-2-5 17:50",
        "user id": "5951987513",
        "tweet id": "IsOhT5voh",
        "label": 1,
        "theme": null
    },
    "comment": [
        {
            "comment id": 0,
            "parent": -1,
            "children": [],
            "user id": "6993373763",
            "user name": "王思姚112059",
            "content": "知道这是造谣吗？",
            "time": "20-2-5 21:30"
        },
        {
            "comment id": 1,
            "parent": -1,
            "children": [],
            "user id": "1980026093",
            "user name": "管子峻来去兮",
            "content": "虚假消息，请切腹自尽",
            "time": "20-2-5 21:49"
        },
        {
            "comment id": 2,
            "parent": -1,
            "children": [],
            "user id": "7345201423",
            "user name": "李意-佛量道相",
            "content": "这种方案确实好用。",
            "time": "20-2-5 19:16"
        },
        {
            "comment id": 3,
            "parent": -1,
            "children": [],
            "user id": "2964656813",
            "user name": "怎啥改不了名",
            "content": "谁造的谣，有毒吧，捧日捧魔怔了",
            "time": "20-2-5 22:53"
        },
        {
            "comment id": 4,
            "parent": -1,
            "children": [],
            "user id": "6183805166",
            "user name": "梦醒仍是少年-",
            "content": "亏你是个当兵的。就这么自信？谁告诉你的？日本人有这智慧？你这叫舔狗！",
            "time": "20-2-5 21:40"
        },
        {
            "comment id": 5,
            "parent": -1,
            "children": [],
            "user id": "5737724074",
            "user name": "落寞163",
            "content": "@首都网警",
            "time": "20-2-5 21:34"
        },
        {
            "comment id": 6,
            "parent": -1,
            "children": [],
            "user id": "2626916174",
            "user name": "吳吳_吳先森",
            "content": "安静点🤫 有功夫的发这个还不去多科普一下预防疫情的消息，不要浪费社会资源来给一些猫猫狗狗辟谣了 ",
            "time": "20-2-6 14:01"
        },
        {
            "comment id": 7,
            "parent": -1,
            "children": [],
            "user id": "2148494424",
            "user name": "南极熊北极企鹅",
            "content": "请你向着东方切腹自尽",
            "time": "20-2-11 12:51"
        },
        {
            "comment id": 8,
            "parent": -1,
            "children": [],
            "user id": "1776992241",
            "user name": "木子家的一棵草",
            "content": "虚假消息，请切腹自尽",
            "time": "20-2-6 15:15"
        },
        {
            "comment id": 9,
            "parent": -1,
            "children": [],
            "user id": "1595995501",
            "user name": "伊春王庆福",
            "content": "//@冬天里的一把火k: 转发微博",
            "time": "20-2-5 18:25"
        },
        {
            "comment id": 10,
            "parent": -1,
            "children": [],
            "user id": "5554450373",
            "user name": "EnTaro塔萨达尔",
            "content": "日本人什么什么熊二？",
            "time": "20-2-10 04:17"
        },
        {
            "comment id": 11,
            "parent": -1,
            "children": [],
            "user id": "3324515852",
            "user name": "亿锺緈諨",
            "content": "建议拘留",
            "time": "20-2-9 15:20"
        },
        {
            "comment id": 12,
            "parent": -1,
            "children": [],
            "user id": "6540278000",
            "user name": "没有善水只有善的可乐",
            "content": "精日分子给👴 爪巴",
            "time": "20-2-9 12:23"
        },
        {
            "comment id": 13,
            "parent": -1,
            "children": [],
            "user id": "1777728515",
            "user name": "捶爆一切歧视的小纱雪",
            "content": "你还没被隔离吗？造谣那么牛",
            "time": "20-2-6 09:04"
        },
        {
            "comment id": 14,
            "parent": -1,
            "children": [],
            "user id": "6084645421",
            "user name": "德彪西的月光之曲",
            "content": "造你妹的谣",
            "time": "20-2-6 06:31"
        },
        {
            "comment id": 15,
            "parent": -1,
            "children": [],
            "user id": "5379702816",
            "user name": "日暖不暖人心",
            "content": "什么阿猫阿狗都开始蹦出来了。浪费社会资源。你这样的人死不足惜！",
            "time": "20-2-11 07:15"
        }
    ]
}