{
    "source": {
        "content": "这是隔离重症病房里一个小朋友对医生说的话，泪目。 #冠状病毒对紫外线和热敏感# #新型肺炎新增疑似病例明显减少#  鹤鸣九皋30的微博视频 ",
        "time": "20-2-5 20:38",
        "user id": "7160625498",
        "tweet id": "IsPojbXqS",
        "label": 1,
        "theme": null
    },
    "comment": [
        {
            "comment id": 0,
            "parent": -1,
            "children": [],
            "user id": "6462795397",
            "user name": "蜜桃浓茶a",
            "content": "这是电影倾城之泪里面小胖说的，并不是隔离重症病房的小朋友，请不要用电影片段乱编，不知者看了真的很难受的🙋",
            "time": "20-2-6 00:54"
        },
        {
            "comment id": 1,
            "parent": -1,
            "children": [],
            "user id": "2107822892",
            "user name": "Mayness7",
            "content": "好难受，泪奔",
            "time": "20-2-5 22:25"
        },
        {
            "comment id": 2,
            "parent": -1,
            "children": [],
            "user id": "2802489410",
            "user name": "乡村教书小匠",
            "content": "不是儿童没有重症病例吗？？？",
            "time": "20-2-5 20:49"
        },
        {
            "comment id": 3,
            "parent": -1,
            "children": [],
            "user id": "6576642823",
            "user name": "灵晨80931",
            "content": "宝贝加油💪，一定会好起来的。",
            "time": "20-2-5 22:46"
        },
        {
            "comment id": 4,
            "parent": -1,
            "children": [],
            "user id": "5560079384",
            "user name": "光明女神的兔子",
            "content": "宝贝加油啊！",
            "time": "20-2-5 21:01"
        },
        {
            "comment id": 5,
            "parent": -1,
            "children": [],
            "user id": "6129979971",
            "user name": "Clear-Aurora",
            "content": "不实信息，已举报，不谢",
            "time": "20-2-6 01:04"
        },
        {
            "comment id": 6,
            "parent": -1,
            "children": [],
            "user id": "5364523571",
            "user name": "草莓暴美暴富暴瘦每一天",
            "content": "宝贝儿，你会好起来的，加油啊！",
            "time": "20-2-6 00:46"
        },
        {
            "comment id": 7,
            "parent": -1,
            "children": [],
            "user id": "5137987082",
            "user name": "风筝的季节没有风",
            "content": "加油宝贝",
            "time": "20-2-5 22:39"
        },
        {
            "comment id": 8,
            "parent": -1,
            "children": [],
            "user id": "6476416418",
            "user name": "微光清粥",
            "content": "一定好起来的！",
            "time": "20-2-5 22:33"
        },
        {
            "comment id": 9,
            "parent": -1,
            "children": [],
            "user id": "1002862511",
            "user name": "空山兰草",
            "content": "会好起来的",
            "time": "20-2-5 22:12"
        },
        {
            "comment id": 10,
            "parent": -1,
            "children": [],
            "user id": "6873068034",
            "user name": "没什么特长就把昵称改成特长",
            "content": "小朋友加油",
            "time": "20-2-5 22:04"
        },
        {
            "comment id": 11,
            "parent": -1,
            "children": [],
            "user id": "5982675110",
            "user name": "Alfred·ZYH",
            "content": "删了吧，这是电影片段，假新闻",
            "time": "20-2-5 23:39"
        },
        {
            "comment id": 12,
            "parent": -1,
            "children": [],
            "user id": "2294788990",
            "user name": "就让往事随风吧1111",
            "content": "你肯定会好起来的孩子",
            "time": "20-2-6 00:32"
        },
        {
            "comment id": 13,
            "parent": -1,
            "children": [],
            "user id": "5024065364",
            "user name": "豆吧不豆",
            "content": "希望宝宝快点好，",
            "time": "20-2-6 00:25"
        },
        {
            "comment id": 14,
            "parent": -1,
            "children": [],
            "user id": "1811951200",
            "user name": "张子YU",
            "content": "会好起来了",
            "time": "20-2-5 23:22"
        },
        {
            "comment id": 15,
            "parent": -1,
            "children": [],
            "user id": "5515554516",
            "user name": "Luckyhappiness开心幸福",
            "content": "宝贝加油！",
            "time": "20-2-5 22:31"
        },
        {
            "comment id": 16,
            "parent": -1,
            "children": [],
            "user id": "2049366362",
            "user name": "马婷yzy",
            "content": "一定会好起来的",
            "time": "20-2-5 21:47"
        },
        {
            "comment id": 17,
            "parent": -1,
            "children": [],
            "user id": "2386998403",
            "user name": "xueerdudu",
            "content": "加油宝贝，会好的",
            "time": "20-2-5 21:43"
        },
        {
            "comment id": 18,
            "parent": -1,
            "children": [],
            "user id": "2303746980",
            "user name": "你好请多多关照",
            "content": "@-陈八月-",
            "time": "20-2-5 21:43"
        },
        {
            "comment id": 19,
            "parent": -1,
            "children": [],
            "user id": "2303746980",
            "user name": "你好请多多关照",
            "content": "@斯文狗先生",
            "time": "20-2-5 21:42"
        },
        {
            "comment id": 20,
            "parent": -1,
            "children": [],
            "user id": "1258020227",
            "user name": "土豆没有花儿",
            "content": "",
            "time": "20-2-5 20:43"
        },
        {
            "comment id": 21,
            "parent": -1,
            "children": [],
            "user id": "3231050107",
            "user name": "阿西已达",
            "content": "小朋友一定会好起来的，加油！",
            "time": "20-2-5 23:17"
        },
        {
            "comment id": 22,
            "parent": -1,
            "children": [],
            "user id": "6563912116",
            "user name": "平行宇宙中的猫",
            "content": "巧了，我看过周冬雨的《倾城之泪》，里面正好有一毛一样的话，连bgm都一样。不要乱发了吧，乱带节奏。",
            "time": "20-2-6 00:59"
        },
        {
            "comment id": 23,
            "parent": -1,
            "children": [],
            "user id": "2303746980",
            "user name": "你好请多多关照",
            "content": "@双人余我",
            "time": "20-2-5 21:42"
        }
    ]
}