{
    "source": {
        "content": "“医生，我可不可以晚一点s啊？”看完已泪目“我不想妈妈哭”听到这句话眼泪再也控制不住了！每个孩子都是妈妈身上掉下来的一块肉啊！大家一起为这个小朋友祈祷🙏吧！#武汉出生30小时新生儿确诊# 木古哥哥的微博视频 ",
        "time": "20-2-5 20:38",
        "user id": "5942535690",
        "tweet id": "IsPobfrRV",
        "label": 1,
        "theme": null
    },
    "comment": [
        {
            "comment id": 0,
            "parent": -1,
            "children": [
                1
            ],
            "user id": "5699336965",
            "user name": "好多肥肉肉肉肉",
            "content": "...？吃蝙蝠的给我爬",
            "time": "20-2-5 21:22"
        },
        {
            "comment id": 1,
            "parent": 0,
            "children": [
                2
            ],
            "user id": "5942535690",
            "user name": "吴一尘啊",
            "content": "我也是，每次看到这些视频就把吃蝙蝠的那些人在心里问候一遍",
            "time": "20-2-5 21:36"
        },
        {
            "comment id": 2,
            "parent": 1,
            "children": [],
            "user id": "5699336965",
            "user name": "好多肥肉肉肉肉",
            "content": "回复@木古哥哥:对！看到这些视频真的好心疼",
            "time": "20-2-6 00:44"
        },
        {
            "comment id": 3,
            "parent": -1,
            "children": [],
            "user id": "3909383956",
            "user name": "看贵州",
            "content": "不恐慌，不传谣，有症状，早就医",
            "time": "20-2-5 20:43"
        },
        {
            "comment id": 4,
            "parent": -1,
            "children": [],
            "user id": "7058140728",
            "user name": "一清二白打工人",
            "content": "年龄大了，现在看什么都流泪😭",
            "time": "20-2-5 20:42"
        },
        {
            "comment id": 5,
            "parent": -1,
            "children": [],
            "user id": "2649685865",
            "user name": "Jackie_玲儿",
            "content": "赶紧先救他🙏🙏🙏",
            "time": "20-2-5 21:00"
        },
        {
            "comment id": 6,
            "parent": -1,
            "children": [],
            "user id": "7045163079",
            "user name": "我狮虎是丽丽",
            "content": "我的天哪赶紧救他",
            "time": "20-2-5 20:41"
        },
        {
            "comment id": 7,
            "parent": -1,
            "children": [],
            "user id": "7042080789",
            "user name": "喜欢吃枣子",
            "content": "",
            "time": "20-2-5 20:41"
        },
        {
            "comment id": 8,
            "parent": -1,
            "children": [],
            "user id": "1610801680",
            "user name": "大氏家族",
            "content": "宝贝一定会好起来的",
            "time": "20-2-5 21:21"
        },
        {
            "comment id": 9,
            "parent": -1,
            "children": [],
            "user id": "5190475704",
            "user name": "阿楠呦Nnnnnn",
            "content": "真的好难过呀，为什么让这么多无辜的人受罪",
            "time": "20-2-5 20:52"
        },
        {
            "comment id": 10,
            "parent": -1,
            "children": [],
            "user id": "5763506313",
            "user name": "好运平安健康幸福快乐",
            "content": "可怜的孩子愿你早日康复🙏🙏🙏为你祈祷",
            "time": "20-2-6 13:23"
        },
        {
            "comment id": 11,
            "parent": -1,
            "children": [],
            "user id": "6367247749",
            "user name": "武则曌曌曌曌",
            "content": "好心酸啊，吃蝙蝠那厮给爷爬！",
            "time": "20-2-6 12:05"
        },
        {
            "comment id": 12,
            "parent": -1,
            "children": [],
            "user id": "1928084650",
            "user name": "殷嘤樱",
            "content": "救救他吧",
            "time": "20-2-6 11:40"
        },
        {
            "comment id": 13,
            "parent": -1,
            "children": [],
            "user id": "5982675110",
            "user name": "Alfred·ZYH",
            "content": "删了吧，这是电影片段，假新闻",
            "time": "20-2-5 23:39"
        },
        {
            "comment id": 14,
            "parent": -1,
            "children": [],
            "user id": "5623413481",
            "user name": "月亮嘿Bling",
            "content": "刚开口眼泪就下来了。小弟弟肯定会好起来的 肯定肯定会的。",
            "time": "20-2-5 22:41"
        },
        {
            "comment id": 15,
            "parent": -1,
            "children": [],
            "user id": "1840047374",
            "user name": "俏妞0-0",
            "content": "受不了了，泪奔",
            "time": "20-2-5 21:47"
        },
        {
            "comment id": 16,
            "parent": -1,
            "children": [],
            "user id": "6048249182",
            "user name": "不甜不甜ma",
            "content": "我好恨那！！！宝贝加油阿！！！！",
            "time": "20-2-5 21:39"
        },
        {
            "comment id": 17,
            "parent": -1,
            "children": [],
            "user id": "5488010774",
            "user name": "色彩iue",
            "content": "希望你快点好起来。",
            "time": "20-2-5 21:29"
        },
        {
            "comment id": 18,
            "parent": -1,
            "children": [],
            "user id": "1801116207",
            "user name": "成吉思汗业佳",
            "content": "真的看不了这种视频",
            "time": "20-2-5 21:24"
        },
        {
            "comment id": 19,
            "parent": -1,
            "children": [],
            "user id": "6512070152",
            "user name": "这杯奶茶有点sweet",
            "content": "一定会好的",
            "time": "20-2-5 21:20"
        },
        {
            "comment id": 20,
            "parent": -1,
            "children": [],
            "user id": "5966162903",
            "user name": "相爱幂幂茶",
            "content": "宝贝啊！坚强啊！白衣天使们会守护你的，要乖乖听话，等病好了就可以去踢球赛了，你一定棒棒哒！加油哦！",
            "time": "20-2-5 21:19"
        },
        {
            "comment id": 21,
            "parent": -1,
            "children": [],
            "user id": "6115267479",
            "user name": "牵T先生的手",
            "content": "卧槽 太揪心了",
            "time": "20-2-5 21:17"
        },
        {
            "comment id": 22,
            "parent": -1,
            "children": [],
            "user id": "2120496057",
            "user name": "sicichy",
            "content": "加油",
            "time": "20-2-5 21:13"
        },
        {
            "comment id": 23,
            "parent": -1,
            "children": [],
            "user id": "1222629102",
            "user name": "士口水寿",
            "content": "好心痛 眼泪啊……",
            "time": "20-2-5 21:04"
        },
        {
            "comment id": 24,
            "parent": -1,
            "children": [],
            "user id": "7332005684",
            "user name": "啊歪不唧歪",
            "content": "小弟弟一定会健康快乐的成长的，一定会成长成他妈妈的小英雄❤️",
            "time": "20-2-5 20:51"
        },
        {
            "comment id": 25,
            "parent": -1,
            "children": [],
            "user id": "1880612172",
            "user name": "是周末啊啊",
            "content": "好可怜，这不是真的吧",
            "time": "20-2-5 20:50"
        },
        {
            "comment id": 26,
            "parent": -1,
            "children": [],
            "user id": "6298210267",
            "user name": "rtyuigh",
            "content": "",
            "time": "20-2-5 21:14"
        },
        {
            "comment id": 27,
            "parent": -1,
            "children": [],
            "user id": "7348998761",
            "user name": "暖阳落尘",
            "content": "这是电影片段不要再传了",
            "time": "20-2-6 03:46"
        },
        {
            "comment id": 28,
            "parent": -1,
            "children": [],
            "user id": "6142415872",
            "user name": "登陆的一天",
            "content": "宝宝，愿你早日康复",
            "time": "20-2-5 21:23"
        },
        {
            "comment id": 29,
            "parent": -1,
            "children": [],
            "user id": "1746834725",
            "user name": "1993zhixing",
            "content": "宝贝加油！",
            "time": "20-2-5 21:22"
        },
        {
            "comment id": 30,
            "parent": -1,
            "children": [],
            "user id": "1886246185",
            "user name": "玛丽莲小林",
            "content": "加油孩子！会好起来的！",
            "time": "20-2-5 22:05"
        }
    ]
}