{
    "source": {
        "content": "#目前已初步筛选出三种治疗药物#\n可以准备出门了\n\n吉利德公司的瑞德西韦明日（2月3日）开始在中国临床试验。经特朗普总统特批，同意将该药物专利豁免，向中国紧急公开药物分子结构。至2020年4月27日，允许中国仿制此药用于治疗冠状病毒患者。\n\n新药Remdesivir（瑞德西韦）治疗新型冠状病毒（2019-nCoV）肺炎的临床试验，将于2月3日在北京中日友好医院启 动。据悉，吉利德将配合中国的卫 生部 门开 展一项随 机、对照试验，以确定使用Remdesivir治疗2019-nCoV感染者是否安全和有效。这款在研药物原本是针对埃博拉病毒研发的，刚刚在美国的一起案例中被证明对新型冠状病毒感染的肺炎有效。当地时间1月31日，顶级医学期刊《新英格兰医学》杂志刊发了美国这名感染了新型冠状病毒肺炎的、30多岁的男子的诊疗详细过程。",
        "time": "20-2-3 07:10",
        "user id": "5640488066",
        "tweet id": "IsrffjJ6t",
        "label": 1,
        "theme": null
    },
    "comment": [
        {
            "comment id": 0,
            "parent": -1,
            "children": [
                6,
                7,
                8,
                9,
                10,
                11,
                12,
                13
            ],
            "user id": "6089686066",
            "user name": "替天行道正道直行",
            "content": "谣言呀。",
            "time": "20-2-3 13:40"
        },
        {
            "comment id": 1,
            "parent": 2,
            "children": [],
            "user id": "6112936585",
            "user name": "正能量是不可能正的",
            "content": "回复@替天行道正道直行:中国要是援助给国外什么科技产品，不需要政府允许？还有特朗普不是说之前早就说了正在同中国合作，非得说明白了才行？连国内媒体都报道了，装不知道？",
            "time": "20-2-16 23:44"
        },
        {
            "comment id": 2,
            "parent": 3,
            "children": [
                1
            ],
            "user id": "6089686066",
            "user name": "替天行道正道直行",
            "content": "回复@正能量是不可能正的:哪个国家这么规定的？总统的专利豁免的权利哪有规定？既然你认为是真的，这事美国媒体有报道吗？",
            "time": "20-2-16 21:47"
        },
        {
            "comment id": 3,
            "parent": 4,
            "children": [
                2
            ],
            "user id": "6112936585",
            "user name": "正能量是不可能正的",
            "content": "回复@替天行道正道直行:是不是美国的科技政府都不管的，想怎么给国外都行？哪个国家不是这么规定？还用哪条法律规定？",
            "time": "20-2-16 21:22"
        },
        {
            "comment id": 4,
            "parent": 5,
            "children": [
                3
            ],
            "user id": "6089686066",
            "user name": "替天行道正道直行",
            "content": "回复@正能量是不可能正的:哪条法律规定的？",
            "time": "20-2-16 21:16"
        },
        {
            "comment id": 5,
            "parent": 8,
            "children": [
                4
            ],
            "user id": "6112936585",
            "user name": "正能量是不可能正的",
            "content": "回复@替天行道正道直行:美国的任何科技产品援助外国都必须经过总统许可，这事和特朗普没关系？吉利德可以不给中国药，但是如果给药美国政府不同意他也给不到中国。这叫什么辟谣？",
            "time": "20-2-16 20:58"
        },
        {
            "comment id": 6,
            "parent": 0,
            "children": [],
            "user id": "6112936585",
            "user name": "正能量是不可能正的",
            "content": "这新闻哪里是造谣，说清楚，不要指着别人事实说别人造谣！到底造谣在哪里？",
            "time": "20-2-16 20:54"
        },
        {
            "comment id": 7,
            "parent": 0,
            "children": [],
            "user id": "7364865965",
            "user name": "skysunshine800",
            "content": "回复@DriveKing:自己无知",
            "time": "20-2-3 20:32"
        },
        {
            "comment id": 8,
            "parent": 0,
            "children": [
                5
            ],
            "user id": "6089686066",
            "user name": "替天行道正道直行",
            "content": "回复@DriveKing:已经辟谣成功。确实是谣言的。 查看图片",
            "time": "20-2-3 18:36"
        },
        {
            "comment id": 9,
            "parent": 0,
            "children": [],
            "user id": "6089686066",
            "user name": "替天行道正道直行",
            "content": "回复@DriveKing:你说的是对的。但这个博主发的是谣言，1.这事与特朗普没关系。2.没有专利豁免允许仿制，是药品临床试验。",
            "time": "20-2-3 18:35"
        },
        {
            "comment id": 10,
            "parent": 0,
            "children": [],
            "user id": "6089686066",
            "user name": "替天行道正道直行",
            "content": "回复@DriveKing:图片评论 查看图片",
            "time": "20-2-3 18:25"
        },
        {
            "comment id": 11,
            "parent": 0,
            "children": [],
            "user id": "5398007361",
            "user name": "随和的仰望星空_665",
            "content": "回复@小布情感:速度删除！官方已证实此为假消息！你已经涉嫌传谣！！！！",
            "time": "20-2-3 17:13"
        },
        {
            "comment id": 12,
            "parent": 0,
            "children": [],
            "user id": "3203822623",
            "user name": "Miguel-Lewis",
            "content": "这么喜欢传假新闻，外网都有英文媒体，不会查阅一下吗，成天来造谣忽悠国人。",
            "time": "20-2-3 15:46"
        },
        {
            "comment id": 13,
            "parent": 0,
            "children": [],
            "user id": "6089686066",
            "user name": "替天行道正道直行",
            "content": "回复@小布情感:贴出来新闻来源，任何国家的都可以，自媒体发的就算了。你找找就知道谣言是怎么产生的了",
            "time": "20-2-3 14:13"
        },
        {
            "comment id": 14,
            "parent": -1,
            "children": [
                17
            ],
            "user id": "2144631802",
            "user name": "寒梅傲雪Kit",
            "content": "明知谣言都不删，那就是故意传播！",
            "time": "20-2-5 09:01"
        },
        {
            "comment id": 15,
            "parent": 16,
            "children": [],
            "user id": "5640488066",
            "user name": "小布情感",
            "content": "回复@寒梅傲雪Kit:你有知你全家都有有只。",
            "time": "20-2-5 12:18"
        },
        {
            "comment id": 16,
            "parent": 17,
            "children": [
                15
            ],
            "user id": "2144631802",
            "user name": "寒梅傲雪Kit",
            "content": "回复@小布情感:有知的在积极传播谣言，无知的都知道是谣言。",
            "time": "20-2-5 10:00"
        },
        {
            "comment id": 17,
            "parent": 14,
            "children": [
                16
            ],
            "user id": "5640488066",
            "user name": "小布情感",
            "content": "我删不去，你这个无知的家伙",
            "time": "20-2-5 09:47"
        },
        {
            "comment id": 18,
            "parent": -1,
            "children": [
                19,
                20
            ],
            "user id": "3728613517",
            "user name": "酸柠檬的味道还是酸酸",
            "content": "赶紧删了，谣言，无脑传播",
            "time": "20-2-3 19:47"
        },
        {
            "comment id": 19,
            "parent": 18,
            "children": [],
            "user id": "1228870645",
            "user name": "正常人谁玩微博啊",
            "content": "回复@灵宝苏格婚礼:早被打烂了，哪还有",
            "time": "20-2-4 00:08"
        },
        {
            "comment id": 20,
            "parent": 18,
            "children": [],
            "user id": "5640488066",
            "user name": "小布情感",
            "content": "就你长个脑子你全家都有脑子",
            "time": "20-2-3 20:37"
        },
        {
            "comment id": 21,
            "parent": -1,
            "children": [
                22,
                23
            ],
            "user id": "1169166025",
            "user name": "Coding-王春龙",
            "content": "赶紧删掉第二段吧，特朗普没那个权限的，这个已经辟谣了。",
            "time": "20-2-3 11:01"
        },
        {
            "comment id": 22,
            "parent": 21,
            "children": [],
            "user id": "5640488066",
            "user name": "小布情感",
            "content": "好的",
            "time": "20-2-3 13:45"
        },
        {
            "comment id": 23,
            "parent": 21,
            "children": [],
            "user id": "2893280651",
            "user name": "小皮皮_Jesse",
            "content": "除非战争状态 否则总统对个人企业没有这种权力。",
            "time": "20-2-3 12:48"
        },
        {
            "comment id": 24,
            "parent": -1,
            "children": [
                25,
                26
            ],
            "user id": "5640488066",
            "user name": "小布情感",
            "content": "本人在不知情的情况下，发布了这条消息，看到这么多人攻击举报，才知道真相，本想删除但是删不掉被举报信息，给大家带来不便，我很抱歉。",
            "time": "20-2-5 12:29"
        },
        {
            "comment id": 25,
            "parent": 24,
            "children": [],
            "user id": "6089686066",
            "user name": "替天行道正道直行",
            "content": "下次注意就是了。相信你也是想把好消息传播。咱们以后一起举报谣言搞事情的那一堆人。",
            "time": "20-2-5 12:47"
        },
        {
            "comment id": 26,
            "parent": 24,
            "children": [],
            "user id": "7082927959",
            "user name": "蓝色圣海伦68221",
            "content": "好的",
            "time": "20-2-6 20:30"
        },
        {
            "comment id": 27,
            "parent": -1,
            "children": [
                28
            ],
            "user id": "7228199585",
            "user name": "小溪流口水2019",
            "content": "丢人不？假新闻传的挺六啊，美分，精神美国人！",
            "time": "20-2-3 19:28"
        },
        {
            "comment id": 28,
            "parent": 27,
            "children": [],
            "user id": "5640488066",
            "user name": "小布情感",
            "content": "我还精日呢",
            "time": "20-2-3 20:37"
        },
        {
            "comment id": 29,
            "parent": -1,
            "children": [
                30
            ],
            "user id": "1663759222",
            "user name": "时光是旅行和记忆的橡皮擦",
            "content": "分子结构在此 ",
            "time": "20-2-3 14:07"
        },
        {
            "comment id": 30,
            "parent": 29,
            "children": [],
            "user id": "1663759222",
            "user name": "时光是旅行和记忆的橡皮擦",
            "content": "回复@哈伯利亚士奇:哈哈哈 这玩意都是公开的，不是什么机密可言",
            "time": "20-2-4 23:06"
        },
        {
            "comment id": 31,
            "parent": -1,
            "children": [],
            "user id": "6465247864",
            "user name": "蔓果4921",
            "content": "哥哥，人民日报辟谣了，这就是个谣言。这种未经核实的信息你也发，真的是，传谣信谣。",
            "time": "20-2-3 19:28"
        },
        {
            "comment id": 32,
            "parent": -1,
            "children": [],
            "user id": "3227255891",
            "user name": "做童装的爸爸",
            "content": "图片评论 ",
            "time": "20-2-3 12:05"
        },
        {
            "comment id": 33,
            "parent": -1,
            "children": [],
            "user id": "1014094523",
            "user name": "lazy_puppy",
            "content": "传播谣言很有趣吗？举报了不谢",
            "time": "20-2-3 17:31"
        },
        {
            "comment id": 34,
            "parent": -1,
            "children": [],
            "user id": "1788197383",
            "user name": "慢吞吞SUEY",
            "content": "特朗普：又关我事？？？？？？？？",
            "time": "20-2-3 17:28"
        },
        {
            "comment id": 35,
            "parent": -1,
            "children": [
                36
            ],
            "user id": "1173865913",
            "user name": "廖蠢蠢",
            "content": "先投诉一次虚假消息再说",
            "time": "20-2-3 17:42"
        },
        {
            "comment id": 36,
            "parent": 35,
            "children": [],
            "user id": "6089686066",
            "user name": "替天行道正道直行",
            "content": "你成功了",
            "time": "20-2-3 18:26"
        },
        {
            "comment id": 37,
            "parent": -1,
            "children": [],
            "user id": "7082927959",
            "user name": "蓝色圣海伦68221",
            "content": "美国鬼子亡中国之心不死，美国人的一贯做法是趁你病要你命，有些人还幻想美国人会帮助你，真是智商堪忧。",
            "time": "20-2-4 10:52"
        },
        {
            "comment id": 38,
            "parent": -1,
            "children": [],
            "user id": "6562012866",
            "user name": "失败的坏蛋",
            "content": "",
            "time": "20-2-3 09:32"
        }
    ]
}