{
    "source": {
        "content": "美国瑞德西韦，已获川普总统特批，向中国豁免制病毒特效药的专利，钟南山亲自去机场，迎接该公司的老总，有了特效药生产授权，中国的药厂，可以自己生产这个药。 ",
        "time": "20-2-3 08:42",
        "user id": "3234433650",
        "tweet id": "IsrQuf0ba",
        "label": 1,
        "theme": null
    },
    "comment": [
        {
            "comment id": 0,
            "parent": -1,
            "children": [
                1,
                2,
                3,
                4,
                5,
                6,
                7,
                9
            ],
            "user id": "1785948955",
            "user name": "西亚理发师",
            "content": "4月27日后呢？高价药？还是免费药？",
            "time": "20-2-3 08:59"
        },
        {
            "comment id": 1,
            "parent": 0,
            "children": [],
            "user id": "3234433650",
            "user name": "犀利盛世",
            "content": "这个被证实是假的，暂时不能被删除。",
            "time": "20-2-5 15:43"
        },
        {
            "comment id": 2,
            "parent": 0,
            "children": [],
            "user id": "1785948955",
            "user name": "西亚理发师",
            "content": "回复@疯人园熊猫园长:一个药从研发到可以用于临床至少需要经过体外实验、动物实验、一二三期临床试验。这个过程是漫长的，平均要8年多。",
            "time": "20-2-5 14:51"
        },
        {
            "comment id": 3,
            "parent": 0,
            "children": [],
            "user id": "1785948955",
            "user name": "西亚理发师",
            "content": "回复@疯人园熊猫园长:霉国哪里做了临床试验？蠢货！只会无脑转谣言的疯子！",
            "time": "20-2-5 14:50"
        },
        {
            "comment id": 4,
            "parent": 0,
            "children": [],
            "user id": "1785948955",
            "user name": "西亚理发师",
            "content": "回复@疯人园熊猫园长:埃博拉病毒和新型冠状病毒有不同之处。怎么能够用埃博拉的临床数据呢。典型的无知无耻。",
            "time": "20-2-3 15:20"
        },
        {
            "comment id": 5,
            "parent": 0,
            "children": [],
            "user id": "1785948955",
            "user name": "西亚理发师",
            "content": "回复@疯人园熊猫园长:回你自己的园子去叼骨头吧。",
            "time": "20-2-3 15:16"
        },
        {
            "comment id": 6,
            "parent": 0,
            "children": [],
            "user id": "1785948955",
            "user name": "西亚理发师",
            "content": "回复@疯人园熊猫园长:互利而已。它需要临床数据。",
            "time": "20-2-3 10:11"
        },
        {
            "comment id": 7,
            "parent": 0,
            "children": [],
            "user id": "6071194622",
            "user name": "呜呜啦呜呜呜啦",
            "content": "兄弟，知足常乐。能免费这么久已经很不错了，人家就是收费你能能怎样，吃像别太难看",
            "time": "20-2-3 09:46"
        },
        {
            "comment id": 8,
            "parent": 9,
            "children": [],
            "user id": "1785948955",
            "user name": "西亚理发师",
            "content": "回复@犀利盛世:治愈后就可以大卖！制药公司赚大钱",
            "time": "20-2-3 09:22"
        },
        {
            "comment id": 9,
            "parent": 0,
            "children": [
                8
            ],
            "user id": "3234433650",
            "user name": "犀利盛世",
            "content": "我担心的是即使能治愈，可能存在潜伏隐患，",
            "time": "20-2-3 09:02"
        },
        {
            "comment id": 10,
            "parent": -1,
            "children": [
                12,
                13
            ],
            "user id": "3234433650",
            "user name": "犀利盛世",
            "content": "艾滋病，埃博拉，非典都是美国人，在实验室合成的。",
            "time": "20-2-3 15:21"
        },
        {
            "comment id": 11,
            "parent": 12,
            "children": [],
            "user id": "3234433650",
            "user name": "犀利盛世",
            "content": "回复@一月昱公子:你算哪条道上的？",
            "time": "20-2-3 17:56"
        },
        {
            "comment id": 12,
            "parent": 10,
            "children": [
                11
            ],
            "user id": "3290641721",
            "user name": "一月昱公子",
            "content": "闭嘴吧",
            "time": "20-2-3 15:49"
        },
        {
            "comment id": 13,
            "parent": 10,
            "children": [],
            "user id": "2770706233",
            "user name": "可口米线",
            "content": "得了吧",
            "time": "20-2-3 15:32"
        },
        {
            "comment id": 14,
            "parent": -1,
            "children": [
                15
            ],
            "user id": "2761736015",
            "user name": "期货大叔007",
            "content": "授权只到4月27日，最多完成临床试验",
            "time": "20-2-3 08:55"
        },
        {
            "comment id": 15,
            "parent": 14,
            "children": [],
            "user id": "6089686066",
            "user name": "替天行道正道直行",
            "content": "假新闻",
            "time": "20-2-3 18:53"
        },
        {
            "comment id": 16,
            "parent": -1,
            "children": [],
            "user id": "3234433650",
            "user name": "犀利盛世",
            "content": "美国人五年前合成的，不是很好治疗，只有抑制剂。",
            "time": "20-2-3 15:23"
        },
        {
            "comment id": 17,
            "parent": -1,
            "children": [],
            "user id": "3234433650",
            "user name": "犀利盛世",
            "content": "白云山制药，获取了相关数据？",
            "time": "20-2-3 08:50"
        },
        {
            "comment id": 18,
            "parent": -1,
            "children": [
                19
            ],
            "user id": "3145352414",
            "user name": "抓马的方静一",
            "content": "是假消息 从未豁免 今天环球时报辟谣了",
            "time": "20-2-3 13:58"
        },
        {
            "comment id": 19,
            "parent": 18,
            "children": [],
            "user id": "6361635946",
            "user name": "167的那个小矮子",
            "content": "他们不会看辟谣的",
            "time": "20-2-3 14:14"
        },
        {
            "comment id": 20,
            "parent": -1,
            "children": [],
            "user id": "1942711057",
            "user name": "C0oc0o",
            "content": "豁免是假，但是潜在抑制效果是有的。腾讯较真上辟谣了。 ",
            "time": "20-2-3 13:42"
        },
        {
            "comment id": 21,
            "parent": -1,
            "children": [],
            "user id": "2814553431",
            "user name": "布拉泽马太",
            "content": "豁免专利假新闻，请不要带节奏",
            "time": "20-2-3 16:17"
        },
        {
            "comment id": 22,
            "parent": -1,
            "children": [],
            "user id": "2052561395",
            "user name": "Ritalover",
            "content": "辟谣了",
            "time": "20-2-3 14:51"
        },
        {
            "comment id": 23,
            "parent": -1,
            "children": [],
            "user id": "6089686066",
            "user name": "替天行道正道直行",
            "content": "谣言，已经辟谣了的",
            "time": "20-2-3 13:46"
        },
        {
            "comment id": 24,
            "parent": -1,
            "children": [],
            "user id": "5712099750",
            "user name": "高老庄在逃八戒",
            "content": "谣言 删了吧",
            "time": "20-2-3 13:40"
        },
        {
            "comment id": 25,
            "parent": -1,
            "children": [],
            "user id": "5848338963",
            "user name": "托马斯爸爸雷",
            "content": "你确定这是药厂老总吗？昨天的报道，并不难查出照片中这个人是谁",
            "time": "20-2-3 13:37"
        },
        {
            "comment id": 26,
            "parent": -1,
            "children": [],
            "user id": "3901453092",
            "user name": "碰个百事可乐",
            "content": "都辟谣了大哥",
            "time": "20-2-3 13:35"
        },
        {
            "comment id": 27,
            "parent": -1,
            "children": [],
            "user id": "6089745669",
            "user name": "古月古月大胡胡",
            "content": "辟谣了，求求你别造谣了",
            "time": "20-2-3 13:34"
        },
        {
            "comment id": 28,
            "parent": -1,
            "children": [],
            "user id": "7223731574",
            "user name": "逝去的幻梦2006",
            "content": "环球时报都辟谣了，那药都没经过临床，哪来的免专利，移花接木出来的假新闻",
            "time": "20-2-3 13:25"
        },
        {
            "comment id": 29,
            "parent": -1,
            "children": [],
            "user id": "3984608347",
            "user name": "我的岁月是把杀猪刀",
            "content": "带路党，确定了再高潮吧",
            "time": "20-2-3 13:14"
        },
        {
            "comment id": 30,
            "parent": -1,
            "children": [],
            "user id": "1658086932",
            "user name": "高山景行20188",
            "content": "尼玛 这节奏带的 钟南山 去接 不懂别装懂",
            "time": "20-2-3 11:52"
        }
    ]
}