{
    "source": {
        "content": "特大利好：  美国公共安全卫生部门经特朗普特批，同意将吉利德公司的新冠肺炎抑制药瑞德西韦药物专利豁免，向中国紧急公开药物分子结构至4月27日。也就是同意让中国不经美国专利许可直接仿造此药用于紧急治疗命悬一线的患者！@科罗廖夫 你不知道吗？天天制造阴谋论，rz",
        "time": "20-2-3 09:49",
        "user id": "2670180793",
        "tweet id": "IsshW0qe6",
        "label": 1,
        "theme": null
    },
    "comment": [
        {
            "comment id": 0,
            "parent": -1,
            "children": [],
            "user id": "3145352414",
            "user name": "抓马的方静一",
            "content": "美国那个是假消息 从未豁免 今天环球时报辟谣了",
            "time": "20-2-3 13:59"
        },
        {
            "comment id": 1,
            "parent": -1,
            "children": [],
            "user id": "1600179390",
            "user name": "BoyBone",
            "content": "不知道600万粉丝欣赏他那点关注他了",
            "time": "20-2-3 09:56"
        },
        {
            "comment id": 2,
            "parent": -1,
            "children": [],
            "user id": "1442576710",
            "user name": "而立未及立",
            "content": "这个是真的传谣了",
            "time": "20-2-3 20:06"
        },
        {
            "comment id": 3,
            "parent": -1,
            "children": [],
            "user id": "2836426832",
            "user name": "Architectang",
            "content": "假的",
            "time": "20-2-3 13:03"
        },
        {
            "comment id": 4,
            "parent": -1,
            "children": [],
            "user id": "5587390838",
            "user name": "幸运的一切",
            "content": "你在传播谣言哦，已经辟谣过了，根本没有的事",
            "time": "20-2-3 15:46"
        },
        {
            "comment id": 5,
            "parent": -1,
            "children": [],
            "user id": "6470502766",
            "user name": "松山阳太",
            "content": "特朗普同意将新冠肺炎潜在有效药瑞德西韦专利豁免你说的这个已经辟谣了  是谣言",
            "time": "20-2-3 10:35"
        }
    ]
}