{
    "source": {
        "content": "你看这个病毒，它高考数学150 ",
        "time": "20-2-7 11:23",
        "user id": "1769349380",
        "tweet id": "It4BWfpfq",
        "label": 1,
        "theme": null
    },
    "comment": [
        {
            "comment id": 0,
            "parent": -1,
            "children": [
                1
            ],
            "user id": "2349722144",
            "user name": "最后一稽Justin",
            "content": "偷我图？ 写reference 了吗？",
            "time": "20-2-7 15:46"
        },
        {
            "comment id": 1,
            "parent": 0,
            "children": [
                2
            ],
            "user id": "1769349380",
            "user name": "juven陶",
            "content": "apa格式的整一个，我现在在家都想吃炸鸡了我透",
            "time": "20-2-7 16:01"
        },
        {
            "comment id": 2,
            "parent": 1,
            "children": [],
            "user id": "2349722144",
            "user name": "最后一稽Justin",
            "content": "回复@juven陶:去超市买炸货啊。回趟家，不吃垃圾食品，叫回家？",
            "time": "20-2-7 16:07"
        },
        {
            "comment id": 3,
            "parent": -1,
            "children": [],
            "user id": "2254030110",
            "user name": "夜雪折竹声",
            "content": "假的。第一不是2.1。第二数据也不对",
            "time": "20-2-7 16:04"
        },
        {
            "comment id": 4,
            "parent": -1,
            "children": [],
            "user id": "5419347888",
            "user name": "心里的坏小孩_14821",
            "content": "假的，你先算一下再说",
            "time": "20-2-8 09:56"
        },
        {
            "comment id": 5,
            "parent": -1,
            "children": [],
            "user id": "1891790444",
            "user name": "S哥经典游戏同学会",
            "content": "真的吗……我有空核对一下数据，如果是的话太恐怖了",
            "time": "20-2-7 11:29"
        }
    ]
}