{
    "source": {
        "content": "#众志成城共抗疫情##全民口罩行动# \n   今天，广东汕头潮阳柳岗，一女子不戴口罩被执勤民警拦下，女子情绪激动，与民警发生争执，一怒之下，翻过护栏，跳下河里，幸好水不是很深，随后被民警救上岸来。 记忆微曝光的微博视频 ",
        "time": "20-2-11 21:15",
        "user id": "5879121085",
        "tweet id": "ItKcfx7px",
        "label": 1,
        "theme": null
    },
    "comment": [
        {
            "comment id": 0,
            "parent": -1,
            "children": [],
            "user id": "5722984313",
            "user name": "Liyuncom",
            "content": "让她在河里待着吧",
            "time": "20-2-12 11:51"
        },
        {
            "comment id": 1,
            "parent": -1,
            "children": [],
            "user id": "2508430191",
            "user name": "粤BAG888",
            "content": "哈哈哈",
            "time": "20-2-11 21:18"
        },
        {
            "comment id": 2,
            "parent": -1,
            "children": [],
            "user id": "5861140136",
            "user name": "一粒迷番薯",
            "content": "潮汕地区不说粤语，我们潮汕人不背锅！顶我上去谢谢大家",
            "time": "20-2-12 19:14"
        },
        {
            "comment id": 3,
            "parent": -1,
            "children": [],
            "user id": "5742613553",
            "user name": "__郑珊妮",
            "content": "潮汕人不说粤语！",
            "time": "20-2-13 16:16"
        },
        {
            "comment id": 4,
            "parent": -1,
            "children": [],
            "user id": "2397403605",
            "user name": "Zhengcai-曼",
            "content": "明明不是潮汕人，人家说粤语呢",
            "time": "20-2-13 11:54"
        },
        {
            "comment id": 5,
            "parent": -1,
            "children": [],
            "user id": "5710764078",
            "user name": "腻豆泥",
            "content": "潮汕地区不说白话，一听就是广州白",
            "time": "20-2-11 23:16"
        },
        {
            "comment id": 6,
            "parent": -1,
            "children": [],
            "user id": "2177509477",
            "user name": "2015小萱",
            "content": "我还想说在柳岗哪里有这桥？不实报告！",
            "time": "20-2-22 22:14"
        }
    ]
}