{
    "source": {
        "content": "#长春爆料#【马上要解放了？真的假的?】\n\n长春学校开学时间：\n高三，初三，\n3月2日开学，\n高一，高二，\n初一，初二，\n3月9日开学，\n小学4一6年级，3月16日开学，幼儿园，\n小学1一3年级，大学，\n职校继续延时，直至疫情消除。\n\n市政府会议精神，3月\n16日居民出行正常化，\n17日公交正常化，\n18日逐步企业生产和市场经营正常化，\n22日重点场所正常化，\n25日机场、高速、动车、国道正常化。\n目前为止待在家里！\n等待通知！",
        "time": "20-2-19 14:59",
        "user id": "3889177046",
        "tweet id": "IuV9MrHIu",
        "label": 1,
        "theme": null
    },
    "comment": [
        {
            "comment id": 0,
            "parent": -1,
            "children": [
                1
            ],
            "user id": "6229144375",
            "user name": "安芸薰和男",
            "content": "应该是假的，毕竟没有官宣。制造这些信息的人的用意是啥呢？",
            "time": "20-2-19 17:38"
        },
        {
            "comment id": 1,
            "parent": 0,
            "children": [],
            "user id": "7299985947",
            "user name": "后来方知后无期",
            "content": "中央说了各地方应该恢复正常。所以肯定是要扎堆迅速恢复了！",
            "time": "20-2-19 18:49"
        },
        {
            "comment id": 2,
            "parent": -1,
            "children": [],
            "user id": "3970801385",
            "user name": "C丶想你好好的",
            "content": "地铁要恢复了  我们又要遭罪了 哎",
            "time": "20-2-19 15:21"
        },
        {
            "comment id": 3,
            "parent": -1,
            "children": [],
            "user id": "6274358147",
            "user name": "九尾斗鱼",
            "content": "毕竟没红头没公章哦……",
            "time": "20-2-19 15:14"
        },
        {
            "comment id": 4,
            "parent": -1,
            "children": [],
            "user id": "5353833453",
            "user name": "半神经010",
            "content": "能定这么准吗？",
            "time": "20-2-19 15:09"
        },
        {
            "comment id": 5,
            "parent": -1,
            "children": [],
            "user id": "5351481859",
            "user name": "少年花漫雪",
            "content": "不能确定，",
            "time": "20-2-19 15:04"
        },
        {
            "comment id": 6,
            "parent": -1,
            "children": [],
            "user id": "3121018524",
            "user name": "·P1NG·",
            "content": "删了吧 都辟谣了",
            "time": "20-2-19 15:32"
        },
        {
            "comment id": 7,
            "parent": -1,
            "children": [],
            "user id": "5723183455",
            "user name": "Lau__MoMo",
            "content": "和兰州那个传的一样 辟谣了好像",
            "time": "20-2-19 15:28"
        },
        {
            "comment id": 8,
            "parent": -1,
            "children": [],
            "user id": "5619210401",
            "user name": "1人生的旋轉木馬1",
            "content": "吉林发布的官微已经辟谣了，这条不是真实的",
            "time": "20-2-20 09:08"
        },
        {
            "comment id": 9,
            "parent": -1,
            "children": [],
            "user id": "1788795537",
            "user name": "miss-js",
            "content": "已经辟谣了 ",
            "time": "20-2-20 19:07"
        },
        {
            "comment id": 10,
            "parent": -1,
            "children": [],
            "user id": "2243276061",
            "user name": "壮壮peter",
            "content": "假的 都辟谣了",
            "time": "20-2-20 18:59"
        },
        {
            "comment id": 11,
            "parent": -1,
            "children": [],
            "user id": "6725223958",
            "user name": "清风明月醉流云",
            "content": "我们双职工的没有人看孩子。可闹死了",
            "time": "20-2-20 18:58"
        },
        {
            "comment id": 12,
            "parent": -1,
            "children": [],
            "user id": "5938171762",
            "user name": "今天胖虎揍你了吗",
            "content": "假的",
            "time": "20-2-20 18:51"
        },
        {
            "comment id": 13,
            "parent": -1,
            "children": [],
            "user id": "2907681843",
            "user name": "我是脾气好不是没脾气",
            "content": "辟谣了",
            "time": "20-2-20 18:28"
        },
        {
            "comment id": 14,
            "parent": -1,
            "children": [],
            "user id": "5554290949",
            "user name": "发呆的猫119",
            "content": "教育局已经辟谣了",
            "time": "20-2-20 12:44"
        },
        {
            "comment id": 15,
            "parent": -1,
            "children": [],
            "user id": "7372642881",
            "user name": "无所事事钢板一枚",
            "content": "删了吧，都辟谣了",
            "time": "20-2-20 14:16"
        },
        {
            "comment id": 16,
            "parent": -1,
            "children": [
                17
            ],
            "user id": "2942202721",
            "user name": "夏君-72",
            "content": "谣言，还传播",
            "time": "20-2-20 10:35"
        },
        {
            "comment id": 17,
            "parent": 16,
            "children": [],
            "user id": "2942202721",
            "user name": "夏君-72",
            "content": "已经辟谣",
            "time": "20-2-20 10:36"
        }
    ]
}