{
    "source": {
        "content": "没想到有的人上完大学了，还脱离不了黄冈密卷的魔爪 。后续来了 因为考不及格不能走 还要交钱打地铺继续答题 ",
        "time": "20-2-16 22:24",
        "user id": "6761728963",
        "tweet id": "IuvMxobEP",
        "label": 1,
        "theme": null
    },
    "comment": [
        {
            "comment id": 0,
            "parent": -1,
            "children": [
                1,
                2
            ],
            "user id": "6761728963",
            "user name": "我不吃香菜捏",
            "content": "这条删不掉哈  那个举报的人你真的死了 别再酸我舍不得这条流量了哈 ",
            "time": "20-2-24 23:37"
        },
        {
            "comment id": 1,
            "parent": 0,
            "children": [],
            "user id": "6761728963",
            "user name": "我不吃香菜捏",
            "content": "ddd",
            "time": "20-2-24 23:37"
        },
        {
            "comment id": 2,
            "parent": 0,
            "children": [],
            "user id": "5123639443",
            "user name": "酸奶合伙人",
            "content": "为什么要骂他呀",
            "time": "20-3-1 10:56"
        },
        {
            "comment id": 3,
            "parent": -1,
            "children": [
                4
            ],
            "user id": "5537032355",
            "user name": "公子薛洋",
            "content": "笑吐了 无语 黄冈密卷是我小学的噩梦",
            "time": "20-2-16 22:25"
        },
        {
            "comment id": 4,
            "parent": 3,
            "children": [],
            "user id": "6761728963",
            "user name": "我不吃香菜捏",
            "content": "谁不是呢",
            "time": "20-2-16 22:27"
        },
        {
            "comment id": 5,
            "parent": -1,
            "children": [
                6,
                7
            ],
            "user id": "2817256377",
            "user name": "多吃萝卜好",
            "content": "姐看过这个嘛！我也笑死了 ",
            "time": "20-2-16 22:32"
        },
        {
            "comment id": 6,
            "parent": 5,
            "children": [],
            "user id": "6247902755",
            "user name": "顺利顺利顺顺利利123",
            "content": "孩子哭了",
            "time": "20-2-24 22:18"
        },
        {
            "comment id": 7,
            "parent": 5,
            "children": [],
            "user id": "6761728963",
            "user name": "我不吃香菜捏",
            "content": "哈哈哈哈哈哈哈哈哈哈哈哈哈哈哈哈哈哈哈哈哈哈",
            "time": "20-2-16 22:43"
        },
        {
            "comment id": 8,
            "parent": -1,
            "children": [
                9
            ],
            "user id": "6531060211",
            "user name": "我磕到真的了",
            "content": "我笑癫了",
            "time": "20-2-16 22:24"
        },
        {
            "comment id": 9,
            "parent": 8,
            "children": [],
            "user id": "6761728963",
            "user name": "我不吃香菜捏",
            "content": "我也",
            "time": "20-2-16 22:27"
        },
        {
            "comment id": 10,
            "parent": -1,
            "children": [],
            "user id": "5462643263",
            "user name": "写作业写快点",
            "content": "就没有个高一的？",
            "time": "20-2-16 22:25"
        },
        {
            "comment id": 11,
            "parent": -1,
            "children": [],
            "user id": "5141835184",
            "user name": "赤楚卫十",
            "content": "srds 感觉人有点聚集的样子🙉",
            "time": "20-2-16 22:29"
        },
        {
            "comment id": 12,
            "parent": -1,
            "children": [],
            "user id": "6009020432",
            "user name": "且号且诟",
            "content": "虽然很好笑，但是感觉人还是离得有点近啊",
            "time": "20-2-16 22:27"
        },
        {
            "comment id": 13,
            "parent": -1,
            "children": [],
            "user id": "3992649040",
            "user name": "流浪海胆",
            "content": "我突然想起昨天看到周锐在微博教数学 真的好牛逼这么多年还会做题",
            "time": "20-2-16 23:04"
        },
        {
            "comment id": 14,
            "parent": -1,
            "children": [],
            "user id": "2193774535",
            "user name": "人生理想当酷痞",
            "content": "阻止我出门的不是病毒是考试",
            "time": "20-2-16 22:25"
        },
        {
            "comment id": 15,
            "parent": -1,
            "children": [
                16
            ],
            "user id": "5634150144",
            "user name": "给我一颗万能药",
            "content": "@暑期书其",
            "time": "20-2-16 23:04"
        },
        {
            "comment id": 16,
            "parent": 15,
            "children": [],
            "user id": "1948057173",
            "user name": "暑期书其",
            "content": "我的天呐",
            "time": "20-2-16 23:07"
        },
        {
            "comment id": 17,
            "parent": -1,
            "children": [
                18
            ],
            "user id": "5021356337",
            "user name": "Cassandra9_",
            "content": "@文太老婆 进来笑",
            "time": "20-2-16 23:37"
        },
        {
            "comment id": 18,
            "parent": 17,
            "children": [],
            "user id": "5921868289",
            "user name": "akanekkk",
            "content": "哈哈哈哈哈哈笑吊",
            "time": "20-2-17 00:23"
        },
        {
            "comment id": 19,
            "parent": -1,
            "children": [
                20
            ],
            "user id": "3284863513",
            "user name": "木古子午",
            "content": "我笑死了我天哪哈哈哈哈哈哈哈哈@海喵喵喵",
            "time": "20-2-16 23:32"
        },
        {
            "comment id": 20,
            "parent": 19,
            "children": [],
            "user id": "2212642651",
            "user name": "海喵喵喵",
            "content": "哈哈哈哈哈哈哈",
            "time": "20-2-16 23:37"
        },
        {
            "comment id": 21,
            "parent": -1,
            "children": [],
            "user id": "5964362744",
            "user name": "NYLXO_",
            "content": "哈哈哈哈",
            "time": "20-2-16 22:25"
        },
        {
            "comment id": 22,
            "parent": -1,
            "children": [],
            "user id": "5492849612",
            "user name": "Toddhare",
            "content": "@yepmiia",
            "time": "20-2-16 22:58"
        },
        {
            "comment id": 23,
            "parent": -1,
            "children": [],
            "user id": "6068165708",
            "user name": "软妹拳法",
            "content": "笑到了",
            "time": "20-2-16 22:26"
        },
        {
            "comment id": 24,
            "parent": -1,
            "children": [],
            "user id": "6105983225",
            "user name": "ake_nn",
            "content": "@LuViiiii",
            "time": "20-2-17 07:39"
        },
        {
            "comment id": 25,
            "parent": -1,
            "children": [],
            "user id": "5255905227",
            "user name": "Lcm-Claire",
            "content": "哈哈哈哈哈哈哈哈哈哈哈哈哈哈哈曹尼玛我家里找找或许还能找出黄冈密卷",
            "time": "20-2-17 09:31"
        },
        {
            "comment id": 26,
            "parent": -1,
            "children": [],
            "user id": "2209761533",
            "user name": "Vanillaaaaaaaaaaa",
            "content": "@侯小嘿-XH",
            "time": "20-2-17 00:57"
        },
        {
            "comment id": 27,
            "parent": -1,
            "children": [],
            "user id": "6537930987",
            "user name": "·海盐骑士集·",
            "content": "黄冈考卷！中小学噩梦！是祸躲不过！",
            "time": "20-2-17 00:38"
        },
        {
            "comment id": 28,
            "parent": -1,
            "children": [],
            "user id": "5217324933",
            "user name": "再看我就-吃了你-",
            "content": "哈哈哈哈哈哈哈哈今日最佳",
            "time": "20-2-17 00:05"
        },
        {
            "comment id": 29,
            "parent": -1,
            "children": [],
            "user id": "3992649040",
            "user name": "流浪海胆",
            "content": "太惨了",
            "time": "20-2-16 23:03"
        },
        {
            "comment id": 30,
            "parent": -1,
            "children": [],
            "user id": "3535372361",
            "user name": "YK_THREE",
            "content": "绝了",
            "time": "20-2-16 22:59"
        },
        {
            "comment id": 31,
            "parent": -1,
            "children": [],
            "user id": "6448871474",
            "user name": "果崽儿午饭吃啥",
            "content": "哈哈哈哈哈哈哈哈哈艹",
            "time": "20-2-16 22:31"
        },
        {
            "comment id": 32,
            "parent": -1,
            "children": [
                33
            ],
            "user id": "5459644215",
            "user name": "张嘴吃酥饼",
            "content": "@Alixllsxhce",
            "time": "20-2-16 22:31"
        },
        {
            "comment id": 33,
            "parent": 32,
            "children": [],
            "user id": "5206251102",
            "user name": "Julice-_",
            "content": "tcl！",
            "time": "20-2-16 22:40"
        },
        {
            "comment id": 34,
            "parent": -1,
            "children": [],
            "user id": "6410357697",
            "user name": "一颗茶ye蛋",
            "content": "哈哈哈哈哈哈哈哈哈哈笑死我了",
            "time": "20-2-16 22:30"
        },
        {
            "comment id": 35,
            "parent": -1,
            "children": [],
            "user id": "6592856805",
            "user name": "小应同学ovo",
            "content": "谢谢台州市政府的人性化管理",
            "time": "20-2-16 22:27"
        },
        {
            "comment id": 36,
            "parent": -1,
            "children": [],
            "user id": "1645375983",
            "user name": "平地摔跤第一名",
            "content": "@小熊软糖咩i @不被控制的情绪怪物",
            "time": "20-2-16 22:25"
        },
        {
            "comment id": 37,
            "parent": -1,
            "children": [],
            "user id": "6387925281",
            "user name": "21号馒头摊摊主",
            "content": "哈哈哈哈哈哈哈哈哈 绝了",
            "time": "20-2-16 22:25"
        },
        {
            "comment id": 38,
            "parent": -1,
            "children": [],
            "user id": "6703013087",
            "user name": "网路碳水小狗",
            "content": "笑到",
            "time": "20-2-16 22:24"
        },
        {
            "comment id": 39,
            "parent": -1,
            "children": [],
            "user id": "5949925659",
            "user name": "Roseeyee11",
            "content": "笑死了微博提示是什么鬼",
            "time": "20-2-18 19:42"
        },
        {
            "comment id": 40,
            "parent": -1,
            "children": [],
            "user id": "7209617401",
            "user name": "QXDTXY",
            "content": "@FUYUANGFANG @隆诗等峰来 @给豆子铲屎的LLM",
            "time": "20-2-16 22:49"
        },
        {
            "comment id": 41,
            "parent": -1,
            "children": [],
            "user id": "6330821348",
            "user name": "吃鱼的派大星a",
            "content": "@请不要丢下月亮 哈哈哈哈哈哈哈哈救命",
            "time": "20-2-16 22:33"
        },
        {
            "comment id": 42,
            "parent": -1,
            "children": [],
            "user id": "3562004885",
            "user name": "自发热处理",
            "content": "不实？？所以究竟是真的假的",
            "time": "20-2-20 00:13"
        },
        {
            "comment id": 43,
            "parent": -1,
            "children": [],
            "user id": "3099580607",
            "user name": "卷毛驴-",
            "content": "@自行車郭玉祺",
            "time": "20-2-17 02:29"
        },
        {
            "comment id": 44,
            "parent": -1,
            "children": [],
            "user id": "6045729862",
            "user name": "他与月亮同存了",
            "content": "哈哈哈哈哈哈哈哈哈哈靠 笑死了",
            "time": "20-2-17 01:56"
        },
        {
            "comment id": 45,
            "parent": -1,
            "children": [],
            "user id": "1933267991",
            "user name": "又阝公子",
            "content": "@栩栩今天瘦了吗",
            "time": "20-2-17 01:36"
        },
        {
            "comment id": 46,
            "parent": -1,
            "children": [],
            "user id": "2255229575",
            "user name": "堺黛真知子",
            "content": "没文化真可怕",
            "time": "20-2-17 01:21"
        },
        {
            "comment id": 47,
            "parent": -1,
            "children": [],
            "user id": "5065731258",
            "user name": "白开水还是不加糖比较甜",
            "content": "哈哈哈哈哈哈竟然是真的",
            "time": "20-2-17 00:58"
        },
        {
            "comment id": 48,
            "parent": -1,
            "children": [],
            "user id": "2371466423",
            "user name": "鱼没了自行车",
            "content": "只要不是数学，其他都好说",
            "time": "20-2-17 00:04"
        },
        {
            "comment id": 49,
            "parent": -1,
            "children": [],
            "user id": "5178660914",
            "user name": "-野衣-",
            "content": "@李啊李啊李阿莲 这个有趣",
            "time": "20-2-16 23:53"
        },
        {
            "comment id": 50,
            "parent": -1,
            "children": [],
            "user id": "5655427831",
            "user name": "C同学今天好吗",
            "content": "是不是因为比较有素质一些的都不会到街上乱逛，所以在街上逛的都答不出来？",
            "time": "20-2-16 23:26"
        },
        {
            "comment id": 51,
            "parent": -1,
            "children": [],
            "user id": "7308908817",
            "user name": "暮朝朝33",
            "content": "被数学笼罩的噩梦！",
            "time": "20-2-16 23:16"
        },
        {
            "comment id": 52,
            "parent": -1,
            "children": [],
            "user id": "2127369432",
            "user name": "不秃头泡芙",
            "content": "",
            "time": "20-2-16 22:54"
        },
        {
            "comment id": 53,
            "parent": -1,
            "children": [],
            "user id": "5675772505",
            "user name": "Jellyfishlalala",
            "content": "哈哈哈哈哈哈哈哈绝",
            "time": "20-2-16 22:49"
        },
        {
            "comment id": 54,
            "parent": -1,
            "children": [],
            "user id": "6292946437",
            "user name": "美少女战士的luna",
            "content": "厉害了",
            "time": "20-2-16 22:38"
        },
        {
            "comment id": 55,
            "parent": -1,
            "children": [],
            "user id": "5339596590",
            "user name": "俄罗斯鳄梨",
            "content": "@小羊奶昔一杯 ",
            "time": "20-2-16 22:38"
        },
        {
            "comment id": 56,
            "parent": -1,
            "children": [],
            "user id": "6573301980",
            "user name": "羯尾巴_",
            "content": "哈哈哈哈哈最高分23，没地方抄还，太惨了，建议下载搜题软件（不）",
            "time": "20-2-16 22:36"
        },
        {
            "comment id": 57,
            "parent": -1,
            "children": [],
            "user id": "5085317562",
            "user name": "锅包肉了没1",
            "content": "@迷惑行為大賞",
            "time": "20-2-16 22:33"
        },
        {
            "comment id": 58,
            "parent": -1,
            "children": [],
            "user id": "5279884061",
            "user name": "围脖耗头像地址",
            "content": "@-RosAmuLtiFloraThunb @笑容突然神秘",
            "time": "20-2-16 22:30"
        },
        {
            "comment id": 59,
            "parent": -1,
            "children": [],
            "user id": "3884920007",
            "user name": "九条无几",
            "content": "@L南机 笑死",
            "time": "20-2-16 22:30"
        },
        {
            "comment id": 60,
            "parent": -1,
            "children": [],
            "user id": "5391402614",
            "user name": "丸圆的鱼",
            "content": "救命哈哈哈哈哈哈哈哈哈哈哈哈哈有没有高三的黄冈密卷分享一下",
            "time": "20-2-16 22:26"
        },
        {
            "comment id": 61,
            "parent": -1,
            "children": [],
            "user id": "5357330586",
            "user name": "去过银河系的专一麦芽",
            "content": "@刘北山合法妻子 ？",
            "time": "20-2-16 22:25"
        },
        {
            "comment id": 62,
            "parent": -1,
            "children": [],
            "user id": "5293545908",
            "user name": "KaV1NdDDD",
            "content": "哈哈哈哈哈哈哈哈哈哈哈 我家墙要被窝笑的锤穿了",
            "time": "20-2-16 22:24"
        },
        {
            "comment id": 63,
            "parent": -1,
            "children": [],
            "user id": "5493867966",
            "user name": "小富的billkin",
            "content": "哈哈哈哈",
            "time": "20-2-16 22:24"
        },
        {
            "comment id": 64,
            "parent": -1,
            "children": [],
            "user id": "5672360500",
            "user name": "-有空一起吃饭",
            "content": "@草莓猛男啵啵茶 ？？？",
            "time": "20-2-16 23:23"
        },
        {
            "comment id": 65,
            "parent": -1,
            "children": [],
            "user id": "5273342181",
            "user name": "熙溪嘻嘻嘻",
            "content": "哈哈哈哈哈哈哈哈哈哈哈哈哈哈哈哈哈哈",
            "time": "20-2-16 22:25"
        },
        {
            "comment id": 66,
            "parent": -1,
            "children": [],
            "user id": "5288406467",
            "user name": "美元阿阿阿",
            "content": "@新罕布什尔第一皮卡丘硬汉",
            "time": "20-2-17 11:31"
        },
        {
            "comment id": 67,
            "parent": -1,
            "children": [],
            "user id": "5861848391",
            "user name": "Yohara",
            "content": "@顾名思懿-",
            "time": "20-2-17 08:30"
        },
        {
            "comment id": 68,
            "parent": -1,
            "children": [],
            "user id": "3666731625",
            "user name": "山隹七枝",
            "content": "@Pypeye_",
            "time": "20-2-17 07:22"
        },
        {
            "comment id": 69,
            "parent": -1,
            "children": [],
            "user id": "6994048976",
            "user name": "塔姆不是肥鲶鱼",
            "content": "@Babekoala 笑死我了我们俩去也得不及格",
            "time": "20-2-17 02:16"
        },
        {
            "comment id": 70,
            "parent": -1,
            "children": [],
            "user id": "5677513541",
            "user name": "你难忘的kkk",
            "content": "@段宜恩老婆- 哈哈哈哈哈哈哈哈哈哈哈哈哈哈哈哈哈哈哈",
            "time": "20-2-17 01:54"
        },
        {
            "comment id": 71,
            "parent": -1,
            "children": [],
            "user id": "5241742796",
            "user name": "一只甜桃w",
            "content": "@-当事人-",
            "time": "20-2-17 01:33"
        },
        {
            "comment id": 72,
            "parent": -1,
            "children": [],
            "user id": "5191524397",
            "user name": "_一颗陈皮糖_",
            "content": "@PQFUUUN 你看这个哈哈哈哈哈哈哈哈",
            "time": "20-2-17 01:18"
        },
        {
            "comment id": 73,
            "parent": -1,
            "children": [],
            "user id": "3283242802",
            "user name": "好想养猪噢",
            "content": "@郑总裁的提鞋匠",
            "time": "20-2-16 23:59"
        },
        {
            "comment id": 74,
            "parent": -1,
            "children": [
                75
            ],
            "user id": "6079028889",
            "user name": "甜度满橙",
            "content": "@Acyyy_05 绝了哈哈哈哈哈哈哈",
            "time": "20-2-16 23:55"
        },
        {
            "comment id": 75,
            "parent": 74,
            "children": [],
            "user id": "6927602576",
            "user name": "Acyyy_05",
            "content": "哈哈哈哈哈哈哈哈哈哈哈哈绝了",
            "time": "20-2-17 00:19"
        },
        {
            "comment id": 76,
            "parent": -1,
            "children": [],
            "user id": "2385990361",
            "user name": "我看我吃的也不多啊",
            "content": "@SpongeBoyJJJJJ",
            "time": "20-2-16 23:06"
        },
        {
            "comment id": 77,
            "parent": -1,
            "children": [],
            "user id": "2237450457",
            "user name": "少管小李de微博",
            "content": "笑死我啦@BbbbbDbbb",
            "time": "20-2-16 23:05"
        },
        {
            "comment id": 78,
            "parent": -1,
            "children": [],
            "user id": "3809550068",
            "user name": "好像是小璇呀",
            "content": "@Mia今天睡醒了吗",
            "time": "20-2-16 23:01"
        },
        {
            "comment id": 79,
            "parent": -1,
            "children": [],
            "user id": "5568566891",
            "user name": "她又叨叨了",
            "content": "@香蕉橘子酒 我靠哈哈哈哈哈哈哈哈",
            "time": "20-2-16 22:52"
        },
        {
            "comment id": 80,
            "parent": -1,
            "children": [],
            "user id": "1910276115",
            "user name": "麦乐小猪",
            "content": "@烤奶鸭",
            "time": "20-2-16 22:49"
        },
        {
            "comment id": 81,
            "parent": -1,
            "children": [],
            "user id": "5593513711",
            "user name": "咧嘴呼啦啦_",
            "content": "@adverture 啊哈哈哈哈哈哈哈哈哈哈哈哈",
            "time": "20-2-16 22:43"
        },
        {
            "comment id": 82,
            "parent": -1,
            "children": [
                83
            ],
            "user id": "5206251102",
            "user name": "Julice-_",
            "content": "@你把我弄坏掉了",
            "time": "20-2-16 22:41"
        },
        {
            "comment id": 83,
            "parent": 82,
            "children": [],
            "user id": "3710274127",
            "user name": "annot",
            "content": "有被笑到哈哈哈哈哈哈哈",
            "time": "20-2-17 04:54"
        },
        {
            "comment id": 84,
            "parent": -1,
            "children": [],
            "user id": "5223317226",
            "user name": "今晚九点睡觉_",
            "content": "@-来洋- @阿董不瘦三十斤不换头像阿",
            "time": "20-2-16 22:38"
        },
        {
            "comment id": 85,
            "parent": -1,
            "children": [],
            "user id": "7226030113",
            "user name": "大家好我是非主牛",
            "content": "@没想到微博网名 牛批",
            "time": "20-2-16 22:36"
        },
        {
            "comment id": 86,
            "parent": -1,
            "children": [],
            "user id": "5999799502",
            "user name": "AAAAAAASTER",
            "content": "@我真的真的真的不想上班",
            "time": "20-2-16 22:35"
        },
        {
            "comment id": 87,
            "parent": -1,
            "children": [],
            "user id": "6299114756",
            "user name": "今天吃火锅烧烤牛蛙",
            "content": "@全圆佑圈外女友",
            "time": "20-2-16 22:31"
        },
        {
            "comment id": 88,
            "parent": -1,
            "children": [],
            "user id": "3150172724",
            "user name": "不要玩了快去睡吧",
            "content": "@王一博你今天发微博了吗 哈哈哈哈或或",
            "time": "20-2-16 22:30"
        },
        {
            "comment id": 89,
            "parent": -1,
            "children": [
                90
            ],
            "user id": "5242154467",
            "user name": "差点长成甜妹",
            "content": "@一只未来的瘦子",
            "time": "20-2-16 22:29"
        },
        {
            "comment id": 90,
            "parent": 89,
            "children": [],
            "user id": "6785421832",
            "user name": "幸运阿丁ye",
            "content": "高级",
            "time": "20-2-17 15:12"
        }
    ]
}