{
    "source": {
        "content": "#最硬管控# 湖北武穴市：凡不属于疫情防控人员上街被抓的，一律送到市体育馆会展中心学习。还要完成初三《黄冈密卷》一张，成绩及格者可以回家。截止到目前为止，最高分才23分\n有的人可能回家有点困难了 ",
        "time": "20-2-16 23:15",
        "user id": "5291824241",
        "tweet id": "Iuw7fA7E4",
        "label": 1,
        "theme": null
    },
    "comment": [
        {
            "comment id": 0,
            "parent": -1,
            "children": [
                1,
                2,
                3,
                4,
                6,
                7,
                8
            ],
            "user id": "6033414083",
            "user name": "随机掉落芝士碎片",
            "content": "有些人可能疫情过去了都回不了家哈哈哈哈哈哈哈哈哈哈哈哈哈哈哈哈哈哈哈哈哈哈哈哈哈哈哈",
            "time": "20-2-16 23:19"
        },
        {
            "comment id": 1,
            "parent": 0,
            "children": [],
            "user id": "6540814661",
            "user name": "花开花落满地伤0_0",
            "content": "这么大个v都谣言",
            "time": "20-2-22 20:08"
        },
        {
            "comment id": 2,
            "parent": 0,
            "children": [],
            "user id": "7358688573",
            "user name": "喜欢牛奶的憨憨书",
            "content": "回复@大雄就是我:@扫黄打非",
            "time": "20-2-17 16:17"
        },
        {
            "comment id": 3,
            "parent": 0,
            "children": [],
            "user id": "3938784720",
            "user name": "小牧-1112",
            "content": "回复@大雄就是我:@扫黄打非",
            "time": "20-2-17 15:43"
        },
        {
            "comment id": 4,
            "parent": 0,
            "children": [],
            "user id": "3938784720",
            "user name": "小牧-1112",
            "content": "回复@大雄就是我:@打黄打非",
            "time": "20-2-17 15:42"
        },
        {
            "comment id": 5,
            "parent": 7,
            "children": [],
            "user id": "5758979392",
            "user name": "就沙也不是",
            "content": "回复@沈望寒:对学渣来说太难了",
            "time": "20-2-17 12:06"
        },
        {
            "comment id": 6,
            "parent": 0,
            "children": [],
            "user id": "1203017115",
            "user name": "魔法少女biubiubiu",
            "content": "回复@土豆记得削皮:我也有同样的感受",
            "time": "20-2-17 11:47"
        },
        {
            "comment id": 7,
            "parent": 0,
            "children": [
                5
            ],
            "user id": "2283806621",
            "user name": "沈望寒",
            "content": "回复@土豆记得削皮:?",
            "time": "20-2-17 03:02"
        },
        {
            "comment id": 8,
            "parent": 0,
            "children": [],
            "user id": "5758979392",
            "user name": "就沙也不是",
            "content": "感觉自己被内涵到",
            "time": "20-2-17 00:06"
        },
        {
            "comment id": 9,
            "parent": -1,
            "children": [
                11,
                14
            ],
            "user id": "6472011966",
            "user name": "在逃公主班拿拿",
            "content": "那我可能要在里面呆破产了",
            "time": "20-2-16 23:16"
        },
        {
            "comment id": 10,
            "parent": 11,
            "children": [],
            "user id": "6472011966",
            "user name": "在逃公主班拿拿",
            "content": "回复@-Z2Y-:只是别人觉得有钱实则知道自己有多么贫困",
            "time": "20-2-17 17:57"
        },
        {
            "comment id": 11,
            "parent": 9,
            "children": [
                10
            ],
            "user id": "1720752584",
            "user name": "-Z2Y-",
            "content": "不愧是表面富人",
            "time": "20-2-17 17:52"
        },
        {
            "comment id": 12,
            "parent": 14,
            "children": [],
            "user id": "6472011966",
            "user name": "在逃公主班拿拿",
            "content": "回复@SESCC:因为我可能一辈子出不来了",
            "time": "20-2-17 12:16"
        },
        {
            "comment id": 13,
            "parent": 14,
            "children": [],
            "user id": "5171270532",
            "user name": "rasott",
            "content": "回复@SESCC:试卷难的意思",
            "time": "20-2-17 01:17"
        },
        {
            "comment id": 14,
            "parent": 9,
            "children": [
                12,
                13
            ],
            "user id": "5727900283",
            "user name": "SESCC",
            "content": "你身家有点惨不忍睹呀",
            "time": "20-2-17 00:52"
        },
        {
            "comment id": 15,
            "parent": -1,
            "children": [
                17,
                18,
                23,
                24
            ],
            "user id": "5614541292",
            "user name": "一杯蜜桃乌龙刚刚好",
            "content": "终于可以让成年人感受一下学生的痛苦了",
            "time": "20-2-16 23:20"
        },
        {
            "comment id": 16,
            "parent": 17,
            "children": [],
            "user id": "6368457099",
            "user name": "marygge566mmm",
            "content": "回复@尜尜薇不是小妹纸:我现在觉得还是上学好",
            "time": "20-2-17 17:17"
        },
        {
            "comment id": 17,
            "parent": 15,
            "children": [
                16
            ],
            "user id": "1761500104",
            "user name": "尜尜薇不是小妹纸",
            "content": "回复@26142531DI:毕业后也不想上学",
            "time": "20-2-17 17:11"
        },
        {
            "comment id": 18,
            "parent": 15,
            "children": [],
            "user id": "6368457099",
            "user name": "marygge566mmm",
            "content": "都是上学的时候想毕业，毕业了以后想上学",
            "time": "20-2-17 16:37"
        },
        {
            "comment id": 19,
            "parent": 23,
            "children": [],
            "user id": "5725513443",
            "user name": "谢飞飞飞飞飞飞机",
            "content": "回复@沈望寒:fun fun fact：正儿八经接受教育的这个点不会在外面乱窜",
            "time": "20-2-17 13:06"
        },
        {
            "comment id": 20,
            "parent": 23,
            "children": [],
            "user id": "5614541292",
            "user name": "一杯蜜桃乌龙刚刚好",
            "content": "回复@沈望寒:上没上过学，做卷子都痛苦，不矛盾",
            "time": "20-2-17 07:15"
        },
        {
            "comment id": 21,
            "parent": 23,
            "children": [],
            "user id": "1164389731",
            "user name": "楚灵修",
            "content": "回复@沈望寒:看年代，50-60后有那么一批，大概率学历不高。",
            "time": "20-2-17 05:32"
        },
        {
            "comment id": 22,
            "parent": 23,
            "children": [],
            "user id": "5767392523",
            "user name": "原来是阿特啊",
            "content": "回复@沈望寒:上过学的成年人这个时候大概率不会出来乱窜的。",
            "time": "20-2-17 03:19"
        },
        {
            "comment id": 23,
            "parent": 15,
            "children": [
                19,
                20,
                21,
                22
            ],
            "user id": "2283806621",
            "user name": "沈望寒",
            "content": "fun fact: 成年人也上过学的..",
            "time": "20-2-17 03:03"
        },
        {
            "comment id": 24,
            "parent": 15,
            "children": [],
            "user id": "5614541292",
            "user name": "一杯蜜桃乌龙刚刚好",
            "content": "",
            "time": "20-2-17 00:55"
        },
        {
            "comment id": 25,
            "parent": -1,
            "children": [
                26,
                27,
                28,
                29,
                30,
                32,
                33,
                34,
                35,
                36,
                37,
                38,
                39,
                40,
                41
            ],
            "user id": "2293341021",
            "user name": "加油长大吧",
            "content": "我居然，有点想做这卷子？（是外地人，纯粹口嗨，不会给当地添麻烦）",
            "time": "20-2-16 23:16"
        },
        {
            "comment id": 26,
            "parent": 25,
            "children": [],
            "user id": "2203730141",
            "user name": "冷芴芴芴_743",
            "content": "不不不，你不会想的",
            "time": "20-2-17 16:49"
        },
        {
            "comment id": 27,
            "parent": 25,
            "children": [],
            "user id": "5658202379",
            "user name": "取名太难了哇",
            "content": "我居然也想做一哈",
            "time": "20-2-17 16:37"
        },
        {
            "comment id": 28,
            "parent": 25,
            "children": [],
            "user id": "5974915330",
            "user name": "Judy不是傻兔子",
            "content": "哈哈哈哈哈哈哈哈哈！这个求生欲笑死我了！",
            "time": "20-2-17 15:37"
        },
        {
            "comment id": 29,
            "parent": 25,
            "children": [],
            "user id": "7136605802",
            "user name": "卑微小花在线吃檬",
            "content": "哈哈哈，求生欲爆棚",
            "time": "20-2-17 12:29"
        },
        {
            "comment id": 30,
            "parent": 25,
            "children": [],
            "user id": "5501124446",
            "user name": "斛安埃克苏",
            "content": "下次带这个图就完事了 查看图片",
            "time": "20-2-17 12:23"
        },
        {
            "comment id": 31,
            "parent": 41,
            "children": [],
            "user id": "6189286759",
            "user name": "田田的营养生态",
            "content": "回复@kkeojyeo:哈哈哈，有点意思",
            "time": "20-2-17 11:58"
        },
        {
            "comment id": 32,
            "parent": 25,
            "children": [],
            "user id": "1575326827",
            "user name": "Cc-Cccccccccc",
            "content": "你好可爱哈哈",
            "time": "20-2-17 10:29"
        },
        {
            "comment id": 33,
            "parent": 25,
            "children": [],
            "user id": "3938724332",
            "user name": "有一个姑娘222",
            "content": "其实我也有点想",
            "time": "20-2-17 09:24"
        },
        {
            "comment id": 34,
            "parent": 25,
            "children": [],
            "user id": "6643032183",
            "user name": "翘屁嫩布拿拿",
            "content": "05后？",
            "time": "20-2-17 08:51"
        },
        {
            "comment id": 35,
            "parent": 25,
            "children": [],
            "user id": "5214946995",
            "user name": "花爷毁嗓",
            "content": "哈哈哈哈 可爱了",
            "time": "20-2-17 04:19"
        },
        {
            "comment id": 36,
            "parent": 25,
            "children": [],
            "user id": "5596203520",
            "user name": "Eason的大背头O_o",
            "content": "没让他们做题，就是体育馆有点冷。我本地的，没做题这回事儿。",
            "time": "20-2-17 03:58"
        },
        {
            "comment id": 37,
            "parent": 25,
            "children": [],
            "user id": "5401133747",
            "user name": "我就是想看看微博名称到底有多长",
            "content": "哈哈哈哈哈哈谨慎",
            "time": "20-2-17 02:09"
        },
        {
            "comment id": 38,
            "parent": 25,
            "children": [],
            "user id": "5143599163",
            "user name": "做我的猫六",
            "content": "six",
            "time": "20-2-17 00:56"
        },
        {
            "comment id": 39,
            "parent": 25,
            "children": [],
            "user id": "3171331207",
            "user name": "别动我狗咂",
            "content": "没事。“你行你上” “好嘞，正好想做”",
            "time": "20-2-16 23:46"
        },
        {
            "comment id": 40,
            "parent": 25,
            "children": [],
            "user id": "1980098151",
            "user name": "权小孩and-LJ",
            "content": "感受到了你的求生欲！",
            "time": "20-2-16 23:28"
        },
        {
            "comment id": 41,
            "parent": 25,
            "children": [
                31
            ],
            "user id": "5162138499",
            "user name": "kkeojyeo",
            "content": "姐妹   说话很严谨了",
            "time": "20-2-16 23:18"
        },
        {
            "comment id": 42,
            "parent": -1,
            "children": [
                44,
                46,
                47
            ],
            "user id": "2816746267",
            "user name": "范么么ye",
            "content": "初中三年级 高估了乱窜的这群人平均水平",
            "time": "20-2-16 23:21"
        },
        {
            "comment id": 43,
            "parent": 47,
            "children": [],
            "user id": "5638195392",
            "user name": "一大波后妈",
            "content": "回复@会导电吗你:我猜你不会及格，我特么连幼儿园的作业都有点蒙...对不起我的本科学历",
            "time": "20-2-17 21:17"
        },
        {
            "comment id": 44,
            "parent": 42,
            "children": [],
            "user id": "5668097195",
            "user name": "打烂吃野味的丑b们的嘴",
            "content": "初三其实还是蛮难的",
            "time": "20-2-17 16:29"
        },
        {
            "comment id": 45,
            "parent": 46,
            "children": [],
            "user id": "5505325164",
            "user name": "宋一包丘丘糖",
            "content": "回复@朵朵的太阳花LOVE:所以是及格啊，又不是满分，很多基础还是一样的",
            "time": "20-2-17 15:52"
        },
        {
            "comment id": 46,
            "parent": 42,
            "children": [
                45
            ],
            "user id": "5710750699",
            "user name": "朵朵的太阳花LOVE",
            "content": "看做什么吧，语文地理科学之类的问题不大，现在数学好多解法都变了，我上次看初一的数学都有点懵逼。",
            "time": "20-2-17 09:50"
        },
        {
            "comment id": 47,
            "parent": 42,
            "children": [
                43
            ],
            "user id": "7284091110",
            "user name": "会导电吗你",
            "content": "有本事拿小学三年级的来啊，看我能不能及格，我就不信了还",
            "time": "20-2-17 01:40"
        },
        {
            "comment id": 48,
            "parent": -1,
            "children": [],
            "user id": "3659446917",
            "user name": "陌鱼丸子",
            "content": "md哈哈哈哈哈哈哈哈哈好狠。谢谢，有笑到。",
            "time": "20-2-16 23:16"
        },
        {
            "comment id": 49,
            "parent": -1,
            "children": [
                50,
                52,
                53,
                54,
                55,
                56,
                57,
                59
            ],
            "user id": "6451260994",
            "user name": "_又酸又菜酸菜鱼",
            "content": "本地人来说说这是真的吗",
            "time": "20-2-16 23:21"
        },
        {
            "comment id": 50,
            "parent": 49,
            "children": [],
            "user id": "5779187980",
            "user name": "我还吃十口就不吃",
            "content": "送到体育馆是真的 不过学的是法律和防疫知识",
            "time": "20-2-17 19:59"
        },
        {
            "comment id": 51,
            "parent": 53,
            "children": [],
            "user id": "6451260994",
            "user name": "_又酸又菜酸菜鱼",
            "content": "回复@N同学快乐上线的生活:哈哈哈哈哈哈哈黄冈密卷对全国都难",
            "time": "20-2-17 13:17"
        },
        {
            "comment id": 52,
            "parent": 49,
            "children": [],
            "user id": "6147203583",
            "user name": "温柔WYT",
            "content": "本人只知道会送到体育馆",
            "time": "20-2-17 13:16"
        },
        {
            "comment id": 53,
            "parent": 49,
            "children": [
                51
            ],
            "user id": "5739317252",
            "user name": "N同学快乐上线的生活",
            "content": "黄冈麻城人在这里，这事表示不知道，但是密卷挺难，对黄冈人也难",
            "time": "20-2-17 10:46"
        },
        {
            "comment id": 54,
            "parent": 49,
            "children": [],
            "user id": "1771120074",
            "user name": "是糖果心喔",
            "content": "我是本地人，我也不知道真假，因为我没乱窜",
            "time": "20-2-17 09:06"
        },
        {
            "comment id": 55,
            "parent": 49,
            "children": [],
            "user id": "1794001905",
            "user name": "LJ甜甜圈",
            "content": "做试卷是假的，是你们外地人想象出来的吧(本地人)",
            "time": "20-2-17 08:06"
        },
        {
            "comment id": 56,
            "parent": 49,
            "children": [],
            "user id": "6129977184",
            "user name": "深爱着一只鲸",
            "content": "背书是知道的其他都是不知道的",
            "time": "20-2-17 02:22"
        },
        {
            "comment id": 57,
            "parent": 49,
            "children": [],
            "user id": "6488559045",
            "user name": "dou豆怡",
            "content": "送進去是真的但是不知道真的是不是做卷子（本地人哦）",
            "time": "20-2-17 00:37"
        },
        {
            "comment id": 58,
            "parent": 59,
            "children": [],
            "user id": "6451260994",
            "user name": "_又酸又菜酸菜鱼",
            "content": "回复@荼荼靡:哈哈哈哈哈哈依然很硬核",
            "time": "20-2-16 23:39"
        },
        {
            "comment id": 59,
            "parent": 49,
            "children": [
                58
            ],
            "user id": "1763334854",
            "user name": "荼荼靡",
            "content": "送去体育馆是真的 做卷子是假的 每人把防疫公告熟读就放走啦",
            "time": "20-2-16 23:34"
        },
        {
            "comment id": 60,
            "parent": -1,
            "children": [],
            "user id": "5625557060",
            "user name": "是村村同学",
            "content": "当年听了让人闻风丧胆的黄冈密卷又重出江湖了",
            "time": "20-2-16 23:17"
        },
        {
            "comment id": 61,
            "parent": -1,
            "children": [],
            "user id": "6915227844",
            "user name": "皮皮皮专用号儿",
            "content": "哈哈哈哈这个牛逼哈哈哈哈",
            "time": "20-2-16 23:17"
        },
        {
            "comment id": 62,
            "parent": -1,
            "children": [],
            "user id": "7281359837",
            "user name": "镍NI-",
            "content": "好想笑啊哈哈哈哈哈哈哈哈哈哈哈哈",
            "time": "20-2-16 23:16"
        },
        {
            "comment id": 63,
            "parent": -1,
            "children": [],
            "user id": "2869919443",
            "user name": "小圆兔比",
            "content": "哪门啊，理科我就自闭了，全忘光了",
            "time": "20-2-16 23:16"
        },
        {
            "comment id": 64,
            "parent": -1,
            "children": [
                65,
                66
            ],
            "user id": "5848003176",
            "user name": "单单是肥虾吖i",
            "content": "作为麻城人我看我们官方消息确实是下达了通知，不过我不担心，毕竟我不出门",
            "time": "20-2-16 23:19"
        },
        {
            "comment id": 65,
            "parent": 64,
            "children": [],
            "user id": "6365120251",
            "user name": "为啥子我总是想有钱",
            "content": "麻城滴虾",
            "time": "20-2-17 00:45"
        },
        {
            "comment id": 66,
            "parent": 64,
            "children": [],
            "user id": "5848003176",
            "user name": "单单是肥虾吖i",
            "content": "",
            "time": "20-2-17 12:03"
        },
        {
            "comment id": 67,
            "parent": -1,
            "children": [
                68
            ],
            "user id": "1916157533",
            "user name": "假装一颗水蜜桃",
            "content": "@阿菜fafa",
            "time": "20-2-17 00:11"
        },
        {
            "comment id": 68,
            "parent": 67,
            "children": [],
            "user id": "1806950885",
            "user name": "猫头几几",
            "content": "哈哈哈哈哈哈",
            "time": "20-2-17 00:12"
        },
        {
            "comment id": 69,
            "parent": -1,
            "children": [
                70
            ],
            "user id": "1006390532",
            "user name": "_你的四月_",
            "content": "@一跳还真高  哈哈哈哈哈哈哈哈哈",
            "time": "20-2-17 00:02"
        },
        {
            "comment id": 70,
            "parent": 69,
            "children": [],
            "user id": "3591519545",
            "user name": "一跳还真高",
            "content": "哈哈哈哈哈哈我的天 这太难了",
            "time": "20-2-17 00:03"
        },
        {
            "comment id": 71,
            "parent": -1,
            "children": [],
            "user id": "3194300987",
            "user name": "是菀菀呐",
            "content": "哈哈哈哈",
            "time": "20-2-16 23:21"
        },
        {
            "comment id": 72,
            "parent": -1,
            "children": [],
            "user id": "3622104843",
            "user name": "tandali",
            "content": "",
            "time": "20-2-16 23:16"
        },
        {
            "comment id": 73,
            "parent": -1,
            "children": [
                74
            ],
            "user id": "5840238368",
            "user name": "顶流章鱼哥",
            "content": "@青藤-ten",
            "time": "20-2-17 08:44"
        },
        {
            "comment id": 74,
            "parent": 73,
            "children": [],
            "user id": "5541356071",
            "user name": "青藤-ten",
            "content": "哈哈话哈哈哈哈nib",
            "time": "20-2-17 11:00"
        },
        {
            "comment id": 75,
            "parent": -1,
            "children": [
                76
            ],
            "user id": "2338437715",
            "user name": "-Sen·Woo",
            "content": "@Irene-L",
            "time": "20-2-17 00:11"
        },
        {
            "comment id": 76,
            "parent": 75,
            "children": [],
            "user id": "2294519915",
            "user name": "no我一点都不可爱",
            "content": "这招够牛逼",
            "time": "20-2-17 09:33"
        },
        {
            "comment id": 77,
            "parent": -1,
            "children": [
                78
            ],
            "user id": "2169177972",
            "user name": "第七只橘子鱼_",
            "content": "@LykkeAunt @做梦不做梦的时候都想养只喵 太难了哈哈哈哈哈",
            "time": "20-2-16 23:18"
        },
        {
            "comment id": 78,
            "parent": 77,
            "children": [],
            "user id": "2865590932",
            "user name": "LykkeAunt",
            "content": "哈哈哈哈哈哈哈哈哈",
            "time": "20-2-17 00:05"
        },
        {
            "comment id": 79,
            "parent": -1,
            "children": [],
            "user id": "5081565311",
            "user name": "王一博肖战一起滑雪呀",
            "content": "哈哈哈哈哈哈哈哈哈哈哈哈绝",
            "time": "20-2-16 23:18"
        },
        {
            "comment id": 80,
            "parent": -1,
            "children": [],
            "user id": "5995110490",
            "user name": "啊金锵锵鱼",
            "content": "@江心屿售票员 真的吗哈哈哈哈哈哈",
            "time": "20-2-16 23:17"
        },
        {
            "comment id": 81,
            "parent": -1,
            "children": [
                82
            ],
            "user id": "5803342132",
            "user name": "LxNFiona",
            "content": "原来初中经常做的黄冈密卷就是湖北黄冈的呀",
            "time": "20-2-17 08:26"
        },
        {
            "comment id": 82,
            "parent": 81,
            "children": [],
            "user id": "6128120128",
            "user name": "芸苔轮者",
            "content": "与黄冈无关，本地人都没做过",
            "time": "20-2-17 13:41"
        },
        {
            "comment id": 83,
            "parent": -1,
            "children": [
                84
            ],
            "user id": "3462638640",
            "user name": "Aaaaaaaaluya",
            "content": "是我们这没错了，闻风丧胆",
            "time": "20-2-16 23:23"
        },
        {
            "comment id": 84,
            "parent": 83,
            "children": [],
            "user id": "2095226250",
            "user name": "木木广言",
            "content": "噗哈哈哈哈哈哈哈😂",
            "time": "20-2-17 00:39"
        },
        {
            "comment id": 85,
            "parent": -1,
            "children": [],
            "user id": "5863835557",
            "user name": "爱喝养乐多的小兔子",
            "content": "本黄冈麻城人表示是真的",
            "time": "20-2-17 08:11"
        },
        {
            "comment id": 86,
            "parent": -1,
            "children": [
                87
            ],
            "user id": "1687477793",
            "user name": "不仅有猫还有猫饼的夏安苏",
            "content": "@安吉丽娜-朱古力 有的人大概回不去了",
            "time": "20-2-17 01:45"
        },
        {
            "comment id": 87,
            "parent": 86,
            "children": [],
            "user id": "1914615711",
            "user name": "安吉丽娜-朱古力",
            "content": "可以查手机吗",
            "time": "20-2-17 10:17"
        },
        {
            "comment id": 88,
            "parent": -1,
            "children": [],
            "user id": "5635945876",
            "user name": "小短腿要加油丫",
            "content": "感觉我可以靠代考发家致富了",
            "time": "20-2-16 23:23"
        },
        {
            "comment id": 89,
            "parent": -1,
            "children": [
                90
            ],
            "user id": "1864204112",
            "user name": "Daisy-溱",
            "content": "@木木芽兮 ",
            "time": "20-2-17 09:03"
        },
        {
            "comment id": 90,
            "parent": 89,
            "children": [],
            "user id": "2242829353",
            "user name": "木木芽兮",
            "content": "太绝啦 哪个想出来呢招 是个狠人",
            "time": "20-2-17 09:06"
        },
        {
            "comment id": 91,
            "parent": -1,
            "children": [],
            "user id": "6397029042",
            "user name": "Yoey_Nov_28",
            "content": "哈哈哈哈哈哈哈哈我竟然有点想做初三的卷子了高中的卷子太难了",
            "time": "20-2-17 00:03"
        },
        {
            "comment id": 92,
            "parent": -1,
            "children": [
                93
            ],
            "user id": "3515538887",
            "user name": "奶糖味牛奶吖",
            "content": "@GeniusW-",
            "time": "20-2-16 23:27"
        },
        {
            "comment id": 93,
            "parent": 92,
            "children": [],
            "user id": "5203171913",
            "user name": "GeniusW-",
            "content": "哈哈哈哈哈哈哈哈哈哈哈",
            "time": "20-2-17 01:08"
        },
        {
            "comment id": 94,
            "parent": -1,
            "children": [
                95
            ],
            "user id": "6492297413",
            "user name": "咔哧咔哧_you",
            "content": "@兴年大吉爺",
            "time": "20-2-16 23:27"
        },
        {
            "comment id": 95,
            "parent": 94,
            "children": [],
            "user id": "5733521956",
            "user name": "兴年大吉爺",
            "content": "",
            "time": "20-2-17 09:37"
        },
        {
            "comment id": 96,
            "parent": -1,
            "children": [],
            "user id": "5628128731",
            "user name": "我乐意给你我有的所有w",
            "content": "这个能选学科吗？如果是我，想选个语文，不行的话历史、地理也可以试试；再不济，就给个化学吧，可能还有一线希望…如果是数学，嗯…我可以在里头养老了（以上纯属情景假设，我才不会上街…死宅本宅，至今都没有想出门的欲望，只是觉得快递和外卖有点不方便，希望疫情赶紧结束，一切都回到正轨）",
            "time": "20-2-17 04:14"
        },
        {
            "comment id": 97,
            "parent": -1,
            "children": [],
            "user id": "1913379111",
            "user name": "大龙村的小龙人",
            "content": "脑子是个好东西，可你也别在地上摩擦它呀！",
            "time": "20-2-17 18:09"
        },
        {
            "comment id": 98,
            "parent": -1,
            "children": [
                99
            ],
            "user id": "3620696501",
            "user name": "ThingsWeWant",
            "content": "@GHaoan",
            "time": "20-2-17 16:11"
        },
        {
            "comment id": 99,
            "parent": 98,
            "children": [],
            "user id": "3914943192",
            "user name": "若不瘦十斤我不改名-",
            "content": "你可太厉害了 在哪发现的都",
            "time": "20-2-17 16:32"
        },
        {
            "comment id": 100,
            "parent": -1,
            "children": [
                101
            ],
            "user id": "5425550052",
            "user name": "Cristiano_JWang",
            "content": "@杜鹏辉StyLe 哈哈哈哈哈卧槽。怕不是我及格也有点困难",
            "time": "20-2-17 15:44"
        },
        {
            "comment id": 101,
            "parent": 100,
            "children": [],
            "user id": "3073008561",
            "user name": "杜鹏辉StyLe",
            "content": "硬核管控，骚路数真多",
            "time": "20-2-17 22:30"
        },
        {
            "comment id": 102,
            "parent": -1,
            "children": [
                103
            ],
            "user id": "3752570090",
            "user name": "星星换酒",
            "content": "@阿辛不吃香菇",
            "time": "20-2-17 08:28"
        },
        {
            "comment id": 103,
            "parent": 102,
            "children": [],
            "user id": "5468416208",
            "user name": "阿辛不吃香菇",
            "content": "哈哈哈哈哈哈哈这个厉害了",
            "time": "20-2-17 11:08"
        },
        {
            "comment id": 104,
            "parent": -1,
            "children": [],
            "user id": "1802154172",
            "user name": "WL是你我呀",
            "content": "有被笑到 这个够狠",
            "time": "20-2-17 06:07"
        },
        {
            "comment id": 105,
            "parent": -1,
            "children": [],
            "user id": "5364410803",
            "user name": "Lluvia里里",
            "content": "@_戴春萌_ 这也太惨了哈哈哈哈哈哈",
            "time": "20-2-17 01:20"
        },
        {
            "comment id": 106,
            "parent": -1,
            "children": [],
            "user id": "6455658666",
            "user name": "-苏三千",
            "content": "@-玓瓅江靡",
            "time": "20-2-17 00:54"
        },
        {
            "comment id": 107,
            "parent": -1,
            "children": [
                108
            ],
            "user id": "3252896003",
            "user name": "谢大哥大哥",
            "content": "@一条不咸的鱼- 哈哈哈哈哈哈哈",
            "time": "20-2-17 00:24"
        },
        {
            "comment id": 108,
            "parent": 107,
            "children": [],
            "user id": "5107097858",
            "user name": "今天老王运动了吗",
            "content": "6666",
            "time": "20-2-17 16:03"
        },
        {
            "comment id": 109,
            "parent": -1,
            "children": [],
            "user id": "2465301924",
            "user name": "Shmily兔斯基",
            "content": "笑死了",
            "time": "20-2-17 00:20"
        },
        {
            "comment id": 110,
            "parent": -1,
            "children": [],
            "user id": "2124385233",
            "user name": "小奶盖Evelyn_",
            "content": "我们这里写的是 只有棺材抬上山",
            "time": "20-2-16 23:56"
        },
        {
            "comment id": 111,
            "parent": -1,
            "children": [],
            "user id": "5803180080",
            "user name": "小豆丁honey",
            "content": "哈哈哈哈，这么狠的嘛",
            "time": "20-2-16 23:42"
        },
        {
            "comment id": 112,
            "parent": -1,
            "children": [],
            "user id": "5537256941",
            "user name": "暴雨的屋檐yy",
            "content": "厉害",
            "time": "20-2-16 23:41"
        },
        {
            "comment id": 113,
            "parent": -1,
            "children": [],
            "user id": "5518338805",
            "user name": "W卡通Z",
            "content": "噗哈哈哈哈",
            "time": "20-2-16 23:36"
        },
        {
            "comment id": 114,
            "parent": -1,
            "children": [],
            "user id": "5196360361",
            "user name": "_刘yuxin",
            "content": "笑死",
            "time": "20-2-16 23:36"
        },
        {
            "comment id": 115,
            "parent": -1,
            "children": [],
            "user id": "2571889423",
            "user name": "醉醉桃桃zz",
            "content": "@软糖大大_ @菠萝汁-_-",
            "time": "20-2-16 23:35"
        },
        {
            "comment id": 116,
            "parent": -1,
            "children": [],
            "user id": "3811253225",
            "user name": "周同学本尊",
            "content": "不好意思，我笑喷了！",
            "time": "20-2-16 23:35"
        },
        {
            "comment id": 117,
            "parent": -1,
            "children": [],
            "user id": "5625104894",
            "user name": "绿色的大熊猫",
            "content": "居然有这样的事，我觉得考小学试卷可以，考初三试卷如果是我估计会考零分的，永远回不了家",
            "time": "20-2-16 23:28"
        },
        {
            "comment id": 118,
            "parent": -1,
            "children": [],
            "user id": "5953946922",
            "user name": "qyoka0",
            "content": "哇塞",
            "time": "20-2-16 23:28"
        },
        {
            "comment id": 119,
            "parent": -1,
            "children": [],
            "user id": "5221082195",
            "user name": "罗恩嗯嗯嗯嗯",
            "content": "哈哈哈哈艹",
            "time": "20-2-16 23:25"
        },
        {
            "comment id": 120,
            "parent": -1,
            "children": [],
            "user id": "1795014661",
            "user name": "玺宝_梦梦Honey",
            "content": "干得漂亮！！！！",
            "time": "20-2-16 23:25"
        },
        {
            "comment id": 121,
            "parent": -1,
            "children": [],
            "user id": "5385593578",
            "user name": "-coronaaaa",
            "content": "@陈奇奇奇奇奇奇陈 哈哈哈哈哈哈",
            "time": "20-2-16 23:22"
        },
        {
            "comment id": 122,
            "parent": -1,
            "children": [],
            "user id": "5670820360",
            "user name": "Aqr-Yuki",
            "content": "6666",
            "time": "20-2-16 23:18"
        },
        {
            "comment id": 123,
            "parent": -1,
            "children": [
                124
            ],
            "user id": "1547761367",
            "user name": "LULLaby_DADIDIDA",
            "content": "@MMM-Lynn",
            "time": "20-2-16 23:17"
        },
        {
            "comment id": 124,
            "parent": 123,
            "children": [],
            "user id": "1897228033",
            "user name": "MMM-Lynn",
            "content": "",
            "time": "20-2-16 23:21"
        },
        {
            "comment id": 125,
            "parent": -1,
            "children": [],
            "user id": "2859402350",
            "user name": "是芋圆_吖",
            "content": "笑了",
            "time": "20-2-16 23:16"
        },
        {
            "comment id": 126,
            "parent": -1,
            "children": [],
            "user id": "2746973351",
            "user name": "浓烟弥漫",
            "content": "哈哈哈哈哈哈哈哈哈哈这挺好的",
            "time": "20-2-16 23:16"
        },
        {
            "comment id": 127,
            "parent": -1,
            "children": [],
            "user id": "5821169241",
            "user name": "大城堡里的在逃公主妮子儿",
            "content": "",
            "time": "20-2-16 23:16"
        },
        {
            "comment id": 128,
            "parent": -1,
            "children": [],
            "user id": "6012096241",
            "user name": "檬柠iMM",
            "content": "@哩咔--",
            "time": "20-2-17 01:13"
        },
        {
            "comment id": 129,
            "parent": -1,
            "children": [],
            "user id": "1786832763",
            "user name": "Ari_Michele",
            "content": "@Dr·Li__DDS",
            "time": "20-2-17 00:39"
        },
        {
            "comment id": 130,
            "parent": -1,
            "children": [
                131
            ],
            "user id": "5040205533",
            "user name": "咸鱼小姐_F",
            "content": "@一帘幽梦太匆匆 黄冈人对自己人太狠了",
            "time": "20-2-17 00:38"
        },
        {
            "comment id": 131,
            "parent": 130,
            "children": [],
            "user id": "1950981397",
            "user name": "一帘幽梦太匆匆",
            "content": "哈哈哈大半夜笑出声我竟然连初中卷子都做不出来",
            "time": "20-2-17 00:42"
        },
        {
            "comment id": 132,
            "parent": -1,
            "children": [],
            "user id": "7120276741",
            "user name": "想芋芋泥o",
            "content": "哈哈哈哈啊哈哈哈哈哈哈哈哈哈哈哈哈哈哈哈疫情结束都不能及格了哈哈哈哈哈哈",
            "time": "20-2-16 23:43"
        },
        {
            "comment id": 133,
            "parent": -1,
            "children": [],
            "user id": "5994502625",
            "user name": "标题君丶",
            "content": "不配个老师教的吗？",
            "time": "20-2-16 23:29"
        },
        {
            "comment id": 134,
            "parent": -1,
            "children": [],
            "user id": "1975760385",
            "user name": "想要两颗西柚乂",
            "content": "无期徒刑。。。",
            "time": "20-2-16 23:17"
        },
        {
            "comment id": 135,
            "parent": -1,
            "children": [],
            "user id": "5658516526",
            "user name": "10086憨憨",
            "content": "他们说这是假的",
            "time": "20-2-17 21:53"
        },
        {
            "comment id": 136,
            "parent": -1,
            "children": [],
            "user id": "6877517695",
            "user name": "热心市民小粒",
            "content": "？？？",
            "time": "20-2-17 18:57"
        },
        {
            "comment id": 137,
            "parent": -1,
            "children": [],
            "user id": "5565155329",
            "user name": "RomanceLove浪迹天涯",
            "content": "这个做卷子，厉害！！！//@加油长大吧:我居然，有点想做这卷子？（是外地人，纯粹口嗨，不会给当地添麻烦）",
            "time": "20-2-17 16:43"
        },
        {
            "comment id": 138,
            "parent": -1,
            "children": [],
            "user id": "6038410461",
            "user name": "想要get钞能力",
            "content": "太好笑了哈哈哈哈",
            "time": "20-2-17 16:40"
        },
        {
            "comment id": 139,
            "parent": -1,
            "children": [],
            "user id": "6118533246",
            "user name": "周五是星期五",
            "content": "",
            "time": "20-2-17 11:05"
        },
        {
            "comment id": 140,
            "parent": -1,
            "children": [],
            "user id": "2033526160",
            "user name": "杭州YAN_846",
            "content": "哈哈哈",
            "time": "20-2-17 10:06"
        },
        {
            "comment id": 141,
            "parent": -1,
            "children": [
                142
            ],
            "user id": "3843301391",
            "user name": "中非小姐姐",
            "content": "@张念念m ",
            "time": "20-2-17 09:36"
        },
        {
            "comment id": 142,
            "parent": 141,
            "children": [],
            "user id": "2946579062",
            "user name": "中非小哥哥",
            "content": "估计我也不能及格",
            "time": "20-2-17 14:18"
        },
        {
            "comment id": 143,
            "parent": -1,
            "children": [
                144
            ],
            "user id": "1957278013",
            "user name": "PUNEMA-HeeChul",
            "content": "@小心刺猬扎你_    跑不跑",
            "time": "20-2-17 09:10"
        },
        {
            "comment id": 144,
            "parent": 143,
            "children": [],
            "user id": "3140083015",
            "user name": "小心刺猬扎你_",
            "content": "哈哈哈哈哈哈哈硬核",
            "time": "20-2-17 09:12"
        },
        {
            "comment id": 145,
            "parent": -1,
            "children": [],
            "user id": "5711834726",
            "user name": "拉粑粑小魔仙嘿_",
            "content": "@早起真是困难 哈哈哈哈哈",
            "time": "20-2-17 08:31"
        },
        {
            "comment id": 146,
            "parent": -1,
            "children": [
                147
            ],
            "user id": "2231799300",
            "user name": "YJEAKID123",
            "content": "@范范范锦 哈哈，么到处晃",
            "time": "20-2-17 08:17"
        },
        {
            "comment id": 147,
            "parent": 146,
            "children": [],
            "user id": "1882134573",
            "user name": "改个名字很难啊啊啊啊啊",
            "content": "你起得真早",
            "time": "20-2-17 09:29"
        },
        {
            "comment id": 148,
            "parent": -1,
            "children": [],
            "user id": "3317565241",
            "user name": "藏海小鱼",
            "content": "",
            "time": "20-2-17 06:56"
        },
        {
            "comment id": 149,
            "parent": -1,
            "children": [],
            "user id": "5358182970",
            "user name": "春种一颗豆儿",
            "content": "带过的最差一届！",
            "time": "20-2-17 03:08"
        },
        {
            "comment id": 150,
            "parent": -1,
            "children": [],
            "user id": "1766127424",
            "user name": "深水魚吖咩",
            "content": "想起以前被黄冈兵法支配的噩梦",
            "time": "20-2-17 01:46"
        },
        {
            "comment id": 151,
            "parent": -1,
            "children": [],
            "user id": "1801654112",
            "user name": "Licky撒-",
            "content": "像我这种学完就忘的估计疫情结束都回不去家了",
            "time": "20-2-17 01:32"
        },
        {
            "comment id": 152,
            "parent": -1,
            "children": [],
            "user id": "2965456360",
            "user name": "Eleven0408-orz",
            "content": "哈哈哈哈哈，太硬核了吧，笑死我",
            "time": "20-2-17 00:57"
        },
        {
            "comment id": 153,
            "parent": -1,
            "children": [
                154
            ],
            "user id": "5949752203",
            "user name": "水中打着伞",
            "content": "@Pikaquyo 真的吗",
            "time": "20-2-17 00:42"
        },
        {
            "comment id": 154,
            "parent": 153,
            "children": [],
            "user id": "2433228623",
            "user name": "Pikaquyo",
            "content": "如果我被抓了 能答多少分",
            "time": "20-2-17 10:17"
        },
        {
            "comment id": 155,
            "parent": -1,
            "children": [],
            "user id": "5667054438",
            "user name": "无花果西瓜和桃子",
            "content": "初三卷子23分疫情结束能出去吗 ",
            "time": "20-2-17 00:42"
        }
    ]
}