{
    "source": {
        "content": "36岁女博士征婚:80万彩礼，50万的车，一线城市独栋别墅（要求写女方名） ，女方母亲: 永远不愁嫁…  ",
        "time": "20-2-19 22:22",
        "user id": "6348826452",
        "tweet id": "IuY3uxLFa",
        "label": 1,
        "theme": null
    },
    "comment": [
        {
            "comment id": 0,
            "parent": -1,
            "children": [
                3
            ],
            "user id": "1708349211",
            "user name": "姜某正",
            "content": "已经不是女生了她",
            "time": "20-2-19 22:25"
        },
        {
            "comment id": 1,
            "parent": 3,
            "children": [],
            "user id": "2232194992",
            "user name": "淡淡在不在呢",
            "content": "回复@我是温柔贤惠的玉姐姐吖:胡一菲可漂亮了。。。而且有个性。。而且漂亮。。",
            "time": "20-2-20 09:59"
        },
        {
            "comment id": 2,
            "parent": 3,
            "children": [],
            "user id": "1708349211",
            "user name": "姜某正",
            "content": "回复@我是温柔贤惠的玉姐姐吖:她跟胡一菲可没的比",
            "time": "20-2-19 23:08"
        },
        {
            "comment id": 3,
            "parent": 0,
            "children": [
                1,
                2
            ],
            "user id": "5320148995",
            "user name": "我是温柔贤惠的玉姐姐吖",
            "content": "是胡一菲",
            "time": "20-2-19 23:04"
        },
        {
            "comment id": 4,
            "parent": -1,
            "children": [
                5,
                6,
                7,
                8,
                9,
                10,
                11,
                12,
                13
            ],
            "user id": "6183967534",
            "user name": "院子里的红枫",
            "content": "有这个条件的一般看不上这个，学历只是加分项，并不是决定项。再过多几年就认清了，不过也不是没希望，很难。",
            "time": "20-2-19 22:25"
        },
        {
            "comment id": 5,
            "parent": 4,
            "children": [],
            "user id": "6183967534",
            "user name": "院子里的红枫",
            "content": "回复@雨天里落单的思念00:对的，这女孩子骨子里还有那种傲气，要不得",
            "time": "20-2-20 14:30"
        },
        {
            "comment id": 6,
            "parent": 4,
            "children": [],
            "user id": "5742263560",
            "user name": "望月若晨",
            "content": "回复@苦咖啡不好喝:一般来说还是第一学历很重要。但是她读了这么多书拿这个当做嫁入豪门的标准想法太幼稚了。",
            "time": "20-2-20 13:32"
        },
        {
            "comment id": 7,
            "parent": 4,
            "children": [],
            "user id": "6183967534",
            "user name": "院子里的红枫",
            "content": "回复@雨天里落单的思念00:她要求的太多了，而且学历不代表一切。还要看什么学历哪个学校的",
            "time": "20-2-20 11:46"
        },
        {
            "comment id": 8,
            "parent": 4,
            "children": [],
            "user id": "6183967534",
            "user name": "院子里的红枫",
            "content": "回复@s0601x:你看看那个只有前两个是两百万，最后的那个是几十万的。而且博士有些几千块的大部分",
            "time": "20-2-20 11:45"
        },
        {
            "comment id": 9,
            "parent": 4,
            "children": [],
            "user id": "5742263560",
            "user name": "望月若晨",
            "content": "我也是这么认为的，有钱的人不会看上的，普通的人她还看不上，这女的很愁嫁。",
            "time": "20-2-20 08:08"
        },
        {
            "comment id": 10,
            "parent": 4,
            "children": [],
            "user id": "6183967534",
            "user name": "院子里的红枫",
            "content": "回复@s0601x:你也都说了，几个，相对于那么多的博士生就一些而已",
            "time": "20-2-19 23:44"
        },
        {
            "comment id": 11,
            "parent": 4,
            "children": [],
            "user id": "6183967534",
            "user name": "院子里的红枫",
            "content": "回复@南瓜陈皮:不是哈，只是看那个学历是什么专业毕业，是真的深造还是单纯混学历的那种",
            "time": "20-2-19 22:36"
        },
        {
            "comment id": 12,
            "parent": 4,
            "children": [],
            "user id": "5180494114",
            "user name": "毛李小五蓝",
            "content": "多数，打错了",
            "time": "20-2-19 22:32"
        },
        {
            "comment id": 13,
            "parent": 4,
            "children": [],
            "user id": "5180494114",
            "user name": "毛李小五蓝",
            "content": "唉其实在相亲市场上，学历太高反而变成减分项了，对数男孩一般不会找学历比自己高太多的",
            "time": "20-2-19 22:31"
        },
        {
            "comment id": 14,
            "parent": -1,
            "children": [
                15
            ],
            "user id": "2853089752",
            "user name": "偶思菜菜挖clc",
            "content": "有这条件的男的干嘛要找你，找26岁还差不多。",
            "time": "20-2-19 22:26"
        },
        {
            "comment id": 15,
            "parent": 14,
            "children": [],
            "user id": "5067799976",
            "user name": "冬天不再冷6",
            "content": "嫩模起步",
            "time": "20-2-19 23:49"
        },
        {
            "comment id": 16,
            "parent": -1,
            "children": [],
            "user id": "2011960801",
            "user name": "海南季饭",
            "content": "学历是博士但脑子和学历不成正比才会提出这些要求。",
            "time": "20-2-19 22:27"
        },
        {
            "comment id": 17,
            "parent": -1,
            "children": [],
            "user id": "1279169800",
            "user name": "仰游的蚂蚁",
            "content": "活该单着！",
            "time": "20-2-19 22:25"
        },
        {
            "comment id": 18,
            "parent": -1,
            "children": [],
            "user id": "3971054441",
            "user name": "养狼大户",
            "content": "36博不博士的另说，这年纪我建议你要放宽到二婚还有小孩的。",
            "time": "20-2-19 22:28"
        },
        {
            "comment id": 19,
            "parent": -1,
            "children": [
                21
            ],
            "user id": "5500628246",
            "user name": "旦旦WX",
            "content": "一个高学历女博士年薪也不会低，80万对她来说不多，50万的车也买得起，高学历在一线发展会更好， 只是在同一个层次里面找了一个好点的，这些要求对她来说，也不太过分吧。 也不可能让她去找一个年薪十几万的人去生活",
            "time": "20-2-19 22:54"
        },
        {
            "comment id": 20,
            "parent": 21,
            "children": [],
            "user id": "5500628246",
            "user name": "旦旦WX",
            "content": "回复@小小石斑鱼c:一个成功的男人需要能和他一块站出去的媳妇",
            "time": "20-2-20 04:25"
        },
        {
            "comment id": 21,
            "parent": 19,
            "children": [
                20
            ],
            "user id": "5399039320",
            "user name": "小小石斑鱼c",
            "content": "这个不是关键，她配的上这样的男人。但是这样的男人只会选择25左右的，我是男人，太了解男人了。",
            "time": "20-2-20 00:07"
        },
        {
            "comment id": 22,
            "parent": -1,
            "children": [],
            "user id": "1407353947",
            "user name": "SleepyProgrammer",
            "content": "一般的潜台词，男方学历更高，这样就要男方博士。在我博士同学里面，至少我们计算机专业，很多都具备差不多的条件，独栋不一定（郊区面大），市区平层复式也差不多档次。但是他们往往不喜欢高龄高学历。所以硬伤反倒是学历，男博士本来就少，女博士还不是他的菜",
            "time": "20-2-19 22:58"
        },
        {
            "comment id": 23,
            "parent": -1,
            "children": [],
            "user id": "1409574597",
            "user name": "君问道倾听为先",
            "content": "行！烧给你",
            "time": "20-2-19 22:30"
        },
        {
            "comment id": 24,
            "parent": -1,
            "children": [],
            "user id": "1774344112",
            "user name": "MCD186",
            "content": "自己买一线别墅，50万的车，还嫁TMB。",
            "time": "20-2-19 22:27"
        },
        {
            "comment id": 25,
            "parent": -1,
            "children": [],
            "user id": "1738450444",
            "user name": "刘大菜",
            "content": "这叫少妇吧",
            "time": "20-2-19 23:00"
        },
        {
            "comment id": 26,
            "parent": -1,
            "children": [],
            "user id": "2711089857",
            "user name": "小龙人头上的犄角呢",
            "content": "有那钱 一天换一个不重样的",
            "time": "20-2-19 22:58"
        },
        {
            "comment id": 27,
            "parent": -1,
            "children": [],
            "user id": "5790351630",
            "user name": "从前有什么鬼",
            "content": "读到博士拉的屎香了",
            "time": "20-2-19 22:41"
        },
        {
            "comment id": 28,
            "parent": -1,
            "children": [],
            "user id": "6223688345",
            "user name": "沿途风景与谁共赏",
            "content": "继续单着吧",
            "time": "20-2-19 22:38"
        },
        {
            "comment id": 29,
            "parent": -1,
            "children": [],
            "user id": "1742479630",
            "user name": "用心就好001",
            "content": "呵呵",
            "time": "20-2-19 22:37"
        },
        {
            "comment id": 30,
            "parent": -1,
            "children": [],
            "user id": "5261097546",
            "user name": "忆灯前呵手为伊书",
            "content": "很优秀的姑娘",
            "time": "20-2-19 22:27"
        },
        {
            "comment id": 31,
            "parent": -1,
            "children": [],
            "user id": "5815529781",
            "user name": "专业润滑脂润滑油凌19939310303",
            "content": "如此优秀，给大家发了吧",
            "time": "20-2-19 22:26"
        },
        {
            "comment id": 32,
            "parent": -1,
            "children": [],
            "user id": "3276259560",
            "user name": "一蓑烟雨任泉哥",
            "content": "我出3个3",
            "time": "20-2-19 22:23"
        },
        {
            "comment id": 33,
            "parent": -1,
            "children": [],
            "user id": "5321507925",
            "user name": "空中任我游",
            "content": "有那能力自己去做",
            "time": "20-2-19 22:23"
        },
        {
            "comment id": 34,
            "parent": -1,
            "children": [],
            "user id": "6356145783",
            "user name": "这是快快啊",
            "content": "想多了",
            "time": "20-2-19 22:23"
        },
        {
            "comment id": 35,
            "parent": -1,
            "children": [],
            "user id": "1825964352",
            "user name": "透支千年的美",
            "content": "有这条件我特么找个车模她不香？",
            "time": "20-2-19 22:26"
        },
        {
            "comment id": 36,
            "parent": -1,
            "children": [],
            "user id": "5370546335",
            "user name": "孩尓",
            "content": "想知道现在嫁了吗",
            "time": "20-2-20 14:34"
        },
        {
            "comment id": 37,
            "parent": -1,
            "children": [],
            "user id": "5527243106",
            "user name": "鼬侑釉祐",
            "content": "男的有这条件，会找个26岁的，而不是36岁的",
            "time": "20-2-20 13:12"
        },
        {
            "comment id": 38,
            "parent": -1,
            "children": [],
            "user id": "6039927736",
            "user name": "只爱陈胖咂",
            "content": "在想屁吃",
            "time": "20-2-20 12:56"
        },
        {
            "comment id": 39,
            "parent": -1,
            "children": [],
            "user id": "5602955841",
            "user name": "一颗大砾子",
            "content": "嫁不出去了   还愁什么。。。",
            "time": "20-2-20 12:06"
        },
        {
            "comment id": 40,
            "parent": -1,
            "children": [],
            "user id": "2447817104",
            "user name": "迦帕体育",
            "content": "其实要求不算高，就是这辈子够呛了",
            "time": "20-2-20 11:31"
        },
        {
            "comment id": 41,
            "parent": -1,
            "children": [],
            "user id": "5401326060",
            "user name": "春水长流678",
            "content": "哎，没钱的散了先。。。。",
            "time": "20-2-20 08:01"
        },
        {
            "comment id": 42,
            "parent": -1,
            "children": [],
            "user id": "2608709263",
            "user name": "Pzzzzzzzd",
            "content": "36都快40了谁要呀",
            "time": "20-2-20 07:16"
        },
        {
            "comment id": 43,
            "parent": -1,
            "children": [],
            "user id": "2315768541",
            "user name": "圣托里尼de浪漫",
            "content": "36岁还不愁嫁，真好意思说，现在还有几个喜欢找高学历的，不都奔着年轻漂亮的去！",
            "time": "20-2-20 19:16"
        },
        {
            "comment id": 44,
            "parent": -1,
            "children": [],
            "user id": "5768331913",
            "user name": "石家庄的吴彦祖",
            "content": "我宁可和我的哈士奇过一辈子",
            "time": "20-2-20 17:25"
        },
        {
            "comment id": 45,
            "parent": -1,
            "children": [],
            "user id": "5270469564",
            "user name": "HJQ64812",
            "content": "学历是挺高，我怀疑她是不是不知道市场行情呀",
            "time": "20-2-20 15:22"
        },
        {
            "comment id": 46,
            "parent": -1,
            "children": [],
            "user id": "2188544784",
            "user name": "超能撸战队",
            "content": "看标题还以为女方给男方的。匆匆点进来一看，真特码的想骂街。",
            "time": "20-2-20 14:58"
        },
        {
            "comment id": 47,
            "parent": -1,
            "children": [],
            "user id": "2613139471",
            "user name": "独孤求胜699",
            "content": "留着吧！要嫩个一点的她不香吗？",
            "time": "20-2-20 07:58"
        },
        {
            "comment id": 48,
            "parent": -1,
            "children": [],
            "user id": "5425699994",
            "user name": "梵花雒叶",
            "content": "要创业的她看不上，已经创业完毕的看不上她！实话实说",
            "time": "20-2-20 07:24"
        },
        {
            "comment id": 49,
            "parent": -1,
            "children": [],
            "user id": "1191384357",
            "user name": "薛家将-冲",
            "content": "我想问问女主扛揍么",
            "time": "20-2-20 03:39"
        },
        {
            "comment id": 50,
            "parent": -1,
            "children": [],
            "user id": "2167556297",
            "user name": "leongooo",
            "content": "你可以的",
            "time": "20-2-19 23:42"
        },
        {
            "comment id": 51,
            "parent": -1,
            "children": [],
            "user id": "5528379619",
            "user name": "小猫咪在哪",
            "content": "没有老二嫁不嫁",
            "time": "20-2-19 22:41"
        },
        {
            "comment id": 52,
            "parent": -1,
            "children": [],
            "user id": "1987224074",
            "user name": "黄金水滴",
            "content": "知识改变命运",
            "time": "20-2-19 22:40"
        },
        {
            "comment id": 53,
            "parent": -1,
            "children": [],
            "user id": "2130638507",
            "user name": "Hai琳",
            "content": "不愁就好好等着哈",
            "time": "20-2-19 22:27"
        },
        {
            "comment id": 54,
            "parent": -1,
            "children": [],
            "user id": "7042863481",
            "user name": "短线精灵",
            "content": "大多数男人找女人结婚看的不是文凭，是外貌和是否贤惠温柔，就女博士这长相。。。。",
            "time": "20-2-20 00:38"
        },
        {
            "comment id": 55,
            "parent": -1,
            "children": [],
            "user id": "7361726518",
            "user name": "无痕vc",
            "content": "不愁嫁还征什么婚？",
            "time": "20-2-19 22:29"
        },
        {
            "comment id": 56,
            "parent": -1,
            "children": [],
            "user id": "6288849997",
            "user name": "爱是永恒6288849997",
            "content": "确定不是46岁",
            "time": "20-2-19 22:31"
        },
        {
            "comment id": 57,
            "parent": -1,
            "children": [],
            "user id": "5978873806",
            "user name": "麇褰",
            "content": "其实我觉得你们只是看到她的高龄，而没有看到她的高资高薪。而且换位思考，如果是个男的，就会觉得这个要求不过分了叭",
            "time": "20-2-29 04:06"
        },
        {
            "comment id": 58,
            "parent": -1,
            "children": [],
            "user id": "7354895698",
            "user name": "NBST33",
            "content": "就算我80了能满足这条件也会找个26的",
            "time": "20-2-20 17:52"
        },
        {
            "comment id": 59,
            "parent": -1,
            "children": [],
            "user id": "6818590783",
            "user name": "PaaPA123",
            "content": "我怕你是读书读傻了",
            "time": "20-2-20 14:51"
        },
        {
            "comment id": 60,
            "parent": -1,
            "children": [],
            "user id": "6245172787",
            "user name": "LeeV156",
            "content": "再干个十多年就退休了吧",
            "time": "20-2-20 14:29"
        },
        {
            "comment id": 61,
            "parent": -1,
            "children": [],
            "user id": "6782329724",
            "user name": "只是想改个昵称怎么这么难",
            "content": "她想多了，有这条件的男性，恐怕看不上她",
            "time": "20-2-19 23:40"
        },
        {
            "comment id": 62,
            "parent": -1,
            "children": [],
            "user id": "6333385594",
            "user name": "蓝调的春天",
            "content": "还需要一栋别墅呀，小舅子还没结婚呢",
            "time": "20-2-19 23:15"
        },
        {
            "comment id": 63,
            "parent": -1,
            "children": [
                64
            ],
            "user id": "7102432587",
            "user name": "A彩虹波波",
            "content": "在大几岁生孩子都有困难了，还要求那么高",
            "time": "20-2-19 22:28"
        },
        {
            "comment id": 64,
            "parent": 63,
            "children": [],
            "user id": "5528379619",
            "user name": "小猫咪在哪",
            "content": "工作过的男士，不会找35以上的，生孩子都是高龄产妇。最好30以前的，男女差10岁以内算什么",
            "time": "20-2-19 22:41"
        },
        {
            "comment id": 65,
            "parent": -1,
            "children": [],
            "user id": "6748765028",
            "user name": "繁体与简洁006",
            "content": "确实不愁嫁，不过除了钱，就别要求男方别的了",
            "time": "20-2-19 22:25"
        }
    ]
}