{
    "source": {
        "content": "发生在湖北，发生荆州，发生在沙市，卑鄙依然是卑鄙，恶人依然是恶人。 绿洲 火焱G的微博视频 ",
        "time": "20-2-24 21:43",
        "user id": "1897890352",
        "tweet id": "IvIVYvpRF",
        "label": 1,
        "theme": null
    },
    "comment": [
        {
            "comment id": 0,
            "parent": -1,
            "children": [
                2
            ],
            "user id": "1705583990",
            "user name": "未曾语",
            "content": "希望媒体尽快调查视频真伪，否则真的是践踏了全国人民的一番心意。",
            "time": "20-2-24 21:45"
        },
        {
            "comment id": 1,
            "parent": 2,
            "children": [],
            "user id": "1705583990",
            "user name": "未曾语",
            "content": "回复@减肥中_yue:有可能是以前的视频故意搞在一起，急待媒体调查了",
            "time": "20-2-24 22:56"
        },
        {
            "comment id": 2,
            "parent": 0,
            "children": [
                1
            ],
            "user id": "1584036512",
            "user name": "减肥中_yue",
            "content": "视频不能作假，就看看是哪个地方的了",
            "time": "20-2-24 22:39"
        },
        {
            "comment id": 3,
            "parent": -1,
            "children": [],
            "user id": "5594626915",
            "user name": "骑鱼过海的猴",
            "content": "你有证据？没有证据就是造谣了兄弟！",
            "time": "20-2-24 23:39"
        },
        {
            "comment id": 4,
            "parent": -1,
            "children": [],
            "user id": "1584036512",
            "user name": "减肥中_yue",
            "content": "这视频要火",
            "time": "20-2-24 21:58"
        },
        {
            "comment id": 5,
            "parent": -1,
            "children": [],
            "user id": "3203132710",
            "user name": "最初的依恋day",
            "content": "@黑猫投诉",
            "time": "20-2-24 23:14"
        },
        {
            "comment id": 6,
            "parent": -1,
            "children": [],
            "user id": "3027372491",
            "user name": "-后知后觉--",
            "content": "都被删除了，好几个视频了",
            "time": "20-2-24 22:28"
        },
        {
            "comment id": 7,
            "parent": -1,
            "children": [],
            "user id": "5594626915",
            "user name": "骑鱼过海的猴",
            "content": "网页链接官方消息",
            "time": "20-2-25 08:39"
        }
    ]
}