{
    "source": {
        "content": "\"我不是中国人\"，华人女子获美国绿卡，慷慨对美捐赠20万只口罩 \n\n\"我已经获得美国绿卡，即将加入美国国籍，现在已经不是中国人\"，短短的一句话在海外社交网站引起了巨大轰动。据海外媒体整理，这段话是一名来自中国宁波的女子。为了快速加入美国国籍，该女子以个人名义在中国采购了20万只口罩捐赠给美国国土安全部抵抗疫情。\n\n为了获得美国绿卡，加入美国国籍，这名女子除了捐赠口罩之外，还从日本采购了3台医疗设备，献给了美国陆军野战医院，用于疑似感染的美军士兵治疗。保守估计，该女子现如今已经给美国捐赠了超过300万美元的物资，而这一切，仅仅是为了加速获得美国国籍。\n【来源   兵戎要志】",
        "time": "20-3-3 07:40",
        "user id": "6469925944",
        "tweet id": "IwQPFpifN",
        "label": 1,
        "theme": null
    },
    "comment": [
        {
            "comment id": 0,
            "parent": -1,
            "children": [
                2,
                3,
                4
            ],
            "user id": "2685382334",
            "user name": "哪哈伊哪哈",
            "content": "绿卡是什么？",
            "time": "20-3-3 07:41"
        },
        {
            "comment id": 1,
            "parent": 2,
            "children": [],
            "user id": "3197012565",
            "user name": "愚鼠Super",
            "content": "回复@虫儿飞_22008:借记卡！",
            "time": "20-3-3 09:43"
        },
        {
            "comment id": 2,
            "parent": 0,
            "children": [
                1
            ],
            "user id": "5447491206",
            "user name": "虫儿飞_22008",
            "content": "农业银行储蓄卡吧！",
            "time": "20-3-3 09:14"
        },
        {
            "comment id": 3,
            "parent": 0,
            "children": [],
            "user id": "2632786085",
            "user name": "锦水汤汤0802",
            "content": "回复@我已拈花来:这是不实信息，我的回答不够严谨，还是把评论删了，有点怕怕被约喝茶，谨言慎行",
            "time": "20-3-3 08:30"
        },
        {
            "comment id": 4,
            "parent": 0,
            "children": [],
            "user id": "2632786085",
            "user name": "锦水汤汤0802",
            "content": "回复@我已拈花来:很正常的，能理解",
            "time": "20-3-3 08:03"
        },
        {
            "comment id": 5,
            "parent": -1,
            "children": [
                6
            ],
            "user id": "1659202703",
            "user name": "楊小嬌嬌",
            "content": "可以可以 可是就算拿到绿卡 你认为你自己是美国人了 但美国人也不觉得你是美国人 你还是那个黄种人",
            "time": "20-3-3 08:16"
        },
        {
            "comment id": 6,
            "parent": 5,
            "children": [
                7
            ],
            "user id": "3494580075",
            "user name": "syll天天天蓝",
            "content": "对，披上一张美皮，你也永远流淌中华民族的血液",
            "time": "20-3-3 10:18"
        },
        {
            "comment id": 7,
            "parent": 6,
            "children": [],
            "user id": "1659202703",
            "user name": "楊小嬌嬌",
            "content": "回复@syll天天天蓝:永远也融入不进去",
            "time": "20-3-3 17:14"
        },
        {
            "comment id": 8,
            "parent": -1,
            "children": [],
            "user id": "3937697820",
            "user name": "宙宇波澜",
            "content": "建议永久驱逐出境 终身不得办理中国签证",
            "time": "20-3-3 08:03"
        },
        {
            "comment id": 9,
            "parent": -1,
            "children": [
                10,
                11
            ],
            "user id": "5213606007",
            "user name": "瘦光寒窗",
            "content": "亡国奴",
            "time": "20-3-3 07:45"
        },
        {
            "comment id": 10,
            "parent": 9,
            "children": [],
            "user id": "1224416365",
            "user name": "老杨家",
            "content": "莫名其妙的正确。",
            "time": "20-3-4 11:05"
        },
        {
            "comment id": 11,
            "parent": 9,
            "children": [],
            "user id": "6988688542",
            "user name": "郁闷孜某",
            "content": "主要不会亡",
            "time": "20-3-3 11:21"
        },
        {
            "comment id": 12,
            "parent": -1,
            "children": [],
            "user id": "5999493449",
            "user name": "Mocn-",
            "content": "这样的人太可恶，就像是她妈妈生病了她不管却去关心别人，没有人性。",
            "time": "20-3-3 07:58"
        },
        {
            "comment id": 13,
            "parent": -1,
            "children": [],
            "user id": "1224416365",
            "user name": "老杨家",
            "content": "拿绿卡的人多了，形式有别，钱如果合法而且富裕，随她去了。",
            "time": "20-3-3 07:53"
        },
        {
            "comment id": 14,
            "parent": -1,
            "children": [
                15
            ],
            "user id": "3494580075",
            "user name": "syll天天天蓝",
            "content": "长大不要娘的人还是少数",
            "time": "20-3-3 10:16"
        },
        {
            "comment id": 15,
            "parent": 14,
            "children": [],
            "user id": "3494580075",
            "user name": "syll天天天蓝",
            "content": "是极少极少数",
            "time": "20-3-3 10:16"
        },
        {
            "comment id": 16,
            "parent": -1,
            "children": [],
            "user id": "1745964000",
            "user name": "emNxMTAwCg",
            "content": "算了，美国人民的事我就不操心了",
            "time": "20-3-3 07:45"
        },
        {
            "comment id": 17,
            "parent": -1,
            "children": [],
            "user id": "2291971047",
            "user name": "那年那小兵",
            "content": "有钱真好",
            "time": "20-3-3 07:56"
        },
        {
            "comment id": 18,
            "parent": -1,
            "children": [],
            "user id": "6458762048",
            "user name": "Maggie小姐1983",
            "content": "中 国不要给她签证",
            "time": "20-3-9 14:34"
        },
        {
            "comment id": 19,
            "parent": -1,
            "children": [],
            "user id": "2995732041",
            "user name": "悪渾芣潵",
            "content": "你捐的越多越加速的加入他们 他们越是看不起你",
            "time": "20-3-8 13:34"
        },
        {
            "comment id": 20,
            "parent": -1,
            "children": [],
            "user id": "2453246780",
            "user name": "黄隽就是我",
            "content": "做得好！美国欢饮您吧",
            "time": "20-3-3 11:03"
        },
        {
            "comment id": 21,
            "parent": -1,
            "children": [],
            "user id": "2115018414",
            "user name": "风语叶子",
            "content": "快查查💰怎么来的",
            "time": "20-3-3 09:05"
        },
        {
            "comment id": 22,
            "parent": -1,
            "children": [],
            "user id": "5761850898",
            "user name": "双伶双贝的爸爸",
            "content": "查查钱有没有原罪，合法赚取的人家怎么用谁也管不着。",
            "time": "20-3-3 08:08"
        },
        {
            "comment id": 23,
            "parent": -1,
            "children": [],
            "user id": "2847306567",
            "user name": "极目远行侠",
            "content": "上图",
            "time": "20-3-3 07:56"
        },
        {
            "comment id": 24,
            "parent": -1,
            "children": [],
            "user id": "5211899444",
            "user name": "小香菇炖火鸡",
            "content": "人各有志",
            "time": "20-3-3 07:54"
        },
        {
            "comment id": 25,
            "parent": -1,
            "children": [],
            "user id": "5773738139",
            "user name": "译升_eason",
            "content": "愤青误国",
            "time": "20-3-3 07:49"
        },
        {
            "comment id": 26,
            "parent": -1,
            "children": [],
            "user id": "1703481523",
            "user name": "Duonianyihousc",
            "content": "不关心美国人的事",
            "time": "20-3-3 10:01"
        },
        {
            "comment id": 27,
            "parent": -1,
            "children": [],
            "user id": "1968976781",
            "user name": "龙科丞",
            "content": "她有自己选择的权利，希望她以后不要又要做中国人就行。",
            "time": "20-3-3 08:10"
        },
        {
            "comment id": 28,
            "parent": -1,
            "children": [],
            "user id": "6489479963",
            "user name": "胡说霸dao",
            "content": "已经拿了绿卡了，不要让她回来就行了",
            "time": "20-3-3 08:28"
        },
        {
            "comment id": 29,
            "parent": -1,
            "children": [
                30
            ],
            "user id": "6116355932",
            "user name": "小xuan花吖",
            "content": "拿了绿卡就休想回来了",
            "time": "20-3-3 09:08"
        },
        {
            "comment id": 30,
            "parent": 29,
            "children": [],
            "user id": "6116355932",
            "user name": "小xuan花吖",
            "content": "回复@文德1234:见没见过管你鸟事？",
            "time": "20-3-7 21:37"
        },
        {
            "comment id": 31,
            "parent": -1,
            "children": [],
            "user id": "7335790619",
            "user name": "我自逍遙5431",
            "content": "她只是说实话而已",
            "time": "20-3-3 07:45"
        }
    ]
}