{
    "source": {
        "content": "屠呦呦再次落选院士，评委会给出的三个落选理由让人唏嘘\n\n2020年的两院院士评选，我国第一位真正意义上的自然科学类诺贝尔奖获得者屠呦呦教授再次落选。评选委员会给出的落选理由是：\n\n1、没有留洋背景，2、没有博士学位，3、没有足够的论文。\n\n再看看国外，在英国BBC“20世纪最伟大的科学家”的评选中，屠呦呦和爱因斯坦、图灵等科学家一同入选，BBC给出的三大入选理由：\n\n1、在艰难时刻仍然秉持科学理想，2、砥砺前行亦不忘回望过去，3、她的成就跨越东西\n\n这样看来，屠呦呦教授的再次落选，到底是一种“长脸”，还是“打脸”呢？\n小编一直认为院士是最🈶️可能改变世界的一撮人，可惜有的时候连自己的规则都改变不了，大大的希望过后就是无情的失望，留着哪些名声让他们继续大噪吧！认真学习做好我这方一名人士！\n\n——haodebook《我的演讲》",
        "time": "20-2-29 12:37",
        "user id": "6504148753",
        "tweet id": "IwquXwcbc",
        "label": 1,
        "theme": null
    },
    "comment": [
        {
            "comment id": 0,
            "parent": -1,
            "children": [
                1
            ],
            "user id": "3210336907",
            "user name": "super大班小朋友",
            "content": "两院院士两年评一次，2019年刚评过了，假新闻就别发了",
            "time": "20-2-29 13:21"
        },
        {
            "comment id": 1,
            "parent": 0,
            "children": [],
            "user id": "6504148753",
            "user name": "haodebook",
            "content": "这就是你们认为的规则吗",
            "time": "20-2-29 13:34"
        },
        {
            "comment id": 2,
            "parent": -1,
            "children": [
                3
            ],
            "user id": "5509179183",
            "user name": "南风知我意lgc",
            "content": "今年都没有院士评选，作为教育博主这么不负责吗",
            "time": "20-2-29 12:58"
        },
        {
            "comment id": 3,
            "parent": 2,
            "children": [],
            "user id": "6504148753",
            "user name": "haodebook",
            "content": "这就是你认为的规则吗",
            "time": "20-2-29 13:34"
        },
        {
            "comment id": 4,
            "parent": -1,
            "children": [],
            "user id": "3555029282",
            "user name": "Ab-appetency",
            "content": "2020还未评选，搜索:屠呦呦再次落选院士，可以发现多条同样内容的微博，其心可诛，愚蠢至极",
            "time": "20-2-29 15:59"
        },
        {
            "comment id": 5,
            "parent": -1,
            "children": [],
            "user id": "2784263215",
            "user name": "E梦for竹森之光",
            "content": "👴笑了，这就是你认为的规则吗，啥时候评两院院士还要公开落选理由了，真公开理由袁隆平的理由早就该众人皆知了。屠老连共和国勋章都有了 她本人本身不注重名利，会在乎这么一个头衔？共和国勋章的其他科研前辈有几个不是院士的？你再数数几个人是两院院士？确认消息真实性好像也没这么难吧，兄dei？",
            "time": "20-2-29 13:51"
        }
    ]
}