{
    "source": {
        "content": "网传：吴好运（网友戏称无好运），男，1958年6月生于四川省北川县，出生的第二年中国发生了三年自然灾害，饿了三年肚子的他慢慢长大了，然而他的父母却死于饥饿，1976年，17岁的他考入了华北煤炭医学院（唐山），1976年7月27日他从四川到学校报到，第二天，发生了唐山大地震，他在倒塌的房子下幸运地活了下来，2003年调入广州市第一人民医院，刚刚上班，非典爆发，2008年5月10日，他回家乡北川祭祖，还没来得及走，遇上了汶川大地震，2020年1月，调入武汉市中心医院，遇上了新冠肺炎，身为医生的他上了前线，1月27日被感染住院，2月23日病愈出院，前往福建泉州妻子处养病，入住欣佳宾馆隔离14天，3月7日晚，欣佳宾馆塌了，他没有躲过这次的追杀，享年62岁！🙏🙏🙏  珠玑子201704的微博视频",
        "time": "20-3-9 13:09",
        "user id": "6222662543",
        "tweet id": "IxNyjg6nt",
        "label": 1,
        "theme": null
    },
    "comment": [
        {
            "comment id": 0,
            "parent": -1,
            "children": [
                1
            ],
            "user id": "1769648982",
            "user name": "丑女辣妈",
            "content": "这是真的假的",
            "time": "20-3-9 14:23"
        },
        {
            "comment id": 1,
            "parent": 0,
            "children": [],
            "user id": "6222662543",
            "user name": "珠玑子201704",
            "content": "网传的。",
            "time": "20-3-9 15:10"
        },
        {
            "comment id": 2,
            "parent": -1,
            "children": [
                3
            ],
            "user id": "5584418155",
            "user name": "荒野大镖客2073",
            "content": "扯犊子",
            "time": "20-3-9 14:44"
        },
        {
            "comment id": 3,
            "parent": 2,
            "children": [],
            "user id": "6222662543",
            "user name": "珠玑子201704",
            "content": "",
            "time": "20-3-9 15:13"
        },
        {
            "comment id": 4,
            "parent": -1,
            "children": [],
            "user id": "6222662543",
            "user name": "珠玑子201704",
            "content": "疫情之中，人们排解压力的一个笑话。",
            "time": "20-5-3 04:07"
        },
        {
            "comment id": 5,
            "parent": -1,
            "children": [
                6
            ],
            "user id": "6222662543",
            "user name": "珠玑子201704",
            "content": "這是一个生命不息奋斗不止的強者！",
            "time": "20-3-9 15:23"
        },
        {
            "comment id": 6,
            "parent": 5,
            "children": [],
            "user id": "5522744835",
            "user name": "屁丶哥儿",
            "content": "你都不证实一下真伪就发出来，你这行为是传播谣言",
            "time": "20-3-9 21:21"
        },
        {
            "comment id": 7,
            "parent": -1,
            "children": [
                10
            ],
            "user id": "2165874592",
            "user name": "phmark0311",
            "content": "这是谣言！网页链接",
            "time": "20-5-2 22:45"
        },
        {
            "comment id": 8,
            "parent": 9,
            "children": [],
            "user id": "6222662543",
            "user name": "珠玑子201704",
            "content": "回复@phmark0311:对",
            "time": "20-5-2 22:53"
        },
        {
            "comment id": 9,
            "parent": 10,
            "children": [
                8
            ],
            "user id": "2165874592",
            "user name": "phmark0311",
            "content": "回复@珠玑子201704:最好标注一下，不然别人信以为真！弄不好说你传播谣言就麻烦了！",
            "time": "20-5-2 22:51"
        },
        {
            "comment id": 10,
            "parent": 7,
            "children": [
                9
            ],
            "user id": "6222662543",
            "user name": "珠玑子201704",
            "content": "一个笑话",
            "time": "20-5-2 22:47"
        },
        {
            "comment id": 11,
            "parent": -1,
            "children": [
                12
            ],
            "user id": "7362415574",
            "user name": "威威娘06655",
            "content": "真有这个人吗？",
            "time": "20-3-9 13:16"
        },
        {
            "comment id": 12,
            "parent": 11,
            "children": [],
            "user id": "6222662543",
            "user name": "珠玑子201704",
            "content": "没法证实",
            "time": "20-3-9 13:19"
        },
        {
            "comment id": 13,
            "parent": -1,
            "children": [],
            "user id": "3902978862",
            "user name": "哎哟神精病",
            "content": "已经辟谣了！",
            "time": "20-3-9 23:31"
        },
        {
            "comment id": 14,
            "parent": -1,
            "children": [
                15,
                16,
                18
            ],
            "user id": "1044661533",
            "user name": "欧阳浅见",
            "content": "一生下来父母死亡，靠自己考上大学，你信吗？我不信！",
            "time": "20-3-9 14:51"
        },
        {
            "comment id": 15,
            "parent": 14,
            "children": [],
            "user id": "6222662543",
            "user name": "珠玑子201704",
            "content": "1976年是推荐工农兵学员的最后一界。",
            "time": "20-3-9 15:26"
        },
        {
            "comment id": 16,
            "parent": 14,
            "children": [],
            "user id": "6222662543",
            "user name": "珠玑子201704",
            "content": "三年灾害是59～61年",
            "time": "20-3-9 15:17"
        },
        {
            "comment id": 17,
            "parent": 18,
            "children": [],
            "user id": "6222662543",
            "user name": "珠玑子201704",
            "content": "回复@珠玑子201704:三年灾害应是59～61年",
            "time": "20-3-9 15:16"
        },
        {
            "comment id": 18,
            "parent": 14,
            "children": [
                17
            ],
            "user id": "6222662543",
            "user name": "珠玑子201704",
            "content": "网传他生于1958年，父母亡于1960～1962年；现实社會孤儿上大学的不少。",
            "time": "20-3-9 15:12"
        },
        {
            "comment id": 19,
            "parent": -1,
            "children": [],
            "user id": "5522744835",
            "user name": "屁丶哥儿",
            "content": "此内容不实，请删除",
            "time": "20-3-9 21:20"
        },
        {
            "comment id": 20,
            "parent": -1,
            "children": [
                21
            ],
            "user id": "3282311483",
            "user name": "joan_73049",
            "content": "武汉让人出城？不过故事编的挺凄惨",
            "time": "20-3-9 15:47"
        },
        {
            "comment id": 21,
            "parent": 20,
            "children": [],
            "user id": "3929659128",
            "user name": "星秤流沙",
            "content": "2.24是放开了",
            "time": "20-3-9 17:51"
        }
    ]
}