{
    "source": {
        "content": "#意大利封闭全国#吴好运，男，1958年6月生于四川省北川县，出生的第二年中国发生了三年自然灾害，饿了三年肚子的他慢慢长大了，然而他的父母却死于饥饿，1976年，17岁的他考入了华北煤炭医学院（唐山），1976年7月27日他从四川到学校报到，第二天，发生了唐山大地震，他在倒塌的房子下幸运地活了下来，2003年调入广州市第一人民医院，刚刚上班，非典爆发，2008年5月10日，他回家乡北川祭祖，还没来得及走，遇上了汶川大地震，2020年1月，调入武汉市中心医院，遇上了新冠肺炎，身为医生的他上了前线，1月27日被感染住院，2月23日病愈出院，前往福建泉州妻子处养病，入住欣佳宾馆隔离14天，3月7日晚，欣佳宾馆塌了，他没有躲过这次的追杀，享年62岁！\n你看这爹妈起的名字[发呆]倒霉催的[尴尬] ",
        "time": "20-3-10 09:26",
        "user id": "1998984697",
        "tweet id": "IxVw9Ajsj",
        "label": 1,
        "theme": null
    },
    "comment": [
        {
            "comment id": 0,
            "parent": -1,
            "children": [],
            "user id": "1998984697",
            "user name": "演员杨玉兰",
            "content": "确认是谣言，我刚看到，",
            "time": "20-3-10 11:38"
        },
        {
            "comment id": 1,
            "parent": -1,
            "children": [],
            "user id": "1998984697",
            "user name": "演员杨玉兰",
            "content": "这个是谁这么会编呢",
            "time": "20-3-10 11:35"
        },
        {
            "comment id": 2,
            "parent": -1,
            "children": [],
            "user id": "5101871623",
            "user name": "chjnfuojfarkmfgjlmd",
            "content": "图片评论 ",
            "time": "20-3-10 11:32"
        },
        {
            "comment id": 3,
            "parent": -1,
            "children": [],
            "user id": "7081114605",
            "user name": "pwqza",
            "content": "我的天",
            "time": "20-3-10 10:25"
        },
        {
            "comment id": 4,
            "parent": -1,
            "children": [],
            "user id": "6343176944",
            "user name": "李小贝007",
            "content": "有些人一生碌碌无为，有些人一生颠沛流离，有些人一生坎坷，有些人却含着金钥匙出生，但生命的意义是什么？我们选择什么样的人生，我们有得选吗？",
            "time": "20-3-10 09:43"
        },
        {
            "comment id": 5,
            "parent": -1,
            "children": [],
            "user id": "1471049283",
            "user name": "小玩子爱米粒",
            "content": "死神追杀了他62年，也是执念太深",
            "time": "20-3-10 09:42"
        },
        {
            "comment id": 6,
            "parent": -1,
            "children": [],
            "user id": "1998984697",
            "user name": "演员杨玉兰",
            "content": "哦。我看微信群转发的",
            "time": "20-3-10 11:34"
        }
    ]
}