{
    "source": {
        "content": "8个小时前，特朗普演讲中险些晕倒，取消了之后的行程。 网页链接 ",
        "time": "20-3-15 20:38",
        "user id": "7087293262",
        "tweet id": "IyL3xpmjL",
        "label": 1,
        "theme": null
    },
    "comment": [
        {
            "comment id": 0,
            "parent": -1,
            "children": [
                1,
                2
            ],
            "user id": "6062687701",
            "user name": "阳Nick明",
            "content": "盲猜假的，不是最近",
            "time": "20-3-15 20:48"
        },
        {
            "comment id": 1,
            "parent": 0,
            "children": [],
            "user id": "7244202890",
            "user name": "文文leafveins7",
            "content": "要是真的，媒体炸开锅了会",
            "time": "20-3-15 23:14"
        },
        {
            "comment id": 2,
            "parent": 0,
            "children": [],
            "user id": "7244202890",
            "user name": "文文leafveins7",
            "content": "我也觉得不是最近的",
            "time": "20-3-15 23:13"
        },
        {
            "comment id": 3,
            "parent": -1,
            "children": [],
            "user id": "6158350303",
            "user name": "你们都爱罗尼我独爱耶茨",
            "content": "23：16分了，特朗普还没有上热搜，这是_____？？？",
            "time": "20-3-15 23:17"
        },
        {
            "comment id": 4,
            "parent": -1,
            "children": [],
            "user id": "3171598594",
            "user name": "点一杯乌龙茶",
            "content": "貌似16年大选前三天的竞选集会，发现有名抗议者存在威胁才被拉走的 ",
            "time": "20-3-15 21:58"
        },
        {
            "comment id": 5,
            "parent": -1,
            "children": [],
            "user id": "1671848960",
            "user name": "溜溜土豆泥",
            "content": "假的吧",
            "time": "20-3-15 21:51"
        },
        {
            "comment id": 6,
            "parent": -1,
            "children": [],
            "user id": "1685004832",
            "user name": "传说中的小白_",
            "content": "已举报",
            "time": "20-3-15 20:59"
        },
        {
            "comment id": 7,
            "parent": -1,
            "children": [],
            "user id": "3171598594",
            "user name": "点一杯乌龙茶",
            "content": "求问出处，感觉不是最近的，群里已经开始有人发了",
            "time": "20-3-15 21:49"
        },
        {
            "comment id": 8,
            "parent": -1,
            "children": [],
            "user id": "1998176957",
            "user name": "润智de尾巴",
            "content": "蹭热度有意思吗？花钱整点儿粉再来发会不会更有传播力度",
            "time": "20-3-15 21:39"
        },
        {
            "comment id": 9,
            "parent": -1,
            "children": [],
            "user id": "5776641960",
            "user name": "埃菲尔铁塔的菇娘",
            "content": "估计病毒感染……特朗普驾崩……",
            "time": "20-3-15 21:32"
        },
        {
            "comment id": 10,
            "parent": -1,
            "children": [],
            "user id": "1748781520",
            "user name": "浮罗耶",
            "content": "2016年的老消息",
            "time": "20-3-15 23:48"
        },
        {
            "comment id": 11,
            "parent": -1,
            "children": [],
            "user id": "1648032740",
            "user name": "紫澜馨",
            "content": "不是特朗普",
            "time": "20-3-15 21:56"
        },
        {
            "comment id": 12,
            "parent": -1,
            "children": [],
            "user id": "1706662435",
            "user name": "私玩小地儿",
            "content": "假的",
            "time": "20-3-15 20:51"
        },
        {
            "comment id": 13,
            "parent": -1,
            "children": [],
            "user id": "7288428779",
            "user name": "阿白的暖阳",
            "content": "你就是个傻仔    有点智商可以吗",
            "time": "20-3-15 21:07"
        },
        {
            "comment id": 14,
            "parent": -1,
            "children": [],
            "user id": "6158359690",
            "user name": "Melinda哈哈哈",
            "content": "八小时前？为啥国内官方没报到这个事情啊按道理要是真的得上热搜第一啊",
            "time": "20-3-15 20:44"
        },
        {
            "comment id": 15,
            "parent": -1,
            "children": [
                16
            ],
            "user id": "7314426561",
            "user name": "IndyQueen_呵呵呵",
            "content": "盲猜来自中老年微信群",
            "time": "20-3-15 21:58"
        },
        {
            "comment id": 16,
            "parent": 15,
            "children": [],
            "user id": "3171598594",
            "user name": "点一杯乌龙茶",
            "content": "已经开始了。。吓得我立马找出处不然没理由微博不炸 查看图片",
            "time": "20-3-15 22:03"
        },
        {
            "comment id": 17,
            "parent": -1,
            "children": [],
            "user id": "2303159295",
            "user name": "新110浪",
            "content": "转发微博",
            "time": "20-3-15 20:57"
        }
    ]
}