{
    "source": {
        "content": "快讯！！\n8个小时前，特朗普演讲中险些晕倒，取消了之后的行程。  网页链接 ",
        "time": "20-3-15 22:15",
        "user id": "6328766818",
        "tweet id": "IyLH9xs50",
        "label": 1,
        "theme": null
    },
    "comment": [
        {
            "comment id": 0,
            "parent": -1,
            "children": [
                1
            ],
            "user id": "7294539655",
            "user name": "洁洁宝宝201307",
            "content": "是假的吧",
            "time": "20-3-15 22:20"
        },
        {
            "comment id": 1,
            "parent": 0,
            "children": [
                2
            ],
            "user id": "6328766818",
            "user name": "波尔多红酒庄园晖",
            "content": "不象假的  已被删除",
            "time": "20-3-15 22:22"
        },
        {
            "comment id": 2,
            "parent": 1,
            "children": [],
            "user id": "1858109402",
            "user name": "我是希尔瑞思",
            "content": "图片评论 网页链接",
            "time": "20-3-15 23:56"
        },
        {
            "comment id": 3,
            "parent": -1,
            "children": [],
            "user id": "1748781520",
            "user name": "浮罗耶",
            "content": "2016年的老消息",
            "time": "20-3-15 23:47"
        },
        {
            "comment id": 4,
            "parent": -1,
            "children": [],
            "user id": "5773791211",
            "user name": "吃嘛嘛香不想睡",
            "content": "8个小时前美国还是凌晨，总统需要凌晨发表演讲？",
            "time": "20-3-15 23:26"
        },
        {
            "comment id": 5,
            "parent": -1,
            "children": [],
            "user id": "5752536878",
            "user name": "Hattimoon",
            "content": "假的，视频是16年的",
            "time": "20-3-16 05:15"
        },
        {
            "comment id": 6,
            "parent": -1,
            "children": [],
            "user id": "6098382998",
            "user name": "嘛兜日记",
            "content": "有视频了，真的，搜特朗普实时",
            "time": "20-3-15 23:00"
        },
        {
            "comment id": 7,
            "parent": -1,
            "children": [],
            "user id": "1909560183",
            "user name": "TOP藏家",
            "content": "假的",
            "time": "20-3-15 22:48"
        },
        {
            "comment id": 8,
            "parent": -1,
            "children": [],
            "user id": "2270897291",
            "user name": "五线梦想",
            "content": "是啊，不知道为啥被删掉了",
            "time": "20-3-15 22:27"
        }
    ]
}