{
    "source": {
        "content": "（转自 头条 良医济世）\n一个美国国籍的华人感染新冠了，听说国内免费治疗，且非常有经验，一家三口吃了一倍量的退烧药逃避防疫检查回到中国，（注意他说的是回到祖国，其实国籍已变，美国才是他的祖国），第二天得知，治疗费用自己掏，非常不满，询问在哪里投诉？是否可以募捐？\n\n巨婴，我建议你打美国大使馆投诉吧。近日北京明确指出，对于国内没有医保的，原则上都是自费。医保是国内人纳税人的钱，你没有再国内尽义务，却想享受国内福利，凭什么啊？",
        "time": "20-3-15 21:28",
        "user id": "2204260377",
        "tweet id": "IyLnZlfIi",
        "label": 1,
        "theme": null
    },
    "comment": [
        {
            "comment id": 0,
            "parent": -1,
            "children": [
                2,
                3
            ],
            "user id": "2233211667",
            "user name": "白猫黑猫偷吃鱼的猫",
            "content": "别忘了入籍时的誓言喔。",
            "time": "20-3-16 19:11"
        },
        {
            "comment id": 1,
            "parent": 2,
            "children": [],
            "user id": "2650396725",
            "user name": "桐桐树无难事",
            "content": "回复@刘晶11111:有在查的，我同事出差回来，一入境立马就查了",
            "time": "20-3-17 16:06"
        },
        {
            "comment id": 2,
            "parent": 0,
            "children": [
                1
            ],
            "user id": "5659073326",
            "user name": "刘晶11111",
            "content": "求国家加大检测力度，外境隔离14天后加病毒检测。鉴韩国几分钟检测速度。现在确诊在增加前几天10多，前天20，昨天30，今天40，快要50了，不核酸检测天天吃降温药绝对有漏网之鱼，加复工复产一下来个几百....",
            "time": "20-3-17 11:12"
        },
        {
            "comment id": 3,
            "parent": 0,
            "children": [],
            "user id": "2204260377",
            "user name": "连锋医生",
            "content": "好友辛苦送来上海本地酒酿，马上做为餐后甜点🍮。有小时侯妈妈做的味道再看功效：益气、生津……催乳丰胸，额，这个嘛，对了，今晚修改国自然标书，吃这个大吉",
            "time": "20-3-16 19:30"
        },
        {
            "comment id": 4,
            "parent": -1,
            "children": [],
            "user id": "2590730652",
            "user name": "陈王奋起挥黄钺",
            "content": "算了，回来都回来了。经济困难国家就补贴点，经济条件尚可，就自付。中国医院的价格比起美国，和免费没什么两样。",
            "time": "20-3-15 21:41"
        },
        {
            "comment id": 5,
            "parent": -1,
            "children": [
                6,
                8,
                9,
                10,
                20,
                22
            ],
            "user id": "1214856531",
            "user name": "我shi楠楠呀",
            "content": "这还舔着b脸说回祖国 你入国籍的时候怎么没想到。",
            "time": "20-3-15 21:41"
        },
        {
            "comment id": 6,
            "parent": 5,
            "children": [],
            "user id": "3170830142",
            "user name": "期待夏天的风wind",
            "content": "回复@熊猫仔1919:有，各种大学海外校友会买回的物资还少吗",
            "time": "20-3-17 16:47"
        },
        {
            "comment id": 7,
            "parent": 22,
            "children": [],
            "user id": "1845723535",
            "user name": "瞌睡羊咩咩",
            "content": "回复@期待夏天的风wind:治疗一个新冠肺炎患者国家需要花多少钱？多少医护人员的辛苦付出，华人华侨捐了东西就能吃退烧药来中国投毒？感染了别人，难道国家不得负担？再说，这个病对肺部那么大伤害，被他们感染的人不让他们赔偿就够人性化了，还要怎样",
            "time": "20-3-17 14:53"
        },
        {
            "comment id": 8,
            "parent": 5,
            "children": [],
            "user id": "3129922401",
            "user name": "CHIUCHING-FM",
            "content": "根本就不可能是他们这种人捐，捐的人心思哪有这么坏",
            "time": "20-3-17 12:22"
        },
        {
            "comment id": 9,
            "parent": 5,
            "children": [],
            "user id": "3508846180",
            "user name": "默登奶奶",
            "content": "他这样的人可能捐嘛",
            "time": "20-3-17 09:49"
        },
        {
            "comment id": 10,
            "parent": 5,
            "children": [],
            "user id": "5593476128",
            "user name": "诺诺熊_olivia",
            "content": "这种入了外籍的回中国是要签证的，不可能说回就能回的，除非他们今年就有回中国的准备签证好能随时走",
            "time": "20-3-17 09:48"
        },
        {
            "comment id": 11,
            "parent": 22,
            "children": [],
            "user id": "3630693250",
            "user name": "壹誠可抵萬惡",
            "content": "回复@期待夏天的风wind:也是奥，你去问问他给送了吗",
            "time": "20-3-17 09:07"
        },
        {
            "comment id": 12,
            "parent": 22,
            "children": [],
            "user id": "2419899150",
            "user name": "挖土的匹夫",
            "content": "回复@期待夏天的风wind:我们国内的也捐了。",
            "time": "20-3-17 08:58"
        },
        {
            "comment id": 13,
            "parent": 22,
            "children": [],
            "user id": "6434774274",
            "user name": "删记忆02431",
            "content": "回复@期待夏天的风wind:有这一家人的贡献吗？",
            "time": "20-3-17 07:18"
        },
        {
            "comment id": 14,
            "parent": 17,
            "children": [],
            "user id": "5410440311",
            "user name": "小轩轩胡明轩老婆",
            "content": "回复@枯木c勿雕:你觉得这么自私自利的人会捐口罩？",
            "time": "20-3-17 05:12"
        },
        {
            "comment id": 15,
            "parent": 22,
            "children": [],
            "user id": "2844353777",
            "user name": "辰野的辰_辰野的野",
            "content": "回复@期待夏天的风wind:群体做了好事=群体中的未参与的某个人也做了好事？那群体做了坏事的时候，是不是=群体中的未参与的某个人也理应同罪？能干出这种事的人你觉得他会捐款捐口罩？",
            "time": "20-3-17 01:25"
        },
        {
            "comment id": 16,
            "parent": 18,
            "children": [],
            "user id": "6284862797",
            "user name": "你黑慌迈",
            "content": "回复@我shi楠楠呀:华侨和留学生好歹还是中国籍呢，他连祖宗都不要了",
            "time": "20-3-17 00:51"
        },
        {
            "comment id": 17,
            "parent": 22,
            "children": [
                14
            ],
            "user id": "1768590871",
            "user name": "枯木c勿雕",
            "content": "回复@期待夏天的风wind:如果他能拿出疫情时期曾经捐助中国多少钱，多少口罩，现在他被感染了，中国可以拿出十倍百倍的钱为他治疗。",
            "time": "20-3-17 00:13"
        },
        {
            "comment id": 18,
            "parent": 22,
            "children": [
                16
            ],
            "user id": "1214856531",
            "user name": "我shi楠楠呀",
            "content": "回复@期待夏天的风wind:不是戾气重哦，为这次疫情付出的华侨 留学生确实很多。但是，这个人干了什么 大家有目共睹。对人不对事。",
            "time": "20-3-16 21:48"
        },
        {
            "comment id": 19,
            "parent": 22,
            "children": [],
            "user id": "5492212923",
            "user name": "PowertoGo-5",
            "content": "回复@期待夏天的风wind:有一说一  这种人绝对不会捐献物资的。",
            "time": "20-3-16 21:32"
        },
        {
            "comment id": 20,
            "parent": 5,
            "children": [],
            "user id": "5200164336",
            "user name": "百里常疯",
            "content": "让被他传染的那一客机人来判他比较公平",
            "time": "20-3-16 21:13"
        },
        {
            "comment id": 21,
            "parent": 22,
            "children": [],
            "user id": "5131032135",
            "user name": "哑言难述",
            "content": "回复@期待夏天的风wind:也没一棍子打死，确实有华侨和留学生在抗疫期间做了不少贡献，很明显这个人肯定没有，如果有捐物资他肯定会说，再者他一家三口服用退烧药躲避检查乘坐飞机，飞机上人人都有被感染的风险，如果不是国内机场查出来，等他们回到家这一路得多感染多少人？",
            "time": "20-3-16 20:29"
        },
        {
            "comment id": 22,
            "parent": 5,
            "children": [
                7,
                11,
                12,
                13,
                15,
                17,
                18,
                19,
                21
            ],
            "user id": "3170830142",
            "user name": "期待夏天的风wind",
            "content": "别那么大戾气哦，疫情初期买光国外口罩支援国内的有华侨，留学生哦",
            "time": "20-3-16 19:59"
        },
        {
            "comment id": 23,
            "parent": -1,
            "children": [
                24,
                25,
                26,
                27,
                28,
                29
            ],
            "user id": "1594161981",
            "user name": "我是四夕罗",
            "content": "这时候想起是中国人，有没想过长途旅行飞机上就可能感染多少人？自私自利的人就是要自费",
            "time": "20-3-15 21:38"
        },
        {
            "comment id": 24,
            "parent": 23,
            "children": [],
            "user id": "6157746567",
            "user name": "米罗不是散客",
            "content": "这是国际友人好吗？不是自己人",
            "time": "20-3-17 18:24"
        },
        {
            "comment id": 25,
            "parent": 23,
            "children": [],
            "user id": "3817503131",
            "user name": "一枚泡芙哟",
            "content": "这些投机者本想以外国人的身份到中国享受超国民待遇的，没有如愿恼羞成怒。",
            "time": "20-3-17 09:32"
        },
        {
            "comment id": 26,
            "parent": 23,
            "children": [],
            "user id": "3032889071",
            "user name": "郎朗多幸运",
            "content": "自私自利，毫无道德，自由天收",
            "time": "20-3-16 19:05"
        },
        {
            "comment id": 27,
            "parent": 23,
            "children": [],
            "user id": "1872346234",
            "user name": "拿露娜塔",
            "content": "关键是他是美籍的，他和他老婆留学过去，之后就申请美国国籍！而且他前面说他们觉得美国福利好房子大啥的",
            "time": "20-3-16 18:44"
        },
        {
            "comment id": 28,
            "parent": 23,
            "children": [],
            "user id": "5319994018",
            "user name": "_半瓶芬达_",
            "content": "这些人就是把🇨🇳 当成备胎一样。",
            "time": "20-3-16 17:22"
        },
        {
            "comment id": 29,
            "parent": 23,
            "children": [],
            "user id": "2823239914",
            "user name": "XC0325-",
            "content": "不怕途中再会感染其他人  真应该把他们送还给他的“祖国”",
            "time": "20-3-16 07:49"
        },
        {
            "comment id": 30,
            "parent": -1,
            "children": [
                35
            ],
            "user id": "1678386722",
            "user name": "爱不爱奇艺",
            "content": "土生土长的中国人应该把社保交在中国啊，买了昂贵的美国保险回来要国中国政府承担医疗费用是什么脑回路呢",
            "time": "20-3-15 22:12"
        },
        {
            "comment id": 31,
            "parent": 33,
            "children": [],
            "user id": "5736702138",
            "user name": "Johan_Hwang",
            "content": "回复@江秀玉_14014:为你的人间大爱而感动",
            "time": "20-3-17 20:01"
        },
        {
            "comment id": 32,
            "parent": 33,
            "children": [],
            "user id": "1785952657",
            "user name": "泽西x",
            "content": "回复@江秀玉_14014:没钱就出力吧 大伙帮他把骨灰扬了",
            "time": "20-3-17 18:51"
        },
        {
            "comment id": 33,
            "parent": 34,
            "children": [
                31,
                32
            ],
            "user id": "5062868767",
            "user name": "江秀玉_14014",
            "content": "回复@Johan_Hwang:我捐，曾经都是同胞，我捐个塑料袋给他装骨灰，",
            "time": "20-3-17 18:13"
        },
        {
            "comment id": 34,
            "parent": 35,
            "children": [
                33
            ],
            "user id": "5736702138",
            "user name": "Johan_Hwang",
            "content": "回复@等下一个啨兲丶说再见:骨灰盒我都不出……中国现在有一个福利不错，我推荐给他，骨灰撒海费用全免",
            "time": "20-3-17 10:40"
        },
        {
            "comment id": 35,
            "parent": 30,
            "children": [
                34
            ],
            "user id": "2598008530",
            "user name": "等下一个啨兲丶说再见",
            "content": "再这样不听话就众筹给他捐个骨灰盒！",
            "time": "20-3-17 09:27"
        },
        {
            "comment id": 36,
            "parent": -1,
            "children": [],
            "user id": "5947466169",
            "user name": "陈建立的微博",
            "content": "对于这种白眼狼应该直接把他们驱逐出国门",
            "time": "20-3-15 21:39"
        },
        {
            "comment id": 37,
            "parent": -1,
            "children": [
                38,
                39
            ],
            "user id": "7339504722",
            "user name": "NIK_不退_Dm",
            "content": "作图已经被证明是假的了，原po改名了，但是一定会有这样的人回来。",
            "time": "20-3-15 22:32"
        },
        {
            "comment id": 38,
            "parent": 37,
            "children": [],
            "user id": "3189336362",
            "user name": "扎叮叮猫儿勒",
            "content": "新闻都说了",
            "time": "20-3-17 02:24"
        },
        {
            "comment id": 39,
            "parent": 37,
            "children": [],
            "user id": "7339504722",
            "user name": "NIK_不退_Dm",
            "content": "回复 @蜗牛的艾妮:对，所以我说可能图片与真实有出入，但肯定有这样的人",
            "time": "20-3-16 21:10"
        },
        {
            "comment id": 40,
            "parent": -1,
            "children": [
                41
            ],
            "user id": "1108791603",
            "user name": "小蚂蚁顺",
            "content": "回来看病交钱，不要隐瞒过程配合隔离，不要坏了我们辛辛苦苦维护的局面",
            "time": "20-3-15 21:49"
        },
        {
            "comment id": 41,
            "parent": 40,
            "children": [],
            "user id": "6157746567",
            "user name": "米罗不是散客",
            "content": "国内资源有限，干嘛非要回来？",
            "time": "20-3-17 18:25"
        },
        {
            "comment id": 42,
            "parent": -1,
            "children": [
                43,
                44
            ],
            "user id": "6268674864",
            "user name": "sulphur-bentely",
            "content": "我朋友圈一个留美本科生说，我爸妈交了钱凭什么国家不给我报销？我真是服了，这种人也配是中国人？",
            "time": "20-3-16 11:28"
        },
        {
            "comment id": 43,
            "parent": 42,
            "children": [],
            "user id": "2651786001",
            "user name": "牛排爱丸子_692",
            "content": "这种人首先从法律角度是文盲，从伦理道德角度是流氓，相当于他连不问自取便是偷的道理都不懂",
            "time": "20-3-17 09:43"
        },
        {
            "comment id": 44,
            "parent": 42,
            "children": [],
            "user id": "5840383630",
            "user name": "茉荼be",
            "content": "披着华人躯壳的j洋鬼子呗",
            "time": "20-3-16 19:09"
        },
        {
            "comment id": 45,
            "parent": -1,
            "children": [],
            "user id": "5825612452",
            "user name": "你可拉倒吧yyz",
            "content": "请把这不要脸的东西的账号公布出来，让大家好好去骂一顿。",
            "time": "20-3-17 15:42"
        },
        {
            "comment id": 46,
            "parent": -1,
            "children": [],
            "user id": "2270611345",
            "user name": "南洁馨ing",
            "content": "假的，搏眼球",
            "time": "20-3-17 15:41"
        },
        {
            "comment id": 47,
            "parent": -1,
            "children": [],
            "user id": "2157993353",
            "user name": "ustyyy",
            "content": "回美国吧",
            "time": "20-3-17 15:39"
        },
        {
            "comment id": 48,
            "parent": -1,
            "children": [],
            "user id": "6634650713",
            "user name": "火线全雷达CF",
            "content": "这是不是假新闻啊？",
            "time": "20-3-17 15:36"
        },
        {
            "comment id": 49,
            "parent": -1,
            "children": [],
            "user id": "5721083748",
            "user name": "云雁难回",
            "content": "他一个外国人怎么好意思让我们国家给他免费治病？",
            "time": "20-3-17 15:22"
        },
        {
            "comment id": 50,
            "parent": -1,
            "children": [],
            "user id": "1656288080",
            "user name": "fengfeng216",
            "content": "可以跟上帝投诉",
            "time": "20-3-17 15:19"
        },
        {
            "comment id": 51,
            "parent": -1,
            "children": [],
            "user id": "1426919375",
            "user name": "风音沙印",
            "content": "是假的吗？因为没人能从头到尾说的话都这么欠揍",
            "time": "20-3-17 15:18"
        },
        {
            "comment id": 52,
            "parent": -1,
            "children": [],
            "user id": "3816454541",
            "user name": "八一年初秋MXH",
            "content": "给他买一张回美国的机票，钱我出",
            "time": "20-3-17 15:17"
        },
        {
            "comment id": 53,
            "parent": -1,
            "children": [],
            "user id": "1879209903",
            "user name": "犇哼哼",
            "content": "这些人都是超级不要脸，免费治疗是针对我们中国公民，你算哪根葱，你还有脸投诉，中国完全可以把你驱逐出境。",
            "time": "20-3-17 15:15"
        },
        {
            "comment id": 54,
            "parent": -1,
            "children": [],
            "user id": "1934694404",
            "user name": "徐静snow1",
            "content": "当然自费，我们的工资还不急他的九牛一毛，还给他免费用我们的纳税钱？搞笑",
            "time": "20-3-17 15:15"
        },
        {
            "comment id": 55,
            "parent": -1,
            "children": [],
            "user id": "2328693681",
            "user name": "HugYooo",
            "content": "最近确实很多国外回来的人要求买医保",
            "time": "20-3-17 15:08"
        },
        {
            "comment id": 56,
            "parent": -1,
            "children": [],
            "user id": "1670832965",
            "user name": "法兰克5266",
            "content": "不要脸",
            "time": "20-3-17 14:52"
        },
        {
            "comment id": 57,
            "parent": -1,
            "children": [],
            "user id": "5646554235",
            "user name": "落入心空",
            "content": "国外不是天天免费医疗吗？",
            "time": "20-3-17 14:38"
        },
        {
            "comment id": 58,
            "parent": -1,
            "children": [],
            "user id": "7300508268",
            "user name": "小程小婷333",
            "content": "这时候回来的怎么好多都是洋垃圾又奇葩",
            "time": "20-3-17 14:24"
        },
        {
            "comment id": 59,
            "parent": -1,
            "children": [],
            "user id": "5882150890",
            "user name": "朴之微笑",
            "content": "你知道现在有大批留学生在买农保吗",
            "time": "20-3-17 13:49"
        },
        {
            "comment id": 60,
            "parent": -1,
            "children": [],
            "user id": "1040763185",
            "user name": "用户tkm2wp5dld",
            "content": "美国人这么会占便宜！",
            "time": "20-3-17 13:20"
        },
        {
            "comment id": 61,
            "parent": -1,
            "children": [],
            "user id": "2363675984",
            "user name": "nnnniier",
            "content": "@一只奔跑的猪猪猪猪猪",
            "time": "20-3-17 13:10"
        },
        {
            "comment id": 62,
            "parent": -1,
            "children": [],
            "user id": "3085129617",
            "user name": "阿北皇额娘",
            "content": "这脑子真会转，不愧出过国的.",
            "time": "20-3-17 13:03"
        },
        {
            "comment id": 63,
            "parent": -1,
            "children": [],
            "user id": "3265525232",
            "user name": "苏小朵的秘密花园",
            "content": "怎么不要脸的人越来越多了……",
            "time": "20-3-17 12:58"
        },
        {
            "comment id": 64,
            "parent": -1,
            "children": [],
            "user id": "5387533986",
            "user name": "小猪麻麻与小猪",
            "content": "这一家三口是哪里人",
            "time": "20-3-17 12:58"
        },
        {
            "comment id": 65,
            "parent": -1,
            "children": [],
            "user id": "3160497183",
            "user name": "愿风裁尘_ly",
            "content": "不可以",
            "time": "20-3-17 11:09"
        },
        {
            "comment id": 66,
            "parent": -1,
            "children": [],
            "user id": "3790813991",
            "user name": "时光刺",
            "content": "还爱心筹，得个肺炎脑子也烧坏了吗？",
            "time": "20-3-17 10:56"
        },
        {
            "comment id": 67,
            "parent": -1,
            "children": [],
            "user id": "2483421512",
            "user name": "浮世浮城sun",
            "content": "不要脸到一定境界了",
            "time": "20-3-17 10:48"
        },
        {
            "comment id": 68,
            "parent": -1,
            "children": [],
            "user id": "6255826497",
            "user name": "Mr__岩",
            "content": "这么狗",
            "time": "20-3-17 10:48"
        },
        {
            "comment id": 69,
            "parent": -1,
            "children": [],
            "user id": "1964515785",
            "user name": "杜武杰艺者无涯",
            "content": "真是恬不知耻。此生入华夏，誓死要爱我中华！不要打着幌子增加国人负担，中国胸怀博大，但爱憎分明还是要有的，因为都是人。",
            "time": "20-3-17 10:39"
        },
        {
            "comment id": 70,
            "parent": -1,
            "children": [],
            "user id": "1849984985",
            "user name": "云葬花璐",
            "content": "你捐赠钱给他治疗 反正也没有多少钱",
            "time": "20-3-17 10:36"
        },
        {
            "comment id": 71,
            "parent": -1,
            "children": [],
            "user id": "5671741103",
            "user name": "超哥的小媳妇V5",
            "content": "该告他恶意传播！",
            "time": "20-3-17 10:24"
        },
        {
            "comment id": 72,
            "parent": -1,
            "children": [],
            "user id": "2010242901",
            "user name": "2ndlife2014",
            "content": "这明显是编出来骗流量的",
            "time": "20-3-17 09:48"
        },
        {
            "comment id": 73,
            "parent": -1,
            "children": [],
            "user id": "1872033797",
            "user name": "CyLike小柏",
            "content": "这时候想起祖国了？真是恬不知耻！",
            "time": "20-3-17 09:39"
        },
        {
            "comment id": 74,
            "parent": -1,
            "children": [],
            "user id": "5978829540",
            "user name": "爱青海民宿",
            "content": "什么人适合什么国度，这人既自私又阴暗的人确实适合绿卡，而且不要脸也是传承的。",
            "time": "20-3-17 09:36"
        },
        {
            "comment id": 75,
            "parent": -1,
            "children": [],
            "user id": "2194771124",
            "user name": "向像向向日葵",
            "content": "假新闻啊。。。发什么发",
            "time": "20-3-17 09:31"
        },
        {
            "comment id": 76,
            "parent": -1,
            "children": [],
            "user id": "2530272443",
            "user name": "爱游泳的懒猫",
            "content": "这文章编的这么假也有人信",
            "time": "20-3-17 09:00"
        },
        {
            "comment id": 77,
            "parent": -1,
            "children": [],
            "user id": "1964077551",
            "user name": "清晰吧铁子",
            "content": "在中国土生土长的美国人",
            "time": "20-3-17 08:58"
        },
        {
            "comment id": 78,
            "parent": -1,
            "children": [],
            "user id": "3942657667",
            "user name": "好久TA不見",
            "content": "给阿姨倒一杯卡布奇诺",
            "time": "20-3-17 08:58"
        },
        {
            "comment id": 79,
            "parent": -1,
            "children": [],
            "user id": "2874706915",
            "user name": "蓝小鱼-YJ",
            "content": "自己出费用，赞一个两个白眼狼",
            "time": "20-3-17 08:51"
        },
        {
            "comment id": 80,
            "parent": -1,
            "children": [],
            "user id": "2573105197",
            "user name": "淡定的Joan",
            "content": "可以在美国寻求帮助，中国不是不帮助你，但你自私自利千里传播病毒，可耻",
            "time": "20-3-17 08:47"
        },
        {
            "comment id": 81,
            "parent": -1,
            "children": [],
            "user id": "5020068854",
            "user name": "Frequency_52Hertz",
            "content": "#临时性中国人#",
            "time": "20-3-17 08:40"
        },
        {
            "comment id": 82,
            "parent": -1,
            "children": [],
            "user id": "5621128291",
            "user name": "请叫我小飞侠呀",
            "content": "滚回美国去吧",
            "time": "20-3-17 08:33"
        },
        {
            "comment id": 83,
            "parent": -1,
            "children": [],
            "user id": "1239662207",
            "user name": "叫个嘛",
            "content": "？转自网友私信？？？？？这不是编的故事吗？",
            "time": "20-3-17 08:21"
        },
        {
            "comment id": 84,
            "parent": -1,
            "children": [],
            "user id": "3627403064",
            "user name": "6冰儿冰儿6",
            "content": "自私自利的人好可怕，没有人欠你。这时候想起祖国了？",
            "time": "20-3-17 08:17"
        },
        {
            "comment id": 85,
            "parent": -1,
            "children": [],
            "user id": "2706151045",
            "user name": "慕斯蛋糕归来",
            "content": "没义务医治他们，这些人就是太不要脸",
            "time": "20-3-17 08:07"
        },
        {
            "comment id": 86,
            "parent": -1,
            "children": [],
            "user id": "5593773352",
            "user name": "歌歌子003",
            "content": "外国人永久居留条例才应该。。。。。。",
            "time": "20-3-17 08:02"
        },
        {
            "comment id": 87,
            "parent": -1,
            "children": [],
            "user id": "5653790208",
            "user name": "lack玻璃吻",
            "content": "真的是够了，还有脸说投诉！请问要脸吗？",
            "time": "20-3-17 07:58"
        },
        {
            "comment id": 88,
            "parent": -1,
            "children": [],
            "user id": "2826773482",
            "user name": "漫慢远兮",
            "content": "这条杜撰的，沙雕营销号还发",
            "time": "20-3-17 07:35"
        },
        {
            "comment id": 89,
            "parent": -1,
            "children": [],
            "user id": "6568563258",
            "user name": "hyk12849",
            "content": "他还有脸说出来",
            "time": "20-3-17 07:23"
        },
        {
            "comment id": 90,
            "parent": -1,
            "children": [],
            "user id": "6406315124",
            "user name": "一片湖一棵树",
            "content": "这种人毕竟是少数",
            "time": "20-3-17 07:21"
        },
        {
            "comment id": 91,
            "parent": -1,
            "children": [],
            "user id": "3516732185",
            "user name": "z萌meng",
            "content": "这人怕不是一个傻子吧",
            "time": "20-3-17 07:21"
        },
        {
            "comment id": 92,
            "parent": -1,
            "children": [],
            "user id": "2643406852",
            "user name": "胡艳乱遇",
            "content": "那么快就叛国了？",
            "time": "20-3-17 07:09"
        },
        {
            "comment id": 93,
            "parent": -1,
            "children": [],
            "user id": "2181058107",
            "user name": "孙小弟吃西瓜",
            "content": "假的，已经辟谣了",
            "time": "20-3-17 07:06"
        },
        {
            "comment id": 94,
            "parent": -1,
            "children": [],
            "user id": "6112651281",
            "user name": "PKmao2022",
            "content": "真的吗",
            "time": "20-3-17 07:04"
        },
        {
            "comment id": 95,
            "parent": -1,
            "children": [],
            "user id": "1866523033",
            "user name": "nananers",
            "content": "编的吧这是？美国怎么能没有退烧药？",
            "time": "20-3-17 06:59"
        },
        {
            "comment id": 96,
            "parent": -1,
            "children": [],
            "user id": "6352414956",
            "user name": "阡陌顺子",
            "content": "你哪来的优越性",
            "time": "20-3-17 06:58"
        },
        {
            "comment id": 97,
            "parent": -1,
            "children": [],
            "user id": "2308948643",
            "user name": "玖天玄雷",
            "content": "打美国大使馆电话可以投诉",
            "time": "20-3-17 02:35"
        },
        {
            "comment id": 98,
            "parent": -1,
            "children": [],
            "user id": "2676590324",
            "user name": "怎奈何无人了解",
            "content": "这么假的你们也信，编的漏洞百出",
            "time": "20-3-17 02:18"
        },
        {
            "comment id": 99,
            "parent": -1,
            "children": [],
            "user id": "2246943263",
            "user name": "渣渣_毓",
            "content": "谁给我骂醒他",
            "time": "20-3-17 02:15"
        },
        {
            "comment id": 100,
            "parent": -1,
            "children": [],
            "user id": "3798559927",
            "user name": "吃泡面的张无忌",
            "content": "我出个主意，全家直接挖坑埋了，简单明了",
            "time": "20-3-17 02:02"
        },
        {
            "comment id": 101,
            "parent": -1,
            "children": [],
            "user id": "5398045829",
            "user name": "篮球的那四根条",
            "content": "假的，已经作者已经承认是为了流量编的故事了",
            "time": "20-3-17 01:47"
        },
        {
            "comment id": 102,
            "parent": -1,
            "children": [],
            "user id": "5656609513",
            "user name": "吃货无敌喵",
            "content": "必须转！",
            "time": "20-3-17 01:45"
        },
        {
            "comment id": 103,
            "parent": -1,
            "children": [],
            "user id": "2715779653",
            "user name": "赵大仙要下凡_zc",
            "content": "gun滚",
            "time": "20-3-17 01:35"
        },
        {
            "comment id": 104,
            "parent": -1,
            "children": [],
            "user id": "3174956211",
            "user name": "小郭有点甜9494",
            "content": "爱心筹是吧，捐！我捐三付薄棺",
            "time": "20-3-17 01:35"
        },
        {
            "comment id": 105,
            "parent": -1,
            "children": [],
            "user id": "5940692935",
            "user name": "童文娟5705",
            "content": "滚回你的美国，滚！！！",
            "time": "20-3-17 01:33"
        },
        {
            "comment id": 106,
            "parent": -1,
            "children": [],
            "user id": "2174340577",
            "user name": "蔷薇满架-1122",
            "content": "请滚回你的祖国！",
            "time": "20-3-17 01:32"
        },
        {
            "comment id": 107,
            "parent": -1,
            "children": [],
            "user id": "5319889191",
            "user name": "荣05617",
            "content": "问题是这世道就是这样的人活得都不差",
            "time": "20-3-17 01:24"
        },
        {
            "comment id": 108,
            "parent": -1,
            "children": [],
            "user id": "2698792772",
            "user name": "成宇軒520",
            "content": "还TM想募捐，想啥呢想多了吧",
            "time": "20-3-17 01:23"
        },
        {
            "comment id": 109,
            "parent": -1,
            "children": [],
            "user id": "6470260762",
            "user name": "a心语8850",
            "content": "脸特么比地球大，你咋不死国外呢",
            "time": "20-3-17 01:21"
        },
        {
            "comment id": 110,
            "parent": -1,
            "children": [],
            "user id": "6611697288",
            "user name": "小武哥你的世界我来过",
            "content": "我捐！我捐个屁",
            "time": "20-3-17 01:19"
        },
        {
            "comment id": 111,
            "parent": -1,
            "children": [],
            "user id": "5018821353",
            "user name": "GDrgnXX",
            "content": "滚你🐎13 宁怎么不去💩",
            "time": "20-3-17 01:19"
        },
        {
            "comment id": 112,
            "parent": -1,
            "children": [],
            "user id": "6203790637",
            "user name": "Paradxxx",
            "content": "撸社会主义羊毛的高手",
            "time": "20-3-17 01:15"
        },
        {
            "comment id": 113,
            "parent": -1,
            "children": [],
            "user id": "6811850122",
            "user name": "是林染姑娘啊",
            "content": "有病有病。还吃退烧药，没有脑子的人，没有脑子的人。回到你的祖国去，我们中国不养洋大爷",
            "time": "20-3-17 01:14"
        },
        {
            "comment id": 114,
            "parent": -1,
            "children": [],
            "user id": "3318517065",
            "user name": "我就是我别太记得",
            "content": "要点脸？",
            "time": "20-3-17 01:06"
        },
        {
            "comment id": 115,
            "parent": -1,
            "children": [],
            "user id": "2678588001",
            "user name": "晒月亮的小瓶盖",
            "content": "就是因为当初嫌弃中国不好，所以拼了命的要成为美国人，现在回来干嘛呢，你也不是中国人了",
            "time": "20-3-17 01:02"
        }
    ]
}