{
    "source": {
        "content": "网传美国鬼子也开始抢口罩了！不管真假，但看起来比任何国家都野蛮，直接上演武戏，绝大多数都是女性打架。张大曦的微博视频 ",
        "time": "20-3-16 00:01",
        "user id": "1455428062",
        "tweet id": "IyMnP5oPl",
        "label": 1,
        "theme": null
    },
    "comment": [
        {
            "comment id": 0,
            "parent": -1,
            "children": [],
            "user id": "1654486975",
            "user name": "龚格尔",
            "content": "这是黑色星期五吧",
            "time": "20-3-16 00:06"
        },
        {
            "comment id": 1,
            "parent": -1,
            "children": [],
            "user id": "5228427934",
            "user name": "叶伶886",
            "content": "干嘛抢口罩，不是有上帝吗？",
            "time": "20-3-16 00:06"
        },
        {
            "comment id": 2,
            "parent": -1,
            "children": [
                3,
                4
            ],
            "user id": "3027114875",
            "user name": "招财大大大橘子",
            "content": "……靠，我们“没素质”的中国人也没几个这样的火爆场面啊？",
            "time": "20-3-16 00:03"
        },
        {
            "comment id": 3,
            "parent": 2,
            "children": [],
            "user id": "5871638762",
            "user name": "拿妖5871638762",
            "content": "从整体世界来看中国绝大多数人民还是很配合政府工作的，所以说一些政府官员别动不动把人民当敌人对待，要善待自己的人民才能和谐社会，",
            "time": "20-3-16 02:13"
        },
        {
            "comment id": 4,
            "parent": 2,
            "children": [],
            "user id": "3027114875",
            "user name": "招财大大大橘子",
            "content": "回复@渣浪再封我号就卸载:就算不是抢口罩，我们当初抢双黄连也没这么狠",
            "time": "20-3-16 00:23"
        },
        {
            "comment id": 5,
            "parent": -1,
            "children": [],
            "user id": "1775726142",
            "user name": "渣浪我最浪",
            "content": "传谣就没意思了",
            "time": "20-3-16 00:12"
        },
        {
            "comment id": 6,
            "parent": -1,
            "children": [],
            "user id": "2255353455",
            "user name": "造假猿121",
            "content": "造谣有意思吗？",
            "time": "20-3-16 06:58"
        },
        {
            "comment id": 7,
            "parent": -1,
            "children": [
                8
            ],
            "user id": "3943290177",
            "user name": "zmdbsxytscyndgydwy",
            "content": "崇洋媚外那些狗腿子怎么不说这是高素质了？",
            "time": "20-3-16 06:43"
        },
        {
            "comment id": 8,
            "parent": 7,
            "children": [],
            "user id": "2238527481",
            "user name": "八尾猫-zjc",
            "content": "这是没素质的中国人在造谣",
            "time": "20-3-16 12:28"
        },
        {
            "comment id": 9,
            "parent": -1,
            "children": [],
            "user id": "7222260836",
            "user name": "Muyun2",
            "content": "假的。",
            "time": "20-3-16 01:34"
        },
        {
            "comment id": 10,
            "parent": -1,
            "children": [],
            "user id": "5463165938",
            "user name": "涅磐许",
            "content": "一看就不是现在的视频",
            "time": "20-3-16 01:34"
        },
        {
            "comment id": 11,
            "parent": -1,
            "children": [],
            "user id": "5633030089",
            "user name": "玉玡溪的树",
            "content": "加个狗头啦！",
            "time": "20-3-16 01:40"
        },
        {
            "comment id": 12,
            "parent": -1,
            "children": [],
            "user id": "6365967904",
            "user name": "莹莹6851",
            "content": "小孩子好可怜",
            "time": "20-3-16 00:49"
        },
        {
            "comment id": 13,
            "parent": -1,
            "children": [],
            "user id": "2918986540",
            "user name": "眼力同学",
            "content": "你的良心呢？传谣！已举报！",
            "time": "20-3-16 00:39"
        },
        {
            "comment id": 14,
            "parent": -1,
            "children": [],
            "user id": "1564474197",
            "user name": "红黑军团小青年",
            "content": "转发微博",
            "time": "20-3-16 00:23"
        },
        {
            "comment id": 15,
            "parent": -1,
            "children": [],
            "user id": "1623800774",
            "user name": "森知远",
            "content": "传谣好玩吗",
            "time": "20-3-16 00:36"
        },
        {
            "comment id": 16,
            "parent": -1,
            "children": [],
            "user id": "2974525210",
            "user name": "含龢履中",
            "content": "拍电影的吧",
            "time": "20-3-19 16:50"
        },
        {
            "comment id": 17,
            "parent": -1,
            "children": [],
            "user id": "5873082206",
            "user name": "名字很长真的很长",
            "content": "呵呵，黑色星期五。你要说抢口罩。",
            "time": "20-3-16 08:31"
        },
        {
            "comment id": 18,
            "parent": -1,
            "children": [],
            "user id": "1893688290",
            "user name": "铁列平",
            "content": "这个应该是以前黑五打折的时候",
            "time": "20-3-16 02:20"
        },
        {
            "comment id": 19,
            "parent": -1,
            "children": [],
            "user id": "2010896957",
            "user name": "bismack1984",
            "content": "这个是感恩节假期黑色星期五的抢购视频",
            "time": "20-3-16 00:12"
        }
    ]
}