{
    "source": {
        "content": "一分钟前收到：\n特朗普在讲台上出状况了，被架下去了。架他的人也传染上了！特朗普刚刚晕了！快讯！美国总统唐纳德 特朗普先生确诊为冠状病毒正在医院接受治疗，总统职务由副总统彭斯接替。美国全国上下一片恐慌。许多持有中国签证的美国人正在争抢前往中国的航班，飞机票是平时的十倍。  网页链接",
        "time": "20-3-16 15:16",
        "user id": "1265919195",
        "tweet id": "IySnlgROR",
        "label": 1,
        "theme": null
    },
    "comment": [
        {
            "comment id": 0,
            "parent": -1,
            "children": [],
            "user id": "5611441475",
            "user name": "童话2115",
            "content": "假消息！2016年的。",
            "time": "20-3-16 16:28"
        },
        {
            "comment id": 1,
            "parent": -1,
            "children": [
                2
            ],
            "user id": "3297169162",
            "user name": "杭州甜蜜时光法师甜品导师CIci",
            "content": "真的惊了，真的假的",
            "time": "20-3-16 15:18"
        },
        {
            "comment id": 2,
            "parent": 1,
            "children": [],
            "user id": "1265919195",
            "user name": "老矿长的博客",
            "content": "真假自辩！",
            "time": "20-3-16 15:21"
        },
        {
            "comment id": 3,
            "parent": -1,
            "children": [],
            "user id": "1693143781",
            "user name": "索拉的记忆",
            "content": "这种级别的新闻 不是官方发的都有待斟酌",
            "time": "20-3-16 15:24"
        },
        {
            "comment id": 4,
            "parent": -1,
            "children": [],
            "user id": "1594316101",
            "user name": "程尼玛v",
            "content": " ",
            "time": "20-3-16 15:19"
        },
        {
            "comment id": 5,
            "parent": -1,
            "children": [],
            "user id": "2248436284",
            "user name": "我是轻吟浅笑",
            "content": "真的假的",
            "time": "20-3-16 15:18"
        },
        {
            "comment id": 6,
            "parent": -1,
            "children": [],
            "user id": "5209162611",
            "user name": "FYIC_YY",
            "content": "此内容为不实消息，已处理。",
            "time": "20-3-16 20:05"
        },
        {
            "comment id": 7,
            "parent": -1,
            "children": [],
            "user id": "2947252413",
            "user name": "双皮奶加爆爆珠",
            "content": "插个flag看看消息真假",
            "time": "20-3-16 15:17"
        }
    ]
}