{
    "source": {
        "content": "#马来西亚疫情#马来西亚式治病毒，大师这套手法非常熟练，一气呵成，太精彩了！\n据当地新闻说，在此之后，此名大师因接触了新冠肺炎患者，而且并没有做好防护措施，不幸感染。\n我都替大师想好了说法，治好了之后，没有人比我再了解这个病毒了，我是在以身试毒。你们还有啥更好的说法吗？ 第二镜头的微博视频",
        "time": "20-3-17 10:48",
        "user id": "6042105223",
        "tweet id": "Iz02W5Tpd",
        "label": 1,
        "theme": null
    },
    "comment": [
        {
            "comment id": 0,
            "parent": -1,
            "children": [],
            "user id": "2698423291",
            "user name": "_richsun",
            "content": "已确认是假视频好久",
            "time": "20-3-17 10:58"
        },
        {
            "comment id": 1,
            "parent": -1,
            "children": [],
            "user id": "1307609753",
            "user name": "蛋蛋艾桑",
            "content": "@我胡啦",
            "time": "20-3-17 11:02"
        },
        {
            "comment id": 2,
            "parent": -1,
            "children": [],
            "user id": "1794053371",
            "user name": "超人酸",
            "content": "老视频了，不要乱传播",
            "time": "20-3-17 10:58"
        },
        {
            "comment id": 3,
            "parent": -1,
            "children": [],
            "user id": "1929941115",
            "user name": "和乐的恺",
            "content": "围观的人都在笑，你是真傻假傻？",
            "time": "20-3-17 11:47"
        },
        {
            "comment id": 4,
            "parent": -1,
            "children": [],
            "user id": "5888567685",
            "user name": "Grace是kuku",
            "content": "假的",
            "time": "20-3-17 11:00"
        },
        {
            "comment id": 5,
            "parent": -1,
            "children": [],
            "user id": "6126732385",
            "user name": "我居然拢龙了",
            "content": "那个戴白色帽子的是在做法吗？",
            "time": "20-3-17 10:59"
        },
        {
            "comment id": 6,
            "parent": -1,
            "children": [],
            "user id": "5140117713",
            "user name": "书上的尘",
            "content": "这玩意能进医院？",
            "time": "20-3-17 10:56"
        },
        {
            "comment id": 7,
            "parent": -1,
            "children": [],
            "user id": "5121410799",
            "user name": "刺客孟德",
            "content": "都不戴口罩，这个法师将成为超级传播者，到时真的法力无边。",
            "time": "20-3-17 11:12"
        }
    ]
}