{
    "source": {
        "content": "美国的10艘医疗军舰已经开进纽约港，每艘船上有1000张病床，上面拥有所有的医疗抢救设施，每艘船相当于一个雷神山医院。—— 没想到第三次世界大战就这样开始了，是人类对病毒的战争。美国这个储备，当真是打仗的架势啊，谁会想到会在军舰上建立这么多病房。明显就是为了远程作战时候的准备。如果不是这次病毒，谁能想到人家的底牌，我们一直以为十天建一个医院就很牛了，结果人家一下子就来了十艘，还是早有准备的[捂脸]（张晓旗） 老北京文化酒的微博视频",
        "time": "20-3-21 15:43",
        "user id": "1343174413",
        "tweet id": "IzDH0p22z",
        "label": 1,
        "theme": null
    },
    "comment": [
        {
            "comment id": 0,
            "parent": -1,
            "children": [
                1,
                3
            ],
            "user id": "3206467181",
            "user name": "煎bingo子加油条",
            "content": "谣言没成本？没脑子",
            "time": "20-3-21 15:52"
        },
        {
            "comment id": 1,
            "parent": 0,
            "children": [],
            "user id": "1343174413",
            "user name": "老北京文化酒",
            "content": "回复@大鹰爱米饭:没办法，你这猪眼性质决定了你看什么都是都像猪！",
            "time": "20-3-24 09:52"
        },
        {
            "comment id": 2,
            "parent": 3,
            "children": [],
            "user id": "3206467181",
            "user name": "煎bingo子加油条",
            "content": "回复@老北京文化酒:对 你这猪脑哈哈哈",
            "time": "20-3-23 12:17"
        },
        {
            "comment id": 3,
            "parent": 0,
            "children": [
                2
            ],
            "user id": "1343174413",
            "user name": "老北京文化酒",
            "content": "我这猪脑长到你肩膀上了，你可以用手摸摸你的大耳朵！",
            "time": "20-3-23 12:16"
        },
        {
            "comment id": 4,
            "parent": -1,
            "children": [
                5
            ],
            "user id": "5446724410",
            "user name": "打南边来了个喇嘛_41676",
            "content": "你捧臭脚的样子真难看！",
            "time": "20-3-22 08:22"
        },
        {
            "comment id": 5,
            "parent": 4,
            "children": [],
            "user id": "1343174413",
            "user name": "老北京文化酒",
            "content": "大国小民，就是自己的好，看到别人好就羡慕嫉妒恨，但是却把获得绿卡为荣，把自己孩子送到那里为傲，出国定居首选，背后说三道四，见面低三下四，典型的奴才相！",
            "time": "20-3-23 12:14"
        },
        {
            "comment id": 6,
            "parent": -1,
            "children": [],
            "user id": "1366461174",
            "user name": "井中泱_sy",
            "content": "请问群号多少？我也想恰饭。",
            "time": "20-3-21 16:38"
        },
        {
            "comment id": 7,
            "parent": -1,
            "children": [],
            "user id": "7388216827",
            "user name": "云水禅心03581",
            "content": "其中八艘是公知送的",
            "time": "20-3-21 16:07"
        },
        {
            "comment id": 8,
            "parent": -1,
            "children": [],
            "user id": "2695848951",
            "user name": "绰号宝鸡",
            "content": "造谣传谣不好",
            "time": "20-3-21 15:46"
        }
    ]
}