{
    "source": {
        "content": "我发表了头条文章:《美国版“火神山”：美军开进加州改建临时医院；10艘医疗船进纽约海域》  ",
        "time": "20-3-22 07:44",
        "user id": "6215146106",
        "tweet id": "IzJYPBvoc",
        "label": 1,
        "theme": null
    },
    "comment": [
        {
            "comment id": 0,
            "parent": -1,
            "children": [],
            "user id": "1157413740",
            "user name": "一騳千囍",
            "content": "#美国日增新冠肺炎病例超5千#，#美国累计确诊升至24148例#美国火神山来了，但不是抄中国的作业",
            "time": "20-3-22 07:49"
        },
        {
            "comment id": 1,
            "parent": -1,
            "children": [],
            "user id": "6547145774",
            "user name": "对某人呵呵呵呵的博主",
            "content": "只有2艘啊",
            "time": "20-3-22 09:15"
        },
        {
            "comment id": 2,
            "parent": -1,
            "children": [],
            "user id": "1497030244",
            "user name": "钱涵蕾",
            "content": "能告诉我哪十艘啊？我也可以说二十艘，对伐。",
            "time": "20-3-22 09:05"
        },
        {
            "comment id": 3,
            "parent": -1,
            "children": [],
            "user id": "1959338593",
            "user name": "某小北北",
            "content": "太羡慕了，一直发啊一直发",
            "time": "20-3-22 09:21"
        },
        {
            "comment id": 4,
            "parent": -1,
            "children": [],
            "user id": "2146857914",
            "user name": "四散的水滴",
            "content": "不愧是公知，说的话就是有道理",
            "time": "20-3-22 08:38"
        },
        {
            "comment id": 5,
            "parent": -1,
            "children": [],
            "user id": "6367109461",
            "user name": "ykyl9999",
            "content": "美国🇺🇸 不用大家担心",
            "time": "20-3-22 08:09"
        },
        {
            "comment id": 6,
            "parent": -1,
            "children": [],
            "user id": "1673177284",
            "user name": "Mr-Yuzou",
            "content": "十艘医疗船？哈哈哈哈哈",
            "time": "20-3-22 08:03"
        },
        {
            "comment id": 7,
            "parent": -1,
            "children": [],
            "user id": "2607842651",
            "user name": "o雨潇o",
            "content": "疯狂印钞，国民发补贴，国内爽啦，全世界人民遭殃",
            "time": "20-3-22 07:57"
        },
        {
            "comment id": 8,
            "parent": -1,
            "children": [],
            "user id": "6345792550",
            "user name": "九州一抹红",
            "content": "美国十艘医疗船，八艘停在朋友圈",
            "time": "20-3-23 16:56"
        },
        {
            "comment id": 9,
            "parent": -1,
            "children": [],
            "user id": "6034800154",
            "user name": "被遗忘的战争45324",
            "content": "你能不逗了吗 ，美国一共就两艘医疗船，那八艘您造的?而且只能进行战地救护等外科手术，床上连隔离室都没有，都是大通铺，当方舱医院还行，当传染病医院，疯了吧？",
            "time": "20-3-24 13:06"
        },
        {
            "comment id": 10,
            "parent": -1,
            "children": [],
            "user id": "6221270850",
            "user name": "不准右转",
            "content": "这真的是公知啊xswl",
            "time": "20-3-26 20:09"
        },
        {
            "comment id": 11,
            "parent": -1,
            "children": [],
            "user id": "6991323599",
            "user name": "贰18660",
            "content": "确实是公知啊笑死我了",
            "time": "20-3-25 16:23"
        },
        {
            "comment id": 12,
            "parent": -1,
            "children": [],
            "user id": "2415659881",
            "user name": "乐正丶诗韵",
            "content": "舒适号还要45天才能到纽约 仁慈号要5-10天才能到西雅图，如果到时候能派的上大用场对美国真的是个糟糕的消息！",
            "time": "20-3-25 04:30"
        },
        {
            "comment id": 13,
            "parent": -1,
            "children": [],
            "user id": "7082927959",
            "user name": "蓝色圣海伦68221",
            "content": "美国舔狗无限造谣，给它美国爹洗地，树立它美爹的光辉形象。",
            "time": "20-3-24 22:53"
        },
        {
            "comment id": 14,
            "parent": -1,
            "children": [],
            "user id": "5893464075",
            "user name": "赫苯天明",
            "content": "他已经out了，现在已经是50艘医疗船了。从2艘变成10艘，现在又有说50艘，这2艘船难道一公一母？",
            "time": "20-3-24 12:21"
        },
        {
            "comment id": 15,
            "parent": -1,
            "children": [],
            "user id": "1913859164",
            "user name": "侯布斯",
            "content": "搞不懂，都到这地步了，还要拼了命的去舔，到底图个啥",
            "time": "20-3-22 11:17"
        },
        {
            "comment id": 16,
            "parent": -1,
            "children": [],
            "user id": "3931053924",
            "user name": "vir_life",
            "content": "标题就是错的，没有十艘。而且说什么检测的充足检测的优先级更是让人觉得是在平行时空里：川普日前在谈到权贵优先检测时说这或许就是生活吧，对比文章啧啧啧",
            "time": "20-3-22 08:36"
        }
    ]
}