{
    "source": {
        "content": "英国疫情爆发，黑人区开始骚动 #意大利# #在美华人囤积20把枪自卫#  冷面大湿兄的微博视频 ",
        "time": "20-3-22 08:43",
        "user id": "6675770408",
        "tweet id": "IzKmSosSY",
        "label": 1,
        "theme": null
    },
    "comment": [
        {
            "comment id": 0,
            "parent": -1,
            "children": [
                1,
                2,
                3,
                4,
                5,
                6
            ],
            "user id": "5288575647",
            "user name": "W9瑶",
            "content": "外国人永久居住条例绝对不能通过，如果他们在中国境内这样，中国的社会会变成什么样子？想想都可怕",
            "time": "20-3-22 08:48"
        },
        {
            "comment id": 1,
            "parent": 0,
            "children": [],
            "user id": "7185668540",
            "user name": "11月19报名99730",
            "content": "回复@种花家的无敌护卫兔酱:这帮人起来了肤色不一定估计会清算",
            "time": "20-6-2 14:28"
        },
        {
            "comment id": 2,
            "parent": 0,
            "children": [],
            "user id": "2110346407",
            "user name": "给你机会做逗哏",
            "content": "不是种族歧视，真的。我对大部分黑人就没啥好感",
            "time": "20-3-22 09:27"
        },
        {
            "comment id": 3,
            "parent": 0,
            "children": [],
            "user id": "6452023692",
            "user name": "沙寒剑de兔子",
            "content": "广州黑人也乱过",
            "time": "20-3-22 09:25"
        },
        {
            "comment id": 4,
            "parent": 0,
            "children": [],
            "user id": "1270184824",
            "user name": "淡然-淡定",
            "content": "这就是为什么不同意移民的原因，老话说非我族类，其心必异，老祖宗怎么说肯定有其道理。外人在今天中国蒸蒸日上时还不会有太明显社会矛盾，但是一旦经济停滞甚至倒退，那么第一个跳出来暴雷的一定是这些人，且一旦开了口子，天长日久规模到了一定程度，肯定反过来要权利，尾大不掉，成为最大的社会问题",
            "time": "20-3-22 09:22"
        },
        {
            "comment id": 5,
            "parent": 0,
            "children": [],
            "user id": "5935266803",
            "user name": "我是只愿你好",
            "content": "反对票投起，继续，干就完了",
            "time": "20-3-22 09:09"
        },
        {
            "comment id": 6,
            "parent": 0,
            "children": [],
            "user id": "6994052318",
            "user name": "每日一问今天看书考证了吗",
            "content": "看到这些黑人就可怕！还敢让他们来中国居住吗？？？？",
            "time": "20-3-22 09:04"
        },
        {
            "comment id": 7,
            "parent": -1,
            "children": [
                8,
                9,
                10,
                11
            ],
            "user id": "1671678151",
            "user name": "周周小园",
            "content": "这是2011年的视频，别再传了 ",
            "time": "20-3-22 09:07"
        },
        {
            "comment id": 8,
            "parent": 7,
            "children": [],
            "user id": "2967482741",
            "user name": "荒草丛生365",
            "content": "谢谢你╰(*´︶`*)╯",
            "time": "20-3-22 15:21"
        },
        {
            "comment id": 9,
            "parent": 7,
            "children": [],
            "user id": "5424489495",
            "user name": "起床困难户19964",
            "content": "2011年就发生过的暴力事件，现在还敢出外国人永久居留条例，这是脑袋瓦掉了？",
            "time": "20-3-22 10:16"
        },
        {
            "comment id": 10,
            "parent": 7,
            "children": [],
            "user id": "6470465588",
            "user name": "Catsaway",
            "content": "上去",
            "time": "20-3-22 09:10"
        },
        {
            "comment id": 11,
            "parent": 7,
            "children": [],
            "user id": "3895426376",
            "user name": "sun阳光的光sun",
            "content": "举报吧",
            "time": "20-3-22 09:09"
        },
        {
            "comment id": 12,
            "parent": -1,
            "children": [],
            "user id": "7347623009",
            "user name": "抓个屁给你",
            "content": "为了给谁开方便之门不知道，但是这个永久居住条例一出各种渣渣就进来了，大家要维护的是自己的同胞是自己的祖地，真跟英法德似的谁还真的出力？不落寞就怪了。看看科特迪瓦的下场",
            "time": "20-3-22 08:56"
        },
        {
            "comment id": 13,
            "parent": -1,
            "children": [],
            "user id": "1963646223",
            "user name": "周周是小馋喵",
            "content": "一定要提高入境门槛，不能谁想来就来，那样祸害的是中国人自己",
            "time": "20-3-22 08:59"
        },
        {
            "comment id": 14,
            "parent": -1,
            "children": [],
            "user id": "6038191014",
            "user name": "再也不追星了kkk",
            "content": "虽然我们都反对种族歧视，但是对于黑人，是真的……",
            "time": "20-3-22 09:06"
        },
        {
            "comment id": 15,
            "parent": -1,
            "children": [
                16
            ],
            "user id": "2967482741",
            "user name": "荒草丛生365",
            "content": "这是刚刚发生的事吗？",
            "time": "20-3-22 09:01"
        },
        {
            "comment id": 16,
            "parent": 15,
            "children": [],
            "user id": "2967482741",
            "user name": "荒草丛生365",
            "content": "哦，谢谢",
            "time": "20-3-22 15:22"
        },
        {
            "comment id": 17,
            "parent": -1,
            "children": [
                18
            ],
            "user id": "3817475567",
            "user name": "大世界里的小人物_",
            "content": "美国生活真刺激，不仅空气香甜，真人gta也太香了",
            "time": "20-3-22 09:09"
        },
        {
            "comment id": 18,
            "parent": 17,
            "children": [],
            "user id": "5424489495",
            "user name": "起床困难户19964",
            "content": "哈哈哈突然想起之前那个女辣鸡留学生了",
            "time": "20-3-22 10:18"
        },
        {
            "comment id": 19,
            "parent": -1,
            "children": [],
            "user id": "2660874031",
            "user name": "Queen_珠珠",
            "content": "不想种族歧视，但黑人可真是。。。可能基因有缺陷吧。希望国家控制下黑人入境，尤其广州那边，都快闹独立了",
            "time": "20-3-22 09:13"
        },
        {
            "comment id": 20,
            "parent": -1,
            "children": [],
            "user id": "1919694707",
            "user name": "S晨阳",
            "content": "所以，我不愿意外国人在华永居！",
            "time": "20-3-22 09:15"
        },
        {
            "comment id": 21,
            "parent": -1,
            "children": [],
            "user id": "7266964537",
            "user name": "四处找猹的闰土哥",
            "content": "GTA6：猩球崛起 内测版",
            "time": "20-3-22 10:09"
        },
        {
            "comment id": 22,
            "parent": -1,
            "children": [],
            "user id": "5347845775",
            "user name": "啊啊廖",
            "content": "举报",
            "time": "20-3-22 09:26"
        },
        {
            "comment id": 23,
            "parent": -1,
            "children": [],
            "user id": "6454437636",
            "user name": "期待_依九",
            "content": "广东住的30多万个黑人想想就可怕如果30万个人团结一致，这就可怕了",
            "time": "20-3-22 11:45"
        },
        {
            "comment id": 24,
            "parent": -1,
            "children": [],
            "user id": "1805010203",
            "user name": "林紫薇Yoko",
            "content": "举报",
            "time": "20-3-22 10:02"
        },
        {
            "comment id": 25,
            "parent": -1,
            "children": [],
            "user id": "5306760754",
            "user name": "石宠鱼鱼",
            "content": "老人地铁jpg",
            "time": "20-3-22 09:14"
        },
        {
            "comment id": 26,
            "parent": -1,
            "children": [],
            "user id": "2616969320",
            "user name": "Bikoloong",
            "content": "提出外国人永久居住的人想必想到的是希望的样子，但是阴暗的一面似乎没有看到，因为你生活在中国，这些画面难以见得。现在通过病毒肆虐的时候好好看看吧。有话说没有调研就没有发言权，所以童话故事里的你请到现实的世界里清醒吧！",
            "time": "20-3-22 12:04"
        },
        {
            "comment id": 27,
            "parent": -1,
            "children": [],
            "user id": "6100995179",
            "user name": "灭霸余生不悲不喜",
            "content": "造谣判刑",
            "time": "20-3-22 11:33"
        },
        {
            "comment id": 28,
            "parent": -1,
            "children": [],
            "user id": "5656983365",
            "user name": "喏可乂",
            "content": "都辟谣了，还不删视频",
            "time": "20-3-22 11:04"
        },
        {
            "comment id": 29,
            "parent": -1,
            "children": [],
            "user id": "1568341234",
            "user name": "死心塌地爱",
            "content": "香港废青就跟他们学的吧",
            "time": "20-3-22 10:37"
        },
        {
            "comment id": 30,
            "parent": -1,
            "children": [],
            "user id": "6892908041",
            "user name": "tiaergo",
            "content": "真的垃圾营销号唯恐天下不乱，关注就为了骂个人，记得取关和举办。再见",
            "time": "20-3-22 09:42"
        },
        {
            "comment id": 31,
            "parent": -1,
            "children": [],
            "user id": "5863615195",
            "user name": "Hzi邱",
            "content": "nice try",
            "time": "20-3-22 09:19"
        },
        {
            "comment id": 32,
            "parent": -1,
            "children": [],
            "user id": "6461920449",
            "user name": "苏嘿菇",
            "content": "这个好像不是华人的店吧？",
            "time": "20-3-22 09:12"
        },
        {
            "comment id": 33,
            "parent": -1,
            "children": [],
            "user id": "3338165330",
            "user name": "京兆川",
            "content": "绚烂风景线",
            "time": "20-3-22 09:08"
        },
        {
            "comment id": 34,
            "parent": -1,
            "children": [],
            "user id": "1808526663",
            "user name": "哈威Harvey",
            "content": "警车开这么慢啊怕追上犯罪分子吗",
            "time": "20-3-22 09:07"
        },
        {
            "comment id": 35,
            "parent": -1,
            "children": [],
            "user id": "6562596335",
            "user name": "B612行星上的喵星人",
            "content": "黑狗闹事，不接受反驳。",
            "time": "20-3-26 02:02"
        },
        {
            "comment id": 36,
            "parent": -1,
            "children": [],
            "user id": "7193922168",
            "user name": "昔我往矣杨柳依依YB",
            "content": "这就是为什么不能让黑人获得中国的永久居留权。",
            "time": "20-3-22 23:51"
        },
        {
            "comment id": 37,
            "parent": -1,
            "children": [],
            "user id": "3784485493",
            "user name": "bear-小懒",
            "content": "不是歧视黑人。那些瞎了眼的把眼珠子扣出来看看",
            "time": "20-3-24 11:12"
        },
        {
            "comment id": 38,
            "parent": -1,
            "children": [],
            "user id": "2124201701",
            "user name": "westkane",
            "content": "自由   为自由",
            "time": "20-3-23 00:15"
        },
        {
            "comment id": 39,
            "parent": -1,
            "children": [],
            "user id": "6555841656",
            "user name": "物理作业写完了吗",
            "content": "听说这就是我们要引进的高端人才？",
            "time": "20-3-25 08:00"
        },
        {
            "comment id": 40,
            "parent": -1,
            "children": [],
            "user id": "3360730220",
            "user name": "502都用微博",
            "content": "不稳定因素",
            "time": "20-3-23 08:37"
        },
        {
            "comment id": 41,
            "parent": -1,
            "children": [],
            "user id": "5195662450",
            "user name": "匀-匀-的",
            "content": "我终于明白了为什么欧洲关门后橱窗里的商品都收起来了",
            "time": "20-3-22 11:11"
        },
        {
            "comment id": 42,
            "parent": -1,
            "children": [],
            "user id": "6293064748",
            "user name": "站着的农民",
            "content": "黑人只能生活在非洲",
            "time": "20-3-22 10:55"
        },
        {
            "comment id": 43,
            "parent": -1,
            "children": [],
            "user id": "2066240872",
            "user name": "林海啄木鸟",
            "content": "怕个几把 黑人敢在中国闹事 全部斩首",
            "time": "20-3-22 09:34"
        },
        {
            "comment id": 44,
            "parent": -1,
            "children": [],
            "user id": "6562596335",
            "user name": "B612行星上的喵星人",
            "content": "@黑狗",
            "time": "20-3-26 02:02"
        },
        {
            "comment id": 45,
            "parent": -1,
            "children": [],
            "user id": "5379185296",
            "user name": "小庄先森生笙",
            "content": "@radish-soup 好可怕啊",
            "time": "20-3-22 09:40"
        },
        {
            "comment id": 46,
            "parent": -1,
            "children": [],
            "user id": "7405900772",
            "user name": "粉小粉v",
            "content": "凤凰真是及时啊，无时无刻都帮澄清",
            "time": "20-3-22 09:35"
        }
    ]
}