{
    "source": {
        "content": "据说国际航班全部交给上海执行，上海成为唯一国际口岸#中医##健康达人记##中医抗疫第一线# ",
        "time": "20-3-22 11:26",
        "user id": "1655367423",
        "tweet id": "IzLr8BOAl",
        "label": 1,
        "theme": null
    },
    "comment": [
        {
            "comment id": 0,
            "parent": -1,
            "children": [],
            "user id": "1655367423",
            "user name": "中医杨桢",
            "content": "最新消息是十二个机场。",
            "time": "20-3-22 14:35"
        },
        {
            "comment id": 1,
            "parent": -1,
            "children": [],
            "user id": "1719169604",
            "user name": "nancydtt",
            "content": "北京防疫不靠谱",
            "time": "20-3-22 11:55"
        },
        {
            "comment id": 2,
            "parent": -1,
            "children": [],
            "user id": "5663127734",
            "user name": "情绪上树",
            "content": "之前北京的死亡率怎么那么高？杨老师，这个有看法么",
            "time": "20-3-22 16:52"
        },
        {
            "comment id": 3,
            "parent": -1,
            "children": [],
            "user id": "2627676961",
            "user name": "邂逅一九八一",
            "content": "的确，北京实在太差",
            "time": "20-3-22 12:22"
        },
        {
            "comment id": 4,
            "parent": -1,
            "children": [],
            "user id": "1840934852",
            "user name": "雪子的诗酒田园",
            "content": "假的吧",
            "time": "20-3-22 16:37"
        },
        {
            "comment id": 5,
            "parent": -1,
            "children": [],
            "user id": "1819052224",
            "user name": "金牛座的小壳",
            "content": "假新闻",
            "time": "20-3-22 12:29"
        },
        {
            "comment id": 6,
            "parent": -1,
            "children": [],
            "user id": "1861773024",
            "user name": "heiniu2010",
            "content": "2号线危也！",
            "time": "20-3-22 11:56"
        },
        {
            "comment id": 7,
            "parent": -1,
            "children": [],
            "user id": "2874773482",
            "user name": "启人有天",
            "content": "看不到第一条评论，杨教授你也被限流了么？",
            "time": "20-3-22 11:32"
        },
        {
            "comment id": 8,
            "parent": -1,
            "children": [],
            "user id": "5663506922",
            "user name": "怀山药片",
            "content": "",
            "time": "20-3-22 11:47"
        },
        {
            "comment id": 9,
            "parent": -1,
            "children": [],
            "user id": "6873101160",
            "user name": "山野韭菜",
            "content": "北京神仙太多，难搞，当年背景不是水都泼不进去么",
            "time": "20-3-22 13:06"
        },
        {
            "comment id": 10,
            "parent": -1,
            "children": [],
            "user id": "7404878455",
            "user name": "高级灰_D",
            "content": "身处上海的我",
            "time": "20-3-22 11:38"
        }
    ]
}