{
    "source": {
        "content": "#塞尔维亚将国旗与五星红旗系在一起#俄罗斯政府在街上放了800只狮子和老虎来防止民众外出🐯🦁\n战斗民族抗肺炎就是这么朴实无华 ",
        "time": "20-3-22 19:01",
        "user id": "7206907534",
        "tweet id": "IzOpHymAD",
        "label": 1,
        "theme": null
    },
    "comment": [
        {
            "comment id": 0,
            "parent": -1,
            "children": [
                1
            ],
            "user id": "5631902815",
            "user name": "七里夸叉",
            "content": "虽然感觉是假的，但是我真的笑了",
            "time": "20-3-22 20:06"
        },
        {
            "comment id": 1,
            "parent": 0,
            "children": [
                2
            ],
            "user id": "7206907534",
            "user name": "贾德渊的小助理",
            "content": "哈哈哈哈 本来生活压力就够大了 乐一乐",
            "time": "20-3-22 20:06"
        },
        {
            "comment id": 2,
            "parent": 1,
            "children": [],
            "user id": "5631902815",
            "user name": "七里夸叉",
            "content": "回复@贾德渊的小助理:要得要得",
            "time": "20-3-22 20:17"
        },
        {
            "comment id": 3,
            "parent": -1,
            "children": [
                4,
                5
            ],
            "user id": "1809587443",
            "user name": "就系阿狸啊",
            "content": "真的假的🤨",
            "time": "20-3-22 19:03"
        },
        {
            "comment id": 4,
            "parent": 3,
            "children": [],
            "user id": "7206907534",
            "user name": "贾德渊的小助理",
            "content": "战斗民族干的出来",
            "time": "20-3-22 19:13"
        },
        {
            "comment id": 5,
            "parent": 3,
            "children": [],
            "user id": "5861119044",
            "user name": "想退休摆摊",
            "content": "假的",
            "time": "20-3-22 21:40"
        },
        {
            "comment id": 6,
            "parent": -1,
            "children": [
                7,
                8,
                9,
                10,
                12,
                13
            ],
            "user id": "2933249253",
            "user name": "闻君苦夏愁生白发",
            "content": "如果说是放熊我还信，狮子和老虎可不得冷死",
            "time": "20-3-22 19:20"
        },
        {
            "comment id": 7,
            "parent": 6,
            "children": [],
            "user id": "1883192505",
            "user name": "一个正常的称呼",
            "content": "熊:到底是防止人外出还是防止我外出？",
            "time": "20-3-23 13:45"
        },
        {
            "comment id": 8,
            "parent": 6,
            "children": [],
            "user id": "1964169225",
            "user name": "恐龙战队小队长",
            "content": "咋说呢，放熊我反而不信俄罗斯人会抓熊去当宠物吧？？？",
            "time": "20-3-23 01:02"
        },
        {
            "comment id": 9,
            "parent": 6,
            "children": [],
            "user id": "6018888910",
            "user name": "able傑",
            "content": "战斗民族不怕熊， 熊：我不想被抓去打你宠物",
            "time": "20-3-22 22:45"
        },
        {
            "comment id": 10,
            "parent": 6,
            "children": [],
            "user id": "6057354684",
            "user name": "00大G",
            "content": "你不知道东北虎也叫西伯利亚虎吗",
            "time": "20-3-22 22:25"
        },
        {
            "comment id": 11,
            "parent": 13,
            "children": [],
            "user id": "2933249253",
            "user name": "闻君苦夏愁生白发",
            "content": "回复@AsillyB:放了也不敢动啊",
            "time": "20-3-22 19:52"
        },
        {
            "comment id": 12,
            "parent": 6,
            "children": [],
            "user id": "6081530993",
            "user name": "阿迪丶福星高照",
            "content": "熊：我冬眠呢",
            "time": "20-3-22 19:48"
        },
        {
            "comment id": 13,
            "parent": 6,
            "children": [
                11
            ],
            "user id": "5943150919",
            "user name": "AsillyB",
            "content": "那放熊还管用嘛",
            "time": "20-3-22 19:44"
        },
        {
            "comment id": 14,
            "parent": -1,
            "children": [],
            "user id": "1892077743",
            "user name": "Briclecatesia",
            "content": "真的假的😂",
            "time": "20-3-22 19:15"
        },
        {
            "comment id": 15,
            "parent": -1,
            "children": [],
            "user id": "1923349557",
            "user name": "泰委屈",
            "content": "上次看到这图我儿子还在吃奶...俄罗斯全国都没有800只",
            "time": "20-3-22 21:23"
        },
        {
            "comment id": 16,
            "parent": -1,
            "children": [],
            "user id": "1583645571",
            "user name": "消失勒滴杂货铺",
            "content": "虽然感觉是假的，但是这操作真的是66666",
            "time": "20-3-22 21:39"
        },
        {
            "comment id": 17,
            "parent": -1,
            "children": [],
            "user id": "5850191814",
            "user name": "yuuki曦米",
            "content": "卧槽，战斗民族真的绝了",
            "time": "20-3-22 21:29"
        },
        {
            "comment id": 18,
            "parent": -1,
            "children": [],
            "user id": "2548015855",
            "user name": "weiweiyy-",
            "content": "笑死我了 哈哈哈哈哈哈",
            "time": "20-3-22 20:09"
        },
        {
            "comment id": 19,
            "parent": -1,
            "children": [],
            "user id": "2765698591",
            "user name": "润润的阳光",
            "content": "这段子编得像战斗民族的味儿",
            "time": "20-3-23 00:47"
        },
        {
            "comment id": 20,
            "parent": -1,
            "children": [],
            "user id": "6296605021",
            "user name": "超级小欣7",
            "content": "不愧是战斗民族",
            "time": "20-3-22 23:04"
        },
        {
            "comment id": 21,
            "parent": -1,
            "children": [],
            "user id": "3217097301",
            "user name": "草莓鱼哥哥丶",
            "content": "@别动我的蛋挞 厉害了",
            "time": "20-3-22 21:38"
        },
        {
            "comment id": 22,
            "parent": -1,
            "children": [],
            "user id": "5697179038",
            "user name": "AEZAKMI",
            "content": "谣言止于智者",
            "time": "20-3-22 19:57"
        },
        {
            "comment id": 23,
            "parent": -1,
            "children": [],
            "user id": "1746821445",
            "user name": "好难起名字的贝壳",
            "content": "你确定俄罗斯有那么多非洲狮而且还能在俄罗斯活下去？",
            "time": "20-3-22 19:15"
        },
        {
            "comment id": 24,
            "parent": -1,
            "children": [],
            "user id": "2068986402",
            "user name": "free-kaka",
            "content": "假的吧～",
            "time": "20-3-22 19:15"
        },
        {
            "comment id": 25,
            "parent": -1,
            "children": [],
            "user id": "6114179533",
            "user name": "seotak29",
            "content": "且枯燥",
            "time": "20-3-22 19:07"
        },
        {
            "comment id": 26,
            "parent": -1,
            "children": [],
            "user id": "2360546477",
            "user name": "米皮皮的皮卡丘",
            "content": "然后被战斗名族牵回家当成宠物养了",
            "time": "20-3-22 19:08"
        },
        {
            "comment id": 27,
            "parent": -1,
            "children": [],
            "user id": "2730587904",
            "user name": "往北的风海未眠",
            "content": "战斗名族熊都不怕 怕狮子？",
            "time": "20-3-22 23:54"
        },
        {
            "comment id": 28,
            "parent": -1,
            "children": [],
            "user id": "3591451184",
            "user name": "我长不高了kimi",
            "content": "假的",
            "time": "20-3-22 21:46"
        },
        {
            "comment id": 29,
            "parent": -1,
            "children": [],
            "user id": "1893568552",
            "user name": "李兰亭",
            "content": "我就想问问，狮子和老虎还都安全么？",
            "time": "20-3-22 21:39"
        },
        {
            "comment id": 30,
            "parent": -1,
            "children": [],
            "user id": "1369190905",
            "user name": "寸缕相思",
            "content": "@枫月语箫",
            "time": "20-3-22 21:24"
        },
        {
            "comment id": 31,
            "parent": -1,
            "children": [],
            "user id": "1785945813",
            "user name": "橙子馨馨馨",
            "content": "666被逼疯了的节奏",
            "time": "20-3-22 21:20"
        },
        {
            "comment id": 32,
            "parent": -1,
            "children": [],
            "user id": "1446650345",
            "user name": "姜女不尚铅华",
            "content": "怎么收回去？",
            "time": "20-3-22 21:18"
        },
        {
            "comment id": 33,
            "parent": -1,
            "children": [],
            "user id": "2949031690",
            "user name": "弓长之伊凡",
            "content": "额…… 方法不错",
            "time": "20-3-22 21:17"
        },
        {
            "comment id": 34,
            "parent": -1,
            "children": [],
            "user id": "6460754085",
            "user name": "却予宋初",
            "content": "不管是真是假，我先笑为敬",
            "time": "20-3-22 21:07"
        },
        {
            "comment id": 35,
            "parent": -1,
            "children": [],
            "user id": "1909170077",
            "user name": "窗边的小袋鼠",
            "content": "硬核",
            "time": "20-3-22 21:04"
        },
        {
            "comment id": 36,
            "parent": -1,
            "children": [],
            "user id": "3953314158",
            "user name": "Fen90s",
            "content": "突然觉得这个好适合人权自由论的欧洲，好吧，我恶劣了……",
            "time": "20-3-22 20:55"
        },
        {
            "comment id": 37,
            "parent": -1,
            "children": [],
            "user id": "6505397779",
            "user name": "豆爱我",
            "content": "不知道真假，先笑为敬！",
            "time": "20-3-22 20:20"
        },
        {
            "comment id": 38,
            "parent": -1,
            "children": [],
            "user id": "1886376912",
            "user name": "我是丁丁的粉丝",
            "content": "在中国就被红烧了",
            "time": "20-3-22 20:12"
        },
        {
            "comment id": 39,
            "parent": -1,
            "children": [],
            "user id": "6623979546",
            "user name": "无可退让2020",
            "content": "太硬核了，关键它们饿了可咋办",
            "time": "20-3-22 20:11"
        },
        {
            "comment id": 40,
            "parent": -1,
            "children": [],
            "user id": "6223772820",
            "user name": "魟语",
            "content": "@_GeeZ",
            "time": "20-3-22 20:00"
        },
        {
            "comment id": 41,
            "parent": -1,
            "children": [],
            "user id": "6339072017",
            "user name": "Zoomopps",
            "content": "@肉卷妹",
            "time": "20-3-22 19:46"
        },
        {
            "comment id": 42,
            "parent": -1,
            "children": [],
            "user id": "1837423720",
            "user name": "Arrielove",
            "content": "哈哈哈哈哈哈哈不愧是战斗民族",
            "time": "20-3-22 19:27"
        },
        {
            "comment id": 43,
            "parent": -1,
            "children": [],
            "user id": "1828435830",
            "user name": "ZMD333",
            "content": "@晶晶_JY 假的吧",
            "time": "20-3-22 19:20"
        },
        {
            "comment id": 44,
            "parent": -1,
            "children": [],
            "user id": "6921328893",
            "user name": "枪和玫瑰都为你准备好了k",
            "content": "",
            "time": "20-3-22 19:19"
        },
        {
            "comment id": 45,
            "parent": -1,
            "children": [],
            "user id": "2660891665",
            "user name": "可可可爱崽",
            "content": "我笑了",
            "time": "20-3-22 19:03"
        },
        {
            "comment id": 46,
            "parent": -1,
            "children": [],
            "user id": "6068873754",
            "user name": "玉飞6068873754",
            "content": "即使放出来也没吃的呀，不得饿死",
            "time": "20-3-23 00:08"
        },
        {
            "comment id": 47,
            "parent": -1,
            "children": [],
            "user id": "6479324670",
            "user name": "天天6645",
            "content": "造谣吧！恐怖分子行为，举报举报！",
            "time": "20-3-22 22:30"
        },
        {
            "comment id": 48,
            "parent": -1,
            "children": [
                49
            ],
            "user id": "1809039731",
            "user name": "KK842693",
            "content": "@LCJ敬敬",
            "time": "20-3-22 21:42"
        },
        {
            "comment id": 49,
            "parent": 48,
            "children": [],
            "user id": "2961537705",
            "user name": "LCJ敬敬",
            "content": "666",
            "time": "20-3-23 00:29"
        },
        {
            "comment id": 50,
            "parent": -1,
            "children": [],
            "user id": "3897003861",
            "user name": "一吱夜猫",
            "content": "出街逛动物园吗？@努力赶due的皮皮老师",
            "time": "20-3-22 21:18"
        }
    ]
}