{
    "source": {
        "content": "俄罗斯：\n弗拉德米尔·普京在全国各地投放了800只老虎和狮子，以促使人们呆在家里。\n看啊，在中国对那些上街不戴口罩不听劝阻、闯卡的人还有拘留的处罚，在国外直接入虎口、狮子口，根本没有商量的余地。 ",
        "time": "20-3-22 19:08",
        "user id": "1299895577",
        "tweet id": "IzOsCmchx",
        "label": 1,
        "theme": null
    },
    "comment": [
        {
            "comment id": 0,
            "parent": -1,
            "children": [],
            "user id": "6531033741",
            "user name": "心如直弦szc",
            "content": "太狠了",
            "time": "20-3-22 19:40"
        },
        {
            "comment id": 1,
            "parent": -1,
            "children": [],
            "user id": "5620509682",
            "user name": "T_S_G_",
            "content": "假的，很久的图了",
            "time": "20-3-22 20:27"
        },
        {
            "comment id": 2,
            "parent": -1,
            "children": [],
            "user id": "1883517354",
            "user name": "TANELL",
            "content": "假的很",
            "time": "20-3-22 23:28"
        },
        {
            "comment id": 3,
            "parent": -1,
            "children": [],
            "user id": "1848954471",
            "user name": "__THISLove__",
            "content": "狂暴凶狮剧照？",
            "time": "20-3-22 21:53"
        },
        {
            "comment id": 4,
            "parent": -1,
            "children": [],
            "user id": "2501987050",
            "user name": "牛回来",
            "content": "假的",
            "time": "20-3-22 20:36"
        },
        {
            "comment id": 5,
            "parent": -1,
            "children": [],
            "user id": "1277413385",
            "user name": "爱学习的螺丝",
            "content": "可信吗？",
            "time": "20-3-22 19:45"
        }
    ]
}