{
    "source": {
        "content": "美国的10艘医疗军舰已经开进纽约港，每艘船上有1000张病床，上面拥有所有的医疗抢救设施，每艘船相当于一个雷神山医院。在军舰上建这么多病房，明显就是为战争准备的，如果不是这次病毒，也不会透露出来。我们一直以为十天建一个医院就很牛了，结果人家一下子就来十艘医疗军舰。硬实力还是美国厉害。 ",
        "time": "20-3-20 17:03",
        "user id": "3937401027",
        "tweet id": "IzuMHBInA",
        "label": 1,
        "theme": null
    },
    "comment": [
        {
            "comment id": 0,
            "parent": -1,
            "children": [
                5
            ],
            "user id": "2651448034",
            "user name": "BatterLateThenNever",
            "content": "假新闻,美国只有两艘医疗军舰,一艘叫仁慈号医院船(T-AH-19) 一艘叫仁慈号医院船(T-AH-20)..哪里来的十艘医疗舰?????何况都是老爷爷级的船,上面的设备和设施根本没办法和刚刚建好的雷神,火神比.",
            "time": "20-3-20 17:16"
        },
        {
            "comment id": 1,
            "parent": 2,
            "children": [],
            "user id": "3937401027",
            "user name": "鬼才m7",
            "content": "回复@BatterLateThenNever:长记性了",
            "time": "20-3-30 19:57"
        },
        {
            "comment id": 2,
            "parent": 3,
            "children": [
                1
            ],
            "user id": "2651448034",
            "user name": "BatterLateThenNever",
            "content": "回复@鬼才m7:造谣要判刑的臭弟弟，转发之前百度一下,何况这种信息一看就是贬华扬外的信息，我都想吐🤮",
            "time": "20-3-30 19:30"
        },
        {
            "comment id": 3,
            "parent": 4,
            "children": [
                2
            ],
            "user id": "3937401027",
            "user name": "鬼才m7",
            "content": "回复@BatterLateThenNever:看着别人发，跟着发。别人删了，我被禁言了",
            "time": "20-3-30 19:06"
        },
        {
            "comment id": 4,
            "parent": 5,
            "children": [
                3
            ],
            "user id": "2651448034",
            "user name": "BatterLateThenNever",
            "content": "回复@鬼才m7:官方打脸疼不疼?",
            "time": "20-3-30 18:56"
        },
        {
            "comment id": 5,
            "parent": 0,
            "children": [
                4
            ],
            "user id": "3937401027",
            "user name": "鬼才m7",
            "content": "谢谢科普",
            "time": "20-3-30 18:51"
        },
        {
            "comment id": 6,
            "parent": -1,
            "children": [
                7
            ],
            "user id": "7279602297",
            "user name": "塵埃落定見陽光",
            "content": "🐶",
            "time": "20-3-20 17:26"
        },
        {
            "comment id": 7,
            "parent": 6,
            "children": [],
            "user id": "3937401027",
            "user name": "鬼才m7",
            "content": "",
            "time": "20-3-30 18:52"
        },
        {
            "comment id": 8,
            "parent": -1,
            "children": [
                9
            ],
            "user id": "6175259882",
            "user name": "注册2年才开始逛wb",
            "content": "总共只有2艘，吹成10艘也改变不了肤色，赚钱需要底线啊。",
            "time": "20-3-20 18:07"
        },
        {
            "comment id": 9,
            "parent": 8,
            "children": [],
            "user id": "3937401027",
            "user name": "鬼才m7",
            "content": "",
            "time": "20-3-30 18:47"
        },
        {
            "comment id": 10,
            "parent": -1,
            "children": [
                11
            ],
            "user id": "1496963665",
            "user name": "vivosky",
            "content": "不能发了就完事，拿钱干活也得上点心啊！你看你的同伙，发现露馅就赶紧删博了，你还挂这当活标本😂",
            "time": "20-3-20 21:51"
        },
        {
            "comment id": 11,
            "parent": 10,
            "children": [],
            "user id": "3937401027",
            "user name": "鬼才m7",
            "content": "拿了钱的应该都删完了，活着的都是没拿钱的，可以这么理解嘛",
            "time": "20-3-30 18:51"
        },
        {
            "comment id": 12,
            "parent": -1,
            "children": [
                13
            ],
            "user id": "5310942345",
            "user name": "H金一堆H",
            "content": "你下面的新闻推荐里是两艘，哈哈哈哈😂，笑死我了",
            "time": "20-3-20 19:56"
        },
        {
            "comment id": 13,
            "parent": 12,
            "children": [],
            "user id": "3937401027",
            "user name": "鬼才m7",
            "content": "谁发出来的谣言，我要揍他。害我被禁言",
            "time": "20-3-30 18:48"
        },
        {
            "comment id": 14,
            "parent": -1,
            "children": [
                15
            ],
            "user id": "2864545330",
            "user name": "Bruce陈橙晨",
            "content": "哈哈哈哈哈，删不掉了呢，永远黑历史～真希望看到你被人深挖",
            "time": "20-3-22 01:28"
        },
        {
            "comment id": 15,
            "parent": 14,
            "children": [],
            "user id": "3937401027",
            "user name": "鬼才m7",
            "content": "挖了又如何",
            "time": "20-3-30 18:49"
        },
        {
            "comment id": 16,
            "parent": -1,
            "children": [],
            "user id": "7186079510",
            "user name": "青椒鸡蛋饼三块钱一个",
            "content": "来微博里看另外的八艘船",
            "time": "20-3-21 17:51"
        },
        {
            "comment id": 17,
            "parent": -1,
            "children": [],
            "user id": "6003466330",
            "user name": "柏林天依",
            "content": "没文化真可怕",
            "time": "20-3-26 16:11"
        },
        {
            "comment id": 18,
            "parent": -1,
            "children": [
                19
            ],
            "user id": "5253201250",
            "user name": "JoeJ0star",
            "content": "硬实力冠军   烟花  fy  烟花 恭喜og",
            "time": "20-3-20 17:50"
        },
        {
            "comment id": 19,
            "parent": 18,
            "children": [],
            "user id": "1987539495",
            "user name": "刘汉文-",
            "content": "刀友？",
            "time": "20-3-20 23:55"
        },
        {
            "comment id": 20,
            "parent": -1,
            "children": [],
            "user id": "5973242099",
            "user name": "别问问就是自闭",
            "content": "我靠，真是通稿啊，别人发的新闻视频里说的是两艘，到这成了10艘，而且没有负压病房，用着中央空调，不停的交叉感染",
            "time": "20-3-20 17:18"
        }
    ]
}