{
    "source": {
        "content": "战斗民族有绝招😁 ",
        "time": "20-3-23 10:13",
        "user id": "2833137330",
        "tweet id": "IzUnNoFVX",
        "label": 1,
        "theme": null
    },
    "comment": [
        {
            "comment id": 0,
            "parent": -1,
            "children": [],
            "user id": "2833137330",
            "user name": "姜世勃_上海",
            "content": "怎么会有人缺乏幽默感 任何人一看就知道这是搞笑的",
            "time": "20-4-19 12:45"
        },
        {
            "comment id": 1,
            "parent": -1,
            "children": [],
            "user id": "6433798377",
            "user name": "明宇YMY",
            "content": "疫情过后狮子老虎找不到了，被人领回去当宠物养了",
            "time": "20-3-23 11:19"
        },
        {
            "comment id": 2,
            "parent": -1,
            "children": [],
            "user id": "2438073530",
            "user name": "罗缪7",
            "content": "传谣一张嘴",
            "time": "20-3-23 11:18"
        },
        {
            "comment id": 3,
            "parent": -1,
            "children": [],
            "user id": "5974790295",
            "user name": "老树根忍",
            "content": "转发谣言，有些无耻吧",
            "time": "20-3-23 11:23"
        },
        {
            "comment id": 4,
            "parent": -1,
            "children": [],
            "user id": "5533457555",
            "user name": "姓名一栏写着铲屎官",
            "content": "造谣成本这么低了吗。",
            "time": "20-3-23 11:21"
        },
        {
            "comment id": 5,
            "parent": -1,
            "children": [],
            "user id": "1594262495",
            "user name": "ZJhowe",
            "content": "这不是造谣 这是没脑子的新闻 ",
            "time": "20-3-23 11:27"
        },
        {
            "comment id": 6,
            "parent": -1,
            "children": [],
            "user id": "5190736502",
            "user name": "拾月贰拾壹丶",
            "content": "开局一张图，内容随便编！",
            "time": "20-3-23 11:23"
        },
        {
            "comment id": 7,
            "parent": -1,
            "children": [],
            "user id": "2654187814",
            "user name": "撒尿牛丸不要尿",
            "content": "以战斗民族的风格，这些狮子老虎危险啊",
            "time": "20-3-23 11:41"
        },
        {
            "comment id": 8,
            "parent": -1,
            "children": [],
            "user id": "2840690623",
            "user name": "属猫的汪星人",
            "content": "十几年前南非的照片也被你们拿出来造谣，很好玩吗？",
            "time": "20-3-23 11:22"
        },
        {
            "comment id": 9,
            "parent": -1,
            "children": [],
            "user id": "5287272222",
            "user name": "奇怪的郭东琳",
            "content": "假的",
            "time": "20-3-23 11:18"
        },
        {
            "comment id": 10,
            "parent": -1,
            "children": [],
            "user id": "6433798377",
            "user name": "明宇YMY",
            "content": "配图挂了",
            "time": "20-3-23 19:02"
        },
        {
            "comment id": 11,
            "parent": -1,
            "children": [],
            "user id": "1779527450",
            "user name": "Yeolhand",
            "content": "有脑子的都不会信这是真的",
            "time": "20-3-23 11:42"
        },
        {
            "comment id": 12,
            "parent": -1,
            "children": [],
            "user id": "6638125049",
            "user name": "菜菜菜菜ye",
            "content": "Fake new",
            "time": "20-3-23 11:42"
        },
        {
            "comment id": 13,
            "parent": -1,
            "children": [],
            "user id": "2383873180",
            "user name": "o大熊与西瓜",
            "content": "开局一张图",
            "time": "20-3-23 11:41"
        },
        {
            "comment id": 14,
            "parent": -1,
            "children": [],
            "user id": "2164509720",
            "user name": "甲甲嘻嘻",
            "content": "已举报",
            "time": "20-3-23 11:41"
        },
        {
            "comment id": 15,
            "parent": -1,
            "children": [],
            "user id": "6433073914",
            "user name": "TLwyql",
            "content": "这个是真刚",
            "time": "20-3-23 11:41"
        },
        {
            "comment id": 16,
            "parent": -1,
            "children": [],
            "user id": "6736518033",
            "user name": "JustinLynch",
            "content": "这张图早在疫情出现前就见过了",
            "time": "20-3-23 11:40"
        },
        {
            "comment id": 17,
            "parent": -1,
            "children": [],
            "user id": "3492041562",
            "user name": "两道杠键盘仔",
            "content": "别，老虎可不敢溜达",
            "time": "20-3-23 11:40"
        },
        {
            "comment id": 18,
            "parent": -1,
            "children": [],
            "user id": "5574304968",
            "user name": "燃燃镜",
            "content": "强势",
            "time": "20-3-23 11:40"
        },
        {
            "comment id": 19,
            "parent": -1,
            "children": [],
            "user id": "2267472024",
            "user name": "一杯故事",
            "content": "",
            "time": "20-3-23 11:40"
        },
        {
            "comment id": 20,
            "parent": -1,
            "children": [],
            "user id": "5316738829",
            "user name": "Chris_本良",
            "content": "虽然是假的但是毛子熊都不怕怕这个？",
            "time": "20-3-23 11:39"
        },
        {
            "comment id": 21,
            "parent": -1,
            "children": [],
            "user id": "6905766666",
            "user name": "包爸66947407",
            "content": "",
            "time": "20-3-23 11:39"
        },
        {
            "comment id": 22,
            "parent": -1,
            "children": [],
            "user id": "6555328109",
            "user name": "单纯的复杂98330",
            "content": "有个性！",
            "time": "20-3-23 11:35"
        },
        {
            "comment id": 23,
            "parent": -1,
            "children": [],
            "user id": "6104250239",
            "user name": "Philoversvol",
            "content": "没人把这个当真权当一乐子",
            "time": "20-3-23 11:35"
        },
        {
            "comment id": 24,
            "parent": -1,
            "children": [],
            "user id": "6005202088",
            "user name": "南非南-",
            "content": "开局一张图内容全靠编",
            "time": "20-3-23 11:30"
        },
        {
            "comment id": 25,
            "parent": -1,
            "children": [],
            "user id": "5428672806",
            "user name": "_林熙棠",
            "content": "假的，这张图片6年前都有，当初传谣美国人晚上不敢出门",
            "time": "20-3-23 11:30"
        },
        {
            "comment id": 26,
            "parent": -1,
            "children": [],
            "user id": "2679630060",
            "user name": "IceWispErOukou",
            "content": "一看就知道是段子啊，不用太较真吧，但最好注明是段子。",
            "time": "20-3-23 11:29"
        },
        {
            "comment id": 27,
            "parent": -1,
            "children": [],
            "user id": "5915270253",
            "user name": "豆豆麻袋R",
            "content": "俄罗斯哪儿来的狮子？",
            "time": "20-3-23 11:28"
        },
        {
            "comment id": 28,
            "parent": -1,
            "children": [],
            "user id": "1583399621",
            "user name": "这货感觉很慌",
            "content": "复旦大学研究所所长就这素质？",
            "time": "20-3-23 11:28"
        },
        {
            "comment id": 29,
            "parent": -1,
            "children": [],
            "user id": "5854104087",
            "user name": "骑着毛驴去四川",
            "content": "熊都不怕  会怕这个",
            "time": "20-3-23 11:27"
        },
        {
            "comment id": 30,
            "parent": -1,
            "children": [],
            "user id": "3181320300",
            "user name": "欧亚中文网",
            "content": "转这种东西的都是tmd智商缺陷",
            "time": "20-3-23 11:27"
        },
        {
            "comment id": 31,
            "parent": -1,
            "children": [],
            "user id": "6408028907",
            "user name": "ChaoX688",
            "content": "这难道不是给战斗民族送给养来的？",
            "time": "20-3-23 11:23"
        },
        {
            "comment id": 32,
            "parent": -1,
            "children": [],
            "user id": "6374603412",
            "user name": "Pilot努力学习",
            "content": "真的吗",
            "time": "20-3-23 11:20"
        },
        {
            "comment id": 33,
            "parent": -1,
            "children": [],
            "user id": "6733421769",
            "user name": "东泽嘻嘻",
            "content": "有点狠",
            "time": "20-3-23 11:19"
        },
        {
            "comment id": 34,
            "parent": -1,
            "children": [],
            "user id": "6132418126",
            "user name": "西风十聿",
            "content": "嘿，这不是吸引他们出门斗兽吗",
            "time": "20-3-23 11:18"
        },
        {
            "comment id": 35,
            "parent": -1,
            "children": [],
            "user id": "5598904236",
            "user name": "g昭阳_lll",
            "content": "这是真的吗",
            "time": "20-3-23 11:18"
        },
        {
            "comment id": 36,
            "parent": -1,
            "children": [],
            "user id": "3287816243",
            "user name": "巴神在思考zz",
            "content": "造谣的狗 赶紧来打死",
            "time": "20-3-23 11:48"
        },
        {
            "comment id": 37,
            "parent": -1,
            "children": [],
            "user id": "6248781984",
            "user name": "倚楼听风雨早起看日出",
            "content": "傻缺玩意",
            "time": "20-3-23 11:28"
        },
        {
            "comment id": 38,
            "parent": -1,
            "children": [],
            "user id": "5831134417",
            "user name": "覆事卯缕",
            "content": "哎",
            "time": "20-3-23 11:26"
        },
        {
            "comment id": 39,
            "parent": -1,
            "children": [],
            "user id": "5449578556",
            "user name": "灵多异动",
            "content": "，",
            "time": "20-3-23 11:23"
        },
        {
            "comment id": 40,
            "parent": -1,
            "children": [],
            "user id": "3036203373",
            "user name": "流浪滴刀刀",
            "content": "就怕半个月后🦁 🐯 哭着喊着要回动物园",
            "time": "20-3-23 11:22"
        },
        {
            "comment id": 41,
            "parent": -1,
            "children": [],
            "user id": "3508707581",
            "user name": "liq943866",
            "content": "一天后，狮子肉真香",
            "time": "20-3-23 11:22"
        },
        {
            "comment id": 42,
            "parent": -1,
            "children": [],
            "user id": "7338160149",
            "user name": "从来不像今天",
            "content": "一天之后发现还需投放三千头",
            "time": "20-3-23 11:21"
        },
        {
            "comment id": 43,
            "parent": -1,
            "children": [],
            "user id": "6512742686",
            "user name": "说真的就很烦",
            "content": "真的吗？？",
            "time": "20-3-23 11:19"
        },
        {
            "comment id": 44,
            "parent": -1,
            "children": [
                45
            ],
            "user id": "6249186595",
            "user name": "lylcccw",
            "content": "@我是一只fish鱼 就这就这",
            "time": "20-3-23 11:53"
        },
        {
            "comment id": 45,
            "parent": 44,
            "children": [],
            "user id": "6182548774",
            "user name": "我有点儿想吃了你",
            "content": "哈哈哈哈哈哈哈哈哈哈哈",
            "time": "20-3-23 17:32"
        },
        {
            "comment id": 46,
            "parent": -1,
            "children": [],
            "user id": "5531753124",
            "user name": "LIN_ANAu",
            "content": "辟谣辟谣",
            "time": "20-3-23 11:48"
        },
        {
            "comment id": 47,
            "parent": -1,
            "children": [],
            "user id": "5223386296",
            "user name": "神仙姐姐要打你",
            "content": "………",
            "time": "20-3-23 11:42"
        },
        {
            "comment id": 48,
            "parent": -1,
            "children": [],
            "user id": "5082170780",
            "user name": "oklanderlig",
            "content": "尼玛，以前看这图的时候说的是南非",
            "time": "20-3-23 11:42"
        },
        {
            "comment id": 49,
            "parent": -1,
            "children": [],
            "user id": "1785958752",
            "user name": "__Yypink",
            "content": "@彭成权 @我特么又换昵称了 @南乳花菇",
            "time": "20-3-23 11:41"
        },
        {
            "comment id": 50,
            "parent": -1,
            "children": [
                51
            ],
            "user id": "2062188575",
            "user name": "林彝111",
            "content": "@-爱-丽-丝- 真的？",
            "time": "20-3-23 11:41"
        },
        {
            "comment id": 51,
            "parent": 50,
            "children": [
                52
            ],
            "user id": "2267691280",
            "user name": "-爱-丽-丝-",
            "content": "怎么可能",
            "time": "20-3-23 17:11"
        },
        {
            "comment id": 52,
            "parent": 51,
            "children": [],
            "user id": "2062188575",
            "user name": "林彝111",
            "content": "回复@-爱-丽-丝-:",
            "time": "20-3-26 08:54"
        },
        {
            "comment id": 53,
            "parent": -1,
            "children": [],
            "user id": "6084377056",
            "user name": "LHXHXL",
            "content": "自媒体不要脸，所以就一起？？",
            "time": "20-3-23 11:40"
        },
        {
            "comment id": 54,
            "parent": -1,
            "children": [],
            "user id": "7100048564",
            "user name": "银风蝶",
            "content": "上次我看到这张图还是约翰内斯堡",
            "time": "20-3-23 11:39"
        },
        {
            "comment id": 55,
            "parent": -1,
            "children": [],
            "user id": "2702210272",
            "user name": "近先近智",
            "content": "别造谣了好么",
            "time": "20-3-23 11:39"
        },
        {
            "comment id": 56,
            "parent": -1,
            "children": [],
            "user id": "6230880530",
            "user name": "初中语文冉老师_重庆",
            "content": "",
            "time": "20-3-23 11:38"
        },
        {
            "comment id": 57,
            "parent": -1,
            "children": [],
            "user id": "6589004827",
            "user name": "尔毕斯",
            "content": "开局一张图，内容全靠编",
            "time": "20-3-23 11:28"
        },
        {
            "comment id": 58,
            "parent": -1,
            "children": [],
            "user id": "1194696170",
            "user name": "hwh253",
            "content": "好像从前一部电影《意大利人在俄罗斯的奇遇》有这么一幅场景。",
            "time": "20-3-23 11:25"
        },
        {
            "comment id": 59,
            "parent": -1,
            "children": [],
            "user id": "3972619337",
            "user name": "云小曾同学",
            "content": "造这种谣....整条街的智商都给拉低了",
            "time": "20-3-23 11:23"
        },
        {
            "comment id": 60,
            "parent": -1,
            "children": [],
            "user id": "6618091947",
            "user name": "老司补胎",
            "content": "现在的老虎狮子不吃人肉",
            "time": "20-3-23 11:23"
        },
        {
            "comment id": 61,
            "parent": -1,
            "children": [],
            "user id": "2389556292",
            "user name": "Ardor-喃喃",
            "content": "666",
            "time": "20-3-23 11:19"
        },
        {
            "comment id": 62,
            "parent": -1,
            "children": [],
            "user id": "2542463837",
            "user name": "翡翠灬梦境__V",
            "content": "我觉得您可能要被举报了",
            "time": "20-3-23 11:19"
        }
    ]
}