{
    "source": {
        "content": "《美国的10艘医疗军舰已经开进纽约港，每艘船上有1000张病床，上面拥有所有的医疗抢救设施，每》蒋东文在百度动态发表了新动态网页链接 ",
        "time": "20-3-20 17:25",
        "user id": "5468693337",
        "tweet id": "IzuVJAhlN",
        "label": 1,
        "theme": null
    },
    "comment": [
        {
            "comment id": 0,
            "parent": -1,
            "children": [],
            "user id": "6623147743",
            "user name": "云梦莲花坞68",
            "content": "全世界都可能没十艘医疗军舰… 原新闻是two也就是两艘，不是十艘，笑死我了，麻烦转的时候先确认下真假",
            "time": "20-3-20 18:04"
        },
        {
            "comment id": 1,
            "parent": -1,
            "children": [],
            "user id": "5974087991",
            "user name": "马尔可夫过程很艰难",
            "content": "你在用二进制计数吗？？？",
            "time": "20-3-20 18:40"
        },
        {
            "comment id": 2,
            "parent": -1,
            "children": [],
            "user id": "2210414157",
            "user name": "凤华凰韵",
            "content": "多少钱一条呀？翻车了扣不扣钱呀？",
            "time": "20-3-21 20:09"
        },
        {
            "comment id": 3,
            "parent": -1,
            "children": [],
            "user id": "2941361833",
            "user name": "修改名称ABC",
            "content": "回复@云梦莲花坞68 的表态:不知是北大的水平低到这种程度",
            "time": "20-3-20 18:06"
        },
        {
            "comment id": 4,
            "parent": -1,
            "children": [],
            "user id": "2941361833",
            "user name": "修改名称ABC",
            "content": "你是北京大学的吗，",
            "time": "20-3-20 17:45"
        },
        {
            "comment id": 5,
            "parent": -1,
            "children": [],
            "user id": "1865289215",
            "user name": "Shawn胖",
            "content": "回复@云梦莲花坞68:是公知们拿的通稿，不带修改直接发的 你搜一下好几个呢文字一模一样",
            "time": "20-3-20 18:48"
        }
    ]
}