{
    "source": {
        "content": "麻省理工零录取中国学生，斯坦福取消中国大陆面试。这是坏事儿还是好事儿？ ",
        "time": "20-5-2 10:53",
        "user id": "2178514797",
        "tweet id": "J02hvkahK",
        "label": 1,
        "theme": null
    },
    "comment": [
        {
            "comment id": 0,
            "parent": -1,
            "children": [],
            "user id": "6110245255",
            "user name": "每一天天开开心心",
            "content": "如果确实涉及歧视或区别对待，中国应该考虑全面禁止赴美留学。不能既要中国人的学费，又不让中国人学想学的东西。美国理工科如果不欢迎中国学生。其他什么法学哲学经济学也没有必要去接受洗脑了。",
            "time": "20-5-2 13:02"
        },
        {
            "comment id": 1,
            "parent": -1,
            "children": [
                3,
                4,
                5
            ],
            "user id": "3559119645",
            "user name": "蓝月亮546",
            "content": "中国有十四亿人口，要办好自己的大学，广泛吸收世界各地的顶尖教育者来中国任教，广泛吸引世界各地精英人才（能为中国作出真正贡献花再多钱民众绝无怨言）并出台措施留住中国本地人才，而不是低门槛招收一些洋垃圾发补贴来证明学校的国际化！高精尖教育以学术学业水平为准，还学术一片清净之地！",
            "time": "20-5-2 11:23"
        },
        {
            "comment id": 2,
            "parent": 5,
            "children": [],
            "user id": "3559119645",
            "user name": "蓝月亮546",
            "content": "回复@傲娇的离心机:唉！是的，太多地方需要努力加油了！",
            "time": "20-5-2 17:29"
        },
        {
            "comment id": 3,
            "parent": 1,
            "children": [],
            "user id": "2260195420",
            "user name": "风中庸俗",
            "content": "还吸引世界各地，前段时间居留权的闹得多凶你没看到吗。",
            "time": "20-5-2 13:41"
        },
        {
            "comment id": 4,
            "parent": 1,
            "children": [],
            "user id": "5494775704",
            "user name": "Gorilla-LB",
            "content": "说得好！",
            "time": "20-5-2 12:23"
        },
        {
            "comment id": 5,
            "parent": 1,
            "children": [
                2
            ],
            "user id": "6037891054",
            "user name": "傲娇的离心机",
            "content": "短时间还没发看见藤校的车尾灯。事实就是这样残酷。",
            "time": "20-5-2 11:25"
        },
        {
            "comment id": 6,
            "parent": -1,
            "children": [
                7
            ],
            "user id": "7397845731",
            "user name": "天香99999",
            "content": "起诉美国！妨碍学术自由！超邪恶人为破坏中国人民平等接受灯塔国光辉的思想文化教育的权益！中国人有权继承伟大先师的学术和理论！",
            "time": "20-5-2 11:02"
        },
        {
            "comment id": 7,
            "parent": 6,
            "children": [],
            "user id": "1711649674",
            "user name": "阿克萨守望者",
            "content": "科学本来就是有国界的，这就是现实。只能期待中国在科技上突破创新，学术上高歌猛进了。",
            "time": "20-5-2 16:29"
        },
        {
            "comment id": 8,
            "parent": -1,
            "children": [
                9,
                10
            ],
            "user id": "1400780394",
            "user name": "夹东夹西",
            "content": "普通寒门能上得了哈佛，麻省?",
            "time": "20-5-2 10:57"
        },
        {
            "comment id": 9,
            "parent": 8,
            "children": [],
            "user id": "3927835138",
            "user name": "秦明月000",
            "content": "公费",
            "time": "20-5-2 11:33"
        },
        {
            "comment id": 10,
            "parent": 8,
            "children": [],
            "user id": "1748182523",
            "user name": "麦小伟同学",
            "content": "清北等名校的那些普通人家的聪慧子弟，每年拿着各类奖学金去读藤校的多了去了",
            "time": "20-5-2 11:10"
        },
        {
            "comment id": 11,
            "parent": -1,
            "children": [],
            "user id": "3549273110",
            "user name": "泰尔的王",
            "content": "只怕国内的某些“优秀”学生不怪美国封闭保守，反而怪我国强大，阻碍了他们“光明”的前途",
            "time": "20-5-2 11:16"
        },
        {
            "comment id": 12,
            "parent": -1,
            "children": [
                13
            ],
            "user id": "1786823353",
            "user name": "陈志文999",
            "content": "没事，我们有清华北大中科大，十年后看效果吧",
            "time": "20-5-2 11:38"
        },
        {
            "comment id": 13,
            "parent": 12,
            "children": [],
            "user id": "1786823353",
            "user name": "陈志文999",
            "content": "回复@坚定v信仰:搞的全世界没有中国培养的人，他们就不行一样",
            "time": "20-5-2 14:55"
        },
        {
            "comment id": 14,
            "parent": -1,
            "children": [],
            "user id": "7425216455",
            "user name": "知足常乐爷青回",
            "content": "其实从去年就开始了，常春藤学校对中国留学生的录取率极速下降，尤其是涉及生物电子等高科技学科的。国内有些人真的是鼠目寸光，总对留学生有成见，老美可不傻，知道这些留学生学到的知识会有一大部分流向中国。",
            "time": "20-5-2 11:21"
        },
        {
            "comment id": 15,
            "parent": -1,
            "children": [],
            "user id": "5666224830",
            "user name": "医路神探",
            "content": "肯定坏事啊",
            "time": "20-5-2 10:53"
        },
        {
            "comment id": 16,
            "parent": -1,
            "children": [],
            "user id": "1245090565",
            "user name": "低调的汪哥哥",
            "content": "世界走向战争边缘",
            "time": "20-5-2 10:58"
        },
        {
            "comment id": 17,
            "parent": -1,
            "children": [],
            "user id": "1354405062",
            "user name": "君柯Andrew",
            "content": "图四只是北京的啊，又不是全国的",
            "time": "20-5-2 11:26"
        },
        {
            "comment id": 18,
            "parent": -1,
            "children": [],
            "user id": "6570868565",
            "user name": "不什么都不行吗",
            "content": "美国这是固步自封",
            "time": "20-5-2 11:22"
        },
        {
            "comment id": 19,
            "parent": -1,
            "children": [],
            "user id": "3174629210",
            "user name": "huoyanjin",
            "content": "美国这样做的目的其实意义并不大，因为现今中国高等院校的教授水平也不错，根本用不着到美国去求学。",
            "time": "20-5-2 18:00"
        },
        {
            "comment id": 20,
            "parent": -1,
            "children": [],
            "user id": "7159619083",
            "user name": "向水而明",
            "content": "去这两所学校能学成归来的又有几人，大多成了美国公民。",
            "time": "20-5-2 13:54"
        },
        {
            "comment id": 21,
            "parent": -1,
            "children": [],
            "user id": "1676247537",
            "user name": "诚必通",
            "content": "赶快断交，老死不相往来",
            "time": "20-5-2 12:21"
        },
        {
            "comment id": 22,
            "parent": -1,
            "children": [],
            "user id": "5933663176",
            "user name": "胡某_17934",
            "content": "人家市场经济，门这个东西在资本家眼里不存在",
            "time": "20-5-2 11:36"
        },
        {
            "comment id": 23,
            "parent": -1,
            "children": [],
            "user id": "2013282587",
            "user name": "见习阴阳先生",
            "content": "理中客还是多啊",
            "time": "20-5-2 11:29"
        },
        {
            "comment id": 24,
            "parent": -1,
            "children": [],
            "user id": "1960819912",
            "user name": "幽暗的巨蟹座",
            "content": "对双方来说都是坏事。",
            "time": "20-5-2 10:55"
        },
        {
            "comment id": 25,
            "parent": -1,
            "children": [],
            "user id": "7411816552",
            "user name": "郎骑竹马来_Wang",
            "content": "我麻城理工学校欢迎你",
            "time": "20-5-2 16:52"
        },
        {
            "comment id": 26,
            "parent": -1,
            "children": [],
            "user id": "1760370420",
            "user name": "定辰哥",
            "content": "封锁好像是我们的损失似的，继续吧，我们会很快适应这个未来的变化",
            "time": "20-5-2 14:51"
        },
        {
            "comment id": 27,
            "parent": -1,
            "children": [],
            "user id": "1613690387",
            "user name": "花木扶苏掩禅舍",
            "content": "以后我们只能去美国读莎士比亚了。如果有人愿意去的话",
            "time": "20-5-2 13:41"
        },
        {
            "comment id": 28,
            "parent": -1,
            "children": [],
            "user id": "1050474245",
            "user name": "破坏团结霍弃疾",
            "content": "连头痛医头都算不上……",
            "time": "20-5-2 12:41"
        },
        {
            "comment id": 29,
            "parent": -1,
            "children": [],
            "user id": "3205985473",
            "user name": "HL腾腾",
            "content": "不是倡导学术无国界吗？",
            "time": "20-5-2 11:22"
        }
    ]
}