{
    "source": {
        "content": "世界上最有骨气的鱼，一言不合立马断气，中国人都爱吃。\n\n#一句冷幽默##搞笑视频#  老实人投稿社的微博视频 ",
        "time": "20-5-8 13:39",
        "user id": "3509499757",
        "tweet id": "J0XW6kaGz",
        "label": 1,
        "theme": null
    },
    "comment": [
        {
            "comment id": 0,
            "parent": -1,
            "children": [
                1,
                2,
                3,
                4,
                5,
                6
            ],
            "user id": "5327200769",
            "user name": "yirumer",
            "content": "自杀个屁啊，带鱼在深海，受不了岸上的气压，不是自杀",
            "time": "20-5-8 15:17"
        },
        {
            "comment id": 1,
            "parent": 0,
            "children": [],
            "user id": "6624087340",
            "user name": "柒芷若萱",
            "content": "反正我们生物老师跟你说的一样",
            "time": "20-5-14 11:23"
        },
        {
            "comment id": 2,
            "parent": 0,
            "children": [],
            "user id": "5327200769",
            "user name": "yirumer",
            "content": "回复@abracadabra707:hhh",
            "time": "20-5-12 11:30"
        },
        {
            "comment id": 3,
            "parent": 0,
            "children": [],
            "user id": "1964981815",
            "user name": "Fay霏霏霏霏",
            "content": "潜过水应该都知道这个道理，正解",
            "time": "20-5-11 15:53"
        },
        {
            "comment id": 4,
            "parent": 0,
            "children": [],
            "user id": "5973357311",
            "user name": "a郭雨婷亭",
            "content": "回复@清源长老Memory:没错",
            "time": "20-5-11 11:21"
        },
        {
            "comment id": 5,
            "parent": 0,
            "children": [],
            "user id": "5674563421",
            "user name": "wbtex我是不可以",
            "content": "明白人",
            "time": "20-5-10 21:51"
        },
        {
            "comment id": 6,
            "parent": 0,
            "children": [],
            "user id": "3908848879",
            "user name": "清源长老",
            "content": "这是正解，现在好多博主踏马的瞎说",
            "time": "20-5-10 09:08"
        },
        {
            "comment id": 7,
            "parent": -1,
            "children": [
                8,
                9,
                10,
                11
            ],
            "user id": "6777978491",
            "user name": "泸沽烟雨一归人",
            "content": "这个小便什么文化，托儿所毕业的吧",
            "time": "20-5-8 22:10"
        },
        {
            "comment id": 8,
            "parent": 7,
            "children": [],
            "user id": "3299906663",
            "user name": "VapeNick",
            "content": "义务教育的排泄物",
            "time": "20-7-4 18:13"
        },
        {
            "comment id": 9,
            "parent": 7,
            "children": [],
            "user id": "2787586232",
            "user name": "蕾丝坦克",
            "content": "托儿所可能都跟不上班里的进度",
            "time": "20-5-12 22:11"
        },
        {
            "comment id": 10,
            "parent": 7,
            "children": [],
            "user id": "2785989813",
            "user name": "莫爆炸",
            "content": "小便哈哈哈哈",
            "time": "20-5-12 05:03"
        },
        {
            "comment id": 11,
            "parent": 7,
            "children": [],
            "user id": "5510800810",
            "user name": "减不了肥不改名字呀o",
            "content": "九年义务教育漏网之鱼",
            "time": "20-5-10 19:15"
        },
        {
            "comment id": 12,
            "parent": -1,
            "children": [
                13,
                14,
                15,
                16,
                17,
                18
            ],
            "user id": "2787586232",
            "user name": "蕾丝坦克",
            "content": "带鱼是被你气死的",
            "time": "20-5-10 03:23"
        },
        {
            "comment id": 13,
            "parent": 12,
            "children": [],
            "user id": "2990046003",
            "user name": "我是小呆君",
            "content": "哈哈，被笨死的",
            "time": "20-5-14 00:23"
        },
        {
            "comment id": 14,
            "parent": 12,
            "children": [],
            "user id": "1875882293",
            "user name": "杨鲁斯威利斯_",
            "content": "回复@IvoryChris:哈哈哈哈哈哈哈哈哈哈哈",
            "time": "20-5-13 17:22"
        },
        {
            "comment id": 15,
            "parent": 12,
            "children": [],
            "user id": "3707465495",
            "user name": "IvoryHyw",
            "content": "@杨鲁斯威利斯_",
            "time": "20-5-13 17:18"
        },
        {
            "comment id": 16,
            "parent": 12,
            "children": [],
            "user id": "6665693012",
            "user name": "我以为我的每一天都有意义",
            "content": "哈哈哈哈哈，气炸了",
            "time": "20-5-13 16:13"
        },
        {
            "comment id": 17,
            "parent": 12,
            "children": [],
            "user id": "1770046542",
            "user name": "烛影摇红呀",
            "content": "哈哈哈哈哈哈哈哈",
            "time": "20-5-13 15:28"
        },
        {
            "comment id": 18,
            "parent": 12,
            "children": [],
            "user id": "3971732185",
            "user name": "1ntouchable_",
            "content": "@-神奇姆螺-",
            "time": "20-5-13 10:44"
        },
        {
            "comment id": 19,
            "parent": -1,
            "children": [],
            "user id": "3700675521",
            "user name": "猫为什么不汪汪叫",
            "content": "带鱼是深海鱼 啥都敢说，误人子弟",
            "time": "20-5-8 20:58"
        },
        {
            "comment id": 20,
            "parent": -1,
            "children": [
                21,
                22,
                23
            ],
            "user id": "5829061148",
            "user name": "我也不喜欢吃内脏",
            "content": "垃圾营销号，臭s    批",
            "time": "20-5-9 12:36"
        },
        {
            "comment id": 21,
            "parent": 20,
            "children": [],
            "user id": "5829061148",
            "user name": "我也不喜欢吃内脏",
            "content": "回复@洲Photosynthesis:",
            "time": "20-5-17 10:24"
        },
        {
            "comment id": 22,
            "parent": 20,
            "children": [],
            "user id": "6104639816",
            "user name": "摇啊摇hc",
            "content": "刚点个赞回来评论一下",
            "time": "20-5-16 23:43"
        },
        {
            "comment id": 23,
            "parent": 20,
            "children": [],
            "user id": "5829061148",
            "user name": "我也不喜欢吃内脏",
            "content": "别赞了。。。。。。",
            "time": "20-5-13 14:08"
        },
        {
            "comment id": 24,
            "parent": -1,
            "children": [],
            "user id": "5482620094",
            "user name": "鮟鱇鱼和几维鸟",
            "content": "大脑没发育？？？？？",
            "time": "20-5-8 21:10"
        },
        {
            "comment id": 25,
            "parent": -1,
            "children": [
                26
            ],
            "user id": "2246069435",
            "user name": "今天代码也没写完",
            "content": "带鱼不会自杀，你老师看到你这个视频可能会羞愧而死。",
            "time": "20-5-11 03:08"
        },
        {
            "comment id": 26,
            "parent": 25,
            "children": [],
            "user id": "2990046003",
            "user name": "我是小呆君",
            "content": "哈哈，是的",
            "time": "20-5-14 00:24"
        },
        {
            "comment id": 27,
            "parent": -1,
            "children": [],
            "user id": "3241626430",
            "user name": "柴欧皇",
            "content": "尼🐴 死了，张口就来！",
            "time": "20-5-10 22:38"
        },
        {
            "comment id": 28,
            "parent": -1,
            "children": [
                29
            ],
            "user id": "3052823091",
            "user name": "Mrr小李",
            "content": "举报了",
            "time": "20-5-10 13:08"
        },
        {
            "comment id": 29,
            "parent": 28,
            "children": [],
            "user id": "2694185001",
            "user name": "住在云里的鸣乔啊",
            "content": "还写着已处理，居然还不删",
            "time": "20-5-12 23:50"
        },
        {
            "comment id": 30,
            "parent": -1,
            "children": [],
            "user id": "5641197720",
            "user name": "将会是你",
            "content": "你放狗屁",
            "time": "20-5-10 15:32"
        },
        {
            "comment id": 31,
            "parent": -1,
            "children": [],
            "user id": "7365828123",
            "user name": "喜欢咬牙签",
            "content": "啥b小编，你🐴潜水100米，碰到鲨鱼了，不到3秒来到水面，然后选择自杀",
            "time": "20-5-12 16:22"
        },
        {
            "comment id": 32,
            "parent": -1,
            "children": [],
            "user id": "3879815653",
            "user name": "多小抽",
            "content": "那视频里的带鱼为啥是活的？",
            "time": "20-5-11 12:28"
        },
        {
            "comment id": 33,
            "parent": -1,
            "children": [],
            "user id": "5394182815",
            "user name": "禁止发嗲知道么",
            "content": "黄哈哈哈哈哈哈哈嘿嘿嘿，看到都没信我就放心了",
            "time": "20-5-9 14:33"
        },
        {
            "comment id": 34,
            "parent": -1,
            "children": [],
            "user id": "5583940186",
            "user name": "掐你又又",
            "content": "哈哈哈哈哈哈哈哈哈",
            "time": "20-5-10 01:20"
        },
        {
            "comment id": 35,
            "parent": -1,
            "children": [],
            "user id": "5387029889",
            "user name": "甜橙金酒",
            "content": "nt？",
            "time": "20-5-11 06:29"
        },
        {
            "comment id": 36,
            "parent": -1,
            "children": [],
            "user id": "5384499558",
            "user name": "花艾花",
            "content": "没文化真可怕",
            "time": "20-5-10 22:44"
        },
        {
            "comment id": 37,
            "parent": -1,
            "children": [],
            "user id": "6053971055",
            "user name": "多次婉拒赵今麦_",
            "content": "初中物理学过吗",
            "time": "20-5-10 19:35"
        },
        {
            "comment id": 38,
            "parent": -1,
            "children": [],
            "user id": "6625366599",
            "user name": "溯_Johanna",
            "content": "银光闪闪的",
            "time": "20-5-10 16:23"
        },
        {
            "comment id": 39,
            "parent": -1,
            "children": [],
            "user id": "1774337624",
            "user name": "纯爱马景涛张无忌叶童赵敏倚天",
            "content": "带鱼。。。这么银的吗",
            "time": "20-5-10 15:25"
        },
        {
            "comment id": 40,
            "parent": -1,
            "children": [],
            "user id": "1691008331",
            "user name": "Ryuemma",
            "content": "真能瞎说啊",
            "time": "20-5-9 15:32"
        },
        {
            "comment id": 41,
            "parent": -1,
            "children": [],
            "user id": "6795251309",
            "user name": "寡婦村村頭寡婦聯合會會長",
            "content": "真的吗？你好厉害哦",
            "time": "20-7-5 23:31"
        },
        {
            "comment id": 42,
            "parent": -1,
            "children": [],
            "user id": "6046377136",
            "user name": "仙人球3364",
            "content": "比我还无知。。。",
            "time": "20-5-11 16:52"
        },
        {
            "comment id": 43,
            "parent": -1,
            "children": [],
            "user id": "6072517823",
            "user name": "生产队涩驴",
            "content": "没文化真可怕",
            "time": "20-5-10 20:22"
        },
        {
            "comment id": 44,
            "parent": -1,
            "children": [],
            "user id": "6989137877",
            "user name": "时空超级变变变",
            "content": "真能编",
            "time": "20-5-10 17:28"
        },
        {
            "comment id": 45,
            "parent": -1,
            "children": [],
            "user id": "5092158249",
            "user name": "阿拉蕾小怪兽呐",
            "content": "自你🐴 的杀",
            "time": "20-5-10 16:29"
        },
        {
            "comment id": 46,
            "parent": -1,
            "children": [],
            "user id": "1733339243",
            "user name": "留恋在那个年代",
            "content": "你可能不了解什么叫深水鱼",
            "time": "20-5-10 16:26"
        },
        {
            "comment id": 47,
            "parent": -1,
            "children": [],
            "user id": "2741828795",
            "user name": "modelworkerfloria",
            "content": "放屁",
            "time": "20-5-10 14:52"
        },
        {
            "comment id": 48,
            "parent": -1,
            "children": [],
            "user id": "6526985918",
            "user name": "是喜欢魔仙堡的七七",
            "content": "营销号司马，误导人的玩意，带鱼是深海鱼，生活在水压大的地方",
            "time": "20-7-6 16:14"
        },
        {
            "comment id": 49,
            "parent": -1,
            "children": [],
            "user id": "6331633089",
            "user name": "请叫芦森儿去学习",
            "content": "@博物杂志 ",
            "time": "20-7-4 16:26"
        },
        {
            "comment id": 50,
            "parent": -1,
            "children": [],
            "user id": "1247227543",
            "user name": "废话大王林嘉美",
            "content": "@无穷小亮微博 下期素材来了",
            "time": "20-5-14 22:34"
        },
        {
            "comment id": 51,
            "parent": -1,
            "children": [],
            "user id": "5312202054",
            "user name": "日系港妹就是坠钓的",
            "content": "哈哈哈哈哈哈哈哈哈哈哈哈哈哈哈哈哈哈哈當我們都沒文化是吧自殺哈哈哈哈哈哈哈哈哈哈哈哈哈哈哈哈哈哈哈哈哈哈哈哈",
            "time": "20-5-14 20:14"
        },
        {
            "comment id": 52,
            "parent": -1,
            "children": [],
            "user id": "7156776406",
            "user name": "huruziaaa-",
            "content": "那是因为气压差。。。带鱼生活在深海里。。。无语",
            "time": "20-5-13 18:19"
        },
        {
            "comment id": 53,
            "parent": -1,
            "children": [],
            "user id": "5353273744",
            "user name": "不会fo新疆话咋么办呢撒",
            "content": "什么垃圾啊。。。。不懂也不要出视频误人子弟啊",
            "time": "20-5-13 10:13"
        },
        {
            "comment id": 54,
            "parent": -1,
            "children": [],
            "user id": "7008155182",
            "user name": "落日余晖透过",
            "content": "弱智",
            "time": "20-5-13 02:09"
        },
        {
            "comment id": 55,
            "parent": -1,
            "children": [],
            "user id": "5574261313",
            "user name": "戈吧嘎吧嘎了叭爬爬公主",
            "content": "@无穷小亮微博 哈哈哈",
            "time": "20-5-12 17:46"
        },
        {
            "comment id": 56,
            "parent": -1,
            "children": [],
            "user id": "1883869153",
            "user name": "迷声",
            "content": "海！",
            "time": "20-5-11 16:36"
        },
        {
            "comment id": 57,
            "parent": -1,
            "children": [],
            "user id": "2701094020",
            "user name": "-HEEXU",
            "content": "此处艾特@无穷小亮微博 @博物杂志",
            "time": "20-6-27 13:51"
        },
        {
            "comment id": 58,
            "parent": -1,
            "children": [],
            "user id": "5260777896",
            "user name": "晚安洲崽",
            "content": "@无穷小亮微博 来活了",
            "time": "20-5-17 15:35"
        },
        {
            "comment id": 59,
            "parent": -1,
            "children": [],
            "user id": "2889945220",
            "user name": "第十八号技师",
            "content": "图片评论 ",
            "time": "20-5-15 15:08"
        },
        {
            "comment id": 60,
            "parent": -1,
            "children": [],
            "user id": "6532369337",
            "user name": "皮世神力",
            "content": "你没上过学吗",
            "time": "20-5-13 12:54"
        },
        {
            "comment id": 61,
            "parent": -1,
            "children": [],
            "user id": "6193135401",
            "user name": "开开和典典",
            "content": "举报了",
            "time": "20-5-10 13:59"
        },
        {
            "comment id": 62,
            "parent": -1,
            "children": [],
            "user id": "1783487330",
            "user name": "YYHYAO1",
            "content": "放屁啊……",
            "time": "20-5-10 12:20"
        },
        {
            "comment id": 63,
            "parent": -1,
            "children": [],
            "user id": "5327567464",
            "user name": "啊哈1234",
            "content": "这和骨气有个毛关系。。是压力的关系。。",
            "time": "20-5-10 08:13"
        },
        {
            "comment id": 64,
            "parent": -1,
            "children": [],
            "user id": "1680065595",
            "user name": "Jayson后面爱加什么加什么",
            "content": "放屁",
            "time": "20-7-5 15:53"
        },
        {
            "comment id": 65,
            "parent": -1,
            "children": [],
            "user id": "6288335791",
            "user name": "机关枪限量版小妈咪·",
            "content": "@博物杂志",
            "time": "20-7-2 18:25"
        },
        {
            "comment id": 66,
            "parent": -1,
            "children": [],
            "user id": "1926513400",
            "user name": "张不开嘴-",
            "content": "@无穷小亮微博",
            "time": "20-6-29 17:21"
        },
        {
            "comment id": 67,
            "parent": -1,
            "children": [],
            "user id": "2035197315",
            "user name": "Jimmy鸡鸣",
            "content": "n t",
            "time": "20-6-29 00:38"
        },
        {
            "comment id": 68,
            "parent": -1,
            "children": [],
            "user id": "5542765262",
            "user name": "_老板来盒ok绑",
            "content": "@博物杂志 出来搜集素材",
            "time": "20-6-28 01:56"
        },
        {
            "comment id": 69,
            "parent": -1,
            "children": [],
            "user id": "5311450791",
            "user name": "挽歌同志",
            "content": "哈哈",
            "time": "20-6-28 00:29"
        },
        {
            "comment id": 70,
            "parent": -1,
            "children": [],
            "user id": "2179572152",
            "user name": "张起粽",
            "content": "又开始瞎放屁，气压👌🏻？",
            "time": "20-6-25 11:26"
        },
        {
            "comment id": 71,
            "parent": -1,
            "children": [],
            "user id": "6181544684",
            "user name": "焦奇琛",
            "content": "沙币",
            "time": "20-6-25 09:55"
        },
        {
            "comment id": 72,
            "parent": -1,
            "children": [],
            "user id": "2779413457",
            "user name": "大鸟儿快跑",
            "content": "不怕没文化，就怕没文化还理直气壮的给别人科普",
            "time": "20-6-24 22:42"
        },
        {
            "comment id": 73,
            "parent": -1,
            "children": [],
            "user id": "2865267004",
            "user name": "深夜桦",
            "content": "哈哈哈哈哈哈哈哈哈",
            "time": "20-5-19 14:32"
        },
        {
            "comment id": 74,
            "parent": -1,
            "children": [],
            "user id": "6351653254",
            "user name": "备胎小张张",
            "content": "带鱼对懒人吃货太友好了 几乎没什么刺",
            "time": "20-5-19 10:51"
        },
        {
            "comment id": 75,
            "parent": -1,
            "children": [],
            "user id": "1654417883",
            "user name": "猛虎",
            "content": "胡说八道",
            "time": "20-5-18 15:50"
        },
        {
            "comment id": 76,
            "parent": -1,
            "children": [],
            "user id": "5600391719",
            "user name": "今天阿胖努力了吗",
            "content": "傻子吧",
            "time": "20-5-18 04:06"
        },
        {
            "comment id": 77,
            "parent": -1,
            "children": [],
            "user id": "3149609194",
            "user name": "又又yoyoo",
            "content": "是被你气死的吧",
            "time": "20-5-17 22:21"
        },
        {
            "comment id": 78,
            "parent": -1,
            "children": [],
            "user id": "2356675682",
            "user name": "魁梧的太阳酱",
            "content": "@是你的阿九呀_",
            "time": "20-5-17 22:07"
        },
        {
            "comment id": 79,
            "parent": -1,
            "children": [],
            "user id": "5882311148",
            "user name": "红桃罗西南迪",
            "content": "带鱼原来这么好看，在海里bling bling的",
            "time": "20-5-17 07:27"
        },
        {
            "comment id": 80,
            "parent": -1,
            "children": [],
            "user id": "6340474196",
            "user name": "宇宙超级橘子",
            "content": "放你🐴的屁，带鱼是因为长期生活在深海里为了适应海底压强所以自身身体里的压强也很大，捕上来后因为自身压强大于外界压强才爆掉的",
            "time": "20-5-17 01:05"
        },
        {
            "comment id": 81,
            "parent": -1,
            "children": [],
            "user id": "1812037234",
            "user name": "Amoy王炸",
            "content": "带鱼还活着的时候真漂亮",
            "time": "20-5-16 13:06"
        },
        {
            "comment id": 82,
            "parent": -1,
            "children": [],
            "user id": "2981023350",
            "user name": "吃我一记大酒嗝",
            "content": "@博物杂志 @无穷小亮微博 小亮老师 来活了！",
            "time": "20-5-16 12:32"
        },
        {
            "comment id": 83,
            "parent": -1,
            "children": [],
            "user id": "6506285698",
            "user name": "四叶草与锦鲤",
            "content": "。。。。。",
            "time": "20-5-16 11:42"
        },
        {
            "comment id": 84,
            "parent": -1,
            "children": [],
            "user id": "6329552116",
            "user name": "小刀dao叨",
            "content": "我想笑哈哈哈哈哈哈选择自杀",
            "time": "20-5-16 09:33"
        },
        {
            "comment id": 85,
            "parent": -1,
            "children": [],
            "user id": "6762463267",
            "user name": "殷志源再婚女友",
            "content": "@博物杂志 这是什么啊欧巴",
            "time": "20-5-16 01:33"
        },
        {
            "comment id": 86,
            "parent": -1,
            "children": [],
            "user id": "1773596507",
            "user name": "Mis_Chill",
            "content": "@无穷小亮微博 素材！",
            "time": "20-5-15 23:22"
        },
        {
            "comment id": 87,
            "parent": -1,
            "children": [],
            "user id": "5522649033",
            "user name": "别个要敬我一尺肯定要还他一丈",
            "content": "锤子，一点都不对",
            "time": "20-5-15 19:48"
        },
        {
            "comment id": 88,
            "parent": -1,
            "children": [],
            "user id": "1599806924",
            "user name": "孩子生下来吧我跟他姓",
            "content": "哈哈哈哈哈哈哈哈哈哈哈哈哈哈哈哈哈哈哈哈哈哈哈哈哈哈哈握草",
            "time": "20-5-15 12:29"
        },
        {
            "comment id": 89,
            "parent": -1,
            "children": [],
            "user id": "1708546505",
            "user name": "那么请不要说谎",
            "content": "这才是真正的搞笑视频",
            "time": "20-5-15 01:01"
        },
        {
            "comment id": 90,
            "parent": -1,
            "children": [],
            "user id": "5136370308",
            "user name": "明陵不惜离",
            "content": "我觉得我小学课本还是我做的什么阅读题告诉过我他是因为气压死的",
            "time": "20-5-15 00:42"
        },
        {
            "comment id": 91,
            "parent": -1,
            "children": [],
            "user id": "5925435915",
            "user name": "y_zZzzZZzZ",
            "content": "幸好我读过书",
            "time": "20-5-14 23:35"
        },
        {
            "comment id": 92,
            "parent": -1,
            "children": [],
            "user id": "6363485964",
            "user name": "小土豆儿和小番茄呀",
            "content": "别误导人了。说话前也看看书呗",
            "time": "20-5-14 23:14"
        },
        {
            "comment id": 93,
            "parent": -1,
            "children": [],
            "user id": "6785280026",
            "user name": "悠然自得7772018",
            "content": "扯淡",
            "time": "20-5-14 21:39"
        },
        {
            "comment id": 94,
            "parent": -1,
            "children": [],
            "user id": "2120812470",
            "user name": "多加香菜--",
            "content": "带鱼是被你蠢死的",
            "time": "20-5-14 12:04"
        },
        {
            "comment id": 95,
            "parent": -1,
            "children": [],
            "user id": "6140334480",
            "user name": "你说我为什么会无语呢",
            "content": "好漂亮",
            "time": "20-5-14 11:08"
        },
        {
            "comment id": 96,
            "parent": -1,
            "children": [],
            "user id": "2956778511",
            "user name": "军爷在哪啊",
            "content": "这特么叫自爆",
            "time": "20-5-14 10:38"
        },
        {
            "comment id": 97,
            "parent": -1,
            "children": [],
            "user id": "5469901037",
            "user name": "法不责幼法不责老法不责众",
            "content": "垃圾营销",
            "time": "20-5-14 09:28"
        },
        {
            "comment id": 98,
            "parent": -1,
            "children": [],
            "user id": "2144905027",
            "user name": "桃子不甜了呜呜呜",
            "content": "是没上过学吗？？？",
            "time": "20-5-14 08:12"
        },
        {
            "comment id": 99,
            "parent": -1,
            "children": [],
            "user id": "5072562781",
            "user name": "躲起来吧_消失不见",
            "content": "我他妈以为带鱼因为气压差才会捞上来就死的常识只要是个活的喘气的人都知道这尼玛不但不知道还假装自己知道",
            "time": "20-5-14 01:42"
        },
        {
            "comment id": 100,
            "parent": -1,
            "children": [],
            "user id": "1104825271",
            "user name": "时光踟蹰",
            "content": "营销号必死",
            "time": "20-5-13 23:03"
        }
    ]
}