{
    "source": {
        "content": "#绍兴越城区城管上演全武行#希望大家转发！！！\n绍兴城管5月11日上午十点左右，公然围攻抢有主人带有牵绳的狗，在温馨花园 城管在抢一个工人的狗，狗的主人是农民工，狗没有伤人，还牵着狗绳，请大家发声。\n[心碎][心碎][心碎][心碎]狗是主人的全部，主人拼尽全力保护自己的爱犬，却被城管部门拼命抢夺其手上的狗！ 狗是主人的私有财产，城管野蛮粗暴执法严重违反了巜物权法》！\n请大家打电话投诉举报绍兴城管非法抢夺主人私有财产的违法行为！\n地址：绍兴市越城 区凤江路城南街道温馨花园 。\n绍兴市越城区综合行政执法局地址：胜利东路219号 \n受理投诉电话: 0575-85220160  \n法制科:0575-85223893\n环卫秩序管理科:0575-85223893  网页链接",
        "time": "20-5-12 15:14",
        "user id": "1639638021",
        "tweet id": "J1AgH9zj1",
        "label": 1,
        "theme": null
    },
    "comment": [
        {
            "comment id": 0,
            "parent": -1,
            "children": [
                1,
                2,
                3,
                4,
                5,
                6,
                7,
                9
            ],
            "user id": "7312303475",
            "user name": "隐身肥仔",
            "content": "绍兴城管发通报了，狗是禁养犬，没有牵引，劝阻后还不配合，他们是正常执法，没有发生肢体冲突。",
            "time": "20-5-13 09:41"
        },
        {
            "comment id": 1,
            "parent": 0,
            "children": [],
            "user id": "5092495010",
            "user name": "-ChicaMala",
            "content": "是因为这只狗在街上到处流窜，吓到路人，警察查看监控，这一段确实没有牵绳，后来找到了主人，才拴的绳。",
            "time": "20-5-14 21:04"
        },
        {
            "comment id": 2,
            "parent": 0,
            "children": [],
            "user id": "2758830397",
            "user name": "樱樱樱桃啊啊",
            "content": "谁也不瞎，明明有绳子，睁眼说瞎话？",
            "time": "20-5-13 13:32"
        },
        {
            "comment id": 3,
            "parent": 0,
            "children": [],
            "user id": "6574322931",
            "user name": "呵呵哒的晚安呀",
            "content": "有牵引的，而且只是牵到城里剃毛，养在农村的",
            "time": "20-5-13 12:17"
        },
        {
            "comment id": 4,
            "parent": 0,
            "children": [],
            "user id": "5307928701",
            "user name": "核聚变鱼罐头",
            "content": "通告我看了，他们说执法过程全程录像，希望他们拿出来",
            "time": "20-5-13 11:52"
        },
        {
            "comment id": 5,
            "parent": 0,
            "children": [],
            "user id": "5813306322",
            "user name": "Fedor丶Wienerau",
            "content": "禁养犬本身就是个笑话",
            "time": "20-5-13 11:43"
        },
        {
            "comment id": 6,
            "parent": 0,
            "children": [],
            "user id": "1928549831",
            "user name": "沙与珍珠y",
            "content": "视频昨天我就看了，几个穿制服的抢一个农民工的狗，农民工喊得声嘶力竭，还没肢体冲突?和电视里鬼子进村一样样！人家狗是养在农村的，带到城里洗澡，城管尾随抢狗，旁边路人都在帮农民工说话。有道理，没肢体冲突干嘛删视频，放出来不正好让大家看看谁是谁非?",
            "time": "20-5-13 11:37"
        },
        {
            "comment id": 7,
            "parent": 0,
            "children": [],
            "user id": "2073704505",
            "user name": "平平无奇小媛媛",
            "content": "我看你真的木人性",
            "time": "20-5-13 11:23"
        },
        {
            "comment id": 8,
            "parent": 9,
            "children": [],
            "user id": "7312303475",
            "user name": "隐身肥仔",
            "content": "回复@跪谢李荣浩帮我减肉:那个牵引绳估计是城管给狗狗套上的吧",
            "time": "20-5-13 10:15"
        },
        {
            "comment id": 9,
            "parent": 0,
            "children": [
                8
            ],
            "user id": "1639638021",
            "user name": "跪谢李荣浩帮我减肉",
            "content": "视频里能看到狗狗是有牵引的，还有人说本来没有牵引，城管让他栓上才栓上，那更不存在不配合执法了吧。我觉得一个农民工，还没有勇气去和城管警察对抗吧",
            "time": "20-5-13 10:06"
        },
        {
            "comment id": 10,
            "parent": -1,
            "children": [
                11,
                12,
                13
            ],
            "user id": "5475809952",
            "user name": "Gardenia-熙",
            "content": "大家快去看这个大v发的！！真的要气死人了！！ ",
            "time": "20-5-12 23:06"
        },
        {
            "comment id": 11,
            "parent": 10,
            "children": [],
            "user id": "1639638021",
            "user name": "跪谢李荣浩帮我减肉",
            "content": "什么？？有毒吧？这么恶心！！！",
            "time": "20-5-13 08:28"
        },
        {
            "comment id": 12,
            "parent": 10,
            "children": [],
            "user id": "5182926808",
            "user name": "不打哲ZZ2013141003",
            "content": "这个不是上面绍兴城管抢农民工狗狗的截图吗？人家没在市区养，进城是为了去宠物医院剃毛洗澡，城管和警察合力抢走了人家狗，磕头跪拜都没用的那个",
            "time": "20-5-13 02:56"
        },
        {
            "comment id": 13,
            "parent": 10,
            "children": [],
            "user id": "5307928701",
            "user name": "核聚变鱼罐头",
            "content": "这个人就是个仇狗的，天天扭曲事实带节奏。",
            "time": "20-5-12 23:56"
        },
        {
            "comment id": 14,
            "parent": -1,
            "children": [
                15,
                16,
                17
            ],
            "user id": "1701796882",
            "user name": "吕三藏",
            "content": "我看城管发通报了 ",
            "time": "20-5-13 09:45"
        },
        {
            "comment id": 15,
            "parent": 14,
            "children": [],
            "user id": "1928549831",
            "user name": "沙与珍珠y",
            "content": "回复@爱新哥2003:有事实摆事实，阴阳怪气没意思！",
            "time": "20-5-13 14:25"
        },
        {
            "comment id": 16,
            "parent": 14,
            "children": [],
            "user id": "1928549831",
            "user name": "沙与珍珠y",
            "content": "回复@爱新哥2003:正常执法，执法录像发出来啊。官方通报就全是真话?被啪啪打脸的少了?疫情前武汉卫计委主任还在电视采访里说没有人传人！前几天北京园林局发公告寻找拆鸟窝目击者，不也被网友放出照片打脸他们贼喊捉贼 ！",
            "time": "20-5-13 14:03"
        },
        {
            "comment id": 17,
            "parent": 14,
            "children": [],
            "user id": "5307928701",
            "user name": "核聚变鱼罐头",
            "content": "他们的执法录像呢",
            "time": "20-5-13 12:13"
        },
        {
            "comment id": 18,
            "parent": -1,
            "children": [
                19
            ],
            "user id": "2804650404",
            "user name": "小虫子pengyuan",
            "content": "渣浪一直删帖，简直了！！！",
            "time": "20-5-12 15:56"
        },
        {
            "comment id": 19,
            "parent": 18,
            "children": [],
            "user id": "1639638021",
            "user name": "跪谢李荣浩帮我减肉",
            "content": "啊！好气！！！",
            "time": "20-5-12 15:57"
        },
        {
            "comment id": 20,
            "parent": -1,
            "children": [],
            "user id": "1639638021",
            "user name": "跪谢李荣浩帮我减肉",
            "content": "把狗狗还回去！！！ ",
            "time": "20-5-12 15:22"
        },
        {
            "comment id": 21,
            "parent": -1,
            "children": [],
            "user id": "1639638021",
            "user name": "跪谢李荣浩帮我减肉",
            "content": "渣浪说视频不能通过审核，给我删了，只能发截图了 ",
            "time": "20-5-12 15:22"
        },
        {
            "comment id": 22,
            "parent": -1,
            "children": [
                23,
                24
            ],
            "user id": "6750353268",
            "user name": "对称图形201810",
            "content": "为什么要抢一个工人养的狗啊？ 狗没伤人，工人还牵着狗绳，为什么这么多人抢狗？ 工人养的狗就会有这样的结果？ 2020年了，怎么觉得穿越到古代了呢！",
            "time": "20-5-12 15:34"
        },
        {
            "comment id": 23,
            "parent": 22,
            "children": [],
            "user id": "1639638021",
            "user name": "跪谢李荣浩帮我减肉",
            "content": "据说绍兴城管捕狗有个什么600元奖励可能觉得农民工好欺负吧",
            "time": "20-5-12 15:35"
        },
        {
            "comment id": 24,
            "parent": 22,
            "children": [],
            "user id": "2041497995",
            "user name": "_Makiiiiii",
            "content": "周围群众也不帮一下，看了真心疼",
            "time": "20-5-13 01:20"
        },
        {
            "comment id": 25,
            "parent": -1,
            "children": [],
            "user id": "5235234498",
            "user name": "你是阴天的太阳",
            "content": "城管真是一群没人性又穿着制服的涉黑势力",
            "time": "20-5-13 07:11"
        },
        {
            "comment id": 26,
            "parent": -1,
            "children": [
                27,
                29,
                31,
                33
            ],
            "user id": "5519833533",
            "user name": "哥只是个传说Super",
            "content": "当你们知道狗主人说了什么就会有另外的想法了",
            "time": "20-5-12 23:38"
        },
        {
            "comment id": 27,
            "parent": 26,
            "children": [],
            "user id": "1928549831",
            "user name": "沙与珍珠y",
            "content": "回复@哥只是个金色的传说:官方发表的就一定是客观事实?官方也在新闻联播上通报过李文亮\"造谣”！",
            "time": "20-5-13 14:06"
        },
        {
            "comment id": 28,
            "parent": 29,
            "children": [],
            "user id": "5519833533",
            "user name": "哥只是个传说Super",
            "content": "回复@呵呵哒的晚安呀:还是去看官方发表的客观事实吧",
            "time": "20-5-13 12:45"
        },
        {
            "comment id": 29,
            "parent": 26,
            "children": [
                28
            ],
            "user id": "6574322931",
            "user name": "呵呵哒的晚安呀",
            "content": "回复@哥只是个金色的传说:为什么要说难听的话？我只是看你是知情人士想了解更具体的情况而已呀",
            "time": "20-5-13 12:44"
        },
        {
            "comment id": 30,
            "parent": 31,
            "children": [],
            "user id": "5519833533",
            "user name": "哥只是个传说Super",
            "content": "回复@呵呵哒的晚安呀:话难听我不想说，但是请你们客观看待",
            "time": "20-5-13 12:32"
        },
        {
            "comment id": 31,
            "parent": 26,
            "children": [
                30
            ],
            "user id": "6574322931",
            "user name": "呵呵哒的晚安呀",
            "content": "回复@哥只是个金色的传说:博主没说知道狗主人说了什么，而你说了，所以就问下你了",
            "time": "20-5-13 12:27"
        },
        {
            "comment id": 32,
            "parent": 33,
            "children": [],
            "user id": "5519833533",
            "user name": "哥只是个传说Super",
            "content": "回复@呵呵哒的晚安呀:博主很懂，可以去问博主",
            "time": "20-5-13 12:24"
        },
        {
            "comment id": 33,
            "parent": 26,
            "children": [
                32
            ],
            "user id": "6574322931",
            "user name": "呵呵哒的晚安呀",
            "content": "说了什么呀？",
            "time": "20-5-13 12:23"
        },
        {
            "comment id": 34,
            "parent": -1,
            "children": [],
            "user id": "5671591706",
            "user name": "即将成为型男的秉哥哥",
            "content": "希望你对你自己说的话负责 不知道真相别乱说话",
            "time": "20-5-12 23:43"
        },
        {
            "comment id": 35,
            "parent": -1,
            "children": [],
            "user id": "2598024054",
            "user name": "辛巴麻麻呀",
            "content": "真的气哭！",
            "time": "20-5-12 22:51"
        },
        {
            "comment id": 36,
            "parent": -1,
            "children": [],
            "user id": "2176678564",
            "user name": "财神爷爷宅我家",
            "content": "就事论事 强抢就是错误执法 与爱狗人士无关 你说你处置街头隐患比如流浪狗没问题 但是这是别人家犬 别人是有感情的 也有按要求佩戴绳子 人民自家的东西请你们还回去 ！除了狗患猫患 请问狗官是不是也要清理呢！",
            "time": "20-5-13 11:27"
        },
        {
            "comment id": 37,
            "parent": -1,
            "children": [],
            "user id": "2488163115",
            "user name": "亚保之主",
            "content": "绍兴城管真牛，柿子要挑软的捏！把群众当观众进行表演！",
            "time": "20-5-12 23:34"
        },
        {
            "comment id": 38,
            "parent": -1,
            "children": [],
            "user id": "7095585374",
            "user name": "317木马",
            "content": "太可恶了，城管就挺讨厌的",
            "time": "20-5-12 15:27"
        },
        {
            "comment id": 39,
            "parent": -1,
            "children": [],
            "user id": "1339635211",
            "user name": "拯救小象莫莉11",
            "content": "城管，就是专门欺负善良的没有还手能力的老百姓的，废了废了，看不到希望了",
            "time": "20-5-13 08:02"
        },
        {
            "comment id": 40,
            "parent": -1,
            "children": [],
            "user id": "2662284451",
            "user name": "张渣男的小拖拉机儿_",
            "content": "转发超过500是要负刑事责任的",
            "time": "20-5-13 00:24"
        },
        {
            "comment id": 41,
            "parent": -1,
            "children": [],
            "user id": "6336172064",
            "user name": "吾哩珍珠啊",
            "content": "大家去绍兴城管的官博私信，骂死它们这群人渣",
            "time": "20-5-12 23:25"
        },
        {
            "comment id": 42,
            "parent": -1,
            "children": [],
            "user id": "5657685209",
            "user name": "Rinoe-x",
            "content": "中国还是法制社会吗？",
            "time": "20-5-12 23:07"
        },
        {
            "comment id": 43,
            "parent": -1,
            "children": [],
            "user id": "5657685209",
            "user name": "Rinoe-x",
            "content": "请问城管你平什么？",
            "time": "20-5-12 23:07"
        },
        {
            "comment id": 44,
            "parent": -1,
            "children": [],
            "user id": "6270025849",
            "user name": "妍了了的",
            "content": "顶你上去",
            "time": "20-5-12 22:45"
        },
        {
            "comment id": 45,
            "parent": -1,
            "children": [],
            "user id": "1910328281",
            "user name": "西爻肖",
            "content": "为什么上不了热搜",
            "time": "20-5-12 21:16"
        },
        {
            "comment id": 46,
            "parent": -1,
            "children": [],
            "user id": "6339254051",
            "user name": "Being-t-D",
            "content": "请把“家人”还给家人吧",
            "time": "20-5-12 20:49"
        },
        {
            "comment id": 47,
            "parent": -1,
            "children": [],
            "user id": "3848873111",
            "user name": "网名是个啥东西我想不到啊啊啊",
            "content": "为什么他们就不能做一点真正为老百姓着想的事情   为什么要一直欺负老实人！！！",
            "time": "20-5-12 19:32"
        },
        {
            "comment id": 48,
            "parent": -1,
            "children": [],
            "user id": "6370857997",
            "user name": "爱新哥2003",
            "content": "还删我评论，根本就接受不了另一种声音是吗",
            "time": "20-5-14 08:52"
        },
        {
            "comment id": 49,
            "parent": -1,
            "children": [],
            "user id": "6472477471",
            "user name": "素语素心7097",
            "content": "欺人太甚！",
            "time": "20-5-13 13:43"
        },
        {
            "comment id": 50,
            "parent": -1,
            "children": [],
            "user id": "6574322931",
            "user name": "呵呵哒的晚安呀",
            "content": "我已经打过电话投诉了，说是已经提交了，还给了短信。大家可以继续打电话投诉。这种执法方式无法接受",
            "time": "20-5-13 12:25"
        },
        {
            "comment id": 51,
            "parent": -1,
            "children": [],
            "user id": "2073704505",
            "user name": "平平无奇小媛媛",
            "content": "以前在绍兴读书真的很喜欢绍兴，美丽安静的城市去哪了？",
            "time": "20-5-13 11:24"
        },
        {
            "comment id": 52,
            "parent": -1,
            "children": [],
            "user id": "2073704505",
            "user name": "平平无奇小媛媛",
            "content": "我想知道后续",
            "time": "20-5-13 11:23"
        },
        {
            "comment id": 53,
            "parent": -1,
            "children": [],
            "user id": "2073704505",
            "user name": "平平无奇小媛媛",
            "content": "以前在绍兴觉得这个城市真的文明安静，诶失望呀",
            "time": "20-5-13 11:12"
        },
        {
            "comment id": 54,
            "parent": -1,
            "children": [],
            "user id": "5204625910",
            "user name": "三碗不过饱",
            "content": "转发微博",
            "time": "20-5-13 10:59"
        },
        {
            "comment id": 55,
            "parent": -1,
            "children": [],
            "user id": "2184278164",
            "user name": "糖妈就是糯米小丸子",
            "content": "垃圾城管！素质真差！",
            "time": "20-5-13 10:36"
        },
        {
            "comment id": 56,
            "parent": -1,
            "children": [],
            "user id": "5413686607",
            "user name": "奋战黎明前",
            "content": "据悉，民工省吃俭用只是带狗去剪毛因为自己住的地方附近没有宠物店，当天狗主人是有牵绳子的",
            "time": "20-5-13 09:45"
        },
        {
            "comment id": 57,
            "parent": -1,
            "children": [],
            "user id": "1780560590",
            "user name": "Haaaaankk",
            "content": "@1818黄金眼",
            "time": "20-5-13 03:00"
        },
        {
            "comment id": 58,
            "parent": -1,
            "children": [],
            "user id": "1984210721",
            "user name": "Jotin-清榷",
            "content": "太过分了",
            "time": "20-5-13 00:25"
        },
        {
            "comment id": 59,
            "parent": -1,
            "children": [],
            "user id": "1984210721",
            "user name": "Jotin-清榷",
            "content": "yai gui fen l",
            "time": "20-5-13 00:25"
        },
        {
            "comment id": 60,
            "parent": -1,
            "children": [],
            "user id": "6556881511",
            "user name": "_yolohoshi",
            "content": "@回忆专用小马甲 @赵拉斯",
            "time": "20-5-12 21:06"
        },
        {
            "comment id": 61,
            "parent": -1,
            "children": [],
            "user id": "6556881511",
            "user name": "_yolohoshi",
            "content": "@绍兴公安",
            "time": "20-5-12 20:59"
        },
        {
            "comment id": 62,
            "parent": -1,
            "children": [],
            "user id": "2705017757",
            "user name": "andi--安迪",
            "content": "没证抢就对了",
            "time": "20-5-13 10:37"
        },
        {
            "comment id": 63,
            "parent": -1,
            "children": [],
            "user id": "7036100777",
            "user name": "康小予",
            "content": "//@海狸鼠jack:转发微博",
            "time": "20-5-13 14:34"
        },
        {
            "comment id": 64,
            "parent": -1,
            "children": [],
            "user id": "6209179336",
            "user name": "飞翔的荷兰弟",
            "content": "绍兴本地政府部门已经开始强压舆论了，当地论坛清一色政府水军。",
            "time": "20-5-13 13:50"
        },
        {
            "comment id": 65,
            "parent": -1,
            "children": [],
            "user id": "6209179336",
            "user name": "飞翔的荷兰弟",
            "content": "这些人为了钱疯了吧",
            "time": "20-5-13 09:57"
        },
        {
            "comment id": 66,
            "parent": -1,
            "children": [],
            "user id": "3609346463",
            "user name": "雅玲78",
            "content": "绍兴城管暴力执法！！！@绍兴12345政务热线",
            "time": "20-5-12 23:38"
        },
        {
            "comment id": 67,
            "parent": -1,
            "children": [],
            "user id": "3609346463",
            "user name": "雅玲78",
            "content": "绍兴城管与公安暴力执法！！！@绍兴公安 @绍兴发布 @绍兴头条官微 @绍兴晚报 @绍兴城管执法 @绍兴市城管执法局 @绍兴日报 @绍兴公安",
            "time": "20-5-12 23:35"
        }
    ]
}