{
    "source": {
        "content": "动物保护超话#绍兴越城区城管上演全武行# 请大家拨打绍兴市城市管理行政执法局电话0575-96310，拨打之后其会转接到绍兴政府热线，然后就可以进行投诉举报了；绍兴城管0575-85226687。绍兴城管5月11日上午十点左右，公然围攻抢有主人带有牵绳的黑狗，在绍兴市越城区凤江路城南街道温馨花园，城管违法在抢一个工人的狗，狗的主人是农民工，狗没有伤人，还牵着狗绳，请大家发声！谢谢🙏🏻！狗是主人的全部，主人拼尽全力保护自己的爱犬，却被城管部门拼命抢夺其手上的狗！狗是主人的私有财产，城管野蛮粗暴执法严重违反了巜物权法》！请大家打电话投诉举报绍兴城管非法抢夺主人私有财产的违法行为！\n要求向工人道歉！归还狗狗！赔偿损失！严惩执法负责人！！！ 👉 ",
        "time": "20-5-12 17:06",
        "user id": "3091727697",
        "tweet id": "J1AZV720p",
        "label": 1,
        "theme": null
    },
    "comment": [
        {
            "comment id": 0,
            "parent": -1,
            "children": [
                1,
                2,
                4
            ],
            "user id": "3091727697",
            "user name": "王大米dami",
            "content": "今天打电话投诉的人有点多 整个救助圈都在打 可能会出现打不通的情况 大家稍安勿躁 可以一天打几个 一天打几个 总会打通的。",
            "time": "20-5-12 17:06"
        },
        {
            "comment id": 1,
            "parent": 0,
            "children": [],
            "user id": "3091727697",
            "user name": "王大米dami",
            "content": "回复@李泽松9:我觉得主要是某些城管的态度问题 对基层人员就耍官威 暴力执法。再者说狗是养在农村的 只是来市里洗澡剃毛 他们就直接以市区二环内不能养大狗为由 不分青红皂白的强行将狗拖走。先不说有没有狗证 单说这个暴力执法 强拖硬拽 就足以让人愤怒。 查看图片",
            "time": "20-5-13 10:40"
        },
        {
            "comment id": 2,
            "parent": 0,
            "children": [],
            "user id": "5491870939",
            "user name": "北海神庭",
            "content": "会不会没证？有证的他们应该不敢抓吧",
            "time": "20-5-13 09:06"
        },
        {
            "comment id": 3,
            "parent": 4,
            "children": [],
            "user id": "3091727697",
            "user name": "王大米dami",
            "content": "回复@盼的小九九:这些城管真的拽到不行",
            "time": "20-5-12 19:00"
        },
        {
            "comment id": 4,
            "parent": 0,
            "children": [
                3
            ],
            "user id": "6170266449",
            "user name": "盼的小九九",
            "content": "他们态度很强硬，说他们就是抓狗的，再养还抓",
            "time": "20-5-12 18:23"
        },
        {
            "comment id": 5,
            "parent": -1,
            "children": [
                6
            ],
            "user id": "5979011999",
            "user name": "萧宛之不是小丸子",
            "content": "🙃🙃🙃狗狗如果被带走了，可能已经去了汪星球了，唉。",
            "time": "20-5-13 00:05"
        },
        {
            "comment id": 6,
            "parent": 5,
            "children": [
                7
            ],
            "user id": "3091727697",
            "user name": "王大米dami",
            "content": "希望不是吧🙏 咱们等待后续。",
            "time": "20-5-13 00:05"
        },
        {
            "comment id": 7,
            "parent": 6,
            "children": [],
            "user id": "5979011999",
            "user name": "萧宛之不是小丸子",
            "content": "回复@王大米dami:嗯嗯",
            "time": "20-5-13 00:06"
        },
        {
            "comment id": 8,
            "parent": -1,
            "children": [],
            "user id": "3091727697",
            "user name": "王大米dami",
            "content": "图片评论 ",
            "time": "20-5-12 18:36"
        },
        {
            "comment id": 9,
            "parent": -1,
            "children": [],
            "user id": "3091727697",
            "user name": "王大米dami",
            "content": "某些城管欺软怕硬 就欺负底层的老百姓 实在是令人愤怒 大家帮忙 扩。",
            "time": "20-5-12 17:06"
        }
    ]
}