{
    "source": {
        "content": "一个被亲戚强奸和威胁的26岁土耳其女性，在要求堕胎被拒之后，开枪杀死了强奸犯（第一枪打生殖器，男人欲拔枪回击时，她接着开多枪把他击毙）。然后她割下他的头颅，扔到村民面前，说：“不要玩弄我的名誉。这是一个玩弄我名誉的男人的头。” 正在等待审判的她说，自己已经准备好赴死。\n这么厉害的新闻，中文世界却看不到。可翻墙的各位请搜“Turkish woman awaits trial after beheading her alleged rapist”。",
        "time": "20-5-13 05:32",
        "user id": "1648736703",
        "tweet id": "J1FSU59gO",
        "label": 1,
        "theme": null
    },
    "comment": [
        {
            "comment id": 0,
            "parent": -1,
            "children": [],
            "user id": "7360969174",
            "user name": "宛宛的星空",
            "content": "看到这里我想起那个因为妻子要离婚，在法院附近把她割头，并且拎着她的头在街上走的那个男人，现在怎么样了？被判死刑还是无期啊？没有后续了？",
            "time": "20-5-13 09:09"
        },
        {
            "comment id": 1,
            "parent": -1,
            "children": [],
            "user id": "6178096472",
            "user name": "xxx号机器",
            "content": "想 你",
            "time": "20-6-18 23:15"
        },
        {
            "comment id": 2,
            "parent": -1,
            "children": [],
            "user id": "7299182903",
            "user name": "流浪站街宝贝",
            "content": "我今天看到了 还有一些外网的评论很棒  “他应该是很喜欢被人射吧，虽然大部分的男人嘴上不愿意承认，但他们的身体很诚实”“如果他真的不希望这种事发生，他应该会知道穿防弹衣或者防砍的衣服才对。但他没有。听起来就好像他很希望别人这么对他”",
            "time": "20-5-13 07:28"
        },
        {
            "comment id": 3,
            "parent": -1,
            "children": [],
            "user id": "7403861246",
            "user name": "Bouncy喻丞",
            "content": "还看到一个评论问“能不能在扔头的地方给这位勇敢的女性立一座雕像？”",
            "time": "20-5-13 08:03"
        },
        {
            "comment id": 4,
            "parent": -1,
            "children": [
                5,
                6,
                7,
                8,
                9,
                10,
                11,
                12,
                13,
                14,
                15,
                16,
                17,
                18,
                19,
                20,
                21,
                22,
                24,
                25,
                26,
                27,
                28,
                29,
                30,
                31
            ],
            "user id": "1764865887",
            "user name": "刀光剑影沥清尘",
            "content": "宁见法官，不见法医",
            "time": "20-5-13 07:32"
        },
        {
            "comment id": 5,
            "parent": 4,
            "children": [],
            "user id": "1947817977",
            "user name": "被讨厌的勇气在读ing",
            "content": "记住这句话，铭记在心。",
            "time": "20-5-16 14:38"
        },
        {
            "comment id": 6,
            "parent": 4,
            "children": [],
            "user id": "7342144748",
            "user name": "倪妮子-",
            "content": "→",
            "time": "20-5-14 03:05"
        },
        {
            "comment id": 7,
            "parent": 4,
            "children": [],
            "user id": "6914775236",
            "user name": "追梦鲤鱼",
            "content": "宁进公安，不进医院",
            "time": "20-5-14 00:41"
        },
        {
            "comment id": 8,
            "parent": 4,
            "children": [],
            "user id": "2624145755",
            "user name": "天空飘过一个鬼",
            "content": "头两天才看到林毛毛讲这个观点 今天就看到实战操作 给这位女士👏",
            "time": "20-5-14 00:40"
        },
        {
            "comment id": 9,
            "parent": 4,
            "children": [],
            "user id": "6247127008",
            "user name": "醒桃不睡觉",
            "content": "回复@金陵小崔崔转身呼啦啦:没看懂你说的是什么，是作家萧红吗？王大明是谁",
            "time": "20-5-14 00:35"
        },
        {
            "comment id": 10,
            "parent": 4,
            "children": [],
            "user id": "2859375120",
            "user name": "Puritan·",
            "content": "@野原胡涂涂",
            "time": "20-5-13 23:46"
        },
        {
            "comment id": 11,
            "parent": 4,
            "children": [],
            "user id": "3833368563",
            "user name": "青椒小护士",
            "content": "爽",
            "time": "20-5-13 18:31"
        },
        {
            "comment id": 12,
            "parent": 4,
            "children": [],
            "user id": "2384690191",
            "user name": "菜单7",
            "content": "回复@冬瓜二爷:反过来也不是不可以 宁见法医 不见法官  可以理解成在他这种社会环境下 宁愿手刃罪犯让他去见法医 也不给他机会让他去见法官辩论",
            "time": "20-5-13 18:06"
        },
        {
            "comment id": 13,
            "parent": 4,
            "children": [],
            "user id": "1959413973",
            "user name": "eatitabril",
            "content": "回复@边角_边ray:不 应该是殡仪馆带你走",
            "time": "20-5-13 17:41"
        },
        {
            "comment id": 14,
            "parent": 4,
            "children": [],
            "user id": "3198979753",
            "user name": "重翻旧事",
            "content": "狠人",
            "time": "20-5-13 17:27"
        },
        {
            "comment id": 15,
            "parent": 4,
            "children": [],
            "user id": "5315374506",
            "user name": "Am_and_Our",
            "content": "回复@冬瓜二爷:理解能力堪忧",
            "time": "20-5-13 17:23"
        },
        {
            "comment id": 16,
            "parent": 4,
            "children": [],
            "user id": "5021347405",
            "user name": "上班崽想天天T恤短裤游戏机",
            "content": "回复@边角_边ray:哈哈哈哈哈哈哈哈哈哈哈哈哈哈",
            "time": "20-5-13 16:51"
        },
        {
            "comment id": 17,
            "parent": 4,
            "children": [],
            "user id": "1901403725",
            "user name": "维他命_WK",
            "content": "回复@冬瓜二爷:哎呀，你这理解能力，这明明说的就是，遇到危险，宁愿杀死对方，也不要被杀死",
            "time": "20-5-13 16:14"
        },
        {
            "comment id": 18,
            "parent": 4,
            "children": [],
            "user id": "6585185856",
            "user name": "鱼以沫_Bonnie",
            "content": "110带我走，120带你走",
            "time": "20-5-13 15:35"
        },
        {
            "comment id": 19,
            "parent": 4,
            "children": [],
            "user id": "5750128133",
            "user name": "吉吉酱_",
            "content": "回复@冬瓜二爷:她跟法医说不着啊 她杀死强奸犯也得是跟法官说明情况呀 法医又不用问口供...",
            "time": "20-5-13 15:23"
        },
        {
            "comment id": 20,
            "parent": 4,
            "children": [],
            "user id": "1691086953",
            "user name": "甜咻咻咻咻",
            "content": "回复@冬瓜二爷:这句话好像是林毛毛说的？原话意思是宁愿在法庭上见法官据理力争，也不愿意被杀死让法医验尸。当然要是记错了我立刻滑跪",
            "time": "20-5-13 15:08"
        },
        {
            "comment id": 21,
            "parent": 4,
            "children": [],
            "user id": "5750128133",
            "user name": "吉吉酱_",
            "content": "回复@冬瓜二爷:这句话的意思难道不是要活着吗 尸体才去见法医啊",
            "time": "20-5-13 15:08"
        },
        {
            "comment id": 22,
            "parent": 4,
            "children": [],
            "user id": "7372072198",
            "user name": "一座漆黑的小木屋",
            "content": "再说的难听点……宁愿在刑场上死在法警手里，也不愿死在罪犯手里，既然横竖都是一死那老子就要当罪人的送葬人",
            "time": "20-5-13 13:31"
        },
        {
            "comment id": 23,
            "parent": 24,
            "children": [],
            "user id": "1764865887",
            "user name": "刀光剑影沥清尘",
            "content": "回复@楠的鲸Laukin:如果通过法律也不能得到应有的公道，那就不如手刃了他",
            "time": "20-5-13 12:47"
        },
        {
            "comment id": 24,
            "parent": 4,
            "children": [
                23
            ],
            "user id": "5228628774",
            "user name": "楠的鲸Laukin",
            "content": "可能违背了法律的原则 但是 真他喵的爽啊",
            "time": "20-5-13 12:46"
        },
        {
            "comment id": 25,
            "parent": 4,
            "children": [],
            "user id": "5018699366",
            "user name": "Rodgri",
            "content": "",
            "time": "20-5-13 12:43"
        },
        {
            "comment id": 26,
            "parent": 4,
            "children": [],
            "user id": "5912189462",
            "user name": "VienBWinder",
            "content": "👌",
            "time": "20-5-13 12:37"
        },
        {
            "comment id": 27,
            "parent": 4,
            "children": [],
            "user id": "7396310865",
            "user name": "一天要喝八杯香叶茶",
            "content": "",
            "time": "20-5-13 12:31"
        },
        {
            "comment id": 28,
            "parent": 4,
            "children": [],
            "user id": "1720813274",
            "user name": "马军dancer",
            "content": "说的他妈漂亮",
            "time": "20-5-13 12:23"
        },
        {
            "comment id": 29,
            "parent": 4,
            "children": [],
            "user id": "6014841918",
            "user name": "果汁分你一半infinity",
            "content": "同意！！！👍",
            "time": "20-5-13 11:30"
        },
        {
            "comment id": 30,
            "parent": 4,
            "children": [],
            "user id": "6858155727",
            "user name": "麽麽_欧力给",
            "content": "说得好",
            "time": "20-5-13 10:25"
        },
        {
            "comment id": 31,
            "parent": 4,
            "children": [],
            "user id": "6324840222",
            "user name": "刺楞楞",
            "content": "终于看见实践者了",
            "time": "20-5-13 08:14"
        },
        {
            "comment id": 32,
            "parent": -1,
            "children": [],
            "user id": "1183646830",
            "user name": "安澜堂懒猫",
            "content": "我看了一下后续，终身监禁。”the woman member of the court board has expressed a dissenting opinion of 'unjust provocation' to the verdict given by majority of votes“ 看得很难过",
            "time": "20-5-13 05:50"
        },
        {
            "comment id": 33,
            "parent": -1,
            "children": [],
            "user id": "1214648103",
            "user name": "天生的心盲症患者",
            "content": "祝所有的女生都有这样的血性，并终身不会遭遇这种事情。",
            "time": "20-5-13 07:15"
        },
        {
            "comment id": 34,
            "parent": -1,
            "children": [],
            "user id": "2789384377",
            "user name": "李某人_IVY",
            "content": "这是2012年的新闻？ 网页链接",
            "time": "20-5-13 09:15"
        },
        {
            "comment id": 35,
            "parent": -1,
            "children": [],
            "user id": "5150596321",
            "user name": "游司家的兔尾巴",
            "content": "这种国内会怎么判？会不会因为情有可原被轻判呀？有没有学法的讲讲？",
            "time": "20-5-13 07:54"
        },
        {
            "comment id": 36,
            "parent": -1,
            "children": [
                37,
                38,
                41,
                42,
                43,
                44,
                45,
                46,
                47,
                48
            ],
            "user id": "2495207297",
            "user name": "星野穗_",
            "content": "这么厉害的中文，原博世界却看不到。 网页链接",
            "time": "20-5-13 15:16"
        },
        {
            "comment id": 37,
            "parent": 36,
            "children": [],
            "user id": "6478629924",
            "user name": "哎就是吃不胖怎么办呢",
            "content": "正在带节奏呢，被你这么掺和了。",
            "time": "20-5-20 04:20"
        },
        {
            "comment id": 38,
            "parent": 36,
            "children": [],
            "user id": "6352605978",
            "user name": "butterchubby",
            "content": "别有用心哈",
            "time": "20-5-15 12:28"
        },
        {
            "comment id": 39,
            "parent": 42,
            "children": [],
            "user id": "5533330358",
            "user name": "InterlinkedInterlinked",
            "content": "回复@潘沧桑:一下看到自己的同伙被割头了吓个半死，翻翻评论幸好找到了可以攻击的点哦赶紧骂两句压压惊",
            "time": "20-5-15 05:28"
        },
        {
            "comment id": 40,
            "parent": 44,
            "children": [],
            "user id": "5675802120",
            "user name": "好好学习鹿小鸣",
            "content": "回复@可可花生稀饭:原博及许多转发都",
            "time": "20-5-15 02:39"
        },
        {
            "comment id": 41,
            "parent": 36,
            "children": [],
            "user id": "2606384507",
            "user name": "Tapiang",
            "content": "哈哈哈哈哈哈哈哈",
            "time": "20-5-14 09:18"
        },
        {
            "comment id": 42,
            "parent": 36,
            "children": [
                39
            ],
            "user id": "2535861505",
            "user name": "潘沧桑",
            "content": "国内女⭕果然都不是什么好东西",
            "time": "20-5-14 09:04"
        },
        {
            "comment id": 43,
            "parent": 36,
            "children": [],
            "user id": "2309640777",
            "user name": "西芹炒鸡蛋没吃过呢",
            "content": "原博节奏带的飞起",
            "time": "20-5-14 08:59"
        },
        {
            "comment id": 44,
            "parent": 36,
            "children": [
                40
            ],
            "user id": "7070369422",
            "user name": "可可花生稀饭",
            "content": "原博是选择性眼瞎",
            "time": "20-5-14 00:40"
        },
        {
            "comment id": 45,
            "parent": 36,
            "children": [],
            "user id": "5099001663",
            "user name": "Sasa宛",
            "content": "果然原博别有用心",
            "time": "20-5-13 18:11"
        },
        {
            "comment id": 46,
            "parent": 36,
            "children": [],
            "user id": "2495207297",
            "user name": "星野穗_",
            "content": "回复@一个还挺好听的昵称:故意的，贩卖矛盾才有热度，才有钱赚",
            "time": "20-5-13 16:40"
        },
        {
            "comment id": 47,
            "parent": 36,
            "children": [],
            "user id": "5022790679",
            "user name": "空空好运来",
            "content": "上去！",
            "time": "20-5-13 16:36"
        },
        {
            "comment id": 48,
            "parent": 36,
            "children": [],
            "user id": "2167219484",
            "user name": "414能不能改名",
            "content": "（小声bb一下）那句话真的好...带节奏",
            "time": "20-5-13 15:18"
        },
        {
            "comment id": 49,
            "parent": -1,
            "children": [
                53,
                56,
                57,
                58,
                60,
                61,
                64,
                66,
                71
            ],
            "user id": "6679959079",
            "user name": "Sora-F",
            "content": "姑娘好样的，正当防卫应该无罪释放，这才是英雄//@醒来吧姐妹: 女人都有这种血性就好了",
            "time": "20-5-13 07:12"
        },
        {
            "comment id": 50,
            "parent": 53,
            "children": [],
            "user id": "2599445617",
            "user name": "少年尤",
            "content": "回复@Sora-F:别扯假大空，去人大提案ok？",
            "time": "20-5-14 09:29"
        },
        {
            "comment id": 51,
            "parent": 52,
            "children": [],
            "user id": "6080394480",
            "user name": "圈圈圈的圈圈",
            "content": "回复@奶思兔蜜啾:确实。",
            "time": "20-5-14 08:29"
        },
        {
            "comment id": 52,
            "parent": 60,
            "children": [
                51
            ],
            "user id": "5060992341",
            "user name": "奶思兔蜜啾",
            "content": "回复@圈圈圈的圈圈:不是在强奸过程中击杀的，而是反复多次强奸，然后怀孕要求堕胎未果，所以不是在实施犯罪过程中的防卫，应该是不属于自我防卫的。",
            "time": "20-5-14 02:31"
        },
        {
            "comment id": 53,
            "parent": 49,
            "children": [
                50
            ],
            "user id": "6679959079",
            "user name": "Sora-F",
            "content": "回复@亲亲怪周:她看穿了男权吃女人的骗术，咱们的狡辩/胡搅蛮缠没有用，兄弟们赶紧撤退吧",
            "time": "20-5-13 22:18"
        },
        {
            "comment id": 54,
            "parent": 57,
            "children": [],
            "user id": "6679959079",
            "user name": "Sora-F",
            "content": "回复@少年尤:侵犯国家主权，只能在敌人开枪的时候反击，敌人后退的时候不可以？侵犯她人身体主权，对受害女性还真是严格。爹国法律认为强拆你家合法，你就乖乖搬家吧。",
            "time": "20-5-13 22:16"
        },
        {
            "comment id": 55,
            "parent": 56,
            "children": [],
            "user id": "6679959079",
            "user name": "Sora-F",
            "content": "回复@有拳好好打:中国的强奸法是强奸犯制定的，强奸犯预备役，赵秉志了解一下",
            "time": "20-5-13 22:09"
        },
        {
            "comment id": 56,
            "parent": 49,
            "children": [
                55
            ],
            "user id": "5856016148",
            "user name": "有拳好好打",
            "content": "法盲?",
            "time": "20-5-13 13:30"
        },
        {
            "comment id": 57,
            "parent": 49,
            "children": [
                54
            ],
            "user id": "2599445617",
            "user name": "少年尤",
            "content": "这是国内立法中属事后防卫，不能成立正当防卫的（所以告诫被强奸的妹子，在过程中就一击毙命）",
            "time": "20-5-13 12:54"
        },
        {
            "comment id": 58,
            "parent": 49,
            "children": [],
            "user id": "6679959079",
            "user name": "Sora-F",
            "content": "回复@ich_bin_suchsu:强奸犯预备役急着要跟强奸犯共情，害怕受害者反杀。没事，多杀几个强奸犯就好了。",
            "time": "20-5-13 11:37"
        },
        {
            "comment id": 59,
            "parent": 61,
            "children": [],
            "user id": "6525956632",
            "user name": "隐人noname",
            "content": "回复@仓鼠喵yoyo:说实话，单从这个案例来看就像，张三（没错又是张三）走在路上被李四持刀威胁并且打了一顿，因为认怂快所以逃过一劫，过了两天张三抓了把刀跑去把李四杀了。。这个强奸的男人当然值得被重判但是这个情形显然不是正当防卫。。",
            "time": "20-5-13 10:48"
        },
        {
            "comment id": 60,
            "parent": 49,
            "children": [
                52
            ],
            "user id": "6080394480",
            "user name": "圈圈圈的圈圈",
            "content": "回复@白日微岚:嘶原来是这样",
            "time": "20-5-13 10:31"
        },
        {
            "comment id": 61,
            "parent": 49,
            "children": [
                59
            ],
            "user id": "5253296833",
            "user name": "仓鼠喵yoyo",
            "content": "回复@白日微岚:嗯嗯，我对内情不了解，光看文字我以为是两个人在谈判过程中，没有暴击要挟和危险因素下发生的，所以我才发问的，可能我的疑问语气过于不明显",
            "time": "20-5-13 09:32"
        },
        {
            "comment id": 62,
            "parent": 70,
            "children": [],
            "user id": "5253296833",
            "user name": "仓鼠喵yoyo",
            "content": "回复@Sora-F:但是强奸的过程没能把犯人搞掉，过了几天路上遇到了，冲上去给了他一刀子确实不算防卫，我自然是提倡给与犯人更大的审判，带脚铐，希望有死刑，希望把强奸加入未成年应该负刑事责任的案件类型里，因为我是现实主义者，我对人的理性不抱太高的信任，所以我也不支持事后犯罪乱判刑，这样法律就没有意义",
            "time": "20-5-13 09:30"
        },
        {
            "comment id": 63,
            "parent": 70,
            "children": [],
            "user id": "5253296833",
            "user name": "仓鼠喵yoyo",
            "content": "回复@Sora-F:emmmmm，这法律我也很生气只是觉得目前大多数国家可能都不会判正当防卫，但是我觉得应该倡导在这种情况下酌情减刑类似这样的举措，而且强奸犯犯罪完也应该抓捕他进行审判，说白了现行的举证过程和惩罚还是对受害人太严苛，对强奸犯太宽容",
            "time": "20-5-13 09:26"
        },
        {
            "comment id": 64,
            "parent": 49,
            "children": [],
            "user id": "5253296833",
            "user name": "仓鼠喵yoyo",
            "content": "回复@白日微岚:所以这个案件是女方在被威胁的过程中枪毙男方的？我以为是男的不让女的堕胎的时候女的枪杀了他，理解错了",
            "time": "20-5-13 09:21"
        },
        {
            "comment id": 65,
            "parent": 66,
            "children": [],
            "user id": "5248105107",
            "user name": "染血的米饭",
            "content": "回复@圈圈圈的圈圈:可是是此次行动中男子主动强奸啊",
            "time": "20-5-13 09:11"
        },
        {
            "comment id": 66,
            "parent": 49,
            "children": [
                65
            ],
            "user id": "6080394480",
            "user name": "圈圈圈的圈圈",
            "content": "回复@白日微岚:可是是在此次行动中女子主动袭击啊",
            "time": "20-5-13 08:56"
        },
        {
            "comment id": 67,
            "parent": 71,
            "children": [],
            "user id": "2789384377",
            "user name": "李某人_IVY",
            "content": "回复@仓鼠喵yoyo:为数不多的一个明白人",
            "time": "20-5-13 08:25"
        },
        {
            "comment id": 68,
            "parent": 69,
            "children": [],
            "user id": "5236181531",
            "user name": "流水线厂花小徐",
            "content": "回复@音音妞妞:微博本科率都那么低，还要求懂法，兄弟你要求属实过高了hhh",
            "time": "20-5-13 08:20"
        },
        {
            "comment id": 69,
            "parent": 70,
            "children": [
                68
            ],
            "user id": "3639955921",
            "user name": "音音妞妞",
            "content": "回复@Sora-F:懂法吗朋友？去查查正当防卫是什么再来评论",
            "time": "20-5-13 07:48"
        },
        {
            "comment id": 70,
            "parent": 71,
            "children": [
                62,
                63,
                69
            ],
            "user id": "6679959079",
            "user name": "Sora-F",
            "content": "回复@仓鼠喵yoyo:抢银行只有在抢劫过程中才能抓捕抢劫犯？呵呵，吃女人真是借口多",
            "time": "20-5-13 07:30"
        },
        {
            "comment id": 71,
            "parent": 49,
            "children": [
                67,
                70
            ],
            "user id": "5253296833",
            "user name": "仓鼠喵yoyo",
            "content": "这个就算在我国应该也不判正当防卫吧？毕竟不在行为过程中，咳，太难了",
            "time": "20-5-13 07:27"
        },
        {
            "comment id": 72,
            "parent": -1,
            "children": [],
            "user id": "2311535747",
            "user name": "张本基律师",
            "content": "即使在中国审判，也是故意杀人罪+侮辱尸体罪。正当防卫算不上。法律就这样。",
            "time": "20-5-13 08:04"
        },
        {
            "comment id": 73,
            "parent": -1,
            "children": [
                74,
                75,
                76,
                79,
                80,
                82
            ],
            "user id": "5241548129",
            "user name": "烦恼的LaLa",
            "content": "亲，自己没看新闻就不要说人家新闻媒体没报道嘛，以后发博，记得先做个调查哦～ 网页链接",
            "time": "20-5-13 16:54"
        },
        {
            "comment id": 74,
            "parent": 73,
            "children": [],
            "user id": "6345870375",
            "user name": "周周缺一",
            "content": "回复@奈奈雅很讨厌复读机:被打成不实，是因为他最后一句话不实，而且主楼已经证实了确实不实，博主怕是想带什么节奏..",
            "time": "20-5-19 15:00"
        },
        {
            "comment id": 75,
            "parent": 73,
            "children": [],
            "user id": "5241548129",
            "user name": "烦恼的LaLa",
            "content": "回复@奈奈雅很讨厌复读机:应该是被举报了吧",
            "time": "20-5-16 08:12"
        },
        {
            "comment id": 76,
            "parent": 73,
            "children": [],
            "user id": "2463079424",
            "user name": "-奈奈雅",
            "content": "但讽刺的是，这个被打为不实消息了😂",
            "time": "20-5-16 07:30"
        },
        {
            "comment id": 77,
            "parent": 79,
            "children": [],
            "user id": "5241548129",
            "user name": "烦恼的LaLa",
            "content": "回复@曾伽·宗博鲁特:都是我们的错，打扰他去洗脑大众，不过他觉得我们没错，毕竟给他增流量了",
            "time": "20-5-14 09:01"
        },
        {
            "comment id": 78,
            "parent": 82,
            "children": [],
            "user id": "5241548129",
            "user name": "烦恼的LaLa",
            "content": "回复@菜吖菜芽:也是，吐槽他就是给他增流量",
            "time": "20-5-14 08:59"
        },
        {
            "comment id": 79,
            "parent": 73,
            "children": [
                77
            ],
            "user id": "6033718516",
            "user name": "曾伽·宗博鲁特",
            "content": "别看2019，这他妈2012年的新闻都有。。",
            "time": "20-5-14 07:15"
        },
        {
            "comment id": 80,
            "parent": 73,
            "children": [],
            "user id": "6033718516",
            "user name": "曾伽·宗博鲁特",
            "content": "都是生意。",
            "time": "20-5-14 07:04"
        },
        {
            "comment id": 81,
            "parent": 82,
            "children": [],
            "user id": "2658671223",
            "user name": "_同人于野_",
            "content": "回复@菜吖菜芽:都是生意",
            "time": "20-5-14 06:33"
        },
        {
            "comment id": 82,
            "parent": 73,
            "children": [
                78,
                81
            ],
            "user id": "2792742664",
            "user name": "菜吖菜芽",
            "content": "亲亲，人家目的是对立流量，没看到3万加转，20万加赞了吗，这都是钱钱💰 啊，还能顺便洗脑筛选受众",
            "time": "20-5-13 21:59"
        },
        {
            "comment id": 83,
            "parent": -1,
            "children": [
                84,
                85,
                86,
                87
            ],
            "user id": "5639113315",
            "user name": "Miracle-大魔王",
            "content": "奇怪诶你在哪个中文世界呢？ 网页链接",
            "time": "20-5-13 15:45"
        },
        {
            "comment id": 84,
            "parent": 83,
            "children": [],
            "user id": "2658671223",
            "user name": "_同人于野_",
            "content": "回复@执念Erii:不带节奏怎么增收呐",
            "time": "20-5-14 06:33"
        },
        {
            "comment id": 85,
            "parent": 83,
            "children": [],
            "user id": "2687849680",
            "user name": "水果拼盘武士L",
            "content": "应该是夹总滴微博世界",
            "time": "20-5-13 22:39"
        },
        {
            "comment id": 86,
            "parent": 83,
            "children": [],
            "user id": "5701160349",
            "user name": "sleepingcatm",
            "content": "upupup",
            "time": "20-5-13 21:34"
        },
        {
            "comment id": 87,
            "parent": 83,
            "children": [],
            "user id": "5639113315",
            "user name": "Miracle-大魔王",
            "content": "回复@执念Erii:哈哈哈谢谢辽",
            "time": "20-5-13 19:17"
        },
        {
            "comment id": 88,
            "parent": -1,
            "children": [],
            "user id": "2578239191",
            "user name": "宋宋开架小飞机",
            "content": "一句“中文世界却看不到”不知道你在影射些什么？这种新闻宣传了什么？有仇必报的侠义世界？",
            "time": "20-5-13 08:51"
        },
        {
            "comment id": 89,
            "parent": -1,
            "children": [],
            "user id": "2279324620",
            "user name": "我不李李李李李姐",
            "content": "就算是终身监禁 也比被折磨得好",
            "time": "20-5-13 07:50"
        },
        {
            "comment id": 90,
            "parent": -1,
            "children": [
                92,
                99,
                105,
                115,
                117,
                118,
                119,
                120,
                121,
                122,
                123,
                124,
                125,
                126
            ],
            "user id": "5747576228",
            "user name": "N7Crusades",
            "content": "多点这样的女人而不是奴",
            "time": "20-5-13 08:00"
        },
        {
            "comment id": 91,
            "parent": 93,
            "children": [],
            "user id": "6437211156",
            "user name": "HappinessIsaJourney",
            "content": "回复@Maestro12:那你说你🐴呢？🙄",
            "time": "20-5-27 16:08"
        },
        {
            "comment id": 92,
            "parent": 90,
            "children": [],
            "user id": "7154729369",
            "user name": "二进制一00一",
            "content": "这层下面哪来这么多憨憨，别人说啥你自己不是就别对号入座呗",
            "time": "20-5-14 00:26"
        },
        {
            "comment id": 93,
            "parent": 94,
            "children": [
                91
            ],
            "user id": "6253704228",
            "user name": "Maestro12",
            "content": "回复@HappinessIsaJourney:与我？",
            "time": "20-5-13 20:07"
        },
        {
            "comment id": 94,
            "parent": 95,
            "children": [
                93
            ],
            "user id": "6437211156",
            "user name": "HappinessIsaJourney",
            "content": "回复@Maestro12:与你？",
            "time": "20-5-13 19:50"
        },
        {
            "comment id": 95,
            "parent": 97,
            "children": [
                94
            ],
            "user id": "6253704228",
            "user name": "Maestro12",
            "content": "回复@HappinessIsaJourney:果然，点开首页显示，男",
            "time": "20-5-13 18:19"
        },
        {
            "comment id": 96,
            "parent": 103,
            "children": [],
            "user id": "5747576228",
            "user name": "N7Crusades",
            "content": "回复@Yanorth:不，我只是对女人狠毒和极端而已，你看评论里的各位认证了的。",
            "time": "20-5-13 14:09"
        },
        {
            "comment id": 97,
            "parent": 98,
            "children": [
                95
            ],
            "user id": "6437211156",
            "user name": "HappinessIsaJourney",
            "content": "回复@N7Crusades:你开心就好",
            "time": "20-5-13 13:52"
        },
        {
            "comment id": 98,
            "parent": 100,
            "children": [
                97
            ],
            "user id": "5747576228",
            "user name": "N7Crusades",
            "content": "回复@HappinessIsaJourney:我看柯洁生活挺顺利成功的，不还是一口一个母狗的叫  再者怼我骂我也没感觉啊，又不是同工不同酬、强奸我、性骚扰我、把我堕掉。意见太激烈就希望人家生活不好，社会总体生活水平下降是会导致犯罪率攀升的。",
            "time": "20-5-13 13:51"
        },
        {
            "comment id": 99,
            "parent": 90,
            "children": [],
            "user id": "6451482653",
            "user name": "星垂夜舟",
            "content": "？",
            "time": "20-5-13 13:49"
        },
        {
            "comment id": 100,
            "parent": 101,
            "children": [
                98
            ],
            "user id": "6437211156",
            "user name": "HappinessIsaJourney",
            "content": "回复@N7Crusades:语文体育老师教的吧？你家“一般”和“都”一个意思？看你评论你这种人思想极端啊，现实生活一定不顺利吧？才会在网络上这么大戾气，你看看那些骂你怼你的评论，开心不？",
            "time": "20-5-13 13:40"
        },
        {
            "comment id": 101,
            "parent": 102,
            "children": [
                100
            ],
            "user id": "5747576228",
            "user name": "N7Crusades",
            "content": "回复@HappinessIsaJourney:“女的一般不会说这种话”，“亚洲人眼睛都挺小的”",
            "time": "20-5-13 13:38"
        },
        {
            "comment id": 102,
            "parent": 104,
            "children": [
                101
            ],
            "user id": "6437211156",
            "user name": "HappinessIsaJourney",
            "content": "回复@N7Crusades:我没觉得你是女的啊，因为女的一般不会说这种话，除非女权那类",
            "time": "20-5-13 13:37"
        },
        {
            "comment id": 103,
            "parent": 104,
            "children": [
                96
            ],
            "user id": "1679439794",
            "user name": "Yanorth",
            "content": "回复@N7Crusades:天啦，人杠起来真的不带脑子的吗？你真是让我欣赏到了，你清楚自己在说什么吗？原词和你的意思……",
            "time": "20-5-13 13:37"
        },
        {
            "comment id": 104,
            "parent": 105,
            "children": [
                102,
                103
            ],
            "user id": "5747576228",
            "user name": "N7Crusades",
            "content": "回复@HappinessIsaJourney:我都说了我是男的，你们怎么都觉得我是女的？",
            "time": "20-5-13 13:35"
        },
        {
            "comment id": 105,
            "parent": 90,
            "children": [
                104
            ],
            "user id": "6437211156",
            "user name": "HappinessIsaJourney",
            "content": "果然，点开首页显示 男",
            "time": "20-5-13 13:34"
        },
        {
            "comment id": 106,
            "parent": 107,
            "children": [],
            "user id": "5747576228",
            "user name": "N7Crusades",
            "content": "回复@Yanorth:对啊，为什么就没人骂聂耳呢？",
            "time": "20-5-13 13:31"
        },
        {
            "comment id": 107,
            "parent": 108,
            "children": [
                106
            ],
            "user id": "1679439794",
            "user name": "Yanorth",
            "content": "回复@N7Crusades:你这句话完全站不住脚啊，“不愿做奴隶的人们”那不是正好说明了奴隶就不是个好词吗，你就在用这个词羞辱某些女性呢。",
            "time": "20-5-13 13:26"
        },
        {
            "comment id": 108,
            "parent": 109,
            "children": [
                107
            ],
            "user id": "5747576228",
            "user name": "N7Crusades",
            "content": "回复@白天_ing:你终于看得出来我想说什么了，难得啊。",
            "time": "20-5-13 12:47"
        },
        {
            "comment id": 109,
            "parent": 110,
            "children": [
                108
            ],
            "user id": "5605555916",
            "user name": "白天_ing",
            "content": "回复@N7Crusades:精你妈，自己好好学着怎样教育身边的男人再来对女人指手画脚。真要觉得他们是汪精卫那你们男的不就是鬼子么。自己言论前后矛盾，真滴浪费口舌。",
            "time": "20-5-13 12:45"
        },
        {
            "comment id": 110,
            "parent": 111,
            "children": [
                109
            ],
            "user id": "5747576228",
            "user name": "N7Crusades",
            "content": "回复@白天_ing:我的确不该踩汪精卫，是我错了。",
            "time": "20-5-13 12:41"
        },
        {
            "comment id": 111,
            "parent": 112,
            "children": [
                110
            ],
            "user id": "5605555916",
            "user name": "白天_ing",
            "content": "回复@N7Crusades:那就谢谢你守卫女权了，不过也请注意在守卫女权的时候不要一踩一捧又立又当。",
            "time": "20-5-13 12:39"
        },
        {
            "comment id": 112,
            "parent": 113,
            "children": [
                111
            ],
            "user id": "5747576228",
            "user name": "N7Crusades",
            "content": "回复@白天_ing:我是男的，所以当不了女权不过一般见过我发言的人基本说我是极端或田园女权。您觉得哪个女权用在我身上比较舒服就用哪个。",
            "time": "20-5-13 12:37"
        },
        {
            "comment id": 113,
            "parent": 115,
            "children": [
                112
            ],
            "user id": "5605555916",
            "user name": "白天_ing",
            "content": "回复@N7Crusades:难道不是吗？",
            "time": "20-5-13 12:26"
        },
        {
            "comment id": 114,
            "parent": 115,
            "children": [],
            "user id": "5605555916",
            "user name": "白天_ing",
            "content": "回复@N7Crusades:看清楚你的评论“多点这样的女人而不是奴”，你看看你在骂谁。一踩一捧又立又当就是你，用辱骂女性的词汇来展示你自己的主权。我不明白你到底是真女权还是假女权",
            "time": "20-5-13 12:26"
        },
        {
            "comment id": 115,
            "parent": 90,
            "children": [
                113,
                114
            ],
            "user id": "5747576228",
            "user name": "N7Crusades",
            "content": "回复@ich_bin_suchsu:好嘛，这就简单了，杀人的强奸人的都不及骂人的狠毒。",
            "time": "20-5-13 12:24"
        },
        {
            "comment id": 116,
            "parent": 119,
            "children": [],
            "user id": "5747576228",
            "user name": "N7Crusades",
            "content": "回复@白天_ing:“起来，不愿做奴隶的人们。” 你骂谁奴隶呢！",
            "time": "20-5-13 12:23"
        },
        {
            "comment id": 117,
            "parent": 90,
            "children": [],
            "user id": "5747576228",
            "user name": "N7Crusades",
            "content": "回复@ich_bin_suchsu:诶，我可没声称自己很高贵正直善良啊？我一直都说我是比杀人的人更极端恶毒的啊。你一开始也说了对女人最狠嘛，怎么现在又觉得我是在靠骂女人彰显自己善良高贵呢。",
            "time": "20-5-13 12:22"
        },
        {
            "comment id": 118,
            "parent": 90,
            "children": [],
            "user id": "3017684015",
            "user name": "Your-Highness",
            "content": "我觉得没毛病，如果你不是奴才心里，骂的就不是你",
            "time": "20-5-13 12:20"
        },
        {
            "comment id": 119,
            "parent": 90,
            "children": [
                116
            ],
            "user id": "5605555916",
            "user name": "白天_ing",
            "content": "你在说谁啊？这位女性确实很勇敢但是宁也不必要踩一下其他女性吧？再说奴不是骂女性的词么，你这样算是在维护女权还是在贬低女性啊。",
            "time": "20-5-13 12:18"
        },
        {
            "comment id": 120,
            "parent": 90,
            "children": [],
            "user id": "5747576228",
            "user name": "N7Crusades",
            "content": "回复@ich_bin_suchsu:诶，我没反驳过你吧，你说我极端我认的啊。反正这些男人都不够我这个被你称为“女权”的男性穷凶极恶，包括那个把单身姑娘引到自己家让自己丈夫奸杀掉的孕妇，我看到她和她丈夫的所作所为，再对比一下我在网上的极端发言，他们都是小儿科啦",
            "time": "20-5-13 12:15"
        },
        {
            "comment id": 121,
            "parent": 90,
            "children": [],
            "user id": "2834781724",
            "user name": "鹿麋不屿",
            "content": "回复@ich_bin_suchsu:你是个憨憨吗？ 查看图片",
            "time": "20-5-13 12:03"
        },
        {
            "comment id": 122,
            "parent": 90,
            "children": [],
            "user id": "2834781724",
            "user name": "鹿麋不屿",
            "content": "回复@ich_bin_suchsu:是不是，装得两下就要威胁杀人了，好歹持久一点撒",
            "time": "20-5-13 12:01"
        },
        {
            "comment id": 123,
            "parent": 90,
            "children": [],
            "user id": "5747576228",
            "user name": "N7Crusades",
            "content": "回复@ich_bin_suchsu:对啊，极端女权对女人太狠了，又骂人奴，又骂人驴，强奸女人、杀女人、不随父姓杀女人全家、堕女胎的男人看了都要甘拜下风。",
            "time": "20-5-13 11:59"
        },
        {
            "comment id": 124,
            "parent": 90,
            "children": [],
            "user id": "2144313653",
            "user name": "流风月夜z",
            "content": "回复@ich_bin_suchsu:你们这些男性压迫女性变成奴啊，不实实的说出来还狗贼的玩起话术是吧，3000万女婴都要为你们这些渣男让路弄死完了，从母亲肚子里出来的然后生掐女性脖子的人，你说女的留你有什么用！",
            "time": "20-5-13 11:57"
        },
        {
            "comment id": 125,
            "parent": 90,
            "children": [],
            "user id": "2834781724",
            "user name": "鹿麋不屿",
            "content": "回复@ich_bin_suchsu:她说这句话我没有觉得被侵犯，因为我知道我不是，但你一个带吉尔倒是有被内涵到是啥原因？",
            "time": "20-5-13 11:54"
        },
        {
            "comment id": 126,
            "parent": 90,
            "children": [],
            "user id": "2834781724",
            "user name": "鹿麋不屿",
            "content": "回复@ich_bin_suchsu:(⊙o⊙)哇，是我看不懂中文字吗？新闻不是说男罪犯先强奸女受害者吗？又变成女人对女人最狠了，女人强奸殴打女人了吗，还是女人不让女人堕胎了？不知道何原因夹带私货的永远跑得最快啊",
            "time": "20-5-13 11:46"
        },
        {
            "comment id": 127,
            "parent": -1,
            "children": [],
            "user id": "2200615673",
            "user name": "masaki的笨小猫",
            "content": "这才应该多多宣传",
            "time": "20-5-13 06:02"
        },
        {
            "comment id": 128,
            "parent": -1,
            "children": [
                129,
                130
            ],
            "user id": "3312625477",
            "user name": "快落奶茶吨吨吨",
            "content": "第一，这是2012年的新闻，博主特意挑选出来到现在来说是何居心？第二，中文网站搜得到。你最后非要提示我们翻墙，又有什么目的？",
            "time": "20-5-13 16:11"
        },
        {
            "comment id": 129,
            "parent": 128,
            "children": [],
            "user id": "2606384507",
            "user name": "Tapiang",
            "content": "节奏带的飞起",
            "time": "20-5-14 09:20"
        },
        {
            "comment id": 130,
            "parent": 128,
            "children": [],
            "user id": "1920841004",
            "user name": "TOBEMEO",
            "content": "就是 故意的 引导群众翻墙 举报他!",
            "time": "20-5-14 01:08"
        },
        {
            "comment id": 131,
            "parent": -1,
            "children": [],
            "user id": "5633789030",
            "user name": "CNISBESTTT",
            "content": "带的一手好节奏，整段微博最重要的怕是最后一段话“中文世界看不到”，让我想起油管高晓松的视频，标题大大几个字“国内禁播”，然而我一搜就搜到了",
            "time": "20-5-14 06:10"
        },
        {
            "comment id": 132,
            "parent": -1,
            "children": [],
            "user id": "5705874190",
            "user name": "BarbaraOO1",
            "content": "这还是因为有枪，少了很多心理斗争。如果是刀，很难有这个结果。但是还是希望女性在面对所有的威胁时都有这种杀伐果断的心态。",
            "time": "20-5-13 10:30"
        },
        {
            "comment id": 133,
            "parent": -1,
            "children": [
                134
            ],
            "user id": "2436570762",
            "user name": "洛夫斯基今年折节读书",
            "content": "我找到了    啊这才是   why women kill 网页链接",
            "time": "20-5-13 10:26"
        },
        {
            "comment id": 134,
            "parent": 133,
            "children": [],
            "user id": "5256371548",
            "user name": "专业摆地摊的outsider",
            "content": "这篇报道写的特别热血 一看撰稿人 果然是女性",
            "time": "20-5-13 13:27"
        },
        {
            "comment id": 135,
            "parent": -1,
            "children": [],
            "user id": "2763773097",
            "user name": "张小宝Yan",
            "content": "我上高中的时候就看过，别造谣了",
            "time": "20-5-13 21:42"
        },
        {
            "comment id": 136,
            "parent": -1,
            "children": [],
            "user id": "1911930160",
            "user name": "AetherTransmitLight",
            "content": "2012年的新闻你觉得2020的中文媒体提它干嘛？还是说你觉得你知道了一件8年前的事大家都要和你一起怀旧经典？",
            "time": "20-5-13 16:13"
        },
        {
            "comment id": 137,
            "parent": -1,
            "children": [],
            "user id": "2307427242",
            "user name": "Kun_Trance",
            "content": "且不说有人发2012的新闻稿证明中文世界有报道了。这世界这么大，就算没报道，明明是土耳其的恶性事件，怎么就归结到中文世界的问题了。。。这脑回路。",
            "time": "20-5-14 13:07"
        },
        {
            "comment id": 138,
            "parent": -1,
            "children": [
                139,
                140,
                142,
                143
            ],
            "user id": "2179463054",
            "user name": "DDDDDream",
            "content": "所以不实不是因为新闻不实，是因为说这个消息中文世界看不到这句话不实？？？",
            "time": "20-5-17 01:06"
        },
        {
            "comment id": 139,
            "parent": 138,
            "children": [],
            "user id": "2179463054",
            "user name": "DDDDDream",
            "content": "回复@DAVIS_BEN:嗯嗯，谢谢资源。我觉得博主的表述更像是“如今人们越来越忙碌了”，但这句话是错的，因为不会是全世界的每一个人都越来越忙碌了。要这么限制一个人情绪和语言的表达，那真的不能说话了。",
            "time": "20-5-18 13:40"
        },
        {
            "comment id": 140,
            "parent": 138,
            "children": [],
            "user id": "2179463054",
            "user name": "DDDDDream",
            "content": "回复@吃我胖虎拳头:不是，我就是想知道真的新闻是啥我搜了没搜到。既然这条不对我就单纯的想看下到底是啥情况",
            "time": "20-5-17 01:52"
        },
        {
            "comment id": 141,
            "parent": 142,
            "children": [],
            "user id": "5932676464",
            "user name": "睡觉辽请关灯",
            "content": "回复@DDDDDream:啊？可是你在我们浏览器搜也有这个新闻啊，中文世界看不到还是他看不到",
            "time": "20-5-17 01:48"
        },
        {
            "comment id": 142,
            "parent": 138,
            "children": [
                141
            ],
            "user id": "2179463054",
            "user name": "DDDDDream",
            "content": "回复@吃我胖虎拳头:那真实的新闻跟这个有什么出入呢？",
            "time": "20-5-17 01:45"
        },
        {
            "comment id": 143,
            "parent": 138,
            "children": [],
            "user id": "5932676464",
            "user name": "睡觉辽请关灯",
            "content": "应该是这个新闻不实，这是2012年的新闻，而且中文也有报道",
            "time": "20-5-17 01:44"
        },
        {
            "comment id": 144,
            "parent": -1,
            "children": [],
            "user id": "1954414913",
            "user name": "alwaysbeunique",
            "content": "不实消息大概指的是国内没报道吧，看到评论说12年有报道。这不是重点，重点是我有点无语“祝愿所有女性有这种血性”这种发言。",
            "time": "20-5-14 16:37"
        },
        {
            "comment id": 145,
            "parent": -1,
            "children": [],
            "user id": "6324840222",
            "user name": "刺楞楞",
            "content": "你毁了我的人生，我毁了你的下半身，很公平啊",
            "time": "20-5-13 08:17"
        },
        {
            "comment id": 146,
            "parent": -1,
            "children": [],
            "user id": "3738629531",
            "user name": "陆陆两米八",
            "content": "除了说“干得漂亮”不知道还能说啥",
            "time": "20-5-13 07:57"
        },
        {
            "comment id": 147,
            "parent": -1,
            "children": [],
            "user id": "5495607353",
            "user name": "河内碧浪达",
            "content": "想补充一个事实是，在有一些地区（包括土耳其的部分地区）存在一个说法叫“荣誉谋杀”，如果女性被强奸、被怀疑通奸、举止轻浮、拒绝被指定的婚姻、想要离婚等，就会被判决“荣誉谋杀”，就是被家族里有血缘关系的男性处死。所以很可能这位女士如果不先出手，死的就是自己。",
            "time": "20-5-13 10:03"
        },
        {
            "comment id": 148,
            "parent": -1,
            "children": [],
            "user id": "5667647492",
            "user name": "阿舍梨",
            "content": "无语 几几年的重要吗 说造谣的人在造什么谣",
            "time": "20-5-31 09:39"
        },
        {
            "comment id": 149,
            "parent": -1,
            "children": [],
            "user id": "3001350600",
            "user name": "shrane",
            "content": "就算是旧闻又怎样，至少让墙这边的人看到了",
            "time": "20-5-14 14:23"
        },
        {
            "comment id": 150,
            "parent": -1,
            "children": [],
            "user id": "5671336939",
            "user name": "地瓜干和土豆泥",
            "content": "你用的ie浏览器吗？",
            "time": "20-5-13 21:45"
        },
        {
            "comment id": 151,
            "parent": -1,
            "children": [
                152,
                153,
                154
            ],
            "user id": "7397482660",
            "user name": "大橘的小蜜",
            "content": "这样的女人多了，强奸犯就少了//@木林森遇到了火炎焱:毛毛说了，法律不起作用的时候，就亲手要了强奸犯的命 这样的女人多了，法律才会考虑重判强奸犯 你敢强奸 就要做好没命或被割线头的准备",
            "time": "20-5-13 08:52"
        },
        {
            "comment id": 152,
            "parent": 151,
            "children": [],
            "user id": "5782566250",
            "user name": "朱砂的新小窝",
            "content": "回复@唐伞才媛:主要是没有武器，打起来毕竟还是女人吃亏啊，不然为什么家暴绝大多数都是男对女，女人搞家暴的才有几个？",
            "time": "20-5-13 16:00"
        },
        {
            "comment id": 153,
            "parent": 151,
            "children": [],
            "user id": "2118455685",
            "user name": "小江南009",
            "content": "这种还是少",
            "time": "20-5-13 14:06"
        },
        {
            "comment id": 154,
            "parent": 151,
            "children": [],
            "user id": "1780238297",
            "user name": "1碗宽粉儿",
            "content": "当强奸犯大部分都被女人杀死后，当局考虑重判强奸犯的出发点，是不是在保护强奸犯的狗命？",
            "time": "20-5-13 10:25"
        },
        {
            "comment id": 155,
            "parent": -1,
            "children": [],
            "user id": "5969929253",
            "user name": "Ketomine",
            "content": "我看不见=没有 国外有的在国内我没看到=屌癌治国",
            "time": "20-5-27 18:57"
        },
        {
            "comment id": 156,
            "parent": -1,
            "children": [],
            "user id": "7350455299",
            "user name": "没见过世面的问号",
            "content": "法律不够，暴力来凑！",
            "time": "20-5-13 08:38"
        },
        {
            "comment id": 157,
            "parent": -1,
            "children": [
                158,
                159,
                173,
                174
            ],
            "user id": "5304108835",
            "user name": "笨蛋玄子",
            "content": "为什么这一条微博被标记成不实消息了？",
            "time": "20-5-15 20:50"
        },
        {
            "comment id": 158,
            "parent": 157,
            "children": [],
            "user id": "2628716001",
            "user name": "冰凉De梦",
            "content": "回复@芒果儿boom:非典的辟谣才过了多久就失忆了？老被愚人教育真的这么开心？",
            "time": "20-5-17 19:26"
        },
        {
            "comment id": 159,
            "parent": 157,
            "children": [],
            "user id": "2628716001",
            "user name": "冰凉De梦",
            "content": "回复@芒果儿boom:你这不就是现在最流行的中式辟谣，春秋笔法吗",
            "time": "20-5-17 19:24"
        },
        {
            "comment id": 160,
            "parent": 161,
            "children": [],
            "user id": "5589132200",
            "user name": "芒果榨橙汁儿",
            "content": "回复@冰凉De梦:新闻就是不应该有假信息，新闻本来就应该是具有真实性的。前面说的我都非常赞同并且很佩服这位女性，最后一句让好好的赞美带上节奏一股子营销号的味道，就事论事",
            "time": "20-5-17 19:04"
        },
        {
            "comment id": 161,
            "parent": 162,
            "children": [
                160
            ],
            "user id": "2628716001",
            "user name": "冰凉De梦",
            "content": "回复@向前向前999:还真是小粉红好的，没啥好说的了",
            "time": "20-5-16 21:47"
        },
        {
            "comment id": 162,
            "parent": 163,
            "children": [
                161
            ],
            "user id": "2961086294",
            "user name": "向前向前999",
            "content": "回复@冰凉De梦:相信我，你还不如他们……",
            "time": "20-5-16 21:20"
        },
        {
            "comment id": 163,
            "parent": 167,
            "children": [
                162
            ],
            "user id": "2628716001",
            "user name": "冰凉De梦",
            "content": "回复@向前向前999:还有，作为说了孩子还是随父姓这个事实就炸号，但是骂母狗的柯洁还活的好好的，甚至骂人慰安妇的账号都没事的微博，不好意思，我还真不相信它有啥权威性，它算个p大概",
            "time": "20-5-16 19:49"
        },
        {
            "comment id": 164,
            "parent": 167,
            "children": [],
            "user id": "2628716001",
            "user name": "冰凉De梦",
            "content": "回复@向前向前999:2020年一季度",
            "time": "20-5-16 19:39"
        },
        {
            "comment id": 165,
            "parent": 167,
            "children": [],
            "user id": "2628716001",
            "user name": "冰凉De梦",
            "content": "回复@向前向前999:发不了图要不你查查？2020年大学专科以上学历网民才占到19%，58%初中及以下学历，你以为网民有多雪亮的眼睛？",
            "time": "20-5-16 19:37"
        },
        {
            "comment id": 166,
            "parent": 167,
            "children": [],
            "user id": "2628716001",
            "user name": "冰凉De梦",
            "content": "回复@向前向前999:那不一定，罗志祥粉丝，鲍某人粉丝，洁宝狗粉丝，网暴素人的垃圾，以及🦐们，铺天盖地又不是看不见，黑的说成白的你这两个月看的少了？大众事件不歪而已，洗脑事件歪到哪里去了我都不敢相信",
            "time": "20-5-16 19:34"
        },
        {
            "comment id": 167,
            "parent": 168,
            "children": [
                163,
                164,
                165,
                166
            ],
            "user id": "2961086294",
            "user name": "向前向前999",
            "content": "回复@冰凉De梦:微博群众啥水平，至少良心不歪心眼不坏，昆山反杀案、广西奸杀幼女改判死缓案，微博群众哪次没展现出朴素的正义观？你有啥脸瞧不起微博群众的？",
            "time": "20-5-16 18:33"
        },
        {
            "comment id": 168,
            "parent": 169,
            "children": [
                167
            ],
            "user id": "2628716001",
            "user name": "冰凉De梦",
            "content": "回复@向前向前999:你应该反思你为什么是微博群众水平，而微博群众又是什么水平不用我告诉你了吧",
            "time": "20-5-16 16:28"
        },
        {
            "comment id": 169,
            "parent": 170,
            "children": [
                168
            ],
            "user id": "2961086294",
            "user name": "向前向前999",
            "content": "回复@冰凉De梦:我粉不粉关你屁事？你觉得没有不实，那可能是你心太歪吧，既然这么多网友举报，微博也判定为不实，那就是说明拥有正常同理心、理解力的人居多，你还是反思反思自己为啥是那一小撮吧。",
            "time": "20-5-16 16:26"
        },
        {
            "comment id": 170,
            "parent": 171,
            "children": [
                169
            ],
            "user id": "2628716001",
            "user name": "冰凉De梦",
            "content": "回复@向前向前999:所以妨碍到你当小粉红了？可我对做不做得到并没有兴趣，我只对科普感兴趣啊，我看了99.9%的内容，因为一句话我就要觉得我看得整个科普都是假的？你辟谣的时候有说清楚吗？",
            "time": "20-5-16 16:16"
        },
        {
            "comment id": 171,
            "parent": 172,
            "children": [
                170
            ],
            "user id": "2961086294",
            "user name": "向前向前999",
            "content": "回复@冰凉De梦:这你杠什么劲呢？微博没做错吧？要是一条新闻通篇在说新冠病毒各种防控指南，但最后却加了一句话：中国根本做不到。你说是不是不实？",
            "time": "20-5-16 16:11"
        },
        {
            "comment id": 172,
            "parent": 173,
            "children": [
                171
            ],
            "user id": "2628716001",
            "user name": "冰凉De梦",
            "content": "回复@向前向前999:这个角度的不实新闻，微博真他爸的牛逼",
            "time": "20-5-16 15:58"
        },
        {
            "comment id": 173,
            "parent": 157,
            "children": [
                172
            ],
            "user id": "2961086294",
            "user name": "向前向前999",
            "content": "因为博主非要污蔑中文网站没有此新闻",
            "time": "20-5-16 12:51"
        },
        {
            "comment id": 174,
            "parent": 157,
            "children": [],
            "user id": "6663724205",
            "user name": "三分钟的蘑菇",
            "content": "因为中文有报道过。。就因为这个",
            "time": "20-5-15 22:03"
        },
        {
            "comment id": 175,
            "parent": -1,
            "children": [],
            "user id": "2807463684",
            "user name": "小鱼人吃撒娇牛丸",
            "content": "有个屁，推特只有热门只有两条还是12年的，谷歌也只有12年的新闻。 网页链接",
            "time": "20-5-14 05:50"
        },
        {
            "comment id": 176,
            "parent": -1,
            "children": [],
            "user id": "5402810479",
            "user name": "无事小7",
            "content": "不会真有人以为这个博重点在这篇新闻本身吧？？不会吧？？不会吧？？ 博主的重点好像是在“中文世界看不到”这句话呢 ，但是不巧的是这个新闻在国内几年前就报道过了哦",
            "time": "20-5-26 00:07"
        },
        {
            "comment id": 177,
            "parent": -1,
            "children": [],
            "user id": "7402241954",
            "user name": "谶钰-",
            "content": "12年的事情，这波真就财富密码呗",
            "time": "20-5-13 21:58"
        },
        {
            "comment id": 178,
            "parent": -1,
            "children": [],
            "user id": "5557714332",
            "user name": "O---A---A",
            "content": "看不到是自己眼瞎",
            "time": "20-5-13 21:37"
        },
        {
            "comment id": 179,
            "parent": -1,
            "children": [],
            "user id": "5703748755",
            "user name": "平面巧舟",
            "content": "有些人会翻墙了，就以为外网看到的都是国内被隐藏的信息，不去查证就自说自话，又被害妄想症了",
            "time": "20-5-14 17:00"
        },
        {
            "comment id": 180,
            "parent": -1,
            "children": [],
            "user id": "5498568690",
            "user name": "七华啊",
            "content": "这是八年前的事情了吧，百度一搜一大堆，怎么中文世界就看不到了",
            "time": "20-5-14 11:07"
        },
        {
            "comment id": 181,
            "parent": -1,
            "children": [],
            "user id": "2529587035",
            "user name": "UntitledTwentySeven",
            "content": "这个新闻让我挺敬佩这位女性的 btw你又知道国内看不到了？瞎jb起哄",
            "time": "20-5-13 18:50"
        },
        {
            "comment id": 182,
            "parent": -1,
            "children": [],
            "user id": "6461743334",
            "user name": "小浪飞行器2021",
            "content": "12年的新闻，国内报导了，宁是在阴间吗",
            "time": "20-5-13 15:17"
        },
        {
            "comment id": 183,
            "parent": -1,
            "children": [
                184,
                185,
                186
            ],
            "user id": "6865473460",
            "user name": "傍晚时__",
            "content": "媒体只会给你它想给你看的，引领你的价值观，这就是李普曼说的拟态环境，但是我们可以冲破的吧！一点点看到事物本来的样子，打破那些美好的幻想。 男女性不过是不同的性别，但都是人。",
            "time": "20-5-13 09:39"
        },
        {
            "comment id": 184,
            "parent": 183,
            "children": [],
            "user id": "1908504795",
            "user name": "挖掘机专业填坑班",
            "content": "你说的这个媒体是指博主吗？",
            "time": "20-5-14 06:46"
        },
        {
            "comment id": 185,
            "parent": 183,
            "children": [],
            "user id": "2354880221",
            "user name": "卖火柴的陆伯言",
            "content": "你真好忽悠 查看图片",
            "time": "20-5-14 00:01"
        },
        {
            "comment id": 186,
            "parent": 183,
            "children": [],
            "user id": "5850198336",
            "user name": "出海打渔的CG-101",
            "content": "12年的旧闻让你这么激动？",
            "time": "20-5-13 18:46"
        },
        {
            "comment id": 187,
            "parent": -1,
            "children": [],
            "user id": "5638340826",
            "user name": "了嗷牢",
            "content": "操，这句话太cool了，脑补的是很冷峻的语气和冰凉的眼神",
            "time": "20-5-13 08:54"
        },
        {
            "comment id": 188,
            "parent": -1,
            "children": [
                189,
                190
            ],
            "user id": "5966296192",
            "user name": "MaylaStan",
            "content": "所以为什么不实",
            "time": "20-5-19 18:56"
        },
        {
            "comment id": 189,
            "parent": 188,
            "children": [],
            "user id": "5966296192",
            "user name": "MaylaStan",
            "content": "回复@执念Erii:好嘞，你也是",
            "time": "20-5-20 22:46"
        },
        {
            "comment id": 190,
            "parent": 188,
            "children": [],
            "user id": "5966296192",
            "user name": "MaylaStan",
            "content": "回复@执念Erii:好吧",
            "time": "20-5-20 22:44"
        },
        {
            "comment id": 191,
            "parent": -1,
            "children": [],
            "user id": "1374581044",
            "user name": "卓然angel",
            "content": "自己心里虚的人才举报，不要脸",
            "time": "20-5-15 06:07"
        },
        {
            "comment id": 192,
            "parent": -1,
            "children": [],
            "user id": "3449011480",
            "user name": "Misery_og",
            "content": "自己选择睁眼瞎？ ",
            "time": "20-5-14 15:46"
        },
        {
            "comment id": 193,
            "parent": -1,
            "children": [],
            "user id": "2630355840",
            "user name": "nichijouOo",
            "content": "反正我不知道这个新闻，世道这样能让更多女性看到有何不可",
            "time": "20-5-14 15:07"
        },
        {
            "comment id": 194,
            "parent": -1,
            "children": [],
            "user id": "5575263115",
            "user name": "靠不加糖的咖啡续命",
            "content": "覃老师还有其他的平台吗？",
            "time": "20-5-19 22:44"
        },
        {
            "comment id": 195,
            "parent": -1,
            "children": [],
            "user id": "5016109458",
            "user name": "小曹今天下班了吗",
            "content": "2012年国内就报道了的旧闻，你在中文世界当然看不到关于它的“新闻”啦",
            "time": "20-5-13 19:05"
        },
        {
            "comment id": 196,
            "parent": -1,
            "children": [],
            "user id": "5751514106",
            "user name": "差分闭合宇宙i",
            "content": "哦？ ",
            "time": "20-5-14 16:12"
        },
        {
            "comment id": 197,
            "parent": -1,
            "children": [
                199,
                200,
                201,
                202
            ],
            "user id": "3944343047",
            "user name": "渣浪微博今天倒闭了吗",
            "content": "最讽刺的是这条微博上标着“此内容为不实消息，已处理”",
            "time": "20-5-14 16:05"
        },
        {
            "comment id": 198,
            "parent": 199,
            "children": [],
            "user id": "3944343047",
            "user name": "渣浪微博今天倒闭了吗",
            "content": "回复@向前向前999:谢谢，我也觉得我的存在就是个天大的笑话",
            "time": "20-5-16 13:01"
        },
        {
            "comment id": 199,
            "parent": 197,
            "children": [
                198
            ],
            "user id": "2961086294",
            "user name": "向前向前999",
            "content": "讽刺的是你这样的人",
            "time": "20-5-16 12:50"
        },
        {
            "comment id": 200,
            "parent": 197,
            "children": [],
            "user id": "5523841473",
            "user name": "不做寒号鸟FlyingSquirrel",
            "content": "新浪天天造谣式辟谣",
            "time": "20-5-15 08:13"
        },
        {
            "comment id": 201,
            "parent": 197,
            "children": [],
            "user id": "2280105934",
            "user name": "莫靖言",
            "content": "然后评论里强调中文世界能看到觉得po主是带节奏的，不用点主页都能猜到性别，都很会抓重点",
            "time": "20-5-14 18:31"
        },
        {
            "comment id": 202,
            "parent": 197,
            "children": [],
            "user id": "3121014701",
            "user name": "大鸟Concerto梦",
            "content": "确实不实 不实的是最后一句“中文世界搜不到” 查看图片",
            "time": "20-5-14 16:22"
        },
        {
            "comment id": 203,
            "parent": -1,
            "children": [],
            "user id": "6894450608",
            "user name": "Naruto_0778",
            "content": "不实消息？你有何用意？",
            "time": "20-5-14 13:28"
        },
        {
            "comment id": 204,
            "parent": -1,
            "children": [],
            "user id": "2007237983",
            "user name": "松山王兄",
            "content": "2013年搜狐报道的新闻，外网居然才看到",
            "time": "20-5-14 12:32"
        },
        {
            "comment id": 205,
            "parent": -1,
            "children": [],
            "user id": "5664017058",
            "user name": "偷瞄岛上少年",
            "content": "最后一句暴露了你的目的，居心叵测啊",
            "time": "20-5-14 11:28"
        },
        {
            "comment id": 206,
            "parent": -1,
            "children": [],
            "user id": "3019752557",
            "user name": "Adamstree",
            "content": "这是真的节奏大师。",
            "time": "20-5-14 13:50"
        },
        {
            "comment id": 207,
            "parent": -1,
            "children": [],
            "user id": "5109566354",
            "user name": "HugYourLife",
            "content": "2012年的事情，而且中文世界有大量报道，博主忙着愤怒没注意看时间呀",
            "time": "20-5-13 20:13"
        },
        {
            "comment id": 208,
            "parent": -1,
            "children": [],
            "user id": "2772833850",
            "user name": "李梅東京焼烤",
            "content": "12年13年国内网站也有报道这事，你自己看不见=中文世界不报道？",
            "time": "20-5-13 18:52"
        },
        {
            "comment id": 209,
            "parent": -1,
            "children": [
                210
            ],
            "user id": "1644572834",
            "user name": "前小圆",
            "content": "这个....是2012年的新闻啊",
            "time": "20-5-13 18:43"
        },
        {
            "comment id": 210,
            "parent": 209,
            "children": [],
            "user id": "5489820882",
            "user name": "地球跟我总有一个先完蛋",
            "content": "别问，问就是恶臭郭楠",
            "time": "20-5-13 18:44"
        },
        {
            "comment id": 211,
            "parent": -1,
            "children": [],
            "user id": "1304291317",
            "user name": "自由散漫的分母",
            "content": "以暴制暴不是最好的办法，但是最有效的办法。",
            "time": "20-5-13 11:47"
        },
        {
            "comment id": 212,
            "parent": -1,
            "children": [],
            "user id": "5590679609",
            "user name": "An4hony",
            "content": "阁下这墙外网络是延迟了8年？我8年前就看过了，你现在才说？国外的4G网络这么慢的吗？",
            "time": "20-5-14 09:05"
        },
        {
            "comment id": 213,
            "parent": -1,
            "children": [],
            "user id": "3184729334",
            "user name": "MMDse",
            "content": "2012年的新闻 ",
            "time": "20-5-13 22:16"
        },
        {
            "comment id": 214,
            "parent": -1,
            "children": [],
            "user id": "3631777717",
            "user name": "Ed_Chenxxxxxxxr-",
            "content": "这是2012年的新闻啊 是现在才审批么？",
            "time": "20-5-13 21:28"
        },
        {
            "comment id": 215,
            "parent": -1,
            "children": [
                216
            ],
            "user id": "7362450898",
            "user name": "处州士子",
            "content": "挂个不实消息有毛用，直接封号，治安处罚。造谣死🐎",
            "time": "20-5-15 07:43"
        },
        {
            "comment id": 216,
            "parent": 215,
            "children": [],
            "user id": "5143547456",
            "user name": "一只咸鱼葵",
            "content": "不会真的有人不会百度搜索吧不会吧不会吧不会吧",
            "time": "20-5-16 00:10"
        },
        {
            "comment id": 217,
            "parent": -1,
            "children": [],
            "user id": "5682097311",
            "user name": "石原里美de圈外男友",
            "content": "微博睁眼看世界第一人 ",
            "time": "20-5-13 23:33"
        },
        {
            "comment id": 218,
            "parent": -1,
            "children": [
                219
            ],
            "user id": "2046315607",
            "user name": "那是一个很长很长很长很长的名字",
            "content": "眼睛瞎了？还是才连上网？？",
            "time": "20-5-13 23:09"
        },
        {
            "comment id": 219,
            "parent": 218,
            "children": [],
            "user id": "2838253703",
            "user name": "猥琐的泡咸菜",
            "content": "这个博主很可怜啦，今年才用上网哦，连百度一下还不太会",
            "time": "20-5-13 23:16"
        },
        {
            "comment id": 220,
            "parent": -1,
            "children": [],
            "user id": "6067600236",
            "user name": "伽马Future1",
            "content": "你自己瞎  百度就能看",
            "time": "20-5-13 20:45"
        },
        {
            "comment id": 221,
            "parent": -1,
            "children": [],
            "user id": "6411617848",
            "user name": "戒指藏起来",
            "content": "说中文世界看不到的会上网吗？？",
            "time": "20-5-13 20:37"
        },
        {
            "comment id": 222,
            "parent": -1,
            "children": [],
            "user id": "2126484994",
            "user name": "teaLM",
            "content": "虽然话有道理，但一看竟是2012年的“新”闻，这冷饭炒的醉了",
            "time": "20-5-13 17:51"
        },
        {
            "comment id": 223,
            "parent": -1,
            "children": [],
            "user id": "1810584244",
            "user name": "Lcarmine-",
            "content": "虽然这好像是12年的新闻还有报道，但是点开前面热评看了下，不是有点过度女权就是有点反🟥。。。",
            "time": "20-5-14 03:49"
        },
        {
            "comment id": 224,
            "parent": -1,
            "children": [],
            "user id": "2838253703",
            "user name": "猥琐的泡咸菜",
            "content": "这个是12年还是13年的旧闻，原po重点在最后一句吧，还中文世界看不到。呵呵，去百度搜搜不就能看到了，12年9月的东西。博主你挺可怜的，今年才用上了网",
            "time": "20-5-13 23:14"
        },
        {
            "comment id": 225,
            "parent": -1,
            "children": [],
            "user id": "5320203211",
            "user name": "施巴拉古将军",
            "content": "我真是草了，你个死骗子，朝鲜人吧？平壤上的网？拿2012年的新闻赚黑心钱，搞得我还以为穿越了成为重生之XXX的主角了。打开买房app还是那个价！不过至少凶手2015年被判死刑了，聊以慰藉🤬",
            "time": "20-5-13 22:45"
        },
        {
            "comment id": 226,
            "parent": -1,
            "children": [],
            "user id": "1164535752",
            "user name": "Guan麻麻",
            "content": "女英雄",
            "time": "20-5-13 10:35"
        },
        {
            "comment id": 227,
            "parent": -1,
            "children": [],
            "user id": "5971803034",
            "user name": "高雅学究砰砰博士",
            "content": "我要是在中文世界里搜到，你这条反华的狗和能不能带你亲妈来给你爷爷磕个头？",
            "time": "20-5-25 01:56"
        },
        {
            "comment id": 228,
            "parent": -1,
            "children": [],
            "user id": "2378687065",
            "user name": "DILAD-",
            "content": "哈哈 成不实信息了",
            "time": "20-5-19 10:40"
        },
        {
            "comment id": 229,
            "parent": -1,
            "children": [],
            "user id": "6011774044",
            "user name": "全票否决_北地",
            "content": "老新闻了 国内不是能搜到吗",
            "time": "20-5-17 13:19"
        },
        {
            "comment id": 230,
            "parent": -1,
            "children": [],
            "user id": "1060242362",
            "user name": "颖颖虫虫",
            "content": "不会真有人以为原博重点在于这则新（旧）闻本身吧？它要真的只是想把这几年前的旧闻再拿出来说一遍，为什么要带一句“中文世界却看不到呢”？大家之前不知道就不知道了，现在都已经被指出来这是故意扭曲事实带节奏，底下还有人听不懂的话，那真是活该被骗被割",
            "time": "20-5-14 16:20"
        }
    ]
}