{
    "source": {
        "content": "世界上最有骨气的鱼，一言不合立马断气，中国人都爱吃。\n\n#一句冷幽默##搞笑视频#  一些奇葩事的微博视频 ",
        "time": "20-5-13 14:49",
        "user id": "7366952249",
        "tweet id": "J1JwZ3Cci",
        "label": 1,
        "theme": null
    },
    "comment": [
        {
            "comment id": 0,
            "parent": -1,
            "children": [
                3,
                14,
                16
            ],
            "user id": "6985611118",
            "user name": "Christine橙",
            "content": "。。。这难道不是因为海底的呀强大导致它们一暴露在大气里面器官就会炸吗",
            "time": "20-5-13 17:33"
        },
        {
            "comment id": 1,
            "parent": 3,
            "children": [],
            "user id": "7237205995",
            "user name": "我是五香蛋",
            "content": "回复@YuHecong_:有些人总觉得自己比专业人士要聪明",
            "time": "20-5-15 17:56"
        },
        {
            "comment id": 2,
            "parent": 3,
            "children": [],
            "user id": "2348815147",
            "user name": "Crush_BL",
            "content": "回复@YuHecong_:我搜一了一下，带鱼确实可以往返于浅水区，但是捕鱼的时候带鱼迅速从深水区被带到浅水区，压强变化太快血管爆裂死亡，你俩说的都没错，和平讨论嘛",
            "time": "20-5-15 13:33"
        },
        {
            "comment id": 3,
            "parent": 0,
            "children": [
                1,
                2
            ],
            "user id": "2646331914",
            "user name": "YuHecong_",
            "content": "回复@拉二胡的凄:无语了，你搜搜出水后活带鱼的视频一大堆，带鱼自己出水面的视频都有，不要想当然了，沿海地区活带鱼经常能吃到，出水半小时都不会死",
            "time": "20-5-15 13:14"
        },
        {
            "comment id": 4,
            "parent": 5,
            "children": [],
            "user id": "5351688436",
            "user name": "Hua白桦",
            "content": "回复@YuHecong_:带鱼是深海鱼，捞上来还没出水就已经死了，压强的突然减小使它内脏迅速膨胀，还没出海面就是死的了，别杠",
            "time": "20-5-15 12:58"
        },
        {
            "comment id": 5,
            "parent": 6,
            "children": [
                4
            ],
            "user id": "2646331914",
            "user name": "YuHecong_",
            "content": "回复@Christine橙:有受压强影响，确实人工养殖成本大，但是活带鱼的视频一大堆，你可以去搜看看，活体出水面蹦哒然后回深海的一大堆，并不是你所说的立马器官爆炸",
            "time": "20-5-15 11:34"
        },
        {
            "comment id": 6,
            "parent": 7,
            "children": [
                5
            ],
            "user id": "6985611118",
            "user name": "Christine橙",
            "content": "回复@YuHecong_:我求求你了，读会儿书吧，我记得这玩意儿是我初中学的.......压强那一块儿，何况你现在在菜市场也只能见到冰冻的带鱼，他们根本没有办法在浅水区人工培植，代价极大的.......",
            "time": "20-5-15 11:17"
        },
        {
            "comment id": 7,
            "parent": 13,
            "children": [
                6
            ],
            "user id": "2646331914",
            "user name": "YuHecong_",
            "content": "回复@我是五香蛋:就你知道压强？所以想当然？带鱼夜间是会到水面捕食的你又知道吗？",
            "time": "20-5-15 11:15"
        },
        {
            "comment id": 8,
            "parent": 11,
            "children": [],
            "user id": "2646331914",
            "user name": "YuHecong_",
            "content": "回复@Christine橙:器官爆裂，说的头头是道，人带鱼也是会到浅水区的",
            "time": "20-5-15 11:10"
        },
        {
            "comment id": 9,
            "parent": 13,
            "children": [],
            "user id": "2646331914",
            "user name": "YuHecong_",
            "content": "回复@我是五香蛋:自己多读书吧，深海鱼上岸吊事没有，还内脏爆炸，好笑吗？，你们和这个博主有什么区别，到处胡说八道",
            "time": "20-5-15 11:09"
        },
        {
            "comment id": 10,
            "parent": 11,
            "children": [],
            "user id": "2646331914",
            "user name": "YuHecong_",
            "content": "回复@Christine橙:带鱼的死和压强没屁关系，也不会内脏爆炸",
            "time": "20-5-15 11:08"
        },
        {
            "comment id": 11,
            "parent": 14,
            "children": [
                8,
                10
            ],
            "user id": "6985611118",
            "user name": "Christine橙",
            "content": "回复@YuHecong_:这说的不是一个意思啊",
            "time": "20-5-15 09:05"
        },
        {
            "comment id": 12,
            "parent": 14,
            "children": [],
            "user id": "6985611118",
            "user name": "Christine橙",
            "content": "回复@YuHecong_:。。。。。。没事儿看看书吧",
            "time": "20-5-15 09:05"
        },
        {
            "comment id": 13,
            "parent": 14,
            "children": [
                7,
                9
            ],
            "user id": "7237205995",
            "user name": "我是五香蛋",
            "content": "回复@YuHecong_:没上过初中吗",
            "time": "20-5-15 08:43"
        },
        {
            "comment id": 14,
            "parent": 0,
            "children": [
                11,
                12,
                13
            ],
            "user id": "2646331914",
            "user name": "YuHecong_",
            "content": "不是，鱼离开水都会死快慢问题",
            "time": "20-5-15 02:03"
        },
        {
            "comment id": 15,
            "parent": 16,
            "children": [],
            "user id": "6985611118",
            "user name": "Christine橙",
            "content": "回复@Sobremesa-BOOM:是的呀，海底深度大，压强大，带鱼自己产生抵抗的力，大气压小，但是带鱼没办法调节自己的身体才导致脏器爆裂的",
            "time": "20-5-13 18:59"
        },
        {
            "comment id": 16,
            "parent": 0,
            "children": [
                15
            ],
            "user id": "5534138401",
            "user name": "Sobremesa-BOOM",
            "content": "我初中物理老师就这么说的",
            "time": "20-5-13 18:06"
        },
        {
            "comment id": 17,
            "parent": -1,
            "children": [],
            "user id": "6121695175",
            "user name": "Xaoiux",
            "content": "这小编是九年义务教育的漏网之鱼",
            "time": "20-5-13 20:18"
        },
        {
            "comment id": 18,
            "parent": -1,
            "children": [],
            "user id": "5711115593",
            "user name": "且过-三冬四夏",
            "content": "求求你看点儿书吧",
            "time": "20-5-13 20:00"
        },
        {
            "comment id": 19,
            "parent": -1,
            "children": [],
            "user id": "5043896028",
            "user name": "多放香菜多放醋·",
            "content": "啥比",
            "time": "20-5-14 09:28"
        },
        {
            "comment id": 20,
            "parent": -1,
            "children": [],
            "user id": "2649515541",
            "user name": "火速归队-东",
            "content": "瞎扯，这tm就是误人子弟。",
            "time": "20-5-14 17:31"
        },
        {
            "comment id": 21,
            "parent": -1,
            "children": [],
            "user id": "1727141893",
            "user name": "庄庄庄庄_",
            "content": "九年义务教育都知道吧",
            "time": "20-5-13 19:55"
        },
        {
            "comment id": 22,
            "parent": -1,
            "children": [],
            "user id": "1734271402",
            "user name": "这个名用一年",
            "content": "你咋不说他是咬舌自尽呢",
            "time": "20-5-17 09:41"
        },
        {
            "comment id": 23,
            "parent": -1,
            "children": [],
            "user id": "1670599197",
            "user name": "猿聚猿散",
            "content": "带鱼是深海鱼一捕捉上来本身存活难你竟说自杀！草！",
            "time": "20-6-2 13:35"
        },
        {
            "comment id": 24,
            "parent": -1,
            "children": [],
            "user id": "6661026929",
            "user name": "追赶风筝的线",
            "content": "差点就被骗了最后的给带鱼俩字救了回来，幸好",
            "time": "20-5-16 04:36"
        },
        {
            "comment id": 25,
            "parent": -1,
            "children": [],
            "user id": "2907953420",
            "user name": "待我如女皇",
            "content": "别这样瞎说啊",
            "time": "20-5-14 22:42"
        },
        {
            "comment id": 26,
            "parent": -1,
            "children": [],
            "user id": "5776653447",
            "user name": "扬州二院精神科副主任",
            "content": "希望你跟这个鱼一样有骨气。",
            "time": "20-6-12 19:15"
        },
        {
            "comment id": 27,
            "parent": -1,
            "children": [],
            "user id": "6476089006",
            "user name": "PAJERO1781",
            "content": "索尼妈的",
            "time": "20-6-2 20:36"
        },
        {
            "comment id": 28,
            "parent": -1,
            "children": [],
            "user id": "2060912117",
            "user name": "肚皮他爹",
            "content": "",
            "time": "20-5-17 21:49"
        },
        {
            "comment id": 29,
            "parent": -1,
            "children": [],
            "user id": "1835356854",
            "user name": "赐你一片二向箔",
            "content": "你初中没毕业吗？？？？举报了",
            "time": "20-5-16 13:02"
        },
        {
            "comment id": 30,
            "parent": -1,
            "children": [],
            "user id": "2809067601",
            "user name": "玉石山子",
            "content": "放你的屁",
            "time": "20-5-16 09:07"
        },
        {
            "comment id": 31,
            "parent": -1,
            "children": [],
            "user id": "5415011151",
            "user name": "somnusxiaoyue",
            "content": "",
            "time": "20-5-16 07:26"
        },
        {
            "comment id": 32,
            "parent": -1,
            "children": [],
            "user id": "6483291361",
            "user name": "王文军1461",
            "content": "扯蛋的解说",
            "time": "20-5-15 14:12"
        },
        {
            "comment id": 33,
            "parent": -1,
            "children": [],
            "user id": "6761779152",
            "user name": "霸王墨文",
            "content": "呃，，你说的都对你说的都对",
            "time": "20-5-14 14:14"
        },
        {
            "comment id": 34,
            "parent": -1,
            "children": [],
            "user id": "5633761095",
            "user name": "-元旦快乐-",
            "content": "扯",
            "time": "20-5-14 10:30"
        },
        {
            "comment id": 35,
            "parent": -1,
            "children": [],
            "user id": "7428688732",
            "user name": "浓茶28027",
            "content": "一看就是老营销号",
            "time": "20-5-13 23:30"
        },
        {
            "comment id": 36,
            "parent": -1,
            "children": [],
            "user id": "7325695603",
            "user name": "黄桃大理石",
            "content": "因为它是深海鱼，当然死了，憨批",
            "time": "20-5-15 22:55"
        },
        {
            "comment id": 37,
            "parent": -1,
            "children": [],
            "user id": "2640950275",
            "user name": "午夜怪谈100话",
            "content": "我反手就是一个举报。",
            "time": "20-5-16 14:13"
        },
        {
            "comment id": 38,
            "parent": -1,
            "children": [],
            "user id": "6393500853",
            "user name": "永远只爱你7605",
            "content": "建议你先百度下，或者真跟船出海一趟，再说。",
            "time": "20-5-15 20:06"
        },
        {
            "comment id": 39,
            "parent": -1,
            "children": [],
            "user id": "6223092962",
            "user name": "加了盐的冰沙",
            "content": "放你娘的狗屁",
            "time": "20-6-1 21:01"
        },
        {
            "comment id": 40,
            "parent": -1,
            "children": [],
            "user id": "5223386296",
            "user name": "神仙姐姐要打你",
            "content": "大哥 你这视频是谁怎么审核通过的呢？",
            "time": "20-5-25 22:25"
        },
        {
            "comment id": 41,
            "parent": -1,
            "children": [
                42
            ],
            "user id": "5633761095",
            "user name": "-元旦快乐-",
            "content": "@上头女孩儿_ing 骨气",
            "time": "20-5-14 10:31"
        },
        {
            "comment id": 42,
            "parent": 41,
            "children": [],
            "user id": "6126699243",
            "user name": "上头女孩儿_ing",
            "content": "哈哈哈哈",
            "time": "20-5-14 15:09"
        }
    ]
}