{
    "source": {
        "content": "虎门大桥摇摆，最终检查钢缆锈蚀！幸好发觉及时，应该更换新缆就没事了！讲开讲为什么叫虎门大桥，好似每辆车经过似是虎口脱险一样，按玄学开虎门没什么好处，希望改名！假如今次桥垮了不知道死多少人！改名行？  ",
        "time": "20-5-10 23:00",
        "user id": "5218029174",
        "tweet id": "J1ksJzE7N",
        "label": 1,
        "theme": null
    },
    "comment": [
        {
            "comment id": 0,
            "parent": -1,
            "children": [],
            "user id": "1869244574",
            "user name": "艹丝胸",
            "content": "钢缆断裂是一年前的检测结果，已经修理了 ",
            "time": "20-5-11 10:26"
        },
        {
            "comment id": 1,
            "parent": -1,
            "children": [],
            "user id": "5674552561",
            "user name": "嘉嘉是个美少女",
            "content": "造谣？捉了这个造谣者吧",
            "time": "20-5-11 12:52"
        },
        {
            "comment id": 2,
            "parent": -1,
            "children": [],
            "user id": "5161800411",
            "user name": "丶今天是星期五",
            "content": "你吗可以死了",
            "time": "20-5-11 13:58"
        },
        {
            "comment id": 3,
            "parent": -1,
            "children": [],
            "user id": "7244004986",
            "user name": "ljx丶John",
            "content": "都辟谣了那是19年的 ，  怎么还在传",
            "time": "20-5-11 11:34"
        },
        {
            "comment id": 4,
            "parent": -1,
            "children": [],
            "user id": "5632611623",
            "user name": "冷暖哪可休-回头多少个秋",
            "content": "建议去测一下智商",
            "time": "20-5-11 13:17"
        },
        {
            "comment id": 5,
            "parent": -1,
            "children": [],
            "user id": "6335839519",
            "user name": "平淡是King",
            "content": "那东莞虎门都不能去了？也改名？ 不是谐音福门么",
            "time": "20-5-11 10:04"
        }
    ]
}