{
    "source": {
        "content": "#奶奶偶遇消防员孙子却挥手让他走##战士冒冰雹翻单杠604个破纪录##吉林火车站暂停办理乘车业务##新冠肺炎还会与人类共存很长时间##汶川地震搜救犬沈虎遗像落成#\n\n转：\n\n0575—12345\n\n投诉绍兴市越城区城管中队用野蛮执法代替文明宣传的违规行为！\n\n👉 【事由】：\n5月11日上午10点左右，一名群众带着自己的狗从农村到市区洗澡剃毛，在绍兴市越城区凤江路温馨花园大街上遇到了路过的犬管办行政执法车。城管用钳子夹住狗狗的头拖到车上，狗主人为了狗狗不受伤害，也上车一直抱着狗不让他们带走。附近的路人全部求城管放狗主人和狗一马，但城管不肯，并报了警。警察来了，帮着城管四五个人一起把狗抢走了。\n\n狗是主人的全部，主人拼尽全力保护自己的爱犬，却被现场警察和城管部门拼命压制主人抢夺其手上的狗！ 狗是主人的私有财产，城管野蛮粗暴执法严重违反了中华人民共和国法律巜物权法》严重侵犯了老百姓私有财产合法权益！光天化日众目睽睽之下，身穿警服伙同城管强力暴力压制抢夺一名进城给狗冼澡群众的狗，中国的哪条法律规定了农村人不可以带狗去城里洗澡，违反了哪条法律法规宪法？没有法律根据，胡乱抓人抓狗，谁赋予了城管如此暴力野蛮执法？\n\n请大家每人每天打电话投诉举报绍兴城管非法抢夺主人私有财产违法暴力野蛮行为！\n\n地址：绍兴市越城 区凤江路城南街道温馨花园 \n\n绍兴市越城区综合行政执法局地址：\n\n胜利东路219号 \n\n受理投诉电话: 0575-85220160  \n\n法制科:0575-85223893\n\n环卫秩序管理科:0575-85223893 \n\n整个过程野蛮粗鲁，有视频为证！简直让人不敢相信这是我党领导下的执法队伍！\n\n5月12日，越城区城管中队对当天打抱不平投诉的群众回复中，从头到尾态度蛮横，一直强调，他们只管抓捕，不管宣传！假如主人再养，他们就再抓！如此嚣张跋扈简直人神共愤！社会主义法制国家，城管部门执法人员怎能说出这样无视法律，唯我独尊的话？做出这样违背广大群众意愿野蛮荒唐如当年日本鬼子进村一样的抢夺恶性事件？这个事件丢中国人的脸面，给中国在国际上抹黑的个别败类应坚决铲除！\n\n👉 【诉求】：\n\n1.将5月11日当天抓捕的犬只应当尽快还给主人！没有任何法律法规规定，农村养的狗不可以进城洗澡美容看病！\n\n2.请当地政府部门对5月11日当天野蛮执法的越城区城管队员，以及5月12日回复的人员，作出严肃处理，并对广大群众通报！\n👿 鲁迅故里，绍兴城区，怎么能允许这样的事情发生？倘若鲁迅先生还在世，他该有多愤怒？又会写出怎样的文章，针贬如今基层执法人员丑恶的嘴脸？？！\n这些城管他们为什么放着那些私屠乱宰非法屠宰场和公然向广大群众销量未经国家相关部门检疫的毒狗肉伪劣三无产品来源不明狗肉的狗肉馆不去管、不去抢？\n狗市随意交易的狗和繁殖场的狗都没有狗证不去抢？\n却为什么盯着老百姓的家养伴侣动物不放？\n他们背后的目的又是什么呢？\n我们人民群众严重质疑！\n\n必须要严厉的处分主要下令责任人！并向狗主人公开赔礼道歉、向全体人民公开道歉！必须要看到公开道歉信，否则继续向全国人民曝光他们，让他们成为全世界讨伐的对象！当年的日本鬼子如今再现，这种恶劣的行为在如今中国法制健全的社会主义国家！多么的讽刺！大家继续，一直到狗归还主人为止！一直到严惩责任人为止！！\n\n！！！！！！请支援！！！！！！\n\n#31省区市明确返校时间##郴州大头娃娃##西安当街被打女子发声##警方通报保姆闷死83岁老人##汶川地震来临时惊心动魄瞬间##珠峰大本营数星星##全国计划招聘特岗教师10.5万名##钟南山唱坚信爱会赢##拍风景意外拍下男子跳河瞬间##白衣天使的泪目瞬间##动漫里的土味情话#\n\n微博正文\n\n微博正文\n\n关注丨城管到底管什么？该怎么执法？这回全要规定清楚了  \n\n新华社评论：城管执法办法不可\"越位揽权\" \n\n#中国政府网##中央纪委##人大微博##国家安全的构成要素#\n\n「绍兴土匪式执法」J察&C管不分青红皂白，公然夺狗！\n\n是谁让浙江背上了血腥野蛮的Icon！\n\n网页链接\n\n网页链接\n\n网页链接\n\n网页链接\n\n网页链接\n\n网页链接\n\n网页链接\n\n微博正文 \n\n微博正文 冰冷雪冰冷冰的微博视频",
        "time": "20-5-13 21:29",
        "user id": "6456349409",
        "tweet id": "J1M9n5Yxe",
        "label": 1,
        "theme": null
    },
    "comment": [
        {
            "comment id": 0,
            "parent": -1,
            "children": [],
            "user id": "6456349409",
            "user name": "冰冷雪冰冷冰",
            "content": "揪出心怀鬼胎别有用心作恶制造乱的破坏份子  发现作恶制造乱的破坏份子立即举报    要求    动物福利   立法保护动物  让真正的大爱救助人管理照顾流浪动物    公示    仇恨  愤世   变态   精神问题   心里问题   凶残恶毒的暴徒   重刑重罚作恶制造乱的破坏份子 @辛苦为谁忙:狗收走，狗主人拘留。",
            "time": "20-5-13 22:30"
        },
        {
            "comment id": 1,
            "parent": -1,
            "children": [],
            "user id": "6456349409",
            "user name": "冰冷雪冰冷冰",
            "content": "网页链接   网页链接   网页链接   网页链接  网页链接      网页链接  网页链接   @辛苦为谁忙:狗收走，狗主人拘留。",
            "time": "20-5-13 21:33"
        },
        {
            "comment id": 2,
            "parent": -1,
            "children": [],
            "user id": "6456349409",
            "user name": "冰冷雪冰冷冰",
            "content": "网页链接  网页链接  网页链接 网页链接   网页链接     网页链接   网页链接  网页链接  网页链接   网页链接      网页链接    网页链接",
            "time": "20-5-14 00:30"
        },
        {
            "comment id": 3,
            "parent": -1,
            "children": [],
            "user id": "6456349409",
            "user name": "冰冷雪冰冷冰",
            "content": "网页链接  网页链接     网页链接    网页链接    网页链接  网页链接  网页链接  网页链接  网页链接  网页链接",
            "time": "20-5-14 00:24"
        },
        {
            "comment id": 4,
            "parent": -1,
            "children": [],
            "user id": "6456349409",
            "user name": "冰冷雪冰冷冰",
            "content": "网页链接    网页链接   网页链接     奸诈设计寻找一切借口凶残恶毒硬吃强吃抓猫抢狗    拍视频      网页链接   网页链接      网页链接    网页链接    网页链接     网页链接",
            "time": "20-5-14 00:24"
        },
        {
            "comment id": 5,
            "parent": -1,
            "children": [],
            "user id": "6456349409",
            "user name": "冰冷雪冰冷冰",
            "content": "网页链接  #一级响应#   #送别武昌医院院长刘智明#   #广西玉林碎尸案#   #被虐打女童有生命危险仍昏迷#  #12位动保者同时起诉范源庆#   #男子将79岁瘫痪母亲扔废弃墓坑活埋#    #女生被3人围殴2人未满14岁#  @辛苦为谁忙:狗收走，狗主人拘留。",
            "time": "20-5-14 00:23"
        },
        {
            "comment id": 6,
            "parent": -1,
            "children": [],
            "user id": "6456349409",
            "user name": "冰冷雪冰冷冰",
            "content": "网页链接   网页链接  网页链接 网页链接  网页链接      网页链接     网页链接  网页链接    网页链接     网页链接  网页链接  网页链接",
            "time": "20-5-14 00:23"
        },
        {
            "comment id": 7,
            "parent": -1,
            "children": [],
            "user id": "6456349409",
            "user name": "冰冷雪冰冷冰",
            "content": "网页链接",
            "time": "20-5-13 22:42"
        },
        {
            "comment id": 8,
            "parent": -1,
            "children": [],
            "user id": "6456349409",
            "user name": "冰冷雪冰冷冰",
            "content": "网页链接",
            "time": "20-5-13 22:41"
        },
        {
            "comment id": 9,
            "parent": -1,
            "children": [],
            "user id": "6456349409",
            "user name": "冰冷雪冰冷冰",
            "content": "网页链接",
            "time": "20-5-13 22:41"
        },
        {
            "comment id": 10,
            "parent": -1,
            "children": [],
            "user id": "6456349409",
            "user name": "冰冷雪冰冷冰",
            "content": "微博正文  莫让流浪犬再流浪 | 人民时评     管狗，从管人做起    我是【为动物发声】编辑，今天，我有话要说... ...    是谁让浙江背上了血腥野蛮的Icon！  “清理狗患”是为了城市文明还是私饱中囊？  滥杀无辜动物绝不是防疫行为，无知私刑是违法！  救助站遭逼迁！牠们只想有个家！  清“狗患”前，务必先控制“人祸”  微博正文",
            "time": "20-5-13 22:36"
        },
        {
            "comment id": 11,
            "parent": -1,
            "children": [],
            "user id": "6456349409",
            "user name": "冰冷雪冰冷冰",
            "content": "全村只剩十分之一的狗还活着--村民们维护的不只是狗，是人权和尊严！ #共同战疫#  做最好的自己  作恶制造乱 发生任何事不想着好好做事就会凶残恶毒的抓狗抢狗  破坏共同战疫  破坏安定 破坏安全  社会的资源 不是谁个人资源  为人民服务 一方平安  一方安全  是责任 是忠诚  是爱国     爱国的人是大爱正直有责任心爱人民的人 我们为什么要爱国？",
            "time": "20-5-13 22:35"
        },
        {
            "comment id": 12,
            "parent": -1,
            "children": [],
            "user id": "6456349409",
            "user name": "冰冷雪冰冷冰",
            "content": "《中华人民共和国监察法》全文    逐条解读《中国共产党问责条例》   给纪委的举报信常见的6种\"问题\"，告诉你如何避免     奸诈设计寻找一切借口凶残恶毒硬吃强吃抓猫抢狗    拍视频      涨知识！哪些人会犯滥用职权罪？   涨知识！原来这样的行为和后果才算滥用职权罪      编外、协管、非党员也逃不出国家监察的大网！从广州留置第一案说起    这10个人被查告诉你，网络举报有用！    国务院“互联网+督查”平台开通     国务院办公厅征集疫情防控线索！防控不力、缓报瞒报一经查实严肃处理",
            "time": "20-5-13 22:32"
        },
        {
            "comment id": 13,
            "parent": -1,
            "children": [],
            "user id": "6456349409",
            "user name": "冰冷雪冰冷冰",
            "content": "国务院“互联网+督查”平台开通   给纪委的举报信常见的6种\"问题\"，告诉你如何避免  中国的狗肉产业为何屡禁不止？！ 广西，众目睽睽犬猫活杀——杀戮，从未停止！  揭秘 | 毒病狗肉流向餐桌 狗贩子团伙一年暴利数千万      特大毒狗案宣判 16人被判刑！毒狗针几秒钟可致成年人丧命     可恨！1年向17省售20余万支毒狗针，有孕妇中毒针一尸两命……  猖獗 | 导盲犬家门口被掳走、藏獒被盗杀 犯罪分子偷狗只为这...    追踪 | “万米网海捕鸟”多得令拆网人失去信心 幕后交易链为何斩不断？     评论丨416斤大海龟惨遭屠宰！除了谴责 我们还能做什么？  惊人 | 牛肉注水全过程曝光！手法残忍 一头牛五六分钟注水上百斤  微博正文",
            "time": "20-5-13 22:31"
        },
        {
            "comment id": 14,
            "parent": -1,
            "children": [],
            "user id": "6456349409",
            "user name": "冰冷雪冰冷冰",
            "content": "[快看] 武汉肺炎始发地华南海鲜市场鲜为人知的照片  #一级响应#   #送别武昌医院院长刘智明#   #广西玉林碎尸案#   #被虐打女童有生命危险仍昏迷#  #12位动保者同时起诉范源庆#   #男子将79岁瘫痪母亲扔废弃墓坑活埋#    #女生被3人围殴2人未满14岁#  @辛苦为谁忙:狗收走，狗主人拘留。",
            "time": "20-5-13 22:30"
        },
        {
            "comment id": 15,
            "parent": -1,
            "children": [],
            "user id": "6456349409",
            "user name": "冰冷雪冰冷冰",
            "content": "微博正文",
            "time": "20-5-13 22:28"
        },
        {
            "comment id": 16,
            "parent": -1,
            "children": [],
            "user id": "6456349409",
            "user name": "冰冷雪冰冷冰",
            "content": "关键时刻、决胜之地，习近平总书记的话语振奋人心 要求 动物福利 立法保护动物 真正的大爱救助人管理照顾流浪动物   呼吁 中华人民共和国动物保护法 中华人民共和国禁止虐待残杀动物法   破坏共战疫情凶残恶毒的暴徒重刑重罚🔫毙  破坏公共安全心怀鬼胎别有用心反社会反人民凶残恶毒暴徒立即🔫毙 过去一年，真高兴认识你",
            "time": "20-5-14 10:14"
        },
        {
            "comment id": 17,
            "parent": -1,
            "children": [],
            "user id": "6456349409",
            "user name": "冰冷雪冰冷冰",
            "content": "「绍兴土匪式执法」J察&C管不分青红皂白，公然夺狗！",
            "time": "20-5-14 10:05"
        },
        {
            "comment id": 18,
            "parent": -1,
            "children": [],
            "user id": "6456349409",
            "user name": "冰冷雪冰冷冰",
            "content": "现场执法公安民警该做啥、不该做啥，这里有标准答案   首发！一图解读 | 现场执法，公安民警应练就哪些“绝招”？(全是干货，建议收藏)   【聚焦】执法记录仪对于警察有多重要？这几个案例足够让你警醒！   关注丨城管到底管什么？该怎么执法？这回全要规定清楚了  新华社评论：城管执法办法不可\"越位揽权\"      物业有权处死流浪动物吗？打狗队可以入户抓狗吗？投毒毒狗违法吗？  微博正文   @辛苦为谁忙:狗收走，狗主人拘留。",
            "time": "21-9-22 00:22"
        },
        {
            "comment id": 19,
            "parent": -1,
            "children": [],
            "user id": "6456349409",
            "user name": "冰冷雪冰冷冰",
            "content": " 微博正文  全网寻找绍兴志愿者助力 还原杭州小白狗被淹死的真相！这是一场“文明的杀戮”！ 是谁让浙江背上了血腥野蛮的Icon！ 别出心裁丨饲养猎犬抓捕流浪犬，天堂市（外包）城管在行动！ 滥杀无辜动物绝不是防疫行为，无知私刑是违法！ 为60元打狗队 变打人队，6年忠犬最终惨死U型叉下！浙江金华离全国文明城市还有多远？ “清理狗患”是为了城市文明还是私饱中囊？ 用丧尽天良已远远不够形容虐杀者的罪恶！ 救助站遭逼迁！牠们只想有个家！ @中国政府网  网曝某官方犬只留检所把狗卖给狗贩屠杀！！所长腕表十几万！",
            "time": "21-5-29 13:32"
        },
        {
            "comment id": 20,
            "parent": -1,
            "children": [],
            "user id": "6456349409",
            "user name": "冰冷雪冰冷冰",
            "content": "《中华人民共和国监察法》全文    逐条解读《中国共产党问责条例》   给纪委的举报信常见的6种\"问题\"，告诉你如何避免     奸诈设计寻找一切借口凶残恶毒硬吃强吃抓猫抢狗    拍视频      涨知识！哪些人会犯滥用职权罪？   涨知识！原来这样的行为和后果才算滥用职权罪      编外、协管、非党员也逃不出国家监察的大网！从广州留置第一案说起    这10个人被查告诉你，网络举报有用！    国务院“互联网+督查”平台开通     国务院办公厅征集疫情防控线索！防控不力、缓报瞒报一经查实严肃处理",
            "time": "20-7-3 08:17"
        },
        {
            "comment id": 21,
            "parent": -1,
            "children": [],
            "user id": "6456349409",
            "user name": "冰冷雪冰冷冰",
            "content": "微博正文  莫让流浪犬再流浪 | 人民时评     管狗，从管人做起    我是【为动物发声】编辑，今天，我有话要说... ...    是谁让浙江背上了血腥野蛮的Icon！  “清理狗患”是为了城市文明还是私饱中囊？  滥杀无辜动物绝不是防疫行为，无知私刑是违法！  救助站遭逼迁！牠们只想有个家！  清“狗患”前，务必先控制“人祸”  微博正文",
            "time": "20-7-3 08:13"
        },
        {
            "comment id": 22,
            "parent": -1,
            "children": [],
            "user id": "6456349409",
            "user name": "冰冷雪冰冷冰",
            "content": "#儿童孕妇尿液中检出多种抗生素# 每一个地方每一个人要做的事很多  环境问题  食品安全的问题  特别是农村老人的问题（老人有后人无人照顾）  留守儿童问题    再多的问题  就是人的问题  善待动物  改变人性  愚蠢挑事  个人认为  居心不良心怀鬼胎  查  钱  人   微博正文",
            "time": "20-5-15 04:10"
        },
        {
            "comment id": 23,
            "parent": -1,
            "children": [],
            "user id": "1957641681",
            "user name": "TNR关爱动物",
            "content": "许多发个视频的已被河蟹了！理由是说这个视频有误？呵呵！",
            "time": "20-5-14 12:49"
        },
        {
            "comment id": 24,
            "parent": -1,
            "children": [],
            "user id": "6337902199",
            "user name": "向陶老师学习",
            "content": "愤怒",
            "time": "20-5-14 15:13"
        },
        {
            "comment id": 25,
            "parent": -1,
            "children": [],
            "user id": "6337902199",
            "user name": "向陶老师学习",
            "content": "",
            "time": "20-5-14 15:13"
        },
        {
            "comment id": 26,
            "parent": -1,
            "children": [],
            "user id": "5827619883",
            "user name": "花开富贵388",
            "content": "真心的不喜欢大多数养狗的，到处大小便",
            "time": "20-5-14 17:38"
        },
        {
            "comment id": 27,
            "parent": -1,
            "children": [],
            "user id": "7347360703",
            "user name": "风卷残云987",
            "content": "地皮，流氓，下三烂",
            "time": "20-5-14 01:47"
        },
        {
            "comment id": 28,
            "parent": -1,
            "children": [],
            "user id": "5261698019",
            "user name": "读报探索队长",
            "content": "邪恶……",
            "time": "20-5-13 23:34"
        },
        {
            "comment id": 29,
            "parent": -1,
            "children": [],
            "user id": "6891956732",
            "user name": "hh红红火火ww",
            "content": "到底是土匪还是恶露！这样对待老百姓！丧尽天良！",
            "time": "20-5-13 22:28"
        },
        {
            "comment id": 30,
            "parent": -1,
            "children": [],
            "user id": "6325756820",
            "user name": "还是那片乌云啊",
            "content": "土匪恶霸！",
            "time": "20-5-13 22:15"
        }
    ]
}