{
    "source": {
        "content": "#虎门大桥# 这是我们每年回家必走的桥啊～最新消息说：38号吊索钢丝绳断裂！发生于钢箱梁内侧锚头处，旧索从内面外发生锈蚀，目前已经拆除吊索，又发现多根出现锈蚀。主缆开揽检查发现中跨跨中位置均有3-4层腐蚀严重的钢索。  ",
        "time": "20-5-11 08:35",
        "user id": "7428196655",
        "tweet id": "J1oe7f14U",
        "label": 1,
        "theme": null
    },
    "comment": [
        {
            "comment id": 0,
            "parent": -1,
            "children": [
                5
            ],
            "user id": "6634235774",
            "user name": "明天吃芝士面包",
            "content": "这是假的啊，不信谣不传谣啊",
            "time": "20-5-11 08:46"
        },
        {
            "comment id": 1,
            "parent": 5,
            "children": [],
            "user id": "6634235774",
            "user name": "明天吃芝士面包",
            "content": "回复@精致的猪猪C仔:不信谣不传谣",
            "time": "20-5-11 08:54"
        },
        {
            "comment id": 2,
            "parent": 5,
            "children": [],
            "user id": "6634235774",
            "user name": "明天吃芝士面包",
            "content": "回复@精致的猪猪C仔:还不感觉删",
            "time": "20-5-11 08:54"
        },
        {
            "comment id": 3,
            "parent": 5,
            "children": [],
            "user id": "6634235774",
            "user name": "明天吃芝士面包",
            "content": "回复@精致的猪猪C仔:他是用了19年的新闻",
            "time": "20-5-11 08:54"
        },
        {
            "comment id": 4,
            "parent": 5,
            "children": [],
            "user id": "6634235774",
            "user name": "明天吃芝士面包",
            "content": "回复@精致的猪猪C仔:这是假的",
            "time": "20-5-11 08:54"
        },
        {
            "comment id": 5,
            "parent": 0,
            "children": [
                1,
                2,
                3,
                4
            ],
            "user id": "7428196655",
            "user name": "精致的猪猪C仔",
            "content": "啊",
            "time": "20-5-11 08:47"
        },
        {
            "comment id": 6,
            "parent": -1,
            "children": [
                7
            ],
            "user id": "7078478613",
            "user name": "瑾年bi",
            "content": "以后看微博的新闻，要看时间，出处，别乱想，",
            "time": "20-5-11 08:46"
        },
        {
            "comment id": 7,
            "parent": 6,
            "children": [],
            "user id": "7428196655",
            "user name": "精致的猪猪C仔",
            "content": "",
            "time": "20-5-11 08:47"
        },
        {
            "comment id": 8,
            "parent": -1,
            "children": [],
            "user id": "5725873912",
            "user name": "69岁老同志在线加班",
            "content": "去年的新闻好吧",
            "time": "20-5-11 08:43"
        }
    ]
}