{
    "source": {
        "content": "#虎门大桥# 【虎门大桥最新消息 】38号吊索钢丝绳断裂！发生于钢箱梁内侧锚头处，旧索从内面外发生锈蚀，目前已经拆除吊索，又发现多根出现锈蚀。主缆开揽检查发现中跨跨中位置均有3-4层腐蚀严重的钢索。   ",
        "time": "20-5-11 09:03",
        "user id": "2105859422",
        "tweet id": "J1opr2Aw4",
        "label": 1,
        "theme": null
    },
    "comment": [
        {
            "comment id": 0,
            "parent": -1,
            "children": [],
            "user id": "2490119321",
            "user name": "洛杉矶飞利物浦",
            "content": "造谣一张嘴",
            "time": "20-5-11 09:12"
        },
        {
            "comment id": 1,
            "parent": -1,
            "children": [],
            "user id": "5884172318",
            "user name": "来一口啾咪",
            "content": "哇，你及时转发了好棒棒哦，是没脑子吗",
            "time": "20-5-11 09:16"
        },
        {
            "comment id": 2,
            "parent": -1,
            "children": [],
            "user id": "6239938384",
            "user name": "鹿先森的狗子",
            "content": "造谣？",
            "time": "20-5-11 09:08"
        },
        {
            "comment id": 3,
            "parent": -1,
            "children": [],
            "user id": "7414697392",
            "user name": "弥梦泪痕",
            "content": "造谣司马哦",
            "time": "20-5-11 09:12"
        },
        {
            "comment id": 4,
            "parent": -1,
            "children": [],
            "user id": "5544357698",
            "user name": "你是懒猫啊",
            "content": "别造谣",
            "time": "20-5-11 09:06"
        }
    ]
}