{
    "source": {
        "content": "#虎门大桥#最新消息：大桥晃动原因鉴定结果，主缆和吊索多处被腐蚀，38号吊索钢丝绳断裂。 号外商丘的微博视频 ",
        "time": "20-5-11 09:20",
        "user id": "5896410430",
        "tweet id": "J1owqfR5e",
        "label": 1,
        "theme": null
    },
    "comment": [
        {
            "comment id": 0,
            "parent": -1,
            "children": [],
            "user id": "5896410430",
            "user name": "泡泡灯儿",
            "content": "《天津政法报》某音官方号报道虎门大桥晃动原因！ ",
            "time": "20-5-11 11:07"
        },
        {
            "comment id": 1,
            "parent": -1,
            "children": [],
            "user id": "3320500013",
            "user name": "请叫我厕所所长",
            "content": "上午好",
            "time": "20-5-11 09:28"
        },
        {
            "comment id": 2,
            "parent": -1,
            "children": [
                3
            ],
            "user id": "2191233772",
            "user name": "屁大点事分享者v",
            "content": "别造谣了，过500小心被抓紧去 ",
            "time": "20-5-11 09:22"
        },
        {
            "comment id": 3,
            "parent": 2,
            "children": [],
            "user id": "1707103121",
            "user name": "河马战神",
            "content": "是的，这是19年的检测报告，19年4月12日已经完成了钢索更换。拿去年的新闻移花接木，和造谣无异！",
            "time": "20-5-11 09:26"
        },
        {
            "comment id": 4,
            "parent": -1,
            "children": [],
            "user id": "1750019281",
            "user name": "柏亨上班落班",
            "content": "举报了，祝你早日进去",
            "time": "20-5-11 09:31"
        },
        {
            "comment id": 5,
            "parent": -1,
            "children": [],
            "user id": "5884172318",
            "user name": "来一口啾咪",
            "content": "多多转发，祝你早日进去",
            "time": "20-5-11 09:28"
        },
        {
            "comment id": 6,
            "parent": -1,
            "children": [],
            "user id": "2263121901",
            "user name": "飞飞飞我飞",
            "content": "大家加油转发，过500就举报",
            "time": "20-5-11 09:24"
        },
        {
            "comment id": 7,
            "parent": -1,
            "children": [],
            "user id": "1929671193",
            "user name": "Hi-Fi不烫",
            "content": "转500送你一程",
            "time": "20-5-11 11:38"
        },
        {
            "comment id": 8,
            "parent": -1,
            "children": [],
            "user id": "3316369234",
            "user name": "肉脸圆子_",
            "content": "抓！",
            "time": "20-5-11 09:44"
        },
        {
            "comment id": 9,
            "parent": -1,
            "children": [],
            "user id": "5652820990",
            "user name": "二十多岁想和你一起去看海",
            "content": "造谣举报了",
            "time": "20-5-11 09:26"
        },
        {
            "comment id": 10,
            "parent": -1,
            "children": [],
            "user id": "1000615075",
            "user name": "大娟子的傻小子嘟嘟",
            "content": "瞎说 小心造谣",
            "time": "20-5-11 09:21"
        },
        {
            "comment id": 11,
            "parent": -1,
            "children": [],
            "user id": "2068469407",
            "user name": "過來-講隻鼓仔俾伱聽",
            "content": "这就是现在所谓的新闻人吧，为了博眼球，新闻都不查实就发",
            "time": "20-5-11 09:27"
        }
    ]
}