{
    "source": {
        "content": "求转\n \n本人：张艳，电话\n15206333743  今天上午的2岁女儿在银河酒店附近被人拐走了，女儿能说出她爸爸的手机号码 从监控上看是被一个四十多岁男人抱走了现我们家老太太都急疯了 有知情者请告之 万分感谢 看到信息的兄弟姐妹留意一下 联系人 张明均如果看一眼懒得转的冷漠人也请\n你伸出手指按3秒 看到就转转吧 我们都会有孩子 谢谢你\n必有重谢  5万元整  谁的群多大家帮忙转发一下！好人一生平安。\n_转发一次本人发红包8.88元 \n本人张艳，不发红包死全家。电话185 6052 3648\n         发挥正能量\n          救救孩子吧！\n          求转！！！",
        "time": "20-5-26 12:59",
        "user id": "5837961486",
        "tweet id": "J3HmEdMOE",
        "label": 1,
        "theme": null
    },
    "comment": [
        {
            "comment id": 0,
            "parent": -1,
            "children": [
                1,
                2,
                5
            ],
            "user id": "5737479435",
            "user name": "Apollo大神",
            "content": "@石家庄的老李 @石家庄帮忙",
            "time": "20-5-26 14:14"
        },
        {
            "comment id": 1,
            "parent": 0,
            "children": [],
            "user id": "2781512687",
            "user name": "石家庄帮忙",
            "content": "最后那个不发红包死全家的，基本可以判定是谣言了",
            "time": "20-5-29 07:25"
        },
        {
            "comment id": 2,
            "parent": 0,
            "children": [],
            "user id": "6025883995",
            "user name": "花重锦官城W",
            "content": "我还转啦",
            "time": "20-5-27 09:21"
        },
        {
            "comment id": 3,
            "parent": 5,
            "children": [],
            "user id": "3816449205",
            "user name": "-----常山赵云----",
            "content": "回复@石家庄的老李:啥情况",
            "time": "20-5-26 21:13"
        },
        {
            "comment id": 4,
            "parent": 5,
            "children": [],
            "user id": "5737479435",
            "user name": "Apollo大神",
            "content": "回复@石家庄的老李:好吧 浪费爱心",
            "time": "20-5-26 18:00"
        },
        {
            "comment id": 5,
            "parent": 0,
            "children": [
                3,
                4
            ],
            "user id": "1462941271",
            "user name": "石家庄的老李",
            "content": "这个是假的",
            "time": "20-5-26 16:03"
        },
        {
            "comment id": 6,
            "parent": -1,
            "children": [],
            "user id": "1462941271",
            "user name": "石家庄的老李",
            "content": "您发布的该微博信息存在不实之处，该信息已被多地官方媒体公开辟谣。为避免不实信息的扩散，请你将微博自行删除。不信谣、不传谣、不造谣。详情可参阅→ 【网警辟谣】“平阳肖江周宅路附近女孩被拐走”系谣言！",
            "time": "20-5-26 16:01"
        },
        {
            "comment id": 7,
            "parent": -1,
            "children": [
                8
            ],
            "user id": "5842258296",
            "user name": "举头三尺有挚爱_958",
            "content": "真搞不懂你？没事发这样的信息？你是看了还以为是真的？想转发呢！看到后面和评论区才知道是假的？唉！真是不知道说你啥好？",
            "time": "20-5-26 21:14"
        },
        {
            "comment id": 8,
            "parent": 7,
            "children": [],
            "user id": "5842258296",
            "user name": "举头三尺有挚爱_958",
            "content": "打错字了，应该是我刚看了，写成你是看了",
            "time": "20-5-26 21:15"
        },
        {
            "comment id": 9,
            "parent": -1,
            "children": [
                10,
                11
            ],
            "user id": "5770184452",
            "user name": "一横撇口",
            "content": "@石家庄的老李 @石家庄的事儿",
            "time": "20-5-26 14:31"
        },
        {
            "comment id": 10,
            "parent": 9,
            "children": [],
            "user id": "1462941271",
            "user name": "石家庄的老李",
            "content": "",
            "time": "20-5-26 16:03"
        },
        {
            "comment id": 11,
            "parent": 9,
            "children": [],
            "user id": "5770184452",
            "user name": "一横撇口",
            "content": "哦哦 谢谢 宁缺毋滥 打扰您了",
            "time": "20-5-26 18:32"
        },
        {
            "comment id": 12,
            "parent": -1,
            "children": [],
            "user id": "7416992512",
            "user name": "克莱尼亚",
            "content": "看到前面的还想给你转，看到最后几句我去你大爷的",
            "time": "20-5-26 15:16"
        },
        {
            "comment id": 13,
            "parent": -1,
            "children": [
                14
            ],
            "user id": "7271261728",
            "user name": "如斯如妄24744",
            "content": "要挂孩子照片啊",
            "time": "20-5-26 13:10"
        },
        {
            "comment id": 14,
            "parent": 13,
            "children": [],
            "user id": "7271261728",
            "user name": "如斯如妄24744",
            "content": "把孩子照片也放出来啊",
            "time": "20-5-26 13:11"
        },
        {
            "comment id": 15,
            "parent": -1,
            "children": [],
            "user id": "6486905026",
            "user name": "博62333",
            "content": "你就该死全家cnm",
            "time": "20-5-27 17:34"
        },
        {
            "comment id": 16,
            "parent": -1,
            "children": [],
            "user id": "5506832431",
            "user name": "时间与光ii",
            "content": "就冲孩子被拐，转发下去！",
            "time": "20-5-27 00:30"
        },
        {
            "comment id": 17,
            "parent": -1,
            "children": [],
            "user id": "6911682347",
            "user name": "Beyond_2333",
            "content": "拐的好，把你老婆也拐走就好了",
            "time": "20-5-27 12:01"
        },
        {
            "comment id": 18,
            "parent": -1,
            "children": [],
            "user id": "5492207976",
            "user name": "王小神奇儿eR",
            "content": "不发死全家 也是醉了",
            "time": "20-5-30 13:22"
        },
        {
            "comment id": 19,
            "parent": -1,
            "children": [],
            "user id": "3201537135",
            "user name": "全民智还好管家",
            "content": "真有意思差点给你转发有病，病的不轻",
            "time": "20-5-28 08:06"
        },
        {
            "comment id": 20,
            "parent": -1,
            "children": [],
            "user id": "5530757165",
            "user name": "茶茶荼荼啊-",
            "content": "你听说过狼来了的故事吗，以后遇到这种情况，谁还会轻易相信",
            "time": "20-5-27 07:02"
        },
        {
            "comment id": 21,
            "parent": -1,
            "children": [],
            "user id": "6076262044",
            "user name": "一只萤火虫的自我修养",
            "content": "老太太急疯了，你不急？？？",
            "time": "20-5-26 19:30"
        },
        {
            "comment id": 22,
            "parent": -1,
            "children": [],
            "user id": "5860700117",
            "user name": "LLBarry",
            "content": "这个说说到处都是，内容一样，就是名字不一样，你说巧不巧",
            "time": "20-5-26 15:48"
        },
        {
            "comment id": 23,
            "parent": -1,
            "children": [],
            "user id": "6505515812",
            "user name": "天生就这性别",
            "content": "真假啊",
            "time": "20-5-26 14:50"
        },
        {
            "comment id": 24,
            "parent": -1,
            "children": [],
            "user id": "1894338335",
            "user name": "完颜吴乞买",
            "content": "傻",
            "time": "20-5-27 08:10"
        },
        {
            "comment id": 25,
            "parent": -1,
            "children": [],
            "user id": "6433709056",
            "user name": "流年唱离殇",
            "content": "一说发红包的肯定假的",
            "time": "20-5-26 17:21"
        },
        {
            "comment id": 26,
            "parent": -1,
            "children": [],
            "user id": "7458664075",
            "user name": "TCM黑客团队",
            "content": "他没有带定位GPS吗？",
            "time": "20-5-26 14:18"
        }
    ]
}