{
    "source": {
        "content": "这应该是最近几天美国警察闹出的最大的一个笑话了，几个警察在路边强行逮捕了一个非裔青年，整个逮捕过程中黑人青年都在询问警察自己被逮捕的罪名，警察们却一直说不出个所以然，估计就是看这个黑兄弟不顺眼。\n然后高潮来了，黑人青年在被铐住之后，警察们在他的裤兜里搜出了他的钥匙，他的钱包，还有他钱包里的……FBI工作证\n警察随后很尴尬地帮小哥松了绑，FBI黑人小哥临走之前也收走了这几名警察的名片，只留下了几个悔不当初的警察在风中集体凌乱……#美国至少15个州已启用国民警卫队# #美国暴乱# #美国#  掷弹兵军品行的微博视频",
        "time": "20-6-2 05:50",
        "user id": "7421955239",
        "tweet id": "J4Iyg1sPT",
        "label": 1,
        "theme": null
    },
    "comment": [
        {
            "comment id": 0,
            "parent": -1,
            "children": [],
            "user id": "5111279149",
            "user name": "憨眠月半",
            "content": "已经辟谣说不是FBI只是抓错人了哎",
            "time": "20-6-2 08:43"
        },
        {
            "comment id": 1,
            "parent": -1,
            "children": [
                3,
                4,
                5,
                6
            ],
            "user id": "2274533692",
            "user name": "YJD猫猪",
            "content": "这是几个FBI在一起蹲点这帮货",
            "time": "20-6-2 06:08"
        },
        {
            "comment id": 2,
            "parent": 6,
            "children": [],
            "user id": "2792468817",
            "user name": "叽哩咕噜虫1996",
            "content": "回复@剑心012801:哇，专业",
            "time": "20-6-2 18:54"
        },
        {
            "comment id": 3,
            "parent": 1,
            "children": [],
            "user id": "1701412073",
            "user name": "乘风破浪的melody",
            "content": "看到厂家暗访几个字忍不住笑了",
            "time": "20-6-2 18:43"
        },
        {
            "comment id": 4,
            "parent": 1,
            "children": [],
            "user id": "1997931977",
            "user name": "姚子yusuf",
            "content": "回复 @胡致远爸爸:哈哈哈哈我们经常这样",
            "time": "20-6-2 10:40"
        },
        {
            "comment id": 5,
            "parent": 1,
            "children": [],
            "user id": "2291407847",
            "user name": "不谈恋爱会死吗",
            "content": "厂家暗访",
            "time": "20-6-2 09:47"
        },
        {
            "comment id": 6,
            "parent": 1,
            "children": [
                2
            ],
            "user id": "6041241515",
            "user name": "剑心012801",
            "content": "钓鱼执法，钓的自己人，在服务业应该是神秘顾客",
            "time": "20-6-2 06:11"
        },
        {
            "comment id": 7,
            "parent": -1,
            "children": [
                8,
                9
            ],
            "user id": "6292645006",
            "user name": "左右军事",
            "content": "大水冲了龙王庙",
            "time": "20-6-2 05:51"
        },
        {
            "comment id": 8,
            "parent": 7,
            "children": [],
            "user id": "5393170967",
            "user name": "富春富春",
            "content": "回复@驰名的帅:童子尿赤了龙王庙",
            "time": "20-6-2 13:31"
        },
        {
            "comment id": 9,
            "parent": 7,
            "children": [],
            "user id": "1837499234",
            "user name": "子丸鱼章帅",
            "content": "是小溪冲了龙王庙",
            "time": "20-6-2 11:27"
        },
        {
            "comment id": 10,
            "parent": -1,
            "children": [
                11,
                12,
                13,
                14,
                15,
                16
            ],
            "user id": "6457248034",
            "user name": "吃瓜专用qwer",
            "content": "如果这个人不是fbi，就真的被莫名铐住，抓走了… 种族歧视真的好严重啊…",
            "time": "20-6-2 06:10"
        },
        {
            "comment id": 11,
            "parent": 10,
            "children": [],
            "user id": "2160331954",
            "user name": "重逢故里-",
            "content": "FBI在中国相当于什么执法部门？军队？",
            "time": "20-6-2 23:29"
        },
        {
            "comment id": 12,
            "parent": 10,
            "children": [],
            "user id": "6457248034",
            "user name": "吃瓜专用qwer",
            "content": "回复@南八东:嗯，也对。为啥查了证件后，又放走了？说明确实这个人没有问题吧。如果是真的不配合，是会立即强力执行的吧。（仅凭视频猜测，视频里这个黑人一直说的是他们抓错了人，后来他们看了证件后，他说要找他们的头，没有太听清不是FBI，见一楼有人说不是的FBI。）",
            "time": "20-6-2 13:08"
        },
        {
            "comment id": 13,
            "parent": 10,
            "children": [],
            "user id": "1433178412",
            "user name": "旅行绍兴",
            "content": "回复@_蔡先森要兜小吃货逛天下:旁边拍照的一直就在等着看笑话。",
            "time": "20-6-2 13:05"
        },
        {
            "comment id": 14,
            "parent": 10,
            "children": [],
            "user id": "1786054527",
            "user name": "_阿倫SL",
            "content": "如果不是的话就连边上拍照的几个都要被一起带走了吧",
            "time": "20-6-2 09:45"
        },
        {
            "comment id": 15,
            "parent": 10,
            "children": [],
            "user id": "2399730417",
            "user name": "Yunpeng-2333",
            "content": "“你因为拒捕而被捕了”",
            "time": "20-6-2 09:42"
        },
        {
            "comment id": 16,
            "parent": 10,
            "children": [],
            "user id": "6143867791",
            "user name": "Krasava",
            "content": "是的 真的严重了",
            "time": "20-6-2 09:38"
        },
        {
            "comment id": 17,
            "parent": -1,
            "children": [
                18,
                20,
                21,
                22,
                23,
                24,
                26,
                29,
                30,
                31,
                32,
                33,
                34,
                35,
                36,
                37,
                40
            ],
            "user id": "2621520863",
            "user name": "丿你薇笑时好美丶",
            "content": "Fbi是啥啊",
            "time": "20-6-2 09:31"
        },
        {
            "comment id": 18,
            "parent": 17,
            "children": [],
            "user id": "5545642636",
            "user name": "网管你好大官威啊",
            "content": "应该是电影审查委员会吧",
            "time": "20-6-6 07:05"
        },
        {
            "comment id": 19,
            "parent": 20,
            "children": [],
            "user id": "6466811877",
            "user name": "啧没脑子的傻子真多",
            "content": "回复@糖果先森丶:还真复杂",
            "time": "20-6-2 23:23"
        },
        {
            "comment id": 20,
            "parent": 17,
            "children": [
                19
            ],
            "user id": "1278916951",
            "user name": "糖果先森丶",
            "content": "回复@忆i蓑烟雨任平生:可以理解为中央警察局，因为米国是联邦制，每个州都有自己的法律和警察系统",
            "time": "20-6-2 21:26"
        },
        {
            "comment id": 21,
            "parent": 17,
            "children": [],
            "user id": "5720474997",
            "user name": "布丁味的琦琦子",
            "content": "联邦调查局",
            "time": "20-6-2 17:54"
        },
        {
            "comment id": 22,
            "parent": 17,
            "children": [],
            "user id": "6867445407",
            "user name": "展望星空L",
            "content": "联邦调查局",
            "time": "20-6-2 15:30"
        },
        {
            "comment id": 23,
            "parent": 17,
            "children": [],
            "user id": "1752726555",
            "user name": "秋毛Cafe",
            "content": "总部在厦门鼓浪屿 赵小姐的店隔壁",
            "time": "20-6-2 12:37"
        },
        {
            "comment id": 24,
            "parent": 17,
            "children": [],
            "user id": "6763376916",
            "user name": "_莱农_",
            "content": "富逼",
            "time": "20-6-2 12:16"
        },
        {
            "comment id": 25,
            "parent": 33,
            "children": [],
            "user id": "2431464571",
            "user name": "Breaking-Heisenberg-Bad",
            "content": "回复@StillYu:厉害了👍🏻😃",
            "time": "20-6-2 10:59"
        },
        {
            "comment id": 26,
            "parent": 17,
            "children": [],
            "user id": "5635270592",
            "user name": "哈着扎啤马路漂移",
            "content": "这么多认真的同学，我的见解就和各位不一样",
            "time": "20-6-2 10:37"
        },
        {
            "comment id": 27,
            "parent": 35,
            "children": [],
            "user id": "2972932633",
            "user name": "习惯了不曾习惯的习惯就会习惯",
            "content": "回复@Brillipuppy:哦你好懂。",
            "time": "20-6-2 10:16"
        },
        {
            "comment id": 28,
            "parent": 29,
            "children": [],
            "user id": "5092176341",
            "user name": "万事胜意的张某某",
            "content": "回复@每个人都是一棵树:图片评论 查看图片",
            "time": "20-6-2 10:05"
        },
        {
            "comment id": 29,
            "parent": 17,
            "children": [
                28
            ],
            "user id": "1930719232",
            "user name": "每个人都是一棵树",
            "content": "就是帮我们审查电影的那个，电影开头都有的，你没看过？",
            "time": "20-6-2 09:57"
        },
        {
            "comment id": 30,
            "parent": 17,
            "children": [],
            "user id": "2621520863",
            "user name": "丿你薇笑时好美丶",
            "content": "回复@小风46577:今天才通电",
            "time": "20-6-2 09:57"
        },
        {
            "comment id": 31,
            "parent": 17,
            "children": [],
            "user id": "2291407847",
            "user name": "不谈恋爱会死吗",
            "content": "神盾局",
            "time": "20-6-2 09:49"
        },
        {
            "comment id": 32,
            "parent": 17,
            "children": [],
            "user id": "2621520863",
            "user name": "丿你薇笑时好美丶",
            "content": "原来是联邦调查局",
            "time": "20-6-2 09:45"
        },
        {
            "comment id": 33,
            "parent": 17,
            "children": [
                25
            ],
            "user id": "1650286893",
            "user name": "StillYu",
            "content": "FBI WARNING 没看过吗？",
            "time": "20-6-2 09:43"
        },
        {
            "comment id": 34,
            "parent": 17,
            "children": [],
            "user id": "3101166177",
            "user name": "阿森evi",
            "content": "最常在电影里看到的FBI 美国联邦调查局，CIA 美国中央情报局",
            "time": "20-6-2 09:42"
        },
        {
            "comment id": 35,
            "parent": 17,
            "children": [
                27
            ],
            "user id": "1993205757",
            "user name": "Brillipuppy",
            "content": "回复@忆i蓑烟雨任平生:不要相信美剧，联邦调查局是个复合型单位，兼顾警察、国安和安监等单位，但是涉案的案件必须是案情跨州或者罪犯跨州等…很复杂",
            "time": "20-6-2 09:41"
        },
        {
            "comment id": 36,
            "parent": 17,
            "children": [],
            "user id": "2289128817",
            "user name": "胡胡杨杨HY",
            "content": "联邦调查局",
            "time": "20-6-2 09:40"
        },
        {
            "comment id": 37,
            "parent": 17,
            "children": [],
            "user id": "1497036221",
            "user name": "李欣_Kelvin",
            "content": "九头蛇",
            "time": "20-6-2 09:39"
        },
        {
            "comment id": 38,
            "parent": 39,
            "children": [],
            "user id": "6466811877",
            "user name": "啧没脑子的傻子真多",
            "content": "回复@Brillipuppy:联邦调查局又是干嘛的",
            "time": "20-6-2 09:38"
        },
        {
            "comment id": 39,
            "parent": 40,
            "children": [
                38
            ],
            "user id": "1993205757",
            "user name": "Brillipuppy",
            "content": "回复@习惯了不曾习惯的习惯就会习惯:特勤个鸡毛，叫做联邦调查局…",
            "time": "20-6-2 09:35"
        },
        {
            "comment id": 40,
            "parent": 17,
            "children": [
                39
            ],
            "user id": "2972932633",
            "user name": "习惯了不曾习惯的习惯就会习惯",
            "content": "美国特勤局",
            "time": "20-6-2 09:33"
        },
        {
            "comment id": 41,
            "parent": -1,
            "children": [
                43,
                44,
                45,
                48,
                49,
                50,
                51,
                64,
                65,
                66,
                67,
                68
            ],
            "user id": "1433178412",
            "user name": "旅行绍兴",
            "content": "相当于派出所民警抓了国安人员？",
            "time": "20-6-2 09:35"
        },
        {
            "comment id": 42,
            "parent": 52,
            "children": [],
            "user id": "5891228432",
            "user name": "慢众",
            "content": "回复@迪大:他有点死要面子了",
            "time": "20-6-3 13:25"
        },
        {
            "comment id": 43,
            "parent": 41,
            "children": [],
            "user id": "1272447327",
            "user name": "原始极限",
            "content": "抓了公安部的",
            "time": "20-6-3 04:43"
        },
        {
            "comment id": 44,
            "parent": 41,
            "children": [],
            "user id": "6039453130",
            "user name": "舰R革·命军大头目",
            "content": "美国这个体制很乱的，fbi调查cia都有可能发生，你看国内有没有公安部调查军方",
            "time": "20-6-2 19:13"
        },
        {
            "comment id": 45,
            "parent": 41,
            "children": [],
            "user id": "1433178412",
            "user name": "旅行绍兴",
            "content": "回复@大星星星星星星Boom:嗯嗯，也只是一说。想不到这么热烈。",
            "time": "20-6-2 17:17"
        },
        {
            "comment id": 46,
            "parent": 48,
            "children": [],
            "user id": "5023926383",
            "user name": "比勒布慢一点的Rally兔",
            "content": "回复@旅行绍兴:这样理解是片面的。不能用你自己国家的体制去套别人国家。",
            "time": "20-6-2 14:34"
        },
        {
            "comment id": 47,
            "parent": 51,
            "children": [],
            "user id": "5023926383",
            "user name": "比勒布慢一点的Rally兔",
            "content": "回复@浓硫酸煮面条:哈哈哈哈哈哈",
            "time": "20-6-2 14:33"
        },
        {
            "comment id": 48,
            "parent": 41,
            "children": [
                46
            ],
            "user id": "1433178412",
            "user name": "旅行绍兴",
            "content": "我也就说说，这样通俗理解对不对。你俩别打架",
            "time": "20-6-2 13:04"
        },
        {
            "comment id": 49,
            "parent": 41,
            "children": [],
            "user id": "1433178412",
            "user name": "旅行绍兴",
            "content": "俩人讨论的还挺激烈",
            "time": "20-6-2 13:03"
        },
        {
            "comment id": 50,
            "parent": 41,
            "children": [],
            "user id": "6733064535",
            "user name": "玛卡巴卡小辣鸡",
            "content": "杠精大作战",
            "time": "20-6-2 12:43"
        },
        {
            "comment id": 51,
            "parent": 41,
            "children": [
                47
            ],
            "user id": "1501775062",
            "user name": "浓硫酸煮面条",
            "content": "回复@大星星星星星星Boom:是的，我看得津津有味",
            "time": "20-6-2 12:22"
        },
        {
            "comment id": 52,
            "parent": 53,
            "children": [
                42
            ],
            "user id": "2048884207",
            "user name": "迪大",
            "content": "回复@Brillipuppy:说句自己搞混了没有这么难。。。。唉 FBI在每个州都有执法权 也不需要被警察限制 别犟了",
            "time": "20-6-2 12:04"
        },
        {
            "comment id": 53,
            "parent": 54,
            "children": [
                52
            ],
            "user id": "1993205757",
            "user name": "Brillipuppy",
            "content": "回复@迪大:针对反间谍、国土安全和跨州案件等案件，FBI会接管。但是接管需要满足很多条件，大多数情况下是协助警察。我之前说的没有具体的执法权，意味着有限制的执法权，不完全覆盖于警察的职责。",
            "time": "20-6-2 12:02"
        },
        {
            "comment id": 54,
            "parent": 56,
            "children": [
                53
            ],
            "user id": "2048884207",
            "user name": "迪大",
            "content": "回复@Brillipuppy:这也是调查的时候摆设吗？ 网页链接",
            "time": "20-6-2 11:53"
        },
        {
            "comment id": 55,
            "parent": 56,
            "children": [],
            "user id": "2048884207",
            "user name": "迪大",
            "content": "回复@Brillipuppy:告诉我 他们在干什么？这是在调查还是执法？ 网页链接",
            "time": "20-6-2 11:51"
        },
        {
            "comment id": 56,
            "parent": 57,
            "children": [
                54,
                55
            ],
            "user id": "1993205757",
            "user name": "Brillipuppy",
            "content": "回复@迪大:唉 网页链接",
            "time": "20-6-2 11:49"
        },
        {
            "comment id": 57,
            "parent": 58,
            "children": [
                56
            ],
            "user id": "2048884207",
            "user name": "迪大",
            "content": "回复@Brillipuppy:唉 网页链接",
            "time": "20-6-2 11:45"
        },
        {
            "comment id": 58,
            "parent": 59,
            "children": [
                57
            ],
            "user id": "1993205757",
            "user name": "Brillipuppy",
            "content": "回复@迪大:“调查组织”四个字搞清楚好不？",
            "time": "20-6-2 11:44"
        },
        {
            "comment id": 59,
            "parent": 60,
            "children": [
                58
            ],
            "user id": "2048884207",
            "user name": "迪大",
            "content": "回复@Brillipuppy:为什么别人给你解释你是错的却不承认呢？ 查看图片",
            "time": "20-6-2 11:43"
        },
        {
            "comment id": 60,
            "parent": 61,
            "children": [
                59
            ],
            "user id": "1993205757",
            "user name": "Brillipuppy",
            "content": "回复@迪大:FBI在每个美国大使馆都有办公室。麻烦你抄百度的时候抄完整了…",
            "time": "20-6-2 11:40"
        },
        {
            "comment id": 61,
            "parent": 62,
            "children": [
                60
            ],
            "user id": "2048884207",
            "user name": "迪大",
            "content": "回复@Brillipuppy:联邦调查局则主要是国内机关，其在美国主要城市设有56个地区办公室，并在全美较小的城市及地区设立了400多个常驻机构。你把CIA和FBI搞混了",
            "time": "20-6-2 11:39"
        },
        {
            "comment id": 62,
            "parent": 63,
            "children": [
                61
            ],
            "user id": "1993205757",
            "user name": "Brillipuppy",
            "content": "回复@迪大:FBI对每个州或者每个城市并不能进行单独的执法任务，除非是国家级别的案件。在一般州内的案件中，根据FBI官网介绍，他的主要任务是搜集证据，并协同和配合州警或者县警进行执法。FBI官网对自己任务有解释，但是从胡佛开始FBI大量越权",
            "time": "20-6-2 11:37"
        },
        {
            "comment id": 63,
            "parent": 65,
            "children": [
                62
            ],
            "user id": "2048884207",
            "user name": "迪大",
            "content": "回复@Brillipuppy:FBI没有执法性质？你俩啥玩意儿不懂倒是话真不少",
            "time": "20-6-2 10:50"
        },
        {
            "comment id": 64,
            "parent": 41,
            "children": [],
            "user id": "5023926383",
            "user name": "比勒布慢一点的Rally兔",
            "content": "俩人讨论的还挺激烈",
            "time": "20-6-2 10:44"
        },
        {
            "comment id": 65,
            "parent": 41,
            "children": [
                63
            ],
            "user id": "1993205757",
            "user name": "Brillipuppy",
            "content": "回复@Jmsbbbbbbbtop:你懂你懂，ok",
            "time": "20-6-2 09:51"
        },
        {
            "comment id": 66,
            "parent": 41,
            "children": [],
            "user id": "1993205757",
            "user name": "Brillipuppy",
            "content": "回复@Jmsbbbbbbbtop:CIA对外不对内，对内的情报部门是国土安全部",
            "time": "20-6-2 09:44"
        },
        {
            "comment id": 67,
            "parent": 41,
            "children": [],
            "user id": "1993205757",
            "user name": "Brillipuppy",
            "content": "回复@Jmsbbbbbbbtop:公安部是行政部门，具体执法部门是公安局xxx刑警、特警等大队。FBI没有具体的执法性质，更像是调查机构",
            "time": "20-6-2 09:43"
        },
        {
            "comment id": 68,
            "parent": 41,
            "children": [],
            "user id": "1993205757",
            "user name": "Brillipuppy",
            "content": "回复@Jmsbbbbbbbtop:CIA相当于总参x部……",
            "time": "20-6-2 09:37"
        },
        {
            "comment id": 69,
            "parent": -1,
            "children": [
                70,
                71,
                72,
                78
            ],
            "user id": "3814838024",
            "user name": "来点咸蛋黄",
            "content": "1:大量便衣混在人群中，2:美警随意逮捕黑人。",
            "time": "20-6-2 08:10"
        },
        {
            "comment id": 70,
            "parent": 69,
            "children": [],
            "user id": "7286770052",
            "user name": "Dr丶Smile",
            "content": "回复@外浮力whyFlee:左转黑历史打脸bot，有原网页",
            "time": "20-6-2 14:17"
        },
        {
            "comment id": 71,
            "parent": 69,
            "children": [],
            "user id": "1874810815",
            "user name": "外浮力",
            "content": "回复@DrSmiledesu:求问哪里看出来日期的",
            "time": "20-6-2 13:48"
        },
        {
            "comment id": 72,
            "parent": 69,
            "children": [],
            "user id": "1400686717",
            "user name": "该昵称已经被抢注",
            "content": "回复@DrSmiledesu:那么又是一个假新闻了",
            "time": "20-6-2 11:59"
        },
        {
            "comment id": 73,
            "parent": 78,
            "children": [],
            "user id": "3814838024",
            "user name": "来点咸蛋黄",
            "content": "回复@岭南不死鸟:五十年前还有黑人专用车厢呢！事件的时间和随意逮捕黑人有关系吗？",
            "time": "20-6-2 11:26"
        },
        {
            "comment id": 74,
            "parent": 77,
            "children": [],
            "user id": "7286770052",
            "user name": "Dr丶Smile",
            "content": "回复@该昵称已经被抢注:视频是去年一月份的……",
            "time": "20-6-2 11:24"
        },
        {
            "comment id": 75,
            "parent": 78,
            "children": [],
            "user id": "2628253443",
            "user name": "一只高贵的doge",
            "content": "回复@岭南不死鸟:告诉我层主两条哪点说错了？美国便衣少？美国警察不歧视黑人？",
            "time": "20-6-2 11:19"
        },
        {
            "comment id": 76,
            "parent": 78,
            "children": [],
            "user id": "5301905794",
            "user name": "记忆碎片张张张",
            "content": "回复@岭南不死鸟:哪年的",
            "time": "20-6-2 11:16"
        },
        {
            "comment id": 77,
            "parent": 78,
            "children": [
                74
            ],
            "user id": "1400686717",
            "user name": "该昵称已经被抢注",
            "content": "回复@岭南不死鸟:这是啥时候的视频？贴主说是最近？",
            "time": "20-6-2 10:27"
        },
        {
            "comment id": 78,
            "parent": 69,
            "children": [
                73,
                75,
                76,
                77
            ],
            "user id": "7256542796",
            "user name": "岭南不死鸟",
            "content": "看清楚视频是哪一年的再说话",
            "time": "20-6-2 10:04"
        },
        {
            "comment id": 79,
            "parent": -1,
            "children": [],
            "user id": "2935531857",
            "user name": "易安居士怒触不周山",
            "content": "哈哈哈哈 警察抓了洲际警察",
            "time": "20-6-2 06:03"
        },
        {
            "comment id": 80,
            "parent": -1,
            "children": [
                81,
                82
            ],
            "user id": "5826094102",
            "user name": "凡人_89",
            "content": "不管视频真假，这展现了一条当前环境下的非裔亚裔的真正出路。你必须比白人官大有钱先进枪杆子硬，才能获得真正的平等，然后你再表现出品德，才能获得真正的尊重。如果你比他们低，你的诉求就是祈求。经济环境好的时候，人家施舍你一点，经济条件不好的时候，人家连你捧的乞讨碗都得抢走。",
            "time": "20-6-2 10:12"
        },
        {
            "comment id": 81,
            "parent": 80,
            "children": [],
            "user id": "1211740843",
            "user name": "吉林长春真人",
            "content": "关键是普通黑人限于贫民窟无法出头，受过教育的黑人尽享逆向种族歧视的优势，也不会帮助自己的同胞",
            "time": "20-6-2 14:57"
        },
        {
            "comment id": 82,
            "parent": 80,
            "children": [],
            "user id": "5358324943",
            "user name": "低血糖K",
            "content": "绿皮书",
            "time": "20-6-2 12:24"
        },
        {
            "comment id": 83,
            "parent": -1,
            "children": [],
            "user id": "5700890699",
            "user name": "希格希日",
            "content": "哈哈，派出所的抓了公安部的特派员",
            "time": "20-6-2 09:42"
        },
        {
            "comment id": 84,
            "parent": -1,
            "children": [],
            "user id": "1025058304",
            "user name": "冠宸",
            "content": "黑人青年在被铐住之后，警察们在他的裤兜里搜出了他的钥匙，他的钱包，还有他钱包里的……FBI工作证",
            "time": "20-6-2 06:39"
        },
        {
            "comment id": 85,
            "parent": -1,
            "children": [],
            "user id": "1464636587",
            "user name": "埃里克叔叔Eric",
            "content": "大水冲了龙王庙！哈哈哈哈哈",
            "time": "20-6-2 06:21"
        },
        {
            "comment id": 86,
            "parent": -1,
            "children": [
                87
            ],
            "user id": "5493582465",
            "user name": "JesusYe",
            "content": "杀死白人是不是就世界太平了",
            "time": "20-6-2 11:15"
        },
        {
            "comment id": 87,
            "parent": 86,
            "children": [],
            "user id": "5493582465",
            "user name": "JesusYe",
            "content": "回复@Steam-CN:哈哈哈哈哈哈哈哈",
            "time": "20-6-2 14:26"
        },
        {
            "comment id": 88,
            "parent": -1,
            "children": [
                89
            ],
            "user id": "1799147305",
            "user name": "让小清新边飞边死",
            "content": "@Calvinccccc_",
            "time": "20-6-2 08:24"
        },
        {
            "comment id": 89,
            "parent": 88,
            "children": [],
            "user id": "1913827835",
            "user name": "Calvinccccc_",
            "content": "钓鱼执法",
            "time": "20-6-2 08:53"
        },
        {
            "comment id": 90,
            "parent": -1,
            "children": [
                91
            ],
            "user id": "3888097636",
            "user name": "_骆盛浩",
            "content": "假的吧 美国警察这么客气？",
            "time": "20-6-2 10:13"
        },
        {
            "comment id": 91,
            "parent": 90,
            "children": [],
            "user id": "2146827453",
            "user name": "Bryan丷",
            "content": "不客气行吗，大概率等于地方派出所的拷了公安部的人你说要不要客气呢",
            "time": "20-6-2 10:42"
        },
        {
            "comment id": 92,
            "parent": -1,
            "children": [
                93
            ],
            "user id": "2327479770",
            "user name": "TaxationStandards",
            "content": "燕小六捕快走在路上抓了个乡巴佬，结果乡巴佬其实是六扇门总捕头铁手",
            "time": "20-6-2 12:43"
        },
        {
            "comment id": 93,
            "parent": 92,
            "children": [],
            "user id": "7380113172",
            "user name": "酷哥韩落",
            "content": "比喻形象",
            "time": "20-6-4 08:45"
        },
        {
            "comment id": 94,
            "parent": -1,
            "children": [],
            "user id": "3322667530",
            "user name": "F心安安阳",
            "content": "大写的囧，哈哈哈",
            "time": "20-6-2 09:33"
        },
        {
            "comment id": 95,
            "parent": -1,
            "children": [],
            "user id": "3179047670",
            "user name": "DEVGRUace",
            "content": "@Foredawn·",
            "time": "20-6-2 07:07"
        },
        {
            "comment id": 96,
            "parent": -1,
            "children": [],
            "user id": "1655340107",
            "user name": "吕班路",
            "content": "转发微博",
            "time": "20-6-2 05:59"
        },
        {
            "comment id": 97,
            "parent": -1,
            "children": [
                98
            ],
            "user id": "1409112837",
            "user name": "我是东海啊",
            "content": "卧槽，这个FBI就是我经常看到的那个FBI WARNING的FBI吗？",
            "time": "20-6-2 11:32"
        },
        {
            "comment id": 98,
            "parent": 97,
            "children": [],
            "user id": "1834961271",
            "user name": "Aaron_zwpcz",
            "content": "优秀",
            "time": "20-6-3 15:40"
        },
        {
            "comment id": 99,
            "parent": -1,
            "children": [],
            "user id": "2608343303",
            "user name": "刘上达_EarthCode",
            "content": "他在抽烟🚬",
            "time": "20-6-2 09:31"
        },
        {
            "comment id": 100,
            "parent": -1,
            "children": [],
            "user id": "2103176294",
            "user name": "爱思叉儿外",
            "content": "康熙微服私访记",
            "time": "20-6-2 12:10"
        },
        {
            "comment id": 101,
            "parent": -1,
            "children": [],
            "user id": "1666852172",
            "user name": "我是老鲍",
            "content": "神必顾客",
            "time": "20-6-2 11:14"
        },
        {
            "comment id": 102,
            "parent": -1,
            "children": [],
            "user id": "2012978075",
            "user name": "王巍不会打球",
            "content": "牛逼",
            "time": "20-6-2 09:30"
        },
        {
            "comment id": 103,
            "parent": -1,
            "children": [],
            "user id": "6016558946",
            "user name": "玻璃红瓶",
            "content": "白右最恶心！！！！！",
            "time": "20-6-2 05:56"
        },
        {
            "comment id": 104,
            "parent": -1,
            "children": [
                105
            ],
            "user id": "2176644230",
            "user name": "17777777啊",
            "content": "@早睡早起的约瑟夫 感觉是钓鱼执法",
            "time": "20-6-2 19:20"
        },
        {
            "comment id": 105,
            "parent": 104,
            "children": [],
            "user id": "2261768741",
            "user name": "早睡早起的约瑟夫",
            "content": "虽然当地没有美国大使馆，但有CIA/FBI啊",
            "time": "20-6-2 19:49"
        },
        {
            "comment id": 106,
            "parent": -1,
            "children": [
                108
            ],
            "user id": "3607995024",
            "user name": "不想变月半的日寸雨阿",
            "content": "@Cynthia月亮雨",
            "time": "20-6-2 15:26"
        },
        {
            "comment id": 107,
            "parent": 108,
            "children": [],
            "user id": "3607995024",
            "user name": "不想变月半的日寸雨阿",
            "content": "回复@Cynthia月亮雨:人类迷惑行为大赏",
            "time": "20-6-2 16:00"
        },
        {
            "comment id": 108,
            "parent": 106,
            "children": [
                107
            ],
            "user id": "5263622004",
            "user name": "Cynthia月亮雨",
            "content": "",
            "time": "20-6-2 15:48"
        },
        {
            "comment id": 109,
            "parent": -1,
            "children": [],
            "user id": "2116217585",
            "user name": "快乐SUV",
            "content": " 1:大量便衣混在人群中，2:美警随意逮捕黑人。",
            "time": "20-6-2 10:47"
        },
        {
            "comment id": 110,
            "parent": -1,
            "children": [
                111
            ],
            "user id": "2722065403",
            "user name": "ewrqrwqe",
            "content": "@橙子不是芒果 ",
            "time": "20-6-2 10:37"
        },
        {
            "comment id": 111,
            "parent": 110,
            "children": [],
            "user id": "3122610323",
            "user name": "橙子不是芒果",
            "content": "大人，时代变了",
            "time": "20-6-2 11:28"
        },
        {
            "comment id": 112,
            "parent": -1,
            "children": [
                113
            ],
            "user id": "3052615004",
            "user name": "__MeMeShii",
            "content": "@废柴村长 有点好玩",
            "time": "20-6-2 09:52"
        },
        {
            "comment id": 113,
            "parent": 112,
            "children": [],
            "user id": "2165401692",
            "user name": "废柴村长",
            "content": "这尼玛也太恶心了",
            "time": "20-6-2 09:55"
        },
        {
            "comment id": 114,
            "parent": -1,
            "children": [
                115
            ],
            "user id": "2622576011",
            "user name": "朱大官人0630",
            "content": "@记不起的尘嚣",
            "time": "20-6-2 09:44"
        },
        {
            "comment id": 115,
            "parent": 114,
            "children": [],
            "user id": "1853086877",
            "user name": "记不起的尘嚣",
            "content": "这就尴尬了",
            "time": "20-6-3 08:14"
        },
        {
            "comment id": 116,
            "parent": -1,
            "children": [],
            "user id": "1911930160",
            "user name": "AetherTransmitLight",
            "content": "md笑死我了",
            "time": "20-6-2 08:12"
        },
        {
            "comment id": 117,
            "parent": -1,
            "children": [],
            "user id": "6184440428",
            "user name": "黄鼠狼精Morrica",
            "content": "哎呦我凑！ 网页链接",
            "time": "20-6-2 23:43"
        },
        {
            "comment id": 118,
            "parent": -1,
            "children": [],
            "user id": "2176134314",
            "user name": "小姿势",
            "content": "以为是青铜没想到是国服第一不过黑人问号？？种族歧视这么惨",
            "time": "20-6-2 09:36"
        },
        {
            "comment id": 119,
            "parent": -1,
            "children": [],
            "user id": "1625695290",
            "user name": "骑士de天空",
            "content": "对黑人有成见",
            "time": "20-6-2 06:40"
        },
        {
            "comment id": 120,
            "parent": -1,
            "children": [
                121
            ],
            "user id": "5342318707",
            "user name": "Leare-16",
            "content": "@fullofluv· 钓鱼执法？",
            "time": "20-6-3 14:20"
        },
        {
            "comment id": 121,
            "parent": 120,
            "children": [],
            "user id": "5272381663",
            "user name": "nullnote",
            "content": "我的天",
            "time": "20-6-3 14:22"
        },
        {
            "comment id": 122,
            "parent": -1,
            "children": [],
            "user id": "1737573007",
            "user name": "从来中不了奖的彩民",
            "content": "假新闻",
            "time": "20-6-3 08:29"
        },
        {
            "comment id": 123,
            "parent": -1,
            "children": [],
            "user id": "3754903020",
            "user name": "叫你一声你敢回头吗",
            "content": "没想到啊没想到，你这浓眉大眼的家伙，也背叛革命了",
            "time": "20-6-3 07:36"
        },
        {
            "comment id": 124,
            "parent": -1,
            "children": [],
            "user id": "2872681793",
            "user name": "尹哲",
            "content": "这算是大水冲了龙王庙啊……",
            "time": "20-6-2 23:55"
        },
        {
            "comment id": 125,
            "parent": -1,
            "children": [],
            "user id": "7384286533",
            "user name": "Epikkkkk",
            "content": "大型智商检测中心",
            "time": "20-6-2 17:11"
        },
        {
            "comment id": 126,
            "parent": -1,
            "children": [],
            "user id": "1887521162",
            "user name": "·Ashenone·",
            "content": "新闻虽然不是最近几天的，但是确实是发生了这个事",
            "time": "20-6-2 16:00"
        },
        {
            "comment id": 127,
            "parent": -1,
            "children": [],
            "user id": "5918911583",
            "user name": "90hou3",
            "content": "肯定是编的，说不定人家是CIA呢 网页链接",
            "time": "20-6-2 15:24"
        },
        {
            "comment id": 128,
            "parent": -1,
            "children": [],
            "user id": "2300730515",
            "user name": "浚泽丶",
            "content": "@猫又味麦旋风 awkward",
            "time": "20-6-2 15:13"
        },
        {
            "comment id": 129,
            "parent": -1,
            "children": [],
            "user id": "1779675604",
            "user name": "就是张大彤",
            "content": "@一GUOYIDING一",
            "time": "20-6-2 13:45"
        },
        {
            "comment id": 130,
            "parent": -1,
            "children": [],
            "user id": "2247527385",
            "user name": "时睦华",
            "content": "@OprahHZ",
            "time": "20-6-2 12:54"
        },
        {
            "comment id": 131,
            "parent": -1,
            "children": [],
            "user id": "5845528131",
            "user name": "路明非177",
            "content": "场面十分尴尬",
            "time": "20-6-2 12:51"
        },
        {
            "comment id": 132,
            "parent": -1,
            "children": [],
            "user id": "1903008141",
            "user name": "王秋铭",
            "content": "人性就是这样，你被狮子咬过后还会上去就摸么？这个就是现状，我们无法要求普通人用圣人的态度处理任何人和事！",
            "time": "20-6-2 12:48"
        },
        {
            "comment id": 133,
            "parent": -1,
            "children": [],
            "user id": "3306493191",
            "user name": "董dada丶同学",
            "content": "",
            "time": "20-6-2 12:25"
        },
        {
            "comment id": 134,
            "parent": -1,
            "children": [],
            "user id": "1088904291",
            "user name": "黑擇朙",
            "content": "不站队 但是结局舒适",
            "time": "20-6-2 12:24"
        },
        {
            "comment id": 135,
            "parent": -1,
            "children": [],
            "user id": "5655282720",
            "user name": "吴不喝",
            "content": "@·迟到千年",
            "time": "20-6-2 12:14"
        },
        {
            "comment id": 136,
            "parent": -1,
            "children": [],
            "user id": "6601316374",
            "user name": "简控官",
            "content": "没想到这黑哥们是FBI",
            "time": "20-6-2 12:12"
        },
        {
            "comment id": 137,
            "parent": -1,
            "children": [],
            "user id": "1666087674",
            "user name": "梁玮殷",
            "content": "terrible country",
            "time": "20-6-2 11:25"
        },
        {
            "comment id": 138,
            "parent": -1,
            "children": [],
            "user id": "2091959943",
            "user name": "BlueLBH",
            "content": "典型msp",
            "time": "20-6-2 11:13"
        },
        {
            "comment id": 139,
            "parent": -1,
            "children": [],
            "user id": "1985142397",
            "user name": "属实懒得想昵称",
            "content": "……",
            "time": "20-6-2 10:43"
        },
        {
            "comment id": 140,
            "parent": -1,
            "children": [],
            "user id": "2773504631",
            "user name": "HardyWells",
            "content": "人靠衣装",
            "time": "20-6-2 10:34"
        },
        {
            "comment id": 141,
            "parent": -1,
            "children": [],
            "user id": "5243259629",
            "user name": "明明就七里香的名字很美",
            "content": "真·FBI Warning",
            "time": "20-6-2 10:34"
        },
        {
            "comment id": 142,
            "parent": -1,
            "children": [],
            "user id": "6001229212",
            "user name": "丶Leone",
            "content": "@MNILX",
            "time": "20-6-2 10:07"
        },
        {
            "comment id": 143,
            "parent": -1,
            "children": [],
            "user id": "3477586500",
            "user name": "虎头读报",
            "content": "有意思",
            "time": "20-6-2 10:01"
        },
        {
            "comment id": 144,
            "parent": -1,
            "children": [],
            "user id": "2779467243",
            "user name": "WorldWanderlust",
            "content": "Racism实锤",
            "time": "20-6-2 09:58"
        },
        {
            "comment id": 145,
            "parent": -1,
            "children": [],
            "user id": "2281420171",
            "user name": "超级棒棒糖-S",
            "content": "stupid fucks lol@英语蔡Sir @凸小弟_Craftology",
            "time": "20-6-2 09:49"
        },
        {
            "comment id": 146,
            "parent": -1,
            "children": [],
            "user id": "5645583020",
            "user name": "我凶给你看",
            "content": "@嬁等灯等灯",
            "time": "20-6-2 09:47"
        },
        {
            "comment id": 147,
            "parent": -1,
            "children": [],
            "user id": "1782089027",
            "user name": "卢奇彤本人",
            "content": "@彭大皮pip",
            "time": "20-6-2 09:44"
        },
        {
            "comment id": 148,
            "parent": -1,
            "children": [],
            "user id": "1738330403",
            "user name": "与君共黄昏_",
            "content": "场面一度极其尴尬",
            "time": "20-6-2 09:40"
        },
        {
            "comment id": 149,
            "parent": -1,
            "children": [],
            "user id": "3850093652",
            "user name": "ReanIon",
            "content": "",
            "time": "20-6-2 09:34"
        },
        {
            "comment id": 150,
            "parent": -1,
            "children": [],
            "user id": "6359707369",
            "user name": "于峰0926201012",
            "content": "",
            "time": "20-6-2 06:04"
        },
        {
            "comment id": 151,
            "parent": -1,
            "children": [],
            "user id": "2246950425",
            "user name": "广汇日照翔宇东本",
            "content": "相当于美国派出所民警抓了公安部的人",
            "time": "20-6-2 09:36"
        },
        {
            "comment id": 152,
            "parent": -1,
            "children": [],
            "user id": "2213135055",
            "user name": "linadelphia",
            "content": "并不是FBI探员。假新闻。快删了吧",
            "time": "20-6-3 17:29"
        },
        {
            "comment id": 153,
            "parent": -1,
            "children": [],
            "user id": "5359059401",
            "user name": "节奏大师全冠清1",
            "content": "众所周知，美利坚是法制国家",
            "time": "20-6-3 15:44"
        },
        {
            "comment id": 154,
            "parent": -1,
            "children": [],
            "user id": "6176038113",
            "user name": "宇智波鸣人01",
            "content": "还好不是神盾局的",
            "time": "20-6-2 22:50"
        },
        {
            "comment id": 155,
            "parent": -1,
            "children": [
                156
            ],
            "user id": "1677926252",
            "user name": "西甲·补丁",
            "content": "@中后卫-三阳 如果换成杰森伯恩，在警察接触他的那一瞬间，officer down",
            "time": "20-6-2 14:40"
        },
        {
            "comment id": 156,
            "parent": 155,
            "children": [],
            "user id": "3890699443",
            "user name": "轻浅的念想丶丶",
            "content": "基本上2秒搞定面前这2个 第三秒子弹已经上膛瞄准另外一个了",
            "time": "20-6-2 15:31"
        },
        {
            "comment id": 157,
            "parent": -1,
            "children": [],
            "user id": "1211740843",
            "user name": "吉林长春真人",
            "content": "黑哥口音马上就清楚了，开始我都没听清，果然是专业人士",
            "time": "20-6-2 13:42"
        },
        {
            "comment id": 158,
            "parent": -1,
            "children": [],
            "user id": "1710364654",
            "user name": "Wv要变身",
            "content": "已经证实了，不是FBI的，是神盾局的。我的酒桌朋友索尔刚给我来电话说了。",
            "time": "20-6-2 12:40"
        },
        {
            "comment id": 159,
            "parent": -1,
            "children": [],
            "user id": "2696106292",
            "user name": "90後的flower",
            "content": "美国以后只有黑人……",
            "time": "20-7-23 15:41"
        },
        {
            "comment id": 160,
            "parent": -1,
            "children": [],
            "user id": "5860279513",
            "user name": "一直80后",
            "content": "自由，平等。",
            "time": "20-6-27 10:02"
        },
        {
            "comment id": 161,
            "parent": -1,
            "children": [],
            "user id": "5933270792",
            "user name": "帝天梦丶",
            "content": "被封了吧，营销号。哈哈哈哈哈哈哈哈哈哈哈哈",
            "time": "20-6-5 07:49"
        },
        {
            "comment id": 162,
            "parent": -1,
            "children": [],
            "user id": "1142047192",
            "user name": "-Mr--Sandman-",
            "content": "讨厌种族歧视和黑人",
            "time": "20-6-4 12:32"
        },
        {
            "comment id": 163,
            "parent": -1,
            "children": [],
            "user id": "5817497095",
            "user name": "赛兔子就是能吃",
            "content": "编屁啊编",
            "time": "20-6-3 23:13"
        },
        {
            "comment id": 164,
            "parent": -1,
            "children": [],
            "user id": "2732035312",
            "user name": "o0李筱楼0o",
            "content": "@我的印象笔记",
            "time": "20-6-3 15:38"
        },
        {
            "comment id": 165,
            "parent": -1,
            "children": [],
            "user id": "2217304400",
            "user name": "Any-way2",
            "content": "这是一只猪养了一群猪的故事",
            "time": "20-6-3 13:53"
        },
        {
            "comment id": 166,
            "parent": -1,
            "children": [],
            "user id": "1763586975",
            "user name": "Zach-Fung",
            "content": "3分钟 我听见了黑人说I’m the bureau,and I will file a report.告诉我没听错好吧",
            "time": "20-6-3 10:40"
        }
    ]
}