{
    "source": {
        "content": "#美国示威者要求警察戴口罩# 这么不给面子～特朗普带着夫人去探望奥巴马，并且送上礼物，企图平息黑人一族的怒火。没想到奥巴马接过礼物，一转身便将其甩了出去河北庄里事的微博视频 ",
        "time": "20-6-4 22:38",
        "user id": "1674990495",
        "tweet id": "J580fi5J4",
        "label": 1,
        "theme": null
    },
    "comment": [
        {
            "comment id": 0,
            "parent": -1,
            "children": [],
            "user id": "2525493352",
            "user name": "羊城指路人",
            "content": "真正的英雄，即使历史不会记忆，他依旧笑著逆天而行。",
            "time": "20-6-4 23:49"
        },
        {
            "comment id": 1,
            "parent": -1,
            "children": [],
            "user id": "2171445387",
            "user name": "宝俶北路",
            "content": "这是2017年新老总统交接的视频，请尊重事实。",
            "time": "20-6-4 22:53"
        },
        {
            "comment id": 2,
            "parent": -1,
            "children": [],
            "user id": "1688433813",
            "user name": "食人妖某男",
            "content": "没底线的自媒体",
            "time": "20-6-4 22:58"
        },
        {
            "comment id": 3,
            "parent": -1,
            "children": [],
            "user id": "6334646645",
            "user name": "Kkkk777吖",
            "content": "假新闻真多，中国自媒体不骂外国就会死",
            "time": "20-6-4 23:32"
        },
        {
            "comment id": 4,
            "parent": -1,
            "children": [],
            "user id": "5330156478",
            "user name": "小孙同学sky",
            "content": "真是没热度可蹭了你",
            "time": "20-6-4 23:37"
        },
        {
            "comment id": 5,
            "parent": -1,
            "children": [],
            "user id": "5414001152",
            "user name": "兔兔爱坚果DAYTOY",
            "content": "这是好早之前的视频了 核查清楚再发",
            "time": "20-6-4 22:50"
        },
        {
            "comment id": 6,
            "parent": -1,
            "children": [],
            "user id": "5704234616",
            "user name": "早上好指挥官们",
            "content": "视频不能p 所以是真的",
            "time": "20-6-4 22:45"
        },
        {
            "comment id": 7,
            "parent": -1,
            "children": [],
            "user id": "3696441747",
            "user name": "笛音陈情",
            "content": "司马小便，继续编嗷",
            "time": "20-6-10 13:18"
        },
        {
            "comment id": 8,
            "parent": -1,
            "children": [],
            "user id": "7185465024",
            "user name": "精准推算码",
            "content": "别乱编啦你什么时候做媒体的",
            "time": "20-6-5 08:27"
        },
        {
            "comment id": 9,
            "parent": -1,
            "children": [],
            "user id": "5127135396",
            "user name": "dukechen2015",
            "content": "胡说八道",
            "time": "20-6-4 23:00"
        },
        {
            "comment id": 10,
            "parent": -1,
            "children": [],
            "user id": "3613312002",
            "user name": "鱼仔的深蓝梦",
            "content": "好像是比较早之前的新闻",
            "time": "20-6-4 22:45"
        },
        {
            "comment id": 11,
            "parent": -1,
            "children": [],
            "user id": "2528902372",
            "user name": "看不见你的眼睛是否会藏着泪光",
            "content": "转发微博",
            "time": "20-6-4 23:21"
        }
    ]
}