{
    "source": {
        "content": "今日最佳：特朗普带着夫人去探望奥巴马，并且送上礼物，企图平息黑人一族的怒火。没想到奥巴马接过礼物，一转身便将其甩了出去[呲牙] \n\n#川普的礼物##奥巴马批评特朗普疫情应对##奥巴马再批特朗普政府##美国暴乱# 网页链接 ",
        "time": "20-6-4 23:34",
        "user id": "5231543650",
        "tweet id": "J58mUDD9h",
        "label": 1,
        "theme": null
    },
    "comment": [
        {
            "comment id": 0,
            "parent": -1,
            "children": [
                1
            ],
            "user id": "1592126947",
            "user name": "藤椒牛肉堡",
            "content": "真的？",
            "time": "20-6-4 23:35"
        },
        {
            "comment id": 1,
            "parent": 0,
            "children": [],
            "user id": "5231543650",
            "user name": "EatWithChina",
            "content": "错位剪辑",
            "time": "20-6-4 23:36"
        },
        {
            "comment id": 2,
            "parent": -1,
            "children": [],
            "user id": "5231543650",
            "user name": "EatWithChina",
            "content": "视频被删啦，感兴趣的小伙伴可以关注我们的公主号：eatwithchina，每天都有精彩内容哦！",
            "time": "20-6-5 00:40"
        },
        {
            "comment id": 3,
            "parent": -1,
            "children": [],
            "user id": "7435062477",
            "user name": "那谁不是那谁啊",
            "content": "观海估计要回来了",
            "time": "20-6-4 23:36"
        },
        {
            "comment id": 4,
            "parent": -1,
            "children": [],
            "user id": "3474036104",
            "user name": "一坨大花猫",
            "content": "哈皮！造谣无成本",
            "time": "20-6-7 13:37"
        }
    ]
}