{
    "source": {
        "content": "特朗普给奥巴马送礼物，没想到奥巴马接过礼物，转身便将其扔了出去。#美国暴乱# 网红直击的微博视频 ",
        "time": "20-6-5 13:44",
        "user id": "2079631622",
        "tweet id": "J5dVVpeUz",
        "label": 1,
        "theme": null
    },
    "comment": [
        {
            "comment id": 0,
            "parent": -1,
            "children": [],
            "user id": "6978696259",
            "user name": "乡愁隐士",
            "content": "卧槽这个有个性",
            "time": "20-6-5 13:48"
        },
        {
            "comment id": 1,
            "parent": -1,
            "children": [],
            "user id": "5690320431",
            "user name": "Lion-_-n",
            "content": "这视频至少得有两年的包浆了。ps的，不会真有人信了吧不会吧不会吧",
            "time": "20-6-5 14:23"
        },
        {
            "comment id": 2,
            "parent": -1,
            "children": [],
            "user id": "6794653357",
            "user name": "土著阿正",
            "content": "呵呵……这是你都晓得，比007还007。😂",
            "time": "20-6-5 13:47"
        },
        {
            "comment id": 3,
            "parent": -1,
            "children": [],
            "user id": "2269303013",
            "user name": "爱日妆达人",
            "content": "假的",
            "time": "20-6-5 22:00"
        },
        {
            "comment id": 4,
            "parent": -1,
            "children": [],
            "user id": "2019998251",
            "user name": "夏天AND夏雨",
            "content": "转发微博",
            "time": "20-6-5 14:02"
        },
        {
            "comment id": 5,
            "parent": -1,
            "children": [],
            "user id": "5639569763",
            "user name": "大胃666",
            "content": "转发微博",
            "time": "20-6-5 13:49"
        },
        {
            "comment id": 6,
            "parent": -1,
            "children": [],
            "user id": "5709412612",
            "user name": "独飞的月月鸟",
            "content": "至少两年以前的视频了，而且是PS过的，扔礼物那个镜头明显的不自然",
            "time": "20-6-5 15:16"
        },
        {
            "comment id": 7,
            "parent": -1,
            "children": [],
            "user id": "5118058318",
            "user name": "博桃左右50",
            "content": "假的",
            "time": "20-6-5 14:16"
        },
        {
            "comment id": 8,
            "parent": -1,
            "children": [],
            "user id": "6155551331",
            "user name": "N米68",
            "content": "哈哈😄老子不吃你那一套",
            "time": "20-6-5 14:07"
        },
        {
            "comment id": 9,
            "parent": -1,
            "children": [],
            "user id": "1400518407",
            "user name": "北京无产者",
            "content": "这事看官方、知名媒体的信息。如果是真的，即使个人媒体，也是铺天盖地！！看看有关川普握手细节的段子，哪个不是……",
            "time": "20-6-5 14:59"
        }
    ]
}