{
    "source": {
        "content": "特朗普带着夫人去探望奥巴马，并且送上礼物，企图平息黑人一族的怒火。没想到奥巴马接过礼物，一转身便将其甩了出去……[捂脸][捂脸]  成东俊的微博视频 ",
        "time": "20-6-5 14:33",
        "user id": "5650525572",
        "tweet id": "J5efLu2DY",
        "label": 1,
        "theme": null
    },
    "comment": [
        {
            "comment id": 0,
            "parent": -1,
            "children": [],
            "user id": "5092752391",
            "user name": "KaysAIR",
            "content": "众所周知，视频是不能p的",
            "time": "20-6-6 14:55"
        },
        {
            "comment id": 1,
            "parent": -1,
            "children": [],
            "user id": "1836871431",
            "user name": "其实我很玻璃心",
            "content": "好像是奥巴马扔的，之前有说是特朗普扔的",
            "time": "20-6-6 08:16"
        },
        {
            "comment id": 2,
            "parent": -1,
            "children": [],
            "user id": "1836871431",
            "user name": "其实我很玻璃心",
            "content": "这不是特朗普扔的吗",
            "time": "20-6-6 08:15"
        },
        {
            "comment id": 3,
            "parent": -1,
            "children": [],
            "user id": "1836297454",
            "user name": "可爱博博小向向",
            "content": "看",
            "time": "20-6-6 08:06"
        },
        {
            "comment id": 4,
            "parent": -1,
            "children": [],
            "user id": "3631282873",
            "user name": "高大威猛壮",
            "content": "@卖榴莲的_李姑姑",
            "time": "20-6-5 22:12"
        }
    ]
}