{
    "source": {
        "content": "在我家干了8年的保姆阿姨去世了，妻子哭的痛不欲生，在收拾阿姨遗物时，发现了150000现金、一对玉镯和一封信。\n\n我和妻子来郑州奋斗已经是第10个年头，我家宝宝是我们来郑州第二年出生的，因为我们两个但是都是事业上升期，所以考虑雇一个保姆来照顾他。\n\n保姆阿姨当时是我们同事推荐的，来我们家试用一个月后，我和妻子都觉得她踏实勤快，就留下来常用。\n\n阿姨人特别实在，最开始我们发的工资只是让他看看孩子，但她坚持每天早上过来给我们做饭，晚上等我们回来吃了饭以后再走。我和妻子觉得给阿姨发的工资太少了，就跟她商量，让她搬过来跟我们一起住，给我们做做饭，洗洗衣服，看看孩子，给她多发点工资。\n\n阿姨特别爽快的同意了，从那以后，阿姨就成了我们家的一份子，因为阿姨一辈子无儿无女，所以对我们两个格外亲切，我们早已不是雇佣关系，更像是亲人一样。\n\n前段时间，阿姨染病，我和妻子日夜照顾，没想到她还是没挺过去。我和妻子把阿姨的后事处理了，因为妻子过于伤心，我们就请了两天假，在家里收拾东西。\n\n今天在整理阿姨的遗物时，我看到她的衣柜里里放了一个破旧的箱子，打开一看，里面是一个牛皮纸包了150000现金，一块红布包了一对玉镯，还有一封信。\n\n我赶紧把妻子喊了过来，打开信一看，我们两个瞬间泪奔。信应该是阿姨去世前才写的，阿姨说她这一辈子无儿无女，来郑州以后一直住在公司仓库里，是我们两口子让她在郑州有了家。\n\n她这八年间，把所有的心血都倾注在我们家，把我们两口子也一直当做家人看待，每个月我们给她发的工资她都存起来，省吃俭用的攒了这15万，这钱留给我们，一方面是报销我们给她看病的医药费，另一方面也算是给我们留下的遗产。\n\n那一对镯子是阿姨的母亲留给她的，本想着让她作为嫁妆留给女儿，没想到阿姨无儿无女阿姨现在把她留给妻子，也算是一种传承吧。\n\n妻子看完信后，泣不成声，我跑到阳台，点了根烟，怀念着这八年跟阿姨相处的点点滴滴。\n\n相逢即是缘分，与人相处，用心对待，都会收到别人的诚心相待，这一点，在阿姨身上体现的淋漓尽致。\n\n阿姨走了，但留给我和妻子的，不仅仅是物质遗产，更多的是精神上的认可和赞同。",
        "time": "20-6-6 21:17",
        "user id": "6405349123",
        "tweet id": "J5qk8wG6J",
        "label": 1,
        "theme": null
    },
    "comment": [
        {
            "comment id": 0,
            "parent": -1,
            "children": [],
            "user id": "5436406117",
            "user name": "井川岳人",
            "content": " ",
            "time": "20-6-7 13:58"
        },
        {
            "comment id": 1,
            "parent": -1,
            "children": [],
            "user id": "2376973741",
            "user name": "skywalkerami0",
            "content": "不死基因的表达！即便自己无儿无女，也会表现出养育子女的生物学本能。对于那些微博女不婚不育保平安，我只能呵呵每个生物本体都有不死基因，当然無儿女不死基因必然死亡。即便要死亡养育后代的本能依然表达。PS魂魄亦然也是基因的表达。",
            "time": "20-6-7 05:08"
        },
        {
            "comment id": 2,
            "parent": -1,
            "children": [],
            "user id": "1782447357",
            "user name": "但丁的神曲",
            "content": "知乎流失用户过来玩微博？",
            "time": "20-6-7 06:17"
        },
        {
            "comment id": 3,
            "parent": -1,
            "children": [],
            "user id": "1752838414",
            "user name": "晚风徐徐007",
            "content": "从小到大，没有遇见过这么好的阿姨，都是好吃懒做，素质低，想法设发a雇主的钱，想方设法多要雇主的东西，想方设法偷懒。",
            "time": "20-6-7 01:58"
        },
        {
            "comment id": 4,
            "parent": -1,
            "children": [],
            "user id": "5311713161",
            "user name": "东峰快递使命必达",
            "content": "建议发到读者 那里的人喜欢看这种 ",
            "time": "20-6-7 14:05"
        },
        {
            "comment id": 5,
            "parent": -1,
            "children": [],
            "user id": "5631478227",
            "user name": "DlihonoC",
            "content": "不点烟这故事完美啊",
            "time": "20-6-7 02:48"
        },
        {
            "comment id": 6,
            "parent": -1,
            "children": [],
            "user id": "1135368522",
            "user name": "格瓦拉在洗碗",
            "content": "不要滥用大家的感情编故事。",
            "time": "20-6-7 12:47"
        },
        {
            "comment id": 7,
            "parent": -1,
            "children": [],
            "user id": "5992243861",
            "user name": "liumy_27315",
            "content": "看哭了。人间有爱。",
            "time": "20-6-7 06:36"
        },
        {
            "comment id": 8,
            "parent": -1,
            "children": [],
            "user id": "6184277438",
            "user name": "Ninja玲玲子",
            "content": "我跟两个阿姨的感情特别深，真的跟亲人一样，所以即使没有血缘关系，真的都会当作心里的一份爱",
            "time": "20-6-7 01:09"
        },
        {
            "comment id": 9,
            "parent": -1,
            "children": [],
            "user id": "1728897077",
            "user name": "滨州的风",
            "content": "今天按理说是高考的日子，高考没进行，你的作文已经写完了 网页链接",
            "time": "20-6-7 14:30"
        },
        {
            "comment id": 10,
            "parent": -1,
            "children": [],
            "user id": "1135368522",
            "user name": "格瓦拉在洗碗",
            "content": "这个照片上的是阿姨？",
            "time": "20-6-7 02:12"
        },
        {
            "comment id": 11,
            "parent": -1,
            "children": [],
            "user id": "1791269690",
            "user name": "蔣者",
            "content": "想起电影《桃姐》",
            "time": "20-6-7 03:25"
        },
        {
            "comment id": 12,
            "parent": -1,
            "children": [],
            "user id": "6433687044",
            "user name": "大可爱你好",
            "content": "评论居然还有人骂那些揭示这是编造故事的评论？首先不是不能编故事，但你得说清楚这是创作故事，你不说明这是非真实事件，编了故事还配别人的照片，照片里那位都被扯进来，还不许别人骂？照这么说造谣和断章取义都很有理啰，澄清的都是ky啰。",
            "time": "20-6-7 14:41"
        },
        {
            "comment id": 13,
            "parent": -1,
            "children": [],
            "user id": "1881002444",
            "user name": "糊里糊涂1980",
            "content": "营销号编故事可耻",
            "time": "20-6-7 14:14"
        },
        {
            "comment id": 14,
            "parent": -1,
            "children": [],
            "user id": "6430888091",
            "user name": "月下橘猫",
            "content": "故事可能是编的，但我相信有这样的人",
            "time": "20-6-7 11:14"
        },
        {
            "comment id": 15,
            "parent": -1,
            "children": [],
            "user id": "6810420135",
            "user name": "随便乱打的八个字",
            "content": "编，就硬编",
            "time": "20-6-7 14:00"
        },
        {
            "comment id": 16,
            "parent": -1,
            "children": [],
            "user id": "7363967854",
            "user name": "少林寺驻武当办事处大神甫侯喇嘛",
            "content": "编故事➕编感悟，八十年代故事会退稿水平",
            "time": "20-6-7 14:40"
        },
        {
            "comment id": 17,
            "parent": -1,
            "children": [],
            "user id": "6883509811",
            "user name": "大地与海",
            "content": "安息吧",
            "time": "20-6-7 00:37"
        },
        {
            "comment id": 18,
            "parent": -1,
            "children": [],
            "user id": "2411021575",
            "user name": "Tabibito-",
            "content": "三位能相遇真是不错的缘分",
            "time": "20-6-7 07:06"
        },
        {
            "comment id": 19,
            "parent": -1,
            "children": [],
            "user id": "2386828514",
            "user name": "豆子不能吃香菜",
            "content": "我妈妈小时候的阿姨，直到我长大了还每年我们都去看她，我也一直叫她姥姥，几年前也去世了",
            "time": "20-6-7 03:01"
        },
        {
            "comment id": 20,
            "parent": -1,
            "children": [],
            "user id": "5189494293",
            "user name": "万松岭",
            "content": "天呐我真笑死了 发这故事的博主就是个营销号 要杠的人不会真的觉得人家编故事骗你的感情啊 故事说不定还是营销号从哪里偷来的呢像评论里有的人说的一样 我觉得不管是真是假 我相信生活里总有这样的人存在 非要较真想看真实的故事去看新闻联播行吗",
            "time": "20-6-7 14:08"
        },
        {
            "comment id": 21,
            "parent": -1,
            "children": [],
            "user id": "2080508541",
            "user name": "叔叔叔叔_",
            "content": "图片评论 网页链接",
            "time": "20-6-7 14:42"
        },
        {
            "comment id": 22,
            "parent": -1,
            "children": [],
            "user id": "1841090531",
            "user name": "此页正在加载中",
            "content": "明明挺好的事 评论怎么那么多ky发言 还都是一个性别 就这么缺乏共情吗 服了",
            "time": "20-6-7 11:53"
        },
        {
            "comment id": 23,
            "parent": -1,
            "children": [],
            "user id": "3127656263",
            "user name": "被你忽略之情歌",
            "content": "营销号，分享你刚编的故事",
            "time": "20-6-7 14:40"
        },
        {
            "comment id": 24,
            "parent": -1,
            "children": [],
            "user id": "6452587015",
            "user name": "可口可乐第998位铁头粉丝",
            "content": "靠看哭了",
            "time": "20-6-7 00:37"
        },
        {
            "comment id": 25,
            "parent": -1,
            "children": [],
            "user id": "3357023064",
            "user name": "加油吧_努力啊",
            "content": "她没有亲人？按我对人性的理解，她的亲属要是知道她离世，估计会过来抢她的遗产",
            "time": "20-6-7 07:57"
        },
        {
            "comment id": 26,
            "parent": -1,
            "children": [],
            "user id": "7318496352",
            "user name": "早川西厘子",
            "content": "整挺好，浪费我眼泪 网页链接",
            "time": "20-6-7 15:32"
        },
        {
            "comment id": 27,
            "parent": -1,
            "children": [],
            "user id": "5852254469",
            "user name": "Spidey98k",
            "content": "在？编故事？有马？",
            "time": "20-6-7 15:07"
        },
        {
            "comment id": 28,
            "parent": -1,
            "children": [],
            "user id": "6128063593",
            "user name": "可以了罢",
            "content": "看评论里这么多人上当觉得好可怜…",
            "time": "20-6-7 15:10"
        },
        {
            "comment id": 29,
            "parent": -1,
            "children": [],
            "user id": "2281454430",
            "user name": "大肥皂",
            "content": "谢邀，刚下飞机就看到这条假微博。",
            "time": "20-6-7 17:36"
        },
        {
            "comment id": 30,
            "parent": -1,
            "children": [],
            "user id": "2113986851",
            "user name": "路过的傻橙ghost",
            "content": "微博也分享你钢鞭的故事了",
            "time": "20-6-7 14:28"
        },
        {
            "comment id": 31,
            "parent": -1,
            "children": [],
            "user id": "3305909151",
            "user name": "喝奶奶也长不高心塞塞",
            "content": "我家阿姨姐姐换了不少，奇葩的很多，但是手脚干净温柔麻利的更多。希望好人都能遇到好人吧",
            "time": "20-6-7 02:38"
        },
        {
            "comment id": 32,
            "parent": -1,
            "children": [],
            "user id": "1862942884",
            "user name": "长安六月尘",
            "content": "看哭了",
            "time": "20-6-7 02:13"
        },
        {
            "comment id": 33,
            "parent": -1,
            "children": [],
            "user id": "5967085759",
            "user name": "胡胡的小鼓棒",
            "content": "哈哈哈哈哈哈黑历史打脸",
            "time": "20-6-7 14:39"
        },
        {
            "comment id": 34,
            "parent": -1,
            "children": [],
            "user id": "2043909205",
            "user name": "Hunation",
            "content": "这种假的东西你也发 你是不是吗没了？ 网页链接",
            "time": "20-6-7 15:09"
        },
        {
            "comment id": 35,
            "parent": -1,
            "children": [],
            "user id": "5341254024",
            "user name": "如今也是个有故事的人",
            "content": "转发过500啦，帮你@哪里的网警好呢",
            "time": "20-6-7 14:53"
        },
        {
            "comment id": 36,
            "parent": -1,
            "children": [],
            "user id": "3951362482",
            "user name": "苍水微景观",
            "content": "图片评论 网页链接",
            "time": "20-6-7 14:45"
        },
        {
            "comment id": 37,
            "parent": -1,
            "children": [],
            "user id": "3215488532",
            "user name": "神乐喵",
            "content": "太难能可贵了",
            "time": "20-6-7 04:28"
        },
        {
            "comment id": 38,
            "parent": -1,
            "children": [],
            "user id": "1632990895",
            "user name": "罗小卫",
            "content": "都是大善之辈！唇齿相依，彼此不负！",
            "time": "20-6-7 14:45"
        },
        {
            "comment id": 39,
            "parent": -1,
            "children": [],
            "user id": "5526217590",
            "user name": "comemorninglight_",
            "content": "你编你🐴呢",
            "time": "20-6-7 14:39"
        },
        {
            "comment id": 40,
            "parent": -1,
            "children": [],
            "user id": "5026729065",
            "user name": "克格勃女特工",
            "content": "人间自有真情在",
            "time": "20-6-7 03:49"
        },
        {
            "comment id": 41,
            "parent": -1,
            "children": [],
            "user id": "5317947890",
            "user name": "Waterhorse_发大财的桐宝",
            "content": "十五万现金用牛皮纸包？？？？这张牛皮纸是多大啊？？？？？",
            "time": "20-6-8 16:29"
        },
        {
            "comment id": 42,
            "parent": -1,
            "children": [],
            "user id": "2368648972",
            "user name": "烊烊的Bboooob",
            "content": "故事编的真好呢哈哈哈哈哈",
            "time": "20-6-7 16:33"
        },
        {
            "comment id": 43,
            "parent": -1,
            "children": [],
            "user id": "1075401797",
            "user name": "誓回巅峰的茆大毛",
            "content": "接着编",
            "time": "20-6-7 14:19"
        },
        {
            "comment id": 44,
            "parent": -1,
            "children": [],
            "user id": "1622104073",
            "user name": "青年赵大宝",
            "content": "嗯//@月下橘猫:故事可能是编的，但我相信有这样的人",
            "time": "20-6-7 12:14"
        },
        {
            "comment id": 45,
            "parent": -1,
            "children": [],
            "user id": "3001750413",
            "user name": "ZONE_Official",
            "content": "编故事开头不注明的建议入刑",
            "time": "20-6-7 17:37"
        },
        {
            "comment id": 46,
            "parent": -1,
            "children": [],
            "user id": "1918376053",
            "user name": "Soberr23",
            "content": "开局一张图，内容全靠编",
            "time": "20-6-7 16:52"
        },
        {
            "comment id": 47,
            "parent": -1,
            "children": [],
            "user id": "6361799839",
            "user name": "皓月惊鸿",
            "content": "已经永久禁言了",
            "time": "20-6-7 15:43"
        },
        {
            "comment id": 48,
            "parent": -1,
            "children": [],
            "user id": "6241608684",
            "user name": "宇哥不是哥不是哥",
            "content": "你们也很好，好的人是相互吸引的",
            "time": "20-6-7 14:31"
        },
        {
            "comment id": 49,
            "parent": -1,
            "children": [],
            "user id": "1771889454",
            "user name": "是小sha瓜呀",
            "content": "看哭了",
            "time": "20-6-7 13:25"
        },
        {
            "comment id": 50,
            "parent": -1,
            "children": [],
            "user id": "2817756967",
            "user name": "没意思桃",
            "content": "@我好像有点菜",
            "time": "20-6-7 12:14"
        },
        {
            "comment id": 51,
            "parent": -1,
            "children": [],
            "user id": "1468403853",
            "user name": "疆来疆去的墨小兰",
            "content": "好人有好报 雇主对阿姨也好吧？",
            "time": "20-6-7 11:48"
        },
        {
            "comment id": 52,
            "parent": -1,
            "children": [],
            "user id": "6560861426",
            "user name": "多麻多辣加香菜",
            "content": "哈哈哈哈从qq空间营销号过来翻的，没想到竟然是假的 tmd",
            "time": "20-6-7 21:16"
        },
        {
            "comment id": 53,
            "parent": -1,
            "children": [],
            "user id": "2239640830",
            "user name": "秋凉小黑",
            "content": "大快人心",
            "time": "20-6-7 17:31"
        },
        {
            "comment id": 54,
            "parent": -1,
            "children": [],
            "user id": "1851052635",
            "user name": "凡客681",
            "content": "好人一生平安",
            "time": "20-6-7 14:55"
        },
        {
            "comment id": 55,
            "parent": -1,
            "children": [],
            "user id": "6517477092",
            "user name": "郭长的帅",
            "content": "愿老人家走好",
            "time": "20-6-7 14:51"
        },
        {
            "comment id": 56,
            "parent": -1,
            "children": [],
            "user id": "6624339726",
            "user name": "孤鹜先森",
            "content": "你不去知乎真是可惜了",
            "time": "20-6-7 14:50"
        },
        {
            "comment id": 57,
            "parent": -1,
            "children": [],
            "user id": "7340719227",
            "user name": "注视当下",
            "content": "你阿妈死了，这是我编的。",
            "time": "20-6-7 14:37"
        },
        {
            "comment id": 58,
            "parent": -1,
            "children": [],
            "user id": "2202692513",
            "user name": "骑虎者DC",
            "content": "意思又是一个一图流？//@张宏圣: 🙈//@黑历史打脸bot:转发微博  网页链接",
            "time": "20-6-7 14:14"
        },
        {
            "comment id": 59,
            "parent": -1,
            "children": [],
            "user id": "3923290210",
            "user name": "笑傲qiankun",
            "content": "",
            "time": "20-6-7 09:28"
        },
        {
            "comment id": 60,
            "parent": -1,
            "children": [],
            "user id": "5231118048",
            "user name": "bigboy_C",
            "content": " 网页链接",
            "time": "20-6-8 18:33"
        },
        {
            "comment id": 61,
            "parent": -1,
            "children": [],
            "user id": "1774130811",
            "user name": "油炸货大王",
            "content": "开局一张图。其余全靠编",
            "time": "20-6-8 14:24"
        },
        {
            "comment id": 62,
            "parent": -1,
            "children": [],
            "user id": "6058005855",
            "user name": "长腿的云",
            "content": "亏我还感动了好一会",
            "time": "20-6-7 23:45"
        },
        {
            "comment id": 63,
            "parent": -1,
            "children": [],
            "user id": "6184440428",
            "user name": "黄鼠狼精Morrica",
            "content": "又打赢一个。还有谁？！",
            "time": "20-6-7 18:28"
        },
        {
            "comment id": 64,
            "parent": -1,
            "children": [],
            "user id": "2024008347",
            "user name": "无念一休",
            "content": "我擦...我就说谁会那么心大请那么老的保姆啊",
            "time": "20-6-7 18:14"
        },
        {
            "comment id": 65,
            "parent": -1,
            "children": [],
            "user id": "1730035212",
            "user name": "天天都想骂甲方的路飞锅",
            "content": "又是假的",
            "time": "20-6-7 17:03"
        },
        {
            "comment id": 66,
            "parent": -1,
            "children": [],
            "user id": "1820756977",
            "user name": "Alejandrao",
            "content": "“您好.请问您这鸡汤是啥口的？”“酸臭！”",
            "time": "20-6-7 16:50"
        },
        {
            "comment id": 67,
            "parent": -1,
            "children": [],
            "user id": "3952337378",
            "user name": "雄叭叭",
            "content": "看图说话？",
            "time": "20-6-7 15:27"
        },
        {
            "comment id": 68,
            "parent": -1,
            "children": [],
            "user id": "2073811313",
            "user name": "月霄林木",
            "content": "怎么说呢，故事编好了，你妈也没了。有必要吗？",
            "time": "20-6-7 15:04"
        },
        {
            "comment id": 69,
            "parent": -1,
            "children": [],
            "user id": "1693038964",
            "user name": "Mr_Right_已售罄",
            "content": "",
            "time": "20-6-7 14:54"
        },
        {
            "comment id": 70,
            "parent": -1,
            "children": [],
            "user id": "1794785443",
            "user name": "嘤嘤嘤嘤嘤瑛",
            "content": "我家阿姨也是人很好 每个月给出去的工资还没她给我买的东西多 也是丈夫儿子都去世了 把我们当家人待",
            "time": "20-6-7 14:51"
        },
        {
            "comment id": 71,
            "parent": -1,
            "children": [],
            "user id": "3390873474",
            "user name": "五里红庭",
            "content": "如果是真的，我希望它是假的，如果是假的，我希望你全家枇杷树。",
            "time": "20-6-7 14:41"
        },
        {
            "comment id": 72,
            "parent": -1,
            "children": [],
            "user id": "6581744765",
            "user name": "大樹Echo",
            "content": "这就是缘分,就是一家人",
            "time": "20-6-7 10:06"
        },
        {
            "comment id": 73,
            "parent": -1,
            "children": [],
            "user id": "3860450705",
            "user name": "于思远同学",
            "content": "永久禁言？",
            "time": "20-6-12 17:10"
        },
        {
            "comment id": 74,
            "parent": -1,
            "children": [],
            "user id": "6857569613",
            "user name": "咸鱼馅汤圆",
            "content": "他妈的",
            "time": "20-6-11 20:09"
        },
        {
            "comment id": 75,
            "parent": -1,
            "children": [],
            "user id": "3198422702",
            "user name": "风流倜傥京城酒8鸡王南梦华",
            "content": "十五万有牛皮纸包了放在箱子里？多大的牛皮纸不知道 但是牛皮确实吹挺大",
            "time": "20-6-8 17:06"
        },
        {
            "comment id": 76,
            "parent": -1,
            "children": [],
            "user id": "6664420822",
            "user name": "咸鱼布鲁鲁",
            "content": "我要有你这看图说话瞎🐔⑧编故事的能力，当年高考语文没准能多考十分",
            "time": "20-6-8 15:32"
        },
        {
            "comment id": 77,
            "parent": -1,
            "children": [],
            "user id": "6664420822",
            "user name": "咸鱼布鲁鲁",
            "content": "宁8去知乎真是可惜了这把编故事的才华",
            "time": "20-6-8 15:31"
        },
        {
            "comment id": 78,
            "parent": -1,
            "children": [],
            "user id": "2530297725",
            "user name": "駱伟晨-",
            "content": "@是萌萌萌萌大萌萌崽啊",
            "time": "20-6-8 10:54"
        },
        {
            "comment id": 79,
            "parent": -1,
            "children": [],
            "user id": "1807622970",
            "user name": "紫红想静静",
            "content": "造谣烂屁股",
            "time": "20-6-8 10:30"
        }
    ]
}