{
    "source": {
        "content": "网友投稿：在我家干了8年的保姆阿姨去世了，妻子哭的痛不欲生，在收拾阿姨遗物时，发现了150000现金、一对玉镯和一封信。\n\n我和妻子来郑州奋斗已经是第10个年头，我家宝宝是我们来郑州第二年出生的，因为我们两个但是都是事业上升期，所以考虑雇一个保姆来照顾他。\n\n保姆阿姨当时是我们同事推荐的，来我们家试用一个月后，我和妻子都觉得她踏实勤快，就留下来常用。\n\n阿姨人特别实在，最开始我们发的工资只是让他看看孩子，但她坚持每天早上过来给我们做饭，晚上等我们回来吃了饭以后再走。我和妻子觉得给阿姨发的工资太少了，就跟她商量，让她搬过来跟我们一起住，给我们做做饭，洗洗衣服，看看孩子，给她多发点工资。\n\n阿姨特别爽快的同意了，从那以后，阿姨就成了我们家的一份子，因为阿姨一辈子无儿无女，所以对我们两个格外亲切，我们早已不是雇佣关系，更像是亲人一样。\n\n前段时间，阿姨染病，我和妻子日夜照顾，没想到她还是没挺过去。我和妻子把阿姨的后事处理了，因为妻子过于伤心，我们就请了两天假，在家里收拾东西。\n\n今天在整理阿姨的遗物时，我看到她的衣柜里里放了一个破旧的箱子，打开一看，里面是一个牛皮纸包了150000现金，一块红布包了一对玉镯，还有一封信。\n\n我赶紧把妻子喊了过来，打开信一看，我们两个瞬间泪奔。信应该是阿姨去世前才写的，阿姨说她这一辈子无儿无女，来郑州以后一直住在公司仓库里，是我们两口子让她在郑州有了家。\n\n她这八年间，把所有的心血都倾注在我们家，把我们两口子也一直当做家人看待，每个月我们给她发的工资她都存起来，省吃俭用的攒了这15万，这钱留给我们，一方面是报销我们给她看病的医药费，另一方面也算是给我们留下的遗产。\n\n那一对镯子是阿姨的母亲留给她的，本想着让她作为嫁妆留给女儿，没想到阿姨无儿无女阿姨现在把她留给妻子，也算是一种传承吧。\n\n妻子看完信后，泣不成声，我跑到阳台，点了根烟，怀念着这八年跟阿姨相处的点点滴滴。\n\n相逢即是缘分，与人相处，用心对待，都会收到别人的诚心相待，这一点，在阿姨身上体现的淋漓尽致。\n\n阿姨走了，但留给我和妻子的，不仅仅是物质遗产，更多的是精神上的认可和赞同。#情感#",
        "time": "20-6-6 21:31",
        "user id": "1623404035",
        "tweet id": "J5qpR734f",
        "label": 1,
        "theme": null
    },
    "comment": [
        {
            "comment id": 0,
            "parent": -1,
            "children": [],
            "user id": "1108288962",
            "user name": "慧觉的微博",
            "content": "非常感动！人心换人心！善良一直与我们同在！",
            "time": "20-6-6 21:43"
        },
        {
            "comment id": 1,
            "parent": -1,
            "children": [],
            "user id": "1880721210",
            "user name": "鱼贵人SF",
            "content": "现在没有这样的保姆了，别自欺欺人了，没遇上杭州纵火类的保姆算幸运，多得是懒、馋、偷东西、打小孩的。",
            "time": "20-6-6 21:42"
        },
        {
            "comment id": 2,
            "parent": -1,
            "children": [],
            "user id": "1740699703",
            "user name": "我自兑酒当歌",
            "content": "文字本身所描述的事迹真是感人肺腑！我表示奔泪了！",
            "time": "20-6-6 21:38"
        },
        {
            "comment id": 3,
            "parent": -1,
            "children": [],
            "user id": "2191886531",
            "user name": "超级二郎神",
            "content": "太感人了",
            "time": "20-6-6 21:37"
        },
        {
            "comment id": 4,
            "parent": -1,
            "children": [],
            "user id": "2472800137",
            "user name": "英雄不回头2020",
            "content": "很感人，但还是会怀疑真实性…",
            "time": "20-6-6 21:32"
        },
        {
            "comment id": 5,
            "parent": -1,
            "children": [],
            "user id": "3847276911",
            "user name": "云利11",
            "content": "我同事家的保姆在她家五十多年，就像一家人，老了一直在同事家，同事给养老送终",
            "time": "20-6-6 21:55"
        },
        {
            "comment id": 6,
            "parent": -1,
            "children": [],
            "user id": "1825320483",
            "user name": "慢慢享受着啥急",
            "content": "质疑得那么凶狠的人希望就是语言表达比较差，希望都没有经历太多的恶而污了心 相信生而向善，但也stay suspicious, 坏人真多，也愿作个好人",
            "time": "20-6-6 22:58"
        },
        {
            "comment id": 7,
            "parent": -1,
            "children": [],
            "user id": "2733105281",
            "user name": "香瓜饲养员",
            "content": "你们几个锤子？ ",
            "time": "20-6-7 18:10"
        },
        {
            "comment id": 8,
            "parent": -1,
            "children": [],
            "user id": "1085275705",
            "user name": "十月02",
            "content": "很感动。我亲戚家有个保姆，已经工作近30年了，从一个笨手笨脚呆头呆脑的女孩，结婚生子后还在工作，她带大的孩子已是留美博士并有了自己的宝宝，她仍然是那个呆头呆脑的妇人，却已是家庭的一份子。",
            "time": "20-6-7 00:43"
        },
        {
            "comment id": 9,
            "parent": -1,
            "children": [],
            "user id": "2089405761",
            "user name": "小臀闷闷",
            "content": "这样的阿姨难找了，现在都唯利是图。",
            "time": "20-6-6 22:41"
        },
        {
            "comment id": 10,
            "parent": -1,
            "children": [],
            "user id": "1629581022",
            "user name": "你好请坐上来",
            "content": "太感人了 6月份最佳短小说",
            "time": "20-6-7 14:08"
        },
        {
            "comment id": 11,
            "parent": -1,
            "children": [],
            "user id": "2313749693",
            "user name": "黑喵喵的幸福",
            "content": "太感动了",
            "time": "20-6-7 11:28"
        },
        {
            "comment id": 12,
            "parent": -1,
            "children": [],
            "user id": "1742901130",
            "user name": "复利的践行者",
            "content": "@ljq-最爱茶餐厅",
            "time": "20-6-6 21:35"
        },
        {
            "comment id": 13,
            "parent": -1,
            "children": [],
            "user id": "5030238120",
            "user name": "仙人掌惊天了",
            "content": "这是真的吗",
            "time": "20-6-8 13:35"
        },
        {
            "comment id": 14,
            "parent": -1,
            "children": [],
            "user id": "1772211132",
            "user name": "毛love毛毛",
            "content": "感动。这样的人会上天堂",
            "time": "20-6-7 12:20"
        },
        {
            "comment id": 15,
            "parent": -1,
            "children": [],
            "user id": "6351914267",
            "user name": "木般石",
            "content": "🙏",
            "time": "20-6-7 00:47"
        },
        {
            "comment id": 16,
            "parent": -1,
            "children": [],
            "user id": "2571886145",
            "user name": "浪漫冲击波",
            "content": "感动",
            "time": "20-6-8 08:23"
        },
        {
            "comment id": 17,
            "parent": -1,
            "children": [],
            "user id": "5469777913",
            "user name": "明白46402",
            "content": "好人啊  希望下辈子  她别再孤单一人",
            "time": "20-6-7 12:38"
        },
        {
            "comment id": 18,
            "parent": -1,
            "children": [],
            "user id": "1574131692",
            "user name": "小稣爱吃大白兔",
            "content": "相信是真实的",
            "time": "20-6-7 08:27"
        },
        {
            "comment id": 19,
            "parent": -1,
            "children": [],
            "user id": "5184412931",
            "user name": "Makes咪",
            "content": "我",
            "time": "20-6-7 06:10"
        },
        {
            "comment id": 20,
            "parent": -1,
            "children": [],
            "user id": "2419374184",
            "user name": "hutianlv",
            "content": "好人",
            "time": "20-6-7 00:11"
        },
        {
            "comment id": 21,
            "parent": -1,
            "children": [],
            "user id": "6620894261",
            "user name": "飘红天下2022",
            "content": "写的真好",
            "time": "20-6-6 22:27"
        },
        {
            "comment id": 22,
            "parent": -1,
            "children": [],
            "user id": "2094789433",
            "user name": "齐勇1",
            "content": "阿弥陀佛",
            "time": "20-6-6 21:54"
        },
        {
            "comment id": 23,
            "parent": -1,
            "children": [],
            "user id": "6963284416",
            "user name": "溪水54835",
            "content": "感人泪下",
            "time": "20-6-6 21:50"
        },
        {
            "comment id": 24,
            "parent": -1,
            "children": [],
            "user id": "2442329801",
            "user name": "2012-老夫子",
            "content": "这个被感动到了。",
            "time": "20-6-6 21:47"
        },
        {
            "comment id": 25,
            "parent": -1,
            "children": [],
            "user id": "2370288695",
            "user name": "boisquan",
            "content": "图片不是本人吧？",
            "time": "20-6-6 21:45"
        },
        {
            "comment id": 26,
            "parent": -1,
            "children": [],
            "user id": "1409107317",
            "user name": "半分幽默",
            "content": "如果有来生，那你们前世就是亲人。",
            "time": "20-6-8 11:49"
        },
        {
            "comment id": 27,
            "parent": -1,
            "children": [],
            "user id": "5978186678",
            "user name": "剡溪s猴",
            "content": "幸福的缘分",
            "time": "20-6-7 20:23"
        },
        {
            "comment id": 28,
            "parent": -1,
            "children": [],
            "user id": "1157502503",
            "user name": "峰林海涛",
            "content": "感人至深",
            "time": "20-6-7 11:17"
        },
        {
            "comment id": 29,
            "parent": -1,
            "children": [],
            "user id": "2347530175",
            "user name": "韓先森HHM",
            "content": "人间自有真情在 没经历过并不等于不存在",
            "time": "20-6-7 09:52"
        },
        {
            "comment id": 30,
            "parent": -1,
            "children": [],
            "user id": "6452615370",
            "user name": "再谈恋爱就是sb",
            "content": "这个被辟谣了啊是编的",
            "time": "20-6-8 10:55"
        },
        {
            "comment id": 31,
            "parent": -1,
            "children": [],
            "user id": "6053420985",
            "user name": "迷路的愤愤",
            "content": "前一个发这个微博的账号永封了",
            "time": "20-6-8 00:52"
        },
        {
            "comment id": 32,
            "parent": -1,
            "children": [],
            "user id": "1011103712",
            "user name": "爱Jason爱的妈咪",
            "content": "好人碰到了好人！",
            "time": "20-6-8 09:59"
        },
        {
            "comment id": 33,
            "parent": -1,
            "children": [],
            "user id": "7452164290",
            "user name": "鳯城落叶",
            "content": "按规定，火化直系亲属才好办理，无直系则旁系，无名则公安机关，有遗嘱还好，没有怕惹麻烦。",
            "time": "20-6-8 09:25"
        },
        {
            "comment id": 34,
            "parent": -1,
            "children": [],
            "user id": "1980548473",
            "user name": "A-YiNi",
            "content": "🙏🙏🙏",
            "time": "20-6-8 08:20"
        },
        {
            "comment id": 35,
            "parent": -1,
            "children": [],
            "user id": "5687359143",
            "user name": "123小刘鸭",
            "content": "👍",
            "time": "20-6-8 07:57"
        },
        {
            "comment id": 36,
            "parent": -1,
            "children": [],
            "user id": "1686654841",
            "user name": "卫小白",
            "content": "感动，瞎编那位封号了，你这是拿自己户口本在怀念友人么？",
            "time": "20-6-8 00:45"
        },
        {
            "comment id": 37,
            "parent": -1,
            "children": [],
            "user id": "1746802381",
            "user name": "大锤捌拾",
            "content": "感动！",
            "time": "20-6-8 00:20"
        },
        {
            "comment id": 38,
            "parent": -1,
            "children": [],
            "user id": "6216138976",
            "user name": "曹银桑",
            "content": "是真的感动。",
            "time": "20-6-7 19:39"
        },
        {
            "comment id": 39,
            "parent": -1,
            "children": [],
            "user id": "6558964037",
            "user name": "我超可爱5555",
            "content": "这个被辟谣了好像打假了",
            "time": "20-6-7 19:25"
        },
        {
            "comment id": 40,
            "parent": -1,
            "children": [],
            "user id": "6450295879",
            "user name": "蜜桃红茶小清新",
            "content": "自己的父母呢？",
            "time": "20-6-7 18:55"
        },
        {
            "comment id": 41,
            "parent": -1,
            "children": [],
            "user id": "7319480606",
            "user name": "都挺好0810",
            "content": "太感人了，人间自有真情在",
            "time": "20-6-7 17:52"
        },
        {
            "comment id": 42,
            "parent": -1,
            "children": [],
            "user id": "6102634059",
            "user name": "不喝酒的美男鱼",
            "content": "感动，但这个岁数能识字写信这点表示可信度存疑",
            "time": "20-6-7 17:47"
        },
        {
            "comment id": 43,
            "parent": -1,
            "children": [],
            "user id": "3901519399",
            "user name": "慢慢走远啰",
            "content": "泪长流，都是好人。",
            "time": "20-6-7 17:21"
        },
        {
            "comment id": 44,
            "parent": -1,
            "children": [],
            "user id": "2438187374",
            "user name": "探索者xxx",
            "content": "感動",
            "time": "20-6-7 16:41"
        },
        {
            "comment id": 45,
            "parent": -1,
            "children": [],
            "user id": "2946405485",
            "user name": "sweet一起去看流星雨",
            "content": "人间值得不是吗？",
            "time": "20-6-7 16:41"
        },
        {
            "comment id": 46,
            "parent": -1,
            "children": [],
            "user id": "3499276321",
            "user name": "duokeaixiao924",
            "content": "人和人之间是相互的，你对别人好，别人可能就会对你好。 阿姨一路走好",
            "time": "20-6-7 16:08"
        },
        {
            "comment id": 47,
            "parent": -1,
            "children": [],
            "user id": "1955760273",
            "user name": "小周粥粥l",
            "content": "@SherryQMX",
            "time": "20-6-7 15:18"
        },
        {
            "comment id": 48,
            "parent": -1,
            "children": [],
            "user id": "6585957456",
            "user name": "暴跳如雷马小跳",
            "content": "保持善良",
            "time": "20-6-7 13:57"
        },
        {
            "comment id": 49,
            "parent": -1,
            "children": [],
            "user id": "1837822150",
            "user name": "华夏古玩阁",
            "content": "太感人了！所以，无论如何年轻的时候一定要要个孩子，绝对不要做傻事，做丁克。",
            "time": "20-6-7 12:46"
        },
        {
            "comment id": 50,
            "parent": -1,
            "children": [],
            "user id": "5366091049",
            "user name": "老墙下的斑驳",
            "content": "瞬间泪流满面",
            "time": "20-6-7 11:33"
        },
        {
            "comment id": 51,
            "parent": -1,
            "children": [],
            "user id": "2614981915",
            "user name": "我心依旧love312",
            "content": "有对情侣双方父母反对结婚，可惜未婚先孕，把刚生下来几个月的宝宝送到我外婆家寄养，等一岁大了领走时外婆哭的稀里哗啦，几天吃不下睡不着",
            "time": "20-6-7 11:21"
        },
        {
            "comment id": 52,
            "parent": -1,
            "children": [],
            "user id": "5292308400",
            "user name": "只为更好00",
            "content": "所幸遇你们，她也很幸福。",
            "time": "20-6-7 11:20"
        },
        {
            "comment id": 53,
            "parent": -1,
            "children": [],
            "user id": "5955649342",
            "user name": "赫轩粑粑",
            "content": "太感人了，编的不错，加油💪",
            "time": "20-6-7 10:41"
        },
        {
            "comment id": 54,
            "parent": -1,
            "children": [],
            "user id": "7368805394",
            "user name": "雪山200411",
            "content": "难得人间真诚！",
            "time": "20-6-7 09:57"
        },
        {
            "comment id": 55,
            "parent": -1,
            "children": [],
            "user id": "1737490285",
            "user name": "庞小歪啊",
            "content": "🙏🙏",
            "time": "20-6-6 22:23"
        },
        {
            "comment id": 56,
            "parent": -1,
            "children": [],
            "user id": "2248504595",
            "user name": "十年磨一剑_PL",
            "content": "我流泪了！",
            "time": "20-6-8 13:05"
        },
        {
            "comment id": 57,
            "parent": -1,
            "children": [],
            "user id": "7429325614",
            "user name": "pizstar",
            "content": "都已经辟谣了，这是假的，lj博主还发",
            "time": "20-6-8 08:52"
        },
        {
            "comment id": 58,
            "parent": -1,
            "children": [],
            "user id": "6814879403",
            "user name": "凡事想开点201811",
            "content": "感动😭",
            "time": "20-6-7 19:58"
        },
        {
            "comment id": 59,
            "parent": -1,
            "children": [],
            "user id": "6484791592",
            "user name": "Gloriais-Legend",
            "content": "为啥我就遇不到这样的人？//@慧觉的微博:非常感动！人心换人心！善良一直与我们同在！",
            "time": "20-6-7 11:21"
        },
        {
            "comment id": 60,
            "parent": -1,
            "children": [],
            "user id": "6491820940",
            "user name": "老城猎人_63263",
            "content": "心存善良；天地永存。",
            "time": "20-6-6 22:22"
        },
        {
            "comment id": 61,
            "parent": -1,
            "children": [],
            "user id": "1937272322",
            "user name": "取什么名字都不知道",
            "content": "图片和文字有关吗？",
            "time": "20-6-8 11:50"
        },
        {
            "comment id": 62,
            "parent": -1,
            "children": [],
            "user id": "1398710617",
            "user name": "青松066_7hb",
            "content": "好人",
            "time": "20-6-8 06:02"
        },
        {
            "comment id": 63,
            "parent": -1,
            "children": [],
            "user id": "1291134817",
            "user name": "满木木M",
            "content": "这也算是没有遗憾了。",
            "time": "20-6-8 01:20"
        },
        {
            "comment id": 64,
            "parent": -1,
            "children": [],
            "user id": "5339348118",
            "user name": "冬月初五酉酉",
            "content": "你们俩口也是善良的人",
            "time": "20-6-7 22:44"
        },
        {
            "comment id": 65,
            "parent": -1,
            "children": [],
            "user id": "1981847347",
            "user name": "e麦香香",
            "content": "转发微博",
            "time": "20-6-7 11:18"
        }
    ]
}