{
    "source": {
        "content": "暴雨后的湖南  网页链接 ",
        "time": "20-6-10 14:23",
        "user id": "5756726109",
        "tweet id": "J5ZkjCFXC",
        "label": 1,
        "theme": null
    },
    "comment": [
        {
            "comment id": 0,
            "parent": -1,
            "children": [],
            "user id": "5641361178",
            "user name": "今年不再沾边土木",
            "content": "这是广西柳州  大家散了吧  博主拿来博眼球的",
            "time": "20-6-10 18:12"
        },
        {
            "comment id": 1,
            "parent": -1,
            "children": [],
            "user id": "5765584094",
            "user name": "吃鱼不吐鱼刺啊",
            "content": "什么的视频了，还来发？居心何在？！",
            "time": "20-6-10 18:33"
        },
        {
            "comment id": 2,
            "parent": -1,
            "children": [],
            "user id": "7117096755",
            "user name": "白天比黑夜要长",
            "content": "太可怕了",
            "time": "20-6-10 17:17"
        },
        {
            "comment id": 3,
            "parent": -1,
            "children": [],
            "user id": "1898576277",
            "user name": "唐朝同学",
            "content": "这是广西",
            "time": "20-6-12 08:46"
        },
        {
            "comment id": 4,
            "parent": -1,
            "children": [],
            "user id": "3320789131",
            "user name": "爱上你穿军装的样子",
            "content": "人没在里面就好",
            "time": "20-6-10 16:27"
        },
        {
            "comment id": 5,
            "parent": -1,
            "children": [],
            "user id": "1802767653",
            "user name": "小白226",
            "content": "这是哪里？",
            "time": "20-6-10 15:40"
        },
        {
            "comment id": 6,
            "parent": -1,
            "children": [],
            "user id": "6119608484",
            "user name": "扁阿瑶-全洗套浴",
            "content": "太好看了",
            "time": "20-6-11 16:45"
        },
        {
            "comment id": 7,
            "parent": -1,
            "children": [],
            "user id": "6169650828",
            "user name": "彭震8917",
            "content": "瞎传言，你这个算散布谣言",
            "time": "20-6-10 19:21"
        },
        {
            "comment id": 8,
            "parent": -1,
            "children": [],
            "user id": "5618478577",
            "user name": "里昂冷阿",
            "content": "我第一次看这个视频的时候 我还在穿开裆裤",
            "time": "20-6-10 18:28"
        }
    ]
}