{
    "source": {
        "content": "#领土争端# 印度宣布成立“拉达克中央直辖区”，将中印边界西段的中方领土划入印行政管辖，我外交部强烈回应：不可接受！#国际军事# via长江新闻号 勤奋de班长的微博视频 ",
        "time": "20-6-15 07:02",
        "user id": "2160553221",
        "tweet id": "J6HzAd71C",
        "label": 1,
        "theme": null
    },
    "comment": [
        {
            "comment id": 0,
            "parent": -1,
            "children": [
                1,
                2,
                3,
                4,
                5,
                6
            ],
            "user id": "7319547117",
            "user name": "十一丶心",
            "content": "中国外部压力比印度大，一般情况下不太可能先动手。但是印度如果敢开第一枪，印度的国运也就只到2020这里了。立字为证",
            "time": "20-6-15 08:40"
        },
        {
            "comment id": 1,
            "parent": 0,
            "children": [],
            "user id": "3844311757",
            "user name": "malay-excellence",
            "content": "回复@火冒三臓:应该派大G女去",
            "time": "20-6-16 20:35"
        },
        {
            "comment id": 2,
            "parent": 0,
            "children": [],
            "user id": "5753285398",
            "user name": "牛打土地",
            "content": "同意，把手撕鬼子，手榴弹炸飞机那两位大将派上去，霸王色一开，就可以解放印度",
            "time": "20-6-15 22:26"
        },
        {
            "comment id": 3,
            "parent": 0,
            "children": [],
            "user id": "5768261098",
            "user name": "啊嘉爷",
            "content": "中国牛逼",
            "time": "20-6-15 16:22"
        },
        {
            "comment id": 4,
            "parent": 0,
            "children": [],
            "user id": "6243474835",
            "user name": "4AMxxxluovo",
            "content": "同意",
            "time": "20-6-15 11:34"
        },
        {
            "comment id": 5,
            "parent": 0,
            "children": [],
            "user id": "6262983103",
            "user name": "风吹小惬意",
            "content": "+1",
            "time": "20-6-15 10:21"
        },
        {
            "comment id": 6,
            "parent": 0,
            "children": [],
            "user id": "6621503710",
            "user name": "漫湾记忆",
            "content": "我同意",
            "time": "20-6-15 09:55"
        },
        {
            "comment id": 7,
            "parent": -1,
            "children": [
                8
            ],
            "user id": "1337451217",
            "user name": "屋顶红缨枪",
            "content": "路修过去，基站建过去，信号覆盖范围都是：欢迎来到中国西藏。",
            "time": "20-6-15 08:42"
        },
        {
            "comment id": 8,
            "parent": 7,
            "children": [],
            "user id": "6621503710",
            "user name": "漫湾记忆",
            "content": "这个好。我们的边防官兵都能用上5g",
            "time": "20-6-15 09:54"
        },
        {
            "comment id": 9,
            "parent": -1,
            "children": [
                10,
                11
            ],
            "user id": "1742196467",
            "user name": "屏却相思凉月白",
            "content": "有些东西，你不打它回不来。靠磨嘴皮子，费时间费力气还不一定成事。有时候简单粗暴直接更容易成功。",
            "time": "20-6-15 08:28"
        },
        {
            "comment id": 10,
            "parent": 9,
            "children": [],
            "user id": "1742196467",
            "user name": "屏却相思凉月白",
            "content": "回复@斯忒兰贝特:那就是准备第三次世界大战。",
            "time": "20-6-17 06:45"
        },
        {
            "comment id": 11,
            "parent": 9,
            "children": [],
            "user id": "6226519356",
            "user name": "恰饭记得带碗",
            "content": "得了吧。我们国家的外部环境啥情况你不知道啊，美国三艘航母在南海摆着，就看着你和印度打起来。坐收渔翁之利，这种冲突需要冷处理，印度也不敢闹大。真闹大了，他们首都离我们边境300公里，谁怕？",
            "time": "20-6-16 21:44"
        },
        {
            "comment id": 12,
            "parent": -1,
            "children": [],
            "user id": "6576492959",
            "user name": "雪糕暖了整个夏天",
            "content": "勿谓言之不预也",
            "time": "20-6-15 09:43"
        },
        {
            "comment id": 13,
            "parent": -1,
            "children": [
                14
            ],
            "user id": "5828087823",
            "user name": "哈哈江骏林",
            "content": "整个亚洲都要是印度的呢。 揍一顿，它就醒了。",
            "time": "20-6-15 08:34"
        },
        {
            "comment id": 14,
            "parent": 13,
            "children": [],
            "user id": "5828087823",
            "user name": "哈哈江骏林",
            "content": "240门155卡车炮，赶紧的，交付给巴基斯坦国。50公里的射程，直射坦克成零件的功效，轰一轰，比一百次嘴仗，效果都好。",
            "time": "20-6-15 08:37"
        },
        {
            "comment id": 15,
            "parent": -1,
            "children": [
                16,
                18,
                19,
                20,
                21
            ],
            "user id": "2376591965",
            "user name": "观听静",
            "content": "为什么我们总是被市发声“不同意”，“不可接受”，有用吗？不能主动出击吗？",
            "time": "20-6-15 11:19"
        },
        {
            "comment id": 16,
            "parent": 15,
            "children": [],
            "user id": "2270177824",
            "user name": "木有西呱",
            "content": "回复@火冒三臓:回想下当年的德国，好吗？",
            "time": "20-6-17 20:26"
        },
        {
            "comment id": 17,
            "parent": 18,
            "children": [],
            "user id": "5753285398",
            "user name": "牛打土地",
            "content": "回复@木有西呱:这位聪明人，儒教害了你",
            "time": "20-6-17 13:21"
        },
        {
            "comment id": 18,
            "parent": 15,
            "children": [
                17
            ],
            "user id": "2270177824",
            "user name": "木有西呱",
            "content": "回复@火冒三臓:就你这傻不隆咚的样子，得道多助 失道寡助的意思你懂吗？中国需要一个好的理由开打！自卫反击是很好的理由",
            "time": "20-6-17 10:24"
        },
        {
            "comment id": 19,
            "parent": 15,
            "children": [],
            "user id": "7371764714",
            "user name": "32号工作人员",
            "content": "他们敢打，我们就敢奉陪。你怎么不让他们主动出击给我们争取个防守反击的名声？",
            "time": "20-6-16 23:43"
        },
        {
            "comment id": 20,
            "parent": 15,
            "children": [],
            "user id": "5119493539",
            "user name": "二厂猪肉佬",
            "content": "回复@火冒三臓:报告领导！目前印度方面还没有完全无地自容，是否进一步谴责？",
            "time": "20-6-16 16:37"
        },
        {
            "comment id": 21,
            "parent": 15,
            "children": [],
            "user id": "5753285398",
            "user name": "牛打土地",
            "content": "已经加强谴责力度了，阿三会羞愤到无地自容，那个时候，战力就下降，派上一个团就可以解放印度，在新德里插上社会主义旗帜",
            "time": "20-6-15 22:29"
        },
        {
            "comment id": 22,
            "parent": -1,
            "children": [
                24,
                25,
                27
            ],
            "user id": "5714859863",
            "user name": "宇宙Z博士",
            "content": "听（一点都不能少）听吐血了 也没见啥举动 军事上太软弱了",
            "time": "20-6-15 11:10"
        },
        {
            "comment id": 23,
            "parent": 24,
            "children": [],
            "user id": "5714859863",
            "user name": "宇宙Z博士",
            "content": "回复@道阻且长长长长长:@宇宙Z博士: 我还真知道 阿三太自大了 毛爷宣布撤军 不打了",
            "time": "20-6-17 15:30"
        },
        {
            "comment id": 24,
            "parent": 22,
            "children": [
                23
            ],
            "user id": "2090872493",
            "user name": "道阻且长长长长长",
            "content": "你可能不知道当年我军边防部队就把啊三的精锐部队打得屁滚尿流，直奔新德里，我军主力部队都没用上。",
            "time": "20-6-17 12:16"
        },
        {
            "comment id": 25,
            "parent": 22,
            "children": [],
            "user id": "5714859863",
            "user name": "宇宙Z博士",
            "content": "回复@斯忒兰贝特:@宇宙Z博士: 那最好了 不过胡锡进说咱们确实有伤亡 具体数据还不清楚 希望只是受伤",
            "time": "20-6-16 21:48"
        },
        {
            "comment id": 26,
            "parent": 27,
            "children": [],
            "user id": "6226519356",
            "user name": "恰饭记得带碗",
            "content": "回复@宇宙Z博士:假新闻，这个数据是外网上一个印度自媒体自嗨的。数据还是72年时发生的，当时印度死了13个",
            "time": "20-6-16 21:45"
        },
        {
            "comment id": 27,
            "parent": 22,
            "children": [
                26
            ],
            "user id": "5714859863",
            "user name": "宇宙Z博士",
            "content": "回复@夭蠱101:我方死了五个伤了11个  郁闷中…",
            "time": "20-6-16 20:19"
        },
        {
            "comment id": 28,
            "parent": -1,
            "children": [
                29,
                31,
                34
            ],
            "user id": "5256813160",
            "user name": "烽火连天射白路",
            "content": "确定没有放弃过吗？东北  西北   南海  东海  查查",
            "time": "20-6-16 18:07"
        },
        {
            "comment id": 29,
            "parent": 28,
            "children": [],
            "user id": "2090872493",
            "user name": "道阻且长长长长长",
            "content": "我觉得我们的诉求应该按元朝的地图来",
            "time": "20-6-17 12:17"
        },
        {
            "comment id": 30,
            "parent": 31,
            "children": [],
            "user id": "5256813160",
            "user name": "烽火连天射白路",
            "content": "回复@我的负能量小号0517:到别人家也是祖宗留下的，自己没守住，仅此而已",
            "time": "20-6-17 07:52"
        },
        {
            "comment id": 31,
            "parent": 28,
            "children": [
                30
            ],
            "user id": "7275179670",
            "user name": "我的负能量小号0517",
            "content": "大哥去看看南海我们划的线都快到别人家里去了，懂？",
            "time": "20-6-17 07:11"
        },
        {
            "comment id": 32,
            "parent": 33,
            "children": [],
            "user id": "7371764714",
            "user name": "32号工作人员",
            "content": "回复@烽火连天射白路:你最懂了，好了吗？",
            "time": "20-6-16 23:46"
        },
        {
            "comment id": 33,
            "parent": 34,
            "children": [
                32
            ],
            "user id": "5256813160",
            "user name": "烽火连天射白路",
            "content": "回复@倒立去学习:查查1949年前后的实际控制边界线，再发表意见",
            "time": "20-6-16 21:08"
        },
        {
            "comment id": 34,
            "parent": 28,
            "children": [
                33
            ],
            "user id": "5610580476",
            "user name": "倒立去学习",
            "content": "也不看看是哪个政府放弃的，国民政府，清政府能一样吗",
            "time": "20-6-16 18:40"
        },
        {
            "comment id": 35,
            "parent": -1,
            "children": [],
            "user id": "3796040541",
            "user name": "睢宁飞碟研究",
            "content": "我们中国应该进攻印度，",
            "time": "20-6-15 07:45"
        },
        {
            "comment id": 36,
            "parent": -1,
            "children": [],
            "user id": "7256416379",
            "user name": "怎么弄个好听的名字",
            "content": "",
            "time": "20-6-15 07:13"
        },
        {
            "comment id": 37,
            "parent": -1,
            "children": [],
            "user id": "7384069253",
            "user name": "梅花香自苦寒6",
            "content": "强烈谴责这种无理要求",
            "time": "20-6-15 23:23"
        },
        {
            "comment id": 38,
            "parent": -1,
            "children": [],
            "user id": "3796040541",
            "user name": "睢宁飞碟研究",
            "content": "我要就说了，现在印度要扩张领土了，国家不重视人口问题",
            "time": "20-6-15 07:47"
        },
        {
            "comment id": 39,
            "parent": -1,
            "children": [],
            "user id": "5411518649",
            "user name": "霸得蛮先森",
            "content": "",
            "time": "20-6-17 16:07"
        },
        {
            "comment id": 40,
            "parent": -1,
            "children": [
                41
            ],
            "user id": "5519583428",
            "user name": "浪魜鯓26056",
            "content": "能不能先把拉达克这破名字改了，一听就不像中国的地名，改叫拉西，拉华，拉中",
            "time": "20-6-17 06:40"
        },
        {
            "comment id": 41,
            "parent": 40,
            "children": [],
            "user id": "6002033889",
            "user name": "青争要长高呀",
            "content": "哈哈哈哈哈!哈哈哈哈哈!😂",
            "time": "20-6-17 10:37"
        },
        {
            "comment id": 42,
            "parent": -1,
            "children": [],
            "user id": "6629907753",
            "user name": "457713152camrT",
            "content": "直接打回来，反对有个屁用",
            "time": "20-6-16 22:42"
        },
        {
            "comment id": 43,
            "parent": -1,
            "children": [],
            "user id": "3592224880",
            "user name": "不墨迹的刘某某",
            "content": "外交部：天天打嘴仗",
            "time": "20-6-16 18:57"
        },
        {
            "comment id": 44,
            "parent": -1,
            "children": [],
            "user id": "3204046223",
            "user name": "长坂坡上的猫",
            "content": "战必召、召必回",
            "time": "20-6-15 16:21"
        },
        {
            "comment id": 45,
            "parent": -1,
            "children": [],
            "user id": "6299765229",
            "user name": "二品",
            "content": "是时候反击了，不然别人永远也只能说打打嘴炮了，该立威了",
            "time": "20-6-15 08:29"
        },
        {
            "comment id": 46,
            "parent": -1,
            "children": [],
            "user id": "2710236602",
            "user name": "情窦初开的小伙噢",
            "content": "莫迪不是啥玩儿好东西 ！",
            "time": "20-6-15 07:59"
        },
        {
            "comment id": 47,
            "parent": -1,
            "children": [],
            "user id": "5120849424",
            "user name": "天涯梦里是归途",
            "content": "没有实力，宣布了也没有用。",
            "time": "20-6-17 12:02"
        },
        {
            "comment id": 48,
            "parent": -1,
            "children": [],
            "user id": "1415676655",
            "user name": "HERMES的小窝",
            "content": "//@会飞的青蛙0803:想多了打不起来，人类命运共同体",
            "time": "20-6-16 16:37"
        },
        {
            "comment id": 49,
            "parent": -1,
            "children": [],
            "user id": "2615448985",
            "user name": "今年有氧明年有型",
            "content": "说这么多，不如打一仗，美军世界霸主的地位是靠嘴炮来的？",
            "time": "20-6-15 15:56"
        },
        {
            "comment id": 50,
            "parent": -1,
            "children": [],
            "user id": "6408960014",
            "user name": "这个很重要03",
            "content": "确定？",
            "time": "20-6-18 18:37"
        }
    ]
}