{
    "source": {
        "content": "客观事实证明，中国新发本土病例基本为零，\n新发现病例基本都为输入病例，\n而且出现恶化趋势。\n政府及时暂时停止外国人入境，\n乃属不得已而为之，\n理据俱全。\n支持！  ",
        "time": "20-6-14 09:14",
        "user id": "1100001644",
        "tweet id": "J6z0Fmi5y",
        "label": 1,
        "theme": null
    },
    "comment": [
        {
            "comment id": 0,
            "parent": -1,
            "children": [
                1
            ],
            "user id": "6466626043",
            "user name": "小亲亲616",
            "content": "早",
            "time": "20-6-14 10:07"
        },
        {
            "comment id": 1,
            "parent": 0,
            "children": [],
            "user id": "1100001644",
            "user name": "私职刑辩专业律师王先友",
            "content": "早(*^_^*)",
            "time": "20-6-14 10:11"
        },
        {
            "comment id": 2,
            "parent": -1,
            "children": [],
            "user id": "3847433243",
            "user name": "美搭时尚博主",
            "content": " ",
            "time": "20-6-14 09:14"
        },
        {
            "comment id": 3,
            "parent": -1,
            "children": [],
            "user id": "6697488264",
            "user name": "仙一芳",
            "content": "支持",
            "time": "20-6-15 12:38"
        },
        {
            "comment id": 4,
            "parent": -1,
            "children": [],
            "user id": "5928522385",
            "user name": "寶藏夢甜",
            "content": "没错，就应该这样",
            "time": "20-6-14 10:52"
        },
        {
            "comment id": 5,
            "parent": -1,
            "children": [],
            "user id": "5744740210",
            "user name": "能醒方骋_",
            "content": "理解",
            "time": "20-6-15 10:30"
        },
        {
            "comment id": 6,
            "parent": -1,
            "children": [],
            "user id": "6126405647",
            "user name": "可惜没如果i",
            "content": "对",
            "time": "20-6-14 09:57"
        },
        {
            "comment id": 7,
            "parent": -1,
            "children": [],
            "user id": "1297871085",
            "user name": "Hory_18",
            "content": "早",
            "time": "20-6-14 09:21"
        }
    ]
}