{
    "source": {
        "content": "84岁终钟南山再次出征北京，为钟老点赞！（邵国翠）#钟南山# 军人之家的微博视频 ",
        "time": "20-6-18 13:29",
        "user id": "5834198610",
        "tweet id": "J7cow4QR6",
        "label": 1,
        "theme": null
    },
    "comment": [
        {
            "comment id": 0,
            "parent": -1,
            "children": [],
            "user id": "1851021230",
            "user name": "二毛王昭君",
            "content": "加油",
            "time": "20-6-18 14:24"
        },
        {
            "comment id": 1,
            "parent": -1,
            "children": [],
            "user id": "5699449105",
            "user name": "三体的铁甲",
            "content": "",
            "time": "20-6-18 13:53"
        },
        {
            "comment id": 2,
            "parent": -1,
            "children": [],
            "user id": "2896375617",
            "user name": "龙城广玉兰",
            "content": "",
            "time": "20-6-18 13:52"
        },
        {
            "comment id": 3,
            "parent": -1,
            "children": [],
            "user id": "1967652391",
            "user name": "凶狠肥妈",
            "content": "🙏🙏🙏",
            "time": "20-6-18 13:47"
        },
        {
            "comment id": 4,
            "parent": -1,
            "children": [],
            "user id": "1008794502",
            "user name": "火焰山玖玖",
            "content": "🙏🙏🙏",
            "time": "20-6-18 13:30"
        },
        {
            "comment id": 5,
            "parent": -1,
            "children": [],
            "user id": "6822574628",
            "user name": "17看流星雨",
            "content": "辟谣了，没去北京",
            "time": "20-6-18 19:59"
        },
        {
            "comment id": 6,
            "parent": -1,
            "children": [],
            "user id": "6094197316",
            "user name": "晴朗的夏天2016",
            "content": "中国加油！",
            "time": "20-6-18 13:36"
        }
    ]
}