{
    "source": {
        "content": "转发：重庆到利川避暑的自驾车不幸坠河。先车在小河沟陷得不深，有人建议车上人先下来，再用绳子牵上车，但车上人不采纳。从找绳子到喊人过了相当一段时间，完全可以从车窗往外转移车内人。因当时的水只淹没腿部，完全可以救出车内所有乘客。由于车上傻子太多人固执，导致错过救人关键时机，车慢慢移向  ...展开",
        "time": "20-6-26 13:15",
        "user id": "1192387385",
        "tweet id": "J8pIKeBPn",
        "label": 1,
        "theme": null
    },
    "comment": [
        {
            "comment id": 0,
            "parent": -1,
            "children": [
                1
            ],
            "user id": "7409438285",
            "user name": "石墨烯量子照妖镜",
            "content": "为什么不下车呢？想不明白",
            "time": "20-6-26 17:42"
        },
        {
            "comment id": 1,
            "parent": 0,
            "children": [],
            "user id": "7365832753",
            "user name": "榴友会",
            "content": "下车了车就没了，亏大了，",
            "time": "20-6-26 18:06"
        },
        {
            "comment id": 2,
            "parent": -1,
            "children": [],
            "user id": "1689489810",
            "user name": "没道理没追求",
            "content": "为什么当时村民要把他们给劝回去呢？",
            "time": "20-6-26 17:48"
        },
        {
            "comment id": 3,
            "parent": -1,
            "children": [],
            "user id": "2692996510",
            "user name": "向云子mxd",
            "content": "越野死于野，求锤得锤",
            "time": "20-6-26 18:02"
        },
        {
            "comment id": 4,
            "parent": -1,
            "children": [],
            "user id": "7415947165",
            "user name": "子君非色",
            "content": "是不是司机跳下来了",
            "time": "20-6-26 17:45"
        },
        {
            "comment id": 5,
            "parent": -1,
            "children": [],
            "user id": "6720494726",
            "user name": "郝震湘",
            "content": "在想什么？",
            "time": "20-6-26 17:41"
        },
        {
            "comment id": 6,
            "parent": -1,
            "children": [],
            "user id": "7457939869",
            "user name": "大老虎的微波",
            "content": "第一选项难道不是弃车逃命吗？",
            "time": "20-6-26 18:23"
        },
        {
            "comment id": 7,
            "parent": -1,
            "children": [],
            "user id": "1660447923",
            "user name": "Fly2130",
            "content": "傻子 活该",
            "time": "20-6-26 17:51"
        },
        {
            "comment id": 8,
            "parent": -1,
            "children": [],
            "user id": "1894376043",
            "user name": "吴家有个吴小乖",
            "content": "车比人重要？",
            "time": "20-6-26 17:50"
        },
        {
            "comment id": 9,
            "parent": -1,
            "children": [],
            "user id": "2239903457",
            "user name": "请叫我耿耿呀",
            "content": "已经连续看到两个这个了   同视频同文案",
            "time": "20-6-29 06:26"
        },
        {
            "comment id": 10,
            "parent": -1,
            "children": [],
            "user id": "5209723372",
            "user name": "半夏的石坪",
            "content": "遇到这种人，菩萨来了也无奈何啊！",
            "time": "20-6-29 01:24"
        },
        {
            "comment id": 11,
            "parent": -1,
            "children": [],
            "user id": "2397027440",
            "user name": "BIGBOSS0331",
            "content": "旁边有个复读机",
            "time": "20-6-26 18:15"
        },
        {
            "comment id": 12,
            "parent": -1,
            "children": [],
            "user id": "3859699618",
            "user name": "无情小田螺",
            "content": "该他死有时谁都拉不住",
            "time": "20-6-26 18:06"
        },
        {
            "comment id": 13,
            "parent": -1,
            "children": [],
            "user id": "1722874192",
            "user name": "8deepwater",
            "content": "",
            "time": "20-6-26 17:50"
        }
    ]
}