{
    "source": {
        "content": "学信网再也没法查出来，你是不是被冒名顶替的了，因为学信网改版了，彻底解决提出问题的人了，这波操作真特么厉害#学信网改版了# ",
        "time": "20-6-30 16:38",
        "user id": "1926105113",
        "tweet id": "J92KUvsI1",
        "label": 1,
        "theme": null
    },
    "comment": [
        {
            "comment id": 0,
            "parent": -1,
            "children": [
                1,
                2,
                3,
                4
            ],
            "user id": "1448070090",
            "user name": "北京金戈戈",
            "content": "领导的超人智慧，小民永远达不到。服。",
            "time": "20-6-30 19:54"
        },
        {
            "comment id": 1,
            "parent": 0,
            "children": [],
            "user id": "2101322365",
            "user name": "Qoo水货麻子",
            "content": "领导人也想你有智慧，可惜你没脑子",
            "time": "20-7-1 08:40"
        },
        {
            "comment id": 2,
            "parent": 0,
            "children": [],
            "user id": "3262912494",
            "user name": "王啊王zz",
            "content": "动不动就领导领导的，你也就能这么喷一喷了",
            "time": "20-6-30 22:55"
        },
        {
            "comment id": 3,
            "parent": 0,
            "children": [],
            "user id": "3232483772",
            "user name": "天涯尼丹小",
            "content": "你的智商确实达不到，这都敢信。。。",
            "time": "20-6-30 22:45"
        },
        {
            "comment id": 4,
            "parent": 0,
            "children": [],
            "user id": "6406531697",
            "user name": "Thring_XY",
            "content": "带锤子节奏呢。去年就改了，喷锤子",
            "time": "20-6-30 22:42"
        },
        {
            "comment id": 5,
            "parent": -1,
            "children": [
                6,
                7
            ],
            "user id": "1554099633",
            "user name": "武黎嵩",
            "content": "不管是不是因为这次事件而改版。学信网的这波操作，让可能被顶替的人获知真相，成本更高了。。。",
            "time": "20-6-30 21:11"
        },
        {
            "comment id": 6,
            "parent": 5,
            "children": [],
            "user id": "1853950222",
            "user name": "你咋是个-这",
            "content": "去年就把今天提出问题的给解决了，学信网穿越实锤",
            "time": "20-7-1 12:54"
        },
        {
            "comment id": 7,
            "parent": 5,
            "children": [],
            "user id": "3053891327",
            "user name": "把星星熬成糖浆",
            "content": "这个是真的",
            "time": "20-7-1 12:50"
        },
        {
            "comment id": 8,
            "parent": -1,
            "children": [],
            "user id": "2190451997",
            "user name": "恋爱专号",
            "content": "号被傻x举报了吧",
            "time": "20-7-1 12:08"
        },
        {
            "comment id": 9,
            "parent": -1,
            "children": [],
            "user id": "2190445387",
            "user name": "排片",
            "content": "开始删除转发了",
            "time": "20-7-2 13:34"
        },
        {
            "comment id": 10,
            "parent": -1,
            "children": [],
            "user id": "7289711073",
            "user name": "叮咚咚咚咚咚0",
            "content": "我自己刚试了一下，本科，不用输入学校，只要账号和密码",
            "time": "20-6-30 19:36"
        },
        {
            "comment id": 11,
            "parent": -1,
            "children": [],
            "user id": "1860339314",
            "user name": "蒸汽糕",
            "content": "这个带节奏吧。。。不是现在改的吧",
            "time": "20-6-30 19:48"
        },
        {
            "comment id": 12,
            "parent": -1,
            "children": [
                13,
                15,
                16,
                18,
                25,
                27,
                28,
                29,
                30,
                31,
                32,
                33,
                34,
                35,
                36,
                37,
                38,
                39,
                40
            ],
            "user id": "5898619597",
            "user name": "阳光微凉999",
            "content": "说不定以前就有人去学信网查了，然后发现被顶替了，然后闹起来，然后改了验证方式，今年在网上发酵起来了，其实对于安全性来说，一个身份证号足够了，别人能知道身份证号的，还会不知道毕业学校吗？这逻辑通吗？",
            "time": "20-6-30 19:50"
        },
        {
            "comment id": 13,
            "parent": 12,
            "children": [],
            "user id": "5898619597",
            "user name": "阳光微凉999",
            "content": "回复@亲爱的兰斯:信息泄露这块，简直无解",
            "time": "20-7-1 11:37"
        },
        {
            "comment id": 14,
            "parent": 15,
            "children": [],
            "user id": "5285694669",
            "user name": "sweet-mimosa",
            "content": "回复@阳光微凉999:你自己说的对于安全性来说一个身份证号就足够了，可现在就是不够→_→",
            "time": "20-7-1 10:53"
        },
        {
            "comment id": 15,
            "parent": 12,
            "children": [
                14
            ],
            "user id": "5898619597",
            "user name": "阳光微凉999",
            "content": "回复@亲爱的兰斯:你们被泄露了身份证，又不关学信网啥事",
            "time": "20-7-1 10:51"
        },
        {
            "comment id": 16,
            "parent": 12,
            "children": [],
            "user id": "5898619597",
            "user name": "阳光微凉999",
            "content": "回复@一会马上岸:理解能力有问题啊，我也只是根据事情发生猜测了一下",
            "time": "20-7-1 10:51"
        },
        {
            "comment id": 17,
            "parent": 40,
            "children": [],
            "user id": "1961057653",
            "user name": "BT_KON",
            "content": "回复@阿李向前冲:学信网是官方唯一认了的。。。",
            "time": "20-7-1 10:40"
        },
        {
            "comment id": 18,
            "parent": 12,
            "children": [],
            "user id": "5285694669",
            "user name": "sweet-mimosa",
            "content": "我武汉上大学的，这次疫情回乡的时候和其他武汉回来的人一起身份证号被拉了个单子全泄露了我需要这个毕业院校。",
            "time": "20-7-1 09:44"
        },
        {
            "comment id": 19,
            "parent": 20,
            "children": [],
            "user id": "5898619597",
            "user name": "阳光微凉999",
            "content": "回复@东城小西:但是19年之前是不要输入学校就可以看到高等教育信息啊，所以我才那样推论的",
            "time": "20-7-1 09:00"
        },
        {
            "comment id": 20,
            "parent": 21,
            "children": [
                19
            ],
            "user id": "1239083227",
            "user name": "东城小西",
            "content": "回复@阳光微凉999:所以说学信网解决了提问题的人啊！",
            "time": "20-7-1 08:45"
        },
        {
            "comment id": 21,
            "parent": 22,
            "children": [
                20
            ],
            "user id": "5898619597",
            "user name": "阳光微凉999",
            "content": "回复@东城小西:那些被顶替的人，知道考到哪个学校了吗？不输入学校名称，怎么查高等教育信息",
            "time": "20-7-1 08:44"
        },
        {
            "comment id": 22,
            "parent": 23,
            "children": [
                21
            ],
            "user id": "1239083227",
            "user name": "东城小西",
            "content": "回复@阳光微凉999:用脑子也知道是输入自己身份证号和学校才能查学历。难道输入别人的身份证号和学校查自己有没有被顶？",
            "time": "20-7-1 08:40"
        },
        {
            "comment id": 23,
            "parent": 25,
            "children": [
                22
            ],
            "user id": "5898619597",
            "user name": "阳光微凉999",
            "content": "回复@东城小西:你自己理清楚了？你连哪一步需要输学校名称都不知道，就来这里怼",
            "time": "20-7-1 08:25"
        },
        {
            "comment id": 24,
            "parent": 40,
            "children": [],
            "user id": "2382648751",
            "user name": "微风的摇曳",
            "content": "回复@阿李向前冲:学信网的态度问题",
            "time": "20-7-1 07:05"
        },
        {
            "comment id": 25,
            "parent": 12,
            "children": [
                23
            ],
            "user id": "1239083227",
            "user name": "东城小西",
            "content": "输入自己的身份证号，可以查自己有没有被别人顶替？你逻辑都没搞清楚。",
            "time": "20-7-1 06:42"
        },
        {
            "comment id": 26,
            "parent": 40,
            "children": [],
            "user id": "1798684682",
            "user name": "暮光第七部",
            "content": "回复@阿李向前冲:不懂就问：还有哪个渠道可以查的，而且比较权威？因为入职、考研之类的学历认证全都要通过学信网，几乎都制定学信网",
            "time": "20-7-1 06:28"
        },
        {
            "comment id": 27,
            "parent": 12,
            "children": [],
            "user id": "1747352892",
            "user name": "你这大胆刁民",
            "content": "因为最近网上有教程，教怎么上学信网查被冒名顶替，再怎么通过个税查询到顶替者所在单位！！所以才多处学信网改版的事，明显就是怕查出来顶替者太多，事情闹大了收拾不住！",
            "time": "20-7-1 00:22"
        },
        {
            "comment id": 28,
            "parent": 12,
            "children": [],
            "user id": "6366844007",
            "user name": "千城一旅",
            "content": "回复@废柴炖咸鱼:为什么是多此一举？你的身份证号现在到处都是，加一层验证不好吗？（个人觉得没必要，但感觉多一层验证挺好的）有人用过学信网查自己有没有被顶替吗？上大学哪个不需要自己注册学信网？",
            "time": "20-6-30 23:34"
        },
        {
            "comment id": 29,
            "parent": 12,
            "children": [],
            "user id": "6366844007",
            "user name": "千城一旅",
            "content": "回复@废柴炖咸鱼:我今天试了不需要，我一直不需要，有可能是我以前验证过，还有就是需要和顶替事件有什么关系？这个在网上不是能看到吗？去年就有人问过这个问题了",
            "time": "20-6-30 23:03"
        },
        {
            "comment id": 30,
            "parent": 12,
            "children": [],
            "user id": "5898619597",
            "user name": "阳光微凉999",
            "content": "回复@Adria-_:加验证是有必要的，但是十几年前的人不可能知道被顶替了后是哪所学院的，我是指这个不合理，学生数量庞大，难道唯一标识的身份证号不是更好吗",
            "time": "20-6-30 21:34"
        },
        {
            "comment id": 31,
            "parent": 12,
            "children": [],
            "user id": "6050534242",
            "user name": "Andreaeai",
            "content": "学生数量很大  加一层学校验证反而是必要的",
            "time": "20-6-30 21:32"
        },
        {
            "comment id": 32,
            "parent": 12,
            "children": [],
            "user id": "6050534242",
            "user name": "Andreaeai",
            "content": "我是这么想的  顶替学籍利用的就是信息差（信息不联网）考生信息全部联网也是之后的事儿  学信网应该也只能查到2001年以后的学籍信息  那么用学信网取消输入学校只输身份证号的方法来验证是否被顶替 我个人觉得作用也不大 很多被顶替的人都是在联网前受害的  同时 出于保护个人信息安全",
            "time": "20-6-30 21:31"
        },
        {
            "comment id": 33,
            "parent": 12,
            "children": [],
            "user id": "5391273746",
            "user name": "带货一哥板蓝根",
            "content": "就是，学信网账号密码身份证机制，还不够安全吗？大不了加个验证码。",
            "time": "20-6-30 21:30"
        },
        {
            "comment id": 34,
            "parent": 12,
            "children": [],
            "user id": "5898619597",
            "user name": "阳光微凉999",
            "content": "回复@Adria-_:只要这个能查到不就好了 查看图片",
            "time": "20-6-30 21:14"
        },
        {
            "comment id": 35,
            "parent": 12,
            "children": [],
            "user id": "5898619597",
            "user name": "阳光微凉999",
            "content": "回复@Adria-_:而且没有从小到大的，只查高等教育信息就好了",
            "time": "20-6-30 21:13"
        },
        {
            "comment id": 36,
            "parent": 12,
            "children": [],
            "user id": "5898619597",
            "user name": "阳光微凉999",
            "content": "回复@Adria-_:那一次性的学校认证就认真了吗",
            "time": "20-6-30 21:12"
        },
        {
            "comment id": 37,
            "parent": 12,
            "children": [],
            "user id": "5898619597",
            "user name": "阳光微凉999",
            "content": "回复@Adria-_:关键是不知道人家拿了你的分，报了啥学校啊",
            "time": "20-6-30 21:11"
        },
        {
            "comment id": 38,
            "parent": 12,
            "children": [],
            "user id": "6050534242",
            "user name": "Andreaeai",
            "content": "回复 @阳光微凉999:如果怀疑被顶替 可以联系学校招生办（这些都可以联系到）验证",
            "time": "20-6-30 21:10"
        },
        {
            "comment id": 39,
            "parent": 12,
            "children": [],
            "user id": "6050534242",
            "user name": "Andreaeai",
            "content": "回复 @阳光微凉999:让学信网取消学校认证直接输入身份证号就能查到从小到大所有的学籍信息你难道不觉得更荒唐",
            "time": "20-6-30 21:08"
        },
        {
            "comment id": 40,
            "parent": 12,
            "children": [
                17,
                24,
                26
            ],
            "user id": "6440896695",
            "user name": "阿李向前冲",
            "content": "回复@阳光微凉999:不知道为什么这么多不一样的，我刚才登进去不需要输入。",
            "time": "20-6-30 21:01"
        },
        {
            "comment id": 41,
            "parent": -1,
            "children": [
                43,
                44,
                46,
                47
            ],
            "user id": "5742084378",
            "user name": "微凉_min",
            "content": "我记得学信网账号是自己注册的吧，被顶替的没密码都登录不上学信网，更别提还查学历了，最多就是被顶替之人去注册的时候，发现自己身份证号已经注册了，说到底这学信网就不是用来查你有没有被顶替的好叭，微博“睿智”真多",
            "time": "20-6-30 21:49"
        },
        {
            "comment id": 42,
            "parent": 43,
            "children": [],
            "user id": "1631481004",
            "user name": "实用星人",
            "content": "回复@瑹叶:用人单位核实是用你的毕业证编号核实，有别的渠道。 知道个身份证号就能查询，那你岂不是能把全国所有大学生查个遍？",
            "time": "20-7-1 11:50"
        },
        {
            "comment id": 43,
            "parent": 41,
            "children": [
                42
            ],
            "user id": "5236177904",
            "user name": "瑹叶",
            "content": "只需要输入身份证就能看到自己有序学籍学历，这不好吗？不挺方便吗？身份证编码独一无二，为什么要输入正确的毕业院校，用人单位也无法想核实就核实了，",
            "time": "20-7-1 09:58"
        },
        {
            "comment id": 44,
            "parent": 41,
            "children": [],
            "user id": "6679217949",
            "user name": "内外妇儿基础护理学",
            "content": "热搜被撤了这就很有意思了",
            "time": "20-7-1 06:40"
        },
        {
            "comment id": 45,
            "parent": 46,
            "children": [],
            "user id": "5019369632",
            "user name": "骐骥十跃可追风",
            "content": "回复@风雨如晦02:新闻？不是从学籍系统发现的？关学信网什么事？",
            "time": "20-6-30 23:43"
        },
        {
            "comment id": 46,
            "parent": 41,
            "children": [
                45
            ],
            "user id": "7291594203",
            "user name": "风雨如晦02",
            "content": "回复@魏紫晗:多看看新闻",
            "time": "20-6-30 23:12"
        },
        {
            "comment id": 47,
            "parent": 41,
            "children": [],
            "user id": "5019369632",
            "user name": "骐骥十跃可追风",
            "content": "真的，看事情完全不带脑子，顶替者也不是因为学信网发现的问题，就算学信网在这事之后才改版，能把两者联系在一起也够阴谋论的。",
            "time": "20-6-30 21:53"
        },
        {
            "comment id": 48,
            "parent": -1,
            "children": [
                54,
                55,
                56,
                57,
                58,
                59,
                60,
                61,
                63,
                64
            ],
            "user id": "7318713437",
            "user name": "一只徒兮",
            "content": "如果你没有读过大学，根本不会有验证环节。你可以拿你家亲戚的试试",
            "time": "20-6-30 19:41"
        },
        {
            "comment id": 49,
            "parent": 50,
            "children": [],
            "user id": "5758807025",
            "user name": "AeneasLai",
            "content": "回复@一只徒兮:对啊，本来学信网就不是干这个的，欲加之罪",
            "time": "20-7-2 00:08"
        },
        {
            "comment id": 50,
            "parent": 51,
            "children": [
                49
            ],
            "user id": "7318713437",
            "user name": "一只徒兮",
            "content": "回复@AeneasLai:所以说，有人说的学信网包庇之类的话应该是无稽之谈吧？这是共识吧。",
            "time": "20-7-1 22:51"
        },
        {
            "comment id": 51,
            "parent": 52,
            "children": [
                50
            ],
            "user id": "5758807025",
            "user name": "AeneasLai",
            "content": "回复@一只徒兮:首先现在是2020年，学信网是给已经读过大学的人服务的，现在已经不存在被顶替的可能性了（所有录取情况均可网络查询）。 其次，担心以前被顶替过的人应该给予新的验证方法而不是在学信网。",
            "time": "20-7-1 11:06"
        },
        {
            "comment id": 52,
            "parent": 57,
            "children": [
                51
            ],
            "user id": "7318713437",
            "user name": "一只徒兮",
            "content": "回复@AeneasLai:我没有懂你的意思。我的意思是没有读过大学就不需要验证，而你说的是每个人都要验证才安全。可这样的话，没读过的呢？如果理解错了你再解释下。",
            "time": "20-7-1 00:31"
        },
        {
            "comment id": 53,
            "parent": 58,
            "children": [],
            "user id": "7318713437",
            "user name": "一只徒兮",
            "content": "回复@张二攀er:我也是注册几年了，今天下午去看，不验证啥都看不到。",
            "time": "20-7-1 00:29"
        },
        {
            "comment id": 54,
            "parent": 48,
            "children": [],
            "user id": "7076195735",
            "user name": "葡萄冰大蒜",
            "content": "回复@我就想改个名字不让人发现:不是新注册的不用",
            "time": "20-6-30 23:32"
        },
        {
            "comment id": 55,
            "parent": 48,
            "children": [],
            "user id": "6372932776",
            "user name": "务必要做一个安静的人",
            "content": "回复@一一月半尨一一:我查也不用，反正我全程都不用",
            "time": "20-6-30 23:22"
        },
        {
            "comment id": 56,
            "parent": 48,
            "children": [],
            "user id": "2794752165",
            "user name": "一一不惗一一",
            "content": "回复@我就想改个名字不让人发现:登录不需要，但查询学历就需院校",
            "time": "20-6-30 23:21"
        },
        {
            "comment id": 57,
            "parent": 48,
            "children": [
                52
            ],
            "user id": "5758807025",
            "user name": "AeneasLai",
            "content": "新注册肯定要认证啊，不然如果别人能注册你的学信网，那要多可怕，查录取有查录取的渠道",
            "time": "20-6-30 23:16"
        },
        {
            "comment id": 58,
            "parent": 48,
            "children": [
                53
            ],
            "user id": "6062298642",
            "user name": "张二攀er",
            "content": "回复@吓吓是一条麻辣鱼仔:有可能以前输入过的再查看就不需要了",
            "time": "20-6-30 22:20"
        },
        {
            "comment id": 59,
            "parent": 48,
            "children": [],
            "user id": "6372932776",
            "user name": "务必要做一个安静的人",
            "content": "回复@吓吓是一条麻辣鱼仔:我真的不用 网页链接",
            "time": "20-6-30 21:52"
        },
        {
            "comment id": 60,
            "parent": 48,
            "children": [],
            "user id": "6012917360",
            "user name": "落在绿洲",
            "content": "回复@我就想改个名字不让人发现:昨晚我进好像输入了院校",
            "time": "20-6-30 21:50"
        },
        {
            "comment id": 61,
            "parent": 48,
            "children": [],
            "user id": "1394053620",
            "user name": "17是个非酋",
            "content": "回复@我就想改个名字不让人发现:我19年毕业的看学籍档案就需要为啥呢有点迷惑",
            "time": "20-6-30 21:30"
        },
        {
            "comment id": 62,
            "parent": 63,
            "children": [],
            "user id": "3969806942",
            "user name": "加油一只龙",
            "content": "回复@张二攀er:不是 我注册几个月了 今天进去也要输入学校 网页链接",
            "time": "20-6-30 21:28"
        },
        {
            "comment id": 63,
            "parent": 48,
            "children": [
                62
            ],
            "user id": "6062298642",
            "user name": "张二攀er",
            "content": "回复@我就想改个名字不让人发现:那是因为你之前已经输入过了。新注册的查看就需要。",
            "time": "20-6-30 21:24"
        },
        {
            "comment id": 64,
            "parent": 48,
            "children": [],
            "user id": "6372932776",
            "user name": "务必要做一个安静的人",
            "content": "我现在进去都只用输身份证号和密码根本不用输毕业院校",
            "time": "20-6-30 20:45"
        },
        {
            "comment id": 65,
            "parent": -1,
            "children": [
                66,
                68,
                71
            ],
            "user id": "1957628895",
            "user name": "耗社会主义股市羊毛",
            "content": "社会不公",
            "time": "20-6-30 20:38"
        },
        {
            "comment id": 66,
            "parent": 65,
            "children": [],
            "user id": "1998410397",
            "user name": "星星就是兴兴",
            "content": "你先上个大学再说话",
            "time": "20-7-1 14:07"
        },
        {
            "comment id": 67,
            "parent": 71,
            "children": [],
            "user id": "5144972581",
            "user name": "珩雾就是珩雾",
            "content": "回复@过去再见啦:真的，叫唤的还不一定有学历呢哈哈哈哈哈哈",
            "time": "20-7-1 10:07"
        },
        {
            "comment id": 68,
            "parent": 65,
            "children": [],
            "user id": "7102669620",
            "user name": "建议应润尽润",
            "content": "脑子不要",
            "time": "20-7-1 02:49"
        },
        {
            "comment id": 69,
            "parent": 71,
            "children": [],
            "user id": "6168913146",
            "user name": "爱吃葡萄的小蜘蛛",
            "content": "回复@过去再见啦:我今年4月份查过，不用",
            "time": "20-6-30 22:23"
        },
        {
            "comment id": 70,
            "parent": 71,
            "children": [],
            "user id": "2270421070",
            "user name": "还是要加油就算会寂寞",
            "content": "回复@过去再见啦:回复辛苦了",
            "time": "20-6-30 21:49"
        },
        {
            "comment id": 71,
            "parent": 65,
            "children": [
                67,
                69,
                70
            ],
            "user id": "2619703040",
            "user name": "过去再见啦",
            "content": "去年我查就要输入学校，你们才知道",
            "time": "20-6-30 21:46"
        },
        {
            "comment id": 72,
            "parent": -1,
            "children": [
                74,
                75
            ],
            "user id": "5638935465",
            "user name": "灬卲9927",
            "content": "营销号无脑带节奏为保证个人隐私，毕业查学历去年7月份就需要院校。登录查看，一直不需要输入院校，为了就是避免密码泄露，信息泄露。一张图就能带节奏",
            "time": "20-6-30 22:23"
        },
        {
            "comment id": 73,
            "parent": 74,
            "children": [],
            "user id": "2350651613",
            "user name": "吱吱复吱吱_吱吱当户织",
            "content": "回复@小糊罗北:也有人去年六七月就需要了，应该是一步步增加纳入这个系统的人",
            "time": "20-7-1 14:38"
        },
        {
            "comment id": 74,
            "parent": 72,
            "children": [
                73
            ],
            "user id": "6474565316",
            "user name": "小糊罗北",
            "content": "不是的，我一月份登录时候还不需要，昨天登录就需要了。",
            "time": "20-7-1 12:37"
        },
        {
            "comment id": 75,
            "parent": 72,
            "children": [],
            "user id": "1338810643",
            "user name": "笑晨曦NO1",
            "content": "大量学历泄露其实更可怕。哎，明白人太少。",
            "time": "20-7-1 00:29"
        },
        {
            "comment id": 76,
            "parent": -1,
            "children": [
                77,
                78
            ],
            "user id": "6050534242",
            "user name": "Andreaeai",
            "content": "学信网改版根本不是现在的事儿  这节奏也能带 绝了",
            "time": "20-6-30 20:52"
        },
        {
            "comment id": 77,
            "parent": 76,
            "children": [],
            "user id": "6654500673",
            "user name": "阿难陀50592",
            "content": "不是近期改的版，陈春秀怎么查的学信网？",
            "time": "20-7-1 12:13"
        },
        {
            "comment id": 78,
            "parent": 76,
            "children": [],
            "user id": "1338810643",
            "user name": "笑晨曦NO1",
            "content": "学信网改版不是现在的操作。学籍和学历查询窗框不同。重名重号学籍无法注册。最大可能是重名重号无法注册爆出来的。希望别乱带节奏。",
            "time": "20-7-1 00:34"
        },
        {
            "comment id": 79,
            "parent": -1,
            "children": [
                80,
                81,
                82
            ],
            "user id": "3156742555",
            "user name": "Ren者WT",
            "content": "从《新闻周刊》的报道来看，陈春秀是今年五月份查询的学信网，而且是她丈夫帮她查询的，如果那个时候需要输入毕业院校的话，陈春秀的丈夫基本不可能输入正确。从目前的情况来看，输入毕业院校的设置是近期加上去的。",
            "time": "20-7-1 00:14"
        },
        {
            "comment id": 80,
            "parent": 79,
            "children": [],
            "user id": "6474565316",
            "user name": "小糊罗北",
            "content": "我一月份还不需要，昨天需要了",
            "time": "20-7-1 12:38"
        },
        {
            "comment id": 81,
            "parent": 79,
            "children": [],
            "user id": "3156742555",
            "user name": "Ren者WT",
            "content": "回复@热心市民代同学:注册学信网—原号码已注册—可以选择重新注册。这样就可以把原来通过身份证设置的学信网账号注销掉 查看图片",
            "time": "20-7-1 09:39"
        },
        {
            "comment id": 82,
            "parent": 79,
            "children": [],
            "user id": "5743207053",
            "user name": "怎么才能-不秃头",
            "content": "绝对不是近期加的，我去年就需要验证了，还有，她是怎么知道密码的",
            "time": "20-7-1 06:43"
        },
        {
            "comment id": 83,
            "parent": -1,
            "children": [],
            "user id": "5146278684",
            "user name": "迷妹画报",
            "content": "",
            "time": "20-6-30 17:21"
        },
        {
            "comment id": 84,
            "parent": -1,
            "children": [
                85,
                86,
                87,
                88,
                89
            ],
            "user id": "2552945483",
            "user name": "风雨行舟的年代",
            "content": "可以骂人吗？你们真要让中国教育彻底无望吗？",
            "time": "20-6-30 21:35"
        },
        {
            "comment id": 85,
            "parent": 84,
            "children": [],
            "user id": "6641161955",
            "user name": "含灵小生",
            "content": "回复@阿宇哥_x:？？？",
            "time": "20-7-1 13:43"
        },
        {
            "comment id": 86,
            "parent": 84,
            "children": [],
            "user id": "6641161955",
            "user name": "含灵小生",
            "content": "回复@阿宇哥_x:既然是上过大学的人，阴阳怪气没意思",
            "time": "20-7-1 11:35"
        },
        {
            "comment id": 87,
            "parent": 84,
            "children": [],
            "user id": "6641161955",
            "user name": "含灵小生",
            "content": "回复@阿宇哥_x:？你先上过学再说吧",
            "time": "20-7-1 11:03"
        },
        {
            "comment id": 88,
            "parent": 84,
            "children": [],
            "user id": "7015399718",
            "user name": "不苦小妹",
            "content": "回复@阿宇哥_x:别被带节奏OK？ 用自己的脑子好好想想",
            "time": "20-7-1 10:41"
        },
        {
            "comment id": 89,
            "parent": 84,
            "children": [],
            "user id": "2619703040",
            "user name": "过去再见啦",
            "content": "去年我查就要输入学校，你们才知道",
            "time": "20-6-30 21:46"
        },
        {
            "comment id": 90,
            "parent": -1,
            "children": [],
            "user id": "5719836546",
            "user name": "电影拆台君",
            "content": "",
            "time": "20-6-30 22:44"
        },
        {
            "comment id": 91,
            "parent": -1,
            "children": [],
            "user id": "2189655265",
            "user name": "影视日历",
            "content": "哪里不要脸了，博主挺住",
            "time": "20-7-1 13:35"
        },
        {
            "comment id": 92,
            "parent": -1,
            "children": [
                96
            ],
            "user id": "1801773284",
            "user name": "西门吹水-1874",
            "content": "这波操作简直了",
            "time": "20-6-30 21:43"
        },
        {
            "comment id": 93,
            "parent": 94,
            "children": [],
            "user id": "2619703040",
            "user name": "过去再见啦",
            "content": "回复@瑹叶:难怪，海外账号，还以为高中生了，原来是条狗🐶",
            "time": "20-7-1 10:33"
        },
        {
            "comment id": 94,
            "parent": 96,
            "children": [
                93
            ],
            "user id": "5236177904",
            "user name": "瑹叶",
            "content": "回复@过去再见啦:就算你混淆视听说去年就改了所以呢？改的好吗，就撇清了吗？",
            "time": "20-7-1 10:01"
        },
        {
            "comment id": 95,
            "parent": 96,
            "children": [],
            "user id": "5593494674",
            "user name": "林林的木林森",
            "content": "回复@过去再见啦:我疫情期间在家没事还登了学信网，查了学籍就不需要输入学校，但是今天查也需要了，可能每个学校开始要求输入毕竟学校时间不一致吧。",
            "time": "20-7-1 09:07"
        },
        {
            "comment id": 96,
            "parent": 92,
            "children": [
                94,
                95
            ],
            "user id": "2619703040",
            "user name": "过去再见啦",
            "content": "去年我查就要输入学校，你们才知道",
            "time": "20-6-30 21:46"
        },
        {
            "comment id": 97,
            "parent": -1,
            "children": [
                98,
                99
            ],
            "user id": "5393547593",
            "user name": "靠脸吃饭的罗医生",
            "content": "牛逼了学信网，真的很不满",
            "time": "20-6-30 20:48"
        },
        {
            "comment id": 98,
            "parent": 97,
            "children": [],
            "user id": "6641161955",
            "user name": "含灵小生",
            "content": "你先上过学再不满",
            "time": "20-7-1 11:04"
        },
        {
            "comment id": 99,
            "parent": 97,
            "children": [],
            "user id": "2619703040",
            "user name": "过去再见啦",
            "content": "去年我查就要输入学校，你们才知道",
            "time": "20-6-30 21:46"
        },
        {
            "comment id": 100,
            "parent": -1,
            "children": [
                101,
                102,
                103,
                104,
                105,
                106,
                107,
                108
            ],
            "user id": "1173650865",
            "user name": "Cynthia_WangHJ",
            "content": "本来看内容够令人绝望了吧，再看评论真的是立马吐血。为什么永远有人洗地，永远有人跳出来义正言辞地警告你“不要带节奏”而罔顾最最根本的事实？",
            "time": "20-7-1 07:13"
        },
        {
            "comment id": 101,
            "parent": 100,
            "children": [],
            "user id": "2623281271",
            "user name": "刘帅1991传奇",
            "content": "花钱顾的水军 不要在意这帮狗腿子",
            "time": "20-7-1 21:19"
        },
        {
            "comment id": 102,
            "parent": 100,
            "children": [],
            "user id": "3583933701",
            "user name": "-泛柏舟-",
            "content": "现在再看看谁打脸",
            "time": "20-7-1 14:37"
        },
        {
            "comment id": 103,
            "parent": 100,
            "children": [],
            "user id": "2266329911",
            "user name": "绝世风云666",
            "content": "就是因为有你这种连基本情况都不知道海外恨国党乱带节奏",
            "time": "20-7-1 12:38"
        },
        {
            "comment id": 104,
            "parent": 100,
            "children": [],
            "user id": "6282095578",
            "user name": "一只小松木",
            "content": "回复@愚不苦:说5毛的多是恨国党，只要你不跟他一起骂就会被扣帽子",
            "time": "20-7-1 12:31"
        },
        {
            "comment id": 105,
            "parent": 100,
            "children": [],
            "user id": "7015399718",
            "user name": "不苦小妹",
            "content": "回复@此鱼不在河沟:？？？？？你哪只眼睛看到我拿钱了 张口闭口讲黑话哦？ 你就是神算子？",
            "time": "20-7-1 12:00"
        },
        {
            "comment id": 106,
            "parent": 100,
            "children": [],
            "user id": "1173650865",
            "user name": "Cynthia_WangHJ",
            "content": "回复@愚不苦:我又不像你，为了5毛钱被打脸。",
            "time": "20-7-1 11:59"
        },
        {
            "comment id": 107,
            "parent": 100,
            "children": [],
            "user id": "7015399718",
            "user name": "不苦小妹",
            "content": "那你清楚事实是什么吗？ 你永远都不了解真正的东西就开麦 还说别人洗地 脸被打的疼不疼啊？",
            "time": "20-7-1 10:43"
        },
        {
            "comment id": 108,
            "parent": 100,
            "children": [],
            "user id": "5901056687",
            "user name": "Always-plant",
            "content": "你怕是连事实是什么都不清楚",
            "time": "20-7-1 07:59"
        },
        {
            "comment id": 109,
            "parent": -1,
            "children": [
                140
            ],
            "user id": "5129917904",
            "user name": "地球时间线",
            "content": "@学信网 为虎作伥。早就关闭了评论。这波操作完美。 ",
            "time": "20-7-1 06:57"
        },
        {
            "comment id": 110,
            "parent": 112,
            "children": [],
            "user id": "2266329911",
            "user name": "绝世风云666",
            "content": "回复@Always-plant:别跟杠精对线了，人家就不认理就认自己的观点，心平气和看他们上蹿下跳就好",
            "time": "20-7-1 12:41"
        },
        {
            "comment id": 111,
            "parent": 112,
            "children": [],
            "user id": "5129917904",
            "user name": "地球时间线",
            "content": "回复@Always-plant:要不说你不懂传媒呢！网友不这样玩这样说，你觉得那些老爷会重视会改？",
            "time": "20-7-1 12:14"
        },
        {
            "comment id": 112,
            "parent": 113,
            "children": [
                110,
                111
            ],
            "user id": "5901056687",
            "user name": "Always-plant",
            "content": "回复@地球时间线:我说的是，学信网增加学校名称验证学籍和掩盖顶替者无关。一个身份证号对应一个人～自己查是否被顶替的办法多了去了，自己不动脑子就别怨别人～再见～",
            "time": "20-7-1 12:05"
        },
        {
            "comment id": 113,
            "parent": 114,
            "children": [
                112
            ],
            "user id": "5129917904",
            "user name": "地球时间线",
            "content": "回复@Always-plant:什么叫无关？你的意思，有没有被顶替，不是学信网的事？与教育部无关？",
            "time": "20-7-1 11:59"
        },
        {
            "comment id": 114,
            "parent": 115,
            "children": [
                113
            ],
            "user id": "5901056687",
            "user name": "Always-plant",
            "content": "回复@地球时间线:不是意思哦，我说的是，增加学校姓名和被顶替者查自己学籍这两件事无关，你自己的事，你去学信网查～",
            "time": "20-7-1 11:57"
        },
        {
            "comment id": 115,
            "parent": 116,
            "children": [
                114
            ],
            "user id": "5129917904",
            "user name": "地球时间线",
            "content": "回复@Always-plant:我有没有被迫害不重要。你就告诉92年的我，注册了，怎么查有没有被顶替足矣。",
            "time": "20-7-1 11:36"
        },
        {
            "comment id": 116,
            "parent": 117,
            "children": [
                115
            ],
            "user id": "5901056687",
            "user name": "Always-plant",
            "content": "回复@地球时间线:所以你都不信呗，全天下就你最懂最明白，就你被整个世界迫害了",
            "time": "20-7-1 11:26"
        },
        {
            "comment id": 117,
            "parent": 118,
            "children": [
                116
            ],
            "user id": "5129917904",
            "user name": "地球时间线",
            "content": "回复@Always-plant:切，这不正是证实了人家的说法吗？以为你最近的举报事件是第一个爆出吗？说你不懂传媒，还不服。",
            "time": "20-7-1 11:21"
        },
        {
            "comment id": 118,
            "parent": 119,
            "children": [
                117
            ],
            "user id": "5901056687",
            "user name": "Always-plant",
            "content": "回复@地球时间线:来，看看，这就你所谓的增加学校名字就是为了掩盖顶替者 查看图片",
            "time": "20-7-1 11:18"
        },
        {
            "comment id": 119,
            "parent": 120,
            "children": [
                118
            ],
            "user id": "5129917904",
            "user name": "地球时间线",
            "content": "回复@Always-plant:你是不是傻子啊？92年有个屁的学信网，任何人都可以注册。注册完了怎么查有没有顶替。说你没脑子，没良心还不服！",
            "time": "20-7-1 11:17"
        },
        {
            "comment id": 120,
            "parent": 121,
            "children": [
                119
            ],
            "user id": "5901056687",
            "user name": "Always-plant",
            "content": "回复@地球时间线:你倒是去注册啊，你注册完不就知道了？我能知道你自己是什么情况？搞得我好想能知道你注册账号密码一样",
            "time": "20-7-1 11:15"
        },
        {
            "comment id": 121,
            "parent": 122,
            "children": [
                120
            ],
            "user id": "5129917904",
            "user name": "地球时间线",
            "content": "回复@Always-plant:别转进，你就告诉我，我能注册，是不是一定代表我没有被顶替。假设我只是高中毕业。",
            "time": "20-7-1 11:07"
        },
        {
            "comment id": 122,
            "parent": 123,
            "children": [
                121
            ],
            "user id": "5901056687",
            "user name": "Always-plant",
            "content": "回复@地球时间线:你现在无法注册，和你说的增加学校名字这一步有什么关系？一开始说的是什么？说的是增加学校名字是不是在掩盖顶替者？呵，查出来的办法多了去了，你连登陆都登陆不进去你还查学籍？搞笑呢？",
            "time": "20-7-1 11:05"
        },
        {
            "comment id": 123,
            "parent": 124,
            "children": [
                122
            ],
            "user id": "5129917904",
            "user name": "地球时间线",
            "content": "回复@Always-plant:OK,这个难为你了。换一个，我能注册，是不是代表我一定没有被顶替？",
            "time": "20-7-1 11:04"
        },
        {
            "comment id": 124,
            "parent": 126,
            "children": [
                123
            ],
            "user id": "5901056687",
            "user name": "Always-plant",
            "content": "回复@地球时间线:你去问专业的人啊，我又不是学信网客服，我还能给你说个原因？",
            "time": "20-7-1 11:03"
        },
        {
            "comment id": 125,
            "parent": 126,
            "children": [],
            "user id": "5901056687",
            "user name": "Always-plant",
            "content": "回复@地球时间线:跟你说了一开始是有触发机制的，你银行卡是不是也是实名注册的吧？你每次取钱也要输入密码吧？所以你就觉得既然已经实名银行卡了，那就不需要各种安全策略呗",
            "time": "20-7-1 11:02"
        },
        {
            "comment id": 126,
            "parent": 127,
            "children": [
                124,
                125
            ],
            "user id": "5129917904",
            "user name": "地球时间线",
            "content": "回复@Always-plant:来。你就给我个具体分析，我现在无法注册，提示有人注册了。你给我分析一下这是什么原因。",
            "time": "20-7-1 11:01"
        },
        {
            "comment id": 127,
            "parent": 128,
            "children": [
                126
            ],
            "user id": "5901056687",
            "user name": "Always-plant",
            "content": "回复@地球时间线:你意思不就是这是实在掩盖顶替者呗？所以你就觉得被顶替者能绕开第一步呗，被顶替的人都是高手登陆账号不需要密码呗",
            "time": "20-7-1 11:00"
        },
        {
            "comment id": 128,
            "parent": 129,
            "children": [
                127
            ],
            "user id": "5129917904",
            "user name": "地球时间线",
            "content": "回复@Always-plant:再进一步说，既然用身份证注册了，那就是默认了是实名注册。搞个五次填写院校，这是干嘛？不是给假身份证为虎作伥是啥？反而真人自己注册的查看不了，不搞笑吗？",
            "time": "20-7-1 10:59"
        },
        {
            "comment id": 129,
            "parent": 130,
            "children": [
                128
            ],
            "user id": "5901056687",
            "user name": "Always-plant",
            "content": "回复@地球时间线:怎么？无法注册你就一定被顶替了？看到不到我说的具体情况具体分析？登陆进去后才能进行学籍验证，现在加一个让你输入学校名字就是掩盖顶替者了？被顶替者就直接能登陆了？你就是这样想的？",
            "time": "20-7-1 10:58"
        },
        {
            "comment id": 130,
            "parent": 131,
            "children": [
                129
            ],
            "user id": "5129917904",
            "user name": "地球时间线",
            "content": "回复@Always-plant:第一。山东师范大学是不是假的我还是知道的。第二，20年前左右有个屁的学信网。还上学就注册呢。别转进，你就告诉我，我无法注册账号，是不是一定代表我被顶替了？",
            "time": "20-7-1 10:53"
        },
        {
            "comment id": 131,
            "parent": 132,
            "children": [
                130
            ],
            "user id": "5901056687",
            "user name": "Always-plant",
            "content": "回复@地球时间线:第一，具体情况需具体分析，不能一概而论；第二，上学就要注册，你怕是上了个假大学。",
            "time": "20-7-1 10:47"
        },
        {
            "comment id": 132,
            "parent": 133,
            "children": [
                131
            ],
            "user id": "5129917904",
            "user name": "地球时间线",
            "content": "回复@Always-plant:第一，身份证被提前注册了。我注册不了，是不是代表我被顶替了？第二，没有提前被注册。我能注册，但是要填毕业院校，我怎么知道？你到底能不能get到知识点？",
            "time": "20-7-1 10:39"
        },
        {
            "comment id": 133,
            "parent": 134,
            "children": [
                132
            ],
            "user id": "5901056687",
            "user name": "Always-plant",
            "content": "回复@地球时间线:我现在就问你，你被顶替了，你怎么绕过登陆学信网的第一步去进行学籍查询？你怎么就得出了这是为了掩盖顶替人？",
            "time": "20-7-1 10:31"
        },
        {
            "comment id": 134,
            "parent": 135,
            "children": [
                133
            ],
            "user id": "5129917904",
            "user name": "地球时间线",
            "content": "回复@Always-plant:就算是无法注册俩人代表是被顶替了吗？",
            "time": "20-7-1 10:25"
        },
        {
            "comment id": 135,
            "parent": 136,
            "children": [
                134
            ],
            "user id": "5901056687",
            "user name": "Always-plant",
            "content": "回复@地球时间线:哦？你觉得一个身份证号能注册两次？你怎么操作的，展示下",
            "time": "20-7-1 10:21"
        },
        {
            "comment id": 136,
            "parent": 137,
            "children": [
                135
            ],
            "user id": "5129917904",
            "user name": "地球时间线",
            "content": "回复@Always-plant:注册一下很难吗？ 查看图片",
            "time": "20-7-1 10:19"
        },
        {
            "comment id": 137,
            "parent": 139,
            "children": [
                136
            ],
            "user id": "5901056687",
            "user name": "Always-plant",
            "content": "回复@地球时间线:来你说说看，你没有账号喝密码的情况下怎么登陆学信网查学籍，来，告诉我",
            "time": "20-7-1 10:16"
        },
        {
            "comment id": 138,
            "parent": 139,
            "children": [],
            "user id": "5901056687",
            "user name": "Always-plant",
            "content": "回复@地球时间线:那你觉得被顶替的能知道登陆密码？你被顶替了，你能绕开第一步登陆就去查询？自己动脑子思考了么？",
            "time": "20-7-1 10:16"
        },
        {
            "comment id": 139,
            "parent": 140,
            "children": [
                137,
                138
            ],
            "user id": "5129917904",
            "user name": "地球时间线",
            "content": "回复@Always-plant:查询和登录是一回事吗？你不是没脑子，你是没良心➕ 不懂传媒",
            "time": "20-7-1 10:12"
        },
        {
            "comment id": 140,
            "parent": 109,
            "children": [
                139
            ],
            "user id": "5901056687",
            "user name": "Always-plant",
            "content": "带点脑子吧，你倒是去登陆下学信网",
            "time": "20-7-1 08:00"
        },
        {
            "comment id": 141,
            "parent": -1,
            "children": [],
            "user id": "5107774610",
            "user name": "寒上蛮",
            "content": "制度自信👍",
            "time": "20-6-30 20:28"
        },
        {
            "comment id": 142,
            "parent": -1,
            "children": [],
            "user id": "5413686368",
            "user name": "意志坚定的强迫症患者",
            "content": "这一波操作。。。好迷啊。。 为了保护被顶替者的合法权益！我们坚决不让你知道你被顶替了！",
            "time": "20-7-1 06:46"
        },
        {
            "comment id": 143,
            "parent": -1,
            "children": [
                144
            ],
            "user id": "3988792958",
            "user name": "WUHUWUHUHA",
            "content": "@潘布朗柯里昂 哈哈哈哈哈哈哈哈",
            "time": "20-6-30 21:37"
        },
        {
            "comment id": 144,
            "parent": 143,
            "children": [],
            "user id": "5533077080",
            "user name": "荣耀挖挖机",
            "content": "👏 这波太明显了 苏联笑话都自愧不如",
            "time": "20-7-1 00:05"
        },
        {
            "comment id": 145,
            "parent": -1,
            "children": [],
            "user id": "1880299314",
            "user name": "我是蠢萌蠢萌的繁衍呀",
            "content": "去年就要选学历了。。。我们公司爬数据的，去年学信网就改版了，要选学历，还有五次错误机会，为了这个，我们开发还搞了好久，都没多少账号测试，印象超级深",
            "time": "20-7-1 06:27"
        },
        {
            "comment id": 146,
            "parent": -1,
            "children": [],
            "user id": "6910076637",
            "user name": "认真的尼莫酱",
            "content": "不是。。。我看其他博主发的，好像早就这样设置了。。。这信息是不是有误",
            "time": "20-6-30 19:47"
        },
        {
            "comment id": 147,
            "parent": -1,
            "children": [],
            "user id": "5461290491",
            "user name": "AI蜕",
            "content": "这个之前就是这样了，希望这次提出来会改",
            "time": "20-6-30 19:42"
        },
        {
            "comment id": 148,
            "parent": -1,
            "children": [],
            "user id": "2212659497",
            "user name": "福蝶苏",
            "content": "感觉这里埋了个大瓜呀 为了避免别人发现埋的更深了一点",
            "time": "20-6-30 23:03"
        },
        {
            "comment id": 149,
            "parent": -1,
            "children": [],
            "user id": "5144972581",
            "user name": "珩雾就是珩雾",
            "content": "微博本科率不足百分之一铁锤？（杠就是我对）",
            "time": "20-7-1 10:08"
        },
        {
            "comment id": 150,
            "parent": -1,
            "children": [],
            "user id": "5144972581",
            "user name": "珩雾就是珩雾",
            "content": "别被带节奏了",
            "time": "20-7-1 10:05"
        },
        {
            "comment id": 151,
            "parent": -1,
            "children": [
                152
            ],
            "user id": "1886325085",
            "user name": "大大皮大王",
            "content": "解决不了问题？不要紧！只要解决提出问题的人就解决问题了！！！",
            "time": "20-7-1 07:16"
        },
        {
            "comment id": 152,
            "parent": 151,
            "children": [],
            "user id": "5901056687",
            "user name": "Always-plant",
            "content": "带点脑子吧…自己去看看",
            "time": "20-7-1 07:58"
        },
        {
            "comment id": 153,
            "parent": -1,
            "children": [],
            "user id": "1915869553",
            "user name": "那年1968",
            "content": "不让你查有没有被高考顶替 这样大家都安全了 看来脸这东西不是每个人都需要 去年开始就不让你查了",
            "time": "20-6-30 22:10"
        },
        {
            "comment id": 154,
            "parent": -1,
            "children": [
                155
            ],
            "user id": "1825505381",
            "user name": "MilchZwanzig",
            "content": "fantastic..@猫腚",
            "time": "20-7-1 09:47"
        },
        {
            "comment id": 155,
            "parent": 154,
            "children": [],
            "user id": "2668458941",
            "user name": "猫腚",
            "content": "刚才看到有人说这个是去年就改了的，我也不知道信谁。。不管怎么样就是没人着手搞那些人就是了",
            "time": "20-7-1 10:01"
        },
        {
            "comment id": 156,
            "parent": -1,
            "children": [],
            "user id": "7374094646",
            "user name": "御史大夫重出江湖",
            "content": "脑子是个好东西",
            "time": "20-6-30 23:38"
        },
        {
            "comment id": 157,
            "parent": -1,
            "children": [
                158
            ],
            "user id": "5829325532",
            "user name": "耶诞节多谢烟花",
            "content": "@无情的吃饺子机器",
            "time": "20-6-30 22:11"
        },
        {
            "comment id": 158,
            "parent": 157,
            "children": [],
            "user id": "5641597299",
            "user name": "VibingCat",
            "content": "，。。。。。。",
            "time": "20-6-30 22:12"
        },
        {
            "comment id": 159,
            "parent": -1,
            "children": [],
            "user id": "7339062184",
            "user name": "我像是一个僵尸号",
            "content": "为什么不能评论",
            "time": "20-6-30 21:54"
        },
        {
            "comment id": 160,
            "parent": -1,
            "children": [],
            "user id": "5710632861",
            "user name": "Vivian是鱼",
            "content": "真堵得慌……无法言喻。",
            "time": "20-6-30 21:01"
        },
        {
            "comment id": 161,
            "parent": -1,
            "children": [],
            "user id": "1650800227",
            "user name": "一条没梦想de咸鱼",
            "content": "建议删了  多看多听",
            "time": "20-6-30 19:58"
        },
        {
            "comment id": 162,
            "parent": -1,
            "children": [
                163
            ],
            "user id": "3052912103",
            "user name": "大叔的奇幻世界",
            "content": "多渠道获取消息，多听，多看，再下结论，一句话，提升自身修养",
            "time": "20-6-30 19:48"
        },
        {
            "comment id": 163,
            "parent": 162,
            "children": [],
            "user id": "2234911841",
            "user name": "-LJX666",
            "content": "哈哈哈",
            "time": "20-7-1 00:34"
        },
        {
            "comment id": 164,
            "parent": -1,
            "children": [],
            "user id": "2943011291",
            "user name": "慕哲的小慕桥",
            "content": "可以用证件人工查询，不一定需要院校 ",
            "time": "20-7-1 12:33"
        },
        {
            "comment id": 165,
            "parent": -1,
            "children": [],
            "user id": "2197952801",
            "user name": "申绅呐",
            "content": "带节奏的是真多",
            "time": "20-7-1 09:50"
        },
        {
            "comment id": 166,
            "parent": -1,
            "children": [],
            "user id": "1854237187",
            "user name": "百里府院吉祥喵",
            "content": "九几年顶替的人是不是都成领导了？怎么解决提问题的人这么稳准狠呢",
            "time": "20-7-1 09:48"
        },
        {
            "comment id": 167,
            "parent": -1,
            "children": [],
            "user id": "1569824305",
            "user name": "Luo玩笑",
            "content": "真会带节奏，去年早就改了",
            "time": "20-7-1 09:45"
        },
        {
            "comment id": 168,
            "parent": -1,
            "children": [],
            "user id": "1758330755",
            "user name": "李丕",
            "content": "太恐怖了",
            "time": "20-7-1 09:35"
        },
        {
            "comment id": 169,
            "parent": -1,
            "children": [],
            "user id": "1110722297",
            "user name": "古曲自爱",
            "content": "社会从此稳定了",
            "time": "20-7-1 09:28"
        },
        {
            "comment id": 170,
            "parent": -1,
            "children": [],
            "user id": "5871623429",
            "user name": "云来云去2022",
            "content": "又是被差点气昏过去的一天",
            "time": "20-7-1 09:04"
        },
        {
            "comment id": 171,
            "parent": -1,
            "children": [],
            "user id": "5360275184",
            "user name": "西瓜味儿珍宝珠",
            "content": "别带节奏了，nt",
            "time": "20-7-1 06:40"
        },
        {
            "comment id": 172,
            "parent": -1,
            "children": [],
            "user id": "2215713177",
            "user name": "Jennywilli",
            "content": "满满的恶意……这网站",
            "time": "20-7-1 02:38"
        },
        {
            "comment id": 173,
            "parent": -1,
            "children": [],
            "user id": "6586148799",
            "user name": "小朋友的冲浪日记",
            "content": "🐮 🐮🐮🐮查！狠狠查！不知道有多少被顶替",
            "time": "20-6-30 23:41"
        },
        {
            "comment id": 174,
            "parent": -1,
            "children": [],
            "user id": "5344625366",
            "user name": "是琛琛李哦",
            "content": "真恶心",
            "time": "20-6-30 23:09"
        },
        {
            "comment id": 175,
            "parent": -1,
            "children": [],
            "user id": "6124656715",
            "user name": "歌手陈丽娜",
            "content": "学信网是教育部官方的吧，这是被坏人黑了吗？请教育部解答。",
            "time": "20-6-30 23:07"
        },
        {
            "comment id": 176,
            "parent": -1,
            "children": [],
            "user id": "1211254005",
            "user name": "小太阳博士PKU",
            "content": "遇到问题，把问题划掉就没有问题了！",
            "time": "20-6-30 22:41"
        },
        {
            "comment id": 177,
            "parent": -1,
            "children": [],
            "user id": "2135547542",
            "user name": "厦门叶锋",
            "content": "看来影响稳定大局了",
            "time": "20-6-30 22:26"
        },
        {
            "comment id": 178,
            "parent": -1,
            "children": [],
            "user id": "2111398947",
            "user name": "大周隹小贡菊",
            "content": "欲盖弥彰",
            "time": "20-6-30 21:44"
        },
        {
            "comment id": 179,
            "parent": -1,
            "children": [],
            "user id": "5150435616",
            "user name": "睡欲渐浓",
            "content": "心里真的有鬼了吧",
            "time": "20-6-30 21:41"
        },
        {
            "comment id": 180,
            "parent": -1,
            "children": [
                181
            ],
            "user id": "6276056844",
            "user name": "我要长记性111111",
            "content": "额，不是回复了吗？1.5月就改了2.没有院校可以通过人工客服查",
            "time": "20-7-1 13:51"
        },
        {
            "comment id": 181,
            "parent": 180,
            "children": [],
            "user id": "5171983859",
            "user name": "一杯田奶茶",
            "content": "又是一个想蹭着国家热点火的人罢了 前朝的剑来斩当朝的官 看一乐呵就行了",
            "time": "20-7-1 14:27"
        },
        {
            "comment id": 182,
            "parent": -1,
            "children": [],
            "user id": "6032002884",
            "user name": "没伞的孩子在雨中奔跑",
            "content": "学信网真的牛逼，我无话可说了，打着为别人好的旗号干的却是这种害人的事",
            "time": "20-7-1 12:16"
        },
        {
            "comment id": 183,
            "parent": -1,
            "children": [
                185
            ],
            "user id": "1677268527",
            "user name": "大艺术家母骡",
            "content": "实锤造谣了",
            "time": "20-7-1 11:56"
        },
        {
            "comment id": 184,
            "parent": 185,
            "children": [],
            "user id": "5735207522",
            "user name": "飞天小猫_20999",
            "content": "回复@马上去漂泊:学信网澄清2019年5月就已经改需要输入学校名称了。",
            "time": "20-7-1 13:21"
        },
        {
            "comment id": 185,
            "parent": 183,
            "children": [
                184
            ],
            "user id": "2075202685",
            "user name": "马上去漂泊",
            "content": "造没造谣您查查看嘛",
            "time": "20-7-1 12:35"
        },
        {
            "comment id": 186,
            "parent": -1,
            "children": [],
            "user id": "6470189031",
            "user name": "挑熙",
            "content": "应该是高层权贵冒名顶替的不少，怕露馅儿",
            "time": "20-7-1 11:10"
        },
        {
            "comment id": 187,
            "parent": -1,
            "children": [],
            "user id": "6592379610",
            "user name": "Maxwell0cc",
            "content": "节奏带了，流量有了，你🐴 没了，值吗",
            "time": "20-7-1 10:02"
        },
        {
            "comment id": 188,
            "parent": -1,
            "children": [],
            "user id": "2721743365",
            "user name": "丢丢岛主",
            "content": "学信网这样做是想早点倒闭 还是为了一根骨头求生存",
            "time": "20-6-30 20:46"
        },
        {
            "comment id": 189,
            "parent": -1,
            "children": [],
            "user id": "7205132563",
            "user name": "海邻_helly",
            "content": "@侠客岛 @人民日报 @中国政府网 请问：是不是P民是不该知道真想的？",
            "time": "20-8-4 12:46"
        },
        {
            "comment id": 190,
            "parent": -1,
            "children": [],
            "user id": "1995042347",
            "user name": "hatton-lau",
            "content": "怎么就不实消息了？？？",
            "time": "20-7-3 22:08"
        },
        {
            "comment id": 191,
            "parent": -1,
            "children": [],
            "user id": "5221162735",
            "user name": "熬夜公爵2012",
            "content": "这个新闻哥是腾讯的那个么？如果是几乎可以相信是假消息。早两年我就取关了，哗众取宠，歪屁股不是一次两次了。",
            "time": "20-7-3 15:05"
        },
        {
            "comment id": 192,
            "parent": -1,
            "children": [],
            "user id": "5549211790",
            "user name": "_LUICE_",
            "content": "你没大学学历吗？",
            "time": "20-7-2 18:21"
        },
        {
            "comment id": 193,
            "parent": -1,
            "children": [],
            "user id": "5238696166",
            "user name": "明月照他林",
            "content": "？",
            "time": "20-7-2 16:33"
        },
        {
            "comment id": 194,
            "parent": -1,
            "children": [],
            "user id": "5482387237",
            "user name": "崂山仙馆",
            "content": "圈圈相护！@求是 ",
            "time": "20-7-2 10:37"
        },
        {
            "comment id": 195,
            "parent": -1,
            "children": [],
            "user id": "5391746572",
            "user name": "IevelynC",
            "content": "真就魔幻。",
            "time": "20-7-1 13:20"
        },
        {
            "comment id": 196,
            "parent": -1,
            "children": [],
            "user id": "3302738781",
            "user name": "Soina5598",
            "content": "微博说，此内容为不实消息，已处理。啥情况",
            "time": "20-7-1 13:13"
        },
        {
            "comment id": 197,
            "parent": -1,
            "children": [],
            "user id": "6557735177",
            "user name": "我不在树在1798",
            "content": "从上到下黑了！",
            "time": "20-7-1 12:34"
        },
        {
            "comment id": 198,
            "parent": -1,
            "children": [],
            "user id": "5854503450",
            "user name": "Chem-Org",
            "content": "学信网账号好久没登了",
            "time": "20-7-1 12:21"
        },
        {
            "comment id": 199,
            "parent": -1,
            "children": [],
            "user id": "5053033500",
            "user name": "给我个毛茸茸的抱枕吧",
            "content": "查了，是真的",
            "time": "20-7-1 11:48"
        },
        {
            "comment id": 200,
            "parent": -1,
            "children": [],
            "user id": "5129917904",
            "user name": "地球时间线",
            "content": "博主说了现在改的吗？",
            "time": "20-7-1 11:45"
        },
        {
            "comment id": 201,
            "parent": -1,
            "children": [],
            "user id": "1322843527",
            "user name": "王宝青",
            "content": "从自己被代表后，就知道冒名顶替将在方方面面层出不穷",
            "time": "20-7-1 11:44"
        },
        {
            "comment id": 202,
            "parent": -1,
            "children": [],
            "user id": "6856148542",
            "user name": "小浩20191102",
            "content": "一年多前改的 狗们又带节奏了",
            "time": "20-7-1 11:11"
        },
        {
            "comment id": 203,
            "parent": -1,
            "children": [],
            "user id": "1659350910",
            "user name": "烟波浩渺_2019",
            "content": "这是狗急跳墙了啊",
            "time": "20-7-1 11:08"
        },
        {
            "comment id": 204,
            "parent": -1,
            "children": [],
            "user id": "5583064401",
            "user name": "灯鲤笙歌",
            "content": "啥玩意？",
            "time": "20-7-1 11:08"
        },
        {
            "comment id": 205,
            "parent": -1,
            "children": [],
            "user id": "2125771544",
            "user name": "Photony",
            "content": "辟谣一下，这个改动是去年就上了的，猜测应该是起到二次验证的效果，防止被拖库。不过看现在这个情况，最好还是改掉这种方式吧- -",
            "time": "20-7-1 11:06"
        },
        {
            "comment id": 206,
            "parent": -1,
            "children": [],
            "user id": "7147873240",
            "user name": "小辣椒我爱吃",
            "content": "废话，再给你们这么查来查去，我们的政府机构岂不是天天再搞冒名顶替学籍这档子狗屎事情了，还要不要正常办公。",
            "time": "20-7-1 10:59"
        },
        {
            "comment id": 207,
            "parent": -1,
            "children": [],
            "user id": "6052868822",
            "user name": "Impbw",
            "content": "节奏狗，一看你没上过大学，早就有了好吧",
            "time": "20-7-1 10:49"
        }
    ]
}