{
    "source": {
        "content": "这个社会咋么了！🙏  ",
        "time": "20-7-4 17:32",
        "user id": "5459929985",
        "tweet id": "J9EP1AT7P",
        "label": 1,
        "theme": null
    },
    "comment": [
        {
            "comment id": 0,
            "parent": -1,
            "children": [],
            "user id": "1825644127",
            "user name": "wgzsir",
            "content": "万恶的考试机制，少年被迫成刷题机器，出到社会也只是生产线一粒棋子，很多学到知识学无可用，",
            "time": "20-7-5 01:02"
        },
        {
            "comment id": 1,
            "parent": -1,
            "children": [
                2
            ],
            "user id": "5247226936",
            "user name": "SpencerHH",
            "content": "假的 学生跳楼是真 老师跳楼这个是假的  官方辟谣了",
            "time": "20-7-5 00:53"
        },
        {
            "comment id": 2,
            "parent": 1,
            "children": [],
            "user id": "6552908500",
            "user name": "某个人的私密小号",
            "content": "局长瑟瑟发抖",
            "time": "20-7-6 09:11"
        },
        {
            "comment id": 3,
            "parent": -1,
            "children": [
                4,
                5,
                6,
                7,
                8,
                9,
                10,
                11,
                12,
                13,
                14,
                15,
                16
            ],
            "user id": "5338068289",
            "user name": "H思敏mhs",
            "content": "作弊必须要严抓，但是当事老师应该在保护学生的自尊心和尊严的前提下采取积极的方法对学生进行批评，而不应该当场就点出学生姓名进行批评。。。",
            "time": "20-7-5 22:24"
        },
        {
            "comment id": 4,
            "parent": 3,
            "children": [],
            "user id": "2118473130",
            "user name": "魂顿顿",
            "content": "额......老师不是神，神都做不到面面俱到",
            "time": "20-7-6 11:36"
        },
        {
            "comment id": 5,
            "parent": 3,
            "children": [],
            "user id": "6050331268",
            "user name": "一米八五的山东矮个子",
            "content": "你怕不是活在梦里哦，我在大学时期，只要被抓到作弊，全校通报批评，拿不到学位证，只能拿毕业证，自己做的孽，自己承受",
            "time": "20-7-6 10:56"
        },
        {
            "comment id": 6,
            "parent": 3,
            "children": [],
            "user id": "5502417402",
            "user name": "坚强tdy",
            "content": "有些考试作弊是要判刑的哦。是违法的哦。违法了还要照顾你的最严吗？弟弟",
            "time": "20-7-6 10:26"
        },
        {
            "comment id": 7,
            "parent": 3,
            "children": [],
            "user id": "1661675103",
            "user name": "hufeitiger",
            "content": "作弊就应该抓。什么都承受不起早晚都得死",
            "time": "20-7-6 10:16"
        },
        {
            "comment id": 8,
            "parent": 3,
            "children": [],
            "user id": "3981980877",
            "user name": "晚饭我要吃肉",
            "content": "你tm都考试开始作弊了还在乎自尊心？？？",
            "time": "20-7-6 09:57"
        },
        {
            "comment id": 9,
            "parent": 3,
            "children": [],
            "user id": "2488408507",
            "user name": "柒柒柒柒七七七777",
            "content": "你去教吧",
            "time": "20-7-6 09:45"
        },
        {
            "comment id": 10,
            "parent": 3,
            "children": [],
            "user id": "2129070633",
            "user name": "老歪经常干坏事",
            "content": "遇到不法侵害的时候，当事人应该在保护违法行为人的自尊心和尊严的前提下，采取积极的方法进行批评，而不应该当场就报警。",
            "time": "20-7-6 09:32"
        },
        {
            "comment id": 11,
            "parent": 3,
            "children": [],
            "user id": "6081155599",
            "user name": "严土拨棒棒哒",
            "content": "不当场点你怎么抓?监考老师不一定认识这个学生，难不成考完去问叫什么名字然后去一千多份试卷里翻他的试卷作废?站着说话不腰疼",
            "time": "20-7-6 08:30"
        },
        {
            "comment id": 12,
            "parent": 3,
            "children": [],
            "user id": "2405794597",
            "user name": "王逼叨逼逼叨叨",
            "content": "我还记得我初中的时候，那个时候还是青春期，因为一件事儿，我跟我爸吵起来了，我说我也有自尊心的～然后我爸一句你有什么自尊心，你要是有自尊心就不会这样了～",
            "time": "20-7-6 08:07"
        },
        {
            "comment id": 13,
            "parent": 3,
            "children": [],
            "user id": "2745818225",
            "user name": "小树乐乐哟",
            "content": "学生的自尊心和尊严是通过作弊建立的？",
            "time": "20-7-6 07:53"
        },
        {
            "comment id": 14,
            "parent": 3,
            "children": [],
            "user id": "6446368253",
            "user name": "Hexw011",
            "content": "看到作弊不当场说？那是纵容！",
            "time": "20-7-6 07:39"
        },
        {
            "comment id": 15,
            "parent": 3,
            "children": [],
            "user id": "3279129487",
            "user name": "哎里嗯咯",
            "content": "典型的自己不要脸还要别人给你脸，要脸别作弊啊，都作弊了还要啥自尊要啥尊严",
            "time": "20-7-6 07:28"
        },
        {
            "comment id": 16,
            "parent": 3,
            "children": [],
            "user id": "2471745341",
            "user name": "末日天堂的树",
            "content": "你理想中的作弊被抓场景是怎样？",
            "time": "20-7-5 23:06"
        },
        {
            "comment id": 17,
            "parent": -1,
            "children": [
                18,
                19,
                20,
                21,
                22,
                23
            ],
            "user id": "2631093601",
            "user name": "老酒醒着喝",
            "content": "难道作弊不应该抓吗",
            "time": "20-7-4 20:00"
        },
        {
            "comment id": 18,
            "parent": 17,
            "children": [],
            "user id": "6339274074",
            "user name": "undefined869",
            "content": "同问，评论在怪教育制度",
            "time": "20-7-6 09:08"
        },
        {
            "comment id": 19,
            "parent": 17,
            "children": [],
            "user id": "5548327037",
            "user name": "wert爱旅行_299",
            "content": "回复@Pihoo:该跳楼的是学校和教育局领导",
            "time": "20-7-6 07:57"
        },
        {
            "comment id": 20,
            "parent": 17,
            "children": [],
            "user id": "6116159455",
            "user name": "月朦胧68_76649",
            "content": "应该。问题是谁跳谁有理，一个跳楼，学校就怕得要死，学校的上级也怕得要死，老师要直面家长，他能怎么办？如果按规则办的老师受罚，以后没有老师会抓了，大家都随便看，你好我好大家好咯。",
            "time": "20-7-6 06:53"
        },
        {
            "comment id": 21,
            "parent": 17,
            "children": [],
            "user id": "1417171684",
            "user name": "午夜音乐星空",
            "content": "作弊的跳楼，抓作弊的逼得也跳楼。现在又探究家长什么什么的。是不是下一步该轮到家长跳楼。作弊的，跳了楼，就有理了？可以逼问老师了？老师跳楼了，就有理了？谁死谁有理？",
            "time": "20-7-6 01:28"
        },
        {
            "comment id": 22,
            "parent": 17,
            "children": [],
            "user id": "5592645204",
            "user name": "盗戝",
            "content": "再跳几个，考试都没必要监考老师了。不然做到作弊，就立即控制起来，叫学生家长来接，至少离开学校之前平平安安",
            "time": "20-7-5 19:32"
        },
        {
            "comment id": 23,
            "parent": 17,
            "children": [],
            "user id": "7412791553",
            "user name": "一念心花",
            "content": "高考作弊跳一个，高考也取消了吧",
            "time": "20-7-5 18:37"
        },
        {
            "comment id": 24,
            "parent": -1,
            "children": [
                25,
                26,
                27,
                28,
                29
            ],
            "user id": "1243477063",
            "user name": "洪怀懋",
            "content": "班主任也这么脆弱？",
            "time": "20-7-5 11:44"
        },
        {
            "comment id": 25,
            "parent": 24,
            "children": [],
            "user id": "5596036182",
            "user name": "这是永远呀",
            "content": "呃？虽然知道班主任跳楼是谣言但还是想说成年人也是人，有更大的生活压力，别要求别人必须强大",
            "time": "20-7-6 10:24"
        },
        {
            "comment id": 26,
            "parent": 24,
            "children": [],
            "user id": "6280659904",
            "user name": "电量只剩百分之1",
            "content": "虽然班主任跳楼辟谣了，不过现在成年人的生活压力比学生的压力可大多了",
            "time": "20-7-6 10:15"
        },
        {
            "comment id": 27,
            "parent": 24,
            "children": [],
            "user id": "2436828693",
            "user name": "叶同志的划水号",
            "content": "学生家长可不是吃素的，会搞到你生活都没法正常进行，他们只想让你偿命那种",
            "time": "20-7-6 09:36"
        },
        {
            "comment id": 28,
            "parent": 24,
            "children": [],
            "user id": "2471745341",
            "user name": "末日天堂的树",
            "content": "假的",
            "time": "20-7-6 09:29"
        },
        {
            "comment id": 29,
            "parent": 24,
            "children": [],
            "user id": "7031456863",
            "user name": "骄阳下的白沙滩",
            "content": "现在的官员，只要有事，就拿下面人背黑锅，和稀泥，息事宁人",
            "time": "20-7-6 01:12"
        },
        {
            "comment id": 30,
            "parent": -1,
            "children": [
                31,
                32,
                33
            ],
            "user id": "1181357057",
            "user name": "李汉喜欢烤白鼠",
            "content": "深圳是这样的，我是医生我深受其害。他们任何事都要顶格管理，病人可以以各种奇葩理由投诉你，包括药房没她想买的药、饮水机没有热水，不给她插队。。。病人投诉你就要去点头哈腰赔礼道歉，这种管理是典型的病人病了要医生吃药，已经严重影响到医院正常医疗工作。",
            "time": "20-7-5 23:15"
        },
        {
            "comment id": 31,
            "parent": 30,
            "children": [],
            "user id": "6212521359",
            "user name": "我的小可爱灬爱菠蕉",
            "content": "所以北上广深不管哪个阶层的人都很自以为是嘛，哈哈",
            "time": "20-7-6 08:48"
        },
        {
            "comment id": 32,
            "parent": 30,
            "children": [],
            "user id": "7448507570",
            "user name": "ZH-乐施",
            "content": "每个职业都会有被投诉的情况，也不止深圳才会发生这样的事！不要被别人影响了自己的心情，开心最重要！！！",
            "time": "20-7-6 04:58"
        },
        {
            "comment id": 33,
            "parent": 30,
            "children": [],
            "user id": "2646834803",
            "user name": "壹知诸的旅行",
            "content": "教育局无能，TMD！这事班主任做得没错，不应该妥协！",
            "time": "20-7-5 23:27"
        },
        {
            "comment id": 34,
            "parent": -1,
            "children": [
                35,
                36,
                40,
                41
            ],
            "user id": "6118069972",
            "user name": "澳门一个卖保险的长腿欧巴",
            "content": "我有个建议，在学生入学的时候，学校应该和家长签订一个免责条款，请家长仔细阅读本校校规，若学生违反校规，可能会受到老师的责骂、惩罚甚至合理的体罚，若由此带来的一切后果，包括学生因此而轻生或者自残，学校概不负责，也概不赔偿。若家长不希望老师管教学生，可以提出申请，单独开一个无人管教班",
            "time": "20-7-6 02:01"
        },
        {
            "comment id": 35,
            "parent": 34,
            "children": [],
            "user id": "6118069972",
            "user name": "澳门一个卖保险的长腿欧巴",
            "content": "当然，无论是客户还是业内人士都不希望出现那种情况。不过我想你可能误解我的意思，我想表述的是风险无处不在，做好全面的保障是必要的。",
            "time": "20-7-6 16:23"
        },
        {
            "comment id": 36,
            "parent": 34,
            "children": [],
            "user id": "2471745341",
            "user name": "末日天堂的树",
            "content": "靠自杀保障亲人么？我认可保险，但不认可这样的方式",
            "time": "20-7-6 16:18"
        },
        {
            "comment id": 37,
            "parent": 38,
            "children": [],
            "user id": "6118069972",
            "user name": "澳门一个卖保险的长腿欧巴",
            "content": "回复@末日天堂的树:其实这是每个人都会面临的问题，如果我走了，可以为家人和子孙留下什么？",
            "time": "20-7-6 15:52"
        },
        {
            "comment id": 38,
            "parent": 39,
            "children": [
                37
            ],
            "user id": "2471745341",
            "user name": "末日天堂的树",
            "content": "回复@澳门一个卖保险的长腿欧巴:活着不香吗？还是买的人自用好了",
            "time": "20-7-6 15:42"
        },
        {
            "comment id": 39,
            "parent": 41,
            "children": [
                38
            ],
            "user id": "6118069972",
            "user name": "澳门一个卖保险的长腿欧巴",
            "content": "回复@末日天堂的树:我们公司接受自杀的理赔，你要不要来买一份？",
            "time": "20-7-6 11:09"
        },
        {
            "comment id": 40,
            "parent": 34,
            "children": [],
            "user id": "6050331268",
            "user name": "一米八五的山东矮个子",
            "content": "有的，只不过是在私立学校，你不签，你交再多的钱也不收",
            "time": "20-7-6 10:58"
        },
        {
            "comment id": 41,
            "parent": 34,
            "children": [
                39
            ],
            "user id": "2471745341",
            "user name": "末日天堂的树",
            "content": "你当保险公司傻呀！哪个保险公司接自杀的理赔？",
            "time": "20-7-6 09:30"
        },
        {
            "comment id": 42,
            "parent": -1,
            "children": [],
            "user id": "1579318190",
            "user name": "奋斗中的小十",
            "content": "网上搜不到了",
            "time": "20-7-4 20:04"
        },
        {
            "comment id": 43,
            "parent": -1,
            "children": [],
            "user id": "1898347461",
            "user name": "FILEPS",
            "content": "现在学生玻璃心",
            "time": "20-7-4 19:10"
        },
        {
            "comment id": 44,
            "parent": -1,
            "children": [],
            "user id": "1296302441",
            "user name": "菲雅姐姐",
            "content": "学校没有担当。为了规避自己的风险选择牺牲老师。",
            "time": "20-7-6 08:08"
        },
        {
            "comment id": 45,
            "parent": -1,
            "children": [],
            "user id": "2462637065",
            "user name": "冷酸灵牙刷",
            "content": "哎。。。",
            "time": "20-7-4 19:07"
        },
        {
            "comment id": 46,
            "parent": -1,
            "children": [],
            "user id": "6445225119",
            "user name": "启飞啊",
            "content": "什么世道？",
            "time": "20-7-4 19:07"
        },
        {
            "comment id": 47,
            "parent": -1,
            "children": [],
            "user id": "7441525234",
            "user name": "举手的姚先生",
            "content": "现在老师整的跟伺候爹似的，不打不骂连说两句都不行了。我闺女没完成作业，老师电话沟通反复提醒我们最近跳楼自杀的挺多一定注意态度，艹，回来就揍了一顿。",
            "time": "20-7-6 05:59"
        },
        {
            "comment id": 48,
            "parent": -1,
            "children": [],
            "user id": "7392372744",
            "user name": "Mlu_惟",
            "content": "你这样传图片，散布假消息是需要负法律责任的，博主",
            "time": "20-7-6 01:43"
        },
        {
            "comment id": 49,
            "parent": -1,
            "children": [],
            "user id": "6475896962",
            "user name": "梦中壮词",
            "content": "原来深圳突然紧急通知取消各年级期末考试是因为这个！！！！！！",
            "time": "20-7-5 14:07"
        },
        {
            "comment id": 50,
            "parent": -1,
            "children": [],
            "user id": "2238428975",
            "user name": "懒懒的闷骚",
            "content": "想起了我们小时候，挨老师揍，父母鼓掌加油的时代",
            "time": "20-7-6 11:41"
        },
        {
            "comment id": 51,
            "parent": -1,
            "children": [],
            "user id": "5411845282",
            "user name": "动物O园长",
            "content": "。",
            "time": "20-7-6 10:48"
        },
        {
            "comment id": 52,
            "parent": -1,
            "children": [],
            "user id": "2680622050",
            "user name": "笨笨爱吃亏",
            "content": "年少不经历风雨，长大后怎么进去社会，还是心理疏导和压力训练出了问题",
            "time": "20-7-6 05:29"
        },
        {
            "comment id": 53,
            "parent": -1,
            "children": [],
            "user id": "1441482424",
            "user name": "一切归于平凡2021",
            "content": "班主任是没错的。就事论事。",
            "time": "20-7-6 00:36"
        },
        {
            "comment id": 54,
            "parent": -1,
            "children": [],
            "user id": "5352945161",
            "user name": "空山秀林",
            "content": "我靠，太奇葩了！以后大家都怕出事，都啥也不管，龟龟缩缩了！",
            "time": "20-7-5 22:57"
        },
        {
            "comment id": 55,
            "parent": -1,
            "children": [],
            "user id": "6196959567",
            "user name": "辉鹏加油",
            "content": "现在的孩子心理太脆弱了，我初中的时候考试作弊被老师抓到，然后在班上通报批评，我生在也没事啊，还有当时那老师还是仁慈的，没有通过全校广播全校批评，只是跟我班主任单独说",
            "time": "20-7-5 23:15"
        },
        {
            "comment id": 56,
            "parent": -1,
            "children": [],
            "user id": "3686269103",
            "user name": "浅灰中的黑白",
            "content": "主管部门把教育局也开除一下看看",
            "time": "20-7-6 09:02"
        },
        {
            "comment id": 57,
            "parent": -1,
            "children": [],
            "user id": "7385998762",
            "user name": "捕雷者说",
            "content": "别追了，再逼下去家长也跳楼了",
            "time": "20-7-6 08:16"
        },
        {
            "comment id": 58,
            "parent": -1,
            "children": [],
            "user id": "5982192233",
            "user name": "一屋两人三餐四季皆予你",
            "content": "如果是真的，然后处罚教育局的，教育局的也自杀了，一轮接一轮，直到所有人都死去",
            "time": "20-7-6 07:31"
        },
        {
            "comment id": 59,
            "parent": -1,
            "children": [],
            "user id": "1642951067",
            "user name": "crusade81",
            "content": "悲剧呀，学生作弊，一时糊涂，学校和家长及时心理疏导，以后的时光还很长，改正了错误，堂堂正正的做人。没有什么啊，这件事家长如何疏导和处理才是关键啊，处理得当本就不该出现孩子轻生的悲剧，悲剧出现后，处理又不当，导致了另一个悲剧多发生，老师组织考试作弊完全没有错啊，这是为了保证公平。",
            "time": "20-7-6 11:51"
        },
        {
            "comment id": 60,
            "parent": -1,
            "children": [],
            "user id": "2029748713",
            "user name": "lyl_616",
            "content": "怎么了，做坏事还这么理直气壮",
            "time": "20-7-6 10:22"
        },
        {
            "comment id": 61,
            "parent": -1,
            "children": [],
            "user id": "7472926982",
            "user name": "包虎星zZZ",
            "content": "敢作敢当",
            "time": "20-7-6 09:28"
        },
        {
            "comment id": 62,
            "parent": -1,
            "children": [],
            "user id": "1064513242",
            "user name": "daweitj",
            "content": "真的吗",
            "time": "20-7-6 07:40"
        },
        {
            "comment id": 63,
            "parent": -1,
            "children": [],
            "user id": "2903575801",
            "user name": "北方的冬天l",
            "content": "抗压能力不强",
            "time": "20-7-6 07:23"
        },
        {
            "comment id": 64,
            "parent": -1,
            "children": [],
            "user id": "7477196111",
            "user name": "英姐姐Ying",
            "content": "这个世界上罪恶最大的就是自己把父母的孩子杀了",
            "time": "20-7-5 16:06"
        },
        {
            "comment id": 65,
            "parent": -1,
            "children": [],
            "user id": "5343031969",
            "user name": "一位不愿透露姓名的肩周炎患者",
            "content": "@Nounouuuu",
            "time": "20-7-5 15:41"
        },
        {
            "comment id": 66,
            "parent": -1,
            "children": [],
            "user id": "7366542256",
            "user name": "美丽白露",
            "content": "@一位不愿透露姓名的肩周炎患者 我有点想笑",
            "time": "20-7-5 15:40"
        },
        {
            "comment id": 67,
            "parent": -1,
            "children": [],
            "user id": "2418485423",
            "user name": "敏儿深圳",
            "content": "事情发生了都是悲剧",
            "time": "20-7-5 13:42"
        },
        {
            "comment id": 68,
            "parent": -1,
            "children": [],
            "user id": "1564919791",
            "user name": "疯起运涌86",
            "content": "妈的，都是学位房高房价惹的祸，孩子压力大，班主任如果买房月月还房贷，没收入目前房价没几个人可以挺几个月 任何人在目前深圳房价的上涨下都被裹挟着，恐慌着。",
            "time": "20-7-5 11:47"
        }
    ]
}