{
    "source": {
        "content": "#武汉暴雨城区多处渍水# 中国大城市通病，一下暴雨就瘫痪！想想一座大城市，上百万辆机动车，每年多少水泡车翻新入市？ ",
        "time": "20-7-6 13:04",
        "user id": "1841017701",
        "tweet id": "J9VUZfLe7",
        "label": 1,
        "theme": null
    },
    "comment": [
        {
            "comment id": 0,
            "parent": -1,
            "children": [
                1
            ],
            "user id": "6428027823",
            "user name": "干椒薄荷叶",
            "content": "这应该不是今年的，后面的宣传语是好几年前武汉竞争文明城市时候的，今年没来得及换的宣传语应该是关于军运会的才是",
            "time": "20-7-6 13:27"
        },
        {
            "comment id": 1,
            "parent": 0,
            "children": [],
            "user id": "1289191517",
            "user name": "费三口的自动铅笔",
            "content": "再仔细看，图还是P的。",
            "time": "20-7-6 15:24"
        },
        {
            "comment id": 2,
            "parent": -1,
            "children": [],
            "user id": "6528793732",
            "user name": "啵啵赞爱菠萝",
            "content": "这是以前的图",
            "time": "20-7-7 12:56"
        },
        {
            "comment id": 3,
            "parent": -1,
            "children": [],
            "user id": "1763466870",
            "user name": "医者仁心康亮",
            "content": "难怪任贤齐唱“我等的船还不来，我等的人还不明白”",
            "time": "20-7-6 13:51"
        },
        {
            "comment id": 4,
            "parent": -1,
            "children": [],
            "user id": "1270948127",
            "user name": "寒冷的懒鱼",
            "content": "多年前的假图还发来！！！",
            "time": "20-7-6 15:48"
        },
        {
            "comment id": 5,
            "parent": -1,
            "children": [],
            "user id": "3271090565",
            "user name": "BOLT武汉每天不一样",
            "content": "已经举报了",
            "time": "20-7-7 11:09"
        },
        {
            "comment id": 6,
            "parent": -1,
            "children": [],
            "user id": "3271090565",
            "user name": "BOLT武汉每天不一样",
            "content": "确实不是今年的",
            "time": "20-7-7 11:08"
        },
        {
            "comment id": 7,
            "parent": -1,
            "children": [],
            "user id": "1761311130",
            "user name": "阐述真香的吃瓜群众",
            "content": "别拿老图恶心人",
            "time": "20-7-6 22:29"
        },
        {
            "comment id": 8,
            "parent": -1,
            "children": [],
            "user id": "3061438401",
            "user name": "zc7753",
            "content": "几年前的老图也拿出来水",
            "time": "20-7-6 15:24"
        },
        {
            "comment id": 9,
            "parent": -1,
            "children": [],
            "user id": "6015899077",
            "user name": "bingo远霞",
            "content": "车船税",
            "time": "20-7-6 14:54"
        }
    ]
}