{
    "source": {
        "content": "耶鲁校长：中国大学是人类史上最大的笑话\nby  妮卡良品\n\n曾任耶鲁大学校长的小贝诺.施密德特，日前在耶鲁大学学报上公开撰文批判中国大学，引起了美国教育界人士对中国大学的激烈争论。\n\n对中国大学近年来久盛不衰的“做大做强”之风，施密德特说：“他们以为社会对出类拔萃的要求只是多：课程多，老师多，学生多，校舍多”。“他们的学者退休的意义就是告别糊口的讲台，极少数人对自己的专业还有兴趣，除非有利可图。他们没有属于自己真正意义上的事业。”“而校长的退休，与官员的退休完全一样，他们必须在退休前利用自己权势为子女谋好出路。”“新中国没有一个教育家，而民国时期的教育家灿若星海。”\n\n对于通过中国政府或下属机构“排名”、让中国知名大学跻身“世界百强”的做法，施密德特引用基尔克加德的话说，它们在做“自己屋子里的君主”。“他们把经济上的成功当成教育的成功，他们竟然引以为骄傲，这是人类文明史最大的笑话。”\n\n中国大学近来连续发生师生“血拼”事件，施密德特认为这是大学教育的失败，因为“大学教育解放了人的个性，培养了人的独立精神，它也同时增强了人的集体主义精神，使人更乐意与他人合作，更易于与他人心息相通”，“这种精神应该贯穿于学生之间，师生之间”。“他们计划学术，更是把教研者当鞋匠。难怪他们喜欢自诩为园丁。我们尊重名副其实的园丁，却鄙视一个没有自由思想独立精神的教师。”\n\n中国大学日益严重的“官本位”体制，施密德特也深感担忧，他痛心地说：“宙斯已被赶出天国，权力主宰一切”。\n\n“文科的计划学术，更是权力对于思考的祸害，这已经将中国学者全部利诱成犬儒，他们只能内部恶斗。缺乏批评世道的道德勇气。孔孟之乡竟然充斥着一批不敢有理想的学者。令人失望。”施密德特为此嘲笑中国大学“失去了重点，失去了方向，失去了一贯保持的传统”，“课程价值流失，效率低，浪费大”。\n\n他嘲笑说“很多人还以为自己真的在搞教育，他们参加一些我们会议，我们基本是出于礼貌，他们不获礼遇。”\n\n由于当前经融危机引发的一系列困难，导致大学生就业难。施密德特对此说，“作为教育要为社会服务的最早倡议者，我要说，我们千万不能忘记大学的学院教育不是为了求职，而是为了生活”。\n\n他说大学应该“坚持青年必须用文明人的好奇心去接受知识，根本无需回答它是否对公共事业有用，是否切合实际，是否具备社会价值等”，反之大学教育就会偏离“对知识的忠诚”。\n\n对中国大学的考试作弊、论文抄袭、科研造假等学术腐败，施密德特提出了另一种观察问题的眼光，他说“经验告诉我们，如果政权是腐败的，那么政府部门、社会机构同样会骇人听闻的腐败”。\n\n他还说“中国这一代教育者不值得尊重，尤其是一些知名的教授。”\n\n施密德特认为中国大学不存在真正的学术自由，他说中国大学“对政治的适应，对某些人利益的迎合，损害了大学对智力和真理的追求”。\n\n耶鲁校长：中国大学是人类史上最大的笑话\n他提出“大学似乎是孕育自由思想并能最终自由表达思想的最糟糕同时又是最理想的场所”，因此，大学“必须充满历史感”，“必须尊重进化的思想”，“同时，它倾向于把智慧，甚至特别的真理当作一种过程及一种倾向，而不当作供奉于密室、与现实正在发生的难题完全隔绝的一种实体”。他说“一些民办教育，基本是靠人口计算利润的企业。”",
        "time": "20-7-15 01:33",
        "user id": "1480219172",
        "tweet id": "JbefauR1p",
        "label": 1,
        "theme": null
    },
    "comment": [
        {
            "comment id": 0,
            "parent": -1,
            "children": [
                1
            ],
            "user id": "7060512305",
            "user name": "A-SeeU",
            "content": "最后一句讲的好“一些民办的教育，基本上是靠人口计算利润的企业”。确实是这样。",
            "time": "20-7-15 03:27"
        },
        {
            "comment id": 1,
            "parent": 0,
            "children": [],
            "user id": "3201451655",
            "user name": "夜航僧",
            "content": "确实狗屁，整篇文章都是编造的营销文，其中一些句子是这位校长1987年批评美国教育的发言里编造过来的，长长脑子",
            "time": "20-7-15 08:48"
        },
        {
            "comment id": 2,
            "parent": -1,
            "children": [
                5
            ],
            "user id": "1642773512",
            "user name": "lyxiehou",
            "content": "一针见血。问题是也刺不痛了！麻木了。还自嗨。",
            "time": "20-7-15 05:42"
        },
        {
            "comment id": 3,
            "parent": 4,
            "children": [],
            "user id": "6343792988",
            "user name": "西南毓秀200902",
            "content": "回复@lyxiehou:噢，那你说一件借助外国人才引起重视的事情吧",
            "time": "20-7-15 22:31"
        },
        {
            "comment id": 4,
            "parent": 5,
            "children": [
                3
            ],
            "user id": "1642773512",
            "user name": "lyxiehou",
            "content": "回复@西南毓秀200902:辟谣也罢。反映的也是事实。现在的大学就是这样。只是借了他人的口舌而已。我们很多事情也许只有借助外国人，才能引起重视。可悲。",
            "time": "20-7-15 16:02"
        },
        {
            "comment id": 5,
            "parent": 2,
            "children": [
                4
            ],
            "user id": "6343792988",
            "user name": "西南毓秀200902",
            "content": "脸肿不肿，已经辟谣了",
            "time": "20-7-15 12:55"
        },
        {
            "comment id": 6,
            "parent": -1,
            "children": [],
            "user id": "1107860030",
            "user name": "老黑69",
            "content": "每个点都精准",
            "time": "20-7-15 02:28"
        },
        {
            "comment id": 7,
            "parent": -1,
            "children": [
                8,
                9
            ],
            "user id": "1060773235",
            "user name": "投融法评",
            "content": "想起清华大学一年经费大概300多亿的新闻。我觉得一个学校获得如此天量资金支持并非什么值得炫耀的事情，政府支持的费用可不是白拿的。大学的主旨在于培养学子探索的精神，这只需要保持宽松、自由的社会氛围就可以实现。这与学校的规模、经费的多少完全无关。",
            "time": "20-7-15 08:12"
        },
        {
            "comment id": 8,
            "parent": 7,
            "children": [],
            "user id": "1701359380",
            "user name": "BOND假装在读人类科学",
            "content": "我母校牛津可是拼了老命的去到处找funding，比300亿多多了。培养探索精神要教授，要实验室，要学术交流的机会，有给学生奖学金，要维持大量的人员，图书馆，设施。栋梁一出，哪样不都是钱钱钱？",
            "time": "20-7-15 08:54"
        },
        {
            "comment id": 9,
            "parent": 7,
            "children": [],
            "user id": "5974505190",
            "user name": "蘑菇王国的笨比",
            "content": "我以为大学的主旨在于科研呢 原来是针对本科生的啊",
            "time": "20-7-15 10:07"
        },
        {
            "comment id": 10,
            "parent": -1,
            "children": [
                11
            ],
            "user id": "1791541170",
            "user name": "小美在纽约",
            "content": "忠言逆耳",
            "time": "20-7-15 01:55"
        },
        {
            "comment id": 11,
            "parent": 10,
            "children": [],
            "user id": "5238808355",
            "user name": "The_Descent_",
            "content": "现已辟谣",
            "time": "20-7-18 00:27"
        },
        {
            "comment id": 12,
            "parent": -1,
            "children": [],
            "user id": "1992760773",
            "user name": "柏万军-灯光顾问",
            "content": "挺客观的，教育，唉，",
            "time": "20-7-15 04:07"
        },
        {
            "comment id": 13,
            "parent": -1,
            "children": [
                14
            ],
            "user id": "7123268165",
            "user name": "拉釜迎",
            "content": "说的都是大实话",
            "time": "20-7-15 02:03"
        },
        {
            "comment id": 14,
            "parent": 13,
            "children": [],
            "user id": "6343792988",
            "user name": "西南毓秀200902",
            "content": "脸肿不肿，已经辟谣了",
            "time": "20-7-15 12:55"
        },
        {
            "comment id": 15,
            "parent": -1,
            "children": [],
            "user id": "5477639983",
            "user name": "理查德118",
            "content": "北大的兼容并包失去了，更何谈其他？",
            "time": "20-7-15 05:25"
        },
        {
            "comment id": 16,
            "parent": -1,
            "children": [],
            "user id": "5307867477",
            "user name": "爱喝水的锦鲤",
            "content": "时代变了，公知们",
            "time": "20-7-15 10:05"
        },
        {
            "comment id": 17,
            "parent": -1,
            "children": [],
            "user id": "5715657039",
            "user name": "NothingSample",
            "content": "痛而切，这种痛切感类似于一个辛辛苦苦攒了点积蓄的劳动者，带上全家老小去趟好馆子，然后被个靠老钱包养的少爷斥责，说你们怎么这么下等没品？怎么就想着吃饱？一点不懂米其林文化和礼仪！你们就是个笑话！对的，抛开其他，中国99.99%的家长，让孩子读大学就是为了追求就业而不是为了”学会生活”。",
            "time": "20-7-15 05:09"
        },
        {
            "comment id": 18,
            "parent": -1,
            "children": [],
            "user id": "6705065876",
            "user name": "风投VC武",
            "content": "厉害 明白人",
            "time": "20-7-15 02:02"
        },
        {
            "comment id": 19,
            "parent": -1,
            "children": [],
            "user id": "1893339572",
            "user name": "案件学",
            "content": "嗯",
            "time": "20-7-15 06:03"
        },
        {
            "comment id": 20,
            "parent": -1,
            "children": [],
            "user id": "2894754863",
            "user name": "池国宾瞌睡虫",
            "content": "",
            "time": "20-7-15 01:58"
        },
        {
            "comment id": 21,
            "parent": -1,
            "children": [],
            "user id": "1410339137",
            "user name": "行者孙助",
            "content": "所谓不实，只是这家没说过，但情况都是真的 ",
            "time": "20-7-17 07:09"
        },
        {
            "comment id": 22,
            "parent": -1,
            "children": [],
            "user id": "6064716863",
            "user name": "重金属20493",
            "content": "国家好多什么专家，教授，各种头衔，大部分都是吃人饭不拉人屎的货色！",
            "time": "20-7-15 05:03"
        },
        {
            "comment id": 23,
            "parent": -1,
            "children": [],
            "user id": "7334564427",
            "user name": "飞翔鸟的羽毛",
            "content": "继续扩招，我们以后大学就是义乌教育，慢慢来，只要我们继续加大投入，肯定国家就回富强起来！",
            "time": "20-7-15 01:40"
        },
        {
            "comment id": 24,
            "parent": -1,
            "children": [],
            "user id": "5360892281",
            "user name": "oengwenjiajia",
            "content": "虽然不爽，但是很对，会计专业很火的时候有的大学一下子开十个会计班",
            "time": "20-7-15 03:43"
        },
        {
            "comment id": 25,
            "parent": -1,
            "children": [
                26
            ],
            "user id": "6268555714",
            "user name": "哈喽庙里公子",
            "content": "说的很有道理。作者不管是谁，都看到中国教育的优势了，就是学生很难接普世价值，乙方的民主价值。西方恐惧的不是现在的中国，而是五十年后的中国。不着急，慢慢来。",
            "time": "20-7-15 08:56"
        },
        {
            "comment id": 26,
            "parent": 25,
            "children": [],
            "user id": "6268555714",
            "user name": "哈喽庙里公子",
            "content": "回复@九州捉瘪:朋友，我可不是奴才，也不是D员。我和欧洲人，美国人干过小十年工作，我在国内出生，国外到处晃悠。越来越觉得中国好了。呵呵哟。祖国加油哟。",
            "time": "20-7-16 12:12"
        },
        {
            "comment id": 27,
            "parent": -1,
            "children": [],
            "user id": "6164822707",
            "user name": "安得长鲸吞扶桑",
            "content": "讲的多好啊，不过说实话，哪都一样，不会真以为老美自由崇高上大学是为了追求梦想吧……要是这样那nerd也不是大学四等人喽",
            "time": "20-7-15 02:23"
        },
        {
            "comment id": 28,
            "parent": -1,
            "children": [],
            "user id": "6325041816",
            "user name": "開醬酒業陸生",
            "content": "入木三分！不要管是谁写的。",
            "time": "20-7-15 09:04"
        },
        {
            "comment id": 29,
            "parent": -1,
            "children": [],
            "user id": "1301391941",
            "user name": "火星EX",
            "content": "10年过期老饵 鱼也有尊严 呸",
            "time": "20-7-15 10:04"
        },
        {
            "comment id": 30,
            "parent": -1,
            "children": [],
            "user id": "5679215606",
            "user name": "Silver的记事本",
            "content": "黑名单+1",
            "time": "20-7-15 09:59"
        },
        {
            "comment id": 31,
            "parent": -1,
            "children": [],
            "user id": "5995326640",
            "user name": "无非常之道",
            "content": "09年的谣闻",
            "time": "20-7-15 09:32"
        },
        {
            "comment id": 32,
            "parent": -1,
            "children": [],
            "user id": "2651879245",
            "user name": "醉鄉尋夢V",
            "content": "一针见血",
            "time": "20-7-15 05:56"
        },
        {
            "comment id": 33,
            "parent": -1,
            "children": [],
            "user id": "1195555451",
            "user name": "奇迹张宇",
            "content": "先别喷，看看人家说的啥。不过这大概率是中国人写的。",
            "time": "20-7-15 07:14"
        },
        {
            "comment id": 34,
            "parent": -1,
            "children": [],
            "user id": "1233753457",
            "user name": "智谷的吴扬文",
            "content": "笑话世界 不获礼遇",
            "time": "20-7-15 01:49"
        },
        {
            "comment id": 35,
            "parent": -1,
            "children": [],
            "user id": "1014253944",
            "user name": "松阿察",
            "content": "底下有人辟谣了。看来我的语感还可以。 ",
            "time": "20-7-15 07:49"
        },
        {
            "comment id": 36,
            "parent": -1,
            "children": [],
            "user id": "2234941707",
            "user name": "猪小戈",
            "content": "说得太对了，不过不能说政权腐败，因为政权本身不腐败，说到底还是人的问题。",
            "time": "20-7-15 03:45"
        },
        {
            "comment id": 37,
            "parent": -1,
            "children": [],
            "user id": "5532716938",
            "user name": "金阳不二",
            "content": "竟然没有一句说错          全对",
            "time": "20-7-15 08:32"
        },
        {
            "comment id": 38,
            "parent": -1,
            "children": [],
            "user id": "7393885419",
            "user name": "江城子在江边v3",
            "content": "不管谁说的，说对了吧",
            "time": "20-7-15 06:56"
        },
        {
            "comment id": 39,
            "parent": -1,
            "children": [],
            "user id": "1463338962",
            "user name": "p-silicon",
            "content": "已举报",
            "time": "20-7-15 10:11"
        },
        {
            "comment id": 40,
            "parent": -1,
            "children": [],
            "user id": "5473751128",
            "user name": "少君750708",
            "content": "实情如此，毫不夸张，不问出处，值得反思！",
            "time": "20-7-15 08:13"
        },
        {
            "comment id": 41,
            "parent": -1,
            "children": [],
            "user id": "2601376825",
            "user name": "楚门的世界123",
            "content": "看的透彻",
            "time": "20-7-15 09:48"
        },
        {
            "comment id": 42,
            "parent": -1,
            "children": [],
            "user id": "1825978960",
            "user name": "Joker肖先生",
            "content": "你了解中国吗？你去过中国吗？最了解中国教育状况的不是你，而是中国人自己！你没有发言权！中国人才有发言权！",
            "time": "20-7-15 08:36"
        },
        {
            "comment id": 43,
            "parent": -1,
            "children": [],
            "user id": "1825978960",
            "user name": "Joker肖先生",
            "content": "你了解中国吗？你去过中国吗？最了解中国教育状况的不是你，而是中国人自己！你没有发言权！完全不能接受！",
            "time": "20-7-15 08:35"
        },
        {
            "comment id": 44,
            "parent": -1,
            "children": [],
            "user id": "1825978960",
            "user name": "Joker肖先生",
            "content": "你了解中国吗？你去过中国吗？最了解中国教育状况的不是你，而是中国人自己！！你没有发言权！完全不能接受？ ",
            "time": "20-7-15 08:33"
        },
        {
            "comment id": 45,
            "parent": -1,
            "children": [],
            "user id": "1701359380",
            "user name": "BOND假装在读人类科学",
            "content": "一看到就知道是假的，内核类似的批评在英国特别常见",
            "time": "20-7-15 08:50"
        },
        {
            "comment id": 46,
            "parent": -1,
            "children": [],
            "user id": "1976429525",
            "user name": "守田者不饥",
            "content": "良药苦口婆心，应以重视。",
            "time": "20-7-15 05:58"
        },
        {
            "comment id": 47,
            "parent": -1,
            "children": [],
            "user id": "5242291400",
            "user name": "Gary5G",
            "content": "无力反驳",
            "time": "20-7-15 04:48"
        },
        {
            "comment id": 48,
            "parent": -1,
            "children": [],
            "user id": "6128494093",
            "user name": "泡面里面有虾仁",
            "content": "美国教育那才是世界最好的教育，看看，特朗普，彭斯，蓬佩奥，都是美国教育最好的鉴证。哎，中国教育简直太差了，差到现在做世界老二，没把世界老大掀翻在地",
            "time": "20-7-27 17:06"
        },
        {
            "comment id": 49,
            "parent": -1,
            "children": [],
            "user id": "2000504214",
            "user name": "weixiao_2010",
            "content": "不管是不是耶鲁大学校长讲的，实际上的确如此。",
            "time": "20-7-15 10:10"
        },
        {
            "comment id": 50,
            "parent": -1,
            "children": [],
            "user id": "1433265825",
            "user name": "金谷园路",
            "content": "用上海话翻译博主的名字也是挺名副其实",
            "time": "20-7-15 10:08"
        },
        {
            "comment id": 51,
            "parent": -1,
            "children": [],
            "user id": "3516963357",
            "user name": "柳提",
            "content": "不相信这是个老外写的，但是确实讲对了。",
            "time": "20-7-15 09:49"
        },
        {
            "comment id": 52,
            "parent": -1,
            "children": [],
            "user id": "5197728330",
            "user name": "我叫滚滚_",
            "content": "无需对公共事业有用？无需切合实际？那社会主义核心价值观是错的了？爱国敬业诚信友善，这些符合中国社会主流思潮的词汇被批判的一无是处？古人积淀了数千年的风雅，前人坚守了一生的信仰，一文不值？当前大学的确存在许多弊病，但作为中国人我们应当有自己的正确认知，希望大家记住黑暗但也看得到光明",
            "time": "20-7-15 09:44"
        },
        {
            "comment id": 53,
            "parent": -1,
            "children": [],
            "user id": "2637689665",
            "user name": "黑旋风了lik",
            "content": "真应该替换那个xxx部长！",
            "time": "20-7-15 09:17"
        },
        {
            "comment id": 54,
            "parent": -1,
            "children": [],
            "user id": "7182712946",
            "user name": "serial201906",
            "content": "一套逻辑似乎是这样的：他所认为的不自由主要是没反政府，所以不值得尊重.所以香港反政府理念的大学排名比较高",
            "time": "20-7-15 09:11"
        },
        {
            "comment id": 55,
            "parent": -1,
            "children": [],
            "user id": "6503006752",
            "user name": "雷震子vip",
            "content": "耶鲁大学造谣中国大学？耶鲁大学才是人类史上最大的笑话！",
            "time": "20-7-15 08:28"
        },
        {
            "comment id": 56,
            "parent": -1,
            "children": [],
            "user id": "1624828697",
            "user name": "哈哈哈哈你个大头鬼",
            "content": "身在基础教育，不能再感同身受",
            "time": "20-7-15 08:23"
        },
        {
            "comment id": 57,
            "parent": -1,
            "children": [],
            "user id": "1562074721",
            "user name": "一叶兰008",
            "content": "有没有原文链接",
            "time": "20-7-15 08:01"
        },
        {
            "comment id": 58,
            "parent": -1,
            "children": [],
            "user id": "1802456564",
            "user name": "Mr-CM",
            "content": "有对的地方",
            "time": "20-7-15 08:00"
        },
        {
            "comment id": 59,
            "parent": -1,
            "children": [],
            "user id": "1548766824",
            "user name": "晴耕雨读T290",
            "content": "美国很多博导古稀之年一周7天十几小时扎在实验室里，不为别的，就是没有比实验室做科研让他们感觉更舒服的地方。",
            "time": "20-7-15 07:53"
        },
        {
            "comment id": 60,
            "parent": -1,
            "children": [],
            "user id": "1014253944",
            "user name": "松阿察",
            "content": "这个有出处吗？看说的话感觉怪怪的，不像翻译过来的，像拿中文编的翻译腔。",
            "time": "20-7-15 07:48"
        },
        {
            "comment id": 61,
            "parent": -1,
            "children": [],
            "user id": "1808481512",
            "user name": "危楼渔夫",
            "content": "哈哈哈，确实是。但耶鲁大学校长也是有点脑子的吧，不是应该委婉点吗？",
            "time": "20-7-15 07:34"
        },
        {
            "comment id": 62,
            "parent": -1,
            "children": [],
            "user id": "5135206881",
            "user name": "温暖的塔塔",
            "content": "我发现我是个耳根子软的人",
            "time": "20-7-15 07:30"
        },
        {
            "comment id": 63,
            "parent": -1,
            "children": [],
            "user id": "1053703027",
            "user name": "老路",
            "content": "不管是不是本人说的，咱得听得进去",
            "time": "20-7-15 07:21"
        },
        {
            "comment id": 64,
            "parent": -1,
            "children": [],
            "user id": "1843740624",
            "user name": "桶桶堡",
            "content": "说什么大～～实话",
            "time": "20-7-15 07:15"
        },
        {
            "comment id": 65,
            "parent": -1,
            "children": [],
            "user id": "5580002826",
            "user name": "云中书海中天",
            "content": "一针见血振聋发聩……以人为鉴可以正衣冠以史为鉴可以明得失。",
            "time": "20-7-15 07:07"
        },
        {
            "comment id": 66,
            "parent": -1,
            "children": [],
            "user id": "6493745718",
            "user name": "晋叟主义",
            "content": "谁说的不重要，问题是说的有道理",
            "time": "20-7-15 07:03"
        },
        {
            "comment id": 67,
            "parent": -1,
            "children": [],
            "user id": "1594405530",
            "user name": "一龙快运",
            "content": "大学似乎是孕育自由思想并能最终自由表达思想的最糟糕同时又是最理想的场所”",
            "time": "20-7-15 06:43"
        },
        {
            "comment id": 68,
            "parent": -1,
            "children": [],
            "user id": "3973758927",
            "user name": "Dune7",
            "content": "9494",
            "time": "20-7-15 06:37"
        },
        {
            "comment id": 69,
            "parent": -1,
            "children": [],
            "user id": "6435473609",
            "user name": "反思小能手",
            "content": "有历史没文化的国家！",
            "time": "20-7-15 06:34"
        },
        {
            "comment id": 70,
            "parent": -1,
            "children": [],
            "user id": "6055392982",
            "user name": "小吉不秃",
            "content": "为什么我觉得他说的好对",
            "time": "20-7-15 06:26"
        },
        {
            "comment id": 71,
            "parent": -1,
            "children": [],
            "user id": "1908880173",
            "user name": "假面苏拉",
            "content": "嚯",
            "time": "20-7-15 06:24"
        },
        {
            "comment id": 72,
            "parent": -1,
            "children": [],
            "user id": "1862241044",
            "user name": "可爱多他爸",
            "content": "讲得真好",
            "time": "20-7-15 06:24"
        },
        {
            "comment id": 73,
            "parent": -1,
            "children": [],
            "user id": "5574610312",
            "user name": "河曲人7000",
            "content": "不论谁说的，看看也无妨😱😱",
            "time": "20-7-15 06:20"
        },
        {
            "comment id": 74,
            "parent": -1,
            "children": [],
            "user id": "2583546674",
            "user name": "精进ing",
            "content": "一个是理想主义，一个是实用主义，谁也别说谁，目前最需要的还是高素质技术人才和工人，至于那些有的没的，等登顶再说",
            "time": "20-7-15 06:17"
        },
        {
            "comment id": 75,
            "parent": -1,
            "children": [],
            "user id": "6591373835",
            "user name": "我是洗澡澡的猫",
            "content": "耶鲁校长说这个干啥？中国人写的吧。",
            "time": "20-7-15 06:14"
        },
        {
            "comment id": 76,
            "parent": -1,
            "children": [],
            "user id": "1410624104",
            "user name": "Sam的微博客",
            "content": "人家说得基本都是对的。",
            "time": "20-7-15 06:08"
        },
        {
            "comment id": 77,
            "parent": -1,
            "children": [],
            "user id": "2875317120",
            "user name": "喵喵是只读书猫",
            "content": "耶鲁哪个校长？当我看见文章倡导大学搞自由思想的时候，就明白了这些文字的动机",
            "time": "20-7-15 05:47"
        },
        {
            "comment id": 78,
            "parent": -1,
            "children": [],
            "user id": "6376687968",
            "user name": "武贪星火",
            "content": "不得不说除了数理化理科生医生这些实际贡献的知识学科，大部分教育太失败了",
            "time": "20-7-15 04:37"
        },
        {
            "comment id": 79,
            "parent": -1,
            "children": [],
            "user id": "1858740430",
            "user name": "五爿田主",
            "content": "请问原文献？",
            "time": "20-7-15 03:33"
        },
        {
            "comment id": 80,
            "parent": -1,
            "children": [],
            "user id": "2082062671",
            "user name": "鷰棟興",
            "content": "你们有十几亿人口的时候呢？",
            "time": "20-7-15 02:07"
        },
        {
            "comment id": 81,
            "parent": -1,
            "children": [],
            "user id": "3225451392",
            "user name": "对洞沟春哥",
            "content": "转发微博",
            "time": "20-7-15 08:54"
        },
        {
            "comment id": 82,
            "parent": -1,
            "children": [],
            "user id": "2265540131",
            "user name": "我是DOMOMO",
            "content": "必然的结果",
            "time": "20-7-15 05:44"
        },
        {
            "comment id": 83,
            "parent": -1,
            "children": [],
            "user id": "2791655672",
            "user name": "蓬莱的的酒",
            "content": "有一丝丝道理，但没必要理会",
            "time": "20-7-15 01:44"
        },
        {
            "comment id": 84,
            "parent": -1,
            "children": [],
            "user id": "2574508293",
            "user name": "举个博罗123",
            "content": "我是来考古的，来围观公知的！！！",
            "time": "20-7-25 17:52"
        },
        {
            "comment id": 85,
            "parent": -1,
            "children": [],
            "user id": "6875661857",
            "user name": "pku随缘",
            "content": "咋回事",
            "time": "20-7-19 21:23"
        },
        {
            "comment id": 86,
            "parent": -1,
            "children": [],
            "user id": "2693659794",
            "user name": "无事不可能发生",
            "content": "耶鲁不大，照样名列前茅，主要靠独立思想，所以呢随便他指责别人什么你都看看知道了就行，如果说对了你就听听，不对呢你就不听",
            "time": "20-7-15 09:54"
        },
        {
            "comment id": 87,
            "parent": -1,
            "children": [],
            "user id": "1636033495",
            "user name": "只愿飞鸿踏雪泥",
            "content": "这番话不管是美国人说的，还是中国人说的，听着确实刺耳，更可悲的说的确是事实。",
            "time": "20-7-15 09:39"
        },
        {
            "comment id": 88,
            "parent": -1,
            "children": [],
            "user id": "1876531337",
            "user name": "DrJian",
            "content": "我就是惊讶，他怎么会对中国大学了解如此确切？",
            "time": "20-7-15 09:15"
        }
    ]
}