{
    "source": {
        "content": "高贵悠悠\n#杭州警方通报女子失踪案# 最新消息出来了，凶手的手段简直太残忍了！毫无人性，一点做人的底线都没有！一定要严惩，据说是因为这个男的其自身性格存在缺陷，多次向妻子借钱炒股被拒和回迁房装修意见存在分歧等原因，遂产生不满，于7月5日凌晨在家中，趁妻子熟睡之际，以枕头蒙头的方式将其杀害并分尸，后将大部分身体组织用绞肉机搅碎（该男子反侦察能力较强，绞肉机还是用现金买的），然后通过抽水马桶冲入化粪池。大块来不及搅碎的身体组织和部分骨骼被他带到室外后分散抛弃（因为杭州目前垃圾清运是一天一次，所有流动性很大查找难度也较高，警方目前仍正在查找中）。\n\n而据说分尸地点并不是在他家中，而是隔壁一间日常无人居住的空房内（这也能解释为什么小女儿一开始没有发现），因为这个男的工作的关系（在小区物业工作，不知道怎么搞到了这个房子的钥匙）。而这个案件的突破口据说就是这间空房的主人发现自己家在无人居住的情况下一天内水表跑了一吨，然后去检查才发现屋子里有人进来过随后报警，警察在厕所内发现了端倪并在马桶背后的地砖上检测到了血液反应，最后在抽干化粪池后找到了死者部分相关人体组织！太多的生不见人其实最后都不过是死不见尸。\n\n想想那些所谓至今未破的失踪人口无头公案背后，应该还掩盖着很多同样的冤魂吧。希望这些冤魂也有沉冤得雪的一天！#杭州女子失踪案后续# #警方通报#",
        "time": "20-7-24 16:58",
        "user id": "1890219937",
        "tweet id": "JcH92xF0i",
        "label": 1,
        "theme": null
    },
    "comment": [
        {
            "comment id": 0,
            "parent": -1,
            "children": [
                3,
                4
            ],
            "user id": "5664457404",
            "user name": "睡了尹产贺",
            "content": "一篇好几个据说，能斩钉截铁的说吗，不要据说",
            "time": "20-7-24 17:06"
        },
        {
            "comment id": 1,
            "parent": 3,
            "children": [],
            "user id": "1890219937",
            "user name": "小壹三十而已",
            "content": "回复@睡了尹产贺:如果此案最后侦破了，那最后的细节什么应该也不会公布，只是好奇如何在11岁女儿不发现的前提下去完成一系列犯罪",
            "time": "20-7-24 17:19"
        },
        {
            "comment id": 2,
            "parent": 3,
            "children": [],
            "user id": "1890219937",
            "user name": "小壹三十而已",
            "content": "回复@睡了尹产贺:这个文章是网上转载的，大概率假的，但是作为悬疑推理小说爱好者，我转发只是为了方便阅读，就当一个大胆的假设吧。肯定未经证实大概率假的",
            "time": "20-7-24 17:16"
        },
        {
            "comment id": 3,
            "parent": 0,
            "children": [
                1,
                2
            ],
            "user id": "5664457404",
            "user name": "睡了尹产贺",
            "content": "回复@宇宙无敌大贱人壹哥:这种作案细节警方也不会公布吧，为了防止模仿作案",
            "time": "20-7-24 17:14"
        },
        {
            "comment id": 4,
            "parent": 0,
            "children": [],
            "user id": "1890219937",
            "user name": "小壹三十而已",
            "content": "茶余饭后谈资，可以信 可以不信",
            "time": "20-7-24 17:07"
        },
        {
            "comment id": 5,
            "parent": -1,
            "children": [
                6
            ],
            "user id": "5575337439",
            "user name": "热搜判官",
            "content": "你又造谣呢？",
            "time": "20-7-24 17:00"
        },
        {
            "comment id": 6,
            "parent": 5,
            "children": [],
            "user id": "1890219937",
            "user name": "小壹三十而已",
            "content": "转发 只是猜测",
            "time": "20-7-24 17:01"
        },
        {
            "comment id": 7,
            "parent": -1,
            "children": [
                8
            ],
            "user id": "6680013701",
            "user name": "墨-梵修",
            "content": "文中的几个据说，今天我都看到过好多不同的版本，真不明白发这些文字的人意图何在？@浙江公安",
            "time": "20-7-24 19:17"
        },
        {
            "comment id": 8,
            "parent": 7,
            "children": [],
            "user id": "1890219937",
            "user name": "小壹三十而已",
            "content": "你要不乐意就当推理小说看，小人之心",
            "time": "20-7-24 21:49"
        },
        {
            "comment id": 9,
            "parent": -1,
            "children": [
                10
            ],
            "user id": "1827244474",
            "user name": "没事多吃肠粉",
            "content": "据说，据谁说",
            "time": "20-7-24 17:37"
        },
        {
            "comment id": 10,
            "parent": 9,
            "children": [],
            "user id": "1890219937",
            "user name": "小壹三十而已",
            "content": "据我说 谢谢",
            "time": "20-7-24 18:33"
        },
        {
            "comment id": 11,
            "parent": -1,
            "children": [],
            "user id": "2693040801",
            "user name": "加Turbo嘚蜗牛",
            "content": "还未破案就造谣博眼球，举报！",
            "time": "20-7-24 19:10"
        },
        {
            "comment id": 12,
            "parent": -1,
            "children": [],
            "user id": "3963209555",
            "user name": "Vjaijgnauh",
            "content": "可以写推理小说了，保你大卖",
            "time": "20-7-24 17:43"
        },
        {
            "comment id": 13,
            "parent": -1,
            "children": [],
            "user id": "3567528750",
            "user name": "我来护送1又何妨",
            "content": "卧槽这真的假的？",
            "time": "20-7-24 17:28"
        },
        {
            "comment id": 14,
            "parent": -1,
            "children": [],
            "user id": "6070152054",
            "user name": "快抱老子qwq",
            "content": "最新消息？可别造了",
            "time": "20-7-24 17:26"
        },
        {
            "comment id": 15,
            "parent": -1,
            "children": [],
            "user id": "5897805341",
            "user name": "TakiTooru",
            "content": "造谣违法点点手举报",
            "time": "20-7-24 17:21"
        },
        {
            "comment id": 16,
            "parent": -1,
            "children": [],
            "user id": "2654861011",
            "user name": "我想我貌似是有轻微取悦症",
            "content": "@中二病重度侵入者",
            "time": "20-7-24 22:41"
        }
    ]
}