{
    "source": {
        "content": "#杭州失踪女子亲属在化粪池旁痛哭# \n婚姻给你的港湾   可能也是化粪池…让人不寒而栗 ",
        "time": "20-7-24 17:06",
        "user id": "6073383366",
        "tweet id": "JcHc9v2Lr",
        "label": 1,
        "theme": null
    },
    "comment": [
        {
            "comment id": 0,
            "parent": -1,
            "children": [
                1,
                2,
                3,
                6,
                8,
                9,
                10,
                11,
                12,
                13
            ],
            "user id": "3006535985",
            "user name": "-嘉平十六",
            "content": "就怕最悲哀的是一直找不到直接证明是他老公作案的证据",
            "time": "20-7-24 17:15"
        },
        {
            "comment id": 1,
            "parent": 0,
            "children": [],
            "user id": "7292762554",
            "user name": "是不是我正常的时候也像在搞笑",
            "content": "回复@风格乐观:对，而且不是侦察兵",
            "time": "20-7-25 01:49"
        },
        {
            "comment id": 2,
            "parent": 0,
            "children": [],
            "user id": "5621992338",
            "user name": "星星精灵888",
            "content": "小区物业都辟谣了，凶手不是他们物业的员工。所以这个截屏真实性没有",
            "time": "20-7-25 00:51"
        },
        {
            "comment id": 3,
            "parent": 0,
            "children": [],
            "user id": "1995202942",
            "user name": "我名字都不敢改",
            "content": "回复@张小帅的嬷嬷:所以说啊 一下说交代了一下说没有 一下用两吨水一下一吨 一下邻居报警一下邻居不敢说",
            "time": "20-7-24 22:37"
        },
        {
            "comment id": 4,
            "parent": 5,
            "children": [],
            "user id": "2549124295",
            "user name": "火之逻格斯",
            "content": "回复@离离理理粒粒:我这里有定语，举国关注，并且已经抓到嫌疑人的。都举国关注了怎么就我不知道了。",
            "time": "20-7-24 22:34"
        },
        {
            "comment id": 5,
            "parent": 11,
            "children": [
                4
            ],
            "user id": "7319766046",
            "user name": "离离理理粒粒",
            "content": "回复@火之逻格斯:有的，你不知道而已",
            "time": "20-7-24 22:32"
        },
        {
            "comment id": 6,
            "parent": 0,
            "children": [],
            "user id": "5647801499",
            "user name": "明日香icon",
            "content": "回复@肉嘟嘟的钟:大女儿和侄子好像。我一开始以为是老公联系的",
            "time": "20-7-24 21:15"
        },
        {
            "comment id": 7,
            "parent": 8,
            "children": [],
            "user id": "3207503407",
            "user name": "梦想成为富婆151",
            "content": "回复@明日香icon:是大女儿联系媒体的？",
            "time": "20-7-24 21:14"
        },
        {
            "comment id": 8,
            "parent": 0,
            "children": [
                7
            ],
            "user id": "5647801499",
            "user name": "明日香icon",
            "content": "回复@张小帅的嬷嬷:就怕到法庭他反悔，说当时交待是因为jc动刑等等被逼的。然后还没有直接证据证明是他干的就麻烦了。估计这次大女儿要是不联系媒体这个案件也会不了了之了吧",
            "time": "20-7-24 18:41"
        },
        {
            "comment id": 9,
            "parent": 0,
            "children": [],
            "user id": "2829265927",
            "user name": "喵喵喵三只喵",
            "content": "昨天看到有人说17年前也是他被当做嫌疑人，拘了20天没证据给放了....... 如果真是这样，兴许他不止一次作案",
            "time": "20-7-24 18:34"
        },
        {
            "comment id": 10,
            "parent": 0,
            "children": [],
            "user id": "5809508199",
            "user name": "你把钱给我转回来",
            "content": "不是说已经交代了嘛？",
            "time": "20-7-24 18:26"
        },
        {
            "comment id": 11,
            "parent": 0,
            "children": [
                5
            ],
            "user id": "2549124295",
            "user name": "火之逻格斯",
            "content": "万幸的是我们国家还从来没有类似的案子，如此举国关注，而且已经被抓获的犯罪嫌疑人逃脱法律制裁的先例。",
            "time": "20-7-24 17:51"
        },
        {
            "comment id": 12,
            "parent": 0,
            "children": [],
            "user id": "5378318809",
            "user name": "顺丰快递还我衣服",
            "content": "这样的话她小女儿更惨我觉得 天天看着这么个爸爸 想起妈妈",
            "time": "20-7-24 17:30"
        },
        {
            "comment id": 13,
            "parent": 0,
            "children": [],
            "user id": "6073383366",
            "user name": "掀起你的头盖骨_xi",
            "content": "对 如果真的是这样的 真的找不到直接证据证明是他啊",
            "time": "20-7-24 17:20"
        },
        {
            "comment id": 14,
            "parent": -1,
            "children": [
                15,
                16,
                19,
                20,
                21,
                22,
                23,
                24,
                25,
                26
            ],
            "user id": "2405472157",
            "user name": "玉目遥",
            "content": "假如这个是真的，我说假如，没有直接证据还就拿他没办法吗！",
            "time": "20-7-24 17:48"
        },
        {
            "comment id": 15,
            "parent": 14,
            "children": [],
            "user id": "1957796024",
            "user name": "丘鹿尔_",
            "content": "回复@miss1112020106:孙越琦",
            "time": "20-7-25 08:44"
        },
        {
            "comment id": 16,
            "parent": 14,
            "children": [],
            "user id": "1957796024",
            "user name": "丘鹿尔_",
            "content": "回复@Doreenin:他也是这么想的  所以才杀人  只能说书读少了",
            "time": "20-7-25 08:39"
        },
        {
            "comment id": 17,
            "parent": 23,
            "children": [],
            "user id": "3457012890",
            "user name": "春风得意马蹄疾得得得得得",
            "content": "回复@丘鹿尔_:孙的爷爷是谁呀？",
            "time": "20-7-24 22:57"
        },
        {
            "comment id": 18,
            "parent": 24,
            "children": [],
            "user id": "7097222576",
            "user name": "夭夭墨染",
            "content": "回复@玉目遥:而且还有一个问题是，这位阿姨已经死了，那如果这个男的不能定罪，最后如果没有遗嘱，那这个男的不就是第一继承人了？？，这……",
            "time": "20-7-24 21:43"
        },
        {
            "comment id": 19,
            "parent": 14,
            "children": [],
            "user id": "2563717051",
            "user name": "月亮就是一颗大翡翠",
            "content": "那个粉碎机不就是证据吗",
            "time": "20-7-24 20:48"
        },
        {
            "comment id": 20,
            "parent": 14,
            "children": [],
            "user id": "2713042602",
            "user name": "苏城小律师-小蔡",
            "content": "不会，如果推定证据（间接证据）足够多也是可以定罪的，推定证据的收集、分析时间精力非常大，之前也有过成功的案例，本该六个月结案 花了两年时间审判",
            "time": "20-7-24 19:54"
        },
        {
            "comment id": 21,
            "parent": 14,
            "children": [],
            "user id": "3485848831",
            "user name": "很忙的小明",
            "content": "证据不足，不充分，犯罪事实不清，适用疑罪从无，检察机关不予起诉，也可以理解为无罪释放。但疑罪从无的出发点，是为了避免冤假错案的发生。没办法，法律的制定，无法做到绝对的公平，只能最大限度保障更多人的利益不受侵害。",
            "time": "20-7-24 19:30"
        },
        {
            "comment id": 22,
            "parent": 14,
            "children": [],
            "user id": "2546823890",
            "user name": "查西边走边笑",
            "content": "想到美国辛普森杀妻案了",
            "time": "20-7-24 19:23"
        },
        {
            "comment id": 23,
            "parent": 14,
            "children": [
                17
            ],
            "user id": "1957796024",
            "user name": "丘鹿尔_",
            "content": "回复@短腿的反击_X:不是  因为孙的爷爷  别人不敢动她",
            "time": "20-7-24 19:16"
        },
        {
            "comment id": 24,
            "parent": 14,
            "children": [
                18
            ],
            "user id": "2405472157",
            "user name": "玉目遥",
            "content": "回复@短腿的反击_X:妈蛋，不会吧！！！我已经开始愤怒了！！！",
            "time": "20-7-24 18:45"
        },
        {
            "comment id": 25,
            "parent": 14,
            "children": [],
            "user id": "2829265927",
            "user name": "喵喵喵三只喵",
            "content": "回复@短腿的反击_X:对啊，没法判啊，昨天看到一个评论也是说他17年前就被作为嫌疑人拘了20天没证据给放了...... 这次就即使明明白白的全国人民都知道是他杀的，但是没有直接证据也没用..... 法律质量证据",
            "time": "20-7-24 18:36"
        },
        {
            "comment id": 26,
            "parent": 14,
            "children": [],
            "user id": "6073383366",
            "user name": "掀起你的头盖骨_xi",
            "content": "如果没有直接证据证明 人是他杀的 没办法判的 推理和臆断终究只是想象 现在第一现场都没找到呢 你记不记得以前天涯论坛的朱令铊中毒案 网友的推理都指向她的同学孙 但没有直接证据 证明是孙投的毒 就成了一个悬案 那时候还有人偷偷在孙放了监听器都没找到什么有力的证据  好可怜啊…",
            "time": "20-7-24 18:23"
        },
        {
            "comment id": 27,
            "parent": -1,
            "children": [
                28
            ],
            "user id": "5313009061",
            "user name": "快乐女生lyz",
            "content": "一双手在屏幕前编故事无语来",
            "time": "20-7-24 17:18"
        },
        {
            "comment id": 28,
            "parent": 27,
            "children": [
                29
            ],
            "user id": "6073383366",
            "user name": "掀起你的头盖骨_xi",
            "content": "并不是为了蹭热度 只是因为一个鲜活的生命 以这种结局离开人世 所以唏嘘",
            "time": "20-7-24 17:21"
        },
        {
            "comment id": 29,
            "parent": 28,
            "children": [],
            "user id": "5313009061",
            "user name": "快乐女生lyz",
            "content": "回复@短腿的反击_X:血腥味过了很久警犬都可以闻到的好吗",
            "time": "20-7-24 17:30"
        },
        {
            "comment id": 30,
            "parent": -1,
            "children": [
                31
            ],
            "user id": "1899225422",
            "user name": "轻轻学会长大",
            "content": "找不到证据也有他小女儿的口供啊，还有他自己顶不住最后诏了，口供也是证据",
            "time": "20-7-24 17:41"
        },
        {
            "comment id": 31,
            "parent": 30,
            "children": [],
            "user id": "6073383366",
            "user name": "掀起你的头盖骨_xi",
            "content": "现在小女儿是关键  看小女儿怎么说吧  说是小女儿也被这男的教了该怎么回答警方的提问",
            "time": "20-7-24 21:28"
        },
        {
            "comment id": 32,
            "parent": -1,
            "children": [
                33,
                34,
                35,
                36,
                37,
                38,
                39,
                40,
                41,
                42
            ],
            "user id": "2836545724",
            "user name": "Y0UNG_G",
            "content": "但凡有点脑子的..都不会相信有人能知道的这么细...可能警察都没你知道的多..光把尸块扔垃圾桶就是一个不可能的行为....还是不信谣不传谣吧..",
            "time": "20-7-24 17:45"
        },
        {
            "comment id": 33,
            "parent": 32,
            "children": [],
            "user id": "6200415907",
            "user name": "玲家小兔",
            "content": "看到这里，我放心了一点，如果真的太恐怖了",
            "time": "20-7-24 19:59"
        },
        {
            "comment id": 34,
            "parent": 32,
            "children": [],
            "user id": "6090708354",
            "user name": "只喝瑞幸陨石拿铁",
            "content": "人家邻居说他老公不是物业的也不是保安  这一看就是假的",
            "time": "20-7-24 19:46"
        },
        {
            "comment id": 35,
            "parent": 32,
            "children": [],
            "user id": "6108856249",
            "user name": "迷路姥姥carol",
            "content": "用了一吨水就被发现了我笑了，还是等官方吧",
            "time": "20-7-24 19:44"
        },
        {
            "comment id": 36,
            "parent": 32,
            "children": [],
            "user id": "7148957841",
            "user name": "摇摆鹅76808",
            "content": "是啊，现在杭州都垃圾分类了，垃圾桶边上都站个志愿者。他们一般都会打开袋子看看垃圾分对没，不符合常理啊",
            "time": "20-7-24 18:44"
        },
        {
            "comment id": 37,
            "parent": 32,
            "children": [],
            "user id": "1808406281",
            "user name": "刘泳彬",
            "content": "假",
            "time": "20-7-24 18:43"
        },
        {
            "comment id": 38,
            "parent": 32,
            "children": [],
            "user id": "7342710807",
            "user name": "啾咪小吴软糖",
            "content": "现在造谣没成本，随便搞个微信对话框都能当石锤用",
            "time": "20-7-24 18:37"
        },
        {
            "comment id": 39,
            "parent": 32,
            "children": [],
            "user id": "3558008480",
            "user name": "什么诺力",
            "content": "是的，而且1818问了小区保安都说了这男的不是小区干物业的",
            "time": "20-7-24 18:22"
        },
        {
            "comment id": 40,
            "parent": 32,
            "children": [],
            "user id": "2720952767",
            "user name": "ljk你也有今天",
            "content": "我也觉得，不过也是道听途说的罢了。",
            "time": "20-7-24 18:16"
        },
        {
            "comment id": 41,
            "parent": 32,
            "children": [],
            "user id": "5707853690",
            "user name": "棹子么",
            "content": "不知真假，但死无全尸应该是真的。毕竟亲属在下水道井盖那哭，如果还有遗体也不会没地方哭了。",
            "time": "20-7-24 18:12"
        },
        {
            "comment id": 42,
            "parent": 32,
            "children": [],
            "user id": "6507727489",
            "user name": "烽火火火火",
            "content": "哈哈哈，说的太对了",
            "time": "20-7-24 18:02"
        },
        {
            "comment id": 43,
            "parent": -1,
            "children": [
                45,
                48,
                49,
                51
            ],
            "user id": "5321770481",
            "user name": "努力学习努力赚钱的婷子啊",
            "content": "好想教一下你怎样长截图",
            "time": "20-7-24 17:35"
        },
        {
            "comment id": 44,
            "parent": 45,
            "children": [],
            "user id": "5377209204",
            "user name": "_我今天失眠了",
            "content": "回复@豆硕J:更简单的办法是：把你的图片有用的部分裁剪好    用微信“收藏”到一起   然后在“”收藏里右上角点开“导出为图片”即可生成长图",
            "time": "20-7-24 23:14"
        },
        {
            "comment id": 45,
            "parent": 43,
            "children": [
                44
            ],
            "user id": "2296939663",
            "user name": "豆硕J",
            "content": "回复@爱叙旧的honestzhaoyating:OK👌",
            "time": "20-7-24 18:35"
        },
        {
            "comment id": 46,
            "parent": 48,
            "children": [],
            "user id": "5321770481",
            "user name": "努力学习努力赚钱的婷子啊",
            "content": "回复@蔷薇诺娜:下个长途拼接app",
            "time": "20-7-24 18:32"
        },
        {
            "comment id": 47,
            "parent": 49,
            "children": [],
            "user id": "5321770481",
            "user name": "努力学习努力赚钱的婷子啊",
            "content": "回复@豆硕J:超好用",
            "time": "20-7-24 18:31"
        },
        {
            "comment id": 48,
            "parent": 43,
            "children": [
                46
            ],
            "user id": "5326816209",
            "user name": "蔷薇诺娜",
            "content": "怎么截长图啊",
            "time": "20-7-24 18:27"
        },
        {
            "comment id": 49,
            "parent": 43,
            "children": [
                47
            ],
            "user id": "2296939663",
            "user name": "豆硕J",
            "content": "回复@爱叙旧的honestzhaoyating:用起来方便吗推荐一下，我忍耐这个截图很久了",
            "time": "20-7-24 18:26"
        },
        {
            "comment id": 50,
            "parent": 51,
            "children": [],
            "user id": "5321770481",
            "user name": "努力学习努力赚钱的婷子啊",
            "content": "回复@豆硕J:长图拼接app超好用，我就在用",
            "time": "20-7-24 18:18"
        },
        {
            "comment id": 51,
            "parent": 43,
            "children": [
                50
            ],
            "user id": "2296939663",
            "user name": "豆硕J",
            "content": "苹果没发长截图",
            "time": "20-7-24 18:17"
        },
        {
            "comment id": 52,
            "parent": -1,
            "children": [
                53
            ],
            "user id": "6199265517",
            "user name": "Prejudice7_",
            "content": "@lamblionet .............",
            "time": "20-7-24 17:30"
        },
        {
            "comment id": 53,
            "parent": 52,
            "children": [
                54
            ],
            "user id": "5059916723",
            "user name": "一晚米粒",
            "content": "............我这个点看完....我....",
            "time": "20-7-24 23:36"
        },
        {
            "comment id": 54,
            "parent": 53,
            "children": [],
            "user id": "6199265517",
            "user name": "Prejudice7_",
            "content": "回复@lamblionet:我没敢看完 太他妈绝了",
            "time": "20-7-24 23:49"
        },
        {
            "comment id": 55,
            "parent": -1,
            "children": [],
            "user id": "5758468664",
            "user name": "雅歌书第八章第六节_",
            "content": "这个是真的假的啊感觉越来越邪乎，太可怕了，被害人太惨了",
            "time": "20-7-24 17:48"
        },
        {
            "comment id": 56,
            "parent": -1,
            "children": [],
            "user id": "5305126724",
            "user name": "醉酒猫猫LEMON_",
            "content": "不信谣，不传谣🙏",
            "time": "20-7-24 17:36"
        },
        {
            "comment id": 57,
            "parent": -1,
            "children": [],
            "user id": "5871659591",
            "user name": "从前有个山大王biu",
            "content": "宁是被现在的悬疑电视剧给洗脑了吗？真就认为一个碎肉机就能碎尸？真以为人类的骨头能用菜刀一刀砍成两半？还是他们居住的屋子隔音设施一点声音都没？还是一层楼的用户都是聋子？就现在单元小区的常住人口，一个凶手在屋子里分尸碎尸，再分批的搬下去扔垃圾桶，你的朋友真是个小机灵鬼",
            "time": "20-7-24 18:52"
        },
        {
            "comment id": 58,
            "parent": -1,
            "children": [],
            "user id": "5689247214",
            "user name": "拖拉机smile",
            "content": "这是真的吗 吓死了",
            "time": "20-7-24 17:24"
        },
        {
            "comment id": 59,
            "parent": -1,
            "children": [],
            "user id": "5566368087",
            "user name": "秋叶晚柠",
            "content": "物业公司都辟谣了男的不是物业员工，怎么会有别人家钥匙，造谣",
            "time": "20-7-24 20:45"
        },
        {
            "comment id": 60,
            "parent": -1,
            "children": [],
            "user id": "3787133474",
            "user name": "谈小鑫是我",
            "content": "你家多用一吨水都能发现异常？",
            "time": "20-7-24 18:39"
        },
        {
            "comment id": 61,
            "parent": -1,
            "children": [],
            "user id": "1730232555",
            "user name": "40岁想去南极一次",
            "content": "看我的我可糟心",
            "time": "20-7-24 18:27"
        },
        {
            "comment id": 62,
            "parent": -1,
            "children": [],
            "user id": "5649450980",
            "user name": "热可可哦",
            "content": "大姐  是男的儿子要房子  啥也不到别在这说了woc",
            "time": "20-7-24 18:23"
        },
        {
            "comment id": 63,
            "parent": -1,
            "children": [],
            "user id": "1931827431",
            "user name": "獾院小叮当",
            "content": "怎么像一人俩账号似的……",
            "time": "20-7-24 18:13"
        },
        {
            "comment id": 64,
            "parent": -1,
            "children": [],
            "user id": "5735522349",
            "user name": "DrMu1997",
            "content": "我竟然看完了",
            "time": "20-7-24 17:17"
        },
        {
            "comment id": 65,
            "parent": -1,
            "children": [],
            "user id": "5317833523",
            "user name": "爱笑的海绵也是宝宝",
            "content": "恭喜你，你破案了，去领钱吧",
            "time": "20-7-25 00:50"
        },
        {
            "comment id": 66,
            "parent": -1,
            "children": [],
            "user id": "1921742222",
            "user name": "putao__",
            "content": "他根本不是物业的，官方都辟谣了。",
            "time": "20-7-24 21:52"
        },
        {
            "comment id": 67,
            "parent": -1,
            "children": [],
            "user id": "3991946260",
            "user name": "不敢挂五档的藤原拓海",
            "content": "一口一个富婆的，听着好别扭",
            "time": "20-7-24 21:49"
        },
        {
            "comment id": 68,
            "parent": -1,
            "children": [],
            "user id": "5476631012",
            "user name": "爱到春华秋实",
            "content": "不造谣不传谣噢",
            "time": "20-7-24 21:31"
        },
        {
            "comment id": 69,
            "parent": -1,
            "children": [],
            "user id": "5927596710",
            "user name": "51129阿絮",
            "content": "@H-Qing雅 看看这个",
            "time": "20-7-24 19:49"
        },
        {
            "comment id": 70,
            "parent": -1,
            "children": [],
            "user id": "2348729413",
            "user name": "小卜卜要发达",
            "content": "@小丝酱",
            "time": "20-7-24 19:35"
        },
        {
            "comment id": 71,
            "parent": -1,
            "children": [],
            "user id": "5761082447",
            "user name": "MannieQC",
            "content": "但是他剁的时候应该声音也很大呀",
            "time": "20-7-24 19:26"
        },
        {
            "comment id": 72,
            "parent": -1,
            "children": [],
            "user id": "2717931345",
            "user name": "马尾区扛把子",
            "content": "md  骗子",
            "time": "20-7-24 19:24"
        },
        {
            "comment id": 73,
            "parent": -1,
            "children": [],
            "user id": "2607418155",
            "user name": "A素手飞花",
            "content": "难道骨头也给碎了吗？不然怎么处理，扔掉了吗？",
            "time": "20-7-24 19:21"
        },
        {
            "comment id": 74,
            "parent": -1,
            "children": [],
            "user id": "2516651005",
            "user name": "Rendous",
            "content": "……",
            "time": "20-7-24 17:34"
        },
        {
            "comment id": 75,
            "parent": -1,
            "children": [],
            "user id": "2952750571",
            "user name": "wodr_Whocanbefound",
            "content": "等官方通报吧",
            "time": "20-7-24 17:31"
        },
        {
            "comment id": 76,
            "parent": -1,
            "children": [],
            "user id": "7056717416",
            "user name": "安安啦呦",
            "content": "我敲，细思极恐",
            "time": "20-7-24 17:14"
        },
        {
            "comment id": 77,
            "parent": -1,
            "children": [],
            "user id": "5253081403",
            "user name": "Ncorty阿玄",
            "content": "好吓人",
            "time": "20-7-24 17:14"
        },
        {
            "comment id": 78,
            "parent": -1,
            "children": [],
            "user id": "2974734945",
            "user name": "畅畅等秋天",
            "content": "令人唏嘘",
            "time": "20-7-24 17:12"
        },
        {
            "comment id": 79,
            "parent": -1,
            "children": [],
            "user id": "2326057210",
            "user name": "袁鲧鲧有一尾鱼",
            "content": "@奔跑的可乐鸭",
            "time": "20-7-24 17:11"
        },
        {
            "comment id": 80,
            "parent": -1,
            "children": [],
            "user id": "2130572573",
            "user name": "诗和远方6847",
            "content": "其实只要不扯结婚证，利益就很好分配了。很多家破人亡都是结婚证，结婚证绑定财产必然出现利益分配问题。",
            "time": "20-7-24 19:22"
        },
        {
            "comment id": 81,
            "parent": -1,
            "children": [],
            "user id": "2732785755",
            "user name": "黑咕隆咚小胖纸",
            "content": "天啊真的吗？电视剧都不敢这么演",
            "time": "20-7-24 17:15"
        },
        {
            "comment id": 82,
            "parent": -1,
            "children": [],
            "user id": "5587586722",
            "user name": "十天之前",
            "content": "有点像章莹颖案那个凶手",
            "time": "20-7-24 17:10"
        },
        {
            "comment id": 83,
            "parent": -1,
            "children": [],
            "user id": "5871723652",
            "user name": "恒丰pawn",
            "content": "瞎掰 他老公也不在小区物业上班 他也不可能在别人家里分解尸体",
            "time": "20-7-24 17:59"
        },
        {
            "comment id": 84,
            "parent": -1,
            "children": [],
            "user id": "6493675837",
            "user name": "handsome5764",
            "content": "哎！所以说啊！前夫那好不知道怎么想的要离婚，一般离婚二婚的人，没有好下场的特别多.人在做天在看，到时间，收你命天老爷来.",
            "time": "20-7-24 21:37"
        },
        {
            "comment id": 85,
            "parent": -1,
            "children": [],
            "user id": "6878193077",
            "user name": "妙妙猴31413",
            "content": "还是房东从用水量异常发现不对报警了，才找到人？所以这么多天，警察就没想到咋破案？网友厉害，早就看见网友说用水量的问题了。",
            "time": "20-7-24 18:45"
        },
        {
            "comment id": 86,
            "parent": -1,
            "children": [],
            "user id": "7083295630",
            "user name": "家有小美女55852",
            "content": "谁说警犬几天就闻不到了，瞎扯淡",
            "time": "20-7-24 18:14"
        },
        {
            "comment id": 87,
            "parent": -1,
            "children": [],
            "user id": "5353427845",
            "user name": "魔笛小主",
            "content": "是真的吗……",
            "time": "20-7-24 18:13"
        },
        {
            "comment id": 88,
            "parent": -1,
            "children": [],
            "user id": "6599328427",
            "user name": "点点小混蛋6608",
            "content": "你这个女孩怎么这么邪恶",
            "time": "20-7-24 18:06"
        },
        {
            "comment id": 89,
            "parent": -1,
            "children": [],
            "user id": "6453232671",
            "user name": "如初64",
            "content": "截图是谣言",
            "time": "20-7-24 17:44"
        },
        {
            "comment id": 90,
            "parent": -1,
            "children": [],
            "user id": "7313065875",
            "user name": "Ann萱萱·",
            "content": "那是怎么把人先弄死的呢吃的安眠药吗",
            "time": "20-7-24 17:39"
        },
        {
            "comment id": 91,
            "parent": -1,
            "children": [],
            "user id": "6998392751",
            "user name": "朢昜鸔髝",
            "content": "我连一只鸡都不敢杀，难以想象",
            "time": "20-7-24 17:29"
        },
        {
            "comment id": 92,
            "parent": -1,
            "children": [],
            "user id": "6998392751",
            "user name": "朢昜鸔髝",
            "content": "细思极恐",
            "time": "20-7-24 17:27"
        },
        {
            "comment id": 93,
            "parent": -1,
            "children": [],
            "user id": "6760154644",
            "user name": "BBBobby1",
            "content": "@性感美女胖虎",
            "time": "20-7-25 11:35"
        },
        {
            "comment id": 94,
            "parent": -1,
            "children": [],
            "user id": "5653977436",
            "user name": "妄图",
            "content": "@长尾巴的巴卫呀",
            "time": "20-7-25 04:09"
        },
        {
            "comment id": 95,
            "parent": -1,
            "children": [],
            "user id": "5059916723",
            "user name": "一晚米粒",
            "content": "@干净到家",
            "time": "20-7-24 23:39"
        },
        {
            "comment id": 96,
            "parent": -1,
            "children": [],
            "user id": "6593555845",
            "user name": "kAkA_佳佳子",
            "content": "@怦然星動wj",
            "time": "20-7-24 22:14"
        },
        {
            "comment id": 97,
            "parent": -1,
            "children": [
                98
            ],
            "user id": "5510815597",
            "user name": "随顺",
            "content": "@Oessi",
            "time": "20-7-24 20:18"
        },
        {
            "comment id": 98,
            "parent": 97,
            "children": [],
            "user id": "5263295668",
            "user name": "梅尼椰汁",
            "content": "这踏马",
            "time": "20-7-24 20:33"
        },
        {
            "comment id": 99,
            "parent": -1,
            "children": [],
            "user id": "7226625246",
            "user name": "adilisv",
            "content": "@只爱小张的臭弟弟",
            "time": "20-7-24 19:55"
        },
        {
            "comment id": 100,
            "parent": -1,
            "children": [],
            "user id": "6131154293",
            "user name": "今天也要很积极向上呢",
            "content": "@什么名字才比较酷炫呢",
            "time": "20-7-24 19:53"
        },
        {
            "comment id": 101,
            "parent": -1,
            "children": [],
            "user id": "5125268643",
            "user name": "X_ianEr",
            "content": "@Lyzsczld_ 我靠宝贝",
            "time": "20-7-24 19:48"
        },
        {
            "comment id": 102,
            "parent": -1,
            "children": [],
            "user id": "6363579087",
            "user name": "薄荷团子小摊",
            "content": "@金不纯纯纯 太可怕了",
            "time": "20-7-24 19:01"
        },
        {
            "comment id": 103,
            "parent": -1,
            "children": [],
            "user id": "5039311090",
            "user name": "往前走不回头hm",
            "content": "@向meng想的方向奔跑",
            "time": "20-7-24 18:59"
        },
        {
            "comment id": 104,
            "parent": -1,
            "children": [],
            "user id": "5713344676",
            "user name": "有只小熊跑了",
            "content": "@溜刘柳六煦佳",
            "time": "20-7-24 18:57"
        },
        {
            "comment id": 105,
            "parent": -1,
            "children": [],
            "user id": "3884866623",
            "user name": "林更新的小猪皮",
            "content": "@Jerrymike",
            "time": "20-7-24 18:54"
        },
        {
            "comment id": 106,
            "parent": -1,
            "children": [
                107
            ],
            "user id": "2479120701",
            "user name": "兰州DreamStarBalloon气球派对",
            "content": "@10Nuyoah",
            "time": "20-7-24 18:52"
        },
        {
            "comment id": 107,
            "parent": 106,
            "children": [],
            "user id": "1863004304",
            "user name": "泽森屿",
            "content": "可怕",
            "time": "20-7-24 19:13"
        },
        {
            "comment id": 108,
            "parent": -1,
            "children": [],
            "user id": "6409226802",
            "user name": "心向菩提燕子",
            "content": "吓死了😱",
            "time": "20-7-24 18:43"
        },
        {
            "comment id": 109,
            "parent": -1,
            "children": [],
            "user id": "5255353869",
            "user name": "一只婧籽_",
            "content": "@Daewo_",
            "time": "20-7-24 18:42"
        },
        {
            "comment id": 110,
            "parent": -1,
            "children": [],
            "user id": "6524470691",
            "user name": "深海冷冻ll猪",
            "content": "@hannaZeng woccc zz快来看",
            "time": "20-7-24 18:38"
        },
        {
            "comment id": 111,
            "parent": -1,
            "children": [],
            "user id": "1934192065",
            "user name": "满甜梨",
            "content": "@千焦千卡卡",
            "time": "20-7-24 18:35"
        },
        {
            "comment id": 112,
            "parent": -1,
            "children": [],
            "user id": "5709350206",
            "user name": "木子李李李0615",
            "content": "@haha笑哈哈",
            "time": "20-7-24 18:35"
        },
        {
            "comment id": 113,
            "parent": -1,
            "children": [],
            "user id": "7287451778",
            "user name": "满天星滲",
            "content": "@嘉嘉起个名字好难 wk我害怕了",
            "time": "20-7-24 18:32"
        },
        {
            "comment id": 114,
            "parent": -1,
            "children": [],
            "user id": "1730232555",
            "user name": "40岁想去南极一次",
            "content": "刚听完蒋勋红楼梦，题外话，你这壁纸不错",
            "time": "20-7-24 18:28"
        },
        {
            "comment id": 115,
            "parent": -1,
            "children": [],
            "user id": "6134996049",
            "user name": "提子可真好吃啊",
            "content": "@小钱公举",
            "time": "20-7-24 18:26"
        },
        {
            "comment id": 116,
            "parent": -1,
            "children": [],
            "user id": "5361718367",
            "user name": "镐粉很开心",
            "content": "@肥双-HS 害怕了",
            "time": "20-7-24 18:22"
        },
        {
            "comment id": 117,
            "parent": -1,
            "children": [],
            "user id": "5985738308",
            "user name": "还能有我草率",
            "content": "@兜兜转转的佩奇",
            "time": "20-7-24 18:20"
        },
        {
            "comment id": 118,
            "parent": -1,
            "children": [],
            "user id": "5848731873",
            "user name": "LLvirtue",
            "content": "@Hope_怡",
            "time": "20-7-24 18:17"
        },
        {
            "comment id": 119,
            "parent": -1,
            "children": [],
            "user id": "7366061250",
            "user name": "關於雨",
            "content": "@ImOKIThinkJustNeed2Sleep",
            "time": "20-7-24 18:15"
        },
        {
            "comment id": 120,
            "parent": -1,
            "children": [],
            "user id": "5773957945",
            "user name": "三水注满我三年",
            "content": "@快来喝西北风",
            "time": "20-7-24 18:11"
        },
        {
            "comment id": 121,
            "parent": -1,
            "children": [],
            "user id": "5187189500",
            "user name": "贾琳_Lynn7",
            "content": "@易烊千尔王",
            "time": "20-7-24 18:11"
        },
        {
            "comment id": 122,
            "parent": -1,
            "children": [],
            "user id": "5234382790",
            "user name": "是Pipi了",
            "content": "@翻箱倒柜8675",
            "time": "20-7-24 18:08"
        },
        {
            "comment id": 123,
            "parent": -1,
            "children": [],
            "user id": "5667826183",
            "user name": "性感小狗O3O",
            "content": "@JIJi酱- @呆家菌",
            "time": "20-7-24 18:07"
        },
        {
            "comment id": 124,
            "parent": -1,
            "children": [],
            "user id": "5667826183",
            "user name": "性感小狗O3O",
            "content": "@老赵头不接受反驳",
            "time": "20-7-24 18:07"
        },
        {
            "comment id": 125,
            "parent": -1,
            "children": [
                126
            ],
            "user id": "6583396066",
            "user name": "我洋是神明啊",
            "content": "@夜卜是神明啊 @阿政是神明啊",
            "time": "20-7-24 18:03"
        },
        {
            "comment id": 126,
            "parent": 125,
            "children": [],
            "user id": "6352652665",
            "user name": "夜卜是神明啊",
            "content": "所以结婚要慎重搞不好有命结没命离",
            "time": "20-7-24 19:18"
        },
        {
            "comment id": 127,
            "parent": -1,
            "children": [],
            "user id": "6083338015",
            "user name": "太阳晒长颈鹿",
            "content": "@吃鱼不会秃 @呀菠萝味奶糖 @cosin月 @陈思懿_ @i森系小仙女y @粽子没有米哟",
            "time": "20-7-24 17:58"
        },
        {
            "comment id": 128,
            "parent": -1,
            "children": [],
            "user id": "1884837101",
            "user name": "Trianglee_",
            "content": "@小猪佩奇sdc",
            "time": "20-7-24 17:53"
        },
        {
            "comment id": 129,
            "parent": -1,
            "children": [
                131,
                132,
                133
            ],
            "user id": "5447279399",
            "user name": "CrazyFFu",
            "content": "@小眼睛姑娘yr 啧啧",
            "time": "20-7-24 17:50"
        },
        {
            "comment id": 130,
            "parent": 131,
            "children": [],
            "user id": "5447279399",
            "user name": "CrazyFFu",
            "content": "回复@小眼睛姑娘yr:哈哈，太可怕了",
            "time": "20-7-25 10:12"
        },
        {
            "comment id": 131,
            "parent": 129,
            "children": [
                130
            ],
            "user id": "3492557914",
            "user name": "小眼睛姑娘yr",
            "content": "不过我还是好想吐。正在吃早餐的我",
            "time": "20-7-25 10:03"
        },
        {
            "comment id": 132,
            "parent": 129,
            "children": [],
            "user id": "3492557914",
            "user name": "小眼睛姑娘yr",
            "content": "看评论说好假",
            "time": "20-7-25 10:03"
        },
        {
            "comment id": 133,
            "parent": 129,
            "children": [],
            "user id": "3492557914",
            "user name": "小眼睛姑娘yr",
            "content": "kan ping lun s",
            "time": "20-7-25 10:02"
        },
        {
            "comment id": 134,
            "parent": -1,
            "children": [],
            "user id": "6855441311",
            "user name": "大王贝",
            "content": "@俞块 卧佛了",
            "time": "20-7-24 17:45"
        }
    ]
}