{
    "source": {
        "content": "#杭州失踪女子亲属在化粪池旁痛哭# 7.25 最新疑点！！！许先生十七年前曾在诸暨老家涉嫌一桩命案的详情（爆料附下），但因证据不足被释放。注:十七年前未破悬案的受害者，是一名刚步入花季的懵懂少女。高一第一学期寒假那年，生命定格在了家中浴室的浴缸中。据悉该受害者系单亲家庭，受害者母亲跟本案嫌疑人许先生来往密切，且可能存在一丝不正常关系。（此处严正声明仅是疑点，如有偏颇请网友理智对待，不要影响被害人母亲当下生活。仅为昭雪，万分抱歉）许国利也一度被怀疑调查，但因证据不足被释放，直至此次案件东窗事发被抓。我顿时产生更大的疑问？从此次杀人分尸细节上来看，许先生的心理与生理承受度超乎常人，作案手法细腻，心思缜密，甚至反侦查能力极强，案发后各种骚操作接受记者采访、误导警方侦查走向。可以看出内心扭曲且变态的许先生想让全世界相信他精心导演并亲自出演的骗局。这已经不是简单的杀人谋命，而是一个精心设计的游戏。这个许先生极有可能背着一到两起以上命案！ \n\n建议首先在默认来女士家人供诉时间无误上重查三点 ：\n\n1、来女士家中近一个月的水电费情况。考虑到在此之前有可能产生分尸使用工具消除痕迹情况，可以进行排查有无异常现象。再强调一遍是无论声音动静，还是警犬搜查，都不是可以百分百可以确定没有发生家中分尸灭迹的可能。世上无难事，只怕有心人。\n\n2、整个小区大可容下一个成年身高160女性体型的垃圾处理处。我想这种最常见，也最容易被忽略，来女士作为保洁员，不排除她和与保洁工作相关便利接触的熟人配合，基于保洁工作中对监控的了解和认知完美避开，半夜三点藏进垃圾桶，在最早一班垃圾车清理垃圾的过程中离开了这个小区。来女士的电话短信微信QQ各种社交软件上的聊天记录。\n\n3、来女士的失踪，并不排除出现第三者的情况，这里不过多解释，人性是复杂的也是多变的。       \n\n其次，如果该案件没有丝毫进展的话，警方不妨推翻一切口供与推证，从而对许先生从有罪推无罪。\n      \n 可能来女士失踪日期，与她老公和女儿的供诉有微妙的差别，正好在这不对称的信息差中，迷惑了警方，把警方引入了一个跟来女士失踪不交互的时间空间，调查所有监控，抽干景观河。信息源的局限性，迫使整个案件演变成诡异离奇的蒸发事件。而来女士本人，很可能在此之前（来女士老公供诉的7月4日午夜至7月5日凌晨)，已经在另一个地方，许先生完成了她的 失踪 或者 被失踪 。\n\n（7月22日据网友补充待证实:来女士丈夫老许曾管理过小区物业监控多年，并入伍当过侦察兵，心理素质极强，虽然通过五次警方测谎实验，但仍不排除来女士在他的“导演下”在监控中蒸发。）\n\n关于来女士失踪原因。作为再婚家庭里的妈妈，刚给女儿过完了十一岁的生日，感情上的第三者虽也不排除在外，但这一定是大概率的是被动的参与到失踪里去。\n\n因为首先这件事的起因，一直是无厘头状态。没有明显的导火索，即意味着违背当事人意愿发生的被动失踪大概率会发生。继而让我们一步步推论下去，这里可以是偶遇凶手而遭不测；或者是隔壁情人幽会，老公怒而故意报警，但舆论发酵过快，已经容不得她再委全脸面，而决定在某人帮助下失踪到底；亦或是来女士与丈夫间感情的决裂或是财产纠葛，而被他杀，从而丈夫导演出的不对称信息差的作案手法；再或是所谓的邪教传销神操作。但以上的种种猜测，都建立在当事人口供和警方公布的有限资料中。\n\n但是时间已经过去了十二天之久，时间已经冲刷了很多证据，哪怕来女士本来尚且无恙，但因为后期外界的种种影响压力，而遭不测之灾，也不乏可能。正如丈夫许先生所言:“以她的智商，一个人她出不去的 ”。 这句话你细品，一个人，遐想义:没有别人去帮助，她一个人是出不去的；她亦或是被囚禁或隐藏？很可能来女士真的再也走不出她的 “空间 ” 。\n#杭州失踪女子11岁女儿#  #杭州警方通报女子失踪案#",
        "time": "20-7-25 01:51",
        "user id": "2461508674",
        "tweet id": "JcKDpiEBP",
        "label": 1,
        "theme": null
    },
    "comment": [
        {
            "comment id": 0,
            "parent": -1,
            "children": [
                1,
                2
            ],
            "user id": "5264083166",
            "user name": "待望长安花",
            "content": "半夜三更看得我头皮发麻，一路走好",
            "time": "20-7-25 02:15"
        },
        {
            "comment id": 1,
            "parent": 0,
            "children": [],
            "user id": "6193324953",
            "user name": "綾悻是何运晨的小宝贝",
            "content": "我也看的毛骨悚然害",
            "time": "20-7-25 03:02"
        },
        {
            "comment id": 2,
            "parent": 0,
            "children": [],
            "user id": "7332700644",
            "user name": "我真不是run土",
            "content": "死无全尸，怎么走",
            "time": "20-7-25 09:44"
        },
        {
            "comment id": 3,
            "parent": -1,
            "children": [],
            "user id": "2522942892",
            "user name": "阿靖-穿披风的男纸soso",
            "content": "可怕，这么多人死在了枕边人的手里……边缘性人格真可怕，人前是人，人后是鬼。",
            "time": "20-7-25 02:24"
        },
        {
            "comment id": 4,
            "parent": -1,
            "children": [],
            "user id": "5657544548",
            "user name": "承协小星星",
            "content": "牙烟",
            "time": "20-7-25 02:26"
        },
        {
            "comment id": 5,
            "parent": -1,
            "children": [],
            "user id": "5975347195",
            "user name": "蜜桃小孙吖",
            "content": "天哪，好可怕",
            "time": "20-7-25 02:30"
        },
        {
            "comment id": 6,
            "parent": -1,
            "children": [],
            "user id": "1997683491",
            "user name": "柚子小姐姐love",
            "content": "结婚是不是出了检查身体健康，也应该检查一下心里！",
            "time": "20-7-25 20:16"
        },
        {
            "comment id": 7,
            "parent": -1,
            "children": [],
            "user id": "1834050892",
            "user name": "_CassiopeiaK",
            "content": "吓人",
            "time": "20-7-25 02:29"
        },
        {
            "comment id": 8,
            "parent": -1,
            "children": [
                9,
                10,
                11,
                12,
                13,
                14,
                15,
                16,
                17,
                18,
                19,
                21,
                22,
                23,
                24,
                25,
                26,
                27,
                28,
                29,
                30
            ],
            "user id": "5089090812",
            "user name": "桐椰椰",
            "content": "图四那是琴还是人 吓死我了",
            "time": "20-7-25 03:33"
        },
        {
            "comment id": 9,
            "parent": 8,
            "children": [],
            "user id": "6475492123",
            "user name": "找寻-YX",
            "content": "卧槽，你的头像吓的我一ge zhen（方言类似于一跳）🙄🙄",
            "time": "20-7-27 22:02"
        },
        {
            "comment id": 10,
            "parent": 8,
            "children": [],
            "user id": "5912610267",
            "user name": "空梦长久",
            "content": "吓死我了啊啊啊",
            "time": "20-7-27 12:39"
        },
        {
            "comment id": 11,
            "parent": 8,
            "children": [],
            "user id": "6075840941",
            "user name": "Poemsforya",
            "content": "你的头像更吓人",
            "time": "20-7-27 12:34"
        },
        {
            "comment id": 12,
            "parent": 8,
            "children": [],
            "user id": "1943668904",
            "user name": "61UCU1T1NG",
            "content": "把我吓的",
            "time": "20-7-25 13:15"
        },
        {
            "comment id": 13,
            "parent": 8,
            "children": [],
            "user id": "5312568485",
            "user name": "妮儿_Dylan",
            "content": "卧槽  你这头像差点没把我送走",
            "time": "20-7-25 11:15"
        },
        {
            "comment id": 14,
            "parent": 8,
            "children": [],
            "user id": "5995337643",
            "user name": "热情味野花",
            "content": "你真的好吓人，开始没注意，你这一说，有被吓到！",
            "time": "20-7-25 11:05"
        },
        {
            "comment id": 15,
            "parent": 8,
            "children": [],
            "user id": "6182116979",
            "user name": "江晚ml",
            "content": "我本来没注意到 但被你的评论和头像吓到了，大白天的",
            "time": "20-7-25 10:37"
        },
        {
            "comment id": 16,
            "parent": 8,
            "children": [],
            "user id": "2100492553",
            "user name": "邓邓邓邓家妹儿呀",
            "content": "刚看了新闻，果然和第一张截图的作者说的一样，以前就认识了！",
            "time": "20-7-25 10:26"
        },
        {
            "comment id": 17,
            "parent": 8,
            "children": [],
            "user id": "7248200904",
            "user name": "小楠给你算一命",
            "content": "古筝啊集美",
            "time": "20-7-25 09:57"
        },
        {
            "comment id": 18,
            "parent": 8,
            "children": [],
            "user id": "6368512759",
            "user name": "今天也要笑囍xi_",
            "content": "往过划得时候都要吓死了。",
            "time": "20-7-25 09:51"
        },
        {
            "comment id": 19,
            "parent": 8,
            "children": [],
            "user id": "5089090812",
            "user name": "桐椰椰",
            "content": "唐人街探案里 那个人不就是给镶佛像里 后来才运出去的嘛",
            "time": "20-7-25 09:48"
        },
        {
            "comment id": 20,
            "parent": 27,
            "children": [],
            "user id": "2100492553",
            "user name": "邓邓邓邓家妹儿呀",
            "content": "回复@小词姑娘:我返回去看了拿琴吓死我了，折回来又看见她头像又吓死我了！",
            "time": "20-7-25 09:45"
        },
        {
            "comment id": 21,
            "parent": 8,
            "children": [],
            "user id": "2809366983",
            "user name": "我叫徐一一",
            "content": "是古筝啊……",
            "time": "20-7-25 09:32"
        },
        {
            "comment id": 22,
            "parent": 8,
            "children": [],
            "user id": "2309340672",
            "user name": "山田大夢",
            "content": "再看一遍吓死我了",
            "time": "20-7-25 08:45"
        },
        {
            "comment id": 23,
            "parent": 8,
            "children": [],
            "user id": "5972043577",
            "user name": "果果好了",
            "content": "你眼珠子才吓人吧",
            "time": "20-7-25 08:37"
        },
        {
            "comment id": 24,
            "parent": 8,
            "children": [],
            "user id": "7082903507",
            "user name": "暗莘沁",
            "content": "回复@c-1247:我滴妈呀",
            "time": "20-7-25 08:13"
        },
        {
            "comment id": 25,
            "parent": 8,
            "children": [],
            "user id": "2254515857",
            "user name": "莓果果爱的夏天",
            "content": "回复@c-1247:我正在看恐怖片，看到你的回复又吓死了",
            "time": "20-7-25 07:25"
        },
        {
            "comment id": 26,
            "parent": 8,
            "children": [],
            "user id": "6437164938",
            "user name": "一个人的烟火Amber",
            "content": "回复@c-1247:那个应该是杀人魔故意说来混淆视线的，暗示人家和别的男人出去。因为他这个说法，导致当时好多网友说人在小区内情夫那。",
            "time": "20-7-25 07:24"
        },
        {
            "comment id": 27,
            "parent": 8,
            "children": [
                20
            ],
            "user id": "1837858950",
            "user name": "小词姑娘",
            "content": "tmd…我只是想找个说琴的评论……看到你的头像和评论吓尿了要……",
            "time": "20-7-25 05:09"
        },
        {
            "comment id": 28,
            "parent": 8,
            "children": [],
            "user id": "5089090812",
            "user name": "桐椰椰",
            "content": "回复@莓果粒儿:说来女士是穿了件咖啡色的吊带出去 警方找到的衣物却是白色的。。。只是把衣服扔化粪池掩人耳目吧 真正的尸首别再是镶这个琴里了😱",
            "time": "20-7-25 04:08"
        },
        {
            "comment id": 29,
            "parent": 8,
            "children": [],
            "user id": "5089090812",
            "user name": "桐椰椰",
            "content": "回复@莓果粒儿:",
            "time": "20-7-25 04:01"
        },
        {
            "comment id": 30,
            "parent": 8,
            "children": [],
            "user id": "2254515857",
            "user name": "莓果果爱的夏天",
            "content": "你的头像和这条评论也吓死我了",
            "time": "20-7-25 03:49"
        },
        {
            "comment id": 31,
            "parent": -1,
            "children": [],
            "user id": "5700597955",
            "user name": "我每天都很生气",
            "content": "别称呼先生了 叫💩都不配",
            "time": "20-7-25 03:13"
        },
        {
            "comment id": 32,
            "parent": -1,
            "children": [
                33
            ],
            "user id": "5743194724",
            "user name": "肖宝贝的星星",
            "content": "感觉单身也挺好的",
            "time": "20-7-25 03:28"
        },
        {
            "comment id": 33,
            "parent": 32,
            "children": [],
            "user id": "2596100955",
            "user name": "小狐狸綉綉",
            "content": "不婚不育保平安",
            "time": "20-7-25 07:19"
        },
        {
            "comment id": 34,
            "parent": -1,
            "children": [
                36,
                37,
                38
            ],
            "user id": "6113141351",
            "user name": "四叶草-1223",
            "content": "我的好朋友去年也被她老公在家害了，然后抛尸后又焚尸，男的还装着到处找她，男的自己报警，但是破绽太多，很快查清楚了",
            "time": "20-7-25 07:30"
        },
        {
            "comment id": 35,
            "parent": 36,
            "children": [],
            "user id": "6929303559",
            "user name": "WL15031",
            "content": "回复@四叶草-1223:这让你晚上怎么睡啊！！",
            "time": "20-7-26 00:40"
        },
        {
            "comment id": 36,
            "parent": 34,
            "children": [
                35
            ],
            "user id": "6113141351",
            "user name": "四叶草-1223",
            "content": "回复@江流千古鹤犹在:对我打击太大了，我不敢自己在家，晚上也不敢睡觉，害怕我老公对我也那样，过了很长时间才走出来，最近又出这种事，哎",
            "time": "20-7-25 13:55"
        },
        {
            "comment id": 37,
            "parent": 34,
            "children": [],
            "user id": "1881344920",
            "user name": "KlNPCHl",
            "content": "天啊……",
            "time": "20-7-25 13:38"
        },
        {
            "comment id": 38,
            "parent": 34,
            "children": [],
            "user id": "5483060273",
            "user name": "叫你BB得唔得",
            "content": "这都是什么人啊！",
            "time": "20-7-25 08:01"
        },
        {
            "comment id": 39,
            "parent": -1,
            "children": [
                40
            ],
            "user id": "1709548531",
            "user name": "只要有营养难吃也要吃",
            "content": "刚开始报道说监控器都没看到女人出去，我第一感觉就是被人抹了 ，必须是这栋楼的人而且是熟人，然后冲走了，不用经过任何的监控器。想起了死在英国那个女孩的事情。但是普通人估计不会用化学品。想到的就是ss。等官方通报。愿几个小孩能够快速走出阴影。那个渣渣就赶在农历七月跟着去吧",
            "time": "20-7-25 02:40"
        },
        {
            "comment id": 40,
            "parent": 39,
            "children": [],
            "user id": "5035566830",
            "user name": "枫霜轻染",
            "content": "我第一感觉跟大多数网友一样，是他老公干的",
            "time": "20-7-25 02:59"
        },
        {
            "comment id": 41,
            "parent": -1,
            "children": [],
            "user id": "5705931459",
            "user name": "-恰见明月栖山",
            "content": "太吓人了，一路走好",
            "time": "20-7-25 03:05"
        },
        {
            "comment id": 42,
            "parent": -1,
            "children": [],
            "user id": "1863218884",
            "user name": "G高儿_Bieber",
            "content": "@鄭Avon_YaFang",
            "time": "20-7-25 03:20"
        },
        {
            "comment id": 43,
            "parent": -1,
            "children": [],
            "user id": "5634389685",
            "user name": "thiswoocheon",
            "content": "@嵩洋洋",
            "time": "20-7-25 03:09"
        },
        {
            "comment id": 44,
            "parent": -1,
            "children": [],
            "user id": "1775750165",
            "user name": "请叫我肥嘟嘟姐姐",
            "content": "@城东城西",
            "time": "20-7-25 03:03"
        },
        {
            "comment id": 45,
            "parent": -1,
            "children": [
                46,
                47,
                48
            ],
            "user id": "6006726607",
            "user name": "让你改不了让你改不了",
            "content": "p1标明是初一，你又说是高一寒假。。。。",
            "time": "20-7-25 09:01"
        },
        {
            "comment id": 46,
            "parent": 45,
            "children": [],
            "user id": "7335272096",
            "user name": "banana呢6",
            "content": "回复@让你改不了让你改不了:这么简单你都看不明白还刷啥新闻啊  自己给自己找不痛快",
            "time": "20-7-25 12:26"
        },
        {
            "comment id": 47,
            "parent": 45,
            "children": [],
            "user id": "2818334892",
            "user name": "香菜杀手小张",
            "content": "图一是一个女生说的是回忆，回忆也是拼凑起来的片段，和她妈妈的回忆。她也说了记忆的不确定性。然后说高一是另一个人的评论，告诉博主时间是高一不是初一，并且是她同学。",
            "time": "20-7-25 10:57"
        },
        {
            "comment id": 48,
            "parent": 45,
            "children": [],
            "user id": "3235403531",
            "user name": "猫掉了吧i",
            "content": "不是一个人说的",
            "time": "20-7-25 09:22"
        },
        {
            "comment id": 49,
            "parent": -1,
            "children": [
                50
            ],
            "user id": "1759901567",
            "user name": "阿夕是个女神经",
            "content": "@yjiingsiih 这么多人，这么多凶手逍遥法外，我简直要看吐了",
            "time": "20-7-25 08:24"
        },
        {
            "comment id": 50,
            "parent": 49,
            "children": [
                51
            ],
            "user id": "3198605701",
            "user name": "yjiingsiih",
            "content": "维多利亚那个是不是一模一样的嘛[皱眉][皱眉]真是毛骨悚然",
            "time": "20-7-25 10:15"
        },
        {
            "comment id": 51,
            "parent": 50,
            "children": [],
            "user id": "1759901567",
            "user name": "阿夕是个女神经",
            "content": "回复@yjiingsiih:是啊",
            "time": "20-7-25 16:34"
        },
        {
            "comment id": 52,
            "parent": -1,
            "children": [
                53
            ],
            "user id": "2001354500",
            "user name": "Mensah-",
            "content": "@树梢球",
            "time": "20-7-25 11:56"
        },
        {
            "comment id": 53,
            "parent": 52,
            "children": [],
            "user id": "5434424181",
            "user name": "树梢球",
            "content": "太几把恐怖",
            "time": "20-7-25 13:20"
        },
        {
            "comment id": 54,
            "parent": -1,
            "children": [
                55
            ],
            "user id": "5676927194",
            "user name": "今天心情不好啊啊",
            "content": "@deriiii 可怕",
            "time": "20-7-25 10:26"
        },
        {
            "comment id": 55,
            "parent": 54,
            "children": [],
            "user id": "2328263424",
            "user name": "ZZXZZXY",
            "content": "不结婚保平安",
            "time": "20-7-25 16:00"
        },
        {
            "comment id": 56,
            "parent": -1,
            "children": [
                57
            ],
            "user id": "2546513064",
            "user name": "HiOldWang",
            "content": "@heiMay",
            "time": "20-7-25 09:38"
        },
        {
            "comment id": 57,
            "parent": 56,
            "children": [],
            "user id": "6150966991",
            "user name": "heiMay",
            "content": "",
            "time": "20-7-25 09:43"
        },
        {
            "comment id": 58,
            "parent": -1,
            "children": [],
            "user id": "3223110323",
            "user name": "只因酒窝",
            "content": "可怕！还有那些失踪案件，希望都能真相大白！",
            "time": "20-7-25 02:40"
        },
        {
            "comment id": 59,
            "parent": -1,
            "children": [],
            "user id": "1985062981",
            "user name": "Aimee咘咘",
            "content": "转发微博",
            "time": "20-7-26 09:55"
        },
        {
            "comment id": 60,
            "parent": -1,
            "children": [
                61
            ],
            "user id": "5109640408",
            "user name": "我家有个小呀小然然",
            "content": "@gongglj 性格有缺陷的男的，好吓人呀",
            "time": "20-7-25 14:18"
        },
        {
            "comment id": 61,
            "parent": 60,
            "children": [],
            "user id": "1812285663",
            "user name": "gongglj",
            "content": "我已经非常的恐婚了，哈哈哈哈",
            "time": "20-7-25 15:26"
        },
        {
            "comment id": 62,
            "parent": -1,
            "children": [
                63
            ],
            "user id": "3332338154",
            "user name": "奥地利宁的生煎",
            "content": "@上塘沿野丫头",
            "time": "20-7-25 12:24"
        },
        {
            "comment id": 63,
            "parent": 62,
            "children": [],
            "user id": "2379713371",
            "user name": "上塘沿野丫头",
            "content": "是的，我看了知乎",
            "time": "20-7-25 14:59"
        },
        {
            "comment id": 64,
            "parent": -1,
            "children": [
                65
            ],
            "user id": "1884827220",
            "user name": "陈哩个陈婷",
            "content": "@Sovia- 可怕！！",
            "time": "20-7-25 10:03"
        },
        {
            "comment id": 65,
            "parent": 64,
            "children": [],
            "user id": "1993031597",
            "user name": "吃嘛嘛香之粥",
            "content": "前晚睡前看了这个我做恶梦了",
            "time": "20-7-25 14:11"
        },
        {
            "comment id": 66,
            "parent": -1,
            "children": [
                67
            ],
            "user id": "5863052066",
            "user name": "害怕闪电10914",
            "content": "@闪电炸鱼丸",
            "time": "20-7-25 06:56"
        },
        {
            "comment id": 67,
            "parent": 66,
            "children": [],
            "user id": "6831711652",
            "user name": "闪电炸鱼丸",
            "content": "我去这么恐怖",
            "time": "20-7-25 06:59"
        },
        {
            "comment id": 68,
            "parent": -1,
            "children": [],
            "user id": "1768758620",
            "user name": "彭若然是我",
            "content": "@夏只只",
            "time": "20-7-25 04:04"
        },
        {
            "comment id": 69,
            "parent": -1,
            "children": [],
            "user id": "2187909461",
            "user name": "才不是叻",
            "content": "图九会不会是有人报复",
            "time": "20-7-25 21:15"
        },
        {
            "comment id": 70,
            "parent": -1,
            "children": [],
            "user id": "3906535843",
            "user name": "万果果啊",
            "content": "🙏🙏🙏",
            "time": "20-7-27 14:36"
        },
        {
            "comment id": 71,
            "parent": -1,
            "children": [],
            "user id": "6173786746",
            "user name": "中药方剂中内中诊中基背完了吗",
            "content": "瞎说什么，张嘴就是谣言",
            "time": "20-7-26 11:28"
        },
        {
            "comment id": 72,
            "parent": -1,
            "children": [],
            "user id": "3747998085",
            "user name": "Yvononene",
            "content": "@小果儿ii @迷路至我身旁",
            "time": "20-7-25 14:01"
        },
        {
            "comment id": 73,
            "parent": -1,
            "children": [],
            "user id": "2316142170",
            "user name": "皮秋秋_Wz",
            "content": "@小猪宗J",
            "time": "20-7-25 11:01"
        },
        {
            "comment id": 74,
            "parent": -1,
            "children": [],
            "user id": "5520422664",
            "user name": "wssssinking",
            "content": "@李土鸡",
            "time": "20-7-25 10:48"
        },
        {
            "comment id": 75,
            "parent": -1,
            "children": [],
            "user id": "6368512759",
            "user name": "今天也要笑囍xi_",
            "content": "要不是网络我们都不知道还有这么多此类案件。更可怕的是害自己还是最亲近的人。",
            "time": "20-7-25 09:53"
        },
        {
            "comment id": 76,
            "parent": -1,
            "children": [],
            "user id": "5705898123",
            "user name": "鹿象猿",
            "content": "假的不是侦察兵是工兵",
            "time": "20-7-25 08:12"
        },
        {
            "comment id": 77,
            "parent": -1,
            "children": [],
            "user id": "5363409613",
            "user name": "小轩在不在--MO",
            "content": "一路走好",
            "time": "20-7-25 07:53"
        },
        {
            "comment id": 78,
            "parent": -1,
            "children": [],
            "user id": "6189290985",
            "user name": "大天狗唯一的老婆大人",
            "content": "好可怕啊⋯⋯現在社會真是人心難測",
            "time": "20-7-25 06:39"
        },
        {
            "comment id": 79,
            "parent": -1,
            "children": [],
            "user id": "2956906945",
            "user name": "被追杀的好料",
            "content": "@一颗李雪梨",
            "time": "20-7-25 05:28"
        },
        {
            "comment id": 80,
            "parent": -1,
            "children": [],
            "user id": "5386442734",
            "user name": "叶子不倾城",
            "content": "这个事情还是被翻出来了，确实有嫌疑。",
            "time": "20-7-27 17:22"
        },
        {
            "comment id": 81,
            "parent": -1,
            "children": [],
            "user id": "3063577497",
            "user name": "败北酱是酱呀",
            "content": "看图片里怎么如此失踪亲人的怎么这么多啊，好悲惨的经历。罪恶的人还在暗处笑",
            "time": "20-7-26 18:22"
        },
        {
            "comment id": 82,
            "parent": -1,
            "children": [],
            "user id": "7052966081",
            "user name": "吃人不放盐了",
            "content": "也许当事人晚上会去找你感知真像，不用又是推理又是猜测的了。",
            "time": "20-7-25 14:09"
        },
        {
            "comment id": 83,
            "parent": -1,
            "children": [],
            "user id": "6509163847",
            "user name": "小丁快发财Na",
            "content": "我二妈也是这样  和我二叔两人在外地打工，人不见了两三天，我二叔才告诉我们人不见了，身份证什么的都在，什么都没带走，后来在一个水沟里发现的，至今不知道为什么，我希望这件事可以查清楚，但确实十几年过去了 怎么查……",
            "time": "20-7-25 11:22"
        },
        {
            "comment id": 84,
            "parent": -1,
            "children": [],
            "user id": "6310274154",
            "user name": "KRISw小迷妹",
            "content": "分析的好仔细啊 又一个恐婚小技巧",
            "time": "20-7-25 11:12"
        },
        {
            "comment id": 85,
            "parent": -1,
            "children": [],
            "user id": "5363802323",
            "user name": "Reus_东",
            "content": "悬赏10万找自己？最后警察还给你退10万呗？",
            "time": "20-7-25 10:23"
        },
        {
            "comment id": 86,
            "parent": -1,
            "children": [],
            "user id": "5649264494",
            "user name": "vnwjmj",
            "content": "@刘俊彤u",
            "time": "20-7-25 08:19"
        },
        {
            "comment id": 87,
            "parent": -1,
            "children": [],
            "user id": "5513080380",
            "user name": "Brynn-",
            "content": "诸暨人？？？",
            "time": "20-7-25 02:46"
        },
        {
            "comment id": 88,
            "parent": -1,
            "children": [],
            "user id": "5578766456",
            "user name": "一抹笑红尘_",
            "content": "又没确定，敲按钉板，一直喷人家不太好吧",
            "time": "20-7-27 16:05"
        },
        {
            "comment id": 89,
            "parent": -1,
            "children": [],
            "user id": "7325357735",
            "user name": "一只只只·",
            "content": "一路走好",
            "time": "20-7-27 14:14"
        },
        {
            "comment id": 90,
            "parent": -1,
            "children": [
                91
            ],
            "user id": "1837994683",
            "user name": "梅酱体重不过百",
            "content": "@鱼酱可以吃沙拉 @降si本7 看这些案例",
            "time": "20-7-27 11:31"
        },
        {
            "comment id": 91,
            "parent": 90,
            "children": [],
            "user id": "3720448121",
            "user name": "降si本7",
            "content": "志到了",
            "time": "20-7-27 13:40"
        },
        {
            "comment id": 92,
            "parent": -1,
            "children": [],
            "user id": "5354273534",
            "user name": "Properly橘子",
            "content": "不是，08年还是07跟前妻离婚，08跟死者结的婚吗",
            "time": "20-7-27 07:59"
        },
        {
            "comment id": 93,
            "parent": -1,
            "children": [],
            "user id": "3944768274",
            "user name": "爽啊啊爽死了",
            "content": "@人民日报 @最高人民法院 @央视新闻 两桩命案嫌疑人都有他，当年可能科技不太好没调查出来让他逃了这次可以一块审问了！",
            "time": "20-7-25 20:39"
        },
        {
            "comment id": 94,
            "parent": -1,
            "children": [],
            "user id": "3944768274",
            "user name": "爽啊啊爽死了",
            "content": "@央视新闻 @最高人民法院 @人民日报 两个案件可以联系起来调查一下！万一两个案件凶手都是他那也太可怕了顺便破获这个案件！",
            "time": "20-7-25 20:37"
        },
        {
            "comment id": 95,
            "parent": -1,
            "children": [],
            "user id": "3955591834",
            "user name": "初夏一支歌",
            "content": "恐婚",
            "time": "20-7-25 18:06"
        },
        {
            "comment id": 96,
            "parent": -1,
            "children": [],
            "user id": "5340208236",
            "user name": "来泡屎啊",
            "content": "@M_ANIMUS 好多",
            "time": "20-7-25 16:38"
        },
        {
            "comment id": 97,
            "parent": -1,
            "children": [],
            "user id": "6518548281",
            "user name": "是阿絮的心上人",
            "content": "还是单身快乐",
            "time": "20-7-25 15:55"
        },
        {
            "comment id": 98,
            "parent": -1,
            "children": [],
            "user id": "6140545054",
            "user name": "大西瓜啊西",
            "content": "@杭州公安 ",
            "time": "20-7-25 12:52"
        },
        {
            "comment id": 99,
            "parent": -1,
            "children": [],
            "user id": "5599743292",
            "user name": "小张不想谈恋爱_",
            "content": "@火羊小玺妹",
            "time": "20-7-25 12:48"
        },
        {
            "comment id": 100,
            "parent": -1,
            "children": [],
            "user id": "5649417274",
            "user name": "晚安晚安啦啦",
            "content": "每天一个恐婚小技巧",
            "time": "20-7-25 12:06"
        },
        {
            "comment id": 101,
            "parent": -1,
            "children": [],
            "user id": "5649417274",
            "user name": "晚安晚安啦啦",
            "content": "妈呀...",
            "time": "20-7-25 12:06"
        },
        {
            "comment id": 102,
            "parent": -1,
            "children": [],
            "user id": "6332052757",
            "user name": "简单旧颜",
            "content": "太恐怖😱",
            "time": "20-7-25 11:53"
        },
        {
            "comment id": 103,
            "parent": -1,
            "children": [],
            "user id": "2185722361",
            "user name": "怎么烂尾",
            "content": "@Lance_爱是忧郁的蓝",
            "time": "20-7-25 11:26"
        },
        {
            "comment id": 104,
            "parent": -1,
            "children": [],
            "user id": "1745762412",
            "user name": "七隻魚鰓",
            "content": "@泥泥辣",
            "time": "20-7-25 11:11"
        },
        {
            "comment id": 105,
            "parent": -1,
            "children": [],
            "user id": "6798991627",
            "user name": "体育课你干嘛啊",
            "content": "@阮浮LUNA",
            "time": "20-7-25 11:08"
        },
        {
            "comment id": 106,
            "parent": -1,
            "children": [],
            "user id": "1896387125",
            "user name": "-CHANCEyt",
            "content": "@田一琛",
            "time": "20-7-25 10:56"
        },
        {
            "comment id": 107,
            "parent": -1,
            "children": [],
            "user id": "7006799554",
            "user name": "幻化成花-",
            "content": "@奶泡森牌奶思",
            "time": "20-8-28 20:05"
        },
        {
            "comment id": 108,
            "parent": -1,
            "children": [],
            "user id": "6123837955",
            "user name": "Cheryl木三三三",
            "content": "这两天看的恐婚恐育",
            "time": "20-7-27 15:31"
        },
        {
            "comment id": 109,
            "parent": -1,
            "children": [],
            "user id": "2858019493",
            "user name": "哥哥和我约会",
            "content": "怎么感觉图四下面是个人…",
            "time": "20-7-27 13:23"
        },
        {
            "comment id": 110,
            "parent": -1,
            "children": [],
            "user id": "5801849746",
            "user name": "琦琦swa",
            "content": "此内容为不实消息？",
            "time": "20-7-27 11:39"
        },
        {
            "comment id": 111,
            "parent": -1,
            "children": [],
            "user id": "5590584208",
            "user name": "啊啊啊啊啊啊珊y",
            "content": "不是侦察兵啊",
            "time": "20-7-27 10:22"
        },
        {
            "comment id": 112,
            "parent": -1,
            "children": [],
            "user id": "1964662690",
            "user name": "仙女是我的名字吖",
            "content": "@安安哥哥8",
            "time": "20-7-26 13:32"
        },
        {
            "comment id": 113,
            "parent": -1,
            "children": [],
            "user id": "5152399063",
            "user name": "你在捉咩啊·",
            "content": "@小王不太圆 @刘摆摊啊",
            "time": "20-7-25 15:41"
        },
        {
            "comment id": 114,
            "parent": -1,
            "children": [],
            "user id": "2952648074",
            "user name": "刺眼的是佳慧慧hh-",
            "content": "@written_oofall_ 已经写了不实信息了吓死我昨天",
            "time": "20-7-25 15:17"
        },
        {
            "comment id": 115,
            "parent": -1,
            "children": [
                116
            ],
            "user id": "1783865650",
            "user name": "喔伊细细细细",
            "content": "@Lray_Lray",
            "time": "20-7-25 13:46"
        },
        {
            "comment id": 116,
            "parent": 115,
            "children": [],
            "user id": "6398339504",
            "user name": "Lray_Lray",
            "content": "嗯 唉",
            "time": "20-7-25 21:05"
        },
        {
            "comment id": 117,
            "parent": -1,
            "children": [],
            "user id": "6941186935",
            "user name": "新年限定小眠",
            "content": "@晗晗皆星河",
            "time": "20-7-25 13:29"
        },
        {
            "comment id": 118,
            "parent": -1,
            "children": [],
            "user id": "5524545339",
            "user name": "温言耳语-",
            "content": "@-HWRui",
            "time": "20-7-25 13:15"
        },
        {
            "comment id": 119,
            "parent": -1,
            "children": [],
            "user id": "2881538274",
            "user name": "JINHANBIN131_",
            "content": "@JINANNIz",
            "time": "20-7-25 13:11"
        },
        {
            "comment id": 120,
            "parent": -1,
            "children": [],
            "user id": "6065994181",
            "user name": "喜欢睡一会丶",
            "content": "@徐晓蕾蕾蕾",
            "time": "20-7-25 13:00"
        },
        {
            "comment id": 121,
            "parent": -1,
            "children": [],
            "user id": "2796184530",
            "user name": "NINEKO-",
            "content": "@NicOL丿",
            "time": "20-7-25 12:56"
        },
        {
            "comment id": 122,
            "parent": -1,
            "children": [],
            "user id": "3738333002",
            "user name": "DoubleBooks",
            "content": "@KysJess",
            "time": "20-7-25 12:54"
        },
        {
            "comment id": 123,
            "parent": -1,
            "children": [
                124
            ],
            "user id": "6135305859",
            "user name": "帮我再夹一块红烧肉",
            "content": "@帮我再夹一块红烧鸡",
            "time": "20-7-25 10:40"
        },
        {
            "comment id": 124,
            "parent": 123,
            "children": [],
            "user id": "2182828590",
            "user name": "想学分身术的又又又木",
            "content": "看得我真的好害怕，瑟瑟发抖",
            "time": "20-7-29 15:10"
        }
    ]
}