{
    "source": {
        "content": "视频：假鸡蛋的制作！\n \n      假鸡蛋是否具有\"技术“可行性，一直有人存疑，看看这个吧。一个假鸡蛋的成本估计不足10分钱，“技术创新”无处不在。\n     蛋壳由碳酸钙、石蜡及石膏粉制造而成。蛋清、蛋白则主要由海藻酸钠，再加上明矾、明胶、色素等造成。蛋清是将海藻酸钠加进水造成溶液后，不断搅拌而制成的。\n     而蛋黄的主要成份同样是海藻酸钠液，再加入如柠檬黄一类的色素后，放进模具中，然后放入氯化钙溶液中凝固而成。\n#热门微博# #科学科普# #假鸡蛋# 哈勃观察员的微博视频",
        "time": "20-8-7 09:40",
        "user id": "7212314665",
        "tweet id": "JeMg3FcxJ",
        "label": 1,
        "theme": null
    },
    "comment": [
        {
            "comment id": 0,
            "parent": -1,
            "children": [
                1
            ],
            "user id": "1191955811",
            "user name": "速快SuMann",
            "content": "让鸡生不更容易？所以应该是玩具吧",
            "time": "20-8-7 09:53"
        },
        {
            "comment id": 1,
            "parent": 0,
            "children": [],
            "user id": "7212314665",
            "user name": "哈勃观察员",
            "content": "这是食用添加剂造的蛋，可以入口吃",
            "time": "20-8-7 10:05"
        },
        {
            "comment id": 2,
            "parent": -1,
            "children": [
                3
            ],
            "user id": "7212314665",
            "user name": "哈勃观察员",
            "content": "“假鸡蛋”制作技术真真切切的，这是科普解读，哪来什么“不实信息”？？？",
            "time": "20-8-7 11:37"
        },
        {
            "comment id": 3,
            "parent": 2,
            "children": [],
            "user id": "3166643142",
            "user name": "偏偏大",
            "content": "哈哈哈笑死我了",
            "time": "20-8-9 15:47"
        },
        {
            "comment id": 4,
            "parent": -1,
            "children": [
                9
            ],
            "user id": "6032762625",
            "user name": "杨林787",
            "content": "很早就说是假消息",
            "time": "20-8-7 13:05"
        },
        {
            "comment id": 5,
            "parent": 6,
            "children": [],
            "user id": "7212314665",
            "user name": "哈勃观察员",
            "content": "回复@杨林787:不是你的错，而是胡乱举报者反智！",
            "time": "20-8-7 13:25"
        },
        {
            "comment id": 6,
            "parent": 7,
            "children": [
                5
            ],
            "user id": "6032762625",
            "user name": "杨林787",
            "content": "回复@哈勃观察员:错了我说错了",
            "time": "20-8-7 13:23"
        },
        {
            "comment id": 7,
            "parent": 8,
            "children": [
                6
            ],
            "user id": "7212314665",
            "user name": "哈勃观察员",
            "content": "回复@杨林787:那怎么就是假消息了？",
            "time": "20-8-7 13:21"
        },
        {
            "comment id": 8,
            "parent": 9,
            "children": [
                7
            ],
            "user id": "6032762625",
            "user name": "杨林787",
            "content": "回复@哈勃观察员:我看到的新闻是：可以这样制作鸡蛋，但是没有效益。",
            "time": "20-8-7 13:15"
        },
        {
            "comment id": 9,
            "parent": 4,
            "children": [
                8
            ],
            "user id": "7212314665",
            "user name": "哈勃观察员",
            "content": "解读假鸡蛋的制作，是假消息吗？文中哪点假了，说说看",
            "time": "20-8-7 13:11"
        },
        {
            "comment id": 10,
            "parent": -1,
            "children": [
                11
            ],
            "user id": "1404429281",
            "user name": "江波2084",
            "content": "这种假鸡蛋吃起来和真鸡蛋味道不同吧",
            "time": "20-8-7 09:48"
        },
        {
            "comment id": 11,
            "parent": 10,
            "children": [],
            "user id": "7212314665",
            "user name": "哈勃观察员",
            "content": "味道几可乱真。您新大作的发行盛宴，点菜可别点鸡蛋",
            "time": "20-8-7 09:52"
        },
        {
            "comment id": 12,
            "parent": -1,
            "children": [
                13
            ],
            "user id": "1811401302",
            "user name": "时间足够你爱2022",
            "content": "我去，我还以为制造食材模型",
            "time": "20-8-7 10:29"
        },
        {
            "comment id": 13,
            "parent": 12,
            "children": [],
            "user id": "1811401302",
            "user name": "时间足够你爱2022",
            "content": "真是模型",
            "time": "20-8-7 10:30"
        },
        {
            "comment id": 14,
            "parent": -1,
            "children": [],
            "user id": "7456803066",
            "user name": "皮心的第三基地",
            "content": "这个别是学校门口买的那种凝胶玩具吧！",
            "time": "20-8-7 10:00"
        },
        {
            "comment id": 15,
            "parent": -1,
            "children": [],
            "user id": "6310980261",
            "user name": "哲远优思",
            "content": "过分",
            "time": "20-8-7 11:54"
        },
        {
            "comment id": 16,
            "parent": -1,
            "children": [],
            "user id": "6517362221",
            "user name": "曹桂全的个人微博",
            "content": "这个走内环，还是外环？",
            "time": "20-8-7 10:19"
        },
        {
            "comment id": 17,
            "parent": -1,
            "children": [],
            "user id": "1661198905",
            "user name": "韦布望远镜",
            "content": "聪明才智都用这里了。",
            "time": "20-8-7 13:42"
        },
        {
            "comment id": 18,
            "parent": -1,
            "children": [],
            "user id": "1089388523",
            "user name": "旭风005",
            "content": "这个据说没市场，成本比真鸡蛋还高。",
            "time": "20-8-7 11:55"
        },
        {
            "comment id": 19,
            "parent": -1,
            "children": [],
            "user id": "1093782857",
            "user name": "陶伟",
            "content": "聪明劲儿用不到正地方去，抓住食品药品造假的公开凌迟，看谁还敢",
            "time": "20-8-7 10:33"
        },
        {
            "comment id": 20,
            "parent": -1,
            "children": [],
            "user id": "7456803066",
            "user name": "皮心的第三基地",
            "content": "鸡蛋的成本并不高啊，伪造鸡蛋很可能连人工都捞不回来",
            "time": "20-8-7 10:01"
        },
        {
            "comment id": 21,
            "parent": -1,
            "children": [],
            "user id": "1890270774",
            "user name": "伍德兄",
            "content": "可这是玩具啊",
            "time": "20-8-7 10:44"
        },
        {
            "comment id": 22,
            "parent": -1,
            "children": [],
            "user id": "1342539890",
            "user name": "东郭扯淡",
            "content": "就是大个儿包了石头壳的水精灵",
            "time": "20-8-7 11:01"
        },
        {
            "comment id": 23,
            "parent": -1,
            "children": [],
            "user id": "7193449702",
            "user name": "楚戈168",
            "content": "中国人坑起自己人来最是快准狠",
            "time": "20-8-8 07:53"
        },
        {
            "comment id": 24,
            "parent": -1,
            "children": [],
            "user id": "2681429191",
            "user name": "遍寻尘世几寸欢",
            "content": "这也能算技术吗？食品造假没人管吗？食品安全部门形同虚设，还不如撤销了",
            "time": "20-8-8 17:25"
        },
        {
            "comment id": 25,
            "parent": -1,
            "children": [],
            "user id": "2681429191",
            "user name": "遍寻尘世几寸欢",
            "content": "众所周知，全世界只有中国人吃的鸡蛋是人下的不是鸡下的",
            "time": "20-8-8 17:24"
        }
    ]
}