{
    "source": {
        "content": "#四川乐山通报疑似化工厂泄漏#紧急撤离！！大家注意安全 ",
        "time": "20-8-20 13:58",
        "user id": "3275124562",
        "tweet id": "JgMvstlZ7",
        "label": 1,
        "theme": null
    },
    "comment": [
        {
            "comment id": 0,
            "parent": -1,
            "children": [
                1
            ],
            "user id": "3625708877",
            "user name": "果然还是无辣不欢",
            "content": "化工厂现在还产氯化钠呢？海盐现在缺口这么大吗",
            "time": "20-8-20 14:05"
        },
        {
            "comment id": 1,
            "parent": 0,
            "children": [
                2
            ],
            "user id": "5466650781",
            "user name": "嵌着星星的二筒_",
            "content": "氯化钠是基础工业原料 工业盐你也吃不了啊",
            "time": "20-8-20 14:46"
        },
        {
            "comment id": 2,
            "parent": 1,
            "children": [],
            "user id": "3625708877",
            "user name": "果然还是无辣不欢",
            "content": "回复@嵌着星星的二筒_:你典型的看不懂别人说啥，还想跟别人辩论型选手",
            "time": "20-8-20 15:05"
        },
        {
            "comment id": 3,
            "parent": -1,
            "children": [],
            "user id": "3251836415",
            "user name": "柠栀栀柠栀",
            "content": "打码 打了个寂寞 造谣就完了",
            "time": "20-8-20 14:01"
        },
        {
            "comment id": 4,
            "parent": -1,
            "children": [],
            "user id": "5602270464",
            "user name": "狗老师今天笑了吗",
            "content": "氯化钠厂……但凡有点知识乱说也能说个可信点的……",
            "time": "20-8-20 14:32"
        },
        {
            "comment id": 5,
            "parent": -1,
            "children": [],
            "user id": "1790296007",
            "user name": "久幕观影",
            "content": "造谣生事",
            "time": "20-8-20 14:35"
        },
        {
            "comment id": 6,
            "parent": -1,
            "children": [],
            "user id": "7415142577",
            "user name": "清汤辣子鸡",
            "content": "氯化钠是气体吗 我怎么依稀盐里有氯化钠",
            "time": "20-8-20 14:41"
        },
        {
            "comment id": 7,
            "parent": -1,
            "children": [],
            "user id": "6791566328",
            "user name": "刚发的什么让我看看",
            "content": "“氯化钠炸了……对消化系统影响特别大”，笑死，当地人平时不吃盐的吗？",
            "time": "20-8-20 14:38"
        },
        {
            "comment id": 8,
            "parent": -1,
            "children": [],
            "user id": "7279665430",
            "user name": "伏特加Finlandia56726",
            "content": "？？？啥迷惑行为",
            "time": "20-8-20 14:00"
        },
        {
            "comment id": 9,
            "parent": -1,
            "children": [],
            "user id": "2778467307",
            "user name": "沉默的熊177",
            "content": "神奇的码",
            "time": "20-8-20 14:02"
        }
    ]
}