{
    "source": {
        "content": "#海洋#最有骨气的鱼，一旦被捕立马自杀，让人心疼！ 玩闹动物城的微博视频 ",
        "time": "20-8-18 00:32",
        "user id": "6179910519",
        "tweet id": "Jgon388zL",
        "label": 1,
        "theme": null
    },
    "comment": [
        {
            "comment id": 0,
            "parent": -1,
            "children": [
                1,
                2,
                4,
                7,
                8,
                9,
                10,
                11,
                12
            ],
            "user id": "5761306454",
            "user name": "呐是皮皮",
            "content": "如果我没记错的话，是因为气压问题",
            "time": "20-8-18 15:33"
        },
        {
            "comment id": 1,
            "parent": 0,
            "children": [],
            "user id": "2100626675",
            "user name": "晕不啦叽",
            "content": "你还真搭理着帮无脑营销号……",
            "time": "20-9-1 08:16"
        },
        {
            "comment id": 2,
            "parent": 0,
            "children": [],
            "user id": "7267839648",
            "user name": "潘安87859",
            "content": "不完全是",
            "time": "20-8-23 13:08"
        },
        {
            "comment id": 3,
            "parent": 7,
            "children": [],
            "user id": "6130922181",
            "user name": "封闭自己530",
            "content": "回复@郝大狐狸:是回游……晚上会回游上浅水……能被钓起来……@博物杂志 里面有一期讲过",
            "time": "20-8-20 10:26"
        },
        {
            "comment id": 4,
            "parent": 0,
            "children": [],
            "user id": "5014509339",
            "user name": "Joky_Hao",
            "content": "你没记错",
            "time": "20-8-19 22:40"
        },
        {
            "comment id": 5,
            "parent": 6,
            "children": [],
            "user id": "3643051187",
            "user name": "黄景云_H",
            "content": "回复@呐是皮皮:不但没有妨碍，我还夸奖你很认真。",
            "time": "20-8-19 12:27"
        },
        {
            "comment id": 6,
            "parent": 9,
            "children": [
                5
            ],
            "user id": "5761306454",
            "user name": "呐是皮皮",
            "content": "回复@黄景云_H:你笑你的，我说我的，咱有妨碍吗？？？",
            "time": "20-8-19 11:14"
        },
        {
            "comment id": 7,
            "parent": 0,
            "children": [
                3
            ],
            "user id": "3309295207",
            "user name": "郝大狐狸",
            "content": "是这样。带鱼从深海捞上来水压变化太快所以会迅速死亡。带鱼也会到浅水活动，因为它游得慢所以可以适应水压变化，所以有人能钓到带鱼，是活的。",
            "time": "20-8-19 08:55"
        },
        {
            "comment id": 8,
            "parent": 0,
            "children": [],
            "user id": "1670552460",
            "user name": "哥哥躲雨嘛1",
            "content": "哈哈哈哈😂你没记错",
            "time": "20-8-19 07:01"
        },
        {
            "comment id": 9,
            "parent": 0,
            "children": [
                6
            ],
            "user id": "3643051187",
            "user name": "黄景云_H",
            "content": "笑笑就行了，你不但当真了、还公布正确答案。",
            "time": "20-8-19 05:48"
        },
        {
            "comment id": 10,
            "parent": 0,
            "children": [],
            "user id": "7141681431",
            "user name": "果壳中的大设计",
            "content": "液⋯液压？吧",
            "time": "20-8-19 00:13"
        },
        {
            "comment id": 11,
            "parent": 0,
            "children": [],
            "user id": "7278864437",
            "user name": "果粒城527",
            "content": "自信点，去掉如果",
            "time": "20-8-18 18:23"
        },
        {
            "comment id": 12,
            "parent": 0,
            "children": [],
            "user id": "6043174467",
            "user name": "妄想谶孟",
            "content": "你没记错哈哈哈",
            "time": "20-8-18 18:00"
        },
        {
            "comment id": 13,
            "parent": -1,
            "children": [],
            "user id": "5387054423",
            "user name": "君道修心",
            "content": "emmm，怎么说呢？建议多读书，少喝鸡汤",
            "time": "20-8-18 15:45"
        },
        {
            "comment id": 14,
            "parent": -1,
            "children": [],
            "user id": "5878659096",
            "user name": "超话社区",
            "content": "你好，你感兴趣的“海洋”已开通了超话社区～ 超话社区是微博旗下兴趣互动社区，快来与志同道合的小伙伴们一起交流互动吧！ 戳我进入>> 海洋超话",
            "time": "20-8-19 10:10"
        },
        {
            "comment id": 15,
            "parent": -1,
            "children": [],
            "user id": "5878659096",
            "user name": "超话社区",
            "content": "你好，你感兴趣的“海洋”已开通了超话社区～ 超话社区是微博旗下兴趣互动社区，快来与志同道合的小伙伴们一起交流互动吧！ 戳我进入>> 海洋超话",
            "time": "20-8-18 00:32"
        },
        {
            "comment id": 16,
            "parent": -1,
            "children": [],
            "user id": "5079486587",
            "user name": "那盖的木屋",
            "content": "扯淡",
            "time": "20-8-18 15:52"
        },
        {
            "comment id": 17,
            "parent": -1,
            "children": [],
            "user id": "6901196415",
            "user name": "清心not寡欲",
            "content": "多读书多看报，少吃零食多睡觉。唉，气压问题啊",
            "time": "20-8-20 09:40"
        },
        {
            "comment id": 18,
            "parent": -1,
            "children": [],
            "user id": "5269983545",
            "user name": "2022灿烂之星bulingbuling亮晶晶",
            "content": "哈哈哈哈你裸奔去海底也得自sha",
            "time": "20-8-18 16:30"
        },
        {
            "comment id": 19,
            "parent": -1,
            "children": [],
            "user id": "6556773338",
            "user name": "手捧阳光送给风",
            "content": "带鱼是深海中的产物，生活在深海区域 打捞上岸后，内压跟不上外压，体内气体受压强减小而膨胀，然后就炸了",
            "time": "20-8-20 00:11"
        },
        {
            "comment id": 20,
            "parent": -1,
            "children": [],
            "user id": "5572616618",
            "user name": "任游生",
            "content": "自杀你吗啊",
            "time": "20-10-10 12:22"
        },
        {
            "comment id": 21,
            "parent": -1,
            "children": [],
            "user id": "6533574718",
            "user name": "mbbboring",
            "content": "别误导别人了 服了",
            "time": "20-8-31 11:33"
        },
        {
            "comment id": 22,
            "parent": -1,
            "children": [],
            "user id": "6061474177",
            "user name": "董大人Vv",
            "content": "放屁！一天天的能不能有点常识，别瞎特么的乱扯淡好吗？深水鱼出水受不了压力平衡",
            "time": "20-8-27 20:12"
        },
        {
            "comment id": 23,
            "parent": -1,
            "children": [],
            "user id": "3051710792",
            "user name": "generaljiang66",
            "content": "多读书",
            "time": "20-8-26 20:03"
        },
        {
            "comment id": 24,
            "parent": -1,
            "children": [],
            "user id": "5643557862",
            "user name": "骑着蜗牛闯红灯xv",
            "content": "沙雕",
            "time": "20-8-24 23:06"
        },
        {
            "comment id": 25,
            "parent": -1,
            "children": [],
            "user id": "7315898102",
            "user name": "面包树上人zz",
            "content": "白痴",
            "time": "20-8-23 10:15"
        },
        {
            "comment id": 26,
            "parent": -1,
            "children": [],
            "user id": "5263524943",
            "user name": "有追球的猪",
            "content": "又要屏蔽一个博主",
            "time": "20-8-21 19:11"
        },
        {
            "comment id": 27,
            "parent": -1,
            "children": [],
            "user id": "6683138719",
            "user name": "风陵渡飞云浦",
            "content": "唉，反智还是弱智",
            "time": "20-8-21 11:10"
        },
        {
            "comment id": 28,
            "parent": -1,
            "children": [],
            "user id": "7240441491",
            "user name": "打死也不要吃姜",
            "content": "他倒是想有个脾气",
            "time": "20-8-21 08:43"
        },
        {
            "comment id": 29,
            "parent": -1,
            "children": [],
            "user id": "6129476681",
            "user name": "且放白鹿青崖间005",
            "content": "一本正经的胡说八道…",
            "time": "20-8-20 17:28"
        },
        {
            "comment id": 30,
            "parent": -1,
            "children": [],
            "user id": "2980313770",
            "user name": "小丑爱傻笑",
            "content": "看吧，没读过书的都来当小编了吧！",
            "time": "20-8-20 17:23"
        },
        {
            "comment id": 31,
            "parent": -1,
            "children": [],
            "user id": "6293067485",
            "user name": "ABrnia",
            "content": "气压的原因是自杀？？？傻营销号",
            "time": "20-8-19 21:53"
        },
        {
            "comment id": 32,
            "parent": -1,
            "children": [],
            "user id": "2043943841",
            "user name": "笨笨有点懒",
            "content": "这种跟骨气有啥关系，它也不想，气压不让啊",
            "time": "20-8-19 08:15"
        },
        {
            "comment id": 33,
            "parent": -1,
            "children": [],
            "user id": "1956153187",
            "user name": "看这世界到处漂",
            "content": "气压问题",
            "time": "20-8-19 08:09"
        },
        {
            "comment id": 34,
            "parent": -1,
            "children": [],
            "user id": "5708737775",
            "user name": "文玩迷迷迷迷迷迷",
            "content": "心疼你个傻❌",
            "time": "20-8-19 08:01"
        },
        {
            "comment id": 35,
            "parent": -1,
            "children": [],
            "user id": "5336241727",
            "user name": "猿人洞之李",
            "content": "",
            "time": "20-8-19 03:34"
        },
        {
            "comment id": 36,
            "parent": -1,
            "children": [],
            "user id": "6866050339",
            "user name": "董小胖砸",
            "content": "学历越低，越感动。把你从平原扔青藏高原你也“自杀”",
            "time": "20-8-18 19:10"
        },
        {
            "comment id": 37,
            "parent": -1,
            "children": [],
            "user id": "1980732042",
            "user name": "鹅心桥东",
            "content": "@无穷小亮微博，素材来喽！ ",
            "time": "20-8-18 18:32"
        },
        {
            "comment id": 38,
            "parent": -1,
            "children": [],
            "user id": "6286806978",
            "user name": "该好友对你隐身可见",
            "content": "真TM敢说",
            "time": "20-8-18 17:34"
        },
        {
            "comment id": 39,
            "parent": -1,
            "children": [],
            "user id": "2134132053",
            "user name": "春光满面的太阳",
            "content": "深海鱼，抓上来，还能活？自杀？  自媒体的脑子呢？",
            "time": "20-8-18 16:31"
        },
        {
            "comment id": 40,
            "parent": -1,
            "children": [],
            "user id": "6298252093",
            "user name": "一颗不二的蔡",
            "content": "它是自杀？？？？？？？？？？？？？？",
            "time": "20-8-18 16:27"
        },
        {
            "comment id": 41,
            "parent": -1,
            "children": [],
            "user id": "5037382392",
            "user name": "Socrates是谁",
            "content": "不是因为带鱼生活的水深较大被被捕捞后，因为气压变化而死的嘛？没手没脚的咋自杀",
            "time": "20-8-18 14:56"
        },
        {
            "comment id": 42,
            "parent": -1,
            "children": [],
            "user id": "5561127759",
            "user name": "chenxi9523",
            "content": "沙雕造谣yxh",
            "time": "20-8-20 10:38"
        },
        {
            "comment id": 43,
            "parent": -1,
            "children": [],
            "user id": "2796610881",
            "user name": "CORSAIR0803",
            "content": "一本正经的胡说八道",
            "time": "20-8-19 09:20"
        }
    ]
}