{
    "source": {
        "content": "#新疆连续5天0新增#这么多天，第一条好消息\n各小区主任：\n根据市委市政府指示，会议内容，需大家做好以下工作。\n1.下星期一全面解封，回恢正常工作。各小区是逐步放开，因此在星期日通知居家隔离工作人员下星期一上班，打好考勤工作。\n2.现在住在本小区的所有工作人员，要严格遵守本社区管理规定，未接到能外出的通知，不得外出本小区，不要给自己找麻烦。现在小区吃住工作人员还继续住本小区，坚持到星期日下午。\n3.从今天起开始到星期日小区主要工作是环境卫生，全面消杀工作，垃圾清运工作，为星期一回恢正常做好准备工作。\n4.星期一回恢正常工作后，小区物业工作为全市重奌检查工作，为全市重点关注对象。小区进口维稳检查，疫情消杀防控工作，环境卫生，绿化养护，车辆有序管理，维修安全工作大家在星期日上午提前按排好。（报工作计划按以上工作做计划）。\n6.小区主任要传达各小区工作人员，上班期间不扎堆，不要闲聊，带口罩，勤洗手，工作场地干净消杀，在工作中遇到不带口罩业主要劝说。\n8.各小区主任要配合好社区工作，教育员工注意自身卫生，注意自身防控工作。疫情防控工作以后是常态化的。会一直到2021年春天。愿大家安好！",
        "time": "20-8-21 16:59",
        "user id": "6090260259",
        "tweet id": "JgX7gzP9e",
        "label": 1,
        "theme": null
    },
    "comment": [
        {
            "comment id": 0,
            "parent": -1,
            "children": [
                4
            ],
            "user id": "5975221530",
            "user name": "杕杜夭夭",
            "content": "这真的假的？！！",
            "time": "20-8-21 17:05"
        },
        {
            "comment id": 1,
            "parent": 2,
            "children": [],
            "user id": "5975221530",
            "user name": "杕杜夭夭",
            "content": "回复@H舒必利:哦哦",
            "time": "20-8-21 17:09"
        },
        {
            "comment id": 2,
            "parent": 3,
            "children": [
                1
            ],
            "user id": "6090260259",
            "user name": "H舒必利",
            "content": "回复@杕杜夭夭:哈密",
            "time": "20-8-21 17:08"
        },
        {
            "comment id": 3,
            "parent": 4,
            "children": [
                2
            ],
            "user id": "5975221530",
            "user name": "杕杜夭夭",
            "content": "回复@H舒必利:昌吉吗",
            "time": "20-8-21 17:07"
        },
        {
            "comment id": 4,
            "parent": 0,
            "children": [
                3
            ],
            "user id": "6090260259",
            "user name": "H舒必利",
            "content": "我们这通知的",
            "time": "20-8-21 17:06"
        }
    ]
}