{
    "source": {
        "content": "帮忙传发，一个四川乐山的钢筋工打工者，杨敏，请他速回四川乐山，直接到乐山市人民医院，家中洪水，父母双亡，老婆被洪水冲走音讯全无，妹妹伤势很严重，想见他最后一面。\n大爷：19113260753\n爱心接力。\n这个不转对不起自己的良心\n 四川省乐山市公安局\n 谢谢！\n十万火急-----谁的群多",
        "time": "20-8-19 00:25",
        "user id": "6679370286",
        "tweet id": "JgxKXxZz1",
        "label": 1,
        "theme": null
    },
    "comment": [
        {
            "comment id": 0,
            "parent": -1,
            "children": [
                1,
                2
            ],
            "user id": "1416895872",
            "user name": "孤旅天涯的围脖",
            "content": "到处发谣言",
            "time": "20-8-19 10:55"
        },
        {
            "comment id": 1,
            "parent": 0,
            "children": [],
            "user id": "6679370286",
            "user name": "房客E家小吕",
            "content": "我在朋友圈看到的",
            "time": "20-8-19 21:26"
        },
        {
            "comment id": 2,
            "parent": 0,
            "children": [],
            "user id": "6679370286",
            "user name": "房客E家小吕",
            "content": "我身边的人发的，我觉得是真的",
            "time": "20-8-19 21:26"
        },
        {
            "comment id": 3,
            "parent": -1,
            "children": [
                4
            ],
            "user id": "6056253189",
            "user name": "开心美一天100",
            "content": "是不是真的？",
            "time": "20-8-19 03:25"
        },
        {
            "comment id": 4,
            "parent": 3,
            "children": [],
            "user id": "6385208121",
            "user name": "低调30631",
            "content": "乐山网警都辟谣了，你信网警还是朋友圈",
            "time": "20-8-20 10:22"
        }
    ]
}