{
    "source": {
        "content": "转基因玉米的区别，大家都看看 ",
        "time": "20-8-25 15:42",
        "user id": "2577359653",
        "tweet id": "Jhyk1oW4k",
        "label": 1,
        "theme": null
    },
    "comment": [
        {
            "comment id": 0,
            "parent": -1,
            "children": [],
            "user id": "5397960075",
            "user name": "月光-2011708",
            "content": "",
            "time": "20-8-25 23:55"
        },
        {
            "comment id": 1,
            "parent": -1,
            "children": [],
            "user id": "5824562159",
            "user name": "4737珠珠",
            "content": "666",
            "time": "20-8-25 15:47"
        },
        {
            "comment id": 2,
            "parent": -1,
            "children": [],
            "user id": "5767989150",
            "user name": "儱心冰凝78069",
            "content": "😋😋😋😋😋",
            "time": "20-8-25 23:15"
        },
        {
            "comment id": 3,
            "parent": -1,
            "children": [
                4
            ],
            "user id": "3175961017",
            "user name": "飞流鸡血馨_901_669",
            "content": "真的假的啊？",
            "time": "20-8-25 23:57"
        },
        {
            "comment id": 4,
            "parent": 3,
            "children": [],
            "user id": "2166217144",
            "user name": "怕被别人认出来",
            "content": "假的，已经辟谣了，这种博主没什么脑子的，建议大家别看。",
            "time": "20-8-26 06:24"
        },
        {
            "comment id": 5,
            "parent": -1,
            "children": [],
            "user id": "3128842877",
            "user name": "榴莲拌饭11",
            "content": "6",
            "time": "20-8-25 16:38"
        },
        {
            "comment id": 6,
            "parent": -1,
            "children": [],
            "user id": "3523537253",
            "user name": "浩瀚海8489",
            "content": "",
            "time": "20-8-25 15:58"
        },
        {
            "comment id": 7,
            "parent": -1,
            "children": [
                8,
                9,
                11,
                12
            ],
            "user id": "1363969863",
            "user name": "雪草狼",
            "content": "不懂就问，转基因有啥坏处",
            "time": "20-8-25 15:59"
        },
        {
            "comment id": 8,
            "parent": 7,
            "children": [],
            "user id": "1845579334",
            "user name": "清远大和尚",
            "content": "不能确定有害，也不能确定无害，看着吃吧",
            "time": "20-8-26 10:02"
        },
        {
            "comment id": 9,
            "parent": 7,
            "children": [],
            "user id": "3607446243",
            "user name": "向阳花追暖阳",
            "content": "而觉得没有危害的人是这样想的：转基因产量高，口感好更实惠为啥不吃？存在即合理，搞那么多事儿不累吗？    综上所述，目前没有完整的实验数据能够证明，转基因有害，但是也不能证实无害。所以目前来说，吃还是不吃全在你自己是怎么决定的。",
            "time": "20-8-26 09:45"
        },
        {
            "comment id": 10,
            "parent": 11,
            "children": [],
            "user id": "1363969863",
            "user name": "雪草狼",
            "content": "回复@向阳花追暖阳:现在一些食用油用的是转基因的大豆之类的",
            "time": "20-8-26 09:43"
        },
        {
            "comment id": 11,
            "parent": 7,
            "children": [
                10
            ],
            "user id": "3607446243",
            "user name": "向阳花追暖阳",
            "content": "有人说转基因食物是非自然发展的结果，人类强行改变基因后得到的产物，因为基因改变，基因的表达会有对应变化，这些新产生的物质是原来自然界不存在的，觉得有危害的人他们想的是，这玩意儿吃了万一会带来我的基因变化或者不自然的物质吃下去长时间累积会给我身体带来不可逆转的伤害。所以这玩意儿少碰",
            "time": "20-8-26 09:41"
        },
        {
            "comment id": 12,
            "parent": 7,
            "children": [],
            "user id": "5779416957",
            "user name": "快乐的扫灰工",
            "content": "畸形",
            "time": "20-8-25 22:01"
        },
        {
            "comment id": 13,
            "parent": -1,
            "children": [],
            "user id": "6867918609",
            "user name": "4737风的影子",
            "content": "ckhclh",
            "time": "20-8-25 15:58"
        },
        {
            "comment id": 14,
            "parent": -1,
            "children": [],
            "user id": "5651710087",
            "user name": "伯乐徒弟东东",
            "content": "6",
            "time": "20-8-25 15:48"
        },
        {
            "comment id": 15,
            "parent": -1,
            "children": [
                16
            ],
            "user id": "5800189400",
            "user name": "NJSG臭弟弟",
            "content": "不管转基因有没有坏处，反正中国老百姓已经吃了很多年了，其他不是老百姓的不知道。Ps：大豆",
            "time": "20-8-25 16:14"
        },
        {
            "comment id": 16,
            "parent": 15,
            "children": [
                17
            ],
            "user id": "6942907600",
            "user name": "迷死她-胡",
            "content": "中国转基因不允许直接给人吃的，都是做饲料或间接的",
            "time": "20-8-25 21:52"
        },
        {
            "comment id": 17,
            "parent": 16,
            "children": [],
            "user id": "5800189400",
            "user name": "NJSG臭弟弟",
            "content": "回复@迷死她-胡:你吃的大豆包括一些列制品全部是转基因的。包括现在的植物油（重点标注鲁花，金龙鱼）",
            "time": "20-8-26 05:53"
        }
    ]
}