{
    "source": {
        "content": "太惨了！太意外了！\n    北京地坛公园，器械运动，发生意外，单杠大回旋老者头部与横向跑过的孩子头部发生相撞，两人均已死亡。\n    带孩子出去玩的时候，一定要看好孩子！ 不刮胡子不刮脸只管剃头的老先生的微博视频 ",
        "time": "20-8-29 17:56",
        "user id": "6230832626",
        "tweet id": "JiaUjlks9",
        "label": 1,
        "theme": null
    },
    "comment": [
        {
            "comment id": 0,
            "parent": -1,
            "children": [
                1
            ],
            "user id": "1263844922",
            "user name": "古道边99",
            "content": "俩人没事就好！！",
            "time": "20-8-30 16:13"
        },
        {
            "comment id": 1,
            "parent": 0,
            "children": [],
            "user id": "6230832626",
            "user name": "不刮胡子的老先生",
            "content": "🙏",
            "time": "20-9-1 08:49"
        },
        {
            "comment id": 2,
            "parent": -1,
            "children": [],
            "user id": "6230832626",
            "user name": "不刮胡子的老先生",
            "content": "此博为误传信息，本人道歉了",
            "time": "22-3-22 16:43"
        },
        {
            "comment id": 3,
            "parent": -1,
            "children": [],
            "user id": "6230832626",
            "user name": "不刮胡子的老先生",
            "content": "回复@luofu201508 的表态:这是条误传信息和造谣差不多吧！我已经向各位网友发布道歉声明！也向好友认错！这次传谣的教训让我终身难忘！谢谢好友的关注！",
            "time": "20-9-1 23:32"
        },
        {
            "comment id": 4,
            "parent": -1,
            "children": [],
            "user id": "6230832626",
            "user name": "不刮胡子的老先生",
            "content": "回复@昆仑山人2018 的表态:那个是假信息🙏",
            "time": "20-9-1 13:27"
        },
        {
            "comment id": 5,
            "parent": -1,
            "children": [],
            "user id": "6230832626",
            "user name": "不刮胡子的老先生",
            "content": "回复@阿梁的天空 的表态:谢谢好友！上午好！",
            "time": "20-9-1 09:13"
        },
        {
            "comment id": 6,
            "parent": -1,
            "children": [],
            "user id": "6230832626",
            "user name": "不刮胡子的老先生",
            "content": "回复@直播只看董老师 的表态:🙏",
            "time": "20-9-1 09:09"
        },
        {
            "comment id": 7,
            "parent": -1,
            "children": [],
            "user id": "6230832626",
            "user name": "不刮胡子的老先生",
            "content": "回复@用户7373889336 的表态:上午好！谢谢好友",
            "time": "20-9-1 08:56"
        }
    ]
}