{
    "source": {
        "content": "学伴事件之后，山东大学被山东人嫌弃了。希望能吸取教训，改过自新。 ",
        "time": "20-9-14 06:23",
        "user id": "1682030907",
        "tweet id": "Jkxd3pktb",
        "label": 1,
        "theme": null
    },
    "comment": [
        {
            "comment id": 0,
            "parent": -1,
            "children": [
                2
            ],
            "user id": "5256549255",
            "user name": "雷母想得美",
            "content": "留学生多招些不就完了",
            "time": "20-9-14 07:42"
        },
        {
            "comment id": 1,
            "parent": 2,
            "children": [],
            "user id": "1924639132",
            "user name": "叫我小七就行",
            "content": "回复@雨巷激战2020:只有校长亲自上了",
            "time": "20-9-17 11:58"
        },
        {
            "comment id": 2,
            "parent": 0,
            "children": [
                1
            ],
            "user id": "7391523586",
            "user name": "雨巷激战2020",
            "content": "学伴就不好分了",
            "time": "20-9-14 11:04"
        },
        {
            "comment id": 3,
            "parent": -1,
            "children": [],
            "user id": "3936127725",
            "user name": "EAS最混的EMP",
            "content": "山大？批大？",
            "time": "20-9-14 07:38"
        },
        {
            "comment id": 4,
            "parent": -1,
            "children": [],
            "user id": "1677938542",
            "user name": "护纯陽",
            "content": "估计有些女学生不敢报考，怕当学伴",
            "time": "20-9-14 10:04"
        },
        {
            "comment id": 5,
            "parent": -1,
            "children": [],
            "user id": "7485151935",
            "user name": "李沅麒qiqiqi",
            "content": "山大主要来源就是山东考生",
            "time": "20-9-14 07:41"
        },
        {
            "comment id": 6,
            "parent": -1,
            "children": [],
            "user id": "1804627387",
            "user name": "犹豫就会败北2333",
            "content": "给本地生招点留学生学伴",
            "time": "20-9-14 09:02"
        },
        {
            "comment id": 7,
            "parent": -1,
            "children": [
                8
            ],
            "user id": "1790963655",
            "user name": "人生逆袭靠康波",
            "content": "可以考虑把山东大学负责人判死缓。",
            "time": "20-9-14 13:08"
        },
        {
            "comment id": 8,
            "parent": 7,
            "children": [],
            "user id": "7083738076",
            "user name": "五月风飞扬",
            "content": "还缓什么？直接……",
            "time": "20-9-17 10:42"
        },
        {
            "comment id": 9,
            "parent": -1,
            "children": [],
            "user id": "1640134784",
            "user name": "疼痛科马医森",
            "content": "多招黑绿不就行了",
            "time": "20-9-14 12:51"
        },
        {
            "comment id": 10,
            "parent": -1,
            "children": [],
            "user id": "1824576493",
            "user name": "asf3",
            "content": "不处死山东大学的领导人，难以平民愤。",
            "time": "20-9-14 14:24"
        },
        {
            "comment id": 11,
            "parent": -1,
            "children": [],
            "user id": "5255984560",
            "user name": "似曾相识_89873",
            "content": "山东大学在学伴事上犯了：以留学生为主以本国生为副的错误。给山东丢脸了。",
            "time": "20-9-14 08:37"
        },
        {
            "comment id": 12,
            "parent": -1,
            "children": [],
            "user id": "1692260930",
            "user name": "一级清蒸厨师猪悟能",
            "content": "转这类自媒体的文章有什么可信度，不要砸了自己的招牌",
            "time": "20-9-14 10:31"
        },
        {
            "comment id": 13,
            "parent": -1,
            "children": [],
            "user id": "1241151841",
            "user name": "专破大案邢育森",
            "content": "活该了，这就叫人民群众用脚投票，山东是孔孟之乡，人民引以为豪，丢不起这个人。",
            "time": "20-9-14 11:03"
        },
        {
            "comment id": 14,
            "parent": -1,
            "children": [],
            "user id": "5485605261",
            "user name": "杨逢春2015",
            "content": "人民心里有一秆称，中华民族自爱自尊自重自强团结为了国家和民族的利益敢于抗争的民族精神是可贵的，这样的民族精神一定要不断强化。",
            "time": "20-9-14 08:36"
        },
        {
            "comment id": 15,
            "parent": -1,
            "children": [],
            "user id": "1255670757",
            "user name": "么么哒亼潴",
            "content": "山大招技？压力山大啊",
            "time": "20-9-14 07:00"
        }
    ]
}