{
    "source": {
        "content": "杭州西湖断桥边的突发事件——看快速反应西湖特警的处置！[强][强][强] 乡下客的微博视频 ",
        "time": "20-9-30 21:07",
        "user id": "1548067152",
        "tweet id": "Jn3PSDGjL",
        "label": 1,
        "theme": null
    },
    "comment": [
        {
            "comment id": 0,
            "parent": -1,
            "children": [
                1,
                3,
                5,
                7,
                8
            ],
            "user id": "5644047228",
            "user name": "要芋泥不要芋头",
            "content": "所以这到底是演练还是真的",
            "time": "20-10-1 15:31"
        },
        {
            "comment id": 1,
            "parent": 0,
            "children": [],
            "user id": "3947195493",
            "user name": "Swanie迪",
            "content": "回复@Emei0628:演练 官方已经辟谣了",
            "time": "20-10-1 17:26"
        },
        {
            "comment id": 2,
            "parent": 3,
            "children": [],
            "user id": "1870132704",
            "user name": "月光娟娟628",
            "content": "回复@杭州西湖风景名胜区:好的，我再问问他。谢谢回复！",
            "time": "20-10-1 16:58"
        },
        {
            "comment id": 3,
            "parent": 0,
            "children": [
                2
            ],
            "user id": "2037457381",
            "user name": "杭州西湖风景名胜区",
            "content": "回复@Emei0628:您可以仔细看一下视频，旁边有多名安保人员打出提示红旗“正在演练，请配合”。",
            "time": "20-10-1 16:56"
        },
        {
            "comment id": 4,
            "parent": 5,
            "children": [],
            "user id": "1870132704",
            "user name": "月光娟娟628",
            "content": "回复@杭州西湖风景名胜区:那为什么我朋友上周值班时跟我说有人挟持游客？",
            "time": "20-10-1 16:45"
        },
        {
            "comment id": 5,
            "parent": 0,
            "children": [
                4
            ],
            "user id": "2037457381",
            "user name": "杭州西湖风景名胜区",
            "content": "回复@Emei0628:这是演练哦",
            "time": "20-10-1 16:31"
        },
        {
            "comment id": 6,
            "parent": 8,
            "children": [],
            "user id": "1608265793",
            "user name": "Leona平少",
            "content": "回复@城市边缘人8888:就是。要是真的，摄像那个老早被拉走了，哪能这么近拍。",
            "time": "20-10-1 16:22"
        },
        {
            "comment id": 7,
            "parent": 0,
            "children": [],
            "user id": "2151091784",
            "user name": "SuperCandy-5",
            "content": "不是真的，是演练",
            "time": "20-10-1 16:18"
        },
        {
            "comment id": 8,
            "parent": 0,
            "children": [
                6
            ],
            "user id": "2736573671",
            "user name": "城市边缘人8888",
            "content": "反正不信真的时候摄像机那样跟着拍照。",
            "time": "20-10-1 16:05"
        },
        {
            "comment id": 9,
            "parent": -1,
            "children": [
                10,
                11
            ],
            "user id": "2037457381",
            "user name": "杭州西湖风景名胜区",
            "content": "这个是演练哦",
            "time": "20-10-1 16:32"
        },
        {
            "comment id": 10,
            "parent": 9,
            "children": [],
            "user id": "1887522284",
            "user name": "夏口xk",
            "content": "顶您上去",
            "time": "20-10-1 16:40"
        },
        {
            "comment id": 11,
            "parent": 9,
            "children": [],
            "user id": "6200586572",
            "user name": "一颗芹菜精_W",
            "content": "快上去",
            "time": "20-10-1 17:24"
        },
        {
            "comment id": 12,
            "parent": -1,
            "children": [
                13,
                14,
                15
            ],
            "user id": "1971344997",
            "user name": "一起行走在别处的白",
            "content": "这是演练啊。我们经常演练的，这个被摔的也是警察👮好嘛",
            "time": "20-10-1 15:14"
        },
        {
            "comment id": 13,
            "parent": 12,
            "children": [],
            "user id": "1941270521",
            "user name": "Alllexis",
            "content": "回复@Emei0628:真个🔨 后面举着红旗，紧急演练，请勿靠近",
            "time": "20-10-1 16:21"
        },
        {
            "comment id": 14,
            "parent": 12,
            "children": [],
            "user id": "3040137070",
            "user name": "肥胖女孩子",
            "content": "回复@Emei0628:哈哈哈就是演练啊，你没看到边上还有摄像在拍嘛",
            "time": "20-10-1 15:51"
        },
        {
            "comment id": 15,
            "parent": 12,
            "children": [],
            "user id": "1870132704",
            "user name": "月光娟娟628",
            "content": "是真事，不是演练。",
            "time": "20-10-1 15:44"
        },
        {
            "comment id": 16,
            "parent": -1,
            "children": [
                17
            ],
            "user id": "1944561567",
            "user name": "时奇",
            "content": "搞得跟拍戏一样",
            "time": "20-10-1 08:05"
        },
        {
            "comment id": 17,
            "parent": 16,
            "children": [],
            "user id": "3124991071",
            "user name": "炸酱还是面",
            "content": "这就是拍戏啊",
            "time": "20-10-1 14:30"
        },
        {
            "comment id": 18,
            "parent": -1,
            "children": [
                19
            ],
            "user id": "1652097487",
            "user name": "小白酱_Yanisin",
            "content": "摆拍吧，那俩摄像离得那么近又那么淡定",
            "time": "20-10-1 14:53"
        },
        {
            "comment id": 19,
            "parent": 18,
            "children": [],
            "user id": "3188575022",
            "user name": "还有什么昵称没被用掉",
            "content": "摄像旁边有一个保护他的人",
            "time": "20-10-1 15:30"
        },
        {
            "comment id": 20,
            "parent": -1,
            "children": [
                21
            ],
            "user id": "2483856543",
            "user name": "JennieGerhardt",
            "content": "这种紧急演练在人多的地方好吗？",
            "time": "20-10-1 16:14"
        },
        {
            "comment id": 21,
            "parent": 20,
            "children": [
                22
            ],
            "user id": "1370296013",
            "user name": "Kun-kuuuuun",
            "content": "就是要人多的地方演练呀、告诉你出事了别傻了叭唧的围观～",
            "time": "20-10-1 16:18"
        },
        {
            "comment id": 22,
            "parent": 21,
            "children": [],
            "user id": "2736573671",
            "user name": "城市边缘人8888",
            "content": "回复@Kun-kuuuuun:是告诉你出事了要拿个手机跟拍，特写，然后发微博朋友圈",
            "time": "20-10-2 09:12"
        },
        {
            "comment id": 23,
            "parent": -1,
            "children": [],
            "user id": "1954477190",
            "user name": "设计不打烊",
            "content": "特警干的太漂亮了.一个背摔解决.",
            "time": "20-10-1 14:28"
        },
        {
            "comment id": 24,
            "parent": -1,
            "children": [],
            "user id": "6270321789",
            "user name": "花菜N个花菜",
            "content": "应该是演练，不是演练的话干嘛还拿相机去拍。你要是真是遇到歹徒了，会有人来拍你？找事做嘛？",
            "time": "20-10-1 15:34"
        },
        {
            "comment id": 25,
            "parent": -1,
            "children": [
                26
            ],
            "user id": "2649671593",
            "user name": "佳慧子哒哒哒",
            "content": "@超级奶奶斗劫匪 帅到我了",
            "time": "20-10-1 14:31"
        },
        {
            "comment id": 26,
            "parent": 25,
            "children": [],
            "user id": "1683706592",
            "user name": "就酒气儿",
            "content": "开始演练吧",
            "time": "20-10-1 14:39"
        },
        {
            "comment id": 27,
            "parent": -1,
            "children": [],
            "user id": "1005861015",
            "user name": "好大儿流浪野王",
            "content": "什么事这么想不开",
            "time": "20-10-1 16:47"
        },
        {
            "comment id": 28,
            "parent": -1,
            "children": [],
            "user id": "5356933928",
            "user name": "FL研",
            "content": "那是真摔啊  要是一般人就得背过气去",
            "time": "20-10-1 16:31"
        },
        {
            "comment id": 29,
            "parent": -1,
            "children": [],
            "user id": "3884534981",
            "user name": "城外一场风",
            "content": "太帅了那一下！！",
            "time": "20-10-1 16:24"
        },
        {
            "comment id": 30,
            "parent": -1,
            "children": [],
            "user id": "2645725762",
            "user name": "八宝糖n",
            "content": "我那天亲眼在地铁站看到一个类似的 不过没这逼真",
            "time": "20-10-1 15:50"
        },
        {
            "comment id": 31,
            "parent": -1,
            "children": [],
            "user id": "5553689611",
            "user name": "DearEloise_",
            "content": "靠，太帅了",
            "time": "20-10-1 15:48"
        },
        {
            "comment id": 32,
            "parent": -1,
            "children": [],
            "user id": "5368268954",
            "user name": "达达荀",
            "content": "太帅了",
            "time": "20-10-1 15:13"
        },
        {
            "comment id": 33,
            "parent": -1,
            "children": [],
            "user id": "3690512982",
            "user name": "吃饱了就瘦了",
            "content": "哇塞 特警太帅了",
            "time": "20-10-1 15:04"
        },
        {
            "comment id": 34,
            "parent": -1,
            "children": [],
            "user id": "5202811472",
            "user name": "歌坛第一南瓜",
            "content": "什么情况？",
            "time": "20-10-1 14:50"
        },
        {
            "comment id": 35,
            "parent": -1,
            "children": [],
            "user id": "5699265623",
            "user name": "MM雅沁",
            "content": "杭州西湖断桥",
            "time": "20-10-1 14:34"
        },
        {
            "comment id": 36,
            "parent": -1,
            "children": [],
            "user id": "1511470434",
            "user name": "蓝zi的微博",
            "content": "//@山东就是老家: 干净利索//@横亘峰峦:一个背肩摔立马制服罪犯，看来平时没少练功夫",
            "time": "20-10-1 07:49"
        },
        {
            "comment id": 37,
            "parent": -1,
            "children": [],
            "user id": "2643875520",
            "user name": "揪揪不啾i",
            "content": "演歹徒的那个警察好惨，是抓阄出来的吗",
            "time": "20-10-1 17:04"
        },
        {
            "comment id": 38,
            "parent": -1,
            "children": [],
            "user id": "1970906227",
            "user name": "俺的小小野望",
            "content": "演练吧",
            "time": "20-10-1 14:37"
        },
        {
            "comment id": 39,
            "parent": -1,
            "children": [],
            "user id": "5703922738",
            "user name": "德馥曼",
            "content": "深井冰吧 哪有长假在人这么多的地方演练的 还以为真出事了呢",
            "time": "20-10-1 17:27"
        },
        {
            "comment id": 40,
            "parent": -1,
            "children": [],
            "user id": "3947195493",
            "user name": "Swanie迪",
            "content": "是演练 已经辟谣了",
            "time": "20-10-1 17:25"
        },
        {
            "comment id": 41,
            "parent": -1,
            "children": [],
            "user id": "5061421313",
            "user name": "一头酷酷的鱼",
            "content": "无语",
            "time": "20-10-1 17:23"
        },
        {
            "comment id": 42,
            "parent": -1,
            "children": [],
            "user id": "2887965927",
            "user name": "一条尾巴_",
            "content": "牛逼！！",
            "time": "20-10-1 16:26"
        },
        {
            "comment id": 43,
            "parent": -1,
            "children": [],
            "user id": "1823927314",
            "user name": "FrankLeung18",
            "content": "演练吧",
            "time": "20-10-1 16:22"
        },
        {
            "comment id": 44,
            "parent": -1,
            "children": [],
            "user id": "5484227593",
            "user name": "人间无戮",
            "content": "实战演练啊，基本上都有的",
            "time": "20-10-1 15:42"
        },
        {
            "comment id": 45,
            "parent": -1,
            "children": [],
            "user id": "1565640244",
            "user name": "馬和兮_",
            "content": "这是在拍微电影啊....",
            "time": "20-10-1 15:34"
        },
        {
            "comment id": 46,
            "parent": -1,
            "children": [],
            "user id": "2351532515",
            "user name": "疏雨槑",
            "content": "在拍戏？那几个拍照片录视频的人这么悠闲？离得这么近不怕吗",
            "time": "20-10-1 15:03"
        },
        {
            "comment id": 47,
            "parent": -1,
            "children": [],
            "user id": "6464079648",
            "user name": "接近幸福",
            "content": "真的假的",
            "time": "20-10-1 15:01"
        },
        {
            "comment id": 48,
            "parent": -1,
            "children": [],
            "user id": "2704626595",
            "user name": "耳朵陈Lisa",
            "content": "哇塞！厉害了太帅了👍",
            "time": "20-10-1 14:56"
        },
        {
            "comment id": 49,
            "parent": -1,
            "children": [],
            "user id": "5501295852",
            "user name": "羽晨曦曦ZZT",
            "content": "太帅了",
            "time": "20-10-1 14:50"
        },
        {
            "comment id": 50,
            "parent": -1,
            "children": [],
            "user id": "2753724077",
            "user name": "凄h美",
            "content": "帅吊了",
            "time": "20-10-1 14:46"
        },
        {
            "comment id": 51,
            "parent": -1,
            "children": [],
            "user id": "1603162072",
            "user name": "Flower--Flower",
            "content": "好几天前的视频",
            "time": "20-10-1 14:45"
        },
        {
            "comment id": 52,
            "parent": -1,
            "children": [],
            "user id": "5232962095",
            "user name": "在原地画个圈",
            "content": "卧槽，那一下，真是帅炸",
            "time": "20-10-1 14:43"
        },
        {
            "comment id": 53,
            "parent": -1,
            "children": [],
            "user id": "5749122136",
            "user name": "时雨_时晴",
            "content": "是真事儿还是演练啊，害怕",
            "time": "20-10-1 14:43"
        },
        {
            "comment id": 54,
            "parent": -1,
            "children": [],
            "user id": "5506586307",
            "user name": "乡愁夜南",
            "content": "演练吧",
            "time": "20-10-1 14:41"
        },
        {
            "comment id": 55,
            "parent": -1,
            "children": [],
            "user id": "2499171407",
            "user name": "磊哥Pro",
            "content": "演练吧",
            "time": "20-10-1 14:33"
        },
        {
            "comment id": 56,
            "parent": -1,
            "children": [],
            "user id": "1226940254",
            "user name": "大大SCM",
            "content": "靠近拍的有病吧",
            "time": "20-10-1 14:29"
        },
        {
            "comment id": 57,
            "parent": -1,
            "children": [],
            "user id": "1670107757",
            "user name": "冥王女",
            "content": "这是在拍戏吗？",
            "time": "20-10-1 14:24"
        },
        {
            "comment id": 58,
            "parent": -1,
            "children": [],
            "user id": "5082185393",
            "user name": "吴南与-",
            "content": "还好我今天没去西湖散步",
            "time": "20-10-1 14:23"
        },
        {
            "comment id": 59,
            "parent": -1,
            "children": [],
            "user id": "1185046280",
            "user name": "我这种滴滴猫",
            "content": "@炯炯有神的死鱼眼",
            "time": "20-10-1 14:25"
        },
        {
            "comment id": 60,
            "parent": -1,
            "children": [],
            "user id": "5646379406",
            "user name": "Lilges",
            "content": "@jEssyYao_",
            "time": "20-10-1 17:08"
        },
        {
            "comment id": 61,
            "parent": -1,
            "children": [],
            "user id": "5900940381",
            "user name": "热勇一腔哈哈哈",
            "content": "@癫狂Seven 咱俩去西湖看看啊",
            "time": "20-10-1 17:06"
        },
        {
            "comment id": 62,
            "parent": -1,
            "children": [],
            "user id": "2674527957",
            "user name": "不愿透露姓氏的高少女呢",
            "content": "@薛凯月YY",
            "time": "20-10-1 16:40"
        },
        {
            "comment id": 63,
            "parent": -1,
            "children": [],
            "user id": "5583955539",
            "user name": "RD_SUN",
            "content": "@平凡的眼镜妹子",
            "time": "20-10-1 16:33"
        },
        {
            "comment id": 64,
            "parent": -1,
            "children": [],
            "user id": "2484017334",
            "user name": "JasonSJY",
            "content": "杭州这个营销可以的",
            "time": "20-10-1 16:28"
        },
        {
            "comment id": 65,
            "parent": -1,
            "children": [],
            "user id": "2484017334",
            "user name": "JasonSJY",
            "content": "边上云台拍摄",
            "time": "20-10-1 16:28"
        },
        {
            "comment id": 66,
            "parent": -1,
            "children": [],
            "user id": "6068027253",
            "user name": "dachongyolo",
            "content": "@Snowwhite1999",
            "time": "20-10-1 16:12"
        },
        {
            "comment id": 67,
            "parent": -1,
            "children": [],
            "user id": "6534085318",
            "user name": "_芖桃",
            "content": "@太长___",
            "time": "20-10-1 15:34"
        },
        {
            "comment id": 68,
            "parent": -1,
            "children": [
                69
            ],
            "user id": "5944459289",
            "user name": "考878的87想上岸",
            "content": "@ZILTENSAIKOU 卧槽 这过肩摔有点帅",
            "time": "20-10-1 15:34"
        },
        {
            "comment id": 69,
            "parent": 68,
            "children": [
                70
            ],
            "user id": "5944459289",
            "user name": "考878的87想上岸",
            "content": "结果好像是演练",
            "time": "20-10-1 15:34"
        },
        {
            "comment id": 70,
            "parent": 69,
            "children": [],
            "user id": "3186175634",
            "user name": "ZILTENSAIKOU",
            "content": "回复@考878的87想上岸:那也很帅哦",
            "time": "20-10-1 15:57"
        },
        {
            "comment id": 71,
            "parent": -1,
            "children": [],
            "user id": "5745658637",
            "user name": "lovelyaybabe",
            "content": "@另一个世界453 还好没去！！！",
            "time": "20-10-1 15:32"
        },
        {
            "comment id": 72,
            "parent": -1,
            "children": [],
            "user id": "2931315934",
            "user name": "春风十李iiiiii",
            "content": "@摇号不中不改名",
            "time": "20-10-1 15:10"
        },
        {
            "comment id": 73,
            "parent": -1,
            "children": [],
            "user id": "3502297585",
            "user name": "Yu3er-",
            "content": "@我的哪去了丶",
            "time": "20-10-1 14:52"
        },
        {
            "comment id": 74,
            "parent": -1,
            "children": [],
            "user id": "3607019772",
            "user name": "宇宙流浪者·",
            "content": "@胡同小王爱奶茶 太帅了",
            "time": "20-10-1 14:50"
        },
        {
            "comment id": 75,
            "parent": -1,
            "children": [],
            "user id": "5975378850",
            "user name": "沅沅脸圆圆",
            "content": "@最喜欢沅沅啦 原来是演练，我以为是真的",
            "time": "20-10-1 14:48"
        },
        {
            "comment id": 76,
            "parent": -1,
            "children": [
                77
            ],
            "user id": "3826145459",
            "user name": "立秋天气晴",
            "content": "@花火0128",
            "time": "20-10-1 14:01"
        },
        {
            "comment id": 77,
            "parent": 76,
            "children": [
                78
            ],
            "user id": "3826145459",
            "user name": "立秋天气晴",
            "content": "一脸懵阿",
            "time": "20-10-1 14:01"
        },
        {
            "comment id": 78,
            "parent": 77,
            "children": [],
            "user id": "6344732428",
            "user name": "Despa1rs",
            "content": "回复@立秋天气晴:不知道真的假的，安全就好",
            "time": "20-10-1 15:55"
        },
        {
            "comment id": 79,
            "parent": -1,
            "children": [],
            "user id": "2269718777",
            "user name": "老夫乃布衣",
            "content": "看那俩人猫腰配合、移动摄影的即可知也",
            "time": "20-9-30 21:59"
        },
        {
            "comment id": 80,
            "parent": -1,
            "children": [],
            "user id": "6348891326",
            "user name": "横亘峰峦",
            "content": "一个背肩摔立马制服罪犯，看来平时没少练功夫",
            "time": "20-9-30 21:47"
        }
    ]
}