{
    "source": {
        "content": "你看清是怎么回事了吗？特警就是厉害，一瞬间就把狂妄叫嚣的人制服了，我联想到收复台湾也是这种画面，迅雷不及掩耳。  丽江洛洛的微博视频 ",
        "time": "20-10-8 11:54",
        "user id": "1684190853",
        "tweet id": "JodDw2yOW",
        "label": 1,
        "theme": null
    },
    "comment": [
        {
            "comment id": 0,
            "parent": -1,
            "children": [
                1
            ],
            "user id": "1228516601",
            "user name": "丫花花俄花嚓嚓",
            "content": "那个说个无关的……蓝衣服为什么一直勾着白衣服……",
            "time": "20-10-10 01:41"
        },
        {
            "comment id": 1,
            "parent": 0,
            "children": [
                2
            ],
            "user id": "1684190853",
            "user name": "丽江洛洛",
            "content": "拍视频，保持平衡？",
            "time": "20-10-10 08:28"
        },
        {
            "comment id": 2,
            "parent": 1,
            "children": [],
            "user id": "1228516601",
            "user name": "丫花花俄花嚓嚓",
            "content": "回复@丽江洛洛:不知道呀",
            "time": "20-10-10 10:47"
        },
        {
            "comment id": 3,
            "parent": -1,
            "children": [
                4
            ],
            "user id": "2834904690",
            "user name": "尸匕匕",
            "content": "蓝衣服挟持白衣服怎么没去制服？",
            "time": "20-10-9 11:54"
        },
        {
            "comment id": 4,
            "parent": 3,
            "children": [],
            "user id": "1684190853",
            "user name": "丽江洛洛",
            "content": "",
            "time": "20-10-9 12:41"
        },
        {
            "comment id": 5,
            "parent": -1,
            "children": [
                6
            ],
            "user id": "3080715350",
            "user name": "我就看看灬不吱声",
            "content": "看清楚了，你没看清？",
            "time": "20-10-9 22:09"
        },
        {
            "comment id": 6,
            "parent": 5,
            "children": [
                7
            ],
            "user id": "1684190853",
            "user name": "丽江洛洛",
            "content": "没，是怎么放倒的？",
            "time": "20-10-9 22:59"
        },
        {
            "comment id": 7,
            "parent": 6,
            "children": [],
            "user id": "3080715350",
            "user name": "我就看看灬不吱声",
            "content": "回复@丽江洛洛:反关节背倒的啊，这都看不清？！",
            "time": "20-10-10 10:14"
        },
        {
            "comment id": 8,
            "parent": -1,
            "children": [],
            "user id": "5713496701",
            "user name": "小白白白老师",
            "content": "摄像机围观 在拍电视…",
            "time": "20-10-8 12:00"
        },
        {
            "comment id": 9,
            "parent": -1,
            "children": [],
            "user id": "3847433243",
            "user name": "乐姿声",
            "content": "留下足迹",
            "time": "20-10-8 11:55"
        },
        {
            "comment id": 10,
            "parent": -1,
            "children": [],
            "user id": "2657958761",
            "user name": "SantiagoMonze",
            "content": "突发事件演练",
            "time": "20-10-9 11:30"
        },
        {
            "comment id": 11,
            "parent": -1,
            "children": [],
            "user id": "2042226437",
            "user name": "看三国卍品人生",
            "content": "看着像配合特警拍电视剧，干净利落",
            "time": "20-10-10 01:58"
        },
        {
            "comment id": 12,
            "parent": -1,
            "children": [],
            "user id": "1151268047",
            "user name": "夯不郎当007",
            "content": "西湖断桥边上？",
            "time": "20-10-9 15:54"
        },
        {
            "comment id": 13,
            "parent": -1,
            "children": [],
            "user id": "6836999349",
            "user name": "Levi吃酸辣粉",
            "content": "那就要看收复台湾的时候，台湾人民是不是也演了",
            "time": "20-10-10 09:12"
        },
        {
            "comment id": 14,
            "parent": -1,
            "children": [],
            "user id": "5595857824",
            "user name": "Kimoi-",
            "content": "我一个滑铲",
            "time": "20-10-10 02:52"
        },
        {
            "comment id": 15,
            "parent": -1,
            "children": [],
            "user id": "2005208462",
            "user name": "TMcGrady_1",
            "content": "@十蚊爱宅",
            "time": "20-10-9 11:41"
        },
        {
            "comment id": 16,
            "parent": -1,
            "children": [],
            "user id": "6229487957",
            "user name": "春季与冬季",
            "content": "好帅",
            "time": "20-10-8 14:31"
        },
        {
            "comment id": 17,
            "parent": -1,
            "children": [],
            "user id": "5066050",
            "user name": "猪无数",
            "content": "碾压",
            "time": "20-10-9 21:11"
        },
        {
            "comment id": 18,
            "parent": -1,
            "children": [],
            "user id": "7423823472",
            "user name": "HexaarmShiva",
            "content": "大量事实证明，虚张声势才给别人可乘之机。",
            "time": "20-10-9 12:53"
        },
        {
            "comment id": 19,
            "parent": -1,
            "children": [],
            "user id": "6185229295",
            "user name": "青城山落雨听禅",
            "content": "没二下子，你总以为特警天天在玩！职业是有专长的，特别是保护人民的生命安全的时候，保护神就是保护神",
            "time": "20-10-10 09:34"
        },
        {
            "comment id": 20,
            "parent": -1,
            "children": [],
            "user id": "1736612053",
            "user name": "_SHIMMY_",
            "content": "@_CYRUS_",
            "time": "20-10-9 12:42"
        },
        {
            "comment id": 21,
            "parent": -1,
            "children": [],
            "user id": "2083045084",
            "user name": "笔加思",
            "content": "拍戏罢，还以为突破事件",
            "time": "20-10-8 13:02"
        }
    ]
}