{
    "source": {
        "content": "阿塞拜疆的米格-25与亚美尼亚地面防空系统的对决，太精彩了 分析师杨晓磊的微博视频 ",
        "time": "20-10-8 12:52",
        "user id": "3972729684",
        "tweet id": "Joe0Y9v9N",
        "label": 1,
        "theme": null
    },
    "comment": [
        {
            "comment id": 0,
            "parent": -1,
            "children": [
                1
            ],
            "user id": "1729971617",
            "user name": "侧外mk",
            "content": "假的",
            "time": "20-10-8 13:00"
        },
        {
            "comment id": 1,
            "parent": 0,
            "children": [],
            "user id": "2720912803",
            "user name": "多无止境",
            "content": "觉得也是游戏",
            "time": "20-10-8 13:04"
        },
        {
            "comment id": 2,
            "parent": -1,
            "children": [
                3
            ],
            "user id": "2720912803",
            "user name": "多无止境",
            "content": "像游戏画面",
            "time": "20-10-8 13:04"
        },
        {
            "comment id": 3,
            "parent": 2,
            "children": [],
            "user id": "2720912803",
            "user name": "多无止境",
            "content": "看烟和光的消失，绝对不是真实的画面",
            "time": "20-10-8 13:07"
        },
        {
            "comment id": 4,
            "parent": -1,
            "children": [],
            "user id": "1692628561",
            "user name": "宇字号汤包or汤圆",
            "content": "这是武装突袭，游戏来的。。。",
            "time": "20-10-8 14:21"
        },
        {
            "comment id": 5,
            "parent": -1,
            "children": [],
            "user id": "6751274105",
            "user name": "城南打铁铺",
            "content": "太假了吧",
            "time": "20-10-8 13:20"
        },
        {
            "comment id": 6,
            "parent": -1,
            "children": [
                7
            ],
            "user id": "2278041215",
            "user name": "大冯不疯",
            "content": "炮弹有些多了吧……感觉像是游戏或者电影的画面",
            "time": "20-10-8 12:58"
        },
        {
            "comment id": 7,
            "parent": 6,
            "children": [],
            "user id": "7170390956",
            "user name": "Dhanada2030",
            "content": "这种后端火炮只能连续发射几分钟，之后就报废了。",
            "time": "20-10-8 13:24"
        },
        {
            "comment id": 8,
            "parent": -1,
            "children": [],
            "user id": "1390689541",
            "user name": "我只看看笑而不语",
            "content": "这飞机没导弹？用机炮硬刚密集阵",
            "time": "20-10-8 12:59"
        },
        {
            "comment id": 9,
            "parent": -1,
            "children": [],
            "user id": "1492445523",
            "user name": "alexlinsw",
            "content": "地面打的是激光束吗",
            "time": "20-10-8 13:25"
        },
        {
            "comment id": 10,
            "parent": -1,
            "children": [],
            "user id": "1365127743",
            "user name": "量化守情",
            "content": "游戏名 武装突袭",
            "time": "20-10-8 13:31"
        },
        {
            "comment id": 11,
            "parent": -1,
            "children": [],
            "user id": "6662162641",
            "user name": "三分绝杀198409",
            "content": "直接发射空地导弹摧毁就行了。",
            "time": "20-10-8 14:33"
        },
        {
            "comment id": 12,
            "parent": -1,
            "children": [],
            "user id": "1030072173",
            "user name": "垫脚石X",
            "content": "好落后啊。。。",
            "time": "20-10-8 15:53"
        },
        {
            "comment id": 13,
            "parent": -1,
            "children": [],
            "user id": "1370264741",
            "user name": "周慕星云",
            "content": "米格25是高空高速截击机，搞地面攻击的是苏25",
            "time": "20-10-8 15:33"
        },
        {
            "comment id": 14,
            "parent": -1,
            "children": [],
            "user id": "1696391950",
            "user name": "Villabibibi-",
            "content": "假的啊，游戏。炮管早炸膛了",
            "time": "20-10-8 14:01"
        },
        {
            "comment id": 15,
            "parent": -1,
            "children": [],
            "user id": "5847938954",
            "user name": "囧冂臦囧冂",
            "content": "这是哪个游戏？想玩儿",
            "time": "20-10-8 22:17"
        },
        {
            "comment id": 16,
            "parent": -1,
            "children": [],
            "user id": "5489663651",
            "user name": "琛爸天夏",
            "content": "游戏机吧",
            "time": "20-10-8 19:23"
        },
        {
            "comment id": 17,
            "parent": -1,
            "children": [],
            "user id": "5413471265",
            "user name": "TIBNZ",
            "content": "打到人就成筛子了",
            "time": "20-10-8 18:23"
        },
        {
            "comment id": 18,
            "parent": -1,
            "children": [],
            "user id": "1967985833",
            "user name": "花泽野菜君",
            "content": "这超低空突防。。",
            "time": "20-10-8 14:52"
        },
        {
            "comment id": 19,
            "parent": -1,
            "children": [],
            "user id": "2613328993",
            "user name": "严言2020",
            "content": "这飞行员厉害👍",
            "time": "20-10-8 14:40"
        },
        {
            "comment id": 20,
            "parent": -1,
            "children": [],
            "user id": "6369867560",
            "user name": "福来福至",
            "content": "低空这样搞就是自杀。",
            "time": "20-10-8 13:20"
        },
        {
            "comment id": 21,
            "parent": -1,
            "children": [],
            "user id": "7336947699",
            "user name": "老鱼2333",
            "content": "现代战争打的就是钱啊",
            "time": "20-10-8 13:14"
        },
        {
            "comment id": 22,
            "parent": -1,
            "children": [],
            "user id": "2196396172",
            "user name": "YUAN韦韦",
            "content": "炮弹打完了，成敢死队了",
            "time": "20-10-8 13:12"
        },
        {
            "comment id": 23,
            "parent": -1,
            "children": [],
            "user id": "2952689324",
            "user name": "魔毯飘",
            "content": "🐮",
            "time": "20-10-8 12:58"
        },
        {
            "comment id": 24,
            "parent": -1,
            "children": [],
            "user id": "1566076325",
            "user name": "阿丁真的坑",
            "content": "真的吗？？这飞机没意义啊",
            "time": "20-10-8 13:20"
        },
        {
            "comment id": 25,
            "parent": -1,
            "children": [],
            "user id": "2611855807",
            "user name": "是董非不懂",
            "content": "这是什么防空系统？能连续发射这么久？",
            "time": "20-10-8 18:32"
        },
        {
            "comment id": 26,
            "parent": -1,
            "children": [],
            "user id": "1966872062",
            "user name": "兼职刺客",
            "content": "不论战斗力，视觉效果不错",
            "time": "20-10-8 15:32"
        }
    ]
}