{
    "source": {
        "content": "阿塞拜疆与亚美尼亚开战，伊朗群众站在山头看烟花！ 找乐工的微博视频  ",
        "time": "20-10-12 09:05",
        "user id": "2794502910",
        "tweet id": "JoOeS3B0R",
        "label": 1,
        "theme": null
    },
    "comment": [
        {
            "comment id": 0,
            "parent": -1,
            "children": [],
            "user id": "6885444556",
            "user name": "夏染莹",
            "content": "走在陌生街道上 怀念起谁的味道",
            "time": "20-10-12 09:08"
        },
        {
            "comment id": 1,
            "parent": -1,
            "children": [],
            "user id": "5407849375",
            "user name": "娱妞果",
            "content": " 没人能让我输，除非我不想赢。",
            "time": "20-10-12 09:27"
        },
        {
            "comment id": 2,
            "parent": -1,
            "children": [],
            "user id": "5927657552",
            "user name": "恋爱情感挽回大师-伊琳",
            "content": "“你以后想成为什么样的人？”“你的人”",
            "time": "20-10-12 09:14"
        },
        {
            "comment id": 3,
            "parent": -1,
            "children": [],
            "user id": "3144915542",
            "user name": "渝A·66666",
            "content": "哪有什么满眼星辰，分明就是满眼的你。",
            "time": "20-10-12 09:07"
        },
        {
            "comment id": 4,
            "parent": -1,
            "children": [],
            "user id": "2132779363",
            "user name": "FM100雨晨",
            "content": "这叫隔岸观火",
            "time": "20-10-12 12:05"
        },
        {
            "comment id": 5,
            "parent": -1,
            "children": [],
            "user id": "5078689554",
            "user name": "用户pll4xt0vxe",
            "content": "拖衣带水，这些都是阿塞拜疆族人。",
            "time": "20-10-14 03:14"
        },
        {
            "comment id": 6,
            "parent": -1,
            "children": [],
            "user id": "6714145435",
            "user name": "格鲁233",
            "content": "这个景点收门票吗",
            "time": "20-10-13 10:29"
        },
        {
            "comment id": 7,
            "parent": -1,
            "children": [],
            "user id": "2622516763",
            "user name": "吾锋WooFeng",
            "content": "这是多久前的视频了，难道他们几年前就打了？",
            "time": "20-10-14 11:16"
        }
    ]
}