{
    "source": {
        "content": "网传重庆一栋大楼有人撒钱！据说是一夫妻吵架，撒了一百多万，好多人捡钱，外卖骑手全部晚点了#遇见美好生活##谜之微笑# 疯狂匹夫的微博视频 ",
        "time": "20-10-17 20:53",
        "user id": "7319642154",
        "tweet id": "JpE0J07aM",
        "label": 1,
        "theme": null
    },
    "comment": [
        {
            "comment id": 0,
            "parent": -1,
            "children": [
                1,
                2
            ],
            "user id": "7319642154",
            "user name": "道哥日记",
            "content": "。 ",
            "time": "20-10-17 20:55"
        },
        {
            "comment id": 1,
            "parent": 0,
            "children": [],
            "user id": "1699035491",
            "user name": "s木夕耳",
            "content": "这就叫天降横财？",
            "time": "20-10-18 09:48"
        },
        {
            "comment id": 2,
            "parent": 0,
            "children": [],
            "user id": "1435459387",
            "user name": "莫若你的不可多得",
            "content": "哈哈哈，莫名戳中笑点",
            "time": "20-10-17 21:19"
        },
        {
            "comment id": 3,
            "parent": -1,
            "children": [],
            "user id": "7319642154",
            "user name": "道哥日记",
            "content": "图片评论 ",
            "time": "20-10-17 21:04"
        },
        {
            "comment id": 4,
            "parent": -1,
            "children": [],
            "user id": "5854711662",
            "user name": "旺仔逗逗呀",
            "content": "之后肯定得后悔",
            "time": "20-10-17 21:05"
        },
        {
            "comment id": 5,
            "parent": -1,
            "children": [],
            "user id": "1775840653",
            "user name": "Jellybean109",
            "content": "这个不用退回吧，天上掉下来的",
            "time": "20-10-18 09:07"
        },
        {
            "comment id": 6,
            "parent": -1,
            "children": [],
            "user id": "1061749224",
            "user name": "柳丁星晴",
            "content": "查查谁家大老虎",
            "time": "20-10-17 20:56"
        },
        {
            "comment id": 7,
            "parent": -1,
            "children": [],
            "user id": "5636551014",
            "user name": "丁子溪",
            "content": "我们看到的，只是有人刻意让我们看到，真相谁知道呢",
            "time": "20-10-18 01:56"
        },
        {
            "comment id": 8,
            "parent": -1,
            "children": [],
            "user id": "2653199714",
            "user name": "EscolhaVida",
            "content": "都上新闻了，吸毒吸嗨了撒的钱",
            "time": "20-10-17 20:55"
        },
        {
            "comment id": 9,
            "parent": -1,
            "children": [],
            "user id": "5099891230",
            "user name": "心动的感觉GG",
            "content": "准备好双面胶",
            "time": "20-10-18 00:46"
        },
        {
            "comment id": 10,
            "parent": -1,
            "children": [],
            "user id": "2721960217",
            "user name": "先生麓堇",
            "content": "就捡了用不用去自首",
            "time": "20-10-17 21:15"
        }
    ]
}