{
    "source": {
        "content": "谁说大学没文化？山东大学齐鲁医院开大会，打个字居然能把“抗疫”打成“抗议”。 ",
        "time": "20-10-19 21:11",
        "user id": "1444114971",
        "tweet id": "JpWYM52Ld",
        "label": 1,
        "theme": null
    },
    "comment": [
        {
            "comment id": 0,
            "parent": -1,
            "children": [],
            "user id": "1444114971",
            "user name": "衡阳甘建华",
            "content": "这个帖子系转发的。济南市公安局陈警官已经找到了作伪者，其ps手段让人根本无法识破。但不知道何方高人锁定了这个帖，弄得微博后台也删不掉，实在怪异得很。在此，谨向山东大学齐鲁医院真诚致歉。",
            "time": "20-10-30 11:17"
        },
        {
            "comment id": 1,
            "parent": -1,
            "children": [],
            "user id": "2913798513",
            "user name": "嘻嘻哈哈呼呼吼",
            "content": "你这个是ps的，原图是这个，根本就没有错别字 网页链接",
            "time": "20-10-19 21:14"
        },
        {
            "comment id": 2,
            "parent": -1,
            "children": [],
            "user id": "2507871355",
            "user name": "17号小火炉",
            "content": "ps的，原照片是正确的，不知道哪个这么缺德，ps了之后转发",
            "time": "20-10-19 21:13"
        },
        {
            "comment id": 3,
            "parent": -1,
            "children": [],
            "user id": "2123012775",
            "user name": "柠檬的PiaPia",
            "content": "有病？",
            "time": "20-10-20 12:52"
        },
        {
            "comment id": 4,
            "parent": -1,
            "children": [],
            "user id": "3848523948",
            "user name": "赤云文墨",
            "content": "你是不是没有脑子？！",
            "time": "20-10-20 13:06"
        },
        {
            "comment id": 5,
            "parent": -1,
            "children": [],
            "user id": "2166045813",
            "user name": "Michael-Mr",
            "content": "有病？",
            "time": "20-10-20 12:59"
        },
        {
            "comment id": 6,
            "parent": -1,
            "children": [],
            "user id": "2123012775",
            "user name": "柠檬的PiaPia",
            "content": "恶意摸黑山东人，造谣生事，道貌岸然的家伙",
            "time": "20-10-20 12:56"
        },
        {
            "comment id": 7,
            "parent": -1,
            "children": [],
            "user id": "1986813865",
            "user name": "沧浪矶钓协会",
            "content": "图片评论 网页链接",
            "time": "20-10-20 12:54"
        },
        {
            "comment id": 8,
            "parent": -1,
            "children": [],
            "user id": "7384432596",
            "user name": "龙丽集团HRBP",
            "content": "带你🐴节奏呢",
            "time": "20-10-20 14:06"
        },
        {
            "comment id": 9,
            "parent": -1,
            "children": [],
            "user id": "6100926028",
            "user name": "騎樂無窮001",
            "content": "PS不道德！",
            "time": "20-10-19 21:33"
        }
    ]
}