{
    "source": {
        "content": "重庆又见高空撒钱！知情人称疑土豪患病后用直升飞机洒钱！#社会新闻# 每日来看新鲜事儿的微博视频 ",
        "time": "20-10-27 19:28",
        "user id": "6614014068",
        "tweet id": "Jr9IUsAad",
        "label": 1,
        "theme": null
    },
    "comment": [
        {
            "comment id": 0,
            "parent": -1,
            "children": [],
            "user id": "1978540247",
            "user name": "小九九九-",
            "content": "@ITSLIGER",
            "time": "20-10-27 21:59"
        },
        {
            "comment id": 1,
            "parent": -1,
            "children": [],
            "user id": "5902573754",
            "user name": "遗失的那壹年",
            "content": "看警情通报啥，3000W是假的",
            "time": "20-10-28 10:18"
        },
        {
            "comment id": 2,
            "parent": -1,
            "children": [],
            "user id": "6632465405",
            "user name": "余生浅莫",
            "content": "都是假的，都是谣传的，不可信呐",
            "time": "20-10-28 14:11"
        },
        {
            "comment id": 3,
            "parent": -1,
            "children": [],
            "user id": "2709581241",
            "user name": "野野秋",
            "content": "@颜齐-吧 快去捡钱",
            "time": "20-10-28 11:58"
        },
        {
            "comment id": 4,
            "parent": -1,
            "children": [],
            "user id": "5642282243",
            "user name": "24816exsnr",
            "content": "不要相信，一天电影看多了，肯定是谣言。",
            "time": "20-10-28 14:14"
        },
        {
            "comment id": 5,
            "parent": -1,
            "children": [],
            "user id": "6906748234",
            "user name": "尋歡作樂栖迟",
            "content": "冷饭都炒这么香了，明显就是之前的视频，还有人信？",
            "time": "20-10-28 13:53"
        },
        {
            "comment id": 6,
            "parent": -1,
            "children": [],
            "user id": "3936891432",
            "user name": "王八之气110",
            "content": "事实证明知情人就是个骗子",
            "time": "20-10-28 10:19"
        },
        {
            "comment id": 7,
            "parent": -1,
            "children": [],
            "user id": "3936888991",
            "user name": "低调的小海豹",
            "content": "这不就是前段时间的事么，还是假的",
            "time": "20-10-28 10:14"
        },
        {
            "comment id": 8,
            "parent": -1,
            "children": [],
            "user id": "3936887347",
            "user name": "琴瑟仙女索妮娜",
            "content": "不久前还有警情通报呢，看看就知道是怎么回事了",
            "time": "20-10-28 10:11"
        }
    ]
}