{
    "source": {
        "content": "选务人员集体犯罪现场  Countrycat的微博视频 ",
        "time": "20-11-5 08:31",
        "user id": "5911198285",
        "tweet id": "Jssh07Y4s",
        "label": 1,
        "theme": null
    },
    "comment": [
        {
            "comment id": 0,
            "parent": -1,
            "children": [
                1,
                2,
                3,
                4,
                5,
                6
            ],
            "user id": "2103856682",
            "user name": "穿着格子衬衣少说话",
            "content": "评论里那些老千还有理了，你出千还不让人指责？也别急，抓到了要斩手浸猪笼的！",
            "time": "20-11-5 08:38"
        },
        {
            "comment id": 1,
            "parent": 0,
            "children": [],
            "user id": "6013844980",
            "user name": "龙级灾害",
            "content": "这TM是俄罗斯，假新闻你也信？",
            "time": "20-11-5 11:01"
        },
        {
            "comment id": 2,
            "parent": 0,
            "children": [],
            "user id": "2103856682",
            "user name": "穿着格子衬衣少说话",
            "content": "回复@空林子64910:说得也是。只不过下意识就联想到现实生活工作中那些玩潜规则、出千之后还洋洋得意的达人，不能面斥、只能隔空爽快一下",
            "time": "20-11-5 10:57"
        },
        {
            "comment id": 3,
            "parent": 0,
            "children": [],
            "user id": "7189596740",
            "user name": "普朗克跌落床",
            "content": "妈呀，整的跟饭圈互撕那样讲真，美国选举，我们中国看热闹就行，评论好像弄得我们真能干预美国选举那样",
            "time": "20-11-5 10:45"
        },
        {
            "comment id": 4,
            "parent": 0,
            "children": [],
            "user id": "2388250940",
            "user name": "帅气又不凡的正面人物",
            "content": "这个不是俄罗斯吗？",
            "time": "20-11-5 10:38"
        },
        {
            "comment id": 5,
            "parent": 0,
            "children": [],
            "user id": "2103856682",
            "user name": "穿着格子衬衣少说话",
            "content": "文明社会太久了，文明人都拿自己制定的规则作茧自缚太久了，这些社会垃圾没有被定期清理，摇身一变开始招摇过市了",
            "time": "20-11-5 09:32"
        },
        {
            "comment id": 6,
            "parent": 0,
            "children": [],
            "user id": "1816185484",
            "user name": "白瑞德的幽霊",
            "content": "他们最喜欢说的话就是愿赌服输",
            "time": "20-11-5 08:59"
        },
        {
            "comment id": 7,
            "parent": -1,
            "children": [
                8,
                9,
                10,
                11
            ],
            "user id": "7191264362",
            "user name": "跑2019",
            "content": "这样的视频都没有经过证实，根本看不出来是美国，就在传播，博主不要负责人，如果你是传播国内，你的号还能保住，粉成这样，也是牛！",
            "time": "20-11-5 08:36"
        },
        {
            "comment id": 8,
            "parent": 7,
            "children": [],
            "user id": "5063567038",
            "user name": "丁_Basara",
            "content": "回复@比特之美:好家伙，你这逻辑感人啊，那么大个双头鹰都快杵到你眼睛里了，还在这核实呢？",
            "time": "20-11-5 11:46"
        },
        {
            "comment id": 9,
            "parent": 7,
            "children": [],
            "user id": "6013844980",
            "user name": "龙级灾害",
            "content": "回复@比特之美:看到俄罗斯国辉没有",
            "time": "20-11-5 11:01"
        },
        {
            "comment id": 10,
            "parent": 7,
            "children": [],
            "user id": "7191264362",
            "user name": "跑2019",
            "content": "回复@比特之美:哦！他这样一个量级的还是要注意影响吧，另外你要他传传国内的试试",
            "time": "20-11-5 09:42"
        },
        {
            "comment id": 11,
            "parent": 7,
            "children": [],
            "user id": "2453474185",
            "user name": "打死也不说_壹玖捌零",
            "content": "眼瞎而已，都看不到标志上的双头鹰。",
            "time": "20-11-5 08:42"
        },
        {
            "comment id": 12,
            "parent": -1,
            "children": [
                13,
                14,
                15,
                16
            ],
            "user id": "7392611303",
            "user name": "欧阳选财",
            "content": "这特码，这视频发推特上艾特川普律师团啊",
            "time": "20-11-5 08:36"
        },
        {
            "comment id": 13,
            "parent": 12,
            "children": [],
            "user id": "5063567038",
            "user name": "丁_Basara",
            "content": "回复@欧阳进喜:通俄实锤了，快进到美国内战。",
            "time": "20-11-5 11:48"
        },
        {
            "comment id": 14,
            "parent": 12,
            "children": [],
            "user id": "1728928592",
            "user name": "MZ之痴线狒嘚B",
            "content": "回覆@欧阳进喜:通俄实证？俄罗斯投标决定美国大选？",
            "time": "20-11-5 11:17"
        },
        {
            "comment id": 15,
            "parent": 12,
            "children": [],
            "user id": "2867970284",
            "user name": "容我再嗦一碗粉",
            "content": "谁at谁闹笑话暴露智商，三个那么大双头鹰徽看不见？还是说美国选举现场喜欢挂俄罗斯国徽",
            "time": "20-11-5 10:48"
        },
        {
            "comment id": 16,
            "parent": 12,
            "children": [],
            "user id": "7392611303",
            "user name": "欧阳选财",
            "content": "民主党真是不要老脸",
            "time": "20-11-5 08:36"
        },
        {
            "comment id": 17,
            "parent": -1,
            "children": [],
            "user id": "6458755720",
            "user name": "一串乱字母666",
            "content": "现在就看法律了，看看还有没有正义？",
            "time": "20-11-5 08:42"
        },
        {
            "comment id": 18,
            "parent": -1,
            "children": [],
            "user id": "6318853844",
            "user name": "PersonalityD_",
            "content": "删了吧你 lol 这能是美国？谷歌上去搜russian vote stuffing",
            "time": "20-11-5 08:43"
        },
        {
            "comment id": 19,
            "parent": -1,
            "children": [
                20
            ],
            "user id": "1767969184",
            "user name": "树冠长荫",
            "content": "川宝一定要记住，面对反动势力，拿起武器，枪杆子里出政权",
            "time": "20-11-5 09:08"
        },
        {
            "comment id": 20,
            "parent": 19,
            "children": [],
            "user id": "2004021715",
            "user name": "--米线--",
            "content": "没辙，前几天500位前美军高级将领声明支持老拜",
            "time": "20-11-5 13:10"
        },
        {
            "comment id": 21,
            "parent": -1,
            "children": [],
            "user id": "2092848145",
            "user name": "weiwei梨花花开",
            "content": "哈哈，民主党的智商不够，只能无赖无耻了",
            "time": "20-11-5 12:37"
        }
    ]
}