{
    "source": {
        "content": "【铁人王进喜这张照片，日本人从中看出3个国家级秘密】\n这是一张著名的泄密照片，刊登在1964年第一期的《中国画报》封面。\n\n图中，大庆“铁人”王进喜，头戴大狗皮帽，身穿厚棉袄，顶着鹅毛大雪，握着钻机手柄眺望远方，在他身后散布着星星点点的石油井架。\n\n日本早就知道东北石油矿产丰富，此时经济发展后，更是想与世界其他国家竞争，参与大庆油田的开发。\n\n看到这张照片后，日本人进行了深入细致的推测，最后推算出中国油田相关数据。从而有的放矢，精准竞标成功。\n\n日本都在照片上看到什么信息了呢？\n\n1，根据王进喜的衣着判断，地点在北纬46度至48度的区域内，进而推断大庆油田位于齐齐哈尔与哈尔滨之间。\n\n2，通过照片中王进喜所握手柄的架式，推断出油井的直径。\n\n3，从王进喜所站的钻井与背后油田间的距离，和井架密度，推算出油田的大致储量和产量……",
        "time": "20-11-5 17:40",
        "user id": "6048314529",
        "tweet id": "JsvRwC5ys",
        "label": 1,
        "theme": null
    },
    "comment": [
        {
            "comment id": 0,
            "parent": -1,
            "children": [
                1,
                2
            ],
            "user id": "2247064077",
            "user name": "就是你啦啦啦",
            "content": "别吹了，知不知道抗日的时候鬼子在大庆打过井？",
            "time": "20-11-7 00:07"
        },
        {
            "comment id": 1,
            "parent": 0,
            "children": [],
            "user id": "2247064077",
            "user name": "就是你啦啦啦",
            "content": "没打到层位就没法获得工业产量，你可以想象当年大庆打出高产井对岸鬼子是种什么心情。。。",
            "time": "20-11-10 20:14"
        },
        {
            "comment id": 2,
            "parent": 0,
            "children": [],
            "user id": "6187112364",
            "user name": "陈皮96",
            "content": "鬼子要是当时发现大庆就不用急着去东南亚了！",
            "time": "20-11-10 19:09"
        },
        {
            "comment id": 3,
            "parent": -1,
            "children": [
                4,
                5,
                6
            ],
            "user id": "1423600983",
            "user name": "四轮与两轮",
            "content": "虽然中国人都很崇拜日本人，也不能这么吹，其实日本人早就知道这个油田",
            "time": "20-11-14 07:04"
        },
        {
            "comment id": 4,
            "parent": 3,
            "children": [],
            "user id": "6853340979",
            "user name": "居然有个高手_",
            "content": "我心思着你是凭啥代表中国人呢？竟然说中国人都崇拜小日本？我不认同，我不崇拜。",
            "time": "20-11-15 08:51"
        },
        {
            "comment id": 5,
            "parent": 3,
            "children": [],
            "user id": "3110343013",
            "user name": "b泊小船",
            "content": "你自己崇拜日本人就得了，可别拉上全体中国人哦……",
            "time": "20-11-14 18:52"
        },
        {
            "comment id": 6,
            "parent": 3,
            "children": [],
            "user id": "1716655541",
            "user name": "hunter慢就是快",
            "content": "是的，日本很早就判断对了，当时就打过很多口井，当时打不到这么深，差了整整300米，这可不是一点点的技术差距呢。",
            "time": "20-11-14 16:22"
        },
        {
            "comment id": 7,
            "parent": -1,
            "children": [
                8
            ],
            "user id": "5936793324",
            "user name": "老谷666",
            "content": "这文章忽悠了差不多一辈人",
            "time": "20-11-11 16:24"
        },
        {
            "comment id": 8,
            "parent": 7,
            "children": [],
            "user id": "5579551311",
            "user name": "水处理员89165",
            "content": "估计不止，我是信了好久直到前两年看了辟谣才明白，哈哈哈哈",
            "time": "20-11-15 14:36"
        },
        {
            "comment id": 9,
            "parent": -1,
            "children": [],
            "user id": "1214921340",
            "user name": "嘭嘭嘭彭嘭嘭嘭",
            "content": "谣言止于智者",
            "time": "20-11-9 13:49"
        },
        {
            "comment id": 10,
            "parent": -1,
            "children": [],
            "user id": "5121554791",
            "user name": "hi-ballball",
            "content": "看到大家都很清楚这事，只有作者是%$#¥我就放心了",
            "time": "20-11-12 16:18"
        },
        {
            "comment id": 11,
            "parent": -1,
            "children": [],
            "user id": "1624186775",
            "user name": "如是我闻一尘子",
            "content": "已经证明是谣言了",
            "time": "20-11-8 14:48"
        },
        {
            "comment id": 12,
            "parent": -1,
            "children": [],
            "user id": "1992398707",
            "user name": "邱志明",
            "content": " 查看动图",
            "time": "20-11-15 07:47"
        },
        {
            "comment id": 13,
            "parent": -1,
            "children": [],
            "user id": "5099096994",
            "user name": "安乐飞天下第一",
            "content": "可以的，怪不得母牛能上天。原来是你在吹人家牛逼",
            "time": "20-11-14 16:53"
        },
        {
            "comment id": 14,
            "parent": -1,
            "children": [],
            "user id": "1001089292",
            "user name": "樱桃的爹很幸福",
            "content": "日本哪年竞标大庆油田？",
            "time": "20-11-12 20:17"
        },
        {
            "comment id": 15,
            "parent": -1,
            "children": [],
            "user id": "1900656335",
            "user name": "蓝色嘅先生",
            "content": "小编 你去做侦探吧",
            "time": "20-11-7 18:07"
        },
        {
            "comment id": 16,
            "parent": -1,
            "children": [],
            "user id": "1719702740",
            "user name": "萧肖涛",
            "content": "精日分子",
            "time": "20-11-15 16:12"
        },
        {
            "comment id": 17,
            "parent": -1,
            "children": [],
            "user id": "2155234543",
            "user name": "纯洁小红杏",
            "content": "垃圾文章",
            "time": "20-11-15 08:39"
        },
        {
            "comment id": 18,
            "parent": -1,
            "children": [],
            "user id": "5615166514",
            "user name": "FrankShen1",
            "content": "谣言",
            "time": "20-11-15 05:22"
        },
        {
            "comment id": 19,
            "parent": -1,
            "children": [],
            "user id": "6407508074",
            "user name": "单身贵族509",
            "content": "呵呵",
            "time": "20-11-15 00:42"
        },
        {
            "comment id": 20,
            "parent": -1,
            "children": [],
            "user id": "2840453083",
            "user name": "超勇Eric",
            "content": "😱",
            "time": "20-11-14 14:09"
        },
        {
            "comment id": 21,
            "parent": -1,
            "children": [],
            "user id": "6042650164",
            "user name": "qqmmkeke",
            "content": "知道能咋样",
            "time": "20-11-14 10:33"
        },
        {
            "comment id": 22,
            "parent": -1,
            "children": [],
            "user id": "7240413211",
            "user name": "没有葫萝卜的兔子198612",
            "content": "客观的分析一下，纯属猜测，那个年代吉林和黑龙江基本都这个装扮有个甚至比这个还厚，狗皮帽子那都是标配，大棉袄二棉裤里面是羊皮外面裹着布，这个是真的，鞋乌拉是棉鞋外面在穿一层的鞋，那个年代真的能冻死人，所以通过穿着推断经纬度是不准确的，下面说的推断什么油井的数据基本都是知道结果后臆断",
            "time": "20-11-13 16:03"
        },
        {
            "comment id": 23,
            "parent": -1,
            "children": [],
            "user id": "7376071056",
            "user name": "一者一",
            "content": "铁人王进喜！",
            "time": "20-11-13 09:51"
        },
        {
            "comment id": 24,
            "parent": -1,
            "children": [],
            "user id": "5844040672",
            "user name": "甜辣酱啵乐乐",
            "content": "没看出来",
            "time": "20-11-13 09:22"
        },
        {
            "comment id": 25,
            "parent": -1,
            "children": [],
            "user id": "1746997323",
            "user name": "难怪不得dd",
            "content": "",
            "time": "20-11-13 05:23"
        },
        {
            "comment id": 26,
            "parent": -1,
            "children": [],
            "user id": "1458591011",
            "user name": "自-由-譚",
            "content": "不论说的真伪，情报战的确激烈，保密意识人人都要自觉养成，尤其是自媒体时代。",
            "time": "20-11-12 20:03"
        },
        {
            "comment id": 27,
            "parent": -1,
            "children": [],
            "user id": "6518851843",
            "user name": "鸿宇的大郑",
            "content": "吹",
            "time": "20-11-11 08:59"
        },
        {
            "comment id": 28,
            "parent": -1,
            "children": [],
            "user id": "5458005607",
            "user name": "让时间证明这个名子不可用",
            "content": "1",
            "time": "20-11-9 16:47"
        },
        {
            "comment id": 29,
            "parent": -1,
            "children": [],
            "user id": "1573838667",
            "user name": "怕路托",
            "content": "现在的年轻人都不知道",
            "time": "20-11-8 21:02"
        },
        {
            "comment id": 30,
            "parent": -1,
            "children": [],
            "user id": "2751651335",
            "user name": "意识流理论",
            "content": "工人老大哥",
            "time": "20-11-8 19:24"
        },
        {
            "comment id": 31,
            "parent": -1,
            "children": [],
            "user id": "3148043663",
            "user name": "四海明扬",
            "content": "机会都是给有准备的人！",
            "time": "20-11-8 11:20"
        },
        {
            "comment id": 32,
            "parent": -1,
            "children": [],
            "user id": "1085944871",
            "user name": "这下尴尬了吧",
            "content": "谁能想到⑦老大的树都能倒呢",
            "time": "20-11-7 18:05"
        },
        {
            "comment id": 33,
            "parent": -1,
            "children": [],
            "user id": "7477974527",
            "user name": "呐963",
            "content": "最怕有心人",
            "time": "20-11-6 20:55"
        },
        {
            "comment id": 34,
            "parent": -1,
            "children": [],
            "user id": "2422374127",
            "user name": "图瓦卢阿伦",
            "content": "有时候，假比恶还恶",
            "time": "20-11-11 18:20"
        },
        {
            "comment id": 35,
            "parent": -1,
            "children": [],
            "user id": "7304764319",
            "user name": "制凉空调",
            "content": "不发工资就不长智慧？",
            "time": "20-11-13 13:24"
        },
        {
            "comment id": 36,
            "parent": -1,
            "children": [],
            "user id": "2804261330",
            "user name": "布衣白丁007",
            "content": "有点玄。",
            "time": "20-11-8 07:41"
        },
        {
            "comment id": 37,
            "parent": -1,
            "children": [],
            "user id": "6500950373",
            "user name": "日居月诸6500950373",
            "content": "历史",
            "time": "20-11-5 20:28"
        },
        {
            "comment id": 38,
            "parent": -1,
            "children": [],
            "user id": "7052249187",
            "user name": "升斗小民尔",
            "content": "就你这智商也跑来瞎忽悠？你这样子的，也就基本告别自行车了~",
            "time": "20-11-15 10:26"
        },
        {
            "comment id": 39,
            "parent": -1,
            "children": [],
            "user id": "2013974955",
            "user name": "Benny_罗文",
            "content": "真扯蛋~这照片后面啥都看不清楚~给你编了个故事",
            "time": "20-11-7 15:30"
        }
    ]
}