{
    "source": {
        "content": "#动物园回应狮子泡水池中疑似死亡##太原# \n\n太原动物园狮子瘦的可怜！尾巴都断了没人管！\n为了盈利动物的健康就可以无视吗？ 萌宠避风港的微博视频 ",
        "time": "20-11-13 10:55",
        "user id": "6183821367",
        "tweet id": "JtGDgfGoL",
        "label": 1,
        "theme": null
    },
    "comment": [
        {
            "comment id": 0,
            "parent": -1,
            "children": [],
            "user id": "6183821367",
            "user name": "萌宠避风港",
            "content": "此视频为不属实视频，请大家不要继续发散。  雄狮呼名“二白”，年龄3岁，2016年8月14日引入太原动物园，实际情况为同年的8月23日太原动物园兽医对患狮实施首次外科手术后拍摄，2018年曾被扩散，园方当初已经向公安部门报案，现在又被翻出来，是不实消息。",
            "time": "20-11-24 15:51"
        },
        {
            "comment id": 1,
            "parent": -1,
            "children": [],
            "user id": "5748873798",
            "user name": "少放点13话",
            "content": "天呐",
            "time": "20-11-13 19:29"
        },
        {
            "comment id": 2,
            "parent": -1,
            "children": [],
            "user id": "1037710493",
            "user name": "艾伦耶格尔Eren_",
            "content": "太瘦了，动物的伙食都被人吃了",
            "time": "20-11-13 17:52"
        },
        {
            "comment id": 3,
            "parent": -1,
            "children": [],
            "user id": "7386126262",
            "user name": "每天爱美添",
            "content": "祝愿祖国富强希望祖国救救Mei·香#熊猫美香# #救救美香# 大熊猫美香超话 大熊猫美香添添超话 #添添# #美香# #美香添添小崽要一起回家# 拒绝❌续签，mei 香*tian 添 崽崽按期回家",
            "time": "20-11-13 16:46"
        },
        {
            "comment id": 4,
            "parent": -1,
            "children": [
                5,
                6,
                8
            ],
            "user id": "5792708787",
            "user name": "老家晋中",
            "content": "雄狮呼名“二白”，年龄3岁，2016年8月14日引入太原动物园，实际情况为同年的8月23日太原动物园兽医对患狮实施首次外科手术后拍摄，2018年曾被扩散，园方当初已经向公安部门报案，现在又被翻出来，是不实消息。@平安太原",
            "time": "20-11-13 16:38"
        },
        {
            "comment id": 5,
            "parent": 4,
            "children": [],
            "user id": "6183821367",
            "user name": "萌宠避风港",
            "content": "回复@晓Pony:实在抱歉，未经核实发布该视频，对不起。",
            "time": "20-11-24 15:51"
        },
        {
            "comment id": 6,
            "parent": 4,
            "children": [],
            "user id": "6183821367",
            "user name": "萌宠避风港",
            "content": "您好，在未核实新闻真实性发布该视频，现跟网友以及您的指正进行道歉，此视频为不属实视频，请各位不要继续散发，谢谢大家。",
            "time": "20-11-24 15:49"
        },
        {
            "comment id": 7,
            "parent": 8,
            "children": [],
            "user id": "1963632543",
            "user name": "嗨我是你祖宗",
            "content": "回复@老家晋中:这个博主居心不良，举报了还是能看见这一条微博说要处理结果，也没处理成什么样子",
            "time": "20-11-13 20:01"
        },
        {
            "comment id": 8,
            "parent": 4,
            "children": [
                7
            ],
            "user id": "5792708787",
            "user name": "老家晋中",
            "content": "2018年3岁，至今已经5岁~",
            "time": "20-11-13 16:40"
        },
        {
            "comment id": 9,
            "parent": -1,
            "children": [
                10
            ],
            "user id": "5671503735",
            "user name": "小明十四岁卒",
            "content": "@国际爱护动物基金会 @土华爱护动物协会 @山西爱护动物",
            "time": "20-11-13 16:24"
        },
        {
            "comment id": 10,
            "parent": 9,
            "children": [],
            "user id": "6183821367",
            "user name": "萌宠避风港",
            "content": "此视频为不属实视频，请大家不要继续发散。  雄狮呼名“二白”，年龄3岁，2016年8月14日引入太原动物园，实际情况为同年的8月23日太原动物园兽医对患狮实施首次外科手术后拍摄，2018年曾被扩散，园方当初已经向公安部门报案，现在又被翻出来，是不实消息。",
            "time": "20-11-24 15:51"
        },
        {
            "comment id": 11,
            "parent": -1,
            "children": [],
            "user id": "5833511226",
            "user name": "舒呢斯",
            "content": "真的是无奈",
            "time": "20-11-13 16:15"
        },
        {
            "comment id": 12,
            "parent": -1,
            "children": [
                13
            ],
            "user id": "7386126262",
            "user name": "每天爱美添",
            "content": "2002年在国家林业局的支持下新建，减轻了种群压力。研究中中国保护大熊猫研究中心碧峰峡基地心的大熊猫分别借展美国华盛顿国家动物园、圣地亚哥动物园、日本神户王子动物园、泰国清迈动物园、奥地利维也纳美泉宫动物园，每年为国家创汇数千万美元，",
            "time": "20-11-13 16:00"
        },
        {
            "comment id": 13,
            "parent": 12,
            "children": [],
            "user id": "2577174214",
            "user name": "狸狸就招桃花",
            "content": "#美香# #添添# #熊猫美香# #救救美香# 大熊猫美香超话 大熊猫美香添添超话 #熊猫美香回国# #美香添添小崽要一起回家#",
            "time": "20-11-13 16:04"
        },
        {
            "comment id": 14,
            "parent": -1,
            "children": [
                15
            ],
            "user id": "7386126262",
            "user name": "每天爱美添",
            "content": "贝贝想妈妈，妈妈在哪里，妈妈在华动，爸爸在哪里，爸爸也在华动，妈妈是谁呀？妈妈是#熊猫美香# #救救美香# 大熊猫美香超话 大熊猫美香添添超话 #美香# 爸爸是谁呀？爸爸是#添添# #大熊猫添添# ，贝贝好想爸爸妈妈带着弟弟一起回家#美香添添小崽要一起回家#",
            "time": "20-11-13 16:00"
        },
        {
            "comment id": 15,
            "parent": 14,
            "children": [],
            "user id": "7335655452",
            "user name": "Jennn4eva",
            "content": "#救救美香# #熊猫美香# 请公布美香一家回国时间！！拒绝续签，拒绝让国宝骨肉分离！熊猫的平均寿命是25年，美香已经23岁了！20年在外漂泊，落叶归根，让国宝回家！@国家林业和草原局 @中国大熊猫保护研究中心",
            "time": "20-11-13 16:03"
        },
        {
            "comment id": 16,
            "parent": -1,
            "children": [
                30
            ],
            "user id": "6192159221",
            "user name": "爱吃糖的猫vvv",
            "content": "这就是他们赚钱的工具，太惨了，还不如从未出现在这里，原本是出于“善意”才有了动物园，结果逐渐成为了动物们一生的噩梦。",
            "time": "20-11-13 16:00"
        },
        {
            "comment id": 17,
            "parent": 18,
            "children": [],
            "user id": "2187012743",
            "user name": "-be_with_you",
            "content": "回复@爱吃糖的猫vvv:其实那段话，上半部分是<逝者如渡渡>摘取，下部分是赵忠祥老师说得。",
            "time": "20-11-13 17:36"
        },
        {
            "comment id": 18,
            "parent": 20,
            "children": [
                17
            ],
            "user id": "6192159221",
            "user name": "爱吃糖的猫vvv",
            "content": "回复@-be_with_you:照你说的，那连救助野生动物也是不应该的呀，因为我们还是人为的破坏了原来的生物圈，把我们的文明强加到它们身上，救助了一个就等于扼杀了另一个，啥都不干不是更好。",
            "time": "20-11-13 17:35"
        },
        {
            "comment id": 19,
            "parent": 20,
            "children": [],
            "user id": "6192159221",
            "user name": "爱吃糖的猫vvv",
            "content": "回复@-be_with_you:哎呦，那你真厉害",
            "time": "20-11-13 17:30"
        },
        {
            "comment id": 20,
            "parent": 21,
            "children": [
                18,
                19
            ],
            "user id": "2187012743",
            "user name": "-be_with_you",
            "content": "回复@爱吃糖的猫vvv:这个我认为没什么影响，并且我告诉你了。",
            "time": "20-11-13 17:29"
        },
        {
            "comment id": 21,
            "parent": 22,
            "children": [
                20
            ],
            "user id": "6192159221",
            "user name": "爱吃糖的猫vvv",
            "content": "回复@-be_with_you:那应不应该成立动物园就应该是在网上讨论的，如果你知道也请你告诉我。",
            "time": "20-11-13 17:27"
        },
        {
            "comment id": 22,
            "parent": 23,
            "children": [
                21
            ],
            "user id": "2187012743",
            "user name": "-be_with_you",
            "content": "回复@爱吃糖的猫vvv:哎，我觉得熊猫应不应该在动物园的问题，不应该在网络上讨论，如果你知道，你可以告诉我。",
            "time": "20-11-13 17:26"
        },
        {
            "comment id": 23,
            "parent": 24,
            "children": [
                22
            ],
            "user id": "6192159221",
            "user name": "爱吃糖的猫vvv",
            "content": "回复@-be_with_you:我只是举了一个例子，这就敏感了？",
            "time": "20-11-13 17:22"
        },
        {
            "comment id": 24,
            "parent": 26,
            "children": [
                23
            ],
            "user id": "2187012743",
            "user name": "-be_with_you",
            "content": "回复@爱吃糖的猫vvv:熊猫的问题很敏感，问题不在熊猫应不应该在动物园。",
            "time": "20-11-13 17:20"
        },
        {
            "comment id": 25,
            "parent": 26,
            "children": [],
            "user id": "2187012743",
            "user name": "-be_with_you",
            "content": "回复@爱吃糖的猫vvv:杀是剥夺了它的生命，这已被所有文明的人斥之为残忍；而囚禁，是剥夺了它们的自由，文明的人们却欣然接受。  保护野生动物最好的理念，就是到野生动物的家乡，到原始栖息地去保护它们。对于极濒危动物，或是受伤的野生动物，也只能临时异地保护。所谓在城市开一个亲近自然的窗口，不过是赚钱的幌子。",
            "time": "20-11-13 17:14"
        },
        {
            "comment id": 26,
            "parent": 28,
            "children": [
                24,
                25
            ],
            "user id": "6192159221",
            "user name": "爱吃糖的猫vvv",
            "content": "回复@-be_with_you:那国家把熊猫🐼放动物园是不是决策性失误。难道我们不是应该把矛盾点放在动物园出现的问题上吗？",
            "time": "20-11-13 17:12"
        },
        {
            "comment id": 27,
            "parent": 28,
            "children": [],
            "user id": "6192159221",
            "user name": "爱吃糖的猫vvv",
            "content": "回复@-be_with_you:动物园（zoological garden）是搜集饲养各种动物，进行科学研究和迁地保护，供公众观赏并进行科学普及和宣传保护教育的场所。OK",
            "time": "20-11-13 17:05"
        },
        {
            "comment id": 28,
            "parent": 29,
            "children": [
                26,
                27
            ],
            "user id": "2187012743",
            "user name": "-be_with_you",
            "content": "回复@爱吃糖的猫vvv:动物园成立可不是为了保护动物。",
            "time": "20-11-13 17:01"
        },
        {
            "comment id": 29,
            "parent": 30,
            "children": [
                28
            ],
            "user id": "6192159221",
            "user name": "爱吃糖的猫vvv",
            "content": "回复@-be_with_you:动物园成立的意义本来就是为了保护这些动物的，什么叫没有“善意”一说，有做的坏的，也有做的好的。我们可以指出它存在的问题，但也不能完全否认它存在的价值。",
            "time": "20-11-13 16:54"
        },
        {
            "comment id": 30,
            "parent": 16,
            "children": [
                29
            ],
            "user id": "2187012743",
            "user name": "-be_with_you",
            "content": "动物园对动物来讲充满了恶意，哪来善意一说？",
            "time": "20-11-13 16:49"
        },
        {
            "comment id": 31,
            "parent": -1,
            "children": [],
            "user id": "7386126262",
            "user name": "每天爱美添",
            "content": "#救救美香# #熊猫美香# 请公布美香一家回国时间！！拒绝续签，拒绝让国宝骨肉分离！熊猫的平均寿命是25年，美香已经23岁了！20年在外漂泊，落叶归根，让国宝回家！",
            "time": "20-11-13 15:59"
        },
        {
            "comment id": 32,
            "parent": -1,
            "children": [],
            "user id": "7386126262",
            "user name": "每天爱美添",
            "content": "恳请大家关注一下旅美#熊猫美香# 一家，#救救美香# ，它现在情况很不好，刻板严重，高龄产子，坐月子期间吃不好，吃不饱，请大家帮忙发声，让美香添添一家下个月可以平安回国，求求你们了",
            "time": "20-11-13 15:59"
        },
        {
            "comment id": 33,
            "parent": -1,
            "children": [],
            "user id": "7386126262",
            "user name": "每天爱美添",
            "content": "#救救美香# #熊猫美香# 在外打工20年，高龄电击受孕，哺乳期吃冰坨，孩子都抱不稳，睡觉翻身都费劲，网友看视频监控都掉眼泪，多少网友天天盯着视频，牵动着多少人的心？他们一家是三条生命，是我国的国宝，拒绝续签，拒绝骨肉分离！20年了，接回来吧！",
            "time": "20-11-13 15:59"
        },
        {
            "comment id": 34,
            "parent": -1,
            "children": [],
            "user id": "7386126262",
            "user name": "每天爱美添",
            "content": "#熊猫美香#上了一次又一次地热搜，每个看过视频的人们都忍不住想哭，高龄产崽，经历了20多次人工授精和6次分离，它是我们的国宝啊，温饱问题更没人给解决，祖国是强大的后盾，拒绝续签，拒绝骨肉分离，按期将一家三口接回来吧",
            "time": "20-11-13 15:59"
        },
        {
            "comment id": 35,
            "parent": -1,
            "children": [],
            "user id": "7386126262",
            "user name": "每天爱美添",
            "content": "大熊猫的稀有，中国制定了一套租借体系，如果一个国家想要租借一只熊猫，前提就是必须和中国保持良好的外交关系，并且拥有足够的技术和资金来抚养这些熊猫，然后每年还需要支付一百万美元的租借费。#美香# #添添# #熊猫美香# #救救美香#",
            "time": "20-11-13 15:59"
        },
        {
            "comment id": 36,
            "parent": -1,
            "children": [],
            "user id": "7386126262",
            "user name": "每天爱美添",
            "content": "公民的基本权利：(5)监督权，包括对国家机关及其工作人员有批评、建议、申诉、控告、检举并依法取得赔偿的权利；公民的基本义务:  (3)维护国家安全、荣誉和利益；#熊猫美香# #大熊猫美香# #救救美香# #添添# #美香添添小崽要一起回家#",
            "time": "20-11-13 15:58"
        },
        {
            "comment id": 37,
            "parent": -1,
            "children": [],
            "user id": "5615388497",
            "user name": "你又胖了呢nn",
            "content": "@人民日报",
            "time": "20-11-13 15:52"
        },
        {
            "comment id": 38,
            "parent": -1,
            "children": [
                39
            ],
            "user id": "5711327234",
            "user name": "看后腿毛线球",
            "content": "#熊猫美香# 请大家关注一下旅美大熊猫美香，哺乳期营养匮乏，身体极度虚弱还要照顾嗷嗷待哺的孩子。旅美20年，也该落叶归根了。求看到的朋友帮助转发扩散吧！20年该回家了他们没有下一个20年了，宝贝余生回家 #救救美香#",
            "time": "20-11-13 15:50"
        },
        {
            "comment id": 39,
            "parent": 38,
            "children": [],
            "user id": "7335655452",
            "user name": "Jennn4eva",
            "content": "#救救美香# #熊猫美香# 请公布美香一家回国时间！！拒绝续签，拒绝让国宝骨肉分离！熊猫的平均寿命是25年，美香已经23岁了！20年在外漂泊，落叶归根，让国宝回家！@中国大熊猫保护研究中心 @央视新闻",
            "time": "20-11-13 16:03"
        },
        {
            "comment id": 40,
            "parent": -1,
            "children": [],
            "user id": "6293393280",
            "user name": "白喵喵6293393280",
            "content": "#熊猫美香# 请大家关注一下旅美大熊猫美香，哺乳期营养匮乏，身体极度虚弱还要照顾嗷嗷待哺的孩子。旅美20年，也该落叶归根了。求看到的朋友帮助转发扩散吧！20年该回家了他们没有下一个20年了，宝贝余生回家 #救救美香#",
            "time": "20-11-13 15:47"
        },
        {
            "comment id": 41,
            "parent": -1,
            "children": [],
            "user id": "6440640561",
            "user name": "奈味四道破",
            "content": "动物园与监管部门不做为已经成为常态",
            "time": "20-11-13 15:46"
        },
        {
            "comment id": 42,
            "parent": -1,
            "children": [],
            "user id": "5711327234",
            "user name": "看后腿毛线球",
            "content": "@国家林业和草原局 @国家林业和草原局 @国家林业和草原局 @国家林业和草原局 @国家林业和草原局 @国家林业和草原局 @国家林业和草原局 请领导看看～这是狮子吗？？这是好多动物园的现状～动物园圈养动物就让它们留口气不死就可以了吗？这难道也是被私人承包的？那谁监管啊？这么瘦能叫虐待吗？唉～",
            "time": "20-11-13 15:46"
        },
        {
            "comment id": 43,
            "parent": -1,
            "children": [],
            "user id": "5711327234",
            "user name": "看后腿毛线球",
            "content": "， 借楼，#熊猫美香# 请大家关注一下旅美大熊猫美香，哺乳期营养匮乏，身体极度虚弱还要照顾嗷嗷待哺的孩子。旅美20年，也该落叶归根了。求看到的朋友帮助转发扩散吧！20年该回家了他们没有下一个20年了，宝贝余生回家",
            "time": "20-11-13 15:45"
        },
        {
            "comment id": 44,
            "parent": -1,
            "children": [],
            "user id": "5711332998",
            "user name": "noturrose_9",
            "content": "？？？？怎么回事",
            "time": "20-11-13 15:42"
        },
        {
            "comment id": 45,
            "parent": 46,
            "children": [
                46
            ],
            "user id": "5711332998",
            "user name": "noturrose_9",
            "content": "回复@看后腿毛线球:虽然不太了解 但希望它能平安回国",
            "time": "20-11-13 15:50"
        },
        {
            "comment id": 46,
            "parent": 45,
            "children": [
                45
            ],
            "user id": "5711327234",
            "user name": "看后腿毛线球",
            "content": "借楼，#熊猫美香# 请大家关注一下旅美大熊猫美香，哺乳期营养匮乏，身体极度虚弱还要照顾嗷嗷待哺的孩子。旅美20年，也该落叶归根了。求看到的朋友帮助转发扩散吧！20年该回家了他们没有下一个20年了，宝贝余生回家",
            "time": "20-11-13 15:44"
        },
        {
            "comment id": 47,
            "parent": -1,
            "children": [
                48
            ],
            "user id": "1784352271",
            "user name": "--晚安我的白天--",
            "content": "这是旧视频别被带节奏",
            "time": "20-11-13 15:34"
        },
        {
            "comment id": 48,
            "parent": 47,
            "children": [],
            "user id": "5711327234",
            "user name": "看后腿毛线球",
            "content": "借楼，#熊猫美香# 请大家关注一下旅美大熊猫美香，哺乳期营养匮乏，身体极度虚弱还要照顾嗷嗷待哺的孩子。旅美20年，也该落叶归根了。求看到的朋友帮助转发扩散吧！20年该回家了他们没有下一个20年了，宝贝余生回家",
            "time": "20-11-13 16:38"
        },
        {
            "comment id": 49,
            "parent": -1,
            "children": [],
            "user id": "1821973705",
            "user name": "u-soul",
            "content": "这是啥情况",
            "time": "20-11-13 15:25"
        },
        {
            "comment id": 50,
            "parent": -1,
            "children": [],
            "user id": "5085952518",
            "user name": "招财富贵小金花",
            "content": "妈的  是人？？？？？？",
            "time": "20-11-13 15:25"
        },
        {
            "comment id": 51,
            "parent": -1,
            "children": [],
            "user id": "7293774312",
            "user name": "巷南陌上",
            "content": "？？？？？气死我了！！",
            "time": "20-11-13 15:22"
        },
        {
            "comment id": 52,
            "parent": -1,
            "children": [],
            "user id": "3220122312",
            "user name": "阿利什卡的白胡子",
            "content": "天呐，这可是白狮啊……太惨了",
            "time": "20-11-13 15:12"
        },
        {
            "comment id": 53,
            "parent": -1,
            "children": [],
            "user id": "5519428972",
            "user name": "一蓑烟雨缭绕",
            "content": "克扣粮食买房子",
            "time": "20-11-13 15:03"
        },
        {
            "comment id": 54,
            "parent": -1,
            "children": [],
            "user id": "5440790942",
            "user name": "我就用这个号说些不痛不痒的话",
            "content": "18年的视频",
            "time": "20-11-13 14:48"
        },
        {
            "comment id": 55,
            "parent": -1,
            "children": [],
            "user id": "1802459862",
            "user name": "别问我今天吃什么就行",
            "content": "妈的这瘦的！！！！",
            "time": "20-11-13 14:47"
        },
        {
            "comment id": 56,
            "parent": -1,
            "children": [
                57
            ],
            "user id": "6336390444",
            "user name": "梦梦梦y啊",
            "content": "@国家林业和草原局 @国家林业和草原局 @国家林业和草原局 @国家林业和草原局 @国家林业和草原局 @国家林业和草原局 @国家林业和草原局 请领导看看～这是狮子吗？？这是好多动物园的现状～动物园圈养动物就让它们留口气不死就可以了吗？这难道也是被私人承包的？那谁监管啊？这么瘦能叫虐待吗？唉～",
            "time": "20-11-13 14:43"
        },
        {
            "comment id": 57,
            "parent": 56,
            "children": [],
            "user id": "2577174214",
            "user name": "狸狸就招桃花",
            "content": "大熊猫的稀有，中国制定了一套租借体系，如果一个国家想要租借一只熊猫，前提就是必须和中国保持良好的外交关系，并且拥有足够的技术和资金来抚养这些熊猫，然后每年还需要支付一百万美元的租借费。#美香# #添添# #熊猫美香# #救救美香#",
            "time": "20-11-13 16:03"
        },
        {
            "comment id": 58,
            "parent": -1,
            "children": [
                59
            ],
            "user id": "2597133231",
            "user name": "月是故乡明hss",
            "content": "@国家林业和草原局 @国家林业和草原局 请领导看看～这是狮子吗？？这是好多动物园的现状～动物园圈养动物就让它们留口气不死就可以了吗？这难道也是被私人承包的？那谁监管啊？这么瘦能叫虐待吗？唉～",
            "time": "20-11-13 14:39"
        },
        {
            "comment id": 59,
            "parent": 58,
            "children": [],
            "user id": "5711327234",
            "user name": "看后腿毛线球",
            "content": "#熊猫美香# 请大家关注一下旅美大熊猫美香，哺乳期营养匮乏，身体极度虚弱还要照顾嗷嗷待哺的孩子。旅美20年，也该落叶归根了。求看到的朋友帮助转发扩散吧！20年该回家了他们没有下一个20年了，宝贝余生回家",
            "time": "20-11-13 15:46"
        },
        {
            "comment id": 60,
            "parent": -1,
            "children": [],
            "user id": "2285044844",
            "user name": "包阿巧",
            "content": "应该限流了吧多转发救救它们！",
            "time": "20-11-13 14:35"
        },
        {
            "comment id": 61,
            "parent": -1,
            "children": [],
            "user id": "2751986153",
            "user name": "采微阁居士",
            "content": "不看标题以为是金毛",
            "time": "20-11-13 14:34"
        },
        {
            "comment id": 62,
            "parent": -1,
            "children": [],
            "user id": "2285044844",
            "user name": "包阿巧",
            "content": "@国家林业和草原局 @国家林业和草原局 @国家林业和草原局 @国家林业和草原局 @国家林业和草原局 @国家林业和草原局 @国家林业和草原局 请领导看看～这是狮子吗？？这是好多动物园的现状～动物园圈养动物就让它们留口气不死就可以了吗？这难道也是被私人承包的？那谁监管啊？这么瘦能叫虐待吗？唉～",
            "time": "20-11-13 14:34"
        },
        {
            "comment id": 63,
            "parent": 64,
            "children": [
                64
            ],
            "user id": "2285044844",
            "user name": "包阿巧",
            "content": "回复@狸狸就招桃花:好可怜都二十多年了～～视频不忍看",
            "time": "20-11-13 16:39"
        },
        {
            "comment id": 64,
            "parent": 63,
            "children": [
                63
            ],
            "user id": "2577174214",
            "user name": "狸狸就招桃花",
            "content": "世界上最漫长的是美香添添回家的路#美香# #添添# 大熊猫美香超话大熊猫美香添添超话#熊猫美香# #救救美香# #大熊猫美香# #美香添添小崽要一起回家#[/cp]",
            "time": "20-11-13 16:03"
        },
        {
            "comment id": 65,
            "parent": -1,
            "children": [],
            "user id": "5188858182",
            "user name": "醉卧蓝桥君莫笑之I冲木酱I",
            "content": "我的妈呀。瘦成这样还没人管",
            "time": "20-11-13 14:23"
        },
        {
            "comment id": 66,
            "parent": -1,
            "children": [],
            "user id": "6366236832",
            "user name": "AtobeKeigo-",
            "content": "太心疼了",
            "time": "20-11-13 14:20"
        },
        {
            "comment id": 67,
            "parent": -1,
            "children": [],
            "user id": "6366236832",
            "user name": "AtobeKeigo-",
            "content": "好可怜",
            "time": "20-11-13 14:19"
        },
        {
            "comment id": 68,
            "parent": -1,
            "children": [],
            "user id": "2619689364",
            "user name": "甜味过期127",
            "content": "妈呀，好瘦……",
            "time": "20-11-13 14:18"
        },
        {
            "comment id": 69,
            "parent": -1,
            "children": [],
            "user id": "5387241928",
            "user name": "珏珏子--",
            "content": "转发微博",
            "time": "20-11-13 14:17"
        },
        {
            "comment id": 70,
            "parent": -1,
            "children": [],
            "user id": "7406068677",
            "user name": "梦醒摘星辰",
            "content": "@中国小动物保护协会",
            "time": "20-11-13 14:14"
        },
        {
            "comment id": 71,
            "parent": -1,
            "children": [],
            "user id": "5476881695",
            "user name": "o小羊绵咩咩o",
            "content": "这动物园就这条件，监狱都比这好",
            "time": "20-11-13 14:08"
        },
        {
            "comment id": 72,
            "parent": -1,
            "children": [],
            "user id": "5472043489",
            "user name": "biubiu的池池",
            "content": "好像还是白狮，太原动物园很勇敢啊，坐牢的替罪羊是已经准备好了吗？",
            "time": "20-11-13 14:06"
        },
        {
            "comment id": 73,
            "parent": -1,
            "children": [],
            "user id": "5850583407",
            "user name": "泰勒斯威夫特最好的Cardigan",
            "content": "太惨了",
            "time": "20-11-13 14:05"
        },
        {
            "comment id": 74,
            "parent": -1,
            "children": [],
            "user id": "5472043489",
            "user name": "biubiu的池池",
            "content": "这是虐待",
            "time": "20-11-13 14:05"
        },
        {
            "comment id": 75,
            "parent": -1,
            "children": [],
            "user id": "5212392779",
            "user name": "Lion_meow",
            "content": "太慘了",
            "time": "20-11-13 14:03"
        },
        {
            "comment id": 76,
            "parent": -1,
            "children": [],
            "user id": "1780811167",
            "user name": "paxljkkl",
            "content": "@山西太原",
            "time": "20-11-13 14:02"
        },
        {
            "comment id": 77,
            "parent": -1,
            "children": [],
            "user id": "1935593040",
            "user name": "Mari_Hitsuji",
            "content": "悲哀",
            "time": "20-11-13 14:00"
        },
        {
            "comment id": 78,
            "parent": -1,
            "children": [],
            "user id": "7480998563",
            "user name": "-友人BCD",
            "content": "走路都颤颤巍巍的 好瘦啊 还不如放到大森林里",
            "time": "20-11-13 13:58"
        },
        {
            "comment id": 79,
            "parent": -1,
            "children": [],
            "user id": "1955380227",
            "user name": "嫚姝莎华",
            "content": "这都瘦成山羊了！",
            "time": "20-11-13 13:58"
        },
        {
            "comment id": 80,
            "parent": -1,
            "children": [],
            "user id": "1781310263",
            "user name": "____0____",
            "content": "我没记错白狮在全世界超过1000头吗？这是真属于珍惜濒危动物吧，这个动物园属于虐待动物了，犯法的，没有能力养动物真的就不要开动物园了。",
            "time": "20-11-13 13:57"
        },
        {
            "comment id": 81,
            "parent": -1,
            "children": [],
            "user id": "5743635117",
            "user name": "贫穷秃头仙女Orz",
            "content": "简直摇摇欲坠啊，多长时间没吃饱饭啦，比野外的狮子还要惨啊",
            "time": "20-11-13 13:57"
        },
        {
            "comment id": 82,
            "parent": -1,
            "children": [],
            "user id": "3502139534",
            "user name": "渣哼",
            "content": "要不要来辽宁看看东北虎      贼带劲",
            "time": "20-11-13 13:56"
        },
        {
            "comment id": 83,
            "parent": -1,
            "children": [],
            "user id": "1297680121",
            "user name": "人間六月芳菲",
            "content": "太瘦了吧@Ng_Bi兒",
            "time": "20-11-13 13:56"
        },
        {
            "comment id": 84,
            "parent": -1,
            "children": [],
            "user id": "1745852597",
            "user name": "我是大莹_",
            "content": "瘦成这样",
            "time": "20-11-13 13:56"
        },
        {
            "comment id": 85,
            "parent": -1,
            "children": [],
            "user id": "1660641904",
            "user name": "乄妮妮酱丶",
            "content": "这是狮子？",
            "time": "20-11-13 13:54"
        },
        {
            "comment id": 86,
            "parent": -1,
            "children": [],
            "user id": "1627990874",
            "user name": "Melody懵-",
            "content": "靠！太瘦了吧",
            "time": "20-11-13 13:53"
        },
        {
            "comment id": 87,
            "parent": -1,
            "children": [],
            "user id": "1804311397",
            "user name": "肉桂叔叔",
            "content": "什么地方太落后了",
            "time": "20-11-13 13:52"
        },
        {
            "comment id": 88,
            "parent": -1,
            "children": [],
            "user id": "6569161234",
            "user name": "文殊哥儿",
            "content": "中饱私囊",
            "time": "20-11-13 13:52"
        },
        {
            "comment id": 89,
            "parent": -1,
            "children": [],
            "user id": "3218381392",
            "user name": "冷月子初",
            "content": "简直就是虐待动物！！！",
            "time": "20-11-13 13:51"
        },
        {
            "comment id": 90,
            "parent": -1,
            "children": [],
            "user id": "5798044082",
            "user name": "ragina倩倩",
            "content": "因为现在肉太贵所以舍不得给动物吃",
            "time": "20-11-13 13:49"
        },
        {
            "comment id": 91,
            "parent": -1,
            "children": [],
            "user id": "7319152304",
            "user name": "天上的星星叫噶玛",
            "content": "尾巴没了一半后腿还在流血 这雄狮瘦成这样连野生母狮的体格都没有 太心痛了",
            "time": "20-11-13 13:48"
        },
        {
            "comment id": 92,
            "parent": -1,
            "children": [],
            "user id": "5480448248",
            "user name": "楠狗首卸",
            "content": "不成狮样了",
            "time": "20-11-13 13:45"
        },
        {
            "comment id": 93,
            "parent": -1,
            "children": [],
            "user id": "1630935691",
            "user name": "大困困只想睡懒觉",
            "content": "哦嚯，然后小朋友问：“爸爸，妈妈，什么是狮子？”我一直认为只有能力有限的人和团体才爱搞一刀切，这个事情不容易搞，干脆不做了//@VoDanhCa:支持取缔所有的动物园",
            "time": "20-11-13 13:43"
        },
        {
            "comment id": 94,
            "parent": -1,
            "children": [],
            "user id": "7338988730",
            "user name": "小W要喝大杯奶茶_EVOL",
            "content": "哎好瘦",
            "time": "20-11-13 13:43"
        },
        {
            "comment id": 95,
            "parent": -1,
            "children": [],
            "user id": "7303740752",
            "user name": "三个月809",
            "content": "钱都喂狗了",
            "time": "20-11-13 13:43"
        },
        {
            "comment id": 96,
            "parent": -1,
            "children": [],
            "user id": "6230329227",
            "user name": "m毛牛牛",
            "content": "哎",
            "time": "20-11-13 13:41"
        },
        {
            "comment id": 97,
            "parent": -1,
            "children": [],
            "user id": "2098364547",
            "user name": "VoDanhCa",
            "content": "支持取缔所有的动物园",
            "time": "20-11-13 13:35"
        },
        {
            "comment id": 98,
            "parent": -1,
            "children": [],
            "user id": "6586661519",
            "user name": "淼淼05066",
            "content": "不爱请不要伤害。都是命啊，不是赚钱工具！！！",
            "time": "20-11-13 13:35"
        },
        {
            "comment id": 99,
            "parent": -1,
            "children": [],
            "user id": "6190395359",
            "user name": "小狮子里",
            "content": "@太原头条",
            "time": "20-11-13 13:35"
        },
        {
            "comment id": 100,
            "parent": -1,
            "children": [],
            "user id": "5083446981",
            "user name": "x木阿蝣",
            "content": "太可怜了。。这还能开动物园吗别开了请把狮子送给泰伽动物园吧，没有人性",
            "time": "20-11-13 13:32"
        },
        {
            "comment id": 101,
            "parent": -1,
            "children": [],
            "user id": "3801015823",
            "user name": "明月无恒-",
            "content": "不要去动物园啊…",
            "time": "20-11-13 13:27"
        },
        {
            "comment id": 102,
            "parent": -1,
            "children": [
                104
            ],
            "user id": "2520310245",
            "user name": "唯恋彩虹音",
            "content": "大家可以去B站看看，克里米亚的泰加野生动物园很棒！动物园能不能做好全看愿不愿意用心！奥列格园长以个人的身份疫情期间那么难都能对动物们那么好喂的胖胖的，环境干净草场山林大，尽自己所能的为他们创造好的环境，真的很棒！",
            "time": "20-11-13 13:26"
        },
        {
            "comment id": 103,
            "parent": 104,
            "children": [],
            "user id": "2520310245",
            "user name": "唯恋彩虹音",
            "content": "回复@小董6到飞起:是的，太爱欠欠园长啦哈哈",
            "time": "20-11-13 14:22"
        },
        {
            "comment id": 104,
            "parent": 102,
            "children": [
                103
            ],
            "user id": "6044042656",
            "user name": "小董6到飞起",
            "content": "园长把它们照顾的很好",
            "time": "20-11-13 13:31"
        },
        {
            "comment id": 105,
            "parent": -1,
            "children": [],
            "user id": "5581408159",
            "user name": "脱离现实世界",
            "content": "这么瘦怎么回事啊",
            "time": "20-11-13 13:26"
        },
        {
            "comment id": 106,
            "parent": -1,
            "children": [],
            "user id": "5652905063",
            "user name": "年少有你pt",
            "content": "唉",
            "time": "20-11-13 13:26"
        },
        {
            "comment id": 107,
            "parent": -1,
            "children": [],
            "user id": "2302687003",
            "user name": "00AIYIN00",
            "content": "这是已经出现刻板行为了吧",
            "time": "20-11-13 13:24"
        },
        {
            "comment id": 108,
            "parent": -1,
            "children": [],
            "user id": "1767471395",
            "user name": "我非我么",
            "content": "怎么断的？建议好好整治动物园！",
            "time": "20-11-13 13:24"
        },
        {
            "comment id": 109,
            "parent": -1,
            "children": [],
            "user id": "1581687224",
            "user name": "Danica佑佑",
            "content": "我的天哪！！！！！！瘦成这样！！！！尾巴上的血还是鲜红的，没人管管吗",
            "time": "20-11-13 13:24"
        },
        {
            "comment id": 110,
            "parent": -1,
            "children": [],
            "user id": "1767471395",
            "user name": "我非我么",
            "content": "太可怜了！",
            "time": "20-11-13 13:24"
        }
    ]
}