{
    "source": {
        "content": "📣📣震惊世界\n坐标上海，又一起警察当街残杀走失萨摩犬，手段残忍到令人发指[发怒][发怒][发怒]\n出事地点：上海浦东上浦路165弄。\n时间：2020年12月11日上午。在小区内走失的萨摩耶二次遭到暴力毒打。第一次牙齿给打掉，第二次直接打死（有照片作证）\n\n☎️投诉电话：️02112345\n☎️浦东分局督察：02168546109\n☎️打死萨摩耶的东明路派出所电话：\n02122044671（东明派出所地址：浦东新区南林路738号）\n☎️ 投诉警察违规执法热线：12389\n\n国家农业部4499号文件有三个要求：1，要求各地政府善待流浪动物，扩建犬舍妥善安置。2，给抓捕回来的流浪狗打疫苗做绝育。3，开放领养。\n东明派出所民警严重违反国家农业部4499号文件精神，与中央政府倡导的构建文明和谐的社会背道而驰！是赤裸裸的暴力执法！一定一定要追究相关的法律责任！\n东明派出所谁给你们的权利这样滥杀无辜？？？ #上海走丢有芯片萨摩被当街打死#",
        "time": "20-12-11 20:09",
        "user id": "1688807837",
        "tweet id": "Jy0dWegFZ",
        "label": 1,
        "theme": null
    },
    "comment": [
        {
            "comment id": 0,
            "parent": -1,
            "children": [],
            "user id": "1688807837",
            "user name": "天使芯-保护动物",
            "content": "大家转发扩散，☎️投诉电话：️02112345 ☎️浦东分局督察：02168546109 ☎️打死萨摩耶的东明路派出所电话： 02122044671（东明派出所地址：浦东新区南林路738号） ☎️ 投诉警察违规执法热线：12389",
            "time": "20-12-14 17:11"
        },
        {
            "comment id": 1,
            "parent": -1,
            "children": [],
            "user id": "3208277810",
            "user name": "来我家吃拉面吗",
            "content": "反正这种微博评论恨狗嘲狗骂活该的基本十个有十个都是男的",
            "time": "20-12-14 12:36"
        },
        {
            "comment id": 2,
            "parent": -1,
            "children": [],
            "user id": "3352210340",
            "user name": "Tina_11159_438",
            "content": "上海警察打击罪犯很温柔，打起狗来心狠手辣",
            "time": "20-12-14 12:36"
        },
        {
            "comment id": 3,
            "parent": -1,
            "children": [],
            "user id": "7089450587",
            "user name": "带带大火焰法师",
            "content": "干得漂亮。警察执法为民",
            "time": "20-12-14 13:10"
        },
        {
            "comment id": 4,
            "parent": -1,
            "children": [],
            "user id": "3070795682",
            "user name": "彳亍ZQ",
            "content": "狗咬人怎么没这么热闹？",
            "time": "20-12-14 13:02"
        },
        {
            "comment id": 5,
            "parent": -1,
            "children": [],
            "user id": "1988649807",
            "user name": "笑笑啊笑啊笑",
            "content": "降分录取的，没办法，就这素质",
            "time": "20-12-14 12:53"
        },
        {
            "comment id": 6,
            "parent": -1,
            "children": [],
            "user id": "5336421996",
            "user name": "无色畏爱",
            "content": "不愧是上海，做得很好，希望继续保持。",
            "time": "20-12-14 13:06"
        },
        {
            "comment id": 7,
            "parent": -1,
            "children": [],
            "user id": "1631405215",
            "user name": "yijuangcezhi",
            "content": "不骂舍弃狗的人，骂为民除街害的警察？",
            "time": "20-12-14 13:28"
        },
        {
            "comment id": 8,
            "parent": -1,
            "children": [],
            "user id": "2621868273",
            "user name": "V魔先森",
            "content": "上海警察为民除害！",
            "time": "20-12-14 13:49"
        },
        {
            "comment id": 9,
            "parent": -1,
            "children": [
                10,
                11,
                13,
                16,
                17,
                18
            ],
            "user id": "7406846705",
            "user name": "奇诺比可27642",
            "content": "百度查了查国民素质世界50开外 看了看评论 恩不奇怪了",
            "time": "20-12-14 15:27"
        },
        {
            "comment id": 10,
            "parent": 9,
            "children": [],
            "user id": "1856190900",
            "user name": "教做人专用号",
            "content": "回复@恨不得给你全部温柔:你家的呗",
            "time": "21-1-17 01:03"
        },
        {
            "comment id": 11,
            "parent": 9,
            "children": [],
            "user id": "1300712710",
            "user name": "策马凌风",
            "content": "排名显示美国抗疫情能力全球第一现在这个时候拿一个狗屁排名说事只会显得您智商很低",
            "time": "20-12-18 19:56"
        },
        {
            "comment id": 12,
            "parent": 14,
            "children": [],
            "user id": "1716647750",
            "user name": "马虎电视",
            "content": "回复@今天无事一身轻:吴孟达：本来我们比他们强一点点，就是因为你拖后腿，导致我们现在比他们弱一点点",
            "time": "20-12-15 21:08"
        },
        {
            "comment id": 13,
            "parent": 9,
            "children": [],
            "user id": "7278968421",
            "user name": "K_NewsT",
            "content": "那号召给派出所打电话的行为是高素质行为吗",
            "time": "20-12-15 18:43"
        },
        {
            "comment id": 14,
            "parent": 15,
            "children": [
                12
            ],
            "user id": "7431131111",
            "user name": "今天无事一身轻",
            "content": "回复@空人不空心:看着他们天天在粪坑里生活，真的很辛苦。有时候自己都觉的对不起他们，唉！都怪川皇不给签证。",
            "time": "20-12-15 17:16"
        },
        {
            "comment id": 15,
            "parent": 18,
            "children": [
                14
            ],
            "user id": "5571433232",
            "user name": "空人不空心",
            "content": "回复@今天无事一身轻:哈哈哈哈绝！",
            "time": "20-12-15 17:10"
        },
        {
            "comment id": 16,
            "parent": 9,
            "children": [],
            "user id": "5473350147",
            "user name": "学计算机的段子手",
            "content": "百度，排名，味儿也太冲了。水平这么低还在下定义",
            "time": "20-12-15 16:56"
        },
        {
            "comment id": 17,
            "parent": 9,
            "children": [],
            "user id": "7406846705",
            "user name": "奇诺比可27642",
            "content": "回复@恨不得给你全部温柔:你说的那叫养狗人士 还有随地大小便人士也很有特色吗",
            "time": "20-12-15 00:58"
        },
        {
            "comment id": 18,
            "parent": 9,
            "children": [
                15
            ],
            "user id": "7431131111",
            "user name": "今天无事一身轻",
            "content": "确实是这样的，这还是有你们这些爱狗人士拉高平均分，要是你们都移民了，中国人的素质就一百开外了，所以你们千万别移民",
            "time": "20-12-14 22:03"
        },
        {
            "comment id": 19,
            "parent": -1,
            "children": [
                20,
                22,
                23,
                25,
                28,
                30,
                31,
                33,
                35,
                36,
                38,
                40,
                42,
                44,
                46,
                48,
                50
            ],
            "user id": "1820201245",
            "user name": "奥卡姆剃刀",
            "content": "这是4499号提案的答复，所谓的善待流浪动物、打疫苗、开放领养的说法也都是子虚乌有。伪造政府法令，炒作网络舆情，这个性质很严重。 ",
            "time": "20-12-15 19:43"
        },
        {
            "comment id": 20,
            "parent": 19,
            "children": [],
            "user id": "1085845102",
            "user name": "无垠-第五佩兰",
            "content": "回复@咻咻咻丢丢丢:嗯，加油，好好努力吧。",
            "time": "20-12-19 00:31"
        },
        {
            "comment id": 21,
            "parent": 22,
            "children": [],
            "user id": "6308991247",
            "user name": "赵辰龙从不亲嘴",
            "content": "回复@无垠-第五佩兰:要么等到低智易煽动的人老到没话语权，要么我们发展到西方ngo洗不动，要么等到国家下场不过我们会赢的这三条时间都在我们这边，加油哈，我去刷题咯",
            "time": "20-12-19 00:24"
        },
        {
            "comment id": 22,
            "parent": 19,
            "children": [
                21
            ],
            "user id": "1085845102",
            "user name": "无垠-第五佩兰",
            "content": "回复@咻咻咻丢丢丢:嘛，咱两个说也没啥用，只能说鸟大了什么林子都有，除了说两句也改变不了啥。",
            "time": "20-12-19 00:21"
        },
        {
            "comment id": 23,
            "parent": 19,
            "children": [],
            "user id": "1085845102",
            "user name": "无垠-第五佩兰",
            "content": "回复@咻咻咻丢丢丢:警察相关的法律我不知道，但是肯定有保护人员安全的内容，动物园的动物只要判断有对人造成伤亡的可能就是要击毙的，保护动物都是如此，更别说普通家养犬了，这只萨摩耶自然是满足伤人可能的，毕竟没绳，没主人，还占地盘不走。",
            "time": "20-12-19 00:17"
        },
        {
            "comment id": 24,
            "parent": 25,
            "children": [],
            "user id": "6308991247",
            "user name": "赵辰龙从不亲嘴",
            "content": "回复@无垠-第五佩兰:对的啊，有些极端动保白左就是反应不过来，要是所有养狗的都有您这觉悟就好了，",
            "time": "20-12-19 00:16"
        },
        {
            "comment id": 25,
            "parent": 19,
            "children": [
                24
            ],
            "user id": "1085845102",
            "user name": "无垠-第五佩兰",
            "content": "回复@咻咻咻丢丢丢:死狗不能复生，活人不可能给狗偿命，那除了要钱还能干嘛，真的爱狗就不可能让狗不安全，意外总不可避免，可那前提得是意外，单论这件事就并不是意外，而是人为疏忽，不是意外自然要承担后果，而不是死搅蛮缠转嫁损失",
            "time": "20-12-19 00:13"
        },
        {
            "comment id": 26,
            "parent": 28,
            "children": [],
            "user id": "6308991247",
            "user name": "赵辰龙从不亲嘴",
            "content": "回复@无垠-第五佩兰:故意挑舆论然后西方意识形态洗脑的ngo动保再搅和进来，真的恶心",
            "time": "20-12-19 00:10"
        },
        {
            "comment id": 27,
            "parent": 28,
            "children": [],
            "user id": "6308991247",
            "user name": "赵辰龙从不亲嘴",
            "content": "回复@无垠-第五佩兰:所以除非民警承认自己爱好杀狗为乐所以为己营私，否则真就没问题，不然为啥狗主丝毫不说公安那边怎么回答的估计早就知道翻不了盘才来搞搞舆论这样子",
            "time": "20-12-19 00:09"
        },
        {
            "comment id": 28,
            "parent": 19,
            "children": [
                26,
                27
            ],
            "user id": "1085845102",
            "user name": "无垠-第五佩兰",
            "content": "回复@咻咻咻丢丢丢:打狗这种事，搁以前就是糊涂账，放现在就比较明了，不牵绳肯定就是全责，而牵绳没啥特殊情况（比如小孩牵大狗）就肯定不会出事，只要不是再像以前那样，直接冲到主人家里来杀狗，那肯定都是狗主人全责，狗主人闹事无非就是为了钱，如果狗主人给你谈感情谈狗粮，就说明赔的钱还不够。",
            "time": "20-12-19 00:06"
        },
        {
            "comment id": 29,
            "parent": 30,
            "children": [],
            "user id": "6308991247",
            "user name": "赵辰龙从不亲嘴",
            "content": "回复@无垠-第五佩兰:对啊明白人都知道这个，只是对于有些人就仿佛自己的狗一定要得到所有人像小孩子一样的待遇似的。受伤很正常，受伤致死也只能认倒霉，哪有嫌犯家属状告警察为什么不打脚的",
            "time": "20-12-19 00:01"
        },
        {
            "comment id": 30,
            "parent": 19,
            "children": [
                29
            ],
            "user id": "1085845102",
            "user name": "无垠-第五佩兰",
            "content": "回复@咻咻咻丢丢丢:能下死手打死狗的都是老时代的人，那时候杀狗本来就是很平常的事，养狗一半是看院一半就是出肉，就是家里自己养的都会杀，放现在的人除非是那种为了玩乐就能虐杀动物的不正常人，正常的别说杀只鸡了，就是杀只老鼠都下不去手，只能说我们现在的人越来越胆小了，而不是所谓的更文明了",
            "time": "20-12-18 23:59"
        },
        {
            "comment id": 31,
            "parent": 19,
            "children": [],
            "user id": "1085845102",
            "user name": "无垠-第五佩兰",
            "content": "回复@咻咻咻丢丢丢:没法，萨摩耶太大了，不养狗的人就连小狗都会怕，更别说大狗，十个人里总会有一个觉得有威胁，而行动的往往就是这一个，狗这种生物有绳还好说，没绳你想动他就得看熟不熟了，不熟示威性吼叫是必须的，而不养狗的人是分不清哪种叫是要咬人，哪种叫是吓人的，谁要跟你赌这个。",
            "time": "20-12-18 23:55"
        },
        {
            "comment id": 32,
            "parent": 33,
            "children": [],
            "user id": "6308991247",
            "user name": "赵辰龙从不亲嘴",
            "content": "回复@无垠-第五佩兰:文明养犬的人都超棒的!!mua",
            "time": "20-12-18 23:54"
        },
        {
            "comment id": 33,
            "parent": 19,
            "children": [
                32
            ],
            "user id": "1085845102",
            "user name": "无垠-第五佩兰",
            "content": "回复@咻咻咻丢丢丢:哦还有，我也是养狗的，狗身上会有一个牵绳用的套子，一般就算不给他上绳也会带着，因为套一次很麻烦有这个才好套绳，特别是在出门前一定会套上，他这全部的图，包括挨打的身上都没有套子或者项圈什么的，说明就是纯粹不牵绳散养的。",
            "time": "20-12-18 23:50"
        },
        {
            "comment id": 34,
            "parent": 35,
            "children": [],
            "user id": "6308991247",
            "user name": "赵辰龙从不亲嘴",
            "content": "回复@无垠-第五佩兰:被车撞和被打死肯定不一样的嘛，你看我俩最后不是有统一意见了",
            "time": "20-12-18 23:49"
        },
        {
            "comment id": 35,
            "parent": 19,
            "children": [
                34
            ],
            "user id": "1085845102",
            "user name": "无垠-第五佩兰",
            "content": "回复@咻咻咻丢丢丢:理他那么多干嘛，现实里民警只会问你是不是没牵绳，回答肯定是没牵不然怎么跑了，牵了没拉住狗最后身上肯定有绳子，于是民警会告诉你没牵绳一切后果狗主人全责，很多狗跑了撞死了，狗主人来讹，然后被判全责负责修车。",
            "time": "20-12-18 23:45"
        },
        {
            "comment id": 36,
            "parent": 19,
            "children": [],
            "user id": "2179424780",
            "user name": "CosStar喵粑粑",
            "content": "回复@咻咻咻丢丢丢:也是，如果咬了人也会被说，确实他们也不容易，唉，希望这类事情不要再有，签好绳子还是要。",
            "time": "20-12-17 19:24"
        },
        {
            "comment id": 37,
            "parent": 38,
            "children": [],
            "user id": "6308991247",
            "user name": "赵辰龙从不亲嘴",
            "content": "回复@CosStar喵粑粑:所以我说裁量权在民警手里，换句话说怎么就能认定有威胁也是模糊的，可是如果没做万一引起另一种结果（比如真的伤到了人）又会被骂。希望正义最终是正义的吧",
            "time": "20-12-17 18:16"
        },
        {
            "comment id": 38,
            "parent": 19,
            "children": [
                37
            ],
            "user id": "2179424780",
            "user name": "CosStar喵粑粑",
            "content": "回复@咻咻咻丢丢丢:动物在陌生人靠近状态本能防御吠叫很正常，如果这都能作为合理捕杀的理由，那基本上外面的流浪动物都可以肆无忌惮的杀戮了。之所以''有法无许，皆不可为''就是限制职权部门的权利边界，也正因为职权部门的特殊地位才更应该有高要求和高标准。这件事可能会上升到法律诉讼阶段，大家拭目以待，以观后续吧",
            "time": "20-12-17 18:08"
        },
        {
            "comment id": 39,
            "parent": 40,
            "children": [],
            "user id": "6308991247",
            "user name": "赵辰龙从不亲嘴",
            "content": "回复@CosStar喵粑粑:有没有主动攻击人不能光听狗主说的，希望可以有后续消息，另外如果是一只对居民产生威胁失控受惊状态流浪狗直接扑杀好像也不过分吧，执法部门确实没一点儿责任。狗没栓绳被撞了都能全责，这次狗直接丢了堵别人家门口主人不用承担主要责任??面对疯牛野猪的时候警察还能做到温柔地问一声是谁家的?",
            "time": "20-12-17 17:59"
        },
        {
            "comment id": 40,
            "parent": 19,
            "children": [
                39
            ],
            "user id": "2179424780",
            "user name": "CosStar喵粑粑",
            "content": "回复@咻咻咻丢丢丢:主责怎么会是狗主人呢？如果狗是流浪狗，没有主人，那意思执法部门没有责任了？显然不是吧，如果狗没有主动攻击伤人情况下，有相关规定要棒杀吗？如果没有法律许可下的捕杀不就是滥用职权吗，即使是只狗也是生命，公职人员漠视生命很可怕啊！另外现在是有主的狗，也是他人财产，违规导致损失算谁的帐呢",
            "time": "20-12-17 17:48"
        },
        {
            "comment id": 41,
            "parent": 42,
            "children": [],
            "user id": "6308991247",
            "user name": "赵辰龙从不亲嘴",
            "content": "回复@CosStar喵粑粑:我刚刚也说了我的观点是至少主责及以上责任在狗主，至于执法。美国那么多枪杀黑人的案例只要程序合法不是也没判几个吗，同理，只要执法民警不是特意借执法泄私仇，那狗伤狗亡也不可避免，程序合理，警察又不可能万能的。另外和你举的例子有一个本质区别就是，捕杀狗不是杀人，财产损失远在生命损失之后",
            "time": "20-12-17 16:57"
        },
        {
            "comment id": 42,
            "parent": 19,
            "children": [
                41
            ],
            "user id": "2179424780",
            "user name": "CosStar喵粑粑",
            "content": "回复@咻咻咻丢丢丢:现在大家关注的就是执法环节，就像美国警方出警射杀黑人公民情况类似，都可以说是保护人民财产，但执法否超出正常合规合理呢？如果错了就承认，就改正，需要赔偿的就赔偿，不然就会漠视和容忍，让这个错误一直存在。",
            "time": "20-12-17 16:40"
        },
        {
            "comment id": 43,
            "parent": 44,
            "children": [],
            "user id": "6308991247",
            "user name": "赵辰龙从不亲嘴",
            "content": "回复@CosStar喵粑粑:对于执法情况我持保留态度，在有更多信息之前。在一些情况下把狗温柔地捉进笼子是正确的，同时在更多情况下不免产生损害，产生损害的结果并不是每次都能降到最小，就像不能要求制服歹徒时只能瞄准腿一样，永远也不能十全十美，而这个裁量权确实在警察手里，如果警察不是故意跑过去杀狗，主责还是在狗主",
            "time": "20-12-17 16:29"
        },
        {
            "comment id": 44,
            "parent": 19,
            "children": [
                43
            ],
            "user id": "2179424780",
            "user name": "CosStar喵粑粑",
            "content": "回复@咻咻咻丢丢丢:如果你觉得可怜，那你应该对警察的做法感到悲哀才是，抓狗有狗绳，网套工具，如果狗有发狂攻击行为而捕杀没有话说。但现在是简单粗暴式的当场捕杀，这是程序上的问题，如果不牵绳是狗主的责任，但暴力违规执法就是执法部门反思的地方了，也是现在大家不满的地方。不实指的引用文件不当，但血腥事实存在",
            "time": "20-12-17 16:10"
        },
        {
            "comment id": 45,
            "parent": 46,
            "children": [],
            "user id": "6308991247",
            "user name": "赵辰龙从不亲嘴",
            "content": "回复@CosStar喵粑粑:首先法条一定是严谨的，不容许添油加醋。其次已经被微博判定了的事儿就不要狡辩了，狡辩也没法把“不实信息”的帽子摘下来。狗狗是真的可怜，我也觉得可惜，不过应负最大责任的是狗主噢，警察首要目的是保护人民群众安全而不是替狗主减小损失噢",
            "time": "20-12-17 16:01"
        },
        {
            "comment id": 46,
            "parent": 19,
            "children": [
                45
            ],
            "user id": "2179424780",
            "user name": "CosStar喵粑粑",
            "content": "回复@咻咻咻丢丢丢:@CosStar喵粑粑: 回复@咻咻咻丢丢丢:文件回复写的是对流浪伴侣动物的收容，文章对文件过度解读了，到你这边就用伪造，到底是谁在混淆视听呢？有证狗无辜被暴力打死是血淋淋的事实，看不请事实，不明黑白的人应该算白活了吧，还说啥邪教，你就喜欢屎盆子乱扣吧",
            "time": "20-12-17 15:39"
        },
        {
            "comment id": 47,
            "parent": 48,
            "children": [],
            "user id": "6308991247",
            "user name": "赵辰龙从不亲嘴",
            "content": "回复@CosStar喵粑粑:是你没读过书吧，睁着眼睛说瞎话，就问你“开放领养”在哪里??已经被微博判定不实消息嘴还能这么犟，果然动保邪教",
            "time": "20-12-17 12:41"
        },
        {
            "comment id": 48,
            "parent": 19,
            "children": [
                47
            ],
            "user id": "2179424780",
            "user name": "CosStar喵粑粑",
            "content": "回复@咻咻咻丢丢丢:懂伪造含义吗？书没读过？",
            "time": "20-12-17 11:36"
        },
        {
            "comment id": 49,
            "parent": 50,
            "children": [],
            "user id": "6308991247",
            "user name": "赵辰龙从不亲嘴",
            "content": "回复@CosStar喵粑粑:伪造政府法令居然没一只狗严重?笑尿了，也就是现在信息发达，搁古代估计够砍头的了吧",
            "time": "20-12-17 09:40"
        },
        {
            "comment id": 50,
            "parent": 19,
            "children": [
                49
            ],
            "user id": "2179424780",
            "user name": "CosStar喵粑粑",
            "content": "人家引用文件（答复）只是想说明政府对于流浪动物是收容导向，现在问题是有狗证的狗在没有攻击伤人情况下被捕杀，这个行为如果被认可，对于走失的动物岂不是都有被杀害的可能了，到底哪个性质更严重呢？",
            "time": "20-12-16 13:41"
        },
        {
            "comment id": 51,
            "parent": -1,
            "children": [],
            "user id": "5712549907",
            "user name": "Vietee",
            "content": "@国民老岳父公 @牛春儿小肥猪 @6岛岛 @LEO它爹 @LEO它娘   小区内走失的11岁萨摩耶，主人还在找它，却被民警活活打死了。",
            "time": "20-12-14 12:57"
        },
        {
            "comment id": 52,
            "parent": -1,
            "children": [
                53,
                64,
                65
            ],
            "user id": "7337829656",
            "user name": "灵性的自由",
            "content": "#央视呼吁禁止虐动物尽快立法# @警民直通车-浦东@新民晚报新民网 此犬不慎走失，有犬证注射过芯片，带回警局一扫芯片就能找到主人，为什么不严格按规定执行？当场棒杀打杀走失犬，宣扬的是什么价值观？现场那么多孩子妇女老人，留下多么可怕的心理阴影！上海养犬条例哪一条哪一款允许打杀走失犬了？！ ",
            "time": "20-12-14 19:46"
        },
        {
            "comment id": 53,
            "parent": 52,
            "children": [],
            "user id": "7337829656",
            "user name": "灵性的自由",
            "content": "回复@尨鲲:不要跟我扯禁食狗肉了，已经发了几万文关于国内没有合法狗肉的评论。先去搜搜看官方代言人洗白帖吧，根本没发生打杀走失犬事件！我们还在交换看法激烈辩论呢，人家直接说根本没发生！等你我也成为砧板上的肉时，再喊，喊破喉咙也叫天不应了！",
            "time": "20-12-15 16:24"
        },
        {
            "comment id": 54,
            "parent": 56,
            "children": [],
            "user id": "7431131111",
            "user name": "今天无事一身轻",
            "content": "回复@灵性的自由:我国现实情况是犬只管理缺乏必要的设备，将警察推到管理一线，却没有配备捕捉收容等工具设施，而又负有直接责任，处境十分尴尬，如果当时警察有得力工具，结局可能会好一点",
            "time": "20-12-15 12:45"
        },
        {
            "comment id": 55,
            "parent": 56,
            "children": [],
            "user id": "7431131111",
            "user name": "今天无事一身轻",
            "content": "回复@灵性的自由:这才是理性讨论问题的态度嘛！别学某些拳师脏话连篇性器挂嘴。",
            "time": "20-12-15 12:37"
        },
        {
            "comment id": 56,
            "parent": 58,
            "children": [
                54,
                55
            ],
            "user id": "7337829656",
            "user name": "灵性的自由",
            "content": "回复@今天无事一身轻:一、限评删帖降流量，相关部门有没有表现出互相质证应有的态度。二、我们赞成在公共平台公布执法人员现场执法音像记录。三、宠物犬有基本的生存权，更何况是有证犬有芯片，按照上海养犬条例规定，上犬证注射芯片就是为了更便于找回走失犬。至于严重到何种程度，出示执法记录自然就真相大白了。",
            "time": "20-12-15 12:22"
        },
        {
            "comment id": 57,
            "parent": 59,
            "children": [],
            "user id": "6419782043",
            "user name": "老临渊木鱼",
            "content": "回复@灵性的自由:没牵绳吧？",
            "time": "20-12-15 12:10"
        },
        {
            "comment id": 58,
            "parent": 59,
            "children": [
                56
            ],
            "user id": "7431131111",
            "user name": "今天无事一身轻",
            "content": "回复@灵性的自由:一，确实需要双方在一个平台上互相质证，这是法治精神应有之义。二，现在警察大多有记录仪，如果记录到该犬大声犬吠，这官司就很难赢。三，不需要严重威胁这个程度，记住这一点，这是人的社会人的法律，是不会将狗抬到和人一样高度去处理",
            "time": "20-12-15 10:20"
        },
        {
            "comment id": 59,
            "parent": 60,
            "children": [
                57,
                58
            ],
            "user id": "7337829656",
            "user name": "灵性的自由",
            "content": "回复@今天无事一身轻:一、明白，这是警方一面之辞。二、那请警方出示犬已严重威胁到公民生命安全的证据！三、同上，需要警方和报警人出示犬威胁公民生命安全证据。此犬是萨摩耶犬，上海养犬条例允许公民饲养。四、如果是一个恨狗或者虐杀狂报警呢？某些国人素质您应该清楚。更可恶的是，狗死不见尸被随便交给路人吃了！",
            "time": "20-12-15 09:57"
        },
        {
            "comment id": 60,
            "parent": 62,
            "children": [
                59
            ],
            "user id": "7431131111",
            "user name": "今天无事一身轻",
            "content": "回复@灵性的自由:国家保护个人合法私有财产，但个人合法财产不得侵犯他人或集体的合法权益，比如车是你的合法财产，但却停在消防通道上，这时候众人将你车推倒到路边，那不叫侵犯你的私人财产。现在你们要认定警察违法，只有一个办法，证明该犬没有侵害他人或威胁侵害，这才是正道，没了这个前提，是告不赢的",
            "time": "20-12-15 09:52"
        },
        {
            "comment id": 61,
            "parent": 62,
            "children": [],
            "user id": "7431131111",
            "user name": "今天无事一身轻",
            "content": "回复@灵性的自由:一，我说的是他们警方认为稳妥的方式不是我认为。二，中国警察法赋予了警察在人民生命财产受到威胁时采取暴力措施的权力。三，该犬为大型大，直到现在也没有证据显示该犬没有攻击性（评论有说该犬主人有表示该犬会咬人，未证实）四，能让人吓的不敢下楼需要报警处理的程度，你可以想象一下当时的场景。",
            "time": "20-12-15 09:44"
        },
        {
            "comment id": 62,
            "parent": 65,
            "children": [
                60,
                61
            ],
            "user id": "7337829656",
            "user name": "灵性的自由",
            "content": "回复@今天无事一身轻:@警民直通车-上海#上海走丢有芯片萨摩被当街打死#  当场棒杀走失犬，公然侵犯公民私有物权，执法人员难道不懂法？此犬有上犬证注射芯片，为什么不严格按照法律法规，帮助寻找主人？我们最愤慨的是，公权力的滥用，公民的基本权利被野蛮剥夺了！今天若默许这样的暴虐，明天，暴虐也会降临到你我头上！",
            "time": "20-12-15 09:05"
        },
        {
            "comment id": 63,
            "parent": 65,
            "children": [],
            "user id": "7337829656",
            "user name": "灵性的自由",
            "content": "回复@今天无事一身轻:你认为稳妥，法律法规不认为！上海养犬条例哪条哪款允许打杀走失犬了？！公安部治安管理局副局长鲍遂献表示：“养犬和不养犬都是公民的权利。”宠物犬是公民合法财物，受法律保护，警方正确做法应当是先将其带离妥善安置，再找主人将其领回。否则是触犯《中华人民共和国刑法》第275条 故意毁坏财物罪！ 查看图片",
            "time": "20-12-15 09:02"
        },
        {
            "comment id": 64,
            "parent": 52,
            "children": [],
            "user id": "7337829656",
            "user name": "灵性的自由",
            "content": "回复@尨鲲:截图保护犬主电话隐私不对？此犬两次被打毫无反抗，打落牙齿趴地上不动没攻击任何人！再贴一个，狗死不见尸被吃了！严重越权违规！ 此犬11岁了，相当于人类80高龄，有户口有芯片，走失不到24小时被打死！最后尸体被随便交给路人带走吃肉，执法人员居然纵容民众吃狗肉！严重违反动物防疫法食品安全法！ 查看图片",
            "time": "20-12-15 08:59"
        },
        {
            "comment id": 65,
            "parent": 52,
            "children": [
                62,
                63
            ],
            "user id": "7431131111",
            "user name": "今天无事一身轻",
            "content": "你可别再说现场有很多孩子老人，正是现在有很多孩子老人，警察在没有专业捕捉工具情况下采取了他们认为最稳妥的办法，如果当时不扑杀而咬伤孩子老人，警察那就真吃不了兜着走，",
            "time": "20-12-14 22:09"
        },
        {
            "comment id": 66,
            "parent": -1,
            "children": [
                67,
                68,
                69
            ],
            "user id": "7301911322",
            "user name": "起舞的彩云",
            "content": "图片评论 ",
            "time": "20-12-14 22:01"
        },
        {
            "comment id": 67,
            "parent": 66,
            "children": [],
            "user id": "5868260859",
            "user name": "微微晚风伴我入梦",
            "content": "但凡接受过九年义务教育都能看懂每个字每个词",
            "time": "20-12-15 23:23"
        },
        {
            "comment id": 68,
            "parent": 66,
            "children": [],
            "user id": "1716647750",
            "user name": "马虎电视",
            "content": "回复@你我山巅自相逢_____:爱狗人士就喜欢拿个鸡毛当令箭。。。原谅他们吧",
            "time": "20-12-15 21:10"
        },
        {
            "comment id": 69,
            "parent": 66,
            "children": [],
            "user id": "6372033271",
            "user name": "西望十二楼丶",
            "content": "这是回复，不是正式文件！",
            "time": "20-12-15 18:17"
        },
        {
            "comment id": 70,
            "parent": -1,
            "children": [
                71,
                72
            ],
            "user id": "7208477779",
            "user name": "小莹莹200105",
            "content": "畜牲保安这还是上海吗有点人性没",
            "time": "20-12-14 10:34"
        },
        {
            "comment id": 71,
            "parent": 70,
            "children": [],
            "user id": "2168079180",
            "user name": "盧灣長大滴孩紙",
            "content": "对，是警察",
            "time": "20-12-14 13:26"
        },
        {
            "comment id": 72,
            "parent": 70,
            "children": [],
            "user id": "1708967550",
            "user name": "Lilikomimim",
            "content": "是警察",
            "time": "20-12-14 12:41"
        },
        {
            "comment id": 73,
            "parent": -1,
            "children": [],
            "user id": "5712549907",
            "user name": "Vietee",
            "content": "@萨摩耶大本营 耶耶！帮帮忙，至少让警察给个说法",
            "time": "20-12-14 12:49"
        },
        {
            "comment id": 74,
            "parent": -1,
            "children": [],
            "user id": "7165069511",
            "user name": "奶油加黄油",
            "content": "上海居然发生这种恶劣的事件",
            "time": "20-12-14 21:13"
        },
        {
            "comment id": 75,
            "parent": -1,
            "children": [
                76
            ],
            "user id": "7337829656",
            "user name": "灵性的自由",
            "content": "@警民直通车-浦东@新民晚报新民网@上海发布@新浪上海@上海热门资讯  #立法禁食狗肉# 此犬11岁了，相当于人类80高龄，相伴主人十几载，走失不到24小时被活活打死！最后尸体被随便交给路人带走吃肉！完全没有良知底线了！执法人员居然纵容吃狗肉！严重违反动物防疫法和食品安全法！必须严查严惩！ ",
            "time": "20-12-14 19:51"
        },
        {
            "comment id": 76,
            "parent": 75,
            "children": [],
            "user id": "2251301852",
            "user name": "RutgerDelight",
            "content": "顶你上去",
            "time": "20-12-16 01:57"
        },
        {
            "comment id": 77,
            "parent": -1,
            "children": [],
            "user id": "2113118233",
            "user name": "KONG-29",
            "content": "令人作呕，有哪条规定写了可以当街打死？无证都是要先收容，没有一点爱心还敢自称大都市民警",
            "time": "20-12-14 19:36"
        },
        {
            "comment id": 78,
            "parent": -1,
            "children": [
                81
            ],
            "user id": "3908906490",
            "user name": "十野_",
            "content": "@上海发布 狗打了芯片，执法时候不用查看是吗？直接认定为流浪狗？就算它是流浪狗，它攻击人类了吗就直接被打死？？？不用先通知养犬办吗？谁给上海警察的权利直接打死狗？",
            "time": "20-12-14 15:41"
        },
        {
            "comment id": 79,
            "parent": 80,
            "children": [],
            "user id": "2278768221",
            "user name": "哥姓甜很甜",
            "content": "回复@小神鸭_:你没见过小孩子掉到动物园猩猩坑里，虽然猩猩都没去碰那孩子仍然被击毙了吗？",
            "time": "20-12-16 13:53"
        },
        {
            "comment id": 80,
            "parent": 81,
            "children": [
                79
            ],
            "user id": "6084579359",
            "user name": "小神鸭_",
            "content": "回复@哥姓甜很甜:你不也。。？",
            "time": "20-12-16 12:22"
        },
        {
            "comment id": 81,
            "parent": 78,
            "children": [
                80
            ],
            "user id": "2278768221",
            "user name": "哥姓甜很甜",
            "content": "攻击人类才能击毙是对人来说，对动物从来都是认定有潜在威胁就直接击毙的，你活在梦里吧。",
            "time": "20-12-16 09:40"
        },
        {
            "comment id": 82,
            "parent": -1,
            "children": [],
            "user id": "5712549907",
            "user name": "Vietee",
            "content": "@鸡腿子软糖 @鸡腿子软糖 @鸡腿子软糖  小区内走失的11岁萨摩耶被民警打死了，主人还一直在找它。。。",
            "time": "20-12-14 13:01"
        },
        {
            "comment id": 83,
            "parent": -1,
            "children": [],
            "user id": "1769678325",
            "user name": "那一个平行空间",
            "content": "感谢警察保护了普通的真正人类。",
            "time": "20-12-14 22:16"
        },
        {
            "comment id": 84,
            "parent": -1,
            "children": [],
            "user id": "7337829656",
            "user name": "灵性的自由",
            "content": "@警民直通车-上海@警民直通车-浦东@新民晚报新民网 当场棒杀走失犬，公然侵犯公民私有物权，执法人员难道不懂法？此犬有上犬证注射芯片，为什么不严格按照法律法规，帮助寻找主人？我们最愤慨的是，公权力的滥用，公民的基本权利被野蛮剥夺了！今天若默许这样的暴虐，明天，暴虐也会降临到你我头上！ ",
            "time": "20-12-14 19:30"
        },
        {
            "comment id": 85,
            "parent": -1,
            "children": [],
            "user id": "1872003003",
            "user name": "两大只和两小只",
            "content": "一个国家的文明有多落后，对待伴侣宠物的手段就有多残忍",
            "time": "20-12-14 18:42"
        },
        {
            "comment id": 86,
            "parent": -1,
            "children": [],
            "user id": "1586632625",
            "user name": "小亚琛",
            "content": "乐乐乐乐是快12岁的老狗了，而且全程都没有任何攻击行为，没想到最后被这样残忍对待。。。试想这么血腥的虐杀过程如果给小孩子看到这影响会有多坏？@爱宠物部落 @狗与爱的世界 @作家陈岚 @turbosun@大悦悦悦来悦好 @turbosun @孙茜",
            "time": "20-12-14 21:44"
        },
        {
            "comment id": 87,
            "parent": -1,
            "children": [
                88
            ],
            "user id": "7155152799",
            "user name": "what-blue",
            "content": "做事情没有个流程的吗？不由分说就当街虐杀?谁给你的权力！芯片查没查，芯片是摆设?退一万步说是流浪犬只，后续收容绝育开放领养等一系列流程呢?前几日上海才发布移动绝育车，与此同时又出现这种令人发指的虐杀现象！是多么的讽刺啊！",
            "time": "20-12-14 19:36"
        },
        {
            "comment id": 88,
            "parent": 87,
            "children": [],
            "user id": "5868260859",
            "user name": "微微晚风伴我入梦",
            "content": "做事情要有流程，发表意见也要测底了解两方发生了什么不是？别看到一方说了啥就冲上去带头冲锋，这些年反转脸没打疼？",
            "time": "20-12-15 23:35"
        },
        {
            "comment id": 89,
            "parent": -1,
            "children": [
                90,
                91,
                92,
                93
            ],
            "user id": "6285494771",
            "user name": "半夏之娱",
            "content": "今天与另外一个热搜对比，真的是心情复杂，被狗咬伤的女孩已经脑死亡。我觉得政府真的需要对养宠人员做出更严格的限制了，同时对流浪狗进行处理。爱心人士也可以捐款，减轻政府负担。我个人是很怕流浪狗了(无人看管的就是流浪狗)，因为被追过。",
            "time": "20-12-15 16:37"
        },
        {
            "comment id": 90,
            "parent": 89,
            "children": [],
            "user id": "1935986380",
            "user name": "薇言思语",
            "content": "杭州姐弟被狗咬，父亲：女儿可能是病毒性脑炎，20来天了一直没放弃女孩父亲给华大基因三个标本，一个脑脊液一个血一个唾液，华大基因给了四分结果前面三份都有公司盖章，查到都是没有狂犬病毒，第四份检查到狂犬病，唾液中查到了微量的狂犬病，第四份没有盖章，女孩父亲质疑可靠性，要求给个明确说法并且盖章，华大说有狂犬病是有，但是就不能盖章",
            "time": "20-12-16 01:17"
        },
        {
            "comment id": 91,
            "parent": 89,
            "children": [],
            "user id": "5868260859",
            "user name": "微微晚风伴我入梦",
            "content": "极端爱狗人士：我不听我不听！王八念经，狗狗这么可爱怎么会咬人～",
            "time": "20-12-15 23:38"
        },
        {
            "comment id": 92,
            "parent": 89,
            "children": [],
            "user id": "3294206343",
            "user name": "困守的人生",
            "content": "看看主贴下面的评论，我觉得你说的这个愿望短期内很难实现",
            "time": "20-12-15 22:01"
        },
        {
            "comment id": 93,
            "parent": 89,
            "children": [],
            "user id": "3094352893",
            "user name": "L选y",
            "content": "我觉得女孩子跟男的想法简直是两个极端。",
            "time": "20-12-15 19:12"
        },
        {
            "comment id": 94,
            "parent": -1,
            "children": [],
            "user id": "7155152799",
            "user name": "what-blue",
            "content": "上海作为窗口城市，城市治理水平理应先进于其他地区！当街打狗，与文明人道背道而驰，实在有失风范！",
            "time": "20-12-14 21:30"
        },
        {
            "comment id": 95,
            "parent": -1,
            "children": [
                99,
                101,
                103,
                107
            ],
            "user id": "5789853204",
            "user name": "李子橡",
            "content": "还是警察给力，小孩看到大狗都害怕",
            "time": "20-12-15 16:51"
        },
        {
            "comment id": 96,
            "parent": 97,
            "children": [],
            "user id": "3483338530",
            "user name": "黄黄的肥肥",
            "content": "回复@蹦极台上的守望者:坚决支持警察工作！世界各国的做法都一样，美国还用毒气杀流浪狗呢",
            "time": "21-5-7 06:10"
        },
        {
            "comment id": 97,
            "parent": 98,
            "children": [
                96
            ],
            "user id": "1353795872",
            "user name": "蹦极台上的守望者",
            "content": "回复@黄黄的肥肥:不犯法就可以提倡了？满街的流浪狗你去打死吧",
            "time": "21-5-7 04:21"
        },
        {
            "comment id": 98,
            "parent": 105,
            "children": [
                97
            ],
            "user id": "3483338530",
            "user name": "黄黄的肥肥",
            "content": "回复@蹦极台上的守望者:人是人，狗是狗，打死狗不犯法，打死人你试试？",
            "time": "21-5-7 03:17"
        },
        {
            "comment id": 99,
            "parent": 95,
            "children": [],
            "user id": "1856190900",
            "user name": "教做人专用号",
            "content": "我看到你也害怕",
            "time": "21-1-17 02:01"
        },
        {
            "comment id": 100,
            "parent": 101,
            "children": [],
            "user id": "5789853204",
            "user name": "李子橡",
            "content": "回复@欲借嵯峩:你是哪来的神仙？我去过西藏？",
            "time": "20-12-19 15:43"
        },
        {
            "comment id": 101,
            "parent": 95,
            "children": [
                100
            ],
            "user id": "5948430210",
            "user name": "欲借嵯峩",
            "content": "别跟nt争论，看到这b舔西藏喇嘛就知道她什么成分了",
            "time": "20-12-17 07:44"
        },
        {
            "comment id": 102,
            "parent": 103,
            "children": [],
            "user id": "5789853204",
            "user name": "李子橡",
            "content": "回复@呦哈麦噻:对，你嘴里能吐出象牙",
            "time": "20-12-16 15:32"
        },
        {
            "comment id": 103,
            "parent": 95,
            "children": [
                102
            ],
            "user id": "1000554165",
            "user name": "呦哈麦噻",
            "content": "你的小孩长大和你一样是个不善良，心胸狭隘的人",
            "time": "20-12-16 15:29"
        },
        {
            "comment id": 104,
            "parent": 105,
            "children": [],
            "user id": "5789853204",
            "user name": "李子橡",
            "content": "回复@蹦极台上的守望者:那你鲨小孩啊，为什么要拿老师举例？",
            "time": "20-12-16 12:30"
        },
        {
            "comment id": 105,
            "parent": 106,
            "children": [
                98,
                104
            ],
            "user id": "1353795872",
            "user name": "蹦极台上的守望者",
            "content": "回复@李子橡:不不不，鲨你就好，我不像你那么顾惜小孩弱小的心灵",
            "time": "20-12-16 11:18"
        },
        {
            "comment id": 106,
            "parent": 107,
            "children": [
                105
            ],
            "user id": "5789853204",
            "user name": "李子橡",
            "content": "回复@蹦极台上的守望者:不如把你鲨了？",
            "time": "20-12-16 08:09"
        },
        {
            "comment id": 107,
            "parent": 95,
            "children": [
                106
            ],
            "user id": "1353795872",
            "user name": "蹦极台上的守望者",
            "content": "小孩看到老师也害怕，不如……",
            "time": "20-12-16 04:54"
        },
        {
            "comment id": 108,
            "parent": -1,
            "children": [],
            "user id": "6116529852",
            "user name": "才不是沸羊羊",
            "content": "狗狗好惨！！！",
            "time": "20-12-14 20:47"
        },
        {
            "comment id": 109,
            "parent": -1,
            "children": [
                111,
                113,
                114,
                115,
                116,
                117,
                119,
                120,
                121,
                122,
                123,
                124,
                125,
                126,
                127
            ],
            "user id": "1820201245",
            "user name": "奥卡姆剃刀",
            "content": "孩子被流浪犬咬伤，你们不说话，流浪狗被警察处理，你们就炸窝了，这不是爱心而是自私和残忍。居然伪造政府法令，筹划围攻派出所，“寻衅滋事”妥妥的，悬崖勒马吧！ ",
            "time": "20-12-16 12:26"
        },
        {
            "comment id": 110,
            "parent": 111,
            "children": [],
            "user id": "1974720114",
            "user name": "吃喝玩乐样样精通的豆妹",
            "content": "回复@欲借嵯峩:和着您对虐杀，无故暴力杀害持双手赞成态度，那您也不能说是一个有良知的人，您可能都不是人。与恶人助纣为虐，狼狈为奸。",
            "time": "20-12-17 07:48"
        },
        {
            "comment id": 111,
            "parent": 109,
            "children": [
                110
            ],
            "user id": "5948430210",
            "user name": "欲借嵯峩",
            "content": "回复@Ne_Me_Quitte_Pas:我哪有您懂啊，您老懂哥了，建议赶紧就任上海警察局长，这上海滩没了您的指导，那畜牲还活的下去嘛😄",
            "time": "20-12-17 07:48"
        },
        {
            "comment id": 112,
            "parent": 113,
            "children": [],
            "user id": "1974720114",
            "user name": "吃喝玩乐样样精通的豆妹",
            "content": "回复@欲借嵯峩:上海警察收治流浪犬流程你懂伐？不懂请闭上你的嘴",
            "time": "20-12-17 07:45"
        },
        {
            "comment id": 113,
            "parent": 109,
            "children": [
                112
            ],
            "user id": "5948430210",
            "user name": "欲借嵯峩",
            "content": "回复@Ne_Me_Quitte_Pas:别扣帽子了，我相信有脑子的人都不会被激怒，看着不咬人就真不咬人了?马加爵看着是个普通大学生还锤杀了室友。到时候真咬了又说警察执法不力，横着您怎么都有理呗😄",
            "time": "20-12-17 07:42"
        },
        {
            "comment id": 114,
            "parent": 109,
            "children": [],
            "user id": "2647493823",
            "user name": "enjoylife_dxc",
            "content": "这些人选择性失明，就是摆到眼前，也会装瞎！",
            "time": "20-12-16 21:15"
        },
        {
            "comment id": 115,
            "parent": 109,
            "children": [],
            "user id": "1974720114",
            "user name": "吃喝玩乐样样精通的豆妹",
            "content": "回复@董郎董郎:现在就是人一定要给他冠上这么个名头啊，反正他也说不了。",
            "time": "20-12-16 21:06"
        },
        {
            "comment id": 116,
            "parent": 109,
            "children": [],
            "user id": "5615041097",
            "user name": "好几个晨练老大爷",
            "content": "支持奥卡姆",
            "time": "20-12-16 19:24"
        },
        {
            "comment id": 117,
            "parent": 109,
            "children": [],
            "user id": "1401251553",
            "user name": "DespicableJim",
            "content": "他们的世界只有自己和宠物",
            "time": "20-12-16 17:13"
        },
        {
            "comment id": 118,
            "parent": 121,
            "children": [],
            "user id": "5834940337",
            "user name": "豆递主开始了没",
            "content": "回复@呦哈麦噻:狗嗅着味儿就来维护狗同胞了？",
            "time": "20-12-16 16:37"
        },
        {
            "comment id": 119,
            "parent": 109,
            "children": [],
            "user id": "1974720114",
            "user name": "吃喝玩乐样样精通的豆妹",
            "content": "回复@董郎董郎:我本人是上海的，我也比很多其他地方的人更接近事实真相（一定不会公布，因为现在很多微博都被撤掉），之所以这次那么多人被激怒就是因为这个狗没有任何伤人行为，却白白丢了一条命。如果现场有人受伤，绝对会有人跳出来po照片，说自己被咬伤，抓伤，这狗死得其所，然而并没有。",
            "time": "20-12-16 15:59"
        },
        {
            "comment id": 120,
            "parent": 109,
            "children": [],
            "user id": "1974720114",
            "user name": "吃喝玩乐样样精通的豆妹",
            "content": "回复@董郎董郎:有的人是自私，图方便，其实这种人是大部分人都痛恨的，都会谴责的。但是对于虐待，无故暴力杀害，我相信只要是有良知的人都会被激怒。",
            "time": "20-12-16 15:52"
        },
        {
            "comment id": 121,
            "parent": 109,
            "children": [
                118
            ],
            "user id": "1000554165",
            "user name": "呦哈麦噻",
            "content": "垃圾",
            "time": "20-12-16 15:30"
        },
        {
            "comment id": 122,
            "parent": 109,
            "children": [],
            "user id": "1974720114",
            "user name": "吃喝玩乐样样精通的豆妹",
            "content": "回复@董郎董郎:不文明养犬行为谁都痛恨的，在这件事情上狗主人无疑是需要承担责任的。这件事情根源讨论的问题也是上海市东阳路派出所民警暴力执法。博主他现在这样跳出来直接抨击原博主的文件错误，这个仍需考证，直指人家发布虚假信息，对于暴力执法行为只字不提，那他就是在引开注意力喽，不然是什么。",
            "time": "20-12-16 15:27"
        },
        {
            "comment id": 123,
            "parent": 109,
            "children": [],
            "user id": "1974720114",
            "user name": "吃喝玩乐样样精通的豆妹",
            "content": "回复@董郎董郎:没有否认没拴绳啊，但是上海收治流浪犬，无证犬的流程第一步都应该是带回派出所，而不是直接仗杀。可以自己去电询上海市民热线。",
            "time": "20-12-16 15:14"
        },
        {
            "comment id": 124,
            "parent": 109,
            "children": [],
            "user id": "3213450945",
            "user name": "乖乖xien2008",
            "content": "最恶心那些拿没拴绳走丢的狗，和被拐卖的孩子做比较的，不知道该称他们为人还是狗。",
            "time": "20-12-16 14:52"
        },
        {
            "comment id": 125,
            "parent": 109,
            "children": [],
            "user id": "3213450945",
            "user name": "乖乖xien2008",
            "content": "我很同意您的观点，只是无论走失还是受伤，都请不要再拿孩子去和狗做比较了。孩子是人，狗再可爱那也是动物。爱狗人士天天儿子孩子的叫自己宠物，那是他们的自由。但想用他们泛滥的圣母心去道德绑架别人，就好好去掂量掂量，是不是别的人类也愿意像他们一样降低人格与动物平起平坐了。",
            "time": "20-12-16 14:51"
        },
        {
            "comment id": 126,
            "parent": 109,
            "children": [],
            "user id": "1974720114",
            "user name": "吃喝玩乐样样精通的豆妹",
            "content": "别带节奏了，没人说不管人被咬伤，但是你不明是非，抹杀事实那你就不是个东西！",
            "time": "20-12-16 14:14"
        },
        {
            "comment id": 127,
            "parent": 109,
            "children": [],
            "user id": "1619532842",
            "user name": "墨功",
            "content": "说的好",
            "time": "20-12-16 13:33"
        },
        {
            "comment id": 128,
            "parent": -1,
            "children": [
                131,
                135
            ],
            "user id": "1874823613",
            "user name": "我_I_FREEDOM",
            "content": "一条独自蹲在二楼的大狗……不知道狗主人是个啥想法，戴狗绳了吗？戴嘴套了吗？狗死了，记得要索命的对象是你的主人，是你主人间接害死的。",
            "time": "20-12-15 11:01"
        },
        {
            "comment id": 129,
            "parent": 130,
            "children": [],
            "user id": "1874823613",
            "user name": "我_I_FREEDOM",
            "content": "回复@教做人专用号:自己看不到的，就不承认世界上存在的。",
            "time": "21-1-17 09:55"
        },
        {
            "comment id": 130,
            "parent": 132,
            "children": [
                129
            ],
            "user id": "1856190900",
            "user name": "教做人专用号",
            "content": "回复@我_I_FREEDOM:反正我去打狂犬疫苗的时候，从我到那里，直到我离开，都只有我一个。你是不是想象力过于丰富了？可以考虑写小说，还能多少赚点生活费",
            "time": "21-1-17 02:07"
        },
        {
            "comment id": 131,
            "parent": 128,
            "children": [],
            "user id": "2150519424",
            "user name": "桑妮丫头",
            "content": "照你的说法，走失就该被打死咯？",
            "time": "20-12-16 17:16"
        },
        {
            "comment id": 132,
            "parent": 133,
            "children": [
                130
            ],
            "user id": "1874823613",
            "user name": "我_I_FREEDOM",
            "content": "回复@蹦极台上的守望者:打个比方，狗狗就像孩子，无论是走失，还是坏人拐走，作为家长难道没有监护的责任吗？无论发生什么，监护人的监护责任不到位是事情发生的前提。另外你提的芯片，我不知道这个扫描仪是不是警察的必备装备。最后我不否认警察可以有更人性化的手段处理，但前提是承认自己的错误，再追查别人的过错。",
            "time": "20-12-16 11:58"
        },
        {
            "comment id": 133,
            "parent": 134,
            "children": [
                132
            ],
            "user id": "1353795872",
            "user name": "蹦极台上的守望者",
            "content": "回复@我_I_FREEDOM:你自己说话都前后矛盾你怎么就能下结论是主人害死的？还“不清楚当时的情况”“如果有”，那如果狗狗没有攻击行为呢？何况既然狗狗有芯片为什么不能扫芯片？要是芯片不存在扫这道程序那凭什么要求人家花钱办呢？这不是冷血＋懒政是什么！",
            "time": "20-12-16 04:53"
        },
        {
            "comment id": 134,
            "parent": 135,
            "children": [
                133
            ],
            "user id": "1874823613",
            "user name": "我_I_FREEDOM",
            "content": "回复@usahana:首先，你知道每天医院的咬伤门诊有多少人来打狂犬疫苗和破伤风吗？狗狗伤人的事情真实的存在，所以最讨厌那些不文明，觉得世界上所有的人都理所当然爱狗的狗主人，他们的责任最大。 其次，警察确实有做得不到位，不人性的地方。但不清楚当时的情况，狗狗是否有攻击的行为和表现，如果有，怎么苛求警察",
            "time": "20-12-15 18:29"
        },
        {
            "comment id": 135,
            "parent": 128,
            "children": [
                134
            ],
            "user id": "1668977004",
            "user name": "usahana",
            "content": "狗主人不看好狗有错吗？有错！但狗狗就该死吗？有一万个可以更好处理“流浪狗”的方式，但，执法人员选择了最没人性最野蛮的处理方式。泱泱大国，国际大都市，文明何在？另外这条狗是有芯片的办过每年500元狗证的走失不追所措的狗！",
            "time": "20-12-15 11:45"
        },
        {
            "comment id": 136,
            "parent": -1,
            "children": [],
            "user id": "7301911322",
            "user name": "起舞的彩云",
            "content": "我们要为养犬人争取权力，为那些不能说话的悲惨动物发声",
            "time": "20-12-14 21:13"
        },
        {
            "comment id": 137,
            "parent": -1,
            "children": [],
            "user id": "2420204411",
            "user name": "一颗星星刹住车_",
            "content": "评论一口一个狗奴的，知道你们活得不如一条狗了",
            "time": "20-12-15 08:58"
        },
        {
            "comment id": 138,
            "parent": -1,
            "children": [],
            "user id": "5712549907",
            "user name": "Vietee",
            "content": "@主子万岁 @主子万岁 @主子万岁 @主子万岁 @主子万岁 @主子万岁 @主子万岁 @主子万岁 @主子万岁 @主子万岁 @主子万岁 @主子万岁 @主子万岁 上海有狗证有芯片的萨摩耶乐乐被民警当街打死了，主人一直在找它，才走丢了一天就在小区里被警察打死了，至今尸体都没有找到，也没有任何说法。",
            "time": "20-12-14 21:04"
        },
        {
            "comment id": 139,
            "parent": -1,
            "children": [],
            "user id": "3489542457",
            "user name": "卡布拉波",
            "content": "所以花钱办证植入芯片是为了什么？丢失的狗不扫芯片直接打死，不愧是降分录取的小吊子",
            "time": "20-12-14 22:48"
        },
        {
            "comment id": 140,
            "parent": -1,
            "children": [],
            "user id": "5712549907",
            "user name": "Vietee",
            "content": "@上海发布 @上海发布 @上海发布 @上海发布 @上海发布 @上海发布 @上海发布 @上海发布 就这是上海警察吗？如果没有个说法我们会一直坚持维权下去",
            "time": "20-12-14 22:46"
        },
        {
            "comment id": 141,
            "parent": -1,
            "children": [],
            "user id": "6361799703",
            "user name": "未起南风",
            "content": "jc当借棒杀走失犬的行为恶劣，影响极坏，严重破坏了jc的正面形象，强烈谴责这残忍暴力血腥的行为。@上海发布",
            "time": "20-12-14 22:31"
        },
        {
            "comment id": 142,
            "parent": -1,
            "children": [],
            "user id": "1646169340",
            "user name": "飞天小熊猫_Panda",
            "content": "同情心是人类的基本心，没有同情心的人就是禽兽。",
            "time": "20-12-14 21:02"
        },
        {
            "comment id": 143,
            "parent": -1,
            "children": [],
            "user id": "7157359571",
            "user name": "绗缝熊",
            "content": "真文明社会不只对人，对动物也一视同仁，这种对待动物，残忍的发指行为是另人唾弃的，假文明社会！",
            "time": "20-12-14 23:11"
        },
        {
            "comment id": 144,
            "parent": -1,
            "children": [],
            "user id": "6365426438",
            "user name": "·Diandian",
            "content": "没有文明可言……已经倒退到旧社会。",
            "time": "20-12-14 22:51"
        },
        {
            "comment id": 145,
            "parent": -1,
            "children": [],
            "user id": "6124697861",
            "user name": "微凉如梦轻如烟miranda",
            "content": "简直不是人",
            "time": "20-12-14 18:59"
        },
        {
            "comment id": 146,
            "parent": -1,
            "children": [],
            "user id": "6620372153",
            "user name": "暖暖_雪胖子",
            "content": "#萨摩走丢一晚被活活打死# 十一岁萨摩犬走失一晚被当街虐杀！文明大都市做出如此惨无人道行径简直丧心病狂！#网传萨摩打死后被吃掉#饿死鬼转世？槽 尼 玛的！@上海发布@央视新闻 @中国警方在线 @中国文明网",
            "time": "20-12-14 14:41"
        },
        {
            "comment id": 147,
            "parent": -1,
            "children": [],
            "user id": "7337829656",
            "user name": "灵性的自由",
            "content": "@警民直通车-上海@警民直通车-浦东@新民晚报新民网 当场棒杀走失犬，公然侵犯公民私有物权，执法人员难道不懂法？此犬有上犬证注射芯片，为什么不严格按照法律法规，帮助寻找主人？我们最愤慨的是，公权力的滥用，公民的基本权利被野蛮剥夺了！今天默许这样的暴虐，明天，暴虐也会降临到你我头上！ ",
            "time": "20-12-14 19:25"
        },
        {
            "comment id": 148,
            "parent": -1,
            "children": [],
            "user id": "6601682517",
            "user name": "阙如晓小",
            "content": "没事儿，他们一辈子不养宠物，孩子走丢捡到直接拿去拐卖就行，不用找失主不用善待，孤独终老吧，这样的人，暴力血腥，没有人情，谁愿意和他们相处",
            "time": "20-12-14 15:13"
        },
        {
            "comment id": 149,
            "parent": -1,
            "children": [],
            "user id": "5712549907",
            "user name": "Vietee",
            "content": "@澎湃新闻 @澎湃新闻 @澎湃新闻 @澎湃新闻 @澎湃新闻 @澎湃新闻 @澎湃新闻 @澎湃新闻 @澎湃新闻 @澎湃新闻 @澎湃新闻 @澎湃新闻 @澎湃新闻 有芯片有主人的宠物狗被上海浦东民警当街打死！",
            "time": "20-12-14 20:43"
        },
        {
            "comment id": 150,
            "parent": -1,
            "children": [],
            "user id": "5712549907",
            "user name": "Vietee",
            "content": "@早海无边：@澎湃新闻 @澎湃新闻 @澎湃新闻 @澎湃新闻 @澎湃新闻 @澎湃新闻 @澎湃新闻 @澎湃新闻 @澎湃新闻 @澎湃新闻 @澎湃新闻 @澎湃新闻 @澎湃新闻 有芯片有主人的宠物狗被上海浦东民警当街打死！",
            "time": "20-12-14 20:34"
        },
        {
            "comment id": 151,
            "parent": -1,
            "children": [],
            "user id": "5712549907",
            "user name": "Vietee",
            "content": "@澎湃新闻 @澎湃新闻 @澎湃新闻 @澎湃新闻 @澎湃新闻 @澎湃新闻 @澎湃新闻 @澎湃新闻 @澎湃新闻 @澎湃新闻 @澎湃新闻 @澎湃新闻 @澎湃新闻 有芯片有主人的宠物狗被上海浦东民警当街打死！",
            "time": "20-12-14 20:34"
        },
        {
            "comment id": 152,
            "parent": -1,
            "children": [],
            "user id": "7157359571",
            "user name": "绗缝熊",
            "content": "上海jc当街棒杀萨摩，手段残忍，令人发指！",
            "time": "20-12-14 19:14"
        },
        {
            "comment id": 153,
            "parent": -1,
            "children": [],
            "user id": "7157359571",
            "user name": "绗缝熊",
            "content": "@警民直通车-上海@警民直通车-浦东@新民晚报新民网 当场棒杀走失犬，公然侵犯公民私有物权！",
            "time": "20-12-14 19:13"
        },
        {
            "comment id": 154,
            "parent": -1,
            "children": [],
            "user id": "7487705213",
            "user name": "一吱织",
            "content": "真长见识了这么多屌子 点进去还酸dz真是心又黑又蠢 屌子传统艺能服了呵呵",
            "time": "20-12-14 14:28"
        },
        {
            "comment id": 155,
            "parent": -1,
            "children": [],
            "user id": "2677093427",
            "user name": "Thelyddz",
            "content": "11岁了我的天，看着都难过死了",
            "time": "20-12-14 14:13"
        },
        {
            "comment id": 156,
            "parent": -1,
            "children": [
                157
            ],
            "user id": "1731206647",
            "user name": "lesliestar",
            "content": "不能因为是警察干的就不了了之了吧？！这是2020年的上海吗？是谁赋予他的权力野蛮残杀没有攻击人的家养犬（已植入芯片的，并且主人正在设法寻找的）？批了公职人员的皮，是什么样的人呢，原来是当屠夫的？这么心狠手辣？连狗的尸体都被路过的人带走吃了！是人吗这帮缺西！和谐社会老百姓这么惨的吗？？",
            "time": "20-12-14 22:35"
        },
        {
            "comment id": 157,
            "parent": 156,
            "children": [],
            "user id": "7337829656",
            "user name": "灵性的自由",
            "content": "@警民直通车-上海@警民直通车-浦东@上海发布@上海热门资讯 此犬有犬证有注射芯片，不扫芯片帮找主人，上来就棒杀！严重越权违规！狗子11岁了，相当于人类80高龄，走失不到24小时被活活打死！最后尸体被随便交给路人带走吃肉，执法人员居然纵容民众吃狗肉！严重违反动物防疫法和食品安全法！严查严惩！ 查看图片",
            "time": "20-12-15 08:03"
        },
        {
            "comment id": 158,
            "parent": -1,
            "children": [],
            "user id": "6365426438",
            "user name": "·Diandian",
            "content": "劣 性 事 件@警民直通车-浦东 @浦东发布",
            "time": "20-12-14 21:18"
        },
        {
            "comment id": 159,
            "parent": -1,
            "children": [],
            "user id": "3525971385",
            "user name": "坏蛋的背影",
            "content": "有各种理由把所有狗都冠以“咬人”的理由而虐杀！能如此残忍之徒、也不是什么好人！@上海发布",
            "time": "20-12-14 18:35"
        },
        {
            "comment id": 160,
            "parent": -1,
            "children": [],
            "user id": "5712549907",
            "user name": "Vietee",
            "content": "有芯片的狗狗也要随意乱杀？请问芯片狗证的钱是给某些人上坟用的吗",
            "time": "20-12-14 15:53"
        },
        {
            "comment id": 161,
            "parent": -1,
            "children": [],
            "user id": "6620372153",
            "user name": "暖暖_雪胖子",
            "content": "#萨摩走丢一晚被活活打死# 走失萨摩犬被大庭广众之下虐杀，一个文明城市制造血腥场面合适吗？这与文明两字背道而驰！@上海发布@央视新闻 @中国警方在线 @中国文明网  ",
            "time": "20-12-14 13:49"
        },
        {
            "comment id": 162,
            "parent": -1,
            "children": [],
            "user id": "7337829656",
            "user name": "灵性的自由",
            "content": "#上海走丢有芯片萨摩被当街打死#@警民直通车-浦东@警民直通车-上海@上海热门资讯@上海城事资讯@上海发布@新浪上海@新民晚报新民网@它完美:社会安定团结靠民心维稳，民心维稳靠民众安居乐业 国泰民安，而这种暴力血腥大行其道，我们不得不问：我们的城市文明在哪里？公务员的职业道德和操守又在哪里？！",
            "time": "20-12-15 08:22"
        },
        {
            "comment id": 163,
            "parent": -1,
            "children": [],
            "user id": "5482604568",
            "user name": "tzjtzj7550",
            "content": "击杀对公民有危险的犬只，保护公民安全是警官光荣职责！犬只对公民有危险程度处理方式由警察认定！网上诬蔑、辱骂警察执行公务违反法律！",
            "time": "20-12-14 20:26"
        },
        {
            "comment id": 164,
            "parent": -1,
            "children": [],
            "user id": "7155152799",
            "user name": "what-blue",
            "content": "图片评论 ",
            "time": "20-12-14 15:28"
        },
        {
            "comment id": 165,
            "parent": -1,
            "children": [],
            "user id": "2548156873",
            "user name": "今天w_b倒闭了吗",
            "content": "谁叫你不牵绳呢？全世界都在迫害你咯？",
            "time": "20-12-15 09:42"
        },
        {
            "comment id": 166,
            "parent": -1,
            "children": [],
            "user id": "7301911322",
            "user name": "起舞的彩云",
            "content": "主人必须要走法律为狗讨回公道，绝不能让狗白白惨死。",
            "time": "20-12-14 23:30"
        },
        {
            "comment id": 167,
            "parent": -1,
            "children": [
                169
            ],
            "user id": "7301911322",
            "user name": "起舞的彩云",
            "content": "疫情期间肆意疯狂残杀动物，疫情过去更加不择手段，还有没有人性？",
            "time": "20-12-14 22:43"
        },
        {
            "comment id": 168,
            "parent": 169,
            "children": [],
            "user id": "5336942332",
            "user name": "政经人大宝哥",
            "content": "回复@塔主爱吃白斩鸡:更过分的是邻居日本韩国因为禽流感大肆扑杀。",
            "time": "20-12-15 10:39"
        },
        {
            "comment id": 169,
            "parent": 167,
            "children": [
                168
            ],
            "user id": "1084098250",
            "user name": "塔主爱吃白斩鸡",
            "content": "确实，丹麦太过分了，屠杀水貂",
            "time": "20-12-15 08:07"
        },
        {
            "comment id": 170,
            "parent": -1,
            "children": [
                172,
                173
            ],
            "user id": "1820201245",
            "user name": "奥卡姆剃刀",
            "content": "这是提案答复原文，所谓1.善待流浪动物 2.打疫苗做绝育 3.开放领养 全都是编造。编造政府法令和法条，这个性质很严重。 ",
            "time": "20-12-15 19:33"
        },
        {
            "comment id": 171,
            "parent": 172,
            "children": [],
            "user id": "1820201245",
            "user name": "奥卡姆剃刀",
            "content": "回复@卡布拉波:脑残",
            "time": "20-12-18 13:47"
        },
        {
            "comment id": 172,
            "parent": 170,
            "children": [
                171
            ],
            "user id": "3489542457",
            "user name": "卡布拉波",
            "content": "首先，这个答复连红头文件都算不上，没有司法效力。其次，对于法律任何人都能进行非正式解释，推而可知对于下位的回复更有这个权利。你还是先了解一下法条的范围再出来带节奏吧",
            "time": "20-12-18 13:44"
        },
        {
            "comment id": 173,
            "parent": 170,
            "children": [],
            "user id": "1000554165",
            "user name": "呦哈麦噻",
            "content": "你这是在和国家出台的文件背道而驰",
            "time": "20-12-16 15:30"
        },
        {
            "comment id": 174,
            "parent": -1,
            "children": [],
            "user id": "7337829656",
            "user name": "灵性的自由",
            "content": "#上海走丢有芯片萨摩被当街打死# @警民直通车-浦东 @上海发布 @上海热门资讯 @上海城事资讯 @新浪上海 //@它完美:萨摩有犬证已注射芯片，警方正确做法应当是先将其带离妥善安置，再找主人（可以对养犬人进行批评教育或者处罚）将其领回。否则就是触犯《中华人民共和国刑法》第275条 故意毁坏财物罪！",
            "time": "20-12-15 08:20"
        },
        {
            "comment id": 175,
            "parent": -1,
            "children": [],
            "user id": "5406759321",
            "user name": "有爱的世界2018",
            "content": "执法者当街棒杀狗，此类事情已发生多少次了？！执法人员都如此残暴，民众以虐待动物取乐！又有何奇怪？！这就是反虐待动物立法如此之难的原因！@最高人民检察院 @三联生活周刊 @中国政府网 @央视新闻  @人民日报 @上海发布",
            "time": "20-12-15 00:20"
        },
        {
            "comment id": 176,
            "parent": -1,
            "children": [],
            "user id": "7301911322",
            "user name": "起舞的彩云",
            "content": "上海为狗办证植入芯片，最终目的是这样的做法吗？@上海发布",
            "time": "20-12-14 22:39"
        },
        {
            "comment id": 177,
            "parent": -1,
            "children": [],
            "user id": "7301911322",
            "user name": "起舞的彩云",
            "content": "这种暴力行为离虐待虐杀动物不远了",
            "time": "20-12-14 21:39"
        },
        {
            "comment id": 178,
            "parent": -1,
            "children": [],
            "user id": "2153035340",
            "user name": "vivienne_gd",
            "content": "粗暴，野蛮， 不牵绳，失物认领还有个过程，没伤人，没啥就活活打死，这是人干的事吗？，如果主人有错，狗带回派出所，失物认领，主人该罚款就罚款，该主人治安拘留就拘留，打死狗干嘛？孩子还有不听话淘气的时候，狗也会有不听话走散的时候",
            "time": "20-12-14 15:27"
        },
        {
            "comment id": 179,
            "parent": -1,
            "children": [],
            "user id": "6024065037",
            "user name": "_亨氏甜麦圈_",
            "content": "@比格犬受害者联盟 打扰了 不知道能不能帮转",
            "time": "20-12-14 12:26"
        },
        {
            "comment id": 180,
            "parent": -1,
            "children": [],
            "user id": "1673913294",
            "user name": "兔子未成精",
            "content": "事情是真实的 只是博主用错文件名 在上海这个城市还发生当街打死宠物狗的事 真的丢人",
            "time": "20-12-17 09:30"
        },
        {
            "comment id": 181,
            "parent": -1,
            "children": [
                182
            ],
            "user id": "5609805163",
            "user name": "嘉鸽咕咕嘚",
            "content": "哪来的4499文件？我查了没有",
            "time": "20-12-15 16:03"
        },
        {
            "comment id": 182,
            "parent": 181,
            "children": [],
            "user id": "5948430210",
            "user name": "欲借嵯峩",
            "content": "正确的中国农业部文件名应该是 农发〈2018〉250令 这要么就是捏造的，要么就是美国农业部",
            "time": "20-12-15 20:19"
        },
        {
            "comment id": 183,
            "parent": -1,
            "children": [],
            "user id": "1731916064",
            "user name": "左后卫-",
            "content": "麻烦博主把4499号文件的内容贴出来，或者链接也行。我在农业农村部网站找了没找到，谢谢！",
            "time": "20-12-15 11:04"
        },
        {
            "comment id": 184,
            "parent": -1,
            "children": [
                185,
                186,
                187,
                188
            ],
            "user id": "7155152799",
            "user name": "what-blue",
            "content": "图片评论 ",
            "time": "20-12-14 21:40"
        },
        {
            "comment id": 185,
            "parent": 184,
            "children": [],
            "user id": "7337829656",
            "user name": "灵性的自由",
            "content": "@警民直通车-浦东@上海头条播报@新民晚报社会新闻@新民晚报新民网@人民日报@央视新闻@半月谈@中国青年报#上海走丢有芯片萨摩被当街打死#   此犬不慎走失有犬证芯片，一扫芯片就能找到主人，为什么不严格按规定执行？当场棒杀走失犬，宣扬的是什么价值观？上海养犬条例哪条哪款允许打杀走失犬了？！ 查看图片",
            "time": "20-12-15 08:36"
        },
        {
            "comment id": 186,
            "parent": 184,
            "children": [],
            "user id": "7337829656",
            "user name": "灵性的自由",
            "content": "@警民直通车-浦东@上海头条播报@新民晚报社会新闻@新民晚报新民网@人民日报@央视新闻@半月谈@中国青年报#上海走丢有芯片萨摩被当街打死#   野蛮残忍愚昧！大上海一向以海纳百川自傲，却容不下一只走失的家养犬！必遭世界人民抨击耻笑！有犬证已注射芯片，最后被吃了！为所欲为滥杀无辜残忍至极！严惩！ 查看图片",
            "time": "20-12-15 08:33"
        },
        {
            "comment id": 187,
            "parent": 184,
            "children": [],
            "user id": "5712549907",
            "user name": "Vietee",
            "content": "哭了",
            "time": "20-12-14 22:09"
        },
        {
            "comment id": 188,
            "parent": 184,
            "children": [],
            "user id": "7301911322",
            "user name": "起舞的彩云",
            "content": "真惨啊",
            "time": "20-12-14 21:43"
        },
        {
            "comment id": 189,
            "parent": -1,
            "children": [],
            "user id": "5712549907",
            "user name": "Vietee",
            "content": "@休闲璐 @休闲璐 @休闲璐 @休闲璐 @休闲璐 @休闲璐 @休闲璐 @休闲璐 @休闲璐 上海有狗证有芯片的萨摩耶乐乐被民警当街打死了，主人一直在找它，才走丢了一天就在小区里被警察打死了，至今尸体都没有找到，也没有任何说法。",
            "time": "20-12-14 20:57"
        },
        {
            "comment id": 190,
            "parent": -1,
            "children": [
                191
            ],
            "user id": "5712549907",
            "user name": "Vietee",
            "content": "到现在狗狗的尸体都没有找到@牛春儿小肥猪 @牛春儿小肥猪 @牛春儿小肥猪 @牛春儿小肥猪 @牛春儿小肥猪 @牛春儿小肥猪 @牛春儿小肥猪 @牛春儿小肥猪 @牛春儿小肥猪 @牛春儿小肥猪 @牛春儿小肥猪",
            "time": "20-12-14 20:51"
        },
        {
            "comment id": 191,
            "parent": 190,
            "children": [],
            "user id": "7337829656",
            "user name": "灵性的自由",
            "content": "#上海走丢有芯片萨摩被当街打死#@上海发布  此犬不慎走失，有犬证注射过芯片，一扫芯片就能找到主人，为什么不严格按规定执行？当场棒杀打杀走失犬，宣扬的是什么价值观？现场那么多孩子妇女老人，留下多么可怕的心理阴影！上海养犬条例哪条哪款允许打杀走失犬了？！最后被随便交给路人吃了！被吃了！ 查看图片",
            "time": "20-12-15 08:39"
        },
        {
            "comment id": 192,
            "parent": -1,
            "children": [],
            "user id": "7155152799",
            "user name": "what-blue",
            "content": "后续。 ",
            "time": "20-12-14 15:36"
        },
        {
            "comment id": 193,
            "parent": -1,
            "children": [],
            "user id": "5712549907",
            "user name": "Vietee",
            "content": "怎么会有人逐字逐句偷换概念来举报论证这是条“不实消息”…压根就不是流浪动物有潜在危害的事啊，有主人有证有芯片，没有伤人，直接被暴力杀害…",
            "time": "20-12-16 19:41"
        },
        {
            "comment id": 194,
            "parent": -1,
            "children": [],
            "user id": "6365426438",
            "user name": "·Diandian",
            "content": "没有拴绳可以处罚犬主人，但是当街残杀走失犬，性质就变了，这是道德上的败坏。",
            "time": "20-12-15 21:45"
        },
        {
            "comment id": 195,
            "parent": -1,
            "children": [],
            "user id": "1448070090",
            "user name": "北京金戈戈",
            "content": "伪造政府法令，炒作网络舆情，挑动围攻警察，涉嫌寻衅滋事。//@奥卡姆剃刀: 这是4499号提案的答复，所谓的善待流浪动物、打疫苗、开放领养的说法也都是子虚乌有。伪造政府法令，炒作网络舆情，这个性质很严重。  ",
            "time": "20-12-15 19:46"
        }
    ]
}