{
    "source": {
        "content": "佛罗里达州的Marco岛发生了一件感人的事件：一只狗掉进运河，一群海豚便担起了救狗的责任，附近的居民听见海豚的声音，超级大声，出来一看，原来海豚们正驼着狗狗往安全地带游，他们赶紧报警，花了将近15个小时狗狗被消防人员拉出并与主人团聚。感谢附近的居民拍下这一张感人的照片。（牛尔） ",
        "time": "13-7-15 21:39",
        "user id": "1658364043",
        "tweet id": "A0btXodDR",
        "label": 1,
        "theme": "社会生活"
    },
    "comment": [
        {
            "comment id": 0,
            "parent": -1,
            "children": [],
            "user id": "3195741340",
            "user name": "行吟者--宇客魏",
            "content": "@全球创意搜罗 的照片很棒(来自专辑 微博配图)，推荐给大家！ 网页链接",
            "time": "13-7-21 10:22"
        },
        {
            "comment id": 1,
            "parent": -1,
            "children": [],
            "user id": "2173532672",
            "user name": "倔强的小麻丢儿",
            "content": "",
            "time": "13-7-17 22:03"
        },
        {
            "comment id": 2,
            "parent": -1,
            "children": [],
            "user id": "1210542367",
            "user name": "郑伦蒂诺-_-",
            "content": "@Ohayolesley 太牛了~~~",
            "time": "13-7-16 11:46"
        },
        {
            "comment id": 3,
            "parent": -1,
            "children": [],
            "user id": "2949023461",
            "user name": "大幻想家_WR",
            "content": "",
            "time": "13-7-16 11:04"
        },
        {
            "comment id": 4,
            "parent": -1,
            "children": [],
            "user id": "2264691983",
            "user name": "乔幸福的小幸福-",
            "content": "回复@liuyu-ly:是啊. 以后自己有家了就养个~~",
            "time": "13-7-16 08:42"
        },
        {
            "comment id": 5,
            "parent": -1,
            "children": [],
            "user id": "1700897715",
            "user name": "各种没用烂糟东西大全人才",
            "content": "回复@敏敏特木瓜:海豚真聪明",
            "time": "13-7-16 08:34"
        },
        {
            "comment id": 6,
            "parent": -1,
            "children": [],
            "user id": "2427080721",
            "user name": "私人生活丶",
            "content": "回复@liuyu-ly:本能，你懂？",
            "time": "13-7-16 06:17"
        },
        {
            "comment id": 7,
            "parent": -1,
            "children": [],
            "user id": "2184270280",
            "user name": "只是一杯无糖可樂",
            "content": "比有些人还要有人性。0.0",
            "time": "13-7-16 01:00"
        },
        {
            "comment id": 8,
            "parent": -1,
            "children": [],
            "user id": "1851530473",
            "user name": "梵卯人",
            "content": "要好好爱护动物~",
            "time": "13-7-16 00:09"
        },
        {
            "comment id": 9,
            "parent": -1,
            "children": [],
            "user id": "2524815705",
            "user name": "陈骞_cccccq",
            "content": "回复@我爱陈骞_cccccq: 世间有真情 世间有真爱啊~",
            "time": "13-7-16 00:06"
        },
        {
            "comment id": 10,
            "parent": -1,
            "children": [],
            "user id": "1994607751",
            "user name": "喵尐熊",
            "content": "太有爱了",
            "time": "13-7-15 23:49"
        },
        {
            "comment id": 11,
            "parent": -1,
            "children": [],
            "user id": "2958897147",
            "user name": "PinkSusuyi",
            "content": "好喜欢@陈骞_cccccq",
            "time": "13-7-15 23:48"
        },
        {
            "comment id": 12,
            "parent": -1,
            "children": [],
            "user id": "2075521191",
            "user name": "熠熠熠熠熠熠熠",
            "content": "狗是会狗刨的，，有爱什么有爱",
            "time": "13-7-15 23:44"
        },
        {
            "comment id": 13,
            "parent": -1,
            "children": [],
            "user id": "2276614924",
            "user name": "沙拉boy",
            "content": "moving",
            "time": "13-7-15 23:37"
        },
        {
            "comment id": 14,
            "parent": -1,
            "children": [],
            "user id": "2920939542",
            "user name": "nnctlzl",
            "content": "动物比人可爱多了@私人生活丶 @乔小路-",
            "time": "13-7-15 23:31"
        },
        {
            "comment id": 15,
            "parent": -1,
            "children": [],
            "user id": "1882422185",
            "user name": "Xavi_New",
            "content": "羞辱人类实在太容易了",
            "time": "13-7-15 23:26"
        },
        {
            "comment id": 16,
            "parent": -1,
            "children": [],
            "user id": "1195350774",
            "user name": "2014默默前行",
            "content": "感动",
            "time": "13-7-15 23:26"
        },
        {
            "comment id": 17,
            "parent": -1,
            "children": [],
            "user id": "2511728534",
            "user name": "mini-lamb",
            "content": "感动''动物尚有情'某些人类呢？",
            "time": "13-7-15 23:20"
        },
        {
            "comment id": 18,
            "parent": -1,
            "children": [],
            "user id": "2908634347",
            "user name": "-One-M-",
            "content": "转发微博",
            "time": "13-7-15 23:16"
        },
        {
            "comment id": 19,
            "parent": -1,
            "children": [],
            "user id": "2172143790",
            "user name": "路过则错过",
            "content": "友爱又和谐！",
            "time": "13-7-15 23:13"
        },
        {
            "comment id": 20,
            "parent": -1,
            "children": [],
            "user id": "1916554490",
            "user name": "敏感de小猫",
            "content": "@yeclin ",
            "time": "13-7-15 23:04"
        },
        {
            "comment id": 21,
            "parent": -1,
            "children": [],
            "user id": "1747778180",
            "user name": "飯ooO",
            "content": "。。。。",
            "time": "13-7-15 23:00"
        },
        {
            "comment id": 22,
            "parent": -1,
            "children": [],
            "user id": "1710651893",
            "user name": "敏敏特木瓜",
            "content": "好威风@各种没用烂糟东西大全人才 ",
            "time": "13-7-15 22:52"
        },
        {
            "comment id": 23,
            "parent": -1,
            "children": [],
            "user id": "2203573664",
            "user name": "红豆牛奶冰加双倍炼乳233",
            "content": "好有爱",
            "time": "13-7-15 22:31"
        },
        {
            "comment id": 24,
            "parent": -1,
            "children": [],
            "user id": "2447332145",
            "user name": "尼伯司机007",
            "content": "哇@S肆_Sarah貝貝 @SNAKI肖 @FENGZICHAN_",
            "time": "13-7-15 22:29"
        },
        {
            "comment id": 25,
            "parent": -1,
            "children": [],
            "user id": "2248844371",
            "user name": "无双艳阳",
            "content": "狗好像天生就会游泳的",
            "time": "13-7-15 22:29"
        },
        {
            "comment id": 26,
            "parent": -1,
            "children": [],
            "user id": "2598581820",
            "user name": "g14妹",
            "content": "这狗爽的",
            "time": "13-7-15 22:23"
        },
        {
            "comment id": 27,
            "parent": -1,
            "children": [],
            "user id": "1632564161",
            "user name": "抽象虚空",
            "content": "",
            "time": "13-7-15 22:13"
        },
        {
            "comment id": 28,
            "parent": -1,
            "children": [],
            "user id": "1878907002",
            "user name": "john_x_song",
            "content": "moved@L-o_o-Y",
            "time": "13-7-15 22:10"
        },
        {
            "comment id": 29,
            "parent": -1,
            "children": [],
            "user id": "2359139811",
            "user name": "阿阿斌斌",
            "content": "[呵呵][呵呵]",
            "time": "13-7-15 22:08"
        },
        {
            "comment id": 30,
            "parent": -1,
            "children": [],
            "user id": "1255912645",
            "user name": "本座乃秉承着诸神荣耀的伟大神祇",
            "content": "回复@____霍------:镜头能拉这么近么。。。又不是望远镜。再说难道居民都是出门随身携带专业照相机的么？最后，海豚是海洋生物，运河是人造河道，充其量是路过，不会生活在里面的。。。",
            "time": "13-7-15 22:08"
        },
        {
            "comment id": 31,
            "parent": -1,
            "children": [],
            "user id": "1928833112",
            "user name": "沐浴的甘霖",
            "content": "好友爱哦",
            "time": "13-7-15 21:59"
        },
        {
            "comment id": 32,
            "parent": -1,
            "children": [],
            "user id": "2724802785",
            "user name": "小hao先生",
            "content": "狗不是会游泳吗",
            "time": "13-7-15 21:59"
        },
        {
            "comment id": 33,
            "parent": -1,
            "children": [],
            "user id": "2121715003",
            "user name": "家有乖猫Xy",
            "content": "运河会有海豚？",
            "time": "13-7-15 21:57"
        },
        {
            "comment id": 34,
            "parent": -1,
            "children": [],
            "user id": "2494647945",
            "user name": "劫灰客",
            "content": "",
            "time": "13-7-15 21:55"
        },
        {
            "comment id": 35,
            "parent": -1,
            "children": [],
            "user id": "1841700611",
            "user name": "-DDDESIGN",
            "content": "@NeKoman",
            "time": "13-7-15 21:51"
        },
        {
            "comment id": 36,
            "parent": -1,
            "children": [],
            "user id": "1075006747",
            "user name": "林子易59",
            "content": "万物有情！",
            "time": "13-7-15 21:48"
        },
        {
            "comment id": 37,
            "parent": -1,
            "children": [],
            "user id": "1255912645",
            "user name": "本座乃秉承着诸神荣耀的伟大神祇",
            "content": "这角度，你确定是一个居民拍的？难道这居民也刚好落水了。。。还有一个问题，一条运河里为什么会有海豚这种生物。。。。。。",
            "time": "13-7-15 21:48"
        },
        {
            "comment id": 38,
            "parent": -1,
            "children": [],
            "user id": "2456934364",
            "user name": "5除几",
            "content": "佛罗里达哪来的运河？而且还是在岛上，岛上有什么大运河？还有海豚？一切看着就像瞎扯淡。",
            "time": "13-7-15 21:47"
        },
        {
            "comment id": 39,
            "parent": -1,
            "children": [],
            "user id": "2010344367",
            "user name": "_陈大师_",
            "content": "好强大，它们之间怎么沟通",
            "time": "13-7-15 21:46"
        },
        {
            "comment id": 40,
            "parent": -1,
            "children": [],
            "user id": "1391513164",
            "user name": "圆的Aimee",
            "content": "我们越来越因为社会各种人性的缺失现象所气，却为动物世界的各种“人性”举动所感动。现在怀疑，“人性”真的本“善”吗？动物的单纯和善良，也许其实是本性，与所谓的“人性”无关。",
            "time": "13-7-15 21:46"
        },
        {
            "comment id": 41,
            "parent": -1,
            "children": [],
            "user id": "1660809313",
            "user name": "MU徐",
            "content": "真友爱",
            "time": "13-7-15 21:45"
        },
        {
            "comment id": 42,
            "parent": -1,
            "children": [],
            "user id": "1725143342",
            "user name": "Formula_",
            "content": "@fande-无定论 狗",
            "time": "13-7-15 21:45"
        },
        {
            "comment id": 43,
            "parent": -1,
            "children": [],
            "user id": "1560028627",
            "user name": "白日小度",
            "content": "海豚果然是全世界最善良的物种啊",
            "time": "13-7-15 21:44"
        },
        {
            "comment id": 44,
            "parent": -1,
            "children": [],
            "user id": "2665596575",
            "user name": "玛丽花_",
            "content": "总出现那么一些动物来讽刺人类",
            "time": "13-7-15 21:44"
        },
        {
            "comment id": 45,
            "parent": -1,
            "children": [],
            "user id": "3019891915",
            "user name": "我钟意你啊丿",
            "content": "狗狗不是会游泳嘛？",
            "time": "13-7-15 21:44"
        },
        {
            "comment id": 46,
            "parent": -1,
            "children": [],
            "user id": "1961903842",
            "user name": "小婷婷_Tina",
            "content": "",
            "time": "13-7-15 21:43"
        },
        {
            "comment id": 47,
            "parent": -1,
            "children": [],
            "user id": "2231136574",
            "user name": "寿司bob",
            "content": "好有爱",
            "time": "13-7-15 21:43"
        },
        {
            "comment id": 48,
            "parent": -1,
            "children": [],
            "user id": "1860575594",
            "user name": "王小俏_",
            "content": "海豚是个好宝宝",
            "time": "13-7-15 21:42"
        },
        {
            "comment id": 49,
            "parent": -1,
            "children": [],
            "user id": "1875143507",
            "user name": "cacco",
            "content": "",
            "time": "13-7-15 21:42"
        },
        {
            "comment id": 50,
            "parent": -1,
            "children": [],
            "user id": "2145796021",
            "user name": "Bling-Lee",
            "content": "",
            "time": "13-7-15 21:41"
        },
        {
            "comment id": 51,
            "parent": -1,
            "children": [],
            "user id": "1141274657",
            "user name": "风展红旗映彩霞",
            "content": "盼望在中国！",
            "time": "13-7-15 21:40"
        },
        {
            "comment id": 52,
            "parent": -1,
            "children": [],
            "user id": "1751236573",
            "user name": "七宝戛戛",
            "content": "好有爱",
            "time": "13-7-15 21:40"
        },
        {
            "comment id": 53,
            "parent": -1,
            "children": [],
            "user id": "2091063397",
            "user name": "刮刮花_",
            "content": ".",
            "time": "13-7-15 21:40"
        }
    ]
}