{
    "source": {
        "content": "浙江磐安人工降雨失误，竟然降。。。降雪了（转） ",
        "time": "13-8-17 15:30",
        "user id": "2004221542",
        "tweet id": "A5aainCpO",
        "label": 1,
        "theme": "社会生活"
    },
    "comment": [
        {
            "comment id": 0,
            "parent": -1,
            "children": [],
            "user id": "2369368311",
            "user name": "mary6858-07",
            "content": "@Eddylizh",
            "time": "13-8-19 14:59"
        },
        {
            "comment id": 1,
            "parent": -1,
            "children": [],
            "user id": "1720403013",
            "user name": "二月二龙台头",
            "content": "真的吗?",
            "time": "13-8-19 10:18"
        },
        {
            "comment id": 2,
            "parent": -1,
            "children": [],
            "user id": "1455653197",
            "user name": "庆门西is龙白寇",
            "content": "窦娥冤，一定有冤情。六月雪，一定有冤情。",
            "time": "13-8-19 09:10"
        },
        {
            "comment id": 3,
            "parent": -1,
            "children": [],
            "user id": "2310574644",
            "user name": "tc1344",
            "content": "//@伤心王2011: //@梦醒时分9241: //@denon2403://@市南红小兵: //@胶澳县令://@真妮花的愛: //@决绝呼吁枪支合法化: //@SAT-2100-BHK://@月君伍佑卫门: //@决绝呼吁枪支合法化: //@Kuro陈可乐:",
            "time": "13-8-19 07:29"
        },
        {
            "comment id": 4,
            "parent": -1,
            "children": [],
            "user id": "1860373894",
            "user name": "小米奈",
            "content": "。。。//@望穿湬: 这都行... //@青响: //@胶澳县令:  //@真妮花的愛: //@决绝呼吁枪支合法化: 拆政府 //@SAT-2100-BHK: //@月君伍佑卫门: 真的啊？ //@决绝呼吁枪支合法化:  //@Kuro陈可乐:转发微博",
            "time": "13-8-19 06:50"
        },
        {
            "comment id": 5,
            "parent": -1,
            "children": [],
            "user id": "2593986984",
            "user name": "丢心的人儿",
            "content": "//@真妮花的愛: //@决绝呼吁枪支合法化: 拆政府//@SAT-2100-BHK://@月君伍佑卫门: 真的啊？//@决绝呼吁枪支合法化: //@Kuro陈可乐:转发微博",
            "time": "13-8-19 05:49"
        },
        {
            "comment id": 6,
            "parent": -1,
            "children": [],
            "user id": "1862512141",
            "user name": "关于色彩的一切",
            "content": "我们这从来都不下雪。[冰雹]",
            "time": "13-8-19 00:59"
        },
        {
            "comment id": 7,
            "parent": -1,
            "children": [],
            "user id": "2950280303",
            "user name": "淡出江湖2950280303",
            "content": "六月雪?主导是天是地还是科技?",
            "time": "13-8-19 00:53"
        },
        {
            "comment id": 8,
            "parent": -1,
            "children": [],
            "user id": "1763440744",
            "user name": "寒未陌紫",
            "content": "擦~//@全世界最英俊的人: 真的假的。。。。//@种白菜的白素贞: 哈哈哈哈哈哈//@寒马蚤爷问你要矮油吗:我靠",
            "time": "13-8-18 22:51"
        },
        {
            "comment id": 9,
            "parent": -1,
            "children": [],
            "user id": "1825150973",
            "user name": "路过麦田的瓢虫",
            "content": "真的啊...这也太爽了....",
            "time": "13-8-18 21:34"
        },
        {
            "comment id": 10,
            "parent": -1,
            "children": [],
            "user id": "1752750235",
            "user name": "踽行君",
            "content": "这不科学。//@天地之间时间绽放: 求降雪//@虎头食肉负雄姿:  //@大诱无形0: //@yffs116: //@婉约派土贼: 配方用错了？//@决绝呼吁枪支合法化: //@Kuro陈可乐:转发微博",
            "time": "13-8-18 20:38"
        },
        {
            "comment id": 11,
            "parent": -1,
            "children": [],
            "user id": "1093541115",
            "user name": "张氏怕辣帝",
            "content": "墙裂要求蓝鲸也降",
            "time": "13-8-18 20:00"
        },
        {
            "comment id": 12,
            "parent": -1,
            "children": [],
            "user id": "3525124712",
            "user name": "lost无抛弃",
            "content": "//@婉约派土贼: 配方用错了？//@决绝呼吁枪支合法化: //@Kuro陈可乐:转发微博",
            "time": "13-8-18 19:53"
        },
        {
            "comment id": 13,
            "parent": -1,
            "children": [],
            "user id": "1428280397",
            "user name": "肤爽宠物水疗液",
            "content": "肯定有冤情",
            "time": "13-8-18 19:48"
        },
        {
            "comment id": 14,
            "parent": -1,
            "children": [],
            "user id": "1578615655",
            "user name": "象棉棉",
            "content": "回复@狮子座厘米:好像城区没下",
            "time": "13-8-18 13:48"
        },
        {
            "comment id": 15,
            "parent": -1,
            "children": [],
            "user id": "1244870737",
            "user name": "kimiluvmango",
            "content": "回复@士多啤梨0o0:......真的假的.....这天气居然能积雪",
            "time": "13-8-18 13:12"
        },
        {
            "comment id": 16,
            "parent": -1,
            "children": [],
            "user id": "3194129822",
            "user name": "我剑上有剑气",
            "content": "我也要下雪啊！！！！！ //@桐桐桐桐_话:怎么破//@迷多西_mey铭:…貌似……地球………更严重了 //@_十四君_:卧槽。。。。//@绯茶茶也是清秋月碎: 卧槽我们怎么没这么好的福利 //@amanaly:。。。。。。//@云星逐恸: 该哭还是该笑(-.-)//@霜泷瑛:……//@阿绫绫绫绫QVQ:救命……2333333//@夜九_Arrive",
            "time": "13-8-18 12:37"
        },
        {
            "comment id": 17,
            "parent": -1,
            "children": [],
            "user id": "1169713527",
            "user name": "funthink",
            "content": "//@吉祥云AR: .....",
            "time": "13-8-18 11:39"
        },
        {
            "comment id": 18,
            "parent": -1,
            "children": [],
            "user id": "2697722894",
            "user name": "苏豆瓣",
            "content": "回复@冰儿ishara:很负责的告诉你宁波没雪",
            "time": "13-8-18 10:08"
        },
        {
            "comment id": 19,
            "parent": -1,
            "children": [],
            "user id": "1029292311",
            "user name": "人很好的大坏蛋",
            "content": "太。。。。",
            "time": "13-8-18 09:53"
        },
        {
            "comment id": 20,
            "parent": -1,
            "children": [],
            "user id": "2712880591",
            "user name": "武巴巴",
            "content": "央视直播浙江磐安下雪了，擦！",
            "time": "13-8-18 09:42"
        },
        {
            "comment id": 21,
            "parent": -1,
            "children": [],
            "user id": "1749621722",
            "user name": "士多啤梨0o0",
            "content": "@kimiluvmango ",
            "time": "13-8-18 08:34"
        },
        {
            "comment id": 22,
            "parent": -1,
            "children": [],
            "user id": "1990835133",
            "user name": "玉璧城下敕勒歌",
            "content": "回复@冰儿ishara:磐安和宁波没有半毛钱关系，再说你到了雪早化了",
            "time": "13-8-18 08:15"
        },
        {
            "comment id": 23,
            "parent": -1,
            "children": [],
            "user id": "2677915631",
            "user name": "普宁市流沙巴巴克服装经营部",
            "content": "回复@11_ll:可以！！冬天一起睡！！！！！",
            "time": "13-8-18 00:14"
        },
        {
            "comment id": 24,
            "parent": -1,
            "children": [],
            "user id": "1730680692",
            "user name": "揪心的玩笑与曼长的白日梦",
            "content": "回复@放弃治疗的机智酷炫哈哈哈哈少女:卧曹救命！！！！",
            "time": "13-8-17 23:37"
        },
        {
            "comment id": 25,
            "parent": -1,
            "children": [],
            "user id": "1730680692",
            "user name": "揪心的玩笑与曼长的白日梦",
            "content": "回复@放弃治疗的机智酷炫哈哈哈哈少女:卧曹救命！！！",
            "time": "13-8-17 23:34"
        },
        {
            "comment id": 26,
            "parent": -1,
            "children": [],
            "user id": "1866292727",
            "user name": "11_ll",
            "content": "求廣州也來一發！！！@河童夫人喊江树彬河童大人吃饭了",
            "time": "13-8-17 23:06"
        },
        {
            "comment id": 27,
            "parent": -1,
            "children": [],
            "user id": "1783000963",
            "user name": "冰儿ishara",
            "content": "真的假的哦？明天就到宁波了，可以感受一下吧！",
            "time": "13-8-17 22:57"
        },
        {
            "comment id": 28,
            "parent": -1,
            "children": [],
            "user id": "1714560262",
            "user name": "海鸥来了",
            "content": "@南京发布 也可以学学 哈哈 南京太热了",
            "time": "13-8-17 22:18"
        },
        {
            "comment id": 29,
            "parent": -1,
            "children": [],
            "user id": "1798956201",
            "user name": "语言魔术师好顶赞呐",
            "content": "没有啊，磐安不就在金华，金华连滴雨都没有，刚刚还打电话问磐安的同学了，也是艳阳高照的//@边伯贤夫人_JY7: 哈哈哈哈哈哈哈哈哈哈哈哈哈哈//@香蕉你个芭拉_SN嫣: 哈哈哈//@顾晨南_吴小三爷是本命:给我们降降也好啊",
            "time": "13-8-17 21:33"
        },
        {
            "comment id": 30,
            "parent": -1,
            "children": [],
            "user id": "1984307135",
            "user name": "五蘊皆喜",
            "content": "太成功",
            "time": "13-8-17 21:17"
        },
        {
            "comment id": 31,
            "parent": -1,
            "children": [],
            "user id": "2546881240",
            "user name": "在这纪念册之中",
            "content": "真的么 这样打雪仗很凉快[得意地笑]",
            "time": "13-8-17 21:14"
        },
        {
            "comment id": 32,
            "parent": -1,
            "children": [],
            "user id": "1403044632",
            "user name": "南的糊涂1",
            "content": "哈哈哈哈",
            "time": "13-8-17 21:11"
        },
        {
            "comment id": 33,
            "parent": -1,
            "children": [],
            "user id": "1880802510",
            "user name": "宏兴2442",
            "content": "被雪烫伤了",
            "time": "13-8-17 20:46"
        },
        {
            "comment id": 34,
            "parent": -1,
            "children": [],
            "user id": "1836229061",
            "user name": "fghhjjksfhydx",
            "content": "有点赞www//@月之IWAKASA_菡萏蘡薁萆薢茳芏苼:233333333 //@钱钱w_永无止境的五月病:2333333 //@Gruel奈奈_想吃点心:噗！//@Azzurro_14: 233//@派笙伐: 噗救命！！",
            "time": "13-8-17 20:32"
        },
        {
            "comment id": 35,
            "parent": -1,
            "children": [],
            "user id": "2504005512",
            "user name": "70s_妮妮",
            "content": "[挖鼻屎]呐呢，这得是多大的冤屈呀！真实的六月飘雪//@70S_默沫: 噗//@菇菇菇菇菇啊: 哈哈哈哈//@新东方烹饪学校校花:哈哈哈哈哈//@种白菜的白素贞:哈哈哈哈哈哈//@寒马蚤爷问你要矮油吗:我靠 //@CEV百战百胜:23333//@青筋奶油蘑菇:卧槽别逗啊！//@hanako_真琴prpr: 有点赞",
            "time": "13-8-17 20:19"
        },
        {
            "comment id": 36,
            "parent": -1,
            "children": [],
            "user id": "2568271832",
            "user name": "70S_默沫",
            "content": "噗//@菇菇菇菇菇啊: 哈哈哈哈//@新东方烹饪学校校花:哈哈哈哈哈//@种白菜的白素贞:哈哈哈哈哈哈//@寒马蚤爷问你要矮油吗:我靠 //@CEV百战百胜:23333//@青筋奶油蘑菇:卧槽别逗啊hhhhhhhh！！！！//@hanako_真琴prpr: 有点赞www//@月之IWAKASA_菡萏蘡薁萆薢茳芏苼:233333333",
            "time": "13-8-17 19:59"
        },
        {
            "comment id": 37,
            "parent": -1,
            "children": [],
            "user id": "2654041464",
            "user name": "OOZDY刻苦中",
            "content": "来广东打降雪弹哩",
            "time": "13-8-17 19:42"
        },
        {
            "comment id": 38,
            "parent": -1,
            "children": [],
            "user id": "2170202002",
            "user name": "山上一条狗",
            "content": "这种事是要讲天分的//@寒马蚤爷问你要矮油吗: 我靠 //@CEV百战百胜:23333//@青筋奶油蘑菇:卧槽别逗啊hhhhhh！！！！//@hanako_真琴prpr: 有点赞www//@月之IWAKASA_菡萏蘡薁萆薢茳芏苼:233333333 //@钱钱w_永无止境的五月病:23333 //@Gruel奈奈_想吃点心:噗！//@Azzurro_14: 233//@派笙伐: 噗救命！！",
            "time": "13-8-17 19:25"
        },
        {
            "comment id": 39,
            "parent": -1,
            "children": [],
            "user id": "2415052282",
            "user name": "虹彩163",
            "content": "羡慕嫉妒恨。",
            "time": "13-8-17 19:21"
        },
        {
            "comment id": 40,
            "parent": -1,
            "children": [],
            "user id": "1930766905",
            "user name": "阿拉伯涛07",
            "content": "傻逼！",
            "time": "13-8-17 17:41"
        },
        {
            "comment id": 41,
            "parent": -1,
            "children": [],
            "user id": "2881749494",
            "user name": "word2哥",
            "content": "假的吧?",
            "time": "13-8-17 17:00"
        },
        {
            "comment id": 42,
            "parent": -1,
            "children": [],
            "user id": "3106010390",
            "user name": "百万分之唯一",
            "content": "我要去，不过这雪能到地上？半路就变水了吧",
            "time": "13-8-17 17:00"
        },
        {
            "comment id": 43,
            "parent": -1,
            "children": [],
            "user id": "1671354283",
            "user name": "3羊开泰",
            "content": "这技术也太好了",
            "time": "13-8-17 16:39"
        },
        {
            "comment id": 44,
            "parent": -1,
            "children": [],
            "user id": "1985350202",
            "user name": "穿高跟滴骡子",
            "content": "回复@z___wj:估计不能是真事吧[纠结]",
            "time": "13-8-17 16:10"
        },
        {
            "comment id": 45,
            "parent": -1,
            "children": [],
            "user id": "1789416411",
            "user name": "壮壮不壮_",
            "content": "回复@穿高跟滴骡子:哇靠 真的假的 太爽了吧！",
            "time": "13-8-17 16:06"
        },
        {
            "comment id": 46,
            "parent": -1,
            "children": [],
            "user id": "1081172243",
            "user name": "Mr_7777777柒",
            "content": "这么假竟然还有人信。。我擦",
            "time": "13-8-17 16:05"
        },
        {
            "comment id": 47,
            "parent": -1,
            "children": [],
            "user id": "1985350202",
            "user name": "穿高跟滴骡子",
            "content": "噗！！！真的还是假的啊？@z___wj",
            "time": "13-8-17 16:02"
        },
        {
            "comment id": 48,
            "parent": -1,
            "children": [],
            "user id": "3182501544",
            "user name": "咕噜和豆豆",
            "content": "艾玛，要不要这么幽默！！//@咩咩neko: come on！窝也求下雪，要熟了！",
            "time": "13-8-17 15:45"
        },
        {
            "comment id": 49,
            "parent": -1,
            "children": [],
            "user id": "2272414410",
            "user name": "hhdtsh",
            "content": "太有才了",
            "time": "13-8-17 15:42"
        },
        {
            "comment id": 50,
            "parent": -1,
            "children": [],
            "user id": "2150297372",
            "user name": "狮子座厘米",
            "content": " @象棉棉 真的假的？",
            "time": "13-8-17 15:42"
        },
        {
            "comment id": 51,
            "parent": -1,
            "children": [],
            "user id": "3263948810",
            "user name": "时光记忆--",
            "content": "P的",
            "time": "13-8-17 15:40"
        },
        {
            "comment id": 52,
            "parent": -1,
            "children": [],
            "user id": "3076015224",
            "user name": "宁波银稞酒业-青稞酒",
            "content": "不会吧····",
            "time": "13-8-17 15:39"
        },
        {
            "comment id": 53,
            "parent": -1,
            "children": [],
            "user id": "1863548510",
            "user name": "Peter阿登",
            "content": "[雪][雪]幸福呀～",
            "time": "13-8-17 15:38"
        },
        {
            "comment id": 54,
            "parent": -1,
            "children": [],
            "user id": "2052599523",
            "user name": "陸卡-LLB",
            "content": "有本事给宁波也来一发！",
            "time": "13-8-17 15:38"
        },
        {
            "comment id": 55,
            "parent": -1,
            "children": [],
            "user id": "2187292544",
            "user name": "hztclady",
            "content": "这也太好笑了，，，",
            "time": "13-8-17 15:37"
        },
        {
            "comment id": 56,
            "parent": -1,
            "children": [],
            "user id": "1508899760",
            "user name": "慈溪小外甥",
            "content": "好幸福哦",
            "time": "13-8-17 15:36"
        },
        {
            "comment id": 57,
            "parent": -1,
            "children": [],
            "user id": "1282085477",
            "user name": "宁波东通",
            "content": "这个是真的吗？我知道人工降雨是靠干冰的，难道这次用上了“千年寒冰”？？",
            "time": "13-8-17 15:31"
        }
    ]
}