{
    "source": {
        "content": "我和小伙伴都惊呆了，这竟然是监狱！（挪威哈尔登监狱———世界上最人性化的监狱）~ ",
        "time": "13-9-4 23:48",
        "user id": "1729930211",
        "tweet id": "A7X7mkaki",
        "label": 0,
        "theme": "社会生活"
    },
    "comment": [
        {
            "comment id": 0,
            "parent": -1,
            "children": [],
            "user id": "3722324613",
            "user name": "饭也是药",
            "content": "回复@艺儿:嗯，这个之前也有看过，这些监狱简直了",
            "time": "15-3-23 12:57"
        },
        {
            "comment id": 1,
            "parent": -1,
            "children": [],
            "user id": "3722324613",
            "user name": "饭也是药",
            "content": "回复@凶残的小鳄鱼:想干嘛。。。",
            "time": "14-9-11 08:06"
        },
        {
            "comment id": 2,
            "parent": -1,
            "children": [],
            "user id": "1836999212",
            "user name": "Kiki小小姐",
            "content": " @喔是小小曼",
            "time": "13-9-8 16:32"
        },
        {
            "comment id": 3,
            "parent": -1,
            "children": [],
            "user id": "1772348043",
            "user name": "慵岚宝宝要坚持坚持坚持",
            "content": "回复@咸鱼LOLO:我愿意住到天荒地老",
            "time": "13-9-6 14:50"
        },
        {
            "comment id": 4,
            "parent": -1,
            "children": [],
            "user id": "1912514693",
            "user name": "咸鱼LOLO",
            "content": " @慵岚 快看！多好！",
            "time": "13-9-6 13:42"
        },
        {
            "comment id": 5,
            "parent": -1,
            "children": [],
            "user id": "2841155311",
            "user name": "食物管理员",
            "content": "回复@一只金雪:可以",
            "time": "13-9-5 22:24"
        },
        {
            "comment id": 6,
            "parent": -1,
            "children": [],
            "user id": "2036856655",
            "user name": "婷哥老大",
            "content": "我也愿意坐牢@一直一直像现在一样",
            "time": "13-9-5 21:09"
        },
        {
            "comment id": 7,
            "parent": -1,
            "children": [],
            "user id": "2932408347",
            "user name": "白银联赛",
            "content": "，，，",
            "time": "13-9-5 20:28"
        },
        {
            "comment id": 8,
            "parent": -1,
            "children": [],
            "user id": "2182611010",
            "user name": "赏味期限蚊子汤",
            "content": "回复@重度迷妹患者想要薯条小兔:哈哈哈哈喜闻乐见",
            "time": "13-9-5 18:49"
        },
        {
            "comment id": 9,
            "parent": -1,
            "children": [],
            "user id": "2823081627",
            "user name": "-混杂人间小愚昧-",
            "content": "回复@赏味期限蚊子汤:我们厕所是男生的，就直接给我们用了，所以真是变态",
            "time": "13-9-5 18:40"
        },
        {
            "comment id": 10,
            "parent": -1,
            "children": [],
            "user id": "2951384703",
            "user name": "冠希冠希我是阿娇-",
            "content": "回复@我就是大明湖畔的庄紫薇-:妈的，比我们住的还好",
            "time": "13-9-5 17:47"
        },
        {
            "comment id": 11,
            "parent": -1,
            "children": [],
            "user id": "2182611010",
            "user name": "赏味期限蚊子汤",
            "content": "回复@重度迷妹患者想要薯条小兔:哼",
            "time": "13-9-5 16:31"
        },
        {
            "comment id": 12,
            "parent": -1,
            "children": [],
            "user id": "2823081627",
            "user name": "-混杂人间小愚昧-",
            "content": "回复@赏味期限蚊子汤:不给，关键是室友好",
            "time": "13-9-5 16:21"
        },
        {
            "comment id": 13,
            "parent": -1,
            "children": [],
            "user id": "2182611010",
            "user name": "赏味期限蚊子汤",
            "content": "回复 @重度迷妹患者想要薯条小兔:求真相！",
            "time": "13-9-5 16:20"
        },
        {
            "comment id": 14,
            "parent": -1,
            "children": [],
            "user id": "2823081627",
            "user name": "-混杂人间小愚昧-",
            "content": "回复@赏味期限蚊子汤:我们宿舍不错啊",
            "time": "13-9-5 16:13"
        },
        {
            "comment id": 15,
            "parent": -1,
            "children": [],
            "user id": "3722324613",
            "user name": "饭也是药",
            "content": "回复@张艺AYi:貌似以前就看过类似报道，反正特别好",
            "time": "13-9-5 14:40"
        },
        {
            "comment id": 16,
            "parent": -1,
            "children": [],
            "user id": "2924164964",
            "user name": "Lww_zm",
            "content": "太搞了！",
            "time": "13-9-5 14:27"
        },
        {
            "comment id": 17,
            "parent": -1,
            "children": [],
            "user id": "2338448232",
            "user name": "卢潇颖",
            "content": "太好了吧，这样谁都想去了",
            "time": "13-9-5 14:15"
        },
        {
            "comment id": 18,
            "parent": -1,
            "children": [],
            "user id": "2676362843",
            "user name": "kakuyima",
            "content": "我也要去~",
            "time": "13-9-5 14:06"
        },
        {
            "comment id": 19,
            "parent": -1,
            "children": [],
            "user id": "1944825181",
            "user name": "托斯卡纳的艳阳Siena",
            "content": "我也想去那边坐牢了",
            "time": "13-9-5 14:02"
        },
        {
            "comment id": 20,
            "parent": -1,
            "children": [],
            "user id": "3193068412",
            "user name": "酸奶番茄醋",
            "content": "回复@张晓婷Yeah-:哇",
            "time": "13-9-5 12:59"
        },
        {
            "comment id": 21,
            "parent": -1,
            "children": [],
            "user id": "3032404485",
            "user name": "一只金雪",
            "content": "回复@张晓婷Yeah-:我可不可以住",
            "time": "13-9-5 12:38"
        },
        {
            "comment id": 22,
            "parent": -1,
            "children": [],
            "user id": "2841155311",
            "user name": "食物管理员",
            "content": "居然是监狱@一只金雪 @FROM荆艺-",
            "time": "13-9-5 12:25"
        },
        {
            "comment id": 23,
            "parent": -1,
            "children": [],
            "user id": "2597856243",
            "user name": "家木YYP",
            "content": "妈蛋！犯罪的恶人给他住那么好的地方是要闹哪样，鼓励人们去犯罪吗？",
            "time": "13-9-5 11:40"
        },
        {
            "comment id": 24,
            "parent": -1,
            "children": [],
            "user id": "1825741132",
            "user name": "尔康尔康我是紫薇-",
            "content": "惊呆了[震惊]@-_-小雯 @温柔可爱的汉娇- @庄紫菱- @Hyun-小小晓倩倩要留长发啦_ @Dome阿丹",
            "time": "13-9-5 11:38"
        },
        {
            "comment id": 25,
            "parent": -1,
            "children": [],
            "user id": "3423819034",
            "user name": "独自一行人",
            "content": "#微博桌面表态#",
            "time": "13-9-5 11:26"
        },
        {
            "comment id": 26,
            "parent": -1,
            "children": [],
            "user id": "2715051755",
            "user name": "嘚噜嘚噜嘚噜",
            "content": "我靠~！( ‵o′)凸",
            "time": "13-9-5 11:13"
        },
        {
            "comment id": 27,
            "parent": -1,
            "children": [],
            "user id": "2857756175",
            "user name": "小鸡蛋花汤",
            "content": "不要逼我犯罪！！",
            "time": "13-9-5 11:13"
        },
        {
            "comment id": 28,
            "parent": -1,
            "children": [],
            "user id": "2439580587",
            "user name": "小小画荷",
            "content": "哎，买不起房子啊！要是在我国有这样的，我看进去住多好啊",
            "time": "13-9-5 11:12"
        },
        {
            "comment id": 29,
            "parent": -1,
            "children": [],
            "user id": "1938410495",
            "user name": "MM_studioooo",
            "content": "度假的吧",
            "time": "13-9-5 11:10"
        },
        {
            "comment id": 30,
            "parent": -1,
            "children": [],
            "user id": "1610342063",
            "user name": "Ms______L",
            "content": "进过都说好，进了还想进～",
            "time": "13-9-5 10:27"
        },
        {
            "comment id": 31,
            "parent": -1,
            "children": [],
            "user id": "2036590690",
            "user name": "窝窝脆脆鲨",
            "content": "这样的监狱进去是去享受的，而不是赎罪",
            "time": "13-9-5 10:21"
        },
        {
            "comment id": 32,
            "parent": -1,
            "children": [],
            "user id": "2288085600",
            "user name": "YUTI00",
            "content": "比起在我朝买不起房子的人们来说，住进去还是个享受啊",
            "time": "13-9-5 10:20"
        },
        {
            "comment id": 33,
            "parent": -1,
            "children": [],
            "user id": "1878291297",
            "user name": "你了我甚么",
            "content": " 一起进去吧",
            "time": "13-9-5 10:06"
        },
        {
            "comment id": 34,
            "parent": -1,
            "children": [],
            "user id": "2521251571",
            "user name": "Mandy_5945",
            "content": "",
            "time": "13-9-5 10:01"
        },
        {
            "comment id": 35,
            "parent": -1,
            "children": [],
            "user id": "3309016601",
            "user name": "高乐高奥利奥",
            "content": "突然想坐牢了～",
            "time": "13-9-5 09:53"
        },
        {
            "comment id": 36,
            "parent": -1,
            "children": [],
            "user id": "1776618015",
            "user name": "双井地区较为不要脸的人",
            "content": "回复@银潇潇_Flora:哎。。移民吧。。",
            "time": "13-9-5 09:36"
        },
        {
            "comment id": 37,
            "parent": -1,
            "children": [],
            "user id": "1819615307",
            "user name": "Owen_L75",
            "content": "@rainbow魚小mifi 比咱宿舍好太多了吧？咱活得真杯具！",
            "time": "13-9-5 09:33"
        },
        {
            "comment id": 38,
            "parent": -1,
            "children": [],
            "user id": "3419342250",
            "user name": "艺儿",
            "content": "我要去坐牢@耳朵儿茶",
            "time": "13-9-5 09:20"
        },
        {
            "comment id": 39,
            "parent": -1,
            "children": [],
            "user id": "3604139830",
            "user name": "小学徒eden_489",
            "content": "这也算监狱，那设置监狱的意义何在呢？",
            "time": "13-9-5 09:16"
        },
        {
            "comment id": 40,
            "parent": -1,
            "children": [],
            "user id": "2938660657",
            "user name": "阿尔法的六次方",
            "content": "太过分了，这样监狱还有什么意义，就是在享福，这对那些受害者太不公平了。没有监狱的苦，怎么会有震慑作用，非常不赞同。",
            "time": "13-9-5 09:06"
        },
        {
            "comment id": 41,
            "parent": -1,
            "children": [],
            "user id": "3106018142",
            "user name": "谁家小王",
            "content": "估计不会有房奴了吧？",
            "time": "13-9-5 09:05"
        },
        {
            "comment id": 42,
            "parent": -1,
            "children": [],
            "user id": "2242102402",
            "user name": "YiuSiuYan",
            "content": "这不是引人犯罪吗[花心]",
            "time": "13-9-5 09:04"
        },
        {
            "comment id": 43,
            "parent": -1,
            "children": [],
            "user id": "2493210692",
            "user name": "大甜茶茶子",
            "content": "坐牢好像也不错诶！@小遥不fashion @我是你们丢掉的节次奥",
            "time": "13-9-5 09:04"
        },
        {
            "comment id": 44,
            "parent": -1,
            "children": [],
            "user id": "3320378204",
            "user name": "何某某_12161",
            "content": "突然想坐牢了···",
            "time": "13-9-5 08:58"
        },
        {
            "comment id": 45,
            "parent": -1,
            "children": [],
            "user id": "1661711635",
            "user name": "没有昵称的小洞",
            "content": "回复@小F_funny:这单间这厨房！",
            "time": "13-9-5 08:55"
        },
        {
            "comment id": 46,
            "parent": -1,
            "children": [],
            "user id": "3740455160",
            "user name": "sergei11",
            "content": "不是吧。。",
            "time": "13-9-5 08:54"
        },
        {
            "comment id": 47,
            "parent": -1,
            "children": [],
            "user id": "2270150735",
            "user name": "一个甜心_",
            "content": "我也惊呆了这要在中国，岂不犯罪率飙升。。",
            "time": "13-9-5 08:07"
        },
        {
            "comment id": 48,
            "parent": -1,
            "children": [],
            "user id": "2111131234",
            "user name": "杨喜庆vivi",
            "content": "这要在中国 估计犯案率会无限上升 只为进去了好吃好住",
            "time": "13-9-5 07:46"
        },
        {
            "comment id": 49,
            "parent": -1,
            "children": [],
            "user id": "2817621184",
            "user name": "ChemistryLY",
            "content": "不是吧？比我家还好？",
            "time": "13-9-5 07:21"
        },
        {
            "comment id": 50,
            "parent": -1,
            "children": [],
            "user id": "2883182212",
            "user name": "POWERYING",
            "content": "進去就不想出來了",
            "time": "13-9-5 06:22"
        },
        {
            "comment id": 51,
            "parent": -1,
            "children": [],
            "user id": "2075161391",
            "user name": "添添妈妈520",
            "content": "看的，我都想进去了。",
            "time": "13-9-5 06:00"
        },
        {
            "comment id": 52,
            "parent": -1,
            "children": [],
            "user id": "2673577653",
            "user name": "猫不洗脸有肉吃c",
            "content": "在这里工作人员以及罪犯都很享受休闲",
            "time": "13-9-5 05:39"
        },
        {
            "comment id": 53,
            "parent": -1,
            "children": [],
            "user id": "2673577653",
            "user name": "猫不洗脸有肉吃c",
            "content": "这是星级酒店吧",
            "time": "13-9-5 05:38"
        },
        {
            "comment id": 54,
            "parent": -1,
            "children": [],
            "user id": "1949610047",
            "user name": "感恩大回馈",
            "content": "好想忍不住去犯罪",
            "time": "13-9-5 04:16"
        },
        {
            "comment id": 55,
            "parent": -1,
            "children": [],
            "user id": "1837409337",
            "user name": "hola你好salutciao",
            "content": "我也想去住2天，嘿嘿",
            "time": "13-9-5 03:45"
        },
        {
            "comment id": 56,
            "parent": -1,
            "children": [],
            "user id": "2239278687",
            "user name": "一只马裤",
            "content": "我也想..",
            "time": "13-9-5 03:15"
        },
        {
            "comment id": 57,
            "parent": -1,
            "children": [],
            "user id": "2135062707",
            "user name": "UK铃铛家",
            "content": "欢迎关注英国铃铛家工作室[得意地笑]",
            "time": "13-9-5 03:00"
        },
        {
            "comment id": 58,
            "parent": -1,
            "children": [],
            "user id": "2411817543",
            "user name": "我的仙女淼",
            "content": "我也想去坐牢了",
            "time": "13-9-5 02:54"
        },
        {
            "comment id": 59,
            "parent": -1,
            "children": [],
            "user id": "1774699583",
            "user name": "Irony-7",
            "content": "这比学校寝室好到哪里去了，shit",
            "time": "13-9-5 02:34"
        },
        {
            "comment id": 60,
            "parent": -1,
            "children": [],
            "user id": "2971305804",
            "user name": "医疗生产线女工",
            "content": "我要去坐牢",
            "time": "13-9-5 02:11"
        },
        {
            "comment id": 61,
            "parent": -1,
            "children": [],
            "user id": "3246713184",
            "user name": "一个人丶小幸福",
            "content": "我要犯罪。。",
            "time": "13-9-5 02:08"
        },
        {
            "comment id": 62,
            "parent": -1,
            "children": [],
            "user id": "1893289615",
            "user name": "哈哈是一只猫咪",
            "content": "👄喜欢彩妆想要护肤就关注👉                @HK代购-人人都是化妆控           🎀现货还有张馨予，杜海涛，吴昕，何炅，AYuki推荐的抹茶面膜！小辣椒推荐的韩国HeynatureBB霜 妆前乳 3D震动粉扑  散粉❤还有美白神器Emma美白身体乳！赶紧戳👉               @HK代购-人人都是化妆控    ",
            "time": "13-9-5 02:05"
        },
        {
            "comment id": 63,
            "parent": -1,
            "children": [],
            "user id": "2813005544",
            "user name": "PuppyWang迷妹",
            "content": "养老院都没这么好吧。。。。。。",
            "time": "13-9-5 01:51"
        },
        {
            "comment id": 64,
            "parent": -1,
            "children": [],
            "user id": "2580371282",
            "user name": "妮娜的纳尼",
            "content": "",
            "time": "13-9-5 01:27"
        },
        {
            "comment id": 65,
            "parent": -1,
            "children": [],
            "user id": "1985337817",
            "user name": "baby_肥洁",
            "content": "回复@ZZ俊旭:贱货~不去~",
            "time": "13-9-5 01:18"
        },
        {
            "comment id": 66,
            "parent": -1,
            "children": [],
            "user id": "2092603450",
            "user name": "ZZ俊旭",
            "content": "回复@从来不让我看清:[花心]惠州有个戒毒所差不多跟那个一样豪华。还是别墅的呢，怎样，进去不",
            "time": "13-9-5 01:16"
        },
        {
            "comment id": 67,
            "parent": -1,
            "children": [],
            "user id": "1744820807",
            "user name": "今天补款了吗康娜酱",
            "content": "想移民！！",
            "time": "13-9-5 01:16"
        },
        {
            "comment id": 68,
            "parent": -1,
            "children": [],
            "user id": "1985337817",
            "user name": "baby_肥洁",
            "content": "回复@ZZ俊旭:我要～你有什么办法😍😍",
            "time": "13-9-5 01:12"
        },
        {
            "comment id": 69,
            "parent": -1,
            "children": [],
            "user id": "2092603450",
            "user name": "ZZ俊旭",
            "content": "回复@从来不让我看清:那你想进去吗，要我可以送你进去享受几年",
            "time": "13-9-5 01:10"
        },
        {
            "comment id": 70,
            "parent": -1,
            "children": [],
            "user id": "3645153765",
            "user name": "mcun村",
            "content": "看到这些照片，我想去蹲监狱了",
            "time": "13-9-5 01:02"
        },
        {
            "comment id": 71,
            "parent": -1,
            "children": [],
            "user id": "2289128687",
            "user name": "李一冉CiCi",
            "content": "我想去那蹲监狱……太安逸了……我家楼下仓买都没辣么多吃的！",
            "time": "13-9-5 00:55"
        },
        {
            "comment id": 72,
            "parent": -1,
            "children": [],
            "user id": "1696338412",
            "user name": "青葱岁月的变迁",
            "content": "是度假村吧？",
            "time": "13-9-5 00:55"
        },
        {
            "comment id": 73,
            "parent": -1,
            "children": [],
            "user id": "1710800834",
            "user name": "小F_funny",
            "content": "@蓝小冬LXD 去犯罪吧 ",
            "time": "13-9-5 00:54"
        },
        {
            "comment id": 74,
            "parent": -1,
            "children": [],
            "user id": "1985337817",
            "user name": "baby_肥洁",
            "content": "@ZZ俊旭 我想知道他们是犯了什么罪才能如此之享受~",
            "time": "13-9-5 00:53"
        },
        {
            "comment id": 75,
            "parent": -1,
            "children": [],
            "user id": "2740709894",
            "user name": "-babeww",
            "content": " @你了我甚么",
            "time": "13-9-5 00:48"
        },
        {
            "comment id": 76,
            "parent": -1,
            "children": [],
            "user id": "2652647423",
            "user name": "港澳台省钱代购",
            "content": "哈哈评论好好玩哦",
            "time": "13-9-5 00:37"
        },
        {
            "comment id": 77,
            "parent": -1,
            "children": [],
            "user id": "1348114154",
            "user name": "是冷九呀",
            "content": "比沒在監獄生活的好",
            "time": "13-9-5 00:34"
        },
        {
            "comment id": 78,
            "parent": -1,
            "children": [],
            "user id": "1931255180",
            "user name": "寻梦v男孩",
            "content": "我也想去那里犯罪",
            "time": "13-9-5 00:33"
        },
        {
            "comment id": 79,
            "parent": -1,
            "children": [],
            "user id": "3493523062",
            "user name": "爱墨镜的小Q",
            "content": "我天 这些人估计都不想出来",
            "time": "13-9-5 00:31"
        }
    ]
}