{
    "source": {
        "content": "【《邪恶力量》衍生剧改名及确定女主角！】CW宣布《邪恶力量》衍生剧改名为《邪恶力量：血统》（Supernatural: Bloodlines），同时Melissa Roxburgh成为衍生剧女主角。该剧描述芝加哥城中恶魔猎人和各种灵异生物之间永无休止的战争。《血统》的试映集将在4月29日作为《邪恶力量》的常规集进行播出。 ",
        "time": "14-3-9 23:12",
        "user id": "1639483893",
        "tweet id": "AAenc9rxD",
        "label": 0,
        "theme": "文体娱乐"
    },
    "comment": [
        {
            "comment id": 0,
            "parent": -1,
            "children": [],
            "user id": "7225866893",
            "user name": "·七安寄平生·",
            "content": "我tm喜欢这个婆娘",
            "time": "20-4-23 11:04"
        },
        {
            "comment id": 1,
            "parent": -1,
            "children": [],
            "user id": "7225866893",
            "user name": "·七安寄平生·",
            "content": "哎呀我的伯格出山了",
            "time": "20-4-22 13:49"
        },
        {
            "comment id": 2,
            "parent": -1,
            "children": [],
            "user id": "3187292610",
            "user name": "米诺凡2013",
            "content": "竟然有女主？！",
            "time": "14-3-15 13:53"
        },
        {
            "comment id": 3,
            "parent": -1,
            "children": [],
            "user id": "2384786444",
            "user name": "WhatsUpBlackSheep",
            "content": "[挖鼻屎][挖鼻屎][挖鼻屎]",
            "time": "14-3-13 20:37"
        },
        {
            "comment id": 4,
            "parent": -1,
            "children": [],
            "user id": "2271369714",
            "user name": "ChienwQAQ",
            "content": "竟然有女主了 真特么感人！",
            "time": "14-3-12 16:40"
        },
        {
            "comment id": 5,
            "parent": -1,
            "children": [],
            "user id": "2143026687",
            "user name": "林海雪原的杉树",
            "content": "三个男人的戏挺好的，搞一个女的进来怎么分？",
            "time": "14-3-11 15:43"
        },
        {
            "comment id": 6,
            "parent": -1,
            "children": [],
            "user id": "1911299817",
            "user name": "泡芙小姐的喵咪",
            "content": "哎喂，又有看的了",
            "time": "14-3-10 22:49"
        },
        {
            "comment id": 7,
            "parent": -1,
            "children": [],
            "user id": "2744856303",
            "user name": "无面者no_one",
            "content": "Melissa Roxburgh",
            "time": "14-3-10 22:12"
        },
        {
            "comment id": 8,
            "parent": -1,
            "children": [],
            "user id": "1624082700",
            "user name": "文睿-等光归来呀",
            "content": "",
            "time": "14-3-10 22:01"
        },
        {
            "comment id": 9,
            "parent": -1,
            "children": [],
            "user id": "1930181097",
            "user name": "哔卟哩叭卟哩boom",
            "content": "回复@懒洛咖:就是Dean被打得跟个猪头一样然后Sam被卷进地洞了好像。。",
            "time": "14-3-10 21:57"
        },
        {
            "comment id": 10,
            "parent": -1,
            "children": [],
            "user id": "2242407504",
            "user name": "懒洛咖",
            "content": "回复@艾蒙尼亚:第五季终是啥呀？",
            "time": "14-3-10 21:56"
        },
        {
            "comment id": 11,
            "parent": -1,
            "children": [],
            "user id": "1930181097",
            "user name": "哔卟哩叭卟哩boom",
            "content": "回复@懒洛咖:嗯。。最经典的还是前五季。。现在看到第五季终还会难过。。",
            "time": "14-3-10 21:55"
        },
        {
            "comment id": 12,
            "parent": -1,
            "children": [],
            "user id": "2242407504",
            "user name": "懒洛咖",
            "content": "回复@艾蒙尼亚:嗯嗯。。不知道好看不好看。。要是情节类似就算了吧。。",
            "time": "14-3-10 21:50"
        },
        {
            "comment id": 13,
            "parent": -1,
            "children": [],
            "user id": "1930181097",
            "user name": "哔卟哩叭卟哩boom",
            "content": "回复@懒洛咖:额。。到时候瞄一眼～",
            "time": "14-3-10 21:40"
        },
        {
            "comment id": 14,
            "parent": -1,
            "children": [],
            "user id": "1843434501",
            "user name": "丞得得",
            "content": "@爱紫色的正太控",
            "time": "14-3-10 21:14"
        },
        {
            "comment id": 15,
            "parent": -1,
            "children": [],
            "user id": "2085258872",
            "user name": "酒酿ninomi",
            "content": "邪恶力量和始祖家族和格林和吸血鬼日记混在一起吧",
            "time": "14-3-10 21:06"
        },
        {
            "comment id": 16,
            "parent": -1,
            "children": [],
            "user id": "2242407504",
            "user name": "懒洛咖",
            "content": "回复@艾蒙尼亚:拉拉？",
            "time": "14-3-10 20:51"
        },
        {
            "comment id": 17,
            "parent": -1,
            "children": [],
            "user id": "1930181097",
            "user name": "哔卟哩叭卟哩boom",
            "content": "回复@懒洛咖:就是啊！。。可是为啥有女主角。。本来不是。。咳咳。。对吧？",
            "time": "14-3-10 20:01"
        },
        {
            "comment id": 18,
            "parent": -1,
            "children": [],
            "user id": "1930181097",
            "user name": "哔卟哩叭卟哩boom",
            "content": "回复@懒洛咖:就是啊！。。可是为啥有女主角啦？本来不是。。",
            "time": "14-3-10 20:00"
        },
        {
            "comment id": 19,
            "parent": -1,
            "children": [],
            "user id": "3625708990",
            "user name": "AaaaaaaA_璇",
            "content": "赞！！",
            "time": "14-3-10 19:52"
        },
        {
            "comment id": 20,
            "parent": -1,
            "children": [],
            "user id": "2172148914",
            "user name": "你想吃一只烫的蟹黄小汤包嘛",
            "content": "回复@佳了个佳最近很郁闷:泥煤",
            "time": "14-3-10 15:04"
        },
        {
            "comment id": 21,
            "parent": -1,
            "children": [],
            "user id": "2272073081",
            "user name": "不太温楼鸭",
            "content": "回复@炸鸡团团团:老年人！",
            "time": "14-3-10 14:49"
        },
        {
            "comment id": 22,
            "parent": -1,
            "children": [],
            "user id": "1885447363",
            "user name": "凌霄-杯酒人生",
            "content": "无休止的节奏",
            "time": "14-3-10 14:48"
        },
        {
            "comment id": 23,
            "parent": -1,
            "children": [],
            "user id": "2172148914",
            "user name": "你想吃一只烫的蟹黄小汤包嘛",
            "content": "回复@佳了个佳最近很郁闷:刚在上楼梯 很喘",
            "time": "14-3-10 14:41"
        },
        {
            "comment id": 24,
            "parent": -1,
            "children": [],
            "user id": "2272073081",
            "user name": "不太温楼鸭",
            "content": "回复@炸鸡团团团:敢不敢加个标点！",
            "time": "14-3-10 14:40"
        },
        {
            "comment id": 25,
            "parent": -1,
            "children": [],
            "user id": "2172148914",
            "user name": "你想吃一只烫的蟹黄小汤包嘛",
            "content": "回复@佳了个佳最近很郁闷:是的阿 本来就这样没有人气了就拍不下去了所以只能烂尾了吧",
            "time": "14-3-10 14:26"
        },
        {
            "comment id": 26,
            "parent": -1,
            "children": [],
            "user id": "1903711363",
            "user name": "Regina不是Peppa",
            "content": "J2呢？",
            "time": "14-3-10 11:16"
        },
        {
            "comment id": 27,
            "parent": -1,
            "children": [],
            "user id": "2260294721",
            "user name": "忧伤的小草莓",
            "content": "回复@杨文珺小脸小脸怪物:为何要有女主角",
            "time": "14-3-10 11:09"
        },
        {
            "comment id": 28,
            "parent": -1,
            "children": [],
            "user id": "2135368162",
            "user name": "维生素G-01",
            "content": "没有J2就不想看啊。",
            "time": "14-3-10 10:55"
        },
        {
            "comment id": 29,
            "parent": -1,
            "children": [],
            "user id": "1805013407",
            "user name": "杨文珺小脸小脸怪物",
            "content": " @忧伤的小草莓",
            "time": "14-3-10 10:37"
        },
        {
            "comment id": 30,
            "parent": -1,
            "children": [],
            "user id": "1803558850",
            "user name": "帆-星",
            "content": "回复@小青Evergreen:好吧",
            "time": "14-3-10 10:27"
        },
        {
            "comment id": 31,
            "parent": -1,
            "children": [],
            "user id": "2242407504",
            "user name": "懒洛咖",
            "content": "回复@艾蒙尼亚:哎。。邪恶都没追完，又出衍生剧了。。",
            "time": "14-3-10 10:19"
        },
        {
            "comment id": 32,
            "parent": -1,
            "children": [],
            "user id": "2674139403",
            "user name": "拉不动杆的排骨adrew",
            "content": "姐妹档还是蕾丝档--",
            "time": "14-3-10 10:13"
        },
        {
            "comment id": 33,
            "parent": -1,
            "children": [],
            "user id": "3574787804",
            "user name": "仰望星空的小魔鬼",
            "content": "这是要结束的节奏吗？",
            "time": "14-3-10 10:05"
        },
        {
            "comment id": 34,
            "parent": -1,
            "children": [],
            "user id": "5023274063",
            "user name": "还是陈星霖",
            "content": "跟SPN一毛钱关系都没有 就是同一题材以此为噱头 没得意思",
            "time": "14-3-10 10:03"
        },
        {
            "comment id": 35,
            "parent": -1,
            "children": [],
            "user id": "3573189441",
            "user name": "青之香草天空",
            "content": "不需要女主吧？感觉还不如拍兄弟俩父母那一代的故事，绝对有得拍，五季以上没问题。。。",
            "time": "14-3-10 09:58"
        },
        {
            "comment id": 36,
            "parent": -1,
            "children": [],
            "user id": "2602234551",
            "user name": "Qing-在路上",
            "content": "怎麼有一種吸血鬼日記的感覺，沒了兄弟倆還有什麼看頭",
            "time": "14-3-10 09:54"
        },
        {
            "comment id": 37,
            "parent": -1,
            "children": [],
            "user id": "2686639855",
            "user name": "胖达的老父亲",
            "content": "真的没必要要女主。。。让BOB和JOHN来演个前传都很好",
            "time": "14-3-10 09:44"
        },
        {
            "comment id": 38,
            "parent": -1,
            "children": [],
            "user id": "2271435877",
            "user name": "用户2271435877",
            "content": "要女主角做什么！吸血鬼日记里的始祖科尔也在？姑且期待先，祈祷，剧情别让人太失望。。。。",
            "time": "14-3-10 09:43"
        },
        {
            "comment id": 39,
            "parent": -1,
            "children": [],
            "user id": "2798835793",
            "user name": "你白你太太白你太太太白",
            "content": "w?",
            "time": "14-3-10 09:25"
        },
        {
            "comment id": 40,
            "parent": -1,
            "children": [],
            "user id": "2935151911",
            "user name": "金角大王上山夺笋",
            "content": " @追梦忆影_晓略",
            "time": "14-3-10 09:23"
        },
        {
            "comment id": 41,
            "parent": -1,
            "children": [],
            "user id": "1963118687",
            "user name": "红茶西饼",
            "content": "Why?!! 衍生剧就意味着要加新角儿么，还是没感觉的那种…",
            "time": "14-3-10 09:21"
        },
        {
            "comment id": 42,
            "parent": -1,
            "children": [],
            "user id": "2272073081",
            "user name": "不太温楼鸭",
            "content": "回复@炸鸡团团团:这么多年了，我从追剧到现在，一直坚持下来并完结的就两本，lie to me和nikita。结果一本被砍，一本仓促结尾！美剧都逃不过的烂尾命！",
            "time": "14-3-10 09:20"
        },
        {
            "comment id": 43,
            "parent": -1,
            "children": [],
            "user id": "2172148914",
            "user name": "你想吃一只烫的蟹黄小汤包嘛",
            "content": "回复@佳了个佳最近很郁闷:等着吧 wc第六季还没有指望呢",
            "time": "14-3-10 09:18"
        },
        {
            "comment id": 44,
            "parent": -1,
            "children": [],
            "user id": "2272073081",
            "user name": "不太温楼鸭",
            "content": "回复@炸鸡团团团:不知道啊。spn也没说剧终什么的",
            "time": "14-3-10 09:17"
        },
        {
            "comment id": 45,
            "parent": -1,
            "children": [],
            "user id": "2172148914",
            "user name": "你想吃一只烫的蟹黄小汤包嘛",
            "content": "回复@佳了个佳最近很郁闷:我看不太懂……是说以后就只有衍生剧？",
            "time": "14-3-10 09:11"
        },
        {
            "comment id": 46,
            "parent": -1,
            "children": [],
            "user id": "2272073081",
            "user name": "不太温楼鸭",
            "content": " @炸鸡团团团 这是要闹哪样！spn会被砍吗！",
            "time": "14-3-10 09:05"
        },
        {
            "comment id": 47,
            "parent": -1,
            "children": [],
            "user id": "2861150142",
            "user name": "小青Evergreen",
            "content": "回复@帆-星:不知道 后面的我没看了",
            "time": "14-3-10 09:03"
        },
        {
            "comment id": 48,
            "parent": -1,
            "children": [],
            "user id": "2491714351",
            "user name": "sasha61",
            "content": "三米会来客串吗？",
            "time": "14-3-10 09:01"
        },
        {
            "comment id": 49,
            "parent": -1,
            "children": [],
            "user id": "1689511495",
            "user name": "火乍弓单o_0",
            "content": "回复@披___风:一个基本是腐女构成粉丝团体的剧就可想而知…5season之后几乎都没正经女角色出现…我怀念s4之前的spn",
            "time": "14-3-10 08:57"
        },
        {
            "comment id": 50,
            "parent": -1,
            "children": [],
            "user id": "2711009601",
            "user name": "初逢少年i",
            "content": "不认识诶 他跟两兄弟什么关系？",
            "time": "14-3-10 08:53"
        },
        {
            "comment id": 51,
            "parent": -1,
            "children": [],
            "user id": "1803518761",
            "user name": "王王王露蕾",
            "content": "@搞定佳儿绝代风华 我一直认为cass是女主角",
            "time": "14-3-10 08:45"
        },
        {
            "comment id": 52,
            "parent": -1,
            "children": [],
            "user id": "2487240877",
            "user name": "天然卷的都是好人Gavin",
            "content": "留意，@三月喵酱",
            "time": "14-3-10 08:45"
        },
        {
            "comment id": 53,
            "parent": -1,
            "children": [],
            "user id": "1791620077",
            "user name": "Aries小耳朵児",
            "content": "@Silverdew_yy ",
            "time": "14-3-10 08:42"
        },
        {
            "comment id": 54,
            "parent": -1,
            "children": [],
            "user id": "1663119567",
            "user name": "你是我见过最美的蛤蟆",
            "content": "噁心",
            "time": "14-3-10 08:39"
        },
        {
            "comment id": 55,
            "parent": -1,
            "children": [],
            "user id": "1803558850",
            "user name": "帆-星",
            "content": "回复@小青Evergreen:可是我想说这女的是谁？两兄弟的合体？",
            "time": "14-3-10 08:39"
        },
        {
            "comment id": 56,
            "parent": -1,
            "children": [],
            "user id": "3786354852",
            "user name": "hyl我恨你",
            "content": "两个男的衍生剧成了个女的",
            "time": "14-3-10 08:32"
        },
        {
            "comment id": 57,
            "parent": -1,
            "children": [],
            "user id": "1836149741",
            "user name": "触不可及0528",
            "content": "所以那个时候的《邪恶力量》会停播吗",
            "time": "14-3-10 08:02"
        },
        {
            "comment id": 58,
            "parent": -1,
            "children": [],
            "user id": "1774545080",
            "user name": "_豆包ackles",
            "content": "还挺美的感觉。。虽说丁丁是天使的，要是陪给丁丁一个大美人我觉得也挺好",
            "time": "14-3-10 08:02"
        },
        {
            "comment id": 59,
            "parent": -1,
            "children": [],
            "user id": "2410726951",
            "user name": "娜娜娜娜娜娜娜娜是谁",
            "content": "亲兄弟搅基题材不需要女主好么！！！",
            "time": "14-3-10 07:52"
        },
        {
            "comment id": 60,
            "parent": -1,
            "children": [],
            "user id": "2696953061",
            "user name": "运泽没话说",
            "content": "转发微博",
            "time": "14-3-10 07:41"
        },
        {
            "comment id": 61,
            "parent": -1,
            "children": [],
            "user id": "3622903653",
            "user name": "铲屎官董",
            "content": "转发微博",
            "time": "14-3-10 07:41"
        },
        {
            "comment id": 62,
            "parent": -1,
            "children": [],
            "user id": "2861150142",
            "user name": "小青Evergreen",
            "content": "回复@帆-星:哇！！！！",
            "time": "14-3-10 07:39"
        },
        {
            "comment id": 63,
            "parent": -1,
            "children": [],
            "user id": "1736791081",
            "user name": "Martina陈",
            "content": "这个……",
            "time": "14-3-10 07:33"
        },
        {
            "comment id": 64,
            "parent": -1,
            "children": [],
            "user id": "5041715127",
            "user name": "桃枳姐姐",
            "content": "太好啦",
            "time": "14-3-10 07:16"
        },
        {
            "comment id": 65,
            "parent": -1,
            "children": [],
            "user id": "1869053751",
            "user name": "颜控还读博的王水水",
            "content": "这是问砍SPN的节奏吗？",
            "time": "14-3-10 07:11"
        },
        {
            "comment id": 66,
            "parent": -1,
            "children": [],
            "user id": "2213085664",
            "user name": "晨暗若曦",
            "content": "迫使我要把邪恶力量看完整，然后再追这部有女主的衍生剧了[震惊]",
            "time": "14-3-10 07:06"
        },
        {
            "comment id": 67,
            "parent": -1,
            "children": [],
            "user id": "3462933994",
            "user name": "恐高的纸飞机",
            "content": "竟然有衍生剧…",
            "time": "14-3-10 06:56"
        },
        {
            "comment id": 68,
            "parent": -1,
            "children": [],
            "user id": "1680885392",
            "user name": "王二胖掐指一算说",
            "content": "回复@团鼠lya:女主……？！不可思议",
            "time": "14-3-10 06:38"
        },
        {
            "comment id": 69,
            "parent": -1,
            "children": [],
            "user id": "1949767085",
            "user name": "Treasure_q7",
            "content": "衍生剧的意思是，要把之前某个角色提出来和这女主配一下？额额额？不过女主这词对SPN来讲大概等同于常规吧",
            "time": "14-3-10 05:18"
        },
        {
            "comment id": 70,
            "parent": -1,
            "children": [],
            "user id": "1806162930",
            "user name": "laura_laura_laura",
            "content": "@方大啊大方",
            "time": "14-3-10 03:26"
        },
        {
            "comment id": 71,
            "parent": -1,
            "children": [],
            "user id": "2441742253",
            "user name": "哔叽哩哩哩",
            "content": "邪恶力量需要女主？卧槽！",
            "time": "14-3-10 02:24"
        },
        {
            "comment id": 72,
            "parent": -1,
            "children": [],
            "user id": "3132816953",
            "user name": "_等待200点超强攻的-女王攻-",
            "content": " @钢镚儿亲妈王小瘦 填补了邪恶力量没有女主～～～",
            "time": "14-3-10 02:15"
        },
        {
            "comment id": 73,
            "parent": -1,
            "children": [],
            "user id": "1772152280",
            "user name": "小螺罗罗罗",
            "content": "为什么会有女主角。。@达鲁DOODLE ",
            "time": "14-3-10 02:09"
        },
        {
            "comment id": 74,
            "parent": -1,
            "children": [],
            "user id": "1879090355",
            "user name": "脆弱少女葵",
            "content": "是想捞钱吗！！！spn剧组看着都快穷成狗了好吗！！！",
            "time": "14-3-10 01:53"
        },
        {
            "comment id": 75,
            "parent": -1,
            "children": [],
            "user id": "2696580361",
            "user name": "毕竟我没你辣么帅1976",
            "content": "What the fuck ?",
            "time": "14-3-10 01:29"
        },
        {
            "comment id": 76,
            "parent": -1,
            "children": [],
            "user id": "1912569603",
            "user name": "呷緊挵破碗",
            "content": "很期待第九季！ 很多人多断了追别的，我想出100季 我也会让追下去的[呵呵]",
            "time": "14-3-10 01:23"
        },
        {
            "comment id": 77,
            "parent": -1,
            "children": [],
            "user id": "2709811733",
            "user name": "JoannaZhou66",
            "content": "啥玩意儿……？",
            "time": "14-3-10 01:22"
        },
        {
            "comment id": 78,
            "parent": -1,
            "children": [],
            "user id": "2706762443",
            "user name": "约德尔人小悠悠",
            "content": "期待丫！ ",
            "time": "14-3-10 01:17"
        },
        {
            "comment id": 79,
            "parent": -1,
            "children": [],
            "user id": "2013983087",
            "user name": "H_HHHelena",
            "content": "要女主角干嘛！滚粗！",
            "time": "14-3-10 01:15"
        }
    ]
}