{
    "source": {
        "content": "刚从微信朋友圈看来的，这位网友绝对是神推理👍。。。这几天天天刷微博看飞机最新进展，马来西亚的反映来来回回真的很恼火，希望早日能水落石出🙏。。。 ",
        "time": "14-3-12 23:42",
        "user id": "1629461787",
        "tweet id": "AAGR6csPP",
        "label": 1,
        "theme": "灾难事故"
    },
    "comment": [
        {
            "comment id": 0,
            "parent": -1,
            "children": [],
            "user id": "1611517500",
            "user name": "dreamerberty",
            "content": "",
            "time": "14-3-19 09:29"
        },
        {
            "comment id": 1,
            "parent": -1,
            "children": [],
            "user id": "1554852102",
            "user name": "豬皮-PIgskin",
            "content": "馬航一直知道被劫机,在隱瞞是因為被恐暴分子威脅,比如説出來就把机上的人都殺了",
            "time": "14-3-15 13:13"
        },
        {
            "comment id": 2,
            "parent": -1,
            "children": [],
            "user id": "1740235472",
            "user name": "Only王小唯",
            "content": "转发微博",
            "time": "14-3-14 08:39"
        },
        {
            "comment id": 3,
            "parent": -1,
            "children": [],
            "user id": "3313263972",
            "user name": "Cathy媤",
            "content": "全国招代理招加盟咨询请微信s885760，总代理之一，第一手货源，供代理低价拿货📢📢童颜神器，瘦脸神器，童颜蚕丝面膜，打底神器，嫩红素，去疤神器，DD霜，睫毛增长液，美白体膜，丰胸套装，卷发神器，Max睫毛膏，香奈儿眼线笔等新品📢📢支持零售+批发📢",
            "time": "14-3-14 08:12"
        },
        {
            "comment id": 4,
            "parent": -1,
            "children": [],
            "user id": "1821747165",
            "user name": "Yony杨妮妮",
            "content": "Saguaro",
            "time": "14-3-13 23:58"
        },
        {
            "comment id": 5,
            "parent": -1,
            "children": [],
            "user id": "1752232564",
            "user name": "所愿皆得2022",
            "content": "我也觉得这件事奇怪得太离谱。肯定有点事儿",
            "time": "14-3-13 23:31"
        },
        {
            "comment id": 6,
            "parent": -1,
            "children": [],
            "user id": "1134651055",
            "user name": "连埼玉老师都很方",
            "content": "回复@稍安勿念:我信了",
            "time": "14-3-13 21:22"
        },
        {
            "comment id": 7,
            "parent": -1,
            "children": [],
            "user id": "1713102007",
            "user name": "用户02738193649",
            "content": "@段舟克",
            "time": "14-3-13 20:50"
        },
        {
            "comment id": 8,
            "parent": -1,
            "children": [],
            "user id": "2438974067",
            "user name": "沈太太Celeste",
            "content": "神推理！思路超清晰！马航请给广大中国人民一个交代💪💪💪💪",
            "time": "14-3-13 19:44"
        },
        {
            "comment id": 9,
            "parent": -1,
            "children": [],
            "user id": "2361369827",
            "user name": "万灵万灵万灵",
            "content": "@Linnncp",
            "time": "14-3-13 19:33"
        },
        {
            "comment id": 10,
            "parent": -1,
            "children": [],
            "user id": "2702662553",
            "user name": "被发现整个人都不好了",
            "content": "@侯俊杰只爱吴嫚",
            "time": "14-3-13 19:30"
        },
        {
            "comment id": 11,
            "parent": -1,
            "children": [],
            "user id": "1211553393",
            "user name": "肉肉麻麻的DIY",
            "content": "",
            "time": "14-3-13 18:33"
        }
    ]
}