{
    "source": {
        "content": "【超市手推车插入式摆放宛若同性爱姿势，专家建议取缔】教育专家王建立近日指出，超市的手推车从后面一个个插入的摆放方式，让他看到就脸红。这样的摆放容易让人想入非非，孩子去一次超市就相当于看一次A片。他进一步指出，手推车还是更恶俗的群P，危害无穷，必须取缔！ ",
        "time": "14-3-14 19:01",
        "user id": "2165618650",
        "tweet id": "AAXRK8VA7",
        "label": 1,
        "theme": "社会生活"
    },
    "comment": [
        {
            "comment id": 0,
            "parent": -1,
            "children": [],
            "user id": "2614939551",
            "user name": "不就是一只小蚊子么",
            "content": "想太多",
            "time": "14-3-16 11:45"
        },
        {
            "comment id": 1,
            "parent": -1,
            "children": [],
            "user id": "1401354331",
            "user name": "天蠍星_混炁行者",
            "content": "专业专职专门专心过家家",
            "time": "14-3-16 09:46"
        },
        {
            "comment id": 2,
            "parent": -1,
            "children": [],
            "user id": "3046050801",
            "user name": "中成品的王老吉",
            "content": "够砖",
            "time": "14-3-15 22:03"
        },
        {
            "comment id": 3,
            "parent": -1,
            "children": [],
            "user id": "1495483351",
            "user name": "硬硬的还在",
            "content": "无法直视的砖家",
            "time": "14-3-15 21:29"
        },
        {
            "comment id": 4,
            "parent": -1,
            "children": [],
            "user id": "1978541582",
            "user name": "Hai青青张",
            "content": "那伞放到伞架里，钱插入钱包里，刀放到刀架上，大排档里凳子叠放。。。。好多，不用出门了看这条微博前有谁这样想过",
            "time": "14-3-15 20:14"
        },
        {
            "comment id": 5,
            "parent": -1,
            "children": [],
            "user id": "1771615100",
            "user name": "我要吃田园脆鸡堡",
            "content": "回复@累心汤:噗。",
            "time": "14-3-15 16:54"
        },
        {
            "comment id": 6,
            "parent": -1,
            "children": [],
            "user id": "3144950993",
            "user name": "yi弈仔",
            "content": "回复@92超有感:我还亲手插过",
            "time": "14-3-15 16:53"
        },
        {
            "comment id": 7,
            "parent": -1,
            "children": [],
            "user id": "1640764441",
            "user name": "Y_XFF_A",
            "content": "我靠。。。",
            "time": "14-3-15 16:14"
        },
        {
            "comment id": 8,
            "parent": -1,
            "children": [],
            "user id": "2163154520",
            "user name": "苍穹的深邃",
            "content": "教育砖家的思想竟然如此。。 你以为孩子都能到你那么境界吗。。。",
            "time": "14-3-15 11:40"
        },
        {
            "comment id": 9,
            "parent": -1,
            "children": [],
            "user id": "2608249425",
            "user name": "虾弗弗",
            "content": "砖家，是被后入太多了！",
            "time": "14-3-15 11:29"
        },
        {
            "comment id": 10,
            "parent": -1,
            "children": [],
            "user id": "2276258902",
            "user name": "mgzd23",
            "content": "显然是假的。。@洋葱日报社 的无节操恶搞 ",
            "time": "14-3-15 11:04"
        },
        {
            "comment id": 11,
            "parent": -1,
            "children": [],
            "user id": "2949669135",
            "user name": "罗雯一直都在",
            "content": "回复@给未来的蔡家蕊无数个赞_:这个专家真是太专业了[懒得理你]",
            "time": "14-3-15 10:57"
        },
        {
            "comment id": 12,
            "parent": -1,
            "children": [],
            "user id": "1944479027",
            "user name": "若尔盖的蚂蚁",
            "content": "专家吃饭用筷子的时候咋没脸红一下呢，更恶俗的是，竟然还是双龙！",
            "time": "14-3-15 10:56"
        },
        {
            "comment id": 13,
            "parent": -1,
            "children": [],
            "user id": "1592368517",
            "user name": "-周比尔-",
            "content": "2333333333",
            "time": "14-3-15 10:36"
        },
        {
            "comment id": 14,
            "parent": -1,
            "children": [],
            "user id": "2913393992",
            "user name": "_丛妹儿",
            "content": "回复@晨哥就是活百度:关键是以后我都无法直视了",
            "time": "14-3-15 10:03"
        },
        {
            "comment id": 15,
            "parent": -1,
            "children": [],
            "user id": "1102492833",
            "user name": "小鼻子点点",
            "content": "@咬手手",
            "time": "14-3-15 09:32"
        },
        {
            "comment id": 16,
            "parent": -1,
            "children": [],
            "user id": "1647705862",
            "user name": "我说色喝那么",
            "content": "满脑子都是A片吧你",
            "time": "14-3-15 09:25"
        },
        {
            "comment id": 17,
            "parent": -1,
            "children": [],
            "user id": "1760677393",
            "user name": "东方抱月",
            "content": "牛逼的观点！//@张玉春: 还教育专家?213！龌龊的想像和意淫！ //@流水心情lyq:专家？我真想用砖头拍S他！典型的下流坯子！ //@xs一jinagen:真是吃饭没事干只会拉屎的傢伙 //@任少华-:又一奇葩！",
            "time": "14-3-15 09:24"
        },
        {
            "comment id": 18,
            "parent": -1,
            "children": [],
            "user id": "1977587065",
            "user name": "精雕细琢的木头",
            "content": "天朝用纳税人的钱养了一批脑子进S的人做专家",
            "time": "14-3-15 09:05"
        },
        {
            "comment id": 19,
            "parent": -1,
            "children": [],
            "user id": "1168903185",
            "user name": "GZ老鬼",
            "content": "专家放屁，不同凡响",
            "time": "14-3-15 08:41"
        },
        {
            "comment id": 20,
            "parent": -1,
            "children": [],
            "user id": "2056297570",
            "user name": "_劉_J_",
            "content": "回复@S___xx:吃饱了没事干",
            "time": "14-3-15 07:55"
        },
        {
            "comment id": 21,
            "parent": -1,
            "children": [],
            "user id": "1809093327",
            "user name": "你系边位吖",
            "content": "砖家脑子里都是砖头么，整天在那儿脑内什么，别暴露你的心里所想……干脆大家都别用笔啊钥匙啊充电器啊所有一切类似sharu动作的东西好了",
            "time": "14-3-15 07:25"
        },
        {
            "comment id": 22,
            "parent": -1,
            "children": [],
            "user id": "2509575357",
            "user name": "霖兒_小寶贝",
            "content": "@劉小寶走丟了 卧槽、笑抽了",
            "time": "14-3-15 06:58"
        },
        {
            "comment id": 23,
            "parent": -1,
            "children": [],
            "user id": "1873496730",
            "user name": "kutArtbookFair",
            "content": "务必取缔专家",
            "time": "14-3-15 03:40"
        },
        {
            "comment id": 24,
            "parent": -1,
            "children": [],
            "user id": "2751816997",
            "user name": "-HAL9000",
            "content": "",
            "time": "14-3-15 02:02"
        },
        {
            "comment id": 25,
            "parent": -1,
            "children": [],
            "user id": "1701484327",
            "user name": "Sxsssssss_s",
            "content": "@_劉_J_ 有病哦这砖家",
            "time": "14-3-15 01:08"
        },
        {
            "comment id": 26,
            "parent": -1,
            "children": [],
            "user id": "1957713192",
            "user name": "杨过过要吃果冻儿",
            "content": "@不酷象 ",
            "time": "14-3-15 00:26"
        },
        {
            "comment id": 27,
            "parent": -1,
            "children": [],
            "user id": "1268038970",
            "user name": "狮昧",
            "content": "应该是个编造的笑话吧",
            "time": "14-3-14 23:59"
        },
        {
            "comment id": 28,
            "parent": -1,
            "children": [],
            "user id": "1676456795",
            "user name": "裘莊的任意門",
            "content": "怎么那么多人里就这什么狗屁砖家有这种想法 别人没这种乱七八糟的想法的？人家怎么想的是节约空间？一句话总结：什么样的人 什么样的想法。它自己心里不健康 也非得弄的好像所有人跟它想法一样 那还有一次性杯子来 也要取缔？脑子要么坏掉了 个傻逼专家太要了！",
            "time": "14-3-14 23:54"
        },
        {
            "comment id": 29,
            "parent": -1,
            "children": [],
            "user id": "1729785227",
            "user name": "奥叉叉",
            "content": "那他也看不了一次性杯子了。。。",
            "time": "14-3-14 23:42"
        },
        {
            "comment id": 30,
            "parent": -1,
            "children": [],
            "user id": "1908771314",
            "user name": "爱美丽米雪儿",
            "content": "无语了！不知道他整天想什么的",
            "time": "14-3-14 23:34"
        },
        {
            "comment id": 31,
            "parent": -1,
            "children": [],
            "user id": "2923689425",
            "user name": "叶子love1998",
            "content": "砖家脑子进水了思想龌龊",
            "time": "14-3-14 23:08"
        },
        {
            "comment id": 32,
            "parent": -1,
            "children": [],
            "user id": "1771615100",
            "user name": "我要吃田园脆鸡堡",
            "content": "@累心汤 卧槽简直。。",
            "time": "14-3-14 23:06"
        },
        {
            "comment id": 33,
            "parent": -1,
            "children": [],
            "user id": "1936448563",
            "user name": "狍子狍子咪",
            "content": "蛇精病",
            "time": "14-3-14 23:05"
        },
        {
            "comment id": 34,
            "parent": -1,
            "children": [],
            "user id": "2463264262",
            "user name": "莲池小怪兽",
            "content": "砖家就是砖家！请问这只砖家，有木有看过苏轼与佛印坐禅的故事？心里有佛则万事皆佛，心里有屎，那么你看到的全都是！不解释！",
            "time": "14-3-14 22:52"
        },
        {
            "comment id": 35,
            "parent": -1,
            "children": [],
            "user id": "2065831725",
            "user name": "黎小番茄",
            "content": "让我想起了苏轼与佛印坐禅的故事，心里有佛看世事皆佛，心里装着屎，看什么都是屎//@零售商研究员: #生活百态# 砖家呼吁取缔超市手推车，因插入式摆放宛若同性爱姿势。。。。。。",
            "time": "14-3-14 22:47"
        },
        {
            "comment id": 36,
            "parent": -1,
            "children": [],
            "user id": "2680137810",
            "user name": "悕不如晨顺口",
            "content": "@双妞跑阿跑阿跑",
            "time": "14-3-14 22:36"
        },
        {
            "comment id": 37,
            "parent": -1,
            "children": [],
            "user id": "1561033334",
            "user name": "o羊小驼o",
            "content": "建议取缔所有的笔 因为他们和笔套之间一直有不正当关系 不仅随时随地地插 有时候还会插错，插了别的笔套",
            "time": "14-3-14 22:27"
        },
        {
            "comment id": 38,
            "parent": -1,
            "children": [],
            "user id": "1553015363",
            "user name": "于澄纸",
            "content": "真是……奇怪的建议",
            "time": "14-3-14 22:17"
        },
        {
            "comment id": 39,
            "parent": -1,
            "children": [],
            "user id": "2491033131",
            "user name": "-涵堡包-",
            "content": "回复@杰伦卤蛋君:@顾系MRright 没话说了",
            "time": "14-3-14 22:13"
        },
        {
            "comment id": 40,
            "parent": -1,
            "children": [],
            "user id": "2068347051",
            "user name": "家居运营尚汁明",
            "content": "这个新闻应该是假新闻吧。//@韩秀超云连品牌: 这些砖家是不是YY习惯了，看见什么都想到A片，就像鲁迅先生说的那样//@零售商研究员: #生活百态# 砖家呼吁取缔超市手推车，因插入式摆放宛若同性爱姿势。。。。。。",
            "time": "14-3-14 22:05"
        },
        {
            "comment id": 41,
            "parent": -1,
            "children": [],
            "user id": "2138426641",
            "user name": "面包和小包包",
            "content": "从来没这么想过",
            "time": "14-3-14 22:05"
        },
        {
            "comment id": 42,
            "parent": -1,
            "children": [],
            "user id": "1707303461",
            "user name": "杨李的围脖",
            "content": "专家就是砖家，懂好多啊[睡觉]",
            "time": "14-3-14 21:57"
        },
        {
            "comment id": 43,
            "parent": -1,
            "children": [],
            "user id": "1045898434",
            "user name": "萝卜和白痴",
            "content": "煞笔了吧。哈哈。//@零售商研究员: #生活百态# 砖家呼吁取缔超市手推车，因插入式摆放宛若同性爱姿势。。。。。。",
            "time": "14-3-14 21:54"
        },
        {
            "comment id": 44,
            "parent": -1,
            "children": [],
            "user id": "2689659210",
            "user name": "Bolulu_R",
            "content": "回复@Blanche_欧洁洁:他可以的",
            "time": "14-3-14 21:54"
        },
        {
            "comment id": 45,
            "parent": -1,
            "children": [],
            "user id": "1768045543",
            "user name": "孤高的美食家",
            "content": "SB",
            "time": "14-3-14 21:43"
        },
        {
            "comment id": 46,
            "parent": -1,
            "children": [],
            "user id": "2439792742",
            "user name": "差一点的疯子",
            "content": "回复@恋恋春熊er:专家就是砖家啊",
            "time": "14-3-14 21:42"
        },
        {
            "comment id": 47,
            "parent": -1,
            "children": [],
            "user id": "2192984152",
            "user name": "上海颐铭实业木材商",
            "content": "真的是想太多了。",
            "time": "14-3-14 21:39"
        },
        {
            "comment id": 48,
            "parent": -1,
            "children": [],
            "user id": "2779292387",
            "user name": "Shasha向左走",
            "content": "想太多",
            "time": "14-3-14 21:35"
        },
        {
            "comment id": 49,
            "parent": -1,
            "children": [],
            "user id": "1284336543",
            "user name": "微尘_枫音918",
            "content": "洋葱新闻。。呵呵",
            "time": "14-3-14 21:33"
        },
        {
            "comment id": 50,
            "parent": -1,
            "children": [],
            "user id": "1440501793",
            "user name": "安宁活着",
            "content": "砖家的思维就是与众不同，大概是片子看多了吧，不是一般人呢",
            "time": "14-3-14 21:32"
        },
        {
            "comment id": 51,
            "parent": -1,
            "children": [],
            "user id": "2680534523",
            "user name": "小熊维尼水灵灵",
            "content": "这个想太多了吧？！！！",
            "time": "14-3-14 21:30"
        },
        {
            "comment id": 52,
            "parent": -1,
            "children": [],
            "user id": "2694525093",
            "user name": "Aduan_ryu",
            "content": "想多了吧。。",
            "time": "14-3-14 21:26"
        },
        {
            "comment id": 53,
            "parent": -1,
            "children": [],
            "user id": "2241871890",
            "user name": "-随-遇-而-安",
            "content": "我从来都没联想过到这个",
            "time": "14-3-14 21:25"
        },
        {
            "comment id": 54,
            "parent": -1,
            "children": [],
            "user id": "1833970830",
            "user name": "零售资讯",
            "content": "这个脑残板砖！！满脑子屎！他应该说他拉屎擦屁股的时候像在舔肛，所以取缔了自己以后擦屁股这个动作。。。//@零售商研究员: #生活百态# 砖家呼吁取缔超市手推车，因插入式摆放宛若同性爱姿势。。。。。。",
            "time": "14-3-14 21:24"
        },
        {
            "comment id": 55,
            "parent": -1,
            "children": [],
            "user id": "1467880003",
            "user name": "Uncle--King",
            "content": "什么狗屁砖家吃饱了撑的吧，教育改革这个课题是不是太难了？？",
            "time": "14-3-14 21:10"
        },
        {
            "comment id": 56,
            "parent": -1,
            "children": [],
            "user id": "2626741501",
            "user name": "allisonloop",
            "content": "专家真是淫者见淫",
            "time": "14-3-14 21:07"
        },
        {
            "comment id": 57,
            "parent": -1,
            "children": [],
            "user id": "3018177313",
            "user name": "一万粒糖",
            "content": "以后无法直视手推车了_(:з」∠)_砖家你想法这么多你老婆知道么",
            "time": "14-3-14 20:46"
        },
        {
            "comment id": 58,
            "parent": -1,
            "children": [],
            "user id": "2882027122",
            "user name": "nicola4s",
            "content": "专家无敌了",
            "time": "14-3-14 20:46"
        },
        {
            "comment id": 59,
            "parent": -1,
            "children": [],
            "user id": "1876541727",
            "user name": "焦泡泡的围脖",
            "content": "专家自己想多了吧。",
            "time": "14-3-14 20:41"
        },
        {
            "comment id": 60,
            "parent": -1,
            "children": [],
            "user id": "1700911265",
            "user name": "吴-所不知的世界",
            "content": "这位专家每天吃饭把筷子放嘴里的时候一定高潮连连",
            "time": "14-3-14 20:31"
        },
        {
            "comment id": 61,
            "parent": -1,
            "children": [],
            "user id": "1803491534",
            "user name": "甜茶doctor",
            "content": "",
            "time": "14-3-14 20:23"
        },
        {
            "comment id": 62,
            "parent": -1,
            "children": [],
            "user id": "1751762860",
            "user name": "懒羊羊的薇",
            "content": "是这砖家自己想入非非吧！ 我怎么就从来没往那方面想过。教育专家改性专家吧",
            "time": "14-3-14 20:19"
        },
        {
            "comment id": 63,
            "parent": -1,
            "children": [],
            "user id": "2090718081",
            "user name": "思叹历",
            "content": "还有一种铅笔，一个头插一个头的从屁股后面推到前面。毒害了多少小学生，也该取代",
            "time": "14-3-14 20:19"
        },
        {
            "comment id": 64,
            "parent": -1,
            "children": [],
            "user id": "2497824157",
            "user name": "热情毛毛1961",
            "content": "想象力太丰富了",
            "time": "14-3-14 20:18"
        },
        {
            "comment id": 65,
            "parent": -1,
            "children": [],
            "user id": "1886835330",
            "user name": "帆某是人渣无误",
            "content": "@何小珺天然卷 😂😂😂再也无法直视购物车了",
            "time": "14-3-14 20:15"
        },
        {
            "comment id": 66,
            "parent": -1,
            "children": [],
            "user id": "1742924543",
            "user name": "韵寞",
            "content": "有病。。。鉴定完毕！",
            "time": "14-3-14 20:15"
        },
        {
            "comment id": 67,
            "parent": -1,
            "children": [],
            "user id": "1559857172",
            "user name": "悠蓝之海",
            "content": "有病吧，病得不轻，只有内心、思想龌龊和肮脏的人才能这么想！[愤怒]",
            "time": "14-3-14 20:14"
        },
        {
            "comment id": 68,
            "parent": -1,
            "children": [],
            "user id": "2232755820",
            "user name": "黑月亮不爱V",
            "content": "求专家别用筷子往嘴里扒饭，让我想起搅屎棍在你的嘴里捣腾",
            "time": "14-3-14 20:06"
        },
        {
            "comment id": 69,
            "parent": -1,
            "children": [],
            "user id": "1721470940",
            "user name": "资产风险规划-阿辉",
            "content": "想起苏东坡和佛印的故事。",
            "time": "14-3-14 20:05"
        },
        {
            "comment id": 70,
            "parent": -1,
            "children": [],
            "user id": "1747192865",
            "user name": "Tom_Luc希桐",
            "content": "@戴哲戴哲",
            "time": "14-3-14 20:02"
        },
        {
            "comment id": 71,
            "parent": -1,
            "children": [],
            "user id": "1963484731",
            "user name": "大大白de疯癫",
            "content": "有病吧",
            "time": "14-3-14 20:01"
        },
        {
            "comment id": 72,
            "parent": -1,
            "children": [],
            "user id": "2656257914",
            "user name": "西南地区著名帅哥",
            "content": "专家一天不研究科学。。到底在干嘛啊 扣你们奖金",
            "time": "14-3-14 20:01"
        },
        {
            "comment id": 73,
            "parent": -1,
            "children": [],
            "user id": "1831291003",
            "user name": "吃咕噜噜",
            "content": "@-宋涵- @Gdyl818 @踩地雷的小丸子",
            "time": "14-3-14 19:59"
        },
        {
            "comment id": 74,
            "parent": -1,
            "children": [],
            "user id": "1147560163",
            "user name": "葡萄酒Allen",
            "content": "砖家脑子里整天在想些什么？",
            "time": "14-3-14 19:59"
        },
        {
            "comment id": 75,
            "parent": -1,
            "children": [],
            "user id": "1786240135",
            "user name": "恋恋春熊er",
            "content": "@差一点的疯子 这种实力 望尘莫及！",
            "time": "14-3-14 19:58"
        },
        {
            "comment id": 76,
            "parent": -1,
            "children": [],
            "user id": "2438920195",
            "user name": "NoSugarsPlz",
            "content": "回复@给未来的蔡家蕊无数个赞_:我真是笑死了",
            "time": "14-3-14 19:53"
        },
        {
            "comment id": 77,
            "parent": -1,
            "children": [],
            "user id": "1378205644",
            "user name": "形而上之",
            "content": "这个真是没的说！！大家开开眼、开开心啊！ //@零售商研究员: #生活百态# 砖家呼吁取缔超市手推车，因插入式摆放宛若同性爱姿势。。。。。。",
            "time": "14-3-14 19:52"
        },
        {
            "comment id": 78,
            "parent": -1,
            "children": [],
            "user id": "3607165760",
            "user name": "帕卟卡手作",
            "content": "这砖家满脑子装粪。",
            "time": "14-3-14 19:52"
        },
        {
            "comment id": 79,
            "parent": -1,
            "children": [],
            "user id": "1842805674",
            "user name": "地狱星REMINA",
            "content": "啥人看啥",
            "time": "14-3-14 19:47"
        }
    ]
}