{
    "source": {
        "content": "#胜女的代价2# 天齐锅生日献礼之菲宝宝的爱情告白……@张翰 #郑爽# @张翰官方后援会 @郑爽吧 @胜女的代价2吧 @胜女的代价2影迷会 @青春剧透社  ",
        "time": "13-10-6 12:09",
        "user id": "2435544500",
        "tweet id": "AcKdKlZBZ",
        "label": 0,
        "theme": "文体娱乐"
    },
    "comment": [
        {
            "comment id": 0,
            "parent": -1,
            "children": [],
            "user id": "1839433705",
            "user name": "二月花开并花落",
            "content": "亦菲真的好可怜呐",
            "time": "13-10-9 17:15"
        },
        {
            "comment id": 1,
            "parent": -1,
            "children": [],
            "user id": "1774139374",
            "user name": "小倩不是幽魂6",
            "content": "#张翰1006生日快乐#",
            "time": "13-10-6 22:59"
        },
        {
            "comment id": 2,
            "parent": -1,
            "children": [],
            "user id": "3608264582",
            "user name": "李毅飞诺",
            "content": "好有愛。",
            "time": "13-10-6 22:31"
        },
        {
            "comment id": 3,
            "parent": -1,
            "children": [],
            "user id": "1772220335",
            "user name": "嗳北de十年",
            "content": "天齐锅生日献礼之菲宝宝的爱情告白",
            "time": "13-10-6 22:17"
        },
        {
            "comment id": 4,
            "parent": -1,
            "children": [],
            "user id": "1757971855",
            "user name": "惊了梦里南柯mio",
            "content": "",
            "time": "13-10-6 21:00"
        },
        {
            "comment id": 5,
            "parent": -1,
            "children": [],
            "user id": "3070556975",
            "user name": "付倩文honey",
            "content": "#胜女的代价2# 好感人的话语。。。。",
            "time": "13-10-6 20:28"
        },
        {
            "comment id": 6,
            "parent": -1,
            "children": [],
            "user id": "1903232753",
            "user name": "在冬月初三写一封信",
            "content": "",
            "time": "13-10-6 20:21"
        },
        {
            "comment id": 7,
            "parent": -1,
            "children": [],
            "user id": "3495769094",
            "user name": "一个阿颓",
            "content": "好感人~~~亦菲对你那么好，@张翰 你怎么看？",
            "time": "13-10-6 18:53"
        },
        {
            "comment id": 8,
            "parent": -1,
            "children": [],
            "user id": "2734304030",
            "user name": "小鱼啊嘿",
            "content": "更新到十了吗",
            "time": "13-10-6 18:38"
        },
        {
            "comment id": 9,
            "parent": -1,
            "children": [],
            "user id": "2970698822",
            "user name": "tjnfszfjjhn",
            "content": "#胜女的代价2#@张翰 生日快乐",
            "time": "13-10-6 17:36"
        },
        {
            "comment id": 10,
            "parent": -1,
            "children": [],
            "user id": "1793780192",
            "user name": "喵呜喵小喵",
            "content": "好感动哦。#胜女的代价2#@张翰#郑爽#",
            "time": "13-10-6 17:29"
        },
        {
            "comment id": 11,
            "parent": -1,
            "children": [],
            "user id": "2875022714",
            "user name": "翰锅de堡贝",
            "content": "@张翰 生日快快乐！",
            "time": "13-10-6 17:19"
        },
        {
            "comment id": 12,
            "parent": -1,
            "children": [],
            "user id": "1772096051",
            "user name": "非要瘦到100斤的昊妹纸",
            "content": "#胜女的代价2# 好爱你俩哟！",
            "time": "13-10-6 17:12"
        },
        {
            "comment id": 13,
            "parent": -1,
            "children": [],
            "user id": "1810682960",
            "user name": "Hansping",
            "content": "转发微博",
            "time": "13-10-6 17:04"
        },
        {
            "comment id": 14,
            "parent": -1,
            "children": [],
            "user id": "1851985883",
            "user name": "萱多和馨I",
            "content": "转发微博",
            "time": "13-10-6 17:03"
        },
        {
            "comment id": 15,
            "parent": -1,
            "children": [],
            "user id": "2193304941",
            "user name": "恋爽爱爽",
            "content": "转发微博",
            "time": "13-10-6 16:38"
        },
        {
            "comment id": 16,
            "parent": -1,
            "children": [],
            "user id": "3497869691",
            "user name": "HahaluohaH",
            "content": "#胜女的代价2# #张翰1006生日快乐# 齐菲纯美爱恋~",
            "time": "13-10-6 16:35"
        },
        {
            "comment id": 17,
            "parent": -1,
            "children": [],
            "user id": "2737956451",
            "user name": "依然在你",
            "content": "无论是云海和雨荨，还是小研和天齐，我都一如既往的爱你们。翰哥，生日快乐啦。。。 @张翰",
            "time": "13-10-6 16:28"
        },
        {
            "comment id": 18,
            "parent": -1,
            "children": [],
            "user id": "2668975103",
            "user name": "柚子宝贝-",
            "content": "",
            "time": "13-10-6 16:01"
        },
        {
            "comment id": 19,
            "parent": -1,
            "children": [],
            "user id": "2799625722",
            "user name": "小树懒22",
            "content": "#张翰1006生日快乐# #胜女的代价2#",
            "time": "13-10-6 16:01"
        },
        {
            "comment id": 20,
            "parent": -1,
            "children": [],
            "user id": "1615201150",
            "user name": "honey珺珺",
            "content": "好感动呀，天齐亦菲在一起！#张翰1006生日快乐# #胜女的代 价2# # 我的男神是张翰# 谢谢祝福！@张翰 收祝福喽！",
            "time": "13-10-6 15:53"
        },
        {
            "comment id": 21,
            "parent": -1,
            "children": [],
            "user id": "1978981565",
            "user name": "PENGYINGYA",
            "content": "爱情有时候真的好伟大~但有时候又好折磨人..天齐锅#张翰1006生日快乐#小妍，勇敢爱、大胆爱吧~",
            "time": "13-10-6 15:52"
        },
        {
            "comment id": 22,
            "parent": -1,
            "children": [],
            "user id": "2635499755",
            "user name": "weekday_",
            "content": "转发微博",
            "time": "13-10-6 15:52"
        },
        {
            "comment id": 23,
            "parent": -1,
            "children": [],
            "user id": "3614690827",
            "user name": "吴锦沅603",
            "content": "",
            "time": "13-10-6 15:50"
        },
        {
            "comment id": 24,
            "parent": -1,
            "children": [],
            "user id": "2629689923",
            "user name": "斑驳时光的彷徨",
            "content": "爱的告白``````",
            "time": "13-10-6 15:39"
        },
        {
            "comment id": 25,
            "parent": -1,
            "children": [],
            "user id": "2702589271",
            "user name": "大雨点呀_",
            "content": "小柿子，我看到你在线了。锁骨链获奖名单什么时候有？还有，快看我置顶微博。图片最后有惊喜！",
            "time": "13-10-6 15:32"
        },
        {
            "comment id": 26,
            "parent": -1,
            "children": [],
            "user id": "1664370787",
            "user name": "阿战的小面包-莲花池",
            "content": "好有爱~~~",
            "time": "13-10-6 15:25"
        },
        {
            "comment id": 27,
            "parent": -1,
            "children": [],
            "user id": "3741062870",
            "user name": "幸福过后只剩忧伤_",
            "content": "转发微博",
            "time": "13-10-6 15:21"
        },
        {
            "comment id": 28,
            "parent": -1,
            "children": [],
            "user id": "1688101007",
            "user name": "恰一颗草莓鸭",
            "content": "#张翰1006生日快乐#",
            "time": "13-10-6 15:21"
        },
        {
            "comment id": 29,
            "parent": -1,
            "children": [],
            "user id": "2872834010",
            "user name": "旎的禾纪乐元",
            "content": "//@HS_Reason_愿读糖诗三百首: ",
            "time": "13-10-6 15:14"
        },
        {
            "comment id": 30,
            "parent": -1,
            "children": [],
            "user id": "1768457305",
            "user name": "盛夏蔚蓝zy",
            "content": "我看到这个的时候感觉好像是在童话故事里。可惜，亦菲，我们想你了",
            "time": "13-10-6 14:58"
        },
        {
            "comment id": 31,
            "parent": -1,
            "children": [],
            "user id": "3171061557",
            "user name": "星飘雨梦zszh",
            "content": "哇哇[ppb鼓掌][噢耶][噢耶][江南style][江南style]",
            "time": "13-10-6 14:54"
        },
        {
            "comment id": 32,
            "parent": -1,
            "children": [],
            "user id": "2806998057",
            "user name": "半颗布洛芬",
            "content": "#胜女的代价2# #张翰1006生日快乐# “我只是想和他站在同一个世界”爱情面前一切都是那么卑微",
            "time": "13-10-6 14:47"
        },
        {
            "comment id": 33,
            "parent": -1,
            "children": [],
            "user id": "3502930044",
            "user name": "幸福妈咪宝贝儿",
            "content": "",
            "time": "13-10-6 14:38"
        },
        {
            "comment id": 34,
            "parent": -1,
            "children": [],
            "user id": "3476800560",
            "user name": "蒙萌99",
            "content": "#张翰1006生日快乐# #胜女的代价2# //@胜女的代价2吧: #胜女的代价2# 越看越心酸[泪流满面][泪流满面][泪流满面]但是只要现实中你们幸福就好了生日快乐！亲爱的死胖子",
            "time": "13-10-6 14:25"
        },
        {
            "comment id": 35,
            "parent": -1,
            "children": [],
            "user id": "1745186804",
            "user name": "Hans翰海",
            "content": "好感动呀，天齐亦菲在一起！#张翰1006生日快乐# #胜女的代 价2# # 我的男神是张翰# 谢谢祝福！@张翰 收祝福喽！",
            "time": "13-10-6 14:22"
        },
        {
            "comment id": 36,
            "parent": -1,
            "children": [],
            "user id": "1724901073",
            "user name": "-韵苒-",
            "content": "",
            "time": "13-10-6 14:20"
        },
        {
            "comment id": 37,
            "parent": -1,
            "children": [],
            "user id": "2990457840",
            "user name": "因为想念55",
            "content": "#胜女的代价2#天齐你就从了菲宝宝吧",
            "time": "13-10-6 14:15"
        },
        {
            "comment id": 38,
            "parent": -1,
            "children": [],
            "user id": "3635489420",
            "user name": "Sevenikkk",
            "content": "#胜女的代价2# [推荐]生死恋。。。点赞",
            "time": "13-10-6 14:11"
        },
        {
            "comment id": 39,
            "parent": -1,
            "children": [],
            "user id": "2598283515",
            "user name": "Sunshine牡丹",
            "content": "菲宝宝 给天齐锅的生日礼物 爱情告白…… @张翰 #郑爽#",
            "time": "13-10-6 13:58"
        },
        {
            "comment id": 40,
            "parent": -1,
            "children": [],
            "user id": "2878818635",
            "user name": "是我Victoriaaa",
            "content": "啊噢。。。菲宝宝！#张翰1006生日快乐##张翰1006生日快乐#",
            "time": "13-10-6 13:44"
        },
        {
            "comment id": 41,
            "parent": -1,
            "children": [],
            "user id": "1856343684",
            "user name": "输入进行时",
            "content": "菲宝宝。",
            "time": "13-10-6 13:42"
        },
        {
            "comment id": 42,
            "parent": -1,
            "children": [],
            "user id": "2785834104",
            "user name": "萌妹子妈幂",
            "content": "转发微博",
            "time": "13-10-6 13:39"
        },
        {
            "comment id": 43,
            "parent": -1,
            "children": [],
            "user id": "2273912690",
            "user name": "CjloveLee7",
            "content": "#胜女的代价2# #张翰1006生日快乐# 菲宝宝",
            "time": "13-10-6 13:36"
        },
        {
            "comment id": 44,
            "parent": -1,
            "children": [],
            "user id": "2298128204",
            "user name": "TY只为NI",
            "content": "",
            "time": "13-10-6 13:33"
        },
        {
            "comment id": 45,
            "parent": -1,
            "children": [],
            "user id": "2065003941",
            "user name": "今夕又何夕w",
            "content": "#胜女的代价2##张翰1006生日快乐#",
            "time": "13-10-6 13:31"
        },
        {
            "comment id": 46,
            "parent": -1,
            "children": [],
            "user id": "1909032780",
            "user name": "魔鬼的魅惑",
            "content": "#张翰1006生日快乐##胜女的代价2#",
            "time": "13-10-6 13:25"
        },
        {
            "comment id": 47,
            "parent": -1,
            "children": [],
            "user id": "2282573392",
            "user name": "iced-Americano-pp",
            "content": "转发微博",
            "time": "13-10-6 13:21"
        },
        {
            "comment id": 48,
            "parent": -1,
            "children": [],
            "user id": "2252122933",
            "user name": "爱是泡沫__love",
            "content": "#胜女的代价2#",
            "time": "13-10-6 13:20"
        },
        {
            "comment id": 49,
            "parent": -1,
            "children": [],
            "user id": "1803696942",
            "user name": "一颗奶酷丸",
            "content": "#胜女的代价2#  ",
            "time": "13-10-6 13:17"
        },
        {
            "comment id": 50,
            "parent": -1,
            "children": [],
            "user id": "2095994457",
            "user name": "Lin桐H",
            "content": "",
            "time": "13-10-6 13:17"
        },
        {
            "comment id": 51,
            "parent": -1,
            "children": [],
            "user id": "2306605651",
            "user name": "傲娇天使",
            "content": "好有爱",
            "time": "13-10-6 13:17"
        },
        {
            "comment id": 52,
            "parent": -1,
            "children": [],
            "user id": "2299238232",
            "user name": "掉一地的萝卜",
            "content": "#胜女的代价2#  菲宝宝好爱天齐",
            "time": "13-10-6 13:17"
        },
        {
            "comment id": 53,
            "parent": -1,
            "children": [],
            "user id": "1798076671",
            "user name": "a夏_",
            "content": "回复@愿SoooooHappy:这不是她写的",
            "time": "13-10-6 13:16"
        },
        {
            "comment id": 54,
            "parent": -1,
            "children": [],
            "user id": "3039963317",
            "user name": "用户202222020828",
            "content": "#胜女的代价2 # 菲宝宝的字好工整好工整[挖鼻屎]",
            "time": "13-10-6 13:14"
        },
        {
            "comment id": 55,
            "parent": -1,
            "children": [],
            "user id": "2301427941",
            "user name": "小尼咕噜了",
            "content": "",
            "time": "13-10-6 13:11"
        },
        {
            "comment id": 56,
            "parent": -1,
            "children": [],
            "user id": "2051186310",
            "user name": "小鹿我会一直在你身后",
            "content": "#胜女的代价2 # #张翰1006生日快乐# 亦菲真的很爱很爱天齐啊@张翰 #郑爽# @郑爽吧",
            "time": "13-10-6 13:11"
        },
        {
            "comment id": 57,
            "parent": -1,
            "children": [],
            "user id": "2171926560",
            "user name": "酒酿你个小圆子",
            "content": "#胜女的代价2 # #张翰1006生日快乐# 原来和亦菲的很多片段都是出现在回忆里的亦菲真的很爱很爱天齐啊天齐也是！！看着他们的回忆泪水又情不自禁地夺眶而出[泪流满面][泪流满面]菲宝宝记录了她跟天齐在一起的点点滴滴，真的不感动都难呐[泪流满面][泪流满面]@张翰 @郑爽吧",
            "time": "13-10-6 13:06"
        },
        {
            "comment id": 58,
            "parent": -1,
            "children": [],
            "user id": "2265399427",
            "user name": "_JIEUNZHEN",
            "content": "如果可以的话，真的希望天齐亦菲能永远在一起，段凯可以让小妍心动。",
            "time": "13-10-6 13:02"
        },
        {
            "comment id": 59,
            "parent": -1,
            "children": [],
            "user id": "2405764343",
            "user name": "缘岂不灭",
            "content": "",
            "time": "13-10-6 13:00"
        },
        {
            "comment id": 60,
            "parent": -1,
            "children": [],
            "user id": "2598465932",
            "user name": "我就是爱喝酒摸木头呀",
            "content": "//@翰爽V神: #张翰1006生日快乐#翰哥，生日快乐，新的一年里祝你生活美满，家庭幸福，内什么，早生XX",
            "time": "13-10-6 13:00"
        },
        {
            "comment id": 61,
            "parent": -1,
            "children": [],
            "user id": "2693301052",
            "user name": "依旧属于你们的三个男孩",
            "content": "#张翰1006生日快乐# #胜女的代价2# 锅，生日快乐",
            "time": "13-10-6 13:00"
        },
        {
            "comment id": 62,
            "parent": -1,
            "children": [],
            "user id": "3743483222",
            "user name": "阳光正好629",
            "content": "#张翰1006生日快乐#",
            "time": "13-10-6 12:58"
        },
        {
            "comment id": 63,
            "parent": -1,
            "children": [],
            "user id": "3196912890",
            "user name": "1011winter",
            "content": "#胜女的代价2#  #张翰1006生日快乐#    纯粹的爱恋   翰锅知道你五年，从最初默默欣赏到现在的热切追寻，觉得你身上有很多正能量，又是一年生日来到，锅，越来越好，不畏风雨的走下去吧！ 😘  #胜女的代价2#    #我的男神是张翰#",
            "time": "13-10-6 12:57"
        },
        {
            "comment id": 64,
            "parent": -1,
            "children": [],
            "user id": "2338431825",
            "user name": "张翰是命",
            "content": "#张翰1006生日快乐##胜女的代价2#",
            "time": "13-10-6 12:55"
        },
        {
            "comment id": 65,
            "parent": -1,
            "children": [],
            "user id": "2704600217",
            "user name": "方方方烦烦烦",
            "content": "#张翰1006生日快乐#",
            "time": "13-10-6 12:54"
        },
        {
            "comment id": 66,
            "parent": -1,
            "children": [],
            "user id": "2602729744",
            "user name": "Ice-小鱼儿",
            "content": "。",
            "time": "13-10-6 12:54"
        },
        {
            "comment id": 67,
            "parent": -1,
            "children": [],
            "user id": "3086954403",
            "user name": "当美好一切随风而去",
            "content": "[lt切克闹][lt切克闹][lt切克闹]",
            "time": "13-10-6 12:53"
        },
        {
            "comment id": 68,
            "parent": -1,
            "children": [],
            "user id": "2631074433",
            "user name": "呆萌兔兔毛_",
            "content": "",
            "time": "13-10-6 12:52"
        },
        {
            "comment id": 69,
            "parent": -1,
            "children": [],
            "user id": "2022891441",
            "user name": "大羊很安好",
            "content": " //@胜女的代价2吧:#胜女的代价2# 越看越心酸[泪流满面][泪流满面][泪流满面]但是只要现实中你们幸福就好了生日快乐！亲爱的死胖子",
            "time": "13-10-6 12:51"
        },
        {
            "comment id": 70,
            "parent": -1,
            "children": [],
            "user id": "2708243313",
            "user name": "LuckyShero_ky",
            "content": "最好的礼物啊…",
            "time": "13-10-6 12:48"
        },
        {
            "comment id": 71,
            "parent": -1,
            "children": [],
            "user id": "1770778980",
            "user name": "每天都要小幸韵呀",
            "content": "菲宝宝爱天齐锅~",
            "time": "13-10-6 12:48"
        },
        {
            "comment id": 72,
            "parent": -1,
            "children": [],
            "user id": "2043315127",
            "user name": "陈沛轩-",
            "content": "#胜女的代价2# 越看越心酸[泪流满面][泪流满面][泪流满面]但是只要现实中你们幸福就好了生日快乐！亲爱的死胖子",
            "time": "13-10-6 12:44"
        },
        {
            "comment id": 73,
            "parent": -1,
            "children": [],
            "user id": "3219014410",
            "user name": "暴躁九妈一个",
            "content": "菲宝宝永远在天齐蝈蝈心里哒#张翰1006生日快乐# #胜女的代价2 #",
            "time": "13-10-6 12:44"
        },
        {
            "comment id": 74,
            "parent": -1,
            "children": [],
            "user id": "1696688054",
            "user name": "不不是你是你",
            "content": "#张翰1006生日快乐# 生快！好感动",
            "time": "13-10-6 12:44"
        },
        {
            "comment id": 75,
            "parent": -1,
            "children": [],
            "user id": "3424692690",
            "user name": "-橙子萌萌哒",
            "content": "恩",
            "time": "13-10-6 12:43"
        },
        {
            "comment id": 76,
            "parent": -1,
            "children": [],
            "user id": "2041509127",
            "user name": "哆啦哆啦97",
            "content": "看到真的有感动呢//@刺痛着我的心扉: #胜女的代价2# ",
            "time": "13-10-6 12:42"
        },
        {
            "comment id": 77,
            "parent": -1,
            "children": [],
            "user id": "1850393520",
            "user name": "今天的梦想也是好好睡觉",
            "content": "这一段很唯美，但是真的很心疼亦菲，天齐最后喜欢上小妍···那亦菲真的会开心么···",
            "time": "13-10-6 12:40"
        },
        {
            "comment id": 78,
            "parent": -1,
            "children": [],
            "user id": "3265109762",
            "user name": "朕微醺",
            "content": "翰哥 生日快乐 幸福美满，早日生XX",
            "time": "13-10-6 12:39"
        },
        {
            "comment id": 79,
            "parent": -1,
            "children": [],
            "user id": "1856646501",
            "user name": "-陆周-",
            "content": "#胜女的代价2#",
            "time": "13-10-6 12:39"
        }
    ]
}