{
    "source": {
        "content": "每次开始的时候，都迫不及待地爱别人。可是真正在一起以后，就忘记了小心翼翼的疼爱。原来，喜欢上一个人很容易。可是，要在心里最深刻的地方，去珍惜，就很难！—— 安东尼《这些都是你给我的爱》 ",
        "time": "13-11-21 23:59",
        "user id": "1097201945",
        "tweet id": "AjOwIsbbB",
        "label": 0,
        "theme": "文体娱乐"
    },
    "comment": [
        {
            "comment id": 0,
            "parent": -1,
            "children": [],
            "user id": "3140838071",
            "user name": "我沐呀",
            "content": "回复@邪郭:怎么办",
            "time": "14-1-8 10:05"
        },
        {
            "comment id": 1,
            "parent": -1,
            "children": [],
            "user id": "3298053125",
            "user name": "Jocy颖宝",
            "content": "转发微博",
            "time": "13-12-11 17:20"
        },
        {
            "comment id": 2,
            "parent": -1,
            "children": [],
            "user id": "1658142232",
            "user name": "Mr先生838",
            "content": "对啊，把她藏在心里",
            "time": "13-11-24 20:36"
        },
        {
            "comment id": 3,
            "parent": -1,
            "children": [],
            "user id": "1840611361",
            "user name": "Allen-熙",
            "content": "回复@monique-leung:",
            "time": "13-11-24 16:36"
        },
        {
            "comment id": 4,
            "parent": -1,
            "children": [],
            "user id": "3879591873",
            "user name": "赫男就是大魔王",
            "content": "能不能不总用一样的图图",
            "time": "13-11-22 23:32"
        },
        {
            "comment id": 5,
            "parent": -1,
            "children": [],
            "user id": "1859644005",
            "user name": "Jack夏_",
            "content": "回复@Triangelnl:没有哈，那只是太在乎你了哈",
            "time": "13-11-22 10:13"
        },
        {
            "comment id": 6,
            "parent": -1,
            "children": [],
            "user id": "3199082595",
            "user name": "Triangle_07",
            "content": "回复@星火sun:变了。。。你变得开始对我凶，吼我，不会耐心地哄我，会烦气，没有原来那么在乎我了",
            "time": "13-11-22 10:01"
        },
        {
            "comment id": 7,
            "parent": -1,
            "children": [],
            "user id": "2808360345",
            "user name": "君子无入而不自得焉",
            "content": "转发微博",
            "time": "13-11-22 09:49"
        },
        {
            "comment id": 8,
            "parent": -1,
            "children": [],
            "user id": "2282348032",
            "user name": "伍婉祯",
            "content": "安东尼——《这些都是你给我的爱》",
            "time": "13-11-22 09:38"
        },
        {
            "comment id": 9,
            "parent": -1,
            "children": [],
            "user id": "1859644005",
            "user name": "Jack夏_",
            "content": "回复@Triangelnl:对你的爱不变啊",
            "time": "13-11-22 09:27"
        },
        {
            "comment id": 10,
            "parent": -1,
            "children": [],
            "user id": "3199082595",
            "user name": "Triangle_07",
            "content": " @星火sun 随着时间长了，你也在改变。。。",
            "time": "13-11-22 09:00"
        },
        {
            "comment id": 11,
            "parent": -1,
            "children": [],
            "user id": "2673313372",
            "user name": "找不到方向的箭",
            "content": "转发微博",
            "time": "13-11-22 08:40"
        },
        {
            "comment id": 12,
            "parent": -1,
            "children": [],
            "user id": "2690945311",
            "user name": "thecityinthesky",
            "content": "",
            "time": "13-11-22 08:24"
        },
        {
            "comment id": 13,
            "parent": -1,
            "children": [],
            "user id": "1940249577",
            "user name": "换种方式娱乐",
            "content": "@另一个曾先森 你就是",
            "time": "13-11-22 08:22"
        },
        {
            "comment id": 14,
            "parent": -1,
            "children": [],
            "user id": "2465186092",
            "user name": "万易哦万易哦万易哦",
            "content": "@邬汉筠 ",
            "time": "13-11-22 07:19"
        },
        {
            "comment id": 15,
            "parent": -1,
            "children": [],
            "user id": "2297489603",
            "user name": "不娘少女",
            "content": "嗯。",
            "time": "13-11-22 07:07"
        },
        {
            "comment id": 16,
            "parent": -1,
            "children": [],
            "user id": "1941169721",
            "user name": "OUMINTING",
            "content": "回复@阿豆克:😘😜",
            "time": "13-11-22 06:47"
        },
        {
            "comment id": 17,
            "parent": -1,
            "children": [],
            "user id": "3320251311",
            "user name": "我来自荒原",
            "content": "马亮是不习惯用标点的 改成这样 也真是变味了 很厌恶",
            "time": "13-11-22 06:45"
        },
        {
            "comment id": 18,
            "parent": -1,
            "children": [],
            "user id": "1761592841",
            "user name": "我就想改个很长很长的微博名字",
            "content": "最讨厌人们给@安东尼 的话乱加标点。",
            "time": "13-11-22 06:32"
        },
        {
            "comment id": 19,
            "parent": -1,
            "children": [],
            "user id": "2341121103",
            "user name": "水晶2012007",
            "content": "会珍惜的！",
            "time": "13-11-22 06:01"
        },
        {
            "comment id": 20,
            "parent": -1,
            "children": [],
            "user id": "2719594653",
            "user name": "玡茚Tel",
            "content": "转发微博",
            "time": "13-11-22 05:53"
        },
        {
            "comment id": 21,
            "parent": -1,
            "children": [],
            "user id": "1837497821",
            "user name": "小花要出海",
            "content": "有些人、从来没忘记",
            "time": "13-11-22 02:44"
        },
        {
            "comment id": 22,
            "parent": -1,
            "children": [],
            "user id": "1658389401",
            "user name": "marat大叔",
            "content": "转发微博",
            "time": "13-11-22 02:04"
        },
        {
            "comment id": 23,
            "parent": -1,
            "children": [],
            "user id": "2214348243",
            "user name": "贵阳阿玛施眼科陈维",
            "content": "招代理、代购美衣、有兴趣的朋友可以加我威信c-coooool",
            "time": "13-11-22 01:54"
        },
        {
            "comment id": 24,
            "parent": -1,
            "children": [],
            "user id": "1896104325",
            "user name": "徐莹cuc",
            "content": " @烹小鲜85",
            "time": "13-11-22 01:38"
        },
        {
            "comment id": 25,
            "parent": -1,
            "children": [],
            "user id": "1850311695",
            "user name": "monique-leung",
            "content": " @Allen-熙",
            "time": "13-11-22 01:21"
        },
        {
            "comment id": 26,
            "parent": -1,
            "children": [],
            "user id": "1707896627",
            "user name": "Echo做大王",
            "content": "@呼噜噜先僧 小心翼翼，患得患失",
            "time": "13-11-22 01:19"
        },
        {
            "comment id": 27,
            "parent": -1,
            "children": [],
            "user id": "2165012214",
            "user name": "白小心同学",
            "content": " @刘栋豪_",
            "time": "13-11-22 01:03"
        },
        {
            "comment id": 28,
            "parent": -1,
            "children": [],
            "user id": "1746254820",
            "user name": "黄晓晓Giselle",
            "content": "回复@李圳圳:赤裸裸的表白",
            "time": "13-11-22 00:52"
        },
        {
            "comment id": 29,
            "parent": -1,
            "children": [],
            "user id": "2028636777",
            "user name": "盖大楼",
            "content": "@OUMINTING 小心翼翼",
            "time": "13-11-22 00:50"
        },
        {
            "comment id": 30,
            "parent": -1,
            "children": [],
            "user id": "1746254820",
            "user name": "黄晓晓Giselle",
            "content": "回复@李圳圳:babe。我对你的爱是细水长流。能last好久好久",
            "time": "13-11-22 00:49"
        },
        {
            "comment id": 31,
            "parent": -1,
            "children": [],
            "user id": "2284397845",
            "user name": "雙片藍",
            "content": "接受一个人也挺难.",
            "time": "13-11-22 00:47"
        },
        {
            "comment id": 32,
            "parent": -1,
            "children": [],
            "user id": "2188342111",
            "user name": "懒成奇葩花",
            "content": "忘记了小心翼翼的疼爱",
            "time": "13-11-22 00:37"
        },
        {
            "comment id": 33,
            "parent": -1,
            "children": [],
            "user id": "2092332714",
            "user name": "Nymph2007",
            "content": "",
            "time": "13-11-22 00:36"
        },
        {
            "comment id": 34,
            "parent": -1,
            "children": [],
            "user id": "2832146910",
            "user name": "此ID已重置",
            "content": "回复@懒人李坏脾气:用心经营",
            "time": "13-11-22 00:32"
        },
        {
            "comment id": 35,
            "parent": -1,
            "children": [],
            "user id": "3140838071",
            "user name": "我沐呀",
            "content": "@邪郭 ",
            "time": "13-11-22 00:31"
        },
        {
            "comment id": 36,
            "parent": -1,
            "children": [],
            "user id": "2909309615",
            "user name": "彬名为爱",
            "content": "有些遇见，只为怀念。[打哈气]",
            "time": "13-11-22 00:30"
        },
        {
            "comment id": 37,
            "parent": -1,
            "children": [],
            "user id": "3045937043",
            "user name": "依然哆来咪",
            "content": "转发微博",
            "time": "13-11-22 00:28"
        },
        {
            "comment id": 38,
            "parent": -1,
            "children": [],
            "user id": "3757695985",
            "user name": "伯爵茶予芲",
            "content": "小心的去疼爱这份来之不易。",
            "time": "13-11-22 00:23"
        },
        {
            "comment id": 39,
            "parent": -1,
            "children": [],
            "user id": "2948926567",
            "user name": "_乔女",
            "content": " @123木徒然",
            "time": "13-11-22 00:21"
        },
        {
            "comment id": 40,
            "parent": -1,
            "children": [],
            "user id": "1276572673",
            "user name": "小耳朵同学林兔兔",
            "content": "@喜欢小耳朵同学林兔兔 ",
            "time": "13-11-22 00:15"
        },
        {
            "comment id": 41,
            "parent": -1,
            "children": [],
            "user id": "2008131271",
            "user name": "小动物爱好者_",
            "content": "我爱你，我珍惜你，不管以后会怎样，我都会在你认为舒适的位置一直守护你，只因为你在我心里最深的地方。",
            "time": "13-11-22 00:14"
        },
        {
            "comment id": 42,
            "parent": -1,
            "children": [],
            "user id": "2254587682",
            "user name": "此用户名-已被占用",
            "content": "回复@tramp惠玲儿:说得我心里好沉重",
            "time": "13-11-22 00:10"
        },
        {
            "comment id": 43,
            "parent": -1,
            "children": [],
            "user id": "2199001542",
            "user name": "七七豆",
            "content": "回复@金伟龙loong:和你一起的事情都记得",
            "time": "13-11-22 00:10"
        },
        {
            "comment id": 44,
            "parent": -1,
            "children": [],
            "user id": "1602628762",
            "user name": "lager狼ri",
            "content": "回复@加菲喵的口袋:很用心嘛 还记得",
            "time": "13-11-22 00:08"
        },
        {
            "comment id": 45,
            "parent": -1,
            "children": [],
            "user id": "2199001542",
            "user name": "七七豆",
            "content": "@金伟龙loong 今天看的书",
            "time": "13-11-22 00:07"
        },
        {
            "comment id": 46,
            "parent": -1,
            "children": [],
            "user id": "2002336764",
            "user name": "西西老豆不怕辛苦",
            "content": "回复@张大懒人可得长点心了:我会一直好好的",
            "time": "13-11-22 00:06"
        },
        {
            "comment id": 47,
            "parent": -1,
            "children": [],
            "user id": "3186125632",
            "user name": "cechwhlyl",
            "content": " @请叫我-琛哥 ",
            "time": "13-11-22 00:04"
        },
        {
            "comment id": 48,
            "parent": -1,
            "children": [],
            "user id": "2946880782",
            "user name": "m美鳳alice",
            "content": "转发微博",
            "time": "13-11-22 00:04"
        },
        {
            "comment id": 49,
            "parent": -1,
            "children": [],
            "user id": "1969086183",
            "user name": "红尘浪子fj",
            "content": "真的…我相信这句话…",
            "time": "13-11-22 00:03"
        },
        {
            "comment id": 50,
            "parent": -1,
            "children": [],
            "user id": "2423779222",
            "user name": "不慌-张_",
            "content": " @李明思的路还很长",
            "time": "13-11-22 00:01"
        },
        {
            "comment id": 51,
            "parent": -1,
            "children": [],
            "user id": "1766894092",
            "user name": "Elsa21st",
            "content": "沙发",
            "time": "13-11-22 00:00"
        }
    ]
}