{
    "source": {
        "content": "男童鞋们以后尽量少饮酒，特别是高度白酒，否则体内酒精残留过多会引起自燃。河南一名22岁的男子在和女友做爱过程中，由于“活塞”运动中的摩擦热，生殖器突然自燃起火，并灼伤其同居女友…Oh，麦愛糕，怎么会这种事？我和我的小伙伴都惊呆了！从此，我那幼小纯洁的心灵留下做爱的阴影！转 ",
        "time": "13-11-22 16:15",
        "user id": "2311241274",
        "tweet id": "AjUUMagsZ",
        "label": 1,
        "theme": "医药健康"
    },
    "comment": [
        {
            "comment id": 0,
            "parent": -1,
            "children": [],
            "user id": "2744619500",
            "user name": "神秘代码哥",
            "content": "回复@_Cocooo:。。。想多了",
            "time": "13-11-24 13:45"
        },
        {
            "comment id": 1,
            "parent": -1,
            "children": [],
            "user id": "1631017840",
            "user name": "SimbaZ",
            "content": "//@点子正: 老谣重炒，提醒勿向电网尿尿。 //@劳斯莱夫: 06年外国老帖，原标题“想知道往三相电网上尿尿会发生什么吗” 戳 网页链接",
            "time": "13-11-23 13:18"
        },
        {
            "comment id": 2,
            "parent": -1,
            "children": [],
            "user id": "2502792364",
            "user name": "1979利剑1979",
            "content": "图片里这位当时肯定爽呆了//@点子正: 老谣重炒，提醒勿向电网尿尿。 //@劳斯莱夫: 06年外国老帖，原标题“想知道往三相电网上尿尿会发生什么吗” 戳 网页链接",
            "time": "13-11-23 13:15"
        },
        {
            "comment id": 3,
            "parent": -1,
            "children": [],
            "user id": "1883460904",
            "user name": "紅塵歸理道雲清",
            "content": "假的，造谣死全家。",
            "time": "13-11-23 12:54"
        },
        {
            "comment id": 4,
            "parent": -1,
            "children": [],
            "user id": "2119739652",
            "user name": "miche0931",
            "content": "操你妈逼的造谣杂种！",
            "time": "13-11-23 11:57"
        },
        {
            "comment id": 5,
            "parent": -1,
            "children": [],
            "user id": "2544933430",
            "user name": "周期浪哥",
            "content": "造谣无极限，06年的外国老谣。河南人惹你了。",
            "time": "13-11-23 11:52"
        },
        {
            "comment id": 6,
            "parent": -1,
            "children": [],
            "user id": "1131491197",
            "user name": "老李随想",
            "content": "博主是黑还是羡慕那个河南22岁男子功能强大呢？//@交警小池:原博主这种都能信，实在低级//@椒江叶Sir:东抄西抄把谣言抄来当实用技术百科的货 。//@点子正: 老谣重炒，提醒勿向电网尿尿。 //@劳斯莱夫: 06年外国老帖，原标题“想知道往三相电网上尿尿会发生什么吗” 戳网页链接",
            "time": "13-11-23 11:10"
        },
        {
            "comment id": 7,
            "parent": -1,
            "children": [],
            "user id": "1656928185",
            "user name": "oO龙行天下Oo",
            "content": "还实用技术呢！赶快注销好了！",
            "time": "13-11-23 11:01"
        },
        {
            "comment id": 8,
            "parent": -1,
            "children": [],
            "user id": "2035895904",
            "user name": "椒江叶Sir",
            "content": "东抄西抄把谣言抄来当实用技术百科的货 。//@点子正: 老谣重炒，提醒勿向电网尿尿。 //@劳斯莱夫: 06年外国老帖，原标题“想知道往三相电网上尿尿会发生什么吗” 戳网页链接 ",
            "time": "13-11-23 10:38"
        },
        {
            "comment id": 9,
            "parent": -1,
            "children": [],
            "user id": "2414480365",
            "user name": "新滨江人",
            "content": "我日你祖宗，胡说八道",
            "time": "13-11-23 09:35"
        },
        {
            "comment id": 10,
            "parent": -1,
            "children": [],
            "user id": "2048923511",
            "user name": "魔人啾啾爱吃糖",
            "content": "造谣",
            "time": "13-11-23 09:13"
        },
        {
            "comment id": 11,
            "parent": -1,
            "children": [],
            "user id": "2744619500",
            "user name": "神秘代码哥",
            "content": "回复@_Cocooo:我擦勒擦擦擦擦，无法直视",
            "time": "13-11-23 09:02"
        },
        {
            "comment id": 12,
            "parent": -1,
            "children": [],
            "user id": "1709033430",
            "user name": "式微T大怪兽",
            "content": "回复@6CriticalThinking4:Are u sure ?",
            "time": "13-11-23 08:24"
        },
        {
            "comment id": 13,
            "parent": -1,
            "children": [],
            "user id": "2096320775",
            "user name": "枯黄的警草",
            "content": "作为一名河南人我想说博主不要拿你的废物出来乱晒好吗？！",
            "time": "13-11-23 02:42"
        },
        {
            "comment id": 14,
            "parent": -1,
            "children": [],
            "user id": "3639852770",
            "user name": "烈马00007",
            "content": "公知靠造谣来忽悠吸取眼球他们真不知道丢人，现在在我眼睛脑子里面中国一部分有文化知识的人就是垃圾人渣·//@急救医生贾大成: 回复@以前的老五:记得这是尿在电线上的结果。 //@以前的老五:傻逼才会相信。[挖鼻屎]",
            "time": "13-11-23 01:45"
        },
        {
            "comment id": 15,
            "parent": -1,
            "children": [],
            "user id": "3639852770",
            "user name": "烈马00007",
            "content": "公知不造谣不是公知//@丰乳肥臀v: Oh，麦愛糕，怎么会这种事？",
            "time": "13-11-23 01:42"
        },
        {
            "comment id": 16,
            "parent": -1,
            "children": [],
            "user id": "3639852770",
            "user name": "烈马00007",
            "content": "//@点子正: 老谣重炒，提醒勿向电网尿尿。 //@劳斯莱夫: 06年外国老帖，原标题“想知道往三相电网上尿尿会发生什么吗” 戳 网页链接",
            "time": "13-11-23 01:41"
        },
        {
            "comment id": 17,
            "parent": -1,
            "children": [],
            "user id": "1892069613",
            "user name": "莫为卿",
            "content": "这种老谣言，还能挖出来，博主不错啊！不过还是要送你#谁信谁傻逼系列#",
            "time": "13-11-23 01:24"
        },
        {
            "comment id": 18,
            "parent": -1,
            "children": [],
            "user id": "1560570391",
            "user name": "光怪陆离孙大爷",
            "content": "我的天 那么干燥 不疼么？博主你有没有点生理常识？",
            "time": "13-11-23 01:12"
        },
        {
            "comment id": 19,
            "parent": -1,
            "children": [],
            "user id": "1965809774",
            "user name": "leotsel",
            "content": "七年前的谣言再拿出来炒，傻逼。",
            "time": "13-11-23 00:31"
        },
        {
            "comment id": 20,
            "parent": -1,
            "children": [],
            "user id": "1312777937",
            "user name": "林继明",
            "content": "摩擦起电的前提是物与物之间特别干燥，都那么干燥了还尼玛的活个鸟塞？~",
            "time": "13-11-23 00:22"
        },
        {
            "comment id": 21,
            "parent": -1,
            "children": [],
            "user id": "3738014105",
            "user name": "段风",
            "content": "//@点子正: 老谣重炒，提醒勿向电网尿尿。 //@劳斯莱夫: 06年外国老帖，原标题“想知道往三相电网上尿尿会发生什么吗” 戳 网页链接",
            "time": "13-11-23 00:18"
        },
        {
            "comment id": 22,
            "parent": -1,
            "children": [],
            "user id": "1913405491",
            "user name": "滇雄",
            "content": "//@点子正: 老谣重炒，提醒勿向电网尿尿。 //@劳斯莱夫: 06年外国老帖，原标题“想知道往三相电网上尿尿会发生什么吗” 戳 网页链接",
            "time": "13-11-23 00:17"
        },
        {
            "comment id": 23,
            "parent": -1,
            "children": [],
            "user id": "2476558471",
            "user name": "6CriticalThinking4",
            "content": "@_式微T大怪兽 。。。。。。",
            "time": "13-11-23 00:14"
        },
        {
            "comment id": 24,
            "parent": -1,
            "children": [],
            "user id": "2933297907",
            "user name": "木头做的鸭",
            "content": " @陳曦Devil 好恐怖。。",
            "time": "13-11-23 00:14"
        },
        {
            "comment id": 25,
            "parent": -1,
            "children": [],
            "user id": "2150758415",
            "user name": "孤烟暮蝉",
            "content": "明明是冲电箱尿尿的结果，而且还是个外国二悲//@提刀探花在缅北:  //@裸枪:这兄弟怪可怜的，就那么一个鸡巴玩意，一年要烧好几回，还每次都是不同的原因~转500 //@提刀探花在缅北: 你还是和尚吗？ //@老衲法号悟实:卧槽，这速度，冈坂日川啊。 //@提刀探花在缅北:",
            "time": "13-11-23 00:11"
        },
        {
            "comment id": 26,
            "parent": -1,
            "children": [],
            "user id": "2563587974",
            "user name": "simon887",
            "content": "百科全谣？？",
            "time": "13-11-22 23:56"
        },
        {
            "comment id": 27,
            "parent": -1,
            "children": [],
            "user id": "2306048600",
            "user name": "伊势尼钓钩",
            "content": "造谣死全家 ",
            "time": "13-11-22 23:55"
        },
        {
            "comment id": 28,
            "parent": -1,
            "children": [],
            "user id": "1723343590",
            "user name": "鲍迪克",
            "content": "故意调侃河南人。//@点子正: 老谣重炒，提醒勿向电网尿尿。 //@劳斯莱夫: 06年外国老帖，原标题“想知道往三相电网上尿尿会发生什么吗” 戳 网页链接",
            "time": "13-11-22 23:54"
        },
        {
            "comment id": 29,
            "parent": -1,
            "children": [],
            "user id": "2736049087",
            "user name": "张伢子同志",
            "content": "太阳//@点子正: 老谣重炒，提醒勿向电网尿尿。 //@劳斯莱夫: 06年外国老帖，原标题“想知道往三相电网上尿尿会发生什么吗” 戳 网页链接",
            "time": "13-11-22 23:53"
        },
        {
            "comment id": 30,
            "parent": -1,
            "children": [],
            "user id": "1832324531",
            "user name": "驭酒者",
            "content": "//@点子正: 老谣重炒，提醒勿向电网尿尿。 //@劳斯莱夫: 06年外国老帖，原标题“想知道往三相电网上尿尿会发生什么吗” 戳 网页链接",
            "time": "13-11-22 23:53"
        },
        {
            "comment id": 31,
            "parent": -1,
            "children": [],
            "user id": "1063737874",
            "user name": "Asura-泊远",
            "content": "这要多快的频率？",
            "time": "13-11-22 23:50"
        },
        {
            "comment id": 32,
            "parent": -1,
            "children": [],
            "user id": "2969704337",
            "user name": "始终在身边x",
            "content": "首先得有个女朋友先啊 //@点子正:老谣重炒，提醒勿向电网尿尿。 //@劳斯莱夫: 06年外国老帖，原标题“想知道往三相电网上尿尿会发生什么吗” 戳网页链接 ",
            "time": "13-11-22 23:50"
        },
        {
            "comment id": 33,
            "parent": -1,
            "children": [],
            "user id": "2851693253",
            "user name": "scc油瓜",
            "content": " @忧郁Messenger",
            "time": "13-11-22 23:37"
        },
        {
            "comment id": 34,
            "parent": -1,
            "children": [],
            "user id": "2652861767",
            "user name": "友好市民韩先生",
            "content": "胡说八道吧",
            "time": "13-11-22 23:30"
        },
        {
            "comment id": 35,
            "parent": -1,
            "children": [],
            "user id": "2773440617",
            "user name": "中华勇士小拽帅",
            "content": "",
            "time": "13-11-22 23:21"
        },
        {
            "comment id": 36,
            "parent": -1,
            "children": [],
            "user id": "3217073957",
            "user name": "光头络腮大胡子",
            "content": "[挖鼻屎]没有常识，书读的再多，文凭再高也白搭啊。",
            "time": "13-11-22 23:16"
        },
        {
            "comment id": 37,
            "parent": -1,
            "children": [],
            "user id": "1933515892",
            "user name": "顶顶大大",
            "content": "碧瑶",
            "time": "13-11-22 23:13"
        },
        {
            "comment id": 38,
            "parent": -1,
            "children": [],
            "user id": "1844780774",
            "user name": "遗忘在光阴之外-",
            "content": "回复@Lisa1920:",
            "time": "13-11-22 23:04"
        },
        {
            "comment id": 39,
            "parent": -1,
            "children": [],
            "user id": "1435762941",
            "user name": "梁佶2022",
            "content": "@Jill-索珊珊 好囧rz...",
            "time": "13-11-22 23:04"
        },
        {
            "comment id": 40,
            "parent": -1,
            "children": [],
            "user id": "1653887783",
            "user name": "不吃鱼的醉猫",
            "content": "鬼都不会相信@不可一世的月亮 @黄香格",
            "time": "13-11-22 22:50"
        },
        {
            "comment id": 41,
            "parent": -1,
            "children": [],
            "user id": "1920003977",
            "user name": "基本礼",
            "content": "回复@刘川枫没人叫吧:[不要啊]不知道二逼在说什莫",
            "time": "13-11-22 22:46"
        },
        {
            "comment id": 42,
            "parent": -1,
            "children": [],
            "user id": "1898256665",
            "user name": "于培岭",
            "content": "胡扯 //@社区工作者刘硕:无图无真相。//@冉雄飞:这个照片啥意思？ //@丰乳肥臀v:Oh，麦愛糕，怎么会这种事？ ",
            "time": "13-11-22 22:44"
        },
        {
            "comment id": 43,
            "parent": -1,
            "children": [],
            "user id": "1844780774",
            "user name": "遗忘在光阴之外-",
            "content": "首先你得有个女朋友",
            "time": "13-11-22 22:36"
        },
        {
            "comment id": 44,
            "parent": -1,
            "children": [],
            "user id": "2809711373",
            "user name": "湾街10号",
            "content": "他居然艾特你。。@基本礼",
            "time": "13-11-22 22:33"
        },
        {
            "comment id": 45,
            "parent": -1,
            "children": [],
            "user id": "2700467390",
            "user name": "以前的老五",
            "content": "回复@急救医生贾大成:",
            "time": "13-11-22 22:32"
        },
        {
            "comment id": 46,
            "parent": -1,
            "children": [],
            "user id": "3264015432",
            "user name": "8点20分2013",
            "content": "[挖鼻屎]",
            "time": "13-11-22 22:30"
        },
        {
            "comment id": 47,
            "parent": -1,
            "children": [],
            "user id": "3164691463",
            "user name": "尥蹶子干活",
            "content": "纯属放弃",
            "time": "13-11-22 22:30"
        },
        {
            "comment id": 48,
            "parent": -1,
            "children": [],
            "user id": "2600893227",
            "user name": "水獭9",
            "content": "@基本礼",
            "time": "13-11-22 22:30"
        },
        {
            "comment id": 49,
            "parent": -1,
            "children": [],
            "user id": "2600893227",
            "user name": "水獭9",
            "content": "回复@刘川枫没人叫吧:wocao",
            "time": "13-11-22 22:30"
        },
        {
            "comment id": 50,
            "parent": -1,
            "children": [],
            "user id": "2648636930",
            "user name": "尹大金",
            "content": "omg",
            "time": "13-11-22 22:27"
        },
        {
            "comment id": 51,
            "parent": -1,
            "children": [],
            "user id": "1856406040",
            "user name": "DONGHUIDX",
            "content": "真的？假的？？？？？？",
            "time": "13-11-22 22:25"
        },
        {
            "comment id": 52,
            "parent": -1,
            "children": [],
            "user id": "1283658605",
            "user name": "急救医生贾大成",
            "content": "回复@以前的老五:记得这是尿在电线上的结果。",
            "time": "13-11-22 22:23"
        },
        {
            "comment id": 53,
            "parent": -1,
            "children": [],
            "user id": "1831041324",
            "user name": "不瘦到140斤不改名的珈珈爹",
            "content": "造谣一时爽，全家火葬场。",
            "time": "13-11-22 22:22"
        },
        {
            "comment id": 54,
            "parent": -1,
            "children": [],
            "user id": "2700467390",
            "user name": "以前的老五",
            "content": "傻逼才会相信。[挖鼻屎]",
            "time": "13-11-22 22:21"
        },
        {
            "comment id": 55,
            "parent": -1,
            "children": [],
            "user id": "2387266133",
            "user name": "飞羽浪人",
            "content": "那活儿还能喷射酒精？",
            "time": "13-11-22 22:19"
        },
        {
            "comment id": 56,
            "parent": -1,
            "children": [],
            "user id": "1423170370",
            "user name": "自鳴天籟",
            "content": "纯粹胡说八道",
            "time": "13-11-22 22:11"
        },
        {
            "comment id": 57,
            "parent": -1,
            "children": [],
            "user id": "2809711373",
            "user name": "湾街10号",
            "content": "@拜仁慕尼杨",
            "time": "13-11-22 22:11"
        },
        {
            "comment id": 58,
            "parent": -1,
            "children": [],
            "user id": "1416974652",
            "user name": "化繁为简621",
            "content": "惨不忍睹。。。没听说过",
            "time": "13-11-22 22:11"
        },
        {
            "comment id": 59,
            "parent": -1,
            "children": [],
            "user id": "1074025232",
            "user name": "道法自然lgl",
            "content": "博主无知、无聊！sb一枚。",
            "time": "13-11-22 22:10"
        },
        {
            "comment id": 60,
            "parent": -1,
            "children": [],
            "user id": "1657549497",
            "user name": "懒汉懦夫",
            "content": "觉着不可信。",
            "time": "13-11-22 22:09"
        },
        {
            "comment id": 61,
            "parent": -1,
            "children": [],
            "user id": "2008580223",
            "user name": "健硕的中年人",
            "content": "@深灰浅黑 ",
            "time": "13-11-22 22:07"
        },
        {
            "comment id": 62,
            "parent": -1,
            "children": [],
            "user id": "1707254263",
            "user name": "俊文哥哥丶",
            "content": "@_Cocooo  注意安全",
            "time": "13-11-22 22:06"
        },
        {
            "comment id": 63,
            "parent": -1,
            "children": [],
            "user id": "3228534250",
            "user name": "beijang",
            "content": "//@丰乳肥臀v: Oh，麦愛糕，怎么会这种事？聽",
            "time": "13-11-22 22:06"
        },
        {
            "comment id": 64,
            "parent": -1,
            "children": [],
            "user id": "2721020272",
            "user name": "crentral",
            "content": "我的天~",
            "time": "13-11-22 22:04"
        },
        {
            "comment id": 65,
            "parent": -1,
            "children": [],
            "user id": "2145494291",
            "user name": "丰乳肥臀v",
            "content": "Oh，麦愛糕，怎么会这种事？ ",
            "time": "13-11-22 22:02"
        },
        {
            "comment id": 66,
            "parent": -1,
            "children": [],
            "user id": "2012047670",
            "user name": "哒哒兄弟1",
            "content": "[懒得理你]还有这种情况",
            "time": "13-11-22 17:42"
        }
    ]
}