{
    "source": {
        "content": "【GIF】三兄妹wink来袭！！！有木有被电到！！！（已电晕）俊儿---标准男神wink，彬儿---霸气女王wink，律儿---忙内萌爆wink！！！ ",
        "time": "14-1-31 22:26",
        "user id": "3229032224",
        "tweet id": "AuBghATBZ",
        "label": 0,
        "theme": "文体娱乐"
    },
    "comment": [
        {
            "comment id": 0,
            "parent": -1,
            "children": [],
            "user id": "3485111504",
            "user name": "绕城踱步",
            "content": "彬儿这气场!",
            "time": "14-5-14 16:34"
        },
        {
            "comment id": 1,
            "parent": -1,
            "children": [],
            "user id": "3214090233",
            "user name": "人不见-春在绿芜中",
            "content": "彬儿你真是够了。俊儿真男神",
            "time": "14-4-18 08:15"
        },
        {
            "comment id": 2,
            "parent": -1,
            "children": [],
            "user id": "2947504355",
            "user name": "十五颗钉18731",
            "content": "wuli俊阿，永远那么帅气。",
            "time": "14-4-15 00:49"
        },
        {
            "comment id": 3,
            "parent": -1,
            "children": [],
            "user id": "3169697925",
            "user name": "我老婆叫工作",
            "content": "忍不住啊",
            "time": "14-3-7 16:00"
        },
        {
            "comment id": 4,
            "parent": -1,
            "children": [],
            "user id": "1949165433",
            "user name": "口口口口化十喂-",
            "content": "回复@EleanoreO_o:律儿小淑女",
            "time": "14-2-22 12:33"
        },
        {
            "comment id": 5,
            "parent": -1,
            "children": [],
            "user id": "3431362292",
            "user name": "inrnnauni",
            "content": "@溺夏TT",
            "time": "14-2-22 11:29"
        },
        {
            "comment id": 6,
            "parent": -1,
            "children": [],
            "user id": "2114956190",
            "user name": "吖fi唲",
            "content": "回覆@xa-H:[給力]",
            "time": "14-2-16 21:18"
        },
        {
            "comment id": 7,
            "parent": -1,
            "children": [],
            "user id": "1648191934",
            "user name": "zmchxr",
            "content": "转发微博",
            "time": "14-2-8 18:40"
        },
        {
            "comment id": 8,
            "parent": -1,
            "children": [],
            "user id": "2613061341",
            "user name": "月小梁_",
            "content": "一个模子刻出来的。。",
            "time": "14-2-7 03:08"
        },
        {
            "comment id": 9,
            "parent": -1,
            "children": [],
            "user id": "2396340901",
            "user name": "椰丝麻薯Zzzz",
            "content": "",
            "time": "14-2-5 22:31"
        },
        {
            "comment id": 10,
            "parent": -1,
            "children": [],
            "user id": "1889743477",
            "user name": "你是羊咩咩的羊羊羊么",
            "content": "好可爱哈哈",
            "time": "14-2-5 09:05"
        },
        {
            "comment id": 11,
            "parent": -1,
            "children": [],
            "user id": "2029587734",
            "user name": "橘柑是独眼喵",
            "content": "回复@BOMMIEe丶:",
            "time": "14-2-4 10:47"
        },
        {
            "comment id": 12,
            "parent": -1,
            "children": [],
            "user id": "1935488271",
            "user name": "梦雨爱吃鱼_",
            "content": "哈哈哈 彬儿啊~~~~~~~~~~看看你哥跟你妹！//@韩流台: 好可爱哈哈",
            "time": "14-2-4 10:00"
        },
        {
            "comment id": 13,
            "parent": -1,
            "children": [],
            "user id": "2261032524",
            "user name": "橘子味的儿鱼",
            "content": "QAQ",
            "time": "14-2-4 08:57"
        },
        {
            "comment id": 14,
            "parent": -1,
            "children": [],
            "user id": "1751178941",
            "user name": "Ms-兔子小姐",
            "content": "回复@hey_阿衡:彬儿实在是太左了 跟男的大成一片 还要去找民秀哥",
            "time": "14-2-4 08:47"
        },
        {
            "comment id": 15,
            "parent": -1,
            "children": [],
            "user id": "1876836331",
            "user name": "Seven__Q__",
            "content": "回复@Ms-兔子小姐:那才好玩呢",
            "time": "14-2-4 08:40"
        }
    ]
}