{
    "source": {
        "content": "【保护小动物们的好消息来了！】上海已开通全国首个卖猫狗肉的举报电话！只要拨打食品药品安全投诉热线12331就可举报，而且政府奖励¥500！！！已经有网友举报成功并拿到了奖金！这可谓是新年最好的消息之一了，爱猫狗的亲们赶紧转起来吧！！！「上海资讯，微信搜：iknow021」 ",
        "time": "14-2-6 20:44",
        "user id": "1870605083",
        "tweet id": "Avv9P8UIb",
        "label": 1,
        "theme": "社会生活"
    },
    "comment": [
        {
            "comment id": 0,
            "parent": -1,
            "children": [],
            "user id": "1689743932",
            "user name": "奥沙利武_",
            "content": "看看，看看，这才是狗粉的最高境界：为狗打架判三年 微博正文 求转发扩散",
            "time": "14-2-12 10:54"
        },
        {
            "comment id": 1,
            "parent": -1,
            "children": [],
            "user id": "1697723670",
            "user name": "素食吸血鬼",
            "content": "回复@政协委员韩志鹏:谢谢，韩委员。但经查实，发布上海开通卖猫狗肉的举报电话为不实消息。但作为广州人，我仍然希望广州能开这个保护动物的先河！",
            "time": "14-2-10 12:25"
        },
        {
            "comment id": 2,
            "parent": -1,
            "children": [],
            "user id": "1727568051",
            "user name": "韩志鹏委员",
            "content": "回复@素食吸血鬼:收到。",
            "time": "14-2-9 21:51"
        },
        {
            "comment id": 3,
            "parent": -1,
            "children": [],
            "user id": "3830443141",
            "user name": "Serra_sweet",
            "content": "转发微博",
            "time": "14-2-7 15:44"
        },
        {
            "comment id": 4,
            "parent": -1,
            "children": [],
            "user id": "1785238655",
            "user name": "fish-57",
            "content": "回复@圆OO小白静:狗肉",
            "time": "14-2-7 14:01"
        },
        {
            "comment id": 5,
            "parent": -1,
            "children": [],
            "user id": "1806171692",
            "user name": "袁小白静",
            "content": "@fish-57",
            "time": "14-2-7 13:16"
        },
        {
            "comment id": 6,
            "parent": -1,
            "children": [],
            "user id": "1708993065",
            "user name": "怪博士与充气娃娃",
            "content": "人类是食尸动物好不好？",
            "time": "14-2-7 11:55"
        },
        {
            "comment id": 7,
            "parent": -1,
            "children": [],
            "user id": "1708993065",
            "user name": "怪博士与充气娃娃",
            "content": "卖猫肉卖狗肉犯法吗？那鸡肉鸭肉牛肉猪肉呢？",
            "time": "14-2-7 11:53"
        },
        {
            "comment id": 8,
            "parent": -1,
            "children": [],
            "user id": "1878688131",
            "user name": "wo883721",
            "content": "我就想不通了，如果你真想保护就把所有吃肉的人都抓起来。如果不行，凭啥单单吃狗肉猫肉就算犯罪。如果真要算牛的作用才大，凭啥吃牛肉不算犯罪。人也是食肉动物，你别吃着牛排举报吃狗肉的，哎。",
            "time": "14-2-7 10:47"
        },
        {
            "comment id": 9,
            "parent": -1,
            "children": [],
            "user id": "1697723670",
            "user name": "素食吸血鬼",
            "content": "建议广州效仿上海，开通卖猫狗肉的举报电话！@政协委员韩志鹏 @广州陈扬 @广州日报",
            "time": "14-2-7 10:39"
        },
        {
            "comment id": 10,
            "parent": -1,
            "children": [],
            "user id": "1697723670",
            "user name": "素食吸血鬼",
            "content": "@广州陈扬 建议广州效仿上海，开通卖猫狗肉的举报电话！",
            "time": "14-2-7 10:31"
        },
        {
            "comment id": 11,
            "parent": -1,
            "children": [],
            "user id": "1697723670",
            "user name": "素食吸血鬼",
            "content": "建议广州效仿上海，开通卖猫狗肉的举报电话！@政协委员韩志鹏 @广州日报 @新快报 @羊城晚报 @DJ周庆文 @主播陈迪生",
            "time": "14-2-7 10:30"
        },
        {
            "comment id": 12,
            "parent": -1,
            "children": [],
            "user id": "1854777052",
            "user name": "炭烧盐咖_花",
            "content": "@泠spiderannie @沛鑫 ",
            "time": "14-2-7 09:25"
        },
        {
            "comment id": 13,
            "parent": -1,
            "children": [],
            "user id": "2339044240",
            "user name": "笨笨狗狗笨",
            "content": "转发微博",
            "time": "14-2-7 07:43"
        },
        {
            "comment id": 14,
            "parent": -1,
            "children": [],
            "user id": "1826834470",
            "user name": "cccherryz_",
            "content": " @Z_W_J_ 举报",
            "time": "14-2-7 03:54"
        },
        {
            "comment id": 15,
            "parent": -1,
            "children": [],
            "user id": "2105040305",
            "user name": "ELI拍照神抖抖",
            "content": "记一下",
            "time": "14-2-7 01:57"
        },
        {
            "comment id": 16,
            "parent": -1,
            "children": [],
            "user id": "2102394624",
            "user name": "BomBom_BoM",
            "content": "转",
            "time": "14-2-7 01:54"
        },
        {
            "comment id": 17,
            "parent": -1,
            "children": [],
            "user id": "2708156494",
            "user name": "fukudamiki",
            "content": "回复@英俊的土豆:鲜族人够毒的 ",
            "time": "14-2-7 00:40"
        },
        {
            "comment id": 18,
            "parent": -1,
            "children": [],
            "user id": "2708156494",
            "user name": "fukudamiki",
            "content": "太好了 大家积极举报哈",
            "time": "14-2-7 00:38"
        },
        {
            "comment id": 19,
            "parent": -1,
            "children": [],
            "user id": "2055709995",
            "user name": "心灵空间世界",
            "content": "怎么有人说是不实信息呢、有人核实过吗？",
            "time": "14-2-7 00:34"
        },
        {
            "comment id": 20,
            "parent": -1,
            "children": [],
            "user id": "2055709995",
            "user name": "心灵空间世界",
            "content": "非常兴奋的消息、鼓舞人心",
            "time": "14-2-7 00:31"
        },
        {
            "comment id": 21,
            "parent": -1,
            "children": [],
            "user id": "1531872285",
            "user name": "一天世堺",
            "content": "是纪王镇",
            "time": "14-2-7 00:11"
        },
        {
            "comment id": 22,
            "parent": -1,
            "children": [],
            "user id": "1531872285",
            "user name": "一天世堺",
            "content": "到闵行纪网吧，过年前这儿到处都挂着咸鸡咸鸭咸猪肉，还有狗肉",
            "time": "14-2-7 00:11"
        },
        {
            "comment id": 23,
            "parent": -1,
            "children": [],
            "user id": "1211024761",
            "user name": "木匠老了",
            "content": "再转一次。远离无视动物生命权和奢吃猫狗者！//@作家陈岚:",
            "time": "14-2-7 00:03"
        },
        {
            "comment id": 24,
            "parent": -1,
            "children": [],
            "user id": "1918342391",
            "user name": "K歌之王Ivan",
            "content": "转发微博",
            "time": "14-2-6 23:53"
        },
        {
            "comment id": 25,
            "parent": -1,
            "children": [],
            "user id": "2321930362",
            "user name": "GSF-Hayate",
            "content": "最好全国化//@陆佳璐Queenie: 必须严惩！",
            "time": "14-2-6 23:45"
        },
        {
            "comment id": 26,
            "parent": -1,
            "children": [],
            "user id": "2380079427",
            "user name": "英俊的土豆",
            "content": "哪个鲜族饭店不卖狗肉？哪个朝鲜族家庭过年不杀狗？",
            "time": "14-2-6 23:41"
        },
        {
            "comment id": 27,
            "parent": -1,
            "children": [],
            "user id": "1211024761",
            "user name": "木匠老了",
            "content": "//@作家陈岚:",
            "time": "14-2-6 23:26"
        },
        {
            "comment id": 28,
            "parent": -1,
            "children": [],
            "user id": "1572187101",
            "user name": "mms2016",
            "content": "好！//@会唱茉莉花的新歌:  //@作家陈岚:转发微博",
            "time": "14-2-6 22:57"
        },
        {
            "comment id": 29,
            "parent": -1,
            "children": [],
            "user id": "2944647932",
            "user name": "为你打上雨伞",
            "content": "转发微博",
            "time": "14-2-6 22:34"
        },
        {
            "comment id": 30,
            "parent": -1,
            "children": [],
            "user id": "1881455382",
            "user name": "嘻嘻呵呵的微博",
            "content": "TM现在卖个狗肉就**了？",
            "time": "14-2-6 22:33"
        },
        {
            "comment id": 31,
            "parent": -1,
            "children": [],
            "user id": "1657369217",
            "user name": "悠悠晃晃",
            "content": "//@作家陈岚: 转发微博",
            "time": "14-2-6 22:22"
        },
        {
            "comment id": 32,
            "parent": -1,
            "children": [],
            "user id": "1226259983",
            "user name": "SunnyiAshin",
            "content": "赞 赞 赞 👍",
            "time": "14-2-6 22:10"
        },
        {
            "comment id": 33,
            "parent": -1,
            "children": [],
            "user id": "1789294204",
            "user name": "_不能改昵称",
            "content": "为动物 也为自己 不然你永远也不知道口中的肉 是他以前走失的猫(狗)…",
            "time": "14-2-6 22:08"
        },
        {
            "comment id": 34,
            "parent": -1,
            "children": [],
            "user id": "1739461142",
            "user name": "短小白de两脚兽",
            "content": "转发微博",
            "time": "14-2-6 22:02"
        },
        {
            "comment id": 35,
            "parent": -1,
            "children": [],
            "user id": "1882032294",
            "user name": "听窗外的雨23",
            "content": "",
            "time": "14-2-6 21:34"
        },
        {
            "comment id": 36,
            "parent": -1,
            "children": [],
            "user id": "1942217297",
            "user name": "下了一周雨怪谁",
            "content": "@囍时光 ",
            "time": "14-2-6 21:24"
        },
        {
            "comment id": 37,
            "parent": -1,
            "children": [],
            "user id": "1770200905",
            "user name": "大宝的暴宝宝",
            "content": "转发微博",
            "time": "14-2-6 21:21"
        },
        {
            "comment id": 38,
            "parent": -1,
            "children": [],
            "user id": "1662940520",
            "user name": "Ash蕾",
            "content": "",
            "time": "14-2-6 21:19"
        },
        {
            "comment id": 39,
            "parent": -1,
            "children": [],
            "user id": "2638083144",
            "user name": "鄧嘉宛",
            "content": "//@作家陈岚: 转发微博",
            "time": "14-2-6 21:17"
        },
        {
            "comment id": 40,
            "parent": -1,
            "children": [],
            "user id": "1796923981",
            "user name": "甜怡酱Ymoon",
            "content": "回复@童言无忌201:立刻！！",
            "time": "14-2-6 21:13"
        },
        {
            "comment id": 41,
            "parent": -1,
            "children": [],
            "user id": "2813041532",
            "user name": "瀬戸白",
            "content": "回覆@Nozomi希_来负责画:举报 不解释",
            "time": "14-2-6 21:13"
        },
        {
            "comment id": 42,
            "parent": -1,
            "children": [],
            "user id": "2635905073",
            "user name": "幸运窈窕淑女7788",
            "content": "//@作家陈岚: 转发微博",
            "time": "14-2-6 21:12"
        },
        {
            "comment id": 43,
            "parent": -1,
            "children": [],
            "user id": "1784739794",
            "user name": "嗝南南",
            "content": "回复@瀨戶白:发家致富举报你[挖鼻屎]",
            "time": "14-2-6 21:12"
        },
        {
            "comment id": 44,
            "parent": -1,
            "children": [],
            "user id": "2243428373",
            "user name": "里约zlyee",
            "content": "赶紧转！",
            "time": "14-2-6 21:11"
        },
        {
            "comment id": 45,
            "parent": -1,
            "children": [],
            "user id": "2813041532",
            "user name": "瀬戸白",
            "content": "回覆@Nozomi希_来负责画:有钱拿！ 求求你不要举报阿白虐待风速丸",
            "time": "14-2-6 21:11"
        },
        {
            "comment id": 46,
            "parent": -1,
            "children": [],
            "user id": "1644366963",
            "user name": "童言无忌201",
            "content": "回复@小小心Fionna:那你还等什么",
            "time": "14-2-6 21:10"
        },
        {
            "comment id": 47,
            "parent": -1,
            "children": [],
            "user id": "1784739794",
            "user name": "嗝南南",
            "content": "@瀨戶白",
            "time": "14-2-6 21:08"
        },
        {
            "comment id": 48,
            "parent": -1,
            "children": [],
            "user id": "1910968854",
            "user name": "Hanaya1718",
            "content": "~~~~~",
            "time": "14-2-6 20:56"
        },
        {
            "comment id": 49,
            "parent": -1,
            "children": [],
            "user id": "1650676621",
            "user name": "asuka-chinn",
            "content": "但是救助的小动物去向呢？",
            "time": "14-2-6 20:56"
        },
        {
            "comment id": 50,
            "parent": -1,
            "children": [],
            "user id": "1837413884",
            "user name": "严圆圆不想圆",
            "content": "回复@恵Rie_714:",
            "time": "14-2-6 20:55"
        },
        {
            "comment id": 51,
            "parent": -1,
            "children": [],
            "user id": "1785513280",
            "user name": "恵Rie_714",
            "content": " @章鱼_等着开学继续被草虐 @严靠谱Taurus",
            "time": "14-2-6 20:54"
        },
        {
            "comment id": 52,
            "parent": -1,
            "children": [],
            "user id": "1950073421",
            "user name": "木木的小食代",
            "content": "",
            "time": "14-2-6 20:48"
        },
        {
            "comment id": 53,
            "parent": -1,
            "children": [],
            "user id": "1986164727",
            "user name": "cathywoolu",
            "content": "必须转",
            "time": "14-2-6 20:47"
        },
        {
            "comment id": 54,
            "parent": -1,
            "children": [],
            "user id": "1780940223",
            "user name": "Cindy丁丁",
            "content": "@上海是非哥 火速转",
            "time": "14-2-6 20:47"
        },
        {
            "comment id": 55,
            "parent": -1,
            "children": [],
            "user id": "1796923981",
            "user name": "甜怡酱Ymoon",
            "content": "我家附近 正还有一个！！",
            "time": "14-2-6 20:47"
        },
        {
            "comment id": 56,
            "parent": -1,
            "children": [],
            "user id": "1916751995",
            "user name": "lesliechow和胖阿妮头",
            "content": "赶紧把这电话记下来",
            "time": "14-2-6 20:45"
        },
        {
            "comment id": 57,
            "parent": -1,
            "children": [],
            "user id": "2000646003",
            "user name": "watermelon-potato",
            "content": "",
            "time": "14-2-6 20:45"
        },
        {
            "comment id": 58,
            "parent": -1,
            "children": [],
            "user id": "3865219494",
            "user name": "键盘侠tuling",
            "content": "转发微博",
            "time": "14-2-6 20:45"
        }
    ]
}