{
    "source": {
        "content": "【爷孙恋词人与小40岁女友顺利恋爱1周年】昨天，台湾资深作词人李坤城受邀，分享历年来的客家音乐收藏，不过发布会焦点依然是其爷孙恋。小他40岁的17岁小女友林靖恩静静依偎在旁。李坤城表示，2月15日两人恰好交往满周年，将提前在情人节庆祝，两人说“我们每天都是情人节啦。” 爷孙恋词人与小40岁女友顺利恋爱1周年 ",
        "time": "14-2-12 23:55",
        "user id": "1642591402",
        "tweet id": "AwqYakTJT",
        "label": 0,
        "theme": "文体娱乐"
    },
    "comment": [
        {
            "comment id": 0,
            "parent": -1,
            "children": [],
            "user id": "3816412821",
            "user name": "原来如此128",
            "content": "姑娘你是看他有钱吧，想开点，你父母同意。别看他有钱，一定要找一个适合的。",
            "time": "15-5-31 20:03"
        },
        {
            "comment id": 1,
            "parent": -1,
            "children": [],
            "user id": "3557743384",
            "user name": "有一种魏婚夫叫魏晨",
            "content": "真是醉了",
            "time": "14-11-17 18:45"
        },
        {
            "comment id": 2,
            "parent": -1,
            "children": [],
            "user id": "2538513160",
            "user name": "ortaq",
            "content": "以后还能嫁人吗",
            "time": "14-9-11 14:58"
        },
        {
            "comment id": 3,
            "parent": -1,
            "children": [],
            "user id": "1791225824",
            "user name": "肖oo是柔情似水的爹泡",
            "content": "回复@原来是颗小黑豆:呵呵…",
            "time": "14-2-21 07:57"
        },
        {
            "comment id": 4,
            "parent": -1,
            "children": [],
            "user id": "1778197215",
            "user name": "胖饺妹妹",
            "content": "回复@肖oo换个顺眼的ID:猎奇",
            "time": "14-2-21 07:53"
        },
        {
            "comment id": 5,
            "parent": -1,
            "children": [],
            "user id": "1791225824",
            "user name": "肖oo是柔情似水的爹泡",
            "content": "回复@原来是颗小黑豆:奇怪的内容为何艾特我？",
            "time": "14-2-21 07:41"
        },
        {
            "comment id": 6,
            "parent": -1,
            "children": [],
            "user id": "2091824793",
            "user name": "维大尼_",
            "content": "回复@Lexi_up:这才是真爱",
            "time": "14-2-17 14:24"
        },
        {
            "comment id": 7,
            "parent": -1,
            "children": [],
            "user id": "2614619344",
            "user name": "小小岑的麻麻",
            "content": "怎么尽是些毁三观的事",
            "time": "14-2-17 10:03"
        },
        {
            "comment id": 8,
            "parent": -1,
            "children": [],
            "user id": "1780322891",
            "user name": "二千阿",
            "content": "。。。。",
            "time": "14-2-17 09:04"
        },
        {
            "comment id": 9,
            "parent": -1,
            "children": [],
            "user id": "1678549323",
            "user name": "im咪阿咪",
            "content": "回复@ACE无厘头:40岁不算多吧",
            "time": "14-2-16 12:52"
        },
        {
            "comment id": 10,
            "parent": -1,
            "children": [],
            "user id": "1702153267",
            "user name": "ACE无厘头",
            "content": " @miminic 看不懂勒",
            "time": "14-2-16 12:28"
        },
        {
            "comment id": 11,
            "parent": -1,
            "children": [],
            "user id": "1922912842",
            "user name": "阿珊珊珊珊_",
            "content": "回复@洁然忆深:气死也没办法啊",
            "time": "14-2-15 01:32"
        },
        {
            "comment id": 12,
            "parent": -1,
            "children": [],
            "user id": "1517445945",
            "user name": "大眼睛的小福狸",
            "content": "回复@虚胖的豆芽儿:看了啊猪",
            "time": "14-2-15 01:13"
        },
        {
            "comment id": 13,
            "parent": -1,
            "children": [],
            "user id": "2312590167",
            "user name": "長在雲朵裡的羊",
            "content": "太像了",
            "time": "14-2-15 00:38"
        },
        {
            "comment id": 14,
            "parent": -1,
            "children": [],
            "user id": "1697859470",
            "user name": "L苗苗milly",
            "content": "外人不与评论，如人饮水，冷暖自知",
            "time": "14-2-14 23:54"
        },
        {
            "comment id": 15,
            "parent": -1,
            "children": [],
            "user id": "1687445405",
            "user name": "虚胖的豆芽儿",
            "content": "回复@南音不是多尾鱼:你看了么你就赞",
            "time": "14-2-14 23:35"
        },
        {
            "comment id": 16,
            "parent": -1,
            "children": [],
            "user id": "1517445945",
            "user name": "大眼睛的小福狸",
            "content": "回复@虚胖的豆芽儿:赞",
            "time": "14-2-14 23:33"
        },
        {
            "comment id": 17,
            "parent": -1,
            "children": [],
            "user id": "2026817243",
            "user name": "Lucyangles",
            "content": "下得去嘴?",
            "time": "14-2-14 22:31"
        },
        {
            "comment id": 18,
            "parent": -1,
            "children": [],
            "user id": "2820990133",
            "user name": "卿宝宝A",
            "content": "真的不会再爱了啊！",
            "time": "14-2-14 21:55"
        },
        {
            "comment id": 19,
            "parent": -1,
            "children": [],
            "user id": "3928693027",
            "user name": "雪地里有只洋wyy阿",
            "content": "回复@董琬如:",
            "time": "14-2-14 16:30"
        },
        {
            "comment id": 20,
            "parent": -1,
            "children": [],
            "user id": "2981337074",
            "user name": "曦宝贝萌萌哒",
            "content": "尼玛，要死了。",
            "time": "14-2-14 13:20"
        },
        {
            "comment id": 21,
            "parent": -1,
            "children": [],
            "user id": "1861256042",
            "user name": "Peuy_Hii",
            "content": "回复@小鹿椰子酱-_-:乱伦阿！",
            "time": "14-2-14 13:08"
        },
        {
            "comment id": 22,
            "parent": -1,
            "children": [],
            "user id": "3241166534",
            "user name": "-阳阳阳阳阳王",
            "content": "真爱吧",
            "time": "14-2-14 12:26"
        },
        {
            "comment id": 23,
            "parent": -1,
            "children": [],
            "user id": "2578240514",
            "user name": "m_ping娉",
            "content": "假得要死！",
            "time": "14-2-14 12:12"
        },
        {
            "comment id": 24,
            "parent": -1,
            "children": [],
            "user id": "1909496597",
            "user name": "Cc婵婵婂婂婵婵Cc",
            "content": "真够恶心",
            "time": "14-2-14 11:16"
        },
        {
            "comment id": 25,
            "parent": -1,
            "children": [],
            "user id": "3024874207",
            "user name": "抠脚社畜",
            "content": "17岁！！！！每天都是情人节？！是我老了吗？！这么逆天家里人知道吗",
            "time": "14-2-14 10:26"
        },
        {
            "comment id": 26,
            "parent": -1,
            "children": [],
            "user id": "2305859595",
            "user name": "洁然忆深",
            "content": "回复@少女猫七: 她爸不会气死么",
            "time": "14-2-14 09:26"
        },
        {
            "comment id": 27,
            "parent": -1,
            "children": [],
            "user id": "2305859595",
            "user name": "洁然忆深",
            "content": "回复@周宝宝bobo: 噢！",
            "time": "14-2-14 09:25"
        },
        {
            "comment id": 28,
            "parent": -1,
            "children": [],
            "user id": "1843211405",
            "user name": "dwr2dd",
            "content": "回复@降落伞xl:因为我当时也惊呆了",
            "time": "14-2-14 08:52"
        },
        {
            "comment id": 29,
            "parent": -1,
            "children": [],
            "user id": "5022013614",
            "user name": "情非得已_LeeMinho",
            "content": "管你是神马屎人、鸟人，我都要骂你没商量…老东西：放开那姑娘，不要祸害未成年少女…💩🙊那位妹子：你脑袋被驴踢了，有毛病吧你？你是给你爸你妈找了个爹吧？真他妈恶心！",
            "time": "14-2-14 00:02"
        },
        {
            "comment id": 30,
            "parent": -1,
            "children": [],
            "user id": "2657951950",
            "user name": "一只桃汁",
            "content": "回复@我说我叫廖洁怡:爱情能超越一切[挖鼻屎]",
            "time": "14-2-13 23:36"
        },
        {
            "comment id": 31,
            "parent": -1,
            "children": [],
            "user id": "1908950751",
            "user name": "肉治百病",
            "content": "快吐了",
            "time": "14-2-13 23:19"
        },
        {
            "comment id": 32,
            "parent": -1,
            "children": [],
            "user id": "2806386834",
            "user name": "水水水的潜水狗",
            "content": "真心吐了，弯弯真多极品",
            "time": "14-2-13 23:00"
        },
        {
            "comment id": 33,
            "parent": -1,
            "children": [],
            "user id": "1928352135",
            "user name": "Xx-L-Xx",
            "content": " @XXXWanhokGD @鳄鱼袜 @凉_是凉快的凉凉爽的凉",
            "time": "14-2-13 21:40"
        },
        {
            "comment id": 34,
            "parent": -1,
            "children": [],
            "user id": "2371648027",
            "user name": "酥软夹心塘",
            "content": "回复@属熊猫的米粉兔:不是一般的恶心！",
            "time": "14-2-13 21:13"
        },
        {
            "comment id": 35,
            "parent": -1,
            "children": [],
            "user id": "2963501523",
            "user name": "lemon不萌有点酸",
            "content": "回复@喵喵是只小老虎:现在的小女孩都怎么想的啊",
            "time": "14-2-13 20:49"
        },
        {
            "comment id": 36,
            "parent": -1,
            "children": [],
            "user id": "1912518413",
            "user name": "风吹我衣呀",
            "content": "回复@降落伞伞伞伞伞:哎，看样我也要等到老啦",
            "time": "14-2-13 20:32"
        },
        {
            "comment id": 37,
            "parent": -1,
            "children": [],
            "user id": "2049960917",
            "user name": "蜗牛向往世界",
            "content": "果然多大的男人都喜欢二十岁的女生",
            "time": "14-2-13 20:12"
        },
        {
            "comment id": 38,
            "parent": -1,
            "children": [],
            "user id": "2719244682",
            "user name": "AmyWu12",
            "content": "尼玛，爱情",
            "time": "14-2-13 19:32"
        },
        {
            "comment id": 39,
            "parent": -1,
            "children": [],
            "user id": "2722300694",
            "user name": "kekewowo",
            "content": "这个“爱情”太。。。",
            "time": "14-2-13 19:26"
        },
        {
            "comment id": 40,
            "parent": -1,
            "children": [],
            "user id": "1913862501",
            "user name": "419_m",
            "content": "这男女，让人无语。世界爱情要混乱了吗？",
            "time": "14-2-13 19:19"
        },
        {
            "comment id": 41,
            "parent": -1,
            "children": [],
            "user id": "1735433534",
            "user name": "芝麻小心愿",
            "content": "这个男人是禽兽，诱骗未成年人，",
            "time": "14-2-13 19:12"
        },
        {
            "comment id": 42,
            "parent": -1,
            "children": [],
            "user id": "3178139272",
            "user name": "有妖气com",
            "content": "早已无力吐嘈了",
            "time": "14-2-13 18:59"
        },
        {
            "comment id": 43,
            "parent": -1,
            "children": [],
            "user id": "5034995684",
            "user name": "用户uplmkn9mnd",
            "content": "回复@Liu雨谦:你怎么知道",
            "time": "14-2-13 18:54"
        },
        {
            "comment id": 44,
            "parent": -1,
            "children": [],
            "user id": "5034995684",
            "user name": "用户uplmkn9mnd",
            "content": "回复@我想飞上天xhgfmj:你怎么这样还说",
            "time": "14-2-13 18:52"
        },
        {
            "comment id": 45,
            "parent": -1,
            "children": [],
            "user id": "3602689160",
            "user name": "小兔米1987",
            "content": "是不是差的太太太大了，无法想像！！",
            "time": "14-2-13 18:37"
        },
        {
            "comment id": 46,
            "parent": -1,
            "children": [],
            "user id": "1751987245",
            "user name": "不破产女孩gggg",
            "content": "女孩的父母也差不多和这男的一样大吧",
            "time": "14-2-13 18:26"
        },
        {
            "comment id": 47,
            "parent": -1,
            "children": [],
            "user id": "5034995684",
            "user name": "用户uplmkn9mnd",
            "content": "回复@菜姬猪:你怎么这样说",
            "time": "14-2-13 18:24"
        },
        {
            "comment id": 48,
            "parent": -1,
            "children": [],
            "user id": "3196286020",
            "user name": "嗨费玲",
            "content": "回复@Miss杨可以再潇洒点:起一身鸡皮疙瘩",
            "time": "14-2-13 18:23"
        },
        {
            "comment id": 49,
            "parent": -1,
            "children": [],
            "user id": "2069023274",
            "user name": "star_A_",
            "content": "回复@杨家2小姐-惠子Y:好恶心",
            "time": "14-2-13 18:22"
        },
        {
            "comment id": 50,
            "parent": -1,
            "children": [],
            "user id": "3196286020",
            "user name": "嗨费玲",
            "content": "让我觉得恶心@Miss杨可以再潇洒点",
            "time": "14-2-13 18:21"
        },
        {
            "comment id": 51,
            "parent": -1,
            "children": [],
            "user id": "1773278602",
            "user name": "国产女神经",
            "content": "这女的好恶心",
            "time": "14-2-13 18:19"
        },
        {
            "comment id": 52,
            "parent": -1,
            "children": [],
            "user id": "2514118820",
            "user name": "锦夏木",
            "content": "我去。。。。这妹纸缺少父父爱~~",
            "time": "14-2-13 18:02"
        },
        {
            "comment id": 53,
            "parent": -1,
            "children": [],
            "user id": "3287476714",
            "user name": "文学妹",
            "content": "这个不是一般的天啊//@栾胜: 我的天//@冬郎公子若:@火锅是生命的真谛啊亲",
            "time": "14-2-13 17:44"
        },
        {
            "comment id": 54,
            "parent": -1,
            "children": [],
            "user id": "3740340420",
            "user name": "梦倾葙",
            "content": "这个是真爱啊。。。",
            "time": "14-2-13 17:34"
        },
        {
            "comment id": 55,
            "parent": -1,
            "children": [],
            "user id": "2986042901",
            "user name": "一颗大草莓呀-",
            "content": "林子大了什么鸟都有",
            "time": "14-2-13 17:30"
        },
        {
            "comment id": 56,
            "parent": -1,
            "children": [],
            "user id": "2558689081",
            "user name": "小糯米那么漂亮你爸妈造吗",
            "content": "可怕",
            "time": "14-2-13 17:27"
        },
        {
            "comment id": 57,
            "parent": -1,
            "children": [],
            "user id": "3929104527",
            "user name": "luftmensch呐",
            "content": "回复@泡芙弟弟:呃，我知道",
            "time": "14-2-13 17:21"
        },
        {
            "comment id": 58,
            "parent": -1,
            "children": [],
            "user id": "3928693027",
            "user name": "雪地里有只洋wyy阿",
            "content": "回复@董琬如:OMG！你貌似知道得很多",
            "time": "14-2-13 17:19"
        },
        {
            "comment id": 59,
            "parent": -1,
            "children": [],
            "user id": "3104778105",
            "user name": "Q六月的雨",
            "content": "哈哈 这女的不是变态啦只是为了钱",
            "time": "14-2-13 17:16"
        },
        {
            "comment id": 60,
            "parent": -1,
            "children": [],
            "user id": "2148413602",
            "user name": "VickiPeng",
            "content": " @Shine王野 我们的爷孙恋",
            "time": "14-2-13 17:00"
        },
        {
            "comment id": 61,
            "parent": -1,
            "children": [],
            "user id": "3834917516",
            "user name": "The-destiny-of-star",
            "content": "除非有都叫兽的不老容颜还差不多[挖鼻屎]",
            "time": "14-2-13 16:56"
        },
        {
            "comment id": 62,
            "parent": -1,
            "children": [],
            "user id": "2963925133",
            "user name": "离运气差半寸远",
            "content": "恶心",
            "time": "14-2-13 16:52"
        },
        {
            "comment id": 63,
            "parent": -1,
            "children": [],
            "user id": "3847257820",
            "user name": "Faderni",
            "content": "我勒个去，这女孩心理素质好好啊[书呆子][书呆子]",
            "time": "14-2-13 16:42"
        },
        {
            "comment id": 64,
            "parent": -1,
            "children": [],
            "user id": "2723082693",
            "user name": "种草优惠券买买买",
            "content": "回复@Brittany敏儿:",
            "time": "14-2-13 16:36"
        },
        {
            "comment id": 65,
            "parent": -1,
            "children": [],
            "user id": "1956067581",
            "user name": "s_aprilis",
            "content": "回复@鱼_波纹:关键这个男的长的…也太大爷了…气度非凡一些我可以理解，这个…哎",
            "time": "14-2-13 16:13"
        },
        {
            "comment id": 66,
            "parent": -1,
            "children": [],
            "user id": "2972403581",
            "user name": "嘻哈乐歪歪--_",
            "content": "啊啊啊啊啊啊啊啊啊啊",
            "time": "14-2-13 16:08"
        },
        {
            "comment id": 67,
            "parent": -1,
            "children": [],
            "user id": "1772193183",
            "user name": "风小云",
            "content": "回复@hanliu_come:啧啧",
            "time": "14-2-13 16:05"
        },
        {
            "comment id": 68,
            "parent": -1,
            "children": [],
            "user id": "2294186230",
            "user name": "Ltttttian_",
            "content": "回复@Celia听说这个头像比较招桃花:对吧对吧~~老实交代 那个老头子是谁",
            "time": "14-2-13 16:02"
        },
        {
            "comment id": 69,
            "parent": -1,
            "children": [],
            "user id": "3031312753",
            "user name": "一个摄影一个世界",
            "content": "无语",
            "time": "14-2-13 15:56"
        },
        {
            "comment id": 70,
            "parent": -1,
            "children": [],
            "user id": "1820107124",
            "user name": "2ksoooh",
            "content": "唉做父母的真的很无奈看自己女儿这样!!真心接受不了!大10几岁大叔这种也没什么但这种爷孙的太难顶了吧!个人接受不了咯",
            "time": "14-2-13 15:53"
        },
        {
            "comment id": 71,
            "parent": -1,
            "children": [],
            "user id": "2203812834",
            "user name": "Sherry卖奶茶第一名",
            "content": "",
            "time": "14-2-13 15:47"
        },
        {
            "comment id": 72,
            "parent": -1,
            "children": [],
            "user id": "2200225920",
            "user name": "不过分工会",
            "content": "老牛吃嫩草",
            "time": "14-2-13 15:43"
        },
        {
            "comment id": 73,
            "parent": -1,
            "children": [],
            "user id": "2827966912",
            "user name": "橘灿橘红色",
            "content": "无法接受",
            "time": "14-2-13 15:41"
        },
        {
            "comment id": 74,
            "parent": -1,
            "children": [],
            "user id": "2730372233",
            "user name": "Yoiko-",
            "content": "该相信是真爱吗[呵呵]",
            "time": "14-2-13 15:32"
        },
        {
            "comment id": 75,
            "parent": -1,
            "children": [],
            "user id": "2156217217",
            "user name": "一地鸡毛毛毛毛毛毛毛",
            "content": "你这么屌，你爸妈知道吗？",
            "time": "14-2-13 15:24"
        },
        {
            "comment id": 76,
            "parent": -1,
            "children": [],
            "user id": "2174496754",
            "user name": "JIAJUN佳佳",
            "content": "[睡觉]除了震惊还是很震惊～每次看都觉得是真的吗真的吗  好励志的赶脚你们能相信爱情了吧！",
            "time": "14-2-13 15:19"
        },
        {
            "comment id": 77,
            "parent": -1,
            "children": [],
            "user id": "3302977692",
            "user name": "茜哥-爱包酱",
            "content": "📡📡📡📡：💁💁💁高端大牌手袋👛👛👛👛👛首饰🎀🎀🎀美鞋💄💄💄💄💄🌀🌀🌀🎉🎉🎉🎁🎁🎁全部采用老师傅精致的手工👑👑💃💃💃🎎🎎新年美包你值得拥有～[呵呵][呵呵]",
            "time": "14-2-13 15:18"
        },
        {
            "comment id": 78,
            "parent": -1,
            "children": [],
            "user id": "1779673873",
            "user name": "是霍霍不是嚯嚯鸭",
            "content": "这就是真的。妞。给爷笑一个。",
            "time": "14-2-13 15:06"
        },
        {
            "comment id": 79,
            "parent": -1,
            "children": [],
            "user id": "2325499594",
            "user name": "请你不要到处koko·",
            "content": "",
            "time": "14-2-13 14:48"
        }
    ]
}