{
    "source": {
        "content": "【女子为iPhone 6裸奔】崇左市龙州县昨夜突显女子裸奔，原是与朋友打赌，裸奔绕龙州一圈就得一部iPhone 6……[挖鼻屎][挖鼻屎][挖鼻屎] ",
        "time": "14-10-13 11:38",
        "user id": "1848490991",
        "tweet id": "BrlxwCQ1R",
        "label": 1,
        "theme": "社会生活"
    },
    "comment": [
        {
            "comment id": 0,
            "parent": -1,
            "children": [],
            "user id": "2511311563",
            "user name": "Z-darb",
            "content": "白虎？",
            "time": "14-10-14 11:22"
        },
        {
            "comment id": 1,
            "parent": -1,
            "children": [],
            "user id": "3343670560",
            "user name": "乐乐_54162",
            "content": "回复@激怒善意:真相在这里",
            "time": "14-10-13 18:20"
        },
        {
            "comment id": 2,
            "parent": -1,
            "children": [],
            "user id": "3343670560",
            "user name": "乐乐_54162",
            "content": "回复@激怒善意:广西一女子为iPhone6裸奔系谣言 警方称其患精神病",
            "time": "14-10-13 18:20"
        },
        {
            "comment id": 3,
            "parent": -1,
            "children": [],
            "user id": "3144205054",
            "user name": "有种可爱叫送箭",
            "content": "苹果6真的有这么好吗？这样让你不要自尊被人数落和侮辱得到的，这样你开心吗",
            "time": "14-10-13 18:02"
        },
        {
            "comment id": 4,
            "parent": -1,
            "children": [],
            "user id": "2508776595",
            "user name": "今生有缘爱一人",
            "content": "回复@南宁电视台帮得行动:媒体为什么不负责任的报道出来？",
            "time": "14-10-13 17:27"
        },
        {
            "comment id": 5,
            "parent": -1,
            "children": [],
            "user id": "2508776595",
            "user name": "今生有缘爱一人",
            "content": "回复@南宁电视台帮得行动:为啥没有人报警？",
            "time": "14-10-13 17:26"
        },
        {
            "comment id": 6,
            "parent": -1,
            "children": [],
            "user id": "3343670560",
            "user name": "乐乐_54162",
            "content": "回复@南宁电视台帮得行动:搞什么啊，不知道真相就别乱说话，尊重人家了吗，你这样污蔑人家，法律造吗",
            "time": "14-10-13 17:22"
        },
        {
            "comment id": 7,
            "parent": -1,
            "children": [],
            "user id": "1527236707",
            "user name": "虾虾2000",
            "content": "很可怜，删除了吧。。。",
            "time": "14-10-13 17:20"
        },
        {
            "comment id": 8,
            "parent": -1,
            "children": [],
            "user id": "2381416651",
            "user name": "激怒善意",
            "content": "回复@乐乐_54162:呵呵～没有亲眼目睹所以不了解详情～也就是照图说两句～别无他意！",
            "time": "14-10-13 17:19"
        },
        {
            "comment id": 9,
            "parent": -1,
            "children": [],
            "user id": "3343670560",
            "user name": "乐乐_54162",
            "content": "回复@激怒善意:你是拍照人之一吗，你了解真相？",
            "time": "14-10-13 17:13"
        },
        {
            "comment id": 10,
            "parent": -1,
            "children": [],
            "user id": "1848490991",
            "user name": "金牌帮女郎",
            "content": "【女子为iPhone6裸奔系谣言】早上的一条女子疑为苹果手机裸奔的消息亮瞎了大家的钛合金眼，据警方称，该女子其实系神经病发作而裸奔，其酗酒、吸毒、打赌等情节皆为谣言！广西一女子为iPhone6裸奔系谣言 警方称其患精神病_国内_新京报网",
            "time": "14-10-13 17:13"
        },
        {
            "comment id": 11,
            "parent": -1,
            "children": [],
            "user id": "3343670560",
            "user name": "乐乐_54162",
            "content": "回复@独角兽185:你有探究过真相吗，",
            "time": "14-10-13 17:12"
        },
        {
            "comment id": 12,
            "parent": -1,
            "children": [],
            "user id": "5071512581",
            "user name": "独角兽185_319",
            "content": "广西女人，让人无语",
            "time": "14-10-13 16:28"
        },
        {
            "comment id": 13,
            "parent": -1,
            "children": [],
            "user id": "3956636715",
            "user name": "一筹马褂",
            "content": "太不自尊自爱了，丢人现眼",
            "time": "14-10-13 16:16"
        },
        {
            "comment id": 14,
            "parent": -1,
            "children": [],
            "user id": "2520178375",
            "user name": "醉之梦-涛",
            "content": "我能说这是艺术么[挖鼻屎][挖鼻屎]",
            "time": "14-10-13 15:57"
        },
        {
            "comment id": 15,
            "parent": -1,
            "children": [],
            "user id": "2520178375",
            "user name": "醉之梦-涛",
            "content": "回复@J-不太会说话:",
            "time": "14-10-13 15:56"
        },
        {
            "comment id": 16,
            "parent": -1,
            "children": [],
            "user id": "2508776595",
            "user name": "今生有缘爱一人",
            "content": "无语，为了一部手机就脱光，节操在哪里？你父母造吗！",
            "time": "14-10-13 15:54"
        },
        {
            "comment id": 17,
            "parent": -1,
            "children": [],
            "user id": "5194245994",
            "user name": "下雪的雪x",
            "content": "她的尊严就值一部iPhone6。可悲…",
            "time": "14-10-13 15:27"
        },
        {
            "comment id": 18,
            "parent": -1,
            "children": [],
            "user id": "1880950781",
            "user name": "食客蒋蒋",
            "content": "@小白大家好 下一个裸奔的可能是你老婆哦",
            "time": "14-10-13 15:17"
        },
        {
            "comment id": 19,
            "parent": -1,
            "children": [],
            "user id": "5261367659",
            "user name": "中国TATTOO绣",
            "content": "[挖鼻屎]",
            "time": "14-10-13 12:57"
        },
        {
            "comment id": 20,
            "parent": -1,
            "children": [],
            "user id": "2381416651",
            "user name": "激怒善意",
            "content": "一部手机就能让人如此不顾道德底线～是手机的缘故还是现在的人为了得到想要的可以不顾一切？什么人都有～真丢女同胞的脸～还是广西的先～哎",
            "time": "14-10-13 12:50"
        },
        {
            "comment id": 21,
            "parent": -1,
            "children": [],
            "user id": "5227824837",
            "user name": "忧郁黯然殇",
            "content": "額，為了手機就這樣，果斷鄙視",
            "time": "14-10-13 12:31"
        },
        {
            "comment id": 22,
            "parent": -1,
            "children": [],
            "user id": "1920793543",
            "user name": "小宝宝不不不不不不不",
            "content": "你这么傻，你爸妈知道吗？无法理解苹果6比个人声誉还重要？！",
            "time": "14-10-13 12:30"
        },
        {
            "comment id": 23,
            "parent": -1,
            "children": [],
            "user id": "1957489781",
            "user name": "莲恋00",
            "content": "为了手机不要自尊，叹气！",
            "time": "14-10-13 12:17"
        },
        {
            "comment id": 24,
            "parent": -1,
            "children": [],
            "user id": "1883950113",
            "user name": "骄子心",
            "content": "干一次也可以有个",
            "time": "14-10-13 12:10"
        },
        {
            "comment id": 25,
            "parent": -1,
            "children": [],
            "user id": "1848490991",
            "user name": "金牌帮女郎",
            "content": "回复@熟V颜学虎:有钱能使人裸奔……",
            "time": "14-10-13 12:04"
        },
        {
            "comment id": 26,
            "parent": -1,
            "children": [],
            "user id": "2011949132",
            "user name": "苍海中的一叶小舟",
            "content": "太不要脸了。",
            "time": "14-10-13 12:03"
        },
        {
            "comment id": 27,
            "parent": -1,
            "children": [],
            "user id": "2552961992",
            "user name": "熟虎属虎滴虎蜀黍",
            "content": "有钱能使鬼推磨，这话没错",
            "time": "14-10-13 12:03"
        },
        {
            "comment id": 28,
            "parent": -1,
            "children": [],
            "user id": "1848490991",
            "user name": "金牌帮女郎",
            "content": "回复@芥末点酱油:在网上都火了，估计到手了[挖鼻屎]",
            "time": "14-10-13 11:59"
        },
        {
            "comment id": 29,
            "parent": -1,
            "children": [],
            "user id": "1709301443",
            "user name": "芥末点酱油",
            "content": "最后得到手没有",
            "time": "14-10-13 11:53"
        },
        {
            "comment id": 30,
            "parent": -1,
            "children": [],
            "user id": "1180996430",
            "user name": "和风01",
            "content": "个人声誉和品德是无价之宝.",
            "time": "14-10-13 11:49"
        },
        {
            "comment id": 31,
            "parent": -1,
            "children": [],
            "user id": "1812225157",
            "user name": "佳_LULU",
            "content": "疯了",
            "time": "14-10-13 11:41"
        }
    ]
}