{
    "source": {
        "content": "#涨姿势#榴莲，也许你都不知道榴莲是如何生长的，没见过榴莲花是多么娇艳动人。@好奇博士 ",
        "time": "15-4-20 13:08",
        "user id": "1784473157",
        "tweet id": "Ce8rI4J6c",
        "label": 0,
        "theme": "文体娱乐"
    },
    "comment": [
        {
            "comment id": 0,
            "parent": -1,
            "children": [],
            "user id": "2195601771",
            "user name": "钟ring",
            "content": "@机智的V将军",
            "time": "16-9-27 21:52"
        },
        {
            "comment id": 1,
            "parent": -1,
            "children": [],
            "user id": "2365123313",
            "user name": "熊_秋红",
            "content": "回复@唐禹哲圈外女友:❤",
            "time": "15-5-5 14:51"
        },
        {
            "comment id": 2,
            "parent": -1,
            "children": [],
            "user id": "2014474833",
            "user name": "木槿-LMY",
            "content": "回复@好男人313:咋是个这",
            "time": "15-4-24 16:59"
        },
        {
            "comment id": 3,
            "parent": -1,
            "children": [],
            "user id": "3786278852",
            "user name": "小祖宗313527",
            "content": "回复@木槿-LMY:不是我爱问，是喜欢让我媳妇问！",
            "time": "15-4-24 16:56"
        },
        {
            "comment id": 4,
            "parent": -1,
            "children": [],
            "user id": "2014474833",
            "user name": "木槿-LMY",
            "content": "回复@好男人313:你不是爱闻嘛！怪癖",
            "time": "15-4-24 16:55"
        },
        {
            "comment id": 5,
            "parent": -1,
            "children": [],
            "user id": "3786278852",
            "user name": "小祖宗313527",
            "content": "回复@木槿-LMY:好恶心",
            "time": "15-4-24 16:51"
        },
        {
            "comment id": 6,
            "parent": -1,
            "children": [],
            "user id": "5159277113",
            "user name": "不酸柠檬-",
            "content": "回复@刘召娣小草莓:我要吃",
            "time": "15-4-21 09:41"
        },
        {
            "comment id": 7,
            "parent": -1,
            "children": [],
            "user id": "2134157207",
            "user name": "Leo叶",
            "content": "回复@来艺霖:好啊[花心][花心]",
            "time": "15-4-21 01:09"
        },
        {
            "comment id": 8,
            "parent": -1,
            "children": [],
            "user id": "2730338525",
            "user name": "王甜颐",
            "content": "",
            "time": "15-4-21 00:21"
        },
        {
            "comment id": 9,
            "parent": -1,
            "children": [],
            "user id": "1862087334",
            "user name": "-棠哩个棠-",
            "content": "原来一开始是花呀",
            "time": "15-4-20 22:18"
        },
        {
            "comment id": 10,
            "parent": -1,
            "children": [],
            "user id": "5342275393",
            "user name": "花山论见2014",
            "content": "吃过榴莲，没见过榴莲花的，看过来[花心]",
            "time": "15-4-20 21:40"
        },
        {
            "comment id": 11,
            "parent": -1,
            "children": [],
            "user id": "2525481907",
            "user name": "像蛋挞挞挞",
            "content": "@淇湳礼",
            "time": "15-4-20 21:40"
        },
        {
            "comment id": 12,
            "parent": -1,
            "children": [],
            "user id": "3280060925",
            "user name": "睡不醒的Yu天",
            "content": "回复@刘召娣小草莓:我们吃的都是强者",
            "time": "15-4-20 21:17"
        },
        {
            "comment id": 13,
            "parent": -1,
            "children": [],
            "user id": "2133895893",
            "user name": "小小人物mmm_",
            "content": "回复@黄观亮:好棒！！",
            "time": "15-4-20 19:56"
        },
        {
            "comment id": 14,
            "parent": -1,
            "children": [],
            "user id": "2727361675",
            "user name": "木可先声",
            "content": "榴莲花香不知道是不是像榴莲那么臭",
            "time": "15-4-20 19:50"
        },
        {
            "comment id": 15,
            "parent": -1,
            "children": [],
            "user id": "2336801920",
            "user name": "用户2336801920",
            "content": "@小龅牙扳着手指数阳光 简直酷啊",
            "time": "15-4-20 18:51"
        },
        {
            "comment id": 16,
            "parent": -1,
            "children": [],
            "user id": "2810268182",
            "user name": "闽南身边事",
            "content": "好怕榴莲不小心掉下来了",
            "time": "15-4-20 17:48"
        },
        {
            "comment id": 17,
            "parent": -1,
            "children": [],
            "user id": "5498014818",
            "user name": "黑芝麻汤圆哎",
            "content": "密集恐惧症",
            "time": "15-4-20 16:58"
        },
        {
            "comment id": 18,
            "parent": -1,
            "children": [],
            "user id": "2705903773",
            "user name": "你的塔姆",
            "content": "@潘宗杰a ",
            "time": "15-4-20 16:47"
        },
        {
            "comment id": 19,
            "parent": -1,
            "children": [],
            "user id": "3536743464",
            "user name": "1点都不好玩",
            "content": "据说榴莲有眼睛，就是很少砸到人即使下面站了人也不容易被砸到是吗？",
            "time": "15-4-20 16:38"
        },
        {
            "comment id": 20,
            "parent": -1,
            "children": [],
            "user id": "1826200221",
            "user name": "性感九节虾",
            "content": "回复@Miss_游弋:看到评论里有人说还好牛顿不是站在榴莲树下的。。。",
            "time": "15-4-20 16:37"
        },
        {
            "comment id": 21,
            "parent": -1,
            "children": [],
            "user id": "2217247010",
            "user name": "九五好青年_",
            "content": "回复@孬孬歪歪xx:气候不适宜[挖鼻屎]",
            "time": "15-4-20 16:03"
        },
        {
            "comment id": 22,
            "parent": -1,
            "children": [],
            "user id": "2505689345",
            "user name": "在睡觉1",
            "content": "@熊秋红耶_ ",
            "time": "15-4-20 15:53"
        },
        {
            "comment id": 23,
            "parent": -1,
            "children": [],
            "user id": "1161868137",
            "user name": "安小崽崽",
            "content": "回复@直溜儿的我:你在家里种一颗榴莲树好了。",
            "time": "15-4-20 15:49"
        },
        {
            "comment id": 24,
            "parent": -1,
            "children": [],
            "user id": "2161912657",
            "user name": "YoYoooo妞",
            "content": "榴莲花是不是臭的",
            "time": "15-4-20 15:44"
        },
        {
            "comment id": 25,
            "parent": -1,
            "children": [],
            "user id": "5179833655",
            "user name": "-不是小可爱是大哥",
            "content": "WTF!密死我了",
            "time": "15-4-20 15:40"
        },
        {
            "comment id": 26,
            "parent": -1,
            "children": [],
            "user id": "2152678712",
            "user name": "大布朗熊",
            "content": "回复@Lauretta玉婷:好吧",
            "time": "15-4-20 15:35"
        },
        {
            "comment id": 27,
            "parent": -1,
            "children": [],
            "user id": "1910865263",
            "user name": "囧闹闹",
            "content": "回复@放弃伪装进行武装:开花好看",
            "time": "15-4-20 15:34"
        },
        {
            "comment id": 28,
            "parent": -1,
            "children": [],
            "user id": "1783782607",
            "user name": "Lauretta玉婷",
            "content": "回复@闭利瘫:你要迟我一秒钟的",
            "time": "15-4-20 15:29"
        },
        {
            "comment id": 29,
            "parent": -1,
            "children": [],
            "user id": "1768041174",
            "user name": "Poon-Sm",
            "content": "@保时捷-911GT2 @FIfinN___劉劉",
            "time": "15-4-20 15:28"
        },
        {
            "comment id": 30,
            "parent": -1,
            "children": [],
            "user id": "2606532845",
            "user name": "WSLY713",
            "content": "榴莲花臭嘛。。",
            "time": "15-4-20 15:27"
        },
        {
            "comment id": 31,
            "parent": -1,
            "children": [],
            "user id": "5365661480",
            "user name": "ssss某某某",
            "content": "会不会砸死人啊？",
            "time": "15-4-20 15:27"
        },
        {
            "comment id": 32,
            "parent": -1,
            "children": [],
            "user id": "3163530523",
            "user name": "谁言如初",
            "content": "@我是是没头脑和不高兴",
            "time": "15-4-20 15:26"
        },
        {
            "comment id": 33,
            "parent": -1,
            "children": [],
            "user id": "2152678712",
            "user name": "大布朗熊",
            "content": "回复@Lauretta玉婷:砸死我你就开心了",
            "time": "15-4-20 15:26"
        },
        {
            "comment id": 34,
            "parent": -1,
            "children": [],
            "user id": "1783782607",
            "user name": "Lauretta玉婷",
            "content": "回复@闭利瘫:要啊，还要我在上面摘你在下面接着[花心]",
            "time": "15-4-20 15:24"
        },
        {
            "comment id": 35,
            "parent": -1,
            "children": [],
            "user id": "1852977587",
            "user name": "法小姐_",
            "content": "铁汉柔情既视感。",
            "time": "15-4-20 15:23"
        },
        {
            "comment id": 36,
            "parent": -1,
            "children": [],
            "user id": "1766310403",
            "user name": "Miss_游弋",
            "content": "@江洋小樣_Macha 快看榴莲辣么大的果子居然是长在树上的！脑补了一下砸下来的画面…",
            "time": "15-4-20 15:23"
        },
        {
            "comment id": 37,
            "parent": -1,
            "children": [],
            "user id": "1656075643",
            "user name": "迷死Sunny",
            "content": "@徐_舍",
            "time": "15-4-20 15:21"
        },
        {
            "comment id": 38,
            "parent": -1,
            "children": [],
            "user id": "1807230531",
            "user name": "高天马的记事簿",
            "content": "感觉产量很大啊",
            "time": "15-4-20 15:21"
        },
        {
            "comment id": 39,
            "parent": -1,
            "children": [],
            "user id": "1574117611",
            "user name": "Cyndi_Star",
            "content": "[花心]最爱次榴莲啦",
            "time": "15-4-20 15:21"
        },
        {
            "comment id": 40,
            "parent": -1,
            "children": [],
            "user id": "3896417405",
            "user name": "今日宜环游yu",
            "content": "感觉树好累啊[互相膜拜]",
            "time": "15-4-20 15:21"
        },
        {
            "comment id": 41,
            "parent": -1,
            "children": [],
            "user id": "1772249351",
            "user name": "石桥旅客",
            "content": "一个问题，它们什么时候开始臭的",
            "time": "15-4-20 15:20"
        },
        {
            "comment id": 42,
            "parent": -1,
            "children": [],
            "user id": "2709764961",
            "user name": "爱自己但更爱你的吴小姐",
            "content": "一棵树能长那么多，怎么还那么贵？虽然我不吃",
            "time": "15-4-20 15:20"
        },
        {
            "comment id": 43,
            "parent": -1,
            "children": [],
            "user id": "1804154093",
            "user name": "神奇的青春在燃烧",
            "content": "回复@WLY英姐:一棵树够你吃吗",
            "time": "15-4-20 15:19"
        },
        {
            "comment id": 44,
            "parent": -1,
            "children": [],
            "user id": "2657729674",
            "user name": "姓余名夏",
            "content": "直接从树皮里长出来。有点恶心...",
            "time": "15-4-20 15:19"
        },
        {
            "comment id": 45,
            "parent": -1,
            "children": [],
            "user id": "2014474833",
            "user name": "木槿-LMY",
            "content": "@好男人313",
            "time": "15-4-20 15:18"
        },
        {
            "comment id": 46,
            "parent": -1,
            "children": [],
            "user id": "2647680681",
            "user name": "兜兜有糖9颗",
            "content": "晚上去买榴莲吃",
            "time": "15-4-20 15:17"
        },
        {
            "comment id": 47,
            "parent": -1,
            "children": [],
            "user id": "2821775687",
            "user name": "Tuliposy",
            "content": "榴莲树下，危险地带",
            "time": "15-4-20 15:17"
        },
        {
            "comment id": 48,
            "parent": -1,
            "children": [],
            "user id": "2152678712",
            "user name": "大布朗熊",
            "content": "回复@Lauretta玉婷:[花心]要种一棵吗",
            "time": "15-4-20 15:17"
        },
        {
            "comment id": 49,
            "parent": -1,
            "children": [],
            "user id": "1975288930",
            "user name": "芜莜",
            "content": "天！长见识了！那么重的榴莲竟然能如此稳固地挂在树上！Amazing的大自然！",
            "time": "15-4-20 15:17"
        },
        {
            "comment id": 50,
            "parent": -1,
            "children": [],
            "user id": "3293132753",
            "user name": "Rocy勿忘初心",
            "content": "忽然想到，要是成熟了脱落了一个岂不是要砸死人",
            "time": "15-4-20 15:17"
        },
        {
            "comment id": 51,
            "parent": -1,
            "children": [],
            "user id": "5098400108",
            "user name": "YJ希希小宝贝",
            "content": "为什么那么贵",
            "time": "15-4-20 15:17"
        },
        {
            "comment id": 52,
            "parent": -1,
            "children": [],
            "user id": "2702613150",
            "user name": "桃子芒果大宝贝",
            "content": "回复@芒果桃子大汤圆:好吃",
            "time": "15-4-20 15:16"
        },
        {
            "comment id": 53,
            "parent": -1,
            "children": [],
            "user id": "2670218683",
            "user name": "Ada__汤圆",
            "content": "@桃子芒果大宝贝 你的榴莲",
            "time": "15-4-20 15:15"
        },
        {
            "comment id": 54,
            "parent": -1,
            "children": [],
            "user id": "3039379300",
            "user name": "逗小3哈",
            "content": "为什么我在想：那棵树得多大啊？",
            "time": "15-4-20 15:15"
        },
        {
            "comment id": 55,
            "parent": -1,
            "children": [],
            "user id": "5234727288",
            "user name": "hello末钟",
            "content": "掉下来会不会砸到人...如果牛顿当时是在榴莲树下..",
            "time": "15-4-20 15:15"
        },
        {
            "comment id": 56,
            "parent": -1,
            "children": [],
            "user id": "2391904227",
            "user name": "我爱我家东",
            "content": "挺神奇",
            "time": "15-4-20 15:15"
        },
        {
            "comment id": 57,
            "parent": -1,
            "children": [],
            "user id": "2217247010",
            "user name": "九五好青年_",
            "content": "@孬孬歪歪xx ",
            "time": "15-4-20 15:14"
        },
        {
            "comment id": 58,
            "parent": -1,
            "children": [],
            "user id": "2727567655",
            "user name": "德吉梅朵_",
            "content": "@枣泥猪猪猪 涨姿势了",
            "time": "15-4-20 15:14"
        },
        {
            "comment id": 59,
            "parent": -1,
            "children": [],
            "user id": "1857435947",
            "user name": "黄观亮",
            "content": "@小小人物mmm_",
            "time": "15-4-20 15:14"
        },
        {
            "comment id": 60,
            "parent": -1,
            "children": [],
            "user id": "1776664565",
            "user name": "__说个毛线__",
            "content": "回复@时咣鸡:想吃",
            "time": "15-4-20 15:13"
        },
        {
            "comment id": 61,
            "parent": -1,
            "children": [],
            "user id": "2528489352",
            "user name": "Amian_B面",
            "content": "我只好奇花臭不臭~",
            "time": "15-4-20 15:12"
        },
        {
            "comment id": 62,
            "parent": -1,
            "children": [],
            "user id": "5335247966",
            "user name": "风清云淡总是雾",
            "content": "[震惊]榴莲也算多子多孙了",
            "time": "15-4-20 15:10"
        },
        {
            "comment id": 63,
            "parent": -1,
            "children": [],
            "user id": "1783782607",
            "user name": "Lauretta玉婷",
            "content": "@闭利瘫",
            "time": "15-4-20 15:09"
        },
        {
            "comment id": 64,
            "parent": -1,
            "children": [],
            "user id": "2993655781",
            "user name": "回忆晚安-love",
            "content": "好稀奇",
            "time": "15-4-20 15:09"
        },
        {
            "comment id": 65,
            "parent": -1,
            "children": [],
            "user id": "3815627298",
            "user name": "-燕山公少保",
            "content": "回复@低调青年儿:那还有牛顿定律吗",
            "time": "15-4-20 15:05"
        },
        {
            "comment id": 66,
            "parent": -1,
            "children": [],
            "user id": "2484484885",
            "user name": "蹲墙角抱头唱国歌",
            "content": "一棵树上结那么多还那么贵！",
            "time": "15-4-20 15:05"
        },
        {
            "comment id": 67,
            "parent": -1,
            "children": [],
            "user id": "3170465305",
            "user name": "圆圆susan_",
            "content": "@Knows_",
            "time": "15-4-20 15:05"
        },
        {
            "comment id": 68,
            "parent": -1,
            "children": [],
            "user id": "2275064462",
            "user name": "冬晨凝阳",
            "content": "产量高啊!当然，价格也高！",
            "time": "15-4-20 15:04"
        },
        {
            "comment id": 69,
            "parent": -1,
            "children": [],
            "user id": "1890953352",
            "user name": "仰望隧空",
            "content": "回复@孤堔:榴莲成熟的季节从旁边路过该是多么的美妙",
            "time": "15-4-20 15:03"
        },
        {
            "comment id": 70,
            "parent": -1,
            "children": [],
            "user id": "1769767295",
            "user name": "钟鼎青铜器",
            "content": "掉下来的时候 树下有人怎么办.....",
            "time": "15-4-20 15:03"
        },
        {
            "comment id": 71,
            "parent": -1,
            "children": [],
            "user id": "3241821534",
            "user name": "有点小开森",
            "content": "大秀你最爱的留恋是介个样子长大的😥@盛夏光年-MaydayGD",
            "time": "15-4-20 15:03"
        },
        {
            "comment id": 72,
            "parent": -1,
            "children": [],
            "user id": "2653903122",
            "user name": "unbreakable_x1n",
            "content": "涨知识了",
            "time": "15-4-20 15:02"
        },
        {
            "comment id": 73,
            "parent": -1,
            "children": [],
            "user id": "1744419144",
            "user name": "低调青年儿",
            "content": "回复@-萨科Shaco:应该是“牛顿当年为什么不是在榴莲树下？”",
            "time": "15-4-20 15:02"
        },
        {
            "comment id": 74,
            "parent": -1,
            "children": [],
            "user id": "2908508803",
            "user name": "姜利婷",
            "content": "回复@时不之归:好久以前，好像是我爸给我看过。[泪流满面]好想吃啊，都买不起",
            "time": "15-4-20 15:01"
        },
        {
            "comment id": 75,
            "parent": -1,
            "children": [],
            "user id": "1621436734",
            "user name": "uuuuuuhhhhhh",
            "content": "花很漂亮，长的过程很难看",
            "time": "15-4-20 14:59"
        },
        {
            "comment id": 76,
            "parent": -1,
            "children": [],
            "user id": "3317295832",
            "user name": "快玩慢活",
            "content": "@胡漠泓 @kittydcm ",
            "time": "15-4-20 14:58"
        },
        {
            "comment id": 77,
            "parent": -1,
            "children": [],
            "user id": "2204200694",
            "user name": "Chying_An",
            "content": "回复@Tan浩浩浩浩然:哇",
            "time": "15-4-20 14:58"
        },
        {
            "comment id": 78,
            "parent": -1,
            "children": [],
            "user id": "1765023933",
            "user name": "园园的园YYDY",
            "content": "@Sindy玄",
            "time": "15-4-20 14:57"
        },
        {
            "comment id": 79,
            "parent": -1,
            "children": [],
            "user id": "3260551330",
            "user name": "她被盗号了",
            "content": "@姜利婷",
            "time": "15-4-20 14:56"
        }
    ]
}