{
    "source": {
        "content": "【心情不好，剪头发去~】意大利心理学家莱森斯发现，理发是调节心情的好办法。理发时人的头皮受到刺激，增加大脑的血液供应，刺激大脑中枢释放让人心情愉悦的化学物质。此外，坐在理发椅上，会强迫你进入一种安闲的状态，心跳、呼吸都慢下来，情绪自然也就好转了。（生命时报）你同意吗？ ",
        "time": "15-4-20 14:15",
        "user id": "1642512402",
        "tweet id": "Ce8SFAB4z",
        "label": 0,
        "theme": "医药健康"
    },
    "comment": [
        {
            "comment id": 0,
            "parent": -1,
            "children": [],
            "user id": "1778791575",
            "user name": "MksYu",
            "content": "@高毛毛是我",
            "time": "15-8-29 22:54"
        },
        {
            "comment id": 1,
            "parent": -1,
            "children": [],
            "user id": "2156671160",
            "user name": "青青小农庄",
            "content": "转发微博",
            "time": "15-4-21 13:45"
        },
        {
            "comment id": 2,
            "parent": -1,
            "children": [],
            "user id": "3148106123",
            "user name": "一了姐",
            "content": "我觉得对的。一直这样做",
            "time": "15-4-21 12:27"
        },
        {
            "comment id": 3,
            "parent": -1,
            "children": [],
            "user id": "3180653577",
            "user name": "卍蛇我其谁卍",
            "content": "又可以不用出门了 懒在家里 开心不",
            "time": "15-4-21 10:21"
        },
        {
            "comment id": 4,
            "parent": -1,
            "children": [],
            "user id": "3195897074",
            "user name": "战斗一只鸟",
            "content": "现在的理发店不把你搞出一张白金会员卡来，会让你清净吗",
            "time": "15-4-21 00:20"
        },
        {
            "comment id": 5,
            "parent": -1,
            "children": [],
            "user id": "5569947394",
            "user name": "Fengmeiza",
            "content": "剪的丑心情会更不好",
            "time": "15-4-21 00:08"
        },
        {
            "comment id": 6,
            "parent": -1,
            "children": [],
            "user id": "2457476103",
            "user name": "日常爱吐槽的小侠",
            "content": "回复@晨小总依旧逼格很高:就说是有根据的吧～我一烦躁就会去剪头发",
            "time": "15-4-21 00:05"
        },
        {
            "comment id": 7,
            "parent": -1,
            "children": [],
            "user id": "2657943903",
            "user name": "花小粥儿",
            "content": "回复@伊佳一等于二:就是这样",
            "time": "15-4-20 22:29"
        },
        {
            "comment id": 8,
            "parent": -1,
            "children": [],
            "user id": "2200576293",
            "user name": "Sunny-ChenDG",
            "content": "回复@没人发现我Ding在绳索上面:一般般不好",
            "time": "15-4-20 22:18"
        },
        {
            "comment id": 9,
            "parent": -1,
            "children": [],
            "user id": "3420632740",
            "user name": "--你好可爱呀",
            "content": "回复@脱谎i:现在还想",
            "time": "15-4-20 22:13"
        },
        {
            "comment id": 10,
            "parent": -1,
            "children": [],
            "user id": "3811312795",
            "user name": "脱谎_",
            "content": "回复@愚梦-:感同身受",
            "time": "15-4-20 22:09"
        },
        {
            "comment id": 11,
            "parent": -1,
            "children": [],
            "user id": "2136900955",
            "user name": "好运相伴的小李同学",
            "content": "必须找个靠谱的地方剪，否则心情会更加不好",
            "time": "15-4-20 21:20"
        },
        {
            "comment id": 12,
            "parent": -1,
            "children": [],
            "user id": "1843165444",
            "user name": "废柴宋",
            "content": "回复@阿苏小方块:你看咱两头发",
            "time": "15-4-20 20:55"
        },
        {
            "comment id": 13,
            "parent": -1,
            "children": [],
            "user id": "2313264827",
            "user name": "阿肿哥",
            "content": " 好心情才会有好风景，好眼光才会有好发现，好思考才会有好主意。人可以不美丽但要健康；人可以不伟大但要快乐；人可以不完美但要追求。把工作当享受你就会竭尽全力；把生活当乐趣你就会满怀信心[便便]",
            "time": "15-4-20 20:47"
        },
        {
            "comment id": 14,
            "parent": -1,
            "children": [],
            "user id": "2386891375",
            "user name": "不会起名的一只7",
            "content": "心情不好，就想要从头开始",
            "time": "15-4-20 20:37"
        },
        {
            "comment id": 15,
            "parent": -1,
            "children": [],
            "user id": "2793254101",
            "user name": "小小迷糊的小糊涂",
            "content": "心情不好也不能随意作贱头发头发有错麽心情不好就忘记或者不如不见你为了多少人哭，眼泪有错麽你为了多少人自欺欺人，脑细胞有错麽所以，好好爱自己",
            "time": "15-4-20 20:37"
        },
        {
            "comment id": 16,
            "parent": -1,
            "children": [],
            "user id": "3035772857",
            "user name": "戴海军帽的老头儿",
            "content": "哈哈 怪不得我心情不好的时候就想去剪头发！😄",
            "time": "15-4-20 20:27"
        },
        {
            "comment id": 17,
            "parent": -1,
            "children": [],
            "user id": "3026131803",
            "user name": "哈咯咯mia",
            "content": "都不知道剪什么发型的",
            "time": "15-4-20 20:27"
        },
        {
            "comment id": 18,
            "parent": -1,
            "children": [],
            "user id": "2893211503",
            "user name": "男人恶心的字眼",
            "content": "之前把头发剪了，人家问我失恋了吗",
            "time": "15-4-20 20:22"
        },
        {
            "comment id": 19,
            "parent": -1,
            "children": [],
            "user id": "3285951757",
            "user name": "爱殿的造型师",
            "content": "理发可是我的最爱哦[悲催][好棒]",
            "time": "15-4-20 20:21"
        },
        {
            "comment id": 20,
            "parent": -1,
            "children": [],
            "user id": "1839233047",
            "user name": "韩肉肉咩",
            "content": "回复@王屎儿:我不是冲动剪哒！",
            "time": "15-4-20 20:20"
        },
        {
            "comment id": 21,
            "parent": -1,
            "children": [],
            "user id": "2928982505",
            "user name": "wssiiaaa",
            "content": "同意@Yooooooo__ 我很后悔那一年冲动剪的头发",
            "time": "15-4-20 20:19"
        },
        {
            "comment id": 22,
            "parent": -1,
            "children": [],
            "user id": "2105176243",
            "user name": "天江衣哒哒哒",
            "content": "每次心情不好都剪头发，真的有效",
            "time": "15-4-20 20:17"
        },
        {
            "comment id": 23,
            "parent": -1,
            "children": [],
            "user id": "2403275295",
            "user name": "小木头锕",
            "content": "反而心情更不好",
            "time": "15-4-20 20:16"
        },
        {
            "comment id": 24,
            "parent": -1,
            "children": [],
            "user id": "2439033465",
            "user name": "老何要努力变强",
            "content": "不知道我剪短发好看吗卐[巨汗]",
            "time": "15-4-20 20:14"
        },
        {
            "comment id": 25,
            "parent": -1,
            "children": [],
            "user id": "2701099861",
            "user name": "武艺吧直播员璇_676",
            "content": "理发真的是调节心情的好方法",
            "time": "15-4-20 20:07"
        },
        {
            "comment id": 26,
            "parent": -1,
            "children": [],
            "user id": "3639187300",
            "user name": "恬小木",
            "content": "同意 不管心情多糟糕 剪头发就觉得好开心",
            "time": "15-4-20 20:01"
        },
        {
            "comment id": 27,
            "parent": -1,
            "children": [],
            "user id": "2884391783",
            "user name": "翦博雅好客",
            "content": "我方脸应该怎么剪呢[杰克逊]",
            "time": "15-4-20 19:59"
        },
        {
            "comment id": 28,
            "parent": -1,
            "children": [],
            "user id": "1888051092",
            "user name": "方块不太方",
            "content": "@宋寳大",
            "time": "15-4-20 19:58"
        },
        {
            "comment id": 29,
            "parent": -1,
            "children": [],
            "user id": "3420632740",
            "user name": "--你好可爱呀",
            "content": "去年的我一直是@脱谎i",
            "time": "15-4-20 19:37"
        },
        {
            "comment id": 30,
            "parent": -1,
            "children": [],
            "user id": "2623007637",
            "user name": "REN都犯JIAN",
            "content": "每次进理发店就会很紧张，不知道发型师会变出一个怎样的魔术",
            "time": "15-4-20 19:34"
        },
        {
            "comment id": 31,
            "parent": -1,
            "children": [],
            "user id": "2885268157",
            "user name": "受不了能怎样",
            "content": "不知道好不好看",
            "time": "15-4-20 19:25"
        },
        {
            "comment id": 32,
            "parent": -1,
            "children": [],
            "user id": "2459146201",
            "user name": "海贼王索路_380",
            "content": "圆脸应该剪什么头发呢",
            "time": "15-4-20 19:15"
        },
        {
            "comment id": 33,
            "parent": -1,
            "children": [],
            "user id": "5483649444",
            "user name": "Lili--JUL",
            "content": "我脸大适合什么发型",
            "time": "15-4-20 19:02"
        },
        {
            "comment id": 34,
            "parent": -1,
            "children": [],
            "user id": "2434002323",
            "user name": "王姑娘12275588",
            "content": "@我的伙伴是极品",
            "time": "15-4-20 18:44"
        },
        {
            "comment id": 35,
            "parent": -1,
            "children": [],
            "user id": "3518953573",
            "user name": "白木之幺",
            "content": "@Self-Liv: 本店独售，别无它处，最新潮流服饰，更有炫酷情侣装网页链接",
            "time": "15-4-20 18:38"
        },
        {
            "comment id": 36,
            "parent": -1,
            "children": [],
            "user id": "5495505301",
            "user name": "Bab1oKy娟z",
            "content": "我的大脸弄什么㊧头发好呢",
            "time": "15-4-20 18:29"
        },
        {
            "comment id": 37,
            "parent": -1,
            "children": [],
            "user id": "2465136725",
            "user name": "杨丹莹85",
            "content": "好吧 我去剪头发去😓",
            "time": "15-4-20 18:27"
        },
        {
            "comment id": 38,
            "parent": -1,
            "children": [],
            "user id": "2259011357",
            "user name": "陪丹尼斯渡过漫长岁月",
            "content": "非常同意",
            "time": "15-4-20 18:27"
        },
        {
            "comment id": 39,
            "parent": -1,
            "children": [],
            "user id": "2419390377",
            "user name": "生活护肤品_134",
            "content": "理发还有这功能？[噢耶][崩溃]",
            "time": "15-4-20 18:22"
        },
        {
            "comment id": 40,
            "parent": -1,
            "children": [],
            "user id": "2547756863",
            "user name": "misukiich",
            "content": "以后心情不好就去理发",
            "time": "15-4-20 18:09"
        },
        {
            "comment id": 41,
            "parent": -1,
            "children": [],
            "user id": "5460214245",
            "user name": "煨呀嘛煨年糕",
            "content": "会狂怒",
            "time": "15-4-20 18:09"
        },
        {
            "comment id": 42,
            "parent": -1,
            "children": [],
            "user id": "5285183194",
            "user name": "芒里偷闲啊",
            "content": "难道这就是女生时间剪头发的原因么",
            "time": "15-4-20 18:08"
        },
        {
            "comment id": 43,
            "parent": -1,
            "children": [],
            "user id": "2897822815",
            "user name": "我收你嘛",
            "content": "长脸的人中分好α不好看",
            "time": "15-4-20 17:52"
        },
        {
            "comment id": 44,
            "parent": -1,
            "children": [],
            "user id": "2245021870",
            "user name": "eden4real",
            "content": "回复@Erica_JG:哈哈",
            "time": "15-4-20 17:31"
        },
        {
            "comment id": 45,
            "parent": -1,
            "children": [],
            "user id": "2693202101",
            "user name": "长颈鹿迷妹_",
            "content": "我就是这样的[呵呵]",
            "time": "15-4-20 17:28"
        },
        {
            "comment id": 46,
            "parent": -1,
            "children": [],
            "user id": "2800250965",
            "user name": "6黄_图9",
            "content": "真的有一个理发的冲动",
            "time": "15-4-20 17:24"
        },
        {
            "comment id": 47,
            "parent": -1,
            "children": [],
            "user id": "1840335662",
            "user name": "----------zane-------------",
            "content": "剪前是忧郁，剪后是抑郁啊",
            "time": "15-4-20 17:22"
        },
        {
            "comment id": 48,
            "parent": -1,
            "children": [],
            "user id": "2323157155",
            "user name": "唐彩秋",
            "content": "换种发型，换种心情",
            "time": "15-4-20 17:15"
        },
        {
            "comment id": 49,
            "parent": -1,
            "children": [],
            "user id": "3136382623",
            "user name": "卡卡不是踢球的",
            "content": "@Elite_LZ 如果所有人都这样，就都秃了，满世界的郭达",
            "time": "15-4-20 17:15"
        },
        {
            "comment id": 50,
            "parent": -1,
            "children": [],
            "user id": "3527025071",
            "user name": "晨小总依旧逼格很高",
            "content": "@吕小侠学粤语的神马 理科生果然讲究科学",
            "time": "15-4-20 17:13"
        },
        {
            "comment id": 51,
            "parent": -1,
            "children": [],
            "user id": "2397406927",
            "user name": "梦稳心安TYH",
            "content": "@cheese2pasta",
            "time": "15-4-20 17:12"
        },
        {
            "comment id": 52,
            "parent": -1,
            "children": [],
            "user id": "5019556777",
            "user name": "越奔跑越青春",
            "content": "想剪短发可是没勇气呢",
            "time": "15-4-20 17:11"
        },
        {
            "comment id": 53,
            "parent": -1,
            "children": [],
            "user id": "1997932773",
            "user name": "昵洛",
            "content": "同意的不能再同意了！",
            "time": "15-4-20 17:08"
        },
        {
            "comment id": 54,
            "parent": -1,
            "children": [],
            "user id": "2080979553",
            "user name": "立夏-咯",
            "content": "剪完后看着镜子里的那一瞬间，心情就不好了",
            "time": "15-4-20 17:02"
        },
        {
            "comment id": 55,
            "parent": -1,
            "children": [],
            "user id": "3262827535",
            "user name": "落雨吻云_949",
            "content": "看来你对理发有一定的研究",
            "time": "15-4-20 16:55"
        },
        {
            "comment id": 56,
            "parent": -1,
            "children": [],
            "user id": "2380635025",
            "user name": "叮叮同学要努力",
            "content": "怪不得每次一去理发店就想睡觉",
            "time": "15-4-20 16:51"
        },
        {
            "comment id": 57,
            "parent": -1,
            "children": [],
            "user id": "5591566348",
            "user name": "怎么回事老有人注册",
            "content": "心情再不好也不要剪头发",
            "time": "15-4-20 16:48"
        },
        {
            "comment id": 58,
            "parent": -1,
            "children": [],
            "user id": "2948769160",
            "user name": "我找我的小括号",
            "content": "果然我每次心情不好就剪头发是有科学依据的！ ",
            "time": "15-4-20 16:43"
        },
        {
            "comment id": 59,
            "parent": -1,
            "children": [],
            "user id": "2470255771",
            "user name": "SLT--",
            "content": "@林贤庄是我的",
            "time": "15-4-20 16:43"
        },
        {
            "comment id": 60,
            "parent": -1,
            "children": [],
            "user id": "5486328091",
            "user name": "GiGdi在英国可以代购一切",
            "content": "原来理发可以调节心情呢[呵呵]",
            "time": "15-4-20 16:43"
        },
        {
            "comment id": 61,
            "parent": -1,
            "children": [],
            "user id": "2805734253",
            "user name": "那就叫豌豆吧",
            "content": "情绪好个P啊，一直叫你办卡办套餐染头发做做做",
            "time": "15-4-20 16:37"
        },
        {
            "comment id": 62,
            "parent": -1,
            "children": [],
            "user id": "1775135894",
            "user name": "-lllnfnf",
            "content": "原来是有科学依据的✂️✂️✂️",
            "time": "15-4-20 16:35"
        },
        {
            "comment id": 63,
            "parent": -1,
            "children": [],
            "user id": "5130474749",
            "user name": "牛老师的日常",
            "content": "[不好意思][不好意思][不好意思]严重同意〒_〒",
            "time": "15-4-20 16:33"
        },
        {
            "comment id": 64,
            "parent": -1,
            "children": [],
            "user id": "2491081954",
            "user name": "She_Is鱼鱼",
            "content": "剪完头发以后那半个月有你烦的",
            "time": "15-4-20 16:29"
        },
        {
            "comment id": 65,
            "parent": -1,
            "children": [],
            "user id": "1948043801",
            "user name": "严勤实活-蔡子俊",
            "content": "@汝君Yuri",
            "time": "15-4-20 16:26"
        },
        {
            "comment id": 66,
            "parent": -1,
            "children": [],
            "user id": "1657617247",
            "user name": "光影涛声",
            "content": "@奋斗的女子汉 是吧，我就是这样做的！",
            "time": "15-4-20 16:25"
        },
        {
            "comment id": 67,
            "parent": -1,
            "children": [],
            "user id": "5079852377",
            "user name": "吃酸不吃小酸酸",
            "content": "@戴海军帽的老头儿 老实不要短呢剪  方便以后",
            "time": "15-4-20 16:25"
        },
        {
            "comment id": 68,
            "parent": -1,
            "children": [],
            "user id": "2645202335",
            "user name": "Rowling戴",
            "content": "剪完后心情就彻底跌落谷底了",
            "time": "15-4-20 16:21"
        },
        {
            "comment id": 69,
            "parent": -1,
            "children": [],
            "user id": "2174058451",
            "user name": "爱德华奇趣记",
            "content": "有道理，想当初我就是世界杯巴西惨败之后理的发",
            "time": "15-4-20 16:21"
        },
        {
            "comment id": 70,
            "parent": -1,
            "children": [],
            "user id": "1738231011",
            "user name": "Bigtreeman",
            "content": "回复@爱玛和奶茶:。。。",
            "time": "15-4-20 16:21"
        },
        {
            "comment id": 71,
            "parent": -1,
            "children": [],
            "user id": "1885475041",
            "user name": "未知另一种平静",
            "content": "我就是！",
            "time": "15-4-20 16:20"
        },
        {
            "comment id": 72,
            "parent": -1,
            "children": [],
            "user id": "2295112314",
            "user name": "洁_酱酱酱",
            "content": "@无名指滴约定 下次我又让你生气了你就去剪头发",
            "time": "15-4-20 16:18"
        },
        {
            "comment id": 73,
            "parent": -1,
            "children": [],
            "user id": "5538980489",
            "user name": "羽化成甄",
            "content": "怪不得我头发总留不长",
            "time": "15-4-20 16:18"
        },
        {
            "comment id": 74,
            "parent": -1,
            "children": [],
            "user id": "1894503307",
            "user name": "赵燃燃Rulia",
            "content": "@姜寳先生 可是你剪完心情更不好了~",
            "time": "15-4-20 16:17"
        },
        {
            "comment id": 75,
            "parent": -1,
            "children": [],
            "user id": "3107240915",
            "user name": "LS--君",
            "content": "那得要牺牲多少头发啊",
            "time": "15-4-20 16:17"
        },
        {
            "comment id": 76,
            "parent": -1,
            "children": [],
            "user id": "1896948417",
            "user name": "我有了哈密瓜哈密瓜也有了我",
            "content": "剪完后 心情应该是升级版的",
            "time": "15-4-20 16:17"
        },
        {
            "comment id": 77,
            "parent": -1,
            "children": [],
            "user id": "3889159217",
            "user name": "暗喵势力",
            "content": "剪毁之后更不爽，剪发一次傻半月",
            "time": "15-4-20 16:17"
        },
        {
            "comment id": 78,
            "parent": -1,
            "children": [],
            "user id": "1785909263",
            "user name": "豆儿豆豆",
            "content": "下次心情不好就去修理头发@向贞燕00",
            "time": "15-4-20 16:16"
        },
        {
            "comment id": 79,
            "parent": -1,
            "children": [],
            "user id": "1803916253",
            "user name": "桃子炸不炸",
            "content": "跟你们说嘛 这是科学的",
            "time": "15-4-20 16:15"
        }
    ]
}