{
    "source": {
        "content": "【时间概念】刹那、弹指或瞬间到底是多长时间。《僧祇律》记载：1剎那者为1念，20念为1瞬，20瞬为1弹指，20弹指为1罗预，20罗预为1须臾，1日1夜有30须臾。换算结果：须臾＝48分钟，弹指＝7.2秒，瞬间＝0.36秒，剎那＝1念＝0.018秒。须臾>弹指>瞬间>刹那=1念。（转）  ",
        "time": "15-4-20 14:30",
        "user id": "1642512402",
        "tweet id": "Ce8YNj6qP",
        "label": 0,
        "theme": "文体娱乐"
    },
    "comment": [
        {
            "comment id": 0,
            "parent": -1,
            "children": [],
            "user id": "3517100523",
            "user name": "小阴谋家DCC",
            "content": "马。据室友普及1念也可以是1单位普朗克时间，即10^-43秒。然后我觉得那些数字也许是约数比如经常出现的【八万四千】啥的ovo//@枫澈--不忘初心: 转发微博",
            "time": "15-4-27 17:06"
        },
        {
            "comment id": 1,
            "parent": -1,
            "children": [],
            "user id": "3191707314",
            "user name": "MAX-夢话",
            "content": "那么问题来了！顷刻间是在哪个词之间呢？[许愿][许愿][许愿]",
            "time": "15-4-21 21:51"
        },
        {
            "comment id": 2,
            "parent": -1,
            "children": [],
            "user id": "1828001320",
            "user name": "被看穿恐惧症患者",
            "content": "@涅槃之翼的自留地",
            "time": "15-4-21 15:41"
        },
        {
            "comment id": 3,
            "parent": -1,
            "children": [],
            "user id": "5384784156",
            "user name": "年少更无知",
            "content": "@中国新闻周刊 打错字了。记载后面的刹字多了一点！！！！！",
            "time": "15-4-21 09:08"
        },
        {
            "comment id": 4,
            "parent": -1,
            "children": [],
            "user id": "2492071992",
            "user name": "折羽天使2012",
            "content": "终于有一个明确的概念了",
            "time": "15-4-21 08:14"
        },
        {
            "comment id": 5,
            "parent": -1,
            "children": [],
            "user id": "2155949983",
            "user name": "一拉-罐",
            "content": "其实呢，人家说的弹指就是弹脑瓜嘣！因为要续力才能弹的疼啊！出家人就是腹黑！",
            "time": "15-4-20 23:59"
        },
        {
            "comment id": 6,
            "parent": -1,
            "children": [],
            "user id": "1449711423",
            "user name": "Lumina68",
            "content": "哦(⊙o⊙)哦 原来如此",
            "time": "15-4-20 21:55"
        },
        {
            "comment id": 7,
            "parent": -1,
            "children": [],
            "user id": "5532425672",
            "user name": "那些年背过的文章",
            "content": "记下，涨知识了~",
            "time": "15-4-20 21:03"
        },
        {
            "comment id": 8,
            "parent": -1,
            "children": [],
            "user id": "3094574623",
            "user name": "六月_Wan",
            "content": "回复@伊佳_JIAJIA:我不看我不算",
            "time": "15-4-20 20:20"
        },
        {
            "comment id": 9,
            "parent": -1,
            "children": [],
            "user id": "2035095111",
            "user name": "付东霓",
            "content": "转发微博",
            "time": "15-4-20 19:54"
        },
        {
            "comment id": 10,
            "parent": -1,
            "children": [],
            "user id": "1297917271",
            "user name": "生存以上5生活以下",
            "content": "",
            "time": "15-4-20 19:47"
        },
        {
            "comment id": 11,
            "parent": -1,
            "children": [],
            "user id": "2320790093",
            "user name": "风雪夜归_喜",
            "content": "弹指原来是慢镜头",
            "time": "15-4-20 19:34"
        },
        {
            "comment id": 12,
            "parent": -1,
            "children": [],
            "user id": "3518953573",
            "user name": "白木之幺",
            "content": "@Self-Liv: 本店独售，别无它处，最新潮流服饰，更有炫酷情侣装网页链接",
            "time": "15-4-20 18:37"
        },
        {
            "comment id": 13,
            "parent": -1,
            "children": [],
            "user id": "2709424203",
            "user name": "小sparrow",
            "content": "涨知识了",
            "time": "15-4-20 17:21"
        },
        {
            "comment id": 14,
            "parent": -1,
            "children": [],
            "user id": "3602953160",
            "user name": "追梦赤子心8023",
            "content": "看到这里！！一念间！！转！！！ //@西安市纪委监察局:知道真相后一念间转起",
            "time": "15-4-20 17:02"
        },
        {
            "comment id": 15,
            "parent": -1,
            "children": [],
            "user id": "1499015544",
            "user name": "晏扬",
            "content": "西方人把时间当做科学，中国人把时间当做文学。",
            "time": "15-4-20 17:00"
        },
        {
            "comment id": 16,
            "parent": -1,
            "children": [],
            "user id": "2435900677",
            "user name": "一升白开水5克糖",
            "content": "涨姿势",
            "time": "15-4-20 16:35"
        },
        {
            "comment id": 17,
            "parent": -1,
            "children": [],
            "user id": "5405985368",
            "user name": "我不是大神321",
            "content": "和尚弹一下手指要7.2秒",
            "time": "15-4-20 16:29"
        },
        {
            "comment id": 18,
            "parent": -1,
            "children": [],
            "user id": "3211966414",
            "user name": "满船清梦伴星河",
            "content": "回复@葛大爷坐马车:我对你的作息时间感到。。。。。。。。。。。。。。。",
            "time": "15-4-20 16:25"
        },
        {
            "comment id": 19,
            "parent": -1,
            "children": [],
            "user id": "3065830541",
            "user name": "wmmwyhcj",
            "content": "回复@流泪de鱼---:阿姨，我要睡觉了，不要欺负小孩子~",
            "time": "15-4-20 16:22"
        },
        {
            "comment id": 20,
            "parent": -1,
            "children": [],
            "user id": "3211966414",
            "user name": "满船清梦伴星河",
            "content": "回复@葛大爷坐马车:嘿，我看你很有慧根，那就替我讲课吧~~~",
            "time": "15-4-20 16:21"
        },
        {
            "comment id": 21,
            "parent": -1,
            "children": [],
            "user id": "3924226625",
            "user name": "请叫我蜀黍2333",
            "content": "瞬间涨姿势",
            "time": "15-4-20 16:20"
        },
        {
            "comment id": 22,
            "parent": -1,
            "children": [],
            "user id": "2721678023",
            "user name": "科力医疗",
            "content": "时间概念[呵呵]",
            "time": "15-4-20 16:17"
        },
        {
            "comment id": 23,
            "parent": -1,
            "children": [],
            "user id": "1943015802",
            "user name": "你说的粉是什么PINK",
            "content": "三十二兆百千念",
            "time": "15-4-20 16:15"
        },
        {
            "comment id": 24,
            "parent": -1,
            "children": [],
            "user id": "5485139412",
            "user name": "思想主宰一切",
            "content": "长知识了。",
            "time": "15-4-20 16:14"
        },
        {
            "comment id": 25,
            "parent": -1,
            "children": [],
            "user id": "3743907430",
            "user name": "没有梦想的徐小姐在做梦",
            "content": "那一念生一念死，怎么个说法？",
            "time": "15-4-20 16:12"
        },
        {
            "comment id": 26,
            "parent": -1,
            "children": [],
            "user id": "2472382061",
            "user name": "枫叶dlz",
            "content": "时间……",
            "time": "15-4-20 16:12"
        },
        {
            "comment id": 27,
            "parent": -1,
            "children": [],
            "user id": "5509811968",
            "user name": "钟宝申",
            "content": "然而知道这个东西，并没有什么卵用",
            "time": "15-4-20 16:08"
        },
        {
            "comment id": 28,
            "parent": -1,
            "children": [],
            "user id": "2746808497",
            "user name": "歪理牙",
            "content": "。。。",
            "time": "15-4-20 16:07"
        },
        {
            "comment id": 29,
            "parent": -1,
            "children": [],
            "user id": "1666909931",
            "user name": "Rsuru",
            "content": "弹指咋那么久呢",
            "time": "15-4-20 16:05"
        },
        {
            "comment id": 30,
            "parent": -1,
            "children": [],
            "user id": "1894957913",
            "user name": "静夜无语2015",
            "content": "转发微博",
            "time": "15-4-20 16:05"
        },
        {
            "comment id": 31,
            "parent": -1,
            "children": [],
            "user id": "1949511251",
            "user name": "震哈哈的新开始",
            "content": "我试着弹了下手指，可是7.2秒也太长了。😪",
            "time": "15-4-20 16:04"
        },
        {
            "comment id": 32,
            "parent": -1,
            "children": [],
            "user id": "3065830541",
            "user name": "wmmwyhcj",
            "content": "回复@流泪de鱼---:顺应你课潮流~",
            "time": "15-4-20 16:03"
        },
        {
            "comment id": 33,
            "parent": -1,
            "children": [],
            "user id": "1456338527",
            "user name": "航子-饭",
            "content": "我信了",
            "time": "15-4-20 16:03"
        },
        {
            "comment id": 34,
            "parent": -1,
            "children": [],
            "user id": "1218238445",
            "user name": "太-平洋",
            "content": "时间和空间的概念皆为人定，一日夜按现在算是24小时，焉知佛在世时，一日夜的时间刻度？本来就无时空，现代人为了统一度量，便定制了这些标度，阿弥陀佛。",
            "time": "15-4-20 16:00"
        },
        {
            "comment id": 35,
            "parent": -1,
            "children": [],
            "user id": "1813862467",
            "user name": "美女的事要你管啊",
            "content": "善恶一念间，刹那好坏分；弹指一挥间，瞬间眨眼过。",
            "time": "15-4-20 15:56"
        },
        {
            "comment id": 36,
            "parent": -1,
            "children": [],
            "user id": "2469959001",
            "user name": "我是那个郭小村",
            "content": "涨知识",
            "time": "15-4-20 15:54"
        },
        {
            "comment id": 37,
            "parent": -1,
            "children": [],
            "user id": "2447305261",
            "user name": "伊佳_JIAJIA",
            "content": "@Exclusive-JIAJIA ",
            "time": "15-4-20 15:53"
        },
        {
            "comment id": 38,
            "parent": -1,
            "children": [],
            "user id": "3002685413",
            "user name": "Cyril云",
            "content": "弹指间又涨姿势了！瞬间决定转发！",
            "time": "15-4-20 15:52"
        },
        {
            "comment id": 39,
            "parent": -1,
            "children": [],
            "user id": "1790336397",
            "user name": "你看起来很下饭鸭",
            "content": "那你说说”弹指瞬间“是多少秒",
            "time": "15-4-20 15:52"
        },
        {
            "comment id": 40,
            "parent": -1,
            "children": [],
            "user id": "2954493042",
            "user name": "chickchick_ying",
            "content": "回复@儀儀儀儀儀心:",
            "time": "15-4-20 15:48"
        },
        {
            "comment id": 41,
            "parent": -1,
            "children": [],
            "user id": "1649907330",
            "user name": "修改不了的ID",
            "content": "突然觉得好没时间概念",
            "time": "15-4-20 15:46"
        },
        {
            "comment id": 42,
            "parent": -1,
            "children": [],
            "user id": "3940911530",
            "user name": "将爱留下18",
            "content": "涨知识了",
            "time": "15-4-20 15:46"
        },
        {
            "comment id": 43,
            "parent": -1,
            "children": [],
            "user id": "2491249851",
            "user name": "tinnyoo",
            "content": "： ＋Q ：1015048653痘消了~~~",
            "time": "15-4-20 15:46"
        },
        {
            "comment id": 44,
            "parent": -1,
            "children": [],
            "user id": "3849519281",
            "user name": "汶水邨夫",
            "content": "佛说，太牛了！",
            "time": "15-4-20 15:45"
        },
        {
            "comment id": 45,
            "parent": -1,
            "children": [],
            "user id": "2758825331",
            "user name": "越筱叻",
            "content": "科普",
            "time": "15-4-20 15:45"
        },
        {
            "comment id": 46,
            "parent": -1,
            "children": [],
            "user id": "5267940824",
            "user name": "百草荆棘",
            "content": "去年买了个计算机",
            "time": "15-4-20 15:43"
        },
        {
            "comment id": 47,
            "parent": -1,
            "children": [],
            "user id": "5538121496",
            "user name": "孤独的踏入遥远的彼方",
            "content": "不明觉历",
            "time": "15-4-20 15:43"
        },
        {
            "comment id": 48,
            "parent": -1,
            "children": [],
            "user id": "2912462210",
            "user name": "Shirleneyim-",
            "content": "跪！",
            "time": "15-4-20 15:42"
        },
        {
            "comment id": 49,
            "parent": -1,
            "children": [],
            "user id": "5559989399",
            "user name": "婧婧啊哈152136",
            "content": "什么极拔玩意",
            "time": "15-4-20 15:41"
        },
        {
            "comment id": 50,
            "parent": -1,
            "children": [],
            "user id": "1430537604",
            "user name": "迪斯尼ABC",
            "content": "精确新闻学",
            "time": "15-4-20 15:41"
        },
        {
            "comment id": 51,
            "parent": -1,
            "children": [],
            "user id": "1671439660",
            "user name": "狩猎party",
            "content": "你弹个7.2秒的指给我看看",
            "time": "15-4-20 15:40"
        },
        {
            "comment id": 52,
            "parent": -1,
            "children": [],
            "user id": "1582151004",
            "user name": "王金萍空间",
            "content": "转发微博",
            "time": "15-4-20 15:39"
        },
        {
            "comment id": 53,
            "parent": -1,
            "children": [],
            "user id": "2009640971",
            "user name": "须臾类",
            "content": "",
            "time": "15-4-20 15:39"
        },
        {
            "comment id": 54,
            "parent": -1,
            "children": [],
            "user id": "2216695067",
            "user name": "w如鹿渴慕溪水w",
            "content": "",
            "time": "15-4-20 15:37"
        },
        {
            "comment id": 55,
            "parent": -1,
            "children": [],
            "user id": "1911603112",
            "user name": "夜未眠iory",
            "content": "学习了！",
            "time": "15-4-20 15:36"
        },
        {
            "comment id": 56,
            "parent": -1,
            "children": [],
            "user id": "1867754755",
            "user name": "隔壁家的不熊孩子",
            "content": "@chickchick_ying",
            "time": "15-4-20 15:33"
        },
        {
            "comment id": 57,
            "parent": -1,
            "children": [],
            "user id": "1670124761",
            "user name": "韩风小屋店",
            "content": "长知识liao",
            "time": "15-4-20 15:33"
        },
        {
            "comment id": 58,
            "parent": -1,
            "children": [],
            "user id": "1132286985",
            "user name": "郭珉",
            "content": "谁发明的？",
            "time": "15-4-20 15:33"
        },
        {
            "comment id": 59,
            "parent": -1,
            "children": [],
            "user id": "3178491363",
            "user name": "快乐铭实不乐",
            "content": "学习了。",
            "time": "15-4-20 15:29"
        },
        {
            "comment id": 60,
            "parent": -1,
            "children": [],
            "user id": "3103656184",
            "user name": "景行不至",
            "content": "随便发个呆神游一下，一须臾就过去了。。。",
            "time": "15-4-20 15:28"
        },
        {
            "comment id": 61,
            "parent": -1,
            "children": [],
            "user id": "3763690673",
            "user name": "洛阳美食频道",
            "content": "木有。。迟到是常事。//@洛阳明堂: 爱卿们，时间概念你有吗？",
            "time": "15-4-20 15:21"
        },
        {
            "comment id": 62,
            "parent": -1,
            "children": [],
            "user id": "1834893031",
            "user name": "半街小帅",
            "content": "不能说弹指一挥间了，7.2秒才弹一指明显是残疾人",
            "time": "15-4-20 15:21"
        },
        {
            "comment id": 63,
            "parent": -1,
            "children": [],
            "user id": "5157805413",
            "user name": "Sleep星人",
            "content": "涨姿势！",
            "time": "15-4-20 15:20"
        },
        {
            "comment id": 64,
            "parent": -1,
            "children": [],
            "user id": "2540187454",
            "user name": "2s99",
            "content": "",
            "time": "15-4-20 15:14"
        },
        {
            "comment id": 65,
            "parent": -1,
            "children": [],
            "user id": "5453909523",
            "user name": "西安纪检监察",
            "content": "知道真相后一念间转起",
            "time": "15-4-20 15:12"
        },
        {
            "comment id": 66,
            "parent": -1,
            "children": [],
            "user id": "1900474712",
            "user name": "Singular71",
            "content": "此弹指一定是用来脑门的，用7.2秒集气蓄力",
            "time": "15-4-20 15:12"
        },
        {
            "comment id": 67,
            "parent": -1,
            "children": [],
            "user id": "1424185061",
            "user name": "ZAMAI",
            "content": "再也不说弹指一挥间了7.2秒弹指明显有残疾",
            "time": "15-4-20 15:11"
        },
        {
            "comment id": 68,
            "parent": -1,
            "children": [],
            "user id": "3211966414",
            "user name": "满船清梦伴星河",
            "content": "回复@葛大爷坐马车:你最近老给我发佛教知识是想怎样？[挖鼻屎]",
            "time": "15-4-20 15:11"
        },
        {
            "comment id": 69,
            "parent": -1,
            "children": [],
            "user id": "1904515113",
            "user name": "无喜无悲anyway",
            "content": "这才是长知识。",
            "time": "15-4-20 15:04"
        },
        {
            "comment id": 70,
            "parent": -1,
            "children": [],
            "user id": "1750179031",
            "user name": "我是一枝蜀都的小桃花",
            "content": "😁涨姿势可以写诗@Freya就是我我就是Freya ",
            "time": "15-4-20 15:02"
        },
        {
            "comment id": 71,
            "parent": -1,
            "children": [],
            "user id": "1929429315",
            "user name": "中华儿慈会",
            "content": "泪流满面，还是好好珍惜时间吧",
            "time": "15-4-20 14:58"
        },
        {
            "comment id": 72,
            "parent": -1,
            "children": [],
            "user id": "5565687798",
            "user name": "加州5565687798",
            "content": "@",
            "time": "15-4-20 14:58"
        },
        {
            "comment id": 73,
            "parent": -1,
            "children": [],
            "user id": "5046611275",
            "user name": "西安嘉诺餐饮小吃培训",
            "content": "[泪流满面]",
            "time": "15-4-20 14:57"
        },
        {
            "comment id": 74,
            "parent": -1,
            "children": [],
            "user id": "1287193553",
            "user name": "陈志伦",
            "content": "“吾尝终日而思矣，不如须臾之所学也。”差不多一堂课的功夫",
            "time": "15-4-20 14:51"
        },
        {
            "comment id": 75,
            "parent": -1,
            "children": [],
            "user id": "5303602758",
            "user name": "兔败败",
            "content": "@涩恒",
            "time": "15-4-20 14:51"
        },
        {
            "comment id": 76,
            "parent": -1,
            "children": [],
            "user id": "3065830541",
            "user name": "wmmwyhcj",
            "content": "@流泪de鱼---",
            "time": "15-4-20 14:51"
        },
        {
            "comment id": 77,
            "parent": -1,
            "children": [],
            "user id": "1828812031",
            "user name": "洪涛-YJ",
            "content": "",
            "time": "15-4-20 14:46"
        },
        {
            "comment id": 78,
            "parent": -1,
            "children": [],
            "user id": "5581920392",
            "user name": "谦虚的九哥",
            "content": "吃饱没事干，哎！洒罗柒。",
            "time": "15-4-20 14:46"
        },
        {
            "comment id": 79,
            "parent": -1,
            "children": [],
            "user id": "1805444947",
            "user name": "NicolasJunPitt",
            "content": "疯了",
            "time": "15-4-20 14:45"
        }
    ]
}