{
    "source": {
        "content": "八种不同的奶油蛋糕挤花，赶紧收走找个时间试试吧！ by实用小百科 ",
        "time": "15-4-20 15:00",
        "user id": "1642512402",
        "tweet id": "Ce9aPtNJr",
        "label": 0,
        "theme": "文体娱乐"
    },
    "comment": [
        {
            "comment id": 0,
            "parent": -1,
            "children": [],
            "user id": "2487912012",
            "user name": "彭锐妞妞",
            "content": "回复@ysy素玉:刚刚看到，好久都没上微博了。改天我去试试。",
            "time": "15-5-4 09:04"
        },
        {
            "comment id": 1,
            "parent": -1,
            "children": [],
            "user id": "2271382984",
            "user name": "我祥要的很简单",
            "content": "@扑蝴蝶的小野猫",
            "time": "15-4-26 21:55"
        },
        {
            "comment id": 2,
            "parent": -1,
            "children": [],
            "user id": "1306998111",
            "user name": "SS豆包儿",
            "content": "回复@Carolyn_Zh:我看了半天就在研究技术性问题 要我弄 我怎么弄",
            "time": "15-4-23 09:47"
        },
        {
            "comment id": 3,
            "parent": -1,
            "children": [],
            "user id": "2681787114",
            "user name": "Ruben_Q",
            "content": "明明是7种！！",
            "time": "15-4-22 16:17"
        },
        {
            "comment id": 4,
            "parent": -1,
            "children": [],
            "user id": "2246748335",
            "user name": "娇---------",
            "content": "好想吃",
            "time": "15-4-21 18:07"
        },
        {
            "comment id": 5,
            "parent": -1,
            "children": [],
            "user id": "1689660502",
            "user name": "autumnalike_",
            "content": "回复@年轮AR:收！！😘😘😘",
            "time": "15-4-21 17:31"
        },
        {
            "comment id": 6,
            "parent": -1,
            "children": [],
            "user id": "1277812872",
            "user name": "年轮AR",
            "content": "@autumnalike_ [花心]",
            "time": "15-4-21 17:19"
        },
        {
            "comment id": 7,
            "parent": -1,
            "children": [],
            "user id": "1583755653",
            "user name": "ZHANGYUUZ",
            "content": "回复@兔吱吱吱吱吱:我也是！",
            "time": "15-4-21 10:34"
        },
        {
            "comment id": 8,
            "parent": -1,
            "children": [],
            "user id": "1587814317",
            "user name": "JIAJIA·L",
            "content": "回复@ZHANGYUUZ:这个看得我停不下来 感觉好爽",
            "time": "15-4-21 09:16"
        },
        {
            "comment id": 9,
            "parent": -1,
            "children": [],
            "user id": "1583755653",
            "user name": "ZHANGYUUZ",
            "content": "@兔吱吱吱吱吱",
            "time": "15-4-21 08:53"
        },
        {
            "comment id": 10,
            "parent": -1,
            "children": [],
            "user id": "3140914113",
            "user name": "往着太阳微笑",
            "content": "回复@大小妮:萌宝做！",
            "time": "15-4-20 23:47"
        },
        {
            "comment id": 11,
            "parent": -1,
            "children": [],
            "user id": "1735613593",
            "user name": "随风而来的玛丽-波平斯阿姨",
            "content": "回复@婆罗门丸子爱黑袜:[花心][花心][花心]我要吃",
            "time": "15-4-20 23:10"
        },
        {
            "comment id": 12,
            "parent": -1,
            "children": [],
            "user id": "2094029934",
            "user name": "brotherhei",
            "content": "回复@Pezzettino_c:我去 这太简单了，今天又去采购了一大堆烘焙用品，快了快了",
            "time": "15-4-20 22:40"
        },
        {
            "comment id": 13,
            "parent": -1,
            "children": [],
            "user id": "3016903241",
            "user name": "好-多-yu",
            "content": "@彭锐妞妞",
            "time": "15-4-20 22:13"
        },
        {
            "comment id": 14,
            "parent": -1,
            "children": [],
            "user id": "1775756093",
            "user name": "AL成成耶",
            "content": "@舞机君_",
            "time": "15-4-20 21:26"
        },
        {
            "comment id": 15,
            "parent": -1,
            "children": [],
            "user id": "3127026951",
            "user name": "十一听雪碧",
            "content": "回复@穿越时空的少女与被封印的少年派:GET",
            "time": "15-4-20 21:09"
        },
        {
            "comment id": 16,
            "parent": -1,
            "children": [],
            "user id": "2006874943",
            "user name": "星星环绕月亮sweet耶",
            "content": "回复@兔子有虎牙:我在吃烤串",
            "time": "15-4-20 20:35"
        },
        {
            "comment id": 17,
            "parent": -1,
            "children": [],
            "user id": "1628603851",
            "user name": "兔子有虎牙",
            "content": "@要一百个面包的小兔子 不能苦我一个…",
            "time": "15-4-20 19:53"
        },
        {
            "comment id": 18,
            "parent": -1,
            "children": [],
            "user id": "2950866405",
            "user name": "夏天你慢慢走",
            "content": "那最后一哆嗦嘎嘎嘎",
            "time": "15-4-20 19:10"
        },
        {
            "comment id": 19,
            "parent": -1,
            "children": [],
            "user id": "1865398667",
            "user name": "Tina_小敏",
            "content": "哈哈哈哈看得真爽",
            "time": "15-4-20 19:08"
        },
        {
            "comment id": 20,
            "parent": -1,
            "children": [],
            "user id": "1828597080",
            "user name": "痞勒个熊小灭",
            "content": "回复@sweet想大家回来:😂😂😂我看到了觉得都好麻烦的！",
            "time": "15-4-20 18:58"
        },
        {
            "comment id": 21,
            "parent": -1,
            "children": [],
            "user id": "2796582761",
            "user name": "EmbracePermanently",
            "content": "第四个亮了",
            "time": "15-4-20 18:49"
        },
        {
            "comment id": 22,
            "parent": -1,
            "children": [],
            "user id": "1881425517",
            "user name": "-moffe",
            "content": "回复@阿琛u:",
            "time": "15-4-20 18:49"
        },
        {
            "comment id": 23,
            "parent": -1,
            "children": [],
            "user id": "2154788114",
            "user name": "666修改昵称ing",
            "content": "@Yungyansss [许愿]",
            "time": "15-4-20 18:40"
        },
        {
            "comment id": 24,
            "parent": -1,
            "children": [],
            "user id": "1970353633",
            "user name": "xin琨仔",
            "content": "回复@木齿:第四个有点像shi",
            "time": "15-4-20 18:05"
        },
        {
            "comment id": 25,
            "parent": -1,
            "children": [],
            "user id": "2435440493",
            "user name": "ORiGiNalDavid",
            "content": "回复@葭梓:好的",
            "time": "15-4-20 18:00"
        },
        {
            "comment id": 26,
            "parent": -1,
            "children": [],
            "user id": "3994140515",
            "user name": "陈南门-",
            "content": "回复@一株不开花的植物:呜呜呜 我是手残星人  打冰淇淋我都不会－ －",
            "time": "15-4-20 17:47"
        },
        {
            "comment id": 27,
            "parent": -1,
            "children": [],
            "user id": "1752197937",
            "user name": "雯雯Super",
            "content": "看着好爽",
            "time": "15-4-20 17:28"
        },
        {
            "comment id": 28,
            "parent": -1,
            "children": [],
            "user id": "2924334494",
            "user name": "奶味百利甜-",
            "content": "@帅到想舔屏 艾特减肥的你 和减肥失败的我共勉",
            "time": "15-4-20 17:27"
        },
        {
            "comment id": 29,
            "parent": -1,
            "children": [],
            "user id": "3120216263",
            "user name": "up只up只",
            "content": "关键是裱花嘴不一样[挖鼻屎]",
            "time": "15-4-20 17:23"
        },
        {
            "comment id": 30,
            "parent": -1,
            "children": [],
            "user id": "2161975883",
            "user name": "苏梦芸afish",
            "content": "腻",
            "time": "15-4-20 17:22"
        },
        {
            "comment id": 31,
            "parent": -1,
            "children": [],
            "user id": "5367538252",
            "user name": "冬冬冬瓜西西西瓜",
            "content": "关键是要有奶油",
            "time": "15-4-20 17:21"
        },
        {
            "comment id": 32,
            "parent": -1,
            "children": [],
            "user id": "2280081385",
            "user name": "隔壁女校-郑紫琪",
            "content": "回复@Sisioooooo:好想吃！",
            "time": "15-4-20 17:12"
        },
        {
            "comment id": 33,
            "parent": -1,
            "children": [],
            "user id": "1650203670",
            "user name": "好好爱生活111",
            "content": "哇哦",
            "time": "15-4-20 17:10"
        },
        {
            "comment id": 34,
            "parent": -1,
            "children": [],
            "user id": "2598089004",
            "user name": "Liwa-X冰",
            "content": "转发微博",
            "time": "15-4-20 17:10"
        },
        {
            "comment id": 35,
            "parent": -1,
            "children": [],
            "user id": "2722186560",
            "user name": "sweet想大家回来",
            "content": "@痞熊小灭 好多花！",
            "time": "15-4-20 17:06"
        },
        {
            "comment id": 36,
            "parent": -1,
            "children": [],
            "user id": "5224209252",
            "user name": "只是一个芋头",
            "content": "@苗条波 转给未来的糕点大湿！！",
            "time": "15-4-20 17:05"
        },
        {
            "comment id": 37,
            "parent": -1,
            "children": [],
            "user id": "2608340362",
            "user name": "x始终不够",
            "content": "最后一张亮了",
            "time": "15-4-20 17:03"
        },
        {
            "comment id": 38,
            "parent": -1,
            "children": [],
            "user id": "2907191121",
            "user name": "月明姐姐fanny",
            "content": "转发微博",
            "time": "15-4-20 17:02"
        },
        {
            "comment id": 39,
            "parent": -1,
            "children": [],
            "user id": "1759600083",
            "user name": "张悦亮",
            "content": "@悄然微笑围小脖 喜欢二和三",
            "time": "15-4-20 17:01"
        },
        {
            "comment id": 40,
            "parent": -1,
            "children": [],
            "user id": "2707489457",
            "user name": "少侠你头发乱了",
            "content": "@热水瓶别再炸了",
            "time": "15-4-20 17:00"
        },
        {
            "comment id": 41,
            "parent": -1,
            "children": [],
            "user id": "5038777323",
            "user name": "夜曦sss",
            "content": "管他怎么挤，我只想吃。。。",
            "time": "15-4-20 16:59"
        },
        {
            "comment id": 42,
            "parent": -1,
            "children": [],
            "user id": "1885267547",
            "user name": "oops丶矮油",
            "content": "@坚强的小坚强",
            "time": "15-4-20 16:58"
        },
        {
            "comment id": 43,
            "parent": -1,
            "children": [],
            "user id": "3519914853",
            "user name": "索仙仙灬",
            "content": "对我很有用啊！",
            "time": "15-4-20 16:57"
        },
        {
            "comment id": 44,
            "parent": -1,
            "children": [],
            "user id": "5201023779",
            "user name": "葭梓",
            "content": "回复@徐灏君:买房子吧",
            "time": "15-4-20 16:57"
        },
        {
            "comment id": 45,
            "parent": -1,
            "children": [],
            "user id": "2103079322",
            "user name": "明天都在逼着自己活下去",
            "content": "看起来就好好吃的样子呢喜欢二三五",
            "time": "15-4-20 16:56"
        },
        {
            "comment id": 46,
            "parent": -1,
            "children": [],
            "user id": "3953405180",
            "user name": "不想浪漫游世界",
            "content": "转发微博",
            "time": "15-4-20 16:56"
        },
        {
            "comment id": 47,
            "parent": -1,
            "children": [],
            "user id": "2272804347",
            "user name": "你也喜欢madhatter吗",
            "content": "这是哪个视频的截图啊？",
            "time": "15-4-20 16:54"
        },
        {
            "comment id": 48,
            "parent": -1,
            "children": [],
            "user id": "1923344025",
            "user name": "Lin喵喵_",
            "content": "@_沧檔嗯阿少年家 原来是这样挤的，你回来我们再一起玩",
            "time": "15-4-20 16:53"
        },
        {
            "comment id": 49,
            "parent": -1,
            "children": [],
            "user id": "1674127412",
            "user name": "我勒个去去____",
            "content": "@_子规声里 快学学！",
            "time": "15-4-20 16:53"
        },
        {
            "comment id": 50,
            "parent": -1,
            "children": [],
            "user id": "2440436802",
            "user name": "陳姿穎_Mimi",
            "content": "我想吃奶油蛋糕了",
            "time": "15-4-20 16:53"
        },
        {
            "comment id": 51,
            "parent": -1,
            "children": [],
            "user id": "2237217605",
            "user name": "阿琛酱",
            "content": "@熊酥 ",
            "time": "15-4-20 16:53"
        },
        {
            "comment id": 52,
            "parent": -1,
            "children": [],
            "user id": "5348305411",
            "user name": "戴帽子的猫sdsn",
            "content": "每次看见挤什么的时候 我就想要捏爆它～",
            "time": "15-4-20 16:53"
        },
        {
            "comment id": 53,
            "parent": -1,
            "children": [],
            "user id": "2387084097",
            "user name": "刁晨CEO",
            "content": "不知道为什么 觉得最后一张好搞笑",
            "time": "15-4-20 16:52"
        },
        {
            "comment id": 54,
            "parent": -1,
            "children": [],
            "user id": "1260918900",
            "user name": "Carolyn_Zh",
            "content": "@没鼻梁的大脸猫 我为什么看了半天就仨字 屎坨坨💩呢😂",
            "time": "15-4-20 16:52"
        },
        {
            "comment id": 55,
            "parent": -1,
            "children": [],
            "user id": "5097431521",
            "user name": "手牵手去跳楼",
            "content": "@ISQZH",
            "time": "15-4-20 16:51"
        },
        {
            "comment id": 56,
            "parent": -1,
            "children": [],
            "user id": "3174853121",
            "user name": "小姑娘好圆",
            "content": "@落心儿 @金金张zz 好像我们错过了什么……",
            "time": "15-4-20 16:50"
        },
        {
            "comment id": 57,
            "parent": -1,
            "children": [],
            "user id": "2435440493",
            "user name": "ORiGiNalDavid",
            "content": "@葭梓",
            "time": "15-4-20 16:49"
        },
        {
            "comment id": 58,
            "parent": -1,
            "children": [],
            "user id": "1242583950",
            "user name": "求我啊_",
            "content": "终于，终于等到了第九张！转发",
            "time": "15-4-20 16:49"
        },
        {
            "comment id": 59,
            "parent": -1,
            "children": [],
            "user id": "3166024227",
            "user name": "杜家霸王花哒哒",
            "content": "想起了Max的小蛋糕 🎂",
            "time": "15-4-20 16:49"
        },
        {
            "comment id": 60,
            "parent": -1,
            "children": [],
            "user id": "2650637502",
            "user name": "Sisioooooo",
            "content": "@隔壁女校-郑紫琪 刚刚发错了是这个",
            "time": "15-4-20 16:48"
        },
        {
            "comment id": 61,
            "parent": -1,
            "children": [],
            "user id": "1752568273",
            "user name": "霸王妮妮",
            "content": "@笨树熊与聪明兔子的故事",
            "time": "15-4-20 16:41"
        },
        {
            "comment id": 62,
            "parent": -1,
            "children": [],
            "user id": "1886535193",
            "user name": "满口烂牙呀",
            "content": "@惟有美食与爱不可辜负",
            "time": "15-4-20 16:36"
        },
        {
            "comment id": 63,
            "parent": -1,
            "children": [],
            "user id": "1689722081",
            "user name": "哎呦_偶滴个神呐",
            "content": "看到第九张图，感觉好贴心",
            "time": "15-4-20 16:35"
        },
        {
            "comment id": 64,
            "parent": -1,
            "children": [],
            "user id": "5368212777",
            "user name": "IDCZL",
            "content": "流口水了",
            "time": "15-4-20 16:30"
        },
        {
            "comment id": 65,
            "parent": -1,
            "children": [],
            "user id": "2029895365",
            "user name": "MEWOW_me-wow",
            "content": "回复@萨莎想:说明你professional",
            "time": "15-4-20 16:29"
        },
        {
            "comment id": 66,
            "parent": -1,
            "children": [],
            "user id": "3640538772",
            "user name": "五行道士",
            "content": "学习新技能~",
            "time": "15-4-20 16:26"
        },
        {
            "comment id": 67,
            "parent": -1,
            "children": [],
            "user id": "2801585592",
            "user name": "萨莎想",
            "content": "回复@BearColour_spring:哈哈哈怎么大家都在欸特我这个！",
            "time": "15-4-20 16:14"
        },
        {
            "comment id": 68,
            "parent": -1,
            "children": [],
            "user id": "2029895365",
            "user name": "MEWOW_me-wow",
            "content": "@萨莎想 @戴小婷再出發",
            "time": "15-4-20 16:09"
        },
        {
            "comment id": 69,
            "parent": -1,
            "children": [],
            "user id": "2917305407",
            "user name": "杜润莲盟LoveQ安琪",
            "content": "转发微博",
            "time": "15-4-20 16:01"
        },
        {
            "comment id": 70,
            "parent": -1,
            "children": [],
            "user id": "2763323803",
            "user name": "AmyliAC",
            "content": "@_马凝儿",
            "time": "15-4-20 15:55"
        },
        {
            "comment id": 71,
            "parent": -1,
            "children": [],
            "user id": "2011990525",
            "user name": "LI-小毛柳",
            "content": "@milkmaid",
            "time": "15-4-20 15:53"
        },
        {
            "comment id": 72,
            "parent": -1,
            "children": [],
            "user id": "3254871623",
            "user name": "不说不将就1",
            "content": "@w_a_n_a_n",
            "time": "15-4-20 15:48"
        },
        {
            "comment id": 73,
            "parent": -1,
            "children": [],
            "user id": "2710430260",
            "user name": "blahblahblah-jennie",
            "content": "@elgoog谷哥",
            "time": "15-4-20 15:43"
        },
        {
            "comment id": 74,
            "parent": -1,
            "children": [],
            "user id": "2681712284",
            "user name": "退网一年保平安",
            "content": "@只在那里发光y7",
            "time": "15-4-20 15:38"
        },
        {
            "comment id": 75,
            "parent": -1,
            "children": [],
            "user id": "2216695067",
            "user name": "w如鹿渴慕溪水w",
            "content": "转发微博",
            "time": "15-4-20 15:35"
        },
        {
            "comment id": 76,
            "parent": -1,
            "children": [],
            "user id": "1839885481",
            "user name": "偶的妄想",
            "content": "get",
            "time": "15-4-20 15:34"
        },
        {
            "comment id": 77,
            "parent": -1,
            "children": [],
            "user id": "3040709221",
            "user name": "珂锣Anna",
            "content": "[花心]我要买回来自己做",
            "time": "15-4-20 15:31"
        },
        {
            "comment id": 78,
            "parent": -1,
            "children": [],
            "user id": "1830125322",
            "user name": "2月月亮猫",
            "content": "怪不得我做的总感觉怪怪的！原来要从中心开始挤！我都是从最外圈儿开始画圆",
            "time": "15-4-20 15:24"
        },
        {
            "comment id": 79,
            "parent": -1,
            "children": [],
            "user id": "2848520261",
            "user name": "Casual-Y",
            "content": "@姜姜姜NiKlaus- 本来很文艺的，看完最后一张感觉前面都是在做铺垫",
            "time": "15-4-20 15:18"
        }
    ]
}