{
    "source": {
        "content": "【结局很温暖：楼管阿姨也懂爱】当天晚上，由于闭楼时间到了，考虑到会影响其他同学休息，宿管阿姨当时并未开门，也不让男生出去。不过当保安劝离了围观人群后，宿管阿姨还是把男孩放了出来，在阿姨祝福的眼神中，俩人最终得以相见，紧紧相拥...",
        "time": "15-4-20 15:14",
        "user id": "1784473157",
        "tweet id": "Ce9gI5BXe",
        "label": 0,
        "theme": "社会生活"
    },
    "comment": [
        {
            "comment id": 0,
            "parent": -1,
            "children": [],
            "user id": "3454631404",
            "user name": "学渣_张讨厌",
            "content": "我也表白了，但是失败😭",
            "time": "15-4-20 18:56"
        },
        {
            "comment id": 1,
            "parent": -1,
            "children": [],
            "user id": "2442179325",
            "user name": "凭羌",
            "content": "是我跳楼都要下去",
            "time": "15-4-20 17:33"
        },
        {
            "comment id": 2,
            "parent": -1,
            "children": [],
            "user id": "2544537613",
            "user name": "微眯cc",
            "content": "美美美",
            "time": "15-4-20 17:30"
        },
        {
            "comment id": 3,
            "parent": -1,
            "children": [],
            "user id": "3516368763",
            "user name": "奔跑的行人2013",
            "content": "有爱的舍管阿姨",
            "time": "15-4-20 17:24"
        },
        {
            "comment id": 4,
            "parent": -1,
            "children": [],
            "user id": "2215697220",
            "user name": "单眼皮的YOYO",
            "content": "白天干嘛去了？",
            "time": "15-4-20 17:16"
        },
        {
            "comment id": 5,
            "parent": -1,
            "children": [],
            "user id": "1459644441",
            "user name": "Near的银时sama正面反面都可以",
            "content": "作不作",
            "time": "15-4-20 17:12"
        },
        {
            "comment id": 6,
            "parent": -1,
            "children": [],
            "user id": "5339860240",
            "user name": "用户20141018",
            "content": "现实版《我的早更女友》之【周迅】呀",
            "time": "15-4-20 16:34"
        },
        {
            "comment id": 7,
            "parent": -1,
            "children": [],
            "user id": "1798799812",
            "user name": "等小左",
            "content": "都是为这女孩好啊，阿姨做得对",
            "time": "15-4-20 16:33"
        },
        {
            "comment id": 8,
            "parent": -1,
            "children": [],
            "user id": "1738950574",
            "user name": "hbyczw",
            "content": "//@中国新闻网:【结局很温暖：楼管阿姨也懂爱】当天晚上，由于闭楼时间到了，考虑到会影响其他同学休息，宿管阿姨当时并未开门，也不让男生出去。不过当保安劝离了围观人群后，宿管阿姨还是把男孩放了出来，在阿姨祝福的眼神中，俩人最终得以相见，紧紧相拥...",
            "time": "15-4-20 16:31"
        },
        {
            "comment id": 9,
            "parent": -1,
            "children": [],
            "user id": "1849695065",
            "user name": "彼岸_fantasy",
            "content": "首先祝福一下，还是不理解，为毛要在关门时",
            "time": "15-4-20 16:27"
        },
        {
            "comment id": 10,
            "parent": -1,
            "children": [],
            "user id": "1692976477",
            "user name": "岩树UoE",
            "content": "@舒雅哒哒哒 //@中国新闻网:【结局很温暖：楼管阿姨也懂爱】当天晚上，由于闭楼时间到了，考虑到会影响其他同学休息，宿管阿姨当时并未开门，也不让男生出去。不过当保安劝离了围观人群后，宿管阿姨还是把男孩放了出来，在阿姨祝福的眼神中，俩人最终得以相见，紧紧相拥...",
            "time": "15-4-20 16:19"
        },
        {
            "comment id": 11,
            "parent": -1,
            "children": [],
            "user id": "2834969742",
            "user name": "鸟人制作-曾啊牛",
            "content": "我们公司有好多人辞职了，有的是找了其它的工作，有的人是坏了孕想赶在\"五一\"结婚。此贴的这位女主是不是也怀孕了想赶在\"五一\"结婚呢",
            "time": "15-4-20 16:14"
        },
        {
            "comment id": 12,
            "parent": -1,
            "children": [],
            "user id": "2608781503",
            "user name": "Y_Ryuu",
            "content": "为毛不一口气说完",
            "time": "15-4-20 16:06"
        },
        {
            "comment id": 13,
            "parent": -1,
            "children": [],
            "user id": "1777065793",
            "user name": "叫我球球viola",
            "content": " @GULMIRA的秘密",
            "time": "15-4-20 16:05"
        },
        {
            "comment id": 14,
            "parent": -1,
            "children": [],
            "user id": "5319632091",
            "user name": "吃饱的森鹿",
            "content": "好想知道她男友找什么样",
            "time": "15-4-20 16:05"
        },
        {
            "comment id": 15,
            "parent": -1,
            "children": [],
            "user id": "2834205194",
            "user name": "李莫湖",
            "content": "这女的骚  货。肯定是怀孕了",
            "time": "15-4-20 16:01"
        },
        {
            "comment id": 16,
            "parent": -1,
            "children": [],
            "user id": "3735238804",
            "user name": "余越0214110",
            "content": "太老套了//@中国新闻网:【结局很温暖：楼管阿姨也懂爱】当天晚上，由于闭楼时间到了，考虑到会影响其他同学休息，宿管阿姨当时并未开门，也不让男生出去。不过当保安劝离了围观人群后，宿管阿姨还是把男孩放了出来，在阿姨祝福的眼神中，俩人最终得以相见，紧紧相拥...",
            "time": "15-4-20 16:01"
        },
        {
            "comment id": 17,
            "parent": -1,
            "children": [],
            "user id": "1407215460",
            "user name": "舜与仲尼的梦",
            "content": "回复@范小妤么么哒:好吧，总之是个令人唏嘘的故事，分了未必是坏事",
            "time": "15-4-20 15:58"
        },
        {
            "comment id": 18,
            "parent": -1,
            "children": [],
            "user id": "1609217102",
            "user name": "火器营营长",
            "content": "搞得跟牛郎织女是的，",
            "time": "15-4-20 15:55"
        },
        {
            "comment id": 19,
            "parent": -1,
            "children": [],
            "user id": "2684401197",
            "user name": "一苇以航_风铃",
            "content": "居然有后续！祝幸福",
            "time": "15-4-20 15:54"
        },
        {
            "comment id": 20,
            "parent": -1,
            "children": [],
            "user id": "1407215460",
            "user name": "舜与仲尼的梦",
            "content": "回复@范小妤么么哒:求链接……3q",
            "time": "15-4-20 15:53"
        },
        {
            "comment id": 21,
            "parent": -1,
            "children": [],
            "user id": "3150504184",
            "user name": "火龙果的117是芒果",
            "content": "女生来不及了",
            "time": "15-4-20 15:50"
        },
        {
            "comment id": 22,
            "parent": -1,
            "children": [],
            "user id": "1919292413",
            "user name": "长大地盘",
            "content": "人生真的需要疯狂那么一次",
            "time": "15-4-20 15:49"
        },
        {
            "comment id": 23,
            "parent": -1,
            "children": [],
            "user id": "5556647827",
            "user name": "离不开这里",
            "content": "西北大学的哪个宿管阿姨，火了。",
            "time": "15-4-20 15:44"
        },
        {
            "comment id": 24,
            "parent": -1,
            "children": [],
            "user id": "5576220384",
            "user name": "卖不了萌还装不了嫩",
            "content": "因为过来人都知道姑娘这是上赶着往火坑里跳啊，男人要是真爱你，何苦等着你求婚呢，而且自己这样求来的，男人不会珍惜的，提前抱一下，将来别哭着想跳楼啊",
            "time": "15-4-20 15:43"
        },
        {
            "comment id": 25,
            "parent": -1,
            "children": [],
            "user id": "2985916195",
            "user name": "凌波微步wj",
            "content": "通过这个微博，我知道了中国有个“西北大学”，你呢。。。[懒得理你][懒得理你][懒得理你]",
            "time": "15-4-20 15:41"
        },
        {
            "comment id": 26,
            "parent": -1,
            "children": [],
            "user id": "5591561755",
            "user name": "一起去看海28003",
            "content": "下次能不能低调一点，不要大半夜的搞得这么兴师动众~~",
            "time": "15-4-20 15:38"
        },
        {
            "comment id": 27,
            "parent": -1,
            "children": [],
            "user id": "5591081990",
            "user name": "西安微直播",
            "content": "爱心满满的//@中国新闻网: 【结局很温暖：楼管阿姨也懂爱】当天晚上，由于闭楼时间到了，考虑到会影响其他同学休息，宿管阿姨当时并未开门，也不让男生出去。不过当保安劝离了围观人群后，宿管阿姨还是把男孩放了出来，在阿姨祝福的眼神中，俩人最终得以相见，紧紧相拥...",
            "time": "15-4-20 15:35"
        },
        {
            "comment id": 28,
            "parent": -1,
            "children": [],
            "user id": "5443674990",
            "user name": "Hope不洗碗",
            "content": "想看男主样貌啊、、、",
            "time": "15-4-20 15:35"
        },
        {
            "comment id": 29,
            "parent": -1,
            "children": [],
            "user id": "2390660794",
            "user name": "逍遥居士226",
            "content": "@草方木容出逃中 @街角-看季末 @糖紫冰 //@中国新闻网:【结局很温暖：楼管阿姨也懂爱】当天晚上，由于闭楼时间到了，考虑到会影响其他同学休息，宿管阿姨当时并未开门，也不让男生出去。不过当保安劝离了围观人群后，宿管阿姨还是把男孩放了出来，在阿姨祝福的眼神中，俩人最终得以相见，紧",
            "time": "15-4-20 15:33"
        },
        {
            "comment id": 30,
            "parent": -1,
            "children": [],
            "user id": "1774763822",
            "user name": "兵人心情屋",
            "content": "韩剧看多了",
            "time": "15-4-20 15:32"
        },
        {
            "comment id": 31,
            "parent": -1,
            "children": [],
            "user id": "5231932327",
            "user name": "_老蜜蜂_",
            "content": "不想评论了。",
            "time": "15-4-20 15:31"
        },
        {
            "comment id": 32,
            "parent": -1,
            "children": [],
            "user id": "2778031093",
            "user name": "黒胡子医生",
            "content": "我就说男生宿舍楼是牛郎座，女生宿舍楼是织女座，中间的路是银河，楼管大妈是西王母。你们还不信。",
            "time": "15-4-20 15:31"
        },
        {
            "comment id": 33,
            "parent": -1,
            "children": [],
            "user id": "5317525988",
            "user name": "北方没有鱼or",
            "content": "都没图",
            "time": "15-4-20 15:30"
        },
        {
            "comment id": 34,
            "parent": -1,
            "children": [],
            "user id": "5543763057",
            "user name": "诶呀阿西吧",
            "content": "这女的也是够了，，，，，真爱啊",
            "time": "15-4-20 15:29"
        },
        {
            "comment id": 35,
            "parent": -1,
            "children": [],
            "user id": "2927429495",
            "user name": "blueberryblueberry",
            "content": "谁家的姑娘教成这样？",
            "time": "15-4-20 15:27"
        },
        {
            "comment id": 36,
            "parent": -1,
            "children": [],
            "user id": "1739419663",
            "user name": "山里de妖精",
            "content": "我想知道的是男孩长的怎么样？//@中国新闻网:【结局很温暖：楼管阿姨也懂爱】当天晚上，由于闭楼时间到了，考虑到会影响其他同学休息，宿管阿姨当时并未开门，也不让男生出去。不过当保安劝离了围观人群后，宿管阿姨还是把男孩放了出来，在阿姨祝福的眼神中，俩人最终得以相见，紧紧相拥...",
            "time": "15-4-20 15:27"
        },
        {
            "comment id": 37,
            "parent": -1,
            "children": [],
            "user id": "1995720861",
            "user name": "清欢歌者",
            "content": "妹子很勇敢，为你点赞⊙▽⊙☕",
            "time": "15-4-20 15:26"
        },
        {
            "comment id": 38,
            "parent": -1,
            "children": [],
            "user id": "5576218108",
            "user name": "撒娇萌硕memo",
            "content": "//@中国新闻网:【结局很温暖：楼管阿姨也懂爱】当天晚上，由于闭楼时间到了，考虑到会影响其他同学休息，宿管阿姨当时并未开门，也不让男生出去。不过当保安劝离了围观人群后，宿管阿姨还是把男孩放了出来，在阿姨祝福的眼神中，俩人最终得以相见，紧紧相拥...",
            "time": "15-4-20 15:26"
        },
        {
            "comment id": 39,
            "parent": -1,
            "children": [],
            "user id": "1781496697",
            "user name": "小两半-",
            "content": "@福建工程学院学生会",
            "time": "15-4-20 15:25"
        },
        {
            "comment id": 40,
            "parent": -1,
            "children": [],
            "user id": "2308183984",
            "user name": "秀才大块头",
            "content": "奖励一个避孕套[红丝带][红丝带][红丝带][红丝带][红丝带][红丝带]",
            "time": "15-4-20 15:24"
        },
        {
            "comment id": 41,
            "parent": -1,
            "children": [],
            "user id": "1635979281",
            "user name": "非表演型人格",
            "content": "真能炒作 高校都来干这事怪不得教育质量不行",
            "time": "15-4-20 15:23"
        },
        {
            "comment id": 42,
            "parent": -1,
            "children": [],
            "user id": "5236941351",
            "user name": "在木山路上",
            "content": "这才是结尾",
            "time": "15-4-20 15:23"
        },
        {
            "comment id": 43,
            "parent": -1,
            "children": [],
            "user id": "1081317394",
            "user name": "唤我真名-筱",
            "content": "楼管阿姨：只有我才可以看！你们这群小婊砸敢和我抢直播！我才是独家限量版！",
            "time": "15-4-20 15:23"
        },
        {
            "comment id": 44,
            "parent": -1,
            "children": [],
            "user id": "1764609115",
            "user name": "罐头壶哈啤酒",
            "content": "郝建",
            "time": "15-4-20 15:23"
        },
        {
            "comment id": 45,
            "parent": -1,
            "children": [],
            "user id": "1742744123",
            "user name": "一路风景_2020",
            "content": "这些要图的，太无聊了，既然你们这么无聊，我也就告诉大家后续吧：当晚，男生出来见女友，然后，两人的身影消失在夜幕中，于是，路边小旅馆的老板又多了一笔生意。。。",
            "time": "15-4-20 15:21"
        },
        {
            "comment id": 46,
            "parent": -1,
            "children": [],
            "user id": "2597216013",
            "user name": "爱衣尚官网",
            "content": "杜撰的结局？",
            "time": "15-4-20 15:21"
        },
        {
            "comment id": 47,
            "parent": -1,
            "children": [],
            "user id": "2417200905",
            "user name": "拜托你大声怒斥我de名字",
            "content": "醉了",
            "time": "15-4-20 15:18"
        },
        {
            "comment id": 48,
            "parent": -1,
            "children": [],
            "user id": "2197789934",
            "user name": "呆头鹅me",
            "content": "图呢？图呢？",
            "time": "15-4-20 15:18"
        },
        {
            "comment id": 49,
            "parent": -1,
            "children": [],
            "user id": "2136671732",
            "user name": "梦想已越来越远",
            "content": "[打哈气] //@中国新闻网:【结局很温暖：楼管阿姨也懂爱】当天晚上，由于闭楼时间到了，考虑到会影响其他同学休息，宿管阿姨当时并未开门，也不让男生出去。不过当保安劝离了围观人群后，宿管阿姨还是把男孩放了出来，在阿姨祝福的眼神中，俩人最终得以相见，紧紧相拥...",
            "time": "15-4-20 15:18"
        },
        {
            "comment id": 50,
            "parent": -1,
            "children": [],
            "user id": "3501771330",
            "user name": "蕙怡baby",
            "content": "@楊帥-Corleone",
            "time": "15-4-20 15:18"
        },
        {
            "comment id": 51,
            "parent": -1,
            "children": [],
            "user id": "5591081087",
            "user name": "奶糖带刀anne",
            "content": "二",
            "time": "15-4-20 15:16"
        },
        {
            "comment id": 52,
            "parent": -1,
            "children": [],
            "user id": "5201269976",
            "user name": "一年一次名字666",
            "content": "😂😂😂破事",
            "time": "15-4-20 15:16"
        },
        {
            "comment id": 53,
            "parent": -1,
            "children": [],
            "user id": "2441402771",
            "user name": "linlinby",
            "content": "现在女孩好开放",
            "time": "15-4-20 15:16"
        }
    ]
}