{
    "source": {
        "content": "【外媒:中国动物园环境远非人道】系列影像展示动物们身处于囚笼。摄影师曾到过北京、南京、天津、合肥、昆明、重庆、西安、哈尔滨等动物园，很多动物都受困于细小的溷凝土斗室或铁笼之中，环境非常恶劣。居所外观及设备简陋，很容易遭到游人的滋扰，它们身上经常会出现溃烂的伤口。网易图片 ",
        "time": "15-4-20 16:19",
        "user id": "1974808274",
        "tweet id": "Ce9GYvZsV",
        "label": 0,
        "theme": "社会生活"
    },
    "comment": [
        {
            "comment id": 0,
            "parent": -1,
            "children": [],
            "user id": "1659126177",
            "user name": "st_zero",
            "content": "武汉海昌极地海洋世界，里面2只北极狼，被关在2-3平的一个橱窗里，空间宽度只够它们转身，长度也就2-3个狼身长，它们像神经病一样来回踱步，对外面的人一点反应都没有，看着心痛。",
            "time": "15-4-21 07:58"
        },
        {
            "comment id": 1,
            "parent": -1,
            "children": [],
            "user id": "2730802852",
            "user name": "傲雪凌霜一枝独秀",
            "content": " //@幸福懒猫007: //@张小盒地带:@央视新闻 @法制晚报 @法制日报  //@武汉市小动物保护协会:动物园已经失去了它原应有的功能！已经被利益占据了所有！//@熊猫小姐来自火星: @大自然保护协会-马云 @武汉市小动物保护协会",
            "time": "15-4-21 01:42"
        },
        {
            "comment id": 2,
            "parent": -1,
            "children": [],
            "user id": "2357183787",
            "user name": "柚子柚子yoyoyo",
            "content": "这是因为动物园属于国企！管理者多是公务员～～他们都不会好好照顾动物的，也不会想建设好动物园～～侧面也反应出公职系统的腐败哈",
            "time": "15-4-21 00:43"
        },
        {
            "comment id": 3,
            "parent": -1,
            "children": [],
            "user id": "1781151423",
            "user name": "oo荼靡陌",
            "content": "人都难做了，何况是动物，没给饿死就万幸了",
            "time": "15-4-20 23:23"
        },
        {
            "comment id": 4,
            "parent": -1,
            "children": [],
            "user id": "5052889561",
            "user name": "Mr---Yi",
            "content": "素质，都是素质",
            "time": "15-4-20 21:57"
        },
        {
            "comment id": 5,
            "parent": -1,
            "children": [],
            "user id": "5239673363",
            "user name": "用户5239673363",
            "content": "我在重庆动物园看到穿着时尚的年轻情侣到笼子饲养动物，显得很随便，估计是父母给他们找了一个不太需要认真应付的工作。",
            "time": "15-4-20 21:47"
        },
        {
            "comment id": 6,
            "parent": -1,
            "children": [],
            "user id": "1942151665",
            "user name": "Florentino_Ariza_Botak",
            "content": "先看看中国人 然后再看看中国的动物们 还不错啊 ",
            "time": "15-4-20 21:01"
        },
        {
            "comment id": 7,
            "parent": -1,
            "children": [],
            "user id": "2122633381",
            "user name": "小龙虾758",
            "content": "有些人还吃不饱饭看不起病，在这神奇的地方，更别说动物了。",
            "time": "15-4-20 20:43"
        },
        {
            "comment id": 8,
            "parent": -1,
            "children": [],
            "user id": "2122156370",
            "user name": "打你巴巴",
            "content": "人居环境都非人道。更何况动物？",
            "time": "15-4-20 20:41"
        },
        {
            "comment id": 9,
            "parent": -1,
            "children": [],
            "user id": "2176022880",
            "user name": "曲艺团郭副团长",
            "content": "建你麻痹动物园",
            "time": "15-4-20 20:34"
        },
        {
            "comment id": 10,
            "parent": -1,
            "children": [],
            "user id": "2807375003",
            "user name": "M米Mi",
            "content": "人都过成这个鸟样 动物能好吗",
            "time": "15-4-20 19:55"
        },
        {
            "comment id": 11,
            "parent": -1,
            "children": [],
            "user id": "1285153040",
            "user name": "欲醉红尘A",
            "content": "动物监狱。",
            "time": "15-4-20 19:40"
        },
        {
            "comment id": 12,
            "parent": -1,
            "children": [],
            "user id": "2699821920",
            "user name": "w小小人儿",
            "content": "人都这样，还管动物",
            "time": "15-4-20 19:27"
        },
        {
            "comment id": 13,
            "parent": -1,
            "children": [],
            "user id": "2199156487",
            "user name": "胖萌龙",
            "content": "人权？",
            "time": "15-4-20 19:17"
        },
        {
            "comment id": 14,
            "parent": -1,
            "children": [],
            "user id": "2613906051",
            "user name": "施施JeVoudrais",
            "content": "100年",
            "time": "15-4-20 18:53"
        },
        {
            "comment id": 15,
            "parent": -1,
            "children": [],
            "user id": "2613906051",
            "user name": "施施JeVoudrais",
            "content": "",
            "time": "15-4-20 18:53"
        },
        {
            "comment id": 16,
            "parent": -1,
            "children": [],
            "user id": "2613906051",
            "user name": "施施JeVoudrais",
            "content": "哈哈哈移民的太多啦",
            "time": "15-4-20 18:52"
        },
        {
            "comment id": 17,
            "parent": -1,
            "children": [],
            "user id": "2886587180",
            "user name": "我去去去去去你个蛋",
            "content": "我觉得有些人真是可笑，自己没工作或者工资低。就说国家没给你人权，老子就问你，有点收入会说自己没人权？反正我周围没这种废物。。只会整天网上狂吠，不喜欢中国请滚好吗？去你的美国吃枪子儿去。",
            "time": "15-4-20 18:51"
        },
        {
            "comment id": 18,
            "parent": -1,
            "children": [],
            "user id": "1784238620",
            "user name": "莫明不奇妙",
            "content": "每次去动物园他们都跟没有吃东西一样，都是各种卖萌要吃的，为什么",
            "time": "15-4-20 18:19"
        },
        {
            "comment id": 19,
            "parent": -1,
            "children": [],
            "user id": "2722595903",
            "user name": "Zhang晓輝",
            "content": "在一个人权都没有的国家你跟我谈兽权",
            "time": "15-4-20 18:15"
        },
        {
            "comment id": 20,
            "parent": -1,
            "children": [],
            "user id": "2731773741",
            "user name": "隐藏在喵喵星",
            "content": "国家应该严格控制开设动物园！动物就像坐牢！",
            "time": "15-4-20 18:04"
        },
        {
            "comment id": 21,
            "parent": -1,
            "children": [],
            "user id": "1642835224",
            "user name": "ViVi0307",
            "content": "去动物园玩其实就是去探监。而且它们连个放风的机会都没有，进去了就是等死。",
            "time": "15-4-20 18:02"
        },
        {
            "comment id": 22,
            "parent": -1,
            "children": [],
            "user id": "3136232840",
            "user name": "合肥纯颖婚纱摄影有限公司",
            "content": "好多人连斗室都住不上",
            "time": "15-4-20 17:56"
        },
        {
            "comment id": 23,
            "parent": -1,
            "children": [],
            "user id": "2152438855",
            "user name": "no_taste_",
            "content": "基本都是几十年前的设备，停滞不前",
            "time": "15-4-20 17:48"
        },
        {
            "comment id": 24,
            "parent": -1,
            "children": [],
            "user id": "2728258597",
            "user name": "鸽Mr",
            "content": "人都生活在水生火热之中，更何况小动物们?",
            "time": "15-4-20 17:39"
        },
        {
            "comment id": 25,
            "parent": -1,
            "children": [],
            "user id": "1963525503",
            "user name": "大王丹的龚戈",
            "content": "人都不好了还管动物，naive",
            "time": "15-4-20 17:31"
        },
        {
            "comment id": 26,
            "parent": -1,
            "children": [],
            "user id": "3285487751",
            "user name": "盖浇饭的愤怒",
            "content": "人都活得不咋地，动物又能如何呢",
            "time": "15-4-20 17:16"
        },
        {
            "comment id": 27,
            "parent": -1,
            "children": [],
            "user id": "3845166250",
            "user name": "献灯使",
            "content": "说到底还是没钱!",
            "time": "15-4-20 17:16"
        },
        {
            "comment id": 28,
            "parent": -1,
            "children": [],
            "user id": "1648298403",
            "user name": "hen毒的老丈人",
            "content": "西安动物园还是西安野生动物园？",
            "time": "15-4-20 17:16"
        },
        {
            "comment id": 29,
            "parent": -1,
            "children": [],
            "user id": "2211380233",
            "user name": "笑傲江湖-86",
            "content": "就是赚钱工具！",
            "time": "15-4-20 17:11"
        },
        {
            "comment id": 30,
            "parent": -1,
            "children": [],
            "user id": "1942419281",
            "user name": "川A珊娃子",
            "content": "人都住笼子里的 何况动物",
            "time": "15-4-20 17:06"
        },
        {
            "comment id": 31,
            "parent": -1,
            "children": [],
            "user id": "1401425992",
            "user name": "hanmo_skytell",
            "content": "确实如此，以前去看到动物们的居住环境和它们的精神状态，有的动物有皮肤病，皮毛脱落，有的在铁笼里不停地拿头蹭墙，像要疯了，即使是老虎狮子也病怏怏的毫无生气，心里非常难受，感觉那里就是动物们的监狱，再也不去动物园了。",
            "time": "15-4-20 17:03"
        },
        {
            "comment id": 32,
            "parent": -1,
            "children": [],
            "user id": "2424334395",
            "user name": "侥幸的冷漠",
            "content": "外媒懂个XX中国的实际情况和困难！ 来点实际的啊 。",
            "time": "15-4-20 17:01"
        },
        {
            "comment id": 33,
            "parent": -1,
            "children": [],
            "user id": "1658979761",
            "user name": "贱力宝",
            "content": "我们的动物保护法律缺失太厉害了…",
            "time": "15-4-20 17:01"
        },
        {
            "comment id": 34,
            "parent": -1,
            "children": [],
            "user id": "2378510261",
            "user name": "盲盒分享社区",
            "content": "人都没自由何况动物了，老外你真的不懂。",
            "time": "15-4-20 16:59"
        },
        {
            "comment id": 35,
            "parent": -1,
            "children": [],
            "user id": "2018698787",
            "user name": "是大耳朵吧",
            "content": "你想想把你抓过去关着给人看 不去动物园 也不去看马戏",
            "time": "15-4-20 16:58"
        },
        {
            "comment id": 36,
            "parent": -1,
            "children": [],
            "user id": "1912561985",
            "user name": "上上芊666666",
            "content": "看着好心酸！想起去动物园有的老虎就剩一张皮了",
            "time": "15-4-20 16:55"
        },
        {
            "comment id": 37,
            "parent": -1,
            "children": [],
            "user id": "1784172101",
            "user name": "真-小放翁",
            "content": "广州相对好很多",
            "time": "15-4-20 16:54"
        },
        {
            "comment id": 38,
            "parent": -1,
            "children": [],
            "user id": "2568240282",
            "user name": "单身癌早期",
            "content": "小时候很喜欢去动物园 长大了就反感这种地方了 印象里触动最大的就是一个旅行展团用铁链把大象的腿锁在树桩上 接触的部位的肉都溃烂了 那是我最后一次去动物园",
            "time": "15-4-20 16:53"
        },
        {
            "comment id": 39,
            "parent": -1,
            "children": [],
            "user id": "2131459161",
            "user name": "餘燼微光猶可燃",
            "content": "北京动物园那点儿动物真是让人揪心。",
            "time": "15-4-20 16:53"
        },
        {
            "comment id": 40,
            "parent": -1,
            "children": [],
            "user id": "1519089265",
            "user name": "来自熊堡",
            "content": "已经背离了建动物园的原始目的了",
            "time": "15-4-20 16:52"
        },
        {
            "comment id": 41,
            "parent": -1,
            "children": [],
            "user id": "3177032173",
            "user name": "哎_阿达西_干撒呢",
            "content": "中国人活得都不如条狗呢，还动物园呢。。。。",
            "time": "15-4-20 16:48"
        },
        {
            "comment id": 42,
            "parent": -1,
            "children": [],
            "user id": "1635805222",
            "user name": "歸藏本尊",
            "content": "森林之王坐班房……也是惨……",
            "time": "15-4-20 16:47"
        },
        {
            "comment id": 43,
            "parent": -1,
            "children": [],
            "user id": "3749981862",
            "user name": "安徽省蛙泳爱好者联谊会",
            "content": "是的！恶劣！",
            "time": "15-4-20 16:46"
        },
        {
            "comment id": 44,
            "parent": -1,
            "children": [],
            "user id": "2629749703",
            "user name": "灌口茶卜道",
            "content": "不喜欢逛动物园，反感马戏表演",
            "time": "15-4-20 16:44"
        },
        {
            "comment id": 45,
            "parent": -1,
            "children": [],
            "user id": "2628365647",
            "user name": "corum昆",
            "content": "虎落平阳被犬欺",
            "time": "15-4-20 16:43"
        },
        {
            "comment id": 46,
            "parent": -1,
            "children": [],
            "user id": "2607445903",
            "user name": "catpride",
            "content": "",
            "time": "15-4-20 16:42"
        },
        {
            "comment id": 47,
            "parent": -1,
            "children": [],
            "user id": "2349256995",
            "user name": "崔半仙的世界",
            "content": "我一直被三个问题困扰：那些（尤其是三线城市）动物园里的肉食动物，他们的食物够吗？会被贪污吗？有监管吗？",
            "time": "15-4-20 16:36"
        },
        {
            "comment id": 48,
            "parent": -1,
            "children": [],
            "user id": "2064835751",
            "user name": "系小思鸭",
            "content": "这里本来就是个对动物不人道的国家",
            "time": "15-4-20 16:35"
        },
        {
            "comment id": 49,
            "parent": -1,
            "children": [],
            "user id": "1768836545",
            "user name": "辽东刀客",
            "content": "事实就是这样",
            "time": "15-4-20 16:35"
        },
        {
            "comment id": 50,
            "parent": -1,
            "children": [],
            "user id": "1024649274",
            "user name": "一念之间1549",
            "content": "好可怜请大家爱护动物保护动物🙏🙏🙏🙏",
            "time": "15-4-20 16:34"
        },
        {
            "comment id": 51,
            "parent": -1,
            "children": [],
            "user id": "1837498302",
            "user name": "TDabner",
            "content": "只为了满足某些人的“猎奇”而设置的动物园 早已失去了宣传动物保护的意义",
            "time": "15-4-20 16:32"
        },
        {
            "comment id": 52,
            "parent": -1,
            "children": [],
            "user id": "1734713854",
            "user name": "星顾",
            "content": "动物保护法不出来，说什么都没有用",
            "time": "15-4-20 16:30"
        },
        {
            "comment id": 53,
            "parent": -1,
            "children": [],
            "user id": "2950841644",
            "user name": "克劳恩洛",
            "content": "一直不喜欢去动物园，去动物园干嘛？一个个生命被囚禁在笼子里供人参观有意思么",
            "time": "15-4-20 16:30"
        },
        {
            "comment id": 54,
            "parent": -1,
            "children": [],
            "user id": "1163169895",
            "user name": "用尽一生陪你都不够",
            "content": "同感！！！！！！",
            "time": "15-4-20 16:29"
        },
        {
            "comment id": 55,
            "parent": -1,
            "children": [],
            "user id": "1710810174",
            "user name": "左手煙花右手流年",
            "content": "北京动物园的动物生存条件也是非常差的",
            "time": "15-4-20 16:28"
        },
        {
            "comment id": 56,
            "parent": -1,
            "children": [],
            "user id": "1780880647",
            "user name": "懒羊羊D青草蛋糕",
            "content": "我尽量不去动物园！",
            "time": "15-4-20 16:27"
        },
        {
            "comment id": 57,
            "parent": -1,
            "children": [],
            "user id": "2064480733",
            "user name": "茱蒂张小吃货BJ",
            "content": "唉😔",
            "time": "15-4-20 16:27"
        },
        {
            "comment id": 58,
            "parent": -1,
            "children": [],
            "user id": "1862129200",
            "user name": "PhoenixNo1",
            "content": "其实上野动物园的虎馆也很小。看来只有野生动物园的动物比较happy了",
            "time": "15-4-20 16:27"
        },
        {
            "comment id": 59,
            "parent": -1,
            "children": [],
            "user id": "1874353265",
            "user name": "kaslourskas",
            "content": "现在的动物园还是比原来好多了，翻新或者新建的场馆条件很好还宽敞，再多投点钱就能解决",
            "time": "15-4-20 16:26"
        },
        {
            "comment id": 60,
            "parent": -1,
            "children": [],
            "user id": "3091606403",
            "user name": "白龙柏",
            "content": "一猜评论里的人就跟在中国活不起似的",
            "time": "15-4-20 16:26"
        },
        {
            "comment id": 61,
            "parent": -1,
            "children": [],
            "user id": "1437744141",
            "user name": "舞心居士",
            "content": "本来一直就觉得动物园里的动物很可怜，从未觉得牠们也姓福！自以为是的人类啊//@凤凰周刊: 转发微博",
            "time": "15-4-20 16:26"
        },
        {
            "comment id": 62,
            "parent": -1,
            "children": [],
            "user id": "2716516171",
            "user name": "理想工人",
            "content": "看看中国人比较惨的住，有不如动物园里的动物",
            "time": "15-4-20 16:26"
        },
        {
            "comment id": 63,
            "parent": -1,
            "children": [],
            "user id": "1214138607",
            "user name": "山水幽燕",
            "content": "看评论 ——",
            "time": "15-4-20 16:25"
        },
        {
            "comment id": 64,
            "parent": -1,
            "children": [],
            "user id": "1653672517",
            "user name": "植物猎人怪阿姨",
            "content": "见过最惨的动物园是厦门的",
            "time": "15-4-20 16:25"
        },
        {
            "comment id": 65,
            "parent": -1,
            "children": [],
            "user id": "3091606403",
            "user name": "白龙柏",
            "content": "企鹅得生存环境那么冷，是不是应该把企鹅放热一点的地方呀",
            "time": "15-4-20 16:25"
        },
        {
            "comment id": 66,
            "parent": -1,
            "children": [],
            "user id": "1993030601",
            "user name": "双刀型猫车猎人",
            "content": "动物园本身就不人道的了，真是五十步笑百步",
            "time": "15-4-20 16:25"
        },
        {
            "comment id": 67,
            "parent": -1,
            "children": [],
            "user id": "2042125727",
            "user name": "尐julius",
            "content": "就是赚钱的工具",
            "time": "15-4-20 16:24"
        },
        {
            "comment id": 68,
            "parent": -1,
            "children": [],
            "user id": "1089044034",
            "user name": "Rudy说外贸",
            "content": "轮不到说动物吧",
            "time": "15-4-20 16:23"
        },
        {
            "comment id": 69,
            "parent": -1,
            "children": [],
            "user id": "2483934530",
            "user name": "DehaoWang",
            "content": "设立动物园本身就是不人道的，应该让动物回归自然",
            "time": "15-4-20 16:23"
        },
        {
            "comment id": 70,
            "parent": -1,
            "children": [],
            "user id": "2150109560",
            "user name": "KyRii_Z",
            "content": "我去长隆看没有哦",
            "time": "15-4-20 16:23"
        },
        {
            "comment id": 71,
            "parent": -1,
            "children": [],
            "user id": "1932621070",
            "user name": "卢神卡斯21",
            "content": "人道即蜗居，没让它们当房奴已经很友善了",
            "time": "15-4-20 16:23"
        },
        {
            "comment id": 72,
            "parent": -1,
            "children": [],
            "user id": "2636559423",
            "user name": "专业翻新航空母舰",
            "content": "人都好不到哪去，扯啥动物啊",
            "time": "15-4-20 16:22"
        },
        {
            "comment id": 73,
            "parent": -1,
            "children": [],
            "user id": "1845523082",
            "user name": "一本漫利",
            "content": "人都很惨，何况动物了+1",
            "time": "15-4-20 16:21"
        },
        {
            "comment id": 74,
            "parent": -1,
            "children": [],
            "user id": "2139259335",
            "user name": "李-礼",
            "content": "人的权利都得不到保障，还谈动物",
            "time": "15-4-20 16:21"
        },
        {
            "comment id": 75,
            "parent": -1,
            "children": [],
            "user id": "1776403855",
            "user name": "Serena的-小窝",
            "content": "从来不忍心去动物园看动物，在中国恐怕只有大熊猫过得好",
            "time": "15-4-20 16:21"
        },
        {
            "comment id": 76,
            "parent": -1,
            "children": [],
            "user id": "3870566308",
            "user name": "尾翼稳定穿甲汪",
            "content": "中国房价不人道",
            "time": "15-4-20 16:20"
        },
        {
            "comment id": 77,
            "parent": -1,
            "children": [],
            "user id": "2020018313",
            "user name": "hanwoll",
            "content": "哎呀我日你妈，真够关心我们的",
            "time": "15-4-20 16:20"
        }
    ]
}