{
    "source": {
        "content": "听说《越南套餐流量用完上网不收费》，易友们表示不服.....网页链接 ",
        "time": "15-4-20 15:18",
        "user id": "1974808274",
        "tweet id": "Ce9iaup6M",
        "label": 0,
        "theme": "财经商业"
    },
    "comment": [
        {
            "comment id": 0,
            "parent": -1,
            "children": [],
            "user id": "1782285971",
            "user name": "电影影子",
            "content": "你老子//@王小峰_带三个表: ",
            "time": "15-4-21 22:24"
        },
        {
            "comment id": 1,
            "parent": -1,
            "children": [],
            "user id": "2671424922",
            "user name": "YU芒果儿",
            "content": "回复@田琪琦Kiki:网友大军好强大",
            "time": "15-4-21 11:23"
        },
        {
            "comment id": 2,
            "parent": -1,
            "children": [],
            "user id": "1781151423",
            "user name": "oo荼靡陌",
            "content": "队形好整洁👏",
            "time": "15-4-20 23:27"
        },
        {
            "comment id": 3,
            "parent": -1,
            "children": [],
            "user id": "1780272883",
            "user name": "好ID现在可以超过10个汉字了",
            "content": "[挖鼻屎]",
            "time": "15-4-20 22:52"
        },
        {
            "comment id": 4,
            "parent": -1,
            "children": [],
            "user id": "1899720284",
            "user name": "沐_天",
            "content": "队形不错",
            "time": "15-4-20 21:56"
        },
        {
            "comment id": 5,
            "parent": -1,
            "children": [],
            "user id": "3389853654",
            "user name": "我去看动画片去了谢谢",
            "content": "悲惨的49楼",
            "time": "15-4-20 20:22"
        },
        {
            "comment id": 6,
            "parent": -1,
            "children": [],
            "user id": "1564198925",
            "user name": "夜雨866",
            "content": "不跟贴，无网易，嘿嘿",
            "time": "15-4-20 19:10"
        },
        {
            "comment id": 7,
            "parent": -1,
            "children": [],
            "user id": "2829448200",
            "user name": "Na七酱",
            "content": "@阿槐姓沈 @狗汪大人 @我太搞笑会疯掉",
            "time": "15-4-20 19:07"
        },
        {
            "comment id": 8,
            "parent": -1,
            "children": [],
            "user id": "1718494927",
            "user name": "振兴丐帮",
            "content": "@W_某个人    嘿嘿",
            "time": "15-4-20 18:14"
        },
        {
            "comment id": 9,
            "parent": -1,
            "children": [],
            "user id": "1718494927",
            "user name": "振兴丐帮",
            "content": "@名字太长记不住还被占用",
            "time": "15-4-20 17:50"
        },
        {
            "comment id": 10,
            "parent": -1,
            "children": [],
            "user id": "1747455030",
            "user name": "黑暗骑士崛起3",
            "content": "果然网易牛人多啊",
            "time": "15-4-20 17:45"
        },
        {
            "comment id": 11,
            "parent": -1,
            "children": [],
            "user id": "5485004855",
            "user name": "甜甜一个陶",
            "content": "@我的先森有点怪 ",
            "time": "15-4-20 17:40"
        },
        {
            "comment id": 12,
            "parent": -1,
            "children": [],
            "user id": "1599069313",
            "user name": "路客看见",
            "content": "",
            "time": "15-4-20 17:05"
        },
        {
            "comment id": 13,
            "parent": -1,
            "children": [],
            "user id": "3330266210",
            "user name": "王小峰_带三个表",
            "content": "",
            "time": "15-4-20 16:52"
        },
        {
            "comment id": 14,
            "parent": -1,
            "children": [],
            "user id": "1085021323",
            "user name": "菠萝啤啤田",
            "content": "上次请了一个越南人来做工人，他说越南卖的猪肉是6毛钱RMB1斤。",
            "time": "15-4-20 16:30"
        },
        {
            "comment id": 15,
            "parent": -1,
            "children": [],
            "user id": "1765581554",
            "user name": "goodgood学习的钟and山",
            "content": "照这么说反正超过套餐就不要钱那都包个30m不就行了，谁会去开通大额流量套餐呢",
            "time": "15-4-20 16:25"
        },
        {
            "comment id": 16,
            "parent": -1,
            "children": [],
            "user id": "2795385275",
            "user name": "简单本如此",
            "content": "",
            "time": "15-4-20 16:14"
        },
        {
            "comment id": 17,
            "parent": -1,
            "children": [],
            "user id": "1672660974",
            "user name": "JwJ猫头",
            "content": "49楼开始哈哈哈哈",
            "time": "15-4-20 15:59"
        },
        {
            "comment id": 18,
            "parent": -1,
            "children": [],
            "user id": "2265846194",
            "user name": "一道菜-北极狗",
            "content": "@张靓zl_",
            "time": "15-4-20 15:49"
        },
        {
            "comment id": 19,
            "parent": -1,
            "children": [],
            "user id": "2481226131",
            "user name": "沙子的沙金子的金",
            "content": "根本停不下来！",
            "time": "15-4-20 15:49"
        },
        {
            "comment id": 20,
            "parent": -1,
            "children": [],
            "user id": "3306017365",
            "user name": "牙牙--陳",
            "content": "回复@广西南宁老刘:团委不一定搞得掂",
            "time": "15-4-20 15:47"
        },
        {
            "comment id": 21,
            "parent": -1,
            "children": [],
            "user id": "3306017365",
            "user name": "牙牙--陳",
            "content": "回复@广西南宁老刘:",
            "time": "15-4-20 15:43"
        },
        {
            "comment id": 22,
            "parent": -1,
            "children": [],
            "user id": "2823267180",
            "user name": "业务自动化达人",
            "content": "回复@Quiet_Lily:",
            "time": "15-4-20 15:43"
        },
        {
            "comment id": 23,
            "parent": -1,
            "children": [],
            "user id": "1914012135",
            "user name": "曾经的酱油男",
            "content": "全是大实话啊",
            "time": "15-4-20 15:43"
        },
        {
            "comment id": 24,
            "parent": -1,
            "children": [],
            "user id": "2404326697",
            "user name": "书香华夏-陈文明",
            "content": "好高的楼",
            "time": "15-4-20 15:41"
        },
        {
            "comment id": 25,
            "parent": -1,
            "children": [],
            "user id": "2461810317",
            "user name": "小生正是谜一样的唉唉别走啊",
            "content": "",
            "time": "15-4-20 15:39"
        },
        {
            "comment id": 26,
            "parent": -1,
            "children": [],
            "user id": "1794844200",
            "user name": "Quiet_Lily",
            "content": "回复@大家的工具软件商:你在干嘛，你都没用移动，…………没有发言权………有钱叫板，你可以说，移动4G！贵我也用”",
            "time": "15-4-20 15:39"
        },
        {
            "comment id": 27,
            "parent": -1,
            "children": [],
            "user id": "1931891284",
            "user name": "张志明哈哈哈哈",
            "content": "都是土豪达人",
            "time": "15-4-20 15:39"
        },
        {
            "comment id": 28,
            "parent": -1,
            "children": [],
            "user id": "2211288405",
            "user name": "西门夕安希惜",
            "content": "超出套餐后限速10kbps吧",
            "time": "15-4-20 15:35"
        },
        {
            "comment id": 29,
            "parent": -1,
            "children": [],
            "user id": "1654926364",
            "user name": "21世纪最有思想的流氓",
            "content": "这楼盖的很赞",
            "time": "15-4-20 15:34"
        },
        {
            "comment id": 30,
            "parent": -1,
            "children": [],
            "user id": "1298141883",
            "user name": "秋梦寻露痕",
            "content": "再次被网易的盖楼功能折服",
            "time": "15-4-20 15:33"
        },
        {
            "comment id": 31,
            "parent": -1,
            "children": [],
            "user id": "2823267180",
            "user name": "业务自动化达人",
            "content": "虽然可以讽刺，但是我们真的没办法啊！@Quiet_Lily ",
            "time": "15-4-20 15:33"
        },
        {
            "comment id": 32,
            "parent": -1,
            "children": [],
            "user id": "2074597235",
            "user name": "暮色的沉淀",
            "content": "今天用wifi下电视剧，结果出去吃饭忘关蜂窝数据了，瞬间几个G没了，瞬间四五百大洋就没了[泪流满面][泪流满面][泪流满面]",
            "time": "15-4-20 15:29"
        },
        {
            "comment id": 33,
            "parent": -1,
            "children": [],
            "user id": "2416389734",
            "user name": "豆丁挖白菜",
            "content": "碉堡了的易友们！",
            "time": "15-4-20 15:26"
        },
        {
            "comment id": 34,
            "parent": -1,
            "children": [],
            "user id": "1976455323",
            "user name": "被窩探險家·_·",
            "content": "@中国移动",
            "time": "15-4-20 15:26"
        },
        {
            "comment id": 35,
            "parent": -1,
            "children": [],
            "user id": "1847253687",
            "user name": "蓝天恒",
            "content": "没人质疑下到底是什么套餐吗？",
            "time": "15-4-20 15:25"
        },
        {
            "comment id": 36,
            "parent": -1,
            "children": [],
            "user id": "2722422403",
            "user name": "Shawn_小唐僧",
            "content": "要不怎么说越来越喜欢网易新闻呢  @网易新闻客户端 ",
            "time": "15-4-20 15:24"
        },
        {
            "comment id": 37,
            "parent": -1,
            "children": [],
            "user id": "1733511024",
            "user name": "随枫而逝2016",
            "content": "",
            "time": "15-4-20 15:23"
        },
        {
            "comment id": 38,
            "parent": -1,
            "children": [],
            "user id": "1839784163",
            "user name": "魔王子_凝渊",
            "content": "笑死了，网易最逗的就是这点，笑死了，五毛党估计要来了。",
            "time": "15-4-20 15:21"
        },
        {
            "comment id": 39,
            "parent": -1,
            "children": [],
            "user id": "3214239923",
            "user name": "载着你仿佛载着阳光霖",
            "content": "开门。快递",
            "time": "15-4-20 15:20"
        },
        {
            "comment id": 40,
            "parent": -1,
            "children": [],
            "user id": "1771170587",
            "user name": "給點力啊",
            "content": "小心团派给你送快递啊",
            "time": "15-4-20 15:20"
        },
        {
            "comment id": 41,
            "parent": -1,
            "children": [],
            "user id": "1831752260",
            "user name": "正义的小伙伴Paul",
            "content": "来 咱们还是先谈谈房价",
            "time": "15-4-20 15:19"
        },
        {
            "comment id": 42,
            "parent": -1,
            "children": [],
            "user id": "1963624361",
            "user name": "走路的叉子",
            "content": "@Clyina",
            "time": "15-4-20 15:19"
        }
    ]
}