{
    "source": {
        "content": "#V观习主席出访#【央视独家视频：巴基斯坦枭龙战机编队 为习近平专机护航】4月20日，习近平主席所乘专机进入巴基斯坦领空，巴方枭龙战机编队护航。（央视记者王宇波）网页链接 ",
        "time": "15-4-20 15:21",
        "user id": "2656274875",
        "tweet id": "Ce9jw78te",
        "label": 0,
        "theme": "军事"
    },
    "comment": [
        {
            "comment id": 0,
            "parent": -1,
            "children": [],
            "user id": "3009520865",
            "user name": "桔梗无泪",
            "content": "公费旅游而已",
            "time": "15-5-23 01:05"
        },
        {
            "comment id": 1,
            "parent": -1,
            "children": [],
            "user id": "1651430985",
            "user name": "南海客人",
            "content": "八战机护航，唯习大大专享！",
            "time": "15-4-20 15:25"
        },
        {
            "comment id": 2,
            "parent": -1,
            "children": [],
            "user id": "3073753921",
            "user name": "你怎么知道我是自然卷",
            "content": "",
            "time": "15-4-20 15:24"
        },
        {
            "comment id": 3,
            "parent": -1,
            "children": [],
            "user id": "1935316663",
            "user name": "伱的城市",
            "content": "威武，好兄弟！！",
            "time": "15-4-20 15:24"
        },
        {
            "comment id": 4,
            "parent": -1,
            "children": [],
            "user id": "5410678192",
            "user name": "亿刊文学",
            "content": "哥两好。顶起",
            "time": "15-4-20 15:24"
        },
        {
            "comment id": 5,
            "parent": -1,
            "children": [],
            "user id": "2325842975",
            "user name": "斤斤计较QQ",
            "content": "巴铁万岁",
            "time": "15-4-20 15:24"
        },
        {
            "comment id": 6,
            "parent": -1,
            "children": [],
            "user id": "3166043084",
            "user name": "远方梧桐",
            "content": "",
            "time": "15-4-20 15:24"
        },
        {
            "comment id": 7,
            "parent": -1,
            "children": [],
            "user id": "2672314497",
            "user name": "w冬天里的太阳",
            "content": "好霸气，好和谐呀，",
            "time": "15-4-20 15:23"
        },
        {
            "comment id": 8,
            "parent": -1,
            "children": [],
            "user id": "3199551033",
            "user name": "WAY大侠",
            "content": "中国好兄弟",
            "time": "15-4-20 15:23"
        },
        {
            "comment id": 9,
            "parent": -1,
            "children": [],
            "user id": "3841199679",
            "user name": "卧室嫩跌",
            "content": "",
            "time": "15-4-20 15:23"
        },
        {
            "comment id": 10,
            "parent": -1,
            "children": [],
            "user id": "3169384757",
            "user name": "一肩那么远",
            "content": "",
            "time": "15-4-20 15:23"
        },
        {
            "comment id": 11,
            "parent": -1,
            "children": [],
            "user id": "2885043697",
            "user name": "反转王zgz",
            "content": "好哥们",
            "time": "15-4-20 15:23"
        },
        {
            "comment id": 12,
            "parent": -1,
            "children": [],
            "user id": "2433013534",
            "user name": "好眠55kg",
            "content": "中巴友谊长存",
            "time": "15-4-20 15:23"
        },
        {
            "comment id": 13,
            "parent": -1,
            "children": [],
            "user id": "5481140902",
            "user name": "有梦想的X",
            "content": "巴基斯坦真的对我们很友好",
            "time": "15-4-20 15:23"
        },
        {
            "comment id": 14,
            "parent": -1,
            "children": [],
            "user id": "1698671065",
            "user name": "QMS1JKPDS",
            "content": "巴铁",
            "time": "15-4-20 15:23"
        },
        {
            "comment id": 15,
            "parent": -1,
            "children": [],
            "user id": "1725892681",
            "user name": "神無月無神",
            "content": "不明觉厉",
            "time": "15-4-20 15:23"
        },
        {
            "comment id": 16,
            "parent": -1,
            "children": [],
            "user id": "2028674301",
            "user name": "千载落风尘",
            "content": "霸气。",
            "time": "15-4-20 15:23"
        },
        {
            "comment id": 17,
            "parent": -1,
            "children": [],
            "user id": "5188652184",
            "user name": "刘红伟-裸哥",
            "content": "中巴友谊万岁…………",
            "time": "15-4-20 15:23"
        },
        {
            "comment id": 18,
            "parent": -1,
            "children": [],
            "user id": "2868053900",
            "user name": "合庆乐翻天",
            "content": "巴基斯坦是我们的好兄弟",
            "time": "15-4-20 15:22"
        },
        {
            "comment id": 19,
            "parent": -1,
            "children": [],
            "user id": "5236941351",
            "user name": "在木山路上",
            "content": "牛逼",
            "time": "15-4-20 15:22"
        },
        {
            "comment id": 20,
            "parent": -1,
            "children": [],
            "user id": "2605667790",
            "user name": "CiCi的匣子",
            "content": "很霸气！",
            "time": "15-4-20 15:22"
        },
        {
            "comment id": 21,
            "parent": -1,
            "children": [],
            "user id": "2052852963",
            "user name": "20DeerDeer20",
            "content": "必须赞一个",
            "time": "15-4-20 15:22"
        },
        {
            "comment id": 22,
            "parent": -1,
            "children": [],
            "user id": "2745022851",
            "user name": "牛夲洵",
            "content": "中国的👬",
            "time": "15-4-20 15:22"
        },
        {
            "comment id": 23,
            "parent": -1,
            "children": [],
            "user id": "3211593654",
            "user name": "乐Tianer",
            "content": "阵势大",
            "time": "15-4-20 15:22"
        },
        {
            "comment id": 24,
            "parent": -1,
            "children": [],
            "user id": "2818329104",
            "user name": "混迹春城",
            "content": "秒拍亮了",
            "time": "15-4-20 15:22"
        },
        {
            "comment id": 25,
            "parent": -1,
            "children": [],
            "user id": "3964368073",
            "user name": "夜夜捂住裤裆",
            "content": "帅呆了",
            "time": "15-4-20 15:22"
        },
        {
            "comment id": 26,
            "parent": -1,
            "children": [],
            "user id": "3446647110",
            "user name": "幸福蛋and哭哭蛋",
            "content": "酷炫",
            "time": "15-4-20 15:22"
        },
        {
            "comment id": 27,
            "parent": -1,
            "children": [],
            "user id": "1677277880",
            "user name": "柯安琪Angie",
            "content": "好帅！~~",
            "time": "15-4-20 15:22"
        },
        {
            "comment id": 28,
            "parent": -1,
            "children": [],
            "user id": "3027733475",
            "user name": "脖领子and袄袖子",
            "content": "",
            "time": "15-4-20 15:22"
        },
        {
            "comment id": 29,
            "parent": -1,
            "children": [],
            "user id": "3511317281",
            "user name": "王大彬HK",
            "content": "@HKKKKKKKK_",
            "time": "15-4-20 15:22"
        },
        {
            "comment id": 30,
            "parent": -1,
            "children": [],
            "user id": "1772996515",
            "user name": "糰糰糰糰糰糰子",
            "content": "哇塞😐😐😐",
            "time": "15-4-20 15:22"
        },
        {
            "comment id": 31,
            "parent": -1,
            "children": [],
            "user id": "2504218674",
            "user name": "张金兵BING",
            "content": "大大",
            "time": "15-4-20 15:22"
        }
    ]
}