{
    "source": {
        "content": "【背上的“兄弟”】江苏徐州市大许中学高三学生张弛三年前患上肌肉萎缩，从高一在学校寄宿，同学谢旭就开始志愿照顾他，帮着洗漱穿衣，背着去上课，一天三顿帮打饭，三年就这么慢慢背过来了。两人的成绩一直稳居班级前3名，还有不到两个月就高考了，转发祝福兄弟俩考出好成绩！(央视记者吴睿) ",
        "time": "15-4-20 15:29",
        "user id": "2656274875",
        "tweet id": "Ce9mSt3o7",
        "label": 0,
        "theme": "教育考试"
    },
    "comment": [
        {
            "comment id": 0,
            "parent": -1,
            "children": [],
            "user id": "3655474982",
            "user name": "此岸花一彼岸花",
            "content": ".比我们那时疯狂啊",
            "time": "15-11-12 22:46"
        },
        {
            "comment id": 1,
            "parent": -1,
            "children": [],
            "user id": "2886680072",
            "user name": "GinrayWen",
            "content": "回复@拖延症快退散:真爱吗",
            "time": "15-6-14 01:24"
        },
        {
            "comment id": 2,
            "parent": -1,
            "children": [],
            "user id": "5384420735",
            "user name": "风淡忘过往",
            "content": "高考考出理想的成绩，最好可以再续前缘",
            "time": "15-6-11 11:58"
        },
        {
            "comment id": 3,
            "parent": -1,
            "children": [],
            "user id": "2925757053",
            "user name": "你愿做我的兔小灰吗",
            "content": "回复@joynaomi:哈哈哈，比他好看点吧",
            "time": "15-6-5 13:47"
        },
        {
            "comment id": 4,
            "parent": -1,
            "children": [],
            "user id": "3425537554",
            "user name": "joynaomi",
            "content": "回复@你愿意做我的兔小灰吗:小痞子",
            "time": "15-6-5 00:58"
        },
        {
            "comment id": 5,
            "parent": -1,
            "children": [],
            "user id": "2925757053",
            "user name": "你愿做我的兔小灰吗",
            "content": "回复@joynaomi:像谁啊",
            "time": "15-6-5 00:36"
        },
        {
            "comment id": 6,
            "parent": -1,
            "children": [],
            "user id": "5520911803",
            "user name": "步入枫叶林",
            "content": "千言万语抵不过一句话（爱无价）",
            "time": "15-5-31 10:01"
        },
        {
            "comment id": 7,
            "parent": -1,
            "children": [],
            "user id": "5445873749",
            "user name": "考槃涧",
            "content": "刚刚江苏卫视也播了",
            "time": "15-5-23 18:43"
        },
        {
            "comment id": 8,
            "parent": -1,
            "children": [],
            "user id": "1943948175",
            "user name": "123_o_O",
            "content": "回复@黄卧蚕:小宇哥同款外套艾特我干嘛 我靠找了半天找不到陈宇的微博 ",
            "time": "15-5-4 20:12"
        },
        {
            "comment id": 9,
            "parent": -1,
            "children": [],
            "user id": "2285040520",
            "user name": "快乐星球在逃爱好者",
            "content": "@WANGNIAN_ 衣服 陈宇也有吧",
            "time": "15-5-4 18:40"
        },
        {
            "comment id": 10,
            "parent": -1,
            "children": [],
            "user id": "5471773864",
            "user name": "夜末星辽",
            "content": "爱情你妈比，一堆傻逼。祝你们出门都被爆菊花",
            "time": "15-5-3 23:37"
        },
        {
            "comment id": 11,
            "parent": -1,
            "children": [],
            "user id": "5471773864",
            "user name": "夜末星辽",
            "content": "回复@央阳氧样:败类",
            "time": "15-5-3 23:36"
        },
        {
            "comment id": 12,
            "parent": -1,
            "children": [],
            "user id": "2829842294",
            "user name": "椒绿仙人掌",
            "content": "@绯琰R_S 真爱啊",
            "time": "15-5-1 16:26"
        },
        {
            "comment id": 13,
            "parent": -1,
            "children": [],
            "user id": "1189431851",
            "user name": "成县陈东平",
            "content": "//@核桃办: 转发微博",
            "time": "15-4-30 20:36"
        },
        {
            "comment id": 14,
            "parent": -1,
            "children": [],
            "user id": "5370379114",
            "user name": "无锡王嘉尔",
            "content": "赞",
            "time": "15-4-30 17:14"
        },
        {
            "comment id": 15,
            "parent": -1,
            "children": [],
            "user id": "3735131491",
            "user name": "若晴无悔",
            "content": "好兄弟，一起走，加油！",
            "time": "15-4-30 11:34"
        },
        {
            "comment id": 16,
            "parent": -1,
            "children": [],
            "user id": "2386409121",
            "user name": "长腿欧偶尼",
            "content": "好朋友啊",
            "time": "15-4-28 20:24"
        },
        {
            "comment id": 17,
            "parent": -1,
            "children": [],
            "user id": "2505533521",
            "user name": "Hmily桃",
            "content": "三年来看在眼里，为你们骄傲",
            "time": "15-4-28 09:25"
        },
        {
            "comment id": 18,
            "parent": -1,
            "children": [],
            "user id": "2511412237",
            "user name": "謎名家先生",
            "content": "在一起！",
            "time": "15-4-28 08:53"
        },
        {
            "comment id": 19,
            "parent": -1,
            "children": [],
            "user id": "3873483308",
            "user name": "闪闪星光ing",
            "content": "祝兄弟俩考出好成绩",
            "time": "15-4-28 08:18"
        },
        {
            "comment id": 20,
            "parent": -1,
            "children": [],
            "user id": "3456419330",
            "user name": "奇迹的世代在我的大炕上娇喘哭泣",
            "content": "这就是爱哎哎哎，这就是爱！",
            "time": "15-4-27 23:36"
        },
        {
            "comment id": 21,
            "parent": -1,
            "children": [],
            "user id": "2994675740",
            "user name": "一夕如环夕夕都成珏",
            "content": "回复@罐头2012的张小驰:哈😄",
            "time": "15-4-27 23:23"
        },
        {
            "comment id": 22,
            "parent": -1,
            "children": [],
            "user id": "2160943671",
            "user name": "壹贰叁木頭仁",
            "content": "我就刻板的说一句。同性恋朋友们，如果你想让别人尊重你们这个群体的感情，那就不要随便侮辱同性间存在的纯洁友谊。你不尊重别人，那我就只能操你妈了，对不起我没有那么高风亮节。",
            "time": "15-4-27 18:44"
        },
        {
            "comment id": 23,
            "parent": -1,
            "children": [],
            "user id": "1131269085",
            "user name": "NJCC芜晓云",
            "content": "欢迎加入@南京化工职业技术学院",
            "time": "15-4-27 14:10"
        },
        {
            "comment id": 24,
            "parent": -1,
            "children": [],
            "user id": "3987799268",
            "user name": "会飞的橘子汽水7",
            "content": "加油！",
            "time": "15-4-27 12:36"
        },
        {
            "comment id": 25,
            "parent": -1,
            "children": [],
            "user id": "2702735677",
            "user name": "罐头小驰",
            "content": "回复@An-瑾夕:真朋友",
            "time": "15-4-26 12:54"
        },
        {
            "comment id": 26,
            "parent": -1,
            "children": [],
            "user id": "5148826284",
            "user name": "Rui莫shi莫wang",
            "content": "看完很感动，加油，坚强的人会有好报的",
            "time": "15-4-26 10:08"
        },
        {
            "comment id": 27,
            "parent": -1,
            "children": [],
            "user id": "2994675740",
            "user name": "一夕如环夕夕都成珏",
            "content": "@罐头2012的张小驰",
            "time": "15-4-25 23:58"
        },
        {
            "comment id": 28,
            "parent": -1,
            "children": [],
            "user id": "5252106791",
            "user name": "hgrrjvfd",
            "content": "既然成绩这么“好”还参加单招，假不假，还是学校太差",
            "time": "15-4-25 22:52"
        },
        {
            "comment id": 29,
            "parent": -1,
            "children": [],
            "user id": "5185524910",
            "user name": "南京科技职业学院",
            "content": "谢旭，同学们的好榜样，祝你在南科院单招考试顺利。",
            "time": "15-4-25 21:50"
        },
        {
            "comment id": 30,
            "parent": -1,
            "children": [],
            "user id": "2499562825",
            "user name": "Decade-飞",
            "content": "珍惜",
            "time": "15-4-25 21:07"
        },
        {
            "comment id": 31,
            "parent": -1,
            "children": [],
            "user id": "1790575855",
            "user name": "一隻酷汪",
            "content": "两个 不简单@唐二童 @赫里澤",
            "time": "15-4-25 20:47"
        },
        {
            "comment id": 32,
            "parent": -1,
            "children": [],
            "user id": "2480510254",
            "user name": "景德镇陶瓷大学青春同行社",
            "content": "给你们的未来加油给你们这三年点个赞",
            "time": "15-4-25 08:32"
        },
        {
            "comment id": 33,
            "parent": -1,
            "children": [],
            "user id": "2097063162",
            "user name": "可乐_多冰_",
            "content": "转发微博",
            "time": "15-4-25 02:24"
        },
        {
            "comment id": 34,
            "parent": -1,
            "children": [],
            "user id": "3238124244",
            "user name": "linyu1216",
            "content": "真爱",
            "time": "15-4-24 15:35"
        },
        {
            "comment id": 35,
            "parent": -1,
            "children": [],
            "user id": "3245371962",
            "user name": "柠萌同学-",
            "content": "嗯，很棒！//@虫子旁Zr: 校友真棒",
            "time": "15-4-24 15:02"
        },
        {
            "comment id": 36,
            "parent": -1,
            "children": [],
            "user id": "5546492605",
            "user name": "Nene你也喝奶茶",
            "content": "@朱旋都有人抢 这动作比较标准",
            "time": "15-4-24 12:21"
        },
        {
            "comment id": 37,
            "parent": -1,
            "children": [],
            "user id": "5587699731",
            "user name": "且歌且酒且远航",
            "content": "我们学校的",
            "time": "15-4-24 07:46"
        },
        {
            "comment id": 38,
            "parent": -1,
            "children": [],
            "user id": "3067953197",
            "user name": "不撸Brother",
            "content": "在一起，在一起！",
            "time": "15-4-23 19:47"
        },
        {
            "comment id": 39,
            "parent": -1,
            "children": [],
            "user id": "1268774414",
            "user name": "白里透红的喜多多",
            "content": "回复@诗歌的诗涵养的涵:不要真相[互相膜拜][互相膜拜][互相膜拜]我在努力减肥呢天天",
            "time": "15-4-23 16:55"
        },
        {
            "comment id": 40,
            "parent": -1,
            "children": [],
            "user id": "3369955772",
            "user name": "Ham_burger-",
            "content": "回复@阿欢召唤了太阳:哈哈，现在我俩反过来了",
            "time": "15-4-23 16:01"
        },
        {
            "comment id": 41,
            "parent": -1,
            "children": [],
            "user id": "1674648120",
            "user name": "MrZzhangg",
            "content": "回复@猫好好酱喵:咋样！！那边多少度啊 有雾霾么？",
            "time": "15-4-23 15:00"
        },
        {
            "comment id": 42,
            "parent": -1,
            "children": [],
            "user id": "3051420081",
            "user name": "咯吱咯吱君看热闹",
            "content": "回复@阿蛋先生要崛起:都在杭州了！",
            "time": "15-4-23 14:59"
        },
        {
            "comment id": 43,
            "parent": -1,
            "children": [],
            "user id": "1674648120",
            "user name": "MrZzhangg",
            "content": "回复@猫好好酱喵:你啥时候玩去啊",
            "time": "15-4-23 14:59"
        },
        {
            "comment id": 44,
            "parent": -1,
            "children": [],
            "user id": "1775100297",
            "user name": "SaYukine",
            "content": "如果这都不算爱",
            "time": "15-4-23 14:53"
        },
        {
            "comment id": 45,
            "parent": -1,
            "children": [],
            "user id": "2714400863",
            "user name": "V潇栀",
            "content": "👍👍",
            "time": "15-4-23 14:34"
        },
        {
            "comment id": 46,
            "parent": -1,
            "children": [],
            "user id": "2795284907",
            "user name": "久有凌云志1979",
            "content": "",
            "time": "15-4-23 14:28"
        },
        {
            "comment id": 47,
            "parent": -1,
            "children": [],
            "user id": "3202503957",
            "user name": "星Hero",
            "content": "最后在一起了",
            "time": "15-4-23 14:04"
        },
        {
            "comment id": 48,
            "parent": -1,
            "children": [],
            "user id": "1756952977",
            "user name": "Insist完美",
            "content": "加油。",
            "time": "15-4-23 13:46"
        },
        {
            "comment id": 49,
            "parent": -1,
            "children": [],
            "user id": "2706451774",
            "user name": "容家浅浅",
            "content": "都要越来越好",
            "time": "15-4-23 13:41"
        },
        {
            "comment id": 50,
            "parent": -1,
            "children": [],
            "user id": "5479936433",
            "user name": "家庭书房",
            "content": "祝福【背上的“兄弟”】#感恩人生#",
            "time": "15-4-23 13:24"
        },
        {
            "comment id": 51,
            "parent": -1,
            "children": [],
            "user id": "3709017202",
            "user name": "无敌软甜小可爱",
            "content": "好兄弟",
            "time": "15-4-23 13:12"
        },
        {
            "comment id": 52,
            "parent": -1,
            "children": [],
            "user id": "5454784995",
            "user name": "新雨晴思",
            "content": "加油！",
            "time": "15-4-23 13:08"
        },
        {
            "comment id": 53,
            "parent": -1,
            "children": [],
            "user id": "3268085104",
            "user name": "世界第一没sense",
            "content": "真爱",
            "time": "15-4-23 12:59"
        },
        {
            "comment id": 54,
            "parent": -1,
            "children": [],
            "user id": "2882035251",
            "user name": "王遇着",
            "content": "真是太感动了 善良的人都会有好报",
            "time": "15-4-23 12:49"
        },
        {
            "comment id": 55,
            "parent": -1,
            "children": [],
            "user id": "5445784681",
            "user name": "屏住呼吸好好说",
            "content": "加油↖(^ω^)↗！！！ 坚持到最后的人就会成功！",
            "time": "15-4-23 12:46"
        },
        {
            "comment id": 56,
            "parent": -1,
            "children": [],
            "user id": "2617189095",
            "user name": "泛泛一",
            "content": "好好考入一所大学然后光明正大的在一起",
            "time": "15-4-23 12:45"
        },
        {
            "comment id": 57,
            "parent": -1,
            "children": [],
            "user id": "1718516735",
            "user name": "layaya恬然",
            "content": "中国好同学的模范。祝考上理想大学！[鮮花][鮮花][鮮花][鮮花][鮮花][鮮花]",
            "time": "15-4-23 12:37"
        },
        {
            "comment id": 58,
            "parent": -1,
            "children": [],
            "user id": "3033475331",
            "user name": "莲莲是超人",
            "content": "期待你们的好成绩。",
            "time": "15-4-23 12:25"
        },
        {
            "comment id": 59,
            "parent": -1,
            "children": [],
            "user id": "2750971020",
            "user name": "三少爷的_爹",
            "content": "基情四射",
            "time": "15-4-23 12:17"
        },
        {
            "comment id": 60,
            "parent": -1,
            "children": [],
            "user id": "1631808750",
            "user name": "安静寂悲-雅芳",
            "content": "人间真爱祝愿他们都考得自己心中的好成绩",
            "time": "15-4-23 11:31"
        },
        {
            "comment id": 61,
            "parent": -1,
            "children": [],
            "user id": "2080135541",
            "user name": "我是我的影子--",
            "content": "我竟然哭了",
            "time": "15-4-23 11:27"
        },
        {
            "comment id": 62,
            "parent": -1,
            "children": [],
            "user id": "5035509508",
            "user name": "丽江柒菇凉",
            "content": "加油 妹妹马上也要高考",
            "time": "15-4-23 11:02"
        },
        {
            "comment id": 63,
            "parent": -1,
            "children": [],
            "user id": "3051420081",
            "user name": "咯吱咯吱君看热闹",
            "content": "回复@阿蛋先生要崛起:哈哈哈哈哈",
            "time": "15-4-23 10:44"
        },
        {
            "comment id": 64,
            "parent": -1,
            "children": [],
            "user id": "1674648120",
            "user name": "MrZzhangg",
            "content": "回复@猫好好酱喵:不是一个字！！我是马也！",
            "time": "15-4-23 10:39"
        },
        {
            "comment id": 65,
            "parent": -1,
            "children": [],
            "user id": "2360704400",
            "user name": "用户2360704400",
            "content": "到了大学就一帆风顺吗？就是胜利吗？讨厌无脑吹高考",
            "time": "15-4-23 10:26"
        },
        {
            "comment id": 66,
            "parent": -1,
            "children": [],
            "user id": "2178522494",
            "user name": "吴烦烦xi",
            "content": "我去。。真爱啊！！！在一起！！！",
            "time": "15-4-23 10:11"
        },
        {
            "comment id": 67,
            "parent": -1,
            "children": [],
            "user id": "5325135995",
            "user name": "烧酒加炸鸡",
            "content": "加油…",
            "time": "15-4-23 10:06"
        },
        {
            "comment id": 68,
            "parent": -1,
            "children": [],
            "user id": "3681843643",
            "user name": "豆沙豆沙哦",
            "content": "好兄弟  一辈子的幸运",
            "time": "15-4-23 09:17"
        },
        {
            "comment id": 69,
            "parent": -1,
            "children": [],
            "user id": "3905083605",
            "user name": "-Oyellowstone",
            "content": "加油！",
            "time": "15-4-23 09:15"
        },
        {
            "comment id": 70,
            "parent": -1,
            "children": [],
            "user id": "2080295411",
            "user name": "yueng呵呵",
            "content": "@古言书童 @zero陈00",
            "time": "15-4-23 08:48"
        },
        {
            "comment id": 71,
            "parent": -1,
            "children": [],
            "user id": "3175710352",
            "user name": "小肖先生x",
            "content": "加油",
            "time": "15-4-23 08:45"
        },
        {
            "comment id": 72,
            "parent": -1,
            "children": [],
            "user id": "5110998262",
            "user name": "大丸子-林",
            "content": "满满正能量~这就是爱~哎~",
            "time": "15-4-23 08:45"
        },
        {
            "comment id": 73,
            "parent": -1,
            "children": [],
            "user id": "2610408265",
            "user name": "Smile-China2012",
            "content": "多少年后，都难忘那一段“我那背上的兄弟”之青葱岁月~",
            "time": "15-4-23 08:42"
        },
        {
            "comment id": 74,
            "parent": -1,
            "children": [],
            "user id": "3006576817",
            "user name": "爱吃洋芋的小牛",
            "content": "祝高考取得好成绩！梦想成真！",
            "time": "15-4-23 08:36"
        },
        {
            "comment id": 75,
            "parent": -1,
            "children": [],
            "user id": "5148079183",
            "user name": "我要去吹风",
            "content": "好人有好报，加油！兄弟！",
            "time": "15-4-23 08:14"
        },
        {
            "comment id": 76,
            "parent": -1,
            "children": [],
            "user id": "1816556261",
            "user name": "三石515",
            "content": "祝福考上好大学，也祝福有个健康的身体。",
            "time": "15-4-23 08:10"
        },
        {
            "comment id": 77,
            "parent": -1,
            "children": [],
            "user id": "5373540858",
            "user name": "丘外黑",
            "content": "加油",
            "time": "15-4-23 08:08"
        },
        {
            "comment id": 78,
            "parent": -1,
            "children": [],
            "user id": "5093324468",
            "user name": "叶云云女士",
            "content": "中国好兄弟！",
            "time": "15-4-23 07:57"
        },
        {
            "comment id": 79,
            "parent": -1,
            "children": [],
            "user id": "1834635130",
            "user name": "下个季节的问候",
            "content": "哇。这么棒的同学。致敬。",
            "time": "15-4-23 07:38"
        }
    ]
}