{
    "source": {
        "content": "【山西同煤姜家湾煤矿透水事故：最新发现4人生还】4月19日，同煤集团地煤公司姜家湾煤矿综采一队8446工作面发生透水，24人被困。20日晚，在井下发现7名遇难者遗体，仍有17人被困。今天，井下发现4人生还，刚刚升井送入医院！目前，救援仍在进行。（央视） ",
        "time": "15-4-21 13:21",
        "user id": "1784473157",
        "tweet id": "CehXsdX7s",
        "label": 0,
        "theme": "灾难事故"
    },
    "comment": [
        {
            "comment id": 0,
            "parent": -1,
            "children": [],
            "user id": "1778115293",
            "user name": "西瓜好甜呀-",
            "content": "回复@Y演技派:那是把人救出来的时候的开心",
            "time": "15-4-23 08:45"
        },
        {
            "comment id": 1,
            "parent": -1,
            "children": [],
            "user id": "2059402393",
            "user name": "_犹如飞蛾扑火_",
            "content": "这么多年了，看过很多次这样的报道，为什么相关部门仍然没有做好保护矿工的举措，每个人的生命同等重要，并非他们他们职业比较卑微就能了了完事，倘若有什么省长、书记下洞里视察，肯定安全措施做得非常齐全，其实就是不重视矿工们的生命！",
            "time": "15-4-22 10:50"
        },
        {
            "comment id": 2,
            "parent": -1,
            "children": [],
            "user id": "2076695265",
            "user name": "Y演技派",
            "content": "各位领导还在拍掌？丝毫没有紧张感，这是你在旁边拍掌的时候吗？",
            "time": "15-4-21 22:09"
        },
        {
            "comment id": 3,
            "parent": -1,
            "children": [],
            "user id": "3653330597",
            "user name": "憧憬读未来",
            "content": "监管部门没来罚款？地方政府首脑没来康凯陈词？承担主要责住的临时工警方还没控制？",
            "time": "15-4-21 18:14"
        },
        {
            "comment id": 4,
            "parent": -1,
            "children": [],
            "user id": "5546106521",
            "user name": "朕要回幼儿园深造l",
            "content": "加油，为了身边的人，活下来",
            "time": "15-4-21 16:03"
        },
        {
            "comment id": 5,
            "parent": -1,
            "children": [],
            "user id": "3175930975",
            "user name": "ALEX的幸运手",
            "content": "当真悲剧！",
            "time": "15-4-21 15:24"
        },
        {
            "comment id": 6,
            "parent": -1,
            "children": [],
            "user id": "3169579943",
            "user name": "Call_Mars",
            "content": "加油！",
            "time": "15-4-21 14:38"
        },
        {
            "comment id": 7,
            "parent": -1,
            "children": [],
            "user id": "5591676657",
            "user name": "悲剧的人生2015_266",
            "content": "回复@沈默字拙言号江南:聪明 一针见血啊",
            "time": "15-4-21 14:38"
        },
        {
            "comment id": 8,
            "parent": -1,
            "children": [],
            "user id": "5543338662",
            "user name": "烟雨桃花潭1798",
            "content": "刚刚那字错了，是“祝”",
            "time": "15-4-21 14:31"
        },
        {
            "comment id": 9,
            "parent": -1,
            "children": [],
            "user id": "5513506641",
            "user name": "白永国81953",
            "content": "人命关天，矿难难除，愿还在井下的矿工们平安归来。",
            "time": "15-4-21 14:30"
        },
        {
            "comment id": 10,
            "parent": -1,
            "children": [],
            "user id": "5553217901",
            "user name": "东方不败da",
            "content": "祈祷",
            "time": "15-4-21 14:30"
        },
        {
            "comment id": 11,
            "parent": -1,
            "children": [],
            "user id": "5543338662",
            "user name": "烟雨桃花潭1798",
            "content": "秀平安",
            "time": "15-4-21 14:30"
        },
        {
            "comment id": 12,
            "parent": -1,
            "children": [],
            "user id": "5513506641",
            "user name": "白永国81953",
            "content": "回复@沈默字拙言号江南:上层采空区积水也是疏忽造成的",
            "time": "15-4-21 14:29"
        },
        {
            "comment id": 13,
            "parent": -1,
            "children": [],
            "user id": "5374991616",
            "user name": "little小小小怪兽",
            "content": "我老公在现场救人 好几天没回家了 吃饭的时间没吃饭偷偷给我打了一个电话 我告诉他 要救多多的人 我的老公是一个伟大的男人！哎 好想哭。",
            "time": "15-4-21 14:27"
        },
        {
            "comment id": 14,
            "parent": -1,
            "children": [],
            "user id": "2051149301",
            "user name": "沈默字拙言号江南",
            "content": "现在的科学技术难道不能杜绝此类事故发生？还是说因管理不到位造成？",
            "time": "15-4-21 14:26"
        },
        {
            "comment id": 15,
            "parent": -1,
            "children": [],
            "user id": "1994080707",
            "user name": "北京608",
            "content": "加油！多活一个是一个！",
            "time": "15-4-21 13:55"
        },
        {
            "comment id": 16,
            "parent": -1,
            "children": [],
            "user id": "2954862995",
            "user name": "大黄saffa",
            "content": "祝平安",
            "time": "15-4-21 13:41"
        },
        {
            "comment id": 17,
            "parent": -1,
            "children": [],
            "user id": "5462013436",
            "user name": "从今天开始做个懂得生活的女子",
            "content": "祈祷",
            "time": "15-4-21 13:35"
        },
        {
            "comment id": 18,
            "parent": -1,
            "children": [],
            "user id": "1767460870",
            "user name": "AlfredLudwigWong",
            "content": "祈福，顺便祝愿有好更好的消息传来。PS 逝者安息",
            "time": "15-4-21 13:26"
        },
        {
            "comment id": 19,
            "parent": -1,
            "children": [],
            "user id": "5424887866",
            "user name": "举杯相约下午茶",
            "content": "期待其余的人员都能够安全获救！",
            "time": "15-4-21 13:25"
        },
        {
            "comment id": 20,
            "parent": -1,
            "children": [],
            "user id": "1713847712",
            "user name": "梦山玉竹",
            "content": "转发微博",
            "time": "15-4-21 13:25"
        },
        {
            "comment id": 21,
            "parent": -1,
            "children": [],
            "user id": "1688626251",
            "user name": "Dave_E",
            "content": "祈祷",
            "time": "15-4-21 13:23"
        }
    ]
}