{
    "source": {
        "content": "【看100遍都不会厌恶的27部电影】片荒的不妨看看！by电影工厂 ",
        "time": "15-4-21 13:30",
        "user id": "1642512402",
        "tweet id": "Cei0NlUsI",
        "label": 0,
        "theme": "文体娱乐"
    },
    "comment": [
        {
            "comment id": 0,
            "parent": -1,
            "children": [],
            "user id": "2176267127",
            "user name": "南生南生_",
            "content": "@Soldier呉鵬",
            "time": "17-5-15 13:42"
        },
        {
            "comment id": 1,
            "parent": -1,
            "children": [],
            "user id": "2284050473",
            "user name": "小蜜轰轰",
            "content": "@毛毛毛毛帆",
            "time": "15-7-2 10:39"
        },
        {
            "comment id": 2,
            "parent": -1,
            "children": [],
            "user id": "2691346754",
            "user name": "花田_君",
            "content": "@苏州大学",
            "time": "15-5-8 19:12"
        },
        {
            "comment id": 3,
            "parent": -1,
            "children": [],
            "user id": "5185236218",
            "user name": "学生小黄",
            "content": "@Starrainy星雨",
            "time": "15-5-4 12:47"
        },
        {
            "comment id": 4,
            "parent": -1,
            "children": [],
            "user id": "2978265802",
            "user name": "TiantianDY",
            "content": "看了21部确实不错",
            "time": "15-5-3 23:58"
        },
        {
            "comment id": 5,
            "parent": -1,
            "children": [],
            "user id": "5208817561",
            "user name": "摇金铃",
            "content": "@Y阿止",
            "time": "15-4-28 19:56"
        },
        {
            "comment id": 6,
            "parent": -1,
            "children": [],
            "user id": "2284050473",
            "user name": "小蜜轰轰",
            "content": "@颖00001",
            "time": "15-4-26 20:04"
        },
        {
            "comment id": 7,
            "parent": -1,
            "children": [],
            "user id": "5342467951",
            "user name": "方头喵酱",
            "content": "@彬哥不在",
            "time": "15-4-22 23:33"
        },
        {
            "comment id": 8,
            "parent": -1,
            "children": [],
            "user id": "2683324501",
            "user name": "我所记得的遗忘",
            "content": "回复@小绵羊叫做大汪:这速度吗",
            "time": "15-4-22 17:04"
        },
        {
            "comment id": 9,
            "parent": -1,
            "children": [],
            "user id": "2683324501",
            "user name": "我所记得的遗忘",
            "content": "回复@小绵羊叫做大汪:好！",
            "time": "15-4-22 16:22"
        },
        {
            "comment id": 10,
            "parent": -1,
            "children": [],
            "user id": "5109612927",
            "user name": "暗中偷看傻子",
            "content": "蝴蝶没有怎么办",
            "time": "15-4-22 13:03"
        },
        {
            "comment id": 11,
            "parent": -1,
            "children": [],
            "user id": "1957678455",
            "user name": "我的雷克薩斯在哪",
            "content": "先留着，无聊的时候翻翻微博",
            "time": "15-4-21 22:04"
        },
        {
            "comment id": 12,
            "parent": -1,
            "children": [],
            "user id": "2613123807",
            "user name": "Doithehe",
            "content": "m",
            "time": "15-4-21 20:31"
        },
        {
            "comment id": 13,
            "parent": -1,
            "children": [],
            "user id": "3311944374",
            "user name": "Gzzzzzzz-",
            "content": "@阿橙冰糖",
            "time": "15-4-21 19:03"
        },
        {
            "comment id": 14,
            "parent": -1,
            "children": [],
            "user id": "2671037261",
            "user name": "翰的妈咪",
            "content": "@翰的daddy",
            "time": "15-4-21 16:53"
        },
        {
            "comment id": 15,
            "parent": -1,
            "children": [],
            "user id": "1943489245",
            "user name": "杨谦勇",
            "content": "闻香识女人",
            "time": "15-4-21 16:20"
        },
        {
            "comment id": 16,
            "parent": -1,
            "children": [],
            "user id": "3185303985",
            "user name": "木笙s",
            "content": "9部看过",
            "time": "15-4-21 16:17"
        },
        {
            "comment id": 17,
            "parent": -1,
            "children": [],
            "user id": "1400865724",
            "user name": "阿文微博",
            "content": "转发微博",
            "time": "15-4-21 15:54"
        },
        {
            "comment id": 18,
            "parent": -1,
            "children": [],
            "user id": "2165263683",
            "user name": "没有爸爸的阿贞观",
            "content": "大部分都看过",
            "time": "15-4-21 15:51"
        },
        {
            "comment id": 19,
            "parent": -1,
            "children": [],
            "user id": "2585713927",
            "user name": "老郭2012太康",
            "content": "此情可待成追忆 只是当时已惘然！",
            "time": "15-4-21 15:37"
        },
        {
            "comment id": 20,
            "parent": -1,
            "children": [],
            "user id": "3830089161",
            "user name": "这个肤浅的人丶",
            "content": "好像都看过。。。",
            "time": "15-4-21 15:34"
        },
        {
            "comment id": 21,
            "parent": -1,
            "children": [],
            "user id": "1201982327",
            "user name": "播撒星星点点",
            "content": "现在再看星爷的电影时心里总有种说不出来的酸涩…………",
            "time": "15-4-21 15:25"
        },
        {
            "comment id": 22,
            "parent": -1,
            "children": [],
            "user id": "1785875307",
            "user name": "寻找光明的飞鸟",
            "content": "好看必看的电影",
            "time": "15-4-21 15:22"
        },
        {
            "comment id": 23,
            "parent": -1,
            "children": [],
            "user id": "2117322381",
            "user name": "PpTaoooo",
            "content": "@multiflora_",
            "time": "15-4-21 15:21"
        },
        {
            "comment id": 24,
            "parent": -1,
            "children": [],
            "user id": "1861170752",
            "user name": "何鑫鑫鑫",
            "content": "@Jm家明家明",
            "time": "15-4-21 15:19"
        },
        {
            "comment id": 25,
            "parent": -1,
            "children": [],
            "user id": "1861170752",
            "user name": "何鑫鑫鑫",
            "content": "@我是TCccccccccc",
            "time": "15-4-21 15:18"
        },
        {
            "comment id": 26,
            "parent": -1,
            "children": [],
            "user id": "1899085872",
            "user name": "天才丷亮",
            "content": "11部没看过！",
            "time": "15-4-21 15:18"
        },
        {
            "comment id": 27,
            "parent": -1,
            "children": [],
            "user id": "5052506596",
            "user name": "那缇亚卟诺多",
            "content": "真的超赞",
            "time": "15-4-21 15:18"
        },
        {
            "comment id": 28,
            "parent": -1,
            "children": [],
            "user id": "3300177120",
            "user name": "晴天Zu",
            "content": "的确是经典",
            "time": "15-4-21 15:17"
        },
        {
            "comment id": 29,
            "parent": -1,
            "children": [],
            "user id": "2090206637",
            "user name": "树上出毛毛",
            "content": "假如爱有天意~~",
            "time": "15-4-21 15:16"
        },
        {
            "comment id": 30,
            "parent": -1,
            "children": [],
            "user id": "3793238967",
            "user name": "c程程c小姐",
            "content": "@一辈子妳就是我的夢想 有的看了",
            "time": "15-4-21 15:15"
        },
        {
            "comment id": 31,
            "parent": -1,
            "children": [],
            "user id": "3511184580",
            "user name": "继椿时里",
            "content": "马",
            "time": "15-4-21 15:14"
        },
        {
            "comment id": 32,
            "parent": -1,
            "children": [],
            "user id": "2462366131",
            "user name": "励志游天下",
            "content": "尤其是三傻，，看了20多遍。。。all is well",
            "time": "15-4-21 15:14"
        },
        {
            "comment id": 33,
            "parent": -1,
            "children": [],
            "user id": "5072178238",
            "user name": "才不和妖怪做朋友",
            "content": "可惜好多看过了！",
            "time": "15-4-21 15:14"
        },
        {
            "comment id": 34,
            "parent": -1,
            "children": [],
            "user id": "2691472481",
            "user name": "我在找我的小伙伴们",
            "content": "看过13部，v字千寻肖申克幸福来敲门看过三遍以上",
            "time": "15-4-21 15:13"
        },
        {
            "comment id": 35,
            "parent": -1,
            "children": [],
            "user id": "2506279983",
            "user name": "gravyken_cx",
            "content": "mark",
            "time": "15-4-21 15:12"
        },
        {
            "comment id": 36,
            "parent": -1,
            "children": [],
            "user id": "1793862527",
            "user name": "already喵",
            "content": "瓦力",
            "time": "15-4-21 15:12"
        },
        {
            "comment id": 37,
            "parent": -1,
            "children": [],
            "user id": "1793862527",
            "user name": "already喵",
            "content": "压力",
            "time": "15-4-21 15:11"
        },
        {
            "comment id": 38,
            "parent": -1,
            "children": [],
            "user id": "2683324501",
            "user name": "我所记得的遗忘",
            "content": "@小绵羊叫做大汪 @三相机 可以看看 都很经典。",
            "time": "15-4-21 15:11"
        },
        {
            "comment id": 39,
            "parent": -1,
            "children": [],
            "user id": "2105431973",
            "user name": "我是抹",
            "content": "@心生一",
            "time": "15-4-21 15:08"
        },
        {
            "comment id": 40,
            "parent": -1,
            "children": [],
            "user id": "2966170550",
            "user name": "YL土豆泥",
            "content": "转发微博",
            "time": "15-4-21 15:08"
        },
        {
            "comment id": 41,
            "parent": -1,
            "children": [],
            "user id": "5051463415",
            "user name": "我当时就震惊了了了",
            "content": "看过了一大半",
            "time": "15-4-21 15:08"
        },
        {
            "comment id": 42,
            "parent": -1,
            "children": [],
            "user id": "2953181995",
            "user name": "你看我的样子好像你爱我",
            "content": "都挺好的",
            "time": "15-4-21 15:04"
        },
        {
            "comment id": 43,
            "parent": -1,
            "children": [],
            "user id": "2345874467",
            "user name": "吃个果冻呗",
            "content": "基本都看过",
            "time": "15-4-21 15:01"
        },
        {
            "comment id": 44,
            "parent": -1,
            "children": [],
            "user id": "3496449542",
            "user name": "A23agf9s",
            "content": "偶尔看一下还是不错的选择 比起冷饭热炒的新商业影片 看看这些 还确实是不错的",
            "time": "15-4-21 15:01"
        },
        {
            "comment id": 45,
            "parent": -1,
            "children": [],
            "user id": "1963016293",
            "user name": "姜某的",
            "content": "mark",
            "time": "15-4-21 15:01"
        },
        {
            "comment id": 46,
            "parent": -1,
            "children": [],
            "user id": "2896219551",
            "user name": "美式不加冰ii",
            "content": "@Biubiubiu噢 【看见什么都会@ 你一下 这是怎么了】",
            "time": "15-4-21 15:01"
        },
        {
            "comment id": 47,
            "parent": -1,
            "children": [],
            "user id": "3260664885",
            "user name": "APTX-工藤",
            "content": "看Bruce Lee 的电影不腻",
            "time": "15-4-21 14:58"
        },
        {
            "comment id": 48,
            "parent": -1,
            "children": [],
            "user id": "2202332052",
            "user name": "viyaner",
            "content": "部部经典",
            "time": "15-4-21 14:56"
        },
        {
            "comment id": 49,
            "parent": -1,
            "children": [],
            "user id": "2062846555",
            "user name": "机智的凯",
            "content": "回复@请叫我兔子鼠:看看看，FAST&FURIOUS还看不看啦",
            "time": "15-4-21 14:56"
        },
        {
            "comment id": 50,
            "parent": -1,
            "children": [],
            "user id": "3405060052",
            "user name": "易思维教育",
            "content": "看过至少一半，确实不错，值得一看！",
            "time": "15-4-21 14:55"
        },
        {
            "comment id": 51,
            "parent": -1,
            "children": [],
            "user id": "2341242267",
            "user name": "山东鲁能无所不能丨",
            "content": "胡说 我只看了50遍就腻了",
            "time": "15-4-21 14:54"
        },
        {
            "comment id": 52,
            "parent": -1,
            "children": [],
            "user id": "1906133881",
            "user name": "黑户已废不用粉",
            "content": "确实都是好片",
            "time": "15-4-21 14:53"
        },
        {
            "comment id": 53,
            "parent": -1,
            "children": [],
            "user id": "3824772288",
            "user name": "雪中翩舞",
            "content": "就看过泰坦尼克号和夜访吸血鬼",
            "time": "15-4-21 14:53"
        },
        {
            "comment id": 54,
            "parent": -1,
            "children": [],
            "user id": "1953854777",
            "user name": "亲爱的葡萄OP",
            "content": "装逼必看",
            "time": "15-4-21 14:52"
        },
        {
            "comment id": 55,
            "parent": -1,
            "children": [],
            "user id": "2724294483",
            "user name": "sevenofrose",
            "content": "@luoluo0909",
            "time": "15-4-21 14:51"
        },
        {
            "comment id": 56,
            "parent": -1,
            "children": [],
            "user id": "2190836697",
            "user name": "贝塔在此",
            "content": "基本都看过",
            "time": "15-4-21 14:51"
        },
        {
            "comment id": 57,
            "parent": -1,
            "children": [],
            "user id": "2728097207",
            "user name": "君明达",
            "content": "",
            "time": "15-4-21 14:48"
        },
        {
            "comment id": 58,
            "parent": -1,
            "children": [],
            "user id": "2010338371",
            "user name": "芮玩丸",
            "content": "不是本杰明 好吗 看剧照都知道是返老还童",
            "time": "15-4-21 14:48"
        },
        {
            "comment id": 59,
            "parent": -1,
            "children": [],
            "user id": "3349845714",
            "user name": "令狐冲是我的",
            "content": "10飘过",
            "time": "15-4-21 14:48"
        },
        {
            "comment id": 60,
            "parent": -1,
            "children": [],
            "user id": "2786835211",
            "user name": "S浩东",
            "content": "每一部都是一个经典～",
            "time": "15-4-21 14:45"
        },
        {
            "comment id": 61,
            "parent": -1,
            "children": [],
            "user id": "1836331334",
            "user name": "是暴躁狂啊",
            "content": "看过18部",
            "time": "15-4-21 14:42"
        },
        {
            "comment id": 62,
            "parent": -1,
            "children": [],
            "user id": "2210496922",
            "user name": "快乐的周好运",
            "content": "经典！！！！",
            "time": "15-4-21 14:41"
        },
        {
            "comment id": 63,
            "parent": -1,
            "children": [],
            "user id": "5584231734",
            "user name": "李叹惜",
            "content": "会烦的",
            "time": "15-4-21 14:41"
        },
        {
            "comment id": 64,
            "parent": -1,
            "children": [],
            "user id": "5203785608",
            "user name": "Katherine_myz",
            "content": "@paris在时代广场",
            "time": "15-4-21 14:39"
        },
        {
            "comment id": 65,
            "parent": -1,
            "children": [],
            "user id": "5355118654",
            "user name": "正能量upu",
            "content": "温没事多看看电影@扎来扎去扎你大扎",
            "time": "15-4-21 14:39"
        },
        {
            "comment id": 66,
            "parent": -1,
            "children": [],
            "user id": "1231964947",
            "user name": "荻涵",
            "content": "转发微博",
            "time": "15-4-21 14:36"
        },
        {
            "comment id": 67,
            "parent": -1,
            "children": [],
            "user id": "1661395717",
            "user name": "最爱周星星",
            "content": "没错，把没看的都看完。",
            "time": "15-4-21 14:36"
        },
        {
            "comment id": 68,
            "parent": -1,
            "children": [],
            "user id": "1881271682",
            "user name": "xiangzi的微博",
            "content": "V字 很棒",
            "time": "15-4-21 14:33"
        },
        {
            "comment id": 69,
            "parent": -1,
            "children": [],
            "user id": "2163432494",
            "user name": "cXheyyy",
            "content": "@Desire-扬东",
            "time": "15-4-21 14:32"
        },
        {
            "comment id": 70,
            "parent": -1,
            "children": [],
            "user id": "2289540454",
            "user name": "钟言天下",
            "content": "大话西游",
            "time": "15-4-21 14:29"
        },
        {
            "comment id": 71,
            "parent": -1,
            "children": [],
            "user id": "2870694020",
            "user name": "佳恩吗",
            "content": "@删繁就简千秋树 看起来啊啊",
            "time": "15-4-21 14:25"
        },
        {
            "comment id": 72,
            "parent": -1,
            "children": [],
            "user id": "5133404123",
            "user name": "芥末味乐乐i",
            "content": "马。",
            "time": "15-4-21 14:25"
        },
        {
            "comment id": 73,
            "parent": -1,
            "children": [],
            "user id": "2272615361",
            "user name": "duoduoshijiejie",
            "content": " @我的印象笔记",
            "time": "15-4-21 14:24"
        },
        {
            "comment id": 74,
            "parent": -1,
            "children": [],
            "user id": "5026355437",
            "user name": "朕的大清回来啦",
            "content": "早都看过了，给点新鲜的[挖鼻屎]",
            "time": "15-4-21 14:19"
        },
        {
            "comment id": 75,
            "parent": -1,
            "children": [],
            "user id": "1400898532",
            "user name": "中国好评论",
            "content": "朱茵的扮相太美了，台词也很经典！没有《阿甘正传》？",
            "time": "15-4-21 14:13"
        },
        {
            "comment id": 76,
            "parent": -1,
            "children": [],
            "user id": "5488843818",
            "user name": "篱门日斜",
            "content": "“完美”在永恒的追求和不断的接近中。人家拍电影在追求完美时，享受接近完美，所以，好电影真享受！",
            "time": "15-4-21 14:08"
        },
        {
            "comment id": 77,
            "parent": -1,
            "children": [],
            "user id": "5519662505",
            "user name": "你时光茫万丈",
            "content": "蝴蝶找不到，怦然心动只有预告片，想看但是不知道去哪看",
            "time": "15-4-21 14:05"
        },
        {
            "comment id": 78,
            "parent": -1,
            "children": [],
            "user id": "3974383860",
            "user name": "冷吃牛排",
            "content": "都看完了，然后呢",
            "time": "15-4-21 14:02"
        },
        {
            "comment id": 79,
            "parent": -1,
            "children": [],
            "user id": "2606936495",
            "user name": "靳素颜",
            "content": "好看 尤其是图二上的 温暖又好看",
            "time": "15-4-21 14:00"
        }
    ]
}