{
    "source": {
        "content": "【鲁冰花原来长这样】“夜夜想起妈妈的话，闪闪的泪光鲁冰花”，很多人会唱这首歌，可你见过鲁冰花吗？这种原产北美的植物首次在江苏鼋头渚景区引种成功，5000多株鲁冰花像一座座彩色小宝塔。鲁冰花学名羽扇豆，它春天开花，花期过后花跟叶全部回归泥土，所以又叫“母亲花”。（央视记者吴睿） ",
        "time": "15-4-21 13:32",
        "user id": "2656274875",
        "tweet id": "Cei1V4Dyx",
        "label": 0,
        "theme": "文体娱乐"
    },
    "comment": [
        {
            "comment id": 0,
            "parent": -1,
            "children": [],
            "user id": "2135780830",
            "user name": "青春郯城",
            "content": "回复@考研的甜甜:xiexie",
            "time": "15-6-4 09:12"
        },
        {
            "comment id": 1,
            "parent": -1,
            "children": [],
            "user id": "3234435924",
            "user name": "粥可温12367",
            "content": "鼋头渚不是无锡的么……",
            "time": "15-5-28 00:44"
        },
        {
            "comment id": 2,
            "parent": -1,
            "children": [],
            "user id": "1978715625",
            "user name": "L黔中赋T",
            "content": "@静-雅-时光 在公园见到的是这个吗？",
            "time": "15-5-19 06:39"
        },
        {
            "comment id": 3,
            "parent": -1,
            "children": [],
            "user id": "3194073143",
            "user name": "谢福666",
            "content": "保存“母亲花\",思念母亲爱。",
            "time": "15-5-17 18:30"
        },
        {
            "comment id": 4,
            "parent": -1,
            "children": [],
            "user id": "5534427705",
            "user name": "适-丘-",
            "content": "这像洋！地！黄！",
            "time": "15-5-12 20:00"
        },
        {
            "comment id": 5,
            "parent": -1,
            "children": [],
            "user id": "5514437257",
            "user name": "今天千玺宝宝开心吗",
            "content": "好漂亮",
            "time": "15-5-9 16:29"
        },
        {
            "comment id": 6,
            "parent": -1,
            "children": [],
            "user id": "3312633347",
            "user name": "S还是渣点好",
            "content": "回复@六月七日青:。。。。。。。。嗯",
            "time": "15-5-6 13:15"
        },
        {
            "comment id": 7,
            "parent": -1,
            "children": [],
            "user id": "2209288532",
            "user name": "-喝酸奶饱了吗-",
            "content": "@13级音乐教育团支部",
            "time": "15-5-4 19:17"
        },
        {
            "comment id": 8,
            "parent": -1,
            "children": [],
            "user id": "1692289204",
            "user name": "司月洁",
            "content": "回复@荣娜的小情绪:我可以说我以前听这首歌的时候总是想到绿豆饼吗………",
            "time": "15-5-3 21:02"
        },
        {
            "comment id": 9,
            "parent": -1,
            "children": [],
            "user id": "5581226545",
            "user name": "SmileApplegirl",
            "content": "鲁冰花[雪][雪]原来长这样 😜 😜",
            "time": "15-5-3 14:49"
        },
        {
            "comment id": 10,
            "parent": -1,
            "children": [],
            "user id": "1789463237",
            "user name": "少女吴哈哈-",
            "content": "回复@肥肥的肥肥玲:me too😂😂",
            "time": "15-5-1 19:47"
        },
        {
            "comment id": 11,
            "parent": -1,
            "children": [],
            "user id": "5248075769",
            "user name": "pppIIIccc",
            "content": "鲁冰花是什么？？我不会唱",
            "time": "15-4-30 20:57"
        },
        {
            "comment id": 12,
            "parent": -1,
            "children": [],
            "user id": "3756574115",
            "user name": "喵嗷呜77",
            "content": "我一直以为鲁冰花是一个女孩子的名字←_←",
            "time": "15-4-30 00:58"
        },
        {
            "comment id": 13,
            "parent": -1,
            "children": [],
            "user id": "5077167568",
            "user name": "药湖一草芥",
            "content": "好美丽的鲁冰花!",
            "time": "15-4-28 21:58"
        },
        {
            "comment id": 14,
            "parent": -1,
            "children": [],
            "user id": "2660940105",
            "user name": "昂仔的小胖头oO",
            "content": "漂酿～一直以为鲁冰花是冬天的窗花或者雪花",
            "time": "15-4-28 08:42"
        },
        {
            "comment id": 15,
            "parent": -1,
            "children": [],
            "user id": "2586081564",
            "user name": "烁J烁",
            "content": "好美啊，我一直以为是雪花。。。额",
            "time": "15-4-27 21:49"
        },
        {
            "comment id": 16,
            "parent": -1,
            "children": [],
            "user id": "2882837807",
            "user name": "黄思强HSQ",
            "content": "鲁冰花！！",
            "time": "15-4-27 13:04"
        },
        {
            "comment id": 17,
            "parent": -1,
            "children": [],
            "user id": "3256766700",
            "user name": "vvvvvv晚饭",
            "content": "当时去的时候导游还特地说了这是鲁冰花",
            "time": "15-4-26 22:41"
        },
        {
            "comment id": 18,
            "parent": -1,
            "children": [],
            "user id": "5191139737",
            "user name": "草原都市人",
            "content": "原来鲁冰花这么漂亮，让没见过的人都欣赏一下。",
            "time": "15-4-26 18:14"
        },
        {
            "comment id": 19,
            "parent": -1,
            "children": [],
            "user id": "3048994093",
            "user name": "流年淡抹-",
            "content": "歌词很美！",
            "time": "15-4-26 09:32"
        },
        {
            "comment id": 20,
            "parent": -1,
            "children": [],
            "user id": "5386282349",
            "user name": "惜墨惜墨",
            "content": "@司月洁",
            "time": "15-4-26 07:50"
        },
        {
            "comment id": 21,
            "parent": -1,
            "children": [],
            "user id": "2405200861",
            "user name": "________墨-",
            "content": "回覆@風_不了情:我以為是吃的，想紅豆沙綠豆沙那種。。竟然是花。。。",
            "time": "15-4-25 23:28"
        },
        {
            "comment id": 22,
            "parent": -1,
            "children": [],
            "user id": "5550458267",
            "user name": "梦未眠y",
            "content": "回复@逆向小思维:美，带我去看吧",
            "time": "15-4-25 21:35"
        },
        {
            "comment id": 23,
            "parent": -1,
            "children": [],
            "user id": "2652787172",
            "user name": "保持沉默才是金",
            "content": "",
            "time": "15-4-25 19:11"
        },
        {
            "comment id": 24,
            "parent": -1,
            "children": [],
            "user id": "5584746021",
            "user name": "意隆19581",
            "content": "好美的鲁冰花//@袁国宝: 好美～ //@张晨初艺术空间://@y3_time: 爷爷想起妈妈的话，小时候听这个以为是个孤儿被爷爷抚养。。。还有鲁冰花就是窗户上霜",
            "time": "15-4-25 17:33"
        },
        {
            "comment id": 25,
            "parent": -1,
            "children": [],
            "user id": "5521345834",
            "user name": "石油交易中心A股票",
            "content": "[饞嘴]",
            "time": "15-4-25 14:46"
        },
        {
            "comment id": 26,
            "parent": -1,
            "children": [],
            "user id": "1785071783",
            "user name": "-西瓜味的少女-",
            "content": "咋那么像薰衣草呢？",
            "time": "15-4-25 12:29"
        },
        {
            "comment id": 27,
            "parent": -1,
            "children": [],
            "user id": "2128484777",
            "user name": "三月春风余雪",
            "content": "真没想到鲁冰花真是花[懒得理你]",
            "time": "15-4-25 09:05"
        },
        {
            "comment id": 28,
            "parent": -1,
            "children": [],
            "user id": "2032658275",
            "user name": "嗯该叫什么名字好呢",
            "content": "原来真的有鲁冰花啊",
            "time": "15-4-25 00:46"
        },
        {
            "comment id": 29,
            "parent": -1,
            "children": [],
            "user id": "5383089831",
            "user name": "用户5383089831",
            "content": "鲁冰花首次看到",
            "time": "15-4-24 21:06"
        },
        {
            "comment id": 30,
            "parent": -1,
            "children": [],
            "user id": "2543685504",
            "user name": "夏夜风吟",
            "content": "是风信子吗？感觉就是",
            "time": "15-4-24 20:29"
        },
        {
            "comment id": 31,
            "parent": -1,
            "children": [],
            "user id": "5253953062",
            "user name": "姓杨的都是大美女",
            "content": "乍一看像熏衣草",
            "time": "15-4-24 17:43"
        },
        {
            "comment id": 32,
            "parent": -1,
            "children": [],
            "user id": "1736369145",
            "user name": "赖欣彤Tammy",
            "content": "一直以为是雪花❄️@稀子夏D3ath",
            "time": "15-4-24 08:28"
        },
        {
            "comment id": 33,
            "parent": -1,
            "children": [],
            "user id": "1715633782",
            "user name": "白桃宝宝",
            "content": "好像薰衣草",
            "time": "15-4-24 08:07"
        },
        {
            "comment id": 34,
            "parent": -1,
            "children": [],
            "user id": "3692574223",
            "user name": "逊你美",
            "content": "真美！",
            "time": "15-4-24 04:33"
        },
        {
            "comment id": 35,
            "parent": -1,
            "children": [],
            "user id": "1917596563",
            "user name": "陈小见见见",
            "content": "回复@没有隔离:首次引进。。。写歌词的也厉害的",
            "time": "15-4-24 02:34"
        },
        {
            "comment id": 36,
            "parent": -1,
            "children": [],
            "user id": "3797024163",
            "user name": "有名神经病",
            "content": "天上的星星…参北斗啊～风风火火闯九州啊～嘿儿伊儿哟…",
            "time": "15-4-23 23:42"
        },
        {
            "comment id": 37,
            "parent": -1,
            "children": [],
            "user id": "1036725422",
            "user name": "Grace范",
            "content": "《鲁冰花》大概是我第一部看哭的电影，那会儿还是个小学生。在新西兰见过遍野的鲁冰花特别美，应该图5就是",
            "time": "15-4-23 23:12"
        },
        {
            "comment id": 38,
            "parent": -1,
            "children": [],
            "user id": "5162230774",
            "user name": "倾尽权心i",
            "content": "跟薰衣草好像似哦",
            "time": "15-4-23 23:02"
        },
        {
            "comment id": 39,
            "parent": -1,
            "children": [],
            "user id": "2002597043",
            "user name": "HHkeiman",
            "content": "回复@吴桂丽在这里:没看到实物，不好做评论啊",
            "time": "15-4-23 22:30"
        },
        {
            "comment id": 40,
            "parent": -1,
            "children": [],
            "user id": "2192273072",
            "user name": "乌龟在这里",
            "content": "回复@Qbrian_蔡不舍:这个不知道是真是假",
            "time": "15-4-23 22:13"
        },
        {
            "comment id": 41,
            "parent": -1,
            "children": [],
            "user id": "2002597043",
            "user name": "HHkeiman",
            "content": "回复@吴桂丽在这里:好的，不懈！！然后跟薰衣草的颜色一样啊～",
            "time": "15-4-23 22:05"
        },
        {
            "comment id": 42,
            "parent": -1,
            "children": [],
            "user id": "3210117687",
            "user name": "指望小可爱",
            "content": "现在唱这首歌都会伤感的。[泪流满面]",
            "time": "15-4-23 21:41"
        },
        {
            "comment id": 43,
            "parent": -1,
            "children": [],
            "user id": "2617218244",
            "user name": "我在这里deng你",
            "content": "涨资势了…！…",
            "time": "15-4-23 20:48"
        },
        {
            "comment id": 44,
            "parent": -1,
            "children": [],
            "user id": "3312408793",
            "user name": "翟波涛军",
            "content": "没想到鲁冰花还有这样的作用呢.",
            "time": "15-4-23 20:35"
        },
        {
            "comment id": 45,
            "parent": -1,
            "children": [],
            "user id": "3523863842",
            "user name": "朵啦go",
            "content": "原来这就是鲁冰花呀.[江南style]",
            "time": "15-4-23 20:33"
        },
        {
            "comment id": 46,
            "parent": -1,
            "children": [],
            "user id": "1749967684",
            "user name": "虫昔笔小仙",
            "content": "不要骗我，这明明是风信子嘛",
            "time": "15-4-23 20:20"
        },
        {
            "comment id": 47,
            "parent": -1,
            "children": [],
            "user id": "1700098832",
            "user name": "间歇性话唠美少女",
            "content": "回复@杨碗碗:我觉得我们绕了一圈啊…",
            "time": "15-4-23 19:58"
        },
        {
            "comment id": 48,
            "parent": -1,
            "children": [],
            "user id": "1761641740",
            "user name": "杨碗碗",
            "content": "回复@戴维舒:因为我们只走了一条路！估计在另一条路上> <",
            "time": "15-4-23 19:50"
        },
        {
            "comment id": 49,
            "parent": -1,
            "children": [],
            "user id": "5532629589",
            "user name": "疯子般的冷静女孩",
            "content": "妈妈的花",
            "time": "15-4-23 19:33"
        },
        {
            "comment id": 50,
            "parent": -1,
            "children": [],
            "user id": "1700098832",
            "user name": "间歇性话唠美少女",
            "content": "@杨碗碗 我们为啥没有看到…",
            "time": "15-4-23 19:16"
        },
        {
            "comment id": 51,
            "parent": -1,
            "children": [],
            "user id": "5236524955",
            "user name": "A-小金牛",
            "content": "噢一直以为鲁冰花是雪花之类的花…",
            "time": "15-4-23 19:08"
        },
        {
            "comment id": 52,
            "parent": -1,
            "children": [],
            "user id": "3291698065",
            "user name": "手机用户3291698065",
            "content": "长的好像熏衣草。",
            "time": "15-4-23 18:51"
        },
        {
            "comment id": 53,
            "parent": -1,
            "children": [],
            "user id": "1937471215",
            "user name": "鲸的随想",
            "content": "小时候唱的时候总有疑问，为什么是 爷爷想起妈妈的话？😂",
            "time": "15-4-23 18:30"
        },
        {
            "comment id": 54,
            "parent": -1,
            "children": [],
            "user id": "2196286917",
            "user name": "DAA5",
            "content": "好多色彩",
            "time": "15-4-23 18:20"
        },
        {
            "comment id": 55,
            "parent": -1,
            "children": [],
            "user id": "2395466715",
            "user name": "阳光20050217",
            "content": "真美🌹🌹🌹",
            "time": "15-4-23 17:11"
        },
        {
            "comment id": 56,
            "parent": -1,
            "children": [],
            "user id": "3411925202",
            "user name": "-Sweetian-",
            "content": "鲁冰花开@青春郯城",
            "time": "15-4-23 17:10"
        },
        {
            "comment id": 57,
            "parent": -1,
            "children": [],
            "user id": "3411925202",
            "user name": "-Sweetian-",
            "content": "鲁冰花开@共青团郯城县委",
            "time": "15-4-23 16:57"
        },
        {
            "comment id": 58,
            "parent": -1,
            "children": [],
            "user id": "3052175931",
            "user name": "-遠熒-",
            "content": "回复@duoduo躲迷藏:我以为是雪花",
            "time": "15-4-23 16:42"
        },
        {
            "comment id": 59,
            "parent": -1,
            "children": [],
            "user id": "3787824853",
            "user name": "巡完南山巡北山哦耶",
            "content": "回复@B大王派我来巡山:鲁冰花，还有豆呢~~啾啾啾[飞个吻]",
            "time": "15-4-23 16:38"
        },
        {
            "comment id": 60,
            "parent": -1,
            "children": [],
            "user id": "1824056115",
            "user name": "_九月的兔子oO",
            "content": "一直以为是冰花",
            "time": "15-4-23 15:28"
        },
        {
            "comment id": 61,
            "parent": -1,
            "children": [],
            "user id": "1515890750",
            "user name": "七哥努力变富婆",
            "content": "我一直以为是雪花",
            "time": "15-4-23 14:52"
        },
        {
            "comment id": 62,
            "parent": -1,
            "children": [],
            "user id": "3227803182",
            "user name": "云卷云舒899",
            "content": "回复@老树韧皮部:开眼界",
            "time": "15-4-23 14:51"
        },
        {
            "comment id": 63,
            "parent": -1,
            "children": [],
            "user id": "2390191032",
            "user name": "酷盖祝大爷",
            "content": "闪闪的泪光鲁冰花",
            "time": "15-4-23 13:37"
        },
        {
            "comment id": 64,
            "parent": -1,
            "children": [],
            "user id": "5578151654",
            "user name": "yywwww516",
            "content": "像一串串芝麻真美丽",
            "time": "15-4-23 13:37"
        },
        {
            "comment id": 65,
            "parent": -1,
            "children": [],
            "user id": "3402350350",
            "user name": "周新MAN",
            "content": "一直以为鲁冰花是一种雪花，告诉我，我不是一个人",
            "time": "15-4-23 13:02"
        },
        {
            "comment id": 66,
            "parent": -1,
            "children": [],
            "user id": "3196410382",
            "user name": "晶晶是光",
            "content": "我一直以为鲁冰花是雪花的另一种叫法或者是雪花一种 因为闪闪的冰@行者sucre",
            "time": "15-4-23 12:55"
        },
        {
            "comment id": 67,
            "parent": -1,
            "children": [],
            "user id": "2219382650",
            "user name": "欣戚两忘过而不留",
            "content": "以后有机会了去看",
            "time": "15-4-23 12:47"
        },
        {
            "comment id": 68,
            "parent": -1,
            "children": [],
            "user id": "1802630232",
            "user name": "谁让你来偷看的",
            "content": "@小马甲有大智慧",
            "time": "15-4-23 12:39"
        },
        {
            "comment id": 69,
            "parent": -1,
            "children": [],
            "user id": "2732402752",
            "user name": "乳鼻姐姐",
            "content": "我从小听这首歌，从小就疑惑为什么爷爷想起妈妈的话就泪光闪闪",
            "time": "15-4-23 12:35"
        },
        {
            "comment id": 70,
            "parent": -1,
            "children": [],
            "user id": "2092514254",
            "user name": "BOBxCHANG",
            "content": "真是眼界大开",
            "time": "15-4-23 12:25"
        },
        {
            "comment id": 71,
            "parent": -1,
            "children": [],
            "user id": "1173916662",
            "user name": "忙碌的刘老师Amy",
            "content": "一直以为是冬天的冰花……",
            "time": "15-4-23 12:03"
        },
        {
            "comment id": 72,
            "parent": -1,
            "children": [],
            "user id": "1883151873",
            "user name": "章鱼萌酱",
            "content": "真美",
            "time": "15-4-23 11:24"
        },
        {
            "comment id": 73,
            "parent": -1,
            "children": [],
            "user id": "1959951561",
            "user name": "kiroro031",
            "content": "回复@糖吵毛栗子:非常美丽的地方，还想去",
            "time": "15-4-23 11:09"
        },
        {
            "comment id": 74,
            "parent": -1,
            "children": [],
            "user id": "1914999591",
            "user name": "Neptune-M",
            "content": "回复@颐莲-俏颜:原先说台湾有鲁冰花，种在茶树旁熏陶有香味，比喻母爱无私，感觉不像是这种花啊，好像薰衣草",
            "time": "15-4-23 10:58"
        },
        {
            "comment id": 75,
            "parent": -1,
            "children": [],
            "user id": "2192273072",
            "user name": "乌龟在这里",
            "content": "@Qbrian_蔡不舍 呐，给你科普一下、不用感谢我",
            "time": "15-4-23 10:57"
        },
        {
            "comment id": 76,
            "parent": -1,
            "children": [],
            "user id": "2119594867",
            "user name": "小鹿在爬树",
            "content": "好美腻啊[花心]",
            "time": "15-4-23 10:54"
        },
        {
            "comment id": 77,
            "parent": -1,
            "children": [],
            "user id": "2383229525",
            "user name": "猫的下半辈子",
            "content": "记得小时候看过的一部电影，故事蛮感人的，影片里的歌曲就是《鲁冰花》",
            "time": "15-4-23 10:49"
        },
        {
            "comment id": 78,
            "parent": -1,
            "children": [],
            "user id": "5182385230",
            "user name": "MoonisacoinItossed",
            "content": "回复@大胡椒面儿:真好看",
            "time": "15-4-23 10:45"
        },
        {
            "comment id": 79,
            "parent": -1,
            "children": [],
            "user id": "3934498208",
            "user name": "EberysLoven",
            "content": "好美的花，和妈妈一样美。希望天下母亲美丽长存。。。",
            "time": "15-4-23 10:41"
        }
    ]
}