{
    "source": {
        "content": "#微镜头#【巨蟒生吞鳄鱼后 对镜头“顽皮一笑”】20日，澳大利亚一名女子在昆士兰遇到一条巨大的橄榄蟒，吞噬一只淡水鳄鱼。她冒险用镜头记录下了这一幕，最后蟒蛇对着镜头顽皮一笑，好像什么也没发生……网页链接 ",
        "time": "15-4-21 13:59",
        "user id": "2656274875",
        "tweet id": "CeicUw4HM",
        "label": 0,
        "theme": "文体娱乐"
    },
    "comment": [
        {
            "comment id": 0,
            "parent": -1,
            "children": [],
            "user id": "2827137174",
            "user name": "Rachellur",
            "content": "回复@Chenyyhhh:666",
            "time": "15-9-2 10:44"
        },
        {
            "comment id": 1,
            "parent": -1,
            "children": [],
            "user id": "2827137174",
            "user name": "Rachellur",
            "content": "怎么可以吃鳄鳄'鳄鳄那么可爱'66666",
            "time": "15-9-2 10:42"
        },
        {
            "comment id": 2,
            "parent": -1,
            "children": [],
            "user id": "2051714774",
            "user name": "C我的小鹿撞死了",
            "content": "@HuIdZ",
            "time": "15-6-30 12:34"
        },
        {
            "comment id": 3,
            "parent": -1,
            "children": [],
            "user id": "5579206230",
            "user name": "andreaasdf",
            "content": "@GavinZZZZZ",
            "time": "15-6-24 22:37"
        },
        {
            "comment id": 4,
            "parent": -1,
            "children": [],
            "user id": "3702587053",
            "user name": "有只Rabbit叫不二",
            "content": "回复@折葵与陆生:我看过电视，很多年前⊙▽⊙",
            "time": "15-5-24 18:18"
        },
        {
            "comment id": 5,
            "parent": -1,
            "children": [],
            "user id": "1988231120",
            "user name": "挣扎的表情微笑",
            "content": "生猛",
            "time": "15-5-18 15:27"
        },
        {
            "comment id": 6,
            "parent": -1,
            "children": [],
            "user id": "1977141902",
            "user name": "清风提刑官",
            "content": "回复@Real_____Madrid:",
            "time": "15-4-27 14:15"
        },
        {
            "comment id": 7,
            "parent": -1,
            "children": [],
            "user id": "1752485327",
            "user name": "米斯特_涼",
            "content": "回复@Rex-Tan:恐怖😱",
            "time": "15-4-26 21:59"
        },
        {
            "comment id": 8,
            "parent": -1,
            "children": [],
            "user id": "3702587053",
            "user name": "有只Rabbit叫不二",
            "content": "回复@我还有力气和你斗嘴吵架:这种画面你觉得适合我看嘛",
            "time": "15-4-25 18:50"
        },
        {
            "comment id": 9,
            "parent": -1,
            "children": [],
            "user id": "1663970494",
            "user name": "秀气小脸",
            "content": "好牛逼的蛇，我最爱看蟒蛇吞东西",
            "time": "15-4-25 11:20"
        },
        {
            "comment id": 10,
            "parent": -1,
            "children": [],
            "user id": "5389356800",
            "user name": "云币咚咚",
            "content": "他的意思是说，下一个就是你~",
            "time": "15-4-24 09:26"
        },
        {
            "comment id": 11,
            "parent": -1,
            "children": [],
            "user id": "2448743803",
            "user name": "_清喜_",
            "content": "回复@wennie罗:撑死的多了",
            "time": "15-4-23 21:18"
        },
        {
            "comment id": 12,
            "parent": -1,
            "children": [],
            "user id": "1826454562",
            "user name": "M洛可可",
            "content": "回复@zZ樱桃蜜儿:我去，它肚子不胀嘛？怎么挪动",
            "time": "15-4-23 20:18"
        },
        {
            "comment id": 13,
            "parent": -1,
            "children": [],
            "user id": "3941042896",
            "user name": "欢喜与一",
            "content": "哈吃哈胀@_清喜_",
            "time": "15-4-23 18:41"
        },
        {
            "comment id": 14,
            "parent": -1,
            "children": [],
            "user id": "1896575013",
            "user name": "逐日向上-ling梓梓",
            "content": "@逐日向上__donttlike",
            "time": "15-4-23 14:31"
        },
        {
            "comment id": 15,
            "parent": -1,
            "children": [],
            "user id": "2424362390",
            "user name": "小提琴cherish",
            "content": "很久都不用吃东西了！",
            "time": "15-4-23 14:27"
        },
        {
            "comment id": 16,
            "parent": -1,
            "children": [],
            "user id": "3995198551",
            "user name": "真令人大开眼界1",
            "content": "@二二两两22",
            "time": "15-4-23 11:01"
        },
        {
            "comment id": 17,
            "parent": -1,
            "children": [],
            "user id": "1886138691",
            "user name": "w大瓜瓜",
            "content": "",
            "time": "15-4-23 07:31"
        },
        {
            "comment id": 18,
            "parent": -1,
            "children": [],
            "user id": "2259249700",
            "user name": "TreeTree耶",
            "content": "回复@王YONG_:吃的都走不动了",
            "time": "15-4-22 23:24"
        },
        {
            "comment id": 19,
            "parent": -1,
            "children": [],
            "user id": "3889689072",
            "user name": "浮生若梦与谁共度",
            "content": "图片顺序不对",
            "time": "15-4-22 23:11"
        },
        {
            "comment id": 20,
            "parent": -1,
            "children": [],
            "user id": "1312825095",
            "user name": "粗腰小蛮",
            "content": "从哪能看出来顽皮一笑？扯鸡巴蛋。",
            "time": "15-4-22 20:54"
        },
        {
            "comment id": 21,
            "parent": -1,
            "children": [],
            "user id": "2187433920",
            "user name": "崔字倒写",
            "content": "看完我整个人都不好了",
            "time": "15-4-22 18:10"
        },
        {
            "comment id": 22,
            "parent": -1,
            "children": [],
            "user id": "2651323937",
            "user name": "YaoYoooo",
            "content": "好可怕",
            "time": "15-4-22 17:14"
        },
        {
            "comment id": 23,
            "parent": -1,
            "children": [],
            "user id": "2113407455",
            "user name": "淋清水",
            "content": "回复@彪悍的人生可以很低调:👌",
            "time": "15-4-22 15:49"
        },
        {
            "comment id": 24,
            "parent": -1,
            "children": [],
            "user id": "1955253600",
            "user name": "捡捡西瓜",
            "content": "@凸B_男勃丸_ @真的是闪电么 @大掌脸柜 @子小国松 蛇女单杀鳄鱼",
            "time": "15-4-22 15:34"
        },
        {
            "comment id": 25,
            "parent": -1,
            "children": [],
            "user id": "2814971014",
            "user name": "两个春天四条虫",
            "content": "胃不会被戳破吗",
            "time": "15-4-22 14:18"
        },
        {
            "comment id": 26,
            "parent": -1,
            "children": [],
            "user id": "1839538203",
            "user name": "天使喜欢六",
            "content": "回复@Onlyone周袁安子:66666   蛇女：给你一个眼神  自己体会🐍",
            "time": "15-4-22 11:34"
        },
        {
            "comment id": 27,
            "parent": -1,
            "children": [],
            "user id": "2769285071",
            "user name": "旧郭",
            "content": "不会消化不良吗[挖鼻屎]",
            "time": "15-4-22 11:32"
        },
        {
            "comment id": 28,
            "parent": -1,
            "children": [],
            "user id": "1079635734",
            "user name": "赖床小姐W",
            "content": "回复@TristanQu:应该是昆士兰州北部热带地区 澳洲的生物都很奇特",
            "time": "15-4-22 11:21"
        },
        {
            "comment id": 29,
            "parent": -1,
            "children": [],
            "user id": "2374704692",
            "user name": "ZHLLL_23",
            "content": "@程鹏宇_",
            "time": "15-4-22 11:19"
        },
        {
            "comment id": 30,
            "parent": -1,
            "children": [],
            "user id": "5029370497",
            "user name": "熊不二",
            "content": "吃我好容易的事",
            "time": "15-4-22 11:10"
        },
        {
            "comment id": 31,
            "parent": -1,
            "children": [],
            "user id": "1873303193",
            "user name": "春天的月亮ya",
            "content": "回复@春峰2061:医药室？😳",
            "time": "15-4-22 10:54"
        },
        {
            "comment id": 32,
            "parent": -1,
            "children": [],
            "user id": "2492306423",
            "user name": "寒光零乱为谁偏照醽醁",
            "content": "我就想说一句话 鳄鱼那么硬不噎得慌吗",
            "time": "15-4-22 10:45"
        },
        {
            "comment id": 33,
            "parent": -1,
            "children": [],
            "user id": "3167796083",
            "user name": "薛之谦女朋友Cher",
            "content": "@_漠北_",
            "time": "15-4-22 10:38"
        },
        {
            "comment id": 34,
            "parent": -1,
            "children": [],
            "user id": "2957883973",
            "user name": "Z-我的花啊",
            "content": "得是成精了",
            "time": "15-4-22 10:31"
        },
        {
            "comment id": 35,
            "parent": -1,
            "children": [],
            "user id": "2962903703",
            "user name": "来自星星的劳资",
            "content": "",
            "time": "15-4-22 10:27"
        },
        {
            "comment id": 36,
            "parent": -1,
            "children": [],
            "user id": "2962903703",
            "user name": "来自星星的劳资",
            "content": "别说蟒蛇了就普通小蛇都很恐怖啊",
            "time": "15-4-22 10:26"
        },
        {
            "comment id": 37,
            "parent": -1,
            "children": [],
            "user id": "2962903703",
            "user name": "来自星星的劳资",
            "content": "我的妈妈呀，好恐怖",
            "time": "15-4-22 10:25"
        },
        {
            "comment id": 38,
            "parent": -1,
            "children": [],
            "user id": "2668997981",
            "user name": "加一点甜mua",
            "content": "回复@一个非常聪明的人:看标题我就不会点进去",
            "time": "15-4-22 09:59"
        },
        {
            "comment id": 39,
            "parent": -1,
            "children": [],
            "user id": "1808963057",
            "user name": "一个非常聪明的人",
            "content": "@马爷说她不在",
            "time": "15-4-22 09:59"
        },
        {
            "comment id": 40,
            "parent": -1,
            "children": [],
            "user id": "2827867653",
            "user name": "槿茯",
            "content": "这要是在中国……",
            "time": "15-4-22 09:57"
        },
        {
            "comment id": 41,
            "parent": -1,
            "children": [],
            "user id": "3188197645",
            "user name": "mayonnaisegirl_",
            "content": "回复@vic2012:没有长焦怕被吃",
            "time": "15-4-22 09:48"
        },
        {
            "comment id": 42,
            "parent": -1,
            "children": [],
            "user id": "2290095564",
            "user name": "井宝理人",
            "content": "回复@刺猬裹在棉花里:你说他皮不会搓破吗。。看着就咯的疼",
            "time": "15-4-22 09:45"
        },
        {
            "comment id": 43,
            "parent": -1,
            "children": [],
            "user id": "1912210811",
            "user name": "刺猬裹在棉花里",
            "content": "回复@实在不晓得取什么了:你每次就喜欢艾特我这种东西！！！！！！",
            "time": "15-4-22 09:41"
        },
        {
            "comment id": 44,
            "parent": -1,
            "children": [],
            "user id": "2290095564",
            "user name": "井宝理人",
            "content": " @刺猬裹在棉花里",
            "time": "15-4-22 09:39"
        },
        {
            "comment id": 45,
            "parent": -1,
            "children": [],
            "user id": "3771485430",
            "user name": "F顽皮",
            "content": "好噁心,好恐怖,這蛇也忒牛B了吧,鱷魚都能吞下去.",
            "time": "15-4-22 09:38"
        },
        {
            "comment id": 46,
            "parent": -1,
            "children": [],
            "user id": "2270038410",
            "user name": "云不言冰",
            "content": "幸好吃了鳄鱼，不然这女的会不会被它盯上。。。",
            "time": "15-4-22 09:34"
        },
        {
            "comment id": 47,
            "parent": -1,
            "children": [],
            "user id": "2424607031",
            "user name": "AmberMonth",
            "content": "啥笑啊，明明是在把颌骨复位",
            "time": "15-4-22 09:16"
        },
        {
            "comment id": 48,
            "parent": -1,
            "children": [],
            "user id": "2136429901",
            "user name": "黄育斌-",
            "content": "回复@有只兔:。。。评论里：这得多少健胃消食片",
            "time": "15-4-22 09:14"
        },
        {
            "comment id": 49,
            "parent": -1,
            "children": [],
            "user id": "3553543820",
            "user name": "有只兔",
            "content": "@AVD-bingo 感觉刚吃的早餐哽在喉咙",
            "time": "15-4-22 09:08"
        },
        {
            "comment id": 50,
            "parent": -1,
            "children": [],
            "user id": "1875708803",
            "user name": "KUMA就是个懒熊",
            "content": "",
            "time": "15-4-22 09:08"
        },
        {
            "comment id": 51,
            "parent": -1,
            "children": [],
            "user id": "1688353324",
            "user name": "Ac-Vajra",
            "content": "回复@社会主义接班人--张sky:我要把你吃了",
            "time": "15-4-22 09:01"
        },
        {
            "comment id": 52,
            "parent": -1,
            "children": [],
            "user id": "2426449553",
            "user name": "好不好好不好的萌妹妹",
            "content": "好恶心～",
            "time": "15-4-22 08:41"
        },
        {
            "comment id": 53,
            "parent": -1,
            "children": [],
            "user id": "2693657400",
            "user name": "傻傻垠芳",
            "content": "@文儿文儿22",
            "time": "15-4-22 08:31"
        },
        {
            "comment id": 54,
            "parent": -1,
            "children": [],
            "user id": "2669962541",
            "user name": "猫ZAI_",
            "content": "巨蟒碉堡了，那莞尔一笑是不是在说今天吃饱了，明天再吃你这个人!",
            "time": "15-4-22 08:27"
        },
        {
            "comment id": 55,
            "parent": -1,
            "children": [],
            "user id": "1881730260",
            "user name": "而已_21",
            "content": "回复@-傻檸儿-:一点不恶心啊",
            "time": "15-4-22 08:16"
        },
        {
            "comment id": 56,
            "parent": -1,
            "children": [],
            "user id": "5053758245",
            "user name": "C137柯南伯格",
            "content": "这一笑意味深长啊",
            "time": "15-4-22 07:50"
        },
        {
            "comment id": 57,
            "parent": -1,
            "children": [],
            "user id": "2092810844",
            "user name": "江威Joy",
            "content": "回复@Onlyone周袁安子:上单没有插好眼[呵呵][呵呵][呵呵]",
            "time": "15-4-22 07:48"
        },
        {
            "comment id": 58,
            "parent": -1,
            "children": [],
            "user id": "5204080859",
            "user name": "Yogi媚子",
            "content": "感觉好恐怖。",
            "time": "15-4-22 07:40"
        },
        {
            "comment id": 59,
            "parent": -1,
            "children": [],
            "user id": "5562574619",
            "user name": "20二零要健康",
            "content": "恶心",
            "time": "15-4-22 07:37"
        },
        {
            "comment id": 60,
            "parent": -1,
            "children": [],
            "user id": "2427559192",
            "user name": "搞笑幽默段王爷",
            "content": "回复@Z星球小祖咒:",
            "time": "15-4-22 07:30"
        },
        {
            "comment id": 61,
            "parent": -1,
            "children": [],
            "user id": "5553179723",
            "user name": "Junko-ting",
            "content": "回复@挨踢小王:巨蟒吃了鳄鱼就不会攻击人类了，它们进食的次数很少",
            "time": "15-4-22 07:08"
        },
        {
            "comment id": 62,
            "parent": -1,
            "children": [],
            "user id": "1883130423",
            "user name": "wing陀陀",
            "content": "整个人都不好了",
            "time": "15-4-22 05:19"
        },
        {
            "comment id": 63,
            "parent": -1,
            "children": [],
            "user id": "5404419183",
            "user name": "孤独如她",
            "content": "回复@ETERNITY牡丹花77:握爪",
            "time": "15-4-22 03:20"
        },
        {
            "comment id": 64,
            "parent": -1,
            "children": [],
            "user id": "3964189736",
            "user name": "ETERNITY牡丹花77",
            "content": "Reply@孤独如她:还有我呢。[呵呵]",
            "time": "15-4-22 02:48"
        },
        {
            "comment id": 65,
            "parent": -1,
            "children": [],
            "user id": "2924878950",
            "user name": "Cc美云仔_xiao胖",
            "content": "@Luo志亮 好恶心，我怕",
            "time": "15-4-22 02:21"
        },
        {
            "comment id": 66,
            "parent": -1,
            "children": [],
            "user id": "5384307462",
            "user name": "壞孩孒駕到了",
            "content": "zhuangguan",
            "time": "15-4-22 02:16"
        },
        {
            "comment id": 67,
            "parent": -1,
            "children": [],
            "user id": "5404419183",
            "user name": "孤独如她",
            "content": "只有我一个人觉得很可爱吗🐍",
            "time": "15-4-22 02:11"
        },
        {
            "comment id": 68,
            "parent": -1,
            "children": [],
            "user id": "1933487090",
            "user name": "X先生想创业",
            "content": "@笑笑笑笑笑点低 学姐 你看🐍🐍🐍",
            "time": "15-4-22 00:22"
        },
        {
            "comment id": 69,
            "parent": -1,
            "children": [],
            "user id": "1217930764",
            "user name": "落叶冬初",
            "content": "澳洲都是怪物",
            "time": "15-4-22 00:20"
        },
        {
            "comment id": 70,
            "parent": -1,
            "children": [],
            "user id": "3201005212",
            "user name": "消极掰-",
            "content": "肚子破了吗",
            "time": "15-4-22 00:18"
        },
        {
            "comment id": 71,
            "parent": -1,
            "children": [],
            "user id": "2611813441",
            "user name": "我是好得利",
            "content": "做噩梦了",
            "time": "15-4-21 23:58"
        },
        {
            "comment id": 72,
            "parent": -1,
            "children": [],
            "user id": "2132130954",
            "user name": "郭娇-Sue",
            "content": "雕兄……快上……",
            "time": "15-4-21 23:53"
        },
        {
            "comment id": 73,
            "parent": -1,
            "children": [],
            "user id": "2497312861",
            "user name": "浪八圈丶",
            "content": "蛇女野区完爆鳄鱼！",
            "time": "15-4-21 23:42"
        },
        {
            "comment id": 74,
            "parent": -1,
            "children": [],
            "user id": "2796635334",
            "user name": "Four就是-",
            "content": "回复@淋清水:好吧，自己去补补课",
            "time": "15-4-21 23:33"
        },
        {
            "comment id": 75,
            "parent": -1,
            "children": [],
            "user id": "5483089179",
            "user name": "B_e_l_i_e_v_e",
            "content": "回复@李大欠15-4:",
            "time": "15-4-21 23:31"
        },
        {
            "comment id": 76,
            "parent": -1,
            "children": [],
            "user id": "2658387851",
            "user name": "香蕉没有把儿",
            "content": "难道只有我觉得他在进食的时候很可爱吗",
            "time": "15-4-21 23:31"
        },
        {
            "comment id": 77,
            "parent": -1,
            "children": [],
            "user id": "1836313943",
            "user name": "东方圣荷西",
            "content": "太吓人了",
            "time": "15-4-21 23:26"
        },
        {
            "comment id": 78,
            "parent": -1,
            "children": [],
            "user id": "2897082420",
            "user name": "望盏凝",
            "content": "回复@讨厌西瓜的流月:好吧",
            "time": "15-4-21 23:19"
        },
        {
            "comment id": 79,
            "parent": -1,
            "children": [],
            "user id": "2190947300",
            "user name": "美美错儿",
            "content": "回复@台达朴伦:跟恐怖片似的",
            "time": "15-4-21 23:13"
        }
    ]
}