{
    "source": {
        "content": "【直击“阳光动力2号”起飞时刻】由于下雨天不能飞行，等待了21天后，今天早上6点5分，“阳光动力2号”终于从重庆江北国际机场飞往南京。借助了两名骑电动助力车的地勤人员，飞机成功起飞继续它的环球之行。戳视频看电动车是怎么推动大飞机的央视新闻的秒拍视频（央视记者李洪淼 王宏超） ",
        "time": "15-4-21 15:22",
        "user id": "2656274875",
        "tweet id": "CeiKzxEYo",
        "label": 0,
        "theme": "科技"
    },
    "comment": [
        {
            "comment id": 0,
            "parent": -1,
            "children": [],
            "user id": "2932469444",
            "user name": "沫沫妈妈呀沫沫妈",
            "content": "没人帮你",
            "time": "15-4-22 17:19"
        },
        {
            "comment id": 1,
            "parent": -1,
            "children": [],
            "user id": "2980768713",
            "user name": "乐观男孩VS",
            "content": "回复@vipSHAOQI:两个驾驶员",
            "time": "15-4-21 20:36"
        },
        {
            "comment id": 2,
            "parent": -1,
            "children": [],
            "user id": "3234522115",
            "user name": "翁美玲--美玲",
            "content": "【直击“阳光动力2号”起飞时刻】由于下雨天不能飞行，等待了21天后，今天早上6点5分，“阳光动力2号”终于从重庆江北国际机场飞往南京。借助了两名骑电动助力车的地勤人员，飞机成功起飞继续它的环球之行。戳视频看电动车是怎么推动大飞机的央视新闻的秒拍视频",
            "time": "15-4-21 20:28"
        },
        {
            "comment id": 3,
            "parent": -1,
            "children": [],
            "user id": "3192585702",
            "user name": "译中Eric",
            "content": "",
            "time": "15-4-21 19:52"
        },
        {
            "comment id": 4,
            "parent": -1,
            "children": [],
            "user id": "2402252563",
            "user name": "滁州共青团",
            "content": "转发微博",
            "time": "15-4-21 19:21"
        },
        {
            "comment id": 5,
            "parent": -1,
            "children": [],
            "user id": "3224028963",
            "user name": "MrMiller629",
            "content": "重庆是中国年日照时间最短的大城市，没有之一，当初听到这个消息，我也是觉得莫名其妙，重庆欢迎你，不过太阳能相关的东西跟重庆真心不沾边",
            "time": "15-4-21 19:17"
        },
        {
            "comment id": 6,
            "parent": -1,
            "children": [],
            "user id": "1751896780",
            "user name": "vipSHAOQI",
            "content": "里面坐有人吗",
            "time": "15-4-21 18:59"
        },
        {
            "comment id": 7,
            "parent": -1,
            "children": [],
            "user id": "2032068031",
            "user name": "御姐黑长直",
            "content": "选哪不好选重庆，傻孩子",
            "time": "15-4-21 17:30"
        },
        {
            "comment id": 8,
            "parent": -1,
            "children": [],
            "user id": "5101612109",
            "user name": "于思i",
            "content": "挺牛的",
            "time": "15-4-21 17:24"
        },
        {
            "comment id": 9,
            "parent": -1,
            "children": [],
            "user id": "2265307672",
            "user name": "桑代克在养猫",
            "content": "回复@Ru_Evan:10月中下旬到1月多雾，其余时候，比如今年春节后市区还没起雾",
            "time": "15-4-21 17:04"
        },
        {
            "comment id": 10,
            "parent": -1,
            "children": [],
            "user id": "5269935152",
            "user name": "大佬sunny",
            "content": "闲 着无  聊不如利用时间来做点事吧！有时间就做，没时间就不做！手  、机跟电   、脑都可以~详细点我",
            "time": "15-4-21 17:03"
        },
        {
            "comment id": 11,
            "parent": -1,
            "children": [],
            "user id": "5259706452",
            "user name": "Ru_Evan",
            "content": "回复@喵君桑代克:擦，我才离开几年就成这样啦？[挖鼻屎][挖鼻屎][挖鼻屎]",
            "time": "15-4-21 17:01"
        },
        {
            "comment id": 12,
            "parent": -1,
            "children": [],
            "user id": "2265307672",
            "user name": "桑代克在养猫",
            "content": "回复@Ru_Evan:重庆早就不是全年大雾了，现在重庆应该不再是雾都了",
            "time": "15-4-21 16:59"
        },
        {
            "comment id": 13,
            "parent": -1,
            "children": [],
            "user id": "3829052173",
            "user name": "长江黄花鱼",
            "content": "还要电动车拉飞机吗，驾驶员上过大学的那种",
            "time": "15-4-21 16:49"
        },
        {
            "comment id": 14,
            "parent": -1,
            "children": [],
            "user id": "3234522115",
            "user name": "翁美玲--美玲",
            "content": "【直击“阳光动力2号”起飞时刻】由于下雨天不能飞行，等待了21天后，今天早上6点5分，“阳光动力2号”终于从重庆江北国际机场飞往南京。借助了两名骑电动助力车的地勤人员，飞机成功起飞继续它的环球之行。戳视频看电动车是怎么推动大飞机的央视新闻的秒拍视频",
            "time": "15-4-21 16:47"
        },
        {
            "comment id": 15,
            "parent": -1,
            "children": [],
            "user id": "5259706452",
            "user name": "Ru_Evan",
            "content": "回复@喵君桑代克:别的地儿不停，非要停到重庆这个全年成天大雾的地儿。。不滞留就不正常了！",
            "time": "15-4-21 16:29"
        },
        {
            "comment id": 16,
            "parent": -1,
            "children": [],
            "user id": "3759442930",
            "user name": "五彩袈裟",
            "content": "如何飞？",
            "time": "15-4-21 16:27"
        },
        {
            "comment id": 17,
            "parent": -1,
            "children": [],
            "user id": "2265307672",
            "user name": "桑代克在养猫",
            "content": "整个四月份到今天重庆空气只有十七号空气质量是轻度污染其余时间全都是优和良PM2.5就没有上过100不知道那说雾霾的人是瞎了么？阳光动力滞留重庆的主要原因是风速和下游航路天气不佳",
            "time": "15-4-21 16:11"
        },
        {
            "comment id": 18,
            "parent": -1,
            "children": [],
            "user id": "1703601984",
            "user name": "柒点六十",
            "content": "这么厉害，大雾霾里还能飞，买买买",
            "time": "15-4-21 16:11"
        },
        {
            "comment id": 19,
            "parent": -1,
            "children": [],
            "user id": "1897141457",
            "user name": "六岁谈恋爱",
            "content": "风大一点就会倒着跑的飞机",
            "time": "15-4-21 16:02"
        },
        {
            "comment id": 20,
            "parent": -1,
            "children": [],
            "user id": "5465829837",
            "user name": "闫真真z",
            "content": "没理解。",
            "time": "15-4-21 15:59"
        },
        {
            "comment id": 21,
            "parent": -1,
            "children": [],
            "user id": "5173390125",
            "user name": "龙眼o_O",
            "content": "很酷",
            "time": "15-4-21 15:58"
        },
        {
            "comment id": 22,
            "parent": -1,
            "children": [],
            "user id": "2735165697",
            "user name": "金利福珠宝",
            "content": "雨天呢？阿狸3D硬金首饰品预计5月上市，阿狸党马上关注微信公众号：KIMLIFECHINA ，即可享受超低资格独家优惠哦！金利福珠宝官方旗舰店（微商城、天猫店、京东店、1号店）独家预售，快进来预订吧！",
            "time": "15-4-21 15:56"
        },
        {
            "comment id": 23,
            "parent": -1,
            "children": [],
            "user id": "5530173196",
            "user name": "凯哥爱你sunny",
            "content": "转发微博",
            "time": "15-4-21 15:50"
        },
        {
            "comment id": 24,
            "parent": -1,
            "children": [],
            "user id": "1503722550",
            "user name": "尼可瘪夏索",
            "content": "雾霾太大，太阳能飞机无法起飞",
            "time": "15-4-21 15:47"
        },
        {
            "comment id": 25,
            "parent": -1,
            "children": [],
            "user id": "2558995267",
            "user name": "背后有肌肉",
            "content": "选址有误，差评",
            "time": "15-4-21 15:47"
        },
        {
            "comment id": 26,
            "parent": -1,
            "children": [],
            "user id": "3820815941",
            "user name": "microoxen",
            "content": "下次保证不会再来中国了",
            "time": "15-4-21 15:46"
        },
        {
            "comment id": 27,
            "parent": -1,
            "children": [],
            "user id": "2376973741",
            "user name": "skywalkerami0",
            "content": "其实就是想在重庆玩玩 玩够再走。重庆美食…",
            "time": "15-4-21 15:44"
        },
        {
            "comment id": 28,
            "parent": -1,
            "children": [],
            "user id": "1788253644",
            "user name": "裁剪轻风流云",
            "content": "酷！",
            "time": "15-4-21 15:43"
        },
        {
            "comment id": 29,
            "parent": -1,
            "children": [],
            "user id": "2877227623",
            "user name": "你太呆",
            "content": "赞赞赞👍 赞赞赞👍 赞赞赞👍 赞赞赞👍 赞赞赞👍 赞赞赞👍 赞赞赞👍",
            "time": "15-4-21 15:38"
        },
        {
            "comment id": 30,
            "parent": -1,
            "children": [],
            "user id": "1026216027",
            "user name": "颢赟德李",
            "content": "这个飞机选择停在重庆，没半年后起飞就不错了",
            "time": "15-4-21 15:37"
        },
        {
            "comment id": 31,
            "parent": -1,
            "children": [],
            "user id": "3954319355",
            "user name": "yangkunhenmang",
            "content": "我放的风筝断了线到处找不到，原来在这，对不起吓着大家了",
            "time": "15-4-21 15:36"
        },
        {
            "comment id": 32,
            "parent": -1,
            "children": [],
            "user id": "2609572911",
            "user name": "请从我身上起来_",
            "content": "战狼高清，咱们结婚吧，失孤，速度与激情7，已出关注@电影枪先看 战狼高清，咱们结婚吧，失孤，速度与激情7，已出关注@电影枪先看战狼高清， 咱们结婚吧，失孤，速度与激情7，已出关注@电影枪先看 @电影枪先看 @电影枪先看 @电影枪先看",
            "time": "15-4-21 15:31"
        },
        {
            "comment id": 33,
            "parent": -1,
            "children": [],
            "user id": "5445566005",
            "user name": "纺大通信11301班in武汉",
            "content": "叼叼叼",
            "time": "15-4-21 15:30"
        },
        {
            "comment id": 34,
            "parent": -1,
            "children": [],
            "user id": "1229693564",
            "user name": "广播人沈雷",
            "content": "用助力车推动滑行助跑",
            "time": "15-4-21 15:29"
        },
        {
            "comment id": 35,
            "parent": -1,
            "children": [],
            "user id": "2282870083",
            "user name": "同译",
            "content": "如果突然遇上雷雨怎么办？北方夏天变天很快，会有危险吗？",
            "time": "15-4-21 15:29"
        },
        {
            "comment id": 36,
            "parent": -1,
            "children": [],
            "user id": "2735206613",
            "user name": "醉美人间wu",
            "content": "我昨晚看了央视关于对这次飞行的新闻采访，其中一个飞行员拥有25年的飞行经历！@头条新闻",
            "time": "15-4-21 15:28"
        },
        {
            "comment id": 37,
            "parent": -1,
            "children": [],
            "user id": "5344250889",
            "user name": "焦作发布",
            "content": "",
            "time": "15-4-21 15:27"
        },
        {
            "comment id": 38,
            "parent": -1,
            "children": [],
            "user id": "5321113595",
            "user name": "康堤花园户外家居",
            "content": "科技还是很脆弱的，大自然的力量是无穷的。一点变化让我无从下手，只有敬畏大自然才会得到庇护。还一个美丽的地球。",
            "time": "15-4-21 15:27"
        },
        {
            "comment id": 39,
            "parent": -1,
            "children": [],
            "user id": "1902461885",
            "user name": "没有名字的用户___",
            "content": "民航要改用太阳能飞机，延误就不是按小时计算了",
            "time": "15-4-21 15:27"
        },
        {
            "comment id": 40,
            "parent": -1,
            "children": [],
            "user id": "5405980489",
            "user name": "龙北志愿服务大队",
            "content": "",
            "time": "15-4-21 15:26"
        },
        {
            "comment id": 41,
            "parent": -1,
            "children": [],
            "user id": "1077204427",
            "user name": "秦澜",
            "content": "就像个大蜻蜓，真好",
            "time": "15-4-21 15:25"
        },
        {
            "comment id": 42,
            "parent": -1,
            "children": [],
            "user id": "3061618094",
            "user name": "第三方cth",
            "content": "来南京啦！",
            "time": "15-4-21 15:24"
        },
        {
            "comment id": 43,
            "parent": -1,
            "children": [],
            "user id": "5113783454",
            "user name": "199512橙",
            "content": "...",
            "time": "15-4-21 15:24"
        },
        {
            "comment id": 44,
            "parent": -1,
            "children": [],
            "user id": "3182406654",
            "user name": "我的故乡东港",
            "content": "转发微博",
            "time": "15-4-21 15:24"
        },
        {
            "comment id": 45,
            "parent": -1,
            "children": [],
            "user id": "1478069024",
            "user name": "用户3296723",
            "content": "就是一个大风筝啊",
            "time": "15-4-21 15:23"
        },
        {
            "comment id": 46,
            "parent": -1,
            "children": [],
            "user id": "1590348671",
            "user name": "Lauren穎-不完美的完美",
            "content": "转发微博",
            "time": "15-4-21 15:23"
        }
    ]
}