{
    "source": {
        "content": "#全民阅读周#【记下这些，让你更会读书】2014年我国人均纸质图书阅读量仅4.56本，低于调查显示的韩国11本，法国20本，日本40本。如何读书？①利用零碎时间 ②需兼顾深度和广度 ③不宜拖沓 ④做读书笔记 ⑤读后别忘与人分享和交流，能对书的内容有更深理解。转给爱书的TA！",
        "time": "15-4-21 15:41",
        "user id": "2656274875",
        "tweet id": "CeiS1q34J",
        "label": 0,
        "theme": "文体娱乐"
    },
    "comment": [
        {
            "comment id": 0,
            "parent": -1,
            "children": [],
            "user id": "5589522277",
            "user name": "柠檬酸青",
            "content": "回复@长大的幸福狂想曲:要不好，你上大连大学？",
            "time": "15-4-30 15:31"
        },
        {
            "comment id": 1,
            "parent": -1,
            "children": [],
            "user id": "5589522277",
            "user name": "柠檬酸青",
            "content": "回复@长大的幸福狂想曲:现在起，我打算向你学习了",
            "time": "15-4-29 16:08"
        },
        {
            "comment id": 2,
            "parent": -1,
            "children": [],
            "user id": "5589522277",
            "user name": "柠檬酸青",
            "content": "回复@长大的幸福狂想曲:有吗！你那也很认真啊？",
            "time": "15-4-29 16:07"
        },
        {
            "comment id": 3,
            "parent": -1,
            "children": [],
            "user id": "5589522277",
            "user name": "柠檬酸青",
            "content": "回复@长大的幸福狂想曲:她们学的比我还多",
            "time": "15-4-29 15:55"
        },
        {
            "comment id": 4,
            "parent": -1,
            "children": [],
            "user id": "5589522277",
            "user name": "柠檬酸青",
            "content": "回复@长大的幸福狂想曲:还好啊",
            "time": "15-4-29 15:55"
        },
        {
            "comment id": 5,
            "parent": -1,
            "children": [],
            "user id": "5589522277",
            "user name": "柠檬酸青",
            "content": "回复@长大的幸福狂想曲:不是说我怎样怎样，是你学习太好了让我有点忍不住嫉妒你",
            "time": "15-4-29 15:54"
        },
        {
            "comment id": 6,
            "parent": -1,
            "children": [],
            "user id": "5589522277",
            "user name": "柠檬酸青",
            "content": "回复@长大的幸福狂想曲:其实我读这也挺好，像我可以学舞蹈，画画，音乐，钢琴，虽不是很擅长，但每样的有涉及，可以补小课，练习自己的特长，再上课认真一点，多看一先书，少玩点手机，以后也会好好的，",
            "time": "15-4-29 15:51"
        },
        {
            "comment id": 7,
            "parent": -1,
            "children": [],
            "user id": "5589522277",
            "user name": "柠檬酸青",
            "content": "回复@长大的幸福狂想曲:有点？？？？",
            "time": "15-4-29 15:41"
        },
        {
            "comment id": 8,
            "parent": -1,
            "children": [],
            "user id": "5589522277",
            "user name": "柠檬酸青",
            "content": "回复@长大的幸福狂想曲:哦   我是师范生，但没你那么认真           和你不是一个层次的             你是认真，我是懒散的",
            "time": "15-4-27 13:42"
        },
        {
            "comment id": 9,
            "parent": -1,
            "children": [],
            "user id": "5589522277",
            "user name": "柠檬酸青",
            "content": "回复@长大的幸福狂想曲:你现在是什么职业？这么闲",
            "time": "15-4-25 13:25"
        },
        {
            "comment id": 10,
            "parent": -1,
            "children": [],
            "user id": "5589522277",
            "user name": "柠檬酸青",
            "content": "回复@长大的幸福狂想曲:这本书很好看的，我看过，没看完",
            "time": "15-4-25 13:22"
        },
        {
            "comment id": 11,
            "parent": -1,
            "children": [],
            "user id": "5589522277",
            "user name": "柠檬酸青",
            "content": "回复@长大的幸福狂想曲:很好的，谢了",
            "time": "15-4-25 13:20"
        },
        {
            "comment id": 12,
            "parent": -1,
            "children": [],
            "user id": "3423952160",
            "user name": "亚朵ATOUR",
            "content": "回复@性情冠中:",
            "time": "15-4-24 16:52"
        },
        {
            "comment id": 13,
            "parent": -1,
            "children": [],
            "user id": "3658899084",
            "user name": "-常妈妈-",
            "content": "有空还是读读书，纸质书最有感觉！",
            "time": "15-4-24 06:05"
        },
        {
            "comment id": 14,
            "parent": -1,
            "children": [],
            "user id": "5589522277",
            "user name": "柠檬酸青",
            "content": "回复@长大的幸福狂想曲:有好看的书吗？",
            "time": "15-4-23 12:05"
        },
        {
            "comment id": 15,
            "parent": -1,
            "children": [],
            "user id": "5589522277",
            "user name": "柠檬酸青",
            "content": "回复@长大的幸福狂想曲:你看的是什么书，给我介绍几本书吧",
            "time": "15-4-23 12:02"
        },
        {
            "comment id": 16,
            "parent": -1,
            "children": [],
            "user id": "5589522277",
            "user name": "柠檬酸青",
            "content": "回复@长大的幸福狂想曲:看来你很喜欢看书，我现在要向你学习",
            "time": "15-4-23 12:00"
        },
        {
            "comment id": 17,
            "parent": -1,
            "children": [],
            "user id": "5591600743",
            "user name": "zijiyiger挺好的",
            "content": "哪有卖//@央视新闻:#全民阅读周#【记下这些，让你更会读书】2014年我国人均纸质图书阅读量仅4.56本，低于调查显示的韩国11本，法国20本，日本40本。如何读书？①利用零碎时间 ②需兼顾深度和广度 ③不宜拖沓 ④做读书笔记 ⑤读后别忘与人分享和交流，能对书的内容有更深理解。转给爱书的TA！",
            "time": "15-4-23 10:40"
        },
        {
            "comment id": 18,
            "parent": -1,
            "children": [],
            "user id": "2932469444",
            "user name": "沫沫妈妈呀沫沫妈",
            "content": "一吵架就看得出好多东西！毕竟同事而已！没人真心心疼你",
            "time": "15-4-22 17:17"
        },
        {
            "comment id": 19,
            "parent": -1,
            "children": [],
            "user id": "1811569503",
            "user name": "Fernweh开心果果",
            "content": "要不送你@阳光下的多肉植物 书好了？？顺便为平均阅读量做贡献？//@央视新闻:#全民阅读周#【记下这些，让你更会读书】2014年我国人均纸质图书阅读量仅4.56本，低于调查显示的韩国11本，法国20本，日本40本。如何读书？①利用零碎时间 ②需兼顾深度和广度 ③不宜拖沓 ④做读书笔转给爱书的TA！",
            "time": "15-4-22 09:34"
        },
        {
            "comment id": 20,
            "parent": -1,
            "children": [],
            "user id": "2360770672",
            "user name": "宋小雨是小鱼",
            "content": "若你是一把雨伞，我是一把雨伞，我们遇到了就碰碰表示问候 ☔ ☔ ☔ 若你是一台播放机，我是一台播放机，我们遇到了就一起唱首歌 🎵 🎵 🎵 若我是一把雨伞，而你是一台播放机，我们遇到了，那么，请你为我唱首歌，我为你遮着雨",
            "time": "15-4-22 09:12"
        },
        {
            "comment id": 21,
            "parent": -1,
            "children": [],
            "user id": "3928993826",
            "user name": "兰和杜若",
            "content": "大三了，才发现自己看过的书太少太少，虽然一直在努力弥补这块缺失，却总是被很多琐事搅扰，因而真正能静心阅读的时间被挤占的所剩无几……现在唯有珍惜学校里的阅读资源了，只希望:离别的时候，能少点遗憾，多份坦然！//@央视新闻:#全民阅读周#",
            "time": "15-4-22 09:04"
        },
        {
            "comment id": 22,
            "parent": -1,
            "children": [],
            "user id": "1574398344",
            "user name": "_向多多",
            "content": "回复@乌龙茶麻婆豆腐:应该是卖出去的书除国家人数.....然后看平均每人读几本，感觉日本卖的最多的应该是漫画吧....",
            "time": "15-4-22 08:50"
        },
        {
            "comment id": 23,
            "parent": -1,
            "children": [],
            "user id": "1574820144",
            "user name": "武汉汉来广场",
            "content": "2014年中国人均纸质图书阅读量仅4.56本，低于调查显示的韩国11本，法国20本，日本40本。如何读书？",
            "time": "15-4-22 08:42"
        },
        {
            "comment id": 24,
            "parent": -1,
            "children": [],
            "user id": "3008270561",
            "user name": "海狸先生VS阿童木小姐",
            "content": "多读书！//@央视新闻:#全民阅读周#【记下这些，让你更会读书】2014年我国人均纸质图书阅读量仅4.56本，低于调查显示的韩国11本，法国20本，日本40本。如何读书？①利用零碎时间 ②需兼顾深度和广度 ③不宜拖沓 ④做读书笔记 ⑤读后别忘与人分享和交流，能对书的内容有更深理解。转给爱书的TA！",
            "time": "15-4-22 08:35"
        },
        {
            "comment id": 25,
            "parent": -1,
            "children": [],
            "user id": "1932536200",
            "user name": "戍輝",
            "content": "//@央视新闻:#全民阅读周#【记下这些，让你更会读书】2014年我国人均纸质图书阅读量仅4.56本，低于调查显示的韩国11本，法国20本，日本40本。如何读书？①利用零碎时间 ②需兼顾深度和广度 ③不宜拖沓 ④做读书笔记 ⑤读后别忘与人分享和交流，能对书的内容有更深理解。转给爱书的TA！",
            "time": "15-4-22 01:57"
        },
        {
            "comment id": 26,
            "parent": -1,
            "children": [],
            "user id": "5591370286",
            "user name": "麦兜的爸爸123",
            "content": "回复@迪加Ru:每个城市都有公共图书馆的",
            "time": "15-4-22 00:29"
        },
        {
            "comment id": 27,
            "parent": -1,
            "children": [],
            "user id": "3552954957",
            "user name": "一路黔行冯小姐",
            "content": "回复@涧边听音:史书，文学，小说，诗集差不多都会看",
            "time": "15-4-21 22:39"
        },
        {
            "comment id": 28,
            "parent": -1,
            "children": [],
            "user id": "1276668102",
            "user name": "猫小妖Erin",
            "content": "竟然一本都没看过",
            "time": "15-4-21 22:06"
        },
        {
            "comment id": 29,
            "parent": -1,
            "children": [],
            "user id": "2381380675",
            "user name": "南文锁丹",
            "content": "首先，纸质书还是我的最爱，但是第一太贵第二拿着不方便，如果单论看书，我3个月就可以40本普通厚度的书，",
            "time": "15-4-21 21:33"
        },
        {
            "comment id": 30,
            "parent": -1,
            "children": [],
            "user id": "3234522115",
            "user name": "翁美玲--美玲",
            "content": " #全民阅读周#【记下这些，让你更会读书】2014年我国人均纸质图书阅读量仅4.56本，低于调查显示的韩国11本，法国20本，日本40本。如何读书？①利用零碎时间 ②需兼顾深度和广度 ③不宜拖沓 ④做读书笔记 ⑤读后别忘与人分享和交流，能对书的内容有更深理解。转给爱书的TA！",
            "time": "15-4-21 20:28"
        },
        {
            "comment id": 31,
            "parent": -1,
            "children": [],
            "user id": "3025317497",
            "user name": "心灵旅行193025317497",
            "content": "哎，我读的也很少//@央视新闻:#全民阅读周#【记下这些，让你更会读书】2014年我国人均纸质图书阅读量仅4.56本，低于调查显示的韩国11本，法国20本，日本40本。如何读书？①利用零碎时间 ②需兼顾深度和广度 ③不宜拖沓 ④做读书笔记 ⑤读后别忘与人分享和交流，能对书的内容有更深理解。",
            "time": "15-4-21 20:23"
        },
        {
            "comment id": 32,
            "parent": -1,
            "children": [],
            "user id": "3183849560",
            "user name": "Lc小鹿畅",
            "content": "书太贵 读不起～",
            "time": "15-4-21 20:16"
        },
        {
            "comment id": 33,
            "parent": -1,
            "children": [],
            "user id": "2477267645",
            "user name": "妄想时光不褪色",
            "content": "@诺梦杨 可以挑些",
            "time": "15-4-21 19:21"
        },
        {
            "comment id": 34,
            "parent": -1,
            "children": [],
            "user id": "2208456865",
            "user name": "咸鱼兔不想做咸鱼",
            "content": "我醉了…这是怎么算的多少本？我不信中国人读书那么少…我平时读什么书我就不信统计的人都能一个不落统计上",
            "time": "15-4-21 19:19"
        },
        {
            "comment id": 35,
            "parent": -1,
            "children": [],
            "user id": "5225910422",
            "user name": "用户5225910422",
            "content": "回复@迪加Ru:不是有图书馆吗？",
            "time": "15-4-21 19:18"
        },
        {
            "comment id": 36,
            "parent": -1,
            "children": [],
            "user id": "3255018885",
            "user name": "毅希公子",
            "content": "多读书吧//@央视新闻:#全民阅读周#【记下这些，让你更会读书】2014年我国人均纸质图书阅读量仅4.56本，低于调查显示的韩国11本，法国20本，日本40本。如何读书？①利用零碎时间 ②需兼顾深度和广度 ③不宜拖沓 ④做读书笔记 ⑤读后别忘与人分享和交流，能对书的内容有更深理解。转给爱书的TA！",
            "time": "15-4-21 19:11"
        },
        {
            "comment id": 37,
            "parent": -1,
            "children": [],
            "user id": "3431405130",
            "user name": "涧边听音",
            "content": "这是怎么调查的呢？",
            "time": "15-4-21 18:46"
        },
        {
            "comment id": 38,
            "parent": -1,
            "children": [],
            "user id": "3431405130",
            "user name": "涧边听音",
            "content": "回复@一路黔行冯小姐:都看什么类型的书?",
            "time": "15-4-21 18:38"
        },
        {
            "comment id": 39,
            "parent": -1,
            "children": [],
            "user id": "3038518503",
            "user name": "小四乔",
            "content": "主要是人多好么",
            "time": "15-4-21 18:34"
        },
        {
            "comment id": 40,
            "parent": -1,
            "children": [],
            "user id": "3877683847",
            "user name": "楠楠多多_Prince",
            "content": "//@央视新闻:#全民阅读周#【记下这些，让你更会读书】2014年我国人均纸质图书阅读量仅4.56本，低于调查显示的韩国11本，法国20本，日本40本。如何读书？①利用零碎时间 ②需兼顾深度和广度 ③不宜拖沓 ④做读书笔记 ⑤读后别忘与人分享和交流，能对书的内容有更深理解。转给爱书的TA！",
            "time": "15-4-21 18:17"
        },
        {
            "comment id": 41,
            "parent": -1,
            "children": [],
            "user id": "2309163315",
            "user name": "亚珍Joy_Young",
            "content": "//@央视新闻: #全民阅读周#全民阅读周，让我们更靠近智慧",
            "time": "15-4-21 17:58"
        },
        {
            "comment id": 42,
            "parent": -1,
            "children": [],
            "user id": "5173005834",
            "user name": "QIFEIF",
            "content": "不仅仅要提倡全民阅读更要让人们明白 读好书   好读书 读书好 的道理",
            "time": "15-4-21 17:53"
        },
        {
            "comment id": 43,
            "parent": -1,
            "children": [],
            "user id": "5488539333",
            "user name": "千里之行_1",
            "content": "网络阅读对纸质书的发行影响确实太大了。写一本好的专业书籍并不容易，销售量又上不去，这会大大挫伤写书者的积极性。读者其实也应理解，如果能带来直接收益的好书，买本纸质书阅读还是值得的。",
            "time": "15-4-21 17:37"
        },
        {
            "comment id": 44,
            "parent": -1,
            "children": [],
            "user id": "1111244900",
            "user name": "龙舌兰110168",
            "content": "[推荐]//@央视新闻:#全民阅读周#【记下这些，让你更会读书】2014年我国人均纸质图书阅读量仅4.56本，低于调查显示的韩国11本，法国20本，日本40本。如何读书？①利用零碎时间 ②需兼顾深度和广度 ③不宜拖沓 ④做读书笔记 ⑤读后别忘与人分享和交流，能对书的内容有更深理解。转给爱书的TA！",
            "time": "15-4-21 17:36"
        },
        {
            "comment id": 45,
            "parent": -1,
            "children": [],
            "user id": "1948195667",
            "user name": "離開式再見",
            "content": "要读书了 //@央视新闻:#全民阅读周#【记下这些，让你更会读书】2014年我国人均纸质图书阅读量仅4.56本，低于调查显示的韩国11本，法国20本，日本40本。如何读书？①利用零碎时间 ②需兼顾深度和广度 ③不宜拖沓 ④做读书笔记 ⑤读后别忘与人分享和交流，能对书的内容有更深理解。转给爱书的TA！",
            "time": "15-4-21 17:35"
        },
        {
            "comment id": 46,
            "parent": -1,
            "children": [],
            "user id": "1019457490",
            "user name": "半枫荷叶",
            "content": "呵呵，怎么统计出来的？",
            "time": "15-4-21 17:34"
        },
        {
            "comment id": 47,
            "parent": -1,
            "children": [],
            "user id": "5591088147",
            "user name": "我的乖乖酒",
            "content": "中国的娱乐业 发达 ，周五回家 ，不是跑男 ，就是其他类的真人秀。。哪有时间搞其他的活动。",
            "time": "15-4-21 17:25"
        },
        {
            "comment id": 48,
            "parent": -1,
            "children": [],
            "user id": "3196028824",
            "user name": "飞翼风雨",
            "content": "纸质的真心买不起啊，还是电子书吧！",
            "time": "15-4-21 17:19"
        },
        {
            "comment id": 49,
            "parent": -1,
            "children": [],
            "user id": "3833603752",
            "user name": "赵慎为",
            "content": "全都去读教材了",
            "time": "15-4-21 17:19"
        },
        {
            "comment id": 50,
            "parent": -1,
            "children": [],
            "user id": "2504084265",
            "user name": "我是仙女我只喝露水才不吃饭呢",
            "content": "因为我们都看电子书",
            "time": "15-4-21 17:16"
        },
        {
            "comment id": 51,
            "parent": -1,
            "children": [],
            "user id": "1758645913",
            "user name": "九月188",
            "content": "他们人少",
            "time": "15-4-21 17:09"
        },
        {
            "comment id": 52,
            "parent": -1,
            "children": [],
            "user id": "1981653361",
            "user name": "山西卫视",
            "content": "#中国风民族范#【记下这些，让你更会读书】2014年我国人均纸质图书阅读量仅4.56本，低于调查显示的韩国11本，法国20本，日本40本。如何读书？①利用零碎时间 ②需兼顾深度和广度 ③不宜拖沓 ④做读书笔记 ⑤读后别忘与人分享和交流，能对书的内容有更深理解。转给爱书的TA！",
            "time": "15-4-21 17:08"
        },
        {
            "comment id": 53,
            "parent": -1,
            "children": [],
            "user id": "1930412124",
            "user name": "呆呆Car",
            "content": "现在的纸质书买不起 只能阅读电子书",
            "time": "15-4-21 16:56"
        },
        {
            "comment id": 54,
            "parent": -1,
            "children": [],
            "user id": "1962962921",
            "user name": "苏州图书馆",
            "content": "[推荐]//@央视新闻: #全民阅读周#【记下这些，让你更会读书】2014年我国人均纸质图书阅读量仅4.56本，低于调查显示的韩国11本，法国20本，日本40本。如何读书？①利用零碎时间 ②需兼顾深度和广度 ③不宜拖沓 ④做读书笔记 ⑤读后别忘与人分享和交流，能对书的内容有更深理解。转给爱书的TA！",
            "time": "15-4-21 16:56"
        },
        {
            "comment id": 55,
            "parent": -1,
            "children": [],
            "user id": "5031637223",
            "user name": "tiktok-iam",
            "content": "电子书算吗，我只看电子书",
            "time": "15-4-21 16:55"
        },
        {
            "comment id": 56,
            "parent": -1,
            "children": [],
            "user id": "2477896047",
            "user name": "Davids伟",
            "content": "再温习一下。//@央视新闻:#全民阅读周#【记下这些，让你更会读书】2014年我国人均纸质图书阅读量仅4.56本，低于调查显示的韩国11本，法国20本，日本40本。如何读书？①利用零碎时间 ②需兼顾深度和广度 ③不宜拖沓 ④做读书笔记 ⑤读后别忘与人分享和交流，能对书的内容有更深理解。转给爱书的TA！",
            "time": "15-4-21 16:53"
        },
        {
            "comment id": 57,
            "parent": -1,
            "children": [],
            "user id": "5049904716",
            "user name": "贵阳贵学教育",
            "content": "和我们家的雅思真经一起收藏起来//@央视新闻: #全民阅读周#【记下这些，让你更会读书】2014年我国人均纸质图书阅读量仅4.56本，低于调查显示的韩国11本，法国20本，日本40本。如何读书？①利用零碎时间 ②需兼顾深度和广度 ③不宜拖沓 ④做读书笔记 ⑤读后别忘与人分享和交流，能对书的内容有更深理解",
            "time": "15-4-21 16:49"
        },
        {
            "comment id": 58,
            "parent": -1,
            "children": [],
            "user id": "3234522115",
            "user name": "翁美玲--美玲",
            "content": "#全民阅读周#【记下这些，让你更会读书】2014年我国人均纸质图书阅读量仅4.56本，低于调查显示的韩国11本，法国20本，日本40本。如何读书？①利用零碎时间 ②需兼顾深度和广度 ③不宜拖沓 ④做读书笔记 ⑤读后别忘与人分享和交流，能对书的内容有更深理解。转给爱书的TA！",
            "time": "15-4-21 16:47"
        },
        {
            "comment id": 59,
            "parent": -1,
            "children": [],
            "user id": "1781318904",
            "user name": "正立执绥",
            "content": "又一次读书无用论来袭？",
            "time": "15-4-21 16:47"
        },
        {
            "comment id": 60,
            "parent": -1,
            "children": [],
            "user id": "3552954957",
            "user name": "一路黔行冯小姐",
            "content": "我差不多一个月6本",
            "time": "15-4-21 16:40"
        },
        {
            "comment id": 61,
            "parent": -1,
            "children": [],
            "user id": "2643022851",
            "user name": "时尚潮流说",
            "content": "//@央视新闻:#全民阅读周#【记下这些，让你更会读书】2014年我国人均纸质图书阅读量仅4.56本，低于调查显示的韩国11本，法国20本，日本40本。如何读书？①利用零碎时间 ②需兼顾深度和广度 ③不宜拖沓 ④做读书笔记 ⑤读后别忘与人分享和交流，能对书的内容有更深理解。转给爱书的TA！",
            "time": "15-4-21 16:38"
        },
        {
            "comment id": 62,
            "parent": -1,
            "children": [],
            "user id": "3911358988",
            "user name": "王宪的小兔子很抑郁",
            "content": "社科类科普类少儿类，没有文学类？也啥忽视文学类？",
            "time": "15-4-21 16:35"
        },
        {
            "comment id": 63,
            "parent": -1,
            "children": [],
            "user id": "2139773022",
            "user name": "飞舞的叶子48184",
            "content": "//@央视新闻: #全民阅读周#【记下这些，让你更会读书】2014年我国人均纸质图书阅读量仅4.56本，低于调查显示的韩国11本，法国20本，日本40本。如何读书？①利用零碎时间 ②需兼顾深度和广度 ③不宜拖沓 ④做读书笔记 ⑤读后别忘与人分享和交流，能对书的内容有更深理解。转给爱书的TA！",
            "time": "15-4-21 16:35"
        },
        {
            "comment id": 64,
            "parent": -1,
            "children": [],
            "user id": "1677573790",
            "user name": "杨博显Cruz",
            "content": "马克 //@央视新闻:#全民阅读周#【记下这些，让你更会读书】2014年我国人均纸质图书阅读量仅4.56本，低于调查显示的韩国11本，法国20本，日本40本。如何读书？①利用零碎时间 ②需兼顾深度和广度 ③不宜拖沓 ④做读书笔记 ⑤读后别忘与人分享和交流，能对书的内容有更深理解。转给爱书的TA！",
            "time": "15-4-21 16:31"
        },
        {
            "comment id": 65,
            "parent": -1,
            "children": [],
            "user id": "1747506953",
            "user name": "Lear1988",
            "content": "一直都想不出来这个人均读书量怎么统计出来的",
            "time": "15-4-21 16:31"
        },
        {
            "comment id": 66,
            "parent": -1,
            "children": [],
            "user id": "5568583245",
            "user name": "常德一可文化",
            "content": "电子书也不错～省纸～",
            "time": "15-4-21 16:29"
        },
        {
            "comment id": 67,
            "parent": -1,
            "children": [],
            "user id": "2710763847",
            "user name": "望月醉shen",
            "content": "//@央视新闻:#全民阅读周#【记下这些，让你更会读书】2014年我国人均纸质图书阅读量仅4.56本，低于调查显示的韩国11本，法国20本，日本40本。如何读书？①利用零碎时间 ②需兼顾深度和广度 ③不宜拖沓 ④做读书笔记 ⑤读后别忘与人分享和交流，能对书的内容有更深理解。转给爱书的TA！",
            "time": "15-4-21 16:29"
        },
        {
            "comment id": 68,
            "parent": -1,
            "children": [],
            "user id": "2509917405",
            "user name": "Smiley-K",
            "content": "@红衣白马小少年",
            "time": "15-4-21 16:28"
        },
        {
            "comment id": 69,
            "parent": -1,
            "children": [],
            "user id": "3911358988",
            "user name": "王宪的小兔子很抑郁",
            "content": "回复@渝蒲:电影无法显现全部细节，很多时候一笔带过而人的眼睛还来不及仔细看完，同时直接给足影像观众就不用思考了，还缺乏阅读文字时大脑进行文图转换来自我构建电影画面的美妙。",
            "time": "15-4-21 16:27"
        },
        {
            "comment id": 70,
            "parent": -1,
            "children": [],
            "user id": "1768693411",
            "user name": "比巴博儿",
            "content": "确实感觉读书少了。惭愧啊",
            "time": "15-4-21 16:21"
        },
        {
            "comment id": 71,
            "parent": -1,
            "children": [],
            "user id": "3310387583",
            "user name": "迪加Ru",
            "content": "首先  请问国家能不能多开设点免费的图书馆？！  离开学校以后  想看书都找不到地方 买书太贵  想找个免费的电子书软件都难于上青天  工资低到要吐血    能不能去找找根本原因",
            "time": "15-4-21 16:19"
        },
        {
            "comment id": 72,
            "parent": -1,
            "children": [],
            "user id": "5516995498",
            "user name": "十三飞飞何",
            "content": "读书好，读好书//@央视新闻:#全民阅读周#【记下这些，让你更会读书】2014年我国人均纸质图书阅读量仅4.56本，低于调查显示的韩国11本，法国20本，日本40本。如何读书？①利用零碎时间 ②需兼顾深度和广度 ③不宜拖沓 ④做读书笔记 ⑤读后别忘与人分享和交流，能对书的内容有更深理解。转给爱书的TA！",
            "time": "15-4-21 16:16"
        },
        {
            "comment id": 73,
            "parent": -1,
            "children": [],
            "user id": "3285700271",
            "user name": "back3at2one",
            "content": "//@央视新闻:#全民阅读周#【记下这些，让你更会读书】2014年我国人均纸质图书阅读量仅4.56本，低于调查显示的韩国11本，法国20本，日本40本。如何读书？①利用零碎时间 ②需兼顾深度和广度 ③不宜拖沓 ④做读书笔记 ⑤读后别忘与人分享和交流，能对书的内容有更深理解。转给爱书的TA！",
            "time": "15-4-21 16:14"
        },
        {
            "comment id": 74,
            "parent": -1,
            "children": [],
            "user id": "5578112466",
            "user name": "与你风雨兼程happy",
            "content": "多抽时间读书，能有效降低手机和电脑带给我们的危害。健康的书籍是我们的良师益友！",
            "time": "15-4-21 16:11"
        },
        {
            "comment id": 75,
            "parent": -1,
            "children": [],
            "user id": "2319448674",
            "user name": "禁欲养成",
            "content": "中国人忙着赚钱攒钱买房子、养老。请问外国人需要吗",
            "time": "15-4-21 16:10"
        },
        {
            "comment id": 76,
            "parent": -1,
            "children": [],
            "user id": "1321260167",
            "user name": "DerrickAdeng",
            "content": "国内电子书还是价格太高，曾经喜欢逛书店然后找电子书来下载看，结果80块的实体书，官方电子书售价64……",
            "time": "15-4-21 16:08"
        },
        {
            "comment id": 77,
            "parent": -1,
            "children": [],
            "user id": "2709726573",
            "user name": "少爷a-",
            "content": "把书拍成电影更容易被理解，记住。",
            "time": "15-4-21 16:07"
        },
        {
            "comment id": 78,
            "parent": -1,
            "children": [],
            "user id": "5315341961",
            "user name": "荷中文化促进会",
            "content": "腹有诗书气自华 //@央视新闻:#全民阅读周#【记下这些，让你更会读书】2014年我国人均纸质图书阅读量仅4.56本，低于调查显示的韩国11本，法国20本，日本40本。如何读书？①利用零碎时间 ②需兼顾深度和广度 ③不宜拖沓 ④做读书笔记 ⑤读后别忘与人分享和交流，能对书的内容有更深理解。转给爱书的TA！",
            "time": "15-4-21 16:07"
        },
        {
            "comment id": 79,
            "parent": -1,
            "children": [],
            "user id": "1937587123",
            "user name": "XL-屈某某",
            "content": "書中自有顏如玉//@央视新闻:#全民阅读周#【记下这些，让你更会读书】2014年我国人均纸质图书阅读量仅4.56本，低于调查显示的韩国11本，法国20本，日本40本。如何读书？①利用零碎时间 ②需兼顾深度和广度 ③不宜拖沓 ④做读书笔记 ⑤读后别忘与人分享和交流，能对书的内容有更深理解。转给爱书的TA！",
            "time": "15-4-21 16:05"
        }
    ]
}