{
    "source": {
        "content": "#鲁冰花长这样#《鲁冰花》是台湾同名电影的主题曲。台湾山地的茶农在种植茶叶，特别是台湾特有的高山云雾茶时，会在茶山周边、甚至是茶叶植株的附近辅助地种上鲁冰花。据说鲁冰花凋谢后肥沃了土地，可以让茶树开得更加茂盛，并且可以让茶叶芳香甜美。",
        "time": "15-4-21 14:40",
        "user id": "2656274875",
        "tweet id": "CeitinQ7I",
        "label": 0,
        "theme": "文体娱乐"
    },
    "comment": [
        {
            "comment id": 0,
            "parent": -1,
            "children": [],
            "user id": "2949838422",
            "user name": "姬小小蜂",
            "content": "回复@燕贞是鳗鱼啊:",
            "time": "15-7-18 09:53"
        },
        {
            "comment id": 1,
            "parent": -1,
            "children": [],
            "user id": "2092970757",
            "user name": "Anhyeume54",
            "content": "回复@德式魔都:我也是",
            "time": "15-4-27 20:26"
        },
        {
            "comment id": 2,
            "parent": -1,
            "children": [],
            "user id": "1237721917",
            "user name": "慕予予",
            "content": "长见识！//@央视新闻: #鲁冰花长这样#《鲁冰花》是台湾同名电影的主题曲。台湾山地的茶农在种植茶叶，特别是台湾特有的高山云雾茶时，会在茶山周边、甚至是茶叶植株的附近辅助地种上鲁冰花。据说鲁冰花凋谢后肥沃了土地，可以让茶树开得更加茂盛，并且可以让茶叶芳香甜美。",
            "time": "15-4-24 01:46"
        },
        {
            "comment id": 3,
            "parent": -1,
            "children": [],
            "user id": "2660517204",
            "user name": "诞儿母婴店-小米米授权",
            "content": "//@央视新闻: #鲁冰花长这样#《鲁冰花》是台湾同名电影的主题曲。台湾山地的茶农在种植茶叶，特别是台湾特有的高山云雾茶时，会在茶山周边、甚至是茶叶植株的附近辅助地种上鲁冰花。据说鲁冰花凋谢后肥沃了土地，可以让茶树开得更加茂盛，并且可以让茶叶芳香甜美。",
            "time": "15-4-24 00:18"
        },
        {
            "comment id": 4,
            "parent": -1,
            "children": [],
            "user id": "2995711430",
            "user name": "McCutcheon",
            "content": "回复@德式魔都:同感啊，心里的默认颜色一直都是蓝的...",
            "time": "15-4-23 23:12"
        },
        {
            "comment id": 5,
            "parent": -1,
            "children": [],
            "user id": "2769487354",
            "user name": "锦璱如绣",
            "content": "原来鲁冰花不是冰呀！或许很多人都会如我一般感叹！有点薰衣草的感觉，真心挺美！",
            "time": "15-4-23 23:01"
        },
        {
            "comment id": 6,
            "parent": -1,
            "children": [],
            "user id": "2836512980",
            "user name": "丧心病狂的Cayue",
            "content": "@钉子鬼 就是这个、鲁冰花",
            "time": "15-4-23 22:56"
        },
        {
            "comment id": 7,
            "parent": -1,
            "children": [],
            "user id": "1319452534",
            "user name": "今天也要开心幸福鸭",
            "content": "原来真的有鲁冰花这种花，一直以为是冬天窗户上的冰花",
            "time": "15-4-23 22:21"
        },
        {
            "comment id": 8,
            "parent": -1,
            "children": [],
            "user id": "2876833880",
            "user name": "墨涂_",
            "content": "一晃过去感觉像薰衣草",
            "time": "15-4-23 20:57"
        },
        {
            "comment id": 9,
            "parent": -1,
            "children": [],
            "user id": "2212730420",
            "user name": "过分帅的猫少卿",
            "content": "回复@僵尸中的战斗尸:像薰衣草我没文化…不好意思！",
            "time": "15-4-23 20:54"
        },
        {
            "comment id": 10,
            "parent": -1,
            "children": [],
            "user id": "2616887710",
            "user name": "数量再爱我一次",
            "content": "回复@僵尸中的战斗尸:把鲁冰花看成鲁迅估计就我一个人",
            "time": "15-4-23 18:11"
        },
        {
            "comment id": 11,
            "parent": -1,
            "children": [],
            "user id": "1877946063",
            "user name": "sGtinGtinG",
            "content": "好美，有点像风信子",
            "time": "15-4-23 18:10"
        },
        {
            "comment id": 12,
            "parent": -1,
            "children": [],
            "user id": "1856096154",
            "user name": "来世投胎做黑花",
            "content": "一直以为鲁冰花是个人我是一个人吗？？",
            "time": "15-4-23 17:01"
        },
        {
            "comment id": 13,
            "parent": -1,
            "children": [],
            "user id": "1864870271",
            "user name": "独孤求什么",
            "content": "我只想问，难道别的花败了之后花和叶子都飞天上去了？",
            "time": "15-4-23 17:00"
        },
        {
            "comment id": 14,
            "parent": -1,
            "children": [],
            "user id": "5190834348",
            "user name": "宠乐会---宠物心智教育专家",
            "content": "好看",
            "time": "15-4-23 14:17"
        },
        {
            "comment id": 15,
            "parent": -1,
            "children": [],
            "user id": "3595296630",
            "user name": "Je_x",
            "content": "@Archimpty_zzh 我一直感觉鲁冰花是雪花一样呢东西……是因为有个冰字吗……",
            "time": "15-4-23 14:02"
        },
        {
            "comment id": 16,
            "parent": -1,
            "children": [],
            "user id": "1868103907",
            "user name": "梦怼怼少嚯奶茶",
            "content": "原谅我一直以为是豆腐花，童年就这么没了",
            "time": "15-4-23 14:00"
        },
        {
            "comment id": 17,
            "parent": -1,
            "children": [],
            "user id": "2116379085",
            "user name": "Tomato_n_Chilli",
            "content": "回复@Nicholas爱肖邦:你pppppppppppppppp",
            "time": "15-4-23 13:51"
        },
        {
            "comment id": 18,
            "parent": -1,
            "children": [],
            "user id": "3392315624",
            "user name": "是喵星人不是毛球",
            "content": "[挖鼻屎]问题就来了,闪闪的泪光是怎么像这个玩意的````我还以为是雪花.",
            "time": "15-4-23 13:10"
        },
        {
            "comment id": 19,
            "parent": -1,
            "children": [],
            "user id": "5558130069",
            "user name": "开心的鱼别来无恙",
            "content": "@刘静3721  //@央视新闻:#鲁冰花长这样#《鲁冰花》是台湾同名电影的主题曲。台湾山地的茶农在种植茶叶，特别是台湾特有的高山云雾茶时，会在茶山周边、甚至是茶叶植株的附近辅助地种上鲁冰花。据说鲁冰花凋谢后肥沃了土地，可以让茶树开得更加茂盛，并且可以让茶叶芳香甜美。",
            "time": "15-4-23 12:49"
        },
        {
            "comment id": 20,
            "parent": -1,
            "children": [],
            "user id": "1299495715",
            "user name": "Nicholas爱肖邦",
            "content": "回复@Tomato_n_Chilli:我都认识，他们就叫鲁冰花",
            "time": "15-4-23 12:41"
        },
        {
            "comment id": 21,
            "parent": -1,
            "children": [],
            "user id": "5426788270",
            "user name": "不务正业a",
            "content": "以前一直以为是雪花的意思……",
            "time": "15-4-23 11:15"
        },
        {
            "comment id": 22,
            "parent": -1,
            "children": [],
            "user id": "2033960143",
            "user name": "僵尸中的战斗尸",
            "content": "@不过留给说书人听罢了 @雕栏玉砌应犹在mio ",
            "time": "15-4-23 10:56"
        },
        {
            "comment id": 23,
            "parent": -1,
            "children": [],
            "user id": "2233119671",
            "user name": "INFP资深患者",
            "content": "...看到评论里不只我一个觉得鲁冰花是一种雪花我就放心了[挖鼻屎]",
            "time": "15-4-23 10:44"
        },
        {
            "comment id": 24,
            "parent": -1,
            "children": [],
            "user id": "2433930653",
            "user name": "透明的小围脖",
            "content": "我一直以为鲁冰花是冬天山东的雪花……",
            "time": "15-4-23 10:31"
        },
        {
            "comment id": 25,
            "parent": -1,
            "children": [],
            "user id": "1763761740",
            "user name": "夜沐心城",
            "content": "#加油！妩媚娘# 你还记得那首鲁冰花吗?",
            "time": "15-4-23 10:25"
        },
        {
            "comment id": 26,
            "parent": -1,
            "children": [],
            "user id": "2852352317",
            "user name": "一商逆彩",
            "content": "脑子里不自觉的就开始唱歌",
            "time": "15-4-23 10:23"
        },
        {
            "comment id": 27,
            "parent": -1,
            "children": [],
            "user id": "2870747054",
            "user name": "任时光安静流淌",
            "content": "😂😂😂一直以为一个人叫鲁冰花。//@央视新闻:#鲁冰花长这样#《鲁冰花》是台湾同名电影的主题曲。台湾山地的茶农在种植茶叶，特别是台湾特有的高山云雾茶时，会在茶山周边、甚至是茶叶植株的附近辅助地种上鲁冰花。据说鲁冰花凋谢后肥沃了土地，可以让茶树开得更加茂盛，并且可以让茶叶芳香甜美。",
            "time": "15-4-23 10:18"
        },
        {
            "comment id": 28,
            "parent": -1,
            "children": [],
            "user id": "2821159767",
            "user name": "云云云亦云",
            "content": "",
            "time": "15-4-23 10:04"
        },
        {
            "comment id": 29,
            "parent": -1,
            "children": [],
            "user id": "1141914174",
            "user name": "宁静致远的微博1956",
            "content": "//@央视新闻:#鲁冰花长这样#《鲁冰花》是台湾同名电影的主题曲。台湾山地的茶农在种植茶叶，特别是台湾特有的高山云雾茶时，会在茶山周边、甚至是茶叶植株的附近辅助地种上鲁冰花。据说鲁冰花凋谢后肥沃了土地，可以让茶树开得更加茂盛，并且可以让茶叶芳香甜美。",
            "time": "15-4-23 10:04"
        },
        {
            "comment id": 30,
            "parent": -1,
            "children": [],
            "user id": "2405100957",
            "user name": "Mr_SSnowman",
            "content": "@红_赤白也",
            "time": "15-4-23 10:03"
        },
        {
            "comment id": 31,
            "parent": -1,
            "children": [],
            "user id": "1066908384",
            "user name": "楚叛儿v5",
            "content": "晕。。。。。我还以为是冰花。。。。。。。结果。。。。。。。。。。。。。。还真的有这植物啊。。。。。",
            "time": "15-4-23 09:50"
        },
        {
            "comment id": 32,
            "parent": -1,
            "children": [],
            "user id": "2730805152",
            "user name": "联豪牛排家",
            "content": "//@央视新闻: #鲁冰花长这样#《鲁冰花》是台湾同名电影的主题曲。台湾山地的茶农在种植茶叶，特别是台湾特有的高山云雾茶时，会在茶山周边、甚至是茶叶植株的附近辅助地种上鲁冰花。据说鲁冰花凋谢后肥沃了土地，可以让茶树开得更加茂盛，并且可以让茶叶芳香甜美。",
            "time": "15-4-23 08:24"
        },
        {
            "comment id": 33,
            "parent": -1,
            "children": [],
            "user id": "3266514295",
            "user name": "坛南湾边",
            "content": "//@央视新闻: #鲁冰花长这样#《鲁冰花》是台湾同名电影的主题曲。台湾山地的茶农在种植茶叶，特别是台湾特有的高山云雾茶时，会在茶山周边、甚至是茶叶植株的附近辅助地种上鲁冰花。据说鲁冰花凋谢后肥沃了土地，可以让茶树开得更加茂盛，并且可以让茶叶芳香甜美。",
            "time": "15-4-23 08:09"
        },
        {
            "comment id": 34,
            "parent": -1,
            "children": [],
            "user id": "2182656564",
            "user name": "三天酱",
            "content": "我一看，我勒个去！这不是薰衣草吗？",
            "time": "15-4-23 07:13"
        },
        {
            "comment id": 35,
            "parent": -1,
            "children": [],
            "user id": "5361404276",
            "user name": "好彩头娟",
            "content": "如果在鲁冰花的花从里拍照是不是有妈妈祝福的照片",
            "time": "15-4-23 07:07"
        },
        {
            "comment id": 36,
            "parent": -1,
            "children": [],
            "user id": "1357379733",
            "user name": "W绿豆雀LL",
            "content": "我的家乡在田间有一种类似这样的野花",
            "time": "15-4-23 06:45"
        },
        {
            "comment id": 37,
            "parent": -1,
            "children": [],
            "user id": "2382825431",
            "user name": "陌shows",
            "content": "太美了[花心][花心]//@央视新闻:#鲁冰花长这样#《鲁冰花》是台湾同名电影的主题曲。台湾山地的茶农在种植茶叶，特别是台湾特有的高山云雾茶时，会在茶山周边、甚至是茶叶植株的附近辅助地种上鲁冰花。据说鲁冰花凋谢后肥沃了土地，可以让茶树开得更加茂盛，并且可以让茶叶芳香甜美。",
            "time": "15-4-23 03:55"
        },
        {
            "comment id": 38,
            "parent": -1,
            "children": [],
            "user id": "2606247390",
            "user name": "遇见更好的自己_Yu",
            "content": "各大品牌男女鞋。厂家直销性价比很高的哦。男鞋女鞋情侣鞋都有！不要把我家的跟几十块钱的比，根本不是一个档次。每双鞋子都是经过层层的检查才寄到菇凉手中，店主对鞋子是有要求的。 加V：hcyu6699",
            "time": "15-4-23 00:32"
        },
        {
            "comment id": 39,
            "parent": -1,
            "children": [],
            "user id": "2192060682",
            "user name": "XFANS_April",
            "content": "活了几十年现在才知道鲁冰花是花//@央视新闻: #鲁冰花长这样#《鲁冰花》是台湾同名电影的主题曲。台湾山地的茶农在种植茶叶，特别是台湾特有的高山云雾茶时，会在茶山周边、甚至是茶叶植株的附近辅助地种上鲁冰花。据说鲁冰花凋谢后肥沃了土地，可以让茶树开得更加茂盛，并且可以让茶叶芳香甜美。",
            "time": "15-4-22 23:48"
        },
        {
            "comment id": 40,
            "parent": -1,
            "children": [],
            "user id": "1889375081",
            "user name": "深蓝精选",
            "content": "",
            "time": "15-4-22 23:39"
        },
        {
            "comment id": 41,
            "parent": -1,
            "children": [],
            "user id": "1765879632",
            "user name": "百毒不侵的香坊大嗤花就是我",
            "content": "我以为是风信子",
            "time": "15-4-22 23:27"
        },
        {
            "comment id": 42,
            "parent": -1,
            "children": [],
            "user id": "5454027179",
            "user name": "你好陌生人me",
            "content": "原来鲁冰花长这样//@央视新闻:#鲁冰花长这样#《鲁冰花》是台湾同名电影的主题曲。台湾山地的茶农在种植茶叶，特别是台湾特有的高山云雾茶时，会在茶山周边、甚至是茶叶植株的附近辅助地种上鲁冰花。据说鲁冰花凋谢后肥沃了土地，可以让茶树开得更加茂盛，并且可以让茶叶芳香甜美。",
            "time": "15-4-22 23:13"
        },
        {
            "comment id": 43,
            "parent": -1,
            "children": [],
            "user id": "5539006381",
            "user name": "四叶草zcc",
            "content": "好漂亮！",
            "time": "15-4-22 23:09"
        },
        {
            "comment id": 44,
            "parent": -1,
            "children": [],
            "user id": "2326251824",
            "user name": "是老乌贼呀",
            "content": "原来是种花。。。",
            "time": "15-4-22 23:09"
        },
        {
            "comment id": 45,
            "parent": -1,
            "children": [],
            "user id": "3290227123",
            "user name": "小妖的金色城堡92",
            "content": "很美腻",
            "time": "15-4-22 23:03"
        },
        {
            "comment id": 46,
            "parent": -1,
            "children": [],
            "user id": "5545249779",
            "user name": "喝露水的小沐沐",
            "content": "我一直以为这是薰衣草",
            "time": "15-4-22 22:59"
        },
        {
            "comment id": 47,
            "parent": -1,
            "children": [],
            "user id": "1837041191",
            "user name": "快乐open酱",
            "content": "哦哦 原来叫鲁冰花啊 @沈寒兮 还记得去年这个时候的鲁冰花吗？ //@央视新闻: #鲁冰花长这样#台湾山地的茶农在种植茶叶，特别是台湾特有的高山云雾茶时，会在茶山周边、甚至是茶叶植株的附近辅助地种上鲁冰花。据说鲁冰花凋谢后肥沃了土地，可以让茶树开得更加茂盛，并且可以让茶叶芳香甜美。",
            "time": "15-4-22 22:50"
        },
        {
            "comment id": 48,
            "parent": -1,
            "children": [],
            "user id": "2813046344",
            "user name": "梦懵少女",
            "content": "跟想象中的不一样啊",
            "time": "15-4-22 22:49"
        },
        {
            "comment id": 49,
            "parent": -1,
            "children": [],
            "user id": "5549081855",
            "user name": "柠檬mami198111",
            "content": "好漂亮啊",
            "time": "15-4-22 22:44"
        },
        {
            "comment id": 50,
            "parent": -1,
            "children": [],
            "user id": "2168776811",
            "user name": "时彼处岸未央",
            "content": "我还以为图片上是葡萄风信子呢",
            "time": "15-4-22 22:42"
        },
        {
            "comment id": 51,
            "parent": -1,
            "children": [],
            "user id": "2176018025",
            "user name": "如庆轩",
            "content": "原来就在家门口，去看看",
            "time": "15-4-22 22:40"
        },
        {
            "comment id": 52,
            "parent": -1,
            "children": [],
            "user id": "2538671703",
            "user name": "wulianfengyan",
            "content": "真的很美，万物生长又长知识了#加油！妩媚娘#",
            "time": "15-4-22 22:17"
        },
        {
            "comment id": 53,
            "parent": -1,
            "children": [],
            "user id": "1599026783",
            "user name": "wolegewo礻",
            "content": "麻痹我二十几年来一直以为是雪花！！！我想静静",
            "time": "15-4-22 21:56"
        },
        {
            "comment id": 54,
            "parent": -1,
            "children": [],
            "user id": "3810723645",
            "user name": "Amy小小小苏格",
            "content": "第一次见鲁冰花，这么妖艳，完全不符合我听那首歌的感觉。[震惊]//@央视新闻:#鲁冰花长这样#《鲁冰花》是台湾同名电影的主题曲。台湾山地的茶农在种植茶叶，特别是台湾特有的高山云雾茶时，会在茶山周边、甚至是茶叶植株的附近辅助地种上鲁冰花。据说鲁冰花凋谢后肥沃了土地，可以让茶树开得更加茂盛。",
            "time": "15-4-22 21:52"
        },
        {
            "comment id": 55,
            "parent": -1,
            "children": [],
            "user id": "2810470671",
            "user name": "愚不知非",
            "content": "我以为是蓝白的仙的不行的那种花！",
            "time": "15-4-22 21:44"
        },
        {
            "comment id": 56,
            "parent": -1,
            "children": [],
            "user id": "2509084474",
            "user name": "wuli喜东东腻",
            "content": "回复@Eight_XHH:哈哈哈哈",
            "time": "15-4-22 21:42"
        },
        {
            "comment id": 57,
            "parent": -1,
            "children": [],
            "user id": "1103227755",
            "user name": "高金文2015",
            "content": "真好看//@央视新闻:#鲁冰花长这样#《鲁冰花》是台湾同名电影的主题曲。台湾山地的茶农在种植茶叶，特别是台湾特有的高山云雾茶时，会在茶山周边、甚至是茶叶植株的附近辅助地种上鲁冰花。据说鲁冰花凋谢后肥沃了土地，可以让茶树开得更加茂盛，并且可以让茶叶芳香甜美。",
            "time": "15-4-22 21:42"
        },
        {
            "comment id": 58,
            "parent": -1,
            "children": [],
            "user id": "3186258990",
            "user name": "大观园后门通梁山",
            "content": "#鲁冰花长这样# 羽扇豆？北极白羽扇豆不是全球最长寿的种子吗？据说在北极出土的一万年前的种子都种活过。",
            "time": "15-4-22 21:27"
        },
        {
            "comment id": 59,
            "parent": -1,
            "children": [],
            "user id": "2025676945",
            "user name": "XHHEight",
            "content": "@泡芙不吃泡芙",
            "time": "15-4-22 21:27"
        },
        {
            "comment id": 60,
            "parent": -1,
            "children": [],
            "user id": "5549448304",
            "user name": "微微5549448304",
            "content": "好美哦",
            "time": "15-4-22 21:26"
        },
        {
            "comment id": 61,
            "parent": -1,
            "children": [],
            "user id": "5253311457",
            "user name": "学做菜的猫",
            "content": "太美了😍",
            "time": "15-4-22 21:26"
        },
        {
            "comment id": 62,
            "parent": -1,
            "children": [],
            "user id": "3907360112",
            "user name": "吖瑶的YOYO蒲公英",
            "content": "都是看过网络图片而已",
            "time": "15-4-22 21:22"
        },
        {
            "comment id": 63,
            "parent": -1,
            "children": [],
            "user id": "2744356270",
            "user name": "蔷薇荡漾莫相寻",
            "content": "回复@丧心病狂的Cayue:",
            "time": "15-4-22 20:55"
        },
        {
            "comment id": 64,
            "parent": -1,
            "children": [],
            "user id": "2744356270",
            "user name": "蔷薇荡漾莫相寻",
            "content": "小心外来物种入侵，做好预防措施啊。",
            "time": "15-4-22 20:54"
        },
        {
            "comment id": 65,
            "parent": -1,
            "children": [],
            "user id": "2465135975",
            "user name": "方旖旎方方方",
            "content": "小时候妈妈每天都会唱给我听，我最喜欢听的歌😭😭😭终于知道它长什么样了！//@央视新闻:#鲁冰花长这样#《鲁冰花》是台湾同名电影的主题，据说鲁冰花凋谢后肥沃了土地，可以让茶树开得更加茂盛。妈妈老了，我们长大了",
            "time": "15-4-22 20:33"
        },
        {
            "comment id": 66,
            "parent": -1,
            "children": [],
            "user id": "5497406981",
            "user name": "DorisNannan",
            "content": "好漂亮",
            "time": "15-4-22 20:30"
        },
        {
            "comment id": 67,
            "parent": -1,
            "children": [],
            "user id": "5527964612",
            "user name": "花千骨200112",
            "content": "漂亮",
            "time": "15-4-22 20:28"
        },
        {
            "comment id": 68,
            "parent": -1,
            "children": [],
            "user id": "2625997435",
            "user name": "仲小团皮皮猴",
            "content": "回复@王小瓜飞了:车站有公交到的",
            "time": "15-4-22 20:26"
        },
        {
            "comment id": 69,
            "parent": -1,
            "children": [],
            "user id": "5518759658",
            "user name": "梵高女友_",
            "content": "我以前以为鲁冰花是雪花呢。。。想想好。。。不说了。。。",
            "time": "15-4-22 20:24"
        },
        {
            "comment id": 70,
            "parent": -1,
            "children": [],
            "user id": "2164244512",
            "user name": "王小瓜飞了",
            "content": "回复@埖開坢夏-CR7:对啊，具体不知道哪个方位",
            "time": "15-4-22 20:23"
        },
        {
            "comment id": 71,
            "parent": -1,
            "children": [],
            "user id": "2625997435",
            "user name": "仲小团皮皮猴",
            "content": "回复@王小瓜飞了:不是在鼋头渚么",
            "time": "15-4-22 20:17"
        },
        {
            "comment id": 72,
            "parent": -1,
            "children": [],
            "user id": "2164244512",
            "user name": "王小瓜飞了",
            "content": "回复@埖開坢夏-CR7:你知道在哪里吧，我五一就去",
            "time": "15-4-22 20:17"
        },
        {
            "comment id": 73,
            "parent": -1,
            "children": [],
            "user id": "1651576504",
            "user name": "锵咚恰_H",
            "content": "@校长Galaxy",
            "time": "15-4-22 20:15"
        },
        {
            "comment id": 74,
            "parent": -1,
            "children": [],
            "user id": "2116379085",
            "user name": "Tomato_n_Chilli",
            "content": "回复@Nicholas爱肖邦:因为看见任何不认识的花你都说是鲁冰花！",
            "time": "15-4-22 19:45"
        },
        {
            "comment id": 75,
            "parent": -1,
            "children": [],
            "user id": "3755363041",
            "user name": "秦楼约_",
            "content": "这......",
            "time": "15-4-22 19:44"
        },
        {
            "comment id": 76,
            "parent": -1,
            "children": [],
            "user id": "1914182925",
            "user name": "yhy三叶草",
            "content": "居然真的是个花",
            "time": "15-4-22 19:29"
        },
        {
            "comment id": 77,
            "parent": -1,
            "children": [],
            "user id": "2315720591",
            "user name": "子木為ILee",
            "content": "( ⊙ o ⊙ )啊！活了介么多个年头，一直都以为鲁冰花不是花",
            "time": "15-4-22 19:01"
        },
        {
            "comment id": 78,
            "parent": -1,
            "children": [],
            "user id": "2715145697",
            "user name": "新浪陕西教育",
            "content": "夜夜想起妈妈的话,闪闪的泪光鲁冰花。小编一直以为是“冰花”~",
            "time": "15-4-22 18:22"
        },
        {
            "comment id": 79,
            "parent": -1,
            "children": [],
            "user id": "2159428685",
            "user name": "flame小野",
            "content": "回复@ONEH_:原来鲁冰花这样的[呵呵]",
            "time": "15-4-22 18:20"
        }
    ]
}