{
    "source": {
        "content": "【又有乘客开安全门！】据央视报道，昨天下午从郑州新郑国际机场准备飞往韩国首尔的CZ6009客机上，一名乘客从内部打开了安全门，导致飞机延误2小时。据了解，肇事者为一名20岁男子，只因第一次乘坐飞机比较好奇就拉开了安全门。该男子被处以15日治安拘留，由于未造成直接经济损失被免于经济处罚。 ",
        "time": "15-4-21 14:43",
        "user id": "1784473157",
        "tweet id": "CeiuKvvp9",
        "label": 0,
        "theme": "社会生活"
    },
    "comment": [
        {
            "comment id": 0,
            "parent": -1,
            "children": [],
            "user id": "1735835690",
            "user name": "Bizka",
            "content": "损失可不是个滑梯那么简单，飞机本身造价高，滑梯自然不便宜，毕竟是普通人一辈子买不起的交通工具。一个航班延误不上算，后续的飞行计划全都被打乱。安抚延误旅客，临时调机，抓飞备份，通通都是成本。飞机接下来还得返厂，不飞就不进账，没挣钱就是亏。不找你赔找谁，谁叫你手贱。这机组要挨处分了。",
            "time": "17-6-14 16:53"
        },
        {
            "comment id": 1,
            "parent": -1,
            "children": [],
            "user id": "2920931720",
            "user name": "无糖的MOJlTO",
            "content": "脑子进水了！",
            "time": "15-4-22 13:14"
        },
        {
            "comment id": 2,
            "parent": -1,
            "children": [],
            "user id": "2764140861",
            "user name": "想旅游去",
            "content": "就是因为没有处罚这种现象才越来越多",
            "time": "15-4-22 00:10"
        },
        {
            "comment id": 3,
            "parent": -1,
            "children": [],
            "user id": "5536479614",
            "user name": "从心动到胎动93",
            "content": "起飞后再拉嘛 亲",
            "time": "15-4-21 19:54"
        },
        {
            "comment id": 4,
            "parent": -1,
            "children": [],
            "user id": "1760004073",
            "user name": "萨尼2021",
            "content": "傻逼",
            "time": "15-4-21 18:12"
        },
        {
            "comment id": 5,
            "parent": -1,
            "children": [],
            "user id": "1203697413",
            "user name": "大黑缸0539",
            "content": "不认识字吗？还是脑残？",
            "time": "15-4-21 17:43"
        },
        {
            "comment id": 6,
            "parent": -1,
            "children": [],
            "user id": "2638188095",
            "user name": "CHINA_晨曦",
            "content": "处罚太轻了，才会屡次发生同样的事！",
            "time": "15-4-21 17:36"
        },
        {
            "comment id": 7,
            "parent": -1,
            "children": [],
            "user id": "2954061171",
            "user name": "风吹我冷了",
            "content": "有次就坐在此位置被空姐提示好多次。。不要误碰",
            "time": "15-4-21 17:33"
        },
        {
            "comment id": 8,
            "parent": -1,
            "children": [],
            "user id": "2367160352",
            "user name": "丨氵水菓刃丨",
            "content": "手贱！为什么安全门开启的时候没把他带出去",
            "time": "15-4-21 17:02"
        },
        {
            "comment id": 9,
            "parent": -1,
            "children": [],
            "user id": "3050507953",
            "user name": "曾將軍說要打勝仗2021",
            "content": "手贱就是这样",
            "time": "15-4-21 16:57"
        },
        {
            "comment id": 10,
            "parent": -1,
            "children": [],
            "user id": "1212672877",
            "user name": "心想事能成",
            "content": "彪子，全体机组人员以及乘客，还有到达地等候乘客的时间统统折算成钱，罚S那个彪子.",
            "time": "15-4-21 16:40"
        },
        {
            "comment id": 11,
            "parent": -1,
            "children": [],
            "user id": "1466251620",
            "user name": "卟卟哼哼的老公",
            "content": "回复@卟卟哼哼:原来这门是向外翻出去开的",
            "time": "15-4-21 16:15"
        },
        {
            "comment id": 12,
            "parent": -1,
            "children": [],
            "user id": "2209768141",
            "user name": "CEBANKAI",
            "content": "王宝强啊",
            "time": "15-4-21 16:13"
        },
        {
            "comment id": 13,
            "parent": -1,
            "children": [],
            "user id": "2432478872",
            "user name": "静若处子2如疯兔",
            "content": "没文化  真可怕😪",
            "time": "15-4-21 16:11"
        },
        {
            "comment id": 14,
            "parent": -1,
            "children": [],
            "user id": "1842717133",
            "user name": "还是哼哼呀",
            "content": "@卟卟哼哼的老公 你看我就说吧，原来空姐都不会特意跑来和坐在安全门的人特意的去介绍安全门什么的，他一特意介绍完就真的好想好想打开试试啊…………真是的…………",
            "time": "15-4-21 16:09"
        },
        {
            "comment id": 15,
            "parent": -1,
            "children": [],
            "user id": "2322651741",
            "user name": "小透明-莫叔",
            "content": "作死",
            "time": "15-4-21 15:46"
        },
        {
            "comment id": 16,
            "parent": -1,
            "children": [],
            "user id": "3107816067",
            "user name": "必交",
            "content": "怎么不在飞行的时候开",
            "time": "15-4-21 15:39"
        },
        {
            "comment id": 17,
            "parent": -1,
            "children": [],
            "user id": "5537117098",
            "user name": "烽烟5207",
            "content": "机组人员都哪去了？",
            "time": "15-4-21 15:38"
        },
        {
            "comment id": 18,
            "parent": -1,
            "children": [],
            "user id": "1699979365",
            "user name": "宫本笑外",
            "content": "sb，又不是智障，明显的那些东西都有安全提示的，非紧急状态不能打开",
            "time": "15-4-21 15:24"
        },
        {
            "comment id": 19,
            "parent": -1,
            "children": [],
            "user id": "2521039420",
            "user name": "泉涌溪河",
            "content": "还是处罚太轻，得再加上留滞到“民航黑名单”上到三十岁吧！才允许他再上飞机。是老顽童就用老顽固的条规约束他。直到他知道各种小节的年龄段，才算是个正常人，才给他正常人待遇。",
            "time": "15-4-21 15:23"
        },
        {
            "comment id": 20,
            "parent": -1,
            "children": [],
            "user id": "5309991770",
            "user name": "秋水伊人0853",
            "content": "手欠！",
            "time": "15-4-21 15:22"
        },
        {
            "comment id": 21,
            "parent": -1,
            "children": [],
            "user id": "2809575515",
            "user name": "wssz112",
            "content": "我就不明白了 开这个门没人拦着吗 门旁边坐着的人呢。。 这要是高空让他打开下全完了",
            "time": "15-4-21 15:22"
        },
        {
            "comment id": 22,
            "parent": -1,
            "children": [],
            "user id": "3191716205",
            "user name": "谭言西多",
            "content": "怎么会没有造成经济损失应该有罚款哟太不把公共设施当回事了",
            "time": "15-4-21 15:13"
        },
        {
            "comment id": 23,
            "parent": -1,
            "children": [],
            "user id": "2439570474",
            "user name": "爱波动的大大su",
            "content": "别这么作好么？世界不是只是为你一个人转而已。",
            "time": "15-4-21 15:11"
        },
        {
            "comment id": 24,
            "parent": -1,
            "children": [],
            "user id": "2164648671",
            "user name": "奥特曼打小怪兽麻麻",
            "content": "20岁又不是2岁！",
            "time": "15-4-21 15:07"
        },
        {
            "comment id": 25,
            "parent": -1,
            "children": [],
            "user id": "5497774597",
            "user name": "狂野水西",
            "content": "这就是表哥和表妹干的好事",
            "time": "15-4-21 15:07"
        },
        {
            "comment id": 26,
            "parent": -1,
            "children": [],
            "user id": "1265968192",
            "user name": "勇敢的心1017",
            "content": "白痴！",
            "time": "15-4-21 15:06"
        },
        {
            "comment id": 27,
            "parent": -1,
            "children": [],
            "user id": "1994080707",
            "user name": "北京608",
            "content": "首尔五日游改监狱风云十五日深度探索！[挖鼻屎]",
            "time": "15-4-21 15:06"
        },
        {
            "comment id": 28,
            "parent": -1,
            "children": [],
            "user id": "5574453798",
            "user name": "熊熊烈火8",
            "content": "这孩子吃饱了撑着",
            "time": "15-4-21 15:04"
        },
        {
            "comment id": 29,
            "parent": -1,
            "children": [],
            "user id": "2262269024",
            "user name": "清潭洞爱丽丝sssssss",
            "content": "白痴",
            "time": "15-4-21 14:57"
        },
        {
            "comment id": 30,
            "parent": -1,
            "children": [],
            "user id": "1874090062",
            "user name": "清泉幽澜",
            "content": "多动症",
            "time": "15-4-21 14:56"
        },
        {
            "comment id": 31,
            "parent": -1,
            "children": [],
            "user id": "2670310344",
            "user name": "共鸣共享",
            "content": "农民 以为坐牛车呢",
            "time": "15-4-21 14:54"
        },
        {
            "comment id": 32,
            "parent": -1,
            "children": [],
            "user id": "3046875711",
            "user name": "别凶妞妞呀i",
            "content": "新郑",
            "time": "15-4-21 14:54"
        },
        {
            "comment id": 33,
            "parent": -1,
            "children": [],
            "user id": "1876872047",
            "user name": "京东券叔",
            "content": "这么看来，一定是规章制度有问题 ，应该有警示标志。正所谓不知者不罪。我尼玛也不知道安全门不能乱动呀。",
            "time": "15-4-21 14:54"
        },
        {
            "comment id": 34,
            "parent": -1,
            "children": [],
            "user id": "5419942105",
            "user name": "胖子老窝765",
            "content": "缺少教养",
            "time": "15-4-21 14:54"
        },
        {
            "comment id": 35,
            "parent": -1,
            "children": [],
            "user id": "3185700140",
            "user name": "PC66336幸运王子文仔",
            "content": "2b年年有，今年特别多！",
            "time": "15-4-21 14:53"
        },
        {
            "comment id": 36,
            "parent": -1,
            "children": [],
            "user id": "2092887407",
            "user name": "大盗燎原",
            "content": "@克莱奥斯特爱辣子 还真有这种傻缺？！",
            "time": "15-4-21 14:51"
        },
        {
            "comment id": 37,
            "parent": -1,
            "children": [],
            "user id": "3863985006",
            "user name": "沈淮cat",
            "content": "没坐过飞机，看了这么多报道就很担心哪天自己会不会也因为不懂犯同样的错",
            "time": "15-4-21 14:50"
        },
        {
            "comment id": 38,
            "parent": -1,
            "children": [],
            "user id": "3099284305",
            "user name": "小伍lllllOoOlllll",
            "content": "那个男的说，我只是想透透气。",
            "time": "15-4-21 14:49"
        },
        {
            "comment id": 39,
            "parent": -1,
            "children": [],
            "user id": "1912507067",
            "user name": "中山一喜鹊",
            "content": "回复@白-杰拉德:哈哈，你也挺有才！",
            "time": "15-4-21 14:49"
        },
        {
            "comment id": 40,
            "parent": -1,
            "children": [],
            "user id": "1491151973",
            "user name": "风云雄霸魔法袋",
            "content": "贴个条，擅自打开安全门拘留15日",
            "time": "15-4-21 14:49"
        },
        {
            "comment id": 41,
            "parent": -1,
            "children": [],
            "user id": "5546131551",
            "user name": "Jun柒柒",
            "content": "坐个飞机也不容易",
            "time": "15-4-21 14:48"
        },
        {
            "comment id": 42,
            "parent": -1,
            "children": [],
            "user id": "2071544533",
            "user name": "咻咻M",
            "content": "我觉得是强迫症。。不去拉一下门把手就浑身不得劲",
            "time": "15-4-21 14:48"
        },
        {
            "comment id": 43,
            "parent": -1,
            "children": [],
            "user id": "2104937681",
            "user name": "富君陈",
            "content": "我也想打开看看",
            "time": "15-4-21 14:48"
        },
        {
            "comment id": 44,
            "parent": -1,
            "children": [],
            "user id": "1848322003",
            "user name": "俩虎牙_Official",
            "content": "常识都不懂，怎么张这么大？",
            "time": "15-4-21 14:48"
        },
        {
            "comment id": 45,
            "parent": -1,
            "children": [],
            "user id": "1815242345",
            "user name": "八戒的金箍棒",
            "content": "熊孩子",
            "time": "15-4-21 14:47"
        },
        {
            "comment id": 46,
            "parent": -1,
            "children": [],
            "user id": "3278765851",
            "user name": "即是此学",
            "content": "这孩子手欠的  不知道微博经常说这事吗",
            "time": "15-4-21 14:45"
        },
        {
            "comment id": 47,
            "parent": -1,
            "children": [],
            "user id": "5582309850",
            "user name": "Panda的大圈圈",
            "content": "没文化真可怕[睡觉]",
            "time": "15-4-21 14:45"
        },
        {
            "comment id": 48,
            "parent": -1,
            "children": [],
            "user id": "5080586882",
            "user name": "焦糖南瓜布丁",
            "content": "奇葩啊",
            "time": "15-4-21 14:44"
        },
        {
            "comment id": 49,
            "parent": -1,
            "children": [],
            "user id": "1335077897",
            "user name": "猪猪猪二师兄",
            "content": "我是第一个",
            "time": "15-4-21 14:44"
        }
    ]
}