{
    "source": {
        "content": "【明晚，陪你去看流星雨】在美丽的银河西岸，明亮的织女星和周围一些小星星组成了天琴座。每年的4月16日至25日，天琴座的流星雨都将划破天际，闪亮在苍穹间。明天夜间到后天凌晨，天琴座流星雨又将浪漫而至，在4月23日早上8时左右，流星雨有望达到极大，带上TA一起去看流星雨吧！ ",
        "time": "15-4-21 14:48",
        "user id": "1642512402",
        "tweet id": "CeiwF1xKK",
        "label": 0,
        "theme": "文体娱乐"
    },
    "comment": [
        {
            "comment id": 0,
            "parent": -1,
            "children": [],
            "user id": "3055747594",
            "user name": "遥远地球之歌_",
            "content": "回复@固齿社-RaRy:一次都没见过",
            "time": "15-5-11 22:26"
        },
        {
            "comment id": 1,
            "parent": -1,
            "children": [],
            "user id": "5372902058",
            "user name": "耳朵东东人青青",
            "content": "",
            "time": "15-4-23 12:35"
        },
        {
            "comment id": 2,
            "parent": -1,
            "children": [],
            "user id": "5372902058",
            "user name": "耳朵东东人青青",
            "content": "再也不爱了",
            "time": "15-4-23 12:34"
        },
        {
            "comment id": 3,
            "parent": -1,
            "children": [],
            "user id": "5372902058",
            "user name": "耳朵东东人青青",
            "content": "就算见鬼也不会有流星吧",
            "time": "15-4-23 12:34"
        },
        {
            "comment id": 4,
            "parent": -1,
            "children": [],
            "user id": "5372902058",
            "user name": "耳朵东东人青青",
            "content": "害得我等了至少有5400秒",
            "time": "15-4-23 12:34"
        },
        {
            "comment id": 5,
            "parent": -1,
            "children": [],
            "user id": "5372902058",
            "user name": "耳朵东东人青青",
            "content": "哪里有流星雨",
            "time": "15-4-23 12:33"
        },
        {
            "comment id": 6,
            "parent": -1,
            "children": [],
            "user id": "5372902058",
            "user name": "耳朵东东人青青",
            "content": "大骗子",
            "time": "15-4-23 12:33"
        },
        {
            "comment id": 7,
            "parent": -1,
            "children": [],
            "user id": "5372902058",
            "user name": "耳朵东东人青青",
            "content": "骗子",
            "time": "15-4-23 12:33"
        },
        {
            "comment id": 8,
            "parent": -1,
            "children": [],
            "user id": "2480428422",
            "user name": "XPAL双刃万里",
            "content": "回复@澜恬:嗯，下回一定陪你一起看",
            "time": "15-4-22 18:53"
        },
        {
            "comment id": 9,
            "parent": -1,
            "children": [],
            "user id": "1758576247",
            "user name": "澜恬",
            "content": "回复@XPAL双刃万里:你看，还是看不成吧～下次再一起看吧～",
            "time": "15-4-22 18:44"
        },
        {
            "comment id": 10,
            "parent": -1,
            "children": [],
            "user id": "5388250485",
            "user name": "的确良言",
            "content": "有兴趣关注，今晚流星雨",
            "time": "15-4-22 12:50"
        },
        {
            "comment id": 11,
            "parent": -1,
            "children": [],
            "user id": "1592708043",
            "user name": "shelley末",
            "content": "回复@4Skillz_Noctis晓:在上课",
            "time": "15-4-22 11:57"
        },
        {
            "comment id": 12,
            "parent": -1,
            "children": [],
            "user id": "3055747594",
            "user name": "遥远地球之歌_",
            "content": "回复@固齿社-RaRy:好像去看",
            "time": "15-4-22 04:06"
        },
        {
            "comment id": 13,
            "parent": -1,
            "children": [],
            "user id": "3050411921",
            "user name": "Ruincastles",
            "content": "回复@燕晓张来了:",
            "time": "15-4-22 00:06"
        },
        {
            "comment id": 14,
            "parent": -1,
            "children": [],
            "user id": "2661039457",
            "user name": "怀念半个西瓜",
            "content": "回复@Small拉比:",
            "time": "15-4-22 00:05"
        },
        {
            "comment id": 15,
            "parent": -1,
            "children": [],
            "user id": "5509465571",
            "user name": "momo爱久见人心rourou",
            "content": "早上八点？？？？",
            "time": "15-4-21 21:39"
        },
        {
            "comment id": 16,
            "parent": -1,
            "children": [],
            "user id": "1834198617",
            "user name": "孤单的射手",
            "content": "什么方位呢？流量大吗？",
            "time": "15-4-21 21:09"
        },
        {
            "comment id": 17,
            "parent": -1,
            "children": [],
            "user id": "3211443175",
            "user name": "夏夜海风忆当年",
            "content": "只是听说，从未曾见过[挖鼻屎][挖鼻屎][挖鼻屎]",
            "time": "15-4-21 18:36"
        },
        {
            "comment id": 18,
            "parent": -1,
            "children": [],
            "user id": "1135678074",
            "user name": "懋燊",
            "content": "晚上8时吧",
            "time": "15-4-21 18:10"
        },
        {
            "comment id": 19,
            "parent": -1,
            "children": [],
            "user id": "1141241185",
            "user name": "杨豆豆老师",
            "content": "真的？云南能看见吗",
            "time": "15-4-21 18:10"
        },
        {
            "comment id": 20,
            "parent": -1,
            "children": [],
            "user id": "2711613991",
            "user name": "黄石俊龙上海汽车荣威MG",
            "content": "转发微博",
            "time": "15-4-21 16:34"
        },
        {
            "comment id": 21,
            "parent": -1,
            "children": [],
            "user id": "2873547292",
            "user name": "天使河流",
            "content": "",
            "time": "15-4-21 16:33"
        },
        {
            "comment id": 22,
            "parent": -1,
            "children": [],
            "user id": "2480428422",
            "user name": "XPAL双刃万里",
            "content": "回复@澜恬:明晚来我家吧~",
            "time": "15-4-21 16:26"
        },
        {
            "comment id": 23,
            "parent": -1,
            "children": [],
            "user id": "2415154757",
            "user name": "陳集盛",
            "content": "@_潘小玲_",
            "time": "15-4-21 16:11"
        },
        {
            "comment id": 24,
            "parent": -1,
            "children": [],
            "user id": "5545113470",
            "user name": "游戏攻略分享平台",
            "content": "//@网网竞投: 哇哦比网网竞投的游戏里的景还美 网页链接",
            "time": "15-4-21 16:11"
        },
        {
            "comment id": 25,
            "parent": -1,
            "children": [],
            "user id": "3320972872",
            "user name": "Dxl_zzzZZZ",
            "content": "回复@李萧言_:我也在想白天怎么看流星",
            "time": "15-4-21 16:07"
        },
        {
            "comment id": 26,
            "parent": -1,
            "children": [],
            "user id": "1878754827",
            "user name": "AAit_vv",
            "content": "回复@邓小路要做梦想中的实现家:约～早上8时是个什么奇怪的时间点啊",
            "time": "15-4-21 16:06"
        },
        {
            "comment id": 27,
            "parent": -1,
            "children": [],
            "user id": "3320972872",
            "user name": "Dxl_zzzZZZ",
            "content": "@李萧言_ 约吗",
            "time": "15-4-21 15:53"
        },
        {
            "comment id": 28,
            "parent": -1,
            "children": [],
            "user id": "1828812031",
            "user name": "洪涛-YJ",
            "content": "你能不能说明白点，我陪谁去看",
            "time": "15-4-21 15:49"
        },
        {
            "comment id": 29,
            "parent": -1,
            "children": [],
            "user id": "1957575414",
            "user name": "别碰我我易燃易爆",
            "content": "早上8时？？？",
            "time": "15-4-21 15:39"
        },
        {
            "comment id": 30,
            "parent": -1,
            "children": [],
            "user id": "1857263870",
            "user name": "固齿社-RaRy",
            "content": "回复@千秋_月未落_:流星雨看很多次了，夏季都可以看银河一样漂亮",
            "time": "15-4-21 15:30"
        },
        {
            "comment id": 31,
            "parent": -1,
            "children": [],
            "user id": "5590749707",
            "user name": "跟我学上网",
            "content": "陪你去看流星雨～",
            "time": "15-4-21 15:26"
        },
        {
            "comment id": 32,
            "parent": -1,
            "children": [],
            "user id": "1758576247",
            "user name": "澜恬",
            "content": "@XPAL双刃万里 从来没看过～",
            "time": "15-4-21 15:26"
        },
        {
            "comment id": 33,
            "parent": -1,
            "children": [],
            "user id": "5515779691",
            "user name": "Amanda啦",
            "content": "早8点大家还是抓紧挤地铁上班吧。。。",
            "time": "15-4-21 15:26"
        },
        {
            "comment id": 34,
            "parent": -1,
            "children": [],
            "user id": "5582993321",
            "user name": "Cospaly杨",
            "content": "我看过，，一个[许愿]",
            "time": "15-4-21 15:11"
        },
        {
            "comment id": 35,
            "parent": -1,
            "children": [],
            "user id": "2426939983",
            "user name": "小可鲁贝洛斯",
            "content": "回复@阿举点点点点点:太高级[挖鼻屎][挖鼻屎]",
            "time": "15-4-21 15:08"
        },
        {
            "comment id": 36,
            "parent": -1,
            "children": [],
            "user id": "5592221827",
            "user name": "芒果哥哥5592221827",
            "content": "在作为地球日的明天，在对我有着很大意义的明天，在对无数逐梦者满怀着期许和希望的明天，这场天琴座的流星雨与我们不期而遇，愿这场绚丽的风景滋润着你我永远向上的心。[呵呵]",
            "time": "15-4-21 15:05"
        },
        {
            "comment id": 37,
            "parent": -1,
            "children": [],
            "user id": "3055747594",
            "user name": "遥远地球之歌_",
            "content": "有谁真正看见过",
            "time": "15-4-21 15:04"
        },
        {
            "comment id": 38,
            "parent": -1,
            "children": [],
            "user id": "2247099494",
            "user name": "方楚瑶Fcy",
            "content": "昆明看得到吗👀",
            "time": "15-4-21 15:03"
        },
        {
            "comment id": 39,
            "parent": -1,
            "children": [],
            "user id": "5200789169",
            "user name": "勒布朗是我的",
            "content": "如果对着流星许愿愿望就会实现，我希望它划破天空，载着我满满的祝福，狠狠的飞去砸死你！",
            "time": "15-4-21 15:02"
        },
        {
            "comment id": 40,
            "parent": -1,
            "children": [],
            "user id": "1927352484",
            "user name": "Noctis晓",
            "content": "@shelley末",
            "time": "15-4-21 15:00"
        },
        {
            "comment id": 41,
            "parent": -1,
            "children": [],
            "user id": "5545477666",
            "user name": "网网竞投",
            "content": "哇哦比网网竞投的游戏里的景还美网页链接",
            "time": "15-4-21 15:00"
        },
        {
            "comment id": 42,
            "parent": -1,
            "children": [],
            "user id": "5591369576",
            "user name": "花儿长留枝头",
            "content": "看流星雨，有吗？世上？？",
            "time": "15-4-21 14:59"
        },
        {
            "comment id": 43,
            "parent": -1,
            "children": [],
            "user id": "3677521725",
            "user name": "不了不了溜了溜了",
            "content": "@Xu_何处惹尘埃",
            "time": "15-4-21 14:57"
        },
        {
            "comment id": 44,
            "parent": -1,
            "children": [],
            "user id": "1733391864",
            "user name": "福昕李咏华",
            "content": "跟哪都能看到吗？",
            "time": "15-4-21 14:57"
        },
        {
            "comment id": 45,
            "parent": -1,
            "children": [],
            "user id": "3050411921",
            "user name": "Ruincastles",
            "content": "@燕晓张来了",
            "time": "15-4-21 14:55"
        },
        {
            "comment id": 46,
            "parent": -1,
            "children": [],
            "user id": "5592012919",
            "user name": "forever梓恩",
            "content": "转发微博",
            "time": "15-4-21 14:55"
        },
        {
            "comment id": 47,
            "parent": -1,
            "children": [],
            "user id": "5376695920",
            "user name": "我是一位绅士",
            "content": "",
            "time": "15-4-21 14:53"
        },
        {
            "comment id": 48,
            "parent": -1,
            "children": [],
            "user id": "5547332060",
            "user name": "执笔画下爱恋歌5",
            "content": "早上，，，你在逗我吗",
            "time": "15-4-21 14:53"
        },
        {
            "comment id": 49,
            "parent": -1,
            "children": [],
            "user id": "2112018895",
            "user name": "莞视频",
            "content": "转发微博",
            "time": "15-4-21 14:53"
        },
        {
            "comment id": 50,
            "parent": -1,
            "children": [],
            "user id": "3137028421",
            "user name": "无垢无净0",
            "content": "早上八点？太阳都出来了，流星雨？",
            "time": "15-4-21 14:51"
        },
        {
            "comment id": 51,
            "parent": -1,
            "children": [],
            "user id": "3912801730",
            "user name": "翊拓霁",
            "content": "在哪能看到啊",
            "time": "15-4-21 14:51"
        },
        {
            "comment id": 52,
            "parent": -1,
            "children": [],
            "user id": "2275565171",
            "user name": "门门门门门门9",
            "content": "早上能看到啥？？？？",
            "time": "15-4-21 14:51"
        },
        {
            "comment id": 53,
            "parent": -1,
            "children": [],
            "user id": "5541506539",
            "user name": "作者_逸",
            "content": "什么时候？",
            "time": "15-4-21 14:51"
        },
        {
            "comment id": 54,
            "parent": -1,
            "children": [],
            "user id": "1491151973",
            "user name": "风云雄霸魔法袋",
            "content": "带上TA，TA带上钱",
            "time": "15-4-21 14:51"
        },
        {
            "comment id": 55,
            "parent": -1,
            "children": [],
            "user id": "3137028421",
            "user name": "无垢无净0",
            "content": "哪个地方看得见，不会又是半小时一颗吧",
            "time": "15-4-21 14:51"
        },
        {
            "comment id": 56,
            "parent": -1,
            "children": [],
            "user id": "1657246142",
            "user name": "方浪子",
            "content": "到时看吧！",
            "time": "15-4-21 14:51"
        },
        {
            "comment id": 57,
            "parent": -1,
            "children": [],
            "user id": "2447301894",
            "user name": "走南闯北小花牛",
            "content": "早上8点是啥情况。。。",
            "time": "15-4-21 14:50"
        },
        {
            "comment id": 58,
            "parent": -1,
            "children": [],
            "user id": "2511218543",
            "user name": "阿举点点点点点点",
            "content": "@小可叔叔 这是你画的吧😂",
            "time": "15-4-21 14:50"
        },
        {
            "comment id": 59,
            "parent": -1,
            "children": [],
            "user id": "1975176671",
            "user name": "拒绝双手举起来",
            "content": "感觉流星雨是最坑了 当年看过一次狮子座（记忆是） 最快半个小时一颗 后半夜瞌睡的",
            "time": "15-4-21 14:49"
        },
        {
            "comment id": 60,
            "parent": -1,
            "children": [],
            "user id": "5590660256",
            "user name": "不可食用菌类",
            "content": "武汉能看到吗？",
            "time": "15-4-21 14:49"
        }
    ]
}