{
    "source": {
        "content": "【注意！电暖气离沙发、床太近会自燃】把电暖器放在距沙发不到30厘米处，对着沙发，几十分钟后布沙发起火了！小太阳电暖气在工作时，温度高达三四百度，使用时一定要远离布类、打火机、花露水、空气清新剂等易爆物品，以免发生灾祸。有老人、儿童的房间更要谨慎使用。@北京消防 ",
        "time": "15-11-10 09:10",
        "user id": "1974576991",
        "tweet id": "D3aBX24UN",
        "label": 0,
        "theme": "医药健康"
    },
    "comment": [
        {
            "comment id": 0,
            "parent": -1,
            "children": [],
            "user id": "1823563152",
            "user name": "LH伟静",
            "content": "[玫瑰]",
            "time": "15-11-12 13:52"
        },
        {
            "comment id": 1,
            "parent": -1,
            "children": [],
            "user id": "2734534552",
            "user name": "CCCCCiro_",
            "content": "回复@叶末先生:我晚上睡觉不开的",
            "time": "15-11-11 22:26"
        },
        {
            "comment id": 2,
            "parent": -1,
            "children": [],
            "user id": "3392496814",
            "user name": "Gio叶述",
            "content": "@CCCCCiro_",
            "time": "15-11-11 17:34"
        },
        {
            "comment id": 3,
            "parent": -1,
            "children": [],
            "user id": "1357841335",
            "user name": "小康水平75",
            "content": "//@DJyanzi: 转发微博",
            "time": "15-11-10 19:25"
        },
        {
            "comment id": 4,
            "parent": -1,
            "children": [],
            "user id": "1151856117",
            "user name": "流水随流去",
            "content": "是很危险。",
            "time": "15-11-10 17:22"
        },
        {
            "comment id": 5,
            "parent": -1,
            "children": [],
            "user id": "2213160314",
            "user name": "Joekuannnn",
            "content": "回复@Miya滴麻麻:不用",
            "time": "15-11-10 12:29"
        },
        {
            "comment id": 6,
            "parent": -1,
            "children": [],
            "user id": "1849343737",
            "user name": "益西拥措_周",
            "content": "@JOEKuaN金伦",
            "time": "15-11-10 11:35"
        },
        {
            "comment id": 7,
            "parent": -1,
            "children": [],
            "user id": "2917633972",
            "user name": "奇国祎祎啊",
            "content": "要不先去读读自燃的含义啊？",
            "time": "15-11-10 11:09"
        },
        {
            "comment id": 8,
            "parent": -1,
            "children": [],
            "user id": "3246789694",
            "user name": "满天星GYF",
            "content": "转发提醒",
            "time": "15-11-10 10:54"
        },
        {
            "comment id": 9,
            "parent": -1,
            "children": [],
            "user id": "1951263772",
            "user name": "更精彩的小乖",
            "content": "@左羊",
            "time": "15-11-10 10:54"
        },
        {
            "comment id": 10,
            "parent": -1,
            "children": [],
            "user id": "3927112325",
            "user name": "大王叫我来养猪",
            "content": "这应该不算狭义上的电暖器吧",
            "time": "15-11-10 10:49"
        },
        {
            "comment id": 11,
            "parent": -1,
            "children": [],
            "user id": "1270792432",
            "user name": "舞阳市场",
            "content": "【注意！电暖气离沙发、床太近会自燃】把电暖器放在距沙发不到30厘米处，对着沙发，几十分钟后布沙发起火了！小太阳电暖气在工作时，温度高达三四百度，使用时一定要远离布类、打火机、花露水、空气清新剂等易爆物品，以免发生灾祸。有老人、儿童的房间更要谨慎使用。@北京消防",
            "time": "15-11-10 10:48"
        },
        {
            "comment id": 12,
            "parent": -1,
            "children": [],
            "user id": "2426543765",
            "user name": "闪光的牛奶",
            "content": "这是被点燃…………",
            "time": "15-11-10 10:41"
        },
        {
            "comment id": 13,
            "parent": -1,
            "children": [],
            "user id": "2610695127",
            "user name": "加了盐的热拿铁",
            "content": "我以前就干过这事儿，床脚被子脚都被烧了",
            "time": "15-11-10 10:41"
        },
        {
            "comment id": 14,
            "parent": -1,
            "children": [],
            "user id": "3307261985",
            "user name": "笙戾",
            "content": "@castrooo",
            "time": "15-11-10 10:21"
        },
        {
            "comment id": 15,
            "parent": -1,
            "children": [],
            "user id": "5711681161",
            "user name": "千蓝蓝同学",
            "content": "这就不叫自燃了吧",
            "time": "15-11-10 10:08"
        },
        {
            "comment id": 16,
            "parent": -1,
            "children": [],
            "user id": "3524157537",
            "user name": "没事就喜欢哼",
            "content": "回复@公王坑:同感",
            "time": "15-11-10 10:03"
        },
        {
            "comment id": 17,
            "parent": -1,
            "children": [],
            "user id": "5118613493",
            "user name": "蓝怡科技",
            "content": "#取暖以人身安全为第一#",
            "time": "15-11-10 09:57"
        },
        {
            "comment id": 18,
            "parent": -1,
            "children": [],
            "user id": "3963357603",
            "user name": "时光流转o",
            "content": "回复@昨天的昨天的昨天是大前天:同问",
            "time": "15-11-10 09:54"
        },
        {
            "comment id": 19,
            "parent": -1,
            "children": [],
            "user id": "2442492211",
            "user name": "昨天的昨天的昨天是大前天",
            "content": "电暖气自燃？还是沙发“自燃”？",
            "time": "15-11-10 09:51"
        },
        {
            "comment id": 20,
            "parent": -1,
            "children": [],
            "user id": "1971964573",
            "user name": "猫蹦三尺高",
            "content": "我把家里玻璃烤炸裂过，一个不留神湿衣服烤糊了...",
            "time": "15-11-10 09:48"
        },
        {
            "comment id": 21,
            "parent": -1,
            "children": [],
            "user id": "2409412771",
            "user name": "Cheligeer24",
            "content": "@不要再做幻想佳",
            "time": "15-11-10 09:47"
        },
        {
            "comment id": 22,
            "parent": -1,
            "children": [],
            "user id": "3154261810",
            "user name": "深情的抖眉帝",
            "content": "这标题的意思难道不是电暖气会自燃？",
            "time": "15-11-10 09:41"
        },
        {
            "comment id": 23,
            "parent": -1,
            "children": [],
            "user id": "1767913472",
            "user name": "_d-_-b_",
            "content": " @何土包子",
            "time": "15-11-10 09:40"
        },
        {
            "comment id": 24,
            "parent": -1,
            "children": [],
            "user id": "2359528751",
            "user name": "brit_d",
            "content": "@爱笑的孨 ",
            "time": "15-11-10 09:35"
        },
        {
            "comment id": 25,
            "parent": -1,
            "children": [],
            "user id": "1967927061",
            "user name": "永居禅达",
            "content": "回复@龙与虎_:。。。离远点不就行了",
            "time": "15-11-10 09:29"
        },
        {
            "comment id": 26,
            "parent": -1,
            "children": [],
            "user id": "2772669483",
            "user name": "_陈啊七_",
            "content": "@我想我是M",
            "time": "15-11-10 09:24"
        },
        {
            "comment id": 27,
            "parent": -1,
            "children": [],
            "user id": "1052525690",
            "user name": "素手香凝",
            "content": "这叫自燃？",
            "time": "15-11-10 09:23"
        },
        {
            "comment id": 28,
            "parent": -1,
            "children": [],
            "user id": "3607420022",
            "user name": "星期六的死宅",
            "content": "我现在就用电油汀，取暖效果好，还能烤衣服，还能加湿，一举多得",
            "time": "15-11-10 09:22"
        },
        {
            "comment id": 29,
            "parent": -1,
            "children": [],
            "user id": "1778629457",
            "user name": "柯基不基",
            "content": "是沙发、床离电暖炉太近会受热自燃。。。。",
            "time": "15-11-10 09:22"
        },
        {
            "comment id": 30,
            "parent": -1,
            "children": [],
            "user id": "2035421587",
            "user name": "口口口Lucien口口口",
            "content": "这个真的会着火的，我家里之前也是把这个放在床边上取暖，半夜被子就着起来了·····",
            "time": "15-11-10 09:21"
        },
        {
            "comment id": 31,
            "parent": -1,
            "children": [],
            "user id": "3909489150",
            "user name": "阿珊努力向前冲吖",
            "content": "难道不应该是提高电暖器的质量？",
            "time": "15-11-10 09:19"
        },
        {
            "comment id": 32,
            "parent": -1,
            "children": [],
            "user id": "3190270775",
            "user name": "手机召唤师峡谷第一肥螳螂",
            "content": "这种小太阳不叫电暖器吧",
            "time": "15-11-10 09:17"
        },
        {
            "comment id": 33,
            "parent": -1,
            "children": [],
            "user id": "2091631391",
            "user name": "Ds霽",
            "content": "南方冬天室内外都只有6度的时候，北方人是感受不到的",
            "time": "15-11-10 09:16"
        },
        {
            "comment id": 34,
            "parent": -1,
            "children": [],
            "user id": "5637496746",
            "user name": "云舟墨客",
            "content": "转发微博",
            "time": "15-11-10 09:15"
        },
        {
            "comment id": 35,
            "parent": -1,
            "children": [],
            "user id": "3257445682",
            "user name": "Warriors-Maverick",
            "content": "明显语病",
            "time": "15-11-10 09:14"
        },
        {
            "comment id": 36,
            "parent": -1,
            "children": [],
            "user id": "3170551647",
            "user name": "木易林夕",
            "content": "这广告植入的",
            "time": "15-11-10 09:12"
        },
        {
            "comment id": 37,
            "parent": -1,
            "children": [],
            "user id": "2191004983",
            "user name": "怪兽饿了",
            "content": "看来还是暖立得一类的电暖气贴谱......",
            "time": "15-11-10 09:12"
        },
        {
            "comment id": 38,
            "parent": -1,
            "children": [],
            "user id": "2035493805",
            "user name": "一只呆熊",
            "content": "@阿杰0754 家里不是有个暖气吗",
            "time": "15-11-10 09:11"
        },
        {
            "comment id": 39,
            "parent": -1,
            "children": [],
            "user id": "2984205784",
            "user name": "茜茜今天不想上班",
            "content": "别傻了，一般很多地方供暖为了省煤，都达不到标准，十六度都不到。",
            "time": "15-11-10 09:11"
        }
    ]
}