{
    "source": {
        "content": "【苯宝宝表情包闯作大会，本宝宝已疯】最近超火的苯宝宝是不是唤起了你内心深处的化学之魂？@果壳网http://t.cn/RUNuArE ",
        "time": "15-11-10 11:50",
        "user id": "1974576991",
        "tweet id": "D3bET81PQ",
        "label": 0,
        "theme": "文体娱乐"
    },
    "comment": [
        {
            "comment id": 0,
            "parent": -1,
            "children": [],
            "user id": "2254656405",
            "user name": "名字最蠢的就是我",
            "content": "→_→",
            "time": "16-3-20 12:28"
        },
        {
            "comment id": 1,
            "parent": -1,
            "children": [],
            "user id": "2808301125",
            "user name": "齐大兔子",
            "content": "回复@墨水罐_:我才刚刚看到你@了我这么多。。。我刚学会怎么看到评论里的@...囧o(╯□╰)o",
            "time": "16-2-26 23:38"
        },
        {
            "comment id": 2,
            "parent": -1,
            "children": [],
            "user id": "2231586991",
            "user name": "Babycy啵啵",
            "content": "@張小殿",
            "time": "16-1-9 12:52"
        },
        {
            "comment id": 3,
            "parent": -1,
            "children": [],
            "user id": "2116433087",
            "user name": "老实敦厚的月半",
            "content": "@爱睡觉的懒懒猫儿",
            "time": "16-1-8 00:18"
        },
        {
            "comment id": 4,
            "parent": -1,
            "children": [],
            "user id": "2395434027",
            "user name": "年薪不到四万不改名奥利给",
            "content": "@杨春蕾小盆友",
            "time": "15-12-25 11:26"
        },
        {
            "comment id": 5,
            "parent": -1,
            "children": [],
            "user id": "1907527157",
            "user name": "杲秋阳",
            "content": "@专业哈哈小李",
            "time": "15-12-22 18:59"
        },
        {
            "comment id": 6,
            "parent": -1,
            "children": [],
            "user id": "2685591980",
            "user name": "九拾六-",
            "content": "回复@嗬嗬嗬c:",
            "time": "15-12-14 08:32"
        },
        {
            "comment id": 7,
            "parent": -1,
            "children": [],
            "user id": "2827370580",
            "user name": "嗬嗬嗬c",
            "content": "@蒋彩云- 苯宝宝只想装纯",
            "time": "15-12-13 23:28"
        },
        {
            "comment id": 8,
            "parent": -1,
            "children": [],
            "user id": "2617425725",
            "user name": "女青与婧",
            "content": "@在彩虹的另一边",
            "time": "15-12-5 13:49"
        },
        {
            "comment id": 9,
            "parent": -1,
            "children": [],
            "user id": "1837601232",
            "user name": "我叫UJJ",
            "content": "@我叫HLL呼啦啦",
            "time": "15-11-30 16:10"
        },
        {
            "comment id": 10,
            "parent": -1,
            "children": [],
            "user id": "2609293093",
            "user name": "杨黎明Aurora",
            "content": "@Y一路向东 @天使的眼泪xj",
            "time": "15-11-22 20:54"
        },
        {
            "comment id": 11,
            "parent": -1,
            "children": [],
            "user id": "3013433953",
            "user name": "别怕是我邪恶君",
            "content": "回复@套袖哥ToadSugar:get不到笑点。。。",
            "time": "15-11-20 01:50"
        },
        {
            "comment id": 12,
            "parent": -1,
            "children": [],
            "user id": "3013433953",
            "user name": "别怕是我邪恶君",
            "content": "回复@套袖哥ToadSugar:评论真是",
            "time": "15-11-20 00:15"
        },
        {
            "comment id": 13,
            "parent": -1,
            "children": [],
            "user id": "2448719443",
            "user name": "你压到我犄角了",
            "content": "@张小蹦呀蹦呀蹦",
            "time": "15-11-17 23:43"
        },
        {
            "comment id": 14,
            "parent": -1,
            "children": [],
            "user id": "1869526211",
            "user name": "bluesky_meng",
            "content": "@韩老师123名字不长",
            "time": "15-11-17 22:46"
        },
        {
            "comment id": 15,
            "parent": -1,
            "children": [],
            "user id": "3479322324",
            "user name": "宇航与鲸",
            "content": "@郁承宵 @我不是娇气包的姣",
            "time": "15-11-17 10:22"
        },
        {
            "comment id": 16,
            "parent": -1,
            "children": [],
            "user id": "1802081294",
            "user name": "嘲讽学家陈泰德",
            "content": "@画一个姑娘陪自己",
            "time": "15-11-15 23:27"
        },
        {
            "comment id": 17,
            "parent": -1,
            "children": [],
            "user id": "1885561730",
            "user name": "不再是动物园里的动物",
            "content": "回复@_死傲娇xx:自作多情",
            "time": "15-11-14 12:46"
        },
        {
            "comment id": 18,
            "parent": -1,
            "children": [],
            "user id": "1002799893",
            "user name": "_小毛别炸毛",
            "content": "回复@在动物园数猩猩:干嘛呀本宝宝来啦",
            "time": "15-11-14 12:46"
        },
        {
            "comment id": 19,
            "parent": -1,
            "children": [],
            "user id": "5169572955",
            "user name": "在宇宙中超光速了吗_",
            "content": "回复@睡觉翻身要翻三下:",
            "time": "15-11-14 09:24"
        },
        {
            "comment id": 20,
            "parent": -1,
            "children": [],
            "user id": "5113425665",
            "user name": "挞米芽",
            "content": "回复@阿J也不知该叫什么好:我会说我昨天没找到吗",
            "time": "15-11-14 07:45"
        },
        {
            "comment id": 21,
            "parent": -1,
            "children": [],
            "user id": "5169572955",
            "user name": "在宇宙中超光速了吗_",
            "content": "回复@睡觉翻身要翻三下:去看唱游天下[雷锋][雷锋]",
            "time": "15-11-13 21:58"
        },
        {
            "comment id": 22,
            "parent": -1,
            "children": [],
            "user id": "5113425665",
            "user name": "挞米芽",
            "content": "回复@阿J也不知该叫什么好:我是有学问的人",
            "time": "15-11-13 21:52"
        },
        {
            "comment id": 23,
            "parent": -1,
            "children": [],
            "user id": "2230761137",
            "user name": "有酒窝的旭",
            "content": "回复@立方L要传播正能量:",
            "time": "15-11-13 21:37"
        },
        {
            "comment id": 24,
            "parent": -1,
            "children": [],
            "user id": "3454637084",
            "user name": "莘橼子",
            "content": "回复@魏魏魏_orz:逼格高",
            "time": "15-11-13 21:27"
        },
        {
            "comment id": 25,
            "parent": -1,
            "children": [],
            "user id": "2950679961",
            "user name": "攒攒负能量",
            "content": "化工原理，有机合成材料分析，胶体与界面化学。。都快要考试了，看到了瞬间心酸[泪流满面][泪流满面][泪流满面]这周六周日泡图书馆[抠鼻屎][抠鼻屎]",
            "time": "15-11-13 15:55"
        },
        {
            "comment id": 26,
            "parent": -1,
            "children": [],
            "user id": "5664500072",
            "user name": "-月色被打捞起",
            "content": "苯宝宝，显得有文化@Joye_ZhenG ",
            "time": "15-11-13 15:52"
        },
        {
            "comment id": 27,
            "parent": -1,
            "children": [],
            "user id": "2241105535",
            "user name": "MMonkey猴儿",
            "content": "回复@戴戴小肉肉:哈哈哈哈哈哈哈哈哈哈~来了个大全",
            "time": "15-11-13 15:07"
        },
        {
            "comment id": 28,
            "parent": -1,
            "children": [],
            "user id": "3019337743",
            "user name": "雅典球",
            "content": "@MMonkey猴儿",
            "time": "15-11-13 15:06"
        },
        {
            "comment id": 29,
            "parent": -1,
            "children": [],
            "user id": "2214031367",
            "user name": "outherehahaha",
            "content": "回复@王改改_:苯宝宝让你尝尝醛基的厉害",
            "time": "15-11-13 14:52"
        },
        {
            "comment id": 30,
            "parent": -1,
            "children": [],
            "user id": "3210926340",
            "user name": "夜_叶舟",
            "content": "回复@hi喵小宝:苯宝宝技能好多",
            "time": "15-11-13 13:04"
        },
        {
            "comment id": 31,
            "parent": -1,
            "children": [],
            "user id": "5019938884",
            "user name": "小二一样来点",
            "content": "回复@_GreenSunshine:喜欢😍",
            "time": "15-11-13 12:58"
        },
        {
            "comment id": 32,
            "parent": -1,
            "children": [],
            "user id": "5169572955",
            "user name": "在宇宙中超光速了吗_",
            "content": "回复@睡觉翻身要翻三下:看不懂吧",
            "time": "15-11-13 09:51"
        },
        {
            "comment id": 33,
            "parent": -1,
            "children": [],
            "user id": "5113425665",
            "user name": "挞米芽",
            "content": "回复@阿J也不知该叫什么好:",
            "time": "15-11-13 08:30"
        },
        {
            "comment id": 34,
            "parent": -1,
            "children": [],
            "user id": "3218136551",
            "user name": "喔嚯呀哈zzZ",
            "content": "@邹阿锁",
            "time": "15-11-13 06:49"
        },
        {
            "comment id": 35,
            "parent": -1,
            "children": [],
            "user id": "3831323005",
            "user name": "一口霜降牛肉",
            "content": "连字儿都不认识",
            "time": "15-11-13 00:28"
        },
        {
            "comment id": 36,
            "parent": -1,
            "children": [],
            "user id": "2449435854",
            "user name": "黎超模外甥女Majesty",
            "content": "回复@ebichuch:果然 你还是厉害",
            "time": "15-11-12 23:17"
        },
        {
            "comment id": 37,
            "parent": -1,
            "children": [],
            "user id": "5319537276",
            "user name": "Moemii",
            "content": "回复@自然呆AmorJHM:你喜欢苯宝宝么",
            "time": "15-11-12 22:54"
        },
        {
            "comment id": 38,
            "parent": -1,
            "children": [],
            "user id": "2514155662",
            "user name": "s2soheyyu",
            "content": "@leeee_shin",
            "time": "15-11-12 22:46"
        },
        {
            "comment id": 39,
            "parent": -1,
            "children": [],
            "user id": "2276615331",
            "user name": "二毛Suzy",
            "content": "@Cici_Wu- @Gigi袁琪 @-发生者-",
            "time": "15-11-12 22:45"
        },
        {
            "comment id": 40,
            "parent": -1,
            "children": [],
            "user id": "3187350250",
            "user name": "Byun_cobby",
            "content": "回复@z晓冉ran:你走[崩溃]",
            "time": "15-11-12 22:21"
        },
        {
            "comment id": 41,
            "parent": -1,
            "children": [],
            "user id": "2826611817",
            "user name": "梨子悠悠的半夏时节_",
            "content": "回复@whsyccc:本宝宝都快忘了醇是OH了",
            "time": "15-11-12 22:19"
        },
        {
            "comment id": 42,
            "parent": -1,
            "children": [],
            "user id": "5019938884",
            "user name": "小二一样来点",
            "content": "回复@_GreenSunshine:",
            "time": "15-11-12 21:25"
        },
        {
            "comment id": 43,
            "parent": -1,
            "children": [],
            "user id": "1767944127",
            "user name": "不念经的悟小空-YY",
            "content": "回复@鱼鱼就是郑小胖:…………………YY 是源源 也可以是yuyu耶！哈哈哈哈哈",
            "time": "15-11-12 21:01"
        },
        {
            "comment id": 44,
            "parent": -1,
            "children": [],
            "user id": "1767944127",
            "user name": "不念经的悟小空-YY",
            "content": "回复@鱼鱼就是郑小胖:本宝宝相信贵宝宝会成为最萌的苯宝宝🙃",
            "time": "15-11-12 20:50"
        },
        {
            "comment id": 45,
            "parent": -1,
            "children": [],
            "user id": "1767944127",
            "user name": "不念经的悟小空-YY",
            "content": "@鱼鱼就是郑小胖 苯宝宝",
            "time": "15-11-12 20:47"
        },
        {
            "comment id": 46,
            "parent": -1,
            "children": [],
            "user id": "5438561810",
            "user name": "就是萌萌哒Bear",
            "content": "回复@二货郭小丹:苯宝宝炸了@二货郭小丹",
            "time": "15-11-12 20:21"
        },
        {
            "comment id": 47,
            "parent": -1,
            "children": [],
            "user id": "3668894195",
            "user name": "可爱的高和高可爱",
            "content": "回复@军斐一家亲:[转发][转发][转发]",
            "time": "15-11-12 20:19"
        },
        {
            "comment id": 48,
            "parent": -1,
            "children": [],
            "user id": "5515187197",
            "user name": "YepJoJo",
            "content": "苯包包多氯了",
            "time": "15-11-12 19:33"
        },
        {
            "comment id": 49,
            "parent": -1,
            "children": [],
            "user id": "5114314183",
            "user name": "-七粒七",
            "content": "回复@兎儿跳啊跳:哈哈哈哈哈哈可爱！",
            "time": "15-11-12 19:30"
        },
        {
            "comment id": 50,
            "parent": -1,
            "children": [],
            "user id": "3373851362",
            "user name": "请叫我Irene",
            "content": "我高中化学考5分，so..你们的世界我不懂",
            "time": "15-11-12 19:30"
        },
        {
            "comment id": 51,
            "parent": -1,
            "children": [],
            "user id": "5117779392",
            "user name": "刘小二的休息区",
            "content": "偶是理科生我自豪@依旧晴天555 @溯蓝流空 @啊哈哈哈士奇不是只狗",
            "time": "15-11-12 19:06"
        },
        {
            "comment id": 52,
            "parent": -1,
            "children": [],
            "user id": "5541016932",
            "user name": "My顾是",
            "content": "理科生已笑疯😂",
            "time": "15-11-12 18:41"
        },
        {
            "comment id": 53,
            "parent": -1,
            "children": [],
            "user id": "5541016932",
            "user name": "My顾是",
            "content": "本宝宝炸了😂tnt",
            "time": "15-11-12 18:40"
        },
        {
            "comment id": 54,
            "parent": -1,
            "children": [],
            "user id": "1800227453",
            "user name": "赵妖静不是照妖镜",
            "content": "@吴灿霞-Wusanyer",
            "time": "15-11-12 18:40"
        },
        {
            "comment id": 55,
            "parent": -1,
            "children": [],
            "user id": "2609967407",
            "user name": "musofreak",
            "content": "本文科生不懂这是什么鬼",
            "time": "15-11-12 18:37"
        },
        {
            "comment id": 56,
            "parent": -1,
            "children": [],
            "user id": "5688408177",
            "user name": "D调的大号",
            "content": "@小噻sai",
            "time": "15-11-12 18:17"
        },
        {
            "comment id": 57,
            "parent": -1,
            "children": [],
            "user id": "2403484924",
            "user name": "靓仔小土豆",
            "content": "😂😂😂点三个，明明就是酚，你装什么醇",
            "time": "15-11-12 17:55"
        },
        {
            "comment id": 58,
            "parent": -1,
            "children": [],
            "user id": "2427590551",
            "user name": "一只想出去玩耍的小羊",
            "content": "@夢_Dufe 哈哈哈，萌死啦",
            "time": "15-11-12 17:50"
        },
        {
            "comment id": 59,
            "parent": -1,
            "children": [],
            "user id": "3282960760",
            "user name": "格子间的猪宝",
            "content": "@Avanduck",
            "time": "15-11-12 17:45"
        },
        {
            "comment id": 60,
            "parent": -1,
            "children": [],
            "user id": "3084921371",
            "user name": "月亮也没有路过",
            "content": "回复@FOUNDme__LX:萌死了！！！我真的好久没学了",
            "time": "15-11-12 17:45"
        },
        {
            "comment id": 61,
            "parent": -1,
            "children": [],
            "user id": "1867232260",
            "user name": "AiF______",
            "content": "回复@GaowA-F:好烧脑",
            "time": "15-11-12 17:40"
        },
        {
            "comment id": 62,
            "parent": -1,
            "children": [],
            "user id": "3182419104",
            "user name": "陈二Yan",
            "content": "",
            "time": "15-11-12 17:20"
        },
        {
            "comment id": 63,
            "parent": -1,
            "children": [],
            "user id": "1761387452",
            "user name": "瞌睡的小卷羊",
            "content": "@Leanne_闭关中 @SUPREMI_23 @早过忘川_ 快来收表情包",
            "time": "15-11-12 17:14"
        },
        {
            "comment id": 64,
            "parent": -1,
            "children": [],
            "user id": "2522808227",
            "user name": "兎儿跳啊跳",
            "content": "@magjiiii",
            "time": "15-11-12 17:02"
        },
        {
            "comment id": 65,
            "parent": -1,
            "children": [],
            "user id": "2455792365",
            "user name": "无处安放的肉",
            "content": "吃过了，味道酸酸甜甜的的，嘎嘣脆，什么？这不是吃的吗",
            "time": "15-11-12 16:45"
        },
        {
            "comment id": 66,
            "parent": -1,
            "children": [],
            "user id": "3841789083",
            "user name": "芝士车厘子酪酪",
            "content": "赞我的免费送戒指和耳钉啦，纯银的哦",
            "time": "15-11-12 16:38"
        },
        {
            "comment id": 67,
            "parent": -1,
            "children": [],
            "user id": "2644962451",
            "user name": "鱼丸妹纸_",
            "content": "化学🐶现在处于图8状态。苯宝宝好辛酸。",
            "time": "15-11-12 16:31"
        },
        {
            "comment id": 68,
            "parent": -1,
            "children": [],
            "user id": "3972941056",
            "user name": "陪胖胖帅度过温柔时光",
            "content": "转发微博",
            "time": "15-11-12 16:23"
        },
        {
            "comment id": 69,
            "parent": -1,
            "children": [],
            "user id": "1803267043",
            "user name": "小哥哥的眼睛里有小星星啊",
            "content": "@我真的不想写自己名字",
            "time": "15-11-12 16:22"
        },
        {
            "comment id": 70,
            "parent": -1,
            "children": [],
            "user id": "1525723787",
            "user name": "最最a",
            "content": "苯宝宝好萌红红火火恍恍惚惚",
            "time": "15-11-12 16:18"
        },
        {
            "comment id": 71,
            "parent": -1,
            "children": [],
            "user id": "3764342413",
            "user name": "HuangSS3",
            "content": "回复@史家之Ivan:唉",
            "time": "15-11-12 16:16"
        },
        {
            "comment id": 72,
            "parent": -1,
            "children": [],
            "user id": "2732772727",
            "user name": "11帆ivan",
            "content": "回复@HuangSS3:确定是语言的巨人么跟我念个绕口令来",
            "time": "15-11-12 16:14"
        },
        {
            "comment id": 73,
            "parent": -1,
            "children": [],
            "user id": "3764342413",
            "user name": "HuangSS3",
            "content": "回复@史家之Ivan:我是语言的巨人，我也不会",
            "time": "15-11-12 16:13"
        },
        {
            "comment id": 74,
            "parent": -1,
            "children": [],
            "user id": "5344840778",
            "user name": "无情网友小欣",
            "content": "回复@高滢----:",
            "time": "15-11-12 16:11"
        },
        {
            "comment id": 75,
            "parent": -1,
            "children": [],
            "user id": "2732772727",
            "user name": "11帆ivan",
            "content": "回复@HuangSS3:那问你就好了",
            "time": "15-11-12 16:09"
        },
        {
            "comment id": 76,
            "parent": -1,
            "children": [],
            "user id": "3764342413",
            "user name": "HuangSS3",
            "content": "回复@史家之Ivan:以后你小孩问到你啥也不会",
            "time": "15-11-12 16:08"
        },
        {
            "comment id": 77,
            "parent": -1,
            "children": [],
            "user id": "2732772727",
            "user name": "11帆ivan",
            "content": "回复@HuangSS3:又不用考化学了[转发]",
            "time": "15-11-12 16:07"
        },
        {
            "comment id": 78,
            "parent": -1,
            "children": [],
            "user id": "3164632511",
            "user name": "橘砸成功击杀了天外来客",
            "content": "@小金戈戈3",
            "time": "15-11-12 16:07"
        },
        {
            "comment id": 79,
            "parent": -1,
            "children": [],
            "user id": "3764342413",
            "user name": "HuangSS3",
            "content": "回复@史家之Ivan:你完了",
            "time": "15-11-12 16:07"
        }
    ]
}