{
    "source": {
        "content": "【NAVER blog】为<10Asia>拍摄画报的#朴珍荣#,动图戳大(cr.logo) ",
        "time": "15-11-10 12:30",
        "user id": "2482557597",
        "tweet id": "D3bVb6xtY",
        "label": 0,
        "theme": "文体娱乐"
    },
    "comment": [
        {
            "comment id": 0,
            "parent": -1,
            "children": [],
            "user id": "1831133011",
            "user name": "耳佳笙先森",
            "content": "这一组图片，每次翻出来看，都还是心空的不行偏偏还就喜欢时不时翻出来看看，尤其最后一p那个笑，感叹怎么会有如此少年感满溢出来的男孩子，这是别人纯靠包装没法完全模仿的感觉啊“wuli荣儿，是星星啊”",
            "time": "16-11-2 10:52"
        },
        {
            "comment id": 1,
            "parent": -1,
            "children": [],
            "user id": "2305131590",
            "user name": "五成熟的煎蛋君",
            "content": "@窝才不是手残桑-w-",
            "time": "16-10-21 23:06"
        },
        {
            "comment id": 2,
            "parent": -1,
            "children": [],
            "user id": "5216674638",
            "user name": "毛衣很暖和",
            "content": "😘😘😘",
            "time": "15-12-12 12:11"
        },
        {
            "comment id": 3,
            "parent": -1,
            "children": [],
            "user id": "3846084078",
            "user name": "深海咸鱼_jpg",
            "content": "这个boy为什么这么好看我要窒息了",
            "time": "15-12-11 13:04"
        },
        {
            "comment id": 4,
            "parent": -1,
            "children": [],
            "user id": "2726944632",
            "user name": "看什么看有我好看吗",
            "content": "天哪眼睛里有星星",
            "time": "15-11-27 19:50"
        },
        {
            "comment id": 5,
            "parent": -1,
            "children": [],
            "user id": "5548318953",
            "user name": "MZ_kiyowo",
            "content": "皮肤好白啊",
            "time": "15-11-14 23:58"
        },
        {
            "comment id": 6,
            "parent": -1,
            "children": [],
            "user id": "5499770657",
            "user name": "比Mark更帅的人只有明天的他",
            "content": "",
            "time": "15-11-14 18:59"
        },
        {
            "comment id": 7,
            "parent": -1,
            "children": [],
            "user id": "5232672451",
            "user name": "草莓哼a",
            "content": "猪猪啊",
            "time": "15-11-14 17:55"
        },
        {
            "comment id": 8,
            "parent": -1,
            "children": [],
            "user id": "2282734944",
            "user name": "不喝奶茶了可以吗",
            "content": "回复@猴可爱VVVVV:Junior！！！帅啊",
            "time": "15-11-14 08:59"
        },
        {
            "comment id": 9,
            "parent": -1,
            "children": [],
            "user id": "2371125042",
            "user name": "超甜衍",
            "content": "回复@-capA:高",
            "time": "15-11-13 22:11"
        },
        {
            "comment id": 10,
            "parent": -1,
            "children": [],
            "user id": "2860700762",
            "user name": "-capA",
            "content": "回复@猴可爱VVVVV:这颜值。。。",
            "time": "15-11-13 21:32"
        },
        {
            "comment id": 11,
            "parent": -1,
            "children": [],
            "user id": "2371125042",
            "user name": "超甜衍",
            "content": "回复@-capA:干啥！",
            "time": "15-11-13 20:41"
        },
        {
            "comment id": 12,
            "parent": -1,
            "children": [],
            "user id": "2860700762",
            "user name": "-capA",
            "content": "回复@猴可爱VVVVV:我靠！",
            "time": "15-11-13 18:21"
        },
        {
            "comment id": 13,
            "parent": -1,
            "children": [],
            "user id": "2371125042",
            "user name": "超甜衍",
            "content": "@Mualuu @-capA",
            "time": "15-11-13 18:02"
        },
        {
            "comment id": 14,
            "parent": -1,
            "children": [],
            "user id": "1649970941",
            "user name": "机智的小白白-芮萁",
            "content": "回复@Wulihyongb:超干净！！好看死了",
            "time": "15-11-12 21:27"
        },
        {
            "comment id": 15,
            "parent": -1,
            "children": [],
            "user id": "3145130594",
            "user name": "这扇门可以踢开",
            "content": "回复@L-Krys:对对对",
            "time": "15-11-12 19:22"
        },
        {
            "comment id": 16,
            "parent": -1,
            "children": [],
            "user id": "1758125207",
            "user name": "Wulihyongb",
            "content": "回复@机智的小白白-芮萁:哈哈有点井柏然",
            "time": "15-11-12 18:37"
        },
        {
            "comment id": 17,
            "parent": -1,
            "children": [],
            "user id": "1649970941",
            "user name": "机智的小白白-芮萁",
            "content": "@Wulihyongb 我说的got7里觉得最帅的那个 真的是帅die",
            "time": "15-11-12 18:04"
        },
        {
            "comment id": 18,
            "parent": -1,
            "children": [],
            "user id": "5541002943",
            "user name": "Hottestt_",
            "content": "麻麻，我要嫁给这个人",
            "time": "15-11-12 15:46"
        },
        {
            "comment id": 19,
            "parent": -1,
            "children": [],
            "user id": "5268706867",
            "user name": "都是废话而已",
            "content": "😍😍😍",
            "time": "15-11-12 08:27"
        },
        {
            "comment id": 20,
            "parent": -1,
            "children": [],
            "user id": "3925816140",
            "user name": "AbbyTong童",
            "content": "眼睛太亮！眼睛太亮！眼睛太亮！",
            "time": "15-11-12 03:05"
        },
        {
            "comment id": 21,
            "parent": -1,
            "children": [],
            "user id": "1834834942",
            "user name": "AONCee",
            "content": "眼睛里有星星",
            "time": "15-11-12 02:18"
        },
        {
            "comment id": 22,
            "parent": -1,
            "children": [],
            "user id": "5288937787",
            "user name": "吃葡萄不吐葡萄皮才怪罒3罒",
            "content": "回复@老崔要回归了你们这群小屁孩:邻家的感觉",
            "time": "15-11-12 00:06"
        },
        {
            "comment id": 23,
            "parent": -1,
            "children": [],
            "user id": "2275023020",
            "user name": "这是一个逼格很高的人",
            "content": "@吃葡萄不吐葡萄皮才怪罒3罒",
            "time": "15-11-11 21:29"
        },
        {
            "comment id": 24,
            "parent": -1,
            "children": [],
            "user id": "5602864748",
            "user name": "有机农桃",
            "content": "我猪尼尔[躁狂症][躁狂症][躁狂症][躁狂症][躁狂症][躁狂症][躁狂症]😍😍😍😍😍😍😍😍😍#Junior.朴珍荣# ",
            "time": "15-11-11 19:26"
        },
        {
            "comment id": 25,
            "parent": -1,
            "children": [],
            "user id": "5188473372",
            "user name": "FlyG7yx",
            "content": "猪猪",
            "time": "15-11-11 18:55"
        },
        {
            "comment id": 26,
            "parent": -1,
            "children": [],
            "user id": "3989887375",
            "user name": "鸡蛋蛋Ivyy",
            "content": "这只猪我抱走 ",
            "time": "15-11-11 18:20"
        },
        {
            "comment id": 27,
            "parent": -1,
            "children": [],
            "user id": "1902521502",
            "user name": "L151YAN",
            "content": "回复@Ying璇:哈哈 妈的好伤感",
            "time": "15-11-11 17:50"
        },
        {
            "comment id": 28,
            "parent": -1,
            "children": [],
            "user id": "2696391282",
            "user name": "kookieTu_",
            "content": "回复@L151YAN:还要提前刷好牙 为了 morningkiss",
            "time": "15-11-11 16:52"
        },
        {
            "comment id": 29,
            "parent": -1,
            "children": [],
            "user id": "2696391282",
            "user name": "kookieTu_",
            "content": "回复@L151YAN:不可能的 别睡了 通宵",
            "time": "15-11-11 16:52"
        },
        {
            "comment id": 30,
            "parent": -1,
            "children": [],
            "user id": "1902521502",
            "user name": "L151YAN",
            "content": "回复@Ying璇:就是那种他看你睡觉看你醒 想到healer里面也有类似的 前提我得睡姿很美",
            "time": "15-11-11 16:44"
        },
        {
            "comment id": 31,
            "parent": -1,
            "children": [],
            "user id": "2696391282",
            "user name": "kookieTu_",
            "content": "回复@L151YAN:怎么可能 发型 妆  如果你睡醒旁边是这样的人 什么感觉",
            "time": "15-11-11 16:41"
        },
        {
            "comment id": 32,
            "parent": -1,
            "children": [],
            "user id": "1902521502",
            "user name": "L151YAN",
            "content": "回复@Ying璇:第一张就是睡醒旁边的人",
            "time": "15-11-11 15:28"
        },
        {
            "comment id": 33,
            "parent": -1,
            "children": [],
            "user id": "3120779201",
            "user name": "ijluckyer7",
            "content": "男票",
            "time": "15-11-11 12:54"
        },
        {
            "comment id": 34,
            "parent": -1,
            "children": [],
            "user id": "2840376680",
            "user name": "此用户只想快点干饭",
            "content": "国民初恋😘",
            "time": "15-11-11 12:40"
        },
        {
            "comment id": 35,
            "parent": -1,
            "children": [],
            "user id": "2569491191",
            "user name": "-SuperLiang-",
            "content": "美颜",
            "time": "15-11-11 12:40"
        },
        {
            "comment id": 36,
            "parent": -1,
            "children": [],
            "user id": "3257006480",
            "user name": "惠馨family",
            "content": "",
            "time": "15-11-11 12:35"
        },
        {
            "comment id": 37,
            "parent": -1,
            "children": [],
            "user id": "3828814873",
            "user name": "Jewelry_yi",
            "content": "邻家boy",
            "time": "15-11-11 12:31"
        },
        {
            "comment id": 38,
            "parent": -1,
            "children": [],
            "user id": "2702770713",
            "user name": "一玛二蒙",
            "content": "我就感觉jr一副撩妹感受的模样",
            "time": "15-11-11 12:11"
        },
        {
            "comment id": 39,
            "parent": -1,
            "children": [],
            "user id": "2956968757",
            "user name": "喝口奶茶·",
            "content": "回复@赵赵-y:那个太刻意了，这个电话声音很真实的感觉",
            "time": "15-11-11 12:05"
        },
        {
            "comment id": 40,
            "parent": -1,
            "children": [],
            "user id": "2959706151",
            "user name": "好想不动就能瘦",
            "content": "回复@耳朵冬陈:是有一点点",
            "time": "15-11-11 11:43"
        },
        {
            "comment id": 41,
            "parent": -1,
            "children": [],
            "user id": "1739546785",
            "user name": "你好烦丨",
            "content": "#GOT7##Junior朴珍荣#猪妮儿萌萌萌(●✿∀✿●)敲可爱[○･‘Д´･○]",
            "time": "15-11-11 11:06"
        },
        {
            "comment id": 42,
            "parent": -1,
            "children": [],
            "user id": "5633255963",
            "user name": "已经弯成了蚊香",
            "content": "搞基家的",
            "time": "15-11-11 09:15"
        },
        {
            "comment id": 43,
            "parent": -1,
            "children": [],
            "user id": "3005348765",
            "user name": "高赛文的话唠yo",
            "content": "国民初恋朴珍荣好看的不要不要的",
            "time": "15-11-11 09:12"
        },
        {
            "comment id": 44,
            "parent": -1,
            "children": [],
            "user id": "5450143932",
            "user name": "我萌我开心我萌我乐意",
            "content": "见一次转一次",
            "time": "15-11-11 08:57"
        },
        {
            "comment id": 45,
            "parent": -1,
            "children": [],
            "user id": "2607745457",
            "user name": "Lunartic_",
            "content": "回复@h朋友hh:谢谢福利",
            "time": "15-11-11 06:22"
        },
        {
            "comment id": 46,
            "parent": -1,
            "children": [],
            "user id": "3319613273",
            "user name": "超级Lucky林小晗",
            "content": "画报男神",
            "time": "15-11-11 03:03"
        },
        {
            "comment id": 47,
            "parent": -1,
            "children": [],
            "user id": "5682791882",
            "user name": "顿额居阿拉丁能懂",
            "content": "小可爱单眼皮，年龄比我还小几个月",
            "time": "15-11-11 02:04"
        },
        {
            "comment id": 48,
            "parent": -1,
            "children": [],
            "user id": "2042176482",
            "user name": "狭心症会员",
            "content": "喜欢junior",
            "time": "15-11-11 01:25"
        },
        {
            "comment id": 49,
            "parent": -1,
            "children": [],
            "user id": "3723407750",
            "user name": "Red_TTong",
            "content": "回复@Juno李:不笑都是大帅逼！！",
            "time": "15-11-11 00:35"
        },
        {
            "comment id": 50,
            "parent": -1,
            "children": [],
            "user id": "3723407750",
            "user name": "Red_TTong",
            "content": "回复@hiversnow:pd님要不高兴了",
            "time": "15-11-11 00:34"
        },
        {
            "comment id": 51,
            "parent": -1,
            "children": [],
            "user id": "1660024163",
            "user name": "沁莹xi_",
            "content": "宝宝，晚安",
            "time": "15-11-11 00:28"
        },
        {
            "comment id": 52,
            "parent": -1,
            "children": [],
            "user id": "5343929739",
            "user name": "MZSJYRAZN",
            "content": "回复@飞奔到月球的香蕉皮:",
            "time": "15-11-11 00:23"
        },
        {
            "comment id": 53,
            "parent": -1,
            "children": [],
            "user id": "2677421234",
            "user name": "CC-WoYa",
            "content": "致命！",
            "time": "15-11-11 00:20"
        },
        {
            "comment id": 54,
            "parent": -1,
            "children": [],
            "user id": "3965389294",
            "user name": "nico2nico",
            "content": "好特别  泡菜男团的一缕清风",
            "time": "15-11-10 23:29"
        },
        {
            "comment id": 55,
            "parent": -1,
            "children": [],
            "user id": "5320920410",
            "user name": "AlwaysForMJ",
            "content": "#Junior.朴珍荣# #反转魅力朴珍荣# 这个蓝孩子真的不是天使么",
            "time": "15-11-10 23:27"
        },
        {
            "comment id": 56,
            "parent": -1,
            "children": [],
            "user id": "2301836925",
            "user name": "思蕾芝麻酱",
            "content": "路人表示颜很舒服，和朴施厚一个气质",
            "time": "15-11-10 23:24"
        },
        {
            "comment id": 57,
            "parent": -1,
            "children": [],
            "user id": "3263329121",
            "user name": "工业小众透明PVC",
            "content": "",
            "time": "15-11-10 22:59"
        },
        {
            "comment id": 58,
            "parent": -1,
            "children": [],
            "user id": "2776783425",
            "user name": "sky主主",
            "content": "@justL___",
            "time": "15-11-10 22:56"
        },
        {
            "comment id": 59,
            "parent": -1,
            "children": [],
            "user id": "1927848724",
            "user name": "小高小高早点睡觉ah",
            "content": "实力美颜猪妮儿",
            "time": "15-11-10 22:49"
        },
        {
            "comment id": 60,
            "parent": -1,
            "children": [],
            "user id": "1790664785",
            "user name": "何晶晶JH",
            "content": "转发微博",
            "time": "15-11-10 22:36"
        },
        {
            "comment id": 61,
            "parent": -1,
            "children": [],
            "user id": "5456919277",
            "user name": "JinyoungPark初撒浪",
            "content": "#GOT7##反转魅力朴珍荣#这个男孩叫做朴珍荣Junior，我心中的super star",
            "time": "15-11-10 22:04"
        },
        {
            "comment id": 62,
            "parent": -1,
            "children": [],
            "user id": "3123369531",
            "user name": "JUN-Baby-XNX",
            "content": "回覆@Lyi凤Xi:",
            "time": "15-11-10 21:14"
        },
        {
            "comment id": 63,
            "parent": -1,
            "children": [],
            "user id": "3584710567",
            "user name": "JoieYao-G7",
            "content": "回复@JUN-Baby-xnx:哦哦。😂那就怪他咯。",
            "time": "15-11-10 21:13"
        },
        {
            "comment id": 64,
            "parent": -1,
            "children": [],
            "user id": "2312160011",
            "user name": "Khun大太阳的光芒",
            "content": "太迷人了",
            "time": "15-11-10 21:12"
        },
        {
            "comment id": 65,
            "parent": -1,
            "children": [],
            "user id": "5741479008",
            "user name": "种花家的期晚晚",
            "content": "第三张血槽已空",
            "time": "15-11-10 21:11"
        },
        {
            "comment id": 66,
            "parent": -1,
            "children": [],
            "user id": "3123369531",
            "user name": "JUN-Baby-XNX",
            "content": "回复@Lyi凤Xi:我说我家猪猪太帅 别人这样认为也是情有可原",
            "time": "15-11-10 21:04"
        },
        {
            "comment id": 67,
            "parent": -1,
            "children": [],
            "user id": "3584710567",
            "user name": "JoieYao-G7",
            "content": "回复@JUN-Baby-xnx:你说的意思我好像没有弄懂。。",
            "time": "15-11-10 21:02"
        },
        {
            "comment id": 68,
            "parent": -1,
            "children": [],
            "user id": "1790195053",
            "user name": "YounGz1V",
            "content": "王嘉尔我要脱饭五分钟别怪我 这个boy越来越帅啊#Junior朴珍荣#",
            "time": "15-11-10 20:55"
        },
        {
            "comment id": 69,
            "parent": -1,
            "children": [],
            "user id": "2597941960",
            "user name": "提拉米苏的秘密",
            "content": "初恋",
            "time": "15-11-10 20:53"
        },
        {
            "comment id": 70,
            "parent": -1,
            "children": [],
            "user id": "3123369531",
            "user name": "JUN-Baby-XNX",
            "content": "wuli搞基",
            "time": "15-11-10 20:45"
        },
        {
            "comment id": 71,
            "parent": -1,
            "children": [],
            "user id": "3123369531",
            "user name": "JUN-Baby-XNX",
            "content": "回复@Lyi凤Xi:太帅有可能",
            "time": "15-11-10 20:45"
        },
        {
            "comment id": 72,
            "parent": -1,
            "children": [],
            "user id": "3123369531",
            "user name": "JUN-Baby-XNX",
            "content": "可爱 帅气 我要喷血了",
            "time": "15-11-10 20:44"
        },
        {
            "comment id": 73,
            "parent": -1,
            "children": [],
            "user id": "5584628339",
            "user name": "Fullmon_",
            "content": "国民初恋朴猪！",
            "time": "15-11-10 20:21"
        },
        {
            "comment id": 74,
            "parent": -1,
            "children": [],
            "user id": "1772589775",
            "user name": "蛋蛋要爱子懵鱼很久很久",
            "content": "我家暖🐷",
            "time": "15-11-10 20:16"
        },
        {
            "comment id": 75,
            "parent": -1,
            "children": [],
            "user id": "2920318187",
            "user name": "超凡月月",
            "content": "转发微博",
            "time": "15-11-10 20:12"
        },
        {
            "comment id": 76,
            "parent": -1,
            "children": [],
            "user id": "2060744374",
            "user name": "此去经年玻璃樽",
            "content": "回复@lovely啙窳:got7",
            "time": "15-11-10 20:09"
        },
        {
            "comment id": 77,
            "parent": -1,
            "children": [],
            "user id": "3628879052",
            "user name": "囧菇小透明",
            "content": "回复@帅比帅比biubiubiu:😂",
            "time": "15-11-10 19:24"
        },
        {
            "comment id": 78,
            "parent": -1,
            "children": [],
            "user id": "2206514474",
            "user name": "水果玉米摊",
            "content": "男朋友",
            "time": "15-11-10 19:17"
        },
        {
            "comment id": 79,
            "parent": -1,
            "children": [],
            "user id": "2206514474",
            "user name": "水果玉米摊",
            "content": "回复@L-Krys:是的！！我们GOT7的猪猪Junior!",
            "time": "15-11-10 19:17"
        }
    ]
}