{
    "source": {
        "content": "万众期待的2015维秘大秀终于首次爆光众超模的试装照！尽管这届维秘前期就撕了起来，先是蕾哈娜退出表演，又爆出Gigi Hadid和Kendall Jenner入选，踢掉了Jourdan Dunn。不过今年的20周年大秀汇集了15位天使+27位超模的超豪华阵容！中国超模@何穗 @Ming奚梦瑶 也将亮相！先睹为快→2015维秘秀曝试装照 ",
        "time": "15-11-10 11:37",
        "user id": "1642591402",
        "tweet id": "D3bzqbgSd",
        "label": 0,
        "theme": "文体娱乐"
    },
    "comment": [
        {
            "comment id": 0,
            "parent": -1,
            "children": [],
            "user id": "1774838101",
            "user name": "准点迟到专业户小璐",
            "content": "gigi明明是自己面试了两年才入选的，脚丹的事能不能不拉gigi",
            "time": "15-12-6 08:03"
        },
        {
            "comment id": 1,
            "parent": -1,
            "children": [],
            "user id": "3381110392",
            "user name": "-三天之",
            "content": "回复@阿璟Ove:是的！",
            "time": "15-11-26 23:40"
        },
        {
            "comment id": 2,
            "parent": -1,
            "children": [],
            "user id": "2277811563",
            "user name": "tomoe咸鱼日常翻身暴富",
            "content": "图8是谁？脸型跟米兰达可儿很像啊，突然发现维密天使里这种脸型的也不少，很甜美",
            "time": "15-11-15 14:49"
        },
        {
            "comment id": 3,
            "parent": -1,
            "children": [],
            "user id": "3722185371",
            "user name": "高中生圭尘-_-",
            "content": "身材好。。。",
            "time": "15-11-13 21:37"
        },
        {
            "comment id": 4,
            "parent": -1,
            "children": [],
            "user id": "3775125983",
            "user name": "辣辣肉不辣",
            "content": "Jourdan换成Kendall，riri表示不服",
            "time": "15-11-12 19:49"
        },
        {
            "comment id": 5,
            "parent": -1,
            "children": [],
            "user id": "3381110392",
            "user name": "-三天之",
            "content": "回复@阿璟Ove:是的！好不美！",
            "time": "15-11-11 23:29"
        },
        {
            "comment id": 6,
            "parent": -1,
            "children": [],
            "user id": "2289962140",
            "user name": "yancca",
            "content": "第一个女生叫什么",
            "time": "15-11-11 21:47"
        },
        {
            "comment id": 7,
            "parent": -1,
            "children": [],
            "user id": "2098031845",
            "user name": "FRealandmove1",
            "content": "我的刀刀和KK天使走了，连蛋蛋也走了。今年这场秀应该不可能成为经典。",
            "time": "15-11-11 19:03"
        },
        {
            "comment id": 8,
            "parent": -1,
            "children": [],
            "user id": "1934718103",
            "user name": "只是一个想说什么就说什么的微博",
            "content": "泰勒斯威夫特的i knew you were trouble那一场被震撼了",
            "time": "15-11-11 15:46"
        },
        {
            "comment id": 9,
            "parent": -1,
            "children": [],
            "user id": "2950041750",
            "user name": "换个谁都找不到我的名字",
            "content": "回复@程子竞:好看",
            "time": "15-11-11 15:26"
        },
        {
            "comment id": 10,
            "parent": -1,
            "children": [],
            "user id": "2273996280",
            "user name": "immortalbiteabulletfingercross",
            "content": "倒②图是谁",
            "time": "15-11-11 11:56"
        },
        {
            "comment id": 11,
            "parent": -1,
            "children": [],
            "user id": "2364981287",
            "user name": "zbbsinshsj_",
            "content": "我都不说今年给了那么多翅膀给两个网红，给糖糖和Lima的丑的不要不要的，喜新厌旧啊，今年捧得不要太厉害，新人你为啥不去走走pink",
            "time": "15-11-11 11:51"
        },
        {
            "comment id": 12,
            "parent": -1,
            "children": [],
            "user id": "1937037043",
            "user name": "Dyyymmn",
            "content": "抹水印技术不怎么样啊",
            "time": "15-11-11 09:03"
        },
        {
            "comment id": 13,
            "parent": -1,
            "children": [],
            "user id": "1627773852",
            "user name": "J-叮叮",
            "content": "回复@Jin-小包:最后张像剑插满一样",
            "time": "15-11-11 08:18"
        },
        {
            "comment id": 14,
            "parent": -1,
            "children": [],
            "user id": "1627773852",
            "user name": "J-叮叮",
            "content": "@Jin-小包 @Yang-囡囡",
            "time": "15-11-11 08:03"
        },
        {
            "comment id": 15,
            "parent": -1,
            "children": [],
            "user id": "2294006711",
            "user name": "夜空中最亮的星yang",
            "content": "刘雯呢",
            "time": "15-11-10 23:04"
        },
        {
            "comment id": 16,
            "parent": -1,
            "children": [],
            "user id": "1803739794",
            "user name": "bella777yy",
            "content": "新浪盗图狗",
            "time": "15-11-10 21:02"
        },
        {
            "comment id": 17,
            "parent": -1,
            "children": [],
            "user id": "2729095772",
            "user name": "赖床领袖",
            "content": "回复@王家少女喵:不喜欢",
            "time": "15-11-10 20:39"
        },
        {
            "comment id": 18,
            "parent": -1,
            "children": [],
            "user id": "2917992733",
            "user name": "酸奶大户i",
            "content": "回复@王Zzzzi宁:你不是转喜欢",
            "time": "15-11-10 20:37"
        },
        {
            "comment id": 19,
            "parent": -1,
            "children": [],
            "user id": "2277341651",
            "user name": "阿璟Ove",
            "content": "@朱fengwen-zz 好不是你爱的",
            "time": "15-11-10 19:50"
        },
        {
            "comment id": 20,
            "parent": -1,
            "children": [],
            "user id": "1727195192",
            "user name": "小豹快快跑",
            "content": "回复@吃书少年____:刚好可以拿着这图过光棍节哇😉",
            "time": "15-11-10 19:50"
        },
        {
            "comment id": 21,
            "parent": -1,
            "children": [],
            "user id": "5513758388",
            "user name": "朝木和溪",
            "content": "哪里好看咧",
            "time": "15-11-10 19:39"
        },
        {
            "comment id": 22,
            "parent": -1,
            "children": [],
            "user id": "2353429920",
            "user name": "Daaaiii_",
            "content": "回复@贱婊爱蛋糕:图6是什么鬼，窗帘珠都来了",
            "time": "15-11-10 19:19"
        },
        {
            "comment id": 23,
            "parent": -1,
            "children": [],
            "user id": "1213748593",
            "user name": "桃红柳绿满城春",
            "content": "这些人感觉也是闲得，大冬天的穿个裤衩走来走去，你妹的，一点都不好看好吗",
            "time": "15-11-10 18:49"
        },
        {
            "comment id": 24,
            "parent": -1,
            "children": [],
            "user id": "3135762585",
            "user name": "傻傻的zhaoyuhang",
            "content": "转发微博",
            "time": "15-11-10 18:48"
        },
        {
            "comment id": 25,
            "parent": -1,
            "children": [],
            "user id": "1922221171",
            "user name": "HeyVen-",
            "content": "→_→后台三姐妹",
            "time": "15-11-10 18:43"
        },
        {
            "comment id": 26,
            "parent": -1,
            "children": [],
            "user id": "2729095772",
            "user name": "赖床领袖",
            "content": "回复@王家少女喵:",
            "time": "15-11-10 18:06"
        },
        {
            "comment id": 27,
            "parent": -1,
            "children": [],
            "user id": "5372331561",
            "user name": "幸福的小居居",
            "content": "回复@卡住的坨:",
            "time": "15-11-10 17:58"
        },
        {
            "comment id": 28,
            "parent": -1,
            "children": [],
            "user id": "1677689590",
            "user name": "木林森家的努力马丁",
            "content": "gigi不是自己去面试进的吗？其实也喜欢jourdan的，",
            "time": "15-11-10 17:54"
        },
        {
            "comment id": 29,
            "parent": -1,
            "children": [],
            "user id": "5220998024",
            "user name": "吸居少女的",
            "content": "美！",
            "time": "15-11-10 17:42"
        },
        {
            "comment id": 30,
            "parent": -1,
            "children": [],
            "user id": "2889797500",
            "user name": "Galopant大卫",
            "content": "回复@热带植物kum:本来想反驳其中一个两个，可是作为个妹子打了那么多字，我也实在不好多说啥，况且你也说了，不是维秘多奢侈只是这是跃龙门，我一开始论点就是维秘的东西并不贵…给你点个赞，谢谢赐教。",
            "time": "15-11-10 17:08"
        },
        {
            "comment id": 31,
            "parent": -1,
            "children": [],
            "user id": "3201789325",
            "user name": "热带植物kum",
            "content": "回复@Galopant大卫:还有最近各种代言接不停的jac  好了太多就不赘述论文",
            "time": "15-11-10 16:55"
        },
        {
            "comment id": 32,
            "parent": -1,
            "children": [],
            "user id": "3201789325",
            "user name": "热带植物kum",
            "content": "回复@Galopant大卫:别的就不说了  模特收入榜万年第一的吉娘娘就是维秘一手捧红的  走过很多大开还带过千万的fb  今年收入也是第一吉娘娘你总不会不知道吧其他的泰妈tyra  海蒂这些留名模特史的人都是维秘捧出来的  可以说你在维秘如果受重视的话   其他品牌都会抢着找你代言 不是说维秘有多奢侈而是她是鲤鱼跃龙门的象征",
            "time": "15-11-10 16:53"
        },
        {
            "comment id": 33,
            "parent": -1,
            "children": [],
            "user id": "3201789325",
            "user name": "热带植物kum",
            "content": "回复@Galopant大卫:小kk就是dior代言人  gigi走香奈儿的秀而且现在是老佛爷面前的红人  糖糖candice代言范思哲 走givenchy 而且gigi就算走了香奈儿这次被维秘录取都激动到快哭了",
            "time": "15-11-10 16:48"
        },
        {
            "comment id": 34,
            "parent": -1,
            "children": [],
            "user id": "2889797500",
            "user name": "Galopant大卫",
            "content": "回复@热带植物kum:比如？",
            "time": "15-11-10 16:43"
        },
        {
            "comment id": 35,
            "parent": -1,
            "children": [],
            "user id": "2983404272",
            "user name": "海苔味的猫",
            "content": "回复@Qiioue:脱光好看",
            "time": "15-11-10 16:42"
        },
        {
            "comment id": 36,
            "parent": -1,
            "children": [],
            "user id": "3201789325",
            "user name": "热带植物kum",
            "content": "回复@Galopant大卫:你在开玩笑？？维秘的模特连代言chanel  dior的都多了去了，很多欧美模特都说过，能上一次维秘的台走一次秀就像圆梦一样，现在模特收入榜前十里至少七八位都是维秘捧出来的",
            "time": "15-11-10 16:42"
        },
        {
            "comment id": 37,
            "parent": -1,
            "children": [],
            "user id": "2829521784",
            "user name": "阿冉阿冉呀",
            "content": "喜欢糖糖和小南瓜的这两套",
            "time": "15-11-10 16:39"
        },
        {
            "comment id": 38,
            "parent": -1,
            "children": [],
            "user id": "1824015453",
            "user name": "Mocha_卡哇伊内",
            "content": "@dadadadatu 你的最爱又来了……",
            "time": "15-11-10 16:38"
        },
        {
            "comment id": 39,
            "parent": -1,
            "children": [],
            "user id": "3201789325",
            "user name": "热带植物kum",
            "content": "今年的fb普通了点   期待糖糖和方脸",
            "time": "15-11-10 16:29"
        },
        {
            "comment id": 40,
            "parent": -1,
            "children": [],
            "user id": "1791188385",
            "user name": "Jessie_海绵海绵",
            "content": "金小妹可以理解，但是gigi为什么。。。jourdan是真的美啊！！！！",
            "time": "15-11-10 16:28"
        },
        {
            "comment id": 41,
            "parent": -1,
            "children": [],
            "user id": "3211625707",
            "user name": "渡劫归来0517",
            "content": "@3豆腐酱3 她路人缘好不好，关你鸟事。。。你看不惯她的新粉可以，但是拿LP来损她这就是你的无知了。。。有本事开评论，要不少来回复我。。。",
            "time": "15-11-10 16:22"
        },
        {
            "comment id": 42,
            "parent": -1,
            "children": [],
            "user id": "2545263422",
            "user name": "3豆腐酱3",
            "content": "回复@珍贵的少女你开心就好:不懂装懂还爱显摆不是刘雯的新粉最爱干的事吗，她路人缘早被你们败光了，懂？",
            "time": "15-11-10 16:11"
        },
        {
            "comment id": 43,
            "parent": -1,
            "children": [],
            "user id": "2694901172",
            "user name": "湖中的小岛",
            "content": "有谁知道系带的靴子是什么牌子吗？求告诉",
            "time": "15-11-10 16:01"
        },
        {
            "comment id": 44,
            "parent": -1,
            "children": [],
            "user id": "2631527331",
            "user name": "弗啦史棒",
            "content": "@明明爱的就是你",
            "time": "15-11-10 15:58"
        },
        {
            "comment id": 45,
            "parent": -1,
            "children": [],
            "user id": "2691340522",
            "user name": "糖美的糖没了",
            "content": "期待何仙姑",
            "time": "15-11-10 15:57"
        },
        {
            "comment id": 46,
            "parent": -1,
            "children": [],
            "user id": "2738525331",
            "user name": "U2An_",
            "content": "@众口难调阿 @陈阿佐0813",
            "time": "15-11-10 15:40"
        },
        {
            "comment id": 47,
            "parent": -1,
            "children": [],
            "user id": "3211625707",
            "user name": "渡劫归来0517",
            "content": "@3豆腐酱3  呵呵。。。LP业内就如此号称。。。不服憋着。。。黑称？你这么说人家LP可要拿手工针戳你了。。。不懂别装懂。。。",
            "time": "15-11-10 15:40"
        },
        {
            "comment id": 48,
            "parent": -1,
            "children": [],
            "user id": "2841061701",
            "user name": "ccukyle",
            "content": "回复@贱婊爱蛋糕:请你快去学习！😡",
            "time": "15-11-10 15:40"
        },
        {
            "comment id": 49,
            "parent": -1,
            "children": [],
            "user id": "5657856876",
            "user name": "综艺观后感n",
            "content": "她们的腿长啊",
            "time": "15-11-10 15:05"
        },
        {
            "comment id": 50,
            "parent": -1,
            "children": [],
            "user id": "2725619485",
            "user name": "一位不愿意透露姓名的傻子",
            "content": "回复@ALICE于涵:不喜欢",
            "time": "15-11-10 15:00"
        },
        {
            "comment id": 51,
            "parent": -1,
            "children": [],
            "user id": "2207989511",
            "user name": "Aoife_Wuuuuu",
            "content": "@嗯廖开渝 @花美男学霸叶思文 @Wher__e 我都不想看了 好球丑",
            "time": "15-11-10 14:57"
        },
        {
            "comment id": 52,
            "parent": -1,
            "children": [],
            "user id": "1915066833",
            "user name": "刘锴凯",
            "content": "回复@一只优秀的酸奶:血脉喷张",
            "time": "15-11-10 14:56"
        },
        {
            "comment id": 53,
            "parent": -1,
            "children": [],
            "user id": "3002343445",
            "user name": "提线木偶一样",
            "content": "何穗是不是就是电影何以里面那个萧筱？",
            "time": "15-11-10 14:52"
        },
        {
            "comment id": 54,
            "parent": -1,
            "children": [],
            "user id": "1843877052",
            "user name": "velkaren",
            "content": "官方算进天使一共47个麻豆怎么到这儿少了五个",
            "time": "15-11-10 14:44"
        },
        {
            "comment id": 55,
            "parent": -1,
            "children": [],
            "user id": "3180580842",
            "user name": "别看我拉都清空啦",
            "content": "奚梦瑶这种也能上 ",
            "time": "15-11-10 14:30"
        },
        {
            "comment id": 56,
            "parent": -1,
            "children": [],
            "user id": "1822326383",
            "user name": "accadidi",
            "content": "回复@念家煌:我也喜",
            "time": "15-11-10 14:19"
        },
        {
            "comment id": 57,
            "parent": -1,
            "children": [],
            "user id": "1095162144",
            "user name": "PUNKFLOYDC",
            "content": "盗图打个招呼撒，贵公司怎么做事情的？",
            "time": "15-11-10 14:05"
        },
        {
            "comment id": 58,
            "parent": -1,
            "children": [],
            "user id": "2279546021",
            "user name": "程子竞",
            "content": "@醋小白小姐 ",
            "time": "15-11-10 14:05"
        },
        {
            "comment id": 59,
            "parent": -1,
            "children": [],
            "user id": "2142141975",
            "user name": "张张小诗张",
            "content": "回复@Ashley-LLF:逐渐对维秘无爱，没FB大开糖居然只有两套",
            "time": "15-11-10 14:04"
        },
        {
            "comment id": 60,
            "parent": -1,
            "children": [],
            "user id": "1291427767",
            "user name": "ai_肖逸",
            "content": "回复@JACKZONGJIANS:",
            "time": "15-11-10 13:56"
        },
        {
            "comment id": 61,
            "parent": -1,
            "children": [],
            "user id": "2153419357",
            "user name": "一只优秀的酸奶",
            "content": "@刘锴凯 今年的维密又快开始了",
            "time": "15-11-10 13:54"
        },
        {
            "comment id": 62,
            "parent": -1,
            "children": [],
            "user id": "1750122653",
            "user name": "clara小记事",
            "content": "喜欢仙姑",
            "time": "15-11-10 13:53"
        },
        {
            "comment id": 63,
            "parent": -1,
            "children": [],
            "user id": "1960771441",
            "user name": "Dianabeautiful",
            "content": "期待！！！",
            "time": "15-11-10 13:51"
        },
        {
            "comment id": 64,
            "parent": -1,
            "children": [],
            "user id": "2624863062",
            "user name": "修行中的朴小太爷",
            "content": "回复@八神eightgod:看到啦 蕾哈娜退了好可惜",
            "time": "15-11-10 13:51"
        },
        {
            "comment id": 65,
            "parent": -1,
            "children": [],
            "user id": "5176077896",
            "user name": "啦啦啦小活宝",
            "content": "现在的维秘秀就跟冬天吃的一锅炖一样，",
            "time": "15-11-10 13:51"
        },
        {
            "comment id": 66,
            "parent": -1,
            "children": [],
            "user id": "3832917238",
            "user name": "404_w",
            "content": "@Leiu_6 看看看一起看",
            "time": "15-11-10 13:49"
        },
        {
            "comment id": 67,
            "parent": -1,
            "children": [],
            "user id": "1843149677",
            "user name": "李轩瑶就是我呀",
            "content": "回复@1LittleWater_:看来今年流行流苏",
            "time": "15-11-10 13:49"
        },
        {
            "comment id": 68,
            "parent": -1,
            "children": [],
            "user id": "2787212793",
            "user name": "LS-yyyyying",
            "content": "盗原博的图还不注明出处，恶心",
            "time": "15-11-10 13:46"
        },
        {
            "comment id": 69,
            "parent": -1,
            "children": [],
            "user id": "1950626251",
            "user name": "赤坂吉子",
            "content": "南瓜那套不好惹",
            "time": "15-11-10 13:41"
        },
        {
            "comment id": 70,
            "parent": -1,
            "children": [],
            "user id": "2210209254",
            "user name": "九日盐酱",
            "content": "好喜欢第一个LED灯的翅膀",
            "time": "15-11-10 13:41"
        },
        {
            "comment id": 71,
            "parent": -1,
            "children": [],
            "user id": "1705478190",
            "user name": "____植Zhii",
            "content": "Lima 翅膀最好看@-7多多- ",
            "time": "15-11-10 13:40"
        },
        {
            "comment id": 72,
            "parent": -1,
            "children": [],
            "user id": "2170479940",
            "user name": "私服街拍",
            "content": "天使和超模怎么区分？有翅膀的叫天使？",
            "time": "15-11-10 13:40"
        },
        {
            "comment id": 73,
            "parent": -1,
            "children": [],
            "user id": "2810920671",
            "user name": "XXXppi_",
            "content": "想看原图请关注@维多利亚的秘密吧 新浪倒图可耻",
            "time": "15-11-10 13:39"
        },
        {
            "comment id": 74,
            "parent": -1,
            "children": [],
            "user id": "2608188137",
            "user name": "排排都快变成五花肉了",
            "content": "@Miranda062593 @乐yoyo想吃炒年糕",
            "time": "15-11-10 13:35"
        },
        {
            "comment id": 75,
            "parent": -1,
            "children": [],
            "user id": "2191185721",
            "user name": "吴小小滴王大大",
            "content": "表姐呢？",
            "time": "15-11-10 13:30"
        },
        {
            "comment id": 76,
            "parent": -1,
            "children": [],
            "user id": "1579412805",
            "user name": "LEILALIANGW",
            "content": "回复@我的小小Shine:早看了…新浪都是偷新闻…",
            "time": "15-11-10 13:24"
        },
        {
            "comment id": 77,
            "parent": -1,
            "children": [],
            "user id": "1910757997",
            "user name": "凰钗蛟佩",
            "content": "回复@_苏梓锋:Taylor Hill",
            "time": "15-11-10 13:22"
        },
        {
            "comment id": 78,
            "parent": -1,
            "children": [],
            "user id": "1664881570",
            "user name": "一颗小赞糖_sweetie",
            "content": "@Alice01128在梦游 第一个好看",
            "time": "15-11-10 13:22"
        },
        {
            "comment id": 79,
            "parent": -1,
            "children": [],
            "user id": "2507349901",
            "user name": "是隔壁老陈",
            "content": "@小阿飞Punk",
            "time": "15-11-10 13:22"
        }
    ]
}