{
    "source": {
        "content": "这摩托车骑的，肯定是特技！ 猪猪爱讲冷笑话的秒拍视频 ",
        "time": "15-11-10 12:44",
        "user id": "1676910563",
        "tweet id": "D3c0BEbz8",
        "label": 0,
        "theme": "文体娱乐"
    },
    "comment": [
        {
            "comment id": 0,
            "parent": -1,
            "children": [],
            "user id": "5192419910",
            "user name": "旭日_升升升升升",
            "content": "@狮子头头四四囍丸子 @李洋洋洋洋_",
            "time": "15-11-20 12:38"
        },
        {
            "comment id": 1,
            "parent": -1,
            "children": [],
            "user id": "5753929150",
            "user name": "物理化学是个什么鬼",
            "content": "这是电动车吧",
            "time": "15-11-19 22:06"
        },
        {
            "comment id": 2,
            "parent": -1,
            "children": [],
            "user id": "2429298270",
            "user name": "gg原来是狐狸丫",
            "content": "回复@王小弟是懒霸:开挂国",
            "time": "15-11-18 10:12"
        },
        {
            "comment id": 3,
            "parent": -1,
            "children": [],
            "user id": "3505881614",
            "user name": "王小弟是懒霸",
            "content": "@无情无欲便是王 阿三又开花挂",
            "time": "15-11-18 10:08"
        },
        {
            "comment id": 4,
            "parent": -1,
            "children": [],
            "user id": "5209251763",
            "user name": "michaelwushubaojin",
            "content": "如今坟头绿草盈",
            "time": "15-11-10 16:30"
        },
        {
            "comment id": 5,
            "parent": -1,
            "children": [],
            "user id": "5380465238",
            "user name": "TAQ_2289",
            "content": "@hurayw",
            "time": "15-11-10 13:24"
        },
        {
            "comment id": 6,
            "parent": -1,
            "children": [],
            "user id": "5737985384",
            "user name": "俺就是一小民",
            "content": "",
            "time": "15-11-10 13:14"
        },
        {
            "comment id": 7,
            "parent": -1,
            "children": [],
            "user id": "5261235619",
            "user name": "幼儿园老伯",
            "content": "没撞上，零分",
            "time": "15-11-10 13:05"
        },
        {
            "comment id": 8,
            "parent": -1,
            "children": [],
            "user id": "3705331132",
            "user name": "高港辉i",
            "content": "卧槽 再现阿三哥",
            "time": "15-11-10 12:54"
        },
        {
            "comment id": 9,
            "parent": -1,
            "children": [],
            "user id": "5426697530",
            "user name": "也许归来仍是少年",
            "content": "",
            "time": "15-11-10 12:52"
        },
        {
            "comment id": 10,
            "parent": -1,
            "children": [],
            "user id": "3193074164",
            "user name": "东方仙人掌hj",
            "content": "",
            "time": "15-11-10 12:50"
        },
        {
            "comment id": 11,
            "parent": -1,
            "children": [],
            "user id": "3972427542",
            "user name": "人间奶黄酥",
            "content": "绝壁阿三啊",
            "time": "15-11-10 12:50"
        },
        {
            "comment id": 12,
            "parent": -1,
            "children": [],
            "user id": "5263913617",
            "user name": "拉钩之后为什么要上吊71",
            "content": "绝逼是啊三干的",
            "time": "15-11-10 12:50"
        },
        {
            "comment id": 13,
            "parent": -1,
            "children": [],
            "user id": "5087745592",
            "user name": "孤独的神29",
            "content": "这虎逼",
            "time": "15-11-10 12:47"
        },
        {
            "comment id": 14,
            "parent": -1,
            "children": [],
            "user id": "2967133953",
            "user name": "氷氷甤",
            "content": "@BR灬杰",
            "time": "15-11-10 12:46"
        },
        {
            "comment id": 15,
            "parent": -1,
            "children": [],
            "user id": "5202892116",
            "user name": "張國榮微博資訊",
            "content": "关注@简直撩扎咧，看搞笑奇葩段子和视频，每天精彩不断，期待你的关注！",
            "time": "15-11-10 12:44"
        }
    ]
}