{
    "source": {
        "content": "【陈道明发问吸毒艺人:你压力有老百姓大吗？】近年演艺界人士涉毒消息屡现报端，一些吸毒者自称“借吸毒减压”。对此，陈道明发问：“现代人谁没压力？你压力有老百姓大吗？”“演员，要非说有压力，也是在名利场想出名的压力。用压力解释吸毒，纯属借口。”（新华网）陈道明拷问\"文化失觉\":泛娱乐 烂剧本 上市潮 没教养 ",
        "time": "15-11-10 13:30",
        "user id": "1974576991",
        "tweet id": "D3cjtw3pJ",
        "label": 0,
        "theme": "文体娱乐"
    },
    "comment": [
        {
            "comment id": 0,
            "parent": -1,
            "children": [],
            "user id": "3331851804",
            "user name": "如风的星星",
            "content": "精辟，吸毒的都是有钱人精神空虚的人。老百姓每天忙的脚不沾地钱还不够花的，哪有钱吸毒",
            "time": "16-9-15 00:30"
        },
        {
            "comment id": 1,
            "parent": -1,
            "children": [],
            "user id": "1974529330",
            "user name": "韩版杜海涛",
            "content": "陈老师说的好 求转",
            "time": "15-11-22 20:54"
        },
        {
            "comment id": 2,
            "parent": -1,
            "children": [],
            "user id": "2186122173",
            "user name": "电脑爱黑屏",
            "content": "回复@舞客1289:你可以想一想，陈道明是怎么有今天这个成就的。",
            "time": "15-11-18 11:09"
        },
        {
            "comment id": 3,
            "parent": -1,
            "children": [],
            "user id": "2090805795",
            "user name": "Chicks__",
            "content": "回复@舞客1289:[悲傷]大神请收下我的膝盖",
            "time": "15-11-13 17:13"
        },
        {
            "comment id": 4,
            "parent": -1,
            "children": [],
            "user id": "1096527320",
            "user name": "刘畅Clem-",
            "content": "我明叔简直三观担当。",
            "time": "15-11-12 20:42"
        },
        {
            "comment id": 5,
            "parent": -1,
            "children": [],
            "user id": "1849038401",
            "user name": "西门大灌人",
            "content": "问的好",
            "time": "15-11-11 12:24"
        },
        {
            "comment id": 6,
            "parent": -1,
            "children": [],
            "user id": "1746452160",
            "user name": "梵心娥",
            "content": "回复@舞客1289:佛曰人来世间就是来消业障和受苦的，所以人活着就是受罪，接受和勇往直前是我们要做的目标",
            "time": "15-11-10 22:40"
        },
        {
            "comment id": 7,
            "parent": -1,
            "children": [],
            "user id": "1001427354",
            "user name": "思思阳光灿烂的日子",
            "content": "老百姓吸不起毒",
            "time": "15-11-10 21:15"
        },
        {
            "comment id": 8,
            "parent": -1,
            "children": [],
            "user id": "5127888195",
            "user name": "祯桢禎楨",
            "content": "男神说得好",
            "time": "15-11-10 20:00"
        },
        {
            "comment id": 9,
            "parent": -1,
            "children": [],
            "user id": "2711002782",
            "user name": "Colyaa",
            "content": "吸毒就算了，有些脑残粉说吸毒怎么了，谁没犯错，谁没吸毒， 估计这些人脑子被烧了",
            "time": "15-11-10 18:58"
        },
        {
            "comment id": 10,
            "parent": -1,
            "children": [],
            "user id": "2366118704",
            "user name": "少罡法末",
            "content": "陈老师威武",
            "time": "15-11-10 18:47"
        },
        {
            "comment id": 11,
            "parent": -1,
            "children": [],
            "user id": "2682562405",
            "user name": "薄荷软软糖",
            "content": "明叔威武霸气！",
            "time": "15-11-10 18:43"
        },
        {
            "comment id": 12,
            "parent": -1,
            "children": [],
            "user id": "3448426040",
            "user name": "无忧公主_85288",
            "content": "@萱萱萱萱的未来需努力  赞一个！",
            "time": "15-11-10 18:19"
        },
        {
            "comment id": 13,
            "parent": -1,
            "children": [],
            "user id": "2667428071",
            "user name": "诺lulutao",
            "content": "回复@痣希:都是有钱的人",
            "time": "15-11-10 18:01"
        },
        {
            "comment id": 14,
            "parent": -1,
            "children": [],
            "user id": "2566728470",
            "user name": "奪扵丶汃",
            "content": "。。。只是来支持他的",
            "time": "15-11-10 17:52"
        },
        {
            "comment id": 15,
            "parent": -1,
            "children": [],
            "user id": "1832936364",
            "user name": "祁大宝2016",
            "content": "就是这个圈太乱，戏子！我相信还得有起码10倍的数量，只是没人举报",
            "time": "15-11-10 17:50"
        },
        {
            "comment id": 16,
            "parent": -1,
            "children": [],
            "user id": "1870008650",
            "user name": "唐嫣娱乐",
            "content": "❀#珍爱生命，远离毒品# ❀ ❀ ❀ ❀",
            "time": "15-11-10 17:28"
        },
        {
            "comment id": 17,
            "parent": -1,
            "children": [],
            "user id": "3526945695",
            "user name": "猫样就是很叼",
            "content": "回复@炫富狗:矫枉过正",
            "time": "15-11-10 17:11"
        },
        {
            "comment id": 18,
            "parent": -1,
            "children": [],
            "user id": "2986736174",
            "user name": "传奇蛋炒饭008",
            "content": "这些丫的尼玛真力大。。",
            "time": "15-11-10 17:11"
        },
        {
            "comment id": 19,
            "parent": -1,
            "children": [],
            "user id": "2747719713",
            "user name": "雷雨王东",
            "content": "老陈说话实在，说的好。",
            "time": "15-11-10 16:58"
        },
        {
            "comment id": 20,
            "parent": -1,
            "children": [],
            "user id": "5533029250",
            "user name": "乔伊Cindy",
            "content": "支持你的作品，每部作品的演技都杠杠的",
            "time": "15-11-10 16:51"
        },
        {
            "comment id": 21,
            "parent": -1,
            "children": [],
            "user id": "2825272564",
            "user name": "秋天秋天__",
            "content": "👏👏",
            "time": "15-11-10 16:49"
        },
        {
            "comment id": 22,
            "parent": -1,
            "children": [],
            "user id": "5483714491",
            "user name": "整块木头制成的善意",
            "content": "你丫力有老百姓大嘛",
            "time": "15-11-10 16:42"
        },
        {
            "comment id": 23,
            "parent": -1,
            "children": [],
            "user id": "1953439961",
            "user name": "外出晒太阳的菜刀妹",
            "content": "问得好",
            "time": "15-11-10 16:36"
        },
        {
            "comment id": 24,
            "parent": -1,
            "children": [],
            "user id": "2959610913",
            "user name": "苦枯桂电",
            "content": "我的压力就是估计这辈子买不起房了…",
            "time": "15-11-10 16:34"
        },
        {
            "comment id": 25,
            "parent": -1,
            "children": [],
            "user id": "2708558027",
            "user name": "YYIYFAN",
            "content": "你最厉害",
            "time": "15-11-10 16:25"
        },
        {
            "comment id": 26,
            "parent": -1,
            "children": [],
            "user id": "1868747654",
            "user name": "想要快乐的夏天",
            "content": "👍",
            "time": "15-11-10 16:15"
        },
        {
            "comment id": 27,
            "parent": -1,
            "children": [],
            "user id": "5712865695",
            "user name": "心牵挂APP",
            "content": "力挺，如果能成名，我也想有压力，且不吸毒",
            "time": "15-11-10 15:53"
        },
        {
            "comment id": 28,
            "parent": -1,
            "children": [],
            "user id": "2126208321",
            "user name": "卖驴给阿凡提",
            "content": "真正的演员，艺术家",
            "time": "15-11-10 15:52"
        },
        {
            "comment id": 29,
            "parent": -1,
            "children": [],
            "user id": "2527263431",
            "user name": "来时的路1",
            "content": "皇上说得极是！",
            "time": "15-11-10 15:52"
        },
        {
            "comment id": 30,
            "parent": -1,
            "children": [],
            "user id": "3534119044",
            "user name": "阿锦呦银河",
            "content": "娱乐圈为什么还能容得下这些人？？？作为公众人物有没有想过会给受众带来的不良影响？？？作为粉丝有没有想过将来孩子有样学样的可能？？？怎么可以容忍？？？",
            "time": "15-11-10 15:52"
        },
        {
            "comment id": 31,
            "parent": -1,
            "children": [],
            "user id": "5055453447",
            "user name": "心比海宽Good",
            "content": "陈道明男人中的精品！",
            "time": "15-11-10 15:43"
        },
        {
            "comment id": 32,
            "parent": -1,
            "children": [],
            "user id": "5442797338",
            "user name": "LaoLv1020",
            "content": "说得好，支持！用压力来掩盖自己吸毒的勾当，实属放屁。",
            "time": "15-11-10 15:43"
        },
        {
            "comment id": 33,
            "parent": -1,
            "children": [],
            "user id": "2011504137",
            "user name": "阳光过期不候",
            "content": "陈大大就是这么霸气",
            "time": "15-11-10 15:38"
        },
        {
            "comment id": 34,
            "parent": -1,
            "children": [],
            "user id": "1932479880",
            "user name": "视维视频会议系统",
            "content": "",
            "time": "15-11-10 15:35"
        },
        {
            "comment id": 35,
            "parent": -1,
            "children": [],
            "user id": "3386864620",
            "user name": "RYH肚子有肉的乌龟",
            "content": "赞啊！！！！！",
            "time": "15-11-10 15:34"
        },
        {
            "comment id": 36,
            "parent": -1,
            "children": [],
            "user id": "1671921460",
            "user name": "枫shadowy",
            "content": "钱多没地花",
            "time": "15-11-10 15:31"
        },
        {
            "comment id": 37,
            "parent": -1,
            "children": [],
            "user id": "5370764484",
            "user name": "笑中有lei",
            "content": "我是老百姓，压力大都不用再过多的去形容了我都没吸毒.关键是我吸不起么钱嘛",
            "time": "15-11-10 15:29"
        },
        {
            "comment id": 38,
            "parent": -1,
            "children": [],
            "user id": "3023537537",
            "user name": "坑坑美奈子",
            "content": "这是艺术家",
            "time": "15-11-10 15:28"
        },
        {
            "comment id": 39,
            "parent": -1,
            "children": [],
            "user id": "1729165981",
            "user name": "Kingofsolo",
            "content": "回复@野生_兔子:早上就附过了",
            "time": "15-11-10 15:28"
        },
        {
            "comment id": 40,
            "parent": -1,
            "children": [],
            "user id": "2033133945",
            "user name": "雨宫明里",
            "content": "郭美美是谁",
            "time": "15-11-10 15:27"
        },
        {
            "comment id": 41,
            "parent": -1,
            "children": [],
            "user id": "2859873910",
            "user name": "狗不理铺儿·不理狗",
            "content": "不希望用道德标准来解释或者规范涉毒行为。。既无意义也不会有效果。。",
            "time": "15-11-10 15:26"
        },
        {
            "comment id": 42,
            "parent": -1,
            "children": [],
            "user id": "5713573363",
            "user name": "哎哟有点热",
            "content": "回复@凌灵baby2015:谢谢点赞",
            "time": "15-11-10 15:23"
        },
        {
            "comment id": 43,
            "parent": -1,
            "children": [],
            "user id": "1551815542",
            "user name": "野生_兔子",
            "content": "@赖赖1201 @高林没事不要艾特我 @Kingofsolo @倪叔呆呆啊噗 卧槽  臣等附议",
            "time": "15-11-10 15:23"
        },
        {
            "comment id": 44,
            "parent": -1,
            "children": [],
            "user id": "3816169893",
            "user name": "大本母乳师彤妈",
            "content": "[好棒]",
            "time": "15-11-10 15:22"
        },
        {
            "comment id": 45,
            "parent": -1,
            "children": [],
            "user id": "1762704040",
            "user name": "王小美",
            "content": "吸毒后说这种话的明星就是把粉丝当脑残呗，不过他粉丝也确实是脑残，因为会信",
            "time": "15-11-10 15:22"
        },
        {
            "comment id": 46,
            "parent": -1,
            "children": [],
            "user id": "1740801122",
            "user name": "wo是秦风二少",
            "content": "道明叔说的对",
            "time": "15-11-10 15:21"
        },
        {
            "comment id": 47,
            "parent": -1,
            "children": [],
            "user id": "3986315091",
            "user name": "浓眉小眼的靓仔",
            "content": "他不是老百姓吗",
            "time": "15-11-10 15:19"
        },
        {
            "comment id": 48,
            "parent": -1,
            "children": [],
            "user id": "1748502933",
            "user name": "时尚微女郎",
            "content": "吸毒大多出于好奇心驱使或者寻找刺激，有些年轻人被欺骗、引诱、逆反心理或环境影响，也有一些人是因为一些愚蠢的想法，比如像媒体报道21岁女孩吸毒只是为了减肥，后上瘾无法自拔。网页链接",
            "time": "15-11-10 15:19"
        },
        {
            "comment id": 49,
            "parent": -1,
            "children": [],
            "user id": "3188457984",
            "user name": "等秋风的猫",
            "content": "说的好 老百姓天天为了房子老婆孩子奋斗 那些人 就是为了巅峰时刻辉煌 所以就别扯什么压力了",
            "time": "15-11-10 15:19"
        },
        {
            "comment id": 50,
            "parent": -1,
            "children": [],
            "user id": "2733968687",
            "user name": "Mieva188",
            "content": "说得太对了，中国将明星都神化了！在哪里说的？求视频！",
            "time": "15-11-10 15:18"
        },
        {
            "comment id": 51,
            "parent": -1,
            "children": [],
            "user id": "1692945652",
            "user name": "Just-is-Kay",
            "content": "我心目中的头号老干部",
            "time": "15-11-10 15:17"
        },
        {
            "comment id": 52,
            "parent": -1,
            "children": [],
            "user id": "2157806643",
            "user name": "镜湖暮雨翠微垂",
            "content": "表白陈道明←_←",
            "time": "15-11-10 15:17"
        },
        {
            "comment id": 53,
            "parent": -1,
            "children": [],
            "user id": "5713573363",
            "user name": "哎哟有点热",
            "content": "说的真对",
            "time": "15-11-10 15:17"
        },
        {
            "comment id": 54,
            "parent": -1,
            "children": [],
            "user id": "2120159644",
            "user name": "YOYO之小确幸",
            "content": "郭美美也算名人？臭名远扬吧，真是的",
            "time": "15-11-10 15:15"
        },
        {
            "comment id": 55,
            "parent": -1,
            "children": [],
            "user id": "1951317943",
            "user name": "野猪农夫",
            "content": "陈道明一天好累啊 被各种鸡汤 被冠名",
            "time": "15-11-10 15:15"
        },
        {
            "comment id": 56,
            "parent": -1,
            "children": [],
            "user id": "3790622721",
            "user name": "蜘蛛巢城_",
            "content": "回复@用户5709088899:骂人我就不计较了，",
            "time": "15-11-10 15:13"
        },
        {
            "comment id": 57,
            "parent": -1,
            "children": [],
            "user id": "2112108372",
            "user name": "渔人阿勃",
            "content": "强烈反对柯震东复出",
            "time": "15-11-10 15:13"
        },
        {
            "comment id": 58,
            "parent": -1,
            "children": [],
            "user id": "3361528864",
            "user name": "我是你的francis",
            "content": "吸吧吸吧 有钱吸坏的也是你们自己",
            "time": "15-11-10 15:12"
        },
        {
            "comment id": 59,
            "parent": -1,
            "children": [],
            "user id": "3351819274",
            "user name": "想要换个别的谁来告诉我改什么好",
            "content": "臣，附议！",
            "time": "15-11-10 15:09"
        },
        {
            "comment id": 60,
            "parent": -1,
            "children": [],
            "user id": "1977130034",
            "user name": "依然安静-",
            "content": "赞 说的有道理",
            "time": "15-11-10 15:08"
        },
        {
            "comment id": 61,
            "parent": -1,
            "children": [],
            "user id": "5709088899",
            "user name": "东临碣石WX",
            "content": "回复@小心鱼1:你放屁，无非是想更大名气呗，那叫压力吗，猪",
            "time": "15-11-10 15:08"
        },
        {
            "comment id": 62,
            "parent": -1,
            "children": [],
            "user id": "1810403565",
            "user name": "小甜陛下",
            "content": "看到一个评论突然很想转出来，是的，🙋臣附议",
            "time": "15-11-10 15:07"
        },
        {
            "comment id": 63,
            "parent": -1,
            "children": [],
            "user id": "2921288403",
            "user name": "阿噜噜阿哩哩",
            "content": "老师说得很棒",
            "time": "15-11-10 15:07"
        },
        {
            "comment id": 64,
            "parent": -1,
            "children": [],
            "user id": "5189319088",
            "user name": "博君一笑呵呵呵",
            "content": "说得好",
            "time": "15-11-10 15:06"
        },
        {
            "comment id": 65,
            "parent": -1,
            "children": [],
            "user id": "2089076523",
            "user name": "露西Fighting",
            "content": "我觉得这只是凤毛麟角",
            "time": "15-11-10 15:06"
        },
        {
            "comment id": 66,
            "parent": -1,
            "children": [],
            "user id": "5632782521",
            "user name": "堐北村夫_",
            "content": "莫言先生对独生子女父母待遇的呼吁，冯小刚关于电影《1942》中“蒋介石当年也是扮演着灾民的角色”的评论，其内人杜宪女士当年离开原单位是不能自主的，而今国脸辞职已非个例。今天，陈先生又喊出了“你的压力有老百姓大吗？”的吼声，我们在少数文艺界人员那里见证、倾听着那久违的清醒与良知。。。",
            "time": "15-11-10 15:05"
        },
        {
            "comment id": 67,
            "parent": -1,
            "children": [],
            "user id": "1595866342",
            "user name": "secret_刘",
            "content": "需打字员，一千字15， 多劳多得,有意私信",
            "time": "15-11-10 15:04"
        },
        {
            "comment id": 68,
            "parent": -1,
            "children": [],
            "user id": "2216390857",
            "user name": "-虚鱼许",
            "content": "老百姓买不起毒品",
            "time": "15-11-10 15:02"
        },
        {
            "comment id": 69,
            "parent": -1,
            "children": [],
            "user id": "3860501348",
            "user name": "夏始夏末夏无离",
            "content": "",
            "time": "15-11-10 15:02"
        },
        {
            "comment id": 70,
            "parent": -1,
            "children": [],
            "user id": "3790622721",
            "user name": "蜘蛛巢城_",
            "content": "废话，演员压力当然比普通人大啊",
            "time": "15-11-10 15:00"
        },
        {
            "comment id": 71,
            "parent": -1,
            "children": [],
            "user id": "5056200261",
            "user name": "小泡泡hxl",
            "content": "把郭美美这种100线开外的妓女也放在名人行列真的是日了狗。",
            "time": "15-11-10 15:00"
        },
        {
            "comment id": 72,
            "parent": -1,
            "children": [],
            "user id": "5522135271",
            "user name": "奔跑吧_肚子",
            "content": "道哥这话说的真性情，爷们",
            "time": "15-11-10 14:59"
        },
        {
            "comment id": 73,
            "parent": -1,
            "children": [],
            "user id": "2485173731",
            "user name": "得吧得吧咿呀呦",
            "content": "最喜欢的实力man",
            "time": "15-11-10 14:59"
        },
        {
            "comment id": 74,
            "parent": -1,
            "children": [],
            "user id": "5110678829",
            "user name": "懒懒的小角落",
            "content": "手工零食，无添加剂！有猪肉脯，姜糖，山楂条、糯粟仁、烤地瓜等，很好吃！！开心健康吃起来啦手工零食，无添加剂！有猪肉脯，姜糖，山楂条、糯粟仁、烤地瓜等，很好吃！！开心健康吃起来啦",
            "time": "15-11-10 14:59"
        },
        {
            "comment id": 75,
            "parent": -1,
            "children": [],
            "user id": "2418372914",
            "user name": "青菜萝卜二锅头",
            "content": "回复@发条家族的快乐人生:王志文张丰毅也不错",
            "time": "15-11-10 14:58"
        },
        {
            "comment id": 76,
            "parent": -1,
            "children": [],
            "user id": "2136231740",
            "user name": "_蘋满汀洲",
            "content": "他是艺术家，不是演员",
            "time": "15-11-10 14:57"
        },
        {
            "comment id": 77,
            "parent": -1,
            "children": [],
            "user id": "1971838024",
            "user name": "jinga1",
            "content": "陈道明我爸都穿陈道明代言的利郎男装",
            "time": "15-11-10 14:57"
        },
        {
            "comment id": 78,
            "parent": -1,
            "children": [],
            "user id": "1362557741",
            "user name": "等到放晴的那天·",
            "content": "郭美美只能算个妓",
            "time": "15-11-10 14:57"
        },
        {
            "comment id": 79,
            "parent": -1,
            "children": [],
            "user id": "1752428691",
            "user name": "西窗琉璃",
            "content": "这才是艺术家德艺双馨的范儿",
            "time": "15-11-10 14:57"
        }
    ]
}