{
    "source": {
        "content": "#同学，你购物车炸了#先别急着加入购物车了，想想你去年买回来的坑爹玩意儿吧 ",
        "time": "15-11-10 19:44",
        "user id": "1642512402",
        "tweet id": "D3eLejHSF",
        "label": 0,
        "theme": "社会生活"
    },
    "comment": [
        {
            "comment id": 0,
            "parent": -1,
            "children": [],
            "user id": "2046686427",
            "user name": "G阁子--wjw",
            "content": "回复@_傑__少_:😥",
            "time": "15-11-18 10:58"
        },
        {
            "comment id": 1,
            "parent": -1,
            "children": [],
            "user id": "1793723932",
            "user name": "_傑__少_",
            "content": "回复@G阁子--wjw:最后一个你中枪了",
            "time": "15-11-18 10:55"
        },
        {
            "comment id": 2,
            "parent": -1,
            "children": [],
            "user id": "2400312695",
            "user name": "咽钞机",
            "content": "回复@_印钞机:第五那个外套帽子笑得我快要撒手人间",
            "time": "15-11-13 18:11"
        },
        {
            "comment id": 3,
            "parent": -1,
            "children": [],
            "user id": "1879966142",
            "user name": "脆脆的麻花",
            "content": "回复@珍珠翡翠红薯汤_ys:",
            "time": "15-11-12 22:52"
        },
        {
            "comment id": 4,
            "parent": -1,
            "children": [],
            "user id": "2411995671",
            "user name": "珍珠翡翠红薯汤",
            "content": "回复@support-pabo:",
            "time": "15-11-12 19:26"
        },
        {
            "comment id": 5,
            "parent": -1,
            "children": [],
            "user id": "1642497504",
            "user name": "好莱坞大导演_",
            "content": "笑炸了！那件衣服哈哈哈！",
            "time": "15-11-12 16:12"
        },
        {
            "comment id": 6,
            "parent": -1,
            "children": [],
            "user id": "2757114962",
            "user name": "老丁头很惬意",
            "content": "第五张 笑尿了",
            "time": "15-11-12 11:43"
        },
        {
            "comment id": 7,
            "parent": -1,
            "children": [],
            "user id": "1978615025",
            "user name": "冷飔飔",
            "content": "@李村姑的潘先森",
            "time": "15-11-12 10:29"
        },
        {
            "comment id": 8,
            "parent": -1,
            "children": [],
            "user id": "1745258221",
            "user name": "冷小印_用一生RP换二老同台",
            "content": "回复@support-pabo:😂是的……",
            "time": "15-11-12 10:05"
        },
        {
            "comment id": 9,
            "parent": -1,
            "children": [],
            "user id": "3001244011",
            "user name": "ALuZa-",
            "content": "哈哈哈哈@foolmeM",
            "time": "15-11-12 00:48"
        },
        {
            "comment id": 10,
            "parent": -1,
            "children": [],
            "user id": "1879966142",
            "user name": "脆脆的麻花",
            "content": "回复@冷小印_用一生RP换二老同台:你的可可粉有降价很多么",
            "time": "15-11-11 23:04"
        },
        {
            "comment id": 11,
            "parent": -1,
            "children": [],
            "user id": "3166314205",
            "user name": "酌墨桃花尽嫣然·",
            "content": "回复@柠檬茶草:哈哈哈哈哈哈哈哈哈哈哈",
            "time": "15-11-11 17:38"
        },
        {
            "comment id": 12,
            "parent": -1,
            "children": [],
            "user id": "1810712993",
            "user name": "柠檬茶草",
            "content": "回复@carol晓彤:可惜就缺了个石磨",
            "time": "15-11-11 17:23"
        },
        {
            "comment id": 13,
            "parent": -1,
            "children": [],
            "user id": "3166314205",
            "user name": "酌墨桃花尽嫣然·",
            "content": "回复@柠檬茶草:做豆腐的全套工具呢还",
            "time": "15-11-11 17:17"
        },
        {
            "comment id": 14,
            "parent": -1,
            "children": [],
            "user id": "3166314205",
            "user name": "酌墨桃花尽嫣然·",
            "content": "回复@炸毛圈er:做豆腐的全套工具！比我家买了烤肠机还极品",
            "time": "15-11-11 17:16"
        },
        {
            "comment id": 15,
            "parent": -1,
            "children": [],
            "user id": "2174421331",
            "user name": "这大份吃的完吗您觉得",
            "content": "回复@carol晓彤:哈哈哈哈哈   笑死",
            "time": "15-11-11 17:15"
        },
        {
            "comment id": 16,
            "parent": -1,
            "children": [],
            "user id": "1810712993",
            "user name": "柠檬茶草",
            "content": "回复@carol晓彤:哈哈哈哈  中国是山寨大国",
            "time": "15-11-11 15:17"
        },
        {
            "comment id": 17,
            "parent": -1,
            "children": [],
            "user id": "3166314205",
            "user name": "酌墨桃花尽嫣然·",
            "content": "@柠檬茶草",
            "time": "15-11-11 15:11"
        },
        {
            "comment id": 18,
            "parent": -1,
            "children": [],
            "user id": "3166314205",
            "user name": "酌墨桃花尽嫣然·",
            "content": "@炸毛圈er",
            "time": "15-11-11 15:11"
        },
        {
            "comment id": 19,
            "parent": -1,
            "children": [],
            "user id": "3166314205",
            "user name": "酌墨桃花尽嫣然·",
            "content": "@戴着草帽走四方",
            "time": "15-11-11 15:11"
        },
        {
            "comment id": 20,
            "parent": -1,
            "children": [],
            "user id": "1756710131",
            "user name": "恬恬同学和王小犬儿",
            "content": "回复@你爱的蔚蓝色的海:幸好我没有双11买东西的习惯",
            "time": "15-11-11 11:34"
        },
        {
            "comment id": 21,
            "parent": -1,
            "children": [],
            "user id": "2173242402",
            "user name": "太元衍一",
            "content": "",
            "time": "15-11-11 11:28"
        },
        {
            "comment id": 22,
            "parent": -1,
            "children": [],
            "user id": "3201156600",
            "user name": "-Fhylgl-",
            "content": "有点搞笑",
            "time": "15-11-11 11:06"
        },
        {
            "comment id": 23,
            "parent": -1,
            "children": [],
            "user id": "5606535700",
            "user name": "长头发的萝莉-",
            "content": "@爱哭的小木头 @袁袁袁霸气",
            "time": "15-11-11 10:38"
        },
        {
            "comment id": 24,
            "parent": -1,
            "children": [],
            "user id": "1869554380",
            "user name": "你爱的蔚蓝色的海",
            "content": "@恬恬同学和汤阿扎西 @carol晓彤",
            "time": "15-11-11 09:56"
        },
        {
            "comment id": 25,
            "parent": -1,
            "children": [],
            "user id": "1745258221",
            "user name": "冷小印_用一生RP换二老同台",
            "content": "回复@support-pabo:😂😂😂我醒了……于是买到了我的可可粉",
            "time": "15-11-11 04:30"
        },
        {
            "comment id": 26,
            "parent": -1,
            "children": [],
            "user id": "5041711670",
            "user name": "在这里_me",
            "content": "哈哈哈，笑死我了",
            "time": "15-11-11 01:39"
        },
        {
            "comment id": 27,
            "parent": -1,
            "children": [],
            "user id": "2795667882",
            "user name": "是绵绵啊_",
            "content": "@萌萌哒66666",
            "time": "15-11-11 01:24"
        },
        {
            "comment id": 28,
            "parent": -1,
            "children": [],
            "user id": "1745258221",
            "user name": "冷小印_用一生RP换二老同台",
            "content": "回复@support-pabo:安安~~",
            "time": "15-11-10 23:52"
        },
        {
            "comment id": 29,
            "parent": -1,
            "children": [],
            "user id": "1879966142",
            "user name": "脆脆的麻花",
            "content": "回复@冷小印_用一生RP换二老同台:好的！好梦",
            "time": "15-11-10 23:51"
        },
        {
            "comment id": 30,
            "parent": -1,
            "children": [],
            "user id": "1745258221",
            "user name": "冷小印_用一生RP换二老同台",
            "content": "回复@support-pabo:😂😂😂😂😂那我睡啦 希望明天早上我还能见到我的可可粉",
            "time": "15-11-10 23:47"
        },
        {
            "comment id": 31,
            "parent": -1,
            "children": [],
            "user id": "1879966142",
            "user name": "脆脆的麻花",
            "content": "回复@冷小印_用一生RP换二老同台:再见！睡吧",
            "time": "15-11-10 23:46"
        },
        {
            "comment id": 32,
            "parent": -1,
            "children": [],
            "user id": "1745258221",
            "user name": "冷小印_用一生RP换二老同台",
            "content": "回复@support-pabo:再见！！我们有课……不过没有早读",
            "time": "15-11-10 23:43"
        },
        {
            "comment id": 33,
            "parent": -1,
            "children": [],
            "user id": "1879966142",
            "user name": "脆脆的麻花",
            "content": "回复@冷小印_用一生RP换二老同台:你为了可可粉也是蛮拼的主要是我们明天1.2节没课，我要逃早读就可以睡懒觉",
            "time": "15-11-10 23:41"
        },
        {
            "comment id": 34,
            "parent": -1,
            "children": [],
            "user id": "1745258221",
            "user name": "冷小印_用一生RP换二老同台",
            "content": "回复@support-pabo:😂不会的 抢不到就算了……可是我又付了七块的定金……烦人",
            "time": "15-11-10 23:40"
        },
        {
            "comment id": 35,
            "parent": -1,
            "children": [],
            "user id": "1879966142",
            "user name": "脆脆的麻花",
            "content": "回复@冷小印_用一生RP换二老同台:应该不是吧，但是我也不知道你不会要等到11点吧",
            "time": "15-11-10 23:38"
        },
        {
            "comment id": 36,
            "parent": -1,
            "children": [],
            "user id": "1821524873",
            "user name": "晃荡中的Penguin",
            "content": "@躲猫猫sweet",
            "time": "15-11-10 23:37"
        },
        {
            "comment id": 37,
            "parent": -1,
            "children": [],
            "user id": "1745258221",
            "user name": "冷小印_用一生RP换二老同台",
            "content": "回复@support-pabo:😂😂😂可可粉一点开始付款……我有点方……过了点是不是就抢不到了？",
            "time": "15-11-10 23:37"
        },
        {
            "comment id": 38,
            "parent": -1,
            "children": [],
            "user id": "1879966142",
            "user name": "脆脆的麻花",
            "content": "回复@冷小印_用一生RP换二老同台:12点一到！你咋还不睡，我是为了等12点",
            "time": "15-11-10 23:35"
        },
        {
            "comment id": 39,
            "parent": -1,
            "children": [],
            "user id": "2025514502",
            "user name": "小寮的霞草",
            "content": "@小寮与霞草 寶寶須知",
            "time": "15-11-10 23:35"
        },
        {
            "comment id": 40,
            "parent": -1,
            "children": [],
            "user id": "1745258221",
            "user name": "冷小印_用一生RP换二老同台",
            "content": "回复@support-pabo:刀已备好 何时开始行刑",
            "time": "15-11-10 23:34"
        },
        {
            "comment id": 41,
            "parent": -1,
            "children": [],
            "user id": "1879966142",
            "user name": "脆脆的麻花",
            "content": "回复@冷小印_用一生RP换二老同台:各种东西。。发卡。。洗头的。。抹脸的。。",
            "time": "15-11-10 23:32"
        },
        {
            "comment id": 42,
            "parent": -1,
            "children": [],
            "user id": "1745258221",
            "user name": "冷小印_用一生RP换二老同台",
            "content": "回复@support-pabo:😂😂你打算买点啥",
            "time": "15-11-10 23:29"
        },
        {
            "comment id": 43,
            "parent": -1,
            "children": [],
            "user id": "1879966142",
            "user name": "脆脆的麻花",
            "content": "回复@冷小印_用一生RP换二老同台:我要剁手了",
            "time": "15-11-10 23:22"
        },
        {
            "comment id": 44,
            "parent": -1,
            "children": [],
            "user id": "1745258221",
            "user name": "冷小印_用一生RP换二老同台",
            "content": "回复@support-pabo:😂😂😂所以机智的窝只打算买可可粉和巧克力酱",
            "time": "15-11-10 23:22"
        },
        {
            "comment id": 45,
            "parent": -1,
            "children": [],
            "user id": "1879966142",
            "user name": "脆脆的麻花",
            "content": "@珍珠翡翠红薯汤_ys @冷小印_用一生RP换二老同台 @泰小鱼0718 ",
            "time": "15-11-10 23:19"
        },
        {
            "comment id": 46,
            "parent": -1,
            "children": [],
            "user id": "3326796292",
            "user name": "你该是个傻子吧",
            "content": "@吴shuangs- @杨杨杨RunRun",
            "time": "15-11-10 22:42"
        },
        {
            "comment id": 47,
            "parent": -1,
            "children": [],
            "user id": "2807682455",
            "user name": "喜笑颜开XY",
            "content": "@鹿予飞鸟",
            "time": "15-11-10 22:39"
        },
        {
            "comment id": 48,
            "parent": -1,
            "children": [],
            "user id": "1585921983",
            "user name": "酸奶加点甜",
            "content": "@蓝蓝的天上白羊飘 @陆慧婕",
            "time": "15-11-10 22:19"
        },
        {
            "comment id": 49,
            "parent": -1,
            "children": [],
            "user id": "3644565835",
            "user name": "一口菠萝油W",
            "content": "回复@一脸帅气www:哈哈哈哈是啊是啊",
            "time": "15-11-10 22:12"
        },
        {
            "comment id": 50,
            "parent": -1,
            "children": [],
            "user id": "2012272282",
            "user name": "ooooololl",
            "content": "回复@betty真好:哈哈哈哈哈哈哈哈，做豆腐也很好笑",
            "time": "15-11-10 21:48"
        },
        {
            "comment id": 51,
            "parent": -1,
            "children": [],
            "user id": "1111244900",
            "user name": "龙舌兰110168",
            "content": "[噢耶]",
            "time": "15-11-10 21:35"
        },
        {
            "comment id": 52,
            "parent": -1,
            "children": [],
            "user id": "2448414072",
            "user name": "Carrotcbn",
            "content": "哈哈，太逗了",
            "time": "15-11-10 21:31"
        },
        {
            "comment id": 53,
            "parent": -1,
            "children": [],
            "user id": "2577947270",
            "user name": "xiahkim-vickygone",
            "content": "@Z小逗",
            "time": "15-11-10 21:16"
        },
        {
            "comment id": 54,
            "parent": -1,
            "children": [],
            "user id": "5033096189",
            "user name": "CARRICK_SUN",
            "content": "@好响响",
            "time": "15-11-10 21:06"
        },
        {
            "comment id": 55,
            "parent": -1,
            "children": [],
            "user id": "2156802464",
            "user name": "自行水",
            "content": "@咽钞机 哇哈哈，笑💩我了",
            "time": "15-11-10 21:04"
        },
        {
            "comment id": 56,
            "parent": -1,
            "children": [],
            "user id": "2436744902",
            "user name": "HUANG-俊凯",
            "content": "回复@夏水湘凌:我笑笑就过去了",
            "time": "15-11-10 21:01"
        },
        {
            "comment id": 57,
            "parent": -1,
            "children": [],
            "user id": "2952149143",
            "user name": "夏水湘凌",
            "content": "@菜菜童鞋啦 @阿酷酱酱 @秋小欣",
            "time": "15-11-10 21:00"
        },
        {
            "comment id": 58,
            "parent": -1,
            "children": [],
            "user id": "1898347604",
            "user name": "你真叫人捉急",
            "content": "我叫一声正品你敢答应吗@陈结子",
            "time": "15-11-10 20:59"
        },
        {
            "comment id": 59,
            "parent": -1,
            "children": [],
            "user id": "2952149143",
            "user name": "夏水湘凌",
            "content": "@HUANG-俊凯",
            "time": "15-11-10 20:56"
        },
        {
            "comment id": 60,
            "parent": -1,
            "children": [],
            "user id": "2251782532",
            "user name": "nemo吖吖",
            "content": "回复@o吖思思丫头:。。。。",
            "time": "15-11-10 20:53"
        },
        {
            "comment id": 61,
            "parent": -1,
            "children": [],
            "user id": "2183275251",
            "user name": "叮叮叮当小喵喵",
            "content": "回复@nemo的纪念:我去网易云音乐搜了一下卡祖笛，笑死我了，太逗比了",
            "time": "15-11-10 20:50"
        },
        {
            "comment id": 62,
            "parent": -1,
            "children": [],
            "user id": "2725619485",
            "user name": "一位不愿意透露姓名的傻子",
            "content": "回复@ALICE于涵:幸好我不买",
            "time": "15-11-10 20:36"
        },
        {
            "comment id": 63,
            "parent": -1,
            "children": [],
            "user id": "1571128607",
            "user name": "曦和景明",
            "content": "买学习资料的那个，跟我高中时一模一样啊。",
            "time": "15-11-10 20:29"
        },
        {
            "comment id": 64,
            "parent": -1,
            "children": [],
            "user id": "3158363432",
            "user name": "WisedLee",
            "content": "没忍住笑出了声",
            "time": "15-11-10 20:29"
        },
        {
            "comment id": 65,
            "parent": -1,
            "children": [],
            "user id": "3461609934",
            "user name": "Wiracle-",
            "content": "",
            "time": "15-11-10 20:28"
        },
        {
            "comment id": 66,
            "parent": -1,
            "children": [],
            "user id": "3644565835",
            "user name": "一口菠萝油W",
            "content": "@bobiyooo 第七个笑死我了哈哈哈哈",
            "time": "15-11-10 20:22"
        },
        {
            "comment id": 67,
            "parent": -1,
            "children": [],
            "user id": "3644565835",
            "user name": "一口菠萝油W",
            "content": "@一脸帅气www 第七高能",
            "time": "15-11-10 20:22"
        },
        {
            "comment id": 68,
            "parent": -1,
            "children": [],
            "user id": "2807682455",
            "user name": "喜笑颜开XY",
            "content": "@珍珍珍珍珍珍宝",
            "time": "15-11-10 20:20"
        },
        {
            "comment id": 69,
            "parent": -1,
            "children": [],
            "user id": "1043415897",
            "user name": "红萍儿ellen",
            "content": "第五图笑死了",
            "time": "15-11-10 20:14"
        },
        {
            "comment id": 70,
            "parent": -1,
            "children": [],
            "user id": "1639835502",
            "user name": "狼牙当年月",
            "content": "@王愚文",
            "time": "15-11-10 20:14"
        },
        {
            "comment id": 71,
            "parent": -1,
            "children": [],
            "user id": "5596284490",
            "user name": "Me心简单世界就简单",
            "content": "受不了",
            "time": "15-11-10 20:04"
        },
        {
            "comment id": 72,
            "parent": -1,
            "children": [],
            "user id": "3814459848",
            "user name": "Charity-begins-at-home",
            "content": "第四张图好搞笑，，，真实写照。。",
            "time": "15-11-10 20:03"
        },
        {
            "comment id": 73,
            "parent": -1,
            "children": [],
            "user id": "2251782532",
            "user name": "nemo吖吖",
            "content": "突然想起你还想买个缝纫机@o吖思思丫头 ",
            "time": "15-11-10 20:02"
        },
        {
            "comment id": 74,
            "parent": -1,
            "children": [],
            "user id": "3829248027",
            "user name": "H鱼鱼鱼_",
            "content": "@Mccartney杨光 @平房外的小雪菲菲菲 @疯人院的赵乐乐 @魏鸣的鸣是这个鸣 @赵紫君Morning @林西Lincy-Z",
            "time": "15-11-10 20:00"
        },
        {
            "comment id": 75,
            "parent": -1,
            "children": [],
            "user id": "5294999092",
            "user name": "念白苏",
            "content": "笑死爸爸了",
            "time": "15-11-10 20:00"
        },
        {
            "comment id": 76,
            "parent": -1,
            "children": [],
            "user id": "1987949523",
            "user name": "起个啥名字儿",
            "content": "@Sitong_Yan",
            "time": "15-11-10 20:00"
        },
        {
            "comment id": 77,
            "parent": -1,
            "children": [],
            "user id": "2836653724",
            "user name": "Jiuyue九月啊",
            "content": "@mueimuei立志当学霸",
            "time": "15-11-10 19:59"
        },
        {
            "comment id": 78,
            "parent": -1,
            "children": [],
            "user id": "2046686427",
            "user name": "G阁子--wjw",
            "content": "@_傑__少_",
            "time": "15-11-10 19:56"
        },
        {
            "comment id": 79,
            "parent": -1,
            "children": [],
            "user id": "2862617940",
            "user name": "zooeeeee",
            "content": "@charlowj",
            "time": "15-11-10 19:56"
        }
    ]
}