{
    "source": {
        "content": "心理学博士张怡筠：不管这个人再有钱，长得再帅，只要他喜欢抱怨，你赶快谢谢他，祝他一辈子幸福，并再也别跟他联系了 ",
        "time": "15-11-10 20:04",
        "user id": "2854735801",
        "tweet id": "D3eTAhqSg",
        "label": 0,
        "theme": "文体娱乐"
    },
    "comment": [
        {
            "comment id": 0,
            "parent": -1,
            "children": [],
            "user id": "5650558849",
            "user name": "甜甜离落",
            "content": "不懂爱情的肉包子们快看看心灵鸡汤吧",
            "time": "15-11-28 22:12"
        },
        {
            "comment id": 1,
            "parent": -1,
            "children": [],
            "user id": "1959439491",
            "user name": "松坂梅子-",
            "content": "@当夏映",
            "time": "15-11-16 22:58"
        },
        {
            "comment id": 2,
            "parent": -1,
            "children": [],
            "user id": "3053313947",
            "user name": "奶糖不加Milk",
            "content": "不懂感恩的男人很负能量的 张博士说的对",
            "time": "15-11-15 12:34"
        },
        {
            "comment id": 3,
            "parent": -1,
            "children": [],
            "user id": "1862433522",
            "user name": "王歪歪的围脖",
            "content": "@多拉的表姐",
            "time": "15-11-12 21:58"
        },
        {
            "comment id": 4,
            "parent": -1,
            "children": [],
            "user id": "5080275157",
            "user name": "i邓理想",
            "content": "@不喜欢说再见- ",
            "time": "15-11-12 14:41"
        },
        {
            "comment id": 5,
            "parent": -1,
            "children": [],
            "user id": "1741819084",
            "user name": "东羽老师",
            "content": "@我的印象笔记",
            "time": "15-11-12 02:10"
        },
        {
            "comment id": 6,
            "parent": -1,
            "children": [],
            "user id": "1590660461",
            "user name": "残相君",
            "content": "回复@喵喵喵回音:学习学习w嗯会哒",
            "time": "15-11-11 12:29"
        },
        {
            "comment id": 7,
            "parent": -1,
            "children": [],
            "user id": "3029794291",
            "user name": "喵喵喵回音",
            "content": "回复@残相君:不，你的关注点应该在于好好学习",
            "time": "15-11-11 12:04"
        },
        {
            "comment id": 8,
            "parent": -1,
            "children": [],
            "user id": "2749825525",
            "user name": "沐雨菡萏",
            "content": "找不好抱怨的",
            "time": "15-11-11 11:42"
        },
        {
            "comment id": 9,
            "parent": -1,
            "children": [],
            "user id": "1996775113",
            "user name": "上海清香乌龙茶",
            "content": "心理学博士就是会忽悠。",
            "time": "15-11-11 10:33"
        },
        {
            "comment id": 10,
            "parent": -1,
            "children": [],
            "user id": "1370446072",
            "user name": "开开er",
            "content": "@劳先森是改哥",
            "time": "15-11-11 08:40"
        },
        {
            "comment id": 11,
            "parent": -1,
            "children": [],
            "user id": "1856413763",
            "user name": "Effy乖",
            "content": "@lauseonjam",
            "time": "15-11-11 08:27"
        },
        {
            "comment id": 12,
            "parent": -1,
            "children": [],
            "user id": "1590660461",
            "user name": "残相君",
            "content": "回复@喵喵喵回音:公然虐狗",
            "time": "15-11-11 07:38"
        },
        {
            "comment id": 13,
            "parent": -1,
            "children": [],
            "user id": "1918731552",
            "user name": "两鬓斑白都可认得妳",
            "content": "回复@Jenny晨晨zZ:是的，祝你一辈子幸福，再见",
            "time": "15-11-11 00:20"
        },
        {
            "comment id": 14,
            "parent": -1,
            "children": [],
            "user id": "2626517911",
            "user name": "饿势力丶",
            "content": "回复@YoonJae_Whatever:老娘还没抱怨他凭什么抱怨",
            "time": "15-11-11 00:19"
        },
        {
            "comment id": 15,
            "parent": -1,
            "children": [],
            "user id": "3565837593",
            "user name": "呀Suki",
            "content": "@Semiliteratehuhu",
            "time": "15-11-11 00:11"
        },
        {
            "comment id": 16,
            "parent": -1,
            "children": [],
            "user id": "2122962774",
            "user name": "YoonJae_W",
            "content": "男票要正能量满满才是王道@ShmilyO_o轻轻",
            "time": "15-11-10 23:19"
        },
        {
            "comment id": 17,
            "parent": -1,
            "children": [],
            "user id": "1368477040",
            "user name": "萨摩姜小白",
            "content": "@保存到为知笔记",
            "time": "15-11-10 23:06"
        },
        {
            "comment id": 18,
            "parent": -1,
            "children": [],
            "user id": "1952865111",
            "user name": "潘谛",
            "content": "回复@依辛巴耶铁娃:啦啦啦，表扬你",
            "time": "15-11-10 22:47"
        },
        {
            "comment id": 19,
            "parent": -1,
            "children": [],
            "user id": "1954416573",
            "user name": "骑车的张小胖",
            "content": "@璐田田田 值得一看",
            "time": "15-11-10 22:19"
        },
        {
            "comment id": 20,
            "parent": -1,
            "children": [],
            "user id": "3029794291",
            "user name": "喵喵喵回音",
            "content": "@残相君",
            "time": "15-11-10 22:03"
        },
        {
            "comment id": 21,
            "parent": -1,
            "children": [],
            "user id": "2027824521",
            "user name": "十八号和一月",
            "content": "回复@芒果是芒果味的:哈哈哈",
            "time": "15-11-10 21:35"
        },
        {
            "comment id": 22,
            "parent": -1,
            "children": [],
            "user id": "1717642817",
            "user name": "韩小high",
            "content": "回复@阿华哥HHUA:哈哈哈",
            "time": "15-11-10 21:34"
        },
        {
            "comment id": 23,
            "parent": -1,
            "children": [],
            "user id": "1851047593",
            "user name": "在想要改什么名字",
            "content": "回复@韩小high:只能说没什么软用",
            "time": "15-11-10 21:33"
        },
        {
            "comment id": 24,
            "parent": -1,
            "children": [],
            "user id": "1717642817",
            "user name": "韩小high",
            "content": "回复@阿华哥HHUA:看得好累是不是",
            "time": "15-11-10 21:33"
        },
        {
            "comment id": 25,
            "parent": -1,
            "children": [],
            "user id": "1851047593",
            "user name": "在想要改什么名字",
            "content": "回复@韩小high:真理一大堆啊",
            "time": "15-11-10 21:25"
        },
        {
            "comment id": 26,
            "parent": -1,
            "children": [],
            "user id": "1802563303",
            "user name": "依辛巴耶铁娃",
            "content": "@潘谛 mua 找到啦",
            "time": "15-11-10 21:24"
        },
        {
            "comment id": 27,
            "parent": -1,
            "children": [],
            "user id": "1717642817",
            "user name": "韩小high",
            "content": "回复@阿华哥HHUA:看最后一段",
            "time": "15-11-10 21:13"
        },
        {
            "comment id": 28,
            "parent": -1,
            "children": [],
            "user id": "2939681851",
            "user name": "cooperCh",
            "content": "抱怨就像洪水猛兽一样",
            "time": "15-11-10 21:11"
        },
        {
            "comment id": 29,
            "parent": -1,
            "children": [],
            "user id": "1848148794",
            "user name": "7eline",
            "content": "@陈小秋Renee @你山哥儿 感觉在说我",
            "time": "15-11-10 21:07"
        },
        {
            "comment id": 30,
            "parent": -1,
            "children": [],
            "user id": "1851047593",
            "user name": "在想要改什么名字",
            "content": "回复@韩小high:好长",
            "time": "15-11-10 21:07"
        },
        {
            "comment id": 31,
            "parent": -1,
            "children": [],
            "user id": "3174745657",
            "user name": "师太莫跑等等老衲",
            "content": "我觉得应该@张瀚 。",
            "time": "15-11-10 21:05"
        },
        {
            "comment id": 32,
            "parent": -1,
            "children": [],
            "user id": "3365745914",
            "user name": "魔法少女藤林杏",
            "content": "然后成全了心理学博士",
            "time": "15-11-10 21:04"
        },
        {
            "comment id": 33,
            "parent": -1,
            "children": [],
            "user id": "1689542085",
            "user name": "今天不脱发了",
            "content": "就我觉得这俩博士好萌吗",
            "time": "15-11-10 20:59"
        },
        {
            "comment id": 34,
            "parent": -1,
            "children": [],
            "user id": "1821690295",
            "user name": "蚊蚊蚊蚊蚊蚊子",
            "content": " @两鬓斑白都可认得妳 认识我也是你的不幸啊",
            "time": "15-11-10 20:57"
        },
        {
            "comment id": 35,
            "parent": -1,
            "children": [],
            "user id": "1408304101",
            "user name": "好柴兰静",
            "content": "@不西皮无人参 @素来安然若枫 @袖舞请你喝豆汁儿 ",
            "time": "15-11-10 20:40"
        },
        {
            "comment id": 36,
            "parent": -1,
            "children": [],
            "user id": "2391954695",
            "user name": "嚣张跋扈的黄三岁",
            "content": "回复@岚丽电商:睡觉！！！",
            "time": "15-11-10 20:38"
        },
        {
            "comment id": 37,
            "parent": -1,
            "children": [],
            "user id": "2842414631",
            "user name": "一双羊羔_",
            "content": "@张鑫不是说说而已 我们都还有很多不足之处",
            "time": "15-11-10 20:37"
        },
        {
            "comment id": 38,
            "parent": -1,
            "children": [],
            "user id": "2391954695",
            "user name": "嚣张跋扈的黄三岁",
            "content": "回复@岚丽电商:额，是男朋友…因为这个时候没人陪啊…😂…都去找男票过节了…",
            "time": "15-11-10 20:36"
        },
        {
            "comment id": 39,
            "parent": -1,
            "children": [],
            "user id": "2915749017",
            "user name": "张漫Zz",
            "content": " @飘飘乎如遗世独立_",
            "time": "15-11-10 20:31"
        },
        {
            "comment id": 40,
            "parent": -1,
            "children": [],
            "user id": "1767954022",
            "user name": "曾经有个人叫懒羊羊",
            "content": "我也爱抱怨，幸好还有人娶了我",
            "time": "15-11-10 20:31"
        },
        {
            "comment id": 41,
            "parent": -1,
            "children": [],
            "user id": "1320605130",
            "user name": "游园迷宫",
            "content": "@lilianChanChan 心理稳定的男人对于我很重要",
            "time": "15-11-10 20:29"
        },
        {
            "comment id": 42,
            "parent": -1,
            "children": [],
            "user id": "2921535077",
            "user name": "漂亮的小葡萄呀",
            "content": "@Auto海东 不许抱怨哦",
            "time": "15-11-10 20:27"
        },
        {
            "comment id": 43,
            "parent": -1,
            "children": [],
            "user id": "2391954695",
            "user name": "嚣张跋扈的黄三岁",
            "content": "回复@岚丽电商:好不了…不过想有男朋友的冲动也就是在别人秀恩爱的这两天…",
            "time": "15-11-10 20:26"
        },
        {
            "comment id": 44,
            "parent": -1,
            "children": [],
            "user id": "2477610237",
            "user name": "Jaja__佳佳佳佳佳",
            "content": "@带了花儿的刺猬 我全看完了",
            "time": "15-11-10 20:25"
        },
        {
            "comment id": 45,
            "parent": -1,
            "children": [],
            "user id": "1717642817",
            "user name": "韩小high",
            "content": "@阿华哥HHUA",
            "time": "15-11-10 20:24"
        },
        {
            "comment id": 46,
            "parent": -1,
            "children": [],
            "user id": "2391954695",
            "user name": "嚣张跋扈的黄三岁",
            "content": "回复@岚丽电商:期待什么的…😂还是算了…志同道合的人哪有那么容易",
            "time": "15-11-10 20:24"
        },
        {
            "comment id": 47,
            "parent": -1,
            "children": [],
            "user id": "2391954695",
            "user name": "嚣张跋扈的黄三岁",
            "content": "回复@岚丽电商:也不是啊…",
            "time": "15-11-10 20:21"
        },
        {
            "comment id": 48,
            "parent": -1,
            "children": [],
            "user id": "3039873712",
            "user name": "OREYYAO",
            "content": "特别不喜欢老是带来负面情绪的对象  无语",
            "time": "15-11-10 20:20"
        },
        {
            "comment id": 49,
            "parent": -1,
            "children": [],
            "user id": "2391954695",
            "user name": "嚣张跋扈的黄三岁",
            "content": "回复@岚丽电商:期待[震惊]期待什么的，就跟天上掉馅饼一样一样的",
            "time": "15-11-10 20:20"
        },
        {
            "comment id": 50,
            "parent": -1,
            "children": [],
            "user id": "1875425635",
            "user name": "崔三三-",
            "content": "@GOup--孙小铁xixi",
            "time": "15-11-10 20:16"
        },
        {
            "comment id": 51,
            "parent": -1,
            "children": [],
            "user id": "2391954695",
            "user name": "嚣张跋扈的黄三岁",
            "content": "回复@岚丽电商:不信…～～～",
            "time": "15-11-10 20:14"
        },
        {
            "comment id": 52,
            "parent": -1,
            "children": [],
            "user id": "2391954695",
            "user name": "嚣张跋扈的黄三岁",
            "content": "回复@岚丽电商:😂…",
            "time": "15-11-10 20:12"
        },
        {
            "comment id": 53,
            "parent": -1,
            "children": [],
            "user id": "2108945035",
            "user name": "吃人的怪兽_",
            "content": " 刚分，那个人就是喜欢抱怨",
            "time": "15-11-10 20:10"
        },
        {
            "comment id": 54,
            "parent": -1,
            "children": [],
            "user id": "3297682387",
            "user name": "Cscsw_思大人",
            "content": "讲一大堆废话。首先，得有人要",
            "time": "15-11-10 20:08"
        },
        {
            "comment id": 55,
            "parent": -1,
            "children": [],
            "user id": "2391954695",
            "user name": "嚣张跋扈的黄三岁",
            "content": "然并卵，没有男票…",
            "time": "15-11-10 20:05"
        }
    ]
}