{
    "source": {
        "content": "【Naver综合】10日，金秀贤结束海外日程通过金浦国际机场回国~ ",
        "time": "15-11-10 20:29",
        "user id": "2482557597",
        "tweet id": "D3f3uEmA8",
        "label": 0,
        "theme": "文体娱乐"
    },
    "comment": [
        {
            "comment id": 0,
            "parent": -1,
            "children": [],
            "user id": "1843725381",
            "user name": "瘦成两道闪电吧",
            "content": "去年的脑公，你好！//@-园儿来是你-: 好久不见呐～依旧是那个爱反戴帽子 穿小白鞋的男子 //@跑不动的棉花糖:傻乎乎",
            "time": "16-4-29 09:59"
        },
        {
            "comment id": 1,
            "parent": -1,
            "children": [],
            "user id": "3262576892",
            "user name": "洋洋_要自律",
            "content": "帅",
            "time": "15-12-23 10:59"
        },
        {
            "comment id": 2,
            "parent": -1,
            "children": [],
            "user id": "5651444470",
            "user name": "always金演员",
            "content": "好嫩",
            "time": "15-11-14 21:12"
        },
        {
            "comment id": 3,
            "parent": -1,
            "children": [],
            "user id": "5651444470",
            "user name": "always金演员",
            "content": "啊啊啊啊啊",
            "time": "15-11-14 21:12"
        },
        {
            "comment id": 4,
            "parent": -1,
            "children": [],
            "user id": "2123228970",
            "user name": "妍妍_这点事兒",
            "content": "回复@娜山娜人娜狗:帅[得意地笑]",
            "time": "15-11-14 12:06"
        },
        {
            "comment id": 5,
            "parent": -1,
            "children": [],
            "user id": "1730701580",
            "user name": "RBNeverGiveUp",
            "content": "宝贝啊想你",
            "time": "15-11-14 11:33"
        },
        {
            "comment id": 6,
            "parent": -1,
            "children": [],
            "user id": "5067356923",
            "user name": "金秀贤你太重要",
            "content": "表白金秀贤",
            "time": "15-11-14 00:38"
        },
        {
            "comment id": 7,
            "parent": -1,
            "children": [],
            "user id": "5067356923",
            "user name": "金秀贤你太重要",
            "content": "现在才看到",
            "time": "15-11-14 00:37"
        },
        {
            "comment id": 8,
            "parent": -1,
            "children": [],
            "user id": "5067356923",
            "user name": "金秀贤你太重要",
            "content": "卧槽，好帅",
            "time": "15-11-14 00:37"
        },
        {
            "comment id": 9,
            "parent": -1,
            "children": [],
            "user id": "2392625903",
            "user name": "嗯可以好吧就这样",
            "content": "帅",
            "time": "15-11-13 23:41"
        },
        {
            "comment id": 10,
            "parent": -1,
            "children": [],
            "user id": "5465945559",
            "user name": "hjser702",
            "content": "#金秀贤#  帅气",
            "time": "15-11-13 23:20"
        },
        {
            "comment id": 11,
            "parent": -1,
            "children": [],
            "user id": "3208543442",
            "user name": "樱桃薄荷蛋卷",
            "content": "好帅啊啊啊啊",
            "time": "15-11-13 19:24"
        },
        {
            "comment id": 12,
            "parent": -1,
            "children": [],
            "user id": "2603493011",
            "user name": "vidadura",
            "content": "真是帅",
            "time": "15-11-13 19:18"
        },
        {
            "comment id": 13,
            "parent": -1,
            "children": [],
            "user id": "5023963495",
            "user name": "深海里的星光唯爱秀man",
            "content": "回复@花香soobaby:",
            "time": "15-11-13 18:37"
        },
        {
            "comment id": 14,
            "parent": -1,
            "children": [],
            "user id": "2462283245",
            "user name": "张社长",
            "content": "哥哥好帅[泪流满面]",
            "time": "15-11-13 18:26"
        },
        {
            "comment id": 15,
            "parent": -1,
            "children": [],
            "user id": "3879612327",
            "user name": "Dual_vector",
            "content": "",
            "time": "15-11-13 13:12"
        },
        {
            "comment id": 16,
            "parent": -1,
            "children": [],
            "user id": "2645939770",
            "user name": "LiLD-1312",
            "content": "最后帅！！",
            "time": "15-11-13 09:46"
        },
        {
            "comment id": 17,
            "parent": -1,
            "children": [],
            "user id": "2557361924",
            "user name": "una橙",
            "content": "回复@花香soobaby:爱你！",
            "time": "15-11-12 21:45"
        },
        {
            "comment id": 18,
            "parent": -1,
            "children": [],
            "user id": "2557361924",
            "user name": "una橙",
            "content": "",
            "time": "15-11-12 21:45"
        },
        {
            "comment id": 19,
            "parent": -1,
            "children": [],
            "user id": "2891350990",
            "user name": "glendaBeh",
            "content": "撩刘海真男人",
            "time": "15-11-12 17:40"
        },
        {
            "comment id": 20,
            "parent": -1,
            "children": [],
            "user id": "3298782661",
            "user name": "他吸烟的样子很苏",
            "content": "#金秀贤# #韩影Real# 帅哥你几岁了",
            "time": "15-11-12 14:35"
        },
        {
            "comment id": 21,
            "parent": -1,
            "children": [],
            "user id": "2056340601",
            "user name": "金秀贤_0925",
            "content": "嫩，帅炸",
            "time": "15-11-12 11:32"
        },
        {
            "comment id": 22,
            "parent": -1,
            "children": [],
            "user id": "2816295712",
            "user name": "髮燒魚走貓步",
            "content": "这货30岁还是这样，这辈子模样都不会有很大改变",
            "time": "15-11-12 11:21"
        },
        {
            "comment id": 23,
            "parent": -1,
            "children": [],
            "user id": "1922032634",
            "user name": "moodylife",
            "content": "回复@上世纪港人:帅死啦",
            "time": "15-11-12 08:38"
        },
        {
            "comment id": 24,
            "parent": -1,
            "children": [],
            "user id": "3123087292",
            "user name": "相望即缘分",
            "content": "逆生长的哥哥#金秀贤# #电影Real#",
            "time": "15-11-12 08:28"
        },
        {
            "comment id": 25,
            "parent": -1,
            "children": [],
            "user id": "3123087292",
            "user name": "相望即缘分",
            "content": "还看得都不知道怎么办了",
            "time": "15-11-12 08:28"
        },
        {
            "comment id": 26,
            "parent": -1,
            "children": [],
            "user id": "5171948369",
            "user name": "庄秀芯",
            "content": "好可爱，啊啊啊啊啊！",
            "time": "15-11-12 07:04"
        },
        {
            "comment id": 27,
            "parent": -1,
            "children": [],
            "user id": "3210968134",
            "user name": "路过的布偶",
            "content": "#金秀贤# ",
            "time": "15-11-12 07:03"
        },
        {
            "comment id": 28,
            "parent": -1,
            "children": [],
            "user id": "2767662437",
            "user name": "肉包酱仔流心",
            "content": "哥你怎么还是这么帅！！",
            "time": "15-11-12 02:22"
        },
        {
            "comment id": 29,
            "parent": -1,
            "children": [],
            "user id": "2625327691",
            "user name": "冬天的暖风风",
            "content": "最帅的哥哥",
            "time": "15-11-12 00:45"
        },
        {
            "comment id": 30,
            "parent": -1,
            "children": [],
            "user id": "2739805267",
            "user name": "上世纪港人",
            "content": "@加井xi 看你男票",
            "time": "15-11-11 23:19"
        },
        {
            "comment id": 31,
            "parent": -1,
            "children": [],
            "user id": "2488160335",
            "user name": "热情的僵尸甲",
            "content": "戴帽子，好好看",
            "time": "15-11-11 23:16"
        },
        {
            "comment id": 32,
            "parent": -1,
            "children": [],
            "user id": "3537107990",
            "user name": "草上飞雁1984",
            "content": "太瘦了",
            "time": "15-11-11 23:13"
        },
        {
            "comment id": 33,
            "parent": -1,
            "children": [],
            "user id": "2951845395",
            "user name": "JP系洁癖",
            "content": "小子瘦了",
            "time": "15-11-11 22:45"
        },
        {
            "comment id": 34,
            "parent": -1,
            "children": [],
            "user id": "5137981610",
            "user name": "我菲胜贤",
            "content": "秀man",
            "time": "15-11-11 22:27"
        },
        {
            "comment id": 35,
            "parent": -1,
            "children": [],
            "user id": "1851268135",
            "user name": "李猫猫呢呢呢",
            "content": "真阳光",
            "time": "15-11-11 22:16"
        },
        {
            "comment id": 36,
            "parent": -1,
            "children": [],
            "user id": "5671842087",
            "user name": "WXYKSH",
            "content": "#金秀贤##金秀贤#一哥帅的啊，今天返18岁",
            "time": "15-11-11 21:04"
        },
        {
            "comment id": 37,
            "parent": -1,
            "children": [],
            "user id": "3989268182",
            "user name": "太阳当空赵77",
            "content": "哇(⊙o⊙)哇欧巴好帅",
            "time": "15-11-11 19:43"
        },
        {
            "comment id": 38,
            "parent": -1,
            "children": [],
            "user id": "1802591645",
            "user name": "纯洁又机智的容瑕夫人",
            "content": "[崩溃][崩溃][崩溃][崩溃][崩溃][崩溃][崩溃]太帅啦啊啊啊啊啊啊！！[崩溃][崩溃][崩溃][崩溃][崩溃]",
            "time": "15-11-11 19:05"
        },
        {
            "comment id": 39,
            "parent": -1,
            "children": [],
            "user id": "5144623022",
            "user name": "KSH_02160724",
            "content": "#金秀贤# 18岁少年",
            "time": "15-11-11 18:31"
        },
        {
            "comment id": 40,
            "parent": -1,
            "children": [],
            "user id": "5664783659",
            "user name": "娜娜呐呐丫",
            "content": "好帅！我家秀贤",
            "time": "15-11-11 17:53"
        },
        {
            "comment id": 41,
            "parent": -1,
            "children": [],
            "user id": "1836594587",
            "user name": "小杨不在J",
            "content": "这一身有点帅",
            "time": "15-11-11 17:46"
        },
        {
            "comment id": 42,
            "parent": -1,
            "children": [],
            "user id": "3944523076",
            "user name": "栀雎",
            "content": "秀man好帅👋👋👋",
            "time": "15-11-11 17:03"
        },
        {
            "comment id": 43,
            "parent": -1,
            "children": [],
            "user id": "1774829554",
            "user name": "KimSooHyun的背影",
            "content": "萌萌帅！",
            "time": "15-11-11 16:49"
        },
        {
            "comment id": 44,
            "parent": -1,
            "children": [],
            "user id": "2255429673",
            "user name": "好菇凉misswang",
            "content": "喜欢你",
            "time": "15-11-11 16:38"
        },
        {
            "comment id": 45,
            "parent": -1,
            "children": [],
            "user id": "2561576365",
            "user name": "-是白日梦小姐阿",
            "content": "好帅呀",
            "time": "15-11-11 16:36"
        },
        {
            "comment id": 46,
            "parent": -1,
            "children": [],
            "user id": "5085493319",
            "user name": "竹影爱秀man",
            "content": "时光在他身上是停驻的，这模样好萌好嫩～",
            "time": "15-11-11 16:14"
        },
        {
            "comment id": 47,
            "parent": -1,
            "children": [],
            "user id": "1857195332",
            "user name": "Toermind黄黄",
            "content": "回复@SeoBaeYeong:真的很帅",
            "time": "15-11-11 16:06"
        },
        {
            "comment id": 48,
            "parent": -1,
            "children": [],
            "user id": "3024380527",
            "user name": "红燕绽放",
            "content": "还是不穿袜子",
            "time": "15-11-11 15:55"
        },
        {
            "comment id": 49,
            "parent": -1,
            "children": [],
            "user id": "3929957857",
            "user name": "爱秀的蛇吻",
            "content": "#金秀贤#  活力阳光美少年！",
            "time": "15-11-11 14:35"
        },
        {
            "comment id": 50,
            "parent": -1,
            "children": [],
            "user id": "2951457595",
            "user name": "潘夏铭",
            "content": "妖精",
            "time": "15-11-11 14:13"
        },
        {
            "comment id": 51,
            "parent": -1,
            "children": [],
            "user id": "2403857723",
            "user name": "KK是皮囊是KK",
            "content": "回复@安娜娜娜娜:嘿嘿。看到了~",
            "time": "15-11-11 13:26"
        },
        {
            "comment id": 52,
            "parent": -1,
            "children": [],
            "user id": "2502017004",
            "user name": "把柚子揣进兜里",
            "content": "逆生长，大写的帅气啊啊啊",
            "time": "15-11-11 13:13"
        },
        {
            "comment id": 53,
            "parent": -1,
            "children": [],
            "user id": "2189889744",
            "user name": "破阵乐u",
            "content": "衣服好好看！",
            "time": "15-11-11 13:06"
        },
        {
            "comment id": 54,
            "parent": -1,
            "children": [],
            "user id": "1527286557",
            "user name": "咕噜咕噜_sophia",
            "content": "太可爱了吧",
            "time": "15-11-11 12:59"
        },
        {
            "comment id": 55,
            "parent": -1,
            "children": [],
            "user id": "5311711185",
            "user name": "轻盈秀澈",
            "content": "想不出合适的形容词了，@金秀贤，你太帅了。#电影Real# #金秀贤#",
            "time": "15-11-11 12:57"
        },
        {
            "comment id": 56,
            "parent": -1,
            "children": [],
            "user id": "1769903477",
            "user name": "我非青梅",
            "content": "回复@CRYSTAL-帆:十八岁",
            "time": "15-11-11 12:47"
        },
        {
            "comment id": 57,
            "parent": -1,
            "children": [],
            "user id": "3838302556",
            "user name": "Ning家的小老虎",
            "content": "应该快入伍了吧",
            "time": "15-11-11 12:20"
        },
        {
            "comment id": 58,
            "parent": -1,
            "children": [],
            "user id": "1864287040",
            "user name": "whx1001",
            "content": "#金秀贤# ",
            "time": "15-11-11 12:18"
        },
        {
            "comment id": 59,
            "parent": -1,
            "children": [],
            "user id": "5216710986",
            "user name": "juswinlfndnxjscfd",
            "content": "哥哥才18",
            "time": "15-11-11 12:18"
        },
        {
            "comment id": 60,
            "parent": -1,
            "children": [],
            "user id": "1756874583",
            "user name": "啊啊啊啊洱",
            "content": "",
            "time": "15-11-11 12:18"
        },
        {
            "comment id": 61,
            "parent": -1,
            "children": [],
            "user id": "1476995443",
            "user name": "QQ顺下去",
            "content": "这个宝贝呀，乖得受不了",
            "time": "15-11-11 12:02"
        },
        {
            "comment id": 62,
            "parent": -1,
            "children": [],
            "user id": "5081716830",
            "user name": "夏末終年y",
            "content": "欧巴 帅晕我了",
            "time": "15-11-11 11:55"
        },
        {
            "comment id": 63,
            "parent": -1,
            "children": [],
            "user id": "3262179321",
            "user name": "琪琪琪小爷",
            "content": "咋就这么帅呢",
            "time": "15-11-11 11:46"
        },
        {
            "comment id": 64,
            "parent": -1,
            "children": [],
            "user id": "3090155005",
            "user name": "不燃废材",
            "content": "这是爱豆吗...",
            "time": "15-11-11 11:37"
        },
        {
            "comment id": 65,
            "parent": -1,
            "children": [],
            "user id": "3762350732",
            "user name": "Gotcha_tt",
            "content": "帅的不要不要的",
            "time": "15-11-11 11:11"
        },
        {
            "comment id": 66,
            "parent": -1,
            "children": [],
            "user id": "3317369124",
            "user name": "么么灿灿酱",
            "content": "",
            "time": "15-11-11 11:10"
        },
        {
            "comment id": 67,
            "parent": -1,
            "children": [],
            "user id": "3342122430",
            "user name": "Starlight_浅安",
            "content": "瘦了帅了",
            "time": "15-11-11 11:08"
        },
        {
            "comment id": 68,
            "parent": -1,
            "children": [],
            "user id": "3762505483",
            "user name": "咕噜呼噜呼呼咕咕",
            "content": "喜欢",
            "time": "15-11-11 11:07"
        },
        {
            "comment id": 69,
            "parent": -1,
            "children": [],
            "user id": "3308789893",
            "user name": "寂寞背后隐藏孤单",
            "content": "怎一个帅字可以形容",
            "time": "15-11-11 11:01"
        },
        {
            "comment id": 70,
            "parent": -1,
            "children": [],
            "user id": "1825875922",
            "user name": "YYY大小姐不想工作",
            "content": "回复@帅哥最近还OK吧:是的",
            "time": "15-11-11 10:59"
        },
        {
            "comment id": 71,
            "parent": -1,
            "children": [],
            "user id": "1039826155",
            "user name": "爱时加的LV_bana",
            "content": "回复@adam_YCH:是的我的",
            "time": "15-11-11 10:59"
        },
        {
            "comment id": 72,
            "parent": -1,
            "children": [],
            "user id": "3625427192",
            "user name": "yolo玺烊烊",
            "content": "@爱发疯的LV_bana 你家帅欧巴",
            "time": "15-11-11 10:58"
        },
        {
            "comment id": 73,
            "parent": -1,
            "children": [],
            "user id": "2613127525",
            "user name": "住23层的帅哥儿",
            "content": "回复@YYY大小姐不想工作:对 他以前也只有脸胖 其他的还行",
            "time": "15-11-11 10:57"
        },
        {
            "comment id": 74,
            "parent": -1,
            "children": [],
            "user id": "1825875922",
            "user name": "YYY大小姐不想工作",
            "content": "回复@帅哥最近还OK吧:脸",
            "time": "15-11-11 10:57"
        },
        {
            "comment id": 75,
            "parent": -1,
            "children": [],
            "user id": "2613127525",
            "user name": "住23层的帅哥儿",
            "content": "@YYY大小姐不想工作 是不是瘦了点",
            "time": "15-11-11 10:52"
        },
        {
            "comment id": 76,
            "parent": -1,
            "children": [],
            "user id": "5164120151",
            "user name": "笑君6188",
            "content": "#金秀贤#又萌又帅的美少年！你这样的童颜要怎样拍张泰英？好期待",
            "time": "15-11-11 10:45"
        },
        {
            "comment id": 77,
            "parent": -1,
            "children": [],
            "user id": "2048253837",
            "user name": "Nicky-csj",
            "content": "回复@三石陈_:开心",
            "time": "15-11-11 10:38"
        },
        {
            "comment id": 78,
            "parent": -1,
            "children": [],
            "user id": "2683558020",
            "user name": "朝九晚伍啊",
            "content": "😘😘😘",
            "time": "15-11-11 10:33"
        },
        {
            "comment id": 79,
            "parent": -1,
            "children": [],
            "user id": "1811165832",
            "user name": "Jiammy_8",
            "content": "闪闪发光的小脸",
            "time": "15-11-11 10:29"
        }
    ]
}