{
    "source": {
        "content": "恭迎农历九月三十日药师佛圣诞。南无药师琉璃光如来。南无药师琉璃光如来。南无药师琉璃光如来。 ",
        "time": "15-11-10 21:59",
        "user id": "1337970873",
        "tweet id": "D3fEa8imF",
        "label": 0,
        "theme": "社会生活"
    },
    "comment": [
        {
            "comment id": 0,
            "parent": -1,
            "children": [],
            "user id": "5163212118",
            "user name": "hfzdsxb",
            "content": "回复@crowrui:你明天肯定恢复的好，南无药师琉璃光如来。",
            "time": "17-5-23 01:23"
        },
        {
            "comment id": 1,
            "parent": -1,
            "children": [],
            "user id": "2686572613",
            "user name": "健康快乐幸福的",
            "content": "请保佑我明天复查顺利，南无药师琉璃光如来。",
            "time": "17-5-22 21:59"
        },
        {
            "comment id": 2,
            "parent": -1,
            "children": [],
            "user id": "1695852923",
            "user name": "恬静1695852923",
            "content": "🙏🙏🙏🙏🙏🙏保佑父母家人子女姐妹和全天下的身体安康！",
            "time": "15-11-20 08:04"
        },
        {
            "comment id": 3,
            "parent": -1,
            "children": [],
            "user id": "2875350680",
            "user name": "_姜饼人y",
            "content": "每天坚持抄《药师经》，药师琉璃光如来🙏🙏🙏希望佛祖保佑妈妈身体健康！！！",
            "time": "15-11-19 23:16"
        },
        {
            "comment id": 4,
            "parent": -1,
            "children": [],
            "user id": "2931691960",
            "user name": "妖姬-之恋",
            "content": "🙏🙏🙏",
            "time": "15-11-18 23:50"
        },
        {
            "comment id": 5,
            "parent": -1,
            "children": [],
            "user id": "3923582406",
            "user name": "ekko皓",
            "content": "家中老人病了，希望早日康复",
            "time": "15-11-17 00:12"
        },
        {
            "comment id": 6,
            "parent": -1,
            "children": [],
            "user id": "5638001934",
            "user name": "我磕的懵钟CP是真的",
            "content": "感冒快点好",
            "time": "15-11-14 22:32"
        },
        {
            "comment id": 7,
            "parent": -1,
            "children": [],
            "user id": "5089189829",
            "user name": "陈先森CN",
            "content": "南无药师琉璃光如来 南无药师琉璃光如来 南无药师琉璃光如来",
            "time": "15-11-13 14:47"
        },
        {
            "comment id": 8,
            "parent": -1,
            "children": [],
            "user id": "1175989803",
            "user name": "友好lmj",
            "content": "🙏🙏🙏",
            "time": "15-11-13 08:04"
        },
        {
            "comment id": 9,
            "parent": -1,
            "children": [],
            "user id": "2416321823",
            "user name": "哈尼智妍",
            "content": "🙏🙏🙏保佑家人健康",
            "time": "15-11-12 21:56"
        },
        {
            "comment id": 10,
            "parent": -1,
            "children": [],
            "user id": "1802636677",
            "user name": "yao_528",
            "content": "🙏🙏🙏保佑！",
            "time": "15-11-12 17:19"
        },
        {
            "comment id": 11,
            "parent": -1,
            "children": [],
            "user id": "1773623941",
            "user name": "景Jessica_我最爱的奔奔",
            "content": "南无药师琉璃光如来    南无药师琉璃光如来    南无药师琉璃光如来🙏🙏🙏",
            "time": "15-11-12 12:17"
        },
        {
            "comment id": 12,
            "parent": -1,
            "children": [],
            "user id": "2297368857",
            "user name": "11-ya-11",
            "content": "🙏🙏🙏",
            "time": "15-11-12 02:13"
        },
        {
            "comment id": 13,
            "parent": -1,
            "children": [],
            "user id": "5748076792",
            "user name": "伟大的蚂蚁2010图芙",
            "content": "双11来啦！红包等你来领！快来，手慢无！￥双11来啦！红包等你来领！快来，手慢无！#418825534#￥长按这条信息，点击复制后，打开手机淘宝可直接访问 【90%能抽到￥1111哦!中奖率超高！】",
            "time": "15-11-12 01:38"
        },
        {
            "comment id": 14,
            "parent": -1,
            "children": [],
            "user id": "5744692070",
            "user name": "谎言小姐豪察",
            "content": "双11来啦！红包等你来领！快来，手慢无！￥双11来啦！红包等你来领！快来，手慢无！#418825534#￥长按这条信息，点击复制后，打开手机淘宝可直接访问 【秘密入口！70%能抽到￥20哦!中奖率超高！】",
            "time": "15-11-11 23:44"
        },
        {
            "comment id": 15,
            "parent": -1,
            "children": [],
            "user id": "1886862164",
            "user name": "小小超人的围脖",
            "content": "南无药师琉璃光如来🙏🙏🙏",
            "time": "15-11-11 23:05"
        },
        {
            "comment id": 16,
            "parent": -1,
            "children": [],
            "user id": "2790516921",
            "user name": "幻海nian",
            "content": "今天农历九月三十，是药师佛圣诞。南无东方药师琉璃光如来！转发供养，福德无量！心得安稳，消灾免难，身体健康，福慧双增，诸事顺利，家宅永安。🙏🙏🙏 祈愿世人心如琉璃，诸般善念，祈愿我的一切还能好起来，家宅兴旺，孑孙兴旺，身体健康平安，一切顺利，夭遂人愿!",
            "time": "15-11-11 23:01"
        },
        {
            "comment id": 17,
            "parent": -1,
            "children": [],
            "user id": "2398143877",
            "user name": "予我安风",
            "content": "南无药师琉璃光如来💪保佑妈妈，身体康健！！！",
            "time": "15-11-11 22:07"
        },
        {
            "comment id": 18,
            "parent": -1,
            "children": [],
            "user id": "2909782931",
            "user name": "Fifi-Vanini",
            "content": "南无药师琉璃光如来🙏南无药师琉璃光如来🙏南无药师琉璃光如来🙏",
            "time": "15-11-11 21:57"
        },
        {
            "comment id": 19,
            "parent": -1,
            "children": [],
            "user id": "2332353905",
            "user name": "壮萌怪兽",
            "content": "南无药师琉璃光如来 南无药师琉璃光如来 南无药师琉璃光如来  无所求",
            "time": "15-11-11 21:42"
        },
        {
            "comment id": 20,
            "parent": -1,
            "children": [],
            "user id": "5148724524",
            "user name": "慧然天润",
            "content": "南无药师琉璃光如来🙏🙏🙏",
            "time": "15-11-11 21:32"
        },
        {
            "comment id": 21,
            "parent": -1,
            "children": [],
            "user id": "5751990146",
            "user name": "孤独炭黑夸较巾",
            "content": "不能让我一个人剁手，买买买！￥天猫双11狂欢节预售爆款清单#418823793#￥长按这条信息，点击复制后，打开手机淘宝可直接访问 【内部口令！马上失效！转发周知！ 】",
            "time": "15-11-11 21:23"
        },
        {
            "comment id": 22,
            "parent": -1,
            "children": [],
            "user id": "3349512634",
            "user name": "如皆allinheart",
            "content": "🙏🙏🙏",
            "time": "15-11-11 21:22"
        },
        {
            "comment id": 23,
            "parent": -1,
            "children": [],
            "user id": "1841283177",
            "user name": "mimimecy1",
            "content": "顶礼药师琉璃光如来！🙏🙏🙏",
            "time": "15-11-11 20:52"
        },
        {
            "comment id": 24,
            "parent": -1,
            "children": [],
            "user id": "2755786817",
            "user name": "宝宝雅辣锁",
            "content": "身体健康🙏",
            "time": "15-11-11 20:50"
        },
        {
            "comment id": 25,
            "parent": -1,
            "children": [],
            "user id": "5743166750",
            "user name": "赤月2011感",
            "content": "双11来啦！红包等你来领！快来，手慢无！￥双11来啦！红包等你来领！快来，手慢无！#418825534#￥长按这条信息，点击复制后，打开手机淘宝可直接访问 【内部入口！90%能抽到￥￥哦！请勿随意散播！】",
            "time": "15-11-11 20:34"
        },
        {
            "comment id": 26,
            "parent": -1,
            "children": [],
            "user id": "3208601861",
            "user name": "毅玮-D",
            "content": "//@Angela68空间: //@烔烔的小窝:轉發微博",
            "time": "15-11-11 20:06"
        },
        {
            "comment id": 27,
            "parent": -1,
            "children": [],
            "user id": "1877505202",
            "user name": "我就是爱吃土豆泥",
            "content": "🙏🙏🙏",
            "time": "15-11-11 19:26"
        },
        {
            "comment id": 28,
            "parent": -1,
            "children": [],
            "user id": "1908201821",
            "user name": "仕爱马",
            "content": "🙏🙏🙏",
            "time": "15-11-11 19:06"
        },
        {
            "comment id": 29,
            "parent": -1,
            "children": [],
            "user id": "1104133897",
            "user name": "冠增2020",
            "content": "南无药师琉璃光如来🙏🙏🙏",
            "time": "15-11-11 18:08"
        },
        {
            "comment id": 30,
            "parent": -1,
            "children": [],
            "user id": "3980048326",
            "user name": "观见2015",
            "content": "🙏🙏🙏，希望女儿的病早点好",
            "time": "15-11-11 17:34"
        },
        {
            "comment id": 31,
            "parent": -1,
            "children": [],
            "user id": "5221039304",
            "user name": "芬芬洋洋幸福",
            "content": "🙏🙏🙏🙏🙏🙏🙏",
            "time": "15-11-11 17:30"
        },
        {
            "comment id": 32,
            "parent": -1,
            "children": [],
            "user id": "3235130314",
            "user name": "没心没肺没烦恼_24",
            "content": "超聚拢👙 主要治疗 : 平原飞机场小馒头，外扩，下垂。主要功效 :调整型塑形美体内衣，A杯也能有沟，专治肋下肉肉。适用人群 : 注重自身形象，无自信，无胸器的患者。微店网页链接 ➕v：bryant24lc 或者 15201521371",
            "time": "15-11-11 17:22"
        },
        {
            "comment id": 33,
            "parent": -1,
            "children": [],
            "user id": "3379536262",
            "user name": "汤江平阿汤",
            "content": "🙏🙏🙏🙏🙏🙏",
            "time": "15-11-11 17:22"
        },
        {
            "comment id": 34,
            "parent": -1,
            "children": [],
            "user id": "3011203801",
            "user name": "你是猪猪猪儿虫吗",
            "content": "🙏🙏🙏",
            "time": "15-11-11 17:20"
        },
        {
            "comment id": 35,
            "parent": -1,
            "children": [],
            "user id": "5245758466",
            "user name": "用户7494538412",
            "content": "🙏🙏🙏🌹🌹🌹",
            "time": "15-11-11 17:11"
        },
        {
            "comment id": 36,
            "parent": -1,
            "children": [],
            "user id": "5688356148",
            "user name": "安吉嘎傣",
            "content": "南無药师琉璃光如来🙏🙏🙏南無\\药师琉璃光如来🙏🙏🙏南無药师琉璃光如来🙏🙏🙏",
            "time": "15-11-11 17:09"
        },
        {
            "comment id": 37,
            "parent": -1,
            "children": [],
            "user id": "2925225013",
            "user name": "开心芳芳姐",
            "content": "南無药师琉璃光如来🙏🙏🙏 南無药师琉璃光如来🙏🙏🙏南無药师琉璃光如来🙏🙏🙏",
            "time": "15-11-11 16:56"
        },
        {
            "comment id": 38,
            "parent": -1,
            "children": [],
            "user id": "2925225013",
            "user name": "开心芳芳姐",
            "content": "南無药师琉璃光如来🙏🙏🙏🙏🙏🙏",
            "time": "15-11-11 16:54"
        },
        {
            "comment id": 39,
            "parent": -1,
            "children": [],
            "user id": "5239720607",
            "user name": "fangqiang519",
            "content": "🙏🙏🙏",
            "time": "15-11-11 16:08"
        },
        {
            "comment id": 40,
            "parent": -1,
            "children": [],
            "user id": "2590701243",
            "user name": "我的狗都叫胖胖",
            "content": "🙏🙏🙏",
            "time": "15-11-11 15:47"
        },
        {
            "comment id": 41,
            "parent": -1,
            "children": [],
            "user id": "3150822152",
            "user name": "平凡的儒子牛",
            "content": "恭敬顶礼南无药师琉璃光如来！🙏🙏🙏",
            "time": "15-11-11 15:13"
        },
        {
            "comment id": 42,
            "parent": -1,
            "children": [],
            "user id": "5676268654",
            "user name": "一川枫叶两岸芦花",
            "content": "🙏🙏🙏",
            "time": "15-11-11 14:49"
        },
        {
            "comment id": 43,
            "parent": -1,
            "children": [],
            "user id": "5222303391",
            "user name": "正直公民886",
            "content": "//@鳳凰衛視劉珊玲: 今天农历九月三十，是药师佛圣诞。南无东方药师琉璃光如来！转发供养，福德无量！心得安稳，消灾免难，身体健康，福慧双增，诸事顺利，家宅永安。",
            "time": "15-11-11 14:10"
        },
        {
            "comment id": 44,
            "parent": -1,
            "children": [],
            "user id": "5611230752",
            "user name": "华记1976",
            "content": "南无药师琉璃光如来。南无药师琉璃光如来。南无药师琉璃光如来。",
            "time": "15-11-11 14:10"
        },
        {
            "comment id": 45,
            "parent": -1,
            "children": [],
            "user id": "2044254625",
            "user name": "饺子花生",
            "content": "[玫瑰]",
            "time": "15-11-11 14:02"
        },
        {
            "comment id": 46,
            "parent": -1,
            "children": [],
            "user id": "3856739403",
            "user name": "静然_GJ",
            "content": "🙏🙏🙏",
            "time": "15-11-11 13:57"
        },
        {
            "comment id": 47,
            "parent": -1,
            "children": [],
            "user id": "2000654801",
            "user name": "前主播劉珊玲",
            "content": "今天农历九月三十，是药师佛圣诞。南无东方药师琉璃光如来！转发供养，福德无量！心得安稳，消灾免难，身体健康，福慧双增，诸事顺利，家宅永安。🙏🙏🙏",
            "time": "15-11-11 13:56"
        },
        {
            "comment id": 48,
            "parent": -1,
            "children": [],
            "user id": "2153626083",
            "user name": "机智的考试生活",
            "content": "南无药师琉璃光如来。🙏🙏🙏",
            "time": "15-11-11 12:55"
        },
        {
            "comment id": 49,
            "parent": -1,
            "children": [],
            "user id": "1634110233",
            "user name": "丫丫de妈咪世界",
            "content": "南无消灾延寿药师佛，南无消灾延寿药师佛，南无消灾延寿药师佛🙏🙏🙏",
            "time": "15-11-11 12:43"
        },
        {
            "comment id": 50,
            "parent": -1,
            "children": [],
            "user id": "1634110233",
            "user name": "丫丫de妈咪世界",
            "content": "南无药师琉璃光如来，南无药师琉璃光如来，南无药师琉璃光如来🙏🙏🙏",
            "time": "15-11-11 12:43"
        },
        {
            "comment id": 51,
            "parent": -1,
            "children": [],
            "user id": "1898610090",
            "user name": "雪绒兔球球",
            "content": "🙏 🙏 🙏",
            "time": "15-11-11 12:18"
        },
        {
            "comment id": 52,
            "parent": -1,
            "children": [],
            "user id": "1769706765",
            "user name": "程小程2010",
            "content": "转发微博",
            "time": "15-11-11 12:16"
        },
        {
            "comment id": 53,
            "parent": -1,
            "children": [],
            "user id": "2177119487",
            "user name": "sxj5",
            "content": "南无药师琉璃光如来🌹🌹🌹🙏",
            "time": "15-11-11 12:06"
        },
        {
            "comment id": 54,
            "parent": -1,
            "children": [],
            "user id": "2914331277",
            "user name": "恒阳法师",
            "content": "转发微博",
            "time": "15-11-11 11:53"
        },
        {
            "comment id": 55,
            "parent": -1,
            "children": [],
            "user id": "1059474633",
            "user name": "猪猪雅渔",
            "content": "🙏🙏🙏",
            "time": "15-11-11 11:31"
        },
        {
            "comment id": 56,
            "parent": -1,
            "children": [],
            "user id": "1809709657",
            "user name": "D381徐波",
            "content": "🙏🙏🙏🌷🌷🌷",
            "time": "15-11-11 11:02"
        },
        {
            "comment id": 57,
            "parent": -1,
            "children": [],
            "user id": "5723124069",
            "user name": "胸肌200712",
            "content": "大师  您能不能把众佛 菩萨的节日发一下 我们好提前有个准备 谢谢",
            "time": "15-11-11 10:59"
        },
        {
            "comment id": 58,
            "parent": -1,
            "children": [],
            "user id": "5746367923",
            "user name": "沉浮的日子蓓众薏",
            "content": "双11来啦！红包等你来领！快来，手慢无！￥双11来啦！红包等你来领！快来，手慢无！#418825534#￥长按这条信息，点击复制后，打开手机淘宝可直接访问 【内部通道！90%能抽到￥20哦!请勿随意散播！】",
            "time": "15-11-11 10:59"
        },
        {
            "comment id": 59,
            "parent": -1,
            "children": [],
            "user id": "3618178007",
            "user name": "做好-快乐每一天",
            "content": "🙏🙏🙏",
            "time": "15-11-11 10:53"
        },
        {
            "comment id": 60,
            "parent": -1,
            "children": [],
            "user id": "3349512634",
            "user name": "如皆allinheart",
            "content": "南無药师琉璃光如来",
            "time": "15-11-11 10:44"
        },
        {
            "comment id": 61,
            "parent": -1,
            "children": [],
            "user id": "3936770685",
            "user name": "止水鉴8_22635",
            "content": "🙏🙏🙏",
            "time": "15-11-11 10:40"
        },
        {
            "comment id": 62,
            "parent": -1,
            "children": [],
            "user id": "5696052041",
            "user name": "熙禾泰佛",
            "content": "🙏🙏🙏",
            "time": "15-11-11 10:25"
        },
        {
            "comment id": 63,
            "parent": -1,
            "children": [],
            "user id": "3963863937",
            "user name": "小瓶子调调",
            "content": "🙏🙏🙏",
            "time": "15-11-11 10:13"
        },
        {
            "comment id": 64,
            "parent": -1,
            "children": [],
            "user id": "5719129976",
            "user name": "一只不甜怪",
            "content": "重要的事情说三遍 😂 😂",
            "time": "15-11-11 10:04"
        },
        {
            "comment id": 65,
            "parent": -1,
            "children": [],
            "user id": "1327836335",
            "user name": "你找的人已消失在人海",
            "content": "我佛慈悲",
            "time": "15-11-11 09:59"
        },
        {
            "comment id": 66,
            "parent": -1,
            "children": [],
            "user id": "3182012474",
            "user name": "微生活信人生",
            "content": "🙏南无阿弥陀佛 ",
            "time": "15-11-11 09:52"
        },
        {
            "comment id": 67,
            "parent": -1,
            "children": [],
            "user id": "5218300811",
            "user name": "点点月月的老友",
            "content": "阿弥托福！",
            "time": "15-11-11 09:37"
        },
        {
            "comment id": 68,
            "parent": -1,
            "children": [],
            "user id": "3205849072",
            "user name": "小清新亲子装",
            "content": "南无药师琉璃光如来。南无药师琉璃光如来。南无药师琉璃光如来。",
            "time": "15-11-11 09:33"
        },
        {
            "comment id": 69,
            "parent": -1,
            "children": [],
            "user id": "5696201367",
            "user name": "用户5696201367",
            "content": "🙏🙏🙏🌻🌻🌻",
            "time": "15-11-11 09:29"
        },
        {
            "comment id": 70,
            "parent": -1,
            "children": [],
            "user id": "3835357397",
            "user name": "合11111",
            "content": "🙏 🙏 🙏 🙏 🙏南无阿弥陀佛",
            "time": "15-11-11 09:28"
        },
        {
            "comment id": 71,
            "parent": -1,
            "children": [],
            "user id": "3926982960",
            "user name": "蓝莹雪情",
            "content": "🙏🙏🙏[玫瑰][玫瑰][玫瑰]",
            "time": "15-11-11 09:24"
        },
        {
            "comment id": 72,
            "parent": -1,
            "children": [],
            "user id": "5070343908",
            "user name": "古月月半",
            "content": "祝家人身体健康！🙏🙏🙏",
            "time": "15-11-11 09:18"
        },
        {
            "comment id": 73,
            "parent": -1,
            "children": [],
            "user id": "1103794077",
            "user name": "云云Shirley",
            "content": "南无药师琉璃光如来。🙏",
            "time": "15-11-11 09:04"
        },
        {
            "comment id": 74,
            "parent": -1,
            "children": [],
            "user id": "1745051123",
            "user name": "_ktaH",
            "content": "健康🙏🙏🙏🙏🙏",
            "time": "15-11-11 09:02"
        },
        {
            "comment id": 75,
            "parent": -1,
            "children": [],
            "user id": "5491292628",
            "user name": "萳权姑姑",
            "content": "🙏🙏",
            "time": "15-11-11 08:57"
        },
        {
            "comment id": 76,
            "parent": -1,
            "children": [],
            "user id": "1708589687",
            "user name": "XiYu向太阳",
            "content": "🙏",
            "time": "15-11-11 08:48"
        },
        {
            "comment id": 77,
            "parent": -1,
            "children": [],
            "user id": "3238362854",
            "user name": "正态分布的边缘户",
            "content": "明天就要去医院了，愿平安！",
            "time": "15-11-11 08:46"
        },
        {
            "comment id": 78,
            "parent": -1,
            "children": [],
            "user id": "2009240561",
            "user name": "翡翠898",
            "content": "🙏🙏🙏",
            "time": "15-11-11 08:46"
        },
        {
            "comment id": 79,
            "parent": -1,
            "children": [],
            "user id": "1922771227",
            "user name": "领导力学院",
            "content": "🙏🙏🙏",
            "time": "15-11-11 08:39"
        }
    ]
}