{
    "source": {
        "content": "【天猫“双11”第一个小时战绩单↓↓】①第一个小时战绩247.7亿；②无线成交占比依然维持在73%的高位，包裹数量已达到1.14亿个；③目前国内剁手族排名为广东、浙江、江苏。④阿里巴巴集团CEO张勇介绍说，支付笔数在30分钟后依然保持在每秒3万笔以上，整个消费者的消费行为已转移到移动互联网。 ",
        "time": "15-11-11 01:22",
        "user id": "2258727970",
        "tweet id": "D3gYA4Oj3",
        "label": 0,
        "theme": "财经商业"
    },
    "comment": [
        {
            "comment id": 0,
            "parent": -1,
            "children": [],
            "user id": "1843416390",
            "user name": "章鱼小丸子耶o",
            "content": "回复@Z芷华绝对不是吃货:说的就是....",
            "time": "15-11-11 22:38"
        },
        {
            "comment id": 1,
            "parent": -1,
            "children": [],
            "user id": "1882552034",
            "user name": "一品红方",
            "content": "回复@放肆叫我魔王大人:不好意思了",
            "time": "15-11-11 19:44"
        },
        {
            "comment id": 2,
            "parent": -1,
            "children": [],
            "user id": "1882552034",
            "user name": "一品红方",
            "content": "回复@Sunny_星子:不好意思了",
            "time": "15-11-11 19:43"
        },
        {
            "comment id": 3,
            "parent": -1,
            "children": [],
            "user id": "1870496267",
            "user name": "Sunny_星子",
            "content": "回复@一品红方: 这数学 …",
            "time": "15-11-11 19:28"
        },
        {
            "comment id": 4,
            "parent": -1,
            "children": [],
            "user id": "1965546783",
            "user name": "花泽香菜杭州分菜",
            "content": "回复@一品红方:你确定你没算错？",
            "time": "15-11-11 13:36"
        },
        {
            "comment id": 5,
            "parent": -1,
            "children": [],
            "user id": "2178330240",
            "user name": "AsiaPay联款通",
            "content": "消费者的消费行为已转移到#移动互联网#",
            "time": "15-11-11 09:53"
        },
        {
            "comment id": 6,
            "parent": -1,
            "children": [],
            "user id": "2499220414",
            "user name": "陪伴是最长情的告白丶L",
            "content": "回复@一品红方:你这数学真好",
            "time": "15-11-11 09:21"
        },
        {
            "comment id": 7,
            "parent": -1,
            "children": [],
            "user id": "2554698711",
            "user name": "萝卜小柚_柚叔",
            "content": "大家要知道的是：①这只是线下转线上的销售消费模式！实际有没有消费增长有待考证！②刷单水分大量存在，别高兴太早~清新的中国人~以及投资者们~。当然不可否认，阿里平台赚广告费和佣金确实是平台赚的盆满钵满。然并卵啊。马云又不会给大家100块",
            "time": "15-11-11 09:21"
        },
        {
            "comment id": 8,
            "parent": -1,
            "children": [],
            "user id": "2283513661",
            "user name": "李朝阳不可思议",
            "content": "回复@今后要做糖不吃小姐:我做了贡献",
            "time": "15-11-11 09:00"
        },
        {
            "comment id": 9,
            "parent": -1,
            "children": [],
            "user id": "2833694115",
            "user name": "Seelar",
            "content": "为广东第一名做出贡献",
            "time": "15-11-11 08:39"
        },
        {
            "comment id": 10,
            "parent": -1,
            "children": [],
            "user id": "2386059934",
            "user name": "阿小怪同學",
            "content": "并没这么多，全凭炒作",
            "time": "15-11-11 08:39"
        },
        {
            "comment id": 11,
            "parent": -1,
            "children": [],
            "user id": "3185921162",
            "user name": "今后要做糖不吃小姐",
            "content": "@Sssstupidbitch",
            "time": "15-11-11 08:39"
        },
        {
            "comment id": 12,
            "parent": -1,
            "children": [],
            "user id": "5296323621",
            "user name": "大智若愚20142014",
            "content": "天猫名牌店确实折扣不少今年！",
            "time": "15-11-11 08:34"
        },
        {
            "comment id": 13,
            "parent": -1,
            "children": [],
            "user id": "3625585957",
            "user name": "略景自乐",
            "content": "抢的好累。",
            "time": "15-11-11 08:18"
        },
        {
            "comment id": 14,
            "parent": -1,
            "children": [],
            "user id": "1035992904",
            "user name": "霓裳漫影",
            "content": "抢双11的就两种人：没脑子的，被洗脑的…",
            "time": "15-11-11 08:02"
        },
        {
            "comment id": 15,
            "parent": -1,
            "children": [],
            "user id": "3179270455",
            "user name": "威尼斯碧琪",
            "content": "回复@秋叶研究所:",
            "time": "15-11-11 07:38"
        },
        {
            "comment id": 16,
            "parent": -1,
            "children": [],
            "user id": "5301332148",
            "user name": "吃水果的季节",
            "content": "江苏人民贡献21.5，比平时便宜五块钱",
            "time": "15-11-11 07:35"
        },
        {
            "comment id": 17,
            "parent": -1,
            "children": [],
            "user id": "3200750980",
            "user name": "季雨云先生",
            "content": "让12306看看，人家的系统",
            "time": "15-11-11 07:32"
        },
        {
            "comment id": 18,
            "parent": -1,
            "children": [],
            "user id": "1882552034",
            "user name": "一品红方",
            "content": "12分钟100亿，什么概念？假设全国10亿人，平均每人消费了10亿！真可怕的中国速度！真可怕的中国消费力！中国有钱人真多呀！",
            "time": "15-11-11 07:23"
        },
        {
            "comment id": 19,
            "parent": -1,
            "children": [],
            "user id": "5446498080",
            "user name": "L理智占上风",
            "content": "什么都没买的点赞！",
            "time": "15-11-11 07:20"
        },
        {
            "comment id": 20,
            "parent": -1,
            "children": [],
            "user id": "1864131663",
            "user name": "上班族方方",
            "content": "有钱，拉动内需",
            "time": "15-11-11 06:54"
        },
        {
            "comment id": 21,
            "parent": -1,
            "children": [],
            "user id": "3958052458",
            "user name": "欧欧欧哥气",
            "content": "刷单的占一半",
            "time": "15-11-11 06:48"
        },
        {
            "comment id": 22,
            "parent": -1,
            "children": [],
            "user id": "1653544117",
            "user name": "樱花别墅电梯黄先生",
            "content": "呃！廣東",
            "time": "15-11-11 05:59"
        },
        {
            "comment id": 23,
            "parent": -1,
            "children": [],
            "user id": "1060631984",
            "user name": "这里有宇",
            "content": "老百姓好有钱",
            "time": "15-11-11 05:54"
        },
        {
            "comment id": 24,
            "parent": -1,
            "children": [],
            "user id": "2751278051",
            "user name": "两千年小文物",
            "content": "感觉阿里巴巴总部上空都在掉钱然后在地上积了厚厚的一层",
            "time": "15-11-11 05:43"
        },
        {
            "comment id": 25,
            "parent": -1,
            "children": [],
            "user id": "2703850311",
            "user name": "随缘788",
            "content": "支持马云",
            "time": "15-11-11 05:41"
        },
        {
            "comment id": 26,
            "parent": -1,
            "children": [],
            "user id": "1727735641",
            "user name": "平凡的人生平静的岁月",
            "content": "互联网改变世界",
            "time": "15-11-11 05:35"
        },
        {
            "comment id": 27,
            "parent": -1,
            "children": [],
            "user id": "2711002782",
            "user name": "Colyaa",
            "content": " 原价50的东西，它显示原100.你确定是优惠？反正我不买",
            "time": "15-11-11 04:35"
        },
        {
            "comment id": 28,
            "parent": -1,
            "children": [],
            "user id": "1357592157",
            "user name": "adang521",
            "content": "百分之九十是这么回事………洗刷刷！！！！！ ",
            "time": "15-11-11 04:12"
        },
        {
            "comment id": 29,
            "parent": -1,
            "children": [],
            "user id": "1615085850",
            "user name": "潮童天下诺",
            "content": "转发微博",
            "time": "15-11-11 03:28"
        },
        {
            "comment id": 30,
            "parent": -1,
            "children": [],
            "user id": "5307077515",
            "user name": "1冲冲冲",
            "content": "回复@記錄三六五:确实是赚到便宜了！不过是相当来说",
            "time": "15-11-11 03:14"
        },
        {
            "comment id": 31,
            "parent": -1,
            "children": [],
            "user id": "3183517242",
            "user name": "浪子XL5757",
            "content": "买的不如卖的精，别真以为买到就是赚到！",
            "time": "15-11-11 02:52"
        },
        {
            "comment id": 32,
            "parent": -1,
            "children": [],
            "user id": "2013033933",
            "user name": "至诚芒哥的",
            "content": "我为大浙江做出贡献",
            "time": "15-11-11 02:51"
        },
        {
            "comment id": 33,
            "parent": -1,
            "children": [],
            "user id": "3815352509",
            "user name": "99iibb",
            "content": "这么打发光棍节真的好么？",
            "time": "15-11-11 02:39"
        },
        {
            "comment id": 34,
            "parent": -1,
            "children": [],
            "user id": "1830591900",
            "user name": "乐夫良品",
            "content": "网页链接 韩国化妆品全部双十一特价ing 查看图片",
            "time": "15-11-11 02:31"
        },
        {
            "comment id": 35,
            "parent": -1,
            "children": [],
            "user id": "3150132012",
            "user name": "吃辣会打嗝B",
            "content": "广东人民贡献两千",
            "time": "15-11-11 02:30"
        },
        {
            "comment id": 36,
            "parent": -1,
            "children": [],
            "user id": "1402774727",
            "user name": "利息宝",
            "content": "#手机支付#",
            "time": "15-11-11 02:28"
        },
        {
            "comment id": 37,
            "parent": -1,
            "children": [],
            "user id": "1402774727",
            "user name": "利息宝",
            "content": "#移动支付#",
            "time": "15-11-11 02:24"
        },
        {
            "comment id": 38,
            "parent": -1,
            "children": [],
            "user id": "5581967513",
            "user name": "爱就秒了它5918",
            "content": "又要男女式羊绒衫 羊绒裤的联系我，有优惠哦",
            "time": "15-11-11 02:24"
        },
        {
            "comment id": 39,
            "parent": -1,
            "children": [],
            "user id": "2802257811",
            "user name": "HssFAN",
            "content": "我大江苏",
            "time": "15-11-11 02:14"
        },
        {
            "comment id": 40,
            "parent": -1,
            "children": [],
            "user id": "3459422052",
            "user name": "陷入红酒的橘子朋友们",
            "content": "浙江",
            "time": "15-11-11 02:02"
        },
        {
            "comment id": 41,
            "parent": -1,
            "children": [],
            "user id": "2680130061",
            "user name": "中国梦点亮世界",
            "content": "目前国内剁手族排名为广东、浙江、江苏，然后都是中国前三经济大省分别是广东、江苏、浙江。挺同步的嘛",
            "time": "15-11-11 01:56"
        },
        {
            "comment id": 42,
            "parent": -1,
            "children": [],
            "user id": "2390648292",
            "user name": "不二君123456",
            "content": "江浙沪就是这么任性(ಥ_ಥ)眼泪滴下来……",
            "time": "15-11-11 01:53"
        },
        {
            "comment id": 43,
            "parent": -1,
            "children": [],
            "user id": "3310964943",
            "user name": "記錄三六五",
            "content": "无商不奸，别以为真赚便宜了。",
            "time": "15-11-11 01:51"
        },
        {
            "comment id": 44,
            "parent": -1,
            "children": [],
            "user id": "1308367040",
            "user name": "闲逛钥匙",
            "content": "数据肯定是真的，但有部分是造出来的，比如，通俗点说就是刷单刷啊刷--之后的退货率也非常高",
            "time": "15-11-11 01:48"
        },
        {
            "comment id": 45,
            "parent": -1,
            "children": [],
            "user id": "2551671012",
            "user name": "hy_逸",
            "content": "回复@臺北不是我的家:这就是大数据时代",
            "time": "15-11-11 01:40"
        },
        {
            "comment id": 46,
            "parent": -1,
            "children": [],
            "user id": "2617870651",
            "user name": "该纠结时又不纠结了",
            "content": "还有双十二呢",
            "time": "15-11-11 01:39"
        },
        {
            "comment id": 47,
            "parent": -1,
            "children": [],
            "user id": "3183495084",
            "user name": "什么时候可以拥有一只小猫咪",
            "content": "@麻麻说喝酒会变白痴",
            "time": "15-11-11 01:36"
        },
        {
            "comment id": 48,
            "parent": -1,
            "children": [],
            "user id": "1131291421",
            "user name": "聿眀",
            "content": "广东，浙江，江苏，同时也是全国GDP前列。",
            "time": "15-11-11 01:35"
        },
        {
            "comment id": 49,
            "parent": -1,
            "children": [],
            "user id": "3898505937",
            "user name": "心里藏着一只羊",
            "content": "#双11来了#这就是大家的力量",
            "time": "15-11-11 01:35"
        },
        {
            "comment id": 50,
            "parent": -1,
            "children": [],
            "user id": "2745340447",
            "user name": "原来是你阿_",
            "content": "@冢旭",
            "time": "15-11-11 01:35"
        },
        {
            "comment id": 51,
            "parent": -1,
            "children": [],
            "user id": "1911695083",
            "user name": "Tomorrow--V",
            "content": "经济最发达的5个地方，占了三个...分别是1亿人口的广东，5000万人口的浙江还有8000万人口的江苏，希望2000万级的北京和上海迎头赶上！",
            "time": "15-11-11 01:34"
        },
        {
            "comment id": 52,
            "parent": -1,
            "children": [],
            "user id": "2322151890",
            "user name": "宁波龙啸",
            "content": "刷  刷 刷  刷完再睡，开电脑太麻烦",
            "time": "15-11-11 01:33"
        },
        {
            "comment id": 53,
            "parent": -1,
            "children": [],
            "user id": "1860890204",
            "user name": "kingsaj",
            "content": "难道我是异类 我全部还是电脑支付诶",
            "time": "15-11-11 01:33"
        },
        {
            "comment id": 54,
            "parent": -1,
            "children": [],
            "user id": "5255866440",
            "user name": "77考过CPA",
            "content": "天猫营销手段果然🐮",
            "time": "15-11-11 01:32"
        },
        {
            "comment id": 55,
            "parent": -1,
            "children": [],
            "user id": "3210358735",
            "user name": "M-zy勇",
            "content": "我一开始手机也支付不了，到了二十分钟的时候才能支付",
            "time": "15-11-11 01:31"
        },
        {
            "comment id": 56,
            "parent": -1,
            "children": [],
            "user id": "2186614661",
            "user name": "戴晞",
            "content": "有我两千 ",
            "time": "15-11-11 01:30"
        },
        {
            "comment id": 57,
            "parent": -1,
            "children": [],
            "user id": "1949678997",
            "user name": "Grapefruit茉莉茶",
            "content": "转发微博",
            "time": "15-11-11 01:30"
        },
        {
            "comment id": 58,
            "parent": -1,
            "children": [],
            "user id": "2413091495",
            "user name": "潜水123",
            "content": "统统拉出去斩了",
            "time": "15-11-11 01:30"
        },
        {
            "comment id": 59,
            "parent": -1,
            "children": [],
            "user id": "1784755050",
            "user name": "Kivi_Hui0904",
            "content": "@Leo_Yna",
            "time": "15-11-11 01:29"
        },
        {
            "comment id": 60,
            "parent": -1,
            "children": [],
            "user id": "5529266354",
            "user name": "李姗姗0217",
            "content": "哈哈😄中国人的强大现在体现出来啦，太疯狂，吓死外国友人啦",
            "time": "15-11-11 01:29"
        },
        {
            "comment id": 61,
            "parent": -1,
            "children": [],
            "user id": "1763459240",
            "user name": "郁鹏飞",
            "content": "废话。。。开始电脑网页提交无响应。手机一抢一个准",
            "time": "15-11-11 01:28"
        },
        {
            "comment id": 62,
            "parent": -1,
            "children": [],
            "user id": "3668279353",
            "user name": "卧离嗳图",
            "content": "记住广东一亿人，浙江五千万，江苏八千万",
            "time": "15-11-11 01:27"
        },
        {
            "comment id": 63,
            "parent": -1,
            "children": [],
            "user id": "1965546783",
            "user name": "花泽香菜杭州分菜",
            "content": "谢谢我为浙江贡献了一份力量！手已没 用下巴打的字！",
            "time": "15-11-11 01:26"
        },
        {
            "comment id": 64,
            "parent": -1,
            "children": [],
            "user id": "2486085527",
            "user name": "吃土少女酱的日常",
            "content": "真好吃 ",
            "time": "15-11-11 01:26"
        },
        {
            "comment id": 65,
            "parent": -1,
            "children": [],
            "user id": "1645368911",
            "user name": "演员赵东波",
            "content": "实在是太猛了，我也想开一个，呵呵",
            "time": "15-11-11 01:26"
        },
        {
            "comment id": 66,
            "parent": -1,
            "children": [],
            "user id": "5541455844",
            "user name": "oyn0000",
            "content": "马爸爸又赚翻了",
            "time": "15-11-11 01:25"
        },
        {
            "comment id": 67,
            "parent": -1,
            "children": [],
            "user id": "1719921723",
            "user name": "棉被哥的爹",
            "content": "新疆",
            "time": "15-11-11 01:25"
        },
        {
            "comment id": 68,
            "parent": -1,
            "children": [],
            "user id": "1736195211",
            "user name": "圈内思儿",
            "content": "抢了几千的东西，不能免单就退款😂😂😂！！",
            "time": "15-11-11 01:25"
        },
        {
            "comment id": 69,
            "parent": -1,
            "children": [],
            "user id": "3401964602",
            "user name": "猴哥991TF",
            "content": "证明屌丝贫民越来越多咯",
            "time": "15-11-11 01:25"
        },
        {
            "comment id": 70,
            "parent": -1,
            "children": [],
            "user id": "1782676435",
            "user name": "Z芷华今天暴富了没有呀",
            "content": "@lili哩哩哩 广东",
            "time": "15-11-11 01:24"
        },
        {
            "comment id": 71,
            "parent": -1,
            "children": [],
            "user id": "1583451611",
            "user name": "曼事胜意",
            "content": "移动互联网时代",
            "time": "15-11-11 01:24"
        },
        {
            "comment id": 72,
            "parent": -1,
            "children": [],
            "user id": "5195261482",
            "user name": "莫莫莫念_",
            "content": "配图差评！",
            "time": "15-11-11 01:23"
        },
        {
            "comment id": 73,
            "parent": -1,
            "children": [],
            "user id": "1922996354",
            "user name": "吴仲敏ok",
            "content": "讲个笑话：今年双11天猫的成交额为什么这么高，免单，免单，免单，然后就……",
            "time": "15-11-11 01:23"
        }
    ]
}