{
    "source": {
        "content": "【11岁留守女孩写“劝父书”：妈妈生病了，爸爸你别离婚】“别再提出和妈妈离婚了……就算妈妈不在了，至少有您陪着我…”四川资中的11岁女孩小霞边哭边给爸爸写信。3年来，患尿毒症的母亲江西做透析维持生命，家里全靠父亲打工，近日“撑不下去”的父亲想离婚，小霞很伤心。via@华西都市报 ",
        "time": "15-11-11 11:20",
        "user id": "1314608344",
        "tweet id": "D3kT0hknP",
        "label": 0,
        "theme": "社会生活"
    },
    "comment": [
        {
            "comment id": 0,
            "parent": -1,
            "children": [],
            "user id": "2576939577",
            "user name": "做块石头挺好的",
            "content": "回复@real阿兰控:道德绑架",
            "time": "16-1-29 11:39"
        },
        {
            "comment id": 1,
            "parent": -1,
            "children": [],
            "user id": "1795610275",
            "user name": "CCChowinni",
            "content": "突然发现，这是不是美拍00后唱歌那个女孩",
            "time": "16-1-12 11:01"
        },
        {
            "comment id": 2,
            "parent": -1,
            "children": [],
            "user id": "2556796472",
            "user name": "梦巳醒余温散尽",
            "content": "",
            "time": "15-12-11 02:13"
        },
        {
            "comment id": 3,
            "parent": -1,
            "children": [],
            "user id": "2866985912",
            "user name": "LLLLLLLLLYUM",
            "content": "政府在哪儿，社会福利医疗保障在哪儿，富人在哪儿",
            "time": "15-12-11 01:09"
        },
        {
            "comment id": 4,
            "parent": -1,
            "children": [],
            "user id": "2866985912",
            "user name": "LLLLLLLLLYUM",
            "content": "哪有捐款救助渠道",
            "time": "15-12-11 01:00"
        },
        {
            "comment id": 5,
            "parent": -1,
            "children": [],
            "user id": "1681322760",
            "user name": "乙木丙火1",
            "content": "求捐款地址",
            "time": "15-12-10 22:39"
        },
        {
            "comment id": 6,
            "parent": -1,
            "children": [],
            "user id": "1701791942",
            "user name": "做人就得积德",
            "content": "我看到这封信 控制不了眼泪， 我曾经历过，坚强 坚强 真的离婚了不要怪爸爸，也不要怪妈妈，命运如此 这是改变不了的  珍惜有妈妈的每一天 毕竟....",
            "time": "15-12-10 20:38"
        },
        {
            "comment id": 7,
            "parent": -1,
            "children": [],
            "user id": "5565909530",
            "user name": "曹小妹solo",
            "content": "回复@浅行SQ:这个女孩家里其实没有文中所说那么穷！但是看出社会有爱心的人很多",
            "time": "15-11-18 21:01"
        },
        {
            "comment id": 8,
            "parent": -1,
            "children": [],
            "user id": "5565909530",
            "user name": "曹小妹solo",
            "content": "虽然大家有爱心是好事！可是还是慎重！女孩并非文中所说",
            "time": "15-11-18 17:51"
        },
        {
            "comment id": 9,
            "parent": -1,
            "children": [],
            "user id": "3664716795",
            "user name": "船城花开",
            "content": "回复@恋情200604:说这孩子一家是当地政府的帮扶对象网页链接",
            "time": "15-11-14 15:04"
        },
        {
            "comment id": 10,
            "parent": -1,
            "children": [],
            "user id": "2962112153",
            "user name": "紫色控呢",
            "content": "回复@tranoquille:多谢指教",
            "time": "15-11-14 09:39"
        },
        {
            "comment id": 11,
            "parent": -1,
            "children": [],
            "user id": "3855473734",
            "user name": "小幺五味",
            "content": "回复@辣妈的小小厨房:中国是发展中国家，还不是发达国家",
            "time": "15-11-14 08:32"
        },
        {
            "comment id": 12,
            "parent": -1,
            "children": [],
            "user id": "5593808872",
            "user name": "Sbmuer",
            "content": "回复@文辰青靖晨刘:小女孩啊",
            "time": "15-11-14 07:45"
        },
        {
            "comment id": 13,
            "parent": -1,
            "children": [],
            "user id": "3556281474",
            "user name": "浅行SQ",
            "content": "回复@涅槃200604:那不是我的母校。",
            "time": "15-11-13 13:39"
        },
        {
            "comment id": 14,
            "parent": -1,
            "children": [],
            "user id": "5565909530",
            "user name": "曹小妹solo",
            "content": "回复@浅行SQ:不是高楼学校！是共农小学",
            "time": "15-11-13 13:14"
        },
        {
            "comment id": 15,
            "parent": -1,
            "children": [],
            "user id": "5565909530",
            "user name": "曹小妹solo",
            "content": "我也是资中高楼的！我们这边贪官超多！低保有钱人吃！穷人数不胜数！女孩事迹是确有其事。但也并非文中所言！！确实穷孩子太多…!",
            "time": "15-11-13 13:14"
        },
        {
            "comment id": 16,
            "parent": -1,
            "children": [],
            "user id": "5504950220",
            "user name": "拉黑你就拉黑你咯",
            "content": "回复@Mikixiao叶子:搜狗输入法很卡的，还是百度输入法好。搜狗后台有云计算在利用你的网呢",
            "time": "15-11-13 12:58"
        },
        {
            "comment id": 17,
            "parent": -1,
            "children": [],
            "user id": "3169686627",
            "user name": "Mikixiao叶子",
            "content": "回复@拉黑你就拉黑咯:怪搜狗，怪自己马大哈",
            "time": "15-11-13 12:55"
        },
        {
            "comment id": 18,
            "parent": -1,
            "children": [],
            "user id": "5504950220",
            "user name": "拉黑你就拉黑你咯",
            "content": "回复@Mikixiao叶子:是眼泪你这句话简直毛骨悚然",
            "time": "15-11-13 12:48"
        },
        {
            "comment id": 19,
            "parent": -1,
            "children": [],
            "user id": "5504950220",
            "user name": "拉黑你就拉黑你咯",
            "content": "回复@heiya爱发呆:大病医保没什么用还是买重大疾病险吧。真的国家提供社保都差的要死",
            "time": "15-11-13 12:47"
        },
        {
            "comment id": 20,
            "parent": -1,
            "children": [],
            "user id": "5504950220",
            "user name": "拉黑你就拉黑你咯",
            "content": "回复@驻豫望鲁:你不是说你养她吗",
            "time": "15-11-13 12:46"
        },
        {
            "comment id": 21,
            "parent": -1,
            "children": [],
            "user id": "1911351167",
            "user name": "驻豫望鲁",
            "content": "回复@拉黑你就拉黑咯:你太无聊。",
            "time": "15-11-13 12:45"
        },
        {
            "comment id": 22,
            "parent": -1,
            "children": [],
            "user id": "3966629790",
            "user name": "Sasakyo",
            "content": "小女孩真漂亮 太可怜了",
            "time": "15-11-13 09:00"
        },
        {
            "comment id": 23,
            "parent": -1,
            "children": [],
            "user id": "5276032490",
            "user name": "花见·君夏",
            "content": "回复@MaDongC我是读书人:好嘛，我不知道内幕",
            "time": "15-11-12 22:00"
        },
        {
            "comment id": 24,
            "parent": -1,
            "children": [],
            "user id": "3556281474",
            "user name": "浅行SQ",
            "content": "她读书这个学校应该就是高楼小学。",
            "time": "15-11-12 21:18"
        },
        {
            "comment id": 25,
            "parent": -1,
            "children": [],
            "user id": "3556281474",
            "user name": "浅行SQ",
            "content": "我也是资中高楼那边的，我们那不是穷而是贪官太多了，像这个小女孩这样的有很多。",
            "time": "15-11-12 21:16"
        },
        {
            "comment id": 26,
            "parent": -1,
            "children": [],
            "user id": "2579808207",
            "user name": "Khemanite",
            "content": "这么漂亮的小女孩太可怜了",
            "time": "15-11-12 19:53"
        },
        {
            "comment id": 27,
            "parent": -1,
            "children": [],
            "user id": "1642091063",
            "user name": "Charlotte今天不在家",
            "content": "父亲也有父亲的难处，我觉得这和是不是留守儿童没有什么关系吧，讲的是一个困难的家庭困难的选择",
            "time": "15-11-12 18:59"
        },
        {
            "comment id": 28,
            "parent": -1,
            "children": [],
            "user id": "5652752607",
            "user name": "我的括弧号笑心上任",
            "content": "长得像朴信惠",
            "time": "15-11-12 15:06"
        },
        {
            "comment id": 29,
            "parent": -1,
            "children": [],
            "user id": "1406648635",
            "user name": "家有小臭熊",
            "content": "能否提供孩子家人联系方式",
            "time": "15-11-12 13:57"
        },
        {
            "comment id": 30,
            "parent": -1,
            "children": [],
            "user id": "3912551919",
            "user name": "沫沫宝宝哟",
            "content": "这种事多了去了 …没必要还上个热搜 ",
            "time": "15-11-12 13:26"
        },
        {
            "comment id": 31,
            "parent": -1,
            "children": [],
            "user id": "5144675553",
            "user name": "爱你小婠婠",
            "content": "这女孩好漂亮呀  眼睛有点像夏天",
            "time": "15-11-12 13:04"
        },
        {
            "comment id": 32,
            "parent": -1,
            "children": [],
            "user id": "5434220875",
            "user name": "Ann史小雪",
            "content": "好漂亮！",
            "time": "15-11-12 13:03"
        },
        {
            "comment id": 33,
            "parent": -1,
            "children": [],
            "user id": "5128307136",
            "user name": "嗯草莓味呀",
            "content": "回复@失去派大星的海绵宝宝csy:原来不是我一个人这么觉得",
            "time": "15-11-12 12:45"
        },
        {
            "comment id": 34,
            "parent": -1,
            "children": [],
            "user id": "2813825755",
            "user name": "你看的到真的认真的人嘛",
            "content": "坚强，不论是谁",
            "time": "15-11-12 12:32"
        },
        {
            "comment id": 35,
            "parent": -1,
            "children": [],
            "user id": "3299314465",
            "user name": "33333333three",
            "content": "",
            "time": "15-11-12 12:31"
        },
        {
            "comment id": 36,
            "parent": -1,
            "children": [],
            "user id": "2302874704",
            "user name": "王麻子mazi",
            "content": "女生好漂亮！",
            "time": "15-11-12 12:29"
        },
        {
            "comment id": 37,
            "parent": -1,
            "children": [],
            "user id": "5319936096",
            "user name": "heiya爱发呆",
            "content": "我们这本来就有大病医保啊，突然发现生在一个富裕的地方很幸福，至少我爷爷奶奶从不担心这种事情。虽然我们不富裕，但政府能够负责。看样子中国发展还是不均匀",
            "time": "15-11-12 12:28"
        },
        {
            "comment id": 38,
            "parent": -1,
            "children": [],
            "user id": "2971998484",
            "user name": "Bynna_",
            "content": "逼不得已",
            "time": "15-11-12 12:25"
        },
        {
            "comment id": 39,
            "parent": -1,
            "children": [],
            "user id": "2539908180",
            "user name": "咕噜mor酱",
            "content": "大家都在说男方没承担。亲们！为啥不是说社会不健全？",
            "time": "15-11-12 12:25"
        },
        {
            "comment id": 40,
            "parent": -1,
            "children": [],
            "user id": "2539908180",
            "user name": "咕噜mor酱",
            "content": "这个新闻本来应该是感伤的，可是我还是想说，离婚是因为这个男的太累，不想撑了。而女方却说理解，但是男方承担自己的医药费啥的就可以离婚。这叫理解",
            "time": "15-11-12 12:23"
        },
        {
            "comment id": 41,
            "parent": -1,
            "children": [],
            "user id": "1891911592",
            "user name": "ku泥几娃",
            "content": "只有我心疼父亲吗",
            "time": "15-11-12 12:23"
        },
        {
            "comment id": 42,
            "parent": -1,
            "children": [],
            "user id": "2329486950",
            "user name": "蜜糖加初丁等于唐禹哲郑容和",
            "content": "父亲也不能那么骂吧！他不是没有照顾过。只有她女儿有资格说，你们在这里瞎BB什么啊？",
            "time": "15-11-12 12:22"
        },
        {
            "comment id": 43,
            "parent": -1,
            "children": [],
            "user id": "5133220342",
            "user name": "好好爱自己从心开始925",
            "content": "觉得好无奈",
            "time": "15-11-12 12:18"
        },
        {
            "comment id": 44,
            "parent": -1,
            "children": [],
            "user id": "5722488079",
            "user name": "心情好坏与天气有关",
            "content": "小姑娘好漂亮，希望她的生活以后会越来越好",
            "time": "15-11-12 12:13"
        },
        {
            "comment id": 45,
            "parent": -1,
            "children": [],
            "user id": "1727735641",
            "user name": "平凡的人生平静的岁月",
            "content": "有啥别有病，健康是最大的财富!",
            "time": "15-11-12 12:10"
        },
        {
            "comment id": 46,
            "parent": -1,
            "children": [],
            "user id": "5235052505",
            "user name": "漫步田间小溪",
            "content": "好懂事好心疼人",
            "time": "15-11-12 12:04"
        },
        {
            "comment id": 47,
            "parent": -1,
            "children": [],
            "user id": "1736256875",
            "user name": "Lovegood623",
            "content": "心疼小女孩！ ",
            "time": "15-11-12 12:03"
        },
        {
            "comment id": 48,
            "parent": -1,
            "children": [],
            "user id": "1677918013",
            "user name": "卷舒烟云",
            "content": "男人都怎么了，一点担当都没有",
            "time": "15-11-12 12:01"
        },
        {
            "comment id": 49,
            "parent": -1,
            "children": [],
            "user id": "2010095295",
            "user name": "吱屋朱朱997",
            "content": "不要去批判爸爸，这样的现象只是缩影，而且当你是其中的人时，你也无可奈何。",
            "time": "15-11-12 11:56"
        },
        {
            "comment id": 50,
            "parent": -1,
            "children": [],
            "user id": "2768165523",
            "user name": "巳月在野",
            "content": "加油",
            "time": "15-11-12 11:50"
        },
        {
            "comment id": 51,
            "parent": -1,
            "children": [],
            "user id": "1909466705",
            "user name": "豆酱子",
            "content": "好乖啊",
            "time": "15-11-12 11:50"
        },
        {
            "comment id": 52,
            "parent": -1,
            "children": [],
            "user id": "2352797013",
            "user name": "是白羊座的德德",
            "content": "小姑娘好漂亮",
            "time": "15-11-12 11:48"
        },
        {
            "comment id": 53,
            "parent": -1,
            "children": [],
            "user id": "5073430835",
            "user name": "一亿一亿一亿",
            "content": "姑娘长得眉清目秀的，好好学习吧，说不定将来有自己的小成就哦",
            "time": "15-11-12 11:42"
        },
        {
            "comment id": 54,
            "parent": -1,
            "children": [],
            "user id": "3713397513",
            "user name": "铂恩摄影-罗SIR",
            "content": "回复@you钱就特么任性:。。。。说得那么洒脱，亲情在你眼中就是这样啊？",
            "time": "15-11-12 11:35"
        },
        {
            "comment id": 55,
            "parent": -1,
            "children": [],
            "user id": "1966476560",
            "user name": "一只小妮丫",
            "content": "都很苦，不能用是非对错来评价，孩子想拥有完整的家庭完整的爱，这是每个孩子都会有的正常想法，爸爸也很苦，超负荷工作，超负担的经济压力，妈妈也苦，拖着病重的身体，心有余力不足，哎！幸福的家庭都是一样的，不幸的家庭各有各的不幸……",
            "time": "15-11-12 11:29"
        },
        {
            "comment id": 56,
            "parent": -1,
            "children": [],
            "user id": "2524742530",
            "user name": "霜霜也是晨晨",
            "content": "大人永远不会懂，孩子想什么。多漂亮的姑娘，愿她以后生活幸福",
            "time": "15-11-12 11:28"
        },
        {
            "comment id": 57,
            "parent": -1,
            "children": [],
            "user id": "1737443064",
            "user name": "Matt师奶",
            "content": "希望可以帮助他们",
            "time": "15-11-12 11:26"
        },
        {
            "comment id": 58,
            "parent": -1,
            "children": [],
            "user id": "1782659927",
            "user name": "胡湖糊瑚蝴夏厦哈呼吧",
            "content": "第一张像poppy",
            "time": "15-11-12 11:23"
        },
        {
            "comment id": 59,
            "parent": -1,
            "children": [],
            "user id": "5591558741",
            "user name": "麻花小丸子啊撸",
            "content": "回复@月半子Mbao:我不是没有思量，你也不是不近人情，只是可能你得换个角度看这件事。我觉得最可笑的就是这件事很多人竟然会用对错来衡量，是孩子太自私了，还是父亲太自私了，是父亲没有承担责任，是父亲的错？是孩子不懂事不体谅父亲的苦，是孩子的错？都不是，你说这个苦难的家庭，谁更苦？",
            "time": "15-11-12 11:15"
        },
        {
            "comment id": 60,
            "parent": -1,
            "children": [],
            "user id": "3809592189",
            "user name": "GQ合一",
            "content": "人生实难……",
            "time": "15-11-12 11:14"
        },
        {
            "comment id": 61,
            "parent": -1,
            "children": [],
            "user id": "3558056494",
            "user name": "王子蒲",
            "content": "回复@宛靈靈靈:资中不是内江？",
            "time": "15-11-12 11:10"
        },
        {
            "comment id": 62,
            "parent": -1,
            "children": [],
            "user id": "1933375255",
            "user name": "花生爱太阳",
            "content": "回复@拉黑你就拉黑咯:换肾贵，肾源不好找，就算匹配了也可能排异突然死掉。",
            "time": "15-11-12 11:09"
        },
        {
            "comment id": 63,
            "parent": -1,
            "children": [],
            "user id": "2843792477",
            "user name": "嘤年找事",
            "content": "回复@王子蒲:那是资中",
            "time": "15-11-12 11:07"
        },
        {
            "comment id": 64,
            "parent": -1,
            "children": [],
            "user id": "3558056494",
            "user name": "王子蒲",
            "content": "回复@宛靈靈靈:你们内江的。。所以@ 你了",
            "time": "15-11-12 11:06"
        },
        {
            "comment id": 65,
            "parent": -1,
            "children": [],
            "user id": "2843792477",
            "user name": "嘤年找事",
            "content": "回复@王子蒲:what？",
            "time": "15-11-12 11:05"
        },
        {
            "comment id": 66,
            "parent": -1,
            "children": [],
            "user id": "3054588211",
            "user name": "By-gge",
            "content": "长得有点像演云中歌的许平君啊，眉眼真好看！！这才是纯天然美女",
            "time": "15-11-12 11:04"
        },
        {
            "comment id": 67,
            "parent": -1,
            "children": [],
            "user id": "3558056494",
            "user name": "王子蒲",
            "content": "@宛靈靈靈",
            "time": "15-11-12 11:01"
        },
        {
            "comment id": 68,
            "parent": -1,
            "children": [],
            "user id": "1957162762",
            "user name": "林九二零",
            "content": "回复@吴小姐不姓吴:看不出来……",
            "time": "15-11-12 11:01"
        },
        {
            "comment id": 69,
            "parent": -1,
            "children": [],
            "user id": "3169686627",
            "user name": "Mikixiao叶子",
            "content": "眼睛都留下来，这个世界真的很无情",
            "time": "15-11-12 10:59"
        },
        {
            "comment id": 70,
            "parent": -1,
            "children": [],
            "user id": "2610275125",
            "user name": "布衣戡乱",
            "content": "说到底还是经济困难，看病困难的问题。医保不给力，社会福利不健全",
            "time": "15-11-12 10:58"
        },
        {
            "comment id": 71,
            "parent": -1,
            "children": [],
            "user id": "5591558741",
            "user name": "麻花小丸子啊撸",
            "content": "回复@懵擦擦:也许我并没有那么多钱，但是捐个十块二十，我也会表一表我的心意，不用你操心了。希望你永远都不需要人们的帮助",
            "time": "15-11-12 10:57"
        },
        {
            "comment id": 72,
            "parent": -1,
            "children": [],
            "user id": "5591558741",
            "user name": "麻花小丸子啊撸",
            "content": "回复@月半子Mbao:拜托，我没有炮轰他的父亲好吗？但是你在说这个女孩心机什么的我才是不能不能理解的，着本来就是一个苦难而悲剧的家庭，女儿也苦，父亲也苦，你根本不能说出谁更苦。",
            "time": "15-11-12 10:55"
        },
        {
            "comment id": 73,
            "parent": -1,
            "children": [],
            "user id": "1774911375",
            "user name": "在花与花和你拥抱的草原",
            "content": "其实她爸爸也是无奈 不好说对错吧",
            "time": "15-11-12 10:54"
        },
        {
            "comment id": 74,
            "parent": -1,
            "children": [],
            "user id": "2474076244",
            "user name": "钱薇薇1997",
            "content": "这小女孩很自私她妈妈都快挂了，他爸爸有权再找",
            "time": "15-11-12 10:53"
        },
        {
            "comment id": 75,
            "parent": -1,
            "children": [],
            "user id": "5706776409",
            "user name": "千仔要上岸",
            "content": "给我一张照片，还一个Q版的你 ",
            "time": "15-11-12 10:53"
        },
        {
            "comment id": 76,
            "parent": -1,
            "children": [],
            "user id": "2978623063",
            "user name": "我男神叫邓伦YYY",
            "content": "美女一枚，有着一副明星脸",
            "time": "15-11-12 10:51"
        },
        {
            "comment id": 77,
            "parent": -1,
            "children": [],
            "user id": "2978623063",
            "user name": "我男神叫邓伦YYY",
            "content": "回复@友尽lyf:同感啊，一眼看下去就觉得像，",
            "time": "15-11-12 10:50"
        },
        {
            "comment id": 78,
            "parent": -1,
            "children": [],
            "user id": "3184315034",
            "user name": "寂寥冬鲲",
            "content": "只能说，既能理解一个孩子的心情，也能理解一个父亲，一个男人的无奈，哎……可怜的。",
            "time": "15-11-12 10:48"
        },
        {
            "comment id": 79,
            "parent": -1,
            "children": [],
            "user id": "2133599843",
            "user name": "兔兔吃多多长胖胖",
            "content": "唉 太心酸了 这么小的年纪就要承受这些",
            "time": "15-11-12 10:48"
        }
    ]
}