{
    "source": {
        "content": "小姑娘本来在生爸爸气，结果被鞋子发出的声音逗乐。。。。就这样自己high了起来。。微博视频 ",
        "time": "15-11-11 13:00",
        "user id": "1644395354",
        "tweet id": "D3lxAFbGd",
        "label": 0,
        "theme": "社会生活"
    },
    "comment": [
        {
            "comment id": 0,
            "parent": -1,
            "children": [],
            "user id": "1874757665",
            "user name": "-MY桃儿罐头-",
            "content": "@L_z_7",
            "time": "16-1-15 12:04"
        },
        {
            "comment id": 1,
            "parent": -1,
            "children": [],
            "user id": "3037959527",
            "user name": "Forsaken小黑爵",
            "content": "回复@裴梓萌:可以知道宝宝跑哪儿去了",
            "time": "15-12-18 01:08"
        },
        {
            "comment id": 2,
            "parent": -1,
            "children": [],
            "user id": "1869732681",
            "user name": "文猪猪-",
            "content": "@S-Top-Losing",
            "time": "15-12-12 23:23"
        },
        {
            "comment id": 3,
            "parent": -1,
            "children": [],
            "user id": "3803160199",
            "user name": "售楼小姐好好笑",
            "content": "@榴莲牛奶呼咩咩糖",
            "time": "15-12-5 17:56"
        },
        {
            "comment id": 4,
            "parent": -1,
            "children": [],
            "user id": "2725432597",
            "user name": "露梦赵",
            "content": "@一个人练习一个人ing",
            "time": "15-11-22 00:55"
        },
        {
            "comment id": 5,
            "parent": -1,
            "children": [],
            "user id": "2613276715",
            "user name": "SHEKMMANG",
            "content": "回复@郭辉郭佳都不好:超可爱！",
            "time": "15-11-20 02:19"
        },
        {
            "comment id": 6,
            "parent": -1,
            "children": [],
            "user id": "2667100471",
            "user name": "花卉苗木种植",
            "content": "好可爱",
            "time": "15-11-18 16:26"
        },
        {
            "comment id": 7,
            "parent": -1,
            "children": [],
            "user id": "1976803191",
            "user name": "_亚婷要回家_",
            "content": "@字母_霖",
            "time": "15-11-17 21:36"
        },
        {
            "comment id": 8,
            "parent": -1,
            "children": [],
            "user id": "3784747275",
            "user name": "我是熟鸡蛋快来吃我",
            "content": "回复@Lee-光洙是我家的长颈鹿:我回复咯宝贝😘😘",
            "time": "15-11-16 21:09"
        },
        {
            "comment id": 9,
            "parent": -1,
            "children": [],
            "user id": "2983260744",
            "user name": "Lee-光洙是我家的长颈鹿",
            "content": "回复@我是熟鸡蛋快来吃我:你没有回复我啊",
            "time": "15-11-16 21:08"
        },
        {
            "comment id": 10,
            "parent": -1,
            "children": [],
            "user id": "3784747275",
            "user name": "我是熟鸡蛋快来吃我",
            "content": "回复@Lee-光洙是我家的长颈鹿:这个我已经看了宝贝",
            "time": "15-11-16 21:06"
        },
        {
            "comment id": 11,
            "parent": -1,
            "children": [],
            "user id": "2694149702",
            "user name": "姑娘姑娘你别怕seven",
            "content": "小朋友的世界真善美～[玫瑰][玫瑰][玫瑰]",
            "time": "15-11-15 15:58"
        },
        {
            "comment id": 12,
            "parent": -1,
            "children": [],
            "user id": "2187175575",
            "user name": "信佴",
            "content": "@洪Glass",
            "time": "15-11-14 23:41"
        },
        {
            "comment id": 13,
            "parent": -1,
            "children": [],
            "user id": "1966020163",
            "user name": "追星喜剧人",
            "content": "回复@Yours-Highcold:太可爱了！！！鞋子的声音也好萌",
            "time": "15-11-14 22:40"
        },
        {
            "comment id": 14,
            "parent": -1,
            "children": [],
            "user id": "5181200743",
            "user name": "Yours-Highcold",
            "content": "@Bakker-liu",
            "time": "15-11-14 22:24"
        },
        {
            "comment id": 15,
            "parent": -1,
            "children": [],
            "user id": "3443399360",
            "user name": "翘翘_zt",
            "content": "@无名风雨心",
            "time": "15-11-14 20:54"
        },
        {
            "comment id": 16,
            "parent": -1,
            "children": [],
            "user id": "1790594253",
            "user name": "猫予十七",
            "content": "回复@夏木photo:我怎么不造你什么时候有个女儿了",
            "time": "15-11-14 15:35"
        },
        {
            "comment id": 17,
            "parent": -1,
            "children": [],
            "user id": "3151699214",
            "user name": "夏木photo",
            "content": "@_她和她的猫 你看我女儿萌不",
            "time": "15-11-14 15:30"
        },
        {
            "comment id": 18,
            "parent": -1,
            "children": [],
            "user id": "1292289451",
            "user name": "Chihong_Choi",
            "content": "回复@HHY的一些事一些情:笨咕啾",
            "time": "15-11-14 15:17"
        },
        {
            "comment id": 19,
            "parent": -1,
            "children": [],
            "user id": "3264430282",
            "user name": "-绿豆莢子",
            "content": "回复@Y陌小兮L:傻了吧唧的",
            "time": "15-11-14 14:50"
        },
        {
            "comment id": 20,
            "parent": -1,
            "children": [],
            "user id": "5689217078",
            "user name": "梦梦梦姜JM",
            "content": "@依心依意201405",
            "time": "15-11-14 13:48"
        },
        {
            "comment id": 21,
            "parent": -1,
            "children": [],
            "user id": "1885113993",
            "user name": "懵XiaoJie",
            "content": "小孩子心思纯净",
            "time": "15-11-14 13:07"
        },
        {
            "comment id": 22,
            "parent": -1,
            "children": [],
            "user id": "1847668827",
            "user name": "ouourunning",
            "content": "@吖橘-Death",
            "time": "15-11-14 10:01"
        },
        {
            "comment id": 23,
            "parent": -1,
            "children": [],
            "user id": "1761264430",
            "user name": "hawanha",
            "content": "@爆胎之王_劭同 粑粑 小女孩好可爱 给我一个小女孩吧",
            "time": "15-11-14 08:17"
        },
        {
            "comment id": 24,
            "parent": -1,
            "children": [],
            "user id": "1777209893",
            "user name": "酒酿粒子",
            "content": "@改什么名莉莉都说不好听",
            "time": "15-11-14 00:47"
        },
        {
            "comment id": 25,
            "parent": -1,
            "children": [],
            "user id": "2787766725",
            "user name": "黄大宝和黄小宝",
            "content": "回复@GaNkAm:丢，嗨可爱",
            "time": "15-11-14 00:34"
        },
        {
            "comment id": 26,
            "parent": -1,
            "children": [],
            "user id": "3394336424",
            "user name": "一只王小咪",
            "content": "回复@體難辨:不行，我怕她太闪亮，惹来杀身之祸",
            "time": "15-11-13 22:44"
        },
        {
            "comment id": 27,
            "parent": -1,
            "children": [],
            "user id": "5040872920",
            "user name": "配管工程师",
            "content": "回复@夏鱼冰firefullll:到时候我要给她买一双会发光的鞋，和一双会叫的鞋，走起来biangbiang的，还会亮。拉风[转发]",
            "time": "15-11-13 22:05"
        },
        {
            "comment id": 28,
            "parent": -1,
            "children": [],
            "user id": "3394336424",
            "user name": "一只王小咪",
            "content": "回复@體難辨:嘿嘿，请叫她伊姐",
            "time": "15-11-13 21:54"
        },
        {
            "comment id": 29,
            "parent": -1,
            "children": [],
            "user id": "2100692845",
            "user name": "MandyYuannnn",
            "content": "@莎莎Jenay 超阔爱！！！@红红尘花烛",
            "time": "15-11-13 21:21"
        },
        {
            "comment id": 30,
            "parent": -1,
            "children": [],
            "user id": "2236655691",
            "user name": "yu人快乐",
            "content": "@舒李逸凡",
            "time": "15-11-13 18:44"
        },
        {
            "comment id": 31,
            "parent": -1,
            "children": [],
            "user id": "2517682654",
            "user name": "葛大宝天天见",
            "content": "回复@想叫的都有人注册了:哈哈哈 跟我一样特好哄",
            "time": "15-11-13 18:31"
        },
        {
            "comment id": 32,
            "parent": -1,
            "children": [],
            "user id": "5040872920",
            "user name": "配管工程师",
            "content": "@夏鱼冰firefullll 好像看到了雪碧，想亲",
            "time": "15-11-13 17:30"
        },
        {
            "comment id": 33,
            "parent": -1,
            "children": [],
            "user id": "2570212071",
            "user name": "Caibeixin",
            "content": "@是你的zhangfeifang 萌",
            "time": "15-11-13 13:06"
        },
        {
            "comment id": 34,
            "parent": -1,
            "children": [],
            "user id": "1745696547",
            "user name": "彭茜茜儿",
            "content": "回复@Duzzy爱洗澡:我没那么好哄",
            "time": "15-11-13 08:04"
        },
        {
            "comment id": 35,
            "parent": -1,
            "children": [],
            "user id": "1761453550",
            "user name": "雅_Winnie",
            "content": "@jamkwan 好可愛",
            "time": "15-11-13 07:45"
        },
        {
            "comment id": 36,
            "parent": -1,
            "children": [],
            "user id": "1764879072",
            "user name": "布莱克_CLF",
            "content": "回复@秋小二--Sarah殷:买买买",
            "time": "15-11-13 00:35"
        },
        {
            "comment id": 37,
            "parent": -1,
            "children": [],
            "user id": "1181465621",
            "user name": "_xhjy",
            "content": "棒子国的娃好蠢",
            "time": "15-11-13 00:22"
        },
        {
            "comment id": 38,
            "parent": -1,
            "children": [],
            "user id": "2745567134",
            "user name": "XoloveffanyYoung",
            "content": "回复@尤花兒夫-:好可爱",
            "time": "15-11-12 23:32"
        },
        {
            "comment id": 39,
            "parent": -1,
            "children": [],
            "user id": "1841865131",
            "user name": "小-榕-树",
            "content": "@MQ-西fan-MZ",
            "time": "15-11-12 22:39"
        },
        {
            "comment id": 40,
            "parent": -1,
            "children": [],
            "user id": "2293782280",
            "user name": "小马学会勇敢",
            "content": "@安然启动真学霸模式",
            "time": "15-11-12 22:37"
        },
        {
            "comment id": 41,
            "parent": -1,
            "children": [],
            "user id": "1731589075",
            "user name": "Duzzy者耳",
            "content": "@彭茜茜儿",
            "time": "15-11-12 21:47"
        },
        {
            "comment id": 42,
            "parent": -1,
            "children": [],
            "user id": "2172895742",
            "user name": "想叫的都有人注册了",
            "content": "@葛小作作作作加油",
            "time": "15-11-12 21:42"
        },
        {
            "comment id": 43,
            "parent": -1,
            "children": [],
            "user id": "2256384822",
            "user name": "噢vv_",
            "content": "回复@藤子kado:哈哈看过啦 超可爱",
            "time": "15-11-12 21:16"
        },
        {
            "comment id": 44,
            "parent": -1,
            "children": [],
            "user id": "1763658500",
            "user name": "藤子kado",
            "content": "@草莓大脑鲨鱼心_",
            "time": "15-11-12 21:15"
        },
        {
            "comment id": 45,
            "parent": -1,
            "children": [],
            "user id": "1799415774",
            "user name": "HTT豆浆汁",
            "content": "回复@好吧_华青:噗哈哈，好可耐！哼～",
            "time": "15-11-12 21:03"
        },
        {
            "comment id": 46,
            "parent": -1,
            "children": [],
            "user id": "3806811287",
            "user name": "Holiday-Hu",
            "content": "回复@space768:好有爱",
            "time": "15-11-12 20:55"
        },
        {
            "comment id": 47,
            "parent": -1,
            "children": [],
            "user id": "1699991852",
            "user name": "秋小二--Sarah殷",
            "content": "@布莱克_CLF 土土给土特产买～",
            "time": "15-11-12 20:30"
        },
        {
            "comment id": 48,
            "parent": -1,
            "children": [],
            "user id": "5197565824",
            "user name": "發財張修三轮",
            "content": "@月亮饽饽",
            "time": "15-11-12 17:51"
        },
        {
            "comment id": 49,
            "parent": -1,
            "children": [],
            "user id": "2014760277",
            "user name": "Max低调的左后座",
            "content": "回复@-花姑凉:没有这个码数",
            "time": "15-11-12 17:30"
        },
        {
            "comment id": 50,
            "parent": -1,
            "children": [],
            "user id": "1778500873",
            "user name": "慧依慧慧",
            "content": "回复@Janiell-L:haha唉呀呀呀好可爱呀",
            "time": "15-11-12 17:26"
        },
        {
            "comment id": 51,
            "parent": -1,
            "children": [],
            "user id": "2019727584",
            "user name": "小咸渔的梦想",
            "content": "回复@咸渔的梦想:生个小情人我怎么办😂😂",
            "time": "15-11-12 16:16"
        },
        {
            "comment id": 52,
            "parent": -1,
            "children": [],
            "user id": "2887522813",
            "user name": "奶茶君xi",
            "content": "回复@Max低调的左后座:我也要给你买这个鞋子",
            "time": "15-11-12 15:29"
        },
        {
            "comment id": 53,
            "parent": -1,
            "children": [],
            "user id": "1778035021",
            "user name": "佳_jia佳",
            "content": "@_会痛的石石石石头",
            "time": "15-11-12 15:00"
        },
        {
            "comment id": 54,
            "parent": -1,
            "children": [],
            "user id": "3914356967",
            "user name": "威威ya_",
            "content": "回复@MaxineZzq_:买买买。",
            "time": "15-11-12 13:40"
        },
        {
            "comment id": 55,
            "parent": -1,
            "children": [],
            "user id": "3018124971",
            "user name": "丸子樱桃酱xy",
            "content": "回复@林振茂:被自己的鞋子萌到",
            "time": "15-11-12 13:12"
        },
        {
            "comment id": 56,
            "parent": -1,
            "children": [],
            "user id": "1778674102",
            "user name": "ruyuanlee",
            "content": "回复@喔-杨Milk大人:哈哈哈你快生一个",
            "time": "15-11-12 13:11"
        },
        {
            "comment id": 57,
            "parent": -1,
            "children": [],
            "user id": "2014760277",
            "user name": "Max低调的左后座",
            "content": "回复@-花姑凉:哈哈，跟你一样蠢萌蠢萌的",
            "time": "15-11-12 12:56"
        },
        {
            "comment id": 58,
            "parent": -1,
            "children": [],
            "user id": "1906147831",
            "user name": "DORI-SOU",
            "content": "回复@-唐泽-:是啊 这个经历跟我小时候一模一样… 你自行脑补一下…",
            "time": "15-11-12 12:34"
        },
        {
            "comment id": 59,
            "parent": -1,
            "children": [],
            "user id": "2771833281",
            "user name": "林振茂",
            "content": "回复@祥滢大爺:买一双给媳妇穿",
            "time": "15-11-12 12:23"
        },
        {
            "comment id": 60,
            "parent": -1,
            "children": [],
            "user id": "3146159622",
            "user name": "阿琼ww",
            "content": "@郭思杰155",
            "time": "15-11-12 12:21"
        },
        {
            "comment id": 61,
            "parent": -1,
            "children": [],
            "user id": "2887522813",
            "user name": "奶茶君xi",
            "content": "@Max低调的左后座",
            "time": "15-11-12 12:10"
        },
        {
            "comment id": 62,
            "parent": -1,
            "children": [],
            "user id": "1758146311",
            "user name": "段雨丶",
            "content": "@懒猫猫猫猫m 老婆看～",
            "time": "15-11-12 12:09"
        },
        {
            "comment id": 63,
            "parent": -1,
            "children": [],
            "user id": "5176585179",
            "user name": "swg今年怎么样",
            "content": "好可爱好好学习",
            "time": "15-11-12 12:08"
        },
        {
            "comment id": 64,
            "parent": -1,
            "children": [],
            "user id": "2864731550",
            "user name": "Chris-P---",
            "content": "@向着阳光野蛮的生长",
            "time": "15-11-12 12:05"
        },
        {
            "comment id": 65,
            "parent": -1,
            "children": [],
            "user id": "1136983501",
            "user name": "柴屿贝酱",
            "content": "回复@爱德亮:哼",
            "time": "15-11-12 12:01"
        },
        {
            "comment id": 66,
            "parent": -1,
            "children": [],
            "user id": "1628014330",
            "user name": "小-V-呀",
            "content": "@五花肉先生o_O @TING_86530",
            "time": "15-11-12 11:56"
        },
        {
            "comment id": 67,
            "parent": -1,
            "children": [],
            "user id": "2891641400",
            "user name": "庄毓晓",
            "content": "回复@小美蓉呀:少女心",
            "time": "15-11-12 11:55"
        },
        {
            "comment id": 68,
            "parent": -1,
            "children": [],
            "user id": "1723463063",
            "user name": "洁JJjj",
            "content": "@imsososo 好得意",
            "time": "15-11-12 11:54"
        },
        {
            "comment id": 69,
            "parent": -1,
            "children": [],
            "user id": "1861960422",
            "user name": "葉慧文",
            "content": "@H-KR",
            "time": "15-11-12 11:52"
        },
        {
            "comment id": 70,
            "parent": -1,
            "children": [],
            "user id": "2871622721",
            "user name": "kiki1234577",
            "content": "@庄毓晓",
            "time": "15-11-12 11:49"
        },
        {
            "comment id": 71,
            "parent": -1,
            "children": [],
            "user id": "2031231950",
            "user name": "安安长发了",
            "content": "回复@Thend_C:又不是買給你",
            "time": "15-11-12 11:45"
        },
        {
            "comment id": 72,
            "parent": -1,
            "children": [],
            "user id": "2695540991",
            "user name": "雪人没有红鼻子",
            "content": "小孩子的世界就是这么简单，生气了就生气，开心了就笑。",
            "time": "15-11-12 11:40"
        },
        {
            "comment id": 73,
            "parent": -1,
            "children": [],
            "user id": "1765285934",
            "user name": "成都MOCO南希",
            "content": "小孩子的心思很单纯",
            "time": "15-11-12 11:38"
        },
        {
            "comment id": 74,
            "parent": -1,
            "children": [],
            "user id": "1737067791",
            "user name": "tuanzi1216",
            "content": "好可爱 @茉夏_Kasumi 简单的世界多好",
            "time": "15-11-12 11:30"
        },
        {
            "comment id": 75,
            "parent": -1,
            "children": [],
            "user id": "1667595534",
            "user name": "Nice蹦蹦跳",
            "content": "好可爱的小姑娘",
            "time": "15-11-12 11:25"
        },
        {
            "comment id": 76,
            "parent": -1,
            "children": [],
            "user id": "2679681385",
            "user name": "hey雾里看花",
            "content": "@赵赵赵赵赵亨",
            "time": "15-11-12 11:17"
        },
        {
            "comment id": 77,
            "parent": -1,
            "children": [],
            "user id": "5632616797",
            "user name": "豆豆的小丸子",
            "content": "生气都那么可爱@森笀 @小了个立",
            "time": "15-11-12 11:13"
        },
        {
            "comment id": 78,
            "parent": -1,
            "children": [],
            "user id": "2956529143",
            "user name": "现在要Fighting的小贤",
            "content": "回复@李艺能_:好可爱的女生，和鞋子，快给我一双",
            "time": "15-11-12 11:10"
        },
        {
            "comment id": 79,
            "parent": -1,
            "children": [],
            "user id": "1697546515",
            "user name": "谁言不失噫",
            "content": "@-小羞羞羞羞羞麻麻 一双好鞋子的重要性",
            "time": "15-11-12 11:02"
        }
    ]
}