{
    "source": {
        "content": " #随手转发，宝贝回家#【紧急寻人：云南2岁女孩失踪已3天】申娇，女，2岁半，高约80cm，8日14点10分左右，在昆明小板桥如意宾馆门前失踪。当时穿一套粉红色衣服、拖鞋，右手饰物有“申娇”字样。已报警，如有线索，请联系小板桥派出所0871—67361695。随手转发，让爱回家，扩散！@宝贝回家-中原  ",
        "time": "15-11-11 14:32",
        "user id": "2286908003",
        "tweet id": "D3m9i2KK3",
        "label": 0,
        "theme": "社会生活"
    },
    "comment": [
        {
            "comment id": 0,
            "parent": -1,
            "children": [],
            "user id": "1517352832",
            "user name": "磁条君",
            "content": "紧急扩散!",
            "time": "15-11-12 10:23"
        },
        {
            "comment id": 1,
            "parent": -1,
            "children": [],
            "user id": "3298300885",
            "user name": "阿笙275",
            "content": "愿圆",
            "time": "15-11-12 07:07"
        },
        {
            "comment id": 2,
            "parent": -1,
            "children": [],
            "user id": "1498678567",
            "user name": "飞飞1025",
            "content": "为什么不判处人犯死刑？巨大的利益在作祟？这就是纵容贩卖人口犯罪",
            "time": "15-11-11 21:42"
        },
        {
            "comment id": 3,
            "parent": -1,
            "children": [],
            "user id": "5600475875",
            "user name": "霸道妞儿就是拽",
            "content": "云南拐卖儿童妇女的超多",
            "time": "15-11-11 20:08"
        },
        {
            "comment id": 4,
            "parent": -1,
            "children": [],
            "user id": "1719674364",
            "user name": "林家大铺",
            "content": "",
            "time": "15-11-11 18:02"
        },
        {
            "comment id": 5,
            "parent": -1,
            "children": [],
            "user id": "3949745178",
            "user name": "大美女MNBVCXZ",
            "content": "转发微博",
            "time": "15-11-11 17:23"
        },
        {
            "comment id": 6,
            "parent": -1,
            "children": [],
            "user id": "3554657003",
            "user name": "萧然太瘦生",
            "content": "转发微博",
            "time": "15-11-11 17:21"
        },
        {
            "comment id": 7,
            "parent": -1,
            "children": [],
            "user id": "3146937794",
            "user name": "言彻别",
            "content": "回复@欧阳恋天:云南昆明的区号就是0871啊！",
            "time": "15-11-11 17:08"
        },
        {
            "comment id": 8,
            "parent": -1,
            "children": [],
            "user id": "5498810543",
            "user name": "也许风雅",
            "content": "带孩子一定不能离开自己的视线，宝宝早点回家",
            "time": "15-11-11 16:28"
        },
        {
            "comment id": 9,
            "parent": -1,
            "children": [],
            "user id": "1262525772",
            "user name": "宏彦获水",
            "content": "转发微博",
            "time": "15-11-11 15:11"
        },
        {
            "comment id": 10,
            "parent": -1,
            "children": [],
            "user id": "1560913854",
            "user name": "小邢小窝",
            "content": "",
            "time": "15-11-11 15:06"
        },
        {
            "comment id": 11,
            "parent": -1,
            "children": [],
            "user id": "2290902100",
            "user name": "小蜜蜂-陈妍hy",
            "content": "家长生了孩子，特别在他们年少不更事的时候，一定要寸步不离啊，好人多，但是坏人也不少啊！怎么总有丢孩子的，还不长记性呢",
            "time": "15-11-11 15:06"
        },
        {
            "comment id": 12,
            "parent": -1,
            "children": [],
            "user id": "2773407423",
            "user name": "最讨厌起昵称这玩意儿",
            "content": "转发微博",
            "time": "15-11-11 14:52"
        },
        {
            "comment id": 13,
            "parent": -1,
            "children": [],
            "user id": "3214260765",
            "user name": "江红",
            "content": " 转发，让爱回家，扩散！",
            "time": "15-11-11 14:49"
        },
        {
            "comment id": 14,
            "parent": -1,
            "children": [],
            "user id": "3612819835",
            "user name": "无限KN",
            "content": "转发微博",
            "time": "15-11-11 14:47"
        },
        {
            "comment id": 15,
            "parent": -1,
            "children": [],
            "user id": "1855053253",
            "user name": "尘土飞翔的日子",
            "content": "这是什么父母小孩都看不好，现在急有什么用，父母在干嘛，生了小孩是你的责任看护，爱护，这对父母活该，，，，",
            "time": "15-11-11 14:46"
        },
        {
            "comment id": 16,
            "parent": -1,
            "children": [],
            "user id": "5066036412",
            "user name": "cds6662",
            "content": "冬日暖阳，温柔爱的诗篇，虽不见长天秋云，已尝尽秋去心念…相逢于天地繁华，风情优雅，相思于日落天涯，蒹葭苍苍。需要一分表白，彰显生命真诚，需要懵懂年少，梦想四季芬芳…生命的赞歌，如飞鸿贯日，日月的芳华，乃是四季的流觞;相约红尘，我心犹在，志高弥坚，隐约情深…一片秋红叶，藏尽凛冬魂…",
            "time": "15-11-11 14:44"
        },
        {
            "comment id": 17,
            "parent": -1,
            "children": [],
            "user id": "2673023401",
            "user name": "祁门团委",
            "content": "",
            "time": "15-11-11 14:43"
        },
        {
            "comment id": 18,
            "parent": -1,
            "children": [],
            "user id": "1423622021",
            "user name": "蓝莓朵朵123",
            "content": "@王于京 今天傍晚，有人捡到了两个小女孩，并送到了石家庄西清警务站，民警随后给我们打来电话，两个孩子大点的4岁左右，小点的2岁左右，孩子自己描述不清情况。联系电话0311-86862222",
            "time": "15-11-11 14:38"
        },
        {
            "comment id": 19,
            "parent": -1,
            "children": [],
            "user id": "1931345653",
            "user name": "張麗蕓",
            "content": "@人民网 @中国新闻网 随手转发，让爱回家，保佑孩子早日找到，平安到家🙏🙏🙏",
            "time": "15-11-11 14:36"
        },
        {
            "comment id": 20,
            "parent": -1,
            "children": [],
            "user id": "1497368471",
            "user name": "魏征从唐朝走来",
            "content": "转发微博",
            "time": "15-11-11 14:36"
        },
        {
            "comment id": 21,
            "parent": -1,
            "children": [],
            "user id": "1423622021",
            "user name": "蓝莓朵朵123",
            "content": "回复@欧阳恋天:是0871，没错的。",
            "time": "15-11-11 14:35"
        },
        {
            "comment id": 22,
            "parent": -1,
            "children": [],
            "user id": "3196679357",
            "user name": "学徒杜汶骏",
            "content": "#帮宝贝回家#",
            "time": "15-11-11 14:35"
        },
        {
            "comment id": 23,
            "parent": -1,
            "children": [],
            "user id": "2838757424",
            "user name": "賈蘇韬",
            "content": "宝贝平安回家[爱心传递]",
            "time": "15-11-11 14:35"
        },
        {
            "comment id": 24,
            "parent": -1,
            "children": [],
            "user id": "3839170743",
            "user name": "中国娃娃思密达",
            "content": "转发微博",
            "time": "15-11-11 14:34"
        },
        {
            "comment id": 25,
            "parent": -1,
            "children": [],
            "user id": "5533302247",
            "user name": "花屿川",
            "content": "你确定是0871而不是0817？",
            "time": "15-11-11 14:34"
        }
    ]
}