{
    "source": {
        "content": "生活需要一种平常心，守候内心的平静，活出生活的谅解，相信那些烦恼不过是过眼云烟，心地的清凉才是生命的真相。五幅《兰花》。#融媒体山东行#（14日晚九点 在转发中抽取五位中奖网友） ",
        "time": "15-11-14 09:09",
        "user id": "1337970873",
        "tweet id": "D3MjjsmP9",
        "label": 0,
        "theme": "文体娱乐"
    },
    "comment": [
        {
            "comment id": 0,
            "parent": -1,
            "children": [],
            "user id": "3784653781",
            "user name": "莹润发光",
            "content": "好喜欢啊",
            "time": "15-11-15 09:21"
        },
        {
            "comment id": 1,
            "parent": -1,
            "children": [],
            "user id": "2242798827",
            "user name": "六三姐姐",
            "content": "法师 我的名字玉兰，很喜欢你的字画。马上要生日了，送我一副好吗?",
            "time": "15-11-15 07:15"
        },
        {
            "comment id": 2,
            "parent": -1,
            "children": [],
            "user id": "5024250768",
            "user name": "高丨寒",
            "content": "大师，能不能告诉我怎么才会有你那么多的粉",
            "time": "15-11-15 00:37"
        },
        {
            "comment id": 3,
            "parent": -1,
            "children": [],
            "user id": "1367451730",
            "user name": "石头老张jscz",
            "content": "一直支持！",
            "time": "15-11-14 23:14"
        },
        {
            "comment id": 4,
            "parent": -1,
            "children": [],
            "user id": "1841387407",
            "user name": "青莲花笑容",
            "content": "重要的事情一定要转三遍～,希望和法师结缘",
            "time": "15-11-14 21:58"
        },
        {
            "comment id": 5,
            "parent": -1,
            "children": [],
            "user id": "1841387407",
            "user name": "青莲花笑容",
            "content": "让我中奖吧",
            "time": "15-11-14 21:57"
        },
        {
            "comment id": 6,
            "parent": -1,
            "children": [],
            "user id": "1841387407",
            "user name": "青莲花笑容",
            "content": "🙏🙏🙏",
            "time": "15-11-14 21:57"
        },
        {
            "comment id": 7,
            "parent": -1,
            "children": [],
            "user id": "1718363780",
            "user name": "GoneDiary",
            "content": "求法师画",
            "time": "15-11-14 21:51"
        },
        {
            "comment id": 8,
            "parent": -1,
            "children": [],
            "user id": "3236690600",
            "user name": "接佛缘",
            "content": "看见法师兰画  心起贪念  知道错了在此忏悔！",
            "time": "15-11-14 21:18"
        },
        {
            "comment id": 9,
            "parent": -1,
            "children": [],
            "user id": "2427448724",
            "user name": "王先胜",
            "content": "阿弥陀佛",
            "time": "15-11-14 21:15"
        },
        {
            "comment id": 10,
            "parent": -1,
            "children": [],
            "user id": "2091993037",
            "user name": "俽小俽",
            "content": "师父 以后多有些这样的活动哦。",
            "time": "15-11-14 20:59"
        },
        {
            "comment id": 11,
            "parent": -1,
            "children": [],
            "user id": "2825490420",
            "user name": "山水相依HW",
            "content": "转发微博",
            "time": "15-11-14 20:56"
        },
        {
            "comment id": 12,
            "parent": -1,
            "children": [],
            "user id": "2637313707",
            "user name": "博主一冰",
            "content": "转发微博",
            "time": "15-11-14 20:53"
        },
        {
            "comment id": 13,
            "parent": -1,
            "children": [],
            "user id": "3018506865",
            "user name": "馥毓蔷薇",
            "content": "🙏",
            "time": "15-11-14 20:52"
        },
        {
            "comment id": 14,
            "parent": -1,
            "children": [],
            "user id": "1541844952",
            "user name": "壹度昇温",
            "content": "",
            "time": "15-11-14 20:48"
        },
        {
            "comment id": 15,
            "parent": -1,
            "children": [],
            "user id": "2420188521",
            "user name": "GG睿思",
            "content": "大师，重要的事情说三遍，我要我要我要，给我给我给我",
            "time": "15-11-14 20:40"
        },
        {
            "comment id": 16,
            "parent": -1,
            "children": [],
            "user id": "5489568538",
            "user name": "有情怀的死变态文艺青年",
            "content": "与佛结缘，缘分已到。@MI亚MI亚  @茶好慢慢泡 @CD-Team ",
            "time": "15-11-14 20:27"
        },
        {
            "comment id": 17,
            "parent": -1,
            "children": [],
            "user id": "5489568538",
            "user name": "有情怀的死变态文艺青年",
            "content": "与佛结缘，缘分已到。@MI亚MI亚  @茶好慢慢泡 @CD-Team ",
            "time": "15-11-14 20:26"
        },
        {
            "comment id": 18,
            "parent": -1,
            "children": [],
            "user id": "5489568538",
            "user name": "有情怀的死变态文艺青年",
            "content": "与佛结缘，缘分已到。@MI亚MI亚  @茶好慢慢泡 @CD-Team ",
            "time": "15-11-14 20:25"
        },
        {
            "comment id": 19,
            "parent": -1,
            "children": [],
            "user id": "3202664895",
            "user name": "雲菲爸爸",
            "content": "转发微博",
            "time": "15-11-14 20:20"
        },
        {
            "comment id": 20,
            "parent": -1,
            "children": [],
            "user id": "5224644329",
            "user name": "芯芯壹吻",
            "content": "生活需要一种平常心，守候内心的平静，活出生活的谅解，相信那些烦恼不过是过眼云烟，心地的清凉才是生命的真相。@用我痴心换你情深 @奇奇怪怪的MI @CD-Team ",
            "time": "15-11-14 20:14"
        },
        {
            "comment id": 21,
            "parent": -1,
            "children": [],
            "user id": "5224644329",
            "user name": "芯芯壹吻",
            "content": "生活需要一种平常心，守候内心的平静，活出生活的谅解，相信那些烦恼不过是过眼云烟，心地的清凉才是生命的真相。@用我痴心换你情深 @奇奇怪怪的MI @CD-Team ",
            "time": "15-11-14 20:04"
        },
        {
            "comment id": 22,
            "parent": -1,
            "children": [],
            "user id": "1758246555",
            "user name": "愿好人一生幸福平安",
            "content": "求人品[xkl转圈][xkl转圈]啦",
            "time": "15-11-14 19:56"
        },
        {
            "comment id": 23,
            "parent": -1,
            "children": [],
            "user id": "1827193630",
            "user name": "惜缘4058",
            "content": "渴望大和尚的兰花",
            "time": "15-11-14 19:53"
        },
        {
            "comment id": 24,
            "parent": -1,
            "children": [],
            "user id": "1827193630",
            "user name": "惜缘4058",
            "content": "必须是九点转发的吗？",
            "time": "15-11-14 19:52"
        },
        {
            "comment id": 25,
            "parent": -1,
            "children": [],
            "user id": "5494340042",
            "user name": "伊拉塔基丽叁格格",
            "content": "行走在古城大理的街道上，用镜头记录，这座城的古朴和现代，大理永远是那样的宁静，像星空那样的深邃而悠远旅行途中，继续给力支持啦@布拉格琪琪@可爱多多拉多多@PP小肥鱼 ¡查看图片",
            "time": "15-11-14 19:46"
        },
        {
            "comment id": 26,
            "parent": -1,
            "children": [],
            "user id": "1909927985",
            "user name": "行者洪旗",
            "content": "一切都来得及。",
            "time": "15-11-14 19:41"
        },
        {
            "comment id": 27,
            "parent": -1,
            "children": [],
            "user id": "1966292492",
            "user name": "恒和法师",
            "content": "转发微博",
            "time": "15-11-14 19:31"
        },
        {
            "comment id": 28,
            "parent": -1,
            "children": [],
            "user id": "2262766300",
            "user name": "上白石锦头阳球王",
            "content": "希望能够结缘",
            "time": "15-11-14 19:16"
        },
        {
            "comment id": 29,
            "parent": -1,
            "children": [],
            "user id": "2514952344",
            "user name": "小天使-哒哒哒",
            "content": "@延参法师 看过来",
            "time": "15-11-14 19:09"
        },
        {
            "comment id": 30,
            "parent": -1,
            "children": [],
            "user id": "5224644329",
            "user name": "芯芯壹吻",
            "content": "生活需要一种平常心，守候内心的平静，活出生活的谅解，相信那些烦恼不过是过眼云烟，心地的清凉才是生命的真相。@用我痴心换你情深 @奇奇怪怪的MI @CD-Team ",
            "time": "15-11-14 19:04"
        },
        {
            "comment id": 31,
            "parent": -1,
            "children": [],
            "user id": "3920786296",
            "user name": "雨中莲蕊",
            "content": "活出生活的谅解，相信那些烦恼不过是过眼云烟。转发是否代表我有雅量了。我比大师有雅量哦，其实大师比我有雅量。",
            "time": "15-11-14 18:37"
        },
        {
            "comment id": 32,
            "parent": -1,
            "children": [],
            "user id": "1853094307",
            "user name": "盗号混蛋003",
            "content": "转",
            "time": "15-11-14 18:01"
        },
        {
            "comment id": 33,
            "parent": -1,
            "children": [],
            "user id": "5224644329",
            "user name": "芯芯壹吻",
            "content": "生活需要一种平常心，守候内心的平静，活出生活的谅解，相信那些烦恼不过是过眼云烟，心地的清凉才是生命的真相。@用我痴心换你情深 @奇奇怪怪的MI @CD-Team ",
            "time": "15-11-14 18:00"
        },
        {
            "comment id": 34,
            "parent": -1,
            "children": [],
            "user id": "5489568538",
            "user name": "有情怀的死变态文艺青年",
            "content": "与佛结缘，缘分已到。@MI亚MI亚  @茶好慢慢泡 @CD-Team ",
            "time": "15-11-14 17:53"
        },
        {
            "comment id": 35,
            "parent": -1,
            "children": [],
            "user id": "5489568538",
            "user name": "有情怀的死变态文艺青年",
            "content": "与佛结缘，缘分已到。@MI亚MI亚  @茶好慢慢泡 @CD-Team ",
            "time": "15-11-14 17:52"
        },
        {
            "comment id": 36,
            "parent": -1,
            "children": [],
            "user id": "5489568538",
            "user name": "有情怀的死变态文艺青年",
            "content": "与佛结缘，缘分已到。@MI亚MI亚  @茶好慢慢泡 @CD-Team ",
            "time": "15-11-14 17:49"
        },
        {
            "comment id": 37,
            "parent": -1,
            "children": [],
            "user id": "3214854873",
            "user name": "Chen木示_",
            "content": "是什么偷走了中国人的快乐：第一、缺乏信仰。第二、总是和别人比较。第三、对美好的事物不感动。第四、不懂得施舍。第五、不知足。第六、焦虑。第七、压力大、标准高。第八、不敢坚持做自己。第九、得失心强，患得患失。",
            "time": "15-11-14 17:49"
        },
        {
            "comment id": 38,
            "parent": -1,
            "children": [],
            "user id": "2391629032",
            "user name": "洋牛小窝",
            "content": "好好生活",
            "time": "15-11-14 17:28"
        },
        {
            "comment id": 39,
            "parent": -1,
            "children": [],
            "user id": "3198104657",
            "user name": "铁打的少年不锈钢丶",
            "content": "我就是来支持支持",
            "time": "15-11-14 16:43"
        },
        {
            "comment id": 40,
            "parent": -1,
            "children": [],
            "user id": "2023907311",
            "user name": "恒珍",
            "content": "转发微博",
            "time": "15-11-14 16:42"
        },
        {
            "comment id": 41,
            "parent": -1,
            "children": [],
            "user id": "1071144344",
            "user name": "俺是河南开封人",
            "content": "阿弥陀佛",
            "time": "15-11-14 16:38"
        },
        {
            "comment id": 42,
            "parent": -1,
            "children": [],
            "user id": "2358745734",
            "user name": "山桑缘",
            "content": "万事皆缘，随遇而安。阿弥陀佛。",
            "time": "15-11-14 16:22"
        },
        {
            "comment id": 43,
            "parent": -1,
            "children": [],
            "user id": "1086092161",
            "user name": "水道看雾",
            "content": "平常心不易",
            "time": "15-11-14 16:14"
        },
        {
            "comment id": 44,
            "parent": -1,
            "children": [],
            "user id": "3253928942",
            "user name": "沐羽Linus",
            "content": "随缘",
            "time": "15-11-14 16:09"
        },
        {
            "comment id": 45,
            "parent": -1,
            "children": [],
            "user id": "3170468173",
            "user name": "渔友小茶馆",
            "content": "🙏🙏🙏",
            "time": "15-11-14 16:05"
        },
        {
            "comment id": 46,
            "parent": -1,
            "children": [],
            "user id": "1736528821",
            "user name": "18亿纳米",
            "content": "看这里。",
            "time": "15-11-14 16:04"
        },
        {
            "comment id": 47,
            "parent": -1,
            "children": [],
            "user id": "1354349950",
            "user name": "崔不苦",
            "content": "清幽淡雅",
            "time": "15-11-14 15:44"
        },
        {
            "comment id": 48,
            "parent": -1,
            "children": [],
            "user id": "1966292492",
            "user name": "恒和法师",
            "content": "心地的清凉才是生命的真相",
            "time": "15-11-14 15:36"
        },
        {
            "comment id": 49,
            "parent": -1,
            "children": [],
            "user id": "2230140634",
            "user name": "菜加鱼yy",
            "content": "生活需要一种平常心，守候内心的平静，活出生活的谅解，相信那些烦恼不过是过眼云烟，心地的清凉才是生命的真相。@CD-Team @奇奇怪怪的MI @用我痴心换你情深",
            "time": "15-11-14 15:35"
        },
        {
            "comment id": 50,
            "parent": -1,
            "children": [],
            "user id": "5665915732",
            "user name": "朱清杰-Jason",
            "content": "感恩所有",
            "time": "15-11-14 15:33"
        },
        {
            "comment id": 51,
            "parent": -1,
            "children": [],
            "user id": "2230140634",
            "user name": "菜加鱼yy",
            "content": "生活需要一种平常心，守候内心的平静，活出生活的谅解，相信那些烦恼不过是过眼云烟，心地的清凉才是生命的真相。五幅《兰花》@CD-Team @奇奇怪怪的MI @用我痴心换你情深",
            "time": "15-11-14 15:32"
        },
        {
            "comment id": 52,
            "parent": -1,
            "children": [],
            "user id": "1261207805",
            "user name": "伊水瘦玉",
            "content": "希望能得到大师画的这么美的兰花🙏",
            "time": "15-11-14 15:09"
        },
        {
            "comment id": 53,
            "parent": -1,
            "children": [],
            "user id": "1095127611",
            "user name": "阿姨爱学习",
            "content": "大师，我为巴黎遇难者祈福🙏🙏🙏",
            "time": "15-11-14 14:59"
        },
        {
            "comment id": 54,
            "parent": -1,
            "children": [],
            "user id": "1985067871",
            "user name": "恒成法师",
            "content": "转发微博",
            "time": "15-11-14 14:53"
        },
        {
            "comment id": 55,
            "parent": -1,
            "children": [],
            "user id": "2002870135",
            "user name": "茶好慢慢泡",
            "content": "生活需要一种平常心，守候内心的平静，活出生活的谅解，相信那些烦恼不过是过眼云烟，心地的清凉才是生命的真相。五幅《兰花》@CD-Team @奇奇怪怪的MI @用我痴心换你情深 ",
            "time": "15-11-14 14:51"
        },
        {
            "comment id": 56,
            "parent": -1,
            "children": [],
            "user id": "2002870135",
            "user name": "茶好慢慢泡",
            "content": "生活需要一种平常心，守候内心的平静，活出生活的谅解，相信那些烦恼不过是过眼云烟，心地的清凉才是生命的真相。五幅《兰花》@CD-Team @奇奇怪怪的MI @用我痴心换你情深 ",
            "time": "15-11-14 14:46"
        },
        {
            "comment id": 57,
            "parent": -1,
            "children": [],
            "user id": "1000111445",
            "user name": "平淡如水滴",
            "content": "转发微博",
            "time": "15-11-14 14:32"
        },
        {
            "comment id": 58,
            "parent": -1,
            "children": [],
            "user id": "5489568538",
            "user name": "有情怀的死变态文艺青年",
            "content": "与佛结缘，缘分已到。@MI亚MI亚  @茶好慢慢泡 @CD-Team ",
            "time": "15-11-14 14:25"
        },
        {
            "comment id": 59,
            "parent": -1,
            "children": [],
            "user id": "5489568538",
            "user name": "有情怀的死变态文艺青年",
            "content": "与佛结缘，缘分已到。@MI亚MI亚  @茶好慢慢泡 @CD-Team ",
            "time": "15-11-14 14:17"
        },
        {
            "comment id": 60,
            "parent": -1,
            "children": [],
            "user id": "5489568538",
            "user name": "有情怀的死变态文艺青年",
            "content": "与佛结缘，缘分已到。@MI亚MI亚  @茶好慢慢泡 @CD-Team ",
            "time": "15-11-14 14:15"
        },
        {
            "comment id": 61,
            "parent": -1,
            "children": [],
            "user id": "2480256167",
            "user name": "好月回舟",
            "content": "抽中我。[许愿]",
            "time": "15-11-14 14:07"
        },
        {
            "comment id": 62,
            "parent": -1,
            "children": [],
            "user id": "5224644329",
            "user name": "芯芯壹吻",
            "content": "生活需要一种平常心，守候内心的平静，活出生活的谅解，相信那些烦恼不过是过眼云烟，心地的清凉才是生命的真相。@用我痴心换你情深 @奇奇怪怪的MI @CD-Team ",
            "time": "15-11-14 14:06"
        },
        {
            "comment id": 63,
            "parent": -1,
            "children": [],
            "user id": "1541844952",
            "user name": "壹度昇温",
            "content": "[转发]",
            "time": "15-11-14 14:03"
        },
        {
            "comment id": 64,
            "parent": -1,
            "children": [],
            "user id": "5459116267",
            "user name": "汝观多大分VC",
            "content": "平常心",
            "time": "15-11-14 13:49"
        },
        {
            "comment id": 65,
            "parent": -1,
            "children": [],
            "user id": "5459116267",
            "user name": "汝观多大分VC",
            "content": "",
            "time": "15-11-14 13:48"
        },
        {
            "comment id": 66,
            "parent": -1,
            "children": [],
            "user id": "3080239741",
            "user name": "我爱冰猫",
            "content": "谢谢法师。",
            "time": "15-11-14 13:46"
        },
        {
            "comment id": 67,
            "parent": -1,
            "children": [],
            "user id": "5692176293",
            "user name": "好好-3399",
            "content": "转发微博",
            "time": "15-11-14 13:43"
        },
        {
            "comment id": 68,
            "parent": -1,
            "children": [],
            "user id": "2721442931",
            "user name": "郑在合作",
            "content": "人有平常心，意善自亲近;宛若兰花开，风香正气临!#郑州供销#",
            "time": "15-11-14 13:42"
        },
        {
            "comment id": 69,
            "parent": -1,
            "children": [],
            "user id": "2218198583",
            "user name": "大明湖畔的肉多多",
            "content": "虽然未必会被选中，但是多看看大师的微博也是好的",
            "time": "15-11-14 13:30"
        },
        {
            "comment id": 70,
            "parent": -1,
            "children": [],
            "user id": "1669850631",
            "user name": "小然同学_WISH",
            "content": "大师我是你的铁丝！大师自成一派虫体，我很欣赏！",
            "time": "15-11-14 13:26"
        },
        {
            "comment id": 71,
            "parent": -1,
            "children": [],
            "user id": "2368420263",
            "user name": "鸡肋鸡肋",
            "content": "请巴黎的五位中奖者去找这和尚领奖～",
            "time": "15-11-14 13:18"
        },
        {
            "comment id": 72,
            "parent": -1,
            "children": [],
            "user id": "2437023475",
            "user name": "谷言言",
            "content": "我能抽中嚒？期待期待@延参法师 ",
            "time": "15-11-14 12:55"
        },
        {
            "comment id": 73,
            "parent": -1,
            "children": [],
            "user id": "2352635833",
            "user name": "深度CM",
            "content": "平常心",
            "time": "15-11-14 12:53"
        },
        {
            "comment id": 74,
            "parent": -1,
            "children": [],
            "user id": "2532591307",
            "user name": "蜜瓜姐姐7788",
            "content": "谢谢法师！",
            "time": "15-11-14 12:43"
        },
        {
            "comment id": 75,
            "parent": -1,
            "children": [],
            "user id": "3191704032",
            "user name": "呦吼骑士_350",
            "content": "平常心，心平常！",
            "time": "15-11-14 12:42"
        },
        {
            "comment id": 76,
            "parent": -1,
            "children": [],
            "user id": "5269058730",
            "user name": "t周周s",
            "content": "超喜欢",
            "time": "15-11-14 12:42"
        },
        {
            "comment id": 77,
            "parent": -1,
            "children": [],
            "user id": "3743768737",
            "user name": "往事0913",
            "content": "大师，我，我，我。",
            "time": "15-11-14 12:22"
        },
        {
            "comment id": 78,
            "parent": -1,
            "children": [],
            "user id": "2270058232",
            "user name": "幸福如意的小窝",
            "content": "超喜欢",
            "time": "15-11-14 12:19"
        },
        {
            "comment id": 79,
            "parent": -1,
            "children": [],
            "user id": "1395742300",
            "user name": "冯小轩film",
            "content": "嘻嘻[得意地笑]，我的啦。法师这次去我大山东日子不短，可惜无缘得见。",
            "time": "15-11-14 12:18"
        }
    ]
}