{
    "source": {
        "content": "【转发寻人！合肥女孩西安失联 曾发短信：我好像落人贩子手里了】9日凌晨1点35分，徐梦婷在西安给合肥的大学室友发出了求救信息。直到清晨7点多，室友才看到短信，这时她的手机已经打不通了。据了解，与徐梦婷一起失联的还有她的母亲。截至目前，徐梦婷与其母亲的电话仍处于关机状态。扩散求助！ ",
        "time": "15-11-11 16:05",
        "user id": "1784473157",
        "tweet id": "D3mKVhD4c",
        "label": 0,
        "theme": "社会生活"
    },
    "comment": [
        {
            "comment id": 0,
            "parent": -1,
            "children": [],
            "user id": "1918551871",
            "user name": "徐小鸡啊",
            "content": "回复@AbcDmy_:走开",
            "time": "16-5-14 16:23"
        },
        {
            "comment id": 1,
            "parent": -1,
            "children": [],
            "user id": "5672958464",
            "user name": "天空那抹藍丶1",
            "content": "回复@闹不闹得住喵:你妈妈没病，你爸爸怎么染上的花柳？",
            "time": "16-4-14 22:41"
        },
        {
            "comment id": 2,
            "parent": -1,
            "children": [],
            "user id": "5386969180",
            "user name": "猪猪侠的瘦仙女",
            "content": "@刘海碎大石 哼哼",
            "time": "15-12-9 06:16"
        },
        {
            "comment id": 3,
            "parent": -1,
            "children": [],
            "user id": "1931861365",
            "user name": "这里真是",
            "content": "@刘海碎大石 哼哼",
            "time": "15-12-9 06:16"
        },
        {
            "comment id": 4,
            "parent": -1,
            "children": [],
            "user id": "2149476750",
            "user name": "Sophie亚公主",
            "content": "也不知道这个找到没有。",
            "time": "15-12-8 19:07"
        },
        {
            "comment id": 5,
            "parent": -1,
            "children": [],
            "user id": "2124328131",
            "user name": "--今天的风都比你主动",
            "content": "回复@时枝在:找到了吗",
            "time": "15-12-1 16:43"
        },
        {
            "comment id": 6,
            "parent": -1,
            "children": [],
            "user id": "3065480535",
            "user name": "橘几几叽",
            "content": "回复@陪你看44次日出:你要死",
            "time": "15-11-30 14:02"
        },
        {
            "comment id": 7,
            "parent": -1,
            "children": [],
            "user id": "5601655624",
            "user name": "合肥小萝莉花花花",
            "content": "不认识",
            "time": "15-11-29 15:02"
        },
        {
            "comment id": 8,
            "parent": -1,
            "children": [],
            "user id": "3266957820",
            "user name": "叽里呱啦的柠檬话好多哦",
            "content": "救回来了吗",
            "time": "15-11-22 23:48"
        },
        {
            "comment id": 9,
            "parent": -1,
            "children": [],
            "user id": "2701431490",
            "user name": "少年兰花花",
            "content": "报警有个卵用，垃圾警察根本不管",
            "time": "15-11-20 21:50"
        },
        {
            "comment id": 10,
            "parent": -1,
            "children": [],
            "user id": "1010481613",
            "user name": "小姬零儿",
            "content": "脸盲努力记住她脸",
            "time": "15-11-20 21:18"
        },
        {
            "comment id": 11,
            "parent": -1,
            "children": [],
            "user id": "2396340133",
            "user name": "妮ymj永远_学不会",
            "content": "转发",
            "time": "15-11-18 09:16"
        },
        {
            "comment id": 12,
            "parent": -1,
            "children": [],
            "user id": "1771347820",
            "user name": "YDAY",
            "content": "回复@专治各种装逼的:她们",
            "time": "15-11-17 21:46"
        },
        {
            "comment id": 13,
            "parent": -1,
            "children": [],
            "user id": "2941144613",
            "user name": "夏目Natsumeiiiii",
            "content": "后续如何？",
            "time": "15-11-17 00:36"
        },
        {
            "comment id": 14,
            "parent": -1,
            "children": [],
            "user id": "1784162533",
            "user name": "百事可乐甜不甜l",
            "content": "回复@Neversaybye嘛:木事。",
            "time": "15-11-17 00:03"
        },
        {
            "comment id": 15,
            "parent": -1,
            "children": [],
            "user id": "2395401267",
            "user name": "傅佳麗不得",
            "content": "回复@睡个懒觉当安慰:回得好快！",
            "time": "15-11-16 23:36"
        },
        {
            "comment id": 16,
            "parent": -1,
            "children": [],
            "user id": "1698835225",
            "user name": "一个时光的叛逆者",
            "content": "回复@傅佳麗不得:😂😂😂亲爱的，我在湖州挺好的",
            "time": "15-11-16 23:11"
        },
        {
            "comment id": 17,
            "parent": -1,
            "children": [],
            "user id": "5684052604",
            "user name": "超音速飞行2016",
            "content": "回复@YDAY:他们？他是指男的？你是说自称落入人贩子手里那个女孩子回来我发的图片那个哑巴女孩回不来了",
            "time": "15-11-16 22:45"
        },
        {
            "comment id": 18,
            "parent": -1,
            "children": [],
            "user id": "1771347820",
            "user name": "YDAY",
            "content": "回复@专治各种装逼的:他们已经平安回来了",
            "time": "15-11-16 22:26"
        },
        {
            "comment id": 19,
            "parent": -1,
            "children": [],
            "user id": "3718518152",
            "user name": "北极光的微愽",
            "content": "报警",
            "time": "15-11-16 20:50"
        },
        {
            "comment id": 20,
            "parent": -1,
            "children": [],
            "user id": "1957813710",
            "user name": "脾气不好不好意思",
            "content": "回复@_神经姐姐_:那不好说😂",
            "time": "15-11-15 22:10"
        },
        {
            "comment id": 21,
            "parent": -1,
            "children": [],
            "user id": "1686239013",
            "user name": "_神经姐姐_",
            "content": "回复@韦zi圆:你也小心点别被舍友杀了",
            "time": "15-11-15 21:26"
        },
        {
            "comment id": 22,
            "parent": -1,
            "children": [],
            "user id": "1686239013",
            "user name": "_神经姐姐_",
            "content": "回复@韦zi圆:放心，一定会活着毕业",
            "time": "15-11-15 21:25"
        },
        {
            "comment id": 23,
            "parent": -1,
            "children": [],
            "user id": "2661879794",
            "user name": "ZHENGJoy_",
            "content": "回复@Linlw_:你在放屁屁",
            "time": "15-11-15 14:14"
        },
        {
            "comment id": 24,
            "parent": -1,
            "children": [],
            "user id": "2338754372",
            "user name": "一寸微明",
            "content": "人贩子",
            "time": "15-11-15 13:29"
        },
        {
            "comment id": 25,
            "parent": -1,
            "children": [],
            "user id": "3936821756",
            "user name": "台州市益仕得电器有限公司",
            "content": "找到了吗",
            "time": "15-11-15 09:41"
        },
        {
            "comment id": 26,
            "parent": -1,
            "children": [],
            "user id": "3021997761",
            "user name": "林紫嘉_Cola",
            "content": "回复@Fool_xyw:然后我们一起开心的晚睡",
            "time": "15-11-15 09:26"
        },
        {
            "comment id": 27,
            "parent": -1,
            "children": [],
            "user id": "2240584564",
            "user name": "港有荣",
            "content": "回复@专治各种装逼的:对不起咯误会了",
            "time": "15-11-15 00:10"
        },
        {
            "comment id": 28,
            "parent": -1,
            "children": [],
            "user id": "5684052604",
            "user name": "超音速飞行2016",
            "content": "回复@欧尼森:我是转发的这条微博，转发的评论带着图片，结果带着图片发不出去，我就把图片删了，转发了。图上这个女孩是哑巴，我想她可能早就被人弄死了",
            "time": "15-11-15 00:06"
        },
        {
            "comment id": 29,
            "parent": -1,
            "children": [],
            "user id": "5640162726",
            "user name": "化茧成蝶JCC",
            "content": "回复@liishan:嘻嘻，不用谢",
            "time": "15-11-14 14:55"
        },
        {
            "comment id": 30,
            "parent": -1,
            "children": [],
            "user id": "2795982105",
            "user name": "煎饼萌子",
            "content": "人已经找到了，也没有被人贩子拐走",
            "time": "15-11-14 13:49"
        },
        {
            "comment id": 31,
            "parent": -1,
            "children": [],
            "user id": "1879813365",
            "user name": "我是bingla",
            "content": "回复@曾qqqqqq:世界险恶，还好我们够勇敢。",
            "time": "15-11-14 13:30"
        },
        {
            "comment id": 32,
            "parent": -1,
            "children": [],
            "user id": "5616189539",
            "user name": "哎呦诶嘿嘿",
            "content": "我叫梁梦婷  不过祝你早日回家",
            "time": "15-11-14 10:48"
        },
        {
            "comment id": 33,
            "parent": -1,
            "children": [],
            "user id": "3818837206",
            "user name": "冉冉燃升起",
            "content": "回复@绿了夏天2:嗯嗯，以后都不敢一个人出门了",
            "time": "15-11-14 09:04"
        },
        {
            "comment id": 34,
            "parent": -1,
            "children": [],
            "user id": "2169655752",
            "user name": "晚楼闲坐赏清风",
            "content": "回复@社会监督志愿人:屁话，你当警察是超人啊？！你看看买人的地方都是什么穷山恶水，教育在那都不知是何物，何况法制？那是警察能改变的？",
            "time": "15-11-14 09:04"
        },
        {
            "comment id": 35,
            "parent": -1,
            "children": [],
            "user id": "5455988780",
            "user name": "A迷路的蚂蚁儿",
            "content": "回复@好孩子云朵:照顾好自己。乖乖。",
            "time": "15-11-13 23:34"
        },
        {
            "comment id": 36,
            "parent": -1,
            "children": [],
            "user id": "1725491727",
            "user name": "半糖芝士奶盖波波茶",
            "content": "不是已经找到了吗？",
            "time": "15-11-13 23:15"
        },
        {
            "comment id": 37,
            "parent": -1,
            "children": [],
            "user id": "2680600613",
            "user name": "仒朶",
            "content": "🙏🙏🙏@头条新闻 ",
            "time": "15-11-13 22:27"
        },
        {
            "comment id": 38,
            "parent": -1,
            "children": [],
            "user id": "1750920001",
            "user name": "埃及艳后久久",
            "content": "愿女孩平安～",
            "time": "15-11-13 22:24"
        },
        {
            "comment id": 39,
            "parent": -1,
            "children": [],
            "user id": "1791334323",
            "user name": "进击的Serendipper",
            "content": "回复@合肥地铁网:酱紫哦。。",
            "time": "15-11-13 22:22"
        },
        {
            "comment id": 40,
            "parent": -1,
            "children": [],
            "user id": "3013199113",
            "user name": "·黄紫韬·",
            "content": "@启动超级变换形态biu @五彩冰激淋里的棉花糖 @_哇西昆 @锦鲤大王保佑我吧 王保佑我吧 @咲不笑不咲",
            "time": "15-11-13 21:50"
        },
        {
            "comment id": 41,
            "parent": -1,
            "children": [],
            "user id": "5559047538",
            "user name": "可爱并可靠",
            "content": "个人觉得，西安真的挺恐怖的。我在西安还遇到过一个强奸犯，不过还好，最后强奸未遂。（本人的亲身经历）",
            "time": "15-11-13 21:37"
        },
        {
            "comment id": 42,
            "parent": -1,
            "children": [],
            "user id": "1621372425",
            "user name": "周星驰第一亲妹妹星星",
            "content": "不是说找到了吗？消息是真的吗？ ",
            "time": "15-11-13 21:33"
        },
        {
            "comment id": 43,
            "parent": -1,
            "children": [],
            "user id": "5377556740",
            "user name": "我不是站在冰箱上的人",
            "content": "不管怎样，希望平安🙏",
            "time": "15-11-13 21:25"
        },
        {
            "comment id": 44,
            "parent": -1,
            "children": [],
            "user id": "2751651151",
            "user name": "炎亚纶任性一点",
            "content": "怎么说话语气这么生疏，",
            "time": "15-11-13 21:24"
        },
        {
            "comment id": 45,
            "parent": -1,
            "children": [],
            "user id": "3721948707",
            "user name": "认识图图吗",
            "content": "好可怕，不敢乱出去了",
            "time": "15-11-13 21:24"
        },
        {
            "comment id": 46,
            "parent": -1,
            "children": [],
            "user id": "2817035170",
            "user name": "浪花一朵朵cpa",
            "content": "转发微博",
            "time": "15-11-13 21:14"
        },
        {
            "comment id": 47,
            "parent": -1,
            "children": [],
            "user id": "2707985994",
            "user name": "晴天有倩---",
            "content": "@晓晓晓晓泽",
            "time": "15-11-13 21:02"
        },
        {
            "comment id": 48,
            "parent": -1,
            "children": [],
            "user id": "5027278943",
            "user name": "念半城烟沙",
            "content": "#我好像落人贩子手里了#不知道现在怎么样了，愿你平安！单身女孩出门在外还是小谨慎对陌生人做到视而不见！帮扩",
            "time": "15-11-13 20:57"
        },
        {
            "comment id": 49,
            "parent": -1,
            "children": [],
            "user id": "2106298242",
            "user name": "路的尽头怎么还是路",
            "content": "和她母亲一起失联是几个意思？",
            "time": "15-11-13 20:49"
        },
        {
            "comment id": 50,
            "parent": -1,
            "children": [],
            "user id": "3341614600",
            "user name": "一个仙子的妹妹",
            "content": "回复@葵生笙:这个我看过了",
            "time": "15-11-13 20:48"
        },
        {
            "comment id": 51,
            "parent": -1,
            "children": [],
            "user id": "2242095231",
            "user name": "pinodayo",
            "content": "我会说我叔叔在西安遭过传销，后来还是半夜逃出来的😭，有些传销 其实当地警方都知道，说是压制，但是也是因为一些原因，睁一只眼闭一只眼",
            "time": "15-11-13 20:43"
        },
        {
            "comment id": 52,
            "parent": -1,
            "children": [],
            "user id": "2784364147",
            "user name": "徐梦婷Ronin",
            "content": "回复@WaNgLuLu_wll:",
            "time": "15-11-13 20:39"
        },
        {
            "comment id": 53,
            "parent": -1,
            "children": [],
            "user id": "2784364147",
            "user name": "徐梦婷Ronin",
            "content": "回复@来郑:嘻嘻第三个人艾特我咯",
            "time": "15-11-13 20:38"
        },
        {
            "comment id": 54,
            "parent": -1,
            "children": [],
            "user id": "5181616477",
            "user name": "Trhopnmki",
            "content": "关留守孩子什么事？没搞懂。好像看见有人嘴里在喷粪",
            "time": "15-11-13 20:30"
        },
        {
            "comment id": 55,
            "parent": -1,
            "children": [],
            "user id": "5100652636",
            "user name": "爱好蟹阿金",
            "content": "吓死我了，女生在外要小心希望快点找到",
            "time": "15-11-13 20:22"
        },
        {
            "comment id": 56,
            "parent": -1,
            "children": [],
            "user id": "3523905742",
            "user name": "最爱卖萌的长颈鹿",
            "content": "天啊，为什么人贩子还拐大人",
            "time": "15-11-13 20:15"
        },
        {
            "comment id": 57,
            "parent": -1,
            "children": [],
            "user id": "3636368524",
            "user name": "晓晓欧尼都可以",
            "content": "希望你平安",
            "time": "15-11-13 20:09"
        },
        {
            "comment id": 58,
            "parent": -1,
            "children": [],
            "user id": "5135072284",
            "user name": "我的微博名很好",
            "content": "有时间回信息，没时间报警",
            "time": "15-11-13 19:54"
        },
        {
            "comment id": 59,
            "parent": -1,
            "children": [],
            "user id": "2374361303",
            "user name": "冯三狗",
            "content": "还没找到？",
            "time": "15-11-13 19:52"
        },
        {
            "comment id": 60,
            "parent": -1,
            "children": [],
            "user id": "1661056181",
            "user name": "Vivivivivivviviviviviiiii",
            "content": "发微博扩散难道不会害了这个妹子？人贩子说不定也刷微博。。。难道不该先寻求警方协助？如果是警方的意见的话，这警察也是没谁了。她的家人报了警还可能联系不上吗？真是不懂了",
            "time": "15-11-13 19:45"
        },
        {
            "comment id": 61,
            "parent": -1,
            "children": [],
            "user id": "3078975033",
            "user name": "cucu佳佳",
            "content": "妈的，那么多人着急。没有被人贩子控制。然后还不出后续报道，让人不要打扰他们生活，老子真是笑了。。麻烦把后续报道出来好不好，那么多人着急",
            "time": "15-11-13 19:34"
        },
        {
            "comment id": 62,
            "parent": -1,
            "children": [],
            "user id": "2764709710",
            "user name": "紫嫣红色",
            "content": "转发微博",
            "time": "15-11-13 19:31"
        },
        {
            "comment id": 63,
            "parent": -1,
            "children": [],
            "user id": "3212297443",
            "user name": "一只月野兔阿",
            "content": "求人贩子别在祸害这些年轻的姑娘们了。都这么年轻，好心疼的感觉。",
            "time": "15-11-13 19:28"
        },
        {
            "comment id": 64,
            "parent": -1,
            "children": [],
            "user id": "3066078523",
            "user name": "闹红一舸舫",
            "content": "救出来了吗",
            "time": "15-11-13 19:16"
        },
        {
            "comment id": 65,
            "parent": -1,
            "children": [],
            "user id": "5512296848",
            "user name": "橙儿歌",
            "content": "愿一切安好",
            "time": "15-11-13 19:15"
        },
        {
            "comment id": 66,
            "parent": -1,
            "children": [],
            "user id": "2913305633",
            "user name": "一个人静静的j",
            "content": "不是说已经找到了吗？没有落到人贩子手里吗？为什么还是只有这个新闻？？？",
            "time": "15-11-13 19:15"
        },
        {
            "comment id": 67,
            "parent": -1,
            "children": [],
            "user id": "1706741260",
            "user name": "惟予终古",
            "content": "找到吗？两天了。足够让人贩子把她卖到山区成为父子两人以上的媳妇，挖掉肾，捆在地窖里成为性奴。",
            "time": "15-11-13 19:11"
        },
        {
            "comment id": 68,
            "parent": -1,
            "children": [],
            "user id": "2719908591",
            "user name": "吃樱桃的小王子",
            "content": "回复@WaNgLuLu_wll:@徐梦婷Ronin 红红火火你还好吗小狗屎",
            "time": "15-11-13 19:05"
        },
        {
            "comment id": 69,
            "parent": -1,
            "children": [],
            "user id": "3553316194",
            "user name": "春天的713个瞬间",
            "content": "快点艾特徐梦婷 问她还好吗@来郑",
            "time": "15-11-13 19:00"
        },
        {
            "comment id": 70,
            "parent": -1,
            "children": [],
            "user id": "3078975033",
            "user name": "cucu佳佳",
            "content": "。哦，七点就起床了你们还说人家太晚看见？所以你是晚上不睡觉的哦。不知道你几点起床呢",
            "time": "15-11-13 18:45"
        },
        {
            "comment id": 71,
            "parent": -1,
            "children": [],
            "user id": "5174225035",
            "user name": "开门放大朝",
            "content": "人找到了嘛qwq好多天了",
            "time": "15-11-13 18:38"
        },
        {
            "comment id": 72,
            "parent": -1,
            "children": [],
            "user id": "3420127674",
            "user name": "kkkkkiiil",
            "content": "想知道找到人了吗🙏",
            "time": "15-11-13 18:33"
        },
        {
            "comment id": 73,
            "parent": -1,
            "children": [],
            "user id": "5516970267",
            "user name": "十二楼的大大-",
            "content": "回复@久治病奄:是好恐怖",
            "time": "15-11-13 18:28"
        },
        {
            "comment id": 74,
            "parent": -1,
            "children": [],
            "user id": "2189667584",
            "user name": "_Meuuuu",
            "content": "",
            "time": "15-11-13 18:27"
        },
        {
            "comment id": 75,
            "parent": -1,
            "children": [],
            "user id": "1300120132",
            "user name": "麻利麻利贝贝哄哄",
            "content": "找到没？",
            "time": "15-11-13 18:25"
        },
        {
            "comment id": 76,
            "parent": -1,
            "children": [],
            "user id": "5718014704",
            "user name": "神经兮兮少女心",
            "content": "回复@kgffffccb:👍",
            "time": "15-11-13 18:18"
        },
        {
            "comment id": 77,
            "parent": -1,
            "children": [],
            "user id": "2948627230",
            "user name": "kunkunx_",
            "content": "不怕神一样的对手就怕猪一样的队友",
            "time": "15-11-13 18:16"
        },
        {
            "comment id": 78,
            "parent": -1,
            "children": [],
            "user id": "5030650665",
            "user name": "超有钱欣欣子",
            "content": "我想知道怎么样了，找到了么。",
            "time": "15-11-13 18:14"
        },
        {
            "comment id": 79,
            "parent": -1,
            "children": [],
            "user id": "2196796781",
            "user name": "_吃胡萝卜会死星人_",
            "content": "听起来西安好像很恐怖的样子...",
            "time": "15-11-13 18:10"
        }
    ]
}