{
    "source": {
        "content": "【读者调查：你的生活作息规律吗？】小李26岁，刚考上苏州某高校博士生就住进了ICU。考博期间，他常熬夜，不吃早餐，午饭和晚饭都靠叫外卖，晚上喝咖啡提神；结果被确诊为结核性脑膜炎。医生说作息不规律、长期透支身体是重要诱因。你的生活作息规律吗？你的生活作息规律吗？-调查-中国新闻周刊 ",
        "time": "15-11-14 09:27",
        "user id": "1642512402",
        "tweet id": "D3Mr0E3I9",
        "label": 0,
        "theme": "医药健康"
    },
    "comment": [
        {
            "comment id": 0,
            "parent": -1,
            "children": [],
            "user id": "5338689278",
            "user name": "莫非419529",
            "content": "回复@旺仔小丸子不爱喝旺仔牛奶:",
            "time": "15-12-3 21:20"
        },
        {
            "comment id": 1,
            "parent": -1,
            "children": [],
            "user id": "5131842469",
            "user name": "追风少女王闪闪",
            "content": "回复@与生宁静L:不吃早饭是不对的",
            "time": "15-12-3 20:20"
        },
        {
            "comment id": 2,
            "parent": -1,
            "children": [],
            "user id": "5338689278",
            "user name": "莫非419529",
            "content": "@旺仔小丸子不爱喝旺仔牛奶 @王王王王王馨Susan",
            "time": "15-12-3 20:13"
        },
        {
            "comment id": 3,
            "parent": -1,
            "children": [],
            "user id": "1865080214",
            "user name": "Miss小昕_Z",
            "content": "好口怕",
            "time": "15-12-2 15:43"
        },
        {
            "comment id": 4,
            "parent": -1,
            "children": [],
            "user id": "1923213145",
            "user name": "danyouayou",
            "content": "回复@张力文就是张中宇:规律",
            "time": "15-11-16 00:27"
        },
        {
            "comment id": 5,
            "parent": -1,
            "children": [],
            "user id": "5674135872",
            "user name": "我借月色遥望你",
            "content": "回复@安然的猪先森:",
            "time": "15-11-14 21:55"
        },
        {
            "comment id": 6,
            "parent": -1,
            "children": [],
            "user id": "5135080071",
            "user name": "三分钟的热度__",
            "content": "回复@沉痼冫:我在这等着",
            "time": "15-11-14 21:54"
        },
        {
            "comment id": 7,
            "parent": -1,
            "children": [],
            "user id": "5674135872",
            "user name": "我借月色遥望你",
            "content": "回复@安然的猪先森:不要跑，等着我",
            "time": "15-11-14 21:35"
        },
        {
            "comment id": 8,
            "parent": -1,
            "children": [],
            "user id": "5135080071",
            "user name": "三分钟的热度__",
            "content": "回复@沉痼冫:说的好像我怕你一样",
            "time": "15-11-14 16:42"
        },
        {
            "comment id": 9,
            "parent": -1,
            "children": [],
            "user id": "2694593864",
            "user name": "天府新区宇宙长",
            "content": "@YDANMEIER_",
            "time": "15-11-14 15:13"
        },
        {
            "comment id": 10,
            "parent": -1,
            "children": [],
            "user id": "3698153463",
            "user name": "划着酸奶盖游世界",
            "content": "回复@尉迟郁薇:不吃早饭…中饭晚饭外卖",
            "time": "15-11-14 15:04"
        },
        {
            "comment id": 11,
            "parent": -1,
            "children": [],
            "user id": "1951692483",
            "user name": "水墨留白_lulu",
            "content": "@焦明智先生  生活规律吗？还是肚子饿了才吃，不饿 就 不吃吗？",
            "time": "15-11-14 13:36"
        },
        {
            "comment id": 12,
            "parent": -1,
            "children": [],
            "user id": "2449123837",
            "user name": "一颗大树长发芽了",
            "content": "表示上夜班的人无法规律",
            "time": "15-11-14 13:34"
        },
        {
            "comment id": 13,
            "parent": -1,
            "children": [],
            "user id": "2918206547",
            "user name": "靓仔阿贵",
            "content": "@最爱虐肉丸小仙女",
            "time": "15-11-14 13:00"
        },
        {
            "comment id": 14,
            "parent": -1,
            "children": [],
            "user id": "5674135872",
            "user name": "我借月色遥望你",
            "content": "回复@安然的猪先森:[挖鼻屎][挖鼻屎]打一顿就看得见了",
            "time": "15-11-14 12:59"
        },
        {
            "comment id": 15,
            "parent": -1,
            "children": [],
            "user id": "5632580849",
            "user name": "LiMi_俚侎时尚",
            "content": "天呐",
            "time": "15-11-14 12:48"
        },
        {
            "comment id": 16,
            "parent": -1,
            "children": [],
            "user id": "5708694592",
            "user name": "稀薄燃烧W",
            "content": "生命诚可贵",
            "time": "15-11-14 12:39"
        },
        {
            "comment id": 17,
            "parent": -1,
            "children": [],
            "user id": "5135080071",
            "user name": "三分钟的热度__",
            "content": "回复@沉痼冫:看不见看不见就是看不见",
            "time": "15-11-14 12:25"
        },
        {
            "comment id": 18,
            "parent": -1,
            "children": [],
            "user id": "5674135872",
            "user name": "我借月色遥望你",
            "content": "回复@安然的猪先森:我起早贪黑的，你怎么能视而不见呢",
            "time": "15-11-14 12:24"
        },
        {
            "comment id": 19,
            "parent": -1,
            "children": [],
            "user id": "5135080071",
            "user name": "三分钟的热度__",
            "content": "回复@沉痼冫:也没见你早起",
            "time": "15-11-14 12:03"
        },
        {
            "comment id": 20,
            "parent": -1,
            "children": [],
            "user id": "5568924270",
            "user name": "上官慕可",
            "content": "不会吧",
            "time": "15-11-14 12:03"
        },
        {
            "comment id": 21,
            "parent": -1,
            "children": [],
            "user id": "5674135872",
            "user name": "我借月色遥望你",
            "content": "回复@安然的猪先森:我只是晚睡好么",
            "time": "15-11-14 12:02"
        },
        {
            "comment id": 22,
            "parent": -1,
            "children": [],
            "user id": "5135080071",
            "user name": "三分钟的热度__",
            "content": "回复@沉痼冫:明明是你",
            "time": "15-11-14 12:01"
        },
        {
            "comment id": 23,
            "parent": -1,
            "children": [],
            "user id": "5674135872",
            "user name": "我借月色遥望你",
            "content": "回复@安然的猪先森:就是你",
            "time": "15-11-14 12:00"
        },
        {
            "comment id": 24,
            "parent": -1,
            "children": [],
            "user id": "5682120000",
            "user name": "法海_不懂爱",
            "content": "他是用脑过多才有脑膜炎的……别对号入座，我们这些和",
            "time": "15-11-14 11:59"
        },
        {
            "comment id": 25,
            "parent": -1,
            "children": [],
            "user id": "5135080071",
            "user name": "三分钟的热度__",
            "content": "回复@沉痼冫:并没有",
            "time": "15-11-14 11:57"
        },
        {
            "comment id": 26,
            "parent": -1,
            "children": [],
            "user id": "2014478680",
            "user name": "Dr小信",
            "content": "博士不这样不一定考的上",
            "time": "15-11-14 11:56"
        },
        {
            "comment id": 27,
            "parent": -1,
            "children": [],
            "user id": "5674135872",
            "user name": "我借月色遥望你",
            "content": "回复@安然的猪先森:午饭和晚饭都靠叫外卖",
            "time": "15-11-14 11:55"
        },
        {
            "comment id": 28,
            "parent": -1,
            "children": [],
            "user id": "1767909091",
            "user name": "刘欢欢欢欢-开不了口",
            "content": "博主应该关爱广告🐶了",
            "time": "15-11-14 11:02"
        },
        {
            "comment id": 29,
            "parent": -1,
            "children": [],
            "user id": "1848322570",
            "user name": "小丸子要变肉丸子",
            "content": "@lassummer 快教育一下 @土豆酱要考研 ",
            "time": "15-11-14 10:58"
        },
        {
            "comment id": 30,
            "parent": -1,
            "children": [],
            "user id": "1053185097",
            "user name": "芥末的芥",
            "content": "26读博，这也是挺拼的，按理说26应该享受生活",
            "time": "15-11-14 10:56"
        },
        {
            "comment id": 31,
            "parent": -1,
            "children": [],
            "user id": "3590360464",
            "user name": "秋家小狮子",
            "content": "回复@_夜晚很晚安:遵命 下周一起去书院啊~",
            "time": "15-11-14 10:48"
        },
        {
            "comment id": 32,
            "parent": -1,
            "children": [],
            "user id": "5680621188",
            "user name": "如是我闻本来无一物",
            "content": "这么拼",
            "time": "15-11-14 10:44"
        },
        {
            "comment id": 33,
            "parent": -1,
            "children": [],
            "user id": "2939454964",
            "user name": "法律大壮士",
            "content": "有必然联系吗？",
            "time": "15-11-14 10:44"
        },
        {
            "comment id": 34,
            "parent": -1,
            "children": [],
            "user id": "3179247181",
            "user name": "大鲨鱼爱吃糖",
            "content": "说真的 我考研想这么熬都熬不住 这位同学还是非常拼啊！",
            "time": "15-11-14 10:38"
        },
        {
            "comment id": 35,
            "parent": -1,
            "children": [],
            "user id": "84208880",
            "user name": "开封府的小丸子爱吃丸子",
            "content": " @称鑫如意2015 告诉你劳逸结合",
            "time": "15-11-14 10:33"
        },
        {
            "comment id": 36,
            "parent": -1,
            "children": [],
            "user id": "1993884417",
            "user name": "_改天是哪天",
            "content": "@Icey-Magical 注意休息哈别太拼",
            "time": "15-11-14 10:32"
        },
        {
            "comment id": 37,
            "parent": -1,
            "children": [],
            "user id": "5135080071",
            "user name": "三分钟的热度__",
            "content": "回复@沉痼冫:晚上十点睡   不是我   是你好吗 ",
            "time": "15-11-14 10:31"
        },
        {
            "comment id": 38,
            "parent": -1,
            "children": [],
            "user id": "2660075123",
            "user name": "可言而不言",
            "content": "在健康中奋斗",
            "time": "15-11-14 10:30"
        },
        {
            "comment id": 39,
            "parent": -1,
            "children": [],
            "user id": "2018666454",
            "user name": "小姝嘛嘛",
            "content": "@老叶爱教书",
            "time": "15-11-14 10:30"
        },
        {
            "comment id": 40,
            "parent": -1,
            "children": [],
            "user id": "5674135872",
            "user name": "我借月色遥望你",
            "content": "@安然的猪先森",
            "time": "15-11-14 10:24"
        },
        {
            "comment id": 41,
            "parent": -1,
            "children": [],
            "user id": "1141658731",
            "user name": "犀牛老翁",
            "content": "人年轻，总认为什么都重要，只有身体无所谓，其实，十年后，二十年后，随着时光流逝，才知道健康是如此重要。",
            "time": "15-11-14 10:21"
        },
        {
            "comment id": 42,
            "parent": -1,
            "children": [],
            "user id": "3810918794",
            "user name": "2022全智贤济南分贤",
            "content": "",
            "time": "15-11-14 10:18"
        },
        {
            "comment id": 43,
            "parent": -1,
            "children": [],
            "user id": "5702453371",
            "user name": "子小晞尧",
            "content": "我能说这是每个在封闭式集训学校的高三艺术生的生活吗",
            "time": "15-11-14 10:16"
        },
        {
            "comment id": 44,
            "parent": -1,
            "children": [],
            "user id": "3640230953",
            "user name": "喔特空92",
            "content": "天哪 我要休息",
            "time": "15-11-14 10:13"
        },
        {
            "comment id": 45,
            "parent": -1,
            "children": [],
            "user id": "1959803153",
            "user name": "我的九命相柳",
            "content": "这作息 不就是我的日常嘛",
            "time": "15-11-14 10:08"
        },
        {
            "comment id": 46,
            "parent": -1,
            "children": [],
            "user id": "5712630844",
            "user name": "灰仔今天也要继续努力",
            "content": "作业多，每天又要早起...",
            "time": "15-11-14 10:03"
        },
        {
            "comment id": 47,
            "parent": -1,
            "children": [],
            "user id": "1061778717",
            "user name": "汊汊小",
            "content": "@伯爵走失在基督山",
            "time": "15-11-14 10:00"
        },
        {
            "comment id": 48,
            "parent": -1,
            "children": [],
            "user id": "1928825075",
            "user name": "Mngata糕",
            "content": "这简直就是我们的生活",
            "time": "15-11-14 10:00"
        },
        {
            "comment id": 49,
            "parent": -1,
            "children": [],
            "user id": "1821001027",
            "user name": "小得噗",
            "content": "@女神-经病粟安妮Annie 熬夜 不吃早餐 午餐晚餐叫外卖 简直就是我们的生活",
            "time": "15-11-14 09:53"
        },
        {
            "comment id": 50,
            "parent": -1,
            "children": [],
            "user id": "2303709404",
            "user name": "P1aton",
            "content": "。。。要完",
            "time": "15-11-14 09:52"
        },
        {
            "comment id": 51,
            "parent": -1,
            "children": [],
            "user id": "1104926717",
            "user name": "胖猪河马",
            "content": "@奔跑在平行时空的兔子 别太透支自己 爱惜自己",
            "time": "15-11-14 09:51"
        },
        {
            "comment id": 52,
            "parent": -1,
            "children": [],
            "user id": "2306855090",
            "user name": "RanRan0123",
            "content": "为啥不能早睡早起白天好好看书呢",
            "time": "15-11-14 09:50"
        },
        {
            "comment id": 53,
            "parent": -1,
            "children": [],
            "user id": "1214367677",
            "user name": "_垦丁102",
            "content": "@Cxstef曹小球",
            "time": "15-11-14 09:49"
        },
        {
            "comment id": 54,
            "parent": -1,
            "children": [],
            "user id": "5690123864",
            "user name": "Kellyskey",
            "content": "遗憾啊…",
            "time": "15-11-14 09:46"
        },
        {
            "comment id": 55,
            "parent": -1,
            "children": [],
            "user id": "1797115233",
            "user name": "激动先进",
            "content": "回复@寂静的水:你会穷死😌",
            "time": "15-11-14 09:46"
        },
        {
            "comment id": 56,
            "parent": -1,
            "children": [],
            "user id": "1745814787",
            "user name": "小鹿不会咩咩",
            "content": "@DescribeU8M",
            "time": "15-11-14 09:45"
        },
        {
            "comment id": 57,
            "parent": -1,
            "children": [],
            "user id": "2196758933",
            "user name": "贝塞耳光年",
            "content": "深深的为自己忧虑，另外他最大的病因很可能是单身诱发的",
            "time": "15-11-14 09:43"
        },
        {
            "comment id": 58,
            "parent": -1,
            "children": [],
            "user id": "3253509662",
            "user name": "销号请删",
            "content": "考研考博考公的伙伴们！前程虽似锦，还需有命享！且学且惜命！",
            "time": "15-11-14 09:40"
        },
        {
            "comment id": 59,
            "parent": -1,
            "children": [],
            "user id": "2668241605",
            "user name": "冯敏微博",
            "content": "养成健康的生活习惯很重要。",
            "time": "15-11-14 09:39"
        },
        {
            "comment id": 60,
            "parent": -1,
            "children": [],
            "user id": "2127814785",
            "user name": "williamson-pan",
            "content": "难道真的对科研如此热爱吗，非要奋不顾身再跳火坑？真的不值得",
            "time": "15-11-14 09:39"
        },
        {
            "comment id": 61,
            "parent": -1,
            "children": [],
            "user id": "2629575953",
            "user name": "我们的小龟",
            "content": "我有个朋友，天天很准时吃饭，睡觉，最后不",
            "time": "15-11-14 09:38"
        },
        {
            "comment id": 62,
            "parent": -1,
            "children": [],
            "user id": "3208267141",
            "user name": "soar9208",
            "content": "疯了",
            "time": "15-11-14 09:37"
        },
        {
            "comment id": 63,
            "parent": -1,
            "children": [],
            "user id": "1810536237",
            "user name": "卓荦炜煌",
            "content": "吓人。",
            "time": "15-11-14 09:37"
        },
        {
            "comment id": 64,
            "parent": -1,
            "children": [],
            "user id": "5744626308",
            "user name": "新剧不能停哒",
            "content": "曾经一个人在外地长时间吃盒饭，然后整个人都不好了。饮食最重要",
            "time": "15-11-14 09:36"
        },
        {
            "comment id": 65,
            "parent": -1,
            "children": [],
            "user id": "5737966697",
            "user name": "这里还有个fafa",
            "content": "自己生活很规律，但室友生活不规律，影响睡眠啊！",
            "time": "15-11-14 09:35"
        },
        {
            "comment id": 66,
            "parent": -1,
            "children": [],
            "user id": "5454431567",
            "user name": "泽毅哥",
            "content": "请爱惜自己",
            "time": "15-11-14 09:35"
        },
        {
            "comment id": 67,
            "parent": -1,
            "children": [],
            "user id": "5475799129",
            "user name": "洋洋快来吃糖",
            "content": "诱因，并不是主因有人抽烟抽了一辈子也活到九十高寿有人作息规律烟酒不沾还不是得肺癌，人和人总是不一样的",
            "time": "15-11-14 09:34"
        },
        {
            "comment id": 68,
            "parent": -1,
            "children": [],
            "user id": "1772408044",
            "user name": "黎明的巷子口",
            "content": "显然不是很规律",
            "time": "15-11-14 09:34"
        },
        {
            "comment id": 69,
            "parent": -1,
            "children": [],
            "user id": "5713613966",
            "user name": "淮信院15级应心团支部",
            "content": "小伙伴们 下午三点之后不适合再喝咖啡☕你们知道么🕑为了身体 要好好睡觉噢",
            "time": "15-11-14 09:33"
        },
        {
            "comment id": 70,
            "parent": -1,
            "children": [],
            "user id": "3314047407",
            "user name": "Stella限定TZTO",
            "content": "@黑人岁月",
            "time": "15-11-14 09:33"
        },
        {
            "comment id": 71,
            "parent": -1,
            "children": [],
            "user id": "2603372462",
            "user name": "成者为王Dwade",
            "content": "晚上不想睡，早晨睡不醒",
            "time": "15-11-14 09:30"
        },
        {
            "comment id": 72,
            "parent": -1,
            "children": [],
            "user id": "5023392448",
            "user name": "飞龙冲霄汉",
            "content": "过头了啊",
            "time": "15-11-14 09:29"
        },
        {
            "comment id": 73,
            "parent": -1,
            "children": [],
            "user id": "1714557191",
            "user name": "尉迟郁薇",
            "content": "@划着酸奶盖游世界",
            "time": "15-11-14 09:29"
        },
        {
            "comment id": 74,
            "parent": -1,
            "children": [],
            "user id": "1794989823",
            "user name": "夕川玖叶",
            "content": "通宵-死睡-不吃晚餐",
            "time": "15-11-14 09:29"
        },
        {
            "comment id": 75,
            "parent": -1,
            "children": [],
            "user id": "1797115233",
            "user name": "激动先进",
            "content": "@寂静的水 珍重",
            "time": "15-11-14 09:29"
        },
        {
            "comment id": 76,
            "parent": -1,
            "children": [],
            "user id": "5758763582",
            "user name": "梦三生浮世花775",
            "content": "以后生活一定得规律啊！",
            "time": "15-11-14 09:28"
        }
    ]
}