{
    "source": {
        "content": "【美总统候选人妄言：要坐空军一号飞越南海岛礁】当地时间11月10日晚，共和党参选人第四场辩论会在密尔沃基举行。共和党参选人新泽西州州长克里斯蒂称，要让中国知道美国在南海问题上是“认真的”，因而在他当选总统后要做的第一件事就是让“空军一号”飞过中国南海岛礁的上空。美共和党参选人叫嚣：若当选总统 要让空军一号飞过南海上空 ",
        "time": "15-11-11 18:30",
        "user id": "1974576991",
        "tweet id": "D3nHJA9ai",
        "label": 0,
        "theme": "军事"
    },
    "comment": [
        {
            "comment id": 0,
            "parent": -1,
            "children": [],
            "user id": "1973294833",
            "user name": "春天里辣个百花香1818",
            "content": "又不打个架，成天瞎吵吵！",
            "time": "16-7-12 18:20"
        },
        {
            "comment id": 1,
            "parent": -1,
            "children": [],
            "user id": "1541385821",
            "user name": "人生有棋",
            "content": "转发微博",
            "time": "15-11-16 09:27"
        },
        {
            "comment id": 2,
            "parent": -1,
            "children": [],
            "user id": "1879435764",
            "user name": "过儿张翼",
            "content": "直接打下来喂狗",
            "time": "15-11-12 11:45"
        },
        {
            "comment id": 3,
            "parent": -1,
            "children": [],
            "user id": "3732566031",
            "user name": "退博与世无争",
            "content": "You want fight？Fine~",
            "time": "15-11-12 11:23"
        },
        {
            "comment id": 4,
            "parent": -1,
            "children": [],
            "user id": "1171798650",
            "user name": "like-the-water",
            "content": "祝愿你能够成为美国历史上第一个因为侵犯别国领土主权，而丧生的美国总统！",
            "time": "15-11-12 11:03"
        },
        {
            "comment id": 5,
            "parent": -1,
            "children": [],
            "user id": "5538441350",
            "user name": "钓诗勾",
            "content": "等着被打下来。",
            "time": "15-11-12 10:48"
        },
        {
            "comment id": 6,
            "parent": -1,
            "children": [],
            "user id": "2860192042",
            "user name": "雪白妹妹",
            "content": "别管他们  最近米国碰了一脸的灰  是有点难恢复平静的心  就当它吠吠好了   我们更多要做的事 团结一致",
            "time": "15-11-12 10:47"
        },
        {
            "comment id": 7,
            "parent": -1,
            "children": [],
            "user id": "3902415587",
            "user name": "STI天府涉外",
            "content": "四川有一句话叫：绷批 ，绷卡 ，绷奶奶大！！！！！！",
            "time": "15-11-12 10:47"
        },
        {
            "comment id": 8,
            "parent": -1,
            "children": [],
            "user id": "2308055633",
            "user name": "大眼灯的一天",
            "content": "然后中国把他射下来",
            "time": "15-11-12 10:23"
        },
        {
            "comment id": 9,
            "parent": -1,
            "children": [],
            "user id": "5546757460",
            "user name": "小喵喵水彩",
            "content": "成全这厮好了，让他有来无回",
            "time": "15-11-12 07:56"
        },
        {
            "comment id": 10,
            "parent": -1,
            "children": [],
            "user id": "2808843782",
            "user name": "胸前的红领巾又鲜艳了",
            "content": "反正他又当不上，能炒一天是一天",
            "time": "15-11-11 23:46"
        },
        {
            "comment id": 11,
            "parent": -1,
            "children": [],
            "user id": "5619258240",
            "user name": "留下的士兵",
            "content": "到时候他来国事访问一下，评论傻眼了吧?",
            "time": "15-11-11 23:37"
        },
        {
            "comment id": 12,
            "parent": -1,
            "children": [],
            "user id": "2475719790",
            "user name": "俗世漫步",
            "content": "做总统的智慧去哪儿了？",
            "time": "15-11-11 23:30"
        },
        {
            "comment id": 13,
            "parent": -1,
            "children": [],
            "user id": "1105476414",
            "user name": "老虎不吃人119",
            "content": "南海中美博弈是中国成长必然要面对的，连美国都对付不了，如何成为强国。",
            "time": "15-11-11 23:21"
        },
        {
            "comment id": 14,
            "parent": -1,
            "children": [],
            "user id": "5018267371",
            "user name": "玉面小黑黑",
            "content": "如果中国的飞机在美国家门口溜达一圈估计连废铁都找不见了！",
            "time": "15-11-11 23:07"
        },
        {
            "comment id": 15,
            "parent": -1,
            "children": [],
            "user id": "2537064912",
            "user name": "盖Johnny",
            "content": "这个牛逼吹的我给负分",
            "time": "15-11-11 22:57"
        },
        {
            "comment id": 16,
            "parent": -1,
            "children": [],
            "user id": "2513819343",
            "user name": "蓝色天空蓝色天空",
            "content": "为什么美国总统一换届竞选就找中国的茬造势拉选票呢？值得反思警醒阿",
            "time": "15-11-11 22:52"
        },
        {
            "comment id": 17,
            "parent": -1,
            "children": [],
            "user id": "3337140992",
            "user name": "鹿澧侯",
            "content": "让你知道什么叫做有来无回去你大爷的",
            "time": "15-11-11 22:34"
        },
        {
            "comment id": 18,
            "parent": -1,
            "children": [],
            "user id": "1068818673",
            "user name": "BicSuntDracones",
            "content": "南海渔民自发放十万热气球氢气球\"欢迎\"空军一号",
            "time": "15-11-11 22:34"
        },
        {
            "comment id": 19,
            "parent": -1,
            "children": [],
            "user id": "1654032944",
            "user name": "加班男",
            "content": "披着自由民主外皮的流氓",
            "time": "15-11-11 22:33"
        },
        {
            "comment id": 20,
            "parent": -1,
            "children": [],
            "user id": "3178598725",
            "user name": "姜糖突突",
            "content": "飞一个吧，迫降跑道都为你修好了",
            "time": "15-11-11 22:33"
        },
        {
            "comment id": 21,
            "parent": -1,
            "children": [],
            "user id": "3292705021",
            "user name": "任渭房",
            "content": "也不能就认为是吓唬中国，但是美国敢于吓唬你也就基本说明了问题。过去中国在南海问题上认为这是属于中国说了算的事情，别人无权过问也无权插手，其实是不懂得世界秩序是由谁维护的，谁敢破坏必有人出头，这个人中国还没有较量过。",
            "time": "15-11-11 22:26"
        },
        {
            "comment id": 22,
            "parent": -1,
            "children": [],
            "user id": "1769383360",
            "user name": "快乐的牛牛0755",
            "content": "坐等他来",
            "time": "15-11-11 22:26"
        },
        {
            "comment id": 23,
            "parent": -1,
            "children": [],
            "user id": "1408894583",
            "user name": "背心他爹James",
            "content": "“洗洗睡吧，说的好像他能选上一样”，台下三百多名总统候选人哄堂大笑",
            "time": "15-11-11 22:22"
        },
        {
            "comment id": 24,
            "parent": -1,
            "children": [],
            "user id": "1654214721",
            "user name": "要什么宝格丽小蛮腰",
            "content": "美帝洗洗睡吧，我天朝忙着呢",
            "time": "15-11-11 22:19"
        },
        {
            "comment id": 25,
            "parent": -1,
            "children": [],
            "user id": "3910938744",
            "user name": "梵瑄",
            "content": "回复@SY和平:",
            "time": "15-11-11 22:08"
        },
        {
            "comment id": 26,
            "parent": -1,
            "children": [],
            "user id": "2543575045",
            "user name": "CEO宋小帅",
            "content": "然而一个导弹",
            "time": "15-11-11 22:04"
        },
        {
            "comment id": 27,
            "parent": -1,
            "children": [],
            "user id": "2661311527",
            "user name": "三角洲dsw",
            "content": "来就来  干嘛要发言！",
            "time": "15-11-11 22:01"
        },
        {
            "comment id": 28,
            "parent": -1,
            "children": [],
            "user id": "1401562301",
            "user name": "浮世草子先生",
            "content": "回复@经济新论:鼓吹自杀带不来。",
            "time": "15-11-11 21:59"
        },
        {
            "comment id": 29,
            "parent": -1,
            "children": [],
            "user id": "5219097531",
            "user name": "天涯若比邻03",
            "content": "中国二炮导弹一定要做好准备，只要他狗日的敢来就打下来喂鳖",
            "time": "15-11-11 21:59"
        },
        {
            "comment id": 30,
            "parent": -1,
            "children": [],
            "user id": "2956851272",
            "user name": "我就是马强",
            "content": "这个大鸟能打下来不？",
            "time": "15-11-11 21:57"
        },
        {
            "comment id": 31,
            "parent": -1,
            "children": [],
            "user id": "1837478871",
            "user name": "Sy怀路",
            "content": "让你葬身南海 美国佬",
            "time": "15-11-11 21:56"
        },
        {
            "comment id": 32,
            "parent": -1,
            "children": [],
            "user id": "1752953847",
            "user name": "北落师门_跪求五星英灵",
            "content": "@无敌饼干姐 请教主去南海转一圈吧",
            "time": "15-11-11 21:48"
        },
        {
            "comment id": 33,
            "parent": -1,
            "children": [],
            "user id": "2763352675",
            "user name": "桂树gg",
            "content": "",
            "time": "15-11-11 21:48"
        },
        {
            "comment id": 34,
            "parent": -1,
            "children": [],
            "user id": "1278557704",
            "user name": "阿金爱直跑",
            "content": "如果我当选空军司令，我做的第一件事就是要将那臭X空军一号击落，让美国佬知道中国在南海问题上也是认真的。",
            "time": "15-11-11 21:44"
        },
        {
            "comment id": 35,
            "parent": -1,
            "children": [],
            "user id": "3911666297",
            "user name": "鹿英俊在辣里别动等着我",
            "content": "不带我家不会红，别倒贴行不",
            "time": "15-11-11 21:41"
        },
        {
            "comment id": 36,
            "parent": -1,
            "children": [],
            "user id": "2438208042",
            "user name": "美国囧统",
            "content": "回复@tom_crt:哦，百度上李登辉还说钓鱼岛是日本的",
            "time": "15-11-11 21:37"
        },
        {
            "comment id": 37,
            "parent": -1,
            "children": [],
            "user id": "3570510803",
            "user name": "警钟长鸣___",
            "content": "打下来喂海龟",
            "time": "15-11-11 21:31"
        },
        {
            "comment id": 38,
            "parent": -1,
            "children": [],
            "user id": "3348364400",
            "user name": "云卷云舒_88704",
            "content": "你敢来我们就敢揍你！",
            "time": "15-11-11 21:26"
        },
        {
            "comment id": 39,
            "parent": -1,
            "children": [],
            "user id": "1410624104",
            "user name": "Sam的微博客",
            "content": "欢迎飞越我国南海岛礁",
            "time": "15-11-11 20:56"
        },
        {
            "comment id": 40,
            "parent": -1,
            "children": [],
            "user id": "3093272291",
            "user name": "肚肚1991",
            "content": "那谁，莫装逼！中国领土不可侵犯，装逼遭雷劈！",
            "time": "15-11-11 20:52"
        },
        {
            "comment id": 41,
            "parent": -1,
            "children": [],
            "user id": "2606616433",
            "user name": "Camel_胖仔",
            "content": "届时中国的战机将会带弹，为你们做战术绕飞动作",
            "time": "15-11-11 20:51"
        },
        {
            "comment id": 42,
            "parent": -1,
            "children": [],
            "user id": "2994351141",
            "user name": "李团长并带不来云龙",
            "content": "我觉得是未来副总统怂恿的",
            "time": "15-11-11 20:50"
        },
        {
            "comment id": 43,
            "parent": -1,
            "children": [],
            "user id": "5329055146",
            "user name": "韦柯然他爸",
            "content": "让你有来无回！",
            "time": "15-11-11 20:45"
        },
        {
            "comment id": 44,
            "parent": -1,
            "children": [],
            "user id": "3098045421",
            "user name": "BEBO-9",
            "content": "你看到副总统兴奋的小眼神了吗",
            "time": "15-11-11 20:42"
        },
        {
            "comment id": 45,
            "parent": -1,
            "children": [],
            "user id": "3609410232",
            "user name": "川K小伙在渝住",
            "content": "你知道mh370为什么现在还找不到吗？",
            "time": "15-11-11 20:39"
        },
        {
            "comment id": 46,
            "parent": -1,
            "children": [],
            "user id": "3626028317",
            "user name": "一个普通军迷的坚持",
            "content": "回复@飛雨同翔:战机跟也是分情况的，是普通的伴飞还是桶滚机动",
            "time": "15-11-11 20:35"
        },
        {
            "comment id": 47,
            "parent": -1,
            "children": [],
            "user id": "2140941691",
            "user name": "巴盟大小事",
            "content": "来吧，只要你有胆",
            "time": "15-11-11 20:33"
        },
        {
            "comment id": 48,
            "parent": -1,
            "children": [],
            "user id": "3626028317",
            "user name": "一个普通军迷的坚持",
            "content": "空军一号还是不要拿来乱飞的好",
            "time": "15-11-11 20:32"
        },
        {
            "comment id": 49,
            "parent": -1,
            "children": [],
            "user id": "2385745635",
            "user name": "Hai一壶春",
            "content": "来吧总统先生，红旗导弹已准备好……真是脑袋被门夹了吧",
            "time": "15-11-11 20:23"
        },
        {
            "comment id": 50,
            "parent": -1,
            "children": [],
            "user id": "1647112942",
            "user name": "问叹婉容凌霜",
            "content": "@中国航天科工 赶紧把你家的东西拉出来遛遛",
            "time": "15-11-11 20:21"
        },
        {
            "comment id": 51,
            "parent": -1,
            "children": [],
            "user id": "2438208042",
            "user name": "美国囧统",
            "content": "回复@tom_crt:根据呢",
            "time": "15-11-11 20:18"
        },
        {
            "comment id": 52,
            "parent": -1,
            "children": [],
            "user id": "1451555205",
            "user name": "有雅兴",
            "content": "这种水平！就让他当总统好不好。",
            "time": "15-11-11 20:16"
        },
        {
            "comment id": 53,
            "parent": -1,
            "children": [],
            "user id": "2039291037",
            "user name": "Sunnygao888",
            "content": "呵呵，迫降永署岛，再来个CX7运回切成的小片吧，人留下当囚长吧!",
            "time": "15-11-11 20:14"
        },
        {
            "comment id": 54,
            "parent": -1,
            "children": [],
            "user id": "2652682521",
            "user name": "不惑我之年",
            "content": "美国佬会选克里斯蒂这头猪做总统么？",
            "time": "15-11-11 20:08"
        },
        {
            "comment id": 55,
            "parent": -1,
            "children": [],
            "user id": "5693453382",
            "user name": "zbing芳_",
            "content": "爱飞飞吧，就当你来中国访问。",
            "time": "15-11-11 20:08"
        },
        {
            "comment id": 56,
            "parent": -1,
            "children": [],
            "user id": "2117379634",
            "user name": "耶路撒冷不太热",
            "content": "这还不击落？",
            "time": "15-11-11 20:06"
        },
        {
            "comment id": 57,
            "parent": -1,
            "children": [],
            "user id": "2101134585",
            "user name": "风子凯行天下",
            "content": "来吧，二炮已做好准备",
            "time": "15-11-11 20:03"
        },
        {
            "comment id": 58,
            "parent": -1,
            "children": [],
            "user id": "1401562301",
            "user name": "浮世草子先生",
            "content": "回复@经济新论:美国人的祖先是哪儿来的？说攻击英国，疯了吧。",
            "time": "15-11-11 20:00"
        },
        {
            "comment id": 59,
            "parent": -1,
            "children": [],
            "user id": "2663819371",
            "user name": "白云孤飞123",
            "content": "欢迎飞跃中国领空，中国导弹为你护航。",
            "time": "15-11-11 20:00"
        },
        {
            "comment id": 60,
            "parent": -1,
            "children": [],
            "user id": "2095122523",
            "user name": "黑巧奥利奥",
            "content": "Biu~Biu~Biu~",
            "time": "15-11-11 19:57"
        },
        {
            "comment id": 61,
            "parent": -1,
            "children": [],
            "user id": "3294728844",
            "user name": "花雨满天123",
            "content": "说这种话，就决定他当不了总统！",
            "time": "15-11-11 19:56"
        },
        {
            "comment id": 62,
            "parent": -1,
            "children": [],
            "user id": "2133929514",
            "user name": "ty没事偷着乐",
            "content": "我兔萌萌哒，么么哒",
            "time": "15-11-11 19:55"
        },
        {
            "comment id": 63,
            "parent": -1,
            "children": [],
            "user id": "2438922404",
            "user name": "普兰明珠玛旁雍错",
            "content": "美国佬怎么一竞选总统就把中国搬上了台面。看样子韬光养晦还有惯性。",
            "time": "15-11-11 19:55"
        },
        {
            "comment id": 64,
            "parent": -1,
            "children": [],
            "user id": "2545100524",
            "user name": "云高风清淡定观世间",
            "content": "当然可以飞越，是作为美国总统访华",
            "time": "15-11-11 19:53"
        },
        {
            "comment id": 65,
            "parent": -1,
            "children": [],
            "user id": "3227102814",
            "user name": "风围沁",
            "content": "坚决打下来！！！！！！！",
            "time": "15-11-11 19:53"
        },
        {
            "comment id": 66,
            "parent": -1,
            "children": [],
            "user id": "2053066205",
            "user name": "Herrwang_",
            "content": "有种过来让天朝人民开开眼界喽。",
            "time": "15-11-11 19:50"
        },
        {
            "comment id": 67,
            "parent": -1,
            "children": [],
            "user id": "1374624727",
            "user name": "素衣枫霏",
            "content": "每次大选都这样",
            "time": "15-11-11 19:48"
        },
        {
            "comment id": 68,
            "parent": -1,
            "children": [],
            "user id": "3693691017",
            "user name": "MsQianxiao",
            "content": "你敢飞，我们就敢轰！",
            "time": "15-11-11 19:46"
        },
        {
            "comment id": 69,
            "parent": -1,
            "children": [],
            "user id": "1010775861",
            "user name": "心宽则天晴",
            "content": "马戈壁，让它有来无回。不操他娘他不管你叫爹。",
            "time": "15-11-11 19:45"
        },
        {
            "comment id": 70,
            "parent": -1,
            "children": [],
            "user id": "3905152482",
            "user name": "生煎与莜面",
            "content": "从此，他有去无回",
            "time": "15-11-11 19:41"
        },
        {
            "comment id": 71,
            "parent": -1,
            "children": [],
            "user id": "3012744293",
            "user name": "-再見孫悟空-",
            "content": "2020年最期待电影：失联，空军一号",
            "time": "15-11-11 19:40"
        },
        {
            "comment id": 72,
            "parent": -1,
            "children": [],
            "user id": "1937262533",
            "user name": "JunnuL",
            "content": "小伙伴们，准备打飞机咯。",
            "time": "15-11-11 19:39"
        },
        {
            "comment id": 73,
            "parent": -1,
            "children": [],
            "user id": "1450148823",
            "user name": "路鱼路鱼",
            "content": "送死",
            "time": "15-11-11 19:36"
        },
        {
            "comment id": 74,
            "parent": -1,
            "children": [],
            "user id": "3316096033",
            "user name": "晨光熹微_演着想念",
            "content": "让你飞上去下不来！",
            "time": "15-11-11 19:35"
        },
        {
            "comment id": 75,
            "parent": -1,
            "children": [],
            "user id": "1961997971",
            "user name": "上海-皆不是",
            "content": "一定要严防死守，绝不能少一颗导弹，否则我们在国际上说不清楚……",
            "time": "15-11-11 19:34"
        },
        {
            "comment id": 76,
            "parent": -1,
            "children": [],
            "user id": "1615198603",
            "user name": "欲为所不为",
            "content": "他们为了竞选什么话都说的出口",
            "time": "15-11-11 19:33"
        },
        {
            "comment id": 77,
            "parent": -1,
            "children": [],
            "user id": "1689397257",
            "user name": "玥海孤魂",
            "content": "  最后不要，不想你一上任就搞丧礼了",
            "time": "15-11-11 19:32"
        },
        {
            "comment id": 78,
            "parent": -1,
            "children": [],
            "user id": "2262191557",
            "user name": "零3开3始18",
            "content": "一般吹牛逼的都死的早，上一个跟中国吹牛逼的人坟头草已经3米了",
            "time": "15-11-11 19:32"
        },
        {
            "comment id": 79,
            "parent": -1,
            "children": [],
            "user id": "2003328491",
            "user name": "糖炒栗子有点甜吖",
            "content": "打鸟咯",
            "time": "15-11-11 19:29"
        }
    ]
}