{
    "source": {
        "content": "#涨点姿势#棉花糖还能这么玩，特别佩服那些把小事做精的人！网页链接 ",
        "time": "15-11-14 11:59",
        "user id": "1642512402",
        "tweet id": "D3NqI6FlX",
        "label": 0,
        "theme": "文体娱乐"
    },
    "comment": [
        {
            "comment id": 0,
            "parent": -1,
            "children": [],
            "user id": "5661460791",
            "user name": "鱼丸粗面耀鱼丸",
            "content": "回复@YS殷卓夫:听说在重庆，以后去了给你买",
            "time": "16-4-20 09:03"
        },
        {
            "comment id": 1,
            "parent": -1,
            "children": [],
            "user id": "5653712128",
            "user name": "东湖里的那条鱼",
            "content": "@大田阿斗 我要吃",
            "time": "16-4-19 23:21"
        },
        {
            "comment id": 2,
            "parent": -1,
            "children": [],
            "user id": "2843831784",
            "user name": "ChenPeiLin_",
            "content": "@BLZY_QXXXN 感觉好简单",
            "time": "16-2-10 08:35"
        },
        {
            "comment id": 3,
            "parent": -1,
            "children": [],
            "user id": "1950950010",
            "user name": "萌萌齐0115",
            "content": "@aaa_875",
            "time": "16-1-8 19:16"
        },
        {
            "comment id": 4,
            "parent": -1,
            "children": [],
            "user id": "3110426127",
            "user name": "HOTARUTYANN",
            "content": "回复@cb_cl:磁器口。。。个人觉得吃起来没有看起来感觉好",
            "time": "15-11-16 12:19"
        },
        {
            "comment id": 5,
            "parent": -1,
            "children": [],
            "user id": "2485662030",
            "user name": "兔子带走了",
            "content": "回复@东方季子:",
            "time": "15-11-15 20:38"
        },
        {
            "comment id": 6,
            "parent": -1,
            "children": [],
            "user id": "2423174614",
            "user name": "Samsara-Emily",
            "content": "回复@sapphire悦:   吃前美就行",
            "time": "15-11-15 19:45"
        },
        {
            "comment id": 7,
            "parent": -1,
            "children": [],
            "user id": "5709436147",
            "user name": "我永远睡不够啊",
            "content": "好想吃",
            "time": "15-11-15 19:25"
        },
        {
            "comment id": 8,
            "parent": -1,
            "children": [],
            "user id": "1887127071",
            "user name": "Jolly_蒙蒙",
            "content": "好好看，可是看着这五颜六色的糖不敢吃啊",
            "time": "15-11-15 14:58"
        },
        {
            "comment id": 9,
            "parent": -1,
            "children": [],
            "user id": "5405511672",
            "user name": "苏苏小宝贝啊",
            "content": "十块在吗一个？",
            "time": "15-11-15 01:16"
        },
        {
            "comment id": 10,
            "parent": -1,
            "children": [],
            "user id": "3508621690",
            "user name": "secet",
            "content": "回复@MRJACHEN:想要",
            "time": "15-11-14 22:24"
        },
        {
            "comment id": 11,
            "parent": -1,
            "children": [],
            "user id": "3734882942",
            "user name": "哆拉咪法嗦",
            "content": "回复@这也太掉价了:我在看还珠格格",
            "time": "15-11-14 22:11"
        },
        {
            "comment id": 12,
            "parent": -1,
            "children": [],
            "user id": "2436235977",
            "user name": "有情感语录",
            "content": "真好看，真不错，但他这样弄不辛苦吗？",
            "time": "15-11-14 20:55"
        },
        {
            "comment id": 13,
            "parent": -1,
            "children": [],
            "user id": "1255682563",
            "user name": "Amering365",
            "content": "这才叫手艺人",
            "time": "15-11-14 20:02"
        },
        {
            "comment id": 14,
            "parent": -1,
            "children": [],
            "user id": "2948418077",
            "user name": "古镇胖仔",
            "content": "我看到有只苍蝇在飞来飞去",
            "time": "15-11-14 19:23"
        },
        {
            "comment id": 15,
            "parent": -1,
            "children": [],
            "user id": "5700323156",
            "user name": "Wing大粗腿",
            "content": "估计不舍得吃了吧",
            "time": "15-11-14 19:16"
        },
        {
            "comment id": 16,
            "parent": -1,
            "children": [],
            "user id": "2369206692",
            "user name": "YANHANYU格",
            "content": "全是色素..",
            "time": "15-11-14 18:53"
        },
        {
            "comment id": 17,
            "parent": -1,
            "children": [],
            "user id": "2721337443",
            "user name": "白米唐糖",
            "content": "回复@cb_cl:多少钱",
            "time": "15-11-14 18:18"
        },
        {
            "comment id": 18,
            "parent": -1,
            "children": [],
            "user id": "5279886905",
            "user name": "我怎么总是在意你的容颜",
            "content": "回复@黑夜里的烛光__YL:这不是我么",
            "time": "15-11-14 17:53"
        },
        {
            "comment id": 19,
            "parent": -1,
            "children": [],
            "user id": "2485662030",
            "user name": "兔子带走了",
            "content": "回复@东方季子:咬一口就成坨坨",
            "time": "15-11-14 17:38"
        },
        {
            "comment id": 20,
            "parent": -1,
            "children": [],
            "user id": "3129906627",
            "user name": "流景闲草",
            "content": "回复@左耳近情:那什么时候去看看",
            "time": "15-11-14 17:31"
        },
        {
            "comment id": 21,
            "parent": -1,
            "children": [],
            "user id": "1848115161",
            "user name": "-流浪的小乞丐--Candy",
            "content": "这棉花糖漂亮得都不舍得吃了吧！",
            "time": "15-11-14 16:54"
        },
        {
            "comment id": 22,
            "parent": -1,
            "children": [],
            "user id": "5305203279",
            "user name": "李大人1618",
            "content": "全部都是色素也想吃！",
            "time": "15-11-14 16:53"
        },
        {
            "comment id": 23,
            "parent": -1,
            "children": [],
            "user id": "5206364010",
            "user name": "拥有毛毛的猫",
            "content": "回复@Marcia1117:在哪里",
            "time": "15-11-14 16:28"
        },
        {
            "comment id": 24,
            "parent": -1,
            "children": [],
            "user id": "5206364010",
            "user name": "拥有毛毛的猫",
            "content": "好便宜！！哪里有！！",
            "time": "15-11-14 16:28"
        },
        {
            "comment id": 25,
            "parent": -1,
            "children": [],
            "user id": "5734201332",
            "user name": "Q杨5201314",
            "content": "一句谢谢挺好听",
            "time": "15-11-14 16:20"
        },
        {
            "comment id": 26,
            "parent": -1,
            "children": [],
            "user id": "2808529123",
            "user name": "雪松木-",
            "content": "好漂亮",
            "time": "15-11-14 16:00"
        },
        {
            "comment id": 27,
            "parent": -1,
            "children": [],
            "user id": "5720139975",
            "user name": "朝着目彪奋斗",
            "content": "",
            "time": "15-11-14 15:12"
        },
        {
            "comment id": 28,
            "parent": -1,
            "children": [],
            "user id": "3734882942",
            "user name": "哆拉咪法嗦",
            "content": "回复@这也太掉价了:我上次看，说是重庆磁器口的一家店。",
            "time": "15-11-14 14:59"
        },
        {
            "comment id": 29,
            "parent": -1,
            "children": [],
            "user id": "5453494402",
            "user name": "真真爱吃鱼",
            "content": "赞一个！",
            "time": "15-11-14 14:53"
        },
        {
            "comment id": 30,
            "parent": -1,
            "children": [],
            "user id": "2834032554",
            "user name": "迷迭香xaut",
            "content": "哪里有，我要去买",
            "time": "15-11-14 14:24"
        },
        {
            "comment id": 31,
            "parent": -1,
            "children": [],
            "user id": "3845060112",
            "user name": "边塞的妖精",
            "content": "好漂亮外国人可真会玩",
            "time": "15-11-14 14:13"
        },
        {
            "comment id": 32,
            "parent": -1,
            "children": [],
            "user id": "3129906627",
            "user name": "流景闲草",
            "content": "@左耳近情",
            "time": "15-11-14 14:02"
        },
        {
            "comment id": 33,
            "parent": -1,
            "children": [],
            "user id": "3960830707",
            "user name": "一一一一一Long",
            "content": "这么漂亮哪舍得吃啊",
            "time": "15-11-14 13:36"
        },
        {
            "comment id": 34,
            "parent": -1,
            "children": [],
            "user id": "1757799653",
            "user name": "喜欢森林的Kitty",
            "content": "想吃。。",
            "time": "15-11-14 13:26"
        },
        {
            "comment id": 35,
            "parent": -1,
            "children": [],
            "user id": "5662385524",
            "user name": "zoneing",
            "content": "哪里有得卖阿。。。。",
            "time": "15-11-14 13:22"
        },
        {
            "comment id": 36,
            "parent": -1,
            "children": [],
            "user id": "1865758133",
            "user name": "等一个妹妹看穿我的坚强",
            "content": "不敢吃，只敢看",
            "time": "15-11-14 13:18"
        },
        {
            "comment id": 37,
            "parent": -1,
            "children": [],
            "user id": "2423174614",
            "user name": "Samsara-Emily",
            "content": "@sapphire悦 这才叫棉花糖",
            "time": "15-11-14 13:18"
        },
        {
            "comment id": 38,
            "parent": -1,
            "children": [],
            "user id": "3183737962",
            "user name": "JinY00",
            "content": "大惊小怪 重庆多的是",
            "time": "15-11-14 13:14"
        },
        {
            "comment id": 39,
            "parent": -1,
            "children": [],
            "user id": "2664120264",
            "user name": "诉说的世界xi18",
            "content": "真想买一个，真好看",
            "time": "15-11-14 13:13"
        },
        {
            "comment id": 40,
            "parent": -1,
            "children": [],
            "user id": "3110426127",
            "user name": "HOTARUTYANN",
            "content": "我也有图 ",
            "time": "15-11-14 13:10"
        },
        {
            "comment id": 41,
            "parent": -1,
            "children": [],
            "user id": "5599952253",
            "user name": "Hello丶Wo",
            "content": "好漂亮",
            "time": "15-11-14 13:06"
        },
        {
            "comment id": 42,
            "parent": -1,
            "children": [],
            "user id": "1966986761",
            "user name": "景绷绷_",
            "content": "@景景拥抱你 想要",
            "time": "15-11-14 12:59"
        },
        {
            "comment id": 43,
            "parent": -1,
            "children": [],
            "user id": "2625645754",
            "user name": "追逐519051948",
            "content": "转发微博",
            "time": "15-11-14 12:59"
        },
        {
            "comment id": 44,
            "parent": -1,
            "children": [],
            "user id": "5184673801",
            "user name": "infinibysonYYS",
            "content": "@對RACHEL微笑YIP 请我!!!!",
            "time": "15-11-14 12:58"
        },
        {
            "comment id": 45,
            "parent": -1,
            "children": [],
            "user id": "5698563257",
            "user name": "漫迷米咪",
            "content": "这要怎么下口啊啊啊啊啊啊…………",
            "time": "15-11-14 12:58"
        },
        {
            "comment id": 46,
            "parent": -1,
            "children": [],
            "user id": "1724070124",
            "user name": "boz_x3",
            "content": "店家不是写着禁止拍照吗？",
            "time": "15-11-14 12:57"
        },
        {
            "comment id": 47,
            "parent": -1,
            "children": [],
            "user id": "1772933712",
            "user name": "蜗牛Joana",
            "content": "虽说棉花糖不好吃  但是碰到了还是会想买",
            "time": "15-11-14 12:52"
        },
        {
            "comment id": 48,
            "parent": -1,
            "children": [],
            "user id": "1905563444",
            "user name": "海与群",
            "content": "有手艺就是帮！",
            "time": "15-11-14 12:51"
        },
        {
            "comment id": 49,
            "parent": -1,
            "children": [],
            "user id": "1814646320",
            "user name": "_yAnLiN_",
            "content": "@没人扶的啊斗 好美啊",
            "time": "15-11-14 12:50"
        },
        {
            "comment id": 50,
            "parent": -1,
            "children": [],
            "user id": "5546298257",
            "user name": "水各一方7漪",
            "content": "哪儿有，好想吃",
            "time": "15-11-14 12:49"
        },
        {
            "comment id": 51,
            "parent": -1,
            "children": [],
            "user id": "5757039768",
            "user name": "笙箫何处无风情",
            "content": "哪里有卖的？",
            "time": "15-11-14 12:48"
        },
        {
            "comment id": 52,
            "parent": -1,
            "children": [],
            "user id": "2674996611",
            "user name": "321沐头人",
            "content": "虽然很厉害，很艺术，很美，很创新，但是色素太多了",
            "time": "15-11-14 12:48"
        },
        {
            "comment id": 53,
            "parent": -1,
            "children": [],
            "user id": "3218562192",
            "user name": "拿洛西",
            "content": "好厉害。买的人好有礼貌，说了谢谢！",
            "time": "15-11-14 12:46"
        },
        {
            "comment id": 54,
            "parent": -1,
            "children": [],
            "user id": "1973874181",
            "user name": "人民总统",
            "content": "在次证明人才在民间，猪狗在机关！",
            "time": "15-11-14 12:46"
        },
        {
            "comment id": 55,
            "parent": -1,
            "children": [],
            "user id": "1846104882",
            "user name": "orangetea1110",
            "content": "",
            "time": "15-11-14 12:44"
        },
        {
            "comment id": 56,
            "parent": -1,
            "children": [],
            "user id": "3016171220",
            "user name": "普通的sue",
            "content": "好美，下次遇到了一定买买买😍",
            "time": "15-11-14 12:44"
        },
        {
            "comment id": 57,
            "parent": -1,
            "children": [],
            "user id": "1794990392",
            "user name": "柿子宏了",
            "content": "好大一朵棉花糖",
            "time": "15-11-14 12:44"
        },
        {
            "comment id": 58,
            "parent": -1,
            "children": [],
            "user id": "5516875060",
            "user name": "柏拉圖的永恆2015",
            "content": "厉害",
            "time": "15-11-14 12:43"
        },
        {
            "comment id": 59,
            "parent": -1,
            "children": [],
            "user id": "2248358020",
            "user name": "鱼头笑哈哈哈哈",
            "content": "舍不得吃好棒啊",
            "time": "15-11-14 12:41"
        },
        {
            "comment id": 60,
            "parent": -1,
            "children": [],
            "user id": "5252277479",
            "user name": "汇美星艺术团",
            "content": "这个，看了之后，瞬间想吃棉花糖了。。。@Jay-Yang2",
            "time": "15-11-14 12:40"
        },
        {
            "comment id": 61,
            "parent": -1,
            "children": [],
            "user id": "2442671065",
            "user name": "淘淘huster",
            "content": "@施博书孰曙树  看着很好吃的样子",
            "time": "15-11-14 12:35"
        },
        {
            "comment id": 62,
            "parent": -1,
            "children": [],
            "user id": "3211562214",
            "user name": "淡风之影新号",
            "content": "@superJuen",
            "time": "15-11-14 12:35"
        },
        {
            "comment id": 63,
            "parent": -1,
            "children": [],
            "user id": "1834872102",
            "user name": "kellyly",
            "content": "@王俊博Ranen 想吃",
            "time": "15-11-14 12:33"
        },
        {
            "comment id": 64,
            "parent": -1,
            "children": [],
            "user id": "1939552732",
            "user name": "花醉美8899",
            "content": "牛！",
            "time": "15-11-14 12:30"
        },
        {
            "comment id": 65,
            "parent": -1,
            "children": [],
            "user id": "2946594837",
            "user name": "故事的黄小花oO",
            "content": "@妍小碗 @小仙的愿望",
            "time": "15-11-14 12:30"
        },
        {
            "comment id": 66,
            "parent": -1,
            "children": [],
            "user id": "5401668249",
            "user name": "我是黑黑黑子",
            "content": "好特别！！不过看起来不好吃- -",
            "time": "15-11-14 12:29"
        },
        {
            "comment id": 67,
            "parent": -1,
            "children": [],
            "user id": "2650655830",
            "user name": "唐er_",
            "content": "这得搁多少色素啊",
            "time": "15-11-14 12:27"
        },
        {
            "comment id": 68,
            "parent": -1,
            "children": [],
            "user id": "5757920659",
            "user name": "轩轩-1108",
            "content": "做棉花糖也是要智慧的，好像吃",
            "time": "15-11-14 12:25"
        },
        {
            "comment id": 69,
            "parent": -1,
            "children": [],
            "user id": "1703428972",
            "user name": "Utopian_belief",
            "content": "在哪卖啊",
            "time": "15-11-14 12:24"
        },
        {
            "comment id": 70,
            "parent": -1,
            "children": [],
            "user id": "5391748079",
            "user name": "黎又_咖啡版",
            "content": "好漂亮，大师，快收我为徒！我也要做着吃~",
            "time": "15-11-14 12:24"
        },
        {
            "comment id": 71,
            "parent": -1,
            "children": [],
            "user id": "3856929231",
            "user name": "虫虫飞儿_3395",
            "content": "真有想法，棉花糖也有不一样的玩法👍👍👍👍",
            "time": "15-11-14 12:22"
        },
        {
            "comment id": 72,
            "parent": -1,
            "children": [],
            "user id": "1957701425",
            "user name": "小石子zzzzzzz",
            "content": "各种色素大集合",
            "time": "15-11-14 12:18"
        },
        {
            "comment id": 73,
            "parent": -1,
            "children": [],
            "user id": "1763596325",
            "user name": "paxl000000",
            "content": "十来二十块钱了",
            "time": "15-11-14 12:17"
        },
        {
            "comment id": 74,
            "parent": -1,
            "children": [],
            "user id": "2332827123",
            "user name": "匿小爷",
            "content": "好漂亮呀，真有创意",
            "time": "15-11-14 12:14"
        },
        {
            "comment id": 75,
            "parent": -1,
            "children": [],
            "user id": "2142086041",
            "user name": "Chen1989Lee",
            "content": "你就是我心中的棉花糖",
            "time": "15-11-14 12:13"
        },
        {
            "comment id": 76,
            "parent": -1,
            "children": [],
            "user id": "3844534768",
            "user name": "春日陈小美",
            "content": "回复@刘璟纯有颗正直的心:后面写的禁止拍照",
            "time": "15-11-14 12:13"
        },
        {
            "comment id": 77,
            "parent": -1,
            "children": [],
            "user id": "1415134845",
            "user name": "灰鼠帝国",
            "content": "看见不同颜色的糖……第一反应是食品安全",
            "time": "15-11-14 12:13"
        },
        {
            "comment id": 78,
            "parent": -1,
            "children": [],
            "user id": "5515821709",
            "user name": "小木702",
            "content": "这不单单是棉花糖，这是艺术，这是创造 创新",
            "time": "15-11-14 12:11"
        },
        {
            "comment id": 79,
            "parent": -1,
            "children": [],
            "user id": "1840181301",
            "user name": "最爱昆德拉",
            "content": "所有用心做事的人都是值得尊敬的",
            "time": "15-11-14 12:11"
        }
    ]
}