{
    "source": {
        "content": "日本一幼儿园竞跑赛，排名第二的小哥跑到终点整个人都懵了！好萌！微博视频 ",
        "time": "15-11-14 12:10",
        "user id": "2289537274",
        "tweet id": "D3NuN1CVn",
        "label": 0,
        "theme": "社会生活"
    },
    "comment": [
        {
            "comment id": 0,
            "parent": -1,
            "children": [],
            "user id": "5248316638",
            "user name": "菠萝派达人",
            "content": "回复@浅浅Babe:哈哈哈哈哈哈哈哈哈",
            "time": "17-4-14 16:08"
        },
        {
            "comment id": 1,
            "parent": -1,
            "children": [],
            "user id": "1837317591",
            "user name": "过期网民",
            "content": "@我比你饿 超可爱2333",
            "time": "17-4-14 16:07"
        },
        {
            "comment id": 2,
            "parent": -1,
            "children": [],
            "user id": "1785402753",
            "user name": "回忆卫星站",
            "content": "回复@yukimurua:太可爱了",
            "time": "16-8-18 12:16"
        },
        {
            "comment id": 3,
            "parent": -1,
            "children": [],
            "user id": "2968979160",
            "user name": "perrydon0118",
            "content": "@Nothing1sEverything",
            "time": "16-8-18 11:41"
        },
        {
            "comment id": 4,
            "parent": -1,
            "children": [],
            "user id": "3914059147",
            "user name": "睡觉睡觉打呼噜",
            "content": "老师们好棒。",
            "time": "16-6-5 07:35"
        },
        {
            "comment id": 5,
            "parent": -1,
            "children": [],
            "user id": "2201071002",
            "user name": "与否-_-",
            "content": "回复@迦i-:哈哈哈 你说的好违心😂",
            "time": "16-5-22 21:39"
        },
        {
            "comment id": 6,
            "parent": -1,
            "children": [],
            "user id": "2201071002",
            "user name": "与否-_-",
            "content": "@迦i- 还有这个",
            "time": "16-5-22 21:12"
        },
        {
            "comment id": 7,
            "parent": -1,
            "children": [],
            "user id": "1690057727",
            "user name": "加芋圆和珍珠",
            "content": "@-你是我的江湖-- @-HeyimAmu @刘爽是谁呀 @xXIEr- @末路为殇",
            "time": "16-3-27 20:38"
        },
        {
            "comment id": 8,
            "parent": -1,
            "children": [],
            "user id": "5551481895",
            "user name": "人民公仆小李同学",
            "content": "@Descartes的情书   哈哈",
            "time": "16-2-25 18:29"
        },
        {
            "comment id": 9,
            "parent": -1,
            "children": [],
            "user id": "2560738855",
            "user name": "是朝花夕拾呀",
            "content": "@尧木L",
            "time": "16-2-13 23:02"
        },
        {
            "comment id": 10,
            "parent": -1,
            "children": [],
            "user id": "1913502004",
            "user name": "_鱼皮皮_",
            "content": "回复@隰有兔爰:大人也好配合哦",
            "time": "16-2-13 20:10"
        },
        {
            "comment id": 11,
            "parent": -1,
            "children": [],
            "user id": "1751291164",
            "user name": "晴晴Meow",
            "content": "回复@隰有兔爰:没带子他不懂过了哈哈哈哈哈",
            "time": "16-2-13 15:44"
        },
        {
            "comment id": 12,
            "parent": -1,
            "children": [],
            "user id": "1841254714",
            "user name": "隰有兔爰",
            "content": "@鱼加鱼蛋 @晴晴_Evelyn 可爱啊哈哈",
            "time": "16-2-13 15:37"
        },
        {
            "comment id": 13,
            "parent": -1,
            "children": [],
            "user id": "2308272071",
            "user name": "肉丝肉丝肉肉丝",
            "content": "@HazelLancaster",
            "time": "16-2-12 15:49"
        },
        {
            "comment id": 14,
            "parent": -1,
            "children": [],
            "user id": "3525571500",
            "user name": "胡不了er",
            "content": "@王思聪",
            "time": "16-2-5 23:16"
        },
        {
            "comment id": 15,
            "parent": -1,
            "children": [],
            "user id": "1858437432",
            "user name": "包子不姓包",
            "content": "@彬小主 一起为老师点个赞",
            "time": "16-1-15 16:38"
        },
        {
            "comment id": 16,
            "parent": -1,
            "children": [],
            "user id": "2250449845",
            "user name": "執念-7Elan",
            "content": "@Mrs东恒",
            "time": "16-1-12 14:48"
        },
        {
            "comment id": 17,
            "parent": -1,
            "children": [],
            "user id": "1826386160",
            "user name": "Angela1985",
            "content": "",
            "time": "16-1-9 19:19"
        },
        {
            "comment id": 18,
            "parent": -1,
            "children": [],
            "user id": "1728153547",
            "user name": "Frank00ie",
            "content": "@VickyBwingBwing ",
            "time": "16-1-9 00:09"
        },
        {
            "comment id": 19,
            "parent": -1,
            "children": [],
            "user id": "1146870633",
            "user name": "知足旭儿",
            "content": "这孩子 太可爱了，工作人员太了解孩子 的心了//@米糕炒辣面: 太亲啦，工作人员反应也好快",
            "time": "16-1-5 13:52"
        },
        {
            "comment id": 20,
            "parent": -1,
            "children": [],
            "user id": "2631820971",
            "user name": "AnAn爱吃草莓",
            "content": "回复@陳希陳冠希:说好的绳子呢",
            "time": "15-12-31 13:29"
        },
        {
            "comment id": 21,
            "parent": -1,
            "children": [],
            "user id": "2829883672",
            "user name": "Mymomisgonnakillme",
            "content": "@XUQIAN倩倩哈密达 ",
            "time": "15-12-31 13:28"
        },
        {
            "comment id": 22,
            "parent": -1,
            "children": [],
            "user id": "5729764254",
            "user name": "你算哪块小饼干io",
            "content": "回复@_TERESA李:我看过这个",
            "time": "15-12-27 18:42"
        },
        {
            "comment id": 23,
            "parent": -1,
            "children": [],
            "user id": "5551481895",
            "user name": "人民公仆小李同学",
            "content": "@你好我叫不高兴000",
            "time": "15-12-27 15:03"
        },
        {
            "comment id": 24,
            "parent": -1,
            "children": [],
            "user id": "2462008792",
            "user name": "比高摄影01",
            "content": "回复@LeoUeovc:反应确实快，一般人真的不知道小孩在想什么，但是她们知道，",
            "time": "15-12-25 16:56"
        },
        {
            "comment id": 25,
            "parent": -1,
            "children": [],
            "user id": "2663830853",
            "user name": "璠爷是喵女良",
            "content": "@-wd小按钮- 这才叫有意思……",
            "time": "15-12-22 16:09"
        },
        {
            "comment id": 26,
            "parent": -1,
            "children": [],
            "user id": "1956058401",
            "user name": "江利川凛璃杏",
            "content": "@我也一也 哈哈哈超可爱！",
            "time": "15-12-13 17:52"
        },
        {
            "comment id": 27,
            "parent": -1,
            "children": [],
            "user id": "1957838097",
            "user name": "QianYunnnnnn",
            "content": "@演奏Bebop的肖邦 ",
            "time": "15-12-5 19:40"
        },
        {
            "comment id": 28,
            "parent": -1,
            "children": [],
            "user id": "2700904655",
            "user name": "大陆流侠",
            "content": "@黄白白柚",
            "time": "15-12-1 23:39"
        },
        {
            "comment id": 29,
            "parent": -1,
            "children": [],
            "user id": "1561237230",
            "user name": "想回火星的小丸子",
            "content": "回复@DylanLui:原来是这样啊，那为什么世界大赛不用泥跑道？换作中国幼儿园是这样跑道，估计下面都是一众指责，没人说什么泥跑道比塑胶跑道好了吧？呵呵",
            "time": "15-12-1 09:13"
        },
        {
            "comment id": 30,
            "parent": -1,
            "children": [],
            "user id": "1561237230",
            "user name": "想回火星的小丸子",
            "content": "回复@SoldierShenGRIL:你确定从跑个步能看出来教育？中国幼儿园孩子不跑步？",
            "time": "15-12-1 09:11"
        },
        {
            "comment id": 31,
            "parent": -1,
            "children": [],
            "user id": "1692340737",
            "user name": "豆十三飘",
            "content": "@豆豆儿的糖",
            "time": "15-11-30 19:53"
        },
        {
            "comment id": 32,
            "parent": -1,
            "children": [],
            "user id": "1743718641",
            "user name": "会飞的面包_Zz",
            "content": "@我是money媽 ",
            "time": "15-11-29 22:57"
        },
        {
            "comment id": 33,
            "parent": -1,
            "children": [],
            "user id": "2525643764",
            "user name": "撸起袖子打女巫",
            "content": "@OMG噢KIck-ass",
            "time": "15-11-29 22:38"
        },
        {
            "comment id": 34,
            "parent": -1,
            "children": [],
            "user id": "5538862116",
            "user name": "topinthesky",
            "content": "回复@史向微:",
            "time": "15-11-28 08:53"
        },
        {
            "comment id": 35,
            "parent": -1,
            "children": [],
            "user id": "1007742682",
            "user name": "X微gg",
            "content": "回复@花酒城南:啊我的第一名！！！",
            "time": "15-11-28 08:49"
        },
        {
            "comment id": 36,
            "parent": -1,
            "children": [],
            "user id": "5538862116",
            "user name": "topinthesky",
            "content": "@史向微",
            "time": "15-11-28 08:46"
        },
        {
            "comment id": 37,
            "parent": -1,
            "children": [],
            "user id": "2653502081",
            "user name": "青年小况",
            "content": "@梅澤天",
            "time": "15-11-27 23:10"
        },
        {
            "comment id": 38,
            "parent": -1,
            "children": [],
            "user id": "2609706595",
            "user name": "教练丶我想打篮球",
            "content": "回复@Cherylblingbling:。。",
            "time": "15-11-27 10:14"
        },
        {
            "comment id": 39,
            "parent": -1,
            "children": [],
            "user id": "1669516665",
            "user name": "豌豆公主Jacyee",
            "content": "回复@教练丶我想打篮球:我没有艾特过你吗。。。。很早之前就看过了",
            "time": "15-11-27 10:12"
        },
        {
            "comment id": 40,
            "parent": -1,
            "children": [],
            "user id": "2609706595",
            "user name": "教练丶我想打篮球",
            "content": "@Cherylblingbling 可爱",
            "time": "15-11-27 10:11"
        },
        {
            "comment id": 41,
            "parent": -1,
            "children": [],
            "user id": "3939876379",
            "user name": "只想活在秋天",
            "content": "回复@为了每天一袋奶:你自己生吧，一个幼儿园",
            "time": "15-11-26 16:36"
        },
        {
            "comment id": 42,
            "parent": -1,
            "children": [],
            "user id": "5112960565",
            "user name": "牛顿爱选B",
            "content": "回复@只想活在秋天:以后生个幼儿园出来",
            "time": "15-11-26 16:24"
        },
        {
            "comment id": 43,
            "parent": -1,
            "children": [],
            "user id": "3939876379",
            "user name": "只想活在秋天",
            "content": "@为了每天一袋奶 老公以后我们开个幼儿园哦",
            "time": "15-11-26 16:06"
        },
        {
            "comment id": 44,
            "parent": -1,
            "children": [],
            "user id": "5247982466",
            "user name": "crying__99",
            "content": "应该是觉得第一名居然会是别人一时没想开吧！",
            "time": "15-11-25 15:53"
        },
        {
            "comment id": 45,
            "parent": -1,
            "children": [],
            "user id": "1736605842",
            "user name": "4Ff7",
            "content": "哈哈哈哈@李大王铁汉柔情",
            "time": "15-11-24 14:43"
        },
        {
            "comment id": 46,
            "parent": -1,
            "children": [],
            "user id": "2840932313",
            "user name": "李晨是谁_",
            "content": "@朱雪竺不是猪",
            "time": "15-11-24 02:57"
        },
        {
            "comment id": 47,
            "parent": -1,
            "children": [],
            "user id": "2646273901",
            "user name": "拜托肥肉离我远一些",
            "content": "回复@凸A凸xxx:噗～",
            "time": "15-11-24 02:38"
        },
        {
            "comment id": 48,
            "parent": -1,
            "children": [],
            "user id": "1705432561",
            "user name": "凸A凸xxx",
            "content": "@爽歪了的默默 @Mooooohan",
            "time": "15-11-23 22:31"
        },
        {
            "comment id": 49,
            "parent": -1,
            "children": [],
            "user id": "1705432561",
            "user name": "凸A凸xxx",
            "content": "@别跟我说话我会咬人",
            "time": "15-11-23 22:29"
        },
        {
            "comment id": 50,
            "parent": -1,
            "children": [],
            "user id": "2056598937",
            "user name": "sweet久久百合",
            "content": "回复@Nen_Zhang:哈哈哈 冲刺的飘带某了不跑了 蒙了 哈哈",
            "time": "15-11-23 14:38"
        },
        {
            "comment id": 51,
            "parent": -1,
            "children": [],
            "user id": "1954406803",
            "user name": "哔哔哔-目标被发现",
            "content": "回复@行不行的_MissX:跟我一样萌",
            "time": "15-11-23 08:56"
        },
        {
            "comment id": 52,
            "parent": -1,
            "children": [],
            "user id": "1770060757",
            "user name": "还能不能支棱起来了",
            "content": "@小么么123456 太可爱了！没有终点线就没有了冲刺的理由……",
            "time": "15-11-22 20:50"
        },
        {
            "comment id": 53,
            "parent": -1,
            "children": [],
            "user id": "1858278592",
            "user name": "行不行的_MissX",
            "content": "@哔哔哔-目标被发现 ",
            "time": "15-11-22 20:48"
        },
        {
            "comment id": 54,
            "parent": -1,
            "children": [],
            "user id": "1779785283",
            "user name": "see_itoldya",
            "content": "@不让我改名字 啊哈哈哈哈哈哈",
            "time": "15-11-22 20:06"
        },
        {
            "comment id": 55,
            "parent": -1,
            "children": [],
            "user id": "2469785224",
            "user name": "敢笑yangguo不痴情",
            "content": "@杜则若是水瓶座 @jazmaine",
            "time": "15-11-22 18:26"
        },
        {
            "comment id": 56,
            "parent": -1,
            "children": [],
            "user id": "3186886964",
            "user name": "aleeeeeexx",
            "content": "@熊猫林只爱costa",
            "time": "15-11-22 15:45"
        },
        {
            "comment id": 57,
            "parent": -1,
            "children": [],
            "user id": "2469001212",
            "user name": "笑谈里_",
            "content": "@黑妹说我是肥仔",
            "time": "15-11-22 01:00"
        },
        {
            "comment id": 58,
            "parent": -1,
            "children": [],
            "user id": "2267281807",
            "user name": "轻轻荔",
            "content": "@聂彩晨JzZz",
            "time": "15-11-21 23:17"
        },
        {
            "comment id": 59,
            "parent": -1,
            "children": [],
            "user id": "2267281807",
            "user name": "轻轻荔",
            "content": "@聂彩晨JzZz",
            "time": "15-11-21 23:04"
        },
        {
            "comment id": 60,
            "parent": -1,
            "children": [],
            "user id": "1583945934",
            "user name": "邮差fish",
            "content": "@山人水石",
            "time": "15-11-21 22:25"
        },
        {
            "comment id": 61,
            "parent": -1,
            "children": [],
            "user id": "2590921671",
            "user name": "左Pain",
            "content": "@WinterW_dy what！？哦",
            "time": "15-11-21 20:32"
        },
        {
            "comment id": 62,
            "parent": -1,
            "children": [],
            "user id": "1743389355",
            "user name": "ico系度",
            "content": "天真烂漫就是这种",
            "time": "15-11-21 15:44"
        },
        {
            "comment id": 63,
            "parent": -1,
            "children": [],
            "user id": "5261116852",
            "user name": "Life_comedy",
            "content": "[愛你]暖心",
            "time": "15-11-20 22:13"
        },
        {
            "comment id": 64,
            "parent": -1,
            "children": [],
            "user id": "5380488437",
            "user name": "文光江",
            "content": "@Cvccc_c",
            "time": "15-11-20 15:24"
        },
        {
            "comment id": 65,
            "parent": -1,
            "children": [],
            "user id": "2952721660",
            "user name": "再减壹21",
            "content": "回复@让义夫:好像你、～～",
            "time": "15-11-20 10:51"
        },
        {
            "comment id": 66,
            "parent": -1,
            "children": [],
            "user id": "1841738781",
            "user name": "Bailun王",
            "content": "回复@Effy-lll:哪一个？",
            "time": "15-11-20 09:06"
        },
        {
            "comment id": 67,
            "parent": -1,
            "children": [],
            "user id": "2438118577",
            "user name": "小珂珂卡哇伊哦",
            "content": "@阳光明媚刘洒脱 @小白狐的泪",
            "time": "15-11-20 09:04"
        },
        {
            "comment id": 68,
            "parent": -1,
            "children": [],
            "user id": "5177636058",
            "user name": "Call_me_Zef",
            "content": "回复@钰明YKKKK:",
            "time": "15-11-20 09:00"
        },
        {
            "comment id": 69,
            "parent": -1,
            "children": [],
            "user id": "1750409022",
            "user name": "欸欸欸你个威武霸气的饭桶",
            "content": "@PacoTC",
            "time": "15-11-19 21:56"
        },
        {
            "comment id": 70,
            "parent": -1,
            "children": [],
            "user id": "1438831232",
            "user name": "合影吧迈克尔",
            "content": "回复@好粒粒:真够轴的",
            "time": "15-11-19 16:32"
        },
        {
            "comment id": 71,
            "parent": -1,
            "children": [],
            "user id": "3483579380",
            "user name": "曹大叔zzz",
            "content": "这个帽子日本比较小的孩子都会戴",
            "time": "15-11-19 16:26"
        },
        {
            "comment id": 72,
            "parent": -1,
            "children": [],
            "user id": "1801892471",
            "user name": "alu716",
            "content": "回复@五百万吨大象:哈哈哈哈 可爱完",
            "time": "15-11-19 11:27"
        },
        {
            "comment id": 73,
            "parent": -1,
            "children": [],
            "user id": "1718590933",
            "user name": "五百万吨大象",
            "content": " @lub-passion 好可爱",
            "time": "15-11-19 10:30"
        },
        {
            "comment id": 74,
            "parent": -1,
            "children": [],
            "user id": "2901602255",
            "user name": "menuettoZ",
            "content": "回复@茶马十三:哈哈哈哈 妈的 我的终点线呢",
            "time": "15-11-19 10:16"
        },
        {
            "comment id": 75,
            "parent": -1,
            "children": [],
            "user id": "2932631191",
            "user name": "kohyyyy",
            "content": "@UO玄青 哈哈哈好萌",
            "time": "15-11-19 09:10"
        },
        {
            "comment id": 76,
            "parent": -1,
            "children": [],
            "user id": "2995051234",
            "user name": "文大文儿呀",
            "content": "@GTHzzz @-MrKazu-",
            "time": "15-11-19 01:15"
        },
        {
            "comment id": 77,
            "parent": -1,
            "children": [],
            "user id": "1821906170",
            "user name": "浩浩荡荡的浩繁荣昌盛的昌",
            "content": "-_-||",
            "time": "15-11-19 00:04"
        },
        {
            "comment id": 78,
            "parent": -1,
            "children": [],
            "user id": "1654937027",
            "user name": "好粒粒",
            "content": "@合影吧迈克尔",
            "time": "15-11-18 23:44"
        },
        {
            "comment id": 79,
            "parent": -1,
            "children": [],
            "user id": "2059966853",
            "user name": "内鱼他爹",
            "content": "为什么老师能那么快反应过来。太懂孩子了哈哈哈",
            "time": "15-11-18 23:31"
        }
    ]
}