{
    "source": {
        "content": "【紧急寻人：云南2岁女孩失踪已3天】申娇，女，2岁半，高约80cm，8日14点10分左右，在昆明小板桥如意宾馆门前失踪。当时穿一套粉红色衣服、拖鞋，右手饰物有“申娇”字样。已报警，如有线索，请联系小板桥派出所0871—67361695。随手转发，让爱回家，扩散！@宝贝回家-中原 ",
        "time": "15-11-11 21:10",
        "user id": "1974576991",
        "tweet id": "D3oKGgOvQ",
        "label": 0,
        "theme": "社会生活"
    },
    "comment": [
        {
            "comment id": 0,
            "parent": -1,
            "children": [],
            "user id": "3775224831",
            "user name": "都叫我涛哥",
            "content": "请大家关注",
            "time": "15-11-18 18:44"
        },
        {
            "comment id": 1,
            "parent": -1,
            "children": [],
            "user id": "1283219923",
            "user name": "小金鱼麻麻-",
            "content": "",
            "time": "15-11-12 10:27"
        },
        {
            "comment id": 2,
            "parent": -1,
            "children": [],
            "user id": "5091744241",
            "user name": "兔小妞日记1987",
            "content": "这小孩像吗，不知道哪的，找家人呢 ",
            "time": "15-11-12 07:46"
        },
        {
            "comment id": 3,
            "parent": -1,
            "children": [],
            "user id": "5079906960",
            "user name": "乐观寸草心",
            "content": "//@风过可有痕: 支持//@闷油瓶:人贩一律死刑！",
            "time": "15-11-12 04:47"
        },
        {
            "comment id": 4,
            "parent": -1,
            "children": [],
            "user id": "1948223023",
            "user name": "Dear_Theo_VG",
            "content": "转发微博",
            "time": "15-11-12 02:50"
        },
        {
            "comment id": 5,
            "parent": -1,
            "children": [],
            "user id": "3946622503",
            "user name": "李光洙李光洙李光洙LD",
            "content": "@陈赫 @陈翔橙 @陳意涵 @范冰冰 @邓超 @郭艾伦 @回忆专用小马甲 @何炅 @William威廉陈伟霆 @張智霖",
            "time": "15-11-11 23:50"
        },
        {
            "comment id": 6,
            "parent": -1,
            "children": [],
            "user id": "2858031814",
            "user name": "大大大大大大大Ice",
            "content": "",
            "time": "15-11-11 22:51"
        },
        {
            "comment id": 7,
            "parent": -1,
            "children": [],
            "user id": "5134088337",
            "user name": "羲羲是个吃货哟",
            "content": "扩！",
            "time": "15-11-11 22:48"
        },
        {
            "comment id": 8,
            "parent": -1,
            "children": [],
            "user id": "5705464490",
            "user name": "二次元猫小姐biu",
            "content": "愿宝宝早点找到…",
            "time": "15-11-11 22:40"
        },
        {
            "comment id": 9,
            "parent": -1,
            "children": [],
            "user id": "5483452326",
            "user name": "-哪吒吃藕吗",
            "content": "帮k",
            "time": "15-11-11 22:07"
        },
        {
            "comment id": 10,
            "parent": -1,
            "children": [],
            "user id": "1648047391",
            "user name": "Marsmq",
            "content": "转发微博",
            "time": "15-11-11 22:04"
        },
        {
            "comment id": 11,
            "parent": -1,
            "children": [],
            "user id": "1036202010",
            "user name": "格桑梅朵7829",
            "content": "继续转发。",
            "time": "15-11-11 21:59"
        },
        {
            "comment id": 12,
            "parent": -1,
            "children": [],
            "user id": "3204947517",
            "user name": "真正的zgr",
            "content": "",
            "time": "15-11-11 21:48"
        },
        {
            "comment id": 13,
            "parent": -1,
            "children": [],
            "user id": "3226724857",
            "user name": "huxulian",
            "content": "转发微博",
            "time": "15-11-11 21:46"
        },
        {
            "comment id": 14,
            "parent": -1,
            "children": [],
            "user id": "1883539115",
            "user name": "我有两颗西班牙",
            "content": "昆明总是不那么太平",
            "time": "15-11-11 21:41"
        },
        {
            "comment id": 15,
            "parent": -1,
            "children": [],
            "user id": "1465477585",
            "user name": "无讼永安",
            "content": "",
            "time": "15-11-11 21:40"
        },
        {
            "comment id": 16,
            "parent": -1,
            "children": [],
            "user id": "3165903831",
            "user name": "牵润润",
            "content": "平生最恨人贩，做人贩的都是什么心",
            "time": "15-11-11 21:40"
        },
        {
            "comment id": 17,
            "parent": -1,
            "children": [],
            "user id": "5219097531",
            "user name": "天涯若比邻03",
            "content": "抓到人贩子一个个都要枪毙",
            "time": "15-11-11 21:36"
        },
        {
            "comment id": 18,
            "parent": -1,
            "children": [],
            "user id": "5539950255",
            "user name": "杨崽子444",
            "content": "刚平息了一个月咋又出现失踪案呢！拐孩子得真尼玛恨得牙痒痒！",
            "time": "15-11-11 21:29"
        },
        {
            "comment id": 19,
            "parent": -1,
            "children": [],
            "user id": "5551663265",
            "user name": "北风之神cjf",
            "content": "谁纵容了人犯",
            "time": "15-11-11 21:23"
        },
        {
            "comment id": 20,
            "parent": -1,
            "children": [],
            "user id": "1875301013",
            "user name": "盼望和谐11",
            "content": "转发微博",
            "time": "15-11-11 21:15"
        },
        {
            "comment id": 21,
            "parent": -1,
            "children": [],
            "user id": "2776820317",
            "user name": "带不走的海风",
            "content": "转发！！",
            "time": "15-11-11 21:14"
        },
        {
            "comment id": 22,
            "parent": -1,
            "children": [],
            "user id": "3700327415",
            "user name": "小和尚000000",
            "content": "【紧急寻人：云南2岁女孩失踪已3天】,,,,,希望你能早日团聚！！！",
            "time": "15-11-11 21:13"
        },
        {
            "comment id": 23,
            "parent": -1,
            "children": [],
            "user id": "1093016345",
            "user name": "闲达lili",
            "content": "两岁就80厘米了",
            "time": "15-11-11 21:12"
        },
        {
            "comment id": 24,
            "parent": -1,
            "children": [],
            "user id": "5343780968",
            "user name": "北冥有卡",
            "content": "转发微博",
            "time": "15-11-11 21:11"
        }
    ]
}