{
    "source": {
        "content": "【米兔·现场】#音乐中心# #VIXX#回归的极致舞台 Stop it girl&锁链 - MBC 音乐中心 现场版 15/11/14-VIXX 高清MV-音悦台  查看图片",
        "time": "15-11-14 16:05",
        "user id": "2482557597",
        "tweet id": "D3P2tDIRR",
        "label": 0,
        "theme": "文体娱乐"
    },
    "comment": [
        {
            "comment id": 0,
            "parent": -1,
            "children": [],
            "user id": "3921059281",
            "user name": "一花一世界两块肉",
            "content": "现场真的很棒啊！个人最喜欢弘彬part和前奏 简直了",
            "time": "15-11-16 10:01"
        },
        {
            "comment id": 1,
            "parent": -1,
            "children": [],
            "user id": "3624819660",
            "user name": "一只芝士流心挞",
            "content": "",
            "time": "15-11-15 23:45"
        },
        {
            "comment id": 2,
            "parent": -1,
            "children": [],
            "user id": "1860370373",
            "user name": "每天都在对牛弹琴",
            "content": "说到vixx想到的就是黑色",
            "time": "15-11-15 22:10"
        },
        {
            "comment id": 3,
            "parent": -1,
            "children": [],
            "user id": "2099069827",
            "user name": "不是逗逼也不是猴子是拖拉机少女",
            "content": "回复@_Leeman:呆萌呆萌！！！",
            "time": "15-11-15 21:10"
        },
        {
            "comment id": 4,
            "parent": -1,
            "children": [],
            "user id": "2315765230",
            "user name": "Backwater-",
            "content": "@CrystaL_1995",
            "time": "15-11-15 21:06"
        },
        {
            "comment id": 5,
            "parent": -1,
            "children": [],
            "user id": "5417296605",
            "user name": "Xia1F9_",
            "content": "回复@strings琪琪:谢了",
            "time": "15-11-15 19:59"
        },
        {
            "comment id": 6,
            "parent": -1,
            "children": [],
            "user id": "5019299089",
            "user name": "移动存钱罐-",
            "content": "河东变身",
            "time": "15-11-15 09:56"
        },
        {
            "comment id": 7,
            "parent": -1,
            "children": [],
            "user id": "1962132765",
            "user name": "反正爱不了一辈子",
            "content": "回复@兮兮_0705:对对对，我当初就是被综艺圈的哈哈哈哈",
            "time": "15-11-15 09:08"
        },
        {
            "comment id": 8,
            "parent": -1,
            "children": [],
            "user id": "1962132765",
            "user name": "反正爱不了一辈子",
            "content": "我们N麻麻本来就是反转魅力好嘛哈哈哈哈摩西大",
            "time": "15-11-15 09:06"
        },
        {
            "comment id": 9,
            "parent": -1,
            "children": [],
            "user id": "1962132765",
            "user name": "反正爱不了一辈子",
            "content": "啊啊啊啊啊啊啊啊啊啊啊啊啊啊啊啊啊",
            "time": "15-11-15 09:05"
        },
        {
            "comment id": 10,
            "parent": -1,
            "children": [],
            "user id": "3829122423",
            "user name": "二十八重否定",
            "content": "河东啊",
            "time": "15-11-15 01:43"
        },
        {
            "comment id": 11,
            "parent": -1,
            "children": [],
            "user id": "2574926244",
            "user name": "Renif1eur-",
            "content": "😍😍😍😍😍😍😍😍😍😍😍😍😍😍😍😍😍😍😍@Blingbling的蛇精病患者w",
            "time": "15-11-15 01:17"
        },
        {
            "comment id": 12,
            "parent": -1,
            "children": [],
            "user id": "2031530973",
            "user name": "来自R星球的逗逗",
            "content": "N",
            "time": "15-11-15 00:17"
        },
        {
            "comment id": 13,
            "parent": -1,
            "children": [],
            "user id": "5244959458",
            "user name": "这个也要聊吗",
            "content": "@_初次见面",
            "time": "15-11-14 23:32"
        },
        {
            "comment id": 14,
            "parent": -1,
            "children": [],
            "user id": "1569635730",
            "user name": "-蘑Goo-",
            "content": "回复@PandaMicky酱-:呦呵",
            "time": "15-11-14 23:29"
        },
        {
            "comment id": 15,
            "parent": -1,
            "children": [],
            "user id": "1889680941",
            "user name": "口香糖粘牙不粘牙粘牙不粘牙",
            "content": "河东啊",
            "time": "15-11-14 23:23"
        },
        {
            "comment id": 16,
            "parent": -1,
            "children": [],
            "user id": "3174291287",
            "user name": "-galaxypanda-",
            "content": "@-一顆蘑Goo- 哈哈哈",
            "time": "15-11-14 23:14"
        },
        {
            "comment id": 17,
            "parent": -1,
            "children": [],
            "user id": "1014974484",
            "user name": "想約會的時候請直接聯繫我",
            "content": "回复@Cindy涛同学:嗯，我也是看了电视剧才看了他的舞台，之前只觉得在哪里看到过 连名字都不知道现在  就知道叫N",
            "time": "15-11-14 23:13"
        },
        {
            "comment id": 18,
            "parent": -1,
            "children": [],
            "user id": "1952737562",
            "user name": "草莓兔爱喝桃花酒",
            "content": "河东是我的😍",
            "time": "15-11-14 23:10"
        },
        {
            "comment id": 19,
            "parent": -1,
            "children": [],
            "user id": "1954131843",
            "user name": "等待BIGBANG的少女",
            "content": "河东啊！！！",
            "time": "15-11-14 22:38"
        },
        {
            "comment id": 20,
            "parent": -1,
            "children": [],
            "user id": "2358393353",
            "user name": "城北洞旁的鸡翅烧烤摊",
            "content": "表白Ravi",
            "time": "15-11-14 22:38"
        },
        {
            "comment id": 21,
            "parent": -1,
            "children": [],
            "user id": "3456308614",
            "user name": "时生而已",
            "content": "河东儿~",
            "time": "15-11-14 22:29"
        },
        {
            "comment id": 22,
            "parent": -1,
            "children": [],
            "user id": "3634599037",
            "user name": "毛绒绒de蓬蓬",
            "content": "好帅帅~啃啃声音性感的不要不要的",
            "time": "15-11-14 22:01"
        },
        {
            "comment id": 23,
            "parent": -1,
            "children": [],
            "user id": "2621949305",
            "user name": "A巍巍巍i大大大大大大",
            "content": "好想吐槽新歌我怎么觉得又SM得味道，别打，我是真爱，真爱那只瘦高瘦高的金毛郑里欧大人~",
            "time": "15-11-14 21:50"
        },
        {
            "comment id": 24,
            "parent": -1,
            "children": [],
            "user id": "3922741552",
            "user name": "珍妮玛-德美",
            "content": "东",
            "time": "15-11-14 21:42"
        },
        {
            "comment id": 25,
            "parent": -1,
            "children": [],
            "user id": "5503172568",
            "user name": "果小冻吖小果冻",
            "content": "呜呜呜呜又被帅到无法喘息😭怎么可以每个人都这么好看！！！Leo爸爸你真的露的有点多哟🌚虽然N妈镜头少但也帅的不要不要的😭",
            "time": "15-11-14 21:24"
        },
        {
            "comment id": 26,
            "parent": -1,
            "children": [],
            "user id": "5175344585",
            "user name": "诠释黑夜26",
            "content": "leoleoleo",
            "time": "15-11-14 21:13"
        },
        {
            "comment id": 27,
            "parent": -1,
            "children": [],
            "user id": "3432416332",
            "user name": "i嘟大宝",
            "content": "N",
            "time": "15-11-14 20:59"
        },
        {
            "comment id": 28,
            "parent": -1,
            "children": [],
            "user id": "2689687124",
            "user name": "猕猴桃不吃鱼",
            "content": "这张专辑歌都很好听",
            "time": "15-11-14 20:49"
        },
        {
            "comment id": 29,
            "parent": -1,
            "children": [],
            "user id": "3515810031",
            "user name": "偶像女主思酱",
            "content": "回复@劳尔美少女:感觉还挺帅[抠鼻屎]回家看看",
            "time": "15-11-14 20:49"
        },
        {
            "comment id": 30,
            "parent": -1,
            "children": [],
            "user id": "2684156307",
            "user name": "只是活着而已life",
            "content": "河东啊，今天喝草莓牛奶没",
            "time": "15-11-14 20:38"
        },
        {
            "comment id": 31,
            "parent": -1,
            "children": [],
            "user id": "3855390602",
            "user name": "枫多黄晕together",
            "content": "粑粑的愿望达成了啊  因为粑粑说过里面不想穿",
            "time": "15-11-14 20:36"
        },
        {
            "comment id": 32,
            "parent": -1,
            "children": [],
            "user id": "5204186166",
            "user name": "我叫狗蛋我爱田玥",
            "content": "服装师一定是leo饭！！！这衣服就露的最多！！！太帅了，好想驯服他！服装师赞！！！",
            "time": "15-11-14 20:33"
        },
        {
            "comment id": 33,
            "parent": -1,
            "children": [],
            "user id": "3490808611",
            "user name": "减肥吃什么肉",
            "content": "河东啊！！！",
            "time": "15-11-14 20:27"
        },
        {
            "comment id": 34,
            "parent": -1,
            "children": [],
            "user id": "2111536193",
            "user name": "芝士TICKET",
            "content": "看了无理的前进才知道他的😂",
            "time": "15-11-14 20:21"
        },
        {
            "comment id": 35,
            "parent": -1,
            "children": [],
            "user id": "5514982059",
            "user name": "想来鹳雀楼看月亮的懒人",
            "content": "河东才",
            "time": "15-11-14 20:20"
        },
        {
            "comment id": 36,
            "parent": -1,
            "children": [],
            "user id": "2691773593",
            "user name": "iwi_",
            "content": "",
            "time": "15-11-14 20:15"
        },
        {
            "comment id": 37,
            "parent": -1,
            "children": [],
            "user id": "1715707460",
            "user name": "yukiss",
            "content": "冷艳性感的郑女神",
            "time": "15-11-14 20:12"
        },
        {
            "comment id": 38,
            "parent": -1,
            "children": [],
            "user id": "3209495281",
            "user name": "Vtaeny_c",
            "content": "回复@谁谁谁啊:是队长",
            "time": "15-11-14 19:54"
        },
        {
            "comment id": 39,
            "parent": -1,
            "children": [],
            "user id": "3121297091",
            "user name": "莫理柠檬茶",
            "content": "回复@谁谁谁啊:哈哈是的 90年生不算小了😁",
            "time": "15-11-14 19:51"
        },
        {
            "comment id": 40,
            "parent": -1,
            "children": [],
            "user id": "1959910741",
            "user name": "榴莲牛奶布丁曲奇",
            "content": "chained up me",
            "time": "15-11-14 19:42"
        },
        {
            "comment id": 41,
            "parent": -1,
            "children": [],
            "user id": "5116661677",
            "user name": "赖Tting",
            "content": "VIXX大发吧",
            "time": "15-11-14 19:37"
        },
        {
            "comment id": 42,
            "parent": -1,
            "children": [],
            "user id": "3645459661",
            "user name": "SW_Little_C",
            "content": "車學淵和韓相爀又殺到我了…[淚][淚][淚][淚][淚][淚][淚]",
            "time": "15-11-14 19:34"
        },
        {
            "comment id": 43,
            "parent": -1,
            "children": [],
            "user id": "1794081972",
            "user name": "与步之恋",
            "content": "Stop it girl 好好听",
            "time": "15-11-14 19:29"
        },
        {
            "comment id": 44,
            "parent": -1,
            "children": [],
            "user id": "1774910224",
            "user name": "Say_U_Say_Me_",
            "content": "为Ken欧巴而来！！！！",
            "time": "15-11-14 19:28"
        },
        {
            "comment id": 45,
            "parent": -1,
            "children": [],
            "user id": "5372178245",
            "user name": "可耐小紫",
            "content": "回复@Le心Set患者_小连:哦哦",
            "time": "15-11-14 19:16"
        },
        {
            "comment id": 46,
            "parent": -1,
            "children": [],
            "user id": "1772971637",
            "user name": "谁谁谁啊",
            "content": "回复@MollyyYong:他是队长麽？看起来好小啊",
            "time": "15-11-14 19:05"
        },
        {
            "comment id": 47,
            "parent": -1,
            "children": [],
            "user id": "1715006570",
            "user name": "xue_丫xue",
            "content": "河东秀吗",
            "time": "15-11-14 18:40"
        },
        {
            "comment id": 48,
            "parent": -1,
            "children": [],
            "user id": "5359666121",
            "user name": "嫌弃的就是你",
            "content": "河东儿",
            "time": "15-11-14 18:32"
        },
        {
            "comment id": 49,
            "parent": -1,
            "children": [],
            "user id": "2348219500",
            "user name": "P___yx",
            "content": "Leo Leo Leo",
            "time": "15-11-14 18:30"
        },
        {
            "comment id": 50,
            "parent": -1,
            "children": [],
            "user id": "3625943324",
            "user name": "我是Soulmate",
            "content": "这该死的音中，家家回归附带曲目都只有一分钟这么好的本质曲，不够听啊[怒罵][怒罵][怒罵]前面这次是准备全带抒情曲吗，“Maze”“Spider”听不到现场是吗[悲傷][悲傷][悲傷]最后表白Leo 爸爸，这回貌似主捧啊，这回次次V 领，诱惑极致啊",
            "time": "15-11-14 18:23"
        },
        {
            "comment id": 51,
            "parent": -1,
            "children": [],
            "user id": "5466970065",
            "user name": "VIP1591",
            "content": "N麻麻好帅",
            "time": "15-11-14 18:22"
        },
        {
            "comment id": 52,
            "parent": -1,
            "children": [],
            "user id": "1856686632",
            "user name": "charliemai_麦麦麦",
            "content": "从LR小分队被圈成粉的小分队的歌敲好听！",
            "time": "15-11-14 18:21"
        },
        {
            "comment id": 53,
            "parent": -1,
            "children": [],
            "user id": "2613365351",
            "user name": "-HOHIUHA",
            "content": "这衣服是来露胸的么",
            "time": "15-11-14 18:19"
        },
        {
            "comment id": 54,
            "parent": -1,
            "children": [],
            "user id": "2814139357",
            "user name": "不上班行不行lllll",
            "content": "河东啊",
            "time": "15-11-14 18:18"
        },
        {
            "comment id": 55,
            "parent": -1,
            "children": [],
            "user id": "2293279894",
            "user name": "傻蛋要变聪明",
            "content": "回复@突然好想喝酷兒_:好像是的啊！！！！",
            "time": "15-11-14 18:18"
        },
        {
            "comment id": 56,
            "parent": -1,
            "children": [],
            "user id": "3576021582",
            "user name": "言霡霂",
            "content": "回复@火山噜噜_:就说看《无理的前进》瞅着河东儿咋那么熟悉，原来是VIXX里的！太可爱了",
            "time": "15-11-14 18:16"
        },
        {
            "comment id": 57,
            "parent": -1,
            "children": [],
            "user id": "2945549691",
            "user name": "晨曦魏-",
            "content": "@yuhan玉韩 河东河东wuli河东！！！",
            "time": "15-11-14 18:12"
        },
        {
            "comment id": 58,
            "parent": -1,
            "children": [],
            "user id": "5301657725",
            "user name": "可以说是机灵小不懂本人了",
            "content": "是河东么！！！！！？？？？@傻蛋要变聪明",
            "time": "15-11-14 18:08"
        },
        {
            "comment id": 59,
            "parent": -1,
            "children": [],
            "user id": "1786811840",
            "user name": "蠢斃了的大便先生",
            "content": "@金在中已经被我啃了",
            "time": "15-11-14 18:07"
        },
        {
            "comment id": 60,
            "parent": -1,
            "children": [],
            "user id": "2861548244",
            "user name": "hermustoti",
            "content": "回复@Nayomeiki:不忍直视",
            "time": "15-11-14 18:04"
        },
        {
            "comment id": 61,
            "parent": -1,
            "children": [],
            "user id": "3946732246",
            "user name": "尽揽少女心满满",
            "content": "啃啃啃啃啃啃啃啃啃啃啃啃啃啃啃啃啃啃啃啃啃啃啃啃啃啃啃啃啃啃啃啃啃啃啃啃啃啃啃啃啃啃啃啃啃啃啃啃啃啃啃啃啃啃啃啃啃啃啃啃啃啃啃啃啃啃啃啃啃啃啃啃啃啃啃啃啃啃啃啃啃啃啃啃啃啃啃啃啃啃啃啃啃啃啃啃啃啃啃啃啃啃啃啃啃啃啃啃啃啃啃啃啃啃啃啃啃啃啃啃啃啃啃啃啃啃啃啃Ken",
            "time": "15-11-14 18:01"
        },
        {
            "comment id": 62,
            "parent": -1,
            "children": [],
            "user id": "3946732246",
            "user name": "尽揽少女心满满",
            "content": "好棒好棒 好棒好棒 好棒好棒 好棒好棒 好棒好棒 好棒好棒 好棒好棒 好棒好棒 好棒好棒 好棒好棒 好棒好棒 好棒好棒 好棒好棒 好棒好棒 好棒好棒 好棒好棒 好棒好棒 好棒好棒 好棒好棒 好棒好棒 好棒好棒 好棒好棒 好棒好棒 好棒好棒 好棒好棒 好棒好棒 好棒好棒 好棒好棒 好棒好棒",
            "time": "15-11-14 18:00"
        },
        {
            "comment id": 63,
            "parent": -1,
            "children": [],
            "user id": "3793040903",
            "user name": "哈哈哈哈哈哈哈哈哈哈好好笑",
            "content": "本来是个路人，知道他们对他们挺有好感的，这次回归太帅被圈成饭，追他们了解后发现都好可爱，可是出道这么久了在中国却不是那么火，唉。。。怪就怪公司规模资源太小了",
            "time": "15-11-14 17:57"
        },
        {
            "comment id": 64,
            "parent": -1,
            "children": [],
            "user id": "1938450321",
            "user name": "王心冉Aviva",
            "content": "ken",
            "time": "15-11-14 17:52"
        },
        {
            "comment id": 65,
            "parent": -1,
            "children": [],
            "user id": "5139567423",
            "user name": "奶拽要早起",
            "content": "哈东儿",
            "time": "15-11-14 17:48"
        },
        {
            "comment id": 66,
            "parent": -1,
            "children": [],
            "user id": "2233519025",
            "user name": "Taris94",
            "content": "继续大发下去吧  我Leo粑粑这次回归露好多",
            "time": "15-11-14 17:43"
        },
        {
            "comment id": 67,
            "parent": -1,
            "children": [],
            "user id": "3508849077",
            "user name": "小仙猪啾",
            "content": "回复@Janice_ns:感觉河东儿还是适合stop girl",
            "time": "15-11-14 17:37"
        },
        {
            "comment id": 68,
            "parent": -1,
            "children": [],
            "user id": "5036859937",
            "user name": "吃了笑",
            "content": "@icgreen_芒内",
            "time": "15-11-14 17:35"
        },
        {
            "comment id": 69,
            "parent": -1,
            "children": [],
            "user id": "5073485182",
            "user name": "不吃胡萝卜的兔子_9426",
            "content": "leoleoleoleoleoleoleoleoleoleoleoleoleoleoleoleoleoleoleoleoleoleoleoleoleoleo",
            "time": "15-11-14 17:32"
        },
        {
            "comment id": 70,
            "parent": -1,
            "children": [],
            "user id": "1795417545",
            "user name": "zerlindaEEEE",
            "content": "李在焕",
            "time": "15-11-14 17:29"
        },
        {
            "comment id": 71,
            "parent": -1,
            "children": [],
            "user id": "5069902875",
            "user name": "阿萨姆喔",
            "content": "河东儿",
            "time": "15-11-14 17:28"
        },
        {
            "comment id": 72,
            "parent": -1,
            "children": [],
            "user id": "2932139505",
            "user name": "无心之失",
            "content": "河东儿",
            "time": "15-11-14 17:27"
        },
        {
            "comment id": 73,
            "parent": -1,
            "children": [],
            "user id": "5307534264",
            "user name": "一个瘦子dream",
            "content": "我是因为喜欢N的综艺才听了这次的歌、真心不错",
            "time": "15-11-14 17:26"
        },
        {
            "comment id": 74,
            "parent": -1,
            "children": [],
            "user id": "1935822807",
            "user name": "蜜桃气泡酒·",
            "content": "@劳尔圣斗士 河东儿真身！",
            "time": "15-11-14 17:24"
        },
        {
            "comment id": 75,
            "parent": -1,
            "children": [],
            "user id": "3014028587",
            "user name": "用户3014028587",
            "content": "@不是逗逼是猴子",
            "time": "15-11-14 17:20"
        },
        {
            "comment id": 76,
            "parent": -1,
            "children": [],
            "user id": "2905045905",
            "user name": "beautiful_kkul",
            "content": "回复@201248xo:对啊 #VIXX#的队长 N ",
            "time": "15-11-14 17:18"
        },
        {
            "comment id": 77,
            "parent": -1,
            "children": [],
            "user id": "5492254054",
            "user name": "鹿冷冷",
            "content": "wuli车学渊一亿个大写的帅气",
            "time": "15-11-14 17:18"
        },
        {
            "comment id": 78,
            "parent": -1,
            "children": [],
            "user id": "2244356190",
            "user name": "肥香屎--六加二",
            "content": "大发！💪💪",
            "time": "15-11-14 17:18"
        },
        {
            "comment id": 79,
            "parent": -1,
            "children": [],
            "user id": "5372178245",
            "user name": "可耐小紫",
            "content": "他是无理的前进里面的对么？",
            "time": "15-11-14 17:15"
        }
    ]
}