{
    "source": {
        "content": "【他的生命只剩下三周 他做了这样一个演讲】新西兰一个高中生，最近被确诊癌症，上周他带病坚持在全校师生前做了演讲，用自己的亲身经历告诉大家，带着\"小小的野心\"珍惜当下...嗯，不要只关注那些远大的理想，着眼当下，好好生活 @果酱字幕组 视频戳：只剩三周生命的高中生 他的演讲将改变你 新浪资讯台 ",
        "time": "15-11-11 22:00",
        "user id": "1314608344",
        "tweet id": "D3p4MlHv8",
        "label": 0,
        "theme": "社会生活"
    },
    "comment": [
        {
            "comment id": 0,
            "parent": -1,
            "children": [],
            "user id": "1774870042",
            "user name": "韩菜萝卜思思",
            "content": "@休1息",
            "time": "16-4-11 22:34"
        },
        {
            "comment id": 1,
            "parent": -1,
            "children": [],
            "user id": "3179410742",
            "user name": "kimeru思思",
            "content": "回复@yanweivvv:真厉害",
            "time": "15-11-15 20:52"
        },
        {
            "comment id": 2,
            "parent": -1,
            "children": [],
            "user id": "1865854080",
            "user name": "欢喜小佳佳",
            "content": "他到底得了什么病？",
            "time": "15-11-15 20:30"
        },
        {
            "comment id": 3,
            "parent": -1,
            "children": [],
            "user id": "3032454600",
            "user name": "深水缓流浅水急瀑",
            "content": "在无情的病魔面前能对生命如此淡然而又积极的梳理一番，好棒。上帝不会辜负每一个努力闪亮的星星 ⭐的，愿好运陪伴你。",
            "time": "15-11-15 19:58"
        },
        {
            "comment id": 4,
            "parent": -1,
            "children": [],
            "user id": "2115830447",
            "user name": "yanweivvv",
            "content": "@kimeru思思 真帅啊",
            "time": "15-11-14 14:17"
        },
        {
            "comment id": 5,
            "parent": -1,
            "children": [],
            "user id": "2729410563",
            "user name": "一三一厘米",
            "content": "不要渺小的活着，不要因为琐事而烦恼，不要把未来放在别人手中",
            "time": "15-11-12 11:24"
        },
        {
            "comment id": 6,
            "parent": -1,
            "children": [],
            "user id": "3416461160",
            "user name": "朱梦瑶_my",
            "content": "珍惜当下 ",
            "time": "15-11-12 08:23"
        },
        {
            "comment id": 7,
            "parent": -1,
            "children": [],
            "user id": "1180264235",
            "user name": "大老古董",
            "content": "转发微博",
            "time": "15-11-12 06:07"
        },
        {
            "comment id": 8,
            "parent": -1,
            "children": [],
            "user id": "2078606093",
            "user name": "一只臭白熊",
            "content": "@零笑点生抽小姐",
            "time": "15-11-12 02:49"
        },
        {
            "comment id": 9,
            "parent": -1,
            "children": [],
            "user id": "1971705452",
            "user name": "夏夢儿",
            "content": "希望他可以好好治疗，好好的活下去！",
            "time": "15-11-12 00:29"
        },
        {
            "comment id": 10,
            "parent": -1,
            "children": [],
            "user id": "2004090341",
            "user name": "加利福尼亚黑加仑子",
            "content": "好像orlando bloom啊，生命无常",
            "time": "15-11-12 00:24"
        },
        {
            "comment id": 11,
            "parent": -1,
            "children": [],
            "user id": "1813907173",
            "user name": "Ellie猎头",
            "content": "首先他真的还帅,其次真不知道明天的我们是否能像我们想的那样!",
            "time": "15-11-12 00:18"
        },
        {
            "comment id": 12,
            "parent": -1,
            "children": [],
            "user id": "1564070203",
            "user name": "小苓子QI",
            "content": "",
            "time": "15-11-12 00:09"
        },
        {
            "comment id": 13,
            "parent": -1,
            "children": [],
            "user id": "5571845286",
            "user name": "如星君如月123",
            "content": "珍爱生命，互粉必回",
            "time": "15-11-12 00:04"
        },
        {
            "comment id": 14,
            "parent": -1,
            "children": [],
            "user id": "1671487617",
            "user name": "钱多多ccc",
            "content": "为他的坚强点赞👍",
            "time": "15-11-11 23:54"
        },
        {
            "comment id": 15,
            "parent": -1,
            "children": [],
            "user id": "1782503625",
            "user name": "温油的兔兔子",
            "content": "活在当下",
            "time": "15-11-11 23:45"
        },
        {
            "comment id": 16,
            "parent": -1,
            "children": [],
            "user id": "1746025861",
            "user name": "吃饱睡告告",
            "content": "有人说最后一帮人“跪着”喊什么= =！那个是南太平洋土著毛利人传统的战前鼓舞士气的舞蹈 一般叫做毛利战舞 毛利语叫做“haka”现在新西兰 澳大利亚等地区的一些白人也会跳这种舞 有的还运用到了国际体育赛事上 作为开场示威仪式舞蹈 人家是站着屈膝姿态而已",
            "time": "15-11-11 23:36"
        },
        {
            "comment id": 17,
            "parent": -1,
            "children": [],
            "user id": "1401581787",
            "user name": "唐星AR",
            "content": "他哪点像三个月的癌症病人？？？",
            "time": "15-11-11 23:32"
        },
        {
            "comment id": 18,
            "parent": -1,
            "children": [],
            "user id": "3015849165",
            "user name": "Zou英杰疯范",
            "content": "活着才是硬道理。    Hey,man! Good lunk!",
            "time": "15-11-11 23:30"
        },
        {
            "comment id": 19,
            "parent": -1,
            "children": [],
            "user id": "5079887461",
            "user name": "Zhang95-",
            "content": "@逗比离埃几远点",
            "time": "15-11-11 23:20"
        },
        {
            "comment id": 20,
            "parent": -1,
            "children": [],
            "user id": "5580511499",
            "user name": "放飞的生活",
            "content": "珍惜当前的人,珍惜当前的家庭!",
            "time": "15-11-11 23:16"
        },
        {
            "comment id": 21,
            "parent": -1,
            "children": [],
            "user id": "1550830477",
            "user name": "无悔熊",
            "content": "可惜了 小伙这么帅 活在当下",
            "time": "15-11-11 23:02"
        },
        {
            "comment id": 22,
            "parent": -1,
            "children": [],
            "user id": "1747275857",
            "user name": "牛牛2015本命年",
            "content": "转发微博",
            "time": "15-11-11 22:54"
        },
        {
            "comment id": 23,
            "parent": -1,
            "children": [],
            "user id": "3928803065",
            "user name": "Coco手里的灰色蔷薇",
            "content": "其实，说的对！",
            "time": "15-11-11 22:52"
        },
        {
            "comment id": 24,
            "parent": -1,
            "children": [],
            "user id": "5370394906",
            "user name": "小麦Max2001",
            "content": "人之将死 其言也善！鸟之将死 其鸣也哀！为他祈祷",
            "time": "15-11-11 22:48"
        },
        {
            "comment id": 25,
            "parent": -1,
            "children": [],
            "user id": "1678927467",
            "user name": "心伊始晨未央",
            "content": "最后一帮人跪在那喊的什么",
            "time": "15-11-11 22:44"
        },
        {
            "comment id": 26,
            "parent": -1,
            "children": [],
            "user id": "5335697064",
            "user name": "风过虚竹",
            "content": "加油",
            "time": "15-11-11 22:39"
        },
        {
            "comment id": 27,
            "parent": -1,
            "children": [],
            "user id": "3847654903",
            "user name": "蓝小穗",
            "content": "#猎火者小说##猎火英雄##古巨基1111大婚#",
            "time": "15-11-11 22:35"
        },
        {
            "comment id": 28,
            "parent": -1,
            "children": [],
            "user id": "3855220125",
            "user name": "ye夕倾城",
            "content": "泪不自觉留下",
            "time": "15-11-11 22:26"
        },
        {
            "comment id": 29,
            "parent": -1,
            "children": [],
            "user id": "1824630064",
            "user name": "飞小赢",
            "content": "天妒英才",
            "time": "15-11-11 22:20"
        },
        {
            "comment id": 30,
            "parent": -1,
            "children": [],
            "user id": "2004355102",
            "user name": "growing99",
            "content": "只叹上天不公平  那么好的孩子 尚未开放就要凋零",
            "time": "15-11-11 22:15"
        },
        {
            "comment id": 31,
            "parent": -1,
            "children": [],
            "user id": "2820080425",
            "user name": "眠眠upup",
            "content": "[泪流满面]",
            "time": "15-11-11 22:12"
        },
        {
            "comment id": 32,
            "parent": -1,
            "children": [],
            "user id": "2403294657",
            "user name": "Yu彩色画笔",
            "content": "上天真的太不公平了！",
            "time": "15-11-11 22:10"
        },
        {
            "comment id": 33,
            "parent": -1,
            "children": [],
            "user id": "5520504422",
            "user name": "猴叔在哪儿",
            "content": "励志",
            "time": "15-11-11 22:07"
        },
        {
            "comment id": 34,
            "parent": -1,
            "children": [],
            "user id": "3774052824",
            "user name": "慎独0409",
            "content": "珍惜眼前的幸福！",
            "time": "15-11-11 22:07"
        },
        {
            "comment id": 35,
            "parent": -1,
            "children": [],
            "user id": "5404375765",
            "user name": "王越与林然",
            "content": "说得真好，让我迷茫的人生又有一点前进的动力",
            "time": "15-11-11 22:06"
        },
        {
            "comment id": 36,
            "parent": -1,
            "children": [],
            "user id": "5334702674",
            "user name": "单手虐乔丹",
            "content": "好帅",
            "time": "15-11-11 22:06"
        },
        {
            "comment id": 37,
            "parent": -1,
            "children": [],
            "user id": "5042834387",
            "user name": "暂时爬墙谢霉霉",
            "content": "加油！活在当下！要开心过好每一分每一秒！",
            "time": "15-11-11 22:05"
        },
        {
            "comment id": 38,
            "parent": -1,
            "children": [],
            "user id": "3887039572",
            "user name": "傍晚的雨淅淅沥沥",
            "content": "加油吧",
            "time": "15-11-11 22:04"
        },
        {
            "comment id": 39,
            "parent": -1,
            "children": [],
            "user id": "5083532961",
            "user name": "连云港报哥",
            "content": "【他的生命只剩下三周 他做了这样一个演讲】新西兰一个高中生，最近被确诊癌症，上周他带病坚持在全校师生前做了演讲，用自己的亲身经历告诉大家，带着\"小小的野心\"珍惜当下...嗯，不要只关注那些远大的理想，着眼当下，好好生活 @果酱字幕组 视频戳：只剩三周生命的高中生 他的演讲将改变你 新浪资讯台",
            "time": "15-11-11 22:04"
        },
        {
            "comment id": 40,
            "parent": -1,
            "children": [],
            "user id": "1572500955",
            "user name": "内涵的金刚芭比",
            "content": "希望幸运可以发生 让这个可敬的小伙子珍惜的生活可以延长一些",
            "time": "15-11-11 22:03"
        },
        {
            "comment id": 41,
            "parent": -1,
            "children": [],
            "user id": "1738014554",
            "user name": "劉靈雲",
            "content": "不要只关注那些远大的理想，着眼当下，好好生活。",
            "time": "15-11-11 22:01"
        }
    ]
}