{
    "source": {
        "content": "“那天下午我做了个梦，我到了他的家，走出那房子的时候，我以为我会醒来，谁知道，原来有些梦是永远不会醒的。”今日暗恋来自《重庆森林》秒拍视频 ",
        "time": "15-11-14 21:17",
        "user id": "1766610575",
        "tweet id": "D3R4OvqmM",
        "label": 0,
        "theme": "社会生活"
    },
    "comment": [
        {
            "comment id": 0,
            "parent": -1,
            "children": [],
            "user id": "2302996404",
            "user name": "不断跳舞有没有用",
            "content": "有些梦永远不会醒，可是我为什么还是要做梦",
            "time": "16-9-16 03:19"
        },
        {
            "comment id": 1,
            "parent": -1,
            "children": [],
            "user id": "3744338841",
            "user name": "手机用户73926392",
            "content": "回复@韩三顺是大帅逼阿:",
            "time": "15-12-9 12:35"
        },
        {
            "comment id": 2,
            "parent": -1,
            "children": [],
            "user id": "1849579015",
            "user name": "水_七",
            "content": "他哪里会知道，她真去了加州，而他一直坐在“加州”里，等她来。不过还好，后来她回来了，而他还在。",
            "time": "15-12-6 18:50"
        },
        {
            "comment id": 3,
            "parent": -1,
            "children": [],
            "user id": "2321955961",
            "user name": "肾虚少年-",
            "content": "不知道是我忘了关水龙头，还是房子越来越有感情。我一直以为它是最坚强的，没想到它哭得最厉害。一个人哭，你只需要给他一包纸巾，可是一个房子哭，你可要做多很多功夫。",
            "time": "15-11-22 15:59"
        },
        {
            "comment id": 4,
            "parent": -1,
            "children": [],
            "user id": "2255063415",
            "user name": "美少女W妮妮",
            "content": "重庆森林看了很多次，california dreamin听了无数次，我也有我的一个梦，希望每次想起时都会是甜的",
            "time": "15-11-20 22:28"
        },
        {
            "comment id": 5,
            "parent": -1,
            "children": [],
            "user id": "5302493273",
            "user name": "Laura_luu",
            "content": "梦中人.",
            "time": "15-11-18 12:27"
        },
        {
            "comment id": 6,
            "parent": -1,
            "children": [],
            "user id": "2867042562",
            "user name": "夏目家的招财喵",
            "content": "美哭的王菲",
            "time": "15-11-17 23:13"
        },
        {
            "comment id": 7,
            "parent": -1,
            "children": [],
            "user id": "2623246491",
            "user name": "幸子黄",
            "content": "原来就我一个人喜欢国语配音",
            "time": "15-11-17 19:17"
        },
        {
            "comment id": 8,
            "parent": -1,
            "children": [],
            "user id": "3439930010",
            "user name": "Stephanie_chenchen",
            "content": "好久之前看过，看来值得重温",
            "time": "15-11-16 22:57"
        },
        {
            "comment id": 9,
            "parent": -1,
            "children": [],
            "user id": "1826983227",
            "user name": "屋顶上的珊妞",
            "content": "@nm不是睡神",
            "time": "15-11-16 14:42"
        },
        {
            "comment id": 10,
            "parent": -1,
            "children": [],
            "user id": "1787683815",
            "user name": "常襟",
            "content": "回复@SEER_乔:我之前看过耶，喜欢王家卫这个文艺狗，好像金城武也在里面吧，我也喜欢那一对，但是我没看懂",
            "time": "15-11-16 09:13"
        },
        {
            "comment id": 11,
            "parent": -1,
            "children": [],
            "user id": "2366179277",
            "user name": "啊绿蛙蛙",
            "content": "回复@Visa_le1:我居然没有看过",
            "time": "15-11-16 01:12"
        },
        {
            "comment id": 12,
            "parent": -1,
            "children": [],
            "user id": "2321073663",
            "user name": "任性的小女儿",
            "content": "回复@Jeskimo:原来如此 😂我还因为这句话去看了重庆森林…",
            "time": "15-11-16 00:34"
        },
        {
            "comment id": 13,
            "parent": -1,
            "children": [],
            "user id": "1805290504",
            "user name": "Nervithepoet",
            "content": "回复@小壹四要发光发热啊:我写的。",
            "time": "15-11-16 00:27"
        },
        {
            "comment id": 14,
            "parent": -1,
            "children": [],
            "user id": "2321073663",
            "user name": "任性的小女儿",
            "content": "回复@Jeskimo:话说这句话是重庆森林里的嘛？我貌似没看到过这句诶……",
            "time": "15-11-16 00:18"
        },
        {
            "comment id": 15,
            "parent": -1,
            "children": [],
            "user id": "3290118730",
            "user name": "朱明明明明明",
            "content": "",
            "time": "15-11-15 23:43"
        },
        {
            "comment id": 16,
            "parent": -1,
            "children": [],
            "user id": "1646614791",
            "user name": "鹿小葵你清醒一点",
            "content": "",
            "time": "15-11-15 23:28"
        },
        {
            "comment id": 17,
            "parent": -1,
            "children": [],
            "user id": "1976249387",
            "user name": "一颗大蘑菇zy",
            "content": "我经过他家门口 他却不在家",
            "time": "15-11-15 22:57"
        },
        {
            "comment id": 18,
            "parent": -1,
            "children": [],
            "user id": "1727142362",
            "user name": "艾鼬丶",
            "content": "这部戏爱上了王菲",
            "time": "15-11-15 22:16"
        },
        {
            "comment id": 19,
            "parent": -1,
            "children": [],
            "user id": "1621910015",
            "user name": "夏天夏天的大暴雨",
            "content": "回复@短头发的仙贝姐:就是就是",
            "time": "15-11-15 19:01"
        },
        {
            "comment id": 20,
            "parent": -1,
            "children": [],
            "user id": "1880925887",
            "user name": "明天去吃冰好不好",
            "content": "回复@亮仔仔成长中:该查，小兔子为什么毛绒绒的",
            "time": "15-11-15 18:08"
        },
        {
            "comment id": 21,
            "parent": -1,
            "children": [],
            "user id": "1984493682",
            "user name": "陈峙戌Nefertari",
            "content": "你来我家就来好了 说这么多屁话",
            "time": "15-11-15 15:25"
        },
        {
            "comment id": 22,
            "parent": -1,
            "children": [],
            "user id": "5626788028",
            "user name": "玛丽玛丽虹呀",
            "content": "不是所有错过都能重逢",
            "time": "15-11-15 15:08"
        },
        {
            "comment id": 23,
            "parent": -1,
            "children": [],
            "user id": "5359545291",
            "user name": "Gemma",
            "content": "前天刚又看了一遍",
            "time": "15-11-15 14:47"
        },
        {
            "comment id": 24,
            "parent": -1,
            "children": [],
            "user id": "2182677505",
            "user name": "-PenGbh",
            "content": "@Nafirtary",
            "time": "15-11-15 14:34"
        },
        {
            "comment id": 25,
            "parent": -1,
            "children": [],
            "user id": "2691599013",
            "user name": "郭可爱啊-",
            "content": "王菲真是 美呆",
            "time": "15-11-15 13:50"
        },
        {
            "comment id": 26,
            "parent": -1,
            "children": [],
            "user id": "1624643525",
            "user name": "还小嘞",
            "content": "暗恋还是暗恋好了，要是他也喜欢你，一定像你一样的有表示的",
            "time": "15-11-15 13:05"
        },
        {
            "comment id": 27,
            "parent": -1,
            "children": [],
            "user id": "3279057943",
            "user name": "我恨你的十件事_",
            "content": "你想去哪就去哪",
            "time": "15-11-15 12:36"
        },
        {
            "comment id": 28,
            "parent": -1,
            "children": [],
            "user id": "1940271484",
            "user name": "窥洞",
            "content": "上野树里有点神似这时候的王菲～",
            "time": "15-11-15 12:35"
        },
        {
            "comment id": 29,
            "parent": -1,
            "children": [],
            "user id": "5247763224",
            "user name": "費力拔博士",
            "content": "轉發微博",
            "time": "15-11-15 11:45"
        },
        {
            "comment id": 30,
            "parent": -1,
            "children": [],
            "user id": "3224092814",
            "user name": "小六二班",
            "content": "国语配音真出戏",
            "time": "15-11-15 11:30"
        },
        {
            "comment id": 31,
            "parent": -1,
            "children": [],
            "user id": "1621910015",
            "user name": "夏天夏天的大暴雨",
            "content": "回复@短头发的仙贝姐:看吧 你们向来嘴硬 心里却是毛茸茸的小兔子",
            "time": "15-11-15 11:16"
        },
        {
            "comment id": 32,
            "parent": -1,
            "children": [],
            "user id": "3979044587",
            "user name": "流年暗涌彼岸草",
            "content": "#王菲我们爱你# 一只快乐的小鹿 //@我愿将爱如梦: //@台灣愛蜜莉0721:加州 //@J你个头信仰王菲:原来有些梦是永远不会醒的。",
            "time": "15-11-15 10:23"
        },
        {
            "comment id": 33,
            "parent": -1,
            "children": [],
            "user id": "2697386411",
            "user name": "王亚娟--",
            "content": "朝伟好有魅力@狐妖pk蓝精灵",
            "time": "15-11-15 10:22"
        },
        {
            "comment id": 34,
            "parent": -1,
            "children": [],
            "user id": "2079778111",
            "user name": "爱我像谁-",
            "content": "早真梁朝伟约我我直接扑上去好么@啊绿蛙蛙",
            "time": "15-11-15 10:18"
        },
        {
            "comment id": 35,
            "parent": -1,
            "children": [],
            "user id": "3273213381",
            "user name": "阿悫啊",
            "content": "回复@LMIUCH:",
            "time": "15-11-15 09:40"
        },
        {
            "comment id": 36,
            "parent": -1,
            "children": [],
            "user id": "5589198039",
            "user name": "千岁情人Faye",
            "content": "我爱王菲最近把她拍的电影《2046》《天下无双》《恋战冲绳》《重庆森林》《大城小事》都看了一遍，王菲年轻时怎么不多拍点电影",
            "time": "15-11-15 07:57"
        },
        {
            "comment id": 37,
            "parent": -1,
            "children": [],
            "user id": "2673629270",
            "user name": "梦里你叫我白姑娘",
            "content": "有些梦是不会醒的😔😔😔",
            "time": "15-11-15 06:33"
        },
        {
            "comment id": 38,
            "parent": -1,
            "children": [],
            "user id": "1778030103",
            "user name": "郭小虎Andy",
            "content": "@-我是文艺范- 很赞的一部国产",
            "time": "15-11-15 03:49"
        },
        {
            "comment id": 39,
            "parent": -1,
            "children": [],
            "user id": "2475501851",
            "user name": "只有流浪-",
            "content": "王菲简直美哭！",
            "time": "15-11-15 03:28"
        },
        {
            "comment id": 40,
            "parent": -1,
            "children": [],
            "user id": "3582352623",
            "user name": "阿然夏",
            "content": "美女就是剪了男人的头发比男人还帅",
            "time": "15-11-15 03:02"
        },
        {
            "comment id": 41,
            "parent": -1,
            "children": [],
            "user id": "1945042142",
            "user name": "黄茜茜茜",
            "content": "@汤狗娃",
            "time": "15-11-15 02:49"
        },
        {
            "comment id": 42,
            "parent": -1,
            "children": [],
            "user id": "2743881253",
            "user name": "落枕长颈鹿",
            "content": "@陆碧莹",
            "time": "15-11-15 01:09"
        },
        {
            "comment id": 43,
            "parent": -1,
            "children": [],
            "user id": "1682751321",
            "user name": "手摇扇子",
            "content": "有时候我会分不清梦境和现实，因为它们毕竟是同样的残酷。",
            "time": "15-11-15 00:56"
        },
        {
            "comment id": 44,
            "parent": -1,
            "children": [],
            "user id": "1651804534",
            "user name": "runningaway_h",
            "content": "国语亮瞎",
            "time": "15-11-15 00:35"
        },
        {
            "comment id": 45,
            "parent": -1,
            "children": [],
            "user id": "1898075370",
            "user name": "绿豆沙冰---",
            "content": "California Dreaming一度手机铃声",
            "time": "15-11-15 00:25"
        },
        {
            "comment id": 46,
            "parent": -1,
            "children": [],
            "user id": "1880925887",
            "user name": "明天去吃冰好不好",
            "content": "@亮仔仔成长中",
            "time": "15-11-15 00:20"
        },
        {
            "comment id": 47,
            "parent": -1,
            "children": [],
            "user id": "2868268850",
            "user name": "Jie-zZ",
            "content": "California dream",
            "time": "15-11-14 23:59"
        },
        {
            "comment id": 48,
            "parent": -1,
            "children": [],
            "user id": "3179301373",
            "user name": "bluetatsc",
            "content": "m",
            "time": "15-11-14 23:55"
        },
        {
            "comment id": 49,
            "parent": -1,
            "children": [],
            "user id": "1812076422",
            "user name": "扭捏大菜",
            "content": "好听",
            "time": "15-11-14 23:49"
        },
        {
            "comment id": 50,
            "parent": -1,
            "children": [],
            "user id": "3535379460",
            "user name": "大婊哥NEC",
            "content": "看一遍都是一种新感觉 ",
            "time": "15-11-14 23:45"
        },
        {
            "comment id": 51,
            "parent": -1,
            "children": [],
            "user id": "3197590515",
            "user name": "和你谈过心声-",
            "content": "回复@HHjszawyXM-:好~",
            "time": "15-11-14 23:43"
        },
        {
            "comment id": 52,
            "parent": -1,
            "children": [],
            "user id": "1585356645",
            "user name": "和你谈笑风生-",
            "content": "回复@XMjszawyHH-:那到时候在宾馆看",
            "time": "15-11-14 23:42"
        },
        {
            "comment id": 53,
            "parent": -1,
            "children": [],
            "user id": "2296809853",
            "user name": "隐而不见的飞飞",
            "content": "20多年前 阿菲 好美",
            "time": "15-11-14 23:41"
        },
        {
            "comment id": 54,
            "parent": -1,
            "children": [],
            "user id": "2572410523",
            "user name": "安菲尔德球场的球童",
            "content": "假如记忆是个罐头，我希望它永远都不会过期，如果非要加上一个期限的话，我希望是、一万年！",
            "time": "15-11-14 23:40"
        },
        {
            "comment id": 55,
            "parent": -1,
            "children": [],
            "user id": "3197590515",
            "user name": "和你谈过心声-",
            "content": "回复@HHjszawyXM-:嗯~什么时候你想重新看我陪你看~",
            "time": "15-11-14 23:38"
        },
        {
            "comment id": 56,
            "parent": -1,
            "children": [],
            "user id": "5737590280",
            "user name": "Sun111222333Sun",
            "content": "",
            "time": "15-11-14 23:29"
        },
        {
            "comment id": 57,
            "parent": -1,
            "children": [],
            "user id": "3158427654",
            "user name": "一个亿的人生富翁",
            "content": "梁朝伟好帅呀！约我吧，我跟你出去。",
            "time": "15-11-14 23:28"
        },
        {
            "comment id": 58,
            "parent": -1,
            "children": [],
            "user id": "1585356645",
            "user name": "和你谈笑风生-",
            "content": "@XMjszawyHH- 我超级喜欢的电影",
            "time": "15-11-14 23:28"
        },
        {
            "comment id": 59,
            "parent": -1,
            "children": [],
            "user id": "3759533854",
            "user name": "旋木_木木木",
            "content": "配音吓死人系列",
            "time": "15-11-14 23:27"
        },
        {
            "comment id": 60,
            "parent": -1,
            "children": [],
            "user id": "5743602857",
            "user name": "南方33333",
            "content": "",
            "time": "15-11-14 23:25"
        },
        {
            "comment id": 61,
            "parent": -1,
            "children": [],
            "user id": "2458644673",
            "user name": "逗比到白头",
            "content": "回复@MsGiraffe333:咱们一起看",
            "time": "15-11-14 23:07"
        },
        {
            "comment id": 62,
            "parent": -1,
            "children": [],
            "user id": "1860700240",
            "user name": "渡某人",
            "content": "有多少人和我一样 不喜欢这版本的配音",
            "time": "15-11-14 23:01"
        },
        {
            "comment id": 63,
            "parent": -1,
            "children": [],
            "user id": "1628898994",
            "user name": "省外来个呆萌_",
            "content": "回复@imimwinsky:“我跟她最接近的时候，我们之间的距离只有0.01公分，我对她一无所知，六个钟头之后，她喜欢了另外一个男人。”",
            "time": "15-11-14 22:55"
        },
        {
            "comment id": 64,
            "parent": -1,
            "children": [],
            "user id": "3700382091",
            "user name": "半泽皎",
            "content": "阿菲啊",
            "time": "15-11-14 22:43"
        },
        {
            "comment id": 65,
            "parent": -1,
            "children": [],
            "user id": "1662128215",
            "user name": "叫我国一就行",
            "content": "@R川一子",
            "time": "15-11-14 22:38"
        },
        {
            "comment id": 66,
            "parent": -1,
            "children": [],
            "user id": "2349479264",
            "user name": "szhxacrvobn",
            "content": "“梦中人 一分钟抱紧 接十分钟的吻”",
            "time": "15-11-14 22:36"
        },
        {
            "comment id": 67,
            "parent": -1,
            "children": [],
            "user id": "2682422063",
            "user name": "Someone喵x",
            "content": "不想醒的梦见你的梦",
            "time": "15-11-14 22:32"
        },
        {
            "comment id": 68,
            "parent": -1,
            "children": [],
            "user id": "1825864115",
            "user name": "LMIUCH",
            "content": "@zzzzzzzzzzzzzzzzzzzzzzzzz0",
            "time": "15-11-14 22:32"
        },
        {
            "comment id": 69,
            "parent": -1,
            "children": [],
            "user id": "1944549183",
            "user name": "奋斗的兔八哥V",
            "content": "喜欢一个人，就像去闻闻ta的味道，去看ta生活的地方。",
            "time": "15-11-14 22:23"
        },
        {
            "comment id": 70,
            "parent": -1,
            "children": [],
            "user id": "1937361265",
            "user name": "pinkerdemon17",
            "content": "第一次看的时候只觉得剧情太莫名其妙 爱的莫名其妙 走的莫名其妙。后来才真的明白。也许每个人都有一个到不了的加州梦 自以为不想醒来的暗恋梦 以及那个摇滚着内心空洞的梦。对白 的一半 我都记不得，隐隐约约，却记得你的每个表情。",
            "time": "15-11-14 22:21"
        },
        {
            "comment id": 71,
            "parent": -1,
            "children": [],
            "user id": "1846986224",
            "user name": "怠惰的牧羊人",
            "content": "@VOUSMEVOIR4 梁朝伟好帅。给你推荐试试，我还没看过，但这段视频不错。听说粤语的更好听。",
            "time": "15-11-14 22:20"
        },
        {
            "comment id": 72,
            "parent": -1,
            "children": [],
            "user id": "1734400207",
            "user name": "伍六琦吗-",
            "content": "国语版好别扭…………",
            "time": "15-11-14 22:20"
        },
        {
            "comment id": 73,
            "parent": -1,
            "children": [],
            "user id": "3142241901",
            "user name": "阿蛋缺了三颗牙",
            "content": "记得以前把重庆森林取作ID，莫名其妙的人问我 重庆有森林吗？ 哈~",
            "time": "15-11-14 22:15"
        },
        {
            "comment id": 74,
            "parent": -1,
            "children": [],
            "user id": "2551624450",
            "user name": "RealKAD",
            "content": "这国语版的配音好差。要看原版的。",
            "time": "15-11-14 22:11"
        },
        {
            "comment id": 75,
            "parent": -1,
            "children": [],
            "user id": "2097588821",
            "user name": "Jasmine姗333333333333",
            "content": "@邓超超- 重庆森林～",
            "time": "15-11-14 22:04"
        },
        {
            "comment id": 76,
            "parent": -1,
            "children": [],
            "user id": "5247207914",
            "user name": "陈小静Hai",
            "content": "看一定要看粤语版 太爱这片子 多少遍都看不够",
            "time": "15-11-14 22:01"
        },
        {
            "comment id": 77,
            "parent": -1,
            "children": [],
            "user id": "1919470683",
            "user name": "吃大力123",
            "content": "王菲好美",
            "time": "15-11-14 22:00"
        },
        {
            "comment id": 78,
            "parent": -1,
            "children": [],
            "user id": "2375949614",
            "user name": "送鹤归洲",
            "content": "因为这个片子喜欢王靖雯和梁朝伟 多喜欢第二个故事",
            "time": "15-11-14 21:59"
        },
        {
            "comment id": 79,
            "parent": -1,
            "children": [],
            "user id": "1922589251",
            "user name": "一杯奶盖尽余欢",
            "content": "  ",
            "time": "15-11-14 21:59"
        }
    ]
}