{
    "source": {
        "content": "#夜猫子时间#今晚，@东方明珠 亮红白蓝三色灯，向同为WFGT（世界高塔协会）成员的法国巴黎艾菲尔塔表达哀思。同一天里，浙江发生山体滑坡、广西出现罕见暴雨、巴黎遭遇恐怖袭击...天灾人祸前，生命显得如此脆弱！今夜，你愿意与东方明珠一起，为那些逝去的生命，点上一根蜡烛吗？ ",
        "time": "15-11-14 23:05",
        "user id": "1784473157",
        "tweet id": "D3RMH83Fm",
        "label": 0,
        "theme": "灾难事故"
    },
    "comment": [
        {
            "comment id": 0,
            "parent": -1,
            "children": [],
            "user id": "2950905205",
            "user name": "xubin31",
            "content": "回复@唐天宝bow:不要乱咬",
            "time": "15-11-17 20:46"
        },
        {
            "comment id": 1,
            "parent": -1,
            "children": [],
            "user id": "1859767230",
            "user name": "lifidi",
            "content": "红白蓝象征自由，平等，博爱某组织不愿意看到这个飘扬在天朝。。。所以组织5毛各种黑。把舆论矛头引导到上海人身上。对外黑日本，对内黑上海，反正说到这2个地方yp就会集体高潮。",
            "time": "15-11-17 18:46"
        },
        {
            "comment id": 2,
            "parent": -1,
            "children": [],
            "user id": "2751865575",
            "user name": "精神小伙谭啸飞",
            "content": "回复@懵懂的相信自己-008:傻逼 你先死全家吧",
            "time": "15-11-17 16:40"
        },
        {
            "comment id": 3,
            "parent": -1,
            "children": [],
            "user id": "2234979903",
            "user name": "鬼泣娘",
            "content": "新闻是这么报道的咯小编你是走后门的吧，刻意引导真聪明哦",
            "time": "15-11-17 16:04"
        },
        {
            "comment id": 4,
            "parent": -1,
            "children": [],
            "user id": "1686436632",
            "user name": "WITH__JOY",
            "content": "有一种狗，叫“同胞”//@0小愚:  //@丧心病狂小莫莫:同胞，你好，你妈灵车漂移了 //@懵懂的相信自己-008:多死点 上海也地震 去它妈逼",
            "time": "15-11-17 15:59"
        },
        {
            "comment id": 5,
            "parent": -1,
            "children": [],
            "user id": "2395644521",
            "user name": "一心想变大的小卡",
            "content": "回复@xubin31:汶川地震上海捐了多少 不知道的是别瞎bb 内陆流民多死点真不值得上海同情",
            "time": "15-11-17 15:57"
        },
        {
            "comment id": 6,
            "parent": -1,
            "children": [],
            "user id": "2012286633",
            "user name": "ahbbsun",
            "content": "祝愿东方明珠早点塌了！祝愿点亮的人去见上帝吧！！！",
            "time": "15-11-16 23:01"
        },
        {
            "comment id": 7,
            "parent": -1,
            "children": [],
            "user id": "1840649593",
            "user name": "一直游到底的鱼",
            "content": "回复@曾祥西_xiang_xi:你可以去了解一下新疆75事件",
            "time": "15-11-16 09:20"
        },
        {
            "comment id": 8,
            "parent": -1,
            "children": [],
            "user id": "5524942098",
            "user name": "闪退如风",
            "content": "",
            "time": "15-11-15 23:39"
        },
        {
            "comment id": 9,
            "parent": -1,
            "children": [],
            "user id": "2651703702",
            "user name": "发呆果实能力者_戴姐",
            "content": "为自己同胞亮灯你们说亮灯有什么用 你上海捐钱啊 为外国友人亮灯你们说崇洋媚外 有些人只会举着爱国主义的旗子来对上海表达偏见而已",
            "time": "15-11-15 11:21"
        },
        {
            "comment id": 10,
            "parent": -1,
            "children": [],
            "user id": "5235603947",
            "user name": "妖大大死忠",
            "content": "你不知道的事并不代表没有发生过 ",
            "time": "15-11-15 10:59"
        },
        {
            "comment id": 11,
            "parent": -1,
            "children": [],
            "user id": "1823496881",
            "user name": "Joker_Geng",
            "content": "fuck u",
            "time": "15-11-15 10:46"
        },
        {
            "comment id": 12,
            "parent": -1,
            "children": [],
            "user id": "5388743879",
            "user name": "王丁g",
            "content": "",
            "time": "15-11-15 09:48"
        },
        {
            "comment id": 13,
            "parent": -1,
            "children": [],
            "user id": "5642297904",
            "user name": "UtopiaWXB",
            "content": "其实有时候有些事特别的不能理解，今天许多人看法国的恐怖袭击，可能都痛恨恐怖分子，觉得他們惨无人道，可当初法国打叙利亚的时候，死的平民何止100多人，那个时候怎么感觉一切都正常，其实法国比恐怖分子更惨无人道，当然我不是支持恐怖分子，还有在对待难民的问题上，自己做的孽却对之置之不理，哎",
            "time": "15-11-15 09:21"
        },
        {
            "comment id": 14,
            "parent": -1,
            "children": [],
            "user id": "2768845542",
            "user name": "下辈子不是sho就是nino",
            "content": "",
            "time": "15-11-15 07:25"
        },
        {
            "comment id": 15,
            "parent": -1,
            "children": [],
            "user id": "2950905205",
            "user name": "xubin31",
            "content": "上海都是国际视野，国内的事情别在上海面前哔哔了",
            "time": "15-11-15 07:14"
        },
        {
            "comment id": 16,
            "parent": -1,
            "children": [],
            "user id": "2107536415",
            "user name": "可爱的漫天飞舞",
            "content": "",
            "time": "15-11-15 03:15"
        },
        {
            "comment id": 17,
            "parent": -1,
            "children": [],
            "user id": "5578739137",
            "user name": "我是大马球",
            "content": "洋鬼子的事少说点，这不代表我们缺乏人道主义和良心，我们更愿意关注同胞们安危",
            "time": "15-11-15 03:09"
        },
        {
            "comment id": 18,
            "parent": -1,
            "children": [],
            "user id": "5451695410",
            "user name": "我又想gai名字了",
            "content": "回复@sober_minded:您的理解性可真低，中国有过这么大的恐怖事件吗？",
            "time": "15-11-15 02:25"
        },
        {
            "comment id": 19,
            "parent": -1,
            "children": [],
            "user id": "5706268749",
            "user name": "real小xx",
            "content": "回复@先生海狸:那你说怎么办",
            "time": "15-11-15 02:12"
        },
        {
            "comment id": 20,
            "parent": -1,
            "children": [],
            "user id": "2437091752",
            "user name": "心如止水的你",
            "content": "",
            "time": "15-11-15 01:48"
        },
        {
            "comment id": 21,
            "parent": -1,
            "children": [],
            "user id": "2281540175",
            "user name": "深圳达阵测谎服务工作室",
            "content": "自己国家今天都死了三十多个还忙着给别人祈福，以为祈福了就和法国近点了？自己也沾光啦？",
            "time": "15-11-15 01:47"
        },
        {
            "comment id": 22,
            "parent": -1,
            "children": [],
            "user id": "3558067480",
            "user name": "春雨送春归1",
            "content": "汶川死了8万多人，还有战乱中数十万人死难、百万人流离失所都没有激发上海电视塔的同情心，真搞不懂他们亮灯的标准是啥？",
            "time": "15-11-15 01:40"
        },
        {
            "comment id": 23,
            "parent": -1,
            "children": [],
            "user id": "1840649593",
            "user name": "一直游到底的鱼",
            "content": "回复@曾祥西_xiang_xi:不是没有，只是你不知道",
            "time": "15-11-15 01:32"
        },
        {
            "comment id": 24,
            "parent": -1,
            "children": [],
            "user id": "1977983765",
            "user name": "小苒有好运",
            "content": "🙏🙏🙏",
            "time": "15-11-15 01:18"
        },
        {
            "comment id": 25,
            "parent": -1,
            "children": [],
            "user id": "1917053284",
            "user name": "KongCK-",
            "content": "你们能不能积点口德",
            "time": "15-11-15 01:15"
        },
        {
            "comment id": 26,
            "parent": -1,
            "children": [],
            "user id": "2074825812",
            "user name": "阿峰仔微博",
            "content": "天朝现在宁愿为外人付出，也一点不愿为自己人奉献！我他妈奇了怪了，二战胜利纪念法国死哪去了？昆明爆恐事件法国干鸡毛呢？愿此次恐怖袭击死难巴黎老百姓安息顺便鄙视法国这个蛋子国家！请把八国联军时期偷走的中国文物还给中国！",
            "time": "15-11-15 01:11"
        },
        {
            "comment id": 27,
            "parent": -1,
            "children": [],
            "user id": "1932065611",
            "user name": "沸腾的小蚂蚁",
            "content": "丽水，加油！在第一线的战士们辛苦了！",
            "time": "15-11-15 01:10"
        },
        {
            "comment id": 28,
            "parent": -1,
            "children": [],
            "user id": "5058988353",
            "user name": "我是大师朋友",
            "content": "动不动就点蜡烛，祈祷什么的有个毛用，能帮到的尽量伸手帮一下，帮不到的整这些虚的干什么？",
            "time": "15-11-15 01:06"
        },
        {
            "comment id": 29,
            "parent": -1,
            "children": [],
            "user id": "2077548443",
            "user name": "小乖熊的保护神",
            "content": "挂念好自己人的天灾人祸就好",
            "time": "15-11-15 01:05"
        },
        {
            "comment id": 30,
            "parent": -1,
            "children": [],
            "user id": "5120520803",
            "user name": "林可nicole",
            "content": "请问在为别的国家哀思的同时为何没先为自己国家发生的丽水滑坡进行哀思红底黄色，知道为何中国强大不起来吗？因为自己都没想自己的家何来有国？这不是值得深思的事情吗？先别为他国哀思了，好好创建自己的家国再去忧心他国吧唉",
            "time": "15-11-15 01:05"
        },
        {
            "comment id": 31,
            "parent": -1,
            "children": [],
            "user id": "5738108027",
            "user name": "wuli小峯峯",
            "content": "国内呢？泥石流死了多少你知道吗？你可关心过自己的同胞？",
            "time": "15-11-15 01:03"
        },
        {
            "comment id": 32,
            "parent": -1,
            "children": [],
            "user id": "3983904308",
            "user name": "FeeChild鱼粥",
            "content": "我对在巴黎发生的暴力事件感到遗憾，法国政府应通过对话的方式与穆斯林群体进行沟通，而不应对穆斯林维权人士的和平抗争进行打压！ 我们谴责所有发生的暴力行为，但这与法国政府一直有系统的迫害少数民族有关，粗暴压制他们的宗教信仰和生活方式，才造成今天的局面。（改编自昆明事件法国对中国的评论)",
            "time": "15-11-15 00:57"
        },
        {
            "comment id": 33,
            "parent": -1,
            "children": [],
            "user id": "5041849712",
            "user name": "Frameworker",
            "content": "以美国为首的西方国家挥舞着民主自由大旗攻打穆斯林世界的时候，一片呐喊，那时候死亡了多少穆斯林贫民有人关心过吗？现在他们报复，又是一片打倒恐怖分子的呐喊，恐怖活动固然不对，这点毋庸置疑，但是，我真的觉得西方国家应该好好反思一下自己…为何他们不袭击非洲呢？",
            "time": "15-11-15 00:56"
        },
        {
            "comment id": 34,
            "parent": -1,
            "children": [],
            "user id": "5681471831",
            "user name": "FFFFF666",
            "content": "",
            "time": "15-11-15 00:52"
        },
        {
            "comment id": 35,
            "parent": -1,
            "children": [],
            "user id": "3027191287",
            "user name": "特啵酱turbo",
            "content": "",
            "time": "15-11-15 00:50"
        },
        {
            "comment id": 36,
            "parent": -1,
            "children": [],
            "user id": "5451105740",
            "user name": "我是谁MIPS",
            "content": "到底是什么让这些天真烂漫的人成为了恐怖分子？？谁该为此负责！！！！",
            "time": "15-11-15 00:39"
        },
        {
            "comment id": 37,
            "parent": -1,
            "children": [],
            "user id": "5139220640",
            "user name": "斯大林同志的父亲",
            "content": "丽水国的国旗怎么画？",
            "time": "15-11-15 00:38"
        },
        {
            "comment id": 38,
            "parent": -1,
            "children": [],
            "user id": "5695446416",
            "user name": "取个名字费死牛劲33",
            "content": "红色多了些",
            "time": "15-11-15 00:36"
        },
        {
            "comment id": 39,
            "parent": -1,
            "children": [],
            "user id": "1839758080",
            "user name": "宁愿我携着忧郁归去",
            "content": "",
            "time": "15-11-15 00:35"
        },
        {
            "comment id": 40,
            "parent": -1,
            "children": [],
            "user id": "5729543138",
            "user name": "肖筱笑h",
            "content": "",
            "time": "15-11-15 00:33"
        },
        {
            "comment id": 41,
            "parent": -1,
            "children": [],
            "user id": "1848218160",
            "user name": "Xy_亚亚Blue",
            "content": "",
            "time": "15-11-15 00:31"
        },
        {
            "comment id": 42,
            "parent": -1,
            "children": [],
            "user id": "5590675102",
            "user name": "我熬不得夜了",
            "content": "",
            "time": "15-11-15 00:29"
        },
        {
            "comment id": 43,
            "parent": -1,
            "children": [],
            "user id": "5688006712",
            "user name": "-我爱笑可心好酸i",
            "content": "生命只有一条！好好珍惜！为逝去的同胞们祈祷！🙏",
            "time": "15-11-15 00:29"
        },
        {
            "comment id": 44,
            "parent": -1,
            "children": [],
            "user id": "5704979738",
            "user name": "懵懂的相信自己-008",
            "content": "多死点 上海也地震 去它妈逼",
            "time": "15-11-15 00:23"
        },
        {
            "comment id": 45,
            "parent": -1,
            "children": [],
            "user id": "2057119700",
            "user name": "旧日旧事旧恋情_",
            "content": "",
            "time": "15-11-15 00:15"
        },
        {
            "comment id": 46,
            "parent": -1,
            "children": [],
            "user id": "5718588669",
            "user name": "你好美me",
            "content": "法国还有世界，中国只有中国，那么多的人，大家都是中国人，不是别人家的人金贵，就是在当官人的眼里是贱命一条，不足珍惜。",
            "time": "15-11-15 00:14"
        },
        {
            "comment id": 47,
            "parent": -1,
            "children": [],
            "user id": "5542321074",
            "user name": "ohhTiAmo",
            "content": "",
            "time": "15-11-15 00:11"
        },
        {
            "comment id": 48,
            "parent": -1,
            "children": [],
            "user id": "5755026655",
            "user name": "独孤景学1112",
            "content": "🙏🙏🙏🙏🙏🙏🙏🙏🙏愿世界人民都平安",
            "time": "15-11-15 00:09"
        },
        {
            "comment id": 49,
            "parent": -1,
            "children": [],
            "user id": "2372823552",
            "user name": "hhy风铃",
            "content": "",
            "time": "15-11-15 00:06"
        },
        {
            "comment id": 50,
            "parent": -1,
            "children": [],
            "user id": "5724208931",
            "user name": "七月过后是八月",
            "content": "为中东死于非命的老百姓祈祷~为浙江丽水山体滑坡事件遇难与失踪的同胞祈祷~",
            "time": "15-11-15 00:05"
        },
        {
            "comment id": 51,
            "parent": -1,
            "children": [],
            "user id": "5654282705",
            "user name": "青可爱baby",
            "content": "",
            "time": "15-11-15 00:01"
        },
        {
            "comment id": 52,
            "parent": -1,
            "children": [],
            "user id": "5065255879",
            "user name": "截春一枝",
            "content": "生命这么无常，多爱一秒是一秒。",
            "time": "15-11-14 23:56"
        },
        {
            "comment id": 53,
            "parent": -1,
            "children": [],
            "user id": "1884860083",
            "user name": "象鼻子不要随便闻花",
            "content": "回复@贾里德萨林杰:请你闭嘴 ",
            "time": "15-11-14 23:56"
        },
        {
            "comment id": 54,
            "parent": -1,
            "children": [],
            "user id": "1054794252",
            "user name": "火火火力全开",
            "content": "为什么我今晚看到的不是这个颜色？",
            "time": "15-11-14 23:56"
        },
        {
            "comment id": 55,
            "parent": -1,
            "children": [],
            "user id": "3185700140",
            "user name": "PC66336幸运王子文仔",
            "content": "",
            "time": "15-11-14 23:55"
        },
        {
            "comment id": 56,
            "parent": -1,
            "children": [],
            "user id": "1884860083",
            "user name": "象鼻子不要随便闻花",
            "content": "评论里真是够了，你们辣么厉害你们当政权好了。丽水的事哪里没报道了？我看新闻滚动一直都有。还有扯上天津爆炸的，别人的生命只是你们拿来比较的资本对吧？生命面前，人人平等，请你们不要用生命做比较。谢谢。",
            "time": "15-11-14 23:52"
        },
        {
            "comment id": 57,
            "parent": -1,
            "children": [],
            "user id": "1751009704",
            "user name": "Super张张张张大婷",
            "content": "",
            "time": "15-11-14 23:52"
        },
        {
            "comment id": 58,
            "parent": -1,
            "children": [],
            "user id": "5744313021",
            "user name": "SmallPigPolka",
            "content": "回复@贾里德萨林杰:不说话，直接上图，上海是座国际化的城市，很多重大事件都有表示。 ",
            "time": "15-11-14 23:51"
        },
        {
            "comment id": 59,
            "parent": -1,
            "children": [],
            "user id": "5744313021",
            "user name": "SmallPigPolka",
            "content": "回复@starpgwl:上海只有东方明珠可以亮？图上不是自己同胞？ ",
            "time": "15-11-14 23:50"
        },
        {
            "comment id": 60,
            "parent": -1,
            "children": [],
            "user id": "5736841117",
            "user name": "Sumyee-黄某某",
            "content": "",
            "time": "15-11-14 23:48"
        },
        {
            "comment id": 61,
            "parent": -1,
            "children": [],
            "user id": "3029681142",
            "user name": "UU__苏",
            "content": "",
            "time": "15-11-14 23:45"
        },
        {
            "comment id": 62,
            "parent": -1,
            "children": [],
            "user id": "5607342346",
            "user name": "晨晨粉儿",
            "content": "",
            "time": "15-11-14 23:45"
        },
        {
            "comment id": 63,
            "parent": -1,
            "children": [],
            "user id": "5451695410",
            "user name": "我又想gai名字了",
            "content": "祈祷平安，庆幸中国没有这么大的恐怖事件，中国枪支管理做的也不错，不像西方国家家家都有枪！",
            "time": "15-11-14 23:43"
        },
        {
            "comment id": 64,
            "parent": -1,
            "children": [],
            "user id": "3181703520",
            "user name": "阿瑞芬芳",
            "content": "",
            "time": "15-11-14 23:38"
        },
        {
            "comment id": 65,
            "parent": -1,
            "children": [],
            "user id": "5626412028",
            "user name": "-Twe1ve",
            "content": "愿生命没有威胁",
            "time": "15-11-14 23:38"
        },
        {
            "comment id": 66,
            "parent": -1,
            "children": [],
            "user id": "2178354795",
            "user name": "双肩包2018",
            "content": "若生命当真是平等的，叙利亚，伊拉克，尼日利亚等等同样的恐怖主义的受害者，是否也该享有同等的对待？不应否认受害者的不幸确需悼念，也确需肯定对受害者的各式的哀悼，但若不能平等的对待每一个生命，又该如何论证你的厚此薄彼呢？只怕你的潜意识里已然存着尊卑贵贱，或许自己竟也不曾察觉吧。",
            "time": "15-11-14 23:36"
        },
        {
            "comment id": 67,
            "parent": -1,
            "children": [],
            "user id": "5218002610",
            "user name": "叶辰辰的夏天",
            "content": "愿一切都快点好起来",
            "time": "15-11-14 23:36"
        },
        {
            "comment id": 68,
            "parent": -1,
            "children": [],
            "user id": "3508592405",
            "user name": "杨小双",
            "content": "",
            "time": "15-11-14 23:36"
        },
        {
            "comment id": 69,
            "parent": -1,
            "children": [],
            "user id": "5632197413",
            "user name": "·鹿仙",
            "content": "",
            "time": "15-11-14 23:35"
        },
        {
            "comment id": 70,
            "parent": -1,
            "children": [],
            "user id": "2559041805",
            "user name": "军师祭酒666",
            "content": "闲的蛋疼！丽江山体滑坡死八个人怎么不哀悼？",
            "time": "15-11-14 23:34"
        },
        {
            "comment id": 71,
            "parent": -1,
            "children": [],
            "user id": "1836327340",
            "user name": "双呆",
            "content": "中国人的善良",
            "time": "15-11-14 23:34"
        },
        {
            "comment id": 72,
            "parent": -1,
            "children": [],
            "user id": "5492168950",
            "user name": "竹葉青___",
            "content": "回复@贾里德萨林杰:你是不是以为陆家嘴就东方明珠可以亮 ",
            "time": "15-11-14 23:34"
        },
        {
            "comment id": 73,
            "parent": -1,
            "children": [],
            "user id": "3634277972",
            "user name": "yiyichen2013",
            "content": "",
            "time": "15-11-14 23:33"
        },
        {
            "comment id": 74,
            "parent": -1,
            "children": [],
            "user id": "3203560957",
            "user name": "Raymondle",
            "content": "我们的沉船和爆炸呢？灯呢？噢，忙着掩盖事实，点蜡烛，感动中国。国外有点事，CCAV13连续好几天，好几个礼拜关注。国内就各种掩埋，视而不见",
            "time": "15-11-14 23:32"
        },
        {
            "comment id": 75,
            "parent": -1,
            "children": [],
            "user id": "3846108141",
            "user name": "cHAMpion_童聪聪",
            "content": "中国有恐怖袭击的时候开心的是西方政府而不是人民。试想下这种情况下中国政府幸灾乐祸会是什么样子",
            "time": "15-11-14 23:32"
        },
        {
            "comment id": 76,
            "parent": -1,
            "children": [],
            "user id": "5568443913",
            "user name": "澹臺静萱63817",
            "content": "东方明珠 热脸贴个冷屁股！想想当年中国暴恐法国政府怎么对中国的，百姓成了一些政治流氓的牺牲品。",
            "time": "15-11-14 23:31"
        },
        {
            "comment id": 77,
            "parent": -1,
            "children": [],
            "user id": "1846343577",
            "user name": "李言Liqiuyan",
            "content": "pray",
            "time": "15-11-14 23:30"
        },
        {
            "comment id": 78,
            "parent": -1,
            "children": [],
            "user id": "2273895545",
            "user name": "云瑞之安",
            "content": "[祈祷][祈祷]",
            "time": "15-11-14 23:30"
        },
        {
            "comment id": 79,
            "parent": -1,
            "children": [],
            "user id": "5698227144",
            "user name": "孤独与你_O_o",
            "content": "回复@我想要养好多猫:赞",
            "time": "15-11-14 23:29"
        }
    ]
}