{
    "source": {
        "content": "【昨晚从音乐厅逃生现场视频】伴随持续的枪声有幸存者从音乐厅后门逃出。有人倒在了门口、有人拖着中枪的伙伴，街道上留下长长的血迹，有姑娘挂在了窗户外的铁栅栏上（内容可能引起不适） 网页链接 ",
        "time": "15-11-14 22:30",
        "user id": "1655905590",
        "tweet id": "D3RyuAJwq",
        "label": 0,
        "theme": "灾难事故"
    },
    "comment": [
        {
            "comment id": 0,
            "parent": -1,
            "children": [],
            "user id": "2696239662",
            "user name": "零化物",
            "content": "@大脸余-",
            "time": "15-11-17 00:45"
        },
        {
            "comment id": 1,
            "parent": -1,
            "children": [],
            "user id": "1739173955",
            "user name": "雅痞__F",
            "content": "回复@无夏之年的F梦_:哦",
            "time": "15-11-15 18:18"
        },
        {
            "comment id": 2,
            "parent": -1,
            "children": [],
            "user id": "1788334581",
            "user name": "网恋Girl和她的经纪人_",
            "content": "回复@雅痞__F:没人喊救命，是一个男的找不见他同伴了一直在喊他同伴的名字，拍摄的这男的一直在问路人发生啥事了，但是人家急着逃命没人回答他",
            "time": "15-11-15 17:46"
        },
        {
            "comment id": 3,
            "parent": -1,
            "children": [],
            "user id": "1740340434",
            "user name": "-Yangelababy",
            "content": "回复@无夏之年的F梦_:好恐怖",
            "time": "15-11-15 10:08"
        },
        {
            "comment id": 4,
            "parent": -1,
            "children": [],
            "user id": "2420145431",
            "user name": "柯real",
            "content": "@hihisia",
            "time": "15-11-15 09:49"
        },
        {
            "comment id": 5,
            "parent": -1,
            "children": [],
            "user id": "1739173955",
            "user name": "雅痞__F",
            "content": "回复@无夏之年的F梦_:他们喊的是不是救命",
            "time": "15-11-15 09:00"
        },
        {
            "comment id": 6,
            "parent": -1,
            "children": [],
            "user id": "3211806553",
            "user name": "miku渺茫",
            "content": "这些杀人的人一定是有苦说不出，才采用如此极端的手段。希望法国在判决的时候，给这些人一个公道。赋予他们更高权利。",
            "time": "15-11-15 08:14"
        },
        {
            "comment id": 7,
            "parent": -1,
            "children": [],
            "user id": "2271379923",
            "user name": "Nice世东",
            "content": "回复@难朋友-:草菅人命",
            "time": "15-11-15 05:20"
        },
        {
            "comment id": 8,
            "parent": -1,
            "children": [],
            "user id": "1788334581",
            "user name": "网恋Girl和她的经纪人_",
            "content": "@-Yangelababy @雅痞__F 看过最可怕的视频没有之一[泪流满面][泪流满面]",
            "time": "15-11-15 03:28"
        },
        {
            "comment id": 9,
            "parent": -1,
            "children": [],
            "user id": "1506763563",
            "user name": "五六七八九十十一十二月病屌民",
            "content": "",
            "time": "15-11-15 03:23"
        },
        {
            "comment id": 10,
            "parent": -1,
            "children": [],
            "user id": "1795259065",
            "user name": "难朋友-",
            "content": "@Nice世东 看了心头好不爽",
            "time": "15-11-15 01:26"
        },
        {
            "comment id": 11,
            "parent": -1,
            "children": [],
            "user id": "2085568005",
            "user name": "rogerma021",
            "content": "@wenying37",
            "time": "15-11-14 23:38"
        },
        {
            "comment id": 12,
            "parent": -1,
            "children": [],
            "user id": "5534106664",
            "user name": "冒泡泡top",
            "content": "看了太恐怖了，🙏🙏🙏🙏",
            "time": "15-11-14 23:31"
        },
        {
            "comment id": 13,
            "parent": -1,
            "children": [],
            "user id": "5534106664",
            "user name": "冒泡泡top",
            "content": "",
            "time": "15-11-14 23:30"
        },
        {
            "comment id": 14,
            "parent": -1,
            "children": [],
            "user id": "1764861310",
            "user name": "Zombie的小天使要加糖",
            "content": "上帝保佑",
            "time": "15-11-14 23:20"
        },
        {
            "comment id": 15,
            "parent": -1,
            "children": [],
            "user id": "1865515333",
            "user name": "inter木木",
            "content": "当恐怖袭击来临 我们该做些什么？！！",
            "time": "15-11-14 23:17"
        },
        {
            "comment id": 16,
            "parent": -1,
            "children": [],
            "user id": "5625004608",
            "user name": "灼石金融",
            "content": "",
            "time": "15-11-14 23:10"
        },
        {
            "comment id": 17,
            "parent": -1,
            "children": [],
            "user id": "1844705300",
            "user name": "小红帽的小红唇",
            "content": "@a2y3651 我不敢看",
            "time": "15-11-14 23:00"
        },
        {
            "comment id": 18,
            "parent": -1,
            "children": [],
            "user id": "1426544177",
            "user name": "钟钟nada",
            "content": "WTF",
            "time": "15-11-14 22:58"
        },
        {
            "comment id": 19,
            "parent": -1,
            "children": [],
            "user id": "2029018475",
            "user name": "vissssoo",
            "content": "回复@mocha罗襄:看起了",
            "time": "15-11-14 22:50"
        },
        {
            "comment id": 20,
            "parent": -1,
            "children": [],
            "user id": "1722158341",
            "user name": "石老安刘",
            "content": "IS是元凶，那谁是帮凶呢？IS的钱是哪里来的？IS的石油是通过谁卖出去的，又卖给了谁？请土耳其，沙特出来走两步。",
            "time": "15-11-14 22:50"
        },
        {
            "comment id": 21,
            "parent": -1,
            "children": [],
            "user id": "1655905590",
            "user name": "ECO中文网",
            "content": "回复@mocha罗襄:目前还可以看",
            "time": "15-11-14 22:49"
        },
        {
            "comment id": 22,
            "parent": -1,
            "children": [],
            "user id": "1773909877",
            "user name": "崩溃BK",
            "content": "比噩梦恐怖多了",
            "time": "15-11-14 22:49"
        },
        {
            "comment id": 23,
            "parent": -1,
            "children": [],
            "user id": "2593052933",
            "user name": "candyberries",
            "content": "@Jvwilling @vissssoo 我看不起 不晓得是不是和谐了",
            "time": "15-11-14 22:48"
        },
        {
            "comment id": 24,
            "parent": -1,
            "children": [],
            "user id": "2593052933",
            "user name": "candyberries",
            "content": "可能被和谐了",
            "time": "15-11-14 22:46"
        },
        {
            "comment id": 25,
            "parent": -1,
            "children": [],
            "user id": "1650125193",
            "user name": "Mimosa况味",
            "content": "@颂歌灰灰机 @Flora1801310081",
            "time": "15-11-14 22:45"
        },
        {
            "comment id": 26,
            "parent": -1,
            "children": [],
            "user id": "2770558862",
            "user name": "荷塘月色烟雨",
            "content": "打不开",
            "time": "15-11-14 22:45"
        },
        {
            "comment id": 27,
            "parent": -1,
            "children": [],
            "user id": "2299797513",
            "user name": "自由的elf",
            "content": "@咸麻 @咸麻",
            "time": "15-11-14 22:42"
        },
        {
            "comment id": 28,
            "parent": -1,
            "children": [],
            "user id": "1657351593",
            "user name": "財金玉米",
            "content": "蘇聯解體了大爛攤子不好搞；第二目標是歐洲，現在的歐洲除了難民就是恐怖份子，已經不堪重負，還能堅持多久？接下來第三目標估計應該是中國，而我們做好準備了嗎？",
            "time": "15-11-14 22:41"
        },
        {
            "comment id": 29,
            "parent": -1,
            "children": [],
            "user id": "2811860247",
            "user name": "子非0o",
            "content": "",
            "time": "15-11-14 22:39"
        },
        {
            "comment id": 30,
            "parent": -1,
            "children": [],
            "user id": "2952833812",
            "user name": "Hongniji__",
            "content": "太恐怖了",
            "time": "15-11-14 22:38"
        },
        {
            "comment id": 31,
            "parent": -1,
            "children": [],
            "user id": "1404420181",
            "user name": "冉雄飞飞盈足球",
            "content": "可怕的瞬间！",
            "time": "15-11-14 22:38"
        },
        {
            "comment id": 32,
            "parent": -1,
            "children": [],
            "user id": "1748688325",
            "user name": "恭亲王黼明",
            "content": "这是用生命在拍摄啊",
            "time": "15-11-14 22:37"
        },
        {
            "comment id": 33,
            "parent": -1,
            "children": [],
            "user id": "1380998523",
            "user name": "王大林Yoki",
            "content": "我真的想破口大骂 操他们大爷的！",
            "time": "15-11-14 22:35"
        },
        {
            "comment id": 34,
            "parent": -1,
            "children": [],
            "user id": "3477317435",
            "user name": "张国庆xy",
            "content": "对法国人这些遭遇深感同情，弱弱问一句，你们西方以后还对疆独另眼相看吗，还搞双重标准吗？",
            "time": "15-11-14 22:35"
        },
        {
            "comment id": 35,
            "parent": -1,
            "children": [],
            "user id": "5129580964",
            "user name": "我没有爱过这世界",
            "content": "",
            "time": "15-11-14 22:35"
        },
        {
            "comment id": 36,
            "parent": -1,
            "children": [],
            "user id": "1764011107",
            "user name": "点点亲滴滴",
            "content": "",
            "time": "15-11-14 22:35"
        },
        {
            "comment id": 37,
            "parent": -1,
            "children": [],
            "user id": "2066262655",
            "user name": "未央柒柒",
            "content": "好惨啊",
            "time": "15-11-14 22:35"
        },
        {
            "comment id": 38,
            "parent": -1,
            "children": [],
            "user id": "2108782410",
            "user name": "名哈哥",
            "content": "可恶的恐怖分子",
            "time": "15-11-14 22:35"
        },
        {
            "comment id": 39,
            "parent": -1,
            "children": [],
            "user id": "1527365912",
            "user name": "渣刺大猬SwaggyP1",
            "content": "@Sirius_2020",
            "time": "15-11-14 22:33"
        },
        {
            "comment id": 40,
            "parent": -1,
            "children": [],
            "user id": "3293047741",
            "user name": "我是小唐咩",
            "content": "@恒伟欧巴",
            "time": "15-11-14 22:31"
        }
    ]
}