{
    "source": {
        "content": "【男子夜抢宾馆 不料服务员是跆拳道高手】近日，一男子凌晨到安徽滁州某宾馆企图抢钱，手持板砖砸向熟睡服务员。没成想服务员郝强没被砸晕，反而醒来将歹徒打倒在地，原来郝强是跆拳道高手。警方：郝强属正当防卫。嫌疑人已被批捕。（中安在线）滁州：男子夜抢宾馆 不料服务员是跆拳道高手 郝强,好强！ ",
        "time": "15-11-12 09:50",
        "user id": "1974576991",
        "tweet id": "D3tJai603",
        "label": 0,
        "theme": "社会生活"
    },
    "comment": [
        {
            "comment id": 0,
            "parent": -1,
            "children": [],
            "user id": "5190339054",
            "user name": "终是长安",
            "content": "回复@普通那就不介意我打开了吧:也是6的不行",
            "time": "15-11-13 03:34"
        },
        {
            "comment id": 1,
            "parent": -1,
            "children": [],
            "user id": "2090643100",
            "user name": "__熊猫君丶",
            "content": "@叁的私厨 人家名字都这么霸气",
            "time": "15-11-13 00:07"
        },
        {
            "comment id": 2,
            "parent": -1,
            "children": [],
            "user id": "2801560725",
            "user name": "老哥泼墨",
            "content": "别人都已睡着了，你还要把人砸醒",
            "time": "15-11-12 18:06"
        },
        {
            "comment id": 3,
            "parent": -1,
            "children": [],
            "user id": "2284108032",
            "user name": "Tian_南",
            "content": "聪明的家伙，想吃免费饭的招也太损了吧？",
            "time": "15-11-12 16:31"
        },
        {
            "comment id": 4,
            "parent": -1,
            "children": [],
            "user id": "1867901813",
            "user name": "DBI小萌",
            "content": "其实滁州在江右啦，虽然琅琊的确是因为琅琊王",
            "time": "15-11-12 14:05"
        },
        {
            "comment id": 5,
            "parent": -1,
            "children": [],
            "user id": "5231834412",
            "user name": "三三猫z",
            "content": "好厉害，，我也想学",
            "time": "15-11-12 13:40"
        },
        {
            "comment id": 6,
            "parent": -1,
            "children": [],
            "user id": "2025354895",
            "user name": "春生萌动M",
            "content": "这事老板必须给服务员发奖金！",
            "time": "15-11-12 12:26"
        },
        {
            "comment id": 7,
            "parent": -1,
            "children": [],
            "user id": "5610686230",
            "user name": "KRJXxx",
            "content": "跆拳道的广告创意get√",
            "time": "15-11-12 11:57"
        },
        {
            "comment id": 8,
            "parent": -1,
            "children": [],
            "user id": "3807735614",
            "user name": "失眠到想要透明的透明君",
            "content": "@四路泰坦的爆炸 ",
            "time": "15-11-12 11:48"
        },
        {
            "comment id": 9,
            "parent": -1,
            "children": [],
            "user id": "3934518847",
            "user name": "熹熙曦_53762",
            "content": "回复@灰烬湖:你是真傻，还是装傻？我说我的评论仅仅是在调侃而已！",
            "time": "15-11-12 11:47"
        },
        {
            "comment id": 10,
            "parent": -1,
            "children": [],
            "user id": "5242837409",
            "user name": "槺棠",
            "content": "孙艺珍",
            "time": "15-11-12 11:20"
        },
        {
            "comment id": 11,
            "parent": -1,
            "children": [],
            "user id": "3540660175",
            "user name": "从八品县丞",
            "content": "怎么沦落为服务员了",
            "time": "15-11-12 11:13"
        },
        {
            "comment id": 12,
            "parent": -1,
            "children": [],
            "user id": "2516047924",
            "user name": "阿萨萨摩扒拉",
            "content": "都是江湖中人😂",
            "time": "15-11-12 11:04"
        },
        {
            "comment id": 13,
            "parent": -1,
            "children": [],
            "user id": "5209565362",
            "user name": "马蹭蹭",
            "content": "@Taus君 @狐猴还是爱邪帝 哈哈哈哈哈",
            "time": "15-11-12 10:59"
        },
        {
            "comment id": 14,
            "parent": -1,
            "children": [],
            "user id": "2825340877",
            "user name": "-你的眼睛里有海",
            "content": "要的就是这种感觉",
            "time": "15-11-12 10:58"
        },
        {
            "comment id": 15,
            "parent": -1,
            "children": [],
            "user id": "3002960317",
            "user name": "sawadodo",
            "content": "应该配旋风少女的图片",
            "time": "15-11-12 10:58"
        },
        {
            "comment id": 16,
            "parent": -1,
            "children": [],
            "user id": "2803865100",
            "user name": "又懒又馋还不爱读书",
            "content": "就怕碰见这种世外高人",
            "time": "15-11-12 10:55"
        },
        {
            "comment id": 17,
            "parent": -1,
            "children": [],
            "user id": "2805953181",
            "user name": "顾翊微",
            "content": "高手在民间",
            "time": "15-11-12 10:54"
        },
        {
            "comment id": 18,
            "parent": -1,
            "children": [],
            "user id": "1817469222",
            "user name": "脑洞很大的木讷少女",
            "content": "孙艺珍好美么么哒",
            "time": "15-11-12 10:42"
        },
        {
            "comment id": 19,
            "parent": -1,
            "children": [],
            "user id": "1898381445",
            "user name": "令和意识流",
            "content": "配图是《假如爱有天意》",
            "time": "15-11-12 10:40"
        },
        {
            "comment id": 20,
            "parent": -1,
            "children": [],
            "user id": "1747931091",
            "user name": "Setaria-viridis",
            "content": "在我江左盟地界，生意可不是这么做的",
            "time": "15-11-12 10:36"
        },
        {
            "comment id": 21,
            "parent": -1,
            "children": [],
            "user id": "1270792432",
            "user name": "舞阳市场",
            "content": "【男子夜抢宾馆 不料服务员是跆拳道高手】近日，一男子凌晨到安徽滁州某宾馆企图抢钱，手持板砖砸向熟睡服务员。没成想服务员郝强没被砸晕，反而醒来将歹徒打倒在地，原来郝强是跆拳道高手。警方：郝强属正当防卫。嫌疑人已被批捕。（中安在线）滁州：男子夜抢宾馆 不料服务员是跆拳道高手 郝强,好强！",
            "time": "15-11-12 10:36"
        },
        {
            "comment id": 22,
            "parent": -1,
            "children": [],
            "user id": "3315184993",
            "user name": "彼岸花园无颜祖",
            "content": "警方是low逼吗？你睡着让我给你头上一板砖试试! 这是蓄意谋杀啊！未成功而已",
            "time": "15-11-12 10:30"
        },
        {
            "comment id": 23,
            "parent": -1,
            "children": [],
            "user id": "3221187830",
            "user name": "普通那就不介意我打开了吧",
            "content": "@梧桐灯下流年安",
            "time": "15-11-12 10:27"
        },
        {
            "comment id": 24,
            "parent": -1,
            "children": [],
            "user id": "3931697461",
            "user name": "风起于青萍之沫",
            "content": "2333  滁州p大的地方，经常上环球央视",
            "time": "15-11-12 10:26"
        },
        {
            "comment id": 25,
            "parent": -1,
            "children": [],
            "user id": "1948347831",
            "user name": "60号高地之下",
            "content": "吃了一板砖也不是好受的，估计要在医院住几天",
            "time": "15-11-12 10:25"
        },
        {
            "comment id": 26,
            "parent": -1,
            "children": [],
            "user id": "1456328975",
            "user name": "o越位o",
            "content": "国家应大力提倡正当防卫，这样才能培养出血性的人民！但就怕国家不希望人民有血性，担心不好管？",
            "time": "15-11-12 10:25"
        },
        {
            "comment id": 27,
            "parent": -1,
            "children": [],
            "user id": "3318717787",
            "user name": "Xiao安z",
            "content": "图片评论 ",
            "time": "15-11-12 10:25"
        },
        {
            "comment id": 28,
            "parent": -1,
            "children": [],
            "user id": "2609737885",
            "user name": "骑蜗牛逛省城",
            "content": "本来我不想管 睁只眼闭只眼 你非得拿砖拍醒我让我抓你",
            "time": "15-11-12 10:25"
        },
        {
            "comment id": 29,
            "parent": -1,
            "children": [],
            "user id": "5318896205",
            "user name": "八点半的moonlight",
            "content": "右边get的点 哈哈哈哈哈哈哈//@景卉:搞不懂，服务员都睡了小偷为嘛还要把她砸醒…",
            "time": "15-11-12 10:22"
        },
        {
            "comment id": 30,
            "parent": -1,
            "children": [],
            "user id": "1778333741",
            "user name": "WonderOlivia",
            "content": "那什么，正当防卫是有条件的，正是这一板砖才坐实了这位是抢劫……回复我的那位大哥你一个大男人干嘛限制别人回复啊",
            "time": "15-11-12 10:21"
        },
        {
            "comment id": 31,
            "parent": -1,
            "children": [],
            "user id": "3504380030",
            "user name": "老酒_9667",
            "content": "被拍砖后反击属正当防卫，网管学习一下吧😄",
            "time": "15-11-12 10:20"
        },
        {
            "comment id": 32,
            "parent": -1,
            "children": [],
            "user id": "1895185125",
            "user name": "大话星哥",
            "content": "警方说是正当防卫，一句废话，这么明显的事实",
            "time": "15-11-12 10:20"
        },
        {
            "comment id": 33,
            "parent": -1,
            "children": [],
            "user id": "3934518847",
            "user name": "熹熙曦_53762",
            "content": "回复@灰烬湖:没看出来这是在调侃吗？",
            "time": "15-11-12 10:17"
        },
        {
            "comment id": 34,
            "parent": -1,
            "children": [],
            "user id": "2948833055",
            "user name": "張奇Zachary",
            "content": "好强",
            "time": "15-11-12 10:14"
        },
        {
            "comment id": 35,
            "parent": -1,
            "children": [],
            "user id": "5639456277",
            "user name": "Edward_为你画眉",
            "content": "貌似《是假如爱有天意》的镜头。。。",
            "time": "15-11-12 10:14"
        },
        {
            "comment id": 36,
            "parent": -1,
            "children": [],
            "user id": "3245993007",
            "user name": "熊喵饼",
            "content": "本来想放尔等宵小一条生路，奈何傻X作死",
            "time": "15-11-12 10:10"
        },
        {
            "comment id": 37,
            "parent": -1,
            "children": [],
            "user id": "3119769411",
            "user name": "sunrisewithyou",
            "content": "",
            "time": "15-11-12 10:10"
        },
        {
            "comment id": 38,
            "parent": -1,
            "children": [],
            "user id": "1933495833",
            "user name": "狐二爺",
            "content": "主要是拍的位置不对，没拍好。",
            "time": "15-11-12 10:10"
        },
        {
            "comment id": 39,
            "parent": -1,
            "children": [],
            "user id": "2447678500",
            "user name": "毛利小五圆",
            "content": "真的好强",
            "time": "15-11-12 10:10"
        },
        {
            "comment id": 40,
            "parent": -1,
            "children": [],
            "user id": "1291975787",
            "user name": "Icelandrabbit",
            "content": "大滁州人才辈出",
            "time": "15-11-12 10:08"
        },
        {
            "comment id": 41,
            "parent": -1,
            "children": [],
            "user id": "2349077554",
            "user name": "-强迫症综合患者",
            "content": "人家睡得好好的，没事干嘛把她拍醒。这不是作死吗？",
            "time": "15-11-12 10:07"
        },
        {
            "comment id": 42,
            "parent": -1,
            "children": [],
            "user id": "5345807228",
            "user name": "用户老者忍者",
            "content": "正义之举。",
            "time": "15-11-12 10:06"
        },
        {
            "comment id": 43,
            "parent": -1,
            "children": [],
            "user id": "2685419290",
            "user name": "惟我天齐",
            "content": "有知道这个gif动画是哪部片子？？",
            "time": "15-11-12 10:06"
        },
        {
            "comment id": 44,
            "parent": -1,
            "children": [],
            "user id": "2356794407",
            "user name": "张兮兮在减肥",
            "content": "@金菲惜笔",
            "time": "15-11-12 10:05"
        },
        {
            "comment id": 45,
            "parent": -1,
            "children": [],
            "user id": "2471022532",
            "user name": "爱吹牛B的小年青",
            "content": "这年头，不学点武术都不敢出去工作了",
            "time": "15-11-12 10:05"
        },
        {
            "comment id": 46,
            "parent": -1,
            "children": [],
            "user id": "3195781410",
            "user name": "施高强就要多读书",
            "content": "配图女主是韩国女神孙艺珍，但是我不知GIF出自何处。",
            "time": "15-11-12 10:05"
        },
        {
            "comment id": 47,
            "parent": -1,
            "children": [],
            "user id": "1944446133",
            "user name": "离剑之见",
            "content": "就不能把当事人名字隐了么",
            "time": "15-11-12 10:05"
        },
        {
            "comment id": 48,
            "parent": -1,
            "children": [],
            "user id": "2391419554",
            "user name": "生於乙亥年",
            "content": "郝强……好强",
            "time": "15-11-12 10:04"
        },
        {
            "comment id": 49,
            "parent": -1,
            "children": [],
            "user id": "5580472395",
            "user name": "融途网媒体",
            "content": "女孩纸不能惹~",
            "time": "15-11-12 10:03"
        },
        {
            "comment id": 50,
            "parent": -1,
            "children": [],
            "user id": "2052896052",
            "user name": "逍遥老头不逍遥",
            "content": "送了妹子实战的机会！",
            "time": "15-11-12 10:02"
        },
        {
            "comment id": 51,
            "parent": -1,
            "children": [],
            "user id": "3938790113",
            "user name": "今天吃什么好吃的咦",
            "content": "配图好评",
            "time": "15-11-12 10:02"
        },
        {
            "comment id": 52,
            "parent": -1,
            "children": [],
            "user id": "1730727397",
            "user name": "宅岛",
            "content": "配图哪来的",
            "time": "15-11-12 10:01"
        },
        {
            "comment id": 53,
            "parent": -1,
            "children": [],
            "user id": "1786905623",
            "user name": "淘气水果派",
            "content": "回复@WonderOlivia:八类重大刑事案件 在侵害过程中 被害人享有无限防卫权  喷之前请多读书",
            "time": "15-11-12 10:01"
        },
        {
            "comment id": 54,
            "parent": -1,
            "children": [],
            "user id": "1397116043",
            "user name": "天外来客888",
            "content": "宾馆招人太实惠，一份薪水两份职业。",
            "time": "15-11-12 10:01"
        },
        {
            "comment id": 55,
            "parent": -1,
            "children": [],
            "user id": "2299791674",
            "user name": "强根健齿",
            "content": "配图一百分",
            "time": "15-11-12 10:00"
        },
        {
            "comment id": 56,
            "parent": -1,
            "children": [],
            "user id": "3227618665",
            "user name": "End斗兽场",
            "content": "真尼玛，抢劫的是越来越没水准了，都用板砖了！",
            "time": "15-11-12 10:00"
        },
        {
            "comment id": 57,
            "parent": -1,
            "children": [],
            "user id": "2741653153",
            "user name": "心旷神怡7879",
            "content": "郝建出来，郝建好贱！",
            "time": "15-11-12 10:00"
        },
        {
            "comment id": 58,
            "parent": -1,
            "children": [],
            "user id": "1746340403",
            "user name": "景卉",
            "content": "搞不懂，服务员都睡了小偷为嘛还要把她砸醒…",
            "time": "15-11-12 10:00"
        },
        {
            "comment id": 59,
            "parent": -1,
            "children": [],
            "user id": "2577216021",
            "user name": "滚水淡煮凉白开",
            "content": "怎么办好想看监控，那贼做坏事已经很可恶了，还栽倒跆拳道人士手里，233333",
            "time": "15-11-12 09:59"
        },
        {
            "comment id": 60,
            "parent": -1,
            "children": [],
            "user id": "3848401321",
            "user name": "好奇的宸也君",
            "content": "我滁州人才辈出",
            "time": "15-11-12 09:59"
        },
        {
            "comment id": 61,
            "parent": -1,
            "children": [],
            "user id": "3848401321",
            "user name": "好奇的宸也君",
            "content": "滁州的",
            "time": "15-11-12 09:58"
        },
        {
            "comment id": 62,
            "parent": -1,
            "children": [],
            "user id": "2158749752",
            "user name": "-嗷嗷嗷寶",
            "content": "这配图",
            "time": "15-11-12 09:58"
        },
        {
            "comment id": 63,
            "parent": -1,
            "children": [],
            "user id": "2174190943",
            "user name": "風鳥院蒲月",
            "content": "想到我们宿舍的学霸也是学跆拳道，瞬间安全感up",
            "time": "15-11-12 09:57"
        },
        {
            "comment id": 64,
            "parent": -1,
            "children": [],
            "user id": "1855092314",
            "user name": "希瓦的守护1993",
            "content": "配图孙艺珍",
            "time": "15-11-12 09:57"
        },
        {
            "comment id": 65,
            "parent": -1,
            "children": [],
            "user id": "1945606960",
            "user name": "小苹果跳跳",
            "content": "琅琊派出所。。。是在江左的势力范围内搞事么。。。",
            "time": "15-11-12 09:56"
        },
        {
            "comment id": 66,
            "parent": -1,
            "children": [],
            "user id": "3934518847",
            "user name": "熹熙曦_53762",
            "content": "上班时间睡觉，还睡熟了，扣工资！",
            "time": "15-11-12 09:56"
        },
        {
            "comment id": 67,
            "parent": -1,
            "children": [],
            "user id": "1767389883",
            "user name": "Kevin洛水之北",
            "content": "事实证明情报工作有多重要",
            "time": "15-11-12 09:56"
        },
        {
            "comment id": 68,
            "parent": -1,
            "children": [],
            "user id": "1873999710",
            "user name": "望晴1977",
            "content": "撞枪口上啦！",
            "time": "15-11-12 09:55"
        },
        {
            "comment id": 69,
            "parent": -1,
            "children": [],
            "user id": "1866702211",
            "user name": "不会飞的布嘎",
            "content": "你站的位置实在太帅了，我忍不住踢了你一脚",
            "time": "15-11-12 09:55"
        },
        {
            "comment id": 70,
            "parent": -1,
            "children": [],
            "user id": "5121414964",
            "user name": "JJ--唐",
            "content": "郝强不愧是“好强”",
            "time": "15-11-12 09:54"
        },
        {
            "comment id": 71,
            "parent": -1,
            "children": [],
            "user id": "2483008953",
            "user name": "阿米Elaine",
            "content": "琅琊派出所，哈哈哈，郝强同志是不是新晋琅琊榜首啊？",
            "time": "15-11-12 09:54"
        },
        {
            "comment id": 72,
            "parent": -1,
            "children": [],
            "user id": "1852672465",
            "user name": "Sendoh_Akira",
            "content": "孙艺珍吗？",
            "time": "15-11-12 09:54"
        },
        {
            "comment id": 73,
            "parent": -1,
            "children": [],
            "user id": "2280543232",
            "user name": "cician章锦鲤",
            "content": "图片是孙艺珍",
            "time": "15-11-12 09:54"
        },
        {
            "comment id": 74,
            "parent": -1,
            "children": [],
            "user id": "1579624390",
            "user name": "青青茉莉香mary",
            "content": "武术将纳入宾馆人力资源考核",
            "time": "15-11-12 09:53"
        },
        {
            "comment id": 75,
            "parent": -1,
            "children": [],
            "user id": "1357224493",
            "user name": "布蕾八分甜",
            "content": "好强",
            "time": "15-11-12 09:53"
        },
        {
            "comment id": 76,
            "parent": -1,
            "children": [],
            "user id": "1778333741",
            "user name": "WonderOlivia",
            "content": "还好事先挨了一板砖，不然就是过当了吧",
            "time": "15-11-12 09:53"
        },
        {
            "comment id": 77,
            "parent": -1,
            "children": [],
            "user id": "1269119682",
            "user name": "雨中漫步_32419",
            "content": "碰到钢板上了吧。",
            "time": "15-11-12 09:53"
        },
        {
            "comment id": 78,
            "parent": -1,
            "children": [],
            "user id": "2310643440",
            "user name": "anatano_himawari",
            "content": "人如其名。。”好强“",
            "time": "15-11-12 09:53"
        },
        {
            "comment id": 79,
            "parent": -1,
            "children": [],
            "user id": "5269389174",
            "user name": "彩带鱼",
            "content": "听着名字就知道不能惹。好强！",
            "time": "15-11-12 09:52"
        }
    ]
}