{
    "source": {
        "content": "衡水中学的英语作业～ 刚开始猛地一看我以为是机打 ",
        "time": "15-11-12 12:02",
        "user id": "2423763501",
        "tweet id": "D3uAOFqYL",
        "label": 0,
        "theme": "教育考试"
    },
    "comment": [
        {
            "comment id": 0,
            "parent": -1,
            "children": [],
            "user id": "6015427847",
            "user name": "_TYYYt",
            "content": "@这是一个很聪明的人",
            "time": "18-5-5 23:49"
        },
        {
            "comment id": 1,
            "parent": -1,
            "children": [],
            "user id": "5184058043",
            "user name": "laozhupeiqi",
            "content": "回复@JIYEON2____暮落:看到英语有点不想打开",
            "time": "17-12-30 20:24"
        },
        {
            "comment id": 2,
            "parent": -1,
            "children": [],
            "user id": "2590049287",
            "user name": "半纾酡",
            "content": "@INeedStayReal",
            "time": "17-12-30 16:02"
        },
        {
            "comment id": 3,
            "parent": -1,
            "children": [],
            "user id": "2837273904",
            "user name": "JIYEON2____暮落",
            "content": "@mnbvcxza00",
            "time": "17-12-30 13:20"
        },
        {
            "comment id": 4,
            "parent": -1,
            "children": [],
            "user id": "5327477880",
            "user name": "星河蜜糖",
            "content": "有点苛刻and没必要",
            "time": "17-4-2 20:41"
        },
        {
            "comment id": 5,
            "parent": -1,
            "children": [],
            "user id": "1565697327",
            "user name": "JuJh-",
            "content": "@八糟--",
            "time": "17-3-17 21:46"
        },
        {
            "comment id": 6,
            "parent": -1,
            "children": [],
            "user id": "5696305415",
            "user name": "Doloresnet",
            "content": "好看",
            "time": "16-8-11 22:26"
        },
        {
            "comment id": 7,
            "parent": -1,
            "children": [],
            "user id": "2233009984",
            "user name": "玥魔力",
            "content": "完美",
            "time": "16-8-9 08:07"
        },
        {
            "comment id": 8,
            "parent": -1,
            "children": [],
            "user id": "1862628237",
            "user name": "糯米糍不吃",
            "content": "厉害@啊啊啊别睬我 @逆袭吧雅丫 @无厘头dada",
            "time": "16-4-28 10:26"
        },
        {
            "comment id": 9,
            "parent": -1,
            "children": [],
            "user id": "2488572085",
            "user name": "Tobe-NiCe",
            "content": "回复@JZshminer:为难我",
            "time": "16-4-2 15:01"
        },
        {
            "comment id": 10,
            "parent": -1,
            "children": [],
            "user id": "1750014291",
            "user name": "JZShminer",
            "content": "@Tobe-NiCe",
            "time": "16-4-2 14:27"
        },
        {
            "comment id": 11,
            "parent": -1,
            "children": [],
            "user id": "2455686500",
            "user name": "WhiteRus",
            "content": "神经的学校",
            "time": "16-2-1 15:59"
        },
        {
            "comment id": 12,
            "parent": -1,
            "children": [],
            "user id": "2796495051",
            "user name": "吃一碗半",
            "content": "回复@王绿WL_ROP_Crew:就是啊！努力追求更好的自己，有错吗？人家确实厉害。",
            "time": "16-1-28 13:19"
        },
        {
            "comment id": 13,
            "parent": -1,
            "children": [],
            "user id": "1787332950",
            "user name": "酸瓣",
            "content": "回复@马鹏宇:没关系，你喜欢就好",
            "time": "16-1-10 00:14"
        },
        {
            "comment id": 14,
            "parent": -1,
            "children": [],
            "user id": "1787332950",
            "user name": "酸瓣",
            "content": "回复@马鹏宇:爸爸",
            "time": "16-1-10 00:13"
        },
        {
            "comment id": 15,
            "parent": -1,
            "children": [],
            "user id": "2309883295",
            "user name": "唱诗班的小囡",
            "content": "回复@蜡笔小普:是很悲哀，可这也不是他们的错，河北考生有50w，大学指标少的可怜，不努力结果就是上不了好大学。很多衡水人都只是想上好大学，找好工作而已。我觉得，他们很努力。而且，中国高考近年也不可能改革。。",
            "time": "16-1-9 22:28"
        },
        {
            "comment id": 16,
            "parent": -1,
            "children": [],
            "user id": "2348035674",
            "user name": "粽子司令",
            "content": "那个叫胡颖晨的汉字和数字都写得很有灵气啊为什么一到英文就写成那样了……各人觉得还是写适合自己的比较好",
            "time": "15-12-29 13:52"
        },
        {
            "comment id": 17,
            "parent": -1,
            "children": [],
            "user id": "5632491861",
            "user name": "言不言丹朱",
            "content": "@无穷的开始",
            "time": "15-12-28 06:40"
        },
        {
            "comment id": 18,
            "parent": -1,
            "children": [],
            "user id": "1845068574",
            "user name": "信儿念儿傻傻分不清楚",
            "content": "回复@mayling要远离咳嗽:excuse me？我写的那叫英文？",
            "time": "15-12-21 16:05"
        },
        {
            "comment id": 19,
            "parent": -1,
            "children": [],
            "user id": "2237986643",
            "user name": "大玲梦想一米七",
            "content": "@信儿念儿傻傻分不清楚 看看你现在写的英文",
            "time": "15-12-21 16:03"
        },
        {
            "comment id": 20,
            "parent": -1,
            "children": [],
            "user id": "3880464379",
            "user name": "zzzxu0101",
            "content": "之前看过了……衡水真的是拽！",
            "time": "15-12-17 07:05"
        },
        {
            "comment id": 21,
            "parent": -1,
            "children": [],
            "user id": "1711860010",
            "user name": "MrsWykoff",
            "content": "说衡水是地狱也好，老师变态也罢，其实都是应试体制下造成的结局。平常人家孩子想奔个好前程，几分之差就会落榜清华北大完全没有回旋余地的后果才会让人分分必争，变成了追求完美答卷的机器。变态的是这中国不懂变通电脑程序般择才方式，怨不得老师学校，更怪不得想要念上好学校的优秀学子。",
            "time": "15-12-11 05:09"
        },
        {
            "comment id": 22,
            "parent": -1,
            "children": [],
            "user id": "5123764285",
            "user name": "耳朵尖尖的",
            "content": "回复@为什么叫kris影帝因为我是影后:不是只注重字体的啊 每一个方面都争取做到最好罢了  如果高考作文衡中学生都是语法错误哪儿来的作文平均高分 不喜勿喷",
            "time": "15-12-10 23:45"
        },
        {
            "comment id": 23,
            "parent": -1,
            "children": [],
            "user id": "2804479787",
            "user name": "裙子的食堂",
            "content": "回复@小萌喵是我爱豆:这种教育方式不让人说。连一门语言基本的都没做好...",
            "time": "15-12-10 23:41"
        },
        {
            "comment id": 24,
            "parent": -1,
            "children": [],
            "user id": "5123764285",
            "user name": "耳朵尖尖的",
            "content": "回复@为什么叫kris影帝因为我是影后:平常分为写习字和写作文  写习字的时候重点就是练字体  随便找些英语练练  老师不看语法只纠正字体 正经写作文的时候肯定会纠正语法  这是衡中约定俗成的事",
            "time": "15-12-10 23:40"
        },
        {
            "comment id": 25,
            "parent": -1,
            "children": [],
            "user id": "2804479787",
            "user name": "裙子的食堂",
            "content": "回复@小萌喵是我爱豆:每一篇都全是语法错误。而老师批改的时候一个错误都没有指出而是圈出了我根本看不出有什么问题的字母，这部可笑吗",
            "time": "15-12-10 23:35"
        },
        {
            "comment id": 26,
            "parent": -1,
            "children": [],
            "user id": "5123764285",
            "user name": "耳朵尖尖的",
            "content": "回复@为什么叫kris影帝因为我是影后:因为是衡中的语法就不能有错误吗",
            "time": "15-12-10 23:33"
        },
        {
            "comment id": 27,
            "parent": -1,
            "children": [],
            "user id": "2804479787",
            "user name": "裙子的食堂",
            "content": "回复@小萌喵是我爱豆:语法错了都没看出来真是可笑",
            "time": "15-12-10 22:55"
        },
        {
            "comment id": 28,
            "parent": -1,
            "children": [],
            "user id": "1792271793",
            "user name": "_Sunsunnnnn",
            "content": "@秋刀鱼的柠檬c",
            "time": "15-11-29 11:19"
        },
        {
            "comment id": 29,
            "parent": -1,
            "children": [],
            "user id": "2949722647",
            "user name": "1远方有琴",
            "content": "我曾经的答题卡 ",
            "time": "15-11-28 18:04"
        },
        {
            "comment id": 30,
            "parent": -1,
            "children": [],
            "user id": "5117559988",
            "user name": "拥有月亮的人不需要神祇",
            "content": "回复@w花仙子w:幸亏我高中的时候我妈没看到这个",
            "time": "15-11-23 10:15"
        },
        {
            "comment id": 31,
            "parent": -1,
            "children": [],
            "user id": "3318283010",
            "user name": "w花仙子w",
            "content": "@拥有月亮的人不需要神祗 给跪了",
            "time": "15-11-23 00:44"
        },
        {
            "comment id": 32,
            "parent": -1,
            "children": [],
            "user id": "5269817812",
            "user name": "中风王者",
            "content": "。。。流弊",
            "time": "15-11-22 13:06"
        },
        {
            "comment id": 33,
            "parent": -1,
            "children": [],
            "user id": "1792271793",
            "user name": "_Sunsunnnnn",
            "content": "@秋刀鱼的柠檬c",
            "time": "15-11-21 22:59"
        },
        {
            "comment id": 34,
            "parent": -1,
            "children": [],
            "user id": "5677508767",
            "user name": "Coco小猪猪呀",
            "content": "回复@孙燕virgo:我装作不懂的样子",
            "time": "15-11-21 12:03"
        },
        {
            "comment id": 35,
            "parent": -1,
            "children": [],
            "user id": "1851073041",
            "user name": "张小轩儿z",
            "content": "回复@贝兜贝:是的！！！！",
            "time": "15-11-20 23:29"
        },
        {
            "comment id": 36,
            "parent": -1,
            "children": [],
            "user id": "1851073041",
            "user name": "张小轩儿z",
            "content": "回复@贝兜贝:是的",
            "time": "15-11-20 23:29"
        },
        {
            "comment id": 37,
            "parent": -1,
            "children": [],
            "user id": "2665529973",
            "user name": "贝兜贝",
            "content": "@张小轩儿z 你们是不是这样！！！",
            "time": "15-11-20 18:43"
        },
        {
            "comment id": 38,
            "parent": -1,
            "children": [],
            "user id": "2693353595",
            "user name": "·超级玛丽懵·",
            "content": "回复@木子酱LqYuooo:@莲城of",
            "time": "15-11-17 14:47"
        },
        {
            "comment id": 39,
            "parent": -1,
            "children": [],
            "user id": "2693353595",
            "user name": "·超级玛丽懵·",
            "content": "回复@木子酱LqYuooo:啧啧啧",
            "time": "15-11-17 14:46"
        },
        {
            "comment id": 40,
            "parent": -1,
            "children": [],
            "user id": "5186301886",
            "user name": "重庆渝北区首富",
            "content": "回复@木子酱LqYuooo:变态",
            "time": "15-11-17 13:57"
        },
        {
            "comment id": 41,
            "parent": -1,
            "children": [],
            "user id": "5173803247",
            "user name": "世界将在买不到35双冰那日毁灭",
            "content": "@NAMEng11 @cocoro31468 @寄生虫1996 传说中的……",
            "time": "15-11-17 13:47"
        },
        {
            "comment id": 42,
            "parent": -1,
            "children": [],
            "user id": "5088904461",
            "user name": "花小骨童鞋",
            "content": "我想哭",
            "time": "15-11-16 15:49"
        },
        {
            "comment id": 43,
            "parent": -1,
            "children": [],
            "user id": "3934643909",
            "user name": "水火既济医易圆通",
            "content": "真棒 还有这事儿",
            "time": "15-11-16 13:27"
        },
        {
            "comment id": 44,
            "parent": -1,
            "children": [],
            "user id": "5664141934",
            "user name": "东京Ban",
            "content": "这特么是一群什么人啊？",
            "time": "15-11-16 10:09"
        },
        {
            "comment id": 45,
            "parent": -1,
            "children": [],
            "user id": "2538049084",
            "user name": "朽衣朽裤烂皮鞋",
            "content": "我还没写完就交卷了",
            "time": "15-11-16 00:58"
        },
        {
            "comment id": 46,
            "parent": -1,
            "children": [],
            "user id": "1694019050",
            "user name": "我就是银河阿",
            "content": "@grade_A_bitch @草莓酱醬漿",
            "time": "15-11-15 22:09"
        },
        {
            "comment id": 47,
            "parent": -1,
            "children": [],
            "user id": "2386519710",
            "user name": "波兰晚来客",
            "content": "如果汉字写成打印体有人还会觉得好看吗",
            "time": "15-11-15 21:44"
        },
        {
            "comment id": 48,
            "parent": -1,
            "children": [],
            "user id": "2176600440",
            "user name": "雾霭宁兮",
            "content": "其實不說語法什麼的其實這種字體不好看好不好感覺好生硬",
            "time": "15-11-15 11:19"
        },
        {
            "comment id": 49,
            "parent": -1,
            "children": [],
            "user id": "3091986023",
            "user name": "wzxfczyqbhbpwhgwaqg",
            "content": "可是这样真的很漂亮啊。。反正我挺羡慕他们能写这么好看的字",
            "time": "15-11-15 09:39"
        },
        {
            "comment id": 50,
            "parent": -1,
            "children": [],
            "user id": "5651186807",
            "user name": "Mikasa-Eren",
            "content": "回复@汪喵_啊啊又手残了:我很佩服你们 三年如一日 重要的是养成了坚持到底的习惯还有很多其他方面的能力",
            "time": "15-11-14 23:10"
        },
        {
            "comment id": 51,
            "parent": -1,
            "children": [],
            "user id": "2286735077",
            "user name": "大号已打烊",
            "content": "回复@生菜鼬:😂一高的也不赖",
            "time": "15-11-14 18:06"
        },
        {
            "comment id": 52,
            "parent": -1,
            "children": [],
            "user id": "5108633538",
            "user name": "小王同学的小王夫人",
            "content": "我去，这个有点过分啊，这也太应试教育了吧",
            "time": "15-11-14 18:05"
        },
        {
            "comment id": 53,
            "parent": -1,
            "children": [],
            "user id": "2102657201",
            "user name": "生菜鼬",
            "content": "@拾宋   快学学😌",
            "time": "15-11-14 17:25"
        },
        {
            "comment id": 54,
            "parent": -1,
            "children": [],
            "user id": "1786955830",
            "user name": "阿煮到我的手啦",
            "content": "语法错误一堆，根本看不下去。这老师是在培养打印机不是人才。",
            "time": "15-11-14 15:52"
        },
        {
            "comment id": 55,
            "parent": -1,
            "children": [],
            "user id": "3243623552",
            "user name": "伟冕Net",
            "content": "回复@瑛妮cynthia:我的宿友表示他也能写出来",
            "time": "15-11-14 15:32"
        },
        {
            "comment id": 56,
            "parent": -1,
            "children": [],
            "user id": "1557365021",
            "user name": "叶弯CC",
            "content": "【大写的语法错误】不纠正。。。我也是醉了醉了醉了[好囧][好囧][好囧][崩溃][崩溃][崩溃][霹雳][霹雳][霹雳]",
            "time": "15-11-14 15:22"
        },
        {
            "comment id": 57,
            "parent": -1,
            "children": [],
            "user id": "2160924360",
            "user name": "小童鹿",
            "content": "@努力努力再努力_lxs @MVS_xian 哦买嘎",
            "time": "15-11-14 13:40"
        },
        {
            "comment id": 58,
            "parent": -1,
            "children": [],
            "user id": "5141617098",
            "user name": "张小妹-Yaqing",
            "content": "回复@Owen-ZH:衡中毕业生实力证明，就是这个样子的",
            "time": "15-11-14 10:35"
        },
        {
            "comment id": 59,
            "parent": -1,
            "children": [],
            "user id": "3867427954",
            "user name": "开心脸HAN",
            "content": "@张雅晴没吃人 ",
            "time": "15-11-14 09:36"
        },
        {
            "comment id": 60,
            "parent": -1,
            "children": [],
            "user id": "2915512461",
            "user name": "吴学圣-",
            "content": "胡颖晨！过来面批!一定要来！",
            "time": "15-11-14 03:54"
        },
        {
            "comment id": 61,
            "parent": -1,
            "children": [],
            "user id": "3118341981",
            "user name": "小米kkkkkkk",
            "content": "要多久才能有这样的水平",
            "time": "15-11-14 00:42"
        },
        {
            "comment id": 62,
            "parent": -1,
            "children": [],
            "user id": "1943466417",
            "user name": "小将郝指导",
            "content": "@闫小鹤fucKmyself 你怎么写得不是这么回事",
            "time": "15-11-14 00:22"
        },
        {
            "comment id": 63,
            "parent": -1,
            "children": [],
            "user id": "2791990555",
            "user name": "于圆波波",
            "content": "回复@yunaaa93:变态了衡水",
            "time": "15-11-14 00:20"
        },
        {
            "comment id": 64,
            "parent": -1,
            "children": [],
            "user id": "3223583185",
            "user name": "小亭哥儿",
            "content": "我好奇的是，他们这么写字会不会答不完卷",
            "time": "15-11-13 23:02"
        },
        {
            "comment id": 65,
            "parent": -1,
            "children": [],
            "user id": "5055126458",
            "user name": "Freya_思佳",
            "content": "只能说醉了。有这时间抓紧锻炼下身体也是好的。非要让手写跟印刷一样。呢要机器干什么。",
            "time": "15-11-13 22:57"
        },
        {
            "comment id": 66,
            "parent": -1,
            "children": [],
            "user id": "2958770877",
            "user name": "櫻花不是櫻桃花",
            "content": "@慌了就像白活一场",
            "time": "15-11-13 22:45"
        },
        {
            "comment id": 67,
            "parent": -1,
            "children": [],
            "user id": "3884842198",
            "user name": "-草莓粉",
            "content": "然而有种淡淡的悲哀中国教育把学生培养成机器？@EternityFelicity",
            "time": "15-11-13 22:36"
        },
        {
            "comment id": 68,
            "parent": -1,
            "children": [],
            "user id": "3273962272",
            "user name": "朝朝朝朝朝朝歌",
            "content": "回复@踩黄瓜的小姑娘:我似乎看过这个👀",
            "time": "15-11-13 22:08"
        },
        {
            "comment id": 69,
            "parent": -1,
            "children": [],
            "user id": "2619126383",
            "user name": "阿布啊呜",
            "content": "写字陶冶情操",
            "time": "15-11-13 22:03"
        },
        {
            "comment id": 70,
            "parent": -1,
            "children": [],
            "user id": "2445301482",
            "user name": "村里有个姑娘叫小小芳芳",
            "content": "@冬眠君的枕头",
            "time": "15-11-13 19:48"
        },
        {
            "comment id": 71,
            "parent": -1,
            "children": [],
            "user id": "5602022562",
            "user name": "劲夫劲夫幕刃幕刃",
            "content": "有什么用呢 跟打印机比呢？我觉得有这时间干什么都比这个强",
            "time": "15-11-13 19:22"
        },
        {
            "comment id": 72,
            "parent": -1,
            "children": [],
            "user id": "3025146571",
            "user name": "赛赛赛赛西",
            "content": "@咳咳在整理东西",
            "time": "15-11-13 17:50"
        },
        {
            "comment id": 73,
            "parent": -1,
            "children": [],
            "user id": "3191728601",
            "user name": "是收获",
            "content": "回复@赫南多:加油哈哈哈💪",
            "time": "15-11-13 17:41"
        },
        {
            "comment id": 74,
            "parent": -1,
            "children": [],
            "user id": "1017470951",
            "user name": "一边吹瓶一边复习的小黄",
            "content": "回复@是收获:醉",
            "time": "15-11-13 17:05"
        },
        {
            "comment id": 75,
            "parent": -1,
            "children": [],
            "user id": "3191728601",
            "user name": "是收获",
            "content": "@赫南多",
            "time": "15-11-13 16:53"
        },
        {
            "comment id": 76,
            "parent": -1,
            "children": [],
            "user id": "1730258217",
            "user name": "回大人小人名叫尽天良",
            "content": "@淘淘淘淘之妖妖 牛逼啊这个",
            "time": "15-11-13 16:41"
        },
        {
            "comment id": 77,
            "parent": -1,
            "children": [],
            "user id": "5557714984",
            "user name": "小小聿小怪兽",
            "content": "当年我们都能写成这样，然并卵。。。",
            "time": "15-11-13 16:34"
        },
        {
            "comment id": 78,
            "parent": -1,
            "children": [],
            "user id": "1793003293",
            "user name": "老铁岭人了Der",
            "content": "😃这样也挺好看，我要写这样速度会慢非常多…所以都连一起没分这么开…",
            "time": "15-11-13 15:11"
        },
        {
            "comment id": 79,
            "parent": -1,
            "children": [],
            "user id": "3285812833",
            "user name": "吃花孩儿",
            "content": "看看老师用红笔画出的地方就知道他为什么写这么好 要求也太严了 这不能短那太长了的 想想我上学的时候英语老师从没纠正过任何一个同学的字写的标不标准",
            "time": "15-11-13 14:12"
        }
    ]
}