{
    "source": {
        "content": "【大学设恋爱课 学撒娇、拿学分】河南郑州师范学院开设选修课\"爱情心理学\"，课程内容包括随机配对模拟“表白”、学\"撒娇\"、“被拒绝”等。校方称不是鼓励学生恋爱，而是想教他们懂\"爱\"。选修课程学生能拿学分，有人上课后成功“脱单”，也有人选择分手。一大学开设恋爱课 有人脱单有人分手_综合_新京报网你想上这门“恋爱课”吗？ ",
        "time": "15-11-12 13:45",
        "user id": "1314608344",
        "tweet id": "D3vgHbafL",
        "label": 0,
        "theme": "教育考试"
    },
    "comment": [
        {
            "comment id": 0,
            "parent": -1,
            "children": [],
            "user id": "2853400414",
            "user name": "0落_",
            "content": "回复@聪明的笨蛋Q:",
            "time": "15-11-13 13:45"
        },
        {
            "comment id": 1,
            "parent": -1,
            "children": [],
            "user id": "5401939728",
            "user name": "小梁不熬夜啦",
            "content": "回复@war--boy:哈哈 😄，没有啦",
            "time": "15-11-13 13:21"
        },
        {
            "comment id": 2,
            "parent": -1,
            "children": [],
            "user id": "5401939728",
            "user name": "小梁不熬夜啦",
            "content": "回复@war--boy:觉得挺有意思的",
            "time": "15-11-13 13:20"
        },
        {
            "comment id": 3,
            "parent": -1,
            "children": [],
            "user id": "3204817104",
            "user name": "魔鬼小香猪",
            "content": "回复@0落_: 没有 不开心",
            "time": "15-11-13 09:42"
        },
        {
            "comment id": 4,
            "parent": -1,
            "children": [],
            "user id": "2404617420",
            "user name": "Cwen-ci",
            "content": "回复@暑夏冰沙:你在宿舍给我上啊",
            "time": "15-11-12 23:24"
        },
        {
            "comment id": 5,
            "parent": -1,
            "children": [],
            "user id": "1738454071",
            "user name": "让人头大的女儿",
            "content": "学撒娇……那男人学什么？学对撒娇的“免疫”？",
            "time": "15-11-12 21:12"
        },
        {
            "comment id": 6,
            "parent": -1,
            "children": [],
            "user id": "5285148337",
            "user name": "登山小精灵",
            "content": "真有必要学学，哈哈",
            "time": "15-11-12 19:52"
        },
        {
            "comment id": 7,
            "parent": -1,
            "children": [],
            "user id": "3204617764",
            "user name": "兜兜_Mom",
            "content": "@-不忘初心方可始终如一",
            "time": "15-11-12 19:19"
        },
        {
            "comment id": 8,
            "parent": -1,
            "children": [],
            "user id": "2853400414",
            "user name": "0落_",
            "content": "回复@聪明的笨蛋Q:我也不知道呢你们那里有吗",
            "time": "15-11-12 17:55"
        },
        {
            "comment id": 9,
            "parent": -1,
            "children": [],
            "user id": "5745631660",
            "user name": "临时关闭161205",
            "content": "教课就算了，随机排配对不错的",
            "time": "15-11-12 17:39"
        },
        {
            "comment id": 10,
            "parent": -1,
            "children": [],
            "user id": "2036433310",
            "user name": "anidike",
            "content": "这个大学，附近的宾馆收入又增加了",
            "time": "15-11-12 17:21"
        },
        {
            "comment id": 11,
            "parent": -1,
            "children": [],
            "user id": "3865835570",
            "user name": "比远方更远的你",
            "content": "回复@mirror姑娘:🐶🐶🐶",
            "time": "15-11-12 17:03"
        },
        {
            "comment id": 12,
            "parent": -1,
            "children": [],
            "user id": "5094412719",
            "user name": "54糖糖45",
            "content": "想呀！可是这只是别人家的学校",
            "time": "15-11-12 16:51"
        },
        {
            "comment id": 13,
            "parent": -1,
            "children": [],
            "user id": "1923259573",
            "user name": "圆通快递今天还没倒闭吗",
            "content": "那些分手的都是被学得好的撸走了吧",
            "time": "15-11-12 16:40"
        },
        {
            "comment id": 14,
            "parent": -1,
            "children": [],
            "user id": "2151396601",
            "user name": "誓与赌毒不共戴天",
            "content": "十佳好学校",
            "time": "15-11-12 16:32"
        },
        {
            "comment id": 15,
            "parent": -1,
            "children": [],
            "user id": "1751620943",
            "user name": "脑洞大开小健健",
            "content": "现在的高校到底都在干什么，不好好搞学术研究，不好好学习理论，一天到晚开设这些课程哇众取宠。难道学生上大学就是为了学习怎样谈恋爱吗？真是越来越不像话了。最后一句，请问有别的近一点的学校有这样的课程吗我帮以后的孩子留意留意。",
            "time": "15-11-12 16:15"
        },
        {
            "comment id": 16,
            "parent": -1,
            "children": [],
            "user id": "3934308762",
            "user name": "大甜的甜甜圈",
            "content": "我想上！",
            "time": "15-11-12 16:12"
        },
        {
            "comment id": 17,
            "parent": -1,
            "children": [],
            "user id": "1572626122",
            "user name": "心隨夢逐",
            "content": "矫情",
            "time": "15-11-12 16:07"
        },
        {
            "comment id": 18,
            "parent": -1,
            "children": [],
            "user id": "2356307877",
            "user name": "贪吃小肉包",
            "content": "这个有用～",
            "time": "15-11-12 16:06"
        },
        {
            "comment id": 19,
            "parent": -1,
            "children": [],
            "user id": "3204817104",
            "user name": "魔鬼小香猪",
            "content": "回复@0落_:不知道 看玩笑的 ",
            "time": "15-11-12 15:48"
        },
        {
            "comment id": 20,
            "parent": -1,
            "children": [],
            "user id": "2853400414",
            "user name": "0落_",
            "content": "回复@聪明的笨蛋Q:大学也可以转的吗",
            "time": "15-11-12 15:42"
        },
        {
            "comment id": 21,
            "parent": -1,
            "children": [],
            "user id": "5553701130",
            "user name": "鲸落海边",
            "content": "大学被某些人乱搞的都不值钱了！！！",
            "time": "15-11-12 15:39"
        },
        {
            "comment id": 22,
            "parent": -1,
            "children": [],
            "user id": "5553701130",
            "user name": "鲸落海边",
            "content": "一代又一代没在大学学习恋爱，照样恋爱、结婚。大学这不是乱搞吗？",
            "time": "15-11-12 15:37"
        },
        {
            "comment id": 23,
            "parent": -1,
            "children": [],
            "user id": "2748450302",
            "user name": "上海海之声长宁中心",
            "content": "",
            "time": "15-11-12 15:36"
        },
        {
            "comment id": 24,
            "parent": -1,
            "children": [],
            "user id": "1659744063",
            "user name": "夏也也烦",
            "content": "有必要",
            "time": "15-11-12 15:36"
        },
        {
            "comment id": 25,
            "parent": -1,
            "children": [],
            "user id": "2954321992",
            "user name": "沁沁沁一一一",
            "content": "@My_Jessie",
            "time": "15-11-12 15:35"
        },
        {
            "comment id": 26,
            "parent": -1,
            "children": [],
            "user id": "1768042914",
            "user name": "经典宝骏",
            "content": "多少人借着上课的名义爱着一个人",
            "time": "15-11-12 15:25"
        },
        {
            "comment id": 27,
            "parent": -1,
            "children": [],
            "user id": "2230940890",
            "user name": "Y我娘他儿子可帅了",
            "content": "回复@哈R江江江江丶:走起",
            "time": "15-11-12 15:18"
        },
        {
            "comment id": 28,
            "parent": -1,
            "children": [],
            "user id": "5150603190",
            "user name": "古墨羽影",
            "content": "学校真会玩",
            "time": "15-11-12 15:16"
        },
        {
            "comment id": 29,
            "parent": -1,
            "children": [],
            "user id": "3579898901",
            "user name": "M软绵绵M",
            "content": "@Y我娘他儿子可帅了 我们也去",
            "time": "15-11-12 15:01"
        },
        {
            "comment id": 30,
            "parent": -1,
            "children": [],
            "user id": "5510853147",
            "user name": "小张不慌张F",
            "content": "我的学校",
            "time": "15-11-12 15:00"
        },
        {
            "comment id": 31,
            "parent": -1,
            "children": [],
            "user id": "1829269613",
            "user name": "周骆驼",
            "content": "@瘦瘦瘦子张",
            "time": "15-11-12 14:54"
        },
        {
            "comment id": 32,
            "parent": -1,
            "children": [],
            "user id": "2582635713",
            "user name": "我是静静O_o",
            "content": "都是别人的学校……",
            "time": "15-11-12 14:45"
        },
        {
            "comment id": 33,
            "parent": -1,
            "children": [],
            "user id": "2997179795",
            "user name": "咖啡里的青茶d",
            "content": "这叫懂爱？冠冕堂皇！",
            "time": "15-11-12 14:42"
        },
        {
            "comment id": 34,
            "parent": -1,
            "children": [],
            "user id": "1729889203",
            "user name": "国字脸购物机器",
            "content": "回复@Call-Vincent:想变成进击的撒娇小能手！哈哈哈",
            "time": "15-11-12 14:37"
        },
        {
            "comment id": 35,
            "parent": -1,
            "children": [],
            "user id": "2261947542",
            "user name": "Kam景照",
            "content": "图片评论 ",
            "time": "15-11-12 14:36"
        },
        {
            "comment id": 36,
            "parent": -1,
            "children": [],
            "user id": "1825475551",
            "user name": "腊月286888",
            "content": "男女同桌 好老师",
            "time": "15-11-12 14:36"
        },
        {
            "comment id": 37,
            "parent": -1,
            "children": [],
            "user id": "2374041224",
            "user name": "Call-Vincent",
            "content": "回复@你真厉害呀巴扎黑:撒娇挺好的不用学",
            "time": "15-11-12 14:36"
        },
        {
            "comment id": 38,
            "parent": -1,
            "children": [],
            "user id": "2425537444",
            "user name": "胖纸又肥了",
            "content": "按照中国传统来讲有点离谱了！",
            "time": "15-11-12 14:34"
        },
        {
            "comment id": 39,
            "parent": -1,
            "children": [],
            "user id": "5255876001",
            "user name": "-pnh",
            "content": "上海大学还有《爱情心理解读》和《大学生情感认知》已经开设很久了的说( •ิ_• ิ)",
            "time": "15-11-12 14:26"
        },
        {
            "comment id": 40,
            "parent": -1,
            "children": [],
            "user id": "3857976886",
            "user name": "刘美丽的大猪蹄子",
            "content": "还教不教其他的？",
            "time": "15-11-12 14:25"
        },
        {
            "comment id": 41,
            "parent": -1,
            "children": [],
            "user id": "2064562093",
            "user name": "木日生",
            "content": "撒娇是天生的，这种交不会的。",
            "time": "15-11-12 14:25"
        },
        {
            "comment id": 42,
            "parent": -1,
            "children": [],
            "user id": "5707039689",
            "user name": "四眼猫的奇妙世界",
            "content": "有必要，幫助大家了解如何與異性相處交往，找到合適自已的另一伴，減少離婚率",
            "time": "15-11-12 14:24"
        },
        {
            "comment id": 43,
            "parent": -1,
            "children": [],
            "user id": "3851924028",
            "user name": "小诺的收件箱",
            "content": "那我指定挂了",
            "time": "15-11-12 14:23"
        },
        {
            "comment id": 44,
            "parent": -1,
            "children": [],
            "user id": "1862740465",
            "user name": "鑫-花岗岩",
            "content": "这是附送的额外天赋点啊～～一定要加～！",
            "time": "15-11-12 14:22"
        },
        {
            "comment id": 45,
            "parent": -1,
            "children": [],
            "user id": "2386774900",
            "user name": "幕阜山下J",
            "content": "我要报名",
            "time": "15-11-12 14:21"
        },
        {
            "comment id": 46,
            "parent": -1,
            "children": [],
            "user id": "1401564490",
            "user name": "一路山行一路歌",
            "content": "请问怎样才算及格涅",
            "time": "15-11-12 14:21"
        },
        {
            "comment id": 47,
            "parent": -1,
            "children": [],
            "user id": "5605209430",
            "user name": "冷了冬暖了夏",
            "content": "这一次是教学生如何恋爱，那下一步是不是教如何啪啪?现在的学校肿么了?",
            "time": "15-11-12 14:20"
        },
        {
            "comment id": 48,
            "parent": -1,
            "children": [],
            "user id": "1654152727",
            "user name": "yff1961",
            "content": "还是模拟婚后油盐酱醋吧 撒娇是天生的",
            "time": "15-11-12 14:20"
        },
        {
            "comment id": 49,
            "parent": -1,
            "children": [],
            "user id": "2153998337",
            "user name": "江南小经同学YID",
            "content": "男监考怎么办？",
            "time": "15-11-12 14:20"
        },
        {
            "comment id": 50,
            "parent": -1,
            "children": [],
            "user id": "2123577021",
            "user name": "独舞huan者",
            "content": "对于着自己有感觉的人撒娇才好吧，不然会觉得恶心。当然对方也要对你有感觉才行，不然他也会觉得恶心",
            "time": "15-11-12 14:19"
        },
        {
            "comment id": 51,
            "parent": -1,
            "children": [],
            "user id": "3204817104",
            "user name": "魔鬼小香猪",
            "content": "回复@0落_:果断转学",
            "time": "15-11-12 14:18"
        },
        {
            "comment id": 52,
            "parent": -1,
            "children": [],
            "user id": "3204817104",
            "user name": "魔鬼小香猪",
            "content": "挺好的呀 支持",
            "time": "15-11-12 14:17"
        },
        {
            "comment id": 53,
            "parent": -1,
            "children": [],
            "user id": "2853400414",
            "user name": "0落_",
            "content": "我也想选这个课程，可惜我们学校没有",
            "time": "15-11-12 14:16"
        },
        {
            "comment id": 54,
            "parent": -1,
            "children": [],
            "user id": "1871949862",
            "user name": "砼小康",
            "content": "回复@繁星天上:这学分大不了我不要了",
            "time": "15-11-12 14:16"
        },
        {
            "comment id": 55,
            "parent": -1,
            "children": [],
            "user id": "5347115399",
            "user name": "SodaMewo",
            "content": "如果能让不懂恋爱的人或者在爱里自私的人学会怎样去爱 有这样一门课挺好的",
            "time": "15-11-12 14:15"
        },
        {
            "comment id": 56,
            "parent": -1,
            "children": [],
            "user id": "5401939728",
            "user name": "小梁不熬夜啦",
            "content": "好玩的课",
            "time": "15-11-12 14:11"
        },
        {
            "comment id": 57,
            "parent": -1,
            "children": [],
            "user id": "1744950754",
            "user name": "Fatimah_SS",
            "content": "回复@加拿大爱我:我大师院居然还有这？",
            "time": "15-11-12 14:09"
        },
        {
            "comment id": 58,
            "parent": -1,
            "children": [],
            "user id": "1820964313",
            "user name": "盐火锅",
            "content": "@MRSAIXS 什么玩儿",
            "time": "15-11-12 14:07"
        },
        {
            "comment id": 59,
            "parent": -1,
            "children": [],
            "user id": "5025517790",
            "user name": "繁星天上",
            "content": "回复@砼小康:你是没有理解老师教的么",
            "time": "15-11-12 14:05"
        },
        {
            "comment id": 60,
            "parent": -1,
            "children": [],
            "user id": "1871949862",
            "user name": "砼小康",
            "content": "回复@繁星天上:我已经实践过课程内容，没有卵用",
            "time": "15-11-12 14:04"
        },
        {
            "comment id": 61,
            "parent": -1,
            "children": [],
            "user id": "5046394847",
            "user name": "王小胖儿的胖",
            "content": "连这都要教？what are you 弄啥类？",
            "time": "15-11-12 14:03"
        },
        {
            "comment id": 62,
            "parent": -1,
            "children": [],
            "user id": "3572712204",
            "user name": "米花_10",
            "content": "",
            "time": "15-11-12 14:02"
        },
        {
            "comment id": 63,
            "parent": -1,
            "children": [],
            "user id": "2006366637",
            "user name": "红色素咖啡",
            "content": "@库洛学长",
            "time": "15-11-12 14:00"
        },
        {
            "comment id": 64,
            "parent": -1,
            "children": [],
            "user id": "5217001098",
            "user name": "李如风swag",
            "content": "我们学校也有这门课啊 这算什么新闻",
            "time": "15-11-12 14:00"
        },
        {
            "comment id": 65,
            "parent": -1,
            "children": [],
            "user id": "2139517065",
            "user name": "花开薄荷白",
            "content": "单身不是什么丢脸的事",
            "time": "15-11-12 13:59"
        },
        {
            "comment id": 66,
            "parent": -1,
            "children": [],
            "user id": "2166759107",
            "user name": "Vicky_GF",
            "content": "@佳爷爷926 @二萌萌要充满正能量",
            "time": "15-11-12 13:57"
        },
        {
            "comment id": 67,
            "parent": -1,
            "children": [],
            "user id": "2202804102",
            "user name": "小橘子今天锻炼了吗",
            "content": "感觉很有必要啊。可能就不会当单身狗了。",
            "time": "15-11-12 13:57"
        },
        {
            "comment id": 68,
            "parent": -1,
            "children": [],
            "user id": "2966228903",
            "user name": "热咖啡柠檬茶",
            "content": "蛮好的，支持",
            "time": "15-11-12 13:56"
        },
        {
            "comment id": 69,
            "parent": -1,
            "children": [],
            "user id": "2103309795",
            "user name": "Louis_CAN",
            "content": "有冇 担泥 钓墨鱼 同炸死 学架？",
            "time": "15-11-12 13:56"
        },
        {
            "comment id": 70,
            "parent": -1,
            "children": [],
            "user id": "2286551764",
            "user name": "辉仔阿古",
            "content": "书呆子",
            "time": "15-11-12 13:55"
        },
        {
            "comment id": 71,
            "parent": -1,
            "children": [],
            "user id": "2362105301",
            "user name": "Amber随心",
            "content": "我也想上这样的课",
            "time": "15-11-12 13:55"
        },
        {
            "comment id": 72,
            "parent": -1,
            "children": [],
            "user id": "5750462224",
            "user name": "我为剧迷",
            "content": "不错啊，挺好的",
            "time": "15-11-12 13:54"
        },
        {
            "comment id": 73,
            "parent": -1,
            "children": [],
            "user id": "1770525307",
            "user name": "路建英观察",
            "content": "好时候全错过了.........",
            "time": "15-11-12 13:53"
        },
        {
            "comment id": 74,
            "parent": -1,
            "children": [],
            "user id": "2719205673",
            "user name": "冰上之花",
            "content": "我想问啥时间上课，周末吗，哪个教室，我想去",
            "time": "15-11-12 13:53"
        },
        {
            "comment id": 75,
            "parent": -1,
            "children": [],
            "user id": "5254850284",
            "user name": "苏勒贝勒爷",
            "content": "男生也可以学吗？",
            "time": "15-11-12 13:51"
        },
        {
            "comment id": 76,
            "parent": -1,
            "children": [],
            "user id": "2514920422",
            "user name": "酒浪柱",
            "content": "孙俪同款围巾网页链接",
            "time": "15-11-12 13:51"
        },
        {
            "comment id": 77,
            "parent": -1,
            "children": [],
            "user id": "3846037739",
            "user name": "追着星星的王子",
            "content": "要挂科了！",
            "time": "15-11-12 13:50"
        },
        {
            "comment id": 78,
            "parent": -1,
            "children": [],
            "user id": "5025517790",
            "user name": "繁星天上",
            "content": "@砼小康 走，咱去报名",
            "time": "15-11-12 13:49"
        },
        {
            "comment id": 79,
            "parent": -1,
            "children": [],
            "user id": "3719609993",
            "user name": "不吃姜丫",
            "content": "别人的学校",
            "time": "15-11-12 13:48"
        }
    ]
}