{
    "source": {
        "content": "【NAVER blog】罕见的#GD#欧巴果照 ",
        "time": "15-11-12 14:00",
        "user id": "2482557597",
        "tweet id": "D3vmGA1kb",
        "label": 0,
        "theme": "文体娱乐"
    },
    "comment": [
        {
            "comment id": 0,
            "parent": -1,
            "children": [],
            "user id": "3181035694",
            "user name": "S不想起床S",
            "content": "回复@CityLights_54:嘿嘿，好瘦",
            "time": "20-4-16 22:56"
        },
        {
            "comment id": 1,
            "parent": -1,
            "children": [],
            "user id": "2309867572",
            "user name": "CityLights_54",
            "content": "@S不想起床S",
            "time": "20-4-16 16:52"
        },
        {
            "comment id": 2,
            "parent": -1,
            "children": [],
            "user id": "2267109065",
            "user name": "权时贤在干什么",
            "content": "回复@情系飞帆_请叫我老猪oZG:其实crayon也有果照",
            "time": "16-2-19 16:08"
        },
        {
            "comment id": 3,
            "parent": -1,
            "children": [],
            "user id": "2267109065",
            "user name": "权时贤在干什么",
            "content": "回复@情系飞帆_请叫我老猪oZG:卧槽",
            "time": "16-2-19 16:08"
        },
        {
            "comment id": 4,
            "parent": -1,
            "children": [],
            "user id": "3047320951",
            "user name": "GinaWang灬",
            "content": "回复@-zzang张:不记得了…或许是…日本？",
            "time": "16-2-15 22:42"
        },
        {
            "comment id": 5,
            "parent": -1,
            "children": [],
            "user id": "2753250931",
            "user name": "-zzang张",
            "content": "回复@GinaWang灬:哪场演唱会 还记得吗？",
            "time": "16-2-15 22:30"
        },
        {
            "comment id": 6,
            "parent": -1,
            "children": [],
            "user id": "3047320951",
            "user name": "GinaWang灬",
            "content": "回复@-zzang张:就是演唱会幕后花絮~",
            "time": "16-2-15 22:09"
        },
        {
            "comment id": 7,
            "parent": -1,
            "children": [],
            "user id": "2753250931",
            "user name": "-zzang张",
            "content": "回复@GinaWang灬:是什么节目啊？我忘记了",
            "time": "16-2-15 21:56"
        },
        {
            "comment id": 8,
            "parent": -1,
            "children": [],
            "user id": "5487888382",
            "user name": "不是俞欣怡",
            "content": "回复@-LeeCookie-:卧槽！",
            "time": "16-1-9 15:46"
        },
        {
            "comment id": 9,
            "parent": -1,
            "children": [],
            "user id": "5037612993",
            "user name": "CVIPG",
            "content": "回复@JUNE大嬌_L:",
            "time": "15-12-24 21:36"
        },
        {
            "comment id": 10,
            "parent": -1,
            "children": [],
            "user id": "1767153993",
            "user name": "是鱼PD呐",
            "content": "回复@西门老恨恨:收GD果照好了。。。",
            "time": "15-12-16 14:22"
        },
        {
            "comment id": 11,
            "parent": -1,
            "children": [],
            "user id": "1759569845",
            "user name": "西门老恨恨",
            "content": "回复@子沫陌晓北:搜啥名字？",
            "time": "15-12-16 14:04"
        },
        {
            "comment id": 12,
            "parent": -1,
            "children": [],
            "user id": "1767153993",
            "user name": "是鱼PD呐",
            "content": "回复@西门老恨恨:好像也是在微博上看到的估计得搜一下",
            "time": "15-12-16 13:59"
        },
        {
            "comment id": 13,
            "parent": -1,
            "children": [],
            "user id": "1759569845",
            "user name": "西门老恨恨",
            "content": "回复@子沫陌晓北:哪儿有完整版？",
            "time": "15-12-14 15:50"
        },
        {
            "comment id": 14,
            "parent": -1,
            "children": [],
            "user id": "1767153993",
            "user name": "是鱼PD呐",
            "content": "回复@西门老恨恨:你要看完整版，后面的塔普各种抢戏，",
            "time": "15-12-14 15:50"
        },
        {
            "comment id": 15,
            "parent": -1,
            "children": [],
            "user id": "3961996995",
            "user name": "雀仔幼稚园",
            "content": "回复@-Odysseus-:哈哈 看过这个 动图帅哭",
            "time": "15-12-13 21:14"
        },
        {
            "comment id": 16,
            "parent": -1,
            "children": [],
            "user id": "5626273956",
            "user name": "酱Dong",
            "content": "回复@妈咦呀黑:对对对！！！！！",
            "time": "15-12-10 12:17"
        },
        {
            "comment id": 17,
            "parent": -1,
            "children": [],
            "user id": "5626273956",
            "user name": "酱Dong",
            "content": "回复@妈咦呀黑:对对对！！！！！",
            "time": "15-12-9 19:22"
        },
        {
            "comment id": 18,
            "parent": -1,
            "children": [],
            "user id": "2353761917",
            "user name": "KeAIDuoQ",
            "content": "回复@sxxxjybabe:我发现他有奶奶",
            "time": "15-11-29 12:30"
        },
        {
            "comment id": 19,
            "parent": -1,
            "children": [],
            "user id": "1642075753",
            "user name": "澹妃小可爱",
            "content": "回复@阿树啊_:最后一张是style颁奖时候的表演 也是直播换衣服",
            "time": "15-11-29 10:32"
        },
        {
            "comment id": 20,
            "parent": -1,
            "children": [],
            "user id": "1642075753",
            "user name": "澹妃小可爱",
            "content": "回复@阿树啊_:已经看过了 世巡背后的故事",
            "time": "15-11-29 10:31"
        },
        {
            "comment id": 21,
            "parent": -1,
            "children": [],
            "user id": "3597666623",
            "user name": "橘子汽水味的水瓶",
            "content": "@走失初识葵花 安利给你",
            "time": "15-11-29 10:27"
        },
        {
            "comment id": 22,
            "parent": -1,
            "children": [],
            "user id": "3299254511",
            "user name": "wawawa_L",
            "content": "回复@Ash光子:啊啊啊啊啊啊啊啊啊啊啊啊啊啊啊啊啊啊啊啊啊啊啊啊啊啊啊啊啊啊啊啊啊啊啊啊啊啊啊啊啊啊啊啊啊啊啊啊",
            "time": "15-11-27 12:44"
        },
        {
            "comment id": 23,
            "parent": -1,
            "children": [],
            "user id": "1849671313",
            "user name": "Ash1080",
            "content": "@wawawa_L 不谢",
            "time": "15-11-27 06:45"
        },
        {
            "comment id": 24,
            "parent": -1,
            "children": [],
            "user id": "2151151151",
            "user name": "洋妞哈库呐玛塔塔",
            "content": "转发微博",
            "time": "15-11-21 01:20"
        },
        {
            "comment id": 25,
            "parent": -1,
            "children": [],
            "user id": "2359735253",
            "user name": "玛卡不是龙",
            "content": "身材不错，笑容加分，所以…………GD小可爱快到我碗里来！！",
            "time": "15-11-20 22:46"
        },
        {
            "comment id": 26,
            "parent": -1,
            "children": [],
            "user id": "3170229433",
            "user name": "木木紫薇紫紫薇",
            "content": "回复@郑雯郑大钱:萌死啦",
            "time": "15-11-20 20:51"
        },
        {
            "comment id": 27,
            "parent": -1,
            "children": [],
            "user id": "3812797537",
            "user name": "郑雯郑大钱",
            "content": "回复@木木紫薇紫紫薇:哈哈哈我咋才看着！！",
            "time": "15-11-20 10:06"
        },
        {
            "comment id": 28,
            "parent": -1,
            "children": [],
            "user id": "3209462592",
            "user name": "最后一天是的吧",
            "content": "回复@Baebi3:",
            "time": "15-11-20 08:38"
        },
        {
            "comment id": 29,
            "parent": -1,
            "children": [],
            "user id": "2134747875",
            "user name": "Baebi3",
            "content": "我有点醉 这小身板怎么经得起你的折腾@最后一天GD ",
            "time": "15-11-19 23:27"
        },
        {
            "comment id": 30,
            "parent": -1,
            "children": [],
            "user id": "2271823915",
            "user name": "门夹大魔王",
            "content": "回复@SSSS_Carolyn:看过这个视频超有趣",
            "time": "15-11-17 16:33"
        },
        {
            "comment id": 31,
            "parent": -1,
            "children": [],
            "user id": "2872803884",
            "user name": "Cold_88",
            "content": "@wwwwwwwwwwwwwu",
            "time": "15-11-17 14:42"
        },
        {
            "comment id": 32,
            "parent": -1,
            "children": [],
            "user id": "1629033227",
            "user name": "NN乜",
            "content": "回复@铁杆跟随苏先生:你下午竟然还有空上微博呢啊！哈哈哈哈",
            "time": "15-11-16 16:01"
        },
        {
            "comment id": 33,
            "parent": -1,
            "children": [],
            "user id": "1629033227",
            "user name": "NN乜",
            "content": "回复@铁杆跟随苏先生:可不是么！！！！小身材老好了",
            "time": "15-11-16 16:01"
        },
        {
            "comment id": 34,
            "parent": -1,
            "children": [],
            "user id": "5734354439",
            "user name": "铁杆跟随有钱欧巴",
            "content": "回复@二婷nene:身材不错呢",
            "time": "15-11-16 15:02"
        },
        {
            "comment id": 35,
            "parent": -1,
            "children": [],
            "user id": "5734354439",
            "user name": "铁杆跟随有钱欧巴",
            "content": "回复@二婷nene:你家GD啊",
            "time": "15-11-16 15:01"
        },
        {
            "comment id": 36,
            "parent": -1,
            "children": [],
            "user id": "2253203741",
            "user name": "瑰拉Ki",
            "content": "是我脑公没错！最后一张",
            "time": "15-11-16 10:40"
        },
        {
            "comment id": 37,
            "parent": -1,
            "children": [],
            "user id": "2276881060",
            "user name": "babecat",
            "content": "@Yours猫小姐",
            "time": "15-11-15 23:57"
        },
        {
            "comment id": 38,
            "parent": -1,
            "children": [],
            "user id": "1804057551",
            "user name": "金泰亨的老婆小石",
            "content": "回复@甜品仔sissi:我爱你",
            "time": "15-11-15 14:55"
        },
        {
            "comment id": 39,
            "parent": -1,
            "children": [],
            "user id": "3884296156",
            "user name": "-Yoyoon",
            "content": "@_小WEN同学",
            "time": "15-11-15 12:38"
        },
        {
            "comment id": 40,
            "parent": -1,
            "children": [],
            "user id": "1017650427",
            "user name": "嘟总带我浪",
            "content": "@陈秋实_Chambers",
            "time": "15-11-15 12:20"
        },
        {
            "comment id": 41,
            "parent": -1,
            "children": [],
            "user id": "1875944181",
            "user name": "JudYYYYI",
            "content": "@oops_ym",
            "time": "15-11-15 11:20"
        },
        {
            "comment id": 42,
            "parent": -1,
            "children": [],
            "user id": "1784228655",
            "user name": "今天香菇也没赚到钱",
            "content": "@陈秋实_Chambers",
            "time": "15-11-15 10:28"
        },
        {
            "comment id": 43,
            "parent": -1,
            "children": [],
            "user id": "3251070935",
            "user name": "DPOPER",
            "content": "杀马特多作怪",
            "time": "15-11-15 05:11"
        },
        {
            "comment id": 44,
            "parent": -1,
            "children": [],
            "user id": "1650529871",
            "user name": "梁文竹",
            "content": "@薄荷没我凉z",
            "time": "15-11-15 01:39"
        },
        {
            "comment id": 45,
            "parent": -1,
            "children": [],
            "user id": "3179292270",
            "user name": "Subchief_",
            "content": "wuli欧巴有胸也",
            "time": "15-11-15 00:10"
        },
        {
            "comment id": 46,
            "parent": -1,
            "children": [],
            "user id": "1871094092",
            "user name": "筑梦师羽羽羽",
            "content": "@星座书上记录幸福流年",
            "time": "15-11-15 00:03"
        },
        {
            "comment id": 47,
            "parent": -1,
            "children": [],
            "user id": "2219054007",
            "user name": "真真的很难瘦",
            "content": "奥尼，不用谢",
            "time": "15-11-14 22:14"
        },
        {
            "comment id": 48,
            "parent": -1,
            "children": [],
            "user id": "3947825110",
            "user name": "Angle0115",
            "content": "都闭眼",
            "time": "15-11-14 18:57"
        },
        {
            "comment id": 49,
            "parent": -1,
            "children": [],
            "user id": "5696826077",
            "user name": "火锅最巴适",
            "content": "回复@天才宋冠群:我志龙就是帅啊",
            "time": "15-11-14 17:22"
        },
        {
            "comment id": 50,
            "parent": -1,
            "children": [],
            "user id": "3819964197",
            "user name": "Fairy丶宋",
            "content": "@安静的躺在床上是我喜欢的生活",
            "time": "15-11-14 17:21"
        },
        {
            "comment id": 51,
            "parent": -1,
            "children": [],
            "user id": "3453901330",
            "user name": "小肥叉叉子",
            "content": "不是全身差评[别烦我]",
            "time": "15-11-14 16:08"
        },
        {
            "comment id": 52,
            "parent": -1,
            "children": [],
            "user id": "3816144058",
            "user name": "丹青的罗",
            "content": "@_Moment_ 欧巴",
            "time": "15-11-14 14:21"
        },
        {
            "comment id": 53,
            "parent": -1,
            "children": [],
            "user id": "3877837657",
            "user name": "一只无法无天的猪",
            "content": "@某凑想要炸炸炸",
            "time": "15-11-14 14:00"
        },
        {
            "comment id": 54,
            "parent": -1,
            "children": [],
            "user id": "2320598873",
            "user name": "JG诺菲曼曼",
            "content": "回复@love李暖暖:",
            "time": "15-11-14 13:27"
        },
        {
            "comment id": 55,
            "parent": -1,
            "children": [],
            "user id": "1929668201",
            "user name": "希吉吉吉吉吉",
            "content": "@自言自语好健康",
            "time": "15-11-14 11:35"
        },
        {
            "comment id": 56,
            "parent": -1,
            "children": [],
            "user id": "2137863202",
            "user name": "-YukiCheung",
            "content": "@灵魂退燒",
            "time": "15-11-14 10:06"
        },
        {
            "comment id": 57,
            "parent": -1,
            "children": [],
            "user id": "2950246373",
            "user name": "Ariel-lS",
            "content": "哈哈哈",
            "time": "15-11-14 09:44"
        },
        {
            "comment id": 58,
            "parent": -1,
            "children": [],
            "user id": "3626382213",
            "user name": "嬌嬌心事日记",
            "content": "@蹦啥嘎啦噶",
            "time": "15-11-14 09:17"
        },
        {
            "comment id": 59,
            "parent": -1,
            "children": [],
            "user id": "1373810442",
            "user name": "倔强的少女强",
            "content": "哈哈…摆酷可爱样样行",
            "time": "15-11-14 09:00"
        },
        {
            "comment id": 60,
            "parent": -1,
            "children": [],
            "user id": "1840795922",
            "user name": "Taec_Cat",
            "content": "回复@馥_wz:我男票果然最帅",
            "time": "15-11-14 06:58"
        },
        {
            "comment id": 61,
            "parent": -1,
            "children": [],
            "user id": "2435149172",
            "user name": "404pk",
            "content": "回复@事儿逼lllll:那我帮你画一个",
            "time": "15-11-14 00:27"
        },
        {
            "comment id": 62,
            "parent": -1,
            "children": [],
            "user id": "5461811831",
            "user name": "那就在努力点吧",
            "content": "最后一张",
            "time": "15-11-14 00:08"
        },
        {
            "comment id": 63,
            "parent": -1,
            "children": [],
            "user id": "3985584078",
            "user name": "华中李漂亮-",
            "content": "@張Luu- @昭liN_a 麻了",
            "time": "15-11-13 23:39"
        },
        {
            "comment id": 64,
            "parent": -1,
            "children": [],
            "user id": "3985584078",
            "user name": "华中李漂亮-",
            "content": "回复@TiAnYuE_:醉了我龙。。。",
            "time": "15-11-13 23:39"
        },
        {
            "comment id": 65,
            "parent": -1,
            "children": [],
            "user id": "2923565161",
            "user name": "·浪漫中心·",
            "content": "@你是我的权世界小朋友",
            "time": "15-11-13 23:25"
        },
        {
            "comment id": 66,
            "parent": -1,
            "children": [],
            "user id": "3756955465",
            "user name": "她扇中作画",
            "content": "回复@Wwz舟:帅",
            "time": "15-11-13 22:59"
        },
        {
            "comment id": 67,
            "parent": -1,
            "children": [],
            "user id": "2596847783",
            "user name": "只吃糖不吃苦的小刘呀",
            "content": "回复@小袖甜心_:",
            "time": "15-11-13 22:34"
        },
        {
            "comment id": 68,
            "parent": -1,
            "children": [],
            "user id": "1861046890",
            "user name": "甜品仔sissi",
            "content": "@坑坑坑神坑Shuo 福利只发给你一个人看",
            "time": "15-11-13 22:21"
        },
        {
            "comment id": 69,
            "parent": -1,
            "children": [],
            "user id": "5520629139",
            "user name": "山楂杨梅冻",
            "content": "回复@侯xinyu:嗯嗯。",
            "time": "15-11-13 21:42"
        },
        {
            "comment id": 70,
            "parent": -1,
            "children": [],
            "user id": "5183048814",
            "user name": "猴猴儿h",
            "content": "回复@小鹿向前进_七七:谁让gd魅力大类，没法，又帅又有才，人还好，唉，真是完美无缺",
            "time": "15-11-13 21:03"
        },
        {
            "comment id": 71,
            "parent": -1,
            "children": [],
            "user id": "5520629139",
            "user name": "山楂杨梅冻",
            "content": "回复@侯xinyu:她的生活都块只有gd了。",
            "time": "15-11-13 21:00"
        },
        {
            "comment id": 72,
            "parent": -1,
            "children": [],
            "user id": "5183048814",
            "user name": "猴猴儿h",
            "content": "回复@小鹿向前进_七七:她咋了，我很想知道，完全好奇",
            "time": "15-11-13 20:59"
        },
        {
            "comment id": 73,
            "parent": -1,
            "children": [],
            "user id": "5520629139",
            "user name": "山楂杨梅冻",
            "content": "回复@侯xinyu:完全要脑残了。。。。。。。她比你疯狂一百倍。",
            "time": "15-11-13 20:57"
        },
        {
            "comment id": 74,
            "parent": -1,
            "children": [],
            "user id": "5183048814",
            "user name": "猴猴儿h",
            "content": "回复@小鹿向前进_七七:我可以了解他，gd太迷人了，真想搂着他亲几口",
            "time": "15-11-13 20:56"
        },
        {
            "comment id": 75,
            "parent": -1,
            "children": [],
            "user id": "1233840260",
            "user name": "波弱",
            "content": "回复@lilac7_Minho:我偶吧！！！",
            "time": "15-11-13 20:54"
        },
        {
            "comment id": 76,
            "parent": -1,
            "children": [],
            "user id": "1685939572",
            "user name": "iitsnanA",
            "content": "回复@lemonagd:88",
            "time": "15-11-13 20:43"
        },
        {
            "comment id": 77,
            "parent": -1,
            "children": [],
            "user id": "2266205451",
            "user name": "忘丢了",
            "content": "回复@嗯阿楠:然后我早就看过",
            "time": "15-11-13 20:43"
        },
        {
            "comment id": 78,
            "parent": -1,
            "children": [],
            "user id": "2809214833",
            "user name": "小袖甜心-",
            "content": "回复@刘小刘xi:他天天跟我睡一起，我都看够了",
            "time": "15-11-13 20:37"
        },
        {
            "comment id": 79,
            "parent": -1,
            "children": [],
            "user id": "5520629139",
            "user name": "山楂杨梅冻",
            "content": "回复@侯xinyu:俺们寝室那孩子现在完全gd脑残粉。我快受不了了。是真的受不了那种。",
            "time": "15-11-13 20:27"
        }
    ]
}