{
    "source": {
        "content": "『星动态』“鹿眼，美手，低音炮”@王凯kkw 杀太大，麦麦决不能一个人舔屏！靖王妃们快来收新图！听说今天晚上的《他来了请闭眼》将上演情变重头戏，你家王爷晚上要被“瑶言”夫妇虐啦，肿么破？ ",
        "time": "15-11-12 15:44",
        "user id": "1722647874",
        "tweet id": "D3w2Sfw40",
        "label": 0,
        "theme": "文体娱乐"
    },
    "comment": [
        {
            "comment id": 0,
            "parent": -1,
            "children": [],
            "user id": "2438695862",
            "user name": "飞机与星辰",
            "content": "@黄小妹-活在当下 胖妹，我好想舔屏！！",
            "time": "16-1-1 20:37"
        },
        {
            "comment id": 1,
            "parent": -1,
            "children": [],
            "user id": "1214232500",
            "user name": "PANGJIANG-",
            "content": "回复@Dear小楊桃:一夜没睡…",
            "time": "15-11-27 08:52"
        },
        {
            "comment id": 2,
            "parent": -1,
            "children": [],
            "user id": "2459450301",
            "user name": "司梦酱",
            "content": "一笑毁所有",
            "time": "15-11-27 08:50"
        },
        {
            "comment id": 3,
            "parent": -1,
            "children": [],
            "user id": "1728019317",
            "user name": "Dear小楊桃",
            "content": "回复@葛悦悦悦悦-:脑公早阿你也早",
            "time": "15-11-27 08:32"
        },
        {
            "comment id": 4,
            "parent": -1,
            "children": [],
            "user id": "5344869726",
            "user name": "一颗丸子酱-",
            "content": "@L小胖太瘦了",
            "time": "15-11-27 00:44"
        },
        {
            "comment id": 5,
            "parent": -1,
            "children": [],
            "user id": "1214232500",
            "user name": "PANGJIANG-",
            "content": "@Dear小楊桃 送你老公",
            "time": "15-11-27 00:34"
        },
        {
            "comment id": 6,
            "parent": -1,
            "children": [],
            "user id": "2825664967",
            "user name": "甜妹很暴躁-",
            "content": "炸了[崩溃][崩溃][崩溃][崩溃]太帅",
            "time": "15-11-20 11:38"
        },
        {
            "comment id": 7,
            "parent": -1,
            "children": [],
            "user id": "3884507224",
            "user name": "于春雨Y",
            "content": "@瑞睿蕊锐芮蕤c 鹿眼 美手 低音炮",
            "time": "15-11-20 08:32"
        },
        {
            "comment id": 8,
            "parent": -1,
            "children": [],
            "user id": "1563595681",
            "user name": "小麻烦正能量满满",
            "content": "回复@元气少女饼干酱:不怎么办",
            "time": "15-11-19 19:43"
        },
        {
            "comment id": 9,
            "parent": -1,
            "children": [],
            "user id": "2345434057",
            "user name": "元气少女饼干酱",
            "content": "回复@陷入烦躁死循环的苦逼小麻烦:没有👻，好喜欢怎么办",
            "time": "15-11-18 08:31"
        },
        {
            "comment id": 10,
            "parent": -1,
            "children": [],
            "user id": "1563595681",
            "user name": "小麻烦正能量满满",
            "content": "回复@元气少女饼干酱:什么鬼。。",
            "time": "15-11-17 20:09"
        },
        {
            "comment id": 11,
            "parent": -1,
            "children": [],
            "user id": "1748321861",
            "user name": "星星--展展",
            "content": "",
            "time": "15-11-14 22:44"
        },
        {
            "comment id": 12,
            "parent": -1,
            "children": [],
            "user id": "2172951331",
            "user name": "给给给糖咱就走注定是東東東夫人",
            "content": "一大波来舔屏@忘川边XIXI酱",
            "time": "15-11-13 19:13"
        },
        {
            "comment id": 13,
            "parent": -1,
            "children": [],
            "user id": "1909434657",
            "user name": "牛奶瓶里要装苏打水",
            "content": "啊啊啊，老公!",
            "time": "15-11-13 18:56"
        },
        {
            "comment id": 14,
            "parent": -1,
            "children": [],
            "user id": "3220092065",
            "user name": "倾听梁静茹",
            "content": "熏然",
            "time": "15-11-13 17:49"
        },
        {
            "comment id": 15,
            "parent": -1,
            "children": [],
            "user id": "1784339287",
            "user name": "一个丧人-",
            "content": "@不安分的头毛",
            "time": "15-11-13 17:03"
        },
        {
            "comment id": 16,
            "parent": -1,
            "children": [],
            "user id": "1747666771",
            "user name": "蜜甜甜甜甜_",
            "content": "回复@重新上路KAI:",
            "time": "15-11-13 16:05"
        },
        {
            "comment id": 17,
            "parent": -1,
            "children": [],
            "user id": "1737466040",
            "user name": "Madridista_JAY",
            "content": "@蜜咪甜 丹丹来收壁纸了！！！",
            "time": "15-11-13 15:21"
        },
        {
            "comment id": 18,
            "parent": -1,
            "children": [],
            "user id": "3490654725",
            "user name": "让我逃离这世界几秒钟_",
            "content": "@碾米店金老板的三女儿",
            "time": "15-11-13 15:18"
        },
        {
            "comment id": 19,
            "parent": -1,
            "children": [],
            "user id": "1767029090",
            "user name": "小颖-Nicola",
            "content": "@霍222 @CPisces泳欣",
            "time": "15-11-13 14:53"
        },
        {
            "comment id": 20,
            "parent": -1,
            "children": [],
            "user id": "2038914022",
            "user name": "想失忆的猫w",
            "content": "帅的不要不要的",
            "time": "15-11-13 14:39"
        },
        {
            "comment id": 21,
            "parent": -1,
            "children": [],
            "user id": "1227047297",
            "user name": "阿莎莎酱",
            "content": "@fayefayevon 再安利 我是准备要看了",
            "time": "15-11-13 11:48"
        },
        {
            "comment id": 22,
            "parent": -1,
            "children": [],
            "user id": "3300640765",
            "user name": "若拥有-",
            "content": "@弓长阿塔 第一次如此高清",
            "time": "15-11-13 11:16"
        },
        {
            "comment id": 23,
            "parent": -1,
            "children": [],
            "user id": "2412095024",
            "user name": "想走遍祖国大地的小叶同志",
            "content": "回复@朱莹JUN:这种剧我喜欢全出来了再看……不想追，一个星期两集的，等下次出来都忘记前面的剧情了",
            "time": "15-11-13 10:33"
        },
        {
            "comment id": 24,
            "parent": -1,
            "children": [],
            "user id": "1015287753",
            "user name": "猫小莉的猫",
            "content": "@我在时光背面等你",
            "time": "15-11-13 10:24"
        },
        {
            "comment id": 25,
            "parent": -1,
            "children": [],
            "user id": "5492354834",
            "user name": "鸣周妞妞",
            "content": "回复@花坠儿:昨天晚上没有虐，下周开始",
            "time": "15-11-13 08:38"
        },
        {
            "comment id": 26,
            "parent": -1,
            "children": [],
            "user id": "1751948342",
            "user name": "EngGaLi",
            "content": "靖王！是我！靖王妃啊",
            "time": "15-11-13 08:08"
        },
        {
            "comment id": 27,
            "parent": -1,
            "children": [],
            "user id": "5334962093",
            "user name": "我是姜睿曦",
            "content": "@JUST喂-D 小伙伴怎么破？",
            "time": "15-11-13 07:06"
        },
        {
            "comment id": 28,
            "parent": -1,
            "children": [],
            "user id": "1094850901",
            "user name": "芝士口味知世",
            "content": "回复@爱上诺一:没错！！！",
            "time": "15-11-13 00:11"
        },
        {
            "comment id": 29,
            "parent": -1,
            "children": [],
            "user id": "2987494315",
            "user name": "沐单纯_",
            "content": "@格格_江水流春去欲尽 你们家凯凯王好帅！！",
            "time": "15-11-13 00:04"
        },
        {
            "comment id": 30,
            "parent": -1,
            "children": [],
            "user id": "1197790552",
            "user name": "欧小尼unnie",
            "content": "回复@Yokidzzz:第一张只看到干干的唇，图四咬下唇不能忍！",
            "time": "15-11-12 23:54"
        },
        {
            "comment id": 31,
            "parent": -1,
            "children": [],
            "user id": "1827761402",
            "user name": "最后一杯_",
            "content": "@羊妹欧尼 第一张实在太傻",
            "time": "15-11-12 23:51"
        },
        {
            "comment id": 32,
            "parent": -1,
            "children": [],
            "user id": "1887334864",
            "user name": "FallinOuttaSpace",
            "content": "高清有码壁纸 拿去@bling发光的boy",
            "time": "15-11-12 23:19"
        },
        {
            "comment id": 33,
            "parent": -1,
            "children": [],
            "user id": "2825455344",
            "user name": "Holiday永遠想休假",
            "content": "@我那么懒还有救嘛",
            "time": "15-11-12 23:12"
        },
        {
            "comment id": 34,
            "parent": -1,
            "children": [],
            "user id": "1805432801",
            "user name": "大概我只会做梦吧_",
            "content": "@撒哈拉里流浪",
            "time": "15-11-12 23:10"
        },
        {
            "comment id": 35,
            "parent": -1,
            "children": [],
            "user id": "1761709783",
            "user name": "_chaooooran_唯一",
            "content": "@简单说爱你幸福 来来来，认识一下凯凯王@王凯kkw ，真是的，真怀疑你与世界隔绝了",
            "time": "15-11-12 22:55"
        },
        {
            "comment id": 36,
            "parent": -1,
            "children": [],
            "user id": "2378407652",
            "user name": "已买好票",
            "content": "睡不着了",
            "time": "15-11-12 22:18"
        },
        {
            "comment id": 37,
            "parent": -1,
            "children": [],
            "user id": "5217622304",
            "user name": "JackSSEHUN火羊",
            "content": "帅不帅@鹿夫人XOXOH @YBaiaiai ",
            "time": "15-11-12 22:05"
        },
        {
            "comment id": 38,
            "parent": -1,
            "children": [],
            "user id": "1642840990",
            "user name": "小蚪蝌--田田",
            "content": "现在真是天天想看不到都不行@王凯kkw #王凯kkw#",
            "time": "15-11-12 22:00"
        },
        {
            "comment id": 39,
            "parent": -1,
            "children": [],
            "user id": "5340427279",
            "user name": "嘭噔一声响",
            "content": "@你认识王大颖嘛",
            "time": "15-11-12 21:58"
        },
        {
            "comment id": 40,
            "parent": -1,
            "children": [],
            "user id": "2524245222",
            "user name": "不是样样是丫丫",
            "content": "回复@大小武你不懂:他来了，请闭眼！等出完了看起……要追的剧真不少……😂",
            "time": "15-11-12 21:56"
        },
        {
            "comment id": 41,
            "parent": -1,
            "children": [],
            "user id": "2249887303",
            "user name": "冉冉冉er",
            "content": "回复@我的微博名又长又好记过目还难忘:嫁我嫁我嫁我！",
            "time": "15-11-12 21:53"
        },
        {
            "comment id": 42,
            "parent": -1,
            "children": [],
            "user id": "2627650365",
            "user name": "-kuailedexiaoguo-",
            "content": "回复@你在看什么咯:奈何我只有一个阿，如何能不负如来不负卿",
            "time": "15-11-12 21:49"
        },
        {
            "comment id": 43,
            "parent": -1,
            "children": [],
            "user id": "1847855803",
            "user name": "大大大肥_Yang",
            "content": "@姑里仔",
            "time": "15-11-12 21:44"
        },
        {
            "comment id": 44,
            "parent": -1,
            "children": [],
            "user id": "2706609494",
            "user name": "仙子狗尾巴花呀",
            "content": "回复@热乎欠了冷:是的",
            "time": "15-11-12 21:43"
        },
        {
            "comment id": 45,
            "parent": -1,
            "children": [],
            "user id": "2513520705",
            "user name": "Hakunamatata0707",
            "content": "回复@一只大脸盆:哈哈哈哈",
            "time": "15-11-12 21:43"
        },
        {
            "comment id": 46,
            "parent": -1,
            "children": [],
            "user id": "2627650365",
            "user name": "-kuailedexiaoguo-",
            "content": "回复@你在看什么咯:不行，我已经遗忘光洙欧巴好久了，我今晚是欧巴的，不要来诱惑我！",
            "time": "15-11-12 21:42"
        },
        {
            "comment id": 47,
            "parent": -1,
            "children": [],
            "user id": "2513520705",
            "user name": "Hakunamatata0707",
            "content": "回复@一只大脸盆:别睡 舔屏 哈哈哈",
            "time": "15-11-12 21:40"
        },
        {
            "comment id": 48,
            "parent": -1,
            "children": [],
            "user id": "1807008510",
            "user name": "咿咿呀呀哇啦哇啦",
            "content": "回复@fo古伦:说他有对象了",
            "time": "15-11-12 21:38"
        },
        {
            "comment id": 49,
            "parent": -1,
            "children": [],
            "user id": "1916694767",
            "user name": "我的微博名又长又好记过目还难忘",
            "content": "@冉冉冉er",
            "time": "15-11-12 21:34"
        },
        {
            "comment id": 50,
            "parent": -1,
            "children": [],
            "user id": "2627650365",
            "user name": "-kuailedexiaoguo-",
            "content": "回复@你在看什么咯:你晚上还要不要让我睡觉！",
            "time": "15-11-12 21:28"
        },
        {
            "comment id": 51,
            "parent": -1,
            "children": [],
            "user id": "1774288543",
            "user name": "平平和芳芳的鱼羊鲜鲜鲜",
            "content": "哈哈哈，正好安慰他啊",
            "time": "15-11-12 21:24"
        },
        {
            "comment id": 52,
            "parent": -1,
            "children": [],
            "user id": "1727743603",
            "user name": "stephysiiiiit",
            "content": "@_Mryega_",
            "time": "15-11-12 20:56"
        },
        {
            "comment id": 53,
            "parent": -1,
            "children": [],
            "user id": "5174537378",
            "user name": "子夏不夜",
            "content": "回复@他叫小A哥:已晕倒[转发][转发][转发]",
            "time": "15-11-12 20:54"
        },
        {
            "comment id": 54,
            "parent": -1,
            "children": [],
            "user id": "5077999570",
            "user name": "暗香幽幽入凯眸",
            "content": "回复@李琪子:心疼我凯😭",
            "time": "15-11-12 20:44"
        },
        {
            "comment id": 55,
            "parent": -1,
            "children": [],
            "user id": "1785198015",
            "user name": "SherryHuan",
            "content": "回复@Hoibaby:好看",
            "time": "15-11-12 20:43"
        },
        {
            "comment id": 56,
            "parent": -1,
            "children": [],
            "user id": "2183783392",
            "user name": "元气满满熊",
            "content": "@芃蘭 这套图太美了呗~来收图吧",
            "time": "15-11-12 20:37"
        },
        {
            "comment id": 57,
            "parent": -1,
            "children": [],
            "user id": "1805534022",
            "user name": "XiaxiaxiaLi",
            "content": "卧槽，帅",
            "time": "15-11-12 20:22"
        },
        {
            "comment id": 58,
            "parent": -1,
            "children": [],
            "user id": "2389140303",
            "user name": "苏小裂",
            "content": "哎呀呀",
            "time": "15-11-12 20:16"
        },
        {
            "comment id": 59,
            "parent": -1,
            "children": [],
            "user id": "2266742731",
            "user name": "_大西瓜的微博",
            "content": "@HappY__Dandan 去去去",
            "time": "15-11-12 20:15"
        },
        {
            "comment id": 60,
            "parent": -1,
            "children": [],
            "user id": "3499054170",
            "user name": "李琪子",
            "content": "@错过了的匆匆时光",
            "time": "15-11-12 20:09"
        },
        {
            "comment id": 61,
            "parent": -1,
            "children": [],
            "user id": "2672506930",
            "user name": "Funny白白白羊",
            "content": "@-譚九珍",
            "time": "15-11-12 20:02"
        },
        {
            "comment id": 62,
            "parent": -1,
            "children": [],
            "user id": "5378644849",
            "user name": "小虎牙和小太阳",
            "content": "@J同学的Kuma",
            "time": "15-11-12 19:54"
        },
        {
            "comment id": 63,
            "parent": -1,
            "children": [],
            "user id": "1694778887",
            "user name": "fo古伦",
            "content": "@Iris_Druid",
            "time": "15-11-12 19:45"
        },
        {
            "comment id": 64,
            "parent": -1,
            "children": [],
            "user id": "3817501412",
            "user name": "小冷不冷·",
            "content": "回复@蒾糊--昱:嘿嘿 我看过介个",
            "time": "15-11-12 19:40"
        },
        {
            "comment id": 65,
            "parent": -1,
            "children": [],
            "user id": "1787393595",
            "user name": "薯条啊薯条带我见马叔",
            "content": "第一张什么鬼",
            "time": "15-11-12 19:23"
        },
        {
            "comment id": 66,
            "parent": -1,
            "children": [],
            "user id": "1855776807",
            "user name": "WEIRDO_Gd",
            "content": "卑鄙你好帅@王凯kkw",
            "time": "15-11-12 19:09"
        },
        {
            "comment id": 67,
            "parent": -1,
            "children": [],
            "user id": "1793976363",
            "user name": "蒾糊--昱",
            "content": "@冷玉婷-",
            "time": "15-11-12 19:04"
        },
        {
            "comment id": 68,
            "parent": -1,
            "children": [],
            "user id": "1389231204",
            "user name": "無可替代琥",
            "content": "怎么感觉像何炅",
            "time": "15-11-12 19:02"
        },
        {
            "comment id": 69,
            "parent": -1,
            "children": [],
            "user id": "2712951362",
            "user name": "小尘米",
            "content": "李警官是我的",
            "time": "15-11-12 18:54"
        },
        {
            "comment id": 70,
            "parent": -1,
            "children": [],
            "user id": "5343780968",
            "user name": "北冥有卡",
            "content": "不怕，有万千警嫂和靖王妃安慰他！ #王凯kkw# #王凯李熏然# #他来了请闭眼# #配王凯细水长流#",
            "time": "15-11-12 18:54"
        },
        {
            "comment id": 71,
            "parent": -1,
            "children": [],
            "user id": "3550801841",
            "user name": "你不懂zwy",
            "content": "喜欢咬嘴唇的那张",
            "time": "15-11-12 18:46"
        },
        {
            "comment id": 72,
            "parent": -1,
            "children": [],
            "user id": "2417782585",
            "user name": "Ashin开启我的第二人生",
            "content": "表示拿着小板凳坐等着更新啊",
            "time": "15-11-12 18:45"
        },
        {
            "comment id": 73,
            "parent": -1,
            "children": [],
            "user id": "2116073077",
            "user name": "JWALKERZ0904",
            "content": "回复@韩五九:哈哈哈",
            "time": "15-11-12 18:40"
        },
        {
            "comment id": 74,
            "parent": -1,
            "children": [],
            "user id": "5713497688",
            "user name": "琳琳琳爱吃肉",
            "content": "不怕，还有我",
            "time": "15-11-12 18:33"
        },
        {
            "comment id": 75,
            "parent": -1,
            "children": [],
            "user id": "1855963072",
            "user name": "堇斯",
            "content": "回复@bibibi请回答:没关系 他有我就行了",
            "time": "15-11-12 18:33"
        },
        {
            "comment id": 76,
            "parent": -1,
            "children": [],
            "user id": "2295640111",
            "user name": "bibibi请回答",
            "content": "@堇斯",
            "time": "15-11-12 18:26"
        },
        {
            "comment id": 77,
            "parent": -1,
            "children": [],
            "user id": "1847595341",
            "user name": "心语默言",
            "content": "我家凯凯",
            "time": "15-11-12 18:15"
        },
        {
            "comment id": 78,
            "parent": -1,
            "children": [],
            "user id": "1130566182",
            "user name": "土拨鼠爱蘑菇",
            "content": "",
            "time": "15-11-12 18:08"
        },
        {
            "comment id": 79,
            "parent": -1,
            "children": [],
            "user id": "2139807164",
            "user name": "Sr_涵涵涵",
            "content": "回复@w钉钉:都帅的不要不要的",
            "time": "15-11-12 18:08"
        }
    ]
}