{
    "source": {
        "content": "【不是只有110才能报警，记住12110，关键时刻发短信能救命！】9日凌晨，合肥女孩徐梦婷在西安给大学室友发出了求救信息“你能帮我报下警吗？”、#我好像落人贩子手里了# 后，与母亲一同失联……愿平安归来！其实不是只有110才能报警，发短信到12110+区号后3位，不打电话也能报警↓↓ 转发、扩散！ ",
        "time": "15-11-12 17:14",
        "user id": "1650111241",
        "tweet id": "D3wDbBlRU",
        "label": 0,
        "theme": "社会生活"
    },
    "comment": [
        {
            "comment id": 0,
            "parent": -1,
            "children": [],
            "user id": "2671475401",
            "user name": "梦想家与狗",
            "content": "如果不知道区号怎么办",
            "time": "15-11-13 22:07"
        },
        {
            "comment id": 1,
            "parent": -1,
            "children": [],
            "user id": "1841704971",
            "user name": "洋葱insayhi",
            "content": "转发微博",
            "time": "15-11-13 21:28"
        },
        {
            "comment id": 2,
            "parent": -1,
            "children": [],
            "user id": "5036446163",
            "user name": "CourageYz",
            "content": "谁突发状况下还记得区号是多少？？？再说全国那么多个区号啊",
            "time": "15-11-13 21:27"
        },
        {
            "comment id": 3,
            "parent": -1,
            "children": [],
            "user id": "2004656382",
            "user name": "EDwin05697",
            "content": "我去,到了陌生的地方谁知道区号多少啊？就不能不发区号码？",
            "time": "15-11-13 21:04"
        },
        {
            "comment id": 4,
            "parent": -1,
            "children": [],
            "user id": "1685303735",
            "user name": "好运的舟舟",
            "content": "短信报警 12110",
            "time": "15-11-13 16:11"
        },
        {
            "comment id": 5,
            "parent": -1,
            "children": [],
            "user id": "3851701274",
            "user name": "朋友们再见我不玩了",
            "content": "第一次知道报警还可以发短信。更重要的是。在遇到危险的时候还要手速高高的去问度娘查区号是多少。还好我长得丑",
            "time": "15-11-13 13:44"
        },
        {
            "comment id": 6,
            "parent": -1,
            "children": [],
            "user id": "3846024347",
            "user name": "hogirl颦",
            "content": "愿女孩，一切平安",
            "time": "15-11-13 08:28"
        },
        {
            "comment id": 7,
            "parent": -1,
            "children": [],
            "user id": "2854194211",
            "user name": "陈悦-cy",
            "content": "区号是你遇到危险的地方的区号还是自己家的区号",
            "time": "15-11-13 00:22"
        },
        {
            "comment id": 8,
            "parent": -1,
            "children": [],
            "user id": "5706510177",
            "user name": "lanxue5706510177",
            "content": "应该再简单点",
            "time": "15-11-12 23:38"
        },
        {
            "comment id": 9,
            "parent": -1,
            "children": [],
            "user id": "2100855923",
            "user name": "小杏星子",
            "content": "转发微博",
            "time": "15-11-12 23:38"
        },
        {
            "comment id": 10,
            "parent": -1,
            "children": [],
            "user id": "5706510177",
            "user name": "lanxue5706510177",
            "content": "不明白",
            "time": "15-11-12 23:37"
        },
        {
            "comment id": 11,
            "parent": -1,
            "children": [],
            "user id": "1805667467",
            "user name": "月亮可不撩人",
            "content": "@恰久时",
            "time": "15-11-12 23:33"
        },
        {
            "comment id": 12,
            "parent": -1,
            "children": [],
            "user id": "3154708464",
            "user name": "話話华Xinqin",
            "content": "@苏辰晨城橙 @玉语缀禾 @H淋雨X一直走F",
            "time": "15-11-12 23:20"
        },
        {
            "comment id": 13,
            "parent": -1,
            "children": [],
            "user id": "2390977844",
            "user name": "智商上哪儿了",
            "content": "南京区号是什么啊？",
            "time": "15-11-12 22:33"
        },
        {
            "comment id": 14,
            "parent": -1,
            "children": [],
            "user id": "2325367250",
            "user name": "TtttttSssssS-",
            "content": "你只用记住以后我晚上不回你必须等到1点35之后再睡",
            "time": "15-11-12 22:05"
        },
        {
            "comment id": 15,
            "parent": -1,
            "children": [],
            "user id": "2862024205",
            "user name": "告别微博拜拜",
            "content": "第一次听说，为什么总是在发生意外，才能知道这种信息呢",
            "time": "15-11-12 21:50"
        },
        {
            "comment id": 16,
            "parent": -1,
            "children": [],
            "user id": "2643039220",
            "user name": "99的小九九",
            "content": "",
            "time": "15-11-12 21:39"
        },
        {
            "comment id": 17,
            "parent": -1,
            "children": [],
            "user id": "5699982910",
            "user name": "茶茶CYT",
            "content": "报警有用么",
            "time": "15-11-12 21:32"
        },
        {
            "comment id": 18,
            "parent": -1,
            "children": [],
            "user id": "3822709299",
            "user name": "小太阳麻麻0",
            "content": "武汉12110027",
            "time": "15-11-12 21:30"
        },
        {
            "comment id": 19,
            "parent": -1,
            "children": [],
            "user id": "3902980733",
            "user name": "PlanAaaaaaaaa",
            "content": "加区号？ 一点都不方便！都不知道自己被拐到哪了 知道哪也不一定知道区号！无语。。",
            "time": "15-11-12 21:30"
        },
        {
            "comment id": 20,
            "parent": -1,
            "children": [],
            "user id": "3155835773",
            "user name": "深柜多年",
            "content": "区号后三位什么鬼，普通人谁关心这个，就算知道区号数学不好是不是还得数半天",
            "time": "15-11-12 21:28"
        },
        {
            "comment id": 21,
            "parent": -1,
            "children": [],
            "user id": "5750525538",
            "user name": "变身高冷状态",
            "content": "我也是醉了 😂 😂 😂",
            "time": "15-11-12 21:27"
        },
        {
            "comment id": 22,
            "parent": -1,
            "children": [],
            "user id": "2838153935",
            "user name": "不务正业爱摸鱼",
            "content": "@却叶尘   ",
            "time": "15-11-12 20:58"
        },
        {
            "comment id": 23,
            "parent": -1,
            "children": [],
            "user id": "5732332950",
            "user name": "开心不己",
            "content": "你可真聪明",
            "time": "15-11-12 20:49"
        },
        {
            "comment id": 24,
            "parent": -1,
            "children": [],
            "user id": "1950176157",
            "user name": "2022带你一起看小说",
            "content": "报警也不一定有人理，还是群发短信吧",
            "time": "15-11-12 20:48"
        },
        {
            "comment id": 25,
            "parent": -1,
            "children": [],
            "user id": "1706853543",
            "user name": "诞旦老母",
            "content": "转发微博",
            "time": "15-11-12 20:46"
        },
        {
            "comment id": 26,
            "parent": -1,
            "children": [],
            "user id": "5751074853",
            "user name": "鲍伯苦命人",
            "content": "好麻烦这样报警早就没命了？",
            "time": "15-11-12 20:31"
        },
        {
            "comment id": 27,
            "parent": -1,
            "children": [],
            "user id": "5752368953",
            "user name": "屌丝宅男大好青年qaz",
            "content": "毛线。",
            "time": "15-11-12 20:14"
        },
        {
            "comment id": 28,
            "parent": -1,
            "children": [],
            "user id": "5750412985",
            "user name": "迈过20岁这道分水岭",
            "content": "区号是什么？",
            "time": "15-11-12 19:34"
        },
        {
            "comment id": 29,
            "parent": -1,
            "children": [],
            "user id": "5752348634",
            "user name": "蔡煜桐58315",
            "content": "好厉害啊科技太发达了。。。。",
            "time": "15-11-12 19:21"
        },
        {
            "comment id": 30,
            "parent": -1,
            "children": [],
            "user id": "3964090675",
            "user name": "正儿八经的蓝猫",
            "content": "@KOYEALIN @summer好娃娃 @走走停停0920 @巴赫木有约 @叭叭叭叭叭ba @Bigbigbiubiubiu @stone2石 @钟厦 @Sunshine静49 说不定能救命，区号泉州0595 常德0736 成都028 衡阳0734 天津022",
            "time": "15-11-12 19:20"
        },
        {
            "comment id": 31,
            "parent": -1,
            "children": [],
            "user id": "2856559802",
            "user name": "科里昂土豆泥",
            "content": "@Cloris圈圈",
            "time": "15-11-12 19:06"
        },
        {
            "comment id": 32,
            "parent": -1,
            "children": [],
            "user id": "3299682803",
            "user name": "深海流浪某某猫",
            "content": "区号是个什么鬼，别说我没常识，本来可以简单的事为啥非要复杂化？万一不知道哪个地方呢？",
            "time": "15-11-12 18:52"
        },
        {
            "comment id": 33,
            "parent": -1,
            "children": [],
            "user id": "2836134093",
            "user name": "hzhzhzkeai",
            "content": "你们这样公布出来 人贩子小偷们抢劫的看见了不都有对策了吗 ",
            "time": "15-11-12 18:50"
        },
        {
            "comment id": 34,
            "parent": -1,
            "children": [],
            "user id": "3540853693",
            "user name": "锴胖熊",
            "content": "醉了 发短信还要先度娘 直接12110 发过去不久可以了吗？ 警方那边不是可以查Ip地址吗",
            "time": "15-11-12 18:47"
        },
        {
            "comment id": 35,
            "parent": -1,
            "children": [],
            "user id": "5216382675",
            "user name": "L小Fer",
            "content": "区号是啥？",
            "time": "15-11-12 18:41"
        },
        {
            "comment id": 36,
            "parent": -1,
            "children": [],
            "user id": "1739765835",
            "user name": "北京派特康生物科技有限公司",
            "content": "为啥还要加区号呢？",
            "time": "15-11-12 18:37"
        },
        {
            "comment id": 37,
            "parent": -1,
            "children": [],
            "user id": "5223414464",
            "user name": "猪猪xiao侠",
            "content": "tm 区号是不是还要摆渡",
            "time": "15-11-12 18:36"
        },
        {
            "comment id": 38,
            "parent": -1,
            "children": [],
            "user id": "5751857204",
            "user name": "江小北·",
            "content": "前提是得知道区号",
            "time": "15-11-12 18:34"
        },
        {
            "comment id": 39,
            "parent": -1,
            "children": [],
            "user id": "5474128903",
            "user name": "EverZor",
            "content": "这救命还得想一会儿才能发呢！能不能在危急的时候一下子就想到的号码？",
            "time": "15-11-12 18:26"
        },
        {
            "comment id": 40,
            "parent": -1,
            "children": [],
            "user id": "3896698601",
            "user name": "夏夏夏陌上花开",
            "content": "@杨先生的兔子小姐",
            "time": "15-11-12 18:18"
        },
        {
            "comment id": 41,
            "parent": -1,
            "children": [],
            "user id": "2988016751",
            "user name": "Nsilent-",
            "content": "扩散",
            "time": "15-11-12 18:12"
        },
        {
            "comment id": 42,
            "parent": -1,
            "children": [],
            "user id": "1770371351",
            "user name": "三口草莓",
            "content": "那么紧张的时候怎么可能记得住！！！！！为什么不能智能识别！！！！",
            "time": "15-11-12 18:11"
        },
        {
            "comment id": 43,
            "parent": -1,
            "children": [],
            "user id": "5284536108",
            "user name": "Dorris少刷微博多学习",
            "content": "回复@Demo-迦南:嗯嗯😘😘😘😘😘😘😘😘",
            "time": "15-11-12 17:55"
        },
        {
            "comment id": 44,
            "parent": -1,
            "children": [],
            "user id": "5695794816",
            "user name": "浅墨逸馨",
            "content": "晚上不是说已经找到了吗",
            "time": "15-11-12 17:54"
        },
        {
            "comment id": 45,
            "parent": -1,
            "children": [],
            "user id": "1206891823",
            "user name": "任重道远D",
            "content": "12110+区号后三位👍",
            "time": "15-11-12 17:53"
        },
        {
            "comment id": 46,
            "parent": -1,
            "children": [],
            "user id": "5488230118",
            "user name": "09-40am",
            "content": "@Srn呦 ",
            "time": "15-11-12 17:51"
        },
        {
            "comment id": 47,
            "parent": -1,
            "children": [],
            "user id": "3283249762",
            "user name": "马昌宝TSZW",
            "content": "提前存条报警短信是个好注意！",
            "time": "15-11-12 17:47"
        },
        {
            "comment id": 48,
            "parent": -1,
            "children": [],
            "user id": "3077598445",
            "user name": "小啦白了兔",
            "content": "昨天才认得",
            "time": "15-11-12 17:36"
        },
        {
            "comment id": 49,
            "parent": -1,
            "children": [],
            "user id": "2270806707",
            "user name": "不要这么凶我也很怂啊",
            "content": "@铭心刻骨是曾经  万一呢，你这么笨",
            "time": "15-11-12 17:32"
        },
        {
            "comment id": 50,
            "parent": -1,
            "children": [],
            "user id": "1449770037",
            "user name": "纯洁的宠儿",
            "content": "这个号码知道的人不多，说明宣传力度远远不够！",
            "time": "15-11-12 17:29"
        },
        {
            "comment id": 51,
            "parent": -1,
            "children": [],
            "user id": "5384117212",
            "user name": "就要成为有钱人",
            "content": "发给谁？",
            "time": "15-11-12 17:28"
        },
        {
            "comment id": 52,
            "parent": -1,
            "children": [],
            "user id": "1661508953",
            "user name": "送我一颗子弹",
            "content": "要是发了短信就可以自动定位法信息人的位置就好了",
            "time": "15-11-12 17:24"
        },
        {
            "comment id": 53,
            "parent": -1,
            "children": [],
            "user id": "5736397469",
            "user name": "一朵__Iris",
            "content": "Get",
            "time": "15-11-12 17:23"
        },
        {
            "comment id": 54,
            "parent": -1,
            "children": [],
            "user id": "2710128972",
            "user name": "犹豫不决公鸡头母鸡头",
            "content": "如果是陌生地方，怎么会知道区号？？不能自动识别区号吗？",
            "time": "15-11-12 17:18"
        },
        {
            "comment id": 55,
            "parent": -1,
            "children": [],
            "user id": "3188995134",
            "user name": "Fresher小猪儿SuCy",
            "content": "愿所有人平安！",
            "time": "15-11-12 17:16"
        },
        {
            "comment id": 56,
            "parent": -1,
            "children": [],
            "user id": "2848216435",
            "user name": "Futures3399",
            "content": "转发微博",
            "time": "15-11-12 17:16"
        }
    ]
}