{
    "source": {
        "content": "【《琅琊榜》太火惹烦恼 三地都想傍剧扬名】随着架空历史类连续剧《琅琊榜》热播，3地都想傍剧扬名，抢夺“琅琊”。①南京：金陵为南京，“琅琊山”在栖霞山附近；②山东：山东有古琅琊郡及琅琊台；③安徽滁州：滁州有琅琊山，会峰阁已改名“琅琊阁”。（中安在线） 网页链接 ",
        "time": "15-11-12 17:31",
        "user id": "2286908003",
        "tweet id": "D3wK6DRVL",
        "label": 0,
        "theme": "文体娱乐"
    },
    "comment": [
        {
            "comment id": 0,
            "parent": -1,
            "children": [],
            "user id": "1681318613",
            "user name": "彩虹三桶W",
            "content": "#论抵制蠢货的极端重要性# //@Leocardia_Philomena: 上赶着傍一古装偶像架空剧，搞笑！//@渣沙: 滁州会峰阁改名拉上我大蓝鲸作甚？//@敦煌郡公: 原先两元纸币上的南天一柱，已然是哈利路亚山了不是～//@微盘:现实向虚拟看齐？可怜真正的历史文化",
            "time": "15-11-16 15:42"
        },
        {
            "comment id": 1,
            "parent": -1,
            "children": [],
            "user id": "3906479615",
            "user name": "厂豆寸Lee",
            "content": "回复@Cyclone-龙志:谁演的都不知道",
            "time": "15-11-14 12:09"
        },
        {
            "comment id": 2,
            "parent": -1,
            "children": [],
            "user id": "2134644213",
            "user name": "楚泠月",
            "content": "现实抱虚拟的大腿？6666666",
            "time": "15-11-14 00:51"
        },
        {
            "comment id": 3,
            "parent": -1,
            "children": [],
            "user id": "1698853064",
            "user name": "櫻夢雪同學與那些閃耀的星星",
            "content": "没看过很光荣吗",
            "time": "15-11-13 17:46"
        },
        {
            "comment id": 4,
            "parent": -1,
            "children": [],
            "user id": "1241873641",
            "user name": "一夜醉纸叙城南",
            "content": "回复@爱上贝壳的猫:较真什么？没有依据的较真就是扯淡，你自己去看看那些评论，另外请你结合当时历史去查一个名词“侨置”，没有史料依据就指鹿为马，一般人起哄就算了，官方也瞎凑热闹。",
            "time": "15-11-13 16:55"
        },
        {
            "comment id": 5,
            "parent": -1,
            "children": [],
            "user id": "1265153971",
            "user name": "陈啊贝啊陈",
            "content": "回复@重读南京寻访团:你学的好把钓鱼岛的问题给解决了",
            "time": "15-11-13 16:35"
        },
        {
            "comment id": 6,
            "parent": -1,
            "children": [],
            "user id": "1265153971",
            "user name": "陈啊贝啊陈",
            "content": "回复@一夜醉纸叙城南:所以说你们这些人太较真了。不管我了解多少。你们呢？为了小说中出现的地名在这里喷来喷去真真醉了。人家狼牙上五壮士还没说啥呢不要回我了",
            "time": "15-11-13 16:35"
        },
        {
            "comment id": 7,
            "parent": -1,
            "children": [],
            "user id": "1241873641",
            "user name": "一夜醉纸叙城南",
            "content": "回复@枫枞心晴:那是不是在横店拍三国演义的大战荆州，荆州就是横店了？这种绑架思想要不得，要尊重历史。",
            "time": "15-11-13 15:29"
        },
        {
            "comment id": 8,
            "parent": -1,
            "children": [],
            "user id": "1241873641",
            "user name": "一夜醉纸叙城南",
            "content": "回复@爱上贝壳的猫:那你了解“公元341年，割江乘县西境侨立临沂县，属南琅琊郡”这段历史么？江乘县是哪里，为何将江乘县侨立临沂，又为什么叫南琅琊郡？你作为临沂人要好好了解这段有关琅琊的历史。",
            "time": "15-11-13 15:28"
        },
        {
            "comment id": 9,
            "parent": -1,
            "children": [],
            "user id": "2347249713",
            "user name": "乐呵呵的小月亮",
            "content": "还不如张家界那个改哈利路亚山的呢，好歹人家阿凡达知名度高呀。//@陌上花开缓归期: 滁州你对得起欧阳修嘛",
            "time": "15-11-13 15:01"
        },
        {
            "comment id": 10,
            "parent": -1,
            "children": [],
            "user id": "1282814720",
            "user name": "等待春天回来的吃货",
            "content": "回复@瞌睡-虫虫:安徽的那个，有醉翁亭的那个",
            "time": "15-11-13 14:42"
        },
        {
            "comment id": 11,
            "parent": -1,
            "children": [],
            "user id": "1265153971",
            "user name": "陈啊贝啊陈",
            "content": "回复@重读南京寻访团:不知道你在跟我挣什么，或者跟我挣有什么用。我只是说我知道的。而你呢？让人觉得好没品。对一个架空小说电视剧的“名”而咄咄逼人。",
            "time": "15-11-13 13:37"
        },
        {
            "comment id": 12,
            "parent": -1,
            "children": [],
            "user id": "1265153971",
            "user name": "陈啊贝啊陈",
            "content": "回复@重读南京寻访团:无聊。跟你变这个有麽用。人家出名了就来抢",
            "time": "15-11-13 13:26"
        },
        {
            "comment id": 13,
            "parent": -1,
            "children": [],
            "user id": "5283689530",
            "user name": "pesicwyn1995",
            "content": "回复@长个大高个:",
            "time": "15-11-13 11:53"
        },
        {
            "comment id": 14,
            "parent": -1,
            "children": [],
            "user id": "2704744935",
            "user name": "重读南京寻访团and心游迹",
            "content": "回复@A清醒一些:可懂什么叫南朝大梁，可懂什么叫南琅琊？？",
            "time": "15-11-13 07:09"
        },
        {
            "comment id": 15,
            "parent": -1,
            "children": [],
            "user id": "5190339054",
            "user name": "终是长安",
            "content": "回复@普通那就不介意我打开了吧:醉了",
            "time": "15-11-13 03:33"
        },
        {
            "comment id": 16,
            "parent": -1,
            "children": [],
            "user id": "5393001699",
            "user name": "拔丝山药-",
            "content": "琅琊山五壮士?狼牙山五壮士",
            "time": "15-11-12 23:32"
        },
        {
            "comment id": 17,
            "parent": -1,
            "children": [],
            "user id": "2808232235",
            "user name": "橙子宝贝l",
            "content": "回复@长个大高个:",
            "time": "15-11-12 23:29"
        },
        {
            "comment id": 18,
            "parent": -1,
            "children": [],
            "user id": "3947034358",
            "user name": "从前犯过傻",
            "content": "我叫琅琊",
            "time": "15-11-12 23:15"
        },
        {
            "comment id": 19,
            "parent": -1,
            "children": [],
            "user id": "3289504292",
            "user name": "Garyyy06",
            "content": "改名那个也太厉害了吧",
            "time": "15-11-12 23:09"
        },
        {
            "comment id": 20,
            "parent": -1,
            "children": [],
            "user id": "5328321204",
            "user name": "长个大高个",
            "content": "@找不到北我们找dongxi",
            "time": "15-11-12 23:05"
        },
        {
            "comment id": 21,
            "parent": -1,
            "children": [],
            "user id": "5328321204",
            "user name": "长个大高个",
            "content": "@wangya楠jiayou",
            "time": "15-11-12 23:05"
        },
        {
            "comment id": 22,
            "parent": -1,
            "children": [],
            "user id": "5328321204",
            "user name": "长个大高个",
            "content": "@走猫步给狗看z",
            "time": "15-11-12 23:05"
        },
        {
            "comment id": 23,
            "parent": -1,
            "children": [],
            "user id": "5328321204",
            "user name": "长个大高个",
            "content": "@酒话醉人凉话刺心i",
            "time": "15-11-12 23:05"
        },
        {
            "comment id": 24,
            "parent": -1,
            "children": [],
            "user id": "1706153341",
            "user name": "BigBod90",
            "content": "@DearDeerDew",
            "time": "15-11-12 23:03"
        },
        {
            "comment id": 25,
            "parent": -1,
            "children": [],
            "user id": "1583724054",
            "user name": "黑衣外套",
            "content": "南京这么多历史文化需要傍你这个？",
            "time": "15-11-12 22:44"
        },
        {
            "comment id": 26,
            "parent": -1,
            "children": [],
            "user id": "1945422632",
            "user name": "嘉平十柒_Fairy",
            "content": "就是个架空……",
            "time": "15-11-12 22:21"
        },
        {
            "comment id": 27,
            "parent": -1,
            "children": [],
            "user id": "5065270469",
            "user name": "11111诗",
            "content": "有必要吗～跟小说有毛线关系",
            "time": "15-11-12 22:18"
        },
        {
            "comment id": 28,
            "parent": -1,
            "children": [],
            "user id": "2349308170",
            "user name": "要四个字呐",
            "content": "回复@西瓜丸纸n_n:难道你那也有😂",
            "time": "15-11-12 22:16"
        },
        {
            "comment id": 29,
            "parent": -1,
            "children": [],
            "user id": "1829401501",
            "user name": "御天豆娘艾蓝",
            "content": "回复@宅腐基就这么活着吧:曾经在滁州工作过，我也觉得滁州的一个醉翁亭已经名扬天下（虽然很多人只知醉翁亭不知滁州），何必去争一个小说里的地名。",
            "time": "15-11-12 22:12"
        },
        {
            "comment id": 30,
            "parent": -1,
            "children": [],
            "user id": "1799541571",
            "user name": "宅腐基就这么活着吧",
            "content": "滁州的琅琊山，环滁皆山也，欧阳修各种古代文人墨客，醉翁亭记千古绝唱，何必和一个小说争名。",
            "time": "15-11-12 22:04"
        },
        {
            "comment id": 31,
            "parent": -1,
            "children": [],
            "user id": "5154774473",
            "user name": "小布潇潇",
            "content": "人要脸树要皮，媚俗味隔着屏幕都能闻到，改个屁，咋不改你名。",
            "time": "15-11-12 21:59"
        },
        {
            "comment id": 32,
            "parent": -1,
            "children": [],
            "user id": "1780216512",
            "user name": "夏天味的西瓜酱",
            "content": "回复@要四个字呐:哈哈哈你们那也有",
            "time": "15-11-12 21:49"
        },
        {
            "comment id": 33,
            "parent": -1,
            "children": [],
            "user id": "5459595260",
            "user name": "summomo",
            "content": "毫无气节。真是丢尽了祖宗的脸。",
            "time": "15-11-12 21:48"
        },
        {
            "comment id": 34,
            "parent": -1,
            "children": [],
            "user id": "3237812330",
            "user name": "shmily-827",
            "content": "名称能随随便便更改的吗？",
            "time": "15-11-12 21:27"
        },
        {
            "comment id": 35,
            "parent": -1,
            "children": [],
            "user id": "2016725077",
            "user name": "huge你会拥有最值得的幸福",
            "content": "大榜砸威武霸气#胡歌##琅琊榜#",
            "time": "15-11-12 21:26"
        },
        {
            "comment id": 36,
            "parent": -1,
            "children": [],
            "user id": "2493926647",
            "user name": "唱着歌去西藏",
            "content": "我们大保定也有狼牙山，狼牙山五壮士，不比你们有名？",
            "time": "15-11-12 21:14"
        },
        {
            "comment id": 37,
            "parent": -1,
            "children": [],
            "user id": "1862244043",
            "user name": "川香腊肉德",
            "content": "回复@紫金59:说得好！南京还需要靠一部电视剧打名声？也是好笑。",
            "time": "15-11-12 21:10"
        },
        {
            "comment id": 38,
            "parent": -1,
            "children": [],
            "user id": "2484008264",
            "user name": "心塞君",
            "content": "回复@Mico粥粥周:",
            "time": "15-11-12 20:43"
        },
        {
            "comment id": 39,
            "parent": -1,
            "children": [],
            "user id": "5174024173",
            "user name": "虫虫手手飞",
            "content": "回复@wanghuanhuan1307:也是闲的。",
            "time": "15-11-12 20:38"
        },
        {
            "comment id": 40,
            "parent": -1,
            "children": [],
            "user id": "2007810841",
            "user name": "瞌睡-虫虫",
            "content": "@知念煜 你去的是哪个？",
            "time": "15-11-12 20:38"
        },
        {
            "comment id": 41,
            "parent": -1,
            "children": [],
            "user id": "3451327294",
            "user name": "黄埔路龚俊",
            "content": "看见评论全是吐槽的我也是放心了",
            "time": "15-11-12 20:38"
        },
        {
            "comment id": 42,
            "parent": -1,
            "children": [],
            "user id": "1759402965",
            "user name": "谁叫我吃瓜",
            "content": "",
            "time": "15-11-12 20:25"
        },
        {
            "comment id": 43,
            "parent": -1,
            "children": [],
            "user id": "2859138332",
            "user name": "小狗小狗要多吃",
            "content": "南京会凑这种热闹？不是南京风格吧",
            "time": "15-11-12 20:23"
        },
        {
            "comment id": 44,
            "parent": -1,
            "children": [],
            "user id": "3954058734",
            "user name": "打不倒的小伙子",
            "content": "太逗了，哈哈",
            "time": "15-11-12 20:22"
        },
        {
            "comment id": 45,
            "parent": -1,
            "children": [],
            "user id": "3041339310",
            "user name": "风乱菡萏",
            "content": "狼牙棒比琅琊榜出名多了，还流传更久，怎么不改狼牙棒",
            "time": "15-11-12 20:20"
        },
        {
            "comment id": 46,
            "parent": -1,
            "children": [],
            "user id": "5105839527",
            "user name": "望喵忘记后缀吧",
            "content": "当地人是文化多匮乏才会连这种乱七八糟的名号都要靠",
            "time": "15-11-12 20:09"
        },
        {
            "comment id": 47,
            "parent": -1,
            "children": [],
            "user id": "3210289712",
            "user name": "黄小何",
            "content": "胡闹",
            "time": "15-11-12 20:02"
        },
        {
            "comment id": 48,
            "parent": -1,
            "children": [],
            "user id": "1905440964",
            "user name": "江中丽岛八卦洲",
            "content": "没看过这部电视剧表示不知所云",
            "time": "15-11-12 20:01"
        },
        {
            "comment id": 49,
            "parent": -1,
            "children": [],
            "user id": "5634924917",
            "user name": "流苏摇曳1307",
            "content": "@妃子笑HL 我们那里也有个叫狼牙的地方 不知道怎么写 还有狼牙土豆",
            "time": "15-11-12 20:01"
        },
        {
            "comment id": 50,
            "parent": -1,
            "children": [],
            "user id": "1979581703",
            "user name": "劉劉劉劉劉一手丶",
            "content": "狼牙棒表示不服",
            "time": "15-11-12 20:00"
        },
        {
            "comment id": 51,
            "parent": -1,
            "children": [],
            "user id": "2956740693",
            "user name": "胡小哇的春天",
            "content": "我的老胡火火火…",
            "time": "15-11-12 19:53"
        },
        {
            "comment id": 52,
            "parent": -1,
            "children": [],
            "user id": "2158530991",
            "user name": "罐裝米米",
            "content": "可怜的中国正统历史文化，又有多少人重视，看了热评第一……丢尽了老祖宗的脸，仅存的文明古国啊，痛心",
            "time": "15-11-12 19:51"
        },
        {
            "comment id": 53,
            "parent": -1,
            "children": [],
            "user id": "1256138417",
            "user name": "阳光子情",
            "content": "这是架空架空",
            "time": "15-11-12 19:49"
        },
        {
            "comment id": 54,
            "parent": -1,
            "children": [],
            "user id": "2675709577",
            "user name": "稼昕",
            "content": "抱歉，没看！",
            "time": "15-11-12 19:47"
        },
        {
            "comment id": 55,
            "parent": -1,
            "children": [],
            "user id": "5263570690",
            "user name": "自大白玫瑰",
            "content": "琅琊榜里琅琊山可能就合鸟阁主他爸随便取的",
            "time": "15-11-12 19:40"
        },
        {
            "comment id": 56,
            "parent": -1,
            "children": [],
            "user id": "1805370602",
            "user name": "贪睡的太阳花_竹",
            "content": "什么鬼",
            "time": "15-11-12 19:39"
        },
        {
            "comment id": 57,
            "parent": -1,
            "children": [],
            "user id": "5756600159",
            "user name": "Sunny青小瓷",
            "content": "至于么…………",
            "time": "15-11-12 19:37"
        },
        {
            "comment id": 58,
            "parent": -1,
            "children": [],
            "user id": "1575846345",
            "user name": "我且寻花去_",
            "content": "简直有病……",
            "time": "15-11-12 19:37"
        },
        {
            "comment id": 59,
            "parent": -1,
            "children": [],
            "user id": "3537415764",
            "user name": "西风不相识_",
            "content": "悲哀",
            "time": "15-11-12 19:34"
        },
        {
            "comment id": 60,
            "parent": -1,
            "children": [],
            "user id": "1424595172",
            "user name": "梵霖",
            "content": "一个架空的剧还要傍...有病么不是",
            "time": "15-11-12 19:34"
        },
        {
            "comment id": 61,
            "parent": -1,
            "children": [],
            "user id": "1260772901",
            "user name": "长忆小楼风月夜",
            "content": "诸葛亮琅琊人欧阳修爬过琅琊山，难道不比一个什么小说出名？别是某剧又装高大上炒作吧",
            "time": "15-11-12 19:33"
        },
        {
            "comment id": 62,
            "parent": -1,
            "children": [],
            "user id": "3554603007",
            "user name": "六月的雨_26684",
            "content": "编剧、导演、观众也真有心！",
            "time": "15-11-12 19:32"
        },
        {
            "comment id": 63,
            "parent": -1,
            "children": [],
            "user id": "2277270284",
            "user name": "一串字母君嘿",
            "content": "滁州还为此改了名。。。",
            "time": "15-11-12 19:31"
        },
        {
            "comment id": 64,
            "parent": -1,
            "children": [],
            "user id": "3007599663",
            "user name": "这恶霸长得好标致啊",
            "content": "为了利益，现实向虚构看齐，有趣",
            "time": "15-11-12 19:31"
        },
        {
            "comment id": 65,
            "parent": -1,
            "children": [],
            "user id": "2704744935",
            "user name": "重读南京寻访团and心游迹",
            "content": "回复@A清醒一些:查查历史资料再放话",
            "time": "15-11-12 19:29"
        },
        {
            "comment id": 66,
            "parent": -1,
            "children": [],
            "user id": "2704744935",
            "user name": "重读南京寻访团and心游迹",
            "content": "回复@宁静致远JIAXING:琅琊县的栖霞山六朝时期的",
            "time": "15-11-12 19:28"
        },
        {
            "comment id": 67,
            "parent": -1,
            "children": [],
            "user id": "2704744935",
            "user name": "重读南京寻访团and心游迹",
            "content": "回复@爱上贝壳的猫:把你的历史学学好，再来显摆",
            "time": "15-11-12 19:27"
        },
        {
            "comment id": 68,
            "parent": -1,
            "children": [],
            "user id": "5085927307",
            "user name": "寰流云",
            "content": "祖宗留下来的名字，怎么能随便改掉，还是一个架空历史的小说里的名字。高中政治课都有说这个问题，当地官员重新读高中吧。",
            "time": "15-11-12 19:27"
        },
        {
            "comment id": 69,
            "parent": -1,
            "children": [],
            "user id": "2704744935",
            "user name": "重读南京寻访团and心游迹",
            "content": "回复@爱上贝壳的猫:架空历史也是有历史原型，南京在当时也有琅琊，琅琊",
            "time": "15-11-12 19:26"
        },
        {
            "comment id": 70,
            "parent": -1,
            "children": [],
            "user id": "1779234105",
            "user name": "蝴蝶姐姐真美麗",
            "content": "",
            "time": "15-11-12 19:25"
        },
        {
            "comment id": 71,
            "parent": -1,
            "children": [],
            "user id": "1686751727",
            "user name": "寿Cc",
            "content": "",
            "time": "15-11-12 19:24"
        },
        {
            "comment id": 72,
            "parent": -1,
            "children": [],
            "user id": "3388311134",
            "user name": "钮祜禄氏赵大玉",
            "content": "都有病",
            "time": "15-11-12 19:16"
        },
        {
            "comment id": 73,
            "parent": -1,
            "children": [],
            "user id": "3221187830",
            "user name": "普通那就不介意我打开了吧",
            "content": "@梧桐灯下流年安 评论居然在撕",
            "time": "15-11-12 19:12"
        },
        {
            "comment id": 74,
            "parent": -1,
            "children": [],
            "user id": "3330901540",
            "user name": "韩子高华",
            "content": "那些说什么“五壮士”的，明明给狼牙山好吗，在河北省易县狼牙山，跟琅琊榜没有半点关系，别拿这个说事儿~",
            "time": "15-11-12 19:12"
        },
        {
            "comment id": 75,
            "parent": -1,
            "children": [],
            "user id": "3947703873",
            "user name": "清昏",
            "content": "横店笑看你们装逼",
            "time": "15-11-12 19:12"
        },
        {
            "comment id": 76,
            "parent": -1,
            "children": [],
            "user id": "5745460931",
            "user name": "我超可怜的",
            "content": "都疯了吧……",
            "time": "15-11-12 19:09"
        },
        {
            "comment id": 77,
            "parent": -1,
            "children": [],
            "user id": "2190694770",
            "user name": "AK岸客",
            "content": "这就跟抢孙悟空祖地，猪八戒诞生地一样！啼笑皆非",
            "time": "15-11-12 19:04"
        },
        {
            "comment id": 78,
            "parent": -1,
            "children": [],
            "user id": "2887939391",
            "user name": "sherry_nana",
            "content": "南京称为金陵，没什么好说的",
            "time": "15-11-12 19:03"
        },
        {
            "comment id": 79,
            "parent": -1,
            "children": [],
            "user id": "2372182554",
            "user name": "Germany_girl",
            "content": "回复@蓬莱山上的狐狸:醉了",
            "time": "15-11-12 19:00"
        }
    ]
}