{
    "source": {
        "content": "安妮·海瑟薇 33岁生日快乐！ ",
        "time": "15-11-12 18:01",
        "user id": "1639483893",
        "tweet id": "D3wWqdPsJ",
        "label": 0,
        "theme": "文体娱乐"
    },
    "comment": [
        {
            "comment id": 0,
            "parent": -1,
            "children": [],
            "user id": "2858510094",
            "user name": "disturbian",
            "content": "回复@君思邪与星白闲:啊尼玛",
            "time": "16-10-28 13:10"
        },
        {
            "comment id": 1,
            "parent": -1,
            "children": [],
            "user id": "1801772323",
            "user name": "S-addict",
            "content": "回复@Bigway的朕:吴亦凡好帅啊",
            "time": "16-2-4 11:32"
        },
        {
            "comment id": 2,
            "parent": -1,
            "children": [],
            "user id": "1637827785",
            "user name": "Bigway的朕",
            "content": "@S-addict 是好看呀",
            "time": "16-2-4 11:17"
        },
        {
            "comment id": 3,
            "parent": -1,
            "children": [],
            "user id": "3089436231",
            "user name": "SaKuRa_gr",
            "content": "回复@陈汤圆圆又圆:",
            "time": "15-12-3 12:59"
        },
        {
            "comment id": 4,
            "parent": -1,
            "children": [],
            "user id": "3028232503",
            "user name": "kikikyo_",
            "content": "回复@杂食动物在裸奔:我喜欢MAX",
            "time": "15-12-3 11:33"
        },
        {
            "comment id": 5,
            "parent": -1,
            "children": [],
            "user id": "5032775996",
            "user name": "宇智波佐良那",
            "content": "洛璇儿......",
            "time": "15-11-25 16:44"
        },
        {
            "comment id": 6,
            "parent": -1,
            "children": [],
            "user id": "1661992020",
            "user name": "我是皇上",
            "content": "回复@人生海海_wbiao:这可是我的桌面壁纸😊",
            "time": "15-11-23 14:48"
        },
        {
            "comment id": 7,
            "parent": -1,
            "children": [],
            "user id": "1963571415",
            "user name": "Miss_Jian",
            "content": "快要美到窒息了！",
            "time": "15-11-17 17:13"
        },
        {
            "comment id": 8,
            "parent": -1,
            "children": [],
            "user id": "1872878993",
            "user name": "国潮头像",
            "content": "真快呀 小公主变女王了",
            "time": "15-11-16 15:27"
        },
        {
            "comment id": 9,
            "parent": -1,
            "children": [],
            "user id": "5366785349",
            "user name": "talkingtomymoon",
            "content": "@Alex-Cuihua",
            "time": "15-11-16 11:27"
        },
        {
            "comment id": 10,
            "parent": -1,
            "children": [],
            "user id": "5657856876",
            "user name": "综艺观后感n",
            "content": "有水印。。。。。。",
            "time": "15-11-15 13:37"
        },
        {
            "comment id": 11,
            "parent": -1,
            "children": [],
            "user id": "2462152485",
            "user name": "呵呵呵张鑫",
            "content": "女神啊喂！",
            "time": "15-11-15 00:07"
        },
        {
            "comment id": 12,
            "parent": -1,
            "children": [],
            "user id": "1818050297",
            "user name": "油汪汪得",
            "content": "啊？才33？ 我以为至少43了",
            "time": "15-11-14 19:18"
        },
        {
            "comment id": 13,
            "parent": -1,
            "children": [],
            "user id": "5207304619",
            "user name": "夜空中_最亮的星0",
            "content": "高贵美丽厚😍",
            "time": "15-11-14 10:23"
        },
        {
            "comment id": 14,
            "parent": -1,
            "children": [],
            "user id": "5610387455",
            "user name": "九五之玉li",
            "content": "美照美图美绘，画图私信 ",
            "time": "15-11-14 08:06"
        },
        {
            "comment id": 15,
            "parent": -1,
            "children": [],
            "user id": "5305973383",
            "user name": "CUIT大气145班",
            "content": "@聚环环",
            "time": "15-11-14 07:29"
        },
        {
            "comment id": 16,
            "parent": -1,
            "children": [],
            "user id": "2958659035",
            "user name": "KILLFANN",
            "content": "回复@不郑常:好",
            "time": "15-11-13 21:10"
        },
        {
            "comment id": 17,
            "parent": -1,
            "children": [],
            "user id": "2874178584",
            "user name": "Leo-Shaw",
            "content": "女神还是发神经时好玩",
            "time": "15-11-13 20:23"
        },
        {
            "comment id": 18,
            "parent": -1,
            "children": [],
            "user id": "2642885762",
            "user name": "MVJason",
            "content": "女神，生快",
            "time": "15-11-13 17:43"
        },
        {
            "comment id": 19,
            "parent": -1,
            "children": [],
            "user id": "2242578287",
            "user name": "我是小姝君",
            "content": "好喜欢她，她好漂亮的说",
            "time": "15-11-13 17:06"
        },
        {
            "comment id": 20,
            "parent": -1,
            "children": [],
            "user id": "1674577021",
            "user name": "我胖着玩儿的",
            "content": "女神",
            "time": "15-11-13 17:02"
        },
        {
            "comment id": 21,
            "parent": -1,
            "children": [],
            "user id": "1235250145",
            "user name": "关于莉莉邹的一切",
            "content": "女神 生快",
            "time": "15-11-13 16:57"
        },
        {
            "comment id": 22,
            "parent": -1,
            "children": [],
            "user id": "1869684401",
            "user name": "东北小五花",
            "content": "",
            "time": "15-11-13 16:21"
        },
        {
            "comment id": 23,
            "parent": -1,
            "children": [],
            "user id": "3037930201",
            "user name": "z7ZZJX",
            "content": "",
            "time": "15-11-13 16:07"
        },
        {
            "comment id": 24,
            "parent": -1,
            "children": [],
            "user id": "2970440672",
            "user name": "灿都蟹丸",
            "content": "",
            "time": "15-11-13 16:04"
        },
        {
            "comment id": 25,
            "parent": -1,
            "children": [],
            "user id": "2714262571",
            "user name": "苟崽",
            "content": "回复@鱼先生的杯子:",
            "time": "15-11-13 15:24"
        },
        {
            "comment id": 26,
            "parent": -1,
            "children": [],
            "user id": "2476758137",
            "user name": "Dreamer彭义媛",
            "content": "我看过她的第一部剧 断背山 哈哈哈女神！",
            "time": "15-11-13 15:15"
        },
        {
            "comment id": 27,
            "parent": -1,
            "children": [],
            "user id": "1669617915",
            "user name": "血槽已空吴怼怼",
            "content": "@-王小苟-",
            "time": "15-11-13 15:11"
        },
        {
            "comment id": 28,
            "parent": -1,
            "children": [],
            "user id": "3299895331",
            "user name": "李益疯cotton_",
            "content": "我记得那个穿普拉达的女王。",
            "time": "15-11-13 14:59"
        },
        {
            "comment id": 29,
            "parent": -1,
            "children": [],
            "user id": "1779029714",
            "user name": "温柔的菜包啊",
            "content": "真的好爱好爱她❤️❤️❤️",
            "time": "15-11-13 14:10"
        },
        {
            "comment id": 30,
            "parent": -1,
            "children": [],
            "user id": "2854190880",
            "user name": "卞卞卞白白",
            "content": "有没有人给我科普下 为什么美国人民不喜欢她",
            "time": "15-11-13 14:06"
        },
        {
            "comment id": 31,
            "parent": -1,
            "children": [],
            "user id": "1298767664",
            "user name": "Claude-C-Kenny",
            "content": "生日快乐🎂！",
            "time": "15-11-13 13:48"
        },
        {
            "comment id": 32,
            "parent": -1,
            "children": [],
            "user id": "2886359712",
            "user name": "Alice仔仔",
            "content": "转发微博",
            "time": "15-11-13 13:21"
        },
        {
            "comment id": 33,
            "parent": -1,
            "children": [],
            "user id": "2720451875",
            "user name": "传说中的木马君",
            "content": "真漂亮",
            "time": "15-11-13 12:50"
        },
        {
            "comment id": 34,
            "parent": -1,
            "children": [],
            "user id": "2740568931",
            "user name": "小芄梓",
            "content": "回复@mmera:我就想说你怎么没有发微博",
            "time": "15-11-13 12:24"
        },
        {
            "comment id": 35,
            "parent": -1,
            "children": [],
            "user id": "1762064754",
            "user name": "难过的溫馨",
            "content": "女神生日快乐",
            "time": "15-11-13 12:15"
        },
        {
            "comment id": 36,
            "parent": -1,
            "children": [],
            "user id": "2510473774",
            "user name": "小玩玩在",
            "content": "回复@小芄梓:干哈？不是昨天吗？",
            "time": "15-11-13 12:06"
        },
        {
            "comment id": 37,
            "parent": -1,
            "children": [],
            "user id": "2740568931",
            "user name": "小芄梓",
            "content": "@mmera",
            "time": "15-11-13 12:05"
        },
        {
            "comment id": 38,
            "parent": -1,
            "children": [],
            "user id": "1806574045",
            "user name": "酒神倒吊男",
            "content": "回复@樱桃王小妞:",
            "time": "15-11-13 11:35"
        },
        {
            "comment id": 39,
            "parent": -1,
            "children": [],
            "user id": "2150887280",
            "user name": "爱生气的独角兽",
            "content": "回复@鸢筱荼:",
            "time": "15-11-13 11:05"
        },
        {
            "comment id": 40,
            "parent": -1,
            "children": [],
            "user id": "1828969433",
            "user name": "柠檬_苏打",
            "content": "还是长发美腻",
            "time": "15-11-13 10:41"
        },
        {
            "comment id": 41,
            "parent": -1,
            "children": [],
            "user id": "3577671244",
            "user name": "CASUCL",
            "content": "回复@凡子SunnyBOY:眼睛 鼻子 嘴 还是挺像的，要自信做自己",
            "time": "15-11-13 10:40"
        },
        {
            "comment id": 42,
            "parent": -1,
            "children": [],
            "user id": "2958659035",
            "user name": "KILLFANN",
            "content": "回复@不郑常:像我吗我要真有这么漂亮就好了",
            "time": "15-11-13 10:38"
        },
        {
            "comment id": 43,
            "parent": -1,
            "children": [],
            "user id": "3577671244",
            "user name": "CASUCL",
            "content": "@凡子SunnyBOY 看着脸 还是挺像你的",
            "time": "15-11-13 10:34"
        },
        {
            "comment id": 44,
            "parent": -1,
            "children": [],
            "user id": "3184134204",
            "user name": "美剧忠实粉丝1982",
            "content": "生日快乐！我看她的第一部电影应该是公主日记吧～",
            "time": "15-11-13 10:27"
        },
        {
            "comment id": 45,
            "parent": -1,
            "children": [],
            "user id": "2006231901",
            "user name": "changruiiiiiiiii",
            "content": "",
            "time": "15-11-13 10:15"
        },
        {
            "comment id": 46,
            "parent": -1,
            "children": [],
            "user id": "3928602758",
            "user name": "takeshili",
            "content": "",
            "time": "15-11-13 09:36"
        },
        {
            "comment id": 47,
            "parent": -1,
            "children": [],
            "user id": "3162084775",
            "user name": "HLIXIAN",
            "content": "女神生日快乐",
            "time": "15-11-13 09:29"
        },
        {
            "comment id": 48,
            "parent": -1,
            "children": [],
            "user id": "2107315280",
            "user name": "注销注销注销注销注销注销注销吧",
            "content": "最后一条，早安。网页链接",
            "time": "15-11-13 08:59"
        },
        {
            "comment id": 49,
            "parent": -1,
            "children": [],
            "user id": "1780429640",
            "user name": "可若乐子",
            "content": "超美",
            "time": "15-11-13 08:57"
        },
        {
            "comment id": 50,
            "parent": -1,
            "children": [],
            "user id": "2923955313",
            "user name": "乔大王_v",
            "content": "@咩咩一直很机智 像你誒",
            "time": "15-11-13 08:45"
        },
        {
            "comment id": 51,
            "parent": -1,
            "children": [],
            "user id": "1561205253",
            "user name": "Loverlisten",
            "content": "美",
            "time": "15-11-13 08:34"
        },
        {
            "comment id": 52,
            "parent": -1,
            "children": [],
            "user id": "3819570821",
            "user name": "Safeguardi",
            "content": "😭我怎么都不知道",
            "time": "15-11-13 08:24"
        },
        {
            "comment id": 53,
            "parent": -1,
            "children": [],
            "user id": "1674665420",
            "user name": "没错我终于改昵称了",
            "content": "生日快乐",
            "time": "15-11-13 08:14"
        },
        {
            "comment id": 54,
            "parent": -1,
            "children": [],
            "user id": "1245030105",
            "user name": "眼角眉梢-格格",
            "content": "我的女神，永远最美",
            "time": "15-11-13 08:00"
        },
        {
            "comment id": 55,
            "parent": -1,
            "children": [],
            "user id": "1759184943",
            "user name": "He日尧月月鸟",
            "content": "",
            "time": "15-11-13 07:48"
        },
        {
            "comment id": 56,
            "parent": -1,
            "children": [],
            "user id": "2129135645",
            "user name": "Ade11",
            "content": "",
            "time": "15-11-13 07:39"
        },
        {
            "comment id": 57,
            "parent": -1,
            "children": [],
            "user id": "2116977053",
            "user name": "烜火",
            "content": "🎂🎂🎂🎂",
            "time": "15-11-13 07:27"
        },
        {
            "comment id": 58,
            "parent": -1,
            "children": [],
            "user id": "1882867574",
            "user name": "二哥二哥二哥二哥二哥二哥二哥",
            "content": "都33岁啦  还是喜欢盖尔去了 当然这是个玩笑 生快啦 普拉达女王",
            "time": "15-11-13 07:06"
        },
        {
            "comment id": 59,
            "parent": -1,
            "children": [],
            "user id": "2142856365",
            "user name": "听着军号晨起长大",
            "content": "",
            "time": "15-11-13 06:31"
        },
        {
            "comment id": 60,
            "parent": -1,
            "children": [],
            "user id": "2162299440",
            "user name": "1ronhide",
            "content": "@清灯瞬息",
            "time": "15-11-13 06:29"
        },
        {
            "comment id": 61,
            "parent": -1,
            "children": [],
            "user id": "2543885524",
            "user name": "女友嫌我名字丑",
            "content": "回复@菜菜是一小坨屎:😘😘漂亮～",
            "time": "15-11-13 06:21"
        },
        {
            "comment id": 62,
            "parent": -1,
            "children": [],
            "user id": "1783034815",
            "user name": "fundraiser00564",
            "content": "@酒神倒吊男",
            "time": "15-11-13 06:06"
        },
        {
            "comment id": 63,
            "parent": -1,
            "children": [],
            "user id": "2607761533",
            "user name": "iamwangtianshuo",
            "content": "@水马尾鱼",
            "time": "15-11-13 05:53"
        },
        {
            "comment id": 64,
            "parent": -1,
            "children": [],
            "user id": "1931111707",
            "user name": "鼻鼻雞i",
            "content": "👸",
            "time": "15-11-13 02:51"
        },
        {
            "comment id": 65,
            "parent": -1,
            "children": [],
            "user id": "2748194655",
            "user name": "-叻叻居喔",
            "content": "好美生日快乐🎂",
            "time": "15-11-13 02:30"
        },
        {
            "comment id": 66,
            "parent": -1,
            "children": [],
            "user id": "3028232503",
            "user name": "kikikyo_",
            "content": "回复@杂食动物在裸奔:人家喜欢MAX",
            "time": "15-11-13 02:01"
        },
        {
            "comment id": 67,
            "parent": -1,
            "children": [],
            "user id": "1765659364",
            "user name": "Mr_Mraz",
            "content": "",
            "time": "15-11-13 01:55"
        },
        {
            "comment id": 68,
            "parent": -1,
            "children": [],
            "user id": "1751245270",
            "user name": "Carina-Ying",
            "content": "回复@HalloJoey_Lau:爱她",
            "time": "15-11-13 01:45"
        },
        {
            "comment id": 69,
            "parent": -1,
            "children": [],
            "user id": "1762907053",
            "user name": "超级懒训猪_",
            "content": "公主 👸生日快乐...",
            "time": "15-11-13 01:29"
        },
        {
            "comment id": 70,
            "parent": -1,
            "children": [],
            "user id": "5323914432",
            "user name": "Joe丶giegie",
            "content": "我和她同天我会乱说[抠鼻屎][抠鼻屎][抠鼻屎]",
            "time": "15-11-13 01:14"
        },
        {
            "comment id": 71,
            "parent": -1,
            "children": [],
            "user id": "3089436231",
            "user name": "SaKuRa_gr",
            "content": "@陈汤圆圆又圆",
            "time": "15-11-13 00:46"
        },
        {
            "comment id": 72,
            "parent": -1,
            "children": [],
            "user id": "2935712085",
            "user name": "桃樸旺",
            "content": "和我同一天生日耶！生日快乐～one day是我看的最好看的电影",
            "time": "15-11-13 00:42"
        },
        {
            "comment id": 73,
            "parent": -1,
            "children": [],
            "user id": "2986325187",
            "user name": "96Wanggg",
            "content": "生日快乐女神安妮海瑟薇",
            "time": "15-11-13 00:40"
        },
        {
            "comment id": 74,
            "parent": -1,
            "children": [],
            "user id": "3547951355",
            "user name": "少女爱上风之诗",
            "content": "@网瘾老奶奶 啊啊啊啊",
            "time": "15-11-13 00:31"
        },
        {
            "comment id": 75,
            "parent": -1,
            "children": [],
            "user id": "2103043424",
            "user name": "特务灬兔",
            "content": "@专业滚地龙 你女神",
            "time": "15-11-13 00:29"
        },
        {
            "comment id": 76,
            "parent": -1,
            "children": [],
            "user id": "1561793257",
            "user name": "四夕_",
            "content": "@為夢想而心跳",
            "time": "15-11-13 00:25"
        },
        {
            "comment id": 77,
            "parent": -1,
            "children": [],
            "user id": "3171188257",
            "user name": "一样与不一样",
            "content": "女神！",
            "time": "15-11-13 00:15"
        },
        {
            "comment id": 78,
            "parent": -1,
            "children": [],
            "user id": "1809111121",
            "user name": "绝顶凌霄",
            "content": "",
            "time": "15-11-13 00:13"
        },
        {
            "comment id": 79,
            "parent": -1,
            "children": [],
            "user id": "1826413713",
            "user name": "HalloJoey_Lau",
            "content": "@Carina-Ying",
            "time": "15-11-13 00:06"
        }
    ]
}