{
    "source": {
        "content": "新垣结衣笑颜合集，治愈萌，各种甜！ ",
        "time": "15-11-12 20:01",
        "user id": "2289537274",
        "tweet id": "D3xJ8tMsa",
        "label": 0,
        "theme": "文体娱乐"
    },
    "comment": [
        {
            "comment id": 0,
            "parent": -1,
            "children": [],
            "user id": "1776407937",
            "user name": "今年没改过名字耶",
            "content": "回复@卡其卡卡其:这几百年前的东西了",
            "time": "20-1-24 20:37"
        },
        {
            "comment id": 1,
            "parent": -1,
            "children": [],
            "user id": "2811017217",
            "user name": "卡其卡卡其",
            "content": "回复@贰拾世纪吹風鸡:嘻嘻嘻嘻",
            "time": "20-1-24 19:38"
        },
        {
            "comment id": 2,
            "parent": -1,
            "children": [],
            "user id": "1902946355",
            "user name": "刘日成大锅锅",
            "content": "@仲有最靓嘅猪喃肉",
            "time": "18-1-15 20:03"
        },
        {
            "comment id": 3,
            "parent": -1,
            "children": [],
            "user id": "2334978500",
            "user name": "传闻中的瑶瑶公主",
            "content": "和唐嫣好像",
            "time": "16-12-1 14:08"
        },
        {
            "comment id": 4,
            "parent": -1,
            "children": [],
            "user id": "2557852727",
            "user name": "原来是小天使啊",
            "content": "回复@张四三:还行",
            "time": "16-10-18 16:24"
        },
        {
            "comment id": 5,
            "parent": -1,
            "children": [],
            "user id": "2749177901",
            "user name": "姨夫张",
            "content": "@原来是小天使啊 好看不",
            "time": "16-10-18 15:46"
        },
        {
            "comment id": 6,
            "parent": -1,
            "children": [],
            "user id": "2625726365",
            "user name": "Monster_FSY",
            "content": "@_很nice的陳醫生  看最后一张  我的心",
            "time": "16-8-12 15:14"
        },
        {
            "comment id": 7,
            "parent": -1,
            "children": [],
            "user id": "5519312841",
            "user name": "99LY98",
            "content": "@总把心酸当笑谈 我觉得吧，你的笑要是有这么好看，追你的人估计就不是一条街了，而是两条街了",
            "time": "16-7-20 09:43"
        },
        {
            "comment id": 8,
            "parent": -1,
            "children": [],
            "user id": "5400523083",
            "user name": "奶油饭团子",
            "content": "怎么会有笑起来那么好看的女孩子",
            "time": "16-7-19 21:33"
        },
        {
            "comment id": 9,
            "parent": -1,
            "children": [],
            "user id": "2612062903",
            "user name": "Det_宁",
            "content": "@爱宋仲基的我",
            "time": "16-7-14 15:04"
        },
        {
            "comment id": 10,
            "parent": -1,
            "children": [],
            "user id": "5228044370",
            "user name": "用户11265181202",
            "content": "回复@子鱼巴扎嘿:？？？她这么可爱我干嘛要比？",
            "time": "16-7-2 10:56"
        },
        {
            "comment id": 11,
            "parent": -1,
            "children": [],
            "user id": "5594808186",
            "user name": "子鱼回来了",
            "content": "回复@阿楼w:你跟人能比？？",
            "time": "16-7-2 10:51"
        },
        {
            "comment id": 12,
            "parent": -1,
            "children": [],
            "user id": "5228044370",
            "user name": "用户11265181202",
            "content": "@子鱼巴扎嘿 脸扁就是很可爱啊",
            "time": "16-7-2 00:43"
        },
        {
            "comment id": 13,
            "parent": -1,
            "children": [],
            "user id": "2149967031",
            "user name": "Crypto_Cola",
            "content": "@云忤",
            "time": "16-5-30 01:17"
        },
        {
            "comment id": 14,
            "parent": -1,
            "children": [],
            "user id": "2332673265",
            "user name": "说了不要叫我大王叫我女王大人",
            "content": "🙈",
            "time": "16-5-27 02:47"
        },
        {
            "comment id": 15,
            "parent": -1,
            "children": [],
            "user id": "1772930524",
            "user name": "人字拖爱好者",
            "content": "我昨天做了一个梦，梦里女神让我乖乖写论文",
            "time": "16-5-27 00:12"
        },
        {
            "comment id": 16,
            "parent": -1,
            "children": [],
            "user id": "2854133005",
            "user name": "-泠咕咕-",
            "content": "@wryyyyyy喵 ！",
            "time": "16-5-15 11:55"
        },
        {
            "comment id": 17,
            "parent": -1,
            "children": [],
            "user id": "5582317443",
            "user name": "猫宁_呀",
            "content": "回复@一只赵陆:喜欢！",
            "time": "16-5-14 17:06"
        },
        {
            "comment id": 18,
            "parent": -1,
            "children": [],
            "user id": "3196572063",
            "user name": "海边的青蛙青",
            "content": "你喜欢@坐吃等死的派",
            "time": "16-5-14 12:34"
        },
        {
            "comment id": 19,
            "parent": -1,
            "children": [],
            "user id": "5665548101",
            "user name": "NiKolasloujc",
            "content": "回复@扭不开奥利奥的大猫:连续看有点🤔🤔🤔 不过还是真的挺漂亮的😂",
            "time": "16-5-13 20:58"
        },
        {
            "comment id": 20,
            "parent": -1,
            "children": [],
            "user id": "5174299415",
            "user name": "扭不开奥利奥的大猫",
            "content": "@L-Niklas",
            "time": "16-5-13 20:25"
        },
        {
            "comment id": 21,
            "parent": -1,
            "children": [],
            "user id": "1865999060",
            "user name": "Momoroom",
            "content": "@PauHilarioushhh",
            "time": "16-5-9 23:54"
        },
        {
            "comment id": 22,
            "parent": -1,
            "children": [],
            "user id": "5805071701",
            "user name": "尼姑庵大住持",
            "content": "回复@RE-RE-RED:好美啊，，这才是真正的可人",
            "time": "16-4-26 00:24"
        },
        {
            "comment id": 23,
            "parent": -1,
            "children": [],
            "user id": "1921709173",
            "user name": "小肚子是萌点",
            "content": "@浜梨",
            "time": "16-4-25 23:03"
        },
        {
            "comment id": 24,
            "parent": -1,
            "children": [],
            "user id": "2127972515",
            "user name": "AMYFINE_",
            "content": "@阿妖夭夭 ",
            "time": "16-4-24 14:11"
        },
        {
            "comment id": 25,
            "parent": -1,
            "children": [],
            "user id": "3182724072",
            "user name": "咦啊哦耶",
            "content": "可gakki是個內向的人呀",
            "time": "16-4-22 01:00"
        },
        {
            "comment id": 26,
            "parent": -1,
            "children": [],
            "user id": "2040547271",
            "user name": "直到世界终于被融化",
            "content": "动图比静图更漂亮，怎么会那么漂亮啊！！！看到kose50周年合集的时候就觉得gakki最漂亮了#我喜欢的长相第二弹# ",
            "time": "16-4-16 23:05"
        },
        {
            "comment id": 27,
            "parent": -1,
            "children": [],
            "user id": "1850703327",
            "user name": "__嘻嘻___",
            "content": "回复@中二小邱:这个我同意",
            "time": "16-4-6 11:10"
        },
        {
            "comment id": 28,
            "parent": -1,
            "children": [],
            "user id": "2305722027",
            "user name": "ddddiq",
            "content": "回复@_CECILIA_BABYFACE:尤其是笑起来，简直了。",
            "time": "16-4-6 10:38"
        },
        {
            "comment id": 29,
            "parent": -1,
            "children": [],
            "user id": "1850703327",
            "user name": "__嘻嘻___",
            "content": "回复@中二小邱:再次中毒了😂第六个好可爱",
            "time": "16-4-6 08:10"
        },
        {
            "comment id": 30,
            "parent": -1,
            "children": [],
            "user id": "2305722027",
            "user name": "ddddiq",
            "content": "@_CECILIA_BABYFACE 我看的是这个",
            "time": "16-4-6 07:56"
        },
        {
            "comment id": 31,
            "parent": -1,
            "children": [],
            "user id": "2175056761",
            "user name": "社交用户21384",
            "content": "oh~gakki笑颜拯救世界",
            "time": "16-3-24 21:56"
        },
        {
            "comment id": 32,
            "parent": -1,
            "children": [],
            "user id": "2508383712",
            "user name": "杏仁少年控阿控",
            "content": "@手机用户3833296985",
            "time": "16-3-23 14:30"
        },
        {
            "comment id": 33,
            "parent": -1,
            "children": [],
            "user id": "2973872723",
            "user name": "一白洋一",
            "content": "回复@Ohuowan:一直没问你考咋样，咋样啊，我准备找工作了",
            "time": "16-3-20 08:29"
        },
        {
            "comment id": 34,
            "parent": -1,
            "children": [],
            "user id": "3342255734",
            "user name": "OHouWan",
            "content": "回复@baeyang:",
            "time": "16-3-20 08:23"
        },
        {
            "comment id": 35,
            "parent": -1,
            "children": [],
            "user id": "2727553171",
            "user name": "godfreyyifan迷妹",
            "content": "@Douma__",
            "time": "16-3-20 05:55"
        },
        {
            "comment id": 36,
            "parent": -1,
            "children": [],
            "user id": "2973872723",
            "user name": "一白洋一",
            "content": "回复@Ohuowan:能说我现在才看到吗",
            "time": "16-3-19 23:51"
        },
        {
            "comment id": 37,
            "parent": -1,
            "children": [],
            "user id": "2275519663",
            "user name": "说好了不喝碳酸饮料",
            "content": "评论下面的人老婆老婆叫着不烦么？！这么漂亮的妹子能没有男朋友么？能不能尊敬下新垣结衣，尊重尊重我。",
            "time": "16-3-19 20:05"
        },
        {
            "comment id": 38,
            "parent": -1,
            "children": [],
            "user id": "1916035277",
            "user name": "Hi_Dingxhan",
            "content": "女朋友就是这么美😌 ",
            "time": "16-3-18 22:54"
        },
        {
            "comment id": 39,
            "parent": -1,
            "children": [],
            "user id": "5101314116",
            "user name": "sniffles--",
            "content": "@右耳咚 李狗嗨女主",
            "time": "16-3-18 20:29"
        },
        {
            "comment id": 40,
            "parent": -1,
            "children": [],
            "user id": "3145006251",
            "user name": "宅宅的头号粉丝",
            "content": "@HyunVvxi 你笑起来也是",
            "time": "16-3-18 05:02"
        },
        {
            "comment id": 41,
            "parent": -1,
            "children": [],
            "user id": "1689003134",
            "user name": "YJH_R",
            "content": "回复@一颗RQ:",
            "time": "16-3-17 08:26"
        },
        {
            "comment id": 42,
            "parent": -1,
            "children": [],
            "user id": "1559851447",
            "user name": "昂帕帕斯和枯桃枯呛吆西",
            "content": "你笑起来让我觉得，这个世界并没有那么糟糕呀！#大脸妹子也可以漂亮和可爱# 欧亚私密",
            "time": "16-3-15 23:18"
        },
        {
            "comment id": 43,
            "parent": -1,
            "children": [],
            "user id": "1855627055",
            "user name": "Mika雁此寒",
            "content": "最治愈的衣酱！",
            "time": "16-3-15 20:46"
        },
        {
            "comment id": 44,
            "parent": -1,
            "children": [],
            "user id": "1792437051",
            "user name": "玄瑄弦",
            "content": "无法用言语形容的可爱",
            "time": "16-3-15 16:16"
        },
        {
            "comment id": 45,
            "parent": -1,
            "children": [],
            "user id": "1804262927",
            "user name": "啵儿烁er",
            "content": "回复@吴时间zeit:",
            "time": "16-3-14 19:16"
        },
        {
            "comment id": 46,
            "parent": -1,
            "children": [],
            "user id": "2149473914",
            "user name": "有一颗心在为你燃烧",
            "content": "@我不是我以为的我",
            "time": "16-3-14 17:38"
        },
        {
            "comment id": 47,
            "parent": -1,
            "children": [],
            "user id": "2331127792",
            "user name": "我的月佥一点不大",
            "content": "给你看看我的女神@好脾气先生丶1993",
            "time": "16-3-14 15:21"
        },
        {
            "comment id": 48,
            "parent": -1,
            "children": [],
            "user id": "2192620222",
            "user name": "valavalalala",
            "content": "@思想家读书_挖眼",
            "time": "16-3-11 19:12"
        },
        {
            "comment id": 49,
            "parent": -1,
            "children": [],
            "user id": "2191729734",
            "user name": "记得要很鹿闯_",
            "content": "",
            "time": "16-3-10 19:50"
        },
        {
            "comment id": 50,
            "parent": -1,
            "children": [],
            "user id": "1934674730",
            "user name": "AIleoya",
            "content": " @大侠二十六",
            "time": "16-3-9 19:51"
        },
        {
            "comment id": 51,
            "parent": -1,
            "children": [],
            "user id": "2917293931",
            "user name": "Yumaoerr",
            "content": "@wzTuT",
            "time": "16-3-9 16:30"
        },
        {
            "comment id": 52,
            "parent": -1,
            "children": [],
            "user id": "2173610955",
            "user name": "梦魇幽火",
            "content": "Gakki！超爱的萌妹纸！",
            "time": "16-3-7 20:21"
        },
        {
            "comment id": 53,
            "parent": -1,
            "children": [],
            "user id": "5389884926",
            "user name": "新垣同学",
            "content": "女神堅老婆",
            "time": "16-3-5 02:15"
        },
        {
            "comment id": 54,
            "parent": -1,
            "children": [],
            "user id": "5848255128",
            "user name": "热心网友五六七",
            "content": "@王菇凉_7",
            "time": "16-3-2 11:46"
        },
        {
            "comment id": 55,
            "parent": -1,
            "children": [],
            "user id": "2458783287",
            "user name": "hey唯唯豆奶",
            "content": "笑的真好看 头发看起来好细软真想摸摸",
            "time": "16-2-28 21:12"
        },
        {
            "comment id": 56,
            "parent": -1,
            "children": [],
            "user id": "2554762501",
            "user name": "TthawW",
            "content": "我几乎要死亡",
            "time": "16-2-27 19:15"
        },
        {
            "comment id": 57,
            "parent": -1,
            "children": [],
            "user id": "2401013727",
            "user name": "魔王啊某",
            "content": "",
            "time": "16-2-27 12:38"
        },
        {
            "comment id": 58,
            "parent": -1,
            "children": [],
            "user id": "1689003134",
            "user name": "YJH_R",
            "content": "回复@一颗RQ:",
            "time": "16-2-22 07:59"
        },
        {
            "comment id": 59,
            "parent": -1,
            "children": [],
            "user id": "1791944104",
            "user name": "·INSFO·",
            "content": "@Richard_余嘉豪",
            "time": "16-2-22 06:44"
        },
        {
            "comment id": 60,
            "parent": -1,
            "children": [],
            "user id": "3139337353",
            "user name": "蛋蛋是个好孩纸",
            "content": "@伱説呢来这干嘛",
            "time": "16-2-21 23:12"
        },
        {
            "comment id": 61,
            "parent": -1,
            "children": [],
            "user id": "3310130012",
            "user name": "飙车哥爱漂移",
            "content": "回复@一个希望养拉布拉多的女纸:那是，女神哎",
            "time": "16-2-20 23:17"
        },
        {
            "comment id": 62,
            "parent": -1,
            "children": [],
            "user id": "3115834767",
            "user name": "神社上的南瓜粥",
            "content": "@新垣结衣是俺们屯的 你女神美爆",
            "time": "16-2-20 23:15"
        },
        {
            "comment id": 63,
            "parent": -1,
            "children": [],
            "user id": "1953720931",
            "user name": "言崽很忙",
            "content": "@紫陌落羽 看最后一张！",
            "time": "16-2-20 11:21"
        },
        {
            "comment id": 64,
            "parent": -1,
            "children": [],
            "user id": "1872730354",
            "user name": "陪Angela度过漫长岁月",
            "content": " @宇轩gakkismile",
            "time": "16-2-20 02:38"
        },
        {
            "comment id": 65,
            "parent": -1,
            "children": [],
            "user id": "2872195017",
            "user name": "我有一只小兰博可我从来也不骑",
            "content": "回复@Cayla_lcy:感动哭了",
            "time": "16-2-19 13:54"
        },
        {
            "comment id": 66,
            "parent": -1,
            "children": [],
            "user id": "1930120573",
            "user name": "Pluto_cayla",
            "content": "回复@灿仔兄弟:要是越傻越可爱 那你就是世界第一可爱",
            "time": "16-2-19 13:45"
        },
        {
            "comment id": 67,
            "parent": -1,
            "children": [],
            "user id": "2872195017",
            "user name": "我有一只小兰博可我从来也不骑",
            "content": "回复@Cayla_lcy:傻的可爱嘛",
            "time": "16-2-19 12:59"
        },
        {
            "comment id": 68,
            "parent": -1,
            "children": [],
            "user id": "1930120573",
            "user name": "Pluto_cayla",
            "content": "@灿仔兄弟 哪里傻！明明超可爱",
            "time": "16-2-19 12:53"
        },
        {
            "comment id": 69,
            "parent": -1,
            "children": [],
            "user id": "2583930380",
            "user name": "_J1NJING",
            "content": "@LINIANZHENG123",
            "time": "16-2-16 23:46"
        },
        {
            "comment id": 70,
            "parent": -1,
            "children": [],
            "user id": "2708801971",
            "user name": "进大观园的王姥姥",
            "content": "@1z2y3w-----地瓜酸奶",
            "time": "16-2-15 21:53"
        },
        {
            "comment id": 71,
            "parent": -1,
            "children": [],
            "user id": "1793715374",
            "user name": "漏-電気",
            "content": "@seasonday",
            "time": "16-2-12 22:33"
        },
        {
            "comment id": 72,
            "parent": -1,
            "children": [],
            "user id": "5272967107",
            "user name": "葡萄是哪个桃",
            "content": "求图八出处",
            "time": "16-2-11 14:39"
        },
        {
            "comment id": 73,
            "parent": -1,
            "children": [],
            "user id": "2680635403",
            "user name": "猫太太_LJ",
            "content": "@猫先生_LJ",
            "time": "16-2-9 12:15"
        },
        {
            "comment id": 74,
            "parent": -1,
            "children": [],
            "user id": "5581338838",
            "user name": "黒瀬",
            "content": "美美美",
            "time": "16-2-7 15:26"
        },
        {
            "comment id": 75,
            "parent": -1,
            "children": [],
            "user id": "1884720265",
            "user name": "SyanGrain",
            "content": "@-没有梦想的咸鱼",
            "time": "16-2-7 00:14"
        },
        {
            "comment id": 76,
            "parent": -1,
            "children": [],
            "user id": "1792254790",
            "user name": "Miranda_Moon",
            "content": "回复@MissErica:legalhigh里的吧！图八看到男主了",
            "time": "16-2-6 22:35"
        },
        {
            "comment id": 77,
            "parent": -1,
            "children": [],
            "user id": "2991278261",
            "user name": "binta_",
            "content": "",
            "time": "16-2-6 22:27"
        },
        {
            "comment id": 78,
            "parent": -1,
            "children": [],
            "user id": "3970332316",
            "user name": "jessxyz",
            "content": "@Miranda_Moon 我的新女神",
            "time": "16-2-6 21:41"
        },
        {
            "comment id": 79,
            "parent": -1,
            "children": [],
            "user id": "2169065517",
            "user name": "羅半仙TiTiCaCa",
            "content": "@ChinstrapPenguin",
            "time": "16-2-6 21:04"
        }
    ]
}