{
    "source": {
        "content": "作为家中唯一代表，准备去参加大长腿的聚会了，好激动好紧张#田亮全员加速中# ",
        "time": "15-11-12 21:33",
        "user id": "1649166140",
        "tweet id": "D3ykl3pME",
        "label": 0,
        "theme": "社会生活"
    },
    "comment": [
        {
            "comment id": 0,
            "parent": -1,
            "children": [],
            "user id": "5601642109",
            "user name": "LQTM_1013还没想好改什么名",
            "content": "回复@坐在一段时光里:一个游戏可以看出一个人的品质，一段话可以看出人的修养，目光放远点儿。",
            "time": "16-2-7 10:28"
        },
        {
            "comment id": 1,
            "parent": -1,
            "children": [],
            "user id": "5027344926",
            "user name": "丧丧dd",
            "content": "回复@00后的独白:你才滚呢，你都说了这是游戏较个啥劲，算了你蠢",
            "time": "16-2-5 16:19"
        },
        {
            "comment id": 2,
            "parent": -1,
            "children": [],
            "user id": "2898215103",
            "user name": "米七睡不醒",
            "content": "就喜欢你这发微博的风格",
            "time": "16-1-24 11:11"
        },
        {
            "comment id": 3,
            "parent": -1,
            "children": [],
            "user id": "5149023791",
            "user name": "咸鱼想辞职",
            "content": "大长腿？那不是我们家小凯吗",
            "time": "16-1-2 07:06"
        },
        {
            "comment id": 4,
            "parent": -1,
            "children": [],
            "user id": "3893764173",
            "user name": "咿咿呀呀呀勇气",
            "content": "看着这个侧面、仿佛看到了森碟",
            "time": "15-12-13 12:23"
        },
        {
            "comment id": 5,
            "parent": -1,
            "children": [],
            "user id": "1368126534",
            "user name": "酸酸9316",
            "content": "加油，看好你，你是我最喜欢的一员#全员加速中# ",
            "time": "15-12-6 22:12"
        },
        {
            "comment id": 6,
            "parent": -1,
            "children": [],
            "user id": "3790830477",
            "user name": "mimo23",
            "content": "刚刚看到亮哥甩两个猎人，帅…👍",
            "time": "15-12-4 23:05"
        },
        {
            "comment id": 7,
            "parent": -1,
            "children": [],
            "user id": "3101391747",
            "user name": "常识稀缺唛",
            "content": "哈哈哈哈",
            "time": "15-11-28 23:07"
        },
        {
            "comment id": 8,
            "parent": -1,
            "children": [],
            "user id": "1806666235",
            "user name": "曾梦想仗剑走天涯2",
            "content": "后面隐约的王俊凯",
            "time": "15-11-27 18:56"
        },
        {
            "comment id": 9,
            "parent": -1,
            "children": [],
            "user id": "3064452147",
            "user name": "Hello-耀先生",
            "content": "回复@哇-__-:那是跟谁俩的那",
            "time": "15-11-23 22:19"
        },
        {
            "comment id": 10,
            "parent": -1,
            "children": [],
            "user id": "5012645544",
            "user name": "哇-__-",
            "content": "@其实就是你想的那样 @Hello-耀先生  我就说觉得秃驴像谁嘛",
            "time": "15-11-23 22:18"
        },
        {
            "comment id": 11,
            "parent": -1,
            "children": [],
            "user id": "3088263291",
            "user name": "鱼是余的于",
            "content": "就别自黑了",
            "time": "15-11-23 15:29"
        },
        {
            "comment id": 12,
            "parent": -1,
            "children": [],
            "user id": "1575789705",
            "user name": "Mayday劉小瘦瘦丝",
            "content": "哈哈哈哈哈",
            "time": "15-11-23 13:19"
        },
        {
            "comment id": 13,
            "parent": -1,
            "children": [],
            "user id": "3055902735",
            "user name": "貝基儿",
            "content": "很棒，智慧之人",
            "time": "15-11-22 17:45"
        },
        {
            "comment id": 14,
            "parent": -1,
            "children": [],
            "user id": "5447324164",
            "user name": "谁能告诉我我叫什么名字呢",
            "content": "第一张什么表情？",
            "time": "15-11-21 09:28"
        },
        {
            "comment id": 15,
            "parent": -1,
            "children": [],
            "user id": "3081185322",
            "user name": "公子阿锁",
            "content": "回复@WQDWQCRE元:亲红包",
            "time": "15-11-20 19:42"
        },
        {
            "comment id": 16,
            "parent": -1,
            "children": [],
            "user id": "3991080571",
            "user name": "菊次郎的夏天里",
            "content": "呵呵",
            "time": "15-11-19 22:35"
        },
        {
            "comment id": 17,
            "parent": -1,
            "children": [],
            "user id": "1849771845",
            "user name": "C_大胖子",
            "content": "回复@小J谢:我的好看",
            "time": "15-11-17 19:20"
        },
        {
            "comment id": 18,
            "parent": -1,
            "children": [],
            "user id": "5708773489",
            "user name": "有一头小毛驴呀",
            "content": "很喜欢你😁😁",
            "time": "15-11-17 17:05"
        },
        {
            "comment id": 19,
            "parent": -1,
            "children": [],
            "user id": "1899600063",
            "user name": "小J谢",
            "content": "完全同款@C_大胖子",
            "time": "15-11-17 13:52"
        },
        {
            "comment id": 20,
            "parent": -1,
            "children": [],
            "user id": "1832111320",
            "user name": "公子扶书",
            "content": "冠军就是冠军啊！！！",
            "time": "15-11-17 13:42"
        },
        {
            "comment id": 21,
            "parent": -1,
            "children": [],
            "user id": "3896497446",
            "user name": "我的宇宇宝贝",
            "content": "这游戏是为你而生",
            "time": "15-11-17 10:11"
        },
        {
            "comment id": 22,
            "parent": -1,
            "children": [],
            "user id": "1956149042",
            "user name": "允允wan",
            "content": "你真的好厉害！虽然弃权了，但是前面的任务你主导参与完成！你好棒，有智慧，有体力，颜值高！",
            "time": "15-11-17 01:09"
        },
        {
            "comment id": 23,
            "parent": -1,
            "children": [],
            "user id": "1784696351",
            "user name": "木容南方",
            "content": "回复@Z蔓女h:真人秀成功也可以成为代表作啊",
            "time": "15-11-16 22:19"
        },
        {
            "comment id": 24,
            "parent": -1,
            "children": [],
            "user id": "5582865100",
            "user name": "11080811的缘分",
            "content": "",
            "time": "15-11-16 18:07"
        },
        {
            "comment id": 25,
            "parent": -1,
            "children": [],
            "user id": "5573277161",
            "user name": "留静静_liuxixi",
            "content": "帅，不多说，赞我",
            "time": "15-11-16 00:02"
        },
        {
            "comment id": 26,
            "parent": -1,
            "children": [],
            "user id": "3535165492",
            "user name": "清兰俊",
            "content": "回复@00后的独白:这只是游戏，又没有做什么不对的，何必呢。",
            "time": "15-11-15 21:39"
        },
        {
            "comment id": 27,
            "parent": -1,
            "children": [],
            "user id": "3535165492",
            "user name": "清兰俊",
            "content": "回复@清酒尹歌:反对",
            "time": "15-11-15 21:38"
        },
        {
            "comment id": 28,
            "parent": -1,
            "children": [],
            "user id": "2007987193",
            "user name": "杨小蜜yy",
            "content": "很棒",
            "time": "15-11-15 20:58"
        },
        {
            "comment id": 29,
            "parent": -1,
            "children": [],
            "user id": "3875017590",
            "user name": "芦叶与寒沙",
            "content": "真的好能跑！",
            "time": "15-11-15 20:37"
        },
        {
            "comment id": 30,
            "parent": -1,
            "children": [],
            "user id": "3278345701",
            "user name": "奥萨苏纳卡卡",
            "content": "昨天表现超棒！证明了运动员不只是四肢发达！喜欢森爸！",
            "time": "15-11-15 17:54"
        },
        {
            "comment id": 31,
            "parent": -1,
            "children": [],
            "user id": "5064653735",
            "user name": "真想一觉睡到小时候L",
            "content": "你真聪明",
            "time": "15-11-15 17:33"
        },
        {
            "comment id": 32,
            "parent": -1,
            "children": [],
            "user id": "5712920113",
            "user name": "哈哈哈啊你的",
            "content": "回复@00后的独白:呵呵，00后的你素质可真高啊！对不起，高到我看不到",
            "time": "15-11-15 12:15"
        },
        {
            "comment id": 33,
            "parent": -1,
            "children": [],
            "user id": "3563256033",
            "user name": "浪漫CllRoy",
            "content": "这期田亮太厉害了！！！足智多谋呀！！",
            "time": "15-11-14 23:55"
        },
        {
            "comment id": 34,
            "parent": -1,
            "children": [],
            "user id": "1849700215",
            "user name": "_YesOkok棒",
            "content": "腿长不长，跑的快，有勇气，智商高就ok啦。",
            "time": "15-11-14 22:09"
        },
        {
            "comment id": 35,
            "parent": -1,
            "children": [],
            "user id": "1849700215",
            "user name": "_YesOkok棒",
            "content": "勇敢，聪明，之前的任务几乎都是你积极完成的，到最后任务根本无法完成，难度极大，弃权就是明智的。很聪明。",
            "time": "15-11-14 22:07"
        },
        {
            "comment id": 36,
            "parent": -1,
            "children": [],
            "user id": "3938371430",
            "user name": "少女十三啊",
            "content": "腿好短【嫌弃】",
            "time": "15-11-14 21:29"
        },
        {
            "comment id": 37,
            "parent": -1,
            "children": [],
            "user id": "5234816646",
            "user name": "zatyj",
            "content": "做得对",
            "time": "15-11-14 19:11"
        },
        {
            "comment id": 38,
            "parent": -1,
            "children": [],
            "user id": "3973426971",
            "user name": "一只快乐的小太阳",
            "content": "很棒",
            "time": "15-11-14 19:04"
        },
        {
            "comment id": 39,
            "parent": -1,
            "children": [],
            "user id": "5251863517",
            "user name": "欧巴给撩嘛",
            "content": "好萌的  也超级聪明",
            "time": "15-11-14 18:07"
        },
        {
            "comment id": 40,
            "parent": -1,
            "children": [],
            "user id": "1619779602",
            "user name": "可是月亮忘记了",
            "content": "感觉你好聪明哦",
            "time": "15-11-14 14:47"
        },
        {
            "comment id": 41,
            "parent": -1,
            "children": [],
            "user id": "5601642109",
            "user name": "LQTM_1013还没想好改什么名",
            "content": "田亮滚蛋吧，连小孩都不如，还取舍呢，自古以来就有 舍身取义 之说，何况这只是个游戏，又没要你命。我已经原谅了，毕竟文化修养只到哪里去，再加上前几年水池子泡的。一个游戏，就可以看出艺人的艺德，这就是真人秀的可贵。",
            "time": "15-11-14 13:39"
        },
        {
            "comment id": 42,
            "parent": -1,
            "children": [],
            "user id": "2945760022",
            "user name": "源来_最后是你",
            "content": "我看到了我源的背影！！ps:田亮+王源=田源组合！我源哥万能搭！！！",
            "time": "15-11-14 11:28"
        },
        {
            "comment id": 43,
            "parent": -1,
            "children": [],
            "user id": "5736769671",
            "user name": "柚子梦想girl",
            "content": "💎95年宝贝💎--带着梦想 来一场说走就走的旅行 没有目的 没有理由 反哺父母 快来让Grace带你飞 猛戳我头像",
            "time": "15-11-14 10:25"
        },
        {
            "comment id": 44,
            "parent": -1,
            "children": [],
            "user id": "2282141692",
            "user name": "碎碎念旳普通亼",
            "content": "你怎么皮老厚的",
            "time": "15-11-14 10:03"
        },
        {
            "comment id": 45,
            "parent": -1,
            "children": [],
            "user id": "3957840162",
            "user name": "凌道羲霖",
            "content": "",
            "time": "15-11-14 10:00"
        },
        {
            "comment id": 46,
            "parent": -1,
            "children": [],
            "user id": "5173751915",
            "user name": "芒椰烧仙草",
            "content": "俺看到了我源哥的大长腿啊哈哈哈哈哈@TFBOYS-王源",
            "time": "15-11-14 09:38"
        },
        {
            "comment id": 47,
            "parent": -1,
            "children": [],
            "user id": "5681007188",
            "user name": "我怀恋的92474",
            "content": "森蝶去没人追得上",
            "time": "15-11-14 04:51"
        },
        {
            "comment id": 48,
            "parent": -1,
            "children": [],
            "user id": "5449434411",
            "user name": "RuoranChen",
            "content": "超喜欢田亮、有勇有谋、跑得还快，更懂得取舍。",
            "time": "15-11-14 03:50"
        },
        {
            "comment id": 49,
            "parent": -1,
            "children": [],
            "user id": "2276559453",
            "user name": "小猴菇152",
            "content": "太喜欢你了",
            "time": "15-11-14 01:15"
        },
        {
            "comment id": 50,
            "parent": -1,
            "children": [],
            "user id": "3027103497",
            "user name": "手机用户3027103497",
            "content": "亮哥，很棒哦，喜欢！",
            "time": "15-11-14 00:49"
        },
        {
            "comment id": 51,
            "parent": -1,
            "children": [],
            "user id": "5503527577",
            "user name": "榕榕想喝奶茶o",
            "content": "大哥抢镜了@TFBOYS-王俊凯",
            "time": "15-11-14 00:36"
        },
        {
            "comment id": 52,
            "parent": -1,
            "children": [],
            "user id": "5575841916",
            "user name": "葡式西柚挞",
            "content": "没错，背后那个帅气的背影是我凯哥，只能说明我凯哥腿长",
            "time": "15-11-14 00:33"
        },
        {
            "comment id": 53,
            "parent": -1,
            "children": [],
            "user id": "5036580649",
            "user name": "纽约扭一扭",
            "content": "表现的太棒啦，机智",
            "time": "15-11-14 00:05"
        },
        {
            "comment id": 54,
            "parent": -1,
            "children": [],
            "user id": "1697546181",
            "user name": "下辈子张智霖是我老公",
            "content": "觉得田亮说的太好，游戏的任务要尽力，尊重规则也是为了更好的游戏，何况弃权也很危险好嘛，一般人想弃权也不可能被猎人在后面直追还能逃过吧说田亮自私的是也是醉了，过程里任务人家都努力做了，本来就是游戏一场，偏扯人情世故是有多道德绑架",
            "time": "15-11-13 23:48"
        },
        {
            "comment id": 55,
            "parent": -1,
            "children": [],
            "user id": "1054916982",
            "user name": "xiaonan爱运动",
            "content": "好好表现",
            "time": "15-11-13 23:18"
        },
        {
            "comment id": 56,
            "parent": -1,
            "children": [],
            "user id": "1664685921",
            "user name": "晓筱2",
            "content": "亮哥智商太赞",
            "time": "15-11-13 22:58"
        },
        {
            "comment id": 57,
            "parent": -1,
            "children": [],
            "user id": "2498946535",
            "user name": "丁豆豆_lane",
            "content": "@水果a蔬菜 你看这件外套",
            "time": "15-11-13 22:57"
        },
        {
            "comment id": 58,
            "parent": -1,
            "children": [],
            "user id": "1880722362",
            "user name": "然然沏果果",
            "content": "亮哥你太搞笑了 那么紧张的时候那么悠闲",
            "time": "15-11-13 22:40"
        },
        {
            "comment id": 59,
            "parent": -1,
            "children": [],
            "user id": "1916359255",
            "user name": "没来由的苦情痣",
            "content": "还不如让森碟去，跑得快",
            "time": "15-11-13 21:29"
        },
        {
            "comment id": 60,
            "parent": -1,
            "children": [],
            "user id": "3295644094",
            "user name": "西京雄起之高级理财师",
            "content": "【太平洋保险】尊敬的金卡客户田亮先生：您好！太平洋保险携手中国铁路发展基金，以320亿优先股投资中国铁路事业，特批60亿债权投资，推出限量尊享版投资收益产品，回报新老客户！全国限时抢购60亿！秒杀与中国铁路共腾飞的投资收益机会！资深保险顾问余亮为您服务！",
            "time": "15-11-13 21:21"
        },
        {
            "comment id": 61,
            "parent": -1,
            "children": [],
            "user id": "2352824857",
            "user name": "TF洋旭之爱上薄荷女孩",
            "content": "加油 憋给森碟丢银哈",
            "time": "15-11-13 20:56"
        },
        {
            "comment id": 62,
            "parent": -1,
            "children": [],
            "user id": "5538564664",
            "user name": "小丸子NICI",
            "content": "仿佛第二张看见了我们的大哥",
            "time": "15-11-13 20:54"
        },
        {
            "comment id": 63,
            "parent": -1,
            "children": [],
            "user id": "5757901808",
            "user name": "米迦君丶",
            "content": "加油",
            "time": "15-11-13 20:47"
        },
        {
            "comment id": 64,
            "parent": -1,
            "children": [],
            "user id": "5234816646",
            "user name": "zatyj",
            "content": "#田亮全员加速中# 今晚约",
            "time": "15-11-13 20:26"
        },
        {
            "comment id": 65,
            "parent": -1,
            "children": [],
            "user id": "2048042474",
            "user name": "校_服_的_裙_摆",
            "content": "田亮终于进娱乐圈了，真不容易",
            "time": "15-11-13 19:47"
        },
        {
            "comment id": 66,
            "parent": -1,
            "children": [],
            "user id": "5694756044",
            "user name": "Dear小小小小佳",
            "content": "棒棒哒",
            "time": "15-11-13 19:44"
        },
        {
            "comment id": 67,
            "parent": -1,
            "children": [],
            "user id": "5274792031",
            "user name": "一个缺钙的小仙女",
            "content": "凑不要脸",
            "time": "15-11-13 19:28"
        },
        {
            "comment id": 68,
            "parent": -1,
            "children": [],
            "user id": "2045225445",
            "user name": "WPY0",
            "content": "172的大长腿",
            "time": "15-11-13 19:10"
        },
        {
            "comment id": 69,
            "parent": -1,
            "children": [],
            "user id": "1285899743",
            "user name": "青春梦幻城堡",
            "content": "今晚加油加油！@田亮 ",
            "time": "15-11-13 18:41"
        },
        {
            "comment id": 70,
            "parent": -1,
            "children": [],
            "user id": "1838285310",
            "user name": "南香-柒",
            "content": "买茶找我，买茶找我，卖茶找我，重要事情说三遍，我在厦门",
            "time": "15-11-13 18:11"
        },
        {
            "comment id": 71,
            "parent": -1,
            "children": [],
            "user id": "5590227373",
            "user name": "王家少年易家郎",
            "content": "我貌似看到了----大哥？",
            "time": "15-11-13 18:07"
        },
        {
            "comment id": 72,
            "parent": -1,
            "children": [],
            "user id": "3043641981",
            "user name": "草眠Q",
            "content": "有腿更长的",
            "time": "15-11-13 17:44"
        },
        {
            "comment id": 73,
            "parent": -1,
            "children": [],
            "user id": "5231640000",
            "user name": "岚儿0601",
            "content": "有小凯❤",
            "time": "15-11-13 17:35"
        },
        {
            "comment id": 74,
            "parent": -1,
            "children": [],
            "user id": "5331920498",
            "user name": "在家喝杯冰美式",
            "content": "招代理 有意者➕W X：ZhangZhang1997814详聊",
            "time": "15-11-13 17:18"
        },
        {
            "comment id": 75,
            "parent": -1,
            "children": [],
            "user id": "5271802519",
            "user name": "jpgougohcke",
            "content": "第二张看到了王俊凯的身影",
            "time": "15-11-13 17:07"
        },
        {
            "comment id": 76,
            "parent": -1,
            "children": [],
            "user id": "5684049631",
            "user name": "阿胶糕制作纯手工-祛湿茶-",
            "content": "觉得他腿短的宝贝们，点个赞👍",
            "time": "15-11-13 16:58"
        },
        {
            "comment id": 77,
            "parent": -1,
            "children": [],
            "user id": "1765746432",
            "user name": "尛姗is-vip",
            "content": "转发微博",
            "time": "15-11-13 16:54"
        },
        {
            "comment id": 78,
            "parent": -1,
            "children": [],
            "user id": "2805139912",
            "user name": "拾悦筱瑶似玥森",
            "content": "#田亮全员加速中##田亮全员加速中#亮哥加油。短腿的反击",
            "time": "15-11-13 16:40"
        },
        {
            "comment id": 79,
            "parent": -1,
            "children": [],
            "user id": "3400718100",
            "user name": "冷色调Wen",
            "content": "一家四口，田亮最丑！哈哈……",
            "time": "15-11-13 16:13"
        }
    ]
}