{
    "source": {
        "content": "【instiz】#GOT7# 在今天V app中剧透Repackage专辑预计于23日发行,这次的Repackage有GOT7成员们的参与. ",
        "time": "15-11-12 22:40",
        "user id": "2482557597",
        "tweet id": "D3yLLB8Fh",
        "label": 0,
        "theme": "文体娱乐"
    },
    "comment": [
        {
            "comment id": 0,
            "parent": -1,
            "children": [],
            "user id": "2584384567",
            "user name": "小熊的甜蜜罐子",
            "content": "超级喜欢队长",
            "time": "15-12-11 20:22"
        },
        {
            "comment id": 1,
            "parent": -1,
            "children": [],
            "user id": "2787092935",
            "user name": "大本命是激萌上进好青年",
            "content": "#我节衣缩食都是为了什么##我需要养肾都是为了什么#",
            "time": "15-11-23 13:11"
        },
        {
            "comment id": 2,
            "parent": -1,
            "children": [],
            "user id": "1927829623",
            "user name": "Septemberhalf",
            "content": "回复@PrayForTheFirstplace:喔喔谢谢~",
            "time": "15-11-17 23:19"
        },
        {
            "comment id": 3,
            "parent": -1,
            "children": [],
            "user id": "5233643968",
            "user name": "8991iuy_ohay",
            "content": "還以為是十一月呢原來是十二月啊。。。趕緊養腎",
            "time": "15-11-16 01:20"
        },
        {
            "comment id": 4,
            "parent": -1,
            "children": [],
            "user id": "1768931274",
            "user name": "孙敏_简单",
            "content": "大爱搞基团。",
            "time": "15-11-15 22:55"
        },
        {
            "comment id": 5,
            "parent": -1,
            "children": [],
            "user id": "2950469004",
            "user name": "男神的女神叫老干妈",
            "content": "搞基越来越好了 加油！jyp family",
            "time": "15-11-15 18:54"
        },
        {
            "comment id": 6,
            "parent": -1,
            "children": [],
            "user id": "2787129613",
            "user name": "熊湾_湾湾",
            "content": "又要回歸嗎！！ 每年回歸三次會不會太拼了！！JYP給一首好歌就這麼難嗎！！Twice的歌音源都逆襲第九啦啦啦啦啦～!",
            "time": "15-11-15 00:18"
        },
        {
            "comment id": 7,
            "parent": -1,
            "children": [],
            "user id": "1837875690",
            "user name": "Vvanessaxx",
            "content": "我说段宜恩不带这么折腾自己头发的呀虽然你那头紫毛是很帅没错，可是才两天就褪色了",
            "time": "15-11-14 22:38"
        },
        {
            "comment id": 8,
            "parent": -1,
            "children": [],
            "user id": "3233662860",
            "user name": "一只熊呀xxx",
            "content": "我也就是刚刚去看了一眼钱包T T",
            "time": "15-11-14 18:57"
        },
        {
            "comment id": 9,
            "parent": -1,
            "children": [],
            "user id": "5499770657",
            "user name": "比Mark更帅的人只有明天的他",
            "content": "又回归了心疼你们 加油啊",
            "time": "15-11-14 18:45"
        },
        {
            "comment id": 10,
            "parent": -1,
            "children": [],
            "user id": "2776549091",
            "user name": "崩溃的小括弧",
            "content": "#GOT7#  怪不得一个个都说才刚刚开始。",
            "time": "15-11-14 18:00"
        },
        {
            "comment id": 11,
            "parent": -1,
            "children": [],
            "user id": "2329921604",
            "user name": "BESTER99",
            "content": "这速度可以再快点吗天天签售没听过啊",
            "time": "15-11-14 16:57"
        },
        {
            "comment id": 12,
            "parent": -1,
            "children": [],
            "user id": "2329921604",
            "user name": "BESTER99",
            "content": "回复@Hiiiiien:段宜恩",
            "time": "15-11-14 16:56"
        },
        {
            "comment id": 13,
            "parent": -1,
            "children": [],
            "user id": "3887744876",
            "user name": "paipaiww",
            "content": " ",
            "time": "15-11-14 15:10"
        },
        {
            "comment id": 14,
            "parent": -1,
            "children": [],
            "user id": "2005660527",
            "user name": "天上的鑫",
            "content": "回复@Hiiiiien:我们段哥 Mark",
            "time": "15-11-14 13:31"
        },
        {
            "comment id": 15,
            "parent": -1,
            "children": [],
            "user id": "3973024381",
            "user name": "-求求你不要再熬夜了",
            "content": "回复@Hiiiiien:mark段宜恩！！！",
            "time": "15-11-14 13:23"
        },
        {
            "comment id": 16,
            "parent": -1,
            "children": [],
            "user id": "2891147653",
            "user name": "达不溜JQ",
            "content": "买买买！！",
            "time": "15-11-14 10:55"
        },
        {
            "comment id": 17,
            "parent": -1,
            "children": [],
            "user id": "3104479573",
            "user name": "陪啵赞并肩于雪山之巅",
            "content": "要回归了？这速度，佩服喜欢上一张专辑的主打歌，现在还在听",
            "time": "15-11-14 01:31"
        },
        {
            "comment id": 18,
            "parent": -1,
            "children": [],
            "user id": "5615586776",
            "user name": "啾咪小兔_",
            "content": "回复@forget-失去:但是也只隔一周啊",
            "time": "15-11-14 01:01"
        },
        {
            "comment id": 19,
            "parent": -1,
            "children": [],
            "user id": "3121456977",
            "user name": "承包王慧桢的酒窝",
            "content": "#GOT7#",
            "time": "15-11-13 23:12"
        },
        {
            "comment id": 20,
            "parent": -1,
            "children": [],
            "user id": "5683343488",
            "user name": "祖传迷妹",
            "content": "紫色头发的是sei啊",
            "time": "15-11-13 23:03"
        },
        {
            "comment id": 21,
            "parent": -1,
            "children": [],
            "user id": "2179752497",
            "user name": "十里春风不如茜酱_",
            "content": "王jackson的嘴！",
            "time": "15-11-13 22:52"
        },
        {
            "comment id": 22,
            "parent": -1,
            "children": [],
            "user id": "3626871591",
            "user name": "FantasyPhil",
            "content": "回复@宜恩味__柾国儿:不是正撞淡定～～",
            "time": "15-11-13 22:28"
        },
        {
            "comment id": 23,
            "parent": -1,
            "children": [],
            "user id": "5607442184",
            "user name": "qiaoying_99",
            "content": "会很累吧？😭心疼啊 没关系努力会有好的回报的 💕",
            "time": "15-11-13 22:23"
        },
        {
            "comment id": 24,
            "parent": -1,
            "children": [],
            "user id": "5255746034",
            "user name": "TheRabbitCandy",
            "content": "有点心疼小搞基 这如劳模一般的回归速度 一定很累吧 唉一定要得三大的一位啊",
            "time": "15-11-13 21:51"
        },
        {
            "comment id": 25,
            "parent": -1,
            "children": [],
            "user id": "2853227232",
            "user name": "Ashitaka_93",
            "content": "想投搞基上MAMA……",
            "time": "15-11-13 21:16"
        },
        {
            "comment id": 26,
            "parent": -1,
            "children": [],
            "user id": "5253019791",
            "user name": "-三点零九",
            "content": "回复@你糖哥-:我又脸盲了！！！你不能怪我！当初双胞胎我都分得清",
            "time": "15-11-13 19:49"
        },
        {
            "comment id": 27,
            "parent": -1,
            "children": [],
            "user id": "2060744374",
            "user name": "此去经年玻璃樽",
            "content": "回复@鯩儘Bb:土豆有中字",
            "time": "15-11-13 19:40"
        },
        {
            "comment id": 28,
            "parent": -1,
            "children": [],
            "user id": "5615586776",
            "user name": "啾咪小兔_",
            "content": "和胖蛋撞了我该怎么办",
            "time": "15-11-13 19:00"
        },
        {
            "comment id": 29,
            "parent": -1,
            "children": [],
            "user id": "2763756687",
            "user name": "-我系monster-",
            "content": "唉，今年偶吧们肯定很累",
            "time": "15-11-13 17:29"
        },
        {
            "comment id": 30,
            "parent": -1,
            "children": [],
            "user id": "2083785761",
            "user name": "有谦米的巧克力奶昔",
            "content": "唉，上一张专辑买了一个多月了，今天才发货，七只又要comeback了，我的肾隐隐作痛啊～真是痛并快乐着",
            "time": "15-11-13 15:59"
        },
        {
            "comment id": 31,
            "parent": -1,
            "children": [],
            "user id": "2374303733",
            "user name": "木屐木叽_EZ",
            "content": "期待！！！！！但是希望+2不要太累",
            "time": "15-11-13 15:54"
        },
        {
            "comment id": 32,
            "parent": -1,
            "children": [],
            "user id": "2196883205",
            "user name": "珊不是姗_",
            "content": "表白！",
            "time": "15-11-13 15:34"
        },
        {
            "comment id": 33,
            "parent": -1,
            "children": [],
            "user id": "1824539030",
            "user name": "鯩儘Bb",
            "content": "这节目在哪里可以看啊？",
            "time": "15-11-13 15:15"
        },
        {
            "comment id": 34,
            "parent": -1,
            "children": [],
            "user id": "2598258591",
            "user name": "吴叹薄荷糖",
            "content": "mark眼角点了痣吗！帅",
            "time": "15-11-13 14:40"
        },
        {
            "comment id": 35,
            "parent": -1,
            "children": [],
            "user id": "3477821785",
            "user name": "Goteunice",
            "content": "连土都快要吃不起了",
            "time": "15-11-13 14:17"
        },
        {
            "comment id": 36,
            "parent": -1,
            "children": [],
            "user id": "5458804442",
            "user name": "阿蔓mmm",
            "content": "太拼又觉得你们太累，不拼男团的竞争真的不是一般大阿 ，在蹦阿，不论怎样要自己开心，你觉得怎样好就怎样做，全部都支持你。",
            "time": "15-11-13 14:05"
        },
        {
            "comment id": 37,
            "parent": -1,
            "children": [],
            "user id": "3478968470",
            "user name": "窝居猫猫",
            "content": "#GOT7#",
            "time": "15-11-13 14:01"
        },
        {
            "comment id": 38,
            "parent": -1,
            "children": [],
            "user id": "1669824140",
            "user name": "豚酱鸡给",
            "content": "今年下半年感觉一直在出专辑..@怪口味 ",
            "time": "15-11-13 13:53"
        },
        {
            "comment id": 39,
            "parent": -1,
            "children": [],
            "user id": "2419065234",
            "user name": "小硬币贝贝",
            "content": "里兜！帅帅哒！爱你！",
            "time": "15-11-13 13:25"
        },
        {
            "comment id": 40,
            "parent": -1,
            "children": [],
            "user id": "2816798443",
            "user name": "捣蛋鬼可不捣蛋",
            "content": "好，很好！mini4都还在路上，双十一刚过，我不介意连土都吃不起",
            "time": "15-11-13 13:17"
        },
        {
            "comment id": 41,
            "parent": -1,
            "children": [],
            "user id": "3823918756",
            "user name": "ycx_L",
            "content": "回复@宋仲基王嘉尔:你们家王嘉尔啊",
            "time": "15-11-13 13:16"
        },
        {
            "comment id": 42,
            "parent": -1,
            "children": [],
            "user id": "5287013069",
            "user name": "橘生淮南nannn",
            "content": "期待",
            "time": "15-11-13 13:06"
        },
        {
            "comment id": 43,
            "parent": -1,
            "children": [],
            "user id": "5293122769",
            "user name": "Jackson王嘉尔馒头",
            "content": "回复@阿拉阿拉啊啊啊啊啊啊:我喜欢......比在家抠脚强多了，以后不经常活动的时候，你就知道何为心塞了，珍惜现在",
            "time": "15-11-13 13:01"
        },
        {
            "comment id": 44,
            "parent": -1,
            "children": [],
            "user id": "5513456683",
            "user name": "J-ust1111111",
            "content": "心疼没好好休息的屋里爱豆  同疼肾不在家的鸟宝宝们   凤凰们   怀挺 继续",
            "time": "15-11-13 12:59"
        },
        {
            "comment id": 45,
            "parent": -1,
            "children": [],
            "user id": "5247188701",
            "user name": "嘤wyh",
            "content": "转发微博",
            "time": "15-11-13 12:57"
        },
        {
            "comment id": 46,
            "parent": -1,
            "children": [],
            "user id": "5702655063",
            "user name": "Sunburst_63",
            "content": "wuli在范",
            "time": "15-11-13 12:56"
        },
        {
            "comment id": 47,
            "parent": -1,
            "children": [],
            "user id": "5513456683",
            "user name": "J-ust1111111",
            "content": "土都快吃完了  偶滴肾啊！长年离家……",
            "time": "15-11-13 12:56"
        },
        {
            "comment id": 48,
            "parent": -1,
            "children": [],
            "user id": "5702655063",
            "user name": "Sunburst_63",
            "content": "got7",
            "time": "15-11-13 12:56"
        },
        {
            "comment id": 49,
            "parent": -1,
            "children": [],
            "user id": "5702655063",
            "user name": "Sunburst_63",
            "content": "在范偶吧",
            "time": "15-11-13 12:56"
        },
        {
            "comment id": 50,
            "parent": -1,
            "children": [],
            "user id": "5247188701",
            "user name": "嘤wyh",
            "content": "开心，这次要买买买！！",
            "time": "15-11-13 12:54"
        },
        {
            "comment id": 51,
            "parent": -1,
            "children": [],
            "user id": "2196473975",
            "user name": "不可理喻涵",
            "content": "段宜恩好帅",
            "time": "15-11-13 12:41"
        },
        {
            "comment id": 52,
            "parent": -1,
            "children": [],
            "user id": "5633255963",
            "user name": "已经弯成了蚊香",
            "content": "期待",
            "time": "15-11-13 12:40"
        },
        {
            "comment id": 53,
            "parent": -1,
            "children": [],
            "user id": "2209746684",
            "user name": "9次夢追人",
            "content": "看不懂这是什么策略",
            "time": "15-11-13 12:27"
        },
        {
            "comment id": 54,
            "parent": -1,
            "children": [],
            "user id": "5236424718",
            "user name": "Connie940328",
            "content": "超棒",
            "time": "15-11-13 12:23"
        },
        {
            "comment id": 55,
            "parent": -1,
            "children": [],
            "user id": "2821838892",
            "user name": "JS-我的你",
            "content": "真的是劳模啊！！！来吧！！！！",
            "time": "15-11-13 12:08"
        },
        {
            "comment id": 56,
            "parent": -1,
            "children": [],
            "user id": "3209214295",
            "user name": "QQ_SMILEY",
            "content": "姐姐要考试就帮不上你们了，希望你们有更好的成绩！孩子们加油！鸟宝宝们好好养肾～",
            "time": "15-11-13 11:58"
        },
        {
            "comment id": 57,
            "parent": -1,
            "children": [],
            "user id": "2920318187",
            "user name": "超凡月月",
            "content": "卧槽卧槽",
            "time": "15-11-13 11:52"
        },
        {
            "comment id": 58,
            "parent": -1,
            "children": [],
            "user id": "2389256960",
            "user name": "阿拉阿拉啊啊啊啊啊啊",
            "content": "回复@Jackson王嘉尔馒头:idol届劳模啊",
            "time": "15-11-13 11:09"
        },
        {
            "comment id": 59,
            "parent": -1,
            "children": [],
            "user id": "2806260663",
            "user name": "Chris-crystal",
            "content": "@跳跳_tuan @Summer_小夏小姐",
            "time": "15-11-13 10:54"
        },
        {
            "comment id": 60,
            "parent": -1,
            "children": [],
            "user id": "1827782497",
            "user name": "karynkk",
            "content": "",
            "time": "15-11-13 10:43"
        },
        {
            "comment id": 61,
            "parent": -1,
            "children": [],
            "user id": "5138109091",
            "user name": "钱旺發",
            "content": "这些孩子们真的好吵啊#GOT7#嘿嘿，我喜欢",
            "time": "15-11-13 10:38"
        },
        {
            "comment id": 62,
            "parent": -1,
            "children": [],
            "user id": "5138109091",
            "user name": "钱旺發",
            "content": "我们荣宰一度癫狂#GOT7#",
            "time": "15-11-13 10:38"
        },
        {
            "comment id": 63,
            "parent": -1,
            "children": [],
            "user id": "5138109091",
            "user name": "钱旺發",
            "content": "问有谦考的怎么样，嘉嘉说应该是史上最低分吧，如果过了60，哥哥就给你买礼物，这么相爱，真的好吗#GOT7#",
            "time": "15-11-13 10:37"
        },
        {
            "comment id": 64,
            "parent": -1,
            "children": [],
            "user id": "5138109091",
            "user name": "钱旺發",
            "content": "找视频来看吧，太好笑#GOT7#",
            "time": "15-11-13 10:36"
        },
        {
            "comment id": 65,
            "parent": -1,
            "children": [],
            "user id": "2696391282",
            "user name": "kookieTu_",
            "content": "@L151YAN 帅 前面3个",
            "time": "15-11-13 10:28"
        },
        {
            "comment id": 66,
            "parent": -1,
            "children": [],
            "user id": "2741127490",
            "user name": "云想衣裳花想容L",
            "content": "哈哈，评论实力可爱",
            "time": "15-11-13 10:20"
        },
        {
            "comment id": 67,
            "parent": -1,
            "children": [],
            "user id": "1638895030",
            "user name": "花姜姜JJ",
            "content": "太棒啦！！！！！！！我要开心疯了",
            "time": "15-11-13 10:14"
        },
        {
            "comment id": 68,
            "parent": -1,
            "children": [],
            "user id": "5293122769",
            "user name": "Jackson王嘉尔馒头",
            "content": "回复@阿拉阿拉啊啊啊啊啊啊:接着买",
            "time": "15-11-13 10:10"
        },
        {
            "comment id": 69,
            "parent": -1,
            "children": [],
            "user id": "5138109091",
            "user name": "钱旺發",
            "content": "哈哈，不小心剧透#GOT7#",
            "time": "15-11-13 10:06"
        },
        {
            "comment id": 70,
            "parent": -1,
            "children": [],
            "user id": "3957236146",
            "user name": "里约热内卢的小女孩",
            "content": "还好双十一管住了手。。。",
            "time": "15-11-13 10:05"
        },
        {
            "comment id": 71,
            "parent": -1,
            "children": [],
            "user id": "3878485844",
            "user name": "原来是小康呀",
            "content": "@香蕉詹士",
            "time": "15-11-13 09:42"
        },
        {
            "comment id": 72,
            "parent": -1,
            "children": [],
            "user id": "3444953682",
            "user name": "kakamimoo",
            "content": "会打歌吗会打歌吗",
            "time": "15-11-13 09:37"
        },
        {
            "comment id": 73,
            "parent": -1,
            "children": [],
            "user id": "1738880535",
            "user name": "米咕咕咕咕咕噜",
            "content": "回复@-Vera-wwwwwwwww:我知道了又出",
            "time": "15-11-13 09:35"
        },
        {
            "comment id": 74,
            "parent": -1,
            "children": [],
            "user id": "2436691081",
            "user name": "-Vera-wwwwww",
            "content": "@米咕咕咕咕咕噜",
            "time": "15-11-13 09:34"
        },
        {
            "comment id": 75,
            "parent": -1,
            "children": [],
            "user id": "5057289766",
            "user name": "Mina_二疯纸",
            "content": "只求多多大发呀，孩子们真的很努力呀",
            "time": "15-11-13 09:32"
        },
        {
            "comment id": 76,
            "parent": -1,
            "children": [],
            "user id": "2974038361",
            "user name": "你就很机车耶",
            "content": "然而我的Mad还没拿到",
            "time": "15-11-13 09:29"
        },
        {
            "comment id": 77,
            "parent": -1,
            "children": [],
            "user id": "1936149774",
            "user name": "解忧之茶",
            "content": "太好了！",
            "time": "15-11-13 09:28"
        },
        {
            "comment id": 78,
            "parent": -1,
            "children": [],
            "user id": "2389256960",
            "user name": "阿拉阿拉啊啊啊啊啊啊",
            "content": "回复@Jackson王嘉尔馒头:卧槽我才买了if you do的专辑啊",
            "time": "15-11-13 09:22"
        },
        {
            "comment id": 79,
            "parent": -1,
            "children": [],
            "user id": "5107118468",
            "user name": "我段t",
            "content": "心疼他们就好好支持吧希望白嫖们黑酸们闭嘴靴靴～",
            "time": "15-11-13 09:21"
        }
    ]
}