{
    "source": {
        "content": "【巴黎恐怖袭击后，奥巴马与普京进行了长时间的私聊...】据外媒，在G20峰会上，美国总统奥巴马私下与俄罗斯总统普京举行了长达35分钟的非正式会晤。美国总统国家安全事务助理苏珊·赖斯也参加了这次会面。这次会晤主要是关于叙利亚的反恐问题。俄方表示，虽然双方仍然存在分歧，但谈话是“建设性的”。 ",
        "time": "15-11-16 09:02",
        "user id": "1974576991",
        "tweet id": "D457BhcHe",
        "label": 0,
        "theme": "灾难事故"
    },
    "comment": [
        {
            "comment id": 0,
            "parent": -1,
            "children": [],
            "user id": "1781074555",
            "user name": "墨鱼丸子的大奋战",
            "content": "说英文？",
            "time": "15-11-17 11:51"
        },
        {
            "comment id": 1,
            "parent": -1,
            "children": [],
            "user id": "2723470753",
            "user name": "温子凌Mr",
            "content": "回复@带不走的海风:既然你是个负责任的国家，你怎么别人一句话你就不去了呢？",
            "time": "15-11-17 09:43"
        },
        {
            "comment id": 2,
            "parent": -1,
            "children": [],
            "user id": "2776820317",
            "user name": "带不走的海风",
            "content": "回复@温子凌Mr:所以呢？",
            "time": "15-11-17 09:42"
        },
        {
            "comment id": 3,
            "parent": -1,
            "children": [],
            "user id": "2723470753",
            "user name": "温子凌Mr",
            "content": "回复@带不走的海风:国家是靠老百姓纳税养活的，请你记住。",
            "time": "15-11-17 09:36"
        },
        {
            "comment id": 4,
            "parent": -1,
            "children": [],
            "user id": "3272107630",
            "user name": "叫我凌霄殿大人",
            "content": "回复@虾蜇疼了:",
            "time": "15-11-16 18:17"
        },
        {
            "comment id": 5,
            "parent": -1,
            "children": [],
            "user id": "2532835732",
            "user name": "虾蜇疼了",
            "content": "回复@叫我凌霄殿大人 的赞:谢谢，辛苦了",
            "time": "15-11-16 18:09"
        },
        {
            "comment id": 6,
            "parent": -1,
            "children": [],
            "user id": "1953206933",
            "user name": "哈哈哈我是小恶魔",
            "content": "回复@BC大头鱼:中国又没参加叙利亚战争…找了干啥啊…有病啊…",
            "time": "15-11-16 14:07"
        },
        {
            "comment id": 7,
            "parent": -1,
            "children": [],
            "user id": "1953206933",
            "user name": "哈哈哈我是小恶魔",
            "content": "刚看完纸牌屋第三季里一模一样的情节…",
            "time": "15-11-16 13:38"
        },
        {
            "comment id": 8,
            "parent": -1,
            "children": [],
            "user id": "2532835732",
            "user name": "虾蜇疼了",
            "content": "回复@流年年年忆 的赞:谢谢",
            "time": "15-11-16 13:19"
        },
        {
            "comment id": 9,
            "parent": -1,
            "children": [],
            "user id": "2532835732",
            "user name": "虾蜇疼了",
            "content": "回复@麻辣豆沙司机 的赞:谢谢",
            "time": "15-11-16 13:05"
        },
        {
            "comment id": 10,
            "parent": -1,
            "children": [],
            "user id": "5733696024",
            "user name": "金银花ll",
            "content": "美国霸权把世界搅成动荡乱局，难民流离失所，衍生极端恐怖组织。",
            "time": "15-11-16 12:49"
        },
        {
            "comment id": 11,
            "parent": -1,
            "children": [],
            "user id": "1800190602",
            "user name": "O_oMIami",
            "content": "马克思爷爷告诉我们要学会辩证地看待问题。。。完了，我觉得这个会变成考点啊",
            "time": "15-11-16 12:02"
        },
        {
            "comment id": 12,
            "parent": -1,
            "children": [],
            "user id": "2835930663",
            "user name": "___-------雾气达瓦",
            "content": "回复@BC大头鱼:哈哈哈，智商暴露了",
            "time": "15-11-16 11:42"
        },
        {
            "comment id": 13,
            "parent": -1,
            "children": [],
            "user id": "2988466893",
            "user name": "怎么又刷微博-LBL",
            "content": "普京不是没去么",
            "time": "15-11-16 11:29"
        },
        {
            "comment id": 14,
            "parent": -1,
            "children": [],
            "user id": "2532835732",
            "user name": "虾蜇疼了",
            "content": "回复@放学别走我要和你谈人生 的赞:谢谢",
            "time": "15-11-16 11:17"
        },
        {
            "comment id": 15,
            "parent": -1,
            "children": [],
            "user id": "3039544827",
            "user name": "小江的无聊日常bot",
            "content": "回复@BC大头鱼:我希望中国永远不要有参与这种会议得必要",
            "time": "15-11-16 11:12"
        },
        {
            "comment id": 16,
            "parent": -1,
            "children": [],
            "user id": "2532835732",
            "user name": "虾蜇疼了",
            "content": "回复@群主优乐美 的赞:谢谢您",
            "time": "15-11-16 11:06"
        },
        {
            "comment id": 17,
            "parent": -1,
            "children": [],
            "user id": "2541751624",
            "user name": "水紫印的天使",
            "content": "回复@Retsch_华子:美想称霸全球。为何打伊拉克等国，是他们不听美话，美打击想借此名义控制中东。这里有丰富的资源，美控制了中东，等于稳定了美的石油美元经济体系，稳定石油美元，也就称霸全球了。而美国在一年前就说打击lS，打一年也没俄一个月打击效率。美非但没真正打击IS，反而暗中帮助IS，就是想借lS推翻叙政府。",
            "time": "15-11-16 11:06"
        },
        {
            "comment id": 18,
            "parent": -1,
            "children": [],
            "user id": "5695899633",
            "user name": "晓雪初晴1901",
            "content": "回复@BC大头鱼:中国现在不就是希望大家别理我，然后专心在南海鬼斧神工么",
            "time": "15-11-16 11:00"
        },
        {
            "comment id": 19,
            "parent": -1,
            "children": [],
            "user id": "5194656313",
            "user name": "用户5194656313",
            "content": "希望俄领导人千万别理美国奥巴马政府，因为美国一直都是在世界各国(包括他同盟国)挑事端。因为美国奥巴马政府想在世界推行霸权主义，而美国专门是发战争财为目的政府，在美国奥巴马政府只有永远的利益，没有永远的朋友，",
            "time": "15-11-16 10:45"
        },
        {
            "comment id": 20,
            "parent": -1,
            "children": [],
            "user id": "2688308920",
            "user name": "夜幕的杀手",
            "content": "一致决定屠光穆畜",
            "time": "15-11-16 10:44"
        },
        {
            "comment id": 21,
            "parent": -1,
            "children": [],
            "user id": "5731179142",
            "user name": "北京圣逗士",
            "content": "斗争与妥协",
            "time": "15-11-16 10:44"
        },
        {
            "comment id": 22,
            "parent": -1,
            "children": [],
            "user id": "5440821784",
            "user name": "归去来兮",
            "content": "矛盾是暂时的 利益是永恒的",
            "time": "15-11-16 10:25"
        },
        {
            "comment id": 23,
            "parent": -1,
            "children": [],
            "user id": "5034178455",
            "user name": "戈壁酒泉人01",
            "content": "狗大户最好能顺带收拾了。//@茶叶面包2009_fhy: 最好打成一锅粥//@戈壁酒泉人01:老毛子加油！鹰酱加油！//@茶叶面包2009_fhy: 所以叫你打你的我打我的，至于打谁就别问了//@戈壁酒泉人01:灯塔国的炸弹还不知道炸的谁呢//@茶叶面包2009_fhy: 谈好了:你打你的我打我的//@",
            "time": "15-11-16 10:24"
        },
        {
            "comment id": 24,
            "parent": -1,
            "children": [],
            "user id": "2521078431",
            "user name": "韩式烤肉吧",
            "content": "回复@塵書塵:专家",
            "time": "15-11-16 10:24"
        },
        {
            "comment id": 25,
            "parent": -1,
            "children": [],
            "user id": "5034178455",
            "user name": "戈壁酒泉人01",
            "content": "老毛子加油！鹰酱加油！//@茶叶面包2009_fhy: 所以叫你打你的我打我的，至于打谁就别问了//@戈壁酒泉人01:灯塔国的炸弹还不知道炸的谁呢//@茶叶面包2009_fhy: 谈好了:你打你的我打我的//@戈壁酒泉人01:建设性的？没谈拢？",
            "time": "15-11-16 10:22"
        },
        {
            "comment id": 26,
            "parent": -1,
            "children": [],
            "user id": "2275667542",
            "user name": "EZ2o",
            "content": "环环到底有几个编辑？傻白甜六主任美腿？",
            "time": "15-11-16 10:22"
        },
        {
            "comment id": 27,
            "parent": -1,
            "children": [],
            "user id": "3766162491",
            "user name": "人民",
            "content": "都是美国造成的，让你打，为了石油，为了霸权，现在巴黎那边出事了，奥巴马装好人！",
            "time": "15-11-16 10:21"
        },
        {
            "comment id": 28,
            "parent": -1,
            "children": [],
            "user id": "5120677197",
            "user name": "陆百列",
            "content": "美国事不到自己头上，就不管它的事！对平民实施杀戮的非政府组织不予以理睬，反而要搞垮意识形态不同的合法政府！",
            "time": "15-11-16 10:12"
        },
        {
            "comment id": 29,
            "parent": -1,
            "children": [],
            "user id": "2681865077",
            "user name": "哒哒哒字",
            "content": "大帝  世界灯塔：“尼玛闹大了啊，再打下去我们真的要开战了”",
            "time": "15-11-16 10:06"
        },
        {
            "comment id": 30,
            "parent": -1,
            "children": [],
            "user id": "2532835732",
            "user name": "虾蜇疼了",
            "content": "回复@祝福亲爱的小孩一生幸福 的赞:谢谢",
            "time": "15-11-16 10:03"
        },
        {
            "comment id": 31,
            "parent": -1,
            "children": [],
            "user id": "2532835732",
            "user name": "虾蜇疼了",
            "content": "回复@xiaotingzimeimeida 的赞:谢谢评论",
            "time": "15-11-16 10:03"
        },
        {
            "comment id": 32,
            "parent": -1,
            "children": [],
            "user id": "2532835732",
            "user name": "虾蜇疼了",
            "content": "回复@白羊YYT 的赞:谢谢",
            "time": "15-11-16 10:02"
        },
        {
            "comment id": 33,
            "parent": -1,
            "children": [],
            "user id": "2255823450",
            "user name": "Retsch_华子",
            "content": "回复@米亚style:事后分析得很好，当时美国打过去你怎么不去提醒下？那你现在分析下各国如果消灭了isis会不会出现什么后遗症？",
            "time": "15-11-16 10:02"
        },
        {
            "comment id": 34,
            "parent": -1,
            "children": [],
            "user id": "1576147232",
            "user name": "人生嘉年华83",
            "content": "回复@Retsch_华子:如果说2003年的伊拉克还可以说没想到，但到了叙利亚已经是2011年了，伊拉克和阿富汗的例子在前。这个时候还“没想到”，不是蠢就是坏。",
            "time": "15-11-16 09:59"
        },
        {
            "comment id": 35,
            "parent": -1,
            "children": [],
            "user id": "2653721242",
            "user name": "李摘黄瓜",
            "content": "都是乌鸦，干嘛非得分高谁更黑",
            "time": "15-11-16 09:58"
        },
        {
            "comment id": 36,
            "parent": -1,
            "children": [],
            "user id": "5034178455",
            "user name": "戈壁酒泉人01",
            "content": "灯塔国的炸弹还不知道炸的谁呢//@茶叶面包2009_fhy: 谈好了:你打你的我打我的//@戈壁酒泉人01:建设性的？没谈拢？",
            "time": "15-11-16 09:57"
        },
        {
            "comment id": 37,
            "parent": -1,
            "children": [],
            "user id": "2263401025",
            "user name": "星辰之恒",
            "content": "希望有用！",
            "time": "15-11-16 09:57"
        },
        {
            "comment id": 38,
            "parent": -1,
            "children": [],
            "user id": "5230816856",
            "user name": "米亚style",
            "content": "回复@Retsch_华子:童鞋给你科普下，以前卡大佐这帮大佬在的时候，因为他们的“独裁”统治，极端势力虽然存在，但没法壮大。现在以美国为首的西方搞垮了这帮大佬，权力真空导致了is这样的极端势力迅速崛起，中东局势就更乱了。更何况is背后还有西方的纵容甚至扶持。",
            "time": "15-11-16 09:51"
        },
        {
            "comment id": 39,
            "parent": -1,
            "children": [],
            "user id": "2532835732",
            "user name": "虾蜇疼了",
            "content": "回复@運命cy 的赞:谢谢",
            "time": "15-11-16 09:44"
        },
        {
            "comment id": 40,
            "parent": -1,
            "children": [],
            "user id": "2255823450",
            "user name": "Retsch_华子",
            "content": "说美国惹祸的都是事后诸葛亮，当年美国推倒伊拉克和叙利亚的暴政统治并没有什么不对，但谁也没想到随之的副作用，一个个只会bb把责任推给美国，如果将来美国把isis铲除了，又出来新的恐怖主义是不是也是美国惹祸？",
            "time": "15-11-16 09:41"
        },
        {
            "comment id": 41,
            "parent": -1,
            "children": [],
            "user id": "2532835732",
            "user name": "虾蜇疼了",
            "content": "回复@大dD地:似乎我们绑在普特勒的战车上的…",
            "time": "15-11-16 09:37"
        },
        {
            "comment id": 42,
            "parent": -1,
            "children": [],
            "user id": "2012921600",
            "user name": "南海政法委",
            "content": "",
            "time": "15-11-16 09:37"
        },
        {
            "comment id": 43,
            "parent": -1,
            "children": [],
            "user id": "5034178455",
            "user name": "戈壁酒泉人01",
            "content": "建设性的？没谈拢？",
            "time": "15-11-16 09:35"
        },
        {
            "comment id": 44,
            "parent": -1,
            "children": [],
            "user id": "1485131263",
            "user name": "麗筠苏皋磨",
            "content": "最抢眼的是那个有点就差莲花指的安保人员",
            "time": "15-11-16 09:31"
        },
        {
            "comment id": 45,
            "parent": -1,
            "children": [],
            "user id": "3241360737",
            "user name": "猫洁儿LMJ",
            "content": "回复@BC大头鱼:不懂就别秀智商了，中国本来就没参与武装打击，来找我们干吗？旁听做笔记？",
            "time": "15-11-16 09:30"
        },
        {
            "comment id": 46,
            "parent": -1,
            "children": [],
            "user id": "2240975932",
            "user name": "大dD地",
            "content": "回复@虾蜇疼了:应该是普特勒搞的机会大过奥特曼，美国搞的话受益方是俄，美正对俄金融制裁，肯定不会放手，肯定要搞死普特勒",
            "time": "15-11-16 09:29"
        },
        {
            "comment id": 47,
            "parent": -1,
            "children": [],
            "user id": "5592458336",
            "user name": "绅士的装备",
            "content": "@冬暖夏凉小二鱼为什么霉国反了十几年的恐，世界却越来越恐？究竟谁才是恐怖分子。打着反恐旗号的世界警察，面具下面究竟是张什么脸？！",
            "time": "15-11-16 09:25"
        },
        {
            "comment id": 48,
            "parent": -1,
            "children": [],
            "user id": "2979945101",
            "user name": "手机用户SC",
            "content": "但谈话是“建设性的” 翻译：没谈拢 以后再谈",
            "time": "15-11-16 09:24"
        },
        {
            "comment id": 49,
            "parent": -1,
            "children": [],
            "user id": "1171077262",
            "user name": "LoverboyCZz",
            "content": "史上最详细，恐怖袭击应对指南 恐怖袭击应对指南网民原创",
            "time": "15-11-16 09:24"
        },
        {
            "comment id": 50,
            "parent": -1,
            "children": [],
            "user id": "2624219755",
            "user name": "寒月梦龙",
            "content": "叫地主，抢地主，抢地主，我抢普京大帝：明牌",
            "time": "15-11-16 09:24"
        },
        {
            "comment id": 51,
            "parent": -1,
            "children": [],
            "user id": "3346077512",
            "user name": "柚子炖橘子",
            "content": "奥巴马之前怎么装逼的？",
            "time": "15-11-16 09:23"
        },
        {
            "comment id": 52,
            "parent": -1,
            "children": [],
            "user id": "2612123357",
            "user name": "没牙熊仔",
            "content": "回复@黄声德德德德德德德德德德驾:用的陌陌",
            "time": "15-11-16 09:23"
        },
        {
            "comment id": 53,
            "parent": -1,
            "children": [],
            "user id": "1888231167",
            "user name": "宁2021",
            "content": "美国昨天还说制裁俄罗斯，今天就放弃了！还是普京高明！乌克兰被耍了",
            "time": "15-11-16 09:22"
        },
        {
            "comment id": 54,
            "parent": -1,
            "children": [],
            "user id": "5648029510",
            "user name": "京城一只梅",
            "content": "伊拉克，叙利亚，阿富汗死了很多平民，这是事实。一个国家出现了恐怖分子，并不代表那个国家所有的人都是恐怖分子，打击行为应该只针对那反人类的极端人员。读懂叙利亚，伊拉克，伊斯兰，穆斯林，宗教与世界想必很重要。总之，希望世界和平，不要再重复历史，希望能找到一条有效的解决思路。🙏",
            "time": "15-11-16 09:22"
        },
        {
            "comment id": 55,
            "parent": -1,
            "children": [],
            "user id": "1152136195",
            "user name": "李慕钧",
            "content": "回复@翔宇凌空:中国并不想跟他们聊。",
            "time": "15-11-16 09:20"
        },
        {
            "comment id": 56,
            "parent": -1,
            "children": [],
            "user id": "2476610470",
            "user name": "雨过风殇",
            "content": "屁话一堆",
            "time": "15-11-16 09:20"
        },
        {
            "comment id": 57,
            "parent": -1,
            "children": [],
            "user id": "1741609105",
            "user name": "芦苇地里栀香满桔",
            "content": "那位当年说中国无耻的大妈还参加啊这次说大帝什么呢世界灯塔就是不一样╮(╯▽╰)╭",
            "time": "15-11-16 09:19"
        },
        {
            "comment id": 58,
            "parent": -1,
            "children": [],
            "user id": "3244231887",
            "user name": "查理min",
            "content": "你的对手看中的是实力！",
            "time": "15-11-16 09:19"
        },
        {
            "comment id": 59,
            "parent": -1,
            "children": [],
            "user id": "3211527182",
            "user name": "承予天祈",
            "content": "说让中国参与的……明明是美国和西方世界自己惹的祸，为什么要用中国军人的鲜血为其买单？就算参与也得等西方都投入大规模武装之后再说",
            "time": "15-11-16 09:18"
        },
        {
            "comment id": 60,
            "parent": -1,
            "children": [],
            "user id": "1976861394",
            "user name": "狐狐Livi",
            "content": "回复@夏日橘物语:ISIS划定的疆域里可是有中国新疆的 不可能不牵扯",
            "time": "15-11-16 09:18"
        },
        {
            "comment id": 61,
            "parent": -1,
            "children": [],
            "user id": "1793296325",
            "user name": "冬暖夏凉小二鱼",
            "content": "我记得苏珊赖斯就是那个在联合国会议上指责（ma）我国外长无人性，称我们反对叙利亚战争是错误的。推动叙利亚战争爆发，欧洲难民潮爆发，直接导致本次恐怖袭击的元凶哦。",
            "time": "15-11-16 09:18"
        },
        {
            "comment id": 62,
            "parent": -1,
            "children": [],
            "user id": "2570319727",
            "user name": "封狼居胥1949",
            "content": "图片评论贱人就是矫情，洋鬼子没几个好东西 ",
            "time": "15-11-16 09:17"
        },
        {
            "comment id": 63,
            "parent": -1,
            "children": [],
            "user id": "5305244311",
            "user name": "mini布偶酱",
            "content": "小奥这次被打脸打得不轻啊，也该找点面子回来了吧，估计已经决定和普京一起把IS溺死在马桶里",
            "time": "15-11-16 09:17"
        },
        {
            "comment id": 64,
            "parent": -1,
            "children": [],
            "user id": "2570319727",
            "user name": "封狼居胥1949",
            "content": "图片评论中东人每天都在经历巴黎这一幕，谁造成的，欺负人还不让还手了艾玛 ",
            "time": "15-11-16 09:17"
        },
        {
            "comment id": 65,
            "parent": -1,
            "children": [],
            "user id": "5050417024",
            "user name": "老老实实做人4",
            "content": "我总是觉得奥巴马傻乎乎的，，，",
            "time": "15-11-16 09:16"
        },
        {
            "comment id": 66,
            "parent": -1,
            "children": [],
            "user id": "1856007183",
            "user name": "搓脚的诗人",
            "content": "回复@庸医治秀才:你的评论和你的名字非常搭调",
            "time": "15-11-16 09:16"
        },
        {
            "comment id": 67,
            "parent": -1,
            "children": [],
            "user id": "2678637497",
            "user name": "监利检察官法官联手制造冤案",
            "content": "冤 冤 冤【人民检察护犊子】 08年度监利县人民检察院为创政绩和满足私欲，和有钱的当事责任人朱某勾结，张冠李戴编造假事实，找人做假证，又和人民法院串通，狼狈为奸，联手采用假证据制造冤案，12年3月13日依法向@荆州市检察院 提出书面申诉，N次催讨至今不肯给回复，无回复省高检就不受理。",
            "time": "15-11-16 09:16"
        },
        {
            "comment id": 68,
            "parent": -1,
            "children": [],
            "user id": "1159978887",
            "user name": "阳光禾苗001",
            "content": "呵呵又是“建设性”，第一反应是想象空间很大。",
            "time": "15-11-16 09:16"
        },
        {
            "comment id": 69,
            "parent": -1,
            "children": [],
            "user id": "3211527182",
            "user name": "承予天祈",
            "content": "默默的翻了翻黑化解毒表……话说Isis实在自掘坟墓吧，西欧国家就指望着这些恐怖组织或者反政府武装能把中东一团糟呢，理论上来说只要不惹到西方世界他们可能还会对你们睁只眼闭只眼甚至还给资助……这“豪言壮语”一出实在是老寿星上吊- -还有你有本事炸那些不要脸的西欧政客啊炸平民到底彰显了什么？",
            "time": "15-11-16 09:15"
        },
        {
            "comment id": 70,
            "parent": -1,
            "children": [],
            "user id": "1801266991",
            "user name": "V男儿当自强V",
            "content": "早猜到了  @央视新闻   还问他们聊啥",
            "time": "15-11-16 09:14"
        },
        {
            "comment id": 71,
            "parent": -1,
            "children": [],
            "user id": "5674460293",
            "user name": "尕_商尓",
            "content": "回复@夏日橘物语:非常同意你说的",
            "time": "15-11-16 09:13"
        },
        {
            "comment id": 72,
            "parent": -1,
            "children": [],
            "user id": "2776820317",
            "user name": "带不走的海风",
            "content": "回复@温子凌Mr:负国际责任的时候会有人说自己国家的人都没脱离贫困，还吃不起饭，上不起学，看不起病。所以，请不要用卖白菜的智商操卖白粉的心，只要相信国家一直在努力，不要张嘴就讲风凉话，记住这是生你养你的祖国！",
            "time": "15-11-16 09:13"
        },
        {
            "comment id": 73,
            "parent": -1,
            "children": [],
            "user id": "2097716141",
            "user name": "热心大叔2011",
            "content": "在国际反击恐怖组织及其恐怖活动上，建立国际反恐统一战线，才会具有威摄力，让恐怖活动无机可乘。",
            "time": "15-11-16 09:12"
        },
        {
            "comment id": 74,
            "parent": -1,
            "children": [],
            "user id": "3484068732",
            "user name": "顾小琮不喝咖啡呢呢呢",
            "content": "回复@夏日橘物语:我们国家的领导才不傻呢？你当他们是白痴？",
            "time": "15-11-16 09:11"
        },
        {
            "comment id": 75,
            "parent": -1,
            "children": [],
            "user id": "5045053367",
            "user name": "李申A",
            "content": "有基情",
            "time": "15-11-16 09:11"
        },
        {
            "comment id": 76,
            "parent": -1,
            "children": [],
            "user id": "1900640395",
            "user name": "自此萧郎是故人",
            "content": "“建设性的”—— 有进展，但离结决还远着呢",
            "time": "15-11-16 09:10"
        },
        {
            "comment id": 77,
            "parent": -1,
            "children": [],
            "user id": "2631046303",
            "user name": "爱洗头de唐僧",
            "content": "两个超级大国的较量，普京很强硬，虽然老美把俄罗斯经济搞得够呛",
            "time": "15-11-16 09:10"
        },
        {
            "comment id": 78,
            "parent": -1,
            "children": [],
            "user id": "1937241643",
            "user name": "chtShark",
            "content": "回复@大连万岁:美国是老大 我们有不是",
            "time": "15-11-16 09:10"
        },
        {
            "comment id": 79,
            "parent": -1,
            "children": [],
            "user id": "1937241643",
            "user name": "chtShark",
            "content": "回复@环球观察网:废话 谁不知道。 说个解决方案",
            "time": "15-11-16 09:09"
        }
    ]
}