{
    "source": {
        "content": "《 Say You Will 》， 一首很适合在婚礼上播放的歌曲！相当好听！微博视频 ",
        "time": "15-11-16 09:29",
        "user id": "1642512402",
        "tweet id": "D45iOzrfE",
        "label": 0,
        "theme": "文体娱乐"
    },
    "comment": [
        {
            "comment id": 0,
            "parent": -1,
            "children": [],
            "user id": "2792886842",
            "user name": "洛阳苏打",
            "content": "类似owl的歌唱风格",
            "time": "15-11-19 08:03"
        },
        {
            "comment id": 1,
            "parent": -1,
            "children": [],
            "user id": "1934766540",
            "user name": "葡萄味儿的大西瓜",
            "content": "好听",
            "time": "15-11-18 08:49"
        },
        {
            "comment id": 2,
            "parent": -1,
            "children": [],
            "user id": "1737765837",
            "user name": "素未谋面的年华",
            "content": "酷狗好多首，这是谁唱的，谁能告诉我下",
            "time": "15-11-17 17:56"
        },
        {
            "comment id": 3,
            "parent": -1,
            "children": [],
            "user id": "3169569264",
            "user name": "小可乐儿_sk",
            "content": "回复@Wizze宇:六年太长了，那时候肯定没那么容易放过你",
            "time": "15-11-17 10:48"
        },
        {
            "comment id": 4,
            "parent": -1,
            "children": [],
            "user id": "3169569264",
            "user name": "小可乐儿_sk",
            "content": "回复@Wizze宇:放心吧，就是二十年我也不会再跟你张这个嘴的",
            "time": "15-11-17 08:28"
        },
        {
            "comment id": 5,
            "parent": -1,
            "children": [],
            "user id": "3169569264",
            "user name": "小可乐儿_sk",
            "content": "回复@Wizze宇:不觉得你现在有什么不好，至少还算踏实",
            "time": "15-11-17 08:20"
        },
        {
            "comment id": 6,
            "parent": -1,
            "children": [],
            "user id": "3169569264",
            "user name": "小可乐儿_sk",
            "content": "回复@Wizze宇:别的姑娘不好说，但我你还是可以的",
            "time": "15-11-17 08:16"
        },
        {
            "comment id": 7,
            "parent": -1,
            "children": [],
            "user id": "3492113992",
            "user name": "璐呀Lu",
            "content": "回复@奇门h:哼不要",
            "time": "15-11-16 21:52"
        },
        {
            "comment id": 8,
            "parent": -1,
            "children": [],
            "user id": "2410451725",
            "user name": "奇门h",
            "content": "回覆@邹璐璐璐璐呀:I will.",
            "time": "15-11-16 20:50"
        },
        {
            "comment id": 9,
            "parent": -1,
            "children": [],
            "user id": "3946955244",
            "user name": "青白青",
            "content": "回复@想太多女士xh:还挺执着 我听听",
            "time": "15-11-16 20:16"
        },
        {
            "comment id": 10,
            "parent": -1,
            "children": [],
            "user id": "2830656731",
            "user name": "戴上眼镜就变傻呆萌",
            "content": "@从小就不爱吃鱼 找到了",
            "time": "15-11-16 20:15"
        },
        {
            "comment id": 11,
            "parent": -1,
            "children": [],
            "user id": "5046749145",
            "user name": "木果果木ZQW",
            "content": "好听",
            "time": "15-11-16 15:40"
        },
        {
            "comment id": 12,
            "parent": -1,
            "children": [],
            "user id": "5722870937",
            "user name": "王向上先生",
            "content": "……",
            "time": "15-11-16 15:08"
        },
        {
            "comment id": 13,
            "parent": -1,
            "children": [],
            "user id": "1111244900",
            "user name": "龙舌兰110168",
            "content": "Say you will [噢耶]",
            "time": "15-11-16 14:49"
        },
        {
            "comment id": 14,
            "parent": -1,
            "children": [],
            "user id": "3492113992",
            "user name": "璐呀Lu",
            "content": "回复@奇门h:will you give me your life?",
            "time": "15-11-16 14:25"
        },
        {
            "comment id": 15,
            "parent": -1,
            "children": [],
            "user id": "2410451725",
            "user name": "奇门h",
            "content": "回覆@邹璐璐璐璐呀:Wade out into the water Breathe in with me say you will",
            "time": "15-11-16 14:13"
        },
        {
            "comment id": 16,
            "parent": -1,
            "children": [],
            "user id": "2012129873",
            "user name": "墨本迷途",
            "content": "@豆芽很嫩 @牵着叽咋去散步 @爱吃肉肉的艳宝宝 让你们的耳朵怀孕",
            "time": "15-11-16 13:13"
        },
        {
            "comment id": 17,
            "parent": -1,
            "children": [],
            "user id": "5226253336",
            "user name": "给我一只蓝胖子",
            "content": "马，有空听",
            "time": "15-11-16 12:58"
        },
        {
            "comment id": 18,
            "parent": -1,
            "children": [],
            "user id": "3220124440",
            "user name": "小个子的小生活",
            "content": "@澤航要做好奴仔",
            "time": "15-11-16 12:43"
        },
        {
            "comment id": 19,
            "parent": -1,
            "children": [],
            "user id": "2691878361",
            "user name": "记忆自我",
            "content": "@我不是逗比0",
            "time": "15-11-16 11:20"
        },
        {
            "comment id": 20,
            "parent": -1,
            "children": [],
            "user id": "1445261183",
            "user name": "一打饱饱",
            "content": "回复@海之远:",
            "time": "15-11-16 11:01"
        },
        {
            "comment id": 21,
            "parent": -1,
            "children": [],
            "user id": "3239114930",
            "user name": "一颗枣树树",
            "content": "@QLS-",
            "time": "15-11-16 10:51"
        },
        {
            "comment id": 22,
            "parent": -1,
            "children": [],
            "user id": "1157375643",
            "user name": "幸福QQQ",
            "content": "有空听听",
            "time": "15-11-16 10:50"
        },
        {
            "comment id": 23,
            "parent": -1,
            "children": [],
            "user id": "5754556060",
            "user name": "Mp暴风雨",
            "content": "视频的主角是睡",
            "time": "15-11-16 10:47"
        },
        {
            "comment id": 24,
            "parent": -1,
            "children": [],
            "user id": "5167613819",
            "user name": "da板栗",
            "content": "@歇心mercy",
            "time": "15-11-16 10:42"
        },
        {
            "comment id": 25,
            "parent": -1,
            "children": [],
            "user id": "80564734",
            "user name": "highway56007",
            "content": "已存。这首歌入选我的婚礼BGM啦。",
            "time": "15-11-16 10:31"
        },
        {
            "comment id": 26,
            "parent": -1,
            "children": [],
            "user id": "1840284214",
            "user name": "海之远",
            "content": "@饕餮BenS",
            "time": "15-11-16 10:16"
        },
        {
            "comment id": 27,
            "parent": -1,
            "children": [],
            "user id": "2071158423",
            "user name": "苏苏926",
            "content": "好听！",
            "time": "15-11-16 10:12"
        },
        {
            "comment id": 28,
            "parent": -1,
            "children": [],
            "user id": "1836881693",
            "user name": "Venim",
            "content": "@我的印象笔记",
            "time": "15-11-16 10:08"
        },
        {
            "comment id": 29,
            "parent": -1,
            "children": [],
            "user id": "5580674872",
            "user name": "她就在远方",
            "content": "@白马公主酱 感谢我吧，阿门",
            "time": "15-11-16 10:05"
        },
        {
            "comment id": 30,
            "parent": -1,
            "children": [],
            "user id": "1834023641",
            "user name": "呆萌的羊",
            "content": "@拼命苏打",
            "time": "15-11-16 10:03"
        },
        {
            "comment id": 31,
            "parent": -1,
            "children": [],
            "user id": "3839275511",
            "user name": "言午爽同学",
            "content": "@Heyyeyeyey_ 好听",
            "time": "15-11-16 09:59"
        },
        {
            "comment id": 32,
            "parent": -1,
            "children": [],
            "user id": "5660491395",
            "user name": "鑫循环官微",
            "content": "不错",
            "time": "15-11-16 09:57"
        },
        {
            "comment id": 33,
            "parent": -1,
            "children": [],
            "user id": "1828040897",
            "user name": "清晨微笑的向日葵",
            "content": "真好听",
            "time": "15-11-16 09:56"
        },
        {
            "comment id": 34,
            "parent": -1,
            "children": [],
            "user id": "1950945097",
            "user name": "春天de心情",
            "content": "I will",
            "time": "15-11-16 09:55"
        },
        {
            "comment id": 35,
            "parent": -1,
            "children": [],
            "user id": "1982013077",
            "user name": "和彩印",
            "content": "婚礼现场，等的就是你说的这句话：“I will！” 终于修成正果",
            "time": "15-11-16 09:45"
        },
        {
            "comment id": 36,
            "parent": -1,
            "children": [],
            "user id": "2099942395",
            "user name": "孔寅Alex",
            "content": "say again",
            "time": "15-11-16 09:44"
        },
        {
            "comment id": 37,
            "parent": -1,
            "children": [],
            "user id": "3492113992",
            "user name": "璐呀Lu",
            "content": "say you will@奇门h",
            "time": "15-11-16 09:42"
        },
        {
            "comment id": 38,
            "parent": -1,
            "children": [],
            "user id": "1928825075",
            "user name": "Mngata糕",
            "content": "设置铃声",
            "time": "15-11-16 09:41"
        },
        {
            "comment id": 39,
            "parent": -1,
            "children": [],
            "user id": "3942390116",
            "user name": "拍威海的老爷爷",
            "content": "收藏了",
            "time": "15-11-16 09:40"
        },
        {
            "comment id": 40,
            "parent": -1,
            "children": [],
            "user id": "1838112251",
            "user name": "静儿是猫儿",
            "content": "不错@勋仔乐园",
            "time": "15-11-16 09:39"
        },
        {
            "comment id": 41,
            "parent": -1,
            "children": [],
            "user id": "2683465072",
            "user name": "被嫌弃的葉小喵",
            "content": "@庄小汪_面包先森简单些",
            "time": "15-11-16 09:39"
        },
        {
            "comment id": 42,
            "parent": -1,
            "children": [],
            "user id": "3808327555",
            "user name": "奇事儿趣事儿",
            "content": "好听~",
            "time": "15-11-16 09:37"
        },
        {
            "comment id": 43,
            "parent": -1,
            "children": [],
            "user id": "2329808807",
            "user name": "冯我的未来",
            "content": "好听",
            "time": "15-11-16 09:35"
        }
    ]
}