{
    "source": {
        "content": "#从天儿降定档1204#1个外星萌宝，4个鲜爸辣妈，到底谁是亲生的？这五口之家日子简直没法儿过了！电影#从天儿降#还爆料了一位超级耍大牌男艺人？他是谁？12月4日，举他上映，萌萌哒~@魏楠先生 @神父導演 @陈学冬 张艺兴@努力努力再努力x @姜雯Coco @李小璐Super璐 电影《从天儿降》“帅霸天驾到”特辑 ",
        "time": "15-11-16 10:00",
        "user id": "1642591402",
        "tweet id": "D45v0qrWk",
        "label": 0,
        "theme": "文体娱乐"
    },
    "comment": [
        {
            "comment id": 0,
            "parent": -1,
            "children": [],
            "user id": "3972299400",
            "user name": "曾煮炒煎炖",
            "content": "@MeetUBonny 小宝好可爱",
            "time": "15-12-14 14:14"
        },
        {
            "comment id": 1,
            "parent": -1,
            "children": [],
            "user id": "3174572390",
            "user name": "Sandyluhan",
            "content": "回复@舞雨沐璇:哎呀，真的太可爱了！",
            "time": "15-12-12 21:34"
        },
        {
            "comment id": 2,
            "parent": -1,
            "children": [],
            "user id": "1799300721",
            "user name": "犹记一滴淡墨",
            "content": "回复@舞雨沐璇:",
            "time": "15-12-12 18:06"
        },
        {
            "comment id": 3,
            "parent": -1,
            "children": [],
            "user id": "3062659972",
            "user name": "舞雨沐璇",
            "content": "一直睡@Sandyluhan @无痕影难绘 @犹记一滴淡墨 @penfty",
            "time": "15-12-12 15:47"
        },
        {
            "comment id": 4,
            "parent": -1,
            "children": [],
            "user id": "1805601035",
            "user name": "Spoiled-little-girl",
            "content": "@队长Monica",
            "time": "15-12-8 09:23"
        },
        {
            "comment id": 5,
            "parent": -1,
            "children": [],
            "user id": "5078663563",
            "user name": "edc的外星伴侣",
            "content": "@Eier傲娇又可爱 小宝宝好可爱，还有黄宗泽的奶爸当家里的宝宝也超可爱的[许愿]",
            "time": "15-12-7 19:42"
        },
        {
            "comment id": 6,
            "parent": -1,
            "children": [],
            "user id": "2563530914",
            "user name": "怕长大的老阿姨",
            "content": "@SqbSHIQIBIN @非同fan想 好萌",
            "time": "15-12-6 20:09"
        },
        {
            "comment id": 7,
            "parent": -1,
            "children": [],
            "user id": "1805601035",
            "user name": "Spoiled-little-girl",
            "content": "太可爱了啊啊啊@放荡不羁的长袜子",
            "time": "15-12-6 17:51"
        },
        {
            "comment id": 8,
            "parent": -1,
            "children": [],
            "user id": "2879047524",
            "user name": "花不啦叽rosily",
            "content": "回复@西瓜下草莓:不过我觉得过两天我就忍不住看抢先版了",
            "time": "15-12-5 00:06"
        },
        {
            "comment id": 9,
            "parent": -1,
            "children": [],
            "user id": "2815225032",
            "user name": "还是爱草莓",
            "content": "回复@花不啦叽Rosily:可以去扬州看～～",
            "time": "15-12-4 23:57"
        },
        {
            "comment id": 10,
            "parent": -1,
            "children": [],
            "user id": "2879047524",
            "user name": "花不啦叽rosily",
            "content": "@西瓜下草莓 陪我看",
            "time": "15-12-4 21:13"
        },
        {
            "comment id": 11,
            "parent": -1,
            "children": [],
            "user id": "3292322771",
            "user name": "耶屎耶",
            "content": "回复@陳虫世木_:像宝贝计划里面的小孩",
            "time": "15-11-29 11:10"
        },
        {
            "comment id": 12,
            "parent": -1,
            "children": [],
            "user id": "2508219013",
            "user name": "CIrIsdy",
            "content": "@耶屎耶 可爱死啦",
            "time": "15-11-29 09:16"
        },
        {
            "comment id": 13,
            "parent": -1,
            "children": [],
            "user id": "5162908806",
            "user name": "xcxcklhc",
            "content": "等等这部电影好像成龙演的宝贝计划！！而且宝宝也长的很像！！",
            "time": "15-11-28 19:49"
        },
        {
            "comment id": 14,
            "parent": -1,
            "children": [],
            "user id": "3393767984",
            "user name": "奔向无尽之夏",
            "content": "给他打b-box他就不哭",
            "time": "15-11-24 20:04"
        },
        {
            "comment id": 15,
            "parent": -1,
            "children": [],
            "user id": "1439385370",
            "user name": "西班牙流浪画家",
            "content": "秋裤男神#陈学冬从天儿降#",
            "time": "15-11-23 20:53"
        },
        {
            "comment id": 16,
            "parent": -1,
            "children": [],
            "user id": "2789357297",
            "user name": "康康m_m",
            "content": "回复@喂-晨光下清新的小鹿:",
            "time": "15-11-23 20:25"
        },
        {
            "comment id": 17,
            "parent": -1,
            "children": [],
            "user id": "3225331125",
            "user name": "MaliMali-O",
            "content": "回复@LLLLL_文馨__:我造！有张艺兴！我一定要看",
            "time": "15-11-23 08:02"
        },
        {
            "comment id": 18,
            "parent": -1,
            "children": [],
            "user id": "2924014557",
            "user name": "Pineappleepp",
            "content": "@陈逗一号 @MaliMali-O",
            "time": "15-11-23 07:40"
        },
        {
            "comment id": 19,
            "parent": -1,
            "children": [],
            "user id": "3977456928",
            "user name": "EasonYuri",
            "content": "@_Paranoid偏执狂 打完针去看",
            "time": "15-11-22 19:42"
        },
        {
            "comment id": 20,
            "parent": -1,
            "children": [],
            "user id": "3227135923",
            "user name": "Vv笑颜er",
            "content": "@康康m_m 小孩好可爱😁😁😁",
            "time": "15-11-22 19:30"
        },
        {
            "comment id": 21,
            "parent": -1,
            "children": [],
            "user id": "2907435107",
            "user name": "我们这般",
            "content": "回复@林东尼TONY:嗯嗯，很好看的样子",
            "time": "15-11-22 17:40"
        },
        {
            "comment id": 22,
            "parent": -1,
            "children": [],
            "user id": "5495613149",
            "user name": "CHEN_纸掉进_HUN",
            "content": "回复@L_HunHan:混血宝宝吧可是哪国混血啊",
            "time": "15-11-22 15:50"
        },
        {
            "comment id": 23,
            "parent": -1,
            "children": [],
            "user id": "3179300810",
            "user name": "誒呀僅售半糖云",
            "content": "真的炒鸡阔爱我要去看！@CHEN_纸掉进_HUN",
            "time": "15-11-22 15:39"
        },
        {
            "comment id": 24,
            "parent": -1,
            "children": [],
            "user id": "2862597604",
            "user name": "帅帅是帅帅的女生",
            "content": "@mollyjing 萌化了",
            "time": "15-11-22 14:48"
        },
        {
            "comment id": 25,
            "parent": -1,
            "children": [],
            "user id": "1886646011",
            "user name": "柯林-LMT",
            "content": "这小孩萌化了 突然想到 宝贝计划 那混血到时候约起来去看@一直瘦不下来的胖子张 @王大程94 @宝贝zhangy @解语花X @王大程94",
            "time": "15-11-22 14:43"
        },
        {
            "comment id": 26,
            "parent": -1,
            "children": [],
            "user id": "1440608623",
            "user name": "天赐优雅美",
            "content": "哎呦喂~~~",
            "time": "15-11-22 13:12"
        },
        {
            "comment id": 27,
            "parent": -1,
            "children": [],
            "user id": "2738477404",
            "user name": "Cestbon_怡鹏",
            "content": "回复@YUEBAB:去看吧",
            "time": "15-11-22 12:42"
        },
        {
            "comment id": 28,
            "parent": -1,
            "children": [],
            "user id": "3365851584",
            "user name": "杂烩乱炖",
            "content": "@醬當醬",
            "time": "15-11-22 08:48"
        },
        {
            "comment id": 29,
            "parent": -1,
            "children": [],
            "user id": "5327253948",
            "user name": "菜烧粉本人",
            "content": "回复@啦啦啦啦啦啦徐:我看过！！那部超好看！",
            "time": "15-11-21 21:29"
        },
        {
            "comment id": 30,
            "parent": -1,
            "children": [],
            "user id": "5454360415",
            "user name": "Egretlu",
            "content": "@吴亦凡的鼻毛不见了",
            "time": "15-11-21 21:10"
        },
        {
            "comment id": 31,
            "parent": -1,
            "children": [],
            "user id": "5068537936",
            "user name": "我想吃瓜_",
            "content": "回复@Niel北鼻的小弟李成烈男票:不知道你看过我的宝贝没有张根硕演得和这小孩好像！！！不过那小孩现在挺大的了",
            "time": "15-11-21 15:29"
        },
        {
            "comment id": 32,
            "parent": -1,
            "children": [],
            "user id": "2267538544",
            "user name": "致人间的爱_",
            "content": "@小白catherine-",
            "time": "15-11-21 11:57"
        },
        {
            "comment id": 33,
            "parent": -1,
            "children": [],
            "user id": "3985386942",
            "user name": "叶清让_",
            "content": "wuli艺兴第一次照顾小孩   早点学习一下",
            "time": "15-11-21 11:21"
        },
        {
            "comment id": 34,
            "parent": -1,
            "children": [],
            "user id": "5710994646",
            "user name": "泽丁x",
            "content": "#从天儿降张艺兴#1204约约约！",
            "time": "15-11-21 10:38"
        },
        {
            "comment id": 35,
            "parent": -1,
            "children": [],
            "user id": "5209556099",
            "user name": "糖躁躁",
            "content": "@Exo呱呱叫 啊哈哈哈感觉小艺兴的父爱爆棚！！！",
            "time": "15-11-20 23:23"
        },
        {
            "comment id": 36,
            "parent": -1,
            "children": [],
            "user id": "2133085171",
            "user name": "Snooooowy",
            "content": "好萌",
            "time": "15-11-20 21:11"
        },
        {
            "comment id": 37,
            "parent": -1,
            "children": [],
            "user id": "5715419757",
            "user name": "长沙切糕小王子",
            "content": "//@OnLay张艺兴姐姐站: #从天儿降张艺兴# #张艺兴# 1204我们电影院",
            "time": "15-11-20 20:43"
        },
        {
            "comment id": 38,
            "parent": -1,
            "children": [],
            "user id": "5542467391",
            "user name": "长眠不起Ya",
            "content": "小孩好幸福",
            "time": "15-11-20 20:06"
        },
        {
            "comment id": 39,
            "parent": -1,
            "children": [],
            "user id": "5428547935",
            "user name": "遗漏naive",
            "content": "我冬可赞",
            "time": "15-11-20 19:20"
        },
        {
            "comment id": 40,
            "parent": -1,
            "children": [],
            "user id": "3054366434",
            "user name": "i小白糖",
            "content": "帅霸天驾到了 #从天儿降张艺兴# #从天儿降定档1204#",
            "time": "15-11-20 18:18"
        },
        {
            "comment id": 41,
            "parent": -1,
            "children": [],
            "user id": "1940287064",
            "user name": "兴兴的眼睛_有星星",
            "content": "#张艺兴从天儿降# 12月4日，影院见～",
            "time": "15-11-20 16:57"
        },
        {
            "comment id": 42,
            "parent": -1,
            "children": [],
            "user id": "1793985517",
            "user name": "海绵BoBo__",
            "content": "爱上了",
            "time": "15-11-20 16:57"
        },
        {
            "comment id": 43,
            "parent": -1,
            "children": [],
            "user id": "3721635270",
            "user name": "石上菖蒲",
            "content": "回复@空泠地丁:我和室友去看",
            "time": "15-11-20 16:28"
        },
        {
            "comment id": 44,
            "parent": -1,
            "children": [],
            "user id": "3538969862",
            "user name": "不二佳哟",
            "content": "哇塞加油 ",
            "time": "15-11-20 15:01"
        },
        {
            "comment id": 45,
            "parent": -1,
            "children": [],
            "user id": "2610558813",
            "user name": "努力的xSuper贾贾Carrie",
            "content": "#张艺兴# #陈学冬#",
            "time": "15-11-19 23:35"
        },
        {
            "comment id": 46,
            "parent": -1,
            "children": [],
            "user id": "2149858534",
            "user name": "都是对不起",
            "content": "12.4号我生日",
            "time": "15-11-19 10:33"
        },
        {
            "comment id": 47,
            "parent": -1,
            "children": [],
            "user id": "3093135601",
            "user name": "岩大大",
            "content": "@张艺兴工作室 @lovoveyyy",
            "time": "15-11-19 00:41"
        },
        {
            "comment id": 48,
            "parent": -1,
            "children": [],
            "user id": "3810925938",
            "user name": "LiLiHtay",
            "content": "12月4号我要去看首映",
            "time": "15-11-18 23:33"
        },
        {
            "comment id": 49,
            "parent": -1,
            "children": [],
            "user id": "2596567601",
            "user name": "七七成七",
            "content": "@GDnTOP 孩子太可爱",
            "time": "15-11-18 22:23"
        },
        {
            "comment id": 50,
            "parent": -1,
            "children": [],
            "user id": "5722975651",
            "user name": "兴路坦荡心相随唯兴",
            "content": "从天儿降#从天儿降张艺兴#.#从天儿降定档1204#看天上来宾之萌娃怎样和都市美男靓女度过开心快乐每一天[微笑]👏👏👏👏",
            "time": "15-11-18 20:28"
        },
        {
            "comment id": 51,
            "parent": -1,
            "children": [],
            "user id": "5614462950",
            "user name": "莲莲甜甜黏黏",
            "content": "",
            "time": "15-11-18 19:21"
        },
        {
            "comment id": 52,
            "parent": -1,
            "children": [],
            "user id": "5614462950",
            "user name": "莲莲甜甜黏黏",
            "content": "#张艺兴老九门#从天儿降",
            "time": "15-11-18 19:20"
        },
        {
            "comment id": 53,
            "parent": -1,
            "children": [],
            "user id": "5483589308",
            "user name": "追兔永动机",
            "content": "@李婧木子i",
            "time": "15-11-18 18:24"
        },
        {
            "comment id": 54,
            "parent": -1,
            "children": [],
            "user id": "3512841327",
            "user name": "汤米米米米啊",
            "content": "回复@goodbyebiubiubiu:你你你也是够了。。还追星。。",
            "time": "15-11-18 18:20"
        },
        {
            "comment id": 55,
            "parent": -1,
            "children": [],
            "user id": "5724206476",
            "user name": "任我洁",
            "content": "最萌宝宝选拔，现在就可以报名~千元大奖等你拿~",
            "time": "15-11-18 17:47"
        },
        {
            "comment id": 56,
            "parent": -1,
            "children": [],
            "user id": "5724206476",
            "user name": "任我洁",
            "content": "最萌宝宝报名开始啦，千元大奖等你拿~",
            "time": "15-11-18 17:46"
        },
        {
            "comment id": 57,
            "parent": -1,
            "children": [],
            "user id": "1897750631",
            "user name": "hannah_菜菜",
            "content": "期待",
            "time": "15-11-18 16:51"
        },
        {
            "comment id": 58,
            "parent": -1,
            "children": [],
            "user id": "3597686651",
            "user name": "初夏和你-",
            "content": "约！@小柚子是个好菇凉",
            "time": "15-11-18 14:54"
        },
        {
            "comment id": 59,
            "parent": -1,
            "children": [],
            "user id": "5744487439",
            "user name": "最美不是_下雨天_",
            "content": "约约约1204",
            "time": "15-11-18 14:40"
        },
        {
            "comment id": 60,
            "parent": -1,
            "children": [],
            "user id": "3706171215",
            "user name": "ZYX努力努力再努力x",
            "content": "期待十二月四号 ",
            "time": "15-11-18 12:46"
        },
        {
            "comment id": 61,
            "parent": -1,
            "children": [],
            "user id": "3587264207",
            "user name": "墨绿红松",
            "content": "",
            "time": "15-11-18 10:50"
        },
        {
            "comment id": 62,
            "parent": -1,
            "children": [],
            "user id": "1909422111",
            "user name": "摇摆的正弦曲线",
            "content": "1204约起",
            "time": "15-11-18 10:13"
        },
        {
            "comment id": 63,
            "parent": -1,
            "children": [],
            "user id": "1690413792",
            "user name": "耀耀不闹-",
            "content": "@一只奇怪的国芷涵-",
            "time": "15-11-18 09:02"
        },
        {
            "comment id": 64,
            "parent": -1,
            "children": [],
            "user id": "1439385370",
            "user name": "西班牙流浪画家",
            "content": "#陈学冬从天儿降#",
            "time": "15-11-18 07:54"
        },
        {
            "comment id": 65,
            "parent": -1,
            "children": [],
            "user id": "5713347692",
            "user name": "卡卡_xback",
            "content": "#从天儿降张艺兴# #一个人听张艺兴# 老张老张老张 期待十二月四号 ",
            "time": "15-11-18 01:14"
        },
        {
            "comment id": 66,
            "parent": -1,
            "children": [],
            "user id": "3783901981",
            "user name": "Pig-Lei-11号",
            "content": "期待兴兴",
            "time": "15-11-18 00:36"
        },
        {
            "comment id": 67,
            "parent": -1,
            "children": [],
            "user id": "5264800182",
            "user name": "羊的拐杖和地板",
            "content": "张艺兴！张艺兴！！！",
            "time": "15-11-18 00:12"
        },
        {
            "comment id": 68,
            "parent": -1,
            "children": [],
            "user id": "5572756904",
            "user name": "张大白家的小努力xi",
            "content": "#从天儿降张艺兴# 1204约起来",
            "time": "15-11-18 00:11"
        },
        {
            "comment id": 69,
            "parent": -1,
            "children": [],
            "user id": "5592647425",
            "user name": "改名啦改名拉",
            "content": "@努力努力再努力x #从天儿降张艺兴#",
            "time": "15-11-17 23:51"
        },
        {
            "comment id": 70,
            "parent": -1,
            "children": [],
            "user id": "2027879302",
            "user name": "飘飘飘就飘走了",
            "content": "回复@剪掉红色的头发:约！",
            "time": "15-11-17 23:47"
        },
        {
            "comment id": 71,
            "parent": -1,
            "children": [],
            "user id": "2027879302",
            "user name": "飘飘飘就飘走了",
            "content": "萌死了，宝宝太可爱了。快去看，约起来@紫色瞳孔的忧郁",
            "time": "15-11-17 23:46"
        },
        {
            "comment id": 72,
            "parent": -1,
            "children": [],
            "user id": "1871732562",
            "user name": "YENNY嚮往",
            "content": "支持支持从天儿降 #从天儿降张艺兴# #从天儿降定档1204# #张艺兴# 青春快乐",
            "time": "15-11-17 23:11"
        },
        {
            "comment id": 73,
            "parent": -1,
            "children": [],
            "user id": "5121766654",
            "user name": "腼腆滴小西瓜",
            "content": "期待期待！艺兴萌死啦！",
            "time": "15-11-17 23:03"
        },
        {
            "comment id": 74,
            "parent": -1,
            "children": [],
            "user id": "2793375752",
            "user name": "Xback_Yan",
            "content": "只为张艺兴",
            "time": "15-11-17 22:55"
        },
        {
            "comment id": 75,
            "parent": -1,
            "children": [],
            "user id": "1980000931",
            "user name": "叮咕噜咕噜呛",
            "content": "太萌了...",
            "time": "15-11-17 22:44"
        },
        {
            "comment id": 76,
            "parent": -1,
            "children": [],
            "user id": "5623380684",
            "user name": "吉瑜actions",
            "content": "艺兴棒棒哒",
            "time": "15-11-17 22:31"
        },
        {
            "comment id": 77,
            "parent": -1,
            "children": [],
            "user id": "5623380684",
            "user name": "吉瑜actions",
            "content": "帅霸天耍大牌😂😂😂",
            "time": "15-11-17 22:31"
        },
        {
            "comment id": 78,
            "parent": -1,
            "children": [],
            "user id": "3655883255",
            "user name": "Blue_Wallet_",
            "content": "#从天而降张艺兴# #从天儿降定档1204# 科幻爱情喜剧，12月4号公映@努力努力再努力x [玫瑰][玫瑰][玫瑰]",
            "time": "15-11-17 22:20"
        },
        {
            "comment id": 79,
            "parent": -1,
            "children": [],
            "user id": "5020574340",
            "user name": "Layzjs",
            "content": "今天给我女儿看艺兴抱着小宝跳舞的视频 我女儿尽然指着视频叫爸爸 脸一下子红了 心里乐开花了#张艺兴一个人# #张艺兴老九门# #从天儿降张艺兴# #张艺兴青春快乐##张艺兴#",
            "time": "15-11-17 22:17"
        }
    ]
}