{
    "source": {
        "content": "【喜欢吃面的亲们赶紧收！】26碗特色面条！一天做一样！喜欢吃面的亲们赶紧收！by网络  ",
        "time": "15-11-16 14:30",
        "user id": "1642512402",
        "tweet id": "D47gCagJb",
        "label": 0,
        "theme": "科技"
    },
    "comment": [
        {
            "comment id": 0,
            "parent": -1,
            "children": [],
            "user id": "3902258805",
            "user name": "盛粉饰-争作妍华",
            "content": "以后做给妈妈吃",
            "time": "15-11-17 10:00"
        },
        {
            "comment id": 1,
            "parent": -1,
            "children": [],
            "user id": "2098156484",
            "user name": "石头猫王",
            "content": "回复@微暖微凉YYY又到风吹PP凉:你能吃哪个",
            "time": "15-11-17 09:19"
        },
        {
            "comment id": 2,
            "parent": -1,
            "children": [],
            "user id": "2772543367",
            "user name": "KirbyPeko",
            "content": "@独爱双马尾_XOX",
            "time": "15-11-16 23:09"
        },
        {
            "comment id": 3,
            "parent": -1,
            "children": [],
            "user id": "3520154415",
            "user name": "嗯哼ahhhh",
            "content": "回复@__孤独比拥抱更真实:爱死你啦！！！",
            "time": "15-11-16 20:38"
        },
        {
            "comment id": 4,
            "parent": -1,
            "children": [],
            "user id": "2672557735",
            "user name": "__孤独比拥抱更真实",
            "content": "@张馨予ahhhhh 吃吧。",
            "time": "15-11-16 20:09"
        },
        {
            "comment id": 5,
            "parent": -1,
            "children": [],
            "user id": "2902462757",
            "user name": "翻阅苍白",
            "content": "口水来了",
            "time": "15-11-16 19:24"
        },
        {
            "comment id": 6,
            "parent": -1,
            "children": [],
            "user id": "5631716936",
            "user name": "·明日复明日·",
            "content": "特别爱吃东北的热面，但是南方连卖这种面条的地方都没有",
            "time": "15-11-16 19:08"
        },
        {
            "comment id": 7,
            "parent": -1,
            "children": [],
            "user id": "1854892395",
            "user name": "结束0",
            "content": "喜欢吃面",
            "time": "15-11-16 19:02"
        },
        {
            "comment id": 8,
            "parent": -1,
            "children": [],
            "user id": "3159184190",
            "user name": "三金大人233",
            "content": "@韩香大人123",
            "time": "15-11-16 18:37"
        },
        {
            "comment id": 9,
            "parent": -1,
            "children": [],
            "user id": "5552167889",
            "user name": "小小小修研",
            "content": "😍",
            "time": "15-11-16 18:36"
        },
        {
            "comment id": 10,
            "parent": -1,
            "children": [],
            "user id": "1618853992",
            "user name": "小红衫",
            "content": "收了",
            "time": "15-11-16 18:16"
        },
        {
            "comment id": 11,
            "parent": -1,
            "children": [],
            "user id": "3669662224",
            "user name": "今天也吃的亭好",
            "content": "@ME--ZJ 我要吃",
            "time": "15-11-16 17:45"
        },
        {
            "comment id": 12,
            "parent": -1,
            "children": [],
            "user id": "2445068511",
            "user name": "叫我卉姐呀",
            "content": "回复@请叫我菊长萨玛:晚上可以这样，中午还是要吃饭的～还有，我终于吃上我妈做的海鲜面了",
            "time": "15-11-16 17:37"
        },
        {
            "comment id": 13,
            "parent": -1,
            "children": [],
            "user id": "3253509662",
            "user name": "销号请删",
            "content": "回复@张卉杰姐姐姐姐:宝宝吃草吃土不吃面！",
            "time": "15-11-16 17:35"
        },
        {
            "comment id": 14,
            "parent": -1,
            "children": [],
            "user id": "2445068511",
            "user name": "叫我卉姐呀",
            "content": "回复@请叫我菊长萨玛:想吃？",
            "time": "15-11-16 17:34"
        },
        {
            "comment id": 15,
            "parent": -1,
            "children": [],
            "user id": "3255260350",
            "user name": "吃货小李子LM",
            "content": "好想吃",
            "time": "15-11-16 17:10"
        },
        {
            "comment id": 16,
            "parent": -1,
            "children": [],
            "user id": "2283926505",
            "user name": "蝴蝶效应F",
            "content": "回复@痛经少女C:你饿不饿，我下面给你吃。",
            "time": "15-11-16 16:54"
        },
        {
            "comment id": 17,
            "parent": -1,
            "children": [],
            "user id": "3054636107",
            "user name": "吸阳膝下断肠人在舔呀",
            "content": "没有襄阳牛肉面 差评",
            "time": "15-11-16 16:44"
        },
        {
            "comment id": 18,
            "parent": -1,
            "children": [],
            "user id": "1118100160",
            "user name": "独立启航",
            "content": "一直咽口水",
            "time": "15-11-16 16:30"
        },
        {
            "comment id": 19,
            "parent": -1,
            "children": [],
            "user id": "3901051465",
            "user name": "痛经少女C",
            "content": "@蝴蝶效应F",
            "time": "15-11-16 16:28"
        },
        {
            "comment id": 20,
            "parent": -1,
            "children": [],
            "user id": "2490338293",
            "user name": "九尾老板来笼汤包",
            "content": "就差一个可以说：“你饿不饿，我煮碗面给你吃”的人了",
            "time": "15-11-16 16:27"
        },
        {
            "comment id": 21,
            "parent": -1,
            "children": [],
            "user id": "1271685013",
            "user name": "烟火郑州君",
            "content": "收，做给闺女",
            "time": "15-11-16 16:07"
        },
        {
            "comment id": 22,
            "parent": -1,
            "children": [],
            "user id": "3262212687",
            "user name": "四一日青",
            "content": "学起来@会弹琴但是不牛掰",
            "time": "15-11-16 16:05"
        },
        {
            "comment id": 23,
            "parent": -1,
            "children": [],
            "user id": "1864179064",
            "user name": "美嘉酱超迷信",
            "content": "@刘小允lxy",
            "time": "15-11-16 16:01"
        },
        {
            "comment id": 24,
            "parent": -1,
            "children": [],
            "user id": "5577277453",
            "user name": "傻猫观世界",
            "content": "好诱人啊！",
            "time": "15-11-16 15:46"
        },
        {
            "comment id": 25,
            "parent": -1,
            "children": [],
            "user id": "3253509662",
            "user name": "销号请删",
            "content": "@张卉杰姐姐姐姐",
            "time": "15-11-16 15:43"
        },
        {
            "comment id": 26,
            "parent": -1,
            "children": [],
            "user id": "3893215748",
            "user name": "大家一起听微观",
            "content": "@河南宋妮儿",
            "time": "15-11-16 15:42"
        },
        {
            "comment id": 27,
            "parent": -1,
            "children": [],
            "user id": "2473631484",
            "user name": "小熊的帅帅",
            "content": "我喜欢，我收藏",
            "time": "15-11-16 15:41"
        },
        {
            "comment id": 28,
            "parent": -1,
            "children": [],
            "user id": "5545997639",
            "user name": "今天也要摸鱼_",
            "content": "@无碳糖",
            "time": "15-11-16 15:38"
        },
        {
            "comment id": 29,
            "parent": -1,
            "children": [],
            "user id": "1257512551",
            "user name": "许耿多",
            "content": "回复@耿许多:按！我就会煮面！",
            "time": "15-11-16 15:34"
        },
        {
            "comment id": 30,
            "parent": -1,
            "children": [],
            "user id": "2979197884",
            "user name": "candylifey",
            "content": "做呗",
            "time": "15-11-16 15:31"
        },
        {
            "comment id": 31,
            "parent": -1,
            "children": [],
            "user id": "5505521727",
            "user name": "卓锦万代官微",
            "content": "",
            "time": "15-11-16 15:30"
        },
        {
            "comment id": 32,
            "parent": -1,
            "children": [],
            "user id": "2274737762",
            "user name": "SASLTN",
            "content": "收藏了也不会做",
            "time": "15-11-16 15:23"
        },
        {
            "comment id": 33,
            "parent": -1,
            "children": [],
            "user id": "2134577123",
            "user name": "耿许多",
            "content": "@许耿多 你的拿手饭！",
            "time": "15-11-16 15:16"
        },
        {
            "comment id": 34,
            "parent": -1,
            "children": [],
            "user id": "2625704705",
            "user name": "微暖微凉减肥在路上",
            "content": "@石头猫王",
            "time": "15-11-16 15:13"
        },
        {
            "comment id": 35,
            "parent": -1,
            "children": [],
            "user id": "1673451075",
            "user name": "厂家直销品牌手表",
            "content": "炸酱面好吃",
            "time": "15-11-16 15:02"
        },
        {
            "comment id": 36,
            "parent": -1,
            "children": [],
            "user id": "2152018440",
            "user name": "新行-续力",
            "content": "还是老喜欢吃吃面了~",
            "time": "15-11-16 14:55"
        },
        {
            "comment id": 37,
            "parent": -1,
            "children": [],
            "user id": "2613422037",
            "user name": "Miss_呢",
            "content": "@群众当中有坏人",
            "time": "15-11-16 14:55"
        },
        {
            "comment id": 38,
            "parent": -1,
            "children": [],
            "user id": "5715299346",
            "user name": "阮南烛2021",
            "content": "收了吧",
            "time": "15-11-16 14:54"
        },
        {
            "comment id": 39,
            "parent": -1,
            "children": [],
            "user id": "1670333840",
            "user name": "愤怒家粉丝专业",
            "content": "@歪妮儿 快学习！",
            "time": "15-11-16 14:53"
        },
        {
            "comment id": 40,
            "parent": -1,
            "children": [],
            "user id": "2107803093",
            "user name": "Lv你就是我存在的意义",
            "content": "@LvLovePanda",
            "time": "15-11-16 14:51"
        },
        {
            "comment id": 41,
            "parent": -1,
            "children": [],
            "user id": "1330712527",
            "user name": "太原的狼",
            "content": "您这基本都是南方的面，想吃面来山西吧，图上的不真实",
            "time": "15-11-16 14:48"
        },
        {
            "comment id": 42,
            "parent": -1,
            "children": [],
            "user id": "5050849030",
            "user name": "石家庄矿区检察院",
            "content": "转发微博",
            "time": "15-11-16 14:48"
        },
        {
            "comment id": 43,
            "parent": -1,
            "children": [],
            "user id": "2193781722",
            "user name": "焱焱焱妃-",
            "content": "@暂时不慌取 @哆啦A谨- @YMM米",
            "time": "15-11-16 14:46"
        },
        {
            "comment id": 44,
            "parent": -1,
            "children": [],
            "user id": "5098530718",
            "user name": "神乐小吃货",
            "content": "好好吃次的样子，以后我要每样都做一遍",
            "time": "15-11-16 14:43"
        },
        {
            "comment id": 45,
            "parent": -1,
            "children": [],
            "user id": "5504753809",
            "user name": "今天wei笑了吗",
            "content": "只会吃怎么办",
            "time": "15-11-16 14:34"
        },
        {
            "comment id": 46,
            "parent": -1,
            "children": [],
            "user id": "5379230583",
            "user name": "光招农民工银行行长錢龖",
            "content": "看的我直流口水呀！",
            "time": "15-11-16 14:32"
        }
    ]
}