{
    "source": {
        "content": "主银买了盒章鱼小丸子回家吃，家里的喵星人都跑过来围观了，感觉压力好大喔。。。 ",
        "time": "15-11-16 15:41",
        "user id": "1660612723",
        "tweet id": "D47Jqr6kF",
        "label": 0,
        "theme": "文体娱乐"
    },
    "comment": [
        {
            "comment id": 0,
            "parent": -1,
            "children": [],
            "user id": "1700193991",
            "user name": "rabbit潘楚杰",
            "content": "回覆@Sirry喵愿无岁月可回头:不不不 我和他一样机智！",
            "time": "15-11-20 19:21"
        },
        {
            "comment id": 1,
            "parent": -1,
            "children": [],
            "user id": "1843158321",
            "user name": "Sirry喵愿无岁月可回头",
            "content": "回复@夕颜rabbit潘楚杰:你是鲁迅吗",
            "time": "15-11-20 19:06"
        },
        {
            "comment id": 2,
            "parent": -1,
            "children": [],
            "user id": "1700193991",
            "user name": "rabbit潘楚杰",
            "content": "回覆@Sirry喵愿无岁月可回头:肥喵是这个世界最贪吃的生物——鲁迅。",
            "time": "15-11-20 18:53"
        },
        {
            "comment id": 3,
            "parent": -1,
            "children": [],
            "user id": "1843158321",
            "user name": "Sirry喵愿无岁月可回头",
            "content": "@夕颜rabbit潘楚杰",
            "time": "15-11-20 09:52"
        },
        {
            "comment id": 4,
            "parent": -1,
            "children": [],
            "user id": "3115964341",
            "user name": "一VII一",
            "content": "@小吕家相公",
            "time": "15-11-20 02:00"
        },
        {
            "comment id": 5,
            "parent": -1,
            "children": [],
            "user id": "1935710491",
            "user name": "芝士咸鱼lesliex",
            "content": "@曲末了好好",
            "time": "15-11-20 00:31"
        },
        {
            "comment id": 6,
            "parent": -1,
            "children": [],
            "user id": "1937943370",
            "user name": "Bierhefe_Min",
            "content": "回复@猫纸-Roxanne:说的就是你。。。",
            "time": "15-11-19 22:48"
        },
        {
            "comment id": 7,
            "parent": -1,
            "children": [],
            "user id": "3913459215",
            "user name": "养基",
            "content": "愚蠢的人类，你不想混了？",
            "time": "15-11-19 19:08"
        },
        {
            "comment id": 8,
            "parent": -1,
            "children": [],
            "user id": "1975470521",
            "user name": "韩大雯要旅行",
            "content": "回复@童童童童童子丸:不给吃",
            "time": "15-11-19 18:22"
        },
        {
            "comment id": 9,
            "parent": -1,
            "children": [],
            "user id": "1728623304",
            "user name": "童童童童童子丸",
            "content": "@韩大雯要旅行 哈哈哈哈",
            "time": "15-11-19 18:21"
        },
        {
            "comment id": 10,
            "parent": -1,
            "children": [],
            "user id": "1751479144",
            "user name": "Yumeno333",
            "content": "回复@Mcw-哦:好想吃！！！！",
            "time": "15-11-19 10:08"
        },
        {
            "comment id": 11,
            "parent": -1,
            "children": [],
            "user id": "1766020745",
            "user name": "Mcw-哦",
            "content": "@Bethany_cy",
            "time": "15-11-19 10:04"
        },
        {
            "comment id": 12,
            "parent": -1,
            "children": [],
            "user id": "1821113460",
            "user name": "2018一路前行",
            "content": "回复@协力和衷_俊:全部杀了",
            "time": "15-11-19 09:30"
        },
        {
            "comment id": 13,
            "parent": -1,
            "children": [],
            "user id": "3665090642",
            "user name": "健康快乐小黄鱼",
            "content": "已经习惯了，脸皮厚的很。",
            "time": "15-11-18 22:45"
        }
    ]
}