{
    "source": {
        "content": "【牛津大学最新研究 ：懒惰是天生的】根据牛津大学相关研究部门的报告显示：人的懒惰行为源自于神经系统中某些区域低效率的连接，而在这种低效率连接的情况下，将使人难以下定行动的决心。所以，如果下次别人说你懒的时候，你可以这样回答：没办法，天生的。牛津大学最新研究 ：懒惰是天生的 ",
        "time": "15-11-16 15:14",
        "user id": "1649173367",
        "tweet id": "D47yt5oPM",
        "label": 0,
        "theme": "教育考试"
    },
    "comment": [
        {
            "comment id": 0,
            "parent": -1,
            "children": [],
            "user id": "2273326690",
            "user name": "磊落bar",
            "content": "回复@非典型思念:“没办法，天生的！”😝",
            "time": "15-11-17 11:45"
        },
        {
            "comment id": 1,
            "parent": -1,
            "children": [],
            "user id": "3958411066",
            "user name": "浮华若梦life",
            "content": "回复@Alpha噜:800米不及格我也可以用走的速度跑三公里的好伐！！！",
            "time": "15-11-16 21:32"
        },
        {
            "comment id": 2,
            "parent": -1,
            "children": [],
            "user id": "3792766375",
            "user name": "Alpha噜",
            "content": "回复@浮华若梦life:跑？你确定是跑？你可是800米都不及格的人啊",
            "time": "15-11-16 21:28"
        },
        {
            "comment id": 3,
            "parent": -1,
            "children": [],
            "user id": "3958411066",
            "user name": "浮华若梦life",
            "content": "回复@Alpha噜:去跑了三公里",
            "time": "15-11-16 21:26"
        },
        {
            "comment id": 4,
            "parent": -1,
            "children": [],
            "user id": "1932069737",
            "user name": "克豆腐脑",
            "content": "",
            "time": "15-11-16 21:11"
        },
        {
            "comment id": 5,
            "parent": -1,
            "children": [],
            "user id": "3792766375",
            "user name": "Alpha噜",
            "content": "啊。。话说你今晚升华了吗@浮华若梦life",
            "time": "15-11-16 20:41"
        },
        {
            "comment id": 6,
            "parent": -1,
            "children": [],
            "user id": "1839733603",
            "user name": "升龙活虎平行空间",
            "content": "我随俺爹。俺爹是真懒",
            "time": "15-11-16 19:11"
        },
        {
            "comment id": 7,
            "parent": -1,
            "children": [],
            "user id": "2010324303",
            "user name": "uncle于",
            "content": "我觉得也是",
            "time": "15-11-16 19:04"
        },
        {
            "comment id": 8,
            "parent": -1,
            "children": [],
            "user id": "2660616113",
            "user name": "小嫦立方子",
            "content": "是不是代表了懒惰的人可以理直气壮的懒惰",
            "time": "15-11-16 18:31"
        },
        {
            "comment id": 9,
            "parent": -1,
            "children": [],
            "user id": "2721085283",
            "user name": "喜欢吃素的虎",
            "content": "懒惰是先天的，改变这个坏习惯就要靠我们后天的努力了！",
            "time": "15-11-16 17:54"
        },
        {
            "comment id": 10,
            "parent": -1,
            "children": [],
            "user id": "1663919013",
            "user name": "喵喵的四月21",
            "content": "",
            "time": "15-11-16 17:35"
        },
        {
            "comment id": 11,
            "parent": -1,
            "children": [],
            "user id": "1796598942",
            "user name": "芃果果",
            "content": "回复@芃槑槑:→_→",
            "time": "15-11-16 17:35"
        },
        {
            "comment id": 12,
            "parent": -1,
            "children": [],
            "user id": "2950203025",
            "user name": "Loogee王潞娟呀",
            "content": "正当理由还行",
            "time": "15-11-16 17:22"
        },
        {
            "comment id": 13,
            "parent": -1,
            "children": [],
            "user id": "1964175812",
            "user name": "芃槑槑",
            "content": "@芃果果 果然是天生的",
            "time": "15-11-16 17:15"
        },
        {
            "comment id": 14,
            "parent": -1,
            "children": [],
            "user id": "1715014187",
            "user name": "马洛卡渔民84",
            "content": "根据牛顿第一定律都知道呀！！！！！！！",
            "time": "15-11-16 17:07"
        },
        {
            "comment id": 15,
            "parent": -1,
            "children": [],
            "user id": "5710268141",
            "user name": "有蒙以水",
            "content": "★借口真tm多懒人迟早自作自受★",
            "time": "15-11-16 17:07"
        },
        {
            "comment id": 16,
            "parent": -1,
            "children": [],
            "user id": "3694596107",
            "user name": "猫爷爷123",
            "content": "嗯，我有绝妙的借口啦！",
            "time": "15-11-16 17:05"
        },
        {
            "comment id": 17,
            "parent": -1,
            "children": [],
            "user id": "2014444791",
            "user name": "欢乐De江哥",
            "content": "@D-QINGG 猪",
            "time": "15-11-16 16:57"
        },
        {
            "comment id": 18,
            "parent": -1,
            "children": [],
            "user id": "3039776490",
            "user name": "邢道黍",
            "content": "邪恶的论调，意思是地位财富乃天生！大家认命",
            "time": "15-11-16 16:55"
        },
        {
            "comment id": 19,
            "parent": -1,
            "children": [],
            "user id": "3934739874",
            "user name": "天涯人478",
            "content": "对于这种事情，我一般懒的找理由。",
            "time": "15-11-16 16:38"
        },
        {
            "comment id": 20,
            "parent": -1,
            "children": [],
            "user id": "2323930760",
            "user name": "l樱花之梦",
            "content": "",
            "time": "15-11-16 16:16"
        },
        {
            "comment id": 21,
            "parent": -1,
            "children": [],
            "user id": "1674078570",
            "user name": "港城映像",
            "content": "我真是懒得回答",
            "time": "15-11-16 16:14"
        },
        {
            "comment id": 22,
            "parent": -1,
            "children": [],
            "user id": "3052309897",
            "user name": "記憶哋歭續",
            "content": "曾看到过：推动科学技术的发展的动力是人性的懒惰；挺认同这样的观点的",
            "time": "15-11-16 15:59"
        },
        {
            "comment id": 23,
            "parent": -1,
            "children": [],
            "user id": "5713760543",
            "user name": "国民女神雪侯鸟",
            "content": "",
            "time": "15-11-16 15:56"
        },
        {
            "comment id": 24,
            "parent": -1,
            "children": [],
            "user id": "5097615365",
            "user name": "每天都要虎虎的",
            "content": "回复@树袋小熊0:没办法，天生的，你养我哈",
            "time": "15-11-16 15:48"
        },
        {
            "comment id": 25,
            "parent": -1,
            "children": [],
            "user id": "1919139423",
            "user name": "溯流洄游",
            "content": "所以啊，天生的懒惰+后天的教育和反思=拖延，虽然天生懒惰，可是懒惰的时候还是会心怀愧疚，然后就患上了拖延症",
            "time": "15-11-16 15:47"
        },
        {
            "comment id": 26,
            "parent": -1,
            "children": [],
            "user id": "1410542004",
            "user name": "江南帮主",
            "content": "知道了，懒惰是种神经病。",
            "time": "15-11-16 15:46"
        },
        {
            "comment id": 27,
            "parent": -1,
            "children": [],
            "user id": "1889155870",
            "user name": "_小_吖坚",
            "content": "不劳而获不是所有人类的终极目标吗？",
            "time": "15-11-16 15:44"
        },
        {
            "comment id": 28,
            "parent": -1,
            "children": [],
            "user id": "5287169079",
            "user name": "帕托PATO10",
            "content": "@勿忘昕安byy 你他妈敢这样说，我打死你",
            "time": "15-11-16 15:44"
        },
        {
            "comment id": 29,
            "parent": -1,
            "children": [],
            "user id": "3555012612",
            "user name": "孤单又灿烂的小妹少两颗牙",
            "content": "爸爸妈妈一点也不懒惰，我挺懒的，怎么破",
            "time": "15-11-16 15:43"
        },
        {
            "comment id": 30,
            "parent": -1,
            "children": [],
            "user id": "2425811457",
            "user name": "马甲里的抱抱_xX",
            "content": "而且遗传",
            "time": "15-11-16 15:36"
        },
        {
            "comment id": 31,
            "parent": -1,
            "children": [],
            "user id": "5732446197",
            "user name": "巧克力酱紫酱",
            "content": "",
            "time": "15-11-16 15:36"
        },
        {
            "comment id": 32,
            "parent": -1,
            "children": [],
            "user id": "2971128140",
            "user name": "Dy_Gladys",
            "content": "@梦里尘渊鱼与海丶 没办法 我太懒了",
            "time": "15-11-16 15:35"
        },
        {
            "comment id": 33,
            "parent": -1,
            "children": [],
            "user id": "3256411201",
            "user name": "美频道美发网官网",
            "content": "想查男女朋友开房记录开房同住人吗？加卫星ZZChe911",
            "time": "15-11-16 15:33"
        },
        {
            "comment id": 34,
            "parent": -1,
            "children": [],
            "user id": "5156075787",
            "user name": "烹茶鹤避烟",
            "content": "没办法，娘生的。",
            "time": "15-11-16 15:31"
        },
        {
            "comment id": 35,
            "parent": -1,
            "children": [],
            "user id": "2313291841",
            "user name": "该昵称为啥不可用嘞",
            "content": "这还要研究，这不是常识么？我不仅知道懒惰是天生的，而且还知道勤快的人是克服懒惰的能力相对较强。",
            "time": "15-11-16 15:29"
        },
        {
            "comment id": 36,
            "parent": -1,
            "children": [],
            "user id": "3905070830",
            "user name": "Ly木小木",
            "content": "@我是一棵大白菜哈",
            "time": "15-11-16 15:29"
        },
        {
            "comment id": 37,
            "parent": -1,
            "children": [],
            "user id": "3889619094",
            "user name": "ska_yanyy",
            "content": "回复@魏w佳佳:好看就好 哈哈哈",
            "time": "15-11-16 15:27"
        },
        {
            "comment id": 38,
            "parent": -1,
            "children": [],
            "user id": "2944342702",
            "user name": "-橙可爱-",
            "content": "回复@ska_yanyy:好好看！",
            "time": "15-11-16 15:26"
        },
        {
            "comment id": 39,
            "parent": -1,
            "children": [],
            "user id": "3889619094",
            "user name": "ska_yanyy",
            "content": "回复@魏w佳佳:哈哈看呀！",
            "time": "15-11-16 15:26"
        },
        {
            "comment id": 40,
            "parent": -1,
            "children": [],
            "user id": "2679775995",
            "user name": "钱伯斯的猫",
            "content": "@双谓语",
            "time": "15-11-16 15:26"
        },
        {
            "comment id": 41,
            "parent": -1,
            "children": [],
            "user id": "2997176967",
            "user name": "刘望QQ573450543",
            "content": "@919喜酒网认为懒是受环境影响的。",
            "time": "15-11-16 15:26"
        },
        {
            "comment id": 42,
            "parent": -1,
            "children": [],
            "user id": "2731392101",
            "user name": "秦--奋250",
            "content": "懒惰是天性，这个还用研究？",
            "time": "15-11-16 15:25"
        },
        {
            "comment id": 43,
            "parent": -1,
            "children": [],
            "user id": "2944342702",
            "user name": "-橙可爱-",
            "content": "回复@ska_yanyy:看相扑呢",
            "time": "15-11-16 15:24"
        },
        {
            "comment id": 44,
            "parent": -1,
            "children": [],
            "user id": "3889619094",
            "user name": "ska_yanyy",
            "content": "回复@魏w佳佳:不好好上课 干嘛呢干嘛呢",
            "time": "15-11-16 15:24"
        },
        {
            "comment id": 45,
            "parent": -1,
            "children": [],
            "user id": "2106765633",
            "user name": "墨鱼姑娘",
            "content": "好吧，又有个懒的理由了，噢耶。",
            "time": "15-11-16 15:22"
        },
        {
            "comment id": 46,
            "parent": -1,
            "children": [],
            "user id": "2180750672",
            "user name": "魔幻瑞克",
            "content": "我懒得反驳",
            "time": "15-11-16 15:22"
        },
        {
            "comment id": 47,
            "parent": -1,
            "children": [],
            "user id": "2612941550",
            "user name": "兰德公司独立董事",
            "content": "转发微博",
            "time": "15-11-16 15:21"
        },
        {
            "comment id": 48,
            "parent": -1,
            "children": [],
            "user id": "2273326690",
            "user name": "磊落bar",
            "content": "",
            "time": "15-11-16 15:21"
        },
        {
            "comment id": 49,
            "parent": -1,
            "children": [],
            "user id": "1650711207",
            "user name": "波菜201211",
            "content": "那我就放心了",
            "time": "15-11-16 15:21"
        },
        {
            "comment id": 50,
            "parent": -1,
            "children": [],
            "user id": "2944342702",
            "user name": "-橙可爱-",
            "content": "回复@ska_yanyy:啊呸",
            "time": "15-11-16 15:20"
        },
        {
            "comment id": 51,
            "parent": -1,
            "children": [],
            "user id": "1402596635",
            "user name": "华夏基金",
            "content": "投资是不是也是这个道理，看好，持有，拿住，懒一些，多赚点。",
            "time": "15-11-16 15:20"
        },
        {
            "comment id": 52,
            "parent": -1,
            "children": [],
            "user id": "3889619094",
            "user name": "ska_yanyy",
            "content": "回复@魏w佳佳:靠 我是勤快人",
            "time": "15-11-16 15:20"
        },
        {
            "comment id": 53,
            "parent": -1,
            "children": [],
            "user id": "2944342702",
            "user name": "-橙可爱-",
            "content": "@ska_yanyy 哈哈哈  没办法  天生的",
            "time": "15-11-16 15:18"
        },
        {
            "comment id": 54,
            "parent": -1,
            "children": [],
            "user id": "3509041910",
            "user name": "菩萨明",
            "content": "我是懒人。",
            "time": "15-11-16 15:15"
        },
        {
            "comment id": 55,
            "parent": -1,
            "children": [],
            "user id": "5289779532",
            "user name": "zzzzzzz张sir",
            "content": "@胖凯家小小璐 没办法，天生的",
            "time": "15-11-16 15:15"
        }
    ]
}