{
    "source": {
        "content": "我希望遇到这么一个人对我说“自从遇到你 我就想结婚了” ",
        "time": "15-11-16 16:53",
        "user id": "2703907413",
        "tweet id": "D48cEoq8d",
        "label": 0,
        "theme": "文体娱乐"
    },
    "comment": [
        {
            "comment id": 0,
            "parent": -1,
            "children": [],
            "user id": "5546016554",
            "user name": "丶齐X小短裤",
            "content": "回复@小米是妖精:我想和我的臭屁结婚",
            "time": "15-11-18 02:11"
        },
        {
            "comment id": 1,
            "parent": -1,
            "children": [],
            "user id": "3863751861",
            "user name": "情节说完",
            "content": "@孤友Rock",
            "time": "15-11-17 00:02"
        },
        {
            "comment id": 2,
            "parent": -1,
            "children": [],
            "user id": "5732481833",
            "user name": "爱笨笨的蠢蠢",
            "content": "回复@蠢蠢爱的笨笨:想，慢慢的幸福！",
            "time": "15-11-16 23:45"
        },
        {
            "comment id": 3,
            "parent": -1,
            "children": [],
            "user id": "2392697887",
            "user name": "kid-xin",
            "content": "Disney米奇屋 网页链接",
            "time": "15-11-16 23:29"
        },
        {
            "comment id": 4,
            "parent": -1,
            "children": [],
            "user id": "2404133583",
            "user name": "小小少年之事件簿",
            "content": "我遇到了",
            "time": "15-11-16 20:14"
        },
        {
            "comment id": 5,
            "parent": -1,
            "children": [],
            "user id": "5524454782",
            "user name": "宅辉",
            "content": "然而并没有什么卵用",
            "time": "15-11-16 18:14"
        },
        {
            "comment id": 6,
            "parent": -1,
            "children": [],
            "user id": "5733150908",
            "user name": "蠢蠢爱的笨笨",
            "content": "@笨笨爱的蠢蠢",
            "time": "15-11-16 17:53"
        },
        {
            "comment id": 7,
            "parent": -1,
            "children": [],
            "user id": "5023516498",
            "user name": "Kaitlyn莉",
            "content": "泡妞专用词",
            "time": "15-11-16 17:33"
        },
        {
            "comment id": 8,
            "parent": -1,
            "children": [],
            "user id": "3911057562",
            "user name": "七月木子南羽",
            "content": "👍",
            "time": "15-11-16 17:12"
        },
        {
            "comment id": 9,
            "parent": -1,
            "children": [],
            "user id": "5046951193",
            "user name": "杨小哼1",
            "content": "@允在巴黎转角遇到爱",
            "time": "15-11-16 17:04"
        },
        {
            "comment id": 10,
            "parent": -1,
            "children": [],
            "user id": "5175147495",
            "user name": "小米妖精爱吃草",
            "content": "你呢？@丶齐X小短裙",
            "time": "15-11-16 16:57"
        }
    ]
}