{
    "source": {
        "content": "#G20峰会#【喵星人来了！G20峰会特殊来宾 萌萌哒】G20峰会正在土耳其举行。会议期间，三只萌萌哒的小猫突然闯入戒备森严、领导人云集的主会场。它们肆无忌惮地走来走去，仿佛在自家后花园散步，“视察”完毕后满意离去。英国媒体戏称，三只小猫的风头甚至盖过G20峰会的主角们。网页链接 ",
        "time": "15-11-16 17:16",
        "user id": "2656274875",
        "tweet id": "D48m1lYXT",
        "label": 0,
        "theme": "政治"
    },
    "comment": [
        {
            "comment id": 0,
            "parent": -1,
            "children": [],
            "user id": "1066234237",
            "user name": "maggie双鱼座",
            "content": "回复@无知邹小厨:",
            "time": "15-12-31 21:16"
        },
        {
            "comment id": 1,
            "parent": -1,
            "children": [],
            "user id": "2948441003",
            "user name": "大姚Will",
            "content": "回复@Mr茶叁三:是你们呢喵星派代表去了？",
            "time": "15-12-7 15:12"
        },
        {
            "comment id": 2,
            "parent": -1,
            "children": [],
            "user id": "3914120652",
            "user name": "阿甘_na",
            "content": "回复@依旧expect:",
            "time": "15-11-29 09:32"
        },
        {
            "comment id": 3,
            "parent": -1,
            "children": [],
            "user id": "1617278723",
            "user name": "ShaneseWang",
            "content": "他们是经安检通道进来的吗",
            "time": "15-11-26 07:14"
        },
        {
            "comment id": 4,
            "parent": -1,
            "children": [],
            "user id": "3126720533",
            "user name": "-莫陌沫",
            "content": "还是睡了！又自作多情了一回。",
            "time": "15-11-22 01:51"
        },
        {
            "comment id": 5,
            "parent": -1,
            "children": [],
            "user id": "1905685203",
            "user name": "八一布依",
            "content": "还好不是IS 派来的喵",
            "time": "15-11-20 11:04"
        },
        {
            "comment id": 6,
            "parent": -1,
            "children": [],
            "user id": "1930000827",
            "user name": "星星酱宇星",
            "content": "回复@卿卿_ye:朕只是来巡视下领土，铲屎工们可以继续了。",
            "time": "15-11-19 17:46"
        },
        {
            "comment id": 7,
            "parent": -1,
            "children": [],
            "user id": "1779397122",
            "user name": "卿卿_ye",
            "content": "@星星酱宇星",
            "time": "15-11-18 23:19"
        },
        {
            "comment id": 8,
            "parent": -1,
            "children": [],
            "user id": "2948441003",
            "user name": "大姚Will",
            "content": "回复@Mr茶叁三:大王让你赶紧到我身边来",
            "time": "15-11-18 21:50"
        },
        {
            "comment id": 9,
            "parent": -1,
            "children": [],
            "user id": "5136293416",
            "user name": "孟孟的安安",
            "content": "",
            "time": "15-11-18 15:01"
        },
        {
            "comment id": 10,
            "parent": -1,
            "children": [],
            "user id": "3860565799",
            "user name": "包子和豆浆更配",
            "content": "翘首以盼2016年峰会开幕，中国领导人带着自信与风度与其他国家和平往，这背后是中国日益强大的经济实力，是中国和平发展的诚恳态度，是中国昂扬向上的精神风貌",
            "time": "15-11-18 14:35"
        },
        {
            "comment id": 11,
            "parent": -1,
            "children": [],
            "user id": "2390289004",
            "user name": "小树袋熊小姐",
            "content": "相信在习总书记的带领下，我们的生活会越来越好，中国的经济也会得到稳定的发展。",
            "time": "15-11-17 17:51"
        },
        {
            "comment id": 12,
            "parent": -1,
            "children": [],
            "user id": "1728740411",
            "user name": "足球更衣室",
            "content": "幸亏猫咪没有给恐怖分子绑炸弹，要不就出大事了",
            "time": "15-11-17 16:27"
        },
        {
            "comment id": 13,
            "parent": -1,
            "children": [],
            "user id": "2538989580",
            "user name": "木吉了",
            "content": "@iMaHustla_Niggask4me 哈哈哈",
            "time": "15-11-17 16:22"
        },
        {
            "comment id": 14,
            "parent": -1,
            "children": [],
            "user id": "1960170027",
            "user name": "Mika麻麻哟",
            "content": "@田麻麻发财",
            "time": "15-11-17 16:21"
        },
        {
            "comment id": 15,
            "parent": -1,
            "children": [],
            "user id": "2473347130",
            "user name": "idiot丑得有特色",
            "content": "相信在习总书记的带领下，我们的生活会越来越好，中国的经济也会得到稳定的发展。",
            "time": "15-11-17 15:18"
        },
        {
            "comment id": 16,
            "parent": -1,
            "children": [],
            "user id": "1032483573",
            "user name": "Champagne是霞霞",
            "content": "相信在习总书记的带领下，中国会更加团结，屹立于世界",
            "time": "15-11-17 14:15"
        },
        {
            "comment id": 17,
            "parent": -1,
            "children": [],
            "user id": "3272107630",
            "user name": "叫我凌霄殿大人",
            "content": "回复@于xiao娟:这么暴露智商你到底对你自己的知识量有多自信→_→告诉我你多大了好吗",
            "time": "15-11-17 13:27"
        },
        {
            "comment id": 18,
            "parent": -1,
            "children": [],
            "user id": "3272107630",
            "user name": "叫我凌霄殿大人",
            "content": "回复@于xiao娟:…吞进去啊亲！或者破开肚子装进去再缝上，技术好的能让猫不影响走路，前提是这些猫都是训练好的，你真幼稚→_→",
            "time": "15-11-17 13:24"
        },
        {
            "comment id": 19,
            "parent": -1,
            "children": [],
            "user id": "2377454761",
            "user name": "Zmo_Manuel",
            "content": "回复@Hong_晓雪:",
            "time": "15-11-17 12:59"
        },
        {
            "comment id": 20,
            "parent": -1,
            "children": [],
            "user id": "1467409761",
            "user name": "樱桃兔",
            "content": "回复@FAnfaNFaaaaaaaan:想看底下人表情",
            "time": "15-11-17 12:28"
        },
        {
            "comment id": 21,
            "parent": -1,
            "children": [],
            "user id": "2491070255",
            "user name": "Jessie_小猫妮",
            "content": "回复@樱桃兔:必须的！！！这秀场绝对高大上",
            "time": "15-11-17 12:23"
        },
        {
            "comment id": 22,
            "parent": -1,
            "children": [],
            "user id": "2273410555",
            "user name": "FAnfanLevine",
            "content": "回复@樱桃兔:气氛立马轻松了",
            "time": "15-11-17 12:18"
        },
        {
            "comment id": 23,
            "parent": -1,
            "children": [],
            "user id": "1467409761",
            "user name": "樱桃兔",
            "content": "@FAnfaNFaaaaaaaan",
            "time": "15-11-17 12:11"
        },
        {
            "comment id": 24,
            "parent": -1,
            "children": [],
            "user id": "1467409761",
            "user name": "樱桃兔",
            "content": "@Jessie_小猫妮",
            "time": "15-11-17 12:11"
        },
        {
            "comment id": 25,
            "parent": -1,
            "children": [],
            "user id": "1821102662",
            "user name": "单身帝_求识讲粤语",
            "content": "原来这就是喵星驻蓝星的新任大使及参赞",
            "time": "15-11-17 12:03"
        },
        {
            "comment id": 26,
            "parent": -1,
            "children": [],
            "user id": "2093736857",
            "user name": "于xiao娟",
            "content": "回复@叫我凌霄殿大人:有点常识好不好，猫身上粘个胶布都会无法好好走路，何况是炸弹，智商是硬伤",
            "time": "15-11-17 12:02"
        },
        {
            "comment id": 27,
            "parent": -1,
            "children": [],
            "user id": "2093736857",
            "user name": "于xiao娟",
            "content": "那些说猫身上有炸弹的人，智商真的是硬伤",
            "time": "15-11-17 12:01"
        },
        {
            "comment id": 28,
            "parent": -1,
            "children": [],
            "user id": "1149154792",
            "user name": "灼热S猫妖",
            "content": "回复@木易----木子:你脑洞开太大了",
            "time": "15-11-17 11:47"
        },
        {
            "comment id": 29,
            "parent": -1,
            "children": [],
            "user id": "3033937375",
            "user name": "故辞fo了",
            "content": "萌萌的猫，可见G20的包容性不仅仅体现在国与国之间啊，经济发展了，动物的日子也会过好，G20喵星人代表参会~",
            "time": "15-11-17 11:29"
        },
        {
            "comment id": 30,
            "parent": -1,
            "children": [],
            "user id": "2719367831",
            "user name": "呦_白米粒儿的麻麻晗晗晗晗晗玉",
            "content": "回复@Oo墨尓本晴oO:好可爱！！！",
            "time": "15-11-17 11:09"
        },
        {
            "comment id": 31,
            "parent": -1,
            "children": [],
            "user id": "5274159762",
            "user name": "庆幸年少有你",
            "content": "成精了",
            "time": "15-11-17 10:50"
        },
        {
            "comment id": 32,
            "parent": -1,
            "children": [],
            "user id": "1939986682",
            "user name": "考神·逢考必过",
            "content": "中国主张推进全球治理体制变革，推动改革国际货币基金组织治理结构，增加新兴市场国家和发展中国家代表性和发言权。PS咪咪好可爱",
            "time": "15-11-17 10:50"
        },
        {
            "comment id": 33,
            "parent": -1,
            "children": [],
            "user id": "2567913632",
            "user name": "20爱Yy",
            "content": "太可爱了吧！",
            "time": "15-11-17 10:41"
        },
        {
            "comment id": 34,
            "parent": -1,
            "children": [],
            "user id": "2269026351",
            "user name": "娜年花开半夏123",
            "content": "习总对外坚持中国要走和平发展道路，对内真正关怀百姓民生疾苦，是人们的好书记，好领导!这个民族是伟大的，这个国家是可敬的，领导也是可爱的，我相信我们会过得越来越幸福的。支持习大大！！",
            "time": "15-11-17 10:28"
        },
        {
            "comment id": 35,
            "parent": -1,
            "children": [],
            "user id": "3808445643",
            "user name": "用户3808445643",
            "content": "动不动就是在中国会怎样怎样，在外国会怎样怎样！这算不算也是一个人劣根性的体现",
            "time": "15-11-17 09:53"
        },
        {
            "comment id": 36,
            "parent": -1,
            "children": [],
            "user id": "3579009960",
            "user name": "月亮和史努比",
            "content": "回复@花若雪尘:跟你一样，看起来蠢蠢哒，又觉得很可爱 ",
            "time": "15-11-17 09:51"
        },
        {
            "comment id": 37,
            "parent": -1,
            "children": [],
            "user id": "3808445643",
            "user name": "用户3808445643",
            "content": "回复@-风吹丁丁响当当--:是啊，有的人像太阳，温暖的让人不由自主地靠近。有的人像黑洞，阴暗地让人避而远之",
            "time": "15-11-17 09:46"
        },
        {
            "comment id": 38,
            "parent": -1,
            "children": [],
            "user id": "3272107630",
            "user name": "叫我凌霄殿大人",
            "content": "回复@逆风小小鸟:天呐亲 知道恐怖分子吗？看过新闻吗？知道这是什么场合吗？如果没有，请就这样一直天真下去吧。没错，这不是善良，是天真。对了给你科普一下，他们惯用手段还有人体炸弹哦",
            "time": "15-11-17 09:45"
        },
        {
            "comment id": 39,
            "parent": -1,
            "children": [],
            "user id": "1696411737",
            "user name": "分寸浆糊",
            "content": "@Harvey_Han",
            "time": "15-11-17 09:40"
        },
        {
            "comment id": 40,
            "parent": -1,
            "children": [],
            "user id": "1740425780",
            "user name": "我是不二5482",
            "content": "如果是在天朝这样，肯定会被喷得体无完肤",
            "time": "15-11-17 09:18"
        },
        {
            "comment id": 41,
            "parent": -1,
            "children": [],
            "user id": "3808521910",
            "user name": "SATsubasa",
            "content": "@Vanavo",
            "time": "15-11-17 09:12"
        },
        {
            "comment id": 42,
            "parent": -1,
            "children": [],
            "user id": "2610968741",
            "user name": "躺着真舒服_",
            "content": "回复@请不要在意那些细节: 哈哈哈哈哈哈哈哈可爱",
            "time": "15-11-17 09:11"
        },
        {
            "comment id": 43,
            "parent": -1,
            "children": [],
            "user id": "1758833083",
            "user name": "小柴微博",
            "content": "麻痹，迷路了",
            "time": "15-11-17 09:07"
        },
        {
            "comment id": 44,
            "parent": -1,
            "children": [],
            "user id": "1068215182",
            "user name": "jgf5647479",
            "content": "喵星人威武！",
            "time": "15-11-17 09:01"
        },
        {
            "comment id": 45,
            "parent": -1,
            "children": [],
            "user id": "1893971594",
            "user name": "喵了个mmmm",
            "content": "回复@Supercatbb:哈哈哈",
            "time": "15-11-17 08:58"
        },
        {
            "comment id": 46,
            "parent": -1,
            "children": [],
            "user id": "1697163190",
            "user name": "欸吃诶哦欸吃诶哦",
            "content": "故意放进去的吧。",
            "time": "15-11-17 08:47"
        },
        {
            "comment id": 47,
            "parent": -1,
            "children": [],
            "user id": "1801934814",
            "user name": "樱田萌",
            "content": "这绝逼是间谍",
            "time": "15-11-17 08:40"
        },
        {
            "comment id": 48,
            "parent": -1,
            "children": [],
            "user id": "2081976165",
            "user name": "Elmer_尔蒙",
            "content": "@会飞的葡萄糖君",
            "time": "15-11-17 08:12"
        },
        {
            "comment id": 49,
            "parent": -1,
            "children": [],
            "user id": "2752398397",
            "user name": "王豪放1993",
            "content": "这安保措施，也太垃圾了吧。猫肚子要是有炸弹，不就完了么。",
            "time": "15-11-17 08:04"
        },
        {
            "comment id": 50,
            "parent": -1,
            "children": [],
            "user id": "1380374923",
            "user name": "玉雪精灵",
            "content": "转发微博",
            "time": "15-11-17 07:04"
        },
        {
            "comment id": 51,
            "parent": -1,
            "children": [],
            "user id": "1789202717",
            "user name": "我叫大橙",
            "content": "哈哈 ",
            "time": "15-11-17 06:46"
        },
        {
            "comment id": 52,
            "parent": -1,
            "children": [],
            "user id": "3877808303",
            "user name": "PO炙细菌",
            "content": "猫咪携带炸弹",
            "time": "15-11-17 01:46"
        },
        {
            "comment id": 53,
            "parent": -1,
            "children": [],
            "user id": "2438579210",
            "user name": "嘉嘉嘉LU",
            "content": "@莫給力",
            "time": "15-11-17 01:28"
        },
        {
            "comment id": 54,
            "parent": -1,
            "children": [],
            "user id": "2015930033",
            "user name": "雞兒大人想放風箏",
            "content": "@sister刘 可爱",
            "time": "15-11-17 01:21"
        },
        {
            "comment id": 55,
            "parent": -1,
            "children": [],
            "user id": "2165076131",
            "user name": "-SUPREME-WITCH-",
            "content": "喵星人的政界精英",
            "time": "15-11-17 00:45"
        },
        {
            "comment id": 56,
            "parent": -1,
            "children": [],
            "user id": "1903717071",
            "user name": "绿旅吕驴铝屡侣",
            "content": "@豆切哥不拿 ",
            "time": "15-11-17 00:42"
        },
        {
            "comment id": 57,
            "parent": -1,
            "children": [],
            "user id": "1741409057",
            "user name": "ss激眼D家巧er",
            "content": "回复@我真的是nana:那必须追究啊，猫身上携带炸弹怎么办",
            "time": "15-11-17 00:40"
        },
        {
            "comment id": 58,
            "parent": -1,
            "children": [],
            "user id": "3537451961",
            "user name": "灰松鼠13",
            "content": "垃圾安保",
            "time": "15-11-17 00:40"
        },
        {
            "comment id": 59,
            "parent": -1,
            "children": [],
            "user id": "3205786635",
            "user name": "大怪心里温暖暖",
            "content": "@天伤星雅各布",
            "time": "15-11-17 00:27"
        },
        {
            "comment id": 60,
            "parent": -1,
            "children": [],
            "user id": "2210922504",
            "user name": "Hong_晓雪",
            "content": "@Zmo_义辉",
            "time": "15-11-17 00:20"
        },
        {
            "comment id": 61,
            "parent": -1,
            "children": [],
            "user id": "3040192424",
            "user name": "W___Y___",
            "content": "回复@有本事鳖走boom:没有发生不要猜测    不要一口一个在中国怎么样   这种负能量你自己背着就好  不要发出来影响别人",
            "time": "15-11-17 00:15"
        },
        {
            "comment id": 62,
            "parent": -1,
            "children": [],
            "user id": "2625001841",
            "user name": "佛系的Leo",
            "content": "@小可唯一 猫：“瞅啥瞅？愚蠢的人类！损色！看见老纸还不快快的正襟危坐！”",
            "time": "15-11-17 00:05"
        },
        {
            "comment id": 63,
            "parent": -1,
            "children": [],
            "user id": "3272107630",
            "user name": "叫我凌霄殿大人",
            "content": "这种新闻都有人跪舔的也是醉了，说什么外国就是有爱心有素质，八成换成我国就会变成保安干什么吃的有💣怎么办！之类的对了我喜欢🐶大于🐱",
            "time": "15-11-17 00:02"
        },
        {
            "comment id": 64,
            "parent": -1,
            "children": [],
            "user id": "3272107630",
            "user name": "叫我凌霄殿大人",
            "content": "回复@逆风小小鸟:万一里面塞了💣呢？你还觉得这是有素质有爱心的表现？",
            "time": "15-11-16 23:57"
        },
        {
            "comment id": 65,
            "parent": -1,
            "children": [],
            "user id": "2679278285",
            "user name": "毛毛LUCI",
            "content": "回复@皮皮鲁CY:胆子子真大",
            "time": "15-11-16 23:51"
        },
        {
            "comment id": 66,
            "parent": -1,
            "children": [],
            "user id": "1350400324",
            "user name": "毒毒关",
            "content": "@慢吞吞小妮",
            "time": "15-11-16 23:37"
        },
        {
            "comment id": 67,
            "parent": -1,
            "children": [],
            "user id": "1945196890",
            "user name": "懒得想ID",
            "content": "@大姨妈大姨夫来接你了 @起个赏心悦目的名真难 …我又忘了哪个是你现在的了😂😂",
            "time": "15-11-16 23:32"
        },
        {
            "comment id": 68,
            "parent": -1,
            "children": [],
            "user id": "1951234360",
            "user name": "PyroChemist",
            "content": "回复@红叶小飞象:而且出来都先亮个像~",
            "time": "15-11-16 23:28"
        },
        {
            "comment id": 69,
            "parent": -1,
            "children": [],
            "user id": "3187102562",
            "user name": "海边尕尕象",
            "content": "回复@Lucenzo_C:气质，步伐，都很端庄哟～～～",
            "time": "15-11-16 23:27"
        },
        {
            "comment id": 70,
            "parent": -1,
            "children": [],
            "user id": "1951234360",
            "user name": "PyroChemist",
            "content": "回复@红叶小飞象:跟领导人似的嘛",
            "time": "15-11-16 23:26"
        },
        {
            "comment id": 71,
            "parent": -1,
            "children": [],
            "user id": "1084137730",
            "user name": "Ssea22",
            "content": "本来就是人家后花园",
            "time": "15-11-16 23:26"
        },
        {
            "comment id": 72,
            "parent": -1,
            "children": [],
            "user id": "1924680691",
            "user name": "无雨北京",
            "content": "回复@阿俊君阿:我单位也有一只小狗，每天早晨，楼上楼下每个办公室都“视察”一下。",
            "time": "15-11-16 23:24"
        },
        {
            "comment id": 73,
            "parent": -1,
            "children": [],
            "user id": "3187102562",
            "user name": "海边尕尕象",
            "content": "@Lucenzo_C 喵，喵，喵",
            "time": "15-11-16 23:20"
        },
        {
            "comment id": 74,
            "parent": -1,
            "children": [],
            "user id": "1835887601",
            "user name": "血疙瘩",
            "content": "回复@我只是对人生敏感_:哈哈哈哈哈蠢",
            "time": "15-11-16 23:13"
        },
        {
            "comment id": 75,
            "parent": -1,
            "children": [],
            "user id": "2665570411",
            "user name": "I天天打酱油-酱油办",
            "content": "扫雷防爆猫。",
            "time": "15-11-16 23:10"
        },
        {
            "comment id": 76,
            "parent": -1,
            "children": [],
            "user id": "3174883285",
            "user name": "梦忆雨晴",
            "content": "",
            "time": "15-11-16 23:08"
        },
        {
            "comment id": 77,
            "parent": -1,
            "children": [],
            "user id": "1791963475",
            "user name": "赤橘大仙",
            "content": "@老皮蓋被被",
            "time": "15-11-16 23:07"
        },
        {
            "comment id": 78,
            "parent": -1,
            "children": [],
            "user id": "2253514421",
            "user name": "Small似小柠檬",
            "content": "@谁言一汀烟雨杏花寒",
            "time": "15-11-16 22:55"
        },
        {
            "comment id": 79,
            "parent": -1,
            "children": [],
            "user id": "2175334900",
            "user name": "一只小猫不是喵",
            "content": "@何小奴见鬼了 @俆尒渱 喵星人叼爆了",
            "time": "15-11-16 22:53"
        }
    ]
}