{
    "source": {
        "content": "【就喜欢喝汤！7款调理肠胃的DIY营养汤】天气越来越冷了，给你的肠胃大扫除~喝点营养汤，既健康又温暖，赶紧马克！ via@美容减肥和养生 ",
        "time": "15-11-16 18:54",
        "user id": "1314608344",
        "tweet id": "D49021rTG",
        "label": 0,
        "theme": "医药健康"
    },
    "comment": [
        {
            "comment id": 0,
            "parent": -1,
            "children": [],
            "user id": "1873767375",
            "user name": "白羊春天总代-飞鱼",
            "content": "想吃就吃，任性前提是你要拥有白羊春天，一般人我不告诉她",
            "time": "16-4-14 23:07"
        },
        {
            "comment id": 1,
            "parent": -1,
            "children": [],
            "user id": "3100146023",
            "user name": "A-RF",
            "content": "想问一下，肠胃炎恢复期可以煲什么汤啊",
            "time": "16-1-11 11:56"
        },
        {
            "comment id": 2,
            "parent": -1,
            "children": [],
            "user id": "2628380881",
            "user name": "梦巴黎之板凳坐等",
            "content": "回复@暴力草莓PennyboardingBANG:你可以吃我家的代餐粉增加饱腹感，不反弹",
            "time": "15-12-28 23:14"
        },
        {
            "comment id": 3,
            "parent": -1,
            "children": [],
            "user id": "1795670771",
            "user name": "_波英冰",
            "content": "回复@Bad玉-:都好！你看哪个做着方便😘",
            "time": "15-11-26 08:44"
        },
        {
            "comment id": 4,
            "parent": -1,
            "children": [],
            "user id": "3177390632",
            "user name": "柴犬玉",
            "content": "@_大冰儿 挑一个_(:з」∠)_",
            "time": "15-11-26 01:41"
        },
        {
            "comment id": 5,
            "parent": -1,
            "children": [],
            "user id": "3024085283",
            "user name": "楚蓉月小",
            "content": "回复@薇儿WLC:嗯嗯  多营养",
            "time": "15-11-18 12:52"
        },
        {
            "comment id": 6,
            "parent": -1,
            "children": [],
            "user id": "2995123181",
            "user name": "静待花开WLC",
            "content": "回复@不彻底的故事:要吃也做给你吃",
            "time": "15-11-18 12:49"
        },
        {
            "comment id": 7,
            "parent": -1,
            "children": [],
            "user id": "1724910543",
            "user name": "阿潘12",
            "content": "",
            "time": "15-11-17 08:49"
        },
        {
            "comment id": 8,
            "parent": -1,
            "children": [],
            "user id": "1731552190",
            "user name": "一只小小小芝麻",
            "content": "瘦了变女神，我瘦下来了20斤，有没有比较女神了 ",
            "time": "15-11-16 22:49"
        },
        {
            "comment id": 9,
            "parent": -1,
            "children": [],
            "user id": "2579387791",
            "user name": "小胖子-的倔强",
            "content": "都好奇怪的感觉。",
            "time": "15-11-16 22:44"
        },
        {
            "comment id": 10,
            "parent": -1,
            "children": [],
            "user id": "3969124877",
            "user name": "爱期吉多多",
            "content": "@小米欧美原单：@小米欧美原单：我用了美丽俏佳人推荐的懒人减肥神器一周腹围瘦了7.5cm！想看本人使用效果的关注我喔，不关注我可不告诉他请宝贝们互粉我、不是真实本人使用效果天打雷劈⚡",
            "time": "15-11-16 21:35"
        },
        {
            "comment id": 11,
            "parent": -1,
            "children": [],
            "user id": "2142635673",
            "user name": "佟学-吖頭",
            "content": "我需",
            "time": "15-11-16 19:52"
        },
        {
            "comment id": 12,
            "parent": -1,
            "children": [],
            "user id": "2292269970",
            "user name": "一颗是松子",
            "content": "回复@缘到自有破壁时:",
            "time": "15-11-16 19:39"
        },
        {
            "comment id": 13,
            "parent": -1,
            "children": [],
            "user id": "1762558162",
            "user name": "缘到自有破壁时",
            "content": "回复@TanyaKen:",
            "time": "15-11-16 19:38"
        },
        {
            "comment id": 14,
            "parent": -1,
            "children": [],
            "user id": "2292269970",
            "user name": "一颗是松子",
            "content": "@缘到自有破壁时 我以后煲给你喝",
            "time": "15-11-16 19:34"
        },
        {
            "comment id": 15,
            "parent": -1,
            "children": [],
            "user id": "2292269970",
            "user name": "一颗是松子",
            "content": "@缘到自有破壁时 叫你家阿姨煲给你喝",
            "time": "15-11-16 19:34"
        },
        {
            "comment id": 16,
            "parent": -1,
            "children": [],
            "user id": "2685578010",
            "user name": "神龙2685578010",
            "content": "我分享了",
            "time": "15-11-16 19:20"
        },
        {
            "comment id": 17,
            "parent": -1,
            "children": [],
            "user id": "2092372060",
            "user name": "黑仔-",
            "content": "回复@暴力草莓PennyboardingBANG:好的！",
            "time": "15-11-16 19:18"
        },
        {
            "comment id": 18,
            "parent": -1,
            "children": [],
            "user id": "2942635062",
            "user name": "钦哲",
            "content": "回复@新闻晨报:果然是同道中人这下我可以在朋友圈先练练手了",
            "time": "15-11-16 19:14"
        },
        {
            "comment id": 19,
            "parent": -1,
            "children": [],
            "user id": "1314608344",
            "user name": "新闻晨报",
            "content": "回复@托尼爱秋田:因为我懂强迫症的感受",
            "time": "15-11-16 19:11"
        },
        {
            "comment id": 20,
            "parent": -1,
            "children": [],
            "user id": "2942635062",
            "user name": "钦哲",
            "content": "回复@新闻晨报:好感动，竟然把无水印图给我了",
            "time": "15-11-16 19:10"
        },
        {
            "comment id": 21,
            "parent": -1,
            "children": [],
            "user id": "2286075434",
            "user name": "珂珂是不会讲方言的土著",
            "content": "@有抱负的Francis任 我要吃",
            "time": "15-11-16 19:08"
        },
        {
            "comment id": 22,
            "parent": -1,
            "children": [],
            "user id": "2156194660",
            "user name": "暴力草莓PennyboardingBANG",
            "content": "@黑仔- 要吃这个",
            "time": "15-11-16 19:06"
        },
        {
            "comment id": 23,
            "parent": -1,
            "children": [],
            "user id": "1314608344",
            "user name": "新闻晨报",
            "content": "回复@婷默嫣昀:",
            "time": "15-11-16 19:06"
        },
        {
            "comment id": 24,
            "parent": -1,
            "children": [],
            "user id": "2483386051",
            "user name": "沐沐_婷慕嫣昀",
            "content": "强迫症爱死你了",
            "time": "15-11-16 19:05"
        },
        {
            "comment id": 25,
            "parent": -1,
            "children": [],
            "user id": "1314608344",
            "user name": "新闻晨报",
            "content": "回复@托尼爱秋田: ",
            "time": "15-11-16 19:04"
        },
        {
            "comment id": 26,
            "parent": -1,
            "children": [],
            "user id": "5457831325",
            "user name": "零食分一半",
            "content": "",
            "time": "15-11-16 19:02"
        },
        {
            "comment id": 27,
            "parent": -1,
            "children": [],
            "user id": "3024085283",
            "user name": "楚蓉月小",
            "content": "@薇儿WLC 妈妈妈妈妈",
            "time": "15-11-16 19:00"
        },
        {
            "comment id": 28,
            "parent": -1,
            "children": [],
            "user id": "2683007073",
            "user name": "LinLin_ni",
            "content": "@YAO_ningLin",
            "time": "15-11-16 18:58"
        },
        {
            "comment id": 29,
            "parent": -1,
            "children": [],
            "user id": "2942635062",
            "user name": "钦哲",
            "content": "凑数图不错，小编可以私聊发我一张没有水印的图吗，我要留着备用",
            "time": "15-11-16 18:58"
        },
        {
            "comment id": 30,
            "parent": -1,
            "children": [],
            "user id": "2307061942",
            "user name": "是我的小欢哈",
            "content": "转需",
            "time": "15-11-16 18:58"
        },
        {
            "comment id": 31,
            "parent": -1,
            "children": [],
            "user id": "1837397262",
            "user name": "绝壁佛系的澳洲代购一枚",
            "content": "转发微博",
            "time": "15-11-16 18:57"
        },
        {
            "comment id": 32,
            "parent": -1,
            "children": [],
            "user id": "2155135862",
            "user name": "神之所向_",
            "content": "@苗小喵5221 有时间做点养养胃",
            "time": "15-11-16 18:56"
        },
        {
            "comment id": 33,
            "parent": -1,
            "children": [],
            "user id": "3033262565",
            "user name": "香草味夏酱",
            "content": "我微博的第一条亲身经历真实事件，让人心寒，大家帮我转发，真心的！不骗人！！！！",
            "time": "15-11-16 18:54"
        }
    ]
}