{
    "source": {
        "content": "【河南13岁女孩疑因学习差被亲妈打死 】13日晚，鹤壁一13岁女孩送医前死亡。此前，女孩在家被妈妈“教育”。民警初步了解，女孩疑因与同学发生口角，且学习没达到妈妈预期被棍子打屁股。父亲经常在外打工，事发时不在家。目前孩子母亲已被刑拘，具体死亡原因待尸检结果。13岁女孩疑因学习差被亲妈打死 妈妈已被刑拘大河报 ",
        "time": "15-11-16 20:30",
        "user id": "1974576991",
        "tweet id": "D49CUixDl",
        "label": 0,
        "theme": "教育考试"
    },
    "comment": [
        {
            "comment id": 0,
            "parent": -1,
            "children": [],
            "user id": "5759084708",
            "user name": "钻石棒棒糖么么哒",
            "content": "难道分数比孩子的身体还重要吗",
            "time": "16-1-22 18:10"
        },
        {
            "comment id": 1,
            "parent": -1,
            "children": [],
            "user id": "3049871625",
            "user name": "足球帅哥Kevin",
            "content": "我算命大的，我爸一般都皮带抽",
            "time": "16-1-15 19:34"
        },
        {
            "comment id": 2,
            "parent": -1,
            "children": [],
            "user id": "2023492187",
            "user name": "半岛游游子",
            "content": "这也算人干的事？亲妈呀！",
            "time": "16-1-8 23:37"
        },
        {
            "comment id": 3,
            "parent": -1,
            "children": [],
            "user id": "1948437852",
            "user name": "石头剪刀莫得布",
            "content": "个人觉得打是疼骂是爱其实也是一种奴性所在",
            "time": "15-12-23 08:26"
        },
        {
            "comment id": 4,
            "parent": -1,
            "children": [],
            "user id": "1673968263",
            "user name": "EileenvonWien",
            "content": "可以再生一個男孩子了，可惜就是不能拿彩禮，這女人也算虧了。",
            "time": "15-12-16 14:39"
        },
        {
            "comment id": 5,
            "parent": -1,
            "children": [],
            "user id": "5730978888",
            "user name": "每天都要开开心心哒233",
            "content": "学习不好就说明不擅长学习，解决方法是改善学习方法，培养学习习惯，但是这位家长的行为明显是以此为借口发泄自己，可怜的孩子，希望来世生在一个好家庭，难过",
            "time": "15-12-14 23:17"
        },
        {
            "comment id": 6,
            "parent": -1,
            "children": [],
            "user id": "5383575243",
            "user name": "诶卷毛儿",
            "content": "回复@高智商的Tony:哦哦哦这样啊",
            "time": "15-11-29 23:04"
        },
        {
            "comment id": 7,
            "parent": -1,
            "children": [],
            "user id": "1769460883",
            "user name": "娆晚",
            "content": "看文总结：1.文中母亲还是报了120抢救孩子的，所以可能真的没有想到这个后果。2.文中母亲照顾年幼儿子，所以女孩应该还有个弟弟。3.抢救者只看到女孩胳膊上的伤，文中称是用棍子打了屁股，那么在被打死的可能之外，不能排除女孩因为心中气恨自杀的可能。4.不要认为不打头胸腹的“要害”就打不死人。",
            "time": "15-11-22 11:06"
        },
        {
            "comment id": 8,
            "parent": -1,
            "children": [],
            "user id": "3011496565",
            "user name": "闲逸散人MAO",
            "content": "鹤壁这个13岁小女孩死得太可怜了！👩👩👩虎毒还不食子呀！这个妈妈太狠毒了！孩子，走好！",
            "time": "15-11-19 11:30"
        },
        {
            "comment id": 9,
            "parent": -1,
            "children": [],
            "user id": "3556951420",
            "user name": "Wang小青年",
            "content": "回复@白丽smile:啊",
            "time": "15-11-18 08:39"
        },
        {
            "comment id": 10,
            "parent": -1,
            "children": [],
            "user id": "2234983241",
            "user name": "白丽smile",
            "content": "回复@Wang小青年:因为不知道该怎么相处才不会伤害她，怎么教育她才能健康快乐的成长",
            "time": "15-11-18 08:20"
        },
        {
            "comment id": 11,
            "parent": -1,
            "children": [],
            "user id": "3556951420",
            "user name": "Wang小青年",
            "content": "回复@白丽smile:为什么，不敢要",
            "time": "15-11-17 23:19"
        },
        {
            "comment id": 12,
            "parent": -1,
            "children": [],
            "user id": "2234983241",
            "user name": "白丽smile",
            "content": "回复@Wang小青年:没有，不敢要",
            "time": "15-11-17 22:13"
        },
        {
            "comment id": 13,
            "parent": -1,
            "children": [],
            "user id": "3556951420",
            "user name": "Wang小青年",
            "content": "回复@白丽smile:现在你应该有娃了吧",
            "time": "15-11-17 19:45"
        },
        {
            "comment id": 14,
            "parent": -1,
            "children": [],
            "user id": "5344268751",
            "user name": "冰沁333",
            "content": "野蛮教育。",
            "time": "15-11-17 18:20"
        },
        {
            "comment id": 15,
            "parent": -1,
            "children": [],
            "user id": "3894467831",
            "user name": "豫歌镶荣",
            "content": "看来真得要正视教育的问题，父母亲们啊！学习可以慢慢提高，但生命去了儿女就再也长不高了",
            "time": "15-11-17 17:01"
        },
        {
            "comment id": 16,
            "parent": -1,
            "children": [],
            "user id": "2234983241",
            "user name": "白丽smile",
            "content": "回复@Wang小青年:三十多年前的事情了，有必要说假的吗？",
            "time": "15-11-17 15:10"
        },
        {
            "comment id": 17,
            "parent": -1,
            "children": [],
            "user id": "5590120294",
            "user name": "殇魂555",
            "content": "这真是中国教育的悲哀啊！",
            "time": "15-11-17 13:50"
        },
        {
            "comment id": 18,
            "parent": -1,
            "children": [],
            "user id": "1854630151",
            "user name": "就叫雨杼吧",
            "content": "我来给没有看链接的总结一下：1、女孩死不瞑目2、亲妈常年在家照顾弟弟3、刚上初一还没考过试",
            "time": "15-11-17 13:25"
        },
        {
            "comment id": 19,
            "parent": -1,
            "children": [],
            "user id": "2937256765",
            "user name": "我是C喵",
            "content": "",
            "time": "15-11-17 13:12"
        },
        {
            "comment id": 20,
            "parent": -1,
            "children": [],
            "user id": "5648221779",
            "user name": "gigiagigigigigia",
            "content": "呵，这样的妈妈。。。。。眼里只有成绩",
            "time": "15-11-17 11:28"
        },
        {
            "comment id": 21,
            "parent": -1,
            "children": [],
            "user id": "2464717415",
            "user name": "Munger不是我本名",
            "content": "不怕学习好的别人家的孩子，就怕下手不知轻重脑子不正常的妈",
            "time": "15-11-17 11:16"
        },
        {
            "comment id": 22,
            "parent": -1,
            "children": [],
            "user id": "3405416714",
            "user name": "羽化如歌",
            "content": "这不是个例，只是没有这么严重而已，中国大部分父母都是用这种教训奴隶的方法教育子女",
            "time": "15-11-17 09:50"
        },
        {
            "comment id": 23,
            "parent": -1,
            "children": [],
            "user id": "5345671071",
            "user name": "粽子爱吃驴蹄子",
            "content": "回复@听好了我叫叶良辰:坐等你被骂",
            "time": "15-11-17 08:20"
        },
        {
            "comment id": 24,
            "parent": -1,
            "children": [],
            "user id": "5345671071",
            "user name": "粽子爱吃驴蹄子",
            "content": "呵，我看我家那边有个小卖铺老板打他女儿跟不是亲生的一样，早晚也得这结果",
            "time": "15-11-17 08:19"
        },
        {
            "comment id": 25,
            "parent": -1,
            "children": [],
            "user id": "1111031764",
            "user name": "错的是时辰",
            "content": "回复@深圳李玉芝:男人也是这样",
            "time": "15-11-17 08:04"
        },
        {
            "comment id": 26,
            "parent": -1,
            "children": [],
            "user id": "1327318377",
            "user name": "真的很懒piu",
            "content": "赶紧生二胎",
            "time": "15-11-17 07:54"
        },
        {
            "comment id": 27,
            "parent": -1,
            "children": [],
            "user id": "1931883863",
            "user name": "CCB邱白",
            "content": "",
            "time": "15-11-17 07:06"
        },
        {
            "comment id": 28,
            "parent": -1,
            "children": [],
            "user id": "1737979690",
            "user name": "陈里",
            "content": "#青少年网络维权#不管什么原因，一个13岁山区女孩子走了。就目前微博提供的信息看，这是一个山区的贫困家庭，父亲长期不在家，母亲性格孤僻，孩子家贫学习成绩又差，自尊，自卑，恨铁不成钢等都可能是诱因。不管真相如何，这类悲剧都值得我们关注，中央提倡精细扶贫，基层要落在实处。",
            "time": "15-11-17 05:55"
        },
        {
            "comment id": 29,
            "parent": -1,
            "children": [],
            "user id": "1899185587",
            "user name": "宛若華莲",
            "content": "成长期打未成年孩子是毁子女一生",
            "time": "15-11-17 03:44"
        },
        {
            "comment id": 30,
            "parent": -1,
            "children": [],
            "user id": "3962008452",
            "user name": "xxredmarlb",
            "content": "哦他妈的偷玩骨灰打女儿你们河南人怎么这样",
            "time": "15-11-17 02:12"
        },
        {
            "comment id": 31,
            "parent": -1,
            "children": [],
            "user id": "3279556311",
            "user name": "Maggiemina",
            "content": "当妈的有责任，也太狠了。孩子天性就是玩，成绩不好很正常。再说成绩不代表她的其他特长。老师也说没有考试了，估计她妈妈只是心情不好拿她撒气",
            "time": "15-11-17 02:06"
        },
        {
            "comment id": 32,
            "parent": -1,
            "children": [],
            "user id": "1786690822",
            "user name": "清爱哒-",
            "content": "偶买噶惋惜",
            "time": "15-11-17 00:59"
        },
        {
            "comment id": 33,
            "parent": -1,
            "children": [],
            "user id": "3556951420",
            "user name": "Wang小青年",
            "content": "回复@WANGTONG_:哎。",
            "time": "15-11-17 00:48"
        },
        {
            "comment id": 34,
            "parent": -1,
            "children": [],
            "user id": "3556951420",
            "user name": "Wang小青年",
            "content": "回复@白丽smile:是不是哦",
            "time": "15-11-17 00:47"
        },
        {
            "comment id": 35,
            "parent": -1,
            "children": [],
            "user id": "3556951420",
            "user name": "Wang小青年",
            "content": "回复@神仙姐姐-祁寒:河南有什么问题",
            "time": "15-11-17 00:46"
        },
        {
            "comment id": 36,
            "parent": -1,
            "children": [],
            "user id": "3556951420",
            "user name": "Wang小青年",
            "content": "回复@R_fiona:哎",
            "time": "15-11-17 00:43"
        },
        {
            "comment id": 37,
            "parent": -1,
            "children": [],
            "user id": "5409481482",
            "user name": "Resemble_516",
            "content": "再次强调！学习不是我们唯一的出路，要搞清学习是为了什么，不要为了学习而学习，若为了学习而学习，我建议不要去学习！",
            "time": "15-11-17 00:39"
        },
        {
            "comment id": 38,
            "parent": -1,
            "children": [],
            "user id": "5293593637",
            "user name": "花果山总裁等等",
            "content": "回复@须得垂杨相发挥:哎=_=这种人为人父母真是悲哀",
            "time": "15-11-17 00:34"
        },
        {
            "comment id": 39,
            "parent": -1,
            "children": [],
            "user id": "3212841803",
            "user name": "不是仙家不是神",
            "content": "又是河南",
            "time": "15-11-17 00:21"
        },
        {
            "comment id": 40,
            "parent": -1,
            "children": [],
            "user id": "2234983241",
            "user name": "白丽smile",
            "content": "回复@忻跳芯动:",
            "time": "15-11-17 00:09"
        },
        {
            "comment id": 41,
            "parent": -1,
            "children": [],
            "user id": "1558613003",
            "user name": "北漂彩云",
            "content": "中国父母最没自知之明，自己的智商不高，怎么能生出高智商的孩子？！",
            "time": "15-11-17 00:02"
        },
        {
            "comment id": 42,
            "parent": -1,
            "children": [],
            "user id": "2862488624",
            "user name": "YingerrL",
            "content": "孩子真可怜",
            "time": "15-11-16 23:50"
        },
        {
            "comment id": 43,
            "parent": -1,
            "children": [],
            "user id": "2836449054",
            "user name": "由花子辅导班",
            "content": "回复@白丽smile:我也是，一两个人的时候还好，一群人就特别安静",
            "time": "15-11-16 23:42"
        },
        {
            "comment id": 44,
            "parent": -1,
            "children": [],
            "user id": "2234983241",
            "user name": "白丽smile",
            "content": "小时候在农村，父母不识字，为了让我们有学上父母吃了好多苦，我学习不好爱玩儿，经常被打的晕头转向眼冒金星，在九岁的时候我就不在跟村里的小伙伴们玩儿了，在学校同学们因为我挨打取笑我，慢慢的就独来独往，那时候养成一个习惯就是坐在屋顶上看着小伙伴们玩儿，一直到现在好多人都说我不太合群",
            "time": "15-11-16 23:32"
        },
        {
            "comment id": 45,
            "parent": -1,
            "children": [],
            "user id": "5143706233",
            "user name": "美丽的学霸呀",
            "content": "希望天堂没有痛苦🙏🙏🙏",
            "time": "15-11-16 23:25"
        },
        {
            "comment id": 46,
            "parent": -1,
            "children": [],
            "user id": "5136994169",
            "user name": "奶盖加冰大红茶",
            "content": "回复@吃饭只吃7分饱:微博也有了",
            "time": "15-11-16 23:17"
        },
        {
            "comment id": 47,
            "parent": -1,
            "children": [],
            "user id": "3627763865",
            "user name": "zz-心心念念",
            "content": "@喝西北风大师 ",
            "time": "15-11-16 23:12"
        },
        {
            "comment id": 48,
            "parent": -1,
            "children": [],
            "user id": "2454572277",
            "user name": "藤下听瓜",
            "content": "",
            "time": "15-11-16 23:12"
        },
        {
            "comment id": 49,
            "parent": -1,
            "children": [],
            "user id": "1772930461",
            "user name": "遇水化粥",
            "content": "@提莫mushroom 请善待你的学生",
            "time": "15-11-16 23:10"
        },
        {
            "comment id": 50,
            "parent": -1,
            "children": [],
            "user id": "1631363873",
            "user name": "GBP椰酱-次姐姐",
            "content": "",
            "time": "15-11-16 23:05"
        },
        {
            "comment id": 51,
            "parent": -1,
            "children": [],
            "user id": "3282434495",
            "user name": "我要充会员啦",
            "content": "我刚看到标题还以为是差点被亲妈打死，直到看到了尸检。。。。",
            "time": "15-11-16 23:03"
        },
        {
            "comment id": 52,
            "parent": -1,
            "children": [],
            "user id": "2565247467",
            "user name": "WATERTONG",
            "content": "是亲妈吗，可怜的孩子",
            "time": "15-11-16 23:00"
        },
        {
            "comment id": 53,
            "parent": -1,
            "children": [],
            "user id": "5461288708",
            "user name": "lee晓洋",
            "content": "是不是应该在河南增加点学校，？增加点好学校就这么难么",
            "time": "15-11-16 23:00"
        },
        {
            "comment id": 54,
            "parent": -1,
            "children": [],
            "user id": "2413403277",
            "user name": "庄鑫垚",
            "content": "",
            "time": "15-11-16 22:59"
        },
        {
            "comment id": 55,
            "parent": -1,
            "children": [],
            "user id": "1903587781",
            "user name": "i王YOU",
            "content": "回复@Hey-uE:……",
            "time": "15-11-16 22:59"
        },
        {
            "comment id": 56,
            "parent": -1,
            "children": [],
            "user id": "1826845131",
            "user name": "不知道不明鸟",
            "content": "我以后肯定不会打我的孩子",
            "time": "15-11-16 22:54"
        },
        {
            "comment id": 57,
            "parent": -1,
            "children": [],
            "user id": "2548900611",
            "user name": "写残了的一页",
            "content": "谢谢我妈不杀之恩",
            "time": "15-11-16 22:50"
        },
        {
            "comment id": 58,
            "parent": -1,
            "children": [],
            "user id": "5048046708",
            "user name": "kit家小夏",
            "content": "@并不是汉子的吕汉子",
            "time": "15-11-16 22:49"
        },
        {
            "comment id": 59,
            "parent": -1,
            "children": [],
            "user id": "3264203461",
            "user name": "惊奇队长616",
            "content": "回复@关于分裂自己的未来和脑细胞:尸验要验的是她具体怎么被打死，比如是肺出血窒息而死，还是被打得心脏骤停什么的。不矛盾。",
            "time": "15-11-16 22:49"
        },
        {
            "comment id": 60,
            "parent": -1,
            "children": [],
            "user id": "5618280597",
            "user name": "住在大山上",
            "content": "操他妈了 下辈子不要投胎了 下地狱吧",
            "time": "15-11-16 22:47"
        },
        {
            "comment id": 61,
            "parent": -1,
            "children": [],
            "user id": "3478858637",
            "user name": "鸡毛蒜皮烟火气",
            "content": "回复@深圳李玉芝:谁没人性都是禽兽",
            "time": "15-11-16 22:43"
        },
        {
            "comment id": 62,
            "parent": -1,
            "children": [],
            "user id": "2858031814",
            "user name": "大大大大大大大Ice",
            "content": "",
            "time": "15-11-16 22:39"
        },
        {
            "comment id": 63,
            "parent": -1,
            "children": [],
            "user id": "2353397134",
            "user name": "名字啊不过是个代号而已",
            "content": "回复@深圳李玉芝:男人女人都一样啦",
            "time": "15-11-16 22:37"
        },
        {
            "comment id": 64,
            "parent": -1,
            "children": [],
            "user id": "3872960622",
            "user name": "依53",
            "content": "痛心！",
            "time": "15-11-16 22:34"
        },
        {
            "comment id": 65,
            "parent": -1,
            "children": [],
            "user id": "2922970311",
            "user name": "迷糊的石头子",
            "content": "悲剧！",
            "time": "15-11-16 22:19"
        },
        {
            "comment id": 66,
            "parent": -1,
            "children": [],
            "user id": "2009296775",
            "user name": "虫叽叽爱老大吖",
            "content": "我侄子下午五点半到家，作业一个作文，一课听写，两大道数学题，吃饭半小时，可以做到十点多把家长急的没脾气了",
            "time": "15-11-16 22:15"
        },
        {
            "comment id": 67,
            "parent": -1,
            "children": [],
            "user id": "3210336605",
            "user name": "安静的微博用户55",
            "content": "都是二胎害的",
            "time": "15-11-16 22:13"
        },
        {
            "comment id": 68,
            "parent": -1,
            "children": [],
            "user id": "1769505425",
            "user name": "前方颤抖的小逗逼就是我",
            "content": "年幼的弟弟…呵呵…或许这才是真相",
            "time": "15-11-16 22:09"
        },
        {
            "comment id": 69,
            "parent": -1,
            "children": [],
            "user id": "1700607463",
            "user name": "nichi在hkAIA",
            "content": "回复@一朵花里:无法理解的社会。。",
            "time": "15-11-16 22:05"
        },
        {
            "comment id": 70,
            "parent": -1,
            "children": [],
            "user id": "2285712152",
            "user name": "氺墨丹靑",
            "content": "体罚应该属于犯法",
            "time": "15-11-16 22:04"
        },
        {
            "comment id": 71,
            "parent": -1,
            "children": [],
            "user id": "3015050421",
            "user name": "袁登坤",
            "content": "孩子一路走好。",
            "time": "15-11-16 22:03"
        },
        {
            "comment id": 72,
            "parent": -1,
            "children": [],
            "user id": "3015050421",
            "user name": "袁登坤",
            "content": "可怜的孩子",
            "time": "15-11-16 22:03"
        },
        {
            "comment id": 73,
            "parent": -1,
            "children": [],
            "user id": "1973862745",
            "user name": "飞来飞去的马甲1",
            "content": "唉……",
            "time": "15-11-16 22:00"
        },
        {
            "comment id": 74,
            "parent": -1,
            "children": [],
            "user id": "5186104241",
            "user name": "Genius-天才",
            "content": "都说天下父母心 怎么下得去手 我妈真是太温柔了 最多就瞪我一下而已 都不忍心打我",
            "time": "15-11-16 21:55"
        },
        {
            "comment id": 75,
            "parent": -1,
            "children": [],
            "user id": "2678784797",
            "user name": "好心的欧巴",
            "content": "好好学习的必要性",
            "time": "15-11-16 21:53"
        },
        {
            "comment id": 76,
            "parent": -1,
            "children": [],
            "user id": "2682865062",
            "user name": "弱弱子w",
            "content": "回复@深圳李玉芝:拜托能去掉女字吗",
            "time": "15-11-16 21:53"
        },
        {
            "comment id": 77,
            "parent": -1,
            "children": [],
            "user id": "2674461800",
            "user name": "妖溅",
            "content": "未成年保护法现在敢站出来么？不敢就改名吧",
            "time": "15-11-16 21:52"
        },
        {
            "comment id": 78,
            "parent": -1,
            "children": [],
            "user id": "2530268231",
            "user name": "不去吃茶去cc",
            "content": "",
            "time": "15-11-16 21:51"
        },
        {
            "comment id": 79,
            "parent": -1,
            "children": [],
            "user id": "2260481243",
            "user name": "这才是兮人啊",
            "content": "唉，我嫂子打我侄子也是很厉害，看到这条新闻好害怕",
            "time": "15-11-16 21:45"
        }
    ]
}