{
    "source": {
        "content": "她是复旦法语系的高材生，也是《超女》史上最高票数的总冠军；她是将电子音乐和前卫造型结合的唱作人，她以《我就这样》面对所有质疑，活出尚雯婕的态度。#我是巨星推荐人#一起@立白中国之星 ，推荐@尚雯婕 上#中国之星#，国际范的她更配格莱美的国际舞台。 ",
        "time": "15-11-16 20:49",
        "user id": "1642512402",
        "tweet id": "D49KMueLf",
        "label": 0,
        "theme": "文体娱乐"
    },
    "comment": [
        {
            "comment id": 0,
            "parent": -1,
            "children": [],
            "user id": "5715720458",
            "user name": "爱你一生一世201510",
            "content": "说实话，我不喜欢她的音乐，感觉没到那个味：",
            "time": "16-1-2 23:15"
        },
        {
            "comment id": 1,
            "parent": -1,
            "children": [],
            "user id": "2191251027",
            "user name": "毛毛个帅",
            "content": "痛仰被删的事你咋不说说！！！",
            "time": "15-12-20 16:42"
        },
        {
            "comment id": 2,
            "parent": -1,
            "children": [],
            "user id": "3759911135",
            "user name": "爱吃下面的王妈妈",
            "content": "支持",
            "time": "15-12-9 20:26"
        },
        {
            "comment id": 3,
            "parent": -1,
            "children": [],
            "user id": "5290445565",
            "user name": "鹏哥不系扣",
            "content": "良心节目，听到了，很多种不同风格的歌曲",
            "time": "15-11-23 08:28"
        },
        {
            "comment id": 4,
            "parent": -1,
            "children": [],
            "user id": "2515380813",
            "user name": "Luca_韩宁stl",
            "content": "虽然还没了解赛制到底咋回事儿，但看了一期还有介绍不错，我三个还是去征战吧，格莱美！！！",
            "time": "15-11-22 13:21"
        },
        {
            "comment id": 5,
            "parent": -1,
            "children": [],
            "user id": "2315569742",
            "user name": "是日比的昆",
            "content": "实打实的成绩，华语乐坛尚雯婕真的更适合去",
            "time": "15-11-22 00:55"
        },
        {
            "comment id": 6,
            "parent": -1,
            "children": [],
            "user id": "2154587420",
            "user name": "柏青哥高汉秀",
            "content": "说的没错   女神的MV我已不期待 一看太缺资金了  最好的MV也就数to McQueen了  只希望女神把今年的专辑做好 我耳朵太挑  我个人还是最喜欢in这张  其次最好的赞歌  恩赐之地也赞",
            "time": "15-11-21 22:17"
        },
        {
            "comment id": 7,
            "parent": -1,
            "children": [],
            "user id": "1649483590",
            "user name": "burning呦呦",
            "content": "[xkl转圈][江南style]",
            "time": "15-11-19 15:21"
        },
        {
            "comment id": 8,
            "parent": -1,
            "children": [],
            "user id": "1262741682",
            "user name": "繁花看尽",
            "content": "确实如此！",
            "time": "15-11-19 15:16"
        },
        {
            "comment id": 9,
            "parent": -1,
            "children": [],
            "user id": "5325861373",
            "user name": "这个见我必须要贩",
            "content": "大爱雯婕",
            "time": "15-11-19 13:06"
        },
        {
            "comment id": 10,
            "parent": -1,
            "children": [],
            "user id": "2709201540",
            "user name": "aralejoan",
            "content": "兜兜加油",
            "time": "15-11-19 11:49"
        },
        {
            "comment id": 11,
            "parent": -1,
            "children": [],
            "user id": "2409141395",
            "user name": "成定非",
            "content": "回复@任凯恩Kevin:不服氣呀",
            "time": "15-11-18 20:04"
        },
        {
            "comment id": 12,
            "parent": -1,
            "children": [],
            "user id": "2854796727",
            "user name": "经济学门生--翻盖儿牙",
            "content": "回复@漫天嫣语:我就是小老百姓，不像你这种脑残!把自己偶像装成逼了！",
            "time": "15-11-18 17:48"
        },
        {
            "comment id": 13,
            "parent": -1,
            "children": [],
            "user id": "2854796727",
            "user name": "经济学门生--翻盖儿牙",
            "content": "回复@漫天嫣语:shit!",
            "time": "15-11-18 17:46"
        },
        {
            "comment id": 14,
            "parent": -1,
            "children": [],
            "user id": "3073756167",
            "user name": "小远618",
            "content": "支持尚雯婕",
            "time": "15-11-18 17:04"
        },
        {
            "comment id": 15,
            "parent": -1,
            "children": [],
            "user id": "2409141395",
            "user name": "成定非",
            "content": "回复@尚高三:恩，好膩害",
            "time": "15-11-18 12:32"
        },
        {
            "comment id": 16,
            "parent": -1,
            "children": [],
            "user id": "3882659407",
            "user name": "一两千禧",
            "content": "回复@丁飞V:爸有钱就能上复旦，就能唱歌？何况真没钱。",
            "time": "15-11-18 12:12"
        },
        {
            "comment id": 17,
            "parent": -1,
            "children": [],
            "user id": "1794923882",
            "user name": "BB巴比",
            "content": "的确如此，能电子能深情的全能，能浑厚能华丽的唱腔，配合又异类又国际范儿的创作，国内目前来讲@尚雯婕 的确是最适合中国之星的～#我是巨星推荐人# @立白中国之星 @中国之星 @微博电视 ",
            "time": "15-11-18 11:24"
        },
        {
            "comment id": 18,
            "parent": -1,
            "children": [],
            "user id": "3210602655",
            "user name": "杜兰特35",
            "content": "国宴御用女歌手",
            "time": "15-11-18 10:39"
        },
        {
            "comment id": 19,
            "parent": -1,
            "children": [],
            "user id": "1767313703",
            "user name": "雲上莲Lian",
            "content": "尚雯婕很棒，她是正能量代表。",
            "time": "15-11-18 09:40"
        },
        {
            "comment id": 20,
            "parent": -1,
            "children": [],
            "user id": "1854334877",
            "user name": "改了微博名字你不知道是我",
            "content": "回复@经济学门生--翻盖儿牙:一个河北农业大学的学生你牛逼什么，给尚雯婕提鞋都不配。",
            "time": "15-11-17 23:39"
        },
        {
            "comment id": 21,
            "parent": -1,
            "children": [],
            "user id": "1854334877",
            "user name": "改了微博名字你不知道是我",
            "content": "回复@经济学门生--翻盖儿牙:哈哈哈 你说人家是卖唱的，好赖尚雯婕是复旦大学的高材生，人家不想干这个行业了，找个体面的工作根本不费事，那你的偶像是什么，是高级鸭卖笑的，一天靠脸哄着小萝莉开心而已，要演技没有演技要唱歌也不行，看看人家井柏然，人家才叫有演技呢。",
            "time": "15-11-17 23:37"
        },
        {
            "comment id": 22,
            "parent": -1,
            "children": [],
            "user id": "1820754137",
            "user name": "有三月_",
            "content": "回复@丁飞V:没有错，相信我铁粉不都是脑残粉₍ↂ⃙⃙⃚⃛_ↂ⃙⃙⃚⃛₎！看着我的眼睛",
            "time": "15-11-17 22:12"
        },
        {
            "comment id": 23,
            "parent": -1,
            "children": [],
            "user id": "2854796727",
            "user name": "经济学门生--翻盖儿牙",
            "content": "回复@漫天嫣语:fuck  you  forever,你说这话，果然是在证明你是脑残粉，一个卖唱的，一个就是你这种脑残，就应该让你去is做小媳妇吧，去伊拉克吧，那里更适合你这种脑残傻逼！",
            "time": "15-11-17 22:08"
        },
        {
            "comment id": 24,
            "parent": -1,
            "children": [],
            "user id": "2688961517",
            "user name": "爱是个未打开的未来",
            "content": "时间的力量最终信仰 the faith live versionBig UP 咆哮 点开了解，无需解释[威武]",
            "time": "15-11-17 22:02"
        },
        {
            "comment id": 25,
            "parent": -1,
            "children": [],
            "user id": "2256630314",
            "user name": "自杀手",
            "content": "尚雯婕什么歌唱节目都要来插一脚吗",
            "time": "15-11-17 21:24"
        },
        {
            "comment id": 26,
            "parent": -1,
            "children": [],
            "user id": "5500283291",
            "user name": "尚雯睫毛膏",
            "content": "流言纷纷，何必在意！！",
            "time": "15-11-17 19:15"
        },
        {
            "comment id": 27,
            "parent": -1,
            "children": [],
            "user id": "5509898850",
            "user name": "12456aaa201303",
            "content": "支持",
            "time": "15-11-17 18:38"
        },
        {
            "comment id": 28,
            "parent": -1,
            "children": [],
            "user id": "1186199301",
            "user name": "雅诗兰宣xuan",
            "content": "赞",
            "time": "15-11-17 18:04"
        },
        {
            "comment id": 29,
            "parent": -1,
            "children": [],
            "user id": "2409141395",
            "user name": "成定非",
            "content": "回复@唐盐不甜:你也是铁粉",
            "time": "15-11-17 16:58"
        },
        {
            "comment id": 30,
            "parent": -1,
            "children": [],
            "user id": "3514423902",
            "user name": "煎饼果子不加肠er",
            "content": "大学时期考的国家级奖学金，说她爸有钱的别走",
            "time": "15-11-17 16:38"
        },
        {
            "comment id": 31,
            "parent": -1,
            "children": [],
            "user id": "1875880087",
            "user name": "Floating-sky",
            "content": "一堆没文化的人找的都是老板跑路上个月无钱买TT的男友的像她偶像一样的蠢货，这月只能恶心犯酸！街边阴角处无痛人流排队去不送！！！",
            "time": "15-11-17 16:36"
        },
        {
            "comment id": 32,
            "parent": -1,
            "children": [],
            "user id": "3514423902",
            "user name": "煎饼果子不加肠er",
            "content": "就喜欢看你们酸",
            "time": "15-11-17 16:29"
        },
        {
            "comment id": 33,
            "parent": -1,
            "children": [],
            "user id": "2921788164",
            "user name": "小苏子1961",
            "content": "尚雯婕是一位有内涵的创作歌手，对这类气质型所谓“小众”歌手，希望随着国民素质·的整体提高而成为“大众”歌手",
            "time": "15-11-17 15:59"
        },
        {
            "comment id": 34,
            "parent": -1,
            "children": [],
            "user id": "1820754137",
            "user name": "有三月_",
            "content": "回复@丁飞V:是真的呀，尚大学靠奖学金读下来的，所以刚参加比赛那会儿超土",
            "time": "15-11-17 15:21"
        },
        {
            "comment id": 35,
            "parent": -1,
            "children": [],
            "user id": "1854334877",
            "user name": "改了微博名字你不知道是我",
            "content": "回复@经济学门生--翻盖儿牙:看你的头像，就知道谁家的脑残粉，毫无演技靠脸吃饭的偶像。",
            "time": "15-11-17 15:12"
        },
        {
            "comment id": 36,
            "parent": -1,
            "children": [],
            "user id": "2409141395",
            "user name": "成定非",
            "content": "回复@任凯恩Kevin:好过你就行了🖕🏻",
            "time": "15-11-17 13:46"
        },
        {
            "comment id": 37,
            "parent": -1,
            "children": [],
            "user id": "3200288177",
            "user name": "行走的丁一",
            "content": "回复@任凯恩Kevin:有病！",
            "time": "15-11-17 13:39"
        },
        {
            "comment id": 38,
            "parent": -1,
            "children": [],
            "user id": "2908980280",
            "user name": "simon_七分醉意三分醒",
            "content": "谢谢",
            "time": "15-11-17 13:28"
        },
        {
            "comment id": 39,
            "parent": -1,
            "children": [],
            "user id": "2409141395",
            "user name": "成定非",
            "content": "回复@看完烟火我就走:惹不起",
            "time": "15-11-17 13:08"
        },
        {
            "comment id": 40,
            "parent": -1,
            "children": [],
            "user id": "2409141395",
            "user name": "成定非",
            "content": "回复@看完烟火我就走:看来你是铁粉",
            "time": "15-11-17 13:07"
        },
        {
            "comment id": 41,
            "parent": -1,
            "children": [],
            "user id": "1351255973",
            "user name": "看完烟火我就走",
            "content": "回复@丁飞V:不在乎你信不信，呵呵",
            "time": "15-11-17 13:05"
        },
        {
            "comment id": 42,
            "parent": -1,
            "children": [],
            "user id": "2409141395",
            "user name": "成定非",
            "content": "回复@看完烟火我就走:你信，反正我不信",
            "time": "15-11-17 13:01"
        }
    ]
}