{
    "source": {
        "content": "【15岁学生写作业至凌晨猝死课堂 父亲发文追思】10日上午，河南某中学9年级学生宣云博在早读课上突然昏迷，抢救无效死亡。而孩子头天晚上写作业到12点多，早上6点20起床。其父写到：愿天下父母别再给孩子加压了！娃啊！每天睡那么少，爸爸知道你累了，从此再也没有压力了…（大河报） ",
        "time": "15-11-16 21:01",
        "user id": "1649173367",
        "tweet id": "D49Pjt4cl",
        "label": 0,
        "theme": "教育考试"
    },
    "comment": [
        {
            "comment id": 0,
            "parent": -1,
            "children": [],
            "user id": "5482166233",
            "user name": "暖心女1995",
            "content": "",
            "time": "15-12-20 07:25"
        },
        {
            "comment id": 1,
            "parent": -1,
            "children": [],
            "user id": "3245373880",
            "user name": "逗逗的小马达",
            "content": "六点二十起床。。我们当年晚自习六点半开始好么。。。",
            "time": "15-11-17 21:38"
        },
        {
            "comment id": 2,
            "parent": -1,
            "children": [],
            "user id": "3879274901",
            "user name": "鸡蛋番茄洞洞拐",
            "content": "学学校都不给学生教一些必备的医学急救常识，在这种关键时刻，旁边有人也不能起到稍微挽救的作用啊。😥😥😥伤心",
            "time": "15-11-17 16:56"
        },
        {
            "comment id": 3,
            "parent": -1,
            "children": [],
            "user id": "5678827524",
            "user name": "W白子煜W",
            "content": "哎，可怜天下父母心",
            "time": "15-11-17 13:46"
        },
        {
            "comment id": 4,
            "parent": -1,
            "children": [],
            "user id": "3311929383",
            "user name": "Mr钟亚博",
            "content": "我当年学校附近租房，经常写完作业去网吧玩通宵，第二天照常上课，竟然没死掉",
            "time": "15-11-17 08:48"
        },
        {
            "comment id": 5,
            "parent": -1,
            "children": [],
            "user id": "2012341833",
            "user name": "黑斯廷云雀",
            "content": "课业沉重的现实一直没改变过啊！想起当年读书时，老师家长都一昧的追求谁在桌子前的时间长，谁坐的久，谁昨天晚上最迟睡，从来没有考虑过孩子的身体怎样，精神怎样，过度压抑的结果就是大学时期的放纵，导致以后的孩子没有一个真正健康长大的。教育改革的口号都空喊多少年了，实质的东西从来没有改变！",
            "time": "15-11-17 08:17"
        },
        {
            "comment id": 6,
            "parent": -1,
            "children": [],
            "user id": "2708988975",
            "user name": "__Leslie__Chan__",
            "content": "回复@cloudbefore:←_←注意点咯  ",
            "time": "15-11-17 07:13"
        },
        {
            "comment id": 7,
            "parent": -1,
            "children": [],
            "user id": "2415485161",
            "user name": "锤锤带你飞",
            "content": "我以前都是21点30睡，6点30起，但是现在天天挨呲，还是小时候努努力熬熬夜，总比长大后熬夜强",
            "time": "15-11-17 06:53"
        },
        {
            "comment id": 8,
            "parent": -1,
            "children": [],
            "user id": "2656369913",
            "user name": "喵酱不是傲娇",
            "content": "想当年高中时   每天早上起那么早去早读  为的就是高考时的5分   于是我每次早读都各种神游天外  默写次次全对  于是每天不去早读  到了教室直接放书包出去做早操 ",
            "time": "15-11-17 05:40"
        },
        {
            "comment id": 9,
            "parent": -1,
            "children": [],
            "user id": "3226390845",
            "user name": "早睡早起精神好哇",
            "content": "中国式教育会让人很早的时候就丧失掉了这种非常精力充沛的阶段，因为已经用在了小时侯学习上，至于好坏，总体来看，未知，对个人来说肯定有好有坏。",
            "time": "15-11-17 03:52"
        },
        {
            "comment id": 10,
            "parent": -1,
            "children": [],
            "user id": "3058605511",
            "user name": "DHYPluto",
            "content": "额，身体有点不好呀，原来我们初中都是5:40起，11点睡",
            "time": "15-11-17 03:00"
        },
        {
            "comment id": 11,
            "parent": -1,
            "children": [],
            "user id": "2253102972",
            "user name": "aliveodie",
            "content": "老子初中每天两点睡家常便饭啊啊。。。",
            "time": "15-11-17 00:57"
        },
        {
            "comment id": 12,
            "parent": -1,
            "children": [],
            "user id": "1977674947",
            "user name": "TheMyThend",
            "content": "回复@iiiiiiix:没事的。相信我",
            "time": "15-11-17 00:28"
        },
        {
            "comment id": 13,
            "parent": -1,
            "children": [],
            "user id": "3176229201",
            "user name": "cloudbefore",
            "content": "回复@__锦小玲儿:我害怕",
            "time": "15-11-17 00:27"
        },
        {
            "comment id": 14,
            "parent": -1,
            "children": [],
            "user id": "3226162425",
            "user name": "一米八二只说一米八",
            "content": "回复@X璐酱:这么多课！！快睡吧！",
            "time": "15-11-17 00:25"
        },
        {
            "comment id": 15,
            "parent": -1,
            "children": [],
            "user id": "1927779604",
            "user name": "X璐酱",
            "content": "回复@最近玩上了昆特牌:嗯！我看到这个默默的不说话了，所以我现在要睡了！妈的明天还要上课！",
            "time": "15-11-17 00:21"
        },
        {
            "comment id": 16,
            "parent": -1,
            "children": [],
            "user id": "1106581365",
            "user name": "品味男士v",
            "content": "",
            "time": "15-11-17 00:20"
        },
        {
            "comment id": 17,
            "parent": -1,
            "children": [],
            "user id": "3226162425",
            "user name": "一米八二只说一米八",
            "content": "你说你昨天睡三个小时去上课😳@X璐酱",
            "time": "15-11-17 00:17"
        },
        {
            "comment id": 18,
            "parent": -1,
            "children": [],
            "user id": "5618087017",
            "user name": "夏夏天西瓜",
            "content": "话说我高中的时候一直学习到12点多，考研的时候都快1点了，我周围同学也是，那时候精神高度紧张。怎么就没人质疑家长这么说是想多向学校讹点钱呢，难道只有我这么想么。",
            "time": "15-11-16 23:42"
        },
        {
            "comment id": 19,
            "parent": -1,
            "children": [],
            "user id": "2708988975",
            "user name": "__Leslie__Chan__",
            "content": "@cloudbefore    ←_←报告",
            "time": "15-11-16 23:37"
        },
        {
            "comment id": 20,
            "parent": -1,
            "children": [],
            "user id": "1797784225",
            "user name": "昌记1985",
            "content": "中国式教育害人不浅",
            "time": "15-11-16 23:35"
        },
        {
            "comment id": 21,
            "parent": -1,
            "children": [],
            "user id": "1645543321",
            "user name": "春末夏末",
            "content": "心肌炎怎么和劳累关系不大？心肌炎最怕劳累。如果得了心肌炎，要绝对卧床休息的。",
            "time": "15-11-16 23:20"
        },
        {
            "comment id": 22,
            "parent": -1,
            "children": [],
            "user id": "2825630382",
            "user name": "凡人QIU俊兴",
            "content": "这个学生死于谋杀",
            "time": "15-11-16 23:14"
        },
        {
            "comment id": 23,
            "parent": -1,
            "children": [],
            "user id": "1798616667",
            "user name": "Kedooona",
            "content": "我们当时老师要求6点50必须坐到教室开始早读，真的太变态，晚上下自习回去就十点半，还别说写作业什么的",
            "time": "15-11-16 23:04"
        },
        {
            "comment id": 24,
            "parent": -1,
            "children": [],
            "user id": "2881281121",
            "user name": "小芝芝的芝",
            "content": "一直以为读书累死只是红楼梦里的夸张，现在看到这个新闻觉得不寒而栗，读书居然真能死人",
            "time": "15-11-16 23:04"
        },
        {
            "comment id": 25,
            "parent": -1,
            "children": [],
            "user id": "2881281121",
            "user name": "小芝芝的芝",
            "content": "回复@bzfdu:中国好爸爸",
            "time": "15-11-16 23:01"
        },
        {
            "comment id": 26,
            "parent": -1,
            "children": [],
            "user id": "3200921777",
            "user name": "竹本无心心心",
            "content": "当初写作业写到那么晚！真是后悔，我付出了不小的代价！感谢上天不收走我！",
            "time": "15-11-16 22:57"
        },
        {
            "comment id": 27,
            "parent": -1,
            "children": [],
            "user id": "1885607250",
            "user name": "参谋长推波是骗子",
            "content": "真心觉得学生太辛苦了 下班回到家里洗个澡下去吃饭都看到学生刚刚放学，。。。老子以后的孩子想想都替他高兴 绝不虐待他",
            "time": "15-11-16 22:44"
        },
        {
            "comment id": 28,
            "parent": -1,
            "children": [],
            "user id": "2146039843",
            "user name": "茨木小天使来爱我一次",
            "content": "回复@lising爱而为一:全国都是这样的，理解",
            "time": "15-11-16 22:41"
        },
        {
            "comment id": 29,
            "parent": -1,
            "children": [],
            "user id": "5344711038",
            "user name": "一千万彩票没有兑现到",
            "content": "别的孩子呢？在此强烈要求改革我们的教育体制。",
            "time": "15-11-16 22:41"
        },
        {
            "comment id": 30,
            "parent": -1,
            "children": [],
            "user id": "2146039843",
            "user name": "茨木小天使来爱我一次",
            "content": "笑了学习晚了不行熬夜打游戏就呵呵",
            "time": "15-11-16 22:40"
        },
        {
            "comment id": 31,
            "parent": -1,
            "children": [],
            "user id": "2169330677",
            "user name": "草莓一个酱",
            "content": "一点睡六点起，经常为了多睡几分钟而不吃饭，现在想想，还好我那时候没死掉请善待下一代",
            "time": "15-11-16 22:26"
        },
        {
            "comment id": 32,
            "parent": -1,
            "children": [],
            "user id": "5677472298",
            "user name": "右耳朵的私人生活",
            "content": "无论是不是身体本来有问题，单看如此繁重的作业，正常吗？这是“好”学校“好”老师“好”学生必须要做的？",
            "time": "15-11-16 22:24"
        },
        {
            "comment id": 33,
            "parent": -1,
            "children": [],
            "user id": "1671852135",
            "user name": "几麻烦几",
            "content": "不管是不是体质原因，一个孩子，一个正在成长的孩子，每天睡眠时间6小时候——还不是熟睡时间！呵呵哒。就象空气和水份，拥有时不觉得，但是健康是会被消耗的，健康重要还是分数更重要？何况说得不好听，现在的学生学习的是什么？我们那时候学校贴的是德智体美劳。可不是分数。",
            "time": "15-11-16 22:16"
        },
        {
            "comment id": 34,
            "parent": -1,
            "children": [],
            "user id": "1671852135",
            "user name": "几麻烦几",
            "content": "十多年前，有一回因为要接货过磅，我通宵未睡，五点多吧，车来了。出城过完磅后回到城里，吃早饭。天还是黑麻麻的，路灯还是昏黄的。冬天。反正就跟晚上一个样。还不到七点。那个餐厅里，几乎全是背着书包的学生。我当时的感触居然是：幸好我不要再读书了。我一直奇怪，为什么我们这边一直是八点上课",
            "time": "15-11-16 22:14"
        },
        {
            "comment id": 35,
            "parent": -1,
            "children": [],
            "user id": "5648625406",
            "user name": "名叫长頸鹿的猫_",
            "content": "",
            "time": "15-11-16 22:10"
        },
        {
            "comment id": 36,
            "parent": -1,
            "children": [],
            "user id": "5553135501",
            "user name": "Hinsects",
            "content": "好难过…",
            "time": "15-11-16 22:09"
        },
        {
            "comment id": 37,
            "parent": -1,
            "children": [],
            "user id": "5669246393",
            "user name": "是小羽羽羽羽",
            "content": "一点半到六点的我表示沉默",
            "time": "15-11-16 22:09"
        },
        {
            "comment id": 38,
            "parent": -1,
            "children": [],
            "user id": "3766519045",
            "user name": "小苏不失眠",
            "content": "回复@农村小嘎子Z:拍照我检查。",
            "time": "15-11-16 22:00"
        },
        {
            "comment id": 39,
            "parent": -1,
            "children": [],
            "user id": "2200908701",
            "user name": "农村小嘎子Z",
            "content": "回复@我要搬家5:评论有声音的好不好，听到声音我就回了",
            "time": "15-11-16 21:59"
        },
        {
            "comment id": 40,
            "parent": -1,
            "children": [],
            "user id": "3766519045",
            "user name": "小苏不失眠",
            "content": "回复@农村小嘎子Z:正在看书还能秒回！",
            "time": "15-11-16 21:58"
        },
        {
            "comment id": 41,
            "parent": -1,
            "children": [],
            "user id": "2200908701",
            "user name": "农村小嘎子Z",
            "content": "回复@我要搬家5:正在看书",
            "time": "15-11-16 21:58"
        },
        {
            "comment id": 42,
            "parent": -1,
            "children": [],
            "user id": "5707738530",
            "user name": "天是故乡的蓝",
            "content": "善待童少年，善待我们的下一代，不要过多的家庭作业压坏他们稚嫩的脊梁，培养一个健康的孩子远超灌输一本奥数。@耒阳城事 @耒阳生活圈 ",
            "time": "15-11-16 21:57"
        },
        {
            "comment id": 43,
            "parent": -1,
            "children": [],
            "user id": "3766519045",
            "user name": "小苏不失眠",
            "content": "回复@农村小嘎子Z:请问你学习了吗今晚",
            "time": "15-11-16 21:57"
        },
        {
            "comment id": 44,
            "parent": -1,
            "children": [],
            "user id": "2668327971",
            "user name": "Mr-Han小少",
            "content": "一定要有一个棒棒的身体！",
            "time": "15-11-16 21:57"
        },
        {
            "comment id": 45,
            "parent": -1,
            "children": [],
            "user id": "5733081102",
            "user name": "nnnnnnoni",
            "content": "@TheMyThend 天天",
            "time": "15-11-16 21:48"
        },
        {
            "comment id": 46,
            "parent": -1,
            "children": [],
            "user id": "1994965255",
            "user name": "Hhao一",
            "content": "学生不要有那么多压力",
            "time": "15-11-16 21:46"
        },
        {
            "comment id": 47,
            "parent": -1,
            "children": [],
            "user id": "5739986138",
            "user name": "膝盖跪到了地上",
            "content": "我每天都这样我怎么还没死？",
            "time": "15-11-16 21:43"
        },
        {
            "comment id": 48,
            "parent": -1,
            "children": [],
            "user id": "2200908701",
            "user name": "农村小嘎子Z",
            "content": "回复@我要搬家5:嗯，能能",
            "time": "15-11-16 21:42"
        },
        {
            "comment id": 49,
            "parent": -1,
            "children": [],
            "user id": "3766519045",
            "user name": "小苏不失眠",
            "content": "回复@农村小嘎子Z:才不是。我学的时候也很刻苦的。主要是得科学学习",
            "time": "15-11-16 21:42"
        },
        {
            "comment id": 50,
            "parent": -1,
            "children": [],
            "user id": "2155328514",
            "user name": "放虎归山龙得水",
            "content": "孩子安息！",
            "time": "15-11-16 21:40"
        },
        {
            "comment id": 51,
            "parent": -1,
            "children": [],
            "user id": "5385059636",
            "user name": "抱抱cc大魔王",
            "content": "不行 评论里说体质好的 我是真先天体质差。初中的时候中考要考体育 每天出两遍跑操 到家吃完饭八点就困了。然后睡到第二天八点。天天迟到罚站 不这样我也死了",
            "time": "15-11-16 21:40"
        },
        {
            "comment id": 52,
            "parent": -1,
            "children": [],
            "user id": "5634687916",
            "user name": "依公馆",
            "content": "向每天睡眠不足7小时的学生默哀 醒醒吧",
            "time": "15-11-16 21:39"
        },
        {
            "comment id": 53,
            "parent": -1,
            "children": [],
            "user id": "2219655271",
            "user name": "红蓝无所谓",
            "content": "可能是病毒性心肌炎",
            "time": "15-11-16 21:39"
        },
        {
            "comment id": 54,
            "parent": -1,
            "children": [],
            "user id": "2716843601",
            "user name": "深则是忘年",
            "content": "事实上现在的很多娃娃贪玩的不可理喻！",
            "time": "15-11-16 21:39"
        },
        {
            "comment id": 55,
            "parent": -1,
            "children": [],
            "user id": "5634687916",
            "user name": "依公馆",
            "content": "身体比学习重要 一切顺其自然 命运安排",
            "time": "15-11-16 21:38"
        },
        {
            "comment id": 56,
            "parent": -1,
            "children": [],
            "user id": "1769869792",
            "user name": "章鱼哥R",
            "content": "家长责任呢",
            "time": "15-11-16 21:36"
        },
        {
            "comment id": 57,
            "parent": -1,
            "children": [],
            "user id": "2200908701",
            "user name": "农村小嘎子Z",
            "content": "回复@我要搬家5:终于给自己玩找了一个正大光明的理由了",
            "time": "15-11-16 21:35"
        },
        {
            "comment id": 58,
            "parent": -1,
            "children": [],
            "user id": "2154916820",
            "user name": "江天美景",
            "content": "15岁学生写作业至凌晨猝死",
            "time": "15-11-16 21:34"
        },
        {
            "comment id": 59,
            "parent": -1,
            "children": [],
            "user id": "1291783933",
            "user name": "MOOR_EEFFOC",
            "content": "第5张图都说了孩子大概本身心脏就不太好，劳累只是个诱因。报道能不能别这么瞎扇呼",
            "time": "15-11-16 21:34"
        },
        {
            "comment id": 60,
            "parent": -1,
            "children": [],
            "user id": "3895506634",
            "user name": "倾听花开的声音SK",
            "content": "这就是中国的教育",
            "time": "15-11-16 21:33"
        },
        {
            "comment id": 61,
            "parent": -1,
            "children": [],
            "user id": "3766519045",
            "user name": "小苏不失眠",
            "content": "@农村小嘎子Z 劳逸结合。不能老是学",
            "time": "15-11-16 21:31"
        },
        {
            "comment id": 62,
            "parent": -1,
            "children": [],
            "user id": "2992214705",
            "user name": "Fitz_liang",
            "content": "",
            "time": "15-11-16 21:30"
        },
        {
            "comment id": 63,
            "parent": -1,
            "children": [],
            "user id": "3180903800",
            "user name": "cuI_Cw",
            "content": "回复@听着川剧吃米花儿糖:那谢谢啦～",
            "time": "15-11-16 21:29"
        },
        {
            "comment id": 64,
            "parent": -1,
            "children": [],
            "user id": "5261042558",
            "user name": "HarperPeng",
            "content": "让我想到吴征宇前几天说费曼作业太多",
            "time": "15-11-16 21:28"
        },
        {
            "comment id": 65,
            "parent": -1,
            "children": [],
            "user id": "1915100003",
            "user name": "长亭外外外",
            "content": "全国初三，高一，高二，高三的学生加起来应该接近两千万了。两千万中难免有几个累死的。几率呢，也是千万分之一，或者是百万分之一。",
            "time": "15-11-16 21:27"
        },
        {
            "comment id": 66,
            "parent": -1,
            "children": [],
            "user id": "5744370835",
            "user name": "周之之的之",
            "content": "额 我高二都是做题到2点 早上630起床.....",
            "time": "15-11-16 21:25"
        },
        {
            "comment id": 67,
            "parent": -1,
            "children": [],
            "user id": "5557351939",
            "user name": "半生缘TUYUDING",
            "content": "这个孩子可能身体不是很强壮，我儿子上高中时也是作业多，但是他做作业速度快，一般在十点就可以休息了，早上六点起床，双休在家作业也只是做一两个小时就好了，现在也是本一学生，其实少年还是要努力，把握好度就可以，万事不能强求。",
            "time": "15-11-16 21:24"
        },
        {
            "comment id": 68,
            "parent": -1,
            "children": [],
            "user id": "3288168755",
            "user name": "周美平子",
            "content": "🙏🙏🙏",
            "time": "15-11-16 21:23"
        },
        {
            "comment id": 69,
            "parent": -1,
            "children": [],
            "user id": "2901546175",
            "user name": "扎斯特-莱特狗",
            "content": "这父亲早干嘛去了",
            "time": "15-11-16 21:22"
        },
        {
            "comment id": 70,
            "parent": -1,
            "children": [],
            "user id": "1668335797",
            "user name": "轻舟飞渡-",
            "content": "教育越来越不像话了，留的作业越来越多",
            "time": "15-11-16 21:21"
        },
        {
            "comment id": 71,
            "parent": -1,
            "children": [],
            "user id": "2369794190",
            "user name": "王源宝宝清晨来到树下读书",
            "content": "高三一年 十二点前没睡过觉 每天熬到一两点",
            "time": "15-11-16 21:21"
        },
        {
            "comment id": 72,
            "parent": -1,
            "children": [],
            "user id": "5603314023",
            "user name": "Re-S-mily",
            "content": "这种怪教育我已经不在幻想了，现在读高中，拼的就是体质，作业到凌晨已是家常便饭",
            "time": "15-11-16 21:19"
        },
        {
            "comment id": 73,
            "parent": -1,
            "children": [],
            "user id": "1869816810",
            "user name": "奔跑者_Larch",
            "content": "说句可能被骂的话，这孩子体质绝对有问题，想当年我们也都是这么过来的，河南哪一个学生没有这样的经历，有的学霸拿着手电躲在厕所里看到一两点第二天依旧精神抖擞，在看高校中的硕博士，为了赶进度，熬夜都太正常了，而且12点应该还不算熬夜吧……",
            "time": "15-11-16 21:19"
        },
        {
            "comment id": 74,
            "parent": -1,
            "children": [],
            "user id": "1858975084",
            "user name": "Baby_grand",
            "content": "回复@cuI_Cw:恩，我承认我说的话有问题，确实不太合适，主要是看到这个新闻的时候第一反应就是这个，你帮我想吧，我道歉",
            "time": "15-11-16 21:18"
        },
        {
            "comment id": 75,
            "parent": -1,
            "children": [],
            "user id": "2160100811",
            "user name": "poiu1234_",
            "content": "fuck",
            "time": "15-11-16 21:16"
        },
        {
            "comment id": 76,
            "parent": -1,
            "children": [],
            "user id": "5603314023",
            "user name": "Re-S-mily",
            "content": "我初三每天作业一直写到不少于十二点，五点半起床，每天就睡四~六个小时，照样熬了过来",
            "time": "15-11-16 21:16"
        },
        {
            "comment id": 77,
            "parent": -1,
            "children": [],
            "user id": "1199746357",
            "user name": "光年未至123456",
            "content": "孩子猝死固然是一件让人悲痛的事，但把猝死归结为孩子作业多这未免非常可笑，甚至还有让学校赔偿的祸心。青少年的心源性猝死其实还是蛮多发的，但我却从未听说过某个班级因为学生作业多而连续出现猝死情况。少壮不努力，老大徒伤悲。孩子小时候肯定要努力，但不要到损害身体的程度就可以了",
            "time": "15-11-16 21:13"
        },
        {
            "comment id": 78,
            "parent": -1,
            "children": [],
            "user id": "3180903800",
            "user name": "cuI_Cw",
            "content": "回复@听着川剧吃米花儿糖:自然选择？ 哥们要不要换个词？",
            "time": "15-11-16 21:13"
        },
        {
            "comment id": 79,
            "parent": -1,
            "children": [],
            "user id": "1706965377",
            "user name": "伏特加里的虎鲸",
            "content": "我们以前也是，而且教师还鼓励我们攀比谁熬夜时间久…还好没死…现在想想好弱智，还影响了身体发育",
            "time": "15-11-16 21:12"
        }
    ]
}