{
    "source": {
        "content": "【真是说到心坎里了。。。】我们认识的人越来越多，深交的人却越来越少。为什么不爱发朋友圈了，真是说到心坎里了。。。深有感触。。。太现实了。。。可爱的，一定真实而纯粹。by网络最神奇的秒拍视频 ",
        "time": "15-11-16 19:59",
        "user id": "1642512402",
        "tweet id": "D49qxcbce",
        "label": 0,
        "theme": "文体娱乐"
    },
    "comment": [
        {
            "comment id": 0,
            "parent": -1,
            "children": [],
            "user id": "5383091887",
            "user name": "绿光晨夏",
            "content": "真的，",
            "time": "15-12-28 15:02"
        },
        {
            "comment id": 1,
            "parent": -1,
            "children": [],
            "user id": "5364086928",
            "user name": "_Purple千纸鹤",
            "content": "",
            "time": "15-12-27 13:25"
        },
        {
            "comment id": 2,
            "parent": -1,
            "children": [],
            "user id": "2120822124",
            "user name": "雷Y-M",
            "content": "@YGJZ__DM",
            "time": "15-11-20 00:02"
        },
        {
            "comment id": 3,
            "parent": -1,
            "children": [],
            "user id": "3228794233",
            "user name": "回锅千斤顶",
            "content": "@small小小慧",
            "time": "15-11-18 23:06"
        },
        {
            "comment id": 4,
            "parent": -1,
            "children": [],
            "user id": "3895838221",
            "user name": "三世烟火十年橙心",
            "content": "说到心坎里了。",
            "time": "15-11-18 21:35"
        },
        {
            "comment id": 5,
            "parent": -1,
            "children": [],
            "user id": "1296400854",
            "user name": "MandyXie",
            "content": "朋友圈里除了大量的代购信息，就是转发一些不经证实的标题党文章。",
            "time": "15-11-18 10:35"
        },
        {
            "comment id": 6,
            "parent": -1,
            "children": [],
            "user id": "5599795243",
            "user name": "悠兰wj",
            "content": "生活真是这样！好有情怀！",
            "time": "15-11-17 21:11"
        },
        {
            "comment id": 7,
            "parent": -1,
            "children": [],
            "user id": "2981285807",
            "user name": "落寞哦了",
            "content": "通讯录里的联系人越来越多，确真正失去了想要关心的人",
            "time": "15-11-17 17:54"
        },
        {
            "comment id": 8,
            "parent": -1,
            "children": [],
            "user id": "2981285807",
            "user name": "落寞哦了",
            "content": "我们认识的人越来越多，深交的人确越来越少",
            "time": "15-11-17 17:53"
        },
        {
            "comment id": 9,
            "parent": -1,
            "children": [],
            "user id": "3759695194",
            "user name": "Li丶Zhen",
            "content": "熟悉的陌生人 ~",
            "time": "15-11-17 15:39"
        },
        {
            "comment id": 10,
            "parent": -1,
            "children": [],
            "user id": "3217188093",
            "user name": "今晚数了一只羊-",
            "content": "@西米鸡米花oye",
            "time": "15-11-17 14:37"
        },
        {
            "comment id": 11,
            "parent": -1,
            "children": [],
            "user id": "2268717750",
            "user name": "犀利柠檬",
            "content": "同感",
            "time": "15-11-17 12:12"
        },
        {
            "comment id": 12,
            "parent": -1,
            "children": [],
            "user id": "1277671311",
            "user name": "橙鲟",
            "content": "最后结束的有点突然",
            "time": "15-11-17 01:39"
        },
        {
            "comment id": 13,
            "parent": -1,
            "children": [],
            "user id": "2758653397",
            "user name": "早上睡不醒吖",
            "content": "依旧",
            "time": "15-11-16 23:51"
        },
        {
            "comment id": 14,
            "parent": -1,
            "children": [],
            "user id": "2390381672",
            "user name": "Clivia_Wang",
            "content": "说出了心声，几乎有一年没有更新了。",
            "time": "15-11-16 23:37"
        },
        {
            "comment id": 15,
            "parent": -1,
            "children": [],
            "user id": "2946089853",
            "user name": "肉司1116",
            "content": "",
            "time": "15-11-16 23:36"
        },
        {
            "comment id": 16,
            "parent": -1,
            "children": [],
            "user id": "1885528025",
            "user name": "我的七色堇",
            "content": "朋友圈不是有种功能叫 谁可以看 谁不可以看   么？",
            "time": "15-11-16 23:35"
        },
        {
            "comment id": 17,
            "parent": -1,
            "children": [],
            "user id": "3796537380",
            "user name": "涓子083",
            "content": "真实的不能再真实了",
            "time": "15-11-16 23:14"
        },
        {
            "comment id": 18,
            "parent": -1,
            "children": [],
            "user id": "5637513941",
            "user name": "yyqx粉丝真垃圾",
            "content": "不可能",
            "time": "15-11-16 22:59"
        },
        {
            "comment id": 19,
            "parent": -1,
            "children": [],
            "user id": "5590161289",
            "user name": "_________修37617",
            "content": "",
            "time": "15-11-16 22:43"
        },
        {
            "comment id": 20,
            "parent": -1,
            "children": [],
            "user id": "1876496677",
            "user name": "吃货的小梦想Q",
            "content": "朋友圈是发吃喝玩乐的～小情绪留给微博～",
            "time": "15-11-16 22:43"
        },
        {
            "comment id": 21,
            "parent": -1,
            "children": [],
            "user id": "3496680711",
            "user name": "-安陌夕94",
            "content": "我们认识的人越来越多了，但是值得深交的人却越来越少了，珍惜自己的知心朋友",
            "time": "15-11-16 22:27"
        },
        {
            "comment id": 22,
            "parent": -1,
            "children": [],
            "user id": "5023456521",
            "user name": "蓝儿小梦",
            "content": "回复@懒羊羊_47983:让自己充实起来",
            "time": "15-11-16 22:24"
        },
        {
            "comment id": 23,
            "parent": -1,
            "children": [],
            "user id": "3931387195",
            "user name": "EVER-THING",
            "content": "然后没有了",
            "time": "15-11-16 21:42"
        },
        {
            "comment id": 24,
            "parent": -1,
            "children": [],
            "user id": "1901902117",
            "user name": "ZS_涟漪",
            "content": "说出心里话",
            "time": "15-11-16 21:27"
        },
        {
            "comment id": 25,
            "parent": -1,
            "children": [],
            "user id": "2696570183",
            "user name": "Deutsche-Belief",
            "content": "朋友并不一定在多，而在于真而纯粹，",
            "time": "15-11-16 21:11"
        },
        {
            "comment id": 26,
            "parent": -1,
            "children": [],
            "user id": "1246796293",
            "user name": "嗑瓜子的喵小姐",
            "content": "自然而然，小号来了！！",
            "time": "15-11-16 21:09"
        },
        {
            "comment id": 27,
            "parent": -1,
            "children": [],
            "user id": "5542556438",
            "user name": "渔儿-贺兰悠",
            "content": "每一句话都如我心里所想。句句戳心。",
            "time": "15-11-16 21:07"
        },
        {
            "comment id": 28,
            "parent": -1,
            "children": [],
            "user id": "5328859292",
            "user name": "fuyd一迪",
            "content": "喜欢这个旁白的语气和表达",
            "time": "15-11-16 20:57"
        },
        {
            "comment id": 29,
            "parent": -1,
            "children": [],
            "user id": "1654302995",
            "user name": "醒世o",
            "content": "我们认识的人越来越多，深交的人却越来越少。.....",
            "time": "15-11-16 20:56"
        },
        {
            "comment id": 30,
            "parent": -1,
            "children": [],
            "user id": "3462232454",
            "user name": "半醉人生lf",
            "content": "转发微博",
            "time": "15-11-16 20:56"
        },
        {
            "comment id": 31,
            "parent": -1,
            "children": [],
            "user id": "5344645251",
            "user name": "卡卡羲儿",
            "content": "果然好幾年沒發過狀態了",
            "time": "15-11-16 20:51"
        },
        {
            "comment id": 32,
            "parent": -1,
            "children": [],
            "user id": "5697468342",
            "user name": "雪半落0803",
            "content": "希望我和我的老朋友们再见时，无论分开了多久都能像从没分开一样熟悉，客气。。。。。。。。[纠结]",
            "time": "15-11-16 20:50"
        },
        {
            "comment id": 33,
            "parent": -1,
            "children": [],
            "user id": "2540367385",
            "user name": "风景曾谙天涯月",
            "content": "转发微博",
            "time": "15-11-16 20:50"
        },
        {
            "comment id": 34,
            "parent": -1,
            "children": [],
            "user id": "5384524448",
            "user name": "火曰立祺",
            "content": "我们认识的人越来越多，深交的人却越来越少；点的赞越来越多，其实是不知道应该说些什么；通讯录里的名字越来越多，却渐渐失去了我们真正想关心的人的消息。",
            "time": "15-11-16 20:49"
        },
        {
            "comment id": 35,
            "parent": -1,
            "children": [],
            "user id": "1769108500",
            "user name": "Do_js",
            "content": "不是可以分组嘛，想让谁看不到 让谁看到  就选哪组",
            "time": "15-11-16 20:44"
        },
        {
            "comment id": 36,
            "parent": -1,
            "children": [],
            "user id": "1848703817",
            "user name": "杨佑伟",
            "content": "纯发[泪流满面]",
            "time": "15-11-16 20:40"
        },
        {
            "comment id": 37,
            "parent": -1,
            "children": [],
            "user id": "3383511280",
            "user name": "意-公子",
            "content": "说的真好",
            "time": "15-11-16 20:39"
        },
        {
            "comment id": 38,
            "parent": -1,
            "children": [],
            "user id": "3908857319",
            "user name": "胖月半77",
            "content": "@金金虫里flj",
            "time": "15-11-16 20:37"
        },
        {
            "comment id": 39,
            "parent": -1,
            "children": [],
            "user id": "2190459921",
            "user name": "曦月楠木",
            "content": "因为一开始发那些微博，写那些评论是为了得到更多人的注意，成为焦点；但是后来发现那只是自欺欺人，迎合，讨好，假装，丧失了最真实的自己。",
            "time": "15-11-16 20:28"
        },
        {
            "comment id": 40,
            "parent": -1,
            "children": [],
            "user id": "3661237765",
            "user name": "阿烦德提",
            "content": "现实的、、、、、、就是一切。以后、再说。",
            "time": "15-11-16 20:26"
        },
        {
            "comment id": 41,
            "parent": -1,
            "children": [],
            "user id": "3125908621",
            "user name": "你质疑自己的尺寸吗",
            "content": "",
            "time": "15-11-16 20:24"
        },
        {
            "comment id": 42,
            "parent": -1,
            "children": [],
            "user id": "2414466957",
            "user name": "悟务无物勿误",
            "content": "@在那山的那边_海的那边 @Sara_噻挼_思密哒 说的真棒！！！！",
            "time": "15-11-16 20:22"
        },
        {
            "comment id": 43,
            "parent": -1,
            "children": [],
            "user id": "1742109713",
            "user name": "怎能让时光蹉跎了梦想",
            "content": "",
            "time": "15-11-16 20:21"
        },
        {
            "comment id": 44,
            "parent": -1,
            "children": [],
            "user id": "2482211075",
            "user name": "这有一条缝",
            "content": "矫情，分组，屏蔽都不会",
            "time": "15-11-16 20:20"
        },
        {
            "comment id": 45,
            "parent": -1,
            "children": [],
            "user id": "1777759125",
            "user name": "Rayna紅哥",
            "content": "微信一开始只是很好的朋友才加，后来又加了一堆只是认识的，再后来父母亲戚都加了，，，然后已经不知道朋友圈能发什么了",
            "time": "15-11-16 20:20"
        },
        {
            "comment id": 46,
            "parent": -1,
            "children": [],
            "user id": "2280892830",
            "user name": "行走的小熊猫",
            "content": "句句戳心！他不能再交流情感了，还有什么用！用了不如不用！",
            "time": "15-11-16 20:15"
        },
        {
            "comment id": 47,
            "parent": -1,
            "children": [],
            "user id": "5573200356",
            "user name": "雨燕Jane",
            "content": "说的真对",
            "time": "15-11-16 20:15"
        },
        {
            "comment id": 48,
            "parent": -1,
            "children": [],
            "user id": "5399479269",
            "user name": "钕铁硼钐钴磁钢",
            "content": "为么不能看",
            "time": "15-11-16 20:15"
        },
        {
            "comment id": 49,
            "parent": -1,
            "children": [],
            "user id": "3043905101",
            "user name": "五常厨子",
            "content": "更多的是没有对的人去看了吧",
            "time": "15-11-16 20:14"
        },
        {
            "comment id": 50,
            "parent": -1,
            "children": [],
            "user id": "1247659917",
            "user name": "澈水溶凘",
            "content": "",
            "time": "15-11-16 20:14"
        },
        {
            "comment id": 51,
            "parent": -1,
            "children": [],
            "user id": "1807616743",
            "user name": "__HARU-XD",
            "content": "回复@花花世界D乌托邦:是啊 真实 我有两个号 不熟的加",
            "time": "15-11-16 20:13"
        },
        {
            "comment id": 52,
            "parent": -1,
            "children": [],
            "user id": "1913488167",
            "user name": "Mr_老莫",
            "content": "朋友圈已删，以前图片狂都已删除。",
            "time": "15-11-16 20:10"
        },
        {
            "comment id": 53,
            "parent": -1,
            "children": [],
            "user id": "1298322331",
            "user name": "pp2030",
            "content": "然后便没有了然后",
            "time": "15-11-16 20:10"
        },
        {
            "comment id": 54,
            "parent": -1,
            "children": [],
            "user id": "5308396800",
            "user name": "vgddchj",
            "content": "嘁！",
            "time": "15-11-16 20:10"
        },
        {
            "comment id": 55,
            "parent": -1,
            "children": [],
            "user id": "2058285984",
            "user name": "边缘power",
            "content": "保持距离才有感觉，太近了反而容易产生厌恶感。",
            "time": "15-11-16 20:10"
        },
        {
            "comment id": 56,
            "parent": -1,
            "children": [],
            "user id": "1761856164",
            "user name": "Kali_51ftr244",
            "content": "句句戳心!!!",
            "time": "15-11-16 20:09"
        },
        {
            "comment id": 57,
            "parent": -1,
            "children": [],
            "user id": "5097406676",
            "user name": "UnfinishedDream",
            "content": "感触有点深....",
            "time": "15-11-16 20:09"
        },
        {
            "comment id": 58,
            "parent": -1,
            "children": [],
            "user id": "1768654820",
            "user name": "花花世界D乌托邦",
            "content": "@________HARU-XD",
            "time": "15-11-16 20:03"
        },
        {
            "comment id": 59,
            "parent": -1,
            "children": [],
            "user id": "3963900829",
            "user name": "懒羊羊_47983",
            "content": "@蓝儿小梦",
            "time": "15-11-16 20:02"
        }
    ]
}