{
    "source": {
        "content": "#oh my venus#90年代的大邱维纳斯姜珠恩(申敏儿饰)曾经有着完美的身材,而经过15年后,恩珠成功实现了梦想成为了律师,然而完美的身材和漂亮的脸蛋却失去了.此时的恩珠还是很爱前男友林宇植(郑糠云饰).恩珠在雨中与健身教练金英浩(苏志燮饰)相遇.(<oh my venus>可在米兔应用收看.各大应用商店搜\"米兔\") ",
        "time": "15-11-16 21:33",
        "user id": "2482557597",
        "tweet id": "D4a2huAio",
        "label": 0,
        "theme": "文体娱乐"
    },
    "comment": [
        {
            "comment id": 0,
            "parent": -1,
            "children": [],
            "user id": "5408959093",
            "user name": "ling_叮咚",
            "content": "有资源，可以私我哦",
            "time": "16-4-4 19:11"
        },
        {
            "comment id": 1,
            "parent": -1,
            "children": [],
            "user id": "1913692271",
            "user name": "凌西西Gemini",
            "content": "谁可以告诉我维纳斯14集的密码？",
            "time": "15-12-30 15:19"
        },
        {
            "comment id": 2,
            "parent": -1,
            "children": [],
            "user id": "2169721687",
            "user name": "我系T茵",
            "content": "第6和7集页面是空白的，是因为我网速的问题？",
            "time": "15-12-8 22:53"
        },
        {
            "comment id": 3,
            "parent": -1,
            "children": [],
            "user id": "1764883543",
            "user name": "ccyogurt小優格",
            "content": "@美伢ya_玛奇朵 好像这个app有",
            "time": "15-11-22 15:13"
        },
        {
            "comment id": 4,
            "parent": -1,
            "children": [],
            "user id": "1841888272",
            "user name": "神经病啊_-",
            "content": "回复@蒙小特:找到了 谢谢亲故",
            "time": "15-11-19 10:20"
        },
        {
            "comment id": 5,
            "parent": -1,
            "children": [],
            "user id": "2166543975",
            "user name": "蒙小特圆滚滚",
            "content": "回复@吃货减肥酱:最底下那一排，倒数第二个是韩剧综艺，有看到不？",
            "time": "15-11-18 08:51"
        },
        {
            "comment id": 6,
            "parent": -1,
            "children": [],
            "user id": "1841888272",
            "user name": "神经病啊_-",
            "content": "回复@蒙小特:我下载的怎么没有电视剧 只有音乐和新闻 是不是下载错了 求解",
            "time": "15-11-18 08:44"
        },
        {
            "comment id": 7,
            "parent": -1,
            "children": [],
            "user id": "2166543975",
            "user name": "蒙小特圆滚滚",
            "content": "回复@吃货减肥酱:嗯 都是中字的",
            "time": "15-11-18 08:39"
        },
        {
            "comment id": 8,
            "parent": -1,
            "children": [],
            "user id": "2500241895",
            "user name": "别搜我k",
            "content": "为什么我下载了，却没有🐶🐶",
            "time": "15-11-17 21:22"
        },
        {
            "comment id": 9,
            "parent": -1,
            "children": [],
            "user id": "1798758477",
            "user name": "半朵baby",
            "content": "苏志燮和敏儿",
            "time": "15-11-17 20:12"
        },
        {
            "comment id": 10,
            "parent": -1,
            "children": [],
            "user id": "1748285032",
            "user name": "Luccaca",
            "content": "可以下载吗",
            "time": "15-11-17 12:31"
        },
        {
            "comment id": 11,
            "parent": -1,
            "children": [],
            "user id": "1841888272",
            "user name": "神经病啊_-",
            "content": "回复@蒙小特:全是中字的吗 亲故",
            "time": "15-11-17 12:10"
        },
        {
            "comment id": 12,
            "parent": -1,
            "children": [],
            "user id": "1841888272",
            "user name": "神经病啊_-",
            "content": "无理的前进还有13集？？？",
            "time": "15-11-17 12:09"
        },
        {
            "comment id": 13,
            "parent": -1,
            "children": [],
            "user id": "2255251344",
            "user name": "太阳吃面条",
            "content": "每次郑糠云一出来就知道肯定又是负心汉角色",
            "time": "15-11-17 11:48"
        },
        {
            "comment id": 14,
            "parent": -1,
            "children": [],
            "user id": "3881504528",
            "user name": "玲珑骰只为一人安--",
            "content": "郑糠云又演渣男前男友？",
            "time": "15-11-17 11:28"
        },
        {
            "comment id": 15,
            "parent": -1,
            "children": [],
            "user id": "5018230641",
            "user name": "懒嗷欧",
            "content": "怎么有种美女的诞生＋她很漂亮的感觉呢",
            "time": "15-11-17 11:25"
        },
        {
            "comment id": 16,
            "parent": -1,
            "children": [],
            "user id": "3284207625",
            "user name": "迷妹l",
            "content": "感谢博主",
            "time": "15-11-17 11:25"
        },
        {
            "comment id": 17,
            "parent": -1,
            "children": [],
            "user id": "2330683191",
            "user name": "HollyVision",
            "content": "回复@Venicevic:渍渍渍 看来还是要等你的安利",
            "time": "15-11-17 11:07"
        },
        {
            "comment id": 18,
            "parent": -1,
            "children": [],
            "user id": "2600462701",
            "user name": "波士顿派CR",
            "content": "回复@HollyVision:没看 听说女主演技差到爆我先把请回答追完再说",
            "time": "15-11-17 11:05"
        },
        {
            "comment id": 19,
            "parent": -1,
            "children": [],
            "user id": "3322622234",
            "user name": "Yu咖咖有一只柯基基叫秋天",
            "content": "回复@Easy金栖桐:哈哈哈好！",
            "time": "15-11-17 10:49"
        },
        {
            "comment id": 20,
            "parent": -1,
            "children": [],
            "user id": "2796104034",
            "user name": "ZOE_人生若只如初见",
            "content": "这要在哪才能看呢",
            "time": "15-11-17 10:34"
        },
        {
            "comment id": 21,
            "parent": -1,
            "children": [],
            "user id": "2330683191",
            "user name": "HollyVision",
            "content": "这个好看波？@Venicevic",
            "time": "15-11-17 10:17"
        },
        {
            "comment id": 22,
            "parent": -1,
            "children": [],
            "user id": "1743621577",
            "user name": "李宝就是萌萌粽",
            "content": "苏大叔健身那part简直喷血！",
            "time": "15-11-17 10:10"
        },
        {
            "comment id": 23,
            "parent": -1,
            "children": [],
            "user id": "1670218044",
            "user name": "一只菜青虫啊",
            "content": "回复@美丽达令-Nancy:应该还可以",
            "time": "15-11-17 09:56"
        },
        {
            "comment id": 24,
            "parent": -1,
            "children": [],
            "user id": "1797374245",
            "user name": "小公举ai作妖",
            "content": "这个app的电视剧是没法下载嘛",
            "time": "15-11-17 09:35"
        },
        {
            "comment id": 25,
            "parent": -1,
            "children": [],
            "user id": "3025937375",
            "user name": "米诺小厮",
            "content": "肉体饭，必须追！👏",
            "time": "15-11-17 09:13"
        },
        {
            "comment id": 26,
            "parent": -1,
            "children": [],
            "user id": "2734593480",
            "user name": "金美玲-ML",
            "content": "待会儿回去看",
            "time": "15-11-17 09:13"
        },
        {
            "comment id": 27,
            "parent": -1,
            "children": [],
            "user id": "2166543975",
            "user name": "蒙小特圆滚滚",
            "content": "回复@jjjj丶:嗯，能看到的",
            "time": "15-11-17 08:45"
        },
        {
            "comment id": 28,
            "parent": -1,
            "children": [],
            "user id": "1715058647",
            "user name": "美丽达令-Nancy",
            "content": "追看看@菜青虫_Mandy",
            "time": "15-11-17 08:44"
        },
        {
            "comment id": 29,
            "parent": -1,
            "children": [],
            "user id": "2062496337",
            "user name": "Dinosaurechocho",
            "content": "是预告…第一集什么时候出……………",
            "time": "15-11-17 08:21"
        },
        {
            "comment id": 30,
            "parent": -1,
            "children": [],
            "user id": "3152018384",
            "user name": "周文倩的虎牙哩",
            "content": "无理的前进13是什么鬼！！！",
            "time": "15-11-17 08:18"
        },
        {
            "comment id": 31,
            "parent": -1,
            "children": [],
            "user id": "2122488582",
            "user name": "几罐雪碧",
            "content": "回复@就是唐祉祎:逗我玩的",
            "time": "15-11-17 07:26"
        },
        {
            "comment id": 32,
            "parent": -1,
            "children": [],
            "user id": "1750232082",
            "user name": "大媛儿不爱许愿",
            "content": "回复@饭醉团伙的烟酒生:又来诱惑我。。。",
            "time": "15-11-17 07:17"
        },
        {
            "comment id": 33,
            "parent": -1,
            "children": [],
            "user id": "1829873235",
            "user name": "aqurm-陈小赖",
            "content": "回复@傅蓉蓉天生就是驴脾气:啊啊啊啊！苏志燮就适合演这样痞痞的",
            "time": "15-11-17 06:30"
        },
        {
            "comment id": 34,
            "parent": -1,
            "children": [],
            "user id": "2276217997",
            "user name": "i_鹏鹏",
            "content": "太期待了",
            "time": "15-11-17 06:12"
        },
        {
            "comment id": 35,
            "parent": -1,
            "children": [],
            "user id": "2969823603",
            "user name": "晨间剧女一",
            "content": "所以、当律师是要付出代价的…",
            "time": "15-11-17 03:28"
        },
        {
            "comment id": 36,
            "parent": -1,
            "children": [],
            "user id": "1873631213",
            "user name": "寒小宝",
            "content": "@pattyzhu 鼻血",
            "time": "15-11-17 03:22"
        },
        {
            "comment id": 37,
            "parent": -1,
            "children": [],
            "user id": "3482077953",
            "user name": "daisy123123",
            "content": "只有iOS才能用吧 安卓没找到",
            "time": "15-11-17 02:26"
        },
        {
            "comment id": 38,
            "parent": -1,
            "children": [],
            "user id": "2098077034",
            "user name": "仔仔也是崽崽ZZ",
            "content": "@zzmmare_",
            "time": "15-11-17 01:32"
        },
        {
            "comment id": 39,
            "parent": -1,
            "children": [],
            "user id": "2120838364",
            "user name": "是分钟也是世纪",
            "content": "没有好吗",
            "time": "15-11-17 01:10"
        },
        {
            "comment id": 40,
            "parent": -1,
            "children": [],
            "user id": "2205070513",
            "user name": "夏天的风和你呀",
            "content": "无理的前进13集是什么鬼",
            "time": "15-11-17 01:03"
        },
        {
            "comment id": 41,
            "parent": -1,
            "children": [],
            "user id": "1748438483",
            "user name": "FantasyNi",
            "content": "！！！！大叔第一集就裸成这样？！！！喷血！！！！",
            "time": "15-11-17 00:51"
        },
        {
            "comment id": 42,
            "parent": -1,
            "children": [],
            "user id": "1991756621",
            "user name": "一闪一闪小星球",
            "content": "app现在还没有安卓版本么",
            "time": "15-11-17 00:51"
        },
        {
            "comment id": 43,
            "parent": -1,
            "children": [],
            "user id": "1989827845",
            "user name": "花猪_sehun",
            "content": "片子可以下载吗？",
            "time": "15-11-17 00:46"
        },
        {
            "comment id": 44,
            "parent": -1,
            "children": [],
            "user id": "2252878772",
            "user name": "lingerjingle",
            "content": "明早起来看看有木有13集。。",
            "time": "15-11-17 00:34"
        },
        {
            "comment id": 45,
            "parent": -1,
            "children": [],
            "user id": "1967131897",
            "user name": "Juan_pupu",
            "content": "回复@蒙小特:这个app真能看到么？",
            "time": "15-11-17 00:31"
        },
        {
            "comment id": 46,
            "parent": -1,
            "children": [],
            "user id": "2558125271",
            "user name": "StillWithYouTY",
            "content": "为什么郑糠云总演渣男！",
            "time": "15-11-17 00:27"
        },
        {
            "comment id": 47,
            "parent": -1,
            "children": [],
            "user id": "2000968697",
            "user name": "果子Q酱",
            "content": "这软件搜不到",
            "time": "15-11-17 00:24"
        },
        {
            "comment id": 48,
            "parent": -1,
            "children": [],
            "user id": "2157207952",
            "user name": "哦你谁啊你",
            "content": "回复@林yoong鹅小调皮:",
            "time": "15-11-17 00:23"
        },
        {
            "comment id": 49,
            "parent": -1,
            "children": [],
            "user id": "1862299111",
            "user name": "NakaJii_",
            "content": "苹果怎么下载不了韩流米兔",
            "time": "15-11-17 00:22"
        },
        {
            "comment id": 50,
            "parent": -1,
            "children": [],
            "user id": "1880961167",
            "user name": "人间小榴莲呀",
            "content": "回复@爱小酱_小逗逗:才1集 等等 不然我会睡不着的 哈哈哈哈",
            "time": "15-11-17 00:22"
        },
        {
            "comment id": 51,
            "parent": -1,
            "children": [],
            "user id": "2129739564",
            "user name": "Jaa_Q",
            "content": "@LIZHENZHEN_ 这可以看",
            "time": "15-11-17 00:17"
        },
        {
            "comment id": 52,
            "parent": -1,
            "children": [],
            "user id": "2652602533",
            "user name": "ThisisAngel",
            "content": "郑糠云怎么老是演渣男啊",
            "time": "15-11-17 00:03"
        },
        {
            "comment id": 53,
            "parent": -1,
            "children": [],
            "user id": "3546157443",
            "user name": "小月冰片",
            "content": "13集什么鬼",
            "time": "15-11-17 00:01"
        },
        {
            "comment id": 54,
            "parent": -1,
            "children": [],
            "user id": "1711732514",
            "user name": "科室狗Sienna采核酸世界灌菌",
            "content": "90年代的二医维纳斯Cagi曾经有着完美的身材,而经过15年后,Cagi成功实现了梦想成为了妇产科医生,然而完美的身材和漂亮的脸蛋却失去了.此时的Cagi还是高贵冷艳.Cagi在雨中与健身教练苏志燮相遇@夏夏不夏",
            "time": "15-11-16 23:55"
        },
        {
            "comment id": 55,
            "parent": -1,
            "children": [],
            "user id": "1762777515",
            "user name": "choiqqq",
            "content": "看到她就会想起top",
            "time": "15-11-16 23:52"
        },
        {
            "comment id": 56,
            "parent": -1,
            "children": [],
            "user id": "3518467931",
            "user name": "等等等等等等等一下",
            "content": "美女的诞生里也是郑糠云演这种角色",
            "time": "15-11-16 23:52"
        },
        {
            "comment id": 57,
            "parent": -1,
            "children": [],
            "user id": "3826489822",
            "user name": "烤肉夹馍多加辣",
            "content": "超级喜欢郑糠云",
            "time": "15-11-16 23:45"
        },
        {
            "comment id": 58,
            "parent": -1,
            "children": [],
            "user id": "1503584987",
            "user name": "打怪兽的凹凸曼_",
            "content": "@一颗水煮蛋12",
            "time": "15-11-16 23:36"
        },
        {
            "comment id": 59,
            "parent": -1,
            "children": [],
            "user id": "2306543637",
            "user name": "Rrrrr81",
            "content": "@看到都够了 感觉很好看",
            "time": "15-11-16 23:34"
        },
        {
            "comment id": 60,
            "parent": -1,
            "children": [],
            "user id": "2711854535",
            "user name": "不了不了-",
            "content": "第六张给条活路可以么！",
            "time": "15-11-16 23:25"
        },
        {
            "comment id": 61,
            "parent": -1,
            "children": [],
            "user id": "1752961650",
            "user name": "Lily啊乖",
            "content": "苏大叔身材棒棒哒",
            "time": "15-11-16 23:24"
        },
        {
            "comment id": 62,
            "parent": -1,
            "children": [],
            "user id": "1775006530",
            "user name": "王王可ChloeW",
            "content": "@伍修彦",
            "time": "15-11-16 23:23"
        },
        {
            "comment id": 63,
            "parent": -1,
            "children": [],
            "user id": "1737633300",
            "user name": "huitingliai",
            "content": "@但dane",
            "time": "15-11-16 23:21"
        },
        {
            "comment id": 64,
            "parent": -1,
            "children": [],
            "user id": "2656616851",
            "user name": "袁琪_Se7en",
            "content": "看大叔的",
            "time": "15-11-16 23:20"
        },
        {
            "comment id": 65,
            "parent": -1,
            "children": [],
            "user id": "2158008484",
            "user name": "昏暗i的背-影",
            "content": "要追剧了，挺喜欢这男女角的",
            "time": "15-11-16 23:18"
        },
        {
            "comment id": 66,
            "parent": -1,
            "children": [],
            "user id": "2725900653",
            "user name": "乱七八糟",
            "content": "郑糠云 再演渣男？ 想呢个 美女大作战 是叫这个么 忘了 ",
            "time": "15-11-16 23:17"
        },
        {
            "comment id": 67,
            "parent": -1,
            "children": [],
            "user id": "1992009901",
            "user name": "__米娜",
            "content": "回复@蒙小特:App有米兔？",
            "time": "15-11-16 23:17"
        },
        {
            "comment id": 68,
            "parent": -1,
            "children": [],
            "user id": "5648378235",
            "user name": "超满足草莓派",
            "content": "回复@严胖子3号:对啊对啊",
            "time": "15-11-16 23:11"
        },
        {
            "comment id": 69,
            "parent": -1,
            "children": [],
            "user id": "3197717413",
            "user name": "粥大力力",
            "content": "郑康云为什么总演这种坏的😭",
            "time": "15-11-16 23:09"
        },
        {
            "comment id": 70,
            "parent": -1,
            "children": [],
            "user id": "1787144224",
            "user name": "WolvesZ",
            "content": "回复@青蔻:好的，分分钟的事",
            "time": "15-11-16 23:00"
        },
        {
            "comment id": 71,
            "parent": -1,
            "children": [],
            "user id": "2862203022",
            "user name": "青蔻",
            "content": "@浮光掠影WH 追起来",
            "time": "15-11-16 22:57"
        },
        {
            "comment id": 72,
            "parent": -1,
            "children": [],
            "user id": "2120838364",
            "user name": "是分钟也是世纪",
            "content": "没有好吗",
            "time": "15-11-16 22:56"
        },
        {
            "comment id": 73,
            "parent": -1,
            "children": [],
            "user id": "2763627083",
            "user name": "想得美才叫小美",
            "content": "给你安利一部剧@赵珺玉-",
            "time": "15-11-16 22:55"
        },
        {
            "comment id": 74,
            "parent": -1,
            "children": [],
            "user id": "1800434023",
            "user name": "小榛榛榛儿",
            "content": "回复@我老公是胖老公_:必看",
            "time": "15-11-16 22:53"
        },
        {
            "comment id": 75,
            "parent": -1,
            "children": [],
            "user id": "2068408123",
            "user name": "阿周周酱",
            "content": " @Soojunga_ 就是这个",
            "time": "15-11-16 22:52"
        },
        {
            "comment id": 76,
            "parent": -1,
            "children": [],
            "user id": "2843621914",
            "user name": "胡乱过敏-",
            "content": "@414323-梁莉",
            "time": "15-11-16 22:51"
        },
        {
            "comment id": 77,
            "parent": -1,
            "children": [],
            "user id": "3756115073",
            "user name": "Elek·",
            "content": "无理的前进13集👻！？",
            "time": "15-11-16 22:48"
        },
        {
            "comment id": 78,
            "parent": -1,
            "children": [],
            "user id": "2921673072",
            "user name": "胡萝卜桃桃子",
            "content": "@YLP是verayang 依旧无法直视郑糠云",
            "time": "15-11-16 22:46"
        },
        {
            "comment id": 79,
            "parent": -1,
            "children": [],
            "user id": "5037935869",
            "user name": "鸭屎香蛋糕",
            "content": "郑糠云是包了各种渣男，前男友么我超级喜欢他",
            "time": "15-11-16 22:44"
        }
    ]
}