{
    "source": {
        "content": "【最任性村主任！给独子大办婚宴上报未获批后辞职】“哪怕村主任不当，也要把儿子婚礼搞起来。”陕西城固县莲花街办杜家槽村村主任马某，为给独子办婚礼，向纪委报备酒席数量未获通过后辞职。婚礼当天，路两边停满了车,还专设婚礼停车场,其中不乏陆虎、宝马等高档车。婚宴超40桌，抽中华烟。你怎么看？ ",
        "time": "15-11-19 15:54",
        "user id": "1784473157",
        "tweet id": "D4A6mpNXt",
        "label": 0,
        "theme": "政治"
    },
    "comment": [
        {
            "comment id": 0,
            "parent": -1,
            "children": [],
            "user id": "1634041822",
            "user name": "王永文",
            "content": "中国好父亲",
            "time": "15-11-23 18:05"
        },
        {
            "comment id": 1,
            "parent": -1,
            "children": [],
            "user id": "2323012031",
            "user name": "爱吃鱼的大叔",
            "content": "这样的人还配当党员吗？",
            "time": "15-11-23 14:39"
        },
        {
            "comment id": 2,
            "parent": -1,
            "children": [],
            "user id": "3084470225",
            "user name": "张格嘉",
            "content": "回复@花容月貌倾国色:一般在村里办好事的村官吃不开，是在同事间吃不开",
            "time": "15-11-23 12:36"
        },
        {
            "comment id": 3,
            "parent": -1,
            "children": [],
            "user id": "1725409222",
            "user name": "吃吃喝喝流水账",
            "content": "哪个村儿结婚最少不得几十桌吃不起饭的年代尚且如此何况现在婚宴摆几桌这种奇葩的形式主义简直让人感觉倒退到秦始皇年间国民普遍仇富情绪上升到新高度且渐趋畸形但凡有钱人挣得定是不义之财 其行为必定铺张浪费政府不好好引导反而变本加厉国之将亡即视感",
            "time": "15-11-23 11:25"
        },
        {
            "comment id": 4,
            "parent": -1,
            "children": [],
            "user id": "2873265262",
            "user name": "请称呼我di大人",
            "content": "我朝做事总是矫枉过正，过犹不及。一开始这么做的打算是避免公职人员借婚丧嫁娶变相敛财，结果搞得是风声鹤唳草木皆兵。诚然移风易俗、提倡节俭，反对铺张浪费的也是必要的，但是搞一刀切的这种简单粗暴的做法，只会让人怨声载道",
            "time": "15-11-23 11:19"
        },
        {
            "comment id": 5,
            "parent": -1,
            "children": [],
            "user id": "3203626557",
            "user name": "躺赢少年孙某某",
            "content": "回复@理老财:分析的...呵呵",
            "time": "15-11-23 11:02"
        },
        {
            "comment id": 6,
            "parent": -1,
            "children": [],
            "user id": "3203626557",
            "user name": "躺赢少年孙某某",
            "content": "回复@幸运的huihuiwang123:这还多啊？在农村这规模很正常好不好？",
            "time": "15-11-23 10:59"
        },
        {
            "comment id": 7,
            "parent": -1,
            "children": [],
            "user id": "2704958743",
            "user name": "D子鱼",
            "content": "该管的不管 不该管的瞎管",
            "time": "15-11-23 10:19"
        },
        {
            "comment id": 8,
            "parent": -1,
            "children": [],
            "user id": "2020043283",
            "user name": "壮壮二胖",
            "content": "以后农民兄弟有困难憋找国家，能不能找满嘴流油的村干部？焦裕禄这等好干部去哪里了？如果正常，憋哭着喊着一到城里变伪装成弱势群体。",
            "time": "15-11-23 00:20"
        },
        {
            "comment id": 9,
            "parent": -1,
            "children": [],
            "user id": "5262417090",
            "user name": "今宵2014",
            "content": "都惊动中纪委了？中纪委这么闲？",
            "time": "15-11-22 22:09"
        },
        {
            "comment id": 10,
            "parent": -1,
            "children": [],
            "user id": "1602855244",
            "user name": "是李啊不是梨啊",
            "content": "很正常吧！",
            "time": "15-11-22 19:50"
        },
        {
            "comment id": 11,
            "parent": -1,
            "children": [],
            "user id": "3231231080",
            "user name": "滄-海-明-月-松-果-果",
            "content": "有人说，十个村官九个贪，还有一个在眼馋。",
            "time": "15-11-22 19:05"
        },
        {
            "comment id": 12,
            "parent": -1,
            "children": [],
            "user id": "3084470225",
            "user name": "张格嘉",
            "content": "婚礼摆4、50桌那是再一般不过的了，农村的酒席这根本谈不上大办，我从小参加过多少这样的宴席我都忘了。",
            "time": "15-11-22 18:55"
        },
        {
            "comment id": 13,
            "parent": -1,
            "children": [],
            "user id": "1833390752",
            "user name": "DD小胖DD",
            "content": "都去报批了，那就说明此人行的正，农村么，对于婚礼一辈子只有一次，肯定都想风光一点的！",
            "time": "15-11-22 18:04"
        },
        {
            "comment id": 14,
            "parent": -1,
            "children": [],
            "user id": "2414950127",
            "user name": "在路上艾玛",
            "content": "村官就不能办个婚礼啦？也太矫枉过正了",
            "time": "15-11-22 17:57"
        },
        {
            "comment id": 15,
            "parent": -1,
            "children": [],
            "user id": "3039543073",
            "user name": "山水秀灵",
            "content": "宁可违纪，也要为之，这样的党员无论有多少理由，都应受到纪律处分。",
            "time": "15-11-22 17:45"
        },
        {
            "comment id": 16,
            "parent": -1,
            "children": [],
            "user id": "3919745037",
            "user name": "张光伟123",
            "content": "有钱，任性",
            "time": "15-11-22 17:39"
        },
        {
            "comment id": 17,
            "parent": -1,
            "children": [],
            "user id": "1645199462",
            "user name": "silent",
            "content": "这哥们太任性了，跟党耍性子还不是分分钟被搞死的节奏",
            "time": "15-11-22 17:28"
        },
        {
            "comment id": 18,
            "parent": -1,
            "children": [],
            "user id": "1684797290",
            "user name": "王大国中庸",
            "content": "",
            "time": "15-11-22 17:27"
        },
        {
            "comment id": 19,
            "parent": -1,
            "children": [],
            "user id": "3044863653",
            "user name": "孩儿她爹123",
            "content": "组织的败类，就是他们这样的观念才到处给组织摸黑！",
            "time": "15-11-22 17:20"
        },
        {
            "comment id": 20,
            "parent": -1,
            "children": [],
            "user id": "1908641917",
            "user name": "大众倒闭了",
            "content": "有钱任性",
            "time": "15-11-22 17:16"
        },
        {
            "comment id": 21,
            "parent": -1,
            "children": [],
            "user id": "2466918595",
            "user name": "关中的农民",
            "content": "要查便查，摆几十桌酒席很正常的……在我们农村……",
            "time": "15-11-22 17:15"
        },
        {
            "comment id": 22,
            "parent": -1,
            "children": [],
            "user id": "1102228143",
            "user name": "开心oYo就好",
            "content": "单纯从办婚礼的角度来说，热闹热闹是可以的。但这个高标准排场的背后还有多少隐情呢？老百姓为啥要仇富、仇官呢？当下的官、富，他们的财源又有几个是来路清平的呢？这一点每个人都心知肚明。贪者必惩，违者必究。支持中央的惩腐决心和执行力。再不执刀术病，国真将危矣！",
            "time": "15-11-22 17:15"
        },
        {
            "comment id": 23,
            "parent": -1,
            "children": [],
            "user id": "5522444433",
            "user name": "一座城只为你一个人",
            "content": "规定也就是给屁民们做样子的吧",
            "time": "15-11-22 17:10"
        },
        {
            "comment id": 24,
            "parent": -1,
            "children": [],
            "user id": "1458661861",
            "user name": "ebille",
            "content": "共产党也不能脱离人民群众",
            "time": "15-11-22 17:10"
        },
        {
            "comment id": 25,
            "parent": -1,
            "children": [],
            "user id": "1798209111",
            "user name": "上善若土汶",
            "content": "看看评论，听听民声",
            "time": "15-11-22 17:08"
        },
        {
            "comment id": 26,
            "parent": -1,
            "children": [],
            "user id": "5413706811",
            "user name": "新一團李雲龍",
            "content": "有些人就他妈的贱，不查村官，一个个哭啊喊啊，这个贪污、那个冤枉啊。有个村官被查了，一个个像亲爹被查了似得。狗一样的渣渣们！别以为村主任没什么油水，小到国家补助拨款，大到拆迁改造，村主任都可以捞一笔。而且他是党员，得受到党纪约束。到纪委网站看看，多少人举报村干部？静待调查结果吧！",
            "time": "15-11-20 19:50"
        },
        {
            "comment id": 27,
            "parent": -1,
            "children": [],
            "user id": "5117278693",
            "user name": "大连人力资源硕士",
            "content": "惺惺作态 不着手于根本 只做表面功夫",
            "time": "15-11-20 19:00"
        },
        {
            "comment id": 28,
            "parent": -1,
            "children": [],
            "user id": "2579637221",
            "user name": "梅朵95",
            "content": "停职？不是都辞职了么",
            "time": "15-11-20 15:15"
        },
        {
            "comment id": 29,
            "parent": -1,
            "children": [],
            "user id": "1256149621",
            "user name": "郑国耀A",
            "content": "难怪经济低迷，结婚啊，连40桌都不让摆。农村里谁家结婚没个几十桌？",
            "time": "15-11-20 14:46"
        },
        {
            "comment id": 30,
            "parent": -1,
            "children": [],
            "user id": "2690634261",
            "user name": "五味人生365",
            "content": "很正常，随便一家儿子结婚都要60多桌，没什么值得关注",
            "time": "15-11-20 14:33"
        },
        {
            "comment id": 31,
            "parent": -1,
            "children": [],
            "user id": "5276104882",
            "user name": "mn5555",
            "content": "关你屁事！",
            "time": "15-11-20 14:22"
        },
        {
            "comment id": 32,
            "parent": -1,
            "children": [],
            "user id": "3951254972",
            "user name": "李宇晟happy",
            "content": "这种婚礼？",
            "time": "15-11-20 13:56"
        },
        {
            "comment id": 33,
            "parent": -1,
            "children": [],
            "user id": "1413767735",
            "user name": "贵阳小马先生",
            "content": "管天管地，玉皇大帝！",
            "time": "15-11-20 13:47"
        },
        {
            "comment id": 34,
            "parent": -1,
            "children": [],
            "user id": "3587914821",
            "user name": "西安王帅",
            "content": "构建风清气正的社会，需要党员以身作则，率先垂范，必须把纪律和规矩挺在前面！",
            "time": "15-11-20 13:44"
        },
        {
            "comment id": 35,
            "parent": -1,
            "children": [],
            "user id": "2024341851",
            "user name": "graceyoung_",
            "content": "辞职就为了图二这种婚礼真的好吗",
            "time": "15-11-20 13:44"
        },
        {
            "comment id": 36,
            "parent": -1,
            "children": [],
            "user id": "5632628280",
            "user name": "无能公馆08256",
            "content": "这样的村书记是好样的，明目张胆贪污的没人管",
            "time": "15-11-20 13:28"
        },
        {
            "comment id": 37,
            "parent": -1,
            "children": [],
            "user id": "1647014175",
            "user name": "奔跑奔跑洋葱",
            "content": "你牛是吧，我就去查你，看你有木有问题。",
            "time": "15-11-20 13:24"
        },
        {
            "comment id": 38,
            "parent": -1,
            "children": [],
            "user id": "2663432755",
            "user name": "清清最无奈",
            "content": "平常家庭摆婚宴，抽中华，摆40桌，怎么了？现在基本上都得这样，只要没受贿，挪用公款，凭什么不给人办了，政府应该管管那些需要管得官员",
            "time": "15-11-20 13:23"
        },
        {
            "comment id": 39,
            "parent": -1,
            "children": [],
            "user id": "1784473157",
            "user name": "中国新闻网",
            "content": "【\"最任性村主任\"被停职立案调查】19日，从城固县莲花街办获悉，马某因违反党纪已被停职，街办纪委已启动立案程序，进行立案调查。专家表示，党员应主动遵纪守法，不能以人情关系面子来规避制度。",
            "time": "15-11-20 13:19"
        },
        {
            "comment id": 40,
            "parent": -1,
            "children": [],
            "user id": "5754601091",
            "user name": "真的假宝玉_59845",
            "content": "居然還被立案調查，共產黨就這點本事？",
            "time": "15-11-20 11:58"
        },
        {
            "comment id": 41,
            "parent": -1,
            "children": [],
            "user id": "2372294654",
            "user name": "对门老王叔",
            "content": "自己挣得钱，自己爱怎么花是个人事，党员怎么了，党员不违法乱纪花钱怎么了，我也是党员，我就喜欢好车，好烟，我花自己钱买怎么了，党员难道合法赚的钱就不能花吗？搞笑！",
            "time": "15-11-20 11:54"
        },
        {
            "comment id": 42,
            "parent": -1,
            "children": [],
            "user id": "5589197279",
            "user name": "锦衣卫问问",
            "content": "有些人毕业就在北京，没下过基层，不接地气，可以理解。",
            "time": "15-11-20 10:43"
        },
        {
            "comment id": 43,
            "parent": -1,
            "children": [],
            "user id": "2951329970",
            "user name": "共享城市Von",
            "content": "中国人爱面子，现在城市里酒宴基本上都是中华烟了",
            "time": "15-11-20 10:24"
        },
        {
            "comment id": 44,
            "parent": -1,
            "children": [],
            "user id": "2950301977",
            "user name": "Ccccccclllllldbq",
            "content": "有气质",
            "time": "15-11-20 09:49"
        },
        {
            "comment id": 45,
            "parent": -1,
            "children": [],
            "user id": "1667040723",
            "user name": "对呵我是阿喵",
            "content": "回复@我爱吃淡水鱼:发表感慨，装个字母",
            "time": "15-11-20 08:23"
        },
        {
            "comment id": 46,
            "parent": -1,
            "children": [],
            "user id": "5307274203",
            "user name": "我可瞅你那嗷",
            "content": "回复@对呵我是阿喵:卧槽，一下子回复这么多",
            "time": "15-11-20 07:54"
        },
        {
            "comment id": 47,
            "parent": -1,
            "children": [],
            "user id": "2637530553",
            "user name": "天鹰2511",
            "content": "单纯从办婚礼的角度来说，热闹热闹是可以的。但这个高标准排场的背后还有多少隐情呢？老百姓为啥要仇富、仇官呢？当下的官、富，他们的财源又有几个是来路清平的呢？这一点每个人都心知肚明。贪者必惩，违者必究。支持中央的惩腐决心和执行力。再不执刀术病，国真将危矣！",
            "time": "15-11-20 07:52"
        },
        {
            "comment id": 48,
            "parent": -1,
            "children": [],
            "user id": "5671790131",
            "user name": "低调低调WORLD1986",
            "content": "有钱不让花，这些人有病，只要不是腐败就行……",
            "time": "15-11-20 02:19"
        },
        {
            "comment id": 49,
            "parent": -1,
            "children": [],
            "user id": "1606693010",
            "user name": "微笑以琳",
            "content": "回复@Dan蜜丝:那看来共产党做得不对了",
            "time": "15-11-20 01:54"
        },
        {
            "comment id": 50,
            "parent": -1,
            "children": [],
            "user id": "1667040723",
            "user name": "对呵我是阿喵",
            "content": "回复@我爱吃淡水鱼:其实在农村这种情况也算正常，村里的人都认识不能请这个不请那个吧，一个村百十号人当然得好多桌酒席啦，在一个地方为官，和村民打交道这是必要的啊，为什么还会有记者？还有，作为一个父亲，想热热闹闹给自己儿子办个婚礼怎么了。",
            "time": "15-11-19 23:24"
        },
        {
            "comment id": 51,
            "parent": -1,
            "children": [],
            "user id": "2385461273",
            "user name": "1Jeffrey000",
            "content": "风声鹤唳 病态社会",
            "time": "15-11-19 22:47"
        },
        {
            "comment id": 52,
            "parent": -1,
            "children": [],
            "user id": "2058496974",
            "user name": "天如水_2011",
            "content": "贯彻落实政策规定完全变了样。",
            "time": "15-11-19 22:13"
        },
        {
            "comment id": 53,
            "parent": -1,
            "children": [],
            "user id": "3069970843",
            "user name": "candy口袋",
            "content": "不是当党员就不能开好车 抽好烟 只要是自己幸苦挣的钱 你管我花在什么地方",
            "time": "15-11-19 21:56"
        },
        {
            "comment id": 54,
            "parent": -1,
            "children": [],
            "user id": "5724756961",
            "user name": "cometotheaside",
            "content": "办婚礼的时候我路过，根本就没有什么路虎，有几辆车还是借的别人的",
            "time": "15-11-19 21:55"
        },
        {
            "comment id": 55,
            "parent": -1,
            "children": [],
            "user id": "2489336431",
            "user name": "悠然大扫荡",
            "content": "查查是如何富起来的，必有蹊跷",
            "time": "15-11-19 21:31"
        },
        {
            "comment id": 56,
            "parent": -1,
            "children": [],
            "user id": "3108079835",
            "user name": "一个老巫婆·",
            "content": "我想说40桌真不多。普通老百姓家还有百八的呢。",
            "time": "15-11-19 20:14"
        },
        {
            "comment id": 57,
            "parent": -1,
            "children": [],
            "user id": "1756688555",
            "user name": "你是逗包嘛",
            "content": "如果是花自己的钱  理直气壮   这有什么的   上面的政策到下面整个就歪掉了  现在科员结婚办酒也扣那么紧  在办公室打杂写文件的科员谁会给送礼？应该规定科级以上或者实权部门人员与普通科员分级订标准！",
            "time": "15-11-19 19:57"
        },
        {
            "comment id": 58,
            "parent": -1,
            "children": [],
            "user id": "5672503016",
            "user name": "秋天的冬雨",
            "content": "村长也是很有油水地",
            "time": "15-11-19 19:48"
        },
        {
            "comment id": 59,
            "parent": -1,
            "children": [],
            "user id": "2182718594",
            "user name": "Tsimyiyung",
            "content": "我看成了班主任。。",
            "time": "15-11-19 19:27"
        },
        {
            "comment id": 60,
            "parent": -1,
            "children": [],
            "user id": "1400350741",
            "user name": "眺首流沙河",
            "content": "村长算个鸡巴，还报备纪委？科级以上弄个规定。",
            "time": "15-11-19 19:25"
        },
        {
            "comment id": 61,
            "parent": -1,
            "children": [],
            "user id": "2147390743",
            "user name": "深谷兰苑",
            "content": "农村村长又不是行政官员，政府管得了吗？？？？？",
            "time": "15-11-19 19:23"
        },
        {
            "comment id": 62,
            "parent": -1,
            "children": [],
            "user id": "5690936646",
            "user name": "西安instyle旭东",
            "content": "全尼玛是民脂民膏",
            "time": "15-11-19 19:16"
        },
        {
            "comment id": 63,
            "parent": -1,
            "children": [],
            "user id": "3517498364",
            "user name": "开心无限先生",
            "content": "他知道官辞了可以在当",
            "time": "15-11-19 19:13"
        },
        {
            "comment id": 64,
            "parent": -1,
            "children": [],
            "user id": "2587967614",
            "user name": "顺德老潘",
            "content": "回复@花容月貌倾国色:虽然他本人提出辞职，也应由村民大会决定！说明称“经过街办党委开会研究决定，已经停止了其职务”显然违法！",
            "time": "15-11-19 19:05"
        },
        {
            "comment id": 65,
            "parent": -1,
            "children": [],
            "user id": "5711903512",
            "user name": "C_marshmallow",
            "content": "回复@顺德老潘:已经处分了。但是人家说了，人家知道这样违法纪律，所以人家辞职，也甘愿接受处分",
            "time": "15-11-19 19:02"
        },
        {
            "comment id": 66,
            "parent": -1,
            "children": [],
            "user id": "3773764661",
            "user name": "恢1007",
            "content": "要面子不要官帽子，但带着官帽子也不是好官",
            "time": "15-11-19 18:57"
        },
        {
            "comment id": 67,
            "parent": -1,
            "children": [],
            "user id": "2567062617",
            "user name": "多多多多多多夕夕多多多多多多",
            "content": "也许他不是个好官，但或许他是个好父亲",
            "time": "15-11-19 18:54"
        },
        {
            "comment id": 68,
            "parent": -1,
            "children": [],
            "user id": "1615342321",
            "user name": "一只深海里的星星",
            "content": "有些人真的好好笑。就因为人家是村主任就那粉刺。不就办个酒席么。我们那农村办个几十桌很正常啊。什么捞钱啊。贪污啊。腐败啊。就出来了。感觉人家跟他有仇似的。人家办酒席拿你钱了么。说白了就是见不得别人好。。。心里阴暗看什么都是不好的。",
            "time": "15-11-19 18:28"
        },
        {
            "comment id": 69,
            "parent": -1,
            "children": [],
            "user id": "1692728582",
            "user name": "Captain_handsome_CC",
            "content": "儿子就一个，结婚也就一次，做爸的一辈子盼这一次几十年，工作可以再找，婚礼一定要办。",
            "time": "15-11-19 18:20"
        },
        {
            "comment id": 70,
            "parent": -1,
            "children": [],
            "user id": "3764671952",
            "user name": "炼金流",
            "content": "没那觉悟当老百姓也不错",
            "time": "15-11-19 18:17"
        },
        {
            "comment id": 71,
            "parent": -1,
            "children": [],
            "user id": "1814129945",
            "user name": "白菜头_cc",
            "content": "绝对是亲爸",
            "time": "15-11-19 18:16"
        },
        {
            "comment id": 72,
            "parent": -1,
            "children": [],
            "user id": "1946979237",
            "user name": "李露露不疯狂",
            "content": "讲真40桌多吗？不管同事还是亲戚朋友喜糖里面都是中华的烟啊！",
            "time": "15-11-19 18:14"
        },
        {
            "comment id": 73,
            "parent": -1,
            "children": [],
            "user id": "2375717901",
            "user name": "恒持之以恒的恒",
            "content": "吃饱了就下来，换个人吃",
            "time": "15-11-19 18:11"
        },
        {
            "comment id": 74,
            "parent": -1,
            "children": [],
            "user id": "2272635950",
            "user name": "与蛇同游",
            "content": "难道当了官就是上了贼船下不得了？……",
            "time": "15-11-19 18:11"
        },
        {
            "comment id": 75,
            "parent": -1,
            "children": [],
            "user id": "2048899501",
            "user name": "幸运的huihuiwang123",
            "content": "他哪来那么多钱，要是正当所得，还可以继续当。",
            "time": "15-11-19 18:10"
        },
        {
            "comment id": 76,
            "parent": -1,
            "children": [],
            "user id": "2128627661",
            "user name": "球球侃体育",
            "content": "赞！村官本来就不是官，只要他的收入是合法收入，给儿子办个婚宴有何不可？",
            "time": "15-11-19 18:05"
        },
        {
            "comment id": 77,
            "parent": -1,
            "children": [],
            "user id": "5672217617",
            "user name": "长大的会员",
            "content": "天天问我们怎么看！",
            "time": "15-11-19 17:58"
        },
        {
            "comment id": 78,
            "parent": -1,
            "children": [],
            "user id": "3675477764",
            "user name": "起床小困难",
            "content": "现在太严了，一点也不人性化",
            "time": "15-11-19 17:55"
        },
        {
            "comment id": 79,
            "parent": -1,
            "children": [],
            "user id": "5584781393",
            "user name": "游龙遨翔",
            "content": "有钱任性…",
            "time": "15-11-19 17:55"
        }
    ]
}