{
    "source": {
        "content": "【不会这些，千万别说你熟练掌握办公软件】Excel中的常用公式，非常实用和经典，你会用吗？get√  ",
        "time": "15-11-19 16:00",
        "user id": "1642512402",
        "tweet id": "D4A8D6k4L",
        "label": 0,
        "theme": "科技"
    },
    "comment": [
        {
            "comment id": 0,
            "parent": -1,
            "children": [],
            "user id": "2014937327",
            "user name": "Mr_Moon小窝",
            "content": "@Faniew_",
            "time": "16-9-1 07:33"
        },
        {
            "comment id": 1,
            "parent": -1,
            "children": [],
            "user id": "3298371844",
            "user name": "胜利人的海上铁军",
            "content": "实用！",
            "time": "15-11-20 09:27"
        },
        {
            "comment id": 2,
            "parent": -1,
            "children": [],
            "user id": "5468365852",
            "user name": "神乎其技2015",
            "content": "收藏",
            "time": "15-11-19 23:50"
        },
        {
            "comment id": 3,
            "parent": -1,
            "children": [],
            "user id": "3175924600",
            "user name": "少林temple大当家",
            "content": "转发微博",
            "time": "15-11-19 23:22"
        },
        {
            "comment id": 4,
            "parent": -1,
            "children": [],
            "user id": "1731028837",
            "user name": "送水錳男之浪子回头金不换-yjh",
            "content": "回复@柑酱最近都白粥青菜尼玛a:没啥是经常用的",
            "time": "15-11-19 21:31"
        },
        {
            "comment id": 5,
            "parent": -1,
            "children": [],
            "user id": "2434506170",
            "user name": "会稽山景区",
            "content": "",
            "time": "15-11-19 21:06"
        },
        {
            "comment id": 6,
            "parent": -1,
            "children": [],
            "user id": "1518644124",
            "user name": "幽游_幻海",
            "content": "首先你的用得上，经常用",
            "time": "15-11-19 20:15"
        },
        {
            "comment id": 7,
            "parent": -1,
            "children": [],
            "user id": "2199044672",
            "user name": "面包树上的紫贝壳",
            "content": "好东西",
            "time": "15-11-19 19:28"
        },
        {
            "comment id": 8,
            "parent": -1,
            "children": [],
            "user id": "3090961235",
            "user name": "关键我叫王立斌",
            "content": "@亚热带huang皓",
            "time": "15-11-19 19:10"
        },
        {
            "comment id": 9,
            "parent": -1,
            "children": [],
            "user id": "1758044315",
            "user name": "柑酱最近都白粥青菜尼玛a",
            "content": " @送水錳男之浪子回头金不换-yjh",
            "time": "15-11-19 19:10"
        },
        {
            "comment id": 10,
            "parent": -1,
            "children": [],
            "user id": "2793988125",
            "user name": "暮烟古道",
            "content": "",
            "time": "15-11-19 18:56"
        },
        {
            "comment id": 11,
            "parent": -1,
            "children": [],
            "user id": "2477020707",
            "user name": "没错就是我喂",
            "content": "mark",
            "time": "15-11-19 18:33"
        },
        {
            "comment id": 12,
            "parent": -1,
            "children": [],
            "user id": "2281325061",
            "user name": "Li--YanYan",
            "content": "@春芽炒蛋",
            "time": "15-11-19 18:31"
        },
        {
            "comment id": 13,
            "parent": -1,
            "children": [],
            "user id": "1887689202",
            "user name": "Faniew_",
            "content": "回覆@Mr_Moon小窝:没得不安逸嘛，以后你们报账不管是不是她家旅行社，以后都会趋于电子化网络化，你尽早熟练对你是好事啊。",
            "time": "15-11-19 18:30"
        },
        {
            "comment id": 14,
            "parent": -1,
            "children": [],
            "user id": "2014937327",
            "user name": "Mr_Moon小窝",
            "content": "回复@Faniew_:那天我被何说，看来你不安逸了，",
            "time": "15-11-19 18:28"
        },
        {
            "comment id": 15,
            "parent": -1,
            "children": [],
            "user id": "1783552167",
            "user name": "清爽柠檬H",
            "content": "转发微博",
            "time": "15-11-19 18:27"
        },
        {
            "comment id": 16,
            "parent": -1,
            "children": [],
            "user id": "3162475462",
            "user name": "提拉醉啦",
            "content": "就那么几个公式看看练习一下即可！",
            "time": "15-11-19 18:11"
        },
        {
            "comment id": 17,
            "parent": -1,
            "children": [],
            "user id": "1715684340",
            "user name": "西瓜他知道",
            "content": "有用",
            "time": "15-11-19 18:09"
        },
        {
            "comment id": 18,
            "parent": -1,
            "children": [],
            "user id": "1958297683",
            "user name": "寒烟初九",
            "content": "@胡壮壮",
            "time": "15-11-19 17:56"
        },
        {
            "comment id": 19,
            "parent": -1,
            "children": [],
            "user id": "1797999853",
            "user name": "廢物攪拌機",
            "content": "@我是一只火龙果呀 感觉自己有救了",
            "time": "15-11-19 17:51"
        },
        {
            "comment id": 20,
            "parent": -1,
            "children": [],
            "user id": "1887689202",
            "user name": "Faniew_",
            "content": "@Mr_Moon小窝",
            "time": "15-11-19 17:49"
        },
        {
            "comment id": 21,
            "parent": -1,
            "children": [],
            "user id": "3963990258",
            "user name": "马头蛇尾巴",
            "content": "有些还真不会用",
            "time": "15-11-19 17:25"
        },
        {
            "comment id": 22,
            "parent": -1,
            "children": [],
            "user id": "2607651477",
            "user name": "走字儿人",
            "content": "转发微博",
            "time": "15-11-19 17:25"
        },
        {
            "comment id": 23,
            "parent": -1,
            "children": [],
            "user id": "1330487865",
            "user name": "木头鱼鱼鱼",
            "content": "@保存到为知笔记",
            "time": "15-11-19 17:10"
        },
        {
            "comment id": 24,
            "parent": -1,
            "children": [],
            "user id": "1995748825",
            "user name": "奇幻猫喵喵喵",
            "content": "转发微博",
            "time": "15-11-19 16:51"
        },
        {
            "comment id": 25,
            "parent": -1,
            "children": [],
            "user id": "3225773534",
            "user name": "Milandr",
            "content": "get!",
            "time": "15-11-19 16:45"
        },
        {
            "comment id": 26,
            "parent": -1,
            "children": [],
            "user id": "1405071032",
            "user name": "陶沟河",
            "content": "学习！",
            "time": "15-11-19 16:32"
        },
        {
            "comment id": 27,
            "parent": -1,
            "children": [],
            "user id": "2310498492",
            "user name": "Lily静枫",
            "content": "还可以用vlook来表示重复",
            "time": "15-11-19 16:27"
        },
        {
            "comment id": 28,
            "parent": -1,
            "children": [],
            "user id": "1932517892",
            "user name": "内蒙古大商城伤透业主的心",
            "content": "跪求中央，社会各界正义人士救内蒙古大商城受害业主吧！政府形象工程打造西北最大商贸娱乐一体城，沿着丝绸之路走向世界的大商城，不到三年就烂尾了，百姓上访还被抓，百姓走投无路，生不如死，救救我们吧！",
            "time": "15-11-19 16:18"
        },
        {
            "comment id": 29,
            "parent": -1,
            "children": [],
            "user id": "3925851793",
            "user name": "美美的辣辣",
            "content": "👻收",
            "time": "15-11-19 16:17"
        },
        {
            "comment id": 30,
            "parent": -1,
            "children": [],
            "user id": "3068482927",
            "user name": "靠谱的随便1982",
            "content": "也可以通过vba编程实现，比公式的适用性更好",
            "time": "15-11-19 16:15"
        },
        {
            "comment id": 31,
            "parent": -1,
            "children": [],
            "user id": "2519494810",
            "user name": "---非一日之寒---",
            "content": "初级",
            "time": "15-11-19 16:11"
        },
        {
            "comment id": 32,
            "parent": -1,
            "children": [],
            "user id": "2396817223",
            "user name": "旋木-董小姐",
            "content": "转发微博",
            "time": "15-11-19 16:08"
        },
        {
            "comment id": 33,
            "parent": -1,
            "children": [],
            "user id": "5698147607",
            "user name": "重新启航的徽",
            "content": "赶紧看看",
            "time": "15-11-19 16:03"
        },
        {
            "comment id": 34,
            "parent": -1,
            "children": [],
            "user id": "2683626104",
            "user name": "Holmes福爾摩斯偵探",
            "content": "转发微博",
            "time": "15-11-19 16:03"
        },
        {
            "comment id": 35,
            "parent": -1,
            "children": [],
            "user id": "5050849030",
            "user name": "石家庄矿区检察院",
            "content": "转发微博",
            "time": "15-11-19 16:01"
        }
    ]
}