{
    "source": {
        "content": "主人不给二哈吃鸡肉，急死二哈这个小公举了猪头哼哈嘿的秒拍视频 ",
        "time": "15-11-16 22:27",
        "user id": "5483008422",
        "tweet id": "D4aod5HGY",
        "label": 0,
        "theme": "文体娱乐"
    },
    "comment": [
        {
            "comment id": 0,
            "parent": -1,
            "children": [],
            "user id": "3038854162",
            "user name": "Tesia-ne",
            "content": "回复@一天天天天的生活:狗狗乖",
            "time": "15-11-23 07:48"
        },
        {
            "comment id": 1,
            "parent": -1,
            "children": [],
            "user id": "2743797503",
            "user name": "一般豆糕Ver-B",
            "content": "回复@Tx__唐肖:每天都是看不完的狗",
            "time": "15-11-20 20:50"
        },
        {
            "comment id": 2,
            "parent": -1,
            "children": [],
            "user id": "3094295191",
            "user name": "UNCKZ",
            "content": "回复@是jiajia也是晶晶:你家的可爱[瞧瞧]",
            "time": "15-11-19 10:32"
        },
        {
            "comment id": 3,
            "parent": -1,
            "children": [],
            "user id": "3105261403",
            "user name": "满满阿满满阿",
            "content": "回复@乔迪didi:我给拔吃的是你就是那个着急的样子",
            "time": "15-11-19 07:27"
        },
        {
            "comment id": 4,
            "parent": -1,
            "children": [],
            "user id": "3173880890",
            "user name": "饲养员的小崔崔",
            "content": "@董大萌萌",
            "time": "15-11-18 22:22"
        },
        {
            "comment id": 5,
            "parent": -1,
            "children": [],
            "user id": "2477322660",
            "user name": "夢婆啲碗",
            "content": "我家球也是站旁边猛咽口水",
            "time": "15-11-18 05:48"
        },
        {
            "comment id": 6,
            "parent": -1,
            "children": [],
            "user id": "3156169684",
            "user name": "睡不着就数羊羊羊羊",
            "content": "回复@光荣而平淡的任务:",
            "time": "15-11-17 23:26"
        },
        {
            "comment id": 7,
            "parent": -1,
            "children": [],
            "user id": "2649592481",
            "user name": "光荣而平淡的任务",
            "content": "回复@Yoke李先森:你是猪   半夜出去买吃的是谁",
            "time": "15-11-17 23:18"
        },
        {
            "comment id": 8,
            "parent": -1,
            "children": [],
            "user id": "3156169684",
            "user name": "睡不着就数羊羊羊羊",
            "content": "回复@光荣而平淡的任务:你是猪、当然不是我",
            "time": "15-11-17 23:11"
        },
        {
            "comment id": 9,
            "parent": -1,
            "children": [],
            "user id": "2649592481",
            "user name": "光荣而平淡的任务",
            "content": "回复@Yoke李先森:我不是你",
            "time": "15-11-17 22:56"
        },
        {
            "comment id": 10,
            "parent": -1,
            "children": [],
            "user id": "3156169684",
            "user name": "睡不着就数羊羊羊羊",
            "content": "回复@光荣而平淡的任务:你是么",
            "time": "15-11-17 21:51"
        },
        {
            "comment id": 11,
            "parent": -1,
            "children": [],
            "user id": "1908843031",
            "user name": "你你你是个狗吗",
            "content": "@气球女",
            "time": "15-11-17 21:01"
        },
        {
            "comment id": 12,
            "parent": -1,
            "children": [],
            "user id": "2649592481",
            "user name": "光荣而平淡的任务",
            "content": "回复@Yoke李先森:😳😳😳朕 😂😂😂😂😂😂 我找到了😂😂😂",
            "time": "15-11-17 20:15"
        },
        {
            "comment id": 13,
            "parent": -1,
            "children": [],
            "user id": "3156169684",
            "user name": "睡不着就数羊羊羊羊",
            "content": "回复@光荣而平淡的任务:前啊、你是猪么",
            "time": "15-11-17 19:31"
        },
        {
            "comment id": 14,
            "parent": -1,
            "children": [],
            "user id": "2649592481",
            "user name": "光荣而平淡的任务",
            "content": "回复@Yoke李先森:zheng   是前鼻音还是后鼻音啊。打不出来😷😷😷",
            "time": "15-11-17 19:22"
        },
        {
            "comment id": 15,
            "parent": -1,
            "children": [],
            "user id": "3101295901",
            "user name": "BQY不上岸不改名",
            "content": "@李雯00 ",
            "time": "15-11-17 18:45"
        },
        {
            "comment id": 16,
            "parent": -1,
            "children": [],
            "user id": "3156169684",
            "user name": "睡不着就数羊羊羊羊",
            "content": "回复@光荣而平淡的任务:给朕送来",
            "time": "15-11-17 17:52"
        },
        {
            "comment id": 17,
            "parent": -1,
            "children": [],
            "user id": "2649592481",
            "user name": "光荣而平淡的任务",
            "content": "回复@Yoke李先森:你可以的，来",
            "time": "15-11-17 17:50"
        },
        {
            "comment id": 18,
            "parent": -1,
            "children": [],
            "user id": "3156169684",
            "user name": "睡不着就数羊羊羊羊",
            "content": "回复@光荣而平淡的任务:饭来张口",
            "time": "15-11-17 17:38"
        },
        {
            "comment id": 19,
            "parent": -1,
            "children": [],
            "user id": "2649592481",
            "user name": "光荣而平淡的任务",
            "content": "回复@Yoke李先森:你那儿看出来他享受了😳😳😳😳",
            "time": "15-11-17 14:56"
        },
        {
            "comment id": 20,
            "parent": -1,
            "children": [],
            "user id": "3156169684",
            "user name": "睡不着就数羊羊羊羊",
            "content": "回复@光荣而平淡的任务:人家享受的，，",
            "time": "15-11-17 13:57"
        },
        {
            "comment id": 21,
            "parent": -1,
            "children": [],
            "user id": "5387003324",
            "user name": "Sunny花花花儿",
            "content": "吃的真好",
            "time": "15-11-17 13:50"
        },
        {
            "comment id": 22,
            "parent": -1,
            "children": [],
            "user id": "1909258285",
            "user name": "还没减肥下个夏天就要来了",
            "content": "@喵大毛毛毛 跟你一样，哈哈",
            "time": "15-11-17 12:37"
        },
        {
            "comment id": 23,
            "parent": -1,
            "children": [],
            "user id": "3850337723",
            "user name": "独行侠Cyp",
            "content": "@王诗朦mm",
            "time": "15-11-17 12:07"
        },
        {
            "comment id": 24,
            "parent": -1,
            "children": [],
            "user id": "5344402880",
            "user name": "Xiazwz初",
            "content": "哈哈哈哈哈哈哈",
            "time": "15-11-17 11:42"
        },
        {
            "comment id": 25,
            "parent": -1,
            "children": [],
            "user id": "3949714498",
            "user name": "WG宁缺",
            "content": "表示喂不起，鸡肉啊，自己都不能天天吃鸡肉的说，",
            "time": "15-11-17 10:41"
        },
        {
            "comment id": 26,
            "parent": -1,
            "children": [],
            "user id": "2972458183",
            "user name": "就是小瑶吖",
            "content": "回复@小贱的蜕变:刷完最后一个",
            "time": "15-11-17 10:16"
        },
        {
            "comment id": 27,
            "parent": -1,
            "children": [],
            "user id": "3553320002",
            "user name": "七楼有只喵",
            "content": "@猪蹄炖着你的海带",
            "time": "15-11-17 10:08"
        },
        {
            "comment id": 28,
            "parent": -1,
            "children": [],
            "user id": "5296994184",
            "user name": "安喵的小鱼干",
            "content": "@莪惠嬡1泩 @嗨陌琪的夜游园",
            "time": "15-11-17 08:55"
        },
        {
            "comment id": 29,
            "parent": -1,
            "children": [],
            "user id": "2649592481",
            "user name": "光荣而平淡的任务",
            "content": "回复@Yoke李先森:说得好像你少吃了一顿一样",
            "time": "15-11-17 06:55"
        },
        {
            "comment id": 30,
            "parent": -1,
            "children": [],
            "user id": "2689672484",
            "user name": "Cyxlin",
            "content": "2哈 话真多",
            "time": "15-11-17 06:45"
        },
        {
            "comment id": 31,
            "parent": -1,
            "children": [],
            "user id": "1893586163",
            "user name": "修罗道wl",
            "content": "@一碗烤脑花",
            "time": "15-11-17 03:40"
        },
        {
            "comment id": 32,
            "parent": -1,
            "children": [],
            "user id": "2824275844",
            "user name": "孤身退场",
            "content": "这配音字幕我给100分",
            "time": "15-11-17 03:08"
        },
        {
            "comment id": 33,
            "parent": -1,
            "children": [],
            "user id": "5143663106",
            "user name": "机智萌吖",
            "content": "@萌宝的海公公 急死了",
            "time": "15-11-17 03:02"
        },
        {
            "comment id": 34,
            "parent": -1,
            "children": [],
            "user id": "1657234260",
            "user name": "一生缘-",
            "content": "",
            "time": "15-11-17 03:01"
        },
        {
            "comment id": 35,
            "parent": -1,
            "children": [],
            "user id": "5486662573",
            "user name": "小贱的蜕变",
            "content": "回复@-小瑶同学:小骗子，睡觉了，还玩手机",
            "time": "15-11-17 02:31"
        },
        {
            "comment id": 36,
            "parent": -1,
            "children": [],
            "user id": "2401867963",
            "user name": "Omiai",
            "content": "@AwwsD 这饿样",
            "time": "15-11-17 01:58"
        },
        {
            "comment id": 37,
            "parent": -1,
            "children": [],
            "user id": "2803305282",
            "user name": "郑国剑",
            "content": "@曾凡华H 笑了",
            "time": "15-11-17 01:27"
        },
        {
            "comment id": 38,
            "parent": -1,
            "children": [],
            "user id": "2171029001",
            "user name": "ininininin-ininin",
            "content": "@twlovekobe",
            "time": "15-11-17 01:24"
        },
        {
            "comment id": 39,
            "parent": -1,
            "children": [],
            "user id": "3197619180",
            "user name": "露露公主瞌睡睡不醒",
            "content": "@作死少年MJ",
            "time": "15-11-17 01:08"
        },
        {
            "comment id": 40,
            "parent": -1,
            "children": [],
            "user id": "2548419413",
            "user name": "小葛格阿潇苊萂呀",
            "content": "看的流口水了都。。。",
            "time": "15-11-17 00:57"
        },
        {
            "comment id": 41,
            "parent": -1,
            "children": [],
            "user id": "5090082328",
            "user name": "Extreme7-",
            "content": "@点点奈",
            "time": "15-11-17 00:57"
        },
        {
            "comment id": 42,
            "parent": -1,
            "children": [],
            "user id": "5373975536",
            "user name": "__东冬__",
            "content": "，@抬起头亲你东宝 哈哈哈哈",
            "time": "15-11-17 00:56"
        },
        {
            "comment id": 43,
            "parent": -1,
            "children": [],
            "user id": "2418905372",
            "user name": "小毅子噠啦噠啦",
            "content": "@小倩主噠啦噠啦",
            "time": "15-11-17 00:49"
        },
        {
            "comment id": 44,
            "parent": -1,
            "children": [],
            "user id": "2972458183",
            "user name": "就是小瑶吖",
            "content": "@小贱的蜕变",
            "time": "15-11-17 00:47"
        },
        {
            "comment id": 45,
            "parent": -1,
            "children": [],
            "user id": "5614142961",
            "user name": "浪淘沙aaaaaa",
            "content": "字幕醉了",
            "time": "15-11-17 00:41"
        },
        {
            "comment id": 46,
            "parent": -1,
            "children": [],
            "user id": "5761350000",
            "user name": "美容仪器生产厂家01646",
            "content": "这只狗好有灵性啊",
            "time": "15-11-17 00:38"
        },
        {
            "comment id": 47,
            "parent": -1,
            "children": [],
            "user id": "3174791060",
            "user name": "那时初秋夕雁南飞",
            "content": "狗真的能听懂人话吗",
            "time": "15-11-17 00:38"
        },
        {
            "comment id": 48,
            "parent": -1,
            "children": [],
            "user id": "3023982761",
            "user name": "雨里的鱼和渔",
            "content": "不呆也要这么乖@Mrs_Wang ",
            "time": "15-11-17 00:33"
        },
        {
            "comment id": 49,
            "parent": -1,
            "children": [],
            "user id": "3073255715",
            "user name": "李霸霸mua",
            "content": "好在我是吃完夜宵才来看 不然我要跟他抢鸡肉吃",
            "time": "15-11-17 00:17"
        },
        {
            "comment id": 50,
            "parent": -1,
            "children": [],
            "user id": "5490668950",
            "user name": "像个牛仔一样给我心口一枪",
            "content": "@换个名字都这么难好心塞 活的不如狗",
            "time": "15-11-16 23:45"
        },
        {
            "comment id": 51,
            "parent": -1,
            "children": [],
            "user id": "5110335150",
            "user name": "kty呐",
            "content": "好可爱的二哈小公举",
            "time": "15-11-16 23:31"
        },
        {
            "comment id": 52,
            "parent": -1,
            "children": [],
            "user id": "5190235308",
            "user name": "Nora大光",
            "content": "@琪哥Nichkhun",
            "time": "15-11-16 23:26"
        },
        {
            "comment id": 53,
            "parent": -1,
            "children": [],
            "user id": "3941695466",
            "user name": "我又饿了你呢-",
            "content": "@桃子可乐美年达",
            "time": "15-11-16 23:22"
        },
        {
            "comment id": 54,
            "parent": -1,
            "children": [],
            "user id": "1877430455",
            "user name": "昕昕嗳依",
            "content": "真听话，太可爱了",
            "time": "15-11-16 23:19"
        },
        {
            "comment id": 55,
            "parent": -1,
            "children": [],
            "user id": "3969006275",
            "user name": "大不掂",
            "content": "@哒哒大米饼",
            "time": "15-11-16 23:12"
        },
        {
            "comment id": 56,
            "parent": -1,
            "children": [],
            "user id": "3969006275",
            "user name": "大不掂",
            "content": "@六幺拐",
            "time": "15-11-16 23:12"
        },
        {
            "comment id": 57,
            "parent": -1,
            "children": [],
            "user id": "2794338422",
            "user name": "febird2",
            "content": "日了狗了",
            "time": "15-11-16 23:11"
        },
        {
            "comment id": 58,
            "parent": -1,
            "children": [],
            "user id": "1680254990",
            "user name": "发波亮",
            "content": "@Paopao-Long",
            "time": "15-11-16 23:10"
        },
        {
            "comment id": 59,
            "parent": -1,
            "children": [],
            "user id": "5025964662",
            "user name": "焮星焮",
            "content": "@wendy女屌 @wendy女屌",
            "time": "15-11-16 23:09"
        },
        {
            "comment id": 60,
            "parent": -1,
            "children": [],
            "user id": "1922212195",
            "user name": "UniverseGee",
            "content": "回复@土豆什么都不懂:哈哈哈",
            "time": "15-11-16 23:07"
        },
        {
            "comment id": 61,
            "parent": -1,
            "children": [],
            "user id": "3156169684",
            "user name": "睡不着就数羊羊羊羊",
            "content": "@光荣而平淡的任务 真的是活得不如狗",
            "time": "15-11-16 23:05"
        },
        {
            "comment id": 62,
            "parent": -1,
            "children": [],
            "user id": "1203980712",
            "user name": "Arrow_wp",
            "content": "回复@吧啦啦啦小魔仙女人花瓶子虚乌有:真听话，要是我早就把盆都吃了😃",
            "time": "15-11-16 23:03"
        },
        {
            "comment id": 63,
            "parent": -1,
            "children": [],
            "user id": "2345578145",
            "user name": "sj是简称",
            "content": "@DDDyer",
            "time": "15-11-16 23:01"
        },
        {
            "comment id": 64,
            "parent": -1,
            "children": [],
            "user id": "2997567953",
            "user name": "七思七念王蹭蹭",
            "content": "@猫和耳朵",
            "time": "15-11-16 23:00"
        },
        {
            "comment id": 65,
            "parent": -1,
            "children": [],
            "user id": "3631058282",
            "user name": "N1AN_CT",
            "content": "回复@啵啵狒狒妹的哈鲁:狗啵疯啦！",
            "time": "15-11-16 22:58"
        },
        {
            "comment id": 66,
            "parent": -1,
            "children": [],
            "user id": "2015527413",
            "user name": "QUE-pipo",
            "content": "@惠大音箱出租 这只狗也太可爱了吧[转发]",
            "time": "15-11-16 22:57"
        },
        {
            "comment id": 67,
            "parent": -1,
            "children": [],
            "user id": "2317326194",
            "user name": "双胞胎girl",
            "content": "看得我都馋了",
            "time": "15-11-16 22:57"
        },
        {
            "comment id": 68,
            "parent": -1,
            "children": [],
            "user id": "5150222879",
            "user name": "Simple随缘",
            "content": "支持",
            "time": "15-11-16 22:57"
        },
        {
            "comment id": 69,
            "parent": -1,
            "children": [],
            "user id": "2331446261",
            "user name": "龙少麒",
            "content": "混脸熟你懂的@猪头笑话 ！",
            "time": "15-11-16 22:57"
        },
        {
            "comment id": 70,
            "parent": -1,
            "children": [],
            "user id": "3759646420",
            "user name": "N1AN_ZZY",
            "content": "@Martian_ct 狗啵会怎么样…",
            "time": "15-11-16 22:55"
        },
        {
            "comment id": 71,
            "parent": -1,
            "children": [],
            "user id": "3759646420",
            "user name": "N1AN_ZZY",
            "content": "@Martian_ct",
            "time": "15-11-16 22:55"
        },
        {
            "comment id": 72,
            "parent": -1,
            "children": [],
            "user id": "5616538140",
            "user name": "twodou",
            "content": "@UniverseG",
            "time": "15-11-16 22:54"
        },
        {
            "comment id": 73,
            "parent": -1,
            "children": [],
            "user id": "2941667213",
            "user name": "星须臾",
            "content": "",
            "time": "15-11-16 22:53"
        },
        {
            "comment id": 74,
            "parent": -1,
            "children": [],
            "user id": "2723927364",
            "user name": "一条有脚的鱼",
            "content": "@不正经的绅士丶",
            "time": "15-11-16 22:49"
        },
        {
            "comment id": 75,
            "parent": -1,
            "children": [],
            "user id": "5523214124",
            "user name": "用户4785378658127",
            "content": "@天上没有青蛙 好玩哈哈哈",
            "time": "15-11-16 22:48"
        },
        {
            "comment id": 76,
            "parent": -1,
            "children": [],
            "user id": "3106332643",
            "user name": "乔迪didi",
            "content": "@manmanman岫岫 莫名想到你",
            "time": "15-11-16 22:48"
        },
        {
            "comment id": 77,
            "parent": -1,
            "children": [],
            "user id": "5673859250",
            "user name": "在下不在下啊",
            "content": "原谅我一生放纵不羁笑点低 😂 😂 😂",
            "time": "15-11-16 22:48"
        },
        {
            "comment id": 78,
            "parent": -1,
            "children": [],
            "user id": "2385374314",
            "user name": "湖南秘制口味蛇鱼头王厨师",
            "content": " 湖南特色------秘制口味蛇外卖  网页链接 ",
            "time": "15-11-16 22:48"
        },
        {
            "comment id": 79,
            "parent": -1,
            "children": [],
            "user id": "1709020465",
            "user name": "请亲切地称呼我陈老师",
            "content": "字幕君也是绝了 ",
            "time": "15-11-16 22:47"
        }
    ]
}