{
    "source": {
        "content": "【这就是爱八旬老人照顾瘫痪老伴56年】新婚5个月，20岁的妻子患病瘫痪在床，失去生育能力。别人劝他离婚，别耽误自己，他却对妻子说：“你放心，我会一辈子疼你。”如今，山东临沂84岁的杜元法已照顾妻子周玉爱56年，她从没生过褥疮，屋子也没有异味。就这样，他们一直不离不弃，相濡以沫。 ",
        "time": "15-11-20 09:09",
        "user id": "1784473157",
        "tweet id": "D4GSyaPPk",
        "label": 0,
        "theme": "社会生活"
    },
    "comment": [
        {
            "comment id": 0,
            "parent": -1,
            "children": [],
            "user id": "2712275971",
            "user name": "不李姐li",
            "content": "看到就想哭",
            "time": "16-1-9 01:22"
        },
        {
            "comment id": 1,
            "parent": -1,
            "children": [],
            "user id": "1403650872",
            "user name": "stilllucky",
            "content": "感动真爱吧。但是，没长过疮没发过臭这种明显言过其实的话就不要说了，过犹不及，徒增笑而。",
            "time": "15-12-10 15:32"
        },
        {
            "comment id": 2,
            "parent": -1,
            "children": [],
            "user id": "5669371214",
            "user name": "秋水无痕15733",
            "content": "满满的爱",
            "time": "15-11-27 22:14"
        },
        {
            "comment id": 3,
            "parent": -1,
            "children": [],
            "user id": "5764985911",
            "user name": "勿忘心安兔斯基",
            "content": "回复@燕小兔Jessica王语墨:高富帅照顾脑残妻子，终生下儿子 ",
            "time": "15-11-22 12:22"
        },
        {
            "comment id": 4,
            "parent": -1,
            "children": [],
            "user id": "2185962724",
            "user name": "泰山松华",
            "content": "",
            "time": "15-11-21 14:10"
        },
        {
            "comment id": 5,
            "parent": -1,
            "children": [],
            "user id": "3211476237",
            "user name": "star-33",
            "content": "看着看着就哭了，这就是爱！",
            "time": "15-11-20 22:46"
        },
        {
            "comment id": 6,
            "parent": -1,
            "children": [],
            "user id": "2948802967",
            "user name": "可能找到了",
            "content": "真爱……珍爱……真好",
            "time": "15-11-20 19:29"
        },
        {
            "comment id": 7,
            "parent": -1,
            "children": [],
            "user id": "5318325559",
            "user name": "兴霖超市",
            "content": "祝老人家健康长寿",
            "time": "15-11-20 18:56"
        },
        {
            "comment id": 8,
            "parent": -1,
            "children": [],
            "user id": "3758724942",
            "user name": "呀皮卡皮卡",
            "content": "",
            "time": "15-11-20 18:03"
        },
        {
            "comment id": 9,
            "parent": -1,
            "children": [],
            "user id": "1913878832",
            "user name": "躲在被窝里的思考者",
            "content": "",
            "time": "15-11-20 16:23"
        },
        {
            "comment id": 10,
            "parent": -1,
            "children": [],
            "user id": "5652241936",
            "user name": "秦风V事",
            "content": "让爱永恒！",
            "time": "15-11-20 16:01"
        },
        {
            "comment id": 11,
            "parent": -1,
            "children": [],
            "user id": "2813468661",
            "user name": "我的小男神是Hao儿",
            "content": "   感动",
            "time": "15-11-20 15:22"
        },
        {
            "comment id": 12,
            "parent": -1,
            "children": [],
            "user id": "2652886604",
            "user name": "Pennytone",
            "content": "回复@谁在记忆里流连:都瘫在床上了，还要钱干嘛…",
            "time": "15-11-20 14:54"
        },
        {
            "comment id": 13,
            "parent": -1,
            "children": [],
            "user id": "5073339464",
            "user name": "Tyyyzyzw",
            "content": "最初的幸福，活着真好",
            "time": "15-11-20 14:33"
        },
        {
            "comment id": 14,
            "parent": -1,
            "children": [],
            "user id": "2692753310",
            "user name": "Ther_老糕糕糕呐",
            "content": "总觉得那时候的人有种很强烈的责任感",
            "time": "15-11-20 14:25"
        },
        {
            "comment id": 15,
            "parent": -1,
            "children": [],
            "user id": "5462313527",
            "user name": "-达达哒-",
            "content": "回复@你似荔-:我也照顾你，懒虫",
            "time": "15-11-20 14:11"
        },
        {
            "comment id": 16,
            "parent": -1,
            "children": [],
            "user id": "5112361441",
            "user name": "怡不想乖乖",
            "content": "",
            "time": "15-11-20 14:07"
        },
        {
            "comment id": 17,
            "parent": -1,
            "children": [],
            "user id": "5112361441",
            "user name": "怡不想乖乖",
            "content": "暖",
            "time": "15-11-20 14:06"
        },
        {
            "comment id": 18,
            "parent": -1,
            "children": [],
            "user id": "2752996757",
            "user name": "flylsytnn",
            "content": "在当今许多价值观盲目转变的时候，看看他们，我们不说什么爱情，就说责任，一个对家庭的责任，是不是值得我们去学习。同时，当地的民政部门是不是该帮助一下？",
            "time": "15-11-20 13:45"
        },
        {
            "comment id": 19,
            "parent": -1,
            "children": [],
            "user id": "5401735563",
            "user name": "嚣张的恩帅",
            "content": "心里特别感动。",
            "time": "15-11-20 13:26"
        },
        {
            "comment id": 20,
            "parent": -1,
            "children": [],
            "user id": "3730791255",
            "user name": "佐手吥離丫头",
            "content": "希望有好心人士能出手相助",
            "time": "15-11-20 13:25"
        },
        {
            "comment id": 21,
            "parent": -1,
            "children": [],
            "user id": "5748827573",
            "user name": "强强华丽",
            "content": "回复@谁在记忆里流连:二师兄说的对啊",
            "time": "15-11-20 13:17"
        },
        {
            "comment id": 22,
            "parent": -1,
            "children": [],
            "user id": "5124034941",
            "user name": "幸天由",
            "content": "回复@-顾航宇:",
            "time": "15-11-20 13:04"
        },
        {
            "comment id": 23,
            "parent": -1,
            "children": [],
            "user id": "3114704911",
            "user name": "心花怒放Ting",
            "content": "白头到老，一生无忧！",
            "time": "15-11-20 12:55"
        },
        {
            "comment id": 24,
            "parent": -1,
            "children": [],
            "user id": "2241106807",
            "user name": "康自林红旗",
            "content": "白头到老，相守一生👍",
            "time": "15-11-20 12:53"
        },
        {
            "comment id": 25,
            "parent": -1,
            "children": [],
            "user id": "1864458165",
            "user name": "老兵1978",
            "content": "//@奎屯公安: //@平安伊犁:陪伴是最长情的告白",
            "time": "15-11-20 12:51"
        },
        {
            "comment id": 26,
            "parent": -1,
            "children": [],
            "user id": "1583074442",
            "user name": "南通蔡正华",
            "content": "这就是爱",
            "time": "15-11-20 12:47"
        },
        {
            "comment id": 27,
            "parent": -1,
            "children": [],
            "user id": "1938439163",
            "user name": "WISH-Forever",
            "content": "相濡以沫",
            "time": "15-11-20 12:43"
        },
        {
            "comment id": 28,
            "parent": -1,
            "children": [],
            "user id": "2891921017",
            "user name": "冒个小泡泡泡泡啊",
            "content": "真爱，相濡以沫",
            "time": "15-11-20 12:41"
        },
        {
            "comment id": 29,
            "parent": -1,
            "children": [],
            "user id": "2964872260",
            "user name": "世态炎凉-shanshan",
            "content": "何其幸运老奶奶",
            "time": "15-11-20 12:41"
        },
        {
            "comment id": 30,
            "parent": -1,
            "children": [],
            "user id": "5177519432",
            "user name": "哎呀春风里",
            "content": "爱",
            "time": "15-11-20 12:40"
        },
        {
            "comment id": 31,
            "parent": -1,
            "children": [],
            "user id": "3271141624",
            "user name": "草莓味珍宝珠",
            "content": "",
            "time": "15-11-20 12:39"
        },
        {
            "comment id": 32,
            "parent": -1,
            "children": [],
            "user id": "5094966297",
            "user name": "宁远安紫",
            "content": "评论百分之九十都是女生，男生呢，自己知道做不到也不敢来bb了",
            "time": "15-11-20 12:33"
        },
        {
            "comment id": 33,
            "parent": -1,
            "children": [],
            "user id": "1463224174",
            "user name": "phullipsyanzi",
            "content": "最深沉的爱",
            "time": "15-11-20 12:32"
        },
        {
            "comment id": 34,
            "parent": -1,
            "children": [],
            "user id": "2273301611",
            "user name": "xiaoshizishu",
            "content": "@沈静冰_兔腻咕",
            "time": "15-11-20 12:31"
        },
        {
            "comment id": 35,
            "parent": -1,
            "children": [],
            "user id": "3256153744",
            "user name": "那个金金",
            "content": "真爱啊",
            "time": "15-11-20 12:31"
        },
        {
            "comment id": 36,
            "parent": -1,
            "children": [],
            "user id": "3636518200",
            "user name": "乂乂007",
            "content": "陪伴是最长情的告白",
            "time": "15-11-20 12:21"
        },
        {
            "comment id": 37,
            "parent": -1,
            "children": [],
            "user id": "3025535433",
            "user name": "VC彭77",
            "content": "希望有政府提供帮助，或者是提供渠道让大家来帮助两位老人，年级这么大了，这位爷爷估计也需要别人照顾了，这样两位老人以后该怎么办",
            "time": "15-11-20 12:17"
        },
        {
            "comment id": 38,
            "parent": -1,
            "children": [],
            "user id": "5572853984",
            "user name": "Summer-荣荣",
            "content": "看到此情此景，心酸，这才是真爱！！！",
            "time": "15-11-20 12:16"
        },
        {
            "comment id": 39,
            "parent": -1,
            "children": [],
            "user id": "3110803545",
            "user name": "在最后一世等你",
            "content": "",
            "time": "15-11-20 12:15"
        },
        {
            "comment id": 40,
            "parent": -1,
            "children": [],
            "user id": "5093553183",
            "user name": "任小敏666",
            "content": "这就是爱",
            "time": "15-11-20 12:12"
        },
        {
            "comment id": 41,
            "parent": -1,
            "children": [],
            "user id": "5310693117",
            "user name": "弄不懂微博咋玩",
            "content": "最纯朴的人，最坚守的爱情往往给我们最深的感动",
            "time": "15-11-20 12:10"
        },
        {
            "comment id": 42,
            "parent": -1,
            "children": [],
            "user id": "5737901918",
            "user name": "没有用户名的一天",
            "content": "爷爷奶奶永远幸福，身体健康！",
            "time": "15-11-20 12:01"
        },
        {
            "comment id": 43,
            "parent": -1,
            "children": [],
            "user id": "5372637417",
            "user name": "逐渐头秃的kx",
            "content": "我的家乡",
            "time": "15-11-20 11:50"
        },
        {
            "comment id": 44,
            "parent": -1,
            "children": [],
            "user id": "5605007332",
            "user name": "你是人间四月天1011",
            "content": "之前有一位病人不能生育了，我对老师说，她老公对她挺好的啊！老师对我翻了一个白眼，久病床前无孝子，",
            "time": "15-11-20 11:50"
        },
        {
            "comment id": 45,
            "parent": -1,
            "children": [],
            "user id": "3045822553",
            "user name": "西藏共青团",
            "content": "“你放心，我会一辈子疼你。”真爱不就是这样，不离不弃，相濡以沫。",
            "time": "15-11-20 11:41"
        },
        {
            "comment id": 46,
            "parent": -1,
            "children": [],
            "user id": "2537304881",
            "user name": "內个菲尔",
            "content": "其实人生一世 有人一直陪自己看遍世界的繁华落寞 不离不弃 就已经足以 活一辈子 不过就是感知生命的过程 不要说世界太残酷 今天我看见了幸福",
            "time": "15-11-20 11:39"
        },
        {
            "comment id": 47,
            "parent": -1,
            "children": [],
            "user id": "2695116923",
            "user name": "F心灵的自由",
            "content": "最朴实平淡的爱才是最长久和感动人心的，祝老人家健康长寿",
            "time": "15-11-20 11:38"
        },
        {
            "comment id": 48,
            "parent": -1,
            "children": [],
            "user id": "2633651743",
            "user name": "甘肃共青团",
            "content": "#为爱点赞# 这才是真爱！祝爷爷奶奶身体健康，长命百岁！感动……@中国甘肃网@每日甘肃网@甘肃之窗@兰州校园",
            "time": "15-11-20 11:38"
        },
        {
            "comment id": 49,
            "parent": -1,
            "children": [],
            "user id": "5704752063",
            "user name": "-今天你吃火锅了么",
            "content": "回复@美到了天上:临沂人都这样💋",
            "time": "15-11-20 11:37"
        },
        {
            "comment id": 50,
            "parent": -1,
            "children": [],
            "user id": "5141162289",
            "user name": "别管了只想搞钱",
            "content": "最感人的爱",
            "time": "15-11-20 11:29"
        },
        {
            "comment id": 51,
            "parent": -1,
            "children": [],
            "user id": "2995975790",
            "user name": "陌上人如玉哇",
            "content": "转发微博",
            "time": "15-11-20 11:27"
        },
        {
            "comment id": 52,
            "parent": -1,
            "children": [],
            "user id": "2735985002",
            "user name": "准儿loving",
            "content": "执子之手，与子偕老",
            "time": "15-11-20 11:26"
        },
        {
            "comment id": 53,
            "parent": -1,
            "children": [],
            "user id": "2502662334",
            "user name": "Mangoyangyangyang",
            "content": "时代不同,背景不同,唯心而已",
            "time": "15-11-20 11:24"
        },
        {
            "comment id": 54,
            "parent": -1,
            "children": [],
            "user id": "2609829531",
            "user name": "布村秀智",
            "content": "@帅到了天上 临沂",
            "time": "15-11-20 11:23"
        },
        {
            "comment id": 55,
            "parent": -1,
            "children": [],
            "user id": "2691229842",
            "user name": "Jialing肜",
            "content": "这才是“爱” @小小墨子子 @zzz_风仪 @钮钴禄安娜 @修炼中的见习吃货 @智hua0 @杜杜杜要独立 比起那些锦衣玉食、懒惰的人，生活要艰苦多了，丰足的人总觉得不满意，",
            "time": "15-11-20 11:22"
        },
        {
            "comment id": 56,
            "parent": -1,
            "children": [],
            "user id": "2029045857",
            "user name": "lichele",
            "content": "这种人，地球上也难找到一个。换了我是男的，我也绝对做不到!",
            "time": "15-11-20 11:22"
        },
        {
            "comment id": 57,
            "parent": -1,
            "children": [],
            "user id": "5350304974",
            "user name": "婉仔1117",
            "content": "太感动了",
            "time": "15-11-20 11:22"
        },
        {
            "comment id": 58,
            "parent": -1,
            "children": [],
            "user id": "2960445284",
            "user name": "小张的朋友圈阿-",
            "content": "",
            "time": "15-11-20 11:21"
        },
        {
            "comment id": 59,
            "parent": -1,
            "children": [],
            "user id": "1866644120",
            "user name": "静花水月咋还不让用啊",
            "content": "相濡以沫，共患难",
            "time": "15-11-20 11:20"
        },
        {
            "comment id": 60,
            "parent": -1,
            "children": [],
            "user id": "5040238486",
            "user name": "大耳朵图图684",
            "content": "看了我竟然想哭，真感动，这才是真爱，愿爷爷健康",
            "time": "15-11-20 11:20"
        },
        {
            "comment id": 61,
            "parent": -1,
            "children": [],
            "user id": "2480681187",
            "user name": "是一颗洋芋",
            "content": "",
            "time": "15-11-20 11:19"
        },
        {
            "comment id": 62,
            "parent": -1,
            "children": [],
            "user id": "3894841522",
            "user name": "uogo0421",
            "content": "原來 幸福如此簡單",
            "time": "15-11-20 11:19"
        },
        {
            "comment id": 63,
            "parent": -1,
            "children": [],
            "user id": "1930550295",
            "user name": "斗酒洒羁绊_-",
            "content": "真爱",
            "time": "15-11-20 11:18"
        },
        {
            "comment id": 64,
            "parent": -1,
            "children": [],
            "user id": "5264159867",
            "user name": "愿你从此无所怕",
            "content": "这就是爱 ❤",
            "time": "15-11-20 11:18"
        },
        {
            "comment id": 65,
            "parent": -1,
            "children": [],
            "user id": "2741738931",
            "user name": "迷你郑会丽",
            "content": "真爱永恒，我和我的老吴也会不离不弃。",
            "time": "15-11-20 11:17"
        },
        {
            "comment id": 66,
            "parent": -1,
            "children": [],
            "user id": "5114433932",
            "user name": "星星数一二三",
            "content": "我是真的不想看到这些 ，真的不想…那个啥~给他们捐点钱吧！",
            "time": "15-11-20 11:16"
        },
        {
            "comment id": 67,
            "parent": -1,
            "children": [],
            "user id": "1789484701",
            "user name": "橙子最大3",
            "content": "最朴实平凡的真爱",
            "time": "15-11-20 11:16"
        },
        {
            "comment id": 68,
            "parent": -1,
            "children": [],
            "user id": "2345717932",
            "user name": "合肥索菲亚婚纱摄影店",
            "content": "这就是最好的爱，陪伴和付出！",
            "time": "15-11-20 11:16"
        },
        {
            "comment id": 69,
            "parent": -1,
            "children": [],
            "user id": "5616484935",
            "user name": "毒舌托尼",
            "content": "应该有个孩子的，哀伤",
            "time": "15-11-20 11:15"
        },
        {
            "comment id": 70,
            "parent": -1,
            "children": [],
            "user id": "2198006620",
            "user name": "_小贱__",
            "content": "@By---me 来点正能量",
            "time": "15-11-20 11:13"
        },
        {
            "comment id": 71,
            "parent": -1,
            "children": [],
            "user id": "1752132627",
            "user name": "扶桑野百合",
            "content": "这就是爱[泪流满面]",
            "time": "15-11-20 11:13"
        },
        {
            "comment id": 72,
            "parent": -1,
            "children": [],
            "user id": "2675070131",
            "user name": "共青团青岛市委",
            "content": "#青岛青年有话说# 这就是爱八旬老人照顾瘫痪老伴56年",
            "time": "15-11-20 11:13"
        },
        {
            "comment id": 73,
            "parent": -1,
            "children": [],
            "user id": "1734185047",
            "user name": "一只瓶子哇",
            "content": "所以这么久才有人帮助他们吗",
            "time": "15-11-20 11:13"
        },
        {
            "comment id": 74,
            "parent": -1,
            "children": [],
            "user id": "1926960094",
            "user name": "D野猫小",
            "content": "",
            "time": "15-11-20 11:12"
        },
        {
            "comment id": 75,
            "parent": -1,
            "children": [],
            "user id": "2024712692",
            "user name": "Daisy-Found",
            "content": "暖暖的",
            "time": "15-11-20 11:09"
        },
        {
            "comment id": 76,
            "parent": -1,
            "children": [],
            "user id": "1199556221",
            "user name": "林跑余生",
            "content": "伟大的关爱！坚强的内心！相濡以沫的长期厮守感动到每一位人的内心，真爱就是照顾与陪伴不需要太多的言语，有你在身边就好。",
            "time": "15-11-20 11:04"
        },
        {
            "comment id": 77,
            "parent": -1,
            "children": [],
            "user id": "2836217650",
            "user name": "书一阕青山如黛",
            "content": "这样的爱情很美。但是如果居住条件能好些，生活水平能上去一些，会更美。",
            "time": "15-11-20 11:03"
        },
        {
            "comment id": 78,
            "parent": -1,
            "children": [],
            "user id": "5052641761",
            "user name": "匿名者5959",
            "content": "真好",
            "time": "15-11-20 11:02"
        },
        {
            "comment id": 79,
            "parent": -1,
            "children": [],
            "user id": "1765412693",
            "user name": "浅白染朱砂",
            "content": "回复@谁在记忆里流连:真心实意对我好的男人不会舍得我一辈子跟他穷困潦倒 即便不大富大贵 我们至少会一起努力奋斗 每个女生都想要大富大贵 但不是每个女生都会为了大富大贵在宝马里哭",
            "time": "15-11-20 11:01"
        }
    ]
}