{
    "source": {
        "content": "【曝央视著名体育主持人段暄即将离职】有媒体报道央视名嘴@段暄 近日已向台里提出离职申请，1995年毕业于北京广播学院，今年43岁的他，已在央视工作20个年头，参与主持《天下足球》、《冠军欧洲》等栏目。在段暄之前，刘建宏、王涛和申方剑这几位著名主持人先后离开了央视。曝著名主持段暄即将离职 ",
        "time": "15-11-20 09:59",
        "user id": "1642512402",
        "tweet id": "D4HcYEgFp",
        "label": 0,
        "theme": "文体娱乐"
    },
    "comment": [
        {
            "comment id": 0,
            "parent": -1,
            "children": [],
            "user id": "2936193303",
            "user name": "一苆依然",
            "content": "念大学那会，我们都想进央视，觉得那是国内最好的平台，是离自己梦想最近的地方，而今央视离职的人越来越多，我觉得不是央视怎么了，而是他们看多了这个社会的浮华，心里欲望膨胀，忘了最初的理想而已。 莫忘初心，毕竟，你要是不在央视那么些年，谁认识你？你们该做的不是为央视的改革尽一份力么",
            "time": "15-11-25 07:32"
        },
        {
            "comment id": 1,
            "parent": -1,
            "children": [],
            "user id": "2619749147",
            "user name": "小二郎炜",
            "content": "回复@猕猴桃爱荔枝:哈哈 😄",
            "time": "15-11-24 21:24"
        },
        {
            "comment id": 2,
            "parent": -1,
            "children": [],
            "user id": "2739024943",
            "user name": "国民学长颜值担当",
            "content": "",
            "time": "15-11-24 19:04"
        },
        {
            "comment id": 3,
            "parent": -1,
            "children": [],
            "user id": "2606564695",
            "user name": "安松置嘉",
            "content": "",
            "time": "15-11-24 18:24"
        },
        {
            "comment id": 4,
            "parent": -1,
            "children": [],
            "user id": "3771782334",
            "user name": "桃花小fairy",
            "content": "@如师邓鑫炜 好可惜。。",
            "time": "15-11-24 17:06"
        },
        {
            "comment id": 5,
            "parent": -1,
            "children": [],
            "user id": "1782645827",
            "user name": "若雨若晨",
            "content": "阿西吧～哥啊～以后的《天下足球》《冠军欧洲》怎么办？球赛解说怎么办？[淚][淚]",
            "time": "15-11-24 14:30"
        },
        {
            "comment id": 6,
            "parent": -1,
            "children": [],
            "user id": "3068482927",
            "user name": "靠谱的随便1982",
            "content": "回复@罗懿Roy:也许是一直听黄健翔的解说，对别人认可度都不太高。至今对短裤喧印象最深的还是2000年欧洲杯他对皮耶罗的评价，也算是一条经典评论留给了后人",
            "time": "15-11-23 21:26"
        },
        {
            "comment id": 7,
            "parent": -1,
            "children": [],
            "user id": "1743043565",
            "user name": "罗懿Roy",
            "content": "回复@靠谱的随便1982:他解说专业性欠佳，但是娱乐性尚佳啊，而且感觉人也还乐乐呵呵的，算是不错的主持人了",
            "time": "15-11-23 21:23"
        },
        {
            "comment id": 8,
            "parent": -1,
            "children": [],
            "user id": "2736772592",
            "user name": "嗅花狮",
            "content": "新人要上位，前辈自然要让出了！",
            "time": "15-11-21 12:21"
        },
        {
            "comment id": 9,
            "parent": -1,
            "children": [],
            "user id": "5451837219",
            "user name": "Priapuser",
            "content": "只能说，外面发展更好，钱途跟前途更好",
            "time": "15-11-21 11:30"
        },
        {
            "comment id": 10,
            "parent": -1,
            "children": [],
            "user id": "2001605541",
            "user name": "C-Quatre洋",
            "content": "回复@飞_咖灰:天下足球怎么办呢",
            "time": "15-11-20 19:04"
        },
        {
            "comment id": 11,
            "parent": -1,
            "children": [],
            "user id": "1267817113",
            "user name": "怎-么-会",
            "content": "段暄要离职，确实有些感伤。＜天下足球＞能把一档子体育栏目办成这样，情真意切，难能可贵。我觉得喧哥的离职不外两大原因：1，国足踢的太臭了；2，外面薪水太高了。",
            "time": "15-11-20 17:10"
        },
        {
            "comment id": 12,
            "parent": -1,
            "children": [],
            "user id": "3735371560",
            "user name": "Ricenoodles",
            "content": "走的晚了！！！",
            "time": "15-11-20 17:00"
        },
        {
            "comment id": 13,
            "parent": -1,
            "children": [],
            "user id": "2559587121",
            "user name": "人在做天在看但求问心无愧",
            "content": "大家都不离开，有问题。大家跟风接二连三离开，也有问题。",
            "time": "15-11-20 16:02"
        },
        {
            "comment id": 14,
            "parent": -1,
            "children": [],
            "user id": "1310876491",
            "user name": "我已经在变老就不能再暴躁",
            "content": "段暄主持还不错 尤其这两年 气质越发稳健 但是解说功力跟诗人一比就有点差火候了 还是祝福吧",
            "time": "15-11-20 15:18"
        },
        {
            "comment id": 15,
            "parent": -1,
            "children": [],
            "user id": "2059842127",
            "user name": "苏北N当家",
            "content": "喧哥，不要走！！！",
            "time": "15-11-20 14:15"
        },
        {
            "comment id": 16,
            "parent": -1,
            "children": [],
            "user id": "1766867577",
            "user name": "九月於終",
            "content": "首先希望天下足球还能办这么好。其次，段暄走了不是太难过，贺炜别走就行！",
            "time": "15-11-20 13:26"
        },
        {
            "comment id": 17,
            "parent": -1,
            "children": [],
            "user id": "3263213210",
            "user name": "爱你_有你就是我的天",
            "content": "突然明白，人生苦短，要及时行乐，体验不一样的！",
            "time": "15-11-20 13:00"
        },
        {
            "comment id": 18,
            "parent": -1,
            "children": [],
            "user id": "1791626830",
            "user name": "Miss-Raikkonen",
            "content": "其实这些所谓名嘴也有点太自负了，试问有多少人以后会找着你解说的频道看球，大家普遍还是继续看央视直播。",
            "time": "15-11-20 12:58"
        },
        {
            "comment id": 19,
            "parent": -1,
            "children": [],
            "user id": "1925931445",
            "user name": "时间里的白马",
            "content": "挣够了钱开始享受人生吧",
            "time": "15-11-20 12:37"
        },
        {
            "comment id": 20,
            "parent": -1,
            "children": [],
            "user id": "5290888956",
            "user name": "Jumper64",
            "content": "天下足球怎么办！",
            "time": "15-11-20 12:28"
        },
        {
            "comment id": 21,
            "parent": -1,
            "children": [],
            "user id": "3264395300",
            "user name": "love星语心愿2013",
            "content": "什么情况？一个接一个地辞职",
            "time": "15-11-20 12:11"
        },
        {
            "comment id": 22,
            "parent": -1,
            "children": [],
            "user id": "1703439203",
            "user name": "二姚",
            "content": "吃水不忘挖井人",
            "time": "15-11-20 11:59"
        },
        {
            "comment id": 23,
            "parent": -1,
            "children": [],
            "user id": "3988205493",
            "user name": "Who说八door",
            "content": "这些离开的人都有一个共同的特点，都没能看到国足进世界杯第二轮。他们都热爱足球。",
            "time": "15-11-20 11:53"
        },
        {
            "comment id": 24,
            "parent": -1,
            "children": [],
            "user id": "2785751922",
            "user name": "HoHo-520",
            "content": "有可能夜班上怕了……",
            "time": "15-11-20 11:35"
        },
        {
            "comment id": 25,
            "parent": -1,
            "children": [],
            "user id": "2785751922",
            "user name": "HoHo-520",
            "content": "你要是走了，我就不看天下足球了！去乐视TV?",
            "time": "15-11-20 11:34"
        },
        {
            "comment id": 26,
            "parent": -1,
            "children": [],
            "user id": "3068482927",
            "user name": "靠谱的随便1982",
            "content": "段暄业务水平不忍卒听，还是哪凉快上哪去吧",
            "time": "15-11-20 11:29"
        },
        {
            "comment id": 27,
            "parent": -1,
            "children": [],
            "user id": "2130628141",
            "user name": "旅行者丶7X11号",
            "content": "央视自作孽",
            "time": "15-11-20 11:26"
        },
        {
            "comment id": 28,
            "parent": -1,
            "children": [],
            "user id": "2457702121",
            "user name": "竹小谜1",
            "content": "想走的留不住，想留的怎么着都不会走，顺其自然吧。",
            "time": "15-11-20 11:13"
        },
        {
            "comment id": 29,
            "parent": -1,
            "children": [],
            "user id": "1656480884",
            "user name": "克里思浪",
            "content": "大概是网络媒体又发大招挖人吧",
            "time": "15-11-20 11:10"
        },
        {
            "comment id": 30,
            "parent": -1,
            "children": [],
            "user id": "5596260983",
            "user name": "-东方若木-",
            "content": "中国足球“害人不浅”",
            "time": "15-11-20 10:57"
        },
        {
            "comment id": 31,
            "parent": -1,
            "children": [],
            "user id": "2706748903",
            "user name": "雨沁稻香",
            "content": "他这是受不了旁边抢镜女生的节奏吗",
            "time": "15-11-20 10:49"
        },
        {
            "comment id": 32,
            "parent": -1,
            "children": [],
            "user id": "1851715943",
            "user name": "哼一只黑毛猪",
            "content": "我擦@忧伤--薄荷",
            "time": "15-11-20 10:49"
        },
        {
            "comment id": 33,
            "parent": -1,
            "children": [],
            "user id": "2073449191",
            "user name": "飞_咖灰",
            "content": "@C-Quatre洋",
            "time": "15-11-20 10:46"
        },
        {
            "comment id": 34,
            "parent": -1,
            "children": [],
            "user id": "1171728643",
            "user name": "看1212",
            "content": "大裤衩风水不好",
            "time": "15-11-20 10:40"
        },
        {
            "comment id": 35,
            "parent": -1,
            "children": [],
            "user id": "1692505472",
            "user name": "丠亜",
            "content": "那天下足球 誰來主播  不要斷了 ",
            "time": "15-11-20 10:38"
        },
        {
            "comment id": 36,
            "parent": -1,
            "children": [],
            "user id": "5652407276",
            "user name": "kkdd34064",
            "content": "暄哥已被中国足球深深伤害～",
            "time": "15-11-20 10:37"
        },
        {
            "comment id": 37,
            "parent": -1,
            "children": [],
            "user id": "1060720332",
            "user name": "一水隔天路飞",
            "content": "以为国足令他失望。",
            "time": "15-11-20 10:36"
        },
        {
            "comment id": 38,
            "parent": -1,
            "children": [],
            "user id": "2716722801",
            "user name": "未来旅行者2013",
            "content": "那以后天下足球怎么办@CCTV天下足球",
            "time": "15-11-20 10:36"
        },
        {
            "comment id": 39,
            "parent": -1,
            "children": [],
            "user id": "1319000354",
            "user name": "ANNIIINNA",
            "content": "国足伤了心？",
            "time": "15-11-20 10:35"
        },
        {
            "comment id": 40,
            "parent": -1,
            "children": [],
            "user id": "2092051311",
            "user name": "丛兰cl",
            "content": "一定是风水问题.",
            "time": "15-11-20 10:34"
        },
        {
            "comment id": 41,
            "parent": -1,
            "children": [],
            "user id": "1323672571",
            "user name": "红星闪闪的博陶",
            "content": "央视怎么就留不住人呐，应该反思啊！",
            "time": "15-11-20 10:26"
        },
        {
            "comment id": 42,
            "parent": -1,
            "children": [],
            "user id": "2927450672",
            "user name": "lele09275",
            "content": "给钱少了，另谋高就而已。",
            "time": "15-11-20 10:25"
        },
        {
            "comment id": 43,
            "parent": -1,
            "children": [],
            "user id": "2088972195",
            "user name": "山北飞",
            "content": "又走一个",
            "time": "15-11-20 10:22"
        },
        {
            "comment id": 44,
            "parent": -1,
            "children": [],
            "user id": "1533487351",
            "user name": "yoyo渔鱼",
            "content": "惊讶于他43岁。。。",
            "time": "15-11-20 10:19"
        },
        {
            "comment id": 45,
            "parent": -1,
            "children": [],
            "user id": "1890957275",
            "user name": "俊儒高",
            "content": "我草，他都43了",
            "time": "15-11-20 10:19"
        },
        {
            "comment id": 46,
            "parent": -1,
            "children": [],
            "user id": "1359251153",
            "user name": "baggio5038",
            "content": "央5怎么办？",
            "time": "15-11-20 10:18"
        },
        {
            "comment id": 47,
            "parent": -1,
            "children": [],
            "user id": "3907722757",
            "user name": "Bart大少",
            "content": "昨天中特老师说，想得心脏病突发猝死的最有效手段就是关注中国足球。 你还会看央五吗",
            "time": "15-11-20 10:18"
        },
        {
            "comment id": 48,
            "parent": -1,
            "children": [],
            "user id": "3315642997",
            "user name": "Loop-HAN",
            "content": "离开或许是一种解脱，也或许是一种救赎……@段暄 和“天下足球”，是太多70、80后青春里无法替代的一抹颜色~",
            "time": "15-11-20 10:17"
        },
        {
            "comment id": 49,
            "parent": -1,
            "children": [],
            "user id": "3975637143",
            "user name": "12856thgdc",
            "content": "在哪儿都一样",
            "time": "15-11-20 10:14"
        },
        {
            "comment id": 50,
            "parent": -1,
            "children": [],
            "user id": "3099701471",
            "user name": "昨天前天后天",
            "content": "央视太霸道！财大气粗的！当年陈佩斯那么火都被你们封杀了！凭什么取消他们上春晚？就因为把央视告上了法庭？你们就不用了？？央视成个人私人企业了吧，",
            "time": "15-11-20 10:11"
        },
        {
            "comment id": 51,
            "parent": -1,
            "children": [],
            "user id": "1823152502",
            "user name": "八面逆流",
            "content": "这是对中国足球的抗议。 泪啊",
            "time": "15-11-20 10:09"
        },
        {
            "comment id": 52,
            "parent": -1,
            "children": [],
            "user id": "1783405331",
            "user name": "摄影师沙布",
            "content": "不要紧，宁奶奶还在。",
            "time": "15-11-20 10:09"
        },
        {
            "comment id": 53,
            "parent": -1,
            "children": [],
            "user id": "1628226962",
            "user name": "青丝一特rossoneri",
            "content": "电视媒体要真正市场化，先从体育频道开始吧",
            "time": "15-11-20 10:09"
        },
        {
            "comment id": 54,
            "parent": -1,
            "children": [],
            "user id": "1277222682",
            "user name": "Lucas火山",
            "content": "最怀念的还是上身西装下身短裤的场景了，喜欢他的朋友可以转我那条微博 ",
            "time": "15-11-20 10:06"
        },
        {
            "comment id": 55,
            "parent": -1,
            "children": [],
            "user id": "3969231173",
            "user name": "迷失的小王子2014",
            "content": "没有灰色收入了。自从反腐之后。",
            "time": "15-11-20 10:06"
        },
        {
            "comment id": 56,
            "parent": -1,
            "children": [],
            "user id": "5573729655",
            "user name": "你懂的九月九",
            "content": "不要吧，咱太喜欢段暄解说风格！",
            "time": "15-11-20 10:06"
        },
        {
            "comment id": 57,
            "parent": -1,
            "children": [],
            "user id": "2104909844",
            "user name": "铁行机票",
            "content": "这次国足太臭，对国足失望了咩",
            "time": "15-11-20 10:05"
        },
        {
            "comment id": 58,
            "parent": -1,
            "children": [],
            "user id": "3175421550",
            "user name": "花龙五门齐",
            "content": "央视养人但也留不住人",
            "time": "15-11-20 10:04"
        },
        {
            "comment id": 59,
            "parent": -1,
            "children": [],
            "user id": "1716226674",
            "user name": "非常有肉",
            "content": "卧槽，真的假的",
            "time": "15-11-20 10:04"
        },
        {
            "comment id": 60,
            "parent": -1,
            "children": [],
            "user id": "3789534005",
            "user name": "1曾9伟5光6",
            "content": "一辈子做同样的工作，没有多少人能坚持",
            "time": "15-11-20 10:03"
        },
        {
            "comment id": 61,
            "parent": -1,
            "children": [],
            "user id": "1949067521",
            "user name": "留一手二小",
            "content": "转发微博",
            "time": "15-11-20 10:01"
        },
        {
            "comment id": 62,
            "parent": -1,
            "children": [],
            "user id": "2663880924",
            "user name": "rOmanwOw",
            "content": "离开体制了",
            "time": "15-11-20 10:01"
        },
        {
            "comment id": 63,
            "parent": -1,
            "children": [],
            "user id": "5475435980",
            "user name": "Kkkkk小王子",
            "content": "对国足失望了咩",
            "time": "15-11-20 10:00"
        },
        {
            "comment id": 64,
            "parent": -1,
            "children": [],
            "user id": "1016882982",
            "user name": "Desire1903",
            "content": "男人老的真慢",
            "time": "15-11-20 10:00"
        }
    ]
}