{
    "source": {
        "content": "#微镜头#【初冬时节，一起来赏银杏吧[拍照]】银杏叶从树枝上纷纷扬扬飘落下来，如同金灿灿的地毯覆盖了地面…云南腾冲银杏村，每年10月下旬起进入银杏最佳观赏期，被银杏树围绕着的村子，就如童话中金色的城堡，美得令人心醉！点图，找时间，约上小伙伴一起来享受这金色之美吧！（央视记者陈政） ",
        "time": "15-11-20 11:05",
        "user id": "2656274875",
        "tweet id": "D4HDGjvSH",
        "label": 0,
        "theme": "社会生活"
    },
    "comment": [
        {
            "comment id": 0,
            "parent": -1,
            "children": [],
            "user id": "2696273562",
            "user name": "沁花雨文",
            "content": "@乌云挡不住太阳的微笑 这里这里",
            "time": "16-10-10 16:14"
        },
        {
            "comment id": 1,
            "parent": -1,
            "children": [],
            "user id": "2402139255",
            "user name": "陈枣子",
            "content": "回复@优YuAoi:那就十一月去找你玩👻",
            "time": "16-9-23 09:58"
        },
        {
            "comment id": 2,
            "parent": -1,
            "children": [],
            "user id": "2425932710",
            "user name": "优YuAoi",
            "content": "@呵呵呵呵眼小怎么了 @南方小羊-L @iamzaozi @金克斯的鲨鱼炮 可惜要11月才看得到啊",
            "time": "16-9-23 09:25"
        },
        {
            "comment id": 3,
            "parent": -1,
            "children": [],
            "user id": "1998673770",
            "user name": "Oo也乐oO",
            "content": "回复@kiss-ing:哼",
            "time": "16-8-30 12:11"
        },
        {
            "comment id": 4,
            "parent": -1,
            "children": [],
            "user id": "1883342971",
            "user name": "kiss-ing",
            "content": "回复@Oo也乐oO:刚问了个旅行团的也是说十一月中旬",
            "time": "16-8-30 12:02"
        },
        {
            "comment id": 5,
            "parent": -1,
            "children": [],
            "user id": "1998673770",
            "user name": "Oo也乐oO",
            "content": "回复@kiss-ing:百度说11月中旬啊",
            "time": "16-8-30 09:38"
        },
        {
            "comment id": 6,
            "parent": -1,
            "children": [],
            "user id": "1883342971",
            "user name": "kiss-ing",
            "content": "@Oo也乐oO 十月下旬啊",
            "time": "16-8-30 07:44"
        },
        {
            "comment id": 7,
            "parent": -1,
            "children": [],
            "user id": "5616649040",
            "user name": "王先生_5776",
            "content": "叶子怎样做可以当饮料？",
            "time": "16-7-10 15:11"
        },
        {
            "comment id": 8,
            "parent": -1,
            "children": [],
            "user id": "5611379758",
            "user name": "昌吉市商务经信委",
            "content": "挺好的 @ 舌尖上的昌吉",
            "time": "16-6-1 16:11"
        },
        {
            "comment id": 9,
            "parent": -1,
            "children": [],
            "user id": "5611379758",
            "user name": "昌吉市商务经信委",
            "content": "不错 @ 舌尖上的昌吉",
            "time": "16-5-25 17:04"
        },
        {
            "comment id": 10,
            "parent": -1,
            "children": [],
            "user id": "3033143524",
            "user name": "a青丝缱绻a",
            "content": "昨天刚捡了银杏叶，据说做成枕头可降压",
            "time": "16-1-21 20:12"
        },
        {
            "comment id": 11,
            "parent": -1,
            "children": [],
            "user id": "2870771020",
            "user name": "方杏小姐",
            "content": "今年七月份去的银杏村，还有个大伯给我们讲他们的历史，还给我们展示他的灵芝，他说摘下来的时候更漂亮，看了照片还记得我们走过的银杏村的每一条路，历历在目",
            "time": "15-12-18 23:26"
        },
        {
            "comment id": 12,
            "parent": -1,
            "children": [],
            "user id": "3537059363",
            "user name": "碎花的微博-",
            "content": "去闻闻新鲜的春天 感受阳光洒落肩上的夏天 整个世界涂着金色的秋天 飘雪的冬天😍我要去这er",
            "time": "15-12-14 10:36"
        },
        {
            "comment id": 13,
            "parent": -1,
            "children": [],
            "user id": "2627489835",
            "user name": "生活就在当下",
            "content": "回复@哆啦代在未知旅行:这里奏是好！",
            "time": "15-11-27 13:53"
        },
        {
            "comment id": 14,
            "parent": -1,
            "children": [],
            "user id": "2646771462",
            "user name": "Snow_929",
            "content": "@曼QQQ",
            "time": "15-11-27 13:50"
        },
        {
            "comment id": 15,
            "parent": -1,
            "children": [],
            "user id": "2055439727",
            "user name": "087643tgx",
            "content": "神曲一般的《翻脸狗》QQ音乐上线啦，邀请贵博主前去赏析，如果能点评一番就更好啦~谢谢啦~~~~~",
            "time": "15-11-23 11:32"
        },
        {
            "comment id": 16,
            "parent": -1,
            "children": [],
            "user id": "3291725505",
            "user name": "钸铃钸铃菇凉",
            "content": "回复@紫菩提籽:一直到12月初都是美的",
            "time": "15-11-23 00:06"
        },
        {
            "comment id": 17,
            "parent": -1,
            "children": [],
            "user id": "3291725505",
            "user name": "钸铃钸铃菇凉",
            "content": "回复@圣-青:腾冲不属于保山了，升级为市了",
            "time": "15-11-23 00:05"
        },
        {
            "comment id": 18,
            "parent": -1,
            "children": [],
            "user id": "2784380244",
            "user name": "漢小沫",
            "content": "回复@虚假安利一经售出概不负责:好！",
            "time": "15-11-23 00:03"
        },
        {
            "comment id": 19,
            "parent": -1,
            "children": [],
            "user id": "2093652142",
            "user name": "诗随贤缘",
            "content": "转发微博",
            "time": "15-11-22 18:43"
        },
        {
            "comment id": 20,
            "parent": -1,
            "children": [],
            "user id": "2441947804",
            "user name": "Tuzi小姐和小W的岁岁年年",
            "content": "我大腾冲美美哒～",
            "time": "15-11-22 15:22"
        },
        {
            "comment id": 21,
            "parent": -1,
            "children": [],
            "user id": "2654093103",
            "user name": "GypsophilaLyy",
            "content": "回复@西兰花椰菜青虫:最美的时候就是现在，树上也黄地下也黄，一阵风来满世界都是金灿灿的",
            "time": "15-11-22 11:03"
        },
        {
            "comment id": 22,
            "parent": -1,
            "children": [],
            "user id": "2452050274",
            "user name": "向真1953",
            "content": "//@军垦老兵: 银杏之美，在黄叶！//@老兵1978:转发微博",
            "time": "15-11-21 20:26"
        },
        {
            "comment id": 23,
            "parent": -1,
            "children": [],
            "user id": "5256687104",
            "user name": "腾冲1982",
            "content": "欢迎大家来做客",
            "time": "15-11-21 20:13"
        },
        {
            "comment id": 24,
            "parent": -1,
            "children": [],
            "user id": "2785057720",
            "user name": "Esmeralda甘姐",
            "content": "我的家乡美如画。",
            "time": "15-11-21 16:05"
        },
        {
            "comment id": 25,
            "parent": -1,
            "children": [],
            "user id": "2204360953",
            "user name": "风_住的街道",
            "content": "@Joan0831",
            "time": "15-11-21 09:51"
        },
        {
            "comment id": 26,
            "parent": -1,
            "children": [],
            "user id": "3153393741",
            "user name": "蓝Lotus912",
            "content": "好美，有机会一定去亲身感受一下。",
            "time": "15-11-21 09:29"
        },
        {
            "comment id": 27,
            "parent": -1,
            "children": [],
            "user id": "3656844742",
            "user name": "蟲蟲Debbie",
            "content": "醉美是深秋",
            "time": "15-11-21 07:11"
        },
        {
            "comment id": 28,
            "parent": -1,
            "children": [],
            "user id": "1794294152",
            "user name": "西兰花椰菜青虫",
            "content": "一般最美的时候是10月份",
            "time": "15-11-21 07:07"
        },
        {
            "comment id": 29,
            "parent": -1,
            "children": [],
            "user id": "2249309510",
            "user name": "C蠢蛋",
            "content": "求给广东来一次人工降雪，帮助广东人民避暑入冬",
            "time": "15-11-21 00:22"
        },
        {
            "comment id": 30,
            "parent": -1,
            "children": [],
            "user id": "3477735112",
            "user name": "豆芽菜silence",
            "content": "美的让人窒息",
            "time": "15-11-21 00:13"
        },
        {
            "comment id": 31,
            "parent": -1,
            "children": [],
            "user id": "1747292380",
            "user name": "想天天開心的小資女",
            "content": "總有一天 要回老鄉 看看 [可愛]",
            "time": "15-11-21 00:07"
        },
        {
            "comment id": 32,
            "parent": -1,
            "children": [],
            "user id": "1179854771",
            "user name": "西西里的坦克部队",
            "content": "去年到过的村庄，印象深刻。",
            "time": "15-11-20 23:59"
        },
        {
            "comment id": 33,
            "parent": -1,
            "children": [],
            "user id": "2651785514",
            "user name": "沒蚊子咬的蚊子",
            "content": "韶关就有",
            "time": "15-11-20 23:40"
        },
        {
            "comment id": 34,
            "parent": -1,
            "children": [],
            "user id": "1627694444",
            "user name": "紫菩提籽",
            "content": "11月中旬是否美景已不在了呢",
            "time": "15-11-20 22:55"
        },
        {
            "comment id": 35,
            "parent": -1,
            "children": [],
            "user id": "5628459625",
            "user name": "黎塘苑维",
            "content": "回复@请叫我茗小姐:想回家了不得",
            "time": "15-11-20 22:13"
        },
        {
            "comment id": 36,
            "parent": -1,
            "children": [],
            "user id": "2371716634",
            "user name": "Lucky-Regina",
            "content": "兴高采烈的计划去看银杏的心情现在都还记得，可当失去了期待的意义，也就没有去的心情了。不知道未来路有多难走，但是自己选择的路，跪着也要走完。",
            "time": "15-11-20 21:58"
        },
        {
            "comment id": 37,
            "parent": -1,
            "children": [],
            "user id": "1742927064",
            "user name": "Jing_Becky",
            "content": "很荣幸在它还没那么耀眼…被众人所之前…也是这个时候自驾游到过！那种金色一片现在仍难忘",
            "time": "15-11-20 21:42"
        },
        {
            "comment id": 38,
            "parent": -1,
            "children": [],
            "user id": "2805176134",
            "user name": "冰雪消融的喵星人",
            "content": "好美",
            "time": "15-11-20 21:18"
        },
        {
            "comment id": 39,
            "parent": -1,
            "children": [],
            "user id": "2196517574",
            "user name": "溜大勇敢",
            "content": "回复@谁是大恶人:秋天啊！！！",
            "time": "15-11-20 20:13"
        },
        {
            "comment id": 40,
            "parent": -1,
            "children": [],
            "user id": "3910444298",
            "user name": "Saying-Now",
            "content": "回复@懒出艺术:他学我😂😂😂😂😂😂",
            "time": "15-11-20 20:07"
        },
        {
            "comment id": 41,
            "parent": -1,
            "children": [],
            "user id": "1051287190",
            "user name": "华丽的围观",
            "content": "回复@扬小歌:这条线非常适合自驾游",
            "time": "15-11-20 20:06"
        },
        {
            "comment id": 42,
            "parent": -1,
            "children": [],
            "user id": "3776998333",
            "user name": "懒出艺术",
            "content": "@丶王博童鞋 ",
            "time": "15-11-20 20:00"
        },
        {
            "comment id": 43,
            "parent": -1,
            "children": [],
            "user id": "5184472416",
            "user name": "是你的小鼠啊",
            "content": "回复@大脸脸是小萌妹:是的，烤乳猪也非常好吃",
            "time": "15-11-20 18:20"
        },
        {
            "comment id": 44,
            "parent": -1,
            "children": [],
            "user id": "3179577021",
            "user name": "嘴巴是拿来说话的",
            "content": "回复@cheer_莉:",
            "time": "15-11-20 17:42"
        },
        {
            "comment id": 45,
            "parent": -1,
            "children": [],
            "user id": "5165498190",
            "user name": "楊Ming雪",
            "content": "回复@低調NJCC:不客气😜嚯嚯嚯",
            "time": "15-11-20 17:37"
        },
        {
            "comment id": 46,
            "parent": -1,
            "children": [],
            "user id": "1336449821",
            "user name": "动物故事大王马文秋",
            "content": "",
            "time": "15-11-20 17:12"
        },
        {
            "comment id": 47,
            "parent": -1,
            "children": [],
            "user id": "2235306097",
            "user name": "黃同学",
            "content": "回复@ming雪杨:谢谢",
            "time": "15-11-20 16:23"
        },
        {
            "comment id": 48,
            "parent": -1,
            "children": [],
            "user id": "2235306097",
            "user name": "黃同学",
            "content": "回复@圣-青:谢谢啦",
            "time": "15-11-20 16:23"
        },
        {
            "comment id": 49,
            "parent": -1,
            "children": [],
            "user id": "2799285840",
            "user name": "上海海之声黄浦中心",
            "content": "",
            "time": "15-11-20 15:55"
        },
        {
            "comment id": 50,
            "parent": -1,
            "children": [],
            "user id": "2994878244",
            "user name": "水拜拜CC",
            "content": "好美",
            "time": "15-11-20 15:17"
        },
        {
            "comment id": 51,
            "parent": -1,
            "children": [],
            "user id": "2434506170",
            "user name": "会稽山景区",
            "content": "",
            "time": "15-11-20 15:13"
        },
        {
            "comment id": 52,
            "parent": -1,
            "children": [],
            "user id": "3798559201",
            "user name": "小魔头pp",
            "content": "喜欢银杏，不论金黄还是翠绿，腾冲，我会为银杏而去的",
            "time": "15-11-20 14:57"
        },
        {
            "comment id": 53,
            "parent": -1,
            "children": [],
            "user id": "2595620207",
            "user name": "皮皮鲁2013417",
            "content": "转发微博",
            "time": "15-11-20 14:49"
        },
        {
            "comment id": 54,
            "parent": -1,
            "children": [],
            "user id": "2491239165",
            "user name": "殷子Elena",
            "content": "回复@Ezreal的男朋友:好美",
            "time": "15-11-20 14:31"
        },
        {
            "comment id": 55,
            "parent": -1,
            "children": [],
            "user id": "1245267381",
            "user name": "万万要使自己开心",
            "content": "东北都大雪纷飞了",
            "time": "15-11-20 14:18"
        },
        {
            "comment id": 56,
            "parent": -1,
            "children": [],
            "user id": "2812782204",
            "user name": "日照玲珑慢",
            "content": "美美哒",
            "time": "15-11-20 14:15"
        },
        {
            "comment id": 57,
            "parent": -1,
            "children": [],
            "user id": "2609373033",
            "user name": "MMC_Xxxxstyleway",
            "content": "回复@劉_大月er:走呀",
            "time": "15-11-20 14:11"
        },
        {
            "comment id": 58,
            "parent": -1,
            "children": [],
            "user id": "1953542772",
            "user name": "劉_大月er",
            "content": "去北京赏银杏啊@后海小鯊魚 ",
            "time": "15-11-20 14:09"
        },
        {
            "comment id": 59,
            "parent": -1,
            "children": [],
            "user id": "2636954525",
            "user name": "Freesias-",
            "content": "@吃土少年boku",
            "time": "15-11-20 14:01"
        },
        {
            "comment id": 60,
            "parent": -1,
            "children": [],
            "user id": "2053957332",
            "user name": "supperboycs",
            "content": "回复@特别的特别co:yeah",
            "time": "15-11-20 13:49"
        },
        {
            "comment id": 61,
            "parent": -1,
            "children": [],
            "user id": "2533673847",
            "user name": "ccccolor-",
            "content": "好美",
            "time": "15-11-20 13:47"
        },
        {
            "comment id": 62,
            "parent": -1,
            "children": [],
            "user id": "1281958227",
            "user name": "高大上的犬次郎",
            "content": "@冬瓜小小小小小小小千 快看",
            "time": "15-11-20 13:41"
        },
        {
            "comment id": 63,
            "parent": -1,
            "children": [],
            "user id": "1281958227",
            "user name": "高大上的犬次郎",
            "content": "@straw-张张张宏艳",
            "time": "15-11-20 13:41"
        },
        {
            "comment id": 64,
            "parent": -1,
            "children": [],
            "user id": "2998428187",
            "user name": "遇见更好的我0324",
            "content": "回复@微微一笑a鹏:",
            "time": "15-11-20 13:34"
        },
        {
            "comment id": 65,
            "parent": -1,
            "children": [],
            "user id": "2832799122",
            "user name": "悠悠正",
            "content": "正好在",
            "time": "15-11-20 13:33"
        },
        {
            "comment id": 66,
            "parent": -1,
            "children": [],
            "user id": "5184472416",
            "user name": "是你的小鼠啊",
            "content": "@扭一扭啦啦啦 @大脸脸是小萌妹 @hEYIInG",
            "time": "15-11-20 13:32"
        },
        {
            "comment id": 67,
            "parent": -1,
            "children": [],
            "user id": "1916834323",
            "user name": "地球村犄角旮旯街街坊小win",
            "content": "广东还在开空调",
            "time": "15-11-20 13:32"
        },
        {
            "comment id": 68,
            "parent": -1,
            "children": [],
            "user id": "1703998430",
            "user name": "淡淡然噻",
            "content": "好漂亮啊",
            "time": "15-11-20 13:31"
        },
        {
            "comment id": 69,
            "parent": -1,
            "children": [],
            "user id": "3919184558",
            "user name": "皮特大叔c_",
            "content": "美的走心",
            "time": "15-11-20 13:31"
        },
        {
            "comment id": 70,
            "parent": -1,
            "children": [],
            "user id": "3214415250",
            "user name": "ZuohzjJczl初心不变",
            "content": "也不知道我家那颗银杏树长大没有",
            "time": "15-11-20 13:31"
        },
        {
            "comment id": 71,
            "parent": -1,
            "children": [],
            "user id": "3299668207",
            "user name": "甲戊犬",
            "content": "表示拜今年的鬼天气所赐学校的银杏早早的落光了，我们宿舍一年一张的照片都没来得及",
            "time": "15-11-20 13:26"
        },
        {
            "comment id": 72,
            "parent": -1,
            "children": [],
            "user id": "1141596083",
            "user name": "少女野原新之助",
            "content": "10月下旬？现在不是11月了嘛？",
            "time": "15-11-20 13:26"
        },
        {
            "comment id": 73,
            "parent": -1,
            "children": [],
            "user id": "2319126423",
            "user name": "无敌小胖福儿",
            "content": "@蒙脸突突突 好漂亮 想去…",
            "time": "15-11-20 13:25"
        },
        {
            "comment id": 74,
            "parent": -1,
            "children": [],
            "user id": "2808780932",
            "user name": "-西贡-",
            "content": "最重要的就是！哪里的银杏果炖鸡很好吃啊！！！",
            "time": "15-11-20 13:24"
        },
        {
            "comment id": 75,
            "parent": -1,
            "children": [],
            "user id": "3844568249",
            "user name": "低调奢华路人乙",
            "content": "回复@段白_:好美吖",
            "time": "15-11-20 13:22"
        },
        {
            "comment id": 76,
            "parent": -1,
            "children": [],
            "user id": "2854053320",
            "user name": "能吃六两螺蛳粉",
            "content": "只有我满脑子都是杏仁吗",
            "time": "15-11-20 13:22"
        },
        {
            "comment id": 77,
            "parent": -1,
            "children": [],
            "user id": "2642613231",
            "user name": "秋瞳Twen",
            "content": "@方公子啊",
            "time": "15-11-20 13:22"
        },
        {
            "comment id": 78,
            "parent": -1,
            "children": [],
            "user id": "3917602189",
            "user name": "我们去旅行",
            "content": "好想互粉一下，有吗",
            "time": "15-11-20 13:22"
        },
        {
            "comment id": 79,
            "parent": -1,
            "children": [],
            "user id": "1525787062",
            "user name": "再见草莓甜甜圈",
            "content": "美",
            "time": "15-11-20 13:21"
        }
    ]
}