{
    "source": {
        "content": "#乐享时光#跟奶奶顶嘴的小姑娘要不要这么可爱“为什么你会对奶奶这么失望？””因为她对我说了不好的那个字，因为，因为她说了_________“微博视频 ",
        "time": "15-11-20 12:00",
        "user id": "1642512402",
        "tweet id": "D4HZHbjVV",
        "label": 0,
        "theme": "文体娱乐"
    },
    "comment": [
        {
            "comment id": 0,
            "parent": -1,
            "children": [],
            "user id": "5373612218",
            "user name": "笑笑_94430",
            "content": "萌翻了",
            "time": "15-12-24 14:33"
        },
        {
            "comment id": 1,
            "parent": -1,
            "children": [],
            "user id": "2490593117",
            "user name": "Ich_時線TimeLine",
            "content": "cause cause cause",
            "time": "15-12-9 16:25"
        },
        {
            "comment id": 2,
            "parent": -1,
            "children": [],
            "user id": "3134575473",
            "user name": "一穷二白是宝妈",
            "content": "@Miss宝Zoooe ",
            "time": "15-12-2 20:52"
        },
        {
            "comment id": 3,
            "parent": -1,
            "children": [],
            "user id": "1895718832",
            "user name": "陈阿牛和媳妇儿的幸福生活",
            "content": "最后的手势好像特朗普啊~~哈哈哈",
            "time": "15-11-27 22:50"
        },
        {
            "comment id": 4,
            "parent": -1,
            "children": [],
            "user id": "3225922805",
            "user name": "小精灵Helen_随遇而安",
            "content": "哈哈哈，小姑娘太逗了……哈哈哈",
            "time": "15-11-24 07:55"
        },
        {
            "comment id": 5,
            "parent": -1,
            "children": [],
            "user id": "3168719334",
            "user name": "東東的飛艇",
            "content": "我家小孩3岁温州方言讲飞起",
            "time": "15-11-23 23:55"
        },
        {
            "comment id": 6,
            "parent": -1,
            "children": [],
            "user id": "5746860361",
            "user name": "我是一只可爱的肥肥猪",
            "content": "回复@Cycles__:干嘛，多可爱啊",
            "time": "15-11-23 00:39"
        },
        {
            "comment id": 7,
            "parent": -1,
            "children": [],
            "user id": "1892929695",
            "user name": "Cycles__",
            "content": "回复@桑妮hoyihoyi:",
            "time": "15-11-22 15:39"
        },
        {
            "comment id": 8,
            "parent": -1,
            "children": [],
            "user id": "3627227830",
            "user name": "水煮美人鱼_oo",
            "content": "cause. cause.  cause@zzangsuju ",
            "time": "15-11-21 21:14"
        },
        {
            "comment id": 9,
            "parent": -1,
            "children": [],
            "user id": "2447709781",
            "user name": "爱与Miffy有关",
            "content": "可爱",
            "time": "15-11-21 12:18"
        },
        {
            "comment id": 10,
            "parent": -1,
            "children": [],
            "user id": "1663520504",
            "user name": "苏蘇苏-嘛",
            "content": "@ba_air_plus",
            "time": "15-11-21 10:17"
        },
        {
            "comment id": 11,
            "parent": -1,
            "children": [],
            "user id": "5542164755",
            "user name": "一个没啥作品的程序员",
            "content": "认真、严肃地控诉，可爱。",
            "time": "15-11-21 10:10"
        },
        {
            "comment id": 12,
            "parent": -1,
            "children": [],
            "user id": "2762098667",
            "user name": "天慧幸福",
            "content": "回复@嗯嗯先生chy:加油！你找个金发妞",
            "time": "15-11-21 08:09"
        },
        {
            "comment id": 13,
            "parent": -1,
            "children": [],
            "user id": "2953002681",
            "user name": "沈立辉的微博",
            "content": "服了",
            "time": "15-11-20 23:44"
        },
        {
            "comment id": 14,
            "parent": -1,
            "children": [],
            "user id": "3190569900",
            "user name": "隔座看",
            "content": "笑惨@Brother-Proud",
            "time": "15-11-20 21:50"
        },
        {
            "comment id": 15,
            "parent": -1,
            "children": [],
            "user id": "1566454625",
            "user name": "贺妞妞de豆包生活",
            "content": "回复@恐惧魔王大倒理家:便便💩",
            "time": "15-11-20 20:38"
        },
        {
            "comment id": 16,
            "parent": -1,
            "children": [],
            "user id": "1395748725",
            "user name": "恐惧魔王大倒理家Deadpoor",
            "content": "@贺妞妞de豆包生活",
            "time": "15-11-20 20:24"
        },
        {
            "comment id": 17,
            "parent": -1,
            "children": [],
            "user id": "3252859824",
            "user name": "岁岁消磨山河",
            "content": "天伦之乐！",
            "time": "15-11-20 20:21"
        },
        {
            "comment id": 18,
            "parent": -1,
            "children": [],
            "user id": "5254931388",
            "user name": "你药吃了吗",
            "content": "回复@第8道:好q啊",
            "time": "15-11-20 19:58"
        },
        {
            "comment id": 19,
            "parent": -1,
            "children": [],
            "user id": "3636301755",
            "user name": "Finney黄培芬",
            "content": "@JoyouStella 超可爱的",
            "time": "15-11-20 19:25"
        },
        {
            "comment id": 20,
            "parent": -1,
            "children": [],
            "user id": "5564672874",
            "user name": "MluM茕茕茕茕白兔Dream",
            "content": "每次看到外国的小朋友，都好想生一个混血儿，太可爱了",
            "time": "15-11-20 19:19"
        },
        {
            "comment id": 21,
            "parent": -1,
            "children": [],
            "user id": "5746860361",
            "user name": "我是一只可爱的肥肥猪",
            "content": "@SiuKitHang",
            "time": "15-11-20 19:01"
        },
        {
            "comment id": 22,
            "parent": -1,
            "children": [],
            "user id": "3516962570",
            "user name": "我想成为坏女孩",
            "content": "大便",
            "time": "15-11-20 17:10"
        },
        {
            "comment id": 23,
            "parent": -1,
            "children": [],
            "user id": "5688657700",
            "user name": "我要吃了吗",
            "content": "@蛋黄赘肉小粽子",
            "time": "15-11-20 16:11"
        },
        {
            "comment id": 24,
            "parent": -1,
            "children": [],
            "user id": "1874855733",
            "user name": "佚名__Wanlen",
            "content": "回复@亦萼:嗯嗯，还挺有个性的",
            "time": "15-11-20 15:47"
        },
        {
            "comment id": 25,
            "parent": -1,
            "children": [],
            "user id": "5543894510",
            "user name": "大脸猫梅尓",
            "content": "@灵活胖纸的辛辣屎",
            "time": "15-11-20 15:37"
        },
        {
            "comment id": 26,
            "parent": -1,
            "children": [],
            "user id": "5746860361",
            "user name": "我是一只可爱的肥肥猪",
            "content": "@SiuKitHang",
            "time": "15-11-20 15:22"
        },
        {
            "comment id": 27,
            "parent": -1,
            "children": [],
            "user id": "5512840654",
            "user name": "天沧花",
            "content": "回复@三月四季:宝贝会回答你，你的中文真好，我好羡慕。",
            "time": "15-11-20 14:47"
        },
        {
            "comment id": 28,
            "parent": -1,
            "children": [],
            "user id": "5361465837",
            "user name": "最可爱淑女的雙雙",
            "content": "@欧阳格rong",
            "time": "15-11-20 14:46"
        },
        {
            "comment id": 29,
            "parent": -1,
            "children": [],
            "user id": "2214136890",
            "user name": "小美宝的妈妈",
            "content": "",
            "time": "15-11-20 14:38"
        },
        {
            "comment id": 30,
            "parent": -1,
            "children": [],
            "user id": "2219532091",
            "user name": "Faye_沐沐",
            "content": "好可爱",
            "time": "15-11-20 14:37"
        },
        {
            "comment id": 31,
            "parent": -1,
            "children": [],
            "user id": "1812091792",
            "user name": "掉进健身坑里_",
            "content": "“cause..cause..cause...she said 噗——”",
            "time": "15-11-20 14:36"
        },
        {
            "comment id": 32,
            "parent": -1,
            "children": [],
            "user id": "2727858297",
            "user name": "吹chui风",
            "content": "我以为说她胖了呢……",
            "time": "15-11-20 14:35"
        },
        {
            "comment id": 33,
            "parent": -1,
            "children": [],
            "user id": "1760052093",
            "user name": "one-owo",
            "content": "@经天姐姐是Change的大情人",
            "time": "15-11-20 14:35"
        },
        {
            "comment id": 34,
            "parent": -1,
            "children": [],
            "user id": "1856570380",
            "user name": "玟吖",
            "content": "关键她还一本正经的",
            "time": "15-11-20 14:34"
        },
        {
            "comment id": 35,
            "parent": -1,
            "children": [],
            "user id": "2251775544",
            "user name": "蜜桃波波子",
            "content": "@有件外套叫肌肉",
            "time": "15-11-20 14:34"
        },
        {
            "comment id": 36,
            "parent": -1,
            "children": [],
            "user id": "2655405320",
            "user name": "MSync_Ambiguo",
            "content": "@啄水鸟先生",
            "time": "15-11-20 14:33"
        },
        {
            "comment id": 37,
            "parent": -1,
            "children": [],
            "user id": "1707790790",
            "user name": "Wall_E_Tribbiani",
            "content": "不道歉还一直跟那儿傻乐，这奶奶素质跟不上她爸妈",
            "time": "15-11-20 14:32"
        },
        {
            "comment id": 38,
            "parent": -1,
            "children": [],
            "user id": "2917679435",
            "user name": "励志的大咸鱼",
            "content": "厉害",
            "time": "15-11-20 14:29"
        },
        {
            "comment id": 39,
            "parent": -1,
            "children": [],
            "user id": "3300759565",
            "user name": "wangyunxianxy",
            "content": "可爱",
            "time": "15-11-20 14:28"
        },
        {
            "comment id": 40,
            "parent": -1,
            "children": [],
            "user id": "3022524975",
            "user name": "亦萼",
            "content": "@佚名__Lonely 好萌",
            "time": "15-11-20 14:27"
        },
        {
            "comment id": 41,
            "parent": -1,
            "children": [],
            "user id": "1442380875",
            "user name": "Z小哈",
            "content": "这肢体语言。。",
            "time": "15-11-20 14:27"
        },
        {
            "comment id": 42,
            "parent": -1,
            "children": [],
            "user id": "3176845235",
            "user name": "Bree-Delfino",
            "content": "从小肢体语言就这么丰富",
            "time": "15-11-20 14:25"
        },
        {
            "comment id": 43,
            "parent": -1,
            "children": [],
            "user id": "5151233959",
            "user name": "Vaaaaazzz",
            "content": "回复@三月四季:那你中文还比他好呢 你可真是自卑啊",
            "time": "15-11-20 14:25"
        },
        {
            "comment id": 44,
            "parent": -1,
            "children": [],
            "user id": "1236799725",
            "user name": "YOYOmin",
            "content": "😂",
            "time": "15-11-20 14:25"
        },
        {
            "comment id": 45,
            "parent": -1,
            "children": [],
            "user id": "1956168600",
            "user name": "Jessica高小咖",
            "content": "Small cute girl. 😘😘@艾-窝窝",
            "time": "15-11-20 14:24"
        },
        {
            "comment id": 46,
            "parent": -1,
            "children": [],
            "user id": "3167200573",
            "user name": "Jia淂妞327",
            "content": "",
            "time": "15-11-20 14:22"
        },
        {
            "comment id": 47,
            "parent": -1,
            "children": [],
            "user id": "2815855377",
            "user name": "王沐象DPS",
            "content": "@俞文文",
            "time": "15-11-20 14:21"
        },
        {
            "comment id": 48,
            "parent": -1,
            "children": [],
            "user id": "3136655761",
            "user name": "正能量MEI美",
            "content": "这小胳膊甩的",
            "time": "15-11-20 14:21"
        },
        {
            "comment id": 49,
            "parent": -1,
            "children": [],
            "user id": "1961665325",
            "user name": "我就是这样的小少女",
            "content": "@Yanasnep 好搞笑好可爱",
            "time": "15-11-20 14:20"
        },
        {
            "comment id": 50,
            "parent": -1,
            "children": [],
            "user id": "2156409297",
            "user name": "十度电",
            "content": "@lngela 乐死了",
            "time": "15-11-20 14:20"
        },
        {
            "comment id": 51,
            "parent": -1,
            "children": [],
            "user id": "2819314013",
            "user name": "gai枝",
            "content": "@DearBryce",
            "time": "15-11-20 14:17"
        },
        {
            "comment id": 52,
            "parent": -1,
            "children": [],
            "user id": "1826357170",
            "user name": "她说不是你",
            "content": "我居然可以听懂 好棒",
            "time": "15-11-20 14:17"
        },
        {
            "comment id": 53,
            "parent": -1,
            "children": [],
            "user id": "3016193791",
            "user name": "Beeaar呀",
            "content": "@时境年华",
            "time": "15-11-20 14:16"
        },
        {
            "comment id": 54,
            "parent": -1,
            "children": [],
            "user id": "3016193791",
            "user name": "Beeaar呀",
            "content": "@奥莉oo",
            "time": "15-11-20 14:16"
        },
        {
            "comment id": 55,
            "parent": -1,
            "children": [],
            "user id": "1619603742",
            "user name": "要吃蔬菜沙拉的妍",
            "content": "@可爱的大大大魔王",
            "time": "15-11-20 14:16"
        },
        {
            "comment id": 56,
            "parent": -1,
            "children": [],
            "user id": "3016193791",
            "user name": "Beeaar呀",
            "content": "@李李李李李斯文",
            "time": "15-11-20 14:16"
        },
        {
            "comment id": 57,
            "parent": -1,
            "children": [],
            "user id": "3625613527",
            "user name": "七夜哥哥的小倩",
            "content": "所以她奶奶说了啥⋯⋯",
            "time": "15-11-20 14:15"
        },
        {
            "comment id": 58,
            "parent": -1,
            "children": [],
            "user id": "1342874802",
            "user name": "Miss沙梨树",
            "content": "@LuiYungWai 认真的样子好搞笑",
            "time": "15-11-20 14:14"
        },
        {
            "comment id": 59,
            "parent": -1,
            "children": [],
            "user id": "3158265285",
            "user name": "花花种植者",
            "content": "@等待风的猪",
            "time": "15-11-20 14:14"
        },
        {
            "comment id": 60,
            "parent": -1,
            "children": [],
            "user id": "2818081432",
            "user name": "江湖中的蘑菇仔",
            "content": "@耿彬同学",
            "time": "15-11-20 14:12"
        },
        {
            "comment id": 61,
            "parent": -1,
            "children": [],
            "user id": "5370082594",
            "user name": "成都速优云",
            "content": "",
            "time": "15-11-20 14:12"
        },
        {
            "comment id": 62,
            "parent": -1,
            "children": [],
            "user id": "2693449875",
            "user name": "匿名人士_MAVERICK",
            "content": "回复@小螃蟹别上火:1年前的视屏了",
            "time": "15-11-20 14:11"
        },
        {
            "comment id": 63,
            "parent": -1,
            "children": [],
            "user id": "2858228950",
            "user name": "用户860206",
            "content": "@巨太",
            "time": "15-11-20 14:10"
        },
        {
            "comment id": 64,
            "parent": -1,
            "children": [],
            "user id": "3191706322",
            "user name": "请赐我七颗龙珠",
            "content": "各位有要考会计从业，初级，中级，注会的，都可以来找我啊。有题库，有视频，在线直播上课，答题解疑等等。欢迎咨询（我不是骗子，所以非诚勿扰）【博主觉得不好可删】",
            "time": "15-11-20 14:10"
        },
        {
            "comment id": 65,
            "parent": -1,
            "children": [],
            "user id": "2121082937",
            "user name": "caicai的奇思妙想",
            "content": "@C-C-澄",
            "time": "15-11-20 14:07"
        },
        {
            "comment id": 66,
            "parent": -1,
            "children": [],
            "user id": "1612285692",
            "user name": "巫咪丫头",
            "content": "很有个性的小朋友",
            "time": "15-11-20 14:07"
        },
        {
            "comment id": 67,
            "parent": -1,
            "children": [],
            "user id": "3720468875",
            "user name": "靠近湖边",
            "content": "她奶奶后面笑晕了",
            "time": "15-11-20 14:07"
        },
        {
            "comment id": 68,
            "parent": -1,
            "children": [],
            "user id": "2595490420",
            "user name": "昵称很长比较牛逼",
            "content": "KK两个字说的好坚定，一定她的好伙伴",
            "time": "15-11-20 14:06"
        },
        {
            "comment id": 69,
            "parent": -1,
            "children": [],
            "user id": "2667320387",
            "user name": "Von1893",
            "content": "好久之前的视频。现在看了还是忍不住发笑。。。这么小的孩子，已经这么会自我表达了@STURZKAMPF",
            "time": "15-11-20 14:06"
        },
        {
            "comment id": 70,
            "parent": -1,
            "children": [],
            "user id": "1994303221",
            "user name": "嘻嘻哦曦呀",
            "content": "@子豪永不言弃",
            "time": "15-11-20 14:06"
        },
        {
            "comment id": 71,
            "parent": -1,
            "children": [],
            "user id": "2431929187",
            "user name": "甜甜芋荔",
            "content": "@韬ayumi 最后",
            "time": "15-11-20 14:05"
        },
        {
            "comment id": 72,
            "parent": -1,
            "children": [],
            "user id": "5300385691",
            "user name": "宅小砂",
            "content": "哈哈哈",
            "time": "15-11-20 14:05"
        },
        {
            "comment id": 73,
            "parent": -1,
            "children": [],
            "user id": "2196391582",
            "user name": "潮州单丛茶农",
            "content": "好可爱",
            "time": "15-11-20 14:02"
        },
        {
            "comment id": 74,
            "parent": -1,
            "children": [],
            "user id": "1286491830",
            "user name": "邬小金eros",
            "content": "回复@泡菜妞最近不怎么爱吃泡菜了:可爱爆了！",
            "time": "15-11-20 14:02"
        },
        {
            "comment id": 75,
            "parent": -1,
            "children": [],
            "user id": "2648865913",
            "user name": "杨智慧_Vicky",
            "content": "",
            "time": "15-11-20 14:01"
        },
        {
            "comment id": 76,
            "parent": -1,
            "children": [],
            "user id": "2386302954",
            "user name": "冰阔乐泡泡",
            "content": "cause,cause,cause..........",
            "time": "15-11-20 14:01"
        },
        {
            "comment id": 77,
            "parent": -1,
            "children": [],
            "user id": "2394231341",
            "user name": "素妍生活",
            "content": "⋯cause⋯cause⋯cause⋯⋯抱走抱走[萌]",
            "time": "15-11-20 14:01"
        },
        {
            "comment id": 78,
            "parent": -1,
            "children": [],
            "user id": "1830288910",
            "user name": "i焦糖小姐",
            "content": "good girl~~",
            "time": "15-11-20 14:00"
        },
        {
            "comment id": 79,
            "parent": -1,
            "children": [],
            "user id": "2214117133",
            "user name": "保持清醒的猫",
            "content": "@自带结界的夏夏酱 @无力呀亚 @海绵不能没宝宝 很早的视频了 但是还是好喜欢她的肚子和动作 😂 cause cause……哈哈哈",
            "time": "15-11-20 14:00"
        }
    ]
}