{
    "source": {
        "content": "#健康时间#【警惕！这八个习惯最毁腰】1.久用电脑。2．低头看手机、阅读。3．座椅柔软、倾斜。4．长期开车。5．软床、低枕、不良睡姿。6．缺乏运动或者运动不当。7．生活中的劳动姿势不当。8．缺乏户外运动。忙碌工作让很多人失去了晒太阳的机会，钙质难以吸收，造成机体组织、骨骼的脆弱。 ",
        "time": "15-11-20 12:00",
        "user id": "1784473157",
        "tweet id": "D4HZPrXo4",
        "label": 0,
        "theme": "医药健康"
    },
    "comment": [
        {
            "comment id": 0,
            "parent": -1,
            "children": [],
            "user id": "2001001557",
            "user name": "面对一切说Yes",
            "content": "呃呃呃。。。怎么占全了。。",
            "time": "15-11-20 14:28"
        },
        {
            "comment id": 1,
            "parent": -1,
            "children": [],
            "user id": "2907936303",
            "user name": "慕哥的小宝贝儿",
            "content": "阅读不低头难道抬头吗？我一直在想看手机和看书的姿势几乎没差别，眼睛怎么分啊",
            "time": "15-11-20 13:47"
        },
        {
            "comment id": 2,
            "parent": -1,
            "children": [],
            "user id": "5592209827",
            "user name": "最好的yl",
            "content": "@Dear-安宁Rene",
            "time": "15-11-20 12:58"
        },
        {
            "comment id": 3,
            "parent": -1,
            "children": [],
            "user id": "2548249515",
            "user name": "咦_这个昵称可以用",
            "content": "一天12+ 小时上班时间的IT男就笑笑",
            "time": "15-11-20 12:41"
        },
        {
            "comment id": 4,
            "parent": -1,
            "children": [],
            "user id": "3198061050",
            "user name": "爱小小苏得永生",
            "content": "最近就得了腰肌劳损",
            "time": "15-11-20 12:39"
        },
        {
            "comment id": 5,
            "parent": -1,
            "children": [],
            "user id": "1045929213",
            "user name": "Ms-不知道",
            "content": "@我不是一般的战士",
            "time": "15-11-20 12:14"
        },
        {
            "comment id": 6,
            "parent": -1,
            "children": [],
            "user id": "2568276640",
            "user name": "嘟嘟伢",
            "content": "",
            "time": "15-11-20 12:05"
        }
    ]
}