{
    "source": {
        "content": "当老爸独自带双胞胎……大写的头疼+doble的萌微博视频 ",
        "time": "15-11-20 12:29",
        "user id": "1642512402",
        "tweet id": "D4IbRzWiK",
        "label": 0,
        "theme": "社会生活"
    },
    "comment": [
        {
            "comment id": 0,
            "parent": -1,
            "children": [],
            "user id": "3313091782",
            "user name": "好喜欢这幅耳钉",
            "content": "@fatansy猪",
            "time": "15-12-19 13:59"
        },
        {
            "comment id": 1,
            "parent": -1,
            "children": [],
            "user id": "5021415488",
            "user name": "喔喔奶糖h-h",
            "content": "一度以为它卡住了",
            "time": "15-12-12 20:05"
        },
        {
            "comment id": 2,
            "parent": -1,
            "children": [],
            "user id": "1789723397",
            "user name": "隨風的衣袖",
            "content": "回复@Jason先生的午后:好累",
            "time": "15-11-22 23:08"
        },
        {
            "comment id": 3,
            "parent": -1,
            "children": [],
            "user id": "1044739373",
            "user name": "M___孑",
            "content": "@蛋挞猫猫 再来一次。",
            "time": "15-11-23 21:02"
        },
        {
            "comment id": 4,
            "parent": -1,
            "children": [],
            "user id": "2539721691",
            "user name": "喵星人喵小肉麻麻",
            "content": "回复@Jason先生的午后:好累",
            "time": "15-11-22 23:08"
        },
        {
            "comment id": 5,
            "parent": -1,
            "children": [],
            "user id": "2254839621",
            "user name": "JasonAndBIN",
            "content": "@vivi喵女士的早茶",
            "time": "15-11-22 18:48"
        },
        {
            "comment id": 6,
            "parent": -1,
            "children": [],
            "user id": "2203459423",
            "user name": "改名还是小跳蛙",
            "content": "@Lucy的城堡",
            "time": "15-11-22 13:56"
        },
        {
            "comment id": 7,
            "parent": -1,
            "children": [],
            "user id": "2196078784",
            "user name": "徒徒fiangter",
            "content": "回复@狠狠狠我:哼  还嫌弃人家的pp",
            "time": "15-11-22 12:51"
        },
        {
            "comment id": 8,
            "parent": -1,
            "children": [],
            "user id": "2337347135",
            "user name": "狠狠狠我",
            "content": "回复@徒徒fiangter:那是稳住身体的",
            "time": "15-11-22 12:28"
        },
        {
            "comment id": 9,
            "parent": -1,
            "children": [],
            "user id": "2649210592",
            "user name": "你说你说的你说",
            "content": "回复@看丨小丑哭了:不跟你玩了，你是坏人",
            "time": "15-11-22 09:21"
        },
        {
            "comment id": 10,
            "parent": -1,
            "children": [],
            "user id": "2196078784",
            "user name": "徒徒fiangter",
            "content": "回复@狠狠狠我:😒你听谁说爬是用pp的",
            "time": "15-11-22 07:53"
        },
        {
            "comment id": 11,
            "parent": -1,
            "children": [],
            "user id": "2337347135",
            "user name": "狠狠狠我",
            "content": "回复@徒徒fiangter:因为是你的孩子，PP大而稳当，冲击力强",
            "time": "15-11-21 18:44"
        },
        {
            "comment id": 12,
            "parent": -1,
            "children": [],
            "user id": "2196078784",
            "user name": "徒徒fiangter",
            "content": "回复@狠狠狠我:孩子破坏力超级强好么  随便爬爬就过去了",
            "time": "15-11-21 13:21"
        },
        {
            "comment id": 13,
            "parent": -1,
            "children": [],
            "user id": "1998310567",
            "user name": "言社温标",
            "content": "看着都累，手不够用时，有用脚的自然反应",
            "time": "15-11-21 12:26"
        },
        {
            "comment id": 14,
            "parent": -1,
            "children": [],
            "user id": "1806906127",
            "user name": "精彩路卒",
            "content": "@大哒哒大哒哒哒大 ",
            "time": "15-11-21 08:42"
        },
        {
            "comment id": 15,
            "parent": -1,
            "children": [],
            "user id": "2648540764",
            "user name": "伊佳依等鱼饿-",
            "content": "看得好累",
            "time": "15-11-21 00:46"
        },
        {
            "comment id": 16,
            "parent": -1,
            "children": [],
            "user id": "2196078784",
            "user name": "徒徒fiangter",
            "content": "回复@狠狠狠我:孩子破坏力超级强好么  随便爬爬就过去了",
            "time": "15-11-20 23:25"
        },
        {
            "comment id": 17,
            "parent": -1,
            "children": [],
            "user id": "3376638182",
            "user name": "懵圈怪怪桨",
            "content": "@洗心革面再也不花痴的美娟",
            "time": "15-11-20 23:19"
        },
        {
            "comment id": 18,
            "parent": -1,
            "children": [],
            "user id": "3871166002",
            "user name": "system_in_luck",
            "content": "回复@你说你说的你说:人家知道媳妇会不好受，可那是咱们一起的宝贝呀",
            "time": "15-11-20 23:17"
        },
        {
            "comment id": 19,
            "parent": -1,
            "children": [],
            "user id": "2337347135",
            "user name": "狠狠狠我",
            "content": "回复@徒徒fiangter:我把四周围起来就不会危险啦",
            "time": "15-11-20 23:14"
        },
        {
            "comment id": 20,
            "parent": -1,
            "children": [],
            "user id": "1799653154",
            "user name": "超人弹钢琴",
            "content": "哈哈哈哈哈😂😂😂",
            "time": "15-11-20 23:14"
        },
        {
            "comment id": 21,
            "parent": -1,
            "children": [],
            "user id": "3871166002",
            "user name": "system_in_luck",
            "content": "回复@你说你说的你说:想跟媳妇生",
            "time": "15-11-20 23:13"
        },
        {
            "comment id": 22,
            "parent": -1,
            "children": [],
            "user id": "5439555224",
            "user name": "HUSTLE_Z",
            "content": "@-bibi巴斯光年-",
            "time": "15-11-20 23:02"
        },
        {
            "comment id": 23,
            "parent": -1,
            "children": [],
            "user id": "2309755453",
            "user name": "poruru99",
            "content": "一个向左一个向右，真的脑仁疼。这臂力也得好呀！",
            "time": "15-11-20 22:52"
        },
        {
            "comment id": 24,
            "parent": -1,
            "children": [],
            "user id": "2649210592",
            "user name": "你说你说的你说",
            "content": "回复@看丨小丑哭了:你自己生吧",
            "time": "15-11-20 22:17"
        },
        {
            "comment id": 25,
            "parent": -1,
            "children": [],
            "user id": "2649210592",
            "user name": "你说你说的你说",
            "content": "回复@看丨小丑哭了:都不考虑考虑人家就知道你不亲",
            "time": "15-11-20 22:17"
        },
        {
            "comment id": 26,
            "parent": -1,
            "children": [],
            "user id": "1992214987",
            "user name": "泡泡芙小仙",
            "content": "回复@邋遢大懒:你行么",
            "time": "15-11-20 22:00"
        },
        {
            "comment id": 27,
            "parent": -1,
            "children": [],
            "user id": "5628603664",
            "user name": "李灵儿turbo",
            "content": "好可爱",
            "time": "15-11-20 21:51"
        },
        {
            "comment id": 28,
            "parent": -1,
            "children": [],
            "user id": "3190569900",
            "user name": "隔座看",
            "content": "笑惨@Brother-Proud",
            "time": "15-11-20 21:48"
        },
        {
            "comment id": 29,
            "parent": -1,
            "children": [],
            "user id": "2422114262",
            "user name": "名字好难起就这个了",
            "content": "一个衣服穿了一分钟，还是快进！粑粑别说你不享受哦",
            "time": "15-11-20 21:28"
        },
        {
            "comment id": 30,
            "parent": -1,
            "children": [],
            "user id": "5576580881",
            "user name": "卍花筒",
            "content": "@anne的小围脖",
            "time": "15-11-20 20:55"
        },
        {
            "comment id": 31,
            "parent": -1,
            "children": [],
            "user id": "3121884744",
            "user name": "邋遢大懒",
            "content": "回复@泡泡芙小仙:你行么",
            "time": "15-11-20 20:44"
        },
        {
            "comment id": 32,
            "parent": -1,
            "children": [],
            "user id": "1761237120",
            "user name": "金艷籽",
            "content": "@Geelast",
            "time": "15-11-20 20:44"
        },
        {
            "comment id": 33,
            "parent": -1,
            "children": [],
            "user id": "2931585043",
            "user name": "一个四处出差的大叔",
            "content": "回复@-C-tsu:哈哈哈哈哈哈哈",
            "time": "15-11-20 20:28"
        },
        {
            "comment id": 34,
            "parent": -1,
            "children": [],
            "user id": "2112601163",
            "user name": "猫猫没错__",
            "content": "哈哈看的心好累@鱼鱼鱼鱼鱼鱼鱼鱼于浩",
            "time": "15-11-20 20:15"
        },
        {
            "comment id": 35,
            "parent": -1,
            "children": [],
            "user id": "1889200820",
            "user name": "思锐张敏",
            "content": "转发微博",
            "time": "15-11-20 19:21"
        },
        {
            "comment id": 36,
            "parent": -1,
            "children": [],
            "user id": "3903380889",
            "user name": "Nottofeelatease-",
            "content": "回复@不被占用的杜:哦，这次看见了",
            "time": "15-11-20 18:56"
        },
        {
            "comment id": 37,
            "parent": -1,
            "children": [],
            "user id": "1992214987",
            "user name": "泡泡芙小仙",
            "content": "回复@邋遢大懒:怎么样？同时来俩？",
            "time": "15-11-20 18:51"
        },
        {
            "comment id": 38,
            "parent": -1,
            "children": [],
            "user id": "5403860332",
            "user name": "敏-lenxy",
            "content": "感觉累。。。",
            "time": "15-11-20 18:08"
        },
        {
            "comment id": 39,
            "parent": -1,
            "children": [],
            "user id": "1672522813",
            "user name": "羊真话",
            "content": "@杨婷777",
            "time": "15-11-20 18:04"
        },
        {
            "comment id": 40,
            "parent": -1,
            "children": [],
            "user id": "3931437423",
            "user name": "蔣司文",
            "content": "要忙坏了😂",
            "time": "15-11-20 17:56"
        },
        {
            "comment id": 41,
            "parent": -1,
            "children": [],
            "user id": "2258825563",
            "user name": "早日实现乡村振兴",
            "content": "@范旭阳yyy @Qiao琳琳琳-吳",
            "time": "15-11-20 17:56"
        },
        {
            "comment id": 42,
            "parent": -1,
            "children": [],
            "user id": "2175579317",
            "user name": "海-斌",
            "content": "哈哈哈",
            "time": "15-11-20 17:46"
        },
        {
            "comment id": 43,
            "parent": -1,
            "children": [],
            "user id": "1854618747",
            "user name": "猴啵的饲养员大叔",
            "content": "回复@修文文文文:一个小光头一个小长发方便辨认真是太赞了！老婆我们也生两只吧！！！",
            "time": "15-11-20 17:05"
        },
        {
            "comment id": 44,
            "parent": -1,
            "children": [],
            "user id": "1823432453",
            "user name": "闲的看",
            "content": "@小兵插画",
            "time": "15-11-20 16:41"
        },
        {
            "comment id": 45,
            "parent": -1,
            "children": [],
            "user id": "1872220194",
            "user name": "by周周",
            "content": "@Dystopia_XY 爸比，再不翻一下我就要烤焦啦",
            "time": "15-11-20 16:41"
        },
        {
            "comment id": 46,
            "parent": -1,
            "children": [],
            "user id": "2060051191",
            "user name": "Fiona_lzj",
            "content": "回复@喜悦的悦悦:疯了",
            "time": "15-11-20 16:31"
        },
        {
            "comment id": 47,
            "parent": -1,
            "children": [],
            "user id": "2711415570",
            "user name": "喜悦的悦悦",
            "content": "@Fiona_lzj 哈哈哈",
            "time": "15-11-20 16:27"
        },
        {
            "comment id": 48,
            "parent": -1,
            "children": [],
            "user id": "5580949660",
            "user name": "芒果布丁Ccc_",
            "content": "@Lipstick_蕾",
            "time": "15-11-20 16:27"
        },
        {
            "comment id": 49,
            "parent": -1,
            "children": [],
            "user id": "5623651532",
            "user name": "jingjess1984",
            "content": "回复@八卦昕:你姐夫表示鸭梨山大，要请娃他们小姨帮忙",
            "time": "15-11-20 16:07"
        },
        {
            "comment id": 50,
            "parent": -1,
            "children": [],
            "user id": "1713260730",
            "user name": "骑摩托车的兔子",
            "content": "@小亲小热 再来一个",
            "time": "15-11-20 15:52"
        },
        {
            "comment id": 51,
            "parent": -1,
            "children": [],
            "user id": "1860554065",
            "user name": "小摩女-咕噜噜",
            "content": "@奥黛丽-今天不想吃大虾",
            "time": "15-11-20 15:51"
        },
        {
            "comment id": 52,
            "parent": -1,
            "children": [],
            "user id": "2729793783",
            "user name": "Anne语兮",
            "content": "@凯kaimin 好可爱",
            "time": "15-11-20 15:27"
        },
        {
            "comment id": 53,
            "parent": -1,
            "children": [],
            "user id": "3170416591",
            "user name": "社会你囍哥",
            "content": "@失诗意00LY",
            "time": "15-11-20 15:14"
        },
        {
            "comment id": 54,
            "parent": -1,
            "children": [],
            "user id": "1222544741",
            "user name": "就叫匿名好了",
            "content": "龙凤胎啊！",
            "time": "15-11-20 15:11"
        },
        {
            "comment id": 55,
            "parent": -1,
            "children": [],
            "user id": "2150771794",
            "user name": "张靖nancy",
            "content": "好可爱",
            "time": "15-11-20 15:08"
        },
        {
            "comment id": 56,
            "parent": -1,
            "children": [],
            "user id": "1853512675",
            "user name": "达摩流浪者XZ",
            "content": "回复@请叫我小精灵灵灵:哈哈哈，笑死了",
            "time": "15-11-20 15:04"
        },
        {
            "comment id": 57,
            "parent": -1,
            "children": [],
            "user id": "2196078784",
            "user name": "徒徒fiangter",
            "content": "回复@狠狠狠我:不可以  乱爬很危险😒",
            "time": "15-11-20 14:53"
        },
        {
            "comment id": 58,
            "parent": -1,
            "children": [],
            "user id": "3123732464",
            "user name": "这是张小潮",
            "content": "@WhileYoung里里 笑吗？",
            "time": "15-11-20 14:40"
        },
        {
            "comment id": 59,
            "parent": -1,
            "children": [],
            "user id": "5606707673",
            "user name": "挚爱-廷",
            "content": "真是跪着穿完啊哈哈",
            "time": "15-11-20 14:36"
        },
        {
            "comment id": 60,
            "parent": -1,
            "children": [],
            "user id": "1446642532",
            "user name": "鬆和",
            "content": "外国的小孩子都不爱哭闹的说",
            "time": "15-11-20 14:32"
        },
        {
            "comment id": 61,
            "parent": -1,
            "children": [],
            "user id": "2633790031",
            "user name": "白竹画心",
            "content": "萌……",
            "time": "15-11-20 14:31"
        },
        {
            "comment id": 62,
            "parent": -1,
            "children": [],
            "user id": "2108015642",
            "user name": "抓只鸣蝉",
            "content": "看得我好烦",
            "time": "15-11-20 14:30"
        },
        {
            "comment id": 63,
            "parent": -1,
            "children": [],
            "user id": "3228339430",
            "user name": "摘两颗星星玩",
            "content": "小崽子真不好带",
            "time": "15-11-20 14:29"
        },
        {
            "comment id": 64,
            "parent": -1,
            "children": [],
            "user id": "2459602487",
            "user name": "FamiglistimoLiao",
            "content": "@半语璇 太可爱了，啊哈哈哈哈哈",
            "time": "15-11-20 14:28"
        },
        {
            "comment id": 65,
            "parent": -1,
            "children": [],
            "user id": "2192206747",
            "user name": "阿葵宝宝",
            "content": "转发微博",
            "time": "15-11-20 14:23"
        },
        {
            "comment id": 66,
            "parent": -1,
            "children": [],
            "user id": "1938534772",
            "user name": "煜煜YoYoo",
            "content": "@第三人称XZ",
            "time": "15-11-20 14:19"
        },
        {
            "comment id": 67,
            "parent": -1,
            "children": [],
            "user id": "3871166002",
            "user name": "system_in_luck",
            "content": "@你说你说的你说 不管怎样，还是想要双胞胎，两个小怪兽",
            "time": "15-11-20 14:17"
        },
        {
            "comment id": 68,
            "parent": -1,
            "children": [],
            "user id": "2042356432",
            "user name": "shomily",
            "content": "这是龙凤胎。。你们看出来了吗",
            "time": "15-11-20 14:13"
        },
        {
            "comment id": 69,
            "parent": -1,
            "children": [],
            "user id": "1651683944",
            "user name": "nancy小昭",
            "content": "@LeiFengCN ",
            "time": "15-11-20 14:09"
        },
        {
            "comment id": 70,
            "parent": -1,
            "children": [],
            "user id": "3202510904",
            "user name": "坭坭坭坭坭坭坭坭坭",
            "content": "萌萌哒(๑•́₃ •̀๑)",
            "time": "15-11-20 14:06"
        },
        {
            "comment id": 71,
            "parent": -1,
            "children": [],
            "user id": "1859683822",
            "user name": "小朱过敏娜",
            "content": "看一次笑一次！太逗了",
            "time": "15-11-20 14:05"
        },
        {
            "comment id": 72,
            "parent": -1,
            "children": [],
            "user id": "1772657432",
            "user name": "修文文文文",
            "content": "@兽钳攻城狮",
            "time": "15-11-20 14:04"
        },
        {
            "comment id": 73,
            "parent": -1,
            "children": [],
            "user id": "3292699625",
            "user name": "苏宇宸同学",
            "content": "回复@-香香小公主:我已经猜到了我以后的状态",
            "time": "15-11-20 14:01"
        },
        {
            "comment id": 74,
            "parent": -1,
            "children": [],
            "user id": "1452066313",
            "user name": "漫步画卷城",
            "content": "好可爱！",
            "time": "15-11-20 14:00"
        },
        {
            "comment id": 75,
            "parent": -1,
            "children": [],
            "user id": "1807695962",
            "user name": "疯了的小婷子",
            "content": " @你隔壁家刘叔叔",
            "time": "15-11-20 13:59"
        },
        {
            "comment id": 76,
            "parent": -1,
            "children": [],
            "user id": "5654961524",
            "user name": "唉我去哦",
            "content": "太逗了，看不下去了(๑>؂<๑）",
            "time": "15-11-20 13:58"
        },
        {
            "comment id": 77,
            "parent": -1,
            "children": [],
            "user id": "2648865913",
            "user name": "杨智慧_Vicky",
            "content": "",
            "time": "15-11-20 13:57"
        },
        {
            "comment id": 78,
            "parent": -1,
            "children": [],
            "user id": "3273385507",
            "user name": "成都城市管理",
            "content": "爸比：生二胎可以，生双胞胎真的好乱",
            "time": "15-11-20 13:53"
        },
        {
            "comment id": 79,
            "parent": -1,
            "children": [],
            "user id": "1806031021",
            "user name": "阿布Abub",
            "content": "Doble是什么鬼",
            "time": "15-11-20 13:51"
        }
    ]
}