{
    "source": {
        "content": "【“朝阳群众”注册人数已达13万！】他们大隐隐于市，不露声色却屡建奇功，很多名人吸毒案都因他们而被破获！目前登记在册的北京朝阳治安志愿者——“朝阳群众”人数已达13万。截至10月，今年“朝阳群众”举报各类线索21万余条，根据这些线索，共破获案件1023件。点赞“朝阳群众”注册人数达13万 ",
        "time": "15-11-20 13:39",
        "user id": "2656274875",
        "tweet id": "D4IEb5MyJ",
        "label": 0,
        "theme": "社会生活"
    },
    "comment": [
        {
            "comment id": 0,
            "parent": -1,
            "children": [],
            "user id": "1876146365",
            "user name": "宫学姐",
            "content": "回复@李昆颖jessica:我不住朝阳你看我看起来对纯良",
            "time": "16-1-25 06:50"
        },
        {
            "comment id": 1,
            "parent": -1,
            "children": [],
            "user id": "5256249544",
            "user name": "jeeEngi",
            "content": "chaoyang intelligence agency -  CIA",
            "time": "16-1-10 22:27"
        },
        {
            "comment id": 2,
            "parent": -1,
            "children": [],
            "user id": "5388995081",
            "user name": "天天高兴从新复活",
            "content": "回复@hello_lee90后:建议你看看蓝诗玲今年7月出版的(鸦片战争)",
            "time": "15-12-14 00:48"
        },
        {
            "comment id": 3,
            "parent": -1,
            "children": [],
            "user id": "5388995081",
            "user name": "天天高兴从新复活",
            "content": "回复@只有自己16:请你看看南方都市报13日的阅读(鸦片的危害到底有多大)",
            "time": "15-12-14 00:45"
        },
        {
            "comment id": 4,
            "parent": -1,
            "children": [],
            "user id": "2113547987",
            "user name": "你好王王今女士",
            "content": "传说中中国最大的情报组织",
            "time": "15-12-10 20:12"
        },
        {
            "comment id": 5,
            "parent": -1,
            "children": [],
            "user id": "2260825920",
            "user name": "LAST_IMPRESSION",
            "content": "也是蛮闲的",
            "time": "15-11-29 07:42"
        },
        {
            "comment id": 6,
            "parent": -1,
            "children": [],
            "user id": "2298120912",
            "user name": "TV浩哥",
            "content": "北京不用设公安局了，要那么多人没用，直接让朝阳群众上位，连工资都不用发，成本低、效果好，俨然，让警察叔叔情何以堪呀。",
            "time": "15-11-28 14:44"
        },
        {
            "comment id": 7,
            "parent": -1,
            "children": [],
            "user id": "1669836812",
            "user name": "Yannis_弓长",
            "content": "又立一功！威武",
            "time": "15-11-27 22:43"
        },
        {
            "comment id": 8,
            "parent": -1,
            "children": [],
            "user id": "2757569201",
            "user name": "肥栗栗",
            "content": "世界第五大情报组织:BJCYQZ",
            "time": "15-11-27 19:12"
        },
        {
            "comment id": 9,
            "parent": -1,
            "children": [],
            "user id": "2806341771",
            "user name": "是西木呐",
            "content": "大隐隐于市",
            "time": "15-11-27 18:36"
        },
        {
            "comment id": 10,
            "parent": -1,
            "children": [],
            "user id": "1801239417",
            "user name": "Badgaldalloway",
            "content": "哈哈哈",
            "time": "15-11-27 18:28"
        },
        {
            "comment id": 11,
            "parent": -1,
            "children": [],
            "user id": "3162780267",
            "user name": "夏了夏天蓝了大海乄",
            "content": "好厉害😂",
            "time": "15-11-27 18:26"
        },
        {
            "comment id": 12,
            "parent": -1,
            "children": [],
            "user id": "1796650660",
            "user name": "小夜学长",
            "content": "帝都的秘密武器",
            "time": "15-11-27 16:52"
        },
        {
            "comment id": 13,
            "parent": -1,
            "children": [],
            "user id": "3332331514",
            "user name": "酢乙女爱ghf",
            "content": "做了好事还被说怎么没举报贪官，尼玛，你连个小偷都不会举报的键盘侠就会喷！！！",
            "time": "15-11-27 16:21"
        },
        {
            "comment id": 14,
            "parent": -1,
            "children": [],
            "user id": "1314136160",
            "user name": "lanyoufa",
            "content": "仅留下毛泽东时代的这么一点东西，居然就效果如此显著，还需要什么“理论”呢？",
            "time": "15-11-25 13:01"
        },
        {
            "comment id": 15,
            "parent": -1,
            "children": [],
            "user id": "5623370484",
            "user name": "只有自己16",
            "content": "回复@天天高兴从新复活:你还有脸反问，说明真的书读到狗肚子里去了！！我们还有什么好说的了？祝你吸毒愉快……",
            "time": "15-11-22 15:34"
        },
        {
            "comment id": 16,
            "parent": -1,
            "children": [],
            "user id": "3205863197",
            "user name": "泡芙宅",
            "content": "回复@缈龙灵:什么歌单惹？QAQ",
            "time": "15-11-22 01:08"
        },
        {
            "comment id": 17,
            "parent": -1,
            "children": [],
            "user id": "2618108401",
            "user name": "没辣椒会死星人",
            "content": "这还得执法部门配合啊～～报警半天不见警察来，或者来了也只和稀泥，甚至举报人的生命财产安全得不到保障，谁敢就这么轻轻松松地当这个“朝阳群众”？",
            "time": "15-11-21 23:34"
        },
        {
            "comment id": 18,
            "parent": -1,
            "children": [],
            "user id": "1868356681",
            "user name": "Orange_Owen",
            "content": "东厂锦衣卫",
            "time": "15-11-21 23:06"
        },
        {
            "comment id": 19,
            "parent": -1,
            "children": [],
            "user id": "1083372685",
            "user name": "长长长的风",
            "content": "人民战争是法宝，你怕了吗?",
            "time": "15-11-21 22:39"
        },
        {
            "comment id": 20,
            "parent": -1,
            "children": [],
            "user id": "2141186293",
            "user name": "pp5575g",
            "content": "评论里说什么抓贪官的屌丝，你们当了官更贪！只是没当，酸葡萄！",
            "time": "15-11-21 22:05"
        },
        {
            "comment id": 21,
            "parent": -1,
            "children": [],
            "user id": "1843254915",
            "user name": "小仙女蹄二狗",
            "content": "不过能帮助破案确实挺厉害的希望多举报真正作奸犯科之人",
            "time": "15-11-21 21:09"
        },
        {
            "comment id": 22,
            "parent": -1,
            "children": [],
            "user id": "1843254915",
            "user name": "小仙女蹄二狗",
            "content": "等等。。。举报21万破获的只有一千是咋回事😂😂或许会有冤案或者乱举报的么😂😂",
            "time": "15-11-21 21:08"
        },
        {
            "comment id": 23,
            "parent": -1,
            "children": [],
            "user id": "5263397850",
            "user name": "soznfhaisbf",
            "content": "说被监视的也是搞笑哦 要是遵纪守法谁还注意你 你长得很好看？不要夸大自己存在感好吗？",
            "time": "15-11-21 20:57"
        },
        {
            "comment id": 24,
            "parent": -1,
            "children": [],
            "user id": "5199484944",
            "user name": "脆骨阿佳",
            "content": "还真……",
            "time": "15-11-21 20:49"
        },
        {
            "comment id": 25,
            "parent": -1,
            "children": [],
            "user id": "5129640660",
            "user name": "柳絮201405",
            "content": "",
            "time": "15-11-21 19:18"
        },
        {
            "comment id": 26,
            "parent": -1,
            "children": [],
            "user id": "3081623145",
            "user name": "东海的星星",
            "content": "回复@一只可怕的话唠:原来如此！",
            "time": "15-11-21 18:02"
        },
        {
            "comment id": 27,
            "parent": -1,
            "children": [],
            "user id": "2197027743",
            "user name": "佛蒙18",
            "content": "@深圳公安 @深圳晚报 @麦克风小妹 期待“深圳群众”横空出世！",
            "time": "15-11-21 12:22"
        },
        {
            "comment id": 28,
            "parent": -1,
            "children": [],
            "user id": "2442466944",
            "user name": "阿拉瑶阿妹儿",
            "content": "大隐隐于市有关部门呢。隐哪去了？",
            "time": "15-11-21 11:54"
        },
        {
            "comment id": 29,
            "parent": -1,
            "children": [],
            "user id": "2936842983",
            "user name": "优秀的士兵",
            "content": "过度关注别人和渴望被别人关注，都挺累的，习惯独处是一件好事，然后发现后来的你想依赖和想联系的人越来越少，人也变得淡然和从容，不再那么累。",
            "time": "15-11-21 11:40"
        },
        {
            "comment id": 30,
            "parent": -1,
            "children": [],
            "user id": "1612721313",
            "user name": "空气中的一颗尘埃",
            "content": "朝阳群众果然是一个特殊组织！我说呢怎么明星违法总说是朝阳群众举报！原来是一个组织代称！",
            "time": "15-11-21 11:32"
        },
        {
            "comment id": 31,
            "parent": -1,
            "children": [],
            "user id": "5600294061",
            "user name": "咸池阁",
            "content": "想知道属于你的命定姻缘何时到来么？想知道与你的现任是否可以走入婚姻殿堂吗？想知道与你的现任是否合适在一起吗？想知道他或她的心里是爱着你的吗？由你来告诉我你们俩的姓名。要不要知道结果，有你来决定。",
            "time": "15-11-21 11:17"
        },
        {
            "comment id": 32,
            "parent": -1,
            "children": [],
            "user id": "3200791235",
            "user name": "bbbbbb啊_",
            "content": "可以推广这种方法",
            "time": "15-11-21 11:16"
        },
        {
            "comment id": 33,
            "parent": -1,
            "children": [],
            "user id": "1649353312",
            "user name": "梁小宁同学",
            "content": "这事儿值得骄傲吗？",
            "time": "15-11-21 09:54"
        },
        {
            "comment id": 34,
            "parent": -1,
            "children": [],
            "user id": "1497646574",
            "user name": "兀鹏辉",
            "content": "操，法盲啊！",
            "time": "15-11-21 09:30"
        },
        {
            "comment id": 35,
            "parent": -1,
            "children": [],
            "user id": "2552388465",
            "user name": "一无是处的胖",
            "content": "@弯弯冷 @永恒的烟火-",
            "time": "15-11-21 08:29"
        },
        {
            "comment id": 36,
            "parent": -1,
            "children": [],
            "user id": "1783463013",
            "user name": "十個音匀",
            "content": "有他妈毛病..",
            "time": "15-11-21 08:13"
        },
        {
            "comment id": 37,
            "parent": -1,
            "children": [],
            "user id": "1748184263",
            "user name": "南部大牛",
            "content": "充其量算是告密者，只反群众，不反贪官。",
            "time": "15-11-21 07:48"
        },
        {
            "comment id": 38,
            "parent": -1,
            "children": [],
            "user id": "1169742844",
            "user name": "锡兵锡兵",
            "content": "这是要完的先兆，还点赞，点蜡吧。",
            "time": "15-11-21 07:46"
        },
        {
            "comment id": 39,
            "parent": -1,
            "children": [],
            "user id": "5200717446",
            "user name": "San-Raymond",
            "content": "协警克格勃",
            "time": "15-11-21 07:33"
        },
        {
            "comment id": 40,
            "parent": -1,
            "children": [],
            "user id": "2235098551",
            "user name": "我是万寿香",
            "content": "朝阳侦缉队！",
            "time": "15-11-21 07:23"
        },
        {
            "comment id": 41,
            "parent": -1,
            "children": [],
            "user id": "5510302009",
            "user name": "跳动的青春V5999",
            "content": "感觉听着像是太平天国",
            "time": "15-11-21 07:16"
        },
        {
            "comment id": 42,
            "parent": -1,
            "children": [],
            "user id": "1768478951",
            "user name": "wang2563",
            "content": "在这里骂人的都是做奸犯科之人，对群众揭发害怕至极",
            "time": "15-11-21 07:05"
        },
        {
            "comment id": 43,
            "parent": -1,
            "children": [],
            "user id": "1460801500",
            "user name": "老闲于",
            "content": "真特么噁心，这事别光天化日丢人现眼了！",
            "time": "15-11-21 06:19"
        },
        {
            "comment id": 44,
            "parent": -1,
            "children": [],
            "user id": "1961604845",
            "user name": "乒雍",
            "content": "嘿！",
            "time": "15-11-21 06:10"
        },
        {
            "comment id": 45,
            "parent": -1,
            "children": [],
            "user id": "1659333824",
            "user name": "龙之灵主",
            "content": "这手法，熟捻得很呐。依稀记得某时发动群众斗群众，从群众中来到群众中去",
            "time": "15-11-21 05:31"
        },
        {
            "comment id": 46,
            "parent": -1,
            "children": [],
            "user id": "5659584021",
            "user name": "夏力2015",
            "content": "告密政治，文革手法！//@律师文摘: //@王小峰_带三个表:发动群众斗群众！//@大仙:是不是有人养着这13万人呀？",
            "time": "15-11-21 03:58"
        },
        {
            "comment id": 47,
            "parent": -1,
            "children": [],
            "user id": "1591382355",
            "user name": "律师文摘",
            "content": " //@王小峰_带三个表:发动群众斗群众！//@大仙:是不是有人养着这13万人呀？",
            "time": "15-11-21 03:57"
        },
        {
            "comment id": 48,
            "parent": -1,
            "children": [],
            "user id": "3196309244",
            "user name": "兵临城下之城下",
            "content": "这不是标准的忠子舞的站姿吗？",
            "time": "15-11-21 03:28"
        },
        {
            "comment id": 49,
            "parent": -1,
            "children": [],
            "user id": "5589867448",
            "user name": "大嘴巴传播",
            "content": "新时代的共和国志愿军，吓破娱乐圈的胆。//@大仙: 是不是有人养着这13万人呀？",
            "time": "15-11-21 02:51"
        },
        {
            "comment id": 50,
            "parent": -1,
            "children": [],
            "user id": "2251707717",
            "user name": "有球必勝",
            "content": "看来有不段扩大的趋势。",
            "time": "15-11-21 02:47"
        },
        {
            "comment id": 51,
            "parent": -1,
            "children": [],
            "user id": "2131664805",
            "user name": "Tankmuscle",
            "content": "这就是我们毛主席说过的发动群众的力量啊。",
            "time": "15-11-21 02:24"
        },
        {
            "comment id": 52,
            "parent": -1,
            "children": [],
            "user id": "2248398031",
            "user name": "UncleT0M",
            "content": "@朝阳群众举报 ，俺该把你拉黑吗？//@fanny77-88: 大伙儿看看周围熟人朋友里有没有朝阳区的，赶紧绝交吧，太吓人了 //@雨沐飞虹:说白了就是偷偷摸摸的出卖熟人出卖朋友的货呗 //@不欠嫖资也over:再发展下去，就是互相揭发了//@亮剑兄来了:东厂？西厂？还是锦衣卫？",
            "time": "15-11-21 01:06"
        },
        {
            "comment id": 53,
            "parent": -1,
            "children": [],
            "user id": "1778602091",
            "user name": "霹雳mimigo",
            "content": "回复@SANKI_37:",
            "time": "15-11-21 01:05"
        },
        {
            "comment id": 54,
            "parent": -1,
            "children": [],
            "user id": "1916546493",
            "user name": "加拿大好好学习",
            "content": "仿佛回到前苏联、东德时代……",
            "time": "15-11-21 00:53"
        },
        {
            "comment id": 55,
            "parent": -1,
            "children": [],
            "user id": "1662245660",
            "user name": "民间治堵人陈哲宏",
            "content": "吓死人了，这么多奸细 //@谢群:都不是，是红小兵//@亮剑兄来了:东厂？西厂？还是锦衣卫？",
            "time": "15-11-21 00:28"
        },
        {
            "comment id": 56,
            "parent": -1,
            "children": [],
            "user id": "3793782924",
            "user name": "1kkllKkWwNnppaa5",
            "content": "回复@小宇点er:是我",
            "time": "15-11-21 00:07"
        },
        {
            "comment id": 57,
            "parent": -1,
            "children": [],
            "user id": "5506463772",
            "user name": "asd情丝高端女装定制",
            "content": "",
            "time": "15-11-20 23:18"
        },
        {
            "comment id": 58,
            "parent": -1,
            "children": [],
            "user id": "5597450990",
            "user name": "渭水牛倌",
            "content": "这才是警民一家亲，为了打造安全和平和谐的良好社会生活点赞，我们又进一步迈向文明社会！又有喷子喷了，这种事也喷，难道我们要活在一个杀人放火偷鸡摸狗的野蛮年代，你特么去火星吧",
            "time": "15-11-20 22:56"
        },
        {
            "comment id": 59,
            "parent": -1,
            "children": [],
            "user id": "2826249957",
            "user name": "小宇点er",
            "content": "@KKWWNN 朝阳群众",
            "time": "15-11-20 22:47"
        },
        {
            "comment id": 60,
            "parent": -1,
            "children": [],
            "user id": "5459431603",
            "user name": "缈龙灵",
            "content": "回复@文君酱丶:歌单你肿么啦？",
            "time": "15-11-20 22:40"
        },
        {
            "comment id": 61,
            "parent": -1,
            "children": [],
            "user id": "5459431603",
            "user name": "缈龙灵",
            "content": "回复@文君酱丶:我的歌单QAQ",
            "time": "15-11-20 22:40"
        },
        {
            "comment id": 62,
            "parent": -1,
            "children": [],
            "user id": "1084137730",
            "user name": "Ssea22",
            "content": "FBI军情六处不过如此，看我大朝阳群众。",
            "time": "15-11-20 22:39"
        },
        {
            "comment id": 63,
            "parent": -1,
            "children": [],
            "user id": "3669071892",
            "user name": "大俗小号",
            "content": "下好大的一盘棋啊，这明摆是给文革那一套互相监督举报铺路。不过无妨，不疯魔怎么会有进展？",
            "time": "15-11-20 22:35"
        },
        {
            "comment id": 64,
            "parent": -1,
            "children": [],
            "user id": "5587007440",
            "user name": "天天开心四川南充2010",
            "content": "回复@shyandang 的赞:谢谢你们!",
            "time": "15-11-20 22:01"
        },
        {
            "comment id": 65,
            "parent": -1,
            "children": [],
            "user id": "3205863197",
            "user name": "泡芙宅",
            "content": "我也要加入",
            "time": "15-11-20 21:55"
        },
        {
            "comment id": 66,
            "parent": -1,
            "children": [],
            "user id": "2953184063",
            "user name": "好好想养一只猫_Z",
            "content": "回复@安非他命amy:🐮",
            "time": "15-11-20 20:56"
        },
        {
            "comment id": 67,
            "parent": -1,
            "children": [],
            "user id": "5340233905",
            "user name": "大朋志呀",
            "content": "觉得可怕，希望别扩展到监测他们隐私的地步😂",
            "time": "15-11-20 20:45"
        },
        {
            "comment id": 68,
            "parent": -1,
            "children": [],
            "user id": "5322297994",
            "user name": "下了三粒雪",
            "content": "哈哈哈",
            "time": "15-11-20 20:29"
        },
        {
            "comment id": 69,
            "parent": -1,
            "children": [],
            "user id": "5388995081",
            "user name": "天天高兴从新复活",
            "content": "回复@一朵514:精神萎靡，幻觉，妄想，这些症状确实会偶尔出现。喝酒后不是会同样出现吗？其他症状我没有。",
            "time": "15-11-20 20:28"
        },
        {
            "comment id": 70,
            "parent": -1,
            "children": [],
            "user id": "5582708854",
            "user name": "小小he仔",
            "content": "明星眼中的邪教，中情局！",
            "time": "15-11-20 20:28"
        },
        {
            "comment id": 71,
            "parent": -1,
            "children": [],
            "user id": "2728794507",
            "user name": "关于长舌妇",
            "content": "",
            "time": "15-11-20 20:27"
        },
        {
            "comment id": 72,
            "parent": -1,
            "children": [],
            "user id": "3931285696",
            "user name": "寶敏妍兒6",
            "content": "",
            "time": "15-11-20 20:26"
        },
        {
            "comment id": 73,
            "parent": -1,
            "children": [],
            "user id": "2200305973",
            "user name": "王宜政",
            "content": "难怪会说：朝阳群众总是神出鬼没的...",
            "time": "15-11-20 20:25"
        },
        {
            "comment id": 74,
            "parent": -1,
            "children": [],
            "user id": "2635837343",
            "user name": "奶酪剪",
            "content": "看来以后有事艾特朝阳群众就万事ok了",
            "time": "15-11-20 20:22"
        },
        {
            "comment id": 75,
            "parent": -1,
            "children": [],
            "user id": "5088922590",
            "user name": "十万茜枇",
            "content": "我在朝阳出生的，我也是朝阳群众不？",
            "time": "15-11-20 20:21"
        },
        {
            "comment id": 76,
            "parent": -1,
            "children": [],
            "user id": "2685598397",
            "user name": "腾蛟GG",
            "content": "群众的眼睛是雪亮的",
            "time": "15-11-20 20:21"
        },
        {
            "comment id": 77,
            "parent": -1,
            "children": [],
            "user id": "2512392575",
            "user name": "哎呦你来打我啊",
            "content": "朝阳群众！！！哈哈哈",
            "time": "15-11-20 20:20"
        },
        {
            "comment id": 78,
            "parent": -1,
            "children": [],
            "user id": "2025661123",
            "user name": "肽键一个氮",
            "content": "卧槽，朝阳群众还真特么是个组织啊😱😱😱",
            "time": "15-11-20 20:10"
        },
        {
            "comment id": 79,
            "parent": -1,
            "children": [],
            "user id": "2815627331",
            "user name": "望远的姑娘",
            "content": "人民战争的汪洋大海",
            "time": "15-11-20 18:03"
        }
    ]
}