{
    "source": {
        "content": "【非洲现世界第二大钻 1111克拉】加拿大钻石公司卢卡拉（Lucara）宣布该公司于本周一在非洲南部国家博茨瓦纳发现了一颗重达1111克拉的钻石，这是世界上第二大钻石，同时也是逾一个世纪以来被发现的最大的钻石。网易图片 ",
        "time": "15-11-20 14:04",
        "user id": "1974808274",
        "tweet id": "D4IOa9HsH",
        "label": 0,
        "theme": "财经商业"
    },
    "comment": [
        {
            "comment id": 0,
            "parent": -1,
            "children": [],
            "user id": "5379914782",
            "user name": "巨野法院龙固矿区人民法庭",
            "content": "",
            "time": "15-11-23 15:43"
        },
        {
            "comment id": 1,
            "parent": -1,
            "children": [],
            "user id": "1767614137",
            "user name": "Bingo_Runner",
            "content": "嘿！两斤多啊！",
            "time": "15-11-22 10:43"
        },
        {
            "comment id": 2,
            "parent": -1,
            "children": [],
            "user id": "1436757331",
            "user name": "水达达路总管",
            "content": "晕，看成了棒子大的一块钻石，吓了一跳",
            "time": "15-11-21 08:58"
        },
        {
            "comment id": 3,
            "parent": -1,
            "children": [],
            "user id": "5000051724",
            "user name": "美女夸夸群-服务周到哦",
            "content": "光棍钻",
            "time": "15-11-21 00:40"
        },
        {
            "comment id": 4,
            "parent": -1,
            "children": [],
            "user id": "1796994894",
            "user name": "上弦月_菠萝派",
            "content": "@舒米勒Ohara 好大的冰糖",
            "time": "15-11-20 23:45"
        },
        {
            "comment id": 5,
            "parent": -1,
            "children": [],
            "user id": "1924818441",
            "user name": "cinderella葛",
            "content": "@巫卷卷卷卷卷",
            "time": "15-11-20 23:27"
        },
        {
            "comment id": 6,
            "parent": -1,
            "children": [],
            "user id": "1865416952",
            "user name": "叶凌Stephon",
            "content": "古时候切割雕琢玉石，也会用到石英砂混合钻石粉来研磨打孔，俗称“解玉砂”//@战争史研究WHS: 钻石粉吃下去会死人的（消化道穿孔，内出血而死，印度土邦王公用这个毒杀过英国驻节官）//@周眼镜儿:我还以为土豪用来做巧克力，蛋糕服用呢//@战争史研究WHS:很好的工业磨料啊//@周眼镜儿:钻石粉拿来干什么",
            "time": "15-11-20 21:42"
        },
        {
            "comment id": 7,
            "parent": -1,
            "children": [],
            "user id": "2794283127",
            "user name": "蘸盐",
            "content": "榛子大的一块钻石，砸成粉末//@怎样科学养人:真的么…多少量？//@战争史研究WHS: 钻石粉吃下去会死人的（消化道穿孔，内出血而死，印度土邦王公用这个毒杀过英国驻节官）//@周眼镜儿:我还以为土豪用来做巧克力，蛋糕服用呢//@战争史研究WHS:很好的工业磨料啊//@周眼镜儿:钻石粉拿来干什么呢？",
            "time": "15-11-20 21:42"
        },
        {
            "comment id": 8,
            "parent": -1,
            "children": [],
            "user id": "2794283127",
            "user name": "蘸盐",
            "content": "钻石粉吃下去会死人的（消化道穿孔，内出血而死，印度土邦王公用这个毒杀过英国驻节官）//@周眼镜儿:我还以为土豪用来做巧克力，蛋糕服用呢//@战争史研究WHS:很好的工业磨料啊//@周眼镜儿:钻石粉拿来干什么呢？//@战争史研究WHS: 切割打磨时是用高速皮带抹油，沾上钻石粉，然后用钻石自己磨自己",
            "time": "15-11-20 21:39"
        },
        {
            "comment id": 9,
            "parent": -1,
            "children": [],
            "user id": "2359162503",
            "user name": "菏泽巨野县法院",
            "content": "好大一块",
            "time": "15-11-20 21:25"
        },
        {
            "comment id": 10,
            "parent": -1,
            "children": [],
            "user id": "3753627305",
            "user name": "坐上财务总监2口作者",
            "content": "比特币也有人吹捧...一样一样的...//@风能进: //@战争史研究WHS: 老北京有个行当是把大块金刚石砸成小块卖给瓷匠，钻孔锔碗用。古代中国宝石以猫眼和祖母绿最名贵，其次是鸦鹘、剌子（蓝红宝石），金刚石不上档次。崇尚的钻石风气是清末从上海洋场传开的//@哎呀唔:",
            "time": "15-11-20 21:23"
        },
        {
            "comment id": 11,
            "parent": -1,
            "children": [],
            "user id": "2794283127",
            "user name": "蘸盐",
            "content": "老北京有个行当是把大块金刚石砸成小块卖给瓷匠，钻孔锔碗用。古代中国宝石以猫眼和祖母绿最名贵，其次是鸦鹘（蓝宝石）、剌子（红宝石），金刚石不上档次。崇尚钻石的风气是清末从上海洋场传开的//@哎呀唔:钻石成份不是碳吗？它的价值不是英国钻石垄断商“钻石恒久远”宣传噱头形成的吗？",
            "time": "15-11-20 21:17"
        },
        {
            "comment id": 12,
            "parent": -1,
            "children": [],
            "user id": "1074184737",
            "user name": "wssu777",
            "content": "价值连城，举世无双。颗粒大而且品质好。",
            "time": "15-11-20 21:08"
        },
        {
            "comment id": 13,
            "parent": -1,
            "children": [],
            "user id": "3741261723",
            "user name": "FredricXXXX",
            "content": "纯净度很低",
            "time": "15-11-20 21:07"
        },
        {
            "comment id": 14,
            "parent": -1,
            "children": [],
            "user id": "1568879834",
            "user name": "新桂系1941",
            "content": "转发微博",
            "time": "15-11-20 21:03"
        },
        {
            "comment id": 15,
            "parent": -1,
            "children": [],
            "user id": "2794283127",
            "user name": "蘸盐",
            "content": "切割打磨时是用高速皮带抹油，沾上钻石粉，然后用钻石自己磨自己。所以必然有损耗（变成钻石粉） //@Azurkf07159:够呛。世界上最大的库里南钻石原石三千多克拉，切割成九块大钻石，加起来才一千出头。还有96颗碎钻，共计八克拉//@御前带猫侍卫-拼命三点二郎:完美切割后能剩下600克拉就很好",
            "time": "15-11-20 20:34"
        },
        {
            "comment id": 16,
            "parent": -1,
            "children": [],
            "user id": "2345071744",
            "user name": "困顿的武士",
            "content": "@House-过",
            "time": "15-11-20 20:30"
        },
        {
            "comment id": 17,
            "parent": -1,
            "children": [],
            "user id": "2685598397",
            "user name": "腾蛟GG",
            "content": "美女的手",
            "time": "15-11-20 20:18"
        },
        {
            "comment id": 18,
            "parent": -1,
            "children": [],
            "user id": "1927643874",
            "user name": "长的1苯正经",
            "content": "甜的",
            "time": "15-11-20 19:09"
        },
        {
            "comment id": 19,
            "parent": -1,
            "children": [],
            "user id": "2622010181",
            "user name": "kuanglzzz",
            "content": "我只想知道能卖多少钱",
            "time": "15-11-20 18:58"
        },
        {
            "comment id": 20,
            "parent": -1,
            "children": [],
            "user id": "1822108883",
            "user name": "brucesoon",
            "content": "想起小李的一部电影",
            "time": "15-11-20 18:03"
        },
        {
            "comment id": 21,
            "parent": -1,
            "children": [],
            "user id": "2272185230",
            "user name": "QQEEGYY",
            "content": "钻石价格就是被这些奸商恶意炒高",
            "time": "15-11-20 17:35"
        },
        {
            "comment id": 22,
            "parent": -1,
            "children": [],
            "user id": "5135719158",
            "user name": "人菜话多邪都阿福",
            "content": "回复@吃好喝好哈V:是自然界最硬",
            "time": "15-11-20 17:34"
        },
        {
            "comment id": 23,
            "parent": -1,
            "children": [],
            "user id": "1980541857",
            "user name": "来自开普勒452B星球的外交官",
            "content": "金刚石是最硬物质，到底是怎么切割的？",
            "time": "15-11-20 17:18"
        },
        {
            "comment id": 24,
            "parent": -1,
            "children": [],
            "user id": "1867750230",
            "user name": "中天明月照清风",
            "content": "这要是装到玻璃刀上拉玻璃，拉一块玻璃我赚两块钱，得赚多少钱啦……想想就激动。",
            "time": "15-11-20 17:11"
        },
        {
            "comment id": 25,
            "parent": -1,
            "children": [],
            "user id": "1623018733",
            "user name": "翠湖钓波叟",
            "content": "钻石局不知道还能撑多久//@半成品女鬼: //@战争史研究WHS:因为这些矿产（特别是钻石矿），博茨瓦纳相当有钱。驻华使馆设在北京盈科中心，楼上楼下是波音、IBM之类的公司，大使座车也是奔驰S600",
            "time": "15-11-20 17:08"
        },
        {
            "comment id": 26,
            "parent": -1,
            "children": [],
            "user id": "3549480407",
            "user name": "线橙",
            "content": "钻石是20世纪最伟大的骗局，全世界的钻石产量并不少，钻石本身也没有那么大价值，只是被几家公司运作成了宝贝",
            "time": "15-11-20 16:41"
        },
        {
            "comment id": 27,
            "parent": -1,
            "children": [],
            "user id": "1971461833",
            "user name": "Zxt_是个好好好仁",
            "content": "好吉利的数字。。",
            "time": "15-11-20 16:01"
        },
        {
            "comment id": 28,
            "parent": -1,
            "children": [],
            "user id": "1957898955",
            "user name": "MLB视野-Kend",
            "content": "别拿冰糖骗我虽然我读书少，可我吃得多",
            "time": "15-11-20 16:01"
        },
        {
            "comment id": 29,
            "parent": -1,
            "children": [],
            "user id": "1919285015",
            "user name": "任姐姐姐",
            "content": "切割一下，就更像冰糖了",
            "time": "15-11-20 15:54"
        },
        {
            "comment id": 30,
            "parent": -1,
            "children": [],
            "user id": "2013565793",
            "user name": "所遇善良",
            "content": "八心八箭南非真钻",
            "time": "15-11-20 15:45"
        },
        {
            "comment id": 31,
            "parent": -1,
            "children": [],
            "user id": "1857235312",
            "user name": "KEY笑没有神经",
            "content": "血钻",
            "time": "15-11-20 15:40"
        },
        {
            "comment id": 32,
            "parent": -1,
            "children": [],
            "user id": "5241339138",
            "user name": "清雲飛飛",
            "content": "如在天朝也就奖个保温杯，几仟快钱滚蛋完事",
            "time": "15-11-20 15:35"
        },
        {
            "comment id": 33,
            "parent": -1,
            "children": [],
            "user id": "1941987477",
            "user name": "能年玲奈奈",
            "content": "明明看起来就是一块很大的冰糖",
            "time": "15-11-20 15:33"
        },
        {
            "comment id": 34,
            "parent": -1,
            "children": [],
            "user id": "2759198513",
            "user name": "马克西姆狂想",
            "content": "看上去像冰糖",
            "time": "15-11-20 15:20"
        },
        {
            "comment id": 35,
            "parent": -1,
            "children": [],
            "user id": "2266825663",
            "user name": "wxtwf0217",
            "content": "中国最大的常林钻石，据说当年可以换3000辆解放大货车",
            "time": "15-11-20 15:11"
        },
        {
            "comment id": 36,
            "parent": -1,
            "children": [],
            "user id": "2289393894",
            "user name": "小朋友关注之后根本把持不住",
            "content": "@张佳骊_Carrie",
            "time": "15-11-20 15:09"
        },
        {
            "comment id": 37,
            "parent": -1,
            "children": [],
            "user id": "1276027243",
            "user name": "改个名字好难啊好难啊",
            "content": "我估计一脚踢开都觉得磕脚",
            "time": "15-11-20 15:05"
        },
        {
            "comment id": 38,
            "parent": -1,
            "children": [],
            "user id": "2747197280",
            "user name": "毫无文化工作室",
            "content": "还以为是一块大冰糖！",
            "time": "15-11-20 15:05"
        },
        {
            "comment id": 39,
            "parent": -1,
            "children": [],
            "user id": "1797199520",
            "user name": "青城山下蛇精病",
            "content": "哇塞~和冰糖一样",
            "time": "15-11-20 15:04"
        },
        {
            "comment id": 40,
            "parent": -1,
            "children": [],
            "user id": "3988502024",
            "user name": "赵耕田",
            "content": "大冰糖",
            "time": "15-11-20 15:04"
        },
        {
            "comment id": 41,
            "parent": -1,
            "children": [],
            "user id": "5310331937",
            "user name": "满山是柴",
            "content": "俺有一块更大的，重20公斤左右，硬度至少8.5以上，只是没有这么透明。另外，还有一粒跟它十分之一大小的，比较晶透。很想找个专家鉴定一下。",
            "time": "15-11-20 15:00"
        },
        {
            "comment id": 42,
            "parent": -1,
            "children": [],
            "user id": "2823623564",
            "user name": "适之竞存",
            "content": "单身狗之钻",
            "time": "15-11-20 14:55"
        },
        {
            "comment id": 43,
            "parent": -1,
            "children": [],
            "user id": "3149415997",
            "user name": "军师祭酒不戒酒",
            "content": "@谁送我个纯血统布偶猫我就跟谁走",
            "time": "15-11-20 14:53"
        },
        {
            "comment id": 44,
            "parent": -1,
            "children": [],
            "user id": "1999243871",
            "user name": "17人生情",
            "content": "马云马上购买，下一次双11镇宅",
            "time": "15-11-20 14:50"
        },
        {
            "comment id": 45,
            "parent": -1,
            "children": [],
            "user id": "1736646253",
            "user name": "強小民公",
            "content": "1111",
            "time": "15-11-20 14:45"
        },
        {
            "comment id": 46,
            "parent": -1,
            "children": [],
            "user id": "5751869664",
            "user name": "一条发霉咸鱼",
            "content": "老乡，这是500块和证书。。唉唉唉，后面哪位同志把枪收起来，别吓到老乡了。",
            "time": "15-11-20 14:43"
        },
        {
            "comment id": 47,
            "parent": -1,
            "children": [],
            "user id": "1768807837",
            "user name": "袋安an",
            "content": "@MXMichelle ",
            "time": "15-11-20 14:43"
        },
        {
            "comment id": 48,
            "parent": -1,
            "children": [],
            "user id": "1805306052",
            "user name": "T叔找东西",
            "content": "@左紫谊",
            "time": "15-11-20 14:39"
        },
        {
            "comment id": 49,
            "parent": -1,
            "children": [],
            "user id": "1878480443",
            "user name": "MenethilX",
            "content": "1000多克拉",
            "time": "15-11-20 14:38"
        },
        {
            "comment id": 50,
            "parent": -1,
            "children": [],
            "user id": "1246870577",
            "user name": "sisi吃饭睡觉长肉肉",
            "content": "大冰糖好吗",
            "time": "15-11-20 14:36"
        },
        {
            "comment id": 51,
            "parent": -1,
            "children": [],
            "user id": "2171864635",
            "user name": "我才是K哥",
            "content": "像冰块",
            "time": "15-11-20 14:35"
        },
        {
            "comment id": 52,
            "parent": -1,
            "children": [],
            "user id": "3695561993",
            "user name": "夏芯至诚",
            "content": "手好脏",
            "time": "15-11-20 14:35"
        },
        {
            "comment id": 53,
            "parent": -1,
            "children": [],
            "user id": "2083831744",
            "user name": "没胃级驱逐舰",
            "content": "博人均鸡的屁过万，经济政治形势稳定，然而……艾滋病感染率仍达1/5，我有时怀疑这个和人种关系甚大",
            "time": "15-11-20 14:35"
        },
        {
            "comment id": 54,
            "parent": -1,
            "children": [],
            "user id": "1218374453",
            "user name": "小豆",
            "content": "好大一块冰糖啊~//@战争史研究WHS: 因为这些矿产（特别是钻石矿），博茨瓦纳相当有钱。驻华使馆设在北京盈科中心，楼上楼下是波音、IBM之类的公司，大使座车也是奔驰S600",
            "time": "15-11-20 14:35"
        },
        {
            "comment id": 55,
            "parent": -1,
            "children": [],
            "user id": "1903820547",
            "user name": "_F费费",
            "content": "what the ……",
            "time": "15-11-20 14:34"
        },
        {
            "comment id": 56,
            "parent": -1,
            "children": [],
            "user id": "1916461207",
            "user name": "弱水计划",
            "content": "好大的冰糖！",
            "time": "15-11-20 14:34"
        },
        {
            "comment id": 57,
            "parent": -1,
            "children": [],
            "user id": "1255700271",
            "user name": "绯色乂天空",
            "content": "加多少属性你说吧！",
            "time": "15-11-20 14:34"
        },
        {
            "comment id": 58,
            "parent": -1,
            "children": [],
            "user id": "2605749100",
            "user name": "柚柚_Babi",
            "content": "一大块冰糖而已",
            "time": "15-11-20 14:32"
        },
        {
            "comment id": 59,
            "parent": -1,
            "children": [],
            "user id": "2510742391",
            "user name": "岑夫子丹丘生将进酒杯莫停停",
            "content": "跟冰糖一样",
            "time": "15-11-20 14:31"
        },
        {
            "comment id": 60,
            "parent": -1,
            "children": [],
            "user id": "2121021400",
            "user name": "不懂___小姐",
            "content": "@_Ohrange_ 走，咱去非洲发展吧",
            "time": "15-11-20 14:28"
        },
        {
            "comment id": 61,
            "parent": -1,
            "children": [],
            "user id": "2464645387",
            "user name": "洗拜拜呀",
            "content": "切，我家冰箱又一块更大的，而且具有天然的甜味。",
            "time": "15-11-20 14:26"
        },
        {
            "comment id": 62,
            "parent": -1,
            "children": [],
            "user id": "2813494864",
            "user name": "贾斯汀立博",
            "content": "@某某某某某某女",
            "time": "15-11-20 14:25"
        },
        {
            "comment id": 63,
            "parent": -1,
            "children": [],
            "user id": "2004595997",
            "user name": "一梦黄梁一壶酒",
            "content": "放下！！！这是国家的！",
            "time": "15-11-20 14:25"
        },
        {
            "comment id": 64,
            "parent": -1,
            "children": [],
            "user id": "2108416240",
            "user name": "南回雁zjuter",
            "content": "因此这颗钻石被命名为“光棍之星”",
            "time": "15-11-20 14:24"
        },
        {
            "comment id": 65,
            "parent": -1,
            "children": [],
            "user id": "2599526207",
            "user name": "保佑茶茶丶",
            "content": "@瓜瓜瓜呱丶 请你吃冰糖",
            "time": "15-11-20 14:24"
        },
        {
            "comment id": 66,
            "parent": -1,
            "children": [],
            "user id": "1558146410",
            "user name": "w丶yule",
            "content": "弟弟你在这和我扯犊子呢，你是没吃过冰糖吗？",
            "time": "15-11-20 14:23"
        },
        {
            "comment id": 67,
            "parent": -1,
            "children": [],
            "user id": "1876574794",
            "user name": "Dag12srtc",
            "content": "热评的你们有没常识？眼瞎的都知道是冰糖",
            "time": "15-11-20 14:23"
        },
        {
            "comment id": 68,
            "parent": -1,
            "children": [],
            "user id": "3268337700",
            "user name": "大奇葩_",
            "content": "冰糖",
            "time": "15-11-20 14:21"
        },
        {
            "comment id": 69,
            "parent": -1,
            "children": [],
            "user id": "1338515803",
            "user name": "kenlu",
            "content": "@穿童装的园子 ",
            "time": "15-11-20 14:21"
        },
        {
            "comment id": 70,
            "parent": -1,
            "children": [],
            "user id": "1782482143",
            "user name": "Bear小熊宝贝",
            "content": "给我一角",
            "time": "15-11-20 14:20"
        },
        {
            "comment id": 71,
            "parent": -1,
            "children": [],
            "user id": "3198878220",
            "user name": "妈那隔壁的王叔叔",
            "content": "那啥鸽子蛋，逊爆了。以后别拿出来秀了。",
            "time": "15-11-20 14:19"
        },
        {
            "comment id": 72,
            "parent": -1,
            "children": [],
            "user id": "1881412441",
            "user name": "费城马里奥",
            "content": "像多晶冰糖",
            "time": "15-11-20 14:19"
        },
        {
            "comment id": 73,
            "parent": -1,
            "children": [],
            "user id": "5644046427",
            "user name": "阖天下传家宝",
            "content": "历史上发现的最大颗钻石是1905年在南非出土、重3106卡的库里南钻石，部分被镶在英国一枚皇冠上。",
            "time": "15-11-20 14:18"
        },
        {
            "comment id": 74,
            "parent": -1,
            "children": [],
            "user id": "1826013250",
            "user name": "话里有话可省略",
            "content": "冰糖",
            "time": "15-11-20 14:17"
        },
        {
            "comment id": 75,
            "parent": -1,
            "children": [],
            "user id": "1650322637",
            "user name": "程旭纪",
            "content": "什么垃圾公司的！如果在天朝就好了，政府立马出面发500元奖励和荣誉证书。",
            "time": "15-11-20 14:17"
        },
        {
            "comment id": 76,
            "parent": -1,
            "children": [],
            "user id": "1770376707",
            "user name": "黄金射手",
            "content": "真的大//@郎莱坞: 这么大",
            "time": "15-11-20 14:15"
        },
        {
            "comment id": 77,
            "parent": -1,
            "children": [],
            "user id": "2794283127",
            "user name": "蘸盐",
            "content": "因为这些矿产（特别是钻石矿），博茨瓦纳相当有钱。驻华使馆设在北京盈科中心，楼上楼下是波音、IBM之类的公司，大使座车也是奔驰S600",
            "time": "15-11-20 14:13"
        },
        {
            "comment id": 78,
            "parent": -1,
            "children": [],
            "user id": "1862264243",
            "user name": "懒人Eason",
            "content": "确认这不是冰糖？",
            "time": "15-11-20 14:13"
        },
        {
            "comment id": 79,
            "parent": -1,
            "children": [],
            "user id": "1283498433",
            "user name": "-无住生心",
            "content": "这是面碱，你不要糊弄我，我舔过",
            "time": "15-11-20 14:13"
        }
    ]
}