{
    "source": {
        "content": "#广州车展新车发布# 福特金牛座、全新奥迪Q7、观致5 SUV、新款911 Carrera、英菲尼迪QX30、捷豹SUV F-PACE、全新西玛……重磅新车争相亮相，#广州车展新车发布# 让你足不出户看车展！  ",
        "time": "15-11-20 14:54",
        "user id": "5608272697",
        "tweet id": "D4J8x6sag",
        "label": 0,
        "theme": "财经商业"
    },
    "comment": [
        {
            "comment id": 0,
            "parent": -1,
            "children": [],
            "user id": "2158727783",
            "user name": "Mr花劫",
            "content": "@飞常准 zh9280",
            "time": "15-12-8 20:01"
        },
        {
            "comment id": 1,
            "parent": -1,
            "children": [],
            "user id": "5619464330",
            "user name": "糖鸡屎和冬瓜",
            "content": "@毛键惯对征",
            "time": "15-12-5 02:08"
        },
        {
            "comment id": 2,
            "parent": -1,
            "children": [],
            "user id": "2972565392",
            "user name": "森森不甜不要钱",
            "content": "回复@簌岑岑瑟瑟:不好看",
            "time": "15-11-29 18:42"
        },
        {
            "comment id": 3,
            "parent": -1,
            "children": [],
            "user id": "1901732267",
            "user name": "taky囡",
            "content": "回复@大熊猫de熊猫:上图",
            "time": "15-11-26 21:38"
        },
        {
            "comment id": 4,
            "parent": -1,
            "children": [],
            "user id": "5398927527",
            "user name": "靖哥的开心车站",
            "content": "大爱帕萨特旅行版",
            "time": "15-11-22 23:32"
        },
        {
            "comment id": 5,
            "parent": -1,
            "children": [],
            "user id": "3264436115",
            "user name": "郑郑郑_舒玲",
            "content": "豹哥是我最爱",
            "time": "15-11-22 19:09"
        },
        {
            "comment id": 6,
            "parent": -1,
            "children": [],
            "user id": "2214751622",
            "user name": "槑文杹PatrickChan",
            "content": "喜欢Cayman S",
            "time": "15-11-22 09:50"
        },
        {
            "comment id": 7,
            "parent": -1,
            "children": [],
            "user id": "2972565392",
            "user name": "森森不甜不要钱",
            "content": "回复@簌岑岑瑟瑟:不好看",
            "time": "15-11-22 08:33"
        },
        {
            "comment id": 8,
            "parent": -1,
            "children": [],
            "user id": "1896968705",
            "user name": "夏季森林",
            "content": "转发微博",
            "time": "15-11-21 23:12"
        },
        {
            "comment id": 9,
            "parent": -1,
            "children": [],
            "user id": "5611386175",
            "user name": "东叁痞",
            "content": "捷豹终于出了SUV车型，土豪们赶紧出手吧",
            "time": "15-11-21 20:51"
        },
        {
            "comment id": 10,
            "parent": -1,
            "children": [],
            "user id": "3616759131",
            "user name": "xx我们的约定",
            "content": "回复@我是大副:买不起",
            "time": "15-11-21 18:45"
        }
    ]
}