{
    "source": {
        "content": "【突发：马里首都一家酒店遭枪手袭击 170人被劫持】据路透社报道，马里首都巴马科的一家酒店今日遭到枪手袭击，警方已经封锁了现场。另据法新社，酒店方面表示，有两名枪手共劫持了酒店客人和员工共170人，其中客人140人，员工30人。via@微天下 ",
        "time": "15-11-20 17:15",
        "user id": "1314608344",
        "tweet id": "D4K3Jkgvr",
        "label": 0,
        "theme": "灾难事故"
    },
    "comment": [
        {
            "comment id": 0,
            "parent": -1,
            "children": [],
            "user id": "5109539890",
            "user name": "闰月有可",
            "content": "第三次世界大战估计就是盟军与恐怖分子联盟的作战了",
            "time": "15-11-21 11:17"
        },
        {
            "comment id": 1,
            "parent": -1,
            "children": [],
            "user id": "3063563963",
            "user name": "九月早鸭",
            "content": "某些生物没有人性的，死了也不足惜，为何不把他们铲平，不能理解",
            "time": "15-11-20 20:06"
        },
        {
            "comment id": 2,
            "parent": -1,
            "children": [],
            "user id": "2709122811",
            "user name": "小胡秋婷",
            "content": "不得安宁",
            "time": "15-11-20 20:02"
        },
        {
            "comment id": 3,
            "parent": -1,
            "children": [],
            "user id": "1989037207",
            "user name": "我看见艳阳天",
            "content": "",
            "time": "15-11-20 19:14"
        },
        {
            "comment id": 4,
            "parent": -1,
            "children": [],
            "user id": "1589851825",
            "user name": "suzy2004彤彤姐姐",
            "content": "",
            "time": "15-11-20 18:24"
        },
        {
            "comment id": 5,
            "parent": -1,
            "children": [],
            "user id": "2135956653",
            "user name": "七月雪朵儿",
            "content": "每天都有恐怖事件！",
            "time": "15-11-20 18:10"
        },
        {
            "comment id": 6,
            "parent": -1,
            "children": [],
            "user id": "1084934853",
            "user name": "欢乐的乔治",
            "content": "回复@何大心HXX:他们要搞遍全世界，但是不信伊斯兰教的，都要干掉",
            "time": "15-11-20 18:05"
        },
        {
            "comment id": 7,
            "parent": -1,
            "children": [],
            "user id": "5692894952",
            "user name": "炫酷色",
            "content": "不谴责就不是中国人，重要事情说三遍，强烈谴责，强烈谴责，强烈谴责！",
            "time": "15-11-20 17:59"
        },
        {
            "comment id": 8,
            "parent": -1,
            "children": [],
            "user id": "1939840352",
            "user name": "耳环怪",
            "content": "…",
            "time": "15-11-20 17:58"
        },
        {
            "comment id": 9,
            "parent": -1,
            "children": [],
            "user id": "2793676552",
            "user name": "任宽先生",
            "content": "时间要素很重要，居然没注明。",
            "time": "15-11-20 17:58"
        },
        {
            "comment id": 10,
            "parent": -1,
            "children": [],
            "user id": "5590971046",
            "user name": "叶迦流夜西",
            "content": "好危险 还是我们国家好",
            "time": "15-11-20 17:30"
        },
        {
            "comment id": 11,
            "parent": -1,
            "children": [],
            "user id": "2482972840",
            "user name": "路遥866",
            "content": "不管有没有中国人 我都要谴责 强烈谴责 严厉谴责 你丫的",
            "time": "15-11-20 17:30"
        },
        {
            "comment id": 12,
            "parent": -1,
            "children": [],
            "user id": "2028818457",
            "user name": "流年-乱了浮生---",
            "content": "原来小说里面的恐怖组织，真的存在",
            "time": "15-11-20 17:30"
        },
        {
            "comment id": 13,
            "parent": -1,
            "children": [],
            "user id": "1437118274",
            "user name": "水晶骨头汤",
            "content": "第一眼真的看成马德里——好担心",
            "time": "15-11-20 17:30"
        },
        {
            "comment id": 14,
            "parent": -1,
            "children": [],
            "user id": "2158980942",
            "user name": "曼城UncleJam",
            "content": "次奥，第一眼看成首都马德里……又是ISIS？",
            "time": "15-11-20 17:28"
        },
        {
            "comment id": 15,
            "parent": -1,
            "children": [],
            "user id": "2457315662",
            "user name": "九份咖啡记忆",
            "content": "怎么又是星期五呢",
            "time": "15-11-20 17:25"
        },
        {
            "comment id": 16,
            "parent": -1,
            "children": [],
            "user id": "1887345792",
            "user name": "筱筱樱丶",
            "content": "最近恐怖分子特别猖狂啊！！！",
            "time": "15-11-20 17:25"
        },
        {
            "comment id": 17,
            "parent": -1,
            "children": [],
            "user id": "1103105211",
            "user name": "diligolo-7个弄懂",
            "content": "不是索马里吧",
            "time": "15-11-20 17:24"
        },
        {
            "comment id": 18,
            "parent": -1,
            "children": [],
            "user id": "1774879977",
            "user name": "-无奈的人",
            "content": "又是星期五......",
            "time": "15-11-20 17:23"
        },
        {
            "comment id": 19,
            "parent": -1,
            "children": [],
            "user id": "3426202924",
            "user name": "7_Colourful",
            "content": "不会又是IS吧",
            "time": "15-11-20 17:23"
        },
        {
            "comment id": 20,
            "parent": -1,
            "children": [],
            "user id": "1897648113",
            "user name": "何大心HXX",
            "content": "搜了一下，马里在北非。靠，又出事。这些也是那些变态恐怖主义者吗？他们搞非洲干嘛啊，非洲有惹他们吗？",
            "time": "15-11-20 17:23"
        },
        {
            "comment id": 21,
            "parent": -1,
            "children": [],
            "user id": "1681423653",
            "user name": "柴郡猫可夫斯基",
            "content": "马里在哪里？",
            "time": "15-11-20 17:21"
        },
        {
            "comment id": 22,
            "parent": -1,
            "children": [],
            "user id": "1919056342",
            "user name": "準小琪",
            "content": "天呐愿平安",
            "time": "15-11-20 17:21"
        },
        {
            "comment id": 23,
            "parent": -1,
            "children": [],
            "user id": "1528464794",
            "user name": "Raz小火箭",
            "content": "马里，这地方都没听说过",
            "time": "15-11-20 17:20"
        },
        {
            "comment id": 24,
            "parent": -1,
            "children": [],
            "user id": "1709325964",
            "user name": "川西的山",
            "content": "麻痹的，有完没完啊！不把恐怖分子全部干掉，世界是不会太平的。",
            "time": "15-11-20 17:20"
        },
        {
            "comment id": 25,
            "parent": -1,
            "children": [],
            "user id": "1876080927",
            "user name": "小硕101",
            "content": "喝恐怖份子没关系吧",
            "time": "15-11-20 17:20"
        },
        {
            "comment id": 26,
            "parent": -1,
            "children": [],
            "user id": "3893900738",
            "user name": "Xxzjsrnzbdw-",
            "content": "怎么感觉世界这么危险啊",
            "time": "15-11-20 17:19"
        },
        {
            "comment id": 27,
            "parent": -1,
            "children": [],
            "user id": "2704239361",
            "user name": "Suduyijiqing",
            "content": "又一起",
            "time": "15-11-20 17:19"
        },
        {
            "comment id": 28,
            "parent": -1,
            "children": [],
            "user id": "1422974930",
            "user name": "开心马铃薯哦",
            "content": "马里？马尔代夫？",
            "time": "15-11-20 17:18"
        },
        {
            "comment id": 29,
            "parent": -1,
            "children": [],
            "user id": "2621885690",
            "user name": "应念我_莫剪柔柯",
            "content": "非洲也………",
            "time": "15-11-20 17:18"
        },
        {
            "comment id": 30,
            "parent": -1,
            "children": [],
            "user id": "2272075107",
            "user name": "孔学智",
            "content": "阻击手外围寻找最佳位置，突击队待命强攻，谈判专家就位。",
            "time": "15-11-20 17:17"
        },
        {
            "comment id": 31,
            "parent": -1,
            "children": [],
            "user id": "5499199990",
            "user name": "平盦就好",
            "content": "不能因为马里没什么名气就不给人家亮灯啊",
            "time": "15-11-20 17:17"
        },
        {
            "comment id": 32,
            "parent": -1,
            "children": [],
            "user id": "1916236262",
            "user name": "CHEN不俊",
            "content": "一定要学好英语呀！不然人在国外遇到恐怖分子的时候我们只能这么跟警察说   . . . . . . . . . . . I see people with AK 47, and then piupiupiu, and then boom boom boom，people a a a and die[难过][难过]",
            "time": "15-11-20 17:17"
        },
        {
            "comment id": 33,
            "parent": -1,
            "children": [],
            "user id": "1844327570",
            "user name": "壹谷清流yy",
            "content": "马里在哪里？求科普",
            "time": "15-11-20 17:16"
        },
        {
            "comment id": 34,
            "parent": -1,
            "children": [],
            "user id": "1802240542",
            "user name": "仙和尚",
            "content": "就两名枪手~~~来几个眼色也解决了",
            "time": "15-11-20 17:16"
        },
        {
            "comment id": 35,
            "parent": -1,
            "children": [],
            "user id": "1943298970",
            "user name": "深圳彭国永",
            "content": "我靠！🙏",
            "time": "15-11-20 17:16"
        }
    ]
}