{
    "source": {
        "content": "马里首都的一家豪华酒店刚刚遭到了一批枪手的袭击... 几名喊着圣战口号的枪手现在劫持了宾馆里的170名人质... 正在与警方对抗中.... ",
        "time": "15-11-20 17:46",
        "user id": "2549228714",
        "tweet id": "D4Kgroad2",
        "label": 0,
        "theme": "灾难事故"
    },
    "comment": [
        {
            "comment id": 0,
            "parent": -1,
            "children": [],
            "user id": "1874978110",
            "user name": "白菜君3世",
            "content": "",
            "time": "15-11-25 04:26"
        },
        {
            "comment id": 1,
            "parent": -1,
            "children": [],
            "user id": "2326251824",
            "user name": "是老乌贼呀",
            "content": "回复@Asma-1231:比你了解 不然也不会喷你了",
            "time": "15-11-24 14:20"
        },
        {
            "comment id": 2,
            "parent": -1,
            "children": [],
            "user id": "2783131845",
            "user name": "昀俊亲妈张小多",
            "content": "回复@抱着薯片片打滚:好滴好滴",
            "time": "15-11-23 13:46"
        },
        {
            "comment id": 3,
            "parent": -1,
            "children": [],
            "user id": "1742321023",
            "user name": "Esthervivi19888",
            "content": "回复@科恩陛下:非洲",
            "time": "15-11-22 22:23"
        },
        {
            "comment id": 4,
            "parent": -1,
            "children": [],
            "user id": "2995437600",
            "user name": "望银如意",
            "content": "中国已经吃够了被别人干涉内政的苦果，所以不愿意去干涉别国的内政，结果还有人天天说中国不承担国际责任？这就好像逼别人给你捐款似的，你必须管我不管不行，感情被别人管着你自己啥事都不做啊？这是什么歪理啊？",
            "time": "15-11-22 10:25"
        },
        {
            "comment id": 5,
            "parent": -1,
            "children": [],
            "user id": "2177863901",
            "user name": "丸丸子爱吃巧克力",
            "content": "@Alvin丶邢",
            "time": "15-11-22 08:54"
        },
        {
            "comment id": 6,
            "parent": -1,
            "children": [],
            "user id": "3956444271",
            "user name": "机智的黄萌萌",
            "content": "中国又要表示强烈谴责",
            "time": "15-11-22 08:30"
        },
        {
            "comment id": 7,
            "parent": -1,
            "children": [],
            "user id": "5574941089",
            "user name": "做居居不好吗",
            "content": "woc又来",
            "time": "15-11-21 23:27"
        },
        {
            "comment id": 8,
            "parent": -1,
            "children": [],
            "user id": "1886750961",
            "user name": "雨-Ty-",
            "content": "回复@全天才:😳😳😳好的好的好的！😁😁😁",
            "time": "15-11-21 23:25"
        },
        {
            "comment id": 9,
            "parent": -1,
            "children": [],
            "user id": "1921416721",
            "user name": "Veronica607",
            "content": "回复@Glen_Y:不好意思，我从不会因为别人的误解而激动。我历史教科书确实看的少。我已说完，你想怎么理解随便你。",
            "time": "15-11-21 23:11"
        },
        {
            "comment id": 10,
            "parent": -1,
            "children": [],
            "user id": "1775030610",
            "user name": "Glen_Y",
            "content": "回复@Juliana_爱天主:正值西欧黑暗中世纪，穷的叮当响，中东当年可是富的流油，二话不说接着主的名义走呗. 目的就是扩大教宗势力顺便捞一笔...而且教皇承认的是穆斯林与基督天主之间长久的纷争是有贵教十字军东征挑起的",
            "time": "15-11-21 23:06"
        },
        {
            "comment id": 11,
            "parent": -1,
            "children": [],
            "user id": "1775030610",
            "user name": "Glen_Y",
            "content": "回复@Juliana_爱天主:你激动个啥，到今天还有人天真的以为十字军东征的原因是纯宗教报复... 说你是太天真呢还是什么. 跟你普及一下，穆斯林占领耶路撒冷以后相当一段时间是允许其他信仰者去朝圣，当然后来出了几个二逼把别人教堂给烧了.但是东征的原因是突厥跟东罗马打仗，东罗马打不过去找西欧，教皇乌尔班二世因此下令",
            "time": "15-11-21 23:03"
        },
        {
            "comment id": 12,
            "parent": -1,
            "children": [],
            "user id": "1921416721",
            "user name": "Veronica607",
            "content": "回复@Glen_Y:你还谈历史，先去学好语文。连我啥意思都听不懂，更听不懂教宗啥意思（糟糕，你不会又以为我说东征一点错都没有吧？那我再解释一遍哦，对穆斯林的攻占和屠杀反击绝没有错，动机是正义的，但是后期的行为中有误杀和掠夺财富，是错误的）不要那么激动愤慨键盘侠，小心心脏容易出问题。",
            "time": "15-11-21 22:56"
        },
        {
            "comment id": 13,
            "parent": -1,
            "children": [],
            "user id": "1921416721",
            "user name": "Veronica607",
            "content": "回复@Glen_Y:你没看到我第二句话？我洗白了？我有说没错误？我说的是原因。教宗道歉是为东征中所造成的无辜生命道歉，不是为动机道歉。动机没错，伊斯兰教原本就是抢占耶路撒冷，屠杀异教徒。你激动啥？",
            "time": "15-11-21 22:49"
        },
        {
            "comment id": 14,
            "parent": -1,
            "children": [],
            "user id": "2846463071",
            "user name": "-___-今天的风儿有点喧嚣",
            "content": "又死了几个国人   唉",
            "time": "15-11-21 22:08"
        },
        {
            "comment id": 15,
            "parent": -1,
            "children": [],
            "user id": "2511797941",
            "user name": "王幽夏Wonder",
            "content": "天啦噜🙏🙏🙏",
            "time": "15-11-21 21:19"
        },
        {
            "comment id": 16,
            "parent": -1,
            "children": [],
            "user id": "5533689285",
            "user name": "感觉还可以再吃一碗哦",
            "content": "让我想到“脑残不死，圣战不止”的李毅吧",
            "time": "15-11-21 17:50"
        },
        {
            "comment id": 17,
            "parent": -1,
            "children": [],
            "user id": "3211918945",
            "user name": "俊大_",
            "content": "回复@高冷的白眼:",
            "time": "15-11-21 17:44"
        },
        {
            "comment id": 18,
            "parent": -1,
            "children": [],
            "user id": "2585813507",
            "user name": "全天才",
            "content": "@雨-Ty- 我感觉我要比你妈都唠叨了……回非洲注意安全！！！！",
            "time": "15-11-21 16:00"
        },
        {
            "comment id": 19,
            "parent": -1,
            "children": [],
            "user id": "3911873437",
            "user name": "熊伱",
            "content": "回复@抖森在手天下我有:没。。。我们这边的穆斯林吃东西没以前那么多禁忌了，汉族人做的一些零食小吃啊他们都会吃，但一切跟猪相关的食物他们都绝对不会碰，不过我经常在宿舍炖排骨我舍友也不会说",
            "time": "15-11-21 15:39"
        },
        {
            "comment id": 20,
            "parent": -1,
            "children": [],
            "user id": "2625847911",
            "user name": "O少年的朋友们O",
            "content": "回复@傻瓜笨笨55:真呵呵，请问您认为子弟兵是干什么用的呢",
            "time": "15-11-21 15:22"
        },
        {
            "comment id": 21,
            "parent": -1,
            "children": [],
            "user id": "1775030610",
            "user name": "Glen_Y",
            "content": "回复@Juliana_爱天主:多读读历史，十字军东征这是教皇都出来承认的宗教黑历史，还来洗白. 东征本来就是借着宗教名义去掠夺的.话说第一次东征在耶路撒冷屠杀异教徒的恰恰是十字军，而萨拉丁攻破耶路撒冷后反而保护并允许基督教朝圣..当然绿教这个德行已经差不多成公害了，但是别给十字军东征洗地好吗，一个德行",
            "time": "15-11-21 15:04"
        },
        {
            "comment id": 22,
            "parent": -1,
            "children": [],
            "user id": "1689258532",
            "user name": "绝世猛男陈伟霆",
            "content": "回复@熊伱:我会告诉你我们这里的回回都被我们汉化了么？你见过回回炖猪肉排骨么？",
            "time": "15-11-21 15:03"
        },
        {
            "comment id": 23,
            "parent": -1,
            "children": [],
            "user id": "3911873437",
            "user name": "熊伱",
            "content": "回复@抖森在手天下我有:我们这边还好，因为开餐馆的都是回回，而且是在学校里，生意有受影响但是没那么糟糕，就是我舍友她们自己出去学校外面的地方的时候会很担心",
            "time": "15-11-21 14:59"
        },
        {
            "comment id": 24,
            "parent": -1,
            "children": [],
            "user id": "1689258532",
            "user name": "绝世猛男陈伟霆",
            "content": "回复@熊伱:然后那事情发生后我们这里所有的卖烤肉串什么的那些穆斯林全部被赶走了。",
            "time": "15-11-21 14:54"
        },
        {
            "comment id": 25,
            "parent": -1,
            "children": [],
            "user id": "3911873437",
            "user name": "熊伱",
            "content": "回复@抖森在手天下我有:😂福大命大！",
            "time": "15-11-21 14:51"
        },
        {
            "comment id": 26,
            "parent": -1,
            "children": [],
            "user id": "2111939122",
            "user name": "SpikeFarewell",
            "content": "回复@徐清二不二:差蛮远。那地方比尼日利亚还乱",
            "time": "15-11-21 14:43"
        },
        {
            "comment id": 27,
            "parent": -1,
            "children": [],
            "user id": "1428637934",
            "user name": "hello08小屋",
            "content": "回复@NahezZzZz:我是爱国的，我只是表达我的观点",
            "time": "15-11-21 14:27"
        },
        {
            "comment id": 28,
            "parent": -1,
            "children": [],
            "user id": "1428637934",
            "user name": "hello08小屋",
            "content": "回复@茶王茶业:我只是说的那个宗教，里面还是有好人的我不否认，古兰经里面本来就有圣战跟清除异教徒的内容，难道不邪恶？你烧了佛经跟基督教书籍别人不会对你怎么样，你烧了古兰经看看，他们要杀你，还不够邪恶吗？我不是喷子，我也爱国，我只是就事论事",
            "time": "15-11-21 14:27"
        },
        {
            "comment id": 29,
            "parent": -1,
            "children": [],
            "user id": "1269716682",
            "user name": "掉进水里的Jack_DropJack",
            "content": "事儿姐俨然已经变成了恐怖分子第一个媒体………哈哈哈哈",
            "time": "15-11-21 13:33"
        },
        {
            "comment id": 30,
            "parent": -1,
            "children": [],
            "user id": "1091883594",
            "user name": "今天华西倒闭了吗",
            "content": "回复@能年驼背母猴子的长颈鹿:你要想想is是怎么出现的，还不是民主斗士内战出现的",
            "time": "15-11-21 12:51"
        },
        {
            "comment id": 31,
            "parent": -1,
            "children": [],
            "user id": "2523290505",
            "user name": "乡下人的甜酒",
            "content": "回复@窟叶_1204Mario27岁生日快乐:是的@平安南京 官方辟谣了【摸摸~】",
            "time": "15-11-21 11:35"
        },
        {
            "comment id": 32,
            "parent": -1,
            "children": [],
            "user id": "2523290505",
            "user name": "乡下人的甜酒",
            "content": "回复@多了个多呀:@平安南京 发了最新的辟谣，【摸摸~，不怕哟",
            "time": "15-11-21 11:34"
        },
        {
            "comment id": 33,
            "parent": -1,
            "children": [],
            "user id": "2523290505",
            "user name": "乡下人的甜酒",
            "content": "回复@被温柔秒杀的野兽:是的看了下@平安南京",
            "time": "15-11-21 11:33"
        },
        {
            "comment id": 34,
            "parent": -1,
            "children": [],
            "user id": "2523290505",
            "user name": "乡下人的甜酒",
            "content": "回复@小毅港澳代购:是的今天看了下@平安南京",
            "time": "15-11-21 11:32"
        },
        {
            "comment id": 35,
            "parent": -1,
            "children": [],
            "user id": "2523290505",
            "user name": "乡下人的甜酒",
            "content": "回复@Estherblinkkk:是的今天看了下@平安南京 辟谣",
            "time": "15-11-21 11:32"
        },
        {
            "comment id": 36,
            "parent": -1,
            "children": [],
            "user id": "2214223233",
            "user name": "佩小妞--逢考bi过过过",
            "content": "真是逼了🐶了～～",
            "time": "15-11-21 10:29"
        },
        {
            "comment id": 37,
            "parent": -1,
            "children": [],
            "user id": "5661857508",
            "user name": "Pessimismus",
            "content": "圣战，真可笑，你的主愿意看到你们这样吗，祝和平",
            "time": "15-11-21 10:24"
        },
        {
            "comment id": 38,
            "parent": -1,
            "children": [],
            "user id": "1282093475",
            "user name": "能年驼背母猴子的长颈鹿",
            "content": "回复@小澍澍宝:包子做人是有够低调的，里程数快可以换黑金卡了",
            "time": "15-11-21 10:21"
        },
        {
            "comment id": 39,
            "parent": -1,
            "children": [],
            "user id": "2564120063",
            "user name": "尊龙的太太",
            "content": "回复@能年驼背母猴子的长颈鹿:维尼一直秉持低调做人的风格，说中国预付俄罗斯900多亿石油款连个水漂都没见着的，这不是在叙利亚听见响了？你以为中国那么傻 你的脑瓜子和国家智囊团的脑瓜子是一回事？",
            "time": "15-11-21 10:15"
        },
        {
            "comment id": 40,
            "parent": -1,
            "children": [],
            "user id": "1786690187",
            "user name": "喝汤用调羹",
            "content": "谁说中国逃避大国责任不关心恐怖主义蔓延了？我们打击新疆暴恐分子东突势力不是打击恐怖主义？我们派出维和部队协助联合国维护世界和平不是打击恐怖主义？我们派出军舰护送商船过索马里不是打击恐怖主义？打击恐怖主义不是跟在美国屁股后头帮他擦屁股，这种事我们不干",
            "time": "15-11-21 10:12"
        },
        {
            "comment id": 41,
            "parent": -1,
            "children": [],
            "user id": "5705403946",
            "user name": "短腿儿胖大海",
            "content": "死了三个中国人，分别是中国铁建的总经理，副总经理，中国铁建西非集团的总经理",
            "time": "15-11-21 09:43"
        },
        {
            "comment id": 42,
            "parent": -1,
            "children": [],
            "user id": "1786860930",
            "user name": "开心招待所-",
            "content": "回复@抱着薯片片打滚:新闻是假的 已经排除了",
            "time": "15-11-21 09:41"
        },
        {
            "comment id": 43,
            "parent": -1,
            "children": [],
            "user id": "1923172983",
            "user name": "徐清二不二",
            "content": "@FinnnnnX 离你那里近吗",
            "time": "15-11-21 09:19"
        },
        {
            "comment id": 44,
            "parent": -1,
            "children": [],
            "user id": "1689258532",
            "user name": "绝世猛男陈伟霆",
            "content": "回复@熊伱:别提昆明火车站那事了、那事发生的前一天我还在火车站晃荡、😂有幸逃过一劫",
            "time": "15-11-21 08:56"
        },
        {
            "comment id": 45,
            "parent": -1,
            "children": [],
            "user id": "1778062090",
            "user name": "YeungisHere_",
            "content": "回复@王英英最美腻:死了三个中国人了",
            "time": "15-11-21 08:44"
        },
        {
            "comment id": 46,
            "parent": -1,
            "children": [],
            "user id": "3720969725",
            "user name": "王英英最美腻",
            "content": "回复@-YeungisHere:一大早俺就看见啦😯😯😯还是国内安全，你努力考个清华就够😆😆😆",
            "time": "15-11-21 08:39"
        },
        {
            "comment id": 47,
            "parent": -1,
            "children": [],
            "user id": "1748072203",
            "user name": "七个小橘砸",
            "content": "回复@兴与光:",
            "time": "15-11-21 08:37"
        },
        {
            "comment id": 48,
            "parent": -1,
            "children": [],
            "user id": "3083583417",
            "user name": "天狗国际",
            "content": "回复@七七的咩咩:不知诶",
            "time": "15-11-21 08:31"
        },
        {
            "comment id": 49,
            "parent": -1,
            "children": [],
            "user id": "1748072203",
            "user name": "七个小橘砸",
            "content": "回复@兴与光:又是is？",
            "time": "15-11-21 08:31"
        },
        {
            "comment id": 50,
            "parent": -1,
            "children": [],
            "user id": "5230529846",
            "user name": "杰妮王八",
            "content": "回复@能年驼背母猴子的长颈鹿:你思想境界非常不错 建议你去恐袭过的地方当个志愿者 而且看来你想得也特别有深度 美国爹多有责任担当 你不如顺便移个民",
            "time": "15-11-21 08:28"
        },
        {
            "comment id": 51,
            "parent": -1,
            "children": [],
            "user id": "1842701237",
            "user name": "三三还在山上",
            "content": "真的丧心病狂了",
            "time": "15-11-21 08:26"
        },
        {
            "comment id": 52,
            "parent": -1,
            "children": [],
            "user id": "1238678015",
            "user name": "布美丽",
            "content": "這樣反人類真的好麽？去你媽的政治正確，應該滅了這個雜種之族",
            "time": "15-11-21 07:38"
        },
        {
            "comment id": 53,
            "parent": -1,
            "children": [],
            "user id": "2326091172",
            "user name": "Montickin",
            "content": "@JasonDaisx",
            "time": "15-11-21 06:09"
        },
        {
            "comment id": 54,
            "parent": -1,
            "children": [],
            "user id": "1946981471",
            "user name": "瘦溜_",
            "content": "回复@xxxGArielD:天啊",
            "time": "15-11-21 05:35"
        },
        {
            "comment id": 55,
            "parent": -1,
            "children": [],
            "user id": "1739159682",
            "user name": "邓祁祁Derrica",
            "content": "@SummerMs董 。。。哎@这货不是OTAKU",
            "time": "15-11-21 05:33"
        },
        {
            "comment id": 56,
            "parent": -1,
            "children": [],
            "user id": "2287520577",
            "user name": "reeeys",
            "content": "@Eleven_lfr",
            "time": "15-11-21 05:16"
        },
        {
            "comment id": 57,
            "parent": -1,
            "children": [],
            "user id": "2574374831",
            "user name": "Passingnotesinsecrecy",
            "content": "@贾阿糙 ",
            "time": "15-11-21 04:30"
        },
        {
            "comment id": 58,
            "parent": -1,
            "children": [],
            "user id": "2130492172",
            "user name": "让每个夜晚都充满希望的火焰",
            "content": "回复@又萌又傻又天真:我去！我邻居在南非！",
            "time": "15-11-21 04:26"
        },
        {
            "comment id": 59,
            "parent": -1,
            "children": [],
            "user id": "1780211481",
            "user name": "Kareem小普普",
            "content": "看成了马德里",
            "time": "15-11-21 03:54"
        },
        {
            "comment id": 60,
            "parent": -1,
            "children": [],
            "user id": "1949828421",
            "user name": "Carly的小小窝",
            "content": "尼瑪自己死還要拉墊背的到底是神馬混蛋邏輯啊！",
            "time": "15-11-21 03:36"
        },
        {
            "comment id": 61,
            "parent": -1,
            "children": [],
            "user id": "1876611641",
            "user name": "会看脸-会干饭-会写功课",
            "content": "马里在哪？",
            "time": "15-11-21 03:29"
        },
        {
            "comment id": 62,
            "parent": -1,
            "children": [],
            "user id": "1742473055",
            "user name": "Q名叫胡仙儿",
            "content": "抓isis到浸猪油里。然后让女人折磨他并且杀死他。这是对isis最好的报答。",
            "time": "15-11-21 03:26"
        },
        {
            "comment id": 63,
            "parent": -1,
            "children": [],
            "user id": "2309009915",
            "user name": "不想吃芋泥咸蛋黄啊啊啊",
            "content": "@Chloe温度21",
            "time": "15-11-21 03:22"
        },
        {
            "comment id": 64,
            "parent": -1,
            "children": [],
            "user id": "1995807253",
            "user name": "衣柜里有鬼",
            "content": "@让每个夜晚都充满希望的火焰",
            "time": "15-11-21 03:20"
        },
        {
            "comment id": 65,
            "parent": -1,
            "children": [],
            "user id": "2175845237",
            "user name": "于搓板",
            "content": "希望不会有无辜的人遇害，祈祷祈祷祈祷。",
            "time": "15-11-21 03:10"
        },
        {
            "comment id": 66,
            "parent": -1,
            "children": [],
            "user id": "1304761793",
            "user name": "tinkal221",
            "content": "有的微博评论真是的太令人无语了，简直毁三观，别人旅游遇到这种事，谁都想不到啊，说什么谁让你有钱，出去玩，活该，之类的话，估计这些人也就躺在出租房里当键盘侠了。😥",
            "time": "15-11-21 03:06"
        },
        {
            "comment id": 67,
            "parent": -1,
            "children": [],
            "user id": "5488130138",
            "user name": "huier1218",
            "content": "恐怖分子真是可恶，找死前让那么多无辜的人陪葬，可恶至极！！！",
            "time": "15-11-21 03:02"
        },
        {
            "comment id": 68,
            "parent": -1,
            "children": [],
            "user id": "1962778863",
            "user name": "鱼游走在光怪陆离",
            "content": "晚上比利时电视报道说有7名中国人，一共有140人住客和30名工作人员被劫持，已经有三人被杀害，一个法国人和两个马里人。我只想老天能开开眼劈死这群混蛋吗？",
            "time": "15-11-21 03:01"
        },
        {
            "comment id": 69,
            "parent": -1,
            "children": [],
            "user id": "1650813444",
            "user name": "Neverif_大大大大大大大大大大IF",
            "content": "回复@HannahNaNaaa:这个不是isis吧",
            "time": "15-11-21 02:49"
        },
        {
            "comment id": 70,
            "parent": -1,
            "children": [],
            "user id": "1509484080",
            "user name": "皮卡皮卡乔",
            "content": "回复@Asma-1231:我知道也同情你们。由于is导致很多人对你们误解。可能也是他们的目的吧，让世人互相猜疑仇恨。我认识很多伊斯兰教的同学，埃及，阿曼的。他们都是很好的人，至少对我是宽容善良热心的。怎么说呢，什么人都有，不能以偏概全。抱抱，希望大家都幸福安乐。",
            "time": "15-11-21 02:43"
        },
        {
            "comment id": 71,
            "parent": -1,
            "children": [],
            "user id": "1742150873",
            "user name": "杯具的ISA",
            "content": "回复@能年驼背母猴子的长颈鹿:你这是对在国内的反恐战士真正的不尊重。",
            "time": "15-11-21 01:57"
        },
        {
            "comment id": 72,
            "parent": -1,
            "children": [],
            "user id": "3570355091",
            "user name": "爱追剧的海兽",
            "content": "这年头 呆在哪 才安全呢",
            "time": "15-11-21 01:54"
        },
        {
            "comment id": 73,
            "parent": -1,
            "children": [],
            "user id": "2054875407",
            "user name": "淡淡似水d",
            "content": "回复@澳洲风云:天哪，你竟然还是一个天主教徒！上帝拯救你！",
            "time": "15-11-21 01:47"
        },
        {
            "comment id": 74,
            "parent": -1,
            "children": [],
            "user id": "2566436707",
            "user name": "StarlightxStarlight",
            "content": "虚伪的政治家为自己的权利欲望不择手段丧尽天良。ISIS和西方国家都是一样",
            "time": "15-11-21 01:46"
        },
        {
            "comment id": 75,
            "parent": -1,
            "children": [],
            "user id": "2054875407",
            "user name": "淡淡似水d",
            "content": "回复@澳洲风云:你嘴巴好臭呀",
            "time": "15-11-21 01:45"
        },
        {
            "comment id": 76,
            "parent": -1,
            "children": [],
            "user id": "1870210633",
            "user name": "一个孤独的旅行患者",
            "content": "回复@抱着薯片片打滚:已经辟谣了",
            "time": "15-11-21 01:19"
        },
        {
            "comment id": 77,
            "parent": -1,
            "children": [],
            "user id": "1691814927",
            "user name": "被温柔秒杀的野兽",
            "content": "回复@抱着薯片片打滚:假的，刚辟谣！",
            "time": "15-11-21 01:12"
        },
        {
            "comment id": 78,
            "parent": -1,
            "children": [],
            "user id": "3570355091",
            "user name": "爱追剧的海兽",
            "content": "这年头 呆在哪 才安全呢",
            "time": "15-11-21 01:12"
        },
        {
            "comment id": 79,
            "parent": -1,
            "children": [],
            "user id": "1578894142",
            "user name": "NUT-PBUNI",
            "content": "又来了@詩玲葉",
            "time": "15-11-21 01:11"
        }
    ]
}