{
    "source": {
        "content": "我希望你毕业后，先去你想去的地方，再去你该去的地方。我希望你能在最好的时光里，做最心甘情愿的事。——尹文思《因为有梦 所以远方》 ",
        "time": "15-11-20 19:00",
        "user id": "1757353251",
        "tweet id": "D4KKjfaSE",
        "label": 0,
        "theme": "文体娱乐"
    },
    "comment": [
        {
            "comment id": 0,
            "parent": -1,
            "children": [],
            "user id": "3025412551",
            "user name": "谦谦小白狼",
            "content": "转给你@渣团老肠粉",
            "time": "15-11-22 20:42"
        },
        {
            "comment id": 1,
            "parent": -1,
            "children": [],
            "user id": "1164613855",
            "user name": "长大的韦凯",
            "content": "受制的太多，也该为自己做点什么了",
            "time": "15-11-21 17:32"
        },
        {
            "comment id": 2,
            "parent": -1,
            "children": [],
            "user id": "2822705221",
            "user name": "南墙有梦",
            "content": "回复@gungun_:减肥旅游吃大餐一样都没有",
            "time": "15-11-21 15:44"
        },
        {
            "comment id": 3,
            "parent": -1,
            "children": [],
            "user id": "2095907074",
            "user name": "FionaSUESUESUE",
            "content": "回复@HELLO-温小玉:原来",
            "time": "15-11-21 13:48"
        },
        {
            "comment id": 4,
            "parent": -1,
            "children": [],
            "user id": "2805974503",
            "user name": "gungun_",
            "content": "@周周zhou_",
            "time": "15-11-21 13:35"
        },
        {
            "comment id": 5,
            "parent": -1,
            "children": [],
            "user id": "1779047897",
            "user name": "LL花生牛奶",
            "content": "回复@浅蓝色flora:我们在甬江边拍的那张和这张好像啊",
            "time": "15-11-21 13:12"
        },
        {
            "comment id": 6,
            "parent": -1,
            "children": [],
            "user id": "1959311127",
            "user name": "浅蓝色flora",
            "content": "回复@凌璐花生牛奶:啥照片",
            "time": "15-11-21 13:08"
        },
        {
            "comment id": 7,
            "parent": -1,
            "children": [],
            "user id": "1779047897",
            "user name": "LL花生牛奶",
            "content": "@浅蓝色flora 照片！",
            "time": "15-11-21 13:07"
        },
        {
            "comment id": 8,
            "parent": -1,
            "children": [],
            "user id": "1960800270",
            "user name": "HELLO-温小玉",
            "content": "回复@shallshall-SUE:左边第一个？敖犬",
            "time": "15-11-21 12:36"
        },
        {
            "comment id": 9,
            "parent": -1,
            "children": [],
            "user id": "3006312711",
            "user name": "感受风吹过脸颊",
            "content": "转发微博",
            "time": "15-11-21 11:21"
        },
        {
            "comment id": 10,
            "parent": -1,
            "children": [],
            "user id": "1931921895",
            "user name": "-薯饼",
            "content": "回复@pinky-xie:",
            "time": "15-11-21 10:42"
        },
        {
            "comment id": 11,
            "parent": -1,
            "children": [],
            "user id": "5506655495",
            "user name": "cheelzx",
            "content": "我也这么希望",
            "time": "15-11-21 08:01"
        },
        {
            "comment id": 12,
            "parent": -1,
            "children": [],
            "user id": "2145452603",
            "user name": "蔡梓信",
            "content": "...",
            "time": "15-11-21 02:15"
        },
        {
            "comment id": 13,
            "parent": -1,
            "children": [],
            "user id": "2268962010",
            "user name": "-GIGICHEUNG",
            "content": "回复@pinky-xie:年少轻狂",
            "time": "15-11-21 02:10"
        },
        {
            "comment id": 14,
            "parent": -1,
            "children": [],
            "user id": "2045820495",
            "user name": "一块吐司儿",
            "content": "@-GIGICHEUNG @-薯饼 @张敬诚 @细超_",
            "time": "15-11-21 02:09"
        },
        {
            "comment id": 15,
            "parent": -1,
            "children": [],
            "user id": "1944165731",
            "user name": "孙贰十一",
            "content": "回复@黄散漫:小本生意 概不赊账",
            "time": "15-11-20 23:08"
        },
        {
            "comment id": 16,
            "parent": -1,
            "children": [],
            "user id": "5179582596",
            "user name": "_iiVcky",
            "content": "@best丶dream",
            "time": "15-11-20 22:59"
        },
        {
            "comment id": 17,
            "parent": -1,
            "children": [],
            "user id": "5277883967",
            "user name": "黄散漫",
            "content": "回复@南关口大表哥:好 从你那拿票 记我账",
            "time": "15-11-20 22:55"
        },
        {
            "comment id": 18,
            "parent": -1,
            "children": [],
            "user id": "2565990050",
            "user name": "Ciao-_",
            "content": "回复@师师大汪:不约、",
            "time": "15-11-20 22:41"
        },
        {
            "comment id": 19,
            "parent": -1,
            "children": [],
            "user id": "1944165731",
            "user name": "孙贰十一",
            "content": "回复@申申爱神游:是对的",
            "time": "15-11-20 22:36"
        },
        {
            "comment id": 20,
            "parent": -1,
            "children": [],
            "user id": "1944165731",
            "user name": "孙贰十一",
            "content": "回复@黄散漫:你请",
            "time": "15-11-20 22:36"
        },
        {
            "comment id": 21,
            "parent": -1,
            "children": [],
            "user id": "2095907074",
            "user name": "FionaSUESUESUE",
            "content": "第一個男的是誰啊",
            "time": "15-11-20 22:19"
        },
        {
            "comment id": 22,
            "parent": -1,
            "children": [],
            "user id": "5277883967",
            "user name": "黄散漫",
            "content": "回复@南关口大表哥:么时候一起去看个电影？",
            "time": "15-11-20 21:55"
        },
        {
            "comment id": 23,
            "parent": -1,
            "children": [],
            "user id": "3839084493",
            "user name": "宫崎桜子",
            "content": "回复@吴大怪-F:约吗",
            "time": "15-11-20 21:40"
        },
        {
            "comment id": 24,
            "parent": -1,
            "children": [],
            "user id": "2827371530",
            "user name": "陈阿瘦啊",
            "content": "回复@吴大怪-F:快减肥！",
            "time": "15-11-20 21:34"
        },
        {
            "comment id": 25,
            "parent": -1,
            "children": [],
            "user id": "2565990050",
            "user name": "Ciao-_",
            "content": "回复@陈阿瘦啊:我比你胖~",
            "time": "15-11-20 21:34"
        },
        {
            "comment id": 26,
            "parent": -1,
            "children": [],
            "user id": "2827371530",
            "user name": "陈阿瘦啊",
            "content": "回复@吴大怪-F:[淚][淚]带我飞嘛",
            "time": "15-11-20 21:33"
        },
        {
            "comment id": 27,
            "parent": -1,
            "children": [],
            "user id": "2565990050",
            "user name": "Ciao-_",
            "content": "回复@陈阿瘦啊:啊~毕业狗",
            "time": "15-11-20 21:32"
        },
        {
            "comment id": 28,
            "parent": -1,
            "children": [],
            "user id": "2827371530",
            "user name": "陈阿瘦啊",
            "content": "回复@吴大怪-F:啊～ 文艺🐶",
            "time": "15-11-20 21:31"
        },
        {
            "comment id": 29,
            "parent": -1,
            "children": [],
            "user id": "2565990050",
            "user name": "Ciao-_",
            "content": "@陈阿瘦啊 @师师大汪 @再见我是桃子桃子",
            "time": "15-11-20 21:30"
        },
        {
            "comment id": 30,
            "parent": -1,
            "children": [],
            "user id": "2191694634",
            "user name": "叶新叶夏",
            "content": "回复@没有毛的熊熊熊:可往往不如人意",
            "time": "15-11-20 21:16"
        },
        {
            "comment id": 31,
            "parent": -1,
            "children": [],
            "user id": "1885243712",
            "user name": "申申爱神游",
            "content": "回复@南关口大表哥:鸡汤",
            "time": "15-11-20 21:05"
        },
        {
            "comment id": 32,
            "parent": -1,
            "children": [],
            "user id": "3949680891",
            "user name": "happy扬呀",
            "content": "@樂白薇 @草籽cs @路KF @你说啥呢mq @窝只想好好的 @卟下雪旳冬 @放晴ii @cheelzx",
            "time": "15-11-20 20:59"
        },
        {
            "comment id": 33,
            "parent": -1,
            "children": [],
            "user id": "2123505973",
            "user name": "暮栎",
            "content": "@有生之年上白银 @北极熊国王 然而并不能。",
            "time": "15-11-20 20:55"
        },
        {
            "comment id": 34,
            "parent": -1,
            "children": [],
            "user id": "2898679265",
            "user name": "吃了我的生活",
            "content": "我还有机会吗？",
            "time": "15-11-20 20:46"
        },
        {
            "comment id": 35,
            "parent": -1,
            "children": [],
            "user id": "1653678111",
            "user name": "冰雪LC聪明",
            "content": "可惜我没有选择了",
            "time": "15-11-20 20:35"
        },
        {
            "comment id": 36,
            "parent": -1,
            "children": [],
            "user id": "3242341057",
            "user name": "我把你画成发",
            "content": "在最好的时光里，做最心甘情愿的事",
            "time": "15-11-20 20:23"
        },
        {
            "comment id": 37,
            "parent": -1,
            "children": [],
            "user id": "2681558323",
            "user name": "阿波罗野",
            "content": "图文强行不符",
            "time": "15-11-20 20:22"
        },
        {
            "comment id": 38,
            "parent": -1,
            "children": [],
            "user id": "5530566652",
            "user name": "婧翕是个小臭臭",
            "content": "会的",
            "time": "15-11-20 20:22"
        },
        {
            "comment id": 39,
            "parent": -1,
            "children": [],
            "user id": "5509659048",
            "user name": "木子柚子香",
            "content": "那些年",
            "time": "15-11-20 19:48"
        },
        {
            "comment id": 40,
            "parent": -1,
            "children": [],
            "user id": "2796798683",
            "user name": "不会霏",
            "content": "回复@脑袋撞了个包:可以有的",
            "time": "15-11-20 19:41"
        },
        {
            "comment id": 41,
            "parent": -1,
            "children": [],
            "user id": "5251320711",
            "user name": "脑袋撞了个包",
            "content": "回复@不会霏的女侠:我想去的地方就是出省😂😂😂",
            "time": "15-11-20 19:37"
        },
        {
            "comment id": 42,
            "parent": -1,
            "children": [],
            "user id": "2796798683",
            "user name": "不会霏",
            "content": "😂@脑袋撞了个包",
            "time": "15-11-20 19:32"
        },
        {
            "comment id": 43,
            "parent": -1,
            "children": [],
            "user id": "1993310564",
            "user name": "范一凡-",
            "content": "回复@南关口大表哥:正在…",
            "time": "15-11-20 19:23"
        },
        {
            "comment id": 44,
            "parent": -1,
            "children": [],
            "user id": "3793154363",
            "user name": "冇有一单反",
            "content": "去该去的地方，做自己喜欢的事",
            "time": "15-11-20 19:18"
        },
        {
            "comment id": 45,
            "parent": -1,
            "children": [],
            "user id": "2516196644",
            "user name": "此乃小蘑菇",
            "content": "毕业狗没钱怎么去T T",
            "time": "15-11-20 19:14"
        },
        {
            "comment id": 46,
            "parent": -1,
            "children": [],
            "user id": "1944165731",
            "user name": "孙贰十一",
            "content": "@范一凡- @申申爱神游 @黄散漫 @皮问 @_詹劲夫 @楊楊楊_k",
            "time": "15-11-20 19:12"
        },
        {
            "comment id": 47,
            "parent": -1,
            "children": [],
            "user id": "2013269370",
            "user name": "大橙子24678",
            "content": "我希望你娶了可以让所有人都满意，你恰巧也喜欢的人",
            "time": "15-11-20 19:09"
        },
        {
            "comment id": 48,
            "parent": -1,
            "children": [],
            "user id": "2335685195",
            "user name": "爱小叮当的酱饼君",
            "content": "选对一座城市，再努力留下来",
            "time": "15-11-20 19:08"
        },
        {
            "comment id": 49,
            "parent": -1,
            "children": [],
            "user id": "3090455403",
            "user name": "leeliyaeel",
            "content": "@來1瓶92年的娃哈哈",
            "time": "15-11-20 19:08"
        },
        {
            "comment id": 50,
            "parent": -1,
            "children": [],
            "user id": "3115802117",
            "user name": "微微要努力鸭",
            "content": "去了该去的地方，没有去想去的地方",
            "time": "15-11-20 19:08"
        },
        {
            "comment id": 51,
            "parent": -1,
            "children": [],
            "user id": "5089719590",
            "user name": "埃菲尔铁塔LHY",
            "content": "",
            "time": "15-11-20 19:07"
        },
        {
            "comment id": 52,
            "parent": -1,
            "children": [],
            "user id": "2639855761",
            "user name": "Lucky曼云520",
            "content": "毕业后就不着调的默默转走",
            "time": "15-11-20 19:06"
        },
        {
            "comment id": 53,
            "parent": -1,
            "children": [],
            "user id": "2214553954",
            "user name": "铁道旁的卖药郎",
            "content": "@西华师范大学法学院两委会 @西华师范大学 @西华师大时通社 @西华师大表白墙 @西华师范大学广播站 @西华师范大学学生会 @西华师范大学图书馆 @西华师范大学风华文学社 @西华师范大学团委秘书处 @西华师范大学新闻传播学院",
            "time": "15-11-20 19:03"
        },
        {
            "comment id": 54,
            "parent": -1,
            "children": [],
            "user id": "1865669972",
            "user name": "头发有些短",
            "content": "感同身受",
            "time": "15-11-20 19:01"
        },
        {
            "comment id": 55,
            "parent": -1,
            "children": [],
            "user id": "1770052191",
            "user name": "七神心说",
            "content": "当我想去的时候她在，当我想留下的时候她不在了，命运就是这么没法解释。",
            "time": "15-11-20 19:01"
        }
    ]
}